# source,实体 FREE (DI bit 5)
stamp,status,handoff_progress,model_alignment,model_scale_estimate,model_normalized_residual,model_excited_joints,model_direction_mismatches,model_validation_passed,settling,position_elfin_joint1,position_elfin_joint2,position_elfin_joint3,position_elfin_joint4,position_elfin_joint5,position_elfin_joint6,velocity_elfin_joint1,velocity_elfin_joint2,velocity_elfin_joint3,velocity_elfin_joint4,velocity_elfin_joint5,velocity_elfin_joint6,measured_effort_elfin_joint1,measured_effort_elfin_joint2,measured_effort_elfin_joint3,measured_effort_elfin_joint4,measured_effort_elfin_joint5,measured_effort_elfin_joint6,gravity_effort_elfin_joint1,gravity_effort_elfin_joint2,gravity_effort_elfin_joint3,gravity_effort_elfin_joint4,gravity_effort_elfin_joint5,gravity_effort_elfin_joint6,commanded_effort_elfin_joint1,commanded_effort_elfin_joint2,commanded_effort_elfin_joint3,commanded_effort_elfin_joint4,commanded_effort_elfin_joint5,commanded_effort_elfin_joint6,effective_scale_elfin_joint1,effective_scale_elfin_joint2,effective_scale_elfin_joint3,effective_scale_elfin_joint4,effective_scale_elfin_joint5,effective_scale_elfin_joint6
# event,1785224835.587266,ACTIVE,零力拖拽 ACTIVE；末端灯环应由固件进入蓝色零力示教状态
1785224835.5317304,1,0,0.99951978427027066,1.0164643257437325,0.030987107840382996,3,0,1,0,1.4838255014441106,0.41814977841555329,-1.0038513611999733,-0.94161929841322278,-2.2642007320822168,0.20570720335367931,0.00035610946322728857,0,-0.0014244378529091543,-0.0010683283896818657,0.0010683283896818657,0,-0.59734471403156819,-40.181387763856819,19.233394962716726,-4.1351799169840966,-1.726003987467958,0.27186143392352452,-3.4439724631736637e-15,-39.23303535684375,19.163683032588843,-5.3770770830736705,-1.3796553408089702,1.1442784486709203,-0.59734471403156819,-40.181387763856819,19.233394962716726,-4.1351799169840966,-1.726003987467958,0.27186143392352452,1,1.8307835762794629,1.7616246212198707,1,1,1
1785224835.5517304,1,0.0046719999999999999,0.99951978427027066,1.0164643257437325,0.030987107840382996,3,0,1,0,1.4838421132410091,0.41813031888204361,-1.0038580059187325,-0.94161028058062068,-2.2641978843456054,0.20570767797644784,0.0010683283896818657,0,0.00035610946322728857,0.00035610946322728857,-0.00035610946322728857,0,-1.0752204852568228,-40.340679687598573,19.329561937530311,-4.0390129421705128,-1.726003987467958,0.17070369106825958,-5.1664505113904913e-15,-39.232287534712704,19.163756795061591,-5.3770284422379024,-1.3795706921299604,1.1442709479906812,-0.59583591359523091,-40.17695356758626,19.232784725626857,-4.1411064716062125,-1.7243213514087579,0.27593733117324626,1,1.8307835762794629,1.7616246212198707,1,1,1
1785224835.5717304,1,0.018176000000000001,0.99951978427027066,1.0164643257437325,0.030987107840382996,3,0,1,0,1.4838535041874537,0.41812509803158976,-1.0038575312959641,-0.94161028058062068,-2.2641993082139114,0.20570767797644784,0,0,0,0,0,0,-0.75663663777331969,-40.659263535082076,19.233394962716726,-4.2313468917976804,-1.6880698338972338,0.44256512499178408,-2.2396913752808515e-15,-39.232074281064982,19.163764114619649,-5.377018946877647,-1.3795329279367941,1.1442712921168401,-0.58648737650933047,-40.164133041993594,19.232129352421715,-4.157751583191442,-1.7197065294899196,0.28771835550604624,1,1.8307835762794629,1.7616246212198707,1,1,1
1785224835.5917304,1,0.039744000000000008,0.99951978427027066,1.0164643257437325,0.030987107840382996,3,0,1,0,1.4838530295646852,0.41812272491774716,-1.00385563280489,-0.94161075520338922,-2.2641988335911427,0.20570815259921638,0,-0.00035610946322728857,0.00035610946322728857,0,0,0.00035610946322728857,-0.59734471403156819,-40.181387763856819,19.694996441821928,-4.4044474464621306,-1.6564580392549633,0.34140738213651917,-9.2158408335877285e-16,-39.231991938036458,19.16378204814605,-5.3770202132682474,-1.3794950647203317,1.1442726941160608,-0.57360384571709755,-40.143227644799545,19.230343379469446,-4.1845356177196136,-1.7122323368422763,0.30647044734523582,1,1.8307835762794629,1.7616246212198707,1,1,1
1785224835.6117303,1,0.068608000000000002,0.99951978427027066,1.0164643257437325,0.030987107840382996,3,0,1,0,1.4838535041874537,0.41810041764762629,-1.0038508865772047,-0.94161122982615775,-2.2641988335911427,0.20570815259921638,-0.00035610946322728857,-0.0017805473161364429,0.00035610946322728857,0,-0.00035610946322728857,0,-0.43805279028981664,-39.862803916373316,19.060294408052279,-4.0390129421705128,-1.6564580392549633,0.37301917677878943,-1.4819220879187306e-15,-39.231139968549854,19.163872413069051,-5.3770009631001816,-1.3792797955215619,1.1442761683536751,-0.5559347565354178,-40.114056506337036,19.228340272059917,-4.2203787753160293,-1.7021518344035187,0.33171606402330828,1,1.8307835762794629,1.7616246212198707,1,1,1
1785224835.6317303,1,0.10400000000000002,0.99951978427027066,1.0164643257437325,0.030987107840382996,3,0,1,0,1.4838587250379076,0.4180482091430881,-1.003846614972288,-0.94161122982615775,-2.2641983589683741,0.20570815259921638,0.00071221892645457715,-0.0028488757058183086,0.00035610946322728857,0.00035610946322728857,0,0,-0.59734471403156819,-40.181387763856819,19.521895887157477,-4.5006144212757144,-1.6880698338972338,0.34140738213651917,-2.5933953466523571e-15,-39.229128031912474,19.164065738301421,-5.3769570523143715,-1.3788313795815708,1.1442824364904107,-0.5360755264840309,-40.078934100887622,19.225899835806953,-4.2644493773705747,-1.6898980362477738,0.36259321819048068,1,1.8307835762794629,1.7616246212198707,1,1,1
1785224835.6517303,1,0.14515200000000003,0.99951978427027066,1.0164643257437325,0.030987107840382996,3,0,1,0,1.4838715398526579,0.41799647526131845,-1.0038428179901397,-0.94161122982615775,-2.2641983589683741,0.20570815259921638,0.00035610946322728857,-0.003204985169045597,0.00035610946322728857,0,0,-0.00035610946322728857,-0.43805279028981664,-40.340679687598573,19.521895887157477,-4.3082804716485468,-1.5869120910419687,0.41095333034951381,-6.5492298303847986e-16,-39.227128916589564,19.164251891447538,-5.3769122554860829,-1.3783928591760144,1.144288504288721,-0.51106626545633083,-40.039029201455428,19.223073820065277,-4.3154198493823372,-1.6755475369741257,0.39856006774455444,1,1.8307835762794629,1.7616246212198707,1,1,1
1785224835.6717303,1,0.19129600000000002,0.99951978427027066,1.0164643257437325,0.030987107840382996,3,0,1,0,1.4838933725000103,0.41790155070761265,-1.0038319016664636,-0.94161217907169481,-2.2641978843456054,0.20570862722198491,0.0014244378529091543,-0.006409970338091194,0.00071221892645457715,-0.00035610946322728857,0,0,-1.0752204852568228,-39.703511992631562,19.598829467008347,-3.7697454126924788,-1.726003987467958,0.41095333034951381,-4.1575595858144844e-15,-39.223476867678215,19.164609758041834,-5.376834096724818,-1.377551268368771,1.1443015092691724,-0.48478438503967708,-39.990451276655726,19.219666853062076,-4.3725787566396477,-1.6593463761151599,0.43875573057684558,1,1.8307835762794629,1.7616246212198707,1,1,1
1785224835.6917303,1,0.24166399999999999,0.99951978427027066,1.0164643257437325,0.030987107840382996,3,0,1,0,1.4839090350513717,0.41777197869180421,-1.0038081705280371,-0.94161312831723187,-2.2641969351000686,0.20570862722198491,0.00035610946322728857,-0.0074782987277730601,0.0017805473161364429,0,0,0,0,-39.703511992631562,19.425728912343896,-4.3082804716485468,-1.6564580392549633,0.44256512499178408,-4.0157184961609684e-16,-39.218523154555925,19.165130146736498,-5.3767186416092327,-1.3763325295567439,1.144319439716637,-0.45341533241571613,-39.939724092441402,19.215473376374774,-4.4352151313319057,-1.6415009842633024,0.48270312543551119,1,1.8307835762794629,1.7616246212198707,1,1,1
1785224835.7117305,1,0.29548800000000003,0.99951978427027066,1.0164643257437325,0.030987107840382996,3,0,1,0,1.4839109335424459,0.41758402807546674,-1.0037469441908968,-0.94161645067661159,-2.2641964604772999,0.20570910184475344,0.00035610946322728857,-0.010683283896818658,0.0046294230219547511,0.00035610946322728857,0.00035610946322728857,0,-0.11946894280631364,-39.862803916373316,18.964127433238694,-4.5006144212757144,-1.6880698338972338,0.51211107320477878,-2.7155682936506424e-15,-39.211415842676573,19.165964797922701,-5.3765371432517579,-1.3743507280702618,1.1443505739575848,-0.42126385052768173,-39.881952760134929,19.209766619764505,-4.502110719371605,-1.6221587688584325,0.52967150493390891,1,1.8307835762794629,1.7616246212198707,1,1,1
1785224835.7317305,1,0.35200000000000009,0.99951978427027066,1.0164643257437325,0.030987107840382996,3,0,1,0,1.48391283203352,0.41732820640322965,-1.0036444256728947,-0.94161739992214866,-2.264187442644698,0.2057100510902905,0,-0.015668816382000697,0.0056977514116366172,0,0.0010683283896818657,0.00035610946322728857,-0.59734471403156819,-40.181387763856819,18.867960458425109,-4.8660489255673323,-1.5869120910419687,0.58165702141777342,-9.6781482877452466e-16,-39.201874739474377,19.167235076322331,-5.3762838922888454,-1.3714714477569909,1.1443928856712444,-0.38707937469245646,-39.817796599615804,19.205548481576589,-4.5720485162913684,-1.6014008325998403,0.57892840523534106,1,1.8307835762794629,1.7616246212198707,1,1,1
1785224835.7517304,1,0.41043200000000002,0.99951978427027066,1.0164643257437325,0.030987107840382996,3,0,1,0,1.4839242229799645,0.41691623384014648,-1.003521972998614,-0.94161834916768572,-2.2641689323567253,0.20571100033582754,0.00071221892645457715,-0.024571552962682913,0.0049855324851820395,-0.00035610946322728857,0.00035610946322728857,0.00035610946322728857,-0.75663663777331969,-40.181387763856819,19.425728912343896,-4.9622159003809161,-1.5553002963996985,0.7144265589153086,-2.2160008219685262e-15,-39.186395132872683,19.169167178472676,-5.3759193132607059,-1.3671529821391033,1.144455883872419,-0.35302999107390998,-39.743525084781524,19.203045398785729,-4.6442944305645684,-1.5787841513522065,0.62993801950156825,1,1.8307835762794629,1.7616246212198707,1,1,1
1785224835.7717304,1,0.4700160000000001,0.99951978427027066,1.0164643257437325,0.030987107840382996,3,0,1,0,1.4839356139264093,0.41632912547547613,-1.0034707137396131,-0.94161977303599131,-2.264163236883503,0.20571147495859607,0.00071221892645457715,-0.034898727396274282,0.00035610946322728857,0,0.00035610946322728857,0.00035610946322728857,0.31858384748350305,-39.862803916373316,19.329561937530311,-4.8660489255673323,-1.5869120910419687,0.81558430177057351,-5.8284685912363636e-15,-39.163743576344004,19.171331609269242,-5.3754261299863293,-1.3620763899640043,1.1445273498006356,-0.31743780363305479,-39.661200240543266,19.20393930601217,-4.7181154810345545,-1.5550162935029206,0.6819642773370399,1,1.8307835762794629,1.7616246212198707,1,1,1
1785224835.7917304,1,0.52998400000000001,0.99951978427027066,1.0164643257437325,0.030987107840382996,3,0,1,0,1.483947004872854,0.41552701299666217,-1.0034726122306872,-0.94162024765875985,-2.2641551682964378,0.20571147495859607,0.00071221892645457715,-0.04166480719759276,0,0,0,-0.00035610946322728857,0.31858384748350305,-39.384928145148059,19.598829467008347,-4.5006144212757144,-1.5869120910419687,0.68281476427303833,-3.9627168674894624e-15,-39.132542160696751,19.174042336407151,-5.3748002995260613,-1.3557118123935599,1.1446146310462013,-0.28161623582200918,-39.575518607074521,19.201939020414674,-4.7921588858052173,-1.5297550593533282,0.73447076405077016,1,1.8307835762794629,1.7616246212198707,1,1,1
1785224835.8117304,1,0.58956800000000009,0.99951978427027066,1.0164643257437325,0.030987107840382996,3,0,1,0,1.4839612435559097,0.41460149859803069,-1.0034683406257703,-0.94162119690429691,-2.2641523205598268,0.2057119495813646,0.0010683283896818657,-0.052704200557638706,0.00035610946322728857,-0.00035610946322728857,0.00035610946322728857,0,-0.27876086654806514,-38.747760450181055,19.329561937530311,-4.5967813960892983,-1.3845966053314389,0.81558430177057351,-4.953843096130931e-15,-39.096476628581101,19.17712208708905,-5.3740489917540426,-1.3483472114383255,1.1447145989821357,-0.24645137973702572,-39.478513834985421,19.199933388408084,-4.8654528413459346,-1.5034137370411005,0.78646772874079973,1,1.8307835762794629,1.7616246212198707,1,1,1
1785224835.8317304,1,0.64800000000000013,0.99951978427027066,1.0164643257437325,0.030987107840382996,3,0,1,0,1.4839887716764846,0.41339405827489301,-1.0034650182663907,-0.94162119690429691,-2.2641499474459841,0.2057119495813646,0.0014244378529091543,-0.062319156064775498,0.00035610946322728857,-0.00035610946322728857,0,0,-0.27876086654806514,-38.11059275521405,19.791163416635513,-4.5006144212757144,-1.4857543481867037,0.9546761981965628,-3.2974734968561085e-15,-39.049357518828437,19.181097301642343,-5.3730517451859994,-1.3387664538571447,1.1448412681814626,-0.21197466476260504,-39.373049177800695,19.199221190769943,-4.9371962233467999,-1.4750740656881509,0.83755236652266851,1,1.8307835762794629,1.7616246212198707,1,1,1
1785224835.8517303,1,0.70451200000000003,0.99951978427027066,1.0164643257437325,0.030987107840382996,3,0,1,0,1.4840267414979669,0.41206606376854893,-1.0034370155230474,-0.94162167152706544,-2.2641504220687527,0.20571242420413313,0.0021366567793637313,-0.074070768351276017,0.0028488757058183086,0,0,-0.00035610946322728857,0.31858384748350305,-38.588468526439307,19.060294408052279,-4.9622159003809161,-1.4225307589021632,0.98628799283883317,-3.5565681070452344e-15,-38.997520462113137,19.185489341713389,-5.3719178150511215,-1.3280483134578067,1.1449813598660903,-0.17907218299499897,-39.258454121349246,19.197365777287771,-5.0064766070270927,-1.4456394396597183,0.88704899889255429,1,1.8307835762794629,1.7616246212198707,1,1,1
1785224835.8717303,1,0.75833600000000012,0.99951978427027066,1.0164643257437325,0.030987107840382996,3,0,1,0,1.4840756276431253,0.4104243436122072,-1.0033572788979346,-0.94162309539537103,-2.2641494728232154,0.20571289882690166,0.0028488757058183086,-0.086178490101003827,0.0046294230219547511,0.00035610946322728857,0,0,-0.43805279028981664,-38.907052373922809,19.425728912343896,-4.5006144212757144,-1.3213730160468982,0.84719609641284388,-2.9869425345237042e-15,-38.933495908276917,19.19102590764955,-5.3704736672516677,-1.3144272781288475,1.1451572820627585,-0.14777536381870907,-39.131652257542569,19.197561444555738,-5.0720722766991351,-1.4138905520145744,0.93411311421803878,1,1.8307835762794629,1.7616246212198707,1,1,1
1785224835.8917303,1,0.80870400000000009,0.99951978427027066,1.0164643257437325,0.030987107840382996,3,0,1,0,1.4841330569981173,0.40865115294898297,-1.0033026972795538,-0.94162546850921369,-2.2641489982004472,0.20571337344967019,0.0028488757058183086,-0.095081226681686046,0.0010683283896818657,-0.00035610946322728857,-0.00035610946322728857,0,-0.11946894280631364,-38.588468526439307,19.137227987903145,-5.1353164550453663,-1.4225307589021632,1.0558339410518278,-2.7693868743964023e-15,-38.864117927429838,19.196836346350409,-5.3689256777359384,-1.2999605111194399,1.1453411602839112,-0.11768830526236702,-39.002008906040949,19.202975200715073,-5.1327904103750246,-1.3813968242676251,0.97824798255007472,1,1.8307835762794629,1.7616246212198707,1,1,1
1785224835.9117303,2,0.85484799999999994,0.99951978427027066,1.0164643257437325,0.030987107840382996,3,0,1,0,1.4842047250361652,0.40660600343939163,-1.0033012734112481,-0.94162926549136194,-2.2641499474459841,0.20571432269520726,0.0039172040955001743,-0.10398396326236826,0,-0.00035610946322728857,0,0.00035610946322728857,0.15929192374175152,-39.066344297664557,18.867960458425109,-5.1353164550453663,-1.3213730160468982,0.9546761981965628,-2.4293955967275746e-15,-38.783741567871573,19.203252192922527,-5.3671725844768527,-1.2837603461581688,1.1455437277680924,-0.091406424845712486,-38.853864026071648,19.207627476243694,-5.1882217464928146,-1.3479528951815674,1.0186628957485846,1,1.8307835762794629,1.7616246212198707,1,1,1
1785224835.9317303,2,0.89600000000000013,0.99951978427027066,1.0164643257437325,0.030987107840382996,3,0,1,0,1.4842678498643795,0.40450152608373413,-1.0032998495429426,-0.94163306247351009,-2.2641499474459841,0.20571479731797579,0.0024927662425910197,-0.11324280930627777,0,-0.00035610946322728857,0,0,0.15929192374175152,-38.588468526439307,19.329561937530311,-5.3276504046725339,-1.4225307589021632,1.2581494267623576,-1.3336278426216658e-15,-38.700874042342917,19.209777267940087,-5.365347411901066,-1.2670804487358494,1.1457468885734707,-0.06511516975039347,-38.692470479600274,19.212233508196856,-5.2372853541175717,-1.3148084967639886,1.0548628012898764,1,1.8307835762794629,1.7616246212198707,1,1,1
1785224835.9517303,2,0.931392,0.99951978427027066,1.0164643257437325,0.030987107840382996,3,0,1,0,1.4843148375184638,0.40204345476552261,-1.0032998495429426,-0.94163306247351009,-2.2641494728232154,0.20571527194074432,0.0021366567793637313,-0.12392609320309642,-0.00035610946322728857,0,0,0,-0.59734471403156819,-38.11059275521405,19.060294408052279,-5.5969179341505679,-1.2518270678339036,1.0558339410518278,-4.6864197432882193e-15,-38.603871289540926,19.217292407665095,-5.3631646064691818,-1.2476168872092805,1.1459728345607798,-0.043546614275518619,-38.51553804156088,19.218682059332661,-5.2789150328929892,-1.2804380693838278,1.0860017995858589,1,1.8307835762794629,1.7616246212198707,1,1,1
1785224835.9717305,2,0.960256,0.99951978427027066,1.0164643257437325,0.030987107840382996,3,0,1,0,1.4843732161189931,0.39957589099194046,-1.0032979510518685,-0.94163448634181568,-2.2641494728232154,0.20571622118628136,0.0035610946322728858,-0.13033606354118762,0.00071221892645457715,0,0,-0.00035610946322728857,0.15929192374175152,-38.429176602697552,19.329561937530311,-5.058382875194499,-1.3213730160468982,1.2202152731916334,-3.8232870889775593e-15,-38.50626245845006,19.22471907327186,-5.360945583458208,-1.2280529939834077,1.1461946112173298,-0.02801418187320177,-38.35576323525634,19.224494112680794,-5.3122287528098608,-1.2478435582684577,1.1115092131223456,1,1.8307835762794629,1.7616246212198707,1,1,1
1785224835.9917305,2,0.98182400000000003,0.99951978427027066,1.0164643257437325,0.030987107840382996,3,0,1,0,1.4844610213311709,0.39683257138984301,-1.0032922555786461,-0.94163685945565834,-2.2641523205598268,0.20571717043181842,0.0049855324851820395,-0.14066323797477898,0,-0.00035610946322728857,-0.00035610946322728857,0,0.31858384748350305,-37.951300831472295,19.233394962716726,-4.9622159003809161,-1.1506693249786386,1.0874457356940981,-3.1215270037119958e-15,-38.397459229783344,19.232822732741376,-5.3584312425591554,-1.2062775513422115,1.1464334744468385,-0.016839976504459276,-38.179761553299365,19.232833133593406,-5.3360727881533734,-1.2156599993418522,1.1305372530382867,1,1.8307835762794629,1.7616246212198707,1,1,1
1785224836.0117304,2,0.9953280000000001,0.99951978427027066,1.0164643257437325,0.030987107840382996,3,0,1,0,1.4845758800411548,0.39410823669848666,-1.0032955779380257,-0.94163685945565834,-2.2641513713142896,0.20571764505458695,0.006409970338091194,-0.13710214334250609,0,0,0,0.00035610946322728857,-0.11946894280631364,-38.11059275521405,19.791163416635513,-5.4238173794861169,-1.2518270678339036,1.1569916839070926,-5.1809430737414667e-15,-38.289133901442419,19.240732615334593,-5.355902438432091,-1.1847037469666215,1.1466592735018664,-0.010482758909670013,-38.059247652791598,19.240698333821562,-5.3501992228118862,-1.1872327016902435,1.1425081182919754,1,1.8307835762794629,1.7616246212198707,1,1,1
1785224836.0317304,1,1,0.99951978427027066,1.0164643257437325,0.030987107840382996,3,0,1,0,1.4847078251708059,0.39120924082831171,-1.0032884585964978,-0.94163733407842687,-2.2641513713142896,0.20571764505458695,0.0056977514116366172,-0.14778542723932475,0.00071221892645457715,0,-0.00035610946322728857,0,0.15929192374175152,-37.792008907730548,19.233394962716726,-5.058382875194499,-1.2138929142631794,1.2202152731916334,-1.81864843040418e-15,-38.173576279862274,19.249012752810721,-5.3531563348417066,-1.1616563413924883,1.1468910327298285,-0.006837301693965717,-37.996233767175084,19.248442977669558,-5.3531563348417066,-1.1615922416891074,1.1468910327298285,1,1.8307835762794629,1.7616246212198707,1,1,1
1785224836.0517304,1,1,0.99951978427027066,1.0164643257437325,0.030987107840382996,3,0,1,0,1.4848212600124844,0.38822860984194979,-1.0032894078420349,-0.94163733407842687,-2.2641504220687527,0.20571764505458695,0.006409970338091194,-0.15526372596709781,0,0,0.00035610946322728857,0,-0.11946894280631364,-37.951300831472295,19.521895887157477,-5.4238173794861169,-1.0811233767656441,1.2581494267623576,-8.254101010150515e-16,-38.054419158907528,19.257340337402894,-5.3502944135818247,-1.1380120799895264,1.147118267671033,-0.0076919644057102093,-37.868102687747012,19.257340337402894,-5.3502944135818247,-1.1380761796929073,1.147118267671033,1,1.8307835762794629,1.7616246212198707,1,1,1
1785224836.0717304,1,1,0.99951978427027066,1.0164643257437325,0.030987107840382996,3,0,1,0,1.4849532051421355,0.38504294181958332,-1.003290357087572,-0.94163733407842687,-2.2641508966915214,0.20571764505458695,0.0067660798013184824,-0.15775649220968885,0,0,0,0,-0.27876086654806514,-38.429176602697552,19.329561937530311,-5.3276504046725339,-1.0811233767656441,1.1190575303363683,-2.0952157147431533e-15,-37.926683801339223,19.266037622305081,-5.3471779370915833,-1.1127373471606827,1.1473495783993033,-0.0081192957615842873,-37.737376010687598,19.266037622305081,-5.3471779370915833,-1.1127373471606827,1.1473495783993033,1,1.8307835762794629,1.7616246212198707,1,1,1
1785224836.0917304,1,1,0.99951978427027066,1.0164643257437325,0.030987107840382996,3,0,1,0,1.4850732847025732,0.38193321344018144,-1.0032856108598867,-0.94163733407842687,-2.2641508966915214,0.20571811967735548,0.0060538608748639056,-0.16345424362132546,0.00035610946322728857,0,0.00035610946322728857,0,-0.43805279028981664,-37.353956117440731,19.137227987903145,-5.1353164550453663,-1.1506693249786386,1.1569916839070926,-2.2749642174601726e-15,-37.801645230528074,19.274356066066872,-5.3440798496262643,-1.0880066758295104,1.1475649297863892,-0.0072646330498389068,-37.605500138182485,19.274071178496289,-5.3440798496262643,-1.0880707755328913,1.1475649297863892,1,1.8307835762794629,1.7616246212198707,1,1,1
1785224836.1117303,1,1,0.99951978427027066,1.0164643257437325,0.030987107840382996,3,0,1,0,1.4851928896402424,0.37845470316963264,-1.0032870347281924,-0.94163733407842687,-2.2641508966915214,0.20571811967735548,0.0056977514116366172,-0.1741375275181441,-0.00035610946322728857,0,0.00035610946322728857,0,0.15929192374175152,-36.876080346215474,19.233394962716726,-4.9622159003809161,-0.91041968569738441,1.1190575303363683,-3.8150034084129586e-15,-37.6613327851368,19.283419850941016,-5.3405592467337888,-1.0603843137758457,1.1477918622736514,-0.0068373016939677154,-37.45236775211503,19.283704738511599,-5.3405592467337888,-1.0604484134792267,1.1477918622736514,1,1.8307835762794629,1.7616246212198707,1,1,1
1785224836.1317303,1,1,0.99951978427027066,1.0164643257437325,0.030987107840382996,3,0,1,0,1.4852935096671707,0.37503267300853871,-1.003290357087572,-0.94163733407842687,-2.2641499474459841,0.20571811967735548,0.0053416419484093288,-0.17484974644459869,0,0,0.00035610946322728857,0,-0.11946894280631364,-37.353956117440731,19.233394962716726,-5.2314834298589501,-0.97996563391037905,1.2202152731916334,-1.4596931366204064e-15,-37.522862680339074,19.292109769757232,-5.3370380470465264,-1.0332082648218193,1.1480016495974001,-0.0064099703380926373,-37.313042984605552,19.292109769757232,-5.3370380470465264,-1.0332723645252002,1.1480016495974001,1,1.8307835762794629,1.7616246212198707,1,1,1
1785224836.1517303,1,1,0.99951978427027066,1.0164643257437325,0.030987107840382996,3,0,1,0,1.4854093176226917,0.3713709583493377,-1.0032846616143496,-0.9416378087011954,-2.2641504220687527,0.20571811967735548,0.0056977514116366172,-0.18304026409882632,0,-0.00035610946322728857,-0.00035610946322728857,0,-0.11946894280631364,-37.035372269957229,19.137227987903145,-5.2314834298589501,-0.91041968569738441,1.1569916839070926,-2.7125376249891951e-15,-37.374222632418515,19.301165702723182,-5.333188775664123,-1.004047971299634,1.1482119870849228,-0.0068373016939666052,-37.154574315499922,19.301165702723182,-5.3330641373519931,-1.003983871596253,1.1482119870849228,1,1.8307835762794629,1.7616246212198707,1,1,1
1785224836.1717303,1,1,0.99951978427027066,1.0164643257437325,0.030987107840382996,3,0,1,0,1.4855270240692868,0.36776192681744341,-1.0032803900094329,-0.94163733407842687,-2.2641499474459841,0.20571811967735548,0.0060538608748639056,-0.18802579658400836,0.00035610946322728857,0.00035610946322728857,0.00035610946322728857,0,0,-36.876080346215474,19.791163416635513,-5.5969179341505679,-0.97996563391037905,1.1886034785493631,-9.8973813540636821e-16,-37.227241681976778,19.309840418863697,-5.3293243218443589,-0.97530297571042479,1.1484032975015135,-0.0072646330498376856,-37.001610726075967,19.309555531293114,-5.3294489601564887,-0.97536707541380574,1.1484032975015135,1,1.8307835762794629,1.7616246212198707,1,1,1
1785224836.1917303,1,1,0.99951978427027066,1.0164643257437325,0.030987107840382996,3,0,1,0,1.4856423574020394,0.36380357292791177,-1.0032794407638959,-0.9416378087011954,-2.2641475743321413,0.20571811967735548,0.0053416419484093288,-0.19728464262791787,0,-0.00035610946322728857,0.00035610946322728857,0,-0.43805279028981664,-36.398204574990217,19.137227987903145,-4.8660489255673323,-0.97996563391037905,1.0558339410518278,-2.1417356926794918e-15,-37.065489034876592,19.319067811567322,-5.3250215625506998,-0.94377768605312362,1.1485971653638378,-0.0064099703380933034,-36.82874746372309,19.319067811567322,-5.32489692423857,-0.94384178575650457,1.1485971653638378,1,1.8307835762794629,1.7616246212198707,1,1,1
1785224836.2117305,1,1,0.99951978427027066,1.0164643257437325,0.030987107840382996,3,0,1,0,1.4857429774289677,0.35999092822831852,-1.0032780168955902,-0.94163828332396393,-2.2641437773499931,0.20571811967735548,0.0049855324851820395,-0.19799686155437243,0,0,0.00035610946322728857,0,-0.11946894280631364,-36.079620727506715,19.598829467008347,-5.5969179341505679,-1.0495115821233738,1.2202152731916334,-2.5845010090031302e-15,-36.909161771295643,19.32768004492943,-5.3208029230275393,-0.91338673242545299,1.1487672299534935,-0.0059826389822210009,-36.671565537430396,19.32768004492943,-5.3208029230275393,-0.91345083212883393,1.1487672299534935,1,1.8307835762794629,1.7616246212198707,1,1,1
1785224836.2317305,1,1,0.99951978427027066,1.0164643257437325,0.030987107840382996,3,0,1,0,1.4858426482103586,0.35583180890769911,-1.0032742199134419,-0.9416378087011954,-2.2641399803678453,0.20571859430012401,0.0049855324851820395,-0.2058312697453728,0,0.00035610946322728857,0,0.00035610946322728857,0.31858384748350305,-36.238912651248469,19.329561937530311,-5.2314834298589501,-0.91041968569738441,1.1569916839070926,-4.3486746766539546e-15,-36.738026558307936,19.33675406707351,-5.3161040950898784,-0.88020597698084635,1.1489329303060867,-0.0059826389822227773,-36.49102903461349,19.33675406707351,-5.3162287334020082,-0.88020597698084635,1.1488688306027057,1,1.8307835762794629,1.7616246212198707,1,1,1
1785224836.2517304,1,1,0.99951978427027066,1.0164643257437325,0.030987107840382996,3,0,1,0,1.4859456413511294,0.35175764706264639,-1.003276118404516,-0.94163733407842687,-2.2641281147986319,0.20571811967735548,0.0053416419484093288,-0.21330956847314586,-0.00035610946322728857,0.00035610946322728857,0.00071221892645457715,0,-0.27876086654806514,-35.44245303253971,19.694996441821928,-4.9622159003809161,-0.87880789105511414,1.1569916839070926,-4.1199838274060081e-15,-36.56983518667289,19.345371147658565,-5.3114450993213129,-0.84768998927067873,1.14907689011019,-0.0064099703380953018,-36.313863704505117,19.345656035229148,-5.3115697376334428,-0.84781818867744052,1.14907689011019,1,1.8307835762794629,1.7616246212198707,1,1,1
1785224836.2717304,1,1,0.99951978427027066,1.0164643257437325,0.030987107840382996,3,0,1,0,1.4860737894986322,0.34735741937561432,-1.0032732706679048,-0.94163685945565834,-2.2641001120552886,0.20571811967735548,0.0074782987277730601,-0.21829510095832788,0.00071221892645457715,0,0.0017805473161364429,0,0.47787577122525454,-35.601744956281465,19.329561937530311,-5.058382875194499,-0.87880789105511414,1.0178997874811033,-1.6797298336182488e-15,-36.387646947049518,19.354450636776985,-5.3063607691222741,-0.81243561566317235,1.1492146635614793,-0.0089739584733293364,-36.125692825899527,19.353880861635822,-5.3063607691222741,-0.81275611418007687,1.1492146635614793,1,1.8307835762794629,1.7616246212198707,1,1,1
1785224836.2948065,1,1,0.99951978427027066,1.0164643257437325,0.030987107840382996,3,0,1,0,1.4863115755056653,0.34204069512255275,-1.0032628289669974,-0.94163638483288981,-2.264024172412324,0.20571859430012401,0.013532159602636965,-0.23075893217128299,-0.00035610946322728857,0,0.006409970338091194,0,-0.27876086654806514,-35.761036880023212,19.137227987903145,-5.1353164550453663,-0.87880789105511414,1.1569916839070926,-2.643886628054661e-15,-36.166949737522216,19.365281187186064,-5.3002153880079659,-0.76953579368815495,1.1493608901995167,-0.01623859152316702,-35.890039018916674,19.365566074756646,-5.3002153880079659,-0.77068958834901136,1.1493608901995167,1,1.8307835762794629,1.7616246212198707,1,1,1
1785224836.3148065,1,1,0.99951978427027066,1.0164643257437325,0.030987107840382996,3,0,1,0,1.4866034685083107,0.33770216839542938,-1.0032775422728217,-0.94163543558735274,-2.2638210338673934,0.20571859430012401,0.017449363698137141,-0.23432002680355588,-0.0014244378529091543,-0.090807913122958578,0.014244378529091543,0,-0.27876086654806514,-35.761036880023212,19.233394962716726,-5.1353164550453663,-0.73971599462912485,1.0874457356940981,-3.8702979436966726e-15,-35.987256467522229,19.374849726739257,-5.2955926169116641,-0.73394447714978461,1.1494848498100338,-0.020939236437768453,-35.70607243535796,19.375989277021585,-5.2638098473186288,-0.73650846528502112,1.1494848498100338,1,1.8307835762794629,1.7616246212198707,1,1,1
1785224836.3348064,1,1,0.99951978427027066,1.0164643257437325,0.030987107840382996,3,0,1,0,1.4869969307834212,0.33294312589538938,-1.0032727960451364,-0.94163353709627862,-2.2634883233066549,0.20571859430012401,0.020298239403955448,-0.23253947948741943,0.00071221892645457715,0,0.017449363698137141,0.00035610946322728857,0,-35.44245303253971,19.233394962716726,-4.9622159003809161,-0.67649240534458421,1.1886034785493631,-4.6874576249306973e-15,-35.790340810671687,19.385883610048513,-5.2907469014110786,-0.69412894724086149,1.1496191852603788,-0.0243578872847512,-35.511293435286781,19.38531383490735,-5.2907469014110786,-0.69726983270652609,1.1495550855569978,1,1.8307835762794629,1.7616246212198707,1,1,1
1785224836.3548064,1,1,0.99951978427027066,1.0164643257437325,0.030987107840382996,3,0,1,0,1.4874710789291816,0.32796385843075193,-1.0032557096254693,-0.94163401171904715,-2.2631570366142215,0.20571811967735548,0.025995990815592066,-0.25141328103846572,-0.00035610946322728857,0,0.016381035308455274,-0.00035610946322728857,0,-35.601744956281465,19.791163416635513,-5.3276504046725339,-0.67649240534458421,1.2202152731916334,-3.5178957710341424e-15,-35.58333175401912,19.396830648920332,-5.2854850758253118,-0.65242857599269177,1.1497312807130025,-0.031195188978714032,-35.281635816772962,19.397115536490915,-5.2854850758253118,-0.65537716234821375,1.1497953804163834,1,1.8307835762794629,1.7616246212198707,1,1,1
1785224836.3748064,1,1,0.99951978427027066,1.0164643257437325,0.030987107840382996,3,0,1,0,1.4880031310527027,0.32304534268048618,-1.0032770676500531,-0.94163211322797302,-2.262724180649323,0.20571811967735548,0.028488757058183087,-0.25070106211201115,-0.00071221892645457715,0.00035610946322728857,0.025639881352364776,0.00035610946322728857,0.63716769496700609,-35.123869185056208,19.137227987903145,-5.3276504046725339,-0.5753346624893193,1.2202152731916334,-2.01784449145347e-15,-35.37883196906035,19.407998600269615,-5.2805489242029635,-0.6109556507003242,1.1498348597063321,-0.0341865084698217,-35.077990694525937,19.408568375410777,-5.2806735625150933,-0.61557082934374985,1.1497707600029512,1,1.8307835762794629,1.7616246212198707,1,1,1
1785224836.3948064,1,1,0.99951978427027066,1.0164643257437325,0.030987107840382996,3,0,1,0,1.4885778992253911,0.31818662939905507,-1.0032723214223678,-0.94163401171904715,-2.2621854838070425,0.20571811967735548,0.030981523300774104,-0.24998884318555659,0.00071221892645457715,-0.00035610946322728857,0.031693742227228684,0,0.15929192374175152,-34.96457726131446,19.598829467008347,-5.5969179341505679,-0.63855825177385994,1.1190575303363683,-3.5367432369959027e-15,-35.176961755049753,19.419536334833595,-5.2759028312182119,-0.56914006437604936,1.1499387012563473,-0.037177827960932476,-34.876975143227085,19.418966559692432,-5.2757781929060821,-0.57484493797695058,1.1499387012563473,1,1.8307835762794629,1.7616246212198707,1,1,1
1785224836.4148064,1,1,0.99951978427027066,1.0164643257437325,0.030987107840382996,3,0,1,0,1.4892252846816647,0.31292258827330022,-1.003267100571914,-0.94163543558735274,-2.2613995085023588,0.20571764505458695,0.032762070616910548,-0.2617404554720571,0,0.00035610946322728857,0.047006449146002091,0,0.15929192374175152,-34.486701490089203,19.694996441821928,-5.1353164550453663,-0.5753346624893193,1.0558339410518278,-1.2420923927370298e-15,-34.959037200659438,19.433218044941736,-5.2713960876691601,-0.52270818131135766,1.1500644875529764,-0.039314484740293879,-34.644948654092971,19.433218044941736,-5.27152072598129,-0.531169342157638,1.1500644875529764,1,1.8307835762794629,1.7616246212198707,1,1,1
1785224836.4348063,1,1,0.99951978427027066,1.0164643257437325,0.030987107840382996,3,0,1,0,1.4898987743902072,0.30755365551570052,-1.0032756437817476,-0.94163638483288981,-2.2602067814850453,0.20571669580904989,0.032762070616910548,-0.26031601761914797,0,-0.00035610946322728857,0.06801690747641212,0,-0.11946894280631364,-34.168117642605701,19.425728912343896,-4.8660489255673323,-0.63855825177385994,1.0558339410518278,-4.6224799912934961e-15,-34.739078202448567,19.449889485500403,-5.2679613725581991,-0.47329779653081749,1.1502460333091993,-0.03931448474029732,-34.426698981305591,19.449889485500403,-5.2678367342460692,-0.48554083987657154,1.1502460333091993,1,1.8307835762794629,1.7616246212198707,1,1,1
1785224836.4548063,1,1,0.99951978427027066,1.0164643257437325,0.030987107840382996,3,0,1,0,1.4905613477750737,0.30218329888979517,-1.0032727960451364,-0.94163970719226953,-2.2586300846479923,0.20571622118628136,0.032049851690455974,-0.2649454406411027,0.00035610946322728857,-0.00035610946322728857,0.081905176542276373,-0.00035610946322728857,0.15929192374175152,-34.645993413830951,19.598829467008347,-5.5007509593369841,-0.36669681785033542,1.2581494267623576,-2.7990480440133393e-15,-34.521334794498337,19.469248852889294,-5.2656284369692044,-0.42163141690575923,1.1504833346012953,-0.038459822028549945,-34.203400265729016,19.468963965318711,-5.2655037986570745,-0.43637434868336911,1.1505474343046762,1,1.8307835762794629,1.7616246212198707,1,1,1
1785224836.4748063,1,1,0.99951978427027066,1.0164643257437325,0.030987107840382996,3,0,1,0,1.4911755096375503,0.29736303005261489,-1.0032737452906735,-0.94164113106057512,-2.257176315107988,0.20571717043181842,0.035610946322728855,-0.26245267439851167,0,-0.00035610946322728857,0.076919644057094325,0,0.15929192374175152,-34.008825718863946,19.425728912343896,-5.4238173794861169,-0.40463097142105975,1.0178997874811033,-2.5500037735307542e-15,-34.32539662695379,19.486479020466085,-5.2635055594794364,-0.37502577025738582,1.1506783708889914,-0.042733135587277177,-34.010453417675578,19.486479020466085,-5.2633809211673066,-0.3888713061876628,1.1506783708889914,1,1.8307835762794629,1.7616246212198707,1,1,1
1785224836.4948063,1,1,0.99951978427027066,1.0164643257437325,0.030987107840382996,3,0,1,0,1.491982842966818,0.29173637713170392,-1.0032803900094329,-0.94164350417441778,-2.2557021367889369,0.20571717043181842,0.038103712565319879,-0.26138434600882982,-0.00035610946322728857,-0.00035610946322728857,0.065524141233821095,0.00035610946322728857,0,-34.327409566347448,19.694996441821928,-4.8660489255673323,-0.40463097142105975,1.1886034785493631,-3.8968533619696362e-15,-34.093810348604983,19.504145986116111,-5.2601162319666219,-0.32182391333055121,1.1508267004604826,-0.045724455078387738,-33.780149133394389,19.504430873686694,-5.2599915936544921,-0.33361825875263895,1.1507626007571017,1,1.8307835762794629,1.7616246212198707,1,1,1
1785224836.5148063,1,1,0.99951978427027066,1.0164643257437325,0.030987107840382996,3,0,1,0,1.4927346454321679,0.28669445946162064,-1.0032832377460441,-0.94164492804272337,-2.2543494618986295,0.20571669580904989,0.038459822028547162,-0.25568659459719317,-0.00035610946322728857,-0.00035610946322728857,0.077275753520321622,0,0.15929192374175152,-34.008825718863946,19.329561937530311,-5.058382875194499,-0.26553907499507046,1.1190575303363683,-1.8073137257325736e-15,-33.885670136028317,19.519730305738687,-5.2570091781088539,-0.2739046603450862,1.1509372137168947,-0.046151786434258373,-33.578846222511686,19.52001519330927,-5.2568845397967241,-0.28781429597874397,1.1509372137168947,1,1.8307835762794629,1.7616246212198707,1,1,1
1785224836.5348065,1,1,0.99951978427027066,1.0164643257437325,0.030987107840382996,3,0,1,0,1.493522519227926,0.28147123589395928,-1.0032832377460441,-0.9416454026654919,-2.2526479392734529,0.20571717043181842,0.039172040955001743,-0.25604270406042046,0,-0.00035610946322728857,0.083329614395185519,0.00035610946322728857,0.15929192374175152,-32.933605233607125,19.887330391449098,-4.9622159003809161,-0.26553907499507046,1.1569916839070926,-5.1907230586449361e-15,-33.67170799020014,19.537894878855319,-5.2545985950795782,-0.22253859213543642,1.1510895853882543,-0.047006449146007309,-33.364456745327637,19.537894878855319,-5.2544739567674483,-0.23753792272656976,1.1510254856848734,1,1.8307835762794629,1.7616246212198707,1,1,1
1785224836.5548065,1,1,0.99951978427027066,1.0164643257437325,0.030987107840382996,3,0,1,0,1.4942676769745165,0.27668608914165022,-1.0032927302014145,-0.9416454026654919,-2.2512459036152186,0.20571717043181842,0.04273313558727463,-0.25960379869269334,-0.0017805473161364429,0.00035610946322728857,0.069797454792548563,0.00035610946322728857,0,-33.570772928574129,19.598829467008347,-5.1353164550453663,-0.10115774285526494,1.1569916839070926,-2.5344167787605951e-15,-33.473574255175222,19.552746579707435,-5.2517353833920071,-0.17637553066410733,1.1511691982621308,-0.051279762704732106,-33.162049696743992,19.554171017560343,-5.2518600217041369,-0.18893907252676601,1.1511050985587499,1,1.8307835762794629,1.7616246212198707,1,1,1
1785224836.5748065,1,1,0.99951978427027066,1.0164643257437325,0.030987107840382996,3,0,1,0,1.4952544177102882,0.27127016872996607,-1.0033601266345458,-0.9416454026654919,-2.2498391217292983,0.20571622118628136,0.049855324851820398,-0.24678385801651098,-0.0024927662425910197,0,0.063387484454457368,0,0.31858384748350305,-34.008825718863946,19.521895887157477,-5.058382875194499,0.037934153570724355,1.1569916839070926,-2.0452304732561486e-15,-33.246876033999044,19.567474647115741,-5.2478256351302726,-0.12553190321972335,1.1511928785543244,-0.059826389822186472,-32.95073540437923,19.569468860109815,-5.2478256351302726,-0.13694165042152562,1.1511928785543244,1,1.8307835762794629,1.7616246212198707,1,1,1
1785224836.5948064,1,1,0.99951978427027066,1.0164643257437325,0.030987107840382996,3,0,1,0,1.4961794574861511,0.26682722499376638,-1.0033530072930177,-0.94164919964764016,-2.2486202904597161,0.20571622118628136,0.052704200557638706,-0.24535942016360182,0.0010683283896818657,-0.00035610946322728857,0.07122189264545771,0,-0.11946894280631364,-31.977853691156614,19.329561937530311,-5.4238173794861169,-0.20231548571052987,1.1190575303363683,-1.9333532120964361e-15,-33.060763509641632,19.579707155543598,-5.2446151549414362,-0.082914188321461565,1.151204730715391,-0.063245040669168334,-32.766332205445309,19.578852492831853,-5.2444905166293063,-0.095734128997643858,1.151204730715391,1,1.8307835762794629,1.7616246212198707,1,1,1
1785224836.6148064,1,1,0.99951978427027066,1.0164643257437325,0.030987107840382996,3,0,1,0,1.4972701406082307,0.26173025108253373,-1.0033615505028513,-0.94165204738425123,-2.2468243179036027,0.20571574656351282,0.054484747873775149,-0.24500331070037454,-0.0017805473161364429,0,0.099354540240413514,0,0,-31.977853691156614,19.791163416635513,-5.1353164550453663,-0.063223589284540582,1.1886034785493631,-3.5689001612627242e-15,-32.849845945075124,19.596627337204058,-5.2420799194818661,-0.031911429370930493,1.1512818428488854,-0.065381697448533727,-32.555841972234674,19.598051775056966,-5.2420799194818661,-0.04979524661420482,1.1512818428488854,1,1.8307835762794629,1.7616246212198707,1,1,1
1785224836.6348064,1,1,0.99951978427027066,1.0164643257437325,0.030987107840382996,3,0,1,0,1.4984111337437744,0.25683783958453704,-1.0034004695698706,-0.9416515727614827,-2.2447317061171583,0.20571574656351282,0.056621404653138883,-0.2364566835829196,-0.0010683283896818657,0,0.10042286863009538,0,0.31858384748350305,-32.933605233607125,19.521895887157477,-5.1353164550453663,-0.031611794642270291,1.1569916839070926,-1.5188590875779447e-15,-32.64975209193971,19.615517410482131,-5.2406996306823226,0.018889071126018633,1.1514136253842371,-0.067945685583768206,-32.366004071640205,19.616372073193876,-5.2406996306823226,0.00081295477260139677,1.1514136253842371,1,1.8307835762794629,1.7616246212198707,1,1,1
1785224836.6548064,1,1,0.99951978427027066,1.0164643257437325,0.030987107840382996,3,0,1,0,1.4996147770847639,0.25204225113132034,-1.003406165043093,-0.9416515727614827,-2.2427957198443287,0.20571574656351282,0.059470280358957191,-0.23467613626678316,-0.00035610946322728857,0,0.10077897809332266,0.00035610946322728857,-0.43805279028981664,-31.977853691156614,19.791163416635513,-5.2314834298589501,0,1.0874457356940981,-2.6604487454030885e-15,-32.451907953378871,19.63261960591036,-5.238761453609726,0.068353931144335398,1.1514915657967908,-0.071364336430751296,-32.170296589858729,19.632904493480943,-5.238761453609726,0.05021371508753722,1.1514274660934098,1,1.8307835762794629,1.7616246212198707,1,1,1
1785224836.6748064,1,1,0.99951978427027066,1.0164643257437325,0.030987107840382996,3,0,1,0,1.500732039081881,0.24777254470563367,-1.0034090127797042,-0.94165204738425123,-2.2406428309662814,0.20571574656351282,0.061250827675093635,-0.23004671324482842,-0.00071221892645457715,0,0.1182283417914598,0.00035610946322728857,-0.43805279028981664,-31.659269843673112,19.425728912343896,-5.058382875194499,0.107480101783719,1.0558339410518278,-2.3256820113343006e-15,-32.278802380230189,19.651109704059078,-5.238258794575974,0.11485595868834497,1.1516398359907114,-0.07350099321011469,-32.002746324336393,19.65167947920024,-5.238258794575974,0.093574857165882319,1.1515757362873305,1,1.8307835762794629,1.7616246212198707,1,1,1
1785224836.6948063,1,1,0.99951978427027066,1.0164643257437325,0.030987107840382996,3,0,1,0,1.502089460199874,0.24308327175256741,-1.0034227768399915,-0.94165347125255683,-2.2382924990165258,0.20571527194074432,0.064455812844139232,-0.22470507129641909,-0.00071221892645457715,0,0.11146226199014132,-0.00035610946322728857,0.15929192374175152,-31.022102148706107,19.964263971299964,-5.2314834298589501,0,1.2202152731916334,-3.5181641701089661e-15,-32.087912346763964,19.670892905371822,-5.2375215808503732,0.16581479918362496,1.1517805353887811,-0.077346975412970628,-31.818266261208262,19.671462680512985,-5.2375215808503732,0.14575159202539953,1.1518446350921621,1,1.8307835762794629,1.7616246212198707,1,1,1
1785224836.7148063,1,1,0.99951978427027066,1.0164643257437325,0.030987107840382996,3,0,1,0,1.5033657208244484,0.23846424296924346,-1.0034427109962698,-0.94165394587532536,-2.2359545072587519,0.20571574656351282,0.066592469623502959,-0.2211439766641462,-0.0017805473161364429,0,0.1182283417914598,0,-0.11946894280631364,-31.977853691156614,19.598829467008347,-5.1353164550453663,0.069545948212994646,1.1569916839070926,-2.3992061990601867e-15,-31.899414668300924,19.690163601244773,-5.2367079077497696,0.21613274708983227,1.1519034027307578,-0.079910963548205996,-31.634041896303948,19.691588039097681,-5.2367079077497696,0.19485164556736945,1.1519034027307578,1,1.8307835762794629,1.7616246212198707,1,1,1
1785224836.7348063,1,1,0.99951978427027066,1.0164643257437325,0.030987107840382996,3,0,1,0,1.5046566947548472,0.23424437193425235,-1.0034707137396131,-0.94165442049809389,-2.2334793495208736,0.20571574656351282,0.066236360160275676,-0.21544622525250959,0,-0.00035610946322728857,0.13104828246764219,0,0.15929192374175152,-31.818561767414863,20.060430946113549,-5.3276504046725339,0.30979558749424885,1.1569916839070926,-3.6478388506503992e-15,-31.729529994535284,19.710294344836399,-5.2368927218909462,0.26397390828896805,1.1520766422758231,-0.079483632192334466,-31.470994524232271,19.710294344836399,-5.2367680835788164,0.24038521744479247,1.1520766422758231,1,1.8307835762794629,1.7616246212198707,1,1,1
1785224836.7548063,1,1,0.99951978427027066,1.0164643257437325,0.030987107840382996,3,0,1,0,1.5059604834999962,0.23011990007573557,-1.0034664421346962,-0.94165584436639949,-2.2309135388342058,0.20571574656351282,0.067660798013184822,-0.21117291169378211,-0.00035610946322728857,0,0.1342532676366878,0,-0.11946894280631364,-31.181394072447858,20.252764895740714,-5.5007509593369841,0.30979558749424885,1.2202152731916334,-3.2668632812866327e-15,-31.564197401030714,19.730876454046157,-5.2373281617925214,0.31186099223350905,1.1522614456188383,-0.081192957615824998,-31.310789906998178,19.73116134161674,-5.2373281617925214,0.28769540405890515,1.1522614456188383,1,1.8307835762794629,1.7616246212198707,1,1,1
1785224836.7748065,1,1,0.99951978427027066,1.0164643257437325,0.030987107840382996,3,0,1,0,1.5073606206671568,0.22574909900035225,-1.0034854270454374,-0.94165536974363095,-2.2280876348703842,0.20571574656351282,0.0687291264028667,-0.20903625491441838,-0.0021366567793637313,0,0.13817047173218797,0,0.31858384748350305,-31.181394072447858,18.867960458425109,-4.9622159003809161,0.44256512499178408,1.1569916839070926,-2.6829826338116583e-15,-31.389354164867559,19.753251196325731,-5.2379861984260909,0.36306064820180367,1.1524649016434942,-0.082474951683442696,-31.138510658970258,19.754960521749222,-5.2379861984260909,0.33818996329000989,1.1524649016434942,1,1.8307835762794629,1.7616246212198707,1,1,1
1785224836.7948065,1,1,0.99951978427027066,1.0164643257437325,0.030987107840382996,3,0,1,0,1.50836302395429,0.22287288502306668,-1.0035096328066324,-0.94165536974363095,-2.2262631849481589,0.20571574656351282,0.073714658888048734,-0.20476294135569093,-0.0014244378529091543,0.00035610946322728857,0.12285776481341455,0,0,-30.544226377480854,19.791163416635513,-5.5969179341505679,0.30979558749424885,1.2202152731916334,-3.2961416393240977e-15,-31.273690662807361,19.767481335530757,-5.2382409585044245,0.39648522955015941,1.1525824463921106,-0.088457590665661806,-31.027975133180533,19.768620885813085,-5.2383655968165543,0.37437083188374493,1.1525824463921106,1,1.8307835762794629,1.7616246212198707,1,1,1
1785224836.8148065,1,1,0.99951978427027066,1.0164643257437325,0.030987107840382996,3,0,1,0,1.5103350815575278,0.21768051193535973,-1.003512955166012,-0.94165536974363095,-2.2233395086940204,0.20571574656351282,0.076207425130639758,-0.19906518994405431,-0.00035610946322728857,0.00035610946322728857,0.11003782413723216,0,-0.27876086654806514,-30.862810224964356,19.598829467008347,-4.8660489255673323,0.41095333034951381,1.2581494267623576,-3.2718759588845331e-15,-31.06106442138983,19.789596147624838,-5.2373152032722183,0.45510418219103038,1.1526839329672094,-0.091448910156770924,-30.822186193456965,19.789881035195421,-5.2374398415843482,0.43529737384632844,1.1526839329672094,1,1.8307835762794629,1.7616246212198707,1,1,1
1785224836.8348064,1,1,0.99951978427027066,1.0164643257437325,0.030987107840382996,3,0,1,0,1.5119051336758216,0.21354892073531501,-1.0035233968669197,-0.94165536974363095,-2.2212108255771681,0.20571479731797579,0.076563534593867041,-0.19799686155437243,-0.00071221892645457715,0,0.10540840111527741,0,-0.27876086654806514,-31.022102148706107,19.598829467008347,-5.5007509593369841,0.44256512499178408,1.2581494267623576,-2.9960200449653577e-15,-30.889608517897926,19.805135346973138,-5.2358356673492148,0.50059831719889369,1.1527000966735093,-0.091876241512643439,-30.652012284032679,19.805705122114301,-5.2358356673492148,0.48162480499814353,1.1527000966735093,1,1.8307835762794629,1.7616246212198707,1,1,1
1785224836.8548064,1,1,0.99951978427027066,1.0164643257437325,0.030987107840382996,3,0,1,0,1.5133570047247518,0.20977234736612996,-1.0035224476213827,-0.94165584436639949,-2.2192819586458663,0.20571432269520726,0.073714658888048734,-0.19123078175305397,0.00035610946322728857,0,0.086534599564231124,0,0.15929192374175152,-31.022102148706107,20.348931870554299,-5.1353164550453663,0.61326881606004369,1.0178997874811033,-3.4552362454225545e-15,-30.732279269366817,19.818891351184927,-5.2342966140527878,0.5421974144601488,1.1526954508957754,-0.088457590665661917,-30.502802331263151,19.818606463614344,-5.2342966140527878,0.52662118653858714,1.1526954508957754,1,1.8307835762794629,1.7616246212198707,1,1,1
1785224836.8748064,1,1,0.99951978427027066,1.0164643257437325,0.030987107840382996,3,0,1,0,1.5148791199434242,0.20583535150118215,-1.0035200745075399,-0.94165631898916802,-2.2177921177754536,0.20571432269520726,0.074426877814503314,-0.19123078175305397,0,0,0.0687291264028667,0,-0.11946894280631364,-30.544226377480854,20.060430946113549,-5.5969179341505679,0.48049927856250846,1.1569916839070926,-3.4625360565576121e-15,-30.563347820042061,19.828487811547511,-5.2310138875873529,0.58263378440657854,1.1525526297931896,-0.089312253377407419,-30.333870881938395,19.828487811547511,-5.2310138875873529,0.57026254165406276,1.1525526297931896,1,1.8307835762794629,1.7616246212198707,1,1,1
1785224836.8948064,1,1,0.99951978427027066,1.0164643257437325,0.030987107840382996,3,0,1,0,1.5163196000459096,0.20204074246679299,-1.0035262446035309,-0.94165489512086242,-2.2165229764924073,0.20571384807243873,0.073002439961594154,-0.19158689121628125,0,0,0.059114170895729901,0.00035610946322728857,-0.11946894280631364,-29.946881663449282,19.791163416635513,-4.9622159003809161,0.74603835355757886,1.0558339410518278,-3.5386963562044174e-15,-30.398667511208942,19.83603135860163,-5.2272584057793638,0.62059653314002072,1.1523593134941585,-0.08760292795391654,-30.168763241749403,19.83603135860163,-5.2272584057793638,0.60995598237878912,1.1522952137907776,1,1.8307835762794629,1.7616246212198707,1,1,1
1785224836.9148064,1,1,0.99951978427027066,1.0164643257437325,0.030987107840382996,3,0,1,0,1.5178341213002855,0.19824233645025563,-1.0035233968669197,-0.94165536974363095,-2.2154009682676046,0.20571384807243873,0.073714658888048734,-0.18268415463559903,0.00071221892645457715,-0.00035610946322728857,0.05484085733700244,0,0.15929192374175152,-30.066350606255597,19.887330391449098,-5.2314834298589501,0.7144265589153086,1.1569916839070926,-3.6568110627838256e-15,-30.232104920307624,19.842014959424436,-5.2229557632645305,0.65783976601224692,1.1521163670315193,-0.088457590665662139,-30.012883934744906,19.841445184283273,-5.2228311249524006,0.64796841169158659,1.1521163670315193,1,1.8307835762794629,1.7616246212198707,1,1,1
1785224836.9348063,1,1,0.99951978427027066,1.0164643257437325,0.030987107840382996,3,0,1,0,1.5192451747911222,0.19464469586480601,-1.0035162775253919,-0.94165631898916802,-2.2144892179292608,0.20571432269520726,0.071578002108685007,-0.18980634390014481,0,0,0.032762070616910548,0,0.31858384748350305,-29.946881663449282,19.791163416635513,-4.9622159003809161,0.81558430177057351,1.2202152731916334,-2.754100341959681e-15,-30.072648361904466,19.846120660077311,-5.2183430717760126,0.69229647731789168,1.1518362574793095,-0.085893602530424787,-29.844880749224291,19.846120660077311,-5.2183430717760126,0.68639930460684773,1.1518362574793095,1,1.8307835762794629,1.7616246212198707,1,1,1
1785224836.9548063,1,1,0.99951978427027066,1.0164643257437325,0.030987107840382996,3,0,1,0,1.5206505328087365,0.19089565061619565,-1.0035248207352252,-0.94165489512086242,-2.2141024003729095,0.20571384807243873,0.075139096740957881,-0.19372354799564498,-0.00071221892645457715,0,0.011039393360045946,0,0,-29.62829781596578,19.598829467008347,-5.3276504046725339,0.81558430177057351,1.1569916839070926,-3.4875319094267953e-15,-29.901274630223465,19.845342470063827,-5.2118100516443349,0.72485031548863521,1.1513949908826024,-0.090166916089152893,-29.668806372628691,19.845912245204989,-5.2118100516443349,0.72286322468382691,1.1513949908826024,1,1.8307835762794629,1.7616246212198707,1,1,1
1785224836.9748063,1,1,0.99951978427027066,1.0164643257437325,0.030987107840382996,3,0,1,0,1.5222485876703735,0.18704408684958304,-1.0035290923401421,-0.94165442049809389,-2.2140231383705653,0.20571337344967019,0.079768519762912632,-0.18446470195173548,0.00071221892645457715,0,0,0,-0.43805279028981664,-29.787589739707531,19.425728912343896,-5.2314834298589501,0.78397250712830324,1.1190575303363683,-2.6731000990345963e-15,-29.722053359009767,19.841531978557853,-5.2040775525010146,0.75650823704110726,1.1508498094894379,-0.095722223715497823,-29.500695716667686,19.840962203416691,-5.2040775525010146,0.75650823704110737,1.1508498094894379,1,1.8307835762794629,1.7616246212198707,1,1,1
1785224836.9948063,1,1,0.99951978427027066,1.0164643257437325,0.030987107840382996,3,0,1,0,1.5238124696926765,0.18336908275286321,-1.0035101074294008,-0.94165584436639949,-2.2140231383705653,0.20571289882690166,0.078344081910003485,-0.19301132906919041,0.0010683283896818657,-0.00035610946322728857,0.00035610946322728857,0,0,-28.672546273515273,20.348931870554299,-5.3276504046725339,0.81558430177057351,1.1886034785493631,-3.0582568675579729e-15,-29.549958722714823,19.83694194805695,-5.1963659874707586,0.78646466521391745,1.1502941145989343,-0.094012898292007291,-29.318345127831794,19.836087285345204,-5.1962413491586288,0.78640056551053639,1.1502941145989343,1,1.8307835762794629,1.7616246212198707,1,1,1
1785224837.0148063,1,1,0.99951978427027066,1.0164643257437325,0.030987107840382996,3,0,1,0,1.5253592652953125,0.1792920731711993,-1.0035115312977065,-0.94165536974363095,-2.214022189125028,0.20571242420413313,0.074426877814503314,-0.20227017511309991,-0.00035610946322728857,0,0,0,-0.43805279028981664,-28.672546273515273,19.887330391449098,-5.3276504046725339,0.81558430177057351,1.0874457356940981,-2.8342354518932095e-15,-29.35862290861165,19.831572885119044,-5.1877677893775322,0.81950262759106263,1.1496609906157409,-0.089312253377406864,-29.115898698475931,19.831857772689627,-5.1877677893775322,0.81950262759106263,1.1496609906157409,1,1.8307835762794629,1.7616246212198707,1,1,1
1785224837.0348065,1,1,0.99951978427027066,1.0164643257437325,0.030987107840382996,3,0,1,0,1.5267712680316861,0.17534416098257533,-1.0035224476213827,-0.94165394587532536,-2.2140255114844076,0.20571147495859607,0.073002439961594154,-0.19977740887050888,0.00035610946322728857,0,-0.00035610946322728857,0,0,-28.035378578548265,20.060430946113549,-5.4238173794861169,0.88513024998356815,1.2202152731916334,-2.5165695708587546e-15,-29.172869431716659,19.82603658177387,-5.1793622592957265,0.85137693156218408,1.1490291363269489,-0.087602927953915541,-28.933136541072049,19.825751694203287,-5.1793622592957265,0.85144103126556492,1.1490291363269489,1,1.8307835762794629,1.7616246212198707,1,1,1
1785224837.0548065,1,1,0.99951978427027066,1.0164643257437325,0.030987107840382996,3,0,1,0,1.52829290862759,0.171177922320428,-1.0035058358244842,-0.94165394587532536,-2.2140255114844076,0.20571100033582754,0.074782987277730598,-0.20903625491441838,0.00071221892645457715,0,0,-0.00035610946322728857,-0.11946894280631364,-28.513254349773522,19.887330391449098,-5.1353164550453663,0.91674204462583853,1.1569916839070926,-1.216390520982443e-15,-28.976338407391495,19.819841352820646,-5.1703625768276282,0.88525205082667269,1.1483408473394534,-0.089739584733277936,-28.725494901494194,19.819271577679483,-5.1703625768276282,0.88525205082667258,1.1484049470428344,1,1.8307835762794629,1.7616246212198707,1,1,1
1785224837.0748065,1,1,0.99951978427027066,1.0164643257437325,0.030987107840382996,3,0,1,0,1.5296987412679728,0.16704585649761475,-1.0035015642195673,-0.94165394587532536,-2.2140245622388708,0.2057119495813646,0.070865783182230427,-0.2179389914951006,-0.00035610946322728857,0,0.00035610946322728857,0,-0.27876086654806514,-27.716794731064763,19.694996441821928,-4.9622159003809161,0.88513024998356815,1.2202152731916334,-2.1074938951813496e-15,-28.78095739967868,19.813378475597929,-5.1613782039576579,0.91874106257686483,1.1476410997783166,-0.085038939818678619,-28.519430609884559,19.813663363168512,-5.1613782039576579,0.91867696287348388,1.1476410997783166,1,1.8307835762794629,1.7616246212198707,1,1,1
1785224837.0948064,1,1,0.99951978427027066,1.0164643257437325,0.030987107840382996,3,0,1,0,1.5310741980511697,0.16252080302245953,-1.0035143790343177,-0.94165347125255683,-2.2140240876161021,0.20571147495859607,0.066948579086730256,-0.22007564827446432,0.00035610946322728857,-0.00035610946322728857,0,0,-0.11946894280631364,-28.194670502290016,19.137227987903145,-5.4238173794861169,1.0178997874811033,1.0558339410518278,-2.4417325775959944e-15,-28.566468377909267,19.805934371898211,-5.1514710588381885,0.95525056960964128,1.1468543198495265,-0.080338294904078747,-28.302377599979909,19.805649484327628,-5.1513464205260586,0.95525056960964116,1.1468543198495265,1,1.8307835762794629,1.7616246212198707,1,1,1
1785224837.1148064,1,1,0.99951978427027066,1.0164643257437325,0.030987107840382996,3,0,1,0,1.5323684943409484,0.1582249923445038,-1.0035048865789471,-0.94165394587532536,-2.2140231383705653,0.20571242420413313,0.067304688549957539,-0.22150008612737349,0.00071221892645457715,-0.00035610946322728857,0.00035610946322728857,0.00035610946322728857,0,-27.876086654806514,19.598829467008347,-5.2314834298589501,0.98628799283883317,1.2202152731916334,-2.0545088536325922e-15,-28.362273999264112,19.798453959030695,-5.1419280712237398,0.99007351147558564,1.1460832937676599,-0.080765626259951151,-28.096473895911263,19.797884183889533,-5.14180343291161,0.99000941177220469,1.146019194064279,1,1.8307835762794629,1.7616246212198707,1,1,1
1785224837.1348064,1,1,0.99951978427027066,1.0164643257437325,0.030987107840382996,3,0,1,0,1.5337159483808021,0.15345835588016732,-1.0035034627106414,-0.94165394587532536,-2.2140231383705653,0.20571242420413313,0.063387484454457368,-0.24108610660487437,-0.00035610946322728857,0,0,0.00035610946322728857,-0.11946894280631364,-27.39821088358126,20.060430946113549,-4.8660489255673323,1.0558339410518278,1.0874457356940981,-3.0516336850046933e-15,-28.135106373762959,19.789729426048201,-5.1312413278658342,1.0286101170704351,1.1452035271528072,-0.076064981345351834,-27.845803045837108,19.790014313618784,-5.1312413278658342,1.0286101170704351,1.1451394274494262,1,1.8307835762794629,1.7616246212198707,1,1,1
1785224837.1548064,1,1,0.99951978427027066,1.0164643257437325,0.030987107840382996,3,0,1,0,1.5349167439851803,0.148743927920369,-1.003519125262003,-0.94165347125255683,-2.2140226637477967,0.2057119495813646,0.059470280358957191,-0.24001777821519249,-0.00035610946322728857,0,0,-0.00035610946322728857,-0.11946894280631364,-27.079627036097758,19.694996441821928,-5.2314834298589501,1.0558339410518278,1.1569916839070926,-1.9456497552258288e-15,-27.909850348387298,19.780692380080605,-5.1205942580998016,1.066565051127041,1.144310595779523,-0.07136433643075063,-27.621829014529066,19.780977267651188,-5.1205942580998016,1.066565051127041,1.1443746954829039,1,1.8307835762794629,1.7616246212198707,1,1,1
1785224837.1748064,1,1,0.99951978427027066,1.0164643257437325,0.030987107840382996,3,0,1,0,1.5360786205225394,0.14391321738228113,-1.0035077343155583,-0.94165394587532536,-2.2140226637477967,0.20571242420413313,0.055553076263457013,-0.23859334036228333,0.0010683283896818657,-0.00035610946322728857,-0.00035610946322728857,0.00035610946322728857,0,-27.716794731064763,19.791163416635513,-5.1353164550453663,1.1190575303363683,1.0874457356940981,-2.990758991329944e-15,-27.678339415453745,19.770911736944011,-5.109508566155001,1.1056533532187078,1.1433650838039897,-0.06666369151615141,-27.392027407019004,19.770057074232266,-5.1093839278428712,1.1057174529220888,1.1433009841006088,1,1.8307835762794629,1.7616246212198707,1,1,1
1785224837.1948063,1,1,0.99951978427027066,1.0164643257437325,0.030987107840382996,3,0,1,0,1.5371066534391731,0.13912047666567556,-1.0035015642195673,-0.94165347125255683,-2.214022189125028,0.20571289882690166,0.051279762704729552,-0.25639881352364779,-0.00071221892645457715,0,0,0,0.15929192374175152,-26.920335112356007,19.791163416635513,-4.9622159003809161,1.0874457356940981,1.2202152731916334,-2.4735279269357074e-15,-27.448036433493705,19.760762614008485,-5.0984001254456155,1.1443674481684272,1.1424007310034394,-0.061535715245677899,-27.140357857265329,19.761332389149647,-5.0984001254456155,1.1443674481684272,1.1424007310034394,1,1.8307835762794629,1.7616246212198707,1,1,1
1785224837.2148063,1,1,0.99951978427027066,1.0164643257437325,0.030987107840382996,3,0,1,0,1.5380796301146575,0.13389250687032891,-1.0035148536570861,-0.9416529966297883,-2.2140183921428798,0.20571337344967019,0.043801463976956494,-0.25141328103846572,-0.00071221892645457715,-0.00035610946322728857,0,0.00035610946322728857,0,-27.079627036097758,19.887330391449098,-4.9622159003809161,1.1569916839070926,1.1569916839070926,-2.5449946229631449e-15,-27.196188886124968,19.749240873960794,-5.0862057759179109,1.1864249758961298,1.1413238337216445,-0.052561756772350345,-26.89449294887881,19.749810649101956,-5.0860811376057811,1.1864249758961298,1.1412597340182635,1,1.8307835762794629,1.7616246212198707,1,1,1
1785224837.2348063,1,1,0.99951978427027066,1.0164643257437325,0.030987107840382996,3,0,1,0,1.5388869634439253,0.12897019413791494,-1.003512955166012,-0.9416529966297883,-2.2140183921428798,0.20571289882690166,0.040952588271138186,-0.25711103245010236,0.00035610946322728857,0,0,-0.00035610946322728857,0.31858384748350305,-26.44245934113075,19.598829467008347,-4.7698819507537484,1.2202152731916334,1.2202152731916334,-1.0904771077273293e-15,-26.958331616496235,19.73783182738029,-5.0745547286449124,1.2260904455019486,1.1402777737925232,-0.049143105925366935,-26.649798377556113,19.737546939809707,-5.0745547286449124,1.2260904455019488,1.1403418734959041,1,1.8307835762794629,1.7616246212198707,1,1,1
1785224837.2548063,1,1,0.99951978427027066,1.0164643257437325,0.030987107840382996,3,0,1,0,1.5396810073356741,0.12362024629105635,-1.0035124805432436,-0.94165204738425123,-2.2140179175201116,0.20571337344967019,0.037035384175638009,-0.2649454406411027,-0.00035610946322728857,0,0.00035610946322728857,0,-0.11946894280631364,-26.163698474582684,20.060430946113549,-4.9622159003809161,1.2897612214046279,1.0558339410518278,-5.9466366230529287e-16,-26.699091816820534,19.724893442983248,-5.0617533141096054,1.2691556913005031,1.1391092486734682,-0.044442461010766161,-26.38115728805121,19.725178330553831,-5.0617533141096054,1.2690915915971221,1.1391092486734682,1,1.8307835762794629,1.7616246212198707,1,1,1
1785224837.2748065,1,1,0.99951978427027066,1.0164643257437325,0.030987107840382996,3,0,1,0,1.5403839236558656,0.11844590886855348,-1.0035143790343177,-0.94165204738425123,-2.2140202906339539,0.20571289882690166,0.034898727396274282,-0.26565765956755727,-0.00035610946322728857,0.00035610946322728857,0,-0.00035610946322728857,0,-26.283167417388999,20.15659792092713,-5.1353164550453663,1.2581494267623576,1.2202152731916334,-2.8116360168859006e-15,-26.44762728469658,19.711817466010498,-5.0492356085958354,1.3107396971670793,1.1379485866175818,-0.041878472875531911,-26.12883809321551,19.712102353581081,-5.0493602469079653,1.3107396971670791,1.1380126863209628,1,1.8307835762794629,1.7616246212198707,1,1,1
1785224837.2948065,1,1,0.99951978427027066,1.0164643257437325,0.030987107840382996,3,0,1,0,1.541084941484983,0.11293316541208946,-1.0035186506392344,-0.94165204738425123,-2.2140202906339539,0.20571289882690166,0.033830399006592411,-0.26921875419983016,-0.00035610946322728857,0,0,0,-0.43805279028981664,-25.685822703357431,19.598829467008347,-4.7698819507537484,1.3909189642598929,1.2581494267623576,-1.6203448687828158e-15,-26.17897951429385,19.697327634274401,-5.0357638813321737,1.3550015371253024,1.1366797833771851,-0.040596478807912555,-25.855917009254053,19.697612521844984,-5.0357638813321737,1.3550015371253026,1.1366797833771851,1,1.8307835762794629,1.7616246212198707,1,1,1
1785224837.3148065,1,1,0.99951978427027066,1.0164643257437325,0.030987107840382996,3,0,1,0,1.5417180882582007,0.10775930261235513,-1.0035115312977065,-0.94165204738425123,-2.2140207652567225,0.20571242420413313,0.032049851690455974,-0.26815042581014831,0,0,0,-0.00035610946322728857,0.31858384748350305,-25.845114627099182,19.425728912343896,-5.058382875194499,1.2897612214046279,1.1190575303363683,-2.8628099820571624e-15,-25.926098055030721,19.683144511156833,-5.0229518127756139,1.3965915263126651,1.1354547228065361,-0.038459822028550056,-25.604317544058542,19.683144511156833,-5.0229518127756139,1.3965915263126649,1.1355188225099171,1,1.8307835762794629,1.7616246212198707,1,1,1
1785224837.3348064,1,1,0.99951978427027066,1.0164643257437325,0.030987107840382996,3,0,1,0,1.5423574051274092,0.10213976903297209,-1.0035115312977065,-0.94165204738425123,-2.2140226637477967,0.20571289882690166,0.030269304374319527,-0.27954592863342154,-0.00035610946322728857,0,0,0,0.15929192374175152,-25.048655008390426,19.425728912343896,-5.2314834298589501,1.4920767071151577,1.1569916839070926,-1.0493906947596474e-15,-25.650671970540497,19.667145717441414,-5.0088998801676032,1.4416516603273997,1.1340913634949839,-0.036323165249184428,-25.315216856180392,19.667430605011997,-5.0088998801676032,1.4416516603273997,1.1340913634949839,1,1.8307835762794629,1.7616246212198707,1,1,1
1785224837.3548064,1,1,0.99951978427027066,1.0164643257437325,0.030987107840382996,3,0,1,0,1.5429188838625789,0.096758021460622054,-1.0035134297887807,-0.94165204738425123,-2.2140250368616394,0.20571289882690166,0.028488757058183087,-0.27669705292760322,0.00035610946322728857,-0.00035610946322728857,0,0,-0.11946894280631364,-25.048655008390426,19.137227987903145,-4.8660489255673323,1.4920767071151577,1.1569916839070926,-2.4892760915280571e-15,-25.386155860243441,19.651237080867094,-4.9952971013856597,1.4847438470909256,1.1327523659240823,-0.034186508469822144,-25.054119396730318,19.650952193296511,-4.9951724630735299,1.4847438470909258,1.1327523659240823,1,1.8307835762794629,1.7616246212198707,1,1,1
1785224837.3748064,1,1,0.99951978427027066,1.0164643257437325,0.030987107840382996,3,0,1,0,1.5434817864660542,0.091035020117699691,-1.0035077343155583,-0.9416515727614827,-2.2140297830893245,0.20571289882690166,0.02706431920527393,-0.27990203809664882,0.00035610946322728857,0,-0.00035610946322728857,0,0,-24.889363084648675,19.425728912343896,-4.7698819507537484,1.4288531178306172,1.1569916839070926,-1.5601849082119727e-15,-25.104031749608932,19.633647982267259,-4.9806447742344746,1.5305685740837884,1.1312894842719037,-0.032477183046330266,-24.768149303892955,19.633363094696676,-4.9806447742344746,1.5306326737871696,1.1312894842719037,1,1.8307835762794629,1.7616246212198707,1,1,1
1785224837.3948064,1,1,0.99951978427027066,1.0164643257437325,0.030987107840382996,3,0,1,0,1.5440138385895752,0.085246046209951812,-1.0035077343155583,-0.94165109813871417,-2.2140316815803986,0.20571289882690166,0.023859334036228332,-0.27990203809664882,0,0,0,0,0,-24.411487313423418,19.329561937530311,-4.5006144212757144,1.5932344499704227,1.1569916839070926,-6.3521858532832968e-16,-24.817877321891068,19.615237198318869,-4.9656804943493551,1.5768414512941591,1.1297742250977623,-0.028631200843474664,-24.48199487617509,19.615237198318869,-4.9656804943493551,1.5768414512941589,1.1297742250977623,1,1.8307835762794629,1.7616246212198707,1,1,1
1785224837.4148064,1,1,0.99951978427027066,1.0164643257437325,0.030987107840382996,3,0,1,0,1.5444334051169548,0.079477481081250675,-1.0035067850700212,-0.9416515727614827,-2.2140421232813061,0.20571289882690166,0.017449363698137141,-0.28203869487601252,0,0,-0.00071221892645457715,0,0,-24.73007116090692,19.425728912343896,-4.9622159003809161,1.5932344499704227,1.0874457356940981,-1.8405253739783896e-15,-24.531841619758037,19.59615364033316,-4.9505817135350476,1.6228584131231181,1.1282251454168029,-0.020939236437766455,-24.193395185906823,19.59615364033316,-4.9505817135350476,1.6229866125298802,1.1282251454168029,1,1.8307835762794629,1.7616246212198707,1,1,1
1785224837.4348063,1,1,0.99951978427027066,1.0164643257437325,0.030987107840382996,3,0,1,0,1.5447257727423687,0.073895442700581418,-1.0035077343155583,-0.9416515727614827,-2.214046394886223,0.20571289882690166,0.013532159602636965,-0.28773644628764916,0.00035610946322728857,0,0,0,-0.91592856151507118,-23.774319618456413,19.887330391449098,-4.7698819507537484,1.5932344499704227,1.1190575303363683,-3.3665466997069031e-15,-24.254349131440577,19.577116649878572,-4.9358334082004012,1.6673541144136559,1.1266919375838582,-0.016238591523167686,-23.909065395895396,19.576831762307989,-4.9358334082004012,1.6673541144136559,1.1266919375838582,1,1.8307835762794629,1.7616246212198707,1,1,1
1785224837.4548063,1,1,0.99951978427027066,1.0164643257437325,0.030987107840382996,3,0,1,0,1.544968304977087,0.068080364540564445,-1.0035048865789471,-0.94165204738425123,-2.214046394886223,0.20571242420413313,0.0096149555071367906,-0.28524368004505812,0.00035610946322728857,0,0,-0.00035610946322728857,-0.11946894280631364,-24.73007116090692,19.329561937530311,-4.9622159003809161,1.6943921928256878,1.1569916839070926,-2.1847849460614872e-15,-23.964505110392075,19.556652417070737,-4.9203099303679396,1.7137101730274422,1.1250578136586886,-0.011537946608566369,-23.622212694338007,19.556367529500154,-4.9203099303679396,1.7137101730274424,1.1251219133620696,1,1.8307835762794629,1.7616246212198707,1,1,1
1785224837.4748063,1,1,0.99951978427027066,1.0164643257437325,0.030987107840382996,3,0,1,0,1.5450940800107471,0.062509717106339888,-1.0035034627106414,-0.94165252200701977,-2.214046394886223,0.20571289882690166,0.0042733135587274627,-0.28738033682442188,0,0,0.00035610946322728857,0,0.63716769496700609,-22.977859999747654,19.425728912343896,-4.8660489255673323,1.631168603541147,1.2202152731916334,-2.8045663306267338e-15,-23.686102774914843,19.53642582682745,-4.9052872736601918,1.7580532350360696,1.1234571922526793,-0.0051279762704757306,-23.341246370725536,19.53642582682745,-4.9052872736601918,1.7579891353326886,1.1234571922526793,1,1.8307835762794629,1.7616246212198707,1,1,1
1785224837.4948063,1,1,0.99951978427027066,1.0164643257437325,0.030987107840382996,3,0,1,0,1.5451443900242112,0.056611579961830333,-1.0035020388423359,-0.94165252200701977,-2.214046394886223,0.20571289882690166,0.0010683283896818657,-0.28738033682442188,0,0.00035610946322728857,0.00035610946322728857,0,0.79645961870875759,-22.659276152264152,19.791163416635513,-4.9622159003809161,1.8334840892516771,1.1190575303363683,-2.7730532447541237e-15,-23.390549412711337,19.514344240026332,-4.8892127674582957,1.804941445469685,1.1217239306673197,-0.0012819940676210143,-23.045693008522029,19.514344240026332,-4.8893374057704255,1.8048773457663041,1.1217239306673197,1,1.8307835762794629,1.7616246212198707,1,1,1
1785224837.5148063,1,1,0.99951978427027066,1.0164643257437325,0.030987107840382996,3,0,1,0,1.5451572048389615,0.051040457904837244,-1.0035044119561785,-0.94165347125255683,-2.2140482933772971,0.20571289882690166,0.00035610946322728857,-0.28346313272892171,-0.00035610946322728857,-0.00035610946322728857,0.00035610946322728857,0,0.47787577122525454,-23.137151923489405,19.598829467008347,-4.8660489255673323,1.8018722946094068,1.0558339410518278,-1.3053042751265891e-15,-23.110646375448464,19.492853055896113,-4.8738828598417392,1.8491341921850184,1.1200524528109721,-0.00042733135587407856,-22.77049061617376,19.493137943466696,-4.8737582215296094,1.8490700924816375,1.1200524528109721,1,1.8307835762794629,1.7616246212198707,1,1,1
1785224837.5348065,1,1,0.99951978427027066,1.0164643257437325,0.030987107840382996,3,0,1,0,1.5451605271983413,0.045279012117664039,-1.0035034627106414,-0.94165394587532536,-2.2140530396049827,0.20571289882690166,0,-0.27776538131728506,0.00035610946322728857,0,-0.00035610946322728857,0,0,-22.818568076005903,19.060294408052279,-4.9622159003809161,1.9346418321069419,1.0178997874811033,-3.0925440806351234e-15,-22.820405569077824,19.469950012551056,-4.857850668590654,1.894785339388964,1.118285088819388,-3.1086244689504383e-15,-22.487087111497083,19.469665124980473,-4.857850668590654,1.8948494390923452,1.118285088819388,1,1.8307835762794629,1.7616246212198707,1,1,1
1785224837.5548065,1,1,0.99951978427027066,1.0164643257437325,0.030987107840382996,3,0,1,0,1.5451605271983413,0.039841733681396124,-1.0035015642195673,-0.94165489512086242,-2.2140568365871309,0.20571289882690166,0,-0.27990203809664882,0,0,0,0.00035610946322728857,0.31858384748350305,-22.380515285716086,19.425728912343896,-5.1353164550453663,1.9346418321069419,1.1569916839070926,-2.3546322100015846e-15,-22.545813718256149,19.447736894441139,-4.8425740927637024,1.9378235461930755,1.1165834273791788,-2.3314683517128287e-15,-22.209931272540171,19.447736894441139,-4.8425740927637024,1.9378235461930755,1.1165193276757979,1,1.8307835762794629,1.7616246212198707,1,1,1
1785224837.5748065,1,1,0.99951978427027066,1.0164643257437325,0.030987107840382996,3,0,1,0,1.5451605271983413,0.034205113682346036,-1.0035006149740302,-0.94165536974363095,-2.2140558873415936,0.20571242420413313,0,-0.27527261507469408,0,0,0.00035610946322728857,0,-0.27876086654806514,-22.380515285716086,19.598829467008347,-4.5006144212757144,1.9662536267492121,1.0874457356940981,-1.7371052069826226e-15,-22.260511878543088,19.424142441458418,-4.8265996039984085,1.9823985327790667,1.1147855590527322,-1.7763568394002505e-15,-21.930184740453456,19.424142441458418,-4.8265996039984085,1.9823344330756856,1.1147855590527322,1,1.8307835762794629,1.7616246212198707,1,1,1
1785224837.5948064,1,1,0.99951978427027066,1.0164643257437325,0.030987107840382996,3,0,1,0,1.5451591033300356,0.028876523860071255,-1.0034906478958912,-0.94165726823470508,-2.2140587350782051,0.20571242420413313,0,-0.27420428668501218,0.00071221892645457715,0,-0.00035610946322728857,0,0.63716769496700609,-22.221223361974335,19.329561937530311,-5.058382875194499,1.9346418321069419,1.1569916839070926,-1.1367153585566596e-15,-21.990086255645817,19.401189225736179,-4.8113280997113907,2.0245329818248172,1.1130508172767086,-1.1102230246251565e-15,-21.661041111623803,19.400619450595016,-4.8113280997113907,2.024597081528198,1.1130508172767086,1,1.8307835762794629,1.7616246212198707,1,1,1
1785224837.6148064,1,1,0.99951978427027066,1.0164643257437325,0.030987107840382996,3,0,1,0,1.5451591033300356,0.023261261885604973,-1.0034930210097339,-0.94165774285747361,-2.2140587350782051,0.20571242420413313,0,-0.27028708258951201,-0.00035610946322728857,0,-0.00035610946322728857,0,0.47787577122525454,-20.469012200815069,18.675626508797944,-5.058382875194499,2.0674113696044771,1.0558339410518278,-9.4839457106564595e-16,-21.704538456864942,19.376483352037855,-4.7951248311719032,2.0687840018186567,1.1111920670530628,-9.9920072216264089e-16,-21.380193957757527,19.376768239608438,-4.7951248311719032,2.0688481015220375,1.1111920670530628,1,1.8307835762794629,1.7616246212198707,1,1,1
1785224837.6348064,1,1,0.99951978427027066,1.0164643257437325,0.030987107840382996,3,0,1,0,1.5451586287072672,0.0181097063559915,-1.0034920717641969,-0.94165774285747361,-2.2140592097009733,0.2057119495813646,0,-0.26352100278819351,0,0,0,0,-0.11946894280631364,-21.424763743265579,19.425728912343896,-4.7698819507537484,2.1053455231752016,1.2202152731916334,-1.6447991234358109e-15,-21.441964250894053,19.353258560985825,-4.7801137881357887,2.1093439520886603,1.109454395681746,-1.6653345369377348e-15,-21.125739047548219,19.353258560985825,-4.7801137881357887,2.1093439520886603,1.109454395681746,1,1.8307835762794629,1.7616246212198707,1,1,1
1785224837.6548064,1,1,0.99951978427027066,1.0164643257437325,0.030987107840382996,3,0,1,0,1.5451581540844985,0.012656290745593598,-1.0034882747820486,-0.94165869210301067,-2.2140592097009733,0.20571242420413313,0,-0.26316489332496623,0,0,0.00035610946322728857,0.00035610946322728857,0.31858384748350305,-20.469012200815069,19.425728912343896,-4.3082804716485468,2.0041877803199366,0.9546761981965628,-1.8198190670097981e-15,-21.163384489742306,19.328095465090495,-4.7640834187024419,2.152247249122702,1.1075829178891619,-1.7763568394002505e-15,-20.847586617752345,19.328095465090495,-4.7640834187024419,2.1521831494193213,1.1075188181857809,1,1.8307835762794629,1.7616246212198707,1,1,1
1785224837.6748064,1,1,0.99951978427027066,1.0164643257437325,0.030987107840382996,3,0,1,0,1.5451562555934244,0.0076105760933620845,-1.0034882747820486,-0.94165964134854774,-2.2140596843237419,0.2057119495813646,0,-0.25568659459719317,0,0,0,0,-0.27876086654806514,-20.787596048298571,19.425728912343896,-4.5006144212757144,2.1685691124597422,1.1190575303363683,-1.5091864719671582e-15,-20.905095916915201,19.304308590633958,-4.7491337571018137,2.1918555519140197,1.1058230910046911,-1.5543122344752192e-15,-20.59827200339857,19.304308590633958,-4.7491337571018137,2.1918555519140197,1.1058230910046911,1,1.8307835762794629,1.7616246212198707,1,1,1
1785224837.6948063,1,1,0.99951978427027066,1.0164643257437325,0.030987107840382996,3,0,1,0,1.5451553063478873,0.0023337201528569611,-1.00348780015928,-0.94166153983962186,-2.2140592097009733,0.2057119495813646,0,-0.25675492298687508,0,0,0,0,-0.27876086654806514,-20.309720277073318,19.791163416635513,-4.9622159003809161,2.2381150606727367,1.0558339410518278,-1.65612366733827e-15,-20.634421049578172,19.278903786035951,-4.7333758000985346,2.2332306341277457,1.1039534677024576,-1.6653345369377348e-15,-20.326315141993923,19.278903786035951,-4.7333758000985346,2.2332306341277457,1.1039534677024576,1,1.8307835762794629,1.7616246212198707,1,1,1
1785224837.7148063,1,1,0.99951978427027066,1.0164643257437325,0.030987107840382996,3,0,1,0,1.545155780970656,-0.0026066282447611208,-1.00348780015928,-0.94166248908515893,-2.2140596843237419,0.2057119495813646,0,-0.25248160942814757,0,0,-0.00035610946322728857,0,-0.43805279028981664,-19.672552582106313,18.867960458425109,-5.1353164550453663,2.2381150606727367,1.0874457356940981,-1.1398536143377713e-15,-20.380494755270334,19.254624481271868,-4.7184981852832948,2.2718996437295269,1.1021743583156522,-1.1102230246251565e-15,-20.077516823956557,19.254624481271868,-4.7184981852832948,2.2719637434329076,1.1021743583156522,1,1.8307835762794629,1.7616246212198707,1,1,1
1785224837.7348063,1,1,0.99951978427027066,1.0164643257437325,0.030987107840382996,3,0,1,0,1.5451553063478873,-0.0077102468747531688,-1.0034844777999004,-0.94166248908515893,-2.2140611081920474,0.2057119495813646,0,-0.251769390501693,0,0.00035610946322728857,-0.00035610946322728857,0,-0.27876086654806514,-19.513260658364562,18.598692928947077,-4.5967813960892983,2.2381150606727367,1.1569916839070926,-2.437655933738868e-15,-20.117643296804786,19.229022719908606,-4.7029907400641857,2.3118060848982882,1.1003058361553688,-2.4424906541753444e-15,-19.815520028202755,19.229022719908606,-4.7031153783763155,2.3118701846016694,1.1003058361553688,1,1.8307835762794629,1.7616246212198707,1,1,1
1785224837.7548063,1,1,0.99951978427027066,1.0164643257437325,0.030987107840382996,3,0,1,0,1.5451543571023503,-0.012498241363673451,-1.0034863762909745,-0.94166343833069599,-2.2140611081920474,0.2057119495813646,-0.00035610946322728857,-0.2425105444577835,0.00035610946322728857,-0.00035610946322728857,0,0,-0.11946894280631364,-19.353968734622807,19.329561937530311,-4.6737149759401646,2.3772069570987262,1.1569916839070926,-1.9262584633274549e-15,-19.870616540997894,19.204577624634446,-4.6883541956635639,2.3491611873733076,1.0985298639270999,0.00042733135587085891,-19.579603887648553,19.204292737063863,-4.6882295573514341,2.3491611873733071,1.0985298639270999,1,1.8307835762794629,1.7616246212198707,1,1,1
1785224837.7748065,1,1,0.99951978427027066,1.0164643257437325,0.030987107840382996,3,0,1,0,1.5451543571023503,-0.017388754370595991,-1.0034811554405205,-0.94166391295346452,-2.2140634813058901,0.2057119495813646,0,-0.23859334036228333,0.00035610946322728857,0,0,-0.00035610946322728857,0.47787577122525454,-19.513260658364562,19.137227987903145,-4.7698819507537484,2.4404305463832667,1.2202152731916334,-1.5432034022803544e-15,-19.617783528523709,19.179094819206483,-4.67326264305499,2.3873007627145819,1.0966860984193525,-1.5543122344752192e-15,-19.331471520088968,19.1788099316359,-4.67326264305499,2.3873007627145815,1.0967501981227334,1,1.8307835762794629,1.7616246212198707,1,1,1
1785224837.7948065,1,1,0.99951978427027066,1.0164643257437325,0.030987107840382996,3,0,1,0,1.5451543571023503,-0.022026768064661115,-1.003469764494076,-0.94166391295346452,-2.2140625320603533,0.20571242420413313,0,-0.23894944982551064,0,0,0.00035610946322728857,0,-0.59734471403156819,-18.756624020591239,19.425728912343896,-4.5006144212757144,2.4404305463832667,1.0874457356940981,-2.1599261898758438e-15,-19.377570963984038,19.154491692522321,-4.6588335259475953,2.4234865160859025,1.0949111978985699,-2.1094237467877974e-15,-19.090831624193424,19.154491692522321,-4.6588335259475953,2.4234224163825213,1.0949111978985699,1,1.8307835762794629,1.7616246212198707,1,1,1
1785224837.8148065,1,1,0.99951978427027066,1.0164643257437325,0.030987107840382996,3,0,1,0,1.5451538824795819,-0.026616370236336288,-1.0034688152485389,-0.94166391295346452,-2.2140630066831215,0.20571242420413313,0,-0.23360780787710131,0.00035610946322728857,-0.00035610946322728857,0,0.00035610946322728857,-0.11946894280631364,-18.756624020591239,19.521895887157477,-4.5006144212757144,2.5099764945962613,1.1190575303363683,-2.4146758320892756e-15,-19.139510743333144,19.129778247430536,-4.6444841005879454,2.4591542350591182,1.0931351665840876,-2.4424906541753444e-15,-18.859181373880624,19.129493359859953,-4.6443594622758155,2.4591542350591182,1.0930710668807067,1,1.8307835762794629,1.7616246212198707,1,1,1
1785224837.8348064,1,1,0.99951978427027066,1.0164643257437325,0.030987107840382996,3,0,1,0,1.5451524586112761,-0.031424773504303311,-1.003454576565483,-0.94166391295346452,-2.2140658544197329,0.20571242420413313,0,-0.23610057411969232,0.0010683283896818657,0,0,0,0,-19.035384887139305,18.964127433238694,-4.3082804716485468,2.5415882892385318,0.98628799283883317,-2.0175302439337806e-15,-18.88958248962626,19.103357554719725,-4.6292976325406405,2.4965553075148619,1.0912439132381389,-1.9984014443252818e-15,-18.606261800682631,19.10250289200798,-4.6292976325406405,2.4965553075148619,1.0912439132381389,1,1.8307835762794629,1.7616246212198707,1,1,1
1785224837.8548064,1,1,0.99951978427027066,1.0164643257437325,0.030987107840382996,3,0,1,0,1.5451524586112761,-0.03612306428997162,-1.0034412871279641,-0.94166343833069599,-2.2140653797969643,0.2057119495813646,-0.00035610946322728857,-0.24037388767841977,-0.00035610946322728857,0,0.00035610946322728857,0,-0.27876086654806514,-18.119456325624235,19.060294408052279,-4.5006144212757144,2.4088187517409962,1.1569916839070926,-2.5202360525946239e-15,-18.64499523843412,19.07714010847603,-4.6143628647654165,2.5330571866449132,1.0893721397812197,0.00042733135587019278,-18.356546573220015,19.077424996046613,-4.6143628647654165,2.532993086941532,1.0893721397812197,1,1.8307835762794629,1.7616246212198707,1,1,1
1785224837.8748064,1,1,0.99951978427027066,1.0164643257437325,0.030987107840382996,3,0,1,0,1.5451529332340448,-0.041033511453172376,-1.0034408125051957,-0.94166391295346452,-2.2140649051741956,0.2057119495813646,0,-0.23503224573001044,0.00071221892645457715,-0.00035610946322728857,-0.00035610946322728857,0,-0.11946894280631364,-17.960164401882484,19.137227987903145,-4.9622159003809161,2.5415882892385318,0.9546761981965628,-1.8882357105666412e-15,-18.389009114970701,19.049354668510304,-4.5986920357498544,2.5710460993460282,1.0873962943453355,-1.8873791418627661e-15,-18.10697042009469,19.048784893369142,-4.5985673974377246,2.5711101990494085,1.0873962943453355,1,1.8307835762794629,1.7616246212198707,1,1,1
1785224837.8948064,1,1,0.99951978427027066,1.0164643257437325,0.030987107840382996,3,0,1,0,1.5451524586112761,-0.043836633524104489,-1.0034351170319733,-0.94166343833069599,-2.2140649051741956,0.2057119495813646,0,-0.23788112143582876,0.00071221892645457715,0,0,0.00035610946322728857,-0.27876086654806514,-17.800872478140732,19.060294408052279,-4.5006144212757144,2.4783646999539908,1.0178997874811033,-1.4865767038967449e-15,-18.242652542357849,19.03325415542092,-4.5896750512682631,2.5927425922006471,1.086253674719716,-1.4432899320127035e-15,-17.957195196634853,19.032684380279758,-4.5896750512682631,2.5927425922006475,1.0861895750163351,1,1.8307835762794629,1.7616246212198707,1,1,1
1785224837.9148064,1,1,0.99951978427027066,1.0164643257437325,0.030987107840382996,3,0,1,0,1.5451534078568132,-0.050420125946369874,-1.0034185052350748,-0.94166248908515893,-2.214064430551427,0.2057119495813646,0.00035610946322728857,-0.24500331070037454,0,0,0,0,0.47787577122525454,-17.322996706915475,19.233394962716726,-4.5006144212757144,2.6806801856645208,0.98628799283883317,-2.9499410656466807e-15,-17.89834842868202,18.994828030965614,-4.5683467512097877,2.6436470819968449,1.0835353365942091,-0.00042733135587574389,-17.60434445584157,18.994828030965614,-4.5683467512097877,2.6436470819968449,1.0835353365942091,1,1.8307835762794629,1.7616246212198707,1,1,1
1785224837.9348063,1,1,0.99951978427027066,1.0164643257437325,0.030987107840382996,3,0,1,0,1.5451534078568132,-0.0553889517100997,-1.0034166067440007,-0.94166153983962186,-2.2140639559286588,0.2057119495813646,-0.00035610946322728857,-0.2425105444577835,0.00035610946322728857,-0.00035610946322728857,0,0,-0.27876086654806514,-17.48228863065723,19.137227987903145,-5.058382875194499,2.6806801856645208,1.2202152731916334,-6.9109546526111578e-16,-17.638052830613773,18.965338010076419,-4.552151643404355,2.6819089013091459,1.08145674328026,0.00042733135587208016,-17.347040177264432,18.965053122505836,-4.5520270050922251,2.6819089013091459,1.08145674328026,1,1.8307835762794629,1.7616246212198707,1,1,1
1785224837.9548063,1,1,0.99951978427027066,1.0164643257437325,0.030987107840382996,3,0,1,0,1.5451534078568132,-0.060184540163316438,-1.0033886040006574,-0.94166153983962186,-2.2140639559286588,0.2057119495813646,0,-0.25283771889137491,0.0021366567793637313,0,-0.00035610946322728857,0,0.47787577122525454,-16.845120935690222,18.867960458425109,-4.5006144212757144,2.7818379285197858,1.0558339410518278,-1.6512206125247331e-15,-17.386255145230262,18.93626159446022,-4.5363313705651667,2.7189744395396627,1.0794148232888043,-1.6653345369377348e-15,-17.082849882560613,18.934552269036729,-4.5363313705651667,2.7190385392430438,1.0794148232888043,1,1.8307835762794629,1.7616246212198707,1,1,1
1785224837.9748063,1,1,0.99951978427027066,1.0164643257437325,0.030987107840382996,3,0,1,0,1.5451534078568132,-0.065372167023338118,-1.0033624997483883,-0.94166106521685333,-2.214061582814816,0.20571242420413313,0,-0.25248160942814757,0.00035610946322728857,0,0,0.00035610946322728857,-0.43805279028981664,-16.685829011948471,18.867960458425109,-4.9622159003809161,2.6806801856645208,1.0874457356940981,-1.570088944636967e-15,-17.11347658446256,18.904353335168263,-4.5191171922725992,2.7589799405313262,1.0771796944896137,-1.5543122344752192e-15,-16.810498653148784,18.90406844759768,-4.5191171922725992,2.7589799405313262,1.0771155947862328,1,1.8307835762794629,1.7616246212198707,1,1,1
1785224837.9948063,1,1,0.99951978427027066,1.0164643257437325,0.030987107840382996,3,0,1,0,1.5451538824795819,-0.0703386196732253,-1.003348735688101,-0.94165964134854774,-2.2140620574375847,0.2057119495813646,0,-0.25889157976623878,0.00071221892645457715,0.00035610946322728857,0,-0.00035610946322728857,-0.11946894280631364,-16.207953240723217,18.598692928947077,-4.3082804716485468,2.8829956713750509,1.1190575303363683,-2.4429467626540071e-15,-16.851958279644066,18.873370842716074,-4.5025471192096473,2.7971044190872303,1.0750158115617932,-2.4424906541753444e-15,-16.541288383924581,18.872801067574912,-4.5026717575217772,2.7971044190872303,1.0750799112651741,1,1.8307835762794629,1.7616246212198707,1,1,1
1785224838.0148063,1,1,0.99951978427027066,1.0164643257437325,0.030987107840382996,3,0,1,0,1.545155780970656,-0.075690940633926521,-1.0033463625742585,-0.94165631898916802,-2.2140611081920474,0.2057119495813646,0,-0.26280878386173895,0,0.00035610946322728857,0.00035610946322728857,0,0.47787577122525454,-16.048661316981466,18.771793483611525,-4.0390129421705128,2.7502261338775154,1.1190575303363683,-2.073127708050269e-15,-16.569766888084757,18.839548599118146,-4.4846027404892945,2.8380225879761962,1.0726582884970455,-2.1094237467877974e-15,-16.254396347450669,18.839548599118146,-4.4847273788014244,2.8379584882728159,1.0726582884970455,1,1.8307835762794629,1.7616246212198707,1,1,1
1785224838.0348065,1,1,0.99951978427027066,1.0164643257437325,0.030987107840382996,3,0,1,0,1.5451553063478873,-0.08080737407866885,-1.0033344970050451,-0.94165679361193655,-2.2140601589465105,0.20571242420413313,0,-0.26530155010432999,0.00071221892645457715,0.00035610946322728857,0.00035610946322728857,0.00035610946322728857,0.79645961870875759,-16.52653708820672,18.771793483611525,-4.3082804716485468,2.8829956713750509,1.0874457356940981,-1.1285034676518761e-15,-16.299502652440694,18.806632712471895,-4.4673133475155264,2.8771441540673579,1.0703747675984554,-1.1102230246251565e-15,-15.981140792315498,18.806062937330733,-4.4674379858276563,2.8770800543639772,1.0703106678950745,1,1.8307835762794629,1.7616246212198707,1,1,1
1785224838.0548065,1,1,0.99951978427027066,1.0164643257437325,0.030987107840382996,3,0,1,0,1.5451543571023503,-0.086358561979383727,-1.0033283269090543,-0.94165726823470508,-2.2140549380960568,0.2057119495813646,-0.00035610946322728857,-0.27277984883210304,-0.00035610946322728857,0,0,0,-0.43805279028981664,-15.252201698272707,18.964127433238694,-4.0390129421705128,2.8829956713750509,1.0874457356940981,-1.3923620974336545e-15,-16.00588241889464,18.770432799727473,-4.4484542889469072,2.9194782885210371,1.0678695766213553,0.000427331355871303,-15.678546600296116,18.770717687298056,-4.4484542889469072,2.9194782885210366,1.0678695766213553,1,1.8307835762794629,1.7616246212198707,1,1,1
1785224838.0748065,1,1,0.99951978427027066,1.0164643257437325,0.030987107840382996,3,0,1,0,1.5451548317251189,-0.091616907631916225,-1.0033283269090543,-0.94165679361193655,-2.2140520903594454,0.20571289882690166,0,-0.26850653527337559,0,0,0.00035610946322728857,0,-0.27876086654806514,-15.730077469497962,18.867960458425109,-4.3082804716485468,2.8829956713750509,1.1190575303363683,-1.6531768503398791e-15,-15.727334693148327,18.735626883104199,-4.4304752003947891,2.9594370865929149,1.0654673315402452,-1.6653345369377348e-15,-15.405126850820277,18.735626883104199,-4.4304752003947891,2.9593729868895342,1.0654673315402452,1,1.8307835762794629,1.7616246212198707,1,1,1
1785224838.0948064,1,1,0.99951978427027066,1.0164643257437325,0.030987107840382996,3,0,1,0,1.545155780970656,-0.097306210758273018,-1.003323580681369,-0.94165679361193655,-2.214052564982214,0.20571289882690166,0,-0.28203869487601252,0.00035610946322728857,0,0,0,0.47787577122525454,-14.81414890798289,19.137227987903145,-4.5006144212757144,2.9841534142303154,1.0558339410518278,-2.2024796204493382e-15,-15.425418894471578,18.697316987001166,-4.4108606840160105,3.0025940834577041,1.0628324002952283,-2.2204460492503131e-15,-15.086972460620361,18.697032099430583,-4.4108606840160105,3.0025940834577036,1.0628324002952283,1,1.8307835762794629,1.7616246212198707,1,1,1
1785224838.1148064,1,1,0.99951978427027066,1.0164643257437325,0.030987107840382996,3,0,1,0,1.5451562555934244,-0.10277149193788415,-1.0033254791724431,-0.94165679361193655,-2.2140506664911399,0.20571242420413313,0.00035610946322728857,-0.28061425702310339,-0.00071221892645457715,0,0.00071221892645457715,-0.00035610946322728857,0,-14.654856984241139,18.233258424655457,-4.0390129421705128,3.0853111570855805,1.0558339410518278,-1.5174633530511992e-15,-15.134999642482642,18.660002145312749,-4.3919117647461148,3.0439253724204556,1.0602724994715993,-0.0004273313558743006,-14.798262534054915,18.660571920453911,-4.3919117647461148,3.0437971730136937,1.0603365991749802,1,1.8307835762794629,1.7616246212198707,1,1,1
1785224838.1348064,1,1,0.99951978427027066,1.0164643257437325,0.030987107840382996,3,0,1,0,1.545155780970656,-0.10850968120939943,-1.003333547759508,-0.94165631898916802,-2.2140492426228344,0.20571242420413313,0,-0.28132647594955795,0.00035610946322728857,0,-0.00035610946322728857,-0.00035610946322728857,-0.11946894280631364,-14.654856984241139,18.598692928947077,-4.2313468917976804,3.0157652088725859,0.9546761981965628,-1.1069899966301231e-15,-14.829648463433697,18.620257656144013,-4.3718937815946122,3.0871724717862752,1.0575530109098106,-1.1102230246251565e-15,-14.492056692294229,18.61997276857343,-4.3718937815946122,3.0872365714896559,1.0576171106131915,1,1.8307835762794629,1.7616246212198707,1,1,1
1785224838.1548064,1,1,0.99951978427027066,1.0164643257437325,0.030987107840382996,3,0,1,0,1.545156730216193,-0.11395218049612117,-1.0033359208733508,-0.94165631898916802,-2.2140497172456026,0.20571289882690166,0,-0.27740927185405778,-0.00071221892645457715,0,-0.00035610946322728857,0,-0.11946894280631364,-14.495565060499388,18.675626508797944,-3.8466789925433456,3.123245310656305,0.98628799283883317,-1.2442493466195778e-15,-14.539540407602182,18.581936602718855,-4.352753881733773,3.1281273284380773,1.0549388513356697,-1.2212453270876722e-15,-14.206649281377313,18.582506377860017,-4.352753881733773,3.128191428141458,1.0549388513356697,1,1.8307835762794629,1.7616246212198707,1,1,1
1785224838.1748064,1,1,0.99951978427027066,1.0164643257437325,0.030987107840382996,3,0,1,0,1.5451576794617301,-0.11964100899970943,-1.0033378193644249,-0.94165631898916802,-2.2140492426228344,0.20571337344967019,0,-0.27883370970696697,-0.00035610946322728857,-0.00035610946322728857,0,0.00035610946322728857,0.31858384748350305,-13.69910544179063,18.502525954133493,-3.8466789925433456,3.123245310656305,1.1886034785493631,-1.2588415430582172e-15,-14.235859914813341,18.54129063336579,-4.3326103165542911,3.1708470632705925,1.052172973720898,-1.2212453270876722e-15,-13.90125946316498,18.541575520936373,-4.3324856782421612,3.170847063270593,1.0521088740175171,1,1.8307835762794629,1.7616246212198707,1,1,1
1785224838.1948063,1,1,0.99951978427027066,1.0164643257437325,0.030987107840382996,3,0,1,0,1.5451576794617301,-0.12508113517258854,-1.003338768609962,-0.94165584436639949,-2.2140468695089917,0.20571289882690166,0.00035610946322728857,-0.2770531623908305,0,0,0.00035610946322728857,-0.00035610946322728857,0.15929192374175152,-14.495565060499388,18.502525954133493,-4.3082804716485468,3.25601484815384,0.91674204462583853,-1.5327254550559778e-15,-13.945049268973991,18.501865693414089,-4.3132150637010378,3.2116199593586359,1.0494960023666051,-0.0004273313558743006,-13.612585474104993,18.501865693414089,-4.3132150637010378,3.2115558596552556,1.0495601020699861,1,1.8307835762794629,1.7616246212198707,1,1,1
1785224838.2148063,1,1,0.99951978427027066,1.0164643257437325,0.030987107840382996,3,0,1,0,1.545156730216193,-0.13074053706452801,-1.0033368701188878,-0.94165584436639949,-2.2140444963951489,0.20571337344967019,0,-0.27562872453792137,0,0,0,0,0.47787577122525454,-13.69910544179063,18.675626508797944,-4.3082804716485468,3.1864688999408455,1.1190575303363683,-1.3566727035802787e-15,-13.642067902009545,18.460240190736748,-4.2928948823042834,3.253957883983372,1.046676983471716,-1.3322676295501878e-15,-13.311313432564038,18.460240190736748,-4.2928948823042834,3.253957883983372,1.046676983471716,1,1.8307835762794629,1.7616246212198707,1,1,1
1785224838.2348063,1,1,0.99951978427027066,1.0164643257437325,0.030987107840382996,3,0,1,0,1.5451572048389615,-0.13615740672174917,-1.0033411417238045,-0.94165584436639949,-2.214043547149612,0.20571289882690166,0.00035610946322728857,-0.27812149078051235,-0.00071221892645457715,0,0.00035610946322728857,-0.00035610946322728857,-0.27876086654806514,-13.380521594307126,18.040924475028291,-3.8466789925433456,3.2876266427961105,0.9546761981965628,-1.7187647910944967e-15,-13.351712522746984,18.419874230638804,-4.273334695175409,3.2943301716978914,1.0439502237732146,-0.00042733135587441162,-13.017966733810372,18.420444005779967,-4.273334695175409,3.2942660719945107,1.0440143234765955,1,1.8307835762794629,1.7616246212198707,1,1,1
1785224838.2548063,1,1,0.99951978427027066,1.0164643257437325,0.030987107840382996,3,0,1,0,1.5451576794617301,-0.1417945013435678,-1.0033439894604157,-0.94165584436639949,-2.2140425979040748,0.20571337344967019,0,-0.27206762990564848,-0.00035610946322728857,0,0,0,0.47787577122525454,-13.061937746823624,18.675626508797944,-4.4044474464621306,3.25601484815384,1.0874457356940981,-2.455981601646586e-15,-13.049138181405917,18.377275139436541,-4.252841215584791,3.3362532161201024,1.0410791482866637,-2.4424906541753444e-15,-12.722657025519137,18.377560027007124,-4.252841215584791,3.3362532161201028,1.0410791482866637,1,1.8307835762794629,1.7616246212198707,1,1,1
1785224838.2748065,1,1,0.99951978427027066,1.0164643257437325,0.030987107840382996,3,0,1,0,1.5451572048389615,-0.14707705275729527,-1.0033420909693416,-0.94165631898916802,-2.2140397501674638,0.20571289882690166,0,-0.27242373936887576,0,0.00035610946322728857,0,0,0,-12.743353899340121,18.502525954133493,-4.3082804716485468,3.325560796366835,0.9546761981965628,-1.2677373163108816e-15,-12.765208281695735,18.336798928120995,-4.2335032586946113,3.3754899969557397,1.0383573604760659,-1.2212453270876722e-15,-12.438299794453084,18.336798928120995,-4.2336278970067411,3.3754899969557397,1.0383573604760659,1,1.8307835762794629,1.7616246212198707,1,1,1
1785224838.2948065,1,1,0.99951978427027066,1.0164643257437325,0.030987107840382996,3,0,1,0,1.5451572048389615,-0.15230122557049366,-1.0033425655921102,-0.94165631898916802,-2.2140359531853155,0.20571337344967019,0,-0.26886264473660287,0,0,0,0.00035610946322728857,0.31858384748350305,-11.62831043314786,17.848590525401125,-3.8466789925433456,3.325560796366835,1.0178997874811033,-4.2421017800350843e-16,-12.484105863849173,18.296288155108591,-4.2142724935217348,3.4141881187247449,1.0356380773009595,-4.4408920985006262e-16,-12.161470690165249,18.296288155108591,-4.2142724935217348,3.4141881187247454,1.0355739775975785,1,1.8307835762794629,1.7616246212198707,1,1,1
1785224838.3148065,1,1,0.99951978427027066,1.0164643257437325,0.030987107840382996,3,0,1,0,1.5451572048389615,-0.15782108836848563,-1.0033382939871933,-0.94165679361193655,-2.2140369024308524,0.20571289882690166,0.00035610946322728857,-0.26993097312628472,0,0,0,0,-0.11946894280631364,-11.62831043314786,18.233258424655457,-4.2313468917976804,3.4267185392220996,1.1190575303363683,-3.0905355480739277e-16,-12.186656715049345,18.252858591884205,-4.1937999084072821,3.4549814200308955,1.0327308784708338,-0.00042733135587307936,-11.862739547297803,18.252858591884205,-4.1937999084072821,3.4549814200308959,1.0327308784708338,1,1.8307835762794629,1.7616246212198707,1,1,1
1785224838.3348064,1,1,0.99951978427027066,1.0164643257437325,0.030987107840382996,3,0,1,0,1.5451562555934244,-0.16335803758614462,-1.0033321238912025,-0.94165679361193655,-2.2140369024308524,0.20571289882690166,-0.00035610946322728857,-0.26921875419983016,0,0,0,0,-0.75663663777331969,-11.469018509406109,18.310192004506327,-4.2313468917976804,3.4962644874350945,1.0558339410518278,-1.016048726593577e-15,-11.887919809228434,18.208722805877098,-4.1731289907890208,3.4958136869944636,1.0297817916143897,0.00042733135587174709,-11.564857304188639,18.208722805877098,-4.1731289907890208,3.4958136869944636,1.0297817916143897,1,1.8307835762794629,1.7616246212198707,1,1,1
1785224838.3548064,1,1,0.99951978427027066,1.0164643257437325,0.030987107840382996,3,0,1,0,1.5451538824795819,-0.16854044359571249,-1.0033273776635172,-0.94165821748024214,-2.2140364278080842,0.20571337344967019,0,-0.2649454406411027,0.00035610946322728857,0,-0.00035610946322728857,0,-0.11946894280631364,-11.030965719116292,18.233258424655457,-4.1351799169840966,3.5594880767196351,1.0558339410518278,-1.8200783421930973e-15,-11.607999601533484,18.166907247594246,-4.1536767462116675,3.533932872573192,1.02699460368886,-1.7763568394002505e-15,-11.290065072764163,18.166622360023663,-4.1536767462116675,3.5339969722765727,1.02699460368886,1,1.8307835762794629,1.7616246212198707,1,1,1
1785224838.3748064,1,1,0.99951978427027066,1.0164643257437325,0.030987107840382996,3,0,1,0,1.5451534078568132,-0.17370908554499301,-1.003306494261702,-0.94166011597131627,-2.2140369024308524,0.20571337344967019,0,-0.2649454406411027,0.0014244378529091543,-0.00035610946322728857,0,0,0,-10.71238187163279,18.598692928947077,-4.2313468917976804,3.5594880767196351,1.0178997874811033,-1.4431528286107184e-15,-11.328375563095634,18.124569247125969,-4.1341030435356236,3.5719695607935349,1.024178695996679,-1.4432899320127035e-15,-11.010441034326311,18.12342969684364,-4.1339784052234938,3.5719695607935349,1.024178695996679,1,1.8307835762794629,1.7616246212198707,1,1,1
1785224838.3948064,1,1,0.99951978427027066,1.0164643257437325,0.030987107840382996,3,0,1,0,1.5451534078568132,-0.17913544765758474,-1.0032808646322013,-0.94165964134854774,-2.2140364278080842,0.20571337344967019,0,-0.26280878386173895,0.00071221892645457715,0,0,0.00035610946322728857,-0.27876086654806514,-10.871673795374541,17.848590525401125,-4.1351799169840966,3.5974222302903591,0.9546761981965628,-1.9038154610953537e-15,-11.034476360926794,18.079575218436773,-4.1134115561251114,3.6118264486205578,1.0211889428442258,-1.8873791418627661e-15,-10.719105820292709,18.07900544329561,-4.1134115561251114,3.6118264486205578,1.0211248431408448,1,1.8307835762794629,1.7616246212198707,1,1,1
1785224838.4148064,1,1,0.99951978427027066,1.0164643257437325,0.030987107840382996,3,0,1,0,1.5451529332340448,-0.18431453130777292,-1.0032699483085252,-0.94166011597131627,-2.2140364278080842,0.20571289882690166,0.00035610946322728857,-0.26636987849401184,0.00071221892645457715,-0.00035610946322728857,0,0,0.47787577122525454,-10.234506100407534,17.944757500214706,-4.0390129421705128,3.5974222302903591,1.0874457356940981,-1.6654079866373462e-15,-10.75378700664745,18.036231955121824,-4.0936031380216411,3.6496676135648651,1.0183153844727768,-0.00042733135587441162,-10.434143152454636,18.035662179980662,-4.0934784997095113,3.6496676135648651,1.0183153844727768,1,1.8307835762794629,1.7616246212198707,1,1,1
1785224838.4348063,1,1,0.99951978427027066,1.0164643257437325,0.030987107840382996,3,0,1,0,1.545149610874665,-0.18975560672618905,-1.0032538111343952,-0.9416620144623904,-2.2140364278080842,0.20571289882690166,0,-0.26387711225142085,0.0014244378529091543,-0.00035610946322728857,0.00035610946322728857,-0.00035610946322728857,-0.43805279028981664,-9.7566303291822809,18.233258424655457,-3.9428459673569294,3.6606458195749001,1.0874457356940981,-1.1964193517281769e-15,-10.458551571501607,17.990121869308844,-4.0726619925013852,3.689354370497405,1.0152652830601627,-1.2212453270876722e-15,-10.141899036799904,17.988982319026515,-4.0725373541892553,3.6892902707940247,1.0153293827635437,1,1.8307835762794629,1.7616246212198707,1,1,1
1785224838.4548063,1,1,0.99951978427027066,1.0164643257437325,0.030987107840382996,3,0,1,0,1.5451481870063595,-0.19493089339422898,-1.0031902116834124,-0.94166486219900158,-2.2140369024308524,0.20571337344967019,0,-0.26921875419983016,0.0049855324851820395,-0.00035610946322728857,0,0.00035610946322728857,0.47787577122525454,-9.4380464816987768,17.944757500214706,-3.9428459673569294,3.6985799731456241,1.0178997874811033,-8.3972349690762426e-16,-10.177017430672366,17.945339095907457,-4.0524478649995253,3.7273496018439407,1.0123093027930434,-8.8817841970012523e-16,-9.8539549256325678,17.941350669919313,-4.0523232266873954,3.7273496018439407,1.0122452030896625,1,1.8307835762794629,1.7616246212198707,1,1,1
1785224838.4748063,1,1,0.99951978427027066,1.0164643257437325,0.030987107840382996,3,0,1,0,1.5451481870063595,-0.2004797081811012,-1.003092914015864,-0.94166486219900158,-2.2140364278080842,0.20571337344967019,0,-0.26530155010432999,0.003204985169045597,0.00035610946322728857,-0.00035610946322728857,0.00035610946322728857,0.47787577122525454,-9.4380464816987768,18.310192004506327,-3.9428459673569294,3.7618035624301647,1.0558339410518278,-1.316342644104501e-15,-9.8746147878038961,17.896537343117807,-4.0305273756749926,3.7681824288370338,1.0090904154954916,-1.3322676295501878e-15,-9.5562529276787007,17.89397335498257,-4.0306520139871225,3.7682465285404141,1.0090263157921107,1,1.8307835762794629,1.7616246212198707,1,1,1
1785224838.4948063,1,1,0.99951978427027066,1.0164643257437325,0.030987107840382996,3,0,1,0,1.5451477123835908,-0.20560041323076031,-1.0030758275961968,-0.94166628606730718,-2.2140364278080842,0.20571289882690166,0,-0.26102823654560253,-0.00071221892645457715,0,0,0,0,-9.7566303291822809,17.944757500214706,-4.3082804716485468,3.7997377160008892,1.0178997874811033,-1.4575917677651081e-15,-9.5959287321078861,17.851619476865061,-4.0104730438568152,3.8052352084088374,1.0061344834653718,-1.4432899320127035e-15,-9.282694848253163,17.852189252006223,-4.0104730438568152,3.805235208408837,1.0061344834653718,1,1.8307835762794629,1.7616246212198707,1,1,1
1785224838.5148063,1,1,0.99951978427027066,1.0164643257437325,0.030987107840382996,3,0,1,0,1.5451472377608224,-0.21095131032315595,-1.0030824723149563,-0.94166723531284424,-2.2140369024308524,0.20571289882690166,0,-0.25675492298687508,0,0,-0.00035610946322728857,0,0,-8.4822949392482681,17.675489970736674,-3.7697454126924788,3.9008954588561542,1.0178997874811033,-1.0591977077866677e-16,-9.3046814258393837,17.80438926352738,-3.9894976555896848,3.8436663900723818,1.0030309085920273,-1.1102230246251565e-16,-8.996575518255133,17.80438926352738,-3.9894976555896848,3.8437304897757625,1.0030309085920273,1,1.8307835762794629,1.7616246212198707,1,1,1
1785224838.5348065,1,1,0.99951978427027066,1.0164643257437325,0.030987107840382996,3,0,1,0,1.545146763138054,-0.21585368889929171,-1.0030824723149563,-0.9416681845583813,-2.2140364278080842,0.20571289882690166,0,-0.24607163909005639,0.00035610946322728857,0,0,0,0,-8.9601707104735233,18.137091449841876,-4.0390129421705128,3.8313495106431597,1.0874457356940981,-9.3708991070094869e-16,-9.0375746337245744,17.760618562126183,-3.9701586683742067,3.8788291301166753,1.0001590513193521,-8.8817841970012523e-16,-8.7422886668165063,17.7603336745556,-3.9701586683742067,3.8788291301166749,1.0001590513193521,1,1.8307835762794629,1.7616246212198707,1,1,1
1785224838.5548065,1,1,0.99951978427027066,1.0164643257437325,0.030987107840382996,3,0,1,0,1.545146763138054,-0.22090652289305115,-1.0030782007100396,-0.94167008304945543,-2.2140364278080842,0.20571289882690166,0,-0.24535942016360182,0,0,0,0,-0.59734471403156819,-8.6415868629900192,17.406222441258638,-4.3082804716485468,3.9325072534984242,0.84719609641284388,-9.4547689351828187e-16,-8.7620064967101676,17.715006869299749,-3.9501118048944934,3.9150030556229551,0.99717192968431978,-9.9920072216264089e-16,-8.4675751925138449,17.715006869299749,-3.9501118048944934,3.9150030556229551,0.99717192968431978,1,1.8307835762794629,1.7616246212198707,1,1,1
1785224838.5748065,1,1,0.99951978427027066,1.0164643257437325,0.030987107840382996,3,0,1,0,1.5451462885152853,-0.22564088500912766,-1.0030791499555767,-0.94167103229499249,-2.2140369024308524,0.20571337344967019,-0.00035610946322728857,-0.23930555928873792,-0.00035610946322728857,0,0,0,0,-8.4822949392482681,17.579322995923089,-4.0390129421705128,3.8629613052854297,0.98628799283883317,-9.7078474705764753e-16,-8.5036603390502261,17.671898988003083,-3.9312525533927034,3.9487662744272862,0.9943519855816898,0.00042733135587174709,-8.2164936679037428,17.672183875573666,-3.9312525533927034,3.9487662744272858,0.9943519855816898,1,1.8307835762794629,1.7616246212198707,1,1,1
1785224838.5948064,1,1,0.99951978427027066,1.0164643257437325,0.030987107840382996,3,0,1,0,1.5451448646469799,-0.23045640761862263,-1.0030810484466508,-0.94167245616329798,-2.2140364278080842,0.20571337344967019,-0.00035610946322728857,-0.2304028227080557,0,-0.00035610946322728857,0,0,0,-8.3230030155065169,17.579322995923089,-4.0390129421705128,4.0336649963536892,0.91674204462583853,-2.2310278966220663e-15,-8.2407151261645026,17.627655684865083,-3.9119868959194055,3.9830175215819867,0.99146214906873054,0.00042733135587052584,-7.9642317389148358,17.627655684865083,-3.9118622576072761,3.9830175215819872,0.99146214906873054,1,1.8307835762794629,1.7616246212198707,1,1,1
1785224838.6148064,1,1,0.99951978427027066,1.0164643257437325,0.030987107840382996,3,0,1,0,1.5451443900242112,-0.23487134861147912,-1.0030805738238822,-0.94167293078606651,-2.2140331054487041,0.20571337344967019,0,-0.22292452398028265,-0.00035610946322728857,0,0.00035610946322728857,0,0,-8.1637110917647657,17.310055466445053,-3.8466789925433456,3.9325072534984242,0.98628799283883317,-1.4474498498274859e-15,-7.9994878791173445,17.586734046618766,-3.894238360562003,4.0143696897238508,0.98879132704505701,-1.4432899320127035e-15,-7.7319784503410069,17.587018934189349,-3.894238360562003,4.0143055900204692,0.98879132704505701,1,1.8307835762794629,1.7616246212198707,1,1,1
1785224838.6348064,1,1,0.99951978427027066,1.0164643257437325,0.030987107840382996,3,0,1,0,1.5451443900242112,-0.23932425942581795,-1.0030791499555767,-0.94167340540883504,-2.2140321562031673,0.20571337344967019,0,-0.21117291169378211,0,0,0.00035610946322728857,0.00035610946322728857,0.31858384748350305,-7.2477825302496939,17.406222441258638,-3.7697454126924788,4.0336649963536892,0.88513024998356815,-1.0271888517862724e-15,-7.7560095450858162,17.54508242741295,-3.8762510874331504,4.0459044271319495,0.98607676646847986,-9.9920072216264089e-16,-7.5026020510532785,17.54508242741295,-3.8762510874331504,4.0458403274285688,0.98601266676509902,1,1.8307835762794629,1.7616246212198707,1,1,1
1785224838.6548064,1,1,0.99951978427027066,1.0164643257437325,0.030987107840382996,3,0,1,0,1.5451439154014428,-0.24337706324628686,-1.0030796245783451,-0.94167482927714063,-2.2140321562031673,0.20571337344967019,0,-0.20725570759828194,-0.00035610946322728857,-0.00035610946322728857,0,0,-0.27876086654806514,-7.0884906065079418,17.406222441258638,-3.9428459673569294,4.0715991499244133,1.0558339410518278,-8.4476969542400108e-16,-7.5342892968026351,17.506873655572864,-3.8598222451036546,4.0745203882699448,0.98359070125746018,-8.8817841970012523e-16,-7.2855824476846953,17.507158543143447,-3.8596976067915252,4.0745203882699439,0.98359070125746029,1,1.8307835762794629,1.7616246212198707,1,1,1
1785224838.6748064,1,1,0.99951978427027066,1.0164643257437325,0.030987107840382996,3,0,1,0,1.5451429661559057,-0.24757415238838856,-1.0030853200515675,-0.94167482927714063,-2.2140331054487041,0.20571337344967019,0,-0.20084573726019075,-0.00035610946322728857,0,0,0.00035610946322728857,-0.27876086654806514,-7.6858353205395105,17.483156021109505,-3.6735784378788949,4.2043686874219492,0.9546761981965628,-1.1537218946204049e-15,-7.3046037428698316,17.467046688624791,-3.8427551898155925,4.1040390398260858,0.98100096258346958,-1.1102230246251565e-15,-7.0635888581576012,17.467331576195374,-3.8427551898155925,4.1040390398260858,0.98093686288008874,1,1.8307835762794629,1.7616246212198707,1,1,1
1785224838.6948063,1,1,0.99951978427027066,1.0164643257437325,0.030987107840382996,3,0,1,0,1.5451424915331371,-0.25136638830893504,-1.0030843708060304,-0.94167482927714063,-2.2140345293170101,0.20571289882690166,0,-0.19051856282659937,0,0,0,0,-0.43805279028981664,-6.9291986827661907,17.579322995923089,-3.8466789925433456,4.1032109445666842,0.78397250712830324,-1.5372937950198227e-16,-7.0969054766495638,17.430732191345353,-3.82724985130766,4.1306875839658792,0.97864241069394575,-1.1102230246251565e-16,-6.8682832012576478,17.430732191345353,-3.82724985130766,4.1306875839658783,0.97864241069394575,1,1.8307835762794629,1.7616246212198707,1,1,1
1785224838.7148063,1,1,0.99951978427027066,1.0164643257437325,0.030987107840382996,3,0,1,0,1.5451415422876,-0.25521368047063092,-1.0030791499555767,-0.94167625314544623,-2.2140359531853155,0.20571289882690166,-0.00035610946322728857,-0.18766968712078108,0.00035610946322728857,0,0,0,-0.43805279028981664,-6.9291986827661907,17.771656945550255,-4.0390129421705128,4.0336649963536892,1.0558339410518278,-1.5875586284511242e-15,-6.886045114510682,17.393584271183155,-3.8114514653520684,4.1576954349535873,0.97623345663680505,0.00042733135587119198,-6.6608414899657422,17.393299383612572,-3.8114514653520684,4.1576954349535864,0.97623345663680516,1,1.8307835762794629,1.7616246212198707,1,1,1
1785224838.7348063,1,1,0.99951978427027066,1.0164643257437325,0.030987107840382996,3,0,1,0,1.5451391691737575,-0.25887349663875781,-1.0030796245783451,-0.94167720239098329,-2.2140369024308524,0.20571289882690166,0,-0.1866013587310992,0,0,-0.00035610946322728857,0.00035610946322728857,0.31858384748350305,-6.4513229115409363,17.483156021109505,-3.6735784378788949,4.2043686874219492,0.88513024998356815,-1.2747258324340742e-15,-6.6854307788147178,17.358061869870191,-3.7963921738485564,4.1832934653525005,0.97393167938284808,-1.2212453270876722e-15,-6.4615091483374005,17.358061869870191,-3.7963921738485564,4.1833575650558812,0.97386757967946713,1,1.8307835762794629,1.7616246212198707,1,1,1
1785224838.7548063,1,1,0.99951978427027066,1.0164643257437325,0.030987107840382996,3,0,1,0,1.5451363214371463,-0.26261874490521997,-1.0030800992011137,-0.94167815163652036,-2.2140364278080842,0.20571289882690166,0,-0.17769862215041698,0,0.00035610946322728857,0,0,0.47787577122525454,-6.4513229115409363,17.117721516817888,-3.3850775134381439,4.1727568927796783,1.0558339410518278,-8.2565693833413506e-16,-6.4800577477637837,17.321477524790303,-3.7809316715463863,4.2094397284022094,0.97156303757266926,-7.7715611723760958e-16,-6.2668194011832794,17.321477524790303,-3.7810563098585157,4.2094397284022094,0.97156303757266937,1,1.8307835762794629,1.7616246212198707,1,1,1
1785224838.7748065,1,1,0.99951978427027066,1.0164643257437325,0.030987107840382996,3,0,1,0,1.5451358468143777,-0.26602036628726711,-1.0030800992011137,-0.94167862625928889,-2.2140378516763897,0.20571289882690166,0,-0.17271308966523496,0,0.00035610946322728857,0,0,-0.11946894280631364,-6.6106148352826875,17.213888491631472,-3.7697454126924788,4.2739146356349433,0.81558430177057351,-9.2096797893594105e-16,-6.2934378566383771,17.288020611575078,-3.7668364928553384,4.2331269655829677,0.96939883887875455,-8.8817841970012523e-16,-6.0861821490400949,17.288020611575078,-3.7669611311674678,4.2331269655829669,0.96939883887875467,1,1.8307835762794629,1.7616246212198707,1,1,1
1785224838.7948065,1,1,0.99951978427027066,1.0164643257437325,0.030987107840382996,3,0,1,0,1.5451353721916092,-0.26956579836817857,-1.0030796245783451,-0.94167910088205742,-2.2140406994130006,0.20571337344967019,0,-0.17342530859168953,0,0,0,0.00035610946322728857,0.63716769496700609,-5.6548632928321787,17.406222441258638,-3.8466789925433456,4.2043686874219492,0.98628799283883317,-1.1746767821908207e-15,-6.0988411750963554,17.252919057938527,-3.7520944341855484,4.2577587099946719,0.96713033933174153,-1.2212453270876722e-15,-5.890730804786326,17.252919057938527,-3.7520944341855484,4.2577587099946719,0.96706623962836069,1,1.8307835762794629,1.7616246212198707,1,1,1
1785224838.8148065,1,1,0.99951978427027066,1.0164643257437325,0.030987107840382996,3,0,1,0,1.5451348975688406,-0.27290382029924282,-1.0030810484466508,-0.94167957550482595,-2.2140416486585379,0.20571289882690166,0,-0.16986421395941664,0,-0.00035610946322728857,0,0.00035610946322728857,0.47787577122525454,-5.8141552165739299,17.213888491631472,-3.8466789925433456,4.2359804820642193,0.9546761981965628,-1.9047135713119213e-15,-5.9155963256708741,17.219702316334871,-3.7381826129398745,4.2808977773367376,0.96498546376817251,-1.8873791418627661e-15,-5.7117592689195762,17.219702316334871,-3.7380579746277451,4.2808977773367367,0.96492136406479156,1,1.8307835762794629,1.7616246212198707,1,1,1
1785224838.8348064,1,1,0.99951978427027066,1.0164643257437325,0.030987107840382996,3,0,1,0,1.5451329990777665,-0.2762992715852991,-1.0030810484466508,-0.94168052475036301,-2.2140449710179175,0.20571289882690166,-0.00035610946322728857,-0.16274202469487087,0,0,-0.00035610946322728857,0,0,-5.9734471403156819,17.406222441258638,-4.0390129421705128,4.3371382249194843,1.0874457356940981,-1.4662199655496339e-15,-5.729101881791185,17.18568125243354,-3.7239797980876919,4.3043830699818431,0.9627912391517538,0.000427331355871303,-5.5338114521573427,17.18568125243354,-3.7239797980876919,4.3044471696852229,0.96279123915175391,1,1.8307835762794629,1.7616246212198707,1,1,1
1785224838.8548064,1,1,0.99951978427027066,1.0164643257437325,0.030987107840382996,3,0,1,0,1.5451311005866923,-0.27944459667234056,-1.0030800992011137,-0.94168099937313154,-2.2140473441317603,0.20571289882690166,0,-0.15918093006259798,0.00035610946322728857,0.00035610946322728857,-0.00035610946322728857,0,0.79645961870875759,-6.4513229115409363,17.213888491631472,-4.0390129421705128,4.3750723784902084,0.9546761981965628,-8.7833663575160478e-16,-5.5562881099141093,17.153984840857039,-3.71078094704164,4.3261039644614216,0.96074802805191462,-8.8817841970012523e-16,-5.3652709938389886,17.153699953286456,-3.7109055853537694,4.3261680641648015,0.96074802805191473,1,1.8307835762794629,1.7616246212198707,1,1,1
1785224838.8748064,1,1,0.99951978427027066,1.0164643257437325,0.030987107840382996,3,0,1,0,1.5451301513411553,-0.28275793821944134,-1.0030815230694192,-0.94168147399590008,-2.2140473441317603,0.20571289882690166,0,-0.16416646254778003,-0.00035610946322728857,0,0.00035610946322728857,0,0.79645961870875759,-5.1769875216069243,17.021554542004303,-3.3850775134381439,4.2359804820642193,0.88513024998356815,-1.5589313225952808e-15,-5.3742324107382746,17.12045245000909,-3.6968526852123036,4.348937029048642,0.95858763914851475,-1.5543122344752192e-15,-5.1772326556809372,17.120737337579673,-3.6968526852123036,4.3488729293452613,0.95858763914851486,1,1.8307835762794629,1.7616246212198707,1,1,1
1785224838.8948064,1,1,0.99951978427027066,1.0164643257437325,0.030987107840382996,3,0,1,0,1.5451296767183869,-0.28499008909983309,-1.0030838961832618,-0.94168147399590008,-2.2140478187545285,0.20571289882690166,0,-0.15455150704064324,0,0,0,0,-0.43805279028981664,-5.3362794453486755,16.944620962153436,-3.6735784378788949,4.3371382249194843,0.9546761981965628,-2.7869786245483245e-16,-5.2515665182987368,17.097767350461876,-3.6874503409178092,4.3642792294858745,0.95712685403720965,-3.3306690738754696e-16,-5.0661047098499656,17.097767350461876,-3.6874503409178092,4.3642792294858737,0.95712685403720976,1,1.8307835762794629,1.7616246212198707,1,1,1
1785224838.9148064,1,1,0.99951978427027066,1.0164643257437325,0.030987107840382996,3,0,1,0,1.5451292020956182,-0.28888626740668744,-1.0030838961832618,-0.94168289786420567,-2.2140487680000658,0.20571289882690166,0,-0.14564877045996102,-0.00035610946322728857,-0.00035610946322728857,0,0,0,-5.1769875216069243,17.310055466445053,-3.7697454126924788,4.3055264302772143,0.9546761981965628,-7.1855181219336659e-16,-5.0373477803767344,17.057915689411324,-3.6709822399428798,4.3910373759140198,0.95456392860386641,-6.6613381477509392e-16,-4.8625692558247815,17.058200576981907,-3.6708576016307504,4.3910373759140189,0.95456392860386652,1,1.8307835762794629,1.7616246212198707,1,1,1
1785224838.9348063,1,1,0.99951978427027066,1.0164643257437325,0.030987107840382996,3,0,1,0,1.5451287274728498,-0.2916571151293596,-1.0030848454287988,-0.94168289786420567,-2.2140516157366767,0.20571289882690166,0.00035610946322728857,-0.13888269065864253,0,0,-0.00035610946322728857,0,0,-4.8584036741234211,16.944620962153436,-3.7697454126924788,4.4446183267032033,1.0178997874811033,-9.8367521085305734e-16,-4.8849578531637174,17.029413299140209,-3.6592325160815333,4.4100048686104945,0.95273173947046697,-0.00042733135587374549,-4.7182986243733485,17.029413299140209,-3.6592325160815333,4.4100689683138752,0.95273173947046708,1,1.8307835762794629,1.7616246212198707,1,1,1
1785224838.9548063,1,1,0.99951978427027066,1.0164643257437325,0.030987107840382996,3,0,1,0,1.5451282528500812,-0.2945257351423487,-1.003086743919873,-0.9416833724869742,-2.2140544634732882,0.20571289882690166,0,-0.13852658119541525,-0.00035610946322728857,0,0,0,0,-4.5398198266399179,16.559953062899101,-3.7697454126924788,4.4066841731324784,0.91674204462583853,-1.2703756976011763e-15,-4.7271636637244718,16.999774235765774,-3.6470444795941988,4.429601335727928,0.95082817071263126,-1.2212453270876722e-15,-4.5609317662899702,17.000059123336356,-3.6470444795941988,4.4296013357279271,0.95082817071263137,1,1.8307835762794629,1.7616246212198707,1,1,1
1785224838.9748063,1,1,0.99951978427027066,1.0164643257437325,0.030987107840382996,3,0,1,0,1.5451277782273127,-0.29713521112372099,-1.0030881677881787,-0.9416833724869742,-2.2140539888505195,0.20571289882690166,0,-0.12962384461473303,0,0,0,0,-0.11946894280631364,-4.6991117503816699,17.213888491631472,-4.0390129421705128,4.5078419159877434,1.0178997874811033,-8.8938161052903219e-16,-4.5836145070721477,16.972710707609835,-3.6359349196561004,4.4474153662360809,0.94909011323301262,-8.8817841970012523e-16,-4.4280658935344688,16.972710707609835,-3.6359349196561004,4.4474153662360809,0.94909011323301273,1,1.8307835762794629,1.7616246212198707,1,1,1
1785224838.9948063,1,1,0.99951978427027066,1.0164643257437325,0.030987107840382996,3,0,1,0,1.5451268289817757,-0.29962982839510927,-1.0030881677881787,-0.9416833724869742,-2.2140539888505195,0.20571289882690166,-0.00035610946322728857,-0.11716001340177794,0,0,0,0,-0.43805279028981664,-4.5398198266399179,17.021554542004303,-3.3850775134381439,4.4762301213454734,0.9546761981965628,-9.911819919898826e-16,-4.4463394834158487,16.946711742826274,-3.6252844809855724,4.4644235779167145,0.94742148530537151,0.00042733135587174709,-4.3057474673337142,16.946711742826274,-3.6252844809855724,4.4644235779167136,0.94742148530537151,1,1.8307835762794629,1.7616246212198707,1,1,1
1785224839.0148063,1,1,0.99951978427027066,1.0164643257437325,0.030987107840382996,3,0,1,0,1.545126354359007,-0.30186862399426045,-1.0030862692971045,-0.94168432173251126,-2.2140539888505195,0.20571289882690166,0.00035610946322728857,-0.11181837145336861,0,0,0,0,0,-3.7433602079311603,16.944620962153436,-3.3850775134381439,4.5078419159877434,0.88513024998356815,-8.2625812394669949e-16,-4.3230959623686012,16.923264217795747,-3.6157023129642756,4.4796788105320484,0.94591834285125087,-0.00042733135587352344,-4.1889139166245553,16.923264217795747,-3.6157023129642756,4.4796788105320484,0.94591834285125098,1,1.8307835762794629,1.7616246212198707,1,1,1
1785224839.0348065,1,1,0.99951978427027066,1.0164643257437325,0.030987107840382996,3,0,1,0,1.5451254051134702,-0.30413969394167156,-1.0030862692971045,-0.9416847963552798,-2.214055412718825,0.20571289882690166,0,-0.11039393360045946,-0.00035610946322728857,0,-0.00035610946322728857,0,-0.43805279028981664,-4.0619440554146635,16.848453987339855,-3.4812444882517277,4.4446183267032033,1.0178997874811033,-4.2940591857354331e-16,-4.1980687652684479,16.899402979319728,-3.6059670492935902,4.495108409171972,0.94438924078632847,-4.4408920985006262e-16,-4.0655960449478936,16.899687866890311,-3.6059670492935902,4.4951725088753518,0.94438924078632858,1,1.8307835762794629,1.7616246212198707,1,1,1
1785224839.0548065,1,1,0.99951978427027066,1.0164643257437325,0.030987107840382996,3,0,1,0,1.5451249304907015,-0.3062645800763758,-1.0030895916564841,-0.94168527097804833,-2.2140558873415936,0.20571242420413313,0,-0.10825727682109572,-0.00035610946322728857,0,0,-0.00035610946322728857,-0.59734471403156819,-4.0619440554146635,16.848453987339855,-4.0390129421705128,4.5457760695584684,0.84719609641284388,-6.8132265413934675e-16,-4.0811147899164419,16.877039210354948,-3.5968573895331386,4.5095063526310728,0.94295685103687132,-6.6613381477509392e-16,-3.9512060577311261,16.877324097925531,-3.5968573895331386,4.5095063526310728,0.94302095074025227,1,1.8307835762794629,1.7616246212198707,1,1,1
1785224839.0748065,1,1,0.99951978427027066,1.0164643257437325,0.030987107840382996,3,0,1,0,1.5451249304907015,-0.30843408075132173,-1.0030976602435493,-0.9416847963552798,-2.2140563619643623,0.20571242420413313,0,-0.099710649703640797,-0.00035610946322728857,0.00035610946322728857,-0.00035610946322728857,0,0.47787577122525454,-3.9026521316729119,16.944620962153436,-3.5774114630653115,4.5078419159877434,0.98628799283883317,4.2419304359224423e-16,-3.9617441322437754,16.85417996849721,-3.5875568262706086,4.5241522266780763,0.94149231644476683,4.4408920985006262e-16,-3.8420913525994038,16.854464856067793,-3.587681464582738,4.524216326381457,0.94149231644476683,1,1.8307835762794629,1.7616246212198707,1,1,1
1785224839.0948064,1,1,0.99951978427027066,1.0164643257437325,0.030987107840382996,3,0,1,0,1.5451244558679331,-0.31024998746371357,-1.0030976602435493,-0.94168527097804833,-2.2140596843237419,0.20571242420413313,0,-0.087602927953912987,0,0,0,0,0,-4.0619440554146635,17.021554542004303,-3.6735784378788949,4.6089996588430084,0.88513024998356815,-1.1789072950448614e-16,-3.861717157250129,16.834888873848033,-3.5797272882145972,4.5364248542525347,0.94025830328266791,-1.1102230246251565e-16,-3.7565936437054308,16.834888873848033,-3.5797272882145972,4.5364248542525338,0.94025830328266791,1,1.8307835762794629,1.7616246212198707,1,1,1
1785224839.1148064,1,1,0.99951978427027066,1.0164643257437325,0.030987107840382996,3,0,1,0,1.5451235066223961,-0.31200276934789106,-1.0030933886386324,-0.94168622022358539,-2.214067752910807,0.20571289882690166,0,-0.08475405224809468,0.00035610946322728857,0,-0.00071221892645457715,0.00035610946322728857,0,-3.9026521316729119,16.752287012526271,-3.3850775134381439,4.4762301213454734,0.98628799283883317,-4.7693134334577337e-16,-3.7650719936475245,16.816132614778319,-3.572132548413756,4.5482577314463359,0.9390601344993077,-4.4408920985006262e-16,-3.6633671309498106,16.815847727207736,-3.572132548413756,4.5483859308530974,0.93899603479592675,1,1.8307835762794629,1.7616246212198707,1,1,1
1785224839.1348064,1,1,0.99951978427027066,1.0164643257437325,0.030987107840382996,3,0,1,0,1.5451235066223961,-0.31368245932571515,-1.003092914015864,-0.94168622022358539,-2.2140724991384921,0.20571289882690166,0.00035610946322728857,-0.086890709027458407,-0.00035610946322728857,0,-0.00035610946322728857,0.00035610946322728857,0.63716769496700609,-3.9026521316729119,17.406222441258638,-3.4812444882517277,4.5773878642007384,0.81558430177057351,-6.5456347122192641e-16,-3.6725131897117937,16.798173425029734,-3.5648623468616436,4.5595753972672801,0.93791206353443546,-0.00042733135587341242,-3.5682443388788432,16.798458312600317,-3.5648623468616436,4.55963949697066,0.93784796383105462,1,1.8307835762794629,1.7616246212198707,1,1,1
1785224839.1548064,1,1,0.99951978427027066,1.0164643257437325,0.030987107840382996,3,0,1,0,1.545122557376859,-0.31538967742411383,-1.0030952871297065,-0.94168622022358539,-2.2140724991384921,0.20571242420413313,0,-0.079768519762912632,0,0,0,0,-0.11946894280631364,-3.6238912651248469,16.848453987339855,-3.2119769587736937,4.4066841731324784,1.0874457356940981,-7.1932051234548397e-16,-3.5784948976108484,16.779936015535458,-3.5574844709045275,4.5710746844506707,0.936745949823651,-6.6613381477509392e-16,-3.4827726738953499,16.779936015535458,-3.5574844709045275,4.5710746844506698,0.936745949823651,1,1.8307835762794629,1.7616246212198707,1,1,1
1785224839.1748064,1,1,0.99951978427027066,1.0164643257437325,0.030987107840382996,3,0,1,0,1.5451220827540904,-0.31690372405572126,-1.0030976602435493,-0.94168622022358539,-2.2140786692344832,0.20571242420413313,0,-0.074782987277730598,0,-0.00035610946322728857,-0.00071221892645457715,0,-0.27876086654806514,-3.4645993413830953,16.848453987339855,-3.8466789925433456,4.4762301213454734,0.91674204462583853,-7.43291688645449e-16,-3.4950659687931478,16.76367968351461,-3.5509218083065619,4.5812233344743936,0.9357078108149357,-7.7715611723760958e-16,-3.4053263840598724,16.76367968351461,-3.5507971699944325,4.5813515338811541,0.9357078108149357,1,1.8307835762794629,1.7616246212198707,1,1,1
1785224839.1948063,1,1,0.99951978427027066,1.0164643257437325,0.030987107840382996,3,0,1,0,1.5451220827540904,-0.31845384201773691,-1.0030990841118548,-0.94168527097804833,-2.2140891109353906,0.20571242420413313,0,-0.075851315667412461,0,0,-0.00035610946322728857,-0.00035610946322728857,-0.11946894280631364,-3.4645993413830953,16.656120037712686,-3.3850775134381439,4.6089996588430084,0.98628799283883317,-5.1542150223105023e-16,-3.4096057592734152,16.746959986137036,-3.5441784511445036,4.5915832894350634,0.9346402437082254,-5.5511151231257827e-16,-3.3185841804725236,16.746959986137036,-3.5441784511445036,4.5916473891384433,0.93470434341160646,1,1.8307835762794629,1.7616246212198707,1,1,1
1785224839.2148063,1,1,0.99951978427027066,1.0164643257437325,0.030987107840382996,3,0,1,0,1.5451220827540904,-0.31994083515153815,-1.0031000333573918,-0.94168527097804833,-2.2140914840492334,0.20571242420413313,0,-0.075851315667412461,0,0,0,0,-0.11946894280631364,-3.4645993413830953,16.290685533421069,-3.3850775134381439,4.6469338124137334,1.0178997874811033,-4.7517599740254313e-16,-3.3276650626337134,16.730928871496175,-3.5377184908175803,4.601561096178151,0.93361648852386636,-4.4408920985006262e-16,-3.2366434838328182,16.730928871496175,-3.5377184908175803,4.6015610961781501,0.93361648852386647,1,1.8307835762794629,1.7616246212198707,1,1,1
1785224839.2348063,1,1,0.99951978427027066,1.0164643257437325,0.030987107840382996,3,0,1,0,1.5451216081313219,-0.32146484886128468,-1.0031005079801605,-0.94168574560081686,-2.2140924332947702,0.20571242420413313,0,-0.072646330498366871,0.00035610946322728857,0,-0.00035610946322728857,0,-0.27876086654806514,-3.4645993413830953,17.021554542004303,-3.7697454126924788,4.5457760695584684,1.0874457356940981,-7.0927212328055627e-16,-3.243680721343551,16.714462960026104,-3.5310920744465824,4.6117898800474126,0.93256549539203226,-6.6613381477509392e-16,-3.1565051247455114,16.714178072455521,-3.5310920744465824,4.6118539797507934,0.93256549539203237,1,1.8307835762794629,1.7616246212198707,1,1,1
1785224839.2548063,1,1,0.99951978427027066,1.0164643257437325,0.030987107840382996,3,0,1,0,1.5451211335085533,-0.32282179535650901,-1.0031000333573918,-0.94168622022358539,-2.2141005018818354,0.20571242420413313,-0.00035610946322728857,-0.06801690747641212,0.00035610946322728857,-0.00035610946322728857,-0.0010683283896818657,-0.00035610946322728857,0,-2.6681397226743377,16.752287012526271,-3.3081439335872771,4.7101574016982735,0.88513024998356815,-5.1266509953181046e-16,-3.1688358939756296,16.69970805215068,-3.5251670358486646,4.6208515607960186,0.93162531774278623,0.00042733135587219118,-3.0872156050039381,16.699423164580097,-3.5250423975365353,4.6210438599061607,0.93168941744616718,1,1.8307835762794629,1.7616246212198707,1,1,1
1785224839.2748065,1,1,0.99951978427027066,1.0164643257437325,0.030987107840382996,3,0,1,0,1.5451206588857849,-0.32424281592548476,-1.0030995587346234,-0.94168574560081686,-2.2141142659421229,0.20571289882690166,0,-0.070865783182230427,0,0,-0.00035610946322728857,0,0,-3.4645993413830953,16.386852508234654,-3.3850775134381439,4.5773878642007384,0.9546761981965628,-7.669118108710713e-16,-3.090418056994658,16.684189722829842,-3.5189417490954873,4.6302985107844563,0.93063658575090624,-7.7715611723760958e-16,-3.0053791171759809,16.684189722829842,-3.5189417490954873,4.630362610487837,0.93063658575090624,1,1.8307835762794629,1.7616246212198707,1,1,1
1785224839.2948065,1,1,0.99951978427027066,1.0164643257437325,0.030987107840382996,3,0,1,0,1.5451206588857849,-0.32561020412161673,-1.003102881094003,-0.94168527097804833,-2.2141156898104284,0.20571289882690166,0,-0.0687291264028667,-0.00035610946322728857,0,0,0,-0.27876086654806514,-3.3053074176413437,16.559953062899101,-3.8466789925433456,4.6089996588430084,0.84719609641284388,-1.0547679563972712e-15,-3.0150821419491307,16.669350009020381,-3.5129844236748213,4.6394248392393145,0.92968946336803804,-1.1102230246251565e-15,-2.9326071902656894,16.669634896590964,-3.5129844236748213,4.6394248392393145,0.92968946336803815,1,1.8307835762794629,1.7616246212198707,1,1,1
1785224839.3148065,1,1,0.99951978427027066,1.0164643257437325,0.030987107840382996,3,0,1,0,1.5451206588857849,-0.32692870617259023,-1.0031090511899938,-0.9416847963552798,-2.2141166390559652,0.20571289882690166,0,-0.059826389822184481,0,0,0,0,0.47787577122525454,-2.986723570157841,17.021554542004303,-3.6735784378788949,4.5773878642007384,0.9546761981965628,-4.8149807569330716e-16,-2.9424720776064186,16.655046557262441,-3.507247654097263,4.648199360981943,0.9287767337515358,-4.4408920985006262e-16,-2.8706804098197964,16.655046557262441,-3.507247654097263,4.648199360981943,0.9287767337515358,1,1.8307835762794629,1.7616246212198707,1,1,1
1785224839.3348064,1,1,0.99951978427027066,1.0164643257437325,0.030987107840382996,3,0,1,0,1.5451201842630162,-0.32803932345094805,-1.0031081019444568,-0.94168527097804833,-2.2141175883015025,0.20571289882690166,0,-0.054484747873775149,0.00035610946322728857,0,0,0,0,-2.6681397226743377,17.117721516817888,-3.5774114630653115,4.7101574016982735,0.9546761981965628,-2.9121470095265036e-16,-2.8812321929571953,16.642903807923048,-3.5023865667110989,4.6556261424305214,0.92800294132168637,-3.3306690738754696e-16,-2.8158504955086618,16.642618920352465,-3.5023865667110989,4.6556261424305205,0.92800294132168637,1,1.8307835762794629,1.7616246212198707,1,1,1
1785224839.3548064,1,1,0.99951978427027066,1.0164643257437325,0.030987107840382996,3,0,1,0,1.5451201842630162,-0.32916607790343583,-1.0031066780761513,-0.94168527097804833,-2.2141185375470394,0.20571289882690166,0,-0.054128638410547859,0.00035610946322728857,0,0,0,-0.27876086654806514,-2.8274316464160894,16.848453987339855,-3.5774114630653115,4.6089996588430084,0.98628799283883317,-6.8000517659132686e-16,-2.8190963149337485,16.630560504225706,-3.4974467608191993,4.663157161988833,0.92721608905194264,-6.6613381477509392e-16,-2.7541419488410877,16.630275616655123,-3.4974467608191993,4.663157161988833,0.92721608905194275,1,1.8307835762794629,1.7616246212198707,1,1,1
1785224839.3748064,1,1,0.99951978427027066,1.0164643257437325,0.030987107840382996,3,0,1,0,1.5451201842630162,-0.33021546884465336,-1.0031114243038366,-0.94168527097804833,-2.2141180629242712,0.20571242420413313,0,-0.053060310020865996,-0.00035610946322728857,0,0.00035610946322728857,0,0.47787577122525454,-3.1460154938995926,16.848453987339855,-3.3850775134381439,4.6785456070560034,0.98628799283883317,1.2449136958980281e-17,-2.7613033869860071,16.619121900503103,-3.4928711019903416,4.6701331711267073,0.92648702982239983,0,-2.6976310149609684,16.619406788073686,-3.4928711019903416,4.6700690714233266,0.92648702982239994,1,1.8307835762794629,1.7616246212198707,1,1,1
1785224839.3948064,1,1,0.99951978427027066,1.0164643257437325,0.030987107840382996,3,0,1,0,1.5451201842630162,-0.33122641534162006,-1.0031232898730498,-0.9416847963552798,-2.2141180629242712,0.20571242420413313,0.00035610946322728857,-0.045582011293092937,-0.00035610946322728857,0,0,0,-0.11946894280631364,-3.1460154938995926,16.656120037712686,-3.2119769587736937,4.6469338124137334,0.98628799283883317,-4.5089166291350739e-16,-2.7057075353577922,16.608163583431566,-3.4884892142744768,4.6767966385910524,0.92578817624241261,-0.00042733135587319038,-2.651009121806077,16.608448471002148,-3.4884892142744768,4.6767966385910515,0.92578817624241272,1,1.8307835762794629,1.7616246212198707,1,1,1
1785224839.4148064,1,1,0.99951978427027066,1.0164643257437325,0.030987107840382996,3,0,1,0,1.5451197096402478,-0.33201523838291525,-1.003126137609661,-0.9416847963552798,-2.2141180629242712,0.20571242420413313,0,-0.036323165249183435,-0.00035610946322728857,0,0.00035610946322728857,0,0.79645961870875759,-2.5088477989325861,16.656120037712686,-3.8466789925433456,4.7101574016982735,0.88513024998356815,2.0499073519988717e-17,-2.6622506441205953,16.599529291885489,-3.48504084008963,4.6820362346970192,0.92523799246872696,0,-2.6186628458215768,16.599814179456072,-3.48504084008963,4.6819721349936385,0.92523799246872707,1,1.8307835762794629,1.7616246212198707,1,1,1
1785224839.4348063,1,1,0.99951978427027066,1.0164643257437325,0.030987107840382996,3,0,1,0,1.5451192350174792,-0.3326517075155126,-1.003126137609661,-0.94168527097804833,-2.214119012169808,0.20571289882690166,-0.00035610946322728857,-0.026352100278819353,0,-0.00035610946322728857,0,0.00035610946322728857,0,-2.8274316464160894,16.386852508234654,-3.3081439335872771,4.6469338124137334,0.98628799283883317,-4.7715552946627058e-16,-2.6271506347967777,16.592520736601173,-3.4822469227744937,4.6862724873676562,0.92479188984604477,0.0004273313558723022,-2.5955281144621942,16.592520736601173,-3.4821222844623643,4.6862724873676562,0.92472779014266382,1,1.8307835762794629,1.7616246212198707,1,1,1
1785224839.4548063,1,1,0.99951978427027066,1.0164643257437325,0.030987107840382996,3,0,1,0,1.5451187603947107,-0.33308456348041104,-1.0031256629868923,-0.94168527097804833,-2.214134200098401,0.20571289882690166,0,-0.018873801551046294,0.00035610946322728857,0,-0.0014244378529091543,0,0.31858384748350305,-2.5088477989325861,16.483019483048235,-3.3850775134381439,4.6785456070560034,0.9546761981965628,-7.5038072039644564e-16,-2.6031725841673916,16.587644714623046,-3.4803139451760234,4.6890686605388758,0.92448387383202801,-7.7715611723760958e-16,-2.5805240223061334,16.587359827052463,-3.4803139451760234,4.6893250593523996,0.92448387383202801,1,1.8307835762794629,1.7616246212198707,1,1,1
1785224839.4748063,1,1,0.99951978427027066,1.0164643257437325,0.030987107840382996,3,0,1,0,1.5451182857719421,-0.33339639063933457,-1.0031275614779664,-0.94168527097804833,-2.2141949518127726,0.20571289882690166,0,-0.011395502823273234,-0.00035610946322728857,0,-0.0060538608748639056,-0.00035610946322728857,-0.43805279028981664,-2.6681397226743377,16.194518558607484,-3.3850775134381439,4.6785456070560034,0.98628799283883317,-6.877421924885348e-16,-2.5855732195111494,16.583805205859917,-3.4788328359869976,4.6907722793691793,0.92424972286894469,-6.6613381477509392e-16,-2.5718986161232191,16.5840900934305,-3.4788328359869976,4.6918619743266552,0.92431382257232575,1,1.8307835762794629,1.7616246212198707,1,1,1
1785224839.4948063,1,1,0.99951978427027066,1.0164643257437325,0.030987107840382996,3,0,1,0,1.5451182857719421,-0.33351457170869825,-1.0031408509154853,-0.94168432173251126,-2.2143819531835729,0.20571289882690166,0,-0.0010683283896818657,-0.0014244378529091543,0,-0.0089027365806822138,-0.00035610946322728857,-0.27876086654806514,-2.6681397226743377,16.656120037712686,-3.2119769587736937,4.7101574016982735,0.88513024998356815,-1.2537507726729719e-15,-2.577895530134632,16.58134139109664,-3.4780005235278426,4.690360143281854,0.92412396154648224,-1.2212453270876722e-15,-2.5766135360670148,16.582480941378968,-3.4780005235278426,4.6919626358663766,0.92418806124986319,1,1.8307835762794629,1.7616246212198707,1,1,1
1785224839.5148063,1,1,0.99951978427027066,1.0164643257437325,0.030987107840382996,3,0,1,0,1.5451182857719421,-0.33350840161270739,-1.0031902116834124,-0.9416833724869742,-2.2145561397396234,0.20571289882690166,0,-0.00035610946322728857,-0.0039172040955001743,-0.00035610946322728857,-0.0085466271174549253,0,-0.27876086654806514,-2.6681397226743377,16.944620962153436,-3.7697454126924788,4.6785456070560034,0.9546761981965628,-1.1980753354321327e-15,-2.5775789981231148,16.580734573427591,-3.4778980991517559,4.688955736842388,0.92411429453610394,-1.2212453270876722e-15,-2.5771516667672429,16.58386833670399,-3.4777734608396265,4.6904941297235299,0.92411429453610405,1,1.8307835762794629,1.7616246212198707,1,1,1
1785224839.5348065,1,1,0.99951978427027066,1.0164643257437325,0.030987107840382996,3,0,1,0,1.5451187603947107,-0.33350175689394801,-1.0033026972795538,-0.94168289786420567,-2.2146823893960521,0.20571337344967019,0,0.00071221892645457715,-0.0046294230219547511,0,-0.0039172040955001743,0,0.47787577122525454,-2.6681397226743377,16.559953062899101,-3.2119769587736937,4.6785456070560034,0.98628799283883317,-2.023274785017056e-16,-2.5783496590502968,16.581162025336887,-3.4781712644423228,4.6874130061829371,0.92416255878982256,-2.2204460492503131e-16,-2.5792043217620417,16.584865563754452,-3.4781712644423228,4.688118102920126,0.92416255878982256,1,1.8307835762794629,1.7616246212198707,1,1,1
1785224839.5548065,1,1,0.99951978427027066,1.0164643257437325,0.030987107840382996,3,0,1,0,1.5451187603947107,-0.3334728049050677,-1.0033700937126848,-0.94168194861866861,-2.2147578544162481,0.20571337344967019,0.00035610946322728857,0.0021366567793637313,-0.0024927662425910197,0,-0.0035610946322728858,0,-0.43805279028981664,-2.8274316464160894,16.656120037712686,-3.6735784378788949,4.5457760695584684,1.1190575303363683,1.6463934526383021e-16,-2.5801921505961962,16.58169718737588,-3.4784423596811203,4.6863219593495167,0.92420871486314282,-0.00042733135587263527,-2.5827561387314337,16.583691400369954,-3.4784423596811203,4.6869629563833257,0.92420871486314282,1,1.8307835762794629,1.7616246212198707,1,1,1
1785224839.5748065,1,1,0.99951978427027066,1.0164643257437325,0.030987107840382996,3,0,1,0,1.5451187603947107,-0.33344100517957626,-1.0034189798578432,-0.94168147399590008,-2.2148105375435549,0.20571337344967019,0,0.00035610946322728857,-0.0010683283896818657,-0.00035610946322728857,-0.0028488757058183086,0,-0.27876086654806514,-2.8274316464160894,16.483019483048235,-3.9428459673569294,4.6785456070560034,0.81558430177057351,-6.5210030929456945e-16,-2.5821373812439794,16.582217604061306,-3.4786911550700159,4.6854712015068172,0.92425047386865455,-6.6613381477509392e-16,-2.5825647125998543,16.583072266773051,-3.4785665167578865,4.6859839991338639,0.92425047386865455,1,1.8307835762794629,1.7616246212198707,1,1,1
1785224839.5948064,1,1,0.99951978427027066,1.0164643257437325,0.030987107840382996,3,0,1,0,1.5451192350174792,-0.33344812452110423,-1.0034223022172231,-0.94168052475036301,-2.214890748791436,0.20571337344967019,0.00035610946322728857,-0.00035610946322728857,0,0,-0.006409970338091194,0,0.15929192374175152,-2.6681397226743377,16.386852508234654,-3.3850775134381439,4.6469338124137334,1.0178997874811033,-3.6164940220325259e-16,-2.5812214019676549,16.581616764984219,-3.4785130263187289,4.6850188454701636,0.92422506511492997,-0.00042733135587307936,-2.5807940706117805,16.581616764984219,-3.4785130263187289,4.6861726401310193,0.92422506511492997,1,1.8307835762794629,1.7616246212198707,1,1,1
1785224839.6148064,1,1,0.99951978427027066,1.0164643257437325,0.030987107840382996,3,0,1,0,1.5451187603947107,-0.33345619310816921,-1.0034208783489174,-0.94168052475036301,-2.2151209408341725,0.20571384807243873,0,0,0,0,-0.015312706918773409,0,-0.59734471403156819,-2.5088477989325861,16.752287012526271,-3.2119769587736937,4.7101574016982735,0.74603835355757886,-1.0842772651240756e-15,-2.5791361846681395,16.579895765922746,-3.4780176081547216,4.6837166497009628,0.92415475019409454,-1.1102230246251565e-15,-2.5791361846681369,16.579895765922746,-3.4780176081547216,4.6864729369463412,0.92415475019409454,1,1.8307835762794629,1.7616246212198707,1,1,1
1785224839.6348064,1,1,0.99951978427027066,1.0164643257437325,0.030987107840382996,3,0,1,0,1.5451187603947107,-0.33345666773093774,-1.0034223022172231,-0.94168005012759448,-2.2154944689530049,0.20571432269520726,0,0,-0.00035610946322728857,0,-0.022078786720091892,0,0,-2.8274316464160894,16.752287012526271,-3.8466789925433456,4.7101574016982735,0.98628799283883317,-5.317867174617513e-16,-2.5764931750698041,16.577285260868184,-3.477283218550677,4.6814931461584086,0.92405191787751151,-5.5511151231257827e-16,-2.5764931750698068,16.577570148438767,-3.477283218550677,4.6854673277680243,0.92405191787751151,1,1.8307835762794629,1.7616246212198707,1,1,1
1785224839.6548064,1,1,0.99951978427027066,1.0164643257437325,0.030987107840382996,3,0,1,0,1.5451192350174792,-0.33345524386263214,-1.0034270484449084,-0.94167910088205742,-2.2159686170987656,0.20571432269520726,0,0,-0.00035610946322728857,0,-0.022434896183319179,0,-1.0752204852568228,-2.6681397226743377,16.483019483048235,-3.6735784378788949,4.7797033499112684,1.0178997874811033,-3.2038794547183969e-16,-2.5732853249521774,16.574027856045628,-3.4763703935004857,4.678635811275532,0.92392487443118221,-3.3306690738754696e-16,-2.573285324952181,16.574312743616211,-3.4763703935004857,4.6826740925885293,0.92392487443118232,1,1.8307835762794629,1.7616246212198707,1,1,1
1785224839.6748064,1,1,0.99951978427027066,1.0164643257437325,0.030987107840382996,3,0,1,0,1.5451192350174792,-0.33345287074878949,-1.003431320049825,-0.94167862625928889,-2.2163734703203208,0.20571432269520726,0,0,-0.00035610946322728857,0,-0.018161582624591718,0,0.47787577122525454,-2.5088477989325861,16.021418003943033,-3.6735784378788949,4.7101574016982735,0.7144265589153086,-7.2543779278463414e-16,-2.5706109156996995,16.571259965451588,-3.4755974662671676,4.6761867193458837,0.92381756363387046,-7.7715611723760958e-16,-2.570610915699703,16.571544853022171,-3.4755974662671676,4.6794558042183105,0.92381756363387058,1,1.8307835762794629,1.7616246212198707,1,1,1
1785224839.6948063,1,1,0.99951978427027066,1.0164643257437325,0.030987107840382996,3,0,1,0,1.5451192350174792,-0.33345287074878949,-1.0034498303377977,-0.94167862625928889,-2.2167066555038279,0.20571432269520726,0,0.00035610946322728857,-0.0010683283896818657,0,-0.01495659745554612,0.00035610946322728857,0,-2.6681397226743377,16.290685533421069,-3.7697454126924788,4.6785456070560034,0.98628799283883317,-8.7732426706085439e-16,-2.568472579095614,16.5691236387553,-3.4750194279717177,4.6740844753176196,0.92373864235307668,-8.8817841970012523e-16,-2.5688999104514849,16.569978301467046,-3.4750194279717177,4.6767766628596172,0.92367454264969573,1,1.8307835762794629,1.7616246212198707,1,1,1
1785224839.7148063,1,1,0.99951978427027066,1.0164643257437325,0.030987107840382996,3,0,1,0,1.5451192350174792,-0.33345287074878949,-1.0034588481703997,-0.94167815163652036,-2.2169648502899078,0.20571432269520726,0,0,-0.00035610946322728857,0.00035610946322728857,-0.011751612286500523,0,0.31858384748350305,-2.6681397226743377,16.559953062899101,-3.3850775134381439,4.6469338124137334,0.84719609641284388,-9.5490555007174057e-16,-2.5667562998303959,16.56741148510482,-3.4745461687328136,4.6724895657232324,0.923673416481952,-9.9920072216264089e-16,-2.566756299830395,16.567696372675403,-3.474670807044943,4.6746048559348026,0.923673416481952,1,1.8307835762794629,1.7616246212198707,1,1,1
1785224839.7348063,1,1,0.99951978427027066,1.0164643257437325,0.030987107840382996,3,0,1,0,1.5451192350174792,-0.33345287074878949,-1.0034659675119277,-0.94167815163652036,-2.217153275529014,0.20571384807243873,0,0,-0.00071221892645457715,0,-0.0074782987277730601,-0.00035610946322728857,-0.11946894280631364,-2.5088477989325861,16.944620962153436,-3.2119769587736937,4.7101574016982735,0.84719609641284388,-7.6899536335982961e-16,-2.5655087463210022,16.566166681263013,-3.4742038595409332,4.6713224011900669,0.92362663290219948,-7.7715611723760958e-16,-2.5655087463210009,16.566736456404175,-3.4742038595409332,4.6726684949610648,0.92369073260558054,1,1.8307835762794629,1.7616246212198707,1,1,1
1785224839.7548063,1,1,0.99951978427027066,1.0164643257437325,0.030987107840382996,3,0,1,0,1.5451192350174792,-0.33345239612602096,-1.0034692898713073,-0.94167815163652036,-2.2172681342389979,0.20571384807243873,0,0,0,0,-0.0049855324851820395,0,-0.27876086654806514,-2.5088477989325861,16.386852508234654,-3.3850775134381439,4.6785456070560034,0.81558430177057351,-8.7714818309026635e-16,-2.5647625258732747,16.56540168666594,-3.4739929412443029,4.670614543919096,0.92359760247229949,-8.8817841970012523e-16,-2.5647625258732774,16.56540168666594,-3.4739929412443029,4.671511939766428,0.92359760247229961,1,1.8307835762794629,1.7616246212198707,1,1,1
1785224839.7748065,1,1,0.99951978427027066,1.0164643257437325,0.030987107840382996,3,0,1,0,1.5451192350174792,-0.33345144688048389,-1.0034721376079185,-0.94167815163652036,-2.2173497693551849,0.20571432269520726,0,0,-0.00035610946322728857,-0.00035610946322728857,-0.0039172040955001743,0,-0.43805279028981664,-2.6681397226743377,16.656120037712686,-3.6735784378788949,4.5457760695584684,0.98628799283883317,-1.6034709501563767e-15,-2.5642711167409873,16.564869702318838,-3.4738481353718456,4.6701042134681288,0.92357752666843496,-1.5543122344752192e-15,-2.56427111674099,16.565154589889421,-3.4737234970597162,4.6708093102053185,0.92357752666843496,1,1.8307835762794629,1.7616246212198707,1,1,1
1785224839.7948065,1,1,0.99951978427027066,1.0164643257437325,0.030987107840382996,3,0,1,0,1.5451192350174792,-0.33345049763494683,-1.0034840031771317,-0.94167815163652036,-2.2174285567347605,0.20571432269520726,0,0,-0.00071221892645457715,0,-0.0039172040955001743,0,0.63716769496700609,-2.6681397226743377,16.290685533421069,-3.5774114630653115,4.6469338124137334,0.81558430177057351,-1.1614019254346755e-15,-2.5639036110314062,16.564457185240052,-3.4737481628854932,4.6695505577222969,0.92356477244587987,-1.1102230246251565e-15,-2.5639036110314066,16.565026960381214,-3.4737481628854932,4.6702556544594858,0.92356477244587998,1,1.8307835762794629,1.7616246212198707,1,1,1
1785224839.8148065,1,1,0.99951978427027066,1.0164643257437325,0.030987107840382996,3,0,1,0,1.5451192350174792,-0.33345049763494683,-1.0034911225186598,-0.94167815163652036,-2.2174959531678917,0.20571432269520726,0,0,0,0,-0.0028488757058183086,0,0.47787577122525454,-2.5088477989325861,16.386852508234654,-3.7697454126924788,4.5457760695584684,1.0178997874811033,-9.1027134040754137e-16,-2.5635096928731662,16.564062048473108,-3.4736457737757012,4.6691025288620303,0.92355116622492717,-8.8817841970012523e-16,-2.5635096928731684,16.564062048473108,-3.4736457737757012,4.6696153264890778,0.92355116622492717,1,1.8307835762794629,1.7616246212198707,1,1,1
1785224839.8348064,1,1,0.99951978427027066,1.0164643257437325,0.030987107840382996,3,0,1,0,1.5451192350174792,-0.33345049763494683,-1.0034925463869653,-0.94167815163652036,-2.2175424661992076,0.20571384807243873,0,0,0,0,-0.0024927662425910197,-0.00035610946322728857,-0.11946894280631364,-2.349555875190835,16.194518558607484,-3.6735784378788949,4.6469338124137334,0.91674204462583853,-1.1944416469801401e-15,-2.5631981189935544,16.563751314061285,-3.4735594810168262,4.6688164337721645,0.92353953983773107,-1.2212453270876722e-15,-2.5631981189935544,16.563751314061285,-3.4735594810168262,4.6692651316958305,0.92360363954111202,1,1.8307835762794629,1.7616246212198707,1,1,1
1785224839.8548064,1,1,0.99951978427027066,1.0164643257437325,0.030987107840382996,3,0,1,0,1.5451192350174792,-0.33345049763494683,-1.0034982418601877,-0.94167815163652036,-2.2176079641412647,0.20571432269520726,0,0,-0.00071221892645457715,0,-0.0039172040955001743,0,0,-2.6681397226743377,16.752287012526271,-3.1158099839601099,4.6469338124137334,0.84719609641284388,-1.3964061680469682e-15,-2.5628009115754331,16.563353511498878,-3.4734549011434495,4.668389271790014,0.92352524614168641,-1.4432899320127035e-15,-2.5628009115754367,16.563923286640041,-3.4734549011434495,4.6690943685272037,0.92352524614168652,1,1.8307835762794629,1.7616246212198707,1,1,1
1785224839.8748064,1,1,0.99951978427027066,1.0164643257437325,0.030987107840382996,3,0,1,0,1.5451187603947107,-0.33345049763494683,-1.0035096328066324,-0.94167815163652036,-2.2177289929472392,0.20571432269520726,0,0,-0.0010683283896818657,-0.00035610946322728857,-0.0089027365806822138,0,-0.43805279028981664,-2.5088477989325861,16.848453987339855,-3.8466789925433456,4.7101574016982735,1.0178997874811033,-8.9013417405361202e-16,-2.5620774763391467,16.562628559285798,-3.4732648135786555,4.6675938778609307,0.92349983106006261,-8.8817841970012523e-16,-2.5620774763391481,16.563483221997544,-3.4731401752665261,4.6691963704454533,0.92349983106006261,1,1.8307835762794629,1.7616246212198707,1,1,1
1785224839.8948064,1,1,0.99951978427027066,1.0164643257437325,0.030987107840382996,3,0,1,0,1.5451187603947107,-0.33345049763494683,-1.0035139044115491,-0.94167767701375182,-2.2178661589273441,0.20571432269520726,-0.00035610946322728857,0,0.00035610946322728857,0,-0.011039393360045946,0.00035610946322728857,-0.27876086654806514,-2.349555875190835,16.848453987339855,-3.6735784378788949,4.7797033499112684,0.91674204462583853,-4.6039094841083872e-16,-2.5611604879751209,16.561714014239204,-3.4730098008840402,4.6667489667287239,0.92346464595739908,0.0004273313558723022,-2.5611604879751226,16.561429126668621,-3.4730098008840402,4.6687360575335317,0.92340054625401824,1,1.8307835762794629,1.7616246212198707,1,1,1
1785224839.9148064,1,1,0.99951978427027066,1.0164643257437325,0.030987107840382996,3,0,1,0,1.5451187603947107,-0.33345144688048389,-1.0035143790343177,-0.94167815163652036,-2.2182059888296108,0.20571432269520726,0,0,0,-0.00035610946322728857,-0.014600487992318832,0,0.47787577122525454,-2.8274316464160894,16.386852508234654,-3.2119769587736937,4.7797033499112684,0.9546761981965628,-5.2737781859178192e-16,-2.558713134231605,16.5593194526692,-3.4723349232517657,4.664732273761623,0.92337082149344163,-5.5511151231257827e-16,-2.5587131342316027,16.5593194526692,-3.4722102849396363,4.6673603616002399,0.92337082149344174,1,1.8307835762794629,1.7616246212198707,1,1,1
1785224839.9348063,1,1,0.99951978427027066,1.0164643257437325,0.030987107840382996,3,0,1,0,1.5451187603947107,-0.33345144688048389,-1.0035143790343177,-0.94167815163652036,-2.2185339531626647,0.20571384807243873,0.00035610946322728857,0,-0.00035610946322728857,0,-0.015668816382000697,0,-0.27876086654806514,-2.5088477989325861,16.559953062899101,-3.3850775134381439,4.6469338124137334,0.9546761981965628,-1.1400444353462053e-15,-2.5563986497408737,16.557015722050615,-3.4716832851338086,4.6627813929749413,0.92328048016043485,-0.00042733135587385651,-2.5563986497408706,16.557300609621198,-3.4716832851338086,4.6656017799237004,0.92328048016043485,1,1.8307835762794629,1.7616246212198707,1,1,1
1785224839.9548063,1,1,0.99951978427027066,1.0164643257437325,0.030987107840382996,3,0,1,0,1.5451187603947107,-0.33345097225771536,-1.0035148536570861,-0.94167767701375182,-2.2188543235314215,0.20571384807243873,0,0,0,0,-0.018161582624591718,0,0,-2.6681397226743377,16.386852508234654,-3.3081439335872771,4.7797033499112684,0.78397250712830324,-9.5126206372596244e-16,-2.5541709586411581,16.554777369694047,-3.4710491604604217,4.6608680580245414,0.92319235448522996,-9.9920072216264089e-16,-2.5541709586411585,16.554777369694047,-3.4710491604604217,4.6641371428969673,0.92319235448523007,1,1.8307835762794629,1.7616246212198707,1,1,1
1785224839.9748063,1,1,0.99951978427027066,1.0164643257437325,0.030987107840382996,3,0,1,0,1.5451187603947107,-0.33345002301217835,-1.0035148536570861,-0.94167720239098329,-2.2192563290163658,0.20571432269520726,-0.00035610946322728857,0,0,0.00035610946322728857,-0.021010458330410025,0.00035610946322728857,-0.11946894280631364,-2.349555875190835,16.386852508234654,-3.3850775134381439,4.6469338124137334,0.9546761981965628,-1.3408742419978873e-15,-2.5513872557069806,16.551964970549314,-3.4702525606194428,4.6584684815524717,0.92308145317124801,0.00042733135587141402,-2.5513872557069774,16.551964970549314,-3.4703771989315721,4.6622503640519453,0.92301735346786717,1,1.8307835762794629,1.7616246212198707,1,1,1
1785224839.9948063,1,1,0.99951978427027066,1.0164643257437325,0.030987107840382996,3,0,1,0,1.5451192350174792,-0.33345049763494683,-1.0035148536570861,-0.94167720239098329,-2.2197043729098569,0.20571432269520726,0,0,0,0,-0.024215443499455622,0.00035610946322728857,0.47787577122525454,-2.6681397226743377,16.386852508234654,-3.4812444882517277,4.5773878642007384,0.88513024998356815,-5.8009706802141234e-16,-2.5481981797646993,16.54881152595647,-3.4693587458163195,4.6558043347267324,0.92295734070893209,-5.5511151231257827e-16,-2.5481981797646966,16.54881152595647,-3.4693587458163195,4.6601631145566333,0.92289324100555126,1,1.8307835762794629,1.7616246212198707,1,1,1
1785224840.0148063,1,1,0.99951978427027066,1.0164643257437325,0.030987107840382996,3,0,1,0,1.5451192350174792,-0.33345144688048389,-1.0035143790343177,-0.94167767701375182,-2.2202017775712752,0.20571432269520726,0,0,0,0,-0.024571552962682913,0.00035610946322728857,0.63716769496700609,-2.6681397226743377,16.559953062899101,-3.3850775134381439,4.5457760695584684,0.98628799283883317,-1.2910399786307753e-16,-2.5446267471717268,16.545298509192254,-3.4683632543127128,4.652852511663049,0.92281921197029715,-1.1102230246251565e-16,-2.5446267471717263,16.545298509192254,-3.4683632543127128,4.6572753911963316,0.9227551122669162,1,1.8307835762794629,1.7616246212198707,1,1,1
1785224840.0348065,1,1,0.99951978427027066,1.0164643257437325,0.030987107840382996,3,0,1,0,1.5451187603947107,-0.33345144688048389,-1.003512955166012,-0.94167767701375182,-2.2206360574044792,0.20571384807243873,0,0,0,0,-0.019586020477500871,0,-0.43805279028981664,-2.349555875190835,15.92525102912945,-3.6735784378788949,4.4762301213454734,0.9546761981965628,-6.5960831192035446e-16,-2.5415445522658757,16.54223123958084,-3.4674907683101277,4.6502746081116104,0.92269838679232785,-6.6613381477509392e-16,-2.5415445522658757,16.54223123958084,-3.4674907683101277,4.6538000917975602,0.92269838679232796,1,1.8307835762794629,1.7616246212198707,1,1,1
1785224840.0548065,1,1,0.99951978427027066,1.0164643257437325,0.030987107840382996,3,0,1,0,1.5451192350174792,-0.33345097225771536,-1.0035139044115491,-0.94167720239098329,-2.2209716157018295,0.20571432269520726,0,0,0,0,-0.013532159602636965,0,0.15929192374175152,-2.6681397226743377,16.559953062899101,-3.3081439335872771,4.7480915552689984,0.91674204462583853,-1.0238974691150306e-15,-2.5392139552515278,16.53989025060525,-3.4668260882867918,4.6482645762147259,0.92260608674649802,-9.9920072216264089e-16,-2.539213955251526,16.53989025060525,-3.4668260882867918,4.6507003649431997,0.92260608674649802,1,1.8307835762794629,1.7616246212198707,1,1,1
1785224840.0748065,1,1,0.99951978427027066,1.0164643257437325,0.030987107840382996,3,0,1,0,1.5451192350174792,-0.33345097225771536,-1.0035139044115491,-0.94167767701375182,-2.2211742796239911,0.20571432269520726,0,0,0,0,-0.0071221892645457717,0,-0.43805279028981664,-2.8274316464160894,16.656120037712686,-3.6735784378788949,4.5457760695584684,0.88513024998356815,-1.370376480579387e-15,-2.5377808645431932,16.538463802307014,-3.4664231058107386,4.6470575168013299,0.92255037100933635,-1.3322676295501878e-15,-2.5377808645431941,16.538463802307014,-3.4664231058107386,4.6483395108689471,0.92255037100933635,1,1.8307835762794629,1.7616246212198707,1,1,1
1785224840.0948064,1,1,0.99951978427027066,1.0164643257437325,0.030987107840382996,3,0,1,0,1.5451192350174792,-0.33345049763494683,-1.0035143790343177,-0.94167767701375182,-2.2212416760571223,0.20571432269520726,0,0,0,0,-0.0017805473161364429,0,0.15929192374175152,-2.349555875190835,17.021554542004303,-3.6735784378788949,4.6469338124137334,1.0178997874811033,-7.3291316167073091e-16,-2.5373365427166181,16.538000521585623,-3.466292665005744,4.6466494192417596,0.92253240042209961,-7.7715611723760958e-16,-2.5373365427166163,16.538000521585623,-3.466292665005744,4.6469699177586641,0.92253240042209961,1,1.8307835762794629,1.7616246212198707,1,1,1
1785224840.1148064,1,1,0.99951978427027066,1.0164643257437325,0.030987107840382996,3,0,1,0,1.5451182857719421,-0.33345049763494683,-1.0035177013936973,-0.94167815163652036,-2.2212967322982715,0.20571479731797579,0,0,-0.00035610946322728857,0,-0.0039172040955001743,0,0.79645961870875759,-2.6681397226743377,16.290685533421069,-3.6735784378788949,4.5457760695584684,0.98628799283883317,-4.1183026369716627e-16,-2.5369834536839582,16.537647635329712,-3.4661991944325887,4.6463001248453102,0.92251961709503472,-4.4408920985006262e-16,-2.5369834536839591,16.537932522900295,-3.4661991944325887,4.6470052215824991,0.92251961709503472,1,1.8307835762794629,1.7616246212198707,1,1,1
1785224840.1348064,1,1,0.99951978427027066,1.0164643257437325,0.030987107840382996,3,0,1,0,1.5451187603947107,-0.33345002301217835,-1.0035186506392344,-0.94167815163652036,-2.2213517885394212,0.20571479731797579,0,-0.00035610946322728857,0,0,-0.0010683283896818657,0,-0.27876086654806514,-2.349555875190835,16.290685533421069,-3.5774114630653115,4.6469338124137334,0.91674204462583853,-7.1266112297331607e-16,-2.5366316984947765,16.537276288098035,-3.4660954476927324,4.6459623957035348,0.92250539077513349,-6.6613381477509392e-16,-2.5362043671389003,16.537276288098035,-3.4660954476927324,4.6461546948136778,0.92250539077513349,1,1.8307835762794629,1.7616246212198707,1,1,1
1785224840.1548064,1,1,0.99951978427027066,1.0164643257437325,0.030987107840382996,3,0,1,0,1.5451187603947107,-0.33344954838940982,-1.0035186506392344,-0.94167815163652036,-2.221358907880949,0.20571432269520726,0,0,0,-0.00035610946322728857,-0.00035610946322728857,0,-0.43805279028981664,-2.5088477989325861,16.117584978756618,-3.3850775134381439,4.6785456070560034,0.81558430177057351,-1.5009619843347351e-15,-2.5366079066349987,16.537231789474266,-3.4660829814118608,4.6459166544883637,0.92250396433746473,-1.5543122344752192e-15,-2.5366079066349982,16.537231789474266,-3.4659583430997314,4.6459807541917444,0.92250396433746484,1,1.8307835762794629,1.7616246212198707,1,1,1
1785224840.1748064,1,1,0.99951978427027066,1.0164643257437325,0.030987107840382996,3,0,1,0,1.5451192350174792,-0.33344954838940982,-1.0035177013936973,-0.94167767701375182,-2.221367925713551,0.20571432269520726,0,0.00035610946322728857,0,0,-0.00035610946322728857,0,0,-2.1902639514490834,15.92525102912945,-2.9427094292956593,4.6785456070560034,0.91674204462583853,-5.6875013455452758e-16,-2.5365353961045836,16.537160034413098,-3.4660591764276791,4.6458682715596824,0.92250048420878838,-5.5511151231257827e-16,-2.5369627274604554,16.537160034413098,-3.4660591764276791,4.6459323712630622,0.9225004842087885,1,1.8307835762794629,1.7616246212198707,1,1,1
1785224840.1948063,1,1,0.99951978427027066,1.0164643257437325,0.030987107840382996,3,0,1,0,1.5451192350174792,-0.33345002301217835,-1.0035167521481603,-0.94167767701375182,-2.2213712480729306,0.20571479731797579,0,-0.00035610946322728857,0,-0.00035610946322728857,0,0.00035610946322728857,0.47787577122525454,-2.1902639514490834,16.117584978756618,-3.3850775134381439,4.5457760695584684,0.98628799283883317,-4.1548440798272449e-16,-2.5364745792475589,16.537120723748906,-3.4660466316572465,4.6458580890708507,0.92249835735117225,-4.4408920985006262e-16,-2.5360472478916876,16.537120723748906,-3.4659219933451171,4.6458580890708507,0.9224342576477913,1,1.8307835762794629,1.7616246212198707,1,1,1
1785224840.2148063,1,1,0.99951978427027066,1.0164643257437325,0.030987107840382996,3,0,1,0,1.5451192350174792,-0.33345002301217835,-1.0035177013936973,-0.94167720239098329,-2.221383113642144,0.20571432269520726,0,0,0,0,-0.00071221892645457715,0,0.15929192374175152,-2.349555875190835,16.386852508234654,-3.1158099839601099,4.6089996588430084,0.9546761981965628,-1.0231751788248466e-15,-2.5364040405840482,16.537050119840764,-3.4660251211620419,4.6457799369250363,0.9224956306487414,-9.9920072216264089e-16,-2.5364040405840456,16.537050119840764,-3.4660251211620419,4.6459081363317978,0.92249563064874152,1,1.8307835762794629,1.7616246212198707,1,1,1
1785224840.2348063,1,1,0.99951978427027066,1.0164643257437325,0.030987107840382996,3,0,1,0,1.5451192350174792,-0.33345002301217835,-1.003518176016466,-0.94167720239098329,-2.2213968777024311,0.20571479731797579,0,0,0,0,-0.00035610946322728857,0.00035610946322728857,0.63716769496700609,-2.6681397226743377,16.290685533421069,-3.3850775134381439,4.7101574016982735,0.78397250712830324,-9.4767319407030128e-16,-2.5363119493673283,16.53695825138055,-3.4660000205050627,4.6456948404250795,0.92249194770370313,-9.9920072216264089e-16,-2.536311949367331,16.53695825138055,-3.4660000205050627,4.6457589401284602,0.92242784800032229,1,1.8307835762794629,1.7616246212198707,1,1,1
1785224840.2548063,1,1,0.99951978427027066,1.0164643257437325,0.030987107840382996,3,0,1,0,1.5451197096402478,-0.33344954838940982,-1.003518176016466,-0.94167720239098329,-2.2214025731756535,0.20571479731797579,0.00035610946322728857,0.00035610946322728857,0,0,0,0.00035610946322728857,0.47787577122525454,-2.6681397226743377,16.290685533421069,-3.2119769587736937,4.5773878642007384,0.9546761981965628,-3.4808972664002713e-16,-2.5362978791802515,16.5369234277182,-3.465990718137177,4.6456577182885432,0.92249070551908585,-0.00042733135587307936,-2.536725210536126,16.5369234277182,-3.465990718137177,4.6456577182885432,0.9224266058157049,1,1.8307835762794629,1.7616246212198707,1,1,1
1785224840.2748065,1,1,0.99951978427027066,1.0164643257437325,0.030987107840382996,3,0,1,0,1.5451192350174792,-0.33344954838940982,-1.003519125262003,-0.94167672776821476,-2.2214115910082559,0.20571432269520726,-0.00035610946322728857,0,0,0.00035610946322728857,-0.00071221892645457715,0,-0.27876086654806514,-2.6681397226743377,16.559953062899101,-3.2119769587736937,4.5078419159877434,0.9546761981965628,-7.6707433217153466e-16,-2.5362474493181044,16.536872839239052,-3.4659748954395448,4.6455965431300683,0.92248876627413512,0.00042733135587196913,-2.536247449318104,16.536872839239052,-3.4660995337516742,4.6457247425368298,0.92248876627413523,1,1.8307835762794629,1.7616246212198707,1,1,1
1785224840.2948065,1,1,0.99951978427027066,1.0164643257437325,0.030987107840382996,3,0,1,0,1.5451192350174792,-0.33344954838940982,-1.0035200745075399,-0.94167625314544623,-2.2214414922426728,0.20571432269520726,0,0,0,0,-0.0017805473161364429,0,-0.27876086654806514,-2.5088477989325861,16.386852508234654,-3.4812444882517277,4.6469338124137334,1.0178997874811033,-1.2131000837524896e-16,-2.5360492159499359,16.536675131975702,-3.4659176694260383,4.6454109852933589,0.92248084225255689,-1.1102230246251565e-16,-2.5360492159499373,16.536675131975702,-3.4659176694260383,4.6457314838102626,0.922480842252557,1,1.8307835762794629,1.7616246212198707,1,1,1
1785224840.3148065,1,1,0.99951978427027066,1.0164643257437325,0.030987107840382996,3,0,1,0,1.5451197096402478,-0.33344954838940982,-1.0035195998847715,-0.94167625314544623,-2.2214884798967574,0.20571479731797579,0,0,0,0,-0.0024927662425910197,0.00035610946322728857,0,-2.1902639514490834,16.117584978756618,-3.3081439335872771,4.6469338124137334,0.81558430177057351,-6.8642636860592063e-16,-2.5357116356578562,16.53633932086235,-3.4658220298521609,4.6451341185951414,0.92246730528058729,-6.6613381477509392e-16,-2.5357116356578544,16.53633932086235,-3.4658220298521609,4.6455828165188073,0.92240320557720645,1,1.8307835762794629,1.7616246212198707,1,1,1
1785224840.3348064,1,1,0.99951978427027066,1.0164643257437325,0.030987107840382996,3,0,1,0,1.5451197096402478,-0.33344954838940982,-1.0035195998847715,-0.94167625314544623,-2.2215349929280732,0.20571432269520726,0,0,0,-0.00035610946322728857,-0.0021366567793637313,0,-0.43805279028981664,-2.1902639514490834,16.848453987339855,-3.3850775134381439,4.8492492981242625,1.0178997874811033,-1.3855916610759981e-16,-2.5353835068168489,16.536012717158673,-3.4657287649541959,4.64485664440961,0.92245465090887802,-1.1102230246251565e-16,-2.5353835068168493,16.536012717158673,-3.4656041266420665,4.6452412426298944,0.92245465090887802,1,1.8307835762794629,1.7616246212198707,1,1,1
1785224840.3548064,1,1,0.99951978427027066,1.0164643257437325,0.030987107840382996,3,0,1,0,1.5451197096402478,-0.33344954838940982,-1.0035224476213827,-0.9416757785226777,-2.2215981177562876,0.20571479731797579,0,0,0,-0.00035610946322728857,-0.0049855324851820395,0,0.79645961870875759,-2.349555875190835,16.117584978756618,-4.0390129421705128,4.6089996588430084,0.78397250712830324,-1.0068430025926334e-15,-2.534972064282726,16.535601975972401,-3.4656137503019964,4.6444604278017678,0.92243865977120165,-9.9920072216264089e-16,-2.5349720642827265,16.535601975972401,-3.465489111989867,4.6453578236491007,0.92243865977120176,1,1.8307835762794629,1.7616246212198707,1,1,1
1785224840.3748064,1,1,0.99951978427027066,1.0164643257437325,0.030987107840382996,3,0,1,0,1.5451197096402478,-0.33344954838940982,-1.0035252953579938,-0.9416757785226777,-2.2217257912810218,0.20571527194074432,0,0,0,0,-0.0078344081910003485,0,-0.11946894280631364,-2.5088477989325861,16.752287012526271,-3.3081439335872771,4.6785456070560034,0.91674204462583853,-8.9487684565107475e-16,-2.5341027330916504,16.534735459894335,-3.4653713265420603,4.643680201634278,0.92240513532589163,-8.8817841970012523e-16,-2.5341027330916504,16.534735459894335,-3.4653713265420603,4.6450903951086575,0.92240513532589175,1,1.8307835762794629,1.7616246212198707,1,1,1
1785224840.3948064,1,1,0.99951978427027066,1.0164643257437325,0.030987107840382996,3,0,1,0,1.5451197096402478,-0.33345049763494683,-1.0035257699807623,-0.94167530389990917,-2.2218966554776922,0.20571479731797579,0,0,0,0,-0.010327174433591369,0,0.79645961870875759,-2.349555875190835,16.559953062899101,-3.8466789925433456,4.7101574016982735,0.81558430177057351,-3.1264880178054503e-16,-2.5328515943157321,16.533531578241995,-3.4650256623443116,4.6426632365132159,0.92235742911236529,-3.3306690738754696e-16,-2.5328515943157299,16.533531578241995,-3.4650256623443116,4.6445221279112614,0.92235742911236529,1,1.8307835762794629,1.7616246212198707,1,1,1
1785224840.4148064,1,1,0.99951978427027066,1.0164643257437325,0.030987107840382996,3,0,1,0,1.5451197096402478,-0.33345334537155802,-1.0035248207352252,-0.94167530389990917,-2.2221823783843466,0.20571574656351282,0,-0.00035610946322728857,0,0,-0.016737144771682564,0,0.15929192374175152,-2.5088477989325861,16.656120037712686,-3.7697454126924788,4.4446183267032033,1.0178997874811033,-1.1290977025240932e-15,-2.5306653094296983,16.531480760082559,-3.4644381665477084,4.6409844398401718,0.92227530610391151,-1.1102230246251565e-15,-2.5302379780738278,16.531480760082559,-3.4644381665477084,4.643997125899074,0.92227530610391151,1,1.8307835762794629,1.7616246212198707,1,1,1
1785224840.4348063,1,1,0.99951978427027066,1.0164643257437325,0.030987107840382996,3,0,1,0,1.5451197096402478,-0.33345334537155802,-1.0035248207352252,-0.94167530389990917,-2.2225886554742074,0.20571622118628136,0,0,0,0,-0.024215443499455622,0,-0.43805279028981664,-2.8274316464160894,16.752287012526271,-2.8465424544820759,4.6469338124137334,0.84719609641284388,-9.0778894554316948e-16,-2.5277955685986746,16.528624340513058,-3.4636252594262005,4.6385604155492812,0.92216268539644153,-8.8817841970012523e-16,-2.5277955685986768,16.528624340513058,-3.4636252594262005,4.6429191953791822,0.92216268539644153,1,1.8307835762794629,1.7616246212198707,1,1,1
1785224840.4548063,1,1,0.99951978427027066,1.0164643257437325,0.030987107840382996,3,0,1,0,1.5451201842630162,-0.33345192150325242,-1.0035267192262993,-0.94167482927714063,-2.2231458626044605,0.20571622118628136,0.00035610946322728857,0,0,0,-0.02955708544786495,0,0.79645961870875759,-2.5088477989325861,16.848453987339855,-3.9428459673569294,4.7797033499112684,0.98628799283883317,-1.0414808998739863e-15,-2.5239620997244554,16.524745409746544,-3.462521753859281,4.6352113410591453,0.92201048377469197,-0.00042733135587374549,-2.5239620997244572,16.524745409746544,-3.462521753859281,4.6405316164397608,0.92201048377469208,1,1.8307835762794629,1.7616246212198707,1,1,1
1785224840.4748063,1,1,0.99951978427027066,1.0164643257437325,0.030987107840382996,3,0,1,0,1.5451206588857849,-0.33345097225771536,-1.0035319400767533,-0.94167293078606651,-2.2237908749468915,0.20571622118628136,0.00035610946322728857,0,-0.00035610946322728857,0,-0.036679274712410725,0,-0.11946894280631364,-2.1902639514490834,16.559953062899101,-3.0196430091465261,4.5457760695584684,0.88513024998356815,-1.0981257239257873e-15,-2.5195259924483673,16.520286068377708,-3.4612483329064965,4.6313144996969706,0.92183496019711142,-0.00042733135587385651,-2.5195259924483651,16.520570955948291,-3.4612483329064965,4.6379167691452032,0.92183496019711142,1,1.8307835762794629,1.7616246212198707,1,1,1
1785224840.4948063,1,1,0.99951978427027066,1.0164643257437325,0.030987107840382996,3,0,1,0,1.5451206588857849,-0.33344907376664129,-1.0035381101727441,-0.94167245616329798,-2.2246357034748732,0.20571622118628136,0,0.00035610946322728857,0,-0.00035610946322728857,-0.046650339682774801,0,0.47787577122525454,-2.349555875190835,16.559953062899101,-3.2119769587736937,4.6785456070560034,1.0558339410518278,-8.1092337287472269e-16,-2.5137346773531615,16.514435725153618,-3.4595848200969943,4.6262116578956052,0.92160632105168971,-7.7715611723760958e-16,-2.5141620087090359,16.514435725153618,-3.4594601817848649,4.6346087190385035,0.92160632105168983,1,1.8307835762794629,1.7616246212198707,1,1,1
1785224840.5148063,1,1,0.99951978427027066,1.0164643257437325,0.030987107840382996,3,0,1,0,1.5451206588857849,-0.3334476498983357,-1.0035438056459665,-0.94167245616329798,-2.2256604140321272,0.20571622118628136,0,0,-0.0010683283896818657,0,-0.060538608748639054,0,-0.27876086654806514,-2.5088477989325861,16.386852508234654,-3.2119769587736937,4.6089996588430084,0.9546761981965628,-1.2882379348952777e-15,-2.5066378084676764,16.507306891910915,-3.4575536734960508,4.6200368140688814,0.92132737983471846,-1.3322676295501878e-15,-2.5066378084676728,16.50816155462266,-3.4575536734960508,4.6309337636436352,0.92132737983471857,1,1.8307835762794629,1.7616246212198707,1,1,1
1785224840.5348065,1,1,0.99951978427027066,1.0164643257437325,0.030987107840382996,3,0,1,0,1.5451206588857849,-0.33344717527556716,-1.0035651636705503,-0.94167198154052945,-2.2271232014047335,0.20571669580904989,0,-0.00035610946322728857,-0.0010683283896818657,-0.00035610946322728857,-0.080836848152594509,0.00035610946322728857,0.95575154245050908,-2.6681397226743377,16.386852508234654,-3.1158099839601099,4.6089996588430084,0.98628799283883317,-9.7221505567059749e-17,-2.4965719136024189,16.497257739311664,-3.4546965881031659,4.6111349979939549,0.92093658269414547,-1.1102230246251565e-16,-2.4961445822465436,16.498112402023409,-3.4545719497910365,4.6256856306614207,0.92087248299076463,1,1.8307835762794629,1.7616246212198707,1,1,1
1785224840.5548065,1,1,0.99951978427027066,1.0164643257437325,0.030987107840382996,3,0,1,0,1.5451206588857849,-0.3334476498983357,-1.0035784531080691,-0.94167150691776103,-2.2288147569517704,0.20571622118628136,0,0,-0.00035610946322728857,0,-0.091520132049413158,0,0,-2.5088477989325861,15.92525102912945,-3.8466789925433456,4.7101574016982735,0.98628799283883317,-1.023503685988271e-15,-2.484742310328159,16.4854981431961,-3.4513274996176215,4.6009114827472484,0.92047606004205063,-9.9920072216264089e-16,-2.4847423103281585,16.485783030766683,-3.4513274996176215,4.6173851065161431,0.92047606004205074,1,1.8307835762794629,1.7616246212198707,1,1,1
1785224840.5748065,1,1,0.99951978427027066,1.0164643257437325,0.030987107840382996,3,0,1,0,1.5451206588857849,-0.33344907376664129,-1.0035813008446803,-0.94167150691776103,-2.230821462017111,0.20571622118628136,0,0,0,0,-0.10505229165205013,0,0,-2.5088477989325861,16.386852508234654,-3.3850775134381439,4.5773878642007384,1.0178997874811033,-2.9424190625465618e-16,-2.4705069817754781,16.471390056464564,-3.4472585190637584,4.5888594321784426,0.91991968016397352,-3.3306690738754696e-16,-2.470506981775479,16.471390056464564,-3.4472585190637584,4.6077688446758112,0.91991968016397352,1,1.8307835762794629,1.7616246212198707,1,1,1
1785224840.5948064,1,1,0.99951978427027066,1.0164643257437325,0.030987107840382996,3,0,1,0,1.5451206588857849,-0.33344907376664129,-1.003585572449597,-0.94167055767222396,-2.233058359125188,0.20571669580904989,0,0,-0.00035610946322728857,0,-0.12321387427664185,0,-0.11946894280631364,-2.349555875190835,16.290685533421069,-3.2119769587736937,4.6469338124137334,0.9546761981965628,-1.4157526213504584e-15,-2.45473728390771,16.455691644525626,-3.4427130272499888,4.5753833468624423,0.91929983697602247,-1.4432899320127035e-15,-2.4547372839077113,16.455976532096209,-3.4427130272499888,4.5975618442322368,0.91929983697602258,1,1.8307835762794629,1.7616246212198707,1,1,1
1785224840.6148064,1,1,0.99951978427027066,1.0164643257437325,0.030987107840382996,3,0,1,0,1.5451206588857849,-0.33344859914387276,-1.0035917425455878,-0.94167008304945543,-2.2355344661086036,0.20571717043181842,0,0,-0.0010683283896818657,0.00035610946322728857,-0.11751612286500522,0.00035610946322728857,0.15929192374175152,-2.349555875190835,16.290685533421069,-3.7697454126924788,4.7480915552689984,0.81558430177057351,-1.1345082819451039e-15,-2.4373151779432485,16.438326806619749,-3.4376689881738431,4.5604277770474972,0.91861463815011413,-1.1102230246251565e-15,-2.4373151779432476,16.439181469331494,-3.4377936264859725,4.5815806791631983,0.91855053844673318,1,1.8307835762794629,1.7616246212198707,1,1,1
1785224840.6348064,1,1,0.99951978427027066,1.0164643257437325,0.030987107840382996,3,0,1,0,1.5451206588857849,-0.33344907376664129,-1.0036140498157087,-0.94167008304945543,-2.2378862219266651,0.20571717043181842,0,0,-0.0010683283896818657,-0.00035610946322728857,-0.1281994067618239,0,0.15929192374175152,-2.1902639514490834,16.117584978756618,-3.7697454126924788,4.6469338124137334,1.0874457356940981,-1.0046100750406665e-15,-2.4208966818867146,16.421995610561261,-3.4329246359338796,4.5460943797279354,0.91797443184039718,-9.9920072216264089e-16,-2.4208966818867168,16.422850273273006,-3.4327999976217503,4.5691702729450627,0.91797443184039729,1,1.8307835762794629,1.7616246212198707,1,1,1
1785224840.6548064,1,1,0.99951978427027066,1.0164643257437325,0.030987107840382996,3,0,1,0,1.5451211335085533,-0.33344907376664129,-1.0036225930255422,-0.94167008304945543,-2.2407159228726345,0.20571859430012401,0.00035610946322728857,0,-0.00035610946322728857,0,-0.1427998947541427,0,0.47787577122525454,-2.8274316464160894,15.92525102912945,-3.7697454126924788,4.5773878642007384,0.84719609641284388,-8.5983764988011465e-16,-2.4009560446251745,16.402143618769848,-3.4271116477438937,4.5289335267180402,0.9171900581059832,-0.00042733135587363447,-2.4009560446251754,16.402428506340431,-3.4271116477438937,4.5546375077737862,0.91719005810598331,1,1.8307835762794629,1.7616246212198707,1,1,1
1785224840.6748064,1,1,0.99951978427027066,1.0164643257437325,0.030987107840382996,3,0,1,0,1.5451206588857849,-0.33344907376664129,-1.0036505957688855,-0.9416681845583813,-2.2435484715552154,0.20571906892289255,0,0.00035610946322728857,-0.0021366567793637313,0.00035610946322728857,-0.15099041240837036,0,-0.27876086654806514,-2.6681397226743377,16.752287012526271,-3.6735784378788949,4.5078419159877434,0.98628799283883317,-8.3436060653630119e-16,-2.3812167234909198,16.382483679825661,-3.4213384840705214,4.5115846557418982,0.91641653098623332,-8.8817841970012523e-16,-2.3816440548467952,16.384193005249152,-3.4214631223826508,4.5387629299754035,0.91641653098623332,1,1.8307835762794629,1.7616246212198707,1,1,1
1785224840.6948063,1,1,0.99951978427027066,1.0164643257437325,0.030987107840382996,3,0,1,0,1.5451211335085533,-0.33345002301217835,-1.0036876163448307,-0.94166676069007571,-2.2466050421845423,0.20572239128227224,0.00035610946322728857,0,-0.00071221892645457715,0,-0.14066323797477898,0,-0.43805279028981664,-2.349555875190835,16.483019483048235,-3.5774114630653115,4.6089996588430084,0.88513024998356815,-6.4897016508410671e-16,-2.3599270605089329,16.361318274859752,-3.4151027716478426,4.4927857710109054,0.91558395250810409,-0.00042733135587341242,-2.3599270605089302,16.361888050000914,-3.4151027716478426,4.5181051538463644,0.9155839525081042,1,1.8307835762794629,1.7616246212198707,1,1,1
1785224840.7148063,1,1,0.99951978427027066,1.0164643257437325,0.030987107840382996,3,0,1,0,1.5451206588857849,-0.33345097225771536,-1.0037028042734237,-0.94166628606730718,-2.2490161258486694,0.20572428977334636,-0.00035610946322728857,0,-0.0010683283896818657,0.00035610946322728857,-0.11039393360045946,0,0.79645961870875759,-2.6681397226743377,16.483019483048235,-3.2119769587736937,4.6785456070560034,0.78397250712830324,-1.136781101789943e-15,-2.342954507493956,16.344459314949603,-3.4100986568663956,4.478023404335107,0.91491706875799395,0.00042733135587163607,-2.3429545074939568,16.345313977661348,-3.410223295178525,4.4978943123831892,0.91491706875799395,1,1.8307835762794629,1.7616246212198707,1,1,1
1785224840.7348063,1,1,0.99951978427027066,1.0164643257437325,0.030987107840382996,3,0,1,0,1.5451211335085533,-0.33345049763494683,-1.0037194160703222,-0.94166533682177012,-2.2510888034788352,0.2057247643961149,0,0,-0.00035610946322728857,0,-0.092588460439095022,0,0,-2.5088477989325861,16.194518558607484,-3.1158099839601099,4.4066841731324784,0.91674204462583853,-8.1544789076609729e-16,-2.3284738282102762,16.330017632444921,-3.4057970385756215,4.4652781963788923,0.91434665508846946,-7.7715611723760958e-16,-2.3284738282102779,16.330302520015504,-3.4057970385756215,4.4819441192579283,0.91434665508846957,1,1.8307835762794629,1.7616246212198707,1,1,1
1785224840.7548063,1,1,0.99951978427027066,1.0164643257437325,0.030987107840382996,3,0,1,0,1.5451211335085533,-0.33344717527556716,-1.0037270100346187,-0.94166533682177012,-2.2526925538136946,0.2057247643961149,-0.00035610946322728857,0.00035610946322728857,-0.00071221892645457715,0,-0.070153564255775847,0,-0.11946894280631364,-2.1902639514490834,16.656120037712686,-3.7697454126924788,4.2739146356349433,0.9546761981965628,-8.8283449550694832e-16,-2.3173664572563304,16.318812580083772,-3.4024495186829373,4.455420165498281,0.91390392207848681,0.00042733135587185811,-2.3177937886121995,16.319382355224935,-3.4024495186829373,4.4680478070643197,0.91390392207848681,1,1.8307835762794629,1.7616246212198707,1,1,1
1785224840.7748065,1,1,0.99951978427027066,1.0164643257437325,0.030987107840382996,3,0,1,0,1.5451216081313219,-0.33344670065279863,-1.0037683022154806,-0.94166438757623305,-2.2538340215720067,0.20572523901888343,0,0,-0.0028488757058183086,0,-0.043801463976956494,-0.00035610946322728857,0.47787577122525454,-2.349555875190835,16.194518558607484,-3.3850775134381439,4.5457760695584684,0.81558430177057351,-1.1317149885223477e-16,-2.3097645749466387,16.311207308906692,-3.4002037476720783,4.4481669948791822,0.91361160216813264,-1.1102230246251565e-16,-2.3097645749466409,16.313486409471345,-3.4002037476720783,4.4560512583950347,0.91367570187151359,1,1.8307835762794629,1.7616246212198707,1,1,1
1785224840.7948065,1,1,0.99951978427027066,1.0164643257437325,0.030987107840382996,3,0,1,0,1.5451220827540904,-0.33344385291618744,-1.0038124421329537,-0.94166391295346452,-2.2543926525705653,0.20572666288718899,0.00035610946322728857,0.00035610946322728857,-0.0014244378529091543,0,-0.016024925845227987,0,0.15929192374175152,-2.349555875190835,16.194518558607484,-3.6735784378788949,4.3750723784902084,0.81558430177057351,-1.2797810592920554e-15,-2.3064568115981445,16.307770988901929,-3.3992173465635962,4.4444375450575464,0.91348661083283689,-0.00042733135587407856,-2.3068841429540186,16.308910539184257,-3.3992173465635962,4.4473220317096871,0.913486610832837,1,1.8307835762794629,1.7616246212198707,1,1,1
1785224840.8148065,1,1,0.99951978427027066,1.0164643257437325,0.030987107840382996,3,0,1,0,1.5451220827540904,-0.33343958131127072,-1.0038518358227417,-0.94166248908515893,-2.2544875771242712,0.20572618826442046,0,0.00035610946322728857,-0.003204985169045597,0,0.00035610946322728857,-0.00035610946322728857,0,-2.1902639514490834,16.483019483048235,-3.7697454126924788,4.4762301213454734,0.81558430177057351,-6.6187104194231306e-16,-2.3064690873428937,16.307578983913622,-3.3991975016727678,4.4435614594519119,0.91348976502870116,-6.6613381477509392e-16,-2.3068964186987628,16.310142972048858,-3.3991975016727678,4.4434973597485312,0.91355386473208222,1,1.8307835762794629,1.7616246212198707,1,1,1
1785224840.8348064,1,1,0.99951978427027066,1.0164643257437325,0.030987107840382996,3,0,1,0,1.545122557376859,-0.33342391875990923,-1.0039353694300028,-0.94166106521685333,-2.2544880517470398,0.20572761213272606,0,0.0010683283896818657,-0.0049855324851820395,0,0.00035610946322728857,0,-0.43805279028981664,-2.1902639514490834,16.483019483048235,-3.1158099839601099,4.3371382249194843,1.0178997874811033,-5.4919991467165336e-16,-2.3082743270533341,16.308653067922982,-3.3996178346091557,4.44289100830128,0.91355765331852656,-5.5511151231257827e-16,-2.3095563211209509,16.312641493911126,-3.3996178346091557,4.4428269085978984,0.91355765331852656,1,1.8307835762794629,1.7616246212198707,1,1,1
1785224840.8548064,1,1,0.99951978427027066,1.0164643257437325,0.030987107840382996,3,0,1,0,1.545122557376859,-0.33339591601656604,-1.0040535504993666,-0.94165916672577921,-2.2544885263698085,0.20572761213272606,0,0.0017805473161364429,-0.0060538608748639056,0,0.00035610946322728857,0.00035610946322728857,0,-2.6681397226743377,16.483019483048235,-3.2119769587736937,4.4762301213454734,0.88513024998356815,-1.1062944336729027e-15,-2.3111513561454853,16.310237846088246,-3.4002369396061995,4.4419041032122513,0.91365872357883093,-1.1102230246251565e-15,-2.313288012924851,16.315080934788135,-3.4002369396061995,4.4418400035088696,0.91359462387544998,1,1.8307835762794629,1.7616246212198707,1,1,1
1785224840.8748064,1,1,0.99951978427027066,1.0164643257437325,0.030987107840382996,3,0,1,0,1.5451230319996274,-0.33335699694954662,-1.0041679345865819,-0.94165869210301067,-2.2544890009925771,0.20572761213272606,0,0.0017805473161364429,-0.0056977514116366172,0.00035610946322728857,0,0,0,-1.8716801039655802,16.752287012526271,-3.3850775134381439,4.5078419159877434,0.9546761981965628,-8.7635202544059554e-16,-2.3145787697555056,16.311893192942566,-3.4008913267768204,4.4408723986117957,0.91376573335118516,-8.8817841970012523e-16,-2.3167154265348704,16.316451394071876,-3.4010159650889498,4.4408723986117948,0.91376573335118527,1,1.8307835762794629,1.7616246212198707,1,1,1
1785224840.8948064,1,1,0.99951978427027066,1.0164643257437325,0.030987107840382996,3,0,1,0,1.5451230319996274,-0.33332424797851817,-1.0042737754639639,-0.94165821748024214,-2.2544899502381139,0.20572761213272606,0,0.0017805473161364429,-0.0046294230219547511,0,-0.00035610946322728857,-0.00035610946322728857,-0.27876086654806514,-2.0309720277073318,16.386852508234654,-3.1158099839601099,4.4762301213454734,0.88513024998356815,-5.0577195598412693e-16,-2.3175671548211207,16.313385849153089,-3.4014815771827664,4.4399363448664184,0.91386227698648681,-5.5511151231257827e-16,-2.3197038116004838,16.317089387570654,-3.4014815771827664,4.4400004445697983,0.91392637668986776,1,1.8307835762794629,1.7616246212198707,1,1,1
1785224840.9148064,1,1,0.99951978427027066,1.0164643257437325,0.030987107840382996,3,0,1,0,1.5451235066223961,-0.33329766910348052,-1.0043753447364292,-0.94165774285747361,-2.254494696465799,0.20572761213272606,0.00035610946322728857,0.00071221892645457715,-0.0056977514116366172,0,0,0,-0.27876086654806514,-2.0309720277073318,16.290685533421069,-3.3081439335872771,4.3055264302772143,0.98628799283883317,-1.405549552624867e-15,-2.320141209087256,16.31473857526079,-3.4020189409392536,4.4390470128497395,0.91395041900872065,-0.00042733135587418958,-2.3209958717989991,16.3192967763901,-3.4020189409392536,4.4390470128497395,0.91395041900872065,1,1.8307835762794629,1.7616246212198707,1,1,1
1785224840.9348063,1,1,0.99951978427027066,1.0164643257437325,0.030987107840382996,3,0,1,0,1.5451235066223961,-0.33329387212133227,-1.0044864064642649,-0.94165679361193655,-2.2545041889211697,0.20572808675549459,0,0,-0.0042733135587274627,0.00035610946322728857,-0.00035610946322728857,0,0.15929192374175152,-2.349555875190835,16.559953062899101,-3.4812444882517277,4.6089996588430084,0.91674204462583853,-7.1022052849111502e-16,-2.3215388416283713,16.315915638694836,-3.4024879140858255,4.4382168369063608,0.91402738805048411,-6.6613381477509392e-16,-2.3215388416283744,16.319334289541818,-3.4026125523979549,4.4382809366097407,0.91402738805048411,1,1.8307835762794629,1.7616246212198707,1,1,1
1785224840.9548063,1,1,0.99951978427027066,1.0164643257437325,0.030987107840382996,3,0,1,0,1.5451235066223961,-0.33329719448071199,-1.0045533282746275,-0.94165631898916802,-2.2545378871377353,0.20572761213272606,0,-0.00035610946322728857,-0.0028488757058183086,0,-0.0028488757058183086,0,0.47787577122525454,-2.349555875190835,16.117584978756618,-3.5774114630653115,4.5078419159877434,0.74603835355757886,-4.7130621212428424e-16,-2.3218742527505132,16.316366593384906,-3.4026866817360935,4.4375831359085813,0.91406233452106866,-4.4408920985006262e-16,-2.3214469213946387,16.318645693949559,-3.4026866817360935,4.438095933535628,0.91406233452106878,1,1.8307835762794629,1.7616246212198707,1,1,1
1785224840.9748063,1,1,0.99951978427027066,1.0164643257437325,0.030987107840382996,3,0,1,0,1.5451235066223961,-0.33330383919947143,-1.0046017397970175,-0.94165584436639949,-2.254630913200367,0.20572761213272606,0,0,-0.0017805473161364429,0,-0.006409970338091194,0,-0.27876086654806514,-2.0309720277073318,17.021554542004303,-3.2119769587736937,4.5457760695584684,0.9546761981965628,-2.1247131261684128e-16,-2.3213967899078853,16.31616209759245,-3.402665872539242,4.4367332250084646,0.91406511152047365,-2.2204460492503131e-16,-2.3213967899078867,16.317586535445358,-3.402665872539242,4.4378870196693203,0.91406511152047365,1,1.8307835762794629,1.7616246212198707,1,1,1
1785224840.9948063,1,1,0.99951978427027066,1.0164643257437325,0.030987107840382996,3,0,1,0,1.5451235066223961,-0.3333033645767029,-1.0046458797144908,-0.94165536974363095,-2.254776147767537,0.20572761213272606,0,0.00035610946322728857,-0.0028488757058183086,0.00035610946322728857,-0.0085466271174549253,0,-0.43805279028981664,-2.0309720277073318,16.559953062899101,-3.3850775134381439,4.3055264302772143,1.0558339410518278,-7.6592931370140048e-16,-2.3208913362878261,16.315619263971545,-3.4025459761492671,4.435544906299695,0.91405519892614406,-7.7715611723760958e-16,-2.3213186676437019,16.317898364536198,-3.4026706144613965,4.4370832991808369,0.91405519892614406,1,1.8307835762794629,1.7616246212198707,1,1,1
1785224841.0148063,1,1,0.99951978427027066,1.0164643257437325,0.030987107840382996,3,0,1,0,1.5451239812451645,-0.33329956759455465,-1.0047446012503447,-0.94165489512086242,-2.2549854564084582,0.20572761213272606,0,0,-0.0074782987277730601,0,-0.011395502823273234,0,0.47787577122525454,-2.0309720277073318,16.021418003943033,-3.6735784378788949,4.6089996588430084,0.88513024998356815,-2.0200354755248556e-16,-2.3207285373337667,16.315248385297178,-3.4025373453047041,4.4335761933447895,0.91406781696101558,-2.2204460492503131e-16,-2.3207285373337641,16.321231024279395,-3.4025373453047041,4.4356273838529789,0.91406781696101569,1,1.8307835762794629,1.7616246212198707,1,1,1
1785224841.0348065,1,1,0.99951978427027066,1.0164643257437325,0.030987107840382996,3,0,1,0,1.5451244558679331,-0.33329909297178612,-1.004936823471599,-0.94165489512086242,-2.2552450750628434,0.20572761213272606,0,-0.00035610946322728857,-0.011395502823273234,0,-0.015668816382000697,0,-0.27876086654806514,-2.349555875190835,16.944620962153436,-3.3850775134381439,4.4066841731324784,1.0178997874811033,-7.4852437992754178e-17,-2.3210772707590648,16.315492374365455,-3.4028087457680964,4.4306954656213877,0.91412973815571597,-1.1102230246251565e-16,-2.3206499394031894,16.324608776624075,-3.4028087457680964,4.4335158525701468,0.91412973815571608,1,1.8307835762794629,1.7616246212198707,1,1,1
1785224841.0548065,1,1,0.99951978427027066,1.0164643257437325,0.030987107840382996,3,0,1,0,1.5451239812451645,-0.3333057376905455,-1.00519786599429,-0.94165489512086242,-2.2557021367889369,0.20572808675549459,-0.00035610946322728857,-0.00035610946322728857,-0.013176050139409676,0.00035610946322728857,-0.02955708544786495,0,0.15929192374175152,-2.349555875190835,16.117584978756618,-3.4812444882517277,4.5078419159877434,0.84719609641284388,-6.9157366270320075e-16,-2.3204061554034761,16.315004076207629,-3.4029222765266485,4.4261920905643093,0.91417907448431635,0.00042733135587208016,-2.3199788240476025,16.325544916319156,-3.4030469148387779,4.4315123659449238,0.91417907448431635,1,1.8307835762794629,1.7616246212198707,1,1,1
1785224841.0748065,1,1,0.99951978427027066,1.0164643257437325,0.030987107840382996,3,0,1,0,1.5451244558679331,-0.33331428090037907,-1.0054570100259068,-0.94165536974363095,-2.2564359035890829,0.20572808675549459,0,-0.00035610946322728857,-0.013176050139409676,-0.00035610946322728857,-0.045225901829865647,-0.00035610946322728857,-0.27876086654806514,-2.1902639514490834,16.386852508234654,-3.5774114630653115,4.4446183267032033,0.9546761981965628,1.1061543878189295e-16,-2.3176392333216533,16.312513747682829,-3.4024274891563033,4.4200195311245096,0.91414831564333177,1.1102230246251565e-16,-2.3172119019657842,16.323054587794356,-3.4023028508441739,4.428160193453885,0.91421241534671283,1,1.8307835762794629,1.7616246212198707,1,1,1
1785224841.0948064,1,1,0.99951978427027066,1.0164643257437325,0.030987107840382996,3,0,1,0,1.5451244558679331,-0.33331428090037907,-1.0057655148254505,-0.94165489512086242,-2.2576025263541268,0.20572808675549459,0.00035610946322728857,0,-0.017093254234909851,0,-0.064455812844139232,-0.00035610946322728857,-0.27876086654806514,-2.349555875190835,16.386852508234654,-3.3850775134381439,4.5078419159877434,0.88513024998356815,-6.1875912482615387e-16,-2.3128203155085671,16.307585047515921,-3.4012457817447923,4.4108008144291295,0.9140354170437538,-0.00042733135587341242,-2.3128203155085671,16.321259650903848,-3.4012457817447923,4.4224028607410739,0.91409951674713485,1,1.8307835762794629,1.7616246212198707,1,1,1
1785224841.1148064,1,1,0.99951978427027066,1.0164643257437325,0.030987107840382996,3,0,1,0,1.5451239812451645,-0.333313331654842,-1.0061404668125884,-0.94165489512086242,-2.2588949241528313,0.20572856137826312,-0.00035610946322728857,0,-0.021722677256864602,0,-0.064811922307366515,0,0.63716769496700609,-2.349555875190835,16.386852508234654,-3.6735784378788949,4.6785456070560034,0.9546761981965628,-8.7221215085726258e-16,-2.3078970696158172,16.302482445863525,-3.4000756908439094,4.4003519483227214,0.91393408249377794,0.00042733135587185811,-2.3078970696158194,16.319860587669016,-3.4000756908439094,4.4120180943380465,0.91393408249377805,1,1.8307835762794629,1.7616246212198707,1,1,1
1785224841.1348064,1,1,0.99951978427027066,1.0164643257437325,0.030987107840382996,3,0,1,0,1.5451244558679331,-0.33331285703207347,-1.0066592294985905,-0.94165489512086242,-2.2601768802506279,0.20572808675549459,0,0,-0.028488757058183087,-0.00035610946322728857,-0.060538608748639054,0,0.15929192374175152,-2.349555875190835,16.117584978756618,-3.3081439335872771,4.2359804820642193,0.78397250712830324,-5.2389136530487035e-16,-2.3046277571408633,16.298985516875092,-3.3995288072386556,4.3889948486961643,0.91393588302612194,-5.5511151231257827e-16,-2.3046277571408638,16.321776522521638,-3.3994041689265262,4.3998917982709189,0.91393588302612194,1,1.8307835762794629,1.7616246212198707,1,1,1
1785224841.1548064,1,1,0.99951978427027066,1.0164643257437325,0.030987107840382996,3,0,1,0,1.5451239812451645,-0.33331665401422167,-1.0073203790151515,-0.94165536974363095,-2.2613316374464589,0.20572808675549459,-0.00035610946322728857,-0.00035610946322728857,-0.039172040955001743,0,-0.060182499285411771,-0.00035610946322728857,1.1150434661922606,-2.0309720277073318,16.483019483048235,-3.7697454126924788,4.5457760695584684,0.98628799283883317,-8.5297686172665005e-16,-2.3036101979723016,16.297856561225807,-3.3998360008240498,4.3774824833466335,0.91406968358767227,0.00042733135587185811,-2.3031828666164316,16.329194193989807,-3.3998360008240498,4.3883153332180065,0.91413378329105321,1,1.8307835762794629,1.7616246212198707,1,1,1
1785224841.1748064,1,1,0.99951978427027066,1.0164643257437325,0.030987107840382996,3,0,1,0,1.5451239812451645,-0.33332709571512931,-1.0082017534963097,-0.94165584436639949,-2.262675769126933,0.20572951062380018,0,-0.00071221892645457715,-0.045225901829865647,-0.00035610946322728857,-0.07050967371900313,0,-0.59734471403156819,-2.6681397226743377,16.386852508234654,-3.3850775134381439,4.2739146356349433,0.81558430177057351,-7.0436302846397419e-17,-2.3033256252315826,16.297654782638471,-3.4006303278001084,4.3633592645410362,0.91429790310144476,-1.1102230246251565e-16,-2.3024709625198341,16.333835504102364,-3.400505689487979,4.3760510058104556,0.91429790310144488,1,1.8307835762794629,1.7616246212198707,1,1,1
1785224841.1948063,1,1,0.99951978427027066,1.0164643257437325,0.030987107840382996,3,0,1,0,1.5451239812451645,-0.33333184194281462,-1.0090052898434294,-0.94165631898916802,-2.2642372780353934,0.20572951062380018,0,-0.00035610946322728857,-0.037747603102092589,0,-0.087602927953912987,0,0.47787577122525454,-1.8716801039655802,16.290685533421069,-3.7697454126924788,4.3055264302772143,1.0178997874811033,-7.7185524819778243e-16,-2.3009110736446057,16.295116494404802,-3.4006282224692361,4.348369377974791,0.91441413955689055,-7.7715611723760958e-16,-2.3004837422887334,16.325314576886477,-3.4006282224692361,4.364137905006495,0.91441413955689055,1,1.8307835762794629,1.7616246212198707,1,1,1
1785224841.2148063,1,1,0.99951978427027066,1.0164643257437325,0.030987107840382996,3,0,1,0,1.5451239812451645,-0.3333299434517405,-1.0097048838042411,-0.94165631898916802,-2.2660693219219152,0.20573093449210578,0,0,-0.031337632764001394,0,-0.087602927953912987,0,0,-2.349555875190835,16.290685533421069,-3.3850775134381439,4.4066841731324784,0.81558430177057351,-7.374430207690853e-16,-2.2957499795801422,16.289597396683664,-3.3996033612339445,4.3323504462878439,0.91438447230101561,-7.7715611723760958e-16,-2.2957499795801439,16.314667502894867,-3.3996033612339445,4.348118973319548,0.91438447230101572,1,1.8307835762794629,1.7616246212198707,1,1,1
1785224841.2348063,1,1,0.99951978427027066,1.0164643257437325,0.030987107840382996,3,0,1,0,1.5451239812451645,-0.33332709571512931,-1.0102829743363093,-0.94165631898916802,-2.2677015496228865,0.20573235836041134,0,0,-0.027776538131728506,0,-0.082617395468730953,0,-0.43805279028981664,-2.349555875190835,16.290685533421069,-3.3850775134381439,4.3055264302772143,1.0558339410518278,-2.4359617735458508e-16,-2.2906933798279803,16.284192631866553,-3.3984859572437678,4.3183599376986903,0.91432664521347928,-2.2204460492503131e-16,-2.290693379827978,16.306413862371937,-3.3984859572437678,4.3332310688830606,0.91432664521347928,1,1.8307835762794629,1.7616246212198707,1,1,1
1785224841.2548063,1,1,0.99951978427027066,1.0164643257437325,0.030987107840382996,3,0,1,0,1.5451239812451645,-0.33332567184682371,-1.0107485792722362,-0.94165584436639949,-2.2694244302726467,0.20573330760594841,0,0,-0.017093254234909851,0,-0.088315146880367568,0.00035610946322728857,0.15929192374175152,-2.349555875190835,16.290685533421069,-3.5774114630653115,4.3750723784902084,0.84719609641284388,-3.4613248620361243e-16,-2.2836484453441739,16.276919195792324,-3.3966693357228555,4.3045616833484246,0.91416321924671495,-3.3306690738754696e-16,-2.283648445344177,16.29059379918025,-3.3966693357228555,4.320458409786891,0.91409911954333412,1,1.8307835762794629,1.7616246212198707,1,1,1
1785224841.2748065,1,1,0.99951978427027066,1.0164643257437325,0.030987107840382996,3,0,1,0,1.5451235066223961,-0.33332662109236078,-1.0109483954577869,-0.94165631898916802,-2.2711373438442677,0.20573425685148547,-0.00035610946322728857,0,-0.0053416419484093288,0,-0.085110161711321963,-0.00035610946322728857,-0.27876086654806514,-2.0309720277073318,15.829084054315867,-3.4812444882517277,4.2359804820642193,1.0874457356940981,-3.7361587400522234e-16,-2.2735795671478574,16.266853103404845,-3.3937306856087406,4.2926220162243371,0.91381638457873327,0.00042733135587241322,-2.2735795671478556,16.271126416963572,-3.3937306856087406,4.3079418453323752,0.91388048428211421,1,1.8307835762794629,1.7616246212198707,1,1,1
1785224841.2948065,1,1,0.99951978427027066,1.0164643257437325,0.030987107840382996,3,0,1,0,1.5451230319996274,-0.33333089269727756,-1.0109707027279078,-0.94165774285747361,-2.2727434672929698,0.2057361553425596,0,0,0,-0.00035610946322728857,-0.07193411157191229,0.00035610946322728857,0.47787577122525454,-2.1902639514490834,16.386852508234654,-2.8465424544820759,4.3750723784902084,0.9546761981965628,-1.0227422173144934e-15,-2.262113615368194,16.255617704454142,-3.3902577124968172,4.282553981724285,0.91337406580796565,-9.9920072216264089e-16,-2.2621136153681931,16.255617704454142,-3.3901330741846878,4.2955021218072282,0.9133099661045847,1,1.8307835762794629,1.7616246212198707,1,1,1
1785224841.3148065,1,1,0.99951978427027066,1.0164643257437325,0.030987107840382996,3,0,1,0,1.5451230319996274,-0.33333468967942581,-1.0109697534823707,-0.94165774285747361,-2.2739566030893297,0.20573757921086516,0,-0.00035610946322728857,0,0,-0.056621404653138883,-0.00035610946322728857,-0.27876086654806514,-2.6681397226743377,15.655983499651416,-3.2119769587736937,4.2359804820642193,0.91674204462583853,-3.9168260091044529e-16,-2.2532277876380169,16.246939684275155,-3.3875468505959421,4.2750636617421609,0.91302625494338352,-4.4408920985006262e-16,-2.2528004562821451,16.246939684275155,-3.3875468505959421,4.2852555145797258,0.91309035464676458,1,1.8307835762794629,1.7616246212198707,1,1,1
1785224841.3348064,1,1,0.99951978427027066,1.0164643257437325,0.030987107840382996,3,0,1,0,1.5451235066223961,-0.33333943590711107,-1.0109692788596023,-0.94165774285747361,-2.2752565948523307,0.20573900307917076,0.00035610946322728857,-0.00071221892645457715,0.00035610946322728857,0.00035610946322728857,-0.06801690747641212,0,0.47787577122525454,-2.1902639514490834,16.117584978756618,-3.6735784378788949,4.3371382249194843,0.78397250712830324,-8.574439599850046e-16,-2.2436737115514469,16.237637915595492,-3.3846350375467442,4.2670309706357799,0.91265328020589831,-0.00042733135587363447,-2.2428190488396993,16.237353028024909,-3.3847596758588736,4.2792740139815342,0.91265328020589842,1,1.8307835762794629,1.7616246212198707,1,1,1
1785224841.3548064,1,1,0.99951978427027066,1.0164643257437325,0.030987107840382996,3,0,1,0,1.5451235066223961,-0.33334750449417605,-1.0109669057457595,-0.94165821748024214,-2.2766040488921844,0.20574090157024488,0,-0.00071221892645457715,0,0,-0.07050967371900313,0,-0.27876086654806514,-2.349555875190835,16.290685533421069,-2.8465424544820759,4.2043686874219492,0.98628799283883317,-4.0788324260042381e-16,-2.2335743039872891,16.227939843996932,-3.3815908902613105,4.2587325513213239,0.91226314107037199,-4.4408920985006262e-16,-2.2327196412755441,16.227939843996932,-3.3815908902613105,4.2714242925907433,0.9122631410703721,1,1.8307835762794629,1.7616246212198707,1,1,1
1785224841.3748064,1,1,0.99951978427027066,1.0164643257437325,0.030987107840382996,3,0,1,0,1.5451235066223961,-0.33335319996739843,-1.0109673803685282,-0.94165821748024214,-2.278004186059345,0.20574185081578192,0.00035610946322728857,0,0.00035610946322728857,0,-0.063031374991230071,0,-0.27876086654806514,-2.1902639514490834,16.386852508234654,-3.1158099839601099,4.3371382249194843,0.78397250712830324,-5.5058606455260617e-16,-2.2232612219425398,16.217923772535787,-3.3784416912886446,4.2500621064888877,0.9118614522888584,-0.0004273313558733014,-2.2232612219425363,16.217638884965204,-3.3784416912886446,4.2614077539873083,0.9118614522888584,1,1.8307835762794629,1.7616246212198707,1,1,1
1785224841.3948064,1,1,0.99951978427027066,1.0164643257437325,0.030987107840382996,3,0,1,0,1.5451230319996274,-0.33335462383570402,-1.0109683296140652,-0.94165821748024214,-2.2791470776859626,0.20574280006131898,0,0,0,0,-0.056265295189911593,0,-0.11946894280631364,-1.8716801039655802,16.386852508234654,-3.8466789925433456,4.1727568927796783,0.98628799283883317,-1.9433237344750544e-15,-2.2150245405077911,16.209786975870763,-3.3758815700809328,4.2429529763194456,0.91153595198168647,-1.9984014443252818e-15,-2.2150245405077911,16.209786975870763,-3.3758815700809328,4.2530807294536297,0.91153595198168658,1,1.8307835762794629,1.7616246212198707,1,1,1
1785224841.4148064,1,1,0.99951978427027066,1.0164643257437325,0.030987107840382996,3,0,1,0,1.5451230319996274,-0.33335462383570402,-1.0109683296140652,-0.94165869210301067,-2.2801717882432166,0.20574422392962458,0,0,0,-0.00035610946322728857,-0.045225901829865647,0,-0.59734471403156819,-2.1902639514490834,16.752287012526271,-3.3850775134381439,4.3055264302772143,1.0558339410518278,-5.7895550571762131e-16,-2.2076969189998557,16.20249298971061,-3.373585726929389,4.2365726105587562,0.91124438857208689,-5.5511151231257827e-16,-2.2076969189998579,16.20249298971061,-3.3734610886172596,4.2447132728881316,0.91124438857208689,1,1.8307835762794629,1.7616246212198707,1,1,1
1785224841.4348063,1,1,0.99951978427027066,1.0164643257437325,0.030987107840382996,3,0,1,0,1.5451230319996274,-0.33335509845847255,-1.0109683296140652,-0.94165869210301067,-2.2810151929028928,0.20574469855239311,0,0,-0.00035610946322728857,0,-0.04273313558727463,0,-0.11946894280631364,-2.349555875190835,16.021418003943033,-3.2119769587736937,4.1727568927796783,0.9546761981965628,-1.0029034150851356e-15,-2.2016414254503616,16.196486119726067,-3.3716892910320482,4.2313199415823579,0.91100396609399437,-9.9920072216264089e-16,-2.2016414254503616,16.19677100729665,-3.3716892910320482,4.2390119059880673,0.91100396609399437,1,1.8307835762794629,1.7616246212198707,1,1,1
1785224841.4548063,1,1,0.99951978427027066,1.0164643257437325,0.030987107840382996,3,0,1,0,1.5451230319996274,-0.33335557308124109,-1.0109688042368337,-0.94165821748024214,-2.2819231462590888,0.20574564779793017,0,-0.00035610946322728857,0,0.00035610946322728857,-0.047006449146002091,0.00035610946322728857,-0.75663663777331969,-2.349555875190835,16.559953062899101,-3.3850775134381439,4.3371382249194843,0.74603835355757886,-8.3482574525462022e-16,-2.1951308525001085,16.190026063897399,-3.3696455146332331,4.2256575085072301,0.91074491447135453,-8.8817841970012523e-16,-2.1947035211442341,16.190026063897399,-3.3697701529453625,4.23411866935351,0.91068081476797369,1,1.8307835762794629,1.7616246212198707,1,1,1
1785224841.4748063,1,1,0.99951978427027066,1.0164643257437325,0.030987107840382996,3,0,1,0,1.545122557376859,-0.33335842081785222,-1.0109688042368337,-0.94165869210301067,-2.28291653171362,0.20574849553454133,-0.00035610946322728857,-0.00035610946322728857,0,0,-0.053772528947320576,0,0.47787577122525454,-2.0309720277073318,16.290685533421069,-3.3850775134381439,4.2043686874219492,0.81558430177057351,-1.0846846710812761e-15,-2.1878686823400697,16.182922126184145,-3.3673985327269467,4.2194802825910296,0.91045943238753235,0.00042733135587163607,-2.1874413509841943,16.182922126184145,-3.3673985327269467,4.229159337801546,0.91045943238753235,1,1.8307835762794629,1.7616246212198707,1,1,1
1785224841.4948063,1,1,0.99951978427027066,1.0164643257437325,0.030987107840382996,3,0,1,0,1.5451230319996274,-0.33337171025537105,-1.0109683296140652,-0.94165821748024214,-2.2840029432307825,0.20574944478007839,0,-0.0014244378529091543,0,0.00035610946322728857,-0.051635872167956842,0,-0.11946894280631364,-1.7123881802238288,16.194518558607484,-3.3081439335872771,4.1348227392089543,0.88513024998356815,-1.2730168669493304e-15,-2.1793697602199624,16.175045370235189,-3.3648874482652316,4.2127889258330562,0.91013975989129658,-1.2212453270876722e-15,-2.1776604347964721,16.175045370235189,-3.365012086577361,4.2220833828232882,0.91013975989129658,1,1.8307835762794629,1.7616246212198707,1,1,1
1785224841.5148063,1,1,0.99951978427027066,1.0164643257437325,0.030987107840382996,3,0,1,0,1.545122557376859,-0.33340968007685334,-1.0109683296140652,-0.94165869210301067,-2.2850195852009718,0.20575181789392105,-0.00035610946322728857,-0.0024927662425910197,0.00035610946322728857,-0.00035610946322728857,-0.051991981631184132,0.00035610946322728857,0,-2.349555875190835,16.194518558607484,-3.4812444882517277,4.1727568927796783,0.88513024998356815,-1.0825795545283353e-15,-2.1700201820634115,16.167404229446888,-3.362432923113563,4.2066948429106308,0.9098231468557495,0.00042733135587163607,-2.1670288625723013,16.167119341876305,-3.3623082848014336,4.2160533996042435,0.90975904715236866,1,1.8307835762794629,1.7616246212198707,1,1,1
1785224841.5348065,1,1,0.99951978427027066,1.0164643257437325,0.030987107840382996,3,0,1,0,1.5451230319996274,-0.33343910668850218,-1.0109683296140652,-0.94165821748024214,-2.2860855879390876,0.20575751336714337,0,0,0,0.00035610946322728857,-0.052704200557638706,0,-0.59734471403156819,-2.349555875190835,16.290685533421069,-3.2119769587736937,4.1727568927796783,0.9546761981965628,-8.4166656801679634e-16,-2.1607859206122884,16.159503119864237,-3.3598975235755049,4.2002287750445157,0.9094964449118158,-8.8817841970012523e-16,-2.160785920612291,16.159503119864237,-3.3600221618876343,4.2097155311448899,0.90949644491181592,1,1.8307835762794629,1.7616246212198707,1,1,1
1785224841.5548065,1,1,0.99951978427027066,1.0164643257437325,0.030987107840382996,3,0,1,0,1.5451230319996274,-0.33344005593403919,-1.0109683296140652,-0.94165821748024214,-2.2872346496616962,0.2057708028046622,0.00035610946322728857,0,0,0.00035610946322728857,-0.065168031770593812,0.0010683283896818657,-0.27876086654806514,-1.8716801039655802,16.752287012526271,-3.2119769587736937,4.2359804820642193,0.84719609641284388,-6.4530255485658517e-16,-2.1525066369018262,16.151303410074071,-3.357294994880641,4.1930488278168339,0.90916338246440265,-0.00042733135587341242,-2.1525066369018262,16.151303410074071,-3.3574196331927704,4.2047790735355397,0.90897108335426002,1,1.8307835762794629,1.7616246212198707,1,1,1
1785224841.5748065,1,1,0.99951978427027066,1.0164643257437325,0.030987107840382996,3,0,1,0,1.5451230319996274,-0.33344005593403919,-1.0109683296140652,-0.94165821748024214,-2.2887638842218969,0.20580592488953334,0,0,0.00035610946322728857,0,-0.082261286005503656,0.0046294230219547511,-0.11946894280631364,-1.8716801039655802,16.021418003943033,-3.7697454126924788,4.2359804820642193,0.9546761981965628,-8.2840370273180228e-16,-2.1415438328707648,16.140390769588091,-3.3538409540763841,4.1834812187768158,0.9087147104999348,-7.7715611723760958e-16,-2.1415438328707666,16.140105882017508,-3.3538409540763841,4.1982882502578063,0.90788141435598302,1,1.8307835762794629,1.7616246212198707,1,1,1
1785224841.5948064,1,1,0.99951978427027066,1.0164643257437325,0.030987107840382996,3,0,1,0,1.5451230319996274,-0.33344005593403919,-1.0109711773506764,-0.94165774285747361,-2.2905223615792965,0.2060921224189563,-0.00035610946322728857,0,0,0,-0.09686177399782249,0.016737144771682564,-0.43805279028981664,-2.1902639514490834,16.021418003943033,-3.2119769587736937,4.3371382249194843,1.0558339410518278,-1.3716236710797854e-15,-2.1287983113670794,16.127701555922155,-3.3500383946360834,4.172517109188548,0.90811479845503029,0.00042733135587141402,-2.1287983113670776,16.127701555922155,-3.3500383946360834,4.1899522285081554,0.90510211239612759,1,1.8307835762794629,1.7616246212198707,1,1,1
1785224841.6148064,1,1,0.99951978427027066,1.0164643257437325,0.030987107840382996,3,0,1,0,1.5451230319996274,-0.33343958131127072,-1.0109726012189819,-0.94165774285747361,-2.2925228965486464,0.20641486590155603,-0.00035610946322728857,0,0,0,-0.10077897809332266,0.013532159602636965,-0.43805279028981664,-2.1902639514490834,16.752287012526271,-3.3081439335872771,4.1032109445666842,0.88513024998356815,-5.689561786462696e-16,-2.1143016977795037,16.113248914810889,-3.3456925077904383,4.1600375914143557,0.90743367755432536,0.00042733135587219118,-2.1143016977795028,16.113248914810889,-3.3456925077904383,4.1781778074711529,0.90499788882585086,1,1.8307835762794629,1.7616246212198707,1,1,1
1785224841.6348064,1,1,0.99951978427027066,1.0164643257437325,0.030987107840382996,3,0,1,0,1.5451235066223961,-0.33343768282019659,-1.0109721265962135,-0.94165726823470508,-2.2945091928349397,0.20663461624338492,0,0,0.00035610946322728857,0,-0.10184730648300452,0.009971064970364079,0.31858384748350305,-2.1902639514490834,16.752287012526271,-3.2119769587736937,4.2739146356349433,0.7144265589153086,-3.1304423567614844e-16,-2.1000351074706707,16.098963918197214,-3.3412894836055074,4.1476037738880427,0.90679231384509695,-3.3306690738754696e-16,-2.1000351074706742,16.098679030626631,-3.3412894836055074,4.1659362890549829,0.9049975221504315,1,1.8307835762794629,1.7616246212198707,1,1,1
1785224841.6548064,1,1,0.99951978427027066,1.0164643257437325,0.030987107840382996,3,0,1,0,1.5451235066223961,-0.33343720819742806,-1.010973550464519,-0.94165726823470508,-2.2965984822620045,0.20676371363642482,0,0,0,0,-0.097217883461049773,0.0053416419484093288,-0.27876086654806514,-2.0309720277073318,16.117584978756618,-3.7697454126924788,4.2359804820642193,1.0874457356940981,-5.2847746757799421e-16,-2.0850333512846504,16.084009030494737,-3.3365748522024541,4.1344769643935217,0.90615369386874733,-5.5511151231257827e-16,-2.0850333512846504,16.084009030494737,-3.3365748522024541,4.1519761834165099,0.90519219831803366,1,1.8307835762794629,1.7616246212198707,1,1,1
1785224841.6748064,1,1,0.99951978427027066,1.0164643257437325,0.030987107840382996,3,0,1,0,1.5451235066223961,-0.33343863206573365,-1.0109787713149727,-0.94165679361193655,-2.2983954040636552,0.2068534173396768,0.00035610946322728857,-0.00035610946322728857,0,0,-0.092232350975867738,0.0014244378529091543,-0.43805279028981664,-1.8716801039655802,16.752287012526271,-3.6735784378788949,4.0336649963536892,0.64488061070231395,-1.0762783109931707e-16,-2.0720895699183606,16.071184469840585,-3.3324994029689927,4.1231508432343,0.90561293866513992,-0.00042733135587285731,-2.0716622385624888,16.071184469840585,-3.3324994029689927,4.1397526664099553,0.90535653985161624,1,1.8307835762794629,1.7616246212198707,1,1,1
1785224841.6948063,1,1,0.99951978427027066,1.0164643257437325,0.030987107840382996,3,0,1,0,1.5451235066223961,-0.33343910668850218,-1.0109816190515839,-0.94165679361193655,-2.3003446797740037,0.20690372735314086,0,0.00035610946322728857,-0.00035610946322728857,0,-0.099354540240413514,0.0035610946322728858,0.15929192374175152,-1.8716801039655802,16.117584978756618,-3.3850775134381439,4.2043686874219492,0.9546761981965628,-1.0982923241316666e-16,-2.0581045627995804,16.057282919938029,-3.328026587065203,4.1108489800617916,0.90504128222097058,-1.1102230246251565e-16,-2.0585318941554505,16.057567807508612,-3.328026587065203,4.1287327973050649,0.90440028518716142,1,1.8307835762794629,1.7616246212198707,1,1,1
1785224841.7148063,1,1,0.99951978427027066,1.0164643257437325,0.030987107840382996,3,0,1,0,1.5451239812451645,-0.33343815744296512,-1.0109820936743525,-0.94165584436639949,-2.3023504355938069,0.20697966699610548,0,0.00035610946322728857,0,0.00035610946322728857,-0.10505229165205013,0.003204985169045597,-0.27876086654806514,-1.8716801039655802,16.752287012526271,-3.0196430091465261,4.1727568927796783,1.0178997874811033,-8.4801934920141051e-16,-2.0437508626229839,16.042952838066114,-3.3234185596354662,4.0981859661595754,0.90444339507140048,-8.8817841970012523e-16,-2.0441781939788584,16.042952838066114,-3.3235431979475956,4.117095378656944,0.90386649774097239,1,1.8307835762794629,1.7616246212198707,1,1,1
1785224841.7348063,1,1,0.99951978427027066,1.0164643257437325,0.030987107840382996,3,0,1,0,1.5451239812451645,-0.33343673357465953,-1.0110006039623252,-0.94165489512086242,-2.3045607538268467,0.20701241596713399,0,0,-0.0024927662425910197,0,-0.11146226199014132,0.0010683283896818657,0,-1.8716801039655802,16.194518558607484,-3.3850775134381439,4.1032109445666842,0.84719609641284388,-8.508711019026096e-16,-2.0281836488405469,16.027386396693963,-3.3183638077514255,4.0840737615071472,0.90381415449449176,-8.8817841970012523e-16,-2.028183648840546,16.029380609688037,-3.3183638077514255,4.1041369686653724,0.90362185538434903,1,1.8307835762794629,1.7616246212198707,1,1,1
1785224841.7548063,1,1,0.99951978427027066,1.0164643257437325,0.030987107840382996,3,0,1,0,1.5451239812451645,-0.33343673357465953,-1.0110499647302522,-0.94165489512086242,-2.3067758182875711,0.2070551320163016,0,0,-0.0024927662425910197,0,-0.11716001340177794,0.0021366567793637313,0.47787577122525454,-1.8716801039655802,15.829084054315867,-3.2119769587736937,4.0715991499244133,0.81558430177057351,-7.9294309831808648e-16,-2.0128287723206011,16.012080535319299,-3.3134105571946808,4.0697173244603935,0.90320107145032902,-7.7715611723760958e-16,-2.0128287723206029,16.014074748313373,-3.3134105571946808,4.0908061268727138,0.90281647323004366,1,1.8307835762794629,1.7616246212198707,1,1,1
1785224841.7748065,1,1,0.99951978427027066,1.0164643257437325,0.030987107840382996,3,0,1,0,1.5451239812451645,-0.3334348350835854,-1.0110931554021882,-0.94165489512086242,-2.3090084437907317,0.20707126919043159,0.00035610946322728857,0.00035610946322728857,-0.0017805473161364429,0,-0.10718894843141386,0.0010683283896818657,0,-1.8716801039655802,15.463649550024249,-3.3850775134381439,4.1727568927796783,0.98628799283883317,-6.2188497628464781e-16,-1.9973995564137561,15.99662008708415,-3.3083609105062357,4.0552506313118055,0.90258829690408282,-0.00042733135587341242,-1.9978268877696266,15.998044524937059,-3.3083609105062357,4.0745446420294602,0.90239599779394009,1,1.8307835762794629,1.7616246212198707,1,1,1
1785224841.7948065,1,1,0.99951978427027066,1.0164643257437325,0.030987107840382996,3,0,1,0,1.5451239812451645,-0.33343341121527981,-1.0111311252236705,-0.94165394587532536,-2.3109112064697643,0.20709310183778393,0,-0.00035610946322728857,-0.0021366567793637313,0.00035610946322728857,-0.082617395468730953,0.00035610946322728857,0.47787577122525454,-2.349555875190835,16.559953062899101,-3.0196430091465261,3.9325072534984242,0.81558430177057351,-5.4051624910479723e-16,-1.9842477810002861,15.983449700533594,-3.3040485039122234,4.0428988377069972,0.90206307271530706,-5.5511151231257827e-16,-1.9838204496444121,15.985159025957085,-3.3041731422243528,4.0577699688913675,0.90199897301192622,1,1.8307835762794629,1.7616246212198707,1,1,1
1785224841.8148065,1,1,0.99951978427027066,1.0164643257437325,0.030987107840382996,3,0,1,0,1.5451239812451645,-0.33343246196974274,-1.0111904530697366,-0.94165394587532536,-2.3123331762842771,0.20713961486909976,0,0,-0.0035610946322728858,0,-0.065524141233821095,0.0039172040955001743,0,-2.0309720277073318,15.559816524837833,-3.5774114630653115,3.9325072534984242,1.0178997874811033,-4.7711095266724571e-16,-1.9747254481155971,15.973903763300639,-3.3009664082799346,4.0334599664029733,0.90168266145355425,-4.4408920985006262e-16,-1.9747254481155991,15.976752639006458,-3.3009664082799346,4.0452543118250599,0.90097756471636425,1,1.8307835762794629,1.7616246212198707,1,1,1
1785224841.8348064,1,1,0.99951978427027066,1.0164643257437325,0.030987107840382996,3,0,1,0,1.5451239812451645,-0.33343151272420568,-1.0112730374314607,-0.94165347125255683,-2.3136274725740553,0.20721507988929586,-0.00035610946322728857,0,-0.0042733135587274627,0.00035610946322728857,-0.062675265528002788,0.0028488757058183086,-0.27876086654806514,-2.1902639514490834,16.021418003943033,-3.0196430091465261,4.0020532017114192,0.78397250712830324,2.7468234302144779e-16,-1.9663519274785979,15.965491378436873,-3.2982928959597193,4.0246755825176255,0.90134543419904189,0.00042733135587296833,-1.9663519274785983,15.968910029283855,-3.2984175342718487,4.0359571303126662,0.90083263657199464,1,1.8307835762794629,1.7616246212198707,1,1,1
1785224841.8548064,1,1,0.99951978427027066,1.0164643257437325,0.030987107840382996,3,0,1,0,1.5451244558679331,-0.33343008885590009,-1.0113461293378143,-0.9416529966297883,-2.3147822297698863,0.20725162584247259,0,0,-0.0035610946322728858,0.00035610946322728857,-0.050211434315047689,0.0021366567793637313,-0.43805279028981664,-1.5530962564820772,15.92525102912945,-3.3850775134381439,3.9008954588561542,0.84719609641284388,-1.0516971268106855e-15,-1.9589264409155422,15.958006047714218,-3.2958801949208114,4.0168235943507966,0.90105436944040218,-9.9920072216264089e-16,-1.9589264409155405,15.960854923420037,-3.2960048332329408,4.0258616525275048,0.90066977122011682,1,1.8307835762794629,1.7616246212198707,1,1,1
1785224841.8748064,1,1,0.99951978427027066,1.0164643257437325,0.030987107840382996,3,0,1,0,1.5451249304907015,-0.33342629187375189,-1.0114220689807789,-0.9416529966297883,-2.3155843422487004,0.2072929180233346,0,0.00035610946322728857,-0.0046294230219547511,0,-0.02955708544786495,0.0017805473161364429,0,-1.7123881802238288,15.732917079502283,-3.3850775134381439,3.9704414070691487,1.0558339410518278,-9.6073162199591871e-16,-1.9541827951267887,15.953084968963324,-3.294327649077768,4.0111820566674767,0.90086687582198255,-9.9920072216264089e-16,-1.9546101264826632,15.956788507380889,-3.294327649077768,4.0165023320480913,0.90054637730507814,1,1.8307835762794629,1.7616246212198707,1,1,1
1785224841.8948064,1,1,0.99951978427027066,1.0164643257437325,0.030987107840382996,3,0,1,0,1.5451249304907015,-0.33342249489160364,-1.0115483186372076,-0.94165252200701977,-2.3159801776376536,0.20731664916176107,0.00035610946322728857,0.00035610946322728857,-0.0074782987277730601,0,-0.013888269065864253,0.00071221892645457715,-0.27876086654806514,-1.8716801039655802,15.92525102912945,-3.2119769587736937,3.8313495106431597,0.88513024998356815,-5.7282231360107182e-16,-1.9529131133782209,15.951600605221872,-3.2939320663373035,4.0077822749120946,0.90083626623353041,-0.0004273313558733014,-1.9533404447340956,15.957583244204089,-3.2939320663373035,4.0102821633439492,0.90070806682676874,1,1.8307835762794629,1.7616246212198707,1,1,1
1785224841.9148064,1,1,0.99951978427027066,1.0164643257437325,0.030987107840382996,3,0,1,0,1.5451244558679331,-0.33342439338267776,-1.0117210813249522,-0.9416529966297883,-2.3161728744816763,0.2073289893537428,0,0,-0.0092588460439095022,0,-0.006409970338091194,0.00071221892645457715,-0.27876086654806514,-2.1902639514490834,16.656120037712686,-3.4812444882517277,4.0336649963536892,0.84719609641284388,-7.5440334077195363e-16,-1.953299260189439,15.951994530417217,-3.2941817371814284,4.0053999612112063,0.90089666464387308,-7.7715611723760958e-16,-1.9532992601894392,15.959401607252344,-3.2941817371814284,4.0065537558720621,0.9007684652371114,1,1.8307835762794629,1.7616246212198707,1,1,1
1785224841.9348063,1,1,0.99951978427027066,1.0164643257437325,0.030987107840382996,3,0,1,0,1.5451244558679331,-0.33342534262821483,-1.0119076080729841,-0.94165347125255683,-2.3162511872384837,0.20733895643188194,0,0,-0.0089027365806822138,0,-0.0021366567793637313,0.00071221892645457715,0,-1.8716801039655802,16.021418003943033,-3.1158099839601099,3.9325072534984242,0.9546761981965628,-8.1052124782082665e-16,-1.9547081148922165,15.953359005894676,-3.2947621346123159,4.0036466398955479,0.90100086660194734,-7.7715611723760958e-16,-1.9547081148922132,15.960481195159222,-3.2947621346123159,4.0040312381158332,0.90087266719518555,1,1.8307835762794629,1.7616246212198707,1,1,1
1785224841.9548063,1,1,0.99951978427027066,1.0164643257437325,0.030987107840382996,3,0,1,0,1.5451244558679331,-0.33342581725098336,-1.012070878305358,-0.94165442049809389,-2.31627491837691,0.20734939813278958,0,0,-0.0089027365806822138,-0.00035610946322728857,-0.0010683283896818657,0.00071221892645457715,-0.27876086654806514,-1.7123881802238288,16.386852508234654,-2.7503754796684921,4.0020532017114192,0.98628799283883317,-1.1758501304609361e-16,-1.9562782426244687,15.954873113758998,-3.2953812757651368,4.0023970387830934,0.90110498816534468,-1.1102230246251565e-16,-1.9562782426244709,15.961995303023544,-3.2952566374530075,4.0025893378932356,0.900976788758583,1,1.8307835762794629,1.7616246212198707,1,1,1
1785224841.9748063,1,1,0.99951978427027066,1.0164643257437325,0.030987107840382996,3,0,1,0,1.5451239812451645,-0.33342581725098336,-1.0122782884552051,-0.94165394587532536,-2.316290106305503,0.20736078907923425,-0.00035610946322728857,0.00035610946322728857,-0.011395502823273234,0.00035610946322728857,-0.00071221892645457715,0.00035610946322728857,0,-1.7123881802238288,15.655983499651416,-3.3850775134381439,3.9325072534984242,0.88513024998356815,-7.5058730575037113e-16,-1.9584203621910823,15.956917011151075,-3.2961988739178678,4.0008962461708997,0.90124136461404969,0.00042733135587196913,-1.9588476935469572,15.966033413409694,-3.2963235122299972,4.0010244455776611,0.90117726491066885,1,1.8307835762794629,1.7616246212198707,1,1,1
1785224841.9948063,1,1,0.99951978427027066,1.0164643257437325,0.030987107840382996,3,0,1,0,1.5451239812451645,-0.33342629187375189,-1.0125222445582289,-0.94165489512086242,-2.3162953271559568,0.20736980691183632,0,-0.00035610946322728857,-0.0124638312129551,0,0,0.00035610946322728857,-0.11946894280631364,-2.1902639514490834,16.483019483048235,-3.3850775134381439,3.9704414070691487,0.98628799283883317,-6.0863028966022601e-16,-1.9610008272700918,15.959402486080151,-3.2971905383199758,3.9992170021807989,0.90140745279785561,-5.5511151231257827e-16,-1.9605734959142183,15.969373551050515,-3.2971905383199758,3.9992170021807989,0.90134335309447478,1,1.8307835762794629,1.7616246212198707,1,1,1
1785224842.0148063,1,1,0.99951978427027066,1.0164643257437325,0.030987107840382996,3,0,1,0,1.5451235066223961,-0.33342629187375189,-1.012741994900058,-0.94165584436639949,-2.3162943779104199,0.20737882474443836,-0.00035610946322728857,0,-0.0078344081910003485,-0.00035610946322728857,0.00035610946322728857,0.00071221892645457715,-0.11946894280631364,-1.7123881802238288,15.655983499651416,-3.3081439335872771,3.9325072534984242,0.98628799283883317,-7.1670446300510811e-16,-1.9633872608816203,15.961684332502831,-3.2980998095393561,3.9977378129226602,0.90155872411814719,0.00042733135587208016,-1.9633872608816176,15.967951859055631,-3.2979751712272267,3.9976737132192794,0.90143052471138552,1,1.8307835762794629,1.7616246212198707,1,1,1
1785224842.0348065,1,1,0.99951978427027066,1.0164643257437325,0.030987107840382996,3,0,1,0,1.5451235066223961,-0.33342629187375189,-1.0128573282328104,-0.94165726823470508,-2.3162934286648826,0.20739211418195716,0,0,-0.0039172040955001743,0,0,0.00071221892645457715,-0.11946894280631364,-2.1902639514490834,15.829084054315867,-3.2119769587736937,4.0715991499244133,0.91674204462583853,-1.3083365221159227e-15,-1.9646330121004194,15.962875179454876,-3.2985870913886024,3.9969689413678746,0.90163618527337885,-1.3322676295501878e-15,-1.9646330121004212,15.966008942731277,-3.2985870913886024,3.9969689413678746,0.90150798586661718,1,1.8307835762794629,1.7616246212198707,1,1,1
1785224842.0548065,1,1,0.99951978427027066,1.0164643257437325,0.030987107840382996,3,0,1,0,1.5451230319996274,-0.33342581725098336,-1.012891026449376,-0.94165964134854774,-2.316290106305503,0.2073992335234851,0,0.00035610946322728857,0,-0.00035610946322728857,0,0.00035610946322728857,0.79645961870875759,-2.349555875190835,15.829084054315867,-3.4812444882517277,3.9704414070691487,0.88513024998356815,-1.1191424852853584e-15,-1.9650346005265669,15.963239675254657,-3.298747451335232,3.9967660877941631,0.90166036510867942,-1.1102230246251565e-15,-1.9654619318824373,15.963239675254657,-3.2986228130231026,3.9967660877941626,0.90159626540529847,1,1.8307835762794629,1.7616246212198707,1,1,1
1785224842.0748065,1,1,0.99951978427027066,1.0164643257437325,0.030987107840382996,3,0,1,0,1.5451230319996274,-0.33342581725098336,-1.0128924503176817,-0.94165964134854774,-2.3162863093233548,0.20740397975117039,0,0,0,0,0,0,0.15929192374175152,-2.1902639514490834,16.290685533421069,-3.2119769587736937,4.0715991499244133,0.88513024998356815,2.3833575368121618e-16,-1.965074016361033,15.96327828928715,-3.298765631953668,3.9967820153142859,0.90166095373343202,2.2204460492503131e-16,-1.9650740163610294,15.96327828928715,-3.298765631953668,3.9967820153142859,0.90166095373343214,1,1.8307835762794629,1.7616246212198707,1,1,1
1785224842.0948064,1,1,0.99951978427027066,1.0164643257437325,0.030987107840382996,3,0,1,0,1.545122557376859,-0.3334248680054463,-1.0128929249404501,-0.94166106521685333,-2.3162768168679841,0.20740730211055008,0,0,0,-0.00035610946322728857,0.0010683283896818657,0,0,-2.1902639514490834,16.848453987339855,-3.1158099839601099,4.0020532017114192,1.0874457356940981,-2.25324830388018e-16,-1.9651910216747344,15.963352872230075,-3.2988011685200536,3.9968372675464123,0.90166461393415154,-2.2204460492503131e-16,-1.9651910216747339,15.963352872230075,-3.2986765302079242,3.9966449684362697,0.90166461393415154,1,1.8307835762794629,1.7616246212198707,1,1,1
1785224842.1148064,1,1,0.99951978427027066,1.0164643257437325,0.030987107840382996,3,0,1,0,1.5451220827540904,-0.33342391875990923,-1.0128915010721447,-0.94166391295346452,-2.3162502379929464,0.20740920060162421,-0.00035610946322728857,0.00035610946322728857,0,-0.00035610946322728857,0.0017805473161364429,0,0,-2.1902639514490834,16.290685533421069,-2.6542085048549082,3.9325072534984242,1.0178997874811033,-1.6518420829338582e-16,-1.9654052833369839,15.963525044744951,-3.2988734929505159,3.997017387263734,0.90167328824547455,0.00042733135587263527,-1.9658326146928573,15.963525044744951,-3.2987488546383865,3.9966968887468295,0.90167328824547455,1,1.8307835762794629,1.7616246212198707,1,1,1
1785224842.1348064,1,1,0.99951978427027066,1.0164643257437325,0.030987107840382996,3,0,1,0,1.5451216081313219,-0.3334234441371407,-1.0128900772038389,-0.94166723531284424,-2.3162155905308439,0.20740967522439274,-0.00035610946322728857,0.00035610946322728857,0,-0.00035610946322728857,0.0017805473161364429,0.00035610946322728857,0.31858384748350305,-1.8716801039655802,16.752287012526271,-3.8466789925433456,4.0020532017114192,0.91674204462583853,-8.1184666229491567e-16,-1.9656506580801585,15.96374900039854,-3.2989637253293256,3.9972529189521477,0.90168472279375678,0.00042733135587196913,-1.9660779894360303,15.96374900039854,-3.2988390870171962,3.9969324204352437,0.90162062309037583,1,1.8307835762794629,1.7616246212198707,1,1,1
1785224842.1548064,1,1,0.99951978427027066,1.0164643257437325,0.030987107840382996,3,0,1,0,1.5451216081313219,-0.3334234441371407,-1.0128896025810705,-0.94166913380391837,-2.3161975548656399,0.20740967522439274,0,0,0,0,0.00071221892645457715,0,0.31858384748350305,-2.1902639514490834,16.117584978756618,-3.4812444882517277,4.0336649963536892,0.9546761981965628,-6.1674899059877678e-16,-1.9657673137612266,15.96386527744199,-3.2990111659979724,3.9973757225331545,0.90169088390283236,-6.6613381477509392e-16,-1.9657673137612264,15.96386527744199,-3.2990111659979724,3.9972475231263926,0.90169088390283236,1,1.8307835762794629,1.7616246212198707,1,1,1
1785224842.1748064,1,1,0.99951978427027066,1.0164643257437325,0.030987107840382996,3,0,1,0,1.5451211335085533,-0.3334234441371407,-1.0128891279583019,-0.94167008304945543,-2.3161837908053524,0.20741014984716127,-0.00035610946322728857,0,0.00035610946322728857,-0.00035610946322728857,0.0010683283896818657,0,0.47787577122525454,-1.7123881802238288,15.463649550024249,-3.3850775134381439,3.9325072534984242,0.98628799283883317,-7.6082384680009539e-16,-1.9658567843304096,15.963954516154189,-3.2990455730713135,3.9974691462060572,0.90169501038714683,0.00042733135587196913,-1.9658567843304127,15.963669628583608,-3.2989209347591841,3.9972768470959146,0.90169501038714683,1,1.8307835762794629,1.7616246212198707,1,1,1
1785224842.1948063,1,1,0.99951978427027066,1.0164643257437325,0.030987107840382996,3,0,1,0,1.5451211335085533,-0.33342202026883511,-1.0128872294672278,-0.94167198154052945,-2.3161410747561848,0.20741062446992981,0,0,0,0,0.0035610946322728858,0.00035610946322728857,-0.27876086654806514,-2.1902639514490834,15.829084054315867,-3.8466789925433456,4.0715991499244133,0.84719609641284388,-1.3295133595515702e-15,-1.9662123203574984,15.964246729826305,-3.2991522341335209,3.9977495201070559,0.90170809713523536,-1.3322676295501878e-15,-1.9662123203574993,15.964246729826305,-3.2991522341335209,3.9971085230732464,0.90164399743185442,1,1.8307835762794629,1.7616246212198707,1,1,1
1785224842.2148063,1,1,0.99951978427027066,1.0164643257437325,0.030987107840382996,3,0,1,0,1.5451211335085533,-0.33341917253222392,-1.0128858055989223,-0.94167388003160357,-2.3160428278430993,0.20741014984716127,0,0,0,0,0.0060538608748639056,0,-0.75663663777331969,-2.0309720277073318,15.92525102912945,-3.1158099839601099,3.9704414070691487,0.9546761981965628,-9.542077084239346e-16,-1.9670497097118875,15.964955940036386,-3.2993984722704597,3.9983709533885841,0.90173872360937835,-9.9920072216264089e-16,-1.9670497097118869,15.964955940036386,-3.2993984722704597,3.9972812584311086,0.90173872360937835,1,1.8307835762794629,1.7616246212198707,1,1,1
1785224842.2348063,1,1,0.99951978427027066,1.0164643257437325,0.030987107840382996,3,0,1,0,1.5451211335085533,-0.33341585017284425,-1.0128853309761536,-0.9416757785226777,-2.3159037633719204,0.20740967522439274,0,0,0,0,0.0081905176542276369,0,0.15929192374175152,-2.1902639514490834,15.92525102912945,-3.2119769587736937,4.0020532017114192,0.78397250712830324,-9.4571859724913707e-16,-1.9682161404545266,15.965971465907074,-3.2997478561847884,3.9992430292649956,0.90178204125340111,-9.9920072216264089e-16,-1.9682161404545298,15.965971465907074,-3.2997478561847884,3.9977687360872349,0.90178204125340122,1,1.8307835762794629,1.7616246212198707,1,1,1
1785224842.2548063,1,1,0.99951978427027066,1.0164643257437325,0.030987107840382996,3,0,1,0,1.5451206588857849,-0.33341537555007572,-1.0128848563533852,-0.94167767701375182,-2.3157404931395464,0.20740967522439274,0,0,0,0,0.0078344081910003485,0,0.79645961870875759,-1.8716801039655802,16.290685533421069,-3.5774114630653115,4.0020532017114192,0.91674204462583853,-4.3672384557574202e-16,-1.9694006682073792,15.967129922231202,-3.300143591412712,4.0002888447026903,0.90183016062326971,-4.4408920985006262e-16,-1.9694006682073777,15.967129922231202,-3.300143591412712,3.9988786512283094,0.90183016062326971,1,1.8307835762794629,1.7616246212198707,1,1,1
1785224842.2748065,1,1,0.99951978427027066,1.0164643257437325,0.030987107840382996,3,0,1,0,1.5451206588857849,-0.33341537555007572,-1.0128843817306166,-0.94167910088205742,-2.3155824437576262,0.20741014984716127,0,0,-0.00035610946322728857,-0.00035610946322728857,0.0074782987277730601,0,-1.0752204852568228,-1.7123881802238288,16.386852508234654,-3.1158099839601099,4.0715991499244133,0.68281476427303833,-4.6662781406582101e-16,-1.9705234212306217,15.968247715817757,-3.3005235868634921,4.0013034824907949,0.90187596982621876,-4.4408920985006262e-16,-1.9705234212306237,15.968532603388338,-3.3003989485513627,3.9999573887197948,0.90187596982621887,1,1.8307835762794629,1.7616246212198707,1,1,1
# event,1785224842.4868951,RECOVERING,实体 FREE 松开：实体保持输入已释放；保持力矩控制并增强阻尼，静止后切回位置保持
1785224842.3948064,1,1,0.99951978427027066,1.0164643257437325,0.030987107840382996,3,0,1,0,1.5451201842630162,-0.33338262657904721,-1.0128786862573942,-0.9416833724869742,-2.3142207510347168,0.20740635286501305,0,0.00035610946322728857,0,-0.00035610946322728857,0.012819940676182388,0,0.63716769496700609,-1.7123881802238288,15.829084054315867,-3.2119769587736937,4.1348227392089543,0.81558430177057351,-7.0693170884686149e-16,-1.9820015704843719,15.978239246271102,-3.3038887715768173,4.0098085357458517,0.90228915107365593,-6.6613381477509392e-16,-1.9824289018402439,15.978239246271102,-3.3037641332646879,4.0075009464241376,0.90228915107365593,1,1.8307835762794629,1.7616246212198707,1,1,1
1785224842.4148064,1,1,0.99951978427027066,1.0164643257437325,0.030987107840382996,3,0,1,0,1.5451201842630162,-0.33337977884243603,-1.0128786862573942,-0.94168384710974273,-2.3140313765500737,0.20740587824224452,0,0,0,0,0.0060538608748639056,0,-0.59734471403156819,-1.8716801039655802,15.829084054315867,-3.4812444882517277,3.9704414070691487,0.81558430177057351,-5.0594345480154869e-16,-1.9835138424705991,15.979619685652297,-3.3043521422532778,4.0109967017986925,0.9023458596785362,-5.5511151231257827e-16,-1.9835138424706003,15.979619685652297,-3.3043521422532778,4.0099070068412166,0.90234585967853631,1,1.8307835762794629,1.7616246212198707,1,1,1
1785224842.4348063,1,1,0.99951978427027066,1.0164643257437325,0.030987107840382996,3,0,1,0,1.5451201842630162,-0.33338025346520456,-1.0128767877663201,-0.94168432173251126,-2.3139673024763221,0.20740587824224452,0,0,0,0,0.0010683283896818657,-0.00035610946322728857,-0.59734471403156819,-1.8716801039655802,15.655983499651416,-3.1158099839601099,4.0336649963536892,0.9546761981965628,-7.6138930971952954e-16,-1.9839250814459062,15.980050663866297,-3.304496405176816,4.0114220986220825,0.90236288856739755,-7.7715611723760958e-16,-1.9839250814459035,15.980050663866297,-3.304496405176816,4.0112297995119395,0.9024269882707785,1,1.8307835762794629,1.7616246212198707,1,1,1
1785224842.4548063,1,1,0.99951978427027066,1.0164643257437325,0.030987107840382996,3,0,1,0,1.5451201842630162,-0.33338072808797309,-1.0128748892752462,-0.9416847963552798,-2.3139616070030997,0.20740587824224452,0,0,0,0,0.00035610946322728857,0,0.63716769496700609,-2.349555875190835,15.92525102912945,-3.5774114630653115,3.9704414070691487,0.98628799283883317,4.0663599297511408e-16,-1.983917509868478,15.980064743297627,-3.3045018289050825,4.0114756007524477,0.90236319654549524,4.4408920985006262e-16,-1.9839175098684763,15.980064743297627,-3.3045018289050825,4.011411501049067,0.90236319654549524,1,1.8307835762794629,1.7616246212198707,1,1,1
1785224842.4748063,1,1,0.99951978427027066,1.0164643257437325,0.030987107840382996,3,0,1,0,1.5451201842630162,-0.33338025346520456,-1.0128744146524775,-0.94168527097804833,-2.3139525891704977,0.20740587824224452,0,0.00035610946322728857,0,0,0.00071221892645457715,0,0,-1.8716801039655802,15.655983499651416,-3.4812444882517277,4.0336649963536892,0.98628799283883317,-3.9804888442017578e-16,-1.9840010158071328,15.980127238270999,-3.3045248605284407,4.0115341748545132,0.90236610963525143,-4.4408920985006262e-16,-1.9844283471630035,15.980127238270999,-3.3045248605284407,4.0114059754477509,0.90236610963525155,1,1.8307835762794629,1.7616246212198707,1,1,1
1785224842.4948063,6,1,0.99951978427027066,1.0164643257437325,0.030987107840382996,3,0,1,1,1.5451201842630162,-0.33337977884243603,-1.0128739400297091,-0.94168527097804833,-2.3139336042597565,0.20740587824224452,0,0,-0.00035610946322728857,0,0.00071221892645457715,0,0,-1.8716801039655802,16.021418003943033,-3.2119769587736937,4.0336649963536892,0.91674204462583853,-9.9664367030316153e-17,-1.9841579255760842,15.980262814127455,-3.3045700069710575,4.0116551115026038,0.90237154719208612,-5.5107562957346091e-16,-1.9845180774700193,15.980255251997011,-3.3044281782088913,4.0113104590351485,0.90236929727037241,1,1.8307835762794629,1.7616246212198707,1,1,1
1785224842.5148063,6,1,0.99951978427027066,1.0164643257437325,0.030987107840382996,3,0,1,1,1.5451201842630162,-0.3333778803513619,-1.0128739400297091,-0.94168527097804833,-2.3139131954807097,0.20740587824224452,0,0,-0.00035610946322728857,0,0.00071221892645457715,0,0.63716769496700609,-2.1902639514490834,16.117584978756618,-3.1158099839601099,4.0336649963536892,0.7144265589153086,-8.1798561363734732e-16,-1.9844078419269975,15.980428310280974,-3.304626303968166,4.0117722432681919,0.90237871534418823,-5.126352675688395e-16,-1.9844452195834104,15.980749565691124,-3.3044502035514105,4.0110476688072421,0.90236931826886491,1,1.8307835762794629,1.7616246212198707,1,1,1
1785224842.5348065,6,1,0.99951978427027066,1.0164643257437325,0.030987107840382996,3,0,1,1,1.5451201842630162,-0.33337218487813958,-1.0128739400297091,-0.94168527097804833,-2.3139027537798023,0.20740635286501305,0,0.00035610946322728857,0,0,0.00035610946322728857,0.00035610946322728857,-0.27876086654806514,-2.0309720277073318,16.117584978756618,-3.1158099839601099,3.9325072534984242,0.81558430177057351,-1.2718044769361008e-16,-1.9847929326468527,15.980561803160963,-3.3046747617249883,4.0118002722491815,0.90238552379977577,-4.5074699528413471e-16,-1.9863364454783146,15.980206384437864,-3.3044856639457443,4.0110430242614727,0.90195090921237908,1,1.8307835762794629,1.7616246212198707,1,1,1
1785224842.5548065,6,1,0.99951978427027066,1.0164643257437325,0.030987107840382996,3,0,1,1,1.5451197096402478,-0.33336506553661166,-1.0128739400297091,-0.94168527097804833,-2.313896109061043,0.20740587824224452,0,0.00035610946322728857,-0.00035610946322728857,0,0.00035610946322728857,0,0.31858384748350305,-2.1902639514490834,16.386852508234654,-3.2119769587736937,4.0336649963536892,0.81558430177057351,6.45020513092562e-17,-1.9852290731872073,15.980683655617254,-3.304719354653137,4.0117941870192864,0.90239253802198827,-3.867270947921497e-16,-1.9874471872142974,15.982368648622673,-3.3045223457084245,4.0108620480820791,0.90236938704766101,1,1.8307835762794629,1.7616246212198707,1,1,1
1785224842.5748065,6,1,0.99951978427027066,1.0164643257437325,0.030987107840382996,3,0,1,1,1.5451201842630162,-0.33336316704553753,-1.0128744146524775,-0.94168574560081686,-2.3138908882105889,0.20740635286501305,0,0,0,-0.00035610946322728857,0.00035610946322728857,0,0.63716769496700609,-2.1902639514490834,15.829084054315867,-2.8465424544820759,4.0336649963536892,0.91674204462583853,-9.1194855393726081e-16,-1.9853729650533234,15.980743395012801,-3.3047433937452992,4.0118126161026089,0.90239586645279357,-3.4189184816568741e-16,-1.9841216012811522,15.980209545658758,-3.3031802101611012,4.0107353044980645,0.90236941153943317,1,1.8307835762794629,1.7616246212198707,1,1,1
1785224842.5948064,6,1,0.99951978427027066,1.0164643257437325,0.030987107840382996,3,0,1,1,1.5451201842630162,-0.33335984468615781,-1.0128739400297091,-0.94168527097804833,-2.3138794972641445,0.20740635286501305,0,0.00071221892645457715,0,0,0.00071221892645457715,0,-0.59734471403156819,-1.5530962564820772,16.290685533421069,-3.1158099839601099,4.0020532017114192,0.9546761981965628,-5.894849840229196e-16,-1.9856325532036787,15.980856272756885,-3.304780542221236,4.0118647364760065,0.90240078284188363,-3.3306690738754696e-16,-1.9926515020593893,15.980209801940504,-3.3045530916209396,4.0098200838461215,0.90236941636015922,1,1.8307835762794629,1.7616246212198707,1,1,1
1785224842.6148064,6,1,0.99951978427027066,1.0164643257437325,0.030987107840382996,3,0,1,1,1.5451201842630162,-0.33335082685355577,-1.0128739400297091,-0.9416847963552798,-2.313871903299848,0.20740682748778158,0,0.00071221892645457715,0,0.00035610946322728857,0.00035610946322728857,0,-0.11946894280631364,-1.8716801039655802,15.829084054315867,-3.3850775134381439,4.0336649963536892,0.9546761981965628,-7.8229733546980226e-17,-1.9861802482562168,15.981005898152819,-3.3048342320305872,4.01185096654884,0.90240876015203353,-3.3306690738754696e-16,-1.9926515020593893,15.980209801940504,-3.3059775294738487,4.0107103575041902,0.90236941636015922,1,1.8307835762794629,1.7616246212198707,1,1,1
1785224842.6348064,6,1,0.99951978427027066,1.0164643257437325,0.030987107840382996,3,0,1,1,1.5451201842630162,-0.33333753741603694,-1.0128744146524775,-0.94168527097804833,-2.3138571899940237,0.20740635286501305,0,0.00071221892645457715,0,0,0.0010683283896818657,0,0.47787577122525454,-2.0309720277073318,15.655983499651416,-3.3081439335872771,4.0336649963536892,0.78397250712830324,-4.8090600793250447e-17,-1.9870139277456285,15.981252596912384,-3.3049267785822387,4.0118523459683892,0.90242304496271653,-3.3306690738754696e-16,-1.9926515020593893,15.980209801940504,-3.3045530916209396,4.0089298101880537,0.90236941636015922,1,1.8307835762794629,1.7616246212198707,1,1,1
1785224842.6548064,6,1,0.99951978427027066,1.0164643257437325,0.030987107840382996,3,0,1,1,1.5451197096402478,-0.3333299434517405,-1.0128744146524775,-0.9416847963552798,-2.313841527442662,0.20740635286501305,-0.00035610946322728857,0.00035610946322728857,-0.00035610946322728857,0.00035610946322728857,0.00035610946322728857,-0.00035610946322728857,0,-1.7123881802238288,15.829084054315867,-3.4812444882517277,4.0020532017114192,0.84719609641284388,-2.2096073875993017e-16,-1.9875422113773078,15.981445358647537,-3.304993498779377,4.0118994892875772,0.90243249145956883,0.0042733135587271296,-1.9883781885006617,15.983058677646323,-3.3059775294738487,4.0107103575041902,0.90325969001822748,1,1.8307835762794629,1.7616246212198707,1,1,1
1785224842.6748064,6,1,0.99951978427027066,1.0164643257437325,0.030987107840382996,3,0,1,1,1.5451201842630162,-0.3333299434517405,-1.0128744146524775,-0.94168527097804833,-2.3138348827239028,0.20740682748778158,0,0,0,0,0,0,0.47787577122525454,-2.1902639514490834,15.829084054315867,-3.2119769587736937,4.0020532017114192,0.9546761981965628,-7.3379510000277739e-16,-1.9875876509615047,15.981490577142887,-3.3050112154556013,4.0119430789513864,0.90243457414830541,-3.3306690738754696e-16,-1.9841048749419343,15.980209801940504,-3.3045530916209396,4.0116006311622581,0.90236941636015922,1,1.8307835762794629,1.7616246212198707,1,1,1
1785224842.6948063,6,1,0.99951978427027066,1.0164643257437325,0.030987107840382996,3,0,1,1,1.5451201842630162,-0.3333299434517405,-1.0128739400297091,-0.94168527097804833,-2.3138315603645228,0.20740635286501305,0,0.00035610946322728857,0,0,0,0,0,-2.1902639514490834,16.021418003943033,-2.9427094292956593,4.0336649963536892,0.9546761981965628,-7.4780237919149321e-16,-1.9876066529268628,15.981509696076298,-3.3050168433890597,4.0119673239907172,0.90243534559766081,-3.3306690738754696e-16,-1.9883781885006617,15.980209801940504,-3.3045530916209396,4.0116006311622581,0.90236941636015922,1,1.8307835762794629,1.7616246212198707,1,1,1
1785224842.7148063,6,1,0.99951978427027066,1.0164643257437325,0.030987107840382996,3,0,1,1,1.5451201842630162,-0.3333299434517405,-1.0128744146524775,-0.94168527097804833,-2.3138291872506804,0.20740635286501305,0,0,-0.00035610946322728857,0,0,0,-0.27876086654806514,-1.5530962564820772,15.655983499651416,-3.2119769587736937,4.0020532017114192,0.81558430177057351,-1.4528698067687509e-16,-1.9876288416157095,15.981531581300306,-3.3050244276142187,4.0119792216052197,0.90243635594358096,-3.3306690738754696e-16,-1.9841048749419343,15.983058677646323,-3.3045530916209396,4.0116006311622581,0.90236941636015922,1,1.8307835762794629,1.7616246212198707,1,1,1
1785224842.7348063,6,1,0.99951978427027066,1.0164643257437325,0.030987107840382996,3,0,1,1,1.5451201842630162,-0.33332946882897196,-1.0128739400297091,-0.94168527097804833,-2.3138258648913004,0.20740635286501305,0,0,0.00035610946322728857,-0.00035610946322728857,0.00035610946322728857,0,0.47787577122525454,-1.7123881802238288,16.021418003943033,-3.3850775134381439,4.0715991499244133,0.81558430177057351,-1.5896205229850858e-16,-1.9876733892949399,15.98155530761853,-3.3050323272787692,4.0120003840409977,0.90243730746135753,-3.3306690738754696e-16,-1.9841048749419343,15.977360926234685,-3.3031286537680304,4.0107103575041902,0.90236941636015922,1,1.8307835762794629,1.7616246212198707,1,1,1
1785224842.7548063,6,1,0.99951978427027066,1.0164643257437325,0.030987107840382996,3,0,1,1,1.5451201842630162,-0.3333299434517405,-1.0128744146524775,-0.94168527097804833,-2.3138230171546894,0.20740587824224452,0,0,0,0,0,0,-0.11946894280631364,-2.0309720277073318,16.290685533421069,-3.2119769587736937,4.0020532017114192,1.1190575303363683,-6.229621583924042e-16,-1.9876734372733398,15.981575974917575,-3.3050387681702276,4.0120183873280428,0.90243827367326024,-3.3306690738754696e-16,-1.9841048749419343,15.980209801940504,-3.3045530916209396,4.0116006311622581,0.90236941636015922,1,1.8307835762794629,1.7616246212198707,1,1,1
1785224842.7748065,6,1,0.99951978427027066,1.0164643257437325,0.030987107840382996,3,0,1,1,1.5451201842630162,-0.3333299434517405,-1.0128739400297091,-0.9416847963552798,-2.3138196947953098,0.20740635286501305,0,0,0.00035610946322728857,0,0.00071221892645457715,0,-0.27876086654806514,-2.349555875190835,15.829084054315867,-3.2119769587736937,4.0020532017114192,0.9546761981965628,-3.0226603405253477e-16,-1.987693678618502,15.981596336638383,-3.305043469625228,4.0120417755589548,0.90243841363722244,-3.3306690738754696e-16,-1.9841048749419343,15.977360926234685,-3.3045530916209396,4.0098200838461215,0.90236941636015922,1,1.8307835762794629,1.7616246212198707,1,1,1
1785224842.7948065,6,1,0.99951978427027066,1.0164643257437325,0.030987107840382996,3,0,1,1,1.5451201842630162,-0.3333285195834349,-1.0128744146524775,-0.9416847963552798,-2.3138087784716337,0.20740587824224452,0,0.00035610946322728857,0.00035610946322728857,0.00035610946322728857,0.00071221892645457715,0,-0.43805279028981664,-1.7123881802238288,15.655983499651416,-3.2119769587736937,3.9325072534984242,0.9546761981965628,-2.2093632173103039e-16,-1.9878551166225127,15.981694376495437,-3.3050768612515924,4.0120982990070582,0.90244301340922006,-3.3306690738754696e-16,-1.9883781885006617,15.977360926234685,-3.3059775294738487,4.0098200838461215,0.90236941636015922,1,1.8307835762794629,1.7616246212198707,1,1,1
1785224842.8148065,6,1,0.99951978427027066,1.0164643257437325,0.030987107840382996,3,0,1,1,1.5451201842630162,-0.33332329873298111,-1.0128753638980146,-0.9416847963552798,-2.3138016591301058,0.20740635286501305,0,0,0,0,0.00071221892645457715,0,0,-2.1902639514490834,15.829084054315867,-3.2119769587736937,4.1032109445666842,0.9546761981965628,-5.7343751162340066e-16,-1.9882008269265277,15.981809080488265,-3.3051193594670525,4.0121019424268844,0.90244920059447875,-3.3306690738754696e-16,-1.9841048749419343,15.980209801940504,-3.3045530916209396,4.0098200838461215,0.90236941636015922,1,1.8307835762794629,1.7616246212198707,1,1,1
1785224842.8348064,6,1,0.99951978427027066,1.0164643257437325,0.030987107840382996,3,0,1,1,1.5451201842630162,-0.33332329873298111,-1.0128744146524775,-0.9416847963552798,-2.3137973875251889,0.20740635286501305,0,0,0.00035610946322728857,0,0,0,-0.11946894280631364,-1.7123881802238288,16.117584978756618,-3.2119769587736937,4.0020532017114192,0.98628799283883317,-2.8315741548659832e-16,-1.988221144963066,15.981829710125469,-3.3051256326343812,4.0121355877400902,0.90244976259833098,-3.3306690738754696e-16,-1.9841048749419343,15.977360926234685,-3.3045530916209396,4.0116006311622581,0.90236941636015922,1,1.8307835762794629,1.7616246212198707,1,1,1
1785224842.8548064,6,1,0.99951978427027066,1.0164643257437325,0.030987107840382996,3,0,1,1,1.5451201842630162,-0.33332519722405518,-1.0128744146524775,-0.9416847963552798,-2.3137964382796516,0.20740635286501305,0,0,0.00035610946322728857,0.00035610946322728857,-0.00035610946322728857,0,-0.11946894280631364,-1.7123881802238288,16.021418003943033,-3.2119769587736937,4.1032109445666842,0.88513024998356815,-7.3810639803863485e-16,-1.988124450146548,15.981816737592531,-3.3051201232310081,4.0121545078984919,0.90244871173782171,-3.3306690738754696e-16,-1.9841048749419343,15.977360926234685,-3.3059775294738487,4.0124909048203259,0.90236941636015922,1,1.8307835762794629,1.7616246212198707,1,1,1
1785224842.8748064,6,1,0.99951978427027066,1.0164643257437325,0.030987107840382996,3,0,1,1,1.5451201842630162,-0.33332424797851817,-1.0128744146524775,-0.94168527097804833,-2.3137950144113462,0.20740635286501305,0,0.00035610946322728857,0.00035610946322728857,-0.00035610946322728857,0,0,-0.27876086654806514,-1.7123881802238288,15.655983499651416,-3.3850775134381439,3.9704414070691487,0.81558430177057351,-5.1961760691263861e-16,-1.9881845173368793,15.981834878017349,-3.3051289786908926,4.0121582688929163,0.90245011113761631,-3.3306690738754696e-16,-1.9883781885006617,15.977360926234685,-3.3031286537680304,4.0116006311622581,0.90236941636015922,1,1.8307835762794629,1.7616246212198707,1,1,1
1785224842.8948064,6,1,0.99951978427027066,1.0164643257437325,0.030987107840382996,3,0,1,1,1.5451201842630162,-0.33332045099636992,-1.0128748892752462,-0.94168527097804833,-2.3137893189381238,0.20740635286501305,0,0.00035610946322728857,0,-0.00035610946322728857,0.00035610946322728857,0,0.79645961870875759,-2.1902639514490834,16.117584978756618,-3.2119769587736937,4.0715991499244133,0.88513024998356815,-5.5945052307993805e-16,-1.9884375510497714,15.981919992614833,-3.3051599947477013,4.0121655803993308,0.90245471840968472,-3.3306690738754696e-16,-1.9883781885006617,15.980209801940504,-3.3031286537680304,4.0107103575041902,0.90236941636015922,1,1.8307835762794629,1.7616246212198707,1,1,1
1785224842.9148064,6,1,0.99951978427027066,1.0164643257437325,0.030987107840382996,3,0,1,1,1.5451201842630162,-0.33331902712806433,-1.0128753638980146,-0.9416847963552798,-2.3137836234649014,0.20740635286501305,0,0,0,0.00035610946322728857,0.00035610946322728857,0,0,-1.5530962564820772,15.829084054315867,-3.3850775134381439,3.9325072534984242,1.0178997874811033,1.761736354386939e-16,-1.9885631040351042,15.981982321666065,-3.3051797159071339,4.0121878556338304,0.9024573420238422,-3.3306690738754696e-16,-1.9841048749419343,15.980209801940504,-3.3059775294738487,4.0107103575041902,0.90236941636015922,1,1.8307835762794629,1.7616246212198707,1,1,1
1785224842.9348063,6,1,0.99951978427027066,1.0164643257437325,0.030987107840382996,3,0,1,1,1.5451201842630162,-0.33331950175083286,-1.0128748892752462,-0.9416847963552798,-2.3137817249738273,0.20740635286501305,0.00035610946322728857,0,-0.00035610946322728857,0,0.00035610946322728857,0,0,-1.8716801039655802,16.386852508234654,-3.6735784378788949,4.0020532017114192,0.81558430177057351,7.2325746229221118e-17,-1.9885456843264864,15.981986003905709,-3.3051803465336484,4.0122063850644958,0.90245722438146192,-0.0042733135587277957,-1.9841048749419343,15.983058677646323,-3.3045530916209396,4.0107103575041902,0.90236941636015922,1,1.8307835762794629,1.7616246212198707,1,1,1
1785224842.9548063,6,1,0.99951978427027066,1.0164643257437325,0.030987107840382996,3,0,1,1,1.5451201842630162,-0.33331997637360139,-1.0128748892752462,-0.94168527097804833,-2.3137803011055218,0.20740635286501305,0,0,0,0,0.00071221892645457715,0,0.79645961870875759,-1.8716801039655802,15.655983499651416,-3.2119769587736937,4.0020532017114192,0.98628799283883317,-2.4764145094458166e-16,-1.9885281228483787,15.981989330714766,-3.3051833771688877,4.0122198013554442,0.90245763174136628,-3.3306690738754696e-16,-1.9841048749419343,15.980209801940504,-3.3045530916209396,4.0098200838461215,0.90236941636015922,1,1.8307835762794629,1.7616246212198707,1,1,1
1785224842.9748063,6,1,0.99951978427027066,1.0164643257437325,0.030987107840382996,3,0,1,1,1.5451201842630162,-0.33332045099636992,-1.0128744146524775,-0.94168527097804833,-2.3137798264827532,0.20740635286501305,0,0,0.00035610946322728857,0,0,-0.00035610946322728857,0.79645961870875759,-2.1902639514490834,16.117584978756618,-3.4812444882517277,4.0336649963536892,0.88513024998356815,-8.4002277938092344e-16,-1.9885004880111157,15.98198284445041,-3.3051806223904987,4.012229261398069,0.90245710631022014,-3.3306690738754696e-16,-1.9841048749419343,15.977360926234685,-3.3045530916209396,4.0116006311622581,0.90325969001822748,1,1.8307835762794629,1.7616246212198707,1,1,1
1785224842.9948063,6,1,0.99951978427027066,1.0164643257437325,0.030987107840382996,3,0,1,1,1.5451201842630162,-0.33332045099636992,-1.0128744146524775,-0.94168527097804833,-2.3137774533689108,0.20740635286501305,0,0,0,0,0,-0.00035610946322728857,-0.27876086654806514,-2.1902639514490834,16.290685533421069,-3.8466789925433456,3.9325072534984242,0.81558430177057351,-3.7901256675729545e-16,-1.9885175131468611,15.981999791868228,-3.3051862646516619,4.0122443769769474,0.90245778595424331,-3.3306690738754696e-16,-1.9841048749419343,15.980209801940504,-3.3045530916209396,4.0116006311622581,0.90325969001822748,1,1.8307835762794629,1.7616246212198707,1,1,1
1785224843.0148063,6,1,0.99951978427027066,1.0164643257437325,0.030987107840382996,3,0,1,1,1.5451201842630162,-0.33331997637360139,-1.0128744146524775,-0.94168574560081686,-2.3137731817639939,0.20740635286501305,0,0,0.00035610946322728857,0,0.00035610946322728857,-0.00035610946322728857,0,-1.7123881802238288,16.117584978756618,-3.0196430091465261,4.0336649963536892,0.74603835355757886,-3.7879897963411182e-16,-1.9885721343043854,15.982033331306607,-3.3051999491576538,4.0122694949390008,0.90245967023998841,-3.3306690738754696e-16,-1.9841048749419343,15.977360926234685,-3.3045530916209396,4.0107103575041902,0.90325969001822748,1,1.8307835762794629,1.7616246212198707,1,1,1
1785224843.0348065,6,1,0.99951978427027066,1.0164643257437325,0.030987107840382996,3,0,1,1,1.5451197096402478,-0.33331950175083286,-1.0128748892752462,-0.94168574560081686,-2.3137712832729198,0.20740682748778158,0,0,0,-0.00035610946322728857,0,0,0.15929192374175152,-1.8716801039655802,16.117584978756618,-3.2119769587736937,4.0715991499244133,1.0558339410518278,-6.2675032332753683e-17,-1.9886164638778554,15.982056434561532,-3.305208676433991,4.0122752863576601,0.90246072467062544,-3.3306690738754696e-16,-1.9841048749419343,15.980209801940504,-3.3031286537680304,4.0116006311622581,0.90236941636015922,1,1.8307835762794629,1.7616246212198707,1,1,1
1785224843.0548065,6,1,0.99951978427027066,1.0164643257437325,0.030987107840382996,3,0,1,1,1.5451201842630162,-0.33331950175083286,-1.0128744146524775,-0.94168574560081686,-2.3137703340273825,0.20740682748778158,0,0,0,0,0,0,0,-1.7123881802238288,16.290685533421069,-3.2119769587736937,4.0020532017114192,0.91674204462583853,-3.9212078018362701e-16,-1.9886181102985696,15.982058275640679,-3.3052089916759928,4.0122845510126988,0.90246066584481577,-3.3306690738754696e-16,-1.9841048749419343,15.980209801940504,-3.3045530916209396,4.0116006311622581,0.90236941636015922,1,1.8307835762794629,1.7616246212198707,1,1,1
1785224843.0748065,6,1,0.99951978427027066,1.0164643257437325,0.030987107840382996,3,0,1,1,1.5451201842630162,-0.33331997637360139,-1.0128748892752462,-0.94168574560081686,-2.3137693847818457,0.20740682748778158,0.00035610946322728857,0,-0.00035610946322728857,-0.00035610946322728857,0.00035610946322728857,0,-0.43805279028981664,-2.0309720277073318,16.290685533421069,-3.3850775134381439,4.0020532017114192,0.98628799283883317,-3.549929532862433e-16,-1.9886042077235309,15.982065054606844,-3.3052112485700929,4.0122905972219245,0.9024609377044629,-0.0042733135587277957,-1.9841048749419343,15.983058677646323,-3.3031286537680304,4.0107103575041902,0.90236941636015922,1,1.8307835762794629,1.7616246212198707,1,1,1
1785224843.0948064,6,1,0.99951978427027066,1.0164643257437325,0.030987107840382996,3,0,1,1,1.5451197096402478,-0.33331997637360139,-1.0128744146524775,-0.94168574560081686,-2.3137674862907716,0.20740682748778158,0,-0.00035610946322728857,0,0,0,0,-0.27876086654806514,-1.8716801039655802,16.386852508234654,-3.3081439335872771,3.9325072534984242,0.78397250712830324,-6.8003895828717569e-16,-1.9886126641849122,15.982073674639572,-3.3052138206690964,4.0123059080575691,0.90246115073408839,-3.3306690738754696e-16,-1.9798315613832069,15.980209801940504,-3.3045530916209396,4.0116006311622581,0.90236941636015922,1,1.8307835762794629,1.7616246212198707,1,1,1
1785224843.1148064,6,1,0.99951978427027066,1.0164643257437325,0.030987107840382996,3,0,1,1,1.5451201842630162,-0.33331997637360139,-1.0128748892752462,-0.94168574560081686,-2.3137665370452343,0.20740682748778158,0,0,0,0,0,0,-0.27876086654806514,-2.0309720277073318,16.117584978756618,-3.2119769587736937,4.0020532017114192,0.9546761981965628,-2.9838977859715282e-16,-1.9886246378815158,15.98208539150319,-3.305218019179522,4.0123087357905245,0.90246175327183342,-3.3306690738754696e-16,-1.9841048749419343,15.980209801940504,-3.3045530916209396,4.0116006311622581,0.90236941636015922,1,1.8307835762794629,1.7616246212198707,1,1,1
1785224843.1348064,6,1,0.99951978427027066,1.0164643257437325,0.030987107840382996,3,0,1,1,1.5451197096402478,-0.33331997637360139,-1.0128748892752462,-0.94168574560081686,-2.3137655877996974,0.20740682748778158,0,0,0,0,0,0,-0.43805279028981664,-2.1902639514490834,16.117584978756618,-3.1158099839601099,4.0715991499244133,0.91674204462583853,-4.6862868384456019e-16,-1.9886314479334681,15.982092170467926,-3.3052202760425708,4.0123147819728251,0.90246202512741536,-3.3306690738754696e-16,-1.9841048749419343,15.980209801940504,-3.3045530916209396,4.0116006311622581,0.90236941636015922,1,1.8307835762794629,1.7616246212198707,1,1,1
1785224843.1548064,6,1,0.99951978427027066,1.0164643257437325,0.030987107840382996,3,0,1,1,1.5451197096402478,-0.33331950175083286,-1.0128748892752462,-0.94168527097804833,-2.3137646385541601,0.20740682748778158,0,0,-0.00035610946322728857,0.00035610946322728857,0.00035610946322728857,0,0,-1.7123881802238288,16.752287012526271,-3.1158099839601099,4.0020532017114192,1.0874457356940981,-6.704539416470229e-16,-1.9886660346132823,15.982105791142324,-3.3052228876522136,4.0123164812563168,0.90246229741134398,-3.3306690738754696e-16,-1.9841048749419343,15.983058677646323,-3.3059775294738487,4.0107103575041902,0.90236941636015922,1,1.8307835762794629,1.7616246212198707,1,1,1
1785224843.1748064,6,1,0.99951978427027066,1.0164643257437325,0.030987107840382996,3,0,1,1,1.5451197096402478,-0.33331950175083286,-1.0128748892752462,-0.94168574560081686,-2.3137636893086233,0.20740682748778158,-0.00035610946322728857,0,0,0,-0.00035610946322728857,0.00035610946322728857,-0.11946894280631364,-1.8716801039655802,16.386852508234654,-3.2119769587736937,4.1032109445666842,0.64488061070231395,-4.7654453341032756e-16,-1.9886709443127861,15.982110666298695,-3.3052267313895531,4.0123236558610422,0.90246289951641656,0.0042733135587271296,-1.9841048749419343,15.980209801940504,-3.3045530916209396,4.0124909048203259,0.90147914270209095,1,1.8307835762794629,1.7616246212198707,1,1,1
1785224843.1948063,6,1,0.99951978427027066,1.0164643257437325,0.030987107840382996,3,0,1,1,1.5451197096402478,-0.33331950175083286,-1.0128748892752462,-0.94168527097804833,-2.3137622654403178,0.20740635286501305,-0.00035610946322728857,0,0,0,0,0,-0.75663663777331969,-1.7123881802238288,15.463649550024249,-3.2119769587736937,4.1348227392089543,0.81558430177057351,-2.2530718477128716e-16,-1.9886833901776835,15.982123069012996,-3.3052281995382775,4.0123314607641891,0.90246312769766335,0.0042733135587271296,-1.9841048749419343,15.980209801940504,-3.3045530916209396,4.0116006311622581,0.90236941636015922,1,1.8307835762794629,1.7616246212198707,1,1,1
1785224843.2148063,6,1,0.99951978427027066,1.0164643257437325,0.030987107840382996,3,0,1,1,1.5451197096402478,-0.33331902712806433,-1.0128748892752462,-0.94168527097804833,-2.3137603669492437,0.20740635286501305,-0.00035610946322728857,0.00035610946322728857,0,0.00035610946322728857,0.00035610946322728857,-0.00035610946322728857,1.2743353899340122,-2.1902639514490834,16.117584978756618,-3.2119769587736937,4.0336649963536892,0.9546761981965628,7.2653961319910948e-16,-1.9887228865664179,15.982141564849805,-3.3052346548655827,4.0123403346301103,0.90246400208637423,0.0042733135587271296,-1.9883781885006617,15.980209801940504,-3.3059775294738487,4.0107103575041902,0.90325969001822748,1,1.8307835762794629,1.7616246212198707,1,1,1
1785224843.2348063,6,1,0.99951978427027066,1.0164643257437325,0.030987107840382996,3,0,1,1,1.5451197096402478,-0.33331902712806433,-1.0128748892752462,-0.94168527097804833,-2.3137584684581696,0.20740682748778158,-0.00035610946322728857,0.00035610946322728857,0,0,0.00035610946322728857,0,-0.43805279028981664,-2.1902639514490834,16.117584978756618,-3.2119769587736937,3.9325072534984242,1.0558339410518278,-1.4499952301735435e-17,-1.9887361762472504,15.98215479233173,-3.3052394987978611,4.012352562875904,0.90246439514738119,0.0042733135587271296,-1.9883781885006617,15.980209801940504,-3.3045530916209396,4.0107103575041902,0.90236941636015922,1,1.8307835762794629,1.7616246212198707,1,1,1
1785224843.2548063,6,1,0.99951978427027066,1.0164643257437325,0.030987107840382996,3,0,1,1,1.5451201842630162,-0.33331902712806433,-1.0128748892752462,-0.94168527097804833,-2.3137579938354009,0.20740682748778158,0,0.00035610946322728857,0,0,0,0.00035610946322728857,-0.27876086654806514,-2.1902639514490834,15.829084054315867,-3.3850775134381439,4.1032109445666842,0.74603835355757886,-4.1838992722386431e-16,-1.9887395812743589,15.982158181815208,-3.3052406272163792,4.012355585953185,0.90246453107475799,-3.3306690738754696e-16,-1.9883781885006617,15.980209801940504,-3.3045530916209396,4.0116006311622581,0.90147914270209095,1,1.8307835762794629,1.7616246212198707,1,1,1
1785224843.2748065,6,1,0.99951978427027066,1.0164643257437325,0.030987107840382996,3,0,1,1,1.5451201842630162,-0.33331950175083286,-1.0128748892752462,-0.94168527097804833,-2.3137570445898641,0.20740635286501305,0.00035610946322728857,-0.00035610946322728857,0,0,0,0,-0.27876086654806514,-1.8716801039655802,15.655983499651416,-3.2119769587736937,3.9704414070691487,0.81558430177057351,-4.9017988321702253e-16,-1.9887208454683392,15.982160353323742,-3.3052406121628959,4.0123647146432999,0.90246462290280938,-0.0042733135587277957,-1.9798315613832069,15.980209801940504,-3.3045530916209396,4.0116006311622581,0.90236941636015922,1,1.8307835762794629,1.7616246212198707,1,1,1
# event,1785224843.586998,READY,已恢复当前位置保持；零力拖拽关闭
1785224843.4548063,6,1,0.99951978427027066,1.0164643257437325,0.030987107840382996,3,0,1,1,1.5451201842630162,-0.33331902712806433,-1.0128753638980146,-0.94168527097804833,-2.3137532476077158,0.20740682748778158,0,0,-0.00035610946322728857,0.00035610946322728857,0,0,0.31858384748350305,-2.0309720277073318,15.655983499651416,-3.2119769587736937,4.0020532017114192,0.98628799283883317,-9.3435137428644532e-17,-1.9887787952010723,15.98219701455999,-3.3052538530157909,4.0123825982229029,0.90246622102813268,-3.3306690738754696e-16,-1.9841048749419343,15.983058677646323,-3.3059775294738487,4.0116006311622581,0.90236941636015922,1,1.8307835762794629,1.7616246212198707,1,1,1
1785224843.4748063,6,1,0.99951978427027066,1.0164643257437325,0.030987107840382996,3,0,1,1,1.5451197096402478,-0.3333185525052958,-1.0128753638980146,-0.94168527097804833,-2.3137527729849472,0.20740635286501305,-0.00035610946322728857,0,0,0,-0.00035610946322728857,0,0.15929192374175152,-2.0309720277073318,15.92525102912945,-3.2119769587736937,4.0020532017114192,0.7144265589153086,-5.9782692911943673e-16,-1.9888084069490524,15.982205672408032,-3.3052565928191187,4.0123822668964957,0.90246683828497509,0.0042733135587271296,-1.9841048749419343,15.980209801940504,-3.3045530916209396,4.0124909048203259,0.90236941636015922,1,1.8307835762794629,1.7616246212198707,1,1,1
1785224843.4948063,6,1,0.99951978427027066,1.0164643257437325,0.030987107840382996,3,0,1,1,1.5451201842630162,-0.33331665401422167,-1.0128753638980146,-0.94168527097804833,-2.3137527729849472,0.20740682748778158,0,0,0,0,0,0,-0.43805279028981664,-1.5530962564820772,15.655983499651416,-3.3850775134381439,4.0020532017114192,0.9546761981965628,-8.0913029766055759e-16,-1.9889115816894551,15.982225093568424,-3.3052646896337579,4.0123695289480867,0.90246801033909951,-3.3306690738754696e-16,-1.9841048749419343,15.980209801940504,-3.3045530916209396,4.0116006311622581,0.90236941636015922,1,1.8307835762794629,1.7616246212198707,1,1,1
1785224843.5148063,6,1,0.99951978427027066,1.0164643257437325,0.030987107840382996,3,0,1,1,1.5451201842630162,-0.33331428090037907,-1.012875838520783,-0.9416847963552798,-2.3137522983621785,0.20740730211055008,0,0,0,0.00035610946322728857,0,0.00035610946322728857,-0.11946894280631364,-2.1902639514490834,15.463649550024249,-3.2119769587736937,4.0336649963536892,0.74603835355757886,-4.6774150338578993e-16,-1.9890511017352202,15.982259683738778,-3.3052762112416625,4.0123522486987842,0.90246964942230556,-3.3306690738754696e-16,-1.9841048749419343,15.980209801940504,-3.3059775294738487,4.0116006311622581,0.90147914270209095,1,1.8307835762794629,1.7616246212198707,1,1,1
1785224843.5318065,0,0,0.99951978427027066,1.0164643257437325,0.030987107840382996,3,0,1,0,1.5451197096402478,-0.33331428090037907,-1.0128772623890887,-0.9416847963552798,-2.3137527729849472,0.20740682748778158,0,0,-0.00071221892645457715,0,-0.00035610946322728857,0,0.47787577122525454,-2.0309720277073318,15.098215045732632,-2.9427094292956593,3.7618035624301647,0.81558430177057351,-1.1472894488849602e-15,-1.9890635179592149,15.982271438298312,-3.3052805775263843,4.0123394343063978,0.90247065617965605,0,0,0,0,0,0,1,1.8307835762794629,1.7616246212198707,1,1,1
# event,1785224843.6872201,READY,位置控制在线；按下 FREE 即进入零力拖拽，松开退出
# event,1785224844.6875682,READY,位置控制在线；按下 FREE 即进入零力拖拽，松开退出
# event,1785224846.5875101,READY,拒绝进入：等待静止力矩样本 6/12
# event,1785224846.5877352,READY,位置控制在线；按下 FREE 即进入零力拖拽，松开退出
# event,1785224849.7873163,ENTERING,实体 FREE (DI bit 5) 请求切换到零力拖拽
