# source,实体 FREE (DI bit 5)
stamp,status,handoff_progress,model_alignment,model_scale_estimate,model_normalized_residual,model_excited_joints,model_direction_mismatches,model_validation_passed,settling,position_elfin_joint1,position_elfin_joint2,position_elfin_joint3,position_elfin_joint4,position_elfin_joint5,position_elfin_joint6,velocity_elfin_joint1,velocity_elfin_joint2,velocity_elfin_joint3,velocity_elfin_joint4,velocity_elfin_joint5,velocity_elfin_joint6,measured_effort_elfin_joint1,measured_effort_elfin_joint2,measured_effort_elfin_joint3,measured_effort_elfin_joint4,measured_effort_elfin_joint5,measured_effort_elfin_joint6,gravity_effort_elfin_joint1,gravity_effort_elfin_joint2,gravity_effort_elfin_joint3,gravity_effort_elfin_joint4,gravity_effort_elfin_joint5,gravity_effort_elfin_joint6,commanded_effort_elfin_joint1,commanded_effort_elfin_joint2,commanded_effort_elfin_joint3,commanded_effort_elfin_joint4,commanded_effort_elfin_joint5,commanded_effort_elfin_joint6,effective_scale_elfin_joint1,effective_scale_elfin_joint2,effective_scale_elfin_joint3,effective_scale_elfin_joint4,effective_scale_elfin_joint5,effective_scale_elfin_joint6
# event,1785069391.3818347,ACTIVE,零力拖拽 ACTIVE；末端灯环应由固件进入蓝色零力示教状态
1785069391.3274088,1,0,0.99999689969639094,1.1982846145052877,0.0024900999189997235,2,0,1,0,-0.04549923708226148,0.23041226770114942,-2.0065408458625873,4.2716049167607588e-06,0.69046459185905162,-0.00068820301436701113,0,0,0.00035610946322728857,0,-0.00035610946322728857,0,0.15929192374175152,-30.384934453739099,17.771656945550255,1.1155369078375703,4.4762301213454734,0.48049927856250846,-1.3487564941968685e-17,-25.393799390366137,14.767681440785346,0.66769572755563777,0.61230494291101234,0.00095304862377009489,0.15929192374175152,-30.384934453739099,17.771656945550255,1.1155369078375703,4.4762301213454734,0.48049927856250846,1,1.8307835762794629,1.7616246212198707,1,1,1
1785069391.3474088,1,0.0046719999999999999,0.99999689969639094,1.1982846145052877,0.0024900999189997235,2,0,1,0,-0.045500186327798543,0.23041131845561236,-2.0065432189764301,4.7462276852897318e-06,0.69045604864921817,-0.00068867763713554003,-0.00035610946322728857,0,-0.00035610946322728857,0,0.00035610946322728857,0,0.79645961870875759,-29.946881663449282,17.771656945550255,1.1155369078375703,4.3750723784902084,0.41095333034951381,-5.1201062991431641e-17,-25.393745964151957,14.76766659982556,0.66769483489633608,0.61230509069941186,0.00095304885012860246,0.1589750432299028,-30.36161562111575,17.757907190225612,1.1134445896727889,4.4581137638989139,0.47825883857729223,1,1.8307835762794629,1.7616246212198707,1,1,1
1785069391.3674088,1,0.018176000000000001,0.99999689969639094,1.1982846145052877,0.0024900999189997235,2,0,1,0,-0.045503508687178243,0.23041084383284385,-2.006547490581347,5.6954732223476778e-06,0.69045177704430138,-0.00068867763713554003,-0.00035610946322728857,-0.00035610946322728857,0,0,0,-0.00035610946322728857,-0.59734471403156819,-30.225642529997348,17.675489970736674,1.0193699330239865,4.4066841731324784,0.48049927856250846,1.8514705652754742e-16,-25.393685026511733,14.767626247664499,0.6676925514109221,0.61230521028355178,0.00095304907043983601,0.15682396509169419,-30.293786172793943,17.717055683585485,1.1073968888151595,4.4059994221620116,0.47184714599864153,1,1.8307835762794629,1.7616246212198707,1,1,1
1785069391.3874087,1,0.039744000000000008,0.99999689969639094,1.1982846145052877,0.0024900999189997235,2,0,1,0,-0.045503508687178243,0.23041321694668648,-2.006547490581347,6.1700959908766508e-06,0.6904489293076902,-0.00068867763713554003,0.00035610946322728857,0.00035610946322728857,0,0,0,0,0.79645961870875759,-29.309713968482278,17.771656945550255,1.1155369078375703,4.3371382249194843,0.58165702141777342,2.7687787929290395e-16,-25.393753713534387,14.767600922373092,0.6676911605652962,0.6123052876402888,0.00095304920804104606,0.15253369416868662,-30.186992297756277,17.652263742965101,1.0977377264579811,4.3226622927546945,0.46144019322304453,1,1.8307835762794629,1.7616246212198707,1,1,1
1785069391.4074087,1,0.068608000000000002,0.99999689969639094,1.1982846145052877,0.0024900999189997235,2,0,1,0,-0.04549923708226148,0.23041321694668648,-2.0065446428447355,5.6954732223476778e-06,0.69044798006215313,-0.00068915225990406903,0,0,0.00071221892645457715,0,0,0.00035610946322728857,0,-29.946881663449282,17.406222441258638,0.84626937835953597,4.2739146356349433,0.34140738213651917,1.1577122413679793e-16,-25.393785506636046,14.767631514473466,0.66769280048563739,0.61230525952384951,0.00095304912608807637,0.14836322343767744,-30.042501706776253,17.564986993633777,1.0848112193203689,4.2111339644256152,0.44753447114995365,1,1.8307835762794629,1.7616246212198707,1,1,1
1785069391.4274087,1,0.10400000000000002,0.99999689969639094,1.1982846145052877,0.0024900999189997235,2,0,1,0,-0.045497338591187368,0.23041084383284385,-2.0065403712398191,5.6954732223476778e-06,0.6904475054393846,-0.00068867763713554003,0,-0.00035610946322728857,0,0,-0.00035610946322728857,0.00035610946322728857,0,-29.150422044740527,17.771656945550255,0.92320295821040299,4.0336649963536892,0.58165702141777342,6.8944462170626083e-17,-25.393765700332366,14.767703873982843,0.66769628780710477,0.61230516808162094,0.00095304900450043667,0.14272556367260936,-29.865425572028926,17.459245826107246,1.0689614833544019,4.0744460259094133,0.4305623709850947,1,1.8307835762794629,1.7616246212198707,1,1,1
1785069391.4474087,1,0.14515200000000003,0.99999689969639094,1.1982846145052877,0.0024900999189997235,2,0,1,0,-0.045496863968418837,0.23041464081499208,-2.0065417951081246,5.6954732223476778e-06,0.69043516524740289,-0.00068820301436701113,0.00035610946322728857,0.00035610946322728857,0,0,-0.0014244378529091543,0,0,-29.309713968482278,17.117721516817888,1.0193699330239865,4.0020532017114192,0.34140738213651917,2.1333046972964282e-16,-25.393858969681521,14.767647351861676,0.6676935478099929,0.61230542823677336,0.00095304943228415745,0.13574305107091608,-29.660897196433044,17.33561894500717,1.0505315484428475,3.9156301231048829,0.41089218431179814,1,1.8307835762794629,1.7616246212198707,1,1,1
1785069391.4674087,1,0.19129600000000002,0.99999689969639094,1.1982846145052877,0.0024900999189997235,2,0,1,0,-0.045497338591187368,0.23041701392883471,-2.0065455920902728,5.6954732223476778e-06,0.69036444645489203,-0.00068867763713554003,0,0,0,0,-0.0060538608748639056,0.00035610946322728857,0.15929192374175152,-29.946881663449282,17.213888491631472,1.0193699330239865,3.9704414070691487,0.48049927856250846,3.1424359414157961e-16,-25.393886072855711,14.767582013660547,0.66769030964027576,0.61230656513020931,0.00095305118740514935,0.12882001589764946,-29.43016686266963,17.196989427379481,1.0298656449888206,3.7381666956931938,0.38869990374717978,1,1.8307835762794629,1.7616246212198707,1,1,1
1785069391.4874859,1,0.24186567828768493,0.99999689969639094,1.1982846145052877,0.0024900999189997235,2,0,1,0,-0.045498287836724424,0.23041891241990883,-2.0065479652041156,5.6954732223476778e-06,0.69022822972032416,-0.00068820301436701113,0,0.00035610946322728857,0.00035610946322728857,0,-0.0078344081910003485,0,-0.11946894280631364,-29.62829781596578,17.213888491631472,1.0193699330239865,3.6606458195749001,0.34140738213651917,-1.4349704863239729e-16,-25.393917412612527,14.767539035546536,0.66768806794078384,0.6123086330364198,0.00095305443988354826,0.12076467456020257,-29.178206063097498,17.044779042020441,1.0072176444055811,3.5430903231996229,0.36451350579479158,1,1.8307835762794629,1.7616246212198707,1,1,1
1785069391.5074859,1,0.29570153447598407,0.99999689969639094,1.1982846145052877,0.0024900999189997235,2,0,1,0,-0.0454978132139559,0.23042840487527941,-2.0065574576594862,6.1700959908766508e-06,0.69002556579816232,-0.00068820301436701113,0,0.00071221892645457715,-0.00035610946322728857,0.00035610946322728857,-0.011039393360045946,0,0.47787577122525454,-28.991130120998776,17.213888491631472,1.2117038826511539,3.357172591009105,0.41095333034951381,-4.4474348198391685e-17,-25.394088479732673,14.767337971026185,0.66767795886356573,0.61231187102014628,0.0009530595162446407,0.11218905746168414,-28.909988303603857,16.883560102298755,0.98297969108502625,3.3356506564393231,0.33869672573837184,1,1.8307835762794629,1.7616246212198707,1,1,1
1785069391.5274858,1,0.35222242518588326,0.99999689969639094,1.1982846145052877,0.0024900999189997235,2,0,1,0,-0.045497338591187368,0.23042840487527941,-2.0065569830367176,5.6954732223476778e-06,0.68981578253447251,-0.00068820301436701113,0,-0.00035610946322728857,0,-0.00035610946322728857,-0.0096149555071367906,0,-0.11946894280631364,-28.991130120998776,16.559953062899101,1.1155369078375703,3.1864688999408455,0.30979558749424885,-8.9216883289635202e-17,-25.39409895474207,14.767348050338107,0.66767835349436344,0.61231490111558418,0.00095306423446986995,0.10318573604890699,-28.626622939222695,16.713471980471112,0.95791571999869174,3.11700322375474,0.31159234796317736,1,1.8307835762794629,1.7616246212198707,1,1,1
1785069391.5474858,1,0.4106603504173823,0.99999689969639094,1.1982846145052877,0.0024900999189997235,2,0,1,0,-0.045495440100113249,0.23042698100697381,-2.0065555591684121,5.6954732223476778e-06,0.68967671806329356,-0.00068867763713554003,0.00035610946322728857,0,0,0,-0.0056977514116366172,-0.00035610946322728857,0.63716769496700609,-28.672546273515273,16.290685533421069,0.55776845391878516,2.8829956713750509,0.41095333034951381,1.1544140419012172e-16,-25.394077836537893,14.767382580256097,0.66767984824943527,0.61231685868300956,0.00095306727224601635,0.093449715163432201,-28.335387526436339,16.537920581948597,0.9316197708102083,2.89049974217223,0.28363276309610214,1,1.8307835762794629,1.7616246212198707,1,1,1
1785069391.567486,1,0.47024731017048144,0.99999689969639094,1.1982846145052877,0.0024900999189997235,2,0,1,0,-0.045492117740733549,0.23042887949804794,-2.0065569830367176,5.6954732223476778e-06,0.68954999378409632,-0.00068915225990406903,-0.00035610946322728857,0.00035610946322728857,-0.00035610946322728857,0,-0.0089027365806822138,-0.00035610946322728857,0.47787577122525454,-28.353962426031767,16.290685533421069,0.92320295821040299,2.9841534142303154,0.41095333034951381,-2.4423893544421196e-17,-25.394119558381263,14.767349592210053,0.66767810465482924,0.612318716979255,0.00095307015495791605,0.084812656426184158,-28.038444504994175,16.359174381287211,0.90493251030471522,2.6608386692897343,0.25505806365978562,1,1.8307835762794629,1.7616246212198707,1,1,1
1785069391.5876873,1,0.53081813161436042,0.99999689969639094,1.1982846145052877,0.0024900999189997235,2,0,1,0,-0.045492117740733549,0.23043172723465913,-2.0065588815277917,5.6954732223476778e-06,0.68931125853152619,-0.00068915225990406903,0,0.00035610946322728857,0,0.00035610946322728857,-0.017805473161364428,0,0.31858384748350305,-27.716794731064763,16.386852508234654,0.84626937835953597,2.4088187517409962,0.13909189642598929,1.5633296747116243e-16,-25.394186048086102,14.767303869554826,0.66767561388093333,0.61232216833388509,0.00095307554864276398,0.074736882399897883,-27.736182041048899,16.176891859040506,0.87767937424498899,2.4284027061670401,0.2259474590559275,1,1.8307835762794629,1.7616246212198707,1,1,1
1785069391.6076872,1,0.59039136267673109,0.99999689969639094,1.1982846145052877,0.0024900999189997235,2,0,1,0,-0.045491643117965018,0.23044169431279823,-2.0065645770010141,5.6954732223476778e-06,0.68865627911095628,-0.00068962688267259803,0.00035610946322728857,0.00035610946322728857,-0.00071221892645457715,0.00035610946322728857,-0.034186508469819701,0,0.15929192374175152,-26.761043188614252,15.92525102912945,0.4616014791052015,2.2760492142434612,0.17070369106825958,-2.5104873283574053e-17,-25.394424471511666,14.7671493346191,0.66766739405408193,0.61233148701426732,0.00095309009151612744,0.06482001646458814,-27.439007796235888,15.998391378101164,0.85099397698144219,2.2011713129024799,0.19737935088468678,1,1.8307835762794629,1.7616246212198707,1,1,1
1785069391.6276872,1,0.64880189926230158,0.99999689969639094,1.1982846145052877,0.0024900999189997235,2,0,1,0,-0.045492117740733549,0.23044596591771499,-2.0065735948336161,5.6954732223476778e-06,0.68790257815453226,-0.00068962688267259803,0,0,-0.00035610946322728857,0,-0.048074777535683955,0,-0.11946894280631364,-26.920335112356007,15.655983499651416,1.0193699330239865,2.0041877803199366,0.13909189642598929,5.9285480972008065e-17,-25.394463628932375,14.767022462359831,0.66766041977692236,0.61234180686589101,0.00095310622257161425,0.055943021080957459,-27.147107504391393,15.822529273837885,0.82495379174889238,1.9779855043301307,0.16936881116439045,1,1.8307835762794629,1.7616246212198707,1,1,1
1785069391.6476872,1,0.70528174137107214,0.99999689969639094,1.1982846145052877,0.0024900999189997235,2,0,1,0,-0.045492592363502081,0.23044833903155762,-2.0065783410613012,5.6954732223476778e-06,0.68667472905234783,-0.00068962688267259803,-0.00035610946322728857,0.00035610946322728857,-0.00035610946322728857,0.00035610946322728857,-0.078700191373230768,0,-0.43805279028981664,-26.761043188614252,15.732917079502283,0.65393542873236876,1.9662536267492121,0.30979558749424885,2.0276848210270654e-16,-25.394506911956242,14.766972693476633,0.6676566844392734,0.61235766639371347,0.00095313101775478621,0.047373569734693859,-26.865704358240201,15.652792891548115,0.79953052564142524,1.7652774623285579,0.14228413655435551,1,1.8307835762794629,1.7616246212198707,1,1,1
1785069391.6676872,1,0.75906288900304286,0.99999689969639094,1.1982846145052877,0.0024900999189997235,2,0,1,0,-0.045494016231807662,0.23045830610969673,-2.0065940036126628,5.6954732223476778e-06,0.68447010629253069,-0.00068915225990406903,0,0.0010683283896818657,-0.0014244378529091543,0.00035610946322728857,-0.13460937709991508,0,0.15929192374175152,-26.601751264872501,15.732917079502283,0.65393542873236876,1.8650958838939473,0.13909189642598929,6.8425560471578579e-17,-25.394663303731878,14.766739227182534,0.66764323446904006,0.6123839411382177,0.00095317213403883143,0.038379335911485263,-26.598286811773701,15.491874971311947,0.77543280385213897,1.5675575650119666,0.11649362560675364,1,1.8307835762794629,1.7616246212198707,1,1,1
1785069391.6876872,1,0.80937734215821311,0.99999689969639094,1.1982846145052877,0.0024900999189997235,2,0,1,0,-0.045496863968418837,0.23047586715213231,-2.0066129885234041,5.6954732223476778e-06,0.68118429286600468,-0.00068867763713554003,0,0.00071221892645457715,-0.00071221892645457715,0,-0.17947916946655343,0,0.15929192374175152,-26.601751264872501,15.463649550024249,0.38466789925433453,1.5300108606858822,0.069545948212994646,-3.2077599453495003e-17,-25.395013077035898,14.766399305953922,0.66762405522343804,0.61241743347849908,0.00095322458167241685,0.030364649876383876,-26.347059814996356,15.339839279854274,0.75300639367024047,1.3812539279464997,0.092365567949040384,1,1.8307835762794629,1.7616246212198707,1,1,1
1785069391.7076871,1,0.85545710083658388,0.99999689969639094,1.1982846145052877,0.0024900999189997235,2,0,1,0,-0.0454978132139559,0.23048061337981759,-2.0066182093738578,5.6954732223476778e-06,0.67706124487579344,-0.00068820301436701113,-0.00035610946322728857,0,0,0,-0.21580233471573687,0,-0.27876086654806514,-26.283167417388999,15.463649550024249,0.65393542873236876,1.2897612214046279,0.069545948212994646,-1.2309157084658522e-16,-25.395149020331228,14.766347281513458,0.6676188281138965,0.61244966266601841,0.00095327513536173003,0.023451847826823215,-26.116387073079384,15.200743453237168,0.73236220594486645,1.209776112143333,0.070268244752951015,1,1.8307835762794629,1.7616246212198707,1,1,1
1785069391.7276871,1,0.89653416503815442,0.99999689969639094,1.1982846145052877,0.0024900999189997235,2,0,1,0,-0.045496863968418837,0.23048346111642878,-2.0066201078649319,5.6954732223476778e-06,0.67274882240093914,-0.00068820301436701113,-0.00035610946322728857,0.00035610946322728857,-0.00035610946322728857,0,-0.23503224573001044,0,-0.11946894280631364,-25.367238855873929,14.905881096105464,0.84626937835953597,1.1886034785493631,0.069545948212994646,-2.2026261561895397e-16,-25.395250363665081,14.766335097202024,0.66761634175160756,0.61247215654916454,0.00095331053119698339,0.016908603248491496,-25.911939525596299,15.077568119141032,0.7139608171182743,1.0545449046986979,0.050569934516143111,1,1.8307835762794629,1.7616246212198707,1,1,1
1785069391.7476871,1,0.93184053476292505,0.99999689969639094,1.1982846145052877,0.0024900999189997235,2,0,1,0,-0.045497338591187368,0.23048393573919732,-2.0066196332421633,5.6954732223476778e-06,0.66757543422397336,-0.00068820301436701113,0,-0.00035610946322728857,-0.00035610946322728857,0.00035610946322728857,-0.2670820974204664,-0.00035610946322728857,0.15929192374175152,-26.004406550840933,15.194382020546215,0.84626937835953597,0.9546761981965628,0,-1.9623680932279707e-16,-25.395291186480762,14.766356094695128,0.66761634787146995,0.61248407594039256,0.00095332954407543026,0.010857252338822537,-25.73495527194499,14.971480681136521,0.69802173539532097,0.92390971774274966,0.033703024689158388,1,1.8307835762794629,1.7616246212198707,1,1,1
1785069391.7676873,1,0.96060821001089547,0.99999689969639094,1.1982846145052877,0.0024900999189997235,2,0,1,0,-0.045497338591187368,0.23048108800258613,-2.0066177347510892,5.6954732223476778e-06,0.66234366744647855,-0.00068630452329289523,0.00035610946322728857,0,0,0,-0.29414641662574037,0.00035610946322728857,0,-26.283167417388999,14.905881096105464,0.4616014791052015,0.78397250712830324,-0.031611794642270291,-4.4048872984498648e-17,-25.395222593323414,14.766399792013344,0.66761884561463847,0.61247947066206643,0.00095332292623680377,0.0058474626511227411,-25.591776275035052,14.884782250668724,0.68526313985405085,0.817625879856686,0.019779396797404352,1,1.8307835762794629,1.7616246212198707,1,1,1
1785069391.7879109,1,0.98226507037983901,0.99999689969639094,1.1982846145052877,0.0024900999189997235,2,0,1,0,-0.045497338591187368,0.23047824026597497,-2.0066120392778668,5.6954732223476778e-06,0.65601647131921881,-0.00068535527775583722,0,0,0.00071221892645457715,0,-0.31764964119874139,0.00035610946322728857,0.31858384748350305,-25.685822703357431,14.828947516254598,0.55776845391878516,0.81558430177057351,0.069545948212994646,-2.2733239610330471e-16,-25.39515441212502,14.76644388580184,0.66762333783023142,0.6124515625682303,0.00095328009218539325,0.0028250310566197978,-25.483647809983129,14.819171352768903,0.67556705347022661,0.7381523387918052,0.009393894921305471,1,1.8307835762794629,1.7616246212198707,1,1,1
1785069391.8079109,1,0.99555666426731981,0.99999689969639094,1.1982846145052877,0.0024900999189997235,2,0,1,0,-0.0454978132139559,0.2304772910204379,-2.0066091915412558,5.6954732223476778e-06,0.64969449604241281,-0.00068488065498730822,0,-0.00035610946322728857,0,-0.00035610946322728857,-0.32441572100005989,0,-0.27876086654806514,-25.845114627099182,14.732780541441013,0.38466789925433453,0.61326881606004369,-0.031611794642270291,1.8533183468948141e-16,-25.395063633038308,14.766393102433298,0.66762533875848662,0.61239920705283213,0.00095319918442760075,0.00070778749668928831,-25.416807973001514,14.779746498653552,0.66974019855058609,0.68796233479935376,0.0030839834143949196,1,1.8307835762794629,1.7616246212198707,1,1,1
1785069391.8279109,1,1,0.99999689969639094,1.1982846145052877,0.0024900999189997235,2,0,1,0,-0.045496863968418837,0.2304772910204379,-2.0066087169184872,5.6954732223476778e-06,0.64294583489669943,-0.00068393140945025032,0,-0.00035610946322728857,0.00035610946322728857,0,-0.32762070616910549,0,0.31858384748350305,-25.207946932132177,14.732780541441013,0.55776845391878516,0.7144265589153086,0.069545948212994646,6.3761840366627791e-17,-25.394917213305966,14.766252213794884,0.66762559642274555,0.6123162895304527,0.00095307076643089768,5.5511151231257827e-17,-25.394489881950093,14.765967326224303,0.66762559642274555,0.67128801664089177,0.00095307076643091904,1,1.8307835762794629,1.7616246212198707,1,1,1
1785069391.8479109,1,1,0.99999689969639094,1.1982846145052877,0.0024900999189997235,2,0,1,0,-0.045496863968418837,0.23047064630167849,-2.0066025468224962,6.1700959908766508e-06,0.63640933012851841,-0.00068250754114466343,0,-0.00035610946322728857,0.00035610946322728857,0.00035610946322728857,-0.30447359105933175,0.00035610946322728857,-0.27876086654806514,-24.73007116090692,14.905881096105464,0.4616014791052015,0.64488061070231395,0.069545948212994646,1.7504137710519262e-16,-25.394601746449872,14.766204629498409,0.66763219580037314,0.61220962289438763,0.00095290540088382644,1.6653345369377348e-16,-25.394174415094,14.765919741927828,0.66750755748824364,0.66701486928506737,0.00088880569750291805,1,1.8307835762794629,1.7616246212198707,1,1,1
1785069391.8679111,1,1,0.99999689969639094,1.1982846145052877,0.0024900999189997235,2,0,1,0,-0.045496863968418837,0.23046352696015054,-2.0065935289898942,6.6447187594056247e-06,0.63028147556404079,-0.00068108367283907653,0,-0.00035610946322728857,0.00035610946322728857,0.00035610946322728857,-0.28951699360378558,0.00035610946322728857,-0.27876086654806514,-25.207946932132177,14.444279617000262,0.84626937835953597,0.58165702141777342,0.069545948212994646,3.5411370581425505e-16,-25.394274019483674,14.766163531925686,0.66764054080240676,0.61208605363236268,0.00095271368964489891,3.6082248300317588e-16,-25.393846688127802,14.765878644355105,0.66751590249027726,0.66419911248104413,0.0008886139862639787,1,1.8307835762794629,1.7616246212198707,1,1,1
1785069391.888253,1,1,0.99999689969639094,1.1982846145052877,0.0024900999189997235,2,0,1,0,-0.045496863968418837,0.23045640761862263,-2.0065864096483663,7.1193415279345977e-06,0.62603360178570644,-0.00068060905007054752,0,-0.00035610946322728857,0.0010683283896818657,0,-0.26565765956755727,-0.00035610946322728857,0.31858384748350305,-25.048655008390426,15.002048070919047,0.38466789925433453,0.58165702141777342,0.13909189642598929,8.8973934196489924e-17,-25.393969729788932,14.766144986725452,0.66764788796573538,0.61198705173518708,0.00095256000784664052,8.3266726846886741e-17,-25.393542398433059,14.765290324013707,0.66764788796573538,0.65980543045734719,0.0010166597112275708,1,1.8307835762794629,1.7616246212198707,1,1,1
1785069391.908253,1,1,0.99999689969639094,1.1982846145052877,0.0024900999189997235,2,0,1,0,-0.045496389345650312,0.23045166139093734,-2.0065432189764301,7.1193415279345977e-06,0.62001918206290729,-0.00067965980453348952,0,0.00035610946322728857,0.0028488757058183086,0,-0.22078786720091892,0,-0.43805279028981664,-26.163698474582684,14.540446591813847,1.0193699330239865,0.48049927856250846,0.13909189642598929,-1.2700632843419722e-16,-25.394033956080122,14.766389620264137,0.66767305977571922,0.61182890596334905,0.00095231442721054331,-1.3877787807814457e-16,-25.394461287435995,14.764110519699482,0.66767305977571922,0.65157072205951427,0.00095231442721055437,1,1.8307835762794629,1.7616246212198707,1,1,1
1785069391.9282529,1,1,0.99999689969639094,1.1982846145052877,0.0024900999189997235,2,0,1,0,-0.045495440100113249,0.23044928827709468,-2.0065061984004848,7.1193415279345977e-06,0.61609500101270975,-0.00067823593622790262,0,-0.00035610946322728857,0.00035610946322728857,0,-0.1873135776575538,0.00035610946322728857,-0.43805279028981664,-25.845114627099182,15.098215045732632,0.55776845391878516,0.58165702141777342,-0.031611794642270291,6.2407909932618996e-17,-25.394175836424886,14.7666175577868,0.66769374253584335,0.6117142292970934,0.00095213634217516322,5.5511151231257827e-17,-25.393748505069013,14.766332670216219,0.66769374253584335,0.64543067327545312,0.00088803663879425743,1,1.8307835762794629,1.7616246212198707,1,1,1
1785069391.9482532,1,1,0.99999689969639094,1.1982846145052877,0.0024900999189997235,2,0,1,0,-0.045496863968418837,0.23043837195341851,-2.0064706016928451,8.0685870649925437e-06,0.61300425754404908,-0.00067586282238525782,0,-0.00071221892645457715,0.0010683283896818657,0,-0.11502335662241421,0.00035610946322728857,-0.27876086654806514,-25.367238855873929,14.63661356662743,0.75010240354595237,0.48049927856250846,0,3.3684931306327771e-16,-25.394090947222967,14.76695639322716,0.66771789633736289,0.61161791376264896,0.00095198683727337665,3.3306690738754696e-16,-25.393236284511222,14.766101730515414,0.66771789633736289,0.63232211795468352,0.00088788713389246555,1,1.8307835762794629,1.7616246212198707,1,1,1
1785069391.9682531,1,1,0.99999689969639094,1.1982846145052877,0.0024900999189997235,2,0,1,0,-0.045495440100113249,0.23043220185742763,-2.0064383273445854,8.5432098335215175e-06,0.61130226029610424,-0.00067443895407967081,0.00035610946322728857,-0.00035610946322728857,0.003204985169045597,0,-0.059826389822184481,0.00035610946322728857,0.15929192374175152,-25.207946932132177,14.828947516254598,0.84626937835953597,0.58165702141777342,-0.031611794642270291,2.5977494027362669e-16,-25.394179663388435,14.767279442593843,0.66773794415007803,0.61156288605979747,0.00095190141491244913,-0.00042733135587249649,-25.393752332032562,14.764715454458607,0.66773794415007803,0.62233163622779042,0.00088780171153155852,1,1.8307835762794629,1.7616246212198707,1,1,1
1785069391.9885724,1,1,0.99999689969639094,1.1982846145052877,0.0024900999189997235,2,0,1,0,-0.045493541609039137,0.23042793025251088,-2.0063861188400471,8.5432098335215175e-06,0.61066768965458096,-0.00067348970854261292,0.00035610946322728857,0,0.0042733135587274627,0,-0.032405961153683258,0,0.31858384748350305,-25.367238855873929,14.905881096105464,0.65393542873236876,0.41095333034951381,-0.031611794642270291,2.5493542088344797e-17,-25.394613451455246,14.767861395070689,0.66776758353536259,0.61154336750057192,0.00095187112808435255,-0.00042733135587271853,-25.394613451455246,14.764442744223707,0.66776758353536259,0.61737644050823492,0.00095187112808436947,1,1.8307835762794629,1.7616246212198707,1,1,1
1785069392.0085723,1,1,0.99999689969639094,1.1982846145052877,0.0024900999189997235,2,0,1,0,-0.045494016231807662,0.23040799609623266,-2.0062536990876274,8.5432098335215175e-06,0.61047214507394698,-0.00067111659469996801,0,-0.0014244378529091543,0.006409970338091194,-0.00035610946322728857,0.0010683283896818657,0.00035610946322728857,-0.27876086654806514,-25.207946932132177,14.63661356662743,0.55776845391878516,0.58165702141777342,0.24024963928125423,7.587381177757254e-17,-25.395540308740781,14.769521146684944,0.66784752076598075,0.6115419011339418,0.0009518689555512716,8.3266726846886741e-17,-25.39383098331729,14.764393170414472,0.66797215907811025,0.61134960202379884,0.00088776925217035963,1,1.8307835762794629,1.7616246212198707,1,1,1
1785069392.0285723,1,1,0.99999689969639094,1.1982846145052877,0.0024900999189997235,2,0,1,0,-0.045493541609039137,0.23033348032157361,-2.006089004986948,9.4924553705794636e-06,0.61047784054716936,-0.00066826885808879421,0,-0.0060538608748639056,0.010327174433591369,0,0.00071221892645457715,0.00035610946322728857,-0.11946894280631364,-25.367238855873929,15.002048070919047,0.55776845391878516,0.61326881606004369,0.069545948212994646,-1.9634768201640056e-16,-25.395284993072647,14.772146016722758,0.66797273593814144,0.61155020166744789,0.00095188201424728817,-1.9428902930940239e-16,-25.388020360022811,14.763884277175885,0.66797273593814144,0.6114220022606861,0.00088778231086637305,1,1.8307835762794629,1.7616246212198707,1,1,1
1785069392.0485723,1,1,0.99999689969639094,1.1982846145052877,0.0024900999189997235,2,0,1,0,-0.045493541609039137,0.23023333491741402,-2.0058830187054064,9.9670781391084357e-06,0.61048211215208614,-0.00066637036701467831,0,-0.0046294230219547511,0.009971064970364079,0,0,0.00035610946322728857,0.47787577122525454,-25.048655008390426,14.732780541441013,0.65393542873236876,0.61326881606004369,0,8.0047214088796861e-17,-25.394764482286636,14.775503108390438,0.66813312976596695,0.61156066931519093,0.00095189838112500012,8.3266726846886741e-17,-25.389209174660291,14.767526256414147,0.66813312976596695,0.61156066931519071,0.00088779867774411503,1,1.8307835762794629,1.7616246212198707,1,1,1
1785069392.0685723,1,1,0.99999689969639094,1.1982846145052877,0.0024900999189997235,2,0,1,0,-0.045492592363502081,0.23017021008919966,-2.0056888979930778,9.9670781391084357e-06,0.61049018073915118,-0.00066447187594056241,0,-0.0021366567793637313,0.0092588460439095022,0,0.00035610946322728857,0,0.15929192374175152,-25.845114627099182,14.905881096105464,0.4616014791052015,0.61326881606004369,0,1.9950929040020276e-16,-25.395167691804208,14.778322914948488,0.66826797182998399,0.61156956974104248,0.00095191229589748508,1.9428902930940239e-16,-25.392603703668971,14.770915838113361,0.66826797182998399,0.61150547003766165,0.00095191229589747239,1,1.8307835762794629,1.7616246212198707,1,1,1
1785069392.088716,1,1,0.99999689969639094,1.1982846145052877,0.0024900999189997235,2,0,1,0,-0.045489744626890906,0.23014220734585644,-2.0055346455933063,1.044170090763741e-05,0.61050252093113289,-0.00066114951656085961,0.00035610946322728857,-0.0014244378529091543,0.0078344081910003485,0,0.0014244378529091543,0.00035610946322728857,0,-24.570779237165169,14.732780541441013,0.84626937835953597,0.61326881606004369,-0.10115774285526494,-1.5618473715692995e-16,-25.396123008355932,14.78032093643159,0.66836334796778873,0.61157607051281038,0.00095192256220976096,-0.00042733135587291282,-25.394413682932441,14.774053409878789,0.66836334796778873,0.61131967169928647,0.0008878228588288607,1,1.8307835762794629,1.7616246212198707,1,1,1
1785069392.108716,1,1,0.99999689969639094,1.1982846145052877,0.0024900999189997235,2,0,1,0,-0.045487371513048262,0.23011372997974469,-2.0053419487492832,1.1390946444695356e-05,0.61054428773476344,-0.000654030175032925,0,-0.0017805473161364429,0.0092588460439095022,0.00035610946322728857,0.0024927662425910197,0.00035610946322728857,-0.43805279028981664,-26.163698474582684,14.828947516254598,0.55776845391878516,0.54372286784704904,0,7.1908144863309111e-17,-25.397504010614604,14.782746854964117,0.66847895798768575,0.61158481782699825,0.00095193650548829891,8.3266726846886741e-17,-25.39536735383524,14.775339778128989,0.66835431967555625,0.61113611990333183,0.00088783680210739247,1,1.8307835762794629,1.7616246212198707,1,1,1
1785069392.128716,1,1,0.99999689969639094,1.1982846145052877,0.0024900999189997235,2,0,1,0,-0.045484998399205612,0.23006721694842885,-2.0051117567065466,1.1865569213224329e-05,0.61058795302946811,-0.0006497585701161643,0.00035610946322728857,-0.003204985169045597,0.013176050139409676,0,0.0014244378529091543,0,0.15929192374175152,-25.207946932132177,14.732780541441013,0.84626937835953597,0.64488061070231395,-0.031611794642270291,1.3831366299372692e-16,-25.398793585532921,14.785779635786753,0.66862374506921396,0.61159541828214448,0.0009519531841796409,-0.00042733135587260751,-25.394947603330067,14.775238795675225,0.66862374506921396,0.61133901946862068,0.00095195318417962138,1,1.8307835762794629,1.7616246212198707,1,1,1
1785069392.148716,1,1,0.99999689969639094,1.1982846145052877,0.0024900999189997235,2,0,1,0,-0.045483574530900024,0.23001405919835363,-2.0048260337998922,1.2340191981753302e-05,0.61059269925715343,-0.00064548696519940349,0,-0.0021366567793637313,0.014600487992318832,-0.00035610946322728857,0.00035610946322728857,0,0.15929192374175152,-25.52653077961568,14.63661356662743,0.4616014791052015,0.61326881606004369,-0.10115774285526494,-1.2541940186986199e-16,-25.400520626387749,14.789489369535392,0.66880102554614029,0.6116067184600924,0.00095197094994035414,-1.3877787807814457e-16,-25.397956638252513,14.777808979141538,0.66892566385826979,0.61154261875671145,0.00095197094994037279,1,1.8307835762794629,1.7616246212198707,1,1,1
1785069392.168716,1,1,0.99999689969639094,1.1982846145052877,0.0024900999189997235,2,0,1,0,-0.045480252171520325,0.22997134314918602,-2.0045056634311353,1.2814814750282275e-05,0.61061880350942244,-0.00063836762367146889,0.00035610946322728857,-0.0024927662425910197,0.018517692087819004,0,0.0024927662425910197,0.00071221892645457715,-0.11946894280631364,-25.685822703357431,14.732780541441013,0.84626937835953597,0.58165702141777342,-0.031611794642270291,-1.7729185542144973e-16,-25.4029403281851,14.793463344479019,0.66899089293532732,0.61161942989935825,0.00095199103542025279,-0.00042733135587291282,-25.399949008693991,14.778649190808764,0.66899089293532732,0.61117073197569161,0.00082379162865843937,1,1.8307835762794629,1.7616246212198707,1,1,1
1785069392.1887159,1,1,0.99999689969639094,1.1982846145052877,0.0024900999189997235,2,0,1,0,-0.045475980566603562,0.22989018265576755,-2.0041012848323487,1.4238683055869195e-05,0.61069948938007246,-0.00061985733569883898,-0.00035610946322728857,-0.0060538608748639056,0.025639881352364776,0,0.0074782987277730601,0.0017805473161364429,0.15929192374175152,-25.048655008390426,14.732780541441013,0.55776845391878516,0.51211107320477878,0,9.4176537571003365e-17,-25.405213795418408,14.798777765252645,0.66924443813000256,0.61163775845066226,0.00095202039009030189,0.00042733135587282956,-25.397949162368572,14.778265860170753,0.66924443813000256,0.61029166467966312,0.00063152187318573152,1,1.8307835762794629,1.7616246212198707,1,1,1
1785069392.2087159,1,1,0.99999689969639094,1.1982846145052877,0.0024900999189997235,2,0,1,0,-0.045475980566603562,0.22972643780062507,-2.0035084809944559,1.661179689851406e-05,0.61093300378218862,-0.00026436488207063805,0,-0.0096149555071367906,0.030625413837546817,0,0.014244378529091543,0.037391493638865299,-0.43805279028981664,-24.411487313423418,14.540446591813847,0.55776845391878516,0.54372286784704904,0.037934153570724355,-1.1870111079774605e-16,-25.407262139141249,14.807057439359381,0.66963915566966992,0.61166935112314924,0.00095208536394011435,-1.1102230246251565e-16,-25.395724192532686,14.782557108289344,0.66963915566966992,0.60910536298791274,-0.0057783834910556621,1,1.8307835762794629,1.7616246212198707,1,1,1
1785069392.2287159,1,1,0.99999689969639094,1.1982846145052877,0.0024900999189997235,2,0,1,0,-0.04547408207552945,0.22949482188958292,-2.0028601462926452,1.7086419667043035e-05,0.61127852915767777,0.00067633744515378672,0.00035610946322728857,-0.013888269065864253,0.032049851690455974,0,0.019229911014273581,0.050211434315047689,-0.11946894280631364,-25.685822703357431,14.828947516254598,0.75010240354595237,0.64488061070231395,0,7.3061557542845157e-17,-25.40798624495681,14.816678225631746,0.67009842328888813,0.61170764846719294,0.00095218612669919415,-0.00042733135587266302,-25.391320322077771,14.79103834427938,0.67009842328888813,0.6082462644846236,-0.0080858720500094107,1,1.8307835762794629,1.7616246212198707,1,1,1
1785069392.2487159,1,1,0.99999689969639094,1.1982846145052877,0.0024900999189997235,2,0,1,0,-0.045466013488464456,0.22920720049185436,-2.0021866565841027,1.7086419667043035e-05,0.61171708059579855,0.0017475610337236791,0.00035610946322728857,-0.015668816382000697,0.037747603102092589,0,0.025995990815592066,0.056977514116366174,-0.11946894280631364,-26.283167417388999,14.540446591813847,0.4616014791052015,0.68281476427303833,0,2.7923717505810897e-16,-25.407377395570119,14.82717494266395,0.6705996015701019,0.6117502626814787,0.00095229828336407187,-0.00042733135587246873,-25.388574815911717,14.796976860182276,0.6705996015701019,0.60707098433467199,-0.0093036542575818375,1,1.8307835762794629,1.7616246212198707,1,1,1
1785069392.2687159,1,1,0.99999689969639094,1.1982846145052877,0.0024900999189997235,2,0,1,0,-0.045462691129084749,0.22887164219450437,-2.0012905687971201,1.8035665204100979e-05,0.61243850720396253,0.0029597475845466767,0.00035610946322728857,-0.017093254234909851,0.047006449146002091,0,0.044157573440183784,0.061606937138320925,0.15929192374175152,-25.52653077961568,14.732780541441013,0.4616014791052015,0.58165702141777342,0,1.0759902223497947e-17,-25.407905107818575,14.840613321412736,0.6712406754110638,0.61180770571265275,0.00095243824917416655,-0.00042733135587274629,-25.387393202736682,14.803008162095933,0.6712406754110638,0.60385934249341944,-0.010136810435723585,1,1.8307835762794629,1.7616246212198707,1,1,1
1785069392.2887158,1,1,0.99999689969639094,1.1982846145052877,0.0024900999189997235,2,0,1,0,-0.045462691129084749,0.22854367786145086,-2.0002867416416814,1.9459533509687899e-05,0.61348220267195774,0.0042179725439169848,0,-0.018161582624591718,0.059114170895729901,-0.00035610946322728857,0.068373016939639403,0.074782987277730598,0.15929192374175152,-24.73007116090692,14.63661356662743,0.84626937835953597,0.58165702141777342,0.13909189642598929,-3.2840328308086547e-16,-25.409855518100436,14.855129001418053,0.67193261270048799,0.61187441191913949,0.00095259307642048382,-3.3306690738754696e-16,-25.388061618950925,14.807837664701468,0.67205725101261748,0.59956726887000444,-0.012508344633571025,1,1.8307835762794629,1.7616246212198707,1,1,1
1785069392.3087158,1,1,0.99999689969639094,1.1982846145052877,0.0024900999189997235,2,0,1,0,-0.04545604641032535,0.22817347210199826,-1.9988676195637796,1.9934156278216871e-05,0.61527532749146019,0.0060129958544935611,0.00035610946322728857,-0.015668816382000697,0.070153564255775847,0,0.092944569902322319,0.087246818490685704,0.15929192374175152,-24.73007116090692,14.905881096105464,0.55776845391878516,0.64488061070231395,0.107480101783719,1.9364347756977772e-16,-25.41526175427931,14.87459900170723,0.6728607857186748,0.61196846620559897,0.00095280958471863169,-0.000427331355872552,-25.396459174620908,14.81847615030261,0.6728607857186748,0.59523844362318101,-0.01475161774360482,1,1.8307835762794629,1.7616246212198707,1,1,1
1785069392.3287158,1,1,0.99999689969639094,1.1982846145052877,0.0024900999189997235,2,0,1,0,-0.045443231595575062,0.22787730749443619,-1.9973179762245326,1.9934156278216871e-05,0.61714676506777,0.0079442358996379536,0.00071221892645457715,-0.015312706918773409,0.078700191373230768,0,0.087246818490685704,0.10220341594623182,0.15929192374175152,-25.52653077961568,14.828947516254598,0.75010240354595237,0.64488061070231395,0.107480101783719,1.0471822527529539e-16,-25.424207969550604,14.894622541954924,0.67381613506753701,0.61205774604110741,0.00095302058598047254,-0.00085466271174538156,-25.405832721248075,14.831662388856339,0.67381613506753701,0.59635331871278374,-0.017443594284341269,1,1.8307835762794629,1.7616246212198707,1,1,1
1785069392.348716,1,1,0.99999689969639094,1.1982846145052877,0.0024900999189997235,2,0,1,0,-0.045422822816528319,0.22754554617923442,-1.9955846538738646,1.9934156278216871e-05,0.61880794475762135,0.010308331909680769,0.0014244378529091543,-0.016024925845227987,0.090807913122958578,0,0.077275753520321622,0.12428220266632371,0,-25.207946932132177,14.63661356662743,0.4616014791052015,0.54372286784704904,-0.031611794642270291,-2.5313255222994897e-16,-25.434106072270367,14.916934970658835,0.67488226098036141,0.61213875427187925,0.00095323011615170512,-0.001709325423491235,-25.414876161256093,14.844288640160467,0.67488226098036141,0.59822911863822159,-0.021417566363786542,1,1.8307835762794629,1.7616246212198707,1,1,1
1785069392.368716,1,1,0.99999689969639094,1.1982846145052877,0.0024900999189997235,2,0,1,0,-0.045389124599962763,0.22729209762083996,-1.9938404151995208,1.9934156278216871e-05,0.62015065256978985,0.012716093214428249,0.0021366567793637313,-0.012107721749727811,0.10362785379914097,0,0.07050967371900313,0.13638992441605152,-0.11946894280631364,-26.004406550840933,14.540446591813847,0.84626937835953597,0.61326881606004369,-0.031611794642270291,-9.5856339734882042e-17,-25.446300956615776,14.938439399161952,0.6759108548676791,0.61220414297541748,0.00095341146545277456,-0.0025639881352365608,-25.431771690516104,14.855537116122639,0.6759108548676791,0.59951240170599696,-0.023596774929436525,1,1.8307835762794629,1.7616246212198707,1,1,1
1785069392.388716,1,1,0.99999689969639094,1.1982846145052877,0.0024900999189997235,2,0,1,0,-0.045351629401248976,0.22712645427462336,-1.9916599982008987,1.9934156278216871e-05,0.62143165942204959,0.01565495739715965,0.0014244378529091543,-0.0049855324851820395,0.10576451057850471,0,0.05519696680022973,0.15170263133482492,0,-25.52653077961568,15.002048070919047,0.84626937835953597,0.7144265589153086,0.107480101783719,1.8113230449759851e-17,-25.465811341089399,14.963598478172045,0.67711537804203659,0.61226739852647827,0.00095359962303753103,-0.0017093254234909574,-25.459828702107181,14.878986869709241,0.67711537804203659,0.60233194450243677,-0.026352874017230948,1,1.8307835762794629,1.7616246212198707,1,1,1
1785069392.408716,1,1,0.99999689969639094,1.1982846145052877,0.0024900999189997235,2,0,1,0,-0.045323152035137232,0.22707709350669633,-1.9895934906667234,2.0408779046745847e-05,0.62236286929390339,0.018707256421569476,0.0021366567793637313,-0.00035610946322728857,0.1029156348726864,0.00035610946322728857,0.039172040955001743,0.1620298057684163,-0.43805279028981664,-25.367238855873929,14.732780541441013,0.84626937835953597,0.74603835355757886,-0.063223589284540582,4.6775691105086608e-17,-25.487327801523232,14.986205093919079,0.67819838829741164,0.61231431082811949,0.00095375716967228388,-0.002563988135236422,-25.48690047016736,14.903872586020929,0.67807374998528214,0.60526334345621891,-0.028211607868642657,1,1.8307835762794629,1.7616246212198707,1,1,1
1785069392.4287159,1,1,0.99999689969639094,1.1982846145052877,0.0024900999189997235,2,0,1,0,-0.04525907796138582,0.22707899199777046,-1.9875227115276315,1.9934156278216871e-05,0.62283844130796939,0.022159662439849227,0.0042733135587274627,0.00035610946322728857,0.098642321313958933,0,0.0092588460439095022,0.17484974644459869,-0.11946894280631364,-25.367238855873929,14.905881096105464,0.4616014791052015,0.7144265589153086,-0.13276953749753523,-2.2705815960395888e-17,-25.510291695841577,15.008228322381822,0.67925468429047897,0.61234913348896858,0.00095389632285078981,-0.0051279762704729828,-25.51071902719745,14.929314465330654,0.67925468429047897,0.61068254120106469,-0.030519058037176951,1,1.8307835762794629,1.7616246212198707,1,1,1
1785069392.4487159,1,1,0.99999689969639094,1.1982846145052877,0.0024900999189997235,2,0,1,0,-0.045184562186726777,0.22708183973438162,-1.9857272135942865,1.9459533509687899e-05,0.62284366215842324,0.025603525248295456,0.0035610946322728858,-0.00035610946322728857,0.083329614395185519,-0.00035610946322728857,0.00035610946322728857,0.17698640322396242,-0.11946894280631364,-26.004406550840933,15.559816524837833,0.38466789925433453,0.61326881606004369,0,1.4746804587989424e-16,-25.530172294714323,15.027248133363189,0.68016761749681298,0.61237135664315967,0.00095400438414396365,-0.0042733135587273239,-25.52974496335845,14.960584441847042,0.68029225580894248,0.61230725693977894,-0.030903548196169289,1,1.8307835762794629,1.7616246212198707,1,1,1
1785069392.4687159,1,1,0.99999689969639094,1.1982846145052877,0.0024900999189997235,2,0,1,0,-0.045106724052688021,0.22708278897991868,-1.9841680777996689,1.9934156278216871e-05,0.62284271291288618,0.029297039632987926,0.0042733135587274627,0,0.069085235866093983,0,0.00035610946322728857,0.18375248302528091,-0.11946894280631364,-25.207946932132177,15.098215045732632,0.84626937835953597,0.54372286784704904,-0.031611794642270291,6.7931704395969318e-17,-25.547350942360129,15.043741251814049,0.68095911969127987,0.61238900803380569,0.00095409812928349755,-0.0051279762704728995,-25.547350942360129,14.988473063121175,0.68095911969127987,0.61232490833042497,-0.032121348815267077,1,1.8307835762794629,1.7616246212198707,1,1,1
1785069392.4887159,1,1,0.99999689969639094,1.1982846145052877,0.0024900999189997235,2,0,1,0,-0.045006104025759879,0.22708468747099281,-1.9832587005751672,1.9459533509687899e-05,0.62284223829011764,0.032198883239774066,0.0085466271174549253,0.00035610946322728857,0.062675265528002788,0,0,0.19977740887050888,-0.11946894280631364,-26.004406550840933,15.002048070919047,0.19233394962716727,0.54372286784704904,-0.031611794642270291,6.8600769891683104e-17,-25.557391203008347,15.053329044767333,0.68141954266682192,0.61239861153514386,0.00095415602264313504,-0.010255952540945855,-25.55781853436422,15.003188832344931,0.68141954266682192,0.61239861153514408,-0.035005777574048449,1,1.8307835762794629,1.7616246212198707,1,1,1
1785069392.5087159,1,1,0.99999689969639094,1.1982846145052877,0.0024900999189997235,2,0,1,0,-0.044755028581208056,0.22708848445314103,-1.9817114303497627,1.9459533509687899e-05,0.62283227121197859,0.037499470318705638,0.010683283896818658,0,0.056265295189911593,0,-0.00035610946322728857,0.21900731988478248,0.15929192374175152,-25.367238855873929,15.290548995359799,0.65393542873236876,0.74603835355757886,-0.063223589284540582,9.8149192260992836e-18,-25.574461408836456,15.069608031781637,0.68220111480803036,0.61241369685471536,0.00095423724007314477,-0.012819940676182388,-25.574461408836456,15.024595795629708,0.68220111480803036,0.61247779655809631,-0.038467080339187693,1,1.8307835762794629,1.7616246212198707,1,1,1
1785069392.5287158,1,1,0.99999689969639094,1.1982846145052877,0.0024900999189997235,2,0,1,0,-0.04453907522152737,0.22709133218975219,-1.9805590462677745,1.9459533509687899e-05,0.62280236997756122,0.042259462064282716,0.0092588460439095022,0,0.048430886998911245,0,-0.0014244378529091543,0.21758288203187331,0.15929192374175152,-25.207946932132177,15.463649550024249,0.65393542873236876,0.58165702141777342,-0.16438133213980552,3.1666684717770013e-16,-25.587150738992175,15.081708228801773,0.68278214134373483,0.61242380340388292,0.00095428199424844439,-0.011110615252691096,-25.587150738992175,15.042963519202644,0.68278214134373483,0.61268020221740638,-0.038210636771488733,1,1.8307835762794629,1.7616246212198707,1,1,1
1785069392.5487158,1,1,0.99999689969639094,1.1982846145052877,0.0024900999189997235,2,0,1,0,-0.044377703480227522,0.22709180681252072,-1.979764527753257,1.9459533509687899e-05,0.62279430139049619,0.046395799492012717,0.0078344081910003485,0,0.034542617933046992,0,0.00035610946322728857,0.21366567793637314,0.47787577122525454,-26.004406550840933,15.290548995359799,0.75010240354595237,0.58165702141777342,-0.16438133213980552,-2.2897849097288904e-16,-25.595844106713393,15.090054901644333,0.68318294943925439,0.61243044347982734,0.00095430000551194652,-0.0094012898292006406,-25.595844106713393,15.062420807297896,0.68318294943925439,0.61236634377644639,-0.037505522023035219,1,1.8307835762794629,1.7616246212198707,1,1,1
1785069392.5687158,1,1,0.99999689969639094,1.1982846145052877,0.0024900999189997235,2,0,1,0,-0.044211585511242379,0.22709085756698366,-1.9792130160962262,1.8984910741158927e-05,0.62279430139049619,0.050827826904536265,0.0085466271174549253,0,0.021366567793637315,0,0,0.21402178739960043,-0.11946894280631364,-26.163698474582684,15.367482575210666,1.0193699330239865,0.7144265589153086,-0.031611794642270291,1.0744998183693235e-16,-25.601835078212723,15.095856155910683,0.68346168405957519,0.61243489914156557,0.00095429705696798805,-0.010255952540945799,-25.601835078212723,15.078762901675773,0.68346168405957519,0.61243489914156557,-0.037569624674960098,1,1.8307835762794629,1.7616246212198707,1,1,1
1785069392.5924394,1,1,0.99999689969639094,1.1982846145052877,0.0024900999189997235,2,0,1,0,-0.044101473028943655,0.22709085756698366,-1.9790122506651386,1.8984910741158927e-05,0.62279430139049619,0.05335329465587893,0.0085466271174549253,-0.00035610946322728857,0.013888269065864253,-0.00035610946322728857,0,0.2118851306202367,-0.27876086654806514,-25.845114627099182,15.194382020546215,0.65393542873236876,0.61326881606004369,0,1.3487166750444854e-16,-25.604025006233055,15.097963358077658,0.68356286723621873,0.61243648179696919,0.00095428550692158872,-0.010255952540945771,-25.603597674877182,15.086852742824966,0.68368750554834823,0.61243648179696919,-0.037185038004720991,1,1.8307835762794629,1.7616246212198707,1,1,1
1785069392.6124394,1,1,0.99999689969639094,1.1982846145052877,0.0024900999189997235,2,0,1,0,-0.043838532015178608,0.22709323068082632,-1.9788608460019779,1.8984910741158927e-05,0.62279335214495912,0.059718460604620993,0.010327174433591369,0,-0.00071221892645457715,0,0,0.20227017511309991,0,-25.207946932132177,14.905881096105464,0.84626937835953597,0.61326881606004369,-0.10115774285526494,-1.6079060139289097e-16,-25.605745374997596,15.09952725056122,0.68363791765770732,0.61243768583216052,0.00095422506176656696,-0.012392609320309809,-25.605745374997596,15.100097025702384,0.68363791765770732,0.61243768583216074,-0.035454406458591416,1,1.8307835762794629,1.7616246212198707,1,1,1
1785069392.6324394,1,1,0.99999689969639094,1.1982846145052877,0.0024900999189997235,2,0,1,0,-0.043605492235830878,0.22709370530359485,-1.9788632191158204,1.8510287972629955e-05,0.62278433431235714,0.063708614219644064,0.013888269065864253,0,0,0,0,0.20903625491441838,0.15929192374175152,-24.411487313423418,15.002048070919047,0.38466789925433453,0.58165702141777342,0.069545948212994646,8.4627521104289967e-17,-25.605732863583324,15.099496914118312,0.68363657188146509,0.61243764306708848,0.00095416622055406286,-0.01666592287903702,-25.605732863583324,15.099496914118312,0.68363657188146509,0.61243764306708837,-0.036672359664041254,1,1.8307835762794629,1.7616246212198707,1,1,1
1785069392.6524394,1,1,0.99999689969639094,1.1982846145052877,0.0024900999189997235,2,0,1,0,-0.043307903759963212,0.22709512917190045,-1.978862744493052,1.8510287972629955e-05,0.62278148657574595,0.067915195817116358,0.015312706918773409,0,0,0,0,0.20227017511309991,-0.43805279028981664,-25.207946932132177,15.002048070919047,0.65393542873236876,0.54372286784704904,0,2.3449520100034607e-16,-25.60577961274635,15.099487004345756,0.68363603052801836,0.61243766398955057,0.00095408783553244884,-0.018375248302527868,-25.60577961274635,15.099487004345756,0.68363603052801836,0.61243766398955035,-0.035454543684825514,1,1.8307835762794629,1.7616246212198707,1,1,1
1785069392.6724393,1,1,0.99999689969639094,1.1982846145052877,0.0024900999189997235,2,0,1,0,-0.042984685654594984,0.22709417992636338,-1.9788617952475149,1.8510287972629955e-05,0.62278196119851448,0.071853615550369773,0.016381035308455274,0,0,0,-0.00035610946322728857,0.2086801454511911,-0.11946894280631364,-24.73007116090692,15.194382020546215,0.75010240354595237,0.51211107320477878,0.107480101783719,-7.0219387943938966e-17,-25.605762373042694,15.099507011183686,0.68363691576235486,0.61243772847281808,0.00095399921459755454,-0.019657242370146412,-25.605762373042694,15.099507011183686,0.68363691576235486,0.61250182817619891,-0.036608426966616849,1,1.8307835762794629,1.7616246212198707,1,1,1
1785069392.6924393,1,1,0.99999689969639094,1.1982846145052877,0.0024900999189997235,2,0,1,0,-0.04272411775467258,0.22709370530359485,-1.9788584728881351,1.8035665204100979e-05,0.6227852835578942,0.075255711555185456,0.017805473161364428,0,0,-0.00035610946322728857,0,0.20974847384087297,0.63716769496700609,-25.367238855873929,15.002048070919047,0.55776845391878516,0.64488061070231395,0,3.1140004273892939e-16,-25.605784439636938,15.099546541854263,0.6836388940294873,0.61243782249564971,0.00095391081999745978,-0.021366567793637006,-25.605784439636938,15.099546541854263,0.6837635323416168,0.61243782249564971,-0.036800814471359675,1,1.8307835762794629,1.7616246212198707,1,1,1
1785069392.7124455,1,1,0.99999689969639094,1.1982846145052877,0.0024900999189997235,2,0,1,0,-0.042291736412542684,0.22709228143528926,-1.9788542012832184,1.8035665204100979e-05,0.62278623280343126,0.080291933752046393,0.015668816382000697,0,0,0,-0.00035610946322728857,0.21152902115700942,0.15929192374175152,-24.889363084648675,15.194382020546215,0.75010240354595237,0.7144265589153086,0,2.8019931585778876e-17,-25.605789614379972,15.099606414091168,0.68364164202950373,0.61243793212079889,0.00095375963811697949,-0.018802579658400809,-25.605789614379972,15.099606414091168,0.68364164202950373,0.61250203182418006,-0.03712146417014469,1,1.8307835762794629,1.7616246212198707,1,1,1
1785069392.7324455,1,1,0.99999689969639094,1.1982846145052877,0.0024900999189997235,2,0,1,0,-0.042009335865267942,0.22709180681252072,-1.9788542012832184,1.8510287972629955e-05,0.62278670742619979,0.084661310959124117,0.013888269065864253,0,-0.00035610946322728857,0,0,0.21722677256864603,0.15929192374175152,-25.048655008390426,15.002048070919047,0.4616014791052015,0.58165702141777342,0,-2.1237323065052288e-16,-25.605776312131638,15.099611912001535,0.68364162341518087,0.61243799080639683,0.00095360880513075991,-0.016665922879037325,-25.605776312131638,15.099896799572116,0.68364162341518087,0.61243799080639683,-0.038147210257225547,1,1.8307835762794629,1.7616246212198707,1,1,1
1785069392.7524455,1,1,0.99999689969639094,1.1982846145052877,0.0024900999189997235,2,0,1,0,-0.04176158278009582,0.22709180681252072,-1.9788542012832184,1.8510287972629955e-05,0.62278765667173686,0.088638175136628389,0.013176050139409676,0.00035610946322728857,0,0.00035610946322728857,0,0.21829510095832788,0.63716769496700609,-25.207946932132177,15.290548995359799,0.92320295821040299,0.58165702141777342,0,-2.3877735354344781e-16,-25.605776411075095,15.099612007205414,0.68364150014974934,0.61243804485130304,0.00095345570807793361,-0.015811260167291862,-25.606203742430967,15.099612007205414,0.68351686183761984,0.61243804485130315,-0.038339662464421095,1,1.8307835762794629,1.7616246212198707,1,1,1
1785069392.7724454,1,1,0.99999689969639094,1.1982846145052877,0.0024900999189997235,2,0,1,0,-0.041447857130098166,0.22709038294421516,-1.9788537266604498,1.8510287972629955e-05,0.62279192827665364,0.092921170999833838,0.016737144771682564,-0.00035610946322728857,0,0,0,0.2239928523699645,0.63716769496700609,-24.73007116090692,15.002048070919047,0.28850092444075093,0.64488061070231395,0,1.6422302517903391e-16,-25.605740214504916,15.099632070979114,0.68364231038603474,0.61243814183741518,0.0009532740214611337,-0.02008457372601891,-25.605312883149043,15.099632070979114,0.68364231038603474,0.61243814183741518,-0.039365439405132492,1,1.8307835762794629,1.7616246212198707,1,1,1
1785069392.7927723,1,1,0.99999689969639094,1.1982846145052877,0.0024900999189997235,2,0,1,0,-0.041136504593943163,0.2270880098303725,-1.9788480311872274,1.8510287972629955e-05,0.62279572525880178,0.097343705956986812,0.016381035308455274,0,0.00035610946322728857,0,0.00035610946322728857,0.23467613626678316,0.31858384748350305,-25.207946932132177,15.098215045732632,0.55776845391878516,0.64488061070231395,-0.063223589284540582,9.2000290010468641e-17,-25.605733256760335,15.099716864436539,0.68364620995957903,0.61243828324418481,0.00095306812941937957,-0.019657242370146245,-25.605733256760335,15.099431976865958,0.68364620995957903,0.61237418354080364,-0.0412886363986016,1,1.8307835762794629,1.7616246212198707,1,1,1
1785069392.8127723,1,1,0.99999689969639094,1.1982846145052877,0.0024900999189997235,2,0,1,0,-0.040800946296593178,0.22708706058483544,-1.9788428103367737,1.8510287972629955e-05,0.62279572525880178,0.1024202710891727,0.014600487992318832,0,0,0,-0.00035610946322728857,0.2364566835829196,0.63716769496700609,-26.004406550840933,15.194382020546215,0.65393542873236876,0.61326881606004369,0,5.5050459324074609e-17,-25.605762608009812,15.099781702284274,0.6836491099148515,0.61243838934570916,0.00095280872155445711,-0.017520585590782543,-25.605762608009812,15.099781702284274,0.6836491099148515,0.61250248904908999,-0.041609394323371074,1,1.8307835762794629,1.7616246212198707,1,1,1
1785069392.8327723,1,1,0.99999689969639094,1.1982846145052877,0.0024900999189997235,2,0,1,0,-0.040486746023827,0.22708990832144663,-1.9788437595823107,1.8510287972629955e-05,0.62279572525880178,0.10696620796614321,0.016024925845227987,0.00035610946322728857,0,0,0,0.23147115109773755,0,-24.889363084648675,15.098215045732632,0.55776845391878516,0.64488061070231395,-0.031611794642270291,1.2661964234369723e-16,-25.605835402692762,15.099741961036935,0.68364699293559372,0.61243841425930312,0.00095255547903232976,-0.019229911014273446,-25.606262734048634,15.099741961036935,0.68364699293559372,0.61243841425930334,-0.040712251718560424,1,1.8307835762794629,1.7616246212198707,1,1,1
1785069392.8527722,1,1,0.99999689969639094,1.1982846145052877,0.0024900999189997235,2,0,1,0,-0.040133152061272916,0.22708753520760397,-1.9788404372229311,1.8510287972629955e-05,0.62279762374987591,0.11188567296194601,0.019586020477500871,-0.00035610946322728857,0.00071221892645457715,0.00035610946322728857,0.00035610946322728857,0.24429109177391994,0.15929192374175152,-25.367238855873929,15.002048070919047,0.84626937835953597,0.58165702141777342,-0.063223589284540582,4.4807302790175341e-17,-25.60580255331212,15.099801840939383,0.68364962418452757,0.61243852909010565,0.000952259388222905,-0.02350322457300099,-25.605375221956248,15.099232065798219,0.68352498587239807,0.61237442938672459,-0.043020137131082679,1,1.8307835762794629,1.7616246212198707,1,1,1
1785069392.8727722,1,1,0.99999689969639094,1.1982846145052877,0.0024900999189997235,2,0,1,0,-0.039722128743726819,0.22708611133929837,-1.9788057897608284,1.8510287972629955e-05,0.62279999686371856,0.11688582382839875,0.019942129940728158,0,0.0024927662425910197,0,0,0.24072999714164708,0,-25.685822703357431,14.732780541441013,0.84626937835953597,0.61326881606004369,-0.031611794642270291,-2.6085224249378445e-16,-25.606138924972413,15.100180399006092,0.68366753702633742,0.61243887565983113,0.00095193518535503059,-0.023930555928874039,-25.606138924972413,15.09818618601202,0.68366753702633742,0.61243887565983091,-0.042379464300141452,1,1.8307835762794629,1.7616246212198707,1,1,1
1785069392.8934515,1,1,0.99999689969639094,1.1982846145052877,0.0024900999189997235,2,0,1,0,-0.039510446988962902,0.22708706058483544,-1.978781109376865,1.8510287972629955e-05,0.62279999686371856,0.11948390886332635,0.019229911014273581,0,0.0014244378529091543,0,0,0.23966166875196521,0.31858384748350305,-26.601751264872501,15.002048070919047,0.4616014791052015,0.61326881606004369,-0.031611794642270291,1.2188569158082953e-16,-25.60643573792651,15.100429404298676,0.68367934988473189,0.61243908324198593,0.00095175737577294381,-0.023075893217128187,-25.60643573792651,15.09928985401635,0.68367934988473189,0.61243908324198593,-0.042187342999580768,1,1.8307835762794629,1.7616246212198707,1,1,1
1785069392.9134514,1,1,0.99999689969639094,1.1982846145052877,0.0024900999189997235,2,0,1,0,-0.038883944934504658,0.22708753520760397,-1.978774939280874,1.8510287972629955e-05,0.62279999686371856,0.12703278399677967,0.022078786720091892,0,0,-0.00035610946322728857,0.00035610946322728857,0.25461826620751132,0,-25.52653077961568,15.002048070919047,0.65393542873236876,0.64488061070231395,0.037934153570724355,-4.7227712241989456e-17,-25.60651700797975,15.100489306637252,0.68368177339008374,0.61243921382214861,0.00095120355382356087,-0.026494544064110327,-25.60651700797975,15.100489306637252,0.68380641170221323,0.61237511411876766,-0.044880084363528486,1,1.8307835762794629,1.7616246212198707,1,1,1
1785069392.9334514,1,1,0.99999689969639094,1.1982846145052877,0.0024900999189997235,2,0,1,0,-0.038402677447216274,0.22708516209376134,-1.9787602259750496,1.8984910741158927e-05,0.62280616695970947,0.1322821118167101,0.025639881352364776,-0.00035610946322728857,0.0014244378529091543,0,0.00035610946322728857,0.25782325137655693,0.31858384748350305,-26.163698474582684,15.194382020546215,0.92320295821040299,0.61326881606004369,0,1.250437223093536e-16,-25.606608836346485,15.1006691545564,0.68368990935091234,0.61243944798840522,0.00095078667746526565,-0.03076785762283759,-25.606181504990612,15.099529604274073,0.68368990935091234,0.61237534828502427,-0.045457398570314958,1,1.8307835762794629,1.7616246212198707,1,1,1
1785069392.9534514,1,1,0.99999689969639094,1.1982846145052877,0.0024900999189997235,2,0,1,0,-0.037936123265752297,0.22708373822545574,-1.978731748608938,1.8984910741158927e-05,0.62281186243293185,0.1373453875113772,0.022791005646546469,0,0.0017805473161364429,0,0.00035610946322728857,0.25924768922946606,0.63716769496700609,-24.570779237165169,15.194382020546215,0.75010240354595237,0.64488061070231395,0,6.7462301770116661e-17,-25.606877942380653,15.100982988025432,0.68370462922476549,0.61243977079560796,0.00095035993392024725,-0.027349206775855707,-25.606877942380653,15.099558550172523,0.68370462922476549,0.61237567109222701,-0.045714224127383657,1,1.8307835762794629,1.7616246212198707,1,1,1
1785069392.9734514,1,1,0.99999689969639094,1.1982846145052877,0.0024900999189997235,2,0,1,0,-0.037473366066436545,0.22708326360268721,-1.9787137129437338,1.8984910741158927e-05,0.62281281167846891,0.14267255346534638,0.021366567793637315,0,0,-0.00035610946322728857,0.00035610946322728857,0.25924768922946606,0,-26.004406550840933,15.290548995359799,0.38466789925433453,0.68281476427303833,0,1.5009684098483914e-16,-25.607060835255581,15.101177269703994,0.68371357111244468,0.61243997641371473,0.00094988443757997552,-0.025639881352364637,-25.607060835255581,15.101177269703994,0.68383820942457418,0.61237587671033356,-0.045714699623723903,1,1.8307835762794629,1.7616246212198707,1,1,1
1785069392.9944158,1,1,0.99999689969639094,1.1982846145052877,0.0024900999189997235,2,0,1,0,-0.037075157563640736,0.22708326360268721,-1.978707542847743,1.8984910741158927e-05,0.62281281167846891,0.14813024068066105,0.017449363698137141,0,0,-0.00035610946322728857,0,0.27099930151596657,-0.11946894280631364,-25.685822703357431,14.828947516254598,0.65393542873236876,0.58165702141777342,-0.16438133213980552,4.2507612286300525e-17,-25.607128210616146,15.101242099913133,0.68371626444977218,0.61244008510875902,0.00094936917625909709,-0.020939236437764512,-25.607128210616146,15.101242099913133,0.68384090276190168,0.61244008510875902,-0.047830505096614885,1,1.8307835762794629,1.7616246212198707,1,1,1
1785069393.0144157,1,1,0.99999689969639094,1.1982846145052877,0.0024900999189997235,2,0,1,0,-0.036757160308726326,0.22708326360268721,-1.978701372751752,1.9459533509687899e-05,0.62281328630123745,0.15345171116140791,0.015668816382000697,0,0.0010683283896818657,0,0.00035610946322728857,0.27313595829533033,0.31858384748350305,-25.367238855873929,15.002048070919047,0.84626937835953597,0.58165702141777342,0.037934153570724355,-1.8376518537894211e-16,-25.607196026439865,15.101307353944357,0.68371880981139788,0.61244019560110674,0.00094883951490600546,-0.018802579658401031,-25.607196026439865,15.100452691232611,0.68371880981139788,0.61237609589772579,-0.048215632978253473,1,1.8307835762794629,1.7616246212198707,1,1,1
1785069393.0344157,1,1,0.99999689969639094,1.1982846145052877,0.0024900999189997235,2,0,1,0,-0.036472861270377473,0.22708278897991868,-1.9786790654816311,1.9459533509687899e-05,0.62281376092400598,0.15907029549525389,0.012107721749727811,0,0.00071221892645457715,0,0,0.27634094346437593,0,-25.845114627099182,15.194382020546215,0.65393542873236876,0.48049927856250846,-0.031611794642270291,-6.7156560817515655e-17,-25.607425471189845,15.101546428973361,0.68372981230556207,0.61244043153465533,0.00094825134614532659,-0.014529266099673428,-25.607425471189845,15.100976653832197,0.68372981230556207,0.61244043153465544,-0.048793118477442318,1,1.8307835762794629,1.7616246212198707,1,1,1
1785069393.0544157,1,1,0.99999689969639094,1.1982846145052877,0.0024900999189997235,2,0,1,0,-0.036260230270076493,0.22708373822545574,-1.9786757431222515,1.9459533509687899e-05,0.62281328630123745,0.16450377694937357,0.0092588460439095022,0,0,0,0,0.28381924219214899,0.15929192374175152,-25.685822703357431,15.002048070919047,0.55776845391878516,0.61326881606004369,-0.031611794642270291,1.8106812055851689e-16,-25.607489479283192,15.101571423715983,0.68373052663262068,0.61244050806823747,0.0009476538448197052,-0.011110615252691207,-25.607489479283192,15.101571423715983,0.68373052663262068,0.61244050806823758,-0.05013980974976711,1,1.8307835762794629,1.7616246212198707,1,1,1
1785069393.0744157,1,1,0.99999689969639094,1.1982846145052877,0.0024900999189997235,2,0,1,0,-0.036078449749729895,0.22708326360268721,-1.9786724207628719,1.9459533509687899e-05,0.62281376092400598,0.17029987019864939,0.0096149555071367906,-0.00035610946322728857,0.00035610946322728857,-0.00035610946322728857,0.00035610946322728857,0.28203869487601252,0.79645961870875759,-25.685822703357431,15.002048070919047,1.0193699330239865,0.58165702141777342,-0.20231548571052987,7.5932097781722148e-17,-25.607511980004023,15.101611372148476,0.68373190126305783,0.61244060611553119,0.00094698565436221276,-0.011537946608564066,-25.607084648648151,15.101326484577895,0.68385653957518733,0.61237650641215047,-0.049819979423320067,1,1.8307835762794629,1.7616246212198707,1,1,1
1785069393.0944159,1,1,0.99999689969639094,1.1982846145052877,0.0024900999189997235,2,0,1,0,-0.035923722727189453,0.22708041586607602,-1.978650113492751,1.9459533509687899e-05,0.62281518479231146,0.17588095933378159,0.006409970338091194,0,0.0014244378529091543,0,0,0.29200975984637662,0.63716769496700609,-26.004406550840933,15.290548995359799,0.84626937835953597,0.61326881606004369,-0.10115774285526494,6.4536308224837933e-18,-25.607672211364225,15.101875336896363,0.68374403014168139,0.61244086483717308,0.00094631244240444288,-0.0076919644057094321,-25.607672211364225,15.100735786614036,0.68374403014168139,0.61244086483717286,-0.05161544432994334,1,1.8307835762794629,1.7616246212198707,1,1,1
1785069393.1144159,1,1,0.99999689969639094,1.1982846145052877,0.0024900999189997235,2,0,1,0,-0.035810287885511022,0.22707946662053899,-1.9786021765931294,1.9459533509687899e-05,0.62281660866061705,0.18181564243146786,0.0042733135587274627,0,0.0021366567793637313,0,0.00035610946322728857,0.28631200843474003,-0.27876086654806514,-25.207946932132177,15.194382020546215,0.65393542873236876,0.58165702141777342,-0.063223589284540582,-2.5820549263289154e-16,-25.608167155381295,15.102388179521835,0.68376805128415574,0.61244129965962502,0.00094556449313282188,-0.0051279762704732048,-25.608167155381295,15.100678854098344,0.68376805128415574,0.61237719995624418,-0.050590597025120379,1,1.8307835762794629,1.7616246212198707,1,1,1
1785069393.1344159,1,1,0.99999689969639094,1.1982846145052877,0.0024900999189997235,2,0,1,0,-0.03575190928498196,0.22708041586607602,-1.9785803439457772,1.9459533509687899e-05,0.62281660866061705,0.18745558478989766,0.0028488757058183086,0,0.00035610946322728857,0,0.00035610946322728857,0.29379030716251309,-0.43805279028981664,-25.207946932132177,15.194382020546215,0.92320295821040299,0.54372286784704904,-0.063223589284540582,-1.4737324804055946e-16,-25.608432911277045,15.102607300891902,0.68377797206630853,0.61244151568451066,0.00094482251718442734,-0.0034186508469821091,-25.608432911277045,15.102322413321321,0.68377797206630853,0.61237741598112971,-0.051937432772067936,1,1.8307835762794629,1.7616246212198707,1,1,1
1785069393.1544158,1,1,0.99999689969639094,1.1982846145052877,0.0024900999189997235,2,0,1,0,-0.035681190492471142,0.22707994124330749,-1.9785755977180919,1.9459533509687899e-05,0.62281613403784852,0.19316577131806972,0.0042733135587274627,0,0.00035610946322728857,0,0,0.28916088414055829,0.47787577122525454,-24.411487313423418,15.290548995359799,0.84626937835953597,0.58165702141777342,-0.063223589284540582,5.8970092461688061e-18,-25.608470908242033,15.102662160201181,0.68377997188930373,0.6124416150737384,0.00094404049557263853,-0.005127976270472955,-25.608470908242033,15.1023772726306,0.68377997188930373,0.61244161507373818,-0.051104918649727875,1,1.8307835762794629,1.7616246212198707,1,1,1
1785069393.1744158,1,1,0.99999689969639094,1.1982846145052877,0.0024900999189997235,2,0,1,0,-0.035596233016904455,0.22707899199777046,-1.978553290447971,1.9459533509687899e-05,0.62281660866061705,0.19919300585561917,0.0042733135587274627,0.00035610946322728857,0.0014244378529091543,0,0,0.29165365038314933,0.63716769496700609,-25.845114627099182,15.194382020546215,0.75010240354595237,0.64488061070231395,0.037934153570724355,1.1728854014792356e-18,-25.608686467567072,15.102906172062653,0.68379099352941541,0.61244185528420103,0.00094318187378973942,-0.005127976270472955,-25.609113798922944,15.101766621780326,0.68379099352941541,0.61244185528420125,-0.051554475195177155,1,1.8307835762794629,1.7616246212198707,1,1,1
1785069393.2004309,1,1,0.99999689969639094,1.1982846145052877,0.0024900999189997235,2,0,1,0,-0.035534532056995694,0.22707851737500193,-1.9785404756332208,1.9459533509687899e-05,0.62281660866061705,0.20327238855112567,0.0035610946322728858,0,0.00071221892645457715,0,0,0.29272197877283118,0,-26.44245934113075,14.905881096105464,0.38466789925433453,0.51211107320477878,-0.031611794642270291,1.1242784113771704e-16,-25.608812366334238,15.103045612638772,0.68379720288348145,0.61244199747568273,0.00094258126018438853,-0.0042733135587273516,-25.608812366334238,15.102475837497607,0.68379720288348145,0.61244199747568295,-0.05174737491892524,1,1.8307835762794629,1.7616246212198707,1,1,1
1785069393.2204309,1,1,0.99999689969639094,1.1982846145052877,0.0024900999189997235,2,0,1,0,-0.035416350987631975,0.22707899199777046,-1.9785362040283039,1.9459533509687899e-05,0.62281660866061705,0.21291814707594001,0.0035610946322728858,0.00035610946322728857,0,0,0,0.30589802891224088,-0.59734471403156819,-25.207946932132177,14.905881096105464,0.84626937835953597,0.64488061070231395,-0.20231548571052987,-1.148957922386756e-16,-25.608872961567478,15.103085621113316,0.683797921096154,0.61244213392123747,0.00094109841244122432,-0.0042733135587275737,-25.609300292923351,15.103085621113316,0.683797921096154,0.61244213392123736,-0.054120546791762134,1,1.8307835762794629,1.7616246212198707,1,1,1
1785069393.2404308,1,1,0.99999689969639094,1.1982846145052877,0.0024900999189997235,2,0,1,0,-0.03536793946524202,0.22707804275223339,-1.9785214907224795,1.9459533509687899e-05,0.62281708328338559,0.21917794677006863,0.0014244378529091543,0,0.0010683283896818657,0,0.00035610946322728857,0.30126860589028615,-0.27876086654806514,-25.52653077961568,15.002048070919047,0.84626937835953597,0.58165702141777342,-0.063223589284540582,-2.0502576342143638e-16,-25.609005752813477,15.103249991516051,0.68380499652505267,0.61244232069060489,0.00094008938494107898,-0.0017093254234911794,-25.609005752813477,15.102395328804306,0.68380499652505267,0.61237822098722394,-0.053288259675310451,1,1.8307835762794629,1.7616246212198707,1,1,1
1785069393.2604308,1,1,0.99999689969639094,1.1982846145052877,0.0024900999189997235,2,0,1,0,-0.035356073896028795,0.22707804275223339,-1.978503929680044,1.9459533509687899e-05,0.62281660866061705,0.22508652561548581,0.00035610946322728857,0,0.00035610946322728857,0,-0.00035610946322728857,0.30304915320642256,-0.43805279028981664,-25.52653077961568,15.367482575210666,0.75010240354595237,0.61326881606004369,-0.063223589284540582,-2.655223200113202e-16,-25.609197240749026,15.103434245866781,0.68381304625261952,0.61244250989461668,0.00093910319578917377,-0.00042733135587302384,-25.609197240749026,15.1031493582962,0.68381304625261952,0.61250660959799785,-0.053609744381366897,1,1.8307835762794629,1.7616246212198707,1,1,1
1785069393.2804308,1,1,0.99999689969639094,1.1982846145052877,0.0024900999189997235,2,0,1,0,-0.035351802291112039,0.22707804275223339,-1.9785034550572755,1.9459533509687899e-05,0.62281613403784852,0.23056509623261576,0,0,0,-0.00035610946322728857,0,0.2934341976992858,0.47787577122525454,-24.570779237165169,15.098215045732632,0.84626937835953597,0.64488061070231395,-0.063223589284540582,-4.3389346688391951e-16,-25.609202519361414,15.103439325064489,0.68381252520611424,0.61244257145040049,0.00093815930627834886,-4.4408920985006262e-16,-25.609202519361414,15.103439325064489,0.68393716351824374,0.61244257145040049,-0.05187999627959311,1,1.8307835762794629,1.7616246212198707,1,1,1
1785069393.3006198,1,1,0.99999689969639094,1.1982846145052877,0.0024900999189997235,2,0,1,0,-0.03534990380003792,0.22707804275223339,-1.9785015565662014,1.9934156278216871e-05,0.62281660866061705,0.23661131568090635,0,0,0,0,0,0.29699529233155869,-0.27876086654806514,-24.889363084648675,15.002048070919047,0.65393542873236876,0.61326881606004369,-0.063223589284540582,5.0979263813632548e-17,-25.609223775973096,15.103459778679147,0.68381247972749071,0.61244265630343264,0.00093708489067090197,5.5511151231257827e-17,-25.609223775973096,15.103459778679147,0.68381247972749071,0.61244265630343264,-0.052522067729009657,1,1.8307835762794629,1.7616246212198707,1,1,1
1785069393.3206198,1,1,0.99999689969639094,1.1982846145052877,0.0024900999189997235,2,0,1,0,-0.035348479931732332,0.22707756812946486,-1.9784977595840532,1.9934156278216871e-05,0.62281708328338559,0.24279707422314445,0.00035610946322728857,0,0.00035610946322728857,0,0.00035610946322728857,0.29841973018446782,0.15929192374175152,-26.163698474582684,15.290548995359799,0.55776845391878516,0.61326881606004369,-0.13276953749753523,1.0025932614961416e-16,-25.609251442038989,15.103504697350882,0.6838137172585802,0.61244275958810968,0.00093595032177310649,-0.00042733135587263527,-25.609251442038989,15.103219809780301,0.6838137172585802,0.6123786598847285,-0.052779601111431082,1,1.8307835762794629,1.7616246212198707,1,1,1
1785069393.3406198,1,1,0.99999689969639094,1.1982846145052877,0.0024900999189997235,2,0,1,0,-0.035347530686195276,0.22707709350669633,-1.9784906402425253,1.9934156278216871e-05,0.62281660866061705,0.24860930464655026,0,0,0,0,-0.00035610946322728857,0.29984416803737696,0.47787577122525454,-25.52653077961568,15.098215045732632,0.92320295821040299,0.64488061070231395,-0.063223589284540582,1.656114586376066e-16,-25.609315291806155,15.103584432865176,0.68381665680331127,0.6124428754947564,0.00093485165860845466,1.6653345369377348e-16,-25.609315291806155,15.103584432865176,0.68381665680331127,0.61250697519813735,-0.053037098588119391,1,1.8307835762794629,1.7616246212198707,1,1,1
1785069393.3606198,1,1,0.99999689969639094,1.1982846145052877,0.0024900999189997235,2,0,1,0,-0.035348005308963808,0.22707804275223339,-1.9784901656197567,2.0408779046745847e-05,0.62281613403784852,0.25470013863508256,0.00035610946322728857,0.00035610946322728857,0,0.00035610946322728857,-0.00035610946322728857,0.29307808823605846,0.31858384748350305,-26.004406550840933,15.098215045732632,0.4616014791052015,0.61326881606004369,-0.10115774285526494,5.899404262426546e-17,-25.609348707850501,15.103579991134213,0.68381532687906799,0.61244293675236916,0.00093366627511156221,-0.00042733135587269078,-25.609776039206373,15.103579991134213,0.68369068856693849,0.61250703645575011,-0.051820389607378975,1,1.8307835762794629,1.7616246212198707,1,1,1
1785069393.3806198,1,1,0.99999689969639094,1.1982846145052877,0.0024900999189997235,2,0,1,0,-0.035348479931732332,0.22707804275223339,-1.9784892163742196,2.0408779046745847e-05,0.62281613403784852,0.26062580390016682,0,0,0,0,0,0.29165365038314933,0.15929192374175152,-26.44245934113075,15.098215045732632,0.55776845391878516,0.54372286784704904,-0.10115774285526494,-1.1572858062643621e-16,-25.609359172922172,15.103590060866525,0.68381484954917282,0.61244300963410114,0.00093247988706949766,-1.1102230246251565e-16,-25.609359172922172,15.103590060866525,0.68381484954917282,0.61244300963410137,-0.051565177181897362,1,1.8307835762794629,1.7616246212198707,1,1,1
1785069393.4006197,1,1,0.99999689969639094,1.1982846145052877,0.0024900999189997235,2,0,1,0,-0.035348954554500864,0.22707709350669633,-1.9784835209009972,2.0408779046745847e-05,0.62281613403784852,0.26614851443476994,0,0,0.00035610946322728857,0,-0.00035610946322728857,0.28168258541278524,-0.11946894280631364,-25.685822703357431,15.002048070919047,0.55776845391878516,0.64488061070231395,0.069545948212994646,1.7631876964039576e-16,-25.609393661288884,15.103659841847014,0.68381728163978817,0.61244311850633748,0.00093134476009773797,1.6653345369377348e-16,-25.609393661288884,15.103374954276433,0.68381728163978817,0.61250721820971843,-0.049771520614203577,1,1.8307835762794629,1.7616246212198707,1,1,1
1785069393.4206197,1,1,0.99999689969639094,1.1982846145052877,0.0024900999189997235,2,0,1,0,-0.035348954554500864,0.22707709350669633,-1.9784688075951729,2.0883401815274819e-05,0.62281613403784852,0.27194793004342543,-0.00035610946322728857,0.00035610946322728857,0.00035610946322728857,0.00035610946322728857,0,0.28417535165537627,-0.43805279028981664,-25.207946932132177,15.290548995359799,1.0193699330239865,0.58165702141777342,-0.16438133213980552,-2.736826591285364e-17,-25.609554545974262,15.103814648998707,0.68382357002150895,0.61244328764602296,0.00093012218760762249,0.00042733135587271853,-25.609981877330135,15.103529761428126,0.68369893170937945,0.61244328764602285,-0.050221441110360095,1,1.8307835762794629,1.7616246212198707,1,1,1
1785069393.4406197,1,1,0.99999689969639094,1.1982846145052877,0.0024900999189997235,2,0,1,0,-0.035348479931732332,0.22707804275223339,-1.9784669091040987,2.0883401815274819e-05,0.62281518479231146,0.27744073934361124,0,0,0,0,0,0.27954592863342154,-0.27876086654806514,-25.367238855873929,15.194382020546215,0.38466789925433453,0.58165702141777342,-0.13276953749753523,-7.2361709947782099e-17,-25.609603020996428,15.103824697385702,0.68382309229022686,0.61244334858249339,0.00092893532455092344,-8.3266726846886741e-17,-25.609603020996428,15.103824697385702,0.68382309229022686,0.61244334858249339,-0.049389331829464971,1,1.8307835762794629,1.7616246212198707,1,1,1
1785069393.4606197,1,1,0.99999689969639094,1.1982846145052877,0.0024900999189997235,2,0,1,0,-0.035348005308963808,0.22707756812946486,-1.9784664344813303,2.0883401815274819e-05,0.62281471016954293,0.28283862409009125,0,-0.00035610946322728857,0,0,0,0.2770531623908305,-0.91592856151507118,-25.367238855873929,15.098215045732632,0.65393542873236876,0.54372286784704904,0,3.3454345823268085e-17,-25.60959445190451,15.103834749703841,0.68382260908626191,0.61244341175786587,0.00092774167298624436,2.7755575615628914e-17,-25.609167120548637,15.103834749703841,0.68382260908626191,0.61244341175786587,-0.048941827557363225,1,1.8307835762794629,1.7616246212198707,1,1,1
1785069393.4806197,1,1,0.99999689969639094,1.1982846145052877,0.0024900999189997235,2,0,1,0,-0.035348954554500864,0.22707756812946486,-1.9784645359902562,2.0883401815274819e-05,0.62281518479231146,0.28823745808210832,0,-0.00035610946322728857,0.00035610946322728857,0,0,0.27527261507469408,-0.11946894280631364,-25.367238855873929,14.905881096105464,0.65393542873236876,0.54372286784704904,0,1.9114444527043675e-16,-25.609615254678694,15.103854766625272,0.68382258194494949,0.61244348832397555,0.00092652079366314314,1.9428902930940239e-16,-25.609187923322821,15.103569879054691,0.68382258194494949,0.61244348832397577,-0.048622549919781814,1,1.8307835762794629,1.7616246212198707,1,1,1
1785069393.5008528,1,1,0.99999689969639094,1.1982846145052877,0.0024900999189997235,2,0,1,0,-0.035350378422806451,0.22707804275223339,-1.9784583658942652,2.1832647352332767e-05,0.62281471016954293,0.29379861306096233,0,0,0.00035610946322728857,0.00035610946322728857,0,0.26245267439851167,0,-25.685822703357431,14.905881096105464,0.75010240354595237,0.64488061070231395,0,-5.5456185476015737e-17,-25.609697313571406,15.103915427950799,0.68382414167027605,0.6124435867392477,0.00092523482393430342,-5.5511151231257827e-17,-25.609697313571406,15.103630540380218,0.68369950335814655,0.6124435867392477,-0.046316246567797793,1,1.8307835762794629,1.7616246212198707,1,1,1
1785069393.5208528,1,1,0.99999689969639094,1.1982846145052877,0.0024900999189997235,2,0,1,0,-0.035350853045574976,0.22707756812946486,-1.9784569420259597,2.1832647352332767e-05,0.62281471016954293,0.29921690658648908,-0.00035610946322728857,0,0,0,0,0.2617404554720571,0,-25.367238855873929,14.828947516254598,0.75010240354595237,0.58165702141777342,-0.063223589284540582,1.8789390445856386e-16,-25.609699093874248,15.103935438707962,0.68382406665238227,0.61244365992522964,0.00092395450338275784,0.00042733135587294058,-25.609699093874248,15.103935438707962,0.68382406665238227,0.61244365992522987,-0.046189327481587494,1,1.8307835762794629,1.7616246212198707,1,1,1
1785069393.5408528,1,1,0.99999689969639094,1.1982846145052877,0.0024900999189997235,2,0,1,0,-0.035351327668343507,0.22707756812946486,-1.9784559927804226,2.2307270120861739e-05,0.62281471016954293,0.30459675566776501,0,0,0,0,0,0.25746714191332964,-0.43805279028981664,-26.761043188614252,15.367482575210666,0.75010240354595237,0.61326881606004369,-0.10115774285526494,1.8252327528145217e-16,-25.609709983338455,15.103945916797578,0.68382336287834278,0.6124437258683304,0.00092265632618996674,1.9428902930940239e-16,-25.609709983338455,15.103945916797578,0.68382336287834278,0.61244372586833062,-0.045421429218209346,1,1.8307835762794629,1.7616246212198707,1,1,1
1785069393.560853,1,1,0.99999689969639094,1.1982846145052877,0.0024900999189997235,2,0,1,0,-0.035352751536649095,0.22707756812946486,-1.9784521957982744,2.3256515657919683e-05,0.62281471016954293,0.30957839624624511,-0.00035610946322728857,0,0.00035610946322728857,0,0,0.25639881352364779,0,-26.004406550840933,15.194382020546215,0.4616014791052015,0.7144265589153086,0.037934153570724355,3.3759602232292191e-16,-25.609752332410451,15.103986666088078,0.68382401486360789,0.61244380745696225,0.00092143035158270999,0.00042733135587307936,-25.609752332410451,15.103701778517497,0.68382401486360789,0.61244380745696247,-0.045230356082673895,1,1.8307835762794629,1.7616246212198707,1,1,1
1785069393.580853,1,1,0.99999689969639094,1.1982846145052877,0.0024900999189997235,2,0,1,0,-0.035352276913880563,0.22707756812946486,-1.9784479241933577,2.3256515657919683e-05,0.62281471016954293,0.31454105191398402,0.00035610946322728857,-0.00035610946322728857,0,0,0.00035610946322728857,0.25461826620751132,-0.27876086654806514,-25.685822703357431,14.905881096105464,0.55776845391878516,0.58165702141777342,0,-1.8910025984730858e-16,-25.609798977202768,15.104031548829518,0.68382516417945316,0.61244389207735517,0.00092018650366336419,-0.00042733135587294058,-25.609371645846895,15.104031548829518,0.68382516417945316,0.612379792373974,-0.044911101413688662,1,1.8307835762794629,1.7616246212198707,1,1,1
1785069393.6014466,1,1,0.99999689969639094,1.1982846145052877,0.0024900999189997235,2,0,1,0,-0.035351802291112039,0.22707804275223339,-1.978446500325052,2.3731138426448659e-05,0.62281376092400598,0.31991710401311174,0,0,0,0,0,0.24998884318555659,0,-25.048655008390426,15.098215045732632,0.65393542873236876,0.58165702141777342,-0.031611794642270291,-9.1790122525168754e-18,-25.609828869701545,15.10404201437917,0.68382440000254741,0.61244395097808635,0.00091881332041878427,0,-25.609828869701545,15.10404201437917,0.68382440000254741,0.61244395097808635,-0.04407917845298142,1,1.8307835762794629,1.7616246212198707,1,1,1
1785069393.6214466,1,1,0.99999689969639094,1.1982846145052877,0.0024900999189997235,2,0,1,0,-0.035352751536649095,0.22707804275223339,-1.9784455510795149,2.4205761194977631e-05,0.62281328630123745,0.32503591057169667,0,0,0,0.00035610946322728857,0,0.24322276338423809,0,-24.73007116090692,14.905881096105464,0.65393542873236876,0.58165702141777342,-0.063223589284540582,-3.8671284083456554e-16,-25.609839746931094,15.104052480695874,0.68382366885237744,0.61244401032226559,0.00091748116084781569,-3.8857805861880479e-16,-25.609839746931094,15.104052480695874,0.68369903054024794,0.6124440103222657,-0.042862616248315021,1,1.8307835762794629,1.7616246212198707,1,1,1
1785069393.6414468,1,1,0.99999689969639094,1.1982846145052877,0.0024900999189997235,2,0,1,0,-0.035353700782186151,0.22707804275223339,-1.9784412794745982,2.4680383963506603e-05,0.62281328630123745,0.32972186116538327,0,0,0.00035610946322728857,0,0,0.23752501197260148,0.15929192374175152,-25.048655008390426,15.290548995359799,0.84626937835953597,0.61326881606004369,-0.031611794642270291,-1.5149003541292085e-16,-25.609886822748905,15.104097778178463,0.68382468441195599,0.61244409158867685,0.00091624060380974756,-1.3877787807814457e-16,-25.609886822748905,15.103812890607882,0.68382468441195599,0.61244409158867708,-0.041838261551258527,1,1.8307835762794629,1.7616246212198707,1,1,1
1785069393.6614468,1,1,0.99999689969639094,1.1982846145052877,0.0024900999189997235,2,0,1,0,-0.035353700782186151,0.22707804275223339,-1.9784379571152184,2.5155006732035579e-05,0.62281328630123745,0.33472865675059538,0,0,0.00035610946322728857,0,0,0.24856440533264743,0,-25.845114627099182,14.905881096105464,0.84626937835953597,0.64488061070231395,-0.063223589284540582,-7.2725297038372868e-17,-25.609923561337371,15.104133128925438,0.68382513565602809,0.61244416955694825,0.00091489286450928691,-8.3266726846886741e-17,-25.609923561337371,15.103848241354857,0.68382513565602809,0.61244416955694803,-0.043826700095367238,1,1.8307835762794629,1.7616246212198707,1,1,1
1785069393.6814468,1,1,0.99999689969639094,1.1982846145052877,0.0024900999189997235,2,0,1,0,-0.035354175404954682,0.22707804275223339,-1.97843748249245,2.5629629500564551e-05,0.62281328630123745,0.33961252503875849,-0.00035610946322728857,0,0,0,0,0.24678385801651098,-0.59734471403156819,-25.048655008390426,15.002048070919047,0.75010240354595237,0.61326881606004369,-0.063223589284540582,-2.6590835504704487e-16,-25.609929267775847,15.104138619780761,0.6838241617679699,0.61244422605773063,0.00091355608183624562,0.00042733135587246873,-25.609929267775847,15.104138619780761,0.6838241617679699,0.61244422605773075,-0.043507538361135731,1,1.8307835762794629,1.7616246212198707,1,1,1
1785069393.7016678,1,1,0.99999689969639094,1.1982846145052877,0.0024900999189997235,2,0,1,0,-0.035355124650491739,0.22707804275223339,-1.9784365332469129,2.6104252269093523e-05,0.62281281167846891,0.34466298591867534,0,0,0,0.00035610946322728857,0,0.24429109177391994,-0.11946894280631364,-25.367238855873929,15.002048070919047,0.84626937835953597,0.58165702141777342,-0.031611794642270291,-2.5069981847951349e-16,-25.60994014282057,15.104149083994248,0.68382337170160645,0.61244428428520836,0.00091215078286403545,-2.4980018054066022e-16,-25.60994014282057,15.104149083994248,0.68369873338947695,0.61244428428520825,-0.043060245736441537,1,1.8307835762794629,1.7616246212198707,1,1,1
1785069393.7216678,1,1,0.99999689969639094,1.1982846145052877,0.0024900999189997235,2,0,1,0,-0.03535559927326027,0.22707804275223339,-1.9784355840013759,2.6104252269093523e-05,0.62281281167846891,0.34971439604412918,0,0,0,0,0.00035610946322728857,0.24215443499455622,-0.59734471403156819,-25.685822703357431,15.002048070919047,0.65393542873236876,0.58165702141777342,-0.063223589284540582,-3.3371056894353248e-16,-25.609950586254737,15.104159132903359,0.68382269913329019,0.61244434576890638,0.00091072205749427463,-3.3306690738754696e-16,-25.609950586254737,15.104159132903359,0.68382269913329019,0.61238024606552544,-0.042677076241525856,1,1.8307835762794629,1.7616246212198707,1,1,1
1785069393.7416677,1,1,0.99999689969639094,1.1982846145052877,0.0024900999189997235,2,0,1,0,-0.035356073896028795,0.22707899199777046,-1.9784355840013759,2.6578875037622499e-05,0.62280948931908919,0.3543818363498431,0,-0.00035610946322728857,0,0.00035610946322728857,0,0.23503224573001044,-0.27876086654806514,-26.163698474582684,15.463649550024249,0.55776845391878516,0.58165702141777342,0.037934153570724355,2.1161562407787211e-16,-25.60997876274099,15.104149649547839,0.68382100497837517,0.6124443663710839,0.00090938110964240671,2.2204460492503131e-16,-25.609551431385118,15.104149649547839,0.68369636666624567,0.61244436637108368,-0.041396423121759486,1,1.8307835762794629,1.7616246212198707,1,1,1
1785069393.7616677,1,1,0.99999689969639094,1.1982846145052877,0.0024900999189997235,2,0,1,0,-0.035356548518797326,0.22708041586607602,-1.9784365332469129,2.7053497806151471e-05,0.62280616695970947,0.35909626430964137,0,0,-0.00035610946322728857,0.00035610946322728857,-0.00035610946322728857,0.22826616592869198,0.31858384748350305,-25.685822703357431,15.098215045732632,0.75010240354595237,0.58165702141777342,-0.10115774285526494,-7.6680489295206011e-17,-25.610010441429612,15.10412523839204,0.6838185667764044,0.6124443774426207,0.00090800653444920185,-8.3266726846886741e-17,-25.610010441429612,15.104410125962621,0.6836939284642749,0.61250847714600165,-0.04017990333271533,1,1.8307835762794629,1.7616246212198707,1,1,1
1785069393.7816677,1,1,0.99999689969639094,1.1982846145052877,0.0024900999189997235,2,0,1,0,-0.035357972387102914,0.22708041586607602,-1.9784365332469129,2.7053497806151471e-05,0.62280616695970947,0.36353541106369286,0,0.00035610946322728857,0,0,-0.00035610946322728857,0.22897838485514654,-0.11946894280631364,-25.048655008390426,15.098215045732632,0.55776845391878516,0.58165702141777342,0,8.1939276900909693e-17,-25.610010529280839,15.104125322908084,0.68381750974753852,0.61244442543987077,0.000906693936110749,8.3266726846886741e-17,-25.610437860636711,15.104125322908084,0.68381750974753852,0.61250852514325183,-0.040309415337815617,1,1.8307835762794629,1.7616246212198707,1,1,1
1785069393.8016677,1,1,0.99999689969639094,1.1982846145052877,0.0024900999189997235,2,0,1,0,-0.035359396255408501,0.22708041586607602,-1.9784370078696814,2.7053497806151471e-05,0.62280521771417241,0.36787061543143651,0,0,-0.00035610946322728857,0,0,0.21544622525250959,0.79645961870875759,-25.685822703357431,15.290548995359799,0.84626937835953597,0.51211107320477878,0,2.2518650106441653e-16,-25.610005431214809,15.104120417408183,0.68381622459808622,0.61244446226697846,0.00090539481197733152,2.2204460492503131e-16,-25.610005431214809,15.104405304978764,0.68381622459808622,0.61244446226697846,-0.037874925733474403,1,1.8307835762794629,1.7616246212198707,1,1,1
1785069393.8216677,1,1,0.99999689969639094,1.1982846145052877,0.0024900999189997235,2,0,1,0,-0.035359396255408501,0.22708231435715015,-1.9784422287201353,2.6578875037622499e-05,0.62279667450433884,0.37222195697331012,0,0,0,-0.00035610946322728857,-0.00071221892645457715,0.21117291169378211,0.15929192374175152,-25.048655008390426,14.905881096105464,0.38466789925433453,0.64488061070231395,0.037934153570724355,-1.4504656470180778e-16,-25.610003460331928,15.104045330132342,0.68381171239446892,0.61244439940140194,0.00090407370437727355,-1.3877787807814457e-16,-25.610003460331928,15.104045330132342,0.68393635070659842,0.6125725988081635,-0.037107050400503494,1,1.8307835762794629,1.7616246212198707,1,1,1
1785069393.8416677,1,1,0.99999689969639094,1.1982846145052877,0.0024900999189997235,2,0,1,0,-0.03535892163263997,0.22708326360268721,-1.9784460257022836,2.7053497806151471e-05,0.62279145365388511,0.37637253308409602,-0.00035610946322728857,0,0,0,0,0.19229911014273582,0.63716769496700609,-25.207946932132177,14.905881096105464,0.84626937835953597,0.58165702141777342,0.107480101783719,1.0514423096313583e-16,-25.609990228534048,15.10399600275257,0.68380815842917153,0.61244437423851394,0.00090279742496356368,0.00042733135587285731,-25.609990228534048,15.10399600275257,0.68380815842917153,0.61244437423851394,-0.03371104240072887,1,1.8307835762794629,1.7616246212198707,1,1,1
1785069393.8616679,1,1,0.99999689969639094,1.1982846145052877,0.0024900999189997235,2,0,1,0,-0.035359396255408501,0.22708278897991868,-1.9784460257022836,2.6578875037622499e-05,0.62279145365388511,0.37995925734586944,0,0,-0.00035610946322728857,0,0,0.17520585590782597,-0.43805279028981664,-25.52653077961568,15.194382020546215,0.65393542873236876,0.61326881606004369,-0.031611794642270291,-7.5390458550369979e-17,-25.609976017325721,15.104000626069693,0.68380763580856263,0.61244441622183221,0.00090168231753110786,-8.3266726846886741e-17,-25.609976017325721,15.104285513640274,0.68380763580856263,0.6124444162218321,-0.030635371745877549,1,1.8307835762794629,1.7616246212198707,1,1,1
1785069393.8816679,1,1,0.99999689969639094,1.1982846145052877,0.0024900999189997235,2,0,1,0,-0.035359870878177033,0.22708278897991868,-1.978446500325052,2.6578875037622499e-05,0.62279145365388511,0.38305759477882662,0.00035610946322728857,0,0,0,0,0.16915199503296208,0,-25.048655008390426,14.828947516254598,0.55776845391878516,0.64488061070231395,-0.10115774285526494,3.9121094662952855e-16,-25.60997090671945,15.103995708507396,0.68380661349802374,0.61244444624172956,0.00090070959861579579,-0.00042733135587235771,-25.60997090671945,15.103995708507396,0.68380661349802374,0.61244444624172978,-0.029546649507317349,1,1.8307835762794629,1.7616246212198707,1,1,1
1785069393.9024181,1,1,0.99999689969639094,1.1982846145052877,0.0024900999189997235,2,0,1,0,-0.035359870878177033,0.22708326360268721,-1.978447449570589,2.7053497806151471e-05,0.62279097903111658,0.38657217637978364,0.00035610946322728857,0,-0.00035610946322728857,0,-0.00035610946322728857,0.15205874079805221,-0.27876086654806514,-25.685822703357431,15.367482575210666,0.75010240354595237,0.64488061070231395,0,-3.5853709335174045e-16,-25.609974908441927,15.103981261345801,0.68380486307074972,0.61244447071726826,0.00089959559759609478,-0.00042733135587310711,-25.609974908441927,15.104266148916382,0.68380486307074972,0.61250857042064921,-0.026470977746053281,1,1.8307835762794629,1.7616246212198707,1,1,1
1785069393.9224181,1,1,0.99999689969639094,1.1982846145052877,0.0024900999189997235,2,0,1,0,-0.035359870878177033,0.22708326360268721,-1.9784483988161261,2.6578875037622499e-05,0.62279050440834804,0.38936295825873402,0,0,0,-0.00035610946322728857,0,0.13567770548959696,-0.59734471403156819,-25.845114627099182,14.905881096105464,0.75010240354595237,0.64488061070231395,-0.10115774285526494,-1.1707144054717597e-16,-25.609964176356943,15.1039709346627,0.68380380292505794,0.61244449072024154,0.00089870331971578774,-1.1102230246251565e-16,-25.609964176356943,15.1039709346627,0.68392844123718743,0.61244449072024132,-0.023523283668411641,1,1.8307835762794629,1.7616246212198707,1,1,1
1785069393.9424181,1,1,0.99999689969639094,1.1982846145052877,0.0024900999189997235,2,0,1,0,-0.035360345500945557,0.22708326360268721,-1.9784488734388948,2.6578875037622499e-05,0.62278860591727392,0.39182719967293644,-0.00035610946322728857,0,0,0,-0.00035610946322728857,0.12036499857082354,0,-25.048655008390426,15.002048070919047,0.4616014791052015,0.61326881606004369,-0.063223589284540582,-1.1598207031634592e-17,-25.609959028753533,15.103965981503093,0.68380292472052973,0.61244450054113964,0.00089790950580813866,0.00042733135587274629,-25.609959028753533,15.103965981503093,0.68380292472052973,0.61250860024452058,-0.02076779023694009,1,1.8307835762794629,1.7616246212198707,1,1,1
1785069393.9624181,1,1,0.99999689969639094,1.1982846145052877,0.0024900999189997235,2,0,1,0,-0.035359870878177033,0.22708421284822428,-1.9784493480616632,2.6578875037622499e-05,0.62278433431235714,0.39442053848017877,0,0,-0.00035610946322728857,0,-0.00035610946322728857,0.12499442159277829,0.15929192374175152,-25.685822703357431,14.905881096105464,0.55776845391878516,0.58165702141777342,-0.031611794642270291,5.417430224530707e-17,-25.609981541954344,15.103951048848744,0.68380153031517565,0.61244448845179722,0.00089706818269639707,5.5511151231257827e-17,-25.609981541954344,15.104235936419325,0.68380153031517565,0.61250858815517817,-0.021601927704003678,1,1.8307835762794629,1.7616246212198707,1,1,1
1785069393.9824181,1,1,0.99999689969639094,1.1982846145052877,0.0024900999189997235,2,0,1,0,-0.03535892163263997,0.22708468747099281,-1.9784498226844316,2.6578875037622499e-05,0.62278243582128301,0.3971391776983127,0,0,0,0,0,0.13140439193086947,-0.11946894280631364,-25.367238855873929,15.290548995359799,0.4616014791052015,0.54372286784704904,0,-5.1214984170260415e-17,-25.609990243630644,15.103941124108372,0.68380033693611719,0.6124444976420198,0.0008961797662297926,-5.5511151231257827e-17,-25.609990243630644,15.103941124108372,0.68380033693611719,0.61244449764202002,-0.022756610781326705,1,1.8307835762794629,1.7616246212198707,1,1,1
1785069394.0024309,1,1,0.99999689969639094,1.1982846145052877,0.0024900999189997235,2,0,1,0,-0.03535892163263997,0.22708421284822428,-1.9784493480616632,2.6578875037622499e-05,0.62278338506682007,0.39953412418830991,0,0,0,0,0,0.12784329729859659,-0.43805279028981664,-25.685822703357431,14.828947516254598,0.75010240354595237,0.54372286784704904,0,5.6164921080192709e-18,-25.609981630063785,15.103951133608655,0.68380018027554745,0.6124445365928517,0.00089539168776020485,0,-25.609981630063785,15.103951133608655,0.68380018027554745,0.61244453659285192,-0.022116401825987179,1,1.8307835762794629,1.7616246212198707,1,1,1
1785069394.0224309,1,1,0.99999689969639094,1.1982846145052877,0.0024900999189997235,2,0,1,0,-0.03535892163263997,0.22708278897991868,-1.9784488734388948,2.6578875037622499e-05,0.6227838596895886,0.402099460252209,0,0,0,0,0,0.12072110803405083,-0.43805279028981664,-25.845114627099182,14.905881096105464,0.65393542873236876,0.64488061070231395,0.069545948212994646,-1.2903461839600486e-16,-25.609945324899769,15.103971092978624,0.68380045187064864,0.61244458065510732,0.00089454184795487114,-1.3877787807814457e-16,-25.609945324899769,15.103971092978624,0.68380045187064864,0.6124445806551071,-0.020835257598174305,1,1.8307835762794629,1.7616246212198707,1,1,1
1785069394.0424309,1,1,0.99999689969639094,1.1982846145052877,0.0024900999189997235,2,0,1,0,-0.035359396255408501,0.22708373822545574,-1.9784488734388948,2.6578875037622499e-05,0.62278338506682007,0.40450864542526205,0,0,0.00035610946322728857,-0.00035610946322728857,0,0.11395502823273235,-0.43805279028981664,-24.889363084648675,15.098215045732632,0.55776845391878516,0.64488061070231395,0,2.8518979650038997e-17,-25.60997305472544,15.103961179884445,0.68379932684001832,0.61244459644049476,0.0008937383380309956,2.7755575615628914e-17,-25.60997305472544,15.103676292313864,0.68392396515214782,0.61244459644049476,-0.019618166743860851,1,1.8307835762794629,1.7616246212198707,1,1,1
1785069394.0624309,1,1,0.99999689969639094,1.1982846145052877,0.0024900999189997235,2,0,1,0,-0.035359870878177033,0.22708373822545574,-1.9784498226844316,2.6578875037622499e-05,0.62278291044405154,0.40685707888394346,0,0,0,0,-0.00035610946322728857,0.11609168501209607,-0.27876086654806514,-24.73007116090692,14.905881096105464,0.28850092444075093,0.61326881606004369,-0.10115774285526494,-1.1969310017791304e-17,-25.609962751233336,15.103951265603035,0.68379821410769204,0.61244461155897423,0.00089295009674165917,0,-25.609962751233336,15.103951265603035,0.68379821410769204,0.61250871126235507,-0.02000355320543562,1,1.8307835762794629,1.7616246212198707,1,1,1
1785069394.0824311,1,1,0.99999689969639094,1.1982846145052877,0.0024900999189997235,2,0,1,0,-0.035359870878177033,0.22708373822545574,-1.9784498226844316,2.6578875037622499e-05,0.62278291044405154,0.40922781961274568,0,0,0,0,0,0.12855551622505118,0.63716769496700609,-25.845114627099182,15.194382020546215,0.75010240354595237,0.58165702141777342,0,-1.5688553241221081e-16,-25.609962797539076,15.10395131014945,0.68379756930887148,0.61244463685871564,0.00089214938835067059,-1.6653345369377348e-16,-25.609962797539076,15.10395131014945,0.68379756930887148,0.61244463685871553,-0.022247843532158518,1,1.8307835762794629,1.7616246212198707,1,1,1
1785069394.1025443,1,1,0.99999689969639094,1.1982846145052877,0.0024900999189997235,2,0,1,0,-0.035360345500945557,0.22708373822545574,-1.9784498226844316,2.7053497806151471e-05,0.62278291044405154,0.41172528462074509,-0.00035610946322728857,0,0,0.00035610946322728857,-0.00035610946322728857,0.12784329729859659,0,-26.004406550840933,14.63661356662743,0.65393542873236876,0.58165702141777342,0,-1.0281181364119336e-16,-25.609963283824129,15.103951778051954,0.68379674920404399,0.61244466348157933,0.00089130032562271427,0.00042733135587263527,-25.609963283824129,15.103951778051954,0.68367211089191449,0.61250876318496039,-0.022120493188124649,1,1.8307835762794629,1.7616246212198707,1,1,1
1785069394.1225443,1,1,0.99999689969639094,1.1982846145052877,0.0024900999189997235,2,0,1,0,-0.035360820123714089,0.22708421284822428,-1.9784498226844316,2.7053497806151471e-05,0.62278338506682007,0.4143722558008312,0,0,-0.00035610946322728857,0,0,0.12926773515150575,-0.27876086654806514,-25.52653077961568,14.905881096105464,0.38466789925433453,0.61326881606004369,-0.063223589284540582,1.1110760981737378e-16,-25.609977185880929,15.103946857242347,0.68379578075911773,0.61244469167534321,0.00089039450417809085,1.1102230246251565e-16,-25.609977185880929,15.104231744812928,0.68379578075911773,0.61244469167534321,-0.022377797823092929,1,1.8307835762794629,1.7616246212198707,1,1,1
1785069394.1425443,1,1,0.99999689969639094,1.1982846145052877,0.0024900999189997235,2,0,1,0,-0.035361294746482613,0.22708373822545574,-1.9784498226844316,2.7053497806151471e-05,0.62278338506682007,0.41689582506109973,0,0,0.00035610946322728857,0,0.00035610946322728857,0.12855551622505118,1.2743353899340122,-25.845114627099182,15.194382020546215,0.4616014791052015,0.61326881606004369,-0.031611794642270291,4.1801539351301555e-17,-25.609963390645468,15.103951880815664,0.68379531963845019,0.61244472184468168,0.00088952510809715444,5.5511151231257827e-17,-25.609963390645468,15.103666993245083,0.68379531963845019,0.61238062214130085,-0.022250467812412068,1,1.8307835762794629,1.7616246212198707,1,1,1
1785069394.1625445,1,1,0.99999689969639094,1.1982846145052877,0.0024900999189997235,2,0,1,0,-0.035361769369251145,0.22708326360268721,-1.9784507719299687,2.7053497806151471e-05,0.6227838596895886,0.41949675783263851,0,0,-0.00035610946322728857,0,0.00035610946322728857,0.12962384461473303,-0.43805279028981664,-26.004406550840933,15.367482575210666,0.4616014791052015,0.7144265589153086,0,1.4915660088847253e-16,-25.609939259622131,15.103946959043331,0.68379435428848823,0.6124447494918851,0.00088862312632431468,1.3877787807814457e-16,-25.609939259622131,15.104231846613912,0.68379435428848823,0.61238064978850404,-0.022443668904327627,1,1.8307835762794629,1.7616246212198707,1,1,1
1785069394.1825445,1,1,0.99999689969639094,1.1982846145052877,0.0024900999189997235,2,0,1,0,-0.035363667860325264,0.22708373822545574,-1.9784517211755057,2.7528120574680443e-05,0.62278338506682007,0.42210386070016814,-0.00035610946322728857,0,-0.00035610946322728857,0,0,0.13674603387927881,-1.0752204852568228,-25.207946932132177,14.905881096105464,0.65393542873236876,0.61326881606004369,0,-4.3005863099143402e-17,-25.609943242835151,15.103932494076055,0.68379276790207855,0.61244476391279012,0.00088771281798977674,0.00042733135587269078,-25.609943242835151,15.104217381646636,0.68379276790207855,0.6124447639127899,-0.023726573280280411,1,1.8307835762794629,1.7616246212198707,1,1,1
1785069394.2034063,1,1,0.99999689969639094,1.1982846145052877,0.0024900999189997235,2,0,1,0,-0.035364142483093788,0.22708326360268721,-1.9784517211755057,2.7528120574680443e-05,0.6227838596895886,0.42512578386739214,0,0,0,0,0,0.14315600421737001,-0.11946894280631364,-24.889363084648675,15.098215045732632,0.4616014791052015,0.51211107320477878,0.037934153570724355,-1.4445754144172809e-16,-25.609929463196167,15.103937532656262,0.68379215126038539,0.61244480259899958,0.00088665030683100212,-1.3877787807814457e-16,-25.609929463196167,15.103937532656262,0.68379215126038539,0.61244480259899969,-0.024881430452295607,1,1.8307835762794629,1.7616246212198707,1,1,1
1785069394.2234063,1,1,0.99999689969639094,1.1982846145052877,0.0024900999189997235,2,0,1,0,-0.035364142483093788,0.22708278897991868,-1.9784517211755057,2.8002743343209415e-05,0.62278433431235714,0.42819801704808019,0,0,0,0.00035610946322728857,0.00035610946322728857,0.14778542723932475,0.15929192374175152,-26.004406550840933,15.194382020546215,0.4616014791052015,0.61326881606004369,-0.063223589284540582,7.0254339343275395e-17,-25.609916121992406,15.103942993109071,0.68379137721212702,0.61244484176893232,0.00088556167032236076,8.3266726846886741e-17,-25.609916121992406,15.103942993109071,0.68366673889999752,0.61238074206555138,-0.025715815232756067,1,1.8307835762794629,1.7616246212198707,1,1,1
1785069394.2434065,1,1,0.99999689969639094,1.1982846145052877,0.0024900999189997235,2,0,1,0,-0.035365566351399376,0.22708326360268721,-1.9784521957982744,2.8002743343209415e-05,0.62278433431235714,0.43086824474382418,0,0.00035610946322728857,0,0,0,0.14600487992318831,-0.43805279028981664,-25.367238855873929,15.194382020546215,0.75010240354595237,0.48049927856250846,-0.10115774285526494,-2.603529867090886e-17,-25.609924846444095,15.103933090276902,0.68379013189467153,0.61244486340368209,0.00088460879188411866,-2.7755575615628914e-17,-25.610352177799967,15.103933090276902,0.68379013189467153,0.61244486340368187,-0.025396269594289773,1,1.8307835762794629,1.7616246212198707,1,1,1
1785069394.2634065,1,1,0.99999689969639094,1.1982846145052877,0.0024900999189997235,2,0,1,0,-0.035365566351399376,0.22708326360268721,-1.9784521957982744,2.8477366111738391e-05,0.62278433431235714,0.43396705679954983,0.00035610946322728857,0.00035610946322728857,0,-0.00035610946322728857,0.00035610946322728857,0.15704427328323425,-0.11946894280631364,-25.367238855873929,15.098215045732632,0.65393542873236876,0.58165702141777342,-0.031611794642270291,-1.729020830622243e-16,-25.609925343940521,15.103933568963921,0.68378909855881453,0.61244489615503017,0.00088349493896568143,-0.00042733135587291282,-25.610352675296394,15.103933568963921,0.68391373687094403,0.61238079645164922,-0.027384474252016497,1,1.8307835762794629,1.7616246212198707,1,1,1
1785069394.2834065,1,1,0.99999689969639094,1.1982846145052877,0.0024900999189997235,2,0,1,0,-0.03536461710586232,0.22708231435715015,-1.9784517211755057,2.8477366111738391e-05,0.62278575818066273,0.43705447790883084,0.00035610946322728857,0,0,0,0,0.16167369630518902,0.79645961870875759,-25.845114627099182,15.194382020546215,0.65393542873236876,0.48049927856250846,-0.063223589284540582,-7.7441846731196951e-17,-25.60990290461347,15.103948572684732,0.68378891516706752,0.61244494859797105,0.00088237690967632562,-0.00042733135587282956,-25.60990290461347,15.103948572684732,0.68378891516706752,0.61244494859797083,-0.02821888842525767,1,1.8307835762794629,1.7616246212198707,1,1,1
1785069394.3034065,1,1,0.99999689969639094,1.1982846145052877,0.0024900999189997235,2,0,1,0,-0.035365091728630851,0.22708231435715015,-1.9784517211755057,2.8477366111738391e-05,0.62278623280343126,0.44036639558762597,0,0,-0.00035610946322728857,-0.00035610946322728857,0,0.16381035308455275,-0.59734471403156819,-25.685822703357431,15.290548995359799,0.84626937835953597,0.44256512499178408,-0.031611794642270291,-2.4879104204464035e-17,-25.609902974558242,15.103948639972048,0.68378794180798019,0.6124449868145575,0.00088116820724128337,-2.7755575615628914e-17,-25.609902974558242,15.104233527542629,0.68391258012010969,0.61244498681455761,-0.028604695347978226,1,1.8307835762794629,1.7616246212198707,1,1,1
1785069394.3234065,1,1,0.99999689969639094,1.1982846145052877,0.0024900999189997235,2,0,1,0,-0.035366040974167907,0.22708278897991868,-1.9784517211755057,2.8951988880267363e-05,0.6227852835578942,0.44351172067466749,0,0,0,0,0,0.16131758684196171,0,-25.52653077961568,15.098215045732632,1.0193699330239865,0.68281476427303833,-0.063223589284540582,-9.4395215959066325e-17,-25.609917305002462,15.103944131355938,0.68378663474412171,0.6124450100032115,0.00088001119432630785,-8.3266726846886741e-17,-25.609917305002462,15.103944131355938,0.68378663474412171,0.61244501000321172,-0.028157154437226814,1,1.8307835762794629,1.7616246212198707,1,1,1
1785069394.3434064,1,1,0.99999689969639094,1.1982846145052877,0.0024900999189997235,2,0,1,0,-0.035366040974167907,0.22708326360268721,-1.9784521957982744,2.9426611648796335e-05,0.6227852835578942,0.44703342161715248,0,-0.00035610946322728857,0,0,0,0.1773425126871897,0.47787577122525454,-26.163698474582684,15.290548995359799,0.84626937835953597,0.68281476427303833,-0.10115774285526494,-2.8391080512538295e-16,-25.60992648306669,15.103934664994242,0.68378496888181084,0.6124450404135009,0.00087870542182743574,-2.7755575615628914e-16,-25.609499151710818,15.103934664994242,0.68378496888181084,0.61244504041350112,-0.031042946861866705,1,1.8307835762794629,1.7616246212198707,1,1,1
1785069394.3634064,1,1,0.99999689969639094,1.1982846145052877,0.0024900999189997235,2,0,1,0,-0.035366040974167907,0.22708278897991868,-1.9784521957982744,2.9426611648796335e-05,0.6227852835578942,0.45044453545457019,0,0,0.00035610946322728857,0,0,0.1741375275181441,-0.43805279028981664,-25.845114627099182,15.290548995359799,0.65393542873236876,0.61326881606004369,0,-8.3391641031551508e-17,-25.609912704200241,15.103939704317122,0.68378418112580297,0.61244507952682015,0.00087743041378011218,-8.3266726846886741e-17,-25.609912704200241,15.103654816746541,0.68378418112580297,0.61244507952681992,-0.030467324539485804,1,1.8307835762794629,1.7616246212198707,1,1,1
1785069394.3836179,1,1,0.99999689969639094,1.1982846145052877,0.0024900999189997235,2,0,1,0,-0.035368414088010551,0.22708278897991868,-1.9784521957982744,2.9901234417325311e-05,0.62278480893512567,0.45397145724750904,-0.00035610946322728857,0,0,0,-0.00035610946322728857,0.1680836666432802,-0.27876086654806514,-25.207946932132177,15.290548995359799,0.84626937835953597,0.61326881606004369,-0.063223589284540582,-8.003988636483893e-17,-25.609913203357976,15.103940184599974,0.68378297439478086,0.61244511319085904,0.00087610122909569717,0.00042733135587266302,-25.609913203357976,15.103940184599974,0.68378297439478086,0.61250921289423998,-0.029378958766694729,1,1.8307835762794629,1.7616246212198707,1,1,1
1785069394.4036179,1,1,0.99999689969639094,1.1982846145052877,0.0024900999189997235,2,0,1,0,-0.035368888710779083,0.22708278897991868,-1.9784545689121169,2.9901234417325311e-05,0.62278433431235714,0.45745139138636343,0,0,0,0,0,0.1773425126871897,-0.11946894280631364,-26.163698474582684,15.098215045732632,0.38466789925433453,0.68281476427303833,-0.063223589284540582,-9.909942059729866e-17,-25.609887405772273,15.103915361516979,0.68378071485319913,0.61244512981439936,0.00087477918800472757,-1.1102230246251565e-16,-25.609887405772273,15.103915361516979,0.68378071485319913,0.61244512981439936,-0.031046873095689431,1,1.8307835762794629,1.7616246212198707,1,1,1
1785069394.4236178,1,1,0.99999689969639094,1.1982846145052877,0.0024900999189997235,2,0,1,0,-0.035368414088010551,0.22708326360268721,-1.9784569420259597,2.9901234417325311e-05,0.62278243582128301,0.46113826105229649,0,0,0,0,0,0.1773425126871897,-0.43805279028981664,-25.685822703357431,15.194382020546215,0.84626937835953597,0.64488061070231395,0,-8.4859988246872664e-17,-25.609875438231832,15.10388554833939,0.68377814372199441,0.61244513535678746,0.00087336695647726207,-8.3266726846886741e-17,-25.609875438231832,15.10388554833939,0.68377814372199441,0.61244513535678724,-0.031048285327216874,1,1.8307835762794629,1.7616246212198707,1,1,1
1785069394.4436181,1,1,0.99999689969639094,1.1982846145052877,0.0024900999189997235,2,0,1,0,-0.03536793946524202,0.22708373822545574,-1.9784597897625709,2.9901234417325311e-05,0.62278006270744035,0.4644762829833608,0,0,-0.00035610946322728857,0,-0.00035610946322728857,0.16452257201100731,-0.75663663777331969,-25.207946932132177,14.828947516254598,0.75010240354595237,0.58165702141777342,-0.063223589284540582,-5.4958196079209514e-17,-25.609858286088876,15.103850746414331,0.68377543295782761,0.61244513061166661,0.00087207809393465962,-5.5511151231257827e-17,-25.609858286088876,15.104135633984912,0.68377543295782761,0.61250923031504745,-0.028741984868046678,1,1.8307835762794629,1.7616246212198707,1,1,1
1785069394.463618,1,1,0.99999689969639094,1.1982846145052877,0.0024900999189997235,2,0,1,0,-0.035367464842473495,0.22708421284822428,-1.9784607390081079,2.9901234417325311e-05,0.62277721497082916,0.46737575347630428,0.00035610946322728857,0,0,0,-0.00035610946322728857,0.1495659745554612,-0.27876086654806514,-25.048655008390426,15.194382020546215,0.55776845391878516,0.54372286784704904,0.107480101783719,2.5708930893986169e-16,-25.609861806138365,15.103835835781215,0.68377380816774669,0.61244513115727361,0.00087095068366845128,-0.00042733135587249649,-25.609861806138365,15.103835835781215,0.68377380816774669,0.61250923086065456,-0.026050924736314578,1,1.8307835762794629,1.7616246212198707,1,1,1
1785069394.483618,1,1,0.99999689969639094,1.1982846145052877,0.0024900999189997235,2,0,1,0,-0.03536793946524202,0.22708421284822428,-1.9784635867447191,2.9901234417325311e-05,0.62277246874314385,0.47035780833097179,0,0,0,0,-0.00035610946322728857,0.1435121136805973,-0.59734471403156819,-25.685822703357431,15.194382020546215,0.84626937835953597,0.7144265589153086,-0.10115774285526494,-7.0781725087785081e-17,-25.609830772308605,15.103805974258396,0.6837714344148188,0.61244510942632946,0.00086978349091276991,-8.3266726846886741e-17,-25.609830772308605,15.103805974258396,0.6837714344148188,0.61250920912971041,-0.024962396971594743,1,1.8307835762794629,1.7616246212198707,1,1,1
1785069394.5044138,1,1,0.99999689969639094,1.1982846145052877,0.0024900999189997235,2,0,1,0,-0.03536793946524202,0.22708753520760397,-1.9784735538228582,2.9426611648796335e-05,0.62275063609579162,0.47319320475016391,0,0.00035610946322728857,-0.00071221892645457715,0,-0.0010683283896818657,0.12997995407796031,-0.11946894280631364,-25.367238855873929,14.905881096105464,0.55776845391878516,0.58165702141777342,0.037934153570724355,-4.7422685645132943e-17,-25.60981841281858,15.103665997825042,0.68376397987657844,0.61244489434797122,0.00086866638781298684,-5.5511151231257827e-17,-25.610245744174453,15.104235772966206,0.68376397987657844,0.61263719345811396,-0.022527725346219888,1,1.8307835762794629,1.7616246212198707,1,1,1
1785069394.5244138,1,1,0.99999689969639094,1.1982846145052877,0.0024900999189997235,2,0,1,0,-0.035367464842473495,0.22709133218975219,-1.9784811477871547,2.9426611648796335e-05,0.62271836174753159,0.47569446674031157,0,0,-0.00035610946322728857,0,-0.0017805473161364429,0.11466724715918691,0,-25.207946932132177,15.367482575210666,0.75010240354595237,0.58165702141777342,-0.13276953749753523,1.5124296098474192e-16,-25.609846050637639,15.103546210209771,0.68375744618143919,0.61244461537022388,0.0008676748655199679,1.3877787807814457e-16,-25.609846050637639,15.103831097780352,0.68375744618143919,0.61276511388712862,-0.019772429623133671,1,1.8307835762794629,1.7616246212198707,1,1,1
1785069394.5444138,1,1,0.99999689969639094,1.1982846145052877,0.0024900999189997235,2,0,1,0,-0.03536793946524202,0.22709085756698366,-1.9784825716554602,2.9426611648796335e-05,0.62264289672733553,0.47785447495988692,0,0,-0.00035610946322728857,0.00035610946322728857,-0.006409970338091194,0.096505664534595206,0.15929192374175152,-26.163698474582684,15.098215045732632,0.65393542873236876,0.68281476427303833,-0.10115774285526494,6.8541469791664529e-17,-25.60981576196734,15.103535363367738,0.68375627629411706,0.61244410141958827,0.00086681384387270579,5.5511151231257827e-17,-25.60981576196734,15.10382025093832,0.68363163798198756,0.61359789608044468,-0.016504205772354421,1,1.8307835762794629,1.7616246212198707,1,1,1
1785069394.5644138,1,1,0.99999689969639094,1.1982846145052877,0.0024900999189997235,2,0,1,0,-0.035368414088010551,0.22709085756698366,-1.9784830462782288,2.9426611648796335e-05,0.6225484467963982,0.47951565464973833,0.00035610946322728857,0,-0.00035610946322728857,0.00035610946322728857,-0.0017805473161364429,0.075495206204185178,-0.11946894280631364,-26.163698474582684,15.290548995359799,0.92320295821040299,0.61326881606004369,0,3.3590233601195833e-16,-25.609809398967197,15.103529240725406,0.68375550336742374,0.6124434475326157,0.00086614852886754965,-0.00042733135587241322,-25.609809398967197,15.103814128295987,0.68363086505529425,0.61276394604952023,-0.01272298858788576,1,1.8307835762794629,1.7616246212198707,1,1,1
1785069394.5844772,1,1,0.99999689969639094,1.1982846145052877,0.0024900999189997235,2,0,1,0,-0.035368888710779083,0.22709275605805779,-1.97848589401484,2.8951988880267363e-05,0.6225270887718144,0.48083130896410065,0,0.00035610946322728857,-0.00035610946322728857,0,-0.0014244378529091543,0.061250827675093635,0,-25.367238855873929,14.905881096105464,0.65393542873236876,0.61326881606004369,-0.031611794642270291,1.1463635336640987e-16,-25.609833052397036,15.103478809975,0.68375282498005729,0.6124432759112759,0.00086562057406086904,1.1102230246251565e-16,-25.610260383752909,15.103763697545581,0.68375282498005729,0.61269967472479958,-0.010159528407455988,1,1.8307835762794629,1.7616246212198707,1,1,1
1785069394.6054151,1,1,0.99999689969639094,1.1982846145052877,0.0024900999189997235,2,0,1,0,-0.035368414088010551,0.22709560379466898,-1.978495861092979,2.8477366111738391e-05,0.62245969233868326,0.48211706204404564,0.00035610946322728857,0.00035610946322728857,-0.00035610946322728857,-0.00035610946322728857,-0.0042733135587274627,0.052348091094411422,0,-26.601751264872501,15.002048070919047,0.55776845391878516,0.68281476427303833,0,1.2523710946024682e-16,-25.609806206819183,15.103343192581177,0.68374609246974527,0.61244271685518381,0.00086510259216775317,-0.00042733135587260751,-25.610233538175056,15.103628080151758,0.68387073078187477,0.61321191329575475,-0.0085575538048262897,1,1.8307835762794629,1.7616246212198707,1,1,1
1785069394.6254151,1,1,0.99999689969639094,1.1982846145052877,0.0024900999189997235,2,0,1,0,-0.035368414088010551,0.22709797690851161,-1.9785001326978957,2.8002743343209415e-05,0.62234340976039371,0.48297280689570338,0,0,0,0,-0.0071221892645457717,0.038815931491774452,0.79645961870875759,-25.367238855873929,15.002048070919047,0.55776845391878516,0.64488061070231395,-0.10115774285526494,-2.7000524771431552e-17,-25.609826921030109,15.103271636087026,0.68374260611235149,0.61244184074896735,0.00086475635405544495,-2.7755575615628914e-17,-25.609826921030109,15.103271636087026,0.68374260611235149,0.61372383481658555,-0.006122111314463983,1,1.8307835762794629,1.7616246212198707,1,1,1
1785069394.6454151,1,1,0.99999689969639094,1.1982846145052877,0.0024900999189997235,2,0,1,0,-0.035368888710779083,0.2270994007768172,-1.9785082012849609,2.7528120574680443e-05,0.62219770057045531,0.4835708315840499,0,0,-0.00071221892645457715,-0.00035610946322728857,-0.0085466271174549253,0.022791005646546469,0.15929192374175152,-25.685822703357431,15.002048070919047,0.65393542873236876,0.58165702141777342,0.069545948212994646,-1.1614961092198685e-16,-25.609778151560395,15.103169816010031,0.68373776930014774,0.61244071639667319,0.00086451330076548773,-1.1102230246251565e-16,-25.609778151560395,15.103739591151195,0.68386240761227723,0.61397910927781485,-0.0032378677156128851,1,1.8307835762794629,1.7616246212198707,1,1,1
1785069394.665415,1,1,0.99999689969639094,1.1982846145052877,0.0024900999189997235,2,0,1,0,-0.035368888710779083,0.22710272313619689,-1.9785490188430543,2.7053497806151471e-05,0.62197700098308939,0.4838579783590099,0,0.00035610946322728857,-0.0035610946322728858,0,-0.0124638312129551,0.0049855324851820395,0.63716769496700609,-25.367238855873929,15.194382020546215,0.65393542873236876,0.58165702141777342,0,-1.7305228543999053e-16,-25.609426774651059,15.102703629207264,0.68371558569356305,0.6124387559112674,0.0008643944570055804,-1.6653345369377348e-16,-25.609854106006932,15.105552504913083,0.68371558569356305,0.61468224552959927,-3.3001390327176489e-05,1,1.8307835762794629,1.7616246212198707,1,1,1
1785069394.685415,1,1,0.99999689969639094,1.1982846145052877,0.0024900999189997235,2,0,1,0,-0.035368888710779083,0.22710367238173396,-1.9786543850976677,2.6104252269093523e-05,0.6217311463889913,0.48387174241929726,0,0,-0.0035610946322728858,0,-0.013888269065864253,-0.00035610946322728857,0.95575154245050908,-25.685822703357431,15.367482575210666,1.0193699330239865,0.58165702141777342,0,2.4764672919627059e-17,-25.60830166968007,15.101584430529861,0.68366231067200378,0.61243607841452197,0.00086438522610510216,2.7755575615628914e-17,-25.60830166968007,15.104433306235681,0.68366231067200378,0.6149359668463773,0.00092848492948601413,1,1.8307835762794629,1.7616246212198707,1,1,1
1785069394.7055626,1,1,0.99999689969639094,1.1982846145052877,0.0024900999189997235,2,0,1,0,-0.035369837956316139,0.227112690214336,-1.9787236800218728,2.4680383963506603e-05,0.62131585146652846,0.48387079317376019,-0.00035610946322728857,0.00071221892645457715,-0.0021366567793637313,0,-0.024571552962682913,-0.00035610946322728857,-0.75663663777331969,-25.685822703357431,15.098215045732632,0.84626937835953597,0.61326881606004369,0,-3.1634499021749839e-16,-25.607801927880789,15.100755912498382,0.68362327648601839,0.61243219752248645,0.00086438032253357926,0.00042733135587244098,-25.608656590592535,15.102465237921873,0.68362327648601839,0.61685507705576936,0.00092848002591446532,1,1.8307835762794629,1.7616246212198707,1,1,1
1785069394.7255626,1,1,0.99999689969639094,1.1982846145052877,0.0024900999189997235,2,0,1,0,-0.03537031257908467,0.22713025125677158,-1.9787459872919937,2.2781892889390711e-05,0.62071165668219108,0.48386794543714901,0,0.0010683283896818657,-0.0014244378529091543,0,-0.037747603102092589,-0.00035610946322728857,-0.11946894280631364,-25.52653077961568,15.098215045732632,0.4616014791052015,0.64488061070231395,0.069545948212994646,-7.0500705611606666e-17,-25.608059983491806,15.100327211011138,0.68360374329619611,0.61242690930850485,0.00086437427110548648,-8.3266726846886741e-17,-25.609341977559424,15.101466761293464,0.68360374329619611,0.61922147786688175,0.00092847397448638446,1,1.8307835762794629,1.7616246212198707,1,1,1
1785069394.7455626,1,1,0.99999689969639094,1.1982846145052877,0.0024900999189997235,2,0,1,0,-0.035370787201853195,0.22714971079028126,-1.9787635483344292,2.1832647352332767e-05,0.61974674859377166,0.48386462307776934,0,0.0010683283896818657,-0.0010683283896818657,0.00035610946322728857,-0.054128638410547859,0,0.15929192374175152,-24.570779237165169,15.002048070919047,0.55776845391878516,0.84719609641284388,-0.10115774285526494,-1.0463665052527102e-16,-25.608419656679494,15.099923101489113,0.68358537380687712,0.61241817775958851,0.00086436304392988701,-1.1102230246251565e-16,-25.609701650747112,15.100777764200858,0.68346073549474762,0.62216133267348694,0.00086436304392989438,1,1.8307835762794629,1.7616246212198707,1,1,1
1785069394.7655625,1,1,0.99999689969639094,1.1982846145052877,0.0024900999189997235,2,0,1,0,-0.035372211070158782,0.22718625674345799,-1.9787882287183929,1.9934156278216871e-05,0.61842160182403882,0.48386082609562109,-0.00035610946322728857,0.0024927662425910197,-0.0010683283896818657,0,-0.074426877814503314,-0.00071221892645457715,0.47787577122525454,-24.73007116090692,15.098215045732632,0.84626937835953597,0.64488061070231395,-0.031611794642270291,-2.7828539333964656e-16,-25.609191404799773,15.099256801099733,0.68355508119405928,0.61240508200266475,0.00086434594463359474,0.00042733135587246873,-25.612182724290882,15.100111463811478,0.68355508119405928,0.62580192000927559,0.0009925453513954061,1,1.8307835762794629,1.7616246212198707,1,1,1
# event,1785069394.981216,EXITING,实体 FREE 松开：正常退出请求；保持力矩控制并增强阻尼，静止后切回位置保持
1785069394.8855624,1,1,0.99999689969639094,1.1982846145052877,0.0024900999189997235,2,0,1,0,-0.035380754279992307,0.2273732581142584,-1.9791897595805683,1.4713305824398167e-05,0.60262093523694071,0.48383329797504643,0,0.0010683283896818657,-0.0010683283896818657,0,-0.19229911014273582,-0.00035610946322728857,0.79645961870875759,-26.004406550840933,15.002048070919047,0.84626937835953597,0.68281476427303833,-0.13276953749753523,-1.6199113015415093e-16,-25.6098201163651,15.092652796650251,0.68326001919094514,0.61216107224645011,0.00086400527957048237,-1.6653345369377348e-16,-25.611102110432718,15.093507459361996,0.68326001919094514,0.64677491207214255,0.00092810498295139087,1,1.8307835762794629,1.7616246212198707,1,1,1
1785069394.9055624,1,1,0.99999689969639094,1.1982846145052877,0.0024900999189997235,2,0,1,0,-0.035381228902760832,0.2273993623665275,-1.9792082698685409,1.4713305824398167e-05,0.59874469108636463,0.48383234872950937,0,0.0010683283896818657,-0.00035610946322728857,0,-0.21010458330410026,-0.00035610946322728857,-0.27876086654806514,-25.207946932132177,15.002048070919047,0.84626937835953597,0.78397250712830324,-0.031611794642270291,-2.7760097976558361e-16,-25.610228165086586,15.092039128136761,0.68323754201068698,0.61207831988015826,0.00086388668881929936,-2.7755575615628914e-16,-25.611510159154204,15.092324015707343,0.68323754201068698,0.64989714487489636,0.00092798639220022727,1,1.8307835762794629,1.7616246212198707,1,1,1
1785069394.9255626,1,1,0.99999689969639094,1.1982846145052877,0.0024900999189997235,2,0,1,0,-0.035385025884909063,0.22741170255850926,-1.9792106429823837,1.4713305824398167e-05,0.59411901758428132,0.48383234872950937,-0.00035610946322728857,-0.00035610946322728857,0,0,-0.23360780787710131,0,0,-25.685822703357431,15.098215045732632,0.38466789925433453,0.74603835355757886,-0.063223589284540582,4.0949592755896436e-17,-25.610360614131395,15.091690869106905,0.68323014588831998,0.6119682233773569,0.00086372872108280265,0.00042733135587277404,-25.609933282775522,15.091690869106905,0.68323014588831998,0.65401762879523495,0.00086372872108281262,1,1.8307835762794629,1.7616246212198707,1,1,1
1785069394.9455626,1,1,0.99999689969639094,1.1982846145052877,0.0024900999189997235,2,0,1,0,-0.035386449753214651,0.2274107533129722,-1.9792077952457725,1.4713305824398167e-05,0.58906096274006803,0.48383234872950937,0,0,0,0,-0.24856440533264743,-0.00035610946322728857,-0.59734471403156819,-25.685822703357431,15.002048070919047,0.65393542873236876,0.68281476427303833,0.107480101783719,-3.5652213512808831e-16,-25.610116981866533,15.091493032821841,0.68323208635618959,0.61183331461457735,0.00086353550339056786,-3.6082248300317588e-16,-25.610116981866533,15.091493032821841,0.68323208635618959,0.65657490757445391,0.0009276352067714898,1,1.8307835762794629,1.7616246212198707,1,1,1
1785069394.9655626,1,1,0.99999689969639094,1.1982846145052877,0.0024900999189997235,2,0,1,0,-0.035387398998751707,0.2274107533129722,-1.979209219114078,1.4713305824398167e-05,0.58407505055667108,0.48383234872950937,-0.00035610946322728857,0,0.00035610946322728857,0.00035610946322728857,-0.26672598795723912,0,-0.59734471403156819,-25.685822703357431,15.002048070919047,0.55776845391878516,0.84719609641284388,-0.063223589284540582,5.0820813405112336e-18,-25.609829695227813,15.09121659860975,0.68323139384835796,0.61168487159999907,0.00086332322069504865,0.00042733135587274629,-25.609829695227813,15.090931711039168,0.68310675553622846,0.65969554943230224,0.00086332322069504475,1,1.8307835762794629,1.7616246212198707,1,1,1
1785069394.9855626,6,1,0.99999689969639094,1.1982846145052877,0.0024900999189997235,2,0,1,1,-0.035393094471974057,0.22741265180404632,-1.9792139653417633,1.4713305824398167e-05,0.57856325634574413,0.48383234872950937,-0.00035610946322728857,0,-0.00035610946322728857,0,-0.27420428668501218,0,-0.43805279028981664,-26.283167417388999,15.194382020546215,1.0193699330239865,0.78397250712830324,0,2.2131297335150657e-17,-25.609500158896058,15.090826325473394,0.68322807142626485,0.61150288968564481,0.00086306330634978252,0.0042733135587274852,-25.609500158896058,15.093675201179213,0.68322807142626485,0.760845566077469,0.00086306330634978252,1,1.8307835762794629,1.7616246212198707,1,1,1
1785069395.0055625,6,1,0.99999689969639094,1.1982846145052877,0.0024900999189997235,2,0,1,1,-0.035398315322427876,0.22741407567235192,-1.9792163384556061,1.4713305824398167e-05,0.57336566240758335,0.48383234872950937,0,0.00035610946322728857,0,0,-0.26352100278819351,0,0.47787577122525454,-24.889363084648675,15.002048070919047,0.75010240354595237,1.0178997874811033,0.107480101783719,-7.4131097181443874e-17,-25.60917057695962,15.09045430478591,0.68322618357859755,0.61131431492570565,0.00086279426316918627,-7.4131097181443874e-17,-25.613443890518347,15.09045430478591,0.68322618357859755,1.1608455660774692,0.00086279426316918627,1,1.8307835762794629,1.7616246212198707,1,1,1
1785069395.0255625,6,1,0.99999689969639094,1.1982846145052877,0.0024900999189997235,2,0,1,1,-0.035405909286724338,0.22741455029512042,-1.9792139653417633,1.5187928592927141e-05,0.56792316312086166,0.48383519646612055,-0.00035610946322728857,0,-0.00035610946322728857,0,-0.26352100278819351,0.00071221892645457715,-0.27876086654806514,-26.163698474582684,15.002048070919047,0.65393542873236876,1.0874457356940981,-0.13276953749753523,7.018816089036318e-17,-25.608817206639923,15.090095986943169,0.68322704259483225,0.61109937079077847,0.0008624865661274175,0.0042733135587275329,-25.608817206639923,15.092944862648988,0.68322704259483225,1.2699018777612623,-0.00091806075000902543,1,1.8307835762794629,1.7616246212198707,1,1,1
1785069395.0455625,6,1,0.99999689969639094,1.1982846145052877,0.0024900999189997235,2,0,1,1,-0.035424419574696969,0.22741312642681485,-1.9792073206230039,1.5187928592927141e-05,0.56301698756257768,0.48383377259781496,-0.0010683283896818657,0,0.00035610946322728857,0,-0.23752501197260148,0,-0.27876086654806514,-25.685822703357431,15.290548995359799,0.84626937835953597,1.1569916839070926,0.13909189642598929,-4.1058305747771512e-17,-25.608465501536486,15.089812456614871,0.68323113852035677,0.61089038574564414,0.00086218945967052698,0.012819940676182346,-25.608465501536486,15.086963580909051,0.68323113852035677,1.2047029156771478,0.00086218945967052698,1,1.8307835762794629,1.7616246212198707,1,1,1
1785069395.0655625,6,1,0.99999689969639094,1.1982846145052877,0.0024900999189997235,2,0,1,1,-0.035429640425150788,0.22741217718127779,-1.9792068460002354,1.5662551361456115e-05,0.55826506440406554,0.48383377259781496,0,0,0.00035610946322728857,0,-0.22612950914932825,0,-0.27876086654806514,-25.685822703357431,15.194382020546215,0.55776845391878516,1.2202152731916334,-0.031611794642270291,-1.1947764830028452e-16,-25.608046722453587,15.089446089774572,0.68323175862812435,0.61067369836491858,0.00086188083551073903,-1.1947764830028452e-16,-25.608046722453587,15.086597214068753,0.68323175862812435,1.1759974712382393,0.00086188083551073903,1,1.8307835762794629,1.7616246212198707,1,1,1
1785069395.0855625,6,1,0.99999689969639094,1.1982846145052877,0.0024900999189997235,2,0,1,1,-0.035432488161761963,0.22741312642681485,-1.9792030490180872,1.5662551361456115e-05,0.55448801641211198,0.48383377259781496,-0.00035610946322728857,0.00035610946322728857,0,0,-0.21366567793637314,0,-0.43805279028981664,-26.283167417388999,15.098215045732632,0.4616014791052015,1.0558339410518278,-0.031611794642270291,8.205107937461299e-17,-25.607782626652845,15.089155377741061,0.68323321611860777,0.61049171938596536,0.00086162189548964925,0.0042733135587275451,-25.612055940211572,15.089155377741061,0.68323321611860777,1.1446559142268982,0.00086162189548964925,1,1.8307835762794629,1.7616246212198707,1,1,1
1785069395.1055624,6,1,0.99999689969639094,1.1982846145052877,0.0024900999189997235,2,0,1,1,-0.035454795431882825,0.22741312642681485,-1.979200201281476,1.5662551361456115e-05,0.55002276540579143,0.48383424722058349,-0.0014244378529091543,0.00035610946322728857,0,0,-0.17663029376073514,0,0.47787577122525454,-25.845114627099182,15.002048070919047,0.84626937835953597,0.88513024998356815,-0.063223589284540582,-4.1859786658858995e-17,-25.607399211362328,15.088786446195027,0.68323467746466027,0.61026533855406773,0.00086129971383917207,0.017093254234909809,-25.611672524921055,15.088786446195027,0.68323467746466027,1.0518410729559056,0.00086129971383917207,1,1.8307835762794629,1.7616246212198707,1,1,1
1785069395.1255624,6,1,0.99999689969639094,1.1982846145052877,0.0024900999189997235,2,0,1,1,-0.035471407228781338,0.2274107533129722,-1.9791674523104474,1.6137174129985087e-05,0.54663870506617984,0.48383472184335202,-0.00071221892645457715,0,0.0021366567793637313,0.00035610946322728857,-0.14920986509223391,0.00035610946322728857,0.63716769496700609,-25.685822703357431,15.098215045732632,0.28850092444075093,1.0874457356940981,-0.031611794642270291,-3.7710974050318289e-16,-25.607361728087589,15.088841860415686,0.68325228576506924,0.61008746216678333,0.00086104645517715874,0.0085466271174545489,-25.607361728087589,15.071748606180776,0.68182784791216011,0.9831121248973681,-2.9227202891062698e-05,1,1.8307835762794629,1.7616246212198707,1,1,1
1785069395.1455624,6,1,0.99999689969639094,1.1982846145052877,0.0024900999189997235,2,0,1,1,-0.035485645911837206,0.22740695633082397,-1.9791076498416129,1.6137174129985087e-05,0.54416212345999571,0.48383472184335202,0,0,0.0039172040955001743,0,-0.09686177399782249,0,-0.59734471403156819,-24.73007116090692,15.002048070919047,0.55776845391878516,0.7144265589153086,0.13909189642598929,-1.7460240506442595e-16,-25.607660346723478,15.08927556912689,0.683284368912638,0.60995505711194298,0.00086085823982414876,-1.7460240506442595e-16,-25.607660346723478,15.057937936362888,0.683284368912638,0.85210949210649922,0.00086085823982414876,1,1.8307835762794629,1.7616246212198707,1,1,1
1785069395.1655626,6,1,0.99999689969639094,1.1982846145052877,0.0024900999189997235,2,0,1,1,-0.035487544402911325,0.22740363397144428,-1.979026963970963,1.6137174129985087e-05,0.54274774760977929,0.48383424722058349,0,0,0.0035610946322728858,0.00035610946322728857,-0.061606937138320925,0,-0.11946894280631364,-25.52653077961568,15.002048070919047,0.65393542873236876,0.64488061070231395,-0.10115774285526494,-1.816509092616054e-16,-25.608306291260753,15.090025187077458,0.68332673229497431,0.60988053835099143,0.00086075251692005407,-1.816509092616054e-16,-25.608306291260753,15.061536430019276,0.68190229444206518,0.76389788119679369,0.00086075251692005407,1,1.8307835762794629,1.7616246212198707,1,1,1
1785069395.1855626,6,1,0.99999689969639094,1.1982846145052877,0.0024900999189997235,2,0,1,1,-0.035488968271216913,0.22740078623483309,-1.9789809255624156,1.6137174129985087e-05,0.5418440658585002,0.48383424722058349,0,0,0.0014244378529091543,0,-0.031693742227228684,0,0.15929192374175152,-25.367238855873929,14.905881096105464,0.55776845391878516,0.54372286784704904,0,-1.6150131985722198e-17,-25.6086361881766,15.090452400037787,0.68335138261156014,0.60983208854730986,0.0008606836605367529,-1.6150131985722198e-17,-25.6086361881766,15.079056897214514,0.68335138261156014,0.68906644411538154,0.0008606836605367529,1,1.8307835762794629,1.7616246212198707,1,1,1
1785069395.2055626,6,1,0.99999689969639094,1.1982846145052877,0.0024900999189997235,2,0,1,1,-0.035494189121670731,0.22739698925268487,-1.9789742808436561,1.6137174129985087e-05,0.54158349795857774,0.48383424722058349,0,-0.00035610946322728857,0.00035610946322728857,0,0.0021366567793637313,-0.00035610946322728857,-0.11946894280631364,-24.889363084648675,15.194382020546215,0.84626937835953597,0.58165702141777342,-0.13276953749753523,-1.6887101576768542e-16,-25.608571734356364,15.090536751911504,0.68335664792677808,0.60981782712645316,0.00086066339319859338,-1.6887101576768542e-16,-25.604298420797637,15.087687876205685,0.68335664792677808,0.6044761851780438,0.0017509370512668147,1,1.8307835762794629,1.7616246212198707,1,1,1
1785069395.2255626,6,1,0.99999689969639094,1.1982846145052877,0.0024900999189997235,2,0,1,1,-0.035494189121670731,0.22738844604285133,-1.9789372602677109,1.6137174129985087e-05,0.5415934650367169,0.48383472184335202,0,-0.00071221892645457715,0.0042733135587274627,0,0.00071221892645457715,-0.00035610946322728857,-0.11946894280631364,-26.44245934113075,15.290548995359799,0.84626937835953597,0.68281476427303833,-0.031611794642270291,-2.6321036375678753e-16,-25.608731717919596,15.091020027021166,0.68337961596292984,0.60982099665762735,0.00086066770618764262,-2.6321036375678753e-16,-25.600185090802142,15.056833518551347,0.68337961596292984,0.60804044934149093,0.001750941364255864,1,1.8307835762794629,1.7616246212198707,1,1,1
1785069395.2455626,6,1,0.99999689969639094,1.1982846145052877,0.0024900999189997235,2,0,1,1,-0.035492765253365144,0.22736661339549902,-1.9787754139036426,1.5662551361456115e-05,0.54161672155237484,0.48383519646612055,0,-0.0014244378529091543,0.011039393360045946,0,0.0010683283896818657,0,0,-25.52653077961568,14.828947516254598,0.55776845391878516,0.58165702141777342,-0.063223589284540582,-1.3350788983440346e-16,-25.609879178266645,15.09296577826591,0.6834723125869927,0.60983279123881351,0.00086068443052314232,-1.3350788983440346e-16,-25.592785924031734,15.004650631385543,0.6834723125869927,0.60716197026460883,0.00086068443052314232,1,1.8307835762794629,1.7616246212198707,1,1,1
1785069395.2655625,6,1,0.99999689969639094,1.1982846145052877,0.0024900999189997235,2,0,1,1,-0.035491816007828081,0.2273272197057111,-1.9785333562916927,1.6137174129985087e-05,0.54163665570865305,0.48383567108888909,0,-0.0024927662425910197,0.011751612286500523,0,0.00071221892645457715,0.00035610946322728857,-0.59734471403156819,-26.004406550840933,14.828947516254598,0.84626937835953597,0.61326881606004369,-0.13276953749753523,-1.5626385232956583e-17,-25.611397883644873,15.095945730102471,0.68361400171710585,0.60984992238844071,0.00086070842999583848,-1.5626385232956583e-17,-25.581484688733781,15.001932831810468,0.68361400171710585,0.6080693750723043,-2.9565228072382953e-05,1,1.8307835762794629,1.7616246212198707,1,1,1
1785069395.2858448,6,1,0.99999689969639094,1.1982846145052877,0.0024900999189997235,2,0,1,1,-0.035491816007828081,0.22729447073468259,-1.9782856032065206,1.5662551361456115e-05,0.54164187655910678,0.48383567108888909,0,-0.00035610946322728857,0.011751612286500523,0,0.00035610946322728857,0,0,-25.685822703357431,14.828947516254598,0.75010240354595237,0.61326881606004369,-0.063223589284540582,-1.1348756271730324e-16,-25.613168685117614,15.098912113313693,0.68375540012272951,0.60986611207563568,0.00086073159214119458,-1.1348756271730324e-16,-25.608895371558887,15.004899215021689,0.68375540012272951,0.60897583841756742,0.00086073159214119458,1,1.8307835762794629,1.7616246212198707,1,1,1
1785069395.3064299,6,1,0.99999689969639094,1.1982846145052877,0.0024900999189997235,2,0,1,1,-0.035492290630596612,0.22728307978823792,-1.9780117458690794,1.6137174129985087e-05,0.54166703156583884,0.48383614571165756,-0.00035610946322728857,-0.00071221892645457715,0.016024925845227987,0,0.0021366567793637313,0.00035610946322728857,-0.59734471403156819,-26.004406550840933,14.905881096105464,0.4616014791052015,0.68281476427303833,0.069545948212994646,1.4992526742338156e-16,-25.615848969813165,15.101930272556844,0.68389889225925582,0.60988364381508564,0.00086075616183856291,0.0042733135587276127,-25.607302342695711,14.973730865795019,0.68389889225925582,0.60454200186667628,-2.9517496229658529e-05,1,1.8307835762794629,1.7616246212198707,1,1,1
1785069395.3264298,6,1,0.99999689969639094,1.1982846145052877,0.0024900999189997235,2,0,1,1,-0.035494663744439256,0.22727216346456175,-1.9776325222770248,1.6137174129985087e-05,0.54170974761500645,0.48383662033442609,-0.00035610946322728857,-0.00035610946322728857,0.023503224573001046,-0.00035610946322728857,0.0024927662425910197,0.00035610946322728857,0.15929192374175152,-24.570779237165169,15.002048070919047,0.84626937835953597,0.58165702141777342,-0.20231548571052987,2.5678803985774637e-16,-25.619699812027068,15.106056475058743,0.68409522427227298,0.60990799362631831,0.00086079057660177691,0.0042733135587277194,-25.615426498468342,14.918030678474734,0.68551966212518212,0.6036760780198408,-2.9483081466444527e-05,1,1.8307835762794629,1.7616246212198707,1,1,1
1785069395.3464298,6,1,0.99999689969639094,1.1982846145052877,0.0024900999189997235,2,0,1,1,-0.035496087612744844,0.22725887402704292,-1.9770363960797523,1.661179689851406e-05,0.54176005762847057,0.48383662033442609,0,-0.00071221892645457715,0.034186508469819701,0,0.0017805473161364429,0,-0.91592856151507118,-25.52653077961568,14.905881096105464,0.75010240354595237,0.41095333034951381,-0.13276953749753523,1.8383627143314954e-16,-25.625859568545891,15.112495857052179,0.68440157466967633,0.60994488585449447,0.00086084285520411348,1.8383627143314954e-16,-25.617312941428438,14.839003789293622,0.68440157466967633,0.60549351756415337,0.00086084285520411348,1,1.8307835762794629,1.7616246212198707,1,1,1
1785069395.3664298,6,1,0.99999689969639094,1.1982846145052877,0.0024900999189997235,2,0,1,1,-0.035494663744439256,0.22724416072121853,-1.9762485222839943,1.6137174129985087e-05,0.54178663650350811,0.48383662033442609,0,-0.00035610946322728857,0.044157573440183784,-0.00035610946322728857,0.0017805473161364429,0.00035610946322728857,0,-26.44245934113075,14.63661356662743,0.84626937835953597,0.68281476427303833,-0.031611794642270291,-1.8705306980235755e-16,-25.634069408036328,15.120962771521089,0.68480492369238921,0.60999087678526154,0.00086090837834086186,-1.8705306980235755e-16,-25.629796094477602,14.767702183999619,0.68622936154529834,0.60553950849492044,-2.9365279727359576e-05,1,1.8307835762794629,1.7616246212198707,1,1,1
1785069395.3864298,6,1,0.99999689969639094,1.1982846145052877,0.0024900999189997235,2,0,1,1,-0.035494663744439256,0.22722992203816267,-1.9753372465684187,1.6137174129985087e-05,0.54181511386961989,0.48383709495719462,0,-0.00071221892645457715,0.060894718211866344,0,0.0010683283896818657,0,0.47787577122525454,-24.889363084648675,14.540446591813847,0.65393542873236876,0.74603835355757886,-0.16438133213980552,2.1534078772131643e-16,-25.643633494207965,15.130714480032978,0.68526936412475226,0.61004327256347946,0.00086098266417800604,2.1534078772131643e-16,-25.635086867090511,14.643556734338047,0.68526936412475226,0.60737245158927478,0.00086098266417800604,1,1.8307835762794629,1.7616246212198707,1,1,1
1785069395.4064298,6,1,0.99999689969639094,1.1982846145052877,0.0024900999189997235,2,0,1,1,-0.035495612989976319,0.22720714014527327,-1.9737145113228181,1.661179689851406e-05,0.54187539096122306,0.48383804420273169,0,-0.0014244378529091543,0.079768519762912632,0.00035610946322728857,0.0049855324851820395,0,0.15929192374175152,-26.283167417388999,14.367346037149396,0.75010240354595237,0.61326881606004369,0.107480101783719,3.5254570342986335e-16,-25.660706993451122,15.148021279642704,0.6860935443774544,0.61013557541738739,0.00086111334284297465,3.5254570342986335e-16,-25.64361373921621,14.509873121539403,0.68466910652454527,0.59767174420443225,0.00086111334284297465,1,1.8307835762794629,1.7616246212198707,1,1,1
1785069395.42643,6,1,0.99999689969639094,1.1982846145052877,0.0024900999189997235,2,0,1,1,-0.035496087612744844,0.22715967786842037,-1.9719978007690488,1.661179689851406e-05,0.54200828533641121,0.48383851882550022,0,-0.003204985169045597,0.092588460439095022,0,0.0071221892645457717,0,0.95575154245050908,-25.207946932132177,14.175012087522228,0.84626937835953597,0.64488061070231395,0.107480101783719,1.0853604316412801e-16,-25.678046512069951,15.166535515065075,0.68697522087061658,0.61023614315981578,0.00086125613840500699,1.0853604316412801e-16,-25.639586690041405,14.425827831552315,0.68697522087061658,0.5924306699984514,0.00086125613840500699,1,1.8307835762794629,1.7616246212198707,1,1,1
1785069395.44643,6,1,0.99999689969639094,1.1982846145052877,0.0024900999189997235,2,0,1,1,-0.035496087612744844,0.22709465454913191,-1.9698994935093823,1.661179689851406e-05,0.5421236186691637,0.48383804420273169,0,-0.0021366567793637313,0.11253059037982319,0,0.0039172040955001743,-0.00035610946322728857,0,-26.004406550840933,14.001911532857777,0.84626937835953597,0.64488061070231395,-0.063223589284540582,-2.7104374116013585e-16,-25.69896284168485,15.189168477085133,0.68805346542715473,0.61035403685665257,0.00086142398065245729,-2.7104374116013585e-16,-25.673322960332484,14.288923754046547,0.68805346542715473,0.60056102661790212,0.0017516976387206788,1,1.8307835762794629,1.7616246212198707,1,1,1
1785069395.4664299,6,1,0.99999689969639094,1.1982846145052877,0.0024900999189997235,2,0,1,1,-0.035496087612744844,0.22707519501562221,-1.9675330243854967,1.661179689851406e-05,0.54214972292143282,0.48383804420273169,-0.00035610946322728857,-0.00035610946322728857,0.13104828246764219,0,0.0021366567793637313,-0.00035610946322728857,-0.43805279028981664,-26.163698474582684,13.809577583230611,0.55776845391878516,0.68281476427303833,0.107480101783719,3.5979089331010686e-16,-25.724028345589506,15.214037321833619,0.68923892304538548,0.61047537802772478,0.00086159657055200111,0.0042733135587278226,-25.719755032030779,14.165651062092481,0.68923892304538548,0.60513373607931542,0.0017518702286202226,1,1.8307835762794629,1.7616246212198707,1,1,1
1785069395.4924915,6,1,0.99999689969639094,1.1982846145052877,0.0024900999189997235,2,0,1,1,-0.035496087612744844,0.22705526085934399,-1.9653696938065417,1.661179689851406e-05,0.54221949246840662,0.48383851882550022,0,-0.0014244378529091543,0.13674603387927881,0,0.0053416419484093288,0,0,-25.845114627099182,14.001911532857777,0.75010240354595237,0.61326881606004369,-0.13276953749753523,9.352873384012172e-17,-25.746803561139661,15.23672069644307,0.69032024822760862,0.61058551234858782,0.00086175306446269488,9.352873384012172e-17,-25.729710306904749,14.14275242540884,0.69032024822760862,0.59723140747756454,0.00086175306446269488,1,1.8307835762794629,1.7616246212198707,1,1,1
1785069395.5124915,6,1,0.99999689969639094,1.1982846145052877,0.0024900999189997235,2,0,1,1,-0.035494663744439256,0.22701207018740785,-1.9610800532245769,1.661179689851406e-05,0.54233957202884442,0.48383851882550022,0.00035610946322728857,-0.0010683283896818657,0.14493655153350646,-0.00035610946322728857,0,0,0.47787577122525454,-26.283167417388999,13.905744558044194,0.65393542873236876,0.51211107320477878,-0.063223589284540582,-3.478660781888425e-16,-25.791627945337684,15.281516922191479,0.69245645906484588,0.6107940655758024,0.00086204987087969414,-0.0042733135587278105,-25.778808004661503,14.122024509923428,0.69388089691775501,0.6107940655758024,0.00086204987087969414,1,1.8307835762794629,1.7616246212198707,1,1,1
1785069395.5324914,6,1,0.99999689969639094,1.1982846145052877,0.0024900999189997235,2,0,1,1,-0.035494663744439256,0.22700969707356522,-1.9582038392472914,1.661179689851406e-05,0.54234147051991854,0.48383851882550022,0.00035610946322728857,0,0.15312706918773408,0,0.00071221892645457715,0.00035610946322728857,-0.11946894280631364,-25.367238855873929,14.078845112708645,0.65393542873236876,0.61326881606004369,-0.031611794642270291,-1.0997750788764979e-16,-25.82228857298529,15.311110816144655,0.69386850123106258,0.61092252299311078,0.00086223276327212768,-0.0042733135587275728,-25.82228857298529,14.086094262642783,0.69386850123106258,0.60914197567697437,-2.8040894796093756e-05,1,1.8307835762794629,1.7616246212198707,1,1,1
1785069395.5524914,6,1,0.99999689969639094,1.1982846145052877,0.0024900999189997235,2,0,1,1,-0.035494189121670731,0.22701017169633375,-1.9549113811020058,1.661179689851406e-05,0.54234194514268708,0.48383851882550022,0,0,0.16594700986391647,0,0.00035610946322728857,0.00035610946322728857,0,-25.52653077961568,13.809577583230611,0.75010240354595237,0.61326881606004369,-0.031611794642270291,-1.8248269020425731e-16,-25.857316316949913,15.344797067922883,0.69547627992863936,0.61106314433697939,0.00086243305111951944,-1.8248269020425731e-16,-25.857316316949913,14.017220989011552,0.69547627992863936,0.61017287067891113,-2.7840606948701996e-05,1,1.8307835762794629,1.7616246212198707,1,1,1
1785069395.5724914,6,1,0.99999689969639094,1.1982846145052877,0.0024900999189997235,2,0,1,1,-0.035494663744439256,0.22700874782802816,-1.9517712768654181,1.661179689851406e-05,0.54234858986144641,0.48383804420273169,0,-0.00035610946322728857,0.1648786814742346,0,0.0010683283896818657,0,0.31858384748350305,-25.367238855873929,13.713410608417027,0.92320295821040299,0.64488061070231395,0.17070369106825958,-2.0612582479822059e-16,-25.890505218482247,15.376787132695577,0.69700354961809241,0.61119140820835627,0.00086261600990742554,-2.0612582479822059e-16,-25.88623190492352,14.0577576809017,0.69700354961809241,0.60852058723415159,0.00086261600990742554,1,1.8307835762794629,1.7616246212198707,1,1,1
1785069395.5934155,6,1,0.99999689969639094,1.1982846145052877,0.0024900999189997235,2,0,1,1,-0.035494189121670731,0.22700732395972256,-1.9499710327043878,1.661179689851406e-05,0.54235333608913172,0.48383804420273169,0,0,0.16986421395941664,0,-0.00035610946322728857,0,-0.11946894280631364,-26.44245934113075,14.078845112708645,0.92320295821040299,0.68281476427303833,-0.13276953749753523,-2.4479813370077373e-17,-25.909442741056349,15.395064172972804,0.69787633671111449,0.61126227072468631,0.0008627170212684856,-2.4479813370077373e-17,-25.909442741056349,14.036150461297471,0.69787633671111449,0.61215254438275457,0.0008627170212684856,1,1.8307835762794629,1.7616246212198707,1,1,1
1785069395.6134155,6,1,0.99999689969639094,1.1982846145052877,0.0024900999189997235,2,0,1,1,-0.035494189121670731,0.22700969707356522,-1.9450112247732601,1.661179689851406e-05,0.54234811523867787,0.48383756957996316,0,0.00035610946322728857,0.16452257201100731,0,-0.00035610946322728857,-0.00035610946322728857,0.47787577122525454,-26.44245934113075,13.905744558044194,0.75010240354595237,0.51211107320477878,-0.063223589284540582,-1.7697799200084378e-18,-25.961529987281601,15.445092301946065,0.7002661803602741,0.6114463073252393,0.00086297969289505561,-1.7697799200084378e-18,-25.965803300840328,14.128911725858007,0.7002661803602741,0.61233658098330757,0.0017532533509632771,1,1.8307835762794629,1.7616246212198707,1,1,1
1785069395.6334157,6,1,0.99999689969639094,1.1982846145052877,0.0024900999189997235,2,0,1,1,-0.035494663744439256,0.22701301943294491,-1.941832201469653,1.661179689851406e-05,0.54233909740607589,0.48383709495719462,-0.00035610946322728857,0,0.15526372596709781,0,0,-0.00035610946322728857,0.15929192374175152,-25.845114627099182,14.367346037149396,0.84626937835953597,0.61326881606004369,-0.10115774285526494,1.9642867680874038e-16,-25.99475879671764,15.476937787019409,0.7017880592879685,0.61155612929835357,0.00086313663368106489,0.0042733135587276596,-25.99475879671764,14.234827979282628,0.7017880592879685,0.61155612929835357,0.0017534102917492864,1,1.8307835762794629,1.7616246212198707,1,1,1
1785069395.6534157,6,1,0.99999689969639094,1.1982846145052877,0.0024900999189997235,2,0,1,1,-0.035492765253365144,0.22701017169633375,-1.9387276939407048,1.661179689851406e-05,0.54234431825652973,0.48383756957996316,0.00035610946322728857,0,0.14920986509223391,0,0,0,0,-26.163698474582684,14.444279617000262,0.84626937835953597,0.48049927856250846,0,-1.0478173245794808e-16,-26.026870012654406,15.507945770400655,0.70327033416415119,0.61165809854097819,0.00086328207816910958,-0.0042733135587275676,-26.026870012654406,14.314266849662783,0.70327033416415119,0.61165809854097819,0.00086328207816910958,1,1.8307835762794629,1.7616246212198707,1,1,1
1785069395.6734157,6,1,0.99999689969639094,1.1982846145052877,0.0024900999189997235,2,0,1,1,-0.035491816007828081,0.22700969707356522,-1.9359231480014671,1.6137174129985087e-05,0.54234052127438148,0.48383709495719462,0,0,0.13923880012186982,0,0,0,0,-26.163698474582684,14.444279617000262,0.75010240354595237,0.61326881606004369,0.17070369106825958,-3.1296488187485295e-16,-26.055804671805699,15.535805703343936,0.70460268250065261,0.61174480141673637,0.00086340634668413587,-3.1296488187485295e-16,-26.055804671805699,14.421895302368977,0.70460268250065261,0.61174480141673637,0.00086340634668413587,1,1.8307835762794629,1.7616246212198707,1,1,1
1785069395.6934156,6,1,0.99999689969639094,1.1982846145052877,0.0024900999189997235,2,0,1,1,-0.035490866762291025,0.22701396867848198,-1.9330701905398395,1.5662551361456115e-05,0.54233340193285351,0.48383709495719462,0.00035610946322728857,0.00035610946322728857,0.12641885944568745,-0.00035610946322728857,-0.0010683283896818657,0.00035610946322728857,0,-25.845114627099182,14.828947516254598,0.75010240354595237,0.58165702141777342,-0.10115774285526494,-2.2632922508025172e-16,-26.085248422463348,15.563972516532724,0.70595009558699051,0.61182784853097327,0.00086352528668811094,-0.0042733135587276891,-26.089521736022075,14.552621640967224,0.70737453343989964,0.61449866950517795,-2.6748371380110498e-05,1,1.8307835762794629,1.7616246212198707,1,1,1
1785069395.7134156,6,1,0.99999689969639094,1.1982846145052877,0.0024900999189997235,2,0,1,1,-0.035488968271216913,0.22701491792401904,-1.9307279271771491,1.5662551361456115e-05,0.54232533334578858,0.48383614571165756,0.00035610946322728857,0,0.11751612286500522,0,-0.00035610946322728857,0,0,-25.845114627099182,14.540446591813847,0.84626937835953597,0.61326881606004369,0,-4.1767784172044914e-16,-26.109246160247526,15.587027129302323,0.70705313396450764,0.61189234590182418,0.00086361798941407932,-0.0042733135587278807,-26.109246160247526,14.646898146382281,0.70705313396450764,0.61278261955989244,0.00086361798941407932,1,1.8307835762794629,1.7616246212198707,1,1,1
1785069395.7334156,6,1,0.99999689969639094,1.1982846145052877,0.0024900999189997235,2,0,1,1,-0.035488493648448381,0.2270158671695561,-1.9286898970090856,1.5187928592927141e-05,0.5423224856091774,0.48383567108888909,0,0,0.094369007755231465,-0.00035610946322728857,0.00035610946322728857,-0.00035610946322728857,0,-25.367238855873929,15.194382020546215,0.84626937835953597,0.51211107320477878,-0.13276953749753523,2.0786631577953098e-16,-26.130057227201611,15.607015449666353,0.70800981416863118,0.61194585960528602,0.00086369499313397634,2.0786631577953098e-16,-26.130057227201611,14.852063387624501,0.70943425202154031,0.61105558594721776,0.0017539686512021977,1,1.8307835762794629,1.7616246212198707,1,1,1
1785069395.7534156,6,1,0.99999689969639094,1.1982846145052877,0.0024900999189997235,2,0,1,1,-0.035488493648448381,0.22701634179232463,-1.9270600424219571,1.5662551361456115e-05,0.54232153636364033,0.48383567108888909,0.00035610946322728857,0,0.076207425130639758,0.00035610946322728857,-0.00035610946322728857,0,-0.75663663777331969,-26.004406550840933,15.002048070919047,0.84626937835953597,0.51211107320477878,-0.063223589284540582,-2.1865239896539199e-16,-26.146643518767331,15.62295688606868,0.70877268473128685,0.61198687311396138,0.00086375361833768204,-0.0042733135587276812,-26.146643518767331,15.013297485023562,0.70734824687837772,0.61287714677202965,0.00086375361833768204,1,1.8307835762794629,1.7616246212198707,1,1,1
1785069395.7734156,6,1,0.99999689969639094,1.1982846145052877,0.0024900999189997235,2,0,1,1,-0.035489442893985437,0.22702346113385255,-1.9257719162281695,1.5662551361456115e-05,0.54230207683013065,0.48383614571165756,0,0.00071221892645457715,0.053060310020865996,0,-0.0014244378529091543,0,-0.27876086654806514,-26.601751264872501,15.732917079502283,0.75010240354595237,0.51211107320477878,-0.063223589284540582,-1.8119811918375976e-16,-26.159922057226144,15.63545935021094,0.70937122522029361,0.61201753075030019,0.00086379739291806464,-1.8119811918375976e-16,-26.168468684343598,15.210976870044012,0.70937122522029361,0.61557862538257302,0.00086379739291806464,1,1.8307835762794629,1.7616246212198707,1,1,1
1785069395.7937181,6,1,0.99999689969639094,1.1982846145052877,0.0024900999189997235,2,0,1,1,-0.035489917516753969,0.22703152972091756,-1.9250362509369496,1.5662551361456115e-05,0.54229021126091737,0.48383614571165756,0,0.00035610946322728857,0.034542617933046992,0.00035610946322728857,-0.00071221892645457715,0.00035610946322728857,-0.91592856151507118,-26.283167417388999,15.290548995359799,0.84626937835953597,0.58165702141777342,-0.13276953749753523,-3.6203206765462572e-16,-26.167613339847858,15.642549025089922,0.70971067091530704,0.6120344911023321,0.00086382172572415034,-3.6203206765462572e-16,-26.171886653406585,15.366208081625546,0.70828623306239791,0.61381503841846852,-2.6451932344071096e-05,1,1.8307835762794629,1.7616246212198707,1,1,1
1785069395.8137181,6,1,0.99999689969639094,1.1982846145052877,0.0024900999189997235,2,0,1,1,-0.0354903921395225,0.22703390283476019,-1.9246029203492827,1.5662551361456115e-05,0.5422830919193895,0.48383614571165756,0,0,0.0039172040955001743,0,0,0,0,-26.283167417388999,15.655983499651416,0.84626937835953597,0.61326881606004369,0,-1.0213867569104022e-16,-26.172068407050126,15.646744309873275,0.70991154835112058,0.61204438679631767,0.00086383592640299997,-1.0213867569104022e-16,-26.172068407050126,15.615406677109274,0.70991154835112058,0.61204438679631767,0.00086383592640299997,1,1.8307835762794629,1.7616246212198707,1,1,1
1785069395.8337181,6,1,0.99999689969639094,1.1982846145052877,0.0024900999189997235,2,0,1,1,-0.035492290630596612,0.22703532670306578,-1.9246095650680421,1.5662551361456115e-05,0.54227787106893566,0.48383662033442609,0,0.00035610946322728857,-0.00071221892645457715,0,-0.0010683283896818657,0.00035610946322728857,0.31858384748350305,-25.52653077961568,15.92525102912945,0.4616014791052015,0.61326881606004369,-0.031611794642270291,-4.0992023160046465e-18,-26.17204362652366,15.646665571730919,0.70990778850877523,0.61204407820245699,0.00086383529168736358,-4.0992023160046465e-18,-26.176316940082387,15.652363323142556,0.70990778850877523,0.61471489917666167,-2.6438366380857856e-05,1,1.8307835762794629,1.7616246212198707,1,1,1
1785069395.8537183,6,1,0.99999689969639094,1.1982846145052877,0.0024900999189997235,2,0,1,1,-0.0354937144989022,0.22705573548211253,-1.9246484841350615,1.6137174129985087e-05,0.54224891908005535,0.48383662033442609,0.00035610946322728857,0.0017805473161364429,-0.00071221892645457715,0.00035610946322728857,-0.0024927662425910197,-0.00035610946322728857,0.15929192374175152,-26.601751264872501,15.92525102912945,0.84626937835953597,0.61326881606004369,0.069545948212994646,-7.3194464156729334e-17,-26.172260407693081,15.646087355924863,0.70988001692560609,0.612042025405659,0.00086383218504410789,-0.0042733135587275364,-26.193626975486719,15.651785107336499,0.70845557907269696,0.61827394101213651,0.0017541058431123292,1,1.8307835762794629,1.7616246212198707,1,1,1
1785069395.8737183,6,1,0.99999689969639094,1.1982846145052877,0.0024900999189997235,2,0,1,1,-0.035495138367207787,0.22707424577008517,-1.9246423140390705,1.6137174129985087e-05,0.54211555008209877,0.48383662033442609,0,0,0.00071221892645457715,0,-0.012107721749727811,0,0.79645961870875759,-26.283167417388999,15.655983499651416,1.0193699330239865,0.64488061070231395,0,-1.9596286609669387e-16,-26.172871514498059,15.645961764511441,0.70987426694553546,0.61203862675840148,0.00086382730725749707,-1.9596286609669387e-16,-26.172871514498059,15.640264013099804,0.70987426694553546,0.642307931132721,0.00086382730725749707,1,1.8307835762794629,1.7616246212198707,1,1,1
1785069395.893889,6,1,0.99999689969639094,1.1982846145052877,0.0024900999189997235,2,0,1,1,-0.035495612989976319,0.22707092341070545,-1.9246366185658481,1.6137174129985087e-05,0.5420400850619026,0.48383709495719462,-0.00035610946322728857,0,0.00035610946322728857,0,-0.0049855324851820395,0,-0.11946894280631364,-26.163698474582684,15.655983499651416,0.4616014791052015,0.61326881606004369,-0.13276953749753523,2.9788269729587182e-16,-26.172826391206353,15.646046429991236,0.70987846973630508,0.61203707258861506,0.00086382488496751769,0.004273313558727761,-26.172826391206353,15.643197554285416,0.70987846973630508,0.6245009038015702,0.00086382488496751769,1,1.8307835762794629,1.7616246212198707,1,1,1
1785069395.9138889,6,1,0.99999689969639094,1.1982846145052877,0.0024900999189997235,2,0,1,1,-0.035494663744439256,0.22707139803347398,-1.9246366185658481,1.6137174129985087e-05,0.54203533883421728,0.48383851882550022,0,0,0,0,0,0,-0.43805279028981664,-26.283167417388999,15.732917079502283,0.65393542873236876,0.68281476427303833,0.107480101783719,6.0120960702367463e-17,-26.172840402872552,15.646041614607693,0.70987824810096711,0.61203695040736483,0.0008638241341981332,6.0120960702367463e-17,-26.172840402872552,15.646041614607693,0.70987824810096711,0.61203695040736483,0.0008638241341981332,1,1.8307835762794629,1.7616246212198707,1,1,1
1785069395.9338889,6,1,0.99999689969639094,1.1982846145052877,0.0024900999189997235,2,0,1,1,-0.035494663744439256,0.22707234727901104,-1.9246399409252279,1.6137174129985087e-05,0.54203344034314327,0.48383851882550022,0,0,-0.00035610946322728857,0,0,0,-0.11946894280631364,-26.601751264872501,15.463649550024249,0.38466789925433453,0.41095333034951381,0,-5.9457542602393056e-17,-26.172835143727138,15.645999958634542,0.70987625746622052,0.61203680593329945,0.00086382392687330163,-5.9457542602393056e-17,-26.172835143727138,15.648848834340361,0.70987625746622052,0.61203680593329945,0.00086382392687330163,1,1.8307835762794629,1.7616246212198707,1,1,1
1785069395.9538889,6,1,0.99999689969639094,1.1982846145052877,0.0024900999189997235,2,0,1,1,-0.035496087612744844,0.22707234727901104,-1.9246380424341538,1.661179689851406e-05,0.5420339149659118,0.48383851882550022,0,0,0,0,0,0,-0.11946894280631364,-25.685822703357431,15.463649550024249,0.75010240354595237,0.58165702141777342,0.069545948212994646,-5.8037043878037516e-17,-26.172854773472398,15.646018846852433,0.70987701687473004,0.61203686150005931,0.00086382384616877307,-5.8037043878037516e-17,-26.172854773472398,15.646018846852433,0.70987701687473004,0.61203686150005931,0.00086382384616877307,1,1.8307835762794629,1.7616246212198707,1,1,1
1785069395.9738889,6,1,0.99999689969639094,1.1982846145052877,0.0024900999189997235,2,0,1,1,-0.035497511481050431,0.22707187265624251,-1.9246375678113852,1.661179689851406e-05,0.54203628807975435,0.48383804420273169,0,-0.00035610946322728857,0,0.00035610946322728857,0.00035610946322728857,0,0.15929192374175152,-25.845114627099182,15.655983499651416,0.75010240354595237,0.68281476427303833,0,-1.0677795942061819e-16,-26.172845461285675,15.64602818418575,0.70987745938641134,0.61203693927590863,0.00086382414959280127,-1.0677795942061819e-16,-26.168572147726948,15.64602818418575,0.7084530215335022,0.61114666561784037,0.00086382414959280127,1,1.8307835762794629,1.7616246212198707,1,1,1
1785069395.9944263,6,1,0.99999689969639094,1.1982846145052877,0.0024900999189997235,2,0,1,1,-0.035497986103818963,0.22707092341070545,-1.9246332962064685,1.661179689851406e-05,0.54203676270252288,0.48383804420273169,0,0,-0.00035610946322728857,0,0,-0.00035610946322728857,0.47787577122525454,-26.283167417388999,15.655983499651416,0.84626937835953597,0.68281476427303833,0.069545948212994646,2.3360322352740653e-16,-26.172860261293945,15.646079020613927,0.70987989238238025,0.61203707261756035,0.00086382434093784308,2.3360322352740653e-16,-26.172860261293945,15.648927896319746,0.70987989238238025,0.61203707261756035,0.0017540979990060645,1,1.8307835762794629,1.7616246212198707,1,1,1
1785069396.0144262,6,1,0.99999689969639094,1.1982846145052877,0.0024900999189997235,2,0,1,1,-0.035498460726587487,0.22707329652454811,-1.9246418394163021,1.7086419667043035e-05,0.54202727024715236,0.48383899344826875,0,0.00035610946322728857,-0.00071221892645457715,0.00035610946322728857,-0.0014244378529091543,0,0.95575154245050908,-26.44245934113075,15.732917079502283,0.92320295821040299,0.7144265589153086,0,1.2768025109685589e-17,-26.172844914454441,15.64597276477584,0.70987467959946193,0.61203659474694727,0.00086382311111144318,1.2768025109685589e-17,-26.177118228013168,15.651670516187476,0.7084502417465528,0.6155976893792201,0.00086382311111144318,1,1.8307835762794629,1.7616246212198707,1,1,1
1785069396.0344262,6,1,0.99999689969639094,1.1982846145052877,0.0024900999189997235,2,0,1,1,-0.035497986103818963,0.22709228143528926,-1.9246845554654697,1.661179689851406e-05,0.54197031551492891,0.48383946807103728,0,0.0021366567793637313,-0.0021366567793637313,-0.00035610946322728857,-0.0042733135587274627,0,0.15929192374175152,-26.004406550840933,15.732917079502283,0.65393542873236876,0.61326881606004369,-0.031611794642270291,7.8773659083981795e-17,-26.172978522731768,15.645369417865201,0.70984604976106958,0.6120338112312238,0.0008638190853675179,7.8773659083981795e-17,-26.198618404084133,15.66246267210011,0.71127048761397871,0.62271709512804241,0.0008638190853675179,1,1.8307835762794629,1.7616246212198707,1,1,1
1785069396.0544262,6,1,0.99999689969639094,1.1982846145052877,0.0024900999189997235,2,0,1,1,-0.035497986103818963,0.22713120050230864,-1.9246959464119142,1.7086419667043035e-05,0.54189485049473274,0.48383946807103728,0,0.0014244378529091543,0,0,-0.0035610946322728858,-0.00035610946322728857,-0.27876086654806514,-26.761043188614252,15.463649550024249,0.65393542873236876,0.51211107320477878,-0.13276953749753523,-4.2392691525763918e-17,-26.174025982597058,15.644876907822445,0.7098224762262314,0.61203085127340817,0.00086381467747534727,-4.2392691525763918e-17,-26.19111923683197,15.644876907822445,0.7098224762262314,0.62093358785409036,0.0017540883355435686,1,1.8307835762794629,1.7616246212198707,1,1,1
1785069396.0744262,6,1,0.99999689969639094,1.1982846145052877,0.0024900999189997235,2,0,1,1,-0.035497986103818963,0.22713594672999393,-1.9246945225436087,1.7086419667043035e-05,0.54184359123573167,0.48383946807103728,0,0,0.00035610946322728857,0,-0.0021366567793637313,0,0.63716769496700609,-26.004406550840933,15.655983499651416,0.92320295821040299,0.61326881606004369,-0.063223589284540582,2.903295344687086e-16,-26.174180312277194,15.644842432739082,0.70982092799158547,0.61202956375226658,0.00086381282995464672,2.903295344687086e-16,-26.174180312277194,15.641993557033263,0.70982092799158547,0.61737120570067594,0.00086381282995464672,1,1.8307835762794629,1.7616246212198707,1,1,1
1785069396.0944262,6,1,0.99999689969639094,1.1982846145052877,0.0024900999189997235,2,0,1,1,-0.035497511481050431,0.22713784522106803,-1.9246959464119142,1.7086419667043035e-05,0.54179375584503608,0.48383994269380581,0,0,-0.00035610946322728857,0,-0.0024927662425910197,0,0.15929192374175152,-25.685822703357431,15.732917079502283,0.55776845391878516,0.61326881606004369,0.069545948212994646,1.0579976977680185e-17,-26.17422060511722,15.644808013602292,0.70981937958583885,0.61202830808212894,0.00086381083638106002,1.0579976977680185e-17,-26.17422060511722,15.647656889308111,0.70981937958583885,0.61826022368860645,0.00086381083638106002,1,1.8307835762794629,1.7616246212198707,1,1,1
1785069396.1144261,6,1,0.99999689969639094,1.1982846145052877,0.0024900999189997235,2,0,1,1,-0.035497511481050431,0.22714069295767922,-1.9246968956574513,1.7086419667043035e-05,0.54174486969987756,0.48383994269380581,0,0,0,-0.00035610946322728857,-0.0024927662425910197,0,0.15929192374175152,-25.685822703357431,15.732917079502283,0.65393542873236876,0.74603835355757886,0.069545948212994646,4.2739672371998093e-16,-26.174294165025735,15.644769009965374,0.70981761009890898,0.61202706190105527,0.00086380904826973521,4.2739672371998093e-16,-26.174294165025735,15.644769009965374,0.71124204795181811,0.61825897750753278,0.00086380904826973521,1,1.8307835762794629,1.7616246212198707,1,1,1
1785069396.1344261,6,1,0.99999689969639094,1.1982846145052877,0.0024900999189997235,2,0,1,1,-0.035497511481050431,0.22714496456259597,-1.9246964210346829,1.661179689851406e-05,0.54169693280025621,0.48383946807103728,0,0.00035610946322728857,0,0,-0.0014244378529091543,0,0.63716769496700609,-26.44245934113075,15.290548995359799,0.75010240354595237,0.58165702141777342,-0.063223589284540582,3.135987682642866e-17,-26.174424404991001,15.644729653011501,0.70981596599298458,0.61202583650754483,0.00086380764225582325,3.135987682642866e-17,-26.178697718549728,15.644729653011501,0.70981596599298458,0.61558693113981766,0.00086380764225582325,1,1.8307835762794629,1.7616246212198707,1,1,1
1785069396.1544261,6,1,0.99999689969639094,1.1982846145052877,0.0024900999189997235,2,0,1,1,-0.035497986103818963,0.22714591380813304,-1.9246940479208401,1.661179689851406e-05,0.54168649109934852,0.48383899344826875,0.00035610946322728857,0.00035610946322728857,0,-0.00035610946322728857,-0.00035610946322728857,0,0.47787577122525454,-26.601751264872501,15.732917079502283,0.84626937835953597,0.44256512499178408,-0.031611794642270291,-5.6809780339883182e-17,-26.174476390265831,15.644743079638218,0.70981662989705274,0.61202562272532668,0.00086380752731274226,-0.0042733135587275199,-26.178749703824558,15.644743079638218,0.71124106774996187,0.61291589638339494,0.00086380752731274226,1,1.8307835762794629,1.7616246212198707,1,1,1
1785069396.1744261,6,1,0.99999689969639094,1.1982846145052877,0.0024900999189997235,2,0,1,1,-0.035497986103818963,0.22714591380813304,-1.9246902509386921,1.661179689851406e-05,0.54168079562612614,0.48383899344826875,0,0,0,-0.00035610946322728857,-0.00035610946322728857,0.00035610946322728857,0.47787577122525454,-26.920335112356007,15.463649550024249,0.84626937835953597,0.68281476427303833,-0.031611794642270291,-2.1140368461909294e-16,-26.17451456138145,15.644779808816896,0.70981839973894867,0.61202557771559973,0.00086380746271766244,-2.1140368461909294e-16,-26.17451456138145,15.644779808816896,0.7112428375918578,0.612915851373668,-2.6466195350558999e-05,1,1.8307835762794629,1.7616246212198707,1,1,1
1785069396.1944261,6,1,0.99999689969639094,1.1982846145052877,0.0024900999189997235,2,0,1,1,-0.035497986103818963,0.2271487615447442,-1.9246935732980717,1.7086419667043035e-05,0.54166608232030178,0.48383851882550022,0,0.00035610946322728857,0,0.00035610946322728857,-0.0017805473161364429,0,0,-26.601751264872501,15.732917079502283,0.75010240354595237,0.64488061070231395,-0.063223589284540582,1.1749256859992677e-16,-26.174565992154097,15.644719512188436,0.70981539881227129,0.61202508244381759,0.00086380678348389295,1.1749256859992677e-16,-26.178839305712824,15.644719512188436,0.70839096095936216,0.61647645073415869,0.00086380678348389295,1,1.8307835762794629,1.7616246212198707,1,1,1
1785069396.214426,6,1,0.99999689969639094,1.1982846145052877,0.0024900999189997235,2,0,1,1,-0.035497511481050431,0.22715350777242949,-1.9246964210346829,1.661179689851406e-05,0.54159631277332798,0.48383804420273169,0,0,-0.00035610946322728857,-0.00035610946322728857,-0.0028488757058183086,-0.00035610946322728857,-0.43805279028981664,-26.163698474582684,15.367482575210666,0.84626937835953597,0.58165702141777342,0,9.9468401629215923e-17,-26.174675873391205,15.644642268473412,0.70981198498073617,0.61202324541902564,0.00086380449998888539,9.9468401629215923e-17,-26.174675873391205,15.647491144179231,0.7112364228336453,0.61914543468357142,0.0017540781580571067,1,1.8307835762794629,1.7616246212198707,1,1,1
1785069396.2344263,6,1,0.99999689969639094,1.1982846145052877,0.0024900999189997235,2,0,1,1,-0.035494663744439256,0.2271587286228833,-1.924699268771294,1.5662551361456115e-05,0.54153603568172481,0.48383662033442609,0.00035610946322728857,0.00035610946322728857,0,0,-0.0017805473161364429,0,0,-26.601751264872501,15.290548995359799,0.65393542873236876,0.74603835355757886,-0.13276953749753523,-1.6882489890521744e-16,-26.174799968759807,15.644560404763812,0.70980847531228364,0.61202161944724676,0.00086380306341205101,-0.0042733135587276318,-26.179073282318534,15.644560404763812,0.70980847531228364,0.61647298773758785,0.00086380306341205101,1,1.8307835762794629,1.7616246212198707,1,1,1
1785069396.2545943,6,1,0.99999689969639094,1.1982846145052877,0.0024900999189997235,2,0,1,1,-0.035486595157374262,0.2271587286228833,-1.9246916748069975,1.3289437518811249e-05,0.54153461181341922,0.48383472184335202,0.00035610946322728857,0,0.00071221892645457715,0,0.00071221892645457715,0,-0.27876086654806514,-26.163698474582684,15.559816524837833,0.65393542873236876,0.58165702141777342,0,3.1447474272772757e-17,-26.174874721383048,15.644632333571035,0.7098126416868854,0.61202176629781313,0.00086380484341949475,-0.0042733135587274314,-26.174874721383048,15.638934582159399,0.7098126416868854,0.61024121898167671,0.00086380484341949475,1,1.8307835762794629,1.7616246212198707,1,1,1
1785069396.2745943,6,1,0.99999689969639094,1.1982846145052877,0.0024900999189997235,2,0,1,1,-0.035485171289068682,0.22715398239519802,-1.9246688929141083,1.0916323676166383e-05,0.54154125653217866,0.4838328233522779,0,-0.00035610946322728857,0.0010683283896818657,0,0.00035610946322728857,0,0.15929192374175152,-26.44245934113075,15.655983499651416,0.38466789925433453,0.64488061070231395,-0.13276953749753523,-7.8860595201804245e-17,-26.174961365317522,15.644898678391177,0.70982609942680153,0.61202257943618588,0.00086380757934393108,-7.8860595201804245e-17,-26.170688051758795,15.636352051273722,0.70982609942680153,0.61113230577811761,0.00086380757934393108,1,1.8307835762794629,1.7616246212198707,1,1,1
1785069396.3004515,6,1,0.99999689969639094,1.1982846145052877,0.0024900999189997235,2,0,1,1,-0.035486595157374262,0.22715303314966098,-1.92466509593196,1.0916323676166383e-05,0.54154268040048426,0.48383045023843524,0,-0.00035610946322728857,-0.00035610946322728857,0,0,-0.00035610946322728857,0.47787577122525454,-26.761043188614252,15.559816524837833,0.4616014791052015,0.51211107320477878,0,-7.2251113702423786e-17,-26.174971418025859,15.644944946157104,0.70982831242862787,0.6120227261055402,0.00086380874876813699,-7.2251113702423786e-17,-26.170698104467132,15.647793821862923,0.70982831242862787,0.6120227261055402,0.0017540824068363583,1,1.8307835762794629,1.7616246212198707,1,1,1
1785069396.3204515,6,1,0.99999689969639094,1.1982846145052877,0.0024900999189997235,2,0,1,1,-0.035486120534605738,0.2271582540001148,-1.9246836062199326,1.044170090763741e-05,0.54153461181341922,0.48382522938798145,0,0.00035610946322728857,-0.00071221892645457715,0,-0.00071221892645457715,-0.00035610946322728857,0,-26.44245934113075,15.559816524837833,0.55776845391878516,0.74603835355757886,0.069545948212994646,-1.30524636331561e-16,-26.174939718778617,15.644713173043403,0.70981737824191637,0.61202196935092701,0.00086380993325989568,-1.30524636331561e-16,-26.179213032337344,15.65041092445504,0.70981737824191637,0.61380251666706342,0.0017540835913281171,1,1.8307835762794629,1.7616246212198707,1,1,1
1785069396.3404517,6,1,0.99999689969639094,1.1982846145052877,0.0024900999189997235,2,0,1,1,-0.035485171289068682,0.22715920324565184,-1.9246864539565438,9.0178326020504897e-06,0.54153081483127108,0.48381858466922201,0,0,0,0,0,-0.00035610946322728857,0.63716769496700609,-26.163698474582684,15.732917079502283,0.75010240354595237,0.51211107320477878,0,1.1945433894130546e-16,-26.174937949885031,15.644674876215985,0.70981598628265685,0.61202178836171972,0.00086381283999198649,1.1945433894130546e-16,-26.174937949885031,15.644674876215985,0.70981598628265685,0.61202178836171972,0.0017540864980602078,1,1.8307835762794629,1.7616246212198707,1,1,1
1785069396.3604517,6,1,0.99999689969639094,1.1982846145052877,0.0024900999189997235,2,0,1,1,-0.035486120534605738,0.22715920324565184,-1.9246869285793122,8.5432098335215175e-06,0.54152749247189136,0.48380956683661996,-0.00035610946322728857,0,0,0.00035610946322728857,0,-0.00035610946322728857,-0.43805279028981664,-26.283167417388999,15.655983499651416,0.84626937835953597,0.68281476427303833,-0.10115774285526494,1.6812448507040351e-16,-26.17493259704808,15.644669725587613,0.70981589331339034,0.6120216976583146,0.00086381651431497147,0.0042733135587276309,-26.17493259704808,15.644669725587613,0.70839145546048121,0.6120216976583146,0.0017540901723831928,1,1.8307835762794629,1.7616246212198707,1,1,1
1785069396.3804517,6,1,0.99999689969639094,1.1982846145052877,0.0024900999189997235,2,0,1,1,-0.035483747420763094,0.22715920324565184,-1.9246855047110067,6.6447187594056247e-06,0.54152891634019695,0.48379817589017526,0,0,0,0,0,-0.00071221892645457715,-0.59734471403156819,-25.685822703357431,15.463649550024249,0.84626937835953597,0.48049927856250846,-0.063223589284540582,4.0326605220512805e-17,-26.174945445609534,15.64468208879452,0.70981706165344405,0.61202176507210748,0.00086382185558567573,4.0326605220512805e-17,-26.174945445609534,15.64468208879452,0.70981706165344405,0.61202176507210748,0.0026443691717221184,1,1.8307835762794629,1.7616246212198707,1,1,1
1785069396.4004517,6,1,0.99999689969639094,1.1982846145052877,0.0024900999189997235,2,0,1,1,-0.035477102702003688,0.22715777937734627,-1.9246826569743956,9.4924553705794633e-07,0.54153081483127108,0.4837858356981935,0,0,0,-0.00035610946322728857,0,-0.00035610946322728857,-0.27876086654806514,-25.685822703357431,15.367482575210666,0.75010240354595237,0.64488061070231395,0,1.7905635667015657e-16,-26.17492684190632,15.644719080023995,0.70982055929197274,0.61202191153417496,0.00086382897697623556,1.7905635667015657e-16,-26.17492684190632,15.644719080023995,0.71124499714488187,0.61202191153417496,0.0017541026350444569,1,1.8307835762794629,1.7616246212198707,1,1,1
1785069396.4204516,6,1,0.99999689969639094,1.1982846145052877,0.0024900999189997235,2,0,1,1,-0.035469034114938694,0.22715777937734627,-1.9246812331060899,-4.7462276852897318e-06,0.54153318794511374,0.4837744447517488,0.00035610946322728857,0.00035610946322728857,-0.00035610946322728857,-0.00035610946322728857,0,-0.00071221892645457715,0.79645961870875759,-26.761043188614252,15.463649550024249,0.75010240354595237,0.64488061070231395,-0.16438133213980552,1.2599889784558367e-16,-26.174936491525923,15.644728365146115,0.70982272922560996,0.61202200151079178,0.00086383563355559717,-0.0042733135587273369,-26.17920980508465,15.647577240851934,0.71124716707851909,0.61202200151079178,0.0026443829496920401,1,1.8307835762794629,1.7616246212198707,1,1,1
1785069396.4404516,6,1,0.99999689969639094,1.1982846145052877,0.0024900999189997235,2,0,1,1,-0.035464762510021931,0.22715635550904067,-1.9246760122556361,-1.044170090763741e-05,0.54153556105895628,0.4837592568231559,0,0,0,-0.00035610946322728857,0,-0.0010683283896818657,-0.11946894280631364,-26.163698474582684,15.732917079502283,0.55776845391878516,0.68281476427303833,0.107480101783719,1.6115075739992306e-17,-26.174941919701162,15.644788480453405,0.70982733393198727,0.61202221557519554,0.0008638440020966512,1.6115075739992306e-17,-26.174941919701162,15.644788480453405,0.7112517717848964,0.61202221557519554,0.0035346649763013153,1,1.8307835762794629,1.7616246212198707,1,1,1
1785069396.4604516,6,1,0.99999689969639094,1.1982846145052877,0.0024900999189997235,2,0,1,1,-0.035460016282336644,0.22715445701796655,-1.9246679436685712,-1.7086419667043035e-05,0.54153935804110453,0.48372318549274768,0.00035610946322728857,0,0,-0.00035610946322728857,0,-0.003204985169045597,-0.43805279028981664,-25.845114627099182,15.655983499651416,0.84626937835953597,0.58165702141777342,0.069545948212994646,-2.4858271450074506e-16,-26.174961198078556,15.644880220182403,0.70983374463981164,0.61202254176047344,0.00086386128901164735,-0.0042733135587277116,-26.174961198078556,15.644880220182403,0.71125818249272077,0.61202254176047344,0.0088763242116256403,1,1.8307835762794629,1.7616246212198707,1,1,1
1785069396.4804516,6,1,0.99999689969639094,1.1982846145052877,0.0024900999189997235,2,0,1,1,-0.035452422318040182,0.22715398239519802,-1.9246679436685712,-2.4680383963506603e-05,0.54153983266387307,0.48355896601483667,0,0,-0.00035610946322728857,-0.00035610946322728857,0,-0.0085466271174549253,-0.11946894280631364,-26.283167417388999,15.829084054315867,0.55776845391878516,0.64488061070231395,-0.031611794642270291,-1.6612757439828775e-17,-26.174940514791402,15.64487861564931,0.70983602449263772,0.61202255865805943,0.00086393021094729983,-1.6612757439828775e-17,-26.174940514791402,15.647727491355129,0.71126046234554685,0.61202255865805943,0.022230498004584612,1,1.8307835762794629,1.7616246212198707,1,1,1
1785069396.5014424,6,1,0.99999689969639094,1.1982846145052877,0.0024900999189997235,2,0,1,1,-0.035450523826966063,0.22715540626350361,-1.9246707914051824,-3.8444444250846823e-05,0.54153840879556747,0.48345739674237148,-0.00035610946322728857,0,0,-0.00071221892645457715,0,-0.0021366567793637313,-0.75663663777331969,-26.44245934113075,15.559816524837833,0.84626937835953597,0.58165702141777342,0.27186143392352452,-3.1991296349262093e-16,-26.174942527526557,15.644825660215435,0.70983769832761512,0.61202241950131797,0.00086397567406208459,0.0042733135587271426,-26.174942527526557,15.644825660215435,0.71268657403343338,0.61202241950131797,0.006205617622471413,1,1.8307835762794629,1.7616246212198707,1,1,1
1785069396.5214424,6,1,0.99999689969639094,1.1982846145052877,0.0024900999189997235,2,0,1,1,-0.035446726844817832,0.22715588088627214,-1.9246736391417933,-7.5465020196106733e-05,0.54153793417279894,0.48342512239411151,0,0,0.00035610946322728857,-0.0028488757058183086,0,-0.0017805473161364429,0,-26.44245934113075,15.559816524837833,0.84626937835953597,0.64488061070231395,0.20863784463898394,2.9800627399491654e-17,-26.174896312406354,15.644762893653436,0.70984592491046572,0.61202232710371174,0.00086400107428717611,2.9800627399491654e-17,-26.174896312406354,15.641914017947617,0.721241427733739,0.61202232710371174,0.0053153693646282836,1,1.8307835762794629,1.7616246212198707,1,1,1
1785069396.5414424,6,1,0.99999689969639094,1.1982846145052877,0.0024900999189997235,2,0,1,1,-0.035439607503289894,0.22715493164073508,-1.9246722152734879,-0.00013004663857693865,0.54153840879556747,0.48337908398556417,0.00035610946322728857,-0.00035610946322728857,0,-0.0017805473161364429,0,-0.0028488757058183086,0.31858384748350305,-26.283167417388999,15.732917079502283,0.65393542873236876,0.51211107320477878,0.069545948212994646,-9.4723309563337112e-17,-26.17483573207603,15.644741196787685,0.70986144093765702,0.61202239077146303,0.0008640381817178295,-0.0042733135587275572,-26.170562418517303,15.644741196787685,0.71698363020220279,0.61202239077146303,0.007986227446263601,1,1.8307835762794629,1.7616246212198707,1,1,1
1785069396.5614424,6,1,0.99999689969639094,1.1982846145052877,0.0024900999189997235,2,0,1,1,-0.035429640425150788,0.22715445701796655,-1.9246717406507194,-0.00013574211179928633,0.54153935804110453,0.48330978906135896,0.00071221892645457715,0,0,-0.00035610946322728857,-0.00035610946322728857,-0.0042733135587274627,0,-26.761043188614252,15.559816524837833,0.75010240354595237,0.58165702141777342,0,-2.8439763540818718e-16,-26.17482149769144,15.644745797535926,0.70986340875076037,0.61202243323375316,0.00086406813219775389,-0.0085466271174552098,-26.17482149769144,15.644745797535926,0.7112878466036695,0.61291270689182142,0.011547352029016411,1,1.8307835762794629,1.7616246212198707,1,1,1
1785069396.5814424,6,1,0.99999689969639094,1.1982846145052877,0.0024900999189997235,2,0,1,1,-0.035419673347011682,0.22715445701796655,-1.9246722152734879,-0.00014428532163280784,0.54153983266387307,0.48319730346521761,0.00071221892645457715,0,0,0,0.00035610946322728857,-0.0071221892645457717,0,-25.845114627099182,15.829084054315867,0.75010240354595237,0.51211107320477878,-0.063223589284540582,-6.6537770304578123e-17,-26.174809418323086,15.644734174507553,0.70986547831200364,0.61202242886052804,0.00086411639811781037,-0.008546627117454993,-26.174809418323086,15.644734174507553,0.70986547831200364,0.61113215520245978,0.018669589559482239,1,1.8307835762794629,1.7616246212198707,1,1,1
1785069396.6024411,6,1,0.99999689969639094,1.1982846145052877,0.0024900999189997235,2,0,1,1,-0.035402586927344638,0.22715445701796655,-1.9246726898962563,-0.00015425239977191627,0.54153983266387307,0.48304447493375124,0.00071221892645457715,0,0,-0.00071221892645457715,0.00035610946322728857,-0.0074782987277730601,0.47787577122525454,-26.163698474582684,15.732917079502283,0.75010240354595237,0.51211107320477878,0.069545948212994646,1.7305911030012374e-16,-26.174796100607672,15.644721359917311,0.70986793684402749,0.61202241168907978,0.00086418138528229738,-0.0085466271174547519,-26.174796100607672,15.644721359917311,0.71271681254984576,0.61113213803101152,0.019559928204714947,1,1.8307835762794629,1.7616246212198707,1,1,1
1785069396.6224411,6,1,0.99999689969639094,1.1982846145052877,0.0024900999189997235,2,0,1,1,-0.035394043717511113,0.22715493164073508,-1.924674113764562,-0.00016042249576279292,0.54153935804110453,0.48290541046257229,0.00035610946322728857,0,0.00035610946322728857,-0.00035610946322728857,0,-0.0071221892645457717,0.31858384748350305,-27.238918959839509,15.559816524837833,0.19233394962716727,0.84719609641284388,-0.10115774285526494,-9.5623294621099396e-17,-26.174790611868563,15.644697781146542,0.70986872571300863,0.6120223500500952,0.00086423945594259156,-0.0042733135587275581,-26.174790611868563,15.641848905440723,0.71129316356591776,0.6120223500500952,0.01866971261730702,1,1.8307835762794629,1.7616246212198707,1,1,1
1785069396.642441,6,1,0.99999689969639094,1.1982846145052877,0.0024900999189997235,2,0,1,1,-0.035387873621520238,0.22715398239519802,-1.924674113764562,-0.00017038957390190135,0.5415403072866416,0.48275780278155977,0.00071221892645457715,-0.00035610946322728857,0.00035610946322728857,-0.00071221892645457715,0.00035610946322728857,-0.0081905176542276369,-0.43805279028981664,-26.004406550840933,15.559816524837833,0.84626937835953597,0.68281476427303833,0,1.1464088519658146e-16,-26.17475371148619,15.644698869535466,0.70987184611511056,0.61202238944417808,0.00086430237765166738,-0.0085466271174548109,-26.170480397927463,15.641849993829647,0.71272072182092883,0.61113211578610982,0.021340596513220761,1,1.8307835762794629,1.7616246212198707,1,1,1
1785069396.662441,6,1,0.99999689969639094,1.1982846145052877,0.0024900999189997235,2,0,1,1,-0.035378855788918188,0.22715160928135539,-1.9246722152734879,-0.00018320438865218364,0.54154315502325279,0.48253662857142526,0.00071221892645457715,0,0,-0.00071221892645457715,0,-0.012819940676182388,0.15929192374175152,-26.44245934113075,15.732917079502283,0.75010240354595237,0.58165702141777342,0.13909189642598929,1.5953095391125584e-16,-26.174691028422046,15.644730041440875,0.70987729090525398,0.61202255024483854,0.00086439605153927797,-0.0085466271174547657,-26.174691028422046,15.644730041440875,0.71272616661107224,0.61202255024483854,0.032914247741995251,1,1.8307835762794629,1.7616246212198707,1,1,1
1785069396.682441,6,1,0.99999689969639094,1.1982846145052877,0.0024900999189997235,2,0,1,1,-0.035372211070158782,0.22715208390412392,-1.9246726898962563,-0.00019744307170805283,0.54154315502325279,0.4822637204795211,0.00035610946322728857,0.00035610946322728857,0,-0.00071221892645457715,0,-0.016381035308455274,0.31858384748350305,-25.685822703357431,15.655983499651416,0.92320295821040299,0.51211107320477878,-0.063223589284540582,-2.5885326871506832e-18,-26.17468827106439,15.644709090892697,0.70988069454016489,0.61202251714322609,0.00086451070966050449,-0.0042733135587274653,-26.178961584623117,15.644709090892697,0.71272957024598316,0.61202251714322609,0.041817098980798689,1,1.8307835762794629,1.7616246212198707,1,1,1
1785069396.702924,6,1,0.99999689969639094,1.1982846145052877,0.0024900999189997235,2,0,1,1,-0.035368888710779083,0.22715493164073508,-1.9246798092377844,-0.00020978326368980614,0.54153983266387307,0.48187927603701264,0,0,-0.00035610946322728857,-0.00035610946322728857,0,-0.017093254234909851,0,-25.845114627099182,15.732917079502283,0.65393542873236876,0.58165702141777342,-0.031611794642270291,-2.7014462513256684e-16,-26.174690814249228,15.644601753644066,0.70987943106032025,0.61202218671943376,0.00086466910352136995,-2.7014462513256684e-16,-26.174690814249228,15.647450629349885,0.71130386891322939,0.61202218671943376,0.043597804690795994,1,1.8307835762794629,1.7616246212198707,1,1,1
1785069396.722924,6,1,0.99999689969639094,1.1982846145052877,0.0024900999189997235,2,0,1,1,-0.035369363333547607,0.22715588088627214,-1.9246883524476179,-0.00021785185075479869,0.54153698492726188,0.48153992075751439,0,0,0,-0.00035610946322728857,0,-0.015668816382000697,-0.11946894280631364,-25.845114627099182,15.290548995359799,0.55776845391878516,0.68281476427303833,-0.10115774285526494,1.6600173458836978e-17,-26.174625763973118,15.644502565926548,0.70987724721297119,0.61202188066311791,0.00086480783761627158,1.6600173458836978e-17,-26.174625763973118,15.644502565926548,0.71130168506588032,0.61202188066311791,0.040036848792618013,1,1.8307835762794629,1.7616246212198707,1,1,1
1785069396.7429242,6,1,0.99999689969639094,1.1982846145052877,0.0024900999189997235,2,0,1,1,-0.035366990219704963,0.22715635550904067,-1.924689301693155,-0.00023019204273655198,0.54153651030449335,0.48122524586197973,0.00035610946322728857,0,-0.00035610946322728857,-0.0010683283896818657,0,-0.016737144771682564,-0.27876086654806514,-26.004406550840933,15.559816524837833,0.55776845391878516,0.58165702141777342,0.069545948212994646,-9.705695282372819e-17,-26.174619800022661,15.644478529927278,0.70987994242362862,0.61202182348792222,0.00086493834820238911,-0.0042733135587275598,-26.174619800022661,15.647327405633098,0.71415325598235613,0.61202182348792222,0.042707800277408801,1,1.8307835762794629,1.7616246212198707,1,1,1
1785069396.7629242,6,1,0.99999689969639094,1.1982846145052877,0.0024900999189997235,2,0,1,1,-0.035356548518797326,0.22715540626350361,-1.9246888270703864,-0.00025012619901476884,0.54153698492726188,0.4808564639708327,0.00071221892645457715,0.00035610946322728857,0,-0.00071221892645457715,0,-0.020654348867182738,0,-26.283167417388999,15.559816524837833,0.75010240354595237,0.68281476427303833,0,-7.9176017420980211e-17,-26.174579161289163,15.644476021212252,0.70988598508048473,0.61202185395175834,0.00086509316139435138,-0.0085466271174550051,-26.17885247484789,15.644476021212252,0.71273486078630299,0.61202185395175834,0.052500965329351196,1,1.8307835762794629,1.7616246212198707,1,1,1
1785069396.7829242,6,1,0.99999689969639094,1.1982846145052877,0.0024900999189997235,2,0,1,1,-0.035352751536649095,0.22715588088627214,-1.9246897763159234,-0.000264839504839167,0.54153603568172481,0.4803467191174326,0,0.00035610946322728857,0,-0.00035610946322728857,0,-0.028488757058183087,-0.27876086654806514,-26.601751264872501,15.655983499651416,0.75010240354595237,0.64488061070231395,0.107480101783719,-1.4746749006315794e-17,-26.174571138886328,15.644450004528291,0.70988937075061398,0.61202177834947014,0.00086530246192724556,-1.4746749006315794e-17,-26.178844452445055,15.644450004528291,0.71131380860352311,0.61202177834947014,0.072087195107384969,1,1.8307835762794629,1.7616246212198707,1,1,1
1785069396.8029242,6,1,0.99999689969639094,1.1982846145052877,0.0024900999189997235,2,0,1,1,-0.035352751536649095,0.22715777937734627,-1.9247011672623682,-0.00027100960083004366,0.54153223869957667,0.47975249141123433,-0.00035610946322728857,0.00035610946322728857,-0.0014244378529091543,0,0,-0.032049851690455974,0.79645961870875759,-26.163698474582684,15.732917079502283,0.19233394962716727,0.41095333034951381,0.069545948212994646,-1.3247557972223913e-16,-26.174507258549525,15.644315347784071,0.70988500071161231,0.61202135042901462,0.00086554198483719536,0.0042733135587273308,-26.178780572108252,15.655710850607344,0.70988500071161231,0.61202135042901462,0.080990171210977124,1,1.8307835762794629,1.7616246212198707,1,1,1
1785069396.8229241,6,1,0.99999689969639094,1.1982846145052877,0.0024900999189997235,2,0,1,1,-0.035352751536649095,0.2271582540001148,-1.924722525286952,-0.00027480658297827546,0.54152986558573402,0.47900353668249557,-0.00035610946322728857,0,-0.00071221892645457715,-0.00035610946322728857,-0.00035610946322728857,-0.04202091666082005,-0.11946894280631364,-25.685822703357431,15.655983499651416,0.19233394962716727,0.58165702141777342,0.107480101783719,-1.0677589061717247e-16,-26.174301954148948,15.64409950151677,0.70987607387388141,0.61202074762239644,0.0008658420093524302,0.004273313558727356,-26.174301954148948,15.649797252928407,0.71130051172679054,0.61291102128046471,0.10591813366140256,1,1.8307835762794629,1.7616246212198707,1,1,1
1785069396.8429241,6,1,0.99999689969639094,1.1982846145052877,0.0024900999189997235,2,0,1,1,-0.035351327668343507,0.2271582540001148,-1.9247239491552575,-0.00028714677496002877,0.54153034020850255,0.47797313065201918,0.00035610946322728857,-0.00035610946322728857,0,-0.00071221892645457715,0.00035610946322728857,-0.056621404653138883,0.63716769496700609,-26.44245934113075,15.290548995359799,0.55776845391878516,0.64488061070231395,0.13909189642598929,1.2051196327441038e-16,-26.174276969020283,15.644075460270683,0.70987900685559269,0.61202068815184196,0.00086625746355568141,-0.0042733135587273421,-26.170003655461556,15.644075460270683,0.71272788256141095,0.6111304144937737,0.14241976909640289,1,1.8307835762794629,1.7616246212198707,1,1,1
1785069396.8629241,6,1,0.99999689969639094,1.1982846145052877,0.0024900999189997235,2,0,1,1,-0.03534658144065822,0.22715730475457774,-1.924723474532489,-0.00030280932632148488,0.54153081483127108,0.47675335013689973,0.00035610946322728857,0,0,-0.00071221892645457715,0.00035610946322728857,-0.066592469623502959,0,-25.685822703357431,15.655983499651416,0.55776845391878516,0.61326881606004369,0.037934153570724355,1.7359638726670114e-17,-26.174239922222458,15.644076407775005,0.70988420521496765,0.61202068953337718,0.00086674851434195041,-0.0042733135587274453,-26.174239922222458,15.644076407775005,0.71273308092078591,0.61113041587530892,0.16734792257309936,1,1.8307835762794629,1.7616246212198707,1,1,1
1785069396.8829241,6,1,0.99999689969639094,1.1982846145052877,0.0024900999189997235,2,0,1,1,-0.035342784458509989,0.22715730475457774,-1.9247253730235632,-0.00031657338660882509,0.54153034020850255,0.47541871091179627,0.00035610946322728857,0,0,-0.00071221892645457715,0,-0.070153564255775847,0,-26.44245934113075,15.463649550024249,0.55776845391878516,0.64488061070231395,0.107480101783719,-7.9406049794199959e-17,-26.174208858042125,15.64404651712425,0.70988739105169762,0.61202058529550851,0.00086728302288651034,-0.0042733135587275425,-26.174208858042125,15.64404651712425,0.71273626675751589,0.61202058529550851,0.17625119366232614,1,1.8307835762794629,1.7616246212198707,1,1,1
1785069396.9034133,6,1,0.99999689969639094,1.1982846145052877,0.0024900999189997235,2,0,1,1,-0.035341835212972926,0.2271587286228833,-1.9247481549164525,-0.0003251165964423466,0.54152796709465989,0.47391510598109648,0.00035610946322728857,0,-0.0017805473161364429,-0.00035610946322728857,0,-0.076563534593867041,0.31858384748350305,-26.004406550840933,15.559816524837833,0.55776845391878516,0.61326881606004369,0.20863784463898394,-3.2984744413418159e-17,-26.174013460354264,15.643803608593629,0.70987885521362548,0.61201989866165674,0.00086788019243555698,-0.0042733135587274956,-26.174013460354264,15.658047987122721,0.71130329306653461,0.61201989866165674,0.19227671667710317,1,1.8307835762794629,1.7616246212198707,1,1,1
1785069396.9234133,6,1,0.99999689969639094,1.1982846145052877,0.0024900999189997235,2,0,1,1,-0.03533756360805617,0.22715920324565184,-1.9247733099231845,-0.00034837311210026632,0.54152559398081723,0.47222782203897595,0.00035610946322728857,0,-0.00071221892645457715,-0.0017805473161364429,-0.00035610946322728857,-0.086534599564231124,0,-26.163698474582684,15.732917079502283,1.1155369078375703,0.51211107320477878,0.24024963928125423,-4.230245070803513e-18,-26.173753039986273,15.643534728483846,0.70987359106130621,0.61201916893159602,0.00086855251592648619,-0.004273313558727467,-26.173753039986273,15.649232479895483,0.71699578032585198,0.61290944258966429,0.21720505142650429,1,1.8307835762794629,1.7616246212198707,1,1,1
1785069396.9434133,6,1,0.99999689969639094,1.1982846145052877,0.0024900999189997235,2,0,1,1,-0.035329495020991177,0.22715920324565184,-1.9247771069053328,-0.00037969821482317854,0.54152037313036339,0.4704589029806685,0.00035610946322728857,0,0,-0.0014244378529091543,-0.00035610946322728857,-0.087602927953912987,-0.11946894280631364,-26.163698474582684,15.732917079502283,0.75010240354595237,0.58165702141777342,0.20863784463898394,-7.9071358571125701e-17,-26.173687533926199,15.643471697088023,0.70988065560399038,0.61201888767278567,0.00086925762955952909,-0.0042733135587275416,-26.173687533926199,15.643471697088023,0.71557840701562703,0.61290916133085394,0.219876577514342,1,1.8307835762794629,1.7616246212198707,1,1,1
1785069396.9634132,6,1,0.99999689969639094,1.1982846145052877,0.0024900999189997235,2,0,1,1,-0.035327121907148533,0.22716110173672596,-1.924789921720083,-0.00040675171262933001,0.54149948972854811,0.46880436800957648,0,0,-0.0014244378529091543,-0.0014244378529091543,-0.0014244378529091543,-0.08546627117454926,0.47787577122525454,-26.163698474582684,15.559816524837833,0.75010240354595237,0.58165702141777342,0.20863784463898394,2.1266844699911898e-16,-26.173590577538526,15.643305213905053,0.70988146143656694,0.6120179754729661,0.00086991294028412587,2.1266844699911898e-16,-26.173590577538526,15.654700716728327,0.71557921284820358,0.61557907010523893,0.21453559087665727,1,1.8307835762794629,1.7616246212198707,1,1,1
1785069396.9834135,6,1,0.99999689969639094,1.1982846145052877,0.0024900999189997235,2,0,1,1,-0.035323799547768826,0.22716632258717978,-1.9248288407871024,-0.00042953360551872073,0.54146863924859379,0.46718448050058708,0,0.00035610946322728857,-0.0021366567793637313,-0.0010683283896818657,-0.0014244378529091543,-0.090095694196504011,0.79645961870875759,-26.283167417388999,15.732917079502283,0.4616014791052015,0.61326881606004369,0.24024963928125423,-7.4081483167306898e-17,-26.173332100741096,15.642855230371936,0.70986740412129246,0.6120161210255497,0.00087054955717242406,-7.4081483167306898e-17,-26.177605414299823,15.659948484606845,0.71414071768001997,0.61557721565782253,0.22610978504843246,1,1.8307835762794629,1.7616246212198707,1,1,1
1785069397.0035794,6,1,0.99999689969639094,1.1982846145052877,0.0024900999189997235,2,0,1,1,-0.035316205583472364,0.22716964494655947,-1.9248464018295379,-0.00045896021716751705,0.54144775584677851,0.46509329258244841,0,0,0,-0.0014244378529091543,-0.00071221892645457715,-0.11146226199014132,-0.43805279028981664,-25.685822703357431,15.463649550024249,0.75010240354595237,0.68281476427303833,0.17070369106825958,1.6273435284223139e-16,-26.173227662431465,15.64262665602169,0.70986609221929464,0.61201504193411638,0.00087136984234036585,1.6273435284223139e-16,-26.173227662431465,15.64262665602169,0.71556384363093128,0.61379558925025279,0.27952702481769365,1,1.8307835762794629,1.7616246212198707,1,1,1
1785069397.0235794,6,1,0.99999689969639094,1.1982846145052877,0.0024900999189997235,2,0,1,1,-0.035312883224092664,0.22716964494655947,-1.9248468764523066,-0.00048364060113102367,0.5414325679181855,0.46268980288261774,0,0,-0.00035610946322728857,-0.0010683283896818657,-0.0010683283896818657,-0.11894056071791438,-0.59734471403156819,-25.845114627099182,15.367482575210666,0.55776845391878516,0.64488061070231395,0.27186143392352452,2.5860043386383393e-16,-26.173200967614967,15.642600969727738,0.70987314465105289,0.61201457777548396,0.00087230598614886545,2.5860043386383393e-16,-26.173200967614967,15.645449845433557,0.7141464582097804,0.61468539874968864,0.29822370778093482,1,1.8307835762794629,1.7616246212198707,1,1,1
1785069397.0435793,6,1,0.99999689969639094,1.1982846145052877,0.0024900999189997235,2,0,1,1,-0.035312883224092664,0.22717059419209654,-1.9248596912670568,-0.00049408230203866108,0.54139886970161999,0.46030956969844494,0,0.00035610946322728857,-0.0014244378529091543,-0.00035610946322728857,-0.0021366567793637313,-0.11359891876950505,0.47787577122525454,-26.004406550840933,15.559816524837833,1.0193699330239865,0.58165702141777342,0.17070369106825958,-2.180442734425413e-16,-26.173089129272,15.642456761534426,0.70987023364531654,0.61201335346049301,0.0008732224177792952,-2.180442734425413e-16,-26.177362442830727,15.653852264357699,0.71129467149822567,0.61735499540890237,0.28487051934154189,1,1.8307835762794629,1.7616246212198707,1,1,1
1785069397.0635796,6,1,0.99999689969639094,1.1982846145052877,0.0024900999189997235,2,0,1,1,-0.035308611619175902,0.22717106881486507,-1.9248962372202336,-0.00050879560786305919,0.54136137450290622,0.45803992361933937,0.00071221892645457715,0,-0.0017805473161364429,-0.0010683283896818657,-0.0010683283896818657,-0.12000888910759624,0.63716769496700609,-26.44245934113075,15.290548995359799,0.55776845391878516,0.64488061070231395,0.34140738213651917,-1.1881609668810928e-16,-26.172719040934496,15.642082356247503,0.70985756061086513,0.61201147943674572,0.00087409211840144146,-0.008546627117455045,-26.172719040934496,15.656326734776595,0.71413087416959264,0.6146823004109504,0.30089631488739205,1,1.8307835762794629,1.7616246212198707,1,1,1
1785069397.08376,6,1,0.99999689969639094,1.1982846145052877,0.0024900999189997235,2,0,1,1,-0.035295796804425621,0.22717059419209654,-1.9249033565617615,-0.00053252674628950791,0.54135330591584119,0.45564924873425894,0.00035610946322728857,0,0,-0.0010683283896818657,-0.00035610946322728857,-0.11288669984305047,-0.43805279028981664,-26.004406550840933,15.655983499651416,0.65393542873236876,0.51211107320477878,0.27186143392352452,1.6525651616597257e-16,-26.17261198908216,15.641997645778313,0.7098614681883334,0.61201103630311504,0.00087500810758741894,-0.0042733135587272979,-26.17261198908216,15.641997645778313,0.71413478174706091,0.6129013099611833,0.28309175771521361,1,1.8307835762794629,1.7616246212198707,1,1,1
1785069397.1044507,6,1,0.99999689969639094,1.1982846145052877,0.0024900999189997235,2,0,1,1,-0.035286778971823571,0.2271715434376336,-1.9249043058072985,-0.00053822221951185562,0.54134333883770214,0.45318548194282504,0,0.00035610946322728857,-0.00035610946322728857,0,-0.0014244378529091543,-0.1185844512546871,-0.27876086654806514,-25.685822703357431,15.655983499651416,0.19233394962716727,0.64488061070231395,0.30979558749424885,4.2017216633216023e-17,-26.172625340902695,15.641973898603943,0.70986285896759194,0.6120106630299198,0.00087594098096885071,4.2017216633216023e-17,-26.176898654461422,15.644822774309763,0.70986285896759194,0.61557175766219263,0.29733706911768659,1,1.8307835762794629,1.7616246212198707,1,1,1
1785069397.1244507,6,1,0.99999689969639094,1.1982846145052877,0.0024900999189997235,2,0,1,1,-0.035286304349055039,0.22717723891085595,-1.9249218668497341,-0.00053964608781744252,0.54129113033316389,0.45060353408202741,0.00035610946322728857,0.00071221892645457715,-0.0014244378529091543,0,-0.0039172040955001743,-0.12713107837214202,0.79645961870875759,-25.367238855873929,15.829084054315867,0.75010240354595237,0.58165702141777342,0.37301917677878943,-1.654177076652936e-16,-26.172614406604389,15.641743809604694,0.70985318651242157,0.61200875252377041,0.0008769092355938213,-0.0042733135587276283,-26.181161033721843,15.653139312427967,0.70985318651242157,0.62180176276252086,0.3187046051659489,1,1.8307835762794629,1.7616246212198707,1,1,1
1785069397.1444507,6,1,0.99999689969639094,1.1982846145052877,0.0024900999189997235,2,0,1,1,-0.035285829726286508,0.22718625674345799,-1.9249427502515495,-0.00054106995612302942,0.54121091908528252,0.44815732833302907,0,0,-0.00071221892645457715,0,-0.0039172040955001743,-0.12535053105600558,0,-26.283167417388999,16.021418003943033,0.84626937835953597,0.58165702141777342,0.37301917677878943,-2.0548336609266347e-16,-26.172668061797197,15.641447789581738,0.70984036049463806,0.61200600453730125,0.00087781984042393363,-2.0548336609266347e-16,-26.172668061797197,15.647145540993375,0.70984036049463806,0.62179901477605171,0.3142541474804379,1,1.8307835762794629,1.7616246212198707,1,1,1
1785069397.1644506,6,1,0.99999689969639094,1.1982846145052877,0.0024900999189997235,2,0,1,1,-0.035282507366906808,0.22718578212068946,-1.9249413263832438,-0.00054676542934537712,0.54117911935979102,0.44570447786527134,0.00035610946322728857,0,-0.00035610946322728857,0,-0.00035610946322728857,-0.12428220266632371,0,-26.004406550840933,15.367482575210666,0.4616014791052015,0.54372286784704904,0.24024963928125423,-1.6957127343822149e-16,-26.172661834770384,15.64146009508347,0.7098434994616839,0.61200519255966235,0.00087873179094126203,-0.0042733135587276327,-26.172661834770384,15.64430897078929,0.7098434994616839,0.61289546621773061,0.31158423845675054,1,1.8307835762794629,1.7616246212198707,1,1,1
1785069397.1844506,6,1,0.99999689969639094,1.1982846145052877,0.0024900999189997235,2,0,1,1,-0.035274913402610346,0.2271848328751524,-1.9249403771377067,-0.00055103703426213782,0.54117627162317994,0.44328010476362534,0.00035610946322728857,-0.00035610946322728857,0,-0.00035610946322728857,0,-0.11466724715918691,-0.11946894280631364,-25.845114627099182,15.367482575210666,0.4616014791052015,0.64488061070231395,0.24024963928125423,-1.5371853343033121e-16,-26.172639093177288,15.641474807131749,0.70984625736800955,0.6120050829126803,0.00087962852838279978,-0.0042733135587276162,-26.168365779618561,15.641474807131749,0.71127069522091868,0.6120050829126803,0.28754774642635006,1,1.8307835762794629,1.7616246212198707,1,1,1
1785069397.2046676,6,1,0.99999689969639094,1.1982846145052877,0.0024900999189997235,2,0,1,1,-0.035272540288767695,0.22718578212068946,-1.9249403771377067,-0.00055103703426213782,0.54117152539549462,0.44102707048141832,0,0,0,0,-0.00071221892645457715,-0.11716001340177794,-0.59734471403156819,-26.761043188614252,15.732917079502283,0.55776845391878516,0.58165702141777342,0.30979558749424885,-9.3849543934850529e-17,-26.172667157129112,15.641465216425559,0.70984650559916174,0.61200486524746434,0.00088045585500361829,-9.3849543934850529e-17,-26.172667157129112,15.641465216425559,0.70984650559916174,0.61378541256360075,0.29378048935944845,1,1.8307835762794629,1.7616246212198707,1,1,1
1785069397.2246675,6,1,0.99999689969639094,1.1982846145052877,0.0024900999189997235,2,0,1,1,-0.035272540288767695,0.22718673136622652,-1.9249418010060124,-0.00055103703426213782,0.54115871058074427,0.43881722687114744,-0.00035610946322728857,0,0,0,-0.00071221892645457715,-0.11110615252691403,0.47787577122525454,-25.845114627099182,15.655983499651416,0.84626937835953597,0.61326881606004369,0.30979558749424885,8.5884394548417403e-18,-26.172680449887313,15.641441412524252,0.70984607084801421,0.61200441886303414,0.00088126263958158459,0.0042733135587274713,-26.172680449887313,15.641441412524252,0.70984607084801421,0.61378496617917055,0.27864664395686667,1,1.8307835762794629,1.7616246212198707,1,1,1
1785069397.2446675,6,1,0.99999689969639094,1.1982846145052877,0.0024900999189997235,2,0,1,1,-0.035271116420462115,0.22718673136622652,-1.9249403771377067,-0.00055151165703066682,0.54115016737091082,0.43652717201299512,0.00035610946322728857,0,0.00035610946322728857,-0.00035610946322728857,-0.00035610946322728857,-0.11146226199014132,-0.11946894280631364,-26.601751264872501,15.732917079502283,0.75010240354595237,0.51211107320477878,0.34140738213651917,4.1653314221228956e-17,-26.172693931931352,15.641454385288288,0.70984755373872044,0.6120041649531418,0.00088209461614236547,-0.004273313558727421,-26.172693931931352,15.638605509582469,0.71127199159162957,0.61289443861121007,0.27953774959149569,1,1.8307835762794629,1.7616246212198707,1,1,1
1785069397.2646675,6,1,0.99999689969639094,1.1982846145052877,0.0024900999189997235,2,0,1,1,-0.035267319438313877,0.22718673136622652,-1.9249389532694012,-0.00055293552533625372,0.54114826887983669,0.43434675501437303,0.00035610946322728857,0,0,-0.00035610946322728857,0,-0.11537946608564149,0.95575154245050908,-26.44245934113075,15.829084054315867,0.55776845391878516,0.64488061070231395,0.37301917677878943,1.4423801260981769e-16,-26.172706905352989,15.641466868646678,0.70984925111731623,0.61200407574955518,0.00088288297700822973,-0.0042733135587273187,-26.172706905352989,15.641466868646678,0.71127368897022536,0.61200407574955518,0.28933154819111195,1,1.8307835762794629,1.7616246212198707,1,1,1
1785069397.2846675,6,1,0.99999689969639094,1.1982846145052877,0.0024900999189997235,2,0,1,1,-0.035263997078934177,0.22718625674345799,-1.9249399025149383,-0.00055293552533625372,0.54114589576599403,0.43203486750886838,0.00035610946322728857,-0.00035610946322728857,0,0,-0.00035610946322728857,-0.11110615252691403,-0.43805279028981664,-25.845114627099182,15.92525102912945,0.4616014791052015,0.7144265589153086,0.17070369106825958,-5.8283257916407205e-17,-26.172682828403634,15.641461998491938,0.70984972409412805,0.61200392458397523,0.00088371374709056167,-0.0042733135587275208,-26.168409514844907,15.641461998491938,0.70984972409412805,0.6128941982420435,0.27864909506437563,1,1.8307835762794629,1.7616246212198707,1,1,1
1785069397.3054218,6,1,0.99999689969639094,1.1982846145052877,0.0024900999189997235,2,0,1,1,-0.035263997078934177,0.22718720598899506,-1.9249427502515495,-0.00055293552533625372,0.5411316570829382,0.42977329001682785,0,0,0,0,-0.00071221892645457715,-0.10006675916686809,0,-25.685822703357431,15.732917079502283,0.84626937835953597,0.58165702141777342,0.30979558749424885,-9.0065291316692963e-17,-26.172681637481194,15.641424258043795,0.70984862560331252,0.61200340654423502,0.00088452132527187799,-9.0065291316692963e-17,-26.172681637481194,15.641424258043795,0.70984862560331252,0.61378395386037143,0.25105141924244212,1,1.8307835762794629,1.7616246212198707,1,1,1
1785069397.3254218,6,1,0.99999689969639094,1.1982846145052877,0.0024900999189997235,2,0,1,1,-0.035263047833397121,0.22718768061176359,-1.9249427502515495,-0.00055388477087331173,0.54111219754942852,0.42775946560995942,0,0,0,0,-0.00071221892645457715,-0.11003782413723216,-0.27876086654806514,-26.601751264872501,15.829084054315867,0.55776845391878516,0.64488061070231395,0.30979558749424885,-1.8873850169638928e-16,-26.172694040600696,15.641417895381878,0.70984924800289706,0.6120028506477404,0.000885236769156722,-1.8873850169638928e-16,-26.172694040600696,15.641417895381878,0.70984924800289706,0.61378339796387682,0.27597979711223714,1,1.8307835762794629,1.7616246212198707,1,1,1
1785069397.3454218,6,1,0.99999689969639094,1.1982846145052877,0.0024900999189997235,2,0,1,1,-0.035258776228480358,0.22718720598899506,-1.9249422756287808,-0.00055815637579007243,0.54110555283066908,0.42534458496368399,0.00035610946322728857,0,0.00035610946322728857,-0.00035610946322728857,0,-0.11751612286500522,0.31858384748350305,-25.52653077961568,15.655983499651416,0.92320295821040299,0.54372286784704904,0.17070369106825958,7.1818754300743011e-17,-26.172680534381318,15.641423196654616,0.70985152710664912,0.61200262520067739,0.00088609152838079982,-0.0042733135587273907,-26.172680534381318,15.638574320948797,0.71127596495955825,0.61200262520067739,0.29467639869089385,1,1.8307835762794629,1.7616246212198707,1,1,1
1785069397.3654218,6,1,0.99999689969639094,1.1982846145052877,0.0024900999189997235,2,0,1,1,-0.035252606132489483,0.22718673136622652,-1.9249413263832438,-0.00056290260347536213,0.54110412896236348,0.42297953970810415,0,0,0,0,0,-0.11359891876950505,-0.27876086654806514,-26.761043188614252,15.732917079502283,0.75010240354595237,0.68281476427303833,0.30979558749424885,-6.7977451781405327e-17,-26.172671663377137,15.641432958048126,0.70985413478693216,0.61200253965365337,0.00088692398846179881,-6.7977451781405327e-17,-26.172671663377137,15.641432958048126,0.70985413478693216,0.61200253965365337,0.28488422091222443,1,1.8307835762794629,1.7616246212198707,1,1,1
1785069397.3854218,6,1,0.99999689969639094,1.1982846145052877,0.0024900999189997235,2,0,1,1,-0.035247859904804189,0.22718673136622652,-1.9249418010060124,-0.00056717420839212294,0.54110317971682642,0.42077017072060174,0.00035610946322728857,0,-0.00035610946322728857,0,0,-0.11502335662241421,0.15929192374175152,-26.283167417388999,15.829084054315867,0.65393542873236876,0.74603835355757886,0.34140738213651917,-1.9341170216700669e-17,-26.172663023332085,15.641424644412686,0.70985568266221011,0.6120024251037155,0.00088769705768467334,-0.0042733135587274826,-26.172663023332085,15.644273520118505,0.70985568266221011,0.6120024251037155,0.28844608861372018,1,1.8307835762794629,1.7616246212198707,1,1,1
1785069397.4055061,6,1,0.99999689969639094,1.1982846145052877,0.0024900999189997235,2,0,1,1,-0.035245486790961546,0.22718768061176359,-1.9249432248743179,-0.00057002194500329673,0.54109416188422443,0.41873403904361245,0.00035610946322728857,0.00035610946322728857,0,-0.00035610946322728857,-0.0010683283896818657,-0.10825727682109572,-0.91592856151507118,-26.004406550840933,15.655983499651416,0.84626937835953597,0.7144265589153086,0.24024963928125423,-1.0622794572243645e-16,-26.172674061408078,15.641398671019244,0.70985591451118979,0.61200207480079649,0.00088840498483105717,-0.0042733135587275694,-26.176947374966804,15.641398671019244,0.71128035236409892,0.61467289577500117,0.27153159703757035,1,1.8307835762794629,1.7616246212198707,1,1,1
1785069397.4255061,6,1,0.99999689969639094,1.1982846145052877,0.0024900999189997235,2,0,1,1,-0.035244062922655958,0.22719005372560622,-1.9249517680841515,-0.00057144581330888363,0.54105286970336242,0.41655694440437008,0,0.00035610946322728857,-0.00071221892645457715,0,-0.0024927662425910197,-0.10861338628432302,-0.27876086654806514,-25.845114627099182,15.655983499651416,0.4616014791052015,0.64488061070231395,0.30979558749424885,-8.6476200270934459e-17,-26.172655418330134,15.641289245945817,0.709851816273116,0.61200072667411987,0.00088915593526781348,-8.6476200270934459e-17,-26.176928731888861,15.646986997357454,0.709851816273116,0.61823264228059738,0.27242262164607534,1,1.8307835762794629,1.7616246212198707,1,1,1
1785069397.4455061,6,1,0.99999689969639094,1.1982846145052877,0.0024900999189997235,2,0,1,1,-0.035243113677118902,0.22719812231267122,-1.9249674306355129,-0.00057239505884594164,0.54097693006039771,0.41434520230302502,0,0.00071221892645457715,-0.00071221892645457715,0,-0.0053416419484093288,-0.11537946608564149,-0.27876086654806514,-25.845114627099182,15.732917079502283,0.55776845391878516,0.51211107320477878,0.30979558749424885,-2.9226919361572435e-16,-26.172734061752042,15.641053865655911,0.70984161318238614,0.61199821799685528,0.00088991269099133162,-2.9226919361572435e-16,-26.181280688869496,15.646751617067547,0.70984161318238614,0.62535232286787856,0.28933857790509504,1,1.8307835762794629,1.7616246212198707,1,1,1
1785069397.4655061,6,1,0.99999689969639094,1.1982846145052877,0.0024900999189997235,2,0,1,1,-0.035242639054350371,0.22720571627696767,-1.9249698037493554,-0.00057334430438299954,0.54084071332582995,0.41202382234214985,0,0,0,0,-0.006409970338091194,-0.11359891876950505,-0.11946894280631364,-25.845114627099182,15.559816524837833,0.4616014791052015,0.54372286784704904,0.37301917677878943,-5.2886573520932705e-17,-26.172930328853941,15.64094996350142,0.70983784249264326,0.61199456021134724,0.00089070074520296739,-5.2886573520932705e-17,-26.172930328853941,15.64094996350142,0.70983784249264326,0.6280194860565752,0.28488799766896561,1,1.8307835762794629,1.7616246212198707,1,1,1
1785069397.5055063,6,1,0.99999689969639094,1.1982846145052877,0.0024900999189997235,2,0,1,1,-0.035232671976211265,0.22720476703143064,-1.9249660067672072,-0.00058283675975357905,0.54077616462931,0.40748168244732758,0.00035610946322728857,0,-0.00035610946322728857,-0.00035610946322728857,-0.00035610946322728857,-0.10647672950495927,0.79645961870875759,-26.004406550840933,15.732917079502283,0.65393542873236876,0.68281476427303833,0.34140738213651917,-1.5748174997915401e-16,-26.172929050567955,15.640985327927345,0.70984382230148724,0.61199292746464973,0.0008922390886807115,-0.0042733135587276205,-26.172929050567955,15.643834203633164,0.71126826015439637,0.61288320112271799,0.26708406285107889,1,1.8307835762794629,1.7616246212198707,1,1,1
1785069397.5255063,6,1,0.99999689969639094,1.1982846145052877,0.0024900999189997235,2,0,1,1,-0.035230298862368621,0.22720524165419917,-1.9249679052582813,-0.00058473525082769495,0.54076904528778202,0.40532167422775223,0,0,0,0,-0.00071221892645457715,-0.10469618218882284,0,-25.207946932132177,15.732917079502283,0.75010240354595237,0.54372286784704904,0.17070369106825958,-1.3227763382305679e-16,-26.172921952054899,15.640960200397014,0.70984381891116377,0.61199261573439379,0.00089296411799650059,-1.3227763382305679e-16,-26.172921952054899,15.640960200397014,0.70984381891116377,0.6137731630505302,0.2626334195900536,1,1.8307835762794629,1.7616246212198707,1,1,1
1785069397.5455062,6,1,0.99999689969639094,1.1982846145052877,0.0024900999189997235,2,0,1,1,-0.035227925748525978,0.22720666552250474,-1.9249679052582813,-0.00058710836467033985,0.54075433198195766,0.40319773733858505,0,0,0.00035610946322728857,0,-0.00071221892645457715,-0.11751612286500522,0.31858384748350305,-26.004406550840933,15.559816524837833,0.84626937835953597,0.64488061070231395,0.34140738213651917,9.558122861431572e-17,-26.172961751592442,15.640943604959732,0.70984436759043612,0.61199214189491169,0.00089367286447580678,9.558122861431572e-17,-26.172961751592442,15.638094729253913,0.70984436759043612,0.61377268921104811,0.29468398002698887,1,1.8307835762794629,1.7616246212198707,1,1,1
1785069397.5655062,6,1,0.99999689969639094,1.1982846145052877,0.0024900999189997235,2,0,1,1,-0.035220331784229508,0.22720571627696767,-1.9249650575216701,-0.00059185459235562956,0.54075100962257794,0.40063952061621388,0.00071221892645457715,-0.00035610946322728857,0.00035610946322728857,-0.00035610946322728857,0,-0.12962384461473303,-0.27876086654806514,-26.283167417388999,15.463649550024249,0.75010240354595237,0.64488061070231395,0.13909189642598929,-1.1573694811032244e-16,-26.172957793925729,15.640976391184827,0.70984809519384351,0.61199205936107337,0.00089452241014493573,-0.0085466271174550416,-26.168684480367002,15.638127515479008,0.71127253304675264,0.61199205936107337,0.32495413394697753,1,1.8307835762794629,1.7616246212198707,1,1,1
1785069397.5855062,6,1,0.99999689969639094,1.1982846145052877,0.0024900999189997235,2,0,1,1,-0.035213212442701577,0.22720524165419917,-1.9249622097850592,-0.00059327846066121646,0.54075100962257794,0.39815392117742765,0.00035610946322728857,0.00035610946322728857,0.00035610946322728857,0,0,-0.12356998373986913,0.47787577122525454,-26.283167417388999,15.732917079502283,1.1155369078375703,0.54372286784704904,0.24024963928125423,-3.6476210487173718e-16,-26.172971037129663,15.641007431317236,0.70985070390764915,0.61199205017550318,0.00089534144518304702,-0.0042733135587278278,-26.17724435068839,15.638158555611417,0.70985070390764915,0.61199205017550318,0.3098203007948559,1,1.8307835762794629,1.7616246212198707,1,1,1
1785069397.6055062,6,1,0.99999689969639094,1.1982846145052877,0.0024900999189997235,2,0,1,1,-0.035209890083321871,0.22720524165419917,-1.9249626844078276,-0.00059375308342974546,0.54075053499980941,0.3958268457433301,0.00035610946322728857,0,0,-0.00035610946322728857,0,-0.11502335662241421,-0.27876086654806514,-26.761043188614252,15.732917079502283,0.4616014791052015,0.7144265589153086,0.30979558749424885,-2.4762018222785609e-16,-26.172965649118172,15.641002246852619,0.70985124390613641,0.61199194203634311,0.00089610284411243844,-0.0042733135587277107,-26.172965649118172,15.641002246852619,0.71127568175904554,0.61199194203634311,0.28845449440014798,1,1.8307835762794629,1.7616246212198707,1,1,1
1785069397.6255062,6,1,0.99999689969639094,1.1982846145052877,0.0024900999189997235,2,0,1,1,-0.035209890083321871,0.22720571627696767,-1.9249636336533646,-0.00059327846066121646,0.54074863650873528,0.39367300761974561,0,0,0,0,-0.00035610946322728857,-0.092588460439095022,-0.11946894280631364,-26.920335112356007,15.463649550024249,0.92320295821040299,0.61326881606004369,0.30979558749424885,-1.246179715152663e-16,-26.172970423060651,15.640988543280958,0.70985104015288325,0.61199178209462701,0.00089680289868008286,-1.246179715152663e-16,-26.172970423060651,15.640988543280958,0.70985104015288325,0.61288205575269528,0.23236795399641763,1,1.8307835762794629,1.7616246212198707,1,1,1
1785069397.6455061,6,1,0.99999689969639094,1.1982846145052877,0.0024900999189997235,2,0,1,1,-0.035210364706090402,0.2272061908997362,-1.9249631590305962,-0.00059327846066121646,0.54074626339489262,0.39206688417104357,-0.00035610946322728857,0,0,0,0,-0.076919644057094325,-0.75663663777331969,-26.004406550840933,15.655983499651416,0.75010240354595237,0.64488061070231395,0.17070369106825958,2.0576215875151679e-17,-26.172989224319533,15.640988337136958,0.70985147403637394,0.61199166524455173,0.00089732232406118369,0.0042733135587274835,-26.172989224319533,15.640988337136958,0.70985147403637394,0.61199166524455173,0.19319643246679699,1,1.8307835762794629,1.7616246212198707,1,1,1
1785069397.6655061,6,1,0.99999689969639094,1.1982846145052877,0.0024900999189997235,2,0,1,1,-0.035210839328858934,0.22720571627696767,-1.9249607859167535,-0.00059185459235562956,0.5407443649038185,0.39053195413762087,0,-0.00035610946322728857,-0.00035610946322728857,0,0,-0.065168031770593812,0.31858384748350305,-26.44245934113075,15.732917079502283,0.55776845391878516,0.68281476427303833,0.17070369106825958,1.9713715850423922e-17,-26.173000071486555,15.641017071726806,0.70985284100560764,0.61199163294104442,0.00089781629705529937,1.9713715850423922e-17,-26.168726757927828,15.643865947432625,0.70985284100560764,0.61199163294104442,0.16381789572353983,1,1.8307835762794629,1.7616246212198707,1,1,1
1785069397.6855061,6,1,0.99999689969639094,1.1982846145052877,0.0024900999189997235,2,0,1,1,-0.035212263197164521,0.22720714014527327,-1.9249607859167535,-0.00058995610128151365,0.54073344858014238,0.38943842327893013,-0.00035610946322728857,0.00035610946322728857,0,0.00035610946322728857,-0.00071221892645457715,-0.05484085733700244,-0.43805279028981664,-26.004406550840933,15.367482575210666,0.55776845391878516,0.61326881606004369,0.20863784463898394,-1.3296553117917926e-16,-26.173043757528674,15.641004215963621,0.70985196831832997,0.61199129031361299,0.00089816621776299128,0.00427331355872733,-26.177317071087401,15.641004215963621,0.70842753046542084,0.61377183762974941,0.1380003095602691,1,1.8307835762794629,1.7616246212198707,1,1,1
1785069397.7055061,6,1,0.99999689969639094,1.1982846145052877,0.0024900999189997235,2,0,1,1,-0.035213212442701577,0.22721331024126415,-1.9249631590305962,-0.00058805761020739775,0.54069927574080823,0.38844124084225073,0,0.00035610946322728857,0.00035610946322728857,0,-0.0024927662425910197,-0.035967055785956145,0,-25.685822703357431,15.559816524837833,0.84626937835953597,0.74603835355757886,-0.031611794642270291,-2.4269246468462096e-16,-26.173204469418547,15.640920993749337,0.70984774201773504,0.61199020405233795,0.00089848317833456526,-2.4269246468462096e-16,-26.177477782977274,15.638072118043517,0.70984774201773504,0.61822211965881546,0.090816122643224931,1,1.8307835762794629,1.7616246212198707,1,1,1
1785069397.7255063,6,1,0.99999689969639094,1.1982846145052877,0.0024900999189997235,2,0,1,1,-0.035213687065470109,0.22722090420556063,-1.9249636336533646,-0.00058615911913328185,0.54064754185903863,0.38794715854021206,0,0,0,0,-0.0035610946322728858,-0.018517692087819004,-0.27876086654806514,-26.163698474582684,15.559816524837833,0.28850092444075093,0.61326881606004369,-0.031611794642270291,-1.7980759107086509e-16,-26.173426271821249,15.640841663293285,0.70984359769269589,0.61198871410248512,0.0008986382240215384,-1.7980759107086509e-16,-26.173426271821249,15.640841663293285,0.70984359769269589,0.62089145068316731,0.047192868443569048,1,1.8307835762794629,1.7616246212198707,1,1,1
1785069397.7455063,6,1,0.99999689969639094,1.1982846145052877,0.0024900999189997235,2,0,1,1,-0.035215585556544221,0.22722707430155148,-1.9249664813899758,-0.00058331138252210805,0.54052319069368404,0.38775493631895785,0,0.00071221892645457715,-0.00035610946322728857,0,-0.0092588460439095022,-0.0017805473161364429,-0.43805279028981664,-26.920335112356007,15.732917079502283,0.92320295821040299,0.58165702141777342,0,2.3395974673929318e-17,-26.173578957682576,15.640750718988157,0.70983866179686328,0.61198541626368397,0.00089869388065028858,2.3395974673929318e-17,-26.18212558480003,15.643599594693976,0.70983866179686328,0.63513253137345771,0.0053500621709913956,1,1.8307835762794629,1.7616246212198707,1,1,1
1785069397.7655063,6,1,0.99999689969639094,1.1982846145052877,0.0024900999189997235,2,0,1,1,-0.035217958670386865,0.22724273685291294,-1.9249712276176612,-0.00057951440037387625,0.54024838411070575,0.38775446169618932,-0.00035610946322728857,0.0014244378529091543,-0.00035610946322728857,0,-0.017093254234909851,0.00035610946322728857,-0.27876086654806514,-26.44245934113075,15.463649550024249,0.38466789925433453,0.64488061070231395,-0.10115774285526494,5.8800712334864058e-17,-26.173990555125872,15.640542965158286,0.70982807335508324,0.61197809262194103,0.000898682129363365,0.0042733135587275217,-26.191083809360784,15.643391840864105,0.70982807335508324,0.65471122820921568,8.4084712951435685e-06,1,1.8307835762794629,1.7616246212198707,1,1,1
1785069397.7855062,6,1,0.99999689969639094,1.1982846145052877,0.0024900999189997235,2,0,1,1,-0.03522080640699804,0.22727880818332113,-1.924978346959189,-0.00057476817268858654,0.53981695201411295,0.38775493631895785,-0.00035610946322728857,0.0017805473161364429,0,0.00035610946322728857,-0.024215443499455622,-0.00035610946322728857,-0.43805279028981664,-26.44245934113075,15.559816524837833,0.65393542873236876,0.7144265589153086,0.13909189642598929,-1.9928930208280461e-16,-26.174982574584607,15.640106942369984,0.7098065681472101,0.6119662061660307,0.00089866303900444048,0.0042733135587272632,-26.196349142378246,15.640106942369984,0.70838213029430097,0.67250481491466974,0.0017889366970726618,1,1.8307835762794629,1.7616246212198707,1,1,1
1785069397.8064237,6,1,0.99999689969639094,1.1982846145052877,0.0024900999189997235,2,0,1,1,-0.035223654143609215,0.22731487951372936,-1.924987364791791,-0.00056954732223476784,0.5392815775312122,0.38775636018726345,0.00035610946322728857,0.0021366567793637313,-0.00071221892645457715,0.00035610946322728857,-0.032049851690455974,0,0,-26.163698474582684,15.829084054315867,0.84626937835953597,0.68281476427303833,0,3.6461697093286317e-18,-26.175950621296092,15.639647864018071,0.70978402685157826,0.61195148150733281,0.00089863930398145385,-0.0042733135587274592,-26.201590502648457,15.645345615429708,0.70835958899866913,0.69207611073347275,0.00089863930398145385,1,1.8307835762794629,1.7616246212198707,1,1,1
1785069397.8264236,6,1,0.99999689969639094,1.1982846145052877,0.0024900999189997235,2,0,1,1,-0.035225552634683327,0.22735759556289695,-1.9250020780976156,-0.00056669958562359393,0.53852835119755671,0.38775920792387458,0,0.0021366567793637313,-0.00035610946322728857,0.00035610946322728857,-0.045938120756320228,0.00035610946322728857,-0.59734471403156819,-26.920335112356007,15.829084054315867,0.84626937835953597,0.74603835355757886,0.037934153570724355,8.6311365707799806e-17,-26.17704705218032,15.639056179920379,0.70975629570333931,0.61193057140924467,0.00089860656154746709,8.6311365707799806e-17,-26.202686933532686,15.641905055626198,0.70833185785043018,0.72677587330004523,8.3329034792456555e-06,1,1.8307835762794629,1.7616246212198707,1,1,1
1785069397.8464236,6,1,0.99999689969639094,1.1982846145052877,0.0024900999189997235,2,0,1,1,-0.035230298862368621,0.22738939528838839,-1.9250072989480693,-0.00056242798070683323,0.53734606588115108,0.38776015716941165,-0.00035610946322728857,0.00035610946322728857,-0.00035610946322728857,0,-0.07050967371900313,0,0.79645961870875759,-26.283167417388999,15.194382020546215,0.55776845391878516,0.88513024998356815,0.107480101783719,-1.3013783865278661e-18,-26.177892415958034,15.638643745959362,0.70973760906235817,0.61189836312352508,0.00089855727308442218,0.0042733135587274618,-26.182165729516761,15.641492621665181,0.70973760906235817,0.78817254742103293,0.00089855727308442218,1,1.8307835762794629,1.7616246212198707,1,1,1
1785069397.8664236,6,1,0.99999689969639094,1.1982846145052877,0.0024900999189997235,2,0,1,1,-0.035232671976211265,0.22739129377946252,-1.9250125197985231,-0.00055958024409565933,0.53551971746785154,0.38776063179218018,-0.00035610946322728857,0,0,0,-0.10434007272559555,-0.00035610946322728857,-0.27876086654806514,-25.207946932132177,15.463649550024249,0.55776845391878516,1.0178997874811033,-0.031611794642270291,-2.2989200292672086e-16,-26.177807310001725,15.63848866931324,0.70973309128775031,0.61184821822610991,0.00089848190609969302,0.0042733135587272328,-26.177807310001725,15.63848866931324,0.70973309128775031,0.8726984000400988,0.0017887555641679144,1,1.8307835762794629,1.7616246212198707,1,1,1
1785069397.8924987,6,1,0.99999689969639094,1.1982846145052877,0.0024900999189997235,2,0,1,1,-0.035233621221748321,0.22739129377946252,-1.9250129944212917,-0.00055768175302154342,0.5336506530053845,0.38776110641494871,0,0,-0.00035610946322728857,0.00035610946322728857,-0.12000888910759624,0,0,-26.44245934113075,15.559816524837833,1.0193699330239865,0.84719609641284388,0.13909189642598929,6.196229882441392e-17,-26.177706656714193,15.638391818249993,0.70973191427674631,0.61179496865222993,0.00089840221857385603,6.196229882441392e-17,-26.177706656714193,15.641240693955812,0.70830747642383718,0.91181719142122053,0.00089840221857385603,1,1.8307835762794629,1.7616246212198707,1,1,1
1785069397.9124987,6,1,0.99999689969639094,1.1982846145052877,0.0024900999189997235,2,0,1,1,-0.035235994335590964,0.22739224302499958,-1.9250220122538937,-0.00055720713025301453,0.52974165988377986,0.38776110641494871,-0.00035610946322728857,0,0,-0.00035610946322728857,-0.14137545690123357,0,0,-26.920335112356007,15.559816524837833,0.4616014791052015,0.98628799283883317,-0.10115774285526494,5.4210210159603156e-16,-26.177427519252841,15.638086632570086,0.70972617576644381,0.61167640604676676,0.00089822623917774512,0.0042733135587280048,-26.177427519252841,15.638086632570086,0.71115061361935294,0.96511504829985073,0.00089822623917774512,1,1.8307835762794629,1.7616246212198707,1,1,1
1785069397.9324987,6,1,0.99999689969639094,1.1982846145052877,0.0024900999189997235,2,0,1,1,-0.03523551971282244,0.22739129377946252,-1.9250220122538937,-0.00055673250748448553,0.52697413452048747,0.38776063179218018,0,-0.00035610946322728857,-0.00035610946322728857,0,-0.13603381495282424,-0.00035610946322728857,-0.27876086654806514,-25.52653077961568,15.559816524837833,0.55776845391878516,0.84719609641284388,0,-3.5475857893922894e-17,-26.177235877024426,15.637938822518674,0.70972581294248782,0.6115870503015679,0.00089809381637423686,-3.5475857893922894e-17,-26.172962563465699,15.640787698224493,0.70972581294248782,0.95167158768362847,0.0017883674744424583,1,1.8307835762794629,1.7616246212198707,1,1,1
1785069397.9524987,6,1,0.99999689969639094,1.1982846145052877,0.0024900999189997235,2,0,1,1,-0.03523551971282244,0.22739081915669399,-1.9250201137628196,-0.00055720713025301453,0.52430390682474348,0.38776015716941165,-0.00035610946322728857,0,0,-0.00035610946322728857,-0.12784329729859659,-0.00035610946322728857,-0.27876086654806514,-25.52653077961568,15.559816524837833,0.55776845391878516,0.88513024998356815,-0.10115774285526494,1.7678147405190606e-16,-26.177074517938461,15.637801855258628,0.70972638134342614,0.61149644937930558,0.00089795986368464717,0.0042733135587276396,-26.177074517938461,15.637801855258628,0.71115081919633527,0.93110469262579709,0.0017882335217528685,1,1.8307835762794629,1.7616246212198707,1,1,1
1785069397.9724987,6,1,0.99999689969639094,1.1982846145052877,0.0024900999189997235,2,0,1,1,-0.035235045090053908,0.22738986991115692,-1.925017740648977,-0.00055673250748448553,0.52175328406666877,0.38775968254664311,0,-0.00035610946322728857,0,0.00035610946322728857,-0.13247272032055135,-0.00035610946322728857,-0.75663663777331969,-26.44245934113075,15.367482575210666,0.92320295821040299,0.88513024998356815,0.037934153570724355,1.3851715198126371e-16,-26.176904586513142,15.637674935884474,0.70972717865925072,0.6114058809901648,0.00089782575996357329,1.3851715198126371e-16,-26.172631272954415,15.637674935884474,0.70830274080634159,0.94258768179154317,0.0017880994180317948,1,1.8307835762794629,1.7616246212198707,1,1,1
1785069397.9924986,6,1,0.99999689969639094,1.1982846145052877,0.0024900999189997235,2,0,1,1,-0.035235045090053908,0.22738986991115692,-1.9250186898945141,-0.00055720713025301453,0.52039823606251856,0.38776015716941165,0,0,0,-0.00035610946322728857,-0.12072110803405083,0,0,-26.283167417388999,15.829084054315867,0.55776845391878516,1.0178997874811033,0.069545948212994646,-1.5139514112996449e-17,-26.176803380708726,15.63757755318718,0.70972652008192949,0.61135605075290211,0.00089775195918867956,-1.5139514112996449e-17,-26.176803380708726,15.63757755318718,0.71115095793483862,0.91315882083802913,0.00089775195918867956,1,1.8307835762794629,1.7616246212198707,1,1,1
1785069398.0124986,6,1,0.99999689969639094,1.1982846145052877,0.0024900999189997235,2,0,1,1,-0.035234570467285384,0.22738986991115692,-1.9250172660262084,-0.00055720713025301453,0.51721304266292056,0.38775920792387458,0,-0.00035610946322728857,0.00035610946322728857,0,-0.10968171467400488,0,0.31858384748350305,-26.761043188614252,15.829084054315867,0.55776845391878516,0.81558430177057351,0.107480101783719,-2.0200890289066298e-16,-26.17659545503555,15.637377482019899,0.70972639321926245,0.61123463566049629,0.00089757255507537782,-2.0200890289066298e-16,-26.172322141476823,15.634528606314079,0.70972639321926245,0.88543892234550847,0.00089757255507537782,1,1.8307835762794629,1.7616246212198707,1,1,1
1785069398.0324986,6,1,0.99999689969639094,1.1982846145052877,0.0024900999189997235,2,0,1,1,-0.035233146598979796,0.22738844604285133,-1.92501679140344,-0.00055768175302154342,0.51520301523820033,0.38775873330110611,0,0,0,0,-0.080836848152594509,0,-0.43805279028981664,-26.283167417388999,15.559816524837833,0.4616014791052015,0.81558430177057351,-0.031611794642270291,-2.0235216280569324e-16,-26.1764111130773,15.637254992900244,0.70972689842161896,0.6111548678179064,0.00089745480652971314,-2.0235216280569324e-16,-26.1764111130773,15.637254992900244,0.70972689842161896,0.81324698819939267,0.00089745480652971314,1,1.8307835762794629,1.7616246212198707,1,1,1
1785069398.0524986,6,1,0.99999689969639094,1.1982846145052877,0.0024900999189997235,2,0,1,1,-0.035234095844516852,0.22738892066561986,-1.9250158421579029,-0.00055720713025301453,0.51397231839940472,0.38775873330110611,-0.00035610946322728857,0,0.00035610946322728857,0,-0.045225901829865647,0.00035610946322728857,0.31858384748350305,-26.163698474582684,15.655983499651416,0.4616014791052015,0.51211107320477878,0.13909189642598929,3.373874624869097e-16,-26.176343625210098,15.637171758014345,0.70972669391885057,0.61110478315174444,0.00089738058708719399,0.0042733135587278001,-26.176343625210098,15.634322882308526,0.70972669391885057,0.72416953772640857,7.1069290189725595e-06,1,1.8307835762794629,1.7616246212198707,1,1,1
1785069398.0724986,6,1,0.99999689969639094,1.1982846145052877,0.0024900999189997235,2,0,1,1,-0.035234095844516852,0.22738844604285133,-1.9250144182895972,-0.00055768175302154342,0.51332778067974238,0.38775825867833758,0,-0.00035610946322728857,0,0,-0.024927662425910199,0,-0.59734471403156819,-26.601751264872501,15.559816524837833,0.75010240354595237,0.58165702141777342,-0.13276953749753523,-2.2990721799738714e-16,-26.17629477745156,15.637143051915954,0.70972753831424717,0.6110782521277901,0.00089734162061345967,-2.2990721799738714e-16,-26.172021463892833,15.637143051915954,0.70972753831424717,0.67339740819256555,0.00089734162061345967,1,1.8307835762794629,1.7616246212198707,1,1,1
1785069398.0924985,6,1,0.99999689969639094,1.1982846145052877,0.0024900999189997235,2,0,1,1,-0.035233621221748321,0.22738749679731429,-1.9250144182895972,-0.00055720713025301453,0.51309236778655198,0.38775825867833758,0,-0.00035610946322728857,-0.00035610946322728857,0.00035610946322728857,-0.019586020477500871,0.00035610946322728857,-0.75663663777331969,-25.685822703357431,15.559816524837833,0.65393542873236876,0.61326881606004369,0.069545948212994646,-1.6908795839098119e-16,-26.176248889464819,15.637135490193362,0.70972780355196163,0.61106850975662952,0.00089732708378307917,-1.6908795839098119e-16,-26.171975575906092,15.639984365899181,0.7083033656990525,0.66003356095038168,7.053425714857736e-06,1,1.8307835762794629,1.7616246212198707,1,1,1
1785069398.1124988,6,1,0.99999689969639094,1.1982846145052877,0.0024900999189997235,2,0,1,1,-0.035234095844516852,0.22738749679731429,-1.9250101466846805,-0.00055768175302154342,0.51272833212309032,0.38775778405556904,0,0.00035610946322728857,0,0,-0.0081905176542276369,0,0.63716769496700609,-25.845114627099182,15.559816524837833,0.55776845391878516,0.61326881606004369,0.107480101783719,8.5848781580958965e-17,-26.176264071233824,15.6371500984623,0.70972982502890003,0.61105349528901831,0.00089730515454618004,8.5848781580958965e-17,-26.180537384792551,15.6371500984623,0.70972982502890003,0.63152978942458737,0.00089730515454618004,1,1.8307835762794629,1.7616246212198707,1,1,1
1785069398.1324987,6,1,0.99999689969639094,1.1982846145052877,0.0024900999189997235,2,0,1,1,-0.035233621221748321,0.22738702217454576,-1.9250106213074489,-0.00055768175302154342,0.51255651868088281,0.38775778405556904,0,0,0,0,-0.0081905176542276369,0,0,-26.283167417388999,15.92525102912945,1.1155369078375703,0.58165702141777342,0,2.4922193916062023e-16,-26.176231877968767,15.637137417729845,0.70972978214965843,0.61104629695741564,0.00089729450795900188,2.4922193916062023e-16,-26.176231877968767,15.637137417729845,0.70972978214965843,0.6315225910929847,0.00089729450795900188,1,1.8307835762794629,1.7616246212198707,1,1,1
1785069398.1524987,6,1,0.99999689969639094,1.1982846145052877,0.0024900999189997235,2,0,1,1,-0.035233621221748321,0.2273860729290087,-1.9250077735708377,-0.00055768175302154342,0.51240796175433323,0.38775683481003198,0,0,0,0,-0.0060538608748639056,-0.00035610946322728857,0.15929192374175152,-25.845114627099182,15.367482575210666,0.4616014791052015,0.61326881606004369,0.069545948212994646,-2.5598702525581236e-17,-26.176221008159612,15.637163551366219,0.70973151706631743,0.61104021800416342,0.00089728581981649285,-2.5598702525581236e-17,-26.176221008159612,15.637163551366219,0.70973151706631743,0.62617487019132323,0.0017875594778847142,1,1.8307835762794629,1.7616246212198707,1,1,1
1785069398.1724987,6,1,0.99999689969639094,1.1982846145052877,0.0024900999189997235,2,0,1,1,-0.035233621221748321,0.22738559830624017,-1.9250072989480693,-0.00055768175302154342,0.51231066408678483,0.38775730943280051,0,0,0.00035610946322728857,0,-0.0042733135587274627,0.00035610946322728857,-0.11946894280631364,-26.601751264872501,15.732917079502283,1.0193699330239865,0.7144265589153086,0,-1.1800534337065577e-16,-26.176204145434117,15.637165622059248,0.70973193558746184,0.61103616498384383,0.00089727967436632056,-1.1800534337065577e-16,-26.176204145434117,15.634316746353429,0.70973193558746184,0.62171944888066244,7.0060162980991215e-06,1,1.8307835762794629,1.7616246212198707,1,1,1
1785069398.1924987,6,1,0.99999689969639094,1.1982846145052877,0.0024900999189997235,2,0,1,1,-0.035233621221748321,0.22738559830624017,-1.9250072989480693,-0.00055768175302154342,0.51223804680319984,0.38775683481003198,0,0,0,0,-0.0049855324851820395,0,0.63716769496700609,-26.004406550840933,15.559816524837833,0.65393542873236876,0.68281476427303833,-0.10115774285526494,-1.0602471110885247e-16,-26.176198545921046,15.637160234070896,0.70973191758684628,0.61103310644397424,0.00089727530200912908,-1.0602471110885247e-16,-26.176198545921046,15.637160234070896,0.70973191758684628,0.62349693765692937,0.00089727530200912908,1,1.8307835762794629,1.7616246212198707,1,1,1
1785069398.2134171,6,1,0.99999689969639094,1.1982846145052877,0.0024900999189997235,2,0,1,1,-0.035233621221748321,0.2273860729290087,-1.9250068243253007,-0.00055768175302154342,0.51208426902619653,0.38775683481003198,0,0.00035610946322728857,-0.00035610946322728857,0,-0.0067660798013184824,0,-0.27876086654806514,-26.601751264872501,15.655983499651416,0.55776845391878516,0.68281476427303833,0.037934153570724355,-1.2582593695966391e-16,-26.176205683481943,15.637148805586284,0.70973187919644598,0.61102661896219701,0.00089726570727357321,-1.2582593695966391e-16,-26.180478997040669,15.639997681292103,0.70973187919644598,0.62794181846549324,0.00089726570727357321,1,1.8307835762794629,1.7616246212198707,1,1,1
1785069398.233417,6,1,0.99999689969639094,1.1982846145052877,0.0024900999189997235,2,0,1,1,-0.035233146598979796,0.22738512368347163,-1.9250063497025323,-0.00055815637579007243,0.51194520455501746,0.38775636018726345,0,-0.00035610946322728857,0,0,-0.0060538608748639056,0,-1.0752204852568228,-26.163698474582684,15.732917079502283,0.75010240354595237,0.58165702141777342,0.107480101783719,-3.6504712223347279e-17,-26.176170953560039,15.637151980449948,0.70973262773264634,0.61102079986271629,0.00089725737922089085,-3.6504712223347279e-17,-26.171897640001312,15.637151980449948,0.70973262773264634,0.6261554520498761,0.00089725737922089085,1,1.8307835762794629,1.7616246212198707,1,1,1
1785069398.253417,6,1,0.99999689969639094,1.1982846145052877,0.0024900999189997235,2,0,1,1,-0.035233146598979796,0.2273846490607031,-1.9250011288520785,-0.00055863099855860143,0.51185217849238585,0.38775588556449492,0,0,0.00035610946322728857,-0.00035610946322728857,-0.0028488757058183086,0,0,-25.685822703357431,15.732917079502283,0.4616014791052015,0.68281476427303833,-0.063223589284540582,-2.2475915189986897e-16,-26.176202195691953,15.637200338816177,0.70973538090452126,0.61101710168731149,0.00089725218836502005,-2.2475915189986897e-16,-26.176202195691953,15.634351463110358,0.7111598187574304,0.61813929095185727,0.00089725218836502005,1,1.8307835762794629,1.7616246212198707,1,1,1
1785069398.273417,6,1,0.99999689969639094,1.1982846145052877,0.0024900999189997235,2,0,1,1,-0.035233146598979796,0.22738227594686047,-1.9249954333788561,-0.00055863099855860143,0.51183604131825589,0.38775446169618932,0,0,0.00035610946322728857,0,-0.00035610946322728857,-0.00035610946322728857,0,-25.685822703357431,15.290548995359799,0.55776845391878516,0.54372286784704904,-0.10115774285526494,-2.7153203634226327e-16,-26.176187858018984,15.637278024903914,0.70973914212277045,0.61101675969672331,0.00089725213684656887,-2.7153203634226327e-16,-26.176187858018984,15.634429149198095,0.70973914212277045,0.61190703335479157,0.0017875257949147903,1,1.8307835762794629,1.7616246212198707,1,1,1
1785069398.2964234,6,1,0.99999689969639094,1.1982846145052877,0.0024900999189997235,2,0,1,1,-0.035232197353442733,0.22737990283301782,-1.9249887886600967,-0.00055910562132713043,0.51183746518656137,0.38775398707342079,0,-0.00035610946322728857,0.00035610946322728857,-0.00035610946322728857,0,0.00035610946322728857,-0.27876086654806514,-26.601751264872501,15.559816524837833,0.65393542873236876,0.7144265589153086,0.069545948212994646,5.8764370682733039e-17,-26.176184121759452,15.637365911982377,0.70974346905753405,0.61101720199956799,0.00089725306976058347,5.8764370682733039e-17,-26.171910808200725,15.634517036276558,0.71116790691044318,0.61101720199956799,6.9794116923620338e-06,1,1.8307835762794629,1.7616246212198707,1,1,1
1785069398.3164234,6,1,0.99999689969639094,1.1982846145052877,0.0024900999189997235,2,0,1,1,-0.035232197353442733,0.22737278349148987,-1.9249773977136519,-0.00055958024409565933,0.51184316065978375,0.38774876622296695,0,-0.00035610946322728857,0.00035610946322728857,-0.00035610946322728857,0.00035610946322728857,-0.00035610946322728857,-0.59734471403156819,-26.004406550840933,16.021418003943033,0.65393542873236876,0.51211107320477878,-0.063223589284540582,-2.5779042390225762e-16,-26.176087019543889,15.6375469247551,0.70975222736159427,0.61101822698032393,0.00089725637686818101,-2.5779042390225762e-16,-26.171813705985162,15.63469804904928,0.7111766652145034,0.61012795332225567,0.0017875300349364024,1,1.8307835762794629,1.7616246212198707,1,1,1
1785069398.3364234,6,1,0.99999689969639094,1.1982846145052877,0.0024900999189997235,2,0,1,1,-0.035232197353442733,0.2273713596231843,-1.9249674306355129,-0.00055958024409565933,0.5118455337736264,0.38774354537251315,0,-0.00035610946322728857,0.00035610946322728857,0,0.00035610946322728857,0,0,-25.845114627099182,15.463649550024249,0.92320295821040299,0.61326881606004369,-0.10115774285526494,1.6878650923004867e-16,-26.176145899408393,15.637658469829788,0.70975754416196835,0.61101880957942623,0.00089725890225444125,1.6878650923004867e-16,-26.171872585849666,15.634809594123968,0.70975754416196835,0.61012853592135796,0.00089725890225444125,1,1.8307835762794629,1.7616246212198707,1,1,1
1785069398.3566942,6,1,0.99999689969639094,1.1982846145052877,0.0024900999189997235,2,0,1,1,-0.035233146598979796,0.22737183424595284,-1.9249664813899758,-0.00055910562132713043,0.51184600839639494,0.38774212150420756,0,0,0,0.00035610946322728857,0,0,-0.27876086654806514,-26.163698474582684,15.367482575210666,1.0193699330239865,0.61326881606004369,0,8.1931901421149706e-17,-26.176170178726647,15.637663535500812,0.7097576473976942,0.61101884980667864,0.00089725928849625376,8.1931901421149706e-17,-26.176170178726647,15.637663535500812,0.70833320954478507,0.61101884980667864,0.00089725928849625376,1,1.8307835762794629,1.7616246212198707,1,1,1
1785069398.3766942,6,1,0.99999689969639094,1.1982846145052877,0.0024900999189997235,2,0,1,1,-0.035233621221748321,0.22737183424595284,-1.9249669560127443,-0.00055910562132713043,0.51184505915085787,0.38774164688143903,0,0,0,0.00035610946322728857,0,0,-0.27876086654806514,-26.44245934113075,15.732917079502283,0.65393542873236876,0.64488061070231395,-0.13276953749753523,-1.3273787598345622e-17,-26.176165282593757,15.637658824322294,0.70975742583823154,0.61101878948038113,0.00089725935037925867,-1.3273787598345622e-17,-26.176165282593757,15.637658824322294,0.7083329879853224,0.61101878948038113,0.00089725935037925867,1,1.8307835762794629,1.7616246212198707,1,1,1
1785069398.3966942,6,1,0.99999689969639094,1.1982846145052877,0.0024900999189997235,2,0,1,1,-0.035234095844516852,0.22737183424595284,-1.9249660067672072,-0.00055910562132713043,0.51184600839639494,0.38774069763590197,0,0,0.00035610946322728857,0,0.00035610946322728857,-0.00035610946322728857,-0.11946894280631364,-26.601751264872501,15.655983499651416,0.84626937835953597,0.58165702141777342,0.037934153570724355,1.1652472908143767e-16,-26.176175001044356,15.637668175652566,0.70975786922563411,0.61101886981606102,0.00089725977157824766,1.1652472908143767e-16,-26.176175001044356,15.634819299946747,0.70975786922563411,0.61012859615799275,0.001787533429646469,1,1.8307835762794629,1.7616246212198707,1,1,1
1785069398.4166942,6,1,0.99999689969639094,1.1982846145052877,0.0024900999189997235,2,0,1,1,-0.035234095844516852,0.22736993575487871,-1.9249612605395221,-0.00055910562132713043,0.51184980537854319,0.3877397483903649,0,-0.00035610946322728857,0.00035610946322728857,-0.00035610946322728857,0.00035610946322728857,-0.00035610946322728857,0.31858384748350305,-26.44245934113075,15.463649550024249,1.0193699330239865,0.68281476427303833,0,3.4950090311288416e-17,-26.176166750505796,15.637733422713293,0.70976097069196165,0.61101931189034597,0.00089726072832605537,3.4950090311288416e-17,-26.171893436947069,15.634884547007474,0.71118540854487078,0.61012903823227771,0.0017875343863942767,1,1.8307835762794629,1.7616246212198707,1,1,1
1785069398.4366941,6,1,0.99999689969639094,1.1982846145052877,0.0024900999189997235,2,0,1,1,-0.035233621221748321,0.22736566414996195,-1.9249432248743179,-0.00055910562132713043,0.51185929783391371,0.38773879914482784,0,0,0.0017805473161364429,0.00035610946322728857,0.00035610946322728857,-0.00035610946322728857,0.31858384748350305,-26.283167417388999,15.559816524837833,0.84626937835953597,0.68281476427303833,0.037934153570724355,-1.7859170754881158e-16,-26.176223002703384,15.637952218410678,0.70977138111245719,0.61102065791856752,0.00089726302350564917,-1.7859170754881158e-16,-26.176223002703384,15.623707839881586,0.70834694325954806,0.61013038426049926,0.0017875366815738706,1,1.8307835762794629,1.7616246212198707,1,1,1
1785069398.4566941,6,1,0.99999689969639094,1.1982846145052877,0.0024900999189997235,2,0,1,1,-0.035234095844516852,0.22736091792227667,-1.9248668106085847,-0.00055910562132713043,0.51186451868436755,0.38773879914482784,0,-0.00035610946322728857,0.0060538608748639056,0,0,-0.00035610946322728857,0.63716769496700609,-26.44245934113075,15.194382020546215,0.28850092444075093,0.61326881606004369,-0.10115774285526494,-7.3963388884632257e-17,-26.176857808522183,15.638746009203382,0.7098092460604527,0.61102431133460899,0.00089726843467560595,-7.3963388884632257e-17,-26.172584494963456,15.590315122204471,0.7098092460604527,0.61102431133460899,0.0017875420927438274,1,1.8307835762794629,1.7616246212198707,1,1,1
1785069398.4766943,6,1,0.99999689969639094,1.1982846145052877,0.0024900999189997235,2,0,1,1,-0.035234095844516852,0.22735759556289695,-1.9248008380437591,-0.00055863099855860143,0.51187543500804378,0.38773879914482784,0,-0.00071221892645457715,0.0017805473161364429,0.00035610946322728857,0.00071221892645457715,-0.00035610946322728857,0,-26.920335112356007,15.92525102912945,0.4616014791052015,0.61326881606004369,0,-2.9728801496731213e-16,-26.17742986934968,15.639424535808402,0.70984145438198876,0.61102769982922012,0.00089727332616217374,-2.9728801496731213e-16,-26.168883242232226,15.62518015727931,0.70841701652907962,0.6092471525130837,0.0017875469842303952,1,1.8307835762794629,1.7616246212198707,1,1,1
1785069398.497422,6,1,0.99999689969639094,1.1982846145052877,0.0024900999189997235,2,0,1,1,-0.035234095844516852,0.22734952697583197,-1.9247937187022313,-0.00055910562132713043,0.5118849274634143,0.38773879914482784,-0.00035610946322728857,-0.00071221892645457715,0.00035610946322728857,0,0.00035610946322728857,0,-0.91592856151507118,-26.44245934113075,15.829084054315867,0.38466789925433453,0.58165702141777342,0.037934153570724355,5.6410964673087487e-17,-26.177261217119931,15.639573295970314,0.70984865983189382,0.61102874149723196,0.00089727499501546443,0.0042733135587275191,-26.168714590002477,15.636724420264494,0.70984865983189382,0.6101384678391637,0.00089727499501546443,1,1.8307835762794629,1.7616246212198707,1,1,1
1785069398.517422,6,1,0.99999689969639094,1.1982846145052877,0.0024900999189997235,2,0,1,1,-0.035234095844516852,0.2273386106521558,-1.9247922948339258,-0.00055958024409565933,0.51190153926031279,0.38773832452205931,0,-0.00035610946322728857,0,-0.00035610946322728857,0.0010683283896818657,-0.00035610946322728857,-0.27876086654806514,-26.004406550840933,15.655983499651416,0.4616014791052015,0.61326881606004369,-0.16438133213980552,3.7734715132827598e-16,-26.17695009547192,15.639694748841766,0.70985453877282523,0.61102996297085488,0.00089727708067812307,3.7734715132827598e-16,-26.172676781913193,15.639694748841766,0.71127897662573436,0.6083591419966502,0.0017875507387463444,1,1.8307835762794629,1.7616246212198707,1,1,1
1785069398.5374219,6,1,0.99999689969639094,1.1982846145052877,0.0024900999189997235,2,0,1,1,-0.035233146598979796,0.22733244055616492,-1.9247922948339258,-0.00055910562132713043,0.51191577794336873,0.38773832452205931,0,-0.00035610946322728857,0.00035610946322728857,0,0.00035610946322728857,0,0.63716769496700609,-27.079627036097758,15.559816524837833,0.84626937835953597,0.64488061070231395,-0.063223589284540582,1.7820200186049408e-16,-26.17676707665515,15.639756499888527,0.70985730151894033,0.61103082392563945,0.00089727822786886836,1.7820200186049408e-16,-26.172493763096423,15.636907624182708,0.70985730151894033,0.61014055026757119,0.00089727822786886836,1,1.8307835762794629,1.7616246212198707,1,1,1
1785069398.5574219,6,1,0.99999689969639094,1.1982846145052877,0.0024900999189997235,2,0,1,1,-0.035233621221748321,0.2273257958374055,-1.9247918202111571,-0.00055863099855860143,0.51192479577597072,0.38773784989929083,0.00035610946322728857,-0.00035610946322728857,0.00035610946322728857,0.00035610946322728857,0.00035610946322728857,0,-0.27876086654806514,-25.685822703357431,15.829084054315867,1.2117038826511539,0.64488061070231395,-0.063223589284540582,-1.9012039336911126e-16,-26.176574279841322,15.639827139319872,0.70986050580072124,0.61103150449539601,0.00089727925951952703,-0.0042733135587276526,-26.172300966282595,15.636978263614052,0.70843606794781211,0.61014123083732774,0.00089727925951952703,1,1.8307835762794629,1.7616246212198707,1,1,1
1785069398.5774219,6,1,0.99999689969639094,1.1982846145052877,0.0024900999189997235,2,0,1,1,-0.035233146598979796,0.22732104960972022,-1.9247918202111571,-0.00055910562132713043,0.51194093295010068,0.3877373752765223,0.00035610946322728857,0,-0.00035610946322728857,0.00035610946322728857,0.0014244378529091543,0,0.15929192374175152,-26.163698474582684,15.655983499651416,0.55776845391878516,0.54372286784704904,0.037934153570724355,-7.2902561915100234e-17,-26.176433177061217,15.639874333618884,0.70986284245366127,0.61103238473315913,0.00089728083975588102,-0.0042733135587275355,-26.176433177061217,15.642723209324704,0.70843840460075214,0.6074712901008863,0.00089728083975588102,1,1.8307835762794629,1.7616246212198707,1,1,1
1785069398.597425,6,1,0.99999689969639094,1.1982846145052877,0.0024900999189997235,2,0,1,1,-0.035232671976211265,0.22730728554943289,-1.9247913455883887,-0.00055958024409565933,0.51199503994571305,0.38773595140821671,0.00035610946322728857,-0.0014244378529091543,0.00035610946322728857,0,0.0035610946322728858,0,-0.11946894280631364,-26.601751264872501,15.463649550024249,0.75010240354595237,0.61326881606004369,0.037934153570724355,-1.4381954298465782e-16,-26.176030127213533,15.640017114180704,0.70986961626877976,0.61103526392626861,0.00089728567967667166,-0.0042733135587276067,-26.158936872978622,15.637168238474885,0.70986961626877976,0.60213252734558642,0.00089728567967667166,1,1.8307835762794629,1.7616246212198707,1,1,1
1785069398.617425,6,1,0.99999689969639094,1.1982846145052877,0.0024900999189997235,2,0,1,1,-0.035232197353442733,0.22725460242212617,-1.9247861247379348,-0.00056005486686418833,0.51208094666681681,0.38773405291714258,0,-0.0046294230219547511,0.00035610946322728857,-0.00035610946322728857,0.0049855324851820395,-0.00035610946322728857,-1.0752204852568228,-26.004406550840933,15.92525102912945,0.92320295821040299,0.48049927856250846,-0.031611794642270291,-1.5141273534919966e-16,-26.174513727980422,15.640588949664673,0.7098967628565237,0.61104131310447118,0.0008972953635975093,-1.5141273534919966e-16,-26.118960651716964,15.637740073958854,0.71132120070943283,0.59857748189151605,0.0017875690216657308,1,1.8307835762794629,1.7616246212198707,1,1,1
1785069398.6374249,6,1,0.99999689969639094,1.1982846145052877,0.0024900999189997235,2,0,1,1,-0.03522982423960009,0.22717628966531889,-1.9247813785102494,-0.00056052948963271733,0.51216020866916112,0.38773215442606845,0,-0.0021366567793637313,0,0,0.003204985169045597,-0.00035610946322728857,-0.27876086654806514,-26.761043188614252,15.655983499651416,0.75010240354595237,0.51211107320477878,-0.063223589284540582,1.0394787575188488e-16,-26.172225307694632,15.641406003997936,0.7099356356933898,0.61104812573734735,0.00089730617938325972,1.0394787575188488e-16,-26.146585426342266,15.641406003997936,0.7099356356933898,0.60303566281473331,0.0017875798374514811,1,1.8307835762794629,1.7616246212198707,1,1,1
1785069398.6574249,6,1,0.99999689969639094,1.1982846145052877,0.0024900999189997235,2,0,1,1,-0.03522982423960009,0.22714354069429038,-1.9247642920905825,-0.00056147873516977523,0.51223947067150544,0.38773120518053139,0,-0.0010683283896818657,0.0014244378529091543,0,0.0049855324851820395,0,0.63716769496700609,-26.44245934113075,15.732917079502283,0.75010240354595237,0.54372286784704904,-0.031611794642270291,9.428822705543926e-17,-26.171424499734652,15.641897965938918,0.70995913130510047,0.61105353237026594,0.00089731473689681849,9.428822705543926e-17,-26.158604559058471,15.630502463115645,0.70995913130510047,0.59858970115731081,0.00089731473689681849,1,1.8307835762794629,1.7616246212198707,1,1,1
1785069398.6774249,6,1,0.99999689969639094,1.1982846145052877,0.0024900999189997235,2,0,1,1,-0.035230298862368621,0.2271354721072254,-1.924740560952156,-0.00056100411240124623,0.51239514693958299,0.38773025593499433,0,0,0.00035610946322728857,0.00035610946322728857,0.0096149555071367906,-0.00035610946322728857,0,-26.601751264872501,15.829084054315867,0.84626937835953597,0.51211107320477878,-0.13276953749753523,-1.1886850902277656e-16,-26.17143640170428,15.642220475150047,0.70997387882659668,0.61106136627738772,0.0008973265025299951,-1.1886850902277656e-16,-26.17143640170428,15.639371599444228,0.70854944097368755,0.58702397750954571,0.0017876001605982164,1,1.8307835762794629,1.7616246212198707,1,1,1
1785069398.7004178,6,1,0.99999689969639094,1.1982846145052877,0.0024900999189997235,2,0,1,1,-0.035230298862368621,0.22713499748445687,-1.9247400863293875,-0.00056147873516977523,0.51251332800894667,0.38773025593499433,0,0,-0.00035610946322728857,-0.00035610946322728857,0.0085466271174549253,0,0.15929192374175152,-26.163698474582684,15.559816524837833,0.55776845391878516,0.54372286784704904,-0.13276953749753523,1.7620678674874424e-16,-26.171435638514883,15.642238038272465,0.70997446998348057,0.61106633296324708,0.00089733397563552923,1.7620678674874424e-16,-26.171435638514883,15.645086913978284,0.7113989078363897,0.58969976516960976,0.00089733397563552923,1,1.8307835762794629,1.7616246212198707,1,1,1
1785069398.7204177,6,1,0.99999689969639094,1.1982846145052877,0.0024900999189997235,2,0,1,1,-0.035230773485137146,0.22713499748445687,-1.9247396117066189,-0.00056100411240124623,0.5127022278708212,0.3877297813122258,0,0,0,0,0.0042733135587274627,0,0.47787577122525454,-25.367238855873929,15.655983499651416,0.55776845391878516,0.58165702141777342,-0.13276953749753523,-1.9420736142399916e-16,-26.171455248046225,15.642256907040855,0.70997461995733002,0.6110742106424687,0.00089734565214775628,-1.9420736142399916e-16,-26.171455248046225,15.642256907040855,0.70997461995733002,0.60039092674565009,0.00089734565214775628,1,1.8307835762794629,1.7616246212198707,1,1,1
1785069398.7404177,6,1,0.99999689969639094,1.1982846145052877,0.0024900999189997235,2,0,1,1,-0.03522982423960009,0.2271354721072254,-1.9247400863293875,-0.00056147873516977523,0.51278386298700818,0.38772883206668873,0,0,0,0,0.0046294230219547511,-0.00035610946322728857,0.15929192374175152,-26.601751264872501,15.92525102912945,1.1155369078375703,0.68281476427303833,0.037934153570724355,4.0319898951404339e-18,-26.171470426559193,15.642253214698798,0.70997431706991498,0.61107756017374781,0.00089735103559397309,4.0319898951404339e-18,-26.171470426559193,15.642253214698798,0.70997431706991498,0.59950400261886094,0.0017876246936621946,1,1.8307835762794629,1.7616246212198707,1,1,1
1785069398.7604179,6,1,0.99999689969639094,1.1982846145052877,0.0024900999189997235,2,0,1,1,-0.035230298862368621,0.2271354721072254,-1.9247396117066189,-0.00056147873516977523,0.51287878754071403,0.38772788282115167,-0.00035610946322728857,0,0,0,0.0049855324851820395,0,0,-25.52653077961568,15.655983499651416,0.65393542873236876,0.68281476427303833,-0.10115774285526494,-2.279968821259352e-16,-26.171482450246206,15.642264784184137,0.70997456247302171,0.61108151552098922,0.00089735718855690489,0.0042733135587272346,-26.171482450246206,15.642264784184137,0.70997456247302171,0.59861768430803408,0.00089735718855690489,1,1.8307835762794629,1.7616246212198707,1,1,1
1785069398.7804179,6,1,0.99999689969639094,1.1982846145052877,0.0024900999189997235,2,0,1,1,-0.035230298862368621,0.22713594672999393,-1.9247396117066189,-0.00056147873516977523,0.51301025804759648,0.38772645895284613,0,0,-0.00035610946322728857,0,0.0078344081910003485,0,0.31858384748350305,-26.601751264872501,15.92525102912945,0.38466789925433453,0.68281476427303833,-0.063223589284540582,-2.0773437597977222e-16,-26.17150661051009,15.642269734302335,0.70997437459949275,0.61108693767568845,0.00089736566233281328,-2.0773437597977222e-16,-26.17150661051009,15.645118610008154,0.70997437459949275,0.59150091719818754,0.00089736566233281328,1,1.8307835762794629,1.7616246212198707,1,1,1
1785069398.8004179,6,1,0.99999689969639094,1.1982846145052877,0.0024900999189997235,2,0,1,1,-0.035230298862368621,0.2271354721072254,-1.9247386624610818,-0.00056147873516977523,0.51320722649653605,0.38772550970730907,0,0,0,0,0.013532159602636965,0,-0.27876086654806514,-26.601751264872501,15.655983499651416,0.75010240354595237,0.54372286784704904,0.069545948212994646,1.3333406642981801e-16,-26.171516939244693,15.642297970341136,0.70997508822739774,0.61109512959705459,0.00089737808235762267,1.3333406642981801e-16,-26.171516939244693,15.642297970341136,0.70997508822739774,0.57726473059046213,0.00089737808235762267,1,1.8307835762794629,1.7616246212198707,1,1,1
1785069398.8204179,6,1,0.99999689969639094,1.1982846145052877,0.0024900999189997235,2,0,1,1,-0.035230298862368621,0.22713452286168834,-1.9247348654789338,-0.00056147873516977523,0.51361824981408211,0.38772503508454054,0,0.00035610946322728857,0.00035610946322728857,0,0.026708209742046643,0,-0.27876086654806514,-26.601751264872501,15.559816524837833,0.75010240354595237,0.34140738213651917,0.037934153570724355,-5.5527960116410352e-17,-26.171558018246767,15.642374092521951,0.70997740453951863,0.61111221942657923,0.00089740351429083058,-5.5527960116410352e-17,-26.175831331805494,15.639525216816132,0.70997740453951863,0.54434169507146257,0.00089740351429083058,1,1.8307835762794629,1.7616246212198707,1,1,1
1785069398.8404179,6,1,0.99999689969639094,1.1982846145052877,0.0024900999189997235,2,0,1,1,-0.035230298862368621,0.22713309899338274,-1.924732492365091,-0.00056147873516977523,0.51431736915212534,0.38772408583900347,0,0,0,0.00035610946322728857,0.040240369344683606,-0.00035610946322728857,0.47787577122525454,-25.685822703357431,15.367482575210666,0.92320295821040299,0.58165702141777342,-0.10115774285526494,-1.3281185574365118e-17,-26.17159168520606,15.642461380151175,0.70997935071521223,0.61114087188253752,0.00089744620409450463,-1.3281185574365118e-17,-26.17159168520606,15.642461380151175,0.7085549128623031,0.51053994852082851,0.0017877198621627261,1,1.8307835762794629,1.7616246212198707,1,1,1
1785069398.8604178,6,1,0.99999689969639094,1.1982846145052877,0.0024900999189997235,2,0,1,1,-0.035230298862368621,0.22713309899338274,-1.9247320177423226,-0.00056147873516977523,0.51527515789901679,0.38772456046177201,0,0.00035610946322728857,0.00035610946322728857,0,0.050923653241502262,0.00035610946322728857,1.5929192374175152,-26.163698474582684,15.655983499651416,0.75010240354595237,0.44256512499178408,-0.16438133213980552,1.6247421259949377e-17,-26.171667089151686,15.642533935670849,0.70997981233683338,0.61117944654326539,0.0008975031239238933,1.6247421259949377e-17,-26.175940402710413,15.63968505996503,0.70997981233683338,0.48387031343950976,7.2294658556718635e-06,1,1.8307835762794629,1.7616246212198707,1,1,1
1785069398.8804178,6,1,0.99999689969639094,1.1982846145052877,0.0024900999189997235,2,0,1,1,-0.035230298862368621,0.22713309899338274,-1.9247334416106281,-0.00056147873516977523,0.51626664486247376,0.38772361121623494,0,0.00035610946322728857,0,0,0.049143105925365825,0,0,-26.004406550840933,15.367482575210666,0.19233394962716727,0.48049927856250846,0,-6.8604760642318691e-17,-26.171724628317154,15.64258930126336,0.70997939750460459,0.61121871173714926,0.00089756152538472158,-6.8604760642318691e-17,-26.175997941875881,15.64258930126336,0.70997939750460459,0.48836094692373472,0.00089756152538472158,1,1.8307835762794629,1.7616246212198707,1,1,1
1785069398.9004178,6,1,0.99999689969639094,1.1982846145052877,0.0024900999189997235,2,0,1,1,-0.03522982423960009,0.22713214974784571,-1.9247329669878597,-0.00056147873516977523,0.51709818395293661,0.38772313659346641,0,0,0,0,0.036679274712410725,-0.00035610946322728857,-0.27876086654806514,-26.163698474582684,15.655983499651416,0.55776845391878516,0.58165702141777342,0.069545948212994646,-5.7520373189167875e-18,-26.171760573115829,15.642660483210065,0.70998027004538244,0.61125128240151139,0.00089760987562600178,-5.7520373189167875e-18,-26.171760573115829,15.642660483210065,0.70998027004538244,0.51955309562048457,0.0017878835336942232,1,1.8307835762794629,1.7616246212198707,1,1,1
1785069398.9204178,6,1,0.99999689969639094,1.1982846145052877,0.0024900999189997235,2,0,1,1,-0.03522982423960009,0.22713120050230864,-1.9247329669878597,-0.00056195335793830423,0.51769763250958867,0.38772266197069788,0,0,0,-0.00035610946322728857,0.022791005646546469,0,-0.43805279028981664,-26.163698474582684,15.463649550024249,0.55776845391878516,0.58165702141777342,0.037934153570724355,-9.9946486324045165e-17,-26.171774200218248,15.642710190533936,0.70998098301298784,0.61127449611999485,0.00089764450900539281,-9.9946486324045165e-17,-26.171774200218248,15.642710190533936,0.71140542086589698,0.55429698200362865,0.00089764450900539281,1,1.8307835762794629,1.7616246212198707,1,1,1
1785069398.9404178,6,1,0.99999689969639094,1.1982846145052877,0.0024900999189997235,2,0,1,1,-0.03522982423960009,0.22713120050230864,-1.9247367639700077,-0.00056195335793830423,0.51806451590966152,0.38772171272516082,0,0,0,0,0.012819940676182388,-0.00035610946322728857,-0.59734471403156819,-25.845114627099182,15.732917079502283,0.55776845391878516,0.58165702141777342,0.069545948212994646,8.7098757920995814e-17,-26.171761447624611,15.642697919678623,0.70997930497371387,0.61128842757086133,0.000897665430242657,8.7098757920995814e-17,-26.171761447624611,15.642697919678623,0.70997930497371387,0.57923857588040539,0.0017879390883108785,1,1.8307835762794629,1.7616246212198707,1,1,1
1785069398.9604177,6,1,0.99999689969639094,1.1982846145052877,0.0024900999189997235,2,0,1,1,-0.035230298862368621,0.22713167512507718,-1.9247457818026099,-0.00056195335793830423,0.5182116489679055,0.38772123810239228,-0.00035610946322728857,0.00035610946322728857,-0.00071221892645457715,0,0.0035610946322728858,-0.00035610946322728857,0.47787577122525454,-25.685822703357431,15.559816524837833,0.19233394962716727,0.58165702141777342,0,-3.3879716243291918e-17,-26.171694447614865,15.642615153139554,0.70997491615628416,0.61129368770381953,0.00089767336600605693,0.0042733135587274288,-26.175967761173592,15.64831290455119,0.70997491615628416,0.60239095112313734,0.0017879470240742784,1,1.8307835762794629,1.7616246212198707,1,1,1
1785069398.9804177,6,1,0.99999689969639094,1.1982846145052877,0.0024900999189997235,2,0,1,1,-0.035230298862368621,0.22713309899338274,-1.9247547996352119,-0.00056195335793830423,0.51822303991435026,0.38772076347962375,0,0.00035610946322728857,-0.00035610946322728857,0,0,-0.00035610946322728857,-0.75663663777331969,-26.004406550840933,15.655983499651416,0.84626937835953597,0.61326881606004369,0.037934153570724355,-1.9897922753477022e-17,-26.171646349209503,15.642513979205486,0.70997005063459684,0.61129372391465819,0.00089767356977169931,-1.9897922753477022e-17,-26.17591966276823,15.645362854911305,0.70997005063459684,0.61129372391465819,0.0017879472278399208,1,1.8307835762794629,1.7616246212198707,1,1,1
1785069399.0004179,6,1,0.99999689969639094,1.1982846145052877,0.0024900999189997235,2,0,1,1,-0.035230298862368621,0.22713404823891981,-1.9247600204856656,-0.00056195335793830423,0.51822303991435026,0.38772028885685522,0,0,-0.00035610946322728857,0,0,-0.00035610946322728857,-0.27876086654806514,-26.283167417388999,15.367482575210666,0.4616014791052015,0.51211107320477878,-0.031611794642270291,1.8166060038246197e-16,-26.17162177794691,15.642453741163843,0.70996717388073327,0.61129348833965613,0.00089767337168671828,1.8166060038246197e-16,-26.17162177794691,15.645302616869662,0.70996717388073327,0.61129348833965613,0.0017879470297549396,1,1.8307835762794629,1.7616246212198707,1,1,1
1785069399.0204179,6,1,0.99999689969639094,1.1982846145052877,0.0024900999189997235,2,0,1,1,-0.03522982423960009,0.22713404823891981,-1.9247638174678139,-0.00056195335793830423,0.5182220906688132,0.38772076347962375,0,0,-0.00035610946322728857,0,0,0,0,-26.283167417388999,15.290548995359799,0.84626937835953597,0.64488061070231395,0.20863784463898394,-1.3379513064970837e-16,-26.171583186498736,15.642416607530924,0.70996540311594403,0.61129330715964669,0.00089767295194463767,-1.3379513064970837e-16,-26.171583186498736,15.645265483236743,0.70996540311594403,0.61129330715964669,0.00089767295194463767,1,1.8307835762794629,1.7616246212198707,1,1,1
1785069399.0404179,6,1,0.99999689969639094,1.1982846145052877,0.0024900999189997235,2,0,1,1,-0.03522982423960009,0.22713452286168834,-1.9247733099231845,-0.00056195335793830423,0.51822161604604466,0.38772076347962375,0,0,-0.00035610946322728857,0,0,0,0.47787577122525454,-26.163698474582684,15.732917079502283,0.55776845391878516,0.64488061070231395,0.069545948212994646,-7.3443623912779517e-17,-26.171501039488724,15.642319266190144,0.7099607556468176,0.61129290845629103,0.000897672360837855,-7.3443623912779517e-17,-26.171501039488724,15.645168141895963,0.7099607556468176,0.61129290845629103,0.000897672360837855,1,1.8307835762794629,1.7616246212198707,1,1,1
1785069399.0604179,6,1,0.99999689969639094,1.1982846145052877,0.0024900999189997235,2,0,1,1,-0.03522982423960009,0.22713499748445687,-1.9247875486062405,-0.00056195335793830423,0.51822114142327613,0.38772028885685522,0,0,-0.00071221892645457715,0,0,0,0.31858384748350305,-26.601751264872501,15.829084054315867,0.55776845391878516,0.51211107320477878,0.037934153570724355,-4.2971442057175978e-18,-26.171370732448825,15.642175584095703,0.70995389515201479,0.61129232837834724,0.00089767165201266484,-4.2971442057175978e-18,-26.171370732448825,15.64787333550734,0.70995389515201479,0.61129232837834724,0.00089767165201266484,1,1.8307835762794629,1.7616246212198707,1,1,1
1785069399.0804179,6,1,0.99999689969639094,1.1982846145052877,0.0024900999189997235,2,0,1,1,-0.03522982423960009,0.22713404823891981,-1.924789921720083,-0.00056195335793830423,0.51822161604604466,0.38772076347962375,0,-0.00035610946322728857,0.00035610946322728857,0,0,0.00035610946322728857,0.63716769496700609,-25.685822703357431,15.463649550024249,0.38466789925433453,0.61326881606004369,0.037934153570724355,-2.0141497944608567e-17,-26.171318286483263,15.64216171427347,0.70995323121886278,0.61129229214734482,0.00089767144704723013,-2.0141497944608567e-17,-26.167044972924536,15.639312838567651,0.70995323121886278,0.61129229214734482,7.3977889790086961e-06,1,1.8307835762794629,1.7616246212198707,1,1,1
1785069399.1004179,6,1,0.99999689969639094,1.1982846145052877,0.0024900999189997235,2,0,1,1,-0.035228874994063034,0.22713262437061421,-1.9247908709656201,-0.00056242798070683323,0.51822683689649851,0.38771981423408669,0,0,0,0,0.00071221892645457715,0,0.31858384748350305,-25.845114627099182,15.463649550024249,1.1155369078375703,0.61326881606004369,-0.063223589284540582,1.7442531152362788e-16,-26.171266014685351,15.642166309539123,0.70995357418436633,0.61129250951403957,0.00089767219799336169,1.7442531152362788e-16,-26.171266014685351,15.642166309539123,0.70995357418436633,0.60951196219790316,0.00089767219799336169,1,1.8307835762794629,1.7616246212198707,1,1,1
1785069399.1204178,6,1,0.99999689969639094,1.1982846145052877,0.0024900999189997235,2,0,1,1,-0.035226976502988915,0.22712977663400305,-1.9247908709656201,-0.00056337722624389113,0.51825341577153605,0.3877183903657811,0.00035610946322728857,0,0,0,0.0021366567793637313,-0.00035610946322728857,0.63716769496700609,-26.004406550840933,15.655983499651416,0.92320295821040299,0.58165702141777342,0.037934153570724355,5.1130064246145505e-17,-26.171181862296937,15.642195121041933,0.70995514928670955,0.61129363283297011,0.0008976745680509947,-0.0042733135587274115,-26.171181862296937,15.642195121041933,0.70995514928670955,0.60595199088456075,0.0017879482261192162,1,1.8307835762794629,1.7616246212198707,1,1,1
1785069399.1404178,6,1,0.99999689969639094,1.1982846145052877,0.0024900999189997235,2,0,1,1,-0.035226976502988915,0.22712360653801217,-1.9247913455883887,-0.00056337722624389113,0.51829423332962954,0.38771886498854963,0,-0.00035610946322728857,0,0,0.0021366567793637313,0,0,-25.845114627099182,15.463649550024249,0.84626937835953597,0.64488061070231395,-0.10115774285526494,-1.3965568363636328e-16,-26.170995297442868,15.642253471493031,0.70995781512504397,0.61129540785282299,0.0008976770446588202,-1.3965568363636328e-16,-26.166721983884141,15.642253471493031,0.70995781512504397,0.60595376590441363,0.0008976770446588202,1,1.8307835762794629,1.7616246212198707,1,1,1
1785069399.1604178,6,1,0.99999689969639094,1.1982846145052877,0.0024900999189997235,2,0,1,1,-0.035226976502988915,0.22711838568755835,-1.9247927694566942,-0.00056337722624389113,0.51833030466003782,0.3877183903657811,0,-0.00035610946322728857,-0.00035610946322728857,0,0.0017805473161364429,0,0.15929192374175152,-25.367238855873929,15.732917079502283,0.84626937835953597,0.58165702141777342,0,-3.7259180994947692e-17,-26.170827166969136,15.642292965188009,0.70995959477838766,0.61129692819612436,0.00089767944654113108,-3.7259180994947692e-17,-26.166553853410409,15.645141840893828,0.70995959477838766,0.60684555990578326,0.00089767944654113108,1,1.8307835762794629,1.7616246212198707,1,1,1
1785069399.1804178,6,1,0.99999689969639094,1.1982846145052877,0.0024900999189997235,2,0,1,1,-0.035226976502988915,0.22711601257371572,-1.9247979903071479,-0.00056337722624389113,0.51837776693689064,0.3877183903657811,0,-0.00035610946322728857,0,0,0.0028488757058183086,0,-0.11946894280631364,-25.685822703357431,15.92525102912945,0.84626937835953597,0.61326881606004369,-0.13276953749753523,4.4637225649976192e-16,-26.170706504682389,15.642268348771736,0.70995827888077112,0.6112986284112496,0.00089768196280518519,4.4637225649976192e-16,-26.166433191123662,15.642268348771736,0.70995827888077112,0.60417643914670383,0.00089768196280518519,1,1.8307835762794629,1.7616246212198707,1,1,1
1785069399.200701,6,1,0.99999689969639094,1.1982846145052877,0.0024900999189997235,2,0,1,1,-0.035226976502988915,0.22710604549557661,-1.924798939552685,-0.00056337722624389113,0.51849215102410617,0.3877183903657811,0,-0.00071221892645457715,-0.00035610946322728857,0,0.0085466271174549253,0,-0.27876086654806514,-24.889363084648675,15.655983499651416,0.38466789925433453,0.54372286784704904,0.037934153570724355,-2.9416575646604788e-16,-26.170406637196574,15.642364058183757,0.70996251244585051,0.61130332479525329,0.0008976889150551831,-2.9416575646604788e-16,-26.161860010079121,15.645212933889576,0.70996251244585051,0.58993675700161596,0.0008976889150551831,1,1.8307835762794629,1.7616246212198707,1,1,1
1785069399.220701,6,1,0.99999689969639094,1.1982846145052877,0.0024900999189997235,2,0,1,1,-0.035226976502988915,0.22708421284822428,-1.924798939552685,-0.00056337722624389113,0.51873800561820416,0.38771886498854963,0,-0.0014244378529091543,0.00035610946322728857,0.00035610946322728857,0.015668816382000697,0,0,-26.163698474582684,15.732917079502283,0.75010240354595237,0.61326881606004369,-0.13276953749753523,6.9953966553734876e-17,-26.169770487226941,15.642593631029092,0.70997275394234249,0.61131348036369548,0.00089770379816687777,6.9953966553734876e-17,-26.15267723299203,15.639744755323273,0.70854831608943336,0.57214143940869377,0.00089770379816687777,1,1.8307835762794629,1.7616246212198707,1,1,1
1785069399.240701,6,1,0.99999689969639094,1.1982846145052877,0.0024900999189997235,2,0,1,1,-0.035226976502988915,0.22706238020087194,-1.9247998887982221,-0.00056385184901242013,0.51909207420352677,0.38771886498854963,0,-0.0014244378529091543,0,-0.00035610946322728857,0.021010458330410025,0,0.63716769496700609,-26.761043188614252,15.559816524837833,0.75010240354595237,0.51211107320477878,0.037934153570724355,2.834456888491213e-16,-26.169131671279196,15.642820642853808,0.70998270011508824,0.61132763155531289,0.00089772487429660454,2.834456888491213e-16,-26.152038417044285,15.642820642853808,0.71140713796799737,0.55880148572928778,0.00089772487429660454,1,1.8307835762794629,1.7616246212198707,1,1,1
1785069399.2607012,6,1,0.99999689969639094,1.1982846145052877,0.0024900999189997235,2,0,1,1,-0.035227451125757446,0.2270519384999643,-1.9248022619120648,-0.00056337722624389113,0.51962032934489955,0.38771933961131816,-0.00035610946322728857,0,-0.00035610946322728857,0,0.030269304374319527,0,0.63716769496700609,-26.163698474582684,15.829084054315867,0.84626937835953597,0.51211107320477878,0,6.916141859915667e-17,-26.168831803000558,15.642934654095631,0.70998647435073592,0.61134772406108528,0.000897754340775066,0.0042733135587275321,-26.168831803000558,15.64578352980145,0.70998647435073592,0.53567446312528644,0.000897754340775066,1,1.8307835762794629,1.7616246212198707,1,1,1
1785069399.2807012,6,1,0.99999689969639094,1.1982846145052877,0.0024900999189997235,2,0,1,1,-0.035227925748525978,0.22705146387719577,-1.9248017872892962,-0.00056290260347536213,0.52041722097325971,0.38771981423408669,0,0,0,0,0.046294230219547511,0.00035610946322728857,-1.0752204852568228,-26.163698474582684,15.463649550024249,0.4616014791052015,0.44256512499178408,0.037934153570724355,-1.5585958469689625e-16,-26.168876881900584,15.642996327947039,0.70998699639239105,0.61137728843862782,0.0008977978319937265,-1.5585958469689625e-16,-26.168876881900584,15.642996327947039,0.70998699639239105,0.49564171288975906,7.5241739255050655e-06,1,1.8307835762794629,1.7616246212198707,1,1,1
1785069399.3007011,6,1,0.99999689969639094,1.1982846145052877,0.0024900999189997235,2,0,1,1,-0.035228400371294502,0.22705098925442724,-1.9248017872892962,-0.00056242798070683323,0.52147183276493103,0.38771933961131816,0,0,0,0,0.053772528947320576,0,0.79645961870875759,-26.163698474582684,15.732917079502283,0.92320295821040299,0.54372286784704904,-0.063223589284540582,-3.306177492366014e-16,-26.168933535972013,15.64306913971374,0.70998736154875453,0.61141578745095981,0.00089785486035802073,-3.306177492366014e-16,-26.168933535972013,15.64306913971374,0.70998736154875453,0.47698446508265835,0.00089785486035802073,1,1.8307835762794629,1.7616246212198707,1,1,1
1785069399.3207011,6,1,0.99999689969639094,1.1982846145052877,0.0024900999189997235,2,0,1,1,-0.035228874994063034,0.22705146387719577,-1.9247998887982221,-0.00056195335793830423,0.52243531698504486,0.38771981423408669,0,0.00035610946322728857,0.00035610946322728857,0.00035610946322728857,0.044513682903411074,0,0,-25.52653077961568,15.290548995359799,0.55776845391878516,0.48049927856250846,0.069545948212994646,1.2182963454169468e-16,-26.169030671717618,15.643144308264862,0.70998814561961665,0.61145040015102758,0.0008979058394561275,1.2182963454169468e-16,-26.173303985276345,15.640295432559043,0.70856370776670752,0.50016619289249986,0.0008979058394561275,1,1.8307835762794629,1.7616246212198707,1,1,1
1785069399.3407011,6,1,0.99999689969639094,1.1982846145052877,0.0024900999189997235,2,0,1,1,-0.035228874994063034,0.22705098925442724,-1.9247979903071479,-0.00056242798070683323,0.52320942672051562,0.38771933961131816,0,0,0,-0.00035610946322728857,0.036323165249183435,-0.00035610946322728857,-0.43805279028981664,-26.283167417388999,15.559816524837833,0.75010240354595237,0.41095333034951381,0.037934153570724355,-2.5891601951618263e-16,-26.169085397796707,15.64321526487287,0.70998956695238757,0.61147784010767059,0.00089794675798279594,-2.5891601951618263e-16,-26.169085397796707,15.64321526487287,0.71141400480529671,0.52066992698471204,0.0017882204160510173,1,1.8307835762794629,1.7616246212198707,1,1,1
1785069399.3607011,6,1,0.99999689969639094,1.1982846145052877,0.0024900999189997235,2,0,1,1,-0.035229349616831565,0.22705098925442724,-1.9247956171933054,-0.00056195335793830423,0.52386915236877085,0.38771981423408669,0,0,0,0,0.032762070616910548,0,0,-26.163698474582684,15.463649550024249,0.84626937835953597,0.58165702141777342,-0.063223589284540582,-1.1490770896518444e-16,-26.16915201676861,15.643279367273543,0.70999071705557359,0.61150094692539048,0.00089798070655878657,-1.1490770896518444e-16,-26.16915201676861,15.643279367273543,0.70999071705557359,0.52959577038311412,0.00089798070655878657,1,1.8307835762794629,1.7616246212198707,1,1,1
1785069399.3807011,6,1,0.99999689969639094,1.1982846145052877,0.0024900999189997235,2,0,1,1,-0.035230298862368621,0.22705098925442724,-1.9247937187022313,-0.00056100411240124623,0.52452792877148913,0.38771981423408669,0,0,0.00035610946322728857,0.00035610946322728857,0.030981523300774104,0,0.63716769496700609,-26.44245934113075,15.829084054315867,0.65393542873236876,0.51211107320477878,-0.063223589284540582,-1.1671076427248115e-16,-26.169213678471877,15.643338699667567,0.70999152399725662,0.61152373694251105,0.0008980142137740933,-1.1671076427248115e-16,-26.169213678471877,15.640489823961747,0.70856708614434749,0.53406992869057579,0.0008980142137740933,1,1.8307835762794629,1.7616246212198707,1,1,1
1785069399.400701,6,1,0.99999689969639094,1.1982846145052877,0.0024900999189997235,2,0,1,1,-0.035231722730674209,0.22705146387719577,-1.9247927694566942,-0.00056052948963271733,0.5251624994130123,0.38772076347962375,0,0,0,0,0.030625413837546817,0.00035610946322728857,0,-26.163698474582684,15.732917079502283,1.1155369078375703,0.48049927856250846,0.20863784463898394,-2.1055786923802875e-16,-26.169277525826793,15.643381837315802,0.70999178174909539,0.61154539120909424,0.00089804586593233038,-2.1055786923802875e-16,-26.169277525826793,15.643381837315802,0.70999178174909539,0.53498185661522724,7.7722078641089475e-06,1,1.8307835762794629,1.7616246212198707,1,1,1
1785069399.420701,6,1,0.99999689969639094,1.1982846145052877,0.0024900999189997235,2,0,1,1,-0.035232671976211265,0.22705288774550136,-1.9247922948339258,-0.00055958024409565933,0.5257852044853224,0.38772076347962375,-0.00035610946322728857,0,0,-0.00035610946322728857,0.033830399006592411,0,0.31858384748350305,-25.52653077961568,15.655983499651416,0.55776845391878516,0.64488061070231395,-0.063223589284540582,-4.3584062488761246e-18,-26.169364197227964,15.643410341158607,0.70999125093616244,0.6115663534575162,0.00089807667161563576,0.0042733135587274583,-26.169364197227964,15.643410341158607,0.71141568878907158,0.52699035594103516,0.00089807667161563576,1,1.8307835762794629,1.7616246212198707,1,1,1
1785069399.440701,6,1,0.99999689969639094,1.1982846145052877,0.0024900999189997235,2,0,1,1,-0.035233621221748321,0.22705431161380693,-1.9247922948339258,-0.00055815637579007243,0.52650947883009758,0.38772123810239228,0,0,-0.00035610946322728857,0,0.036323165249183435,0.00035610946322728857,0,-26.44245934113075,15.655983499651416,0.75010240354595237,0.44256512499178408,-0.16438133213980552,1.0271338686474919e-16,-26.169452187433638,15.64344011400388,0.70999040149596826,0.61159042696724975,0.000898111813091097,1.0271338686474919e-16,-26.169452187433638,15.646288989709699,0.70999040149596826,0.52078251384429119,7.8381550228755605e-06,1,1.8307835762794629,1.7616246212198707,1,1,1
1785069399.460701,6,1,0.99999689969639094,1.1982846145052877,0.0024900999189997235,2,0,1,1,-0.035234570467285384,0.22705526085934399,-1.9247908709656201,-0.00055768175302154342,0.52724609336685457,0.38772123810239228,0,0,0,0,0.037747603102092589,0,-0.59734471403156819,-26.283167417388999,15.367482575210666,0.28850092444075093,0.51211107320477878,-0.031611794642270291,-9.5857100602787327e-17,-26.169539745263783,15.643487768645425,0.70999068337298055,0.61161464534087229,0.00089814757871269578,-9.5857100602787327e-17,-26.169539745263783,15.643487768645425,0.70999068337298055,0.51724563758564079,0.00089814757871269578,1,1.8307835762794629,1.7616246212198707,1,1,1
1785069399.480701,6,1,0.99999689969639094,1.1982846145052877,0.0024900999189997235,2,0,1,1,-0.03523551971282244,0.22705526085934399,-1.9247865993607034,-0.00055673250748448553,0.5280363402764553,0.38772171272516082,-0.00035610946322728857,0,0,0.00035610946322728857,0.037035384175638009,0,-0.27876086654806514,-26.004406550840933,15.732917079502283,0.75010240354595237,0.44256512499178408,-0.26553907499507046,-5.543693925851552e-17,-26.169630705863227,15.643575293152573,0.70999262610153346,0.61164037865377718,0.00089818531696377014,0.0042733135587274072,-26.169630705863227,15.643575293152573,0.70856818824862433,0.51905191821468222,0.00089818531696377014,1,1.8307835762794629,1.7616246212198707,1,1,1
1785069399.501446,6,1,0.99999689969639094,1.1982846145052877,0.0024900999189997235,2,0,1,1,-0.035235994335590964,0.22705573548211253,-1.9247804292647124,-0.00055673250748448553,0.5287169493265258,0.38772171272516082,0,0,0.00035610946322728857,0,0.025639881352364776,0.00035610946322728857,0.47787577122525454,-24.889363084648675,15.367482575210666,0.92320295821040299,0.61326881606004369,-0.10115774285526494,3.0181628614363596e-17,-26.169747232523704,15.643669120133829,0.70999544961146677,0.61166229604506173,0.0008982178084592584,3.0181628614363596e-17,-26.169747232523704,15.64082024442801,0.70999544961146677,0.54756259266414975,7.9441503910369622e-06,1,1.8307835762794629,1.7616246212198707,1,1,1
1785069399.5214462,6,1,0.99999689969639094,1.1982846145052877,0.0024900999189997235,2,0,1,1,-0.035235994335590964,0.22705621010488106,-1.9247794800191753,-0.00055673250748448553,0.52907101791184841,0.38772123810239228,0.00035610946322728857,0,0,0,0.011751612286500523,0,0.47787577122525454,-26.601751264872501,15.463649550024249,1.0193699330239865,0.64488061070231395,0,-3.682575229887736e-20,-26.169791552988073,15.643693468552435,0.70999575845985552,0.61167350563403222,0.00089823457879905158,-0.0042733135587274627,-26.169791552988073,15.643693468552435,0.70999575845985552,0.58229447491778097,0.00089823457879905158,1,1.8307835762794629,1.7616246212198707,1,1,1
1785069399.5414462,6,1,0.99999689969639094,1.1982846145052877,0.0024900999189997235,2,0,1,1,-0.035236943581128027,0.22705715935041812,-1.9247794800191753,-0.00055578326194742752,0.52916072161510042,0.38772123810239228,0,0,0.00035610946322728857,0.00035610946322728857,0.00035610946322728857,-0.00035610946322728857,0.79645961870875759,-26.283167417388999,15.732917079502283,0.55776845391878516,0.58165702141777342,-0.031611794642270291,2.5581754802431431e-18,-26.169825946900243,15.643689967586884,0.70999509324891463,0.6116762999897043,0.0008982384681537755,2.5581754802431431e-18,-26.169825946900243,15.640841091881065,0.7085706553960055,0.61078602633163603,0.001788512126221997,1,1.8307835762794629,1.7616246212198707,1,1,1
1785069399.5614462,6,1,0.99999689969639094,1.1982846145052877,0.0024900999189997235,2,0,1,1,-0.035237418203896552,0.22705810859595518,-1.924780903887481,-0.00055578326194742752,0.52916736633385986,0.38772123810239228,0,0,0,0,0.0010683283896818657,-0.00035610946322728857,0.63716769496700609,-25.52653077961568,15.367482575210666,0.75010240354595237,0.58165702141777342,-0.10115774285526494,7.7294319047862507e-17,-26.16984031497703,15.643667197285396,0.70999398848083417,0.61167643434480734,0.00089823866712120202,7.7294319047862507e-17,-26.16984031497703,15.643667197285396,0.70999398848083417,0.60900561337060266,0.0017885123251894235,1,1.8307835762794629,1.7616246212198707,1,1,1
1785069399.5814462,6,1,0.99999689969639094,1.1982846145052877,0.0024900999189997235,2,0,1,1,-0.035237892826665083,0.22705810859595518,-1.924779954641944,-0.00055578326194742752,0.52918682586736954,0.38772123810239228,0,0,-0.00035610946322728857,-0.00035610946322728857,0.0014244378529091543,0,-0.27876086654806514,-25.52653077961568,15.559816524837833,1.0193699330239865,0.64488061070231395,-0.031611794642270291,1.4581371282263279e-16,-26.16985105399726,15.643677530632718,0.70999443583977173,0.61167707610852862,0.000898239618723807,1.4581371282263279e-16,-26.16985105399726,15.646526406338538,0.71141887369268086,0.60811598147625578,0.000898239618723807,1,1.8307835762794629,1.7616246212198707,1,1,1
1785069399.602417,6,1,0.99999689969639094,1.1982846145052877,0.0024900999189997235,2,0,1,1,-0.035237418203896552,0.22705810859595518,-1.9247756830370273,-0.00055578326194742752,0.52922384644331477,0.38772076347962375,0.00035610946322728857,0,0,0,0.0021366567793637313,0,0.15929192374175152,-26.004406550840933,15.367482575210666,0.75010240354595237,0.51211107320477878,-0.031611794642270291,1.8115103708909994e-16,-26.169896467955571,15.643721229051478,0.70999643661339118,0.61167837375919742,0.00089824169440489853,-0.0042733135587272814,-26.169896467955571,15.643721229051478,0.70999643661339118,0.60633673181078807,0.00089824169440489853,1,1.8307835762794629,1.7616246212198707,1,1,1
1785069399.6224172,6,1,0.99999689969639094,1.1982846145052877,0.0024900999189997235,2,0,1,1,-0.035237892826665083,0.22705810859595518,-1.9247747337914902,-0.00055578326194742752,0.52925849390541735,0.38772076347962375,0,0,0,0,0.0014244378529091543,0,0.31858384748350305,-26.44245934113075,15.463649550024249,0.75010240354595237,0.51211107320477878,-0.10115774285526494,1.131618142854307e-16,-26.169908078502054,15.643732401002683,0.70999688771243608,0.61167949160579238,0.0008982433518930908,1.131618142854307e-16,-26.169908078502054,15.643732401002683,0.70999688771243608,0.60811839697351955,0.0008982433518930908,1,1.8307835762794629,1.7616246212198707,1,1,1
1785069399.6424172,6,1,0.99999689969639094,1.1982846145052877,0.0024900999189997235,2,0,1,1,-0.035237418203896552,0.22705810859595518,-1.9247737845459532,-0.00055530863917889863,0.52929076825367738,0.38772028885685522,0,0,0.00035610946322728857,0,0.0017805473161364429,-0.00035610946322728857,0.15929192374175152,-26.283167417388999,15.463649550024249,0.75010240354595237,0.58165702141777342,-0.13276953749753523,1.0712668136145277e-16,-26.169919956394125,15.643743830198485,0.70999721592489728,0.61168053432484926,0.00089824492252000567,1.0712668136145277e-16,-26.169919956394125,15.640894954492666,0.70999721592489728,0.60722916603450816,0.001788518580588227,1,1.8307835762794629,1.7616246212198707,1,1,1
1785069399.6624172,6,1,0.99999689969639094,1.1982846145052877,0.0024900999189997235,2,0,1,1,-0.035237892826665083,0.22705905784149222,-1.9247737845459532,-0.00055578326194742752,0.52932256797916877,0.38772076347962375,-0.00035610946322728857,0.00035610946322728857,0,0,0.0014244378529091543,0,-0.27876086654806514,-25.367238855873929,15.732917079502283,0.92320295821040299,0.51211107320477878,-0.063223589284540582,-5.1131974892851365e-17,-26.169949790980183,15.6437359421595,0.70999690350395139,0.61168150177662173,0.00089824633233556348,0.0042733135587274115,-26.17422310453891,15.6437359421595,0.70999690350395139,0.6081204071443489,0.00089824633233556348,1,1.8307835762794629,1.7616246212198707,1,1,1
1785069399.6824172,6,1,0.99999689969639094,1.1982846145052877,0.0024900999189997235,2,0,1,1,-0.035237418203896552,0.22706000708702928,-1.9247742591687216,-0.00055578326194742752,0.52933775590776166,0.38772028885685522,0,0,-0.00035610946322728857,0,0.00035610946322728857,-0.00035610946322728857,0.47787577122525454,-26.004406550840933,15.655983499651416,0.19233394962716727,0.68281476427303833,-0.10115774285526494,-1.5332614171530874e-16,-26.169974267158331,15.643722898135815,0.70999624353394764,0.61168193324149311,0.00089824712321878773,-1.5332614171530874e-16,-26.169974267158331,15.646571773841634,0.70999624353394764,0.61079165958342485,0.0017885207812870091,1,1.8307835762794629,1.7616246212198707,1,1,1
1785069399.7034037,6,1,0.99999689969639094,1.1982846145052877,0.0024900999189997235,2,0,1,1,-0.035237418203896552,0.22706095633256634,-1.9247752084142586,-0.00055578326194742752,0.52934724836313229,0.38772028885685522,0.00035610946322728857,-0.00035610946322728857,0,0,0.00071221892645457715,0,0.79645961870875759,-26.163698474582684,15.655983499651416,0.92320295821040299,0.68281476427303833,-0.031611794642270291,6.5925693970550871e-17,-26.169993607100722,15.64370491190879,0.70999536075187053,0.61168217125374102,0.00089824747593146646,-0.0042733135587273968,-26.165720293541995,15.64370491190879,0.70999536075187053,0.60990162393760461,0.00089824747593146646,1,1.8307835762794629,1.7616246212198707,1,1,1
1785069399.7234037,6,1,0.99999689969639094,1.1982846145052877,0.0024900999189997235,2,0,1,1,-0.035237418203896552,0.22706095633256634,-1.9247747337914902,-0.00055578326194742752,0.52937430186093848,0.38772076347962375,0,0,0.00035610946322728857,0,0.0017805473161364429,0,-0.59734471403156819,-26.163698474582684,15.655983499651416,0.55776845391878516,0.64488061070231395,0,-5.1740110872004758e-17,-26.169999968211552,15.643711032724914,0.70999558857356471,0.61168303377384814,0.00089824860354312318,-5.1740110872004758e-17,-26.169999968211552,15.640862157019095,0.70999558857356471,0.60723166548350704,0.00089824860354312318,1,1.8307835762794629,1.7616246212198707,1,1,1
1785069399.7434037,6,1,0.99999689969639094,1.1982846145052877,0.0024900999189997235,2,0,1,1,-0.035236943581128027,0.22706048170979781,-1.9247742591687216,-0.00055578326194742752,0.52943457895254165,0.38772076347962375,0,0,0,0,0.0039172040955001743,0.00035610946322728857,-0.11946894280631364,-26.920335112356007,15.463649550024249,0.84626937835953597,0.44256512499178408,-0.031611794642270291,4.4841487857258293e-17,-26.169994025081692,15.643723611895323,0.70999604599116706,0.61168495042651316,0.00089825144548397824,4.4841487857258293e-17,-26.169994025081692,15.643723611895323,0.70999604599116706,0.60189194018776271,7.977787415756806e-06,1,1.8307835762794629,1.7616246212198707,1,1,1
1785069399.7634037,6,1,0.99999689969639094,1.1982846145052877,0.0024900999189997235,2,0,1,1,-0.035237418203896552,0.22706095633256634,-1.9247747337914902,-0.00055578326194742752,0.52951906180533981,0.38772028885685522,-0.00035610946322728857,0.00035610946322728857,0,0,0.0039172040955001743,0,-1.0752204852568228,-26.601751264872501,15.559816524837833,0.65393542873236876,0.48049927856250846,0.107480101783719,7.2557483610304516e-17,-26.17000825779423,15.64371900916414,0.70999562437874819,0.61168756167435567,0.0008982554684723663,0.0042733135587275355,-26.174281571352957,15.64371900916414,0.70999562437874819,0.60189455143560522,0.0008982554684723663,1,1.8307835762794629,1.7616246212198707,1,1,1
1785069399.7834036,6,1,0.99999689969639094,1.1982846145052877,0.0024900999189997235,2,0,1,1,-0.035236943581128027,0.22706095633256634,-1.9247756830370273,-0.00055578326194742752,0.5295660494594242,0.38772028885685522,0,0,0,0,0.0010683283896818657,0,0.47787577122525454,-25.52653077961568,15.655983499651416,0.84626937835953597,0.64488061070231395,0.037934153570724355,6.5072896676059411e-17,-26.1700013251894,15.643712338442819,0.70999519339849926,0.61168899901572082,0.00089825759960184188,6.5072896676059411e-17,-26.1700013251894,15.643712338442819,0.70999519339849926,0.60901817804151614,0.00089825759960184188,1,1.8307835762794629,1.7616246212198707,1,1,1
1785069399.8034589,6,1,0.99999689969639094,1.1982846145052877,0.0024900999189997235,2,0,1,1,-0.035236468958359496,0.22706095633256634,-1.9247771069053328,-0.00055578326194742752,0.52958645823847095,0.38772028885685522,0,-0.00035610946322728857,0,0,0.0010683283896818657,0.00035610946322728857,0.63716769496700609,-26.283167417388999,15.463649550024249,0.84626937835953597,0.51211107320477878,-0.031611794642270291,4.5170978918298388e-17,-26.169988063520268,15.643699577741323,0.70999453458622408,0.61168959135634426,0.00089825847776326599,4.5170978918298388e-17,-26.165714749961541,15.643699577741323,0.70999453458622408,0.60901877038213958,7.9848196950445575e-06,1,1.8307835762794629,1.7616246212198707,1,1,1
1785069399.8234589,6,1,0.99999689969639094,1.1982846145052877,0.0024900999189997235,2,0,1,1,-0.035235994335590964,0.22706095633256634,-1.9247742591687216,-0.00055673250748448553,0.52965955014482435,0.38771933961131816,0,0,0,-0.00035610946322728857,0.0060538608748639056,-0.00035610946322728857,-0.75663663777331969,-26.004406550840933,15.655983499651416,0.38466789925433453,0.61326881606004369,0.13909189642598929,-8.2509134510747928e-17,-26.170020279140687,15.643730576401202,0.70999612554340241,0.61169195823544431,0.00089826254373457661,-8.2509134510747928e-17,-26.170020279140687,15.643730576401202,0.71142056339631154,0.5965573060482845,0.0017885362018027981,1,1.8307835762794629,1.7616246212198707,1,1,1
1785069399.8434589,6,1,0.99999689969639094,1.1982846145052877,0.0024900999189997235,2,0,1,1,-0.03523551971282244,0.22705905784149222,-1.9247704621865733,-0.00055673250748448553,0.52984987387500448,0.38771981423408669,0,-0.00035610946322728857,0,0,0.013888269065864253,0,0.63716769496700609,-26.283167417388999,15.559816524837833,0.84626937835953597,0.61326881606004369,0.13909189642598929,-1.7662258663804149e-17,-26.170012755247903,15.643796527919642,0.709998827750003,0.6116980521773745,0.0008982714291862425,-1.7662258663804149e-17,-26.165739441689176,15.643796527919642,0.709998827750003,0.57697737951271388,0.0008982714291862425,1,1.8307835762794629,1.7616246212198707,1,1,1
1785069399.8634589,6,1,0.99999689969639094,1.1982846145052877,0.0024900999189997235,2,0,1,1,-0.035235994335590964,0.22705810859595518,-1.9247666652044251,-0.00055673250748448553,0.53027988210329169,0.38771981423408669,0,0,0,0,0.027776538131728506,0.00035610946322728857,0.79645961870875759,-26.44245934113075,15.732917079502283,0.4616014791052015,0.54372286784704904,0.069545948212994646,3.3004443407267295e-17,-26.170047133493778,15.643866203115643,0.71000114665145009,0.61171148411713316,0.00089829134795214166,3.3004443407267295e-17,-26.170047133493778,15.643866203115643,0.71000114665145009,0.54227013878781194,8.0176898839202286e-06,1,1.8307835762794629,1.7616246212198707,1,1,1
1785069399.8834589,6,1,0.99999689969639094,1.1982846145052877,0.0024900999189997235,2,0,1,1,-0.035235994335590964,0.22705621010488106,-1.9247614443539713,-0.00055673250748448553,0.53092347057741707,0.38771933961131816,0,-0.00035610946322728857,0.00035610946322728857,0,0.04202091666082005,0.00035610946322728857,0.79645961870875759,-26.44245934113075,15.559816524837833,0.28850092444075093,0.24024963928125423,0.037934153570724355,-5.7917020109757454e-17,-26.170079207953538,15.643970257184801,0.71000462470183834,0.61173137198189242,0.00089832099495208944,-5.7917020109757454e-17,-26.165805894394811,15.641121381478982,0.71000462470183834,0.50667908032984232,8.0473368838680098e-06,1,1.8307835762794629,1.7616246212198707,1,1,1
1785069399.9044204,6,1,0.99999689969639094,1.1982846145052877,0.0024900999189997235,2,0,1,1,-0.03523551971282244,0.22705573548211253,-1.9247543250124435,-0.00055673250748448553,0.53197855699185692,0.38771933961131816,0,0,0,0,0.05484085733700244,0.00035610946322728857,0.15929192374175152,-26.163698474582684,15.559816524837833,1.0193699330239865,0.58165702141777342,-0.10115774285526494,-3.4904930757656722e-18,-26.170195144280299,15.644100111765541,0.71000842525900953,0.61176329425910436,0.00089836834676677412,-3.4904930757656722e-18,-26.170195144280299,15.644100111765541,0.71000842525900953,0.47466115091659827,8.0946886985526891e-06,1,1.8307835762794629,1.7616246212198707,1,1,1
1785069399.9244204,6,1,0.99999689969639094,1.1982846145052877,0.0024900999189997235,2,0,1,1,-0.03523551971282244,0.22705621010488106,-1.9247543250124435,-0.00055673250748448553,0.53322728949585663,0.38771933961131816,0,0,-0.00035610946322728857,0.00035610946322728857,0.066592469623502959,0,-0.75663663777331969,-26.283167417388999,15.732917079502283,0.4616014791052015,0.44256512499178408,0.069545948212994646,-1.1503670529226371e-16,-26.170276411719097,15.644160011467623,0.7100085117235333,0.61179990881019863,0.00089842267125676812,-1.1503670529226371e-16,-26.170276411719097,15.647008887173442,0.70858407387062416,0.44531873475144124,0.00089842267125676812,1,1.8307835762794629,1.7616246212198707,1,1,1
1785069399.9444203,6,1,0.99999689969639094,1.1982846145052877,0.0024900999189997235,2,0,1,1,-0.035235994335590964,0.22705526085934399,-1.9247524265213694,-0.00055673250748448553,0.53464213996884147,0.38771933961131816,0,0,0,0.00035610946322728857,0.077275753520321622,0,0,-26.601751264872501,15.92525102912945,0.92320295821040299,0.41095333034951381,0.069545948212994646,2.4251251963167528e-16,-26.170341086005003,15.644258838280161,0.71001018776059122,0.61184033731479648,0.00089848267263935527,2.4251251963167528e-16,-26.170341086005003,15.644258838280161,0.70858574990768208,0.4186509535139924,0.00089848267263935527,1,1.8307835762794629,1.7616246212198707,1,1,1
1785069399.9644203,6,1,0.99999689969639094,1.1982846145052877,0.0024900999189997235,2,0,1,1,-0.035235994335590964,0.22705288774550136,-1.9247353401017022,-0.00055673250748448553,0.53622120991973743,0.38771981423408669,0,0,0.0010683283896818657,0,0.077631862983548905,0.00035610946322728857,-0.27876086654806514,-26.44245934113075,15.732917079502283,0.84626937835953597,0.48049927856250846,0,-8.3322980605509463e-17,-26.170522813092948,15.644525189637578,0.71001964813148488,0.61188444759643978,0.00089854801196244871,-8.3322980605509463e-17,-26.170522813092948,15.635978562520123,0.71001964813148488,0.41780479013756755,8.2743538942272731e-06,1,1.8307835762794629,1.7616246212198707,1,1,1
1785069399.9844203,6,1,0.99999689969639094,1.1982846145052877,0.0024900999189997235,2,0,1,1,-0.035236943581128027,0.2270519384999643,-1.924717304436498,-0.00055673250748448553,0.53790754461632084,0.38771981423408669,-0.00035610946322728857,-0.00035610946322728857,0.00071221892645457715,-0.00035610946322728857,0.087602927953912987,-0.00035610946322728857,0.79645961870875759,-26.163698474582684,15.367482575210666,0.4616014791052015,0.20863784463898394,-0.031611794642270291,-2.1977175052324643e-16,-26.1707590404658,15.644789089044732,0.71002891310322847,0.61192978093733796,0.00089861534667924636,0.0042733135587272432,-26.166485726907073,15.639091337633095,0.7114533509561376,0.39292246105255552,0.0017888890047474677,1,1.8307835762794629,1.7616246212198707,1,1,1
1785069400.0044205,6,1,0.99999689969639094,1.1982846145052877,0.0024900999189997235,2,0,1,1,-0.035237418203896552,0.2270519384999643,-1.9247187283048037,-0.00055673250748448553,0.5396826337706192,0.38772028885685522,0,0,-0.00071221892645457715,-0.00035610946322728857,0.10362785379914097,-0.00035610946322728857,0.15929192374175152,-25.52653077961568,15.367482575210666,0.38466789925433453,0.27186143392352452,0.069545948212994646,4.6859987692231999e-17,-26.17082756092546,15.644855021109214,0.71002868508192396,0.61197504318964535,0.00089868245461241351,4.6859987692231999e-17,-26.17082756092546,15.65055277252085,0.71145312293483309,0.35290540869179293,0.001788956112680635,1,1.8307835762794629,1.7616246212198707,1,1,1
1785069400.0244205,6,1,0.99999689969639094,1.1982846145052877,0.0024900999189997235,2,0,1,1,-0.035237892826665083,0.2270533623682699,-1.9247201521731092,-0.00055625788471595653,0.54180846915086045,0.38772028885685522,0,0,0,0,0.097930102387504353,0,0.47787577122525454,-26.283167417388999,15.732917079502283,0.84626937835953597,0.34140738213651917,0,1.1916585683313691e-16,-26.170950876177628,15.644918784572754,0.71002775388098327,0.61202668860383524,0.00089875911722224532,1.1916585683313691e-16,-26.170950876177628,15.644918784572754,0.71002775388098327,0.36720143263507438,0.00089875911722224532,1,1.8307835762794629,1.7616246212198707,1,1,1
1785069400.0444205,6,1,0.99999689969639094,1.1982846145052877,0.0024900999189997235,2,0,1,1,-0.035237418203896552,0.22705288774550136,-1.9247187283048037,-0.00055673250748448553,0.54358972840114972,0.38772028885685522,0,0,0.00035610946322728857,0,0.079056300836458065,0.00035610946322728857,0.31858384748350305,-26.163698474582684,15.655983499651416,0.4616014791052015,0.48049927856250846,-0.031611794642270291,-2.1682992241096167e-16,-26.171026095045789,15.645009459838054,0.71002920035452832,0.6120679353861207,0.00089882061218578572,-2.1682992241096167e-16,-26.171026095045789,15.642160584132235,0.71002920035452832,0.41442718329497552,8.5469541175642891e-06,1,1.8307835762794629,1.7616246212198707,1,1,1
1785069400.0644205,6,1,0.99999689969639094,1.1982846145052877,0.0024900999189997235,2,0,1,1,-0.035236943581128027,0.2270519384999643,-1.9247182536820351,-0.00055673250748448553,0.54516832372927704,0.38772028885685522,0,0,0,0,0.078344081910003485,0.00035610946322728857,0.15929192374175152,-26.283167417388999,15.92525102912945,0.65393542873236876,0.48049927856250846,0.069545948212994646,-3.4865784412945184e-18,-26.171066341356337,15.64508478148543,0.71003025048434343,0.61210285718533375,0.00089887260168125787,-3.4865784412945184e-18,-26.171066341356337,15.64508478148543,0.71003025048434343,0.41624265241032504,8.5989436130364373e-06,1,1.8307835762794629,1.7616246212198707,1,1,1
1785069400.0844204,6,1,0.99999689969639094,1.1982846145052877,0.0024900999189997235,2,0,1,1,-0.035236943581128027,0.22705431161380693,-1.9247192029275721,-0.00055673250748448553,0.54648065568425974,0.38772028885685522,0,0.00035610946322728857,0,0,0.073002439961594154,0.00035610946322728857,-0.11946894280631364,-26.44245934113075,15.367482575210666,0.4616014791052015,0.54372286784704904,0.037934153570724355,1.6107533033765337e-16,-26.171178800179415,15.645101502979266,0.71002902256500111,0.61213063168276394,0.00089891397396243955,1.6107533033765337e-16,-26.175452113738142,15.645101502979266,0.71002902256500111,0.42962453177877857,8.6403158942181173e-06,1,1.8307835762794629,1.7616246212198707,1,1,1
1785069400.1054196,6,1,0.99999689969639094,1.1982846145052877,0.0024900999189997235,2,0,1,1,-0.035236943581128027,0.22705478623657546,-1.9247206267958779,-0.00055673250748448553,0.54794724003901418,0.38771981423408669,0,-0.00035610946322728857,0,0,0.048430886998911245,0,-0.59734471403156819,-26.761043188614252,15.829084054315867,0.4616014791052015,0.58165702141777342,0.107480101783719,-7.7715319009095227e-17,-26.171233309739947,15.64513565559284,0.71002849597236783,0.61216046587622674,0.00089895859241787143,-7.7715319009095227e-17,-26.16695999618122,15.64513565559284,0.71002849597236783,0.49108324837894862,0.00089895859241787143,1,1.8307835762794629,1.7616246212198707,1,1,1
1785069400.1254196,6,1,0.99999689969639094,1.1982846145052877,0.0024900999189997235,2,0,1,1,-0.035236468958359496,0.22705478623657546,-1.9247201521731092,-0.00055720713025301453,0.54868907542622503,0.38771981423408669,0,0,0,0,0.02991319491109224,0,0,-26.44245934113075,15.655983499651416,0.28850092444075093,0.54372286784704904,-0.063223589284540582,-3.1173911251917171e-16,-26.171264449768717,15.645165619292857,0.71002902483902919,0.61217508444421198,0.00089898051906100724,-3.1173911251917171e-16,-26.171264449768717,15.645165619292857,0.71002902483902919,0.5373920971664814,0.00089898051906100724,1,1.8307835762794629,1.7616246212198707,1,1,1
1785069400.1454196,6,1,0.99999689969639094,1.1982846145052877,0.0024900999189997235,2,0,1,1,-0.03523551971282244,0.22705621010488106,-1.9247201521731092,-0.00055720713025301453,0.54909297940224322,0.38771981423408669,0,0,0,0,0.011395502823273234,0.00035610946322728857,0,-26.004406550840933,15.655983499651416,0.84626937835953597,0.64488061070231395,0.17070369106825958,-1.8333126784168135e-16,-26.171321406465285,15.645165530966928,0.71002845971984208,0.61218286965638924,0.00089899213179147534,-1.8333126784168135e-16,-26.171321406465285,15.645165530966928,0.71002845971984208,0.58369411259820614,8.7184737232539093e-06,1,1.8307835762794629,1.7616246212198707,1,1,1
1785069400.1654198,6,1,0.99999689969639094,1.1982846145052877,0.0024900999189997235,2,0,1,1,-0.03523551971282244,0.22705905784149222,-1.9247248984007945,-0.00055720713025301453,0.54915895196706865,0.38771981423408669,0,0.00035610946322728857,-0.00035610946322728857,0,0.00035610946322728857,0,-0.27876086654806514,-26.004406550840933,15.829084054315867,0.55776845391878516,0.61326881606004369,-0.10115774285526494,-1.75885400281706e-16,-26.171361049713077,15.645093889820748,0.71002493561898705,0.61218399064488371,0.00089899380336682657,-1.75885400281706e-16,-26.175634363271804,15.647942765526567,0.71002493561898705,0.61129371698681545,0.00089899380336682657,1,1.8307835762794629,1.7616246212198707,1,1,1
1785069400.2056861,6,1,0.99999689969639094,1.1982846145052877,0.0024900999189997235,2,0,1,1,-0.035234570467285384,0.22706617718302016,-1.9247381878383134,-0.00055815637579007243,0.54915468036215198,0.38771933961131816,0.00035610946322728857,0,-0.00035610946322728857,-0.00035610946322728857,0,0,0.47787577122525454,-26.004406550840933,15.829084054315867,0.75010240354595237,0.61326881606004369,-0.16438133213980552,-2.2588278658177249e-16,-26.171439000170476,15.644894428855899,0.71001567331255988,0.61218351674204019,0.00089899349933213364,-0.0042733135587276891,-26.171439000170476,15.647743304561718,0.71144011116546901,0.61218351674204019,0.00089899349933213364,1,1.8307835762794629,1.7616246212198707,1,1,1
1785069400.2256861,6,1,0.99999689969639094,1.1982846145052877,0.0024900999189997235,2,0,1,1,-0.035234095844516852,0.22706570256025163,-1.9247377132155448,-0.00055815637579007243,0.54915468036215198,0.38771886498854963,0.00035610946322728857,0,0,0,0,-0.00035610946322728857,0,-26.44245934113075,15.732917079502283,0.92320295821040299,0.51211107320477878,0,2.7151003222362257e-16,-26.171429580983791,15.644903663257329,0.71001611598243863,0.61218353495291189,0.0008989936779996929,-0.0042733135587271912,-26.171429580983791,15.644903663257329,0.71001611598243863,0.61218353495291189,0.0017892673360679144,1,1.8307835762794629,1.7616246212198707,1,1,1
1785069400.2456861,6,1,0.99999689969639094,1.1982846145052877,0.0024900999189997235,2,0,1,1,-0.035234570467285384,0.22706617718302016,-1.9247377132155448,-0.00055815637579007243,0.54915183262554079,0.38771933961131816,0,0,0.00035610946322728857,0,-0.00035610946322728857,0.00035610946322728857,0,-26.44245934113075,15.829084054315867,0.65393542873236876,0.58165702141777342,0.037934153570724355,1.3028503172509619e-16,-26.171443698550771,15.644898949752031,0.71001589388701225,0.61218347117821315,0.00089899343140500043,1.3028503172509619e-16,-26.171443698550771,15.642050074046212,0.71001589388701225,0.61307374483628141,8.7197733367789956e-06,1,1.8307835762794629,1.7616246212198707,1,1,1
1785069400.265686,6,1,0.99999689969639094,1.1982846145052877,0.0024900999189997235,2,0,1,1,-0.035235045090053908,0.22706855029686282,-1.9247396117066189,-0.00055815637579007243,0.5491489848889296,0.38771886498854963,-0.00035610946322728857,0.00035610946322728857,-0.00035610946322728857,0,-0.00035610946322728857,0,-0.43805279028981664,-26.601751264872501,15.463649550024249,0.4616014791052015,0.68281476427303833,-0.10115774285526494,-4.6846227875672278e-17,-26.171495492494937,15.64485729831552,0.71001390186515012,0.61218333445294726,0.0008989933784166092,0.0042733135587274158,-26.175768806053664,15.647706174021339,0.71001390186515012,0.61307360811101552,0.0008989933784166092,1,1.8307835762794629,1.7616246212198707,1,1,1
1785069400.285686,6,1,0.99999689969639094,1.1982846145052877,0.0024900999189997235,2,0,1,1,-0.035234570467285384,0.22706902491963135,-1.924740560952156,-0.00055815637579007243,0.54914803564339254,0.3877183903657811,0,0,0,0,0,-0.00035610946322728857,0,-26.004406550840933,15.559816524837833,0.84626937835953597,0.68281476427303833,-0.10115774285526494,6.4263538961813183e-17,-26.171500079637426,15.644843414415316,0.71001323794011006,0.61218328886189521,0.00089899346166793495,6.4263538961813183e-17,-26.171500079637426,15.644843414415316,0.71001323794011006,0.61218328886189521,0.0017892671197361563,1,1.8307835762794629,1.7616246212198707,1,1,1
1785069400.305686,6,1,0.99999689969639094,1.1982846145052877,0.0024900999189997235,2,0,1,1,-0.035234570467285384,0.22706902491963135,-1.9247400863293875,-0.00055815637579007243,0.54914803564339254,0.3877183903657811,-0.00035610946322728857,0,0,0,0,0,-0.27876086654806514,-25.367238855873929,15.732917079502283,0.4616014791052015,0.58165702141777342,0,1.0722261131736434e-16,-26.171504878161752,15.64484803167249,0.71001345921304349,0.61218329797764559,0.00089899347531350335,0.0042733135587275702,-26.171504878161752,15.64484803167249,0.71001345921304349,0.61218329797764559,0.00089899347531350335,1,1.8307835762794629,1.7616246212198707,1,1,1
1785069400.325686,6,1,0.99999689969639094,1.1982846145052877,0.0024900999189997235,2,0,1,1,-0.035234095844516852,0.22706902491963135,-1.9247391370838505,-0.00055863099855860143,0.54914803564339254,0.3877183903657811,0,0,0,-0.00035610946322728857,0,0,0,-25.845114627099182,15.655983499651416,0.84626937835953597,0.58165702141777342,-0.031611794642270291,-3.4791565721420374e-18,-26.171514070095121,15.644856876376936,0.71001402832611482,0.61218331609256271,0.00089899362920905601,-3.4791565721420374e-18,-26.171514070095121,15.644856876376936,0.71143846617902395,0.61218331609256271,0.00089899362920905601,1,1.8307835762794629,1.7616246212198707,1,1,1
1785069400.345686,6,1,0.99999689969639094,1.1982846145052877,0.0024900999189997235,2,0,1,1,-0.035233621221748321,0.22706902491963135,-1.9247391370838505,-0.00055863099855860143,0.54914803564339254,0.38771791574301256,0,0,0,0,-0.00035610946322728857,0.00035610946322728857,-0.27876086654806514,-26.163698474582684,15.732917079502283,0.84626937835953597,0.51211107320477878,0.107480101783719,-2.0535803794815664e-16,-26.171514070070138,15.6448568763529,0.71001402845271966,0.61218331607896403,0.00089899378059410211,-2.0535803794815664e-16,-26.171514070070138,15.6448568763529,0.71001402845271966,0.6130735897370323,8.7201225258806746e-06,1,1.8307835762794629,1.7616246212198707,1,1,1
1785069400.3656859,6,1,0.99999689969639094,1.1982846145052877,0.0024900999189997235,2,0,1,1,-0.035233621221748321,0.22706902491963135,-1.9247391370838505,-0.00055910562132713043,0.54914803564339254,0.38771649187470703,-0.00035610946322728857,0,0,0.00035610946322728857,0,0,-0.11946894280631364,-26.761043188614252,15.463649550024249,0.92320295821040299,0.58165702141777342,0.037934153570724355,-7.4872784942166287e-18,-26.171513664890977,15.644856486481542,0.71001415540005686,0.61218331592190034,0.00089899436135222686,0.0042733135587274557,-26.171513664890977,15.644856486481542,0.70858971754714772,0.61218331592190034,0.00089899436135222686,1,1.8307835762794629,1.7616246212198707,1,1,1
1785069400.3856859,6,1,0.99999689969639094,1.1982846145052877,0.0024900999189997235,2,0,1,1,-0.035232671976211265,0.22706902491963135,-1.9247386624610818,-0.00056005486686418833,0.54914803564339254,0.38771554262916996,0,0,0.00035610946322728857,0,0,0,-0.11946894280631364,-26.44245934113075,15.732917079502283,0.84626937835953597,0.64488061070231395,0.13909189642598929,-1.3419622601648606e-16,-26.17151765314674,15.644860324082355,0.71001463006044352,0.61218332477720971,0.00089899493097258198,-1.3419622601648606e-16,-26.17151765314674,15.642011448376536,0.71001463006044352,0.61218332477720971,0.00089899493097258198,1,1.8307835762794629,1.7616246212198707,1,1,1
1785069400.4064131,6,1,0.99999689969639094,1.1982846145052877,0.0024900999189997235,2,0,1,1,-0.035232197353442733,0.22706902491963135,-1.9247391370838505,-0.00056005486686418833,0.54914803564339254,0.3877145933836329,0,-0.00035610946322728857,0,0,0,0,0,-26.601751264872501,15.367482575210666,0.55776845391878516,0.54372286784704904,-0.031611794642270291,-9.4218090255917045e-17,-26.171512854582399,15.644855706786686,0.71001440904103819,0.61218331563467454,0.00089899522009389285,-9.4218090255917045e-17,-26.167239541023672,15.644855706786686,0.71001440904103819,0.61218331563467454,0.00089899522009389285,1,1.8307835762794629,1.7616246212198707,1,1,1
1785069400.4264131,6,1,0.99999689969639094,1.1982846145052877,0.0024900999189997235,2,0,1,1,-0.035232197353442733,0.22706902491963135,-1.9247386624610818,-0.00056052948963271733,0.54914851026616107,0.38771411876086437,0,-0.00035610946322728857,0,-0.00035610946322728857,0.00035610946322728857,0,0.15929192374175152,-26.004406550840933,15.367482575210666,0.28850092444075093,0.58165702141777342,0.107480101783719,-6.8701786753365141e-17,-26.171517264655609,15.644859950268627,0.71001475712394779,0.61218333373509304,0.00089899552532328724,-6.8701786753365141e-17,-26.167243951096882,15.644859950268627,0.71143919497685693,0.61129306007702477,0.00089899552532328724,1,1.8307835762794629,1.7616246212198707,1,1,1
1785069400.446413,6,1,0.99999689969639094,1.1982846145052877,0.0024900999189997235,2,0,1,1,-0.035231722730674209,0.22706949954239986,-1.9247386624610818,-0.00056052948963271733,0.54914851026616107,0.38771269489255877,0.00035610946322728857,0.00035610946322728857,0,0,0,0,0.47787577122525454,-26.761043188614252,15.559816524837833,0.55776845391878516,0.61326881606004369,-0.13276953749753523,-1.1788315316076028e-16,-26.171531482169637,15.644855332948881,0.71001453623002053,0.61218332457909819,0.0008989959658242644,-0.0042733135587275806,-26.175804795728364,15.644855332948881,0.71001453623002053,0.61218332457909819,0.0008989959658242644,1,1.8307835762794629,1.7616246212198707,1,1,1
1785069400.466413,6,1,0.99999689969639094,1.1982846145052877,0.0024900999189997235,2,0,1,1,-0.035232197353442733,0.22706855029686282,-1.9247381878383134,-0.00056100411240124623,0.54914851026616107,0.38771174564702171,-0.00035610946322728857,-0.00035610946322728857,-0.00035610946322728857,-0.00035610946322728857,0,0,-0.11946894280631364,-26.601751264872501,15.559816524837833,0.55776845391878516,0.58165702141777342,0.13909189642598929,-1.7374814633865596e-16,-26.171507440339294,15.644868794834325,0.71001532686996616,0.61218335178042849,0.00089899643612651305,0.0042733135587272892,-26.167234126780567,15.647717670540144,0.71143976472287529,0.61218335178042849,0.00089899643612651305,1,1.8307835762794629,1.7616246212198707,1,1,1
1785069400.4865189,6,1,0.99999689969639094,1.1982846145052877,0.0024900999189997235,2,0,1,1,-0.035231722730674209,0.22706902491963135,-1.9247381878383134,-0.00056100411240124623,0.54914851026616107,0.38771127102425318,0,0,0,0,0,0,0.31858384748350305,-26.283167417388999,15.367482575210666,0.75010240354595237,0.54372286784704904,-0.20231548571052987,4.1337821411224361e-17,-26.171521657912503,15.644864177569513,0.71001510572311333,0.61218334265190588,0.00089899657386217848,4.1337821411224361e-17,-26.171521657912503,15.644864177569513,0.71001510572311333,0.61218334265190588,0.00089899657386217848,1,1.8307835762794629,1.7616246212198707,1,1,1
1785069400.5065191,6,1,0.99999689969639094,1.1982846145052877,0.0024900999189997235,2,0,1,1,-0.035231722730674209,0.22706949954239986,-1.9247386624610818,-0.00056100411240124623,0.54914803564339254,0.38771079640148465,0,0.00035610946322728857,0,0.00035610946322728857,0,0,0.79645961870875759,-26.163698474582684,15.463649550024249,0.84626937835953597,0.64488061070231395,0.069545948212994646,-8.8831835749902253e-17,-26.171531060276987,15.6448549269954,0.7100146631866987,0.6121833152926619,0.00089899668435380799,-8.8831835749902253e-17,-26.175804373835714,15.6448549269954,0.70859022533378957,0.6121833152926619,0.00089899668435380799,1,1.8307835762794629,1.7616246212198707,1,1,1
1785069400.5265191,6,1,0.99999689969639094,1.1982846145052877,0.0024900999189997235,2,0,1,1,-0.035231722730674209,0.22706902491963135,-1.9247386624610818,-0.00056147873516977523,0.54914803564339254,0.38770937253317905,0,0,0,0,0.00035610946322728857,-0.00035610946322728857,0,-26.283167417388999,15.367482575210666,0.55776845391878516,0.48049927856250846,0,1.5360780321422426e-16,-26.171516437509332,15.644859154372131,0.71001501140703838,0.6121833242504453,0.00089899727874337887,1.5360780321422426e-16,-26.171516437509332,15.644859154372131,0.71001501140703838,0.61129305059237704,0.0017892709368116002,1,1.8307835762794629,1.7616246212198707,1,1,1
1785069400.546519,6,1,0.99999689969639094,1.1982846145052877,0.0024900999189997235,2,0,1,1,-0.035231722730674209,0.22706949954239986,-1.9247391370838505,-0.00056147873516977523,0.54914708639785548,0.38770794866487346,0,0,-0.00035610946322728857,0,-0.00035610946322728857,-0.00035610946322728857,0.63716769496700609,-26.44245934113075,15.367482575210666,0.38466789925433453,0.61326881606004369,0.13909189642598929,-9.8583532602351901e-17,-26.171525823125855,15.644849887682728,0.71001456900651783,0.61218328774737718,0.00089899767839323429,-9.8583532602351901e-17,-26.171525823125855,15.647698763388547,0.71001456900651783,0.61307356140544544,0.0017892713364614557,1,1.8307835762794629,1.7616246212198707,1,1,1
1785069400.566519,6,1,0.99999689969639094,1.1982846145052877,0.0024900999189997235,2,0,1,1,-0.035232197353442733,0.22706997416516839,-1.9247391370838505,-0.00056147873516977523,0.54914613715231841,0.38770747404210493,0,-0.00035610946322728857,-0.00035610946322728857,0,0.00035610946322728857,0.00035610946322728857,-0.11946894280631364,-26.004406550840933,15.463649550024249,0.38466789925433453,0.61326881606004369,-0.13276953749753523,1.0359553188020702e-16,-26.171540007299793,15.644845238284335,0.71001434762536619,0.61218326038560378,0.00089899778892616855,1.0359553188020702e-16,-26.167266693741066,15.647694113990154,0.71001434762536619,0.61129298672753551,8.7241308579471112e-06,1,1.8307835762794629,1.7616246212198707,1,1,1
1785069400.586519,6,1,0.99999689969639094,1.1982846145052877,0.0024900999189997235,2,0,1,1,-0.035231722730674209,0.22707092341070545,-1.9247400863293875,-0.00056147873516977523,0.54914328941570723,0.3877069994193364,0.00035610946322728857,0,-0.00071221892645457715,0,-0.00035610946322728857,0,0,-26.601751264872501,15.732917079502283,0.75010240354595237,0.58165702141777342,0,2.102973716237189e-16,-26.171558745189607,15.644826672831858,0.71001346195514448,0.61218316920248506,0.00089899780410722667,-0.0042733135587272528,-26.171558745189607,15.650524424243494,0.71001346195514448,0.61307344286055332,0.00089899780410722667,1,1.8307835762794629,1.7616246212198707,1,1,1
1785069400.606519,6,1,0.99999689969639094,1.1982846145052877,0.0024900999189997235,2,0,1,1,-0.035232197353442733,0.22707234727901104,-1.9247400863293875,-0.00056100411240124623,0.54914234017017016,0.38770652479656792,0,0,0,0,0,-0.00035610946322728857,0.63716769496700609,-26.283167417388999,15.655983499651416,0.65393542873236876,0.61326881606004369,-0.063223589284540582,2.7673778357850084e-16,-26.171601769521587,15.644813178646098,0.71001267145765934,0.61218312371575445,0.000898997760731193,2.7673778357850084e-16,-26.171601769521587,15.644813178646098,0.71001267145765934,0.61218312371575445,0.0017892714187994145,1,1.8307835762794629,1.7616246212198707,1,1,1
1785069400.626519,6,1,0.99999689969639094,1.1982846145052877,0.0024900999189997235,2,0,1,1,-0.035231722730674209,0.22707234727901104,-1.9247400863293875,-0.00056195335793830423,0.54914234017017016,0.38770557555103086,0,0,0,-0.00035610946322728857,0.00035610946322728857,0,0,-26.163698474582684,15.463649550024249,0.4616014791052015,0.64488061070231395,0.069545948212994646,2.9125768196604845e-16,-26.171600959257113,15.644812398993672,0.71001292484106926,0.61218312345493076,0.00089899831668747976,2.9125768196604845e-16,-26.171600959257113,15.644812398993672,0.71143736269397839,0.61129284979686249,0.00089899831668747976,1,1.8307835762794629,1.7616246212198707,1,1,1
1785069400.6465189,6,1,0.99999689969639094,1.1982846145052877,0.0024900999189997235,2,0,1,1,-0.035231722730674209,0.22707234727901104,-1.924740560952156,-0.00056147873516977523,0.54914186554740163,0.38770462630549379,0,0.00035610946322728857,0,0,0,0,-0.43805279028981664,-26.283167417388999,15.732917079502283,1.1155369078375703,0.61326881606004369,-0.10115774285526494,1.3756122043557299e-16,-26.171596549065015,15.644808155397341,0.71001257713810306,0.61218310530765119,0.00089899846559218311,1.3756122043557299e-16,-26.175869862623742,15.644808155397341,0.71001257713810306,0.61218310530765119,0.00089899846559218311,1,1.8307835762794629,1.7616246212198707,1,1,1
1785069400.6665189,6,1,0.99999689969639094,1.1982846145052877,0.0024900999189997235,2,0,1,1,-0.035231722730674209,0.22707329652454811,-1.9247419848204617,-0.00056147873516977523,0.54913901781079044,0.38770415168272526,0.00035610946322728857,0.00035610946322728857,-0.00035610946322728857,0,0,0,0,-26.761043188614252,15.655983499651416,0.75010240354595237,0.64488061070231395,0.13909189642598929,1.2785759370727207e-17,-26.17161048820476,15.644784972490543,0.71001147018763278,0.61218300498104194,0.00089899846708523998,-0.0042733135587274505,-26.175883801763487,15.647633848196362,0.71001147018763278,0.61218300498104194,0.00089899846708523998,1,1.8307835762794629,1.7616246212198707,1,1,1
1785069400.6865189,6,1,0.99999689969639094,1.1982846145052877,0.0024900999189997235,2,0,1,1,-0.035231722730674209,0.22707377114731664,-1.9247438833115358,-0.00056147873516977523,0.54913711931971632,0.38770367705995673,0,0,0,0,0,0,0.47787577122525454,-26.004406550840933,15.732917079502283,0.38466789925433453,0.58165702141777342,-0.063223589284540582,-3.3897585528173835e-17,-26.171605444535555,15.644761821608439,0.71001036346786572,0.61218292288078235,0.0008989984957699079,-3.3897585528173835e-17,-26.171605444535555,15.644761821608439,0.71001036346786572,0.61218292288078235,0.0008989984957699079,1,1.8307835762794629,1.7616246212198707,1,1,1
1785069400.7065189,6,1,0.99999689969639094,1.1982846145052877,0.0024900999189997235,2,0,1,1,-0.035231722730674209,0.22707377114731664,-1.9247443579343042,-0.00056147873516977523,0.54913664469694778,0.38770367705995673,0,0,-0.00035610946322728857,0.00035610946322728857,0,0,-0.27876086654806514,-26.283167417388999,15.829084054315867,0.4616014791052015,0.68281476427303833,-0.10115774285526494,7.7573847542987897e-17,-26.171600629237041,15.644757188210734,0.71001014207496793,0.61218290463778191,0.00089899846850795035,7.7573847542987897e-17,-26.171600629237041,15.647606063916554,0.7085857042220588,0.61218290463778191,0.00089899846850795035,1,1.8307835762794629,1.7616246212198707,1,1,1
1785069400.7265189,6,1,0.99999689969639094,1.1982846145052877,0.0024900999189997235,2,0,1,1,-0.035231722730674209,0.22707377114731664,-1.9247438833115358,-0.00056195335793830423,0.54913664469694778,0.3877032024371882,0,0,0,0,0,0,-0.43805279028981664,-26.44245934113075,15.559816524837833,0.55776845391878516,0.61326881606004369,0.13909189642598929,-8.4904826350164039e-17,-26.171605022700732,15.644761415710594,0.71001049004106576,0.61218291362886479,0.00089899876013782359,-8.4904826350164039e-17,-26.171605022700732,15.644761415710594,0.71001049004106576,0.61218291362886479,0.00089899876013782359,1,1.8307835762794629,1.7616246212198707,1,1,1
1785069400.7465189,6,1,0.99999689969639094,1.1982846145052877,0.0024900999189997235,2,0,1,1,-0.035231722730674209,0.22707424577008517,-1.9247443579343042,-0.00056195335793830423,0.54913617007417925,0.38770272781441967,0,0,0,-0.00035610946322728857,0,0,-0.27876086654806514,-26.44245934113075,15.463649550024249,0.55776845391878516,0.68281476427303833,0.069545948212994646,-7.907022840605803e-17,-26.171614424855516,15.644752164954756,0.7100100474972556,0.6121828862501566,0.0008989988705967411,-7.907022840605803e-17,-26.171614424855516,15.644752164954756,0.71143448535016474,0.6121828862501566,0.0008989988705967411,1,1.8307835762794629,1.7616246212198707,1,1,1
1785069400.7665191,6,1,0.99999689969639094,1.1982846145052877,0.0024900999189997235,2,0,1,1,-0.035231722730674209,0.22707472039285367,-1.9247462564253783,-0.00056147873516977523,0.54913427158310524,0.38770272781441967,-0.00035610946322728857,-0.00035610946322728857,-0.00035610946322728857,0,-0.00035610946322728857,0,0.47787577122525454,-26.44245934113075,15.732917079502283,0.65393542873236876,0.68281476427303833,0,5.3754348488794526e-17,-26.171609786167732,15.64472940375776,0.71000881408205985,0.61218280426422234,0.00089899862128224606,0.0042733135587275164,-26.167336472609005,15.647578279463579,0.71000881408205985,0.6130730779222906,0.00089899862128224606,1,1.8307835762794629,1.7616246212198707,1,1,1
1785069400.7865191,6,1,0.99999689969639094,1.1982846145052877,0.0024900999189997235,2,0,1,1,-0.035231248107905677,0.22707519501562221,-1.924747680293684,-0.00056195335793830423,0.54913332233756817,0.3877017785688826,0,0,0,0,0,-0.00035610946322728857,0,-26.44245934113075,15.732917079502283,0.75010240354595237,0.61326881606004369,0,-2.5039924115280825e-18,-26.171609169146951,15.644710512312695,0.71000805555304758,0.61218274937876938,0.00089899896878143076,-2.5039924115280825e-18,-26.171609169146951,15.644710512312695,0.71000805555304758,0.61218274937876938,0.0017892726268496522,1,1.8307835762794629,1.7616246212198707,1,1,1
1785069400.8074181,6,1,0.99999689969639094,1.1982846145052877,0.0024900999189997235,2,0,1,1,-0.035231248107905677,0.22707472039285367,-1.9247481549164525,-0.00056195335793830423,0.54913284771479964,0.38770130394611407,0,0,0.00035610946322728857,0,-0.00035610946322728857,-0.00035610946322728857,-0.27876086654806514,-26.163698474582684,15.290548995359799,0.84626937835953597,0.68281476427303833,-0.10115774285526494,2.4652832379268403e-17,-26.171590136339454,15.644710496215525,0.71000805556382141,0.6121827402410841,0.00089899910654774951,2.4652832379268403e-17,-26.171590136339454,15.641861620509706,0.71000805556382141,0.61307301389915236,0.001789272764615971,1,1.8307835762794629,1.7616246212198707,1,1,1
1785069400.8274181,6,1,0.99999689969639094,1.1982846145052877,0.0024900999189997235,2,0,1,1,-0.035231248107905677,0.22707566963839074,-1.9247491041619895,-0.00056195335793830423,0.54913047460095699,0.3877017785688826,0,0,-0.00035610946322728857,0,0,0,0.47787577122525454,-25.367238855873929,15.290548995359799,0.4616014791052015,0.68281476427303833,0.069545948212994646,-3.0176252809038245e-16,-26.171608890398197,15.644691946361329,0.71000716973801237,0.61218265813200112,0.00089899883247041446,-3.0176252809038245e-16,-26.171608890398197,15.647540822067148,0.71000716973801237,0.61218265813200112,0.00089899883247041446,1,1.8307835762794629,1.7616246212198707,1,1,1
1785069400.8474181,6,1,0.99999689969639094,1.1982846145052877,0.0024900999189997235,2,0,1,1,-0.035231248107905677,0.2270766188839278,-1.9247519518986007,-0.00056195335793830423,0.5491276268643458,0.38770130394611407,0,0,0,0,-0.00035610946322728857,-0.00035610946322728857,0.47787577122525454,-26.601751264872501,15.559816524837833,0.55776845391878516,0.68281476427303833,-0.031611794642270291,-1.4863227481404746e-16,-26.171608432892686,15.644654910679332,0.71000539892830372,0.61218253034984116,0.00089899879286478015,-1.4863227481404746e-16,-26.171608432892686,15.644654910679332,0.71000539892830372,0.61307280400790942,0.0017892724509330016,1,1.8307835762794629,1.7616246212198707,1,1,1
1785069400.8674181,6,1,0.99999689969639094,1.1982846145052877,0.0024900999189997235,2,0,1,1,-0.035231248107905677,0.22707756812946486,-1.9247533757669064,-0.00056195335793830423,0.54912667761880873,0.38770130394611407,0,0,0.00035610946322728857,0,0,0,-0.27876086654806514,-26.761043188614252,15.463649550024249,0.84626937835953597,0.61326881606004369,0.037934153570724355,-1.9343846206023793e-16,-26.171622438122537,15.644631791402182,0.7100042922916906,0.61218246645547492,0.00089899869731097462,-1.9343846206023793e-16,-26.171622438122537,15.641782915696362,0.7100042922916906,0.61218246645547492,0.00089899869731097462,1,1.8307835762794629,1.7616246212198707,1,1,1
# event,1785069401.1869481,READY,已恢复当前位置保持；零力拖拽关闭
1785069401.0477586,6,1,0.99999689969639094,1.1982846145052877,0.0024900999189997235,2,0,1,1,-0.035230773485137146,0.22708041586607602,-1.9247633428450455,-0.00056290260347536213,0.54911576129513251,0.38769845620950288,0,0,0.00035610946322728857,-0.00035610946322728857,-0.00035610946322728857,0,0.15929192374175152,-26.761043188614252,15.559816524837833,0.55776845391878516,0.54372286784704904,0.037934153570724355,-7.5719461848016704e-17,-26.171605773052722,15.644505969564429,0.70999856883675205,0.61218200955448165,0.00089899917635320715,-7.5719461848016704e-17,-26.171605773052722,15.64165709385861,0.71142300668966119,0.61307228321254992,0.00089899917635320715,1,1.8307835762794629,1.7616246212198707,1,1,1
1785069401.0677586,6,1,0.99999689969639094,1.1982846145052877,0.0024900999189997235,2,0,1,1,-0.035230773485137146,0.22708041586607602,-1.9247638174678139,-0.00056242798070683323,0.54911576129513251,0.38769845620950288,0,0,0,0.00035610946322728857,0,0,0.63716769496700609,-26.283167417388999,15.732917079502283,0.84626937835953597,0.64488061070231395,0.107480101783719,2.1830986309765112e-16,-26.17160137936462,15.644501741848636,0.70999822099519527,0.61218200053633265,0.00089899903608498997,2.1830986309765112e-16,-26.17160137936462,15.644501741848636,0.70857378314228614,0.61218200053633265,0.00089899903608498997,1,1.8307835762794629,1.7616246212198707,1,1,1
1785069401.0877585,6,1,0.99999689969639094,1.1982846145052877,0.0024900999189997235,2,0,1,1,-0.035230773485137146,0.22708041586607602,-1.9247638174678139,-0.00056242798070683323,0.54911433742682703,0.38769845620950288,0,-0.00035610946322728857,0.00035610946322728857,0,0,0.00035610946322728857,-0.27876086654806514,-26.163698474582684,15.92525102912945,0.92320295821040299,0.58165702141777342,0.069545948212994646,9.6415706966600426e-17,-26.171601329189375,15.644501693568783,0.70999822064418028,0.61218197312977096,0.00089899899520033731,9.6415706966600426e-17,-26.167328015630648,15.641652817862964,0.70999822064418028,0.61218197312977096,8.7253371321158798e-06,1,1.8307835762794629,1.7616246212198707,1,1,1
1785069401.1077585,6,1,0.99999689969639094,1.1982846145052877,0.0024900999189997235,2,0,1,1,-0.035230773485137146,0.22708041586607602,-1.9247642920905825,-0.00056242798070683323,0.54911338818128996,0.38769798158673435,0,0,0,0,0,0,0.63716769496700609,-26.283167417388999,15.732917079502283,0.84626937835953597,0.58165702141777342,0.037934153570724355,-3.9433277470531345e-17,-26.171596496893088,15.644497043815408,0.70999799925164087,0.6121819457083808,0.0008989991056419515,-3.9433277470531345e-17,-26.171596496893088,15.644497043815408,0.70999799925164087,0.6121819457083808,0.0008989991056419515,1,1.8307835762794629,1.7616246212198707,1,1,1
1785069401.1277587,6,1,0.99999689969639094,1.1982846145052877,0.0024900999189997235,2,0,1,1,-0.035230298862368621,0.22708231435715015,-1.9247671398271937,-0.00056242798070683323,0.5491124389357529,0.38769798158673435,0,0.00035610946322728857,-0.0010683283896818657,0.00035610946322728857,0,0,-0.27876086654806514,-25.207946932132177,14.732780541441013,0.92320295821040299,0.61326881606004369,0.037934153570724355,-8.6314590890007125e-17,-26.171624539233786,15.644450836010016,0.70999578615326842,0.61218183606517695,0.00089899894160589495,-8.6314590890007125e-17,-26.175897852792513,15.652997463127472,0.70857134830035928,0.61218183606517695,0.00089899894160589495,1,1.8307835762794629,1.7616246212198707,1,1,1
# event,1785069401.285063,READY,位置控制在线；按下 FREE 即进入零力拖拽，松开退出
# event,1785070090.9865377,SERVO_OFF,Servo Off；先通过正常流程 Servo On
