# source,实体 FREE (DI bit 5)
stamp,status,handoff_progress,model_alignment,model_scale_estimate,model_normalized_residual,model_excited_joints,model_direction_mismatches,model_validation_passed,settling,position_elfin_joint1,position_elfin_joint2,position_elfin_joint3,position_elfin_joint4,position_elfin_joint5,position_elfin_joint6,velocity_elfin_joint1,velocity_elfin_joint2,velocity_elfin_joint3,velocity_elfin_joint4,velocity_elfin_joint5,velocity_elfin_joint6,measured_effort_elfin_joint1,measured_effort_elfin_joint2,measured_effort_elfin_joint3,measured_effort_elfin_joint4,measured_effort_elfin_joint5,measured_effort_elfin_joint6,gravity_effort_elfin_joint1,gravity_effort_elfin_joint2,gravity_effort_elfin_joint3,gravity_effort_elfin_joint4,gravity_effort_elfin_joint5,gravity_effort_elfin_joint6,commanded_effort_elfin_joint1,commanded_effort_elfin_joint2,commanded_effort_elfin_joint3,commanded_effort_elfin_joint4,commanded_effort_elfin_joint5,commanded_effort_elfin_joint6,effective_scale_elfin_joint1,effective_scale_elfin_joint2,effective_scale_elfin_joint3,effective_scale_elfin_joint4,effective_scale_elfin_joint5,effective_scale_elfin_joint6
# event,1785568445.6114707,ACTIVE,零力拖拽 ACTIVE；末端灯环应由固件进入蓝色零力示教状态
1785568445.5582244,1,0,0.99833233272875377,0.97398724213117505,0.057728272348690393,3,0,1,0,-0.70282614186538872,-1.0266361018259751,-1.8794477847742046,-0.38927942465147292,-0.49843221971222912,0.77208546936297917,0,0.00035610946322728857,0,0,0.00035610946322728857,0,-3.1460154938995926,12.942468804017309,24.484111787538396,0,8.5731187069837027,-0.10115774285526494,-9.5931563474233039e-17,12.351188837262377,25.935770807407295,-0.57415105086188278,7.602800651009928,-0.058234776455433859,-3.1460154938995926,12.942468804017309,24.484111787538396,0,8.5731187069837027,-0.10115774285526494,1,1.8307835762794629,1.7616246212198707,1,1,1
1785568445.5782244,1,0.0046719999999999999,0.99833233272875377,0.97398724213117505,0.057728272348690393,3,0,1,0,-0.70282471799708313,-1.0266394241853547,-1.8794496832652787,-0.38927657691486173,-0.49843174508946059,0.77208357087190504,0,-0.00035610946322728857,0,0,0,0,-3.7433602079311603,12.305301109050305,24.657212342202847,-0.076933579850866907,8.5731187069837027,-0.13276953749753523,-3.5035315577511272e-16,12.351295954163614,25.935743854370052,-0.57414117062843262,7.6028013096850398,-0.058235546410083987,-3.1313173095120939,12.940134175818665,24.490893812554635,-0.0026823875491760372,8.5685853841035229,-0.10095721035347305,1,1.8307835762794629,1.7616246212198707,1,1,1
1785568445.5982244,1,0.018176000000000001,0.99833233272875377,0.97398724213117505,0.057728272348690393,3,0,1,0,-0.70282471799708313,-1.0266427465447345,-1.8794511071335844,-0.38927562766932466,-0.49843316895776618,0.77208404549467358,0,-0.00035610946322728857,0,0.00035610946322728857,0,0.00035610946322728857,-3.3053074176413437,12.942468804017309,24.195610863097645,-0.44236808414248474,8.4087373748438985,-0.063223589284540582,8.5855259533695882e-17,12.351407317531407,25.935712795497146,-0.57414220766645485,7.6028030285572248,-0.058238114406270511,-3.0888335162824734,12.932153001794815,24.510496087459053,-0.010560247078675035,8.5554822492126235,-0.10044173539195692,1,1.8307835762794629,1.7616246212198707,1,1,1
1785568445.6182244,1,0.039744000000000008,0.99833233272875377,0.97398724213117505,0.057728272348690393,3,0,1,0,-0.70282376875154606,-1.026643221167503,-1.8794477847742046,-0.3892708814416394,-0.49843316895776618,0.77208404549467358,0,0,0.00035610946322728857,0.00035610946322728857,0,0,-2.6681397226743377,13.261052651500814,24.580278762351977,0.19233394962716727,8.5098951176991626,-0.20231548571052987,-6.1323830128495738e-16,12.351490479440418,25.935642834304378,-0.57413062128111558,7.6028031254869122,-0.058244774249657176,-3.020980254110047,12.918980961485326,24.541516549890481,-0.022942885724326213,8.5345544845126948,-0.099452209831003668,1,1.8307835762794629,1.7616246212198707,1,1,1
1785568445.6382246,1,0.068608000000000002,0.99833233272875377,0.97398724213117505,0.057728272348690393,3,0,1,0,-0.70282234488324047,-1.0266489166407253,-1.8794435131692879,-0.38926043974073177,-0.49843269433499765,0.77208404549467358,0,-0.00071221892645457715,0,0.00035610946322728857,0,0,-3.3053074176413437,12.942468804017309,24.387944812724811,0,8.5098951176991626,-0.063223589284540582,1.2114604024809905e-16,12.35181686395223,25.935457424656327,-0.57410319997368553,7.6027969501159784,-0.05825982090061485,-2.9301736628941293,12.90280001842507,24.583685709009782,-0.039512710655924169,8.5065468718885224,-0.098214602225800307,1,1.8307835762794629,1.7616246212198707,1,1,1
1785568445.6582246,1,0.10400000000000002,0.99833233272875377,0.97398724213117505,0.057728272348690393,3,0,1,0,-0.70282187026047194,-1.0266588837188646,-1.8794477847742046,-0.38925616813581498,-0.49843269433499765,0.77208404549467358,0.00035610946322728857,-0.00035610946322728857,-0.00035610946322728857,0,0,0,-2.6681397226743377,12.942468804017309,24.945713266643597,-0.44236808414248474,8.5098951176991626,-0.13276953749753523,2.3586140636064346e-16,12.352163257849586,25.935352014765932,-0.57409163005146535,7.6027903603731142,-0.058266458634030689,-2.8192572138899075,12.881504358571739,24.635325658740644,-0.059705529525352408,8.4722045589362018,-0.096697049296256568,1,1.8307835762794629,1.7616246212198707,1,1,1
1785568445.6782246,1,0.14515200000000003,0.99833233272875377,0.97398724213117505,0.057728272348690393,3,0,1,0,-0.70282092101493487,-1.0266598329644014,-1.8794530056246586,-0.38925284577643526,-0.49843649131714585,0.77208452011744211,0.00035610946322728857,0,0,0,-0.00035610946322728857,0,-3.3053074176413437,12.464593032792056,24.657212342202847,0.19233394962716727,8.4403491694861685,-0.10115774285526494,-5.3596856770463108e-16,12.352092676935907,25.93544344251012,-0.57409653089467771,7.6028240644012275,-0.058270380753005675,-2.6897923842849516,12.856774528419189,24.694775479920853,-0.083331259652424272,8.4323425987269527,-0.094932556471397797,1,1.8307835762794629,1.7616246212198707,1,1,1
1785568445.6982245,1,0.19129600000000002,0.99833233272875377,0.97398724213117505,0.057728272348690393,3,0,1,0,-0.70281759865555526,-1.026659358341633,-1.8794549041157327,-0.38924667568044441,-0.49843649131714585,0.77208499474021064,0,0,0,0.00035610946322728857,0,0,-2.8274316464160894,12.464593032792056,24.387944812724811,-0.36543450429161783,8.3075796319886326,-0.031611794642270291,-1.6167487270832281e-16,12.352035365687856,25.935488528797279,-0.57408569250685459,7.6028456680815468,-0.058277702957630524,-2.5441953139785758,12.829521248998638,24.761754352634256,-0.10994493494592082,8.3875093557338758,-0.092954962743007061,1,1.8307835762794629,1.7616246212198707,1,1,1
1785568445.7182245,1,0.24166399999999999,0.99833233272875377,0.97398724213117505,0.057728272348690393,3,0,1,0,-0.70281427629617554,-1.0266588837188646,-1.8794601249661864,-0.38923528473399971,-0.49843649131714585,0.77208499474021064,0.00035610946322728857,0,-0.00071221892645457715,0.00071221892645457715,0.00035610946322728857,0,-2.349555875190835,12.146009185308552,24.484111787538396,-0.076933579850866907,8.3391914266309026,0,1.6881705451957107e-16,12.351913837090333,25.935596498518386,-0.57406531069909339,7.6028892899455913,-0.058289500181724387,-2.386164136937714,12.799752928489868,24.835453163873826,-0.13898019586904481,8.3385850854412222,-0.090798031857806438,1,1.8307835762794629,1.7616246212198707,1,1,1
1785568445.7382245,1,0.29548800000000003,0.99833233272875377,0.97398724213117505,0.057728272348690393,3,0,1,0,-0.70281047931402729,-1.0266588837188646,-1.8794648711938717,-0.38921867293710122,-0.49843696593991438,0.7720859439857477,0.00035610946322728857,0.00035610946322728857,0.00035610946322728857,0.0010683283896818657,0,0,-2.6681397226743377,12.623884956533807,24.945713266643597,-0.36543450429161783,8.3391914266309026,-0.031611794642270291,1.7280827376703334e-16,12.351819910222263,25.935688797291995,-0.57403604127838115,7.6029442538601577,-0.058309233642103955,-2.2168329989940623,12.767511812331726,24.912750487425885,-0.16999467670165497,8.2864437981791319,-0.088496522564886423,1,1.8307835762794629,1.7616246212198707,1,1,1
1785568445.7582245,1,0.35200000000000009,0.99833233272875377,0.97398724213117505,0.057728272348690393,3,0,1,0,-0.70280193610419373,-1.0266607822099385,-1.8794620234572605,-0.3891811777383874,-0.49843791518545144,0.7720873678540533,0.00071221892645457715,-0.00035610946322728857,0.00035610946322728857,0.0024927662425910197,0,0.00035610946322728857,-2.1902639514490834,12.146009185308552,24.945713266643597,-0.26926752947803417,8.2380336837756385,-0.20231548571052987,3.5962986061344182e-16,12.351948415035718,25.935608959411951,-0.5739610895214402,7.6030224904965076,-0.058357022281740896,-2.039472702758681,12.735032958451662,24.994753904467306,-0.20290677169645385,8.231644838780209,-0.086155988916765375,1,1.8307835762794629,1.7616246212198707,1,1,1
1785568445.7782245,1,0.41043200000000002,0.99833233272875377,0.97398724213117505,0.057728272348690393,3,0,1,0,-0.70279339289436027,-1.0266688507970037,-1.8794511071335844,-0.38912374838339542,-0.49843649131714585,0.77208784247682183,0.00071221892645457715,-0.00071221892645457715,0.00035610946322728857,0.0028488757058183086,0,0,-1.8716801039655802,12.783176880275558,25.041880241457179,-0.26926752947803417,8.1368759409203726,-0.13276953749753523,1.9235779418966259e-16,12.352500363684454,25.93526022185987,-0.57383160624692398,7.603097693869457,-0.058430529912538311,-1.8556447254191404,12.70118153982636,25.079424654163244,-0.23651596031217392,8.1749910425291965,-0.083621127392755762,1,1.8307835762794629,1.7616246212198707,1,1,1
1785568445.7982244,1,0.4700160000000001,0.99833233272875377,0.97398724213117505,0.057728272348690393,3,0,1,0,-0.70278769742113789,-1.0266954296720412,-1.8794487340197417,-0.38904970723150489,-0.49843696593991438,0.77208784247682183,0.00035610946322728857,-0.0014244378529091543,0,0.0042733135587274627,0.00035610946322728857,0,-2.1902639514490834,12.305301109050305,25.21498079612163,0,8.0989417873496485,0,-2.378197465346954e-16,12.353676956815043,25.934734333947564,-0.57366717023901714,7.6031894889767608,-0.058525916387184747,-1.6677652068747542,12.667436540586181,25.165927594311448,-0.27112840843261654,8.1171723559495703,-0.081120102306043759,1,1.8307835762794629,1.7616246212198707,1,1,1
1785568445.8182244,1,0.52998400000000001,0.99833233272875377,0.97398724213117505,0.057728272348690393,3,0,1,0,-0.70278105270237845,-1.0267253309064586,-1.8794530056246586,-0.38893864550366913,-0.4984388644309885,0.77208831709959036,0,-0.0014244378529091543,0,0.0074782987277730601,0,0,-1.0752204852568228,11.82742533782505,24.945713266643597,-0.076933579850866907,8.1368759409203726,-0.031611794642270291,-1.8075276518592087e-15,12.354860517748232,25.934280504292488,-0.57343280068602176,7.6033834786370464,-0.058664846698150863,-1.4786776183807118,12.63275513945077,25.252678004718597,-0.30652761399350115,8.0591745517236291,-0.078637187778332993,1,1.8307835762794629,1.7616246212198707,1,1,1
1785568445.8382244,1,0.58956800000000009,0.99833233272875377,0.97398724213117505,0.057728272348690393,3,0,1,0,-0.70277440798361912,-1.0267452650627367,-1.8794492086425103,-0.38871699667076609,-0.49843981367652557,0.77208974096789595,0,-0.00071221892645457715,0.00035610946322728857,0.013888269065864253,0,0.00035610946322728857,-1.0752204852568228,12.464593032792056,25.21498079612163,0,8.1368759409203726,-0.063223589284540582,-1.1004245474913188e-15,12.355758158871028,25.933876856256486,-0.57297264436230244,7.6038408998047577,-0.058934732929364408,-1.2912254311921978,12.597417645091452,25.3385619920018,-0.34266723016444645,8.001663528760826,-0.076328507042652524,1,1.8307835762794629,1.7616246212198707,1,1,1
1785568445.8582244,1,0.64800000000000013,0.99833233272875377,0.97398724213117505,0.057728272348690393,3,0,1,0,-0.70276633939655409,-1.0267670977100891,-1.8794425639237509,-0.38834916402515612,-0.4984402882992941,0.77208974096789595,0.00035610946322728857,-0.0014244378529091543,0.00035610946322728857,0.023859334036228332,0,0,-1.3938043327403258,11.82742533782505,25.868916224853997,-0.26926752947803417,7.8966263016391194,0.069545948212994646,8.7200347853935711e-16,12.356773717581945,25.933407287274811,-0.57220904880812506,7.6046271558692542,-0.059375751844583664,-1.1078247852085283,12.564647713430684,25.422970383797011,-0.37914223054034507,7.9455361818615398,-0.074083012680343466,1,1.8307835762794629,1.7616246212198707,1,1,1
1785568445.8782246,1,0.70451200000000003,0.99833233272875377,0.97398724213117505,0.057728272348690393,3,0,1,0,-0.70275162609072972,-1.0267946258306637,-1.8794363938277601,-0.38773595140821671,-0.49843981367652557,0.77208974096789595,0.0010683283896818657,-0.0010683283896818657,0.00035610946322728857,0.035610946322728855,0.00035610946322728857,-0.00035610946322728857,-0.27876086654806514,12.783176880275558,25.407314745748799,-0.26926752947803417,7.9345604552098434,-0.13276953749753523,-2.7979869940061852e-16,12.35799631669494,25.932876698320907,-0.57093985726008833,7.6059720807276801,-0.060106921221265153,-0.93089182032902118,12.531982917096471,25.504499164793021,-0.41469781193097444,7.8916882033234392,-0.072172846700871568,1,1.8307835762794629,1.7616246212198707,1,1,1
1785568445.8982246,1,0.75833600000000012,0.99833233272875377,0.97398724213117505,0.057728272348690393,3,0,1,0,-0.70273643816213682,-1.026808389890951,-1.8794306983545377,-0.38686264551412336,-0.49844123754483116,0.77209163945897008,0.0010683283896818657,-0.00071221892645457715,0.00035610946322728857,0.051991981631184132,-0.00035610946322728857,0.00035610946322728857,-0.11946894280631364,11.668133414083298,25.407314745748799,-0.63470203376965206,7.8650145069968485,0.037934153570724355,-1.1929476503858005e-15,12.358580453230839,25.932657154265854,-0.56915346024161018,7.6079749174059472,-0.061143407860083362,-0.76156068238536989,12.500539910347046,25.582310999190447,-0.44980675199669617,7.8412795258738468,-0.070877531815739817,1,1.8307835762794629,1.7616246212198707,1,1,1
1785568445.9182246,1,0.80870400000000009,0.99833233272875377,0.97398724213117505,0.057728272348690393,3,0,1,0,-0.70271460551478448,-1.0268449358441278,-1.8794212058991671,-0.38559587734491957,-0.49844171216759969,0.77209258870450714,0.0010683283896818657,-0.0021366567793637313,0.00071221892645457715,0.07050967371900313,0.00035610946322728857,0.00035610946322728857,0,12.305301109050305,25.580415300413247,-0.44236808414248474,7.8334027123545784,-0.10115774285526494,-3.0044597452288935e-16,12.360171137081808,25.931999666516461,-0.56654685545638395,7.6108140228475527,-0.062648940224802413,-0.60310217398863453,12.474126339711137,25.65445473167831,-0.48284709399665066,7.7948349600006805,-0.070079619836180274,1,1.8307835762794629,1.7616246212198707,1,1,1
1785568445.9382246,1,0.85484799999999994,0.99833233272875377,0.97398724213117505,0.057728272348690393,3,0,1,0,-0.7026951459812748,-1.0268933473665178,-1.8793879823053701,-0.38405667570658009,-0.49844171216759969,0.77209258870450714,0.0010683283896818657,-0.0024927662425910197,0.0021366567793637313,0.087602927953912987,0,-0.00035610946322728857,-1.2345124089985742,12.146009185308552,25.311147770935214,-0.44236808414248474,7.8966263016391194,-0.13276953749753523,-3.2749681872640268e-17,12.362696053740871,25.930715940041793,-0.56336336009612398,7.6141731161114024,-0.064483591118449105,-0.45793243503813191,12.449842547480106,25.71902912867413,-0.51225106643532092,7.7533659865176983,-0.069742817887970501,1,1.8307835762794629,1.7616246212198707,1,1,1
1785568445.9582245,1,0.89600000000000013,0.99833233272875377,0.97398724213117505,0.057728272348690393,3,0,1,0,-0.70268090729821886,-1.0269645407817971,-1.8793248574771557,-0.38210312839131483,-0.49844218679036822,0.7720935379500441,0.00035610946322728857,-0.0042733135587274627,0.0035610946322728858,0.10077897809332266,-0.00035610946322728857,0,-0.11946894280631364,12.942468804017309,25.945849804704867,-0.44236808414248474,7.7638567641415843,-0.031611794642270291,4.3584927333917278e-17,12.366725930721632,25.928508151502356,-0.55930880798990246,7.6183271993282142,-0.066822068400019821,-0.3276129427214301,12.431731165814854,25.775442053944285,-0.53641333429161564,7.7176896158277657,-0.070392978543365306,1,1.8307835762794629,1.7616246212198707,1,1,1
1785568445.9782245,1,0.931392,0.99833233272875377,0.97398724213117505,0.057728272348690393,3,0,1,0,-0.70267188946561687,-1.0270580414671973,-1.8792380015105148,-0.37998108999322178,-0.49844313603590529,0.77209638568665528,0.00035610946322728857,-0.0056977514116366172,0.0049855324851820395,0.11431113769595963,-0.00035610946322728857,0.00035610946322728857,-0.91592856151507118,12.623884956533807,25.868916224853997,-0.53853505895606835,7.6626990212863193,-0.10115774285526494,-8.7786494653435687e-17,12.372156040130657,25.925458983297666,-0.55488959742879163,7.6227131954125351,-0.069374311187278451,-0.21626916236133603,12.418121359929355,25.82258260890287,-0.55682863012198303,7.6879827164537904,-0.071619008570536574,1,1.8307835762794629,1.7616246212198707,1,1,1
1785568445.9982245,1,0.960256,0.99833233272875377,0.97398724213117505,0.057728272348690393,3,0,1,0,-0.70266382087855184,-1.0272179893401916,-1.8791463993161888,-0.37744375667266589,-0.49844361065867382,0.77209780955496088,0.00035610946322728857,-0.0085466271174549253,0.0039172040955001743,0.13318493924700592,0,0,-0.75663663777331969,12.146009185308552,25.945849804704867,-0.44236808414248474,7.5615412784310543,-0.13276953749753523,-7.063102815292599e-16,12.380499081377469,25.921128894229469,-0.54958287646203119,7.6278121749072234,-0.072432145191771657,-0.1254625711454192,12.413089958575013,25.86088232306474,-0.57435498335637636,7.6653824377180708,-0.073573815345309532,1,1.8307835762794629,1.7616246212198707,1,1,1
1785568446.0182245,2,0.98182400000000003,0.99833233272875377,0.97398724213117505,0.057728272348690393,3,0,1,0,-0.70265527766871827,-1.0274239756217332,-1.879076629769215,-0.37465392403925263,-0.49844313603590529,0.77209780955496088,0.00035610946322728857,-0.012107721749727811,0.0042733135587274627,0.15704427328323425,0,0,-0.11946894280631364,12.783176880275558,25.772749250040416,-0.44236808414248474,7.6626990212863193,-0.13276953749753523,1.3388541577480373e-16,12.390394698841526,25.916363571740831,-0.54374284292290054,7.6333708256028263,-0.075790683162514208,-0.057609308972991484,12.414958463876873,25.886912312464187,-0.60291381522553444,7.6504516830948051,-0.076251754839489649,1,1.8307835762794629,1.7616246212198707,1,1,1
1785568446.0382245,2,0.9953280000000001,0.99833233272875377,0.97398724213117505,0.057728272348690393,3,0,1,0,-0.70264531059057922,-1.0276968837136373,-1.8789712635146016,-0.37141035203912559,-0.49844361065867382,0.7721011319143406,0.00071221892645457715,-0.016024925845227987,0.0060538608748639056,0.17484974644459869,0,0.00035610946322728857,0,12.146009185308552,25.772749250040416,-0.73086900858323567,7.4603835355757893,-0.031611794642270291,1.8889512350128701e-16,12.403818487608287,25.909726407987115,-0.53693020127922841,7.6396045616648536,-0.079714812628951151,-0.015552847099244196,12.425564972900823,25.898222847780488,-0.64531856752365879,7.6439659397517836,-0.079879093702349399,1,1.8307835762794629,1.7616246212198707,1,1,1
1785568446.0582244,1,1,0.99833233272875377,0.97398724213117505,0.057728272348690393,3,0,1,0,-0.70263107190752339,-1.0280756326829235,-1.878821757342515,-0.36765798443113556,-0.49844408528144235,0.77210587814202591,0.00071221892645457715,-0.021010458330410025,0.0078344081910003485,0.18980634390014481,0,0,-0.11946894280631364,12.783176880275558,25.945849804704867,-0.36543450429161783,7.5931530730733243,-0.13276953749753523,-3.4558944247975454e-19,12.422614430751088,25.900322974358367,-0.52900608111831926,7.6464615420879518,-0.08427741670038634,-0.00085466271174549258,12.44782698074758,25.894055447805567,-0.639639331929021,7.6464615420879518,-0.08427741670038634,1,1.8307835762794629,1.7616246212198707,1,1,1
1785568446.0782244,1,1,0.99833233272875377,0.97398724213117505,0.057728272348690393,3,0,1,0,-0.70262063020661569,-1.0285146587438128,-1.8786565886190669,-0.36386052766013521,-0.49844313603590529,0.77210682738756298,0.00035610946322728857,-0.023147115109773755,0.0081905176542276369,0.20333850350278176,0,0,0.31858384748350305,12.783176880275558,26.042016779518448,-0.36543450429161783,7.7259226105708594,0.069545948212994646,1.3877787807814457e-16,12.44433201578871,25.889465398052067,-0.52094670529576914,7.6530932967375973,-0.088903543910051966,-0.00042733135587274629,12.472108553920439,25.882912983928684,-0.5921151815217427,7.6530932967375973,-0.088903543910051966,1,1.8307835762794629,1.7616246212198707,1,1,1
1785568446.0982244,1,1,0.99833233272875377,0.97398724213117505,0.057728272348690393,3,0,1,0,-0.70261446011062478,-1.0289850099074249,-1.8784852497996278,-0.3598091477079719,-0.49844218679036822,0.77210730201033151,0.00035610946322728857,-0.025283771889137489,0.0096149555071367906,0.21758288203187331,0,0,0.31858384748350305,11.986717261566801,26.138183754332033,-0.44236808414248474,7.4224493820050652,-0.063223589284540582,1.3446817444251469e-15,12.467528179317849,25.877893415216484,-0.51234990476745423,7.6600721367655122,-0.093833409278286872,-0.00042733135587141402,12.497868705584814,25.870201450810775,-0.58850391347860986,7.6600721367655122,-0.093833409278286872,1,1.8307835762794629,1.7616246212198707,1,1,1
1785568446.1182244,1,1,0.99833233272875377,0.97398724213117505,0.057728272348690393,3,0,1,0,-0.70260496765525426,-1.0295540826068912,-1.8782560070024283,-0.35494426433054993,-0.49844266141313676,0.77211062436971123,0.00071221892645457715,-0.028844866521410373,0.010683283896818658,0.23111504163451027,0.00035610946322728857,0,0.15929192374175152,12.623884956533807,25.772749250040416,-0.73086900858323567,7.6626990212863193,-0.031611794642270291,-3.5101722960576009e-16,12.496060658800149,25.863423105647374,-0.50202240586505786,7.668230672845576,-0.099758873084520139,-0.00085466271174593667,12.53067449862584,25.854876478529921,-0.58291267043713646,7.6681665731421953,-0.099758873084520139,1,1.8307835762794629,1.7616246212198707,1,1,1
1785568446.1382246,1,1,0.99833233272875377,0.97398724213117505,0.057728272348690393,3,0,1,0,-0.70259215284050391,-1.0301203075697463,-1.8780699548771651,-0.3506389611972236,-0.49844313603590529,0.77211347210632242,0.00035610946322728857,-0.029200975984637664,0.009971064970364079,0.23894944982551064,0,0,-0.11946894280631364,12.623884956533807,25.772749250040416,-1.0963035128748535,7.5615412784310543,-0.063223589284540582,-3.5606554597139572e-16,12.523723492896638,25.849704444189157,-0.49286441728596364,7.6751803245548151,-0.10500827792466925,-0.00042733135587319038,12.558764664078202,25.841727592212866,-0.57649672472489233,7.6751803245548151,-0.10500827792466925,1,1.8307835762794629,1.7616246212198707,1,1,1
1785568446.1582246,1,1,0.99833233272875377,0.97398724213117505,0.057728272348690393,3,0,1,0,-0.70258598274451312,-1.0307116875393334,-1.8778397628344285,-0.34521212446186333,-0.49844266141313676,0.77211442135185937,0.00035610946322728857,-0.028132647594955797,0.010683283896818658,0.25924768922946606,0,0,0.31858384748350305,12.464593032792056,26.138183754332033,-1.0001365380612699,7.6626990212863193,-0.16438133213980552,2.4093005151701319e-16,12.553313252326152,25.834712023499705,-0.4813725680763733,7.6841465477112205,-0.11158292540535522,-0.0004273313558723022,12.587072429440099,25.826165396382251,-0.57210925930668644,7.6841465477112205,-0.11158292540535522,1,1.8307835762794629,1.7616246212198707,1,1,1
1785568446.1782246,1,1,0.99833233272875377,0.97398724213117505,0.057728272348690393,3,0,1,0,-0.70258360963067046,-1.031247062022234,-1.8775772964434321,-0.34006436591439809,-0.49844266141313676,0.77211537059739643,0,-0.02706431920527393,0.015312706918773409,0.26530155010432999,0,0.00035610946322728857,0.47787577122525454,12.305301109050305,26.138183754332033,-0.53853505895606835,7.7954685587838544,-0.13276953749753523,-7.7759657437018181e-16,12.581190360208105,25.82007134019144,-0.47046654120452824,7.6924174670157424,-0.11781675406226909,-8.8817841970012523e-16,12.613667543254433,25.807821174656421,-0.56332208374104376,7.6924174670157424,-0.11788085376565,1,1.8307835762794629,1.7616246212198707,1,1,1
1785568446.1982245,1,1,0.99833233272875377,0.97398724213117505,0.057728272348690393,3,0,1,0,-0.70257981264852221,-1.0317715201814586,-1.877275910985416,-0.33479035771050414,-0.49844266141313676,0.7721163198429335,0,-0.023859334036228332,0.016737144771682564,0.27812149078051235,0,0,0.47787577122525454,12.305301109050305,25.407314745748799,-0.44236808414248474,7.7638567641415843,-0.063223589284540582,-1.0318487600816106e-15,12.609407584786148,25.804838607747264,-0.45929182816640424,7.7006839980934121,-0.12419774298393407,-8.8817841970012523e-16,12.638038785629622,25.791448891929917,-0.55663434993958361,7.7006839980934121,-0.12419774298393407,1,1.8307835762794629,1.7616246212198707,1,1,1
1785568446.2182245,1,1,0.99833233272875377,0.97398724213117505,0.057728272348690393,3,0,1,0,-0.7025736425525313,-1.0322228864343297,-1.8769261140050102,-0.3294854990266558,-0.49844313603590529,0.77211726908847056,0.00035610946322728857,-0.022791005646546469,0.018873801551046294,0.26921875419983016,-0.00035610946322728857,-0.00035610946322728857,0.15929192374175152,11.986717261566801,25.945849804704867,-0.36543450429161783,7.6626990212863193,-0.20231548571052987,4.2853090867489563e-17,12.635481929491407,25.789997749388149,-0.44806723546563065,7.7089070539313349,-0.13060158025626881,-0.00042733135587274629,12.662831136267263,25.774898708147312,-0.54229379943557121,7.7089711536347156,-0.13053748055288789,1,1.8307835762794629,1.7616246212198707,1,1,1
1785568446.2382245,1,1,0.99833233272875377,0.97398724213117505,0.057728272348690393,3,0,1,0,-0.7025722186842257,-1.0326699810822839,-1.8765060728548622,-0.3237269009760938,-0.49844266141313676,0.77211679446570203,0,-0.021010458330410025,0.020298239403955448,0.26387711225142085,0,-0.00035610946322728857,-0.59734471403156819,13.261052651500814,25.580415300413247,-0.36543450429161783,7.5236071248603293,-0.13276953749753523,-4.5373860918518361e-16,12.662803063621963,25.773847327153362,-0.43588279204680347,7.7176286032470482,-0.13754120416620727,-4.4408920985006262e-16,12.688015613618456,25.757608735630196,-0.52823978133480076,7.7176286032470482,-0.13747710446282635,1,1.8307835762794629,1.7616246212198707,1,1,1
1785568446.2582245,1,1,0.99833233272875377,0.97398724213117505,0.057728272348690393,3,0,1,0,-0.70257174406145717,-1.0330591717524777,-1.8760846078364084,-0.31830053886350201,-0.49844313603590529,0.77211679446570203,-0.00035610946322728857,-0.017805473161364428,0.020298239403955448,0.26672598795723912,-0.00035610946322728857,0,-0.75663663777331969,12.623884956533807,26.138183754332033,-0.26926752947803417,7.6247648677155944,-0.16438133213980552,-5.5855385421021975e-16,12.687736570275838,25.75867182463082,-0.42440927819281482,7.7256714003738916,-0.14407119167177537,0.0004273313558723022,12.709103138069475,25.742433233107654,-0.51776337397784855,7.7257355000772723,-0.14407119167177537,1,1.8307835762794629,1.7616246212198707,1,1,1
1785568446.2782245,1,1,0.99833233272875377,0.97398724213117505,0.057728272348690393,3,0,1,0,-0.70256937094761462,-1.0333861868399941,-1.8757319631193914,-0.31351586673396148,-0.49844361065867382,0.77211726908847056,0,-0.016381035308455274,0.017805473161364428,0.26245267439851167,0,0,0,12.783176880275558,25.772749250040416,-0.53853505895606835,7.7638567641415843,-0.16438133213980552,-6.9428918994182687e-16,12.708721421531454,25.745889299347645,-0.41430894566238996,7.7327140543486781,-0.14981545609455965,-8.8817841970012523e-16,12.7283786639016,25.731644920818553,-0.50616738170186903,7.7327140543486781,-0.14981545609455965,1,1.8307835762794629,1.7616246212198707,1,1,1
1785568446.2982244,1,1,0.99833233272875377,0.97398724213117505,0.057728272348690393,3,0,1,0,-0.70256652321100344,-1.0336875722980101,-1.875373622929152,-0.30774920009633444,-0.49844361065867382,0.77211679446570203,0,-0.013176050139409676,0.016381035308455274,0.26779431634692102,-0.00035610946322728857,0,-0.59734471403156819,12.146009185308552,25.580415300413247,-0.36543450429161783,7.8334027123545784,-0.20231548571052987,8.6858146543244974e-17,12.728810740507122,25.733416990179844,-0.40219362932726299,7.7415070435275455,-0.15669698417351574,0,12.744622000674413,25.72031216193308,-0.49592164004868533,7.7415711432309262,-0.15669698417351574,1,1.8307835762794629,1.7616246212198707,1,1,1
1785568446.3182244,1,1,0.99833233272875377,0.97398724213117505,0.057728272348690393,3,0,1,0,-0.70256462471992931,-1.0339305791554969,-1.8750826791720436,-0.30261045938147124,-0.49844266141313676,0.77211726908847056,0,-0.011039393360045946,0.013888269065864253,0.2649454406411027,0,0,-0.27876086654806514,11.82742533782505,25.118813821308045,-0.26926752947803417,7.6943108159285893,-0.26553907499507046,8.4791386151944481e-17,12.74513329324235,25.723251630238767,-0.3914160868761869,7.7493326213979437,-0.1628136631016121,0,12.758380565274406,25.712141014986077,-0.48414699110057285,7.7493326213979437,-0.1628136631016121,1,1.8307835762794629,1.7616246212198707,1,1,1
1785568446.3382244,1,1,0.99833233272875377,0.97398724213117505,0.057728272348690393,3,0,1,0,-0.70256320085162371,-1.0341432101557979,-1.8748154665533618,-0.29754196283635032,-0.49844313603590529,0.77211726908847056,0.00035610946322728857,-0.011751612286500523,0.013888269065864253,0.26031601761914797,-0.00035610946322728857,0,-0.11946894280631364,13.101760727759062,25.484248325599665,-0.44236808414248474,7.6943108159285893,-0.13276953749753523,-2.699256833674224e-16,12.759741906778515,25.714054431005621,-0.38080355296597057,7.7570423241106772,-0.16883193700784913,-0.00042733135587319038,12.773843841522316,25.702943815752931,-0.47191415913267237,7.7571064238140579,-0.16883193700784913,1,1.8307835762794629,1.7616246212198707,1,1,1
1785568446.3582244,1,1,0.99833233272875377,0.97398724213117505,0.057728272348690393,3,0,1,0,-0.70256130236054959,-1.0343686559708491,-1.8745425584614577,-0.29225039359002081,-0.49844313603590529,0.77211774371123909,0,-0.0089027365806822138,0.012107721749727811,0.25533048513396589,0.00035610946322728857,0,0,12.942468804017309,25.407314745748799,-0.73086900858323567,7.7259226105708594,-0.13276953749753523,-6.10405823109339e-16,12.775089698854188,25.704435692631755,-0.36972350423273792,7.7649261888669878,-0.17510976682319768,-4.4408920985006262e-16,12.785772982751007,25.694749515231972,-0.45908917402962596,7.7648620891636071,-0.17510976682319768,1,1.8307835762794629,1.7616246212198707,1,1,1
1785568446.3782246,1,1,0.99833233272875377,0.97398724213117505,0.057728272348690393,3,0,1,0,-0.70256035311501253,-1.0345229083706211,-1.8743484377491293,-0.28728299169459659,-0.49844266141313676,0.77211774371123909,-0.00035610946322728857,-0.006409970338091194,0.0092588460439095022,0.25924768922946606,0.00035610946322728857,0.00035610946322728857,0.15929192374175152,13.261052651500814,25.868916224853997,-0.82703598339681927,7.7259226105708594,-0.13276953749753523,2.0952206983282373e-16,12.785883735149246,25.697609840095556,-0.35935873087721226,7.7725497711374478,-0.18097608780000141,0.00042733135587274629,12.793575699554957,25.690202763260427,-0.4500954221075254,7.7724856714340671,-0.18104018750338233,1,1.8307835762794629,1.7616246212198707,1,1,1
1785568446.3982246,1,1,0.99833233272875377,0.97398724213117505,0.057728272348690393,3,0,1,0,-0.70255940386947546,-1.0346249522658548,-1.8741756750613847,-0.2821983579753457,-0.49844313603590529,0.77211726908847056,0,-0.0042733135587274627,0.0081905176542276369,0.26565765956755727,-0.00035610946322728857,0,0,13.261052651500814,25.945849804704867,0,7.8650145069968485,-0.16438133213980552,3.5823395031636673e-16,12.794079885253542,25.692120100719684,-0.34877346546183674,7.7804628917566196,-0.18696224695897387,4.4408920985006262e-16,12.799207861524014,25.685567686596301,-0.44175364631048175,7.7805269914600004,-0.18696224695897387,1,1.8307835762794629,1.7616246212198707,1,1,1
1785568446.4182246,1,1,0.99833233272875377,0.97398724213117505,0.057728272348690393,3,0,1,0,-0.7025584546239384,-1.034670041428865,-1.8740247450209926,-0.27649671465700715,-0.49844313603590529,0.77211774371123909,0,-0.00035610946322728857,0.0056977514116366172,0.26850653527337559,0,0,0,13.261052651500814,25.676582275226831,-0.53853505895606835,7.7954685587838544,-0.30347322856579484,4.5536491244391186e-18,12.799525463972348,25.688022413396716,-0.336933270756689,7.7895097092462722,-0.19365382109808998,0,12.79995279532822,25.683464212267406,-0.43091055810237044,7.7895097092462722,-0.19365382109808998,1,1.8307835762794629,1.7616246212198707,1,1,1
1785568446.4382246,1,1,0.99833233272875377,0.97398724213117505,0.057728272348690393,3,0,1,0,-0.70255703075563281,-1.0346714652971707,-1.8739279219762126,-0.27157060494244495,-0.49844313603590529,0.77211774371123909,0.00035610946322728857,-0.00035610946322728857,0.0053416419484093288,0.27420428668501218,0,0,-0.11946894280631364,12.623884956533807,25.580415300413247,-0.17310055466445054,7.8334027123545784,-0.13276953749753523,-4.3060444532977415e-16,12.80201954472717,25.685775317048133,-0.32671844053299859,7.7973986322259234,-0.19942074481979957,-0.00042733135587319038,12.802446876083042,25.681502003489406,-0.42268994087275286,7.7973986322259234,-0.19942074481979957,1,1.8307835762794629,1.7616246212198707,1,1,1
1785568446.4582245,1,1,0.99833233272875377,0.97398724213117505,0.057728272348690393,3,0,1,0,-0.70255703075563281,-1.0346714652971707,-1.8738353705363495,-0.26639341978333086,-0.49844313603590529,0.77211774371123909,0,0,0.0046294230219547511,0.26067212708237525,0,0,-0.59734471403156819,12.942468804017309,25.868916224853997,-0.44236808414248474,7.8334027123545784,-0.13276953749753523,-2.4377608221978764e-16,12.804453729036988,25.683561120152863,-0.3159794072758364,7.8055677203434986,-0.20547803602066911,-4.4408920985006262e-16,12.804453729036988,25.679857581735298,-0.40721465175466776,7.8055677203434986,-0.20547803602066911,1,1.8307835762794629,1.7616246212198707,1,1,1
1785568446.4782245,1,1,0.99833233272875377,0.97398724213117505,0.057728272348690393,3,0,1,0,-0.70255703075563281,-1.0346724145427078,-1.8737432937192549,-0.26077910705440166,-0.49844313603590529,0.77211726908847056,0,0,0.0046294230219547511,0.26245267439851167,0,0,-0.75663663777331969,12.146009185308552,25.868916224853997,-0.26926752947803417,7.7638567641415843,-0.26553907499507046,2.2670667426671898e-16,12.80703825581622,25.681234909530232,-0.30432753935428891,7.8142688789337775,-0.21204267827852102,4.4408920985006262e-16,12.80703825581622,25.677531371112668,-0.39618597539376799,7.8142688789337775,-0.21204267827852102,1,1.8307835762794629,1.7616246212198707,1,1,1
1785568446.4982245,1,1,0.99833233272875377,0.97398724213117505,0.057728272348690393,3,0,1,0,-0.70255703075563281,-1.0346747876565503,-1.8736531153932343,-0.2556963718262249,-0.49844361065867382,0.77211726908847056,0,0.00035610946322728857,0.0049855324851820395,0.25746714191332964,-0.00035610946322728857,0.00035610946322728857,-1.0752204852568228,12.305301109050305,25.772749250040416,-0.53853505895606835,7.8650145069968485,-0.26553907499507046,3.9990797132127831e-16,12.809632792912243,25.6789144595732,-0.29377133225707031,7.8219576742639285,-0.21798552324054962,4.4408920985006262e-16,12.80920546155637,25.674926033585056,-0.38388483192673567,7.8220217739673092,-0.21804962294393054,1,1.8307835762794629,1.7616246212198707,1,1,1
1785568446.5182245,1,1,0.99833233272875377,0.97398724213117505,0.057728272348690393,3,0,1,0,-0.70255703075563281,-1.0346757369020874,-1.8735534446118434,-0.25068720312717008,-0.49844313603590529,0.77211679446570203,0,0,0.0049855324851820395,0.25711103245010236,0,-0.00035610946322728857,-0.75663663777331969,13.261052651500814,25.868916224853997,-0.82703598339681927,7.8966263016391194,-0.10115774285526494,-1.7623706313751875e-16,12.812397541933255,25.676392035905373,-0.28335778335148232,7.8293491319652349,-0.22384056307135847,0,12.812397541933255,25.672403609917229,-0.37334664470901813,7.8293491319652349,-0.22377646336797755,1,1.8307835762794629,1.7616246212198707,1,1,1
1785568446.5382245,1,1,0.99833233272875377,0.97398724213117505,0.057728272348690393,3,0,1,0,-0.70255703075563281,-1.0346757369020874,-1.8734528245849151,-0.24531115102804243,-0.49844266141313676,0.77211679446570203,0,0,0.0049855324851820395,0.26565765956755727,0,0,0.31858384748350305,12.942468804017309,25.772749250040416,-0.26926752947803417,7.7954685587838544,-0.20231548571052987,2.1706405119517602e-16,12.815257511430767,25.673765381446181,-0.27217818479134914,7.8371383044155056,-0.23012151432236988,0,12.815257511430767,25.669776955458037,-0.36515836563999415,7.8371383044155056,-0.23012151432236988,1,1.8307835762794629,1.7616246212198707,1,1,1
1785568446.5582244,1,1,0.99833233272875377,0.97398724213117505,0.057728272348690393,3,0,1,0,-0.70255703075563281,-1.0346766861476244,-1.873359323899515,-0.24029011675977441,-0.49844313603590529,0.77211679446570203,0,0,0.0042733135587274627,0.25426215674428404,-0.00035610946322728857,0,-0.59734471403156819,12.783176880275558,25.580415300413247,-0.44236808414248474,7.7259226105708594,-0.20231548571052987,-2.884994218348147e-16,12.81801333945139,25.671250699824846,-0.26173282119150432,7.8442575818503952,-0.23598522282191711,-4.4408920985006262e-16,12.81801333945139,25.667832048977864,-0.35072457605200374,7.844321681553776,-0.23598522282191711,1,1.8307835762794629,1.7616246212198707,1,1,1
1785568446.5782244,1,1,0.99833233272875377,0.97398724213117505,0.057728272348690393,3,0,1,0,-0.70255703075563281,-1.0346771607703931,-1.8732772141605594,-0.23542428413681538,-0.49844266141313676,0.77211679446570203,0,0,0.0039172040955001743,0.25034495264878387,-0.00035610946322728857,0,0,13.738928422726067,25.772749250040416,-0.076933579850866907,7.8334027123545784,-0.26553907499507046,-2.59801945581839e-16,12.820554345126064,25.668929324696819,-0.25160636959172333,7.8510380315124131,-0.24166390016260103,-4.4408920985006262e-16,12.820554345126064,25.665795561420421,-0.33922710301879766,7.8511021312157938,-0.24166390016260103,1,1.8307835762794629,1.7616246212198707,1,1,1
1785568446.5982244,1,1,0.99833233272875377,0.97398724213117505,0.057728272348690393,3,0,1,0,-0.70255703075563281,-1.0346771607703931,-1.8732060207452801,-0.23008810035024413,-0.49844266141313676,0.77211679446570203,0,0,0.0024927662425910197,0.24179832553132893,0,0,-0.27876086654806514,12.623884956533807,25.676582275226831,-0.17310055466445054,7.8650145069968485,-0.23392728035280017,-7.88072677861823e-16,12.823008341245639,25.666695567939296,-0.24050088817292259,7.8583756896141068,-0.24788635945966514,-8.8817841970012523e-16,12.823008341245639,25.664701354945223,-0.32513030210888771,7.8583756896141068,-0.24788635945966514,1,1.8307835762794629,1.7616246212198707,1,1,1
1785568446.6182244,1,1,0.99833233272875377,0.97398724213117505,0.057728272348690393,3,0,1,0,-0.70255703075563281,-1.0346785846386986,-1.8731675763010294,-0.22539787815164083,-0.49844266141313676,0.77211679446570203,0,-0.00035610946322728857,0.0014244378529091543,0.24001777821519249,0,-0.00035610946322728857,0,12.305301109050305,25.484248325599665,-0.36543450429161783,7.8650145069968485,-0.23392728035280017,-5.5849964410159547e-17,12.824807259914873,25.66511382805426,-0.23073997559057269,7.8647586654015758,-0.25335054035553806,0,12.825234591270746,25.663974277771931,-0.31474619796589004,7.8647586654015758,-0.25328644065215716,1,1.8307835762794629,1.7616246212198707,1,1,1
1785568446.6382246,1,1,0.99833233272875377,0.97398724213117505,0.057728272348690393,3,0,1,0,-0.70255703075563281,-1.0346795338842356,-1.8731405228032232,-0.22070955444411164,-0.49844218679036822,0.77211726908847056,0,0.00035610946322728857,0.00071221892645457715,0.23930555928873792,0.00035610946322728857,0,0,13.261052651500814,25.676582275226831,-0.076933579850866907,7.9345604552098434,-0.30347322856579484,-6.8819732898517394e-16,12.826412287022487,25.663709711173777,-0.22098090660668779,7.8710444808646223,-0.2588096570362472,-8.8817841970012523e-16,12.825984955666614,25.663139936032614,-0.30473785235774609,7.8709803811612415,-0.2588096570362472,1,1.8307835762794629,1.7616246212198707,1,1,1
1785568446.6582246,1,1,0.99833233272875377,0.97398724213117505,0.057728272348690393,3,0,1,0,-0.70255703075563281,-1.0346795338842356,-1.8731362511983063,-0.2158337547430135,-0.49844266141313676,0.77211726908847056,0,0.00035610946322728857,0,0.23289558895064671,0,0,0.31858384748350305,13.738928422726067,25.676582275226831,-0.44236808414248474,7.6943108159285893,-0.30347322856579484,-4.4631860056723593e-16,12.82762078314644,25.662675840736121,-0.21083240445937135,7.87752730065686,-0.26448154563775289,-4.4408920985006262e-16,12.827193451790567,25.662675840736121,-0.29234586059209766,7.87752730065686,-0.26448154563775289,1,1.8307835762794629,1.7616246212198707,1,1,1
1785568446.6782246,1,1,0.99833233272875377,0.97398724213117505,0.057728272348690393,3,0,1,0,-0.70255703075563281,-1.0346795338842356,-1.8731357765755379,-0.21126551059592211,-0.49844313603590529,0.77211726908847056,0.00035610946322728857,0,0,0.2364566835829196,-0.00035610946322728857,0,0.47787577122525454,12.305301109050305,25.484248325599665,0.19233394962716727,7.8334027123545784,-0.20231548571052987,-5.4464218508451512e-16,12.828730248630865,25.661728814872522,-0.20132021923724064,7.8834833869379075,-0.26979321241119225,-0.00042733135587319038,12.828730248630865,25.661728814872522,-0.2840800584912625,7.8835474866412882,-0.26979321241119225,1,1.8307835762794629,1.7616246212198707,1,1,1
1785568446.6982245,1,1,0.99833233272875377,0.97398724213117505,0.057728272348690393,3,0,1,0,-0.70255703075563281,-1.0346795338842356,-1.8731348273300008,-0.20653447083922533,-0.49844313603590529,0.77211726908847056,0,0,0.00035610946322728857,0.22755394700223738,0,0,0.31858384748350305,12.623884956533807,25.484248325599665,-0.63470203376965206,7.7954685587838544,-0.30347322856579484,-1.3330265710709277e-16,12.829936723097521,25.660691258412623,-0.19146391042372268,7.889516162793738,-0.27529190187565605,0,12.829936723097521,25.66040637084204,-0.27110779187450573,7.889516162793738,-0.27529190187565605,1,1.8307835762794629,1.7616246212198707,1,1,1
1785568446.7182245,1,1,0.99833233272875377,0.97398724213117505,0.057728272348690393,3,0,1,0,-0.70255750537840134,-1.0346795338842356,-1.8731338780844637,-0.20228991942027072,-0.49844313603590529,0.77211726908847056,0,0,0,0.21473400632605499,-0.00035610946322728857,0,0.47787577122525454,13.420344575242565,25.676582275226831,-0.26926752947803417,7.9977840444943844,-0.20231548571052987,-3.6807986129525072e-16,12.831061603887269,25.659718377430718,-0.18261746124359302,7.8948135760081533,-0.28022312673387756,-4.4408920985006262e-16,12.831061603887269,25.659718377430718,-0.25777436345771226,7.894877675711534,-0.28022312673387756,1,1.8307835762794629,1.7616246212198707,1,1,1
1785568446.7382245,1,1,0.99833233272875377,0.97398724213117505,0.057728272348690393,3,0,1,0,-0.70255703075563281,-1.0346795338842356,-1.8731334034616951,-0.19797369996326822,-0.49844313603590529,0.77211679446570203,0.00035610946322728857,0,-0.00035610946322728857,0.20832403598796381,0,0,0,12.942468804017309,25.676582275226831,-0.076933579850866907,7.8966263016391194,-0.23392728035280017,-2.8541622190680904e-17,12.832235206996611,25.658699503369004,-0.17361781036251622,7.9000906747190713,-0.28523477180848178,-0.00042733135587274629,12.832235206996611,25.658984390939587,-0.24653122295830354,7.9000906747190713,-0.28523477180848178,1,1.8307835762794629,1.7616246212198707,1,1,1
1785568446.7582245,1,1,0.99833233272875377,0.97398724213117505,0.057728272348690393,3,0,1,0,-0.70255703075563281,-1.034680008507004,-1.8731343527072322,-0.19395886596428163,-0.49844361065867382,0.77211726908847056,0,0,0,0.20725570759828194,0,0,0.31858384748350305,12.623884956533807,26.042016779518448,0.19233394962716727,7.9661722498521135,-0.20231548571052987,-1.7326905969033968e-16,12.833354223104067,25.657735529061164,-0.16524543375269629,7.9049032644889632,-0.28989588832216079,0,12.833354223104067,25.657735529061164,-0.23778493141209495,7.9049032644889632,-0.28989588832216079,1,1.8307835762794629,1.7616246212198707,1,1,1
1785568446.7782245,1,1,0.99833233272875377,0.97398724213117505,0.057728272348690393,3,0,1,0,-0.70255750537840134,-1.034679059261467,-1.8731329288389267,-0.18983866571068161,-0.49844361065867382,0.77211726908847056,-0.00035610946322728857,0.00035610946322728857,0.00035610946322728857,0.20155795618664532,0,0,0,13.420344575242565,25.676582275226831,-0.53853505895606835,7.9345604552098434,-0.30347322856579484,-1.0760706561918632e-17,12.834524729803704,25.656691051639456,-0.15664926465610673,7.9097360136044124,-0.29467656333506526,0.00042733135587274629,12.834097398447831,25.656406164068873,-0.2271945493214326,7.9097360136044124,-0.29467656333506526,1,1.8307835762794629,1.7616246212198707,1,1,1
1785568446.7982244,1,1,0.99833233272875377,0.97398724213117505,0.057728272348690393,3,0,1,0,-0.70255750537840134,-1.0346795338842356,-1.8731329288389267,-0.18586987012024236,-0.49844361065867382,0.77211726908847056,-0.00035610946322728857,0,0,0.20511905081891821,0,-0.00035610946322728857,-0.59734471403156819,14.216804193951322,25.676582275226831,-0.076933579850866907,7.8650145069968485,-0.23392728035280017,-7.2328482179223608e-16,12.835719439382903,25.655650846860006,-0.14836646672487885,7.9142941444019144,-0.29927952833835242,0.00042733135587185811,12.835719439382903,25.655650846860006,-0.22015813451150024,7.9142941444019144,-0.29921542863497153,1,1.8307835762794629,1.7616246212198707,1,1,1
1785568446.8182244,1,1,0.99833233272875377,0.97398724213117505,0.057728272348690393,3,0,1,0,-0.70255703075563281,-1.0346795338842356,-1.8731338780844637,-0.18189442981104367,-0.49844361065867382,0.77211726908847056,0,0,-0.00035610946322728857,0.20155795618664532,0,0,0.47787577122525454,13.261052651500814,25.484248325599665,0.28850092444075093,7.8966263016391194,-0.26553907499507046,-6.9199881285245124e-16,12.836910716731076,25.654602779097498,-0.14006764508141456,7.9187692273963499,-0.30388803086758304,-8.8817841970012523e-16,12.836910716731076,25.654887666668081,-0.21061292974674042,7.9187692273963499,-0.30388803086758304,1,1.8307835762794629,1.7616246212198707,1,1,1
1785568446.8382244,1,1,0.99833233272875377,0.97398724213117505,0.057728272348690393,3,0,1,0,-0.70255703075563281,-1.034679059261467,-1.8731334034616951,-0.17762472338535704,-0.49844361065867382,0.77211726908847056,0,0,0,0.19229911014273582,-0.00035610946322728857,-0.00035610946322728857,-0.59734471403156819,11.508841490341547,25.772749250040416,-0.44236808414248474,8.0357181980651085,-0.30347322856579484,-3.2310579992783639e-16,12.838236196899208,25.653420746609441,-0.13115193839990946,7.9234656426339711,-0.30883533583581352,-4.4408920985006262e-16,12.838236196899208,25.653420746609441,-0.19845662694986699,7.9235297423373519,-0.30877123613243262,1,1.8307835762794629,1.7616246212198707,1,1,1
1785568446.8582244,1,1,0.99833233272875377,0.97398724213117505,0.057728272348690393,3,0,1,0,-0.70255703075563281,-1.0346795338842356,-1.873132454216158,-0.17395683863016512,-0.49844361065867382,0.77211774371123909,0,0,0,0.18553303034141735,0,0.00035610946322728857,-0.43805279028981664,13.261052651500814,25.945849804704867,-0.26926752947803417,7.8966263016391194,-0.23392728035280017,-1.0242186872927439e-15,12.839454311101891,25.6523476340959,-0.12349139048425173,7.9274072172788763,-0.31308406182292153,-8.8817841970012523e-16,12.839454311101891,25.6523476340959,-0.1884279511037478,7.9274072172788763,-0.31314816152630243,1,1.8307835762794629,1.7616246212198707,1,1,1
1785568446.8782246,1,1,0.99833233272875377,0.97398724213117505,0.057728272348690393,3,0,1,0,-0.70255703075563281,-1.0346804831297727,-1.8731305557250841,-0.17041425428586487,-0.49844313603590529,0.77211821833400762,0,-0.00035610946322728857,0.00035610946322728857,0.17841084107687158,0,0,0.47787577122525454,12.942468804017309,25.676582275226831,0,7.8334027123545784,-0.26553907499507046,-3.9252862028479885e-16,12.840699815755213,25.651254704934388,-0.1160903480583132,7.9311301356697355,-0.31718582472752582,-4.4408920985006262e-16,12.841127147111086,25.650969817363805,-0.17853414243521826,7.9311301356697355,-0.31718582472752582,1,1.8307835762794629,1.7616246212198707,1,1,1
1785568446.8982246,1,1,0.99833233272875377,0.97398724213117505,0.057728272348690393,3,0,1,0,-0.70255703075563281,-1.034680008507004,-1.8731305557250841,-0.16690584278089871,-0.49844313603590529,0.77211821833400762,0,0,-0.00035610946322728857,0.16630311932714376,-0.00035610946322728857,-0.00035610946322728857,0.63716769496700609,13.101760727759062,25.676582275226831,-0.36543450429161783,7.9661722498521135,-0.30347322856579484,9.7327473771308126e-17,12.841860278172883,25.650210680287167,-0.108759577796396,7.9347548407830324,-0.321245341472577,0,12.841860278172883,25.65049556785775,-0.16696566956089631,7.9348189404864131,-0.3211812417691961,1,1.8307835762794629,1.7616246212198707,1,1,1
1785568446.9182246,1,1,0.99833233272875377,0.97398724213117505,0.057728272348690393,3,0,1,0,-0.70255703075563281,-1.0346795338842356,-1.8731319795933896,-0.16372017475853223,-0.49844361065867382,0.77211774371123909,0.00035610946322728857,0,0.00035610946322728857,0.1648786814742346,0,0,-0.11946894280631364,13.738928422726067,25.676582275226831,-0.17310055466445054,7.9345604552098434,-0.36669681785033542,-5.1248881440674188e-16,12.842905258348972,25.64926991928289,-0.10210206922082066,7.9379879807732028,-0.32492906368574581,-0.00042733135587319038,12.842905258348972,25.648985031712307,-0.15980960773680275,7.9379879807732028,-0.32492906368574581,1,1.8307835762794629,1.7616246212198707,1,1,1
1785568446.9382246,1,1,0.99833233272875377,0.97398724213117505,0.057728272348690393,3,0,1,0,-0.70255798000116987,-1.0346795338842356,-1.8731310303478526,-0.16043151359539498,-0.49844361065867382,0.77211774371123909,0.00035610946322728857,0,0.00035610946322728857,0.15704427328323425,0,0,0.63716769496700609,13.738928422726067,25.676582275226831,-0.26926752947803417,7.8966263016391194,-0.30347322856579484,-4.9590052116771366e-16,12.844076538520703,25.648219357906314,-0.095228029369740064,7.9412495646272783,-0.32873102560183975,-0.00042733135587319038,12.844076538520703,25.647934470335731,-0.15019352501887206,7.9412495646272783,-0.32873102560183975,1,1.8307835762794629,1.7616246212198707,1,1,1
1785568446.9582245,1,1,0.99833233272875377,0.97398724213117505,0.057728272348690393,3,0,1,0,-0.70255892924670693,-1.034680008507004,-1.8731296064795471,-0.15731703898830784,-0.49844313603590529,0.77211726908847056,0,0,0,0.14386822314382458,0.00035610946322728857,0,0,13.420344575242565,25.580415300413247,-0.17310055466445054,7.7259226105708594,-0.36669681785033542,-1.9934412193861606e-16,12.84523919579043,25.647182888865316,-0.088716053103155446,7.944272749050052,-0.33232927005290769,0,12.84523919579043,25.647182888865316,-0.13906993120349403,7.9442086493466713,-0.33232927005290769,1,1.8307835762794629,1.7616246212198707,1,1,1
1785568446.9782245,1,1,0.99833233272875377,0.97398724213117505,0.057728272348690393,3,0,1,0,-0.70255940386947546,-1.034680008507004,-1.8731267587429359,-0.15480343680617842,-0.49844266141313676,0.77211679446570203,-0.00035610946322728857,0,0.00035610946322728857,0.12784329729859659,0.00035610946322728857,0,0.15929192374175152,12.942468804017309,25.580415300413247,-0.26926752947803417,7.7954685587838544,-0.3350850232080651,4.0589818832426072e-18,12.846209428356588,25.646306216428769,-0.083459533705753985,7.9466649089690797,-0.33523203839747184,0.00042733135587274629,12.846209428356588,25.646021328858186,-0.12820468776026278,7.946600809265699,-0.33523203839747184,1,1.8307835762794629,1.7616246212198707,1,1,1
1785568446.9982245,1,1,0.99833233272875377,0.97398724213117505,0.057728272348690393,3,0,1,0,-0.70256082773778106,-1.0346795338842356,-1.8731272333657043,-0.15242794984969091,-0.49844266141313676,0.7721148959746279,0,0.00035610946322728857,0.00035610946322728857,0.10434007272559555,0,0,0.31858384748350305,12.623884956533807,25.772749250040416,-0.26926752947803417,8.0357181980651085,-0.40463097142105975,-1.6421597155008572e-16,12.847054852199054,25.645536424606981,-0.078490400037422359,7.9489040382571705,-0.33797207090144399,0,12.846627520843182,25.645251537036398,-0.1150094254913808,7.9489040382571705,-0.33797207090144399,1,1.8307835762794629,1.7616246212198707,1,1,1
1785568447.0182245,1,1,0.99833233272875377,0.97398724213117505,0.057728272348690393,3,0,1,0,-0.70256367547439225,-1.0346795338842356,-1.8731243856290931,-0.15056078387829794,-0.49844266141313676,0.77211157361524829,0,0,0.00071221892645457715,0.079056300836458065,0,-0.00035610946322728857,-0.43805279028981664,14.216804193951322,25.676582275226831,-0.36543450429161783,7.8650145069968485,-0.30347322856579484,-1.9186990321204411e-16,12.847806536835394,25.644854743197385,-0.074581921184798228,7.9506275353227798,-0.34012246526272472,0,12.847806536835394,25.644284968056223,-0.10225162647755855,7.9506275353227798,-0.34005836555934382,1,1.8307835762794629,1.7616246212198707,1,1,1
1785568447.0382245,1,1,0.99833233272875377,0.97398724213117505,0.057728272348690393,3,0,1,0,-0.7025674724565405,-1.0346795338842356,-1.8731177409103337,-0.14934242723148405,-0.49844218679036822,0.77210825125586857,-0.00035610946322728857,0,0,0.048074777535683955,-0.00035610946322728857,0,-1.0752204852568228,12.942468804017309,26.042016779518448,-0.076933579850866907,7.7638567641415843,-0.20231548571052987,-9.3101795804045873e-16,12.848395938301909,25.644313296728534,-0.072029368597447685,7.9517226845560343,-0.34152365546894342,0.00042733135587185811,12.848395938301909,25.644313296728534,-0.088855540734937066,7.951786784259415,-0.34152365546894342,1,1.8307835762794629,1.7616246212198707,1,1,1
1785568447.0582244,1,1,0.99833233272875377,0.97398724213117505,0.057728272348690393,3,0,1,0,-0.70257079481592011,-1.0346771607703931,-1.8731253348746302,-0.14879376331106456,-0.49844171216759969,0.77210635276479445,-0.00035610946322728857,0,-0.00071221892645457715,0.012107721749727811,0,0,-0.75663663777331969,11.668133414083298,26.234350729145618,0.19233394962716727,7.9345604552098434,-0.3350850232080651,-4.9072345579409538e-16,12.848354683943125,25.644314123503037,-0.07087997553463754,7.9522559093618934,-0.3421535360577958,0.0004273313558723022,12.848354683943125,25.644883898644199,-0.075117678147042274,7.9522559093618934,-0.3421535360577958,1,1.8307835762794629,1.7616246212198707,1,1,1
1785568447.0782244,1,1,0.99833233272875377,0.97398724213117505,0.057728272348690393,3,0,1,0,-0.70257459179806836,-1.0346719399199391,-1.8731447944081399,-0.14881037510796308,-0.49844266141313676,0.77210397965095179,0,0.00035610946322728857,-0.00071221892645457715,-0.0028488757058183086,-0.00035610946322728857,0,0.15929192374175152,13.101760727759062,25.676582275226831,-0.26926752947803417,7.9661722498521135,-0.26553907499507046,-2.5049135942561973e-16,12.847740726707531,25.644792770870197,-0.070914416066466313,7.9523274681307239,-0.34213016490351861,-4.4408920985006262e-16,12.847313395351659,25.645362546011359,-0.069917309569429903,7.9523915678341046,-0.34213016490351861,1,1.8307835762794629,1.7616246212198707,1,1,1
1785568447.0982244,1,1,0.99833233272875377,0.97398724213117505,0.057728272348690393,3,0,1,0,-0.70257838878021661,-1.034670041428865,-1.8731495406358252,-0.14882508841378747,-0.49844218679036822,0.77210303040541473,0,0.00035610946322728857,0,-0.00035610946322728857,-0.00035610946322728857,0,0,12.942468804017309,25.580415300413247,0,8.1368759409203726,-0.30347322856579484,-4.3252890418593593e-16,12.847562480384138,25.644922590176915,-0.070944082084912208,7.9523348146445265,-0.34211149769033167,-4.4408920985006262e-16,12.847135149028265,25.644922590176915,-0.070819443772782653,7.9523989143479072,-0.34211149769033167,1,1.8307835762794629,1.7616246212198707,1,1,1
1785568447.1182244,1,1,0.99833233272875377,0.97398724213117505,0.057728272348690393,3,0,1,0,-0.70258028727129074,-1.0346714652971707,-1.8731433705398344,-0.1488483449294454,-0.4984388644309885,0.77210303040541473,0,0,0.00035610946322728857,-0.0017805473161364429,0.00035610946322728857,0,0.47787577122525454,12.464593032792056,25.772749250040416,-0.26926752947803417,7.9977840444943844,-0.36669681785033542,4.3800412515698772e-16,12.847746946475382,25.644774435980565,-0.070989204267698836,7.9522762962469402,-0.34208448060805419,4.4408920985006262e-16,12.847746946475382,25.644489548409982,-0.070366012707051076,7.9522121965435595,-0.34208448060805419,1,1.8307835762794629,1.7616246212198707,1,1,1
1785568447.1382246,1,1,0.99833233272875377,0.97398724213117505,0.057728272348690393,3,0,1,0,-0.7025826603851334,-1.0346719399199391,-1.8731357765755379,-0.14888584012815917,-0.49843506744884025,0.77210303040541473,0,0,0,-0.0024927662425910197,0,0,0.15929192374175152,12.942468804017309,25.407314745748799,-0.076933579850866907,7.9345604552098434,-0.30347322856579484,-1.1927579150056156e-16,12.847914550266049,25.644620452936373,-0.071063638619665137,7.9522015209580896,-0.34204098947483241,0,12.847914550266049,25.644620452936373,-0.070191170434758282,7.9522015209580896,-0.34204098947483241,1,1.8307835762794629,1.7616246212198707,1,1,1
1785568447.1582246,1,1,0.99833233272875377,0.97398724213117505,0.057728272348690393,3,0,1,0,-0.70258598274451312,-1.034670990674402,-1.8731381496893804,-0.14892428457241003,-0.49843649131714585,0.77210303040541473,0,0.00035610946322728857,0,-0.0010683283896818657,0,0,0.31858384748350305,14.376096117693073,25.407314745748799,0.19233394962716727,7.9345604552098434,-0.40463097142105975,-1.8464640623785944e-16,12.847807853562774,25.644701775306338,-0.07114554907322912,7.9521826487933502,-0.3419967041407061,0,12.847380522206901,25.644701775306338,-0.070771634136840469,7.9521826487933502,-0.3419967041407061,1,1.8307835762794629,1.7616246212198707,1,1,1
1785568447.1782246,1,1,0.99833233272875377,0.97398724213117505,0.057728272348690393,3,0,1,0,-0.70258645736728165,-1.0346714652971707,-1.8731305557250841,-0.14892665768625268,-0.49843649131714585,0.77210303040541473,0,0,0.0014244378529091543,0,0.00035610946322728857,0,0.15929192374175152,13.261052651500814,25.772749250040416,0,8.0357181980651085,-0.30347322856579484,2.5626473599410504e-16,12.847975436394263,25.644549070345228,-0.071149996111827263,7.9521531180923475,-0.3419942109495584,4.4408920985006262e-16,12.847975436394263,25.6434095200629,-0.071149996111827263,7.9520890183889668,-0.3419942109495584,1,1.8307835762794629,1.7616246212198707,1,1,1
1785568447.1982245,1,1,0.99833233272875377,0.97398724213117505,0.057728272348690393,3,0,1,0,-0.70258740661281871,-1.0346724145427078,-1.8731077738321946,-0.14892713230902119,-0.49843316895776618,0.77209875880049794,0,0,0.0010683283896818657,0,0,0,0.79645961870875759,12.464593032792056,25.772749250040416,0.19233394962716727,7.8966263016391194,-0.30347322856579484,-1.5781917873242124e-16,12.848471780815689,25.644086218065027,-0.071141509814094506,7.9520601206052213,-0.34198753889223332,0,12.848471780815689,25.643231555353282,-0.071141509814094506,7.9520601206052213,-0.34198753889223332,1,1.8307835762794629,1.7616246212198707,1,1,1
1785568447.2182245,1,1,0.99833233272875377,0.97398724213117505,0.057728272348690393,3,0,1,0,-0.70258788123558724,-1.0346728891654762,-1.8730978067540556,-0.14892760693178972,-0.49843411820330319,0.77209733493219235,0,0.00035610946322728857,-0.00035610946322728857,0.00035610946322728857,0,-0.00035610946322728857,0.79645961870875759,13.101760727759062,25.484248325599665,-0.26926752947803417,7.8966263016391194,-0.43624276606333007,-3.3411722824214229e-16,12.848682978878344,25.643891067303301,-0.07114105835731388,7.9520273947180566,-0.34198528146718243,-4.4408920985006262e-16,12.848255647522471,25.644175954873884,-0.071265696669443435,7.9520273947180566,-0.34192118176380154,1,1.8307835762794629,1.7616246212198707,1,1,1
1785568447.2382245,1,1,0.99833233272875377,0.97398724213117505,0.057728272348690393,3,0,1,0,-0.70258835585835577,-1.0346728891654762,-1.8730963828857499,-0.14892998004563238,-0.49843411820330319,0.77209591106388675,0,0,0.00035610946322728857,-0.00035610946322728857,0,-0.00035610946322728857,0.15929192374175152,13.261052651500814,25.311147770935214,0,7.8966263016391194,-0.3350850232080651,-2.3328642620099038e-16,12.848709795005227,25.643864828870157,-0.071144287045555643,7.9520202225560777,-0.3419804419377046,-4.4408920985006262e-16,12.848709795005227,25.643579941299574,-0.071019648733426088,7.9520202225560777,-0.34191634223432371,1,1.8307835762794629,1.7616246212198707,1,1,1
1785568447.2582245,1,1,0.99833233272875377,0.97398724213117505,0.057728272348690393,3,0,1,0,-0.7025888304811243,-1.0346738384110132,-1.873089263544222,-0.14893330240501207,-0.49843459282607172,0.7720935379500441,0,0,0.00035610946322728857,0,0,0,-0.11946894280631364,12.783176880275558,25.484248325599665,-0.076933579850866907,7.8334027123545784,-0.40463097142105975,3.7480191476466085e-16,12.848886487494603,25.643714171322479,-0.071148413907384689,7.9519911781690205,-0.34197333808215191,4.4408920985006262e-16,12.848886487494603,25.643429283751896,-0.071148413907384689,7.9519911781690205,-0.34197333808215191,1,1.8307835762794629,1.7616246212198707,1,1,1
1785568447.2782245,1,1,0.99833233272875377,0.97398724213117505,0.057728272348690393,3,0,1,0,-0.70258930510389284,-1.0346752622793189,-1.8730859411848424,-0.14893709938716032,-0.49843506744884025,0.77209211408173861,-0.00035610946322728857,0,0,0,-0.00035610946322728857,0,0.15929192374175152,12.623884956533807,25.868916224853997,0,7.9661722498521135,-0.36669681785033542,-4.8606816271598574e-16,12.849009458594917,25.643626862166236,-0.071154840965166777,7.9519730868099803,-0.3419670153875205,0.0004273313558723022,12.849009458594917,25.643626862166236,-0.071154840965166777,7.952037186513361,-0.3419670153875205,1,1.8307835762794629,1.7616246212198707,1,1,1
1785568447.2982244,1,1,0.99833233272875377,0.97398724213117505,0.057728272348690393,3,0,1,0,-0.70258930510389284,-1.0346747876565503,-1.8730854665620738,-0.14894137099207708,-0.49843554207160878,0.77209021559066449,0,0.00035610946322728857,0,-0.00035610946322728857,0,-0.00035610946322728857,-0.27876086654806514,13.261052651500814,25.676582275226831,-0.076933579850866907,7.9661722498521135,-0.3350850232080651,-7.6232965252887031e-17,12.848994923459349,25.64363003898471,-0.071162016369939685,7.9519706019599292,-0.34195928603822273,0,12.848567592103477,25.64363003898471,-0.07103737805781013,7.9519706019599292,-0.34189518633484184,1,1.8307835762794629,1.7616246212198707,1,1,1
1785568447.3182244,1,1,0.99833233272875377,0.97398724213117505,0.057728272348690393,3,0,1,0,-0.70258930510389284,-1.0346747876565503,-1.8730878396759165,-0.14894326948315117,-0.49843601669437732,0.77208784247682183,0,0,0,-0.00035610946322728857,0,0,0.15929192374175152,13.261052651500814,25.484248325599665,-0.076933579850866907,8.0357181980651085,-0.36669681785033542,4.2102280863043351e-16,12.848946204838509,25.643677574579456,-0.071163833300775914,7.9519782739459686,-0.34195350792949136,4.4408920985006262e-16,12.848946204838509,25.643677574579456,-0.071039194988646359,7.9519782739459686,-0.34195350792949136,1,1.8307835762794629,1.7616246212198707,1,1,1
1785568447.3382244,1,1,0.99833233272875377,0.97398724213117505,0.057728272348690393,3,0,1,0,-0.7025902543494299,-1.0346738384110132,-1.873089263544222,-0.14894564259699383,-0.49843601669437732,0.77208641860851623,0,0.00035610946322728857,0,-0.00035610946322728857,0.00035610946322728857,0,-0.75663663777331969,12.623884956533807,25.945849804704867,-0.076933579850866907,7.9977840444943844,-0.3350850232080651,-2.8383735249312703e-16,12.848876607468696,25.643723583135117,-0.07116730476447708,7.9519839803433152,-0.34194855304397159,-4.4408920985006262e-16,12.848449276112824,25.643723583135117,-0.071042666452347525,7.9519198806399345,-0.34194855304397159,1,1.8307835762794629,1.7616246212198707,1,1,1
1785568447.3582244,1,1,0.99833233272875377,0.97398724213117505,0.057728272348690393,3,0,1,0,-0.70259072897219843,-1.0346733637882448,-1.873089263544222,-0.14894943957914206,-0.49843649131714585,0.77208641860851623,0,0,0,-0.00035610946322728857,-0.00035610946322728857,0,-0.27876086654806514,13.101760727759062,25.484248325599665,-0.26926752947803417,7.8650145069968485,-0.40463097142105975,-7.3817904913675569e-16,12.848853057382104,25.643735570673243,-0.071175708650116021,7.9519837736438381,-0.34194421626467458,-8.8817841970012523e-16,12.848853057382104,25.643735570673243,-0.071051070337986466,7.9520478733472189,-0.34194421626467458,1,1.8307835762794629,1.7616246212198707,1,1,1
1785568447.3782246,1,1,0.99833233272875377,0.97398724213117505,0.057728272348690393,3,0,1,0,-0.70259120359496685,-1.0346728891654762,-1.8730930605263703,-0.14895133807021618,-0.49843649131714585,0.77208546936297917,0,0,-0.00035610946322728857,0,0,0,0,12.783176880275558,25.311147770935214,-0.26926752947803417,7.8966263016391194,-0.40463097142105975,-5.34376145763793e-16,12.848757840479205,25.64381752585053,-0.071178856708210447,7.9519964113265909,-0.34194046612467344,-4.4408920985006262e-16,12.848757840479205,25.644102413421113,-0.071178856708210447,7.9519964113265909,-0.34194046612467344,1,1.8307835762794629,1.7616246212198707,1,1,1
1785568447.3982246,1,1,0.99833233272875377,0.97398724213117505,0.057728272348690393,3,0,1,0,-0.70259167821773538,-1.0346719399199391,-1.8730978067540556,-0.14895228731575325,-0.49843791518545144,0.77208499474021064,-0.00035610946322728857,0,-0.00071221892645457715,0,0,0,0,12.464593032792056,26.234350729145618,0.38466789925433453,7.9977840444943844,-0.3350850232080651,-3.628756908673203e-16,12.848619050392532,25.643931213940224,-0.071181958384631261,7.9520197531026575,-0.3419386592493886,0.0004273313558723022,12.848619050392532,25.644500989081386,-0.071181958384631261,7.9520197531026575,-0.3419386592493886,1,1.8307835762794629,1.7616246212198707,1,1,1
1785568447.4182246,1,1,0.99833233272875377,0.97398724213117505,0.057728272348690393,3,0,1,0,-0.70259120359496685,-1.0346714652971707,-1.8731030276045093,-0.14895276193852178,-0.4984388644309885,0.77208499474021064,0,0,-0.00035610946322728857,0,0,0,0.31858384748350305,12.623884956533807,25.772749250040416,0,7.9345604552098434,-0.20231548571052987,3.1208081908637442e-16,12.848493316281191,25.644043064568692,-0.071184181890093123,7.952041936820831,-0.34193805603733424,4.4408920985006262e-16,12.848493316281191,25.644327952139275,-0.071184181890093123,7.952041936820831,-0.34193805603733424,1,1.8307835762794629,1.7616246212198707,1,1,1
1785568447.4382246,1,1,0.99833233272875377,0.97398724213117505,0.057728272348690393,3,0,1,0,-0.70259072897219843,-1.034670990674402,-1.873104451472815,-0.14895323656129028,-0.4984388644309885,0.77208499474021064,0.00035610946322728857,0.00035610946322728857,0,0,0,0,-0.75663663777331969,12.146009185308552,25.676582275226831,-0.076933579850866907,7.9345604552098434,-0.26553907499507046,-1.5700602710305711e-16,12.848444930699188,25.644079349375765,-0.071185295881352584,7.9520479425932731,-0.34193745065527476,-0.00042733135587274629,12.848017599343315,25.644079349375765,-0.071185295881352584,7.9520479425932731,-0.34193745065527476,1,1.8307835762794629,1.7616246212198707,1,1,1
1785568447.4582245,1,1,0.99833233272875377,0.97398724213117505,0.057728272348690393,3,0,1,0,-0.70259120359496685,-1.0346705160516336,-1.8731063499638891,-0.14895323656129028,-0.4984388644309885,0.77208499474021064,0,0,-0.00035610946322728857,0.00035610946322728857,0,0.00035610946322728857,-0.43805279028981664,12.623884956533807,25.676582275226831,-0.076933579850866907,7.9977840444943844,-0.3350850232080651,-4.7376246805827527e-16,12.848387472416553,25.644124502657146,-0.071185447682738712,7.952055991418236,-0.34193737849328015,-4.4408920985006262e-16,12.848387472416553,25.644409390227729,-0.071310085994868266,7.952055991418236,-0.34200147819666105,1,1.8307835762794629,1.7616246212198707,1,1,1
1785568447.4782245,1,1,0.99833233272875377,0.97398724213117505,0.057728272348690393,3,0,1,0,-0.70259120359496685,-1.034670041428865,-1.8731125200598799,-0.14895371118405881,-0.4984402882992941,0.77208404549467358,0.00035610946322728857,0,-0.00035610946322728857,0,0.00035610946322728857,-0.00035610946322728857,0.31858384748350305,12.146009185308552,25.676582275226831,0.65393542873236876,7.8966263016391194,-0.30347322856579484,-4.7952906836318254e-16,12.848241541978547,25.644256101662808,-0.071187069953582371,7.9520829261299006,-0.34193537546692393,-0.00042733135587319038,12.848241541978547,25.644540989233391,-0.071187069953582371,7.9520188264265199,-0.34187127576354304,1,1.8307835762794629,1.7616246212198707,1,1,1
1785568447.4982245,1,1,0.99833233272875377,0.97398724213117505,0.057728272348690393,3,0,1,0,-0.70259120359496685,-1.0346695668060966,-1.8731172662875653,-0.14895418580682734,-0.49844171216759969,0.77208452011744211,0.00035610946322728857,-0.00035610946322728857,0,0,0,0.00035610946322728857,-0.27876086654806514,12.146009185308552,26.311284308996484,-0.076933579850866907,7.9977840444943844,-0.26553907499507046,-4.0459714571727812e-16,12.848123412953543,25.644360564373745,-0.071190244144998527,7.9521052076272145,-0.3419355602834363,-0.00042733135587319038,12.848550744309415,25.644360564373745,-0.071190244144998527,7.9521052076272145,-0.34199965998681719,1,1.8307835762794629,1.7616246212198707,1,1,1
1785568447.5182245,1,1,0.99833233272875377,0.97398724213117505,0.057728272348690393,3,0,1,0,-0.70259167821773538,-1.0346695668060966,-1.8731172662875653,-0.14895560967513294,-0.49844171216759969,0.77208357087190504,0,-0.00035610946322728857,0,0,0,0,0.47787577122525454,12.623884956533807,25.868916224853997,-0.076933579850866907,8.0673299927073785,-0.30347322856579484,-6.9054191618317384e-16,12.848122845255361,25.644361079624076,-0.071192126539882272,7.9521037900271097,-0.34193248758128431,-8.8817841970012523e-16,12.848550176611234,25.644361079624076,-0.071192126539882272,7.9521037900271097,-0.34193248758128431,1,1.8307835762794629,1.7616246212198707,1,1,1
1785568447.5382245,1,1,0.99833233272875377,0.97398724213117505,0.057728272348690393,3,0,1,0,-0.70259215284050391,-1.0346690921833279,-1.8731167916647966,-0.1489579827889756,-0.49844171216759969,0.77208214700359945,0,0,0,0,0,-0.00035610946322728857,0.15929192374175152,12.623884956533807,25.580415300413247,-0.17310055466445054,7.8966263016391194,-0.30347322856579484,-5.0479775524567283e-16,12.848110707405413,25.644361933532402,-0.071195446412184671,7.9521014469363909,-0.3419276046968408,-4.4408920985006262e-16,12.848110707405413,25.644361933532402,-0.071195446412184671,7.9521014469363909,-0.34186350499345991,1,1.8307835762794629,1.7616246212198707,1,1,1
1785568447.5582244,1,1,0.99833233272875377,0.97398724213117505,0.057728272348690393,3,0,1,0,-0.70259215284050391,-1.0346690921833279,-1.8731177409103337,-0.14896177977112382,-0.49844171216759969,0.77208167238083092,0,0,0,-0.00035610946322728857,0,-0.00035610946322728857,0.31858384748350305,13.261052651500814,25.580415300413247,-0.26926752947803417,7.9661722498521135,-0.30347322856579484,-1.0267530098709288e-15,12.848090752154199,25.644381305551406,-0.071202900068802255,7.9521011407664206,-0.34192247965153605,-8.8817841970012523e-16,12.848090752154199,25.644381305551406,-0.0710782617566727,7.9521011407664206,-0.34185837994815516,1,1.8307835762794629,1.7616246212198707,1,1,1
1785568447.5782244,1,1,0.99833233272875377,0.97398724213117505,0.057728272348690393,3,0,1,0,-0.70259215284050391,-1.0346690921833279,-1.8731182155331023,-0.14896557675327204,-0.49844171216759969,0.77208024851252532,0,0,-0.00035610946322728857,0,0,0,0.47787577122525454,12.146009185308552,25.21498079612163,-0.076933579850866907,7.8650145069968485,-0.36669681785033542,-8.1796955276811079e-16,12.848080020057751,25.64439167610292,-0.071209228036153149,7.9520991071979044,-0.34191593931897701,-8.8817841970012523e-16,12.848080020057751,25.644676563673503,-0.071209228036153149,7.9520991071979044,-0.34191593931897701,1,1.8307835762794629,1.7616246212198707,1,1,1
1785568447.5982244,1,1,0.99833233272875377,0.97398724213117505,0.057728272348690393,3,0,1,0,-0.70259310208604098,-1.0346690921833279,-1.8731191647786394,-0.14896889911265174,-0.49844218679036822,0.77207882464421973,0,0,0,-0.00035610946322728857,0,0,0,12.942468804017309,25.484248325599665,-0.26926752947803417,7.8650145069968485,-0.3350850232080651,-3.5439858513119926e-16,12.848058551038809,25.644412574810644,-0.071215027177109036,7.9521007662954339,-0.34190999099796521,-4.4408920985006262e-16,12.848058551038809,25.644412574810644,-0.071090388864979481,7.9521007662954339,-0.34190999099796521,1,1.8307835762794629,1.7616246212198707,1,1,1
1785568447.6182244,1,1,0.99833233272875377,0.97398724213117505,0.057728272348690393,3,0,1,0,-0.70259310208604098,-1.0346686175605595,-1.8731229617607876,-0.14897174684926293,-0.49844313603590529,0.77207787539868267,0,-0.00035610946322728857,0,-0.00035610946322728857,0,-0.00035610946322728857,0.63716769496700609,13.420344575242565,25.772749250040416,0,7.9345604552098434,-0.40463097142105975,-3.1496073110703904e-17,12.847959650501446,25.644498169571321,-0.071221027436278894,7.9521158349020844,-0.34190526286265893,0,12.848386981857319,25.644498169571321,-0.07109638912414934,7.9521158349020844,-0.34184116315927804,1,1.8307835762794629,1.7616246212198707,1,1,1
1785568447.6382246,1,1,0.99833233272875377,0.97398724213117505,0.057728272348690393,3,0,1,0,-0.70259357670880951,-1.0346676683150224,-1.8731239110063247,-0.14897411996310556,-0.49844361065867382,0.77207787539868267,-0.00035610946322728857,0,0,0,0,0,0.31858384748350305,12.464593032792056,25.484248325599665,-0.26926752947803417,7.9977840444943844,-0.36669681785033542,3.4319742143670839e-16,12.847897687113939,25.644536761132155,-0.071226545237351391,7.9521217562962061,-0.34190252553176242,0.00042733135587319038,12.847897687113939,25.644536761132155,-0.071226545237351391,7.9521217562962061,-0.34190252553176242,1,1.8307835762794629,1.7616246212198707,1,1,1
1785568447.6582246,1,1,0.99833233272875377,0.97398724213117505,0.057728272348690393,3,0,1,0,-0.70259357670880951,-1.0346676683150224,-1.8731239110063247,-0.14897791694525381,-0.49844361065867382,0.77207645153037707,0,0.00035610946322728857,0,0,0,-0.00035610946322728857,-0.75663663777331969,12.942468804017309,25.772749250040416,-0.36543450429161783,7.9345604552098434,-0.36669681785033542,-2.2468734772046473e-16,12.847896207258742,25.644538101140025,-0.071232842910843419,7.9521181127327702,-0.341895999589512,-4.4408920985006262e-16,12.847468875902869,25.644538101140025,-0.071232842910843419,7.9521181127327702,-0.34183189988613111,1,1.8307835762794629,1.7616246212198707,1,1,1
1785568447.6782246,1,1,0.99833233272875377,0.97398724213117505,0.057728272348690393,3,0,1,0,-0.70259452595434657,-1.0346681429377909,-1.8731234363835561,-0.14898313779570763,-0.49844361065867382,0.77207597690760854,-0.00035610946322728857,-0.00035610946322728857,0,-0.00035610946322728857,0.00035610946322728857,0,0.31858384748350305,12.464593032792056,25.772749250040416,0,7.8966263016391194,-0.30347322856579484,-5.1410156513831406e-16,12.847923918616445,25.644521837450576,-0.071243152911094842,7.9521100671207154,-0.34188928926379769,0.0004273313558723022,12.848351249972318,25.644521837450576,-0.071118514598965288,7.9520459674173347,-0.34188928926379769,1,1.8307835762794629,1.7616246212198707,1,1,1
1785568447.6982245,1,1,0.99833233272875377,0.97398724213117505,0.057728272348690393,3,0,1,0,-0.70259452595434657,-1.0346681429377909,-1.8731239110063247,-0.14898693477785585,-0.49844455990421083,0.77207550228484001,0,0,0,0,0,0,-0.43805279028981664,12.464593032792056,25.580415300413247,0,7.9345604552098434,-0.30347322856579484,-4.4927305148725893e-16,12.847909887229141,25.64453549820518,-0.071251443154351168,7.9521114499388528,-0.34188429618471466,-4.4408920985006262e-16,12.847909887229141,25.64453549820518,-0.071251443154351168,7.9521114499388528,-0.34188429618471466,1,1.8307835762794629,1.7616246212198707,1,1,1
1785568447.7182245,1,1,0.99833233272875377,0.97398724213117505,0.057728272348690393,3,0,1,0,-0.70259452595434657,-1.0346681429377909,-1.8731262841201672,-0.14898883326892998,-0.49844503452697936,0.77207502766207148,0,0,-0.00035610946322728857,0,0,0,0.47787577122525454,12.942468804017309,25.868916224853997,0,7.9661722498521135,-0.30347322856579484,-2.2087908758960939e-16,12.847861230083943,25.644582972414433,-0.071255451213143695,7.9521193553121501,-0.34188137715112038,0,12.847861230083943,25.644867859985016,-0.071255451213143695,7.9521193553121501,-0.34188137715112038,1,1.8307835762794629,1.7616246212198707,1,1,1
1785568447.7382245,1,1,0.99833233272875377,0.97398724213117505,0.057728272348690393,3,0,1,0,-0.7025950005771151,-1.0346676683150224,-1.8731319795933896,-0.14899073176000407,-0.49844598377251642,0.77207502766207148,-0.00035610946322728857,0,-0.00035610946322728857,0,-0.00035610946322728857,0,0.47787577122525454,12.783176880275558,25.772749250040416,-0.44236808414248474,7.9345604552098434,-0.36669681785033542,-3.436717598871708e-16,12.847725711047758,25.644704333884754,-0.071260683539034808,7.9521418459997566,-0.34187911609313104,0.0004273313558723022,12.847725711047758,25.644989221455337,-0.071260683539034808,7.9522059457031373,-0.34187911609313104,1,1.8307835762794629,1.7616246212198707,1,1,1
1785568447.7582245,1,1,0.99833233272875377,0.97398724213117505,0.057728272348690393,3,0,1,0,-0.7025950005771151,-1.0346671936922538,-1.8731381496893804,-0.14899120638277261,-0.49844693301805348,0.77207502766207148,0,0,-0.00035610946322728857,0,-0.00035610946322728857,0,-0.43805279028981664,12.623884956533807,26.138183754332033,-0.26926752947803417,7.9977840444943844,-0.30347322856579484,-5.996722216017325e-16,12.84758147980514,25.644834238322815,-0.071262968509190006,7.9521672461691795,-0.34187848356301281,-4.4408920985006262e-16,12.84758147980514,25.645119125893398,-0.071262968509190006,7.9522313458725602,-0.34187848356301281,1,1.8307835762794629,1.7616246212198707,1,1,1
1785568447.7782245,1,1,0.99833233272875377,0.97398724213117505,0.057728272348690393,3,0,1,0,-0.7025950005771151,-1.0346671936922538,-1.873137675066612,-0.14899168100554114,-0.49844693301805348,0.77207550228484001,0,0,0,0,0,0,-0.43805279028981664,13.101760727759062,25.311147770935214,0,7.9977840444943844,-0.3350850232080651,1.4051937781769941e-16,12.847590566705144,25.644825355637657,-0.071264478401547593,7.9521652619334064,-0.34187866521447452,0,12.847590566705144,25.644825355637657,-0.071264478401547593,7.9521652619334064,-0.34187866521447452,1,1.8307835762794629,1.7616246212198707,1,1,1
1785568447.7982244,1,1,0.99833233272875377,0.97398724213117505,0.057728272348690393,3,0,1,0,-0.70259452595434657,-1.0346667190694854,-1.8731386243121491,-0.14899120638277261,-0.49844693301805348,0.77207597690760854,0,0,0,0,0.00035610946322728857,0,0.15929192374175152,11.668133414083298,25.676582275226831,0.096166974813583633,7.9977840444943844,-0.30347322856579484,-6.9043349596592529e-16,12.847551808610653,25.644852269573814,-0.071264124645303628,7.9521705829260432,-0.34187988437916311,-8.8817841970012523e-16,12.847551808610653,25.644852269573814,-0.071264124645303628,7.9521064832226624,-0.34187988437916311,1,1.8307835762794629,1.7616246212198707,1,1,1
1785568447.8182244,1,1,0.99833233272875377,0.97398724213117505,0.057728272348690393,3,0,1,0,-0.70259452595434657,-1.0346671936922538,-1.8731386243121491,-0.14899073176000407,-0.49844740764082202,0.77207645153037707,0,0,0,-0.00035610946322728857,-0.00035610946322728857,0,0,12.623884956533807,25.868916224853997,-0.076933579850866907,7.8966263016391194,-0.3350850232080651,4.0799205376987335e-16,12.847570786877554,25.644844722503436,-0.071264082771609005,7.9521711151765055,-0.34188122017846345,4.4408920985006262e-16,12.847570786877554,25.644844722503436,-0.071139444459479451,7.9522352148798863,-0.34188122017846345,1,1.8307835762794629,1.7616246212198707,1,1,1
1785568447.8382244,1,1,0.99833233272875377,0.97398724213117505,0.057728272348690393,3,0,1,0,-0.70259452595434657,-1.0346667190694854,-1.8731395735576861,-0.14898978251446701,-0.49844740764082202,0.7720769261531456,-0.00035610946322728857,-0.00035610946322728857,-0.00035610946322728857,0,0,0,-0.43805279028981664,13.261052651500814,25.21498079612163,-0.076933579850866907,7.8966263016391194,-0.3350850232080651,8.5523222618372197e-17,12.847532208336286,25.644871474365829,-0.071262736402164961,7.9521768695927948,-0.34188298702314623,0.00042733135587274629,12.847959539692159,25.645156361936412,-0.071262736402164961,7.9521768695927948,-0.34188298702314623,1,1.8307835762794629,1.7616246212198707,1,1,1
1785568447.8582244,1,1,0.99833233272875377,0.97398724213117505,0.057728272348690393,3,0,1,0,-0.70259405133157804,-1.0346667190694854,-1.8731447944081399,-0.14898930789169851,-0.49844788226359055,0.77207787539868267,0,0,-0.00071221892645457715,0,0,0.00035610946322728857,0,13.420344575242565,25.484248325599665,-0.076933579850866907,7.9977840444943844,-0.3350850232080651,-4.4815496799688326e-16,12.847428982903864,25.644972274169724,-0.071263606901701859,7.9521967754131424,-0.34188486416278691,-4.4408920985006262e-16,12.847428982903864,25.645542049310887,-0.071263606901701859,7.9521967754131424,-0.3419489638661678,1,1.8307835762794629,1.7616246212198707,1,1,1
1785568447.8782246,1,1,0.99833233272875377,0.97398724213117505,0.057728272348690393,3,0,1,0,-0.70259405133157804,-1.0346667190694854,-1.8731452690309085,-0.14898883326892998,-0.49844788226359055,0.7720783500214512,0,0,0,0,0,0.00035610946322728857,-0.27876086654806514,12.942468804017309,25.772749250040416,-0.26926752947803417,7.8334027123545784,-0.36669681785033542,-5.1323420340032566e-16,12.847419925195215,25.644981127674534,-0.071263192357844285,7.9521988772009609,-0.34188611225150395,-4.4408920985006262e-16,12.847419925195215,25.644981127674534,-0.071263192357844285,7.9521988772009609,-0.34195021195488484,1,1.8307835762794629,1.7616246212198707,1,1,1
1785568447.8982246,1,1,0.99833233272875377,0.97398724213117505,0.057728272348690393,3,0,1,0,-0.70259405133157804,-1.0346662444467167,-1.8731438451626028,-0.14898835864616145,-0.49844740764082202,0.77207882464421973,0,0,0.00035610946322728857,0,0,0,-0.11946894280631364,12.305301109050305,25.21498079612163,0.38466789925433453,7.8650145069968485,-0.26553907499507046,-2.4536850416062572e-17,12.84742909040202,25.644961231291767,-0.071262253194525838,7.9521945007591244,-0.34188734493168954,0,12.84742909040202,25.644676343721184,-0.071262253194525838,7.9521945007591244,-0.34188734493168954,1,1.8307835762794629,1.7616246212198707,1,1,1
1785568447.9182246,1,1,0.99833233272875377,0.97398724213117505,0.057728272348690393,3,0,1,0,-0.70259405133157804,-1.0346662444467167,-1.8731428959170657,-0.14898835864616145,-0.49844740764082202,0.77208024851252532,-0.00035610946322728857,0.00035610946322728857,0.00035610946322728857,0,-0.00035610946322728857,0,-0.59734471403156819,12.464593032792056,25.484248325599665,0.38466789925433453,7.9345604552098434,-0.26553907499507046,-5.5391888992284422e-16,12.84744763760532,25.644943127476981,-0.071263835451677582,7.9521914580219519,-0.341889518456643,0.0004273313558723022,12.847020306249448,25.644658239906398,-0.071263835451677582,7.9522555577253327,-0.341889518456643,1,1.8307835762794629,1.7616246212198707,1,1,1
1785568447.9382246,1,1,0.99833233272875377,0.97398724213117505,0.057728272348690393,3,0,1,0,-0.70259405133157804,-1.0346662444467167,-1.8731419466715287,-0.14898835864616145,-0.49844693301805348,0.77207977388975679,0,0,0.00035610946322728857,0,0,0,-0.75663663777331969,13.101760727759062,25.484248325599665,-0.076933579850866907,7.9345604552098434,-0.30347322856579484,-1.953529026911538e-16,12.84746779085309,25.644923422150381,-0.071262793549386583,7.9521865305242567,-0.34188877371433612,0,12.84746779085309,25.644638534579798,-0.071262793549386583,7.9521865305242567,-0.34188877371433612,1,1.8307835762794629,1.7616246212198707,1,1,1
1785568447.9582245,1,1,0.99833233272875377,0.97398724213117505,0.057728272348690393,3,0,1,0,-0.70259405133157804,-1.0346667190694854,-1.8731419466715287,-0.14898835864616145,-0.49844693301805348,0.77208072313529386,0,0,0,-0.00035610946322728857,0.00035610946322728857,0.00071221892645457715,-0.43805279028981664,13.101760727759062,25.484248325599665,0,7.8966263016391194,-0.43624276606333007,-6.4663850446108895e-16,12.847488268332988,25.644914362951337,-0.071263858521099177,7.952185038543802,-0.34189021790661422,-4.4408920985006262e-16,12.847488268332988,25.644914362951337,-0.071139220208969622,7.9521209388404213,-0.34201841731337607,1,1.8307835762794629,1.7616246212198707,1,1,1
1785568447.9782245,1,1,0.99833233272875377,0.97398724213117505,0.057728272348690393,3,0,1,0,-0.70259357670880951,-1.0346671936922538,-1.8731414720487602,-0.14898740940062438,-0.49844740764082202,0.77208072313529386,0,0.00035610946322728857,0,0.00035610946322728857,-0.00035610946322728857,0,0,13.261052651500814,25.407314745748799,0.19233394962716727,7.8966263016391194,-0.30347322856579484,2.7128093608302928e-16,12.847516663352943,25.644897638289354,-0.071262245955026948,7.9521843358574476,-0.34189140097507043,4.4408920985006262e-16,12.84708933199707,25.644897638289354,-0.071386884267156503,7.9522484355608283,-0.34189140097507043,1,1.8307835762794629,1.7616246212198707,1,1,1
1785568447.9982245,1,1,0.99833233272875377,0.97398724213117505,0.057728272348690393,3,0,1,0,-0.70259357670880951,-1.0346676683150224,-1.8731386243121491,-0.14898740940062438,-0.49844645839528495,0.77208119775806239,0,0,0.00035610946322728857,0.00035610946322728857,0,0,0.31858384748350305,12.464593032792056,25.772749250040416,0.19233394962716727,7.8650145069968485,-0.36669681785033542,2.105791669509971e-16,12.847595965786965,25.644831093347253,-0.071261714027440082,7.9521698284229094,-0.34189209945904925,0,12.847595965786965,25.64454620577667,-0.071386352339569636,7.9521698284229094,-0.34189209945904925,1,1.8307835762794629,1.7616246212198707,1,1,1
1785568448.0182245,1,1,0.99833233272875377,0.97398724213117505,0.057728272348690393,3,0,1,0,-0.70259357670880951,-1.0346676683150224,-1.8731395735576861,-0.14898788402339291,-0.49844693301805348,0.77208072313529386,0.00035610946322728857,0,0,0,-0.00035610946322728857,0,0.63716769496700609,13.101760727759062,25.676582275226831,0,8.0357181980651085,-0.40463097142105975,-2.1388598357707789e-16,12.847575603793011,25.644850989929424,-0.071262653176044521,7.9521742049549875,-0.34189086679376934,-0.00042733135587274629,12.847575603793011,25.644850989929424,-0.071262653176044521,7.9522383046583682,-0.34189086679376934,1,1.8307835762794629,1.7616246212198707,1,1,1
1785568448.0382245,1,1,0.99833233272875377,0.97398724213117505,0.057728272348690393,3,0,1,0,-0.70259405133157804,-1.0346676683150224,-1.8731395735576861,-0.14898788402339291,-0.49844693301805348,0.77208119775806239,0,0,0,0,0,0,0.47787577122525454,12.305301109050305,25.21498079612163,-0.26926752947803417,7.9661722498521135,-0.3350850232080651,2.8437267731579174e-16,12.847575618337192,25.644850975389819,-0.071263200853547981,7.9521742637504911,-0.34189158166061029,4.4408920985006262e-16,12.847575618337192,25.644850975389819,-0.071263200853547981,7.9521742637504911,-0.34189158166061029,1,1.8307835762794629,1.7616246212198707,1,1,1
1785568448.0582244,1,1,0.99833233272875377,0.97398724213117505,0.057728272348690393,3,0,1,0,-0.70259405133157804,-1.0346676683150224,-1.8731386243121491,-0.14898788402339291,-0.49844598377251642,0.77208167238083092,0,-0.00035610946322728857,0,0,0,0,0.47787577122525454,13.261052651500814,26.138183754332033,0,7.9977840444943844,-0.30347322856579484,4.0274044949689669e-16,12.847597465043249,25.644829581167293,-0.07126282087564817,7.9521678041855299,-0.34189220785253849,4.4408920985006262e-16,12.848024796399121,25.644829581167293,-0.07126282087564817,7.9521678041855299,-0.34189220785253849,1,1.8307835762794629,1.7616246212198707,1,1,1
1785568448.0782244,1,1,0.99833233272875377,0.97398724213117505,0.057728272348690393,3,0,1,0,-0.70259405133157804,-1.0346676683150224,-1.873137675066612,-0.14898740940062438,-0.49844550914974789,0.77208262162636798,0,0,0,0,0,0,-0.59734471403156819,13.101760727759062,25.945849804704867,0,7.9977840444943844,-0.40463097142105975,6.2739391589947124e-16,12.847617841618295,25.644809670009224,-0.071262429406359407,7.9521634864294848,-0.34189415538099821,4.4408920985006262e-16,12.847617841618295,25.644809670009224,-0.071262429406359407,7.9521634864294848,-0.34189415538099821,1,1.8307835762794629,1.7616246212198707,1,1,1
1785568448.0982244,1,1,0.99833233272875377,0.97398724213117505,0.057728272348690393,3,0,1,0,-0.70259405133157804,-1.0346681429377909,-1.8731372004438434,-0.14898740940062438,-0.49844550914974789,0.77208309624913651,0,0,0,0,0,0,0,13.261052651500814,25.772749250040416,0.19233394962716727,8.0357181980651085,-0.43624276606333007,4.0387208551442844e-16,12.847647556489409,25.644791595078658,-0.071262916303193924,7.9521603260343028,-0.34189489915892168,4.4408920985006262e-16,12.847647556489409,25.644791595078658,-0.071262916303193924,7.9521603260343028,-0.34189489915892168,1,1.8307835762794629,1.7616246212198707,1,1,1
1785568448.1182244,1,1,0.99833233272875377,0.97398724213117505,0.057728272348690393,3,0,1,0,-0.70259405133157804,-1.0346681429377909,-1.873137675066612,-0.14898740940062438,-0.49844550914974789,0.77208309624913651,0,0,0,-0.00035610946322728857,0,0,-0.11946894280631364,12.146009185308552,25.580415300413247,-0.44236808414248474,7.9661722498521135,-0.3350850232080651,8.6654858635903942e-17,12.84763830460086,25.644800625277668,-0.07126294669545441,7.9521619356300057,-0.34189488470156104,0,12.84763830460086,25.644800625277668,-0.071138308383324855,7.9521619356300057,-0.34189488470156104,1,1.8307835762794629,1.7616246212198707,1,1,1
1785568448.1382246,1,1,0.99833233272875377,0.97398724213117505,0.057728272348690393,3,0,1,0,-0.70259405133157804,-1.0346681429377909,-1.8731372004438434,-0.14898740940062438,-0.49844550914974789,0.77208262162636798,0.00035610946322728857,0,0,0,0,0,-0.43805279028981664,13.261052651500814,25.484248325599665,0.38466789925433453,8.0357181980651085,-0.23392728035280017,1.2766480581016815e-16,12.847647541946618,25.644791609616878,-0.071262368627330042,7.9521602672374545,-0.34189418429320789,-0.00042733135587274629,12.847647541946618,25.644791609616878,-0.071262368627330042,7.9521602672374545,-0.34189418429320789,1,1.8307835762794629,1.7616246212198707,1,1,1
1785568448.1582246,1,1,0.99833233272875377,0.97398724213117505,0.057728272348690393,3,0,1,0,-0.70259452595434657,-1.0346681429377909,-1.8731343527072322,-0.14898788402339291,-0.49844503452697936,0.77208262162636798,-0.00035610946322728857,0,0.00035610946322728857,0,0,0,0.63716769496700609,13.738928422726067,25.868916224853997,-0.076933579850866907,7.9661722498521135,-0.30347322856579484,2.8358663074073975e-17,12.847704538137695,25.644735930637474,-0.071262745440913045,7.9521485265719809,-0.34189366456421222,0.00042733135587274629,12.847704538137695,25.644451043066891,-0.071262745440913045,7.9521485265719809,-0.34189366456421222,1,1.8307835762794629,1.7616246212198707,1,1,1
1785568448.1782246,1,1,0.99833233272875377,0.97398724213117505,0.057728272348690393,3,0,1,0,-0.70259452595434657,-1.0346690921833279,-1.873132454216158,-0.14898835864616145,-0.49844503452697936,0.77208309624913651,0,0.00035610946322728857,0,0,0,0.00035610946322728857,-0.27876086654806514,11.82742533782505,26.042016779518448,0,7.9661722498521135,-0.3350850232080651,-5.7225545916500531e-17,12.84778227793452,25.644681896597938,-0.071264103365242693,7.9521384942461104,-0.34189391849123402,0,12.847354946578648,25.644681896597938,-0.071264103365242693,7.9521384942461104,-0.34195801819461491,1,1.8307835762794629,1.7616246212198707,1,1,1
1785568448.1982245,1,1,0.99833233272875377,0.97398724213117505,0.057728272348690393,3,0,1,0,-0.70259452595434657,-1.0346690921833279,-1.8731334034616951,-0.14898740940062438,-0.49844503452697936,0.77208357087190504,-0.00035610946322728857,0,0,0,0,0.00035610946322728857,0,12.623884956533807,25.484248325599665,-0.076933579850866907,7.9977840444943844,-0.26553907499507046,-7.4253618661743181e-16,12.847764147587048,25.64469961852588,-0.07126272663179456,7.9521426391453902,-0.34189569978934808,0.00042733135587185811,12.847764147587048,25.64469961852588,-0.07126272663179456,7.9521426391453902,-0.34195979949272898,1,1.8307835762794629,1.7616246212198707,1,1,1
1785568448.2182245,1,1,0.99833233272875377,0.97398724213117505,0.057728272348690393,3,0,1,0,-0.70259405133157804,-1.0346686175605595,-1.8731353019527692,-0.14898693477785585,-0.49844503452697936,0.77208404549467358,0,0,0,0.00035610946322728857,0.00035610946322728857,0.00035610946322728857,0.63716769496700609,12.146009185308552,25.868916224853997,0,7.9661722498521135,-0.23392728035280017,-1.3301805403681533e-16,12.847706885414055,25.644744593190403,-0.071262433664776692,7.9521511794355444,-0.34189689004899032,0,12.847706885414055,25.644744593190403,-0.071387071976906247,7.9520870797321637,-0.34196098975237121,1,1.8307835762794629,1.7616246212198707,1,1,1
1785568448.2382245,1,1,0.99833233272875377,0.97398724213117505,0.057728272348690393,3,0,1,0,-0.70259405133157804,-1.0346686175605595,-1.8731357765755379,-0.14898693477785585,-0.49844598377251642,0.77208404549467358,0,0.00035610946322728857,0.00035610946322728857,0,-0.00035610946322728857,0.00035610946322728857,-0.43805279028981664,12.305301109050305,25.484248325599665,0,7.9345604552098434,-0.20231548571052987,-4.370351194653288e-16,12.847694305006664,25.644756942806321,-0.071263330919171919,7.9521560882723001,-0.34189699318753747,-4.4408920985006262e-16,12.847266973650791,25.644472055235738,-0.071263330919171919,7.9522201879756809,-0.34196109289091836,1,1.8307835762794629,1.7616246212198707,1,1,1
1785568448.2582245,1,1,0.99833233272875377,0.97398724213117505,0.057728272348690393,3,0,1,0,-0.70259357670880951,-1.0346690921833279,-1.8731390989349175,-0.14898693477785585,-0.49844693301805348,0.77208357087190504,0,0,-0.00035610946322728857,0,0,0,0.47787577122525454,11.82742533782505,25.676582275226831,0,8.0357181980651085,-0.40463097142105975,-8.0759509323014012e-16,12.847646647173082,25.644814457934928,-0.07126383246723178,7.9521689862544829,-0.34189630917031627,-8.8817841970012523e-16,12.847646647173082,25.645099345505511,-0.07126383246723178,7.9521689862544829,-0.34189630917031627,1,1.8307835762794629,1.7616246212198707,1,1,1
1785568448.2782245,1,1,0.99833233272875377,0.97398724213117505,0.057728272348690393,3,0,1,0,-0.70259357670880951,-1.0346686175605595,-1.8731414720487602,-0.14898693477785585,-0.49844740764082202,0.77208357087190504,0,0,0.00035610946322728857,0,0,0,0.47787577122525454,13.420344575242565,25.580415300413247,-0.44236808414248474,7.9977840444943844,-0.23392728035280017,1.9056208434148347e-16,12.847578275283171,25.644870298601489,-0.071264448250621726,7.952180293337892,-0.34189628122234472,0,12.847578275283171,25.644585411030906,-0.071264448250621726,7.952180293337892,-0.34189628122234472,1,1.8307835762794629,1.7616246212198707,1,1,1
1785568448.2982244,1,1,0.99833233272875377,0.97398724213117505,0.057728272348690393,3,0,1,0,-0.70259405133157804,-1.0346671936922538,-1.8731452690309085,-0.14898693477785585,-0.49844835688635908,0.77208309624913651,-0.00035610946322728857,0,-0.00035610946322728857,0,-0.00035610946322728857,0,0,11.986717261566801,25.407314745748799,0,8.0673299927073785,-0.3350850232080651,1.5260823204091278e-16,12.847439572846611,25.644972963695125,-0.071265101744062753,7.9522012388982075,-0.3418955249078352,0.00042733135587274629,12.847439572846611,25.645257851265708,-0.071265101744062753,7.9522653386015882,-0.3418955249078352,1,1.8307835762794629,1.7616246212198707,1,1,1
1785568448.3182244,1,1,0.99833233272875377,0.97398724213117505,0.057728272348690393,3,0,1,0,-0.70259405133157804,-1.0346671936922538,-1.8731547614862789,-0.14898693477785585,-0.4984502553774332,0.77208262162636798,0,0,-0.00035610946322728857,0,0,-0.00035610946322728857,-0.43805279028981664,12.783176880275558,25.311147770935214,0.19233394962716727,8.0357181980651085,-0.36669681785033542,3.8474269343363732e-16,12.847247867558403,25.645160217060365,-0.071266895662995045,7.952239968881714,-0.3418947560037115,4.4408920985006262e-16,12.847247867558403,25.645445104630948,-0.071266895662995045,7.952239968881714,-0.3418306563003306,1,1.8307835762794629,1.7616246212198707,1,1,1
1785568448.3382244,1,1,0.99833233272875377,0.97398724213117505,0.057728272348690393,3,0,1,0,-0.70259405133157804,-1.0346667190694854,-1.8731908328166873,-0.14898693477785585,-0.49845595085065553,0.77208167238083092,0,0.00035610946322728857,-0.0028488757058183086,0,-0.00035610946322728857,0,0.31858384748350305,13.101760727759062,25.945849804704867,-0.26926752947803417,7.9345604552098434,-0.40463097142105975,-1.9410607019279547e-16,12.84650431535098,25.645875448753955,-0.071273341879288576,7.9523835706528256,-0.34189291788043846,0,12.846076983995108,25.648154549318608,-0.071273341879288576,7.9524476703562064,-0.34189291788043846,1,1.8307835762794629,1.7616246212198707,1,1,1
1785568448.3582244,1,1,0.99833233272875377,0.97398724213117505,0.057728272348690393,3,0,1,0,-0.70259405133157804,-1.0346643459556426,-1.8732886051070041,-0.14898693477785585,-0.49846639255156316,0.77208072313529386,0,0.00035610946322728857,-0.0060538608748639056,0,-0.00071221892645457715,0,0.47787577122525454,12.464593032792056,25.484248325599665,0.38466789925433453,7.9345604552098434,-0.26553907499507046,-2.2368446071091563e-17,12.844459842695981,25.647817067806741,-0.071288195770658591,7.9527592631829247,-0.34188972608198082,0,12.844032511340108,25.652660156506631,-0.071288195770658591,7.9528874625896862,-0.34188972608198082,1,1.8307835762794629,1.7616246212198707,1,1,1
1785568448.3782246,1,1,0.99833233272875377,0.97398724213117505,0.057728272348690393,3,0,1,0,-0.70259405133157804,-1.0346605489734944,-1.8734058369308308,-0.14898646015508732,-0.49848869982168403,0.77208072313529386,-0.00035610946322728857,0.00035610946322728857,-0.0060538608748639056,0,-0.0017805473161364429,0,0,12.942468804017309,25.407314745748799,0.19233394962716727,8.0357181980651085,-0.3350850232080651,-6.3019251275719945e-18,12.841933766082077,25.650196858955539,-0.071315328730283123,7.9532473928457463,-0.34188933696509949,0.00042733135587274629,12.841506434726204,25.655039947655428,-0.071315328730283123,7.9535678913626509,-0.34188933696509949,1,1.8307835762794629,1.7616246212198707,1,1,1
1785568448.3982246,1,1,0.99833233272875377,0.97398724213117505,0.057728272348690393,3,0,1,0,-0.70259357670880951,-1.0346600743507259,-1.8735121524309812,-0.14898646015508732,-0.49855846936865783,0.77208072313529386,0,0,-0.0042733135587274627,-0.00035610946322728857,-0.0085466271174549253,0,0.15929192374175152,12.305301109050305,25.484248325599665,-0.44236808414248474,8.0673299927073785,-0.30347322856579484,-1.3754459810694231e-16,12.839597491193473,25.652471409346656,-0.071385902347186447,7.9538514708088783,-0.34189469639579717,0,12.839597491193473,25.655890060193638,-0.071261264035056893,7.9553898636900202,-0.34189469639579717,1,1.8307835762794629,1.7616246212198707,1,1,1
1785568448.4182246,1,1,0.99833233272875377,0.97398724213117505,0.057728272348690393,3,0,1,0,-0.70259357670880951,-1.0346614982190314,-1.8735648355582881,-0.14898598553231879,-0.49869278761215152,0.77208072313529386,0,0,-0.0021366567793637313,0,-0.0028488757058183086,0,-0.43805279028981664,13.579636498984316,25.676582275226831,0,7.9661722498521135,-0.30347322856579484,-3.1017668902094675e-16,12.838162377283201,25.653914915899758,-0.071510895305841427,7.9544917081320028,-0.3419102701828507,-4.4408920985006262e-16,12.838162377283201,25.655624241323249,-0.071510895305841427,7.9550045057590504,-0.3419102701828507,1,1.8307835762794629,1.7616246212198707,1,1,1
1785568448.4382246,1,1,0.99833233272875377,0.97398724213117505,0.057728272348690393,3,0,1,0,-0.70259262746327245,-1.0346614982190314,-1.873630333500345,-0.14898503628678172,-0.4987160441278094,0.77208072313529386,0,0,-0.0035610946322728858,0.00035610946322728857,-0.0010683283896818657,-0.00035610946322728857,0.31858384748350305,13.420344575242565,25.772749250040416,0.19233394962716727,7.8334027123545784,-0.30347322856579484,-6.8060791377777541e-16,12.836805521009616,25.655241009555073,-0.071534358261115205,7.9547950168475294,-0.34191222428510909,-8.8817841970012523e-16,12.836805521009616,25.658089885260893,-0.07165899657324476,7.9549873159576725,-0.3418481245817282,1,1.8307835762794629,1.7616246212198707,1,1,1
1785568448.4582245,1,1,0.99833233272875377,0.97398724213117505,0.057728272348690393,3,0,1,0,-0.70259262746327245,-1.034661023596263,-1.8737228849402081,-0.14898408704124469,-0.49874926772160644,0.77208072313529386,0,0,-0.0056977514116366172,0,-0.0017805473161364429,0.00035610946322728857,-1.0752204852568228,11.668133414083298,25.772749250040416,-0.44236808414248474,7.9345604552098434,-0.3350850232080651,-2.8908895676610369e-16,12.834866617278836,25.657125012639519,-0.071568696571538415,7.9552259988768075,-0.34191455740233773,-4.4408920985006262e-16,12.834866617278836,25.661683213768828,-0.071568696571538415,7.955546497393712,-0.34197865710571862,1,1.8307835762794629,1.7616246212198707,1,1,1
1785568448.4782245,1,1,0.99833233272875377,0.97398724213117505,0.057728272348690393,3,0,1,0,-0.70259310208604098,-1.034661023596263,-1.8738358451591182,-0.14898408704124469,-0.49878296593817201,0.77208072313529386,0,0,-0.0060538608748639056,0,-0.0021366567793637313,0,0.15929192374175152,12.146009185308552,25.676582275226831,-0.26926752947803417,7.9661722498521135,-0.40463097142105975,-1.1516937577227271e-16,12.832549025300143,25.659389563466469,-0.071606741129135898,7.9557250713715133,-0.34191523123389644,0,12.832549025300143,25.664232652166358,-0.071606741129135898,7.9561096695917985,-0.34191523123389644,1,1.8307835762794629,1.7616246212198707,1,1,1
1785568448.4982245,1,1,0.99833233272875377,0.97398724213117505,0.057728272348690393,3,0,1,0,-0.70259215284050391,-1.0346614982190314,-1.8739791812352138,-0.1489812393046335,-0.49883185208333047,0.77208214700359945,0,0,-0.0085466271174549253,0.00035610946322728857,-0.0028488757058183086,0,-0.27876086654806514,13.579636498984316,25.772749250040416,-0.076933579850866907,7.9977840444943844,-0.30347322856579484,-9.2781956163162649e-16,12.829608945486218,25.662273814308229,-0.071656268217720309,7.9563805062359974,-0.34192227712051676,-8.8817841970012523e-16,12.829608945486218,25.669111116002192,-0.071780906529849864,7.9568933038630449,-0.34192227712051676,1,1.8307835762794629,1.7616246212198707,1,1,1
1785568448.5182245,1,1,0.99833233272875377,0.97398724213117505,0.057728272348690393,3,0,1,0,-0.70258977972666137,-1.034661023596263,-1.8742250358293118,-0.14897411996310556,-0.4988907053066281,0.77208214700359945,0.00035610946322728857,0,-0.014244378529091543,0.00035610946322728857,-0.0028488757058183086,0,0,12.783176880275558,25.868916224853997,-0.076933579850866907,8.0357181980651085,-0.3350850232080651,-1.39848527723474e-16,12.824600216210046,25.667156129739574,-0.071710965515757064,7.9574235700703611,-0.34193011357581116,-0.00042733135587274629,12.824600216210046,25.678551632562847,-0.071835603827886618,7.9579363676974086,-0.34193011357581116,1,1.8307835762794629,1.7616246212198707,1,1,1
1785568448.5382245,1,1,0.99833233272875377,0.97398724213117505,0.057728272348690393,3,0,1,0,-0.70258977972666137,-1.0346591251051889,-1.8745620179949674,-0.14897174684926293,-0.4989514570209998,0.77208167238083092,0,0,-0.020298239403955448,0.00035610946322728857,-0.0042733135587274627,0,0.31858384748350305,13.420344575242565,25.407314745748799,0,7.9977840444943844,-0.23392728035280017,4.4210376462169854e-16,12.817751008297286,25.673802021085184,-0.071782761877881796,7.9587805437002395,-0.34192906579165339,4.4408920985006262e-16,12.817751008297286,25.69004061260835,-0.07190740019001135,7.9595497401408108,-0.34192906579165339,1,1.8307835762794629,1.7616246212198707,1,1,1
1785568448.5582244,1,1,0.99833233272875377,0.97398724213117505,0.057728272348690393,3,0,1,0,-0.70258977972666137,-1.0346567519913463,-1.8750418616139501,-0.14897222147203146,-0.49908102903680823,0.77208167238083092,0,0,-0.029200975984637664,-0.00035610946322728857,-0.0089027365806822138,-0.00035610946322728857,-0.59734471403156819,12.146009185308552,26.234350729145618,0,7.9661722498521135,-0.40463097142105975,1.5550847285231151e-16,12.807866707728873,25.683404318995372,-0.07193325960322472,7.9608548548730464,-0.3419293230215063,0,12.807866707728873,25.70676509978308,-0.071808621291095165,7.9624573474575691,-0.34186522331812541,1,1.8307835762794629,1.7616246212198707,1,1,1
1785568448.5782244,1,1,0.99833233272875377,0.97398724213117505,0.057728272348690393,3,0,1,0,-0.70258977972666137,-1.0346572266141147,-1.875677856123779,-0.14897222147203146,-0.49935441175148088,0.77208167238083092,0,0,-0.031337632764001394,0,-0.016024925845227987,0,0,12.623884956533807,24.849546291830013,-0.076933579850866907,7.7954685587838544,-0.40463097142105975,-3.2228587203489423e-16,12.794579628306771,25.696403984193775,-0.072224304002434847,7.9639384931473396,-0.3419426872017009,-4.4408920985006262e-16,12.794579628306771,25.721474090404978,-0.072224304002434847,7.9668229797994803,-0.3419426872017009,1,1.8307835762794629,1.7616246212198707,1,1,1
1785568448.5982244,1,1,0.99833233272875377,0.97398724213117505,0.057728272348690393,3,0,1,0,-0.7025902543494299,-1.0346572266141147,-1.8762872717585701,-0.14897222147203146,-0.49964630475412619,0.77208119775806239,0,0,-0.033474289543365128,0,-0.01495659745554612,0,-0.59734471403156819,12.305301109050305,26.138183754332033,0,7.9977840444943844,-0.26553907499507046,-4.0440741033709315e-16,12.781737775051891,25.708959442242168,-0.072530284369174303,7.9669915471558177,-0.34195807337716494,-4.4408920985006262e-16,12.781737775051891,25.735738873876862,-0.072530284369174303,7.9696837346978162,-0.34195807337716494,1,1.8307835762794629,1.7616246212198707,1,1,1
1785568448.6182244,1,1,0.99833233272875377,0.97398724213117505,0.057728272348690393,3,0,1,0,-0.70259072897219843,-1.0346572266141147,-1.876962659958187,-0.14897411996310556,-0.49994009624784563,0.77208167238083092,0.00035610946322728857,0,-0.030269304374319527,-0.00035610946322728857,-0.013888269065864253,0.00035610946322728857,0,12.623884956533807,25.407314745748799,-0.36543450429161783,7.9345604552098434,-0.3350850232080651,-6.7850727206858474e-16,12.767623686640162,25.722756606053174,-0.072847625839027819,7.9702639550365113,-0.34197042644500159,-0.00042733135587363447,12.767623686640162,25.746972049552628,-0.072722987526898264,7.9727638434683668,-0.34203452614838248,1,1.8307835762794629,1.7616246212198707,1,1,1
1785568448.6382246,1,1,0.99833233272875377,0.97398724213117505,0.057728272348690393,3,0,1,0,-0.70259072897219843,-1.0346595997279573,-1.8775697024791356,-0.14897554383141115,-0.50021537745359246,0.77208119775806239,0.00035610946322728857,0,-0.027776538131728506,0,-0.013888269065864253,-0.00035610946322728857,-0.59734471403156819,12.783176880275558,26.407451283810069,0.19233394962716727,7.9977840444943844,-0.3350850232080651,-4.6010829694853594e-17,12.755014923970329,25.735137743451286,-0.073141575173408691,7.9732294647967281,-0.34198158447427385,-0.00042733135587274629,12.755014923970329,25.75735897395667,-0.073141575173408691,7.9757293532285836,-0.34191748477089295,1,1.8307835762794629,1.7616246212198707,1,1,1
1785568448.6582246,1,1,0.99833233272875377,0.97398724213117505,0.057728272348690393,3,0,1,0,-0.70259072897219843,-1.0346600743507259,-1.8780614116673315,-0.14897554383141115,-0.50049682875533008,0.77207929926698826,0,0,-0.027776538131728506,0.00035610946322728857,-0.015668816382000697,-0.00071221892645457715,0.15929192374175152,12.305301109050305,25.945849804704867,0.19233394962716727,7.9977840444943844,-0.30347322856579484,2.9780323172745593e-16,12.744548010930705,25.745385117610102,-0.073429339389241122,7.9758326893735498,-0.34199641735556041,4.4408920985006262e-16,12.744548010930705,25.767606348115486,-0.073553977701370676,7.9786530763223098,-0.34186821794879857,1,1.8307835762794629,1.7616246212198707,1,1,1
1785568448.6782246,1,1,0.99833233272875377,0.97398724213117505,0.057728272348690393,3,0,1,0,-0.70259120359496685,-1.034661023596263,-1.87870072853654,-0.14897649307694821,-0.50085896592771773,0.77207929926698826,0,-0.00035610946322728857,-0.02991319491109224,-0.00035610946322728857,-0.020298239403955448,-0.00035610946322728857,0.47787577122525454,12.146009185308552,25.868916224853997,0.19233394962716727,7.8966263016391194,-0.26553907499507046,-1.4533052495810383e-16,12.730980140160908,25.758675761150251,-0.073805121250060002,7.9791955877641287,-0.34201748660533454,0,12.73140747151678,25.782606317079125,-0.073680482937930447,7.9828492708568408,-0.34195338690195365,1,1.8307835762794629,1.7616246212198707,1,1,1
1785568448.6982245,1,1,0.99833233272875377,0.97398724213117505,0.057728272348690393,3,0,1,0,-0.70259167821773538,-1.0346633967101055,-1.8791900646108934,-0.14897744232248528,-0.50138579720078491,0.77208024851252532,-0.00035610946322728857,0,-0.023147115109773755,-0.00035610946322728857,-0.033118180080137838,0,-0.43805279028981664,12.464593032792056,25.311147770935214,-0.36543450429161783,7.9345604552098434,-0.30347322856579484,-1.1984364238840084e-15,12.719819908165217,25.769661269830706,-0.074323409789994743,7.9826085608359403,-0.3420643423194667,0.00042733135587141402,12.719819908165217,25.788178961918526,-0.074198771477865189,7.9885698332503647,-0.3420643423194667,1,1.8307835762794629,1.7616246212198707,1,1,1
1785568448.7182245,1,1,0.99833233272875377,0.97398724213117505,0.057728272348690393,3,0,1,0,-0.70259167821773538,-1.0346633967101055,-1.8795004679015115,-0.14897744232248528,-0.50221781091401618,0.77208024851252532,0,0,-0.0067660798013184824,0,-0.046650339682774801,0,0.47787577122525454,12.146009185308552,25.945849804704867,0.19233394962716727,7.9977840444943844,-0.3350850232080651,-8.9339614265521172e-16,12.71097910854434,25.778350563596728,-0.075107106781830191,7.98646559622272,-0.34215271427053584,-8.8817841970012523e-16,12.71097910854434,25.783763427437783,-0.075107106781830191,7.9948626573656192,-0.34215271427053584,1,1.8307835762794629,1.7616246212198707,1,1,1
1785568448.7382245,1,1,0.99833233272875377,0.97398724213117505,0.057728272348690393,3,0,1,0,-0.70259215284050391,-1.0346629220873371,-1.8795265721537804,-0.14897791694525381,-0.50316373409169446,0.77208024851252532,0,0,0.00035610946322728857,0,-0.050211434315047689,0,0.15929192374175152,12.146009185308552,25.868916224853997,-0.076933579850866907,8.0357181980651085,-0.3350850232080651,-8.2853374768626642e-16,12.707223500364083,25.782073986212495,-0.075977358722399968,7.9897603068758798,-0.34226330051826115,-8.8817841970012523e-16,12.707223500364083,25.781789098641912,-0.075977358722399968,7.998798365052588,-0.34226330051826115,1,1.8307835762794629,1.7616246212198707,1,1,1
1785568448.7582245,1,1,0.99833233272875377,0.97398724213117505,0.057728272348690393,3,0,1,0,-0.70259167821773538,-1.0346652952011797,-1.8795232497944008,-0.14897839156802234,-0.50408070528049242,0.77208024851252532,0.00035610946322728857,-0.00035610946322728857,0,0,-0.04166480719759276,0,-0.59734471403156819,13.261052651500814,25.945849804704867,0,7.8334027123545784,-0.3350850232080651,-6.2828160642819375e-16,12.704263820922778,25.785083913293313,-0.076818637465199791,7.9928432818739008,-0.34237114331528962,-0.00042733135587319038,12.704691152278651,25.785083913293313,-0.076818637465199791,8.000342947169468,-0.34237114331528962,1,1.8307835762794629,1.7616246212198707,1,1,1
1785568448.7782245,1,1,0.99833233272875377,0.97398724213117505,0.057728272348690393,3,0,1,0,-0.70259167821773538,-1.0346667190694854,-1.8795265721537804,-0.14897839156802234,-0.50473948168321059,0.77208024851252532,0,0,-0.00035610946322728857,0,-0.021010458330410025,0,-0.11946894280631364,12.623884956533807,26.234350729145618,-0.076933579850866907,8.0673299927073785,-0.3350850232080651,-1.0029886535027621e-15,12.702019943984409,25.787354518197038,-0.077422549849123778,7.9950740961803533,-0.34244854053517282,-8.8817841970012523e-16,12.702019943984409,25.787639405767621,-0.077422549849123778,7.9988559786798268,-0.34244854053517282,1,1.8307835762794629,1.7616246212198707,1,1,1
1785568448.7982244,1,1,0.99833233272875377,0.97398724213117505,0.057728272348690393,3,0,1,0,-0.70259215284050391,-1.0346638713328742,-1.8795370138546881,-0.14897886619079087,-0.50504086714122653,0.77208024851252532,-0.00035610946322728857,0,-0.00035610946322728857,0,-0.013532159602636965,0,0.47787577122525454,12.942468804017309,25.945849804704867,0.19233394962716727,7.9661722498521135,-0.40463097142105975,6.1907944048922303e-17,12.700672581661724,25.788625796845523,-0.077700663902709577,7.9961339117622501,-0.34248287719668019,0.00042733135587274629,12.700672581661724,25.788910684416106,-0.077700663902709577,7.9985697004907248,-0.34248287719668019,1,1.8307835762794629,1.7616246212198707,1,1,1
1785568448.8182244,1,1,0.99833233272875377,0.97398724213117505,0.057728272348690393,3,0,1,0,-0.70259215284050391,-1.0346638713328742,-1.8795389123457622,-0.14897886619079087,-0.50521979992496191,0.77207929926698826,0,0,0,0,-0.0060538608748639056,-0.00035610946322728857,-0.11946894280631364,12.146009185308552,25.772749250040416,0.19233394962716727,7.7954685587838544,-0.3350850232080651,-2.2646950504148777e-16,12.7000284394424,25.789267440200746,-0.077863651108524778,7.9967432101777574,-0.34250234807133617,-4.4408920985006262e-16,12.7000284394424,25.789267440200746,-0.077863651108524778,7.9978329051352333,-0.34243824836795528,1,1.8307835762794629,1.7616246212198707,1,1,1
1785568448.8382244,1,1,0.99833233272875377,0.97398724213117505,0.057728272348690393,3,0,1,0,-0.70259215284050391,-1.0346652952011797,-1.8795365392319197,-0.14897886619079087,-0.50526536371074071,0.77207929926698826,-0.00035610946322728857,-0.00035610946322728857,0,0,-0.00035610946322728857,0,0,12.464593032792056,25.676582275226831,0.19233394962716727,8.1684877355626444,-0.36669681785033542,-3.7440889147713485e-16,12.699980522916828,25.789350293155472,-0.077905137627630183,7.9968842861474716,-0.34250782333893909,0.0004273313558723022,12.700407854272701,25.789350293155472,-0.077905137627630183,7.9969483858508523,-0.34250782333893909,1,1.8307835762794629,1.7616246212198707,1,1,1
1785568448.8582244,1,1,0.99833233272875377,0.97398724213117505,0.057728272348690393,3,0,1,0,-0.70259167821773538,-1.0346652952011797,-1.8795398615912993,-0.14897886619079087,-0.50529051871747277,0.77207977388975679,0,0,-0.00035610946322728857,0,-0.0035610946322728858,0.00035610946322728857,0.31858384748350305,12.464593032792056,25.868916224853997,-0.26926752947803417,7.9977840444943844,-0.26553907499507046,-9.7681194730081522e-16,12.699831155163714,25.789497894493458,-0.077928966547791911,7.9969800235227844,-0.34251136709587049,-8.8817841970012523e-16,12.699831155163714,25.789782782064041,-0.077928966547791911,7.9976210205565934,-0.34257546679925138,1,1.8307835762794629,1.7616246212198707,1,1,1
1785568448.8782246,1,1,0.99833233272875377,0.97398724213117505,0.057728272348690393,3,0,1,0,-0.70259120359496685,-1.0346648205784112,-1.8795569480109664,-0.14897839156802234,-0.50543717715294822,0.77207882464421973,-0.00035610946322728857,0.00035610946322728857,-0.0014244378529091543,-0.00035610946322728857,-0.0096149555071367906,0,-0.59734471403156819,11.986717261566801,25.868916224853997,-0.26926752947803417,7.9345604552098434,-0.36669681785033542,-8.5458170488023066e-16,12.698984145626294,25.790324264833558,-0.07806243617962505,7.9975321202235454,-0.34252702057821338,0.00042733135587185811,12.698556814270422,25.791463815115886,-0.077937797867495495,7.9992628122148304,-0.34252702057821338,1,1.8307835762794629,1.7616246212198707,1,1,1
1785568448.8982246,1,1,0.99833233272875377,0.97398724213117505,0.057728272348690393,3,0,1,0,-0.70259120359496685,-1.0346648205784112,-1.8795816283949298,-0.14897744232248528,-0.50566689457291625,0.77207787539868267,0,0,0,-0.00035610946322728857,-0.013532159602636965,-0.00035610946322728857,-0.59734471403156819,12.623884956533807,26.042016779518448,-0.36543450429161783,7.9661722498521135,-0.36669681785033542,-4.0002994406568293e-16,12.69772998124704,25.791564957939524,-0.078271473848222084,7.9983874351642621,-0.34255266552339997,-4.4408920985006262e-16,12.69772998124704,25.791564957939524,-0.078146835536092529,8.0008232238927359,-0.34248856582001908,1,1.8307835762794629,1.7616246212198707,1,1,1
1785568448.9182246,1,1,0.99833233272875377,0.97398724213117505,0.057728272348690393,3,0,1,0,-0.70259215284050391,-1.0346652952011797,-1.8795821030176985,-0.14897791694525381,-0.50593648030544069,0.77207882464421973,0,0,0,0,-0.013888269065864253,0,0.47787577122525454,12.464593032792056,26.138183754332033,0.096166974813583633,8.0357181980651085,-0.30347322856579484,-3.7889477796579363e-16,12.696827357029692,25.792476329408498,-0.078520568852468275,7.9992943261253364,-0.34258505048987209,-4.4408920985006262e-16,12.696827357029692,25.792476329408498,-0.078520568852468275,8.0017942145571919,-0.34258505048987209,1,1.8307835762794629,1.7616246212198707,1,1,1
1785568448.9382246,1,1,0.99833233272875377,0.97398724213117505,0.057728272348690393,3,0,1,0,-0.70259167821773538,-1.0346667190694854,-1.8795787806583186,-0.14897839156802234,-0.506162875366029,0.7720783500214512,0,0.00035610946322728857,0,0,-0.0071221892645457717,-0.00035610946322728857,0.31858384748350305,12.464593032792056,25.772749250040416,-0.26926752947803417,7.8966263016391194,-0.36669681785033542,-1.2430174619638967e-15,12.696185334223841,25.793152082716293,-0.07872809577049833,8.0000396975382575,-0.34261038201401145,-1.3322676295501878e-15,12.695758002867969,25.793152082716293,-0.07872809577049833,8.0013216916058756,-0.34254628231063056,1,1.8307835762794629,1.7616246212198707,1,1,1
1785568448.9582245,1,1,0.99833233272875377,0.97398724213117505,0.057728272348690393,3,0,1,0,-0.70259167821773538,-1.0346667190694854,-1.8795821030176985,-0.14897839156802234,-0.50630478757381914,0.77207740077591414,0,0,-0.00035610946322728857,-0.00035610946322728857,-0.0081905176542276369,-0.00035610946322728857,-0.59734471403156819,11.986717261566801,25.868916224853997,0.19233394962716727,7.9345604552098434,-0.40463097142105975,-9.9207886914212673e-16,12.695640873218426,25.793693727288836,-0.078857216430939236,8.0005275542019305,-0.3426253772261782,-8.8817841970012523e-16,12.695640873218426,25.793978614859419,-0.078732578118809682,8.0020018473796917,-0.3425612775227973,1,1.8307835762794629,1.7616246212198707,1,1,1
1785568448.9782245,1,1,0.99833233272875377,0.97398724213117505,0.057728272348690393,3,0,1,0,-0.70259215284050391,-1.0346662444467167,-1.8795892223592263,-0.14897839156802234,-0.50653830197593541,0.7720769261531456,0,0,0,0,-0.016381035308455274,0,-0.43805279028981664,13.420344575242565,26.311284308996484,0.19233394962716727,8.0989417873496485,-0.30347322856579484,-8.1827448462912233e-16,12.69469325254869,25.794624533809763,-0.079071081177834013,8.0013370405278188,-0.3426515932043161,-8.8817841970012523e-16,12.69469325254869,25.794624533809763,-0.079071081177834013,8.0042856268833411,-0.3426515932043161,1,1.8307835762794629,1.7616246212198707,1,1,1
1785568448.9982245,1,1,0.99833233272875377,0.97398724213117505,0.057728272348690393,3,0,1,0,-0.70259167821773538,-1.0346681429377909,-1.8795854253770781,-0.14897886619079087,-0.50693413736488857,0.77207787539868267,0,-0.00035610946322728857,0.00035610946322728857,0.00035610946322728857,-0.021722677256864602,0,0.15929192374175152,12.783176880275558,25.772749250040416,0,7.9345604552098434,-0.43624276606333007,-7.3609873621829913e-16,12.693509154581454,25.795852482669883,-0.079435324704360988,8.0026471758280806,-0.34269875181243803,-8.8817841970012523e-16,12.693936485937327,25.7955675950993,-0.079559963016490542,8.0065572577343165,-0.34269875181243803,1,1.8307835762794629,1.7616246212198707,1,1,1
1785568449.0182245,1,1,0.99833233272875377,0.97398724213117505,0.057728272348690393,3,0,1,0,-0.70259120359496685,-1.0346714652971707,-1.8795835268860039,-0.14897839156802234,-0.50733519360429558,0.77207787539868267,0.00035610946322728857,0,0.00035610946322728857,0,-0.018873801551046294,0,0,11.986717261566801,25.580415300413247,-0.076933579850866907,7.9661722498521135,-0.36669681785033542,-1.974603206639225e-17,12.692333500196376,25.797105351707447,-0.079801181364601792,8.0039759089036018,-0.34274608803217377,-0.00042733135587274629,12.692333500196376,25.796820464136864,-0.079801181364601792,8.0073731931827901,-0.34274608803217377,1,1.8307835762794629,1.7616246212198707,1,1,1
1785568449.0382245,1,1,0.99833233272875377,0.97398724213117505,0.057728272348690393,3,0,1,0,-0.70259072897219843,-1.0346690921833279,-1.8795906462275318,-0.14897744232248528,-0.50775998098212904,0.7720769261531456,0,0.00035610946322728857,-0.00035610946322728857,0.00035610946322728857,-0.025995990815592066,0,0,12.623884956533807,25.945849804704867,0,8.0989417873496485,-0.30347322856579484,-4.4331671580216669e-16,12.690661792229982,25.798712914432908,-0.08018762661260459,8.005431246299926,-0.34279465925963581,-4.4408920985006262e-16,12.690234460874109,25.798997802003491,-0.080312264924734145,8.0101105246467323,-0.34279465925963581,1,1.8307835762794629,1.7616246212198707,1,1,1
1785568449.0582244,1,1,0.99833233272875377,0.97398724213117505,0.057728272348690393,3,0,1,0,-0.70259167821773538,-1.0346676683150224,-1.8796124788748843,-0.14897744232248528,-0.50847523749430212,0.77207645153037707,0,0,-0.00071221892645457715,0,-0.043089245050501913,0,0.63716769496700609,13.101760727759062,25.868916224853997,-0.26926752947803417,8.1368759409203726,-0.3350850232080651,-2.3681008326156827e-16,12.687770833355046,25.801553130993796,-0.080843481659459204,8.007900700918885,-0.34287579543954383,-4.4408920985006262e-16,12.687770833355046,25.802122906134958,-0.080843481659459204,8.0156567650279751,-0.34287579543954383,1,1.8307835762794629,1.7616246212198707,1,1,1
1785568449.0782244,1,1,0.99833233272875377,0.97398724213117505,0.057728272348690393,3,0,1,0,-0.70259215284050391,-1.034670041428865,-1.8796091565155044,-0.14897934081355937,-0.50954361334626086,0.7720769261531456,0,0,0.00035610946322728857,0,-0.05875806143250261,0.00035610946322728857,0,11.508841490341547,25.945849804704867,0,8.0357181980651085,-0.3350850232080651,-4.9595473127633793e-17,12.684344251348065,25.805028767468883,-0.081825436520674644,8.0114481517432363,-0.34299760785527106,0,12.684344251348065,25.8047438798983,-0.081825436520674644,8.0220246028010873,-0.34306170755865195,1,1.8307835762794629,1.7616246212198707,1,1,1
1785568449.0982244,1,1,0.99833233272875377,0.97398724213117505,0.057728272348690393,3,0,1,0,-0.70259167821773538,-1.034670990674402,-1.8796082072699674,-0.14897934081355937,-0.51072020318944422,0.77207645153037707,0,0,0,0,-0.060538608748639054,0,0.31858384748350305,11.668133414083298,25.041880241457179,-0.44236808414248474,8.1684877355626444,-0.30347322856579484,-2.6550078325096593e-16,12.680459187079084,25.808926700185125,-0.082901055556941716,8.0153604254904707,-0.34313184007699848,-4.4408920985006262e-16,12.680459187079084,25.808926700185125,-0.082901055556941716,8.0262573750652262,-0.34313184007699848,1,1.8307835762794629,1.7616246212198707,1,1,1
1785568449.1182244,1,1,0.99833233272875377,0.97398724213117505,0.057728272348690393,3,0,1,0,-0.70259120359496685,-1.0346686175605595,-1.8796219713302549,-0.14897839156802234,-0.51201117711984301,0.77207597690760854,0,0,-0.0014244378529091543,0,-0.069085235866093983,0,0.15929192374175152,11.230080623793482,26.599785233437235,0,8.0989417873496485,-0.30347322856579484,-3.5303655615201435e-16,12.675779861819867,25.813531258687956,-0.084080063243240577,8.0197000484287742,-0.34327876201710777,-4.4408920985006262e-16,12.675779861819867,25.814670808970284,-0.084080063243240577,8.0321353908846707,-0.34327876201710777,1,1.8307835762794629,1.7616246212198707,1,1,1
1785568449.1382246,1,1,0.99833233272875377,0.97398724213117505,0.057728272348690393,3,0,1,0,-0.70259120359496685,-1.0346676683150224,-1.8796646873794225,-0.14897839156802234,-0.5133918547534938,0.77207597690760854,0,0,-0.0014244378529091543,-0.00035610946322728857,-0.080480738689367212,0,0.15929192374175152,12.464593032792056,25.676582275226831,-0.36543450429161783,8.0357181980651085,-0.36669681785033542,-3.5665508090268472e-16,12.670321864946345,25.818934593072669,-0.085345235999596314,8.0244101837116837,-0.34343345421289811,-4.4408920985006262e-16,12.670321864946345,25.820074143354997,-0.085220597687466759,8.0388967166757705,-0.34343345421289811,1,1.8307835762794629,1.7616246212198707,1,1,1
1785568449.1582246,1,1,0.99833233272875377,0.97398724213117505,0.057728272348690393,3,0,1,0,-0.70259215284050391,-1.034670041428865,-1.8796627888883484,-0.14897934081355937,-0.51526993704856294,0.77207645153037707,0,-0.00035610946322728857,0.00071221892645457715,-0.00035610946322728857,-0.087602927953912987,0.00035610946322728857,-0.27876086654806514,13.101760727759062,25.868916224853997,0.19233394962716727,8.1368759409203726,-0.3350850232080651,-2.6068285984698347e-17,12.664232569928831,25.825065536279261,-0.087063095000394219,8.0305862684597233,-0.34364446180393399,0,12.664659901284704,25.824495761138099,-0.086938456688264665,8.0463547954914283,-0.34370856150731488,1,1.8307835762794629,1.7616246212198707,1,1,1
1785568449.1782246,1,1,0.99833233272875377,0.97398724213117505,0.057728272348690393,3,0,1,0,-0.70259262746327245,-1.0346719399199391,-1.8796604157745056,-0.14898029005909644,-0.51671516337873369,0.77207645153037707,0,0,0,-0.00035610946322728857,-0.069797454792548563,0,-0.27876086654806514,13.738928422726067,25.772749250040416,-0.076933579850866907,7.9345604552098434,-0.30347322856579484,-5.6020726252326014e-16,12.659587697725772,25.829744709915346,-0.088384233495845455,8.0353163249091875,-0.34380485212199008,-4.4408920985006262e-16,12.659587697725772,25.829744709915346,-0.0882595951837159,8.0478798667718454,-0.34380485212199008,1,1.8307835762794629,1.7616246212198707,1,1,1
1785568449.1982245,1,1,0.99833233272875377,0.97398724213117505,0.057728272348690393,3,0,1,0,-0.70259215284050391,-1.0346690921833279,-1.8796779768169412,-0.14897981543632791,-0.51798762702115986,0.77207550228484001,0,0.00035610946322728857,-0.0017805473161364429,0,-0.053416419484093286,-0.00035610946322728857,-0.43805279028981664,11.668133414083298,25.311147770935214,0.19233394962716727,8.0989417873496485,-0.30347322856579484,-2.906474973890516e-16,12.654943684684124,25.834301250451741,-0.089544788448153612,8.0395451365502435,-0.34394424270334084,-4.4408920985006262e-16,12.654516353328251,25.835725688304649,-0.089544788448153612,8.0491600920573809,-0.34388014299995995,1,1.8307835762794629,1.7616246212198707,1,1,1
1785568449.2182245,1,1,0.99833233272875377,0.97398724213117505,0.057728272348690393,3,0,1,0,-0.70259167821773538,-1.0346671936922538,-1.8797240152254886,-0.14897981543632791,-0.51896440067879246,0.77207407841653442,0.00035610946322728857,0,-0.0017805473161364429,0,-0.046650339682774801,0,0.63716769496700609,13.261052651500814,25.868916224853997,0.096166974813583633,8.0989417873496485,-0.30347322856579484,1.9351653526150647e-16,12.650777369663706,25.838392308794774,-0.090437915046759021,8.0428841647062779,-0.34404779269432251,-0.00042733135587274629,12.650777369663706,25.839816746647681,-0.090437915046759021,8.051281225849177,-0.34404779269432251,1,1.8307835762794629,1.7616246212198707,1,1,1
1785568449.2382245,1,1,0.99833233272875377,0.97398724213117505,0.057728272348690393,3,0,1,0,-0.70259262746327245,-1.034670990674402,-1.8797254390937941,-0.14898076468186497,-0.51981587392553341,0.77207407841653442,-0.00035610946322728857,-0.00035610946322728857,-0.00035610946322728857,0.00035610946322728857,-0.04273313558727463,0,0.15929192374175152,12.623884956533807,25.580415300413247,-0.44236808414248474,7.9977840444943844,-0.26553907499507046,3.352217592053619e-17,12.648126303780089,25.841126810496597,-0.091216265440376754,8.0456474057195813,-0.34414032876414991,0.00042733135587274629,12.648553635135961,25.84141169806718,-0.091340903752506308,8.0533393701252916,-0.34414032876414991,1,1.8307835762794629,1.7616246212198707,1,1,1
1785568449.2582245,1,1,0.99833233272875377,0.97398724213117505,0.057728272348690393,3,0,1,0,-0.70259215284050391,-1.0346771607703931,-1.879724489848257,-0.14898171392740203,-0.52068585746024709,0.77207360379376588,-0.00035610946322728857,0,0,0,-0.038815931491774452,0,-0.27876086654806514,12.146009185308552,26.042016779518448,-0.076933579850866907,8.0673299927073785,-0.36669681785033542,-8.6641306108747873e-16,12.645567831063019,25.843826769687865,-0.092010316321158969,8.0484498600694607,-0.34423400761769901,0.00042733135587185811,12.645567831063019,25.843826769687865,-0.092010316321158969,8.0554367277379804,-0.34423400761769901,1,1.8307835762794629,1.7616246212198707,1,1,1
1785568449.2782245,1,1,0.99833233272875377,0.97398724213117505,0.057728272348690393,3,0,1,0,-0.70259167821773538,-1.0346752622793189,-1.8797363554174702,-0.1489812393046335,-0.52149936088550575,0.7720721799254604,0,0,-0.0010683283896818657,0,-0.051635872167956842,0,-0.59734471403156819,12.942468804017309,25.676582275226831,0,8.0989417873496485,-0.40463097142105975,-5.4857919422335311e-16,12.642610284909683,25.846726361239284,-0.092750075867594983,8.0511304813141962,-0.34432044612421753,-4.4408920985006262e-16,12.642610284909683,25.84758102395103,-0.092750075867594983,8.0604249383044291,-0.34432044612421753,1,1.8307835762794629,1.7616246212198707,1,1,1
1785568449.2982244,1,1,0.99833233272875377,0.97398724213117505,0.057728272348690393,3,0,1,0,-0.70259167821773538,-1.0346747876565503,-1.8797605611786652,-0.1489812393046335,-0.522715344418477,0.77207170530269187,0.00035610946322728857,-0.00035610946322728857,-0.00035610946322728857,0,-0.073002439961594154,0,0.31858384748350305,13.420344575242565,26.042016779518448,-0.076933579850866907,8.0989417873496485,-0.30347322856579484,3.4935026876556363e-16,12.638177549384306,25.851126344320456,-0.093859304254309439,8.0551395030319846,-0.34445049643655912,-0.0004273313558723022,12.638604880740179,25.851411231891039,-0.093859304254309439,8.0682799422250717,-0.34445049643655912,1,1.8307835762794629,1.7616246212198707,1,1,1
1785568449.3182244,1,1,0.99833233272875377,0.97398724213117505,0.057728272348690393,3,0,1,0,-0.70259215284050391,-1.0346804831297727,-1.879757713442054,-0.14898313779570763,-0.52428634578230782,0.77207265454822882,0,-0.00035610946322728857,0.00035610946322728857,-0.00035610946322728857,-0.069085235866093983,0,0.63716769496700609,12.623884956533807,25.868916224853997,-0.076933579850866907,8.0673299927073785,-0.36669681785033542,-3.8035167463507102e-16,12.633390572659817,25.856038543357243,-0.095294414734736765,8.0601725251159984,-0.34461937669230791,-4.4408920985006262e-16,12.633817904015689,25.855753655786661,-0.095169776422607211,8.0726078675718949,-0.34461937669230791,1,1.8307835762794629,1.7616246212198707,1,1,1
1785568449.3382244,1,1,0.99833233272875377,0.97398724213117505,0.057728272348690393,3,0,1,0,-0.70259215284050391,-1.034685229357458,-1.8797520179688316,-0.14898456166401319,-0.52556450489795636,0.7720721799254604,0.00035610946322728857,0,0,0,-0.063743593917684652,-0.00035610946322728857,0,12.305301109050305,25.868916224853997,0,8.2000995302049144,-0.30347322856579484,-7.1123662515049091e-17,12.629580681581654,25.859954658272084,-0.096459397267620983,8.0642419371804461,-0.34475426757132943,-0.00042733135587274629,12.629580681581654,25.859954658272084,-0.096459397267620983,8.0757157840856291,-0.34469016786794854,1,1.8307835762794629,1.7616246212198707,1,1,1
1785568449.3582244,1,1,0.99833233272875377,0.97398724213117505,0.057728272348690393,3,0,1,0,-0.70259310208604098,-1.034685229357458,-1.8797534418371373,-0.14898408704124469,-0.52689534714091157,0.7720721799254604,-0.00035610946322728857,-0.00035610946322728857,-0.00035610946322728857,0,-0.069797454792548563,0,-0.11946894280631364,13.420344575242565,25.772749250040416,-0.26926752947803417,7.9661722498521135,-0.40463097142105975,1.9386890096756426e-17,12.625278030035725,25.864245793226765,-0.097668998446830302,8.0685053766097568,-0.34489628402495975,0.00042733135587274629,12.625705361391597,25.864530680797348,-0.097668998446830302,8.0810689184724147,-0.34489628402495975,1,1.8307835762794629,1.7616246212198707,1,1,1
1785568449.3782246,1,1,0.99833233272875377,0.97398724213117505,0.057728272348690393,3,0,1,0,-0.70259215284050391,-1.0346923486989859,-1.8797510687232948,-0.14898408704124469,-0.52857503711873566,0.77207407841653442,0.00035610946322728857,-0.00071221892645457715,0.00035610946322728857,-0.00035610946322728857,-0.089739584733276714,0,0.31858384748350305,11.349549566599794,25.868916224853997,-0.26926752947803417,8.0989417873496485,-0.3350850232080651,-4.1501903910029503e-16,12.620252386736468,25.869430143798212,-0.099197388625178684,8.073830633706887,-0.34507696194867504,-0.00042733135587319038,12.621107049448213,25.869145256227629,-0.099072750313049129,8.0899837589588763,-0.34507696194867504,1,1.8307835762794629,1.7616246212198707,1,1,1
1785568449.3982246,1,1,0.99833233272875377,0.97398724213117505,0.057728272348690393,3,0,1,0,-0.70259215284050391,-1.034734590125385,-1.8797505941005261,-0.14898313779570763,-0.53024001379073527,0.77207360379376588,-0.00035610946322728857,-0.0035610946322728858,-0.00035610946322728857,0.00035610946322728857,-0.082261286005503656,-0.00035610946322728857,0,12.305301109050305,25.772749250040416,0,7.9345604552098434,-0.3350850232080651,2.2869889575866109e-17,12.616759097423836,25.873926234824516,-0.10070353630816253,8.0789849680737991,-0.34525380348553902,0.00042733135587274629,12.621032410982563,25.874211122395099,-0.10082817462029209,8.0937919995547905,-0.34518970378215813,1,1.8307835762794629,1.7616246212198707,1,1,1
1785568449.4182246,1,1,0.99833233272875377,0.97398724213117505,0.057728272348690393,3,0,1,0,-0.70259120359496685,-1.0348176491098775,-1.8797567641965169,-0.14898218855017056,-0.53182952544253881,0.77207360379376588,0.00035610946322728857,-0.0042733135587274627,0,0,-0.093656788828776899,0,-0.75663663777331969,13.420344575242565,25.772749250040416,-0.076933579850866907,8.2696454784179085,-0.3350850232080651,-2.895836240073002e-16,12.615140570615177,25.877526685850203,-0.10213757053777317,8.0837750799872303,-0.3454239081313244,-0.00042733135587319038,12.620268546885649,25.877526685850203,-0.10213757053777317,8.1006333019764103,-0.3454239081313244,1,1.8307835762794629,1.7616246212198707,1,1,1
1785568449.4382246,1,1,0.99833233272875377,0.97398724213117505,0.057728272348690393,3,0,1,0,-0.70259120359496685,-1.0349315585743244,-1.879748695609452,-0.14898076468186497,-0.53416989031415518,0.77207455303930295,0,-0.006409970338091194,0.00035610946322728857,0,-0.11894056071791438,0,0.31858384748350305,12.623884956533807,25.868916224853997,0.38466789925433453,8.1368759409203726,-0.40463097142105975,-4.7847197124500918e-17,12.612762245196643,25.88262917385352,-0.1042472817905109,8.0907676526979433,-0.34567415662496392,0,12.620454209602354,25.882344286282937,-0.1042472817905109,8.1121769536271682,-0.34567415662496392,1,1.8307835762794629,1.7616246212198707,1,1,1
1785568449.4582245,1,1,0.99833233272875377,0.97398724213117505,0.057728272348690393,3,0,1,0,-0.70259167821773538,-1.0351157122085137,-1.8797444240045353,-0.14898076468186497,-0.53659141567919,0.77207550228484001,0,-0.013532159602636965,-0.00035610946322728857,-0.00035610946322728857,-0.12570664051923286,0.00035610946322728857,-0.59734471403156819,12.623884956533807,26.042016779518448,0.38466789925433453,8.1368759409203726,-0.20231548571052987,-1.0230260649030098e-15,12.613090604301227,25.886710631794827,-0.10642517541287755,8.0977707409725479,-0.34593191852919569,-8.8817841970012523e-16,12.629329195824392,25.88699551936541,-0.10630053710074799,8.1203979362660093,-0.34599601823257659,1,1.8307835762794629,1.7616246212198707,1,1,1
1785568449.4782245,1,1,0.99833233272875377,0.97398724213117505,0.057728272348690393,3,0,1,0,-0.70259167821773538,-1.0354204200259094,-1.8797572388192856,-0.14898171392740203,-0.53908888068718952,0.77207550228484001,-0.00035610946322728857,-0.016737144771682564,-0.00071221892645457715,-0.00035610946322728857,-0.14849764616577935,0,-0.43805279028981664,12.783176880275558,25.311147770935214,-0.26926752947803417,8.2380336837756385,-0.20231548571052987,-6.0064800355696946e-17,12.618030461886626,25.889067274699535,-0.10866015768586734,8.1046560333471511,-0.34619770636166147,0.00042733135587274629,12.638115035612644,25.889637049840697,-0.10853551937373779,8.1313856096569914,-0.34619770636166147,1,1.8307835762794629,1.7616246212198707,1,1,1
1785568449.4982245,1,1,0.99833233272875377,0.97398724213117505,0.057728272348690393,3,0,1,0,-0.70259167821773538,-1.0357507574728055,-1.8797662566518876,-0.14898171392740203,-0.54289820302740299,0.77207407841653442,0,-0.013888269065864253,-0.00035610946322728857,0,-0.17841084107687158,0,0,12.623884956533807,25.868916224853997,-0.44236808414248474,8.2000995302049144,-0.36669681785033542,-3.8536610968281648e-17,12.620127347996533,25.894870699917931,-0.11206998199100782,8.1154535680260569,-0.34659101860581654,0,12.63679327087557,25.895155587488514,-0.11206998199100782,8.1475675194198942,-0.34659101860581654,1,1.8307835762794629,1.7616246212198707,1,1,1
1785568449.5182245,1,1,0.99833233272875377,0.97398724213117505,0.057728272348690393,3,0,1,0,-0.70259167821773538,-1.0360431250982194,-1.8797743252389525,-0.14898171392740203,-0.54658412344779905,0.77207407841653442,0,-0.01495659745554612,0,-0.00035610946322728857,-0.20227017511309991,0,-1.0752204852568228,13.261052651500814,26.138183754332033,0.19233394962716727,8.2380336837756385,-0.30347322856579484,-4.2404502218623685e-16,12.62110851965274,25.900876243570995,-0.11536694856616736,8.1258863399715224,-0.34696625014580668,-4.4408920985006262e-16,12.639056436599395,25.900876243570995,-0.11524231025403781,8.16229497149188,-0.34696625014580668,1,1.8307835762794629,1.7616246212198707,1,1,1
1785568449.5382245,1,1,0.99833233272875377,0.97398724213117505,0.057728272348690393,3,0,1,0,-0.70259215284050391,-1.0363440359334668,-1.8797738506161841,-0.14898218855017056,-0.55060607678831353,0.77207597690760854,0,-0.017805473161364428,-0.00035610946322728857,0,-0.20903625491441838,0.00035610946322728857,-0.11946894280631364,12.146009185308552,25.407314745748799,0,8.2000995302049144,-0.3350850232080651,-2.9782356051819003e-16,12.62169832286402,25.907476700329156,-0.11896135401048913,8.1371886849056096,-0.34737075726516048,-4.4408920985006262e-16,12.643064890657657,25.907761587899738,-0.11896135401048913,8.1748152107902055,-0.34743485696854137,1,1.8307835762794629,1.7616246212198707,1,1,1
1785568449.5582244,1,1,0.99833233272875377,0.97398724213117505,0.057728272348690393,3,0,1,0,-0.70259215284050391,-1.0367536353827072,-1.8797990056229161,-0.14898218855017056,-0.5549559944618816,0.77207597690760854,0,-0.019229911014273581,-0.0021366567793637313,0,-0.21152902115700942,0,-0.43805279028981664,12.464593032792056,25.868916224853997,0.19233394962716727,8.2696454784179085,-0.43624276606333007,4.5175316395681953e-16,12.625552385556894,25.913401247911203,-0.12283015249579621,8.1491168477752058,-0.34780130190716474,4.4408920985006262e-16,12.648628278774023,25.915110573334694,-0.12283015249579621,8.1871920715834676,-0.34780130190716474,1,1.8307835762794629,1.7616246212198707,1,1,1
1785568449.5782244,1,1,0.99833233272875377,0.97398724213117505,0.057728272348690393,3,0,1,0,-0.70259167821773538,-1.0371266888787709,-1.8798531126185285,-0.1489812393046335,-0.55896608223318289,0.77207550228484001,0,-0.018873801551046294,-0.003204985169045597,0,-0.21152902115700942,0,0.15929192374175152,12.783176880275558,25.676582275226831,0.4616014791052015,8.2696454784179085,-0.3350850232080651,2.1714536635811243e-16,12.628447514366119,25.919392361197687,-0.12638937572454134,8.1601022281106967,-0.3481892176902559,0,12.651096076227375,25.921956349332923,-0.12638937572454134,8.1981774519189585,-0.3481892176902559,1,1.8307835762794629,1.7616246212198707,1,1,1
1785568449.5982244,1,1,0.99833233272875377,0.97398724213117505,0.057728272348690393,3,0,1,0,-0.70259215284050391,-1.0375429330467709,-1.8798801661163345,-0.14898171392740203,-0.56315462816545103,0.77207597690760854,0,-0.024215443499455622,-0.0014244378529091543,0,-0.21936342934800976,-0.00035610946322728857,0.15929192374175152,12.623884956533807,26.138183754332033,0.19233394962716727,8.1684877355626444,-0.30347322856579484,-2.891702719290401e-16,12.633273804173818,25.924492601019239,-0.13009675796778741,8.1712977518075824,-0.34859036447115949,-4.4408920985006262e-16,12.662332336373165,25.925632151301567,-0.13009675796778741,8.2107831690902238,-0.34852626476777859,1,1.8307835762794629,1.7616246212198707,1,1,1
1785568449.6182244,1,1,0.99833233272875377,0.97398724213117505,0.057728272348690393,3,0,1,0,-0.70259120359496685,-1.03814333084896,-1.8799674967057438,-0.14898076468186497,-0.56823404103424813,0.77207645153037707,-0.00035610946322728857,-0.030269304374319527,-0.0046294230219547511,0.00035610946322728857,-0.23894944982551064,0,0.47787577122525454,12.942468804017309,25.945849804704867,-0.076933579850866907,8.2380336837756385,-0.43624276606333007,-9.086969458144134e-17,12.642306089419517,25.929751597406373,-0.13457161590882738,8.1846027526985647,-0.34907128396526438,0.00042733135587274629,12.678629254668699,25.933455135823937,-0.13469625422095693,8.2276136536671558,-0.34907128396526438,1,1.8307835762794629,1.7616246212198707,1,1,1
1785568449.6382246,1,1,0.99833233272875377,0.97398724213117505,0.057728272348690393,3,0,1,0,-0.70259120359496685,-1.0387456271422233,-1.8801359877885717,-0.1489812393046335,-0.57281889697823796,0.77207550228484001,0,-0.034186508469819701,-0.012107721749727811,0,-0.26280878386173895,-0.00035610946322728857,0,12.623884956533807,25.868916224853997,0,8.2696454784179085,-0.36669681785033542,-3.1781353807339152e-16,12.65147038696575,25.934876179937149,-0.13860431122741912,8.1965456517722419,-0.3494905140657934,-4.4408920985006262e-16,12.692494197129534,25.944562357336931,-0.13860431122741912,8.243851232867355,-0.34942641436241251,1,1.8307835762794629,1.7616246212198707,1,1,1
1785568449.6582246,1,1,0.99833233272875377,0.97398724213117505,0.057728272348690393,3,0,1,0,-0.70259215284050391,-1.0394926833798879,-1.8803899109697346,-0.1489812393046335,-0.57868096279233938,0.77207597690760854,0.00035610946322728857,-0.035967055785956145,-0.013888269065864253,0.00035610946322728857,-0.28168258541278524,0,0.15929192374175152,12.623884956533807,26.138183754332033,-0.076933579850866907,8.1684877355626444,-0.53740050891859503,4.233064094562311e-16,12.661699817981606,25.942329150639583,-0.14375254411715344,8.2117779673921696,-0.35001246671105324,-0.0004273313558723022,12.704860284924754,25.953439765892274,-0.14387718242928299,8.2624808327664709,-0.35001246671105324,1,1.8307835762794629,1.7616246212198707,1,1,1
1785568449.6782246,1,1,0.99833233272875377,0.97398724213117505,0.057728272348690393,3,0,1,0,-0.70259120359496685,-1.0402122114969778,-1.880724045398779,-0.14898076468186497,-0.58377461434419231,0.77207645153037707,0,-0.041308697734365477,-0.021010458330410025,0.00035610946322728857,-0.2770531623908305,0,0,13.738928422726067,26.138183754332033,0,8.3391914266309026,-0.40463097142105975,-2.7676970958123714e-16,12.671618137798379,25.949383798052875,-0.14821609011829295,8.2249375525969857,-0.35045137570093876,-4.4408920985006262e-16,12.721188575079617,25.966192164717203,-0.14834072843042251,8.2748071218273349,-0.35045137570093876,1,1.8307835762794629,1.7616246212198707,1,1,1
1785568449.6982245,1,1,0.99833233272875377,0.97398724213117505,0.057728272348690393,3,0,1,0,-0.70259120359496685,-1.0411519645786653,-1.8812228739285031,-0.14897934081355937,-0.58989155258499371,0.77207740077591414,0,-0.043089245050501913,-0.023147115109773755,0,-0.28773644628764916,-0.00035610946322728857,-0.75663663777331969,12.623884956533807,25.868916224853997,-0.26926752947803417,8.3075796319886326,-0.47417691963405439,9.9766928659400511e-17,12.68511980231785,25.957994675385486,-0.15356011098217948,8.2405584911393639,-0.35096323081105207,0,12.736826896378451,25.976512367473305,-0.15356011098217948,8.2923510514711403,-0.35089913110767118,1,1.8307835762794629,1.7616246212198707,1,1,1
1785568449.7182245,1,1,0.99833233272875377,0.97398724213117505,0.057728272348690393,3,0,1,0,-0.70259167821773538,-1.0420162526401564,-1.8815949781790298,-0.14897934081355937,-0.59558227957965604,0.77207740077591414,0,-0.045225901829865647,-0.014244378529091543,-0.00035610946322728857,-0.30020027750060424,0.00035610946322728857,0.15929192374175152,12.783176880275558,25.311147770935214,0,8.4719609641284386,-0.36669681785033542,-5.9678553331748985e-17,12.699200393022796,25.964260800960773,-0.15850556085855139,8.2546392499883154,-0.3514282539492169,0,12.753471475218635,25.975656303784046,-0.15838092254642183,8.3086752999384235,-0.35149235365259773,1,1.8307835762794629,1.7616246212198707,1,1,1
1785568449.7382245,1,1,0.99833233272875377,0.97398724213117505,0.057728272348690393,3,0,1,0,-0.70259215284050391,-1.0428715228690457,-1.8817425858600423,-0.1489812393046335,-0.60131382413241197,0.77207740077591414,0,-0.048074777535683955,-0.0017805473161364429,0,-0.32156684529424157,0,0.15929192374175152,12.942468804017309,25.676582275226831,-0.44236808414248474,8.5098951176991626,-0.36669681785033542,-1.6187816061566385e-16,12.71718307644112,25.966485899412319,-0.16344304221851258,8.2680540850338389,-0.35189806092247328,0,12.774872809483941,25.967910337265227,-0.16344304221851258,8.3259361171868029,-0.35189806092247322,1,1.8307835762794629,1.7616246212198707,1,1,1
1785568449.7582245,1,1,0.99833233272875377,0.97398724213117505,0.057728272348690393,3,0,1,0,-0.70259167821773538,-1.0438321593525484,-1.8817473320877276,-0.14898076468186497,-0.60810472670452453,0.7720769261531456,0,-0.046650339682774801,-0.00035610946322728857,0.00035610946322728857,-0.33367456704396936,0,0,12.623884956533807,26.234350729145618,-0.44236808414248474,8.4403491694861685,-0.30347322856579484,-8.2580291346431856e-16,12.739707674816504,25.966698225919878,-0.16924193706167956,8.283387487759887,-0.35245051153753926,-8.8817841970012523e-16,12.795688082435834,25.966983113490461,-0.16936657537380911,8.3434489098278011,-0.35245051153753926,1,1.8307835762794629,1.7616246212198707,1,1,1
1785568449.7782245,1,1,0.99833233272875377,0.97398724213117505,0.057728272348690393,3,0,1,0,-0.70259167821773538,-1.0447833033806804,-1.8817535021837184,-0.14897981543632791,-0.61512724518767925,0.77207645153037707,0,-0.047362558609229381,-0.00035610946322728857,0,-0.34827505503628819,0,0.31858384748350305,13.261052651500814,25.945849804704867,-0.26926752947803417,8.3708032212731744,-0.30347322856579484,-1.3576921704949729e-16,12.761509572821783,25.967372060991678,-0.17521358249876662,8.2990547582687242,-0.35300006654375526,0,12.818344643152859,25.967656948562261,-0.17521358249876662,8.3617442681752561,-0.35300006654375526,1,1.8307835762794629,1.7616246212198707,1,1,1
1785568449.7982244,1,1,0.99833233272875377,0.97398724213117505,0.057728272348690393,3,0,1,0,-0.70259215284050391,-1.0457178356119139,-1.8817729617172281,-0.1489812393046335,-0.62191245228656944,0.7720769261531456,0,-0.049143105925365825,-0.0010683283896818657,-0.00035610946322728857,-0.35290447805824299,0.00035610946322728857,0.47787577122525454,13.420344575242565,26.138183754332033,-0.26926752947803417,8.4087373748438985,-0.30347322856579484,-4.3137693937767008e-16,12.78326271777199,25.967663108670259,-0.18096135522087053,8.3138950342783975,-0.35351195609170749,-4.4408920985006262e-16,12.842234444882429,25.968517771382004,-0.18083671690874098,8.3774178403288815,-0.35357605579508838,1,1.8307835762794629,1.7616246212198707,1,1,1
1785568449.8182244,1,1,0.99833233272875377,0.97398724213117505,0.057728272348690393,3,0,1,0,-0.70259167821773538,-1.0468199096804383,-1.8817772333221447,-0.1489812393046335,-0.62971287748734306,0.7720769261531456,0.00035610946322728857,-0.053060310020865996,0.00071221892645457715,0,-0.36358776195506165,0.00035610946322728857,-0.27876086654806514,11.986717261566801,26.042016779518448,-0.076933579850866907,8.3075796319886326,-0.36669681785033542,-1.8165807399994627e-16,12.810109674534335,25.966779551912339,-0.18752019142107756,8.3304962803279103,-0.35408402088767937,-0.00042733135587274629,12.873782046559374,25.966209776771176,-0.18752019142107756,8.3959420774798215,-0.35414812059106021,1,1.8307835762794629,1.7616246212198707,1,1,1
1785568449.8382244,1,1,0.99833233272875377,0.97398724213117505,0.057728272348690393,3,0,1,0,-0.70259167821773538,-1.0477971579608394,-1.8817843526636728,-0.14897981543632791,-0.63640743163744429,0.7720769261531456,0.00035610946322728857,-0.051991981631184132,-0.00071221892645457715,0.00035610946322728857,-0.37177827960928927,0,0,12.783176880275558,26.599785233437235,-0.076933579850866907,8.4403491694861685,-0.36669681785033542,-1.6866120045727628e-17,12.834687246710514,25.965185530275306,-0.19310875324788779,8.3443830637116889,-0.35456099060730079,-0.00042733135587274629,12.897077624667935,25.965755305416469,-0.19323339156001734,8.4113031540413612,-0.35456099060730073,1,1.8307835762794629,1.7616246212198707,1,1,1
1785568449.8582244,1,1,0.99833233272875377,0.97398724213117505,0.057728272348690393,3,0,1,0,-0.70259167821773538,-1.0488731277770946,-1.8817895735141266,-0.14897886619079087,-0.64459325052626348,0.77207787539868267,0,-0.052348091094411422,0,0,-0.37711992155769858,0,0.31858384748350305,12.783176880275558,25.772749250040416,0.096166974813583633,8.4719609641284386,-0.40463097142105975,-1.4607591395168762e-16,12.860245780892502,25.964888436003754,-0.19992629924782623,8.3612499370557405,-0.35510986091795699,0,12.923063490205795,25.964888436003754,-0.19992629924782623,8.4291315229361263,-0.35510986091795693,1,1.8307835762794629,1.7616246212198707,1,1,1
1785568449.8782246,1,1,0.99833233272875377,0.97398724213117505,0.057728272348690393,3,0,1,0,-0.70259167821773538,-1.0498992622026542,-1.8817976421011917,-0.14897981543632791,-0.65158444390669523,0.77207740077591414,0,-0.052704200557638706,0.00035610946322728857,-0.00035610946322728857,-0.38424211082224435,-0.00035610946322728857,-0.27876086654806514,12.783176880275558,25.484248325599665,-0.076933579850866907,8.3391914266309026,-0.40463097142105975,-3.0831999280056532e-16,12.886773610807438,25.962412707771406,-0.20569912838092475,8.3750926651582827,-0.3555650726029328,-4.4408920985006262e-16,12.950018651476604,25.962127820200823,-0.20557449006879519,8.4442562451062866,-0.3555009728995519,1,1.8307835762794629,1.7616246212198707,1,1,1
1785568449.8982246,1,1,0.99833233272875377,0.97398724213117505,0.057728272348690393,3,0,1,0,-0.70259262746327245,-1.0510193719363825,-1.8817957436101176,-0.14898171392740203,-0.65944704469014614,0.7720769261531456,0,-0.056621404653138883,0,0,-0.38744709599128996,0,0,13.420344575242565,26.407451283810069,0,8.5098951176991626,-0.40463097142105975,-5.2478095653729628e-16,12.915761769563886,25.959637764688619,-0.21215938176091065,8.3903525459557908,-0.35605167283112282,-4.4408920985006262e-16,12.983707455147654,25.959637764688619,-0.21215938176091065,8.4600930232342222,-0.35605167283112282,1,1.8307835762794629,1.7616246212198707,1,1,1
1785568449.9182246,1,1,0.99833233272875377,0.97398724213117505,0.057728272348690393,3,0,1,0,-0.70259262746327245,-1.0522083019715476,-1.8817971674784231,-0.14898171392740203,-0.66741975795589592,0.7720769261531456,0,-0.058401951969275327,-0.00035610946322728857,0,-0.38887153384419909,0,0.63716769496700609,12.783176880275558,25.21498079612163,0.096166974813583633,8.5098951176991626,-0.30347322856579484,-6.8123133002695457e-16,12.947668093259345,25.955502559676468,-0.21865250843959783,8.4053359495677604,-0.35652981920529475,-8.8817841970012523e-16,13.017750435622476,25.955787447247051,-0.21865250843959783,8.4753328256597165,-0.3565298192052947,1,1.8307835762794629,1.7616246212198707,1,1,1
1785568449.9382246,1,1,0.99833233272875377,0.97398724213117505,0.057728272348690393,3,0,1,0,-0.70259215284050391,-1.0533592621852303,-1.8818095076704049,-0.14898076468186497,-0.67507257547565702,0.7720769261531456,0,-0.059826389822184481,-0.00035610946322728857,0.00035610946322728857,-0.39919870827779047,0,0,13.101760727759062,26.234350729145618,0.38466789925433453,8.4719609641284386,-0.43624276606333007,-5.8465602151280827e-17,12.978852297008293,25.951146209508352,-0.22484126988422792,8.4193580372050203,-0.3569673971386928,0,13.050643964794915,25.951431097078935,-0.22496590819635748,8.4912138046950218,-0.35696739713869274,1,1.8307835762794629,1.7616246212198707,1,1,1
1785568449.9582245,1,1,0.99833233272875377,0.97398724213117505,0.057728272348690393,3,0,1,0,-0.70259262746327245,-1.05451449400383,-1.8818095076704049,-0.14898171392740203,-0.68275244649322431,0.7720769261531456,0,-0.060894718211866344,0,0.00035610946322728857,-0.38958375277065371,0,-0.11946894280631364,12.942468804017309,26.50361825862365,-0.53853505895606835,8.5415069123414327,-0.36669681785033542,-1.1165927123885089e-16,13.010732086207891,25.946148547807084,-0.23101430292903158,8.4330447788898653,-0.35738389374155843,0,13.083805748062131,25.946148547807084,-0.23113894124116113,8.5031698543885827,-0.35738389374155843,1,1.8307835762794629,1.7616246212198707,1,1,1
1785568449.9782245,1,1,0.99833233272875377,0.97398724213117505,0.057728272348690393,3,0,1,0,-0.70259262746327245,-1.0557959754788582,-1.8818057106882566,-0.14898361241847616,-0.69088368376366271,0.77207645153037707,0,-0.062319156064775498,0,-0.00035610946322728857,-0.39599372310874487,0,0,13.101760727759062,25.868916224853997,0,8.5731187069837027,-0.3350850232080651,1.7435326186282518e-16,13.047324527766504,25.93931879052133,-0.23749382569370547,8.4470261530632236,-0.35780700096443874,0,13.122107515044235,25.93931879052133,-0.23736918738157592,8.5183050232227977,-0.35780700096443874,1,1.8307835762794629,1.7616246212198707,1,1,1
1785568449.9982245,1,1,0.99833233272875377,0.97398724213117505,0.057728272348690393,3,0,1,0,-0.70259215284050391,-1.057020502221663,-1.8818080838020992,-0.14898266317293909,-0.69841262474083787,0.7720769261531456,0.00035610946322728857,-0.062675265528002788,-0.00035610946322728857,0,-0.38958375277065371,0.00035610946322728857,0,13.261052651500814,26.234350729145618,-0.076933579850866907,8.5731187069837027,-0.36669681785033542,-6.8648971056350927e-16,13.082993074796683,25.932028854567253,-0.24343625103671052,8.4595623873859704,-0.35818585884232895,-0.00042733135587363447,13.158203393430286,25.932313742137836,-0.24343625103671052,8.5296874628846879,-0.35824995854570979,1,1.8307835762794629,1.7616246212198707,1,1,1
1785568450.0182245,1,1,0.99833233272875377,0.97398724213117505,0.057728272348690393,3,0,1,0,-0.70259262746327245,-1.0583622607882943,-1.8818095076704049,-0.14898218855017056,-0.70687609794924644,0.7720769261531456,0,-0.061963046601548208,-0.00035610946322728857,0,-0.38709098652806267,0,-0.11946894280631364,13.261052651500814,26.042016779518448,-0.26926752947803417,8.5731187069837027,-0.26553907499507046,-1.6263032587282567e-18,13.122083234004883,25.923967938249902,-0.25007578825059751,8.4733130589005938,-0.35858131773836244,0,13.196438889926741,25.924252825820485,-0.25007578825059751,8.5429894364756453,-0.35858131773836244,1,1.8307835762794629,1.7616246212198707,1,1,1
1785568450.0382245,1,1,0.99833233272875377,0.97398724213117505,0.057728272348690393,3,0,1,0,-0.70259215284050391,-1.0595132210019771,-1.8818118807842474,-0.14898266317293909,-0.71399211711780142,0.77207645153037707,0,-0.062319156064775498,0,0,-0.38887153384419909,0,0.31858384748350305,13.101760727759062,25.21498079612163,-0.26926752947803417,8.5415069123414327,-0.3350850232080651,3.9495452264573516e-16,13.156178382734495,25.916433982700298,-0.25561495315977512,8.4845039517425,-0.35889479250512263,4.4408920985006262e-16,13.230961370012226,25.916433982700298,-0.25561495315977512,8.5545008278344561,-0.35889479250512257,1,1.8307835762794629,1.7616246212198707,1,1,1
1785568450.0582244,1,1,0.99833233272875377,0.97398724213117505,0.057728272348690393,3,0,1,0,-0.70259310208604098,-1.0607306284032538,-1.8818090330476362,-0.14898408704124469,-0.72151583724452262,0.77207550228484001,0,-0.063031374991230071,0.00035610946322728857,-0.00035610946322728857,-0.39065208116033556,-0.00035610946322728857,-0.27876086654806514,13.261052651500814,25.868916224853997,-0.076933579850866907,8.4087373748438985,-0.43624276606333007,-1.7919151405754175e-16,13.192660643437865,25.907993126626941,-0.261431890663407,8.4959972553999954,-0.35920534302756835,0,13.268298293427341,25.907708239056358,-0.26130725235127744,8.566314630008856,-0.35914124332418745,1,1.8307835762794629,1.7616246212198707,1,1,1
1785568450.0782244,1,1,0.99833233272875377,0.97398724213117505,0.057728272348690393,3,0,1,0,-0.70259357670880951,-1.0621426311396276,-1.8817995405922656,-0.14898361241847616,-0.72991286326533722,0.77207597690760854,0,-0.066592469623502959,0.00035610946322728857,0.00035610946322728857,-0.38032490672674418,0,0,13.101760727759062,25.868916224853997,-0.36543450429161783,8.6110528605544285,-0.3350850232080651,-2.308876288943662e-16,13.236031984395485,25.897076882208424,-0.2678541185572364,8.5083313513416279,-0.35954101080874828,-4.4408920985006262e-16,13.315942947943688,25.896791994637841,-0.26797875686936595,8.5767898345524411,-0.35954101080874823,1,1.8307835762794629,1.7616246212198707,1,1,1
1785568450.0982244,1,1,0.99833233272875377,0.97398724213117505,0.057728272348690393,3,0,1,0,-0.70259215284050391,-1.0634416736570913,-1.8818061853110251,-0.14898361241847616,-0.73736871233615886,0.77207550228484001,-0.00035610946322728857,-0.066948579086730256,-0.00035610946322728857,0,-0.38637876760160811,-0.00035610946322728857,-1.0752204852568228,13.261052651500814,26.234350729145618,-0.076933579850866907,8.6110528605544285,-0.36669681785033542,-4.7893275716831551e-16,13.276432087948756,25.886460071212689,-0.27350409535991205,8.5188885991358099,-0.35982062855345587,0.0004273313558723022,13.356770382852831,25.886744958783272,-0.27350409535991205,8.5884367773040999,-0.35975652885007497,1,1.8307835762794629,1.7616246212198707,1,1,1
1785568450.1182244,1,1,0.99833233272875377,0.97398724213117505,0.057728272348690393,3,0,1,0,-0.70259262746327245,-1.0647663458040557,-1.8818133046525531,-0.14898361241847616,-0.74482076442483225,0.77207550228484001,0,-0.069441345329321266,-0.00035610946322728857,0,-0.38032490672674418,0,-0.43805279028981664,13.261052651500814,25.945849804704867,0,8.6742764498389686,-0.36669681785033542,-2.9830467523223048e-16,13.318167536229886,25.875027781433605,-0.27910197169521056,8.5290783190043111,-0.36008517733443601,-4.4408920985006262e-16,13.401497150625072,25.875312669004188,-0.27910197169521056,8.5975368022151244,-0.36008517733443601,1,1.8307835762794629,1.7616246212198707,1,1,1
1785568450.1382246,1,1,0.99833233272875377,0.97398724213117505,0.057728272348690393,3,0,1,0,-0.70259215284050391,-1.0661389548506415,-1.8818066599337937,-0.14898408704124469,-0.75236346946229471,0.77207502766207148,0,-0.072290221035139574,0,-0.00035610946322728857,-0.38922764330742643,0,0,13.89822034646782,25.580415300413247,-0.26926752947803417,8.6426646551966986,-0.40463097142105975,-4.4883937061826473e-16,13.362243697494719,25.862285764213432,-0.28471248198816734,8.5389981925777239,-0.36033898835500905,-4.4408920985006262e-16,13.448991962736887,25.862285764213432,-0.28458784367603779,8.6090591683730597,-0.36033898835500899,1,1.8307835762794629,1.7616246212198707,1,1,1
1785568450.1582246,1,1,0.99833233272875377,0.97398724213117505,0.057728272348690393,3,0,1,0,-0.70259215284050391,-1.067692395172037,-1.8818014390833397,-0.14898408704124469,-0.76062427874854155,0.77207502766207148,0.00035610946322728857,-0.074070768351276017,-0.00035610946322728857,-0.00035610946322728857,-0.38139323511642603,0,-0.43805279028981664,13.579636498984316,25.580415300413247,-0.44236808414248474,8.5731187069837027,-0.36669681785033542,-2.8860784205206325e-16,13.412837504563075,25.847064215026194,-0.2907906107497058,8.5494234194879581,-0.36060353208441193,-0.00042733135587319038,13.501722426584607,25.847349102596777,-0.29066597243757625,8.6180742018089145,-0.36060353208441187,1,1.8307835762794629,1.7616246212198707,1,1,1
1785568450.1782246,1,1,0.99833233272875377,0.97398724213117505,0.057728272348690393,3,0,1,0,-0.70259262746327245,-1.069021338923918,-1.8818019137061084,-0.14898313779570763,-0.76759316485885243,0.77207550228484001,-0.00035610946322728857,-0.07122189264545771,0,0,-0.37498326477833488,0,0.31858384748350305,13.101760727759062,25.868916224853997,-0.44236808414248474,8.3708032212731744,-0.36669681785033542,-2.1305927942055769e-16,13.456445205198223,25.833639577701241,-0.29586842514559952,8.5579022968914327,-0.36081274438328736,0.00042733135587274629,13.541911476372773,25.833639577701241,-0.29586842514559952,8.6253992845515324,-0.36081274438328736,1,1.8307835762794629,1.7616246212198707,1,1,1
1785568450.1982245,1,1,0.99833233272875377,0.97398724213117505,0.057728272348690393,3,0,1,0,-0.70259167821773538,-1.0704969411112746,-1.8818061853110251,-0.14898076468186497,-0.77553740075849043,0.77207597690760854,-0.00035610946322728857,-0.065524141233821095,0.00035610946322728857,0.00035610946322728857,-0.36073888624924333,0,-0.27876086654806514,12.464593032792056,26.311284308996484,-0.53853505895606835,8.5415069123414327,-0.3350850232080651,-4.7854651014436755e-16,13.50482285009841,25.818693219309409,-0.30161590365072422,8.5672935004099386,-0.36102556242214334,0.0004273313558723022,13.583451819578995,25.818408331738826,-0.30174054196285377,8.6322264999348022,-0.36102556242214334,1,1.8307835762794629,1.7616246212198707,1,1,1
1785568450.2182245,1,1,0.99833233272875377,0.97398724213117505,0.057728272348690393,3,0,1,0,-0.70259120359496685,-1.071758013807256,-1.8818038121971825,-0.14898029005909644,-0.78283852280677158,0.7720769261531456,0.00035610946322728857,-0.065524141233821095,0,0,-0.35504113483760669,0.00035610946322728857,0.15929192374175152,13.738928422726067,25.580415300413247,-0.076933579850866907,8.5415069123414327,-0.3350850232080651,-7.8240094524700821e-16,13.545899641949585,25.806123026549585,-0.30688523689427372,8.5757184220873004,-0.36118613762553486,-0.00042733135587363447,13.62452861143017,25.806123026549585,-0.30688523689427372,8.6396258263580687,-0.36125023732891576,1,1.8307835762794629,1.7616246212198707,1,1,1
1785568450.2382245,1,1,0.99833233272875377,0.97398724213117505,0.057728272348690393,3,0,1,0,-0.70259120359496685,-1.0730556324564142,-1.8817890988913581,-0.14898029005909644,-0.78923881084038483,0.7720769261531456,-0.00035610946322728857,-0.06801690747641212,0.00035610946322728857,0,-0.34222119416142432,-0.00035610946322728857,-0.27876086654806514,13.420344575242565,25.407314745748799,0.19233394962716727,8.6426646551966986,-0.26553907499507046,-4.7637810579939655e-16,13.590016086804322,25.79127869568001,-0.31140905447284628,8.5825988845438133,-0.36134468088205357,0.0004273313558723022,13.671636375776016,25.790993808109427,-0.31140905447284628,8.6441986994928701,-0.36128058117867262,1,1.8307835762794629,1.7616246212198707,1,1,1
1785568450.2582245,1,1,0.99833233272875377,0.97398724213117505,0.057728272348690393,3,0,1,0,-0.70259120359496685,-1.0744244445208517,-1.8817924212507378,-0.14898029005909644,-0.79609188899517458,0.77207740077591414,0,-0.072290221035139574,-0.00035610946322728857,0,-0.33118180080137838,0,0.31858384748350305,14.216804193951322,25.118813821308045,-0.36543450429161783,8.5731187069837027,-0.40463097142105975,-3.4185572124825758e-16,13.636317562686024,25.775774680513734,-0.31622662527770706,8.5897663181938331,-0.36149359118327767,-4.4408920985006262e-16,13.723065827928192,25.776059568084317,-0.31622662527770706,8.6493790423380812,-0.36149359118327762,1,1.8307835762794629,1.7616246212198707,1,1,1
1785568450.2782245,1,1,0.99833233272875377,0.97398724213117505,0.057728272348690393,3,0,1,0,-0.70259120359496685,-1.0759332703020055,-1.881796218232886,-0.14898076468186497,-0.80241149115813792,0.77207740077591414,0.00035610946322728857,-0.075495206204185178,-0.00035610946322728857,0,-0.31978629797810515,0,0.31858384748350305,14.216804193951322,26.311284308996484,-0.076933579850866907,8.5415069123414327,-0.43624276606333007,-5.6615004568119631e-16,13.688972722978408,25.756979317375638,-0.32055949046541465,8.5958708491718792,-0.36165946916597391,-0.00042733135587319038,13.77956697042343,25.757264204946221,-0.32055949046541465,8.6534323828079387,-0.36165946916597391,1,1.8307835762794629,1.7616246212198707,1,1,1
1785568450.2982244,1,1,0.99833233272875377,0.97398724213117505,0.057728272348690393,3,0,1,0,-0.7025902543494299,-1.0775128148756699,-1.8818033375744139,-0.14897934081355937,-0.80867129085226652,0.7720769261531456,0,-0.079768519762912632,0.00035610946322728857,0,-0.30447359105933175,0,-0.59734471403156819,13.579636498984316,26.311284308996484,-0.36543450429161783,8.5731187069837027,-0.40463097142105975,-1.0415117119438877e-17,13.744586534075966,25.736713340912509,-0.32478226334750471,8.6016346347238937,-0.36182820906546714,0,13.84030875779146,25.736428453341926,-0.32478226334750471,8.656439881114574,-0.36182820906546709,1,1.8307835762794629,1.7616246212198707,1,1,1
1785568450.3182244,1,1,0.99833233272875377,0.97398724213117505,0.057728272348690393,3,0,1,0,-0.7025902543494299,-1.079185385511966,-1.8817990659694972,-0.14897696769971674,-0.81493251441470071,0.7720769261531456,-0.00035610946322728857,-0.080836848152594509,0.00071221892645457715,0.00035610946322728857,-0.3108835613974229,-0.00035610946322728857,0.15929192374175152,13.738928422726067,25.868916224853997,-0.26926752947803417,8.6426646551966986,-0.36669681785033542,-6.89193439731145e-16,13.804211905582582,25.714414162256467,-0.32893304275752577,8.6071032587420344,-0.36200662505934611,0.00042733135587185811,13.901216123365696,25.713844387115305,-0.32905768106965533,8.6630622997935713,-0.36194252535596522,1,1.8307835762794629,1.7616246212198707,1,1,1
1785568450.3382244,1,1,0.99833233272875377,0.97398724213117505,0.057728272348690393,3,0,1,0,-0.7025902543494299,-1.0807943566972791,-1.8817947943645805,-0.14897554383141115,-0.82068541699204045,0.77207740077591414,0,-0.083329614395185519,0,0,-0.29272197877283118,0,0.31858384748350305,14.694679965176578,25.945849804704867,-0.53853505895606835,8.6742764498389686,-0.40463097142105975,2.631900773708562e-16,13.861956819554148,25.6924702232538,-0.332693275848293,8.6118951502915237,-0.36217454735761168,4.4408920985006262e-16,13.961952356828371,25.6924702232538,-0.332693275848293,8.6645851064706338,-0.36217454735761168,1,1.8307835762794629,1.7616246212198707,1,1,1
1785568450.3582244,1,1,0.99833233272875377,0.97398724213117505,0.057728272348690393,3,0,1,0,-0.7025888304811243,-1.0824337037397782,-1.8817943197418119,-0.14897506920864262,-0.82640272286174044,0.7720783500214512,0.00035610946322728857,-0.086178490101003827,0,0,-0.29806362072124054,0,0,13.738928422726067,25.945849804704867,-0.44236808414248474,8.8133683462649568,-0.36669681785033542,5.6148120007593061e-17,13.920958217470744,25.669837045988952,-0.33638981615423624,8.6164752175096737,-0.36233950428774009,-0.00042733135587274629,14.024372405591949,25.669837045988952,-0.33638981615423624,8.6701266692394974,-0.36233950428774009,1,1.8307835762794629,1.7616246212198707,1,1,1
1785568450.3782246,1,1,0.99833233272875377,0.97398724213117505,0.057728272348690393,3,0,1,0,-0.70258930510389284,-1.0841470919341678,-1.8817938451190435,-0.14897317071756852,-0.83206876947243935,0.77207882464421973,-0.00035610946322728857,-0.090451803659731295,0,0.00035610946322728857,-0.28203869487601252,0,0,13.579636498984316,26.234350729145618,-0.53853505895606835,8.6426646551966986,-0.30347322856579484,-2.1506505343965587e-16,13.982998931479322,25.645691389965158,-0.33998540350052175,8.6207910511008148,-0.36251247524767044,0.00042733135587274629,14.091541095870999,25.645691389965158,-0.34011004181265131,8.6715580161784978,-0.36251247524767038,1,1.8307835762794629,1.7616246212198707,1,1,1
1785568450.3982246,1,1,0.99833233272875377,0.97398724213117505,0.057728272348690393,3,0,1,0,-0.70258835585835577,-1.0860327681935333,-1.8817938451190435,-0.14897127222649439,-0.8377324429692955,0.77207929926698826,0,-0.093300679365549602,0.00035610946322728857,0.00035610946322728857,-0.26458933117787542,0,-0.11946894280631364,14.853971888918329,25.118813821308045,-0.26926752947803417,8.4403491694861685,-0.36669681785033542,-1.2935209544109871e-16,14.051850799640677,25.618407143097823,-0.34348825740842059,8.6248147916924047,-0.36271071468565874,0,14.163811614879336,25.61812225552724,-0.34361289572055015,8.6724408713044223,-0.36271071468565874,1,1.8307835762794629,1.7616246212198707,1,1,1
1785568450.4182246,1,1,0.99833233272875377,0.97398724213117505,0.057728272348690393,3,0,1,0,-0.70258788123558724,-1.0879089519975285,-1.8817914720052007,-0.14897079760372586,-0.8426675705164598,0.77207977388975679,0,-0.098642321313958933,0,0,-0.23894944982551064,0,0.47787577122525454,14.376096117693073,25.868916224853997,-0.53853505895606835,8.6742764498389686,-0.30347322856579484,-3.2304481355563408e-16,14.121031710058558,25.590441771943908,-0.34643655120466665,8.628013380413071,-0.36292215660237842,-4.4408920985006262e-16,14.239402495635309,25.590441771943908,-0.34643655120466665,8.671024281381662,-0.36292215660237837,1,1.8307835762794629,1.7616246212198707,1,1,1
1785568450.4382246,1,1,0.99833233272875377,0.97398724213117505,0.057728272348690393,3,0,1,0,-0.70258740661281871,-1.0901719533578746,-1.8817900481368952,-0.14896889911265174,-0.84783858557958303,0.77207977388975679,0,-0.10825727682109572,0.00035610946322728857,0.00035610946322728857,-0.24072999714164708,0,0.47787577122525454,14.057512270209571,25.407314745748799,-0.26926752947803417,8.7122106034096927,-0.43624276606333007,-6.2063798111217094e-16,14.205088610637551,25.555906164082494,-0.34938717590344115,8.6310274242865805,-0.36319763496336632,-4.4408920985006262e-16,14.334997342822867,25.555621276511911,-0.3495118142155707,8.6743588237720779,-0.36319763496336632,1,1.8307835762794629,1.7616246212198707,1,1,1
1785568450.4582245,1,1,0.99833233272875377,0.97398724213117505,0.057728272348690393,3,0,1,0,-0.70258693199005018,-1.0923528449792652,-1.8817777079449134,-0.14896747524434617,-0.852442426434314,0.77207929926698826,0.00035610946322728857,-0.11609168501209607,0.0010683283896818657,0,-0.23253947948741943,-0.00035610946322728857,-0.59734471403156819,14.535388041434825,25.118813821308045,-0.076933579850866907,8.6110528605544285,-0.43624276606333007,-2.9161650308071052e-16,14.286547877812408,25.521979740474638,-0.35192432066768542,8.6335022336813072,-0.36347370559858971,-0.00042733135587319038,14.425857899826923,25.521125077762893,-0.35192432066768542,8.6753593399890434,-0.36340960589520882,1,1.8307835762794629,1.7616246212198707,1,1,1
1785568450.4782245,1,1,0.99833233272875377,0.97398724213117505,0.057728272348690393,3,0,1,0,-0.70258693199005018,-1.0946353058731211,-1.881762994639089,-0.14896605137604058,-0.8566665690742219,0.77207977388975679,0.00035610946322728857,-0.11929667018114166,-0.00035610946322728857,0.00035610946322728857,-0.21330956847314586,0.00035610946322728857,0,13.89822034646782,25.580415300413247,0,8.7438223980519627,-0.30347322856579484,-3.7035668585747028e-16,14.372228937522069,25.485838160616723,-0.35412736015216284,8.6354970869619034,-0.36378298109258461,-0.00042733135587319038,14.515384941739439,25.486123048187306,-0.35425199846429239,8.6738928092870697,-0.36384708079596545,1,1.8307835762794629,1.7616246212198707,1,1,1
1785568450.4982245,1,1,0.99833233272875377,0.97398724213117505,0.057728272348690393,3,0,1,0,-0.70258503349897605,-1.0970501865193965,-1.881756824543098,-0.14896320363942941,-0.86083423160467476,0.77207929926698826,0.00035610946322728857,-0.12713107837214202,0.00071221892645457715,0,-0.21330956847314586,0,-0.27876086654806514,15.610608526691648,25.407314745748799,-0.26926752947803417,8.6742764498389686,-0.36669681785033542,-4.6163295625359368e-16,14.462845855404218,25.447399560686172,-0.35621366159294687,8.637311435985314,-0.36411796752369002,-0.00042733135587319038,14.615403149450788,25.44682978554501,-0.35621366159294687,8.6757071583104803,-0.36411796752368997,1,1.8307835762794629,1.7616246212198707,1,1,1
1785568450.5182245,1,1,0.99833233272875377,0.97398724213117505,0.057728272348690393,3,0,1,0,-0.70258550812174458,-1.0997166172329922,-1.8817340426502087,-0.14896225439389235,-0.86507593528701821,0.77208072313529386,0,-0.1335410487102332,0.0014244378529091543,0,-0.19870908048082703,0.00035610946322728857,0.47787577122525454,14.694679965176578,25.041880241457179,-0.82703598339681927,8.7438223980519627,-0.36669681785033542,-1.9681657562400923e-16,14.563323536754513,25.404266952519954,-0.35823830673938362,8.6389527180018924,-0.36450421575762387,0,14.723572795206794,25.403127402237626,-0.35823830673938362,8.6747203524884409,-0.36456831546100471,1,1.8307835762794629,1.7616246212198707,1,1,1
1785568450.5382245,1,1,0.99833233272875377,0.97398724213117505,0.057728272348690393,3,0,1,0,-0.70258598274451312,-1.1024119999354682,-1.8816889534871986,-0.14896225439389235,-0.86847613280075975,0.77208167238083092,-0.00035610946322728857,-0.14315600421737001,-0.00035610946322728857,0.00035610946322728857,-0.1559759448935524,0,0.15929192374175152,15.451316602949897,25.676582275226831,-0.53853505895606835,8.5731187069837027,-0.26553907499507046,-2.0413494028828638e-16,14.665787179363495,25.359484992301496,-0.35963017576818279,8.6397975813371275,-0.36493047136746115,0.00042733135587274629,14.83757438442434,25.359769879872079,-0.35975481408031235,8.6678732514179675,-0.36493047136746115,1,1.8307835762794629,1.7616246212198707,1,1,1
1785568450.5582244,1,1,0.99833233272875377,0.97398724213117505,0.057728272348690393,3,0,1,0,-0.70258455887620752,-1.1056199752279556,-1.881690377355504,-0.14896177977112382,-0.87171116159105322,0.77208072313529386,0,-0.14814153670255203,0,0,-0.14208767582768814,-0.00035610946322728857,0.31858384748350305,14.853971888918329,25.118813821308045,-0.36543450429161783,8.5731187069837027,-0.43624276606333007,-1.0449676063686852e-16,14.787133292835264,25.306375226448548,-0.36070947906557149,8.6401320299885924,-0.36545561475467381,0,14.964903136878327,25.306375226448548,-0.36070947906557149,8.6657078116375761,-0.36539151505129291,1,1.8307835762794629,1.7616246212198707,1,1,1
1785568450.5782244,1,1,0.99833233272875377,0.97398724213117505,0.057728272348690393,3,0,1,0,-0.70258455887620752,-1.1085294127990382,-1.8816918012238097,-0.14896083052558676,-0.87427744690048947,0.77208072313529386,0,-0.15241485026127952,0.00035610946322728857,0,-0.12606274998246014,-0.00035610946322728857,-0.43805279028981664,14.535388041434825,24.657212342202847,-0.44236808414248474,8.5415069123414327,-0.36669681785033542,9.7849246066816775e-17,14.897240159263408,25.257790339902893,-0.36141192966553315,8.6401127851675366,-0.36594880090638288,0,15.080137979576943,25.25750545233231,-0.36141192966553315,8.6628040801643795,-0.36588470120300193,1,1.8307835762794629,1.7616246212198707,1,1,1
1785568450.5982244,1,1,0.99833233272875377,0.97398724213117505,0.057728272348690393,3,0,1,0,-0.70258455887620752,-1.1115802879551424,-1.881689428109967,-0.14896130514835529,-0.87677918351340567,0.77208072313529386,0.00035610946322728857,-0.15811260167291613,0,0,-0.12891162568827846,0,-0.59734471403156819,15.929192374175152,25.868916224853997,-0.44236808414248474,8.6110528605544285,-0.47417691963405439,-2.0736721801500879e-16,15.012688634058403,25.206484459303674,-0.36200390947206695,8.6399201587082306,-0.36647348874578828,-0.00042733135587274629,15.202423756065903,25.206484459303674,-0.36200390947206695,8.6631242513321212,-0.36647348874578822,1,1.8307835762794629,1.7616246212198707,1,1,1
1785568450.6182244,1,1,0.99833233272875377,0.97398724213117505,0.057728272348690393,3,0,1,0,-0.70258408425343899,-1.1148746445915021,-1.8816970220742635,-0.14896083052558676,-0.87933597636747118,0.77207977388975679,0,-0.16523479093746191,-0.0010683283896818657,0.00035610946322728857,-0.1185844512546871,0,-0.59734471403156819,15.01326381266008,25.407314745748799,-0.26926752947803417,8.8449801409072286,-0.43624276606333007,3.7542533101384001e-16,15.137023064973734,25.150978669231094,-0.36252313001055125,8.6395892723796717,-0.36704429233520053,4.4408920985006262e-16,15.335304814098688,25.151833331942839,-0.36264776832268081,8.6609344736055149,-0.36704429233520053,1,1.8307835762794629,1.7616246212198707,1,1,1
1785568450.6382246,1,1,0.99833233272875377,0.97398724213117505,0.057728272348690393,3,0,1,0,-0.70258360963067046,-1.1181191658371661,-1.8817074637751712,-0.14895940665728116,-0.88174895852267254,0.77207929926698826,-0.00035610946322728857,-0.16594700986391647,0.00035610946322728857,0,-0.13318493924700592,0,-0.11946894280631364,15.132732755466394,24.484111787538396,-0.73086900858323567,8.7438223980519627,-0.36669681785033542,-6.5962182547660286e-16,15.259244992482937,25.096107731651429,-0.36294164235269755,8.6391675648723147,-0.3676127201357049,0.0004273313558723022,15.458381404319637,25.095822844080846,-0.36294164235269755,8.6631408539367758,-0.3676127201357049,1,1.8307835762794629,1.7616246212198707,1,1,1
1785568450.6582246,1,1,0.99833233272875377,0.97398724213117505,0.057728272348690393,3,0,1,0,-0.70258360963067046,-1.1215872344068074,-1.8817012936791802,-0.14895988128004969,-0.88460381447537428,0.77207929926698826,-0.00035610946322728857,-0.17342530859168953,0,0,-0.13852658119541525,-0.00035610946322728857,-0.11946894280631364,15.292024679208145,25.407314745748799,-0.076933579850866907,8.6426646551966986,-0.3350850232080651,3.3378519132681861e-16,15.389706328667163,25.037169474426868,-0.36355687702455841,8.6389445213178959,-0.36821404524566431,0.00042733135587319038,15.597816698977191,25.037169474426868,-0.36355687702455841,8.6638793059330705,-0.36814994554228336,1,1.8307835762794629,1.7616246212198707,1,1,1
1785568450.6782246,1,1,0.99833233272875377,0.97398724213117505,0.057728272348690393,3,0,1,0,-0.70258313500790193,-1.1249940766393083,-1.8817112607573194,-0.14895940665728116,-0.88739032474940793,0.77207929926698826,0,-0.17556196537105326,-0.00071221892645457715,0,-0.1527709597245068,0,0,15.132732755466394,25.484248325599665,-0.44236808414248474,8.7438223980519627,-0.30347322856579484,1.8463962997428141e-16,15.517298531368727,24.979348234344677,-0.3641290476000637,8.6387196230381385,-0.36880472300234746,0,15.727972889813991,24.979918009485839,-0.3641290476000637,8.6662183957885492,-0.36880472300234746,1,1.8307835762794629,1.7616246212198707,1,1,1
1785568450.6982245,1,1,0.99833233272875377,0.97398724213117505,0.057728272348690393,3,0,1,0,-0.70258360963067046,-1.1285741561823224,-1.8817345172729774,-0.1489579827889756,-0.8908379845400024,0.77207929926698826,0,-0.17342530859168953,-0.00071221892645457715,0.00035610946322728857,-0.17627418429750785,0,0,15.769900450433399,25.21498079612163,-0.26926752947803417,8.9461378837624927,-0.3350850232080651,-2.1721990525747081e-16,15.650430534881592,24.919015268504459,-0.36505452795923521,8.6389649605646746,-0.36940719417363754,0,15.858540905191619,24.919585043645622,-0.36517916627136476,8.6706943137382257,-0.36940719417363754,1,1.8307835762794629,1.7616246212198707,1,1,1
1785568450.7182245,1,1,0.99833233272875377,0.97398724213117505,0.057728272348690393,3,0,1,0,-0.70258360963067046,-1.1320597857943993,-1.8817497052015701,-0.14895703354343853,-0.89456377327295478,0.77207929926698826,0,-0.16701533825359835,0,0,-0.18873801551046293,-0.00035610946322728857,0.31858384748350305,15.132732755466394,24.387944812724811,-0.53853505895606835,8.7122106034096927,-0.36669681785033542,-6.8268822669623197e-16,15.779587718050161,24.860233303854425,-0.36617117320660708,8.6395331597118634,-0.36998359264882397,-8.8817841970012523e-16,15.980006123954478,24.860233303854425,-0.36617117320660708,8.6735060025037463,-0.36991949294544307,1,1.8307835762794629,1.7616246212198707,1,1,1
1785568450.7382245,1,1,0.99833233272875377,0.97398724213117505,0.057728272348690393,3,0,1,0,-0.70258313500790193,-1.1353584140356756,-1.8817463828421905,-0.14895703354343853,-0.89831851399478746,0.77207929926698826,0,-0.1712886518123258,-0.00035610946322728857,0.00035610946322728857,-0.19087467228982666,-0.00035610946322728857,0,15.929192374175152,24.849546291830013,-0.44236808414248474,8.7438223980519627,-0.36669681785033542,-1.9260851594204986e-16,15.901679448981465,24.804288308100173,-0.36734658341517057,8.6402626231681783,-0.37052522239255742,0,16.107225831156256,24.804573195670756,-0.36747122172730012,8.6746200641803473,-0.37046112268917647,1,1.8307835762794629,1.7616246212198707,1,1,1
1785568450.7582245,1,1,0.99833233272875377,0.97398724213117505,0.057728272348690393,3,0,1,0,-0.70258313500790193,-1.1386532452948037,-1.8817587230341721,-0.14895655892067,-0.90213685416760314,0.77207929926698826,0,-0.16950810449618936,-0.0010683283896818657,0.00035610946322728857,-0.20369461296600905,0,-0.43805279028981664,15.929192374175152,24.118677283246775,-0.36543450429161783,8.7438223980519627,-0.36669681785033542,-5.0117245423142442e-16,16.023016048802418,24.748565066798587,-0.36853962484140823,8.6410635348602085,-0.37106257382085783,-4.4408920985006262e-16,16.226425774197846,24.749419729510333,-0.36866426315353779,8.6777285651940907,-0.37106257382085783,1,1.8307835762794629,1.7616246212198707,1,1,1
1785568450.7782245,1,1,0.99833233272875377,0.97398724213117505,0.057728272348690393,3,0,1,0,-0.70258313500790193,-1.1421592836859271,-1.8818000152150343,-0.14895513505236441,-0.90660115592838664,0.77207882464421973,0,-0.17164476127555309,-0.0021366567793637313,-0.00035610946322728857,-0.21865121042155519,0,-0.27876086654806514,15.929192374175152,24.753379317016428,-0.90396956324768618,8.6742764498389686,-0.43624276606333007,-2.7274460901588471e-17,16.151003927479618,24.689889391108338,-0.37004341566662713,8.6422942781661725,-0.37161575192809854,0,16.356977641010282,24.691598716531828,-0.36991877735449757,8.6816514960420523,-0.37161575192809848,1,1.8307835762794629,1.7616246212198707,1,1,1
1785568450.7982244,1,1,0.99833233272875377,0.97398724213117505,0.057728272348690393,3,0,1,0,-0.7025826603851334,-1.1455015772219082,-1.8817966928556547,-0.14895513505236441,-0.91084238498796155,0.77207929926698826,-0.00035610946322728857,-0.17235698020200765,0,0,-0.2364566835829196,0.00035610946322728857,-0.59734471403156819,15.451316602949897,24.195610863097645,-0.076933579850866907,8.8829142944779527,-0.36669681785033542,-3.924405288582844e-16,16.273523916684635,24.632990549550428,-0.37142092682455019,8.6434121722625825,-0.37215368431657025,0.0004273313558723022,16.480352292927044,24.632990549550428,-0.37142092682455019,8.6859743753075076,-0.37221778401995115,1,1.8307835762794629,1.7616246212198707,1,1,1
1785568450.8182244,1,1,0.99833233272875377,0.97398724213117505,0.057728272348690393,3,0,1,0,-0.7025826603851334,-1.1491082356399598,-1.8818061853110251,-0.14895466042959588,-0.91596119154654654,0.77207882464421973,-0.00035610946322728857,-0.17306919912846225,-0.00071221892645457715,0,-0.25889157976623878,0,0,16.725651992883908,25.407314745748799,-0.44236808414248474,8.7438223980519627,-0.43624276606333007,-4.1821065924554923e-16,16.404778597218822,24.572021486881475,-0.37321689506565114,8.6450941059064519,-0.37271136865626447,0.0004273313558723022,16.612461636172977,24.572591262022637,-0.37321689506565114,8.6916945902643743,-0.37271136865626442,1,1.8307835762794629,1.7616246212198707,1,1,1
1785568450.8382244,1,1,0.99833233272875377,0.97398724213117505,0.057728272348690393,3,0,1,0,-0.70258360963067046,-1.1524951437161826,-1.8818702593847765,-0.14895466042959588,-0.92121716408523635,0.77207929926698826,0,-0.17591807483428054,-0.0060538608748639056,0,-0.28666811789796731,0.00035610946322728857,0.63716769496700609,16.884943916625659,24.945713266643597,-0.44236808414248474,8.8133683462649568,-0.43624276606333007,-3.673073672473548e-16,16.526400425836158,24.515882994901354,-0.37517129149436812,8.6470809628950036,-0.3732076864077119,-4.4408920985006262e-16,16.737502115637295,24.520726083601243,-0.37517129149436812,8.6986812241166369,-0.37327178611109274,1,1.8307835762794629,1.7616246212198707,1,1,1
1785568450.8582244,1,1,0.99833233272875377,0.97398724213117505,0.057728272348690393,3,0,1,0,-0.7025826603851334,-1.1560818679779561,-1.8819865419630661,-0.14895418580682734,-0.92733600081711187,0.77207929926698826,0.00035610946322728857,-0.17342530859168953,-0.0067660798013184824,0,-0.30589802891224088,0,-0.11946894280631364,17.203527764109165,24.657212342202847,-0.44236808414248474,8.8449801409072286,-0.36669681785033542,-2.9422536455825377e-16,16.653616564128143,24.45746887250764,-0.3775565149591511,8.6496461383878458,-0.37370020808214172,-0.00042733135587319038,16.86172693443817,24.462881736348695,-0.3775565149591511,8.704707783592049,-0.37370020808214166,1,1.8307835762794629,1.7616246212198707,1,1,1
1785568450.8782246,1,1,0.99833233272875377,0.97398724213117505,0.057728272348690393,3,0,1,0,-0.7025826603851334,-1.1594868117193828,-1.8821650001240331,-0.14894943957914206,-0.93330770449074341,0.77207977388975679,0,-0.1773425126871897,-0.010683283896818658,0,-0.31195188978710481,0,-0.59734471403156819,17.522111611592667,24.387944812724811,0,8.7817565516226868,-0.40463097142105975,-6.4197643511940128e-16,16.772743570573244,24.403125273325742,-0.37988241732624051,8.6522077172665401,-0.37414970401821923,-4.4408920985006262e-16,16.985554585797871,24.411671900443196,-0.37988241732624051,8.7083590574282184,-0.37414970401821923,1,1.8307835762794629,1.7616246212198707,1,1,1
1785568450.8982246,1,1,0.99833233272875377,0.97398724213117505,0.057728272348690393,3,0,1,0,-0.70258360963067046,-1.1628760929094484,-1.8823339658296294,-0.14894801571083646,-0.93940470857526659,0.77208024851252532,0,-0.17271308966523496,-0.0067660798013184824,0.00035610946322728857,-0.32156684529424157,0,0,16.407068145400405,24.022510308433194,-0.82703598339681927,8.7817565516226868,-0.3350850232080651,-8.6173743921863499e-17,16.891132411875599,24.348744485688734,-0.38224903983208169,8.6548040948192373,-0.37458663753086685,0,17.098388119473881,24.354157349529789,-0.38237367814421125,8.7126861269722014,-0.37458663753086685,1,1.8307835762794629,1.7616246212198707,1,1,1
1785568450.9182246,1,1,0.99833233272875377,0.97398724213117505,0.057728272348690393,3,0,1,0,-0.70258313500790193,-1.1666474454281794,-1.882443129066391,-0.14894896495637353,-0.94634938892438258,0.77208167238083092,0,-0.17306919912846225,-0.0067660798013184824,0,-0.33189401972783295,0,-0.11946894280631364,17.04423584036741,25.041880241457179,-0.36543450429161783,8.8449801409072286,-0.40463097142105975,-5.0243961552051686e-16,17.023952551263825,24.286622655377375,-0.38489315762986764,8.657676197019029,-0.37507834273373319,-4.4408920985006262e-16,17.23163559021798,24.29203551921843,-0.38489315762986764,8.7174171205700386,-0.37507834273373319,1,1.8307835762794629,1.7616246212198707,1,1,1
1785568450.9382246,1,1,0.99833233272875377,0.97398724213117505,0.057728272348690393,3,0,1,0,-0.70258313500790193,-1.169784701928156,-1.8826329781738027,-0.14894849033360499,-0.95300977023514966,0.77208119775806239,0,-0.16843977610650748,-0.010327174433591369,0,-0.34578228879369721,0,0.63716769496700609,16.725651992883908,23.926343333619609,-0.44236808414248474,8.9461378837624927,-0.47417691963405439,-3.406969801764137e-16,17.131854166648829,24.237030150331158,-0.38760972071410993,8.6606979379547866,-0.37542031600493464,-4.4408920985006262e-16,17.333981897976638,24.245291889878033,-0.38760972071410993,8.7229387499376525,-0.37542031600493464,1,1.8307835762794629,1.7616246212198707,1,1,1
1785568450.9582245,1,1,0.99833233272875377,0.97398724213117505,0.057728272348690393,3,0,1,0,-0.70258408425343899,-1.1730425126113389,-1.8828645940848447,-0.14894611721976236,-0.95930753975076055,0.77208119775806239,0,-0.16594700986391647,-0.016024925845227987,0,-0.3461383982569245,0,0,17.681403535334418,24.022510308433194,-0.73086900858323567,8.7438223980519627,-0.43624276606333007,7.5745074275268554e-17,17.24342787127668,24.185547698562583,-0.39000995257743276,8.6633038114965775,-0.37579413095418707,0,17.442564283113381,24.198367639238764,-0.39000995257743276,8.7256087231828232,-0.37579413095418701,1,1.8307835762794629,1.7616246212198707,1,1,1
1785568450.9782245,1,1,0.99833233272875377,0.97398724213117505,0.057728272348690393,3,0,1,0,-0.70258360963067046,-1.1765979117703895,-1.8833434884582905,-0.1489451679742253,-0.96664615699775558,0.77208309624913651,0,-0.16523479093746191,-0.024927662425910199,0,-0.32940125348524191,0.00071221892645457715,0,16.407068145400405,24.291777837911226,-0.26926752947803417,8.5098951176991626,-0.20231548571052987,-6.5709427916199603e-17,17.360483222378392,24.13344728022431,-0.39295521054628524,8.6664743501587367,-0.37612395283740929,0,17.558764971503347,24.153389410165037,-0.39295521054628524,8.7257665757860803,-0.37625215224417113,1,1.8307835762794629,1.7616246212198707,1,1,1
1785568450.9982245,1,1,0.99833233272875377,0.97398724213117505,0.057728272348690393,3,0,1,0,-0.7025826603851334,-1.1798841998196841,-1.8838171619812825,-0.14894421872868824,-0.97302081540186813,0.77208452011744211,0,-0.16915199503296208,-0.02742042866850122,0.00035610946322728857,-0.32690848724265092,0.00035610946322728857,0.79645961870875759,17.681403535334418,24.291777837911226,-0.076933579850866907,8.7438223980519627,-0.3350850232080651,-4.9106904523657513e-16,17.468089958254645,24.085386177863615,-0.39539299386479471,8.6690263798560547,-0.37643555132338752,-4.4408920985006262e-16,17.6710723522942,24.107322520798416,-0.39551763217692426,8.7278699075597324,-0.37649965102676836,1,1.8307835762794629,1.7616246212198707,1,1,1
1785568451.0182245,1,1,0.99833233272875377,0.97398724213117505,0.057728272348690393,3,0,1,0,-0.70258360963067046,-1.1832635139316103,-1.8843995241182674,-0.14894089636930855,-0.97975001701407194,0.77208404549467358,0,-0.16416646254778003,-0.029200975984637664,0,-0.32156684529424157,0,0.31858384748350305,18.159279306559672,23.926343333619609,-0.36543450429161783,8.7817565516226868,-0.30347322856579484,4.2758223177397081e-17,17.576649322555404,24.037532840504266,-0.39797939085267814,8.671687317935536,-0.37671810693450464,0,17.773649077612742,24.060893621291974,-0.39797939085267814,8.7295693500885001,-0.37671810693450458,1,1.8307835762794629,1.7616246212198707,1,1,1
1785568451.0382245,1,1,0.99833233272875377,0.97398724213117505,0.057728272348690393,3,0,1,0,-0.70258360963067046,-1.1865104082911171,-1.8849510357752981,-0.14893994712377148,-0.98601266444481173,0.77208404549467358,-0.00035610946322728857,-0.16665922879037104,-0.02742042866850122,0,-0.32049851690455972,0,-0.11946894280631364,18.159279306559672,23.830176358806025,-0.36543450429161783,8.8133683462649568,-0.30347322856579484,-5.0676287168330281e-16,17.680974943121939,23.991081550324665,-0.40030100894085591,8.6739988848140488,-0.37699482711711502,0.0004273313558723022,17.880966017670385,24.013017893259466,-0.40030100894085591,8.7316886178568698,-0.37699482711711496,1,1.8307835762794629,1.7616246212198707,1,1,1
1785568451.0582244,1,1,0.99833233272875377,0.97398724213117505,0.057728272348690393,3,0,1,0,-0.70258313500790193,-1.1899395577937388,-1.885587979530664,-0.14893994712377148,-0.992430038898092,0.77208499474021064,0,-0.1680836666432802,-0.033474289543365128,0,-0.30055638696383152,0,0,17.840695459076169,24.022510308433194,-0.53853505895606835,8.6742764498389686,-0.30347322856579484,-3.2729353081906165e-18,17.789966386927333,23.942697628204137,-0.402618758121564,8.6762389860266431,-0.37728013401671628,0,17.99166678689927,23.96947705983883,-0.402618758121564,8.7303391356801328,-0.37728013401671623,1,1.8307835762794629,1.7616246212198707,1,1,1
1785568451.0782244,1,1,0.99833233272875377,0.97398724213117505,0.057728272348690393,3,0,1,0,-0.70258360963067046,-1.1932006908363015,-1.8862866242459386,-0.14893852325546589,-0.99810937494630969,0.77208499474021064,-0.00035610946322728857,-0.16452257201100731,-0.040240369344683606,0.00035610946322728857,-0.28132647594955795,0,0,17.840695459076169,23.926343333619609,-0.44236808414248474,8.6742764498389686,-0.36669681785033542,-6.313444775654653e-16,17.891773685038089,23.898013619773835,-0.40457503999030769,8.6780898313661421,-0.37754954646167471,0.0004273313558723022,18.089200771451299,23.93020591524958,-0.40469967830243725,8.7287285970370618,-0.37754954646167471,1,1.8307835762794629,1.7616246212198707,1,1,1
1785568451.0982244,1,1,0.99833233272875377,0.97398724213117505,0.057728272348690393,3,0,1,0,-0.70258313500790193,-1.1964191078296964,-1.8870289342559179,-0.14893140391393797,-1.0034859016682058,0.77208499474021064,0,-0.16594700986391647,-0.033474289543365128,0.00035610946322728857,-0.27099930151596657,0,0.47787577122525454,17.522111611592667,23.830176358806025,-0.36543450429161783,8.6426646551966986,-0.43624276606333007,-3.9329433806911673e-16,17.991066116391693,23.854623259005166,-0.4063400110255706,8.6797480729457135,-0.37781834255033042,-4.4408920985006262e-16,18.190202528228394,23.88140269063986,-0.40646464933770016,8.7285279472185877,-0.37781834255033042,1,1.8307835762794629,1.7616246212198707,1,1,1
1785568451.1182244,1,1,0.99833233272875377,0.97398724213117505,0.057728272348690393,3,0,1,0,-0.70258360963067046,-1.1999237223525143,-1.8876269589442645,-0.14893045466840091,-1.0092715532165741,0.77208499474021064,0,-0.16024925845227986,-0.024215443499455622,0,-0.27277984883210304,0,0.31858384748350305,18.318571230301423,23.657075804141574,-0.26926752947803417,8.7122106034096927,-0.30347322856579484,-4.6873448048337374e-16,18.102848392572351,23.803321041324203,-0.40810398484022475,8.6813609895554045,-0.37815530541901893,-4.4408920985006262e-16,18.295147502715086,23.822693396123768,-0.40810398484022475,8.7304613623451832,-0.37815530541901887,1,1.8307835762794629,1.7616246212198707,1,1,1
1785568451.1382246,1,1,0.99833233272875377,0.97398724213117505,0.057728272348690393,3,0,1,0,-0.70258313500790193,-1.2030605042297224,-1.8879919438532633,-0.14893092929116944,-1.0146006176616174,0.77208499474021064,0,-0.16345424362132546,-0.013176050139409676,0.00035610946322728857,-0.28132647594955795,0,0.15929192374175152,18.318571230301423,23.926343333619609,-0.53853505895606835,8.8829142944779527,-0.43624276606333007,-2.2887507861168999e-16,18.205787385223182,23.75415988991135,-0.40964576216747361,8.6827503026854771,-0.37848447229682086,-4.4408920985006262e-16,18.401932477568774,23.764700730022877,-0.40977040047960317,8.7333890683563968,-0.37848447229682081,1,1.8307835762794629,1.7616246212198707,1,1,1
1785568451.1582246,1,1,0.99833233272875377,0.97398724213117505,0.057728272348690393,3,0,1,0,-0.70258313500790193,-1.2062300350779589,-1.8882126434406292,-0.14892855617732678,-1.0199453446580222,0.77208499474021064,0,-0.16167369630518902,-0.010327174433591369,0,-0.27420428668501218,0,-0.43805279028981664,18.477863154043174,24.195610863097645,-0.076933579850866907,8.6742764498389686,-0.3350850232080651,-1.6902034242691211e-16,18.312349310517238,23.701588328415262,-0.4110544574540837,8.6840351092201207,-0.3788561556376851,0,18.506357746083467,23.709850067962137,-0.4110544574540837,8.7333918808234223,-0.37885615563768504,1,1.8307835762794629,1.7616246212198707,1,1,1
1785568451.1782246,1,1,0.99833233272875377,0.97398724213117505,0.057728272348690393,3,0,1,0,-0.70258408425343899,-1.2095239170915499,-1.8883863553739109,-0.14892523381794709,-1.0254405270720506,0.77208546936297917,0,-0.16131758684196171,-0.0049855324851820395,0,-0.26138434600882982,0.00035610946322728857,-0.59734471403156819,19.075207868074742,23.003140375409206,-0.26926752947803417,8.7122106034096927,-0.3350850232080651,2.7969705544694801e-16,18.42389097924962,23.645729401082104,-0.41241063018248647,8.6852782458325262,-0.37925964180212279,4.4408920985006262e-16,18.617472083459973,23.649717827070248,-0.41241063018248647,8.7323274281141163,-0.37932374150550369,1,1.8307835762794629,1.7616246212198707,1,1,1
1785568451.1982245,1,1,0.99833233272875377,0.97398724213117505,0.057728272348690393,3,0,1,0,-0.70258408425343899,-1.2126331708481832,-1.8884627696396439,-0.14892475919517856,-1.0301971964582479,0.7720859439857477,0,-0.15918093006259798,-0.003204985169045597,0,-0.2304028227080557,0,0.15929192374175152,18.79644700152668,23.291641299849957,-0.36543450429161783,8.4403491694861685,-0.43624276606333007,-7.6024256334683571e-16,18.5306749125537,23.591124992135565,-0.41338681273275851,8.6862214740823003,-0.37968733002126687,-8.8817841970012523e-16,18.721692028628816,23.593688980270802,-0.41338681273275851,8.7276939821697503,-0.37968733002126687,1,1.8307835762794629,1.7616246212198707,1,1,1
1785568451.2182245,1,1,0.99833233272875377,0.97398724213117505,0.057728272348690393,3,0,1,0,-0.70258313500790193,-1.2160215027927115,-1.8885097572937284,-0.14892475919517856,-1.0349756984917977,0.77208546936297917,0.00035610946322728857,-0.16772755718005292,-0.00035610946322728857,0,-0.22684172807578282,-0.00035610946322728857,-0.43805279028981664,18.318571230301423,23.003140375409206,-0.53853505895606835,8.7122106034096927,-0.40463097142105975,-1.0359755046006336e-15,18.64752010587447,23.53068830256581,-0.41417836581353079,8.6870647485960468,-0.38018782360966485,-0.00042733135587363447,18.848793174490535,23.530973190136393,-0.41417836581353079,8.7278962596496878,-0.38012372390628396,1,1.8307835762794629,1.7616246212198707,1,1,1
1785568451.2382245,1,1,0.99833233272875377,0.97398724213117505,0.057728272348690393,3,0,1,0,-0.70258360963067046,-1.2192290034624305,-1.888547252492442,-0.14892333532687296,-1.039428134683368,0.77208546936297917,0.00035610946322728857,-0.16274202469487087,-0.0024927662425910197,0.00035610946322728857,-0.23182726056096487,0,0.79645961870875759,19.871667486783501,22.92620679555834,-0.73086900858323567,8.7438223980519627,-0.36669681785033542,-4.4959153587542655e-16,18.757988325632724,23.473167994205241,-0.41484505829553342,8.6878201644349744,-0.38067067174242986,-0.00042733135587319038,18.95327875526657,23.475162207199315,-0.41496969660766297,8.7295490713359474,-0.38067067174242986,1,1.8307835762794629,1.7616246212198707,1,1,1
1785568451.2582245,1,1,0.99833233272875377,0.97398724213117505,0.057728272348690393,3,0,1,0,-0.70258455887620752,-1.2224113491254172,-1.8885847476911559,-0.14892096221303033,-1.0439859371295517,0.77208546936297917,0.00035610946322728857,-0.1620298057684163,-0.0024927662425910197,0.00035610946322728857,-0.22328063344350993,0,0.31858384748350305,18.79644700152668,23.560908829327992,-0.076933579850866907,8.8449801409072286,-0.40463097142105975,-3.7437501015924468e-16,18.867283002793108,23.415970287903047,-0.41554058075392203,8.6886027904837277,-0.38114122125455646,-0.00042733135587319038,19.06171876971521,23.417964500897121,-0.41566521906605158,8.7287933045035597,-0.38114122125455641,1,1.8307835762794629,1.7616246212198707,1,1,1
1785568451.2782245,1,1,0.99833233272875377,0.97398724213117505,0.057728272348690393,3,0,1,0,-0.70258408425343899,-1.2257541172841666,-1.888594714769295,-0.14892096221303033,-1.0484521373814093,0.77208546936297917,0,-0.16238591523164358,0.00035610946322728857,0,-0.22684172807578282,-0.00035610946322728857,0.47787577122525454,19.234499791816496,23.753242778955158,-0.26926752947803417,8.5731187069837027,-0.30347322856579484,-3.462128587289337e-16,18.982402397189489,23.355119087947941,-0.41606331724891904,8.6892931890008338,-0.38166349690028079,-4.4408920985006262e-16,19.177265495467463,23.354834200377358,-0.41606331724891904,8.7301247000544748,-0.38159939719689989,1,1.8307835762794629,1.7616246212198707,1,1,1
1785568451.2982244,1,1,0.99833233272875377,0.97398724213117505,0.057728272348690393,3,0,1,0,-0.70258408425343899,-1.2291419746059264,-1.8885989863742119,-0.14892096221303033,-1.0530664199370481,0.7720859439857477,-0.00035610946322728857,-0.16559090040068919,-0.00035610946322728857,0,-0.21544622525250959,0,0.31858384748350305,19.393791715558248,23.657075804141574,-0.26926752947803417,8.6110528605544285,-0.30347322856579484,-5.2102013025148719e-16,19.098857155831361,23.293177657248989,-0.41659778288106492,8.6900073009051795,-0.3821895726666949,0.0004273313558723022,19.297566236312189,23.293462544819572,-0.41659778288106492,8.7287876214506319,-0.38218957266669484,1,1.8307835762794629,1.7616246212198707,1,1,1
1785568451.3182244,1,1,0.99833233272875377,0.97398724213117505,0.057728272348690393,3,0,1,0,-0.70258455887620752,-1.2323338127242838,-1.8886388546867683,-0.14892096221303033,-1.057111155170452,0.77208546936297917,0,-0.16309813415809815,-0.0042733135587274627,0,-0.2086801454511911,0,0.15929192374175152,18.79644700152668,23.830176358806025,-0.53853505895606835,8.7122106034096927,-0.40463097142105975,-3.6713796065790394e-16,19.207640386428327,23.23528016668816,-0.41693339468233531,8.6905824141081833,-0.38269705420419919,-4.4408920985006262e-16,19.403358147418047,23.238698817535141,-0.41693339468233531,8.7281448402893975,-0.38269705420419919,1,1.8307835762794629,1.7616246212198707,1,1,1
1785568451.3382244,1,1,0.99833233272875377,0.97398724213117505,0.057728272348690393,3,0,1,0,-0.70258503349897605,-1.2356153545458932,-1.8886706544122596,-0.1489204875902618,-1.0612299315557463,0.77208499474021064,0,-0.15811260167291613,-0.00035610946322728857,0.00035610946322728857,-0.1965724237014633,-0.00035610946322728857,0.31858384748350305,19.71237556304175,23.291641299849957,-0.53853505895606835,8.7122106034096927,-0.43624276606333007,-5.9881163612732213e-16,19.319358978798007,23.175423939356094,-0.41721978629689926,8.6911523535240995,-0.38322536487146996,-4.4408920985006262e-16,19.509094100805505,23.175708826926677,-0.41734442460902882,8.7265353897903637,-0.38316126516808907,1,1.8307835762794629,1.7616246212198707,1,1,1
1785568451.3582244,1,1,0.99833233272875377,0.97398724213117505,0.057728272348690393,3,0,1,0,-0.70258455887620752,-1.2387032502779427,-1.8886758752627135,-0.1489204875902618,-1.0651284829764434,0.77208499474021064,-0.00035610946322728857,-0.15918093006259798,0,0.00035610946322728857,-0.19550409531178142,0,0.15929192374175152,20.508835181750506,23.291641299849957,-0.36543450429161783,8.6426646551966986,-0.40463097142105975,-2.4155346776619235e-16,19.424674786227669,23.118498828835985,-0.41745984397923475,8.691683628405416,-0.38372830092909699,0.0004273313558723022,19.615691902302785,23.118498828835985,-0.4175844822913643,8.7268743655615371,-0.38372830092909693,1,1.8307835762794629,1.7616246212198707,1,1,1
1785568451.3782246,1,1,0.99833233272875377,0.97398724213117505,0.057728272348690393,3,0,1,0,-0.70258503349897605,-1.242010896351821,-1.888692487059612,-0.14892143683579886,-1.0690346283614367,0.77208499474021064,0,-0.1620298057684163,-0.0017805473161364429,-0.00035610946322728857,-0.19372354799564498,0,-0.59734471403156819,19.871667486783501,22.464605316453138,-0.076933579850866907,8.7122106034096927,-0.40463097142105975,-9.6554979723412204e-17,19.537003485971944,23.057539579925844,-0.41756349265705417,8.6921700961156176,-0.38428398283485288,0,19.731439252894045,23.058964017778752,-0.41743885434492461,8.7270403347548342,-0.38428398283485288,1,1.8307835762794629,1.7616246212198707,1,1,1
1785568451.3982246,1,1,0.99833233272875377,0.97398724213117505,0.057728272348690393,3,0,1,0,-0.70258693199005018,-1.2452668085439298,-1.8887081496109734,-0.14892096221303033,-1.0730100686706354,0.77208452011744211,-0.00035610946322728857,-0.15633205435677969,-0.0010683283896818657,0,-0.19443576692209955,0,-0.59734471403156819,20.349543258008755,22.541538896304004,-0.26926752947803417,8.8133683462649568,-0.36669681785033542,1.2134932815544008e-16,19.647263351804749,22.99738444152527,-0.41769219912350825,8.6926824357759465,-0.38482334473302471,0.00042733135587274629,19.834861817032884,22.998239104237015,-0.41769219912350825,8.7276808738219245,-0.38482334473302471,1,1.8307835762794629,1.7616246212198707,1,1,1
1785568451.4182246,1,1,0.99833233272875377,0.97398724213117505,0.057728272348690393,3,0,1,0,-0.70258550812174458,-1.2483722653184148,-1.8887128958386588,-0.14892333532687296,-1.0769318766069904,0.77208452011744211,0,-0.15775649220968885,0.00035610946322728857,-0.00035610946322728857,-0.20333850350278176,0,-0.59734471403156819,19.71237556304175,22.368438341639553,-0.36543450429161783,8.7438223980519627,-0.30347322856579484,-1.6685871434551913e-16,19.752325126247158,22.939690274161979,-0.41785494785452093,8.6931985650141392,-0.38532993851205416,0,19.941632916898783,22.939405386591396,-0.41773030954239138,8.7297994956446399,-0.3853299385120541,1,1.8307835762794629,1.7616246212198707,1,1,1
1785568451.4382246,1,1,0.99833233272875377,0.97398724213117505,0.057728272348690393,3,0,1,0,-0.70258598274451312,-1.2514492447267882,-1.8887238121623349,-0.14892523381794709,-1.0808688724719382,0.77208499474021064,0,-0.1588248205993707,-0.0014244378529091543,0,-0.20654348867182737,0,0,20.349543258008755,22.830039820744755,-0.53853505895606835,8.7817565516226868,-0.36669681785033542,-2.9558739353743868e-16,19.856024038102458,22.882508944502305,-0.41801393297942047,8.6937184721367231,-0.38582850197351759,-4.4408920985006262e-16,20.046613822821701,22.883648494784634,-0.41801393297942047,8.7308963000976512,-0.38582850197351759,1,1.8307835762794629,1.7616246212198707,1,1,1
1785568451.4582245,1,1,0.99833233272875377,0.97398724213117505,0.057728272348690393,3,0,1,0,-0.70258693199005018,-1.2545637193338754,-1.8887461194324557,-0.14892333532687296,-1.0849667654554174,0.77208452011744211,-0.00035610946322728857,-0.15989314898905257,-0.0014244378529091543,0,-0.20725570759828194,0,-0.11946894280631364,20.508835181750506,23.195474325036376,-0.26926752947803417,8.7122106034096927,-0.40463097142105975,-6.7799227603665413e-16,19.960479159933605,22.824714265491082,-0.41818851480433533,8.6942702051926517,-0.38632460401806784,0.00042733135587185811,20.152350938720467,22.82585381577341,-0.41818851480433533,8.731576232560343,-0.38632460401806779,1,1.8307835762794629,1.7616246212198707,1,1,1
1785568451.4782245,1,1,0.99833233272875377,0.97398724213117505,0.057728272348690393,3,0,1,0,-0.70258693199005018,-1.2579193023073751,-1.8887902593499291,-0.14892191145856737,-1.0894286941023583,0.77208452011744211,0,-0.15205874079805221,-0.0017805473161364429,0,-0.20120184672341804,0,0.47787577122525454,19.871667486783501,23.099307350222791,-0.53853505895606835,8.7438223980519627,-0.40463097142105975,-7.3729813487161122e-16,20.072312970745777,22.762670414932266,-0.41837889818864027,8.6948683969148597,-0.38685132045980014,-8.8817841970012523e-16,20.25478345970344,22.764094852785174,-0.41837889818864027,8.7310847293250742,-0.38685132045980009,1,1.8307835762794629,1.7616246212198707,1,1,1
1785568451.4982245,1,1,0.99833233272875377,0.97398724213117505,0.057728272348690393,3,0,1,0,-0.70258788123558724,-1.2607058125814088,-1.8888457902138469,-0.14892475919517856,-1.0928991357858422,0.77208499474021064,0.00035610946322728857,-0.15205874079805221,-0.006409970338091194,0,-0.18873801551046293,0,0.31858384748350305,20.030959410525252,23.291641299849957,-0.36543450429161783,8.8449801409072286,-0.40463097142105975,-4.2347581604568196e-16,20.164581689581826,22.711363230227249,-0.4184294831514293,8.6953003864482969,-0.38729918671105101,-0.00042733135587319038,20.347052178539489,22.716491206497722,-0.4184294831514293,8.7292732292401798,-0.38729918671105101,1,1.8307835762794629,1.7616246212198707,1,1,1
1785568451.5182245,1,1,0.99833233272875377,0.97398724213117505,0.057728272348690393,3,0,1,0,-0.7025888304811243,-1.2639071431551367,-1.8890100096917579,-0.14892475919517856,-1.0970079450929975,0.77208452011744211,0,-0.14742931777609747,-0.0085466271174549253,0,-0.18802579658400836,0.00035610946322728857,0,20.190251334267003,23.195474325036376,-0.53853505895606835,8.8449801409072286,-0.40463097142105975,-2.7999521104438152e-16,20.268335747941535,22.654196434972839,-0.41855948420473915,8.6958340624738959,-0.38778034013399026,-4.4408920985006262e-16,20.445250929272852,22.661033736666802,-0.41855948420473915,8.7296787058590173,-0.3878444398373711,1,1.8307835762794629,1.7616246212198707,1,1,1
1785568451.5382245,1,1,0.99833233272875377,0.97398724213117505,0.057728272348690393,3,0,1,0,-0.7025888304811243,-1.266629579355419,-1.8892273869197442,-0.14892286070410443,-1.1006240959664197,0.77208404549467358,0,-0.14600487992318831,-0.013176050139409676,0,-0.20333850350278176,0,0,20.508835181750506,23.003140375409206,-0.53853505895606835,8.6742764498389686,-0.36669681785033542,-4.6797553896263389e-16,20.354801240987435,22.606955143871282,-0.41873934835499588,8.6963175899013176,-0.3881617405632497,-4.4408920985006262e-16,20.530007096895261,22.61749598398281,-0.41873934835499588,8.7329185205318183,-0.3881617405632497,1,1.8307835762794629,1.7616246212198707,1,1,1
1785568451.5582244,1,1,0.99833233272875377,0.97398724213117505,0.057728272348690393,3,0,1,0,-0.70258977972666137,-1.2697070333865608,-1.889527823132223,-0.14892286070410443,-1.1048752921041336,0.77208452011744211,0.00035610946322728857,-0.13995101904832441,-0.015312706918773409,0,-0.19229911014273582,0,0.15929192374175152,20.986710952975763,23.195474325036376,-0.73086900858323567,8.6742764498389686,-0.40463097142105975,-4.0238130752726087e-16,20.451193541644614,22.554482708567626,-0.41903129457338012,8.6968902330989177,-0.38856556321623997,-0.00042733135587319038,20.619134764502604,22.566732874102645,-0.41903129457338012,8.7315040729246096,-0.38856556321623992,1,1.8307835762794629,1.7616246212198707,1,1,1
1785568451.5782244,1,1,0.99833233272875377,0.97398724213117505,0.057728272348690393,3,0,1,0,-0.7025888304811243,-1.272298473702729,-1.8898467696326744,-0.14892475919517856,-1.1087339752122742,0.77208452011744211,0,-0.14030712851155169,-0.017805473161364428,-0.00035610946322728857,-0.20369461296600905,0,0,19.553083639299999,22.92620679555834,-0.26926752947803417,8.8829142944779527,-0.43624276606333007,-2.0972535774016476e-16,20.530841155535203,22.511462637615342,-0.41942499816707296,8.6974180222120108,-0.38886388596977972,0,20.699209709749066,22.525707016144434,-0.41930035985494341,8.734083052545893,-0.38886388596977972,1,1.8307835762794629,1.7616246212198707,1,1,1
1785568451.5982244,1,1,0.99833233272875377,0.97398724213117505,0.057728272348690393,3,0,1,0,-0.7025888304811243,-1.2751224791754763,-1.8902767778609617,-0.14892286070410443,-1.1128318681957534,0.77208404549467358,0,-0.13888269065864253,-0.025995990815592066,0,-0.21580233471573687,0,0,20.986710952975763,22.830039820744755,-0.73086900858323567,8.7438223980519627,-0.40463097142105975,-7.5303939516338514e-16,20.615793729307452,22.466043388625987,-0.41981408417618465,8.6979574789794167,-0.38917751477662077,-8.8817841970012523e-16,20.782452958097824,22.48684018127846,-0.41981408417618465,8.736801899228249,-0.38917751477662077,1,1.8307835762794629,1.7616246212198707,1,1,1
1785568451.6182244,1,1,0.99833233272875377,0.97398724213117505,0.057728272348690393,3,0,1,0,-0.70259167821773538,-1.277813115650267,-1.8909056530292625,-0.14892191145856737,-1.116853821536268,0.77208452011744211,0,-0.13923880012186982,-0.040240369344683606,0,-0.19764075209114515,0,-0.11946894280631364,20.827419029234012,22.176104392012387,-0.53853505895606835,8.7438223980519627,-0.40463097142105975,-6.9065711266400043e-16,20.692213645630886,22.42684327469437,-0.42034836006269466,8.6984821865237087,-0.38940820065077308,-8.8817841970012523e-16,20.859300205777132,22.459035570170116,-0.42034836006269466,8.7340575219001142,-0.38940820065077308,1,1.8307835762794629,1.7616246212198707,1,1,1
1785568451.6382246,1,1,0.99833233272875377,0.97398724213117505,0.057728272348690393,3,0,1,0,-0.7025902543494299,-1.2806409181051628,-1.8919056832025531,-0.14892143683579886,-1.120788444287373,0.77208452011744211,0,-0.13496548656314236,-0.046650339682774801,0,-0.18375248302528091,0,-0.59734471403156819,20.030959410525252,22.733872845931174,-0.26926752947803417,8.7122106034096927,-0.40463097142105975,-1.5671464776920163e-16,20.765633229046166,22.392007274184586,-0.42096495921942362,8.6989726867302561,-0.38958049254664689,0,20.927591812921936,22.429327545930807,-0.42096495921942362,8.732048133674807,-0.38958049254664684,1,1.8307835762794629,1.7616246212198707,1,1,1
1785568451.6582246,1,1,0.99833233272875377,0.97398724213117505,0.057728272348690393,3,0,1,0,-0.70258977972666137,-1.283299754854462,-1.8926864376567833,-0.14892143683579886,-1.1242740738994499,0.77208499474021064,0,-0.13638992441605152,-0.04273313558727463,0,-0.18553303034141735,0,0.31858384748350305,21.464586724201016,22.637705871117589,-0.44236808414248474,8.6742764498389686,-0.40463097142105975,-3.6758519405405421e-16,20.837538438334882,22.356146173189046,-0.42134067611009762,8.6993644947534783,-0.38980172952197278,-4.4408920985006262e-16,21.001206347634142,22.390332681658865,-0.42134067611009762,8.7327604402149337,-0.38980172952197278,1,1.8307835762794629,1.7616246212198707,1,1,1
1785568451.6782246,1,1,0.99833233272875377,0.97398724213117505,0.057728272348690393,3,0,1,0,-0.70259072897219843,-1.2860644324811432,-1.8935815761982289,-0.14892143683579886,-1.1280971602999508,0.77208546936297917,-0.00035610946322728857,-0.13033606354118762,-0.040596478807910896,0.00035610946322728857,-0.18090360731946259,0.00035610946322728857,0.31858384748350305,21.146002876717514,22.368438341639553,-0.36543450429161783,8.8133683462649568,-0.36669681785033542,1.1227591122445202e-16,20.910428945125076,22.320359137944749,-0.4218487837619429,8.6997723081895586,-0.38999167147274322,0.00042733135587274629,21.066832221374501,22.352836320991077,-0.42197342207407246,8.7323349575070619,-0.39005577117612406,1,1.8307835762794629,1.7616246212198707,1,1,1
1785568451.6982245,1,1,0.99833233272875377,0.97398724213117505,0.057728272348690393,3,0,1,0,-0.70258977972666137,-1.2885785092860413,-1.8943044266746987,-0.14891431749427092,-1.1317327707068827,0.77208452011744211,0,-0.12962384461473303,-0.035254836859501565,0.00035610946322728857,-0.19372354799564498,0,0.31858384748350305,21.464586724201016,22.92620679555834,-0.26926752947803417,8.7817565516226868,-0.26553907499507046,-2.3394372376805972e-16,20.97828953242227,22.285998409087682,-0.42227606290766845,8.700131935841771,-0.39017849820145917,-4.4408920985006262e-16,21.133838145959949,22.314202278575284,-0.422400701219798,8.7350021744809876,-0.39017849820145911,1,1.8307835762794629,1.7616246212198707,1,1,1
1785568451.7182245,1,1,0.99833233272875377,0.97398724213117505,0.057728272348690393,3,0,1,0,-0.70259072897219843,-1.2912264297116645,-1.8949864595930748,-0.14891194438042826,-1.1360432946906629,0.77208499474021064,0.00035610946322728857,-0.12677496890891474,-0.030269304374319527,0,-0.21046069276732754,0,0,20.508835181750506,22.637705871117589,-0.53853505895606835,8.8133683462649568,-0.40463097142105975,-3.5639758288671941e-16,21.051145220758297,22.248172027125058,-0.42288299180841721,8.7005145955039502,-0.39035218814340628,-0.00042733135587319038,21.203275183448994,22.272387470624512,-0.42288299180841721,8.7383975202020689,-0.39035218814340622,1,1.8307835762794629,1.7616246212198707,1,1,1
1785568451.7382245,1,1,0.99833233272875377,0.97398724213117505,0.057728272348690393,3,0,1,0,-0.7025902543494299,-1.2935943227038555,-1.8955270549264291,-0.14891194438042826,-1.139955610171647,0.77208499474021064,0,-0.11929667018114166,-0.025283771889137489,0,-0.21651455364219144,0,0,20.508835181750506,21.637569333056319,-0.26926752947803417,8.7817565516226868,-0.36669681785033542,-2.7078626884183277e-16,21.117486895395039,22.212932203184071,-0.42339564041579125,8.7008205024592051,-0.39051706513135692,-4.4408920985006262e-16,21.26064289961241,22.233159220695381,-0.42339564041579125,8.7397931221147989,-0.39051706513135687,1,1.8307835762794629,1.7616246212198707,1,1,1
1785568451.7582245,1,1,0.99833233272875377,0.97398724213117505,0.057728272348690393,3,0,1,0,-0.7025902543494299,-1.2960528686448356,-1.8961051454584974,-0.14890957126658563,-1.1446823783234272,0.77208452011744211,0,-0.12143332696050541,-0.031693742227228684,0.00035610946322728857,-0.22470507129641909,0,0.15929192374175152,20.349543258008755,22.637705871117589,-0.73086900858323567,8.7817565516226868,-0.40463097142105975,-4.0991651262603512e-16,21.185959605306536,22.176485745715667,-0.42418205338025405,8.7011219917149418,-0.39062459717093034,-4.4408920985006262e-16,21.331679597659143,22.201840739497449,-0.42430669169238361,8.7415689045482967,-0.39062459717093034,1,1.8307835762794629,1.7616246212198707,1,1,1
1785568451.7782245,1,1,0.99833233272875377,0.97398724213117505,0.057728272348690393,3,0,1,0,-0.70259262746327245,-1.298467749291111,-1.8967976200777812,-0.14890767277551151,-1.1489164880414742,0.77208499474021064,0,-0.11573557554886878,-0.041308697734365477,0,-0.21437789686282771,0,0.31858384748350305,20.827419029234012,21.906836862534352,-0.076933579850866907,8.7122106034096927,-0.36669681785033542,-3.3221987444029266e-16,21.250557583550844,22.143012336461588,-0.42484271076510383,8.7013344569941751,-0.39072941429634311,-4.4408920985006262e-16,21.389440274209488,22.176059294649079,-0.42484271076510383,8.7399224784294844,-0.39072941429634311,1,1.8307835762794629,1.7616246212198707,1,1,1
1785568451.7982244,1,1,0.99833233272875377,0.97398724213117505,0.057728272348690393,3,0,1,0,-0.70259167821773538,-1.3007141388545587,-1.897712692775505,-0.14890529966166888,-1.152936068268146,0.77208499474021064,0,-0.11787223232823252,-0.049499215388593108,-0.00035610946322728857,-0.19194300067950854,0,0.31858384748350305,21.305294800459265,22.176104392012387,-0.73086900858323567,8.8449801409072286,-0.40463097142105975,-1.6860021408507397e-16,21.305202363227131,22.116937507185472,-0.42563811729228579,8.7014547382047986,-0.39074107004535902,0,21.446649042021011,22.156536879496347,-0.42551347898015623,8.7360044783271107,-0.39074107004535896,1,1.8307835762794629,1.7616246212198707,1,1,1
1785568451.8182244,1,1,0.99833233272875377,0.97398724213117505,0.057728272348690393,3,0,1,0,-0.70258977972666137,-1.3030948466615,-1.8987957819332884,-0.14890529966166888,-1.1565498460277257,0.7720859439857477,0.00035610946322728857,-0.12356998373986913,-0.056621404653138883,0,-0.1866013587310992,0,-0.59734471403156819,21.464586724201016,22.272271366825972,-0.36543450429161783,8.7122106034096927,-0.36669681785033542,-5.4885024476647448e-16,21.360605419873899,22.091499863378864,-0.42628493579381871,8.7015201773192885,-0.39077644122572597,-0.00042733135587319038,21.508889400361742,22.136796987101377,-0.42628493579381871,8.735108421890887,-0.39077644122572597,1,1.8307835762794629,1.7616246212198707,1,1,1
1785568451.8382244,1,1,0.99833233272875377,0.97398724213117505,0.057728272348690393,3,0,1,0,-0.70259072897219843,-1.3056013295021014,-1.8999429451648229,-0.14890529966166888,-1.1605020298212665,0.7720859439857477,0,-0.12143332696050541,-0.051991981631184132,0,-0.18375248302528091,0,-0.43805279028981664,21.623878647942767,22.176104392012387,-0.26926752947803417,8.6742764498389686,-0.20231548571052987,-2.7645122519306953e-16,21.41864043553322,22.064738842872089,-0.42701297308253511,8.7015294166446271,-0.39079369821236137,-4.4408920985006262e-16,21.564360427885827,22.106332428177037,-0.42701297308253511,8.734604863589178,-0.39079369821236132,1,1.8307835762794629,1.7616246212198707,1,1,1
1785568451.8582244,1,1,0.99833233272875377,0.97398724213117505,0.057728272348690393,3,0,1,0,-0.70258835585835577,-1.308050382987711,-1.9008190987955274,-0.14890387579336328,-1.1640968226701049,0.7720859439857477,-0.00035610946322728857,-0.13033606354118762,-0.040240369344683606,0,-0.19942129940728159,0.00035610946322728857,-0.43805279028981664,21.783170571684519,22.541538896304004,-0.44236808414248474,8.8449801409072286,-0.30347322856579484,-3.7350764842125628e-17,21.479888048550247,22.033914803577311,-0.42744151232971506,8.7015420035550743,-0.3909032423505211,0.00042733135587274629,21.636291324799672,22.066107099053056,-0.42744151232971506,8.7374378374483843,-0.39096734205390199,1,1.8307835762794629,1.7616246212198707,1,1,1
1785568451.8782246,1,1,0.99833233272875377,0.97398724213117505,0.057728272348690393,3,0,1,0,-0.7025888304811243,-1.310714440587464,-1.9016074472140538,-0.14890387579336328,-1.1682004111268063,0.7720859439857477,0.00035610946322728857,-0.1281994067618239,-0.035967055785956145,0,-0.2026262845763272,0,-0.75663663777331969,21.94246249542627,21.175967853951118,-0.73086900858323567,8.7438223980519627,-0.30347322856579484,-9.2371314590333764e-16,21.54957385344802,21.997115291194199,-0.42786719300275394,8.7015262271042495,-0.39104752928685127,-0.00042733135587363447,21.703413141562208,22.025888935822962,-0.42786719300275394,8.7379989583279887,-0.39104752928685127,1,1.8307835762794629,1.7616246212198707,1,1,1
1785568451.8982246,1,1,0.99833233272875377,0.97398724213117505,0.057728272348690393,3,0,1,0,-0.70259120359496685,-1.3132479769258718,-1.9021850631233537,-0.14890340117059475,-1.1721378816145227,0.7720859439857477,-0.00035610946322728857,-0.1335410487102332,-0.025639881352364776,0.00035610946322728857,-0.20120184672341804,0,0.15929192374175152,21.94246249542627,22.368438341639553,-0.36543450429161783,8.6742764498389686,-0.30347322856579484,-4.3505645050054276e-16,21.61902495612005,21.95874425928114,-0.42815419496711304,8.7015010836298732,-0.39122904351156812,0.0004273313558723022,21.779274214572329,21.979256164363033,-0.4282788332792426,8.7377174160400877,-0.39122904351156806,1,1.8307835762794629,1.7616246212198707,1,1,1
1785568451.9182246,1,1,0.99833233272875377,0.97398724213117505,0.057728272348690393,3,0,1,0,-0.7025888304811243,-1.3161298863763797,-1.9026525665503546,-0.14890387579336328,-1.1766430009333997,0.7720859439857477,0.00035610946322728857,-0.14315600421737001,-0.019586020477500871,0,-0.20618737920860009,0,-0.43805279028981664,21.94246249542627,22.368438341639553,-0.076933579850866907,8.7438223980519627,-0.36669681785033542,-2.1955093992831465e-16,21.701513081549166,21.911370590694411,-0.42834844363825608,8.7014674767754094,-0.3914846904954542,-0.00042733135587274629,21.873300286610011,21.927039407076411,-0.42834844363825608,8.7385812050329577,-0.3914846904954542,1,1.8307835762794629,1.7616246212198707,1,1,1
1785568451.9382246,1,1,0.99833233272875377,0.97398724213117505,0.057728272348690393,3,0,1,0,-0.7025902543494299,-1.3188570688043471,-1.903058369017447,-0.14890340117059475,-1.180178465936172,0.7720859439857477,0.00035610946322728857,-0.13995101904832441,-0.023147115109773755,0,-0.1866013587310992,0,-0.43805279028981664,21.623878647942767,22.368438341639553,0,8.7122106034096927,-0.43624276606333007,-2.7473683050782682e-16,21.779818556994126,21.865969468843005,-0.42820208717023478,8.7015114329493919,-0.39180804426482041,-0.00042733135587319038,21.947759779852117,21.884487160930824,-0.42820208717023478,8.7350996775209904,-0.39180804426482041,1,1.8307835762794629,1.7616246212198707,1,1,1
1785568451.9582245,1,1,0.99833233272875377,0.97398724213117505,0.057728272348690393,3,0,1,0,-0.70259120359496685,-1.3217361305182438,-1.9034651207300763,-0.14890292654782622,-1.1838173987024836,0.77208641860851623,-0.00035610946322728857,-0.14208767582768814,-0.015668816382000697,0.00035610946322728857,-0.16523479093746191,0.00035610946322728857,-0.43805279028981664,21.464586724201016,22.272271366825972,-0.26926752947803417,8.6426646551966986,-0.36669681785033542,-6.6269824914103048e-16,21.862610638107828,21.817567101348889,-0.42797772448164795,8.7015621666106284,-0.39216542972066093,0.0004273313558723022,22.033115849101055,21.83010215445449,-0.4281023627937775,8.7313044289793709,-0.39222952942404182,1,1.8307835762794629,1.7616246212198707,1,1,1
1785568451.9782245,1,1,0.99833233272875377,0.97398724213117505,0.057728272348690393,3,0,1,0,-0.7025888304811243,-1.32446378756898,-1.9037536913733419,-0.14890245192505769,-1.1868967512246997,0.77208641860851623,0,-0.13888269065864253,-0.014600487992318832,0,-0.15561983543032509,0,0.63716769496700609,21.305294800459265,21.637569333056319,-0.36543450429161783,8.6742764498389686,-0.36669681785033542,-2.7597688674260712e-16,21.942572787739731,21.769898031489923,-0.42754419916314768,8.701679664062782,-0.39256796239936331,-4.4408920985006262e-16,22.109232016530104,21.781578421883779,-0.42754419916314768,8.7296912344402404,-0.39256796239936331,1,1.8307835762794629,1.7616246212198707,1,1,1
1785568451.9982245,1,1,0.99833233272875377,0.97398724213117505,0.057728272348690393,3,0,1,0,-0.70258977972666137,-1.3273779713677478,-1.9040251755969404,-0.14890150267952063,-1.1899253191106831,0.77208641860851623,0,-0.14564877045996102,-0.011395502823273234,0,-0.13852658119541525,0.00035610946322728857,0.47787577122525454,22.858391056941343,21.252901433801984,-0.076933579850866907,8.6426646551966986,-0.40463097142105975,-8.8809710453718882e-17,22.028361379713406,21.718263967448685,-0.42693943634324982,8.7018512604977722,-0.39303556776810722,0,22.20313990426536,21.727380369707305,-0.42693943634324982,8.7267860451129469,-0.39309966747148811,1,1.8307835762794629,1.7616246212198707,1,1,1
1785568452.0182245,1,1,0.99833233272875377,0.97398724213117505,0.057728272348690393,3,0,1,0,-0.70258835585835577,-1.3302570330816446,-1.9042083799855927,-0.14890197730228916,-1.1924887566835081,0.77208641860851623,0,-0.14778542723932475,-0.0089027365806822138,-0.00035610946322728857,-0.13140439193086947,0,0,22.420338266651527,21.44523538342915,-0.36543450429161783,8.7122106034096927,-0.36669681785033542,-2.0479901411893375e-16,22.114365959890119,21.665675917156531,-0.42611653822547946,8.7021071820356628,-0.39356439860715609,0,22.291708472577309,21.672798106421077,-0.4259918999133499,8.7257599725832193,-0.39356439860715609,1,1.8307835762794629,1.7616246212198707,1,1,1
1785568452.0382245,1,1,0.99833233272875377,0.97398724213117505,0.057728272348690393,3,0,1,0,-0.70258835585835577,-1.3333036366328319,-1.9043118477491319,-0.14890102805675209,-1.1952899802633661,0.77208546936297917,0,-0.15205874079805221,0,0,-0.1374582528057334,-0.00035610946322728857,-0.43805279028981664,22.699099133199589,21.637569333056319,-0.36543450429161783,8.7122106034096927,-0.47417691963405439,-7.7969721607937248e-16,22.206894956464666,21.608158618940834,-0.42519543822471434,8.7023859673254123,-0.3941421820582075,-8.8817841970012523e-16,22.389365445422328,21.608158618940834,-0.42519543822471434,8.7271284528304438,-0.39407808235482661,1,1.8307835762794629,1.7616246212198707,1,1,1
1785568452.0582244,1,1,0.99833233272875377,0.97398724213117505,0.057728272348690393,3,0,1,0,-0.70258835585835577,-1.3362591126124619,-1.9043113731263634,-0.14890055343398359,-1.1978467731174316,0.7720859439857477,0,-0.15419539757741596,0,0,-0.12891162568827846,0,-0.27876086654806514,23.176974904424846,21.810669887720771,-0.36543450429161783,8.6110528605544285,-0.47417691963405439,-6.0159668045789427e-16,22.298314059012309,21.550365329651804,-0.42416278226899545,8.7027040222645873,-0.39475063925023168,-4.4408920985006262e-16,22.483348536105208,21.550365329651804,-0.42416278226899545,8.7259081148884778,-0.39475063925023168,1,1.8307835762794629,1.7616246212198707,1,1,1
1785568452.0782244,1,1,0.99833233272875377,0.97398724213117505,0.057728272348690393,3,0,1,0,-0.70258835585835577,-1.3395169232956448,-1.9043108985035948,-0.14890007881121506,-1.2004790309916933,0.7720859439857477,-0.00035610946322728857,-0.16381035308455275,-0.00035610946322728857,0,-0.12535053105600558,0,-0.43805279028981664,23.495558751908348,21.637569333056319,-0.53853505895606835,8.5731187069837027,-0.3350850232080651,-2.2837363510691544e-16,22.398699845984826,21.486592824058988,-0.42293891479207146,8.7030796971827531,-0.39543991709456316,0.0004273313558723022,22.595272269686291,21.486877711629571,-0.42293891479207146,8.7256427927728346,-0.39543991709456316,1,1.8307835762794629,1.7616246212198707,1,1,1
1785568452.0982244,1,1,0.99833233272875377,0.97398724213117505,0.057728272348690393,3,0,1,0,-0.70258740661281871,-1.3429128492044695,-1.9043194417134284,-0.14890055343398359,-1.2029105234348672,0.77208546936297917,0,-0.16452257201100731,-0.0010683283896818657,0,-0.11288669984305047,0,-0.27876086654806514,22.101754419168021,21.44523538342915,-0.63470203376965206,8.8449801409072286,-0.40463097142105975,-3.5131538520319361e-16,22.502701019095788,21.420245767788082,-0.42154238704626512,8.7035081681902202,-0.396186044192813,-4.4408920985006262e-16,22.700128105508998,21.421100430499827,-0.42154238704626512,8.7238277741619701,-0.396186044192813,1,1.8307835762794629,1.7616246212198707,1,1,1
1785568452.1182244,1,1,0.99833233272875377,0.97398724213117505,0.057728272348690393,3,0,1,0,-0.70258740661281871,-1.3461630659233561,-1.9043246625638823,-0.14890102805675209,-1.2050235440003583,0.77208546936297917,0,-0.17093254234909852,0,0,-0.10683283896818657,0,-0.59734471403156819,22.699099133199589,21.079800879137533,-0.53853505895606835,8.7438223980519627,-0.36669681785033542,-2.0828878986162147e-16,22.601891440246046,21.356611962554826,-0.42011238582717031,8.7039384730725562,-0.39692338477139522,0,22.807010491064965,21.356611962554826,-0.42011238582717031,8.7231683840868293,-0.39692338477139522,1,1.8307835762794629,1.7616246212198707,1,1,1
1785568452.1382246,1,1,0.99833233272875377,0.97398724213117505,0.057728272348690393,3,0,1,0,-0.70258788123558724,-1.3494858999258272,-1.9043251371866508,-0.14889960418844653,-1.2070881530434592,0.77208499474021064,-0.00035610946322728857,-0.1712886518123258,0,0.00035610946322728857,-0.10718894843141386,0.00035610946322728857,0.15929192374175152,22.420338266651527,21.252901433801984,-0.076933579850866907,8.8133683462649568,-0.30347322856579484,-2.1513959233901425e-16,22.7030255444209,21.291343466239635,-0.41859062047816475,8.7043792545204042,-0.39768924655918675,0.00042733135587274629,22.908571926595691,21.291343466239635,-0.41871525879029431,8.7236732652380589,-0.39775334626256759,1,1.8307835762794629,1.7616246212198707,1,1,1
1785568452.1582246,1,1,0.99833233272875377,0.97398724213117505,0.057728272348690393,3,0,1,0,-0.70258788123558724,-1.3530655048460729,-1.904328934168799,-0.14889675645183534,-1.2090839417851236,0.77208452011744211,0,-0.1773425126871897,-0.00035610946322728857,0,-0.089383475270049431,0,-0.75663663777331969,22.858391056941343,21.175967853951118,-0.44236808414248474,8.4403491694861685,-0.40463097142105975,-4.8752505938526314e-16,22.811458961563382,21.220991517418678,-0.41685292569131749,8.70486185114774,-0.3985368746456035,-4.4408920985006262e-16,23.024269976788009,21.221276404989261,-0.41685292569131749,8.7209508766963495,-0.3985368746456035,1,1.8307835762794629,1.7616246212198707,1,1,1
1785568452.1782246,1,1,0.99833233272875377,0.97398724213117505,0.057728272348690393,3,0,1,0,-0.70258693199005018,-1.3564699739647312,-1.9043346296420214,-0.14889675645183534,-1.2107237634503911,0.77208499474021064,0,-0.1741375275181441,0,0,-0.080480738689367212,0,-0.75663663777331969,23.176974904424846,21.079800879137533,-0.73086900858323567,8.6426646551966986,-0.36669681785033542,-6.3192723623317626e-16,22.914110425871304,21.154023373393649,-0.41511000772046708,8.7053219823322987,-0.39936644302327329,-4.4408920985006262e-16,23.123075458893076,21.154023373393649,-0.41511000772046708,8.7198085152963856,-0.39936644302327329,1,1.8307835762794629,1.7616246212198707,1,1,1
1785568452.1982245,1,1,0.99833233272875377,0.97398724213117505,0.057728272348690393,3,0,1,0,-0.70258693199005018,-1.3600818532332366,-1.9043355788875584,-0.14889675645183534,-1.2122691351847215,0.77208452011744211,0,-0.17698640322396242,-0.00035610946322728857,0,-0.070153564255775847,-0.00035610946322728857,0.31858384748350305,23.017682980683094,20.983633904323948,-0.076933579850866907,8.6742764498389686,-0.36669681785033542,-4.8844663123187582e-16,23.022687225511753,21.082738241403202,-0.41317684133200128,8.7057950631455761,-0.40026454647359239,-4.4408920985006262e-16,23.235070909380507,21.083023128973785,-0.41317684133200128,8.7184227047116156,-0.40020044677021144,1,1.8307835762794629,1.7616246212198707,1,1,1
1785568452.2182245,1,1,0.99833233272875377,0.97398724213117505,0.057728272348690393,3,0,1,0,-0.70258788123558724,-1.3635271399099884,-1.9043517160616885,-0.14889106097861299,-1.2135055274967395,0.77208499474021064,0,-0.17983527892978071,-0.0014244378529091543,0.00035610946322728857,-0.056621404653138883,0,-0.27876086654806514,23.017682980683094,21.079800879137533,-0.26926752947803417,8.6426646551966986,-0.26553907499507046,-1.9725703275658146e-16,23.125530136383141,21.01491210435843,-0.4112297373895959,8.7062236362279641,-0.40114412241676251,0,23.341332471098877,21.016051654640759,-0.41135437570172545,8.716415489065529,-0.40114412241676245,1,1.8307835762794629,1.7616246212198707,1,1,1
1785568452.2382245,1,1,0.99833233272875377,0.97398724213117505,0.057728272348690393,3,0,1,0,-0.70258788123558724,-1.3672049917433196,-1.9043735487090407,-0.14889011173307595,-1.2144523999199548,0.77208499474021064,0,-0.17769862215041698,-0.0010683283896818657,0,-0.032405961153683258,0,-0.43805279028981664,23.336266828166597,21.079800879137533,-0.36543450429161783,8.5731187069837027,-0.40463097142105975,-4.2174109256970516e-16,23.234762182052922,20.942467701476808,-0.4090376224522061,8.7066436707877397,-0.40210992334000722,-4.4408920985006262e-16,23.448000528633422,20.943322364188553,-0.4090376224522061,8.7124767437954027,-0.40210992334000717,1,1.8307835762794629,1.7616246212198707,1,1,1
1785568452.2582245,1,1,0.99833233272875377,0.97398724213117505,0.057728272348690393,3,0,1,0,-0.70258788123558724,-1.3706763826723405,-1.9043892112604022,-0.14889058635584446,-1.214875288806714,0.77208499474021064,0,-0.17841084107687158,-0.00071221892645457715,0.00035610946322728857,-0.01495659745554612,0,-0.43805279028981664,23.176974904424846,20.887466929510367,-0.26926752947803417,8.5731187069837027,-0.40463097142105975,-2.722702705654223e-16,23.337530685051025,20.873864471401596,-0.40680496437585334,8.7069834317435131,-0.40306227535733624,-4.4408920985006262e-16,23.55162369434327,20.874434246542759,-0.40692960268798289,8.7096756192855107,-0.40306227535733619,1,1.8307835762794629,1.7616246212198707,1,1,1
1785568452.2782245,1,1,0.99833233272875377,0.97398724213117505,0.057728272348690393,3,0,1,0,-0.7025888304811243,-1.3743713209253385,-1.9044399958966347,-0.14889011173307595,-1.2149958429899204,0.77208499474021064,-0.00035610946322728857,-0.18090360731946259,-0.0039172040955001743,0.00035610946322728857,0,0.00035610946322728857,0,23.495558751908348,20.887466929510367,-0.36543450429161783,8.7817565516226868,-0.43624276606333007,-4.4246290659133436e-16,23.445823034348926,20.801321021698413,-0.40433227166671393,8.7072465463360462,-0.40409239378784073,0.0004273313558723022,23.66290736313228,20.804454784974812,-0.40445690997884348,8.7072465463360462,-0.40415649349122157,1,1.8307835762794629,1.7616246212198707,1,1,1
1785568452.2982244,1,1,0.99833233272875377,0.97398724213117505,0.057728272348690393,3,0,1,0,-0.70258977972666137,-1.3778778339392306,-1.9045259026177386,-0.14888821324200183,-1.2149953683671519,0.77208499474021064,0,-0.17912306000332615,-0.0046294230219547511,0.00035610946322728857,0.00035610946322728857,0,0.15929192374175152,23.495558751908348,20.618199400032331,-0.36543450429161783,8.6742764498389686,-0.36669681785033542,-4.0613535754949193e-16,23.547486297364145,20.732993676393352,-0.40196315768627572,8.7073891239456316,-0.4050657855547895,-4.4408920985006262e-16,23.762433969368136,20.736697214810917,-0.40208779599840527,8.70732502424225,-0.40506578555478945,1,1.8307835762794629,1.7616246212198707,1,1,1
1785568452.3182244,1,1,0.99833233272875377,0.97398724213117505,0.057728272348690393,3,0,1,0,-0.70258930510389284,-1.3817009203397315,-1.9046189286803703,-0.1488877386192333,-1.2150001145948373,0.77208499474021064,0,-0.1741375275181441,-0.0024927662425910197,0,0,0.00035610946322728857,0,24.292018370617104,20.52203242521875,-0.076933579850866907,8.6426646551966986,-0.40463097142105975,-3.8153074449764901e-16,23.657990975456762,20.658205117236605,-0.39938215249095799,8.707428388111488,-0.40612016458859529,-4.4408920985006262e-16,23.866956008478535,20.660199330230679,-0.39938215249095799,8.707428388111488,-0.40618426429197613,1,1.8307835762794629,1.7616246212198707,1,1,1
1785568452.3382244,1,1,0.99833233272875377,0.97398724213117505,0.057728272348690393,3,0,1,0,-0.7025888304811243,-1.385093049266408,-1.9046260480218982,-0.14888821324200183,-1.2150029623314484,0.77208499474021064,0.00035610946322728857,-0.17449363698137141,0,0,-0.00035610946322728857,0,0.15929192374175152,23.495558751908348,20.618199400032331,-0.36543450429161783,8.7817565516226868,-0.3350850232080651,-7.1934103638982005e-16,23.757296249654537,20.590083918179175,-0.39703799635153458,8.7073589591582206,-0.40707157163669283,-0.00042733135587363447,23.966688614032183,20.590083918179175,-0.39703799635153458,8.7074230588616022,-0.40707157163669283,1,1.8307835762794629,1.7616246212198707,1,1,1
1785568452.3582244,1,1,0.99833233272875377,0.97398724213117505,0.057728272348690393,3,0,1,0,-0.7025902543494299,-1.3884234772331758,-1.9046284211357407,-0.14888821324200183,-1.2150034369542169,0.77208499474021064,0,-0.17022032342264393,0,0,0,0,-0.43805279028981664,23.81414259939185,20.714366374845916,-0.44236808414248474,8.6426646551966986,-0.47417691963405439,-3.1029188550177333e-16,23.854619056958331,20.52287699519011,-0.3947263374857371,8.7071934021992252,-0.40800297401315516,-4.4408920985006262e-16,24.058883445065504,20.52287699519011,-0.3947263374857371,8.7071934021992252,-0.40800297401315511,1,1.8307835762794629,1.7616246212198707,1,1,1
1785568452.3782246,1,1,0.99833233272875377,0.97398724213117505,0.057728272348690393,3,0,1,0,-0.7025902543494299,-1.3918863249523632,-1.9046521522741673,-0.14888821324200183,-1.2150039115769855,0.77208499474021064,0,-0.16523479093746191,-0.0021366567793637313,0,0,0,0.31858384748350305,24.61060221810061,20.618199400032331,-0.26926752947803417,8.7438223980519627,-0.26553907499507046,-4.6470260365444327e-16,23.955080911112795,20.453186236577992,-0.39233293603337405,8.7069210247267197,-0.40896071355446517,-4.4408920985006262e-16,24.15336266023775,20.454895562001482,-0.39233293603337405,8.7069210247267197,-0.40896071355446517,1,1.8307835762794629,1.7616246212198707,1,1,1
1785568452.3982246,1,1,0.99833233272875377,0.97398724213117505,0.057728272348690393,3,0,1,0,-0.7025902543494299,-1.3948645828248825,-1.9046630685978434,-0.14888868786477036,-1.2150043861997539,0.77208499474021064,0,-0.16274202469487087,0.00035610946322728857,0,0.00035610946322728857,0,-0.27876086654806514,24.292018370617104,20.348931870554299,-0.26926752947803417,8.9145260891202227,-0.36669681785033542,-6.6612703851151589e-16,24.041446342741615,20.392859234214718,-0.39026588701890541,8.7066031364134577,-0.40978283083768707,-4.4408920985006262e-16,24.236736772375462,20.392574346644135,-0.39026588701890541,8.7065390367100761,-0.40978283083768707,1,1.8307835762794629,1.7616246212198707,1,1,1
1785568452.4182246,1,1,0.99833233272875377,0.97398724213117505,0.057728272348690393,3,0,1,0,-0.7025902543494299,-1.3983530601735705,-1.9046611701067693,-0.14889011173307595,-1.2150034369542169,0.77208499474021064,0,-0.16096147737873442,0,0,0,0,0.15929192374175152,23.495558751908348,20.618199400032331,-0.44236808414248474,8.5415069123414327,-0.3350850232080651,-4.20135118101711e-16,24.142638395705582,20.321666533350736,-0.38783274331342144,8.7061305005820024,-0.41074472607424961,-4.4408920985006262e-16,24.335792168560062,20.321666533350736,-0.38783274331342144,8.7061305005820024,-0.41074472607424961,1,1.8307835762794629,1.7616246212198707,1,1,1
1785568452.4382246,1,1,0.99833233272875377,0.97398724213117505,0.057728272348690393,3,0,1,0,-0.70259120359496685,-1.4014803495954078,-1.904662593975075,-0.14889153560138152,-1.2150029623314484,0.77208499474021064,0,-0.16238591523164358,0,0,0,0,0.47787577122525454,24.132726446875353,20.425865450405166,-0.36543450429161783,8.7438223980519627,-0.50578871427632466,-4.4257810307216094e-16,24.233033234634348,20.25769646973972,-0.38565029327093875,8.7056172026560361,-0.41160179257477492,-4.4408920985006262e-16,24.427896332912322,20.25769646973972,-0.38565029327093875,8.7056172026560361,-0.41160179257477492,1,1.8307835762794629,1.7616246212198707,1,1,1
1785568452.4582245,1,1,0.99833233272875377,0.97398724213117505,0.057728272348690393,3,0,1,0,-0.70259167821773538,-1.404733888673674,-1.9046640178433805,-0.14889153560138152,-1.2150034369542169,0.77208499474021064,0,-0.1527709597245068,0,0,0,-0.00035610946322728857,-0.27876086654806514,23.973434523133601,20.425865450405166,-0.44236808414248474,8.6426646551966986,-0.3350850232080651,-4.0648094699197168e-16,24.32682179316782,20.190931026014759,-0.38337061079308554,8.7049936093109572,-0.41249021887534282,-4.4408920985006262e-16,24.510146944837228,20.190931026014759,-0.38337061079308554,8.7049936093109572,-0.41242611917196187,1,1.8307835762794629,1.7616246212198707,1,1,1
1785568452.4782245,1,1,0.99833233272875377,0.97398724213117505,0.057728272348690393,3,0,1,0,-0.70259215284050391,-1.4076608872871921,-1.9046583223701581,-0.14889390871522418,-1.2150020130859114,0.77208499474021064,0,-0.14849764616577935,0,-0.00035610946322728857,-0.00035610946322728857,-0.00071221892645457715,0.63716769496700609,24.132726446875353,20.252764895740714,-0.36543450429161783,8.6110528605544285,-0.30347322856579484,-5.0598360137182885e-16,24.411121711762434,20.130537596692079,-0.38131927467385301,8.7043510208275698,-0.41328606824687836,-4.4408920985006262e-16,24.589318887161369,20.130537596692079,-0.38119463636172346,8.7044151205309515,-0.41315786884011646,1,1.8307835762794629,1.7616246212198707,1,1,1
1785568452.4982245,1,1,0.99833233272875377,0.97398724213117505,0.057728272348690393,3,0,1,0,-0.70259262746327245,-1.4106514853516932,-1.9046568985018526,-0.14889675645183534,-1.2150005892176057,0.7720859439857477,0,-0.14066323797477898,-0.00035610946322728857,0,0,0.00035610946322728857,0.15929192374175152,24.769894141842361,19.964263971299964,-0.44236808414248474,8.7817565516226868,-0.40463097142105975,-5.7970934910084315e-16,24.496940895309805,20.068741850824551,-0.37922517833234565,8.7036180275881101,-0.41409550396948053,-4.4408920985006262e-16,24.665736780879541,20.069026738395134,-0.37922517833234565,8.7036180275881101,-0.41415960367286137,1,1.8307835762794629,1.7616246212198707,1,1,1
1785568452.5182245,1,1,0.99833233272875377,0.97398724213117505,0.057728272348690393,3,0,1,0,-0.70259405133157804,-1.4132975072862421,-1.9046540507652414,-0.14889723107460387,-1.2149977414809945,0.77208641860851623,0,-0.13211661085732407,0.00035610946322728857,0.00035610946322728857,0.00035610946322728857,0.00035610946322728857,0.15929192374175152,24.769894141842361,20.252764895740714,-0.53853505895606835,8.8829142944779527,-0.36669681785033542,-3.7190845021684016e-16,24.572720002770936,20.013882088476819,-0.37736032488742643,8.7029041045727737,-0.4148100397334647,-4.4408920985006262e-16,24.731259935799724,20.013597200906236,-0.37748496319955599,8.7028400048693921,-0.41487413943684553,1,1.8307835762794629,1.7616246212198707,1,1,1
1785568452.5382245,1,1,0.99833233272875377,0.97398724213117505,0.057728272348690393,3,0,1,0,-0.70259547519988363,-1.4159112548725312,-1.9046341166089631,-0.1488977056973724,-1.2149910967622353,0.7720859439857477,-0.00035610946322728857,-0.12250165535018727,0.0010683283896818657,0,0,-0.00035610946322728857,-0.59734471403156819,24.292018370617104,19.791163416635513,-0.36543450429161783,8.6110528605544285,-0.40463097142105975,-4.0787685728904677e-16,24.647770153930253,19.959195495388187,-0.37550169675487988,8.7021322000435006,-0.41551640364769421,0.0004273313558723022,24.794772140350478,19.958340832676441,-0.37550169675487988,8.7021322000435006,-0.41545230394431326,1,1.8307835762794629,1.7616246212198707,1,1,1
1785568452.5582244,1,1,0.99833233272875377,0.97398724213117505,0.057728272348690393,3,0,1,0,-0.70259547519988363,-1.4179948488263734,-1.9045885528231843,-0.14890055343398359,-1.2149849266662442,0.7720859439857477,-0.00035610946322728857,-0.1089694957475503,0.003204985169045597,-0.00035610946322728857,0.00035610946322728857,0,0.15929192374175152,24.451310294358858,19.791163416635513,-0.26926752947803417,8.7122106034096927,-0.43624276606333007,-3.1946017012285388e-16,24.708113424045791,19.914881751555242,-0.37400589452748467,8.7014627203437644,-0.41608423046826132,0.0004273313558723022,24.83887681894285,19.912317763420006,-0.37388125621535512,8.7013986206403828,-0.41608423046826126,1,1.8307835762794629,1.7616246212198707,1,1,1
1785568452.5782244,1,1,0.99833233272875377,0.97398724213117505,0.057728272348690393,3,0,1,0,-0.70259452595434657,-1.4201947253585052,-1.9044793895864227,-0.14890624890720591,-1.214981129684096,0.77208546936297917,0,-0.096149555071367909,0.0060538608748639056,-0.0010683283896818657,0.00035610946322728857,0,0,25.566353760551117,19.887330391449098,-0.26926752947803417,8.7122106034096927,-0.40463097142105975,-2.9703073767956001e-16,24.773021594375965,19.866721267949199,-0.37239138602168342,8.7006923100442215,-0.41669515825166337,-4.4408920985006262e-16,24.888401060461607,19.86187817924931,-0.37201747108529476,8.7006282103408399,-0.41669515825166337,1,1.8307835762794629,1.7616246212198707,1,1,1
1785568452.5982244,1,1,0.99833233272875377,0.97398724213117505,0.057728272348690393,3,0,1,0,-0.70259167821773538,-1.4219285223319416,-1.9043412743607808,-0.1489337770277806,-1.2149778073247164,0.77208831709959036,0.00035610946322728857,-0.083685723858412817,0.0067660798013184824,-0.00035610946322728857,-0.00035610946322728857,0,0,24.769894141842361,19.791163416635513,-0.36543450429161783,8.5731187069837027,-0.30347322856579484,-1.8343345505739128e-16,24.8252244494915,19.827593974018193,-0.37116291278188684,8.7000263406522027,-0.41717769855822545,-0.00042733135587274629,24.925647318121595,19.822181110177137,-0.37103827446975729,8.7000904403555843,-0.4171776985582254,1,1.8307835762794629,1.7616246212198707,1,1,1
1785568452.6182244,1,1,0.99833233272875377,0.97398724213117505,0.057728272348690393,3,0,1,0,-0.70259215284050391,-1.4235104400194487,-1.9042098038538982,-0.1489318785367065,-1.2149730610970311,0.77208784247682183,0,-0.072646330498366871,0.0067660798013184824,0.00071221892645457715,0.00035610946322728857,0,0.15929192374175152,24.292018370617104,19.791163416635513,-0.53853505895606835,8.6110528605544285,-0.40463097142105975,-4.4758576185632837e-16,24.872910199456321,19.79172427720043,-0.36994002163102568,8.699397612406095,-0.41763255254697196,-4.4408920985006262e-16,24.960085796054361,19.786311413359375,-0.37018929825528479,8.6993335127027134,-0.41763255254697196,1,1.8307835762794629,1.7616246212198707,1,1,1
1785568452.6382246,1,1,0.99833233272875377,0.97398724213117505,0.057728272348690393,3,0,1,0,-0.70259167821773538,-1.4248578940593024,-1.904107285335896,-0.14893140391393797,-1.2149692641148828,0.77208784247682183,0.00035610946322728857,-0.066236360160275676,0.003204985169045597,0,0,0,-0.11946894280631364,24.61060221810061,20.425865450405166,-0.076933579850866907,8.6742764498389686,-0.40463097142105975,-3.6049722235143022e-16,24.913281171916839,19.761322954439862,-0.36890859544089544,8.6988452164642531,-0.41801631531044259,-0.00042733135587319038,24.992764804109171,19.758758966304626,-0.36890859544089544,8.6988452164642531,-0.41801631531044259,1,1.8307835762794629,1.7616246212198707,1,1,1
1785568452.6582246,1,1,0.99833233272875377,0.97398724213117505,0.057728272348690393,3,0,1,0,-0.7025902543494299,-1.4260354331480227,-1.904082130329164,-0.14893947250100295,-1.2149678402465773,0.77208974096789595,-0.00035610946322728857,-0.058045842506048037,0.00035610946322728857,-0.00035610946322728857,0.00035610946322728857,0,0.31858384748350305,25.725645684292868,19.964263971299964,-0.26926752947803417,8.6426646551966986,-0.53740050891859503,-5.2018664983138896e-16,24.947137077306682,19.736072754448493,-0.3680835499783609,8.6983712418914596,-0.41833086151958532,0.0004273313558723022,25.016792088313938,19.73578786687791,-0.36795891166623135,8.698307142188078,-0.41833086151958532,1,1.8307835762794629,1.7616246212198707,1,1,1
1785568452.6782246,1,1,0.99833233272875377,0.97398724213117505,0.057728272348690393,3,0,1,0,-0.7025902543494299,-1.4272053782724468,-1.9040517544719782,-0.14894469335145677,-1.2149645178871975,0.77209021559066449,0,-0.053772528947320576,0.0028488757058183086,0,0.00035610946322728857,0,0,24.61060221810061,19.233394962716726,-0.26926752947803417,8.7438223980519627,-0.30347322856579484,-1.3599961001115046e-16,24.98085732374167,19.710843876023677,-0.36724815837752994,8.6978856482809057,-0.41864412604478257,0,25.045384358478454,19.708564775459024,-0.36724815837752994,8.6978215485775241,-0.41864412604478252,1,1.8307835762794629,1.7616246212198707,1,1,1
1785568452.6982245,1,1,0.99833233272875377,0.97398724213117505,0.057728272348690393,3,0,1,0,-0.7025902543494299,-1.4282343604346175,-1.9039463882173646,-0.14894991420191059,-1.2149355658983172,0.77208974096789595,0,-0.045582011293092937,0.0056977514116366172,-0.00071221892645457715,0.0010683283896818657,0,0,24.929186065584112,19.598829467008347,-0.26926752947803417,8.6110528605544285,-0.43624276606333007,-2.4589705271971241e-16,25.012199718116545,19.68696609761647,-0.36645074394685367,8.6974022675091955,-0.41893958426476963,-4.4408920985006262e-16,25.066898131668257,19.68240789648716,-0.36620146732259456,8.6972099683990525,-0.41893958426476963,1,1.8307835762794629,1.7616246212198707,1,1,1
1785568452.7182245,1,1,0.99833233272875377,0.97398724213117505,0.057728272348690393,3,0,1,0,-0.7025902543494299,-1.4290103686611624,-1.9038481413042792,-0.1489584574117441,-1.2149322435389376,0.77209021559066449,0,-0.035254836859501565,0.0042733135587274627,-0.00035610946322728857,0,0.00035610946322728857,-0.59734471403156819,24.451310294358858,19.791163416635513,-0.53853505895606835,8.7817565516226868,-0.30347322856579484,-1.6998934811857103e-16,25.036223644659792,19.668551219546828,-0.36585758097094945,8.6970299139296401,-0.41916393802610941,0,25.078529448891192,19.665132568699846,-0.36573294265881989,8.6970299139296401,-0.4192280377294903,1,1.8307835762794629,1.7616246212198707,1,1,1
1785568452.7382245,1,1,0.99833233272875377,0.97398724213117505,0.057728272348690393,3,0,1,0,-0.70258930510389284,-1.4296363960928522,-1.90374467354074,-0.14896130514835529,-1.2149308196706319,0.77209021559066449,0.00035610946322728857,-0.030269304374319527,0.0071221892645457717,0,0,0.00035610946322728857,-0.59734471403156819,24.61060221810061,19.694996441821928,-0.26926752947803417,8.5415069123414327,-0.36669681785033542,-7.0963742694607479e-16,25.056119596824495,19.653175299146895,-0.36534780607535527,8.6967160881016543,-0.41935317988792065,-0.00042733135587363447,25.092442762073677,19.647477547735257,-0.36534780607535527,8.6967160881016543,-0.41941727959130154,1,1.8307835762794629,1.7616246212198707,1,1,1
1785568452.7582245,1,1,0.99833233272875377,0.97398724213117505,0.057728272348690393,3,0,1,0,-0.70258930510389284,-1.4301447170779467,-1.9035814033083658,-0.14896367826219792,-1.2149298704250948,0.77208974096789595,0,-0.020298239403955448,0.0081905176542276369,0,0,0,0.31858384748350305,25.247769913067614,19.425728912343896,-0.53853505895606835,8.7438223980519627,-0.3350850232080651,-4.3743491901643283e-16,25.073989435406467,19.639010804810368,-0.36487722911633041,8.6964233566311364,-0.41952663461644374,-4.4408920985006262e-16,25.098347322691215,19.632458390686985,-0.36487722911633041,8.6964233566311364,-0.41952663461644368,1,1.8307835762794629,1.7616246212198707,1,1,1
1785568452.7782245,1,1,0.99833233272875377,0.97398724213117505,0.057728272348690393,3,0,1,0,-0.70258930510389284,-1.430477902261454,-1.9033825363683523,-0.14896557675327204,-1.2149298704250948,0.77208974096789595,0,-0.015312706918773409,0.013176050139409676,0,0.00035610946322728857,0,-0.27876086654806514,24.451310294358858,19.791163416635513,-0.44236808414248474,8.6426646551966986,-0.47417691963405439,-2.505049119527758e-16,25.087695362665976,19.627783150374711,-0.36450483999320782,8.6961890215721063,-0.41966443378036461,-4.4408920985006262e-16,25.106070610968505,19.617242310263183,-0.36450483999320782,8.6961249218687247,-0.41966443378036455,1,1.8307835762794629,1.7616246212198707,1,1,1
1785568452.7982244,1,1,0.99833233272875377,0.97398724213117505,0.057728272348690393,3,0,1,0,-0.70258835585835577,-1.4307527088444323,-1.9030640644906693,-0.14897032298095733,-1.2149303450478635,0.77208974096789595,0,-0.012107721749727811,0.021722677256864602,-0.00035610946322728857,0,0,0.31858384748350305,25.247769913067614,19.694996441821928,-0.26926752947803417,8.9461378837624927,-0.40463097142105975,-4.9709314355744771e-16,25.102356184949059,19.615256504760893,-0.36409857848459826,8.6959242876602403,-0.41981611904284127,-4.4408920985006262e-16,25.116885451048731,19.597878362955402,-0.3639739401724687,8.6959242876602403,-0.41981611904284122,1,1.8307835762794629,1.7616246212198707,1,1,1
1785568452.8182244,1,1,0.99833233272875377,0.97398724213117505,0.057728272348690393,3,0,1,0,-0.70258835585835577,-1.4309283192687881,-1.9024921440545919,-0.14897174684926293,-1.2149303450478635,0.77208974096789595,0,-0.0042733135587274627,0.030625413837546817,0,0,0,0.15929192374175152,24.132726446875353,19.598829467008347,-0.53853505895606835,8.6742764498389686,-0.47417691963405439,-1.6996224306425889e-16,25.119735491758284,19.59946368734796,-0.3635707383722932,8.6955874097186641,-0.42001020468058337,0,25.124863468028757,19.574963356277923,-0.3635707383722932,8.6955874097186641,-0.42001020468058337,1,1.8307835762794629,1.7616246212198707,1,1,1
1785568452.8382244,1,1,0.99833233272875377,0.97398724213117505,0.057728272348690393,3,0,1,0,-0.70258835585835577,-1.4309577458804368,-1.9018566241675317,-0.14897269609479999,-1.2149298704250948,0.77208974096789595,0,-0.00035610946322728857,0.034542617933046992,0,0,0,0.15929192374175152,25.088477989325863,19.694996441821928,0.096166974813583633,8.6426646551966986,-0.26553907499507046,-3.7343988578547593e-16,25.134387459843708,19.585406175752226,-0.36309980713278023,8.6952835039075147,-0.4201828987322514,-4.4408920985006262e-16,25.134814791199581,19.557772081405787,-0.36309980713278023,8.6952835039075147,-0.42018289873225134,1,1.8307835762794629,1.7616246212198707,1,1,1
1785568452.8582244,1,1,0.99833233272875377,0.97398724213117505,0.057728272348690393,3,0,1,0,-0.70258788123558724,-1.4309577458804368,-1.9010412222511988,-0.14897791694525381,-1.2149279719340209,0.77208974096789595,0,0,0.043801463976956494,-0.00035610946322728857,-0.00035610946322728857,0,0.15929192374175152,25.247769913067614,18.137091449841876,-0.44236808414248474,8.7438223980519627,-0.36669681785033542,-3.2246883115150116e-16,25.1521357021293,19.568154609928257,-0.36253549138935237,8.6949036580067265,-0.42039171615480059,-4.4408920985006262e-16,25.1521357021293,19.533113438746692,-0.36241085307722282,8.6949677577101081,-0.42039171615480053,1,1.8307835762794629,1.7616246212198707,1,1,1
1785568452.8782246,1,1,0.99833233272875377,0.97398724213117505,0.057728272348690393,3,0,1,0,-0.70258788123558724,-1.4309563220121311,-1.9001508299374386,-0.14897934081355937,-1.2149284465567893,0.77209021559066449,0,0,0.046650339682774801,0,0.00035610946322728857,0.00035610946322728857,0.15929192374175152,24.61060221810061,20.252764895740714,-0.53853505895606835,8.6742764498389686,-0.40463097142105975,-1.8898999119137949e-16,25.171489733475937,19.549333386392632,-0.36190651669289575,8.6944855772015632,-0.42062255881630584,0,25.171489733475937,19.512013114646411,-0.36190651669289575,8.6944214774981816,-0.42068665851968673,1,1.8307835762794629,1.7616246212198707,1,1,1
1785568452.8982246,1,1,0.99833233272875377,0.97398724213117505,0.057728272348690393,3,0,1,0,-0.70258788123558724,-1.4309567966348997,-1.8991797517530282,-0.14897934081355937,-1.2149260734429468,0.77208974096789595,0,0,0.047718668072456664,0,0.00035610946322728857,0,0.15929192374175152,24.929186065584112,19.425728912343896,-0.26926752947803417,8.6426646551966986,-0.43624276606333007,-2.9675968713643863e-16,25.192673700960587,19.528745183016159,-0.36121196147656243,8.6940196947229449,-0.42087418204345267,-4.4408920985006262e-16,25.192673700960587,19.490570248558193,-0.36121196147656243,8.6939555950195633,-0.42087418204345262,1,1.8307835762794629,1.7616246212198707,1,1,1
1785568452.9182246,1,1,0.99833233272875377,0.97398724213117505,0.057728272348690393,3,0,1,0,-0.70258788123558724,-1.4309572712576681,-1.8982580343365449,-0.14897934081355937,-1.2149241749518727,0.77209021559066449,0,0,0.045938120756320228,-0.00035610946322728857,-0.00035610946322728857,0.00035610946322728857,-0.11946894280631364,25.725645684292868,19.425728912343896,-0.076933579850866907,8.5731187069837027,-0.43624276606333007,-2.532425224383017e-16,25.212799215631509,19.509185637579964,-0.3605531158734212,8.6935700035322672,-0.42111404070154179,-4.4408920985006262e-16,25.212799215631509,19.472435140974909,-0.36042847756129165,8.6936341032356488,-0.42117814040492269,1,1.8307835762794629,1.7616246212198707,1,1,1
1785568452.9382246,1,1,0.99833233272875377,0.97398724213117505,0.057728272348690393,3,0,1,0,-0.70258835585835577,-1.4309567966348997,-1.8973581495674139,-0.14897886619079087,-1.2149232257063356,0.77208974096789595,0.00035610946322728857,0,0.041308697734365477,0,0.00035610946322728857,0.00035610946322728857,0.15929192374175152,25.725645684292868,19.791163416635513,-0.36543450429161783,8.7122106034096927,-0.40463097142105975,-2.3090795768510031e-16,25.232437268228292,19.490093860413694,-0.35990827857808005,8.6931249855455324,-0.42134647149692772,-0.00042733135587319038,25.232437268228292,19.457046902226203,-0.35990827857808005,8.6930608858421508,-0.42141057120030861,1,1.8307835762794629,1.7616246212198707,1,1,1
1785568452.9582245,1,1,0.99833233272875377,0.97398724213117505,0.057728272348690393,3,0,1,0,-0.70258835585835577,-1.4309567966348997,-1.896554138597526,-0.14897886619079087,-1.2149189541014187,0.77208926634512742,0,0,0.04202091666082005,0,0,-0.00035610946322728857,-0.27876086654806514,24.929186065584112,19.887330391449098,0.096166974813583633,8.8133683462649568,-0.43624276606333007,-2.3285952159557421e-16,25.250010400303943,19.473012003774421,-0.35933198953712964,8.6927190748246197,-0.42155378255291537,-4.4408920985006262e-16,25.250010400303943,19.439395270445765,-0.35933198953712964,8.6927190748246197,-0.42148968284953442,1,1.8307835762794629,1.7616246212198707,1,1,1
1785568452.9782245,1,1,0.99833233272875377,0.97398724213117505,0.057728272348690393,3,0,1,0,-0.70258835585835577,-1.4309567966348997,-1.8957695871611475,-0.14897744232248528,-1.2149203779697244,0.77208974096789595,0.00035610946322728857,-0.00035610946322728857,0.038815931491774452,0,-0.00035610946322728857,0,0.47787577122525454,25.725645684292868,19.887330391449098,-0.26926752947803417,8.5098951176991626,-0.40463097142105975,-1.2480522258023763e-16,25.26716822495186,19.456333882045733,-0.35876691244421877,8.6923211967832685,-0.42175789655467444,-0.00042733135587274629,25.267595556307732,19.425281136852313,-0.35876691244421877,8.6923852964866501,-0.42175789655467444,1,1.8307835762794629,1.7616246212198707,1,1,1
1785568452.9982245,1,1,0.99833233272875377,0.97398724213117505,0.057728272348690393,3,0,1,0,-0.7025888304811243,-1.4309548981438256,-1.8949646269457223,-0.14897506920864262,-1.2149199033469558,0.77208926634512742,0,0,0.040952588271138186,0,0,0,0.15929192374175152,25.247769913067614,19.233394962716726,-0.26926752947803417,8.5731187069837027,-0.43624276606333007,-2.8880435369582624e-17,25.284731881334277,19.439249288624506,-0.35818399766921893,8.6919075698267143,-0.4219658162539206,0,25.284731881334277,19.406487218007594,-0.35818399766921893,8.6919075698267143,-0.4219658162539206,1,1.8307835762794629,1.7616246212198707,1,1,1
1785568453.0182245,1,1,0.99833233272875377,0.97398724213117505,0.057728272348690393,3,0,1,0,-0.70258930510389284,-1.4309529996527515,-1.8941777023955013,-0.14897364534033705,-1.2149199033469558,0.77208974096789595,0,0.00035610946322728857,0.039172040955001743,0,0,0,0.47787577122525454,25.884937608034619,19.425728912343896,0,8.8449801409072286,-0.40463097142105975,-3.539920093165172e-16,25.301913440041393,19.422535943887112,-0.35761775096260895,8.6914977747358861,-0.42216959814401567,-4.4408920985006262e-16,25.30148610868552,19.391198311123112,-0.35761775096260895,8.6914977747358861,-0.42216959814401567,1,1.8307835762794629,1.7616246212198707,1,1,1
1785568453.0382245,1,1,0.99833233272875377,0.97398724213117505,0.057728272348690393,3,0,1,0,-0.70258930510389284,-1.4309534742755199,-1.8934145089837067,-0.14897364534033705,-1.2149180048558816,0.77208926634512742,0,0,0.034898727396274282,0,0.00035610946322728857,0,-0.27876086654806514,25.088477989325863,19.694996441821928,-0.36543450429161783,8.7817565516226868,-0.5753346624893193,-2.9314116238576826e-17,25.318655181420315,19.406264761163953,-0.35707016559952059,8.6910924697352989,-0.42236532485694239,0,25.318655181420315,19.378345779246935,-0.35707016559952059,8.6910283700319173,-0.42236532485694234,1,1.8307835762794629,1.7616246212198707,1,1,1
1785568453.0582244,1,1,0.99833233272875377,0.97398724213117505,0.057728272348690393,3,0,1,0,-0.70258930510389284,-1.4309529996527515,-1.8927329506880992,-0.14897222147203146,-1.2149165809875762,0.77208879172235889,0,0.00035610946322728857,0.030269304374319527,0,0,0,0,26.641574245807941,19.598829467008347,0,8.6742764498389686,-0.53740050891859503,-8.9582204501614804e-17,25.333590141339847,19.391743937033098,-0.35657690618559268,8.69072728180506,-0.42254054190255708,0,25.333162809983975,19.367528493533644,-0.35657690618559268,8.69072728180506,-0.42254054190255708,1,1.8307835762794629,1.7616246212198707,1,1,1
1785568453.0782244,1,1,0.99833233272875377,0.97398724213117505,0.057728272348690393,3,0,1,0,-0.70258977972666137,-1.430951575784446,-1.8923224019933216,-0.14897079760372586,-1.2149161063648075,0.77208879172235889,0,0,0.016737144771682564,0,0.00035610946322728857,0,-0.59734471403156819,24.929186065584112,19.521895887157477,-0.36543450429161783,8.6110528605544285,-0.50578871427632466,-4.6623403922307904e-16,25.342558450819674,19.383017175178544,-0.35627893732128507,8.6905063551017445,-0.42264649478603933,-4.4408920985006262e-16,25.342558450819674,19.369627459361197,-0.35627893732128507,8.6904422553983629,-0.42264649478603933,1,1.8307835762794629,1.7616246212198707,1,1,1
1785568453.0982244,1,1,0.99833233272875377,0.97398724213117505,0.057728272348690393,3,0,1,0,-0.70258977972666137,-1.4309520504072144,-1.8920926845733537,-0.14897032298095733,-1.2149156317420391,0.77208831709959036,0.00035610946322728857,0,0.0046294230219547511,0,0,0,-0.11946894280631364,26.641574245807941,19.598829467008347,-0.44236808414248474,8.7438223980519627,-0.40463097142105975,-2.2425366685147052e-16,25.347614137238423,19.378105617139653,-0.35611197503866909,8.6903812109158594,-0.42270514510503282,-0.00042733135587319038,25.347614137238423,19.374402078722088,-0.35611197503866909,8.6903812109158594,-0.42270514510503276,1,1.8307835762794629,1.7616246212198707,1,1,1
# event,1785568453.3119149,RECOVERING,实体 FREE 松开：实体保持输入已释放；保持力矩控制并增强阻尼，静止后切回位置保持
1785568453.2182245,1,1,0.99833233272875377,0.97398724213117505,0.057728272348690393,3,0,1,0,-0.70259072897219843,-1.430946354933992,-1.8921092963702522,-0.1489679498671147,-1.2149151571192705,0.77208879172235889,-0.00035610946322728857,0,0,0,0,0.00035610946322728857,-0.27876086654806514,24.769894141842361,19.425728912343896,-0.26926752947803417,8.8449801409072286,-0.5753346624893193,-5.9644672013858813e-16,25.347087778436759,19.378581749592787,-0.35612021289793111,8.6903937142430063,-0.42270176897623618,0.0004273313558723022,25.347087778436759,19.378581749592787,-0.35612021289793111,8.6903937142430063,-0.42276586867961702,1,1.8307835762794629,1.7616246212198707,1,1,1
1785568453.2382245,1,1,0.99833233272875377,0.97398724213117505,0.057728272348690393,3,0,1,0,-0.7025902543494299,-1.4309468295567607,-1.8921050247653353,-0.1489679498671147,-1.2149151571192705,0.77208831709959036,0,0,0.00035610946322728857,0,0,0,0,26.322990398324436,19.694996441821928,-0.26926752947803417,8.7438223980519627,-0.40463097142105975,-4.6678969283647787e-16,25.347194898478477,19.378480593512784,-0.35611649341928991,8.6903911577890156,-0.42270226269262995,-4.4408920985006262e-16,25.347194898478477,19.378195705942201,-0.35611649341928991,8.6903911577890156,-0.42270226269262989,1,1.8307835762794629,1.7616246212198707,1,1,1
1785568453.2582245,1,1,0.99833233272875377,0.97398724213117505,0.057728272348690393,3,0,1,0,-0.7025902543494299,-1.4309473041795291,-1.8921021770287241,-0.1489679498671147,-1.2149151571192705,0.77208879172235889,0,0.00035610946322728857,0,0,-0.00035610946322728857,0,0.15929192374175152,24.929186065584112,19.425728912343896,-0.53853505895606835,8.8829142944779527,-0.40463097142105975,-5.6114238689702889e-16,25.347271006285347,19.378409577119733,-0.35611443207846227,8.6903893255561435,-0.42270383768310754,-4.4408920985006262e-16,25.346843674929474,19.378409577119733,-0.35611443207846227,8.6904534252595251,-0.42270383768310749,1,1.8307835762794629,1.7616246212198707,1,1,1
1785568453.2782245,1,1,0.99833233272875377,0.97398724213117505,0.057728272348690393,3,0,1,0,-0.7025902543494299,-1.4309473041795291,-1.8921050247653353,-0.1489679498671147,-1.2149151571192705,0.77208831709959036,0,0,0,0,0,0,-0.59734471403156819,25.725645684292868,19.329561937530311,-0.36543450429161783,8.6426646551966986,-0.40463097142105975,-2.4633073358870661e-16,25.347208372607163,19.378470465711338,-0.35611615337444902,8.6903908996266512,-0.42270238438041019,-4.4408920985006262e-16,25.347208372607163,19.378470465711338,-0.35611615337444902,8.6903908996266512,-0.42270238438041019,1,1.8307835762794629,1.7616246212198707,1,1,1
1785568453.2982244,1,1,0.99833233272875377,0.97398724213117505,0.057728272348690393,3,0,1,0,-0.7025902543494299,-1.4309468295567607,-1.8921054993881039,-0.1489679498671147,-1.2149151571192705,0.77208879172235889,0,0,0,0,0,0.00035610946322728857,0.47787577122525454,25.247769913067614,19.521895887157477,-0.26926752947803417,8.6742764498389686,-0.50578871427632466,-3.732365978781349e-16,25.347184601524535,19.378490599618729,-0.35611715246676756,8.690391390891044,-0.42270286417746289,-4.4408920985006262e-16,25.347184601524535,19.378490599618729,-0.35611715246676756,8.690391390891044,-0.42276696388084373,1,1.8307835762794629,1.7616246212198707,1,1,1
1785568453.3182244,6,1,0.99833233272875377,0.97398724213117505,0.057728272348690393,3,0,1,1,-0.7025902543494299,-1.4309477788022977,-1.8921031262742611,-0.1489679498671147,-1.2149151571192705,0.77208879172235889,-0.00035610946322728857,0,0,0,-0.00035610946322728857,0.00035610946322728857,0.31858384748350305,25.566353760551117,18.964127433238694,-0.53853505895606835,8.8829142944779527,-0.40463097142105975,-4.1058736272026053e-16,25.347263643078872,19.378419704947532,-0.35611477213138448,8.6903895837295,-0.42270371599440931,5.9886216211562558e-05,25.347239817407687,19.378159045193122,-0.35611512846310805,8.6904657992159535,-0.42271522744575352,1,1.8307835762794629,1.7616246212198707,1,1,1
1785568453.3382244,6,1,0.99833233272875377,0.97398724213117505,0.057728272348690393,3,0,1,1,-0.7025902543494299,-1.4309473041795291,-1.8921040755197982,-0.1489679498671147,-1.214914682496502,0.77208831709959036,0,0,0,0,0,0,0,24.61060221810061,19.329561937530311,0.096166974813583633,8.6110528605544285,-0.47417691963405439,-4.4769418207357692e-16,25.347229442115857,19.37844997573638,-0.35611533523910988,8.6903900867582617,-0.42270265281466746,-4.4408920985006262e-16,25.347242044951905,19.378204468475239,-0.35611507224684197,8.6904426832772508,-0.42270277126807015,1,1.8307835762794629,1.7616246212198707,1,1,1
1785568453.3582244,6,1,0.99833233272875377,0.97398724213117505,0.057728272348690393,3,0,1,1,-0.7025902543494299,-1.4309468295567607,-1.8921078725019465,-0.14896842448988323,-1.2149156317420391,0.77208831709959036,0,0,0,-0.00035610946322728857,0,0,-0.11946894280631364,25.566353760551117,19.329561937530311,0,8.6426646551966986,-0.47417691963405439,-6.4099387690058629e-16,25.347132228160575,19.378541498729327,-0.35612025689164817,8.6903928651997724,-0.42270118850025606,-4.4408920985006262e-16,25.347245760040778,19.378280225233922,-0.35546678234687223,8.6904249385243482,-0.42270280481971989,1,1.8307835762794629,1.7616246212198707,1,1,1
1785568453.3782246,6,1,0.99833233272875377,0.97398724213117505,0.057728272348690393,3,0,1,1,-0.7025902543494299,-1.4309468295567607,-1.8921069232564094,-0.1489679498671147,-1.2149156317420391,0.77208879172235889,0,0,0.00035610946322728857,0,-0.00035610946322728857,0.00035610946322728857,0.15929192374175152,25.247769913067614,19.598829467008347,-0.53853505895606835,8.6426646551966986,-0.36669681785033542,-3.3981606591126923e-16,25.34715311343767,19.378521217325343,-0.35611831065135102,8.690392461881947,-0.42270247405251665,-4.4408920985006262e-16,25.347249669157215,19.376237030427816,-0.35611487983568763,8.6910696758009429,-0.42336624890654551,1,1.8307835762794629,1.7616246212198707,1,1,1
1785568453.3982246,6,1,0.99833233272875377,0.97398724213117505,0.057728272348690393,3,0,1,1,-0.7025902543494299,-1.4309473041795291,-1.8921036008970298,-0.1489679498671147,-1.214914682496502,0.77208831709959036,0,0,0,-0.00035610946322728857,0,0,0.31858384748350305,26.203521455518125,19.425728912343896,0,8.6110528605544285,-0.40463097142105975,-4.5955264333513712e-16,25.347239860780405,19.378439847919644,-0.35611499519051149,8.6903898285883958,-0.42270277450277988,-4.4408920985006262e-16,25.347252478784124,19.378417231436408,-0.3547563310957782,8.6903928471142677,-0.42270286549792468,1,1.8307835762794629,1.7616246212198707,1,1,1
1785568453.4182246,6,1,0.99833233272875377,0.97398724213117505,0.057728272348690393,3,0,1,1,-0.70259072897219843,-1.4309468295567607,-1.8921121441068633,-0.1489679498671147,-1.2149156317420391,0.77208784247682183,-0.00035610946322728857,0,-0.00035610946322728857,0,0,0,-0.43805279028981664,24.769894141842361,18.964127433238694,0,8.6742764498389686,-0.40463097142105975,-2.5444869735519182e-16,25.347038265432236,19.378632866017554,-0.35612141317400914,8.6903953515459929,-0.42269968912054245,0.0042733135587270186,25.347253102717481,19.381278830167279,-0.35611479318333927,8.690389866958574,-0.42270287113278138,1,1.8307835762794629,1.7616246212198707,1,1,1
1785568453.4382246,6,1,0.99833233272875377,0.97398724213117505,0.057728272348690393,3,0,1,1,-0.7025902543494299,-1.430946354933992,-1.89211641571178,-0.1489679498671147,-1.2149165809875762,0.77208784247682183,0,0,0,0,0,0,0.31858384748350305,25.407061836809365,19.521895887157477,-0.36543450429161783,8.7817565516226868,-0.43624276606333007,-4.4582393332603942e-16,25.346930560124029,19.378734611700629,-0.35612508972015922,8.6903985257054881,-0.42269842209357233,-4.4408920985006262e-16,25.347253102717481,19.37842995446146,-0.35611479318333927,8.690389866958574,-0.42270287113278138,1,1.8307835762794629,1.7616246212198707,1,1,1
1785568453.4582245,6,1,0.99833233272875377,0.97398724213117505,0.057728272348690393,3,0,1,1,-0.7025902543494299,-1.4309468295567607,-1.8921036008970298,-0.14896747524434617,-1.214913733250965,0.77208784247682183,0,0,0.00071221892645457715,0.00035610946322728857,0,-0.00035610946322728857,0.15929192374175152,25.247769913067614,19.425728912343896,-0.26926752947803417,8.8133683462649568,-0.50578871427632466,-2.2562247209423347e-16,25.347226655690882,19.378449724538388,-0.35611315503234192,8.6903896567712469,-0.42270229875429571,-4.4408920985006262e-16,25.347253102717481,19.372732203049821,-0.35753923103624841,8.690389866958574,-0.42181259747471317,1,1.8307835762794629,1.7616246212198707,1,1,1
1785568453.4782245,6,1,0.99833233272875377,0.97398724213117505,0.057728272348690393,3,0,1,1,-0.7025902543494299,-1.4309477788022977,-1.8921007531604186,-0.1489679498671147,-1.2149127840054279,0.77208831709959036,0,0,-0.00071221892645457715,0,0,0,-0.43805279028981664,25.247769913067614,19.425728912343896,-0.53853505895606835,8.5731187069837027,-0.40463097142105975,-1.020098719037299e-16,25.347316775903064,19.378368015557172,-0.35611206270234191,8.6903868351086686,-0.42270372654131616,-4.4408920985006262e-16,25.347253102717481,19.384127705873098,-0.35611479318333927,8.690389866958574,-0.42270287113278138,1,1.8307835762794629,1.7616246212198707,1,1,1
1785568453.4982245,6,1,0.99833233272875377,0.97398724213117505,0.057728272348690393,3,0,1,1,-0.7025902543494299,-1.4309473041795291,-1.8921078725019465,-0.1489679498671147,-1.2149142078737334,0.77208784247682183,0,-0.00035610946322728857,-0.00035610946322728857,0,-0.00035610946322728857,0,-0.75663663777331969,24.451310294358858,19.694996441821928,0.19233394962716727,8.5415069123414327,-0.50578871427632466,-3.5017019665850579e-16,25.347146203453072,19.37853088545835,-0.35611759858536862,8.6903918805801297,-0.42270098119115085,-4.4408920985006262e-16,25.351526416276208,19.381278830167279,-0.35611479318333927,8.6912801406166427,-0.42270287113278138,1,1.8307835762794629,1.7616246212198707,1,1,1
1785568453.5182245,6,1,0.99833233272875377,0.97398724213117505,0.057728272348690393,3,0,1,1,-0.7025902543494299,-1.4309468295567607,-1.8921045501425668,-0.1489679498671147,-1.2149132586281963,0.77208831709959036,0,0,0.00035610946322728857,0,0,0.00035610946322728857,-0.59734471403156819,24.451310294358858,18.867960458425109,-0.73086900858323567,8.5415069123414327,-0.3350850232080651,-3.4197091772908417e-16,25.347206245912076,19.378469528280164,-0.35611560121658886,8.6903897134770798,-0.4227024846114309,-4.4408920985006262e-16,25.347253102717481,19.375581078755641,-0.35611479318333927,8.690389866958574,-0.42359314479084959,1,1.8307835762794629,1.7616246212198707,1,1,1
1785568453.5382245,6,1,0.99833233272875377,0.97398724213117505,0.057728272348690393,3,0,1,1,-0.7025902543494299,-1.4309482534250662,-1.892101227783187,-0.1489679498671147,-1.2149127840054279,0.77208879172235889,0,-0.00035610946322728857,0,0,0,0.00035610946322728857,0.47787577122525454,25.088477989325863,19.521895887157477,-0.076933579850866907,8.7817565516226868,-0.47417691963405439,-1.9102287026478981e-16,25.347319953050999,19.378367893867804,-0.35611238170143861,8.690386810052285,-0.4227044497144461,-4.4408920985006262e-16,25.351526416276208,19.37842995446146,-0.35611479318333927,8.690389866958574,-0.42359314479084959,1,1.8307835762794629,1.7616246212198707,1,1,1
1785568453.5582244,6,1,0.99833233272875377,0.97398724213117505,0.057728272348690393,3,0,1,1,-0.7025902543494299,-1.4309477788022977,-1.8921045501425668,-0.1489679498671147,-1.2149132586281963,0.77208831709959036,0,0,0,0,0,0,-0.43805279028981664,26.203521455518125,19.137227987903145,-0.53853505895606835,8.7438223980519627,-0.43624276606333007,-4.5471439114042056e-16,25.347233194189215,19.378449272647543,-0.35611492112772086,8.6903891971309175,-0.42270272798577246,-4.4408920985006262e-16,25.347253102717481,19.37842995446146,-0.35611479318333927,8.690389866958574,-0.42270287113278138,1,1.8307835762794629,1.7616246212198707,1,1,1
1785568453.5782244,6,1,0.99833233272875377,0.97398724213117505,0.057728272348690393,3,0,1,1,-0.7025902543494299,-1.4309468295567607,-1.8921054993881039,-0.1489679498671147,-1.2149127840054279,0.77208831709959036,0,0,0.00035610946322728857,0,0,0,0.15929192374175152,25.088477989325863,19.598829467008347,-0.26926752947803417,8.6742764498389686,-0.40463097142105975,-2.036267205199338e-16,25.347185640799132,19.378489549536347,-0.35611614327333491,8.6903899332763075,-0.42270226629275143,-4.4408920985006262e-16,25.347253102717481,19.375581078755641,-0.35611479318333927,8.690389866958574,-0.42270287113278138,1,1.8307835762794629,1.7616246212198707,1,1,1
1785568453.5982244,6,1,0.99833233272875377,0.97398724213117505,0.057728272348690393,3,0,1,1,-0.7025902543494299,-1.4309473041795291,-1.8921036008970298,-0.1489679498671147,-1.2149127840054279,0.77208831709959036,0,0,0.00035610946322728857,0,0,-0.00035610946322728857,0.31858384748350305,25.725645684292868,19.694996441821928,-0.53853505895606835,8.7817565516226868,-0.47417691963405439,-3.4427484734561586e-16,25.347240789598089,19.378438910455529,-0.35611444303743223,8.6903886424073313,-0.42270287473119789,-4.4408920985006262e-16,25.347253102717481,19.375581078755641,-0.35611479318333927,8.690389866958574,-0.42181259747471317,1,1.8307835762794629,1.7616246212198707,1,1,1
1785568453.6182244,6,1,0.99833233272875377,0.97398724213117505,0.057728272348690393,3,0,1,1,-0.7025902543494299,-1.4309473041795291,-1.8921031262742611,-0.1489679498671147,-1.2149127840054279,0.77208831709959036,0,0.00035610946322728857,-0.00035610946322728857,0,0,0.00035610946322728857,0.31858384748350305,24.61060221810061,19.137227987903145,-0.26926752947803417,8.6742764498389686,-0.43624276606333007,-4.7348464125157586e-16,25.347251208275434,19.378428782626131,-0.35611410298928176,8.6903883842277256,-0.4227029964187482,-4.4408920985006262e-16,25.342979789158754,19.381278830167279,-0.35611479318333927,8.690389866958574,-0.42359314479084959,1,1.8307835762794629,1.7616246212198707,1,1,1
1785568453.6382246,6,1,0.99833233272875377,0.97398724213117505,0.057728272348690393,3,0,1,1,-0.7025902543494299,-1.4309468295567607,-1.8921045501425668,-0.1489679498671147,-1.2149127840054279,0.77208879172235889,0,0,0.00035610946322728857,0,0,0.00035610946322728857,0.47787577122525454,25.725645684292868,19.521895887157477,-0.076933579850866907,8.6426646551966986,-0.40463097142105975,-1.0206408201235417e-16,25.347206599803176,19.378469172226929,-0.35611578217625112,8.6903893918774795,-0.42270323284236383,-4.4408920985006262e-16,25.347253102717481,19.375581078755641,-0.35611479318333927,8.690389866958574,-0.42359314479084959,1,1.8307835762794629,1.7616246212198707,1,1,1
1785568453.6582246,6,1,0.99833233272875377,0.97398724213117505,0.057728272348690393,3,0,1,1,-0.7025902543494299,-1.4309473041795291,-1.8921045501425668,-0.14896747524434617,-1.2149127840054279,0.77208831709959036,0.00035610946322728857,0,0,0,0,0,-0.11946894280631364,25.725645684292868,19.598829467008347,-0.36543450429161783,8.7817565516226868,-0.53740050891859503,-3.9498840396362533e-16,25.347219878600846,19.378459261936598,-0.35611353800423112,8.6903892967992089,-0.42270295035402666,-0.0042733135587279068,25.347253102717481,19.37842995446146,-0.35611479318333927,8.690389866958574,-0.42270287113278138,1,1.8307835762794629,1.7616246212198707,1,1,1
1785568453.6782246,6,1,0.99833233272875377,0.97398724213117505,0.057728272348690393,3,0,1,1,-0.7025902543494299,-1.4309477788022977,-1.8921021770287241,-0.1489679498671147,-1.2149127840054279,0.77208831709959036,0,-0.00035610946322728857,0,0,0,0,0,25.725645684292868,19.329561937530311,-0.36543450429161783,8.5098951176991626,-0.40463097142105975,-3.1634308887695806e-16,25.347285519803744,19.378398399111489,-0.35611308284799731,8.6903876096768506,-0.42270336148009358,-4.4408920985006262e-16,25.351526416276208,19.37842995446146,-0.35611479318333927,8.690389866958574,-0.42270287113278138,1,1.8307835762794629,1.7616246212198707,1,1,1
1785568453.6982245,6,1,0.99833233272875377,0.97398724213117505,0.057728272348690393,3,0,1,1,-0.70259072897219843,-1.4309473041795291,-1.8921045501425668,-0.1489679498671147,-1.2149127840054279,0.77208784247682183,-0.00035610946322728857,0,0,-0.00035610946322728857,0,-0.00035610946322728857,0.31858384748350305,24.451310294358858,19.329561937530311,-0.26926752947803417,8.5731187069837027,-0.40463097142105975,-5.3116419682780469e-16,25.347219830567223,19.378459287791287,-0.35611480413525803,8.6903891838177536,-0.42270190818203995,0.0042733135587270186,25.347253102717481,19.37842995446146,-0.35469035533043014,8.690389866958574,-0.42181259747471317,1,1.8307835762794629,1.7616246212198707,1,1,1
1785568453.7182245,6,1,0.99833233272875377,0.97398724213117505,0.057728272348690393,3,0,1,1,-0.7025902543494299,-1.4309473041795291,-1.8921045501425668,-0.14896747524434617,-1.2149127840054279,0.77208831709959036,0,-0.00035610946322728857,0,0.00035610946322728857,0,0,0.15929192374175152,25.247769913067614,19.425728912343896,-0.82703598339681927,8.7438223980519627,-0.43624276606333007,-3.9498840396362533e-16,25.347219878600846,19.378459261936598,-0.35611353800423112,8.6903892967992089,-0.42270295035402666,-4.4408920985006262e-16,25.351526416276208,19.37842995446146,-0.35753923103624841,8.690389866958574,-0.42270287113278138,1,1.8307835762794629,1.7616246212198707,1,1,1
1785568453.7382245,6,1,0.99833233272875377,0.97398724213117505,0.057728272348690393,3,0,1,1,-0.70259072897219843,-1.4309473041795291,-1.8921031262742611,-0.1489679498671147,-1.2149127840054279,0.77208831709959036,-0.00035610946322728857,0,0,0,0,0,-0.43805279028981664,25.566353760551117,19.425728912343896,-0.076933579850866907,8.5415069123414327,-0.3350850232080651,-4.7348464125157586e-16,25.347251208275431,19.378428782626131,-0.35611410298928231,8.6903883842277274,-0.42270299641874776,0.0042733135587270186,25.347253102717481,19.37842995446146,-0.35611479318333927,8.690389866958574,-0.42270287113278138,1,1.8307835762794629,1.7616246212198707,1,1,1
1785568453.7582245,6,1,0.99833233272875377,0.97398724213117505,0.057728272348690393,3,0,1,1,-0.7025902543494299,-1.4309473041795291,-1.8921036008970298,-0.1489679498671147,-1.2149123093826593,0.77208831709959036,0.00035610946322728857,0,0,0,0.00035610946322728857,0,0.47787577122525454,25.088477989325863,19.521895887157477,-0.44236808414248474,8.7817565516226868,-0.40463097142105975,-2.0568670464765626e-16,25.347241021807658,19.378438676084379,-0.35611430499888191,8.6903883458571709,-0.42270289978800851,-0.0042733135587279068,25.347253102717481,19.37842995446146,-0.35611479318333927,8.6894995933005053,-0.42270287113278138,1,1.8307835762794629,1.7616246212198707,1,1,1
1785568453.7782245,6,1,0.99833233272875377,0.97398724213117505,0.057728272348690393,3,0,1,1,-0.7025902543494299,-1.4309473041795291,-1.8921040755197982,-0.1489679498671147,-1.2149127840054279,0.77208831709959036,0,-0.00035610946322728857,0,0,-0.00035610946322728857,0.00035610946322728857,0.79645961870875759,25.725645684292868,19.329561937530311,-0.36543450429161783,8.7438223980519627,-0.47417691963405439,-5.5246876951714485e-16,25.347230370925264,19.378449038280507,-0.35611478308550287,8.6903889005849795,-0.42270275304355143,-4.4408920985006262e-16,25.351526416276208,19.37842995446146,-0.35611479318333927,8.6912801406166427,-0.42359314479084959,1,1.8307835762794629,1.7616246212198707,1,1,1
1785568453.7982244,6,1,0.99833233272875377,0.97398724213117505,0.057728272348690393,3,0,1,1,-0.70259072897219843,-1.4309473041795291,-1.8921036008970298,-0.1489679498671147,-1.2149123093826593,0.77208831709959036,-0.00035610946322728857,0,0,0,0,0,-0.43805279028981664,25.088477989325863,19.329561937530311,-0.36543450429161783,8.8829142944779527,-0.43624276606333007,-2.0568670464765626e-16,25.347241021807655,19.378438676084379,-0.35611430499888236,8.6903883458571709,-0.4227028997880084,0.0042733135587270186,25.347253102717481,19.37842995446146,-0.35611479318333927,8.690389866958574,-0.42270287113278138,1,1.8307835762794629,1.7616246212198707,1,1,1
1785568453.8182244,6,1,0.99833233272875377,0.97398724213117505,0.057728272348690393,3,0,1,1,-0.7025902543494299,-1.4309473041795291,-1.8921036008970298,-0.1489679498671147,-1.2149118347598908,0.77208831709959036,0,0,-0.00035610946322728857,0,0,0,-0.59734471403156819,25.247769913067614,19.521895887157477,-0.53853505895606835,8.7122106034096927,-0.3350850232080651,-2.8963105785234644e-16,25.347241254019284,19.378438441711175,-0.3561141669602188,8.6903880493050512,-0.42270292484470129,-4.4408920985006262e-16,25.347253102717481,19.381278830167279,-0.35611479318333927,8.690389866958574,-0.42270287113278138,1,1.8307835762794629,1.7616246212198707,1,1,1
1785568453.8382244,6,1,0.99833233272875377,0.97398724213117505,0.057728272348690393,3,0,1,1,-0.7025902543494299,-1.4309473041795291,-1.8921040755197982,-0.1489679498671147,-1.2149123093826593,0.77208831709959036,0,0,0,-0.00035610946322728857,0,0,0.47787577122525454,25.088477989325863,19.425728912343896,-0.36543450429161783,8.5415069123414327,-0.36669681785033542,-4.1336563078725463e-16,25.347230603132758,19.378448803911422,-0.356114645046821,8.6903886040367642,-0.42270277810047924,-4.4408920985006262e-16,25.347253102717481,19.37842995446146,-0.35469035533043014,8.690389866958574,-0.42270287113278138,1,1.8307835762794629,1.7616246212198707,1,1,1
1785568453.8582244,6,1,0.99833233272875377,0.97398724213117505,0.057728272348690393,3,0,1,1,-0.7025902543494299,-1.4309473041795291,-1.8921040755197982,-0.14896747524434617,-1.2149123093826593,0.77208831709959036,0,0,0,0,0,0,0,25.725645684292868,19.521895887157477,-0.076933579850866907,8.7438223980519627,-0.43624276606333007,-5.9887262249952444e-16,25.347230529476818,19.378448899746822,-0.35611305991950987,8.690388742075287,-0.42270309709839721,-4.4408920985006262e-16,25.347253102717481,19.37842995446146,-0.35611479318333927,8.690389866958574,-0.42270287113278138,1,1.8307835762794629,1.7616246212198707,1,1,1
1785568453.8782246,6,1,0.99833233272875377,0.97398724213117505,0.057728272348690393,3,0,1,1,-0.7025902543494299,-1.4309473041795291,-1.8921031262742611,-0.1489679498671147,-1.2149118347598908,0.77208831709959036,0,0,0,0,0,0,-0.59734471403156819,25.247769913067614,19.425728912343896,-0.53853505895606835,8.8449801409072286,-0.43624276606333007,-8.679038390746463e-17,25.347251672700764,19.378428313877656,-0.35611382691233268,8.6903877911215552,-0.42270304653201818,-4.4408920985006262e-16,25.347253102717481,19.37842995446146,-0.35611479318333927,8.690389866958574,-0.42270287113278138,1,1.8307835762794629,1.7616246212198707,1,1,1
1785568453.8982246,6,1,0.99833233272875377,0.97398724213117505,0.057728272348690393,3,0,1,1,-0.7025902543494299,-1.4309473041795291,-1.8921036008970298,-0.1489679498671147,-1.2149118347598908,0.77208831709959036,0,0,0.00035610946322728857,0,0.00035610946322728857,0,0.31858384748350305,24.769894141842361,19.425728912343896,-0.36543450429161783,8.5731187069837027,-0.43624276606333007,-2.8963105785234644e-16,25.347241254019284,19.378438441711175,-0.3561141669602188,8.6903880493050512,-0.42270292484470129,-4.4408920985006262e-16,25.347253102717481,19.375581078755641,-0.35611479318333927,8.6894995933005053,-0.42270287113278138,1,1.8307835762794629,1.7616246212198707,1,1,1
1785568453.9182246,6,1,0.99833233272875377,0.97398724213117505,0.057728272348690393,3,0,1,1,-0.7025902543494299,-1.4309473041795291,-1.8921036008970298,-0.14896747524434617,-1.2149123093826593,0.77208831709959036,0,0,0.00035610946322728857,0.00035610946322728857,-0.00035610946322728857,0,0.15929192374175152,25.247769913067614,19.598829467008347,-0.53853505895606835,8.6426646551966986,-0.43624276606333007,-2.8044244444053179e-16,25.3472409481517,19.3784387719198,-0.35611271987308485,8.6903884838955605,-0.42270321878562161,-4.4408920985006262e-16,25.347253102717481,19.375581078755641,-0.35753923103624841,8.6912801406166427,-0.42270287113278138,1,1.8307835762794629,1.7616246212198707,1,1,1
1785568453.9382246,6,1,0.99833233272875377,0.97398724213117505,0.057728272348690393,3,0,1,1,-0.7025902543494299,-1.4309473041795291,-1.8921031262742611,-0.1489679498671147,-1.2149118347598908,0.77208831709959036,0,0,0.00035610946322728857,0,0,0,0.47787577122525454,25.884937608034619,19.233394962716726,-0.36543450429161783,8.6742764498389686,-0.53740050891859503,-8.679038390746463e-17,25.347251672700764,19.378428313877656,-0.35611382691233268,8.6903877911215552,-0.42270304653201818,-4.4408920985006262e-16,25.347253102717481,19.375581078755641,-0.35611479318333927,8.690389866958574,-0.42270287113278138,1,1.8307835762794629,1.7616246212198707,1,1,1
1785568453.9582245,6,1,0.99833233272875377,0.97398724213117505,0.057728272348690393,3,0,1,1,-0.7025902543494299,-1.4309473041795291,-1.8921036008970298,-0.1489679498671147,-1.2149118347598908,0.77208831709959036,0,0,0,0,0,0,-0.75663663777331969,24.292018370617104,19.598829467008347,-0.73086900858323567,8.6426646551966986,-0.43624276606333007,-2.8963105785234644e-16,25.347241254019284,19.378438441711175,-0.3561141669602188,8.6903880493050512,-0.42270292484470129,-4.4408920985006262e-16,25.347253102717481,19.37842995446146,-0.35611479318333927,8.690389866958574,-0.42270287113278138,1,1.8307835762794629,1.7616246212198707,1,1,1
1785568453.9782245,6,1,0.99833233272875377,0.97398724213117505,0.057728272348690393,3,0,1,1,-0.7025902543494299,-1.4309473041795291,-1.8921036008970298,-0.1489679498671147,-1.2149113601371222,0.77208831709959036,0,0,0,0,0,0,-0.11946894280631364,24.451310294358858,19.060294408052279,-0.26926752947803417,8.6426646551966986,-0.43624276606333007,-1.5204580216393593e-16,25.347241486232971,19.378438207335925,-0.35611402892144445,8.6903877527509774,-0.42270294990127683,-4.4408920985006262e-16,25.347253102717481,19.37842995446146,-0.35611479318333927,8.690389866958574,-0.42270287113278138,1,1.8307835762794629,1.7616246212198707,1,1,1
1785568453.9982245,6,1,0.99833233272875377,0.97398724213117505,0.057728272348690393,3,0,1,1,-0.7025902543494299,-1.4309473041795291,-1.8921036008970298,-0.1489679498671147,-1.2149118347598908,0.77208784247682183,0,0,0,0,0,-0.00035610946322728857,0,25.407061836809365,19.329561937530311,-0.44236808414248474,8.6742764498389686,-0.47417691963405439,-2.7793522691665906e-16,25.347241132330016,19.378438563400959,-0.356113847962578,8.6903880743616693,-0.42270220167082051,-4.4408920985006262e-16,25.347253102717481,19.37842995446146,-0.35611479318333927,8.690389866958574,-0.42181259747471317,1,1.8307835762794629,1.7616246212198707,1,1,1
1785568454.0182245,6,1,0.99833233272875377,0.97398724213117505,0.057728272348690393,3,0,1,1,-0.7025902543494299,-1.4309473041795291,-1.8921036008970298,-0.1489679498671147,-1.2149118347598908,0.77208831709959036,0,0,0,0,-0.00035610946322728857,0,0.47787577122525454,24.61060221810061,19.598829467008347,-0.36543450429161783,8.5415069123414327,-0.36669681785033542,-2.8963105785234644e-16,25.347241254019284,19.378438441711175,-0.3561141669602188,8.6903880493050512,-0.42270292484470129,-4.4408920985006262e-16,25.347253102717481,19.37842995446146,-0.35611479318333927,8.6912801406166427,-0.42270287113278138,1,1.8307835762794629,1.7616246212198707,1,1,1
1785568454.0382245,6,1,0.99833233272875377,0.97398724213117505,0.057728272348690393,3,0,1,1,-0.7025902543494299,-1.4309473041795291,-1.8921036008970298,-0.1489679498671147,-1.2149118347598908,0.77208831709959036,0,0,0,0,0,0,-0.59734471403156819,25.407061836809365,19.233394962716726,-0.26926752947803417,8.5731187069837027,-0.3350850232080651,-2.8963105785234644e-16,25.347241254019284,19.378438441711175,-0.3561141669602188,8.6903880493050512,-0.42270292484470129,-4.4408920985006262e-16,25.347253102717481,19.37842995446146,-0.35611479318333927,8.690389866958574,-0.42270287113278138,1,1.8307835762794629,1.7616246212198707,1,1,1
1785568454.0582244,6,1,0.99833233272875377,0.97398724213117505,0.057728272348690393,3,0,1,1,-0.7025902543494299,-1.4309468295567607,-1.8921036008970298,-0.1489679498671147,-1.2149118347598908,0.77208831709959036,0.00035610946322728857,0.00035610946322728857,0.00035610946322728857,0,-0.00035610946322728857,0,-0.27876086654806514,26.203521455518125,19.233394962716726,-0.44236808414248474,8.9840720373332168,-0.53740050891859503,-3.8268270930591486e-16,25.347227779862624,19.378448569540282,-0.35611450700437819,8.6903883074869093,-0.42270280315802278,-0.0042733135587279068,25.342979789158754,19.375581078755641,-0.35611479318333927,8.6912801406166427,-0.42270287113278138,1,1.8307835762794629,1.7616246212198707,1,1,1
1785568454.0782244,6,1,0.99833233272875377,0.97398724213117505,0.057728272348690393,3,0,1,1,-0.7025902543494299,-1.4309473041795291,-1.8921031262742611,-0.1489679498671147,-1.2149113601371222,0.77208831709959036,0,0,0.00035610946322728857,0,0,0,0.15929192374175152,24.61060221810061,19.425728912343896,0.096166974813583633,8.7817565516226868,-0.36669681785033542,-6.1584038649892259e-16,25.347251904916529,19.378428079500342,-0.35611368887368927,8.6903874945655346,-0.42270307158847692,-4.4408920985006262e-16,25.347253102717481,19.375581078755641,-0.35611479318333927,8.690389866958574,-0.42270287113278138,1,1.8307835762794629,1.7616246212198707,1,1,1
1785568454.0982244,6,1,0.99833233272875377,0.97398724213117505,0.057728272348690393,3,0,1,1,-0.7025902543494299,-1.4309473041795291,-1.8921040755197982,-0.14896747524434617,-1.2149113601371222,0.77208831709959036,0,0,0.00035610946322728857,0.00035610946322728857,0,0,0.31858384748350305,25.088477989325863,19.233394962716726,-0.36543450429161783,8.6742764498389686,-0.30347322856579484,-3.2222488566269192e-16,25.347230993898258,19.378448431002219,-0.35611278384268152,8.6903881489732058,-0.42270314721191365,-4.4408920985006262e-16,25.347253102717481,19.375581078755641,-0.35753923103624841,8.690389866958574,-0.42270287113278138,1,1.8307835762794629,1.7616246212198707,1,1,1
# event,1785568454.3119233,READY,已恢复当前位置保持；零力拖拽关闭
1785568454.1782246,6,1,0.99833233272875377,0.97398724213117505,0.057728272348690393,3,0,1,1,-0.7025902543494299,-1.4309473041795291,-1.8921040755197982,-0.1489679498671147,-1.2149108855143538,0.77208831709959036,0,0,-0.00035610946322728857,-0.00035610946322728857,0,0,0.15929192374175152,24.61060221810061,19.425728912343896,-0.26926752947803417,8.7438223980519627,-0.36669681785033542,-5.5417638793880952e-16,25.347231299767593,19.378448100791864,-0.35611423093010192,8.6903877143803747,-0.42270285327055529,-4.4408920985006262e-16,25.347253102717481,19.381278830167279,-0.35469035533043014,8.690389866958574,-0.42270287113278138,1,1.8307835762794629,1.7616246212198707,1,1,1
1785568454.1982245,6,1,0.99833233272875377,0.97398724213117505,0.057728272348690393,3,0,1,1,-0.7025902543494299,-1.4309473041795291,-1.8921040755197982,-0.1489679498671147,-1.2149108855143538,0.77208831709959036,0,0,-0.00035610946322728857,0,0,0,-0.59734471403156819,26.641574245807941,19.060294408052279,-0.53853505895606835,8.7817565516226868,-0.43624276606333007,-5.5417638793880952e-16,25.347231299767593,19.378448100791864,-0.35611423093010192,8.6903877143803747,-0.42270285327055529,-4.4408920985006262e-16,25.347253102717481,19.381278830167279,-0.35611479318333927,8.690389866958574,-0.42270287113278138,1,1.8307835762794629,1.7616246212198707,1,1,1
1785568454.2182245,6,1,0.99833233272875377,0.97398724213117505,0.057728272348690393,3,0,1,1,-0.7025902543494299,-1.4309473041795291,-1.8921036008970298,-0.1489679498671147,-1.2149108855143538,0.77208831709959036,0,0,-0.00035610946322728857,0,0,0,0.31858384748350305,25.088477989325863,19.521895887157477,-0.36543450429161783,8.8133683462649568,-0.5753346624893193,-3.4801534484069085e-16,25.347241718448707,19.378437972958629,-0.35611389088255702,8.6903874561949443,-0.42270297495773446,-4.4408920985006262e-16,25.347253102717481,19.381278830167279,-0.35611479318333927,8.690389866958574,-0.42270287113278138,1,1.8307835762794629,1.7616246212198707,1,1,1
1785568454.2382245,6,1,0.99833233272875377,0.97398724213117505,0.057728272348690393,3,0,1,1,-0.7025902543494299,-1.4309473041795291,-1.8921040755197982,-0.1489679498671147,-1.2149108855143538,0.77208831709959036,0,0.00035610946322728857,0,0,0,0,0.47787577122525454,24.929186065584112,19.329561937530311,-0.53853505895606835,8.7817565516226868,-0.36669681785033542,-5.5417638793880952e-16,25.347231299767593,19.378448100791864,-0.35611423093010192,8.6903877143803747,-0.42270285327055529,-4.4408920985006262e-16,25.342979789158754,19.37842995446146,-0.35611479318333927,8.690389866958574,-0.42270287113278138,1,1.8307835762794629,1.7616246212198707,1,1,1
1785568454.2582245,6,1,0.99833233272875377,0.97398724213117505,0.057728272348690393,3,0,1,1,-0.7025902543494299,-1.4309487280478348,-1.892106448633641,-0.1489679498671147,-1.214913733250965,0.77208831709959036,0,-0.00035610946322728857,-0.0010683283896818657,0,-0.00071221892645457715,0,-0.27876086654806514,24.132726446875353,18.233258424655457,-0.53853505895606835,8.1368759409203726,-0.36669681785033542,-3.8497308639529049e-16,25.347218235569748,19.378469762641028,-0.35611573926990187,8.6903900100162197,-0.42270245955109897,-4.4408920985006262e-16,25.351526416276208,19.386976581578914,-0.35611479318333927,8.6921704142747096,-0.42270287113278138,1,1.8307835762794629,1.7616246212198707,1,1,1
# event,1785568454.4147224,READY,位置控制在线；按下 FREE 即进入零力拖拽，松开退出
# event,1785569305.5148101,READY,拒绝进入：等待静止力矩样本 2/12
# event,1785569305.5150068,READY,位置控制在线；按下 FREE 即进入零力拖拽，松开退出
# event,1785569305.8147876,READY,拒绝进入：等待静止采样时长：当前 0.198 s，至少 0.250 s
# event,1785569305.8150826,READY,位置控制在线；按下 FREE 即进入零力拖拽，松开退出
# event,1785569306.0158591,READY,拒绝进入：未通过（位置模式静止预检）；有效轴=3，反向轴=0，方向一致度=0.971，反馈/模型比例=0.785，归一化残差=0.237，最大力矩波动=2.335 Nm，最大模型误差=8.466 Nm（J3，门限 5.000 Nm；实际保持验证已通过），重力容量=通过（J5 需求=8.591 Nm，可用=9.000 Nm，入口微调=1.000）
# event,1785569306.0159459,READY,位置控制在线；按下 FREE 即进入零力拖拽，松开退出
# event,1785569306.3140514,ENTERING,实体 FREE (DI bit 5) 请求切换到零力拖拽
