# source,实体 FREE (DI bit 5)
stamp,status,handoff_progress,model_alignment,model_scale_estimate,model_normalized_residual,model_excited_joints,model_direction_mismatches,model_validation_passed,settling,position_elfin_joint1,position_elfin_joint2,position_elfin_joint3,position_elfin_joint4,position_elfin_joint5,position_elfin_joint6,velocity_elfin_joint1,velocity_elfin_joint2,velocity_elfin_joint3,velocity_elfin_joint4,velocity_elfin_joint5,velocity_elfin_joint6,measured_effort_elfin_joint1,measured_effort_elfin_joint2,measured_effort_elfin_joint3,measured_effort_elfin_joint4,measured_effort_elfin_joint5,measured_effort_elfin_joint6,gravity_effort_elfin_joint1,gravity_effort_elfin_joint2,gravity_effort_elfin_joint3,gravity_effort_elfin_joint4,gravity_effort_elfin_joint5,gravity_effort_elfin_joint6,commanded_effort_elfin_joint1,commanded_effort_elfin_joint2,commanded_effort_elfin_joint3,commanded_effort_elfin_joint4,commanded_effort_elfin_joint5,commanded_effort_elfin_joint6,effective_scale_elfin_joint1,effective_scale_elfin_joint2,effective_scale_elfin_joint3,effective_scale_elfin_joint4,effective_scale_elfin_joint5,effective_scale_elfin_joint6
# event,1785140835.5844784,ACTIVE,零力拖拽 ACTIVE；末端灯环应由固件进入蓝色零力示教状态
1785140835.5294278,1,0,0.99740799283270143,1.1905831847515751,0.07195342822577401,4,0,1,0,-0.92699522166930803,-0.020478548593719604,-1.8446612582004107,0.61384813682649364,-1.8307277575847056,0.16673497858422828,0.00035610946322728857,-0.00035610946322728857,0.0010683283896818657,-0.00035610946322728857,-0.00035610946322728857,0,0.31858384748350305,-22.380515285716086,24.484111787538396,5.1545498500080829,-2.0990231642467476,-0.031611794642270291,5.1664573086010639e-16,-19.660805401331988,19.282658034062734,5.4092201382585072,-2.5231269181793516,-0.94983918729359129,0.31858384748350305,-22.380515285716086,24.484111787538396,5.1545498500080829,-2.0990231642467476,-0.031611794642270291,1,1.8307835762794629,1.7616246212198707,1,1,1
1785140835.5494277,1,0.0046719999999999999,0.99740799283270143,1.1905831847515751,0.07195342822577401,4,0,1,0,-0.9269947470465395,-0.020477599348182548,-1.8446251868700023,0.6138505099403363,-1.8307287068302427,0.16673545320699681,0,0,0.0024927662425910197,-0.00035610946322728857,0,0,0.47787577122525454,-23.29644384723116,24.580278762351977,5.3468837996352505,-1.9978654213914826,-0.16438133213980552,1.3112642894133286e-16,-19.66123038801684,19.283033914739296,5.4092813085626554,-2.5228722274886159,-0.94983253857548378,0.3170954237480601,-22.367810786674035,24.457818138722605,5.1558645936945799,-2.1010033870702136,-0.035901721957926264,1,1.8307835762794629,1.7616246212198707,1,1,1
1785140835.5694277,1,0.018176000000000001,0.99740799283270143,1.1905831847515751,0.07195342822577401,4,0,1,0,-0.92699522166930803,-0.020477124725414016,-1.8445416532627412,0.6138505099403363,-1.8307287068302427,0.16673545320699681,0,0,0.0060538608748639056,-0.00035610946322728857,-0.00035610946322728857,-0.00035610946322728857,-0.43805279028981664,-21.743347590749082,24.387944812724811,5.3468837996352505,-2.2001809071020122,0,1.3718053316546254e-15,-19.662163158950797,19.283930957353736,5.4093976162812032,-2.5222591625249842,-0.94981098673127073,0.31279326747164293,-22.33110651746,24.384750212069068,5.1593066013199929,-2.1066518020480722,-0.048236883454299051,1,1.8307835762794629,1.7616246212198707,1,1,1
1785140835.5894277,1,0.039744000000000008,0.99740799283270143,1.1905831847515751,0.07195342822577401,4,0,1,0,-0.9269947470465395,-0.020477124725414016,-1.8444234721933777,0.61385098456310483,-1.830728232207474,0.16673592782976532,0,0,0.0056977514116366172,0,0.00035610946322728857,0,0.47787577122525454,-22.380515285716086,24.580278762351977,4.6929483709028812,-2.2697268553150072,-0.13276953749753523,1.6068315781934524e-15,-19.663464061368334,19.28521166961384,5.4095653425882713,-2.5213836333650526,-0.94978045474690853,0.30592205104911874,-22.272528801855611,24.272928500122291,5.1646851857451903,-2.1158735584347661,-0.068103489869469042,1,1.8307835762794629,1.7616246212198707,1,1,1
1785140835.6094277,1,0.068608000000000002,0.99740799283270143,1.1905831847515751,0.07195342822577401,4,0,1,0,-0.92699427242377097,-0.020477124725414016,-1.8443309207535146,0.61385145918587336,-1.8307287068302427,0.16673592782976532,0,0,0.0039172040955001743,0,-0.00035610946322728857,0,0.95575154245050908,-21.743347590749082,24.291777837911226,5.0776162701572165,-1.9599312678207581,0.037934153570724355,-8.4236708367415147e-16,-19.664476085568801,19.286207918530721,5.4096972108419532,-2.5207030992277852,-0.94975704348919177,0.29672644687535482,-22.19417326827238,24.124360235617118,5.1720550001401726,-2.1278896815225461,-0.094603903875159878,1,1.8307835762794629,1.7616246212198707,1,1,1
1785140835.6294279,1,0.10400000000000002,0.99740799283270143,1.1905831847515751,0.07195342822577401,4,0,1,0,-0.92699379780100244,-0.020476650102645488,-1.844289153949884,0.61385193380864189,-1.8307291814530111,0.16673592782976532,0,0,0.00035610946322728857,0,-0.00035610946322728857,0,-0.43805279028981664,-22.221223361974335,24.118677283246775,5.0776162701572165,-2.0990231642467476,-0.20231548571052987,1.2460043010345358e-15,-19.664947465243262,19.286650715566957,5.409757342835527,-2.5204009335594506,-0.94974694019586192,0.28545112734521882,-22.098096232386911,23.943290948482783,5.1810914292621373,-2.1427823525518881,-0.12709784977984384,1,1.8307835762794629,1.7616246212198707,1,1,1
1785140835.6494279,1,0.14515200000000003,0.99740799283270143,1.1905831847515751,0.07195342822577401,4,0,1,0,-0.92699189930992831,-0.020476650102645488,-1.8442853569677358,0.61385240843141042,-1.8307296560757798,0.16673497858422828,0,0,-0.00035610946322728857,0,0,-0.00035610946322728857,-0.43805279028981664,-21.743347590749082,23.830176358806025,5.1545498500080829,-2.0610890106760231,-0.16438133213980552,2.4875324116675044e-15,-19.664985900307794,19.286688512610304,5.4097659318653086,-2.520375885147232,-0.94974685665612935,0.27234076485357794,-21.986350764365302,23.729980291906617,5.1915949747218226,-2.1601833543908948,-0.16481683546032508,1,1.8307835762794629,1.7616246212198707,1,1,1
1785140835.6694279,1,0.19129600000000002,0.99740799283270143,1.1905831847515751,0.07195342822577401,4,0,1,0,-0.92698715308224311,-0.020475700857108432,-1.8442834584766616,0.61385240843141042,-1.8307310799440852,0.16673497858422828,0.00035610946322728857,0,0,-0.00035610946322728857,0,0,0.15929192374175152,-22.380515285716086,23.291641299849957,5.2507168248216667,-2.1306349588890177,-0.26553907499507046,7.3174668055344501e-16,-19.665028260737508,19.286687661674684,5.4097666842855006,-2.520377384166641,-0.94974711501075182,0.25721270043942623,-21.861053479785785,23.48986534195717,5.2034964478501458,-2.1796265411005438,-0.20724740888747936,1,1.8307835762794629,1.7616246212198707,1,1,1
1785140835.6894279,1,0.24166399999999999,0.99740799283270143,1.1905831847515751,0.07195342822577401,4,0,1,0,-0.92698335610009486,-0.020474751611571373,-1.8442796614945134,0.61385288305417895,-1.8307310799440852,0.16673450396145975,0.00035610946322728857,0,0.00035610946322728857,0.00035610946322728857,0,0,-0.11946894280631364,-22.061931438232584,23.464741854514408,5.2507168248216667,-2.1685691124597422,-0.23392728035280017,1.8634468063878017e-15,-19.665103230505579,19.286719034693192,5.409773683934465,-2.5203563391886914,-0.94974696921291535,0.24116626920937748,-21.724297946805695,23.227804177744229,5.2161036242979382,-2.2008442246359174,-0.25349201346971062,1,1.8307835762794629,1.7616246212198707,1,1,1
1785140835.7094278,1,0.29548800000000003,0.99740799283270143,1.1905831847515751,0.07195342822577401,4,0,1,0,-0.9269809829862522,-0.020472378497728729,-1.8442734913985224,0.61385288305417895,-1.8307306053213168,0.16673402933869122,0,0,0.00035610946322728857,-0.00035610946322728857,0.00035610946322728857,0,0.31858384748350305,-22.380515285716086,22.733872845931174,4.9814492953436327,-2.0990231642467476,-0.26553907499507046,1.1241802614239503e-15,-19.665256213227593,19.286763595386997,5.4097796399318776,-2.5203256433800951,-0.94974595511101922,0.22444614355829801,-21.578188812904607,22.94807287736538,5.2300918284852154,-2.2235770909042829,-0.30290942145085997,1,1.8307835762794629,1.7616246212198707,1,1,1
1785140835.7294278,1,0.35200000000000009,0.99740799283270143,1.1905831847515751,0.07195342822577401,4,0,1,0,-0.92698145760902073,-0.020469056138349026,-1.8442720675302169,0.61385288305417895,-1.8307291814530111,0.16673355471592269,-0.00035610946322728857,0.00035610946322728857,0,0,0,0,0.95575154245050908,-21.265471819523828,22.176104392012387,5.2507168248216667,-2.0990231642467476,-0.36669681785033542,1.2206191970727305e-16,-19.665397283787428,19.286754076601497,5.4097780134559796,-2.5203313198350306,-0.94974608388255144,0.20686966452518274,-21.425221080393072,22.654641873288607,5.2443901635417429,-2.2473236350138235,-0.35479506445484932,1,1.8307835762794629,1.7616246212198707,1,1,1
1785140835.7494278,1,0.41043200000000002,0.99740799283270143,1.1905831847515751,0.07195342822577401,4,0,1,0,-0.9269809829862522,-0.020459563682978445,-1.8442730167757539,0.61385288305417895,-1.8307296560757798,0.16673308009315416,0,0.00071221892645457715,0,0,0,0,0.31858384748350305,-21.265471819523828,22.368438341639553,5.1545498500080829,-2.2697268553150072,-0.47417691963405439,1.4815588438355912e-15,-19.665709980822943,19.28663754360932,5.4097636707285117,-2.5204114023560069,-0.94974910512080402,0.18782684179315454,-21.26712697752993,22.350902038654098,5.2592977688740099,-2.271974381590407,-0.40844472725659586,1,1.8307835762794629,1.7616246212198707,1,1,1
1785140835.7694278,1,0.4700160000000001,0.99740799283270143,1.1905831847515751,0.07195342822577401,4,0,1,0,-0.92698003374071514,-0.02045244434145051,-1.8442744406440594,0.61385335767694749,-1.8307301306985482,0.16673308009315416,0,0,0,0,0,0,-0.27876086654806514,-21.106179895782073,22.272271366825972,5.5199843542997007,-2.0990231642467476,-0.36669681785033542,9.4442013746559388e-16,-19.665936625450673,19.286542383017544,5.4097540925643219,-2.5204771102417545,-0.94975194600862545,0.16884434182469729,-21.104619882132777,22.041171006303124,5.2744999272773958,-2.297113262127537,-0.46315235602687921,1,1.8307835762794629,1.7616246212198707,1,1,1
1785140835.7894278,1,0.52998400000000001,0.99740799283270143,1.1905831847515751,0.07195342822577401,4,0,1,0,-0.92697718600410395,-0.020451495095913454,-1.844273966021291,0.61385335767694749,-1.8307310799440852,0.16673260547038563,0.00035610946322728857,0,0.00035610946322728857,0,0,0,0.15929192374175152,-21.106179895782073,21.349068408615569,5.2507168248216667,-2.3013386499572772,-0.40463097142105975,5.7042557383734543e-16,-19.665966966721314,19.286529737935574,5.4097534985753679,-2.5204864528683713,-0.94975254643277407,0.1493121743029337,-20.941848109421962,21.729191574991109,5.2898037004903671,-2.3223919638035904,-0.5182117028392087,1,1.8307835762794629,1.7616246212198707,1,1,1
1785140835.8094277,1,0.58956800000000009,0.99740799283270143,1.1905831847515751,0.07195342822577401,4,0,1,0,-0.92697291439918716,-0.020449596604839339,-1.8442734913985224,0.61385383229971602,-1.8307315545668539,0.16673165622484856,0.00035610946322728857,0.00035610946322728857,0,0,0,0,-0.27876086654806514,-20.150428353331566,21.541402358242735,5.2507168248216667,-2.5036541356678073,-0.60694645713158968,-3.2164272649426963e-16,-19.666034361614475,19.286511179296213,5.4097547851209553,-2.520499943767895,-0.94975381905300316,0.13032967433447615,-20.780571527611219,21.419772792138268,5.305010513192709,-2.3475123861954716,-0.57291895169005735,1,1.8307835762794629,1.7616246212198707,1,1,1
1785140835.8294277,1,0.64800000000000013,0.99740799283270143,1.1905831847515751,0.07195342822577401,4,0,1,0,-0.92696864279427049,-0.020442002640542873,-1.844273966021291,0.6138552561680215,-1.8307320291896223,0.16673118160208003,0.00035610946322728857,0.00035610946322728857,0.00035610946322728857,0,0,0,-0.59734471403156819,-20.469012200815069,21.44523538342915,4.9814492953436327,-2.4720423410255368,-0.50578871427632466,1.3145865794395324e-15,-19.66628916901924,19.286422532190471,5.4097514499691988,-2.5205619325673805,-0.94975758392931697,0.11171418295832114,-20.622124093452403,21.115724262502358,5.3199204867828858,-2.3721802861185179,-0.62657026610027666,1,1.8307835762794629,1.7616246212198707,1,1,1
1785140835.8494277,1,0.70451200000000003,0.99740799283270143,1.1905831847515751,0.07195342822577401,4,0,1,0,-0.92696389656658518,-0.020436781790089054,-1.8442744406440594,0.6138566800363271,-1.8307339276806964,0.1667307069793115,0.00035610946322728857,0.00035610946322728857,-0.00035610946322728857,0,0,0.00035610946322728857,-0.59734471403156819,-20.469012200815069,20.810533349659501,5.7123183039268683,-2.4720423410255368,-0.84087373748438976,9.5104876380894504e-16,-19.666451089763214,19.286348404097254,5.4097508586488061,-2.5206149095204844,-0.94976123726471506,0.093710372569333261,-20.468851822252809,20.822509998314093,5.3343420230075758,-2.3960396078930386,-0.67852319446647502,1,1.8307835762794629,1.7616246212198707,1,1,1
1785140835.8694277,1,0.75833600000000012,0.99740799283270143,1.1905831847515751,0.07195342822577401,4,0,1,0,-0.92696152345274252,-0.020435832544551998,-1.8442734913985224,0.61385810390463269,-1.8307339276806964,0.16672975773377446,0,0.00035610946322728857,-0.00035610946322728857,0,0,0,0.63716769496700609,-19.672552582106313,20.425865450405166,5.4430507744488343,-2.4024963928125422,-0.73971599462912485,1.4933320112835175e-15,-19.666496243761312,19.286350429863308,5.4097594547337318,-2.5206146707823405,-0.94976287854659935,0.076990246918254374,-20.322804272872144,20.542747118175082,5.3480844808173122,-2.418731180946923,-0.72787881500594365,1,1.8307835762794629,1.7616246212198707,1,1,1
1785140835.8894279,1,0.80870400000000009,0.99740799283270143,1.1905831847515751,0.07195342822577401,4,0,1,0,-0.92696104882997399,-0.020431086316866708,-1.8442711182846798,0.61385857852740122,-1.8307339276806964,0.16672928311100593,0,0.00035610946322728857,0.00035610946322728857,0,0,0,0,-19.991136429589815,20.714366374845916,5.4430507744488343,-2.3329504445995477,-0.70810419998685459,1.2398841474610488e-15,-19.666686378514886,19.28632544665809,5.4097591517328985,-2.5206321650020977,-0.94976408889427999,0.060943815688205172,-20.18625832450272,20.280356294952544,5.3609386331501483,-2.4399800495936024,-0.77412522761304758,1,1.8307835762794629,1.7616246212198707,1,1,1
1785140835.9094279,1,0.85484799999999994,0.99740799283270143,1.1905831847515751,0.07195342822577401,4,0,1,0,-0.9269567772250572,-0.020429187825792592,-1.8442701690391428,0.61386095164124388,-1.830733453057928,0.16672833386546887,0.00035610946322728857,0.00035610946322728857,0,0,0.00035610946322728857,0,-0.27876086654806514,-20.469012200815069,20.15659792092713,5.3468837996352505,-2.4024963928125422,-0.67649240534458421,1.2568169548799059e-15,-19.66676947568283,19.286322439881481,5.4097717378694403,-2.520635714435747,-0.94976671523159795,0.045815751274053802,-20.061102438856651,20.040791959272578,5.3727257704025888,-2.4595019092540942,-0.8164946921982158,1,1.8307835762794629,1.7616246212198707,1,1,1
1785140835.9294279,1,0.89600000000000013,0.99740799283270143,1.1905831847515751,0.07195342822577401,4,0,1,0,-0.92695440411121455,-0.020425390843644361,-1.8442668466797631,0.61386142626401241,-1.8307339276806964,0.16672785924270034,0.00035610946322728857,0.00035610946322728857,0.00035610946322728857,0,0,0,0,-19.353968734622807,19.887330391449098,5.5199843542997007,-2.5036541356678073,-0.91041968569738441,2.5222895868749692e-15,-19.666933608338859,19.286314251429431,5.4097738987676438,-2.5206420298240095,-0.9497676007721545,0.032705388782413754,-19.949573434141964,19.826600307614179,5.3832305976966497,-2.4767936678039746,-0.85427939693464661,1,1.8307835762794629,1.7616246212198707,1,1,1
1785140835.9494278,1,0.931392,0.99740799283270143,1.1905831847515751,0.07195342822577401,4,0,1,0,-0.92694823401522375,-0.020424916220875829,-1.8442359961998087,0.61386142626401241,-1.830733453057928,0.16672738461993181,0.00035610946322728857,-0.00035610946322728857,0.0035610946322728858,0,0,0,0.15929192374175152,-20.62830412455682,19.598829467008347,5.5199843542997007,-2.6427460320937963,-0.84087373748438976,-2.7287739274220873e-16,-19.66729182509652,19.28664571998516,5.4098170338932245,-2.5204151350980446,-0.94975968292374446,0.021430069252275145,-19.853013328926835,19.640384596242033,5.3923036629412326,-2.491504274761879,-0.88676739260452908,1,1.8307835762794629,1.7616246212198707,1,1,1
1785140835.9694278,1,0.960256,0.99740799283270143,1.1905831847515751,0.07195342822577401,4,0,1,0,-0.92692307900849169,-0.020424916220875829,-1.8441135435255283,0.61386142626401241,-1.830733453057928,0.16672643537439474,0.0017805473161364429,0,0.0085466271174549253,-0.00035610946322728857,-0.00035610946322728857,0,0.47787577122525454,-19.194676810881056,19.329561937530311,5.1545498500080829,-2.4720423410255368,-1.0115774285526493,1.5599746389496748e-15,-19.668634086288108,19.287967109324683,5.4099891776054463,-2.5195115302714406,-0.94972814805143424,0.010525139655022131,-19.776415092678175,19.487645381721645,5.3999616352815467,-2.5027355409487746,-0.91323853170154046,1,1.8307835762794629,1.7616246212198707,1,1,1
1785140835.9894278,1,0.98182400000000003,0.99740799283270143,1.1905831847515751,0.07195342822577401,4,0,1,0,-0.92685710644366615,-0.020424441598107301,-1.8438596203443651,0.61386285013231801,-1.8307339276806964,0.16672690999716328,0.0046294230219547511,0,0.013888269065864253,0,0,0,0.31858384748350305,-19.991136429589815,19.137227987903145,4.9814492953436327,-2.3013386499572772,-0.91041968569738441,2.163915208552596e-15,-19.671432059583804,19.290700354974042,5.410350385212892,-2.5176425537114451,-0.94966363971787016,0.00023527238551657745,-19.720672356301986,19.373985185919643,5.4057009546850097,-2.5100337276885347,-0.93297712938177613,1,1.8307835762794629,1.7616246212198707,1,1,1
1785140836.0094278,1,0.9953280000000001,0.99740799283270143,1.1905831847515751,0.07195342822577401,4,0,1,0,-0.9267683519859512,-0.020425390843644361,-1.843569625832794,0.61386759636000332,-1.8307339276806964,0.16672643537439474,0.0039172040955001743,-0.00035610946322728857,0.015668816382000697,0.00035610946322728857,0,0,0.15929192374175152,-19.831844505848064,19.329561937530311,5.8084852787404522,-2.4341081874548127,-1.0495115821233738,2.292718224800788e-15,-19.674583532076262,19.293845343151474,5.4107826036000279,-2.5154927301711156,-0.94959259424365494,-0.0032122211791550431,-19.686798313873396,19.305559214874048,5.4094608458631166,-2.5135469843591172,-0.94530378794791736,1,1.8307835762794629,1.7616246212198707,1,1,1
1785140836.0294278,1,1,0.99740799283270143,1.1905831847515751,0.07195342822577401,4,0,1,0,-0.92668719149253276,-0.020425390843644361,-1.8432074886604064,0.61386949485107745,-1.8307339276806964,0.16672548612885768,0.0035610946322728858,0,0.019586020477500871,0,0.00035610946322728857,-0.00035610946322728857,0.47787577122525454,-20.787596048298571,19.233394962716726,5.1545498500080829,-2.6427460320937963,-0.73971599462912485,1.4075132779732647e-15,-19.678550868180618,19.297751108083169,5.4112986372395309,-2.5128182985533862,-0.94950032701805964,-0.0042733135587260749,-19.678550868180618,19.282082291701169,5.4112986372395309,-2.512882398256767,-0.94943622731467869,1,1.8307835762794629,1.7616246212198707,1,1,1
1785140836.0494277,1,1,0.99740799283270143,1.1905831847515751,0.07195342822577401,4,0,1,0,-0.9266103026040311,-0.020425390843644361,-1.8428201964812867,0.61386949485107745,-1.8307339276806964,0.16672548612885768,0.0039172040955001743,0,0.021366567793637315,0,0,0,-0.59734471403156819,-19.831844505848064,18.964127433238694,5.5199843542997007,-2.4024963928125422,-1.0495115821233738,1.2637843340109225e-15,-19.682787857535928,19.301922381447518,5.4118377943652369,-2.5099581895983967,-0.9493992732346288,-0.0047006449145989325,-19.682787857535928,19.284829127212607,5.4118377943652369,-2.5099581895983967,-0.9493992732346288,1,1.8307835762794629,1.7616246212198707,1,1,1
1785140836.0694277,1,1,0.99740799283270143,1.1905831847515751,0.07195342822577401,4,0,1,0,-0.92652107352354762,-0.020427763957487004,-1.8423104516278865,0.61386996947384598,-1.8307353515490021,0.16672596075162621,0.0053416419484093288,0,0.029200975984637664,0.00035610946322728857,-0.00035610946322728857,0.00035610946322728857,-0.27876086654806514,-20.309720277073318,19.425728912343896,5.1545498500080829,-2.5732000838808018,-1.0115774285526493,2.1661127956860107e-15,-19.688267772243076,19.307423353820855,5.4125510125297875,-2.5061838302758437,-0.94926625053775482,-0.0064099703380890291,-19.688267772243076,19.284062573033147,5.4124263742176577,-2.506119730572463,-0.94933035024113577,1,1.8307835762794629,1.7616246212198707,1,1,1
1785140836.0894277,1,1,0.99740799283270143,1.1905831847515751,0.07195342822577401,4,0,1,0,-0.92639624773542451,-0.020426814711949948,-1.8417057822207807,0.61386996947384598,-1.8307344023034651,0.16672596075162621,0.0071221892645457717,0,0.031693742227228684,0,0.00035610946322728857,0,0,-20.150428353331566,19.060294408052279,5.5199843542997007,-2.3708845981702718,-0.94835383926810879,3.7957933610808384e-16,-19.694910765338001,19.313921171097341,5.4133885550201786,-2.5017182253774384,-0.94910781149063528,-0.0085466271174545368,-19.694910765338001,19.288566177315559,5.4133885550201786,-2.5017823250808191,-0.94910781149063528,1,1.8307835762794629,1.7616246212198707,1,1,1
1785140836.1094277,1,1,0.99740799283270143,1.1905831847515751,0.07195342822577401,4,0,1,0,-0.92623440137135615,-0.020426814711949948,-1.8410014420322838,0.61387044409661451,-1.830733453057928,0.16672548612885768,0.0085466271174549253,0,0.037747603102092589,0,0,0.00035610946322728857,0.31858384748350305,-18.756624020591239,19.425728912343896,5.2507168248216667,-2.5732000838808018,-1.0115774285526493,8.1878599176250752e-16,-19.702600740415551,19.321492363179168,5.4143661492542048,-2.4965081203669253,-0.94892317701899787,-0.010255952540945077,-19.702600740415551,19.291294280697493,5.4143661492542048,-2.4965081203669253,-0.94898727672237881,1,1.8307835762794629,1.7616246212198707,1,1,1
1785140836.1294279,1,1,0.99740799283270143,1.1905831847515751,0.07195342822577401,4,0,1,0,-0.92604740000055574,-0.020426814711949948,-1.840168953696284,0.61387044409661451,-1.8307348769262335,0.16672501150608918,0.010683283896818658,0,0.048074777535683955,0,0,0,0.15929192374175152,-19.991136429589815,19.329561937530311,5.2507168248216667,-2.3329504445995477,-0.97996563391037905,1.4986447141448438e-15,-19.711656091852618,19.33040784854396,5.4155140007177476,-2.4903639129103126,-0.94870468530749941,-0.012819940676180889,-19.711656091852618,19.291948026515414,5.4155140007177476,-2.4903639129103126,-0.94870468530749941,1,1.8307835762794629,1.7616246212198707,1,1,1
1785140836.1494279,1,1,0.99740799283270143,1.1905831847515751,0.07195342822577401,4,0,1,0,-0.92580249465199471,-0.020426340089181417,-1.8390896615206491,0.6138718679649201,-1.8307325038123909,0.16672406226055211,0.012107721749727811,0.00035610946322728857,0.058045842506048037,0.00035610946322728857,0.00035610946322728857,0,0.31858384748350305,-19.513260658364562,19.137227987903145,5.3468837996352505,-2.4720423410255368,-1.0495115821233738,-6.8866496947433408e-16,-19.723426861842295,19.341976314296815,5.4170056381101741,-2.4823733995979045,-0.94842052231961005,-0.014529266099674039,-19.723854193198168,19.295539640291977,5.4168809997980443,-2.4824374993012852,-0.94842052231961005,1,1.8307835762794629,1.7616246212198707,1,1,1
1785140836.1694279,1,1,0.99740799283270143,1.1905831847515751,0.07195342822577401,4,0,1,0,-0.92556613251326736,-0.020425865466412889,-1.8378157740099172,0.6138718679649201,-1.8307329784351594,0.16672406226055211,0.012107721749727811,0,0.072290221035139574,-0.00035610946322728857,0,0.00035610946322728857,-0.75663663777331969,-19.513260658364562,18.964127433238694,5.5199843542997007,-2.5036541356678073,-0.94835383926810879,1.2725002811636833e-15,-19.737258617332731,19.355574304957983,5.4187467392031801,-2.4729577372518099,-0.94808291360190056,-0.014529266099672096,-19.737258617332731,19.297742128129872,5.4188713775153099,-2.4729577372518099,-0.94814701330528151,1,1.8307835762794629,1.7616246212198707,1,1,1
1785140836.1894279,1,1,0.99740799283270143,1.1905831847515751,0.07195342822577401,4,0,1,0,-0.92531743018255819,-0.020425865466412889,-1.8362960319050874,0.61387234258768864,-1.8307315545668539,0.16672358763778358,0.013176050139409676,0.00035610946322728857,0.079412410299685349,0,0.00035610946322728857,0,0.47787577122525454,-19.353968734622807,19.233394962716726,5.5199843542997007,-2.4720423410255368,-0.97996563391037905,-1.0827447387794869e-15,-19.753713607932397,19.371777353475238,5.4208169662063259,-2.4617035149114361,-0.94767786681102684,-0.015811260167292722,-19.75414093928827,19.308247425235489,5.4208169662063259,-2.4617676146148169,-0.94767786681102684,1,1.8307835762794629,1.7616246212198707,1,1,1
1785140836.2094278,1,1,0.99740799283270143,1.1905831847515751,0.07195342822577401,4,0,1,0,-0.92502743567098689,-0.020427289334718476,-1.8345921361660684,0.61387281721045717,-1.830733453057928,0.16672358763778358,0.016737144771682564,0.00035610946322728857,0.091520132049413158,0,-0.00035610946322728857,0,0.31858384748350305,-20.150428353331566,19.329561937530311,5.5199843542997007,-2.4024963928125422,-0.8092619428421195,7.8159526498609779e-16,-19.772030236885328,19.389877882867623,5.4231228474177575,-2.4490890426586058,-0.94722179096407255,-0.020084573726018299,-19.772457568241201,19.316661777228092,5.4231228474177575,-2.4490249429552251,-0.94722179096407255,1,1.8307835762794629,1.7616246212198707,1,1,1
1785140836.2294278,1,1,0.99740799283270143,1.1905831847515751,0.07195342822577401,4,0,1,0,-0.92466814623521054,-0.020424916220875829,-1.8325816341185797,0.61387281721045717,-1.8307339276806964,0.16672453688332065,0.017805473161364428,0.00035610946322728857,0.10327174433591368,0,0.00035610946322728857,0.00035610946322728857,0.79645961870875759,-19.513260658364562,19.233394962716726,4.8852823205300488,-2.3708845981702718,-0.94835383926810879,1.7680602824108841e-15,-19.793720904683379,19.411132600466978,5.4258147365097624,-2.4342148609514629,-0.94667976952222854,-0.021366567793635535,-19.794148236039252,19.328515204998247,5.4258147365097624,-2.4342789606548436,-0.94674386922560949,1,1.8307835762794629,1.7616246212198707,1,1,1
1785140836.2494278,1,1,0.99740799283270143,1.1905831847515751,0.07195342822577401,4,0,1,0,-0.92434445350707373,-0.020423492352570245,-1.8304463062829679,0.61387281721045717,-1.8307339276806964,0.16672501150608918,0.016024925845227987,0,0.11324280930627777,0,0,0,-0.11946894280631364,-19.194676810881056,18.964127433238694,5.2507168248216667,-2.3013386499572772,-0.94835383926810879,7.1252650716048314e-16,-19.816634513103924,19.433635715833468,5.4286519628762537,-2.4183954753098522,-0.94609959027514123,-0.019229911014272863,-19.816634513103924,19.343041468388446,5.4286519628762537,-2.4183954753098522,-0.94609959027514123,1,1.8307835762794629,1.7616246212198707,1,1,1
1785140836.2694278,1,1,0.99740799283270143,1.1905831847515751,0.07195342822577401,4,0,1,0,-0.92398658793960287,-0.020425865466412889,-1.8281315710408521,0.61387376645599423,-1.830733453057928,0.16672501150608918,0.018517692087819004,0,0.11146226199014132,0,-0.00035610946322728857,0,-0.11946894280631364,-19.194676810881056,19.137227987903145,4.9814492953436327,-2.4720423410255368,-0.87880789105511414,1.3614948005316965e-15,-19.841237776322085,19.457974591325986,5.4317106150466765,-2.4012024084729702,-0.94546560719516903,-0.022221230505381415,-19.841237776322085,19.368804781733871,5.4317106150466765,-2.4011383087695894,-0.94546560719516903,1,1.8307835762794629,1.7616246212198707,1,1,1
1785140836.2894278,1,1,0.99740799283270143,1.1905831847515751,0.07195342822577401,4,0,1,0,-0.92363251935428026,-0.020426814711949948,-1.8258932500644693,0.61387471570153129,-1.8307348769262335,0.16672548612885768,0.018517692087819004,0,0.11751612286500522,0,0,0,-0.43805279028981664,-20.787596048298571,19.329561937530311,5.8084852787404522,-2.5352659303100773,-0.87880789105511414,4.1783119370730291e-16,-19.864957261682306,19.481380991465301,5.4346377679119193,-2.3845857892764637,-0.94484867457657518,-0.022221230505382359,-19.864957261682306,19.387368093173297,5.4346377679119193,-2.3845857892764637,-0.94484867457657518,1,1.8307835762794629,1.7616246212198707,1,1,1
1785140836.3094277,1,1,0.99740799283270143,1.1905831847515751,0.07195342822577401,4,0,1,0,-0.92325044802561451,-0.020423017729801714,-1.8235357987731859,0.61387519032429982,-1.8307348769262335,0.16672548612885768,0.017805473161364428,0,0.10861338628432302,0,0.00035610946322728857,0,-0.11946894280631364,-19.991136429589815,19.694996441821928,5.0776162701572165,-2.2697268553150072,-0.87880789105511414,2.7450847465782168e-15,-19.890006975037203,19.50588745155979,5.4376833199701951,-2.3670988858585549,-0.94419422206613812,-0.021366567793634592,-19.890006975037203,19.418996742532332,5.4376833199701951,-2.3671629855619356,-0.94419422206613812,1,1.8307835762794629,1.7616246212198707,1,1,1
1785140836.3294277,1,1,0.99740799283270143,1.1905831847515751,0.07195342822577401,4,0,1,0,-0.92291868671041266,-0.020424441598107301,-1.8214730882211592,0.61387851268367943,-1.8307301306985482,0.16672501150608918,0.016381035308455274,0,0.10790116735786844,0,-0.00035610946322728857,0,-0.27876086654806514,-20.150428353331566,19.598829467008347,5.6161513291132845,-2.5036541356678073,-0.8092619428421195,8.0209300813994934e-16,-19.911708235340491,19.527330942507557,5.4403476189253048,-2.3517226231330013,-0.94361718013479101,-0.019657242370145551,-19.911708235340491,19.441010008621262,5.4403476189253048,-2.3516585234296206,-0.94361718013479101,1,1.8307835762794629,1.7616246212198707,1,1,1
1785140836.3494277,1,1,0.99740799283270143,1.1905831847515751,0.07195342822577401,4,0,1,0,-0.92258882388628505,-0.020422543107033186,-1.8192371403586192,0.6138780380609109,-1.8307353515490021,0.16672501150608918,0.016024925845227987,0.00035610946322728857,0.11075004306368674,0,0.00035610946322728857,0,-0.43805279028981664,-19.353968734622807,19.425728912343896,5.6161513291132845,-2.4720423410255368,-1.0811233767656441,2.2099907895829498e-15,-19.935166563457319,19.550357749197662,5.4431783176319408,-2.3351332033504293,-0.94298778463329191,-0.019229911014271364,-19.935593894813191,19.461757714746714,5.4431783176319408,-2.33519730305381,-0.94298778463329191,1,1.8307835762794629,1.7616246212198707,1,1,1
1785140836.3694277,1,1,0.99740799283270143,1.1905831847515751,0.07195342822577401,4,0,1,0,-0.92228411606888949,-0.020408779046745845,-1.8172052802865466,0.61387898730644797,-1.8307291814530111,0.16672501150608918,0.014244378529091543,0.00071221892645457715,0.10006675916686809,0.00035610946322728857,0.00071221892645457715,0,0.31858384748350305,-19.194676810881056,19.598829467008347,5.5199843542997007,-2.4341081874548127,-0.87880789105511414,1.4622729541034679e-15,-19.95690483138938,19.571161508142218,5.4457239488407438,-2.320071169640594,-0.94241258687330443,-0.017093254234908407,-19.957759494101126,19.491108100808724,5.445599310528614,-2.3201993690473559,-0.94241258687330443,1,1.8307835762794629,1.7616246212198707,1,1,1
1785140836.3894279,1,1,0.99740799283270143,1.1905831847515751,0.07195342822577401,4,0,1,0,-0.9220183273185133,-0.020410677537819961,-1.8152545807078926,0.61388088579752209,-1.8307296560757798,0.16672453688332065,0.011751612286500523,0,0.091164022586185875,0.00035610946322728857,-0.00071221892645457715,0,-0.11946894280631364,-19.831844505848064,19.791163416635513,5.6161513291132845,-2.4720423410255368,-0.91041968569738441,8.5916200010430445e-16,-19.977117805511035,19.591164023032672,5.448169020118784,-2.3055276164101195,-0.94185579258583241,-0.014101934743799794,-19.977117805511035,19.518232804963723,5.4480443818066542,-2.3053994170033576,-0.94185579258583241,1,1.8307835762794629,1.7616246212198707,1,1,1
1785140836.4094279,1,1,0.99740799283270143,1.1905831847515751,0.07195342822577401,4,0,1,0,-0.92179477999453607,-0.020409253669514373,-1.8135497357233363,0.61388041117475356,-1.8307325038123909,0.16672453688332065,0.011751612286500523,0.00035610946322728857,0.08475405224809468,0,0.00035610946322728857,0,0,-18.438040173107737,19.521895887157477,5.5199843542997007,-2.3329504445995477,-0.84087373748438976,1.6013701634290302e-15,-19.994805309992309,19.608530265137997,5.4502721297150529,-2.2928482525670359,-0.94136584114223143,-0.014101934743799017,-19.995232641348181,19.540727023339521,5.4502721297150529,-2.2929123522704167,-0.94136584114223143,1,1.8307835762794629,1.7616246212198707,1,1,1
1785140836.4294279,1,1,0.99740799283270143,1.1905831847515751,0.07195342822577401,4,0,1,0,-0.92155794323304019,-0.020399761214143795,-1.8118572309307621,0.61388041117475356,-1.8307306053213168,0.16672453688332065,0.011395502823273234,0.00035610946322728857,0.078700191373230768,-0.00035610946322728857,0,0,-0.59734471403156819,-19.353968734622807,19.521895887157477,5.2507168248216667,-2.2317927017442827,-1.0495115821233738,1.666882853870058e-15,-20.012627665144105,19.625669768896298,5.4523389788181884,-2.2802856117287358,-0.94087782587447932,-0.013674603387926216,-20.013054996499978,19.562709615797715,5.4524636171303182,-2.2802856117287358,-0.94087782587447932,1,1.8307835762794629,1.7616246212198707,1,1,1
1785140836.4494278,1,1,0.99740799283270143,1.1905831847515751,0.07195342822577401,4,0,1,0,-0.92133581977736856,-0.020398337345838208,-1.8104077329956747,0.61388136042029062,-1.8307296560757798,0.16672453688332065,0.011039393360045946,0.00035610946322728857,0.070865783182230427,0.00035610946322728857,0,0.00035610946322728857,-0.11946894280631364,-20.309720277073318,19.791163416635513,5.3468837996352505,-2.0990231642467476,-0.8092619428421195,1.8466132796181523e-15,-20.027605405241722,19.640367705708115,5.4541098373501953,-2.2694752090068877,-0.94045696229689579,-0.013247272032053304,-20.028032736597595,19.58367507916233,5.4539851990380654,-2.2694752090068877,-0.94052106200027674,1,1.8307835762794629,1.7616246212198707,1,1,1
1785140836.4694278,1,1,0.99740799283270143,1.1905831847515751,0.07195342822577401,4,0,1,0,-0.92112793500475287,-0.020395014986458505,-1.8089677275159577,0.61388136042029062,-1.8307287068302427,0.16672406226055211,0.0096149555071367906,0.00071221892645457715,0.070153564255775847,-0.00035610946322728857,0.00035610946322728857,-0.00035610946322728857,0.47787577122525454,-19.353968734622807,19.521895887157477,5.2507168248216667,-2.0990231642467476,-0.84087373748438976,1.9514211736360053e-15,-20.042508153330346,19.654907532134498,5.4558507985525644,-2.2587456455637986,-0.94003667051012596,-0.011537946608562206,-20.043362816042091,19.598784680729878,5.4559754368646942,-2.2588097452671794,-0.93997257080674501,1,1.8307835762794629,1.7616246212198707,1,1,1
1785140836.4894278,1,1,0.99740799283270143,1.1905831847515751,0.07195342822577401,4,0,1,0,-0.92092669495089663,-0.020369859979726471,-1.8076615656569659,0.61388136042029062,-1.8307287068302427,0.16672406226055211,0.011395502823273234,0.0010683283896818657,0.068373016939639403,0,0,0,-0.27876086654806514,-20.469012200815069,19.425728912343896,5.5199843542997007,-2.0990231642467476,-0.87880789105511414,8.3790798715667749e-16,-20.056761489419891,19.667830751205315,5.4573928641648202,-2.2491797505118702,-0.93966048324041884,-0.013674603387927049,-20.058043483487509,19.613132337653603,5.4573928641648202,-2.2491797505118702,-0.93966048324041884,1,1.8307835762794629,1.7616246212198707,1,1,1
1785140836.5094278,1,1,0.99740799283270143,1.1905831847515751,0.07195342822577401,4,0,1,0,-0.92065473610452953,-0.020362740638198536,-1.8062049483803506,0.61388183504305915,-1.8307301306985482,0.16672358763778358,0.014600487992318832,0,0.071578002108685007,0.00035610946322728857,-0.00035610946322728857,-0.00035610946322728857,0,-19.831844505848064,19.521895887157477,5.5199843542997007,-2.3013386499572772,-1.0115774285526493,1.6028770714940277e-15,-20.071868971283408,19.682403723363045,5.4591294204057057,-2.238359803872469,-0.93923404905869545,-0.017520585590780988,-20.071868971283408,19.625141321676097,5.4590047820935759,-2.2382957041690883,-0.9391699493553145,1,1.8307835762794629,1.7616246212198707,1,1,1
1785140836.5294278,1,1,0.99740799283270143,1.1905831847515751,0.07195342822577401,4,0,1,0,-0.92038040414431976,-0.020359892901587361,-1.8048840732155345,0.61388563202520741,-1.8307268083391686,0.16672311301501505,0.013888269065864253,0,0.065880250697048379,0.00035610946322728857,0.00035610946322728857,-0.00035610946322728857,0.47787577122525454,-20.309720277073318,19.791163416635513,5.5199843542997007,-2.2001809071020122,-0.8092619428421195,2.5092254571848627e-15,-20.085445282465997,19.695659636564397,5.4607187832713997,-2.2284878254281155,-0.93884615795761572,-0.016665922879034605,-20.085445282465997,19.642955436006758,5.4605941449592699,-2.2285519251314962,-0.93878205825423477,1,1.8307835762794629,1.7616246212198707,1,1,1
1785140836.5494277,1,1,0.99740799283270143,1.1905831847515751,0.07195342822577401,4,0,1,0,-0.92007427245861861,-0.020357519787744718,-1.8036054394771175,0.6138884797618186,-1.8307291814530111,0.16672358763778358,0.015668816382000697,0.00035610946322728857,0.056977514116366174,0.00035610946322728857,0,0.00035610946322728857,-0.43805279028981664,-19.353968734622807,19.521895887157477,5.3468837996352505,-2.2697268553150072,-1.0115774285526493,1.3538421648350541e-16,-20.098494635241586,19.708417528544018,5.4622410517881335,-2.2189588576016472,-0.9384700055468288,-0.018802579658400726,-20.098921966597459,19.662835517250926,5.4621164134760036,-2.2189588576016472,-0.93853410525020975,1,1.8307835762794629,1.7616246212198707,1,1,1
1785140836.5694277,1,1,0.99740799283270143,1.1905831847515751,0.07195342822577401,4,0,1,0,-0.9197581736947783,-0.020348501955142668,-1.8025745588238724,0.61389227674396685,-1.8307287068302427,0.16672311301501505,0.016381035308455274,0.00035610946322728857,0.049143105925365825,-0.00035610946322728857,0,0,1.2743353899340122,-20.787596048298571,19.887330391449098,5.3468837996352505,-2.3013386499572772,-0.84087373748438976,8.8386594705748023e-16,-20.109262504683883,19.718629505164515,5.4634635436872108,-2.2113119984087142,-0.93816854208940759,-0.01965724237014544,-20.109689836039756,19.679315020424223,5.4635881819993406,-2.2113119984087142,-0.93816854208940759,1,1.8307835762794629,1.7616246212198707,1,1,1
1785140836.5894277,1,1,0.99740799283270143,1.1905831847515751,0.07195342822577401,4,0,1,0,-0.91942593775680803,-0.020338534877003558,-1.801599683657314,0.61389417523504097,-1.8307296560757798,0.16672311301501505,0.017449363698137141,0.00071221892645457715,0.047362558609229381,0.00035610946322728857,0,0.00035610946322728857,-0.43805279028981664,-19.991136429589815,19.791163416635513,5.7123183039268683,-2.1306349588890177,-1.0115774285526493,3.57167675143269e-15,-20.119463134490033,19.728240018399852,5.4646024663489996,-2.2040982260051583,-0.93788175354403491,-0.020939236437761015,-20.120317797201778,19.690349971512468,5.4644778280368698,-2.2040982260051583,-0.93794585324741586,1,1.8307835762794629,1.7616246212198707,1,1,1
1785140836.6094277,1,1,0.99740799283270143,1.1905831847515751,0.07195342822577401,4,0,1,0,-0.91905335888351281,-0.020305785905975059,-1.8007254285176837,0.61389559910334657,-1.8307291814530111,0.16672311301501505,0.020298239403955448,0.003204985169045597,0.04202091666082005,-0.00035610946322728857,0,0,-0.27876086654806514,-20.150428353331566,19.964263971299964,5.6161513291132845,-2.2001809071020122,-0.8092619428421195,5.091826070703221e-16,-20.129445920436886,19.736616268094387,5.4655908503220534,-2.1977975405862851,-0.93763023264262668,-0.024357887284746037,-20.133291902639741,19.702999534765731,5.4657154886341832,-2.1977975405862851,-0.93763023264262668,1,1.8307835762794629,1.7616246212198707,1,1,1
1785140836.6294279,1,1,0.99740799283270143,1.1905831847515751,0.07195342822577401,4,0,1,0,-0.91859534791188224,-0.020205165879046916,-1.7999674559563428,0.61389797221718911,-1.8307287068302427,0.16672311301501505,0.024927662425910199,0.0060538608748639056,0.034186508469819701,0.00035610946322728857,0,0.00035610946322728857,0.15929192374175152,-19.513260658364562,19.791163416635513,5.7123183039268683,-2.1685691124597422,-1.0115774285526493,1.6312475401012324e-15,-20.140643735602417,19.743152136004213,5.4663671726549854,-2.1928734557759482,-0.93743447210418296,-0.029913194911090627,-20.147908368652253,19.715802929228357,5.4662425343428556,-2.1928734557759482,-0.93749857180756391,1,1.8307835762794629,1.7616246212198707,1,1,1
1785140836.6494279,1,1,0.99740799283270143,1.1905831847515751,0.07195342822577401,4,0,1,0,-0.91807136437542636,-0.020079390845386739,-1.7993309868237455,0.61389892146272618,-1.8307291814530111,0.16672263839224652,0.028488757058183087,0.0071221892645457717,0.02991319491109224,0.00035610946322728857,0,0,-0.59734471403156819,-20.62830412455682,19.964263971299964,5.4430507744488343,-2.1685691124597422,-0.8092619428421195,9.9309168631869462e-16,-20.151490657885407,19.748215869348954,5.4669639009900495,-2.1890529593479879,-0.93728166618039754,-0.034186508469818702,-20.160037285002861,19.724285313420079,5.4668392626779196,-2.1890529593479879,-0.93728166618039754,1,1.8307835762794629,1.7616246212198707,1,1,1
1785140836.6694279,1,1,0.99740799283270143,1.1905831847515751,0.07195342822577401,4,0,1,0,-0.91744106533881986,-0.019890490983512206,-1.7988060540417523,0.61390271844487443,-1.8307287068302427,0.16672168914670946,0.032405961153683258,0.011751612286500523,0.021722677256864602,0,0,0,0.47787577122525454,-19.831844505848064,19.887330391449098,5.6161513291132845,-2.1306349588890177,-0.97996563391037905,3.0612193962581051e-16,-20.163454843212175,19.751555136971991,5.4673740198260727,-2.1865329493139951,-0.9371839175863238,-0.038887153384419573,-20.177556777955974,19.7341769951665,5.4673740198260727,-2.1865329493139951,-0.9371839175863238,1,1.8307835762794629,1.7616246212198707,1,1,1
1785140836.6894279,1,1,0.99740799283270143,1.1905831847515751,0.07195342822577401,4,0,1,0,-0.91691186095191002,-0.019655552713090364,-1.7985027700926624,0.61390556618148562,-1.8307287068302427,0.16672121452394092,0.032762070616910548,0.016737144771682564,0.016381035308455274,0.00035610946322728857,-0.00035610946322728857,0,0,-21.106179895782073,19.791163416635513,5.3468837996352505,-2.0990231642467476,-0.91041968569738441,2.4574667536656538e-16,-20.174813368598404,19.752235917368587,5.4674689255889746,-2.1860202150641164,-0.93716613159760209,-0.039314484740292435,-20.194897942324424,19.739131089121823,5.4673442872768447,-2.1859561153607356,-0.93716613159760209,1,1.8307835762794629,1.7616246212198707,1,1,1
1785140836.7094278,1,1,0.99740799283270143,1.1905831847515751,0.07195342822577401,4,0,1,0,-0.91610405299987374,-0.019165267393199938,-1.798251220025342,0.6139098377864024,-1.8307287068302427,0.16672073990117239,0.033830399006592411,0.024571552962682913,0.0056977514116366172,0,0.00035610946322728857,0,0,-19.831844505848064,19.887330391449098,5.7123183039268683,-2.0990231642467476,-0.97996563391037905,7.3419344199779988e-16,-20.194682590368476,19.749875600536921,5.4672170107932185,-2.187806146425725,-0.93724248997486614,-0.040596478807910168,-20.224168453923696,19.745317399407611,5.4672170107932185,-2.1878702461291057,-0.93724248997486614,1,1.8307835762794629,1.7616246212198707,1,1,1
1785140836.7294278,1,1,0.99740799283270143,1.1905831847515751,0.07195342822577401,4,0,1,0,-0.91541584998550674,-0.018600940921418986,-1.798208978598943,0.61391268552301359,-1.8307287068302427,0.16672026527840386,0.037035384175638009,0.033474289543365128,0,0,0,0,-0.11946894280631364,-20.150428353331566,19.791163416635513,5.2507168248216667,-2.4341081874548127,-0.87880789105511414,4.853892582043897e-16,-20.215060402171613,19.744701544404904,5.4666290122736649,-2.1917137753192186,-0.93740288193430132,-0.044442461010765107,-20.25522954962365,19.744701544404904,5.4666290122736649,-2.1917137753192186,-0.93740288193430132,1,1.8307835762794629,1.7616246212198707,1,1,1
1785140836.7494278,1,1,0.99740799283270143,1.1905831847515751,0.07195342822577401,4,0,1,0,-0.91463367166297094,-0.017774148058641515,-1.7982051816167948,0.61391553325962478,-1.8307296560757798,0.16671979065563536,0.039172040955001743,0.046650339682774801,0.00071221892645457715,0.00035610946322728857,0,-0.00035610946322728857,-0.59734471403156819,-20.62830412455682,19.694996441821928,5.4430507744488343,-2.3013386499572772,-1.0495115821233738,1.6280310736521151e-15,-20.244311440143971,19.736524753750153,5.4656894715339082,-2.1978787364229011,-0.93765389383795461,-0.047006449146000481,-20.300291847763301,19.735954978608991,5.4655648332217783,-2.1978787364229011,-0.93758979413457366,1,1.8307835762794629,1.7616246212198707,1,1,1
1785140836.7694278,1,1,0.99740799283270143,1.1905831847515751,0.07195342822577401,4,0,1,0,-0.91383678003461077,-0.016714790039284846,-1.7981543969805622,0.61391648250516184,-1.8307310799440852,0.16671979065563536,0.040952588271138186,0.060894718211866344,0.0039172040955001743,0,0,0,-0.43805279028981664,-20.309720277073318,19.694996441821928,5.3468837996352505,-2.0610890106760231,-1.0115774285526493,5.6402809769479418e-16,-20.282229607832445,19.726480541954977,5.4645184949119594,-2.2054342070372943,-0.93795814178986936,-0.04914310592536527,-20.355303269686683,19.723346778678579,5.4645184949119594,-2.2054342070372943,-0.93795814178986936,1,1.8307835762794629,1.7616246212198707,1,1,1
1785140836.7894278,1,1,0.99740799283270143,1.1905831847515751,0.07195342822577401,4,0,1,0,-0.91298815452448101,-0.015317975231504079,-1.7980428606299579,0.61391933024177292,-1.8307358261717706,0.16672026527840386,0.040240369344683606,0.074782987277730598,0.006409970338091194,0.00071221892645457715,-0.00035610946322728857,0,-0.59734471403156819,-20.309720277073318,19.598829467008347,5.7123183039268683,-2.1685691124597422,-0.94835383926810879,2.7437688268558693e-15,-20.332626851263338,19.713630513419819,5.4630254789789801,-2.2150762162451669,-0.93834700665580617,-0.048288443213617603,-20.422366435996615,19.708502537149347,5.4627762023547213,-2.2150121165417862,-0.93834700665580617,1,1.8307835762794629,1.7616246212198707,1,1,1
1785140836.8094277,1,1,0.99740799283270143,1.1905831847515751,0.07195342822577401,4,0,1,0,-0.91220977318409346,-0.013797758503905778,-1.7979208825784458,0.61392170335561558,-1.8307358261717706,0.16672073990117239,0.038459822028547162,0.081905176542276373,0.0053416419484093288,0,0,0.00035610946322728857,0.63716769496700609,-20.787596048298571,19.694996441821928,5.2507168248216667,-2.0990231642467476,-0.77765014819984923,2.7562807155403663e-15,-20.387485397808426,19.699653636640246,5.4613891829011205,-2.2255304772996234,-0.93876571660661656,-0.046151786434253821,-20.485771609659157,19.695380323081519,5.4613891829011205,-2.2255304772996234,-0.93882981630999751,1,1.8307835762794629,1.7616246212198707,1,1,1
1785140836.8294277,1,1,0.99740799283270143,1.1905831847515751,0.07195342822577401,4,0,1,0,-0.91143376495754858,-0.012006057552708905,-1.7978117193416843,0.61392170335561558,-1.8307348769262335,0.16672026527840386,0.038459822028547162,0.091520132049413158,0.0067660798013184824,0,0,0,0.31858384748350305,-20.150428353331566,19.598829467008347,4.9814492953436327,-2.2697268553150072,-1.1127351714079143,2.7504657122543084e-15,-20.451741811951347,19.682786678824172,5.4593918530290146,-2.2381003935002095,-0.93926428767025916,-0.046151786434253821,-20.561565970410644,19.677373814983117,5.4593918530290146,-2.2381003935002095,-0.93926428767025916,1,1.8307835762794629,1.7616246212198707,1,1,1
1785140836.8494277,1,1,0.99740799283270143,1.1905831847515751,0.07195342822577401,4,0,1,0,-0.91066677456360579,-0.010110414215204186,-1.7975839004127903,0.61392122873284705,-1.8307396231539188,0.16672073990117239,0.04202091666082005,0.098998430777186217,0.017805473161364428,-0.00035610946322728857,-0.00035610946322728857,0.00035610946322728857,0,-21.424763743265579,19.521895887157477,5.8084852787404522,-2.3329504445995477,-0.77765014819984923,3.4469358127703493e-15,-20.520767240615708,19.665966442818288,5.4573909260039386,-2.2505884177356572,-0.93975724518472592,-0.050425099992980615,-20.639565357548332,19.651722064289196,5.4575155643160684,-2.2505243180322765,-0.93982134488810687,1,1.8307835762794629,1.7616246212198707,1,1,1
1785140836.8694277,1,1,0.99740799283270143,1.1905831847515751,0.07195342822577401,4,0,1,0,-0.909761668944021,-0.0080049876140096607,-1.7970352364923707,0.61392170335561558,-1.8307405723994559,0.16672121452394092,0.045938120756320228,0.10469618218882284,0.033830399006592411,0.00035610946322728857,0,0,-0.11946894280631364,-21.106179895782073,19.598829467008347,5.7123183039268683,-2.0610890106760231,-1.0115774285526493,2.9405259781758448e-15,-20.600435363533222,19.650245171716183,5.4555159461769014,-2.2622177317164289,-0.94021463041152864,-0.055125744907581327,-20.726070782159809,19.623180852510909,5.4553913078647716,-2.2622177317164289,-0.94021463041152864,1,1.8307835762794629,1.7616246212198707,1,1,1
1785140836.8894279,1,1,0.99740799283270143,1.1905831847515751,0.07195342822577401,4,0,1,0,-0.90879676085560168,-0.0058862715752963255,-1.7962093928751304,0.61392075411007851,-1.8307405723994559,0.16672121452394092,0.052348091094411422,0.11146226199014132,0.049855324851820398,0,0,0,-0.27876086654806514,-21.424763743265579,19.521895887157477,5.2507168248216667,-2.3013386499572772,-1.0495115821233738,2.274833712927212e-15,-20.683378831650888,19.637156532048326,5.4539421503630319,-2.2718674865101605,-0.9405912733907158,-0.062817709313291434,-20.817133546039056,19.597272272166869,5.4539421503630319,-2.2718674865101605,-0.9405912733907158,1,1.8307835762794629,1.7616246212198707,1,1,1
1785140836.9094279,1,1,0.99740799283270143,1.1905831847515751,0.07195342822577401,4,0,1,0,-0.90757270873556539,-0.0034936981991417716,-1.7948159004267292,0.61392122873284705,-1.8307415216449929,0.16672121452394092,0.064811922307366515,0.12000888910759624,0.085822380637776544,0.00035610946322728857,0,0,-0.59734471403156819,-20.62830412455682,19.137227987903145,5.7123183039268683,-2.2697268553150072,-0.91041968569738441,5.6229740500889358e-16,-20.781749576365321,19.627013634941541,5.4527259600598184,-2.2793270805862722,-0.9408827637951287,-0.077774306768839258,-20.925760243294437,19.55835573043132,5.4526013217476885,-2.2793270805862722,-0.9408827637951287,1,1.8307835762794629,1.7616246212198707,1,1,1
1785140836.9294279,1,1,0.99740799283270143,1.1905831847515751,0.07195342822577401,4,0,1,0,-0.90629407499714831,-0.0011163127515801449,-1.7927930581872589,0.61392027948730998,-1.8307505394775949,0.16672168914670946,0.065880250697048379,0.12356998373986913,0.11181837145336861,0,-0.00071221892645457715,-0.00035610946322728857,-0.43805279028981664,-21.106179895782073,19.329561937530311,5.6161513291132845,-2.5352659303100773,-0.87880789105511414,-1.0085397927220939e-16,-20.885995660064154,19.623339670309676,5.4522830500829578,-2.2820264632614697,-0.94098793195747199,-0.079056300836458163,-21.034279640551997,19.533884973146982,5.4522830500829578,-2.2818982638547078,-0.94092383225409104,1,1.8307835762794629,1.7616246212198707,1,1,1
1785140836.9494278,1,1,0.99740799283270143,1.1905831847515751,0.07195342822577401,4,0,1,0,-0.90491054962688644,0.0014423785935595494,-1.7902462324113324,0.61392122873284705,-1.8307481663637524,0.16672121452394092,0.069085235866093983,0.12570664051923286,0.13710214334250609,0.00035610946322728857,0.00035610946322728857,-0.00071221892645457715,-0.91592856151507118,-21.424763743265579,19.425728912343896,5.4430507744488343,-2.3329504445995477,-0.97996563391037905,6.2077805375921435e-16,-21.002101179900023,19.623238969291108,5.4522752173029296,-2.2821004013105286,-0.9409915703839915,-0.082902283039312172,-21.152949148523103,19.513557254617105,5.4521505789907998,-2.2821645010139093,-0.94086337097722972,1,1.8307835762794629,1.7616246212198707,1,1,1
1785140836.9694278,1,1,0.99740799283270143,1.1905831847515751,0.07195342822577401,4,0,1,0,-0.90350803934588331,0.003907094630530507,-1.7872504134963776,0.61392075411007851,-1.8307481663637524,0.16672168914670946,0.073002439961594154,0.1274871878353693,0.16345424362132546,0,0,0,-0.27876086654806514,-21.902639514490833,19.233394962716726,5.4430507744488343,-2.4024963928125422,-1.0495115821233738,1.85241168806118e-15,-21.119513764602349,19.628633009896401,5.4529217529965281,-2.2781386373204029,-0.9408367915540049,-0.087602927953911156,-21.272498390004792,19.497869614999342,5.4529217529965281,-2.2781386373204029,-0.9408367915540049,1,1.8307835762794629,1.7616246212198707,1,1,1
1785140836.9894278,1,1,0.99740799283270143,1.1905831847515751,0.07195342822577401,4,0,1,0,-0.90205759216525871,0.0065664060025983437,-1.7837951597414865,0.61392075411007851,-1.8307386739083817,0.16672168914670946,0.068373016939639403,0.13104828246764219,0.17983527892978071,0.00035610946322728857,0.0010683283896818657,0,-0.11946894280631364,-20.946887972040322,19.329561937530311,5.7123183039268683,-2.2317927017442827,-1.0115774285526493,3.5071303484256671e-16,-21.248557398754315,19.636781963670128,5.4538961906559003,-2.2721426689975153,-0.94060175780866728,-0.082047620327566947,-21.405815337715485,19.492913740526305,5.4537715523437704,-2.2723349681076579,-0.94060175780866728,1,1.8307835762794629,1.7616246212198707,1,1,1
1785140837.0094278,1,1,0.99740799283270143,1.1905831847515751,0.07195342822577401,4,0,1,0,-0.90072722454507204,0.0091830013254985722,-1.7800181117495331,0.61392075411007851,-1.8307453186271412,0.16672168914670946,0.067660798013184822,0.1374582528057334,0.20333850350278176,0,-0.0017805473161364429,0,0,-21.424763743265579,19.233394962716726,5.2507168248216667,-2.3708845981702718,-0.97996563391037905,1.531067440837597e-15,-21.379259718030145,19.648478882368099,5.4553022941026219,-2.263522070823464,-0.94026542496175669,-0.081192957615820224,-21.544209621397027,19.485808079565874,5.4553022941026219,-2.2632015723065595,-0.94026542496175669,1,1.8307835762794629,1.7616246212198707,1,1,1
1785140837.0294278,1,1,0.99740799283270143,1.1905831847515751,0.07195342822577401,4,0,1,0,-0.89935983634894012,0.012001311325023615,-1.7757080623885213,0.61392122873284705,-1.8307453186271412,0.16672168914670946,0.066236360160275676,0.13852658119541525,0.22007564827446432,0,0.0017805473161364429,0,-0.27876086654806514,-22.499984228522401,19.694996441821928,5.1545498500080829,-2.0990231642467476,-1.0115774285526493,1.604459141196251e-15,-21.5225356852362,19.663543752172686,5.4571050636928611,-2.2523841400173117,-0.9398285772244076,-0.079483632192329193,-21.6887675826707,19.487483233553114,5.4571050636928611,-2.2527046385342162,-0.9398285772244076,1,1.8307835762794629,1.7616246212198707,1,1,1
1785140837.0494277,1,1,0.99740799283270143,1.1905831847515751,0.07195342822577401,4,0,1,0,-0.89804608052565182,0.014708559596712878,-1.7712176563754687,0.61392075411007851,-1.8307410470222243,0.16672168914670946,0.069797454792548563,0.14208767582768814,0.24322276338423809,0,0,-0.00035610946322728857,-0.43805279028981664,-21.424763743265579,19.233394962716726,5.0776162701572165,-2.3329504445995477,-0.97996563391037905,1.3740337524475864e-15,-21.663722120806348,19.681525908070903,5.4592401182647574,-2.2390383440076653,-0.93930108615641406,-0.083756945751056883,-21.834227331799575,19.486947697363512,5.4592401182647574,-2.2390383440076653,-0.93923698645303311,1,1.8307835762794629,1.7616246212198707,1,1,1
1785140837.0694277,1,1,0.99740799283270143,1.1905831847515751,0.07195342822577401,4,0,1,0,-0.89650592964177533,0.017637456701305173,-1.7659502928903343,0.61392122873284705,-1.8307448440043725,0.16672216376947799,0.077275753520321622,0.13923880012186982,0.25782325137655693,0,-0.00035610946322728857,0,0.15929192374175152,-21.902639514490833,19.137227987903145,5.2507168248216667,-2.0610890106760231,-0.91041968569738441,2.8228782050185175e-15,-21.82047790020485,19.70493971209152,5.4620154203388704,-2.2215819353110731,-0.93860914470515699,-0.092730904224383112,-21.987564460351095,19.498681110990272,5.4620154203388704,-2.2215178356076923,-0.93860914470515699,1,1.8307835762794629,1.7616246212198707,1,1,1
1785140837.0894277,1,1,0.99740799283270143,1.1905831847515751,0.07195342822577401,4,0,1,0,-0.89506022868883606,0.020344704972994433,-1.7607156783762281,0.61392217797838411,-1.8307381992856131,0.16672168914670946,0.074782987277730598,0.13923880012186982,0.26921875419983016,0,0,0,-0.91592856151507118,-22.221223361974335,19.329561937530311,5.6161513291132845,-2.0990231642467476,-0.8092619428421195,7.2399164171944448e-16,-21.969040066423258,19.730207670331946,5.4649890264050445,-2.2026367723021849,-0.93785229162720629,-0.089739584733275993,-22.136126626569503,19.514832666972083,5.4649890264050445,-2.2026367723021849,-0.93785229162720629,1,1.8307835762794629,1.7616246212198707,1,1,1
1785140837.1094277,1,1,0.99740799283270143,1.1905831847515751,0.07195342822577401,4,0,1,0,-0.8935433343206175,0.023206680267224142,-1.7549926770333057,0.61392217797838411,-1.8307438947588355,0.16672121452394092,0.074782987277730598,0.13817047173218797,0.28453146111860356,0.00035610946322728857,0,-0.00035610946322728857,-0.11946894280631364,-22.818568076005903,19.329561937530311,5.4430507744488343,-2.2001809071020122,-0.91041968569738441,1.4894257228662886e-15,-22.12773922956891,19.758551991789783,5.4683017560725711,-2.1812541106822549,-0.9369920442375379,-0.089739584733275216,-22.293543795647537,19.530926822894902,5.4681771177604412,-2.1812541106822549,-0.93692794453415695,1,1.8307835762794629,1.7616246212198707,1,1,1
1785140837.1294279,1,1,0.99740799283270143,1.1905831847515751,0.07195342822577401,4,0,1,0,-0.89201742211979684,0.025940982036719556,-1.7494894260322125,0.61392407646945824,-1.830736300794539,0.16672073990117239,0.081192957615821792,0.14030712851155169,0.29094143145669477,0.00035610946322728857,0.0010683283896818657,0,0.31858384748350305,-22.380515285716086,19.521895887157477,5.2507168248216667,-2.3013386499572772,-0.91041968569738441,5.6338568472331124e-16,-22.27965391132221,19.785934709984279,5.4714809846656252,-2.1604622462208614,-0.93614923417662499,-0.097431549138985593,-22.448022465536074,19.553181564818924,5.4713563463534953,-2.160654545331004,-0.93614923417662499,1,1.8307835762794629,1.7616246212198707,1,1,1
1785140837.1494279,1,1,0.99740799283270143,1.1905831847515751,0.07195342822577401,4,0,1,0,-0.89035007233395458,0.028866556781932149,-1.7435452504791555,0.61392455109222677,-1.8307348769262335,0.16672121452394092,0.082617395468730953,0.14315600421737001,0.28951699360378558,0.00035610946322728857,-0.0014244378529091543,0,0,-23.455735770972911,19.598829467008347,5.4430507744488343,-2.1306349588890177,-0.94835383926810879,1.4909688739415384e-15,-22.442510191050864,19.815555728493518,5.4748865983077781,-2.1378187923575251,-0.93522298069460152,-0.099140874562475639,-22.614297396111709,19.583942133610488,5.4747619599956483,-2.1375623935440013,-0.93522298069460152,1,1.8307835762794629,1.7616246212198707,1,1,1
1785140837.1694279,1,1,0.99740799283270143,1.1905831847515751,0.07195342822577401,4,0,1,0,-0.88870977604591839,0.031617944971094603,-1.7380780708084702,0.61392977194268061,-1.8307329784351594,0.16672121452394092,0.082973504931958236,0.13995101904832441,0.28132647594955795,0.00035610946322728857,0.0014244378529091543,0,0,-21.743347590749082,19.964263971299964,5.7123183039268683,-2.3329504445995477,-0.97996563391037905,-4.6412500331459673e-16,-22.594285083879399,19.842060327054458,5.4779348327935562,-2.1174245716136815,-0.93438687256564312,-0.099568205918350319,-22.762226306737389,19.616999146294813,5.4778101944814264,-2.1176809704272053,-0.93438687256564312,1,1.8307835762794629,1.7616246212198707,1,1,1
1785140837.1894279,1,1,0.99740799283270143,1.1905831847515751,0.07195342822577401,4,0,1,0,-0.88736327125160175,0.033941698045812457,-1.733541151764102,0.61393214505652327,-1.830727282961937,0.16672121452394092,0.082617395468730953,0.14493655153350646,0.27776538131728506,0.00035610946322728857,-0.00071221892645457715,0,0.31858384748350305,-22.818568076005903,19.694996441821928,5.2507168248216667,-1.9978654213914826,-0.94835383926810879,1.4313811736561604e-15,-22.721582795640224,19.863580761369569,5.4803804709813626,-2.100768734692398,-0.93369707157860193,-0.099140874562475695,-22.895506657480432,19.641368456315742,5.4802558326692328,-2.1006405352856361,-0.93369707157860193,1,1.8307835762794629,1.7616246212198707,1,1,1
1785140837.2094278,1,1,0.99740799283270143,1.1905831847515751,0.07195342822577401,4,0,1,0,-0.8853133755143251,0.037442990209250696,-1.7269624055695219,0.61393309430206033,-1.8307415216449929,0.16672073990117239,0.089383475270049431,0.14814153670255203,0.26921875419983016,0,0.00071221892645457715,-0.00035610946322728857,-0.27876086654806514,-23.933611542198165,19.791163416635513,5.3468837996352505,-1.9978654213914826,-0.94835383926810879,2.2904385012906152e-15,-22.910487275394509,19.893163032202004,5.4837151163071596,-2.0777275594702473,-0.93273625603169652,-0.10726017032405703,-23.088257119437571,19.677788028842141,5.4837151163071596,-2.0778557588770092,-0.93267215632831557,1,1.8307835762794629,1.7616246212198707,1,1,1
1785140837.2294278,1,1,0.99740799283270143,1.1905831847515751,0.07195342822577401,4,0,1,0,-0.88356154287568467,0.040431215159909106,-1.7214321010706222,0.61393546741590299,-1.830727282961937,0.16672121452394092,0.090095694196504011,0.15811260167291613,0.26458933117787542,0,-0.00035610946322728857,0,-0.59734471403156819,-24.252195389681667,19.598829467008347,5.3468837996352505,-1.8271617303232228,-0.97996563391037905,1.6567013038589331e-15,-23.070932792987648,19.917664165236996,5.4864489982989486,-2.0585203797824305,-0.93192772275075197,-0.10811483303580315,-23.260667914995146,19.705992700294697,5.4864489982989486,-2.0584562800790498,-0.93192772275075197,1,1.8307835762794629,1.7616246212198707,1,1,1
1785140837.2494278,1,1,0.99740799283270143,1.1905831847515751,0.07195342822577401,4,0,1,0,-0.88165640708280935,0.043689500465860509,-1.7163517389562881,0.61393926439805113,-1.8307391485311502,0.16672121452394092,0.093656788828776899,0.15953703952582526,0.24892051479587471,0.00035610946322728857,0,0,-0.91592856151507118,-23.933611542198165,19.964263971299964,5.7123183039268683,-1.9978654213914826,-0.94835383926810879,2.4438240202885168e-15,-23.23632572073932,19.934972745304286,5.4883895596296792,-2.0448791093080336,-0.93135472382262841,-0.11238814659452984,-23.427770168170309,19.735836333467585,5.4882649213175494,-2.0448791093080336,-0.93135472382262841,1,1.8307835762794629,1.7616246212198707,1,1,1
1785140837.2694278,1,1,0.99740799283270143,1.1905831847515751,0.07195342822577401,4,0,1,0,-0.87983100791504698,0.046840995648892887,-1.7113416210116963,0.61394306138019938,-1.8307320291896223,0.16672121452394092,0.094369007755231465,0.16630311932714376,0.23894944982551064,0,-0.00035610946322728857,0,-0.59734471403156819,-22.818568076005903,20.060430946113549,5.4430507744488343,-2.0610890106760231,-0.87880789105511414,7.8943584130103989e-17,-23.397286943062472,19.9527122893643,5.4903577406152166,-2.0308398795949887,-0.93075989616761501,-0.1132428093062777,-23.596850686255046,19.76155272950389,5.4903577406152166,-2.030775779891608,-0.93075989616761501,1,1.8307835762794629,1.7616246212198707,1,1,1
1785140837.2894278,1,1,0.99740799283270143,1.1905831847515751,0.07195342822577401,4,0,1,0,-0.87778918076483525,0.050283909211802064,-1.7067790723378271,0.61394401062573645,-1.8307367754173076,0.16672121452394092,0.10149119701977724,0.16772755718005292,0.23610057411969232,0.00035610946322728857,0,0,0,-23.29644384723116,19.694996441821928,5.8084852787404522,-1.9599312678207581,-0.97996563391037905,2.8411587180518386e-15,-23.564189652071867,19.96329151160111,5.4915232514320618,-2.0224350046473143,-0.93040206515858759,-0.12178943642372986,-23.765462720687932,19.774411052305357,5.4913986131199319,-2.0224350046473143,-0.93040206515858759,1,1.8307835762794629,1.7616246212198707,1,1,1
1785140837.3094277,1,1,0.99740799283270143,1.1905831847515751,0.07195342822577401,4,0,1,0,-0.87581332617944918,0.053630474352699853,-1.7021932671483002,0.61394543449404204,-1.8307358261717706,0.16672168914670946,0.10077897809332266,0.17520585590782597,0.21829510095832788,0.00071221892645457715,0.00035610946322728857,0,-0.59734471403156819,-25.048655008390426,19.694996441821928,5.8084852787404522,-1.9599312678207581,-0.91041968569738441,1.5304206811990047e-15,-23.72786070516355,19.975021321607972,5.4928093545201087,-2.013091088648729,-0.93000262013682022,-0.12093477371198563,-23.938107732252941,19.800385240841308,5.4925600778958499,-2.0131551883521097,-0.93000262013682022,1,1.8307835762794629,1.7616246212198707,1,1,1
1785140837.3294277,1,1,0.99740799283270143,1.1905831847515751,0.07195342822577401,4,0,1,0,-0.87374302166312579,0.057160718505018353,-1.69807638925408,0.61394828223065323,-1.8307377246628447,0.16672121452394092,0.10149119701977724,0.17271308966523496,0.20369461296600905,0,-0.00071221892645457715,0,-0.59734471403156819,-23.933611542198165,19.887330391449098,5.4430507744488343,-1.9283194731784878,-0.87880789105511414,1.2706636065593666e-15,-23.893546301115538,19.980546814333515,5.4934269443060924,-2.008680488921144,-0.92981616993387739,-0.12178943642373141,-24.100802008713821,19.817591123960707,5.4934269443060924,-2.0085522895143821,-0.92981616993387739,1,1.8307835762794629,1.7616246212198707,1,1,1
1785140837.3494277,1,1,0.99740799283270143,1.1905831847515751,0.07195342822577401,4,0,1,0,-0.87176526858666559,0.060580850175038135,-1.6942101121816429,0.61394875685342176,-1.8307344023034651,0.16672121452394092,0.1025595254094591,0.17912306000332615,0.20013351833373619,0.00035610946322728857,0,0,-0.11946894280631364,-24.252195389681667,19.964263971299964,5.4430507744488343,-2.0610890106760231,-0.87880789105511414,1.4662354332139611e-15,-24.052898410295171,19.984780483510036,5.4938877320391288,-2.0052970905679768,-0.92967068561583144,-0.12307143049134947,-24.267846082299162,19.824673668843047,5.493763093726999,-2.0052970905679768,-0.92967068561583144,1,1.8307835762794629,1.7616246212198707,1,1,1
1785140837.3694277,1,1,0.99740799283270143,1.1905831847515751,0.07195342822577401,4,0,1,0,-0.86965034953010045,0.064250158798535628,-1.6903837034217624,0.61394875685342176,-1.8307381992856131,0.16672121452394092,0.10505229165205013,0.17912306000332615,0.18268415463559903,-0.00035610946322728857,0,0.00035610946322728857,-0.59734471403156819,-25.048655008390426,19.964263971299964,5.3468837996352505,-1.9599312678207581,-0.94835383926810879,1.9991405379510059e-15,-24.220692018122371,19.986230570697995,5.4940468739574762,-2.0041360532480827,-0.92962110275058452,-0.12606274998245814,-24.435639690126362,19.840083246989515,5.494171512269606,-2.0041360532480827,-0.92968520245396546,1,1.8307835762794629,1.7616246212198707,1,1,1
1785140837.3894279,1,1,0.99740799283270143,1.1905831847515751,0.07195342822577401,4,0,1,0,-0.86758289275038825,0.067747653979825628,-1.6869203810798064,0.61395207921280148,-1.8307386739083817,0.16672168914670946,0.10861338628432302,0.17876695054009886,0.17342530859168953,-0.00035610946322728857,-0.00035610946322728857,0,0,-25.048655008390426,20.15659792092713,5.8084852787404522,-2.2001809071020122,-0.87880789105511414,2.3438444726128361e-15,-24.378865638987911,19.985908857383322,5.4940296675909597,-2.004395013603149,-0.92963552407364458,-0.13033606354118529,-24.593385979636029,19.847168610509971,5.4941543059030895,-2.0043309138997683,-0.92963552407364458,1,1.8307835762794629,1.7616246212198707,1,1,1
1785140837.4094279,1,1,0.99740799283270143,1.1905831847515751,0.07195342822577401,4,0,1,0,-0.86535596272045034,0.071456830915879552,-1.6834651273249155,0.61395207921280148,-1.8307377246628447,0.16672168914670946,0.1089694957475503,0.18446470195173548,0.16559090040068919,0,0,0.00035610946322728857,0,-24.570779237165169,19.964263971299964,5.2507168248216667,-2.1306349588890177,-1.0115774285526493,1.2133507633331887e-15,-24.544499954240273,19.983523329979889,5.4937705933269285,-2.0063032798951914,-0.92971763160813881,-0.13076339489705913,-24.765857596582354,19.851050609659339,5.4937705933269285,-2.0063032798951914,-0.92978173131151975,1,1.8307835762794629,1.7616246212198707,1,1,1
1785140837.4294279,1,1,0.99740799283270143,1.1905831847515751,0.07195342822577401,4,0,1,0,-0.86323914517281108,0.075063489333931227,-1.680246235708752,0.61395160459003295,-1.8307405723994559,0.16672121452394092,0.10825727682109572,0.18553303034141735,0.16167369630518902,0,0,0,-0.27876086654806514,-24.73007116090692,20.060430946113549,5.4430507744488343,-2.0990231642467476,-0.8092619428421195,2.453824090547528e-15,-24.704134951950902,19.979842946158914,5.4933702872752317,-2.009243811625252,-0.92984411482696328,-0.1299087321853124,-24.926774588360601,19.850503989114763,5.4933702872752317,-2.009243811625252,-0.92984411482696328,1,1.8307835762794629,1.7616246212198707,1,1,1
1785140837.4494278,1,1,0.99740799283270143,1.1905831847515751,0.07195342822577401,4,0,1,0,-0.86098658551337259,0.078885151866126518,-1.6770178516372178,0.61395397770387561,-1.8307358261717706,0.16672121452394092,0.11110615252691403,0.18304026409882632,0.15846871113614341,-0.00035610946322728857,0.00035610946322728857,0.00035610946322728857,-0.11946894280631364,-25.207946932132177,19.887330391449098,5.1545498500080829,-2.0610890106760231,-0.97996563391037905,2.550046009963641e-15,-24.871554605894449,19.974282481440277,5.492776178168242,-2.0136849920642708,-0.93003684095877281,-0.13332738303229427,-25.091202922813039,19.847507512531362,5.4929008164803719,-2.0137490917676515,-0.93010094066215376,1,1.8307835762794629,1.7616246212198707,1,1,1
1785140837.4694278,1,1,0.99740799283270143,1.1905831847515751,0.07195342822577401,4,0,1,0,-0.85886122475589988,0.082430109324269418,-1.6740049463025959,0.61395350308110708,-1.8307396231539188,0.16672168914670946,0.11146226199014132,0.18232804517237175,0.15099041240837036,0,0,-0.00035610946322728857,-0.27876086654806514,-25.048655008390426,19.887330391449098,5.4430507744488343,-2.0990231642467476,-0.8092619428421195,3.536484217497522e-15,-25.026905589233028,19.969222810091978,5.492223706998633,-2.0177173827685513,-0.93020974741884355,-0.13375471438816602,-25.245699243439873,19.84843048016528,5.492223706998633,-2.0177173827685513,-0.9301456477154626,1,1.8307835762794629,1.7616246212198707,1,1,1
1785140837.4894278,1,1,0.99740799283270143,1.1905831847515751,0.07195342822577401,4,0,1,0,-0.85652702998027441,0.086190545519324466,-1.6710053304054928,0.61395350308110708,-1.8307367754173076,0.16672121452394092,0.11680390393855065,0.18125971678268987,0.15170263133482492,-0.00035610946322728857,0,-0.00035610946322728857,-0.59734471403156819,-24.570779237165169,19.887330391449098,5.6161513291132845,-2.0990231642467476,-1.0115774285526493,2.1765300516584446e-15,-25.189811828773973,19.962044008652004,5.4914391683252628,-2.0234321402665434,-0.9304543815377988,-0.14016468472625862,-25.4073234889132,19.840681903584144,5.4915638066373926,-2.0234321402665434,-0.93039028183441785,1,1.8307835762794629,1.7616246212198707,1,1,1
1785140837.5094278,1,1,0.99740799283270143,1.1905831847515751,0.07195342822577401,4,0,1,0,-0.8541344566041198,0.089663834939419498,-1.6680019175262415,0.61395350308110708,-1.8307400977766872,0.16672121452394092,0.1274871878353693,0.18054749785623531,0.15348317865096137,0,-0.00035610946322728857,0,-0.11946894280631364,-25.367238855873929,19.964263971299964,5.4430507744488343,-1.9283194731784878,-0.97996563391037905,2.1793929712022887e-15,-25.34240926322742,19.957564269294199,5.4909507340871855,-2.0269918922304111,-0.9306070165709861,-0.15298462540244098,-25.559066260654902,19.834777726373432,5.4909507340871855,-2.0269277925270304,-0.9306070165709861,1,1.8307835762794629,1.7616246212198707,1,1,1
1785140837.5294278,1,1,0.99740799283270143,1.1905831847515751,0.07195342822577401,4,0,1,0,-0.85156674742637806,0.093284732040527035,-1.6650791905176401,0.61395397770387561,-1.8307339276806964,0.16672121452394092,0.12356998373986913,0.17057643288587121,0.14137545690123357,0,0.00035610946322728857,0,0,-25.367238855873929,19.791163416635513,5.2507168248216667,-2.0294772160337526,-0.91041968569738441,1.7668667477916764e-15,-25.499507889550777,19.950988729220274,5.4902298442667883,-2.0322122832220315,-0.93082978478566014,-0.14828398048784117,-25.704199609013823,19.837888363699289,5.4902298442667883,-2.0322763829254122,-0.93082978478566014,1,1.8307835762794629,1.7616246212198707,1,1,1
1785140837.5494277,1,1,0.99740799283270143,1.1905831847515751,0.07195342822577401,4,0,1,0,-0.84907640175990651,0.096574342449201336,-1.6622433194756796,0.61395397770387561,-1.8307495902320579,0.16672121452394092,0.12997995407796031,0.1680836666432802,0.14636098938641559,0,-0.0010683283896818657,0,-0.43805279028981664,-25.845114627099182,19.887330391449098,5.5199843542997007,-1.9978654213914826,-0.91041968569738441,1.4246723694836141e-15,-25.643745299023852,19.946553173323057,5.4897501843559029,-2.0357248021040428,-0.93098127671766706,-0.15597594489355093,-25.845445698995789,19.829464381813924,5.4897501843559029,-2.0355325029939002,-0.93098127671766706,1,1.8307835762794629,1.7616246212198707,1,1,1
1785140837.5694277,1,1,0.99740799283270143,1.1905831847515751,0.07195342822577401,4,0,1,0,-0.84635823716454106,0.099946537219599701,-1.6593476459648842,0.61395397770387561,-1.8307400977766872,0.16672026527840386,0.13710214334250609,0.16416646254778003,0.13995101904832441,0,0.00071221892645457715,0,-0.11946894280631364,-25.685822703357431,20.060430946113549,5.2507168248216667,-1.8271617303232228,-0.91041968569738441,2.2422111201577951e-15,-25.79164414927083,19.942096499710818,5.4892567798402512,-2.0392550774304139,-0.9311308129356104,-0.16452257201100509,-25.988643904328168,19.830135684472157,5.4892567798402512,-2.0393832768371758,-0.9311308129356104,1,1.8307835762794629,1.7616246212198707,1,1,1
1785140837.5894277,1,1,0.99740799283270143,1.1905831847515751,0.07195342822577401,4,0,1,0,-0.8437050958884641,0.10315783487146674,-1.6564880437844971,0.61395350308110708,-1.8307429455132984,0.16672073990117239,0.13781436226896068,0.16594700986391647,0.15348317865096137,0,-0.00071221892645457715,0,-0.43805279028981664,-27.079627036097758,19.887330391449098,5.3468837996352505,-2.0294772160337526,-1.0115774285526493,1.3613678964383879e-15,-25.933324176079203,19.938725762718001,5.488884073734539,-2.041920251260525,-0.93124396383920538,-0.16537723472275143,-26.132460587915904,19.815939219797233,5.488884073734539,-2.0417920518537631,-0.93124396383920538,1,1.8307835762794629,1.7616246212198707,1,1,1
1785140837.6094277,1,1,0.99740799283270143,1.1905831847515751,0.07195342822577401,4,0,1,0,-0.84076480783742713,0.10651531633604068,-1.6534870040190885,0.61395350308110708,-1.8307438947588355,0.16672073990117239,0.14422433260705186,0.15953703952582526,0.14742931777609747,-0.00035610946322728857,0.00035610946322728857,0,-0.11946894280631364,-25.367238855873929,20.060430946113549,5.2507168248216667,-2.0294772160337526,-1.0495115821233738,3.4803717944528175e-15,-26.081524800213145,19.935322822693568,5.4885095450922652,-2.0446092805180811,-0.93135838162722129,-0.17306919912845872,-26.272969247644134,19.81737936847269,5.488634183404395,-2.0446733802214618,-0.93135838162722129,1,1.8307835762794629,1.7616246212198707,1,1,1
1785140837.6294279,1,1,0.99740799283270143,1.1905831847515751,0.07195342822577401,4,0,1,0,-0.8379389038736057,0.10960938216408106,-1.6505182386019397,0.61395350308110708,-1.8307462678726782,0.16672121452394092,0.14386822314382458,0.1588248205993707,0.15740038274646154,0.00035610946322728857,-0.00071221892645457715,0,-0.43805279028981664,-27.079627036097758,19.598829467008347,5.8084852787404522,-2.0610890106760231,-0.91041968569738441,1.8897879540037857e-15,-26.219998945391914,19.93410991095908,5.4883765027546101,-2.0455667712629664,-0.93139923639703459,-0.17264186777258761,-26.410588730111158,19.80818960476191,5.4882518644424803,-2.0454385718562045,-0.93139923639703459,1,1.8307835762794629,1.7616246212198707,1,1,1
1785140837.6494279,1,1,0.99740799283270143,1.1905831847515751,0.07195342822577401,4,0,1,0,-0.83493027014390053,0.11277226829355814,-1.6474441069301775,0.61395350308110708,-1.8307457932499096,0.16672121452394092,0.14600487992318831,0.15134652187159764,0.14778542723932475,0,0.0010683283896818657,0,-0.59734471403156819,-26.163698474582684,19.887330391449098,5.6161513291132845,-1.8967076785362176,-1.0495115821233738,1.4283809128913373e-15,-26.361906681582948,19.933267606821563,5.4882834614222658,-2.0462319301518685,-0.93142745263777793,-0.17520585590782453,-26.543522507828865,19.815039265030101,5.4882834614222658,-2.0464242292620112,-0.93142745263777793,1,1.8307835762794629,1.7616246212198707,1,1,1
1785140837.6694279,1,1,0.99740799283270143,1.1905831847515751,0.07195342822577401,4,0,1,0,-0.83201228936298433,0.11575005154330892,-1.6444312015955556,0.61394923147619029,-1.8307405723994559,0.16672263839224652,0.14885375562900663,0.15205874079805221,0.15953703952582526,0,-0.0010683283896818657,0.00035610946322728857,-0.27876086654806514,-27.238918959839509,19.598829467008347,5.3468837996352505,-1.8967076785362176,-0.91041968569738441,2.4406507823713082e-15,-26.496642802725582,19.933639278966645,5.4882978969483398,-2.0459368961825892,-0.93140987712720469,-0.17862450675480551,-26.679113291683244,19.806009647345984,5.4882978969483398,-2.0457445970724466,-0.93147397683058564,1,1.8307835762794629,1.7616246212198707,1,1,1
1785140837.6924484,1,1,0.99740799283270143,1.1905831847515751,0.07195342822577401,4,0,1,0,-0.82950248416300321,0.11814737114714877,-1.6418435582615356,0.61394970609895883,-1.8307500648548265,0.16672263839224652,0.15811260167291613,0.14422433260705186,0.1588248205993707,0.00035610946322728857,0,0.00035610946322728857,0,-25.685822703357431,19.694996441821928,5.4430507744488343,-2.0990231642467476,-0.91041968569738441,9.6733166340627198e-16,-26.606541009199397,19.935378361051857,5.4884968216473835,-2.0445620418221937,-0.93135300261249776,-0.1897351220074984,-26.77961020832786,19.808318504572359,5.4883721833352537,-2.0445620418221937,-0.93141710231587871,1,1.8307835762794629,1.7616246212198707,1,1,1
1785140837.7124484,1,1,0.99740799283270143,1.1905831847515751,0.07195342822577401,4,0,1,0,-0.8251444979023701,0.1219139774381947,-1.6374979121928843,0.61394923147619029,-1.8307443693816041,0.16672311301501505,0.1620298057684163,0.13852658119541525,0.16594700986391647,0,-0.00035610946322728857,0,-0.91592856151507118,-27.716794731064763,19.887330391449098,5.8084852787404522,-1.9978654213914826,-0.87880789105511414,3.9734688736987736e-15,-26.782011188002642,19.940937634407611,5.4891038695332099,-2.0401681925910191,-0.93116503964099784,-0.19443576692209555,-26.948243085437142,19.808180026516478,5.4891038695332099,-2.0401040928876384,-0.93116503964099784,1,1.8307835762794629,1.7616246212198707,1,1,1
1785140837.7324486,1,1,0.99740799283270143,1.1905831847515751,0.07195342822577401,4,0,1,0,-0.82172721396896153,0.12463404052463424,-1.6341598902618202,0.61394685836234764,-1.8307486409865208,0.16672311301501505,0.16843977610650748,0.12891162568827846,0.16452257201100731,-0.00035610946322728857,0.00035610946322728857,0,0,-26.920335112356007,19.791163416635513,5.4430507744488343,-1.8967076785362176,-0.94835383926810879,1.4976086741994371e-15,-26.910529858762409,19.946778421045181,5.4897356548002882,-2.035542443421074,-0.93096620306804034,-0.20212773132780748,-27.065223809588343,19.815160363436377,5.4898602931124181,-2.0356065431244548,-0.93096620306804034,1,1.8307835762794629,1.7616246212198707,1,1,1
1785140837.7524486,1,1,0.99740799283270143,1.1905831847515751,0.07195342822577401,4,0,1,0,-0.81841197393078668,0.12706695683611374,-1.6307464033105599,0.6139402136435882,-1.8307457932499096,0.16672406226055211,0.1712886518123258,0.12392609320309642,0.1773425126871897,-0.00071221892645457715,-0.00035610946322728857,0,-0.59734471403156819,-26.920335112356007,19.887330391449098,5.4430507744488343,-2.1306349588890177,-0.8092619428421195,2.6083033566751978e-15,-27.029601725053325,19.956104229869016,5.4907210291789621,-2.0281427851005827,-0.93064340473012497,-0.20554638217478835,-27.178313036897041,19.814230219719263,5.4909703058032209,-2.0280786853972019,-0.93064340473012497,1,1.8307835762794629,1.7616246212198707,1,1,1
1785140837.7724485,1,1,0.99740799283270143,1.1905831847515751,0.07195342822577401,4,0,1,0,-0.81481006174042026,0.12954116532845528,-1.6271392702697396,0.61393926439805113,-1.8307462678726782,0.16672453688332065,0.17520585590782597,0.11573557554886878,0.17841084107687158,0,0,0,0,-27.079627036097758,19.791163416635513,5.4430507744488343,-2.0294772160337526,-0.91041968569738441,2.9619560021086319e-15,-27.151920383083151,19.966832770523467,5.4918888357637208,-2.0196114698313883,-0.93027737975391567,-0.21024702708938822,-27.290803073741795,19.824104097661969,5.4918888357637208,-2.0196114698313883,-0.93027737975391567,1,1.8307835762794629,1.7616246212198707,1,1,1
1785140837.7924485,1,1,0.99740799283270143,1.1905831847515751,0.07195342822577401,4,0,1,0,-0.81139230318424316,0.13166177985824273,-1.6235862442245317,0.6139387897752826,-1.8307453186271412,0.16672453688332065,0.17556196537105326,0.10612062004173199,0.18054749785623531,0,0,0.00035610946322728857,-0.75663663777331969,-26.761043188614252,19.694996441821928,5.2507168248216667,-2.0990231642467476,-0.87880789105511414,1.9729250396495931e-15,-27.261131987967875,19.980373346893149,5.493360411184895,-2.0088116574562203,-0.92981314054567132,-0.21067435844526192,-27.388476732017953,19.83593534860816,5.493360411184895,-2.0088116574562203,-0.92987724024905227,1,1.8307835762794629,1.7616246212198707,1,1,1
1785140837.8124485,1,1,0.99740799283270143,1.1905831847515751,0.07195342822577401,4,0,1,0,-0.80783880251626672,0.13380897326306782,-1.6198058738731984,0.61393072118821768,-1.8307448440043725,0.16672453688332065,0.17164476127555309,0.10398396326236826,0.19123078175305397,-0.00035610946322728857,0,0,-0.43805279028981664,-27.39821088358126,19.887330391449098,5.3468837996352505,-1.9599312678207581,-1.0115774285526493,2.3568695364789648e-15,-27.373370255973946,19.995747700263358,5.4949829433713218,-1.9964999297417467,-0.92927442495744272,-0.20597371353066138,-27.498151011888787,19.842763074860915,5.4951075816834516,-1.9964999297417467,-0.92927442495744272,1,1.8307835762794629,1.7616246212198707,1,1,1
1785140837.8324485,1,1,0.99740799283270143,1.1905831847515751,0.07195342822577401,4,0,1,0,-0.80441487386409871,0.13577533539308334,-1.6160335721089301,0.61393024656544914,-1.8307453186271412,0.16672406226055211,0.18019138839300802,0.09757399292427707,0.19799686155437243,0,0,-0.00035610946322728857,-0.11946894280631364,-27.557502807323011,19.694996441821928,5.4430507744488343,-2.0990231642467476,-0.77765014819984923,1.8134547893476115e-15,-27.479028340453233,20.012687471214686,5.4968063958079165,-1.9828824560575706,-0.92868449448682311,-0.21622966607160779,-27.596117131962366,19.854289981971188,5.4968063958079165,-1.9828824560575706,-0.92862039478344216,1,1.8307835762794629,1.7616246212198707,1,1,1
1785140837.8524485,1,1,0.99740799283270143,1.1905831847515751,0.07195342822577401,4,0,1,0,-0.80083811668046434,0.13772508572620037,-1.6118687573150885,0.61392929731991208,-1.8307386739083817,0.16672501150608918,0.17022032342264393,0.094725117218458763,0.2026262845763272,-0.00035610946322728857,-0.00035610946322728857,0,0,-27.716794731064763,19.598829467008347,5.4430507744488343,-1.9599312678207581,-0.87880789105511414,1.6888615314527877e-15,-27.587768321940526,20.033432574208618,5.4990179065281781,-1.9661265086953637,-0.92795343031723621,-0.20426438810717104,-27.701438462602678,19.871331546547555,5.499142544840308,-1.9660624089919827,-0.92795343031723621,1,1.8307835762794629,1.7616246212198707,1,1,1
1785140837.8724484,1,1,0.99740799283270143,1.1905831847515751,0.07195342822577401,4,0,1,0,-0.79757888212897587,0.13957469065515779,-1.6079550179657984,0.61392977194268061,-1.8307415216449929,0.16672501150608918,0.1680836666432802,0.092944569902322319,0.20725570759828194,0,0,0,-0.27876086654806514,-27.557502807323011,19.887330391449098,5.2507168248216667,-1.8967076785362176,-0.77765014819984923,3.3811791448147889e-15,-27.690385194709616,20.052603997504594,5.50105904951032,-1.9505587353628391,-0.92727293094431373,-0.20170039997193284,-27.801918678592404,19.886799431425967,5.50105904951032,-1.9505587353628391,-0.92727293094431373,1,1.8307835762794629,1.7616246212198707,1,1,1
1785140837.8924484,1,1,0.99740799283270143,1.1905831847515751,0.07195342822577401,4,0,1,0,-0.79416159819556731,0.14141195539213344,-1.6036397477543332,0.61392787345160649,-1.8307391485311502,0.16672548612885768,0.16416646254778003,0.085822380637776544,0.20974847384087297,-0.00035610946322728857,0.00035610946322728857,0,-0.75663663777331969,-26.920335112356007,19.694996441821928,5.8084852787404522,-1.8271617303232228,-0.94835383926810879,2.8161708072755214e-15,-27.796245432740303,20.0755490709154,5.5034668418688666,-1.931823892844408,-0.92644612664990145,-0.19699975505733319,-27.899232289505633,19.907750291842703,5.5035914801809964,-1.931887992547789,-0.92644612664990145,1,1.8307835762794629,1.7616246212198707,1,1,1
1785140837.9124484,1,1,0.99740799283270143,1.1905831847515751,0.07195342822577401,4,0,1,0,-0.79093653648341289,0.14302757129620605,-1.5995470756213077,0.61392597496053236,-1.8307310799440852,0.16672596075162621,0.16772755718005292,0.081549067079049076,0.20761181706150925,-0.00071221892645457715,-0.00035610946322728857,0.00035610946322728857,0.31858384748350305,-27.876086654806514,20.060430946113549,5.6161513291132845,-1.8967076785362176,-1.0495115821233738,8.5463786800301707e-16,-27.892028796459719,20.098406549251976,5.505842257981997,-1.9130493752718245,-0.92561183234559485,-0.20127306861606267,-27.989887676954577,19.93231709560277,5.5060915346062558,-1.9129852755684436,-0.9256759320489758,1,1.8307835762794629,1.7616246212198707,1,1,1
1785140837.9324484,1,1,0.99740799283270143,1.1905831847515751,0.07195342822577401,4,0,1,0,-0.78758285200098721,0.14467024069808485,-1.595253163434426,0.61392550033776383,-1.830733453057928,0.16672501150608918,0.16167369630518902,0.078700191373230768,0.2150901157892823,-0.00035610946322728857,0,0.00035610946322728857,-0.27876086654806514,-28.035378578548265,20.060430946113549,5.6161513291132845,-1.9599312678207581,-0.8092619428421195,6.3198142206510059e-16,-27.990409253322056,20.122646721836432,5.5083527222108746,-1.89300910247639,-0.92471846445603756,-0.19400843556622621,-28.084849482969933,19.950574629205008,5.5084773605230044,-1.89300910247639,-0.92478256415941851,1,1.8307835762794629,1.7616246212198707,1,1,1
1785140837.9524484,1,1,0.99740799283270143,1.1905831847515751,0.07195342822577401,4,0,1,0,-0.7844702758849742,0.14617764261093286,-1.5911125544017795,0.6139250257149953,-1.830733453057928,0.16672548612885768,0.15633205435677969,0.077275753520321622,0.21046069276732754,0,0.00071221892645457715,0.00035610946322728857,-0.59734471403156819,-28.672546273515273,19.791163416635513,5.7123183039268683,-1.8271617303232228,-0.91041968569738441,1.4026658745614396e-15,-28.082400582093868,20.146599955713747,5.5108073497469645,-1.8730769896735682,-0.92382358464342706,-0.18759846522813423,-28.175131486318254,19.978231401499883,5.5108073497469645,-1.8732051890803301,-0.92388768434680801,1,1.8307835762794629,1.7616246212198707,1,1,1
1785140837.9724486,1,1,0.99740799283270143,1.1905831847515751,0.07195342822577401,4,0,1,0,-0.78129599880905243,0.14774674548368963,-1.586816269101055,0.6139250257149953,-1.830728232207474,0.16672501150608918,0.15419539757741596,0.075851315667412461,0.20618737920860009,0,-0.00071221892645457715,-0.00035610946322728857,-0.27876086654806514,-28.035378578548265,19.964263971299964,5.3468837996352505,-1.8271617303232228,-1.0495115821233738,1.0806540867628108e-15,-28.177902758615669,20.1713013521174,5.5133150914178435,-1.8523878670939853,-0.9228887274219526,-0.18503447709289808,-28.268924337416564,20.006351448750518,5.5133150914178435,-1.8522596676872234,-0.92282462771857166,1,1.8307835762794629,1.7616246212198707,1,1,1
1785140837.9924486,1,1,0.99740799283270143,1.1905831847515751,0.07195342822577401,4,0,1,0,-0.77835286302140427,0.14923136550364827,-1.5828792732361072,0.6139236018466897,-1.8307291814530111,0.16672501150608918,0.15241485026127952,0.074782987277730598,0.20547516028214549,0,0.00035610946322728857,0,0,-28.513254349773522,20.252764895740714,5.3468837996352505,-2.0294772160337526,-1.0115774285526493,9.978186862754774e-16,-28.266894052587649,20.193337871839347,5.5155245490728451,-1.8338068738753306,-0.92204284833574923,-0.18289782031353441,-28.356633637320925,20.028957743613631,5.5155245490728451,-1.8338709735787115,-0.92204284833574923,1,1.8307835762794629,1.7616246212198707,1,1,1
1785140838.0124485,1,1,0.99740799283270143,1.1905831847515751,0.07195342822577401,4,0,1,0,-0.77536796043012557,0.15078575507058065,-1.5787068644779692,0.61392312722392117,-1.8307310799440852,0.16672548612885768,0.14208767582768814,0.075495206204185178,0.20227017511309991,-0.00035610946322728857,0,0,0.15929192374175152,-28.353962426031767,20.060430946113549,5.8084852787404522,-1.7955499356809526,-0.87880789105511414,1.7051238212078412e-15,-28.360364250594198,20.216721662234249,5.5178515562134551,-1.8139635330970805,-0.92113497954131107,-0.17050521099322405,-28.450958498039221,20.05490552214377,5.517976194525585,-1.8139635330970805,-0.92113497954131107,1,1.8307835762794629,1.7616246212198707,1,1,1
1785140838.0324485,1,1,0.99740799283270143,1.1905831847515751,0.07195342822577401,4,0,1,0,-0.77271007292636329,0.15219301157926907,-1.5748434351421432,0.6139236018466897,-1.8307296560757798,0.16672548612885768,0.13247272032055135,0.069797454792548563,0.19621631423823599,0,0,0,-0.59734471403156819,-28.831838197257024,20.348931870554299,5.2507168248216667,-1.6880698338972338,-0.91041968569738441,4.0066484225473176e-16,-28.445645029220078,20.238559129428854,5.5200071415408418,-1.7953156414088316,-0.92027727302210571,-0.15896726438466122,-28.529401974971137,20.081586078038264,5.5200071415408418,-1.7953156414088316,-0.92027727302210571,1,1.8307835762794629,1.7616246212198707,1,1,1
1785140838.0524485,1,1,0.99740799283270143,1.1905831847515751,0.07195342822577401,4,0,1,0,-0.76998858597161812,0.15362352460361539,-1.5709453583442148,0.6139236018466897,-1.8307244352253258,0.16672548612885768,0.12891162568827846,0.068373016939639403,0.18909412497369024,0,0.00071221892645457715,0,-0.11946894280631364,-28.513254349773522,20.252764895740714,5.4430507744488343,-2.0294772160337526,-0.91041968569738441,2.7400819007875615e-15,-28.531960332993798,20.260403693650336,5.522138129038388,-1.7765471529545165,-0.91940811006662304,-0.15469395082593143,-28.614007953321366,20.109128393671384,5.522138129038388,-1.7766753523612784,-0.91940811006662304,1,1.8307835762794629,1.7616246212198707,1,1,1
1785140838.0724485,1,1,0.99740799283270143,1.1905831847515751,0.07195342822577401,4,0,1,0,-0.76747830614886836,0.15494962061888534,-1.5673344283212463,0.61392265260115264,-1.830727282961937,0.16672548612885768,0.12962384461473303,0.067304688549957539,0.17591807483428054,0,0,0,-0.43805279028981664,-29.787589739707531,20.252764895740714,5.0776162701572165,-1.6564580392549633,-0.87880789105511414,1.3833909722014375e-15,-28.611761535746286,20.280456997099833,5.5240729286937205,-1.7592066654412828,-0.91860027501336294,-0.15554861353767824,-28.692527162006236,20.139722537232409,5.5240729286937205,-1.7592066654412828,-0.91860027501336294,1,1.8307835762794629,1.7616246212198707,1,1,1
1785140838.0924485,1,1,0.99740799283270143,1.1905831847515751,0.07195342822577401,4,0,1,0,-0.76485174374782905,0.15627049578370147,-1.5638037095461592,0.61392265260115264,-1.8307063995601218,0.16672453688332065,0.12713107837214202,0.064099703380911949,0.16915199503296208,-0.00035610946322728857,0.0010683283896818657,-0.00035610946322728857,0,-28.831838197257024,20.425865450405166,5.6161513291132845,-1.6564580392549633,-1.0115774285526493,1.8599292944719582e-15,-28.69073661428958,20.299940893570959,5.5259325346369934,-1.742280512607431,-0.9178065587608234,-0.15255729404656854,-28.767656258346676,20.16461929754459,5.5260571729491232,-1.7424728117175738,-0.91774245905744245,1,1.8307835762794629,1.7616246212198707,1,1,1
1785140838.1124485,1,1,0.99740799283270143,1.1905831847515751,0.07195342822577401,4,0,1,0,-0.76242499753234039,0.15755197725872969,-1.5606512651175899,0.61392170335561558,-1.8307073488056589,0.16672453688332065,0.12214554588695997,0.065880250697048379,0.15526372596709781,0.00035610946322728857,0,0,-0.11946894280631364,-28.353962426031767,20.252764895740714,6.0777528082184862,-1.624846244612693,-0.87880789105511414,4.0070801245594559e-16,-28.764678100441159,20.316208472981199,5.5274721736760499,-1.7280584830135557,-0.91713699279678595,-0.14657465506435158,-28.843734401277619,20.19199749220752,5.5273475353639201,-1.7280584830135557,-0.91713699279678595,1,1.8307835762794629,1.7616246212198707,1,1,1
1785140838.1324484,1,1,0.99740799283270143,1.1905831847515751,0.07195342822577401,4,0,1,0,-0.75988576572071043,0.15898391415138161,-1.5573910813205643,0.61391933024177292,-1.8307054503145848,0.16672453688332065,0.12499442159277829,0.073714658888048734,0.16096147737873442,-0.00035610946322728857,0,0,-0.43805279028981664,-29.150422044740527,20.425865450405166,5.2507168248216667,-1.6564580392549633,-1.0811233767656441,3.045713887354385e-15,-28.844929167451237,20.332056690107439,5.528951163568629,-1.7141384359309908,-0.91647713774185346,-0.14999330591133089,-28.933386758116896,20.203287508204451,5.5290758018807589,-1.7141384359309908,-0.91647713774185346,1,1.8307835762794629,1.7616246212198707,1,1,1
1785140838.1524484,1,1,0.99740799283270143,1.1905831847515751,0.07195342822577401,4,0,1,0,-0.75748844611687061,0.16047945049501641,-1.5544450977963049,0.61391933024177292,-1.8307063995601218,0.16672358763778358,0.12321387427664185,0.079056300836458065,0.1467170988496429,0,0.00035610946322728857,-0.00035610946322728857,-0.91592856151507118,-28.831838197257024,20.060430946113549,5.2507168248216667,-1.6564580392549633,-1.0115774285526493,1.2404581879487157e-15,-28.924635588409831,20.344562808177699,5.5301216945825002,-1.7031055960018799,-0.91595437818951764,-0.147856649131969,-29.01950314941358,20.227189129097983,5.5301216945825002,-1.7031696957052609,-0.91589027848613669,1,1.8307835762794629,1.7616246212198707,1,1,1
1785140838.1724484,1,1,0.99740799283270143,1.1905831847515751,0.07195342822577401,4,0,1,0,-0.75497342006643553,0.16212449301073784,-1.5514340909527571,0.61391885561900439,-1.8306983309730567,0.16672406226055211,0.12356998373986913,0.080124629226139929,0.14778542723932475,0,-0.00035610946322728857,0,0.31858384748350305,-29.150422044740527,20.15659792092713,5.7123183039268683,-1.624846244612693,-0.94835383926810879,4.7504203201192966e-15,-29.010321919807932,20.356373163199567,5.5312131638250772,-1.6926563067001283,-0.91545624012964621,-0.14828398048783817,-29.106471474879299,20.238144821408106,5.5312131638250772,-1.6925922069967474,-0.91545624012964621,1,1.8307835762794629,1.7616246212198707,1,1,1
1785140838.1924515,1,1,0.99740799283270143,1.1905831847515751,0.07195342822577401,4,0,1,0,-0.75339245162446555,0.16320093744976152,-1.549598250084087,0.61391885561900439,-1.8307002294641308,0.16672406226055211,0.12214554588695997,0.085822380637776544,0.14101934743800626,0,0.00035610946322728857,0,0,-29.469005892224029,20.618199400032331,5.4430507744488343,-1.5869120910419687,-1.0495115821233738,6.3699345967276323e-16,-29.065136603957818,20.362871231046562,5.5318145776389471,-1.6868852434512933,-0.91518127515093028,-0.14657465506435136,-29.168123460723148,20.250055753096156,5.5318145776389471,-1.6869493431546743,-0.91518127515093028,1,1.8307835762794629,1.7616246212198707,1,1,1
1785140838.2124515,1,1,0.99740799283270143,1.1905831847515751,0.07195342822577401,4,0,1,0,-0.75009429800595773,0.16563575225231517,-1.5458862254114221,0.61391885561900439,-1.830684092290001,0.16672406226055211,0.12356998373986913,0.092232350975867738,0.14315600421737001,0,-0.00035610946322728857,0.00035610946322728857,-0.43805279028981664,-29.469005892224029,20.060430946113549,5.7123183039268683,-1.8967076785362176,-0.67649240534458421,2.3719941180857767e-15,-29.185407784820161,20.373929034195598,5.5328268957546864,-1.6770571395653457,-0.91471033266966961,-0.14828398048784056,-29.296086605991203,20.259404230821701,5.5328268957546864,-1.6769930398619648,-0.91477443237305056,1,1.8307835762794629,1.7616246212198707,1,1,1
1785140838.2324514,1,1,0.99740799283270143,1.1905831847515751,0.07195342822577401,4,0,1,0,-0.74773162586422048,0.1674559305696238,-1.5431832487446495,0.61391790637346733,-1.8306859907810751,0.16672406226055211,0.12000888910759624,0.09686177399782249,0.12926773515150575,0,0.0010683283896818657,0,-0.27876086654806514,-29.62829781596578,20.252764895740714,5.4430507744488343,-1.6880698338972338,-0.97996563391037905,9.0299227562708061e-16,-29.274532207603659,20.3814466004089,5.5335106994874019,-1.6703436302447627,-0.91438794966261994,-0.1440106669291146,-29.390766336401047,20.278032412287697,5.5335106994874019,-1.6705359293549056,-0.91438794966261994,1,1.8307835762794629,1.7616246212198707,1,1,1
1785140838.2524514,1,1,0.99740799283270143,1.1905831847515751,0.07195342822577401,4,0,1,0,-0.74532054220009325,0.16948256979124249,-1.540645440801325,0.61391838099623586,-1.8306337822765368,0.16672406226055211,0.11680390393855065,0.10077897809332266,0.12285776481341455,0.00035610946322728857,0.0028488757058183086,0,0.63716769496700609,-30.066350606255597,20.618199400032331,5.8084852787404522,-1.6564580392549633,-0.94835383926810879,6.1436305112281011e-16,-29.370098965851419,20.386222383433836,5.5339323863479049,-1.6661250115983748,-0.91418181268771082,-0.14016468472626017,-29.491033739563406,20.287936171583105,5.533807748035775,-1.6666378092254222,-0.91418181268771082,1,1.8307835762794629,1.7616246212198707,1,1,1
1785140838.2724514,1,1,0.99740799283270143,1.1905831847515751,0.07195342822577401,4,0,1,0,-0.7430594393308213,0.17145225428063773,-1.538212049867077,0.61391790637346733,-1.8306352061448423,0.16672406226055211,0.11751612286500522,0.1025595254094591,0.12250165535018727,0,0,0,-0.27876086654806514,-29.787589739707531,20.252764895740714,5.1545498500080829,-1.5869120910419687,-1.0115774285526493,-1.0595037334559162e-16,-29.462237019282082,20.390156454783821,5.5342885260989139,-1.6626002925647323,-0.91401216052999146,-0.14101934743800637,-29.585308449773432,20.292155130503669,5.5342885260989139,-1.6626002925647323,-0.91401216052999146,1,1.8307835762794629,1.7616246212198707,1,1,1
1785140838.2924514,1,1,0.99740799283270143,1.1905831847515751,0.07195342822577401,4,0,1,0,-0.74064171094793474,0.17363884137525071,-1.535787676765431,0.61391695712793037,-1.8305924900956747,0.16672406226055211,0.11609168501209607,0.11003782413723216,0.11502335662241421,-0.00035610946322728857,0.0053416419484093288,0,0.15929192374175152,-29.946881663449282,20.618199400032331,5.7123183039268683,-1.6880698338972338,-0.8092619428421195,7.8379830228067354e-16,-29.562459375198731,20.392521419620635,5.534484776465237,-1.6605237696090789,-0.91390797880348751,-0.13931002201451451,-29.694504764163408,20.300502734322706,5.5346094147773668,-1.6614852651597927,-0.91390797880348751,1,1.8307835762794629,1.7616246212198707,1,1,1
1785140838.3124514,1,1,0.99740799283270143,1.1905831847515751,0.07195342822577401,4,0,1,0,-0.73842569724167295,0.17582685233816928,-1.5335199291773995,0.61391410939131918,-1.8305103803567193,0.16672358763778358,0.11359891876950505,0.11502335662241421,0.11787223232823252,0,-0.00035610946322728857,0,-0.11946894280631364,-30.225642529997348,20.060430946113549,5.7123183039268683,-1.5236885017574282,-0.97996563391037905,2.6886800603482708e-15,-29.661665963519454,20.393857802805609,5.5345650283635273,-1.6594085839406736,-0.91384501047408151,-0.13631870252340339,-29.799693991466352,20.299560016943023,5.5345650283635273,-1.6593444842372926,-0.91384501047408151,1,1.8307835762794629,1.7616246212198707,1,1,1
1785140838.3324516,1,1,0.99740799283270143,1.1905831847515751,0.07195342822577401,4,0,1,0,-0.73610384265802919,0.17824552996659293,-1.5311434929753751,0.61391221090024506,-1.8304994640330432,0.16672406226055211,0.11288669984305047,0.12000888910759624,0.11573557554886878,0,0.0028488757058183086,0,-0.11946894280631364,-31.499977919931361,20.52203242521875,5.7123183039268683,-1.5236885017574282,-0.87880789105511414,2.4431685961862205e-15,-29.769521707170075,20.393585223190556,5.5345260716919462,-1.6596634848779876,-0.91385445511260821,-0.13546403981165811,-29.913532374099191,20.30099676275146,5.5345260716919462,-1.660176282505035,-0.91385445511260821,1,1.8307835762794629,1.7616246212198707,1,1,1
1785140838.3524516,1,1,0.99740799283270143,1.1905831847515751,0.07195342822577401,4,0,1,0,-0.7339257987732497,0.18053653407028228,-1.5289217837958908,0.61391173627747653,-1.8303874530596702,0.16672406226055211,0.11146226199014132,0.11537946608564149,0.11431113769595963,0,0.006409970338091194,0,0.15929192374175152,-30.225642529997348,20.348931870554299,5.4430507744488343,-1.5869120910419687,-0.94835383926810879,2.9555311354777152e-15,-29.8722129136166,20.393897998317744,5.5345161949474591,-1.6594977012232059,-0.91383704938517973,-0.13375471438816663,-30.010668272919371,20.302449088160976,5.5345161949474591,-1.6606514958840624,-0.91383704938517973,1,1.8307835762794629,1.7616246212198707,1,1,1
1785140838.3724515,1,1,0.99740799283270143,1.1905831847515751,0.07195342822577401,4,0,1,0,-0.73158970550655011,0.18293670141073329,-1.5265928098707193,0.61390746467255974,-1.8303219551176133,0.16672453688332065,0.11609168501209607,0.12072110803405083,0.11537946608564149,0,0.0021366567793637313,0,-0.11946894280631364,-30.066350606255597,20.714366374845916,5.7123183039268683,-1.5236885017574282,-0.70810419998685459,1.8915637477348849e-15,-29.979340370390069,20.393816698687452,5.5344641950615703,-1.6596360048723025,-0.91383414110501404,-0.1393100220145134,-30.124205700030931,20.301513125818939,5.5344641950615703,-1.6600206030925879,-0.91383414110501404,1,1.8307835762794629,1.7616246212198707,1,1,1
1785140838.3924515,1,1,0.99740799283270143,1.1905831847515751,0.07195342822577401,4,0,1,0,-0.72931341470868516,0.18530032279800759,-1.5243891363564392,0.61390509155871709,-1.8302521855706395,0.16672501150608918,0.11787223232823252,0.12036499857082354,0.1121744809165959,0.00035610946322728857,0.0046294230219547511,-0.00035610946322728857,0.15929192374175152,-29.946881663449282,20.060430946113549,5.3468837996352505,-1.726003987467958,-1.0495115821233738,6.51570127737289e-16,-30.08406176447323,20.393016487318057,5.5343557476906575,-1.6604235090310435,-0.91386398435087657,-0.14144667879387834,-30.228499762758219,20.303276902584781,5.5342311093785277,-1.6612568051749954,-0.91379988464749562,1,1.8307835762794629,1.7616246212198707,1,1,1
1785140838.4124515,1,1,0.99740799283270143,1.1905831847515751,0.07195342822577401,4,0,1,0,-0.72705041334833898,0.18760604020752134,-1.522082944324157,0.61390271844487443,-1.8301420730883409,0.16672501150608918,0.11324280930627777,0.11751612286500522,0.11359891876950505,0,0.0049855324851820395,0,0,-30.384934453739099,20.714366374845916,5.1545498500080829,-1.5236885017574282,-0.91041968569738441,2.8984073729446803e-15,-30.187858502417487,20.393905350754562,5.5343883534734033,-1.6597385041702986,-0.91381986986464292,-0.13589137116753042,-30.328877849855495,20.303026215738956,5.5343883534734033,-1.6606359000176314,-0.91381986986464292,1,1.8307835762794629,1.7616246212198707,1,1,1
1785140838.4324515,1,1,0.99740799283270143,1.1905831847515751,0.07195342822577401,4,0,1,0,-0.72475656150803847,0.19003373566854703,-1.5197772269146432,0.61389322598950391,-1.8300466739118666,0.16672501150608918,0.1093256052107776,0.11929667018114166,0.11894056071791438,-0.00035610946322728857,0.0046294230219547511,0,-0.43805279028981664,-29.469005892224029,20.52203242521875,5.5199843542997007,-1.5869120910419687,-0.84087373748438976,3.7335840774761715e-15,-30.295871641090422,20.393627630265385,5.5342807674620165,-1.660080888442155,-0.91381921378870312,-0.13119072625292938,-30.439027645307792,20.298475181691053,5.5344054057741463,-1.6609141845861068,-0.91381921378870312,1,1.8307835762794629,1.7616246212198707,1,1,1
1785140838.4524515,1,1,0.99740799283270143,1.1905831847515751,0.07195342822577401,4,0,1,0,-0.72271710747166951,0.19231572193963434,-1.5172645739780508,0.61389227674396685,-1.8299118810456043,0.16672453688332065,0.10434007272559555,0.11466724715918691,0.12250165535018727,-0.00035610946322728857,0.011039393360045946,0,-0.11946894280631364,-30.225642529997348,20.15659792092713,5.4430507744488343,-1.6564580392549633,-0.87880789105511414,2.027431370548189e-15,-30.400698202950238,20.396674624055166,5.5345098104405084,-1.6574879577576331,-0.91368289314589823,-0.12520808727071259,-30.538298899541264,20.298673299775015,5.5346344487526382,-1.6594750485624414,-0.91368289314589823,1,1.8307835762794629,1.7616246212198707,1,1,1
1785140838.4724514,1,1,0.99740799283270143,1.1905831847515751,0.07195342822577401,4,0,1,0,-0.72063778512274401,0.19460245443840693,-1.5147770760481905,0.61388753051628153,-1.8296456176724596,0.16672453688332065,0.097930102387504353,0.1121744809165959,0.13140439193086947,-0.00071221892645457715,0.015312706918773409,0,0.47787577122525454,-30.384934453739099,20.618199400032331,5.5199843542997007,-1.7955499356809526,-1.0115774285526493,2.5136091793396512e-15,-30.506494188971288,20.400522466794396,5.5347477114740737,-1.6543092264013408,-0.91350395580984234,-0.11751612286500272,-30.641103566071205,20.295398953249698,5.5349969880983325,-1.6570655136467201,-0.91350395580984234,1,1.8307835762794629,1.7616246212198707,1,1,1
1785140838.4924514,1,1,0.99740799283270143,1.1905831847515751,0.07195342822577401,4,0,1,0,-0.71877868773841602,0.19681419653975193,-1.5120475205063804,0.61388515740243887,-1.8293314173996933,0.16672453688332065,0.092944569902322319,0.11502335662241421,0.13567770548959696,0,0.016737144771682564,0,0,-31.022102148706107,20.15659792092713,5.6161513291132845,-1.624846244612693,-0.87880789105511414,1.4420657372744311e-15,-30.61201665522988,20.407451179801097,5.5352618306944414,-1.6484147745138376,-0.91319274281835827,-0.11153348388278533,-30.750044683176778,20.298909015409418,5.5352618306944414,-1.6514274605727404,-0.91319274281835827,1,1.8307835762794629,1.7616246212198707,1,1,1
1785140838.5124514,1,1,0.99740799283270143,1.1905831847515751,0.07195342822577401,4,0,1,0,-0.7168901637424393,0.19911469309881188,-1.5091879183259933,0.61388420815690181,-1.8289336835196661,0.16672453688332065,0.090095694196504011,0.10861338628432302,0.15419539757741596,0,0.021722677256864602,0,0.15929192374175152,-30.225642529997348,19.964263971299964,5.7123183039268683,-1.7955499356809526,-1.0115774285526493,2.779058156105715e-15,-30.722473891211799,20.415399787418774,5.5358474349462403,-1.6416857246302365,-0.91283578711537949,-0.10811483303580204,-30.852809954752985,20.292043469356841,5.5358474349462403,-1.6455958065364722,-0.91283578711537949,1,1.8307835762794629,1.7616246212198707,1,1,1
1785140838.5324514,1,1,0.99740799283270143,1.1905831847515751,0.07195342822577401,4,0,1,0,-0.71527597170667223,0.20122534055046024,-1.5058722036650498,0.61387044409661451,-1.8285592061552967,0.16672548612885768,0.078344081910003485,0.1089694957475503,0.16416646254778003,-0.00071221892645457715,0.017449363698137141,0,-0.11946894280631364,-31.022102148706107,20.060430946113549,5.5199843542997007,-1.6564580392549633,-0.94835383926810879,1.3067033706455319e-15,-30.829756868417849,20.428611304415483,5.5368411566238924,-1.6301768840833597,-0.9122364035718874,-0.09401289829200285,-30.960520263314908,20.297278134377258,5.5370904332481512,-1.6333177695490244,-0.9122364035718874,1,1.8307835762794629,1.7616246212198707,1,1,1
1785140838.5524514,1,1,0.99740799283270143,1.1905831847515751,0.07195342822577401,4,0,1,0,-0.71377141753043538,0.20341192764507321,-1.5025939842028202,0.61386996947384598,-1.8281111622618054,0.16672548612885768,0.07050967371900313,0.10149119701977724,0.1780547316136443,0,0.028132647594955797,0,-0.59734471403156819,-30.703518301222605,19.964263971299964,5.7123183039268683,-1.7576157821102283,-1.0115774285526493,9.0904493707232752e-16,-30.93998882839804,20.441442714465907,5.5378447947214564,-1.6190680521925369,-0.91166273544777532,-0.08461160846280287,-31.061778264821772,20.298998929174992,5.5378447947214564,-1.624131928759629,-0.91166273544777532,1,1.8307835762794629,1.7616246212198707,1,1,1
1785140838.5724514,1,1,0.99740799283270143,1.1905831847515751,0.07195342822577401,4,0,1,0,-0.71243915141917458,0.20523875068114122,-1.4988155123425611,0.61386664711446626,-1.8275515820177097,0.16672548612885768,0.065524141233821095,0.088671256343594851,0.18446470195173548,-0.00035610946322728857,0.030269304374319527,0,-0.11946894280631364,-32.29643753864012,19.887330391449098,5.5199843542997007,-1.624846244612693,-0.87880789105511414,-1.835462545541657e-16,-31.042365005773839,20.462376503991404,5.5395104860949447,-1.6006984525463506,-0.91072310909171839,-0.078628969480585481,-31.148770513386154,20.314804742430017,5.5396351244070745,-1.6061469273337281,-0.91072310909171839,1,1.8307835762794629,1.7616246212198707,1,1,1
1785140838.5924516,1,1,0.99740799283270143,1.1905831847515751,0.07195342822577401,4,0,1,0,-0.71118235032810984,0.20702333229081016,-1.4950341927456907,0.61386190088678094,-1.8267100758491077,0.16672643537439474,0.05875806143250261,0.086178490101003827,0.20689959813505465,-0.00071221892645457715,0.053060310020865996,0,-0.43805279028981664,-31.022102148706107,19.887330391449098,5.5199843542997007,-1.6564580392549633,-0.97996563391037905,9.1166414757920829e-16,-31.145423320804369,20.485888232378066,5.5412897652724551,-1.5802226492671811,-0.90965401589757922,-0.070509673719002242,-31.248837508925572,20.320368553870022,5.5415390418967139,-1.589773505070937,-0.90965401589757922,1,1.8307835762794629,1.7616246212198707,1,1,1
1785140838.6124516,1,1,0.99740799283270143,1.1905831847515751,0.07195342822577401,4,0,1,0,-0.71004705266578849,0.20865650923731835,-1.4907625878289301,0.61386142626401241,-1.8255344352514615,0.16672596075162621,0.059470280358957191,0.080836848152594509,0.21259734954669127,0,0.065880250697048379,0,0.15929192374175152,-30.703518301222605,19.887330391449098,5.1545498500080829,-1.5553002963996985,-0.77765014819984923,2.6726036355780917e-15,-31.249750815833686,20.517359209526685,5.5436610313443886,-1.5527494673875264,-0.90821634015208241,-0.071364336430745967,-31.346755033616798,20.347281329889331,5.5436610313443886,-1.564607912512995,-0.90821634015208241,1,1.8307835762794629,1.7616246212198707,1,1,1
1785140838.6324515,1,1,0.99740799283270143,1.1905831847515751,0.07195342822577401,4,0,1,0,-0.70883106913281735,0.21017767521045372,-1.486418840251353,0.61385810390463269,-1.8239292610482964,0.16672690999716328,0.05875806143250261,0.07050967371900313,0.22791005646546469,0,0.092588460439095022,0,0.15929192374175152,-31.34068599618961,19.964263971299964,5.2507168248216667,-1.6564580392549633,-0.84087373748438976,2.911621419771801e-15,-31.353965995951199,20.553690041311839,5.5462652321250303,-1.5211709908406437,-0.90653430877626306,-0.070509673719000243,-31.438577604414004,20.371361996139466,5.5462652321250303,-1.5378369137196808,-0.90653430877626306,1,1.8307835762794629,1.7616246212198707,1,1,1
1785140838.6524515,1,1,0.99740799283270143,1.1905831847515751,0.07195342822577401,4,0,1,0,-0.70769149986557922,0.21145868206271343,-1.4816147085883027,0.61385857852740122,-1.8218784160654828,0.16672643537439474,0.058045842506048037,0.060894718211866344,0.23681279304614689,0,0.10540840111527741,0,0.63716769496700609,-31.181394072447858,20.52203242521875,5.6161513291132845,-1.5553002963996985,-0.87880789105511414,9.8929773963505612e-16,-31.456764112474943,20.599218997026593,5.5494832234365443,-1.4814179656098982,-0.90440851165655312,-0.069655011007256643,-31.529837774329181,20.409768762589675,5.5494832234365443,-1.5003914778106482,-0.90440851165655312,1,1.8307835762794629,1.7616246212198707,1,1,1
1785140838.6724515,1,1,0.99740799283270143,1.1905831847515751,0.07195342822577401,4,0,1,0,-0.70653579342421124,0.21267561484122169,-1.4769975782960527,0.61385810390463269,-1.8198066876808539,0.16672643537439474,0.055553076263457013,0.057333623579593457,0.24179832553132893,0,0.11253059037982319,0,-0.43805279028981664,-31.181394072447858,20.348931870554299,5.6161513291132845,-1.4541425535444334,-0.94835383926810879,1.2960605361958979e-15,-31.555628989929772,20.643692070604128,5.5525347121696269,-1.442432140674516,-0.90230679397481128,-0.066663691516147136,-31.624429338225283,20.450253410179066,5.5525347121696269,-1.4626876469428842,-0.90230679397481128,1,1.8307835762794629,1.7616246212198707,1,1,1
1785140838.6924515,1,1,0.99740799283270143,1.1905831847515751,0.07195342822577401,4,0,1,0,-0.70547311304547489,0.21368893445203105,-1.4722081599388268,0.61385715465909563,-1.8173547864586332,0.16672690999716328,0.05519696680022973,0.047006449146002091,0.25034495264878387,-0.00035610946322728857,0.12250165535018727,0,-0.27876086654806514,-31.818561767414863,20.52203242521875,5.8084852787404522,-1.6564580392549633,-0.84087373748438976,-2.0905679056766697e-18,-31.651374419225981,20.694059847813392,5.5558775212280498,-1.3981417305728061,-0.89989829265550325,-0.066236360160275676,-31.707782158201184,20.493783885694366,5.5560021595401796,-1.4201920285358398,-0.89989829265550325,1,1.8307835762794629,1.7616246212198707,1,1,1
1785140838.7124515,1,1,0.99740799283270143,1.1905831847515751,0.07195342822577401,4,0,1,0,-0.7043401884969962,0.21461966970111637,-1.4669906318443879,0.61385715465909563,-1.814999233658424,0.16672690999716328,0.055553076263457013,0.044157573440183784,0.25354993781782947,0,0.12214554588695997,0,-0.11946894280631364,-31.818561767414863,20.618199400032331,5.7123183039268683,-1.4225307589021632,-0.91041968569738441,4.352886076992353e-15,-31.746490160777945,20.747447096817712,5.5594042483727195,-1.3504760198226864,-0.89730971076297206,-0.066663691516144083,-31.799479248906167,20.54460714656345,5.5594042483727195,-1.3724622180823391,-0.89730971076297206,1,1.8307835762794629,1.7616246212198707,1,1,1
1785140838.7324514,1,1,0.99740799283270143,1.1905831847515751,0.07195342822577401,4,0,1,0,-0.70330646010714004,0.21537906613076274,-1.4619449171921564,0.61385715465909563,-1.8123185642617723,0.16672690999716328,0.051635872167956842,0.032405961153683258,0.25639881352364779,0,0.13888269065864253,0,-0.11946894280631364,-31.659269843673112,20.714366374845916,5.6161513291132845,-1.2834388624761739,-0.8092619428421195,4.99176899801411e-16,-31.83629123342503,20.803128963640106,5.5629130250834598,-1.3007170358047744,-0.89457491851983606,-0.061963046601547708,-31.875178386809448,20.598009912821187,5.5629130250834598,-1.3257159201233299,-0.89457491851983606,1,1.8307835762794629,1.7616246212198707,1,1,1
1785140838.7524514,1,1,0.99740799283270143,1.1905831847515751,0.07195342822577401,4,0,1,0,-0.70231402389814601,0.21591823759581164,-1.4568028541179134,0.61385620541355856,-1.8095676506953784,0.16672738461993181,0.044869792366638357,0.022791005646546469,0.24607163909005639,0,0.1467170988496429,0.00035610946322728857,0,-31.181394072447858,20.618199400032331,5.4430507744488343,-1.2518270678339036,-0.87880789105511414,1.1869541714000324e-15,-31.919019840908376,20.861500710247949,5.5664856512114245,-1.2480161494653701,-0.89166302602106506,-0.053843750839964864,-31.946369047684232,20.664643398975905,5.5664856512114245,-1.2744252272583059,-0.89172712572444601,1,1.8307835762794629,1.7616246212198707,1,1,1
1785140838.7724514,1,1,0.99740799283270143,1.1905831847515751,0.07195342822577401,4,0,1,0,-0.70147489084338677,0.21629841043340337,-1.4521354138121996,0.61385478154525308,-1.8062115930991101,0.16672548612885768,0.043445354513729204,0.015668816382000697,0.24072999714164708,0,0.18090360731946259,-0.00035610946322728857,-0.11946894280631364,-31.181394072447858,20.810533349659501,5.5199843542997007,-1.2518270678339036,-0.8092619428421195,3.7250684885308703e-15,-31.996791715285649,20.921981997777497,5.5699211177565537,-1.1938793758638333,-0.88862009625621219,-0.052134425416471321,-32.015594294944052,20.72939800006418,5.5699211177565537,-1.2264420251813366,-0.88855599655283124,1,1.8307835762794629,1.7616246212198707,1,1,1
1785140838.7924514,1,1,0.99740799283270143,1.1905831847515751,0.07195342822577401,4,0,1,0,-0.70058924475731166,0.21651341454754697,-1.4474594302966521,0.61384956069479923,-1.8024658702098793,0.16672643537439474,0.043089245050501913,0.0053416419484093288,0.22292452398028265,0,0.1965724237014633,0,-0.43805279028981664,-31.022102148706107,21.079800879137533,5.2507168248216667,-1.2518270678339036,-0.8092619428421195,7.5824284480548263e-16,-32.071416028586889,20.986628597633636,5.5733843993685834,-1.1358787463351314,-0.88532709005511212,-0.051707094060601519,-32.077825998924979,20.808288978449411,5.5733843993685834,-1.1712617826013949,-0.88532709005511212,1,1.8307835762794629,1.7616246212198707,1,1,1
1785140838.8124514,1,1,0.99740799283270143,1.1905831847515751,0.07195342822577401,4,0,1,0,-0.69980184558432212,0.21654094266812166,-1.4432485770942631,0.6138490860720307,-1.7980039415629385,0.16672643537439474,0.038459822028547162,0.00035610946322728857,0.20547516028214549,-0.00035610946322728857,0.2304028227080557,0,0,-32.77431330986537,21.175967853951118,5.3468837996352505,-1.2518270678339036,-0.8092619428421195,2.2501069134926359e-15,-32.141136125789735,21.054687814203358,5.5767584805097226,-1.0754319186887766,-0.88184945968386108,-0.04615178643425432,-32.141563457145608,20.890307685977643,5.5768831188218524,-1.1169044267762267,-0.88184945968386108,1,1.8307835762794629,1.7616246212198707,1,1,1
1785140838.8324516,1,1,0.99740799283270143,1.1905831847515751,0.07195342822577401,4,0,1,0,-0.69904102528637013,0.21653951879981606,-1.4392413370595729,0.61384956069479923,-1.7934542077038198,0.16672548612885768,0.035967055785956145,0,0.18766968712078108,-0.00035610946322728857,0.24357887284746538,0,0,-31.977853691156614,21.252901433801984,5.7123183039268683,-1.2834388624761739,-0.94835383926810879,1.6004822189454511e-15,-32.208671938156229,21.121864753039521,5.57989199413585,-1.0157038863221159,-0.87838810201687223,-0.043160466943145764,-32.208671938156229,20.971729003342897,5.5800166324479799,-1.0595480834346598,-0.87838810201687223,1,1.8307835762794629,1.7616246212198707,1,1,1
1785140838.8524516,1,1,0.99740799283270143,1.1905831847515751,0.07195342822577401,4,0,1,0,-0.69835946699076257,0.21653951879981606,-1.435629932413836,0.61384813682649364,-1.7884607015561265,0.16672596075162621,0.032762070616910548,0.00035610946322728857,0.16915199503296208,0.00035610946322728857,0.24500331070037454,0,0,-32.137145614898365,21.079800879137533,5.5199843542997007,-1.0811233767656441,-0.87880789105511414,1.798116796212231e-15,-32.27669361333011,21.189478713139639,5.582752672068592,-0.95617499160244623,-0.87489655468888172,-0.039314484740290881,-32.277120944685983,21.05415711711327,5.5826280337564622,-1.0002755875285136,-0.87489655468888172,1,1.8307835762794629,1.7616246212198707,1,1,1
1785140838.8724515,1,1,0.99740799283270143,1.1905831847515751,0.07195342822577401,4,0,1,0,-0.69769357124651643,0.21654189191365872,-1.4325429859273235,0.61384339059880833,-1.7834975712656189,0.16672596075162621,0.032405961153683258,0,0.14920986509223391,-0.00071221892645457715,0.25390604728105676,0,-0.43805279028981664,-32.137145614898365,21.175967853951118,5.7123183039268683,-0.94835383926810879,-0.84087373748438976,3.3018789974103338e-15,-32.340475580703384,21.252785284533807,5.5851751805746552,-0.90085653359233187,-0.8716195594856736,-0.038887153384416631,-32.340475580703384,21.133417392460021,5.585424457198914,-0.94655962210292199,-0.8716195594856736,1,1.8307835762794629,1.7616246212198707,1,1,1
1785140838.8924515,1,1,0.99740799283270143,1.1905831847515751,0.07195342822577401,4,0,1,0,-0.69708273174341961,0.21654426502750135,-1.4300047033612306,0.61383769512558595,-1.7783118428966713,0.16672548612885768,0.02991319491109224,0,0.11609168501209607,0,0.25461826620751132,0,0.47787577122525454,-32.137145614898365,21.637569333056319,5.5199843542997007,-0.91041968569738441,-0.77765014819984923,2.9610751424415664e-15,-32.401937003659533,21.313796478904642,5.5872385112881968,-0.84832985462296906,-0.86847439824400985,-0.035895833893307742,-32.401937003659533,21.220923130894967,5.5872385112881968,-0.89416114254032097,-0.86847439824400985,1,1.8307835762794629,1.7616246212198707,1,1,1
1785140838.9124515,1,1,0.99740799283270143,1.1905831847515751,0.07195342822577401,4,0,1,0,-0.696540237918991,0.21654331578196431,-1.427889309681897,0.61383627125728035,-1.7731256399049553,0.16672548612885768,0.023147115109773755,0,0.091164022586185875,0,0.27456039614823946,0,-0.27876086654806514,-32.615021386123622,21.906836862534352,5.5199843542997007,-0.94835383926810879,-1.0115774285526493,3.1746410737832582e-15,-32.460121559384071,21.371703068541485,5.588996673896502,-0.79900937712240561,-0.86550279249857631,-0.027776538131725342,-32.460121559384071,21.298771850472537,5.588996673896502,-0.84843024842908876,-0.86550279249857631,1,1.8307835762794629,1.7616246212198707,1,1,1
1785140838.9324515,1,1,0.99740799283270143,1.1905831847515751,0.07195342822577401,4,0,1,0,-0.69613965630235253,0.21654568889580694,-1.4265171752580796,0.61383627125728035,-1.7675692311537865,0.16672501150608918,0.018873801551046294,0.00035610946322728857,0.051991981631184132,-0.00035610946322728857,0.27669705292760322,0,-0.11946894280631364,-33.570772928574129,21.714502912907186,5.8084852787404522,-0.8092619428421195,-0.84087373748438976,3.4336922909381114e-15,-32.516063949162422,21.427244344918023,5.5903669902363795,-0.75310081940171236,-0.8627006534245597,-0.022648561861252112,-32.516491280518295,21.385650759613075,5.5904916285485093,-0.80290628892868099,-0.8627006534245597,1,1.8307835762794629,1.7616246212198707,1,1,1
1785140838.9524515,1,1,0.99740799283270143,1.1905831847515751,0.07195342822577401,4,0,1,0,-0.69579365630409495,0.21654901125518666,-1.425803342614212,0.61383627125728035,-1.7620897112911196,0.16672501150608918,0.015312706918773409,0,0.020298239403955448,0,0.28666811789796731,0,0,-32.615021386123622,21.906836862534352,5.5199843542997007,-0.77765014819984923,-0.84087373748438976,1.3389253846039191e-15,-32.566652873320677,21.477426275095041,5.5913166634153306,-0.71277326185477397,-0.86021001543706976,-0.018375248302526757,-32.566652873320677,21.461187683571875,5.5913166634153306,-0.76437352307640805,-0.86021001543706976,1,1.8307835762794629,1.7616246212198707,1,1,1
1785140838.9724514,1,1,0.99740799283270143,1.1905831847515751,0.07195342822577401,4,0,1,0,-0.69554020774570047,0.2165480620096496,-1.4257150627792656,0.61383437276620623,-1.7563989842964571,0.16672501150608918,0.011039393360045946,0,-0.0028488757058183086,-0.00035610946322728857,0.26850653527337559,0,0,-33.252189081090627,21.714502912907186,5.8084852787404522,-0.47417691963405439,-0.70810419998685459,7.7988155807199395e-16,-32.614333114122616,21.524910697900967,5.5918883228265415,-0.6759109553081486,-0.85790027111321032,-0.013247272032054358,-32.614333114122616,21.527189798465621,5.5920129611386713,-0.72424213165735618,-0.85790027111321032,1,1.8307835762794629,1.7616246212198707,1,1,1
1785140838.9924514,1,1,0.99740799283270143,1.1905831847515751,0.07195342822577401,4,0,1,0,-0.69537076741733561,0.21656182606993693,-1.4257582534512019,0.61382345644253011,-1.7512754315101868,0.16672548612885768,0.006409970338091194,0.0021366567793637313,-0.0035610946322728858,-0.00071221892645457715,0.25319382835460219,0,1.4336273136757636,-32.137145614898365,21.541402358242735,5.5199843542997007,-0.63855825177385994,-0.87880789105511414,3.3105956144876981e-15,-32.65693379178083,21.566693159949253,5.5921717598066705,-0.64377233417110258,-0.85586839098780343,-0.0076919644057061014,-32.659497779916066,21.569542035655072,5.5924210364309292,-0.68934722327493092,-0.85586839098780343,1,1.8307835762794629,1.7616246212198707,1,1,1
1785140839.0124514,1,1,0.99740799283270143,1.1905831847515751,0.07195342822577401,4,0,1,0,-0.69527204588148162,0.21665247901872597,-1.425865992819658,0.61381111625054841,-1.7461371654180922,0.16672548612885768,0.0042733135587274627,0.006409970338091194,-0.0060538608748639056,-0.00035610946322728857,0.24393498231069266,0,-0.11946894280631364,-32.615021386123622,21.541402358242735,5.8084852787404522,-0.60694645713158968,-0.73971599462912485,2.4867116358122891e-15,-32.70205966725193,21.607596504500737,5.5922736678138971,-0.61262465447632775,-0.85388836048177641,-0.005127976270470457,-32.709751631657639,21.612439593200627,5.592398306126027,-0.65653295129225231,-0.85388836048177641,1,1.8307835762794629,1.7616246212198707,1,1,1
1785140839.0324514,1,1,0.99740799283270143,1.1905831847515751,0.07195342822577401,4,0,1,0,-0.69521176878987845,0.2167839495256085,-1.4259106073598997,0.61380684464563162,-1.7413482216836349,0.16672501150608918,0.0014244378529091543,0.0060538608748639056,-0.00035610946322728857,-0.00035610946322728857,0.24607163909005639,-0.00035610946322728857,-0.27876086654806514,-32.77431330986537,21.637569333056319,5.7123183039268683,-0.53740050891859503,-0.87880789105511414,1.5929307946751809e-15,-32.746281540174394,21.645798537387861,5.5923062247920834,-0.58351175585822956,-0.85204395203272398,-0.0017093254234893753,-32.75354617322423,21.646083424958444,5.5924308631042132,-0.6278046508944396,-0.85197985232934303,1,1.8307835762794629,1.7616246212198707,1,1,1
1785140839.0524514,1,1,0.99740799283270143,1.1905831847515751,0.07195342822577401,4,0,1,0,-0.69519990322066516,0.21691779314633367,-1.4259158282103535,0.61379830143579805,-1.7363143726006167,0.16672596075162621,0.00035610946322728857,0.0081905176542276369,0,-0.00071221892645457715,0.25533048513396589,0.00035610946322728857,0.15929192374175152,-33.411481004832382,21.714502912907186,5.6161513291132845,-0.53740050891859503,-0.8092619428421195,1.5753161442430211e-15,-32.79291720014789,21.686297162513888,5.5922237641700114,-0.55253705206607884,-0.85007848624865878,-0.00042733135587119198,-32.802745821332962,21.686297162513888,5.5924730407942702,-0.59849653939019265,-0.85014258595203973,1,1.8307835762794629,1.7616246212198707,1,1,1
1785140839.0724514,1,1,0.99740799283270143,1.1905831847515751,0.07195342822577401,4,0,1,0,-0.69518708840591492,0.21711713470911584,-1.4259139297192793,0.61379545369918687,-1.7313403259864331,0.16672548612885768,0.00071221892645457715,0.010683283896818658,0,0,0.25711103245010236,0,-0.27876086654806514,-33.252189081090627,21.637569333056319,5.5199843542997007,-0.60694645713158968,-0.97996563391037905,9.9217801921870944e-16,-32.841552875089462,21.72589622255331,5.5920389125928311,-0.52238540146376078,-0.84816592511558331,-0.00085466271174449338,-32.854372815765643,21.72589622255331,5.5920389125928311,-0.56866538730477922,-0.84816592511558331,1,1.8307835762794629,1.7616246212198707,1,1,1
1785140839.0924516,1,1,0.99740799283270143,1.1905831847515751,0.07195342822577401,4,0,1,0,-0.69517474821393321,0.21730745843929594,-1.4259134550965109,0.6137945044536498,-1.7261602930907078,0.16672548612885768,0.00035610946322728857,0.0085466271174549253,0,-0.00035610946322728857,0.24820829586942014,0,-0.27876086654806514,-33.411481004832382,21.810669887720771,5.7123183039268683,-0.47417691963405439,-0.70810419998685459,2.1218489660229547e-15,-32.891563431959206,21.767261389141126,5.5917453384771969,-0.49084903970313731,-0.84616677981616539,-0.00042733135587063687,-32.901819384500151,21.767261389141126,5.5918699767893267,-0.53552653295963293,-0.84616677981616539,1,1.8307835762794629,1.7616246212198707,1,1,1
1785140839.1124516,1,1,0.99740799283270143,1.1905831847515751,0.07195342822577401,4,0,1,0,-0.69516620500409965,0.21747120329443845,-1.4259163028331221,0.61379497907641833,-1.7213310064209255,0.16672596075162621,0.00071221892645457715,0.0078344081910003485,0,0.00035610946322728857,0.24072999714164708,0,0.47787577122525454,-33.092897157348879,21.714502912907186,5.7123183039268683,-0.47417691963405439,-0.84087373748438976,3.5684141963698977e-16,-32.937666535995973,21.805911293474033,5.5913743687550523,-0.46135556974329961,-0.84429755779369065,-0.00085466271174515951,-32.947067825825172,21.805911293474033,5.5912497304429225,-0.50468696922879608,-0.84429755779369065,1,1.8307835762794629,1.7616246212198707,1,1,1
1785140839.1324515,1,1,0.99740799283270143,1.1905831847515751,0.07195342822577401,4,0,1,0,-0.69516288264471993,0.21766579862953533,-1.4259272191567982,0.61379497907641833,-1.7164670722890405,0.16672596075162621,0,0.012107721749727811,-0.00071221892645457715,0,0.23182726056096487,0,0.47787577122525454,-33.092897157348879,21.714502912907186,5.5199843542997007,-0.43624276606333007,-0.84087373748438976,2.2305809292522335e-15,-32.985149841747713,21.844573940266542,5.5908772598220491,-0.43193452742174232,-0.84242888579273467,2.2204460492503131e-15,-32.999679107847385,21.845143715407705,5.5908772598220491,-0.47366343432271601,-0.84242888579273467,1,1.8307835762794629,1.7616246212198707,1,1,1
1785140839.1524515,1,1,0.99740799283270143,1.1905831847515751,0.07195342822577401,4,0,1,0,-0.69515908566257167,0.21798569437552384,-1.4259481025586134,0.61379545369918687,-1.7120184330796184,0.16672501150608918,0.00035610946322728857,0.018517692087819004,-0.00071221892645457715,0,0.23218337002419215,0,0,-32.933605233607125,22.176104392012387,5.3468837996352505,-0.36669681785033542,-0.70810419998685459,1.3607626294284338e-15,-33.03376387543458,21.878835438056061,5.5902705743523642,-0.4062094606494655,-0.84078575057259319,-0.00042733135587135851,-33.055985105939961,21.879405213197224,5.5902705743523642,-0.44800246725382009,-0.84078575057259319,1,1.8307835762794629,1.7616246212198707,1,1,1
1785140839.1724515,1,1,0.99740799283270143,1.1905831847515751,0.07195342822577401,4,0,1,0,-0.69514674547058997,0.21840004005244965,-1.4259836992662531,0.61379735219026099,-1.7072603398251156,0.16672453688332065,0.0010683283896818657,0.024215443499455622,-0.0028488757058183086,0,0.22826616592869198,0,0.47787577122525454,-32.933605233607125,22.003003837347936,5.5199843542997007,-0.47417691963405439,-0.91041968569738441,-4.8703096170697852e-17,-33.088339774488958,21.914864689904231,5.5894947810388391,-0.37935352245850212,-0.83906560661107099,-0.0012819940676182943,-33.117398306688301,21.917143790468884,5.5894947810388391,-0.42044143232566661,-0.83906560661107099,1,1.8307835762794629,1.7616246212198707,1,1,1
1785140839.1924515,1,1,0.99740799283270143,1.1905831847515751,0.07195342822577401,4,0,1,0,-0.69512728593708029,0.21898999615373116,-1.4260340092797172,0.61379925068133512,-1.702837330245194,0.16672406226055211,0.00071221892645457715,0.033474289543365128,-0.0021366567793637313,0,0.21829510095832788,-0.00035610946322728857,0.63716769496700609,-32.77431330986537,22.079937417198803,5.5199843542997007,-0.36669681785033542,-0.8092619428421195,2.5482783486440159e-15,-33.146525808690619,21.946744110290251,5.5885902474103251,-0.35611416301947746,-0.83756299204697726,-0.00085466271174293906,-33.186694956142659,21.948453435713741,5.5885902474103251,-0.39540728119197655,-0.83749889234359631,1,1.8307835762794629,1.7616246212198707,1,1,1
1785140839.2124515,1,1,0.99740799283270143,1.1905831847515751,0.07195342822577401,4,0,1,0,-0.69511826810447819,0.21971094813912667,-1.426063435891366,0.61380019992687218,-1.6984821917211721,0.16672453688332065,0,0.039884259881456316,-0.0021366567793637313,0,0.20511905081891821,0.00035610946322728857,-0.91592856151507118,-33.092897157348879,22.176104392012387,6.0777528082184862,-0.3350850232080651,-0.8092619428421195,1.2494328962207579e-15,-33.209137294590022,21.977254646650618,5.5875553094198533,-0.33416088319162474,-0.83613387052794896,1.27675647831893e-15,-33.256998406447771,21.978963972074109,5.5875553094198533,-0.37108231233903,-0.83619797023132991,1,1.8307835762794629,1.7616246212198707,1,1,1
1785140839.2324514,1,1,0.99740799283270143,1.1905831847515751,0.07195342822577401,4,0,1,0,-0.69510640253526501,0.22063978489713787,-1.4261327308155711,0.61380209841794631,-1.6948176293253601,0.16672501150608918,0.00071221892645457715,0.049499215388593108,-0.003204985169045597,0,0.17769862215041698,0,-0.59734471403156819,-33.092897157348879,22.176104392012387,5.6161513291132845,-0.20231548571052987,-0.87880789105511414,1.8580391189103708e-15,-33.27338918282441,22.000239975395104,5.5864667292286834,-0.31854614551869936,-0.83509279711585516,-0.00085466271174366071,-33.332788241290721,22.00280396353034,5.5864667292286834,-0.35053189750577435,-0.83509279711585516,1,1.8307835762794629,1.7616246212198707,1,1,1
1785140839.2524514,1,1,0.99740799283270143,1.1905831847515751,0.07195342822577401,4,0,1,0,-0.69509263847497771,0.22169582055711484,-1.4261873124339521,0.61380304766348337,-1.6914729626755363,0.16672453688332065,0.00035610946322728857,0.056265295189911593,-0.0039172040955001743,0.00035610946322728857,0.1435121136805973,0,1.2743353899340122,-33.411481004832382,21.714502912907186,5.5199843542997007,-0.20231548571052987,-0.87880789105511414,1.8880081479017566e-15,-33.339757620819057,22.019734724172142,5.5853264301703751,-0.30584922695654965,-0.83422835075461621,-0.00042733135587085891,-33.40727597504695,22.022868487448541,5.5852017918582453,-0.33168140741905711,-0.83422835075461621,1,1.8307835762794629,1.7616246212198707,1,1,1
1785140839.2724514,1,1,0.99740799283270143,1.1905831847515751,0.07195342822577401,4,0,1,0,-0.69508599375621827,0.22302381506345889,-1.4262755922688983,0.61380304766348337,-1.6890466910828161,0.16672501150608918,0.00035610946322728857,0.072290221035139574,-0.0035610946322728858,0,0.11573557554886878,0,-0.27876086654806514,-34.168117642605701,22.079937417198803,5.4430507744488343,-0.16438133213980552,-0.70810419998685459,9.057253472682355e-16,-33.408238863777122,22.029363112785546,5.5841917924315121,-0.30140083467961215,-0.83386780373494707,-0.00042733135587185811,-33.494987129019286,22.032211988491365,5.5841917924315121,-0.32223323827840861,-0.83386780373494707,1,1.8307835762794629,1.7616246212198707,1,1,1
1785140839.2924514,1,1,0.99740799283270143,1.1905831847515751,0.07195342822577401,4,0,1,0,-0.69508029828299589,0.22450511272403784,-1.4263463110614092,0.6138035222862519,-1.6868477637962214,0.16672453688332065,0.00071221892645457715,0.080124629226139929,-0.0042733135587274627,0,0.095793445608140626,0,0.79645961870875759,-33.849533795122198,22.003003837347936,5.7123183039268683,-0.30347322856579484,-0.8092619428421195,1.7327723850804056e-15,-33.480542759720585,22.036062314795988,5.583014668184564,-0.29946291965439509,-0.83365762027345514,-0.00085466271174377173,-33.576692314791956,22.039480965642969,5.583014668184564,-0.3167057398638603,-0.83365762027345514,1,1.8307835762794629,1.7616246212198707,1,1,1
1785140839.3124514,1,1,0.99740799283270143,1.1905831847515751,0.07195342822577401,4,0,1,0,-0.69506985658208831,0.22628732121986411,-1.4264497788249486,0.61380542077732603,-1.6852558790305754,0.16672453688332065,0.00071221892645457715,0.091520132049413158,-0.0046294230219547511,0,0.069441345329321266,0,0.63716769496700609,-33.730064852315884,21.906836862534352,5.8084852787404522,-0.16438133213980552,-0.77765014819984923,2.2135749330005741e-15,-33.558544668243627,22.035209114493952,5.5818013054239088,-0.30400537564019969,-0.83383859396960658,-0.00085466271174327213,-33.668368826702924,22.038912652911517,5.5818013054239088,-0.31650481779947753,-0.83383859396960658,1,1.8307835762794629,1.7616246212198707,1,1,1
1785140839.3324516,1,1,0.99740799283270143,1.1905831847515751,0.07195342822577401,4,0,1,0,-0.69505324478518971,0.22818486304844296,-1.426538058659895,0.61380589540009456,-1.6841604496808105,0.16672453688332065,0.0010683283896818657,0.1025595254094591,-0.0042733135587274627,0,0.039884259881456316,0,0.47787577122525454,-34.327409566347448,22.003003837347936,5.1545498500080829,-0.20231548571052987,-0.87880789105511414,1.2715089989350471e-15,-33.636655235983355,22.029423536770874,5.580621919795143,-0.31249952039741358,-0.83426004566933176,-0.001281994067616962,-33.759726666474705,22.032842187617856,5.580621919795143,-0.31967868717607562,-0.83426004566933176,1,1.8307835762794629,1.7616246212198707,1,1,1
1785140839.3524516,1,1,0.99740799283270143,1.1905831847515751,0.07195342822577401,4,0,1,0,-0.69502619128738363,0.23034249815417568,-1.4265950133921184,0.61380637002286309,-1.6835932754724183,0.16672501150608918,0.0014244378529091543,0.10718894843141386,-0.0010683283896818657,0,0.021722677256864602,0.00035610946322728857,-0.43805279028981664,-33.570772928574129,21.906836862534352,5.6161513291132845,-0.20231548571052987,-0.67649240534458421,3.2750283764599841e-15,-33.720014930826281,22.017461468029666,5.5794337163579213,-0.32615199753779506,-0.83499141652308007,-0.00170932542348771,-33.848641668943976,22.018316130741411,5.5794337163579213,-0.33006207944403076,-0.83505551622646101,1,1.8307835762794629,1.7616246212198707,1,1,1
1785140839.3724515,1,1,0.99740799283270143,1.1905831847515751,0.07195342822577401,4,0,1,0,-0.6949725589145398,0.23254427317738158,-1.4266011834881094,0.61380779389116868,-1.6832748035947354,0.16672501150608918,0.0039172040955001743,0.1182283417914598,0,0.00035610946322728857,0.010683283896818658,0,0.95575154245050908,-33.570772928574129,21.714502912907186,5.9815858334049024,-0.40463097142105975,-0.91041968569738441,5.5456338448912921e-16,-33.803150873927834,22.003386482693841,5.578286753886319,-0.34134058954183438,-0.83581760448822895,-0.0047006449145996542,-33.945024884077583,22.003386482693841,5.5781621155741892,-0.34326358064326179,-0.83581760448822895,1,1.8307835762794629,1.7616246212198707,1,1,1
1785140839.3924515,1,1,0.99740799283270143,1.1905831847515751,0.07195342822577401,4,0,1,0,-0.69485295397687052,0.23499807289067637,-1.4265983357514982,0.61381111625054841,-1.6831229243088062,0.16672453688332065,0.0071221892645457717,0.11965277964436896,0,0,0.0067660798013184824,0,-0.59734471403156819,-34.327409566347448,22.003003837347936,5.5199843542997007,-0.3350850232080651,-0.77765014819984923,1.6229982588541492e-15,-33.894001795117312,21.985970865315938,5.5770409083717727,-0.35948789200354686,-0.83681339681158196,-0.0085466271174533155,-34.037585130690552,21.985970865315938,5.5770409083717727,-0.36070578636778422,-0.83681339681158196,1,1.8307835762794629,1.7616246212198707,1,1,1
1785140839.4124515,1,1,0.99740799283270143,1.1905831847515751,0.07195342822577401,4,0,1,0,-0.69468351364850567,0.23737071211055269,-1.4266102013207114,0.61381064162777987,-1.6830204057908038,0.16672453688332065,0.0096149555071367906,0.12713107837214202,-0.0014244378529091543,0,0.0042733135587274627,-0.00035610946322728857,-0.27876086654806514,-34.008825718863946,21.714502912907186,5.5199843542997007,-0.40463097142105975,-0.87880789105511414,2.0949357838279164e-15,-33.981173005076634,21.968523775901161,5.5757865774277064,-0.37742916040458324,-0.83779194694490033,-0.01153794660856204,-34.133730299123208,21.96966332618349,5.5757865774277064,-0.37819835684515413,-0.83772784724151939,1,1.8307835762794629,1.7616246212198707,1,1,1
1785140839.4324515,1,1,0.99740799283270143,1.1905831847515751,0.07195342822577401,4,0,1,0,-0.6944348113177965,0.24003334584200023,-1.426643899537277,0.61381159087331694,-1.6829795882327103,0.16672453688332065,0.014600487992318832,0.12891162568827846,-0.00035610946322728857,0,0,0,-0.75663663777331969,-34.008825718863946,21.714502912907186,5.1545498500080829,-0.47417691963405439,-0.70810419998685459,8.7489956745556998e-17,-34.077997656613441,21.948023910590749,5.5743567147048481,-0.39819427669158647,-0.83892464021030844,-0.017520585590782487,-34.232691607439378,21.948308798161332,5.5743567147048481,-0.39819427669158647,-0.83892464021030844,1,1.8307835762794629,1.7616246212198707,1,1,1
1785140839.4524515,1,1,0.99740799283270143,1.1905831847515751,0.07195342822577401,4,0,1,0,-0.69412108566779884,0.24247053375839653,-1.426643899537277,0.613812540118854,-1.6829767404960991,0.16672453688332065,0.017093254234909851,0.12250165535018727,0,0,0.00035610946322728857,0,-0.11946894280631364,-34.486701490089203,21.714502912907186,5.3468837996352505,-0.47417691963405439,-0.94835383926810879,4.4487757411729579e-16,-34.166368337654056,21.929074747386647,5.5730382715901898,-0.41717869323468498,-0.8399570783547381,-0.020511905081891376,-34.313370324074278,21.929074747386647,5.5730382715901898,-0.41724279293806593,-0.8399570783547381,1,1.8307835762794629,1.7616246212198707,1,1,1
1785140839.4724514,1,1,0.99740799283270143,1.1905831847515751,0.07195342822577401,4,0,1,0,-0.6937209786739289,0.24498033895837773,-1.4266491203877307,0.613812540118854,-1.6829724688911825,0.16672453688332065,0.021366567793637315,0.12250165535018727,0,0,0,-0.00035610946322728857,-0.43805279028981664,-34.008825718863946,22.003003837347936,5.8084852787404522,-0.36669681785033542,-0.77765014819984923,2.5728429279631028e-15,-34.257131817849057,21.909393006539311,5.5716372308777995,-0.43675807830200369,-0.84101571949704268,-0.025639881352362223,-34.404133804269279,21.909393006539311,5.5716372308777995,-0.43675807830200375,-0.84095161979366173,1,1.8307835762794629,1.7616246212198707,1,1,1
1785140839.4924514,1,1,0.99740799283270143,1.1905831847515751,0.07195342822577401,4,0,1,0,-0.69325394986969646,0.24732307694383673,-1.4266424756689713,0.61381491323269655,-1.6829729435139509,0.16672501150608918,0.026352100278819353,0.11680390393855065,0.00035610946322728857,0.00035610946322728857,0,0.00035610946322728857,-0.43805279028981664,-33.570772928574129,21.714502912907186,5.7123183039268683,-0.43624276606333007,-1.0115774285526493,5.0125625591668089e-15,-34.341717680084876,21.890951376535305,5.5703181116624592,-0.45497077039792533,-0.84199851846596785,-0.031622520334578227,-34.481882364811135,21.890666488964722,5.5701934733503293,-0.45497077039792533,-0.8420626181693488,1,1.8307835762794629,1.7616246212198707,1,1,1
1785140839.5124514,1,1,0.99740799283270143,1.1905831847515751,0.07195342822577401,4,0,1,0,-0.69265734904965548,0.24959841849616463,-1.4266434249145084,0.61381491323269655,-1.6829715196456454,0.16672501150608918,0.031337632764001394,0.10790116735786844,0,0,-0.00035610946322728857,0,0,-33.730064852315884,21.906836862534352,5.3468837996352505,-0.3350850232080651,-0.77765014819984923,8.5237917458108864e-16,-34.423647184559243,21.872879775593503,5.568990655092219,-0.47270241490675469,-0.84294859101464337,-0.037605159316800842,-34.553128585388684,21.872879775593503,5.568990655092219,-0.47263831520337379,-0.84294859101464337,1,1.8307835762794629,1.7616246212198707,1,1,1
1785140839.5324514,1,1,0.99740799283270143,1.1905831847515751,0.07195342822577401,4,0,1,0,-0.6920075904795393,0.25167916471339563,-1.4266420010462029,0.61381538785546508,-1.6829719942684138,0.16672501150608918,0.036323165249183435,0.10327174433591368,0,0,0,0,0.15929192374175152,-33.730064852315884,21.714502912907186,5.7123183039268683,-0.5753346624893193,-0.91041968569738441,2.8844533506978942e-16,-34.498419889918296,21.856257662432029,5.5677559216905026,-0.48890904717480499,-0.84381383752216266,-0.043587798299019841,-34.622345983121392,21.856257662432029,5.5677559216905026,-0.48890904717480499,-0.84381383752216266,1,1.8307835762794629,1.7616246212198707,1,1,1
1785140839.5524514,1,1,0.99740799283270143,1.1905831847515751,0.07195342822577401,4,0,1,0,-0.6912206659293183,0.25365454467601323,-1.4266339324591377,0.61381538785546508,-1.6829705704001083,0.16672453688332065,0.038815931491774452,0.089739584733276714,0,0.00035610946322728857,0,0,0.47787577122525454,-33.849533795122198,22.003003837347936,5.5199843542997007,-0.53740050891859503,-0.67649240534458421,2.0026617710795058e-15,-34.569339609169916,21.840458137182502,5.5665630668828978,-0.5042288224996293,-0.84462788709438108,-0.046579117790127342,-34.677027110849849,21.840458137182502,5.566438428570768,-0.50422882249962919,-0.84462788709438108,1,1.8307835762794629,1.7616246212198707,1,1,1
1785140839.5724514,1,1,0.99740799283270143,1.1905831847515751,0.07195342822577401,4,0,1,0,-0.69043469062463436,0.25530196030557734,-1.426637729441286,0.61381538785546508,-1.6829696211545713,0.16672453688332065,0.04202091666082005,0.081192957615821792,0,0,0,0,-0.43805279028981664,-34.327409566347448,22.003003837347936,5.5199843542997007,-0.43624276606333007,-0.91041968569738441,1.9546880805563329e-15,-34.628295740094529,21.827129510622541,5.5655448968200787,-0.51708699130985791,-0.84530872818229186,-0.050425099992982114,-34.725727289233518,21.827129510622541,5.5655448968200787,-0.51708699130985791,-0.84530872818229186,1,1.8307835762794629,1.7616246212198707,1,1,1
1785140839.5924516,1,1,0.99740799283270143,1.1905831847515751,0.07195342822577401,4,0,1,0,-0.68950015839340073,0.25695649527666931,-1.4266353563274434,0.61381681172377067,-1.6829705704001083,0.16672453688332065,0.047718668072456664,0.079412410299685349,0.00035610946322728857,0,0,0,0.31858384748350305,-34.805285337572705,22.003003837347936,5.1545498500080829,-0.3350850232080651,-0.77765014819984923,3.8978643174004461e-16,-34.687449065147931,21.813718490729254,5.5645193371357831,-0.5299636135859459,-0.84598987410859972,-0.057262401686947607,-34.782743957507556,21.813433603158671,5.5645193371357831,-0.52996361358594601,-0.84598987410859972,1,1.8307835762794629,1.7616246212198707,1,1,1
1785140839.6124516,1,1,0.99740799283270143,1.1905831847515751,0.07195342822577401,4,0,1,0,-0.6885670500304728,0.25839222915146948,-1.4266277623631469,0.61381918483761333,-1.6829705704001083,0.16672406226055211,0.049143105925365825,0.069797454792548563,0.00035610946322728857,0,0.00035610946322728857,0,-0.91592856151507118,-34.327409566347448,21.906836862534352,5.8084852787404522,-0.67649240534458421,-0.77765014819984923,1.5373487711140397e-15,-34.738757074967239,21.802084931562025,5.5636272293459852,-0.5410883212446933,-0.84657762612849774,-0.058971727110437432,-34.822514020718295,21.801800043991442,5.5636272293459852,-0.54115242094807425,-0.84657762612849774,1,1.8307835762794629,1.7616246212198707,1,1,1
1785140839.6324515,1,1,0.99740799283270143,1.1905831847515751,0.07195342822577401,4,0,1,0,-0.68751101437049589,0.25971500280735971,-1.4266291862314526,0.61381918483761333,-1.6829710450228768,0.16672453688332065,0.053060310020865996,0.061606937138320925,-0.00035610946322728857,0.00035610946322728857,0,0,-0.59734471403156819,-34.805285337572705,21.714502912907186,5.2507168248216667,-0.60694645713158968,-0.67649240534458421,2.221425036176192e-15,-34.785891373186651,21.791252873655417,5.562776857558112,-0.55140449076681097,-0.84711902108985815,-0.063672372025036977,-34.859819697752634,21.791537761226,5.5626522192459822,-0.55140449076681097,-0.84711902108985815,1,1.8307835762794629,1.7616246212198707,1,1,1
1785140839.6524515,1,1,0.99740799283270143,1.1905831847515751,0.07195342822577401,4,0,1,0,-0.68645687720159299,0.26089538963269127,-1.4266310847225265,0.61381918483761333,-1.6829710450228768,0.16672453688332065,0.054128638410547859,0.05875806143250261,0,0.00035610946322728857,0,0.00035610946322728857,-0.43805279028981664,-35.123869185056208,21.906836862534352,5.3468837996352505,-0.50578871427632466,-0.87880789105511414,1.8805391260366466e-15,-34.827899343888561,21.781552412811749,5.5620097057405111,-0.56061174132393921,-0.84760095965285298,-0.064954366092655536,-34.898409017607563,21.781552412811749,5.5618850674283813,-0.56061174132393932,-0.84766505935623393,1,1.8307835762794629,1.7616246212198707,1,1,1
1785140839.6724515,1,1,0.99740799283270143,1.1905831847515751,0.07195342822577401,4,0,1,0,-0.68533486897679052,0.26202119483964198,-1.4266268131176099,0.61381965946038186,-1.6829710450228768,0.16672453688332065,0.05484085733700244,0.051991981631184132,0.00035610946322728857,0,0.00035610946322728857,0.00035610946322728857,0,-34.96457726131446,22.003003837347936,5.5199843542997007,-0.60694645713158968,-0.87880789105511414,2.0664289639128397e-15,-34.867971118364096,21.772322374718669,5.5612774261793794,-0.5693452697031921,-0.84805752386291466,-0.065809028804400871,-34.930361496321517,21.772037487148086,5.5612774261793794,-0.56940936940657294,-0.84812162356629561,1,1.8307835762794629,1.7616246212198707,1,1,1
1785140839.6924515,1,1,0.99740799283270143,1.1905831847515751,0.07195342822577401,4,0,1,0,-0.68459920368557059,0.26268851445219371,-1.4266244400037673,0.61382060870591892,-1.6829705704001083,0.16672406226055211,0.056977514116366174,0.049499215388593108,0,0,0.00071221892645457715,0,0,-34.805285337572705,21.44523538342915,5.6161513291132845,-0.50578871427632466,-0.8092619428421195,3.0933029498532915e-15,-34.891706054554447,21.766841152294049,5.5608440408235218,-0.5745202826459781,-0.84832819546444693,-0.068373016939636294,-34.951105113020759,21.766841152294049,5.5608440408235218,-0.57464848205273988,-0.84832819546444693,1,1.8307835762794629,1.7616246212198707,1,1,1
1785140839.7124515,1,1,0.99740799283270143,1.1905831847515751,0.07195342822577401,4,0,1,0,-0.68300304731500761,0.26387317288244205,-1.4266249146265357,0.61382203257422452,-1.6829715196456454,0.16672406226055211,0.061250827675093635,0.040596478807910896,0,0,0.00035610946322728857,-0.00035610946322728857,0,-34.327409566347448,21.541402358242735,5.8084852787404522,-0.53740050891859503,-0.70810419998685459,2.1379087646661263e-15,-34.933749969656994,21.757033267899864,5.5600636068923333,-0.58375411895596985,-0.84881014644208508,-0.073500993210110194,-34.982465744226488,21.757033267899864,5.5600636068923333,-0.5838182186593508,-0.84874604673870413,1,1.8307835762794629,1.7616246212198707,1,1,1
1785140839.7324514,1,1,0.99740799283270143,1.1905831847515751,0.07195342822577401,4,0,1,0,-0.68180604869277761,0.2646197544973381,-1.4266253892493044,0.61382203257422452,-1.6829715196456454,0.16672453688332065,0.063387484454457368,0.035967055785956145,0,0,0.00035610946322728857,0,0,-34.168117642605701,21.541402358242735,5.5199843542997007,-0.50578871427632466,-0.87880789105511414,1.8101540901287213e-15,-34.960224517162303,21.750839405227765,5.5595620235096064,-0.58957007745777867,-0.84911218509079334,-0.076064981345347005,-35.003384984105452,21.750839405227765,5.5595620235096064,-0.58963417716115951,-0.84911218509079334,1,1.8307835762794629,1.7616246212198707,1,1,1
1785140839.7524514,1,1,0.99740799283270143,1.1905831847515751,0.07195342822577401,4,0,1,0,-0.68045005144309034,0.26522917013212932,-1.4266244400037673,0.61382203257422452,-1.6829710450228768,0.16672453688332065,0.066948579086730256,0.023147115109773755,-0.00035610946322728857,0,0.00035610946322728857,0.00035610946322728857,-0.11946894280631364,-35.761036880023212,21.714502912907186,5.5199843542997007,-0.53740050891859503,-0.73971599462912485,1.5306906953491324e-15,-34.981835746133349,21.745789298100295,5.559151477164491,-0.59430397438148352,-0.84935764377239631,-0.08033829490407475,-35.009612284265074,21.746074185670878,5.559151477164491,-0.59436807408486447,-0.84942174347577726,1,1.8307835762794629,1.7616246212198707,1,1,1
1785140839.7724514,1,1,0.99740799283270143,1.1905831847515751,0.07195342822577401,4,0,1,0,-0.67909974966662534,0.26560174900542455,-1.4266258638720728,0.61382203257422452,-1.6829705704001083,0.16672406226055211,0.072290221035139574,0.016024925845227987,0,0,0,-0.00035610946322728857,0,-34.645993413830951,21.541402358242735,5.5199843542997007,-0.67649240534458421,-1.0115774285526493,3.0771633511613455e-15,-34.995026405454709,21.74268245995254,5.5588985474508172,-0.59721264770915905,-0.84950828191611116,-0.086748265242164432,-35.01425631646898,21.74268245995254,5.5588985474508172,-0.59721264770915905,-0.84944418221273021,1,1.8307835762794629,1.7616246212198707,1,1,1
1785140839.7924514,1,1,0.99740799283270143,1.1905831847515751,0.07195342822577401,4,0,1,0,-0.67760184020914793,0.2658205501017164,-1.4266225415126932,0.61382203257422452,-1.6829700957773397,0.16672406226055211,0.074070768351276017,0.0042733135587274627,0,0,0,0.00035610946322728857,-0.59734471403156819,-35.44245303253971,21.714502912907186,5.5199843542997007,-0.63855825177385994,-0.70810419998685459,2.3884279088089908e-15,-35.002807229125814,21.740892854236517,5.5587521424937396,-0.59888702573981689,-0.84959494053274376,-0.088884922021528825,-35.007935205396286,21.740892854236517,5.5587521424937396,-0.59888702573981689,-0.84965904023612471,1,1.8307835762794629,1.7616246212198707,1,1,1
1785140839.8124514,1,1,0.99740799283270143,1.1905831847515751,0.07195342822577401,4,0,1,0,-0.67613003500393964,0.26583146642539257,-1.4266173206622392,0.61382203257422452,-1.6829677226634971,0.16672358763778358,0.076563534593867041,0,0,0.00035610946322728857,0,0,-0.27876086654806514,-34.805285337572705,21.714502912907186,5.2507168248216667,-0.5753346624893193,-0.87880789105511414,1.9200130530858941e-15,-35.003257161268913,21.740864796271445,5.5587481760438324,-0.5989164104464253,-0.84959627617231448,-0.091876241512638498,-35.003257161268913,21.740864796271445,5.5586235377317026,-0.5989164104464253,-0.84959627617231448,1,1.8307835762794629,1.7616246212198707,1,1,1
1785140839.8324516,1,1,0.99740799283270143,1.1905831847515751,0.07195342822577401,4,0,1,0,-0.67453245476507107,0.26582766944324432,-1.4266054550930261,0.61382298181976158,-1.6829700957773397,0.16672358763778358,0.080124629226139929,-0.00035610946322728857,0.0010683283896818657,0,0,0,0,-34.96457726131446,21.906836862534352,5.3468837996352505,-0.5753346624893193,-0.70810419998685459,4.8802401796700114e-15,-35.00320358510762,21.740976381803712,5.5587646730342177,-0.59880986008454551,-0.84959188681986675,-0.096149555071363024,-35.002776253751748,21.740121719091967,5.5587646730342177,-0.59880986008454551,-0.84959188681986675,1,1.8307835762794629,1.7616246212198707,1,1,1
1785140839.8524516,1,1,0.99740799283270143,1.1905831847515751,0.07195342822577401,4,0,1,0,-0.6728878868721182,0.26582766944324432,-1.426590267164433,0.61382345644253011,-1.6829700957773397,0.16672406226055211,0.085110161711321963,0,-0.00035610946322728857,0,0,0.00035610946322728857,-0.43805279028981664,-34.805285337572705,21.714502912907186,5.5199843542997007,-0.50578871427632466,-0.91041968569738441,3.1762489617135515e-15,-35.003331872214218,21.741103386889638,5.5587771439213185,-0.59869155541608798,-0.84958625843862179,-0.10213219405358319,-35.003331872214218,21.74138827446022,5.5587771439213185,-0.59869155541608787,-0.84965035814200274,1,1.8307835762794629,1.7616246212198707,1,1,1
1785140839.8724515,1,1,0.99740799283270143,1.1905831847515751,0.07195342822577401,4,0,1,0,-0.67106296232712426,0.26582766944324432,-1.4265935895238129,0.61382345644253011,-1.6829729435139509,0.16672358763778358,0.091520132049413158,0,0,-0.00035610946322728857,-0.00035610946322728857,0,-0.43805279028981664,-34.805285337572705,21.714502912907186,5.5199843542997007,-0.50578871427632466,-0.73971599462912485,1.9273063792019694e-15,-35.003280160142843,21.741052072018956,5.5587760689971235,-0.59873577938520439,-0.84958873305412663,-0.10982415845929384,-35.003280160142843,21.741052072018956,5.5589007073092533,-0.59867167968182344,-0.84958873305412663,1,1.8307835762794629,1.7616246212198707,1,1,1
1785140839.8924515,1,1,0.99740799283270143,1.1905831847515751,0.07195342822577401,4,0,1,0,-0.6692361392910563,0.26582814406601285,-1.4265935895238129,0.61382393106529864,-1.6829715196456454,0.16672358763778358,0.096149555071367909,0,0,0,0,0,-0.43805279028981664,-34.168117642605701,22.003003837347936,5.8084852787404522,-0.5753346624893193,-0.91041968569738441,2.7123305528731663e-15,-35.003309130776543,21.741060220870217,5.5587780341447246,-0.59873050505763303,-0.84958883768595594,-0.11537946608563876,-35.003309130776543,21.741060220870217,5.5587780341447246,-0.59873050505763303,-0.84958883768595594,1,1.8307835762794629,1.7616246212198707,1,1,1
1785140839.9124515,1,1,0.99740799283270143,1.1905831847515751,0.07195342822577401,4,0,1,0,-0.66721709403373397,0.26582814406601285,-1.4265931149010442,0.61382345644253011,-1.6829705704001083,0.16672358763778358,0.10006675916686809,0,-0.00035610946322728857,-0.00035610946322728857,0,0,-0.11946894280631364,-35.601744956281465,21.906836862534352,5.5199843542997007,-0.5753346624893193,-0.8092619428421195,1.965242754087857e-15,-35.003320610125016,21.741071625213049,5.5587754877519027,-0.5987206372451499,-0.84958778067045049,-0.12008011100023977,-35.003320610125016,21.741356512783632,5.5589001260640325,-0.5987206372451499,-0.84958778067045049,1,1.8307835762794629,1.7616246212198707,1,1,1
1785140839.9324515,1,1,0.99740799283270143,1.1905831847515751,0.07195342822577401,4,0,1,0,-0.66522177991483822,0.26582814406601285,-1.4265931149010442,0.61382393106529864,-1.6829700957773397,0.16672358763778358,0.1025595254094591,0,-0.00035610946322728857,0,0,0,-0.59734471403156819,-34.008825718863946,21.906836862534352,5.3468837996352505,-0.5753346624893193,-0.8092619428421195,2.0876034712717826e-15,-35.003324912818272,21.741075904154485,5.5587780078488933,-0.59871772507293097,-0.84958807499427846,-0.1230714304913488,-35.003324912818272,21.741360791725068,5.5587780078488933,-0.59871772507293097,-0.84958807499427846,1,1.8307835762794629,1.7616246212198707,1,1,1
1785140839.9524515,1,1,0.99740799283270143,1.1905831847515751,0.07195342822577401,4,0,1,0,-0.6631192010502549,0.26582814406601285,-1.4265935895238129,0.61382440568806718,-1.6829705704001083,0.16672358763778358,0.10113508755654996,0,0,0.00035610946322728857,0,0,0.15929192374175152,-35.44245303253971,21.541402358242735,5.6161513291132845,-0.53740050891859503,-0.87880789105511414,2.5996016196560783e-15,-35.003317363718629,21.741068410451739,5.5587804379874379,-0.59872456445847155,-0.84958894153226372,-0.12136210506785733,-35.003317363718629,21.741068410451739,5.5586557996753081,-0.59872456445847155,-0.84958894153226372,1,1.8307835762794629,1.7616246212198707,1,1,1
1785140839.9724514,1,1,0.99740799283270143,1.1905831847515751,0.07195342822577401,4,0,1,0,-0.66113432863226673,0.26582814406601285,-1.4265931149010442,0.61382393106529864,-1.6829705704001083,0.16672358763778358,0.099710649703640797,0,0,0,0,0,-0.11946894280631364,-34.645993413830951,21.906836862534352,5.8084852787404522,-0.47417691963405439,-0.70810419998685459,2.9665879735428555e-15,-35.003320982570429,21.741071993515369,5.5587781241047942,-0.59872075350050769,-0.84958826547171373,-0.11965277964436601,-35.003320982570429,21.741071993515369,5.5587781241047942,-0.59872075350050769,-0.84958826547171373,1,1.8307835762794629,1.7616246212198707,1,1,1
1785140839.9924514,1,1,0.99740799283270143,1.1905831847515751,0.07195342822577401,4,0,1,0,-0.65905548090610977,0.26582814406601285,-1.4265912164099701,0.61382393106529864,-1.6829710450228768,0.16672358763778358,0.10077897809332266,0,-0.00035610946322728857,-0.00035610946322728857,0,0,-0.43805279028981664,-34.805285337572705,21.541402358242735,5.3468837996352505,-0.53740050891859503,-0.77765014819984923,1.2057688974933302e-15,-35.003333017466396,21.741083888296458,5.5587795302225755,-0.59870900311679409,-0.84958769090933883,-0.12093477371198597,-35.003333017466396,21.741368775867041,5.5589041685347054,-0.59870900311679409,-0.84958769090933883,1,1.8307835762794629,1.7616246212198707,1,1,1
1785140840.0124514,1,1,0.99740799283270143,1.1905831847515751,0.07195342822577401,4,0,1,0,-0.65708294868010342,0.26582814406601285,-1.4265921656555072,0.61382393106529864,-1.6829705704001083,0.16672406226055211,0.099354540240413514,-0.00035610946322728857,0,0,0,0,0.47787577122525454,-35.283161108797962,21.714502912907186,5.7123183039268683,-0.60694645713158968,-0.84087373748438976,1.1915875682966219e-15,-35.003329156777284,21.741080087826578,5.5587782842374418,-0.59871317361768939,-0.8495878900218683,-0.11922544828849505,-35.002901825421411,21.741080087826578,5.5587782842374418,-0.59871317361768939,-0.8495878900218683,1,1.8307835762794629,1.7616246212198707,1,1,1
1785140840.0324514,1,1,0.99740799283270143,1.1905831847515751,0.07195342822577401,4,0,1,0,-0.65501549190039121,0.26582861868878138,-1.4265926402782758,0.61382345644253011,-1.6829700957773397,0.16672406226055211,0.10042286863009538,0,0,0,0,0,0.31858384748350305,-34.645993413830951,21.714502912907186,5.2507168248216667,-0.73971599462912485,-0.8092619428421195,1.8695380257632434e-15,-35.003345530738791,21.741075727442794,5.5587748867134339,-0.59871741834000147,-0.84958759726565858,-0.12050744235611256,-35.003345530738791,21.741075727442794,5.5587748867134339,-0.59871741834000147,-0.84958759726565858,1,1.8307835762794629,1.7616246212198707,1,1,1
1785140840.0524514,1,1,0.99740799283270143,1.1905831847515751,0.07195342822577401,4,0,1,0,-0.65310893223921029,0.26582909331154991,-1.4265921656555072,0.61382345644253011,-1.6829696211545713,0.16672406226055211,0.095793445608140626,0,0,0.00035610946322728857,0,0,0,-34.805285337572705,21.714502912907186,5.5199843542997007,-0.60694645713158968,-0.87880789105511414,1.611442098115419e-15,-35.00337025972587,21.741079638082041,5.5587747704753685,-0.59871438991209147,-0.84958740679182865,-0.11495213472976713,-35.00337025972587,21.741079638082041,5.5586501321632387,-0.59871438991209147,-0.84958740679182865,1,1.8307835762794629,1.7616246212198707,1,1,1
1785140840.0724514,1,1,0.99740799283270143,1.1905831847515751,0.07195342822577401,4,0,1,0,-0.65120474569187203,0.26582861868878138,-1.4265912164099701,0.61382393106529864,-1.6829696211545713,0.16672406226055211,0.089383475270049431,-0.00035610946322728857,0,0,0,0,0.47787577122525454,-34.008825718863946,21.714502912907186,5.5199843542997007,-0.70810419998685459,-0.91041968569738441,3.3785163344814137e-15,-35.003361807299584,21.741091860458802,5.5587783742083499,-0.59870342205975102,-0.8495873178109834,-0.10726017032405592,-35.002934475943711,21.741091860458802,5.5587783742083499,-0.59870342205975113,-0.8495873178109834,1,1.8307835762794629,1.7616246212198707,1,1,1
1785140840.0924516,1,1,0.99740799283270143,1.1905831847515751,0.07195342822577401,4,0,1,0,-0.64946999947289863,0.26582909331154991,-1.426590267164433,0.61382298181976158,-1.6829696211545713,0.16672406226055211,0.087246818490685704,0,0,-0.00035610946322728857,0,0,0,-35.283161108797962,21.906836862534352,5.3468837996352505,-0.60694645713158968,-0.87880789105511414,2.1049696123345582e-15,-35.003385852438583,21.741095075214105,5.5587734239826689,-0.5986994948424873,-0.8495861569510218,-0.10469618218882074,-35.003385852438583,21.741095075214105,5.5588980622947988,-0.5986994948424873,-0.8495861569510218,1,1.8307835762794629,1.7616246212198707,1,1,1
1785140840.1124516,1,1,0.99740799283270143,1.1905831847515751,0.07195342822577401,4,0,1,0,-0.64771199673826729,0.26582909331154991,-1.426590267164433,0.61382298181976158,-1.6829696211545713,0.16672453688332065,0.0840418333216401,0,0,0,0,0,-0.27876086654806514,-34.645993413830951,21.714502912907186,5.3468837996352505,-0.60694645713158968,-0.91041968569738441,1.9329118146593957e-15,-35.003386044063262,21.741095266805257,5.5587729391807299,-0.59869930436513941,-0.84958616402137077,-0.10085019998596617,-35.003386044063262,21.741095266805257,5.5587729391807299,-0.59869930436513941,-0.84958616402137077,1,1.8307835762794629,1.7616246212198707,1,1,1
1785140840.1324515,1,1,0.99740799283270143,1.1905831847515751,0.07195342822577401,4,0,1,0,-0.64610444942125966,0.26582909331154991,-1.4265888432961276,0.61382298181976158,-1.6829696211545713,0.16672453688332065,0.083685723858412817,0,0.00035610946322728857,0,0,0,0.63716769496700609,-35.601744956281465,21.175967853951118,5.6161513291132845,-0.73971599462912485,-0.70810419998685459,2.6977140903827591e-15,-35.003398017878794,21.741107120829589,5.558773906563597,-0.59868822025446666,-0.84958559024089764,-0.10042286863009266,-35.003398017878794,21.740822233259006,5.558773906563597,-0.59868822025446677,-0.84958559024089764,1,1.8307835762794629,1.7616246212198707,1,1,1
1785140840.1524515,1,1,0.99740799283270143,1.1905831847515751,0.07195342822577401,4,0,1,0,-0.64441194462868534,0.26582814406601285,-1.426580300086294,0.61382298181976158,-1.6829696211545713,0.16672501150608918,0.082617395468730953,0,0.00035610946322728857,0,0,0,-0.11946894280631364,-35.123869185056208,21.906836862534352,5.5199843542997007,-0.60694645713158968,-0.91041968569738441,2.9253049569721958e-16,-35.003436436291636,21.741186338117181,5.5587798706543587,-0.59861413567296318,-0.849581772063707,-0.099140874562476861,-35.003436436291636,21.740901450546598,5.5587798706543587,-0.59861413567296307,-0.849581772063707,1,1.8307835762794629,1.7616246212198707,1,1,1
1785140840.1724515,1,1,0.99740799283270143,1.1905831847515751,0.07195342822577401,4,0,1,0,-0.6427464933339172,0.26582766944324432,-1.4265589420617102,0.61382250719699305,-1.6829700957773397,0.16672548612885768,0.087246818490685704,0,0.0014244378529091543,0,0,0,0.31858384748350305,-34.96457726131446,21.906836862534352,5.3468837996352505,-0.60694645713158968,-0.87880789105511414,1.7214095871296422e-15,-35.003595114668521,21.741364002472547,5.5587916963611423,-0.59844690073139462,-0.84957268647915529,-0.10469618218882112,-35.003595114668521,21.740224452190219,5.5587916963611423,-0.59844690073139462,-0.84957268647915529,1,1.8307835762794629,1.7616246212198707,1,1,1
1785140840.1934426,1,1,0.99740799283270143,1.1905831847515751,0.07195342822577401,4,0,1,0,-0.64083993367273628,0.26582719482047584,-1.4265456526241915,0.61382298181976158,-1.6829705704001083,0.16672548612885768,0.089027365806822148,-0.00035610946322728857,0,0,0,0,0,-35.123869185056208,21.714502912907186,5.6161513291132845,-0.50578871427632466,-0.77765014819984923,4.2443251928656865e-15,-35.003686492769397,21.741475037172158,5.5588037973547273,-0.59834289870229018,-0.84956781477697885,-0.10683283896818235,-35.003259161413524,21.741475037172158,5.5588037973547273,-0.59834289870229007,-0.84956781477697885,1,1.8307835762794629,1.7616246212198707,1,1,1
1785140840.2134426,1,1,0.99740799283270143,1.1905831847515751,0.07195342822577401,4,0,1,0,-0.63908905027963292,0.26582766944324432,-1.4265466018697286,0.61382250719699305,-1.6829715196456454,0.16672548612885768,0.090451803659731295,0,0,-0.00035610946322728857,-0.00035610946322728857,-0.00035610946322728857,0.31858384748350305,-34.327409566347448,21.906836862534352,5.7123183039268683,-0.5753346624893193,-0.91041968569738441,2.5360411984497383e-15,-35.003687086324149,21.741454995086407,5.5588004264866218,-0.5983599234722633,-0.84956828476677215,-0.10854216439167499,-35.003687086324149,21.741454995086407,5.5589250647987516,-0.59829582376888246,-0.8495041850633912,1,1.8307835762794629,1.7616246212198707,1,1,1
1785140840.2334425,1,1,0.99740799283270143,1.1905831847515751,0.07195342822577401,4,0,1,0,-0.63733721764099249,0.26582672019770731,-1.4265423302648117,0.61382250719699305,-1.6829715196456454,0.16672548612885768,0.091164022586185875,-0.00035610946322728857,0.00035610946322728857,0,-0.00035610946322728857,0,0.15929192374175152,-34.96457726131446,21.714502912907186,5.7123183039268683,-0.5753346624893193,-0.91041968569738441,1.6922933333652553e-15,-35.003689387281526,21.741498454473959,5.5588039721538189,-0.59831928158749137,-0.84956618069689449,-0.10939682710342138,-35.003262055925653,21.741213566903376,5.5588039721538189,-0.59825518188411042,-0.84956618069689449,1,1.8307835762794629,1.7616246212198707,1,1,1
1785140840.2534425,1,1,0.99740799283270143,1.1905831847515751,0.07195342822577401,4,0,1,0,-0.63545628760931216,0.26582529632940172,-1.4265195483719224,0.61382298181976158,-1.6829719942684138,0.16672548612885768,0.095437336144913329,0.00035610946322728857,0.0017805473161364429,0,-0.00035610946322728857,0,-0.11946894280631364,-34.008825718863946,21.906836862534352,5.6161513291132845,-0.40463097142105975,-0.77765014819984923,5.2736322146314801e-16,-35.003826954096162,21.741696397592705,5.5588231619295838,-0.59813399551940372,-0.84955710046984989,-0.11452480337389544,-35.004254285452035,21.740271959739797,5.5588231619295838,-0.59806989581602266,-0.84955710046984989,1,1.8307835762794629,1.7616246212198707,1,1,1
1785140840.2734425,1,1,0.99740799283270143,1.1905831847515751,0.07195342822577401,4,0,1,0,-0.63361759900403092,0.26582529632940172,-1.4265057843116349,0.61382203257422452,-1.6829710450228768,0.16672548612885768,0.095081226681686046,0.00035610946322728857,-0.00035610946322728857,-0.00035610946322728857,0.00035610946322728857,0,-0.75663663777331969,-34.645993413830951,21.637569333056319,5.6161513291132845,-0.50578871427632466,-0.77765014819984923,2.3670389174488381e-15,-35.003949792062087,21.74181804739818,5.558827001841963,-0.59802055906177531,-0.84955020242515433,-0.11409747201802087,-35.00437712341796,21.742102934968763,5.5589516401540928,-0.59808465876515626,-0.84955020242515433,1,1.8307835762794629,1.7616246212198707,1,1,1
1785140840.2934425,1,1,0.99740799283270143,1.1905831847515751,0.07195342822577401,4,0,1,0,-0.63175897624247146,0.26582529632940172,-1.4265091066710147,0.61382250719699305,-1.6829715196456454,0.16672548612885768,0.087959037417140271,0,-0.00035610946322728857,0,0,0,-0.43805279028981664,-35.123869185056208,21.906836862534352,5.3468837996352505,-0.67649240534458421,-0.60694645713158968,3.4662733228082742e-15,-35.003918301499006,21.741786851621967,5.5588274988447886,-0.5980495668566248,-0.84955221677287196,-0.10555084490056488,-35.003918301499006,21.74207173919255,5.5588274988447886,-0.5980495668566248,-0.84955221677287196,1,1.8307835762794629,1.7616246212198707,1,1,1
1785140840.3134425,1,1,0.99740799283270143,1.1905831847515751,0.07195342822577401,4,0,1,0,-0.63005602974898955,0.26582577095217025,-1.4265119544076259,0.61382108332868746,-1.6829719942684138,0.16672548612885768,0.085110161711321963,0,0,0,0,0,-0.11946894280631364,-34.645993413830951,21.906836862534352,5.5199843542997007,-0.47417691963405439,-0.91041968569738441,6.695053830638868e-16,-35.003906120705963,21.741754183426192,5.558817450260225,-0.5980781096283736,-0.84955229188527726,-0.10213219405358569,-35.003906120705963,21.741754183426192,5.558817450260225,-0.5980781096283736,-0.84955229188527726,1,1.8307835762794629,1.7616246212198707,1,1,1
1785140840.3334427,1,1,0.99740799283270143,1.1905831847515751,0.07195342822577401,4,0,1,0,-0.62838393373546197,0.26582577095217025,-1.4265138528987,0.61382013408315039,-1.6829719942684138,0.16672548612885768,0.075495206204185178,0,-0.00035610946322728857,0,0,0,0.31858384748350305,-34.805285337572705,21.637569333056319,5.1545498500080829,-0.70810419998685459,-0.8092619428421195,2.0971784352995385e-15,-35.003889414640405,21.741737645259327,5.5588108884863798,-0.59809265602567785,-0.84955208743751365,-0.090594247445020107,-35.003889414640405,21.74202253282991,5.5588108884863798,-0.59809265602567785,-0.84955208743751365,1,1.8307835762794629,1.7616246212198707,1,1,1
1785140840.3534427,1,1,0.99740799283270143,1.1905831847515751,0.07195342822577401,4,0,1,0,-0.62702413950362645,0.26582577095217025,-1.4265247692223761,0.61382013408315039,-1.682974842005025,0.16672548612885768,0.063387484454457368,0,-0.0010683283896818657,0,-0.00035610946322728857,0,-0.91592856151507118,-34.645993413830951,21.714502912907186,5.5199843542997007,-0.47417691963405439,-0.84087373748438976,-2.1067042392993149e-15,-35.003774051737487,21.741623317862832,5.5588041738702065,-0.59819580536020545,-0.84955762997363793,-0.076064981345350946,-35.003774051737487,21.742477980574577,5.5588041738702065,-0.5981317056568245,-0.84955762997363793,1,1.8307835762794629,1.7616246212198707,1,1,1
1785140840.3734426,1,1,0.99740799283270143,1.1905831847515751,0.07195342822577401,4,0,1,0,-0.62591209835696304,0.26582577095217025,-1.4265646375349326,0.6138187102148448,-1.682981012101016,0.16672548612885768,0.045582011293092937,0,-0.0028488757058183086,-0.00035610946322728857,-0.00035610946322728857,0.00035610946322728857,-0.27876086654806514,-35.123869185056208,21.906836862534352,5.4430507744488343,-0.67649240534458421,-0.87880789105511414,2.5289333864810473e-15,-35.003386617345924,21.741239503659408,5.558770699890907,-0.59854518254624056,-0.84957471920679595,-0.054698413551708971,-35.003386617345924,21.743518604224061,5.5588953382030368,-0.5984810828428595,-0.8496388189101769,1,1.8307835762794629,1.7616246212198707,1,1,1
1785140840.3934426,1,1,0.99740799283270143,1.1905831847515751,0.07195342822577401,4,0,1,0,-0.62519779109032692,0.26582577095217025,-1.426613523680091,0.61381823559207627,-1.6829862329514698,0.16672501150608918,0.028488757058183087,0.00035610946322728857,-0.0017805473161364429,0.00035610946322728857,0,0,-0.27876086654806514,-34.168117642605701,21.906836862534352,5.2507168248216667,-0.60694645713158968,-0.87880789105511414,2.015477227639663e-15,-35.002931722813535,21.74078894171312,5.5587366145075769,-0.5989591239469112,-0.84959602245039445,-0.034186508469817703,-35.003359054169408,21.742213379566028,5.5586119761954471,-0.5989591239469112,-0.84959602245039445,1,1.8307835762794629,1.7616246212198707,1,1,1
1785140840.4134426,1,1,0.99740799283270143,1.1905831847515751,0.07195342822577401,4,0,1,0,-0.62481192277951292,0.26582672019770731,-1.426662884448018,0.61381633710100214,-1.6829871821970068,0.16672501150608918,0.0096149555071367906,0,-0.0046294230219547511,0,-0.00035610946322728857,-0.00035610946322728857,0,-35.123869185056208,21.906836862534352,5.8084852787404522,-0.53740050891859503,-0.73971599462912485,1.8784713864581657e-15,-35.002540841371555,21.740360752768645,5.5586921080501241,-0.59935635283798805,-0.84961473574211277,-0.011537946608562262,-35.002540841371555,21.744064291186209,5.5586921080501241,-0.59929225313460699,-0.84955063603873182,1,1.8307835762794629,1.7616246212198707,1,1,1
1785140840.4334426,1,1,0.99740799283270143,1.1905831847515751,0.07195342822577401,4,0,1,0,-0.62477680069464181,0.26582814406601285,-1.4268394441179109,0.61381396398715948,-1.6829871821970068,0.16672596075162621,-0.0014244378529091543,0,-0.011395502823273234,-0.00035610946322728857,0,0,-0.27876086654806514,-34.805285337572705,21.906836862534352,5.5199843542997007,-0.50578871427632466,-0.94835383926810879,8.2594862083046532e-16,-35.001104378375572,21.738876907634118,5.5585568766496083,-0.60074088655710112,-0.84968402370229579,0.0017093254234918178,-35.001104378375572,21.747993309892738,5.5586815149617381,-0.60074088655710112,-0.84968402370229579,1,1.8307835762794629,1.7616246212198707,1,1,1
1785140840.4534426,1,1,0.99740799283270143,1.1905831847515751,0.07195342822577401,4,0,1,0,-0.62479863334199404,0.26582814406601285,-1.4271237431562598,0.61380542077732603,-1.6829871821970068,0.16672643537439474,-0.0014244378529091543,0,-0.014244378529091543,0,0,0,-0.43805279028981664,-34.327409566347448,21.906836862534352,5.4430507744488343,-0.50578871427632466,-0.8092619428421195,1.2395502105385835e-15,-34.998704536821421,21.736501135382241,5.5583151693664075,-0.60295166337012285,-0.84978977413709977,0.0017093254234922064,-34.998704536821421,21.747896638205514,5.5583151693664075,-0.60295166337012285,-0.84978977413709977,1,1.8307835762794629,1.7616246212198707,1,1,1
1785140840.4734426,1,1,0.99740799283270143,1.1905831847515751,0.07195342822577401,4,0,1,0,-0.62481097353397586,0.26582861868878138,-1.4273738693552744,0.61380304766348337,-1.6829886060653123,0.16672643537439474,0.00035610946322728857,0.00035610946322728857,-0.011395502823273234,-0.00035610946322728857,0,0,0,-35.123869185056208,21.810669887720771,5.7123183039268683,-0.60694645713158968,-0.87880789105511414,2.5620960783860119e-16,-34.996600521962954,21.734397597755965,5.5581311634370172,-0.60491087022905443,-0.84988876625164167,-0.00042733135587246873,-34.997027853318826,21.743514000014585,5.558255801749147,-0.60491087022905443,-0.84988876625164167,1,1.8307835762794629,1.7616246212198707,1,1,1
1785140840.4934425,1,1,0.99740799283270143,1.1905831847515751,0.07195342822577401,4,0,1,0,-0.62481097353397586,0.26582909331154991,-1.4275869749783441,0.61380209841794631,-1.6829928776702292,0.16672690999716328,0,0.00035610946322728857,-0.0092588460439095022,-0.00035610946322728857,-0.00035610946322728857,0,0.15929192374175152,-35.920328803764967,21.906836862534352,5.5199843542997007,-0.53740050891859503,-0.84087373748438976,2.4790477165696572e-15,-34.994784992645563,21.73257955340398,5.5579802903557463,-0.60660020291129702,-0.84997542204875454,2.4980018054066022e-15,-34.995212324001436,21.739986630239109,5.5581049286678761,-0.60653610320791596,-0.84997542204875454,1,1.8307835762794629,1.7616246212198707,1,1,1
1785140840.5134425,1,1,0.99740799283270143,1.1905831847515751,0.07195342822577401,4,0,1,0,-0.62481334664781851,0.26582861868878138,-1.4277673316303849,0.61379972530410365,-1.6830014208800628,0.16672785924270034,0,-0.00035610946322728857,-0.009971064970364079,0,-0.00035610946322728857,-0.00035610946322728857,-0.59734471403156819,-34.486701490089203,21.810669887720771,5.8084852787404522,-0.60694645713158968,-0.91041968569738441,2.1757777494446171e-15,-34.993174821905143,21.731005822637083,5.5578449344859191,-0.60805392347118903,-0.850048759382944,2.1649348980190553e-15,-34.99274749054927,21.738982674613375,5.5578449344859191,-0.60798982376780808,-0.84998465967956305,1,1.8307835762794629,1.7616246212198707,1,1,1
1785140840.5334425,1,1,0.99740799283270143,1.1905831847515751,0.07195342822577401,4,0,1,0,-0.62481477051612411,0.26582861868878138,-1.427956706115028,0.61379877605856659,-1.6830037939939053,0.16672833386546887,-0.00035610946322728857,0,-0.0092588460439095022,0,0,0,0.15929192374175152,-36.079620727506715,21.906836862534352,5.2507168248216667,-0.5753346624893193,-0.67649240534458421,2.6458768856728641e-15,-34.991556621504856,21.729403825700771,5.5577097607082804,-0.60954268130856293,-0.85012485535908011,0.00042733135587541082,-34.991556621504856,21.7368109025359,5.5577097607082804,-0.60954268130856293,-0.85012485535908011,1,1.8307835762794629,1.7616246212198707,1,1,1
1785140840.5534425,1,1,0.99740799283270143,1.1905831847515751,0.07195342822577401,4,0,1,0,-0.62481477051612411,0.26582861868878138,-1.4281489283362823,0.61379497907641833,-1.6830056924849794,0.16672833386546887,0,-0.00035610946322728857,-0.011039393360045946,0,-0.00035610946322728857,0,-0.11946894280631364,-35.123869185056208,21.810669887720771,5.6161513291132845,-0.53740050891859503,-0.84087373748438976,2.4305535777736233e-15,-34.98991503583305,21.727778716241595,5.557556981449129,-0.61105004777414029,-0.85019895956324798,2.4424906541753444e-15,-34.989487704477177,21.736610230929632,5.557556981449129,-0.61098594807075934,-0.85019895956324798,1,1.8307835762794629,1.7616246212198707,1,1,1
1785140840.5734427,1,1,0.99740799283270143,1.1905831847515751,0.07195342822577401,4,0,1,0,-0.6248161943844297,0.26582861868878138,-1.4283648816959629,0.613788334357659,-1.6830066417305165,0.16672833386546887,-0.00035610946322728857,0,-0.0096149555071367906,-0.00035610946322728857,0,0,-1.2345124089985742,-35.920328803764967,21.714502912907186,5.5199843542997007,-0.70810419998685459,-0.70810419998685459,2.6636121201383882e-15,-34.98807768439459,21.725959877535807,5.5573715950911442,-0.61273534779298833,-0.85027927077981547,0.00042733135587541082,-34.98807768439459,21.733651841941516,5.557496233403274,-0.61273534779298844,-0.85027927077981547,1,1.8307835762794629,1.7616246212198707,1,1,1
1785140840.5934427,1,1,0.99740799283270143,1.1905831847515751,0.07195342822577401,4,0,1,0,-0.6248176182527353,0.26582861868878138,-1.4285272026828,0.6137807403933625,-1.6830094894671277,0.1667288084882374,0,0,-0.0078344081910003485,0,0,0,-0.75663663777331969,-34.96457726131446,21.541402358242735,5.1545498500080829,-0.70810419998685459,-1.0115774285526493,3.0549750080285162e-15,-34.986676384917402,21.724572625389385,5.5572176814986527,-0.61401487232189633,-0.850337817939114,3.0531133177191805e-15,-34.986676384917402,21.730840151942186,5.5572176814986527,-0.61401487232189633,-0.850337817939114,1,1.8307835762794629,1.7616246212198707,1,1,1
1785140840.6134427,1,1,0.99740799283270143,1.1905831847515751,0.07195342822577401,4,0,1,0,-0.6248176182527353,0.26582861868878138,-1.4286876251785627,0.61377694341121425,-1.6830094894671277,0.1667288084882374,0,0,-0.0085466271174549253,-0.00035610946322728857,0,0,-0.11946894280631364,-34.645993413830951,21.810669887720771,5.5199843542997007,-0.60694645713158968,-0.67649240534458421,1.9582180812815192e-15,-34.985316947273752,21.723226939517996,5.5570858090884325,-0.61526255470210467,-0.8503983105592946,1.9428902930940239e-15,-34.985316947273752,21.730064241211959,5.5572104474005624,-0.61526255470210467,-0.8503983105592946,1,1.8307835762794629,1.7616246212198707,1,1,1
1785140840.6334426,1,1,0.99740799283270143,1.1905831847515751,0.07195342822577401,4,0,1,0,-0.62481809287550383,0.26582861868878138,-1.4288713041899834,0.61376887482414932,-1.6830104387126648,0.1667288084882374,0,0,-0.0096149555071367906,-0.00071221892645457715,0,0,0.79645961870875759,-34.96457726131446,21.637569333056319,5.5199843542997007,-0.63855825177385994,-0.87880789105511414,1.4825537896155929e-15,-34.98374887424869,21.721674705853445,5.5569142116806223,-0.6166962405113392,-0.85046412683988604,1.4988010832439613e-15,-34.98374887424869,21.729366670259154,5.557163488304881,-0.6166962405113392,-0.85046412683988604,1,1.8307835762794629,1.7616246212198707,1,1,1
1785140840.6534426,1,1,0.99740799283270143,1.1905831847515751,0.07195342822577401,4,0,1,0,-0.62481666900719823,0.26582766944324432,-1.4290421683866539,0.61375321227278778,-1.6830109133354332,0.16672928311100593,0.00035610946322728857,0,-0.0067660798013184824,-0.00071221892645457715,0,0,0.15929192374175152,-34.486701490089203,21.541402358242735,5.8084852787404522,-0.5753346624893193,-0.8092619428421195,1.7403937497222537e-15,-34.982252981375254,21.720235139921968,5.5567091946029024,-0.61801770343267348,-0.85051645731261449,-0.00042733135587102544,-34.982252981375254,21.725648003763023,5.5569584712271611,-0.61801770343267348,-0.85051645731261449,1,1.8307835762794629,1.7616246212198707,1,1,1
1785140840.6734426,1,1,0.99740799283270143,1.1905831847515751,0.07195342822577401,4,0,1,0,-0.6248161943844297,0.26582766944324432,-1.4291783851212216,0.61373944821250048,-1.683014235694813,0.16672975773377446,0.00035610946322728857,0.00035610946322728857,-0.0071221892645457717,-0.00071221892645457715,0,0,-0.59734471403156819,-35.283161108797962,21.906836862534352,5.9046522535540351,-0.53740050891859503,-0.91041968569738441,1.3451489480004293e-15,-34.981061326566909,21.719055440116055,5.5565386396356287,-0.61909551208049429,-0.85055833945107528,-0.00042733135587141402,-34.981488657922782,21.724753191527693,5.5567879162598874,-0.61909551208049418,-0.85055833945107528,1,1.8307835762794629,1.7616246212198707,1,1,1
1785140840.6934426,1,1,0.99740799283270143,1.1905831847515751,0.07195342822577401,4,0,1,0,-0.62481809287550383,0.26582719482047584,-1.4293179242151692,0.613698630654407,-1.6830151849403501,0.166730232356543,0,0,-0.0060538608748639056,-0.0028488757058183086,-0.00035610946322728857,0,0.15929192374175152,-34.805285337572705,21.637569333056319,5.4430507744488343,-0.67649240534458421,-0.94835383926810879,1.4519189822346038e-15,-34.979822251764091,21.717849520361352,5.5562151859142226,-0.620173714203195,-0.85057276861997266,1.4432899320127035e-15,-34.979822251764091,21.722692609061241,5.5572122924112586,-0.62010961449981417,-0.85057276861997266,1,1.8307835762794629,1.7616246212198707,1,1,1
1785140840.7134426,1,1,0.99740799283270143,1.1905831847515751,0.07195342822577401,4,0,1,0,-0.62481809287550383,0.26582719482047584,-1.4294232904697826,0.61364167592218355,-1.6830151849403501,0.166730232356543,-0.00035610946322728857,0,-0.0056977514116366172,-0.0028488757058183086,0,0,-0.59734471403156819,-34.645993413830951,21.714502912907186,5.8084852787404522,-0.60694645713158968,-0.87880789105511414,1.1969752800395874e-15,-34.978883766193164,21.716920609057503,5.5558256796687546,-0.62097982710860145,-0.85055681765454039,0.00042733135587396753,-34.978883766193164,21.721478810186813,5.5568227861657906,-0.62097982710860133,-0.85055681765454039,1,1.8307835762794629,1.7616246212198707,1,1,1
1785140840.7334425,1,1,0.99740799283270143,1.1905831847515751,0.07195342822577401,4,0,1,0,-0.62481809287550383,0.26582719482047584,-1.429568999659721,0.61360038374132153,-1.6830151849403501,0.166730232356543,0,0,-0.0085466271174549253,-0.0017805473161364429,0,-0.00035610946322728857,-0.11946894280631364,-35.283161108797962,21.906836862534352,5.5199843542997007,-0.67649240534458421,-0.73971599462912485,1.6402029217069141e-15,-34.977615526386359,21.715665288180244,5.5554950245064889,-0.62210374192963047,-0.85057300789184997,1.6653345369377348e-15,-34.977615526386359,21.722502589874207,5.5561182160671363,-0.62210374192963047,-0.85050890818846903,1,1.8307835762794629,1.7616246212198707,1,1,1
1785140840.7534425,1,1,0.99740799283270143,1.1905831847515751,0.07195342822577401,4,0,1,0,-0.62482046598934637,0.26582624557493878,-1.4297256251733355,0.6135681093930615,-1.6830151849403501,0.1667307069793115,0,0,-0.0067660798013184824,-0.0014244378529091543,0,0,-0.59734471403156819,-34.96457726131446,21.541402358242735,5.7123183039268683,-0.60694645713158968,-0.84087373748438976,5.5655359323987164e-16,-34.976228041609282,21.714333114453158,5.5552069069194481,-0.62330722920654957,-0.85060238489386908,5.5511151231257827e-16,-34.976228041609282,21.719745978294213,5.5557054601679665,-0.62330722920654957,-0.85060238489386908,1,1.8307835762794629,1.7616246212198707,1,1,1
1785140840.7734425,1,1,0.99740799283270143,1.1905831847515751,0.07195342822577401,4,0,1,0,-0.62481856749827236,0.26582482170663319,-1.4298048871756799,0.61353678429033864,-1.6830170834314242,0.1667307069793115,0.00035610946322728857,0,-0.0014244378529091543,-0.0010683283896818657,0,0,-0.27876086654806514,-36.238912651248469,21.714502912907186,5.3468837996352505,-0.73971599462912485,-0.91041968569738441,-7.6136375233942778e-16,-34.975464432553501,21.713638979393291,5.5549791510093183,-0.62391746227897893,-0.85060231396944441,-0.00042733135587352344,-34.975464432553501,21.71477852967562,5.5553530659457069,-0.62391746227897893,-0.85060231396944441,1,1.8307835762794629,1.7616246212198707,1,1,1
1785140840.7934425,1,1,0.99740799283270143,1.1905831847515751,0.07195342822577401,4,0,1,0,-0.62481809287550383,0.26582434708386465,-1.4298105826489023,0.61351732475682896,-1.6830170834314242,0.1667307069793115,0,0,0,-0.0010683283896818657,0,0.00035610946322728857,-0.11946894280631364,-34.805285337572705,21.714502912907186,5.5199843542997007,-0.53740050891859503,-0.91041968569738441,-5.0007374317536065e-17,-34.975383673392194,21.713579644150627,5.5548674317653717,-0.62395333514634777,-0.85058453038646775,-5.5511151231257827e-17,-34.975383673392194,21.713579644150627,5.5552413467017603,-0.62395333514634777,-0.8506486300898487,1,1.8307835762794629,1.7616246212198707,1,1,1
1785140840.8134425,1,1,0.99740799283270143,1.1905831847515751,0.07195342822577401,4,0,1,0,-0.62482046598934637,0.26582434708386465,-1.4298295675596433,0.61347555795319841,-1.6830170834314242,0.16673165622484856,0,0,-0.0017805473161364429,-0.0028488757058183086,0,0,-0.11946894280631364,-34.805285337572705,21.714502912907186,5.2507168248216667,-0.43624276606333007,-0.77765014819984923,1.4302907696722148e-15,-34.975189349686637,21.71338733412259,5.5546212445180796,-0.62409049194688238,-0.85054948335471936,1.4432899320127035e-15,-34.975189349686637,21.714811771975498,5.5556183510151156,-0.62409049194688238,-0.85054948335471936,1,1.8307835762794629,1.7616246212198707,1,1,1
1785140840.8334427,1,1,0.99740799283270143,1.1905831847515751,0.07195342822577401,4,0,1,0,-0.62482188985765197,0.26582434708386465,-1.4298580449257552,0.61339866906469664,-1.6830170834314242,0.16673213084761709,0,0,-0.0010683283896818657,-0.0046294230219547511,0,0,-0.75663663777331969,-34.805285337572705,21.637569333056319,5.8084852787404522,-0.63855825177385994,-0.91041968569738441,1.2807241654971053e-15,-34.974885984089369,21.713087117405781,5.5541738211760867,-0.62429312737297638,-0.85048235728913224,1.27675647831893e-15,-34.974885984089369,21.713941780117526,5.555794119233771,-0.62429312737297638,-0.85048235728913224,1,1.8307835762794629,1.7616246212198707,1,1,1
1785140840.8534427,1,1,0.99740799283270143,1.1905831847515751,0.07195342822577401,4,0,1,0,-0.62482141523488344,0.26582387246109612,-1.4298661135128201,0.61329947290607412,-1.6830170834314242,0.16673213084761709,0,0,-0.00035610946322728857,-0.0046294230219547511,0,0,-0.59734471403156819,-35.601744956281465,22.003003837347936,5.7123183039268683,-0.94835383926810879,-0.73971599462912485,5.329969632295455e-17,-34.974720853911954,21.712944331221301,5.5536174876411231,-0.62432797656610861,-0.85038407801767824,5.5511151231257827e-17,-34.974720853911954,21.713229218791884,5.5552377856988073,-0.6243279765661085,-0.85038407801767824,1,1.8307835762794629,1.7616246212198707,1,1,1
1785140840.8734426,1,1,0.99740799283270143,1.1905831847515751,0.07195342822577401,4,0,1,0,-0.62482283910318903,0.26582387246109612,-1.4298751313454221,0.61320312448406278,-1.6830166088086556,0.16673260547038563,0,0,-0.00071221892645457715,-0.0053416419484093288,0,0.00035610946322728857,0.79645961870875759,-34.96457726131446,21.714502912907186,5.3468837996352505,-0.50578871427632466,-0.91041968569738441,7.1862224834389127e-16,-34.974570846188342,21.712795946760092,5.5530753282480836,-0.62437138693846339,-0.85028908452401342,7.2164496600635175e-16,-34.974570846188342,21.713365721901255,5.5549449029300266,-0.6243713869384635,-0.85035318422739437,1,1.8307835762794629,1.7616246212198707,1,1,1
1785140840.8934426,1,1,0.99740799283270143,1.1905831847515751,0.07195342822577401,4,0,1,0,-0.62482900919917994,0.26582434708386465,-1.4299026594659969,0.61308067180978232,-1.6830166088086556,0.16673308009315416,-0.00035610946322728857,0,-0.0017805473161364429,-0.0056977514116366172,0,0,0.15929192374175152,-33.849533795122198,21.714502912907186,5.5199843542997007,-0.47417691963405439,-0.8092619428421195,-1.1599413394254335e-16,-34.974255523099373,21.71246334297491,5.5523749505278346,-0.62455919990391162,-0.85017520484938713,0.00042733135587263527,-34.974255523099373,21.713887780827818,5.5543691635219075,-0.62455919990391173,-0.85017520484938713,1,1.8307835762794629,1.7616246212198707,1,1,1
1785140840.9134426,1,1,0.99740799283270143,1.1905831847515751,0.07195342822577401,4,0,1,0,-0.62483328080409672,0.26582434708386465,-1.4299638858031372,0.61296628772256678,-1.6830161341858871,0.16673355471592269,0,0,-0.0046294230219547511,-0.006409970338091194,0,0,0.15929192374175152,-34.327409566347448,21.810669887720771,5.6161513291132845,-0.60694645713158968,-0.94835383926810879,2.5883160440343981e-15,-34.97364768953279,21.711861809820292,5.5516960406684923,-0.62500452102268522,-0.85008266328167226,2.6090241078691179e-15,-34.97364768953279,21.715565348237856,5.553939530286824,-0.62500452102268511,-0.85008266328167226,1,1.8307835762794629,1.7616246212198707,1,1,1
1785140840.9334426,1,1,0.99740799283270143,1.1905831847515751,0.07195342822577401,4,0,1,0,-0.62483660316347645,0.26582387246109612,-1.4300839653635748,0.61281393381386895,-1.6830151849403501,0.16673355471592269,0,-0.00035610946322728857,-0.0067660798013184824,-0.0081905176542276369,0,0,-0.27876086654806514,-35.761036880023212,22.003003837347936,5.4430507744488343,-0.60694645713158968,-0.91041968569738441,-3.6524424616994671e-16,-34.972496156797661,21.710742754701979,5.5507656435139587,-0.6258920546272454,-0.84997447762991829,-3.8857805861880479e-16,-34.972068825441788,21.716155618543034,5.5536323246929387,-0.62589205462724529,-0.84997447762991829,1,1.8307835762794629,1.7616246212198707,1,1,1
1785140840.9534426,1,1,0.99740799283270143,1.1905831847515751,0.07195342822577401,4,0,1,0,-0.62484040014562459,0.26582434708386465,-1.4302377431405784,0.61264164574889302,-1.683014235694813,0.16673260547038563,0,0,-0.0092588460439095022,-0.0089027365806822138,0,0,0.15929192374175152,-34.486701490089203,21.44523538342915,5.6161513291132845,-0.67649240534458421,-0.97996563391037905,3.077541630787181e-15,-34.971074748166153,21.709315421454466,5.5497010170189904,-0.62704473663719751,-0.84985974620100047,3.0531133177191805e-15,-34.971074748166153,21.716722498289595,5.5528169748222291,-0.62704473663719762,-0.84985974620100047,1,1.8307835762794629,1.7616246212198707,1,1,1
1785140840.9734426,1,1,0.99740799283270143,1.1905831847515751,0.07195342822577401,4,0,1,0,-0.62485179109206934,0.26582529632940172,-1.4305044811364915,0.61247362928883375,-1.6830132864492759,0.16673260547038563,-0.0010683283896818657,0.00035610946322728857,-0.017805473161364428,-0.0078344081910003485,0,-0.00035610946322728857,-1.5530962564820772,-35.123869185056208,21.810669887720771,5.6161513291132845,-0.67649240534458421,-0.91041968569738441,2.6286287303646199e-15,-34.968712337599264,21.706936122098028,5.5485795185271343,-0.62908084525951569,-0.84979471032204779,0.0012819940676208478,-34.969139668955137,21.721180500627121,5.5513215613939844,-0.6290808452595158,-0.84973061061866684,1,1.8307835762794629,1.7616246212198707,1,1,1
1785140840.9934425,1,1,0.99740799283270143,1.1905831847515751,0.07195342822577401,4,0,1,0,-0.62486887751173636,0.26582672019770731,-1.4309534742755199,0.61232127538013592,-1.6830090148443591,0.16673308009315416,-0.0010683283896818657,0,-0.02742042866850122,-0.0081905176542276369,0.00035610946322728857,0.00035610946322728857,-0.43805279028981664,-34.96457726131446,21.637569333056319,5.8084852787404522,-0.73971599462912485,-0.91041968569738441,-6.8286821515820903e-16,-34.96485290461078,21.703054704345494,5.5474150281992047,-0.63252132361230773,-0.84981728665155898,0.0012819940676175726,-34.96485290461078,21.724991047280295,5.5502817093781847,-0.63258542331568868,-0.84988138635493993,1,1.8307835762794629,1.7616246212198707,1,1,1
1785140841.0134425,1,1,0.99740799283270143,1.1905831847515751,0.07195342822577401,4,0,1,0,-0.62488976091355164,0.26582719482047584,-1.4315989612407194,0.61213807099148376,-1.6830090148443591,0.16673308009315416,-0.0010683283896818657,0,-0.033474289543365128,-0.0089027365806822138,0,-0.00035610946322728857,0.63716769496700609,-34.168117642605701,21.906836862534352,5.4430507744488343,-0.47417691963405439,-0.8092619428421195,1.4037547342834001e-15,-34.959217545458827,21.697456693467181,5.5459414052266744,-0.63750325506299599,-0.84988788868775278,0.0012819940676196265,-34.959217545458827,21.724236125101875,5.5490573630299131,-0.63750325506299599,-0.84982378898437183,1,1.8307835762794629,1.7616246212198707,1,1,1
1785140841.0334425,1,1,0.99740799283270143,1.1905831847515751,0.07195342822577401,4,0,1,0,-0.62491966214796901,0.26582814406601285,-1.4323018775609109,0.6120066004846012,-1.6830104387126648,0.16673355471592269,-0.0021366567793637313,0.00035610946322728857,-0.039884259881456316,-0.0046294230219547511,0,0,-0.11946894280631364,-34.168117642605701,21.541402358242735,5.5199843542997007,-0.5753346624893193,-0.87880789105511414,3.9812537243102932e-16,-34.953127838860375,21.691388528339015,5.5447119075572058,-0.6429570159555642,-0.85003466226627067,0.0025639881352368661,-34.953555170216248,21.723295936244181,5.54633220561489,-0.6429570159555642,-0.85003466226627067,1,1.8307835762794629,1.7616246212198707,1,1,1
1785140841.0534425,1,1,0.99740799283270143,1.1905831847515751,0.07195342822577401,4,0,1,0,-0.62497709150296099,0.26582956793431844,-1.4331989145934305,0.61195771433944268,-1.6830104387126648,0.16673450396145975,-0.003204985169045597,0,-0.044869792366638357,-0.00071221892645457715,0,0.00035610946322728857,-0.27876086654806514,-35.123869185056208,21.637569333056319,5.6161513291132845,-0.5753346624893193,-0.67649240534458421,8.093170639714541e-16,-34.945459266682768,21.683737496032897,5.5437991074800843,-0.64993537558109504,-0.85034224941939573,0.0038459822028555487,-34.945459266682768,21.719633329926207,5.5440483841043431,-0.64993537558109504,-0.85040634912277668,1,1.8307835762794629,1.7616246212198707,1,1,1
1785140841.0734427,1,1,0.99740799283270143,1.1905831847515751,0.07195342822577401,4,0,1,0,-0.62502075679766567,0.26583099180262404,-1.4340760174696721,0.61195296811175748,-1.6830132864492759,0.16673450396145975,-0.0017805473161364429,0,-0.044157573440183784,0,0,0,0.15929192374175152,-35.601744956281465,21.714502912907186,5.6161513291132845,-0.73971599462912485,-0.87880789105511414,1.6987528663082486e-15,-34.937955927582088,21.676250180956234,5.5431433072547192,-0.6567874615002518,-0.85068749476597338,0.0021366567793654522,-34.937955927582088,21.711576239708382,5.5431433072547192,-0.6567874615002518,-0.85068749476597338,1,1.8307835762794629,1.7616246212198707,1,1,1
1785140841.0934427,1,1,0.99740799283270143,1.1905831847515751,0.07195342822577401,4,0,1,0,-0.62505065803208293,0.26583146642539257,-1.4349948871495442,0.61195534122560002,-1.6830109133354332,0.16673355471592269,-0.0014244378529091543,-0.00035610946322728857,-0.047362558609229381,0.00035610946322728857,0,0,0.31858384748350305,-34.168117642605701,21.349068408615569,5.6161513291132845,-0.73971599462912485,-0.91041968569738441,1.822287802057811e-15,-34.930090848155736,21.668446642204852,5.5424929305578639,-0.6639253460145077,-0.85105342916631965,0.001709325423492817,-34.929663516799863,21.706336689092236,5.542368292245734,-0.66392534601450759,-0.85105342916631965,1,1.8307835762794629,1.7616246212198707,1,1,1
1785140841.1134427,1,1,0.99740799283270143,1.1905831847515751,0.07195342822577401,4,0,1,0,-0.6250805592665003,0.2658319410481611,-1.4360072575148164,0.6119610366988224,-1.6830094894671277,0.16673260547038563,-0.0014244378529091543,0.00035610946322728857,-0.055909185726684303,0.00035610946322728857,0.00035610946322728857,0,0,-34.805285337572705,21.906836862534352,5.4430507744488343,-0.60694645713158968,-0.73971599462912485,2.0463395871509978e-15,-34.921394501810781,21.659820898546965,5.541788297943806,-0.67179684639509363,-0.85145937536195948,0.0017093254234930391,-34.921821833166653,21.704548247128312,5.5416636596316762,-0.67186094609847458,-0.85145937536195948,1,1.8307835762794629,1.7616246212198707,1,1,1
1785140841.1334426,1,1,0.99740799283270143,1.1905831847515751,0.07195342822577401,4,0,1,0,-0.62510761276430649,0.2658319410481611,-1.4373238610747159,0.61196673217204478,-1.6830094894671277,0.16673213084761709,-0.0010683283896818657,0,-0.073358549424821451,0.00035610946322728857,0.00035610946322728857,0.00035610946322728857,-1.5530962564820772,-33.849533795122198,21.906836862534352,5.5199843542997007,-0.53740050891859503,-0.91041968569738441,2.2052834187554477e-15,-34.910012112037421,21.648558460021544,5.5408540133184001,-0.68203912576887582,-0.85198476020659375,0.0012819940676204592,-34.910012112037421,21.7072452995614,5.5407293750062703,-0.68210322547225677,-0.8520488599099747,1,1.8307835762794629,1.7616246212198707,1,1,1
1785140841.1534426,1,1,0.99740799283270143,1.1905831847515751,0.07195342822577401,4,0,1,0,-0.62511615597413994,0.2658319410481611,-1.4388910654563984,0.61197337689080422,-1.6830047432394424,0.16673165622484856,0,0,-0.086178490101003827,0.00035610946322728857,0,0,0,-35.44245303253971,21.637569333056319,5.6161513291132845,-0.70810419998685459,-0.8092619428421195,1.4819519186264796e-15,-34.896451613052363,21.635142090207413,5.5397273639366365,-0.69419899578979094,-0.85260618149513057,1.4988010832439613e-15,-34.896451613052363,21.704084882288218,5.5396027256245066,-0.69419899578979094,-0.85260618149513057,1,1.8307835762794629,1.7616246212198707,1,1,1
1785140841.1734426,1,1,0.99740799283270143,1.1905831847515751,0.07195342822577401,4,0,1,0,-0.62511568135137141,0.2658319410481611,-1.4406932081085031,0.61197432613634128,-1.6830075909760536,0.16673165622484856,0,0,-0.090451803659731295,0.00035610946322728857,0,-0.00035610946322728857,1.1150434661922606,-34.327409566347448,21.906836862534352,5.5199843542997007,-0.87880789105511414,-0.87880789105511414,4.115985057518426e-15,-34.880715755962775,21.619574445609075,5.538379278372247,-0.70823080661387738,-0.8533146617588625,4.1078251911130792e-15,-34.880715755962775,21.691935888536861,5.5382546400601171,-0.70823080661387738,-0.85325056205548155,1,1.8307835762794629,1.7616246212198707,1,1,1
1785140841.1934426,1,1,0.99740799283270143,1.1905831847515751,0.07195342822577401,4,0,1,0,-0.62511663059690847,0.26583289029369817,-1.4425371175642381,0.61197669925018383,-1.6830056924849794,0.16673213084761709,0,0,-0.097930102387504353,0.00035610946322728857,0,0,-0.91592856151507118,-34.645993413830951,21.44523538342915,5.5199843542997007,-0.67649240534458421,-0.8092619428421195,2.8023510531686169e-15,-34.864614088713893,21.603605462995816,5.5369867295857667,-0.72256225240726768,-0.85403656401165851,2.7755575615628914e-15,-34.864614088713893,21.681949544905819,5.5368620912736368,-0.72256225240726768,-0.85403656401165851,1,1.8307835762794629,1.7616246212198707,1,1,1
1785140841.2134426,1,1,0.99740799283270143,1.1905831847515751,0.07195342822577401,4,0,1,0,-0.62511947833351966,0.26583146642539257,-1.44460789670333,0.61198097085510061,-1.6830056924849794,0.16673213084761709,-0.00035610946322728857,-0.00035610946322728857,-0.10042286863009538,0,-0.00035610946322728857,0,-1.0752204852568228,-34.486701490089203,21.541402358242735,5.4430507744488343,-0.67649240534458421,-0.70810419998685459,1.2700284934192966e-15,-34.846336641413252,21.585588734733086,5.535412291513766,-0.73864892812855643,-0.85484534992455663,0.00042733135587402305,-34.84590931005738,21.665927029637164,5.535412291513766,-0.73858482842517548,-0.85484534992455663,1,1.8307835762794629,1.7616246212198707,1,1,1
1785140841.2334425,1,1,0.99740799283270143,1.1905831847515751,0.07195342822577401,4,0,1,0,-0.62512422456120498,0.2658333649164667,-1.44657283496504,0.61198097085510061,-1.683008065598822,0.16673213084761709,-0.00035610946322728857,0.00035610946322728857,-0.099710649703640797,0.00035610946322728857,0,0,-1.0752204852568228,-35.920328803764967,21.810669887720771,5.6161513291132845,-0.67649240534458421,-0.87880789105511414,-1.6069207381483061e-16,-34.828994811289611,21.568355051308966,5.5338719129860596,-0.75394987122001123,-0.85560747858775021,0.00042733135587257976,-34.829422142645484,21.648123571071878,5.5337472746739298,-0.75394987122001123,-0.85560747858775021,1,1.8307835762794629,1.7616246212198707,1,1,1
1785140841.2534425,1,1,0.99740799283270143,1.1905831847515751,0.07195342822577401,4,0,1,0,-0.62512659767504763,0.26584048425799461,-1.4486588020327249,0.61198144547786915,-1.6830033193711367,0.16673213084761709,0,0.00035610946322728857,-0.10540840111527741,0.00035610946322728857,0.00071221892645457715,0,0,-34.486701490089203,21.714502912907186,5.6161513291132845,-0.70810419998685459,-0.94835383926810879,3.7154307891427484e-15,-34.810728438003743,21.549982913344415,5.5322100092984625,-0.77018348479866983,-0.85641247085680805,3.7192471324942744e-15,-34.811155769359615,21.634309634236637,5.5320853709863327,-0.77031168420543172,-0.85641247085680805,1,1.8307835762794629,1.7616246212198707,1,1,1
1785140841.2734425,1,1,0.99740799283270143,1.1905831847515751,0.07195342822577401,4,0,1,0,-0.62512802154335323,0.26583716189861495,-1.450736225890576,0.6119852424600174,-1.6830023701255998,0.16673165622484856,0,-0.00035610946322728857,-0.10861338628432302,0,-0.00035610946322728857,0,0,-34.96457726131446,21.349068408615569,5.4430507744488343,-0.67649240534458421,-0.87880789105511414,3.750161700782486e-15,-34.792048006891079,21.531655482486595,5.5305591201318887,-0.78629147988661419,-0.85721136093509143,3.7747582837255322e-15,-34.791620675535206,21.618546191514053,5.5305591201318887,-0.78622738018323335,-0.85721136093509143,1,1.8307835762794629,1.7616246212198707,1,1,1
1785140841.2934425,1,1,0.99740799283270143,1.1905831847515751,0.07195342822577401,4,0,1,0,-0.62512897078889029,0.26583668727584642,-1.4529128459070499,0.61198761557386006,-1.6830042686166737,0.16673165622484856,-0.00035610946322728857,0.00035610946322728857,-0.10113508755654996,0,0,-0.00035610946322728857,0,-34.486701490089203,20.983633904323948,5.8084852787404522,-0.73971599462912485,-0.91041968569738441,1.2823146060927872e-15,-34.772451700634335,21.512300873649142,5.5287926838229886,-0.80320620603410164,-0.85804509489923109,0.00042733135587402305,-34.772879031990207,21.593208943694382,5.5287926838229886,-0.80320620603410164,-0.85798099519585014,1,1.8307835762794629,1.7616246212198707,1,1,1
1785140841.3134425,1,1,0.99740799283270143,1.1905831847515751,0.07195342822577401,4,0,1,0,-0.62512944541165882,0.26583858576692049,-1.4549342642782148,0.61198761557386006,-1.6830023701255998,0.16673213084761709,0,0,-0.10683283896818657,0,0.00035610946322728857,0,-0.11946894280631364,-34.645993413830951,21.810669887720771,5.4430507744488343,-0.73971599462912485,-0.87880789105511414,4.261796934320403e-16,-34.754267408189108,21.494241537291302,5.5271132001372303,-0.8189055261715773,-0.85881290933732601,4.4408920985006262e-16,-34.754267408189108,21.579707808465852,5.5271132001372303,-0.81896962587495836,-0.85881290933732601,1,1.8307835762794629,1.7616246212198707,1,1,1
1785140841.3334427,1,1,0.99740799283270143,1.1905831847515751,0.07195342822577401,4,0,1,0,-0.6251322931482699,0.26583668727584642,-1.4572171997948393,0.61198856481939712,-1.6829957254068404,0.16673213084761709,-0.00035610946322728857,0,-0.10968171467400488,-0.00035610946322728857,-0.00035610946322728857,0.00035610946322728857,-0.59734471403156819,-33.849533795122198,21.44523538342915,5.6161513291132845,-0.94835383926810879,-0.91041968569738441,3.42426796449548e-16,-34.733517989377049,21.47381312419239,5.5251973691080734,-0.83657225797274604,-0.85967349222970701,0.00042733135587307936,-34.733517989377049,21.561558495931592,5.5253220074202032,-0.8365081582693652,-0.85973759193308796,1,1.8307835762794629,1.7616246212198707,1,1,1
1785140841.3534427,1,1,0.99740799283270143,1.1905831847515751,0.07195342822577401,4,0,1,0,-0.62513941248979787,0.26583621265307789,-1.4592727910053382,0.61198903944216565,-1.68299904776622,0.16673165622484856,-0.00035610946322728857,0,-0.10149119701977724,0.00035610946322728857,-0.00035610946322728857,0,0,-34.645993413830951,21.637569333056319,5.7123183039268683,-0.94835383926810879,-0.73971599462912485,1.4045877750982858e-16,-34.714700836156652,21.45523444520332,5.5234473043239998,-0.85254494725255059,-0.86044834516281976,0.00042733135587291282,-34.714700836156652,21.536427402819143,5.5233226660118699,-0.85248084754916964,-0.86044834516281976,1,1.8307835762794629,1.7616246212198707,1,1,1
1785140841.3734426,1,1,0.99740799283270143,1.1905831847515751,0.07195342822577401,4,0,1,0,-0.625141310980872,0.26583906038968902,-1.4613018033407996,0.61198809019662859,-1.6829962000296088,0.16673213084761709,-0.00035610946322728857,0,-0.10184730648300452,0,0,0.00035610946322728857,0.95575154245050908,-34.805285337572705,21.079800879137533,5.3468837996352505,-0.67649240534458421,-0.91041968569738441,8.1675729904453106e-16,-34.696198816232311,21.436825434283033,5.5216838012947038,-0.86829353391673114,-0.86120694391176733,0.00042733135587357896,-34.696198816232311,21.518303279469436,5.5216838012947038,-0.86829353391673125,-0.86127104361514828,1,1.8307835762794629,1.7616246212198707,1,1,1
1785140841.3934426,1,1,0.99740799283270143,1.1905831847515751,0.07195342822577401,4,0,1,0,-0.62514320947194613,0.26583621265307789,-1.4633037621784548,0.61198998868770271,-1.6829919284246921,0.16673118160208003,-0.00035610946322728857,-0.00035610946322728857,-0.10077897809332266,0,-0.00035610946322728857,-0.00035610946322728857,0,-34.96457726131446,21.349068408615569,5.4430507744488343,-0.94835383926810879,-0.77765014819984923,1.0092079235981777e-15,-34.677671978013201,21.418640327152843,5.519943242529747,-0.88377668409480648,-0.86195219105749576,0.00042733135587374549,-34.677244646657329,21.4992635096275,5.519943242529747,-0.88371258439142553,-0.86188809135411482,1,1.8307835762794629,1.7616246212198707,1,1,1
1785140841.4134426,1,1,0.99740799283270143,1.1905831847515751,0.07195342822577401,4,0,1,0,-0.62516077051438168,0.26583431416200376,-1.4652335783552937,0.61198951406493418,-1.6829980985206829,0.16673165622484856,-0.0010683283896818657,0,-0.087246818490685704,0,0,0,-0.43805279028981664,-34.805285337572705,21.44523538342915,5.4430507744488343,-0.77765014819984923,-0.91041968569738441,1.582297881751321e-15,-34.659670997164412,21.400934775213397,5.5182320926792165,-0.89876954217366012,-0.86266933418434899,0.0012819940676198486,-34.659670997164412,21.470732230005947,5.5182320926792165,-0.89876954217366012,-0.86266933418434899,1,1.8307835762794629,1.7616246212198707,1,1,1
1785140841.4334426,1,1,0.99740799283270143,1.1905831847515751,0.07195342822577401,4,0,1,0,-0.62518165391619696,0.26583763652138348,-1.4669246592795624,0.61198903944216565,-1.6829938269157663,0.16673213084761709,-0.00071221892645457715,0,-0.090095694196504011,0,0.00035610946322728857,0,-0.27876086654806514,-34.168117642605701,21.175967853951118,5.4430507744488343,-0.87880789105511414,-0.70810419998685459,3.0567457913126718e-15,-34.644080594094554,21.385386998638314,5.5167085377126446,-0.91188187287383593,-0.86329305212962648,0.00085466271174854569,-34.644080594094554,21.457463553995517,5.5167085377126446,-0.91194597257721699,-0.86329305212962648,1,1.8307835762794629,1.7616246212198707,1,1,1
1785140841.4534426,1,1,0.99740799283270143,1.1905831847515751,0.07195342822577401,4,0,1,0,-0.62520870741400314,0.26583478878477229,-1.4687377182553429,0.61198951406493418,-1.6829962000296088,0.16673213084761709,-0.0017805473161364429,-0.00035610946322728857,-0.087959037417140271,0,-0.00071221892645457715,0.00035610946322728857,-0.11946894280631364,-34.327409566347448,21.252901433801984,5.3468837996352505,-0.63855825177385994,-0.97996563391037905,1.5917007184295159e-15,-34.62701731923741,21.368652025278038,5.5150709840605847,-0.9259321284682609,-0.8639604337144986,0.0021366567793653412,-34.626589987881538,21.43901925521175,5.5150709840605847,-0.92580392906149911,-0.86402453341787955,1,1.8307835762794629,1.7616246212198707,1,1,1
1785140841.4734426,1,1,0.99740799283270143,1.1905831847515751,0.07195342822577401,4,0,1,0,-0.62525332195424488,0.26583241567092963,-1.4703286537754521,0.61198951406493418,-1.68299904776622,0.16673165622484856,-0.0021366567793637313,0.00035610946322728857,-0.075851315667412461,0,0,0,0.47787577122525454,-36.238912651248469,21.079800879137533,5.4430507744488343,-0.8092619428421195,-0.84087373748438976,1.2337678444467377e-15,-34.611981896086434,21.353901056386793,5.5136174131393245,-0.93826447688193404,-0.8645436659893152,0.0025639881352376988,-34.612409227442306,21.414582108920722,5.5136174131393245,-0.93826447688193415,-0.8645436659893152,1,1.8307835762794629,1.7616246212198707,1,1,1
1785140841.4934425,1,1,0.99740799283270143,1.1905831847515751,0.07195342822577401,4,0,1,0,-0.62528274856589361,0.26583668727584642,-1.4716912957438988,0.61198951406493418,-1.6829966746523775,0.16673213084761709,-0.00035610946322728857,0.00035610946322728857,-0.061250827675093635,0,0.00035610946322728857,0.00035610946322728857,0.79645961870875759,-34.486701490089203,21.252901433801984,5.5199843542997007,-0.94835383926810879,-0.87880789105511414,1.1322814657739903e-15,-34.599316185003765,21.341204612774149,5.5123534509083445,-0.9488431598124708,-0.86504182278391062,0.00042733135587385651,-34.599743516359638,21.390205274914223,5.5123534509083445,-0.94890725951585186,-0.86510592248729157,1,1.8307835762794629,1.7616246212198707,1,1,1
1785140841.5134425,1,1,0.99740799283270143,1.1905831847515751,0.07195342822577401,4,0,1,0,-0.62528369781143067,0.26583668727584642,-1.4728645632277024,0.61198951406493418,-1.6829971492751459,0.16673165622484856,0,0,-0.059470280358957191,0.00035610946322728857,0,0,-0.27876086654806514,-34.486701490089203,21.44523538342915,5.8084852787404522,-0.94835383926810879,-0.67649240534458421,4.96161211969001e-16,-34.588229986500934,21.330253819958017,5.5112618411536438,-0.95793812405458501,-0.86546915426588944,4.9960036108132044e-16,-34.588229986500934,21.377830044245183,5.511137202841514,-0.95793812405458501,-0.86546915426588944,1,1.8307835762794629,1.7616246212198707,1,1,1
1785140841.5334425,1,1,0.99740799283270143,1.1905831847515751,0.07195342822577401,4,0,1,0,-0.62528844403911599,0.26583146642539257,-1.4739405330439577,0.61198903944216565,-1.6829966746523775,0.16673165622484856,-0.00071221892645457715,-0.00035610946322728857,-0.045938120756320228,0,0,0,0.15929192374175152,-34.486701490089203,20.887466929510367,5.3468837996352505,-0.8092619428421195,-0.8092619428421195,1.9455046508827875e-15,-34.57786414490694,21.320241122410106,5.510255710044369,-0.96623116648777629,-0.86585724486307036,0.00085466271174743547,-34.577436813551067,21.356991619015162,5.510255710044369,-0.96623116648777629,-0.86585724486307036,1,1.8307835762794629,1.7616246212198707,1,1,1
1785140841.5534425,1,1,0.99740799283270143,1.1905831847515751,0.07195342822577401,4,0,1,0,-0.62531454829138511,0.2658319410481611,-1.4747326784446324,0.61198714095109152,-1.6829976238979145,0.16673165622484856,-0.0014244378529091543,0,-0.037391493638865299,-0.00035610946322728857,0,0,0.31858384748350305,-34.805285337572705,21.079800879137533,5.2507168248216667,-0.97996563391037905,-0.77765014819984923,1.1300089089115548e-15,-34.570352209462499,21.312801017382093,5.5094986211694579,-0.97237726651400114,-0.86614283303085648,0.0017093254234920954,-34.570352209462499,21.342714212293185,5.5096232594815877,-0.97237726651400114,-0.86614283303085648,1,1.8307835762794629,1.7616246212198707,1,1,1
1785140841.5734427,1,1,0.99740799283270143,1.1905831847515751,0.07195342822577401,4,0,1,0,-0.62536248519100646,0.2658319410481611,-1.4753719953138411,0.61198429321448033,-1.6829985731434516,0.16673213084761709,-0.0021366567793637313,0,-0.025283771889137489,0,-0.00035610946322728857,0.00035610946322728857,-0.11946894280631364,-34.327409566347448,21.175967853951118,5.4430507744488343,-0.94835383926810879,-0.94835383926810879,9.749998820143357e-16,-34.56426345483812,21.306787310494158,5.5088777324433007,-0.97733484556804762,-0.86637150074734326,0.0025639881352374767,-34.56426345483812,21.327014328005468,5.5088777324433007,-0.97727074586466656,-0.86643560045072421,1,1.8307835762794629,1.7616246212198707,1,1,1
1785140841.5934427,1,1,0.99740799283270143,1.1905831847515751,0.07195342822577401,4,0,1,0,-0.62539903114418327,0.26583051717985551,-1.475740777204988,0.61198097085510061,-1.6829995223889886,0.16673213084761709,-0.0021366567793637313,0,-0.0124638312129551,0,0,0.00035610946322728857,-0.75663663777331969,-35.283161108797962,21.079800879137533,5.6161513291132845,-1.0495115821233738,-0.91041968569738441,1.5674369048239967e-15,-34.560693011545133,21.303322549291593,5.5085110063163079,-0.98018560954592027,-0.8665011966439663,0.0025639881352380318,-34.560693011545133,21.313293614261958,5.5085110063163079,-0.98018560954592027,-0.86656529634734725,1,1.8307835762794629,1.7616246212198707,1,1,1
1785140841.6134427,1,1,0.99740799283270143,1.1905831847515751,0.07195342822577401,4,0,1,0,-0.62546215597239763,0.26582814406601285,-1.4758257346805548,0.61197385151357275,-1.6829995223889886,0.16673165622484856,-0.0039172040955001743,0,0.00071221892645457715,0,0,0,-0.11946894280631364,-34.486701490089203,20.887466929510367,5.4430507744488343,-0.8092619428421195,-0.70810419998685459,2.6644417105536889e-15,-34.559794562050328,21.302537906426188,5.508393686352286,-0.98082374594524524,-0.86652380503739834,0.0047006449146028738,-34.559794562050328,21.301968131285026,5.508393686352286,-0.98082374594524513,-0.86652380503739834,1,1.8307835762794629,1.7616246212198707,1,1,1
1785140841.6334426,1,1,0.99740799283270143,1.1905831847515751,0.07195342822577401,4,0,1,0,-0.62556562373593694,0.265821973970022,-1.4758148183568784,0.61197242764526716,-1.6829971492751459,0.16673118160208003,-0.0067660798013184824,-0.00035610946322728857,0.00035610946322728857,0,0,0,0.47787577122525454,-35.761036880023212,21.079800879137533,5.5199843542997007,-1.1127351714079143,-0.87880789105511414,-4.7204960237669376e-16,-34.559704718880539,21.30271635513467,5.5084019644335021,-0.98067614045252571,-0.86651527473542977,0.0081192957615816783,-34.559277387524666,21.302431467564087,5.5084019644335021,-0.98067614045252571,-0.86651527473542977,1,1.8307835762794629,1.7616246212198707,1,1,1
1785140841.6534426,1,1,0.99740799283270143,1.1905831847515751,0.07195342822577401,4,0,1,0,-0.62575499822058001,0.26581532925126261,-1.4758124452430359,0.61196768141758184,-1.6829976238979145,0.1667307069793115,-0.011039393360045946,0.00035610946322728857,0,0,0,-0.00035610946322728857,0.63716769496700609,-33.849533795122198,21.349068408615569,5.1545498500080829,-0.94835383926810879,-0.87880789105511414,1.6461443145946191e-15,-34.559490127594458,21.30279196241187,5.508384908960366,-0.98060834907302175,-0.86650741116628072,0.013247272032056801,-34.559917458950331,21.30279196241187,5.508384908960366,-0.98060834907302175,-0.86644331146289977,1,1.8307835762794629,1.7616246212198707,1,1,1
1785140841.6734426,1,1,0.99740799283270143,1.1905831847515751,0.07195342822577401,4,0,1,0,-0.6259904111137703,0.26581532925126261,-1.4758119706202675,0.61195913820774828,-1.6829962000296088,0.1667307069793115,-0.012819940676182388,0,0,-0.00071221892645457715,0.00035610946322728857,-0.00035610946322728857,0.63716769496700609,-34.486701490089203,21.44523538342915,5.4430507744488343,-1.0115774285526493,-0.84087373748438976,1.3337148674748709e-15,-34.559496996065377,21.302798821485261,5.5083378154353131,-0.98059354020483536,-0.86649799998778487,0.015383928811420196,-34.559496996065377,21.302798821485261,5.5085870920595719,-0.98065763990821631,-0.86643390028440392,1,1.8307835762794629,1.7616246212198707,1,1,1
1785140841.6934426,1,1,0.99740799283270143,1.1905831847515751,0.07195342822577401,4,0,1,0,-0.62626521769674859,0.26581532925126261,-1.4758086482608876,0.61194110254254419,-1.6829957254068404,0.16673118160208003,-0.014600487992318832,0,0,-0.0010683283896818657,0,0,-0.43805279028981664,-33.849533795122198,21.349068408615569,5.5199843542997007,-0.97996563391037905,-0.91041968569738441,1.3053896816284134e-15,-34.559512918778644,21.302814554370684,5.5082407309083479,-0.98056022550041422,-0.86647827301634961,0.01752058559078393,-34.559512918778644,21.302814554370684,5.5086146458447365,-0.98056022550041422,-0.86647827301634961,1,1.8307835762794629,1.7616246212198707,1,1,1
1785140841.7134426,1,1,0.99740799283270143,1.1905831847515751,0.07195342822577401,4,0,1,0,-0.62657894334674624,0.26580441292758644,-1.4758029527876653,0.6119168967813492,-1.68299904776622,0.16673118160208003,-0.017805473161364428,-0.00071221892645457715,0.00071221892645457715,-0.0021366567793637313,0,0.00035610946322728857,0,-35.123869185056208,21.349068408615569,5.6161513291132845,-0.87880789105511414,-0.84087373748438976,6.436655067981108e-16,-34.559138815667417,21.302917300371952,5.5081235830350224,-0.98044683199651828,-0.86644900971024996,0.021366567793637978,-34.558284152955672,21.30234752523079,5.5088714129077996,-0.98044683199651828,-0.86651310941363091,1,1.8307835762794629,1.7616246212198707,1,1,1
1785140841.7334425,1,1,0.99740799283270143,1.1905831847515751,0.07195342822577401,4,0,1,0,-0.62697667722677353,0.26579586971775293,-1.4757830186313872,0.61188177469647809,-1.68299904776622,0.16673118160208003,-0.019942129940728158,-0.00035610946322728857,0.00071221892645457715,-0.0017805473161364429,0,0,-0.43805279028981664,-34.008825718863946,21.079800879137533,5.6161513291132845,-1.0115774285526493,-1.0115774285526493,-1.2896435671396572e-15,-34.558997086294568,21.303147027803206,5.5079565805629525,-0.98021774089059877,-0.86640305883430691,0.023930555928872513,-34.558569754938695,21.302577252662044,5.5085797721235998,-0.98021774089059877,-0.86640305883430691,1,1.8307835762794629,1.7616246212198707,1,1,1
1785140841.7534425,1,1,0.99740799283270143,1.1905831847515751,0.07195342822577401,4,0,1,0,-0.62738058120279172,0.26579634434052141,-1.4757820693858501,0.61182244685041198,-1.68299904776622,0.16673118160208003,-0.022078786720091892,0.00035610946322728857,-0.00035610946322728857,-0.0049855324851820395,0,-0.00035610946322728857,-0.11946894280631364,-33.849533795122198,21.175967853951118,5.7123183039268683,-0.87880789105511414,-0.8092619428421195,6.6817687221072758e-16,-34.558957299752741,21.303087112833826,5.5076292188629896,-0.98019968521480594,-0.86634263328978145,0.026494544064110937,-34.559384631108614,21.303372000404408,5.5093741552328037,-0.98019968521480605,-0.8662785335864005,1,1.8307835762794629,1.7616246212198707,1,1,1
1785140841.7734425,1,1,0.99740799283270143,1.1905831847515751,0.07195342822577401,4,0,1,0,-0.62786089944454304,0.26579586971775293,-1.4757815947630815,0.61165727812696391,-1.6830009462572941,0.16673165622484856,-0.024215443499455622,0,0,-0.010683283896818658,0,-0.00035610946322728857,0.63716769496700609,-34.168117642605701,21.079800879137533,5.5199843542997007,-1.1127351714079143,-0.91041968569738441,1.5909129792692855e-15,-34.55874884187056,21.302901441807236,5.5067173659432553,-0.98016420348008315,-0.86617525681135377,0.029058532199348355,-34.55874884187056,21.302901441807236,5.5104565153071423,-0.98016420348008326,-0.86611115710797282,1,1.8307835762794629,1.7616246212198707,1,1,1
1785140841.7934425,1,1,0.99740799283270143,1.1905831847515751,0.07195342822577401,4,0,1,0,-0.62832982673984961,0.26578875037622496,-1.4757578636246551,0.61140762655071768,-1.6830018955028312,0.16673165622484856,-0.024215443499455622,-0.00071221892645457715,0.0021366567793637313,-0.014600487992318832,0,0,0,-34.96457726131446,21.252901433801984,5.5199843542997007,-0.84087373748438976,-0.91041968569738441,4.5088434324957487e-15,-34.558449027094419,21.302913073198294,5.5053670083464263,-0.97987080712391139,-0.86591087910020259,0.029058532199351242,-34.557594364382673,21.301203747774803,5.5104771791437379,-0.97987080712391128,-0.86591087910020259,1,1.8307835762794629,1.7616246212198707,1,1,1
1785140841.8134425,1,1,0.99740799283270143,1.1905831847515751,0.07195342822577401,4,0,1,0,-0.62883482536556445,0.2657840041485397,-1.4757440995643678,0.61106542353460824,-1.6830004716345257,0.16673118160208003,-0.025639881352364776,0,0,-0.018517692087819004,0,0,0.15929192374175152,-34.486701490089203,21.252901433801984,5.5199843542997007,-0.97996563391037905,-0.97996563391037905,2.4949229260773459e-15,-34.558053689544629,21.302727676159655,5.5034927164420324,-0.97963568702929105,-0.86555593963245836,0.030767857622840226,-34.558053689544629,21.302727676159655,5.5099739086727695,-0.97963568702929105,-0.86555593963245836,1,1.8307835762794629,1.7616246212198707,1,1,1
1785140841.8334427,1,1,0.99740799283270143,1.1905831847515751,0.07195342822577401,4,0,1,0,-0.62933887474574224,0.26578447877130823,-1.4757445741871362,0.61063494068355251,-1.6830004716345257,0.16673118160208003,-0.026352100278819353,0,0,-0.025283771889137489,0,0,-0.11946894280631364,-34.486701490089203,21.349068408615569,5.5199843542997007,-1.0811233767656441,-0.8092619428421195,3.0943326523979347e-15,-34.557593587627601,21.302252156101744,5.5011108129849804,-0.97953885383992378,-0.86511873810303963,0.031622520334586332,-34.557593587627601,21.302252156101744,5.5099601331461789,-0.9795388538399239,-0.86511873810303963,1,1.8307835762794629,1.7616246212198707,1,1,1
1785140841.8534427,1,1,0.99740799283270143,1.1905831847515751,0.07195342822577401,4,0,1,0,-0.62987329998310582,0.2657840041485397,-1.4757289116357748,0.6099998954192607,-1.6829980985206829,0.16673118160208003,-0.025639881352364776,0,0.0021366567793637313,-0.036679274712410725,0.00035610946322728857,-0.00035610946322728857,-0.27876086654806514,-34.96457726131446,21.349068408615569,5.9815858334049024,-0.94835383926810879,-0.91041968569738441,2.9508163446824965e-15,-34.557050424977042,21.301735566670835,5.4976112342814041,-0.97924515660501221,-0.86446623773934472,0.030767857622840671,-34.557050424977042,21.300026241247345,5.5104489804307475,-0.97930925630839316,-0.86440213803596377,1,1.8307835762794629,1.7616246212198707,1,1,1
1785140841.8734426,1,1,0.99740799283270143,1.1905831847515751,0.07195342822577401,4,0,1,0,-0.63040440286108979,0.26577546093870613,-1.4756534466155786,0.60920442765920613,-1.6829962000296088,0.16673118160208003,-0.028844866521410373,-0.00071221892645457715,0.0028488757058183086,-0.043445354513729204,0.00035610946322728857,0,-0.11946894280631364,-34.486701490089203,21.349068408615569,5.5199843542997007,-0.97996563391037905,-0.91041968569738441,2.7420262274388467e-15,-34.556622034349914,21.301681314231217,5.4932851035323935,-0.9783901411847391,-0.8636258115178973,0.034613839825695165,-34.555767371638169,21.299402213666564,5.5084909776121984,-0.97845424088812005,-0.8636258115178973,1,1.8307835762794629,1.7616246212198707,1,1,1
1785140841.8934426,1,1,0.99740799283270143,1.1905831847515751,0.07195342822577401,4,0,1,0,-0.63097110244671339,0.26577451169316912,-1.4756112051891797,0.60826135221813904,-1.6829938269157663,0.166730232356543,-0.02706431920527393,0,0.0035610946322728858,-0.047362558609229381,0.00035610946322728857,0.00035610946322728857,-0.27876086654806514,-34.168117642605701,21.252901433801984,5.5199843542997007,-1.1127351714079143,-0.87880789105511414,4.0537364047428241e-16,-34.55598056915202,21.301087794442491,5.4880991159531156,-0.97781324377371881,-0.86264917110397954,0.0324771830463291,-34.55598056915202,21.298238918736672,5.504676011466346,-0.97787734347709976,-0.86271327080736049,1,1.8307835762794629,1.7616246212198707,1,1,1
1785140841.9134426,1,1,0.99740799283270143,1.1905831847515751,0.07195342822577401,4,0,1,0,-0.63149461136040086,0.26577593556147466,-1.4756083574525685,0.60729691875248826,-1.6829829105920899,0.16672975773377446,-0.02706431920527393,0,0.00071221892645457715,-0.053416419484093286,0.00035610946322728857,0,-0.27876086654806514,-34.805285337572705,21.44523538342915,5.5199843542997007,-1.0115774285526493,-0.91041968569738441,5.6026207609488281e-16,-34.555092885910568,21.300148894612974,5.4827476283009293,-0.9775002829090782,-0.86166175642779985,0.032477183046329267,-34.555092885910568,21.299579119471812,5.5014433751203624,-0.97756438261245915,-0.86166175642779985,1,1.8307835762794629,1.7616246212198707,1,1,1
1785140841.9334426,1,1,0.99740799283270143,1.1905831847515751,0.07195342822577401,4,0,1,0,-0.63203235895714416,0.26577641018424319,-1.4756097813208739,0.60611415881331399,-1.6829843344603956,0.166730232356543,-0.024927662425910199,0,0.00035610946322728857,-0.061963046601548208,0.00035610946322728857,0,-0.75663663777331969,-33.849533795122198,21.079800879137533,5.5199843542997007,-0.84087373748438976,-0.87880789105511414,1.3670139538887206e-15,-34.553793331075084,21.298843286522011,5.4761767728242781,-0.97723924488077529,-0.86045697607538985,0.029913194911093625,-34.553793331075084,21.298558398951428,5.49786383913482,-0.97730334458415613,-0.86045697607538985,1,1.8307835762794629,1.7616246212198707,1,1,1
1785140841.9534426,1,1,0.99740799283270143,1.1905831847515751,0.07195342822577401,4,0,1,0,-0.63249986238414524,0.26577593556147466,-1.4756078828297998,0.60488773357943515,-1.682983859837627,0.16672928311100593,-0.023503224573001046,0.00035610946322728857,-0.00035610946322728857,-0.064099703380911949,0,0,0.15929192374175152,-35.123869185056208,21.252901433801984,5.4430507744488343,-0.77765014819984923,-0.8092619428421195,2.2021513449376471e-15,-34.552461888000934,21.29754734025186,5.4693603398309785,-0.97692356221931886,-0.85920429992408498,0.028203869487603474,-34.552889219356807,21.297832227822443,5.4917952360142976,-0.97692356221931886,-0.85920429992408498,1,1.8307835762794629,1.7616246212198707,1,1,1
1785140841.9734426,1,1,0.99740799283270143,1.1905831847515751,0.07195342822577401,4,0,1,0,-0.63296831505668327,0.26577593556147466,-1.4756088320753369,0.60347050999260765,-1.6829833852148586,0.1667288084882374,-0.022791005646546469,0,0,-0.075139096740957881,0,0,-0.27876086654806514,-34.327409566347448,21.175967853951118,5.4430507744488343,-0.91041968569738441,-0.97996563391037905,9.5235195743305453e-16,-34.550913471365327,21.296016346335854,5.4614691148219361,-0.97658823295710329,-0.85775662660247087,0.027349206775856706,-34.550913471365327,21.296016346335854,5.4877677986812712,-0.9765882329571034,-0.85775662660247087,1,1.8307835762794629,1.7616246212198707,1,1,1
1785140841.9934425,1,1,0.99740799283270143,1.1905831847515751,0.07195342822577401,4,0,1,0,-0.63341446045910055,0.26577735942978026,-1.4756083574525685,0.60190710259307323,-1.6829710450228768,0.16672833386546887,-0.022791005646546469,0,0.00035610946322728857,-0.083685723858412817,0.0010683283896818657,0,0.79645961870875759,-34.327409566347448,21.44523538342915,5.6161513291132845,-0.94835383926810879,-0.87880789105511414,7.0189035499183123e-16,-34.549368244818403,21.294427448145804,5.4527484232799299,-0.97614261602870811,-0.85615307684202058,0.027349206775856484,-34.549368244818403,21.294142560575221,5.4820384266303748,-0.97633491513885085,-0.85615307684202058,1,1.8307835762794629,1.7616246212198707,1,1,1
1785140842.0134425,1,1,0.99740799283270143,1.1905831847515751,0.07195342822577401,4,0,1,0,-0.63387057293965687,0.26577688480701173,-1.4756074082070314,0.60010258682712603,-1.6829639256813489,0.16672833386546887,-0.021366567793637315,0,0.00035610946322728857,-0.091876241512640455,0,-0.00035610946322728857,-0.11946894280631364,-34.645993413830951,21.175967853951118,5.3468837996352505,-0.91041968569738441,-0.94835383926810879,-5.822509615452071e-16,-34.547460495060392,21.292562102410187,5.4426697807982238,-0.97565509772122583,-0.85430177452648215,0.025639881352364221,-34.547460495060392,21.292277214839604,5.4748264653276477,-0.97565509772122594,-0.8542376748231012,1,1.8307835762794629,1.7616246212198707,1,1,1
1785140842.0334425,1,1,0.99740799283270143,1.1905831847515751,0.07195342822577401,4,0,1,0,-0.6343024796590182,0.26577688480701173,-1.4756036112248831,0.59830613964824386,-1.6829615525675061,0.16672785924270034,-0.022434896183319179,0.00035610946322728857,0.00035610946322728857,-0.094369007755231465,0.00035610946322728857,0,0.15929192374175152,-33.570772928574129,21.175967853951118,5.4430507744488343,-0.8092619428421195,-0.91041968569738441,1.9664953701884486e-15,-34.545568989169695,21.290692013835972,5.4326224379049108,-0.97518281744332835,-0.85245730237838513,0.026921875419984958,-34.545996320525568,21.290407126265389,5.4656515906192418,-0.9752469171467093,-0.85245730237838513,1,1.8307835762794629,1.7616246212198707,1,1,1
1785140842.0534425,1,1,0.99740799283270143,1.1905831847515751,0.07195342822577401,4,0,1,0,-0.63474245496544457,0.26577878329808585,-1.4756055097159573,0.59636825488434009,-1.6829321259558574,0.16672785924270034,-0.019586020477500871,0.00035610946322728857,-0.00035610946322728857,-0.093656788828776899,0.0017805473161364429,0,0,-35.44245303253971,21.44523538342915,5.1545498500080829,-1.1127351714079143,-0.87880789105511414,9.9322705309933008e-16,-34.543760938398847,21.288823708545028,5.4217501119293487,-0.97456269683134189,-0.85045691327837114,0.023503224573002045,-34.54418826975472,21.289108596115611,5.4545299880194209,-0.97488319534824641,-0.85045691327837114,1,1.8307835762794629,1.7616246212198707,1,1,1
1785140842.0734427,1,1,0.99740799283270143,1.1905831847515751,0.07195342822577401,4,0,1,0,-0.63511788157535098,0.26578210565746557,-1.4756126290574851,0.59462069385061633,-1.6829102933085052,0.16672833386546887,-0.018873801551046294,0.00035610946322728857,0,-0.086534599564231124,0,0,0,-34.486701490089203,21.541402358242735,5.3468837996352505,-1.0495115821233738,-0.91041968569738441,2.3519295032617048e-15,-34.542097937736926,21.287036829070811,5.4119222454147025,-0.97408864865369604,-0.84865491292275119,0.022648561861257886,-34.542525269092799,21.287036829070811,5.4422093552621833,-0.97408864865369615,-0.84865491292275119,1,1.8307835762794629,1.7616246212198707,1,1,1
1785140842.0934427,1,1,0.99740799283270143,1.1905831847515751,0.07195342822577401,4,0,1,0,-0.63550612300000775,0.26578163103469704,-1.4756112051891797,0.59281950044404896,-1.6829055470808199,0.1667288084882374,-0.018873801551046294,0,0.00035610946322728857,-0.087959037417140271,0.00035610946322728857,0.00035610946322728857,0,-34.645993413830951,21.349068408615569,5.1545498500080829,-0.87880789105511414,-0.91041968569738441,2.1891208570560206e-15,-34.540191683460549,21.285172974410948,5.4017915186866166,-0.97361724230744262,-0.84679766888908081,0.022648561861257719,-34.540191683460549,21.284888086840365,5.4325771817826158,-0.97368134201082346,-0.84686176859246176,1,1.8307835762794629,1.7616246212198707,1,1,1
1785140842.1134427,1,1,0.99740799283270143,1.1905831847515751,0.07195342822577401,4,0,1,0,-0.63584310516566334,0.26577973254362292,-1.4756064589614943,0.59104915751743592,-1.6829036485897457,0.16672833386546887,-0.016381035308455274,0,0,-0.092588460439095022,0.00035610946322728857,0,0,-34.486701490089203,20.983633904323948,5.6161513291132845,-0.94835383926810879,-0.91041968569738441,4.9252408265606566e-15,-34.538281432822806,21.283366692517209,5.3918232905805619,-0.97313616221825017,-0.84496924647131788,0.019657242370151269,-34.538281432822806,21.283366692517209,5.4242292517342454,-0.97320026192163112,-0.84496924647131788,1,1.8307835762794629,1.7616246212198707,1,1,1
1785140842.1334426,1,1,0.99740799283270143,1.1905831847515751,0.07195342822577401,4,0,1,0,-0.63617961270855039,0.26578068178915998,-1.4756078828297998,0.58908564312403155,-1.6828955800026808,0.16672833386546887,-0.016381035308455274,0,0,-0.095437336144913329,0.00035610946322728857,0,-0.43805279028981664,-34.486701490089203,21.252901433801984,5.4430507744488343,-0.91041968569738441,-0.73971599462912485,2.8840319544495937e-15,-34.536255536104747,21.28132315194506,5.3807366152112621,-0.97264056421399225,-0.84293965105460111,0.019657242370149215,-34.536255536104747,21.28132315194506,5.4141396828619817,-0.97270466391737309,-0.84293965105460111,1,1.8307835762794629,1.7616246212198707,1,1,1
1785140842.1534426,1,1,0.99740799283270143,1.1905831847515751,0.07195342822577401,4,0,1,0,-0.63649713534069619,0.26578163103469704,-1.4756083574525685,0.58719284752313794,-1.682883239810699,0.16672785924270034,-0.015668816382000697,-0.00035610946322728857,0,-0.09757399292427707,0.0014244378529091543,-0.00035610946322728857,-0.43805279028981664,-34.645993413830951,21.175967853951118,5.3468837996352505,-1.1127351714079143,-0.87880789105511414,1.3235971803305932e-16,-34.5343533818818,21.279402200838256,5.3700298444981005,-0.97212794498712318,-0.84097825742552457,0.018802579658400948,-34.533926050525928,21.279402200838256,5.4041807420215973,-0.97238434380064687,-0.84091415772214362,1,1.8307835762794629,1.7616246212198707,1,1,1
1785140842.1734426,1,1,0.99740799283270143,1.1905831847515751,0.07195342822577401,4,0,1,0,-0.63680991174515678,0.26578115641192851,-1.4756031366021147,0.58515766509168576,-1.6828400491387627,0.16672785924270034,-0.015668816382000697,0,0.00071221892645457715,-0.09828621185073165,0.0028488757058183086,0,-0.11946894280631364,-35.283161108797962,21.175967853951118,5.3468837996352505,-0.94835383926810879,-0.87880789105511414,1.9726575414408608e-15,-34.532563164203395,21.277655212026637,5.3584953606569634,-0.9713278503739573,-0.83885152878167579,0.018802579658402836,-34.532563164203395,21.277085436885475,5.3928955348047198,-0.97184064800100456,-0.83885152878167579,1,1.8307835762794629,1.7616246212198707,1,1,1
1785140842.1934426,1,1,0.99740799283270143,1.1905831847515751,0.07195342822577401,4,0,1,0,-0.63713265522775653,0.26578115641192851,-1.4755988649971978,0.58326581873632921,-1.6827788228016225,0.16672785924270034,-0.017449363698137141,0,-0.00035610946322728857,-0.094725117218458763,0.003204985169045597,0,0,-34.805285337572705,21.349068408615569,5.5199843542997007,-0.94835383926810879,-0.84087373748438976,8.9841917215983752e-16,-34.531085856629304,21.276198013429987,5.3477475027826751,-0.97045590503611923,-0.83686359259433107,0.020939236437765456,-34.531085856629304,21.27648290100057,5.3809012938091358,-0.97103280236654743,-0.83686359259433107,1,1.8307835762794629,1.7616246212198707,1,1,1
1785140842.2134426,1,1,0.99740799283270143,1.1905831847515751,0.07195342822577401,4,0,1,0,-0.63751520117919092,0.26578210565746557,-1.4756002888655035,0.58133315482287928,-1.6827043070269636,0.16672833386546887,-0.018873801551046294,0.00035610946322728857,0,-0.092588460439095022,0.0042733135587274627,0,0.31858384748350305,-35.123869185056208,21.44523538342915,5.7123183039268683,-0.8092619428421195,-0.67649240534458421,1.2344917995075519e-15,-34.529655372771053,21.274746789863599,5.3367385683148161,-0.96953968117791989,-0.83482751514930564,0.022648561861256775,-34.530082704126926,21.274746789863599,5.3691445294684996,-0.97030887761849094,-0.83482751514930564,1,1.8307835762794629,1.7616246212198707,1,1,1
1785140842.2334425,1,1,0.99740799283270143,1.1905831847515751,0.07195342822577401,4,0,1,0,-0.63786499815959674,0.26578115641192851,-1.475600763488272,0.57950728103234828,-1.6826212480424709,0.1667288084882374,-0.018161582624591718,-0.00035610946322728857,0.00035610946322728857,-0.094369007755231465,0.0046294230219547511,0,-0.43805279028981664,-34.327409566347448,21.079800879137533,5.1545498500080829,-1.1506693249786386,-0.91041968569738441,1.8952632949487985e-16,-34.528357095572041,21.273508972704263,5.3263192231788521,-0.9685707691900467,-0.83289516896710303,0.021793899149510226,-34.527929764216168,21.27322408513368,5.359348375893183,-0.96940406533399859,-0.83289516896710303,1,1.8307835762794629,1.7616246212198707,1,1,1
1785140842.2534425,1,1,0.99740799283270143,1.1905831847515751,0.07195342822577401,4,0,1,0,-0.63824184863780875,0.26578115641192851,-1.4755964918833553,0.57747921794242396,-1.6824864551762087,0.1667288084882374,-0.018161582624591718,0,0,-0.10113508755654996,0.0085466271174549253,0,-0.59734471403156819,-33.849533795122198,20.887466929510367,5.5199843542997007,-0.97996563391037905,-0.87880789105511414,2.2387665361491729e-15,-34.527351821517811,21.272522461382074,5.3147194508974964,-0.96718860505287996,-0.83072722089956552,0.02179389914951228,-34.527351821517811,21.272522461382074,5.3501167315422888,-0.96872699793402184,-0.83072722089956552,1,1.8307835762794629,1.7616246212198707,1,1,1
1785140842.2734425,1,1,0.99740799283270143,1.1905831847515751,0.07195342822577401,4,0,1,0,-0.63859591722313136,0.26578115641192851,-1.4755955426378182,0.57542932220514731,-1.6822904359728064,0.1667288084882374,-0.017449363698137141,0,0,-0.10790116735786844,0.011039393360045946,0,0.31858384748350305,-34.645993413830951,20.887466929510367,4.8852823205300488,-1.1127351714079143,-0.87880789105511414,2.4392185012936543e-15,-34.526799616002592,21.271987182007805,5.3029557201802833,-0.96542694811578966,-0.82850960963628817,0.02093923643776701,-34.526799616002592,21.271987182007805,5.3407211287555372,-0.96741403892059807,-0.82850960963628817,1,1.8307835762794629,1.7616246212198707,1,1,1
1785140842.2934425,1,1,0.99740799283270143,1.1905831847515751,0.07195342822577401,4,0,1,0,-0.63893242476601841,0.26578163103469704,-1.4755960172605866,0.57319242509707036,-1.6819990175929296,0.16672928311100593,-0.016024925845227987,0,0,-0.10861338628432302,0.017093254234909851,0.00035610946322728857,-0.11946894280631364,-35.601744956281465,21.349068408615569,5.3468837996352505,-1.0811233767656441,-0.8092619428421195,-1.4668673906034147e-16,-34.526842113379132,21.272024422029553,5.2900732073424237,-0.96301130343494634,-0.82605502737708347,0.019229911014273418,-34.526842113379132,21.272024422029553,5.3280878925419364,-0.9660880891972301,-0.82611912708046442,1,1.8307835762794629,1.7616246212198707,1,1,1
1785140842.3134425,1,1,0.99740799283270143,1.1905831847515751,0.07195342822577401,4,0,1,0,-0.63923286097849719,0.26578210565746557,-1.4755960172605866,0.57110835652045955,-1.6816098269227358,0.1667288084882374,-0.015668816382000697,0,0,-0.10576451057850471,0.022078786720091892,-0.00035610946322728857,0.47787577122525454,-34.645993413830951,21.175967853951118,4.9814492953436327,-0.97996563391037905,-0.91041968569738441,2.251932141066216e-15,-34.52786092429961,21.27303205752478,5.2780209733773056,-0.95998484547847762,-0.82371642552615176,0.018802579658403113,-34.52786092429961,21.27303205752478,5.3150385520797823,-0.96395902708809411,-0.82365232582277081,1,1.8307835762794629,1.7616246212198707,1,1,1
1785140842.3334427,1,1,0.99740799283270143,1.1905831847515751,0.07195342822577401,4,0,1,0,-0.63955038361064309,0.2657825802802341,-1.4755955426378182,0.56897967340360711,-1.6810659092300015,0.1667288084882374,-0.016737144771682564,0.00035610946322728857,0,-0.1029156348726864,0.030625413837546817,-0.00035610946322728857,0,-35.123869185056208,20.983633904323948,5.0776162701572165,-0.84087373748438976,-0.8092619428421195,1.7240311216547901e-15,-34.530116873971373,21.275270998659366,5.2656525506746865,-0.95592528921367959,-0.82126399883006396,0.020084573726020797,-34.530544205327246,21.275270998659366,5.3016730228801263,-0.96143786370443807,-0.82119989912668301,1,1.8307835762794629,1.7616246212198707,1,1,1
1785140842.3534427,1,1,0.99740799283270143,1.1905831847515751,0.07195342822577401,4,0,1,0,-0.63987787332092805,0.2657825802802341,-1.4755955426378182,0.56706077355044449,-1.680396216503607,0.16672928311100593,-0.016024925845227987,0.00035610946322728857,0,-0.098998430777186217,0.037391493638865299,0,-0.59734471403156819,-34.168117642605701,21.541402358242735,5.2507168248216667,-0.94835383926810879,-0.84087373748438976,-3.168266635549444e-16,-34.533614152444635,21.278764364998207,5.2544392549035503,-0.95108212626120658,-0.81897646240384026,0.019229911014273252,-34.534041483800507,21.278764364998207,5.2890887056755655,-0.95781259511620231,-0.81897646240384026,1,1.8307835762794629,1.7616246212198707,1,1,1
1785140842.3734426,1,1,0.99740799283270143,1.1905831847515751,0.07195342822577401,4,0,1,0,-0.64018637812047197,0.26578210565746557,-1.4755898471645958,0.56500470771717703,-1.6795907816654134,0.16672928311100593,-0.016024925845227987,0.00035610946322728857,0.00071221892645457715,-0.1025595254094591,0.04202091666082005,0,-0.43805279028981664,-33.849533795122198,21.175967853951118,5.2507168248216667,-1.1127351714079143,-0.91041968569738441,2.484452839566163e-15,-34.538129707696697,21.283292185257057,5.2423869882298586,-0.94525731178487793,-0.81648335235281366,0.019229911014276083,-34.53855703905257,21.282722410115895,5.2782828221231695,-0.95282107678382555,-0.81648335235281366,1,1.8307835762794629,1.7616246212198707,1,1,1
1785140842.3934426,1,1,0.99740799283270143,1.1905831847515751,0.07195342822577401,4,0,1,0,-0.64051434245352545,0.2657825802802341,-1.4755832024458364,0.56305733049790263,-1.6787146280347089,0.16672928311100593,-0.016024925845227987,0,0,-0.10113508755654996,0.048430886998911245,0.00035610946322728857,-0.75663663777331969,-33.570772928574129,21.44523538342915,5.2507168248216667,-0.97996563391037905,-0.94835383926810879,2.4391320355549251e-16,-34.543388642118074,21.28851756055878,5.2309228771000313,-0.93898111621043379,-0.81407169830371207,0.019229911014273807,-34.543388642118074,21.28851756055878,5.2663201577448238,-0.94769867587023782,-0.81413579800709301,1,1.8307835762794629,1.7616246212198707,1,1,1
1785140842.4134426,1,1,0.99740799283270143,1.1905831847515751,0.07195342822577401,4,0,1,0,-0.64081288017493021,0.2657825802802341,-1.4755746592360028,0.56107625506206271,-1.677591195941601,0.16672833386546887,-0.015312706918773409,0,0.00071221892645457715,-0.092944569902322319,0.061963046601548208,0,0.47787577122525454,-34.805285337572705,21.541402358242735,5.2507168248216667,-0.97996563391037905,-0.70810419998685459,1.7483895309050227e-15,-34.550657397871888,21.295763564685487,5.2191840192554286,-0.93103686803755314,-0.8115183050734226,0.018375248302529811,-34.550657397871888,21.295193789544324,5.2517146187212411,-0.94219021642583178,-0.8115183050734226,1,1.8307835762794629,1.7616246212198707,1,1,1
1785140842.4334426,1,1,0.99740799283270143,1.1905831847515751,0.07195342822577401,4,0,1,0,-0.64112945356153894,0.2657825802802341,-1.4755580474391043,0.5593339148787928,-1.6761858379239867,0.16672833386546887,-0.01495659745554612,0,0.0010683283896818657,-0.086178490101003827,0.083329614395185519,0,-0.43805279028981664,-33.849533795122198,21.175967853951118,4.9814492953436327,-1.0495115821233738,-0.91041968569738441,2.0809348329487037e-15,-34.560584646390289,21.305652627992394,5.2087426043562912,-0.9212125826204014,-0.80909400145607058,0.017947916946657396,-34.560584646390289,21.304797965280649,5.2389050758916422,-0.93621191321153474,-0.80909400145607058,1,1.8307835762794629,1.7616246212198707,1,1,1
1785140842.4534426,1,1,0.99740799283270143,1.1905831847515751,0.07195342822577401,4,0,1,0,-0.64143036439678636,0.26578305490300264,-1.4755485549837337,0.55776718511987866,-1.6741321452045617,0.1667288084882374,-0.016381035308455274,0,0,-0.069085235866093983,0.1121744809165959,0,0.31858384748350305,-34.96457726131446,21.252901433801984,5.3468837996352505,-1.0115774285526493,-0.8092619428421195,2.7707813158640648e-15,-34.575991744608643,21.320972984409376,5.199125356455224,-0.90719103046156702,-0.80658743748847139,0.019657242370149104,-34.575991744608643,21.320972984409376,5.2233051890083573,-0.92738243702655443,-0.80658743748847139,1,1.8307835762794629,1.7616246212198707,1,1,1
1785140842.4734426,1,1,0.99740799283270143,1.1905831847515751,0.07195342822577401,4,0,1,0,-0.64176260033475663,0.26578305490300264,-1.4755423848877429,0.55654930309583328,-1.6718743646946694,0.1667288084882374,-0.016381035308455274,0,0.0010683283896818657,-0.058045842506048037,0.11716001340177794,0,-0.43805279028981664,-34.486701490089203,21.252901433801984,5.1545498500080829,-0.97996563391037905,-0.8092619428421195,1.4685100203677055e-15,-34.593402085393024,21.338305075832722,5.191453869966006,-0.89190706753470139,-0.80436357958276761,0.019657242370147772,-34.593402085393024,21.337450413120976,5.2117699148431225,-0.91299586994702142,-0.80436357958276761,1,1.8307835762794629,1.7616246212198707,1,1,1
1785140842.4934425,1,1,0.99740799283270143,1.1905831847515751,0.07195342822577401,4,0,1,0,-0.64208297070351372,0.2657825802802341,-1.4754811585506027,0.55541685317012324,-1.6693261150504373,0.1667288084882374,-0.016737144771682564,-0.00035610946322728857,0.0049855324851820395,-0.054484747873775149,0.13069217300441491,0,0,-34.96457726131446,21.252901433801984,5.2507168248216667,-1.0495115821233738,-0.8092619428421195,8.3664356074720084e-16,-34.613830829013963,21.358656621547016,5.1842227818781463,-0.87426793892414667,-0.80208645562139946,0.020084573726019909,-34.613403497658091,21.354668195558872,5.203292443633968,-0.8977925300649412,-0.80208645562139946,1,1.8307835762794629,1.7616246212198707,1,1,1
1785140842.5134425,1,1,0.99740799283270143,1.1905831847515751,0.07195342822577401,4,0,1,0,-0.64242232598301197,0.26578305490300264,-1.4753781654098319,0.55438407402580414,-1.6667109435958427,0.16672785924270034,-0.016381035308455274,0.00035610946322728857,0.0035610946322728858,-0.053416419484093286,0.13460937709991508,-0.00035610946322728857,-0.11946894280631364,-33.570772928574129,21.349068408615569,5.1545498500080829,-0.87880789105511414,-0.94835383926810879,7.830203157124543e-16,-34.635367305808423,21.380065299847409,5.1775600051599078,-0.85586930057912358,-0.79986906933146651,0.019657242370147106,-34.635794637164295,21.37721642414159,5.1962557519793409,-0.88009898845710832,-0.79980496962808556,1,1.8307835762794629,1.7616246212198707,1,1,1
1785140842.5334425,1,1,0.99740799283270143,1.1905831847515751,0.07195342822577401,4,0,1,0,-0.64273178002809284,0.26578305490300264,-1.4752362532020418,0.55336173658239274,-1.6639073469021421,0.16672785924270034,-0.016381035308455274,0.00035610946322728857,0.0124638312129551,-0.053416419484093286,0.14173156636446085,0.00035610946322728857,0.31858384748350305,-35.761036880023212,21.349068408615569,5.2507168248216667,-0.91041968569738441,-0.73971599462912485,1.8802636505330397e-15,-34.658846636821771,21.403424900558321,5.170904926556287,-0.83589100660735782,-0.79756671473343721,0.019657242370148216,-34.659273968177644,21.393453835587955,5.1896006733757201,-0.86140268855296087,-0.79763081443681816,1,1.8307835762794629,1.7616246212198707,1,1,1
1785140842.5534425,1,1,0.99740799283270143,1.1905831847515751,0.07195342822577401,4,0,1,0,-0.64303269086334014,0.26578305490300264,-1.4751147497732984,0.55231519337778634,-1.6609599395095771,0.16672690999716328,-0.013176050139409676,0.00035610946322728857,0.0028488757058183086,-0.049143105925365825,0.15633205435677969,0,0.31858384748350305,-34.96457726131446,21.44523538342915,5.2507168248216667,-0.87880789105511414,-0.8092619428421195,-1.9338314260743193e-16,-34.683294440770162,21.427749760363074,5.1640121722886896,-0.81508002030698434,-0.79518314840133764,0.015811260167291445,-34.683721772126034,21.425470659798421,5.1812122593625674,-0.84321979009120474,-0.79518314840133764,1,1.8307835762794629,1.7616246212198707,1,1,1
1785140842.5734427,1,1,0.99740799283270143,1.1905831847515751,0.07195342822577401,4,0,1,0,-0.64326050979223404,0.26578352952577117,-1.4750796276884273,0.55139489982960865,-1.6577196898688298,0.16672738461993181,-0.010327174433591369,0,0.00071221892645457715,-0.045582011293092937,0.16024925845227986,0,-0.59734471403156819,-34.645993413830951,21.349068408615569,4.519847816238431,-0.70810419998685459,-0.77765014819984923,8.4077938205248319e-16,-34.709460458815592,21.453768954464568,5.157645802648041,-0.79300644849106161,-0.79284150351506832,0.012392609320310475,-34.709460458815592,21.453199179323406,5.1735995066006231,-0.82185131501247211,-0.79284150351506832,1,1.8307835762794629,1.7616246212198707,1,1,1
1785140842.5934427,1,1,0.99740799283270143,1.1905831847515751,0.07195342822577401,4,0,1,0,-0.64342472927014516,0.2657840041485397,-1.4750748814607419,0.55050925374353366,-1.6545582276076585,0.16672690999716328,-0.0056977514116366172,-0.00035610946322728857,-0.00035610946322728857,-0.04273313558727463,0.1620298057684163,-0.00035610946322728857,-0.11946894280631364,-34.645993413830951,21.637569333056319,4.8852823205300488,-0.73971599462912485,-0.91041968569738441,8.9138394850874186e-16,-34.734718197060779,21.478886281480385,5.1514388205151151,-0.77167262908413647,-0.79057772232107659,0.0068373016939648288,-34.734290865704907,21.479171169050968,5.1663954179706613,-0.80083799412245138,-0.79051362261769564,1,1.8307835762794629,1.7616246212198707,1,1,1
1785140842.6134427,1,1,0.99740799283270143,1.1905831847515751,0.07195342822577401,4,0,1,0,-0.6435334178841382,0.26578447877130823,-1.4750687113647509,0.54970998900133083,-1.6512168833172145,0.16672643537439474,-0.0060538608748639056,0,0.00071221892645457715,-0.039884259881456316,0.17093254234909852,-0.00035610946322728857,0,-36.238912651248469,21.44523538342915,4.789115345716465,-0.77765014819984923,-0.70810419998685459,1.5251976791319876e-15,-34.761572252681326,21.505591207564137,5.1456341965243775,-0.74913100162334867,-0.78832760902359134,0.0072646330498381852,-34.761572252681326,21.505021432422975,5.1595936874828876,-0.77989885924618652,-0.78826350932021039,1,1.8307835762794629,1.7616246212198707,1,1,1
1785140842.6334426,1,1,0.99740799283270143,1.1905831847515751,0.07195342822577401,4,0,1,0,-0.64364163187536283,0.2657840041485397,-1.475060642777686,0.54895438955383269,-1.6477355253100543,0.16672643537439474,-0.0042733135587274627,0,0,-0.033474289543365128,0.17912306000332615,-0.00035610946322728857,0.31858384748350305,-34.805285337572705,21.714502912907186,5.0776162701572165,-0.8092619428421195,-0.73971599462912485,-8.0572095175843242e-16,-34.789622489344275,21.533527165209534,5.139991220134795,-0.72562092510474296,-0.78606153113334565,0.0051279762704721224,-34.789622489344275,21.533527165209534,5.1517072214749726,-0.75786307590534163,-0.7859974314299647,1,1.8307835762794629,1.7616246212198707,1,1,1
1785140842.6534426,1,1,0.99740799283270143,1.1905831847515751,0.07195342822577401,4,0,1,0,-0.64370618057188278,0.2657840041485397,-1.4750587442866119,0.54836728118916234,-1.6440192290324724,0.16672643537439474,-0.003204985169045597,0,0,-0.02742042866850122,0.18446470195173548,0.00035610946322728857,0,-33.849533795122198,21.541402358242735,4.9814492953436327,-0.73971599462912485,-0.73971599462912485,1.9767872239153928e-15,-34.819750169820537,21.563508738182765,5.1351908337125405,-0.7006303211599979,-0.78387731251304082,0.0038459822028567145,-34.819750169820537,21.563508738182765,5.1447879837465162,-0.73383396751131036,-0.78394141221642177,1,1.8307835762794629,1.7616246212198707,1,1,1
1785140842.6734426,1,1,0.99740799283270143,1.1905831847515751,0.07195342822577401,4,0,1,0,-0.64376313530410623,0.2657840041485397,-1.4750573204183064,0.54784234840716928,-1.6404794924247834,0.16672596075162621,-0.0024927662425910197,0,0,-0.023147115109773755,0.17484974644459869,0,0,-34.645993413830951,21.44523538342915,4.8852823205300488,-0.70810419998685459,-0.8092619428421195,3.6760712555984941e-15,-34.84848489894852,21.592103813776607,5.1307686311446989,-0.67681853538005332,-0.78183109229912107,0.0029913194911128874,-34.84848489894852,21.592103813776607,5.1388701214331194,-0.70829148974008105,-0.78183109229912107,1,1.8307835762794629,1.7616246212198707,1,1,1
1785140842.6934426,1,1,0.99740799283270143,1.1905831847515751,0.07195342822577401,4,0,1,0,-0.64379920663451451,0.2657840041485397,-1.4750502010767783,0.54743274895792882,-1.6368324910714067,0.16672596075162621,-0.0014244378529091543,0,0,-0.019229911014273581,0.1780547316136443,0,0.31858384748350305,-34.645993413830951,21.349068408615569,4.9814492953436327,-0.67649240534458421,-0.63855825177385994,7.6971128447911495e-16,-34.878288442968625,21.621761065926798,5.126932807934331,-0.65226986635889384,-0.77985918875307336,0.0017093254234917623,-34.878288442968625,21.621761065926798,5.1336632767893269,-0.68431971804934988,-0.77985918875307336,1,1.8307835762794629,1.7616246212198707,1,1,1
1785140842.7134426,1,1,0.99740799283270143,1.1905831847515751,0.07195342822577401,4,0,1,0,-0.64382483626401499,0.2657840041485397,-1.4750520995678524,0.54709196981012498,-1.6335742057654554,0.16672643537439474,-0.00071221892645457715,-0.00035610946322728857,0,-0.013888269065864253,0.15989314898905257,0,0.47787577122525454,-34.805285337572705,21.637569333056319,5.3468837996352505,-0.67649240534458421,-0.70810419998685459,-1.1153923996478449e-15,-34.904864663846574,21.648207191529501,5.1236012215610849,-0.63039487450707554,-0.77812563948970548,0.00085466271174438235,-34.904437332490701,21.648207191529501,5.1284621157341377,-0.65917564132510498,-0.77812563948970548,1,1.8307835762794629,1.7616246212198707,1,1,1
1785140842.7334425,1,1,0.99740799283270143,1.1905831847515751,0.07195342822577401,4,0,1,0,-0.64383385409661709,0.26578447877130823,-1.4750530488133895,0.54690164607994485,-1.6302788998835587,0.16672690999716328,0.00035610946322728857,0.00035610946322728857,-0.00035610946322728857,-0.0056977514116366172,0.15668816382000697,0,-0.11946894280631364,-34.645993413830951,21.714502912907186,4.9814492953436327,-0.70810419998685459,-0.8092619428421195,-5.9875695685305896e-16,-34.931931760405476,21.675119882777857,5.1210920904919792,-0.60831809057903929,-0.77653669166584904,-0.00042733135587335691,-34.932359091761349,21.67540477034844,5.1230863034860521,-0.63652196006664052,-0.77653669166584904,1,1.8307835762794629,1.7616246212198707,1,1,1
1785140842.7534425,1,1,0.99740799283270143,1.1905831847515751,0.07195342822577401,4,0,1,0,-0.64383290485108002,0.2657840041485397,-1.4750568457955378,0.54687411795937024,-1.6276191138887224,0.16672690999716328,0.00035610946322728857,0,0,0.0010683283896818657,0.124638312129551,0,0.15929192374175152,-34.327409566347448,21.810669887720771,5.3468837996352505,-0.5753346624893193,-0.8092619428421195,1.3568096157484802e-15,-34.953852016340576,21.696951761527899,5.1197710269307652,-0.59056308226803056,-0.7753898947526251,-0.00042733135587141402,-34.953852016340576,21.696951761527899,5.1193971119943766,-0.61299797845134973,-0.7753898947526251,1,1.8307835762794629,1.7616246212198707,1,1,1
1785140842.7734425,1,1,0.99740799283270143,1.1905831847515751,0.07195342822577401,4,0,1,0,-0.64382720937785765,0.2657840041485397,-1.4750577950410748,0.54687744031874996,-1.6251634156843535,0.16672643537439474,0.00035610946322728857,0,-0.00035610946322728857,0.00035610946322728857,0.1121744809165959,-0.00035610946322728857,-0.43805279028981664,-34.96457726131446,21.714502912907186,4.6929483709028812,-0.40463097142105975,-0.70810419998685459,2.4873664735383231e-15,-34.974162274655455,21.717160558412843,5.1186966445212745,-0.57416287062098514,-0.77436059125397894,-0.00042733135587024829,-34.974162274655455,21.717445445983426,5.1185720062091447,-0.59435427718597245,-0.77429649155059799,1,1.8307835762794629,1.7616246212198707,1,1,1
1785140842.7934425,1,1,0.99740799283270143,1.1905831847515751,0.07195342822577401,4,0,1,0,-0.64382436164124646,0.26578352952577117,-1.4750615920232231,0.54688313579197223,-1.6232597037597838,0.16672643537439474,0,-0.00035610946322728857,0.00035610946322728857,0.00071221892645457715,0.085110161711321963,0,-0.11946894280631364,-34.645993413830951,21.637569333056319,5.0776162701572165,-0.43624276606333007,-0.8092619428421195,1.0064501775762016e-15,-34.989865499656752,21.732806171149665,5.1178627906498795,-0.56146810857329921,-0.77356654785559775,9.9920072216264089e-16,-34.989438168300879,21.732521283579082,5.1176135140256207,-0.57678793768133729,-0.77356654785559775,1,1.8307835762794629,1.7616246212198707,1,1,1
1785140842.8134425,1,1,0.99740799283270143,1.1905831847515751,0.07195342822577401,4,0,1,0,-0.64382293777294097,0.26578352952577117,-1.4750611174004544,0.54689215362457433,-1.6217565734518524,0.16672738461993181,0,0,-0.00035610946322728857,0.00035610946322728857,0.059826389822184481,0.00035610946322728857,-0.43805279028981664,-34.96457726131446,21.637569333056319,4.8852823205300488,-0.43624276606333007,-0.67649240534458421,1.2708783301092325e-16,-35.00231758158862,21.745195885397564,5.1172222903801234,-0.55142082073242027,-0.77294300661860371,1.1102230246251565e-16,-35.00231758158862,21.745480772968147,5.1170976520679936,-0.56218957090041344,-0.77300710632198466,1,1.8307835762794629,1.7616246212198707,1,1,1
1785140842.8334427,1,1,0.99740799283270143,1.1905831847515751,0.07195342822577401,4,0,1,0,-0.64381012295819062,0.26578020716639145,-1.475060642777686,0.54690829079870429,-1.6209520878591959,0.16672690999716328,0.00071221892645457715,-0.00035610946322728857,0.00035610946322728857,0.0010683283896818657,0.026352100278819353,0,-0.11946894280631364,-35.283161108797962,21.810669887720771,5.3468837996352505,-0.36669681785033542,-0.8092619428421195,-1.8498348031987599e-16,-35.008883253363997,21.751873191285579,5.1169459854574093,-0.54602111322120295,-0.77262007388793996,-0.00085466271174565911,-35.008455922008125,21.751588303714996,5.1165720705210207,-0.55076449127139038,-0.77262007388793996,1,1.8307835762794629,1.7616246212198707,1,1,1
1785140842.8534427,1,1,0.99740799283270143,1.1905831847515751,0.07195342822577401,4,0,1,0,-0.64379968125728304,0.26577925792085438,-1.4750611174004544,0.5469282249549825,-1.6207019616601812,0.16672738461993181,0.00035610946322728857,0,0.00035610946322728857,0.00071221892645457715,-0.00071221892645457715,0.00035610946322728857,0,-34.96457726131446,21.810669887720771,5.3468837996352505,-0.30347322856579484,-0.63855825177385994,2.1502229308055658e-15,-35.010936825615524,21.753957706999984,5.1169453230140549,-0.54435442333644202,-0.77253603176065966,-0.00042733135587058135,-35.010936825615524,21.753672819429401,5.1166960463897961,-0.54422622392968034,-0.77260013146404061,1,1.8307835762794629,1.7616246212198707,1,1,1
1785140842.8734426,1,1,0.99740799283270143,1.1905831847515751,0.07195342822577401,4,0,1,0,-0.64379208729298654,0.26577783405254879,-1.4750668128736768,0.54693059806882516,-1.6207342360084411,0.16672738461993181,0.00035610946322728857,0,-0.00071221892645457715,0,-0.0014244378529091543,0,-0.59734471403156819,-34.486701490089203,21.810669887720771,4.9814492953436327,-0.70810419998685459,-0.70810419998685459,1.4980724286930323e-15,-35.010567230732605,21.75365233955614,5.116970521788911,-0.54460451529852738,-0.77255381942778956,-0.00042733135587124749,-35.010567230732605,21.754222114697303,5.116970521788911,-0.54434811648500381,-0.77255381942778956,1,1.8307835762794629,1.7616246212198707,1,1,1
1785140842.8934426,1,1,0.99740799283270143,1.1905831847515751,0.07195342822577401,4,0,1,0,-0.64378259483761591,0.26577546093870613,-1.4750710844785937,0.5469372427875846,-1.6207589163924045,0.16672785924270034,0.00035610946322728857,-0.00035610946322728857,0,0.00071221892645457715,-0.0010683283896818657,0,-0.11946894280631364,-35.601744956281465,21.906836862534352,5.4430507744488343,-0.70810419998685459,-0.73971599462912485,1.3377211268399403e-15,-35.010247082014544,21.753437359287012,5.1170186689845423,-0.54478717995407355,-0.77257211244106971,-0.00042733135587141402,-35.009819750658671,21.753437359287012,5.1167693923602835,-0.54459488084393082,-0.77257211244106971,1,1.8307835762794629,1.7616246212198707,1,1,1
1785140842.9134426,1,1,0.99740799283270143,1.1905831847515751,0.07195342822577401,4,0,1,0,-0.64375886369918955,0.26576929084271528,-1.4750701352330566,0.54696097392601106,-1.6207930892317386,0.16672785924270034,0.0017805473161364429,-0.00071221892645457715,0,0.0014244378529091543,-0.0024927662425910197,0,-0.11946894280631364,-36.079620727506715,21.906836862534352,5.2507168248216667,-0.50578871427632466,-0.77765014819984923,8.4019757384892559e-16,-35.009789166982408,21.753250085602843,5.1171794158210311,-0.54497134994227636,-0.77260944089960382,-0.0021366567793628987,-35.008934504270663,21.753250085602843,5.1166808625725126,-0.54452265201860994,-0.77260944089960382,1,1.8307835762794629,1.7616246212198707,1,1,1
1785140842.9334426,1,1,0.99740799283270143,1.1905831847515751,0.07195342822577401,4,0,1,0,-0.64371899538663313,0.26575695065073351,-1.4750701352330566,0.54699609601088217,-1.6208424499996656,0.16672785924270034,0.0017805473161364429,0,0,0.0014244378529091543,-0.0017805473161364429,0,0.15929192374175152,-34.486701490089203,21.906836862534352,5.3468837996352505,-0.40463097142105975,-0.70810419998685459,3.6601311771965843e-15,-35.008998866457979,21.753000666169001,5.1174183263303874,-0.54522175931757721,-0.77266348749167213,-0.0021366567793600676,-35.008998866457979,21.753000666169001,5.116919773081869,-0.54490126080067269,-0.77266348749167213,1,1.8307835762794629,1.7616246212198707,1,1,1
1785140842.9534426,1,1,0.99740799283270143,1.1905831847515751,0.07195342822577401,4,0,1,0,-0.64367627933746552,0.26575647602796498,-1.4750706098558251,0.54700748695732682,-1.6208576379282587,0.16672738461993181,0.0021366567793637313,0,-0.00035610946322728857,0.00035610946322728857,-0.00035610946322728857,0,-0.27876086654806514,-34.805285337572705,21.714502912907186,4.789115345716465,-0.50578871427632466,-0.91041968569738441,1.111233595580099e-15,-35.008863883508084,21.752886972436087,5.1174924208705947,-0.5453288110834591,-0.77268219907981361,-0.0025639881352353673,-35.008863883508084,21.75317186000667,5.1173677825584649,-0.54526471138007815,-0.77268219907981361,1,1.8307835762794629,1.7616246212198707,1,1,1
1785140842.9734426,1,1,0.99740799283270143,1.1905831847515751,0.07195342822577401,4,0,1,0,-0.64363830951598311,0.26575600140519645,-1.4750706098558251,0.54701223318501213,-1.6208600110421012,0.16672738461993181,0.0017805473161364429,0,0,0.00071221892645457715,-0.00035610946322728857,0,0.63716769496700609,-34.645993413830951,21.637569333056319,5.2507168248216667,-0.60694645713158968,-0.73971599462912485,1.8801332170543605e-15,-35.008833040814089,21.752876911220547,5.117521647999534,-0.5453432014238091,-0.77268814567762834,-0.002136656779361844,-35.008833040814089,21.752876911220547,5.1172723713752752,-0.54527910172042815,-0.77268814567762834,1,1.8307835762794629,1.7616246212198707,1,1,1
1785140842.9934425,1,1,0.99740799283270143,1.1905831847515751,0.07195342822577401,4,0,1,0,-0.64358182940652819,0.26575315366858532,-1.4750701352330566,0.54703501507790153,-1.6208666557608606,0.16672738461993181,0.0039172040955001743,-0.00035610946322728857,0.00035610946322728857,0.0017805473161364429,-0.00071221892645457715,-0.00035610946322728857,0,-34.805285337572705,21.714502912907186,4.9814492953436327,-0.40463097142105975,-0.67649240534458421,2.9301800611288842e-15,-35.008709713629315,21.752877969823789,5.117660635759318,-0.54537242590900314,-0.77271429223965471,-0.0047006449145972672,-35.008282382273443,21.752593082253206,5.1170374441986706,-0.54524422650224136,-0.77265019253627376,1,1.8307835762794629,1.7616246212198707,1,1,1
1785140843.0134425,1,1,0.99740799283270143,1.1905831847515751,0.07195342822577401,4,0,1,0,-0.64346886918761825,0.26573986423106649,-1.4750691859875196,0.54708390122306005,-1.6208737751023885,0.16672738461993181,0.0081905176542276369,-0.0010683283896818657,0.00035610946322728857,0.003204985169045597,-0.00035610946322728857,0,-0.59734471403156819,-33.730064852315884,21.714502912907186,4.8852823205300488,-0.60694645713158968,-0.87880789105511414,3.2127519302737971e-15,-35.008260376256388,21.753008966068911,5.1179617813242348,-0.54533211667696779,-0.77276468514969332,-0.0098286211850699447,-35.00697838218877,21.752724078498328,5.116840036515069,-0.54526801697358684,-0.77276468514969332,1,1.8307835762794629,1.7616246212198707,1,1,1
1785140843.0334425,1,1,0.99740799283270143,1.1905831847515751,0.07195342822577401,4,0,1,0,-0.64323013393504824,0.2657118614877233,-1.4750658636281397,0.5471546200155708,-1.6208761482162313,0.16672738461993181,0.014244378529091543,-0.0014244378529091543,0,0.003204985169045597,0,0.00035610946322728857,-0.11946894280631364,-34.645993413830951,21.714502912907186,4.8852823205300488,-0.43624276606333007,-0.73971599462912485,1.6349680998575776e-16,-35.007398082333104,21.753369233982063,5.1184031179121776,-0.5451373903018073,-0.77283016129173276,-0.017093254234909684,-35.005688756909613,21.753369233982063,5.1172813731030118,-0.5451373903018073,-0.77289426099511371,1,1.8307835762794629,1.7616246212198707,1,1,1
1785140843.0534425,1,1,0.99740799283270143,1.1905831847515751,0.07195342822577401,4,0,1,0,-0.64290928894352262,0.26567579015731507,-1.4750630158915286,0.5472092016339517,-1.6208770974617683,0.16672690999716328,0.018873801551046294,-0.0021366567793637313,0,0.0024927662425910197,0,0,-0.43805279028981664,-34.805285337572705,21.714502912907186,5.2507168248216667,-0.53740050891859503,-0.77765014819984923,1.5256448761506153e-15,-35.006252827774297,21.753799352356108,5.1187567777872411,-0.5448667402395736,-0.77287472178680594,-0.022648561861254055,-35.003688839639061,21.753799352356108,5.1178843096023341,-0.54486674023957349,-0.77287472178680594,1,1.8307835762794629,1.7616246212198707,1,1,1
1785140843.0734427,1,1,0.99740799283270143,1.1905831847515751,0.07195342822577401,4,0,1,0,-0.64245982118172573,0.26564304118628657,-1.4750653890053713,0.5472699533483234,-1.6208889630309815,0.16672738461993181,0.024571552962682913,-0.0010683283896818657,-0.00035610946322728857,0.0035610946322728858,-0.0014244378529091543,0,-0.11946894280631364,-34.645993413830951,21.714502912907186,5.4430507744488343,-0.5753346624893193,-0.5753346624893193,-1.8796332827594705e-15,-35.005084383350386,21.754062121375121,5.1191429982930714,-0.54473798616677938,-0.77293377904926197,-0.02948586355522138,-35.003802389282768,21.754347008945704,5.1178966151717757,-0.54448158735325569,-0.77293377904926197,1,1.8307835762794629,1.7616246212198707,1,1,1
1785140843.0934427,1,1,0.99740799283270143,1.1905831847515751,0.07195342822577401,4,0,1,0,-0.64190736027915796,0.26564114269521244,-1.4750710844785937,0.54735206308727891,-1.6209406969127511,0.16672738461993181,0.031337632764001394,0,-0.00035610946322728857,0.0042733135587274627,-0.0035610946322728858,0.00035610946322728857,-0.27876086654806514,-34.008825718863946,21.714502912907186,5.1545498500080829,-0.50578871427632466,-0.91041968569738441,6.0461734970403451e-16,-35.004619426035504,21.753681970617286,5.1196429575360787,-0.54515166110775826,-0.77304570173879905,-0.037605159316801064,-35.004619426035504,21.753966858187869,5.1181472977905242,-0.5445106640739491,-0.77310980144218,1,1.8307835762794629,1.7616246212198707,1,1,1
1785140843.1134427,1,1,0.99740799283270143,1.1905831847515751,0.07195342822577401,4,0,1,0,-0.64119590074913302,0.26564114269521244,-1.4750720337241308,0.54742705348470644,-1.6210209081606326,0.16672690999716328,0.038103712565319879,0,0,0.003204985169045597,-0.003204985169045597,-0.00035610946322728857,0.31858384748350305,-34.805285337572705,21.714502912907186,5.1545498500080829,-0.50578871427632466,-0.63855825177385994,2.2165022090645356e-15,-35.004022901600706,21.753087970429664,5.1201176565403106,-0.54573034444943813,-0.77316084712592492,-0.045724455078381632,-35.004022901600706,21.753087970429664,5.1189959117311448,-0.54515344711900993,-0.77309674742254397,1,1.8307835762794629,1.7616246212198707,1,1,1
1785140843.1334426,1,1,0.99740799283270143,1.1905831847515751,0.07195342822577401,4,0,1,0,-0.64039188977924499,0.26564066807244391,-1.4750715591013621,0.54747783812093909,-1.6210579287365778,0.16672690999716328,0.045225901829865647,0,0,0.0021366567793637313,-0.0010683283896818657,0,0.47787577122525454,-34.805285337572705,21.637569333056319,5.1545498500080829,-0.67649240534458421,-0.70810419998685459,2.2831439719742427e-15,-35.003757261687859,21.752843928804854,5.1204320779351349,-0.54599408259549498,-0.77323092428492535,-0.054271082195836498,-35.003757261687859,21.752843928804854,5.1196842480623577,-0.54580178348535224,-0.77323092428492535,1,1.8307835762794629,1.7616246212198707,1,1,1
1785140843.1534426,1,1,0.99740799283270143,1.1905831847515751,0.07195342822577401,4,0,1,0,-0.63941274300776973,0.26564019344967538,-1.4750725083468992,0.54752197803841229,-1.6210897284620693,0.16672690999716328,0.051991981631184132,0,0,0.0021366567793637313,-0.0024927662425910197,0,-0.27876086654806514,-34.96457726131446,21.714502912907186,4.9814492953436327,-0.47417691963405439,-0.87880789105511414,1.701308649271928e-15,-35.003513839919563,21.752622144273808,5.1207040295037158,-0.54623089086547649,-0.77329216563118619,-0.062390377957419238,-35.003513839919563,21.752622144273808,5.1199561996309386,-0.54578219294181007,-0.77329216563118619,1,1.8307835762794629,1.7616246212198707,1,1,1
1785140843.1734426,1,1,0.99740799283270143,1.1905831847515751,0.07195342822577401,4,0,1,0,-0.63834958800626485,0.26564066807244391,-1.4750815261795012,0.54757893277063574,-1.6211860768840807,0.16672690999716328,0.059114170895729901,0,-0.00035610946322728857,0.0035610946322728858,-0.0078344081910003485,0,-0.59734471403156819,-34.008825718863946,21.714502912907186,5.0776162701572165,-0.70810419998685459,-0.70810419998685459,2.120606476913376e-15,-35.002701238011085,21.751793199376522,5.1210729277901503,-0.54697514434997196,-0.773397857420831,-0.070937005074873771,-35.002701238011085,21.752078086947105,5.1198265446688547,-0.54556495087559187,-0.773397857420831,1,1.8307835762794629,1.7616246212198707,1,1,1
1785140843.1934426,1,1,0.99740799283270143,1.1905831847515751,0.07195342822577401,4,0,1,0,-0.63707190351338483,0.26564066807244391,-1.4750872216527235,0.54766578873727656,-1.621421489777271,0.16672690999716328,0.065168031770593812,0,0,0.0042733135587274627,-0.015312706918773409,0,0.47787577122525454,-35.123869185056208,21.714502912907186,5.0776162701572165,-0.50578871427632466,-0.8092619428421195,1.3632042414414731e-15,-35.000785556290239,21.749886901973042,5.1216843414640056,-0.54863296737879574,-0.77359294627873432,-0.07820163812471119,-35.000785556290239,21.749886901973042,5.1201886817184512,-0.5458766801334165,-0.77359294627873432,1,1.8307835762794629,1.7616246212198707,1,1,1
1785140843.2134426,1,1,0.99740799283270143,1.1905831847515751,0.07195342822577401,4,0,1,0,-0.63574343438427217,0.26564066807244391,-1.4750872216527235,0.54775074621284325,-1.6218116296930019,0.16672643537439474,0.070865783182230427,0,0.00035610946322728857,0.0042733135587274627,-0.022078786720091892,0,-0.59734471403156819,-34.96457726131446,21.541402358242735,5.6161513291132845,-0.60694645713158968,-0.8092619428421195,1.6132029965698432e-15,-34.997644138058732,21.746760597594417,5.1223618364369834,-0.55127940061764358,-0.77384895257275454,-0.0850389398186749,-34.997644138058732,21.746475710023834,5.120866176691429,-0.54730521900802709,-0.77384895257275454,1,1.8307835762794629,1.7616246212198707,1,1,1
1785140843.2334425,1,1,0.99740799283270143,1.1905831847515751,0.07195342822577401,4,0,1,0,-0.63422131916559976,0.26564114269521244,-1.47509481561702,0.54782004113704841,-1.6223270700196244,0.16672643537439474,0.075139096740957881,0,-0.00071221892645457715,0.0021366567793637313,-0.030981523300774104,0,0.63716769496700609,-35.44245303253971,21.637569333056319,4.8852823205300488,-0.47417691963405439,-0.8092619428421195,2.8567026689986965e-15,-34.993390570071099,21.74250770542168,5.1229977095810151,-0.55481789787809066,-0.77414382256789183,-0.09016691608914662,-34.993390570071099,21.743077480562842,5.1222498797082379,-0.54924122368395134,-0.77414382256789183,1,1.8307835762794629,1.7616246212198707,1,1,1
1785140843.2534425,1,1,0.99740799283270143,1.1905831847515751,0.07195342822577401,4,0,1,0,-0.63274049612778938,0.26564161731798097,-1.4751156990188354,0.54784519614378047,-1.6230717531434462,0.16672643537439474,0.076207425130639758,0,-0.0014244378529091543,0.0010683283896818657,-0.040952588271138186,0,0,-35.283161108797962,21.810669887720771,5.3468837996352505,-0.43624276606333007,-0.8092619428421195,5.2558528970317108e-17,-34.987062709008555,21.7361921663584,5.1234687494204003,-0.55997040920326002,-0.77449254219183306,-0.091448910156767649,-34.987062709008555,21.737331716640728,5.1230948344840117,-0.55259894331445514,-0.77449254219183306,1,1.8307835762794629,1.7616246212198707,1,1,1
1785140843.2734425,1,1,0.99740799283270143,1.1905831847515751,0.07195342822577401,4,0,1,0,-0.63116190079966206,0.2656420919407495,-1.4751560419541603,0.54785801095853082,-1.6239611962116696,0.16672643537439474,0.077275753520321622,0.00035610946322728857,-0.0024927662425910197,0.00071221892645457715,-0.049499215388593108,0,-0.11946894280631364,-35.123869185056208,21.906836862534352,5.2507168248216667,-0.47417691963405439,-0.8092619428421195,1.699365298484268e-15,-34.97933094910811,21.728481243789059,5.1239144942486332,-0.56623510984668923,-0.77489617951833401,-0.092730904224384222,-34.979758280463983,21.730475456783132,5.1236652176243744,-0.55732525107674258,-0.77489617951833401,1,1.8307835762794629,1.7616246212198707,1,1,1
1785140843.2934425,1,1,0.99740799283270143,1.1905831847515751,0.07195342822577401,4,0,1,0,-0.62968250163015727,0.26564161731798097,-1.4752163190457634,0.54786323180898455,-1.6250191303627206,0.16672690999716328,0.076563534593867041,0,-0.003204985169045597,0,-0.054128638410547859,-0.00035610946322728857,-0.27876086654806514,-34.805285337572705,21.637569333056319,4.8852823205300488,-0.5753346624893193,-0.67649240534458421,-1.8522884612278646e-15,-34.969967251122853,21.719189361439774,5.1243716853625756,-0.57376861947190561,-0.77536960405049404,-0.091876241512642273,-34.969967251122853,21.72175334957501,5.1243716853625756,-0.56402546455800695,-0.77530550434711309,1,1.8307835762794629,1.7616246212198707,1,1,1
1785140843.3134425,1,1,0.99740799283270143,1.1905831847515751,0.07195342822577401,4,0,1,0,-0.62816323414809594,0.2656420919407495,-1.4752666290592276,0.54786418105452162,-1.6261691413308663,0.16672738461993181,0.072646330498366871,0,-0.0024927662425910197,0,-0.064455812844139232,0,0.47787577122525454,-34.645993413830951,21.541402358242735,5.0776162701572165,-0.5753346624893193,-0.67649240534458421,1.4279858274347398e-15,-34.959969176658433,21.709224250147017,5.1248485706916762,-0.5818442899551568,-0.77587357860060968,-0.087175596598038793,-34.959969176658433,21.71121846314109,5.1248485706916762,-0.57024224364321174,-0.77587357860060968,1,1.8307835762794629,1.7616246212198707,1,1,1
1785140843.3334427,1,1,0.99740799283270143,1.1905831847515751,0.07195342822577401,4,0,1,0,-0.62677069094523197,0.26564256656351803,-1.4753259569052937,0.54786370643175308,-1.6277073937236688,0.16672785924270034,0.070153564255775847,0,-0.003204985169045597,0,-0.086178490101003827,0,0.95575154245050908,-34.486701490089203,21.637569333056319,5.0776162701572165,-0.47417691963405439,-0.8092619428421195,-1.0694058654404058e-16,-34.946668595179389,21.695973791765734,5.125475328930488,-0.59258112476878744,-0.77654248374634227,-0.084184277106931119,-34.946668595179389,21.69853777990097,5.125475328930488,-0.57706899655060662,-0.77654248374634227,1,1.8307835762794629,1.7616246212198707,1,1,1
1785140843.3534427,1,1,0.99740799283270143,1.1905831847515751,0.07195342822577401,4,0,1,0,-0.62542323690537827,0.26564256656351803,-1.4753786400326003,0.54786370643175308,-1.6297582387064824,0.16672833386546887,0.061963046601548208,-0.00035610946322728857,-0.0017805473161364429,0,-0.12428220266632371,0.00035610946322728857,-0.11946894280631364,-34.008825718863946,21.810669887720771,5.0776162701572165,-0.43624276606333007,-0.73971599462912485,-6.8999212389975214e-16,-34.929179444926177,21.678575847423538,5.126323921413233,-0.6066835774020114,-0.77742427952258353,-0.074355655921858513,-34.928752113570305,21.680000285276446,5.126323921413233,-0.58431278092207317,-0.77748837922596448,1,1.8307835762794629,1.7616246212198707,1,1,1
1785140843.3734426,1,1,0.99740799283270143,1.1905831847515751,0.07195342822577401,4,0,1,0,-0.6242708528233899,0.26564304118628657,-1.4753990488116471,0.54786275718621602,-1.6326031275810451,0.16672833386546887,0.056265295189911593,0,-0.00071221892645457715,0.00035610946322728857,-0.14885375562900663,0,-0.11946894280631364,-34.008825718863946,21.637569333056319,5.3468837996352505,-0.53740050891859503,-0.87880789105511414,1.2830687460893491e-15,-34.905460924104844,21.6549566042398,5.1275144410163787,-0.62583592211505157,-0.77862589495291501,-0.067518354227892638,-34.905460924104844,21.655526379380962,5.1273898027042488,-0.59904224610183032,-0.77862589495291501,1,1.8307835762794629,1.7616246212198707,1,1,1
1785140843.3934426,1,1,0.99740799283270143,1.1905831847515751,0.07195342822577401,4,0,1,0,-0.62318728904283827,0.2656435158090551,-1.4754232545728421,0.54786228256344749,-1.63578927022618,0.16672785924270034,0.049499215388593108,0,-0.0010683283896818657,0,-0.1773425126871897,0,-0.11946894280631364,-35.283161108797962,21.714502912907186,5.5199843542997007,-0.50578871427632466,-0.70810419998685459,1.6053026706798713e-15,-34.878886491337298,21.628495919086788,5.1288122464210559,-0.64729009636192303,-0.77997169558365276,-0.05939905846631012,-34.878886491337298,21.629350581798533,5.1288122464210559,-0.61536844407822888,-0.77997169558365276,1,1.8307835762794629,1.7616246212198707,1,1,1
1785140843.4134426,1,1,0.99740799283270143,1.1905831847515751,0.07195342822577401,4,0,1,0,-0.6222613000214382,0.26564446505459216,-1.4754412902380463,0.54786275718621602,-1.6395848285061063,0.16672738461993181,0.044513682903411074,0,-0.0017805473161364429,-0.00035610946322728857,-0.1933674385324177,0.00035610946322728857,-0.27876086654806514,-34.486701490089203,21.714502912907186,5.2507168248216667,-0.5753346624893193,-0.84087373748438976,5.6279532732540393e-16,-34.84735677161364,21.597083475523448,5.1303205785413777,-0.672758590860008,-0.78157056619730758,-0.053416419484092731,-34.84735677161364,21.598507913376356,5.1304452168535075,-0.63795245192417283,-0.78163466590068853,1,1.8307835762794629,1.7616246212198707,1,1,1
1785140843.4334426,1,1,0.99740799283270143,1.1905831847515751,0.07195342822577401,4,0,1,0,-0.62139891045102102,0.26564446505459216,-1.4755148567671683,0.54786323180898455,-1.6437130973467713,0.16672738461993181,0.038815931491774452,0,-0.0039172040955001743,-0.00035610946322728857,-0.22541729022287366,0.00035610946322728857,-0.11946894280631364,-34.645993413830951,21.541402358242735,4.789115345716465,-0.5753346624893193,-0.60694645713158968,2.8644794265058606e-15,-34.812499724799054,21.562405560774131,5.1318483413527103,-0.70085946939258603,-0.78332761218122293,-0.046579117790126454,-34.812499724799054,21.56553932405053,5.1319729796648401,-0.6602843571524688,-0.78339171188460388,1,1.8307835762794629,1.7616246212198707,1,1,1
1785140843.4534426,1,1,0.99740799283270143,1.1905831847515751,0.07195342822577401,4,0,1,0,-0.62067605997455144,0.26564446505459216,-1.4755846263141419,0.54786370643175308,-1.6485167543870531,0.16672690999716328,0.036679274712410725,0,-0.0049855324851820395,0,-0.24322276338423809,-0.00035610946322728857,0,-34.327409566347448,21.541402358242735,4.789115345716465,-0.63855825177385994,-0.84087373748438976,2.2799990883894637e-15,-34.772108727155199,21.522220863874882,5.1335543668478323,-0.73341945045815637,-0.78536348722875338,-0.044015129654890593,-34.772108727155199,21.526209289863026,5.1335543668478323,-0.68963935304899349,-0.78529938752537243,1,1.8307835762794629,1.7616246212198707,1,1,1
1785140843.4734426,1,1,0.99740799283270143,1.1905831847515751,0.07195342822577401,4,0,1,0,-0.61998073761865646,0.26564446505459216,-1.4757222669170154,0.54786133331791043,-1.6533659752131136,0.16672738461993181,0.032405961153683258,0,-0.0078344081910003485,0,-0.25497437567073861,0,-0.43805279028981664,-34.168117642605701,21.541402358242735,4.8852823205300488,-0.5753346624893193,-0.8092619428421195,1.2632701891497051e-16,-34.730677174457732,21.481005610590262,5.1351058883905765,-0.76679137248069273,-0.78743801046779183,-0.038887153384419795,-34.730677174457732,21.487273137143063,5.1351058883905765,-0.72089598485995976,-0.78743801046779183,1,1.8307835762794629,1.7616246212198707,1,1,1
1785140843.4934425,1,1,0.99740799283270143,1.1905831847515751,0.07195342822577401,4,0,1,0,-0.61942210662009789,0.26564493967736069,-1.475880790921704,0.54785896020406788,-1.6588061013859927,0.16672738461993181,0.025639881352364776,0,-0.0081905176542276369,-0.00035610946322728857,-0.27099930151596657,0,-0.75663663777331969,-34.805285337572705,21.349068408615569,5.0776162701572165,-0.60694645713158968,-0.87880789105511414,1.8083787569201551e-15,-34.684189805418548,21.434740387736511,5.1367326315421629,-0.80424359971465287,-0.78976380692837822,-0.030767857622835897,-34.684189805418548,21.441292801859895,5.1368572698542927,-0.75546372544177887,-0.78976380692837822,1,1.8307835762794629,1.7616246212198707,1,1,1
1785140843.5134425,1,1,0.99740799283270143,1.1905831847515751,0.07195342822577401,4,0,1,0,-0.61895317932479121,0.26564588892289775,-1.4760782339934122,0.54785706171299375,-1.6643601370233188,0.16672738461993181,0.020298239403955448,0,-0.010683283896818658,0,-0.29379030716251309,-0.00035610946322728857,0.31858384748350305,-34.96457726131446,21.44523538342915,5.2507168248216667,-0.60694645713158968,-0.67649240534458421,3.5751484693042547e-15,-34.636412032967719,21.387173163313033,5.1382422501963099,-0.84273463867441556,-0.79214839680781468,-0.024357887284742984,-34.636412032967719,21.395719790430487,5.1382422501963099,-0.78985238338516328,-0.79208429710443373,1,1.8307835762794629,1.7616246212198707,1,1,1
1785140843.5334425,1,1,0.99740799283270143,1.1905831847515751,0.07195342822577401,4,0,1,0,-0.61861904489574682,0.26564588892289775,-1.4762842202749538,0.54785611246745669,-1.6706749929585967,0.16672738461993181,0.014600487992318832,0,-0.010327174433591369,0,-0.31836186012519596,0,-0.59734471403156819,-33.849533795122198,21.541402358242735,5.3468837996352505,-0.5753346624893193,-0.84087373748438976,7.6954288009780519e-16,-34.582265355836896,21.333310384332023,5.1398329078734326,-0.88631370973556811,-0.79484854909217939,-0.017520585590781821,-34.582265355836896,21.341572123878898,5.1398329078734326,-0.8290085749130327,-0.79484854909217939,1,1.8307835762794629,1.7616246212198707,1,1,1
1785140843.5534425,1,1,0.99740799283270143,1.1905831847515751,0.07195342822577401,4,0,1,0,-0.61837983502040827,0.26564636354566629,-1.476470272400217,0.54785516322191963,-1.6771279641195167,0.16672690999716328,0.0096149555071367906,0.00035610946322728857,-0.0078344081910003485,0,-0.33545511436010583,0,-0.11946894280631364,-34.008825718863946,20.983633904323948,5.3468837996352505,-0.70810419998685459,-0.77765014819984923,1.3678879385782149e-15,-34.527225455831427,21.278536426209619,5.1413151591112651,-0.9306221788342115,-0.79759323419718842,-0.011537946608562761,-34.5276527871873,21.28480395276242,5.1413151591112651,-0.87024025824939244,-0.79759323419718842,1,1.8307835762794629,1.7616246212198707,1,1,1
1785140843.5734427,1,1,0.99740799283270143,1.1905831847515751,0.07195342822577401,4,0,1,0,-0.61823175271662723,0.26564636354566629,-1.4766079130030905,0.5478532647308455,-1.6841818077053943,0.16672690999716328,0.0056977514116366172,0,-0.0067660798013184824,0.00035610946322728857,-0.34969949288919738,0,0.63716769496700609,-33.849533795122198,20.983633904323948,5.3468837996352505,-0.84087373748438976,-0.94835383926810879,2.585875798408672e-15,-34.467735144525619,21.219350925109396,5.1427978828200063,-0.97849657684946656,-0.8005612842739469,-0.0068373016939613316,-34.467735144525619,21.224763788950451,5.1426732445078764,-0.9155506681294111,-0.8005612842739469,1,1.8307835762794629,1.7616246212198707,1,1,1
1785140843.5934427,1,1,0.99740799283270143,1.1905831847515751,0.07195342822577401,4,0,1,0,-0.61815106684597732,0.26564636354566629,-1.4767294164318339,0.54785041699423431,-1.6909755580141179,0.16672690999716328,0.0024927662425910197,0,-0.0039172040955001743,-0.00035610946322728857,-0.3514800402053338,0,-0.11946894280631364,-34.327409566347448,20.983633904323948,4.9814492953436327,-1.0115774285526493,-0.67649240534458421,3.5585006044097837e-16,-34.41058891503031,21.162496401372795,5.1440413431145267,-1.0244726525804149,-0.80340816314794006,-0.0029913194911088906,-34.41058891503031,21.165630164649194,5.1441659814266565,-0.96120624534345478,-0.80340816314794006,1,1.8307835762794629,1.7616246212198707,1,1,1
1785140843.6134427,1,1,0.99740799283270143,1.1905831847515751,0.07195342822577401,4,0,1,0,-0.61813350580354176,0.26564731279120335,-1.4767711832354644,0.54784662001208606,-1.6983084797878907,0.16672690999716328,0,0,-0.00035610946322728857,0,-0.35967055785956142,0.00035610946322728857,0.63716769496700609,-33.730064852315884,21.252901433801984,5.0776162701572165,-1.0495115821233738,-0.77765014819984923,-2.9570812016882547e-16,-34.349874552774544,21.102043863445527,5.1452505558402573,-1.0733589377866619,-0.80644016808520613,-2.7755575615628914e-16,-34.349874552774544,21.10232875101611,5.1452505558402573,-1.0086182373719408,-0.80650426778858708,1,1.8307835762794629,1.7616246212198707,1,1,1
1785140843.6334426,1,1,0.99740799283270143,1.1905831847515751,0.07195342822577401,4,0,1,0,-0.61813350580354176,0.26564826203674041,-1.4767749802176127,0.54784187378440075,-1.7052522108914694,0.16672690999716328,0,0,-0.00035610946322728857,-0.00035610946322728857,-0.36287554302860703,0,0.79645961870875759,-34.805285337572705,21.44523538342915,5.0776162701572165,-0.84087373748438976,-0.63855825177385994,1.5421818296306457e-15,-34.292786194163163,21.045196287617195,5.1462221000043495,-1.1193210556162905,-0.80928986527656044,1.5543122344752192e-15,-34.292786194163163,21.045481175187778,5.1463467383164794,-1.0540034578711412,-0.80928986527656044,1,1.8307835762794629,1.7616246212198707,1,1,1
1785140843.6534426,1,1,0.99740799283270143,1.1905831847515751,0.07195342822577401,4,0,1,0,-0.61813492967184736,0.26564778741397188,-1.4767754548403811,0.54784092453886368,-1.7125471628437599,0.16672690999716328,0,0,0,0,-0.34756283610983363,0,-0.59734471403156819,-34.327409566347448,20.983633904323948,5.0776162701572165,-1.2138929142631794,-0.94835383926810879,-4.9561385769320947e-16,-34.232852853075805,20.985579140554755,5.1470628435321544,-1.1675119327698784,-0.81227872203431717,-4.9960036108132044e-16,-34.232852853075805,20.985579140554755,5.1470628435321544,-1.1049506222701084,-0.81227872203431717,1,1.8307835762794629,1.7616246212198707,1,1,1
1785140843.6734426,1,1,0.99740799283270143,1.1905831847515751,0.07195342822577401,4,0,1,0,-0.61813492967184736,0.26564778741397188,-1.4767764040859181,0.5478395006705582,-1.7191686250875076,0.16672643537439474,-0.00035610946322728857,0,0,0,-0.33118180080137838,-0.00035610946322728857,0.31858384748350305,-35.283161108797962,20.810533349659501,5.1545498500080829,-1.3213730160468982,-0.70810419998685459,3.4088236141322459e-16,-34.17851149568822,20.931505474956822,5.1476376796714689,-1.2112074995176187,-0.81498474443739688,0.00042733135587307936,-34.17851149568822,20.931505474956822,5.1476376796714689,-1.1515947753733706,-0.81492064473401593,1,1.8307835762794629,1.7616246212198707,1,1,1
1785140843.6934426,1,1,0.99740799283270143,1.1905831847515751,0.07195342822577401,4,0,1,0,-0.61813682816292137,0.26564921128227748,-1.4767749802176127,0.54783712755671554,-1.725713673065522,0.16672643537439474,-0.00035610946322728857,0,0.00035610946322728857,0,-0.30589802891224088,-0.00035610946322728857,-0.43805279028981664,-34.486701490089203,20.52203242521875,4.789115345716465,-1.2834388624761739,-0.91041968569738441,-2.252868819931569e-16,-34.124917332282635,20.878112881601616,5.1480278517360105,-1.2543392104757767,-0.81765173168678351,0.00042733135587252424,-34.124917332282635,20.877827994031033,5.1480278517360105,-1.1992775652715733,-0.81758763198340256,1,1.8307835762794629,1.7616246212198707,1,1,1
1785140843.7134426,1,1,0.99740799283270143,1.1905831847515751,0.07195342822577401,4,0,1,0,-0.61814062514506962,0.26565016052781448,-1.4767754548403811,0.54783238132903023,-1.7314708472477784,0.16672738461993181,0,-0.00035610946322728857,0,-0.00035610946322728857,-0.2902292125302402,0,-0.11946894280631364,-35.123869185056208,20.887466929510367,5.2507168248216667,-1.1506693249786386,-0.67649240534458421,1.9700063483422259e-15,-34.077787190152861,20.83117309543816,5.1482112149353592,-1.2922451114873459,-0.81998993176135815,1.9428902930940239e-15,-34.077359858796989,20.83117309543816,5.148335853247489,-1.2400038532319027,-0.81998993176135815,1,1.8307835762794629,1.7616246212198707,1,1,1
1785140843.7334425,1,1,0.99740799283270143,1.1905831847515751,0.07195342822577401,4,0,1,0,-0.61814299825891228,0.26565016052781448,-1.4767749802176127,0.54783000821518757,-1.7371397415950884,0.16672738461993181,0,0.00035610946322728857,0,0,-0.2649454406411027,0,0.31858384748350305,-33.092897157348879,20.618199400032331,4.8852823205300488,-1.3845966053314389,-0.77765014819984923,5.3098939887997231e-16,-34.031399621225361,20.785013253078418,5.1482781131990691,-1.3295140612705676,-0.82228916933597485,5.5511151231257827e-16,-34.031826952581234,20.785013253078418,5.1482781131990691,-1.2818238819551691,-0.82228916933597485,1,1.8307835762794629,1.7616246212198707,1,1,1
1785140843.7534425,1,1,0.99740799283270143,1.1905831847515751,0.07195342822577401,4,0,1,0,-0.61814489674998641,0.26565158439612008,-1.4767749802176127,0.54782621123303932,-1.7419642820371855,0.16672738461993181,0.00035610946322728857,0,0,-0.00035610946322728857,-0.23788112143582876,0,0,-33.730064852315884,20.618199400032331,5.3468837996352505,-1.3213730160468982,-0.87880789105511414,3.4844508435965998e-15,-33.991996360450813,20.74574131654537,5.1482215022283713,-1.3612125556291537,-0.82424081388894677,-0.00042733135586924909,-33.991996360450813,20.74574131654537,5.1483461405405011,-1.3183939537707046,-0.82424081388894677,1,1.8307835762794629,1.7616246212198707,1,1,1
1785140843.7734425,1,1,0.99740799283270143,1.1905831847515751,0.07195342822577401,4,0,1,0,-0.61815201609151438,0.26565443213273127,-1.4767759294631497,0.547821465005354,-1.7463602381193009,0.16672785924270034,-0.00035610946322728857,0.00035610946322728857,0,-0.00071221892645457715,-0.1926552196059631,0,0.31858384748350305,-33.411481004832382,20.618199400032331,5.3468837996352505,-1.4225307589021632,-0.91041968569738441,2.9454354077102835e-15,-33.956162535484339,20.70995926035085,5.1480783945357782,-1.3900867501022636,-0.82601538500122673,0.00042733135587568838,-33.956589866840211,20.70995926035085,5.148327671160037,-1.3554088105731903,-0.82601538500122673,1,1.8307835762794629,1.7616246212198707,1,1,1
1785140843.7934425,1,1,0.99740799283270143,1.1905831847515751,0.07195342822577401,4,0,1,0,-0.61815771156473664,0.26565538137826833,-1.4767759294631497,0.54781861726874292,-1.7497068032601986,0.16672833386546887,0,-0.00035610946322728857,0,0,-0.14707320831287019,0,-0.43805279028981664,-33.849533795122198,20.52203242521875,4.8852823205300488,-1.624846244612693,-0.73971599462912485,7.5449351797228315e-16,-33.928867096490812,20.682756219437216,5.147923630862886,-1.4120352834555971,-0.82736435155589838,7.7715611723760958e-16,-33.928439765134939,20.682756219437216,5.147923630862886,-1.3855621059592804,-0.82736435155589838,1,1.8307835762794629,1.7616246212198707,1,1,1
1785140843.8134425,1,1,0.99740799283270143,1.1905831847515751,0.07195342822577401,4,0,1,0,-0.61815961005581077,0.26565585600103686,-1.4767778279542239,0.54781576953213174,-1.7522223039334022,0.16672833386546887,0,0,-0.00035610946322728857,0,-0.10718894843141386,0,-0.43805279028981664,-34.327409566347448,20.887466929510367,5.0776162701572165,-1.5869120910419687,-1.0495115821233738,1.5265200834696875e-15,-33.908332615052217,20.662301771190499,5.1477724857415934,-1.4285358364933414,-0.82837705601504252,1.4988010832439613e-15,-33.908332615052217,20.662586658761082,5.1477724857415934,-1.4092418257756869,-0.82837705601504252,1,1.8307835762794629,1.7616246212198707,1,1,1
1785140843.8334427,1,1,0.99740799283270143,1.1905831847515751,0.07195342822577401,4,0,1,0,-0.61816198316965343,0.26565633062380539,-1.4767764040859181,0.5478152949093632,-1.7541345590678055,0.16672833386546887,-0.00035610946322728857,0,0,0,-0.089027365806822148,0,-0.43805279028981664,-34.96457726131446,20.714366374845916,4.8852823205300488,-1.4857543481867037,-0.87880789105511414,3.9394451334563592e-15,-33.892762363751729,20.646786957846437,5.1476530053989773,-1.4410521092132,-0.82914698982577106,0.00042733135587668758,-33.892762363751729,20.646786957846437,5.1476530053989773,-1.425027183367972,-0.82914698982577106,1,1.8307835762794629,1.7616246212198707,1,1,1
1785140843.8534427,1,1,0.99740799283270143,1.1905831847515751,0.07195342822577401,4,0,1,0,-0.61816483090626462,0.26565822911487952,-1.4767778279542239,0.54781482028659467,-1.7556723368378393,0.16672833386546887,0,-0.00035610946322728857,0,0.00035610946322728857,-0.064811922307366515,0,0,-34.486701490089203,20.714366374845916,5.6161513291132845,-1.5553002963996985,-0.94835383926810879,1.6351553858380383e-15,-33.880271196739074,20.634274363255678,5.1475420993984118,-1.4511448702718832,-0.82976709545284255,1.609823385706477e-15,-33.879843865383201,20.634274363255678,5.147417461086282,-1.4394787242565572,-0.82976709545284255,1,1.8307835762794629,1.7616246212198707,1,1,1
1785140843.8734426,1,1,0.99740799283270143,1.1905831847515751,0.07195342822577401,4,0,1,0,-0.61816672939733874,0.26565917836041658,-1.4767858965412888,0.54781387104105761,-1.7567302709888903,0.1667288084882374,0,0,-0.00035610946322728857,0.00035610946322728857,-0.045225901829865647,-0.00035610946322728857,-0.43805279028981664,-34.168117642605701,20.714366374845916,4.8852823205300488,-1.4857543481867037,-0.91041968569738441,1.1784777866599773e-15,-33.871597380537068,20.625602253772847,5.1474501362927487,-1.4581378377109013,-0.83019518438814566,1.1657341758564144e-15,-33.871597380537068,20.62588714134343,5.1473254979806189,-1.4499971753815255,-0.83013108468476471,1,1.8307835762794629,1.7616246212198707,1,1,1
1785140843.8934426,1,1,0.99740799283270143,1.1905831847515751,0.07195342822577401,4,0,1,0,-0.61816720402010727,0.26565917836041658,-1.476789693523437,0.54781434566382614,-1.7575077030837409,0.16672928311100593,0,0,-0.00071221892645457715,0,-0.035610946322728855,0,-0.11946894280631364,-33.411481004832382,20.618199400032331,5.1545498500080829,-1.4541425535444334,-0.87880789105511414,1.6307155106929563e-15,-33.865222933958371,20.619259261588219,5.1473889767777532,-1.4632537746319134,-0.83050983258110678,1.609823385706477e-15,-33.865222933958371,20.619829036729381,5.1473889767777532,-1.4568438042938223,-0.83050983258110678,1,1.8307835762794629,1.7616246212198707,1,1,1
1785140843.9134426,1,1,0.99740799283270143,1.1905831847515751,0.07195342822577401,4,0,1,0,-0.61816720402010727,0.26565917836041658,-1.4767930158828169,0.54781434566382614,-1.7582329266740531,0.16672975773377446,0,0.00035610946322728857,-0.00035610946322728857,-0.00035610946322728857,-0.039528150418229033,0.00035610946322728857,0.79645961870875759,-33.849533795122198,20.714366374845916,5.5199843542997007,-1.4541425535444334,-0.8092619428421195,2.3206826049737798e-15,-33.85927907678041,20.613344717500944,5.1473273026701856,-1.4680236821542545,-0.83080271280394424,2.3314683517128287e-15,-33.859706408136283,20.613629605071527,5.1474519409823154,-1.4609086150789732,-0.83086681250732519,1,1.8307835762794629,1.7616246212198707,1,1,1
1785140843.9334426,1,1,0.99740799283270143,1.1905831847515751,0.07195342822577401,4,0,1,0,-0.61816767864287581,0.26565917836041658,-1.4767996606015761,0.54781434566382614,-1.7591204712512023,0.16672928311100593,-0.00035610946322728857,0,-0.00071221892645457715,-0.00035610946322728857,-0.047006449146002091,0,-0.43805279028981664,-33.849533795122198,20.618199400032331,5.3468837996352505,-1.5236885017574282,-0.91041968569738441,3.9985219957587396e-15,-33.851980169823676,20.606081989104123,5.1472477570403017,-1.4738803454731095,-0.831162128000412,0.00042733135587674309,-33.851980169823676,20.606651764245285,5.1473723953524315,-1.4654191846268292,-0.831162128000412,1,1.8307835762794629,1.7616246212198707,1,1,1
1785140843.9534426,1,1,0.99740799283270143,1.1905831847515751,0.07195342822577401,4,0,1,0,-0.6181691025111814,0.26566012760595364,-1.4768186455123173,0.54781482028659467,-1.7600725645248714,0.16672928311100593,-0.00035610946322728857,0.00035610946322728857,-0.0010683283896818657,0.00035610946322728857,-0.050211434315047689,0,-0.11946894280631364,-33.570772928574129,20.252764895740714,5.0776162701572165,-1.4541425535444334,-0.91041968569738441,1.3077522566580357e-15,-33.844068097406385,20.598168670596895,5.1471497445649765,-1.4802596077002224,-0.83155256493483964,0.00042733135587407856,-33.844495428762258,20.59902333330864,5.1470251062528467,-1.4712215495235137,-0.83155256493483964,1,1.8307835762794629,1.7616246212198707,1,1,1
1785140843.9734426,1,1,0.99740799283270143,1.1905831847515751,0.07195342822577401,4,0,1,0,-0.6181691025111814,0.26566012760595364,-1.4768528183516514,0.54781434566382614,-1.7611352449036077,0.16672975773377446,0.00035610946322728857,0.00035610946322728857,-0.0017805473161364429,0,-0.051991981631184132,0.00035610946322728857,-0.11946894280631364,-33.411481004832382,20.425865450405166,5.0776162701572165,-1.4541425535444334,-0.84087373748438976,2.0775730373004898e-15,-33.835074139828237,20.589221204611377,5.1470190187028297,-1.4874695120113697,-0.83199133606138143,-0.00042733135587069238,-33.835501471184109,20.590645642464285,5.1470190187028297,-1.4781109553177565,-0.83205543576476237,1,1.8307835762794629,1.7616246212198707,1,1,1
1785140843.9934425,1,1,0.99740799283270143,1.1905831847515751,0.07195342822577401,4,0,1,0,-0.6181691025111814,0.26565965298318511,-1.4768879404365225,0.54781434566382614,-1.7621186632799999,0.16672928311100593,0,0,-0.0021366567793637313,0,-0.049499215388593108,0,1.1150434661922606,-33.092897157348879,20.348931870554299,4.8852823205300488,-1.3529848106891684,-0.8092619428421195,2.7980552010863242e-15,-33.82670219653528,20.580913434152965,5.1468948412626698,-1.4941635764454833,-0.83239889999295147,2.7755575615628914e-15,-33.82670219653528,20.582622759576456,5.1468948412626698,-1.4852537176755365,-0.83239889999295147,1,1.8307835762794629,1.7616246212198707,1,1,1
1785140844.0134425,1,1,0.99740799283270143,1.1905831847515751,0.07195342822577401,4,0,1,0,-0.61817005175671846,0.26565965298318511,-1.4769401489410607,0.54781387104105761,-1.7630954369376324,0.16672928311100593,0,0,-0.0028488757058183086,0,-0.045582011293092937,0,0,-34.805285337572705,20.348931870554299,5.0776162701572165,-1.5553002963996985,-0.8092619428421195,1.8316460399251994e-15,-33.818233741469491,20.572490222205829,5.1467484916700172,-1.5009471503464269,-0.8328093698355139,1.8318679906315083e-15,-33.818233741469491,20.574769322770482,5.1467484916700172,-1.4927423883136701,-0.8328093698355139,1,1.8307835762794629,1.7616246212198707,1,1,1
1785140844.0334425,1,1,0.99740799283270143,1.1905831847515751,0.07195342822577401,4,0,1,0,-0.61817195024779259,0.26565965298318511,-1.477002324523738,0.54781339641828908,-1.7639910501018465,0.16672928311100593,0,-0.00035610946322728857,-0.0035610946322728858,-0.00035610946322728857,-0.048430886998911245,-0.00035610946322728857,0.63716769496700609,-33.570772928574129,20.714366374845916,4.8852823205300488,-1.4225307589021632,-0.77765014819984923,4.6160112251391407e-16,-33.810329628461673,20.564629327626413,5.146597921793477,-1.5072753327984767,-0.83319068085608261,4.4408920985006262e-16,-33.809902297105801,20.567478203332232,5.1467225601056068,-1.4985577731386728,-0.83312658115270166,1,1.8307835762794629,1.7616246212198707,1,1,1
1785140844.0534425,1,1,0.99740799283270143,1.1905831847515751,0.07195342822577401,4,0,1,0,-0.61817337411609818,0.26566012760595364,-1.4770777895439342,0.54781292179552055,-1.7650869540743801,0.16672975773377446,0.00035610946322728857,0,-0.0039172040955001743,-0.00035610946322728857,-0.062675265528002788,0,1.1150434661922606,-34.168117642605701,20.618199400032331,4.8852823205300488,-1.4857543481867037,-0.87880789105511414,3.7745613524310493e-15,-33.800682128774135,20.555013879390103,5.1464095368255212,-1.5150155896586277,-0.83365703477764963,-0.00042733135586897153,-33.800682128774135,20.558147642666501,5.146534175137651,-1.5037340418635872,-0.83365703477764963,1,1.8307835762794629,1.7616246212198707,1,1,1
1785140844.0734427,1,1,0.99740799283270143,1.1905831847515751,0.07195342822577401,4,0,1,0,-0.61817337411609818,0.26565965298318511,-1.4771532545641302,0.54781482028659467,-1.7666233079761082,0.16672975773377446,0,0,-0.0035610946322728858,0,-0.085822380637776544,0,0.63716769496700609,-34.008825718863946,20.714366374845916,5.0776162701572165,-1.4541425535444334,-0.87880789105511414,4.5188408968721883e-16,-33.78742238772282,20.541845130501585,5.1461811804739579,-1.5256221582520446,-0.83430190939240645,4.4408920985006262e-16,-33.78742238772282,20.544694006207404,5.1461811804739579,-1.5101741297372449,-0.83430190939240645,1,1.8307835762794629,1.7616246212198707,1,1,1
1785140844.0934427,1,1,0.99740799283270143,1.1905831847515751,0.07195342822577401,4,0,1,0,-0.61817195024779259,0.26565917836041658,-1.4772049884459,0.5478152949093632,-1.7685127812176222,0.1667288084882374,0,0,-0.0021366567793637313,0,-0.10113508755654996,0,0.15929192374175152,-34.168117642605701,20.348931870554299,5.0776162701572165,-1.4541425535444334,-0.8092619428421195,5.9361571609097309e-16,-33.771525435117248,20.526050278259007,5.1459140405882664,-1.538348060132998,-0.8350779309163352,6.106226635438361e-16,-33.771525435117248,20.527759603682497,5.1459140405882664,-1.520143744372819,-0.8350779309163352,1,1.8307835762794629,1.7616246212198707,1,1,1
1785140844.1134427,1,1,0.99740799283270143,1.1905831847515751,0.07195342822577401,4,0,1,0,-0.61817242487056112,0.26565965298318511,-1.477239161285234,0.54781482028659467,-1.7706462105621599,0.16672833386546887,0,0,-0.0017805473161364429,-0.00035610946322728857,-0.10754505789464115,0,0.79645961870875759,-32.77431330986537,20.887466929510367,4.8852823205300488,-1.4225307589021632,-0.87880789105511414,-1.8191165071506421e-16,-33.753854620389163,20.508447574953898,5.1456094275084512,-1.55253218862594,-0.8359439054922011,-1.6653345369377348e-16,-33.753854620389163,20.509872012806806,5.145734065820581,-1.5331740782049046,-0.8359439054922011,1,1.8307835762794629,1.7616246212198707,1,1,1
1785140844.1334426,1,1,0.99740799283270143,1.1905831847515751,0.07195342822577401,4,0,1,0,-0.61817432336163525,0.26565965298318511,-1.4772671640285773,0.54781339641828908,-1.7727886577392997,0.16672833386546887,0,0,-0.0014244378529091543,0,-0.11039393360045946,0,-0.11946894280631364,-34.96457726131446,20.425865450405166,4.789115345716465,-1.4857543481867037,-0.8092619428421195,1.7360767920536272e-15,-33.736161509916684,20.490842866758591,5.1452851920710945,-1.5667169401029475,-0.83680923970288745,1.7208456881689926e-15,-33.736161509916684,20.491982417040919,5.1452851920710945,-1.5468460320548647,-0.83680923970288745,1,1.8307835762794629,1.7616246212198707,1,1,1
1785140844.1534426,1,1,0.99740799283270143,1.1905831847515751,0.07195342822577401,4,0,1,0,-0.61817622185270937,0.26565965298318511,-1.4772956413946889,0.54781292179552055,-1.7749012036820222,0.16672833386546887,0,0,-0.0021366567793637313,-0.00035610946322728857,-0.095081226681686046,0,-0.75663663777331969,-33.092897157348879,20.348931870554299,5.6161513291132845,-1.7576157821102283,-0.84087373748438976,-1.0334767714865556e-17,-33.718715111996417,20.473483665418058,5.1449521602655253,-1.580703017965494,-0.83766298737786038,0,-33.718715111996417,20.475192990841549,5.1450767985776551,-1.5635883971627904,-0.83766298737786038,1,1.8307835762794629,1.7616246212198707,1,1,1
1785140844.1734426,1,1,0.99740799283270143,1.1905831847515751,0.07195342822577401,4,0,1,0,-0.61817812034378339,0.26565965298318511,-1.47733076347956,0.54781197254998348,-1.7766345260326899,0.16672833386546887,-0.00035610946322728857,0,-0.0014244378529091543,0,-0.08475405224809468,0,0,-34.008825718863946,20.252764895740714,5.0776162701572165,-1.5869120910419687,-0.67649240534458421,-2.4451346628351719e-16,-33.704290017410457,20.459131507308303,5.1446517554014433,-1.5922630390188641,-0.83836651002381035,0.00042733135587252424,-33.704290017410457,20.460271057590631,5.1446517554014433,-1.577007309614207,-0.83836651002381035,1,1.8307835762794629,1.7616246212198707,1,1,1
1785140844.1934426,1,1,0.99740799283270143,1.1905831847515751,0.07195342822577401,4,0,1,0,-0.61818951129022814,0.26566107685149065,-1.47736303782782,0.54780912481337229,-1.7783099444055972,0.1667288084882374,-0.00071221892645457715,0,-0.0021366567793637313,0,-0.080480738689367212,-0.00035610946322728857,-0.43805279028981664,-33.252189081090627,20.252764895740714,5.0776162701572165,-1.726003987467958,-0.91041968569738441,7.136593062690202e-16,-33.690414619734298,20.445264160906813,5.1443383487568717,-1.6034303881039496,-0.83904383780960767,0.00085466271174621422,-33.690414619734298,20.446973486330304,5.1443383487568717,-1.5889438551398634,-0.83897973810622672,1,1.8307835762794629,1.7616246212198707,1,1,1
1785140844.2134426,1,1,0.99740799283270143,1.1905831847515751,0.07195342822577401,4,0,1,0,-0.61820754695543223,0.26566155147425918,-1.4774328073747938,0.54780390396291845,-1.7798714533140576,0.16672928311100593,-0.0010683283896818657,0,-0.0042733135587274627,-0.00035610946322728857,-0.079768519762912632,0,-0.11946894280631364,-33.252189081090627,20.618199400032331,5.3468837996352505,-1.5553002963996985,-0.77765014819984923,3.4851251173727273e-16,-33.677065787020886,20.431964923775823,5.143986269937515,-1.6141314878990312,-0.83968583706089117,0.0012819940676185718,-33.677065787020886,20.435383574622804,5.1441109082496448,-1.5997731543417069,-0.83968583706089117,1,1.8307835762794629,1.7616246212198707,1,1,1
1785140844.2334425,1,1,0.99740799283270143,1.1905831847515751,0.07195342822577401,4,0,1,0,-0.61822558262063632,0.26566155147425918,-1.4775414959887869,0.54779820848969618,-1.7813755328675258,0.16672928311100593,-0.00035610946322728857,0,-0.0060538608748639056,-0.00035610946322728857,-0.069085235866093983,0,-0.11946894280631364,-33.411481004832382,20.618199400032331,5.3468837996352505,-1.4541425535444334,-0.87880789105511414,1.5841326132390037e-16,-33.663788521182596,20.418760449302219,5.1435977144552147,-1.6247487421379789,-0.84031779479919599,0.00042733135587291282,-33.663788521182596,20.423603538002109,5.1437223527673446,-1.612313399682082,-0.84031779479919599,1,1.8307835762794629,1.7616246212198707,1,1,1
1785140844.2534425,1,1,0.99740799283270143,1.1905831847515751,0.07195342822577401,4,0,1,0,-0.61823839743538667,0.26566155147425918,-1.4776924260291791,0.54779203839370527,-1.7826413517911925,0.16672928311100593,-0.0010683283896818657,0,-0.0089027365806822138,-0.00035610946322728857,-0.062675265528002788,0,-0.43805279028981664,-34.168117642605701,20.252764895740714,5.1545498500080829,-1.624846244612693,-0.73971599462912485,1.8774201533753761e-15,-33.652032805125579,20.407073253512536,5.1432022865237981,-1.6341352374677294,-0.84086902075051151,0.0012819940676201261,-33.652032805125579,20.414195442777082,5.1433269248359279,-1.6228536896726888,-0.84086902075051151,1,1.8307835762794629,1.7616246212198707,1,1,1
1785140844.2734425,1,1,0.99740799283270143,1.1905831847515751,0.07195342822577401,4,0,1,0,-0.61825690772335928,0.26566202609702771,-1.4779150241076193,0.54778634292048289,-1.7839598538421662,0.16672928311100593,-0.0010683283896818657,0,-0.012819940676182388,-0.00071221892645457715,-0.067304688549957539,0,-0.43805279028981664,-33.570772928574129,20.348931870554299,5.2507168248216667,-1.6880698338972338,-0.70810419998685459,2.9209694893932326e-15,-33.639166043417212,20.394265097573047,5.142728667672813,-1.6444116883929356,-0.84146697171441043,0.0012819940676211808,-33.639166043417212,20.404521050113992,5.1429779442970718,-1.6322968444539432,-0.84146697171441043,1,1.8307835762794629,1.7616246212198707,1,1,1
1785140844.2934425,1,1,0.99740799283270143,1.1905831847515751,0.07195342822577401,4,0,1,0,-0.61826829866980393,0.26566202609702771,-1.4782278005120799,0.54778159669279758,-1.7853799251656048,0.16672928311100593,-0.00035610946322728857,0,-0.017805473161364428,0,-0.077275753520321622,0,0.63716769496700609,-33.411481004832382,19.887330391449098,5.0776162701572165,-1.6564580392549633,-0.70810419998685459,8.3081418122463617e-16,-33.624578391370207,20.379771835209759,5.1421534805920235,-1.6560287288935054,-0.84213766357860964,0.00042733135587357896,-33.624578391370207,20.394016213738851,5.1421534805920235,-1.6421190932598475,-0.84213766357860964,1,1.8307835762794629,1.7616246212198707,1,1,1
1785140844.3134425,1,1,0.99740799283270143,1.1905831847515751,0.07195342822577401,4,0,1,0,-0.61827589263410043,0.26566155147425918,-1.4786715728006545,0.54777969820172345,-1.7869694368174083,0.16672928311100593,-0.00035610946322728857,-0.00035610946322728857,-0.026352100278819353,0,-0.074782987277730598,-0.00035610946322728857,0.31858384748350305,-33.570772928574129,20.348931870554299,4.8852823205300488,-1.6564580392549633,-0.87880789105511414,4.3460650761461062e-15,-33.607320768220902,20.362652093138344,5.141435585170762,-1.6697365053886442,-0.84292423637507619,0.00042733135587707616,-33.606893436865029,20.383733773361399,5.141435585170762,-1.6562755676786527,-0.84286013667169524,1,1.8307835762794629,1.7616246212198707,1,1,1
1785140844.3334427,1,1,0.99740799283270143,1.1905831847515751,0.07195342822577401,4,0,1,0,-0.61828396122116536,0.26566202609702771,-1.479310889669863,0.54777637584234384,-1.7883852365359303,0.16672975773377446,-0.00071221892645457715,0,-0.037747603102092589,-0.00035610946322728857,-0.070153564255775847,0.00035610946322728857,-0.11946894280631364,-33.570772928574129,20.52203242521875,5.0776162701572165,-1.5869120910419687,-0.70810419998685459,-8.1934454060863909e-17,-33.589580485435285,20.345025543387091,5.1405553684542777,-1.6838084471177575,-0.84370893529496416,0.00085466271174543707,-33.589580485435285,20.375223625868767,5.1406800067664076,-1.6711808055517179,-0.84377303499834511,1,1.8307835762794629,1.7616246212198707,1,1,1
1785140844.3534427,1,1,0.99740799283270143,1.1905831847515751,0.07195342822577401,4,0,1,0,-0.61829108056269333,0.26566202609702771,-1.4802392518051057,0.54777210423742706,-1.7899500678037703,0.16672928311100593,-0.00035610946322728857,0,-0.051991981631184132,0,-0.084397942784867397,0,-0.59734471403156819,-33.570772928574129,20.52203242521875,4.8852823205300488,-1.726003987467958,-0.91041968569738441,6.293964259788537e-16,-33.567767338385529,20.323388731039408,5.1393673054543534,-1.7010402154639408,-0.84465259067650966,0.00042733135587335691,-33.567767338385529,20.364982316344356,5.1393673054543534,-1.6858485857626646,-0.84465259067650966,1,1.8307835762794629,1.7616246212198707,1,1,1
1785140844.3734426,1,1,0.99740799283270143,1.1905831847515751,0.07195342822577401,4,0,1,0,-0.61829725065868424,0.26566250071979625,-1.4813536660656117,0.54776640876420468,-1.7917944518822739,0.16672928311100593,-0.00035610946322728857,0.00035610946322728857,-0.062319156064775498,-0.00035610946322728857,-0.10113508755654996,0,0,-33.849533795122198,20.52203242521875,4.8852823205300488,-1.5553002963996985,-0.70810419998685459,1.5297453170611901e-15,-33.541862465685689,20.297674120247532,5.1379255200084311,-1.7214948030146233,-0.84576912530312875,0.0004273313558743006,-33.542289797041562,20.347529445099351,5.1380501583205609,-1.7032904872544443,-0.84576912530312875,1,1.8307835762794629,1.7616246212198707,1,1,1
1785140844.3934426,1,1,0.99740799283270143,1.1905831847515751,0.07195342822577401,4,0,1,0,-0.6183043700002121,0.26566250071979625,-1.4827419376635589,0.54775074621284325,-1.7939634779344513,0.16672975773377446,-0.00071221892645457715,0,-0.070865783182230427,-0.0010683283896818657,-0.1089694957475503,0.00035610946322728857,0.31858384748350305,-32.77431330986537,20.348931870554299,5.0776162701572165,-1.5869120910419687,-0.94835383926810879,1.2904886280801102e-16,-33.510584365677069,20.266654946494281,5.1360804856319309,-1.7461201921520608,-0.84709670569730111,0.0008546627117456036,-33.510584365677069,20.323347573040067,5.1364544005683195,-1.7265056829175018,-0.84716080540068206,1,1.8307835762794629,1.7616246212198707,1,1,1
1785140844.4134426,1,1,0.99740799283270143,1.1905831847515751,0.07195342822577401,4,0,1,0,-0.61831576094665686,0.26566344996533331,-1.4841164452012188,0.54770043619937914,-1.7961647783348886,0.166730232356543,-0.00071221892645457715,0,-0.07122189264545771,-0.0049855324851820395,-0.1185844512546871,0,-0.11946894280631364,-34.008825718863946,20.348931870554299,4.8852823205300488,-1.6880698338972338,-0.87880789105511414,2.1273514417905485e-15,-33.479155988457755,20.23544511697137,5.1340084935437531,-1.7708440368437945,-0.84839318395350827,0.000854662711747602,-33.479155988457755,20.292422631087735,5.1357534299135672,-1.7494988356179508,-0.84839318395350827,1,1.8307835762794629,1.7616246212198707,1,1,1
1785140844.4334426,1,1,0.99740799283270143,1.1905831847515751,0.07195342822577401,4,0,1,0,-0.61833237274355535,0.26566677232471303,-1.4856627661810862,0.54760076541798808,-1.7986992639188335,0.166730232356543,-0.0010683283896818657,-0.00035610946322728857,-0.078344081910003485,-0.0017805473161364429,-0.12072110803405083,0,-0.43805279028981664,-33.092897157348879,20.618199400032331,5.4430507744488343,-1.726003987467958,-0.84087373748438976,1.1650217617055696e-15,-33.443336164597426,20.199776800616821,5.1313754519288031,-1.7990361447051395,-0.849826760432151,0.0012819940676194045,-33.442908833241553,20.262452066144824,5.1319986434894505,-1.7773063452590103,-0.849826760432151,1,1.8307835762794629,1.7616246212198707,1,1,1
1785140844.4534426,1,1,0.99740799283270143,1.1905831847515751,0.07195342822577401,4,0,1,0,-0.61836322322350978,0.26566677232471303,-1.4873614410696514,0.54759791768137689,-1.8009091075291044,0.166730232356543,-0.0021366567793637313,0,-0.095437336144913329,0,-0.11039393360045946,0,0.31858384748350305,-32.29643753864012,20.714366374845916,5.2507168248216667,-1.6564580392549633,-0.8092619428421195,1.6989115032513389e-15,-33.408581278794969,20.165325636981358,5.1292131922915143,-1.8262120077573405,-0.85127943452904498,0.0025639881352381984,-33.408581278794969,20.241675505897287,5.1292131922915143,-1.8063410997092577,-0.85127943452904498,1,1.8307835762794629,1.7616246212198707,1,1,1
1785140844.4734426,1,1,0.99740799283270143,1.1905831847515751,0.07195342822577401,4,0,1,0,-0.61840024379945502,0.2656662977019445,-1.4894326948315117,0.54759459532199717,-1.8031303420858198,0.166730232356543,-0.0017805473161364429,0,-0.10861338628432302,-0.00035610946322728857,-0.10790116735786844,0,-0.11946894280631364,-33.411481004832382,20.348931870554299,4.789115345716465,-1.8587735249654933,-0.84087373748438976,1.5853419353183001e-15,-33.369948878823863,20.127068215516385,5.1266559982572559,-1.8562564236678178,-0.85285867183574282,0.0021366567793653412,-33.369948878823863,20.213958924543842,5.1267806365693858,-1.8368342135434015,-0.85285867183574282,1,1.8307835762794629,1.7616246212198707,1,1,1
1785140844.4934425,1,1,0.99740799283270143,1.1905831847515751,0.07195342822577401,4,0,1,0,-0.61844201060308557,0.26566772157025009,-1.4915552078523735,0.54759127296261745,-1.8051536589480588,0.16672975773377446,-0.0021366567793637313,0.00035610946322728857,-0.11359891876950505,0,-0.098998430777186217,0,-0.43805279028981664,-33.252189081090627,20.425865450405166,4.9814492953436327,-1.8587735249654933,-0.67649240534458421,-5.9108921560603988e-16,-33.332394640682253,20.089807681722466,5.1240600035220529,-1.8853959808494931,-0.85437229682289151,0.0025639881352358669,-33.332821972038126,20.180686816738071,5.1240600035220529,-1.8675762633095996,-0.85437229682289151,1,1.8307835762794629,1.7616246212198707,1,1,1
1785140844.5134425,1,1,0.99740799283270143,1.1905831847515751,0.07195342822577401,4,0,1,0,-0.61849564297592929,0.26566677232471303,-1.4941509197734584,0.54758035663894133,-1.8070141802006925,0.16672928311100593,-0.0028488757058183086,0,-0.13282882978377863,0.00035610946322728857,-0.081905176542276373,-0.00035610946322728857,0,-32.77431330986537,20.348931870554299,4.8852823205300488,-1.9978654213914826,-0.94835383926810879,-8.0145450189297668e-16,-33.291207597397886,20.049077452760162,5.1209649793244507,-1.9170220834376228,-0.85596717991129834,0.0034186508469811932,-33.291207597397886,20.155340516587184,5.1208403410123209,-1.902279151660013,-0.85590308020791739,1,1.8307835762794629,1.7616246212198707,1,1,1
1785140844.5334425,1,1,0.99740799283270143,1.1905831847515751,0.07195342822577401,4,0,1,0,-0.61855971704968071,0.26566677232471303,-1.4966455370448466,0.54757608503402455,-1.8083734998097594,0.16672975773377446,-0.0035610946322728858,0,-0.12392609320309642,-0.00071221892645457715,-0.062675265528002788,-0.00035610946322728857,0,-33.849533795122198,20.348931870554299,4.789115345716465,-1.8967076785362176,-0.73971599462912485,2.5103268895085512e-15,-33.254996426453637,20.013252789362078,5.118101008442089,-1.9446317396762196,-0.85733154036453363,0.0042733135587299607,-33.254996426453637,20.112393663924554,5.1183502850663478,-1.9333501918811791,-0.85726744066115268,1,1.8307835762794629,1.7616246212198707,1,1,1
1785140844.5534425,1,1,0.99740799283270143,1.1905831847515751,0.07195342822577401,4,0,1,0,-0.61865369235784951,0.26567199317516682,-1.4993523106937674,0.54754238681745904,-1.8096469126977226,0.16672975773377446,-0.0053416419484093288,0.00035610946322728857,-0.1374582528057334,-0.0017805473161364429,-0.05519696680022973,0,-0.27876086654806514,-32.933605233607125,19.964263971299964,5.0776162701572165,-1.9978654213914826,-0.87880789105511414,3.2975772269681917e-15,-33.217335983621489,19.975780796062359,5.1148330125923209,-1.9733124180516368,-0.85869762933927563,0.0064099703380944692,-33.217763314977361,20.085747398306946,5.1154562041529683,-1.9633769640275955,-0.85869762933927563,1,1.8307835762794629,1.7616246212198707,1,1,1
1785140844.5734427,1,1,0.99740799283270143,1.1905831847515751,0.07195342822577401,4,0,1,0,-0.61879607918840818,0.26566962006132422,-1.5020961049186334,0.54750916322366194,-1.8103982405403041,0.166730232356543,-0.0085466271174549253,0,-0.14101934743800626,-0.0021366567793637313,-0.030269304374319527,0.00035610946322728857,0,-32.29643753864012,19.964263971299964,5.2507168248216667,-2.0610890106760231,-0.87880789105511414,4.7999892766826847e-16,-33.183086853357835,19.942041578239717,5.1116453049680572,-1.9988371083075385,-0.85986316595530077,0.01025595254094641,-33.183086853357835,20.054857056190123,5.1123931348408345,-1.9933886335201609,-0.85992726565868172,1,1.8307835762794629,1.7616246212198707,1,1,1
1785140844.5934427,1,1,0.99740799283270143,1.1905831847515751,0.07195342822577401,4,0,1,0,-0.61898355518197712,0.26566772157025009,-1.5049205850141494,0.54748353359416146,-1.811059390056865,0.16672975773377446,-0.009971064970364079,0,-0.13959490958509713,-0.00071221892645457715,-0.031337632764001394,0,-0.11946894280631364,-32.77431330986537,19.791163416635513,4.789115345716465,-2.0990231642467476,-0.87880789105511414,5.1946433837857882e-16,-33.148603474420838,19.908060053911864,5.1084050118796016,-2.024370491764512,-0.86102099315631353,0.011965277964437394,-33.148603474420838,20.019735981579942,5.1086542885038604,-2.0187297178669916,-0.86102099315631353,1,1.8307835762794629,1.7616246212198707,1,1,1
1785140844.6134427,1,1,0.99740799283270143,1.1905831847515751,0.07195342822577401,4,0,1,0,-0.61918432061306483,0.26566914543855569,-1.507560911475476,0.54745885321019794,-1.8114371897806141,0.1667307069793115,-0.009971064970364079,0.00035610946322728857,-0.12962384461473303,-0.0010683283896818657,-0.0092588460439095022,0,-0.27876086654806514,-33.092897157348879,19.791163416635513,5.2507168248216667,-2.1685691124597422,-0.91041968569738441,2.81857138520238e-15,-33.118253697550749,19.878035202199644,5.1053994580288817,-2.0467036802518579,-0.8620033912416134,0.011965277964439726,-33.118681028906622,19.98173427789143,5.1057733729652703,-2.0450370879639541,-0.8620033912416134,1,1.8307835762794629,1.7616246212198707,1,1,1
1785140844.6334426,1,1,0.99740799283270143,1.1905831847515751,0.07195342822577401,4,0,1,0,-0.61940217246381968,0.26566914543855569,-1.5100322722312063,0.54741186555611354,-1.8115487261312182,0.16673213084761709,-0.010683283896818658,0,-0.11324280930627777,-0.0035610946322728858,-0.0042733135587274627,0.00035610946322728857,-0.11946894280631364,-32.933605233607125,19.694996441821928,5.2507168248216667,-2.2001809071020122,-0.94835383926810879,2.7019673512429806e-15,-33.091578989403345,19.851718064207677,5.1024865612118813,-2.066039646099382,-0.86279851766549842,0.012819940676185108,-33.091578989403345,19.942312311652699,5.1037329443331769,-2.065270449658811,-0.86286261736887937,1,1.8307835762794629,1.7616246212198707,1,1,1
1785140844.6534426,1,1,0.99740799283270143,1.1905831847515751,0.07195342822577401,4,0,1,0,-0.61964138233915822,0.2656648738336389,-1.5120560637162139,0.54735823318326982,-1.8115605917004316,0.16673165622484856,-0.013532159602636965,-0.00035610946322728857,-0.091520132049413158,-0.0021366567793637313,-0.00035610946322728857,0,-0.59734471403156819,-32.615021386123622,19.791163416635513,5.0776162701572165,-2.1685691124597422,-0.91041968569738441,8.5303320965952033e-16,-33.070113554723619,19.830732228413019,5.1000195268661503,-2.0813286204491845,-0.86339852527876737,0.016238591523165188,-33.069686223367746,19.903948334052551,5.1007673567389276,-2.0812645207458038,-0.86339852527876737,1,1.8307835762794629,1.7616246212198707,1,1,1
1785140844.6734426,1,1,0.99740799283270143,1.1905831847515751,0.07195342822577401,4,0,1,0,-0.61992188439535889,0.26566392458810184,-1.5136930376448703,0.54732785732608391,-1.8115724572696448,0.16673165622484856,-0.012819940676182388,0,-0.070865783182230427,-0.0010683283896818657,-0.0010683283896818657,-0.00035610946322728857,0,-33.092897157348879,19.329561937530311,5.3468837996352505,-2.4024963928125422,-0.8092619428421195,1.0176415949680273e-15,-33.052770158285298,19.813669208538936,5.0980809120142023,-2.093718428186083,-0.86389618895040943,0.015383928811419863,-33.052770158285298,19.870361835084722,5.0984548269505909,-2.0935261290759404,-0.86383208924702848,1,1.8307835762794629,1.7616246212198707,1,1,1
1785140844.6934426,1,1,0.99740799283270143,1.1905831847515751,0.07195342822577401,4,0,1,0,-0.62015729728854929,0.26566582307917597,-1.5147799237848016,0.54730365156488892,-1.8115791019884042,0.16673165622484856,-0.011395502823273234,0,-0.043445354513729204,-0.0014244378529091543,0,0,-0.59734471403156819,-33.411481004832382,19.233394962716726,4.8852823205300488,-2.0294772160337526,-0.8092619428421195,7.8823650635504275e-16,-33.041312900182128,19.802288664291325,5.096760407851221,-2.1019539480436964,-0.86422154687359731,0.013674603387928658,-33.041312900182128,19.837044947902307,5.0972589610997394,-2.1019539480436964,-0.86422154687359731,1,1.8307835762794629,1.7616246212198707,1,1,1
1785140844.7134426,1,1,0.99740799283270143,1.1905831847515751,0.07195342822577401,4,0,1,0,-0.62038796395405438,0.26566534845640744,-1.5154026288571116,0.54727232646216606,-1.8115795766111726,0.16673165622484856,-0.011039393360045946,0,-0.019942129940728158,-0.0010683283896818657,0,0,-0.59734471403156819,-32.137145614898365,19.521895887157477,4.8852823205300488,-2.1685691124597422,-0.87880789105511414,1.3351463040352313e-15,-33.034690054235014,19.795778496230263,5.0959022929820481,-2.1066432445770382,-0.86438785109371885,0.013247272032056468,-33.034690054235014,19.811732200182846,5.0962762079184367,-2.1066432445770382,-0.86438785109371885,1,1.8307835762794629,1.7616246212198707,1,1,1
1785140844.7334425,1,1,0.99740799283270143,1.1905831847515751,0.07195342822577401,4,0,1,0,-0.62061198590080002,0.26566297534256478,-1.5155758661676246,0.54725334155142491,-1.8115833735933209,0.16673165622484856,-0.012107721749727811,0,0.00035610946322728857,-0.0014244378529091543,-0.00035610946322728857,0,0,-32.77431330986537,19.425728912343896,5.2507168248216667,-2.0990231642467476,-0.84087373748438976,1.3751686504705716e-15,-33.032729281409885,19.793947292874343,5.0956048477584952,-2.107957233717789,-0.8644242499247955,0.014529266099674761,-33.032729281409885,19.79366240530376,5.0961034010070136,-2.1078931340144083,-0.8644242499247955,1,1.8307835762794629,1.7616246212198707,1,1,1
1785140844.7534425,1,1,0.99740799283270143,1.1905831847515751,0.07195342822577401,4,0,1,0,-0.62088774172931538,0.26566012760595364,-1.5155630513528744,0.54723625513175778,-1.8115862213299321,0.16673165622484856,-0.014244378529091543,-0.00035610946322728857,0.00071221892645457715,-0.00071221892645457715,0,0,0,-32.137145614898365,19.598829467008347,5.1545498500080829,-2.2001809071020122,-0.97996563391037905,-1.0586777489188623e-16,-33.032725349983906,19.794066218205451,5.0955216714579459,-2.1078627075356606,-0.86440288214658467,0.01709325423490974,-33.032298018628033,19.793496443064289,5.0957709480822047,-2.1078627075356606,-0.86440288214658467,1,1.8307835762794629,1.7616246212198707,1,1,1
1785140844.7734425,1,1,0.99740799283270143,1.1905831847515751,0.07195342822577401,4,0,1,0,-0.62118105860026629,0.26565633062380539,-1.5155583051251891,0.54721584635271103,-1.8115862213299321,0.16673165622484856,-0.016024925845227987,-0.00035610946322728857,0.00035610946322728857,-0.0014244378529091543,0,0,-0.11946894280631364,-33.411481004832382,19.964263971299964,4.9814492953436327,-2.1685691124597422,-0.87880789105511414,1.8040508413234191e-15,-33.032623211443131,19.794129524057183,5.0954122519297655,-2.1078044761834369,-0.86437928161448208,0.019229911014275361,-33.032195880087258,19.7938446364866,5.095910805178284,-2.1078044761834369,-0.86437928161448208,1,1.8307835762794629,1.7616246212198707,1,1,1
1785140844.7934425,1,1,0.99740799283270143,1.1905831847515751,0.07195342822577401,4,0,1,0,-0.62154794200033914,0.26565680524657392,-1.5155583051251891,0.54717977502230286,-1.8115900183120803,0.16673165622484856,-0.019942129940728158,0,0,-0.0021366567793637313,0,0,0.31858384748350305,-32.77431330986537,20.060430946113549,4.9814492953436327,-2.0610890106760231,-0.91041968569738441,1.2612366707792707e-15,-33.032562983046638,19.794049249472117,5.0952007930528564,-2.1078428527818316,-0.86434398582603733,0.023930555928875066,-33.032562983046638,19.794049249472117,5.0959486229256337,-2.1078428527818316,-0.86434398582603733,1,1.8307835762794629,1.7616246212198707,1,1,1
1785140844.8134425,1,1,0.99740799283270143,1.1905831847515751,0.07195342822577401,4,0,1,0,-0.6219513713535888,0.26565680524657392,-1.5155583051251891,0.54712899038607032,-1.8115900183120803,0.16673118160208003,-0.021366567793637315,0,0,-0.0024927662425910197,0.00035610946322728857,0,0,-34.008825718863946,19.964263971299964,5.2507168248216667,-2.0610890106760231,-0.84087373748438976,1.933763432782345e-15,-33.032498450154463,19.793985473711459,5.0949058482975085,-2.1078579065661929,-0.86429214429675671,0.025639881352366719,-33.032498450154463,19.793985473711459,5.0957783164824155,-2.1079220062695736,-0.86429214429675671,1,1.8307835762794629,1.7616246212198707,1,1,1
1785140844.8334427,1,1,0.99740799283270143,1.1905831847515751,0.07195342822577401,4,0,1,0,-0.62239466901939489,0.26565680524657392,-1.5155578305024207,0.54706206857570772,-1.8115909675576174,0.16673118160208003,-0.022434896183319179,0.00035610946322728857,0,-0.0046294230219547511,0,0,-0.11946894280631364,-32.615021386123622,19.964263971299964,4.6929483709028812,-2.0294772160337526,-0.94835383926810879,9.8342327155909929e-16,-33.032411051295419,19.793899039134178,5.0945167612257718,-2.1078799959086512,-0.86422387615343943,0.026921875419984014,-33.032838382651292,19.793899039134178,5.0961370592834561,-2.1078799959086512,-0.86422387615343943,1,1.8307835762794629,1.7616246212198707,1,1,1
1785140844.8534427,1,1,0.99740799283270143,1.1905831847515751,0.07195342822577401,4,0,1,0,-0.62287213952453502,0.26565680524657392,-1.5155540335202724,0.54696239779431666,-1.8115919168031545,0.1667307069793115,-0.025995990815592066,0,0,-0.0053416419484093288,0,0,-0.27876086654806514,-33.570772928574129,20.15659792092713,5.0776162701572165,-2.1306349588890177,-0.94835383926810879,2.2560672202115967e-15,-33.032317054369095,19.793806005650104,5.0939412110430835,-2.1078868839640394,-0.86412115730787742,0.031195188978712755,-33.032317054369095,19.793806005650104,5.0958107857250265,-2.1078868839640394,-0.86412115730787742,1,1.8307835762794629,1.7616246212198707,1,1,1
1785140844.8734426,1,1,0.99740799283270143,1.1905831847515751,0.07195342822577401,4,0,1,0,-0.62339280070161129,0.26565680524657392,-1.5155526096519669,0.54683804662896196,-1.8115933406714599,0.1667307069793115,-0.02742042866850122,0,0,-0.0060538608748639056,-0.00035610946322728857,-0.00035610946322728857,0.31858384748350305,-32.933605233607125,20.060430946113549,4.9814492953436327,-2.0990231642467476,-0.87880789105511414,1.783379716126065e-16,-33.032163119359744,19.793653769506555,5.0932187912551505,-2.1079216757350778,-0.86399398248760573,0.032904514402201629,-33.032163119359744,19.793653769506555,5.0953376425613532,-2.1078575760316971,-0.86392988278422478,1,1.8307835762794629,1.7616246212198707,1,1,1
1785140844.8934426,1,1,0.99740799283270143,1.1905831847515751,0.07195342822577401,4,0,1,0,-0.62399082538995776,0.26565633062380539,-1.5155526096519669,0.54670562687654245,-1.811599510767451,0.1667307069793115,-0.030981523300774104,0,-0.00035610946322728857,-0.0071221892645457717,-0.00035610946322728857,-0.00035610946322728857,-0.27876086654806514,-33.849533795122198,19.964263971299964,5.3468837996352505,-2.0990231642467476,-0.73971599462912485,2.5476210901176507e-15,-33.031930302519648,19.79344389362166,5.0924469152253584,-2.1079962741491127,-0.86386066845353926,0.037177827960931477,-33.031930302519648,19.793728781192243,5.0949396814679497,-2.107932174445732,-0.86379656875015831,1,1.8307835762794629,1.7616246212198707,1,1,1
1785140844.9134426,1,1,0.99740799283270143,1.1905831847515751,0.07195342822577401,4,0,1,0,-0.62459881715644339,0.26565538137826833,-1.515547388801513,0.54651720163743644,-1.8116175464326549,0.16673118160208003,-0.032049851690455974,0,0.00071221892645457715,-0.010683283896818658,-0.0010683283896818657,0.00035610946322728857,0.15929192374175152,-32.455729462381868,19.425728912343896,5.3468837996352505,-2.1685691124597422,-0.77765014819984923,1.5681073259121424e-15,-33.03157136230822,19.793129146287935,5.0913512099265477,-2.1081200714293375,-0.86367264238117769,0.038459822028548724,-33.03157136230822,19.792559371146773,5.0950903592904346,-2.1079277723191949,-0.86373674208455864,1,1.8307835762794629,1.7616246212198707,1,1,1
1785140844.9334426,1,1,0.99740799283270143,1.1905831847515751,0.07195342822577401,4,0,1,0,-0.62525427119978194,0.2656534828871942,-1.5155340993639941,0.54628748421746842,-1.8116365313433962,0.1667307069793115,-0.031337632764001394,0,0.00071221892645457715,-0.013532159602636965,-0.00071221892645457715,0,0.47787577122525454,-32.77431330986537,19.964263971299964,5.0776162701572165,-2.2001809071020122,-0.91041968569738441,5.3288955948617758e-17,-33.031205892666961,19.792848793052109,5.0900254312608091,-2.1081946171969959,-0.86344005744306973,0.03760515931680173,-33.031205892666961,19.792279017910946,5.0947616871217321,-2.108066417790234,-0.86344005744306973,1,1.8307835762794629,1.7616246212198707,1,1,1
1785140844.9534426,1,1,0.99740799283270143,1.1905831847515751,0.07195342822577401,4,0,1,0,-0.6258765016493234,0.2656534828871942,-1.5155227084175495,0.5459742331902393,-1.8116483969126094,0.1667307069793115,-0.033118180080137838,0,0.00035610946322728857,-0.016737144771682564,-0.00071221892645457715,0,0.31858384748350305,-33.252189081090627,20.060430946113549,5.3468837996352505,-2.2001809071020122,-0.87880789105511414,2.551452522815981e-15,-33.030834826938467,19.792481174909366,5.0882104204559475,-2.1082764661483337,-0.86312022000624644,0.039741816096167955,-33.030834826938467,19.792196287338783,5.0940684211260363,-2.1081482667415719,-0.86312022000624644,1,1.8307835762794629,1.7616246212198707,1,1,1
1785140844.9734426,1,1,0.99740799283270143,1.1905831847515751,0.07195342822577401,4,0,1,0,-0.62653148106989343,0.26565253364165714,-1.5155203353037068,0.54559311110711051,-1.8116873159796287,0.166730232356543,-0.031693742227228684,0,0.00035610946322728857,-0.022078786720091892,-0.003204985169045597,0,0.63716769496700609,-33.570772928574129,19.791163416635513,4.8852823205300488,-2.2001809071020122,-0.91041968569738441,4.1416746893725645e-15,-33.030035277371134,19.791729911212688,5.0859833597342181,-2.108611889452225,-0.86274391056247735,0.038032490672678582,-33.030035277371134,19.791445023642105,5.0937109350862499,-2.1080349921217967,-0.86274391056247735,1,1.8307835762794629,1.7616246212198707,1,1,1
1785140844.9934425,1,1,0.99740799283270143,1.1905831847515751,0.07195342822577401,4,0,1,0,-0.6271176401890266,0.26565110977335155,-1.5155094189800307,0.54508336625371046,-1.8117798674194918,0.166730232356543,-0.028488757058183087,0,0.00071221892645457715,-0.02991319491109224,-0.0049855324851820395,0,0.63716769496700609,-33.730064852315884,19.521895887157477,5.0776162701572165,-1.9599312678207581,-0.91041968569738441,2.7369614763757678e-15,-33.028720003781608,19.790486372041872,5.0829996286266912,-2.1092599290795202,-0.8622533833987388,0.034186508469822421,-33.028720003781608,19.78991659690071,5.0934692468455731,-2.1083625332321874,-0.8622533833987388,1,1.8307835762794629,1.7616246212198707,1,1,1
1785140845.0134425,1,1,0.99740799283270143,1.1905831847515751,0.07195342822577401,4,0,1,0,-0.62767152495989997,0.26565016052781448,-1.5154714491585484,0.5443685843643058,-1.8118828605602626,0.166730232356543,-0.025639881352364776,0,0.0024927662425910197,-0.039172040955001743,-0.0049855324851820395,0,1.1150434661922606,-33.092897157348879,19.425728912343896,4.9814492953436327,-2.2317927017442827,-0.77765014819984923,4.3156745858033784e-15,-33.027364305764323,19.789181147815974,5.0788447820304166,-2.1098352543046328,-0.86154801948140058,0.030767857622842058,-33.027364305764323,19.7871869348219,5.092554996364667,-2.1089378584573,-0.86154801948140058,1,1.8307835762794629,1.7616246212198707,1,1,1
1785140845.0334425,1,1,0.99740799283270143,1.1905831847515751,0.07195342822577401,4,0,1,0,-0.62811150026632634,0.26564921128227748,-1.5154154436718619,0.54345635940319303,-1.8119958207791727,0.1667307069793115,-0.019942129940728158,-0.00035610946322728857,0.0024927662425910197,-0.048074777535683955,-0.006409970338091194,0.00035610946322728857,0,-32.29643753864012,19.887330391449098,4.789115345716465,-2.0610890106760231,-0.91041968569738441,1.853555253793395e-16,-33.025871575922054,19.787739554268441,5.0735512211586205,-2.1103967587894688,-0.86063769435265192,0.023930555928873956,-33.025444244566181,19.785745341274367,5.0903773932961096,-2.1092429641286121,-0.86070179405603287,1,1.8307835762794629,1.7616246212198707,1,1,1
1785140845.0534425,1,1,0.99740799283270143,1.1905831847515751,0.07195342822577401,4,0,1,0,-0.62847601055255653,0.26564826203674041,-1.5153807962097594,0.54241693554011461,-1.8121420045918795,0.166730232356543,-0.016381035308455274,0,0.0014244378529091543,-0.057689733042820747,-0.0085466271174549253,0,-0.27876086654806514,-32.29643753864012,20.15659792092713,5.1545498500080829,-2.1685691124597422,-0.77765014819984923,2.3464716390950509e-15,-33.023728974975654,19.785654401474218,5.0674785200768273,-2.1113695173782121,-0.85961607507379789,0.01965724237014866,-33.023728974975654,19.78451485119189,5.0876699266418148,-2.1098311244970702,-0.85961607507379789,1,1.8307835762794629,1.7616246212198707,1,1,1
1785140845.0734427,1,1,0.99740799283270143,1.1905831847515751,0.07195342822577401,4,0,1,0,-0.62876647968689625,0.26564826203674041,-1.5153736768682313,0.5411468450115311,-1.812371247389079,0.166730232356543,-0.013888269065864253,0,0,-0.072646330498366871,-0.011751612286500523,-0.00035610946322728857,0,-32.29643753864012,19.791163416635513,5.1545498500080829,-2.0990231642467476,-0.87880789105511414,1.4727503962759189e-15,-33.020375784681541,19.782327877279467,5.0599960050735548,-2.1131565306976361,-0.85839775004993479,0.016665922879038602,-33.020375784681541,19.782327877279467,5.0854222207479829,-2.1110412404860659,-0.85833365034655384,1,1.8307835762794629,1.7616246212198707,1,1,1
1785140845.0934427,1,1,0.99740799283270143,1.1905831847515751,0.07195342822577401,4,0,1,0,-0.62900474031669784,0.26564873665950894,-1.5153679813950089,0.53950132787304117,-1.8125791321616946,0.166730232356543,-0.009971064970364079,0,0.00035610946322728857,-0.08546627117454926,-0.0096149555071367906,0,-0.27876086654806514,-33.411481004832382,19.694996441821928,5.1545498500080829,-2.0990231642467476,-0.91041968569738441,1.0366051292490571e-15,-33.016723967358601,19.778686969972284,5.0503114913662976,-2.1149322790829959,-0.85678446037655054,0.011965277964437949,-33.016723967358601,19.778402082401701,5.0802246862773899,-2.1132015870917114,-0.85678446037655054,1,1.8307835762794629,1.7616246212198707,1,1,1
1785140845.1134427,1,1,0.99740799283270143,1.1905831847515751,0.07195342822577401,4,0,1,0,-0.62916801054907179,0.26564826203674041,-1.51534187714274,0.53770203295754782,-1.8127675574008006,0.166730232356543,-0.0074782987277730601,0,0.0021366567793637313,-0.095437336144913329,-0.0092588460439095022,0,0,-33.252189081090627,19.598829467008347,5.0776162701572165,-2.1306349588890177,-0.94835383926810879,4.1717650421705175e-16,-33.013222837736478,19.775236731098936,5.0397402815504808,-2.116468931891863,-0.85499649563855762,0.0089739584733281152,-33.013222837736478,19.773527405675445,5.0731433492012004,-2.1148023396039592,-0.85499649563855762,1,1.8307835762794629,1.7616246212198707,1,1,1
1785140845.1334426,1,1,0.99740799283270143,1.1905831847515751,0.07195342822577401,4,0,1,0,-0.62929331095996344,0.26564873665950894,-1.5153039073212575,0.5357105158208002,-1.8129820868921758,0.166730232356543,-0.0053416419484093288,0.00035610946322728857,0.00035610946322728857,-0.09828621185073165,-0.013532159602636965,0,0.15929192374175152,-33.411481004832382,19.598829467008347,4.9814492953436327,-2.2317927017442827,-0.87880789105511414,2.1061553542042905e-15,-33.009435085072148,19.771460507033417,5.0280277024736968,-2.1181486453153684,-0.85301457123483926,0.0064099703380933034,-33.009862416428021,19.771175619462834,5.0624278766214532,-2.1157128565868937,-0.85301457123483926,1,1.8307835762794629,1.7616246212198707,1,1,1
1785140845.1534426,1,1,0.99740799283270143,1.1905831847515751,0.07195342822577401,4,0,1,0,-0.6293868116453637,0.26564921128227748,-1.515302483452952,0.53376503709259993,-1.8133622597297674,0.166730232356543,-0.0042733135587274627,0,0,-0.098642321313958933,-0.023503224573001046,0,0.15929192374175152,-32.933605233607125,19.887330391449098,4.789115345716465,-2.0610890106760231,-0.8092619428421195,1.0807952469873862e-15,-33.004001992184932,19.766050007134062,5.0164785290377036,-2.121156707972347,-0.85115346854326079,0.0051279762704740097,-33.004001992184932,19.766050007134062,5.051003341497589,-2.1169261275492066,-0.85115346854326079,1,1.8307835762794629,1.7616246212198707,1,1,1
1785140845.1734426,1,1,0.99740799283270143,1.1905831847515751,0.07195342822577401,4,0,1,0,-0.62946654827047654,0.26565016052781448,-1.5153029580757207,0.53173887249374974,-1.8140110690543465,0.166730232356543,-0.0035610946322728858,0.00035610946322728857,0,-0.098642321313958933,-0.043445354513729204,-0.00035610946322728857,-0.59734471403156819,-32.77431330986537,19.694996441821928,5.1545498500080829,-1.9599312678207581,-0.87880789105511414,1.3155851215337397e-15,-32.996327627689993,19.758389287352347,5.0043533832615932,-2.1259403739017868,-0.84931160468236255,0.0042733135587287949,-32.996754959045866,19.758389287352347,5.0388781957214785,-2.1181202100893155,-0.8492475049789816,1,1.8307835762794629,1.7616246212198707,1,1,1
1785140845.1934426,1,1,0.99740799283270143,1.1905831847515751,0.07195342822577401,4,0,1,0,-0.62953252083530209,0.26564921128227748,-1.5153001103391095,0.52980098772984596,-1.8151273818059268,0.166730232356543,-0.003204985169045597,0,0.00035610946322728857,-0.10077897809332266,-0.065168031770593812,0,-0.27876086654806514,-32.77431330986537,19.791163416635513,4.9814492953436327,-2.0610890106760231,-0.87880789105511414,1.983098337539782e-15,-32.98501602089047,19.74719035506347,4.9925952170481089,-2.1336799764100789,-0.84773886064647119,0.0038459822028567145,-32.98501602089047,19.746905467492887,5.0278678593807715,-2.1219497306913722,-0.84773886064647119,1,1.8307835762794629,1.7616246212198707,1,1,1
1785140845.2134426,1,1,0.99740799283270143,1.1905831847515751,0.07195342822577401,4,0,1,0,-0.6295980187773591,0.26564968590504601,-1.5152948894886555,0.5275868725146583,-1.81665566712059,0.1667307069793115,-0.003204985169045597,0.00035610946322728857,0,-0.11146226199014132,-0.090095694196504011,0.00035610946322728857,0,-33.092897157348879,19.887330391449098,5.0776162701572165,-2.0294772160337526,-0.91041968569738441,1.8374095379188489e-15,-32.970160440122285,19.732404771652597,4.9790583733079128,-2.1441658106163946,-0.84603763444864566,0.0038459822028565479,-32.970587771478158,19.732404771652597,5.0180701650044623,-2.1279485856610236,-0.84610173415202661,1,1.8307835762794629,1.7616246212198707,1,1,1
1785140845.2334425,1,1,0.99740799283270143,1.1905831847515751,0.07195342822577401,4,0,1,0,-0.62968250163015727,0.26565158439612008,-1.5152963133569612,0.52537797814992448,-1.8186927480431163,0.166730232356543,-0.0042733135587274627,0.00035610946322728857,0,-0.11644779447532336,-0.10398396326236826,0,-0.11946894280631364,-33.570772928574129,20.060430946113549,4.8852823205300488,-2.0990231642467476,-0.77765014819984923,2.5966489366797581e-15,-32.951248836796985,19.713521312327273,4.965358077027278,-2.1580144369802894,-0.84454031231040039,0.0051279762704755641,-32.951676168152858,19.713521312327273,5.0061148050936408,-2.139297323593063,-0.84454031231040039,1,1.8307835762794629,1.7616246212198707,1,1,1
1785140845.2534425,1,1,0.99740799283270143,1.1905831847515751,0.07195342822577401,4,0,1,0,-0.62976033976419599,0.26565205901888861,-1.5152963133569612,0.52295123193443582,-1.8208176341778206,0.166730232356543,-0.003204985169045597,0,0.00035610946322728857,-0.11894056071791438,-0.11466724715918691,0.00035610946322728857,-0.43805279028981664,-32.615021386123622,20.252764895740714,5.0776162701572165,-2.2001809071020122,-0.87880789105511414,6.1091731922130807e-16,-32.931353934729145,19.693723035606801,4.9503045645122405,-2.1725004294991845,-0.84284743151093677,0.0038459822028553267,-32.931353934729145,19.693438148036218,4.9919337607635104,-2.151860325010531,-0.84291153121431772,1,1.8307835762794629,1.7616246212198707,1,1,1
1785140845.2734425,1,1,0.99740799283270143,1.1905831847515751,0.07195342822577401,4,0,1,0,-0.62983295704778086,0.26565205901888861,-1.5152963133569612,0.5206388698061627,-1.8232866218197084,0.16672975773377446,-0.0046294230219547511,0,0,-0.11644779447532336,-0.12356998373986913,0,0.63716769496700609,-32.615021386123622,19.791163416635513,5.2507168248216667,-2.0610890106760231,-0.73971599462912485,1.7610337966202697e-15,-32.908866843943876,19.6713646476334,4.9357800318957565,-2.1891967019658107,-0.84140476392849761,0.0055553076263474771,-32.908866843943876,19.6713646476334,4.9765367599621193,-2.1669541048926342,-0.84140476392849761,1,1.8307835762794629,1.7616246212198707,1,1,1
1785140845.2934425,1,1,0.99740799283270143,1.1905831847515751,0.07195342822577401,4,0,1,0,-0.62993642481132017,0.26565205901888861,-1.5152967879797297,0.51824582180723966,-1.8256644818900385,0.166730232356543,-0.0049855324851820395,0,0,-0.11644779447532336,-0.12250165535018727,0.00035610946322728857,-0.27876086654806514,-33.411481004832382,19.887330391449098,5.1545498500080829,-2.1685691124597422,-0.87880789105511414,3.1063695256361995e-15,-32.887021478900152,19.649645648203627,4.9207608003773311,-2.2053604387202572,-0.83983992879663905,0.005982638982221556,-32.887021478900152,19.649645648203627,4.9615175284436939,-2.1833101407572233,-0.83990402850001999,1,1.8307835762794629,1.7616246212198707,1,1,1
1785140845.3134425,1,1,0.99740799283270143,1.1905831847515751,0.07195342822577401,4,0,1,0,-0.63001378832259047,0.26565158439612008,-1.5152963133569612,0.51595814006292995,-1.8283171485433469,0.166730232356543,-0.003204985169045597,0,0.00035610946322728857,-0.12036499857082354,-0.13638992441605152,0,-0.43805279028981664,-33.092897157348879,19.521895887157477,4.9814492953436327,-2.2001809071020122,-0.70810419998685459,3.5392603343123923e-15,-32.86313926458358,19.625919174424958,4.9062357622173014,-2.2232832836814036,-0.83848899022258916,0.0038459822028582688,-32.86313926458358,19.625634286854375,4.9483635117170897,-2.1987330972865142,-0.83848899022258916,1,1.8307835762794629,1.7616246212198707,1,1,1
1785140845.3334427,1,1,0.99740799283270143,1.1905831847515751,0.07195342822577401,4,0,1,0,-0.63009067721109213,0.26565063515058301,-1.5152958387341926,0.51342175598791118,-1.8310405339891662,0.166730232356543,-0.0042733135587274627,-0.00035610946322728857,0,-0.12677496890891474,-0.14244378529091542,0,-0.27876086654806514,-32.455729462381868,19.137227987903145,4.789115345716465,-2.2317927017442827,-0.94835383926810879,1.1890311879442029e-15,-32.83840066901287,19.601363278926506,4.8901557713517603,-2.2417740014850041,-0.83690337940548465,0.0051279762704741208,-32.837973337656997,19.601363278926506,4.9345270104698802,-2.2161341201326392,-0.83690337940548465,1,1.8307835762794629,1.7616246212198707,1,1,1
1785140845.3534427,1,1,0.99740799283270143,1.1905831847515751,0.07195342822577401,4,0,1,0,-0.63016804072236232,0.26564921128227748,-1.5152958387341926,0.51094090277681015,-1.834059609419779,0.166730232356543,-0.0035610946322728858,-0.00035610946322728857,0,-0.12713107837214202,-0.15134652187159764,0,0,-32.615021386123622,19.887330391449098,4.789115345716465,-2.2001809071020122,-0.94835383926810879,-2.9893293845570461e-16,-32.811392656754265,19.574569019189205,4.8742516088286179,-2.2621910005922903,-0.8354879253273737,0.0042733135587271851,-32.810965325398392,19.574569019189205,4.9187474862588676,-2.2349486266554028,-0.8354879253273737,1,1.8307835762794629,1.7616246212198707,1,1,1
1785140845.3734426,1,1,0.99740799283270143,1.1905831847515751,0.07195342822577401,4,0,1,0,-0.63024872659301234,0.26565016052781448,-1.5152963133569612,0.50840831568393963,-1.8368024543991079,0.1667307069793115,-0.0046294230219547511,0,0,-0.11965277964436896,-0.1281994067618239,0,0.31858384748350305,-32.29643753864012,19.694996441821928,4.3275138666112634,-2.4024963928125422,-0.87880789105511414,3.6314006456906926e-16,-32.786613290093847,19.549889925348943,4.8580811294705306,-2.2808894953296521,-0.83390856581089134,0.0055553076263460894,-32.786613290093847,19.549889925348943,4.8999596023460601,-2.2578136021125239,-0.83390856581089134,1,1.8307835762794629,1.7616246212198707,1,1,1
1785140845.3934426,1,1,0.99740799283270143,1.1905831847515751,0.07195342822577401,4,0,1,0,-0.63034460039225515,0.26565016052781448,-1.5152982118480354,0.50614673819189904,-1.8392956478021907,0.1667307069793115,-0.0053416419484093288,0,0,-0.11324280930627777,-0.11965277964436896,-0.00035610946322728857,-0.43805279028981664,-33.570772928574129,19.425728912343896,4.6929483709028812,-2.2317927017442827,-0.67649240534458421,3.6125567431489161e-15,-32.764117862749885,19.527522806382382,4.8435822524044401,-2.2979015991309559,-0.83251301830604518,0.0064099703380948022,-32.764117862749885,19.527522806382382,4.883217235661637,-2.2763640987949696,-0.83244891860266423,1,1.8307835762794629,1.7616246212198707,1,1,1
1785140845.4134426,1,1,0.99740799283270143,1.1905831847515751,0.07195342822577401,4,0,1,0,-0.63045518749732243,0.26565063515058301,-1.5152958387341926,0.5038799398494046,-1.8414466381891639,0.16673118160208003,-0.0056977514116366172,0,0,-0.11039393360045946,-0.1029156348726864,0,-0.11946894280631364,-32.29643753864012,19.233394962716726,4.9814492953436327,-2.4024963928125422,-0.84087373748438976,6.724746094669032e-16,-32.744405682610278,19.507904558140513,4.8291461040527315,-2.3126917357611316,-0.83097485692106832,0.0068373016939646068,-32.744405682610278,19.507904558140513,4.8677839808128924,-2.2941669214840479,-0.83097485692106832,1,1.8307835762794629,1.7616246212198707,1,1,1
1785140845.4334426,1,1,0.99740799283270143,1.1905831847515751,0.07195342822577401,4,0,1,0,-0.63058475951313075,0.26565110977335155,-1.5152991610935724,0.50176597003837664,-1.8434523940089673,0.16673165622484856,-0.0074782987277730601,0,0,-0.10540840111527741,-0.091164022586185875,0,-0.43805279028981664,-33.252189081090627,19.521895887157477,4.6160147910520148,-2.2317927017442827,-0.8092619428421195,2.9488671729096608e-15,-32.72598288978471,19.489568691823742,4.8156459831120424,-2.3265441889799656,-0.82953983282984944,0.0089739584733306132,-32.72598288978471,19.489568691823742,4.8525389235023892,-2.3101346649144521,-0.82953983282984944,1,1.8307835762794629,1.7616246212198707,1,1,1
1785140845.4534426,1,1,0.99740799283270143,1.1905831847515751,0.07195342822577401,4,0,1,0,-0.63073141794860621,0.26565158439612008,-1.5153020088301836,0.49969946250420144,-1.8450898425603923,0.16673118160208003,-0.0071221892645457717,0,0,-0.094369007755231465,-0.080836848152594509,-0.00035610946322728857,-0.91592856151507118,-32.615021386123622,19.521895887157477,4.6160147910520148,-2.2697268553150072,-1.0115774285526493,3.1190012902233374e-16,-32.710546524940952,19.474204477268614,4.8025480013238084,-2.33800219772787,-0.82800911790661447,0.0085466271174552584,-32.710546524940952,19.474204477268614,4.8355771540381394,-2.3234515650604028,-0.82794501820323352,1,1.8307835762794629,1.7616246212198707,1,1,1
1785140845.4734426,1,1,0.99740799283270143,1.1905831847515751,0.07195342822577401,4,0,1,0,-0.63085909147334052,0.26565205901888861,-1.5153020088301836,0.4980354350777389,-1.8465830057901844,0.16673118160208003,-0.0060538608748639056,0,0,-0.079412410299685349,-0.066948579086730256,0,-0.11946894280631364,-33.252189081090627,19.521895887157477,4.6160147910520148,-2.4024963928125422,-0.8092619428421195,1.9458035647652186e-16,-32.696775411113983,19.460493626174902,4.791915306506402,-2.3483574485664516,-0.82684220886364501,0.0072646330498369084,-32.696775411113983,19.460493626174902,4.8197096501112915,-2.3363067043308403,-0.82684220886364501,1,1.8307835762794629,1.7616246212198707,1,1,1
1785140845.4934425,1,1,0.99740799283270143,1.1905831847515751,0.07195342822577401,4,0,1,0,-0.63097110244671339,0.26565395750996273,-1.5153020088301836,0.49661916073644841,-1.8477781059213403,0.16673118160208003,-0.0056977514116366172,0,0.00035610946322728857,-0.059114170895729901,-0.05519696680022973,0,0.47787577122525454,-32.455729462381868,19.694996441821928,4.6929483709028812,-2.3708845981702718,-0.87880789105511414,1.7266375704442427e-15,-32.685709271210214,19.449410606201141,4.7828804485394292,-2.3566983720896739,-0.82581891318542866,0.0068373016939656615,-32.685709271210214,19.449125718630558,4.8035704083529343,-2.3467629180656324,-0.82581891318542866,1,1.8307835762794629,1.7616246212198707,1,1,1
1785140845.5134425,1,1,0.99740799283270143,1.1905831847515751,0.07195342822577401,4,0,1,0,-0.63108738502500294,0.26565395750996273,-1.515301534207415,0.49564855717480666,-1.8485878123644508,0.16673118160208003,-0.0056977514116366172,0,0.00035610946322728857,-0.04166480719759276,-0.024927662425910199,0,0.31858384748350305,-33.252189081090627,19.598829467008347,4.6160147910520148,-2.5352659303100773,-0.8092619428421195,3.4508370637407141e-15,-32.678164752670391,19.441910900113918,4.7766871334076324,-2.3623450795953542,-0.82511284372779459,0.0068373016939673823,-32.678164752670391,19.441626012543335,4.7912698159267899,-2.3578581003586905,-0.82511284372779459,1,1.8307835762794629,1.7616246212198707,1,1,1
1785140845.5334425,1,1,0.99740799283270143,1.1905831847515751,0.07195342822577401,4,0,1,0,-0.63121268543589459,0.2656549067554998,-1.5153020088301836,0.49496367651981937,-1.848828446108095,0.16673165622484856,-0.0067660798013184824,0.00035610946322728857,0,-0.025995990815592066,-0.003204985169045597,0.00035610946322728857,-0.27876086654806514,-32.615021386123622,19.233394962716726,4.6160147910520148,-2.4024963928125422,-0.91041968569738441,2.7369577710485123e-15,-32.675473899241993,19.439197854889457,4.7724443759293109,-2.3641947005643544,-0.82448579431213087,0.0081192957615848979,-32.675901230597866,19.439197854889457,4.7815429727147682,-2.3636178032339261,-0.82454989401551182,1,1.8307835762794629,1.7616246212198707,1,1,1
1785140845.5534425,1,1,0.99740799283270143,1.1905831847515751,0.07195342822577401,4,0,1,0,-0.63135554688922191,0.26565727986934246,-1.5153020088301836,0.49457496047239413,-1.8488208521437985,0.1667307069793115,-0.0074782987277730601,0.00035610946322728857,0,-0.014600487992318832,0.00071221892645457715,0,-0.27876086654806514,-32.29643753864012,19.137227987903145,4.3275138666112634,-2.4341081874548127,-0.94835383926810879,-5.470836489545147e-16,-32.675147147696435,19.438772918684357,4.770092971647232,-2.364319505120946,-0.82407445486831676,0.008973958473327116,-32.675574479052308,19.438772918684357,4.7752031424445436,-2.3644477045277079,-0.82407445486831676,1,1.8307835762794629,1.7616246212198707,1,1,1
1785140845.5734427,1,1,0.99740799283270143,1.1905831847515751,0.07195342822577401,4,0,1,0,-0.63150315457023432,0.26565917836041658,-1.515302483452952,0.49438748447882519,-1.8488199028982615,0.166730232356543,-0.0071221892645457717,0,-0.00035610946322728857,-0.0049855324851820395,0,-0.00035610946322728857,0.47787577122525454,-31.499977919931361,19.233394962716726,4.4236808414248472,-2.3013386499572772,-0.91041968569738441,2.0145972709869787e-15,-32.674988042462374,19.438533705255832,4.7689563204397158,-2.3644064335120532,-0.82387748816751027,0.0085466271174569237,-32.674988042462374,19.438818592826415,4.7707012568095299,-2.3644064335120532,-0.82381338846412933,1,1.8307835762794629,1.7616246212198707,1,1,1
1785140845.5934427,1,1,0.99740799283270143,1.1905831847515751,0.07195342822577401,4,0,1,0,-0.63163984592757072,0.26565917836041658,-1.5153020088301836,0.49434286993858345,-1.848818479029956,0.166730232356543,-0.0071221892645457717,0,0,-0.00035610946322728857,0,-0.00035610946322728857,-0.27876086654806514,-33.411481004832382,19.521895887157477,4.4236808414248472,-2.2697268553150072,-0.67649240534458421,2.1574627375462758e-15,-32.674951053288993,19.438497250444936,4.7686872207836473,-2.3644115554250766,-0.82382977177447536,0.0085466271174570903,-32.674951053288993,19.438497250444936,4.7688118590957771,-2.3644115554250766,-0.82376567207109441,1,1.8307835762794629,1.7616246212198707,1,1,1
1785140845.6134427,1,1,0.99740799283270143,1.1905831847515751,0.07195342822577401,4,0,1,0,-0.63177558803936995,0.26565917836041658,-1.515301534207415,0.49434002220197232,-1.848818479029956,0.16672975773377446,-0.0060538608748639056,0,0,-0.00035610946322728857,-0.00035610946322728857,-0.00035610946322728857,-0.59734471403156819,-32.137145614898365,19.598829467008347,4.9814492953436327,-2.4341081874548127,-0.84087373748438976,2.0260645790227063e-15,-32.674952603036232,19.438498771086291,4.7686709594679835,-2.3644093555079841,-0.82382677619225519,0.0072646330498386848,-32.674952603036232,19.438498771086291,4.7687955977801133,-2.3643452558046034,-0.82376267648887425,1,1.8307835762794629,1.7616246212198707,1,1,1
1785140845.6334426,1,1,0.99740799283270143,1.1905831847515751,0.07195342822577401,4,0,1,0,-0.6318947183542708,0.26565965298318511,-1.515301534207415,0.49432910587829615,-1.8488165805388819,0.16672928311100593,-0.0060538608748639056,0,-0.00035610946322728857,-0.00071221892645457715,0.00035610946322728857,0,0.47787577122525454,-33.849533795122198,19.694996441821928,5.4430507744488343,-2.4341081874548127,-0.87880789105511414,1.3385922830550877e-16,-32.674970068393023,19.438495597726412,4.7686056357218991,-2.364405104560324,-0.82381484401229665,0.0072646330498367974,-32.674970068393023,19.438780485296995,4.7688549123461579,-2.3644692042637048,-0.82381484401229665,1,1.8307835762794629,1.7616246212198707,1,1,1
1785140845.6534426,1,1,0.99740799283270143,1.1905831847515751,0.07195342822577401,4,0,1,0,-0.63204090216697772,0.26566060222872212,-1.515301534207415,0.49431486719524026,-1.8488137328022707,0.16672928311100593,-0.0078344081910003485,0,0,-0.00071221892645457715,-0.00035610946322728857,0.00035610946322728857,0.63716769496700609,-32.137145614898365,19.233394962716726,5.1545498500080829,-2.3708845981702718,-1.0115774285526493,1.0430361597626657e-15,-32.67500689554317,19.438491070964595,4.7685195908933817,-2.3643993567903627,-0.82379903572324531,0.0094012898292014733,-32.67500689554317,19.438491070964595,4.7687688675176405,-2.364335257086982,-0.82386313542662626,1,1.8307835762794629,1.7616246212198707,1,1,1
1785140845.6734426,1,1,0.99740799283270143,1.1905831847515751,0.07195342822577401,4,0,1,0,-0.63221508872302778,0.26566060222872212,-1.515301534207415,0.49430205238048996,-1.8488146820478077,0.16672928311100593,-0.0096149555071367906,0,0,-0.00035610946322728857,0,0.00035610946322728857,-0.27876086654806514,-33.570772928574129,19.233394962716726,4.4236808414248472,-2.2317927017442827,-0.87880789105511414,3.3091134499771775e-15,-32.674984093371918,19.438468493941915,4.7684416089676365,-2.3644106733595751,-0.82378590318489098,0.01153794660856748,-32.674984093371918,19.438468493941915,4.7685662472797663,-2.3644106733595751,-0.82385000288827193,1,1.8307835762794629,1.7616246212198707,1,1,1
1785140845.6934426,1,1,0.99740799283270143,1.1905831847515751,0.07195342822577401,4,0,1,0,-0.632423448118412,0.26566012760595364,-1.5153020088301836,0.49429683153003617,-1.8488170551616503,0.1667288084882374,-0.010683283896818658,0,0,-0.00035610946322728857,-0.00035610946322728857,-0.00035610946322728857,-1.0752204852568228,-32.29643753864012,19.233394962716726,4.519847816238431,-2.3708845981702718,-0.87880789105511414,-9.9111230292082022e-17,-32.674938185061087,19.438443551969488,4.7684095411571201,-2.3644283868819835,-0.82378148562063203,0.012819940676182277,-32.674938185061087,19.438443551969488,4.76853417946925,-2.3643642871786028,-0.82371738591725108,1,1.8307835762794629,1.7616246212198707,1,1,1
1785140845.7134426,1,1,0.99740799283270143,1.1905831847515751,0.07195342822577401,4,0,1,0,-0.63264747006515776,0.26566107685149065,-1.5153034326984891,0.4942759481282209,-1.848818479029956,0.16672928311100593,-0.0124638312129551,0,0,-0.0021366567793637313,-0.00035610946322728857,0.00035610946322728857,0,-33.411481004832382,19.598829467008347,4.6160147910520148,-2.3013386499572772,-0.8092619428421195,3.6682156424399881e-15,-32.674918215858447,19.438382701722382,4.7682795929075876,-2.3644634841765058,-0.82376064253215886,0.014956597455549782,-32.674918215858447,19.438382701722382,4.7690274227803648,-2.364399384473125,-0.82382474223553981,1,1.8307835762794629,1.7616246212198707,1,1,1
1785140845.7334425,1,1,0.99740799283270143,1.1905831847515751,0.07195342822577401,4,0,1,0,-0.63293651533119188,0.26566155147425918,-1.5153043819440262,0.49422658736029385,-1.8488180044071874,0.16672928311100593,-0.015312706918773409,0,-0.00035610946322728857,-0.0028488757058183086,0,0,-0.27876086654806514,-32.29643753864012,19.694996441821928,4.6160147910520148,-2.2317927017442827,-0.91041968569738441,-6.2307284054508796e-16,-32.674868446525117,19.438313057869831,4.7679794147771144,-2.3644907923874197,-0.82370890295034305,0.018375248302527479,-32.674868446525117,19.438597945440414,4.7689765212741504,-2.3644907923874197,-0.82370890295034305,1,1.8307835762794629,1.7616246212198707,1,1,1
1785140845.7534425,1,1,0.99740799283270143,1.1905831847515751,0.07195342822577401,4,0,1,0,-0.63325024098118954,0.26566107685149065,-1.5153043819440262,0.49416868338253334,-1.8488218013893356,0.1667288084882374,-0.016737144771682564,0,0,-0.0024927662425910197,0,-0.00035610946322728857,0.95575154245050908,-33.730064852315884,19.233394962716726,4.789115345716465,-2.4341081874548127,-0.67649240534458421,9.3198103411475215e-16,-32.674753457799923,19.438219796422672,4.7676282025496324,-2.3645353804724403,-0.82364937190907017,0.02008457372602002,-32.674753457799923,19.438219796422672,4.7685006707345394,-2.3645353804724403,-0.82358527220568922,1,1.8307835762794629,1.7616246212198707,1,1,1
1785140845.7734425,1,1,0.99740799283270143,1.1905831847515751,0.07195342822577401,4,0,1,0,-0.63361902287233651,0.26566155147425918,-1.5153058058123317,0.49409321836233722,-1.8488218013893356,0.1667288084882374,-0.018161582624591718,0.00035610946322728857,0,-0.0046294230219547511,0,0,0.31858384748350305,-31.977853691156614,19.521895887157477,4.9814492953436327,-2.2317927017442827,-0.91041968569738441,1.1297439676788201e-15,-32.674663651116447,19.438110590081351,4.7671692256217479,-2.3645797743056578,-0.82357045707851662,0.021793899149511169,-32.675090982472319,19.438110590081351,4.7687895236794322,-2.3645797743056578,-0.82357045707851662,1,1.8307835762794629,1.7616246212198707,1,1,1
1785140845.7934425,1,1,0.99740799283270143,1.1905831847515751,0.07195342822577401,4,0,1,0,-0.63397498994873325,0.26566250071979625,-1.5153138743993968,0.49400066692247407,-1.8488227506348727,0.1667288084882374,-0.018517692087819004,0,-0.00035610946322728857,-0.0049855324851820395,0,0,0.47787577122525454,-32.615021386123622,19.233394962716726,4.789115345716465,-2.2317927017442827,-0.77765014819984923,1.3808867745704753e-15,-32.67449013505906,19.437898231447228,4.7665991099728711,-2.364690114689731,-0.82347619420833229,0.022221230505384191,-32.67449013505906,19.438183119017811,4.7683440463426852,-2.364690114689731,-0.82347619420833229,1,1.8307835762794629,1.7616246212198707,1,1,1
1785140845.8134425,1,1,0.99740799283270143,1.1905831847515751,0.07195342822577401,4,0,1,0,-0.634372249205992,0.26566297534256478,-1.515316722136008,0.49387062028389717,-1.8488232252576411,0.1667288084882374,-0.019229911014273581,0,0,-0.0074782987277730601,0,0,-0.11946894280631364,-32.29643753864012,19.694996441821928,4.6160147910520148,-2.3013386499572772,-0.77765014819984923,3.9039371782403848e-15,-32.674316061373489,19.437705796351985,4.7658078082498809,-2.3647700630184181,-0.8233403863024451,0.023075893217132184,-32.674316061373489,19.437705796351985,4.7684252128046012,-2.3647700630184181,-0.8233403863024451,1,1.8307835762794629,1.7616246212198707,1,1,1
1785140845.8334427,1,1,0.99740799283270143,1.1905831847515751,0.07195342822577401,4,0,1,0,-0.63474103109713897,0.26566250071979625,-1.515316722136008,0.49370877391982876,-1.8488293953536321,0.1667288084882374,-0.018161582624591718,-0.00035610946322728857,0,-0.0096149555071367906,-0.00035610946322728857,0,-0.43805279028981664,-31.977853691156614,19.425728912343896,4.789115345716465,-2.2697268553150072,-0.8092619428421195,2.383846273397613e-15,-32.674058370487934,19.437471458125948,4.7648253502787696,-2.3648715753741731,-0.82317204558642398,0.021793899149512446,-32.673631039132061,19.437471458125948,4.7681905847062671,-2.3648074756707924,-0.82317204558642398,1,1.8307835762794629,1.7616246212198707,1,1,1
1785140845.8534427,1,1,0.99740799283270143,1.1905831847515751,0.07195342822577401,4,0,1,0,-0.63510601600613781,0.26566250071979625,-1.5153190952498505,0.49347715800878661,-1.8488360400723916,0.16672928311100593,-0.017805473161364428,0,-0.00035610946322728857,-0.013176050139409676,-0.00035610946322728857,0,0,-33.570772928574129,19.233394962716726,4.6160147910520148,-2.2697268553150072,-0.8092619428421195,7.9034955729230012e-16,-32.673703951010836,19.437121067891816,4.7634164280757991,-2.3650251136626168,-0.82293107602665294,0.021366567793638089,-32.673703951010836,19.437405955462399,4.7680280456245923,-2.3649610139592361,-0.82293107602665294,1,1.8307835762794629,1.7616246212198707,1,1,1
1785140845.8734426,1,1,0.99740799283270143,1.1905831847515751,0.07195342822577401,4,0,1,0,-0.63545486374100657,0.26566297534256478,-1.5153271638369155,0.49316770396370574,-1.8488369893179286,0.16672928311100593,-0.018161582624591718,0,-0.00035610946322728857,-0.017805473161364428,0,0,0.31858384748350305,-32.615021386123622,19.694996441821928,4.9814492953436327,-2.3708845981702718,-0.91041968569738441,1.5044808789552174e-15,-32.673255803792621,19.43665801213189,4.7615320095443012,-2.3652187970033749,-0.82260791341600015,0.021793899149511558,-32.673255803792621,19.436942899702473,4.7677639251507786,-2.3652187970033749,-0.82260791341600015,1,1.8307835762794629,1.7616246212198707,1,1,1
1785140845.8934426,1,1,0.99740799283270143,1.1905831847515751,0.07195342822577401,4,0,1,0,-0.63581557704508862,0.26566344996533331,-1.5153309608190637,0.49275051055016877,-1.8488384131862341,0.16672928311100593,-0.017449363698137141,0,0,-0.023147115109773755,0,0,0,-32.455729462381868,18.867960458425109,4.4236808414248472,-2.2697268553150072,-0.70810419998685459,2.211485567785712e-15,-32.672721432322696,19.436109700768043,4.7589981013989977,-2.3654268782578458,-0.82216985193157188,0.020939236437766788,-32.672721432322696,19.436109700768043,4.7670995916874181,-2.3654268782578458,-0.82216985193157188,1,1.8307835762794629,1.7616246212198707,1,1,1
1785140845.9134426,1,1,0.99740799283270143,1.1905831847515751,0.07195342822577401,4,0,1,0,-0.63617201874425389,0.26566297534256478,-1.5153309608190637,0.49223554484631482,-1.8488398370545398,0.1667288084882374,-0.018873801551046294,0,-0.00035610946322728857,-0.02955708544786495,-0.00035610946322728857,-0.00035610946322728857,-0.27876086654806514,-32.29643753864012,19.598829467008347,4.8852823205300488,-2.3708845981702718,-0.84087373748438976,1.7361454635844381e-15,-32.672080026843389,19.435496686419192,4.7558756845834917,-2.3656388425294188,-0.82162713089945749,0.022648561861257275,-32.672080026843389,19.435781573989775,4.7662206644902447,-2.3655747428260381,-0.82156303119607654,1,1.8307835762794629,1.7616246212198707,1,1,1
1785140845.9334426,1,1,0.99740799283270143,1.1905831847515751,0.07195342822577401,4,0,1,0,-0.63657070186981823,0.26566297534256478,-1.5153309608190637,0.49157961618020779,-1.8488407863000769,0.16672928311100593,-0.019586020477500871,0,0,-0.033474289543365128,-0.00035610946322728857,0,0,-32.77431330986537,19.425728912343896,4.6160147910520148,-2.3329504445995477,-0.70810419998685459,1.5585554696781022e-15,-32.671290701224159,19.434717087747636,4.7518953282763174,-2.3659069922613893,-0.8209350702182483,0.0235032245730026,-32.671290701224159,19.434717087747636,4.763611329616495,-2.3658428925580086,-0.8209350702182483,1,1.8307835762794629,1.7616246212198707,1,1,1
1785140845.9534426,1,1,0.99740799283270143,1.1905831847515751,0.07195342822577401,4,0,1,0,-0.63695894329447489,0.26566297534256478,-1.5153323846873694,0.49087242825509964,-1.8488407863000769,0.16672928311100593,-0.021366567793637315,-0.00035610946322728857,0,-0.037747603102092589,0,0,-0.75663663777331969,-31.977853691156614,19.598829467008347,4.6929483709028812,-2.3708845981702718,-0.91041968569738441,3.2497464265693692e-15,-32.67043288311455,19.433869931355932,4.7476011333349275,-2.3661998583932244,-0.82018881062623628,0.025639881352368051,-32.670005551758678,19.433869931355932,4.7608127944206595,-2.3661998583932244,-0.82018881062623628,1,1.8307835762794629,1.7616246212198707,1,1,1
1785140845.9734426,1,1,0.99740799283270143,1.1905831847515751,0.07195342822577401,4,0,1,0,-0.63742976908085569,0.26566297534256478,-1.5153328593101378,0.49005939945260951,-1.8488417355456139,0.1667288084882374,-0.023503224573001046,-0.00035610946322728857,0.00035610946322728857,-0.039884259881456316,0,-0.00035610946322728857,-0.59734471403156819,-32.137145614898365,19.694996441821928,4.789115345716465,-2.4720423410255368,-0.67649240534458421,-1.6705239510067106e-16,-32.669452374786303,19.432901540538641,4.7426626191087466,-2.3665338278883605,-0.81933057390697883,0.028203869487601087,-32.66902504343043,19.432616652968058,4.7566221100672568,-2.3665338278883605,-0.81926647420359788,1,1.8307835762794629,1.7616246212198707,1,1,1
1785140845.9934425,1,1,0.99740799283270143,1.1905831847515751,0.07195342822577401,4,0,1,0,-0.63787828759711551,0.26566297534256478,-1.5153333339329065,0.48928244198052756,-1.8488431594139194,0.1667288084882374,-0.023147115109773755,0,0,-0.04166480719759276,-0.00035610946322728857,-0.00035610946322728857,-0.11946894280631364,-32.29643753864012,19.694996441821928,4.6929483709028812,-2.5036541356678073,-0.87880789105511414,2.2636455672185798e-15,-32.668512022590178,19.431972789807276,4.7379395767078618,-2.3668558730887779,-0.81851002855068267,0.027776538131730782,-32.668512022590178,19.431972789807276,4.7525222592270193,-2.3667917733853971,-0.81844592884730172,1,1.8307835762794629,1.7616246212198707,1,1,1
1785140846.0134425,1,1,0.99740799283270143,1.1905831847515751,0.07195342822577401,4,0,1,0,-0.63836382668932068,0.26566297534256478,-1.5153352324239806,0.48842812099717542,-1.8488460071505306,0.1667288084882374,-0.024571552962682913,-0.00035610946322728857,0,-0.04237702612404734,-0.00035610946322728857,-0.00035610946322728857,0.15929192374175152,-32.615021386123622,19.233394962716726,4.789115345716465,-2.3708845981702718,-0.67649240534458421,3.1564292936307864e-16,-32.66745398340003,19.430927761560653,4.7327410522296649,-2.3672280704068944,-0.81760822766741437,0.029485863555219826,-32.667026652044157,19.430927761560653,4.7475730113730812,-2.3671639707035137,-0.81754412796403342,1,1.8307835762794629,1.7616246212198707,1,1,1
1785140846.0334425,1,1,0.99740799283270143,1.1905831847515751,0.07195342822577401,4,0,1,0,-0.6388213630381826,0.26566297534256478,-1.5153414025199714,0.4876037012482406,-1.8488469563960677,0.1667288084882374,-0.022078786720091892,-0.00035610946322728857,-0.00071221892645457715,-0.040952588271138186,0,0,0.31858384748350305,-32.137145614898365,19.060294408052279,4.789115345716465,-2.4720423410255368,-0.84087373748438976,2.118233267114822e-15,-32.666401216348504,19.429888134303017,4.7277175459530216,-2.3676072431336612,-0.81673819496814737,0.02649454406411238,-32.665973884992631,19.430457909444179,4.7420509518479204,-2.3676072431336612,-0.81673819496814737,1,1.8307835762794629,1.7616246212198707,1,1,1
1785140846.0534425,1,1,0.99740799283270143,1.1905831847515751,0.07195342822577401,4,0,1,0,-0.63925232051200687,0.26566344996533331,-1.5153437756338142,0.4868443048185942,-1.8488507533782159,0.1667288084882374,-0.020654348867182738,0.00035610946322728857,0,-0.033118180080137838,0,0,0.95575154245050908,-33.092897157348879,19.137227987903145,4.6929483709028812,-2.1685691124597422,-0.8092619428421195,3.490405810127742e-15,-32.665460610268966,19.428938514631763,4.7230891216224675,-2.3679540707336342,-0.81593658255528922,0.024785218640622782,-32.665887941624838,19.428938514631763,4.7346804846505162,-2.3679540707336342,-0.81593658255528922,1,1.8307835762794629,1.7616246212198707,1,1,1
1785140846.0734427,1,1,0.99740799283270143,1.1905831847515751,0.07195342822577401,4,0,1,0,-0.6396173054210057,0.26566297534256478,-1.5153442502565826,0.48632032128213826,-1.8488521772465214,0.16672833386546887,-0.016737144771682564,0,0,-0.023147115109773755,0,-0.00035610946322728857,0.31858384748350305,-32.77431330986537,19.137227987903145,4.9814492953436327,-2.3708845981702718,-0.87880789105511414,-4.223293742092767e-17,-32.664807379313928,19.42831387427011,4.7198968809732094,-2.3681709109681921,-0.81538228628828913,0.020084573726019021,-32.664807379313928,19.42831387427011,4.7279983712616298,-2.3681709109681921,-0.81531818658490818,1,1.8307835762794629,1.7616246212198707,1,1,1
1785140846.0934427,1,1,0.99740799283270143,1.1905831847515751,0.07195342822577401,4,0,1,0,-0.63992058937009566,0.26566297534256478,-1.5153461487476567,0.48595011552268563,-1.8488635681929662,0.1667288084882374,-0.013532159602636965,-0.00035610946322728857,0,-0.014244378529091543,-0.00071221892645457715,0,-0.43805279028981664,-32.77431330986537,19.060294408052279,4.6929483709028812,-2.2697268553150072,-0.67649240534458421,1.882829174509848e-15,-32.664258627218778,19.427771303707459,4.7176338389963872,-2.3684056296162193,-0.81499495814020861,0.016238591523166243,-32.663831295862906,19.427771303707459,4.722619371481569,-2.3682774302094574,-0.81499495814020861,1,1.8307835762794629,1.7616246212198707,1,1,1
1785140846.1134427,1,1,0.99740799283270143,1.1905831847515751,0.07195342822577401,4,0,1,0,-0.64013844122085051,0.26566250071979625,-1.5153542173347216,0.48575599481035731,-1.8488925201818465,0.1667288084882374,-0.0092588460439095022,0,-0.00071221892645457715,-0.006409970338091194,-0.0024927662425910197,0,-0.43805279028981664,-32.29643753864012,19.598829467008347,4.6160147910520148,-2.4341081874548127,-0.87880789105511414,9.569155563657602e-16,-32.663697558045023,19.427236135814358,4.7164314790494917,-2.3687279519428976,-0.81480305015752397,0.011110615252692345,-32.663697558045023,19.42780591095552,4.7186749686678233,-2.3682792540192312,-0.81480305015752397,1,1.8307835762794629,1.7616246212198707,1,1,1
1785140846.1334426,1,1,0.99740799283270143,1.1905831847515751,0.07195342822577401,4,0,1,0,-0.64027418333264974,0.26566155147425918,-1.5153708291316201,0.48570710866519878,-1.8489732060524964,0.1667288084882374,-0.0039172040955001743,-0.00035610946322728857,-0.00071221892645457715,0.00035610946322728857,-0.0049855324851820395,0,0.31858384748350305,-33.092897157348879,19.521895887157477,4.4236808414248472,-2.3329504445995477,-0.67649240534458421,-4.5483872743656981e-16,-32.662792554574906,19.426378854562483,4.7160858023136099,-2.3693908469543556,-0.81478794211456096,0.0047006449145997652,-32.662365223219034,19.426948629703645,4.71596116400148,-2.3684934511070228,-0.81478794211456096,1,1.8307835762794629,1.7616246212198707,1,1,1
1785140846.1534426,1,1,0.99740799283270143,1.1905831847515751,0.07195342822577401,4,0,1,0,-0.64031025466305802,0.26566155147425918,-1.5154002557432691,0.48570805791073585,-1.849073351456656,0.16672833386546887,-0.00071221892645457715,0,-0.0021366567793637313,0,-0.0046294230219547511,-0.00035610946322728857,-0.43805279028981664,-32.455729462381868,19.425728912343896,4.8852823205300488,-2.3708845981702718,-0.87880789105511414,3.534145053957892e-15,-32.661685822392251,19.425280317092227,4.716022851318872,-2.3702636366015573,-0.814837893563925,0.00085466271174904529,-32.661685822392251,19.426989642515718,4.716022851318872,-2.3694303404576056,-0.81477379386054405,1,1.8307835762794629,1.7616246212198707,1,1,1
1785140846.1734426,1,1,0.99740799283270143,1.1905831847515751,0.07195342822577401,4,0,1,0,-0.64031262777690068,0.26566202609702771,-1.5154434464152051,0.48570805791073585,-1.8491511895906947,0.16672833386546887,0,0.00035610946322728857,-0.0014244378529091543,0.00035610946322728857,-0.0035610946322728858,0,0.15929192374175152,-32.455729462381868,19.791163416635513,4.4236808414248472,-2.4024963928125422,-0.8092619428421195,7.8052282012380264e-17,-32.660620915078432,19.424204124746559,4.7159480757269154,-2.3710966665691116,-0.81488254146411321,5.5511151231257827e-17,-32.661048246434305,19.425343675028888,4.7158234374147856,-2.3704556695353025,-0.81488254146411321,1,1.8307835762794629,1.7616246212198707,1,1,1
1785140846.1934426,1,1,0.99740799283270143,1.1905831847515751,0.07195342822577401,4,0,1,0,-0.64031215315413215,0.26566202609702771,-1.5154557866071869,0.48570805791073585,-1.8492257053653538,0.16672833386546887,0.00035610946322728857,0.00035610946322728857,-0.00071221892645457715,0,-0.0039172040955001743,0,0.31858384748350305,-32.29643753864012,19.694996441821928,5.1545498500080829,-2.4024963928125422,-0.91041968569738441,1.8168297277168914e-15,-32.659900013422707,19.423487891123294,4.7159061252294912,-2.3716751642526606,-0.81491574173045711,-0.00042733135587091442,-32.66032734477858,19.424057666264456,4.7159061252294912,-2.3709700675154703,-0.81491574173045711,1,1.8307835762794629,1.7616246212198707,1,1,1
1785140846.2134426,1,1,0.99740799283270143,1.1905831847515751,0.07195342822577401,4,0,1,0,-0.64031500089074322,0.26566202609702771,-1.5154614820804093,0.48570805791073585,-1.8492893048163366,0.16672833386546887,-0.00035610946322728857,0,-0.00035610946322728857,0,-0.0021366567793637313,0,0.31858384748350305,-33.411481004832382,19.329561937530311,4.6160147910520148,-2.4720423410255368,-0.70810419998685459,2.7681282737900118e-15,-32.659337018354663,19.422928151038899,4.7158751739365279,-2.3721329545810339,-0.81494251100753512,0.00042733135587552185,-32.659337018354663,19.423213038609482,4.7158751739365279,-2.3717483563607482,-0.81494251100753512,1,1.8307835762794629,1.7616246212198707,1,1,1
1785140846.2334425,1,1,0.99740799283270143,1.1905831847515751,0.07195342822577401,4,0,1,0,-0.64031832325012294,0.26566202609702771,-1.5154709745357797,0.48570758328796731,-1.8493168329369114,0.16672833386546887,0,0,-0.00071221892645457715,0,-0.0010683283896818657,0,-0.43805279028981664,-31.977853691156614,19.233394962716726,4.6929483709028812,-2.3329504445995477,-0.87880789105511414,2.0002453133939085e-15,-32.659016814433713,19.422610422354534,4.7158518046192661,-2.3723835094780665,-0.8149558692734008,1.9984014443252818e-15,-32.659016814433713,19.423180197495697,4.7158518046192661,-2.3721912103679239,-0.8149558692734008,1,1.8307835762794629,1.7616246212198707,1,1,1
1785140846.2534425,1,1,0.99740799283270143,1.1905831847515751,0.07195342822577401,4,0,1,0,-0.64031927249566001,0.26566297534256478,-1.5155032488840399,0.48570710866519878,-1.8493453103030231,0.16672833386546887,0,0,-0.0017805473161364429,0,-0.0014244378529091543,0,0,-32.615021386123622,19.329561937530311,4.4236808414248472,-2.3329504445995477,-0.8092619428421195,6.6267983590833565e-16,-32.658474196599784,19.422032294099093,4.715804161115436,-2.3728166137957101,-0.81497728082018617,6.6613381477509392e-16,-32.658474196599784,19.423456731952001,4.715804161115436,-2.3725602149821863,-0.81497728082018617,1,1.8307835762794629,1.7616246212198707,1,1,1
1785140846.2734425,1,1,0.99740799283270143,1.1905831847515751,0.07195342822577401,4,0,1,0,-0.64031927249566001,0.26566297534256478,-1.5155198606809384,0.48570758328796731,-1.8493861278611166,0.16672833386546887,0.00035610946322728857,0.00035610946322728857,-0.00035610946322728857,0.00035610946322728857,-0.0021366567793637313,0,0.15929192374175152,-32.29643753864012,19.233394962716726,4.4236808414248472,-2.4341081874548127,-0.87880789105511414,2.5450957870524408e-15,-32.657973384833113,19.421535517933712,4.7157741267458899,-2.373206495996341,-0.81499915600232564,-0.00042733135587019278,-32.658400716188986,19.421820405504295,4.7156494884337601,-2.3728218977760553,-0.81499915600232564,1,1.8307835762794629,1.7616246212198707,1,1,1
1785140846.2934425,1,1,0.99740799283270143,1.1905831847515751,0.07195342822577401,4,0,1,0,-0.64031927249566001,0.26566297534256478,-1.5155284038907719,0.48570710866519878,-1.8494397602339603,0.16672833386546887,0,0.00035610946322728857,-0.00035610946322728857,-0.00035610946322728857,-0.0024927662425910197,0,0.31858384748350305,-32.615021386123622,19.329561937530311,4.6929483709028812,-2.4341081874548127,-0.8092619428421195,2.6194634951762555e-15,-32.657457649368908,19.421023098328014,4.7157413356414395,-2.3736204955521853,-0.81502243462922441,2.6090241078691179e-15,-32.657884980724781,19.421307985898597,4.7158659739535693,-2.3731717976285189,-0.81502243462922441,1,1.8307835762794629,1.7616246212198707,1,1,1
1785140846.3134425,1,1,0.99740799283270143,1.1905831847515751,0.07195342822577401,4,0,1,0,-0.64031974711842854,0.26566344996533331,-1.5155459649332075,0.48570758328796731,-1.8494763061871371,0.16672833386546887,0,0,-0.0014244378529091543,0.00035610946322728857,-0.0014244378529091543,0,-0.59734471403156819,-33.092897157348879,19.694996441821928,5.0776162701572165,-2.4341081874548127,-0.84087373748438976,1.224647766588152e-15,-32.65699592716777,19.420544666001977,4.7157115488307113,-2.3739930407877239,-0.81504309500929217,1.2212453270876722e-15,-32.65699592716777,19.421684216284305,4.7155869105185815,-2.3737366419742001,-0.81504309500929217,1,1.8307835762794629,1.7616246212198707,1,1,1
1785140846.3334427,1,1,0.99740799283270143,1.1905831847515751,0.07195342822577401,4,0,1,0,-0.64031927249566001,0.26566392458810184,-1.5155863078685323,0.48570758328796731,-1.8495005119483321,0.16672833386546887,0,0,-0.0017805473161364429,0,-0.0014244378529091543,0,-0.43805279028981664,-32.29643753864012,19.521895887157477,4.6929483709028812,-2.3708845981702718,-0.94835383926810879,-1.8223689841129701e-17,-32.656384624548352,19.419919631546144,4.7156608189523626,-2.3744544504730722,-0.81506578828084808,0,-32.656384624548352,19.421344069399051,4.7156608189523626,-2.3741980516595484,-0.81506578828084808,1,1.8307835762794629,1.7616246212198707,1,1,1
1785140846.3534427,1,1,0.99740799283270143,1.1905831847515751,0.07195342822577401,4,0,1,0,-0.64031879787289148,0.26566392458810184,-1.5156105136297273,0.48570758328796731,-1.8495318370510549,0.16672785924270034,0,0,-0.00071221892645457715,-0.00035610946322728857,-0.0017805473161364429,0,0.47787577122525454,-32.615021386123622,19.233394962716726,4.6929483709028812,-2.3708845981702718,-0.8092619428421195,1.7754353250973004e-15,-32.655875825693521,19.41941566392439,4.7156244886061565,-2.3748391019936785,-0.81508605517679467,1.7763568394002505e-15,-32.655875825693521,19.419985439065552,4.7157491269182863,-2.374518603476774,-0.81508605517679467,1,1.8307835762794629,1.7616246212198707,1,1,1
1785140846.3734426,1,1,0.99740799283270143,1.1905831847515751,0.07195342822577401,4,0,1,0,-0.64031927249566001,0.26566392458810184,-1.5156204807078664,0.48570758328796731,-1.8495607890399353,0.16672785924270034,0,0,-0.00035610946322728857,0,-0.0010683283896818657,0,0.31858384748350305,-33.411481004832382,19.425728912343896,5.0776162701572165,-2.4024963928125422,-0.94835383926810879,1.1512871254001997e-15,-32.65553983257535,19.419082264973227,4.715602938363503,-2.3751022611889709,-0.8151006237626458,1.1657341758564144e-15,-32.65553983257535,19.41936715254381,4.715602938363503,-2.3749099620788283,-0.8151006237626458,1,1.8307835762794629,1.7616246212198707,1,1,1
1785140846.3934426,1,1,0.99740799283270143,1.1905831847515751,0.07195342822577401,4,0,1,0,-0.64031879787289148,0.26566392458810184,-1.5156337701453853,0.48570758328796731,-1.8495859440466673,0.16672785924270034,0,0,-0.00071221892645457715,0,-0.0021366567793637313,-0.00035610946322728857,0.47787577122525454,-32.137145614898365,19.233394962716726,4.4236808414248472,-2.3708845981702718,-0.91041968569738441,1.6767210156758749e-15,-32.655197850537846,19.418743235313176,4.7155795472522026,-2.3753653037877274,-0.8151147791565343,1.6653345369377348e-15,-32.655197850537846,19.419313010454339,4.7155795472522026,-2.3749807055674417,-0.81505067945315335,1,1.8307835762794629,1.7616246212198707,1,1,1
1785140846.4134426,1,1,0.99740799283270143,1.1905831847515751,0.07195342822577401,4,0,1,0,-0.64031784862735441,0.26566392458810184,-1.5156560774155061,0.48570805791073585,-1.8496452718927334,0.16672785924270034,0.00035610946322728857,0,-0.0010683283896818657,0,-0.0035610946322728858,0,0.79645961870875759,-32.615021386123622,19.521895887157477,4.6160147910520148,-2.3013386499572772,-0.67649240534458421,2.4695325582113692e-15,-32.654489550366812,19.418040528373361,4.7155363655103164,-2.3759183478307775,-0.81514574274852269,-0.0004273313558703038,-32.654489550366812,19.418895191085106,4.7155363655103164,-2.3752773507969684,-0.81514574274852269,1,1.8307835762794629,1.7616246212198707,1,1,1
1785140846.4334426,1,1,0.99740799283270143,1.1905831847515751,0.07195342822577401,4,0,1,0,-0.64031737400458588,0.26566392458810184,-1.515688351763766,0.48570805791073585,-1.8497416203147448,0.16672785924270034,0.00035610946322728857,0,-0.0017805473161364429,0,-0.0060538608748639056,0,0,-31.977853691156614,19.425728912343896,4.4236808414248472,-2.4341081874548127,-0.84087373748438976,1.9455569139037423e-15,-32.653381108751859,19.416940585588037,4.7154654925268868,-2.3767873969246045,-0.81519392862194817,-0.0004273313558708034,-32.653381108751859,19.418365023440945,4.7154654925268868,-2.375697701967129,-0.81519392862194817,1,1.8307835762794629,1.7616246212198707,1,1,1
1785140846.4534426,1,1,0.99740799283270143,1.1905831847515751,0.07195342822577401,4,0,1,0,-0.64031547551351176,0.26566392458810184,-1.5157286946990911,0.48570853253350438,-1.8498987204511279,0.16672785924270034,0.00035610946322728857,0,-0.0017805473161364429,0,-0.0092588460439095022,0,-0.27876086654806514,-31.499977919931361,19.521895887157477,4.3275138666112634,-2.4024963928125422,-0.8092619428421195,5.4815058041921581e-16,-32.651707158060816,19.415278632870489,4.715365123914208,-2.3781128995449987,-0.81526901976977162,-0.00042733135587219118,-32.651707158060816,19.416703070723397,4.715365123914208,-2.3764463072570949,-0.81526901976977162,1,1.8307835762794629,1.7616246212198707,1,1,1
1785140846.4734426,1,1,0.99740799283270143,1.1905831847515751,0.07195342822577401,4,0,1,0,-0.64031547551351176,0.26566392458810184,-1.5157604944245826,0.48570853253350438,-1.8500928411634563,0.16672785924270034,0.00035610946322728857,0,-0.0014244378529091543,0,-0.0092588460439095022,0.00035610946322728857,0.47787577122525454,-33.411481004832382,19.521895887157477,4.8852823205300488,-2.3708845981702718,-0.94835383926810879,1.9696642700172758e-15,-32.649833317315178,19.413416902147567,4.715255595885556,-2.3796167721808965,-0.81535533581045194,-0.0004273313558708034,-32.649833317315178,19.414556452429895,4.715255595885556,-2.3779501798929927,-0.81541943551383289,1,1.8307835762794629,1.7616246212198707,1,1,1
1785140846.4934425,1,1,0.99740799283270143,1.1905831847515751,0.07195342822577401,4,0,1,0,-0.64031595013628029,0.26566392458810184,-1.5157975150005278,0.48570805791073585,-1.850294555840081,0.16672785924270034,0,0,-0.0021366567793637313,-0.00035610946322728857,-0.009971064970364079,0,0.31858384748350305,-32.933605233607125,19.791163416635513,4.6929483709028812,-2.3329504445995477,-0.60694645713158968,4.0134441431446008e-15,-32.647842717974129,19.411439493622961,4.7151347354701336,-2.3812090798459282,-0.81544579841713605,3.9968028886505635e-15,-32.647842717974129,19.413148819046452,4.7152593737822635,-2.3794142881512625,-0.81544579841713605,1,1.8307835762794629,1.7616246212198707,1,1,1
1785140846.5134425,1,1,0.99740799283270143,1.1905831847515751,0.07195342822577401,4,0,1,0,-0.6403145262679748,0.26566392458810184,-1.5158364340675472,0.48570853253350438,-1.8505090853314561,0.16672785924270034,0,0.00035610946322728857,-0.0017805473161364429,0,-0.0124638312129551,0,0.31858384748350305,-32.137145614898365,19.329561937530311,4.6160147910520148,-2.3708845981702718,-0.91041968569738441,2.8907543819141279e-15,-32.645731846841194,19.40934256821555,4.7150124592093476,-2.3828986387242823,-0.81554288426214627,2.886579864025407e-15,-32.646159178197067,19.410767006068458,4.7150124592093476,-2.3806551491059502,-0.81554288426214627,1,1.8307835762794629,1.7616246212198707,1,1,1
1785140846.5334425,1,1,0.99740799283270143,1.1905831847515751,0.07195342822577401,4,0,1,0,-0.64031405164520627,0.26566392458810184,-1.5158615890742793,0.48570853253350438,-1.8507886381421197,0.16672785924270034,0,0,-0.00071221892645457715,-0.00035610946322728857,-0.01495659745554612,0.00035610946322728857,0.31858384748350305,-33.092897157348879,19.598829467008347,4.8852823205300488,-2.3013386499572772,-0.67649240534458421,2.3600360802506766e-15,-32.643257042860554,19.406882086236834,4.7148748781648582,-2.3849104812865773,-0.81566046105184986,2.3869795029440866e-15,-32.643257042860554,19.407451861377996,4.714999516476988,-2.3822182937445788,-0.81572456075523081,1,1.8307835762794629,1.7616246212198707,1,1,1
1785140846.5534425,1,1,0.99740799283270143,1.1905831847515751,0.07195342822577401,4,0,1,0,-0.6403145262679748,0.26566392458810184,-1.5158782008711778,0.48570853253350438,-1.851111856247488,0.16672738461993181,0,0,-0.0010683283896818657,0,-0.017093254234909851,0,-0.59734471403156819,-32.933605233607125,19.425728912343896,4.789115345716465,-2.3013386499572772,-0.84087373748438976,9.9604344969447898e-16,-32.640530670911446,19.404170388432025,4.7147285422694063,-2.387143855975304,-0.81579251013785714,9.9920072216264089e-16,-32.640530670911446,19.40502505114377,4.7147285422694063,-2.3840670702130202,-0.81579251013785714,1,1.8307835762794629,1.7616246212198707,1,1,1
1785140846.5734427,1,1,0.99740799283270143,1.1905831847515751,0.07195342822577401,4,0,1,0,-0.64031405164520627,0.26566439921087037,-1.5158914903086964,0.48570853253350438,-1.8515000976721445,0.16672690999716328,0,0,-0.00035610946322728857,0,-0.021010458330410025,0,-0.91592856151507118,-32.29643753864012,19.137227987903145,4.8852823205300488,-2.4341081874548127,-0.87880789105511414,9.296998474471358e-16,-32.63734395615819,19.400979562953026,4.7145584191631968,-2.3897801686187501,-0.81594905924033967,9.4368957093138306e-16,-32.63734395615819,19.401264450523609,4.7145584191631968,-2.3859982861192761,-0.81594905924033967,1,1.8307835762794629,1.7616246212198707,1,1,1
1785140846.5934427,1,1,0.99740799283270143,1.1905831847515751,0.07195342822577401,4,0,1,0,-0.64031262777690068,0.26566392458810184,-1.5158929141770021,0.48570853253350438,-1.8519747204406736,0.16672690999716328,0.00035610946322728857,0,0,0,-0.027776538131728506,0,-1.0752204852568228,-32.29643753864012,19.598829467008347,4.789115345716465,-2.4024963928125422,-0.70810419998685459,1.4953847958136556e-15,-32.633574382658331,19.39724878988892,4.7143651183663495,-2.3928844179478976,-0.81613506806976777,-0.00042733135587124749,-32.633574382658331,19.39724878988892,4.7143651183663495,-2.3878846410841863,-0.81613506806976777,1,1.8307835762794629,1.7616246212198707,1,1,1
1785140846.6134427,1,1,0.99740799283270143,1.1905831847515751,0.07195342822577401,4,0,1,0,-0.64031167853136362,0.26566392458810184,-1.5158933887997705,0.48570900715627291,-1.8526505832630589,0.16672690999716328,0.00035610946322728857,-0.00035610946322728857,0,-0.00035610946322728857,-0.038815931491774452,0.00035610946322728857,0.31858384748350305,-32.455729462381868,19.233394962716726,4.8852823205300488,-2.3708845981702718,-0.87880789105511414,1.649937147980736e-15,-32.628247162475503,19.391947055918465,4.7140922571104458,-2.3972972305733768,-0.81640007708975171,-0.00042733135587108095,-32.627819831119631,19.391947055918465,4.7142168954225756,-2.3903103629048577,-0.81646417679313266,1,1.8307835762794629,1.7616246212198707,1,1,1
1785140846.6334426,1,1,0.99740799283270143,1.1905831847515751,0.07195342822577401,4,0,1,0,-0.64030835617198389,0.26566392458810184,-1.5158933887997705,0.48570995640180997,-1.8534887670722811,0.16672643537439474,0.00035610946322728857,0,0,0,-0.045582011293092937,0.00035610946322728857,0.63716769496700609,-32.77431330986537,19.425728912343896,4.6160147910520148,-2.3329504445995477,-0.91041968569738441,7.7970630693526451e-16,-32.621648761363225,19.385380155726395,4.7137549078131862,-2.4027640045631222,-0.81672894557167031,-0.00042733135587196913,-32.621648761363225,19.385380155726395,4.7137549078131862,-2.3945592425303657,-0.81679304527505125,1,1.8307835762794629,1.7616246212198707,1,1,1
1785140846.6534426,1,1,0.99740799283270143,1.1905831847515751,0.07195342822577401,4,0,1,0,-0.64030408456706711,0.26566297534256478,-1.5158933887997705,0.48571138027011557,-1.8544650661071451,0.16672643537439474,0.00035610946322728857,-0.00035610946322728857,0,0,-0.047006449146002091,0,1.1150434661922606,-32.77431330986537,19.425728912343896,4.8852823205300488,-2.3329504445995477,-0.70810419998685459,-1.8544820564426449e-16,-32.613934549770732,19.377744070157938,4.7133611414465033,-2.4091220632156447,-0.81711164774458223,-0.00042733135587291282,-32.61350721841486,19.377744070157938,4.7133611414465033,-2.4006609023693644,-0.81711164774458223,1,1.8307835762794629,1.7616246212198707,1,1,1
1785140846.6734426,1,1,0.99740799283270143,1.1905831847515751,0.07195342822577401,4,0,1,0,-0.64030550843537271,0.26566297534256478,-1.5158933887997705,0.4857104310245785,-1.8553540345525998,0.16672643537439474,0,-0.00035610946322728857,0,-0.00035610946322728857,-0.043089245050501913,0,0.31858384748350305,-31.977853691156614,19.329561937530311,4.4236808414248472,-2.4341081874548127,-0.87880789105511414,1.698967026196995e-17,-32.60693836900505,19.370781296573671,4.712985110077982,-2.4149167364659236,-0.81745783261668215,0,-32.606511037649177,19.370781296573671,4.7131097483901119,-2.4071606723568335,-0.81745783261668215,1,1.8307835762794629,1.7616246212198707,1,1,1
1785140846.6934426,1,1,0.99740799283270143,1.1905831847515751,0.07195342822577401,4,0,1,0,-0.64030550843537271,0.26566297534256478,-1.5158938634225392,0.4857104310245785,-1.8561561470314139,0.16672643537439474,0,-0.00035610946322728857,0,0,-0.036679274712410725,-0.00035610946322728857,0.31858384748350305,-31.499977919931361,19.598829467008347,4.8852823205300488,-2.4341081874548127,-0.94835383926810879,4.74257977560147e-16,-32.600623371533246,19.364496488210744,4.712648155366618,-2.4201467717178384,-0.81777110079680282,4.9960036108132044e-16,-32.600196040177373,19.364496488210744,4.712648155366618,-2.4135445022696045,-0.81770700109342187,1,1.8307835762794629,1.7616246212198707,1,1,1
1785140846.7134426,1,1,0.99740799283270143,1.1905831847515751,0.07195342822577401,4,0,1,0,-0.64030503381260417,0.26566297534256478,-1.5158938634225392,0.4857104310245785,-1.8568097025836783,0.16672643537439474,0,0,0,0,-0.033118180080137838,-0.00035610946322728857,-0.43805279028981664,-33.730064852315884,19.060294408052279,5.1545498500080829,-2.3708845981702718,-0.91041968569738441,6.9678195718773286e-16,-32.595483354818903,19.359381001870382,4.7123723125741268,-2.4244041481723917,-0.8180261180041879,7.2164496600635175e-16,-32.595483354818903,19.359381001870382,4.7123723125741268,-2.4184428757579668,-0.81796201830080695,1,1.8307835762794629,1.7616246212198707,1,1,1
1785140846.7334425,1,1,0.99740799283270143,1.1905831847515751,0.07195342822577401,4,0,1,0,-0.64030360994429858,0.26566250071979625,-1.5158943380453076,0.48571138027011557,-1.8574879385199061,0.16672643537439474,0.00035610946322728857,-0.00035610946322728857,-0.00035610946322728857,0,-0.034898727396274282,0,0,-33.411481004832382,19.060294408052279,4.6160147910520148,-2.4341081874548127,-0.67649240534458421,4.1142294937571637e-15,-32.5901307224741,19.354074603199976,4.7120902337044379,-2.4288207980246526,-0.81829166792310482,-0.00042733135586863846,-32.589703391118228,19.354359490770559,4.7120902337044379,-2.4225390270933231,-0.81829166792310482,1,1.8307835762794629,1.7616246212198707,1,1,1
1785140846.7534425,1,1,0.99740799283270143,1.1905831847515751,0.07195342822577401,4,0,1,0,-0.64030266069876152,0.26566297534256478,-1.5158938634225392,0.48571138027011557,-1.8582160098468297,0.16672690999716328,0,0,0,-0.00035610946322728857,-0.039884259881456316,0.00035610946322728857,-0.27876086654806514,-31.977853691156614,19.060294408052279,4.6160147910520148,-2.4341081874548127,-0.97996563391037905,1.7717706639159675e-15,-32.584428180940058,19.348378570008684,4.7117789087727608,-2.4335609770485611,-0.81857537138200898,1.7763568394002505e-15,-32.584428180940058,19.348378570008684,4.7119035470848907,-2.4263818102698989,-0.81863947108538992,1,1.8307835762794629,1.7616246212198707,1,1,1
1785140846.7734425,1,1,0.99740799283270143,1.1905831847515751,0.07195342822577401,4,0,1,0,-0.64030171145322445,0.26566297534256478,-1.5158943380453076,0.48571138027011557,-1.8590945365913767,0.16672643537439474,0,0,0,0,-0.045225901829865647,0,0,-32.933605233607125,19.137227987903145,4.8852823205300488,-2.4024963928125422,-0.70810419998685459,1.8442365107624333e-15,-32.577518479155145,19.341501877488096,4.7114013797117824,-2.4392829171213526,-0.81891805940674167,1.8318679906315083e-15,-32.577518479155145,19.341501877488096,4.7114013797117824,-2.4311422547919768,-0.81891805940674167,1,1.8307835762794629,1.7616246212198707,1,1,1
1785140846.7934425,1,1,0.99740799283270143,1.1905831847515751,0.07195342822577401,4,0,1,0,-0.64030076220768739,0.26566297534256478,-1.5158943380453076,0.48571138027011557,-1.8599787588091461,0.16672643537439474,0,0,0,0,-0.045938120756320228,-0.00035610946322728857,-0.11946894280631364,-32.933605233607125,19.233394962716726,4.3275138666112634,-2.4024963928125422,-0.87880789105511414,1.333595737742487e-15,-32.57057131100094,19.334587845445384,4.7110186207754117,-2.4450363255820888,-0.81926247325674617,1.3322676295501878e-15,-32.57057131100094,19.334587845445384,4.7110186207754117,-2.4367674638459511,-0.81919837355336522,1,1.8307835762794629,1.7616246212198707,1,1,1
1785140846.8134425,1,1,0.99740799283270143,1.1905831847515751,0.07195342822577401,4,0,1,0,-0.6402979144710762,0.26566250071979625,-1.5158943380453076,0.48571232951565263,-1.8608981031117868,0.16672643537439474,0,0,-0.00035610946322728857,0,-0.04166480719759276,-0.00035610946322728857,0.31858384748350305,-31.977853691156614,19.694996441821928,4.6929483709028812,-2.4024963928125422,-0.77765014819984923,1.8284666045612586e-15,-32.563335794506877,19.327407479279021,4.7106239794109479,-2.4510123080822774,-0.81962123102680018,1.8318679906315083e-15,-32.563335794506877,19.327692366849604,4.7106239794109479,-2.4435126427867107,-0.81955713132341923,1,1.8307835762794629,1.7616246212198707,1,1,1
1785140846.8334427,1,1,0.99740799283270143,1.1905831847515751,0.07195342822577401,4,0,1,0,-0.64029506673446501,0.26566297534256478,-1.5158943380453076,0.48571232951565263,-1.8616181058516452,0.16672643537439474,0,0,-0.00035610946322728857,0,-0.032405961153683258,0,0,-32.137145614898365,19.887330391449098,4.8852823205300488,-2.4720423410255368,-0.87880789105511414,1.4482252953249522e-15,-32.5576977706584,19.321775685346893,4.7103074416741242,-2.4556976598416336,-0.81990155097517448,1.4432899320127035e-15,-32.5576977706584,19.322060572917476,4.7103074416741242,-2.4498645868339706,-0.81990155097517448,1,1.8307835762794629,1.7616246212198707,1,1,1
1785140846.8534427,1,1,0.99740799283270143,1.1905831847515751,0.07195342822577401,4,0,1,0,-0.64029601598000208,0.26566297534256478,-1.5158943380453076,0.4857118548928841,-1.8621283253278138,0.16672690999716328,0,0,0,-0.00035610946322728857,-0.017805473161364428,0,0.15929192374175152,-33.411481004832382,19.233394962716726,4.789115345716465,-2.5352659303100773,-0.8092619428421195,2.5567481781771108e-15,-32.553691764423533,19.317788783414358,4.7100789704965216,-2.4590146309099206,-0.82009934800641671,2.55351295663786e-15,-32.553691764423533,19.317788783414358,4.7102036088086514,-2.4558096457408749,-0.82009934800641671,1,1.8307835762794629,1.7616246212198707,1,1,1
1785140846.8734426,1,1,0.99740799283270143,1.1905831847515751,0.07195342822577401,4,0,1,0,-0.64029506673446501,0.26566297534256478,-1.5158938634225392,0.48571280413842116,-1.8623627889754673,0.16672643537439474,0,0.00035610946322728857,0,0.00035610946322728857,-0.0081905176542276369,0,-0.43805279028981664,-32.615021386123622,19.425728912343896,4.4236808414248472,-2.5036541356678073,-0.70810419998685459,9.893133660919591e-16,-32.551857372846897,19.315963080449738,4.7099819846408995,-2.4605349210411438,-0.82019154801881211,9.9920072216264089e-16,-32.552284704202769,19.315963080449738,4.7098573463287696,-2.4590606278633826,-0.82019154801881211,1,1.8307835762794629,1.7616246212198707,1,1,1
1785140846.8934426,1,1,0.99740799283270143,1.1905831847515751,0.07195342822577401,4,0,1,0,-0.64028984588401128,0.26566250071979625,-1.5158938634225392,0.48571470262949529,-1.8624691044756176,0.16672643537439474,0.00035610946322728857,0,-0.00035610946322728857,0,-0.0024927662425910197,0,-0.27876086654806514,-31.818561767414863,19.329561937530311,4.6160147910520148,-2.3013386499572772,-0.84087373748438976,-9.6990704552983621e-16,-32.551009438573999,19.315139824442745,4.7099469096872779,-2.4612215844908252,-0.82023474366364924,-0.00042733135587368998,-32.551009438573999,19.315424712013328,4.7099469096872779,-2.4607728865671588,-0.82023474366364924,1,1.8307835762794629,1.7616246212198707,1,1,1
1785140846.9134426,1,1,0.99740799283270143,1.1905831847515751,0.07195342822577401,4,0,1,0,-0.64028557427909449,0.26566297534256478,-1.5158933887997705,0.48571565187503235,-1.8624880893863589,0.16672596075162621,0,0.00035610946322728857,0,0,-0.00035610946322728857,0,0.31858384748350305,-33.411481004832382,19.329561937530311,4.4236808414248472,-2.4341081874548127,-0.70810419998685459,2.0153468702477734e-15,-32.550882195994056,19.314992478553204,4.7099447712618234,-2.4613447410786709,-0.82024329599261436,1.9984014443252818e-15,-32.551309527349929,19.314992478553204,4.7099447712618234,-2.4612806413752901,-0.82024329599261436,1,1.8307835762794629,1.7616246212198707,1,1,1
1785140846.9334426,1,1,0.99740799283270143,1.1905831847515751,0.07195342822577401,4,0,1,0,-0.64028604890186303,0.26566297534256478,-1.5158933887997705,0.48571565187503235,-1.8624904625002014,0.16672596075162621,0,0,0,0,-0.00035610946322728857,-0.00035610946322728857,0.47787577122525454,-32.137145614898365,19.137227987903145,4.3275138666112634,-2.4341081874548127,-0.91041968569738441,2.706060343457474e-15,-32.550863569131074,19.314973940486595,4.70994371919077,-2.4613601651156491,-0.82024421875591935,2.7200464103316335e-15,-32.550863569131074,19.314973940486595,4.70994371919077,-2.4612960654122684,-0.8201801190525384,1,1.8307835762794629,1.7616246212198707,1,1,1
1785140846.9534426,1,1,0.99740799283270143,1.1905831847515751,0.07195342822577401,4,0,1,0,-0.64028652352463156,0.26566344996533331,-1.5158933887997705,0.48571612649780083,-1.862489987877433,0.16672643537439474,0,0.00035610946322728857,0,0,0,0,0.31858384748350305,-32.29643753864012,19.521895887157477,4.6160147910520148,-2.4341081874548127,-0.84087373748438976,3.4039116565894607e-15,-32.550883691365613,19.314973309804138,4.7099458377903103,-2.4613601973559063,-0.82024452066213249,3.3861802251067274e-15,-32.551311022721485,19.314973309804138,4.7099458377903103,-2.4613601973559063,-0.82024452066213249,1,1.8307835762794629,1.7616246212198707,1,1,1
1785140846.9734426,1,1,0.99740799283270143,1.1905831847515751,0.07195342822577401,4,0,1,0,-0.64028652352463156,0.26566297534256478,-1.5158933887997705,0.48571707574333789,-1.862489987877433,0.16672643537439474,-0.00035610946322728857,-0.00035610946322728857,0,0.00035610946322728857,0,-0.00035610946322728857,0.31858384748350305,-32.455729462381868,19.598829467008347,4.6160147910520148,-2.4341081874548127,-0.84087373748438976,2.5924891498786517e-15,-32.550869135211194,19.314979467722075,4.7099520918562297,-2.4613562645099694,-0.82024537166731948,0.00042733135587535531,-32.550441803855321,19.314979467722075,4.7098274535440998,-2.4613562645099694,-0.82018127196393853,1,1.8307835762794629,1.7616246212198707,1,1,1
1785140846.9934425,1,1,0.99740799283270143,1.1905831847515751,0.07195342822577401,4,0,1,0,-0.64028652352463156,0.26566344996533331,-1.5158933887997705,0.48571897423441202,-1.862489987877433,0.16672643537439474,0,0.00035610946322728857,0,0.00035610946322728857,0.00035610946322728857,0,-0.43805279028981664,-33.411481004832382,19.521895887157477,4.4236808414248472,-2.5352659303100773,-0.67649240534458421,2.2317894465018389e-15,-32.550887068040723,19.314976644369899,4.7099631653288752,-2.4613589348593528,-0.82024752982913773,2.2204460492503131e-15,-32.551314399396595,19.314976644369899,4.7098385270167453,-2.4614230345627335,-0.82024752982913773,1,1.8307835762794629,1.7616246212198707,1,1,1
1785140847.0134425,1,1,0.99740799283270143,1.1905831847515751,0.07195342822577401,4,0,1,0,-0.64028652352463156,0.26566392458810184,-1.5158933887997705,0.4857218219710232,-1.862489987877433,0.16672643537439474,0,0.00035610946322728857,0.00035610946322728857,0.00035610946322728857,0,0,0.31858384748350305,-31.977853691156614,19.521895887157477,4.519847816238431,-2.5732000838808018,-0.87880789105511414,7.2036461366540156e-16,-32.550906126443429,19.314974932557103,4.7099800146097639,-2.4613611843701575,-0.82025069104074844,7.2164496600635175e-16,-32.551333457799302,19.31469004498652,4.7098553762976341,-2.4613611843701575,-0.82025069104074844,1,1.8307835762794629,1.7616246212198707,1,1,1
1785140847.0334425,1,1,0.99740799283270143,1.1905831847515751,0.07195342822577401,4,0,1,0,-0.64028699814740009,0.26566392458810184,-1.5158933887997705,0.4857232458393288,-1.862489038631896,0.16672643537439474,0,-0.00035610946322728857,0,0,0.00035610946322728857,0,-0.59734471403156819,-32.933605233607125,19.425728912343896,4.8852823205300488,-2.5352659303100773,-0.63855825177385994,1.3364802592110885e-15,-32.550915265537185,19.314984015077599,4.7099890991798326,-2.461354383529299,-0.8202518265159815,1.3322676295501878e-15,-32.550487934181312,19.314984015077599,4.7099890991798326,-2.4614184832326798,-0.8202518265159815,1,1.8307835762794629,1.7616246212198707,1,1,1
1785140847.0534425,1,1,0.99740799283270143,1.1905831847515751,0.07195342822577401,4,0,1,0,-0.64028699814740009,0.26566439921087037,-1.5158933887997705,0.48572656819870846,-1.8624895132546644,0.16672690999716328,0,0,0,0,-0.00035610946322728857,0,-0.27876086654806514,-32.29643753864012,19.233394962716726,4.789115345716465,-2.4341081874548127,-0.87880789105511414,4.3672465404904435e-15,-32.550931313757594,19.314979303795347,4.7100081243602308,-2.4613593228588453,-0.82025550667604352,4.3853809472693683e-15,-32.550931313757594,19.314979303795347,4.7100081243602308,-2.4612952231554646,-0.82025550667604352,1,1.8307835762794629,1.7616246212198707,1,1,1
1785140847.0734427,1,1,0.99740799283270143,1.1905831847515751,0.07195342822577401,4,0,1,0,-0.64028509965632596,0.26566392458810184,-1.5158938634225392,0.48573368754023644,-1.8624904625002014,0.16672690999716328,0,0,0,0.00035610946322728857,0,0,-0.43805279028981664,-33.730064852315884,19.329561937530311,4.4236808414248472,-2.4341081874548127,-0.94835383926810879,1.9636728586280448e-15,-32.550911505188324,19.31498022514134,4.7100510219155689,-2.4613623361066632,-0.82026339862699749,1.9428902930940239e-15,-32.550911505188324,19.31498022514134,4.7099263836034391,-2.4613623361066632,-0.82026339862699749,1,1.8307835762794629,1.7616246212198707,1,1,1
1785140847.0934427,1,1,0.99740799283270143,1.1905831847515751,0.07195342822577401,4,0,1,0,-0.6402827265424833,0.26566392458810184,-1.5158938634225392,0.48573985763622729,-1.8624937848595813,0.16672643537439474,0,0,0,0,0,0,-0.43805279028981664,-32.29643753864012,19.060294408052279,4.3275138666112634,-2.5036541356678073,-0.84087373748438976,3.0161935031729911e-16,-32.550892591552675,19.314961344613629,4.7100875928696357,-2.4613813784711995,-0.82027137736454159,2.7755575615628914e-16,-32.550892591552675,19.314961344613629,4.7100875928696357,-2.4613813784711995,-0.82027137736454159,1,1.8307835762794629,1.7616246212198707,1,1,1
1785140847.1134427,1,1,0.99740799283270143,1.1905831847515751,0.07195342822577401,4,0,1,0,-0.64027845493756652,0.26566392458810184,-1.5158938634225392,0.48574175612730142,-1.8624947341051183,0.16672596075162621,0,-0.00035610946322728857,0,0,0,0,-0.43805279028981664,-31.659269843673112,19.521895887157477,4.6929483709028812,-2.3708845981702718,-0.67649240534458421,1.3016459973818989e-15,-32.550887239631827,19.314956000168873,4.7100992249988174,-2.4613868908058212,-0.82027391965656604,1.27675647831893e-15,-32.550459908275954,19.314956000168873,4.7100992249988174,-2.4613868908058212,-0.82027391965656604,1,1.8307835762794629,1.7616246212198707,1,1,1
1785140847.1334426,1,1,0.99740799283270143,1.1905831847515751,0.07195342822577401,4,0,1,0,-0.64027465795541827,0.26566344996533331,-1.5158933887997705,0.48574650235498673,-1.8625018534466462,0.16672643537439474,0.00035610946322728857,-0.00035610946322728857,0,0.00035610946322728857,-0.00071221892645457715,0,0.47787577122525454,-32.29643753864012,19.329561937530311,4.3275138666112634,-2.5036541356678073,-0.91041968569738441,1.9042700326146689e-15,-32.550826575652046,19.314916188904032,4.7101254019591963,-2.4614238490582849,-0.82028123185363255,-0.00042733135587085891,-32.550399244296173,19.314916188904032,4.7100007636470664,-2.461295649651523,-0.82028123185363255,1,1.8307835762794629,1.7616246212198707,1,1,1
1785140847.1534426,1,1,0.99740799283270143,1.1905831847515751,0.07195342822577401,4,0,1,0,-0.640268962482196,0.26566297534256478,-1.5158933887997705,0.48575409631928318,-1.8625165667524706,0.16672643537439474,0,0,0,0,-0.00035610946322728857,0,0.31858384748350305,-32.933605233607125,19.694996441821928,4.6160147910520148,-2.4720423410255368,-0.73971599462912485,1.1935872379785199e-15,-32.550704412767807,19.314815192370443,4.7101655613675835,-2.461512596177776,-0.82029482498805262,1.2212453270876722e-15,-32.550704412767807,19.314815192370443,4.7101655613675835,-2.4614484964743952,-0.82029482498805262,1,1.8307835762794629,1.7616246212198707,1,1,1
1785140847.1734426,1,1,0.99740799283270143,1.1905831847515751,0.07195342822577401,4,0,1,0,-0.64026564012281628,0.26566250071979625,-1.5158924395542335,0.48576216490634816,-1.8625203637346188,0.16672643537439474,0,0,0.00035610946322728857,0.00035610946322728857,0,0,-0.59734471403156819,-32.77431330986537,19.060294408052279,4.6160147910520148,-2.4720423410255368,-0.84087373748438976,3.4168463254086139e-15,-32.55067873140743,19.31481011875546,4.7102144052504809,-2.4615231596789435,-0.82030437091179009,3.4416913763379853e-15,-32.55067873140743,19.314525231184877,4.710089766938351,-2.4615231596789435,-0.82030437091179009,1,1.8307835762794629,1.7616246212198707,1,1,1
1785140847.1934426,1,1,0.99740799283270143,1.1905831847515751,0.07195342822577401,4,0,1,0,-0.64026421625451069,0.26566250071979625,-1.5158914903086964,0.48576691113403347,-1.8625189398663133,0.16672643537439474,0.00035610946322728857,0,0,0.00071221892645457715,0,0,-0.43805279028981664,-31.818561767414863,19.521895887157477,4.4236808414248472,-2.5352659303100773,-0.87880789105511414,8.1289054583392397e-16,-32.550705770998867,19.314836891758461,4.7102448713009366,-2.4615047767812119,-0.82030852828857581,-0.00042733135587191362,-32.550705770998867,19.314836891758461,4.7099955946766778,-2.4615047767812119,-0.82030852828857581,1,1.8307835762794629,1.7616246212198707,1,1,1
1785140847.2134426,1,1,0.99740799283270143,1.1905831847515751,0.07195342822577401,4,0,1,0,-0.64026279238620509,0.26566202609702771,-1.5158905410631593,0.48577355585279286,-1.8625151428841651,0.16672643537439474,0.00035610946322728857,-0.00035610946322728857,0,0.00071221892645457715,0.00035610946322728857,0,-0.59734471403156819,-32.29643753864012,19.791163416635513,4.6160147910520148,-2.6427460320937963,-0.87880789105511414,1.8686472892106995e-15,-32.550738006572814,19.31488947199454,4.7102884190776617,-2.4614666165553083,-0.82031361691585569,-0.00042733135587085891,-32.550310675216942,19.31488947199454,4.7100391424534029,-2.461530716258689,-0.82031361691585569,1,1.8307835762794629,1.7616246212198707,1,1,1
1785140847.2334425,1,1,0.99740799283270143,1.1905831847515751,0.07195342822577401,4,0,1,0,-0.64025757153575125,0.26566250071979625,-1.5158895918176223,0.48578921840415429,-1.8625146682613964,0.16672643537439474,0.00035610946322728857,0,0.00035610946322728857,0.0010683283896818657,0.00035610946322728857,0,0.63716769496700609,-31.181394072447858,19.425728912343896,4.6160147910520148,-2.5036541356678073,-0.70810419998685459,1.8707886855888997e-15,-32.550786221928277,19.314916566747893,4.7103844043644871,-2.4614530739278333,-0.8203298299661328,-0.00042733135587085891,-32.550786221928277,19.31463167917731,4.7100104894280985,-2.461517173631214,-0.8203298299661328,1,1.8307835762794629,1.7616246212198707,1,1,1
1785140847.2534425,1,1,0.99740799283270143,1.1905831847515751,0.07195342822577401,4,0,1,0,-0.6402523506852974,0.26566250071979625,-1.5158895918176223,0.48580630482382137,-1.8625137190158594,0.16672643537439474,0.00035610946322728857,-0.00035610946322728857,0,0.00071221892645457715,0.00035610946322728857,0,0.63716769496700609,-33.092897157348879,19.137227987903145,5.1545498500080829,-2.6427460320937963,-0.91041968569738441,2.5650392523990614e-15,-32.550813934000445,19.314943990649304,4.7104887838765013,-2.4614393270356176,-0.82034751482654711,-0.00042733135587019278,-32.550386602644572,19.314943990649304,4.7102395072522425,-2.4615034267389984,-0.82034751482654711,1,1.8307835762794629,1.7616246212198707,1,1,1
1785140847.2734425,1,1,0.99740799283270143,1.1905831847515751,0.07195342822577401,4,0,1,0,-0.64024902832591779,0.26566297534256478,-1.5158891171948539,0.48582101812964573,-1.8625094474109427,0.16672643537439474,0,0.00035610946322728857,0.00035610946322728857,0.00035610946322728857,0.00035610946322728857,0,-0.75663663777331969,-32.29643753864012,19.233394962716726,4.6160147910520148,-2.4341081874548127,-0.87880789105511414,1.133243128461192e-15,-32.550885709482465,19.314994589057733,4.7105801970945791,-2.4614050402220133,-0.82036140026011206,1.1102230246251565e-15,-32.551313040838338,19.31470970148715,4.7104555587824493,-2.4614691399253941,-0.82036140026011206,1,1.8307835762794629,1.7616246212198707,1,1,1
1785140847.2934425,1,1,0.99740799283270143,1.1905831847515751,0.07195342822577401,4,0,1,0,-0.64024475672100101,0.26566250071979625,-1.5158895918176223,0.4858333583216275,-1.862508023542637,0.16672643537439474,0.00035610946322728857,-0.00035610946322728857,0,0.00071221892645457715,0,0,-0.43805279028981664,-31.977853691156614,19.060294408052279,4.789115345716465,-2.1685691124597422,-0.8092619428421195,3.5801055377530264e-16,-32.550890719581766,19.31502016308626,4.710655908057733,-2.4613903136379114,-0.82037388535232558,-0.00042733135587241322,-32.550463388225893,19.31502016308626,4.7104066314334743,-2.4613903136379114,-0.82037388535232558,1,1.8307835762794629,1.7616246212198707,1,1,1
1785140847.3134425,1,1,0.99740799283270143,1.1905831847515751,0.07195342822577401,4,0,1,0,-0.64023526426563038,0.26566202609702771,-1.5158881679493168,0.48584664775914632,-1.8625084981654056,0.16672643537439474,0.00071221892645457715,0,0,0.00071221892645457715,0,-0.00035610946322728857,-0.43805279028981664,-33.411481004832382,19.598829467008347,4.8852823205300488,-2.3708845981702718,-0.77765014819984923,1.820469029940921e-15,-32.550902424324335,19.315052202516302,4.7107384648142867,-2.4613734563087757,-0.82038750332177657,-0.00085466271174366071,-32.550902424324335,19.315052202516302,4.7104891881900279,-2.4613734563087757,-0.82032340361839562,1,1.8307835762794629,1.7616246212198707,1,1,1
1785140847.3334427,1,1,0.99740799283270143,1.1905831847515751,0.07195342822577401,4,0,1,0,-0.64022007633703748,0.26566060222872212,-1.5158867440810113,0.48585946257389662,-1.8625099220337111,0.16672690999716328,0.0010683283896818657,-0.00035610946322728857,0.00035610946322728857,0.00071221892645457715,0,0,-0.11946894280631364,-32.137145614898365,19.060294408052279,4.789115345716465,-2.5352659303100773,-0.8092619428421195,1.5948893184690496e-15,-32.550874903311211,19.315086514961809,4.7108181672489975,-2.461355769831473,-0.82040051760605726,-0.0012819940676166289,-32.550447571955338,19.314801627391226,4.7105688906247387,-2.461355769831473,-0.82040051760605726,1,1.8307835762794629,1.7616246212198707,1,1,1
1785140847.3534427,1,1,0.99740799283270143,1.1905831847515751,0.07195342822577401,4,0,1,0,-0.64019824368968514,0.26566107685149065,-1.5158867440810113,0.48587275201141539,-1.8625099220337111,0.16672643537439474,0.0010683283896818657,0,0.00035610946322728857,0.00071221892645457715,0.00035610946322728857,0,-0.43805279028981664,-33.092897157348879,19.329561937530311,4.519847816238431,-2.5352659303100773,-0.70810419998685459,3.8738269431904649e-16,-32.550906192895859,19.315096879941972,4.7108990429256767,-2.4613535721187554,-0.82041487805564939,-0.0012819940676178502,-32.550906192895859,19.314811992371389,4.710649766301418,-2.4614176718221361,-0.82041487805564939,1,1.8307835762794629,1.7616246212198707,1,1,1
1785140847.3734426,1,1,0.99740799283270143,1.1905831847515751,0.07195342822577401,4,0,1,0,-0.64017736028786987,0.26566107685149065,-1.5158867440810113,0.48588129522124895,-1.8625103966564798,0.16672596075162621,0.0010683283896818657,0,0,0.00071221892645457715,-0.00035610946322728857,-0.00035610946322728857,-1.0752204852568228,-31.977853691156614,19.329561937530311,4.8852823205300488,-2.5732000838808018,-0.77765014819984923,1.9834676841259424e-15,-32.550912446551422,19.315103025062548,4.7109513100361182,-2.4613530519231266,-0.82042425616855552,-0.0012819940676162404,-32.550912446551422,19.315103025062548,4.7107020334118594,-2.4612889522197459,-0.82036015646517457,1,1.8307835762794629,1.7616246212198707,1,1,1
1785140847.3934426,1,1,0.99740799283270143,1.1905831847515751,0.07195342822577401,4,0,1,0,-0.64015315452667487,0.26566060222872212,-1.5158867440810113,0.48589411003599919,-1.8625118205247853,0.16672596075162621,0.0014244378529091543,0.00035610946322728857,0,0.00071221892645457715,0,0,0.31858384748350305,-31.499977919931361,19.060294408052279,4.519847816238431,-2.6048118785230723,-0.77765014819984923,1.6713642849083857e-15,-32.550900785404373,19.315111955836624,4.7110291203515589,-2.4613531093865757,-0.82043819738102353,-0.0017093254234893198,-32.551328116760246,19.315111955836624,4.7107798437273001,-2.4613531093865757,-0.82043819738102353,1,1.8307835762794629,1.7616246212198707,1,1,1
1785140847.4134426,1,1,0.99740799283270143,1.1905831847515751,0.07195342822577401,4,0,1,0,-0.64012942338824841,0.26566060222872212,-1.5158862694582427,0.48589695777261038,-1.8625127697703223,0.16672548612885768,0.0010683283896818657,0,0,-0.00035610946322728857,0,0,1.1150434661922606,-31.818561767414863,19.329561937530311,4.6160147910520148,-2.4341081874548127,-0.84087373748438976,3.4641350942085761e-15,-32.550901676875867,19.31511276919084,4.7110470042239339,-2.4613546877366135,-0.82044159028353625,-0.0012819940676147971,-32.550901676875867,19.31511276919084,4.7111716425360637,-2.4613546877366135,-0.82044159028353625,1,1.8307835762794629,1.7616246212198707,1,1,1
1785140847.4334426,1,1,0.99740799283270143,1.1905831847515751,0.07195342822577401,4,0,1,0,-0.64011518470519257,0.26566060222872212,-1.5158857948354743,0.48589743239537891,-1.862513244393091,0.16672548612885768,0.00035610946322728857,0,0,0.00035610946322728857,-0.00035610946322728857,0,-0.43805279028981664,-32.615021386123622,19.233394962716726,4.4236808414248472,-2.4341081874548127,-0.8092619428421195,2.6621372514124417e-15,-32.550903631740454,19.31511466323861,4.7110501595397496,-2.4613540496857462,-0.82044212425074359,-0.00042733135587008175,-32.550903631740454,19.31511466323861,4.7109255212276198,-2.4612899499823655,-0.82044212425074359,1,1.8307835762794629,1.7616246212198707,1,1,1
1785140847.4534426,1,1,0.99740799283270143,1.1905831847515751,0.07195342822577401,4,0,1,0,-0.64011281159134992,0.26566060222872212,-1.5158857948354743,0.48589695777261038,-1.8625156175069335,0.16672596075162621,0.00035610946322728857,0,0,0.00035610946322728857,-0.00035610946322728857,0.00035610946322728857,-0.43805279028981664,-31.977853691156614,19.329561937530311,4.789115345716465,-2.4341081874548127,-0.67649240534458421,4.2172837369519329e-15,-32.550884594418946,19.315095721700551,4.7110457179104088,-2.4613694981046219,-0.82044237837204481,-0.00042733135586852744,-32.550884594418946,19.315095721700551,4.710921079598279,-2.4613053984012412,-0.82050647807542576,1,1.8307835762794629,1.7616246212198707,1,1,1
1785140847.4734426,1,1,0.99740799283270143,1.1905831847515751,0.07195342822577401,4,0,1,0,-0.64010996385473873,0.26566060222872212,-1.5158857948354743,0.48589648314984185,-1.8625179906207763,0.16672548612885768,0.00035610946322728857,0,0,0,0,0,0.63716769496700609,-32.137145614898365,19.060294408052279,5.1545498500080829,-2.5352659303100773,-0.8092619428421195,1.9954373815481297e-15,-32.550865252394736,19.31507647552116,4.711042279191644,-2.4613853155813783,-0.82044296664210847,-0.00042733135587074789,-32.550865252394736,19.31507647552116,4.711042279191644,-2.4613853155813783,-0.82044296664210847,1,1.8307835762794629,1.7616246212198707,1,1,1
1785140847.4934425,1,1,0.99740799283270143,1.1905831847515751,0.07195342822577401,4,0,1,0,-0.64010759074089607,0.26566060222872212,-1.5158862694582427,0.48589600852707332,-1.8625208383573875,0.16672548612885768,0,0,0,0,0,0.00035610946322728857,0.63716769496700609,-32.455729462381868,19.060294408052279,4.519847816238431,-2.4341081874548127,-0.87880789105511414,1.1508890564477168e-15,-32.550837220030537,19.315048628288103,4.7110376501263183,-2.4614075449998936,-0.82044372439734703,1.1657341758564144e-15,-32.550837220030537,19.315048628288103,4.7110376501263183,-2.4614075449998936,-0.82050782410072798,1,1.8307835762794629,1.7616246212198707,1,1,1
1785140847.5134425,1,1,0.99740799283270143,1.1905831847515751,0.07195342822577401,4,0,1,0,-0.64010853998643313,0.26566060222872212,-1.5158862694582427,0.48589458465876773,-1.8625213129801559,0.16672548612885768,-0.00035610946322728857,0,0,0,0,0,0,-32.29643753864012,19.060294408052279,5.0776162701572165,-2.5732000838808018,-0.67649240534458421,1.2564622630308554e-15,-32.550831806086869,19.3150432531577,4.7110287770291635,-2.4614112610982364,-0.82044240453482997,0.00042733135587402305,-32.550831806086869,19.3150432531577,4.7110287770291635,-2.4614112610982364,-0.82044240453482997,1,1.8307835762794629,1.7616246212198707,1,1,1
1785140847.5334425,1,1,0.99740799283270143,1.1905831847515751,0.07195342822577401,4,0,1,0,-0.64010901460920167,0.26566060222872212,-1.5158862694582427,0.48589411003599919,-1.8625217876029243,0.16672548612885768,0,0,0,0,0,0,0.63716769496700609,-33.092897157348879,19.598829467008347,4.6160147910520148,-2.4341081874548127,-0.87880789105511414,-1.2113597756981924e-16,-32.550827517870587,19.315038989718619,4.7110256789679497,-2.4614145561186049,-0.82044208760151449,-1.1102230246251565e-16,-32.550827517870587,19.315038989718619,4.7110256789679497,-2.4614145561186049,-0.82044208760151449,1,1.8307835762794629,1.7616246212198707,1,1,1
1785140847.5534425,1,1,0.99740799283270143,1.1905831847515751,0.07195342822577401,4,0,1,0,-0.64010853998643313,0.26566060222872212,-1.5158867440810113,0.48589411003599919,-1.8625222622256929,0.16672548612885768,0,0,0,0,-0.00035610946322728857,0,0,-33.411481004832382,19.425728912343896,4.6160147910520148,-2.4024963928125422,-0.73971599462912485,1.0145134335707587e-15,-32.550818675151085,19.315030236316467,4.7110249901038914,-2.4614211525971621,-0.82044242416234103,9.9920072216264089e-16,-32.550818675151085,19.315030236316467,4.7110249901038914,-2.4613570528937814,-0.82044242416234103,1,1.8307835762794629,1.7616246212198707,1,1,1
1785140847.5734427,1,1,0.99740799283270143,1.1905831847515751,0.07195342822577401,4,0,1,0,-0.64010853998643313,0.26566107685149065,-1.5158872187037797,0.48589411003599919,-1.8625217876029243,0.16672548612885768,0,0,0,0,0.00035610946322728857,0,-0.43805279028981664,-32.29643753864012,19.137227987903145,4.8852823205300488,-2.5352659303100773,-0.8092619428421195,-4.6863879708561509e-16,-32.550832965445856,19.315023852279388,4.7110242440159755,-2.4614250921124556,-0.82044254369229219,-4.4408920985006262e-16,-32.550832965445856,19.315023852279388,4.7110242440159755,-2.4614891918158364,-0.82044254369229219,1,1.8307835762794629,1.7616246212198707,1,1,1
1785140847.5934427,1,1,0.99740799283270143,1.1905831847515751,0.07195342822577401,4,0,1,0,-0.64010853998643313,0.26566107685149065,-1.5158876933265484,0.48589411003599919,-1.8625222622256929,0.16672548612885768,0,0,0,0,0,0.00035610946322728857,0,-32.933605233607125,19.060294408052279,4.519847816238431,-2.4024963928125422,-0.70810419998685459,9.7623064750571251e-16,-32.550824122714531,19.31501509886585,4.7110235551487989,-2.4614316885877381,-0.82044288025240741,9.9920072216264089e-16,-32.550824122714531,19.31501509886585,4.7110235551487989,-2.4614316885877381,-0.82050697995578836,1,1.8307835762794629,1.7616246212198707,1,1,1
1785140847.6134427,1,1,0.99740799283270143,1.1905831847515751,0.07195342822577401,4,0,1,0,-0.64010711611812754,0.26566060222872212,-1.5158876933265484,0.48589600852707332,-1.8625227368484614,0.16672548612885768,0.00035610946322728857,0,0,0.00035610946322728857,-0.00035610946322728857,0,0.31858384748350305,-32.137145614898365,19.060294408052279,4.789115345716465,-2.5036541356678073,-0.77765014819984923,4.471784533804644e-15,-32.550806966520369,19.315018660489418,4.7110353729852381,-2.4614304189009717,-0.82044491860945468,-0.00042733135586824989,-32.550806966520369,19.315018660489418,4.7109107346731083,-2.461366319197591,-0.82044491860945468,1,1.8307835762794629,1.7616246212198707,1,1,1
1785140847.6334426,1,1,0.99740799283270143,1.1905831847515751,0.07195342822577401,4,0,1,0,-0.64009952215383115,0.26566012760595364,-1.5158876933265484,0.48589790701814745,-1.8625274830761467,0.16672548612885768,0.00071221892645457715,0,0,0,0,0,-0.43805279028981664,-32.77431330986537,19.060294408052279,4.519847816238431,-2.4341081874548127,-0.87880789105511414,-8.7686516316891882e-16,-32.550756282180132,19.314988853801953,4.7110452958726174,-2.4614569094232976,-0.82044861774084621,-0.00085466271174638076,-32.550756282180132,19.314988853801953,4.7110452958726174,-2.4614569094232976,-0.82044861774084621,1,1.8307835762794629,1.7616246212198707,1,1,1
1785140847.6534426,1,1,0.99740799283270143,1.1905831847515751,0.07195342822577401,4,0,1,0,-0.64009192818953464,0.26566012760595364,-1.5158876933265484,0.48589980550922157,-1.8625298561899895,0.16672548612885768,0.00035610946322728857,0,0,0,-0.00035610946322728857,0,-0.11946894280631364,-34.008825718863946,19.060294408052279,4.789115345716465,-2.4720423410255368,-0.87880789105511414,7.8876899976269178e-16,-32.550739906929699,19.314972539274713,4.7110557931336601,-2.4614714895242424,-0.82045154624287342,-0.00042733135587196913,-32.550739906929699,19.314972539274713,4.7110557931336601,-2.4614073898208617,-0.82045154624287342,1,1.8307835762794629,1.7616246212198707,1,1,1
1785140847.6734426,1,1,0.99740799283270143,1.1905831847515751,0.07195342822577401,4,0,1,0,-0.64008385960246972,0.26566012760595364,-1.5158876933265484,0.48590312786860129,-1.8625303308127579,0.16672548612885768,0.00035610946322728857,0,0,0,0,0,0,-33.092897157348879,19.060294408052279,4.8852823205300488,-2.3708845981702718,-0.70810419998685459,1.6647059596824982e-15,-32.550740121670103,19.314972722647745,4.7110757950845565,-2.4614731000804819,-0.82045524100368206,-0.00042733135587108095,-32.550740121670103,19.314972722647745,4.7110757950845565,-2.4614731000804819,-0.82045524100368206,1,1.8307835762794629,1.7616246212198707,1,1,1
1785140847.6934426,1,1,0.99740799283270143,1.1905831847515751,0.07195342822577401,4,0,1,0,-0.64006772242833965,0.26565965298318511,-1.5158876933265484,0.48591119645566627,-1.8625317546810636,0.16672548612885768,0.0014244378529091543,0,0,0.00035610946322728857,-0.00035610946322728857,0,1.1150434661922606,-32.455729462381868,19.329561937530311,4.519847816238431,-2.4341081874548127,-0.91041968569738441,1.5306122323277702e-15,-32.550722832096881,19.314976095181791,4.7111247290115195,-2.4614752618941638,-0.82046416737327976,-0.0017093254234894308,-32.550722832096881,19.314976095181791,4.7110000906993896,-2.461411162190783,-0.82046416737327976,1,1.8307835762794629,1.7616246212198707,1,1,1
1785140847.7134426,1,1,0.99740799283270143,1.1905831847515751,0.07195342822577401,4,0,1,0,-0.64003639732561679,0.26565917836041658,-1.5158872187037797,0.48592258740211097,-1.8625350770404432,0.16672548612885768,0.0017805473161364429,0.00035610946322728857,0,0.00035610946322728857,-0.00035610946322728857,0,0.31858384748350305,-33.092897157348879,19.060294408052279,4.8852823205300488,-2.4341081874548127,-0.73971599462912485,-5.1494368369392093e-17,-32.550699698620683,19.314973574169052,4.7111935108622465,-2.461484775263481,-0.82047718995973751,-0.0021366567793637868,-32.551127029976556,19.314973574169052,4.7110688725501166,-2.4614206755601002,-0.82047718995973751,1,1.8307835762794629,1.7616246212198707,1,1,1
1785140847.7334425,1,1,0.99740799283270143,1.1905831847515751,0.07195342822577401,4,0,1,0,-0.6400031737318197,0.26565917836041658,-1.5158872187037797,0.48592875749810183,-1.8625360262859803,0.16672548612885768,0.0014244378529091543,0,0,0,0.00035610946322728857,0,0,-32.615021386123622,19.329561937530311,4.519847816238431,-2.3708845981702718,-0.8092619428421195,6.5645492173824421e-16,-32.550699565385131,19.314973385217137,4.7112306265046229,-2.4614882065968748,-0.82048407790098266,-0.001709325423490319,-32.550699565385131,19.314973385217137,4.7112306265046229,-2.4615523063002556,-0.82048407790098266,1,1.8307835762794629,1.7616246212198707,1,1,1
1785140847.7534425,1,1,0.99740799283270143,1.1905831847515751,0.07195342822577401,4,0,1,0,-0.63997137400632831,0.26565917836041658,-1.5158872187037797,0.48593255448025008,-1.8625369755315173,0.16672548612885768,0.0017805473161364429,0,0,0.00035610946322728857,0,0,0.15929192374175152,-31.977853691156614,19.425728912343896,4.4236808414248472,-2.4341081874548127,-0.94835383926810879,1.9489616898905804e-15,-32.550696617775372,19.314970416981161,4.7112533048189285,-2.4614926907634938,-0.82048845856218666,-0.0021366567793617884,-32.550696617775372,19.314970416981161,4.7111286665067986,-2.4614926907634938,-0.82048845856218666,1,1.8307835762794629,1.7616246212198707,1,1,1
1785140847.7734425,1,1,0.99740799283270143,1.1905831847515751,0.07195342822577401,4,0,1,0,-0.63992343710670685,0.26565633062380539,-1.5158862694582427,0.48594869165438004,-1.8625450441185822,0.16672548612885768,0.003204985169045597,-0.00035610946322728857,0,0.0017805473161364429,-0.0010683283896818657,0,0,-31.977853691156614,19.329561937530311,4.3275138666112634,-2.4720423410255368,-0.87880789105511414,7.0365307286944027e-16,-32.550568564460775,19.314966652755317,4.7113517233865982,-2.4615098693078084,-0.82050742849150626,-0.0038459822028539944,-32.550141233104902,19.314966652755317,4.7107285318259509,-2.4613175701976657,-0.82050742849150626,1,1.8307835762794629,1.7616246212198707,1,1,1
1785140847.7934425,1,1,0.99740799283270143,1.1905831847515751,0.07195342822577401,4,0,1,0,-0.63984702284097372,0.26565585600103686,-1.5158853202127056,0.4859876107213994,-1.8625697245025459,0.16672548612885768,0.0042733135587274627,0,0.00035610946322728857,0.0017805473161364429,-0.0017805473161364429,0.00035610946322728857,0.47787577122525454,-32.137145614898365,19.598829467008347,4.519847816238431,-2.5352659303100773,-0.87880789105511414,1.2227079020943399e-16,-32.550415556652013,19.314834577996564,4.7115789679500724,-2.461642446386354,-0.82055768529939499,-0.005127976270472844,-32.550415556652013,19.314549690425981,4.710955776389425,-2.4613219478694495,-0.82062178500277594,1,1.8307835762794629,1.7616246212198707,1,1,1
1785140847.8134425,1,1,0.99740799283270143,1.1905831847515751,0.07195342822577401,4,0,1,0,-0.63976396385648115,0.26565633062380539,-1.5158853202127056,0.48600991799152027,-1.8625872855449814,0.16672548612885768,0.0039172040955001743,0,0,0.00035610946322728857,0,0.00035610946322728857,0.15929192374175152,-33.092897157348879,19.233394962716726,4.6160147910520148,-2.4720423410255368,-0.70810419998685459,2.0154476020793033e-15,-32.550319860273667,19.314718480686039,4.7117063961310537,-2.4617501735230132,-0.82058823130339065,-0.0047006449145982109,-32.550319860273667,19.314718480686039,4.7115817578189239,-2.4617501735230132,-0.8206523310067716,1,1.8307835762794629,1.7616246212198707,1,1,1
1785140847.8334427,1,1,0.99740799283270143,1.1905831847515751,0.07195342822577401,4,0,1,0,-0.63969419430950736,0.26565633062380539,-1.5158853202127056,0.48601324035089999,-1.8625920317726667,0.16672548612885768,0.003204985169045597,0,0,0,-0.00035610946322728857,0.00035610946322728857,-0.43805279028981664,-31.977853691156614,19.329561937530311,4.6160147910520148,-2.4341081874548127,-0.87880789105511414,2.7834809963698966e-15,-32.550286547885335,19.314685296758711,4.7117244997605523,-2.4617795407082319,-0.82059358635781721,-0.0038459822028519405,-32.550286547885335,19.314685296758711,4.7117244997605523,-2.4617154410048512,-0.82065768606119815,1,1.8307835762794629,1.7616246212198707,1,1,1
1785140847.8534427,1,1,0.99740799283270143,1.1905831847515751,0.07195342822577401,4,0,1,0,-0.63964815590096002,0.26565585600103686,-1.5158843709671685,0.48601608808751118,-1.8626001003597317,0.16672548612885768,0.0017805473161364429,0,0,0,-0.00035610946322728857,0,0.31858384748350305,-32.77431330986537,19.598829467008347,4.8852823205300488,-2.5036541356678073,-0.8092619428421195,1.6556069939059592e-15,-32.550221146690738,19.314640740414404,4.7117396761063732,-2.4618201720070632,-0.82059927552087464,-0.002136656779362066,-32.550221146690738,19.314640740414404,4.7117396761063732,-2.4617560723036824,-0.82059927552087464,1,1.8307835762794629,1.7616246212198707,1,1,1
1785140847.8734426,1,1,0.99740799283270143,1.1905831847515751,0.07195342822577401,4,0,1,0,-0.63962679787637622,0.26565633062380539,-1.5158843709671685,0.48601703733304824,-1.8626110166834078,0.16672548612885768,0.00071221892645457715,0,-0.00035610946322728857,0,-0.00071221892645457715,0,0.15929192374175152,-32.455729462381868,19.233394962716726,5.0776162701572165,-2.4720423410255368,-0.77765014819984923,3.2878131477711357e-15,-32.550152274297034,19.314551534265661,4.7117401253864744,-2.4618941986943725,-0.82060467410501214,-0.00085466271174221742,-32.550152274297034,19.314836421836244,4.7117401253864744,-2.4617659992876106,-0.82060467410501214,1,1.8307835762794629,1.7616246212198707,1,1,1
1785140847.8934426,1,1,0.99740799283270143,1.1905831847515751,0.07195342822577401,4,0,1,0,-0.63961872928931129,0.26565633062380539,-1.5158843709671685,0.4860179865785853,-1.8626243061209267,0.16672596075162621,0.00035610946322728857,0,0,0,-0.00035610946322728857,0,0.31858384748350305,-32.29643753864012,19.329561937530311,4.6929483709028812,-2.4720423410255368,-0.5753346624893193,2.2290255803220602e-15,-32.550049245506528,19.314448988643871,4.711739497367712,-2.4619799493879673,-0.82061067609694061,-0.00042733135587052584,-32.550049245506528,19.314448988643871,4.711739497367712,-2.4619158496845865,-0.82061067609694061,1,1.8307835762794629,1.7616246212198707,1,1,1
1785140847.9134426,1,1,0.99740799283270143,1.1905831847515751,0.07195342822577401,4,0,1,0,-0.63960164286964427,0.26565585600103686,-1.5158838963444001,0.48602035969242791,-1.862647088013816,0.16672596075162621,0.0010683283896818657,0,0.00035610946322728857,0.00035610946322728857,-0.0017805473161364429,0.00035610946322728857,0.63716769496700609,-32.615021386123622,19.329561937530311,4.519847816238431,-2.3708845981702718,-0.87880789105511414,1.4948106678575461e-15,-32.549862683131963,19.31428390019013,4.7117447725763864,-2.4621199106583065,-0.82062173546181938,-0.00128199406761674,-32.549862683131963,19.313999012619547,4.7116201342642565,-2.461799412141402,-0.82068583516520033,1,1.8307835762794629,1.7616246212198707,1,1,1
1785140847.9334426,1,1,0.99740799283270143,1.1905831847515751,0.07195342822577401,4,0,1,0,-0.639580759467829,0.26565585600103686,-1.5158838963444001,0.48602273280627056,-1.8626883801946781,0.16672548612885768,0.0010683283896818657,0.00035610946322728857,0.00035610946322728857,0,-0.0021366567793637313,-0.00035610946322728857,1.1150434661922606,-32.137145614898365,19.233394962716726,4.4236808414248472,-2.5036541356678073,-0.73971599462912485,2.1760464183961836e-15,-32.549541254029187,19.313963980970534,4.7117413670978667,-2.4623873580081854,-0.82064046138265412,-0.0012819940676160738,-32.549968585385059,19.313679093399951,4.7117413670978667,-2.4620027597878997,-0.82057636167927317,1,1.8307835762794629,1.7616246212198707,1,1,1
1785140847.9534426,1,1,0.99740799283270143,1.1905831847515751,0.07195342822577401,4,0,1,0,-0.63956129993431932,0.26565633062380539,-1.5158838963444001,0.48602463129734469,-1.8627277738844661,0.16672596075162621,0.00071221892645457715,0,0,0,-0.0021366567793637313,0.00035610946322728857,0,-32.455729462381868,19.060294408052279,4.6160147910520148,-2.4024963928125422,-0.91041968569738441,8.3290622380336669e-16,-32.549250154592947,19.313653599144715,4.7117344308361266,-2.4626458180706532,-0.820657765249724,-0.00085466271174465991,-32.549250154592947,19.313653599144715,4.7117344308361266,-2.4622612198503675,-0.82072186495310495,1,1.8307835762794629,1.7616246212198707,1,1,1
1785140847.9734426,1,1,0.99740799283270143,1.1905831847515751,0.07195342822577401,4,0,1,0,-0.63953661955035579,0.26565585600103686,-1.5158838963444001,0.48602985214779848,-1.8627923225809859,0.16672596075162621,0.0014244378529091543,0,0,0.00035610946322728857,-0.0042733135587274627,0.00035610946322728857,0.63716769496700609,-31.977853691156614,19.329561937530311,4.6160147910520148,-2.4341081874548127,-0.91041968569738441,2.3090450404881858e-15,-32.548734053628301,19.31316056411675,4.711737972456711,-2.4630594075013543,-0.82068821958481442,-0.0017093254234886537,-32.548734053628301,19.31316056411675,4.7116133341445812,-2.4622902110607834,-0.82075231928819536,1,1.8307835762794629,1.7616246212198707,1,1,1
1785140847.9934425,1,1,0.99740799283270143,1.1905831847515751,0.07195342822577401,4,0,1,0,-0.63950054821994751,0.2656549067554998,-1.5158829470988631,0.48603934460316911,-1.862909079782044,0.16672548612885768,0.0017805473161364429,0.00035610946322728857,0.00035610946322728857,0.00071221892645457715,-0.0071221892645457717,0,0.95575154245050908,-32.933605233607125,19.694996441821928,4.519847816238431,-2.3708845981702718,-0.84087373748438976,-3.178938963326501e-16,-32.547807685352865,19.312279736810872,4.7117461861564678,-2.4637999542164923,-0.82074318912952671,-0.0021366567793640644,-32.548235016708738,19.311994849240289,4.711496909532209,-2.4625179601488743,-0.82074318912952671,1,1.8307835762794629,1.7616246212198707,1,1,1
1785140848.0134425,1,1,0.99740799283270143,1.1905831847515751,0.07195342822577401,4,0,1,0,-0.63946067990739108,0.2656549067554998,-1.5158824724760944,0.48604693856746556,-1.863063332181816,0.16672548612885768,0.0021366567793637313,0.00035610946322728857,0.00035610946322728857,0.00035610946322728857,-0.0085466271174549253,0.00035610946322728857,-0.91592856151507118,-33.570772928574129,19.425728912343896,4.6160147910520148,-2.4720423410255368,-0.8092619428421195,1.4793338006923781e-15,-32.546611249502888,19.311088887521478,4.7117241579509326,-2.4647952623447686,-0.82081101076808127,-0.0025639881352349787,-32.547038580858761,19.310803999950895,4.7115995196388027,-2.4632568694636268,-0.82087511047146222,1,1.8307835762794629,1.7616246212198707,1,1,1
1785140848.0334425,1,1,0.99740799283270143,1.1905831847515751,0.07195342822577401,4,0,1,0,-0.63942176084037172,0.2656549067554998,-1.5158824724760944,0.48605073554961375,-1.8632356202467919,0.16672501150608918,0.0017805473161364429,0,0,0,-0.0081905176542276369,0,0,-32.29643753864012,19.233394962716726,4.6160147910520148,-2.5036541356678073,-0.8092619428421195,3.0111350756147916e-15,-32.545263573059195,19.309747599502856,4.7116709231350056,-2.4659130630322541,-0.82088214378883306,-0.0021366567793607337,-32.545263573059195,19.309747599502856,4.7116709231350056,-2.4644387698544929,-0.82088214378883306,1,1.8307835762794629,1.7616246212198707,1,1,1
1785140848.0534425,1,1,0.99740799283270143,1.1905831847515751,0.07195342822577401,4,0,1,0,-0.63938236715058383,0.26565443213273127,-1.515881997853326,0.48605548177729907,-1.8633941442514808,0.16672501150608918,0.0021366567793637313,0,0,0.00035610946322728857,-0.0085466271174549253,0,-0.27876086654806514,-32.29643753864012,19.329561937530311,4.519847816238431,-2.5036541356678073,-0.70810419998685459,3.131774258098831e-15,-32.544014688270693,19.30852523035329,4.7116299614274721,-2.4669337426180515,-0.82094845304991682,-0.0025639881352333689,-32.544014688270693,19.30852523035329,4.7115053231153423,-2.4653953497369097,-0.82094845304991682,1,1.8307835762794629,1.7616246212198707,1,1,1
1785140848.0734427,1,1,0.99740799283270143,1.1905831847515751,0.07195342822577401,4,0,1,0,-0.63933917647864769,0.26565443213273127,-1.5158810486077889,0.48605880413667879,-1.8635763993945957,0.16672548612885768,0.0017805473161364429,0,0,0,-0.0089027365806822138,0.00035610946322728857,-0.75663663777331969,-33.092897157348879,19.598829467008347,4.789115345716465,-2.4720423410255368,-0.97996563391037905,9.2529744320839269e-16,-32.542598927727695,19.307116093751397,4.7115691298973292,-2.4681089580288909,-0.82102230504962947,-0.0021366567793627876,-32.542598927727695,19.307116093751397,4.7115691298973292,-2.4665064654443682,-0.82108640475301042,1,1.8307835762794629,1.7616246212198707,1,1,1
1785140848.0934427,1,1,0.99740799283270143,1.1905831847515751,0.07195342822577401,4,0,1,0,-0.63931591996298975,0.26565538137826833,-1.5158810486077889,0.48605975338221585,-1.8637349233992844,0.16672501150608918,0.00071221892645457715,0,0,0,-0.0078344081910003485,0,0,-32.29643753864012,19.329561937530311,4.519847816238431,-2.4720423410255368,-0.67649240534458421,2.2571865350796246e-15,-32.541387465518845,19.305869089296316,4.7115034689013235,-2.4691454236632997,-0.82108536630111806,-0.00085466271174321662,-32.541387465518845,19.305869089296316,4.7115034689013235,-2.4677352301889197,-0.82108536630111806,1,1.8307835762794629,1.7616246212198707,1,1,1
1785140848.1134427,1,1,0.99740799283270143,1.1905831847515751,0.07195342822577401,4,0,1,0,-0.63930500363931364,0.2656549067554998,-1.5158805739850203,0.48606260111882699,-1.8639053129731864,0.16672501150608918,0.00071221892645457715,0,0,0.00035610946322728857,-0.0096149555071367906,-0.00035610946322728857,-0.27876086654806514,-32.615021386123622,19.521895887157477,4.789115345716465,-2.4720423410255368,-0.87880789105511414,3.1301621941086329e-16,-32.540043443333445,19.304552052957295,4.7114453540464352,-2.4702438125044259,-0.82115426092218424,-0.00085466271174515951,-32.540043443333445,19.304552052957295,4.7113207157343053,-2.4685131205131414,-0.82109016121880329,1,1.8307835762794629,1.7616246212198707,1,1,1
1785140848.1334426,1,1,0.99740799283270143,1.1905831847515751,0.07195342822577401,4,0,1,0,-0.63928791721964662,0.26565395750996273,-1.5158805739850203,0.48607209357419756,-1.8641383527525341,0.16672501150608918,0.0010683283896818657,0,0,0.00035610946322728857,-0.015312706918773409,-0.00035610946322728857,-0.27876086654806514,-31.34068599618961,19.233394962716726,4.6929483709028812,-2.4720423410255368,-0.67649240534458421,2.6828235521395784e-15,-32.538195087243494,19.302753725952996,4.7113993943185957,-2.4717460106709956,-0.82125449949915053,-0.0012819940676155742,-32.538195087243494,19.302753725952996,4.7112747560064658,-2.4689897234256164,-0.82119039979576958,1,1.8307835762794629,1.7616246212198707,1,1,1
1785140848.1534426,1,1,0.99740799283270143,1.1905831847515751,0.07195342822577401,4,0,1,0,-0.63925801598522924,0.2656534828871942,-1.5158800993622519,0.48608917999386464,-1.8644990660566161,0.16672501150608918,0.0014244378529091543,0,0,0.00071221892645457715,-0.018873801551046294,0,-1.3938043327403258,-31.818561767414863,19.233394962716726,4.519847816238431,-2.4024963928125422,-0.84087373748438976,2.3969480452606195e-15,-32.535375191307168,19.299967718588061,4.7113418985209128,-2.4740736786042592,-0.82141232240415563,-0.0017093254234885982,-32.535375191307168,19.299967718588061,4.711092621896654,-2.4706763943250709,-0.82141232240415563,1,1.8307835762794629,1.7616246212198707,1,1,1
1785140848.1734426,1,1,0.99740799283270143,1.1905831847515751,0.07195342822577401,4,0,1,0,-0.63922811475081198,0.26565443213273127,-1.5158796247394832,0.48610104556307787,-1.8648635763428463,0.16672501150608918,0.0017805473161364429,-0.00035610946322728857,0,0.00071221892645457715,-0.018873801551046294,0.00035610946322728857,-0.27876086654806514,-33.411481004832382,19.598829467008347,4.6160147910520148,-2.4341081874548127,-0.8092619428421195,4.0881206147699876e-15,-32.532566722029742,19.29713116984701,4.7112490315557487,-2.4764385218121956,-0.82156652956155374,-0.0021366567793596235,-32.532139390673869,19.29713116984701,4.7109997549314899,-2.4730412375330073,-0.82163062926493469,1,1.8307835762794629,1.7616246212198707,1,1,1
1785140848.1934426,1,1,0.99740799283270143,1.1905831847515751,0.07195342822577401,4,0,1,0,-0.63920011200746873,0.26565443213273127,-1.5158791501167148,0.48611575886890224,-1.8652575132407254,0.16672501150608918,0.0014244378529091543,0.00035610946322728857,0,0.0010683283896818657,-0.019229911014273581,0,0.31858384748350305,-33.092897157348879,19.137227987903145,4.6160147910520148,-2.5036541356678073,-0.73971599462912485,1.6003491277695554e-15,-32.529499843656282,19.29407872325578,4.7111606159555661,-2.4789857132976891,-0.82173482888476879,-0.0017093254234893753,-32.529927175012155,19.29407872325578,4.7107867010191775,-2.4755243293151197,-0.82173482888476879,1,1.8307835762794629,1.7616246212198707,1,1,1
1785140848.2134426,1,1,0.99740799283270143,1.1905831847515751,0.07195342822577401,4,0,1,0,-0.63916736303644017,0.26565395750996273,-1.5158786754939462,0.48614186312117136,-1.8656699604265772,0.16672453688332065,0.0017805473161364429,-0.00035610946322728857,0.00035610946322728857,0.0017805473161364429,-0.023147115109773755,-0.00035610946322728857,0.31858384748350305,-32.29643753864012,19.329561937530311,4.4236808414248472,-2.4341081874548127,-0.87880789105511414,2.6114962031580325e-15,-32.526285903716314,19.290900463428478,4.7111334561182332,-2.4816441094672803,-0.82192231482033618,-0.0021366567793611223,-32.525858572360441,19.290615575857895,4.7105102645575858,-2.4774776287475211,-0.82185821511695523,1,1.8307835762794629,1.7616246212198707,1,1,1
1785140848.2334425,1,1,0.99740799283270143,1.1905831847515751,0.07195342822577401,4,0,1,0,-0.63911847689128176,0.26565300826442567,-1.5158777262484091,0.48619027464356129,-1.8661967916996443,0.16672453688332065,0.0024927662425910197,0,0.00035610946322728857,0.0024927662425910197,-0.02706431920527393,-0.00035610946322728857,1.1150434661922606,-32.455729462381868,19.137227987903145,4.6160147910520148,-2.3329504445995477,-0.84087373748438976,1.7900554228155745e-15,-32.522191707306817,19.286866542751014,4.7111895100620682,-2.4850268472292862,-0.82217720286210305,-0.0029913194911074473,-32.522191707306817,19.286581655180431,4.7103170418771612,-2.4801552697723368,-0.8221131031587221,1,1.8307835762794629,1.7616246212198707,1,1,1
1785140848.2534425,1,1,0.99740799283270143,1.1905831847515751,0.07195342822577401,4,0,1,0,-0.63906152215905832,0.26565300826442567,-1.5158777262484091,0.48624058465702535,-1.866700841079822,0.16672453688332065,0.0028488757058183086,0,0,0.0024927662425910197,-0.023503224573001046,0,0,-31.977853691156614,19.233394962716726,4.6160147910520148,-2.5352659303100773,-0.84087373748438976,1.3415373025716714e-15,-32.518300210556042,19.28299312430601,4.7112646040957946,-2.4882740837841522,-0.82242579061983379,-0.003418650846980638,-32.518300210556042,19.28299312430601,4.7103921359108876,-2.4840435033610118,-0.82242579061983379,1,1.8307835762794629,1.7616246212198707,1,1,1
1785140848.2734425,1,1,0.99740799283270143,1.1905831847515751,0.07195342822577401,4,0,1,0,-0.63899887195361249,0.26565253364165714,-1.5158772516256407,0.48628567382003562,-1.8671047450558402,0.16672453688332065,0.003204985169045597,0,0.00035610946322728857,0.0024927662425910197,-0.015668816382000697,0,0.79645961870875759,-32.615021386123622,19.233394962716726,4.519847816238431,-2.4341081874548127,-1.0115774285526493,1.7495287637750168e-15,-32.51517745013912,19.279905432977028,4.7113540673251109,-2.49086635559717,-0.82262967286426325,-0.0038459822028529397,-32.51517745013912,19.279620545406445,4.7104815991402038,-2.48804596864841,-0.82262967286426325,1,1.8307835762794629,1.7616246212198707,1,1,1
1785140848.2934425,1,1,0.99740799283270143,1.1905831847515751,0.07195342822577401,4,0,1,0,-0.63894856194014837,0.26565253364165714,-1.5158763023801036,0.48632506750982352,-1.8673126298284559,0.16672406226055211,0.0021366567793637313,0,0,0.0017805473161364429,-0.0071221892645457717,0,0.15929192374175152,-32.455729462381868,19.060294408052279,4.789115345716465,-2.5732000838808018,-0.91041968569738441,4.5381328595121309e-16,-32.513605076452492,19.278340093729611,4.7114992163937313,-2.4921896793592526,-0.8227516929442551,-0.0025639881352360334,-32.513605076452492,19.278340093729611,4.7108760248330839,-2.4909076852916345,-0.8227516929442551,1,1.8307835762794629,1.7616246212198707,1,1,1
1785140848.3134425,1,1,0.99740799283270143,1.1905831847515751,0.07195342822577401,4,0,1,0,-0.63892055919680513,0.26565300826442567,-1.5158763023801036,0.48636351195407435,-1.867371957674522,0.16672406226055211,0.00071221892645457715,0.00035610946322728857,0,0.0014244378529091543,-0.00071221892645457715,0,-0.11946894280631364,-32.29643753864012,19.329561937530311,4.6160147910520148,-2.6427460320937963,-0.87880789105511414,1.7864943180872032e-15,-32.513201435464687,19.277917370639504,4.7117050350577827,-2.4925602208538744,-0.82281540530517872,-0.00085466271174371622,-32.51362876682056,19.277917370639504,4.7112064818092643,-2.4924320214471125,-0.82281540530517872,1,1.8307835762794629,1.7616246212198707,1,1,1
1785140848.3334427,1,1,0.99740799283270143,1.1905831847515751,0.07195342822577401,4,0,1,0,-0.6389124906097402,0.26565300826442567,-1.5158763023801036,0.48639104007464906,-1.8673762292794387,0.16672453688332065,0.00035610946322728857,-0.00035610946322728857,0,0.0010683283896818657,0,0.00035610946322728857,0.31858384748350305,-31.977853691156614,19.137227987903145,4.6160147910520148,-2.6427460320937963,-0.84087373748438976,2.4609858942801484e-15,-32.51320075933149,19.277916447030169,4.7118698640797412,-2.4925750431038356,-0.82284593761611258,-0.0004273313558703038,-32.512773427975617,19.277916447030169,4.7114959491433526,-2.4925750431038356,-0.82291003731949353,1,1.8307835762794629,1.7616246212198707,1,1,1
1785140848.3534427,1,1,0.99740799283270143,1.1905831847515751,0.07195342822577401,4,0,1,0,-0.63890252353160104,0.26565253364165714,-1.5158763023801036,0.48642236517737197,-1.8673956888129484,0.16672453688332065,0.00071221892645457715,-0.00035610946322728857,-0.00035610946322728857,0.0021366567793637313,-0.0010683283896818657,0.00035610946322728857,0.47787577122525454,-32.29643753864012,19.329561937530311,4.8852823205300488,-2.4341081874548127,-0.8092619428421195,4.5798912854127615e-17,-32.513069727251882,19.277806406491116,4.7120517376226969,-2.4926832824637142,-0.82288637975793555,-0.00085466271174543707,-32.512642395896009,19.278091294061699,4.7113039077499197,-2.4924909833535716,-0.8229504794613165,1,1.8307835762794629,1.7616246212198707,1,1,1
1785140848.3734426,1,1,0.99740799283270143,1.1905831847515751,0.07195342822577401,4,0,1,0,-0.6388911325851564,0.26565300826442567,-1.5158753531345666,0.48645891113054868,-1.8674175214603008,0.16672406226055211,0.00035610946322728857,0,0.00035610946322728857,0.0021366567793637313,-0.00035610946322728857,0,0.31858384748350305,-33.411481004832382,19.598829467008347,4.8852823205300488,-2.4341081874548127,-0.94835383926810879,1.5647950882279005e-15,-32.512967740393663,19.277683823133465,4.7122647371518092,-2.4928046797642205,-0.82293341815878573,-0.00042733135587119198,-32.512967740393663,19.277398935562882,4.7115169072790319,-2.4927405800608398,-0.82293341815878573,1,1.8307835762794629,1.7616246212198707,1,1,1
1785140848.3934426,1,1,0.99740799283270143,1.1905831847515751,0.07195342822577401,4,0,1,0,-0.63889018333961933,0.26565395750996273,-1.515875827757335,0.4864850153828178,-1.8674179960830692,0.16672406226055211,-0.00035610946322728857,0,0,0.00071221892645457715,0.00035610946322728857,0,-0.27876086654806514,-31.34068599618961,19.425728912343896,4.6929483709028812,-2.4720423410255368,-0.91041968569738441,6.4947151790257377e-16,-32.513021253008731,19.277695582633523,4.7124217166964959,-2.4928062317624482,-0.82296159790955836,0.00042733135587341242,-32.513021253008731,19.277695582633523,4.7121724400722371,-2.4928703314658289,-0.82296159790955836,1,1.8307835762794629,1.7616246212198707,1,1,1
1785140848.4134426,1,1,0.99740799283270143,1.1905831847515751,0.07195342822577401,4,0,1,0,-0.63889208183069346,0.2656549067554998,-1.515875827757335,0.48649023623327159,-1.8674165722147638,0.16672453688332065,0,0,0,0,0,0.00035610946322728857,0.31858384748350305,-33.411481004832382,19.425728912343896,4.6160147910520148,-2.5036541356678073,-0.73971599462912485,3.0015832472630577e-15,-32.513070135614974,19.277702878425234,4.7124526425206517,-2.492801418415493,-0.82296668798498507,2.9976021664879227e-15,-32.513070135614974,19.277702878425234,4.7124526425206517,-2.492801418415493,-0.82303078768836602,1,1.8307835762794629,1.7616246212198707,1,1,1
1785140848.4334426,1,1,0.99740799283270143,1.1905831847515751,0.07195342822577401,4,0,1,0,-0.63889208183069346,0.26565538137826833,-1.515875827757335,0.48649166010157718,-1.8674160975919951,0.16672406226055211,0,0.00035610946322728857,0,0,0,0,-0.11946894280631364,-31.977853691156614,19.233394962716726,4.6929483709028812,-2.4720423410255368,-0.87880789105511414,3.2588128392760407e-15,-32.513091082315917,19.277703058164157,4.7124615364883482,-2.4928013740550097,-0.82296832693239419,3.2751579226442118e-15,-32.51351841367179,19.277703058164157,4.7124615364883482,-2.4928013740550097,-0.82296832693239419,1,1.8307835762794629,1.7616246212198707,1,1,1
1785140848.4534426,1,1,0.99740799283270143,1.1905831847515751,0.07195342822577401,4,0,1,0,-0.63889255645346199,0.26565538137826833,-1.5158763023801036,0.48649308396988278,-1.8674160975919951,0.16672406226055211,0,0,-0.00035610946322728857,0,0,0.00035610946322728857,0.31858384748350305,-32.29643753864012,19.060294408052279,4.6929483709028812,-2.3708845981702718,-0.87880789105511414,2.7902192992116293e-15,-32.513087661777426,19.277699688069106,4.712469710666265,-2.4928042234952255,-0.82296998060525306,2.7755575615628914e-15,-32.513087661777426,19.277984575639689,4.712469710666265,-2.4928042234952255,-0.82303408030863401,1,1.8307835762794629,1.7616246212198707,1,1,1
1785140848.4734426,1,1,0.99740799283270143,1.1905831847515751,0.07195342822577401,4,0,1,0,-0.63889208183069346,0.26565538137826833,-1.515875827757335,0.4864949824609569,-1.8674165722147638,0.16672406226055211,0,0,0,0.00035610946322728857,0,-0.00035610946322728857,-0.75663663777331969,-32.77431330986537,19.060294408052279,4.6929483709028812,-2.3329504445995477,-0.87880789105511414,1.4526469169412106e-15,-32.513091303605862,19.27770324806157,4.7124815068894916,-2.4928029187255536,-0.82297201610333581,1.4432899320127035e-15,-32.513091303605862,19.27770324806157,4.7123568685773618,-2.4928029187255536,-0.82290791639995486,1,1.8307835762794629,1.7616246212198707,1,1,1
1785140848.4934425,1,1,0.99740799283270143,1.1905831847515751,0.07195342822577401,4,0,1,0,-0.63889208183069346,0.26565585600103686,-1.515875827757335,0.48649593170649397,-1.8674151483464581,0.16672406226055211,0,0,0,0,-0.00035610946322728857,0,-1.0752204852568228,-31.977853691156614,18.771793483611525,4.6160147910520148,-2.3329504445995477,-0.77765014819984923,2.3685108495573032e-15,-32.513119277706394,19.277710426758766,4.7124874538977739,-2.4927967539713878,-0.82297261720802528,2.3869795029440866e-15,-32.513119277706394,19.277710426758766,4.7124874538977739,-2.4927326542680071,-0.82297261720802528,1,1.8307835762794629,1.7616246212198707,1,1,1
1785140848.5134425,1,1,0.99740799283270143,1.1905831847515751,0.07195342822577401,4,0,1,0,-0.63889445494453612,0.26565775449211099,-1.5158763023801036,0.48649545708372544,-1.8674118259870784,0.16672453688332065,-0.00035610946322728857,0,0,0,0.00035610946322728857,0,0.79645961870875759,-33.092897157348879,19.425728912343896,4.6929483709028812,-2.4720423410255368,-0.77765014819984923,5.0095184129497252e-16,-32.513202553536672,19.277710744172118,4.7124832098863223,-2.4927927772290088,-0.82297141683165653,0.00042733135587324589,-32.513202553536672,19.277710744172118,4.7124832098863223,-2.4928568769323896,-0.82297141683165653,1,1.8307835762794629,1.7616246212198707,1,1,1
1785140848.5334425,1,1,0.99740799283270143,1.1905831847515751,0.07195342822577401,4,0,1,0,-0.6388958788128416,0.26565870373764805,-1.5158763023801036,0.48649450783818837,-1.8674113513643098,0.16672453688332065,0,0,0,-0.00035610946322728857,0.00035610946322728857,0,-0.27876086654806514,-33.849533795122198,19.060294408052279,4.9814492953436327,-2.5732000838808018,-0.70810419998685459,8.9493890227819135e-16,-32.513236527563905,19.277703258087477,4.7124767036513031,-2.4927971504297046,-0.82297053426291233,8.8817841970012523e-16,-32.513236527563905,19.277703258087477,4.7126013419634329,-2.4928612501330853,-0.82297053426291233,1,1.8307835762794629,1.7616246212198707,1,1,1
1785140848.5534425,1,1,0.99740799283270143,1.1905831847515751,0.07195342822577401,4,0,1,0,-0.63889730268114719,0.26565870373764805,-1.5158763023801036,0.48649403321541984,-1.8674099274960043,0.16672453688332065,0,0,0,-0.00035610946322728857,0,0,0.31858384748350305,-32.77431330986537,19.233394962716726,4.6160147910520148,-2.3013386499572772,-0.87880789105511414,2.0388392231120854e-15,-32.51324712246722,19.277713806863296,4.7124744764518516,-2.4927881362172415,-0.82296948169358353,2.0539125955565396e-15,-32.51324712246722,19.277713806863296,4.7125991147639814,-2.4927881362172415,-0.82296948169358353,1,1.8307835762794629,1.7616246212198707,1,1,1
1785140848.5734427,1,1,0.99740799283270143,1.1905831847515751,0.07195342822577401,4,0,1,0,-0.63890157428606398,0.26565917836041658,-1.5158763023801036,0.48649213472434572,-1.8674032827772449,0.16672453688332065,-0.00035610946322728857,0,0,0,0.00035610946322728857,-0.00035610946322728857,-0.27876086654806514,-31.977853691156614,19.060294408052279,4.3275138666112634,-2.6427460320937963,-0.94835383926810879,1.9516318856670582e-15,-32.513312631013008,19.277758367260272,4.712465527114178,-2.4927494302433728,-0.82296505495735417,0.00042733135587468918,-32.513312631013008,19.277758367260272,4.712465527114178,-2.4928135299467535,-0.82290095525397322,1,1.8307835762794629,1.7616246212198707,1,1,1
1785140848.5934427,1,1,0.99740799283270143,1.1905831847515751,0.07195342822577401,4,0,1,0,-0.63890964287312901,0.26566250071979625,-1.5158777262484091,0.48648833774219752,-1.8673933156991058,0.16672548612885768,-0.00035610946322728857,0,-0.00035610946322728857,0,0.00035610946322728857,-0.00035610946322728857,0,-32.137145614898365,19.694996441821928,4.6929483709028812,-2.6427460320937963,-0.84087373748438976,1.3651183546675591e-15,-32.513481039476723,19.277781576872517,4.7124412661247401,-2.4927212460890509,-0.82295836208854256,0.00042733135587413407,-32.513481039476723,19.2780664644431,4.7124412661247401,-2.4927853457924316,-0.82289426238516161,1,1.8307835762794629,1.7616246212198707,1,1,1
1785140848.6134427,1,1,0.99740799283270143,1.1905831847515751,0.07195342822577401,4,0,1,0,-0.63891723683742541,0.26566439921087037,-1.5158786754939462,0.48648311689174367,-1.867386196357578,0.16672596075162621,-0.00035610946322728857,0,0,-0.00035610946322728857,0.00071221892645457715,0,0.31858384748350305,-32.29643753864012,19.329561937530311,4.9814492953436327,-2.5732000838808018,-0.8092619428421195,9.9182982729460884e-16,-32.51358332983925,19.277800908918085,4.7124094526952476,-2.4926983430798693,-0.82295083406230807,0.00042733135587374549,-32.51358332983925,19.277800908918085,4.7125340910073774,-2.4928265424866312,-0.82295083406230807,1,1.8307835762794629,1.7616246212198707,1,1,1
1785140848.6334426,1,1,0.99740799283270143,1.1905831847515751,0.07195342822577401,4,0,1,0,-0.6389276785383331,0.2656662977019445,-1.5158786754939462,0.48647979453236395,-1.8673591428597718,0.16672643537439474,-0.00071221892645457715,0.00035610946322728857,0.00035610946322728857,0,0.0024927662425910197,0,0.95575154245050908,-31.659269843673112,19.137227987903145,4.4236808414248472,-2.5036541356678073,-0.8092619428421195,-5.0392326265966122e-16,-32.51385430247997,19.277988008227883,4.7123993275550244,-2.4925382833988499,-0.82293728048077053,0.00085466271174499298,-32.514281633835843,19.2777031206573,4.7123993275550244,-2.4929869813225163,-0.82293728048077053,1,1.8307835762794629,1.7616246212198707,1,1,1
1785140848.6534426,1,1,0.99740799283270143,1.1905831847515751,0.07195342822577401,4,0,1,0,-0.63893337401155548,0.26566962006132422,-1.5158791501167148,0.48647694679575282,-1.8673078836007706,0.16672643537439474,-0.00035610946322728857,0,-0.00035610946322728857,-0.00035610946322728857,0.003204985169045597,0,-1.2345124089985742,-32.615021386123622,19.329561937530311,4.6160147910520148,-2.5352659303100773,-0.8092619428421195,-6.0722861885738138e-16,-32.514357336475399,19.278344145527171,4.7124018316520111,-2.4922352419632428,-0.82291562097076332,0.00042733135587213567,-32.514357336475399,19.278629033097754,4.7125264699641409,-2.4928121392936711,-0.82291562097076332,1,1.8307835762794629,1.7616246212198707,1,1,1
1785140848.6734426,1,1,0.99740799283270143,1.1905831847515751,0.07195342822577401,4,0,1,0,-0.63894049335308334,0.26567484091177801,-1.5158800993622519,0.48647409905914163,-1.8672457080180933,0.16672643537439474,-0.00035610946322728857,0.00035610946322728857,0,-0.00071221892645457715,0.003204985169045597,0,-0.43805279028981664,-32.29643753864012,19.329561937530311,4.6929483709028812,-2.4720423410255368,-0.8092619428421195,2.3130033173318532e-15,-32.51500357271339,19.278760236738364,4.7124069643815876,-2.4918789343871093,-0.82289048707434964,0.00042733135587507776,-32.515430904069262,19.278760236738364,4.7126562410058463,-2.4924558317175376,-0.82289048707434964,1,1.8307835762794629,1.7616246212198707,1,1,1
1785140848.6934426,1,1,0.99740799283270143,1.1905831847515751,0.07195342822577401,4,0,1,0,-0.63895995288659302,0.26568290949884299,-1.515881997853326,0.48647077669976191,-1.8671778369621936,0.16672643537439474,-0.0014244378529091543,0.00035610946322728857,-0.00035610946322728857,0,0.0035610946322728858,0,1.1150434661922606,-31.659269843673112,19.233394962716726,4.4236808414248472,-2.5352659303100773,-0.91041968569738441,1.9874363995741047e-15,-32.515777804516361,19.279179892809012,4.7124079938812606,-2.4915139536534401,-0.82286385560070363,0.0017093254234929836,-32.516205135872234,19.279464780379595,4.7124079938812606,-2.4921549506872491,-0.82286385560070363,1,1.8307835762794629,1.7616246212198707,1,1,1
1785140848.7134426,1,1,0.99740799283270143,1.1905831847515751,0.07195342822577401,4,0,1,0,-0.63899460034869571,0.26569002884037096,-1.5158824724760944,0.48646792896315072,-1.8670914556183213,0.16672643537439474,-0.0017805473161364429,0,0,0,0.0049855324851820395,-0.00035610946322728857,0,-32.137145614898365,19.329561937530311,4.9814492953436327,-2.3329504445995477,-0.77765014819984923,8.9321312472067599e-16,-32.516681622162814,19.279769679045891,4.7124228032417603,-2.4910111644265571,-0.82282979183145422,0.0021366567793646195,-32.516681622162814,19.279769679045891,4.7124228032417603,-2.49190856027389,-0.82276569212807327,1,1.8307835762794629,1.7616246212198707,1,1,1
1785140848.7334425,1,1,0.99740799283270143,1.1905831847515751,0.07195342822577401,4,0,1,0,-0.6390249762058815,0.26569335119975063,-1.5158829470988631,0.48646603047207665,-1.8669932087052359,0.16672690999716328,-0.0010683283896818657,0,-0.00035610946322728857,0,0.0046294230219547511,0,0.31858384748350305,-32.455729462381868,19.425728912343896,4.8852823205300488,-2.6048118785230723,-0.70810419998685459,1.6226324729176707e-15,-32.517554212878537,19.280493605758828,4.7124521388974463,-2.490402726644231,-0.82279074777666872,0.0012819940676198486,-32.517554212878537,19.280778493329411,4.7124521388974463,-2.4912360227881827,-0.82279074777666872,1,1.8307835762794629,1.7616246212198707,1,1,1
1785140848.7534425,1,1,0.99740799283270143,1.1905831847515751,0.07195342822577401,4,0,1,0,-0.63904585960769678,0.26569430044528769,-1.5158824724760944,0.48646413198100252,-1.8668992333970671,0.16672690999716328,-0.00071221892645457715,0,0,0,0.0042733135587274627,0,0.63716769496700609,-32.137145614898365,19.329561937530311,4.6929483709028812,-2.5352659303100773,-0.73971599462912485,9.5106642430844858e-16,-32.518324972362777,19.281219357606005,4.7124833273007241,-2.4897976053223378,-0.8227524663075706,0.00085466271174643627,-32.518324972362777,19.281219357606005,4.7124833273007241,-2.4905668017629088,-0.8227524663075706,1,1.8307835762794629,1.7616246212198707,1,1,1
1785140848.7734425,1,1,0.99740799283270143,1.1905831847515751,0.07195342822577401,4,0,1,0,-0.63905392819476181,0.26569667355913035,-1.5158829470988631,0.4864622334899284,-1.866797664124602,0.16672690999716328,-0.00035610946322728857,0,0,-0.00035610946322728857,0.0060538608748639056,0,0,-32.615021386123622,19.060294408052279,4.9814492953436327,-2.5732000838808018,-0.87880789105511414,2.7913198880396385e-16,-32.519192119934189,19.281979172948446,4.7125155787884951,-2.4891607411366818,-0.82271199610624046,0.00042733135587302384,-32.519192119934189,19.281979172948446,4.712640217100625,-2.4902504360941573,-0.82271199610624046,1,1.8307835762794629,1.7616246212198707,1,1,1
1785140848.7934425,1,1,0.99740799283270143,1.1905831847515751,0.07195342822577401,4,0,1,0,-0.63906009829075272,0.26570521676896386,-1.5158829470988631,0.48646033499885427,-1.8666467340842097,0.16672690999716328,-0.00035610946322728857,0.00035610946322728857,-0.00035610946322728857,0,0.0085466271174549253,0,0.31858384748350305,-32.615021386123622,19.329561937530311,4.6160147910520148,-2.3329504445995477,-0.73971599462912485,1.751112157752499e-15,-32.520655250283582,19.283063593241749,4.7125646958215492,-2.4882457627885604,-0.82265420369407716,0.00042733135587452265,-32.521082581639455,19.283348480812332,4.7125646958215492,-2.4897841556697022,-0.82265420369407716,1,1.8307835762794629,1.7616246212198707,1,1,1
1785140848.8134425,1,1,0.99740799283270143,1.1905831847515751,0.07195342822577401,4,0,1,0,-0.63906864150058618,0.26571375997879737,-1.5158824724760944,0.48645796188501161,-1.8664592580906407,0.16672738461993181,-0.00035610946322728857,0.00035610946322728857,0,-0.00035610946322728857,0.009971064970364079,0.00035610946322728857,-0.75663663777331969,-32.29643753864012,19.791163416635513,4.8852823205300488,-2.4024963928125422,-0.63855825177385994,1.9213083008985563e-15,-32.522409600437797,19.28443780470819,4.7126275650822986,-2.487090187714907,-0.82258141439390398,0.00042733135587468918,-32.52283693179367,19.28443780470819,4.7127522033944285,-2.4888849794095727,-0.82264551409728492,1,1.8307835762794629,1.7616246212198707,1,1,1
1785140848.8334427,1,1,0.99740799283270143,1.1905831847515751,0.07195342822577401,4,0,1,0,-0.63907623546488268,0.26571518384710296,-1.515881997853326,0.48645796188501161,-1.8662689343604606,0.16672738461993181,0,0,-0.00035610946322728857,0.00035610946322728857,0.0085466271174549253,0,-0.75663663777331969,-33.570772928574129,19.329561937530311,4.8852823205300488,-2.6743578267360668,-0.77765014819984923,3.8835153321026406e-15,-32.523953704156092,19.285912546207001,4.7127137142815787,-2.4858625380426416,-0.82250791336688955,3.8857805861880479e-15,-32.523953704156092,19.286197433777584,4.7125890759694489,-2.4874009309237834,-0.82250791336688955,1,1.8307835762794629,1.7616246212198707,1,1,1
1785140848.8534427,1,1,0.99740799283270143,1.1905831847515751,0.07195342822577401,4,0,1,0,-0.63908050706979946,0.2657156584698715,-1.5158815232305574,0.48645558877116901,-1.8661156312062257,0.16672738461993181,-0.00035610946322728857,0,0,0,0.0071221892645457717,0.00035610946322728857,0.31858384748350305,-31.977853691156614,19.060294408052279,4.6929483709028812,-2.5036541356678073,-0.91041968569738441,2.2531591309960448e-15,-32.52517348512491,19.287105837698007,4.7127693600838754,-2.4848690511545595,-0.82244595473222748,0.00042733135587502225,-32.52517348512491,19.287105837698007,4.7127693600838754,-2.4861510452221776,-0.82251005443560843,1,1.8307835762794629,1.7616246212198707,1,1,1
1785140848.8734426,1,1,0.99740799283270143,1.1905831847515751,0.07195342822577401,4,0,1,0,-0.63908477867471614,0.26571708233817709,-1.5158805739850203,0.48645321565732635,-1.8659452416323239,0.16672690999716328,-0.00035610946322728857,0,0.00035610946322728857,-0.00035610946322728857,0.0096149555071367906,0,0,-32.137145614898365,19.233394962716726,4.519847816238431,-2.3708845981702718,-0.70810419998685459,3.5299009587476078e-15,-32.526563620265684,19.288427317531017,4.7128327394446305,-2.4837683350299256,-0.82237768327728378,0.000427331355876299,-32.526563620265684,19.288142429960434,4.7129573777567604,-2.4854990270212101,-0.82237768327728378,1,1.8307835762794629,1.7616246212198707,1,1,1
1785140848.8934426,1,1,0.99740799283270143,1.1905831847515751,0.07195342822577401,4,0,1,0,-0.63909427113008677,0.26571850620648269,-1.5158800993622519,0.48645179178902076,-1.8657330852547915,0.16672690999716328,-0.00071221892645457715,0,0,0,0.012107721749727811,-0.00035610946322728857,0.47787577122525454,-32.77431330986537,19.521895887157477,4.6160147910520148,-2.4024963928125422,-0.91041968569738441,-5.3757349198640751e-16,-32.528277470488277,19.290071009205207,4.7129198307106872,-2.4823994231176099,-0.8222941875449522,0.00085466271174493747,-32.528277470488277,19.290071009205207,4.7129198307106872,-2.4845788130325608,-0.82223008784157126,1,1.8307835762794629,1.7616246212198707,1,1,1
1785140848.9134426,1,1,0.99740799283270143,1.1905831847515751,0.07195342822577401,4,0,1,0,-0.63910471283099435,0.26571945545201975,-1.5158786754939462,0.48644989329794663,-1.8654540070668963,0.16672738461993181,-0.00035610946322728857,0,0.00035610946322728857,0,0.01495659745554612,0,0.47787577122525454,-32.77431330986537,19.521895887157477,4.6929483709028812,-2.3013386499572772,-0.67649240534458421,-1.659719292713607e-16,-32.530510313528069,19.292251784455225,4.7130352320819648,-2.4805856228796257,-0.82218359273393427,0.00042733135587257976,-32.530510313528069,19.291966896884642,4.7130352320819648,-2.4832778104216242,-0.82218359273393427,1,1.8307835762794629,1.7616246212198707,1,1,1
1785140848.9334426,1,1,0.99740799283270143,1.1905831847515751,0.07195342822577401,4,0,1,0,-0.6391175276457447,0.26571945545201975,-1.5158772516256407,0.48644752018410398,-1.8651184487695465,0.16672738461993181,-0.00071221892645457715,0,0,0,0.019586020477500871,0.00035610946322728857,-0.75663663777331969,-32.77431330986537,19.060294408052279,4.519847816238431,-2.5352659303100773,-0.84087373748438976,1.324608577169922e-16,-32.533154198372308,19.29488295225573,4.7131745351871004,-2.4783984368979173,-0.82205042617627433,0.0008546627117456036,-32.533154198372308,19.29488295225573,4.7131745351871004,-2.4819239205838675,-0.82211452587965528,1,1.8307835762794629,1.7616246212198707,1,1,1
1785140848.9534426,1,1,0.99740799283270143,1.1905831847515751,0.07195342822577401,4,0,1,0,-0.63914837812569902,0.26571993007478828,-1.5158772516256407,0.48644467244749284,-1.8646813211997313,0.16672738461993181,-0.0021366567793637313,-0.00035610946322728857,0,0,0.023147115109773755,0,0.15929192374175152,-31.499977919931361,19.598829467008347,4.6929483709028812,-2.4720423410255368,-0.84087373748438976,3.1375962676887241e-15,-32.536594793380779,19.298286525752161,4.7133545355577384,-2.4755659016616174,-0.82187791421510248,0.0025639881352396417,-32.536167462024906,19.298286525752161,4.7133545355577384,-2.4797323823813766,-0.82187791421510248,1,1.8307835762794629,1.7616246212198707,1,1,1
1785140848.9734426,1,1,0.99740799283270143,1.1905831847515751,0.07195342822577401,4,0,1,0,-0.63920628210345964,0.26572040469755681,-1.515875827757335,0.48644324857918725,-1.8641616092681921,0.16672785924270034,-0.003204985169045597,-0.00035610946322728857,0.00035610946322728857,0,0.02991319491109224,0,0.15929192374175152,-32.137145614898365,19.598829467008347,4.6160147910520148,-2.4720423410255368,-0.77765014819984923,1.6513948797960746e-15,-32.540700915995551,19.302352300062992,4.7135806121467967,-2.4721853434792194,-0.82167417271121335,0.0038459822028563814,-32.540273584639678,19.302067412492409,4.7135806121467967,-2.477569718563216,-0.82167417271121335,1,1.8307835762794629,1.7616246212198707,1,1,1
1785140848.9934425,1,1,0.99740799283270143,1.1905831847515751,0.07195342822577401,4,0,1,0,-0.63926560994952575,0.26572040469755681,-1.5158720307751867,0.48644182471088165,-1.8634572690796951,0.16672785924270034,-0.0028488757058183086,0,0.00035610946322728857,-0.00035610946322728857,0.039884259881456316,0.00035610946322728857,0.47787577122525454,-32.455729462381868,19.233394962716726,4.9814492953436327,-2.5036541356678073,-0.8092619428421195,9.3598452624038896e-16,-32.546266143358523,19.307890639373504,4.7138917606313466,-2.4675842129204,-0.82139791122316774,0.003418650846982914,-32.546266143358523,19.307605751802921,4.7140163989434765,-2.4747633796990622,-0.82146201092654869,1,1.8307835762794629,1.7616246212198707,1,1,1
1785140849.0134425,1,1,0.99740799283270143,1.1905831847515751,0.07195342822577401,4,0,1,0,-0.63933253175988836,0.26572040469755681,-1.5158682337930385,0.48644087546534459,-1.8625607066699439,0.16672785924270034,-0.0035610946322728858,0,0.00035610946322728857,0,0.051279762704729552,0,-0.75663663777331969,-32.455729462381868,18.964127433238694,4.3275138666112634,-2.4341081874548127,-0.77765014819984923,1.6474390839824179e-15,-32.553341940044625,19.314932339309394,4.71428948474367,-2.4617328677188737,-0.82104733250550499,0.004273313558729128,-32.553341940044625,19.314647451738811,4.71428948474367,-2.470963225005725,-0.82104733250550499,1,1.8307835762794629,1.7616246212198707,1,1,1
1785140849.0334425,1,1,0.99740799283270143,1.1905831847515751,0.07195342822577401,4,0,1,0,-0.63939945357025085,0.26572087932032534,-1.5158682337930385,0.486439451597039,-1.8613637080477137,0.16672833386546887,-0.0028488757058183086,0.00035610946322728857,0,-0.00035610946322728857,0.062675265528002788,0,-0.75663663777331969,-31.181394072447858,19.425728912343896,4.6160147910520148,-2.4341081874548127,-0.87880789105511414,1.0781426993114659e-15,-32.562753113857461,19.324278004930473,4.7148089982844095,-2.4539585525552279,-0.82058043238901246,0.003418650846983025,-32.563180445213334,19.324278004930473,4.7149336365965393,-2.4652401003502682,-0.82058043238901246,1,1.8307835762794629,1.7616246212198707,1,1,1
1785140849.0534425,1,1,0.99740799283270143,1.1905831847515751,0.07195342822577401,4,0,1,0,-0.63946352764400227,0.26572087932032534,-1.5158677591702701,0.48643897697427047,-1.8600850743092967,0.16672833386546887,-0.0035610946322728858,0,0,-0.00035610946322728857,0.066592469623502959,0,-0.11946894280631364,-32.77431330986537,19.060294408052279,4.6929483709028812,-2.4341081874548127,-0.73971599462912485,2.1682159020905614e-15,-32.572799700951578,19.334276639903557,4.715366221748873,-2.4456426086373124,-0.82008229936786448,0.0042733135587296276,-32.572799700951578,19.334276639903557,4.7154908600610028,-2.4576292531695429,-0.82008229936786448,1,1.8307835762794629,1.7616246212198707,1,1,1
1785140849.0734427,1,1,0.99740799283270143,1.1905831847515751,0.07195342822577401,4,0,1,0,-0.63952427935837397,0.26572087932032534,-1.5158639621881218,0.48643850235150193,-1.8587366710239059,0.16672833386546887,-0.0028488757058183086,0,0,-0.00035610946322728857,0.065524141233821095,0.00035610946322728857,-0.43805279028981664,-31.659269843673112,19.137227987903145,4.6929483709028812,-2.4024963928125422,-0.5753346624893193,2.8235769464909264e-15,-32.583434690106579,19.344860528524588,4.7159510560586275,-2.4368441273665398,-0.8195555529604962,0.0034186508469848014,-32.583434690106579,19.344860528524588,4.7160756943707574,-2.4486384727886277,-0.81961965266387715,1,1.8307835762794629,1.7616246212198707,1,1,1
1785140849.0934427,1,1,0.99740799283270143,1.1905831847515751,0.07195342822577401,4,0,1,0,-0.63958692956381979,0.26572087932032534,-1.5158620636970477,0.48643660386042781,-1.8574855654060636,0.16672833386546887,-0.0028488757058183086,0,0.00035610946322728857,0,0.066236360160275676,0,0,-32.29643753864012,19.598829467008347,5.1545498500080829,-2.5732000838808018,-0.91041968569738441,2.0133988844415044e-15,-32.593287249394642,19.354665909662749,4.7164774131513347,-2.4286891969488149,-0.81906542607872224,0.0034186508469839687,-32.593287249394642,19.354381022092166,4.7164774131513347,-2.4406117417776647,-0.81906542607872224,1,1.8307835762794629,1.7616246212198707,1,1,1
1785140849.1134427,1,1,0.99740799283270143,1.1905831847515751,0.07195342822577401,4,0,1,0,-0.6396400873138951,0.26572040469755681,-1.5158601652059736,0.48643660386042781,-1.8560080647276327,0.16672833386546887,-0.0021366567793637313,0,0.00035610946322728857,0,0.078700191373230768,0,-0.27876086654806514,-32.615021386123622,19.425728912343896,4.519847816238431,-2.6427460320937963,-0.87880789105511414,-1.9811876370412462e-17,-32.604911175984022,19.366254828429572,4.717105645294863,-2.4190517365381776,-0.81848847984815298,0.0025639881352364775,-32.604911175984022,19.365969940858989,4.717105645294863,-2.4332177709853591,-0.81848847984815298,1,1.8307835762794629,1.7616246212198707,1,1,1
1785140849.1334426,1,1,0.99740799283270143,1.1905831847515751,0.07195342822577401,4,0,1,0,-0.63966809005723824,0.26571993007478828,-1.5158568428465939,0.48643707848319634,-1.854372514667282,0.16672833386546887,-0.00071221892645457715,0.00035610946322728857,0,0,0.087246818490685704,0.00035610946322728857,0.63716769496700609,-32.137145614898365,19.329561937530311,4.6929483709028812,-2.6048118785230723,-0.91041968569738441,2.3609171844542875e-15,-32.617800500838314,19.379102943136179,4.71779612385793,-2.4083682959453281,-0.81784936852423074,0.00085466271174787956,-32.618227832194187,19.379102943136179,4.71779612385793,-2.4240727232736514,-0.81791346822761168,1,1.8307835762794629,1.7616246212198707,1,1,1
1785140849.1534426,1,1,0.99740799283270143,1.1905831847515751,0.07195342822577401,4,0,1,0,-0.63967710788984034,0.26572040469755681,-1.5158563682238253,0.48643707848319634,-1.8525599303142699,0.16672833386546887,-0.00035610946322728857,0,0,0.00035610946322728857,0.086890709027458407,0.00035610946322728857,0.47787577122525454,-33.092897157348879,19.598829467008347,4.8852823205300488,-2.3013386499572772,-0.8092619428421195,1.2075120279970759e-15,-32.632090752381913,19.393304256707825,4.7185428091106889,-2.3965523625017435,-0.81714117578844003,0.00042733135587396753,-32.632090752381913,19.393304256707825,4.7184181707985591,-2.4121926901266861,-0.81720527549182098,1,1.8307835762794629,1.7616246212198707,1,1,1
1785140849.1734426,1,1,0.99740799283270143,1.1905831847515751,0.07195342822577401,4,0,1,0,-0.63968470185413684,0.26572040469755681,-1.5158558936010569,0.48643707848319634,-1.8508133185260831,0.16672785924270034,-0.00035610946322728857,0,0,-0.00035610946322728857,0.094012898292004182,-0.00035610946322728857,-1.2345124089985742,-31.181394072447858,18.964127433238694,4.9814492953436327,-2.4024963928125422,-0.91041968569738441,1.3570930402355404e-15,-32.64585370765144,19.407001422516643,4.7192522728692534,-2.3851557043053293,-0.81645807276167348,0.00042733135587407856,-32.64585370765144,19.407001422516643,4.7193769111813832,-2.40207802599789,-0.81639397305829253,1,1.8307835762794629,1.7616246212198707,1,1,1
1785140849.1934426,1,1,0.99740799283270143,1.1905831847515751,0.07195342822577401,4,0,1,0,-0.63969229581843323,0.26572040469755681,-1.5158558936010569,0.48643707848319634,-1.8487487094829822,0.16672785924270034,0,0.00035610946322728857,0,0,0.10434007272559555,-0.00035610946322728857,0.47787577122525454,-33.411481004832382,19.137227987903145,4.8852823205300488,-2.3708845981702718,-0.63855825177385994,1.5534927493641894e-15,-32.662126466434913,19.423196423782958,4.7200757856176168,-2.3716786749664909,-0.81564971340896653,1.5543122344752192e-15,-32.662553797790785,19.423196423782958,4.7200757856176168,-2.390459888057098,-0.81558561370558558,1,1.8307835762794629,1.7616246212198707,1,1,1
1785140849.2134426,1,1,0.99740799283270143,1.1905831847515751,0.07195342822577401,4,0,1,0,-0.63969846591442414,0.26572040469755681,-1.5158554189782882,0.48643707848319634,-1.8468274365159769,0.16672833386546887,-0.00035610946322728857,0,0.00035610946322728857,-0.00035610946322728857,0.091876241512640455,0,0.31858384748350305,-32.29643753864012,19.598829467008347,4.6929483709028812,-2.3013386499572772,-0.87880789105511414,-2.0487621500699597e-16,-32.677284379860239,19.438281833856514,4.7208285136047392,-2.3591244945001457,-0.81489631163677179,0.00042733135587252424,-32.677284379860239,19.437996946285931,4.720953151916869,-2.3756622179724212,-0.81489631163677179,1,1.8307835762794629,1.7616246212198707,1,1,1
1785140849.2334425,1,1,0.99740799283270143,1.1905831847515751,0.07195342822577401,4,0,1,0,-0.63970036440549827,0.26572040469755681,-1.5158558936010569,0.48643755310596487,-1.8450741800090309,0.16672833386546887,0.00035610946322728857,0,-0.00035610946322728857,0,0.080124629226139929,0,0,-32.455729462381868,19.694996441821928,4.4236808414248472,-2.2317927017442827,-0.67649240534458421,2.1854971672594107e-15,-32.69111535839658,19.45204671889104,4.7215064156992979,-2.3476673224430811,-0.81420902612218005,-0.00042733135587058135,-32.69111535839658,19.452331606461623,4.7215064156992979,-2.3620897557037863,-0.81420902612218005,1,1.8307835762794629,1.7616246212198707,1,1,1
1785140849.2534425,1,1,0.99740799283270143,1.1905831847515751,0.07195342822577401,4,0,1,0,-0.63969894053719267,0.26571993007478828,-1.5158554189782882,0.48643897697427047,-1.843651260948981,0.16672833386546887,0,0,-0.00035610946322728857,0,0.07193411157191229,0,-0.27876086654806514,-32.455729462381868,19.425728912343896,4.6929483709028812,-2.5036541356678073,-0.91041968569738441,-3.1394759196388766e-16,-32.702340879494002,19.463239139306069,4.7220562496858651,-2.3383532141082375,-0.81365140514226109,-3.3306690738754696e-16,-32.702340879494002,19.463524026876652,4.7220562496858651,-2.3513013541911816,-0.81365140514226109,1,1.8307835762794629,1.7616246212198707,1,1,1
1785140849.2734425,1,1,0.99740799283270143,1.1905831847515751,0.07195342822577401,4,0,1,0,-0.63969609280058148,0.26571945545201975,-1.5158558936010569,0.48644040084257606,-1.8422734310519413,0.16672833386546887,0.00035610946322728857,0,0,0.00035610946322728857,0.060894718211866344,0,0,-32.615021386123622,19.425728912343896,4.4236808414248472,-2.3329504445995477,-0.91041968569738441,1.8314737170688831e-15,-32.713204895530801,19.474071864692036,4.7225811586160846,-2.3293365728193764,-0.81311137622798058,-0.00042733135587091442,-32.713204895530801,19.474071864692036,4.7224565203039548,-2.3402976220975122,-0.81311137622798058,1,1.8307835762794629,1.7616246212198707,1,1,1
1785140849.2934425,1,1,0.99740799283270143,1.1905831847515751,0.07195342822577401,4,0,1,0,-0.63969371968673883,0.26571945545201975,-1.5158563682238253,0.48644277395641872,-1.841318490041661,0.16672833386546887,0.00035610946322728857,0,-0.00035610946322728857,0,0.038459822028547162,0,0.31858384748350305,-32.455729462381868,19.425728912343896,4.8852823205300488,-2.2697268553150072,-0.91041968569738441,3.5048561203369073e-15,-32.720748145249765,19.481579042461462,4.7229489796492476,-2.3230877905368068,-0.81273847605724081,-0.00042733135586924909,-32.720748145249765,19.481863930032045,4.7229489796492476,-2.3300105585019453,-0.81273847605724081,1,1.8307835762794629,1.7616246212198707,1,1,1
1785140849.3134425,1,1,0.99740799283270143,1.1905831847515751,0.07195342822577401,4,0,1,0,-0.63969087195012764,0.26571898082925122,-1.5158573174693624,0.48644609631579844,-1.8407983034873534,0.16672833386546887,0,0,0,0,0.0124638312129551,0,-0.11946894280631364,-32.77431330986537,19.598829467008347,4.6929483709028812,-2.3013386499572772,-0.87880789105511414,3.6384762468378343e-15,-32.724837403688092,19.485669446172729,4.7231601401120917,-2.3196838621138602,-0.81253748567167339,3.6637359812630166e-15,-32.724837403688092,19.485669446172729,4.7231601401120917,-2.3219273517321923,-0.81253748567167339,1,1.8307835762794629,1.7616246212198707,1,1,1
1785140849.3334427,1,1,0.99740799283270143,1.1905831847515751,0.07195342822577401,4,0,1,0,-0.63968660034521097,0.26571803158371415,-1.5158573174693624,0.48644799480687251,-1.840753214324343,0.16672833386546887,0,0,0,0,0.00035610946322728857,0,0,-32.77431330986537,19.598829467008347,4.8852823205300488,-2.2001809071020122,-0.84087373748438976,3.4125832659103953e-15,-32.725164738211248,19.486036502030899,4.7231892195845244,-2.3193808158085729,-0.81252144806355442,3.3861802251067274e-15,-32.725164738211248,19.486036502030899,4.7231892195845244,-2.3194449155119536,-0.81252144806355442,1,1.8307835762794629,1.7616246212198707,1,1,1
1785140849.3534427,1,1,0.99740799283270143,1.1905831847515751,0.07195342822577401,4,0,1,0,-0.63968470185413684,0.26571803158371415,-1.5158587413376681,0.48644894405240957,-1.8407574859292599,0.16672833386546887,0,0.00035610946322728857,0,0,0.00035610946322728857,0,0.15929192374175152,-33.411481004832382,19.329561937530311,4.6160147910520148,-2.2697268553150072,-0.70810419998685459,-1.9446780780450509e-17,-32.725116673832552,19.485988800417324,4.7231920021006024,-2.3194190488355293,-0.81252459907519914,0,-32.725544005188425,19.485988800417324,4.7231920021006024,-2.31948314853891,-0.81252459907519914,1,1.8307835762794629,1.7616246212198707,1,1,1
1785140849.3734426,1,1,0.99740799283270143,1.1905831847515751,0.07195342822577401,4,0,1,0,-0.63968470185413684,0.26571803158371415,-1.5158606398287422,0.4864494186751781,-1.8407574859292599,0.16672833386546887,0,0,0,0,0.00035610946322728857,0,-0.59734471403156819,-32.137145614898365,19.598829467008347,4.789115345716465,-2.2697268553150072,-0.87880789105511414,1.7486242574614366e-15,-32.725096665326831,19.485969071849592,4.7231929777617028,-2.3194330178263258,-0.81252571985644906,1.7763568394002505e-15,-32.725096665326831,19.485969071849592,4.7231929777617028,-2.3194971175297066,-0.81252571985644906,1,1.8307835762794629,1.7616246212198707,1,1,1
1785140849.3934426,1,1,0.99740799283270143,1.1905831847515751,0.07195342822577401,4,0,1,0,-0.63968137949475712,0.26571755696094562,-1.5158630129425847,0.48645179178902076,-1.8407665037618619,0.16672833386546887,0,-0.00035610946322728857,-0.00035610946322728857,0.00035610946322728857,-0.00071221892645457715,0,0,-33.092897157348879,19.791163416635513,4.4236808414248472,-2.2697268553150072,-0.8092619428421195,2.4260560233444107e-15,-32.724986836624808,19.485880635487582,4.7232022217969769,-2.3195053460439361,-0.81253240356960887,2.4424906541753444e-15,-32.724559505268935,19.486165523058165,4.7230775834848471,-2.3193771466371742,-0.81253240356960887,1,1.8307835762794629,1.7616246212198707,1,1,1
1785140849.4134426,1,1,0.99740799283270143,1.1905831847515751,0.07195342822577401,4,0,1,0,-0.6396780571353774,0.26571708233817709,-1.5158634875653534,0.48645369028009489,-1.840768402252936,0.16672785924270034,0,0,0,0.00035610946322728857,0,-0.00035610946322728857,0.47787577122525454,-32.933605233607125,19.791163416635513,4.789115345716465,-2.2697268553150072,-0.77765014819984923,1.2938363386870168e-15,-32.724953134084444,19.485867776045126,4.7232136055003089,-2.3195172690407793,-0.81253532149755281,1.27675647831893e-15,-32.724953134084444,19.485867776045126,4.7230889671881791,-2.3195172690407793,-0.81247122179417186,1,1.8307835762794629,1.7616246212198707,1,1,1
1785140849.4334426,1,1,0.99740799283270143,1.1905831847515751,0.07195342822577401,4,0,1,0,-0.6396766332670718,0.26571755696094562,-1.5158639621881218,0.48645463952563195,-1.8407688768757045,0.16672785924270034,0,0,0,0,0,-0.00035610946322728857,-0.11946894280631364,-33.411481004832382,19.598829467008347,4.6929483709028812,-2.3329504445995477,-0.67649240534458421,2.9855004752253188e-15,-32.724961024237082,19.485855014206908,4.7232182604385278,-2.3195271004772131,-0.81253682400557425,2.9976021664879227e-15,-32.724961024237082,19.485855014206908,4.7232182604385278,-2.3195271004772131,-0.81247272430219331,1,1.8307835762794629,1.7616246212198707,1,1,1
1785140849.4534426,1,1,0.99740799283270143,1.1905831847515751,0.07195342822577401,4,0,1,0,-0.63967568402153474,0.26571755696094562,-1.5158672845475016,0.48645511414840048,-1.8407688768757045,0.16672785924270034,0,0,-0.00035610946322728857,0,0,-0.00035610946322728857,0,-32.29643753864012,19.791163416635513,5.1545498500080829,-2.3708845981702718,-0.87880789105511414,4.2336989142475817e-15,-32.724925585955631,19.485820071100296,4.7232177970807481,-2.3195516766493998,-0.81253840766590668,4.2188474935755949e-15,-32.724925585955631,19.486104958670879,4.7232177970807481,-2.3195516766493998,-0.81247430796252573,1,1.8307835762794629,1.7616246212198707,1,1,1
1785140849.4734426,1,1,0.99740799283270143,1.1905831847515751,0.07195342822577401,4,0,1,0,-0.63967426015322915,0.26571755696094562,-1.5158691830385755,0.48645653801670607,-1.8407717246123156,0.16672785924270034,0.00035610946322728857,0,0,0,-0.00035610946322728857,-0.00035610946322728857,0,-33.252189081090627,19.233394962716726,4.6929483709028812,-2.4720423410255368,-0.60694645713158968,2.0133519309782782e-15,-32.724884197220533,19.485779055982107,4.723223516131914,-2.3195839462908099,-0.81254165617429119,-0.00042733135587074789,-32.724884197220533,19.485779055982107,4.723223516131914,-2.3195198465874292,-0.81247755647091024,1,1.8307835762794629,1.7616246212198707,1,1,1
1785140849.4934425,1,1,0.99740799283270143,1.1905831847515751,0.07195342822577401,4,0,1,0,-0.63967236166215502,0.26571755696094562,-1.5158701322841126,0.48645748726224308,-1.8407759962172325,0.16672833386546887,0,0,-0.00035610946322728857,0.00035610946322728857,-0.00035610946322728857,0,-0.59734471403156819,-32.455729462381868,19.329561937530311,4.6929483709028812,-2.2697268553150072,-0.84087373748438976,1.0038905449175322e-15,-32.724841430922503,19.485736580679433,4.7232262742833857,-2.3196184562192044,-0.81254449623759173,9.9920072216264089e-16,-32.724841430922503,19.486021468250016,4.7231016359712559,-2.3195543565158236,-0.81254449623759173,1,1.8307835762794629,1.7616246212198707,1,1,1
1785140849.5134425,1,1,0.99740799283270143,1.1905831847515751,0.07195342822577401,4,0,1,0,-0.63967046317108089,0.26571755696094562,-1.5158701322841126,0.48645843650778015,-1.8407797931993808,0.16672833386546887,0,0,0,0.00035610946322728857,0,0,-0.27876086654806514,-31.977853691156614,19.694996441821928,4.9814492953436327,-2.2697268553150072,-0.87880789105511414,-1.3151116042999969e-15,-32.724812548018384,19.485707827356002,4.7232306693894293,-2.3196429731889636,-0.81254699751444037,-1.3322676295501878e-15,-32.724812548018384,19.485707827356002,4.7231060310772994,-2.3196429731889636,-0.81254699751444037,1,1.8307835762794629,1.7616246212198707,1,1,1
1785140849.5334425,1,1,0.99740799283270143,1.1905831847515751,0.07195342822577401,4,0,1,0,-0.63966809005723824,0.26571755696094562,-1.5158706069068812,0.48645891113054868,-1.8407807424449179,0.16672785924270034,0,0,0,0,-0.00035610946322728857,0,-0.43805279028981664,-33.092897157348879,19.060294408052279,4.8852823205300488,-2.3329504445995477,-0.97996563391037905,1.279806985411156e-15,-32.724800311596525,19.485695691589534,4.7232332391347134,-2.3196527378536347,-0.81254818549636842,1.27675647831893e-15,-32.724800311596525,19.485695691589534,4.7232332391347134,-2.319588638150254,-0.81254818549636842,1,1.8307835762794629,1.7616246212198707,1,1,1
1785140849.5534425,1,1,0.99740799283270143,1.1905831847515751,0.07195342822577401,4,0,1,0,-0.63966809005723824,0.26571803158371415,-1.5158734546434924,0.48645891113054868,-1.8407812170676863,0.16672833386546887,0,0,-0.00035610946322728857,0,-0.00035610946322728857,0.00035610946322728857,-0.59734471403156819,-33.570772928574129,19.329561937530311,4.8852823205300488,-2.3013386499572772,-0.67649240534458421,-7.1304222530783654e-16,-32.724781511241979,19.485656612011542,4.7232292037994696,-2.3196804094015917,-0.8125492957438486,-7.2164496600635175e-16,-32.724781511241979,19.485941499582125,4.7232292037994696,-2.319616309698211,-0.81261339544722955,1,1.8307835762794629,1.7616246212198707,1,1,1
1785140849.5734427,1,1,0.99740799283270143,1.1905831847515751,0.07195342822577401,4,0,1,0,-0.63966761543446971,0.26571803158371415,-1.5158748785117979,0.48645938575331721,-1.8407812170676863,0.16672785924270034,0,0,0,0,0,0,0.63716769496700609,-32.455729462381868,19.233394962716726,4.6160147910520148,-2.3329504445995477,-0.77765014819984923,2.8940479193743761e-16,-32.724766491107545,19.485641800115459,4.7232311625008974,-2.3196910292198125,-0.81255041877676293,2.7755575615628914e-16,-32.724766491107545,19.485641800115459,4.7232311625008974,-2.3196910292198125,-0.81255041877676293,1,1.8307835762794629,1.7616246212198707,1,1,1
1785140849.5934427,1,1,0.99740799283270143,1.1905831847515751,0.07195342822577401,4,0,1,0,-0.63966714081170128,0.26571803158371415,-1.5158763023801036,0.48645938575331721,-1.8407816916904547,0.16672785924270034,0.00035610946322728857,0,-0.00035610946322728857,0,0,0,0.31858384748350305,-33.252189081090627,19.598829467008347,5.0776162701572165,-2.3329504445995477,-0.77765014819984923,2.1010355231676421e-15,-32.724747309746036,19.485622851949767,4.7232295493309024,-2.3197047445656929,-0.81255106842451263,-0.00042733135587063687,-32.724747309746036,19.48590773952035,4.7232295493309024,-2.3197047445656929,-0.81255106842451263,1,1.8307835762794629,1.7616246212198707,1,1,1
1785140849.6134427,1,1,0.99740799283270143,1.1905831847515751,0.07195342822577401,4,0,1,0,-0.63966666618893275,0.26571803158371415,-1.5158772516256407,0.48645938575331721,-1.8407821663132233,0.16672785924270034,0,-0.00035610946322728857,0,-0.00035610946322728857,0,0,0.31858384748350305,-32.615021386123622,19.598829467008347,4.8852823205300488,-2.2697268553150072,-0.84087373748438976,4.1412958379040719e-16,-32.724733271671241,19.485608975324716,4.7232284158263518,-2.3197149241728607,-0.8125515637777373,3.8857805861880479e-16,-32.724305940315368,19.485608975324716,4.7233530541384816,-2.3197149241728607,-0.8125515637777373,1,1.8307835762794629,1.7616246212198707,1,1,1
1785140849.6334426,1,1,0.99740799283270143,1.1905831847515751,0.07195342822577401,4,0,1,0,-0.63966619156616422,0.26571850620648269,-1.5158786754939462,0.48645986037608574,-1.8407831155587604,0.16672785924270034,0,0,-0.00035610946322728857,0,-0.00035610946322728857,0,-1.0752204852568228,-32.137145614898365,19.425728912343896,4.519847816238431,-2.3013386499572772,-0.87880789105511414,4.6927891984503035e-16,-32.724726559226589,19.485581779384823,4.7232290429617745,-2.3197351092137999,-0.81255305804638878,4.4408920985006262e-16,-32.724726559226589,19.485866666955406,4.7232290429617745,-2.3196710095104192,-0.81255305804638878,1,1.8307835762794629,1.7616246212198707,1,1,1
1785140849.6534426,1,1,0.99740799283270143,1.1905831847515751,0.07195342822577401,4,0,1,0,-0.63966524232062716,0.26571803158371415,-1.5158796247394832,0.48646033499885427,-1.8407845394270659,0.16672785924270034,0,0,-0.00035610946322728857,0,0,0,0.79645961870875759,-32.615021386123622,19.694996441821928,4.8852823205300488,-2.2317927017442827,-0.67649240534458421,2.1077019999798221e-15,-32.724689926607368,19.485566064712181,4.7232309349185995,-2.3197477951963563,-0.81255427619658593,2.1094237467877974e-15,-32.724689926607368,19.485850952282764,4.7232309349185995,-2.3197477951963563,-0.81255427619658593,1,1.8307835762794629,1.7616246212198707,1,1,1
1785140849.6734426,1,1,0.99740799283270143,1.1905831847515751,0.07195342822577401,4,0,1,0,-0.63966524232062716,0.26571803158371415,-1.5158805739850203,0.4864608096216228,-1.8407850140498345,0.16672785924270034,0.00035610946322728857,0,0,0.00035610946322728857,0,0,-0.43805279028981664,-32.455729462381868,19.887330391449098,4.8852823205300488,-2.3329504445995477,-0.97996563391037905,5.1973188508707745e-16,-32.724676452878732,19.485552745403229,4.7232326955280648,-2.3197578006202866,-0.81255527510651837,-0.00042733135587224669,-32.724676452878732,19.485552745403229,4.723108057215935,-2.3197578006202866,-0.81255527510651837,1,1.8307835762794629,1.7616246212198707,1,1,1
1785140849.6934426,1,1,0.99740799283270143,1.1905831847515751,0.07195342822577401,4,0,1,0,-0.63966524232062716,0.26571850620648269,-1.515881997853326,0.48646033499885427,-1.8407859632953716,0.16672785924270034,-0.00035610946322728857,0.00035610946322728857,0,0,-0.00035610946322728857,0,0.15929192374175152,-34.168117642605701,19.694996441821928,4.6160147910520148,-2.2001809071020122,-0.67649240534458421,-5.2768821287375651e-16,-32.724668611565932,19.485524434662999,4.7232275343484256,-2.3197783339382751,-0.81255576224462234,0.00042733135587219118,-32.725095942921804,19.485524434662999,4.7232275343484256,-2.3197142342348944,-0.81255576224462234,1,1.8307835762794629,1.7616246212198707,1,1,1
1785140849.7134426,1,1,0.99740799283270143,1.1905831847515751,0.07195342822577401,4,0,1,0,-0.63966476769785863,0.26571850620648269,-1.5158829470988631,0.4864608096216228,-1.8407859632953716,0.16672833386546887,0,0,0,0,0,0.00035610946322728857,0.95575154245050908,-32.455729462381868,19.598829467008347,4.6160147910520148,-2.3013386499572772,-0.77765014819984923,1.7581305009204963e-15,-32.724659043847801,19.485515003379831,4.7232289655440178,-2.3197850444498584,-0.81255641778869991,1.7763568394002505e-15,-32.724659043847801,19.485515003379831,4.7232289655440178,-2.3197850444498584,-0.81262051749208086,1,1.8307835762794629,1.7616246212198707,1,1,1
1785140849.7334425,1,1,0.99740799283270143,1.1905831847515751,0.07195342822577401,4,0,1,0,-0.6396642930750901,0.26571898082925122,-1.5158848455899372,0.48646128424439133,-1.8407859632953716,0.16672738461993181,0,0,-0.00035610946322728857,0.00035610946322728857,0,-0.00035610946322728857,0.31858384748350305,-33.092897157348879,19.329561937530311,4.789115345716465,-2.2317927017442827,-0.73971599462912485,1.6557032417559666e-15,-32.72465438144868,19.48548989339664,4.7232304683534299,-2.3198029224110606,-0.81255800599188355,1.6653345369377348e-15,-32.72465438144868,19.485774780967223,4.7231058300413,-2.3198029224110606,-0.8124939062885026,1,1.8307835762794629,1.7616246212198707,1,1,1
1785140849.7534425,1,1,0.99740799283270143,1.1905831847515751,0.07195342822577401,4,0,1,0,-0.6396642930750901,0.26571898082925122,-1.5158857948354743,0.4864608096216228,-1.8407859632953716,0.16672785924270034,0,0,0,0,0.00035610946322728857,0,0.63716769496700609,-32.933605233607125,19.329561937530311,4.8852823205300488,-2.3013386499572772,-0.91041968569738441,2.426930666404393e-15,-32.72464368486434,19.485479347313579,4.7232261112710479,-2.3198099812419857,-0.81255765441183836,2.4424906541753444e-15,-32.72464368486434,19.485479347313579,4.7232261112710479,-2.3198740809453664,-0.81255765441183836,1,1.8307835762794629,1.7616246212198707,1,1,1
1785140849.7734425,1,1,0.99740799283270143,1.1905831847515751,0.07195342822577401,4,0,1,0,-0.63966476769785863,0.26571898082925122,-1.5158872187037797,0.48646128424439133,-1.8407859632953716,0.16672785924270034,-0.00035610946322728857,0,0,0.00035610946322728857,0,0,0.31858384748350305,-32.29643753864012,19.598829467008347,4.8852823205300488,-2.2001809071020122,-0.8092619428421195,1.4386121428830505e-15,-32.724628819040134,19.4854646897085,4.7232275663034358,-2.3198204142254424,-0.81255862083596941,0.00042733135587418958,-32.724628819040134,19.4854646897085,4.7231029279913059,-2.3198204142254424,-0.81255862083596941,1,1.8307835762794629,1.7616246212198707,1,1,1
1785140849.7934425,1,1,0.99740799283270143,1.1905831847515751,0.07195342822577401,4,0,1,0,-0.6396642930750901,0.26571898082925122,-1.5158881679493168,0.4864608096216228,-1.8407859632953716,0.16672738461993181,0,0,0,0,0,-0.00035610946322728857,-0.59734471403156819,-33.570772928574129,19.060294408052279,4.6160147910520148,-2.4024963928125422,-0.60694645713158968,3.1328675037253672e-15,-32.72461781316143,19.485453834394775,4.7232242163313867,-2.3198278465829794,-0.81255858245083235,3.1086244689504383e-15,-32.72461781316143,19.485453834394775,4.7232242163313867,-2.3198278465829794,-0.8124944827474514,1,1.8307835762794629,1.7616246212198707,1,1,1
1785140849.8134425,1,1,0.99740799283270143,1.1905831847515751,0.07195342822577401,4,0,1,0,-0.6396642930750901,0.26571898082925122,-1.5158881679493168,0.48646128424439133,-1.8407859632953716,0.16672785924270034,0,0,0.00035610946322728857,0.00035610946322728857,0,0,-0.43805279028981664,-34.168117642605701,19.791163416635513,4.6160147910520148,-2.3013386499572772,-0.70810419998685459,5.2266484582560931e-16,-32.724618532195926,19.48545454636594,4.7232266068999298,-2.319827485653982,-0.81255892941121077,4.9960036108132044e-16,-32.724618532195926,19.485169658795357,4.7231019685878,-2.319827485653982,-0.81255892941121077,1,1.8307835762794629,1.7616246212198707,1,1,1
1785140849.8334427,1,1,0.99740799283270143,1.1905831847515751,0.07195342822577401,4,0,1,0,-0.6396642930750901,0.26571898082925122,-1.5158886425720852,0.48646128424439133,-1.8407859632953716,0.16672785924270034,0,0,0,0,0.00035610946322728857,0,0.47787577122525454,-32.29643753864012,19.425728912343896,4.6929483709028812,-2.3013386499572772,-0.73971599462912485,1.6238576662757036e-15,-32.724613388766954,19.485449474688004,4.7232261271965825,-2.319831021367468,-0.81255908369855689,1.609823385706477e-15,-32.724613388766954,19.485449474688004,4.7232261271965825,-2.3198951210708487,-0.81255908369855689,1,1.8307835762794629,1.7616246212198707,1,1,1
1785140849.8534427,1,1,0.99740799283270143,1.1905831847515751,0.07195342822577401,4,0,1,0,-0.6396642930750901,0.26571898082925122,-1.5158886425720852,0.4864608096216228,-1.84078643791814,0.16672785924270034,0,0,0,-0.00035610946322728857,0,0,0,-32.137145614898365,19.233394962716726,4.6929483709028812,-2.3708845981702718,-0.77765014819984923,1.216742065124993e-15,-32.724609072932054,19.485445183840653,4.7232230589051909,-2.3198343036541438,-0.81255876690459183,1.2212453270876722e-15,-32.724609072932054,19.485445183840653,4.7233476972173207,-2.3198343036541438,-0.81255876690459183,1,1.8307835762794629,1.7616246212198707,1,1,1
1785140849.8734426,1,1,0.99740799283270143,1.1905831847515751,0.07195342822577401,4,0,1,0,-0.6396642930750901,0.26571945545201975,-1.5158891171948539,0.48646128424439133,-1.8407869125409086,0.16672833386546887,0,0.00035610946322728857,0,0.00035610946322728857,0,0,0.15929192374175152,-32.455729462381868,19.521895887157477,4.9814492953436327,-2.4720423410255368,-0.91041968569738441,1.3033034848822872e-15,-32.724616553037372,19.48543201898126,4.7232243159202802,-2.3198441222692185,-0.8125596092066667,1.27675647831893e-15,-32.725043884393244,19.48543201898126,4.7230996776081504,-2.3198441222692185,-0.8125596092066667,1,1.8307835762794629,1.7616246212198707,1,1,1
1785140849.8934426,1,1,0.99740799283270143,1.1905831847515751,0.07195342822577401,4,0,1,0,-0.6396642930750901,0.26571898082925122,-1.5158891171948539,0.4864608096216228,-1.8407869125409086,0.16672785924270034,0,0,0,0,0,0,0.15929192374175152,-33.730064852315884,19.887330391449098,4.6160147910520148,-2.3708845981702718,-0.77765014819984923,3.0003322172065891e-15,-32.724600178079243,19.485436378694295,4.7232224050368181,-2.3198409474890775,-0.81255910795728115,2.9976021664879227e-15,-32.724600178079243,19.485436378694295,4.7232224050368181,-2.3198409474890775,-0.81255910795728115,1,1.8307835762794629,1.7616246212198707,1,1,1
1785140849.9134426,1,1,0.99740799283270143,1.1905831847515751,0.07195342822577401,4,0,1,0,-0.6396642930750901,0.26571898082925122,-1.5158895918176223,0.48646128424439133,-1.8407869125409086,0.16672785924270034,0,-0.00035610946322728857,-0.00035610946322728857,0.00035610946322728857,0,0,-0.43805279028981664,-32.455729462381868,19.598829467008347,4.6160147910520148,-2.3708845981702718,-0.87880789105511414,2.7532559302247094e-15,-32.724595599058702,19.485431864392776,4.7232248194586743,-2.3198443090357683,-0.81255976580359912,2.7755575615628914e-15,-32.724168267702829,19.485716751963359,4.7231001811465445,-2.3198443090357683,-0.81255976580359912,1,1.8307835762794629,1.7616246212198707,1,1,1
1785140849.9334426,1,1,0.99740799283270143,1.1905831847515751,0.07195342822577401,4,0,1,0,-0.6396642930750901,0.26571945545201975,-1.5158895918176223,0.4864608096216228,-1.8407869125409086,0.16672785924270034,-0.00035610946322728857,0.00035610946322728857,0,-0.00035610946322728857,0,0,0.31858384748350305,-33.570772928574129,19.598829467008347,4.6929483709028812,-2.3329504445995477,-0.87880789105511414,1.6778213254687203e-15,-32.724610690557313,19.48542623531608,4.7232214456464421,-2.319848018910136,-0.81255941653461072,0.00042733135587441162,-32.725038021913186,19.48542623531608,4.7233460839585719,-2.319848018910136,-0.81255941653461072,1,1.8307835762794629,1.7616246212198707,1,1,1
1785140849.9534426,1,1,0.99740799283270143,1.1905831847515751,0.07195342822577401,4,0,1,0,-0.6396642930750901,0.26571945545201975,-1.5158895918176223,0.4864608096216228,-1.8407873871636771,0.16672785924270034,0,0.00035610946322728857,-0.00035610946322728857,-0.00035610946322728857,0,0,-0.11946894280631364,-32.77431330986537,19.791163416635513,4.789115345716465,-2.4024963928125422,-0.84087373748438976,1.08683975042477e-15,-32.72460693914045,19.485422501854455,4.7232212714814068,-2.3198511270310984,-0.81255960329998689,1.1102230246251565e-15,-32.725034270496323,19.485707389425038,4.7233459097935366,-2.3198511270310984,-0.81255960329998689,1,1.8307835762794629,1.7616246212198707,1,1,1
1785140849.9734426,1,1,0.99740799283270143,1.1905831847515751,0.07195342822577401,4,0,1,0,-0.6396642930750901,0.26571898082925122,-1.5158895918176223,0.4864608096216228,-1.8407873871636771,0.16672785924270034,0,0,0,-0.00035610946322728857,0,0,0.15929192374175152,-32.77431330986537,19.791163416635513,4.6929483709028812,-2.2697268553150072,-0.8092619428421195,3.0841593010178571e-15,-32.724591283223575,19.485427573545213,4.7232217511666201,-2.3198475913219623,-0.81255944900963861,3.1086244689504383e-15,-32.724591283223575,19.485427573545213,4.72334638947875,-2.3198475913219623,-0.81255944900963861,1,1.8307835762794629,1.7616246212198707,1,1,1
1785140849.9934425,1,1,0.99740799283270143,1.1905831847515751,0.07195342822577401,4,0,1,0,-0.6396642930750901,0.26571898082925122,-1.5158900664403909,0.4864608096216228,-1.8407873871636771,0.16672785924270034,0,-0.00035610946322728857,0,0,0,0,0,-32.29643753864012,19.791163416635513,4.3275138666112634,-2.3013386499572772,-0.87880789105511414,3.2395594993779234e-15,-32.724586139781323,19.485422501854448,4.7232212714604271,-2.3198511270323627,-0.81255960329633647,3.219646771412954e-15,-32.72415880842545,19.485422501854448,4.7232212714604271,-2.3198511270323627,-0.81255960329633647,1,1.8307835762794629,1.7616246212198707,1,1,1
1785140850.0134425,1,1,0.99740799283270143,1.1905831847515751,0.07195342822577401,4,0,1,0,-0.63966381845232156,0.26571898082925122,-1.5158905410631593,0.48646128424439133,-1.8407883364092141,0.16672785924270034,0,-0.00035610946322728857,0,0,0,0,0.31858384748350305,-31.977853691156614,19.425728912343896,4.4236808414248472,-2.3013386499572772,-0.77765014819984923,1.7945192742086814e-15,-32.724574057923704,19.485410520626555,4.7232233375466786,-2.3198607048144986,-0.81256063467248862,1.7763568394002505e-15,-32.724146726567831,19.485410520626555,4.7232233375466786,-2.3198607048144986,-0.81256063467248862,1,1.8307835762794629,1.7616246212198707,1,1,1
1785140850.0334425,1,1,0.99740799283270143,1.1905831847515751,0.07195342822577401,4,0,1,0,-0.63966381845232156,0.26571898082925122,-1.5158905410631593,0.48646128424439133,-1.8407888110319828,0.16672785924270034,0,-0.00035610946322728857,0,0,0,0,0.31858384748350305,-32.77431330986537,19.329561937530311,4.6929483709028812,-2.3708845981702718,-0.8092619428421195,1.4490620077285602e-15,-32.724570306509044,19.485406787167115,4.723223163379104,-2.3198638129325939,-0.81256082143761665,1.4432899320127035e-15,-32.724142975153171,19.485406787167115,4.723223163379104,-2.3198638129325939,-0.81256082143761665,1,1.8307835762794629,1.7616246212198707,1,1,1
1785140850.0534425,1,1,0.99740799283270143,1.1905831847515751,0.07195342822577401,4,0,1,0,-0.63966381845232156,0.26571945545201975,-1.515891015685928,0.4864608096216228,-1.8407892856547512,0.16672785924270034,0,0,0,-0.00035610946322728857,0,0,-0.91592856151507118,-32.29643753864012,19.598829467008347,4.8852823205300488,-2.3013386499572772,-0.8092619428421195,3.7423301051572543e-16,-32.724576503131118,19.485392352921338,4.7232191356885105,-2.319874166631779,-0.81256081321939222,3.8857805861880479e-16,-32.724576503131118,19.485392352921338,4.7233437740006403,-2.319874166631779,-0.81256081321939222,1,1.8307835762794629,1.7616246212198707,1,1,1
1785140850.0734427,1,1,0.99740799283270143,1.1905831847515751,0.07195342822577401,4,0,1,0,-0.63966381845232156,0.26571945545201975,-1.5158914903086964,0.4864608096216228,-1.8407897602775198,0.16672785924270034,0,0,-0.00035610946322728857,-0.00035610946322728857,0,0,-0.91592856151507118,-33.252189081090627,19.598829467008347,4.6929483709028812,-2.2697268553150072,-0.8092619428421195,1.4912942734271802e-15,-32.724567608261012,19.485383547758492,4.7232184818091669,-2.3198808104544328,-0.81256115427008679,1.4988010832439613e-15,-32.724567608261012,19.485668435329075,4.7233431201212968,-2.3198808104544328,-0.81256115427008679,1,1.8307835762794629,1.7616246212198707,1,1,1
1785140850.0934427,1,1,0.99740799283270143,1.1905831847515751,0.07195342822577401,4,0,1,0,-0.6396642930750901,0.26571945545201975,-1.5158914903086964,0.48646128424439133,-1.8407897602775198,0.16672785924270034,0,0,0,0,0,-0.00035610946322728857,0,-32.29643753864012,19.329561937530311,4.6160147910520148,-2.2697268553150072,-0.8092619428421195,8.3268125564558426e-16,-32.72456817268484,19.485384105149922,4.723221375933762,-2.3198806362849904,-0.81256165782891654,8.3266726846886741e-16,-32.72456817268484,19.485384105149922,4.723221375933762,-2.3198806362849904,-0.81249755812553559,1,1.8307835762794629,1.7616246212198707,1,1,1
1785140850.1134427,1,1,0.99740799283270143,1.1905831847515751,0.07195342822577401,4,0,1,0,-0.6396642930750901,0.26571945545201975,-1.5158914903086964,0.48646128424439133,-1.8407897602775198,0.16672785924270034,0,0,0,0,-0.00035610946322728857,0,0,-32.455729462381868,19.598829467008347,4.6160147910520148,-2.2001809071020122,-0.73971599462912485,8.3268125564558426e-16,-32.72456817268484,19.485384105149922,4.723221375933762,-2.3198806362849904,-0.81256165782891654,8.3266726846886741e-16,-32.72456817268484,19.485384105149922,4.723221375933762,-2.3198165365816097,-0.81256165782891654,1,1.8307835762794629,1.7616246212198707,1,1,1
1785140850.1334426,1,1,0.99740799283270143,1.1905831847515751,0.07195342822577401,4,0,1,0,-0.63966381845232156,0.26571945545201975,-1.5158919649314651,0.48646128424439133,-1.8407897602775198,0.16672785924270034,0,0,0,0.00035610946322728857,0,0,0.63716769496700609,-33.092897157348879,19.598829467008347,4.6929483709028812,-2.3329504445995477,-0.67649240534458421,1.6571379737237997e-15,-32.724563029223773,19.485379033441063,4.7232208962220428,-2.319884171990291,-0.8125618121143976,1.6653345369377348e-15,-32.724563029223773,19.485379033441063,4.7230962579099129,-2.319884171990291,-0.8125618121143976,1,1.8307835762794629,1.7616246212198707,1,1,1
1785140850.1534426,1,1,0.99740799283270143,1.1905831847515751,0.07195342822577401,4,0,1,0,-0.63966381845232156,0.26571945545201975,-1.5158919649314651,0.4864608096216228,-1.8407897602775198,0.16672785924270034,0,0,0,0,0,0,-0.43805279028981664,-32.455729462381868,19.060294408052279,4.789115345716465,-2.3013386499572772,-0.84087373748438976,5.2737787571581967e-16,-32.724562464798694,19.4853784760484,4.7232180020977426,-2.3198843461597165,-0.81256130855561937,5.5511151231257827e-16,-32.724562464798694,19.4853784760484,4.7232180020977426,-2.3198843461597165,-0.81256130855561937,1,1.8307835762794629,1.7616246212198707,1,1,1
1785140850.1734426,1,1,0.99740799283270143,1.1905831847515751,0.07195342822577401,4,0,1,0,-0.63966381845232156,0.26571945545201975,-1.5158924395542335,0.4864608096216228,-1.8407897602775198,0.16672785924270034,0,0,0,-0.00035610946322728857,0,0,0.63716769496700609,-32.77431330986537,19.521895887157477,4.6929483709028812,-2.2697268553150072,-0.67649240534458421,1.354233385010431e-15,-32.724557321331787,19.485373404333874,4.7232175223852524,-2.3198878818644757,-0.81256146284096853,1.3322676295501878e-15,-32.724557321331787,19.485373404333874,4.7233421606973822,-2.3198878818644757,-0.81256146284096853,1,1.8307835762794629,1.7616246212198707,1,1,1
1785140850.1934426,1,1,0.99740799283270143,1.1905831847515751,0.07195342822577401,4,0,1,0,-0.63966381845232156,0.26571993007478828,-1.5158924395542335,0.48646128424439133,-1.8407902349002883,0.16672785924270034,0,0,0,0,0,0,0,-32.137145614898365,19.791163416635513,4.6929483709028812,-2.3708845981702718,-0.70810419998685459,1.503722880626393e-15,-32.724569790234767,19.485365156555666,4.7232197626465231,-2.3198943515115835,-0.81256230745314029,1.4988010832439613e-15,-32.724569790234767,19.485365156555666,4.7232197626465231,-2.3198943515115835,-0.81256230745314029,1,1.8307835762794629,1.7616246212198707,1,1,1
1785140850.2134426,1,1,0.99740799283270143,1.1905831847515751,0.07195342822577401,4,0,1,0,-0.63966381845232156,0.26571945545201975,-1.5158929141770021,0.48646128424439133,-1.8407902349002883,0.16672785924270034,0,0,0,0.00035610946322728857,-0.00035610946322728857,0,0.31858384748350305,-33.730064852315884,19.694996441821928,4.6160147910520148,-2.3329504445995477,-0.70810419998685459,1.1466450819172376e-15,-32.724548990878326,19.485365156555659,4.7232197626255443,-2.3198943515128465,-0.81256230744948965,1.1657341758564144e-15,-32.724548990878326,19.485365156555659,4.7230951243134145,-2.3198302518094658,-0.81256230744948965,1,1.8307835762794629,1.7616246212198707,1,1,1
1785140850.2334425,1,1,0.99740799283270143,1.1905831847515751,0.07195342822577401,4,0,1,0,-0.63966381845232156,0.26571945545201975,-1.5158929141770021,0.48646128424439133,-1.8407902349002883,0.16672785924270034,0,0,0,0,0,0.00035610946322728857,0.63716769496700609,-32.615021386123622,19.694996441821928,4.6929483709028812,-2.2697268553150072,-0.73971599462912485,1.1466450819172376e-15,-32.724548990878326,19.485365156555659,4.7232197626255443,-2.3198943515128465,-0.81256230744948965,1.1657341758564144e-15,-32.724548990878326,19.485365156555659,4.7232197626255443,-2.3198943515128465,-0.8126264071528706,1,1.8307835762794629,1.7616246212198707,1,1,1
1785140850.2534425,1,1,0.99740799283270143,1.1905831847515751,0.07195342822577401,4,0,1,0,-0.63966381845232156,0.26571993007478828,-1.5158929141770021,0.48646128424439133,-1.8407902349002883,0.16672738461993181,-0.00035610946322728857,0.00035610946322728857,0,0,0,0,-0.27876086654806514,-32.77431330986537,19.233394962716726,4.8852823205300488,-2.3013386499572772,-0.67649240534458421,2.1336823361985696e-15,-32.724564492142719,19.48535993024732,4.7232197864900574,-2.3198980739795347,-0.81256261834246657,0.00042733135587485571,-32.724991823498591,19.48535993024732,4.7232197864900574,-2.3198980739795347,-0.81256261834246657,1,1.8307835762794629,1.7616246212198707,1,1,1
1785140850.2734425,1,1,0.99740799283270143,1.1905831847515751,0.07195342822577401,4,0,1,0,-0.63966334382955303,0.26571993007478828,-1.5158933887997705,0.48646128424439133,-1.8407902349002883,0.16672785924270034,0,0.00035610946322728857,-0.00035610946322728857,0,0,0,0.63716769496700609,-32.137145614898365,19.060294408052279,4.4236808414248472,-2.3013386499572772,-0.87880789105511414,2.2012567945567383e-15,-32.724559503281696,19.485355013108052,4.7232188032156728,-2.3199014229175257,-0.81256261602272128,2.2204460492503131e-15,-32.724986834637569,19.485639900678635,4.7232188032156728,-2.3199014229175257,-0.81256261602272128,1,1.8307835762794629,1.7616246212198707,1,1,1
1785140850.2934425,1,1,0.99740799283270143,1.1905831847515751,0.07195342822577401,4,0,1,0,-0.63966334382955303,0.26571945545201975,-1.5158933887997705,0.48646128424439133,-1.8407907095230569,0.16672785924270034,0,0,0,0,0,0,0,-33.411481004832382,19.791163416635513,4.8852823205300488,-2.3013386499572772,-0.73971599462912485,3.5049166957802228e-15,-32.724540095995643,19.485356351380801,4.7232191087399986,-2.3199009953285796,-0.81256264849895199,3.4972025275692431e-15,-32.724540095995643,19.485356351380801,4.7232191087399986,-2.3199009953285796,-0.81256264849895199,1,1.8307835762794629,1.7616246212198707,1,1,1
1785140850.3134425,1,1,0.99740799283270143,1.1905831847515751,0.07195342822577401,4,0,1,0,-0.63966334382955303,0.26571945545201975,-1.5158938634225392,0.48646175886715987,-1.8407907095230569,0.16672785924270034,0,0,-0.00035610946322728857,0.00035610946322728857,0,-0.00035610946322728857,1.1150434661922606,-32.615021386123622,19.598829467008347,4.6160147910520148,-2.2697268553150072,-0.73971599462912485,2.0962599444070735e-15,-32.724535516947739,19.485351837053216,4.7232215231458081,-2.3199043568596789,-0.81256330634191443,2.1094237467877974e-15,-32.724535516947739,19.485636724623799,4.7230968848336783,-2.3199043568596789,-0.81249920663853348,1,1.8307835762794629,1.7616246212198707,1,1,1
1785140850.3334427,1,1,0.99740799283270143,1.1905831847515751,0.07195342822577401,4,0,1,0,-0.63966334382955303,0.26571945545201975,-1.5158938634225392,0.48646128424439133,-1.8407911841458253,0.16672785924270034,0,0.00035610946322728857,0,0,0,0.00035610946322728857,-0.27876086654806514,-32.77431330986537,19.233394962716726,4.6929483709028812,-2.3013386499572772,-0.77765014819984923,3.4387058717638332e-16,-32.724531201110075,19.48534754620319,4.7232184548526268,-2.3199076391422659,-0.8125629895480817,3.3306690738754696e-16,-32.724958532465948,19.48534754620319,4.7232184548526268,-2.3199076391422659,-0.81262708925146265,1,1.8307835762794629,1.7616246212198707,1,1,1
1785140850.3534427,1,1,0.99740799283270143,1.1905831847515751,0.07195342822577401,4,0,1,0,-0.63966334382955303,0.26571945545201975,-1.5158943380453076,0.48646128424439133,-1.8407911841458253,0.16672785924270034,0.00035610946322728857,-0.00035610946322728857,0,0,-0.00035610946322728857,0.00035610946322728857,-0.59734471403156819,-34.168117642605701,19.521895887157477,4.4236808414248472,-2.4341081874548127,-0.87880789105511414,2.4103874838627926e-16,-32.724526057627813,19.485342474473871,4.7232179751356398,-2.3199111748434511,-0.81256314383249706,-0.00042733135587252424,-32.72409872627194,19.485342474473871,4.7232179751356398,-2.3198470751400704,-0.81262724353587801,1,1.8307835762794629,1.7616246212198707,1,1,1
1785140850.3734426,1,1,0.99740799283270143,1.1905831847515751,0.07195342822577401,4,0,1,0,-0.63966334382955303,0.26571993007478828,-1.5158948126680762,0.48646128424439133,-1.8407907095230569,0.16672785924270034,0,0,0,0,0.00035610946322728857,0,0,-34.008825718863946,19.598829467008347,4.6160147910520148,-2.3013386499572772,-0.8092619428421195,1.3703526609212493e-15,-32.724540321411567,19.48533606445238,4.7232171898908364,-2.3199151381330183,-0.8125632656400994,1.3877787807814457e-15,-32.724540321411567,19.48533606445238,4.7232171898908364,-2.319979237836399,-0.8125632656400994,1,1.8307835762794629,1.7616246212198707,1,1,1
1785140850.3934426,1,1,0.99740799283270143,1.1905831847515751,0.07195342822577401,4,0,1,0,-0.63966334382955303,0.26571993007478828,-1.5158948126680762,0.48646128424439133,-1.8407911841458253,0.16672785924270034,-0.00035610946322728857,0.00035610946322728857,0,0,0,0,-0.75663663777331969,-31.499977919931361,19.694996441821928,4.8852823205300488,-2.3708845981702718,-0.91041968569738441,2.9188593309690742e-16,-32.724536570005966,19.485332331001931,4.723217015719456,-2.3199182462429921,-0.81256345240442984,0.00042733135587302384,-32.724963901361839,19.485332331001931,4.723217015719456,-2.3199182462429921,-0.81256345240442984,1,1.8307835762794629,1.7616246212198707,1,1,1
1785140850.4134426,1,1,0.99740799283270143,1.1905831847515751,0.07195342822577401,4,0,1,0,-0.63966334382955303,0.26571993007478828,-1.5158948126680762,0.48646128424439133,-1.840791658768594,0.16672785924270034,0,0,0.00035610946322728857,0,-0.00035610946322728857,0,0.31858384748350305,-33.092897157348879,19.887330391449098,4.8852823205300488,-2.2697268553150072,-0.67649240534458421,6.6338901519797135e-16,-32.72453281860092,19.485328597552019,4.7232168415472753,-2.3199213543524446,-0.81256363916871088,6.6613381477509392e-16,-32.72453281860092,19.485043709981436,4.7232168415472753,-2.3198572546490639,-0.81256363916871088,1,1.8307835762794629,1.7616246212198707,1,1,1
1785140850.4334426,1,1,0.99740799283270143,1.1905831847515751,0.07195342822577401,4,0,1,0,-0.63966334382955303,0.26571993007478828,-1.5158952872908447,0.48646128424439133,-1.840791658768594,0.16672785924270034,0,0,0.00035610946322728857,0,0,0,0.63716769496700609,-32.29643753864012,19.791163416635513,4.6160147910520148,-2.2697268553150072,-0.77765014819984923,-2.1428092563294471e-15,-32.724527675105477,19.485323525809974,4.7232163618271148,-2.3199248900515621,-0.81256379345252761,-2.1649348980190553e-15,-32.724527675105477,19.485038638239391,4.7232163618271148,-2.3199248900515621,-0.81256379345252761,1,1.8307835762794629,1.7616246212198707,1,1,1
1785140850.4534426,1,1,0.99740799283270143,1.1905831847515751,0.07195342822577401,4,0,1,0,-0.63966334382955303,0.26571993007478828,-1.5158957619136133,0.48646128424439133,-1.840791658768594,0.16672833386546887,0,0,0,0,0,0,0,-32.29643753864012,19.521895887157477,4.8852823205300488,-2.3013386499572772,-0.8092619428421195,-1.2373807289798538e-15,-32.724522686221732,19.485318608648718,4.7232153785477875,-2.3199282389861153,-0.81256379112921717,-1.2212453270876722e-15,-32.724522686221732,19.485318608648718,4.7232153785477875,-2.3199282389861153,-0.81256379112921717,1,1.8307835762794629,1.7616246212198707,1,1,1
1785140850.4734426,1,1,0.99740799283270143,1.1905831847515751,0.07195342822577401,4,0,1,0,-0.63966381845232156,0.26571993007478828,-1.5158962365363817,0.48646128424439133,-1.8407921333913624,0.16672785924270034,0,0,0,0,0,0,-0.11946894280631364,-32.455729462381868,19.233394962716726,4.6160147910520148,-2.3329504445995477,-0.87880789105511414,4.9443612064177423e-17,-32.724513636698049,19.485309648864909,4.7232152282106759,-2.3199350695556564,-0.8125642887836928,5.5511151231257827e-17,-32.724513636698049,19.485309648864909,4.7232152282106759,-2.3199350695556564,-0.8125642887836928,1,1.8307835762794629,1.7616246212198707,1,1,1
1785140850.4934425,1,1,0.99740799283270143,1.1905831847515751,0.07195342822577401,4,0,1,0,-0.63966381845232156,0.26571993007478828,-1.5158967111591504,0.48646128424439133,-1.8407921333913624,0.16672785924270034,0,0,-0.00035610946322728857,0,0,0,-0.75663663777331969,-33.570772928574129,19.694996441821928,4.8852823205300488,-2.3013386499572772,-0.87880789105511414,1.2387841581458665e-15,-32.724508493189425,19.485304577110121,4.723214748487341,-2.3199386052527071,-0.81256444306691045,1.2212453270876722e-15,-32.724508493189425,19.485589464680704,4.723214748487341,-2.3199386052527071,-0.81256444306691045,1,1.8307835762794629,1.7616246212198707,1,1,1
1785140850.5134425,1,1,0.99740799283270143,1.1905831847515751,0.07195342822577401,4,0,1,0,-0.63966381845232156,0.26571993007478828,-1.5158967111591504,0.48646128424439133,-1.840792608014131,0.16672785924270034,0,0,0,0,-0.00035610946322728857,0,0.63716769496700609,-32.455729462381868,19.791163416635513,5.1545498500080829,-2.2317927017442827,-0.84087373748438976,6.6919641757937179e-16,-32.724504741787769,19.485300843663577,4.7232145743136309,-2.3199417133591114,-0.81256462983089284,6.6613381477509392e-16,-32.724504741787769,19.485300843663577,4.7232145743136309,-2.3198776136557306,-0.81256462983089284,1,1.8307835762794629,1.7616246212198707,1,1,1
1785140850.5334425,1,1,0.99740799283270143,1.1905831847515751,0.07195342822577401,4,0,1,0,-0.63966381845232156,0.26571993007478828,-1.5158967111591504,0.48646128424439133,-1.8407921333913624,0.16672785924270034,0,0,0,0.00035610946322728857,0,0,0.31858384748350305,-31.499977919931361,19.425728912343896,4.6160147910520148,-2.2697268553150072,-0.8092619428421195,1.2387841581458665e-15,-32.724508493189425,19.485304577110121,4.723214748487341,-2.3199386052527071,-0.81256444306691045,1.2212453270876722e-15,-32.724508493189425,19.485304577110121,4.7230901101752112,-2.3199386052527071,-0.81256444306691045,1,1.8307835762794629,1.7616246212198707,1,1,1
1785140850.5534425,1,1,0.99740799283270143,1.1905831847515751,0.07195342822577401,4,0,1,0,-0.63966334382955303,0.26571993007478828,-1.5158971857819188,0.48646175886715987,-1.840792608014131,0.16672785924270034,0,0,0,-0.00035610946322728857,0,0,0,-32.137145614898365,19.521895887157477,4.6929483709028812,-2.2697268553150072,-0.73971599462912485,3.9622503536578444e-16,-32.724500162715408,19.4852963293126,4.7232169887080202,-2.3199450748809647,-0.81256528767157965,3.8857805861880479e-16,-32.724500162715408,19.4852963293126,4.72334162702015,-2.3199450748809647,-0.81256528767157965,1,1.8307835762794629,1.7616246212198707,1,1,1
1785140850.5734427,1,1,0.99740799283270143,1.1905831847515751,0.07195342822577401,4,0,1,0,-0.63966334382955303,0.26571993007478828,-1.5158971857819188,0.48646128424439133,-1.8407935572596681,0.16672785924270034,0.00035610946322728857,0,0,0,-0.00035610946322728857,0,0.63716769496700609,-32.455729462381868,19.694996441821928,4.789115345716465,-2.3013386499572772,-0.60694645713158968,7.7596197887992434e-16,-32.724492095474609,19.48528830501462,4.7232137462394634,-2.3199514652653752,-0.81256515764159309,-0.00042733135587196913,-32.724492095474609,19.48528830501462,4.7232137462394634,-2.3198873655619945,-0.81256515764159309,1,1.8307835762794629,1.7616246212198707,1,1,1
1785140850.5934427,1,1,0.99740799283270143,1.1905831847515751,0.07195342822577401,4,0,1,0,-0.6396642930750901,0.26571993007478828,-1.5158981350274559,0.48646128424439133,-1.8407935572596681,0.16672785924270034,-0.00035610946322728857,0,-0.00035610946322728857,0,0,0,0,-32.137145614898365,19.233394962716726,4.8852823205300488,-2.2001809071020122,-0.77765014819984923,-4.8424281115699949e-17,-32.724481808437893,19.485278161486299,4.7232127867875819,-2.3199585366538575,-0.81256546620681191,0.00042733135587269078,-32.724481808437893,19.485563049056882,4.7232127867875819,-2.3199585366538575,-0.81256546620681191,1,1.8307835762794629,1.7616246212198707,1,1,1
1785140850.6134427,1,1,0.99740799283270143,1.1905831847515751,0.07195342822577401,4,0,1,0,-0.6396642930750901,0.26571993007478828,-1.5158990842729929,0.48646128424439133,-1.8407940318824365,0.16672833386546887,0,0,-0.00035610946322728857,0,0,0.00035610946322728857,-0.59734471403156819,-33.092897157348879,19.329561937530311,4.6160147910520148,-2.2001809071020122,-0.84087373748438976,1.4445687762612473e-15,-32.724467924600447,19.485264439081877,4.7232111495979261,-2.3199685293791354,-0.81256580492489416,1.4432899320127035e-15,-32.724467924600447,19.48554932665246,4.7232111495979261,-2.3199685293791354,-0.81262990462827511,1,1.8307835762794629,1.7616246212198707,1,1,1
1785140850.6334426,1,1,0.99740799283270143,1.1905831847515751,0.07195342822577401,4,0,1,0,-0.63966381845232156,0.26571993007478828,-1.5158995588957616,0.48646175886715987,-1.8407949811279736,0.16672785924270034,0,0,0,0.00035610946322728857,0,0,0.31858384748350305,-32.77431330986537,19.233394962716726,4.6929483709028812,-2.2697268553150072,-0.70810419998685459,8.8492125040194501e-16,-32.724455688106787,19.485252303251464,4.7232137191878838,-2.3199782938585072,-0.81256699290091705,8.8817841970012523e-16,-32.724455688106787,19.485252303251464,4.723089080875754,-2.3199782938585072,-0.81256699290091705,1,1.8307835762794629,1.7616246212198707,1,1,1
1785140850.6534426,1,1,0.99740799283270143,1.1905831847515751,0.07195342822577401,4,0,1,0,-0.63966381845232156,0.26571993007478828,-1.5158995588957616,0.48646175886715987,-1.8407964049962793,0.16672785924270034,0,0.00035610946322728857,0,0,0,0,1.1150434661922606,-32.137145614898365,19.233394962716726,4.6160147910520148,-2.3013386499572772,-0.91041968569738441,1.6351303313056231e-15,-32.724444433923608,19.485241102933475,4.7232131966497972,-2.3199876181553347,-0.81256755319077645,1.609823385706477e-15,-32.724871765279481,19.485241102933475,4.7232131966497972,-2.3199876181553347,-0.81256755319077645,1,1.8307835762794629,1.7616246212198707,1,1,1
1785140850.6734426,1,1,0.99740799283270143,1.1905831847515751,0.07195342822577401,4,0,1,0,-0.6396628692067845,0.26571993007478828,-1.51590003351853,0.48646175886715987,-1.8407968796190477,0.16672833386546887,0.00035610946322728857,0,0,0,0,0.00035610946322728857,0.31858384748350305,-34.008825718863946,19.521895887157477,4.4236808414248472,-2.2697268553150072,-0.91041968569738441,1.998590570415846e-15,-32.72443569361063,19.485232452299329,4.7232120391810062,-2.3199940751786334,-0.81256773762358536,-0.00042733135587074789,-32.72443569361063,19.485232452299329,4.7232120391810062,-2.3199940751786334,-0.81263183732696631,1,1.8307835762794629,1.7616246212198707,1,1,1
1785140850.6934426,1,1,0.99740799283270143,1.1905831847515751,0.07195342822577401,4,0,1,0,-0.63966334382955303,0.26571993007478828,-1.51590003351853,0.4864622334899284,-1.8407978288645848,0.16672785924270034,0,0.00035610946322728857,0,0,0,0,0.31858384748350305,-32.455729462381868,19.329561937530311,4.6160147910520148,-2.3013386499572772,-0.67649240534458421,1.146234332075572e-15,-32.724428600660673,19.485225388257824,4.723215088487871,-2.3200003039518355,-0.81256877131815974,1.1657341758564144e-15,-32.724855932016546,19.485225388257824,4.723215088487871,-2.3200003039518355,-0.81256877131815974,1,1.8307835762794629,1.7616246212198707,1,1,1
1785140850.7134426,1,1,0.99740799283270143,1.1905831847515751,0.07195342822577401,4,0,1,0,-0.6396628692067845,0.26571993007478828,-1.515900982764067,0.48646270811269693,-1.8407987781101218,0.16672833386546887,0,0,-0.00035610946322728857,0,0,0.00035610946322728857,0,-33.252189081090627,19.598829467008347,4.6160147910520148,-2.2697268553150072,-0.84087373748438976,2.9439248857222521e-15,-32.724411529868917,19.485208489822394,4.7232161712105851,-2.3200132305652899,-0.81256980034907722,2.9420910152566648e-15,-32.724411529868917,19.485493377392977,4.7232161712105851,-2.3200132305652899,-0.81263390005245817,1,1.8307835762794629,1.7616246212198707,1,1,1
1785140850.7334425,1,1,0.99740799283270143,1.1905831847515751,0.07195342822577401,4,0,1,0,-0.63966381845232156,0.26571993007478828,-1.515900982764067,0.48646270811269693,-1.8407992527328905,0.16672785924270034,0,0,0,0,-0.00035610946322728857,-0.00035610946322728857,0.47787577122525454,-32.455729462381868,19.791163416635513,4.789115345716465,-2.3013386499572772,-0.70810419998685459,1.343898059986287e-15,-32.724407623866689,19.485204601806252,4.7232165005816693,-2.320016525420074,-0.81257014372471703,1.3322676295501878e-15,-32.724407623866689,19.485204601806252,4.7232165005816693,-2.3199524257166932,-0.81250604402133608,1,1.8307835762794629,1.7616246212198707,1,1,1
1785140850.7534425,1,1,0.99740799283270143,1.1905831847515751,0.07195342822577401,4,0,1,0,-0.63966381845232156,0.26571945545201975,-1.515900982764067,0.48646270811269693,-1.8407992527328905,0.16672833386546887,0,0,0.00035610946322728857,0,0.00035610946322728857,0.00035610946322728857,0,-31.499977919931361,19.791163416635513,4.8852823205300488,-2.3013386499572772,-0.84087373748438976,3.1319904860175499e-15,-32.724392122661278,19.485209828171151,4.7232164767379077,-2.3200128029738449,-0.81256983282749717,3.1086244689504383e-15,-32.724392122661278,19.484924940600568,4.7232164767379077,-2.3200769026772257,-0.81263393253087812,1,1.8307835762794629,1.7616246212198707,1,1,1
1785140850.7734425,1,1,0.99740799283270143,1.1905831847515751,0.07195342822577401,4,0,1,0,-0.63966381845232156,0.26571945545201975,-1.5159014573868357,0.48646270811269693,-1.8408002019784275,0.16672833386546887,0,0,-0.00035610946322728857,0,-0.00035610946322728857,0.00035610946322728857,-0.43805279028981664,-32.77431330986537,19.598829467008347,4.6929483709028812,-2.3013386499572772,-0.87880789105511414,3.0222232759320299e-15,-32.724379476347394,19.485197289522372,4.7232156486316876,-2.3200225548416786,-0.81257036063266852,2.9976021664879227e-15,-32.724379476347394,19.485482177092955,4.7232156486316876,-2.3199584551382979,-0.81263446033604947,1,1.8307835762794629,1.7616246212198707,1,1,1
1785140850.7934425,1,1,0.99740799283270143,1.1905831847515751,0.07195342822577401,4,0,1,0,-0.63966334382955303,0.26571945545201975,-1.5159014573868357,0.4864622334899284,-1.8408002019784275,0.16672785924270034,0,0,-0.00035610946322728857,-0.00035610946322728857,0,-0.00035610946322728857,-0.43805279028981664,-32.933605233607125,19.329561937530311,4.6929483709028812,-2.2697268553150072,-0.70810419998685459,1.9204219571733333e-15,-32.724378757283617,19.485196577522377,4.7232132580760542,-2.3200229157912777,-0.81257001369013038,1.9428902930940239e-15,-32.724378757283617,19.48548146509296,4.723337896388184,-2.3200229157912777,-0.81250591398674943,1,1.8307835762794629,1.7616246212198707,1,1,1
1785140850.8134425,1,1,0.99740799283270143,1.1905831847515751,0.07195342822577401,4,0,1,0,-0.63966334382955303,0.26571945545201975,-1.5159014573868357,0.48646270811269693,-1.840800676601196,0.16672785924270034,0,0,0,0,0.00035610946322728857,-0.00035610946322728857,0,-32.455729462381868,19.887330391449098,4.8852823205300488,-2.3013386499572772,-0.91041968569738441,3.5255574120788103e-15,-32.724375570346972,19.485193401508013,4.723215978000221,-2.3200258496947463,-0.8125707040088429,3.5527136788005009e-15,-32.724375570346972,19.485193401508013,4.723215978000221,-2.3200899493981271,-0.81250660430546195,1,1.8307835762794629,1.7616246212198707,1,1,1
1785140850.8334427,1,1,0.99740799283270143,1.1905831847515751,0.07195342822577401,4,0,1,0,-0.63966381845232156,0.26571945545201975,-1.5159014573868357,0.48646270811269693,-1.8408011512239646,0.16672833386546887,0,0,0,0,0,0.00035610946322728857,0.63716769496700609,-32.933605233607125,19.233394962716726,4.6160147910520148,-2.3013386499572772,-0.67649240534458421,3.0655385123027895e-15,-32.724371973573426,19.485189822658423,4.7232153002557418,-2.3200287710224829,-0.81257073415724979,3.0531133177191805e-15,-32.724371973573426,19.485189822658423,4.7232153002557418,-2.3200287710224829,-0.81263483386063073,1,1.8307835762794629,1.7616246212198707,1,1,1
1785140850.8534427,1,1,0.99740799283270143,1.1905831847515751,0.07195342822577401,4,0,1,0,-0.63966381845232156,0.26571945545201975,-1.5159019320096041,0.48646270811269693,-1.8408039989605756,0.16672833386546887,-0.00035610946322728857,0,0,0,-0.00035610946322728857,0.00035610946322728857,0.63716769496700609,-32.77431330986537,19.598829467008347,4.6929483709028812,-2.2697268553150072,-0.87880789105511414,2.6392278661380132e-15,-32.724344321728204,19.485162350298324,4.7232137753743419,-2.3200509552317587,-0.81257200900952042,0.00042733135587541082,-32.724344321728204,19.485162350298324,4.7232137753743419,-2.319986855528378,-0.81263610871290137,1,1.8307835762794629,1.7616246212198707,1,1,1
1785140850.8734426,1,1,0.99740799283270143,1.1905831847515751,0.07195342822577401,4,0,1,0,-0.6396642930750901,0.26571993007478828,-1.5159024066323727,0.48646270811269693,-1.8408063720744183,0.16672785924270034,0,0.00035610946322728857,0,0,0.00035610946322728857,0,0.31858384748350305,-32.615021386123622,19.598829467008347,4.9814492953436327,-2.2001809071020122,-0.67649240534458421,3.3929694259365914e-15,-32.724335922485565,19.485133385015899,4.7232124485011511,-2.320073753769087,-0.81257340799780609,3.3861802251067274e-15,-32.724763253841438,19.485133385015899,4.7232124485011511,-2.3201378534724677,-0.81257340799780609,1,1.8307835762794629,1.7616246212198707,1,1,1
# event,1785140851.0842576,RECOVERING,实体 FREE 松开：实体保持输入已释放；保持力矩控制并增强阻尼，静止后切回位置保持
1785140850.9934425,1,1,0.99740799283270143,1.1905831847515751,0.07195342822577401,4,0,1,0,-0.63966619156616422,0.26572040469755681,-1.515939427208318,0.48646318273546546,-1.8408125421704091,0.16672690999716328,0,0,0,0,0.00035610946322728857,0,0.31858384748350305,-33.252189081090627,19.598829467008347,4.6929483709028812,-2.3329504445995477,-0.77765014819984923,1.09515711456542e-15,-32.723901855554253,19.484684414323777,4.7231761825453908,-2.3203936743285283,-0.81258884017381261,1.1102230246251565e-15,-32.723901855554253,19.484684414323777,4.7231761825453908,-2.320457774031909,-0.81258884017381261,1,1.8307835762794629,1.7616246212198707,1,1,1
1785140851.0134425,1,1,0.99740799283270143,1.1905831847515751,0.07195342822577401,4,0,1,0,-0.63966334382955303,0.26571993007478828,-1.515939427208318,0.48646460660377105,-1.8408125421704091,0.16672643537439474,0,0,0,0.00035610946322728857,0.00035610946322728857,-0.00035610946322728857,0.31858384748350305,-32.29643753864012,19.425728912343896,4.6929483709028812,-2.3013386499572772,-0.70810419998685459,7.0118721818679578e-16,-32.723887739155799,19.48469100444094,4.7231858481359499,-2.3203898028382044,-0.8125903531958566,7.2164496600635175e-16,-32.723887739155799,19.48469100444094,4.7230612098238201,-2.3204539025415851,-0.81252625349247565,1,1.8307835762794629,1.7616246212198707,1,1,1
1785140851.0334425,1,1,0.99740799283270143,1.1905831847515751,0.07195342822577401,4,0,1,0,-0.63966524232062716,0.26572040469755681,-1.515939427208318,0.48646413198100252,-1.8408130167931778,0.16672643537439474,0,0.00035610946322728857,0,-0.00035610946322728857,0,0,-0.43805279028981664,-33.411481004832382,19.137227987903145,4.8852823205300488,-2.2001809071020122,-0.8092619428421195,-3.1714199310737763e-16,-32.72389907873788,19.48468164142502,4.723182300048844,-2.3203966207055675,-0.81259019067243266,-3.3306690738754696e-16,-32.724326410093752,19.48468164142502,4.7233069383609738,-2.3203966207055675,-0.81259019067243266,1,1.8307835762794629,1.7616246212198707,1,1,1
1785140851.0534425,1,1,0.99740799283270143,1.1905831847515751,0.07195342822577401,4,0,1,0,-0.63966476769785863,0.26572040469755681,-1.5159399018310864,0.48646413198100252,-1.8408130167931778,0.16672690999716328,0.00035610946322728857,-0.00035610946322728857,0,0,0,0,-1.5530962564820772,-32.455729462381868,19.329561937530311,4.8852823205300488,-2.3329504445995477,-0.87880789105511414,2.8044206121931361e-16,-32.723894089438176,19.484676723861604,4.7231813166768131,-2.3203999695749595,-0.81259018829568352,-0.00042733135587246873,-32.723466758082303,19.484676723861604,4.7231813166768131,-2.3203999695749595,-0.81259018829568352,1,1.8307835762794629,1.7616246212198707,1,1,1
1785140851.0734427,1,1,0.99740799283270143,1.1905831847515751,0.07195342822577401,4,0,1,0,-0.63966334382955303,0.26571993007478828,-1.515940376453855,0.48646508122653959,-1.8408139660387148,0.16672690999716328,0,0,0,0.00035610946322728857,0,-0.00035610946322728857,0.31858384748350305,-33.849533795122198,19.791163416635513,4.3275138666112634,-2.3329504445995477,-0.5753346624893193,1.189277477739224e-15,-32.723866916546015,19.484670372164267,4.7231867563938712,-2.3204058372212235,-0.8125915689056592,1.1657341758564144e-15,-32.723866916546015,19.484670372164267,4.7230621180817414,-2.3204058372212235,-0.81252746920227825,1,1.8307835762794629,1.7616246212198707,1,1,1
1785140851.0934427,6,1,0.99740799283270143,1.1905831847515751,0.07195342822577401,4,0,1,1,-0.63966524232062716,0.26571993007478828,-1.515940376453855,0.48646460660377105,-1.8408144406614833,0.16672690999716328,0,0,0,0,-0.00035610946322728857,0,-0.59734471403156819,-32.615021386123622,19.521895887157477,4.4236808414248472,-2.3329504445995477,-0.97996563391037905,1.6524224001898886e-15,-32.72386260066682,19.484666081273645,4.7231836881065714,-2.3204091194615848,-0.81259125211347061,1.6653345369377348e-15,-32.72386260066682,19.484666081273645,4.7231836881065714,-2.3203887838306869,-0.81259125211347094,1,1.8307835762794629,1.7616246212198707,1,1,1
1785140851.1134427,6,1,0.99740799283270143,1.1905831847515751,0.07195342822577401,4,0,1,1,-0.6396642930750901,0.26572040469755681,-1.5159408510766235,0.48646460660377105,-1.8408139660387148,0.16672690999716328,0,0,0,0,0,0,0.63716769496700609,-32.137145614898365,19.329561937530311,4.6160147910520148,-2.2697268553150072,-0.70810419998685459,8.9139048750997809e-16,-32.723876863540916,19.484659670374526,4.7231829026893086,-2.320413082680068,-0.81259137388788183,1.6653345369377348e-15,-32.72386260066682,19.484666081273645,4.7231836881065714,-2.3204091194615843,-0.81259125211347094,1,1.8307835762794629,1.7616246212198707,1,1,1
1785140851.1334426,6,1,0.99740799283270143,1.1905831847515751,0.07195342822577401,4,0,1,1,-0.63966381845232156,0.26571993007478828,-1.5159413256993921,0.48646460660377105,-1.8408144406614833,0.16672643537439474,0,0,0,0,0,0,-0.43805279028981664,-32.455729462381868,19.329561937530311,5.1545498500080829,-2.2697268553150072,-0.87880789105511414,-4.3340664467226832e-16,-32.723852158267825,19.484655782440786,4.7231832320075391,-2.320416377468129,-0.81259171728386714,1.6653345369377348e-15,-32.72386260066682,19.484666081273645,4.7231836881065714,-2.3204091194615848,-0.81259125211347083,1,1.8307835762794629,1.7616246212198707,1,1,1
1785140851.1534426,6,1,0.99740799283270143,1.1905831847515751,0.07195342822577401,4,0,1,1,-0.63966524232062716,0.26571993007478828,-1.5159413256993921,0.48646460660377105,-1.8408144406614833,0.16672690999716328,-0.00035610946322728857,0,0,0,0,0,-0.59734471403156819,-32.455729462381868,19.425728912343896,4.6929483709028812,-2.2697268553150072,-0.8092619428421195,-1.2219235372728965e-15,-32.723852312864587,19.484655937006487,4.7231827284582808,-2.3204161907109295,-0.81259156064134153,0.0032959298282041003,-32.72386260066682,19.484666081273645,4.7231836881065714,-2.3204091194615852,-0.81259125211347072,1,1.8307835762794629,1.7616246212198707,1,1,1
1785140851.1734426,6,1,0.99740799283270143,1.1905831847515751,0.07195342822577401,4,0,1,1,-0.6396642930750901,0.26571993007478828,-1.5159418003221605,0.48646460660377105,-1.8408144406614833,0.16672690999716328,0,0,0,0,0,0,-0.75663663777331969,-32.137145614898365,19.598829467008347,4.8852823205300488,-2.3708845981702718,-0.91041968569738441,8.0424394844516512e-16,-32.723847168956596,19.484650864866264,4.7231822486325399,-2.320419726334817,-0.81259171490500248,1.6653345369377348e-15,-32.72386260066682,19.484666081273645,4.7231836881065714,-2.3204091194615852,-0.81259125211347072,1,1.8307835762794629,1.7616246212198707,1,1,1
1785140851.1934426,6,1,0.99740799283270143,1.1905831847515751,0.07195342822577401,4,0,1,1,-0.63966381845232156,0.26571993007478828,-1.5159418003221605,0.48646508122653959,-1.8408144406614833,0.16672643537439474,0.00035610946322728857,-0.00035610946322728857,0,0.00035610946322728857,0,-0.00035610946322728857,0.31858384748350305,-32.615021386123622,19.521895887157477,4.8852823205300488,-2.3013386499572772,-0.8092619428421195,1.7054593235682045e-15,-32.723847578919269,19.484651267825928,4.7231856462577646,-2.320419738881407,-0.81259237509686122,-0.0042733135587257973,-32.719589287108093,19.484666081273645,4.7217592502536618,-2.3204091194615852,-0.81170097845540246,1,1.8307835762794629,1.7616246212198707,1,1,1
1785140851.2134426,6,1,0.99740799283270143,1.1905831847515751,0.07195342822577401,4,0,1,1,-0.63966476769785863,0.26571993007478828,-1.5159418003221605,0.48646460660377105,-1.8408149152842519,0.16672690999716328,0,-0.00035610946322728857,0,0,-0.00035610946322728857,0.00035610946322728857,0.47787577122525454,-32.455729462381868,19.425728912343896,4.6929483709028812,-2.3013386499572772,-0.91041968569738441,3.3022290681632579e-15,-32.723843417635138,19.48464713149934,4.7231820744217083,-2.3204228343633928,-0.81259190166201334,1.6653345369377348e-15,-32.719589287108093,19.484666081273645,4.7231836881065714,-2.319518845803517,-0.81348152577153898,1,1.8307835762794629,1.7616246212198707,1,1,1
1785140851.2334425,6,1,0.99740799283270143,1.1905831847515751,0.07195342822577401,4,0,1,1,-0.6396642930750901,0.26572040469755681,-1.5159418003221605,0.48646460660377105,-1.8408144406614833,0.16672690999716328,0,0.00035610946322728857,0.00035610946322728857,0,0,0,0.47787577122525454,-33.849533795122198,19.598829467008347,4.6929483709028812,-2.4024963928125422,-0.70810419998685459,1.7130156608962962e-15,-32.723862824397763,19.484645792721597,4.7231817688267128,-2.3204232619569187,-0.81259186917213055,1.6653345369377348e-15,-32.728135914225547,19.481817205567825,4.7231836881065714,-2.3204091194615852,-0.81259125211347072,1,1.8307835762794629,1.7616246212198707,1,1,1
1785140851.2534425,6,1,0.99740799283270143,1.1905831847515751,0.07195342822577401,4,0,1,1,-0.6396642930750901,0.26572040469755681,-1.5159418003221605,0.48646460660377105,-1.8408144406614833,0.16672690999716328,0,0,0.00035610946322728857,0,0,0,0,-32.455729462381868,19.521895887157477,4.6929483709028812,-2.3329504445995477,-0.87880789105511414,1.7130156608962962e-15,-32.723862824397763,19.484645792721597,4.7231817688267128,-2.3204232619569187,-0.81259186917213055,1.6653345369377348e-15,-32.72386260066682,19.481817205567825,4.7231836881065714,-2.3204091194615852,-0.81259125211347072,1,1.8307835762794629,1.7616246212198707,1,1,1
1785140851.2734425,6,1,0.99740799283270143,1.1905831847515751,0.07195342822577401,4,0,1,1,-0.63966476769785863,0.26571993007478828,-1.5159427495676976,0.48646460660377105,-1.8408144406614833,0.16672690999716328,-0.00035610946322728857,0,-0.00035610946322728857,0,0,0.00035610946322728857,-1.2345124089985742,-32.455729462381868,19.137227987903145,4.6929483709028812,-2.3013386499572772,-0.8092619428421195,1.0243432058084471e-15,-32.72383688112685,19.484640720572504,4.7231812889778642,-2.3204267975810251,-0.81259202343177472,0.004273313558729128,-32.72386260066682,19.487514956979464,4.7231836881065714,-2.3204091194615852,-0.81348152577153898,1,1.8307835762794629,1.7616246212198707,1,1,1
1785140851.2934425,6,1,0.99740799283270143,1.1905831847515751,0.07195342822577401,4,0,1,1,-0.6396642930750901,0.26572040469755681,-1.5159427495676976,0.48646460660377105,-1.8408144406614833,0.16672690999716328,0,0,-0.00035610946322728857,0,0,0,0.31858384748350305,-32.615021386123622,19.521895887157477,4.4236808414248472,-2.2317927017442827,-0.8092619428421195,-3.111738979336343e-16,-32.723852536558859,19.484635648418973,4.7231808091699108,-2.3204303332020824,-0.81259217769853709,1.6653345369377348e-15,-32.72386260066682,19.487514956979464,4.7231836881065714,-2.3204091194615852,-0.81259125211347072,1,1.8307835762794629,1.7616246212198707,1,1,1
1785140851.3134425,6,1,0.99740799283270143,1.1905831847515751,0.07195342822577401,4,0,1,1,-0.6396642930750901,0.26572040469755681,-1.5159427495676976,0.48646460660377105,-1.8408144406614833,0.16672690999716328,0,0,0,0,0,0.00035610946322728857,0.31858384748350305,-31.818561767414863,19.425728912343896,4.4236808414248472,-2.2697268553150072,-0.8092619428421195,-3.111738979336343e-16,-32.723852536558859,19.484635648418973,4.7231808091699108,-2.3204303332020824,-0.81259217769853709,1.6653345369377348e-15,-32.72386260066682,19.484666081273645,4.7231836881065714,-2.3204091194615852,-0.81348152577153898,1,1.8307835762794629,1.7616246212198707,1,1,1
1785140851.3334427,6,1,0.99740799283270143,1.1905831847515751,0.07195342822577401,4,0,1,1,-0.6396642930750901,0.26572040469755681,-1.5159427495676976,0.48646460660377105,-1.8408144406614833,0.16672643537439474,0,0.00035610946322728857,0,0,0,-0.00035610946322728857,0,-32.455729462381868,19.425728912343896,4.6160147910520148,-2.3329504445995477,-0.77765014819984923,-3.9611738054164067e-16,-32.723852381962821,19.484635493854,4.7231813127189648,-2.3204305199590811,-0.81259233434215261,1.6653345369377348e-15,-32.728135914225547,19.484666081273645,4.7231836881065714,-2.3204091194615852,-0.81170097845540246,1,1.8307835762794629,1.7616246212198707,1,1,1
1785140851.3534427,6,1,0.99740799283270143,1.1905831847515751,0.07195342822577401,4,0,1,1,-0.63966381845232156,0.26571993007478828,-1.5159427495676976,0.48646460660377105,-1.8408144406614833,0.16672643537439474,0.00035610946322728857,0,0,0,0,0,0,-33.849533795122198,19.425728912343896,4.4236808414248472,-2.3329504445995477,-0.77765014819984923,9.2468167870895001e-16,-32.723836726530635,19.484640566007347,4.7231817925269706,-2.3204269843380749,-0.81259218007511802,-0.0042733135587257973,-32.72386260066682,19.484666081273645,4.7231836881065714,-2.3204091194615852,-0.81259125211347072,1,1.8307835762794629,1.7616246212198707,1,1,1
1785140851.3734426,6,1,0.99740799283270143,1.1905831847515751,0.07195342822577401,4,0,1,1,-0.6396642930750901,0.26572040469755681,-1.5159427495676976,0.48646508122653959,-1.8408144406614833,0.16672643537439474,0,0,0,0,0,0,0.15929192374175152,-32.455729462381868,19.521895887157477,4.3275138666112634,-2.4341081874548127,-0.8092619428421195,-4.0687756138765736e-17,-32.723852946525838,19.484636051382903,4.723184206794099,-2.3204303457485742,-0.81259283789105941,1.6653345369377348e-15,-32.72386260066682,19.484666081273645,4.7231836881065714,-2.3204091194615852,-0.81259125211347072,1,1.8307835762794629,1.7616246212198707,1,1,1
1785140851.3934426,6,1,0.99740799283270143,1.1905831847515751,0.07195342822577401,4,0,1,1,-0.6396642930750901,0.26571993007478828,-1.5159427495676976,0.48646508122653959,-1.8408144406614833,0.16672643537439474,0,0,0,0,0,0,-0.27876086654806514,-32.615021386123622,19.791163416635513,4.6160147910520148,-2.2001809071020122,-0.84087373748438976,3.6172886423835945e-16,-32.723837291092401,19.484641123535013,4.7231846866023997,-2.3204268101275503,-0.81259268362407622,1.6653345369377348e-15,-32.72386260066682,19.484666081273645,4.7231836881065714,-2.3204091194615852,-0.81259125211347072,1,1.8307835762794629,1.7616246212198707,1,1,1
1785140851.4134426,6,1,0.99740799283270143,1.1905831847515751,0.07195342822577401,4,0,1,1,-0.6396642930750901,0.26572040469755681,-1.5159427495676976,0.48646508122653959,-1.8408144406614833,0.16672690999716328,0,0.00035610946322728857,0.00035610946322728857,0,0,0.00035610946322728857,-0.11946894280631364,-32.137145614898365,19.598829467008347,4.8852823205300488,-2.3708845981702718,-0.70810419998685459,-8.4392946949446262e-16,-32.723853101121819,19.484636205947822,4.7231837032452058,-2.3204301589916261,-0.812592681247578,1.6653345369377348e-15,-32.728135914225547,19.481817205567825,4.7231836881065714,-2.3204091194615852,-0.81348152577153898,1,1.8307835762794629,1.7616246212198707,1,1,1
1785140851.4334426,6,1,0.99740799283270143,1.1905831847515751,0.07195342822577401,4,0,1,1,-0.6396642930750901,0.26571993007478828,-1.5159432241904662,0.48646508122653959,-1.8408144406614833,0.16672690999716328,0,0.00035610946322728857,0,0,0,0.00035610946322728857,0.31858384748350305,-31.818561767414863,19.329561937530311,4.6160147910520148,-2.1685691124597422,-0.8092619428421195,8.9897887605362853e-16,-32.723832301768063,19.484636205947822,4.723183703224227,-2.32043015899289,-0.81259268124392803,1.6653345369377348e-15,-32.728135914225547,19.484666081273645,4.7231836881065714,-2.3204091194615852,-0.81348152577153898,1,1.8307835762794629,1.7616246212198707,1,1,1
1785140851.4534426,6,1,0.99740799283270143,1.1905831847515751,0.07195342822577401,4,0,1,1,-0.6396642930750901,0.26571993007478828,-1.5159432241904662,0.48646508122653959,-1.8408144406614833,0.16672643537439474,-0.00035610946322728857,0,-0.00035610946322728857,0.00035610946322728857,0,0,0.15929192374175152,-32.137145614898365,19.425728912343896,4.519847816238431,-2.3013386499572772,-0.91041968569738441,1.2434263849137876e-15,-32.723832147172089,19.484636051382903,4.7231842067731211,-2.3204303457498381,-0.81259283788740932,0.004273313558729128,-32.72386260066682,19.487514956979464,4.7217592502536618,-2.3204091194615852,-0.81259125211347072,1,1.8307835762794629,1.7616246212198707,1,1,1
1785140851.4734426,6,1,0.99740799283270143,1.1905831847515751,0.07195342822577401,4,0,1,1,-0.6396642930750901,0.26572040469755681,-1.5159432241904662,0.48646460660377105,-1.8408144406614833,0.16672690999716328,0,0,0,-0.00035610946322728857,0,0.00035610946322728857,-0.27876086654806514,-32.455729462381868,19.425728912343896,4.6160147910520148,-2.3329504445995477,-0.70810419998685459,-7.4786991488798885e-17,-32.723847392632528,19.484630576261011,4.7231803293399128,-2.3204338688238799,-0.81259233196146541,1.6653345369377348e-15,-32.72386260066682,19.484666081273645,4.724608125959481,-2.3204091194615852,-0.81348152577153898,1,1.8307835762794629,1.7616246212198707,1,1,1
1785140851.4934425,6,1,0.99740799283270143,1.1905831847515751,0.07195342822577401,4,0,1,1,-0.6396642930750901,0.26571993007478828,-1.5159432241904662,0.48646508122653959,-1.8408144406614833,0.16672643537439474,0,-0.00035610946322728857,0.00035610946322728857,0,0,0,0.63716769496700609,-32.455729462381868,19.425728912343896,4.6929483709028812,-2.3708845981702718,-0.8092619428421195,1.2434263849137876e-15,-32.723832147172089,19.484636051382903,4.7231842067731211,-2.3204303457498381,-0.81259283788740932,1.6653345369377348e-15,-32.719589287108093,19.481817205567825,4.7231836881065714,-2.3204091194615852,-0.81259125211347072,1,1.8307835762794629,1.7616246212198707,1,1,1
1785140851.5134425,6,1,0.99740799283270143,1.1905831847515751,0.07195342822577401,4,0,1,1,-0.6396642930750901,0.26571993007478828,-1.5159436988132347,0.48646508122653959,-1.8408144406614833,0.16672643537439474,0,0,0,0.00035610946322728857,0,0,0,-32.933605233607125,19.598829467008347,5.1545498500080829,-2.2697268553150072,-0.91041968569738441,1.2289981296655879e-15,-32.723827003247202,19.48463097922636,4.7231837269427785,-2.3204338813716019,-0.81259299215055913,1.6653345369377348e-15,-32.72386260066682,19.484666081273645,4.7217592502536618,-2.3204091194615852,-0.81259125211347072,1,1.8307835762794629,1.7616246212198707,1,1,1
1785140851.5334425,6,1,0.99740799283270143,1.1905831847515751,0.07195342822577401,4,0,1,1,-0.6396642930750901,0.26572040469755681,-1.5159436988132347,0.48646508122653959,-1.8408144406614833,0.16672643537439474,0,0,0,0,0,0,0,-31.499977919931361,19.329561937530311,4.6929483709028812,-2.4024963928125422,-0.73971599462912485,1.0583599846403253e-15,-32.723842658671472,19.484625907065382,4.7231832471323507,-2.3204374169915818,-0.8125931464171765,1.6653345369377348e-15,-32.72386260066682,19.484666081273645,4.7231836881065714,-2.3204091194615852,-0.81259125211347072,1,1.8307835762794629,1.7616246212198707,1,1,1
1785140851.5534425,6,1,0.99740799283270143,1.1905831847515751,0.07195342822577401,4,0,1,1,-0.6396642930750901,0.26571993007478828,-1.5159436988132347,0.48646508122653959,-1.8408144406614833,0.16672643537439474,0,-0.00035610946322728857,0,0,0,0,-0.11946894280631364,-32.137145614898365,19.521895887157477,4.4236808414248472,-2.2697268553150072,-0.70810419998685459,1.2289981296655879e-15,-32.723827003247202,19.48463097922636,4.7231837269427785,-2.3204338813716019,-0.81259299215055913,1.6653345369377348e-15,-32.719589287108093,19.484666081273645,4.7231836881065714,-2.3204091194615852,-0.81259125211347072,1,1.8307835762794629,1.7616246212198707,1,1,1
1785140851.5734427,6,1,0.99740799283270143,1.1905831847515751,0.07195342822577401,4,0,1,1,-0.6396642930750901,0.26571993007478828,-1.5159436988132347,0.48646508122653959,-1.8408144406614833,0.16672690999716328,0,-0.00035610946322728857,0.00035610946322728857,0.00035610946322728857,0,0.00035610946322728857,0,-32.137145614898365,19.598829467008347,4.6929483709028812,-2.3013386499572772,-0.8092619428421195,2.0722241859942189e-16,-32.72382715784299,19.484631133791101,4.723183223393935,-2.3204336946147035,-0.81259283550680539,1.6653345369377348e-15,-32.719589287108093,19.481817205567825,4.7217592502536618,-2.3204091194615852,-0.81348152577153898,1,1.8307835762794629,1.7616246212198707,1,1,1
# event,1785140851.7842026,READY,已恢复当前位置保持；零力拖拽关闭
1785140851.6534426,6,1,0.99740799283270143,1.1905831847515751,0.07195342822577401,4,0,1,1,-0.6396642930750901,0.26571993007478828,-1.5159441734360033,0.48646508122653959,-1.8408144406614833,0.16672690999716328,0,0,-0.00035610946322728857,-0.00035610946322728857,0,0,-0.59734471403156819,-33.252189081090627,19.791163416635513,4.8852823205300488,-2.3013386499572772,-0.94835383926810879,4.0685878743771168e-16,-32.72382201391332,19.484626061629939,4.7231827435625799,-2.3204372302359966,-0.81259298976950012,1.6653345369377348e-15,-32.72386260066682,19.487514956979464,4.724608125959481,-2.3204091194615852,-0.81259125211347072,1,1.8307835762794629,1.7616246212198707,1,1,1
1785140851.6734426,6,1,0.99740799283270143,1.1905831847515751,0.07195342822577401,4,0,1,1,-0.6396642930750901,0.26572040469755681,-1.5159441734360033,0.48646508122653959,-1.8408144406614833,0.16672690999716328,0,0,0,0,0,0,-0.59734471403156819,-32.615021386123622,19.329561937530311,4.6929483709028812,-2.3708845981702718,-0.77765014819984923,-6.6739968102848482e-16,-32.723837669332831,19.484620989464347,4.7231822637511396,-2.3204407658555035,-0.81259314403566163,1.6653345369377348e-15,-32.72386260066682,19.484666081273645,4.7231836881065714,-2.3204091194615852,-0.81259125211347072,1,1.8307835762794629,1.7616246212198707,1,1,1
1785140851.6934426,6,1,0.99740799283270143,1.1905831847515751,0.07195342822577401,4,0,1,1,-0.63966381845232156,0.26572040469755681,-1.5159441734360033,0.48646508122653959,-1.8408144406614833,0.16672690999716328,0.00035610946322728857,0,0,-0.00035610946322728857,0,0.00035610946322728857,0.63716769496700609,-32.615021386123622,19.598829467008347,4.8852823205300488,-2.3013386499572772,-0.73971599462912485,-6.6739968102848482e-16,-32.723837669332831,19.484620989464343,4.7231822637511378,-2.3204407658555031,-0.8125931440356613,-0.0042733135587257973,-32.72386260066682,19.484666081273645,4.724608125959481,-2.3204091194615852,-0.81348152577153898,1,1.8307835762794629,1.7616246212198707,1,1,1
1785140851.7134426,6,1,0.99740799283270143,1.1905831847515751,0.07195342822577401,4,0,1,1,-0.63966381845232156,0.26572040469755681,-1.5159441734360033,0.48646508122653959,-1.8408144406614833,0.16672643537439474,0,0.00035610946322728857,0,0,0,0,0.15929192374175152,-32.615021386123622,19.521895887157477,4.6929483709028812,-2.2697268553150072,-0.87880789105511414,1.3585508217322768e-16,-32.723837514737404,19.484620834899971,4.7231827672998783,-2.3204409526123015,-0.81259330067995994,1.6653345369377348e-15,-32.728135914225547,19.484666081273645,4.7231836881065714,-2.3204091194615852,-0.81259125211347072,1,1.8307835762794629,1.7616246212198707,1,1,1
1785140851.7294426,0,0,0.99740799283270143,1.1905831847515751,0.07195342822577401,4,0,1,0,-0.63966381845232156,0.26572277781139947,-1.51594844504092,0.48646508122653959,-1.8408139660387148,0.16672690999716328,0,0.00071221892645457715,-0.0014244378529091543,0,0,0,-0.11946894280631364,-30.862810224964356,18.137091449841876,4.3275138666112634,-2.2001809071020122,-0.63855825177385994,3.8647044372520021e-15,-32.723873401811282,19.4845537120367,4.7231757203002829,-2.3204871564667924,-0.81259511695384412,0,0,0,0,0,0,1,1.8307835762794629,1.7616246212198707,1,1,1
# event,1785140851.8851366,READY,位置控制在线；按下 FREE 即进入零力拖拽，松开退出
# event,1785140852.8848906,READY,位置控制在线；按下 FREE 即进入零力拖拽，松开退出
# event,1785140900.5848007,ENTERING,实体 FREE (DI bit 5) 请求切换到零力拖拽
