# source,实体 FREE (DI bit 5)
stamp,status,handoff_progress,model_alignment,model_scale_estimate,model_normalized_residual,model_excited_joints,model_direction_mismatches,model_validation_passed,settling,position_elfin_joint1,position_elfin_joint2,position_elfin_joint3,position_elfin_joint4,position_elfin_joint5,position_elfin_joint6,velocity_elfin_joint1,velocity_elfin_joint2,velocity_elfin_joint3,velocity_elfin_joint4,velocity_elfin_joint5,velocity_elfin_joint6,measured_effort_elfin_joint1,measured_effort_elfin_joint2,measured_effort_elfin_joint3,measured_effort_elfin_joint4,measured_effort_elfin_joint5,measured_effort_elfin_joint6,gravity_effort_elfin_joint1,gravity_effort_elfin_joint2,gravity_effort_elfin_joint3,gravity_effort_elfin_joint4,gravity_effort_elfin_joint5,gravity_effort_elfin_joint6,commanded_effort_elfin_joint1,commanded_effort_elfin_joint2,commanded_effort_elfin_joint3,commanded_effort_elfin_joint4,commanded_effort_elfin_joint5,commanded_effort_elfin_joint6,effective_scale_elfin_joint1,effective_scale_elfin_joint2,effective_scale_elfin_joint3,effective_scale_elfin_joint4,effective_scale_elfin_joint5,effective_scale_elfin_joint6
# event,1785225137.7877157,ACTIVE,零力拖拽 ACTIVE；末端灯环应由固件进入蓝色零力示教状态
1785225137.7317917,7,0,0.87812536025024523,0.54688889867839685,0.47843061324018232,3,0,1,0,3.1184918141999511,-0.19999749144827578,0.20686480828612147,-2.9116815875322106,-2.4246161085034816,0.2517736146443329,0.00035610946322728857,-0.003204985169045597,0,0,0,0,-0.27876086654806514,7.8849502252166994,-13.328742709162693,0,4.4446183267032033,0.037934153570724355,-7.5973144620692966e-17,21.909832791855262,-13.108122173980089,1.0545724213287628,4.1700240903704353,-0.050292376930229941,-0.27876086654806514,7.8849502252166994,-13.328742709162693,0,4.4446183267032033,0.037934153570724355,1,1.8307835762794629,1.7616246212198707,1,1,1
1785225137.7517917,2,0.0046719999999999999,0.87812536025024523,0.54688889867839685,0.47843061324018232,3,0,1,0,3.1184861187267288,-0.20004590297066571,0.20686433366335294,-2.9116815875322106,-2.4246170577490189,0.2517736146443329,-0.00035610946322728857,-0.00071221892645457715,0,0,-0.00035610946322728857,0,-0.11946894280631364,7.5663663777331971,-13.598010238640727,0.28850092444075093,4.5457760695584684,0.13909189642598929,1.8602308535784592e-16,21.912688993702002,-13.108758394948801,1.0546892663924996,4.1696533225028878,-0.050321283042292414,-0.56928370332570966,7.9513424834548081,-13.327714942446686,0.0049275082525857584,4.4433977899069603,0.037521824170868343,1,1.8307835762794629,1.7616246212198707,1,1,1
1785225137.7717917,2,0.018176000000000001,0.87812536025024523,0.54688889867839685,0.47843061324018232,3,0,1,0,3.1184846948584233,-0.20006061627649013,0.20687002913657529,-2.9116815875322106,-2.4246165831262503,0.2517736146443329,-0.00035610946322728857,-0.0010683283896818657,0.00035610946322728857,0,0,0,-0.59734471403156819,7.5663663777331971,-13.059475179684659,-0.076933579850866907,4.4446183267032033,0,4.6949434704930786e-16,21.913645138762455,-13.109036298958308,1.0547394438675837,4.169502185026289,-0.050333348878687768,-0.56551219724231716,8.1412177780329245,-13.3250342130214,0.019170944131737203,4.4396178157120838,0.036329803446203839,1,1.8307835762794629,1.7616246212198707,1,1,1
1785225137.7917919,2,0.039744000000000008,0.87812536025024523,0.54688889867839685,0.47843061324018232,3,0,1,0,3.1184827963673492,-0.20007058335462924,0.20687192762764942,-2.9116820621549788,-2.4246165831262503,0.2517736146443329,0,0.00035610946322728857,-0.00035610946322728857,0,0,0,-0.75663663777331969,8.2035340727002026,-12.963308204871074,-0.26926752947803417,4.4446183267032033,0.17070369106825958,2.8853413562659658e-16,21.91426424984709,-13.109197122261307,1.0547672801073251,4.1694119706580368,-0.050340162983456588,-0.56009577650472431,8.4421039504557367,-13.319732201786303,0.041920670780585541,4.4336805252885441,0.034425779133594986,1,1.8307835762794629,1.7616246212198707,1,1,1
1785225137.8117919,2,0.068608000000000002,0.87812536025024523,0.54688889867839685,0.47843061324018232,3,0,1,0,3.1184818471218119,-0.20005966703095307,0.20686860526826972,-2.9116820621549788,-2.4246165831262503,0.2517736146443329,0.00035610946322728857,0.0010683283896818657,-0.00035610946322728857,0,0,0,0.31858384748350305,8.2035340727002026,-13.598010238640727,-0.076933579850866907,4.3750723784902084,0,2.3658674217332955e-16,21.913570369237217,-13.109005893831938,1.0547324358031553,4.1695199474618718,-0.050331654297326459,-0.55265026271248097,8.846143801990042,-13.313382118165899,0.072363082955582886,4.4257443771002141,0.031878413024513122,1,1.8307835762794629,1.7616246212198707,1,1,1
1785225137.8317919,2,0.10400000000000002,0.87812536025024523,0.54688889867839685,0.47843061324018232,3,0,1,0,3.1184813724990437,-0.20003830900636926,0.2068667067771956,-2.9116820621549788,-2.4246170577490189,0.2517736146443329,0,0.0010683283896818657,0,0,0,0.00035610946322728857,-0.11946894280631364,9.3185775388924625,-13.424909683976276,0.4616014791052015,4.3750723784902084,0,1.1259708476024439e-16,21.912273515900779,-13.108689742469746,1.0546752891840445,4.1696926797342808,-0.050317886682731232,-0.54217659892228443,9.3425098533802267,-13.305857200626626,0.10968623007514065,4.4160260594184351,0.02869184168098406,1,1.8307835762794629,1.7616246212198707,1,1,1
1785225137.8517919,2,0.14515200000000003,0.87812536025024523,0.54688889867839685,0.47843061324018232,3,0,1,0,3.118480897876275,-0.20001030626302604,0.2068667067771956,-2.9116815875322106,-2.4246165831262503,0.2517736146443329,-0.00035610946322728857,0.0014244378529091543,0,0,0,0.00035610946322728857,-0.43805279028981664,10.274329081342973,-12.770974255243907,0,4.3750723784902084,0.24024963928125423,5.5304169823941303e-16,21.910615454944818,-13.108315983314188,1.0546081946307888,4.1699088904845159,-0.050301299277278444,-0.53009727254076866,9.9190942592187046,-13.29674732905233,0.15307848866704829,4.4047437026171883,0.02506250141555014,1,1.8307835762794629,1.7616246212198707,1,1,1
1785225137.8717918,2,0.19129600000000002,0.87812536025024523,0.54688889867839685,0.47843061324018232,3,0,1,0,3.1184771008941268,-0.19995762313571933,0.2068667067771956,-2.9116815875322106,-2.4246170577490189,0.25177314002156437,-0.00035610946322728857,0.0039172040955001743,0,0.00035610946322728857,-0.00035610946322728857,0,0.15929192374175152,10.274329081342973,-13.521076658789859,0.28850092444075093,4.3371382249194843,0,4.8591026018279324e-17,21.907487511462595,-13.107604290705787,1.0544793081028703,4.1703046281069067,-0.050269702132403254,-0.51721514620403364,10.562704873011795,-13.286439814265561,0.20159303541071713,4.3922073131199069,0.021061108790138852,1,1.8307835762794629,1.7616246212198707,1,1,1
1785225137.8917918,2,0.24166399999999999,0.87812536025024523,0.54688889867839685,0.47843061324018232,3,0,1,0,3.1184742531575154,-0.19988453122936586,0.2068667067771956,-2.9116815875322106,-2.4246170577490189,0.25177314002156437,-0.00035610946322728857,0.0049855324851820395,0,0,-0.00035610946322728857,0,-0.91592856151507118,10.592912928826475,-12.69404067539304,0.28850092444075093,4.2739146356349433,-0.23392728035280017,4.4187107174596713e-16,21.903153439662649,-13.106622512221744,1.0543004283016473,4.1708588639906488,-0.050226023388688507,-0.50316028019468351,11.266662647850348,-13.275064253889155,0.25478645870508926,4.3785246196096175,0.016629012566004808,1,1.8307835762794629,1.7616246212198707,1,1,1
1785225137.9117918,2,0.29548800000000003,0.87812536025024523,0.54688889867839685,0.47843061324018232,3,0,1,0,3.1184752024030526,-0.19976777402830775,0.20686718139996413,-2.911681112909442,-2.4246170577490189,0.25177314002156437,0.00035610946322728857,0.0060538608748639056,0,0.00035610946322728857,0,0,-0.43805279028981664,11.82742533782505,-13.598010238640727,0.4616014791052015,4.4066841731324784,0.107480101783719,6.0796458521046576e-17,21.896235101844976,-13.10505898309999,1.0540170350511551,4.1717407904558526,-0.05015681020606326,-0.48937177371625978,12.017852137792001,-13.262646852315877,0.31132474734106619,4.3639862892725461,0.011904330866248935,1,1.8307835762794629,1.7616246212198707,1,1,1
1785225137.9317918,2,0.35200000000000009,0.87812536025024523,0.54688889867839685,0.47843061324018232,3,0,1,0,3.118474727780284,-0.19960545304147084,0.20686718139996413,-2.911681112909442,-2.4246175323717871,0.25177314002156437,0,0.010683283896818658,0.00035610946322728857,0,0,-0.00035610946322728857,-0.11946894280631364,12.623884956533807,-13.328742709162693,0.75010240354595237,4.3371382249194843,-0.063223589284540582,4.2605537119466773e-16,21.886605411705247,-13.102874374316325,1.0536195086181774,4.1729678402818502,-0.050059937298503714,-0.47301068042456579,12.800712910184487,-13.249521942867354,0.37087406703359854,4.3489973554828874,0.007024333288136975,1,1.8307835762794629,1.7616246212198707,1,1,1
1785225137.9517918,2,0.41043200000000002,0.87812536025024523,0.54688889867839685,0.47843061324018232,3,0,1,0,3.1184714054209044,-0.19934678363262254,0.20686718139996413,-2.911681112909442,-2.4246180069945558,0.25177314002156437,0,0.014244378529091543,0,-0.00035610946322728857,-0.00035610946322728857,0,-0.59734471403156819,12.783176880275558,-13.424909683976276,0.19233394962716727,4.3055264302772143,0.107480101783719,2.8204377473539949e-16,21.871260907431346,-13.099394610154206,1.0529861049693905,4.1749251534201433,-0.049905483927322108,-0.45670551367353129,13.608286436904512,-13.234610910190442,0.43230383134692646,4.3339917179096714,0.001881955473126147,1,1.8307835762794629,1.7616246212198707,1,1,1
1785225137.9717917,2,0.4700160000000001,0.87812536025024523,0.54688889867839685,0.47843061324018232,3,0,1,0,3.118471880043673,-0.19904824591121784,0.20686718139996413,-2.9116806382866733,-2.4246180069945558,0.25177266539879589,0,0.016381035308455274,0,0,0,-0.00035610946322728857,-0.59734471403156819,14.216804193951322,-12.867141230057491,0.19233394962716727,4.3371382249194843,0,1.7851305049139692e-16,21.853552156379966,-13.095380082574675,1.0522567313004585,4.1771880863337865,-0.049727101413161924,-0.44009819931497457,14.430759388124189,-13.2190585408643,0.49457749981891641,4.3189218348457317,-0.0032039391484010326,1,1.8307835762794629,1.7616246212198707,1,1,1
1785225137.9917917,2,0.52998400000000001,0.87812536025024523,0.54688889867839685,0.47843061324018232,3,0,1,0,3.1184714054209044,-0.19869655043973786,0.20687050375934382,-2.9116801636639047,-2.4246180069945558,0.25177266539879589,0,0.018161582624591718,0,0,0,-0.00035610946322728857,-0.43805279028981664,15.01326381266008,-13.232575734349108,0.19233394962716727,4.3750723784902084,0.20863784463898394,3.3970629707874855e-16,21.832734907556443,-13.090694525571735,1.051404959376639,4.1798284159424748,-0.049519174966064575,-0.42337909455597689,15.255259043152337,-13.202580980630422,0.55722780599026867,4.3042839106385893,-0.0083506115971362805,1,1.8307835762794629,1.7616246212198707,1,1,1
1785225138.0117917,2,0.58956800000000009,0.87812536025024523,0.54688889867839685,0.47843061324018232,3,0,1,0,3.1184690323070616,-0.19825467664223739,0.20687050375934382,-2.9116801636639047,-2.4246180069945558,0.25177314002156437,-0.00035610946322728857,0.02742042866850122,0,-0.00035610946322728857,0,0,-0.11946894280631364,15.610608526691648,-12.867141230057491,0.65393542873236876,4.2043686874219492,-0.16438133213980552,2.0894421119316248e-16,21.806519528300406,-13.084751294281569,1.0503226003173214,4.1831764943295084,-0.049255329904316789,-0.40615215542687683,16.059757481694955,-13.184893178674058,0.6193612331360121,4.2904805884743089,-0.013469975822688711,1,1.8307835762794629,1.7616246212198707,1,1,1
1785225138.0317917,2,0.64800000000000013,0.87812536025024523,0.54688889867839685,0.47843061324018232,3,0,1,0,3.118468557684293,-0.19755745579526832,0.20687097838211235,-2.9116801636639047,-2.4246184816173244,0.25177314002156437,0,0.037747603102092589,0.00035610946322728857,-0.00035610946322728857,0,0,-0.27876086654806514,15.929192374175152,-13.328742709162693,0.65393542873236876,4.3055264302772143,-0.031611794642270291,2.2650590950520682e-16,21.765148553547188,-13.075370651289553,1.0486157232006423,4.1884502536895694,-0.048839022615513934,-0.39046661344638345,16.834021618252347,-13.16484250323148,0.67962762694614587,4.2786214153903686,-0.018294864597958066,1,1.8307835762794629,1.7616246212198707,1,1,1
1785225138.0517919,2,0.70451200000000003,0.87812536025024523,0.54688889867839685,0.47843061324018232,3,0,1,0,3.1184704561753671,-0.19678429530533462,0.20687524998702911,-2.9116787397955992,-2.424618956240093,0.25177314002156437,0,0.039884259881456316,0.00071221892645457715,0,0,0,0,17.04423584036741,-13.059475179684659,0.75010240354595237,4.2359804820642193,-0.13276953749753523,4.2526252760519975e-16,21.719307578994314,-13.065007449540436,1.0467351208731683,4.1942687834305872,-0.048380392010291449,-0.37472277181138963,17.583559881383525,-13.143507829076862,0.73743745347659762,4.2682440692731261,-0.022875479565648262,1,1.8307835762794629,1.7616246212198707,1,1,1
1785225138.0717919,2,0.75833600000000012,0.87812536025024523,0.54688889867839685,0.47843061324018232,3,0,1,0,3.118471880043673,-0.19594848460995509,0.20687572460979764,-2.9116758920589882,-2.424618956240093,0.25177266539879589,-0.00035610946322728857,0.043089245050501913,0,0,0,0,0,17.99998738281792,-13.059475179684659,0.65393542873236876,4.2739146356349433,-0.16438133213980552,3.8873684477716894e-16,21.669678594960331,-13.053739855226116,1.0446950672953248,4.2005917768146537,-0.047882453138751987,-0.35912048018434983,18.286698904154004,-13.120198144919845,0.79222987855246751,4.2595642089669203,-0.027143668694913109,1,1.8307835762794629,1.7616246212198707,1,1,1
1785225138.0917919,2,0.80870400000000009,0.87812536025024523,0.54688889867839685,0.47843061324018232,3,0,1,0,3.1184699815525989,-0.19498262727599863,0.20687335149595501,-2.9116758920589882,-2.4246199054856299,0.25177314002156437,-0.00035610946322728857,0.056265295189911593,-0.00035610946322728857,0,0,0.00035610946322728857,0,19.075207868074742,-13.136408759535525,1.0193699330239865,4.1348227392089543,0.069545948212994646,4.6776000722574662e-16,21.612270602748172,-13.040671697580322,1.042320207881682,4.2079084636952482,-0.047304140142038972,-0.34507036040268618,18.918770769580021,-13.095493642241403,0.84292852139474783,4.2531901136492181,-0.031062495211343123,1,1.8307835762794629,1.7616246212198707,1,1,1
1785225138.1117918,2,0.85484799999999994,0.87812536025024523,0.54688889867839685,0.47843061324018232,3,0,1,0,3.1184704561753671,-0.19376237213811065,0.20687335149595501,-2.9116754174362196,-2.4246203801083985,0.25177266539879589,0,0.061250827675093635,0,0.00035610946322728857,0,-0.00035610946322728857,0,18.637155077784925,-13.059475179684659,1.0193699330239865,4.3055264302772143,-0.063223589284540582,3.321340401845648e-16,21.539758381664964,-13.024188491597963,1.0393279487157983,4.2171294677177737,-0.046574747250941899,-0.33281497817801975,19.484234674930075,-13.068395145385919,0.8883427799916731,4.2501499305772272,-0.034244011575494483,1,1.8307835762794629,1.7616246212198707,1,1,1
1785225138.1317918,2,0.89600000000000013,0.87812536025024523,0.54688889867839685,0.47843061324018232,3,0,1,0,3.118471880043673,-0.19252692907162974,0.20687382611872354,-2.9116744681906823,-2.4246203801083985,0.25177266539879589,0,0.065880250697048379,0,0,0,0,0,19.71237556304175,-12.963308204871074,0.92320295821040299,4.2359804820642193,-0.16438133213980552,1.4932371244213385e-16,21.466319650750524,-13.007489762832503,1.0362991502319931,4.2264592800119267,-0.045836875352499869,-0.3213505303393635,19.974800929658549,-13.040900069250842,0.92852403860786603,4.2491478208678197,-0.037124688344484555,1,1.8307835762794629,1.7616246212198707,1,1,1
1785225138.1517918,2,0.931392,0.87812536025024523,0.54688889867839685,0.47843061324018232,3,0,1,0,3.1184714054209044,-0.19106271783071785,0.20687477536426058,-2.9116730443223768,-2.4246203801083985,0.25177266539879589,0,0.076563534593867041,0,0.00035610946322728857,0,0,0,20.349543258008755,-13.328742709162693,0.84626937835953597,4.3371382249194843,-0.031611794642270291,1.0328165094100705e-16,21.379243432593487,-12.987677921331072,1.0327091324350537,4.2375055769945389,-0.044962678185391534,-0.31148225263665125,20.36155072270914,-13.011077694294624,0.96173238596482002,4.2517151685265508,-0.03927529235226794,1,1.8307835762794629,1.7616246212198707,1,1,1
1785225138.1717918,2,0.960256,0.87812536025024523,0.54688889867839685,0.47843061324018232,3,0,1,0,3.1184695069298303,-0.18945469589094169,0.2068780977236403,-2.9116730443223768,-2.4246203801083985,0.25177266539879589,0,0.086534599564231124,0,0.00035610946322728857,0,0,0,20.508835181750506,-12.597873700579457,0.75010240354595237,4.2359804820642193,0,3.9670809357539416e-16,21.283598204688797,-12.965924437447212,1.0287656837587269,4.2496084119744051,-0.044002977610331354,-0.30342660652923703,20.647240819915584,-12.980344286838273,0.98775378211129061,4.2573588860253864,-0.040746468268671482,1,1.8307835762794629,1.7616246212198707,1,1,1
1785225138.1917918,2,0.98182400000000003,0.87812536025024523,0.54688889867839685,0.47843061324018232,3,0,1,0,3.1184699815525989,-0.18758563142847459,0.20687904696917736,-2.9116730443223768,-2.4246203801083985,0.25177314002156437,0.00035610946322728857,0.093300679365549602,0,0.00035610946322728857,0,-0.00035610946322728857,-0.11946894280631364,20.190251334267003,-12.867141230057491,1.0193699330239865,4.2043686874219492,0,2.0848285035200457e-16,21.172314657782174,-12.94055892488219,1.0241713029958226,4.2636843014365233,-0.042885849921754669,-0.29802205136085808,20.818842706617204,-12.947614553345272,1.0054313270804409,4.2669729582797702,-0.041352765834894466,1,1.8307835762794629,1.7616246212198707,1,1,1
1785225138.2117918,2,0.9953280000000001,0.87812536025024523,0.54688889867839685,0.47843061324018232,3,0,1,0,3.1184714054209044,-0.18566435846146931,0.20687714847810323,-2.91167209507684,-2.4246203801083985,0.25177266539879589,0,0.10220341594623182,0,0,0.00035610946322728857,-0.00035610946322728857,-0.43805279028981664,20.349543258008755,-12.867141230057491,1.1155369078375703,4.2739146356349433,-0.16438133213980552,4.5390047769922076e-16,21.057799490622003,-12.91439585999669,1.0194406511488223,4.2781596736882017,-0.041735663948133564,-0.2936593978730338,20.869205007826089,-12.916331688475994,1.0146778244266552,4.278873268811707,-0.041299346857304554,1,1.8307835762794629,1.7616246212198707,1,1,1
1785225138.2317917,2,1,0.87812536025024523,0.54688889867839685,0.47843061324018232,3,0,1,0,3.1184709307981358,-0.18345024324628165,0.2068799962147144,-2.9116716204540714,-2.4246208547311672,0.25177314002156437,0,0.11146226199014132,0.00035610946322728857,0,0,-0.00035610946322728857,0.47787577122525454,20.349543258008755,-13.328742709162693,0.92320295821040299,4.3055264302772143,0.069545948212994646,3.8863194186850645e-16,20.925801780812527,-12.884254118670521,1.0139943505749682,4.2947803189095977,-0.040413310477970123,-0.29235465399067811,20.79204706642436,-12.884539006241102,1.0139943505749682,4.2947803189095977,-0.040349210774589202,1,1.8307835762794629,1.7616246212198707,1,1,1
1785225138.2517917,2,1,0.87812536025024523,0.54688889867839685,0.47843061324018232,3,0,1,0,3.1184709307981358,-0.18125084133691838,0.2068780977236403,-2.9116706712085345,-2.4246203801083985,0.25177314002156437,0,0.11609168501209607,0,0,0,0,-0.27876086654806514,20.986710952975763,-12.232439196287839,1.0193699330239865,4.3055264302772143,-0.10115774285526494,1.7576130291097243e-16,20.794515887757569,-12.854192367358266,1.0085695295293777,4.3113124598074153,-0.039096473014554343,-0.29235465399067834,20.655205865743053,-12.854192367358266,1.0085695295293777,4.3113124598074153,-0.03909647301455435,1,1.8307835762794629,1.7616246212198707,1,1,1
1785225138.2717917,2,1,0.87812536025024523,0.54688889867839685,0.47843061324018232,3,0,1,0,3.1184723546664412,-0.17885399635584706,0.20687335149595501,-2.9116687727174604,-2.4246222785994727,0.25177266539879589,0.00035610946322728857,0.13033606354118762,0,0,0,0,-1.0752204852568228,20.030959410525252,-13.059475179684659,1.2117038826511539,4.4066841731324784,-0.13276953749753523,3.4828550442402189e-16,20.651266567796455,-12.821303268369093,1.002646720375072,4.3293069824183545,-0.037660474201843486,-0.29296715941969198,20.494863291547031,-12.821303268369093,1.002646720375072,4.3293069824183545,-0.037660474201843486,1,1.8307835762794629,1.7616246212198707,1,1,1
1785225138.2917919,2,1,0.87812536025024523,0.54688889867839685,0.47843061324018232,3,0,1,0,3.118471880043673,-0.17645999911138693,0.20687857234640883,-2.9116682980946917,-2.424621803976704,0.25177266539879589,0,0.14422433260705186,0.0010683283896818657,0.00035610946322728857,0,0,-0.11946894280631364,19.234499791816496,-12.232439196287839,0.84626937835953597,4.3371382249194843,-0.10115774285526494,5.4069889535382876e-16,20.508232665798996,-12.788540850204054,0.99674719157800062,4.3471980518299596,-0.03623074427009082,-0.29235940021836437,20.335163466670533,-12.789395512915799,0.99662255326587113,4.3471980518299596,-0.03623074427009082,1,1.8307835762794629,1.7616246212198707,1,1,1
1785225138.3117919,2,1,0.87812536025024523,0.54688889867839685,0.47843061324018232,3,0,1,0,3.1184690323070616,-0.17314475907321206,0.20688236932855705,-2.9116692473402286,-2.4246208547311672,0.25177314002156437,0,0.14885375562900663,-0.00035610946322728857,0,0.00035610946322728857,0,-0.59734471403156819,19.553083639299999,-12.770974255243907,0.75010240354595237,4.3371382249194843,0,1.8205690199231203e-16,20.309918032819127,-12.743012694709712,0.98855560379327434,4.3719600721967691,-0.034247740948950882,-0.29234516153530771,20.131293526064319,-12.742727807139131,0.98855560379327434,4.3718959724933883,-0.034247740948950889,1,1.8307835762794629,1.7616246212198707,1,1,1
1785225138.3317919,2,1,0.87812536025024523,0.54688889867839685,0.47843061324018232,3,0,1,0,3.1184676084387561,-0.169892169240483,0.20687477536426058,-2.9116692473402286,-2.4246227532222413,0.25177314002156437,0,0.16701533825359835,-0.00071221892645457715,0,0,0,0,19.234499791816496,-12.40553975095229,1.0193699330239865,4.4066841731324784,0.069545948212994646,1.7398549883914433e-17,20.114940661366333,-12.69802930805467,0.98048141548206491,4.3962709315869386,-0.032296093779627687,-0.29233804219378046,19.914522255462014,-12.697459532913506,0.98048141548206491,4.3962709315869386,-0.032296093779627694,1,1.8307835762794629,1.7616246212198707,1,1,1
1785225138.3517919,2,1,0.87812536025024523,0.54688889867839685,0.47843061324018232,3,0,1,0,3.1184695069298303,-0.16651285512855671,0.20687382611872354,-2.9116692473402286,-2.4246222785994727,0.25177314002156437,0.00035610946322728857,0.18054749785623531,0,-0.00035610946322728857,0,0,-0.43805279028981664,19.393791715558248,-12.963308204871074,1.0193699330239865,4.5078419159877434,0.069545948212994646,8.253542630972221e-17,19.912255484745479,-12.651268057908981,0.97209995798729487,4.4214462637812293,-0.030271538103924446,-0.29295292073663742,19.695598487317998,-12.651268057908981,0.97222459629942437,4.4214462637812293,-0.030271538103924439,1,1.8307835762794629,1.7616246212198707,1,1,1
1785225138.3717918,2,1,0.87812536025024523,0.54688889867839685,0.47843061324018232,3,0,1,0,3.1184709307981358,-0.16270638052495434,0.20688094546025146,-2.9116687727174604,-2.4246222785994727,0.25177314002156437,0.00035610946322728857,0.18517692087819004,0.00035610946322728857,0,0,0.00035610946322728857,-1.0752204852568228,19.393791715558248,-12.867141230057491,1.1155369078375703,4.4446183267032033,0,9.038755837312764e-17,19.683784606618069,-12.598533697705388,0.96266694835761468,4.4496787674180265,-0.027995959164222151,-0.29296004007816479,19.461572301564242,-12.59881858527597,0.96266694835761468,4.4496787674180265,-0.028060058867603061,1,1.8307835762794629,1.7616246212198707,1,1,1
1785225138.3917918,2,1,0.87812536025024523,0.54688889867839685,0.47843061324018232,3,0,1,0,3.1184695069298303,-0.15908643266938388,0.20688047083748293,-2.9116687727174604,-2.424621803976704,0.25177314002156437,0,0.19123078175305397,0,0,0,0.00035610946322728857,0,19.075207868074742,-12.597873700579457,1.0193699330239865,4.4066841731324784,-0.063223589284540582,2.4985718501951715e-16,19.466138986444363,-12.54812142449466,0.953664417189106,4.4765252292858024,-0.025826802513590926,-0.29234753464915081,19.236662048340698,-12.54812142449466,0.953664417189106,4.4765252292858024,-0.02589090221697184,1,1.8307835762794629,1.7616246212198707,1,1,1
1785225138.4117918,2,1,0.87812536025024523,0.54688889867839685,0.47843061324018232,3,0,1,0,3.1184690323070616,-0.15512475642047252,0.20687382611872354,-2.9116687727174604,-2.4246232278450095,0.25177266539879589,0,0.19764075209114515,-0.00035610946322728857,0,-0.00035610946322728857,-0.00035610946322728857,-0.11946894280631364,18.477863154043174,-12.40553975095229,0.92320295821040299,4.5457760695584684,-0.063223589284540582,6.5211337356497989e-17,19.227543162319201,-12.492663391903491,0.94378183453334108,4.5058693943381067,-0.023449067461268912,-0.29234516153530782,18.990374259809826,-12.49237850433291,0.94378183453334108,4.5059334940414875,-0.023384967757888005,1,1.8307835762794629,1.7616246212198707,1,1,1
1785225138.4317918,2,1,0.87812536025024523,0.54688889867839685,0.47843061324018232,3,0,1,0,3.1184704561753671,-0.15118396357337646,0.20687477536426058,-2.9116687727174604,-2.4246227532222413,0.25177314002156437,0,0.20618737920860009,0.00035610946322728857,-0.00035610946322728857,0,0,-0.27876086654806514,18.79644700152668,-12.40553975095229,1.1155369078375703,4.5078419159877434,0.107480101783719,1.1639315390744096e-16,18.990024223887346,-12.437427105620944,0.93395581117833859,4.5349471429814745,-0.021088066468228809,-0.29235228087683518,18.742599368837027,-12.437711993191526,0.93408044949046809,4.5349471429814745,-0.021088066468228805,1,1.8307835762794629,1.7616246212198707,1,1,1
1785225138.4517918,2,1,0.87812536025024523,0.54688889867839685,0.47843061324018232,3,0,1,0,3.1184709307981358,-0.14697216112545036,0.2068766738553347,-2.9116687727174604,-2.4246227532222413,0.25177314002156437,0,0.20618737920860009,0,-0.00035610946322728857,0,0,-0.43805279028981664,17.99998738281792,-12.040105246660671,1.0193699330239865,4.5457760695584684,-0.10115774285526494,3.1057804581491438e-16,18.735846153612069,-12.378190336825487,0.92344027695407749,4.5659363266065585,-0.018564711601180017,-0.29235465399067817,18.48842129856175,-12.378190336825487,0.92356491526620699,4.5659363266065585,-0.01856471160118002,1,1.8307835762794629,1.7616246212198707,1,1,1
1785225138.4717917,2,1,0.87812536025024523,0.54688889867839685,0.47843061324018232,3,0,1,0,3.1184695069298303,-0.14292932438312056,0.20687430074149207,-2.9116687727174604,-2.4246232278450095,0.25177266539879589,0,0.20832403598796381,-0.00035610946322728857,0,0,-0.00035610946322728857,-0.91592856151507118,18.637155077784925,-12.232439196287839,0.92320295821040299,4.5457760695584684,0.069545948212994646,3.2939687864392735e-16,18.491479036308345,-12.32106355178999,0.91332073392419089,4.5956333214439979,-0.016139607048368153,-0.29234753464915075,18.24149019312279,-12.320778664219409,0.91332073392419089,4.5956333214439979,-0.016075507344987246,1,1.8307835762794629,1.7616246212198707,1,1,1
1785225138.4917917,2,1,0.87812536025024523,0.54688889867839685,0.47843061324018232,3,0,1,0,3.1184695069298303,-0.13847831205985586,0.20687002913657529,-2.9116682980946917,-2.4246251263360836,0.25177314002156437,0,0.2239928523699645,-0.00035610946322728857,0.00035610946322728857,-0.00035610946322728857,0,0.31858384748350305,17.522111611592667,-12.232439196287839,0.92320295821040299,4.6089996588430084,-0.26553907499507046,2.9393914140049495e-16,18.222045563180288,-12.25790456115336,0.90215800704942428,4.6282440655800672,-0.013469556589380642,-0.29234753464915081,17.95325414033633,-12.257619673582779,0.90203336873729478,4.6283081652834479,-0.013469556589380642,1,1.8307835762794629,1.7616246212198707,1,1,1
1785225138.5117917,2,1,0.87812536025024523,0.54688889867839685,0.47843061324018232,3,0,1,0,3.1184699815525989,-0.13405055625224907,0.20687477536426058,-2.9116682980946917,-2.4246246517133154,0.25177314002156437,-0.00035610946322728857,0.22826616592869198,0.00035610946322728857,0,0,0,-0.43805279028981664,17.681403535334418,-12.232439196287839,0.92320295821040299,4.6785456070560034,-0.10115774285526494,8.6026911975712547e-18,17.95380576333978,-12.194985747551847,0.89105863624604065,4.6605448323809826,-0.010817432607230861,-0.29174452167550791,17.67988636422535,-12.195270635122428,0.89105863624604065,4.6605448323809826,-0.010817432607230865,1,1.8307835762794629,1.7616246212198707,1,1,1
1785225138.5317917,2,1,0.87812536025024523,0.54688889867839685,0.47843061324018232,3,0,1,0,3.1184704561753671,-0.12947709125470389,0.20687477536426058,-2.9116687727174604,-2.4246237024677781,0.25177314002156437,0,0.21651455364219144,0,0,0,0,-0.27876086654806514,17.681403535334418,-12.232439196287839,0.84626937835953597,4.7101574016982735,0,5.0883249623590428e-17,17.676292324641505,-12.129684819698024,0.87956255722500254,4.6938516264185894,-0.0080745181993205038,-0.29235228087683524,17.416474860270874,-12.129684819698024,0.87956255722500254,4.6938516264185894,-0.0080745181993205073,1,1.8307835762794629,1.7616246212198707,1,1,1
1785225138.5517919,2,1,0.87812536025024523,0.54688889867839685,0.47843061324018232,3,0,1,0,3.1184699815525989,-0.12520501171517459,0.20686385904058444,-2.9116687727174604,-2.4246241770905468,0.25177314002156437,-0.00035610946322728857,0.22292452398028265,-0.00035610946322728857,-0.00035610946322728857,0.00035610946322728857,0,-0.59734471403156819,16.566360069142156,-12.040105246660671,0.75010240354595237,4.8176375034819925,-0.3350850232080651,2.4184388028051119e-16,17.416548539985911,-12.068292987171908,0.86878031744495354,4.7249441927549229,-0.0055062406239510236,-0.29174452167550768,17.149039111209571,-12.068008099601327,0.86890495575708304,4.7248800930515422,-0.0055062406239510253,1,1.8307835762794629,1.7616246212198707,1,1,1
1785225138.5717919,2,1,0.87812536025024523,0.54688889867839685,0.47843061324018232,3,0,1,0,3.1184704561753671,-0.1205855083090821,0.2068667067771956,-2.9116682980946917,-2.4246241770905468,0.25177266539879589,0,0.22256841451705536,0.00071221892645457715,0,0,-0.00035610946322728857,-0.75663663777331969,16.884943916625659,-12.40553975095229,0.92320295821040299,4.7101574016982735,-0.10115774285526494,2.1625800968360503e-16,17.135535611236051,-12.001876786301729,0.85714167323650736,4.7583657143158922,-0.0027375652762685297,-0.29235228087683507,16.868453513815584,-12.002446561442893,0.85714167323650736,4.7583657143158922,-0.0026734655728876213,1,1.8307835762794629,1.7616246212198707,1,1,1
1785225138.5917919,2,1,0.87812536025024523,0.54688889867839685,0.47843061324018232,3,0,1,0,3.1184714054209044,-0.11633004056645133,0.20686718139996413,-2.9116682980946917,-2.4246237024677781,0.25177266539879589,0,0.21758288203187331,-0.00035610946322728857,0,0,-0.00035610946322728857,-0.11946894280631364,16.725651992883908,-11.867004691996222,0.84626937835953597,4.7480915552689984,-0.13276953749753523,1.5835961524455427e-16,16.876308575244035,-11.940445941514968,0.84639766756948132,4.7890826425208042,-0.00018566571912205217,-0.29235702710452155,16.615209116805786,-11.940161053944387,0.84639766756948132,4.7890826425208042,-0.00012156601574114315,1,1.8307835762794629,1.7616246212198707,1,1,1
1785225138.6117918,2,1,0.87812536025024523,0.54688889867839685,0.47843061324018232,3,0,1,0,3.1184723546664412,-0.1118296674752596,0.20686006205843618,-2.9116678234719231,-2.4246256009588523,0.25177219077602736,0.00035610946322728857,0.22150008612737349,0,0.00035610946322728857,-0.00035610946322728857,-0.00035610946322728857,-0.75663663777331969,16.566360069142156,-11.770837717182637,0.4616014791052015,4.7797033499112684,-0.20231548571052987,1.5025440806441131e-16,16.601685985435218,-11.875117659802974,0.83499961068589912,4.8215103727673672,0.0025171163205344248,-0.29296715941969215,16.335885882082369,-11.875117659802974,0.83487497237376962,4.8215744724707479,0.0025812160239153371,1,1.8307835762794629,1.7616246212198707,1,1,1
1785225138.6317918,2,1,0.87812536025024523,0.54688889867839685,0.47843061324018232,3,0,1,0,3.118471880043673,-0.10745934102264482,0.20686006205843618,-2.9116678234719231,-2.4246251263360836,0.25177266539879589,0,0.22612950914932825,0.00035610946322728857,0,0,0,0.15929192374175152,16.088484297916903,-11.578503767555469,0.55776845391878516,4.8176375034819925,-0.26553907499507046,1.091092098617086e-16,16.334792623755355,-11.811570440435034,0.82393174806886194,4.8528746965412353,0.0051378378629940592,-0.29235940021836482,16.063437212776162,-11.811855328005615,0.82393174806886194,4.8528746965412353,0.0051378378629940574,1,1.8307835762794629,1.7616246212198707,1,1,1
1785225138.6517918,2,1,0.87812536025024523,0.54688889867839685,0.47843061324018232,3,0,1,0,3.1184714054209044,-0.10288350291125699,0.20685958743566765,-2.9116682980946917,-2.4246246517133154,0.25177314002156437,-0.00035610946322728857,0.22363674290673721,0,-0.00035610946322728857,0,0.00035610946322728857,0.31858384748350305,16.088484297916903,-11.770837717182637,1.0193699330239865,4.8492492981242625,0.107480101783719,4.2840024211835824e-17,16.054999383546139,-11.744791591048191,0.81232443963723067,4.8856175896139735,0.0078821905957649797,-0.29175164101703527,15.786635292058055,-11.744791591048191,0.81244907794936017,4.8856175896139735,0.0078180908923840674,1,1.8307835762794629,1.7616246212198707,1,1,1
1785225138.6717918,2,1,0.87812536025024523,0.54688889867839685,0.47843061324018232,3,0,1,0,3.1184733039119785,-0.09854212844752247,0.20685911281289912,-2.9116682980946917,-2.4246246517133154,0.25177266539879589,0.00035610946322728857,0.22256841451705536,0,-0.00035610946322728857,0,0,-0.43805279028981664,15.929192374175152,-11.943938271847088,1.0193699330239865,4.9504070409795276,-0.16438133213980552,7.1394441825191521e-17,15.789217124785381,-11.681205062087482,0.80129722329420616,4.9165850151604644,0.010486062458030205,-0.29297190564737868,15.522135027364914,-11.681205062087482,0.80142186160633566,4.9165850151604644,0.010486062458030205,1,1.8307835762794629,1.7616246212198707,1,1,1
1785225138.6917918,2,1,0.87812536025024523,0.54688889867839685,0.47843061324018232,3,0,1,0,3.1184737785347472,-0.09398385137857021,0.20685816356736209,-2.9116668742263863,-2.4246246517133154,0.25177266539879589,0.00035610946322728857,0.21971953881123704,-0.00035610946322728857,0,0,0,0.31858384748350305,15.451316602949897,-11.770837717182637,0.65393542873236876,4.9504070409795276,0.13909189642598929,3.2083102969085701e-17,15.509815249329176,-11.614197721181441,0.78970414124624211,4.9490037270155369,0.013219140757705191,-0.2929742787612219,15.246151802755691,-11.613912833610859,0.78970414124624211,4.9490037270155369,0.013219140757705191,1,1.8307835762794629,1.7616246212198707,1,1,1
1785225138.7117918,2,1,0.87812536025024523,0.54688889867839685,0.47843061324018232,3,0,1,0,3.1184733039119785,-0.089792932332459371,0.2068534173396768,-2.9116668742263863,-2.4246251263360836,0.25177266539879589,-0.00035610946322728857,0.21651455364219144,0,0,-0.00035610946322728857,0,-0.43805279028981664,15.292024679208145,-11.11690228845027,0.84626937835953597,4.9820188356217985,-0.031611794642270291,2.2944503962359484e-16,15.25257896503275,-11.55232456005216,0.77901831299349145,4.9787425428399228,0.015734491851733628,-0.29176113347240573,14.992761500662121,-11.55232456005216,0.77901831299349145,4.9788066425433035,0.015734491851733628,1,1.8307835762794629,1.7616246212198707,1,1,1
1785225138.7317917,2,1,0.87812536025024523,0.54688889867839685,0.47843061324018232,3,0,1,0,3.1184733039119785,-0.085403620969103436,0.2068534173396768,-2.9116668742263863,-2.4246246517133154,0.25177266539879589,0,0.21152902115700942,0,0.00035610946322728857,0,0,-0.27876086654806514,14.694679965176578,-11.578503767555469,0.75010240354595237,5.0831765784770635,0.107480101783719,6.8329233354305282e-17,14.982953443762888,-11.487389033458339,0.76782497158153862,5.0097670626001394,0.018365894204271919,-0.29236651955989229,14.729118618374477,-11.487389033458339,0.76770033326940912,5.0097670626001394,0.018365894204271919,1,1.8307835762794629,1.7616246212198707,1,1,1
1785225138.7517917,2,1,0.87812536025024523,0.54688889867839685,0.47843061324018232,3,0,1,0,3.1184742531575154,-0.08131094883607809,0.20685294271690827,-2.9116663996036176,-2.4246246517133154,0.25177266539879589,0.00035610946322728857,0.20689959813505465,0,0,0,0,-0.75663663777331969,14.216804193951322,-11.11690228845027,0.75010240354595237,5.0831765784770635,-0.063223589284540582,9.3250828405996406e-17,14.731269546269679,-11.426634065790145,0.75737425808566239,5.0386082726779549,0.020819112385852268,-0.29297665187506283,14.482990028507613,-11.426634065790145,0.75737425808566239,5.0386082726779549,0.020819112385852268,1,1.8307835762794629,1.7616246212198707,1,1,1
1785225138.7717917,2,1,0.87812536025024523,0.54688889867839685,0.47843061324018232,3,0,1,0,3.1184742531575154,-0.077100095633689039,0.2068420263932321,-2.911665924980849,-2.4246256009588523,0.25177266539879589,0,0.20654348867182737,-0.00035610946322728857,0.00035610946322728857,0,0,-1.0752204852568228,14.216804193951322,-11.11690228845027,0.4616014791052015,5.1211107320477876,0.069545948212994646,1.0931660059732961e-16,14.471883375799472,-11.36376581137856,0.74658146916775103,5.0682605935787599,0.023348817936034723,-0.29237126578757644,14.224031189393278,-11.363480923807979,0.74645683085562153,5.0682605935787599,0.023348817936034723,1,1.8307835762794629,1.7616246212198707,1,1,1
1785225138.7917919,2,1,0.87812536025024523,0.54688889867839685,0.47843061324018232,3,0,1,0,3.118474727780284,-0.073073396065489238,0.20683728016554681,-2.9116663996036176,-2.4246251263360836,0.25177266539879589,0,0.20725570759828194,0.00035610946322728857,0,0,0,-0.11946894280631364,14.057512270209571,-11.770837717182637,0.75010240354595237,5.0515647838347926,-0.063223589284540582,7.7934436925335803e-17,14.223694546271593,-11.303559203201168,0.73626163478268536,5.0965013285116916,0.025764836624659844,-0.29237363890141971,13.974987697153654,-11.303844090771749,0.73626163478268536,5.0965013285116916,0.025764836624659844,1,1.8307835762794629,1.7616246212198707,1,1,1
1785225138.8117919,2,1,0.87812536025024523,0.54688889867839685,0.47843061324018232,3,0,1,0,3.1184752024030526,-0.068890070983674861,0.20683917865662091,-2.9116663996036176,-2.4246251263360836,0.25177266539879589,0.00035610946322728857,0.19586020477500871,0,0,0,0,-1.2345124089985742,14.216804193951322,-11.309236238077435,0.75010240354595237,5.0831765784770635,0.13909189642598929,2.4406595113578303e-16,13.965701043412388,-11.240916773439409,0.72554594441501252,5.1257018545901092,0.02826996317880277,-0.29298139810274915,13.730668797682377,-11.240916773439409,0.72554594441501252,5.1257018545901092,0.02826996317880277,1,1.8307835762794629,1.7616246212198707,1,1,1
1785225138.8317919,2,1,0.87812536025024523,0.54688889867839685,0.47843061324018232,3,0,1,0,3.1184756770258213,-0.06512821092031422,0.20683016082401887,-2.911665924980849,-2.4246256009588523,0.25177266539879589,-0.00035610946322728857,0.1926552196059631,-0.00071221892645457715,0,-0.00035610946322728857,0,0,13.579636498984316,-10.847634758972234,0.84626937835953597,5.1527225266900576,0,1.6350516654159309e-16,13.733311399517275,-11.184254142658432,0.71587213549540807,5.1519553372432307,0.030528392773913577,-0.29177299904161963,13.50212513599012,-11.183684367517268,0.71587213549540807,5.1520194369466115,0.030528392773913577,1,1.8307835762794629,1.7616246212198707,1,1,1
1785225138.8517919,2,1,0.87812536025024523,0.54688889867839685,0.47843061324018232,3,0,1,0,3.1184761516485895,-0.061153245233884074,0.20682066836864829,-2.9116654503580803,-2.4246256009588523,0.25177266539879589,0.00035610946322728857,0.1926552196059631,0,0,0,0,0,12.942468804017309,-10.751467784158651,0.65393542873236876,5.2538802695453226,0.17070369106825958,1.2040279020276369e-16,13.487542610516513,-11.124216195268922,0.70563945096214709,5.1796197221003224,0.032914412682252508,-0.29298614433043346,13.256356346989358,-11.124216195268922,0.70563945096214709,5.1796197221003224,0.032914412682252508,1,1.8307835762794629,1.7616246212198707,1,1,1
1785225138.8717918,2,1,0.87812536025024523,0.54688889867839685,0.47843061324018232,3,0,1,0,3.1184766262713581,-0.057472071041173363,0.20682446535079652,-2.9116654503580803,-2.4246251263360836,0.25177266539879589,0,0.18161582624591716,0,0.00035610946322728857,-0.00035610946322728857,0,0,13.101760727759062,-10.751467784158651,0.4616014791052015,5.1527225266900576,0.069545948212994646,1.1805337526925127e-16,13.259944822139733,-11.068656264235919,0.696184853532681,5.2050822410149209,0.035116376196859922,-0.29238313135679028,13.042005830644632,-11.068656264235919,0.6960602152205515,5.2051463407183016,0.035116376196859922,1,1.8307835762794629,1.7616246212198707,1,1,1
1785225138.8917918,2,1,0.87812536025024523,0.54688889867839685,0.47843061324018232,3,0,1,0,3.1184766262713581,-0.053879651306177563,0.20681687138650007,-2.9116654503580803,-2.4246251263360836,0.25177266539879589,0,0.17342530859168953,-0.0014244378529091543,0,0,0,-0.27876086654806514,13.579636498984316,-11.11690228845027,0.55776845391878516,5.2538802695453226,0.24024963928125423,1.6372103237527084e-17,13.037473634664408,-11.014119334465065,0.686919886338478,5.2299376433429794,0.037271434883551523,-0.29238313135679039,12.829363264354381,-11.012979784182738,0.686919886338478,5.2299376433429794,0.037271434883551523,1,1.8307835762794629,1.7616246212198707,1,1,1
1785225138.9117918,2,1,0.87812536025024523,0.54688889867839685,0.47843061324018232,3,0,1,0,3.1184771008941268,-0.050449552558018675,0.20677557920563802,-2.9116649757353121,-2.4246260755816209,0.25177266539879589,-0.00035610946322728857,0.17520585590782597,-0.0024927662425910197,0,0.00035610946322728857,0,-0.59734471403156819,12.942468804017309,-10.847634758972234,0.55776845391878516,5.2222684749030526,0.27186143392352452,1.8302952353799607e-16,12.824343777854185,-10.961389666347561,0.67797798247239438,5.2538343485868682,0.039348616293215413,-0.29178011838314705,12.614096750764794,-10.959395453353489,0.67797798247239438,5.2537702488834874,0.039348616293215413,1,1.8307835762794629,1.7616246212198707,1,1,1
1785225138.9317918,2,1,0.87812536025024523,0.54688889867839685,0.47843061324018232,3,0,1,0,3.1184771008941268,-0.04689272953066255,0.2067684598641101,-2.9116654503580803,-2.4246251263360836,0.25177314002156437,0,0.17022032342264393,0,0,0,0.00035610946322728857,0,12.464593032792056,-11.020735313636685,0.65393542873236876,5.3234262177583176,0.17070369106825958,5.179712394742341e-17,12.603756240854249,-10.907136626564538,0.66878804617144894,5.2783155261174439,0.041481198625390091,-0.29238550447063355,12.399491852747076,-10.907136626564538,0.66878804617144894,5.2783155261174439,0.041417098922009177,1,1.8307835762794629,1.7616246212198707,1,1,1
1785225138.9517918,2,1,0.87812536025024523,0.54688889867839685,0.47843061324018232,3,0,1,0,3.1184771008941268,-0.043700416789536678,0.20676513750473038,-2.9116654503580803,-2.4246256009588523,0.25177266539879589,0,0.15918093006259798,-0.00071221892645457715,0,0,0,-0.43805279028981664,12.464593032792056,-10.386033279867034,0.65393542873236876,5.2222684749030526,0,1.2597651248368368e-16,12.405670928122504,-10.858362960440047,0.66054120447932119,5.3002004325468866,0.043393096206436173,-0.29238550447063349,12.214653812047386,-10.857793185298883,0.66054120447932119,5.3002004325468866,0.043393096206436173,1,1.8307835762794629,1.7616246212198707,1,1,1
1785225138.9717917,2,1,0.87812536025024523,0.54688889867839685,0.47843061324018232,3,0,1,0,3.1184771008941268,-0.04035764863078712,0.2067224214555628,-2.9116654503580803,-2.4246256009588523,0.25177266539879589,0,0.16594700986391647,-0.003204985169045597,-0.00035610946322728857,0.00035610946322728857,0,0,12.623884956533807,-11.11690228845027,0.75010240354595237,5.2918144231160467,0.24024963928125423,1.095012084282741e-16,12.19748710460993,-10.806576882988217,0.65179704380497872,5.3233300726131665,0.045417859425065661,-0.29238550447063349,11.998350692773231,-10.804012894852981,0.65192168211710821,5.3232659729097858,0.045417859425065661,1,1.8307835762794629,1.7616246212198707,1,1,1
1785225138.9917917,2,1,0.87812536025024523,0.54688889867839685,0.47843061324018232,3,0,1,0,3.1184775755168954,-0.037173879099494767,0.20670058880821046,-2.9116649757353121,-2.4246251263360836,0.25177314002156437,0,0.16096147737873442,0.00071221892645457715,0,0,0.00035610946322728857,0,11.986717261566801,-10.655300809345068,0.65393542873236876,5.2918144231160467,0.037934153570724355,1.2502398130061295e-16,11.999374725310073,-10.757432420157219,0.64351130788415811,5.3451780656782315,0.047334165026944902,-0.29238787758447671,11.806220952455591,-10.758002195298383,0.64351130788415811,5.3451780656782315,0.047270065323563988,1,1.8307835762794629,1.7616246212198707,1,1,1
1785225139.0117917,2,1,0.87812536025024523,0.54688889867839685,0.47843061324018232,3,0,1,0,3.1184780501396636,-0.033989634945433882,0.20670248729928456,-2.9116649757353121,-2.4246251263360836,0.25177266539879589,-0.00035610946322728857,0.1495659745554612,0,0.00035610946322728857,-0.00035610946322728857,0,-0.75663663777331969,11.668133414083298,-10.655300809345068,0.75010240354595237,5.3550380124005876,0.13909189642598929,9.9733493199992244e-17,11.801482887615677,-10.70853470488483,0.63527859892445082,5.3668095768909296,0.049236831117604789,-0.29178486461083131,11.622003718149124,-10.70853470488483,0.63515396061232132,5.3668736765943104,0.049236831117604789,1,1.8307835762794629,1.7616246212198707,1,1,1
1785225139.0317917,2,1,0.87812536025024523,0.54688889867839685,0.47843061324018232,3,0,1,0,3.1184775755168954,-0.031132405878889467,0.2066868247479231,-2.9116645011125435,-2.4246256009588523,0.25177266539879589,0,0.14315600421737001,-0.0014244378529091543,0.00035610946322728857,-0.00035610946322728857,0,-1.3938043327403258,11.82742533782505,-9.9244318007618322,0.65393542873236876,5.3550380124005876,0,7.4384417503111286e-17,11.623524909577643,-10.664295685168728,0.62784134205478193,5.3862879350240362,0.050953451251705438,-0.29238787758447676,11.451737704516798,-10.663156134886401,0.62771670374265243,5.386352034727417,0.050953451251705438,1,1.8307835762794629,1.7616246212198707,1,1,1
1785225139.0517919,2,1,0.87812536025024523,0.54688889867839685,0.47843061324018232,3,0,1,0,3.1184780501396636,-0.028150351024221927,0.20664790568090374,-2.9116645011125435,-2.4246260755816209,0.25177314002156437,0,0.14636098938641559,-0.0017805473161364429,0,0,0.00035610946322728857,0,11.230080623793482,-10.482200254680617,0.75010240354595237,5.4245839606135826,0.069545948212994646,1.0691069502708498e-16,11.437325280283025,-10.61768529078752,0.62001423478902473,5.4067225005390531,0.052757926958166529,-0.2923902506983177,11.261692093019326,-10.616260852934611,0.62001423478902473,5.4067225005390531,0.052693827254785615,1,1.8307835762794629,1.7616246212198707,1,1,1
1785225139.0717919,2,1,0.87812536025024523,0.54688889867839685,0.47843061324018232,3,0,1,0,3.1184785247624323,-0.025326820174243064,0.20665644889073725,-2.9116645011125435,-2.4246256009588523,0.25177266539879589,0,0.13923880012186982,0.00071221892645457715,0,0,0,-0.11946894280631364,11.070788700051731,-10.020598775575415,0.75010240354595237,5.3234262177583176,0,9.2486057541667813e-17,11.261661696721443,-10.574173443101602,0.61271630494468654,5.4257253704494284,0.054439850487238421,-0.29239262381216091,11.0945751365752,-10.574743218242766,0.61271630494468654,5.4257253704494284,0.054439850487238421,1,1.8307835762794629,1.7616246212198707,1,1,1
1785225139.0917919,2,1,0.87812536025024523,0.54688889867839685,0.47843061324018232,3,0,1,0,3.1184785247624323,-0.022508510174718024,0.20665122804028344,-2.9116645011125435,-2.4246251263360836,0.25177314002156437,0,0.13710214334250609,-0.00035610946322728857,0,0.00035610946322728857,0.00035610946322728857,-0.27876086654806514,10.592912928826475,-10.751467784158651,0.75010240354595237,5.4245839606135826,0.20863784463898394,8.5712493800159325e-17,11.086008922618465,-10.530447466043515,0.60539102477755602,5.4447429406751988,0.056125730430427595,-0.29239262381216091,10.921486350607458,-10.530162578472934,0.60539102477755602,5.4446788409718181,0.056061630727046681,1,1.8307835762794629,1.7616246212198707,1,1,1
1785225139.1117918,2,1,0.87812536025024523,0.54688889867839685,0.47843061324018232,3,0,1,0,3.1184785247624323,-0.019854894275872535,0.20663983709383874,-2.9116640264897748,-2.4246260755816209,0.25177266539879589,0,0.13496548656314236,-0.00071221892645457715,0.00035610946322728857,0,0,-0.75663663777331969,10.433621005084724,-10.289866305053449,0.75010240354595237,5.5257417034688476,-0.20231548571052987,-2.6895282377580019e-18,10.920419882209927,-10.48908878152497,0.59847318267974925,5.4626433406076957,0.057716731630175905,-0.29239262381216102,10.758461298334156,-10.488519006383806,0.59834854436761975,5.4626433406076957,0.057716731630175905,1,1.8307835762794629,1.7616246212198707,1,1,1
1785225139.1317918,2,1,0.87812536025024523,0.54688889867839685,0.47843061324018232,3,0,1,0,3.1184789993852009,-0.017097335990719199,0.20662417454247728,-2.9116645011125435,-2.4246265502043896,0.25177266539879589,0,0.1342532676366878,-0.00035610946322728857,0,0,-0.00035610946322728857,-0.59734471403156819,10.433621005084724,-10.655300809345068,0.75010240354595237,5.3929721659713117,0.17070369106825958,1.1513491769132146e-16,10.748204440024498,-10.445980231900503,0.5912685190396727,5.4812327731592996,0.059371979319977321,-0.29239499692600412,10.587100518860472,-10.445695344329922,0.5912685190396727,5.4812327731592996,0.059436079023358235,1,1.8307835762794629,1.7616246212198707,1,1,1
1785225139.1517918,2,1,0.87812536025024523,0.54688889867839685,0.47843061324018232,3,0,1,0,3.1184804232535064,-0.014498301710254543,0.20662227605140318,-2.9116645011125435,-2.4246265502043896,0.25177314002156437,0.00035610946322728857,0.13211661085732407,0.00035610946322728857,0,0,0.00035610946322728857,-0.27876086654806514,11.230080623793482,-10.289866305053449,0.55776845391878516,5.4941299088265767,0.13909189642598929,4.7359270643931524e-17,10.586021078267775,-10.405480171328801,0.58450792586025235,5.4986322972967585,0.060923582250218163,-0.29300750235501799,10.427481145238986,-10.405765058899382,0.58450792586025235,5.4986322972967585,0.060859482546837249,1,1.8307835762794629,1.7616246212198707,1,1,1
1785225139.1717918,2,1,0.87812536025024523,0.54688889867839685,0.47843061324018232,3,0,1,0,3.118480897876275,-0.011882655632891372,0.20662037756032905,-2.9116640264897748,-2.4246270248271578,0.25177314002156437,-0.00035610946322728857,0.12321387427664185,-0.00035610946322728857,0,0,0,-1.0752204852568228,10.11503715760122,-10.482200254680617,0.28850092444075093,5.5573534981111177,0,7.8190642199575071e-17,10.422720689979462,-10.364646510360918,0.5777008474727181,5.5161021888032948,0.062484770955984537,-0.29179910329388842,10.274864040847492,-10.364361622790337,0.5777008474727181,5.5161021888032948,0.062484770955984537,1,1.8307835762794629,1.7616246212198707,1,1,1
1785225139.1917918,2,1,0.87812536025024523,0.54688889867839685,0.47843061324018232,3,0,1,0,3.1184823217445805,-0.0095323236831358973,0.20660518963173613,-2.9116640264897748,-2.4246284486954637,0.25177266539879589,0,0.11787223232823252,-0.0010683283896818657,0,0,0,-0.11946894280631364,10.11503715760122,-10.289866305053449,0.55776845391878516,5.5257417034688476,-0.063223589284540582,7.7354145781776375e-17,10.275695464900179,-10.327678605263891,0.57154505443390946,5.5318505735757793,0.063895528815570396,-0.29241160872290223,10.134248786106301,-10.326823942552146,0.57154505443390946,5.5318505735757793,0.063895528815570396,1,1.8307835762794629,1.7616246212198707,1,1,1
1785225139.2117918,2,1,0.87812536025024523,0.54688889867839685,0.47843061324018232,3,0,1,0,3.1184846948584233,-0.0072641014723359345,0.20657291528347616,-2.9116640264897748,-2.4246298725637692,0.25177266539879589,0,0.1025595254094591,-0.0024927662425910197,0,0,-0.00035610946322728857,-0.11946894280631364,9.955745233859469,-10.482200254680617,0.75010240354595237,5.5952876516818417,-0.031611794642270291,-3.8527184884844213e-19,10.133462488726394,-10.291672526646142,0.56555525497703996,5.5471362657931556,0.065266801176180916,-0.29242347429211613,10.010391058235044,-10.28967831365207,0.56555525497703996,5.5471362657931556,0.065330900879561823,1,1.8307835762794629,1.7616246212198707,1,1,1
1785225139.2317917,2,1,0.87812536025024523,0.54688889867839685,0.47843061324018232,3,0,1,0,3.118487067972266,-0.0054159204116841124,0.20650124724542829,-2.911663077244238,-2.4246303471865378,0.25177314002156437,0,0.089383475270049431,-0.0046294230219547511,-0.00035610946322728857,0,0.00035610946322728857,-0.75663663777331969,10.274329081342973,-10.116765750388998,0.75010240354595237,5.5257417034688476,0,4.377723534672018e-17,10.016788995746072,-10.26158542473604,0.56055557845549164,5.5598754709235951,0.066410432269661535,-0.29243533986132991,9.9095288254220133,-10.257881886318476,0.56068021676762114,5.5598754709235951,0.066346332566280627,1,1.8307835762794629,1.7616246212198707,1,1,1
1785225139.2517917,2,1,0.87812536025024523,0.54688889867839685,0.47843061324018232,3,0,1,0,3.1184884918405715,-0.0036958874985351139,0.20638449004437015,-2.9116626026214694,-2.424630821809306,0.25177314002156437,0,0.079768519762912632,-0.0071221892645457717,0,0,0.00035610946322728857,-0.75663663777331969,10.11503715760122,-10.655300809345068,0.75010240354595237,5.5573534981111177,0.13909189642598929,2.9007831254896556e-17,9.9073536457685591,-10.232766277790324,0.55576981188038976,5.572043994938773,0.067504841033335011,-0.29244245920285733,9.8116314220530647,-10.227068526378687,0.55576981188038976,5.572043994938773,0.067440741329954104,1,1.8307835762794629,1.7616246212198707,1,1,1
1785225139.2717917,2,1,0.87812536025024523,0.54688889867839685,0.47843061324018232,3,0,1,0,3.1184889664633397,-0.0023261261885604975,0.2062245421713759,-2.9116626026214694,-2.424630821809306,0.25177314002156437,0,0.062675265528002788,-0.0085466271174549253,0,0,0.00035610946322728857,0.79645961870875759,10.274329081342973,-10.289866305053449,0.65393542873236876,5.5573534981111177,0.069545948212994646,4.6827492591088391e-17,9.8190876443957897,-10.208743445470922,0.55178228963696407,5.5821663564032828,0.068416330531569064,-0.29244483231669832,9.7438773257621865,-10.201906143776959,0.55178228963696407,5.5821663564032828,0.068352230828188157,1,1.8307835762794629,1.7616246212198707,1,1,1
1785225139.2917919,2,1,0.87812536025024523,0.54688889867839685,0.47843061324018232,3,0,1,0,3.1184903903316457,-0.001219305892350932,0.20603659155503842,-2.9116626026214694,-2.424630821809306,0.25177266539879589,0.00035610946322728857,0.046294230219547511,-0.011751612286500523,0,0,0,-0.43805279028981664,10.11503715760122,-10.289866305053449,0.28850092444075093,5.5257417034688476,0.13909189642598929,8.2888859163954807e-17,9.7467865159416469,-10.188391531506838,0.54840632241435328,5.5907237637672935,0.069188075935001578,-0.29305733774571435,9.6912334396781894,-10.178990241677637,0.54840632241435328,5.5907237637672935,0.069188075935001578,1,1.8307835762794629,1.7616246212198707,1,1,1
1785225139.3117919,2,1,0.87812536025024523,0.54688889867839685,0.47843061324018232,3,0,1,0,3.1184903903316457,-0.00044899313902840859,0.2057100510902905,-2.9116621279987007,-2.4246317710548433,0.25177266539879589,0,0.033830399006592411,-0.019229911014273581,0,0,0,-0.27876086654806514,10.274329081342973,-10.289866305053449,0.38466789925433453,5.5573534981111177,0,1.3779610262348587e-16,9.6932430382872674,-10.171129521484842,0.545545948066255,5.5979596205732873,0.069841064634169017,-0.2924519516582279,9.652646559479356,-10.155745592673423,0.545545948066255,5.5979596205732873,0.069841064634169017,1,1.8307835762794629,1.7616246212198707,1,1,1
1785225139.3317919,2,1,0.87812536025024523,0.54688889867839685,0.47843061324018232,3,0,1,0,3.1184903903316457,0.00011628257828959843,0.20528668758076266,-2.9116621279987007,-2.4246317710548433,0.25177314002156437,0,0.021010458330410025,-0.023147115109773755,0.00035610946322728857,0,0,0,9.6371613863759666,-10.020598775575415,0.4616014791052015,5.5952876516818417,0.13909189642598929,5.1275289508156241e-17,9.6509386448117382,-10.155567956264111,0.54296673184954325,5.6044815786905584,0.070429529382736167,-0.29245195165822796,9.6257260948152457,-10.137050264176292,0.54284209353741375,5.6044815786905584,0.070429529382736167,1,1.8307835762794629,1.7616246212198707,1,1,1
1785225139.3517919,2,1,0.87812536025024523,0.54688889867839685,0.47843061324018232,3,0,1,0,3.1184903903316457,0.00033650754288704196,0.20478833367380722,-2.9116621279987007,-2.4246317710548433,0.25177266539879589,0,0.0035610946322728858,-0.024927662425910199,0.00035610946322728857,-0.00035610946322728857,0,0,9.955745233859469,-10.482200254680617,0.4616014791052015,5.6268994463241118,-0.16438133213980552,4.6954950144338816e-17,9.6289876065691669,-10.144250646876516,0.54109198542004089,5.6092183328348293,0.070857845121555504,-0.29245195165822796,9.6247142930104399,-10.124308516935788,0.54096734710791139,5.60928243253821,0.070857845121555504,1,1.8307835762794629,1.7616246212198707,1,1,1
1785225139.3717918,2,1,0.87812536025024523,0.54688889867839685,0.47843061324018232,3,0,1,0,3.1184908649544139,0.00034457612995203451,0.20426387551458272,-2.9116621279987007,-2.4246317710548433,0.25177314002156437,0,0.00035610946322728857,-0.028844866521410373,0,0,0,-0.59734471403156819,9.7964533101177178,-10.020598775575415,0.75010240354595237,5.5257417034688476,0.24024963928125423,5.9697588234981574e-17,9.6198816831110516,-10.135860756835754,0.53970222235702336,5.6127270025990699,0.071174587963443683,-0.29245432477206895,9.6194543517551789,-10.112784863618625,0.53970222235702336,5.6127270025990699,0.071174587963443683,1,1.8307835762794629,1.7616246212198707,1,1,1
1785225139.3917918,2,1,0.87812536025024523,0.54688889867839685,0.47843061324018232,3,0,1,0,3.1184908649544139,0.0003274897102849915,0.20370476989325559,-2.9116626026214694,-2.4246303471865378,0.25177266539879589,0,-0.0014244378529091543,-0.023859334036228332,-0.00035610946322728857,0.00035610946322728857,0,-0.59734471403156819,9.955745233859469,-10.193699330239866,0.55776845391878516,5.6268994463241118,0.037934153570724355,4.6052262239676015e-17,9.6117898679411731,-10.12732935289757,0.53828756083925633,5.6163057445376818,0.071498208052325957,-0.29245432477206895,9.6134991933646639,-10.108241885668587,0.53841219915138583,5.6162416448343011,0.071498208052325957,1,1.8307835762794629,1.7616246212198707,1,1,1
1785225139.4117918,2,1,0.87812536025024523,0.54688889867839685,0.47843061324018232,3,0,1,0,3.1184908649544139,0.00028714677496002877,0.20336161763160912,-2.9116621279987007,-2.4246289233182319,0.25177266539879589,0,-0.0014244378529091543,-0.012819940676182388,0.00035610946322728857,0,-0.00035610946322728857,-1.3938043327403258,9.4778694626342155,-10.289866305053449,0.65393542873236876,5.7280571891793768,0.17070369106825958,1.516612911309318e-17,9.6086922876401157,-10.122563953568974,0.53749819870976767,5.6183088094324933,0.071678724363196861,-0.29245432477206901,9.6104016130636065,-10.112308001028028,0.53737356039763817,5.6183088094324933,0.071742824066577768,1,1.8307835762794629,1.7616246212198707,1,1,1
1785225139.4317918,2,1,0.87812536025024523,0.54688889867839685,0.47843061324018232,3,0,1,0,3.1184908649544139,0.00028572290665444182,0.20320499211799456,-2.9116626026214694,-2.4246289233182319,0.25177266539879589,0,0,-0.0039172040955001743,-0.00035610946322728857,0,0,-0.27876086654806514,9.3185775388924625,-10.5783672294942,0.28850092444075093,5.5952876516818417,0,4.9124816686848255e-17,9.6062124262476232,-10.120118417842562,0.53709249090732825,5.6193301976852554,0.071771273435692604,-0.29245432477206895,9.6062124262476232,-10.116984654566162,0.53721712921945775,5.6193301976852554,0.071771273435692604,1,1.8307835762794629,1.7616246212198707,1,1,1
1785225139.4517918,2,1,0.87812536025024523,0.54688889867839685,0.47843061324018232,3,0,1,0,3.1184913395771825,0.00028809602049708672,0.20315230899068784,-2.9116626026214694,-2.4246293979410005,0.25177266539879589,0,-0.00035610946322728857,-0.0017805473161364429,-0.00035610946322728857,0,0,0,9.6371613863759666,-10.116765750388998,0.75010240354595237,5.5573534981111177,0.13909189642598929,6.8295502049556766e-17,9.6051958458571089,-10.119246964079073,0.53694866493416427,5.6196893616127888,0.071803934724546825,-0.29245669788591216,9.6056231772129816,-10.117822526226163,0.53707330324629377,5.6196893616127888,0.071803934724546825,1,1.8307835762794629,1.7616246212198707,1,1,1
1785225139.4717917,2,1,0.87812536025024523,0.54688889867839685,0.47843061324018232,3,0,1,0,3.1184908649544139,0.00028667215219149977,0.20313807030763198,-2.9116621279987007,-2.4246293979410005,0.25177266539879589,0,0,0.00035610946322728857,0.00035610946322728857,-0.00035610946322728857,-0.00035610946322728857,-0.59734471403156819,9.955745233859469,-9.9244318007618322,0.19233394962716727,5.6268994463241118,0.069545948212994646,4.1931315021664902e-17,9.6050496708804669,-10.119043328140561,0.53691582691189454,5.6197738152342191,0.071811423890235981,-0.29245432477206895,9.6050496708804669,-10.119328215711143,0.53679118859976505,5.6198379149375999,0.071875523593616888,1,1.8307835762794629,1.7616246212198707,1,1,1
1785225139.4917917,2,1,0.87812536025024523,0.54688889867839685,0.47843061324018232,3,0,1,0,3.1184908649544139,0.00028240054727473902,0.20314044342147464,-2.911663077244238,-2.4246289233182319,0.25177266539879589,0,0,0,-0.00035610946322728857,0,0,-0.59734471403156819,9.3185775388924625,-10.386033279867034,0.75010240354595237,5.6268994463241118,0.34140738213651917,1.6080501602531704e-16,9.6053625226333992,-10.11915454659454,0.53693206779341418,5.6197330214846213,0.071807868270401712,-0.29245432477206884,9.6053625226333992,-10.11915454659454,0.53705670610554368,5.6197330214846213,0.071807868270401712,1,1.8307835762794629,1.7616246212198707,1,1,1
1785225139.5117917,2,1,0.87812536025024523,0.54688889867839685,0.47843061324018232,3,0,1,0,3.1184908649544139,0.00028050205620062311,0.2031413926670117,-2.9116626026214694,-2.424627974072695,0.25177266539879589,0,0.00035610946322728857,-0.00035610946322728857,0,0,0,-0.75663663777331969,9.3185775388924625,-10.482200254680617,0.4616014791052015,5.5952876516818417,0.34140738213651917,8.3142993574305229e-17,9.6055020047188115,-10.119204511146966,0.5369403501335881,5.619720745569512,0.071806270411624545,-0.29245432477206895,9.6050746733629389,-10.118919623576385,0.5369403501335881,5.619720745569512,0.071806270411624545,1,1.8307835762794629,1.7616246212198707,1,1,1
1785225139.5317917,2,1,0.87812536025024523,0.54688889867839685,0.47843061324018232,3,0,1,0,3.1184908649544139,0.00028097667896915212,0.20313996879870611,-2.9116626026214694,-2.4246284486954637,0.25177266539879589,0,0.00035610946322728857,-0.00035610946322728857,0,0,0,-0.59734471403156819,9.7964533101177178,-9.8282648259482475,0.28850092444075093,5.5573534981111177,0.17070369106825958,1.5018528335603075e-16,9.6054455954944302,-10.119171262657428,0.53693527571348931,5.6197300665173948,0.071807281559093786,-0.29245432477206884,9.6050182641385575,-10.118886375086847,0.53693527571348931,5.6197300665173948,0.071807281559093786,1,1.8307835762794629,1.7616246212198707,1,1,1
1785225139.5517919,2,1,0.87812536025024523,0.54688889867839685,0.47843061324018232,3,0,1,0,3.1184903903316457,0.00028050205620062311,0.20313996879870611,-2.9116626026214694,-2.424627974072695,0.25177266539879589,-0.00035610946322728857,0,0,-0.00035610946322728857,0,-0.00035610946322728857,0,9.7964533101177178,-9.9244318007618322,0.65393542873236876,5.5952876516818417,0.17070369106825958,9.7017619508776197e-17,9.6054786338333216,-10.119182058750201,0.53693663354989796,5.6197301160952859,0.071807118179194537,-0.29184656557074151,9.6054786338333216,-10.119182058750201,0.53706127186202746,5.6197301160952859,0.071871217882575444,1,1.8307835762794629,1.7616246212198707,1,1,1
1785225139.5717919,2,1,0.87812536025024523,0.54688889867839685,0.47843061324018232,3,0,1,0,3.1184903903316457,0.00027812894235797826,0.20314234191254874,-2.911663077244238,-2.4246284486954637,0.25177266539879589,-0.00035610946322728857,-0.00035610946322728857,0.00035610946322728857,0,0,0,-0.27876086654806514,9.4778694626342155,-10.386033279867034,0.4616014791052015,5.5573534981111177,-0.13276953749753523,6.8938396115642145e-17,9.6056643962358503,-10.119255152191574,0.53694829211686601,5.6196955889381304,0.071804313782506984,-0.29184656557074157,9.606091727591723,-10.119540039762155,0.53694829211686601,5.6196955889381304,0.071804313782506984,1,1.8307835762794629,1.7616246212198707,1,1,1
1785225139.5917919,2,1,0.87812536025024523,0.54688889867839685,0.47843061324018232,3,0,1,0,3.1184903903316457,0.00027053497806151471,0.2031432911580858,-2.911663077244238,-2.424627974072695,0.25177266539879589,-0.00035610946322728857,-0.00071221892645457715,0,0,0,0,-0.59734471403156819,9.3185775388924625,-10.193699330239866,0.65393542873236876,5.7280571891793768,0.27186143392352452,8.2104410148508255e-17,9.6061586535211756,-10.119393177836049,0.53697071086753101,5.6196425385422693,0.071799346310462336,-0.29184656557074157,9.607013316232921,-10.119393177836049,0.53697071086753101,5.6196425385422693,0.071799346310462336,1,1.8307835762794629,1.7616246212198707,1,1,1
1785225139.6117918,2,1,0.87812536025024523,0.54688889867839685,0.47843061324018232,3,0,1,0,3.1184908649544139,0.00026816186421886986,0.2031432911580858,-2.911663077244238,-2.4246274994499264,0.25177266539879589,0,0.00035610946322728857,0,0,0.00035610946322728857,0,-0.11946894280631364,8.9999936914089602,-10.482200254680617,0.19233394962716727,5.5952876516818417,-0.13276953749753523,5.3864792057260878e-17,9.6063105286534967,-10.119433910172283,0.53697702422219284,5.6196300939559523,0.071798052553544961,-0.29245432477206895,9.605883197297624,-10.119433910172283,0.53697702422219284,5.6195659942525715,0.071798052553544961,1,1.8307835762794629,1.7616246212198707,1,1,1
1785225139.6317918,2,1,0.87812536025024523,0.54688889867839685,0.47843061324018232,3,0,1,0,3.1184908649544139,0.00026816186421886986,0.20314234191254874,-2.911663077244238,-2.4246274994499264,0.25177266539879589,0,0,0,0,0,0,-0.75663663777331969,9.3185775388924625,-9.8282648259482475,0.28850092444075093,5.6268994463241118,0.069545948212994646,-1.4294184194772744e-17,9.6062949481992241,-10.119418942041813,0.5369745465093827,5.6196363410484658,0.071798617732200226,-0.29245432477206901,9.6062949481992241,-10.119418942041813,0.5369745465093827,5.6196363410484658,0.071798617732200226,1,1.8307835762794629,1.7616246212198707,1,1,1
1785225139.6517918,2,1,0.87812536025024523,0.54688889867839685,0.47843061324018232,3,0,1,0,3.1184908649544139,0.00026768724145034085,0.2031418672897802,-2.911663077244238,-2.4246274994499264,0.25177266539879589,0,0,0,0,0,-0.00035610946322728857,-0.75663663777331969,9.4778694626342155,-10.289866305053449,0.65393542873236876,5.6648335998948367,-0.063223589284540582,8.125776658729451e-17,9.6063168671749715,-10.119418942041811,0.53697454653166909,5.6196363410528045,0.071798617727068373,-0.29245432477206895,9.6063168671749715,-10.119418942041811,0.53697454653166909,5.6196363410528045,0.07186271743044928,1,1.8307835762794629,1.7616246212198707,1,1,1
1785225139.6717918,2,1,0.87812536025024523,0.54688889867839685,0.47843061324018232,3,0,1,0,3.1184908649544139,0.00026768724145034085,0.2031432911580858,-2.9116626026214694,-2.4246274994499264,0.25177266539879589,0,0,0,0.00035610946322728857,0.00035610946322728857,0,0.15929192374175152,9.3185775388924625,-9.9244318007618322,0.75010240354595237,5.6648335998948367,0.17070369106825958,1.0634407785581625e-16,9.6063386441261809,-10.119439830069631,0.5369788743318944,5.6196270893741618,0.071797629215095513,-0.2924543247720689,9.6063386441261809,-10.119439830069631,0.5368542360197649,5.6195629896707811,0.071797629215095513,1,1.8307835762794629,1.7616246212198707,1,1,1
1785225139.6917918,2,1,0.87812536025024523,0.54688889867839685,0.47843061324018232,3,0,1,0,3.1184908649544139,0.0002667379959132829,0.20314376578085433,-2.911663077244238,-2.4246274994499264,0.25177266539879589,0,-0.00035610946322728857,0,0,0,0,0,9.1592856151507114,-10.289866305053449,0.84626937835953597,5.6964453945371067,-0.10115774285526494,1.0992181435847896e-16,9.6064074464620912,-10.119463846406397,0.53698197971322081,5.619617599768743,0.071796922180645054,-0.2924543247720689,9.6068347778179639,-10.119463846406397,0.53698197971322081,5.619617599768743,0.071796922180645054,1,1.8307835762794629,1.7616246212198707,1,1,1
1785225139.7117918,2,1,0.87812536025024523,0.54688889867839685,0.47843061324018232,3,0,1,0,3.1184908649544139,0.000265314127607696,0.20314376578085433,-2.911663077244238,-2.4246274994499264,0.25177266539879589,0.00035610946322728857,0,0,0,-0.00035610946322728857,0,-0.75663663777331969,9.955745233859469,-10.116765750388998,0.75010240354595237,5.7280571891793768,0.107480101783719,-1.3883353488197986e-17,9.6064965740265631,-10.119486298558511,0.5369856963469366,5.6196082291182989,0.071796074396951695,-0.2930597108595554,9.6064965740265631,-10.119486298558511,0.5369856963469366,5.6196723288216797,0.071796074396951695,1,1.8307835762794629,1.7616246212198707,1,1,1
1785225139.7317917,2,1,0.87812536025024523,0.54688889867839685,0.47843061324018232,3,0,1,0,3.1184908649544139,0.000264839504839167,0.20314376578085433,-2.9116635518670062,-2.4246270248271578,0.25177219077602736,0,0,0,0,0.00035610946322728857,-0.00035610946322728857,-0.75663663777331969,9.4778694626342155,-10.655300809345068,0.38466789925433453,5.6268994463241118,0.069545948212994646,4.5934947441791588e-18,9.6065309231264102,-10.119498375883722,0.53698658369323615,5.6196080405145965,0.071796425753422294,-0.29245432477206901,9.6065309231264102,-10.119498375883722,0.53698658369323615,5.6195439408112158,0.071860525456803201,1,1.8307835762794629,1.7616246212198707,1,1,1
1785225139.7517917,2,1,0.87812536025024523,0.54688889867839685,0.47843061324018232,3,0,1,0,3.1184908649544139,0.00026436488207063805,0.20314424040362286,-2.9116635518670062,-2.4246270248271578,0.25177219077602736,0,0,0,-0.00035610946322728857,0,-0.00035610946322728857,-0.27876086654806514,9.4778694626342155,-9.8282648259482475,0.55776845391878516,5.6648335998948367,0.069545948212994646,1.8823728460795479e-17,9.6065684225133872,-10.11951334397178,0.53698906142429126,5.6196017934029312,0.071795860569453099,-0.29245432477206901,9.6065684225133872,-10.11951334397178,0.53711369973642076,5.6196017934029312,0.071859960272834006,1,1.8307835762794629,1.7616246212198707,1,1,1
1785225139.7717917,2,1,0.87812536025024523,0.54688889867839685,0.47843061324018232,3,0,1,0,3.1184908649544139,0.0002600932771538773,0.20314518964915992,-2.9116635518670062,-2.4246270248271578,0.25177266539879589,0,0,0.00035610946322728857,0,0,0.00035610946322728857,-0.11946894280631364,9.3185775388924625,-10.289866305053449,0.4616014791052015,5.6268994463241118,0.069545948212994646,1.1775769501049185e-17,9.6068516683202585,-10.119595951188955,0.53700254826395943,5.619567553429599,0.071792378053038564,-0.29245432477206901,9.6068516683202585,-10.119880838759537,0.53700254826395943,5.619567553429599,0.071728278349657656,1,1.8307835762794629,1.7616246212198707,1,1,1
1785225139.7917919,2,1,0.87812536025024523,0.54688889867839685,0.47843061324018232,3,0,1,0,3.1184903903316457,0.00025914403161681935,0.20314471502639139,-2.9116635518670062,-2.4246265502043896,0.25177219077602736,-0.00035610946322728857,0,0,0,0,0,-0.11946894280631364,8.9999936914089602,-10.116765750388998,0.4616014791052015,5.6268994463241118,-0.031611794642270291,1.1214290162649883e-16,9.6069063426581174,-10.11960646433899,0.53700404687921977,5.6195674837925669,0.071792588654957065,-0.29184656557074151,9.6069063426581174,-10.11960646433899,0.53700404687921977,5.6195674837925669,0.071792588654957065,1,1.8307835762794629,1.7616246212198707,1,1,1
1785225139.8117919,2,1,0.87812536025024523,0.54688889867839685,0.47843061324018232,3,0,1,0,3.1184908649544139,0.0002596186543853483,0.20314376578085433,-2.9116635518670062,-2.4246270248271578,0.25177219077602736,0,-0.00035610946322728857,0,-0.00035610946322728857,-0.00035610946322728857,0,0,9.6371613863759666,-10.116765750388998,0.28850092444075093,5.5257417034688476,0.13909189642598929,9.9831344957543211e-18,9.606857724009398,-10.119580700257378,0.53700021133062692,5.6195736813616195,0.071793317212566168,-0.29245432477206901,9.6072850553652707,-10.119580700257378,0.53712484964275642,5.6196377810650002,0.071793317212566168,1,1.8307835762794629,1.7616246212198707,1,1,1
1785225139.8317919,2,1,0.87812536025024523,0.54688889867839685,0.47843061324018232,3,0,1,0,3.1184908649544139,0.00025914403161681935,0.20314471502639139,-2.9116635518670062,-2.4246265502043896,0.25177266539879589,0,0,0,-0.00035610946322728857,0,0,-0.75663663777331969,9.3185775388924625,-10.116765750388998,0.55776845391878516,5.6268994463241118,0.107480101783719,8.2054034551493204e-17,9.6069066255834734,-10.119606747231682,0.53700390612840432,5.6195676030087363,0.071792214669470639,-0.29245432477206895,9.6069066255834734,-10.119606747231682,0.53712854444053382,5.6195676030087363,0.071792214669470639,1,1.8307835762794629,1.7616246212198707,1,1,1
1785225139.8517919,2,1,0.87812536025024523,0.54688889867839685,0.47843061324018232,3,0,1,0,3.1184913395771825,0.00025107544455182679,0.20314661351746552,-2.911663077244238,-2.4246265502043896,0.25177266539879589,0,-0.00071221892645457715,0,0,0,0,0.95575154245050908,9.955745233859469,-9.8282648259482475,0.75010240354595237,5.5573534981111177,0.069545948212994646,9.1876344718706e-17,9.6074412476793274,-10.119762346923771,0.53703053367961995,5.6195021267391416,0.071786139445458877,-0.29245669788591211,9.6082959103910728,-10.119762346923771,0.53703053367961995,5.6195021267391416,0.071786139445458877,1,1.8307835762794629,1.7616246212198707,1,1,1
1785225139.8717918,2,1,0.87812536025024523,0.54688889867839685,0.47843061324018232,3,0,1,0,3.1184913395771825,0.00024965157624623989,0.20314376578085433,-2.911663077244238,-2.4246256009588523,0.25177266539879589,0,0,0,0,0,0,-1.0752204852568228,9.3185775388924625,-9.9244318007618322,0.28850092444075093,5.6648335998948367,0.107480101783719,8.360436587813751e-17,9.6074902925187189,-10.119746519101511,0.53702705513584004,5.6195178438735018,0.071787225633000259,-0.29245669788591211,9.6074902925187189,-10.119746519101511,0.53702705513584004,5.6195178438735018,0.071787225633000259,1,1.8307835762794629,1.7616246212198707,1,1,1
1785225139.8917918,2,1,0.87812536025024523,0.54688889867839685,0.47843061324018232,3,0,1,0,3.1184918141999511,0.00025866940884829035,0.20314044342147464,-2.9116635518670062,-2.4246246517133154,0.25177266539879589,0.00035610946322728857,0.0010683283896818657,-0.00071221892645457715,0.00035610946322728857,0,0,0,9.7964533101177178,-10.751467784158651,0.28850092444075093,5.5573534981111177,-0.063223589284540582,3.4815396572969618e-19,9.606879539549448,-10.11956012308139,0.5369944711845378,5.6196052840835851,0.071794952241136689,-0.29306445708724183,9.6055975454818299,-10.118990347940226,0.5368698328724083,5.6196052840835851,0.071794952241136689,1,1.8307835762794629,1.7616246212198707,1,1,1
1785225139.9117918,2,1,0.87812536025024523,0.54688889867839685,0.47843061324018232,3,0,1,0,3.1184946619365621,0.00028192592450621007,0.20311149143259435,-2.911659754884858,-2.4246265502043896,0.25177171615325883,0,0.0010683283896818657,-0.0024927662425910197,-0.00035610946322728857,0,0,-1.3938043327403258,9.955745233859469,-10.020598775575415,0.55776845391878516,5.6268994463241118,0.17070369106825958,4.2523023723079342e-17,9.6049219421939238,-10.118710538488994,0.53686288977184005,5.6199368886873486,0.071825182681502453,-0.29247330968281021,9.6036399481263057,-10.116716325494922,0.53698752808396955,5.6199368886873486,0.071825182681502453,1,1.8307835762794629,1.7616246212198707,1,1,1
1785225139.9317918,2,1,0.87812536025024523,0.54688889867839685,0.47843061324018232,3,0,1,0,3.1184937126910253,0.00028145130173768106,0.20306165604189882,-2.911659754884858,-2.4246260755816209,0.25177266539879589,0,-0.00035610946322728857,-0.0017805473161364429,0,0,0.00035610946322728857,0.15929192374175152,9.3185775388924625,-10.193699330239866,0.28850092444075093,5.6268994463241118,0.107480101783719,9.7116002225499805e-17,9.6041375371674143,-10.117936038661067,0.53673388327902583,5.620265128991667,0.071853943119522451,-0.29246856345512595,9.6045648685232869,-10.116511600808158,0.53673388327902583,5.620265128991667,0.071789843416141544,1,1.8307835762794629,1.7616246212198707,1,1,1
1785225139.9517918,2,1,0.87812536025024523,0.54688889867839685,0.47843061324018232,3,0,1,0,3.1184922888227198,0.00027053497806151471,0.20306640226958411,-2.9116621279987007,-2.4246260755816209,0.25177314002156437,0,-0.00035610946322728857,0.00071221892645457715,0,-0.00035610946322728857,0,-0.75663663777331969,9.4778694626342155,-10.289866305053449,0.55776845391878516,5.5573534981111177,0.107480101783719,4.0018201088177078e-17,9.6049070166539128,-10.118191130316898,0.53677157147237742,5.6201615845000568,0.071844946985970451,-0.29246144411359859,9.6053343480097855,-10.118760905458062,0.53677157147237742,5.6202256842034375,0.071844946985970451,1,1.8307835762794629,1.7616246212198707,1,1,1
1785225139.9717917,2,1,0.87812536025024523,0.54688889867839685,0.47843061324018232,3,0,1,0,3.1184937126910253,0.0002619917682279932,0.20307067387450087,-2.9116611787531639,-2.4246251263360836,0.25177219077602736,0.00035610946322728857,0,0.00035610946322728857,0,0.00035610946322728857,0,-0.43805279028981664,9.6371613863759666,-10.020598775575415,0.55776845391878516,5.6268994463241118,-0.13276953749753523,2.7682229625221175e-17,9.6055148082836244,-10.118396138851701,0.53680676289358786,5.6200835994681588,0.071838022131436557,-0.29307394954261246,9.6055148082836244,-10.118681026422282,0.53680676289358786,5.6200194997647781,0.071838022131436557,1,1.8307835762794629,1.7616246212198707,1,1,1
1785225139.9917917,2,1,0.87812536025024523,0.54688889867839685,0.47843061324018232,3,0,1,0,3.1184941873137939,0.00026104252269093525,0.20307067387450087,-2.9116602295076266,-2.4246256009588523,0.25177266539879589,0,0,0,0.00035610946322728857,0,0.00035610946322728857,0,9.7964533101177178,-10.193699330239866,0.75010240354595237,5.6648335998948367,0.41095333034951381,1.5493810561367246e-16,9.6055679938246676,-10.118404950307823,0.5368102031470392,5.6200745368635818,0.07183668230357701,-0.29247093656896911,9.6055679938246676,-10.118404950307823,0.5366855648349097,5.6200745368635818,0.071772582600196103,1,1.8307835762794629,1.7616246212198707,1,1,1
1785225140.0117917,2,1,0.87812536025024523,0.54688889867839685,0.47843061324018232,3,0,1,0,3.1184932380682566,0.00025582167223711655,0.2030697246289638,-2.9116611787531639,-2.4246256009588523,0.25177266539879589,-0.00035610946322728857,-0.00071221892645457715,0,-0.00035610946322728857,0,0,-0.75663663777331969,9.4778694626342155,-10.116765750388998,0.84626937835953597,5.5573534981111177,0.17070369106825958,3.6915717726987125e-17,9.6058824048734692,-10.118475438000534,0.53682013123355232,5.6200461887090585,0.071834420349333947,-0.2918608042537964,9.6067370675852146,-10.118475438000534,0.53694476954568182,5.6200461887090585,0.071834420349333947,1,1.8307835762794629,1.7616246212198707,1,1,1
1785225140.0317917,2,1,0.87812536025024523,0.54688889867839685,0.47843061324018232,3,0,1,0,3.1184932380682566,0.000229717419968023,0.20307921708433438,-2.9116611787531639,-2.4246256009588523,0.25177266539879589,0.00035610946322728857,-0.0024927662425910197,0.00035610946322728857,0,0,-0.00035610946322728857,-0.43805279028981664,9.7964533101177178,-9.8282648259482475,0.65393542873236876,5.5573534981111177,-0.10115774285526494,5.0277787896490925e-17,9.6076722314244307,-10.119036758507868,0.53691304801602313,5.6198119320192212,0.071813225889195531,-0.29307157642876919,9.6106635509155396,-10.119321646078449,0.53691304801602313,5.6198119320192212,0.071877325592576438,1,1.8307835762794629,1.7616246212198707,1,1,1
1785225140.0517919,2,1,0.87812536025024523,0.54688889867839685,0.47843061324018232,3,0,1,0,3.1184941873137939,0.00016137174129985087,0.20308776029416792,-2.9116602295076266,-2.4246251263360836,0.25177219077602736,0,-0.0042733135587274627,0.00035610946322728857,0,-0.00035610946322728857,-0.00035610946322728857,-0.27876086654806514,10.11503715760122,-9.9244318007618322,0.55776845391878516,5.5573534981111177,0.24024963928125423,7.6073067421120984e-17,9.6120904303275143,-10.120249068814241,0.53711522904187192,5.6193092053868314,0.071767657038870544,-0.29247093656896922,9.6172184065979867,-10.120533956384822,0.53711522904187192,5.6193733050902122,0.071831756742251451,1,1.8307835762794629,1.7616246212198707,1,1,1
1785225140.0717919,2,1,0.87812536025024523,0.54688889867839685,0.47843061324018232,3,0,1,0,3.1184941873137939,8.8754457714917981e-05,0.20310199897722378,-2.911659754884858,-2.4246260755816209,0.25177219077602736,0,-0.003204985169045597,0.00071221892645457715,-0.00035610946322728857,0,0,0.31858384748350305,9.4778694626342155,-10.116765750388998,1.0193699330239865,5.4245839606135826,0.107480101783719,5.4231220331343679e-17,9.6168613107503553,-10.121610383207731,0.53734231414845168,5.618731324156804,0.071715562146015502,-0.29247093656896922,9.6207072929532096,-10.122180158348895,0.53746695246058118,5.618731324156804,0.071715562146015502,1,1.8307835762794629,1.7616246212198707,1,1,1
1785225140.0917919,2,1,0.87812536025024523,0.54688889867839685,0.47843061324018232,3,0,1,0,3.118492763445488,2.5629629500564551e-05,0.20310532133660347,-2.9116607041303952,-2.4246251263360836,0.25177314002156437,-0.00035610946322728857,-0.003204985169045597,0,0,0,0.00035610946322728857,-0.43805279028981664,8.9999936914089602,-10.482200254680617,0.4616014791052015,5.6268994463241118,-0.26553907499507046,6.7430141745553674e-17,9.6208774646890589,-10.122668358866576,0.53751448513872502,5.6183003124582065,0.071675770278137652,-0.29185843113995319,9.6247234468919132,-10.122668358866576,0.53751448513872502,5.6183003124582065,0.071611670574756744,1,1.8307835762794629,1.7616246212198707,1,1,1
1785225140.1117918,2,1,0.87812536025024523,0.54688889867839685,0.47843061324018232,3,0,1,0,3.1184922888227198,-3.9393689787904774e-05,0.20312383162457612,-2.9116611787531639,-2.4246256009588523,0.25177314002156437,0.00035610946322728857,-0.003204985169045597,0.0017805473161364429,0.00035610946322728857,-0.00035610946322728857,0,0.15929192374175152,10.274329081342973,-10.116765750388998,0.55776845391878516,5.5952876516818417,0.34140738213651917,1.604219572346969e-16,9.6252495018281525,-10.12398360229118,0.53773178605244976,5.6177471614089916,0.071626053873247233,-0.29306683020108487,9.6290954840310068,-10.125408040144089,0.53760714774032026,5.6178112611123723,0.071626053873247233,1,1.8307835762794629,1.7616246212198707,1,1,1
1785225140.1317918,2,1,0.87812536025024523,0.54688889867839685,0.47843061324018232,3,0,1,0,3.118492763445488,-0.0001025185180022582,0.20315230899068784,-2.9116602295076266,-2.4246256009588523,0.25177266539879589,0,-0.003204985169045597,0.0010683283896818657,0,0.00035610946322728857,0,0,8.9999936914089602,-10.482200254680617,0.55776845391878516,5.5573534981111177,-0.13276953749753523,5.4793264286340856e-17,9.62966446198093,-10.125424312964149,0.53797223880088618,5.6171442657508885,0.071571602840293833,-0.29246381722743958,9.6335104441837842,-10.126278975675895,0.53797223880088618,5.6170801660475078,0.071571602840293833,1,1.8307835762794629,1.7616246212198707,1,1,1
1785225140.1517918,2,1,0.87812536025024523,0.54688889867839685,0.47843061324018232,3,0,1,0,3.1184922888227198,-0.0001627956096054378,0.20317651475188284,-2.9116602295076266,-2.4246251263360836,0.25177314002156437,0,-0.0035610946322728858,0.0010683283896818657,-0.00035610946322728857,0.00035610946322728857,0.00035610946322728857,-0.43805279028981664,9.7964533101177178,-9.9244318007618322,0.38466789925433453,5.6964453945371067,0.107480101783719,4.9848063341753261e-17,9.6338380873357004,-10.126759719588911,0.53819271876105546,5.6165913692834835,0.071521043937082529,-0.29246144411359859,9.6381114008944273,-10.127614382300656,0.53831735707318495,5.6165272695801027,0.071456944233701622,1,1.8307835762794629,1.7616246212198707,1,1,1
1785225140.1717918,2,1,0.87812536025024523,0.54688889867839685,0.47843061324018232,3,0,1,0,3.1184894410861084,-0.00023636213872742863,0.20320356824968899,-2.911663077244238,-2.4246246517133154,0.25177314002156437,0,-0.003204985169045597,0.0014244378529091543,0,0,0.00035610946322728857,-0.27876086654806514,9.7964533101177178,-10.289866305053449,0.55776845391878516,5.6268994463241118,0,2.3124546543806916e-17,9.6388994282967104,-10.128358526059994,0.53845177576603476,5.6159313475309247,0.071462096203784575,-0.29244720543054159,9.6427454104995647,-10.129498076342321,0.53845177576603476,5.6159313475309247,0.071397996500403668,1,1.8307835762794629,1.7616246212198707,1,1,1
1785225140.1917918,2,1,0.87812536025024523,0.54688889867839685,0.47843061324018232,3,0,1,0,3.1184880172178029,-0.00027860356512650727,0.20322160391489308,-2.9116649757353121,-2.4246246517133154,0.25177314002156437,0,-0.0017805473161364429,0.0017805473161364429,0,0,0.00035610946322728857,-0.43805279028981664,9.7964533101177178,-9.8282648259482475,0.38466789925433453,5.6268994463241118,0.037934153570724355,-2.3193401042074019e-17,9.6418455894660919,-10.129314902850998,0.53860664102652089,5.6155339795692036,0.07142676907719292,-0.29244008608901417,9.6439822462454554,-10.130739340703908,0.53860664102652089,5.6155339795692036,0.071362669373812013,1,1.8307835762794629,1.7616246212198707,1,1,1
1785225140.2117918,2,1,0.87812536025024523,0.54688889867839685,0.47843061324018232,3,0,1,0,3.1184880172178029,-0.00031135253615500639,0.20326242147298657,-2.9116645011125435,-2.4246246517133154,0.25177219077602736,0,-0.0017805473161364429,0.0028488757058183086,0,0,0,-0.75663663777331969,9.6371613863759666,-9.9244318007618322,0.38466789925433453,5.6268994463241118,0,7.6576257623497062e-17,9.6445628347623718,-10.13047232051386,0.53879953418311011,5.6150494382950953,0.07138357008711306,-0.29244008608901412,9.6466994915417352,-10.132751421078515,0.53879953418311011,5.6150494382950953,0.07138357008711306,1,1.8307835762794629,1.7616246212198707,1,1,1
1785225140.2317917,2,1,0.87812536025024523,0.54688889867839685,0.47843061324018232,3,0,1,0,3.1184865933494974,-0.00036451028623025138,0.20332649554673798,-2.9116649757353121,-2.4246241770905468,0.25177219077602736,-0.00035610946322728857,-0.0039172040955001743,0.003204985169045597,0,0,0.00035610946322728857,-0.43805279028981664,9.7964533101177178,-10.116765750388998,0.75010240354595237,5.5257417034688476,-0.031611794642270291,6.9119368709952051e-17,9.6489459776164122,-10.132324882517281,0.53910499164348358,5.6142804812517904,0.071314024376748178,-0.29182758066000031,9.6536466225310118,-10.134888870652517,0.53910499164348358,5.6142804812517904,0.071249924673367271,1,1.8307835762794629,1.7616246212198707,1,1,1
1785225140.2517917,2,1,0.87812536025024523,0.54688889867839685,0.47843061324018232,3,0,1,0,3.1184851694811919,-0.00049835390695542178,0.20340813066292496,-2.9116654503580803,-2.4246232278450095,0.25177266539879589,0,-0.0092588460439095022,0.0046294230219547511,0.00035610946322728857,0,0.00035610946322728857,-0.59734471403156819,9.1592856151507114,-9.9244318007618322,0.75010240354595237,5.6648335998948367,-0.16438133213980552,7.8306650429820265e-17,9.6586704289091596,-10.13572915092405,0.5396668134013668,5.6128676286939809,0.071185720331268632,-0.29242584740595928,9.6697810441618515,-10.139432689341614,0.5395421750892373,5.6128676286939809,0.071121620627887724,1,1.8307835762794629,1.7616246212198707,1,1,1
1785225140.2717917,2,1,0.87812536025024523,0.54688889867839685,0.47843061324018232,3,0,1,0,3.1184851694811919,-0.00072142660816403926,0.20352014163629781,-2.9116654503580803,-2.4246232278450095,0.25177219077602736,0,-0.013176050139409676,0.0060538608748639056,0,0,0,-0.75663663777331969,9.3185775388924625,-10.020598775575415,0.4616014791052015,5.5952876516818417,0.107480101783719,1.675067499789595e-17,9.67446791986292,-10.141008633633843,0.54054137851391315,5.6106600376658005,0.070986555656362291,-0.29242584740595934,9.6902791800302115,-10.145851722333735,0.54054137851391315,5.6106600376658005,0.070986555656362291,1,1.8307835762794629,1.7616246212198707,1,1,1
1785225140.2917919,2,1,0.87812536025024523,0.54688889867839685,0.47843061324018232,3,0,1,0,3.1184856441039601,-0.00097060356164175015,0.20364354355611533,-2.9116645011125435,-2.4246232278450095,0.25177219077602736,0,-0.015668816382000697,0.0092588460439095022,0,0.00035610946322728857,0,0.63716769496700609,9.955745233859469,-10.289866305053449,0.4616014791052015,5.5573534981111177,0.107480101783719,4.2334589712024116e-17,9.6920816938418604,-10.146874756206842,0.54151481004173352,5.608205054508292,0.070764396458373319,-0.29242822051980027,9.7108842735002607,-10.154281833041969,0.54151481004173352,5.6081409548049113,0.070764396458373319,1,1.8307835762794629,1.7616246212198707,1,1,1
1785225140.3117919,2,1,0.87812536025024523,0.54688889867839685,0.47843061324018232,3,0,1,0,3.118483745612886,-0.0014025102810031158,0.20396866015255768,-2.9116645011125435,-2.4246232278450095,0.25177171615325883,0,-0.022078786720091892,0.018517692087819004,0,0,0.00035610946322728857,0.79645961870875759,10.274329081342973,-10.482200254680617,0.65393542873236876,5.6268994463241118,0.24024963928125423,5.1036373505137784e-17,9.7244369203209047,-10.158795636213314,0.54349008103335794,5.6032138998074137,0.07031392173829297,-0.29241872806442964,9.7509314643850153,-10.173609789883569,0.54349008103335794,5.6032138998074137,0.070249822034912063,1,1.8307835762794629,1.7616246212198707,1,1,1
1785225140.3317919,2,1,0.87812536025024523,0.54688889867839685,0.47843061324018232,3,0,1,0,3.1184813724990437,-0.0019018134334955956,0.20441385630943787,-2.911665924980849,-2.4246232278450095,0.25177219077602736,0,-0.02706431920527393,0.026708209742046643,0,0,0.00035610946322728857,0,10.592912928826475,-10.482200254680617,0.55776845391878516,5.5573534981111177,0.107480101783719,-7.9600387066991013e-18,9.7629749800311352,-10.173666027346304,0.54595190249434566,5.5969820941428692,0.069751423458194073,-0.29240686249521808,9.7954521630774636,-10.19503259513994,0.54595190249434566,5.5969820941428692,0.069687323754813166,1,1.8307835762794629,1.7616246212198707,1,1,1
1785225140.3517919,2,1,0.87812536025024523,0.54688889867839685,0.47843061324018232,3,0,1,0,3.118480897876275,-0.0024647160369709576,0.20507595507153578,-2.911665924980849,-2.4246232278450095,0.25177171615325883,-0.00035610946322728857,-0.028488757058183087,0.037391493638865299,0,0,0,-0.27876086654806514,9.7964533101177178,-10.482200254680617,0.55776845391878516,5.4245839606135826,0.27186143392352452,5.5496221504113509e-18,9.809026971652834,-10.192932706060699,0.54914685389561924,5.5888922929420923,0.069022079998423469,-0.29179910329388847,9.8432134801226532,-10.222845900971791,0.54914685389561924,5.5888922929420923,0.069022079998423469,1,1.8307835762794629,1.7616246212198707,1,1,1
1785225140.3717918,2,1,0.87812536025024523,0.54688889867839685,0.47843061324018232,3,0,1,0,3.1184813724990437,-0.003055146761021,0.2058889838740259,-2.911665924980849,-2.4246227532222413,0.2517712415304903,0,-0.032405961153683258,0.046650339682774801,0,0,0,-0.43805279028981664,9.7964533101177178,-10.020598775575415,0.84626937835953597,5.5573534981111177,-0.10115774285526494,6.9086839722075127e-17,9.8592566697598745,-10.214991081809485,0.55280633344985464,5.5796168673259547,0.068186422985633599,-0.29240686249521802,9.8981438231442951,-10.252311353555704,0.55280633344985464,5.5796168673259547,0.068186422985633599,1,1.8307835762794629,1.7616246212198707,1,1,1
1785225140.3947697,2,1,0.87812536025024523,0.54688889867839685,0.47843061324018232,3,0,1,0,3.1184804232535064,-0.0036602907908954412,0.20677652845117508,-2.911665924980849,-2.4246227532222413,0.2517712415304903,0,-0.037035384175638009,0.057689733042820747,0,0,0,0.15929192374175152,10.274329081342973,-10.386033279867034,0.55776845391878516,5.5257417034688476,-0.16438133213980552,3.3215698845223928e-17,9.9116004792924706,-10.238426989821781,0.55669699664632166,5.5697364084677314,0.067296967594965035,-0.2924021162675316,9.9560429403032362,-10.284578776256037,0.55669699664632166,5.5697364084677314,0.067296967594965035,1,1.8307835762794629,1.7616246212198707,1,1,1
1785225140.4147696,2,1,0.87812536025024523,0.54688889867839685,0.47843061324018232,3,0,1,0,3.1184785247624323,-0.0046062139685736844,0.2084476752191656,-2.911665924980849,-2.4246237024677781,0.25177171615325883,0,-0.036323165249183435,0.07050967371900313,0,-0.00035610946322728857,0,0.47787577122525454,9.7964533101177178,-10.386033279867034,0.4616014791052015,5.6268994463241118,0,1.196303434304162e-16,9.9979980765526797,-10.279455771682418,0.56351493577252365,5.55237718493734,0.065736554701075714,-0.29239262381216091,10.0415858748517,-10.335863510657621,0.56351493577252365,5.5524412846407207,0.065736554701075714,1,1.8307835762794629,1.7616246212198707,1,1,1
1785225140.4347696,2,1,0.87812536025024523,0.54688889867839685,0.47843061324018232,3,0,1,0,3.1184789993852009,-0.0053793744585073815,0.20994985628155979,-2.911665924980849,-2.4246232278450095,0.2517712415304903,0,-0.040596478807910896,0.082261286005503656,0,0,0,-0.75663663777331969,10.274329081342973,-10.5783672294942,0.38466789925433453,5.5952876516818417,0.107480101783719,7.7136617357691502e-17,10.07079140156827,-10.315079644301164,0.56944009050189337,5.5372622948336891,0.064380545486584007,-0.29239499692600418,10.119507176137763,-10.380888673105567,0.56944009050189337,5.5372622948336891,0.064380545486584007,1,1.8307835762794629,1.7616246212198707,1,1,1
1785225140.4547696,2,1,0.87812536025024523,0.54688889867839685,0.47843061324018232,3,0,1,0,3.1184794740079695,-0.0062303730824798311,0.21160439125265182,-2.911665924980849,-2.4246237024677781,0.25177076690772177,0,-0.047006449146002091,0.080124629226139929,-0.00035610946322728857,0,0,-0.59734471403156819,10.592912928826475,-10.020598775575415,0.38466789925433453,5.5257417034688476,-0.10115774285526494,1.3754847737474409e-16,10.150862736641471,-10.354239896961507,0.57596099366110376,5.5205783761375358,0.062886673719248207,-0.29239737003984734,10.207270475616674,-10.418339600342419,0.57608563197323326,5.5205783761375358,0.062886673719248207,1,1.8307835762794629,1.7616246212198707,1,1,1
1785225140.4747696,2,1,0.87812536025024523,0.54688889867839685,0.47843061324018232,3,0,1,0,3.1184771008941268,-0.0072612537357247603,0.21312555722578716,-2.9116663996036176,-2.4246241770905468,0.25177076690772177,0,-0.053416419484093286,0.076207425130639758,0,-0.00035610946322728857,0,-0.75663663777331969,10.433621005084724,-10.386033279867034,0.75010240354595237,5.4941299088265767,0.037934153570724355,3.0360314787114927e-17,10.239933177703819,-10.394063457337008,0.58259842647658266,5.5035491497234519,0.061364443263008939,-0.29238550447063355,10.30403288108473,-10.455029397441519,0.58259842647658266,5.5036132494268326,0.061364443263008939,1,1.8307835762794629,1.7616246212198707,1,1,1
1785225140.4947696,2,1,0.87812536025024523,0.54688889867839685,0.47843061324018232,3,0,1,0,3.1184756770258213,-0.0083842112060643105,0.21471364500928511,-2.9116682980946917,-2.4246237024677781,0.2517712415304903,0.00035610946322728857,-0.060538608748639054,0.080480738689367212,0,0,0,0,10.752204852568227,-10.751467784158651,0.65393542873236876,5.5952876516818417,-0.063223589284540582,1.5443691711941599e-16,10.335776686783699,-10.436307140859578,0.58964335468447349,5.4854260700851682,0.059747280537436831,-0.29298377121659241,10.408423017282066,-10.500691731811072,0.58964335468447349,5.4854260700851682,0.059747280537436831,1,1.8307835762794629,1.7616246212198707,1,1,1
1785225140.5147696,2,1,0.87812536025024523,0.54688889867839685,0.47843061324018232,3,0,1,0,3.1184761516485895,-0.0096101618171746481,0.2163354310093486,-2.9116682980946917,-2.4246241770905468,0.2517712415304903,0,-0.059470280358957191,0.0840418333216401,0.00035610946322728857,-0.00035610946322728857,0,-0.43805279028981664,10.274329081342973,-10.482200254680617,0.55776845391878516,5.5573534981111177,0.13909189642598929,1.2364210983036016e-16,10.438497392993327,-10.480585945314782,0.59704150277486379,5.4663396121031234,0.058047599999754985,-0.29238075824294707,10.509861729424076,-10.547819411972094,0.59691686446273429,5.4664037118065041,0.058047599999754985,1,1.8307835762794629,1.7616246212198707,1,1,1
1785225140.5347698,2,1,0.87812536025024523,0.54688889867839685,0.47843061324018232,3,0,1,0,3.1184761516485895,-0.01073691626966243,0.21809960383997082,-2.9116682980946917,-2.4246241770905468,0.2517712415304903,-0.00035610946322728857,-0.056977514116366174,0.087602927953912987,0,0,0,-1.0752204852568228,11.230080623793482,-10.482200254680617,0.38466789925433453,5.4245839606135826,0.107480101783719,4.5240459996096223e-17,10.53725268839321,-10.525454411635707,0.60454703060206572,5.4469216058511938,0.056321783106134254,-0.29177537215546073,10.60562570533285,-10.595536753998838,0.60454703060206572,5.4469216058511938,0.056321783106134254,1,1.8307835762794629,1.7616246212198707,1,1,1
1785225140.5547698,2,1,0.87812536025024523,0.54688889867839685,0.47843061324018232,3,0,1,0,3.1184756770258213,-0.011901640543632531,0.21990839121083472,-2.9116682980946917,-2.4246232278450095,0.2517712415304903,0.00035610946322728857,-0.056621404653138883,0.098642321313958933,0,0,-0.00035610946322728857,0,10.11503715760122,-10.943801733785818,0.19233394962716727,5.4561957552558527,0.069545948212994646,2.0646379975051681e-16,10.63901077313233,-10.571521333415244,0.61226196697051849,5.4269078928622925,0.05454641632670193,-0.29298377121659236,10.706956458716098,-10.650435190466412,0.61226196697051849,5.4269078928622925,0.054610516030082844,1,1.8307835762794629,1.7616246212198707,1,1,1
1785225140.5747697,2,1,0.87812536025024523,0.54688889867839685,0.47843061324018232,3,0,1,0,3.1184752024030526,-0.012975237246045069,0.22213674510907824,-2.9116687727174604,-2.4246232278450095,0.25177171615325883,0,-0.053416419484093286,0.11431113769595963,0.00035610946322728857,0,0.00035610946322728857,-0.27876086654806514,10.752204852568227,-10.943801733785818,0.55776845391878516,5.3929721659713117,0,1.68636543781688e-16,10.741743887217716,-10.622563374688713,0.62082153264359985,5.4046201373223806,0.052573929278378159,-0.29237601201526281,10.805843590598627,-10.714012284845481,0.62069689433147035,5.4046201373223806,0.052509829574997245,1,1.8307835762794629,1.7616246212198707,1,1,1
1785225140.5947697,2,1,0.87812536025024523,0.54688889867839685,0.47843061324018232,3,0,1,0,3.1184756770258213,-0.014083956033328749,0.22446524441148138,-2.9116687727174604,-2.4246241770905468,0.2517712415304903,0,-0.049855324851820398,0.11324280930627777,0,0,0,-0.43805279028981664,9.7964533101177178,-10.482200254680617,0.92320295821040299,5.4245839606135826,-0.16438133213980552,6.6995098213586367e-17,10.848143952249703,-10.675566609332028,0.62972533567500322,5.3813501185511763,0.050520342291116994,-0.29237838512910613,10.907970342071888,-10.76616085677705,0.62972533567500322,5.3813501185511763,0.050520342291116994,1,1.8307835762794629,1.7616246212198707,1,1,1
1785225140.6147697,2,1,0.87812536025024523,0.54688889867839685,0.47843061324018232,3,0,1,0,3.1184752024030526,-0.015015165905182594,0.22668695359096552,-2.9116692473402286,-2.4246227532222413,0.2517712415304903,-0.00035610946322728857,-0.049499215388593108,0.11716001340177794,0,0.00035610946322728857,-0.00035610946322728857,0,11.668133414083298,-10.655300809345068,0.4616014791052015,5.3929721659713117,0,4.0447617196005751e-17,10.941688374502306,-10.724095277434662,0.63788594510342311,5.3599646455254604,0.0486365164376312,-0.29177062592777653,11.001087432968617,-10.817823288156085,0.63788594510342311,5.3599005458220796,0.048700616141012114,1,1.8307835762794629,1.7616246212198707,1,1,1
1785225140.6347697,2,1,0.87812536025024523,0.54688889867839685,0.47843061324018232,3,0,1,0,3.1184733039119785,-0.016024213911075193,0.229037285540721,-2.9116701965857659,-2.4246227532222413,0.2517712415304903,-0.00035610946322728857,-0.046650339682774801,0.11929667018114166,0,0,-0.00035610946322728857,-0.75663663777331969,10.752204852568227,-11.020735313636685,0.84626937835953597,5.3929721659713117,0,1.0297304391897017e-16,11.042009650117357,-10.775677088654669,0.64657279867092243,5.3371096066459662,0.046628576034639352,-0.29176113347240584,11.097990057736688,-10.871114424799583,0.64657279867092243,5.3371096066459662,0.046692675738020266,1,1.8307835762794629,1.7616246212198707,1,1,1
1785225140.6547697,2,1,0.87812536025024523,0.54688889867839685,0.47843061324018232,3,0,1,0,3.1184728292892099,-0.016897994427937033,0.23149250912232136,-2.9116706712085345,-2.4246232278450095,0.25177171615325883,0,-0.04237702612404734,0.12000888910759624,0,0,0.00035610946322728857,0,11.230080623793482,-11.213069263263852,0.75010240354595237,5.3234262177583176,0.24024963928125423,8.1182292514529599e-17,11.135473911463919,-10.826670028383589,0.65517427770957637,5.3143987766614238,0.044637645783720807,-0.29236414644604908,11.186326342812775,-10.922677139669666,0.65517427770957637,5.3143987766614238,0.044573546080339893,1,1.8307835762794629,1.7616246212198707,1,1,1
1785225140.6747696,2,1,0.87812536025024523,0.54688889867839685,0.47843061324018232,3,0,1,0,3.1184728292892099,-0.017736178237159197,0.23400183969953406,-2.9116701965857659,-2.4246203801083985,0.2517712415304903,0,-0.039884259881456316,0.13852658119541525,0.00035610946322728857,0.00035610946322728857,0,0,10.911496776309978,-10.655300809345068,0.55776845391878516,5.2538802695453226,0.069545948212994646,1.4259598806222844e-16,11.227488985151458,-10.8778481324614,0.6638191268588316,5.2915253921941492,0.04263635311109594,-0.29236414644604897,11.275350097009206,-10.988669397417732,0.6636944885467021,5.2914612924907685,0.04263635311109594,1,1.8307835762794629,1.7616246212198707,1,1,1
1785225140.6947696,2,1,0.87812536025024523,0.54688889867839685,0.47843061324018232,3,0,1,0,3.1184728292892099,-0.018478013624369984,0.23686713735314346,-2.9116706712085345,-2.4246194308628612,0.2517712415304903,0,-0.036323165249183435,0.13888269065864253,0,0,0,0,11.668133414083298,-10.943801733785818,0.4616014791052015,5.3929721659713117,0.13909189642598929,3.3368442538585526e-17,11.319041294617115,-10.932849595761787,0.67312370136104305,5.2667968642226404,0.040478760543626452,-0.29236414644604908,11.362629092916135,-11.043955748288701,0.67312370136104305,5.2667968642226404,0.040478760543626452,1,1.8307835762794629,1.7616246212198707,1,1,1
1785225140.7147696,2,1,0.87812536025024523,0.54688889867839685,0.47843061324018232,3,0,1,0,3.1184723546664412,-0.019195168627617262,0.23955207835471187,-2.9116711458313027,-2.4246194308628612,0.2517712415304903,0.00035610946322728857,-0.035254836859501565,0.13710214334250609,0.00035610946322728857,0.00035610946322728857,0,0,11.986717261566801,-11.482336792741886,0.84626937835953597,5.2538802695453226,0.037934153570724355,1.2274355548651145e-16,11.406059982980388,-10.984590237694944,0.68189102088051978,5.2434049288574931,0.038443110711779339,-0.2929671594196922,11.44836578721179,-11.094271952368949,0.68176638256839028,5.2433408291541124,0.038443110711779339,1,1.8307835762794629,1.7616246212198707,1,1,1
1785225140.7347696,2,1,0.87812536025024523,0.54688889867839685,0.47843061324018232,3,0,1,0,3.118471880043673,-0.019942699488050393,0.24237418533638513,-2.9116716204540714,-2.4246165831262503,0.2517712415304903,0,-0.040596478807910896,0.13496548656314236,0,0,0,-0.91592856151507118,11.668133414083298,-11.11690228845027,0.84626937835953597,5.1843343213323276,0.24024963928125423,1.1318184622526567e-16,11.497019707620762,-11.038765416096359,0.69108255071551739,5.2188157030320825,0.036307467296638835,-0.29235940021836482,11.545735482190254,-11.146737805346874,0.69108255071551739,5.2188157030320825,0.036307467296638835,1,1.8307835762794629,1.7616246212198707,1,1,1
1785225140.7547696,2,1,0.87812536025024523,0.54688889867839685,0.47843061324018232,3,0,1,0,3.1184709307981358,-0.020773763955744626,0.24499647613250772,-2.9116716204540714,-2.4246184816173244,0.2517712415304903,0,-0.038815931491774452,0.13603381495282424,0,0,0,-0.27876086654806514,12.146009185308552,-10.655300809345068,0.65393542873236876,5.1211107320477876,-0.10115774285526494,1.316178506858603e-16,11.589827706226977,-11.091008819907749,0.69996554233914432,5.1949318046893467,0.034239574334086122,-0.29235465399067839,11.636406824017106,-11.199835871870009,0.69996554233914432,5.1949318046893467,0.034239574334086122,1,1.8307835762794629,1.7616246212198707,1,1,1
1785225140.7747695,2,1,0.87812536025024523,0.54688889867839685,0.47843061324018232,3,0,1,0,3.1184699815525989,-0.021463390838417223,0.24783566953384803,-2.9116725696996086,-2.4246170577490189,0.2517712415304903,0,-0.032762070616910548,0.13923880012186982,-0.00035610946322728857,0.00035610946322728857,0,0,11.230080623793482,-11.40540321289102,0.75010240354595237,5.1211107320477876,0.13909189642598929,3.3616258347309896e-17,11.677185648670848,-11.144287381530873,0.70903350259748055,5.1704852484927484,0.032127316249124169,-0.29234990776299424,11.716500133411142,-11.255678421628369,0.70915814090961005,5.1704211487893676,0.032127316249124169,1,1.8307835762794629,1.7616246212198707,1,1,1
1785225140.7947698,2,1,0.87812536025024523,0.54688889867839685,0.47843061324018232,3,0,1,0,3.1184695069298303,-0.022134032810348665,0.25044562013798888,-2.9116735189451455,-2.4246184816173244,0.2517712415304903,-0.00035610946322728857,-0.033474289543365128,0.13176050139409676,0,0,0,-1.0752204852568228,11.82742533782505,-11.867004691996222,0.65393542873236876,5.1843343213323276,0.037934153570724355,5.4056486661605355e-17,11.759616882553825,-11.193675903970291,0.7174546189011084,5.1476812328125838,0.03016260219091316,-0.29174214856166464,11.799786030005864,-11.299084305085568,0.7174546189011084,5.1476812328125838,0.03016260219091316,1,1.8307835762794629,1.7616246212198707,1,1,1
1785225140.8147697,2,1,0.87812536025024523,0.54688889867839685,0.47843061324018232,3,0,1,0,3.1184695069298303,-0.022771451188483074,0.25319890681822543,-2.9116735189451455,-2.4246165831262503,0.25177171615325883,-0.00035610946322728857,-0.030981523300774104,0.1335410487102332,0,0,0,-0.27876086654806514,11.986717261566801,-10.943801733785818,0.84626937835953597,5.0831765784770635,0.069545948212994646,1.7644675682674344e-16,11.842136656180386,-11.244619687787473,0.72615287902615289,5.1240777893244882,0.028131766133213849,-0.29174214856166453,11.879314484141315,-11.35145252675566,0.72615287902615289,5.1240777893244882,0.028131766133213849,1,1.8307835762794629,1.7616246212198707,1,1,1
1785225140.8347697,2,1,0.87812536025024523,0.54688889867839685,0.47843061324018232,3,0,1,0,3.1184699815525989,-0.023283569155725835,0.25571203437758633,-2.9116735189451455,-2.4246161085034816,0.2517712415304903,0,-0.020654348867182738,0.12713107837214202,0,0,0,-0.91592856151507118,11.230080623793482,-11.11690228845027,0.84626937835953597,5.0515647838347926,-0.13276953749753523,1.0270772273034488e-16,11.913030138163126,-11.28995588879474,0.73390652559538372,5.1029598422843883,0.026319851972957681,-0.29234990776299419,11.937815356803746,-11.391660751492454,0.73390652559538372,5.1029598422843883,0.026319851972957681,1,1.8307835762794629,1.7616246212198707,1,1,1
1785225140.8547697,2,1,0.87812536025024523,0.54688889867839685,0.47843061324018232,3,0,1,0,3.1184704561753671,-0.023655198783484023,0.25839460226531208,-2.9116735189451455,-2.4246142100124075,0.2517712415304903,0,-0.017093254234909851,0.13852658119541525,0,0,0,0.63716769496700609,11.668133414083298,-12.040105246660671,0.75010240354595237,5.0831765784770635,0.24024963928125423,9.8471907306731164e-17,11.977795396232468,-11.335633792860957,0.7417278579048121,5.081602623835515,0.024490393673048588,-0.29235228087683518,11.998307301314359,-11.446455057817289,0.7417278579048121,5.081602623835515,0.024490393673048588,1,1.8307835762794629,1.7616246212198707,1,1,1
1785225140.8747697,2,1,0.87812536025024523,0.54688889867839685,0.47843061324018232,3,0,1,0,3.1184709307981358,-0.023897256395433799,0.26105628675122255,-2.9116735189451455,-2.4246108876530279,0.25177171615325883,0,-0.006409970338091194,0.13069217300441491,0,-0.00035610946322728857,0.00035610946322728857,0.31858384748350305,11.82742533782505,-11.482336792741886,1.1155369078375703,4.9820188356217985,-0.10115774285526494,4.8103083988671402e-17,12.034146724223067,-11.378976782074218,0.74915782401211262,5.0612645012704709,0.02275092164899448,-0.29235465399067845,12.041838688628777,-11.48353052047775,0.74915782401211262,5.0613286009738516,0.022686821945613569,1,1.8307835762794629,1.7616246212198707,1,1,1
1785225140.8947697,2,1,0.87812536025024523,0.54688889867839685,0.47843061324018232,3,0,1,0,3.1184699815525989,-0.023943769426749639,0.2637872661613383,-2.9116735189451455,-2.4246123115213334,0.2517712415304903,0,-0.00071221892645457715,0.12641885944568745,0,0,0,-0.11946894280631364,11.82742533782505,-11.482336792741886,0.84626937835953597,5.1211107320477876,0.13909189642598929,1.0339569309756912e-16,12.079381095803917,-11.420312321312188,0.75625761120674184,5.0417377869982216,0.021086330776389103,-0.29234990776299419,12.080235758515663,-11.521447408868738,0.75625761120674184,5.0417377869982216,0.021086330776389103,1,1.8307835762794629,1.7616246212198707,1,1,1
1785225140.9147696,2,1,0.87812536025024523,0.54688889867839685,0.47843061324018232,3,0,1,0,3.1184699815525989,-0.023945193295055223,0.26609061045700938,-2.9116735189451455,-2.424606616048111,0.2517712415304903,0,0.00035610946322728857,0.12321387427664185,0,0.00035610946322728857,0,-0.59734471403156819,11.508841490341547,-11.482336792741886,0.75010240354595237,5.0515647838347926,-0.16438133213980552,8.7968309442482476e-17,12.115185310950217,-11.454598410984485,0.76214687500314993,5.0255540669365102,0.019706460622660814,-0.29234990776299419,12.114757979594344,-11.553169510405798,0.76214687500314993,5.0254899672331295,0.019706460622660814,1,1.8307835762794629,1.7616246212198707,1,1,1
1785225140.9347696,2,1,0.87812536025024523,0.54688889867839685,0.47843061324018232,3,0,1,0,3.1184699815525989,-0.023940921690138464,0.26850311798944215,-2.9116730443223768,-2.4246108876530279,0.25177171615325883,0,0,0.11253059037982319,0.00035610946322728857,0.00035610946322728857,0.00035610946322728857,-0.11946894280631364,12.305301109050305,-11.309236238077435,1.0193699330239865,5.0199529891925225,0.069545948212994646,1.0047284997136249e-16,12.152188018085024,-11.490282306113585,0.76829324004882027,5.0085427022391578,0.01826133227059976,-0.29234990776299419,12.152188018085024,-11.580306778417443,0.76816860173669077,5.008478602535777,0.018197232567218849,1,1.8307835762794629,1.7616246212198707,1,1,1
1785225140.9547696,2,1,0.87812536025024523,0.54688889867839685,0.47843061324018232,3,0,1,0,3.1184704561753671,-0.023940447067369936,0.27065980384963784,-2.9116730443223768,-2.4246085145391851,0.25177076690772177,0,0,0.10861338628432302,0,0.00035610946322728857,-0.00035610946322728857,-0.43805279028981664,11.986717261566801,-11.213069263263852,0.55776845391878516,5.0199529891925225,0.13909189642598929,7.0404141995082159e-17,12.185463535083876,-11.522223106509564,0.77379462671321531,4.993330685384219,0.01697007480664265,-0.29235228087683524,12.185463535083876,-11.609113815537022,0.77379462671321531,4.9932665856808383,0.017034174510023561,1,1.8307835762794629,1.7616246212198707,1,1,1
1785225140.9747696,2,1,0.87812536025024523,0.54688889867839685,0.47843061324018232,3,0,1,0,3.1184699815525989,-0.023944244049518167,0.27285208641747316,-2.9116735189451455,-2.4246085145391851,0.2517712415304903,0,-0.00035610946322728857,0.10327174433591368,-0.00035610946322728857,-0.00035610946322728857,0.00035610946322728857,-0.11946894280631364,12.146009185308552,-11.674670742369054,0.75010240354595237,4.9504070409795276,0.13909189642598929,9.8506264442544974e-17,12.219481088769262,-11.554684688380609,0.77939166769495893,4.9777964773391057,0.015653465426648062,-0.29234990776299419,12.219908420125135,-11.63730208384934,0.77951630600708843,4.9778605770424864,0.01558936572326715,1,1.8307835762794629,1.7616246212198707,1,1,1
1785225140.9947696,2,1,0.87812536025024523,0.54688889867839685,0.47843061324018232,3,0,1,0,3.1184699815525989,-0.023946142540592283,0.27476861315679313,-2.9116725696996086,-2.4246089891619538,0.2517712415304903,0,-0.00035610946322728857,0.094012898292004182,0.00035610946322728857,0,0,0,11.82742533782505,-11.674670742369054,0.75010240354595237,4.8176375034819925,-0.13276953749753523,1.1904211473839065e-16,12.24907831320081,-11.582989068518078,0.7842805480882491,4.964203622868351,0.014502819390853298,-0.29234990776299419,12.249505644556683,-11.658199387151681,0.7841559097761196,4.964203622868351,0.014502819390853298,1,1.8307835762794629,1.7616246212198707,1,1,1
1785225141.0147696,2,1,0.87812536025024523,0.54688889867839685,0.47843061324018232,3,0,1,0,3.1184704561753671,-0.023945667917823755,0.27657455279104587,-2.9116730443223768,-2.4246075652936483,0.2517712415304903,0,0.00035610946322728857,0.083685723858412817,0,0,0,-1.0752204852568228,12.783176880275558,-11.770837717182637,0.4616014791052015,5.0199529891925225,-0.16438133213980552,1.0103490561157876e-16,12.276808023482349,-11.609607006309059,0.7888770452568028,4.9514073760701214,0.013420960368132189,-0.29235228087683518,12.276380692126477,-11.676555585395789,0.7888770452568028,4.9514073760701214,0.013420960368132187,1,1.8307835762794629,1.7616246212198707,1,1,1
1785225141.0347698,2,1,0.87812536025024523,0.54688889867839685,0.47843061324018232,3,0,1,0,3.1184704561753671,-0.023944718672286695,0.27819016869511853,-2.9116725696996086,-2.4246080399164169,0.25177076690772177,0,0,0.080124629226139929,-0.00035610946322728857,0.00035610946322728857,-0.00035610946322728857,-0.27876086654806514,12.623884956533807,-11.40540321289102,0.75010240354595237,5.0199529891925225,-0.10115774285526494,3.3290020860039421e-16,12.301534563168616,-11.633364189759355,0.79298688217872282,4.9399374008736388,0.012452853819594073,-0.29235228087683496,12.301534563168616,-11.697463893140267,0.79311152049085232,4.939873301170258,0.012516953522974985,1,1.8307835762794629,1.7616246212198707,1,1,1
1785225141.0547698,2,1,0.87812536025024523,0.54688889867839685,0.47843061324018232,3,0,1,0,3.1184704561753671,-0.023946617163360811,0.2797398120343656,-2.91167209507684,-2.4246080399164169,0.2517712415304903,0,-0.00035610946322728857,0.072646330498366871,0,0,0,0.47787577122525454,11.986717261566801,-11.943938271847088,0.55776845391878516,4.9187952463372575,0.037934153570724355,1.8700832671964475e-16,12.325399524842688,-11.656168428401219,0.79693390362961214,4.9289072354479035,0.011522061276494558,-0.29235228087683512,12.32582685619856,-11.714285492799913,0.79693390362961214,4.9289072354479035,0.011522061276494557,1,1.8307835762794629,1.7616246212198707,1,1,1
1785225141.0747697,2,1,0.87812536025024523,0.54688889867839685,0.47843061324018232,3,0,1,0,3.1184704561753671,-0.023955160373194333,0.28113425372830375,-2.91167209507684,-2.4246080399164169,0.2517712415304903,0,-0.0010683283896818657,0.07193411157191229,0,0,0,-0.59734471403156819,12.623884956533807,-11.482336792741886,0.84626937835953597,4.8808610927665335,-0.30347322856579484,1.993347305140858e-16,12.347271593666402,-11.676766577227955,0.80050072653729842,4.918922697420304,0.010680836823638132,-0.29235228087683507,12.34855358773402,-11.734313866485484,0.80050072653729842,4.918922697420304,0.010680836823638132,1,1.8307835762794629,1.7616246212198707,1,1,1
1785225141.0947697,2,1,0.87812536025024523,0.54688889867839685,0.47843061324018232,3,0,1,0,3.1184704561753671,-0.023963703583027855,0.28274844576407077,-2.9116716204540714,-2.4246080399164169,0.2517712415304903,0,0.00035610946322728857,0.08546627117454926,0,0,0,-0.75663663777331969,12.305301109050305,-12.136272221474256,0.65393542873236876,4.8808610927665335,0.107480101783719,1.5197446915351309e-16,12.372477457180359,-11.700561314413443,0.80462517327318617,4.9073623791028842,0.0097076138774154913,-0.29235228087683512,12.372050125824487,-11.768934331353083,0.80462517327318617,4.9073623791028842,0.0097076138774154913,1,1.8307835762794629,1.7616246212198707,1,1,1
1785225141.1147697,2,1,0.87812536025024523,0.54688889867839685,0.47843061324018232,3,0,1,0,3.1184709307981358,-0.023962754337490799,0.28441721941821863,-2.9116711458313027,-2.4246085145391851,0.25177076690772177,0,0,0.086178490101003827,0,0,0,-1.3938043327403258,11.986717261566801,-11.867004691996222,0.92320295821040299,4.8808610927665335,0.069545948212994646,8.0959465380440952e-17,12.39789847529342,-11.724981811371926,0.80886203009746804,4.8954638265763357,0.0087075094072227351,-0.29235465399067845,12.39789847529342,-11.793924603452728,0.80886203009746804,4.8954638265763357,0.0087075094072227369,1,1.8307835762794629,1.7616246212198707,1,1,1
1785225141.1347697,2,1,0.87812536025024523,0.54688889867839685,0.47843061324018232,3,0,1,0,3.1184704561753671,-0.023968449810713145,0.28609928250988531,-2.9116711458313027,-2.4246085145391851,0.25177076690772177,-0.00035610946322728857,-0.00071221892645457715,0.076563534593867041,0.00035610946322728857,0,0,-0.75663663777331969,11.82742533782505,-11.482336792741886,0.75010240354595237,4.8176375034819925,0.037934153570724355,1.1090748808259269e-16,12.423902878200495,-11.749666991496074,0.81314627657426519,4.8834126076905102,0.0076954535977260272,-0.29174689478934879,12.424757540912241,-11.810917819171168,0.81302163826213569,4.8834126076905102,0.0076954535977260263,1,1.8307835762794629,1.7616246212198707,1,1,1
1785225141.1547697,2,1,0.87812536025024523,0.54688889867839685,0.47843061324018232,3,0,1,0,3.1184704561753671,-0.024028252279547795,0.28759766659013131,-2.9116711458313027,-2.4246061414253428,0.25177076690772177,0.00035610946322728857,-0.0049855324851820395,0.078700191373230768,0,0,0,-0.75663663777331969,12.305301109050305,-11.213069263263852,0.75010240354595237,4.7797033499112684,-0.26553907499507046,1.6981647665008026e-16,12.450417409154847,-11.772445800359824,0.81710046593770214,4.8722913971892252,0.0067617028306659836,-0.29295766696432152,12.456400048137064,-11.835405953458409,0.81710046593770214,4.8722913971892252,0.0067617028306659818,1,1.8307835762794629,1.7616246212198707,1,1,1
1785225141.1747696,2,1,0.87812536025024523,0.54688889867839685,0.47843061324018232,3,0,1,0,3.1184704561753671,-0.024134567779698284,0.28922894504556534,-2.9116711458313027,-2.4246056668025742,0.25177076690772177,0,-0.0042733135587274627,0.081192957615821792,0,0,0,-0.27876086654806514,12.305301109050305,-11.770837717182637,0.75010240354595237,4.9504070409795276,0.24024963928125423,2.1735178219782895e-16,12.481764048209982,-11.79779775807015,0.82150677456813082,4.859860070150849,0.005719847469319932,-0.29235228087683507,12.486892024480454,-11.862752124162807,0.82150677456813082,4.859860070150849,0.0057198474693199303,1,1.8307835762794629,1.7616246212198707,1,1,1
1785225141.1947696,2,1,0.87812536025024523,0.54688889867839685,0.47843061324018232,3,0,1,0,3.1184704561753671,-0.024166842127958256,0.29084028934472123,-2.9116706712085345,-2.4246070906708796,0.2517712415304903,0,0,0.082261286005503656,0.00035610946322728857,0,0,-1.0752204852568228,12.623884956533807,-12.232439196287839,0.84626937835953597,4.8176375034819925,-0.30347322856579484,4.7074646660597468e-17,12.508214061964036,-11.821730913827636,0.82567249214084504,4.8480743074252164,0.0047333071842796887,-0.29235228087683524,12.508214061964036,-11.887539942632039,0.82554785382871554,4.8480743074252164,0.0047333071842796878,1,1.8307835762794629,1.7616246212198707,1,1,1
1785225141.2147696,2,1,0.87812536025024523,0.54688889867839685,0.47843061324018232,3,0,1,0,3.1184709307981358,-0.024187725529773531,0.29253231951452702,-2.9116706712085345,-2.424606616048111,0.25177076690772177,0,-0.0017805473161364429,0.08546627117454926,0,0.00035610946322728857,-0.00035610946322728857,0.31858384748350305,12.623884956533807,-12.309372776138705,1.0193699330239865,4.8808610927665335,-0.063223589284540582,1.2353361759731193e-16,12.535172394553758,-11.846655523368195,0.83001168220237775,4.835791464679998,0.0037065258665518693,-0.29235465399067839,12.537309051333121,-11.915028540307835,0.83001168220237775,4.8357273649766173,0.003770625569932779,1,1.8307835762794629,1.7616246212198707,1,1,1
1785225141.2347696,2,1,0.87812536025024523,0.54688889867839685,0.47843061324018232,3,0,1,0,3.1184709307981358,-0.024235662429394955,0.29423906299015723,-2.9116706712085345,-2.4246056668025742,0.25177076690772177,0,-0.0021366567793637313,0.091876241512640455,0,0,0,0,12.305301109050305,-11.943938271847088,0.92320295821040299,4.8808610927665335,-0.031611794642270291,1.2742990341043882e-16,12.563981297371557,-11.872156257200636,0.83445411358311672,4.823197913099829,0.002654507683401685,-0.29235465399067839,12.566545285506793,-11.945657250410749,0.83445411358311672,4.823197913099829,0.0026545076834016829,1,1.8307835762794629,1.7616246212198707,1,1,1
1785225141.2547696,2,1,0.87812536025024523,0.54688889867839685,0.47843061324018232,3,0,1,0,3.1184709307981358,-0.024251799603524943,0.29631506297970295,-2.9116697219629972,-2.4246061414253428,0.25177029228495323,0,0,0.10790116735786844,0,0.00035610946322728857,0,-0.27876086654806514,13.261052651500814,-12.309372776138705,0.65393542873236876,4.8808610927665335,0.037934153570724355,8.2948485946893927e-17,12.596373369711404,-11.902498718832515,0.83974905155182733,4.8081515671543951,0.0013995918587091686,-0.29235465399067845,12.596373369711404,-11.98881965271881,0.83974905155182733,4.8080874674510143,0.0013995918587091719,1,1.8307835762794629,1.7616246212198707,1,1,1
1785225141.2747695,2,1,0.87812536025024523,0.54688889867839685,0.47843061324018232,3,0,1,0,3.1184709307981358,-0.024254172717367586,0.29841384486213807,-2.9116697219629972,-2.424606616048111,0.25177029228495323,0,-0.00035610946322728857,0.1093256052107776,0,0,0,0,12.783176880275558,-11.867004691996222,0.65393542873236876,4.8492492981242625,-0.23392728035280017,1.8988646090345337e-16,12.628217233328929,-11.932923730214036,0.84506098333192736,4.7930189454585408,0.00013939701746749203,-0.29235465399067834,12.628644564684802,-12.020384214382657,0.84506098333192736,4.7930189454585408,0.00013939701746749217,1,1.8307835762794629,1.7616246212198707,1,1,1
1785225141.2947698,2,1,0.87812536025024523,0.54688889867839685,0.47843061324018232,3,0,1,0,3.1184714054209044,-0.02428027696963668,0.30067827009078979,-2.9116692473402286,-2.4246061414253428,0.25177029228495323,0,-0.0021366567793637313,0.11359891876950505,0,0,0,-0.75663663777331969,12.942468804017309,-11.770837717182637,0.75010240354595237,4.6469338124137334,-0.063223589284540582,1.3821921297151419e-16,12.66396279740308,-11.966037922506354,0.85084878281994503,4.7765057497582308,-0.001234337737412324,-0.29235702710452161,12.666526785538316,-12.056917057521957,0.85084878281994503,4.7765057497582308,-0.0012343377374123207,1,1.8307835762794629,1.7616246212198707,1,1,1
1785225141.3147697,2,1,0.87812536025024523,0.54688889867839685,0.47843061324018232,3,0,1,0,3.1184709307981358,-0.02432109452773017,0.30294174607390445,-2.9116682980946917,-2.424606616048111,0.25177076690772177,0,-0.0021366567793637313,0.11894056071791438,0,0,0,-1.0752204852568228,12.942468804017309,-11.943938271847088,0.84626937835953597,4.7101574016982735,-0.26553907499507046,7.8130167345248004e-17,12.700523151542296,-11.999280299800754,0.85666723828170932,4.7598614102640324,-0.0026170972181004198,-0.29235465399067845,12.703087139677532,-12.094432748375086,0.85666723828170932,4.7598614102640324,-0.0026170972181004185,1,1.8307835762794629,1.7616246212198707,1,1,1
1785225141.3347697,2,1,0.87812536025024523,0.54688889867839685,0.47843061324018232,3,0,1,0,3.1184709307981358,-0.024362386708592192,0.30523512329143648,-2.9116687727174604,-2.4246070906708796,0.25177076690772177,0.00035610946322728857,-0.0021366567793637313,0.11929667018114166,0,0,0,-0.43805279028981664,12.783176880275558,-12.597873700579457,1.1155369078375703,4.7480915552689984,0.107480101783719,8.8733241802690394e-17,12.737501792157094,-12.032901291417703,0.86255503654377974,4.7429712197315794,-0.0040170890173939575,-0.29296004007816479,12.74006578029233,-12.128338627562616,0.86255503654377974,4.7429712197315794,-0.0040170890173939558,1,1.8307835762794629,1.7616246212198707,1,1,1
1785225141.3547697,2,1,0.87812536025024523,0.54688889867839685,0.47843061324018232,3,0,1,0,3.1184709307981358,-0.024408899739908032,0.30777435510306644,-2.9116682980946917,-2.4246061414253428,0.25177076690772177,0,-0.0024927662425910197,0.12855551622505118,0.00035610946322728857,0,0,0.15929192374175152,13.261052651500814,-12.309372776138705,0.84626937835953597,4.7101574016982735,-0.20231548571052987,1.6133431454659304e-16,12.778424575756205,-12.070070767527794,0.86907319780759051,4.7242456517999951,-0.0055676963952183862,-0.29235465399067834,12.781415895247314,-12.172915180507834,0.86894855949546101,4.7242456517999951,-0.0055676963952183828,1,1.8307835762794629,1.7616246212198707,1,1,1
1785225141.3747697,2,1,0.87812536025024523,0.54688889867839685,0.47843061324018232,3,0,1,0,3.1184714054209044,-0.024440699465399472,0.31042512326530081,-2.9116682980946917,-2.4246070906708796,0.25177029228495323,0,-0.00071221892645457715,0.1374582528057334,0,0,-0.00035610946322728857,-0.43805279028981664,12.942468804017309,-12.040105246660671,1.0193699330239865,4.7101574016982735,0,1.208958988430227e-16,12.820020877809529,-12.108534578544043,0.87582771530254044,4.7047710275416819,-0.0071763163242377481,-0.29235702710452161,12.820875540521275,-12.21850118078863,0.87582771530254044,4.7047710275416819,-0.0071122166208568375,1,1.8307835762794629,1.7616246212198707,1,1,1
1785225141.3947697,2,1,0.87812536025024523,0.54688889867839685,0.47843061324018232,3,0,1,0,3.1184704561753671,-0.024460633621677691,0.31322065137193644,-2.9116687727174604,-2.4246080399164169,0.25177029228495323,0,-0.0017805473161364429,0.13710214334250609,0,0,0,-0.11946894280631364,12.942468804017309,-12.40553975095229,1.0193699330239865,4.7101574016982735,-0.10115774285526494,2.8833974488628448e-16,12.862965495079788,-12.148813817122903,0.88290884031798211,4.6842954778554793,-0.0088646359392427227,-0.29235228087683501,12.865102151859151,-12.258495531796909,0.88290884031798211,4.6842954778554793,-0.008864635939242721,1,1.8307835762794629,1.7616246212198707,1,1,1
1785225141.4147696,2,1,0.87812536025024523,0.54688889867839685,0.47843061324018232,3,0,1,0,3.1184699815525989,-0.02453040316865145,0.31600763626873857,-2.9116682980946917,-2.4246070906708796,0.25177076690772177,-0.00035610946322728857,-0.0042733135587274627,0.14600487992318831,0.00035610946322728857,0,0,-1.0752204852568228,12.783176880275558,-12.40553975095229,0.84626937835953597,4.7797033499112684,0.107480101783719,9.4540413295266336e-17,12.908740514294866,-12.189598927167387,0.89008924713351745,4.6634962602679453,-0.010577888437585283,-0.2917445216755078,12.913868490565338,-12.306402831105936,0.88996460882138795,4.6634962602679453,-0.010577888437585281,1,1.8307835762794629,1.7616246212198707,1,1,1
1785225141.4347696,2,1,0.87812536025024523,0.54688889867839685,0.47843061324018232,3,0,1,0,3.1184704561753671,-0.024624853099588714,0.31904901896947224,-2.9116682980946917,-2.4246089891619538,0.25177029228495323,0,-0.0049855324851820395,0.14992208401868848,0,0,0.00035610946322728857,0.15929192374175152,12.305301109050305,-12.040105246660671,0.75010240354595237,4.8808610927665335,0,3.0300296704137303e-16,12.959675453884604,-12.234234007929464,0.89796090933962192,4.6405991910104767,-0.012458339168879272,-0.29235228087683501,12.965658092866821,-12.354171675144414,0.89796090933962192,4.6405991910104767,-0.012522438872260183,1,1.8307835762794629,1.7616246212198707,1,1,1
1785225141.4547696,2,1,0.87812536025024523,0.54688889867839685,0.47843061324018232,3,0,1,0,3.1184709307981358,-0.024701267365321879,0.32216729055870758,-2.9116678234719231,-2.4246070906708796,0.25177029228495323,0,-0.003204985169045597,0.16559090040068919,0,0,-0.00035610946322728857,-0.27876086654806514,12.783176880275558,-12.770974255243907,1.0193699330239865,4.6089996588430084,0.17070369106825958,2.1907000758284292e-16,13.010556232471647,-12.279613473080339,0.90597362524460945,4.6172540772170887,-0.014373459697251368,-0.29235465399067828,13.014402214674501,-12.41208619340089,0.90597362524460945,4.6172540772170887,-0.014309359993870454,1,1.8307835762794629,1.7616246212198707,1,1,1
1785225141.4747696,2,1,0.87812536025024523,0.54688889867839685,0.47843061324018232,3,0,1,0,3.1184699815525989,-0.024771511535064166,0.32556369109030092,-2.9116678234719231,-2.4246089891619538,0.25177029228495323,0,-0.0046294230219547511,0.16772755718005292,0.00035610946322728857,0.00035610946322728857,0,0.15929192374175152,13.579636498984316,-12.597873700579457,0.84626937835953597,4.7101574016982735,-0.063223589284540582,1.5247038170693668e-16,13.065011785500634,-12.328687451969273,0.91465520511106613,4.5918388417979266,-0.016452251656551516,-0.29234990776299413,13.070567093126979,-12.462869497713315,0.91453056679893663,4.5917747420945458,-0.016452251656551516,1,1.8307835762794629,1.7616246212198707,1,1,1
1785225141.4947696,2,1,0.87812536025024523,0.54688889867839685,0.47843061324018232,3,0,1,0,3.1184690323070616,-0.024912474497317271,0.32889601754814285,-2.9116682980946917,-2.4246080399164169,0.25177076690772177,-0.00035610946322728857,-0.0081905176542276369,0.17164476127555309,0,-0.00035610946322728857,0.00035610946322728857,0.31858384748350305,13.101760727759062,-12.597873700579457,0.65393542873236876,4.6089996588430084,-0.26553907499507046,1.3937974111596147e-16,13.122705324564549,-12.377733158998781,0.92334232570451236,4.5663405836248181,-0.018534102378933624,-0.29173977544782131,13.132533945749623,-12.515048968019224,0.92334232570451236,4.5664046833281988,-0.018598202082314535,1,1.8307835762794629,1.7616246212198707,1,1,1
1785225141.5147696,2,1,0.87812536025024523,0.54688889867839685,0.47843061324018232,3,0,1,0,3.1184699815525989,-0.025081440202913585,0.33250979530772246,-2.9116682980946917,-2.4246089891619538,0.25177029228495323,-0.00035610946322728857,-0.0089027365806822138,0.18232804517237175,0,0,-0.00035610946322728857,0,12.783176880275558,-12.597873700579457,1.0193699330239865,4.5457760695584684,-0.26553907499507046,2.428815703309895e-16,13.1860637613779,-12.430963748509726,0.93279153929698089,4.5384931238413344,-0.020801392219394806,-0.29174452167550768,13.196747045274719,-12.576826184647622,0.93279153929698089,4.5384931238413344,-0.020737292516013899,1,1.8307835762794629,1.7616246212198707,1,1,1
1785225141.5347698,2,1,0.87812536025024523,0.54688889867839685,0.47843061324018232,3,0,1,0,3.1184704561753671,-0.02525515213619519,0.33611408061193143,-2.9116682980946917,-2.4246089891619538,0.25177029228495323,0,-0.0081905176542276369,0.18446470195173548,-0.00035610946322728857,0,0,-0.27876086654806514,13.738928422726067,-12.40553975095229,1.0193699330239865,4.6089996588430084,-0.13276953749753523,1.4641688280607501e-16,13.249401029656102,-12.483960456240878,0.94221574207968539,4.510622950141939,-0.023065564389230585,-0.29235228087683512,13.259229650841176,-12.631532217802267,0.94234038039181489,4.510622950141939,-0.023065564389230589,1,1.8307835762794629,1.7616246212198707,1,1,1
1785225141.5547698,2,1,0.87812536025024523,0.54688889867839685,0.47843061324018232,3,0,1,0,3.1184695069298303,-0.025459714549431179,0.33987546605252356,-2.9116682980946917,-2.4246094637847224,0.25177076690772177,0.00035610946322728857,-0.013532159602636965,0.1833963735620536,0,0,0,-1.0752204852568228,12.783176880275558,-12.40553975095229,0.84626937835953597,4.5078419159877434,0.13909189642598929,1.8309050456508818e-16,13.316718550594764,-12.539401532378587,0.95209385697803817,4.4812935937024418,-0.02544242195490052,-0.29295292073663731,13.332957142117928,-12.686118631228229,0.95209385697803817,4.4812935937024418,-0.025442421954900513,1,1.8307835762794629,1.7616246212198707,1,1,1
1785225141.5747697,2,1,0.87812536025024523,0.54688889867839685,0.47843061324018232,3,0,1,0,3.1184695069298303,-0.025812359266448204,0.3434503247450838,-2.9116682980946917,-2.4246094637847224,0.25177076690772177,0,-0.019229911014273581,0.18090360731946259,0,0,0,0,13.579636498984316,-13.136408759535525,1.0193699330239865,4.4066841731324784,-0.031611794642270291,1.1590572739257687e-16,13.390119681639892,-12.594117233715316,0.96186191807275279,4.4521824596489505,-0.027795447960902612,-0.29234753464915098,13.413195574857021,-12.738840119570886,0.96186191807275279,4.4521824596489505,-0.027795447960902608,1,1.8307835762794629,1.7616246212198707,1,1,1
1785225141.5947697,2,1,0.87812536025024523,0.54688889867839685,0.47843061324018232,3,0,1,0,3.1184704561753671,-0.026180666534826688,0.34729097218802024,-2.9116673488491545,-2.4246099384074911,0.25177029228495323,0,-0.018161582624591718,0.1873135776575538,0.00035610946322728857,0.00035610946322728857,-0.00035610946322728857,-0.27876086654806514,13.420344575242565,-12.963308204871074,0.92320295821040299,4.4446183267032033,0.107480101783719,1.0855676935963719e-16,13.468113400564409,-12.652534630994463,0.97231575355083,4.4209056904770465,-0.030316990432250883,-0.29235228087683518,13.489907299713918,-12.802385493120505,0.9721911152387005,4.4208415907736658,-0.030252890728869979,1,1.8307835762794629,1.7616246212198707,1,1,1
1785225141.6147697,2,1,0.87812536025024523,0.54688889867839685,0.47843061324018232,3,0,1,0,3.1184699815525989,-0.026593113720678366,0.35087200097657134,-2.9116673488491545,-2.4246113622757965,0.25177029228495323,0,-0.023147115109773755,0.18624524926787192,0,0,0,0.31858384748350305,13.420344575242565,-12.501706725765873,0.84626937835953597,4.4066841731324784,-0.10115774285526494,2.3685441820158921e-16,13.544809525951994,-12.707752721804148,0.98221571574077871,4.3911501077332655,-0.032708988252165394,-0.29234990776299408,13.572586064083723,-12.856748921218445,0.98221571574077871,4.3911501077332655,-0.032708988252165394,1,1.8307835762794629,1.7616246212198707,1,1,1
1785225141.6347697,2,1,0.87812536025024523,0.54688889867839685,0.47843061324018232,3,0,1,0,3.1184690323070616,-0.027100010837467308,0.3548982259220026,-2.9116678234719231,-2.4246099384074911,0.25177076690772177,0,-0.027776538131728506,0.18695746819432649,0,-0.00035610946322728857,0,0,14.057512270209571,-12.867141230057491,1.2117038826511539,4.3055264302772143,-0.16438133213980552,7.4312277944215751e-17,13.633435846847256,-12.770216423298951,0.99343449264462413,4.3573115426909856,-0.035422763618991632,-0.29234516153530782,13.66676769260533,-12.919782397854412,0.99343449264462413,4.3573756423943664,-0.035422763618991632,1,1.8307835762794629,1.7616246212198707,1,1,1
1785225141.6547697,2,1,0.87812536025024523,0.54688889867839685,0.47843061324018232,3,0,1,0,3.1184695069298303,-0.027664811932016788,0.35840568818143176,-2.9116673488491545,-2.4246123115213334,0.25177029228495323,0.00035610946322728857,-0.027776538131728506,0.19942129940728159,0,-0.00035610946322728857,0,-0.43805279028981664,14.057512270209571,-12.597873700579457,1.1155369078375703,4.3055264302772143,0.037934153570724355,1.3423940699335763e-16,13.71784653795673,-12.826077216586928,1.0034962642211964,4.3268094080814548,-0.037861017304294683,-0.29295292073663737,13.751178383714803,-12.985614256112752,1.0034962642211964,4.3268735077848355,-0.037861017304294683,1,1.8307835762794629,1.7616246212198707,1,1,1
1785225141.6747696,2,1,0.87812536025024523,0.54688889867839685,0.47843061324018232,3,0,1,0,3.1184699815525989,-0.028210153493056576,0.36250927663813326,-2.9116668742263863,-2.4246113622757965,0.25177076690772177,0.00035610946322728857,-0.027776538131728506,0.2026262845763272,0.00035610946322728857,-0.00035610946322728857,0,-0.43805279028981664,13.579636498984316,-12.309372776138705,0.92320295821040299,4.4066841731324784,0.107480101783719,1.4643883271362125e-16,13.809388021351332,-12.88962205682029,1.0149635172515121,4.2919281105557214,-0.040643304735717228,-0.29295529385048052,13.842719867109405,-13.051723084481353,1.0148388789393825,4.2919922102591022,-0.040643304735717228,1,1.8307835762794629,1.7616246212198707,1,1,1
1785225141.6947696,2,1,0.87812536025024523,0.54688889867839685,0.47843061324018232,3,0,1,0,3.1184699815525989,-0.028810076672477199,0.36646952901873897,-2.9116673488491545,-2.4246137353896393,0.25177076690772177,0.00035610946322728857,-0.031337632764001394,0.20654348867182737,-0.00035610946322728857,-0.00035610946322728857,0,-0.27876086654806514,13.738928422726067,-13.424909683976276,0.92320295821040299,4.2359804820642193,-0.23392728035280017,2.5565756956213777e-16,13.901885913717749,-12.951663553170407,1.0261869346318468,4.2575969799347622,-0.043371742664018241,-0.29295529385048041,13.939491073034551,-13.116898344107868,1.0263115729439765,4.2576610796381429,-0.043371742664018248,1,1.8307835762794629,1.7616246212198707,1,1,1
1785225141.7147696,2,1,0.87812536025024523,0.54688889867839685,0.47843061324018232,3,0,1,0,3.1184695069298303,-0.0294194923072684,0.37074255780380533,-2.9116668742263863,-2.424612786144102,0.25177076690772177,0,-0.030981523300774104,0.21473400632605499,0.00035610946322728857,0,0,-0.59734471403156819,14.216804193951322,-13.232575734349108,0.84626937835953597,4.3055264302772143,0,2.366011082877946e-16,13.99912575737596,-13.017820179171611,1.0381839342663737,4.2207684915885046,-0.046291603911454877,-0.29234753464915086,14.036303585336888,-13.189607384232456,1.0380592959542441,4.2207684915885046,-0.046291603911454871,1,1.8307835762794629,1.7616246212198707,1,1,1
1785225141.7347696,2,1,0.87812536025024523,0.54688889867839685,0.47843061324018232,3,0,1,0,3.1184695069298303,-0.030089185033662782,0.37516651662926387,-2.9116663996036176,-2.4246137353896393,0.2517712415304903,0,-0.031337632764001394,0.21580233471573687,0.00035610946322728857,-0.00035610946322728857,0.00035610946322728857,0.79645961870875759,13.89822034646782,-13.328742709162693,1.2886374625020207,4.2043686874219492,-0.10115774285526494,1.562319130618651e-16,14.10178915101158,-13.086497688131686,1.0506722883631567,4.1822249861027796,-0.049337367624886039,-0.29234753464915092,14.139394310328383,-13.259139555904277,1.0505476500510271,4.1822890858061603,-0.049401467328266953,1,1.8307835762794629,1.7616246212198707,1,1,1
1785225141.7547696,2,1,0.87812536025024523,0.54688889867839685,0.47843061324018232,3,0,1,0,3.1184695069298303,-0.03070999161489868,0.37941913663528348,-2.9116663996036176,-2.4246151592579448,0.2517712415304903,0,-0.035610946322728855,0.21722677256864603,0,0,0,0.15929192374175152,14.376096117693073,-13.598010238640727,1.0193699330239865,4.1727568927796783,0.037934153570724355,3.5003776855009034e-16,14.198770492184954,-13.151889803515809,1.0625940562125658,4.1452420012673397,-0.052249893431089732,-0.29234753464915075,14.241503627772229,-13.325671221570726,1.0625940562125658,4.1452420012673397,-0.052249893431089739,1,1.8307835762794629,1.7616246212198707,1,1,1
1785225141.7747695,2,1,0.87812536025024523,0.54688889867839685,0.47843061324018232,3,0,1,0,3.1184699815525989,-0.031491695314665898,0.38372016816369303,-2.9116663996036176,-2.424615633880713,0.25177076690772177,0,-0.038815931491774452,0.22791005646546469,0,0,-0.00035610946322728857,-0.59734471403156819,14.376096117693073,-13.232575734349108,1.0193699330239865,4.2739146356349433,-0.16438133213980552,1.9780125121632235e-16,14.305785608928865,-13.21977037977047,1.075001740194369,4.1065733343682798,-0.055285672564719709,-0.29234990776299408,14.352364726718994,-13.402098424942842,1.075001740194369,4.1065733343682798,-0.055221572861338795,1,1.8307835762794629,1.7616246212198707,1,1,1
1785225141.7947698,2,1,0.87812536025024523,0.54688889867839685,0.47843061324018232,3,0,1,0,3.1184695069298303,-0.032276246751044291,0.38834441779747081,-2.911665924980849,-2.4246170577490189,0.25177076690772177,0,-0.04166480719759276,0.22470507129641909,0,0,0,-0.27876086654806514,14.853971888918329,-13.232575734349108,1.1155369078375703,4.0715991499244133,0.037934153570724355,1.4538100370057133e-16,14.417095507804515,-13.291627419660117,1.0881753568747494,4.0653008017202374,-0.058515427335548112,-0.29234753464915092,14.467093276441625,-13.471391476697251,1.0881753568747494,4.0653008017202374,-0.058515427335548112,1,1.8307835762794629,1.7616246212198707,1,1,1
1785225141.8147697,2,1,0.87812536025024523,0.54688889867839685,0.47843061324018232,3,0,1,0,3.1184695069298303,-0.03319986265860167,0.392794955497967,-2.911665924980849,-2.4246142100124075,0.25177076690772177,0.00035610946322728857,-0.047006449146002091,0.23075893217128299,-0.00035610946322728857,0,-0.00035610946322728857,0.63716769496700609,15.132732755466394,-13.232575734349108,1.2886374625020207,4.0336649963536892,-0.16438133213980552,3.5697121469540896e-16,14.533990643415448,-13.362680618094792,1.101234023143612,4.0242074616591736,-0.061721346986833764,-0.29295292073663715,14.590398382390651,-13.547287763831818,1.1013586614557416,4.0242074616591736,-0.06165724728345285,1,1.8307835762794629,1.7616246212198707,1,1,1
1785225141.8347697,2,1,0.87812536025024523,0.54688889867839685,0.47843061324018232,3,0,1,0,3.1184699815525989,-0.034138666494751981,0.39791518592485758,-2.9116654503580803,-2.4246151592579448,0.2517712415304903,0,-0.048786996462138535,0.23859334036228333,0,-0.00035610946322728857,0.00035610946322728857,0.47787577122525454,14.853971888918329,-13.69417721345431,1.0193699330239865,3.9704414070691487,-0.16438133213980552,1.902583350519625e-16,14.66054851709994,-13.442297821614483,1.1159175684467548,3.9777061879202793,-0.065335349585437602,-0.29234990776299413,14.719092912854506,-13.63317249390431,1.1159175684467548,3.97777028762366,-0.065399449288818509,1,1.8307835762794629,1.7616246212198707,1,1,1
1785225141.8547697,2,1,0.87812536025024523,0.54688889867839685,0.47843061324018232,3,0,1,0,3.1184704561753671,-0.035156732333246628,0.40230497191098202,-2.9116654503580803,-2.4246170577490189,0.25177076690772177,0,-0.049499215388593108,0.23894944982551064,0,0,-0.00035610946322728857,0,15.132732755466394,-13.886511163081478,1.0193699330239865,3.9008954588561542,-0.10115774285526494,1.2421729741636464e-16,14.781391120145482,-13.512939842647139,1.1289873251182971,3.9360705027708613,-0.068558527473964362,-0.29235228087683518,14.840790178611794,-13.704099402507547,1.1289873251182971,3.9360705027708613,-0.068494427770583455,1,1.8307835762794629,1.7616246212198707,1,1,1
1785225141.8747697,2,1,0.87812536025024523,0.54688889867839685,0.47843061324018232,3,0,1,0,3.1184704561753671,-0.036133031368110725,0.4072116220920346,-2.9116649757353121,-2.4246137353896393,0.25177076690772177,0,-0.050567543778274979,0.24713996747973827,0,0.00035610946322728857,0,-0.27876086654806514,14.853971888918329,-14.251945667373095,1.1155369078375703,3.9008954588561542,0.037934153570724355,3.8197606449193272e-16,14.906383688674463,-13.589388419896332,1.1431716205824802,3.890688543173654,-0.072061649131978767,-0.2923522808768349,14.967064741208393,-13.787100393880124,1.1431716205824802,3.8906244434702733,-0.072061649131978767,1,1.8307835762794629,1.7616246212198707,1,1,1
1785225141.8947697,2,1,0.87812536025024523,0.54688889867839685,0.47843061324018232,3,0,1,0,3.1184695069298303,-0.037180998441022697,0.41204565498950219,-2.9116654503580803,-2.4246142100124075,0.25177076690772177,0,-0.051279762704729552,0.25070106211201115,-0.00035610946322728857,-0.00035610946322728857,0,0,15.132732755466394,-13.424909683976276,1.2117038826511539,3.7618035624301647,-0.30347322856579484,2.9564752934539142e-16,15.034167397394272,-13.665333150851197,1.1573094679606781,3.845149295688965,-0.075562163150564327,-0.29234753464915081,15.095703112639947,-13.865894000540806,1.1574341062728077,3.8452133953923457,-0.075562163150564327,1,1.8307835762794629,1.7616246212198707,1,1,1
1785225141.9147696,2,1,0.87812536025024523,0.54688889867839685,0.47843061324018232,3,0,1,0,3.1184699815525989,-0.038181977859850301,0.41719388815973596,-2.9116649757353121,-2.4246146846351762,0.25177076690772177,0,-0.051635872167956842,0.24856440533264743,0,0,0,-0.59734471403156819,15.01326381266008,-14.155778692559512,1.1155369078375703,3.8629613052854297,0.069545948212994646,1.2508636273823214e-16,15.162876502905021,-13.744226862320605,1.1720494599448865,3.7973997115624463,-0.079219518589050963,-0.29234990776299419,15.224839549506569,-13.943078386586723,1.1720494599448865,3.7973997115624463,-0.079219518589050963,1,1.8307835762794629,1.7616246212198707,1,1,1
1785225141.9347696,2,1,0.87812536025024523,0.54688889867839685,0.47843061324018232,3,0,1,0,3.1184704561753671,-0.039265067017633423,0.42211999787429816,-2.9116649757353121,-2.4246137353896393,0.25177076690772177,0,-0.053060310020865996,0.25533048513396589,-0.00035610946322728857,0,0,-0.91592856151507118,16.088484297916903,-14.251945667373095,1.1155369078375703,3.6606458195749001,-0.3350850232080651,3.0558932164084629e-16,15.29300120115446,-13.820842308878456,1.1864105140298356,3.7506094388356526,-0.082790017863113061,-0.29235228087683496,15.356673573179499,-14.025106696985629,1.1865351523419652,3.7506094388356526,-0.082790017863113061,1,1.8307835762794629,1.7616246212198707,1,1,1
1785225141.9547696,2,1,0.87812536025024523,0.54688889867839685,0.47843061324018232,3,0,1,0,3.1184699815525989,-0.040252282376173683,0.42735793474778389,-2.9116645011125435,-2.424615633880713,0.25177076690772177,0,-0.049499215388593108,0.25497437567073861,0,-0.00035610946322728857,0,-0.27876086654806514,15.132732755466394,-14.521213196851129,0.92320295821040299,3.7997377160008892,-0.20231548571052987,2.7357108393086946e-16,15.421023920779479,-13.89966699594185,1.2012422375657485,3.701972484491332,-0.086486791483603984,-0.29234990776299402,15.480422979245791,-14.10364649647844,1.2012422375657485,3.7020365841947127,-0.086486791483603984,1,1.8307835762794629,1.7616246212198707,1,1,1
1785225141.9747696,2,1,0.87812536025024523,0.54688889867839685,0.47843061324018232,3,0,1,0,3.1184695069298303,-0.041287909257103905,0.43263526531105756,-2.9116645011125435,-2.4246142100124075,0.2517712415304903,0,-0.051635872167956842,0.2617404554720571,0,0,0,-0.91592856151507118,15.610608526691648,-14.155778692559512,1.1155369078375703,3.6290340249326296,-0.26553907499507046,2.644814542355886e-16,15.551916755366189,-13.979090521164217,1.2162358065452343,3.6525292204669633,-0.090231236797731304,-0.29234753464915081,15.613879801967737,-14.188482885541863,1.2162358065452343,3.6525292204669633,-0.09023123679773129,1,1.8307835762794629,1.7616246212198707,1,1,1
1785225141.9947696,2,1,0.87812536025024523,0.54688889867839685,0.47843061324018232,3,0,1,0,3.1184699815525989,-0.042261835178125359,0.43768572619097434,-2.9116645011125435,-2.4246132607668707,0.2517712415304903,0,-0.048786996462138535,0.25675492298687508,0,0,0,-0.27876086654806514,15.610608526691648,-13.886511163081478,1.2117038826511539,3.7618035624301647,0.069545948212994646,3.0857065680161339e-16,15.67563431905225,-14.054367726271281,1.2304989011455811,3.6052069767077133,-0.093801088091214652,-0.29234990776299397,15.734178714806816,-14.25977166466078,1.2304989011455811,3.6052069767077133,-0.093801088091214652,1,1.8307835762794629,1.7616246212198707,1,1,1
1785225142.0147696,2,1,0.87812536025024523,0.54688889867839685,0.47843061324018232,3,0,1,0,3.1184699815525989,-0.043269933938480894,0.44274615414903029,-2.9116645011125435,-2.4246151592579448,0.2517712415304903,0.00035610946322728857,-0.050567543778274979,0.25995990815592063,0,0,0.00035610946322728857,-0.27876086654806514,16.088484297916903,-14.155778692559512,1.5771383869427718,3.7301917677878946,0.13909189642598929,2.0698772994843939e-16,15.800959869931194,-14.129664190289706,1.2448197040540063,3.5573831234311601,-0.097394451002140059,-0.29295529385048047,15.861640922465124,-14.337632116814442,1.2448197040540063,3.5573831234311601,-0.097458550705520966,1,1.8307835762794629,1.7616246212198707,1,1,1
1785225142.0347698,2,1,0.87812536025024523,0.54688889867839685,0.47843061324018232,3,0,1,0,3.1184695069298303,-0.044262370147474979,0.44819956975942815,-2.9116645011125435,-2.4246118368985652,0.2517712415304903,0,-0.051279762704729552,0.2649454406411027,0,0,0.00035610946322728857,-0.91592856151507118,15.929192374175152,-14.155778692559512,1.3848044373156043,3.5594880767196351,0.17070369106825958,3.3005525190920156e-16,15.929930828701192,-14.209124848733044,1.2599838273070303,3.5064846463956094,-0.10120581474033231,-0.29234753464915075,15.991466543946867,-14.421081201245926,1.2599838273070303,3.5064846463956094,-0.10126991444371324,1,1.8307835762794629,1.7616246212198707,1,1,1
1785225142.0547698,2,1,0.87812536025024523,0.54688889867839685,0.47843061324018232,3,0,1,0,3.1184690323070616,-0.045348781664637801,0.45332929264168931,-2.9116645011125435,-2.4246161085034816,0.25177076690772177,0,-0.05484085733700244,0.26387711225142085,0,0,-0.00035610946322728857,0.15929192374175152,16.088484297916903,-14.348112642186679,1.1155369078375703,3.4267185392220996,-0.26553907499507046,2.5068028432017985e-16,16.059643494832905,-14.285139436786842,1.2745538911564411,3.4572024664979844,-0.10487928028316472,-0.2923451615353076,16.125452523637307,-14.496241126587979,1.2745538911564411,3.4572024664979844,-0.1048151805797838,1,1.8307835762794629,1.7616246212198707,1,1,1
1785225142.0747697,2,1,0.87812536025024523,0.54688889867839685,0.47843061324018232,3,0,1,0,3.1184690323070616,-0.046405766570151823,0.4588415614753848,-2.9116645011125435,-2.4246137353896393,0.25177076690772177,0,-0.054128638410547859,0.27456039614823946,0,0,0,-0.27876086654806514,16.407068145400405,-14.617380171664713,1.2886374625020207,3.4267185392220996,0,2.0484732138265978e-16,16.191970158136922,-14.364938385946864,1.2899018298922806,3.4050305875868641,-0.10875528330716834,-0.29234516153530765,16.256924524229579,-14.584586702865456,1.2899018298922806,3.4050305875868641,-0.10875528330716835,1,1.8307835762794629,1.7616246212198707,1,1,1
1785225142.0947697,2,1,0.87812536025024523,0.54688889867839685,0.47843061324018232,3,0,1,0,3.1184690323070616,-0.047507366015907569,0.46404912249168467,-2.9116645011125435,-2.4246165831262503,0.25177076690772177,0,-0.054128638410547859,0.26601376903078455,0,0,-0.00035610946322728857,0,16.566360069142156,-14.521213196851129,1.2886374625020207,3.3887843856513755,-0.13276953749753523,4.8116380264361323e-16,16.322411555167651,-14.44095918755686,1.3045866252539029,3.3547449691230575,-0.11247485003160759,-0.29234516153530737,16.387365921260308,-14.653770202781487,1.3045866252539029,3.3547449691230575,-0.11241075032822669,1,1.8307835762794629,1.7616246212198707,1,1,1
1785225142.1147697,2,1,0.87812536025024523,0.54688889867839685,0.47843061324018232,3,0,1,0,3.1184690323070616,-0.04854251827406926,0.46956139132538022,-2.9116645011125435,-2.4246132607668707,0.25177076690772177,0,-0.053416419484093286,0.27562872453792137,0,0.00035610946322728857,0,-0.59734471403156819,16.407068145400405,-14.886647701142747,1.1155369078375703,3.2876266427961105,-0.063223589284540582,3.5146199566227815e-16,16.452231580116965,-14.519304141163907,1.3197748865087351,3.3024695028862912,-0.11632838187727278,-0.29234516153530754,16.516331283497877,-14.739807120794245,1.3197748865087351,3.3024054031829104,-0.11632838187727276,1,1.8307835762794629,1.7616246212198707,1,1,1
1785225142.1347697,2,1,0.87812536025024523,0.54688889867839685,0.47843061324018232,3,0,1,0,3.118468557684293,-0.049626082054620907,0.47493839267004495,-2.9116645011125435,-2.4246137353896393,0.2517712415304903,0,-0.051635872167956842,0.27242373936887576,0.00035610946322728857,-0.00035610946322728857,0.00035610946322728857,-0.43805279028981664,16.088484297916903,-14.713547146478296,1.2886374625020207,3.2876266427961105,-0.36669681785033542,2.1837628260847179e-16,16.582545826799137,-14.595976562312229,1.3347035742989519,3.2507187666309503,-0.12012712771759826,-0.29234278842146444,16.644508873400685,-14.81391555380733,1.3345789359868223,3.250782866334331,-0.12019122742097917,1,1.8307835762794629,1.7616246212198707,1,1,1
1785225142.1547697,2,1,0.87812536025024523,0.54688889867839685,0.47843061324018232,3,0,1,0,3.118468557684293,-0.050624213736837335,0.48056884257310412,-2.9116645011125435,-2.4246165831262503,0.2517712415304903,-0.00035610946322728857,-0.051991981631184132,0.27242373936887576,0,0,0.00035610946322728857,-0.59734471403156819,17.203527764109165,-15.078981650769915,1.5771383869427718,3.1548571052985754,-0.16438133213980552,3.3156622681417367e-16,16.710346133389951,-14.673997860466422,1.3499614543785545,3.1974619575899075,-0.12401994443679083,-0.29173740233397794,16.772736511347372,-14.891936851961523,1.3499614543785545,3.1974619575899075,-0.12408404414017175,1,1.8307835762794629,1.7616246212198707,1,1,1
1785225142.1747696,2,1,0.87812536025024523,0.54688889867839685,0.47843061324018232,3,0,1,0,3.1184695069298303,-0.051735780260732188,0.48596957505619531,-2.9116645011125435,-2.4246137353896393,0.2517712415304903,0,-0.05484085733700244,0.27847760024373963,0,0.00035610946322728857,0.00035610946322728857,-0.75663663777331969,16.725651992883908,-15.175148625583498,1.2886374625020207,3.0536993624433104,-0.16438133213980552,4.791067002805511e-16,16.841355252905455,-14.750078900451054,1.3648974767750821,3.1450481680311695,-0.1278375744382014,-0.29234753464915059,16.907164281709857,-14.972860980646047,1.3648974767750821,3.1449840683277888,-0.12790167414158232,1,1.8307835762794629,1.7616246212198707,1,1,1
1785225142.1947696,2,1,0.87812536025024523,0.54688889867839685,0.47843061324018232,3,0,1,0,3.1184690323070616,-0.052780899597032992,0.49161378901954189,-2.9116645011125435,-2.4246175323717871,0.25177076690772177,-0.00035610946322728857,-0.052704200557638706,0.27242373936887576,0,0,-0.00035610946322728857,-0.75663663777331969,16.566360069142156,-14.713547146478296,1.4809714121291881,3.0157652088725859,-0.10115774285526494,2.481261674020711e-16,16.970748824059637,-14.827527953723026,1.3801753255546823,3.0910161238887297,-0.13175508575220923,-0.29173977544782126,17.033993864728803,-15.045466945218127,1.3801753255546823,3.0910161238887297,-0.13169098604882831,1,1.8307835762794629,1.7616246212198707,1,1,1
1785225142.2147696,2,1,0.87812536025024523,0.54688889867839685,0.47843061324018232,3,0,1,0,3.118468557684293,-0.053878227437871976,0.49695899063871518,-2.9116645011125435,-2.4246142100124075,0.2517712415304903,-0.00035610946322728857,-0.053416419484093286,0.27562872453792137,0,0.00071221892645457715,-0.00035610946322728857,-0.75663663777331969,17.203527764109165,-15.271315600397083,1.5771383869427718,3.0536993624433104,-0.13276953749753523,5.4337989517483128e-16,17.098978151288001,-14.901560696277137,1.3948349088719432,3.0389036940505822,-0.13552081363920268,-0.29173740233397771,17.163077854668913,-15.122063675907475,1.3948349088719432,3.0387754946438204,-0.13545671393582176,1,1.8307835762794629,1.7616246212198707,1,1,1
1785225142.2347696,2,1,0.87812536025024523,0.54688889867839685,0.47843061324018232,3,0,1,0,3.1184690323070616,-0.05490103950405191,0.50252963807293971,-2.9116645011125435,-2.424615633880713,0.2517712415304903,0.00035610946322728857,-0.052348091094411422,0.27349206775855761,-0.00035610946322728857,-0.00035610946322728857,-0.00035610946322728857,-0.91592856151507118,17.04423584036741,-14.98281467595633,1.4809714121291881,2.9525416195880454,-0.36669681785033542,5.6510532568186423e-16,17.224897784267572,-14.976654259028471,1.4097752144109017,2.9854005095116283,-0.13937014548924884,-0.29295054762279371,17.287715493580865,-15.195447913235318,1.4098998527230313,2.985464609215009,-0.13930604578586792,1,1.8307835762794629,1.7616246212198707,1,1,1
1785225142.2547696,2,1,0.87812536025024523,0.54688889867839685,0.47843061324018232,3,0,1,0,3.1184695069298303,-0.056023522351622931,0.50781978345096368,-2.9116645011125435,-2.4246165831262503,0.25177076690772177,0,-0.056621404653138883,0.27456039614823946,-0.00035610946322728857,0.00035610946322728857,-0.00035610946322728857,-0.59734471403156819,17.522111611592667,-15.444416155061532,1.6733053617563554,3.0157652088725859,-0.063223589284540582,3.0809027306419602e-16,17.352622623549141,-15.049075352772665,1.4242476362084224,2.9332435541167623,-0.14310783677482264,-0.29234753464915075,17.420568309132907,-15.268723669691257,1.424372274520552,2.9331794544133816,-0.14304373707144172,1,1.8307835762794629,1.7616246212198707,1,1,1
1785225142.2747695,2,1,0.87812536025024523,0.54688889867839685,0.47843061324018232,3,0,1,0,3.118468557684293,-0.057143632085351309,0.51339707560394765,-2.9116645011125435,-2.4246151592579448,0.25177076690772177,0,-0.060182499285411771,0.27099930151596657,0,-0.00071221892645457715,-0.00035610946322728857,0,17.362819687850916,-15.348249180247949,1.2886374625020207,2.9525416195880454,-0.16438133213980552,7.5391433830812683e-16,17.482961290798585,-15.124081450293286,1.4393014388215977,2.8786615333487284,-0.14700469058055157,-0.29234278842146388,17.555180289941077,-15.340880891506059,1.4393014388215977,2.8787897327554903,-0.14694059087717065,1,1.8307835762794629,1.7616246212198707,1,1,1
1785225142.2947698,2,1,0.87812536025024523,0.54688889867839685,0.47843061324018232,3,0,1,0,3.1184671338159875,-0.058415621105008961,0.51861602756669223,-2.9116649757353121,-2.4246194308628612,0.2517712415304903,0,-0.062675265528002788,0.27028708258951201,0,0.00035610946322728857,0,-1.3938043327403258,17.203527764109165,-15.175148625583498,1.6733053617563554,2.9146074660173209,-0.031611794642270291,7.5930222118349195e-16,17.61717086086264,-15.196089254715574,1.4538237368759126,2.8255923850004674,-0.1507764800736808,-0.29233566907993647,17.692381179496245,-15.412318920787182,1.4538237368759126,2.8255282852970867,-0.1507764800736808,1,1.8307835762794629,1.7616246212198707,1,1,1
1785225142.3147697,2,1,0.87812536025024523,0.54688889867839685,0.47843061324018232,3,0,1,0,3.1184676084387561,-0.059642520961656356,0.5241477559338974,-2.9116649757353121,-2.4246146846351762,0.2517712415304903,0.00035610946322728857,-0.062675265528002788,0.26530155010432999,0,0,0,0,16.884943916625659,-14.713547146478296,1.6733053617563554,2.8134497231620559,-0.10115774285526494,2.588734534011574e-16,17.751803454283447,-15.270472676331323,1.4688881708179906,2.7702837835369611,-0.15469470717158648,-0.29294342828126657,17.827013772917052,-15.482713916414788,1.4688881708179906,2.7702837835369611,-0.15469470717158648,1,1.8307835762794629,1.7616246212198707,1,1,1
1785225142.3347697,2,1,0.87812536025024523,0.54688889867839685,0.47843061324018232,3,0,1,0,3.1184695069298303,-0.060914035358545476,0.52922811804823156,-2.9116649757353121,-2.4246199054856299,0.25177171615325883,0,-0.061963046601548208,0.25782325137655693,0.00035610946322728857,0,0.00035610946322728857,0.47787577122525454,17.840695459076169,-15.348249180247949,1.6733053617563554,2.7122919803067913,-0.16438133213980552,5.2577168567380441e-16,17.883062773263614,-15.339668365718005,1.4829778166443583,2.7181089566747492,-0.15837356076843656,-0.29234753464915059,17.95741842918547,-15.54592696681925,1.4828531783322287,2.7181089566747492,-0.15843766047181748,1,1.8307835762794629,1.7616246212198707,1,1,1
1785225142.3547697,2,1,0.87812536025024523,0.54688889867839685,0.47843061324018232,3,0,1,0,3.1184737785347472,-0.06210059227986791,0.53454294381021894,-2.9116649757353121,-2.4246132607668707,0.25177171615325883,0,-0.059826389822184481,0.25568659459719317,0,0.00035610946322728857,0.00035610946322728857,-0.43805279028981664,17.99998738281792,-15.444416155061532,1.5771383869427718,2.7122919803067913,-0.40463097142105975,5.9325044909570867e-16,18.011567042172103,-15.409963648756554,1.4973458260547945,2.6646911342194795,-0.1621288475444761,-0.29236889267373495,18.083358709958723,-15.614512924434308,1.4973458260547945,2.6646270345160987,-0.16219294724785702,1,1.8307835762794629,1.7616246212198707,1,1,1
1785225142.3747697,2,1,0.87812536025024523,0.54688889867839685,0.47843061324018232,3,0,1,0,3.1184780501396636,-0.063248704756939486,0.53925499865617466,-2.9116649757353121,-2.4246170577490189,0.2517712415304903,0,-0.054128638410547859,0.23823723089905605,0,0.00035610946322728857,0,-0.27876086654806514,17.362819687850916,-15.713683684539566,1.6733053617563554,2.6111342374515263,-0.063223589284540582,4.8782161324324208e-16,18.130365120623559,-15.472689625386412,1.5102361153398387,2.6163643581653675,-0.16551056777510367,-0.29239025069831731,18.195319486716215,-15.663279410105657,1.5102361153398387,2.6163002584619868,-0.16551056777510367,1,1.8307835762794629,1.7616246212198707,1,1,1
1785225142.3947697,2,1,0.87812536025024523,0.54688889867839685,0.47843061324018232,3,0,1,0,3.1184813724990437,-0.064280060032952946,0.54393098217172209,-2.9116645011125435,-2.4246123115213334,0.2517712415304903,0.00035610946322728857,-0.050211434315047689,0.22150008612737349,0,0.00035610946322728857,0,-0.75663663777331969,18.79644700152668,-16.002184608980318,1.2886374625020207,2.5415882892385318,-0.26553907499507046,3.9511435717887822e-16,18.241616103598833,-15.533347948140779,1.5227476928700665,2.5692818018225747,-0.16879673744937909,-0.29301224858270408,18.30186982477689,-15.710548017042678,1.5227476928700665,2.569217702119194,-0.16879673744937909,1,1.8307835762794629,1.7616246212198707,1,1,1
1785225142.4147696,2,1,0.87812536025024523,0.54688889867839685,0.47843061324018232,3,0,1,0,3.1184832709901178,-0.065200353581130632,0.54800182165739508,-2.9116645011125435,-2.4246104130302593,0.25177171615325883,-0.00035610946322728857,-0.039528150418229033,0.19514798584855414,0.00035610946322728857,-0.00035610946322728857,0.00035610946322728857,-0.11946894280631364,18.318571230301423,-15.444416155061532,1.6733053617563554,2.5099764945962613,-0.47417691963405439,5.244090163069919e-16,18.339311921554252,-15.585966779404993,1.5336450984044099,2.5280201945559448,-0.17166642598416737,-0.29181096886310182,18.386745702056128,-15.742085168083836,1.5335204600922803,2.5280842942593256,-0.17173052568754829,1,1.8307835762794629,1.7616246212198707,1,1,1
1785225142.4347696,2,1,0.87812536025024523,0.54688889867839685,0.47843061324018232,3,0,1,0,3.1184846948584233,-0.065887132727192058,0.55169058981440222,-2.9116649757353121,-2.4246123115213334,0.2517712415304903,0,-0.032049851690455974,0.16772755718005292,0,0,0.00035610946322728857,0,17.99998738281792,-15.271315600397083,1.5771383869427718,2.5099764945962613,-0.13276953749753523,2.6167507083342779e-16,18.419072220697551,-15.631750153863772,1.543163486829501,2.4917656500051883,-0.17417908006381039,-0.29242347429211585,18.457532042726097,-15.765932199607814,1.543163486829501,2.4917656500051883,-0.17424317976719131,1,1.8307835762794629,1.7616246212198707,1,1,1
1785225142.4547696,2,1,0.87812536025024523,0.54688889867839685,0.47843061324018232,3,0,1,0,3.1184856441039601,-0.066391182107369828,0.55458578870242903,-2.9116649757353121,-2.4246094637847224,0.2517712415304903,0,-0.018517692087819004,0.13176050139409676,0,0,0,0.95575154245050908,18.318571230301423,-15.348249180247949,1.3848044373156043,2.5099764945962613,-0.20231548571052987,4.406579327430991e-16,18.479503976401947,-15.667151127487962,1.5505418510973454,2.4636037358691922,-0.17612795518175864,-0.29242822051979989,18.501725206907331,-15.772559528603239,1.5505418510973454,2.4636037358691922,-0.17612795518175864,1,1.8307835762794629,1.7616246212198707,1,1,1
1785225142.4747696,2,1,0.87812536025024523,0.54688889867839685,0.47843061324018232,3,0,1,0,3.118487067972266,-0.066639409815310482,0.55703151982865873,-2.9116645011125435,-2.4246094637847224,0.2517712415304903,0,-0.0085466271174549253,0.1121744809165959,0.00035610946322728857,0,0,-0.59734471403156819,18.159279306559672,-15.6367501046887,1.3848044373156043,2.5415882892385318,-0.30347322856579484,4.5635906525853433e-16,18.520276207139165,-15.69505897294068,1.5563767408418765,2.4412463411891672,-0.17767207580695119,-0.29243533986132952,18.53053215968011,-15.784798557673957,1.5562521025297469,2.4412463411891672,-0.17767207580695119,1,1.8307835762794629,1.7616246212198707,1,1,1
1785225142.4947696,2,1,0.87812536025024523,0.54688889867839685,0.47843061324018232,3,0,1,0,3.1184884918405715,-0.066710128607821301,0.55836473518545671,-2.9116645011125435,-2.4246037683115,0.25177076690772177,0,-0.0028488757058183086,0.092944569902322319,0,0.00071221892645457715,0,-0.27876086654806514,18.159279306559672,-15.444416155061532,1.5771383869427718,2.4783646999539908,-0.10115774285526494,2.8658564736499911e-16,18.538826869688794,-15.709608653735895,1.5594167020671494,2.4296349942123672,-0.17847433766077314,-0.29244245920285711,18.542245520535776,-15.783964309657753,1.5594167020671494,2.4295067948056053,-0.17847433766077314,1,1.8307835762794629,1.7616246212198707,1,1,1
1785225142.5147696,2,1,0.87812536025024523,0.54688889867839685,0.47843061324018232,3,0,1,0,3.1184880172178029,-0.066713925589969525,0.56023807125284053,-2.9116645011125435,-2.4246042429342687,0.2517712415304903,-0.00035610946322728857,0.00071221892645457715,0.047362558609229381,0,0,0,-0.75663663777331969,18.477863154043174,-15.271315600397083,1.4809714121291881,2.4404305463832667,-0.36669681785033542,4.7635237888866598e-16,18.559328445903091,-15.728944323353026,1.5634696477224617,2.4140355941701626,-0.1795489839137189,-0.29183470000152728,18.558473783191346,-15.76683437024041,1.5634696477224617,2.4140355941701626,-0.1795489839137189,1,1.8307835762794629,1.7616246212198707,1,1,1
1785225142.5347698,2,1,0.87812536025024523,0.54688889867839685,0.47843061324018232,3,0,1,0,3.1184884918405715,-0.066710128607821301,0.56077581884958383,-2.9116645011125435,-2.4246042429342687,0.25177076690772177,0,0,0.0096149555071367906,0,0,0,0,18.159279306559672,-15.175148625583498,1.7502389416072222,2.4088187517409962,-0.36669681785033542,5.5393114410577203e-16,18.564925977327114,-15.734435193539639,1.5646221270239895,2.4095977363073406,-0.17985439275348961,-0.29244245920285683,18.564925977327114,-15.742127157945349,1.5646221270239895,2.4095977363073406,-0.17985439275348961,1,1.8307835762794629,1.7616246212198707,1,1,1
1785225142.5547698,2,1,0.87812536025024523,0.54688889867839685,0.47843061324018232,3,0,1,0,3.118489915708877,-0.066708230116747175,0.56075161308838883,-2.9116635518670062,-2.4246037683115,0.25177076690772177,0,0.00071221892645457715,-0.0021366567793637313,0.00035610946322728857,0,0,-0.27876086654806514,18.637155077784925,-15.809850659353151,1.6733053617563554,2.4088187517409962,-0.16438133213980552,7.2698064234623416e-16,18.564557925170792,-15.734168417080141,1.5645697225864186,2.4098193507515258,-0.17984014293084438,-0.29244957854438408,18.563703262459047,-15.732459091656651,1.564445084274289,2.4098193507515258,-0.17984014293084438,1,1.8307835762794629,1.7616246212198707,1,1,1
1785225142.5747697,2,1,0.87812536025024523,0.54688889867839685,0.47843061324018232,3,0,1,0,3.1184908649544139,-0.066684973601089256,0.56071079553029535,-2.9116616533759321,-2.4246047175570369,0.25177076690772177,0,0.0017805473161364429,-0.0042733135587274627,0,-0.00035610946322728857,0,0.15929192374175152,18.79644700152668,-15.175148625583498,1.5771383869427718,2.3392728035280017,-0.23392728035280017,6.0156516408946146e-16,18.562780132168971,-15.733496192907868,1.5644379241882764,2.4103453957092698,-0.17980539599898149,-0.2924543247720684,18.560643475389607,-15.730077542060886,1.5644379241882764,2.4104094954126505,-0.17980539599898149,1,1.8307835762794629,1.7616246212198707,1,1,1
1785225142.5947697,2,1,0.87812536025024523,0.54688889867839685,0.47843061324018232,3,0,1,0,3.1184913395771825,-0.066657445480514582,0.56061919333596932,-2.9116611787531639,-2.424606616048111,0.25177076690772177,0,0.00035610946322728857,-0.0035610946322728858,0,0,0,0,18.318571230301423,-15.809850659353151,1.6733053617563554,2.4088187517409962,-0.30347322856579484,4.2499559269815378e-16,18.560205866672757,-15.732253334971142,1.5641812980967924,2.4113200813408144,-0.17973818884264214,-0.29245669788591178,18.559778535316884,-15.729404459265323,1.5641812980967924,2.4113200813408144,-0.17973818884264214,1,1.8307835762794629,1.7616246212198707,1,1,1
1785225142.6147697,2,1,0.87812536025024523,0.54688889867839685,0.47843061324018232,3,0,1,0,3.1184922888227198,-0.066656496234977519,0.56058691898770929,-2.9116607041303952,-2.4246056668025742,0.25177076690772177,0,0,-0.00035610946322728857,0,0,0,-1.3938043327403258,18.79644700152668,-15.906017634166734,1.5771383869427718,2.5099764945962613,0,6.3002083495614937e-16,18.559809998724454,-15.731918715362053,1.5641120888446154,2.4116044556688041,-0.17971931884520534,-0.29246144411359803,18.559809998724454,-15.731633827791471,1.5641120888446154,2.4116044556688041,-0.17971931884520534,1,1.8307835762794629,1.7616246212198707,1,1,1
1785225142.6347697,2,1,0.87812536025024523,0.54688889867839685,0.47843061324018232,3,0,1,0,3.118492763445488,-0.066661717085431338,0.56059261446093167,-2.9116602295076266,-2.4246042429342687,0.25177029228495323,-0.00035610946322728857,-0.00035610946322728857,0.00035610946322728857,0,0,-0.00035610946322728857,0,18.477863154043174,-15.540583129875117,1.6733053617563554,2.5415882892385318,-0.3350850232080651,3.6592098808768225e-16,18.560179542566051,-15.732041893740304,1.5641388722035301,2.4115257885043127,-0.17972547467526756,-0.29185843113995286,18.560606873921923,-15.732326781310885,1.5641388722035301,2.4115257885043127,-0.17966137497188664,1,1.8307835762794629,1.7616246212198707,1,1,1
1785225142.6547697,2,1,0.87812536025024523,0.54688889867839685,0.47843061324018232,3,0,1,0,3.1184932380682566,-0.066665039444811044,0.56059403832923727,-2.9116602295076266,-2.4246032936887314,0.25177076690772177,0,0,0,0,0,0,-0.91592856151507118,18.637155077784925,-15.713683684539566,1.6733053617563554,2.4088187517409962,-0.10115774285526494,3.6456048904589296e-16,18.560392579916403,-15.732099296326741,1.5641493958031625,2.4114943767968233,-0.17972801274273092,-0.29246619034128246,18.560392579916403,-15.732099296326741,1.5641493958031625,2.4114943767968233,-0.17972801274273092,1,1.8307835762794629,1.7616246212198707,1,1,1
1785225142.6747696,2,1,0.87812536025024523,0.54688889867839685,0.47843061324018232,3,0,1,0,3.1184932380682566,-0.066664090199273981,0.56059261446093167,-2.9116602295076266,-2.4246013951976573,0.25177029228495323,0,0,0,0,0,-0.00035610946322728857,0,18.915915944332991,-16.002184608980318,1.6733053617563554,2.3392728035280017,-0.23392728035280017,3.9379947001941614e-16,18.560339637411129,-15.732091267291123,1.5641460714894271,2.4115297638355511,-0.17972601939931496,-0.29246619034128246,18.560339637411129,-15.732091267291123,1.5641460714894271,2.4115297638355511,-0.17966191969593404,1,1.8307835762794629,1.7616246212198707,1,1,1
1785225142.6947696,2,1,0.87812536025024523,0.54688889867839685,0.47843061324018232,3,0,1,0,3.1184937126910253,-0.066662666330968401,0.56059261446093167,-2.911659754884858,-2.4246028190659628,0.25177029228495323,0,0,0,0,-0.00035610946322728857,-0.00035610946322728857,0,18.637155077784925,-15.444416155061532,1.4809714121291881,2.3392728035280017,-0.16438133213980552,2.3899898316676617e-16,18.560244771926563,-15.732062847203405,1.5641437403617187,2.4115300949991898,-0.17972602124218026,-0.29246856345512584,18.560244771926563,-15.732062847203405,1.5641437403617187,2.4115941947025705,-0.17966192153879934,1,1.8307835762794629,1.7616246212198707,1,1,1
1785225142.7147696,2,1,0.87812536025024523,0.54688889867839685,0.47843061324018232,3,0,1,0,3.1184946619365621,-0.066663140953736932,0.56059213983816314,-2.911659754884858,-2.4245994967065831,0.25177029228495323,0.00035610946322728857,-0.00035610946322728857,0,-0.00035610946322728857,0.00035610946322728857,0,0.15929192374175152,18.318571230301423,-16.002184608980318,1.2117038826511539,2.4088187517409962,-0.26553907499507046,2.0385839366324292e-16,18.560295911504674,-15.732091978613175,1.564146165817089,2.41155774348407,-0.17972507264379253,-0.29307869577029644,18.560723242860547,-15.732091978613175,1.5642708041292186,2.4114936437806893,-0.17972507264379253,1,1.8307835762794629,1.7616246212198707,1,1,1
1785225142.7347696,2,1,0.87812536025024523,0.54688889867839685,0.47843061324018232,3,0,1,0,3.1184951365593307,-0.06666361557650545,0.56059356370646873,-2.9116588056393211,-2.4245994967065831,0.25177029228495323,0.00035610946322728857,0,0,0.00035610946322728857,0,-0.00035610946322728857,-0.43805279028981664,18.637155077784925,-15.444416155061532,1.846405916420806,2.4088187517409962,-0.30347322856579484,5.7540904028756198e-16,18.56033567133063,-15.732108915721671,1.5641538231497187,2.411542657760771,-0.17972697885360348,-0.29308106888413932,18.56033567133063,-15.732108915721671,1.5640291848375891,2.411542657760771,-0.17966287915022255,1,1.8307835762794629,1.7616246212198707,1,1,1
1785225142.7547696,2,1,0.87812536025024523,0.54688889867839685,0.47843061324018232,3,0,1,0,3.1184951365593307,-0.06666361557650545,0.56059213983816314,-2.9116588056393211,-2.4245980728382777,0.25177029228495323,0.00035610946322728857,0,0,0,0.00035610946322728857,0,-0.27876086654806514,18.79644700152668,-16.002184608980318,1.4809714121291881,2.2760492142434612,-0.30347322856579484,5.2568101063489933e-16,18.560332822076923,-15.732106758355213,1.5641517904709863,2.4115663411338484,-0.17972575763487927,-0.29308106888413937,18.560332822076923,-15.732106758355213,1.5641517904709863,2.4115022414304677,-0.17972575763487927,1,1.8307835762794629,1.7616246212198707,1,1,1
1785225142.7747695,2,1,0.87812536025024523,0.54688889867839685,0.47843061324018232,3,0,1,0,3.1184951365593307,-0.06666361557650545,0.56059261446093167,-2.9116592802620898,-2.4245956997244349,0.25177029228495323,0.00035610946322728857,0,0.00035610946322728857,-0.00035610946322728857,0,0.00035610946322728857,-1.3938043327403258,18.318571230301423,-15.906017634166734,1.6733053617563554,2.5099764945962613,-0.13276953749753523,3.7277949704799104e-16,18.56036017715509,-15.732133740190836,1.5641527664135517,2.4115817988619797,-0.17972494163290798,-0.29308106888413948,18.56036017715509,-15.732418627761417,1.5642774047256813,2.4115817988619797,-0.1797890413362889,1,1.8307835762794629,1.7616246212198707,1,1,1
1785225142.7947698,2,1,0.87812536025024523,0.54688889867839685,0.47843061324018232,3,0,1,0,3.1184951365593307,-0.066665988690348094,0.56059403832923727,-2.9116588056393211,-2.4245866818918329,0.25177029228495323,0,0,0.00035610946322728857,0,0.0010683283896818657,0.00035610946322728857,0,18.637155077784925,-15.906017634166734,1.2886374625020207,2.2760492142434612,-0.30347322856579484,5.0057619634003204e-16,18.560588704859342,-15.732250564041735,1.5641693228019502,2.4116256337148951,-0.17972494932984143,-0.29247568279665298,18.560588704859342,-15.732535451612316,1.5641693228019502,2.4114333346047525,-0.17978904903322235,1,1.8307835762794629,1.7616246212198707,1,1,1
1785225142.8147697,2,1,0.87812536025024523,0.54688889867839685,0.47843061324018232,3,0,1,0,3.1184956111820994,-0.066669785672496332,0.56059688606584845,-2.9116588056393211,-2.4245662731127862,0.25177029228495323,0,0,0,0,0.00071221892645457715,0,0.47787577122525454,18.637155077784925,-15.906017634166734,1.4809714121291881,2.5099764945962613,-0.3350850232080651,9.3628280748257267e-16,18.561015298149282,-15.732497843559065,1.5641985586263625,2.4117402482825536,-0.17972292404931073,-0.29247805591049575,18.561015298149282,-15.732497843559065,1.5641985586263625,2.4116120488757917,-0.17972292404931073,1,1.8307835762794629,1.7616246212198707,1,1,1
1785225142.8347697,2,1,0.87812536025024523,0.54688889867839685,0.47843061324018232,3,0,1,0,3.1184951365593307,-0.066669785672496332,0.56059688606584845,-2.9116588056393211,-2.4245515598069618,0.25177029228495323,-0.00035610946322728857,0,0,0,0.00035610946322728857,0.00035610946322728857,-0.75663663777331969,18.915915944332991,-15.713683684539566,1.4809714121291881,2.3076610088857312,-0.43624276606333007,2.2588456575919219e-16,18.561144918258659,-15.732626853107178,1.564209299474639,2.4118626904076037,-0.17971872310583017,-0.29187029670916687,18.561144918258659,-15.732626853107178,1.564209299474639,2.411798590704223,-0.1797828228092111,1,1.8307835762794629,1.7616246212198707,1,1,1
1785225142.8547697,2,1,0.87812536025024523,0.54688889867839685,0.47843061324018232,3,0,1,0,3.1184941873137939,-0.066667412558653688,0.56059688606584845,-2.9116588056393211,-2.4245377957466743,0.25177029228495323,0,0,0.00035610946322728857,0,0.0010683283896818657,0,0.47787577122525454,18.637155077784925,-15.906017634166734,1.846405916420806,2.4088187517409962,-0.10115774285526494,2.8167364422170873e-16,18.561131168498498,-15.732723135248012,1.564214226707572,2.4119969556654959,-0.17971343538735729,-0.292470936568969,18.561131168498498,-15.733008022818593,1.564214226707572,2.4118046565553533,-0.17971343538735729,1,1.8307835762794629,1.7616246212198707,1,1,1
1785225142.8747697,2,1,0.87812536025024523,0.54688889867839685,0.47843061324018232,3,0,1,0,3.1184932380682566,-0.066660767839894275,0.56059736068861699,-2.9116592802620898,-2.4244836887510623,0.25177029228495323,0.00035610946322728857,0.00035610946322728857,-0.00035610946322728857,0,0.003204985169045597,0.00035610946322728857,-0.59734471403156819,18.318571230301423,-15.809850659353151,1.846405916420806,2.5099764945962613,-0.13276953749753523,7.9406813388694077e-16,18.561236257911112,-15.733135393318157,1.5642386284246621,2.4124981529537042,-0.17969404653996765,-0.29307157642876847,18.560808926555239,-15.732850505747576,1.5642386284246621,2.4119212556232759,-0.17975814624334857,1,1.8307835762794629,1.7616246212198707,1,1,1
1785225142.8947697,2,1,0.87812536025024523,0.54688889867839685,0.47843061324018232,3,0,1,0,3.1184951365593307,-0.066654123121134876,0.56059261446093167,-2.9116578563937838,-2.4244409727018947,0.25176839379387911,0,0.00035610946322728857,0.00035610946322728857,0,0.0017805473161364429,0,0,18.637155077784925,-15.540583129875117,1.9425728912343896,2.4404305463832667,0.107480101783719,2.741523111879557e-16,18.561178188864886,-15.733387817276753,1.5642522101739775,2.4129487847147568,-0.17967618843882568,-0.2924756827966532,18.560750857509014,-15.733672704847335,1.5642522101739775,2.4126282861978523,-0.17967618843882568,1,1.8307835762794629,1.7616246212198707,1,1,1
1785225142.9147696,2,1,0.87812536025024523,0.54688889867839685,0.47843061324018232,3,0,1,0,3.1184937126910253,-0.066656496234977519,0.5605930890837002,-2.9116578563937838,-2.4243802209875227,0.25176886841664764,-0.00035610946322728857,0,0.00035610946322728857,0,0.0042733135587274627,0,-0.75663663777331969,18.637155077784925,-15.906017634166734,1.6733053617563554,2.4404305463832667,0,5.7897708040752882e-16,18.561853783277236,-15.733950037147654,1.5643022853281654,2.4134307966606539,-0.17966056575667058,-0.29186317736763912,18.561853783277236,-15.734234924718235,1.5643022853281654,2.4126616002200829,-0.17966056575667058,1,1.8307835762794629,1.7616246212198707,1,1,1
1785225142.9347696,2,1,0.87812536025024523,0.54688889867839685,0.47843061324018232,3,0,1,0,3.1184922888227198,-0.066661717085431338,0.56059878455692258,-2.9116583310165525,-2.4241955927305652,0.25176934303941617,0,0,0,0,0.01495659745554612,0,0,18.159279306559672,-16.002184608980318,1.5771383869427718,2.4404305463832667,-0.16438133213980552,6.2494358238087924e-16,18.563840376185119,-15.735682613347818,1.5644583840871071,2.4148761913966954,-0.17961378145710596,-0.29246144411359803,18.563840376185119,-15.735682613347818,1.5644583840871071,2.4121840038546969,-0.17961378145710596,1,1.8307835762794629,1.7616246212198707,1,1,1
1785225142.9547696,2,1,0.87812536025024523,0.54688889867839685,0.47843061324018232,3,0,1,0,3.1184941873137939,-0.066661242462662806,0.56060258153907072,-2.9116583310165525,-2.4237200207164991,0.25176934303941617,0,0.00035610946322728857,-0.00035610946322728857,-0.00035610946322728857,0.033474289543365128,0,-0.43805279028981664,18.915915944332991,-15.809850659353151,1.5771383869427718,2.2760492142434612,-0.40463097142105975,7.3620182917606602e-16,18.568043443681926,-15.739886064886552,1.564812463742135,2.4188055336266205,-0.17947990474926079,-0.29247093656896855,18.567616112326053,-15.73960117731597,1.5649371020542646,2.4127801615088149,-0.17947990474926079,1,1.8307835762794629,1.7616246212198707,1,1,1
1785225142.9747696,2,1,0.87812536025024523,0.54688889867839685,0.47843061324018232,3,0,1,0,3.1184941873137939,-0.066659343971588694,0.56060305616183925,-2.9116573817710156,-2.4226948355364764,0.25176886841664764,0,0,0.00035610946322728857,0,0.065524141233821095,-0.00035610946322728857,0,18.318571230301423,-15.6367501046887,1.3848044373156043,2.2381150606727367,-0.26553907499507046,3.7765745047650716e-16,18.576966155738166,-15.748854520227255,1.5655604919415764,2.4273460122731385,-0.1791871438543928,-0.29247093656896889,18.576966155738166,-15.749139407797836,1.5655604919415764,2.4155516668510506,-0.17912304415101188,1,1.8307835762794629,1.7616246212198707,1,1,1
1785225142.9947696,2,1,0.87812536025024523,0.54688889867839685,0.47843061324018232,3,0,1,0,3.1184894410861084,-0.066659343971588694,0.56060495465291338,-2.9116583310165525,-2.4209562923353549,0.25176886841664764,-0.00035610946322728857,0,0.00035610946322728857,0,0.11075004306368674,-0.00035610946322728857,0.47787577122525454,18.159279306559672,-15.809850659353151,1.3848044373156043,2.2381150606727367,-0.3350850232080651,2.900778273553886e-16,18.592294782354486,-15.764109967466959,1.5668258286188563,2.4417859429633868,-0.17869115868274632,-0.29184181934305492,18.592294782354486,-15.764394855037541,1.5668258286188563,2.4218509352119231,-0.1786270589793654,1,1.8307835762794629,1.7616246212198707,1,1,1
1785225143.0147696,2,1,0.87812536025024523,0.54688889867839685,0.47843061324018232,3,0,1,0,3.1184884918405715,-0.066658869348820163,0.56061112474890429,-2.9116583310165525,-2.4181294391259964,0.25176886841664764,0,0,0.00035610946322728857,0,0.15704427328323425,-0.00035610946322728857,-0.27876086654806514,18.637155077784925,-15.6367501046887,1.5771383869427718,2.1369573178174717,-0.20231548571052987,5.3603895907040929e-16,18.617206535413182,-15.788923327242751,1.5688887963678098,2.4652288569374585,-0.17788771364876477,-0.29244245920285683,18.617206535413182,-15.789208214813332,1.5688887963678098,2.4369608877464763,-0.17782361394538385,1,1.8307835762794629,1.7616246212198707,1,1,1
1785225143.0347698,2,1,0.87812536025024523,0.54688889867839685,0.47843061324018232,3,0,1,0,3.1184889664633397,-0.066658394726051631,0.56061539635382107,-2.9116578563937838,-2.4146309946991691,0.25176791917111058,0,0,0,0.00035610946322728857,0.19799686155437243,0,0,18.477863154043174,-16.271452138458351,1.6733053617563554,2.3392728035280017,-0.23392728035280017,3.3155123434286645e-16,18.647979703896393,-15.819571308690261,1.5714273224736277,2.4942410612834838,-0.17689208310168586,-0.29244483231669804,18.647979703896393,-15.819571308690261,1.5713026841614981,2.4586016262036967,-0.17689208310168586,1,1.8307835762794629,1.7616246212198707,1,1,1
1785225143.0547698,2,1,0.87812536025024523,0.54688889867839685,0.47843061324018232,3,0,1,0,3.118487067972266,-0.066658394726051631,0.56061492173105254,-2.9116583310165525,-2.4102226984250721,0.25176744454834205,-0.00035610946322728857,0,-0.00035610946322728857,0.00035610946322728857,0.23574446465646504,0,-0.43805279028981664,18.915915944332991,-15.713683684539566,1.6733053617563554,2.2381150606727367,-0.031611794642270291,2.886329223271226e-16,18.686689895677134,-15.858098979212325,1.5745939308395984,2.5307981102562427,-0.17563428616847093,-0.2918299537738433,18.686689895677134,-15.857814091641744,1.5744692925274688,2.4883641066180791,-0.17563428616847093,1,1.8307835762794629,1.7616246212198707,1,1,1
1785225143.0747697,2,1,0.87812536025024523,0.54688889867839685,0.47843061324018232,3,0,1,0,3.1184846948584233,-0.066658394726051631,0.56061682022212667,-2.9116592802620898,-2.4051247752683023,0.25176696992557351,0,0,0,-0.00035610946322728857,0.27420428668501218,0,0.31858384748350305,18.477863154043174,-16.271452138458351,1.7502389416072222,2.5099764945962613,-0.3350850232080651,4.5752784490938508e-16,18.73142667285687,-15.902623462413885,1.578237236995772,2.5729922125104041,-0.17418159472180822,-0.29242347429211568,18.73142667285687,-15.902623462413885,1.5783618753079016,2.523635440907102,-0.17418159472180822,1,1.8307835762794629,1.7616246212198707,1,1,1
1785225143.0947697,2,1,0.87812536025024523,0.54688889867839685,0.47843061324018232,3,0,1,0,3.1184851694811919,-0.066657920103283114,0.5606172948448952,-2.9116592802620898,-2.3989437629537496,0.25176744454834205,0,0,0,-0.00035610946322728857,0.32762070616910549,0.00035610946322728857,0,19.234499791816496,-15.444416155061532,1.2886374625020207,2.4088187517409962,-0.063223589284540582,3.249022975756275e-16,18.785535175360369,-15.95649785166559,1.5826206998535766,2.6240811335114533,-0.17242140472103115,-0.29242584740595901,18.785535175360369,-15.95649785166559,1.5827453381657062,2.5651094064010143,-0.17248550442441207,1,1.8307835762794629,1.7616246212198707,1,1,1
1785225143.1147697,2,1,0.87812536025024523,0.54688889867839685,0.47843061324018232,3,0,1,0,3.1184861187267288,-0.066657920103283114,0.56062536343196012,-2.9116588056393211,-2.3920474941270236,0.25176744454834205,0.00035610946322728857,0,0,0,0.37355882692542569,0,-0.75663663777331969,18.637155077784925,-16.540719667936386,1.4809714121291881,2.5099764945962613,-0.23392728035280017,4.9072364478117575e-16,18.845905335713372,-16.016578367091771,1.5874893198954882,2.6808972956443116,-0.17046408309382677,-0.29303597972112944,18.845905335713372,-16.016578367091771,1.5874893198954882,2.6136567067977348,-0.17046408309382677,1,1.8307835762794629,1.7616246212198707,1,1,1
1785225143.1347697,2,1,0.87812536025024523,0.54688889867839685,0.47843061324018232,3,0,1,0,3.1184846948584233,-0.066657445480514582,0.56062678730026572,-2.9116588056393211,-2.3837477657737574,0.25176696992557351,0,0.00035610946322728857,0,0,0.42875579372565542,0,-0.75663663777331969,18.915915944332991,-15.906017634166734,1.846405916420806,2.7122919803067913,0.037934153570724355,2.9435454387048279e-16,18.918287366708128,-16.088638558423739,1.5932687495165707,2.749178611347018,-0.16810524436040397,-0.29242347429211585,18.917860035352255,-16.088638558423739,1.5932687495165707,2.6720025684764002,-0.16810524436040397,1,1.8307835762794629,1.7616246212198707,1,1,1
1785225143.1547697,2,1,0.87812536025024523,0.54688889867839685,0.47843061324018232,3,0,1,0,3.118483745612886,-0.066657920103283114,0.56062583805472865,-2.911659754884858,-2.3750180291922041,0.25176744454834205,0.00035610946322728857,-0.00035610946322728857,0,-0.00035610946322728857,0.46579117790129343,0,-0.27876086654806514,18.637155077784925,-16.271452138458351,1.6733053617563554,2.6490683910222503,-0.30347322856579484,5.0404603019900791e-16,18.994259828621907,-16.164228724667591,1.5992697414599073,2.8208048786762818,-0.1656258317951009,-0.29302411415191559,18.994687159977779,-16.164228724667591,1.5993943797720369,2.7369624666540489,-0.1656258317951009,1,1.8307835762794629,1.7616246212198707,1,1,1
1785225143.1747696,2,1,0.87812536025024523,0.54688889867839685,0.47843061324018232,3,0,1,0,3.118483745612886,-0.066656970857746051,0.56062821116857131,-2.911659754884858,-2.3649996917940945,0.25176744454834205,0,0,0.00035610946322728857,0,0.49926546744465855,0,-0.75663663777331969,18.915915944332991,-16.002184608980318,1.6733053617563554,2.5795224428092558,0.037934153570724355,2.4228310137369556e-16,19.081146385172435,-16.250744906644101,1.6060764512307908,2.9027231951997545,-0.16278644574136794,-0.29241872806442948,19.081146385172435,-16.251029794214684,1.6060764512307908,2.8128554110597159,-0.16278644574136794,1,1.8307835762794629,1.7616246212198707,1,1,1
1785225143.1947696,2,1,0.87812536025024523,0.54688889867839685,0.47843061324018232,3,0,1,0,3.1184846948584233,-0.066656970857746051,0.56062726192303425,-2.9116592802620898,-2.3549457576883452,0.25176649530280498,0.00035610946322728857,0,0,-0.00035610946322728857,0.53558863269384205,-0.00035610946322728857,-0.91592856151507118,19.234499791816496,-15.906017634166734,1.5771383869427718,2.6490683910222503,-0.13276953749753523,3.4899878377375144e-16,19.168081015193742,-16.337265801766765,1.6128083547445375,2.9846591607559829,-0.15994040593084216,-0.29302886037960219,19.168081015193742,-16.337265801766765,1.6129329930566672,2.8882532068710915,-0.15987630622746124,1,1.8307835762794629,1.7616246212198707,1,1,1
1785225143.2147696,2,1,0.87812536025024523,0.54688889867839685,0.47843061324018232,3,0,1,0,3.1184832709901178,-0.066659818594357226,0.56062916041410837,-2.9116592802620898,-2.3435666768128631,0.25176696992557351,0,-0.00035610946322728857,0,0,0.57119957901657081,0,-0.75663663777331969,19.234499791816496,-16.367619113271935,1.4809714121291881,2.7502261338775154,-0.16438133213980552,7.1673682512899095e-16,19.266326473735859,-16.434909415240579,1.6203196915458493,3.0769830250658003,-0.15672856471835342,-0.29241635495058799,19.266753805091732,-16.434909415240579,1.6203196915458493,2.9741671008428177,-0.15672856471835342,1,1.8307835762794629,1.7616246212198707,1,1,1
1785225143.2347696,2,1,0.87812536025024523,0.54688889867839685,0.47843061324018232,3,0,1,0,3.1184827963673492,-0.066659818594357226,0.56064102598332166,-2.911659754884858,-2.3323067262522819,0.25176744454834205,0,0,0.00035610946322728857,0,0.59042949003084444,0,-0.91592856151507118,19.234499791816496,-16.925387567190722,1.4809714121291881,2.9525416195880454,-0.10115774285526494,5.2057658208222606e-16,19.363121752710537,-16.531236022161593,1.6276430504675763,3.1678902996953959,-0.15356069778651837,-0.292413981836745,19.363121752710537,-16.531520909732176,1.6276430504675763,3.0616129914898438,-0.15356069778651837,1,1.8307835762794629,1.7616246212198707,1,1,1
1785225143.2547696,2,1,0.87812536025024523,0.54688889867839685,0.47843061324018232,3,0,1,0,3.1184846948584233,-0.066656970857746051,0.56063675437840488,-2.9116592802620898,-2.3199086302927681,0.25176744454834205,0,0,0,0,0.61963046601548211,0,-0.27876086654806514,19.71237556304175,-17.098488121855173,1.6733053617563554,3.0853111570855805,-0.063223589284540582,3.7634448387872879e-16,19.46889954320439,-16.63664072848686,1.6355225022009638,3.2676850005022691,-0.15006999109170141,-0.29242347429211574,19.46889954320439,-16.63664072848686,1.6355225022009638,3.1168905845885182,-0.15006999109170141,1,1.8307835762794629,1.7616246212198707,1,1,1
1785225143.2747695,2,1,0.87812536025024523,0.54688889867839685,0.47843061324018232,3,0,1,0,3.1184846948584233,-0.066654597743903407,0.56063533051009928,-2.9116588056393211,-2.3076130528512562,0.25176696992557351,0,0.00035610946322728857,0,0,0.64028481488266487,0,-0.75663663777331969,19.871667486783501,-16.0983515837939,1.6733053617563554,3.0853111570855805,-0.23392728035280017,4.5310561843790225e-16,19.573384102743809,-16.740733923201326,1.6431949591214114,3.366131706381188,-0.14661878924135488,-0.29242347429211568,19.572956771387936,-16.740733923201326,1.6431949591214114,3.1703108099369786,-0.14661878924135488,1,1.8307835762794629,1.7616246212198707,1,1,1
1785225143.2947698,2,1,0.87812536025024523,0.54688889867839685,0.47843061324018232,3,0,1,0,3.1184832709901178,-0.066656496234977519,0.56063722900117341,-2.9116588056393211,-2.2945001750023377,0.25176696992557351,0,0,0.00035610946322728857,0.00035610946322728857,0.64669478522075607,-0.00035610946322728857,-0.75663663777331969,19.71237556304175,-16.636886642749971,1.5771383869427718,3.0853111570855805,-0.031611794642270291,4.5206655813556491e-16,19.6845682872247,-16.851293794580258,1.6512272924709102,3.4704982151092176,-0.14295279251835996,-0.29241635495058826,19.6845682872247,-16.851578682150841,1.6511026541587805,3.2607035833279694,-0.14288869281497904,1,1.8307835762794629,1.7616246212198707,1,1,1
1785225143.3147697,2,1,0.87812536025024523,0.54688889867839685,0.47843061324018232,3,0,1,0,3.1184823217445805,-0.066657920103283114,0.56063675437840488,-2.911659754884858,-2.2817546551762606,0.25176696992557351,0,0.00035610946322728857,0,0,0.66948579086730253,-0.00035610946322728857,-0.91592856151507118,19.871667486783501,-16.733053617563552,1.5771383869427718,3.25601484815384,-0.063223589284540582,4.113028046862385e-16,19.792039586739484,-16.958180498253629,1.6588595544345719,3.5713906046459569,-0.1393980054280646,-0.29241160872290189,19.791612255383612,-16.958180498253629,1.6588595544345719,3.3119115805552379,-0.13933390572468368,1,1.8307835762794629,1.7616246212198707,1,1,1
1785225143.3347697,2,1,0.87812536025024523,0.54688889867839685,0.47843061324018232,3,0,1,0,3.118483745612886,-0.066658869348820163,0.56064150060609019,-2.9116592802620898,-2.2678453603217505,0.25176649530280498,0,0,0,0,0.6744713233524845,0,-0.59734471403156819,19.71237556304175,-17.194655096668754,1.5771383869427718,3.25601484815384,0.069545948212994646,6.1074544300523725e-16,19.908703754319731,-17.074233853747895,1.6670191376301737,3.6807969260245201,-0.13553530510357534,-0.29241872806442909,19.908703754319731,-17.074233853747895,1.6670191376301737,3.4104494411161044,-0.13553530510357534,1,1.8307835762794629,1.7616246212198707,1,1,1
1785225143.3547697,2,1,0.87812536025024523,0.54688889867839685,0.47843061324018232,3,0,1,0,3.1184842202356546,-0.066658869348820163,0.56063960211501607,-2.9116592802620898,-2.2546048089480979,0.25176649530280498,0.00035610946322728857,0,-0.00035610946322728857,0,0.6855107167125305,0,0,19.871667486783501,-17.002321147041588,1.7502389416072222,3.4962644874350945,-0.063223589284540582,8.3363311857822922e-16,20.018995248231292,-17.183991116627574,1.674584662039641,3.7843394798681174,-0.13186717761311037,-0.29302648726575847,20.018995248231292,-17.183706229056991,1.674584662039641,3.4899261174348011,-0.13186717761311037,1,1.8307835762794629,1.7616246212198707,1,1,1
1785225143.3747697,2,1,0.87812536025024523,0.54688889867839685,0.47843061324018232,3,0,1,0,3.1184827963673492,-0.066658869348820163,0.5606400767377846,-2.911659754884858,-2.2402873385126529,0.25176744454834205,0,0,0,-0.00035610946322728857,0.69761843846225835,0,0,19.871667486783501,-17.194655096668754,1.846405916420806,3.4962644874350945,-0.3350850232080651,2.5853190824181589e-16,20.137561598928507,-17.30198043383594,1.6825664209177882,3.8955366993040608,-0.12791741904604845,-0.29241398183674522,20.137561598928507,-17.30198043383594,1.6826910592299178,3.5747285034563379,-0.12791741904604845,1,1.8307835762794629,1.7616246212198707,1,1,1
1785225143.3989275,2,1,0.87812536025024523,0.54688889867839685,0.47843061324018232,3,0,1,0,3.1184842202356546,-0.066657920103283114,0.56063817824671047,-2.911659754884858,-2.2230756184347182,0.25176744454834205,0,0,0,0,0.69548178168289454,0,0.47787577122525454,20.190251334267003,-17.386989046295923,1.846405916420806,3.5594880767196351,-0.10115774285526494,5.3770715657426289e-16,20.278978295955117,-17.44275195820487,1.6918769204400137,4.0281796410094479,-0.12318936628280594,-0.29242110117827236,20.278978295955117,-17.441371850891478,1.6918769204400137,3.679371138729969,-0.12318936628280594,1,1.8307835762794629,1.7616246212198707,1,1,1
1785225143.4189274,2,1,0.87812536025024523,0.54688889867839685,0.47843061324018232,3,0,1,0,3.1184865933494974,-0.066656970857746051,0.56063533051009928,-2.9116583310165525,-2.2093737337300552,0.25176744454834205,0,0,0,0,0.70260397094744031,0,-0.91592856151507118,19.871667486783501,-17.560089600960371,1.4809714121291881,3.8313495106431597,-0.16438133213980552,1.3942791460916861e-16,20.390693954608039,-17.553966227408385,1.6990709064864096,4.1329348519133777,-0.11944396779242752,-0.29243296674748659,20.390693954608039,-17.553966227408385,1.6990709064864096,3.8012581952479576,-0.11944396779242752,1,1.8307835762794629,1.7616246212198707,1,1,1
1785225143.4389274,2,1,0.87812536025024523,0.54688889867839685,0.47843061324018232,3,0,1,0,3.1184851694811919,-0.066656970857746051,0.56063580513286781,-2.9116583310165525,-2.1952812344868931,0.25176696992557351,-0.00035610946322728857,0,-0.00035610946322728857,0,0.68515460724930322,0,-1.3938043327403258,20.190251334267003,-18.117858054879157,1.846405916420806,3.8629613052854297,-0.13276953749753523,3.3575893818710189e-16,20.504900395399751,-17.667611952236193,1.7062689461146414,4.2398322230278023,-0.11561028206323318,-0.29182046131847261,20.504900395399751,-17.66732706466561,1.7062689461146414,3.9461951792243219,-0.11561028206323318,1,1.8307835762794629,1.7616246212198707,1,1,1
1785225143.4589274,2,1,0.87812536025024523,0.54688889867839685,0.47843061324018232,3,0,1,0,3.1184846948584233,-0.066657445480514582,0.56063248277348809,-2.9116578563937838,-2.1819424362001549,0.25176744454834205,0,0,0.00035610946322728857,0.00035610946322728857,0.6876473734918942,-0.00035610946322728857,-0.59734471403156819,20.508835181750506,-17.75242355058754,1.5771383869427718,4.0336649963536892,0,5.9058271872212454e-16,20.612219866560721,-17.77438289098972,1.7128823730143621,4.3402625485183419,-0.11199778715509752,-0.29242347429211552,20.612219866560721,-17.774667778560303,1.7127577347022325,4.0411912743060121,-0.11193368745171663,1,1.8307835762794629,1.7616246212198707,1,1,1
1785225143.4789274,2,1,0.87812536025024523,0.54688889867839685,0.47843061324018232,3,0,1,0,3.1184851694811919,-0.066659343971588694,0.5606400767377846,-2.9116583310165525,-2.1681375583547213,0.25176744454834205,0.00035610946322728857,-0.00035610946322728857,0,0,0.66450025838212046,0,-0.11946894280631364,20.668127105492257,-18.021691080065573,1.7502389416072222,4.2043686874219492,-0.26553907499507046,4.3735847157498249e-16,20.722701617598361,-17.884227906783281,1.7195534535201369,4.443294628101417,-0.10828309077324175,-0.29303123349344529,20.723128948954233,-17.884227906783281,1.7195534535201369,4.1946840648283947,-0.10828309077324175,1,1.8307835762794629,1.7616246212198707,1,1,1
1785225143.4989274,2,1,0.87812536025024523,0.54688889867839685,0.47843061324018232,3,0,1,0,3.118487067972266,-0.066658869348820163,0.56063248277348809,-2.9116578563937838,-2.1552771798186598,0.25176791917111058,-0.00035610946322728857,0,-0.00035610946322728857,0,0.66343192999243861,0,-0.27876086654806514,20.827419029234012,-17.75242355058754,1.6733053617563554,4.2739146356349433,-0.10115774285526494,2.7061006392345391e-16,20.824569487374873,-17.985617314225706,1.7255483641288043,4.5386432636109593,-0.10483146825477714,-0.2918299537738433,20.824569487374873,-17.985332426655123,1.7255483641288043,4.2923616562274427,-0.10483146825477715,1,1.8307835762794629,1.7616246212198707,1,1,1
1785225143.5189273,2,1,0.87812536025024523,0.54688889867839685,0.47843061324018232,3,0,1,0,3.1184861187267288,-0.066657445480514582,0.56063770362394194,-2.9116583310165525,-2.1417399892146767,0.25176791917111058,0,0,0.00035610946322728857,0,0.64135314327234672,0,0,21.305294800459265,-18.579459533984359,1.6733053617563554,4.4066841731324784,-0.13276953749753523,6.8693448702988799e-16,20.931101556896877,-18.091684291436007,1.7316919816272107,4.6381064964137062,-0.10122252782981965,-0.29243059363364288,20.931101556896877,-18.09196917900659,1.7316919816272107,4.4399566440799898,-0.10122252782981964,1,1.8307835762794629,1.7616246212198707,1,1,1
1785225143.5389273,2,1,0.87812536025024523,0.54688889867839685,0.47843061324018232,3,0,1,0,3.1184856441039601,-0.066656496234977519,0.56063295739625663,-2.9116578563937838,-2.1294847547084901,0.25176839379387911,0,0.00035610946322728857,-0.00035610946322728857,0,0.62212323225807309,0.00035610946322728857,-0.43805279028981664,21.464586724201016,-18.214025029692742,1.9425728912343896,4.6089996588430084,0,2.4961978770179791e-16,21.026725034579403,-18.186878268289597,1.7370647458390236,4.7274858971543523,-0.097968402411340069,-0.29242822051980011,21.026297703223531,-18.186593380719014,1.7370647458390236,4.5712572508317537,-0.098032502114720962,1,1.8307835762794629,1.7616246212198707,1,1,1
1785225143.5589273,2,1,0.87812536025024523,0.54688889867839685,0.47843061324018232,3,0,1,0,3.1184865933494974,-0.066656970857746051,0.56063248277348809,-2.9116578563937838,-2.1167159783667553,0.25176839379387911,0,0,0.00071221892645457715,0,0.61037161997157263,0,0,21.464586724201016,-18.021691080065573,1.846405916420806,4.7480915552689984,-0.36669681785033542,-1.6215975564044279e-16,21.125745566427483,-18.285383103658425,1.7425014303655364,4.8198110757796009,-0.094598225603975697,-0.29243296674748692,21.125745566427483,-18.285952878799588,1.7425014303655364,4.6892009442415725,-0.094598225603975711,1,1.8307835762794629,1.7616246212198707,1,1,1
1785225143.5789275,2,1,0.87812536025024523,0.54688889867839685,0.47843061324018232,3,0,1,0,3.1184865933494974,-0.066657445480514582,0.56063438126456222,-2.9116578563937838,-2.105331676640819,0.25176791917111058,0,0.00035610946322728857,-0.00035610946322728857,0,0.5715556884797981,0,-0.43805279028981664,21.146002876717514,-18.483292559170774,1.7502389416072222,4.8492492981242625,0.107480101783719,5.1886054865891675e-16,21.213402887057455,-18.372579157870582,1.7472046529463625,4.9014463487041597,-0.091610173305724962,-0.29243296674748626,21.212975555701583,-18.372294270299999,1.7472046529463625,4.7985663247777959,-0.091610173305724962,1,1.8307835762794629,1.7616246212198707,1,1,1
1785225143.5989275,2,1,0.87812536025024523,0.54688889867839685,0.47843061324018232,3,0,1,0,3.1184865933494974,-0.066657445480514582,0.56062678730026572,-2.9116578563937838,-2.0937916986468057,0.25176839379387911,0,0,0,0,0.55944796673007036,0,-0.75663663777331969,21.305294800459265,-18.75256008864881,1.9425728912343896,4.9187952463372575,-0.3350850232080651,3.6718014940580202e-16,21.301472040552039,-18.460210341253301,1.7518021488317901,4.9836216105714621,-0.088591937737672141,-0.29243296674748637,21.301472040552039,-18.460210341253301,1.7518021488317901,4.8829209765600492,-0.088591937737672127,1,1.8307835762794629,1.7616246212198707,1,1,1
1785225143.6189275,2,1,0.87812536025024523,0.54688889867839685,0.47843061324018232,3,0,1,0,3.1184865933494974,-0.066656970857746051,0.5606310589051825,-2.9116578563937838,-2.0832265958193505,0.25176839379387911,0,0.00035610946322728857,0,0,0.52205647309120506,0.00035610946322728857,-0.11946894280631364,21.305294800459265,-18.387125584357193,1.4809714121291881,5.1211107320477876,0.037934153570724355,5.6584193546547407e-16,21.381629885206124,-18.539985303123196,1.7559089933491516,5.0581960147720872,-0.085848354436600091,-0.2924329667474862,21.381202553850251,-18.539985303123196,1.7559089933491516,4.9642258496156701,-0.085912454139980998,1,1.8307835762794629,1.7616246212198707,1,1,1
1785225143.6389275,2,1,0.87812536025024523,0.54688889867839685,0.47843061324018232,3,0,1,0,3.1184875425950342,-0.066656970857746051,0.56062631267749718,-2.9116578563937838,-2.0729111445681419,0.25176839379387911,0,0,-0.00035610946322728857,0,0.49570437281238566,0.00035610946322728857,-1.2345124089985742,21.305294800459265,-18.579459533984359,1.6733053617563554,5.0515647838347926,-0.16438133213980552,2.4254841750038315e-16,21.459269396412729,-18.617235937401986,1.7597792626576521,5.1305235387664458,-0.083178233306429983,-0.29243771297517074,21.459269396412729,-18.616951049831403,1.7597792626576521,5.0412967516602167,-0.08324233300981089,1,1.8307835762794629,1.7616246212198707,1,1,1
1785225143.6589274,2,1,0.87812536025024523,0.54688889867839685,0.47843061324018232,3,0,1,0,3.118487067972266,-0.066657445480514582,0.56062821116857131,-2.9116573817710156,-2.0636028428317519,0.25176839379387911,-0.00035610946322728857,0,0,0,0.45973731702642956,0.00035610946322728857,-0.59734471403156819,21.623878647942767,-18.387125584357193,1.6733053617563554,5.1843343213323276,0.107480101783719,2.5783924158007661e-16,21.528962766061603,-18.686554595230817,1.7631886780017512,5.1952741326276053,-0.080784358451048935,-0.2918299537738433,21.528962766061603,-18.686554595230817,1.7631886780017512,5.1125214155628482,-0.080848458154429842,1,1.8307835762794629,1.7616246212198707,1,1,1
1785225143.6789274,2,1,0.87812536025024523,0.54688889867839685,0.47843061324018232,3,0,1,0,3.1184875425950342,-0.066656970857746051,0.56062773654580278,-2.9116573817710156,-2.054606368254285,0.25176839379387911,0,0,0,0,0.41807250982883676,0,0.47787577122525454,21.305294800459265,-18.75256008864881,1.7502389416072222,5.3234262177583176,0.037934153570724355,1.7757192661257683e-16,21.595812996724703,-18.753088827347401,1.7663822726996845,5.2574504848351964,-0.078479064207942789,-0.29243771297517079,21.595812996724703,-18.753088827347401,1.7663822726996845,5.1821974330660057,-0.078479064207942789,1,1.8307835762794629,1.7616246212198707,1,1,1
1785225143.6989274,2,1,0.87812536025024523,0.54688889867839685,0.47843061324018232,3,0,1,0,3.1184880172178029,-0.066656021612208988,0.56062583805472865,-2.9116573817710156,-2.046898969116143,0.25176839379387911,0,-0.00035610946322728857,0,0,0.38495432974869892,0,-0.43805279028981664,21.623878647942767,-19.406495517381178,1.9425728912343896,5.2538802695453226,-0.13276953749753523,2.0017341877038856e-16,21.65269618910536,-18.809728543187205,1.7690414699673913,5.3103935644388223,-0.076511381246559845,-0.29244008608901395,21.653123520461232,-18.809728543187205,1.7690414699673913,5.2411017850840569,-0.076511381246559845,1,1.8307835762794629,1.7616246212198707,1,1,1
1785225143.7189274,2,1,0.87812536025024523,0.54688889867839685,0.47843061324018232,3,0,1,0,3.1184884918405715,-0.066655546989440456,0.56062631267749718,-2.911656907148247,-2.0395902531035657,0.25176839379387911,0,0,0,0,0.32655237777942364,0.00035610946322728857,0.31858384748350305,21.783170571684519,-18.579459533984359,1.6733053617563554,5.4561957552558527,-0.031611794642270291,5.4711553331420071e-16,21.706396854707528,-18.86317831100467,1.7715105131833986,5.3602880509294462,-0.074654640111239928,-0.29244245920285683,21.706396854707528,-18.86317831100467,1.7715105131833986,5.3015086229291501,-0.074718739814620835,1,1.8307835762794629,1.7616246212198707,1,1,1
1785225143.7389274,2,1,0.87812536025024523,0.54688889867839685,0.47843061324018232,3,0,1,0,3.1184880172178029,-0.066656021612208988,0.56062488880919159,-2.9116573817710156,-2.0336864204858336,0.25176839379387911,0,0,0,0,0.28702422736119459,-0.00035610946322728857,-0.75663663777331969,21.623878647942767,-18.656393113835225,1.7502389416072222,5.4561957552558527,-0.16438133213980552,6.2682152852661364e-16,21.74959639990632,-18.906136831699136,1.7734549363067664,5.4003890860448225,-0.073158773549316047,-0.29244008608901356,21.74959639990632,-18.906136831699136,1.7734549363067664,5.3487247251198076,-0.07309467384593514,1,1.8307835762794629,1.7616246212198707,1,1,1
1785225143.7589273,2,1,0.87812536025024523,0.54688889867839685,0.47843061324018232,3,0,1,0,3.1184884918405715,-0.066656970857746051,0.56062631267749718,-2.9116573817710156,-2.0285092353267196,0.25176886841664764,0,-0.00035610946322728857,0.00071221892645457715,0,0.22969060378160114,0.00035610946322728857,-0.43805279028981664,21.783170571684519,-19.117994592940427,1.5771383869427718,5.4561957552558527,0.037934153570724355,1.8968968738048039e-16,21.787387176204838,-18.94369054108876,1.7751371861762579,5.4353779311341937,-0.071853387463289162,-0.29244245920285722,21.787814507560711,-18.944260316229922,1.7751371861762579,5.394033622453505,-0.071917487166670069,1,1.8307835762794629,1.7616246212198707,1,1,1
1785225143.7789273,2,1,0.87812536025024523,0.54688889867839685,0.47843061324018232,3,0,1,0,3.1184894410861084,-0.066656970857746051,0.56062536343196012,-2.911656907148247,-2.0246287195712265,0.25176839379387911,0,0,0,0,0.18125971678268987,0,-0.59734471403156819,21.623878647942767,-19.310328542567596,1.6733053617563554,5.5952876516818417,-0.13276953749753523,7.4293652622353402e-17,21.815548643163851,-18.971708912352867,1.7763745998148117,5.4615266465392382,-0.070875645943895185,-0.29244720543054153,21.815548643163851,-18.971708912352867,1.7763745998148117,5.4288998975183542,-0.070875645943895185,1,1.8307835762794629,1.7616246212198707,1,1,1
1785225143.7989273,2,1,0.87812536025024523,0.54688889867839685,0.47843061324018232,3,0,1,0,3.1184889664633397,-0.066655546989440456,0.56062583805472865,-2.9116573817710156,-2.0213794520978774,0.25176839379387911,-0.00035610946322728857,0.00035610946322728857,0,0,0.13389715817346051,0.00035610946322728857,-0.59734471403156819,22.101754419168021,-18.656393113835225,1.7502389416072222,5.4941299088265767,-0.063223589284540582,2.5916692458852906e-16,21.839000984936145,-18.995107303900244,1.7773928891276234,5.4833593148540318,-0.070058017689324736,-0.29183944622921171,21.838573653580273,-18.995107303900244,1.7773928891276234,5.4592578263828093,-0.070122117392705643,1,1.8307835762794629,1.7616246212198707,1,1,1
1785225143.8189273,2,1,0.87812536025024523,0.54688889867839685,0.47843061324018232,3,0,1,0,3.1184889664633397,-0.0666512753845237,0.5606158709765896,-2.911656907148247,-2.0193907826977409,0.25176886841664764,-0.00035610946322728857,0.00035610946322728857,-0.0010683283896818657,0.00035610946322728857,0.078700191373230768,0.00035610946322728857,-0.59734471403156819,21.305294800459265,-19.675763046859213,1.6733053617563554,5.6648335998948367,0.069545948212994646,5.5408691031599466e-16,21.852996573082915,-19.00923396263358,1.7779799045401314,5.4967860717731938,-0.069551986724449247,-0.29183944622921143,21.852569241727043,-19.008379299921835,1.7778552662280018,5.4826200373260123,-0.069616086427830154,1,1.8307835762794629,1.7616246212198707,1,1,1
1785225143.8389275,2,1,0.87812536025024523,0.54688889867839685,0.47843061324018232,3,0,1,0,3.1184913395771825,-0.066643681420227238,0.56061017550336723,-2.9116564325254783,-2.0182915563658277,0.25176886841664764,0.00035610946322728857,0,0,0,0.031337632764001394,0.00035610946322728857,0.79645961870875759,22.101754419168021,-19.117994592940427,1.6733053617563554,5.6268994463241118,-0.031611794642270291,1.4017106826528025e-16,21.86041338541834,-19.016967280789515,1.7782903782244333,5.5042348837806223,-0.069269571228885149,-0.29306208397339845,21.86041338541834,-19.016967280789515,1.7782903782244333,5.4985941098831024,-0.069333670932266056,1,1.8307835762794629,1.7616246212198707,1,1,1
1785225143.859781,2,1,0.87812536025024523,0.54688889867839685,0.47843061324018232,3,0,1,0,3.1184918141999511,-0.066643681420227238,0.56061017550336723,-2.9116554832799415,-2.0180722806467672,0.25176839379387911,-0.00035610946322728857,0,0,0.00035610946322728857,-0.0024927662425910197,0,-0.11946894280631364,21.783170571684519,-19.406495517381178,1.6733053617563554,5.6964453945371067,-0.10115774285526494,4.1293825584596357e-16,21.861992137655506,-19.018538003310166,1.7783630547242626,5.5057021676335234,-0.069215059996542219,-0.29185368491226865,21.861992137655506,-19.018538003310166,1.778238416412133,5.5061508655571894,-0.069215059996542219,1,1.8307835762794629,1.7616246212198707,1,1,1
1785225143.879781,2,1,0.87812536025024523,0.54688889867839685,0.47843061324018232,3,0,1,0,3.1184913395771825,-0.066643681420227238,0.56061112474890429,-2.9116559579027097,-2.0180888924436657,0.25176839379387911,-0.00035610946322728857,0,0,0,-0.00035610946322728857,0,-1.3938043327403258,21.783170571684519,-19.041061013089561,1.3848044373156043,5.5952876516818417,0.107480101783719,5.3413475513069196e-16,21.861885640387825,-19.018431587317885,1.7783580316309111,5.5055844579670303,-0.069219320959673994,-0.29185131179842527,21.861885640387825,-19.018431587317885,1.7783580316309111,5.5056485576704111,-0.069219320959673994,1,1.8307835762794629,1.7616246212198707,1,1,1
1785225143.899781,2,1,0.87812536025024523,0.54688889867839685,0.47843061324018232,3,0,1,0,3.1184908649544139,-0.066642257551921658,0.56061112474890429,-2.9116559579027097,-2.018089841689203,0.25176839379387911,0,0.00035610946322728857,0,0,0,0,-0.75663663777331969,21.783170571684519,-19.117994592940427,2.038739866047973,5.6268994463241118,-0.20231548571052987,4.1694914816684074e-16,21.861795377676643,-19.018407728813727,1.7783542451306422,5.5055877486270051,-0.069218789458320149,-0.29245432477206856,21.86136804632077,-19.018407728813727,1.7783542451306422,5.5055877486270051,-0.069218789458320149,1,1.8307835762794629,1.7616246212198707,1,1,1
1785225143.919781,2,1,0.87812536025024523,0.54688889867839685,0.47843061324018232,3,0,1,0,3.1184913395771825,-0.066637036701467839,0.56061017550336723,-2.9116559579027097,-2.0180950625396568,0.25176839379387911,0,0.00035610946322728857,-0.00035610946322728857,0,-0.00035610946322728857,0,-0.75663663777331969,22.101754419168021,-19.041061013089561,1.6733053617563554,5.4561957552558527,-0.10115774285526494,4.9864645303158198e-16,21.861439990486932,-19.018296393401684,1.7783374945094401,5.505594599065625,-0.069216763886786534,-0.29245669788591172,21.86101265913106,-19.018011505831101,1.7783374945094401,5.5056586987690057,-0.069216763886786534,1,1.8307835762794629,1.7616246212198707,1,1,1
1785225143.939781,2,1,0.87812536025024523,0.54688889867839685,0.47843061324018232,3,0,1,0,3.1184918141999511,-0.066634188964856664,0.56061065012613576,-2.9116559579027097,-2.0181083519771756,0.25176886841664764,0,0.00035610946322728857,0,0,-0.0010683283896818657,0.00035610946322728857,0.15929192374175152,21.305294800459265,-18.944894038275976,1.6733053617563554,5.2918144231160467,-0.30347322856579484,4.7948959545727811e-16,21.861183482769164,-19.018172861133614,1.778327147251638,5.5055218776257755,-0.069219189098212994,-0.29245907099975493,21.860756151413291,-19.018172861133614,1.778327147251638,5.5057141767359186,-0.069283288801593901,1,1.8307835762794629,1.7616246212198707,1,1,1
1785225143.9597809,2,1,0.87812536025024523,0.54688889867839685,0.47843061324018232,3,0,1,0,3.1184913395771825,-0.066628968114402845,0.56061017550336723,-2.9116559579027097,-2.0181111997137866,0.25176839379387911,0,0.00035610946322728857,0,0,0,0,-0.91592856151507118,21.94246249542627,-19.041061013089561,1.9425728912343896,5.4941299088265767,0.037934153570724355,5.160487854421091e-16,21.860850892241217,-19.018083982369198,1.7783127105828342,5.5055412720350203,-0.069216448671082967,-0.29245669788591172,21.860423560885344,-19.018083982369198,1.7783127105828342,5.5055412720350203,-0.069216448671082967,1,1.8307835762794629,1.7616246212198707,1,1,1
1785225143.9797809,2,1,0.87812536025024523,0.54688889867839685,0.47843061324018232,3,0,1,0,3.1184913395771825,-0.066624696509486075,0.56061112474890429,-2.9116554832799415,-2.0181130982048607,0.25176839379387911,0,0.00035610946322728857,0,0,-0.00035610946322728857,0,-0.59734471403156819,21.94246249542627,-19.041061013089561,2.038739866047973,5.4941299088265767,-0.20231548571052987,4.4277842453154285e-16,21.8605973517416,-19.018029139603268,1.7783061878870492,5.5055512139231642,-0.069215545047359633,-0.29245669788591178,21.860170020385727,-19.018029139603268,1.7783061878870492,5.5056153136265449,-0.069215545047359633,1,1.8307835762794629,1.7616246212198707,1,1,1
1785225143.9997809,2,1,0.87812536025024523,0.54688889867839685,0.47843061324018232,3,0,1,0,3.1184913395771825,-0.066624696509486075,0.56061112474890429,-2.9116559579027097,-2.0181221160374632,0.25176839379387911,0,0,-0.00035610946322728857,-0.00035610946322728857,0,-0.00035610946322728857,-1.0752204852568228,22.420338266651527,-18.656393113835225,1.6733053617563554,5.3929721659713117,0,2.0884138995437475e-16,21.860533766034045,-19.017965860841365,1.7783011842422138,5.5054907355365819,-0.069217389597257484,-0.292456697885912,21.860533766034045,-19.017680973270782,1.7784258225543434,5.5054907355365819,-0.069153289893876577,1,1.8307835762794629,1.7616246212198707,1,1,1
1785225144.0197809,2,1,0.87812536025024523,0.54688889867839685,0.47843061324018232,3,0,1,0,3.1184908649544139,-0.066624696509486075,0.56061112474890429,-2.9116559579027097,-2.0181249637740741,0.25176839379387911,0,-0.00035610946322728857,0,0,-0.00035610946322728857,0,-0.27876086654806514,22.101754419168021,-19.406495517381178,1.6733053617563554,5.4941299088265767,0.037934153570724355,6.5728450185305703e-16,21.860513222493168,-19.017945422237197,1.7783003035292371,5.5054716833572952,-0.069218103420012403,-0.29245432477206834,21.860940553849041,-19.017945422237197,1.7783003035292371,5.5055357830606759,-0.069218103420012403,1,1.8307835762794629,1.7616246212198707,1,1,1
1785225144.0397809,2,1,0.87812536025024523,0.54688889867839685,0.47843061324018232,3,0,1,0,3.1184903903316457,-0.066623747263949026,0.56061112474890429,-2.9116559579027097,-2.018138253211593,0.25176839379387911,0,0,0,0,0,0,-0.27876086654806514,22.261046342909772,-18.656393113835225,1.7502389416072222,5.4245839606135826,0.17070369106825958,3.3107812607667399e-16,21.860361741951028,-19.017838677615149,1.7782938647635733,5.50538920027752,-0.06922092164046828,-0.29245195165822768,21.860361741951028,-19.017838677615149,1.7782938647635733,5.50538920027752,-0.06922092164046828,1,1.8307835762794629,1.7616246212198707,1,1,1
1785225144.0597811,2,1,0.87812536025024523,0.54688889867839685,0.47843061324018232,3,0,1,0,3.1184903903316457,-0.06661472943134697,0.56061065012613576,-2.9116564325254783,-2.0181439486848154,0.25176839379387911,0,0.00071221892645457715,0,-0.00035610946322728857,-0.00035610946322728857,0,-0.59734471403156819,22.261046342909772,-19.406495517381178,1.6733053617563554,5.7280571891793768,-0.16438133213980552,3.37168625026682e-16,21.859787891543014,-19.017685603665388,1.7782666019515303,5.5054152254233539,-0.069216803745014613,-0.29245195165822768,21.858933228831269,-19.017685603665388,1.7783912402636599,5.5054793251267347,-0.069216803745014613,1,1.8307835762794629,1.7616246212198707,1,1,1
1785225144.0797811,2,1,0.87812536025024523,0.54688889867839685,0.47843061324018232,3,0,1,0,3.1184903903316457,-0.06659811763444845,0.56061112474890429,-2.9116559579027097,-2.0181567634995656,0.25176839379387911,-0.00035610946322728857,0.0010683283896818657,0,0,-0.00071221892645457715,0,-0.43805279028981664,21.623878647942767,-19.117994592940427,2.038739866047973,5.3234262177583176,-0.10115774285526494,4.3589335339584426e-16,21.858726729214766,-19.017398995917052,1.7782252656607027,5.5054389067722038,-0.069211711342106602,-0.29184656557074118,21.857444735147148,-19.017398995917052,1.7782252656607027,5.5055671061789653,-0.069211711342106602,1,1.8307835762794629,1.7616246212198707,1,1,1
1785225144.099781,2,1,0.87812536025024523,0.54688889867839685,0.47843061324018232,3,0,1,0,3.1184903903316457,-0.066577708855401707,0.56061065012613576,-2.9116559579027097,-2.0181738499192328,0.25176791917111058,0,0.00071221892645457715,0,0,-0.00071221892645457715,0,0,21.464586724201016,-19.310328542567596,1.6733053617563554,5.4561957552558527,-0.031611794642270291,3.7948009893838017e-16,21.857401645451933,-19.017026090730873,1.7781691652943035,5.5054658819039215,-0.069204332425038859,-0.29245195165822763,21.856546982740188,-19.017026090730873,1.7781691652943035,5.505594081310683,-0.069204332425038859,1,1.8307835762794629,1.7616246212198707,1,1,1
1785225144.119781,2,1,0.87812536025024523,0.54688889867839685,0.47843061324018232,3,0,1,0,3.1184903903316457,-0.066562046304040251,0.56061017550336723,-2.9116559579027097,-2.0181847662429089,0.25176791917111058,0,0.00071221892645457715,0,0.00035610946322728857,-0.00071221892645457715,0,-0.27876086654806514,21.94246249542627,-19.310328542567596,1.9425728912343896,5.4561957552558527,0,3.4062276591667348e-16,21.856399378219471,-19.016754543998772,1.7781262004569163,5.5055021175902041,-0.069198348157859454,-0.29245195165822768,21.855544715507726,-19.016754543998772,1.7780015621447867,5.5056303169969656,-0.069198348157859454,1,1.8307835762794629,1.7616246212198707,1,1,1
1785225144.139781,2,1,0.87812536025024523,0.54688889867839685,0.47843061324018232,3,0,1,0,3.1184903903316457,-0.066557774699123495,0.56060922625783016,-2.9116559579027097,-2.018198530303196,0.25176791917111058,-0.00035610946322728857,0,0,0,-0.00071221892645457715,0.00035610946322728857,-0.59734471403156819,22.101754419168021,-18.848727063462395,1.7502389416072222,5.5952876516818417,-0.13276953749753523,4.5602100084491379e-16,21.856037963861034,-19.016593251276912,1.7781091349903027,5.5054453835482526,-0.069198976946346247,-0.29184656557074118,21.856037963861034,-19.016593251276912,1.7781091349903027,5.5055735829550141,-0.069263076649727154,1,1.8307835762794629,1.7616246212198707,1,1,1
1785225144.159781,2,1,0.87812536025024523,0.54688889867839685,0.47843061324018232,3,0,1,0,3.1184903903316457,-0.066557300076354964,0.56060922625783016,-2.9116559579027097,-2.0182070735130297,0.25176744454834205,-0.00035610946322728857,0.00035610946322728857,0,0,-0.00035610946322728857,0,0,21.94246249542627,-19.041061013089561,1.846405916420806,5.4561957552558527,-0.10115774285526494,-2.1204434417882008e-16,21.855948270472265,-19.016525995949202,1.7781057438087193,5.5053913212538461,-0.06920048548955085,-0.29184656557074184,21.855520939116392,-19.016525995949202,1.7781057438087193,5.5054554209572268,-0.06920048548955085,1,1.8307835762794629,1.7616246212198707,1,1,1
1785225144.179781,2,1,0.87812536025024523,0.54688889867839685,0.47843061324018232,3,0,1,0,3.1184908649544139,-0.066557300076354964,0.56060875163506163,-2.9116559579027097,-2.0182113451179466,0.25176744454834205,0,-0.00035610946322728857,-0.00035610946322728857,0,0,0,0,21.783170571684519,-19.041061013089561,1.6733053617563554,5.4561957552558527,0.069545948212994646,3.1951676083882672e-16,21.855911519720362,-19.016489655367081,1.7781032581109049,5.5053659563807535,-0.069201299755217383,-0.29245432477206867,21.856338851076234,-19.016204767796498,1.7781032581109049,5.5053659563807535,-0.069201299755217383,1,1.8307835762794629,1.7616246212198707,1,1,1
1785225144.1997809,2,1,0.87812536025024523,0.54688889867839685,0.47843061324018232,3,0,1,0,3.1184903903316457,-0.066555876208049383,0.56060875163506163,-2.9116559579027097,-2.0182151421000945,0.25176791917111058,0,0,0,0.00035610946322728857,0,0,0,21.783170571684519,-18.483292559170774,1.846405916420806,5.5257417034688476,0.037934153570724355,3.1302052173062111e-16,21.855800968077794,-19.016445613263446,1.7780981746085387,5.5053503135246808,-0.069201858514953057,-0.29245195165822768,21.855800968077794,-19.016445613263446,1.7779735362964091,5.5053503135246808,-0.069201858514953057,1,1.8307835762794629,1.7616246212198707,1,1,1
1785225144.2197809,2,1,0.87812536025024523,0.54688889867839685,0.47843061324018232,3,0,1,0,3.1184903903316457,-0.06655492696251232,0.56060875163506163,-2.9116559579027097,-2.0182184644594745,0.25176744454834205,0,0,0,0.00035610946322728857,-0.00035610946322728857,0,-1.3938043327403258,21.464586724201016,-18.944894038275976,1.6733053617563554,5.5573534981111177,0.069545948212994646,-4.9960143434177125e-18,21.855721132280554,-19.016410146367253,1.7780952339605725,5.5053343942659891,-0.069201801888277292,-0.29245195165822802,21.855721132280554,-19.016410146367253,1.7779705956484428,5.5053984939693699,-0.069201801888277292,1,1.8307835762794629,1.7616246212198707,1,1,1
1785225144.2397809,2,1,0.87812536025024523,0.54688889867839685,0.47843061324018232,3,0,1,0,3.1184903903316457,-0.066555876208049383,0.56060922625783016,-2.9116559579027097,-2.0182241599326969,0.25176791917111058,-0.00035610946322728857,0,0,0.00035610946322728857,0,0,-0.27876086654806514,22.101754419168021,-18.656393113835225,1.7502389416072222,5.4941299088265767,0,1.3119846348951795e-16,21.8557418475364,-19.016386572261371,1.7780965493204954,5.5052867663739633,-0.069204375482207245,-0.29184656557074151,21.8557418475364,-19.016386572261371,1.7779719110083658,5.5052867663739633,-0.069204375482207245,1,1.8307835762794629,1.7616246212198707,1,1,1
1785225144.2597809,2,1,0.87812536025024523,0.54688889867839685,0.47843061324018232,3,0,1,0,3.1184903903316457,-0.066557300076354964,0.56061017550336723,-2.9116564325254783,-2.0182265330465392,0.25176744454834205,0,0,0,0,0,0,-1.0752204852568228,22.101754419168021,-18.75256008864881,1.5771383869427718,5.4941299088265767,0.069545948212994646,6.1370843854860337e-16,21.855821226076277,-19.016399137747428,1.7780998383063498,5.5052545539040869,-0.069205460512248157,-0.2924519516582274,21.855821226076277,-19.016399137747428,1.7780998383063498,5.5052545539040869,-0.069205460512248157,1,1.8307835762794629,1.7616246212198707,1,1,1
1785225144.2797809,2,1,0.87812536025024523,0.54688889867839685,0.47843061324018232,3,0,1,0,3.1184903903316457,-0.066557300076354964,0.56060970088059869,-2.9116564325254783,-2.0182270076693078,0.25176744454834205,0,0,-0.00035610946322728857,0,0,0,-0.27876086654806514,21.783170571684519,-18.75256008864881,1.6733053617563554,5.4561957552558527,0.037934153570724355,7.1085718583921399e-16,21.855811866999101,-19.016390048923341,1.7780985271433645,5.5052545923295568,-0.069205322999252611,-0.29245195165822729,21.855811866999101,-19.016105161352758,1.7780985271433645,5.5052545923295568,-0.069205322999252611,1,1.8307835762794629,1.7616246212198707,1,1,1
1785225144.2997808,2,1,0.87812536025024523,0.54688889867839685,0.47843061324018232,3,0,1,0,3.1184903903316457,-0.066556825453586432,0.56061017550336723,-2.9116564325254783,-2.0182284315376133,0.25176744454834205,0,0,0,0,0,0,-0.27876086654806514,21.783170571684519,-19.579596072045629,1.6733053617563554,5.5257417034688476,-0.26553907499507046,3.9156316870567802e-16,21.855779724518669,-19.016379829365988,1.7780980866345724,5.5052450659388414,-0.069205679915061977,-0.29245195165822763,21.855779724518669,-19.016379829365988,1.7780980866345724,5.5052450659388414,-0.069205679915061977,1,1.8307835762794629,1.7616246212198707,1,1,1
1785225144.3197811,2,1,0.87812536025024523,0.54688889867839685,0.47843061324018232,3,0,1,0,3.118489915708877,-0.066556825453586432,0.56061017550336723,-2.9116564325254783,-2.0182293807831506,0.25176744454834205,0,0,0,0,-0.00035610946322728857,0,0,22.101754419168021,-18.579459533984359,1.6733053617563554,5.4561957552558527,0.13909189642598929,6.1395320151639711e-16,21.855772876494726,-19.016373016321545,1.7780977929792134,5.5052387150067172,-0.069205917862555616,-0.29244957854438419,21.855772876494726,-19.016373016321545,1.7780977929792134,5.505302814710098,-0.069205917862555616,1,1.8307835762794629,1.7616246212198707,1,1,1
1785225144.339781,2,1,0.87812536025024523,0.54688889867839685,0.47843061324018232,3,0,1,0,3.1184889664633397,-0.066557774699123495,0.56061207399444135,-2.911656907148247,-2.0182298554059193,0.25176744454834205,0,-0.00035610946322728857,0.00035610946322728857,0,0,0,0,21.464586724201016,-19.675763046859213,1.7502389416072222,5.2918144231160467,-0.10115774285526494,4.4209088069596976e-16,21.855850272278246,-19.016405146755353,1.7781024177084843,5.5052161093294849,-0.069207159925787312,-0.29244483231669793,21.856277603634119,-19.016690034325936,1.7781024177084843,5.5052161093294849,-0.069207159925787312,1,1.8307835762794629,1.7616246212198707,1,1,1
1785225144.359781,2,1,0.87812536025024523,0.54688889867839685,0.47843061324018232,3,0,1,0,3.1184880172178029,-0.066557774699123495,0.56061254861720988,-2.9116573817710156,-2.0182317538969934,0.25176744454834205,0,0.00035610946322728857,0,0,0,0,0,21.464586724201016,-18.848727063462395,1.6733053617563554,5.4561957552558527,-0.10115774285526494,1.7043104437351901e-16,21.855843979791484,-19.016398646111181,1.7781007802168292,5.5052000466797573,-0.069207476466712506,-0.29244008608901401,21.855416648435611,-19.016398646111181,1.7781007802168292,5.5052000466797573,-0.069207476466712506,1,1.8307835762794629,1.7616246212198707,1,1,1
1785225144.379781,2,1,0.87812536025024523,0.54688889867839685,0.47843061324018232,3,0,1,0,3.1184884918405715,-0.066557774699123495,0.56061254861720988,-2.9116573817710156,-2.0182341270108357,0.25176696992557351,0.00035610946322728857,0,0,0,0,-0.00035610946322728857,0,22.101754419168021,-18.656393113835225,1.4809714121291881,5.4561957552558527,-0.10115774285526494,3.5157166473544303e-16,21.855826602805855,-19.016381356607717,1.7781004619090859,5.5051840502780331,-0.069207694900921865,-0.29304784529034344,21.855826602805855,-19.016381356607717,1.7781004619090859,5.5051840502780331,-0.069143595197540958,1,1.8307835762794629,1.7616246212198707,1,1,1
1785225144.399781,2,1,0.87812536025024523,0.54688889867839685,0.47843061324018232,3,0,1,0,3.1184884918405715,-0.066555876208049383,0.56061254861720988,-2.9116578563937838,-2.0182360255019098,0.25176744454834205,0,0,0,0,-0.00071221892645457715,0,0,21.783170571684519,-19.117994592940427,2.038739866047973,5.3929721659713117,0.037934153570724355,3.7269434366880112e-16,21.855703410150383,-19.01634670139282,1.7780925868138642,5.505184176112234,-0.069207105427547266,-0.292442459202857,21.855703410150383,-19.01634670139282,1.7780925868138642,5.5053123755189954,-0.069207105427547266,1,1.8307835762794629,1.7616246212198707,1,1,1
1785225144.419781,2,1,0.87812536025024523,0.54688889867839685,0.47843061324018232,3,0,1,0,3.1184875425950342,-0.066554452339743789,0.56061207399444135,-2.9116578563937838,-2.0182398224840581,0.25176696992557351,-0.00035610946322728857,0.00035610946322728857,-0.00035610946322728857,0,-0.00035610946322728857,-0.00035610946322728857,0.95575154245050908,21.94246249542627,-18.848727063462395,1.6733053617563554,5.3550380124005876,-0.26553907499507046,2.6500670541615543e-16,21.855586409511929,-19.016296463128732,1.7780871705984769,5.5051715088613351,-0.069206654825563901,-0.29183232688768429,21.855159078156056,-19.016011575558149,1.7780871705984769,5.5052356085647158,-0.069142555122182994,1,1.8307835762794629,1.7616246212198707,1,1,1
1785225144.439781,2,1,0.87812536025024523,0.54688889867839685,0.47843061324018232,3,0,1,0,3.1184875425950342,-0.066553977716975257,0.56061207399444135,-2.9116578563937838,-2.0182436194662063,0.25176696992557351,-0.00035610946322728857,0.00035610946322728857,-0.00035610946322728857,0,-0.00035610946322728857,-0.00035610946322728857,0,21.783170571684519,-19.117994592940427,2.038739866047973,5.5573534981111177,0.037934153570724355,7.166463951492994e-16,21.855531211665721,-19.016263528422826,1.7780848315726483,5.5051493187930163,-0.069207350132351686,-0.29183232688768385,21.855103880309848,-19.015978640852243,1.7780848315726483,5.505213418496397,-0.069143250428970779,1,1.8307835762794629,1.7616246212198707,1,1,1
1785225144.4597809,2,1,0.87812536025024523,0.54688889867839685,0.47843061324018232,3,0,1,0,3.1184880172178029,-0.066551129980364082,0.56061207399444135,-2.9116578563937838,-2.0182459925800491,0.25176744454834205,0,0,-0.00035610946322728857,0,-0.00035610946322728857,0,-0.59734471403156819,22.261046342909772,-19.214161567754012,1.7502389416072222,5.6268994463241118,-0.16438133213980552,2.9557254472106679e-16,21.855347515233234,-19.016212658751293,1.7780766954097169,5.5051528437965835,-0.069206782485950108,-0.2924400860890139,21.855347515233234,-19.01592777118071,1.7780766954097169,5.5052169434999643,-0.069206782485950108,1,1.8307835762794629,1.7616246212198707,1,1,1
1785225144.4797809,2,1,0.87812536025024523,0.54688889867839685,0.47843061324018232,3,0,1,0,3.1184884918405715,-0.06653784054284527,0.56061207399444135,-2.9116578563937838,-2.0182469418255859,0.25176696992557351,0.00035610946322728857,0.0010683283896818657,0,0,0,-0.00035610946322728857,0,21.783170571684519,-19.041061013089561,1.9425728912343896,5.4561957552558527,0.107480101783719,5.2563911535766693e-16,21.854561853977899,-19.016046483156998,1.7780442153590541,5.5052363632329975,-0.069199462200910875,-0.29304784529034328,21.85327985991028,-19.016046483156998,1.7780442153590541,5.5052363632329975,-0.069135362497529967,1,1.8307835762794629,1.7616246212198707,1,1,1
1785225144.4997809,2,1,0.87812536025024523,0.54688889867839685,0.47843061324018232,3,0,1,0,3.1184884918405715,-0.066508413931196483,0.56061254861720988,-2.9116578563937838,-2.0182507388077342,0.25176744454834205,0,0.0017805473161364429,0.00035610946322728857,-0.00035610946322728857,-0.00035610946322728857,0,-0.75663663777331969,22.539807209457837,-18.75256008864881,1.7502389416072222,5.4561957552558527,-0.16438133213980552,4.1506018980037056e-16,21.852816694550519,-19.015672853751859,1.7779715975463577,5.5054071239845772,-0.069185144323167719,-0.292442459202857,21.850680037771156,-19.015957741322442,1.7780962358584873,5.5054712236879579,-0.069185144323167719,1,1.8307835762794629,1.7616246212198707,1,1,1
1785225144.5197809,2,1,0.87812536025024523,0.54688889867839685,0.47843061324018232,3,0,1,0,3.1184884918405715,-0.066485157415538565,0.56061254861720988,-2.9116578563937838,-2.0182521626760401,0.25176744454834205,0,0.00071221892645457715,0,-0.00035610946322728857,0,0,-0.43805279028981664,22.101754419168021,-18.848727063462395,1.7502389416072222,5.4561957552558527,0.037934153570724355,1.8879080768833283e-16,21.851443925299478,-19.015384179462608,1.7779141012897162,5.5055550738294157,-0.069172933010352447,-0.29244245920285722,21.850589262587732,-19.015384179462608,1.7780387396018458,5.5055550738294157,-0.069172933010352447,1,1.8307835762794629,1.7616246212198707,1,1,1
1785225144.5397809,2,1,0.87812536025024523,0.54688889867839685,0.47843061324018232,3,0,1,0,3.1184875425950342,-0.066479936565084746,0.56061539635382107,-2.9116578563937838,-2.018253111921577,0.25176744454834205,0,0,0.00035610946322728857,0,0,0,-0.11946894280631364,22.101754419168021,-19.214161567754012,2.038739866047973,5.4941299088265767,0,5.4618551743136281e-16,21.851166823130221,-19.015348952343693,1.7779079854025992,5.5055647919404755,-0.069171888446329377,-0.29243771297517041,21.851166823130221,-19.015633839914276,1.7779079854025992,5.5055647919404755,-0.069171888446329377,1,1.8307835762794629,1.7616246212198707,1,1,1
1785225144.5597811,2,1,0.87812536025024523,0.54688889867839685,0.47843061324018232,3,0,1,0,3.1184861187267288,-0.066470918732482689,0.56061634559935813,-2.9116583310165525,-2.0182554850354197,0.25176744454834205,0,0.00071221892645457715,0,-0.00035610946322728857,0.00035610946322728857,-0.00035610946322728857,-1.3938043327403258,21.94246249542627,-18.656393113835225,2.038739866047973,5.3234262177583176,-0.20231548571052987,2.0029605283532642e-16,21.850634724873046,-19.015236754287024,1.7778852418729754,5.5056034022432936,-0.069167707076841958,-0.29243059363364332,21.849780062161301,-19.015236754287024,1.778009880185105,5.5055393025399129,-0.069103607373461051,1,1.8307835762794629,1.7616246212198707,1,1,1
1785225144.5797811,2,1,0.87812536025024523,0.54688889867839685,0.47843061324018232,3,0,1,0,3.1184846948584233,-0.066436745893148602,0.5606158709765896,-2.9116583310165525,-2.0182554850354197,0.25176744454834205,0,0.0024927662425910197,-0.00035610946322728857,0,0,0,-0.75663663777331969,21.146002876717514,-19.117994592940427,1.4809714121291881,5.4941299088265767,-0.031611794642270291,3.8236542823094912e-16,21.848626722270978,-19.0148218882915,1.7778002381786731,5.505838002560731,-0.069148982894616656,-0.29242347429211574,21.84563540277987,-19.014537000720917,1.7778002381786731,5.505838002560731,-0.069148982894616656,1,1.8307835762794629,1.7616246212198707,1,1,1
1785225144.599781,2,1,0.87812536025024523,0.54688889867839685,0.47843061324018232,3,0,1,0,3.118483745612886,-0.066385486634147478,0.5606172948448952,-2.9116592802620898,-2.0182554850354197,0.25176744454834205,0,0.0024927662425910197,0,-0.00035610946322728857,-0.00035610946322728857,0,0,21.94246249542627,-19.214161567754012,1.7502389416072222,5.4561957552558527,-0.16438133213980552,1.1851386182586279e-16,21.845644320116111,-19.014228010399052,1.7776735407620667,5.5061751361605502,-0.069121219191945332,-0.29241872806442959,21.842653000625003,-19.014228010399052,1.7777981790741963,5.5062392358639309,-0.069121219191945332,1,1.8307835762794629,1.7616246212198707,1,1,1
1785225144.619781,2,1,0.87812536025024523,0.54688889867839685,0.47843061324018232,3,0,1,0,3.118483745612886,-0.066329955770229584,0.56061824409043226,-2.911659754884858,-2.0182554850354197,0.25176744454834205,0,0.0028488757058183086,0.00035610946322728857,0,0,0,-0.11946894280631364,21.623878647942767,-19.310328542567596,1.846405916420806,5.5573534981111177,-0.063223589284540582,2.4799486453927843e-16,21.84240418685561,-19.013575800924027,1.7775374080872561,5.5065445368380894,-0.069091306165908514,-0.29241872806442948,21.838985536008629,-19.01386068849461,1.7775374080872561,5.5065445368380894,-0.069091306165908514,1,1.8307835762794629,1.7616246212198707,1,1,1
1785225144.639781,2,1,0.87812536025024523,0.54688889867839685,0.47843061324018232,3,0,1,0,3.1184823217445805,-0.066248320654042597,0.56062061720427492,-2.911659754884858,-2.0182550104126511,0.25176744454834205,-0.00035610946322728857,0.0053416419484093288,0,0,0.00035610946322728857,0,0.47787577122525454,21.623878647942767,-18.848727063462395,1.6733053617563554,5.6268994463241118,-0.13276953749753523,3.3395507822319307e-16,21.837654287622769,-19.012629889246217,1.7773430721486823,5.5070843296297376,-0.069048351650702833,-0.29180622263541556,21.831244317284678,-19.012629889246217,1.7773430721486823,5.5070202299263569,-0.069048351650702833,1,1.8307835762794629,1.7616246212198707,1,1,1
1785225144.659781,2,1,0.87812536025024523,0.54688889867839685,0.47843061324018232,3,0,1,0,3.1184804232535064,-0.066100712973030093,0.56062393956365453,-2.9116602295076266,-2.0182550104126511,0.25176696992557351,-0.00035610946322728857,0.0085466271174549253,0.00035610946322728857,0,0,-0.00035610946322728857,-0.75663663777331969,21.94246249542627,-18.387125584357193,2.038739866047973,5.4561957552558527,0.107480101783719,9.791638736534198e-17,21.829048350889494,-19.010902673410968,1.7769872175475276,5.5080608123199601,-0.068969582165476648,-0.29179673018004515,21.818792398348549,-19.011187560981551,1.7769872175475276,5.5080608123199601,-0.068905482462095741,1,1.8307835762794629,1.7616246212198707,1,1,1
1785225144.679781,2,1,0.87812536025024523,0.54688889867839685,0.47843061324018232,3,0,1,0,3.1184771008941268,-0.06591845782991497,0.56062678730026572,-2.9116616533759321,-2.0182545357898825,0.25176744454834205,-0.00035610946322728857,0.010327174433591369,0.00035610946322728857,-0.00035610946322728857,0,0,0,21.623878647942767,-19.406495517381178,1.6733053617563554,5.6648335998948367,-0.26553907499507046,3.7333729083283819e-16,21.818412615805123,-19.008760988252085,1.7765400179492969,5.5092780147174816,-0.068871633101811477,-0.29178011838314682,21.806020006484815,-19.009045875822668,1.7766646562614266,5.5092780147174816,-0.068871633101811477,1,1.8307835762794629,1.7616246212198707,1,1,1
1785225144.6997809,2,1,0.87812536025024523,0.54688889867839685,0.47843061324018232,3,0,1,0,3.1184714054209044,-0.065695859751474878,0.56063485588733075,-2.9116640264897748,-2.0182540611671138,0.25176744454834205,-0.00035610946322728857,0.011039393360045946,0.00071221892645457715,0,0,0,-0.75663663777331969,21.305294800459265,-18.75256008864881,1.5771383869427718,5.3234262177583176,0.069545948212994646,2.5507014023457227e-16,21.805480008540851,-19.006200303120142,1.7760025436564129,5.5107323010181446,-0.068753492761049098,-0.29175164101703505,21.792232736508797,-19.006770078261304,1.7760025436564129,5.5107323010181446,-0.068753492761049098,1,1.8307835762794629,1.7616246212198707,1,1,1
1785225144.7197809,2,1,0.87812536025024523,0.54688889867839685,0.47843061324018232,3,0,1,0,3.1184704561753671,-0.065460921481053036,0.56063912749224754,-2.9116640264897748,-2.018253111921577,0.25176696992557351,-0.00035610946322728857,0.012819940676182388,0.00071221892645457715,0,0,0,-0.43805279028981664,21.464586724201016,-18.944894038275976,1.9425728912343896,5.3234262177583176,-0.063223589284540582,3.4743223768770265e-16,21.791771392189688,-19.003441161403529,1.7754369947767565,5.5122993004080163,-0.068628208938316657,-0.29174689478934857,21.776387463378267,-19.004010936544692,1.7754369947767565,5.5122993004080163,-0.068628208938316657,1,1.8307835762794629,1.7616246212198707,1,1,1
1785225144.7397809,2,1,0.87812536025024523,0.54688889867839685,0.47843061324018232,3,0,1,0,3.1184671338159875,-0.065206049054352982,0.56064861994761805,-2.9116649757353121,-2.0182516880532715,0.25176744454834205,0,0.0124638312129551,0.00071221892645457715,-0.00035610946322728857,0.00035610946322728857,0,-0.75663663777331969,21.305294800459265,-18.944894038275976,1.7502389416072222,5.4941299088265767,0.069545948212994646,4.4924122458108721e-16,21.77696546352351,-19.000511311847028,1.7748301175733303,5.5139686477177632,-0.068494774090031046,-0.2923356690799368,21.762008866067962,-19.00108108698819,1.7749547558854599,5.5139045480143825,-0.068494774090031046,1,1.8307835762794629,1.7616246212198707,1,1,1
1785225144.7597809,2,1,0.87812536025024523,0.54688889867839685,0.47843061324018232,3,0,1,0,3.1184609637199969,-0.06496636455624584,0.56069370911062832,-2.9116663996036176,-2.0182512134305028,0.25176696992557351,-0.00035610946322728857,0.013176050139409676,0.0021366567793637313,0,0,0,0,21.94246249542627,-19.117994592940427,1.846405916420806,5.5573534981111177,-0.031611794642270291,2.3582298594841222e-16,21.763488764830917,-18.998183916208262,1.7743461829693175,5.5152874682618123,-0.068387853273890742,-0.29169943251249775,21.747677504663624,-18.999893241631753,1.7743461829693175,5.5152874682618123,-0.068387853273890742,1,1.8307835762794629,1.7616246212198707,1,1,1
1785225144.7797809,2,1,0.87812536025024523,0.54688889867839685,0.47843061324018232,3,0,1,0,3.1184524205101631,-0.064693931087110218,0.56073974751917566,-2.9116678234719231,-2.0182516880532715,0.25176696992557351,-0.00071221892645457715,0.013176050139409676,0.0017805473161364429,-0.00035610946322728857,0,0,-0.11946894280631364,22.101754419168021,-19.502662492194762,2.1349068408615568,5.3929721659713117,0,1.0651534777360763e-17,21.748096645431282,-18.995467524954268,1.7737833698034451,5.5168148892114557,-0.068264357137916745,-0.29105133037584263,21.732285385263989,-18.996891962807176,1.7739080081155747,5.5168148892114557,-0.068264357137916745,1,1.8307835762794629,1.7616246212198707,1,1,1
1785225144.7997808,2,1,0.87812536025024523,0.54688889867839685,0.47843061324018232,3,0,1,0,3.1184381818271074,-0.064453771966234558,0.56077581884958383,-2.9116697219629972,-2.0182512134305028,0.25176744454834205,-0.0010683283896818657,0.011751612286500523,0.0021366567793637313,0,0,0,0,22.101754419168021,-18.848727063462395,1.6733053617563554,5.4941299088265767,-0.23392728035280017,1.4876527668370625e-16,21.734479065051485,-18.993026559649422,1.7732729403599243,5.5181975264960856,-0.068152641397651259,-0.29037475087307746,21.720377130307686,-18.994735885072913,1.7732729403599243,5.5181975264960856,-0.068152641397651259,1,1.8307835762794629,1.7616246212198707,1,1,1
1785225144.8197811,2,1,0.87812536025024523,0.54688889867839685,0.47843061324018232,3,0,1,0,3.118426316257894,-0.064247785684692985,0.56082043338982557,-2.9116701965857659,-2.0182516880532715,0.25176744454834205,-0.00071221892645457715,0.0089027365806822138,0.0021366567793637313,0,0,0,-0.43805279028981664,21.464586724201016,-19.117994592940427,1.846405916420806,5.3234262177583176,0.107480101783719,4.4141601632817327e-16,21.722959810300779,-18.991086521097355,1.772874136692753,5.5192851570024555,-0.068065117612743989,-0.29092080911449658,21.712276526403961,-18.992795846520846,1.772874136692753,5.5192851570024555,-0.068065117612743989,1,1.8307835762794629,1.7616246212198707,1,1,1
1785225144.839781,2,1,0.87812536025024523,0.54688889867839685,0.47843061324018232,3,0,1,0,3.1184068567243846,-0.064073124505874324,0.56084843613316882,-2.9116706712085345,-2.0182521626760401,0.25176744454834205,-0.0014244378529091543,0.0089027365806822138,0.00071221892645457715,0,0.00035610946322728857,0,-0.91592856151507118,22.101754419168021,-19.117994592940427,1.6733053617563554,5.6648335998948367,-0.40463097142105975,3.5758704140588444e-16,21.713068238417428,-18.98932276666827,1.7725114415063983,5.5202731949746431,-0.067985545718249191,-0.28961273927197662,21.70238495452061,-18.989892541809432,1.7725114415063983,5.5202090952712624,-0.067985545718249191,1,1.8307835762794629,1.7616246212198707,1,1,1
1785225144.859781,2,1,0.87812536025024523,0.54688889867839685,0.47843061324018232,3,0,1,0,3.1183370871774105,-0.063915075123954168,0.56086077632515052,-2.9116730443223768,-2.0182512134305028,0.25176696992557351,-0.0056977514116366172,0.0056977514116366172,0.0014244378529091543,0,0.00035610946322728857,0,0.15929192374175152,21.94246249542627,-18.656393113835225,1.846405916420806,5.5257417034688476,-0.031611794642270291,1.0285285095188732e-16,21.703969556342393,-18.987585742313964,1.7721430674894019,5.5212635040424898,-0.067904093551814454,-0.28199925848727003,21.69713225464843,-18.988725292596293,1.7721430674894019,5.5211994043391091,-0.067904093551814454,1,1.8307835762794629,1.7616246212198707,1,1,1
1785225144.879781,2,1,0.87812536025024523,0.54688889867839685,0.47843061324018232,3,0,1,0,3.1182075151616022,-0.063839610103758063,0.56092627426720754,-2.911674942813451,-2.0182516880532715,0.25176744454834205,-0.0078344081910003485,0.0028488757058183086,0.0053416419484093288,0,0,-0.00035610946322728857,0.79645961870875759,21.464586724201016,-19.406495517381178,1.6733053617563554,5.6268994463241118,-0.26553907499507046,1.1519192077671906e-16,21.700369175493829,-18.987468605986493,1.7721091813639536,5.5213272290068582,-0.067897543917508824,-0.27771908188331013,21.696950524646848,-18.99174191954522,1.7721091813639536,5.5213272290068582,-0.067833444214127916,1,1.8307835762794629,1.7616246212198707,1,1,1
1785225144.899781,2,1,0.87812536025024523,0.54688889867839685,0.47843061324018232,3,0,1,0,3.1180319047372467,-0.063783604617071651,0.5610805266669795,-2.911674942813451,-2.0182516880532715,0.25176696992557351,-0.0089027365806822138,0.0035610946322728858,0.009971064970364079,0,0,0,-0.59734471403156819,21.623878647942767,-19.041061013089561,1.6733053617563554,5.4561957552558527,-0.063223589284540582,4.124785166059032e-16,21.699020726026852,-18.988648914854142,1.7723510077229134,5.5206630957783798,-0.067950272149578286,-0.27502487149907295,21.694747412468125,-18.996625766830434,1.7723510077229134,5.5206630957783798,-0.067950272149578286,1,1.8307835762794629,1.7616246212198707,1,1,1
1785225144.919781,2,1,0.87812536025024523,0.54688889867839685,0.47843061324018232,3,0,1,0,3.1178496495941315,-0.063721903657162876,0.56135058702227247,-2.9116763666817564,-2.0182516880532715,0.25176744454834205,-0.009971064970364079,0.0035610946322728858,0.015668816382000697,0,0,0,0,21.305294800459265,-18.656393113835225,1.6733053617563554,5.6648335998948367,-0.063223589284540582,3.6132567063444843e-18,21.698795980410381,-18.991156619325622,1.7728558953259439,5.5192543755153203,-0.068062030484857677,-0.27229743752103813,21.694522666851654,-19.003691672431223,1.7728558953259439,5.5192543755153203,-0.068062030484857677,1,1.8307835762794629,1.7616246212198707,1,1,1
1785225144.939781,2,1,0.87812536025024523,0.54688889867839685,0.47843061324018232,3,0,1,0,3.1176237291563118,-0.063656880337874408,0.56170275711652096,-2.9116787397955992,-2.0182512134305028,0.25176744454834205,-0.011751612286500523,0.0024927662425910197,0.020298239403955448,0,0.00035610946322728857,0,0,21.94246249542627,-18.579459533984359,1.6733053617563554,5.3929721659713117,0.069545948212994646,4.8836703742530821e-16,21.699411373463313,-18.994615526572638,1.7735503715374752,5.5173154603593533,-0.068215043785398929,-0.26814090489450737,21.696420053972204,-19.010854118095803,1.7735503715374752,5.5172513606559725,-0.068215043785398929,1,1.8307835762794629,1.7616246212198707,1,1,1
1785225144.9597809,2,1,0.87812536025024523,0.54688889867839685,0.47843061324018232,3,0,1,0,3.1173864177720469,-0.063622232875771789,0.56219304243641133,-2.9116796890411365,-2.0182507388077342,0.25176744454834205,-0.012819940676182388,0.0010683283896818657,0.02706431920527393,0,0.00035610946322728857,0.00035610946322728857,0,22.261046342909772,-19.406495517381178,1.9425728912343896,5.6964453945371067,-0.13276953749753523,4.3755723201552454e-16,21.703532306839477,-19.000090287568405,1.774665066467046,5.5142369114045549,-0.068460360210856538,-0.26513818971072395,21.702250312771859,-19.021741742932623,1.774665066467046,5.5141728117011741,-0.068524459914237446,1,1.8307835762794629,1.7616246212198707,1,1,1
1785225144.9797809,2,1,0.87812536025024523,0.54688889867839685,0.47843061324018232,3,0,1,0,3.1170897785417164,-0.06357382135338184,0.56280340731673961,-2.9116792144183679,-2.0182497895621974,0.25176744454834205,-0.016381035308455274,0.0035610946322728858,0.033474289543365128,0,0,0,0,22.261046342909772,-19.579596072045629,1.9425728912343896,5.3550380124005876,0.107480101783719,3.3116522140751801e-16,21.708345054347141,-19.00683472107281,1.7760471227219008,5.5104414019192216,-0.068764244814977421,-0.25760113268420759,21.704071740788415,-19.033614152707504,1.7760471227219008,5.5104414019192216,-0.068764244814977421,1,1.8307835762794629,1.7616246212198707,1,1,1
1785225144.9997809,2,1,0.87812536025024523,0.54688889867839685,0.47843061324018232,3,0,1,0,3.1167262175010233,-0.063463234248314584,0.56351249373292189,-2.9116796890411365,-2.0182497895621974,0.25176696992557351,-0.021010458330410025,0.0071221892645457717,0.036323165249183435,-0.00035610946322728857,-0.00035610946322728857,0,-0.91592856151507118,21.94246249542627,-18.75256008864881,2.038739866047973,5.6648335998948367,-0.063223589284540582,3.6803616686519273e-17,21.710739104785766,-19.014006714639791,1.777513974654231,5.5063899636100091,-0.069086886566150654,-0.24791330834341913,21.702192477668312,-19.043065246839138,1.7776386129663606,5.5064540633133898,-0.069086886566150654,1,1.8307835762794629,1.7616246212198707,1,1,1
1785225145.0197809,2,1,0.87812536025024523,0.54688889867839685,0.47843061324018232,3,0,1,0,3.1162653587927815,-0.063289522315032987,0.56425575298843822,-2.9116792144183679,-2.0182459925800491,0.25176696992557351,-0.023859334036228332,0.009971064970364079,0.040596478807910896,0.00035610946322728857,0.00035610946322728857,0,0,21.94246249542627,-18.944894038275976,1.9425728912343896,5.5257417034688476,0.13909189642598929,2.6530017837286794e-16,21.709879752124614,-19.020850196721664,1.7789143740657194,5.5025584904104781,-0.069394115062565764,-0.24076592610231906,21.697914474160179,-19.053327379767993,1.7787897357535898,5.5024943907070973,-0.069394115062565764,1,1.8307835762794629,1.7616246212198707,1,1,1
1785225145.0397809,2,1,0.87812536025024523,0.54688889867839685,0.47843061324018232,3,0,1,0,3.1157670048858264,-0.063048413948620263,0.56507969811460457,-2.9116796890411365,-2.0182459925800491,0.25176744454834205,-0.02742042866850122,0.015312706918773409,0.036679274712410725,0,0,0.00035610946322728857,-0.75663663777331969,21.464586724201016,-19.310328542567596,1.9425728912343896,5.2918144231160467,-0.063223589284540582,4.9834394703154837e-16,21.706049505254853,-19.027822329616853,1.7803407472798796,5.4986095967854567,-0.069708996148849692,-0.23222029569267899,21.687674256952324,-19.057165749386783,1.7803407472798796,5.4986095967854567,-0.069773095852230599,1,1.8307835762794629,1.7616246212198707,1,1,1
1785225145.0597811,2,1,0.87812536025024523,0.54688889867839685,0.47843061324018232,3,0,1,0,3.1151979321863599,-0.062660647146732099,0.56570335243245162,-2.9116796890411365,-2.0182469418255859,0.25176696992557351,-0.02742042866850122,0.021366567793637315,0.028488757058183087,0,0,-0.00035610946322728857,-0.11946894280631364,22.101754419168021,-19.041061013089561,1.6733053617563554,5.5257417034688476,0,5.6162605404814223e-16,21.691114740706638,-19.030634530410488,1.7809190322247679,5.4970043912341886,-0.069836304455148226,-0.22937493219534649,21.665474859354273,-19.053425536057034,1.7809190322247679,5.4970043912341886,-0.069772204751767319,1,1.8307835762794629,1.7616246212198707,1,1,1
1785225145.0797811,2,1,0.87812536025024523,0.54688889867839685,0.47843061324018232,3,0,1,0,3.1146616084579222,-0.062215450989851921,0.56621547039969444,-2.9116796890411365,-2.0182431448434377,0.25176744454834205,-0.028132647594955797,0.024571552962682913,0.022791005646546469,0,0,0.00035610946322728857,-0.43805279028981664,21.464586724201016,-18.656393113835225,1.7502389416072222,5.5573534981111177,-0.20231548571052987,1.5153765126986906e-16,21.671457723437726,-19.031461711164816,1.7810837807003153,5.4965763194019575,-0.069871880018310434,-0.22548254137818555,21.641971859882506,-19.049694515682052,1.7810837807003153,5.4965763194019575,-0.069935979721691341,1,1.8307835762794629,1.7616246212198707,1,1,1
1785225145.099781,2,1,0.87812536025024523,0.54688889867839685,0.47843061324018232,3,0,1,0,3.114075449338789,-0.061655396122987732,0.5666037118243511,-2.9116801636639047,-2.0182431448434377,0.25176696992557351,-0.028488757058183087,0.02991319491109224,0.016737144771682564,0,-0.00035610946322728857,0,-0.75663663777331969,21.623878647942767,-18.75256008864881,1.9425728912343896,5.5257417034688476,0.037934153570724355,9.4002289276924011e-17,21.643499548901808,-19.029409736316296,1.7806608438976734,5.4977406078686135,-0.06977825203263209,-0.22194635969503335,21.607603715008498,-19.042799452133643,1.7806608438976734,5.4978047075719942,-0.06977825203263209,1,1.8307835762794629,1.7616246212198707,1,1,1
1785225145.119781,2,1,0.87812536025024523,0.54688889867839685,0.47843061324018232,3,0,1,0,3.1135419733469623,-0.060950581311722207,0.56681539357911503,-2.9116796890411365,-2.0182431448434377,0.25176744454834205,-0.025995990815592066,0.04166480719759276,0.0049855324851820395,0.00035610946322728857,0,0,-0.11946894280631364,21.623878647942767,-18.75256008864881,1.7502389416072222,5.5573534981111177,-0.13276953749753523,1.1033738927905345e-17,21.604851345420943,-19.023512553496523,1.7794536775176339,5.5010824405339482,-0.069512588677652865,-0.22351668234830449,21.554853576783831,-19.027500979484667,1.7793290392055043,5.5010824405339482,-0.069512588677652865,1,1.8307835762794629,1.7616246212198707,1,1,1
1785225145.139781,2,1,0.87812536025024523,0.54688889867839685,0.47843061324018232,3,0,1,0,3.113072096806119,-0.060000861151895728,0.56684624405906936,-2.9116796890411365,-2.0182417209751322,0.25176696992557351,-0.021010458330410025,0.050567543778274979,0,0,0,0,0,21.146002876717514,-19.406495517381178,1.2886374625020207,5.3234262177583176,-0.13276953749753523,2.5408670301303175e-16,21.549593954400187,-19.012524110731331,1.7772006944715417,5.5073147194869216,-0.069015319418008134,-0.22964270486889721,21.488912901866257,-19.012524110731331,1.7772006944715417,5.5073147194869216,-0.069015319418008134,1,1.8307835762794629,1.7616246212198707,1,1,1
1785225145.159781,2,1,0.87812536025024523,0.54688889867839685,0.47843061324018232,3,0,1,0,3.1126947717051383,-0.058971404366956387,0.56684339632245828,-2.9116787397955992,-2.0182402971068267,0.25176696992557351,-0.017805473161364428,0.057689733042820747,-0.00035610946322728857,0.00035610946322728857,0,0,-0.75663663777331969,20.827419029234012,-18.579459533984359,1.9425728912343896,5.5573534981111177,-0.3350850232080651,1.639030855245639e-16,21.489217856506741,-19.000156310886325,1.7746716898036334,5.5143100647777299,-0.068457890055475645,-0.23320455415137156,21.419990176855357,-18.999871423315742,1.7745470514915038,5.5143100647777299,-0.068457890055475645,1,1.8307835762794629,1.7616246212198707,1,1,1
1785225145.179781,2,1,0.87812536025024523,0.54688889867839685,0.47843061324018232,3,0,1,0,3.1123910131332795,-0.057612084757889405,0.56683627698093031,-2.9116773159272937,-2.0182402971068267,0.25176744454834205,-0.012107721749727811,0.073714658888048734,0,0,0,0.00035610946322728857,-0.59734471403156819,20.190251334267003,-19.214161567754012,1.6733053617563554,5.4561957552558527,0.069545948212994646,3.3622632014345891e-16,21.409403994583222,-18.98374072404658,1.7713209553191236,5.5235481743504353,-0.067720913870527408,-0.24137193869185955,21.320946403917564,-18.98374072404658,1.7713209553191236,5.5235481743504353,-0.067785013573908315,1,1.8307835762794629,1.7616246212198707,1,1,1
1785225145.1997809,2,1,0.87812536025024523,0.54688889867839685,0.47843061324018232,3,0,1,0,3.1122177758227667,-0.056111327563800793,0.56683627698093031,-2.9116768413045251,-2.0182407717295954,0.25176744454834205,-0.0067660798013184824,0.080480738689367212,0,-0.00035610946322728857,0.00035610946322728857,0,-0.59734471403156819,21.305294800459265,-19.310328542567596,1.4809714121291881,5.5573534981111177,-0.30347322856579484,4.7462887843328821e-16,21.321336759311322,-18.965670730723527,1.7676322676910221,5.5336788549596463,-0.066910098835016057,-0.24958654345159137,21.224759872884082,-18.965670730723527,1.7677569060031517,5.5336147552562656,-0.066910098835016057,1,1.8307835762794629,1.7616246212198707,1,1,1
1785225145.2197809,2,1,0.87812536025024523,0.54688889867839685,0.47843061324018232,3,0,1,0,3.1121062394721624,-0.054416449657383834,0.56683580235816178,-2.9116763666817564,-2.0182407717295954,0.25176744454834205,-0.0049855324851820395,0.085110161711321963,0,0,-0.00035610946322728857,0.00035610946322728857,-0.27876086654806514,20.508835181750506,-19.041061013089561,1.7502389416072222,5.5257417034688476,0,2.9387656598342549e-16,21.22181726063183,-18.945210868156693,1.7634603681604837,5.5451116944657954,-0.065993778727389943,-0.25205579213600177,21.119685066578246,-18.945210868156693,1.7634603681604837,5.5451757941691762,-0.06605787843077085,1,1.8307835762794629,1.7616246212198707,1,1,1
1785225145.2397809,2,1,0.87812536025024523,0.54688889867839685,0.47843061324018232,3,0,1,0,3.1120141626550675,-0.052628545688335186,0.56683390386708765,-2.9116768413045251,-2.0182402971068267,0.25176696992557351,-0.0042733135587274627,0.09686177399782249,0,-0.00035610946322728857,0,-0.00035610946322728857,0,20.190251334267003,-18.944894038275976,1.846405916420806,5.6268994463241118,-0.13276953749753523,3.5882951279482433e-16,21.116756459221435,-18.923558794974912,1.7590465895027509,5.5571669129827397,-0.065024856145353069,-0.25280618022550005,21.000522330424047,-18.923558794974912,1.7591712278148806,5.5571669129827397,-0.064960756441972162,1,1.8307835762794629,1.7616246212198707,1,1,1
1785225145.2597809,2,1,0.87812536025024523,0.54688889867839685,0.47843061324018232,3,0,1,0,3.1119486647130108,-0.050507456535779205,0.56683247999878206,-2.911674942813451,-2.0182407717295954,0.25176744454834205,-0.0010683283896818657,0.10718894843141386,0,0.00035610946322728857,0,0.00035610946322728857,-0.59734471403156819,20.349543258008755,-19.117994592940427,1.6733053617563554,5.4561957552558527,0.13909189642598929,3.2479924961545068e-16,20.992023446234743,-18.897789642993004,1.7538151463035572,5.5714341401273044,-0.063878770667875048,-0.25792716530259419,20.863396708117047,-18.897789642993004,1.7536905079914276,5.5714341401273044,-0.063942870371255955,1,1.8307835762794629,1.7616246212198707,1,1,1
1785225145.2797809,2,1,0.87812536025024523,0.54688889867839685,0.47843061324018232,3,0,1,0,3.1119458169763994,-0.048274831032618919,0.56682013980680035,-2.9116725696996086,-2.0182417209751322,0.25176744454834205,0.00035610946322728857,0.12285776481341455,-0.00035610946322728857,0,0,0,-0.27876086654806514,20.190251334267003,-18.75256008864881,1.6733053617563554,5.6648335998948367,-0.13276953749753523,5.4968344798332626e-16,20.860484344679723,-18.870437547328635,1.7482752105561457,5.5864941919179545,-0.062666263719066168,-0.26033447096948248,20.713055026903625,-18.870152659758052,1.7482752105561457,5.5864941919179545,-0.062666263719066168,1,1.8307835762794629,1.7616246212198707,1,1,1
1785225145.2997808,2,1,0.87812536025024523,0.54688889867839685,0.47843061324018232,3,0,1,0,3.1119448677308625,-0.04563592843959783,0.56681302046527238,-2.9116725696996086,-2.0182421955979009,0.25176696992557351,0,0.13140439193086947,-0.00035610946322728857,0.00035610946322728857,0,0,0.15929192374175152,20.827419029234012,-18.75256008864881,1.6733053617563554,5.5257417034688476,0,1.3993810328281701e-16,20.704979006528951,-18.838091159212411,1.7417220032786771,5.6042118380808903,-0.061233777262094544,-0.25972433865431227,20.547293736211909,-18.837806271641828,1.7415973649665475,5.6042118380808903,-0.061233777262094544,1,1.8307835762794629,1.7616246212198707,1,1,1
1785225145.3197811,2,1,0.87812536025024523,0.54688889867839685,0.47843061324018232,3,0,1,0,3.1119434438625571,-0.043030249440373765,0.56681064735142972,-2.9116725696996086,-2.0182417209751322,0.25176744454834205,0,0.13638992441605152,0.00035610946322728857,0,0,0,-0.11946894280631364,20.030959410525252,-18.656393113835225,1.7502389416072222,5.6648335998948367,-0.063223589284540582,5.6827500106358798e-16,20.551353208193525,-18.806088398169464,1.7352503761895883,5.6216433093731917,-0.059821958181860931,-0.25971721931278446,20.387685298894265,-18.806373285740047,1.7352503761895883,5.6216433093731917,-0.059821958181860924,1,1.8307835762794629,1.7616246212198707,1,1,1
1785225145.339781,2,1,0.87812536025024523,0.54688889867839685,0.47843061324018232,3,0,1,0,3.1119434438625571,-0.040271267286914846,0.56681064735142972,-2.91167209507684,-2.018244094088975,0.25176744454834205,0,0.14600487992318831,0,0,0,0.00035610946322728857,-1.0752204852568228,19.71237556304175,-18.656393113835225,1.846405916420806,5.4941299088265767,-0.063223589284540582,1.8107043127027466e-16,20.388543481407126,-18.772073773328017,1.7283931023481522,5.6400230056591623,-0.058328703045946041,-0.25971721931278485,20.2133376254993,-18.772073773328017,1.7283931023481522,5.6400230056591623,-0.058392802749326948,1,1.8307835762794629,1.7616246212198707,1,1,1
1785225145.359781,2,1,0.87812536025024523,0.54688889867839685,0.47843061324018232,3,0,1,0,3.1119439184853253,-0.037206628070523266,0.56681064735142972,-2.9116716204540714,-2.018244094088975,0.25176744454834205,0,0.14992208401868848,0,0,0,0,-0.27876086654806514,20.349543258008755,-18.579459533984359,1.7502389416072222,5.7280571891793768,-0.10115774285526494,1.7412182537549106e-16,20.20752967959222,-18.734143848461024,1.7207612547240159,5.6604059577640218,-0.056668792943567331,-0.25971959242662584,20.027623178769794,-18.734143848461024,1.7207612547240159,5.6604059577640218,-0.056668792943567331,1,1.8307835762794629,1.7616246212198707,1,1,1
1785225145.379781,2,1,0.87812536025024523,0.54688889867839685,0.47843061324018232,3,0,1,0,3.1119434438625571,-0.034256847564115699,0.56681017272866119,-2.9116716204540714,-2.0182450433345118,0.25176744454834205,-0.00035610946322728857,0.15205874079805221,0,0,-0.00035610946322728857,0.00035610946322728857,-0.27876086654806514,19.234499791816496,-18.848727063462395,1.6733053617563554,5.4941299088265767,-0.16438133213980552,3.8773447730248562e-16,20.033105318003379,-18.697459859900853,1.713396633187465,5.6799715637217014,-0.055070179558925958,-0.25911183322529824,19.850634829045717,-18.697459859900853,1.713396633187465,5.6800356634250821,-0.055134279262306872,1,1.8307835762794629,1.7616246212198707,1,1,1
1785225145.399781,2,1,0.87812536025024523,0.54688889867839685,0.47843061324018232,3,0,1,0,3.1119434438625571,-0.031121489555213298,0.56680969810589266,-2.91167209507684,-2.0182450433345118,0.25176744454834205,0,0.1527709597245068,0,-0.00035610946322728857,-0.00035610946322728857,0,-0.11946894280631364,19.234499791816496,-19.041061013089561,1.6733053617563554,5.7976031373923718,0,2.0848627033092246e-16,19.847521107944463,-18.658300398337339,1.7055505903929697,5.7007201685882247,-0.053369836109120723,-0.2597172193127848,19.664195956275055,-18.658300398337339,1.7056752287050994,5.7007842682916054,-0.053369836109120716,1,1.8307835762794629,1.7616246212198707,1,1,1
1785225145.419781,2,1,0.87812536025024523,0.54688889867839685,0.47843061324018232,3,0,1,0,3.1119439184853253,-0.028080581477248168,0.56681017272866119,-2.9116716204540714,-2.0182469418255859,0.25176744454834205,0,0.15740038274646154,0,0,0,0,0,20.190251334267003,-18.944894038275976,1.7502389416072222,5.7976031373923718,-0.10115774285526494,3.43598334314712e-16,19.667332738931449,-18.62014272973429,1.6979308507090747,5.7207719360865221,-0.051721972951433756,-0.25971959242662568,19.478452279635697,-18.62014272973429,1.6979308507090747,5.7207719360865221,-0.051721972951433756,1,1.8307835762794629,1.7616246212198707,1,1,1
1785225145.439781,2,1,0.87812536025024523,0.54688889867839685,0.47843061324018232,3,0,1,0,3.1119453423536312,-0.024858367501704969,0.56681159659696678,-2.9116711458313027,-2.0182488403166601,0.25176744454834205,0,0.15455150704064324,0,0,0,0,-0.27876086654806514,19.393791715558248,-18.75256008864881,1.5771383869427718,5.7976031373923718,0.107480101783719,2.1855737030902845e-16,19.476211296975428,-18.579536741916364,1.689841887219373,5.7419562669308943,-0.04997578163182391,-0.25972671176815543,19.290749488526657,-18.579536741916364,1.689841887219373,5.7419562669308943,-0.04997578163182391,1,1.8307835762794629,1.7616246212198707,1,1,1
1785225145.4597809,2,1,0.87812536025024523,0.54688889867839685,0.47843061324018232,3,0,1,0,3.1119448677308625,-0.021885330479639482,0.56681112197419825,-2.9116711458313027,-2.0182488403166601,0.25176744454834205,0,0.15383928811418865,0,-0.00035610946322728857,0,0,-0.43805279028981664,19.234499791816496,-18.656393113835225,1.6733053617563554,5.7976031373923718,0.037934153570724355,2.5807298659196418e-16,19.29967606675995,-18.541892602645319,1.6823569611192739,5.7614725727651273,-0.048362396537723673,-0.25972433865431216,19.115068921022925,-18.541892602645319,1.6824815994314035,5.7614725727651273,-0.048362396537723673,1,1.8307835762794629,1.7616246212198707,1,1,1
1785225145.4797809,2,1,0.87812536025024523,0.54688889867839685,0.47843061324018232,3,0,1,0,3.1119439184853253,-0.018737157655986804,0.56681064735142972,-2.9116711458313027,-2.0182493149394287,0.25176744454834205,-0.00035610946322728857,0.15205874079805221,0,0,0,0,-0.27876086654806514,19.075207868074742,-18.848727063462395,1.6733053617563554,5.7976031373923718,0,8.6327285901569516e-17,19.112548218238821,-18.501851162228,1.6744148314696616,5.7820797600188643,-0.046653635738815633,-0.25911420633913951,18.930077729281159,-18.501851162228,1.6744148314696616,5.7820797600188643,-0.046653635738815633,1,1.8307835762794629,1.7616246212198707,1,1,1
1785225145.4997809,2,1,0.87812536025024523,0.54688889867839685,0.47843061324018232,3,0,1,0,3.1119652765099093,-0.015659229002076412,0.56680162951882773,-2.9116464654473395,-2.0182521626760401,0.25171618528934092,0.010327174433591369,0.16559090040068919,-0.0014244378529091543,0.013532159602636965,0.0014244378529091543,-0.013532159602636965,0,18.637155077784925,-18.214025029692742,1.6733053617563554,5.7280571891793768,0.107480101783719,5.6331205807765846e-17,18.92917077325329,-18.462296456665612,1.6667615650815604,5.8022067577899215,-0.044955155312021697,-0.27738257908665143,18.730461692772462,-18.461156906383284,1.6620253092206374,5.8019503589763977,-0.04251936658354704,1,1.8307835762794629,1.7616246212198707,1,1,1
1785225145.5197809,2,1,0.87812536025024523,0.54688889867839685,0.47843061324018232,3,0,1,0,3.1121062394721624,-0.012155089102027002,0.56682678452555968,-2.9114642103042243,-2.0183266784506988,0.25157474770431926,-0.0039172040955001743,0.17342530859168953,0.00071221892645457715,-0.006409970338091194,-0.011751612286500523,0.0039172040955001743,-0.75663663777331969,18.159279306559672,-18.214025029692742,1.9425728912343896,5.8987608802476368,-0.13276953749753523,1.0997412522989386e-16,18.719618407658167,-18.416486779127716,1.6588352076101884,5.824389443361123,-0.043111766216517529,-0.25387195039846111,18.51150803734814,-18.417056554268878,1.6610786972285203,5.8265047335726932,-0.043816862953707555,1,1.8307835762794629,1.7616246212198707,1,1,1
1785225145.5397809,2,1,0.87812536025024523,0.54688889867839685,0.47843061324018232,3,0,1,0,3.112079185974356,-0.008728787336016345,0.56678881470407738,-2.9114879414426507,-2.0184861517009245,0.25158376553692136,-0.0021366567793637313,0.17663029376073514,-0.00071221892645457715,-0.0049855324851820395,0.0042733135587274627,0.0039172040955001743,-1.2345124089985742,18.477863154043174,-18.848727063462395,1.4809714121291881,5.5952876516818417,0.107480101783719,1.6309529547930137e-16,18.51378274236653,-18.370794345899824,1.6498788148378987,5.8458417447151501,-0.041255620328514826,-0.25676361334686104,18.301826389853648,-18.370224570758662,1.6516237512077123,5.8450725482745787,-0.041960717065704853,1,1.8307835762794629,1.7616246212198707,1,1,1
1785225145.5597811,2,1,0.87812536025024523,0.54688889867839685,0.47843061324018232,3,0,1,0,3.1120084671818455,-0.0052346145141060453,0.56680447725543881,-2.9115287590007441,-2.0184709637723319,0.25158329091415282,-0.0053416419484093288,0.16274202469487087,0.00071221892645457715,-0.0021366567793637313,-0.0067660798013184824,0.0014244378529091543,-0.59734471403156819,18.637155077784925,-18.290958609543608,2.038739866047973,5.9999186231029018,0.107480101783719,1.8427384243144233e-16,18.305652161436306,-18.325951434820247,1.6408520529377808,5.8684310097813617,-0.039326863015582941,-0.25096154459693137,18.11036173180246,-18.32652120996141,1.641599882810558,5.869648904145599,-0.03958326182910659,1,1.8307835762794629,1.7616246212198707,1,1,1
1785225145.5797811,2,1,0.87812536025024523,0.54688889867839685,0.47843061324018232,3,0,1,0,3.1119021516816949,-0.0021457695365194878,0.56680827423758706,-2.9115672034449949,-2.0185549720023612,0.25158471478245842,-0.003204985169045597,0.15561983543032509,0,0.00035610946322728857,0.0028488757058183086,0.00035610946322728857,-0.43805279028981664,17.522111611592667,-18.656393113835225,1.6733053617563554,5.7659913427501017,0.037934153570724355,3.1883541059547191e-16,18.120678444581394,-18.285339160155274,1.6327924381996977,5.8877839368951195,-0.037639646438647964,-0.25406228362109656,17.933934642065005,-18.285339160155274,1.632667799887568,5.8872711392680719,-0.037703746142028878,1,1.8307835762794629,1.7616246212198707,1,1,1
1785225145.599781,2,1,0.87812536025024523,0.54688889867839685,0.47843061324018232,3,0,1,0,3.1118746235611203,0.00093927845891883792,0.56680969810589266,-2.9115747974092914,-2.0185321901094722,0.25158376553692136,-0.00035610946322728857,0.14422433260705186,0.00035610946322728857,0,-0.0028488757058183086,0,-0.43805279028981664,17.99998738281792,-18.656393113835225,1.4809714121291881,5.8987608802476368,0.037934153570724355,3.7764137323156861e-16,17.93635711824988,-18.245205629879386,1.6248863721798816,5.9077615879556742,-0.035949820390928013,-0.25876773171811457,17.763287919121417,-18.245490517449969,1.6248863721798816,5.9082743855827218,-0.035949820390928006,1,1.8307835762794629,1.7616246212198707,1,1,1
1785225145.619781,2,1,0.87812536025024523,0.54688889867839685,0.47843061324018232,3,0,1,0,3.1118755728066572,0.0037262633557209684,0.5668149189563465,-2.9115724242954486,-2.0186090789979736,0.25158186704584723,0.00035610946322728857,0.14101934743800626,-0.00035610946322728857,0.00035610946322728857,-0.0028488757058183086,-0.00035610946322728857,-0.27876086654806514,17.840695459076169,-18.117858054879157,1.6733053617563554,5.7280571891793768,-0.10115774285526494,2.3375413360730926e-16,17.769050539330802,-18.208160669716499,1.6177537008823006,5.9251193186201609,-0.03445519848715297,-0.25998325012077173,17.599827322405194,-18.207875782145916,1.617629062570171,5.9256321162472085,-0.034391098783772063,1,1.8307835762794629,1.7616246212198707,1,1,1
1785225145.639781,2,1,0.87812536025024523,0.54688889867839685,0.47843061324018232,3,0,1,0,3.111884116016491,0.0066428202683315087,0.56681159659696678,-2.9115577109896242,-2.0186014850336771,0.25157807006369898,0.00035610946322728857,0.14244378529091542,-0.00035610946322728857,0,-0.0014244378529091543,0,0,17.362819687850916,-18.848727063462395,1.6733053617563554,5.8987608802476368,0.069545948212994646,3.2029557542810363e-16,17.594256041655541,-18.16968806249966,1.6103313489452158,5.9438535094989335,-0.032872763060437543,-0.26002596616994056,17.423323499306441,-18.169403174929077,1.6103313489452158,5.9441099083124573,-0.032872763060437543,1,1.8307835762794629,1.7616246212198707,1,1,1
1785225145.659781,2,1,0.87812536025024523,0.54688889867839685,0.47843061324018232,3,0,1,0,3.1118860145075651,0.0094872345201256446,0.56681254584250385,-2.9115577109896242,-2.0186413533462337,0.25157712081816191,0,0.1495659745554612,0,0,-0.0021366567793637313,0,-0.43805279028981664,17.840695459076169,-18.021691080065573,1.6733053617563554,5.9303726748899068,0.069545948212994646,3.4375017117792186e-16,17.423421109301877,-18.131802151090955,1.603013828690679,5.9617469954433711,-0.03133385354561069,-0.2594300725378248,17.243941939835324,-18.131802151090955,1.603013828690679,5.9621315936636563,-0.03133385354561069,1,1.8307835762794629,1.7616246212198707,1,1,1
1785225145.679781,2,1,0.87812536025024523,0.54688889867839685,0.47843061324018232,3,0,1,0,3.1118774712977313,0.012390027372448844,0.56682013980680035,-2.911566254199458,-2.0186323355136317,0.2515799685547731,-0.0010683283896818657,0.13104828246764219,0.00071221892645457715,-0.00035610946322728857,0,0,-0.27876086654806514,17.203527764109165,-18.214025029692742,1.846405916420806,5.8987608802476368,0.037934153570724355,5.5734584383267818e-16,17.249391121706346,-18.093443345976254,1.5955249982520066,5.9802284790693632,-0.029751365171011339,-0.25757119822619645,17.092133182745176,-18.094013121117417,1.5956496365641362,5.9802284790693632,-0.029751365171011346,1,1.8307835762794629,1.7616246212198707,1,1,1
1785225145.6997809,2,1,0.87812536025024523,0.54688889867839685,0.47843061324018232,3,0,1,0,3.1118556386503791,0.014756496496334304,0.56682203829787448,-2.9115785943914396,-2.0186366071185482,0.25158376553692136,-0.0010683283896818657,0.11716001340177794,-0.00035610946322728857,0,-0.00035610946322728857,0,0.79645961870875759,17.04423584036741,-18.117858054879157,1.6733053617563554,6.0315304177451718,0,3.9217761137951581e-16,17.107285093850113,-18.061943051945413,1.5893723003184086,5.9952111344658112,-0.028458700522538738,-0.25746203498943548,16.966693077767978,-18.06165816437483,1.5893723003184086,5.9952752341691919,-0.028458700522538738,1,1.8307835762794629,1.7616246212198707,1,1,1
1785225145.7197809,2,1,0.87812536025024523,0.54688889867839685,0.47843061324018232,3,0,1,0,3.1118532655365363,0.017139102794349749,0.56682156367510594,-2.9115747974092914,-2.0186442010828447,0.2515813924230787,0.00035610946322728857,0.11644779447532336,-0.00035610946322728857,0.00035610946322728857,-0.00071221892645457715,0,-0.43805279028981664,16.247776221658654,-18.214025029692742,1.4809714121291881,5.8987608802476368,0,5.4689228401245953e-16,16.963999333358018,-18.030017881821689,1.5832342230973113,6.0102596945981164,-0.027163773444621717,-0.25987171377016705,16.824261979987629,-18.029732994251106,1.5831095847851817,6.0103878940048778,-0.027163773444621717,1,1.8307835762794629,1.7616246212198707,1,1,1
1785225145.7397809,2,1,0.87812536025024523,0.54688889867839685,0.47843061324018232,3,0,1,0,3.1118580117642218,0.019464279737373188,0.56682108905233741,-2.9115672034449949,-2.0186522696699098,0.25157901930923604,0,0.12143332696050541,0,0,0.00035610946322728857,0,-1.0752204852568228,16.407068145400405,-17.829357130438407,1.7502389416072222,6.0315304177451718,-0.063223589284540582,1.7181548074499188e-16,16.82405477807157,-17.998747689359632,1.577251230976191,6.0249098351323225,-0.02590299022796946,-0.25929005882110873,16.678334785718963,-17.998747689359632,1.577251230976191,6.0248457354289418,-0.025902990227969463,1,1.8307835762794629,1.7616246212198707,1,1,1
1785225145.7597809,2,1,0.87812536025024523,0.54688889867839685,0.47843061324018232,3,0,1,0,3.1118527909137677,0.022005410040077313,0.56682820839386527,-2.9115714750499118,-2.0186546427837526,0.25157901930923604,-0.00035610946322728857,0.12000888910759624,0.0010683283896818657,-0.00071221892645457715,0,0,-0.43805279028981664,16.725651992883908,-17.829357130438407,1.6733053617563554,5.9683068284606309,0.069545948212994646,3.1822111615777069e-16,16.671199138751277,-17.964651132613081,1.5706703005033096,6.0408728452378915,-0.02452009688522298,-0.25865856848135127,16.527188471822161,-17.965505795324827,1.5709195771275686,6.0408728452378915,-0.024520096885222983,1,1.8307835762794629,1.7616246212198707,1,1,1
1785225145.7797809,2,1,0.87812536025024523,0.54688889867839685,0.47843061324018232,3,0,1,0,3.1118442477039343,0.024263665172738164,0.56683675160369884,-2.9115762212775969,-2.0186498965560671,0.25158091780031017,-0.00035610946322728857,0.11110615252691403,-0.00035610946322728857,0,0.00071221892645457715,0,0,16.884943916625659,-17.560089600960371,1.3848044373156043,6.0315304177451718,-0.10115774285526494,2.6651268427341653e-16,16.535348330872885,-17.934334269928041,1.5648158714564189,6.0550553111344909,-0.023291580794418478,-0.2586158524321846,16.40202094784059,-17.934049382357458,1.5648158714564189,6.0549271117277295,-0.023291580794418482,1,1.8307835762794629,1.7616246212198707,1,1,1
1785225145.7997808,2,1,0.87812536025024523,0.54688889867839685,0.47843061324018232,3,0,1,0,3.1118413999673233,0.026489645957139051,0.56683675160369884,-2.9115757466548287,-2.0186522696699098,0.25157949393200457,0,0.10825727682109572,0,0,-0.00071221892645457715,0,0.15929192374175152,16.566360069142156,-18.117858054879157,1.5771383869427718,5.9999186231029018,0,5.2554970386626083e-16,16.401170070116269,-17.904183238558975,1.5590373084169409,6.069014619214455,-0.022078623943553161,-0.25920699983661594,16.271261337930955,-17.904183238558975,1.5590373084169409,6.0691428186212164,-0.022078623943553158,1,1.8307835762794629,1.7616246212198707,1,1,1
1785225145.8197811,2,1,0.87812536025024523,0.54688889867839685,0.47843061324018232,3,0,1,0,3.1118428238356288,0.028524828388591286,0.5668377008492359,-2.9115733735409859,-2.0186579651431322,0.25157854468646751,-0.00035610946322728857,0.10113508755654996,0,0,0.00035610946322728857,0,-0.27876086654806514,16.407068145400405,-17.75242355058754,1.6733053617563554,6.2022341088134318,0,-6.6356978301040631e-17,16.278403489228126,-17.876523263689503,1.5537564228302267,6.0817239729171222,-0.020972688879981206,-0.25860873309065752,16.157041384160266,-17.876523263689503,1.5537564228302267,6.0816598732137415,-0.020972688879981202,1,1.8307835762794629,1.7616246212198707,1,1,1
1785225145.839781,2,1,0.87812536025024523,0.54688889867839685,0.47843061324018232,3,0,1,0,3.1118399760990174,0.03049261438691241,0.56683722622646737,-2.9115743227865227,-2.0186565412748267,0.25157949393200457,-0.00035610946322728857,0.093656788828776899,0,0,0,0.00035610946322728857,-0.59734471403156819,16.407068145400405,-18.117858054879157,1.2886374625020207,5.9683068284606309,-0.10115774285526494,2.7134117572326744e-16,16.159674803239611,-17.849748287425868,1.5486278887899556,6.0940397819344403,-0.019900088096910268,-0.25859449440760013,16.047286656645078,-17.849748287425868,1.5486278887899556,6.0940397819344403,-0.019964187800291178,1,1.8307835762794629,1.7616246212198707,1,1,1
1785225145.859781,2,1,0.87812536025024523,0.54688889867839685,0.47843061324018232,3,0,1,0,3.1118333313802582,0.03235645799892569,0.56683627698093031,-2.9115766959003655,-2.0186584397659009,0.25157949393200457,-0.00035610946322728857,0.099354540240413514,-0.00035610946322728857,-0.00035610946322728857,0,-0.00035610946322728857,-0.59734471403156819,16.088484297916903,-17.560089600960371,1.5771383869427718,6.2022341088134318,-0.16438133213980552,2.2168717426153165e-16,16.047133864962319,-17.824300476530112,1.5437572853545962,6.1056657009990927,-0.018882642801097714,-0.25856127081380409,15.927908416673823,-17.824015588959529,1.5438819236667258,6.1056657009990927,-0.018818543097716803,1,1.8307835762794629,1.7616246212198707,1,1,1
1785225145.879781,2,1,0.87812536025024523,0.54688889867839685,0.47843061324018232,3,0,1,0,3.1118319075119527,0.034440051952767878,0.5668377008492359,-2.91157527203206,-2.0186574905203636,0.25157949393200457,0,0.10149119701977724,0,0.00035610946322728857,0,0.00035610946322728857,0.79645961870875759,15.929192374175152,-17.925524105251991,1.6733053617563554,6.0315304177451718,-0.10115774285526494,1.3166101773858092e-16,15.921298746602261,-17.795820963790831,1.5383299126724159,6.1186418112778949,-0.017748887936761538,-0.25915953755976318,15.799509310178529,-17.795820963790831,1.5382052743602863,6.1186418112778949,-0.017812987640142445,1,1.8307835762794629,1.7616246212198707,1,1,1
1785225145.899781,2,1,0.87812536025024523,0.54688889867839685,0.47843061324018232,3,0,1,0,3.1118319075119527,0.036291080750030874,0.56684576943630083,-2.9115757466548287,-2.0186574905203636,0.25157949393200457,0,0.089739584733276714,0.00071221892645457715,-0.00035610946322728857,0,0,-1.3938043327403258,16.247776221658654,-17.925524105251991,1.6733053617563554,6.372937799881691,-0.13276953749753523,6.9624276407241553e-17,15.809546857803344,-17.77054970324026,1.5335132595619498,6.1300993797776098,-0.016744202759248209,-0.25915953755976323,15.701859356123412,-17.771119478381422,1.5336378978740794,6.1300993797776098,-0.016744202759248206,1,1.8307835762794629,1.7616246212198707,1,1,1
1785225145.919781,2,1,0.87812536025024523,0.54688889867839685,0.47843061324018232,3,0,1,0,3.111825262793193,0.038101291989200377,0.56684482019076388,-2.9115762212775969,-2.0186574905203636,0.25157949393200457,-0.00071221892645457715,0.090451803659731295,-0.00035610946322728857,0,0,0,0,15.929192374175152,-17.560089600960371,1.6733053617563554,6.0315304177451718,0.17070369106825958,4.0456305610251772e-16,15.700079213651485,-17.745656361794055,1.5287746211783602,6.1413389651207071,-0.015756793838603619,-0.2579155417909918,15.591537049259808,-17.745371474223472,1.5287746211783602,6.1413389651207071,-0.015756793838603622,1,1.8307835762794629,1.7616246212198707,1,1,1
1785225145.939781,2,1,0.87812536025024523,0.54688889867839685,0.47843061324018232,3,0,1,0,3.1118162449605911,0.039903909264073417,0.56684576943630083,-2.9115762212775969,-2.0186565412748267,0.2515799685547731,-0.00035610946322728857,0.093656788828776899,0,0.00035610946322728857,0,0.00035610946322728857,0.15929192374175152,15.292024679208145,-17.290822071482339,1.5771383869427718,6.2717800570264259,-0.10115774285526494,1.2642800085089622e-16,15.591050320939814,-17.7208413362087,1.5240576378379185,6.1525057130176108,-0.014775077233353225,-0.25847583871546853,15.478662174345281,-17.7208413362087,1.5239329995257889,6.1525057130176108,-0.014839176936734136,1,1.8307835762794629,1.7616246212198707,1,1,1
1785225145.9597809,2,1,0.87812536025024523,0.54688889867839685,0.47843061324018232,3,0,1,0,3.1118167195833597,0.041719341353696739,0.56685478726890293,-2.9115757466548287,-2.0186579651431322,0.25157949393200457,0,0.082617395468730953,0.0010683283896818657,0,0,0.00035610946322728857,-0.43805279028981664,16.088484297916903,-17.829357130438407,1.4809714121291881,6.0315304177451718,0.069545948212994646,2.9442450981251363e-16,15.481291975687876,-17.6958861614042,1.5193252357082809,6.1636671708809079,-0.013790769246514309,-0.25908359791679797,15.382151101125398,-17.696740824115945,1.5193252357082809,6.1636671708809079,-0.013854868949895223,1,1.8307835762794629,1.7616246212198707,1,1,1
1785225145.9797809,2,1,0.87812536025024523,0.54688889867839685,0.47843061324018232,3,0,1,0,3.1118138718467483,0.043253796764350913,0.56685953349658824,-2.9115762212775969,-2.0186584397659009,0.25157901930923604,-0.00035610946322728857,0.078344081910003485,-0.00035610946322728857,-0.00035610946322728857,0,0,0.15929192374175152,15.292024679208145,-17.386989046295923,1.2117038826511539,6.2717800570264259,-0.10115774285526494,8.8098714676006434e-17,15.388446755245914,-17.674716564784603,1.5153106162093373,6.1731074420308687,-0.012956303575076732,-0.25846397314625469,15.29443385695391,-17.67443167721402,1.5154352545214669,6.1731074420308687,-0.012956303575076732,1,1.8307835762794629,1.7616246212198707,1,1,1
1785225146.0007792,2,1,0.87812536025024523,0.54688889867839685,0.47843061324018232,3,0,1,0,3.1117906153310906,0.045032682900797504,0.5668604827421253,-2.9115790690142083,-2.0186579651431322,0.2515799685547731,-0.0017805473161364429,0.085822380637776544,0.00035610946322728857,-0.00035610946322728857,0.00035610946322728857,0,-0.43805279028981664,15.132732755466394,-17.656256575773956,1.2886374625020207,6.1390105195288909,0.069545948212994646,1.5885589721204208e-16,15.280714799381965,-17.650075380106166,1.5106301513378879,6.1840674654910295,-0.011985828880937067,-0.25592614621802051,15.177727942616633,-17.650360267676749,1.5107547896500175,6.1840033657876488,-0.011985828880937063,1,1.8307835762794629,1.7616246212198707,1,1,1
1785225146.0207791,2,1,0.87812536025024523,0.54688889867839685,0.47843061324018232,3,0,1,0,3.1117588156055991,0.046640230217805133,0.56690652115067264,-2.911581442128051,-2.0186570158975949,0.25157949393200457,-0.0010683283896818657,0.077275753520321622,0.0049855324851820395,0,0,0.00035610946322728857,-0.27876086654806514,15.610608526691648,-17.560089600960371,1.6733053617563554,6.2022341088134318,0,4.0598791676410676e-16,15.183973004170021,-17.628390601707842,1.5065171739006524,6.1936801676044677,-0.011132228697376421,-0.25697791976553558,15.091242099945635,-17.632379027695986,1.5065171739006524,6.1936801676044677,-0.011196328400757334,1,1.8307835762794629,1.7616246212198707,1,1,1
1785225146.0407791,2,1,0.87812536025024523,0.54688889867839685,0.47843061324018232,3,0,1,0,3.1117460007908488,0.048127223351606407,0.56706409590982421,-2.911581442128051,-2.0186574905203636,0.25157854468646751,-0.00035610946322728857,0.069797454792548563,0.009971064970364079,-0.00035610946322728857,0,-0.00035610946322728857,-0.43805279028981664,15.451316602949897,-17.829357130438407,1.6733053617563554,6.2022341088134318,0.069545948212994646,2.5247173738641105e-16,15.09610427806378,-17.609880124149221,1.5030206859257687,6.2018447983010976,-0.010406775830059582,-0.25812461786675728,15.012347332312721,-17.617856976125513,1.5031453242378983,6.2018447983010976,-0.010342676126678671,1,1.8307835762794629,1.7616246212198707,1,1,1
1785225146.0607793,2,1,0.87812536025024523,0.54688889867839685,0.47843061324018232,3,0,1,0,3.1117322367305613,0.049498408529886614,0.56727767615566227,-2.911581442128051,-2.0186584397659009,0.25157854468646751,-0.0010683283896818657,0.073002439961594154,0.011395502823273234,-0.00035610946322728857,0,-0.00035610946322728857,-0.43805279028981664,15.132732755466394,-17.829357130438407,1.6733053617563554,6.2022341088134318,-0.26553907499507046,1.590938649335371e-16,15.016044417633873,-17.593733830953028,1.4999731612644562,6.2089422528460325,-0.0097759567386942591,-0.25684502539034698,14.92844148967996,-17.602850233211647,1.5000977995765858,6.2089422528460325,-0.0097118570353133486,1,1.8307835762794629,1.7616246212198707,1,1,1
1785225146.0807793,2,1,0.87812536025024523,0.54688889867839685,0.47843061324018232,3,0,1,0,3.1117013862506071,0.051019099880253438,0.56760516586594723,-2.9115838152418934,-2.0186565412748267,0.25157901930923604,-0.0021366567793637313,0.072290221035139574,0.022791005646546469,-0.00035610946322728857,0.00035610946322728857,0.00035610946322728857,-0.43805279028981664,14.535388041434825,-17.46392262614679,1.2886374625020207,6.1390105195288909,0.069545948212994646,1.2569561456171532e-16,14.928578452612438,-17.57709336869824,1.4968208985273752,6.2162662126075547,-0.0091237414629984654,-0.25487461472811684,14.84183018737027,-17.595326173215476,1.4969455368395048,6.216202112904174,-0.009187841166379376,1,1.8307835762794629,1.7616246212198707,1,1,1
1785225146.1007793,2,1,0.87812536025024523,0.54688889867839685,0.47843061324018232,3,0,1,0,3.1116515508599116,0.052350416745977207,0.56824970358560956,-2.9115895107151157,-2.0186565412748267,0.25157854468646751,-0.003204985169045597,0.064099703380911949,0.039528150418229033,-0.00035610946322728857,0,-0.00035610946322728857,-0.43805279028981664,14.535388041434825,-17.290822071482339,1.2117038826511539,6.2022341088134318,-0.031611794642270291,3.3785352584864957e-16,14.857200636372173,-17.567510909697337,1.4949888411595111,6.220469758122313,-0.0087447053838203195,-0.25280927951218007,14.780280992315079,-17.59913343003192,1.4951134794716407,6.220469758122313,-0.0086806056804394089,1,1.8307835762794629,1.7616246212198707,1,1,1
1785225146.1207793,2,1,0.87812536025024523,0.54688889867839685,0.47843061324018232,3,0,1,0,3.1115613725338909,0.053610065573653103,0.56920559384142688,-2.9115918838289585,-2.0186579651431322,0.25157901930923604,-0.0053416419484093288,0.062319156064775498,0.056621404653138883,-0.00035610946322728857,0,-0.00035610946322728857,0.15929192374175152,15.132732755466394,-18.021691080065573,1.4809714121291881,6.1390105195288909,0.069545948212994646,3.1231554322254924e-16,14.794684378716166,-17.563260677748751,1.4941779828015647,6.2223195920201686,-0.0085781345311604518,-0.24872607135715788,14.719901391438436,-17.608557801471264,1.4943026211136943,6.2223195920201686,-0.0085140348277795378,1,1.8307835762794629,1.7616246212198707,1,1,1
1785225146.1407793,2,1,0.87812536025024523,0.54688889867839685,0.47843061324018232,3,0,1,0,3.1114403437279163,0.054820828256170517,0.57057345666032744,-2.911593307697264,-2.0186565412748267,0.25157901930923604,-0.0071221892645457717,0.061606937138320925,0.074426877814503314,0,0,0.00035610946322728857,-0.75663663777331969,15.451316602949897,-17.560089600960371,1.4809714121291881,6.1706223141711609,-0.16438133213980552,4.547518853157965e-16,14.741153412251458,-17.565472307798615,1.4945868601113321,6.2213664802780562,-0.0086623780537492083,-0.24509399688985314,14.667225087685473,-17.625013810050216,1.4945868601113321,6.2213664802780562,-0.0087264777571301241,1,1.8307835762794629,1.7616246212198707,1,1,1
1785225146.1607792,2,1,0.87812536025024523,0.54688889867839685,0.47843061324018232,3,0,1,0,3.1112761242500051,0.056009758291335594,0.57208607942362932,-2.9115947315655695,-2.0186584397659009,0.25157854468646751,-0.0085466271174549253,0.053772528947320576,0.083329614395185519,0,0,0,-0.43805279028981664,15.292024679208145,-17.656256575773956,1.3848044373156043,6.3413260052394209,0.17070369106825958,1.3513142705403125e-16,14.691035887354218,-17.569991252340852,1.4954342842918473,6.2193731679461903,-0.0088377710326503819,-0.24185135515035178,14.626508852617434,-17.636654943857,1.4954342842918473,6.2193731679461903,-0.0088377710326503836,1,1.8307835762794629,1.7616246212198707,1,1,1
1785225146.1807792,2,1,0.87812536025024523,0.54688889867839685,0.47843061324018232,3,0,1,0,3.1110924452385844,0.056943341277032086,0.57397555266514311,-2.9115966300566436,-2.0186570158975949,0.25157854468646751,-0.009971064970364079,0.043089245050501913,0.096505664534595206,-0.00035610946322728857,0.00035610946322728857,0,-0.11946894280631364,15.01326381266008,-17.75242355058754,1.2117038826511539,6.303391851668696,-0.16438133213980552,3.0505444182727942e-16,14.661913051908343,-17.58336434729263,1.4979458555532132,6.213526533610489,-0.0093570952127375821,-0.23851141574330259,14.610205957847741,-17.660568878920305,1.4980704938653429,6.2134624339071083,-0.0093570952127375803,1,1.8307835762794629,1.7616246212198707,1,1,1
1785225146.2007792,2,1,0.87812536025024523,0.54688889867839685,0.47843061324018232,3,0,1,0,3.110848963758329,0.057791017541624828,0.57605724812791115,-2.9115980539249495,-2.0186560666520581,0.25157854468646751,-0.013888269065864253,0.040596478807910896,0.11324280930627777,0,0,0,-0.43805279028981664,15.01326381266008,-17.46392262614679,1.6733053617563554,6.1390105195288909,0.037934153570724355,3.3648405466777464e-16,14.640771108945046,-17.600595899277415,1.5011899747695825,6.2059652369567813,-0.010028475732042163,-0.23063476137967506,14.592055334375553,-17.691190146722438,1.5011899747695825,6.2059652369567813,-0.010028475732042165,1,1.8307835762794629,1.7616246212198707,1,1,1
1785225146.2207792,2,1,0.87812536025024523,0.54688889867839685,0.47843061324018232,3,0,1,0,3.1105399843360169,0.05856607652263264,0.57859553069400416,-2.9116018509070978,-2.0186584397659009,0.25157854468646751,-0.017449363698137141,0.038103712565319879,0.13033606354118762,0,0,0,-0.27876086654806514,14.535388041434825,-17.46392262614679,1.4809714121291881,6.2717800570264259,-0.13276953749753523,6.537713608531227e-17,14.630607286456538,-17.625152558932125,1.5058133986680682,6.1951217632163162,-0.010987315164264076,-0.22303600339325083,14.584882831378154,-17.729421409765074,1.5058133986680682,6.1951217632163162,-0.010987315164264072,1,1.8307835762794629,1.7616246212198707,1,1,1
1785225146.2407792,2,1,0.87812536025024523,0.54688889867839685,0.47843061324018232,3,0,1,0,3.1101488951747487,0.059261398878527591,0.58141763767567745,-2.9116032747754033,-2.0186560666520581,0.25157854468646751,-0.019942129940728158,0.030981523300774104,0.15775649220968885,0.00035610946322728857,0,0,-0.59734471403156819,14.853971888918329,-18.483292559170774,1.2886374625020207,6.1390105195288909,0.13909189642598929,9.6041920277303248e-17,14.629343441678206,-17.654724335995191,1.5113976790612718,6.1820495416742034,-0.012144910006649372,-0.2168428549745052,14.592165613717277,-17.780929529762943,1.5112730407491421,6.1820495416742034,-0.01214491000664937,1,1.8307835762794629,1.7616246212198707,1,1,1
1785225146.2607791,2,1,0.87812536025024523,0.54688889867839685,0.47843061324018232,3,0,1,0,3.1097449911987307,0.059873187627161435,0.58489519870068918,-2.9116042240209401,-2.0186551174065208,0.25157854468646751,-0.021722677256864602,0.032405961153683258,0.1741375275181441,-0.00035610946322728857,-0.00071221892645457715,-0.00035610946322728857,-0.27876086654806514,15.132732755466394,-18.290958609543608,1.6733053617563554,6.2022341088134318,-0.13276953749753523,1.7345231889603466e-16,14.642485423309633,-17.694428595697545,1.5189147239705956,6.1643775300246606,-0.013705888166630516,-0.21179640465698329,14.603598269925213,-17.833738617712061,1.5190393622827252,6.1645057294314221,-0.013641788463249602,1,1.8307835762794629,1.7616246212198707,1,1,1
1785225146.2807791,2,1,0.87812536025024523,0.54688889867839685,0.47843061324018232,3,0,1,0,3.1092860309815631,0.06053955799417611,0.58841120416995185,-2.9116046986437087,-2.0186669829757342,0.25157854468646751,-0.023503224573001046,0.02991319491109224,0.18909412497369024,0.00035610946322728857,0.00035610946322728857,0,0,14.694679965176578,-18.117858054879157,1.2886374625020207,6.1390105195288909,0.13909189642598929,3.8806250188641574e-16,14.652647919292484,-17.733681038266063,1.5263755051743826,6.1466763881941908,-0.015261340401512591,-0.20647467313371301,14.616752085399174,-17.884956338245015,1.526250866862253,6.1466122884908101,-0.015261340401512592,1,1.8307835762794629,1.7616246212198707,1,1,1
1785225146.3007793,2,1,0.87812536025024523,0.54688889867839685,0.47843061324018232,3,0,1,0,3.1088038142487378,0.061035064164520363,0.59242413967786434,-2.911605647889246,-2.0186598636342064,0.25157854468646751,-0.026708209742046643,0.022434896183319179,0.20013351833373619,0,-0.00035610946322728857,0,-0.11946894280631364,14.853971888918329,-17.75242355058754,1.3848044373156043,6.1010763659581668,-0.23392728035280017,2.3969846467765419e-16,14.680212464442448,-17.7820798243296,1.5355718873483786,6.1248916317263342,-0.017175707141514524,-0.19861511468220899,14.653290589022465,-17.942186638996588,1.5355718873483786,6.1249557314297149,-0.017175707141514521,1,1.8307835762794629,1.7616246212198707,1,1,1
1785225146.3207793,2,1,0.87812536025024523,0.54688889867839685,0.47843061324018232,3,0,1,0,3.1082323684354289,0.061461275410659377,0.59654054294931613,-2.9116051732664774,-2.0186622367480491,0.25157854468646751,-0.028844866521410373,0.020298239403955448,0.22043175773769164,0,-0.00035610946322728857,0.00035610946322728857,0,14.694679965176578,-18.290958609543608,1.6733053617563554,5.8671490856053667,0.107480101783719,1.1246966292216958e-16,14.713138814571851,-17.832552279788008,1.5452028288127784,6.1018953454373612,-0.01918731422311477,-0.19212556909074668,14.688780927287103,-18.008897685978162,1.5452028288127784,6.101959445140742,-0.019251413926495684,1,1.8307835762794629,1.7616246212198707,1,1,1
1785225146.3407793,2,1,0.87812536025024523,0.54688889867839685,0.47843061324018232,3,0,1,0,3.1076409884658416,0.061849042212547549,0.60107081727492517,-2.9116051732664774,-2.0186641352391232,0.25157854468646751,-0.031337632764001394,0.018517692087819004,0.22470507129641909,0,0,0,0.31858384748350305,14.853971888918329,-18.214025029692742,1.7502389416072222,6.1010763659581668,0.069545948212994646,9.7942110195202507e-17,14.75399632577188,-17.888931773650146,1.5559872400148997,6.0759858548376116,-0.021444594860376063,-0.18493096663040515,14.731775095266498,-18.068695830687282,1.5559872400148997,6.0759858548376116,-0.021444594860376059,1,1.8307835762794629,1.7616246212198707,1,1,1
1785225146.3607793,2,1,0.87812536025024523,0.54688889867839685,0.47843061324018232,3,0,1,0,3.1069893314046513,0.062161818617008147,0.60555410394644982,-2.911605647889246,-2.0186589143886691,0.25157854468646751,-0.032405961153683258,0.012107721749727811,0.23788112143582876,0,0,0,-0.43805279028981664,14.853971888918329,-18.290958609543608,1.5771383869427718,6.0315304177451718,0.037934153570724355,7.5439728353423746e-17,14.798444012546023,-17.945434702412506,1.5668175736591703,6.0498400850870695,-0.023714694791103497,-0.17985652306199454,14.783914746446349,-18.13573959956117,1.5668175736591703,6.0498400850870695,-0.023714694791103497,1,1.8307835762794629,1.7616246212198707,1,1,1
1785225146.3807793,2,1,0.87812536025024523,0.54688889867839685,0.47843061324018232,3,0,1,0,3.1063305550019331,0.062364482539170013,0.61048353602039174,-2.9116051732664774,-2.0186612875025118,0.25157854468646751,-0.035254836859501565,0.009971064970364079,0.24072999714164708,0.00035610946322728857,-0.00035610946322728857,0,-0.27876086654806514,14.216804193951322,-18.579459533984359,1.3848044373156043,6.0315304177451718,-0.16438133213980552,1.652537850439437e-16,14.855378637786128,-18.009042120932364,1.5790614016980415,6.020028565331808,-0.026289840119791831,-0.17171955234851249,14.843413359821691,-18.201626118645681,1.5789367633859119,6.0200926650351887,-0.026289840119791824,1,1.8307835762794629,1.7616246212198707,1,1,1
1785225146.4007792,2,1,0.87812536025024523,0.54688889867839685,0.47843061324018232,3,0,1,0,3.1055521736615459,0.062548636173359262,0.61517091048238381,-2.911605647889246,-2.0186622367480491,0.25157854468646751,-0.039172040955001743,0.0071221892645457717,0.24286665392101081,0,0.00035610946322728857,-0.00035610946322728857,0,15.292024679208145,-18.387125584357193,1.6733053617563554,5.9683068284606309,0.069545948212994646,9.1115184086288735e-17,14.909665951368098,-18.069282777998694,1.5906898750123375,5.9915096906732686,-0.028741618320776607,-0.16116839868422614,14.901119324250642,-18.263576101135502,1.5906898750123375,5.9914455909698878,-0.0286775186173957,1,1.8307835762794629,1.7616246212198707,1,1,1
1785225146.4207792,2,1,0.87812536025024523,0.54688889867839685,0.47843061324018232,3,0,1,0,3.104788031004214,0.062623626570786836,0.62022659221275445,-2.9116051732664774,-2.0186593890114377,0.25157901930923604,-0.039172040955001743,0.0010683283896818657,0.25283771889137491,-0.00035610946322728857,0,0,-0.59734471403156819,15.292024679208145,-18.483292559170774,1.3848044373156043,5.9999186231029018,-0.10115774285526494,2.1887206070786493e-16,14.975233203169324,-18.1355118361557,1.6035186097882375,5.959850438604378,-0.031452939065361223,-0.15734768539756636,14.973951209101706,-18.3377820112688,1.6036432481003671,5.959850438604378,-0.03145293906536123,1,1.8307835762794629,1.7616246212198707,1,1,1
1785225146.4407792,2,1,0.87812536025024523,0.54688889867839685,0.47843061324018232,3,0,1,0,3.1040343300477899,0.062635966762768586,0.62504970878654587,-2.9116037493981719,-2.0186641352391232,0.25157901930923604,-0.035610946322728855,0.00035610946322728857,0.24998884318555659,0.00035610946322728857,-0.00035610946322728857,0,-0.59734471403156819,15.01326381266008,-17.925524105251991,1.846405916420806,6.0694645713158959,-0.031611794642270291,3.424950039670366e-16,15.040847575645957,-18.199004918426667,1.6158743195909988,5.9290836703643555,-0.034073201199098929,-0.15963304149031007,15.040420244290084,-18.398995992975113,1.6157496812788692,5.9291477700677362,-0.034073201199098929,1,1.8307835762794629,1.7616246212198707,1,1,1
1785225146.4607792,2,1,0.87812536025024523,0.54688889867839685,0.47843061324018232,3,0,1,0,3.1033840968549056,0.06264973082305593,0.63012959627811149,-2.9116042240209401,-2.018660338256975,0.25157854468646751,-0.031693742227228684,0.00071221892645457715,0.24500331070037454,-0.00035610946322728857,0.00035610946322728857,0,-0.27876086654806514,15.292024679208145,-18.290958609543608,1.6733053617563554,5.7976031373923718,-0.031611794642270291,3.0429694483221539e-16,15.109515399968501,-18.265483384787373,1.6288399355515852,5.89659057018011,-0.036827583895176035,-0.16304112248823854,15.108660737256756,-18.461486033347672,1.6289645738637148,5.8965264704767293,-0.036827583895176041,1,1.8307835762794629,1.7616246212198707,1,1,1
1785225146.4807792,2,1,0.87812536025024523,0.54688889867839685,0.47843061324018232,3,0,1,0,3.1027694603696605,0.06264973082305593,0.63498546182293147,-2.9116042240209401,-2.0186570158975949,0.25157901930923604,-0.028132647594955797,0.00035610946322728857,0.24963273372232928,0,0,0,0,15.01326381266008,-18.387125584357193,1.9425728912343896,5.8671490856053667,0.107480101783719,7.0522428677203587e-17,15.175493960615938,-18.328764637108442,1.6412293182397661,5.8653024947943706,-0.039468008071026864,-0.16602180093687732,15.175066629260066,-18.528470824086305,1.6412293182397661,5.8653024947943706,-0.039468008071026864,1,1.8307835762794629,1.7616246212198707,1,1,1
1785225146.5007792,2,1,0.87812536025024523,0.54688889867839685,0.47843061324018232,3,0,1,0,3.1022644617439457,0.062649256200287398,0.64010853998643313,-2.9116042240209401,-2.018663185993586,0.25157901930923604,-0.024927662425910199,0,0.24820829586942014,0,0,0,-0.59734471403156819,14.853971888918329,-18.483292559170774,1.4809714121291881,5.7976031373923718,-0.20231548571052987,2.4764197305620522e-16,15.24459106554753,-18.395004069343067,1.6542573500433622,5.8320776236243574,-0.042254901131625326,-0.16894528259568045,15.24459106554753,-18.593570706038602,1.6542573500433622,5.8320776236243574,-0.042254901131625333,1,1.8307835762794629,1.7616246212198707,1,1,1
1785225146.5207791,2,1,0.87812536025024523,0.54688889867839685,0.47843061324018232,3,0,1,0,3.101790313598185,0.06264973082305593,0.64496582939955871,-2.9116037493981719,-2.0186574905203636,0.25157901930923604,-0.020654348867182738,0,0.24998884318555659,0,0,0,-0.43805279028981664,15.292024679208145,-18.75256008864881,1.4809714121291881,5.7659913427501017,0.107480101783719,2.3600430331151675e-16,15.309676183963877,-18.457431928070797,1.6665724425543746,5.8005153754576195,-0.044893254618840223,-0.17383917491671397,15.309676183963877,-18.657423002619243,1.6665724425543746,5.8005153754576195,-0.044893254618840223,1,1.8307835762794629,1.7616246212198707,1,1,1
1785225146.5407791,2,1,0.87812536025024523,0.54688889867839685,0.47843061324018232,3,0,1,0,3.1014167854793526,0.062665867997185917,0.64999113527274344,-2.9116032747754033,-2.0186612875025118,0.25157901930923604,-0.018873801551046294,0.0010683283896818657,0.23859334036228333,0,-0.0010683283896818657,0,-0.27876086654806514,15.451316602949897,-18.387125584357193,1.7502389416072222,5.7976031373923718,0.037934153570724355,3.1141025773247654e-16,15.375553688803134,-18.521300049140997,1.6792298256231071,5.7677574064218922,-0.047615620603549354,-0.17499846475998382,15.374271694735516,-18.712174721430824,1.6792298256231071,5.7679497055320352,-0.047615620603549347,1,1.8307835762794629,1.7616246212198707,1,1,1
1785225146.5607793,2,1,0.87812536025024523,0.54688889867839685,0.47843061324018232,3,0,1,0,3.1010299679230018,0.062681530548547373,0.65461348641544714,-2.9116032747754033,-2.0186608128797432,0.25157854468646751,-0.018873801551046294,0.00035610946322728857,0.23396391734032859,0,0.00035610946322728857,0,0,14.535388041434825,-18.387125584357193,1.9425728912343896,5.6964453945371067,-0.10115774285526494,1.4153932560654186e-16,15.435714294633836,-18.579659163480471,1.6908326611919777,5.7375290920771764,-0.050116467372527201,-0.17306437697822979,15.435286963277964,-18.766830297352733,1.6908326611919777,5.7374649923737957,-0.050116467372527201,1,1.8307835762794629,1.7616246212198707,1,1,1
1785225146.5807793,2,1,0.87812536025024523,0.54688889867839685,0.47843061324018232,3,0,1,0,3.100681120188133,0.062690073758380885,0.65940765100035825,-2.911602325529866,-2.0186546427837526,0.25157901930923604,-0.017449363698137141,0.0010683283896818657,0.22577339968610094,0,0,0.00035610946322728857,-0.43805279028981664,15.769900450433399,-18.848727063462395,1.6733053617563554,5.6964453945371067,0.107480101783719,4.0653181707750453e-16,15.49818324833619,-18.63990922816118,1.7028532924293991,5.7060353242838371,-0.052713530412793468,-0.1737416826538313,15.496901254268572,-18.820527947910062,1.7028532924293991,5.7060353242838371,-0.052777630116174389,1,1.8307835762794629,1.7616246212198707,1,1,1
1785225146.6007793,2,1,0.87812536025024523,0.54688889867839685,0.47843061324018232,3,0,1,0,3.1003151860335971,0.062710482537427642,0.66371247951091605,-2.911602325529866,-2.0186665083529656,0.25157901930923604,-0.018161582624591718,0.00071221892645457715,0.22043175773769164,0,-0.00035610946322728857,0.00035610946322728857,-0.59734471403156819,15.610608526691648,-19.041061013089561,1.5771383869427718,5.6648335998948367,-0.23392728035280017,3.3116229557530923e-16,15.553035488176297,-18.693371436265515,1.7135733292386024,5.6776150128933605,-0.055040810389337225,-0.17070123970617912,15.552180825464552,-18.86971684245567,1.7135733292386024,5.6776791125967412,-0.055104910092718139,1,1.8307835762794629,1.7616246212198707,1,1,1
1785225146.6207793,2,1,0.87812536025024523,0.54688889867839685,0.47843061324018232,3,0,1,0,3.0999615920710428,0.062713330274038817,0.6681288443720782,-2.911602325529866,-2.0186565412748267,0.25157901930923604,-0.018161582624591718,0.00035610946322728857,0.21117291169378211,-0.00035610946322728857,0.00071221892645457715,0,0.31858384748350305,15.451316602949897,-18.656393113835225,1.5771383869427718,5.5257417034688476,0,3.3874023096293619e-16,15.610172202086758,-18.748245380412818,1.7245901120141824,5.6483747222104306,-0.057431669521908875,-0.16893326989340762,15.609744870730886,-18.917183709767844,1.7247147503263121,5.6482465228036691,-0.057431669521908868,1,1.8307835762794629,1.7616246212198707,1,1,1
1785225146.6407793,2,1,0.87812536025024523,0.54688889867839685,0.47843061324018232,3,0,1,0,3.0996075234857203,0.062739909149076428,0.67218781828853791,-2.9116018509070978,-2.0186593890114377,0.25157854468646751,-0.016737144771682564,0.0021366567793637313,0.20298239403955448,0,-0.0010683283896818657,0,-0.11946894280631364,16.247776221658654,-18.656393113835225,1.7502389416072222,5.6964453945371067,-0.26553907499507046,3.0972332714067112e-16,15.660860735520906,-18.797979003378622,1.7346251805099799,5.62148479930931,-0.059618072571662128,-0.16958447131674068,15.65829674738567,-18.960364918610264,1.7346251805099799,5.6216770984194531,-0.059618072571662128,1,1.8307835762794629,1.7616246212198707,1,1,1
1785225146.6607792,2,1,0.87812536025024523,0.54688889867839685,0.47843061324018232,3,0,1,0,3.0992776606615928,0.062777878970558754,0.67628760976309121,-2.9116013762843291,-2.0186627113708173,0.25157854468646751,-0.016737144771682564,0.0021366567793637313,0.19906518994405431,0.00035610946322728857,0,0,-0.11946894280631364,15.292024679208145,-19.041061013089561,1.6733053617563554,5.5257417034688476,0.069545948212994646,6.1822346292080018e-16,15.711087520031171,-18.847766675729574,1.744704420120885,5.5943032267088517,-0.061819961275849697,-0.16793515719610289,15.708523531895935,-19.007018827684817,1.7445797818087554,5.5943032267088517,-0.061819961275849697,1,1.8307835762794629,1.7616246212198707,1,1,1
1785225146.6807792,2,1,0.87812536025024523,0.54688889867839685,0.47843061324018232,3,0,1,0,3.0989553918017614,0.062820595019726352,0.68006750549165595,-2.9116004270387918,-2.0186546427837526,0.25157901930923604,-0.01495659745554612,0.0021366567793637313,0.18873801551046293,0,0,0,-0.11946894280631364,15.929192374175152,-18.75256008864881,1.7502389416072222,5.4561957552558527,-0.031611794642270291,4.2349632328270745e-16,15.756741715243701,-18.893381049127356,1.7539580130306498,5.5692866320088061,-0.063843018501371807,-0.1693507433343778,15.754177727108464,-19.044371461535725,1.7539580130306498,5.5692866320088061,-0.063843018501371807,1,1.8307835762794629,1.7616246212198707,1,1,1
1785225146.7007792,2,1,0.87812536025024523,0.54688889867839685,0.47843061324018232,3,0,1,0,3.0987057402255154,0.062860937955051321,0.68392618859979648,-2.9116004270387918,-2.018660338256975,0.25157901930923604,-0.011395502823273234,0.0021366567793637313,0.18375248302528091,0,0,0,-0.59734471403156819,15.769900450433399,-19.041061013089561,1.6733053617563554,5.5573534981111177,-0.031611794642270291,5.4426741186234464e-16,15.803166916646123,-18.939619797799722,1.7633789869992242,5.5435534936667086,-0.065911341790481928,-0.17415634632801152,15.800602928510887,-19.086621784219947,1.7633789869992242,5.5435534936667086,-0.065911341790481928,1,1.8307835762794629,1.7616246212198707,1,1,1
1785225146.7207792,2,1,0.87812536025024523,0.54688889867839685,0.47843061324018232,3,0,1,0,3.0984712765778619,0.062896060039922472,0.68731974139477869,-2.9116004270387918,-2.0186584397659009,0.25157901930923604,-0.011395502823273234,0.0014244378529091543,0.16915199503296208,0,0.00071221892645457715,0,0,16.247776221658654,-19.502662492194762,1.5771383869427718,5.5257417034688476,0.037934153570724355,5.1394263315346329e-17,15.843835688146264,-18.980112614620271,1.7716460995399288,5.5208989692928823,-0.067728021036460279,-0.17298402808974478,15.842126362722773,-19.11543421064664,1.7716460995399288,5.5207707698861208,-0.067728021036460279,1,1.8307835762794629,1.7616246212198707,1,1,1
1785225146.7407792,2,1,0.87812536025024523,0.54688889867839685,0.47843061324018232,3,0,1,0,3.0982700365240059,0.062934979106941846,0.69065016936154644,-2.911599477793255,-2.0186570158975949,0.25157901930923604,-0.0096149555071367906,0.0028488757058183086,0.15383928811418865,0,-0.00035610946322728857,0,-0.75663663777331969,16.247776221658654,-18.944894038275976,1.846405916420806,5.4561957552558527,-0.10115774285526494,4.9171583982410117e-16,15.883270685000383,-19.019587017814715,1.7797333902956476,5.4986328827325295,-0.069508699358109188,-0.17500475825789619,15.879852034153402,-19.142658448306065,1.7797333902956476,5.4986969824359102,-0.069508699358109188,1,1.8307835762794629,1.7616246212198707,1,1,1
1785225146.7607791,2,1,0.87812536025024523,0.54688889867839685,0.47843061324018232,3,0,1,0,3.0981005961956409,0.063006172522221182,0.69357621872952757,-2.9115990031704864,-2.0186593890114377,0.25157854468646751,-0.006409970338091194,0.0042733135587274627,0.14885375562900663,0,0.00035610946322728857,-0.00035610946322728857,-0.75663663777331969,15.610608526691648,-18.290958609543608,1.7502389416072222,5.3550380124005876,-0.3350850232080651,4.9186392293430062e-16,15.915554703216795,-19.053634471288831,1.7867299001572547,5.4792479748121368,-0.071052773958092647,-0.17960603140344886,15.910426726946323,-19.172717475792037,1.7867299001572547,5.479183875108756,-0.070988674254711739,1,1.8307835762794629,1.7616246212198707,1,1,1
1785225146.7807791,2,1,0.87812536025024523,0.54688889867839685,0.47843061324018232,3,0,1,0,3.0979928568271848,0.063126252082659012,0.69654450952390778,-2.9115980539249495,-2.0186546427837526,0.25157901930923604,-0.0049855324851820395,0.0074782987277730601,0.1335410487102332,0,0,0,-0.43805279028981664,15.451316602949897,-18.75256008864881,2.038739866047973,5.3550380124005876,0.037934153570724355,2.5808154619869595e-16,15.945396813715856,-19.08749984661987,1.7936992506830909,5.459911846985027,-0.072592058490383415,-0.18148887891111418,15.936422855242528,-19.194332685588058,1.7936992506830909,5.459911846985027,-0.072592058490383415,1,1.8307835762794629,1.7616246212198707,1,1,1
1785225146.8007793,2,1,0.87812536025024523,0.54688889867839685,0.47843061324018232,3,0,1,0,3.0979055262377755,0.063324644399904123,0.69903105820823108,-2.9115980539249495,-2.0186589143886691,0.25157901930923604,-0.0035610946322728858,0.009971064970364079,0.12428220266632371,0.00035610946322728857,0,-0.00035610946322728857,0,15.292024679208145,-18.656393113835225,1.846405916420806,5.4941299088265767,-0.10115774285526494,5.6286201059150139e-16,15.964503397617245,-19.114538916745229,1.7992818817686014,5.444291062650942,-0.073829304293929754,-0.18347377031401271,15.952538119652806,-19.213964678878288,1.7991572434564718,5.444291062650942,-0.073765204590548847,1,1.8307835762794629,1.7616246212198707,1,1,1
1785225146.8207793,2,1,0.87812536025024523,0.54688889867839685,0.47843061324018232,3,0,1,0,3.0978447745234039,0.063539173891279221,0.70148201018491474,-2.9115971046794122,-2.0186551174065208,0.25157901930923604,-0.0024927662425910197,0.0124638312129551,0.11039393360045946,0.00035610946322728857,-0.00035610946322728857,0,-0.27876086654806514,15.451316602949897,-19.041061013089561,1.7502389416072222,5.2918144231160467,-0.13276953749753523,3.2085840521240846e-17,15.982184784452693,-19.140925683625575,1.8047361817613301,5.4290499155112872,-0.075037037292091588,-0.18498617000461443,15.967228186997145,-19.229240830505944,1.8046115434492005,5.429114015214668,-0.075037037292091588,1,1.8307835762794629,1.7616246212198707,1,1,1
1785225146.8407793,2,1,0.87812536025024523,0.54688889867839685,0.47843061324018232,3,0,1,0,3.0978039569653104,0.063844830954211881,0.70349915695116283,-2.9115971046794122,-2.0186589143886691,0.25157901930923604,-0.0014244378529091543,0.016737144771682564,0.10006675916686809,0.00035610946322728857,0,0,-0.11946894280631364,15.929192374175152,-18.944894038275976,1.6733053617563554,5.5257417034688476,0.107480101783719,1.952373086883547e-16,15.989083502702673,-19.161008614363872,1.8088986085638834,5.4173223550805734,-0.075962084490727125,-0.18659824047660603,15.968998928976655,-19.241062021697367,1.8087739702517538,5.4173223550805734,-0.075962084490727125,1,1.8307835762794629,1.7616246212198707,1,1,1
1785225146.8607793,2,1,0.87812536025024523,0.54688889867839685,0.47843061324018232,3,0,1,0,3.097785921300106,0.06420886661767361,0.70551915145402211,-2.9115971046794122,-2.018654168160984,0.25157854468646751,-0.00071221892645457715,0.021010458330410025,0.099354540240413514,-0.00035610946322728857,0,-0.00035610946322728857,0,15.769900450433399,-19.406495517381178,1.846405916420806,5.2918144231160467,-0.031611794642270291,7.6164260502572767e-17,15.992618165801716,-19.18044785946261,1.8129240131082329,5.4060169943164409,-0.076854410573392526,-0.18771883432555686,15.967405615805223,-19.259931491654942,1.8130486514203625,5.4060169943164409,-0.076790310870011619,1,1.8307835762794629,1.7616246212198707,1,1,1
1785225146.8807793,2,1,0.87812536025024523,0.54688889867839685,0.47843061324018232,3,0,1,0,3.0977493753469294,0.064726205435370179,0.70740530233615628,-2.9115971046794122,-2.0186555920292895,0.25157854468646751,-0.0017805473161364429,0.028132647594955797,0.098998430777186217,0,0,-0.00035610946322728857,-0.27876086654806514,16.088484297916903,-19.214161567754012,1.846405916420806,5.4941299088265767,0,2.329145194034974e-16,15.985487073883215,-19.196438416086842,1.8162456018098085,5.3966247529542493,-0.077593499908917729,-0.18571994629721458,15.951727896769267,-19.275637160708591,1.8162456018098085,5.3966247529542493,-0.077529400205536822,1,1.8307835762794629,1.7616246212198707,1,1,1
1785225146.9007792,2,1,0.87812536025024523,0.54688889867839685,0.47843061324018232,3,0,1,0,3.0977066592977618,0.065354131358134018,0.7093132858656428,-2.9115961554338754,-2.0186570158975949,0.25157901930923604,-0.0017805473161364429,0.036323165249183435,0.089383475270049431,0.00035610946322728857,0,0,-0.11946894280631364,15.292024679208145,-18.944894038275976,1.6733053617563554,5.2918144231160467,-0.16438133213980552,2.5987304409116373e-17,15.972140728456129,-19.211356637583144,1.81935280376854,5.3878321359488472,-0.078285773528330022,-0.18550636605137674,15.928552930157108,-19.282863417799184,1.8192281654564104,5.3878321359488472,-0.078285773528330022,1,1.8307835762794629,1.7616246212198707,1,1,1
1785225146.9207792,2,1,0.87812536025024523,0.54688889867839685,0.47843061324018232,3,0,1,0,3.0976739103267334,0.066118274015465661,0.71092795252417829,-2.9115961554338754,-2.0186551174065208,0.25157901930923604,-0.0017805473161364429,0.038103712565319879,0.077631862983548905,0,0,0,0,15.929192374175152,-19.041061013089561,1.846405916420806,5.5257417034688476,0,1.224669589839865e-16,15.947291763465824,-19.221274124013068,1.8214138701022808,5.3820040789289623,-0.07874414647324679,-0.18534262119623493,15.90156730838744,-19.283379614399905,1.8214138701022808,5.3820040789289623,-0.07874414647324679,1,1.8307835762794629,1.7616246212198707,1,1,1
1785225146.9407792,2,1,0.87812536025024523,0.54688889867839685,0.47843061324018232,3,0,1,0,3.0976383136190937,0.066853939306685567,0.71247095114466596,-2.9115956808111068,-2.0186570158975949,0.25157901930923604,-0.0021366567793637313,0.037391493638865299,0.07193411157191229,0,-0.00035610946322728857,0,-0.11946894280631364,15.929192374175152,-18.848727063462395,2.038739866047973,5.3929721659713117,0.069545948212994646,3.3585870624907529e-16,15.923188922411271,-19.230646893023081,1.8233701489336087,5.3764434183373995,-0.079180553455998975,-0.18455925157054953,15.878319130044632,-19.288194182280613,1.8233701489336087,5.3765075180407802,-0.079180553455998975,1,1.8307835762794629,1.7616246212198707,1,1,1
1785225146.9607792,2,1,0.87812536025024523,0.54688889867839685,0.47843061324018232,3,0,1,0,3.0975960721926947,0.067675511319009229,0.71377379064427804,-2.9115956808111068,-2.0186565412748267,0.25157901930923604,-0.0017805473161364429,0.043445354513729204,0.059826389822184481,0,0,0,-0.27876086654806514,15.610608526691648,-19.117994592940427,1.9425728912343896,5.4561957552558527,-0.10115774285526494,3.895890070008926e-16,15.891179465491192,-19.236240831662336,1.8245348964321642,5.3731377414059622,-0.079440014837392312,-0.18495343052604105,15.839045040074717,-19.284101943520085,1.8245348964321642,5.3731377414059622,-0.079440014837392312,1,1.8307835762794629,1.7616246212198707,1,1,1
1785225146.9807792,2,1,0.87812536025024523,0.54688889867839685,0.47843061324018232,3,0,1,0,3.0975462368019988,0.068572073728760452,0.71487633933557082,-2.9115956808111068,-2.0186574905203636,0.25157901930923604,-0.0028488757058183086,0.047362558609229381,0.050923653241502262,0.00035610946322728857,-0.00035610946322728857,0,-0.11946894280631364,15.451316602949897,-19.214161567754012,2.038739866047973,5.2918144231160467,0,5.4435940356100228e-16,15.852363094381957,-19.238625336064239,1.8250328902177171,5.3717146759435366,-0.079551346851665067,-0.18288809531010208,15.795528024050881,-19.279364258657441,1.8249082519055875,5.3717787756469173,-0.079551346851665067,1,1.8307835762794629,1.7616246212198707,1,1,1
1785225147.0007792,2,1,0.87812536025024523,0.54688889867839685,0.47843061324018232,3,0,1,0,3.0974755180094884,0.069532235589494562,0.71582511024986029,-2.9115961554338754,-2.0186551174065208,0.25157901930923604,-0.0039172040955001743,0.046650339682774801,0.044513682903411074,0,0,0,0,15.292024679208145,-19.117994592940427,1.7502389416072222,5.3550380124005876,-0.063223589284540582,9.5948274922877372e-17,15.808007331170232,-19.238511830848321,1.8250037604739826,5.3718089852427369,-0.079544164381539204,-0.1807183430850913,15.752026923550902,-19.274122777171051,1.8250037604739826,5.3718089852427369,-0.079544164381539204,1,1.8307835762794629,1.7616246212198707,1,1,1
1785225147.0207791,2,1,0.87812536025024523,0.54688889867839685,0.47843061324018232,3,0,1,0,3.0973786949647084,0.070520400193571892,0.71665332698094331,-2.9115956808111068,-2.0186579651431322,0.25157901930923604,-0.0060538608748639056,0.054128638410547859,0.037035384175638009,0.00035610946322728857,0,0,0,15.610608526691648,-18.944894038275976,1.6733053617563554,5.3550380124005876,-0.10115774285526494,3.4241573324941473e-16,15.760520781663082,-19.236632756316176,1.8246181068473133,5.3728897972074803,-0.079459032356280976,-0.17660191133627282,15.695566415570426,-19.266261063656685,1.8244934685351837,5.3728897972074803,-0.079459032356280976,1,1.8307835762794629,1.7616246212198707,1,1,1
1785225147.0407791,2,1,0.87812536025024523,0.54688889867839685,0.47843061324018232,3,0,1,0,3.0972500721944369,0.071694142300144037,0.71740702793736733,-2.9115956808111068,-2.0186555920292895,0.25157901930923604,-0.006409970338091194,0.059114170895729901,0.040240369344683606,0,0,0.00035610946322728857,-0.43805279028981664,16.407068145400405,-18.848727063462395,1.5771383869427718,5.5257417034688476,-0.16438133213980552,3.901444238766821e-16,15.701370411621845,-19.231771302522127,1.8236023631869698,5.3757939976805069,-0.079231854493454018,-0.17535341139742897,15.630433406546969,-19.263963597997872,1.8236023631869698,5.3757939976805069,-0.079295954196834925,1,1.8307835762794629,1.7616246212198707,1,1,1
1785225147.0607793,2,1,0.87812536025024523,0.54688889867839685,0.47843061324018232,3,0,1,0,3.0971276195201565,0.072916770551874677,0.71830786195203533,-2.9115952061883381,-2.0186555920292895,0.25157901930923604,-0.006409970338091194,0.065168031770593812,0.047006449146002091,0,-0.00035610946322728857,0.00035610946322728857,-0.43805279028981664,15.132732755466394,-19.579596072045629,1.846405916420806,5.2538802695453226,0,3.4566144328658309e-16,15.641144464847333,-19.228029990055273,1.8228256551040123,5.3780060705285413,-0.079058687118999812,-0.17474114802602672,15.562942826722621,-19.265635149372073,1.8228256551040123,5.378070170231922,-0.07912278682238072,1,1.8307835762794629,1.7616246212198707,1,1,1
1785225147.0807793,2,1,0.87812536025024523,0.54688889867839685,0.47843061324018232,3,0,1,0,3.0969785879708382,0.074289379598460464,0.71929412806503856,-2.9115956808111068,-2.0186574905203636,0.25157854468646751,-0.0078344081910003485,0.069085235866093983,0.053772528947320576,0,0,-0.00035610946322728857,-0.43805279028981664,15.451316602949897,-19.214161567754012,1.9425728912343896,5.4245839606135826,-0.13276953749753523,3.8014371802661847e-16,15.573218246340556,-19.223524659603502,1.8218877324388409,5.3806477924162772,-0.078849952307325791,-0.17157444592949,15.490315963301242,-19.266542682761358,1.8218877324388409,5.3806477924162772,-0.078785852603944884,1,1.8307835762794629,1.7616246212198707,1,1,1
1785225147.1007793,2,1,0.87812536025024523,0.54688889867839685,0.47843061324018232,3,0,1,0,3.0968143684929275,0.075680024310250352,0.72039050666034044,-2.9115956808111068,-2.0186574905203636,0.25157901930923604,-0.0081905176542276369,0.072290221035139574,0.050567543778274979,-0.00035610946322728857,0,0,-0.59734471403156819,15.01326381266008,-19.310328542567596,1.5771383869427718,5.3550380124005876,-0.063223589284540582,3.587872442114154e-16,15.5055980346174,-19.220101073673675,1.8211745791377467,5.3826695169280008,-0.078691554809386347,-0.17014796245244973,15.418849769375232,-19.260555108696295,1.8212992174498763,5.3826695169280008,-0.078691554809386347,1,1.8307835762794629,1.7616246212198707,1,1,1
1785225147.1207793,2,1,0.87812536025024523,0.54688889867839685,0.47843061324018232,3,0,1,0,3.0966800502494336,0.077153253383764289,0.72127520350087848,-2.9115937823200326,-2.0186465741966875,0.25157664619539338,-0.0074782987277730601,0.069441345329321266,0.047718668072456664,0,0.0028488757058183086,0.00035610946322728857,-0.11946894280631364,15.132732755466394,-19.041061013089561,1.9425728912343896,5.4561957552558527,0.037934153570724355,3.0343005969537458e-16,15.430671079981892,-19.213320887436936,1.8197633793293786,5.3867853619617332,-0.078371133443032592,-0.17068714340995328,15.347341465586705,-19.251495821894903,1.8197633793293786,5.3862725643346856,-0.078435233146413499,1,1.8307835762794629,1.7616246212198707,1,1,1
1785225147.1407793,2,1,0.87812536025024523,0.54688889867839685,0.47843061324018232,3,0,1,0,3.0965148815259855,0.078477450907960128,0.72226194423665024,-2.9115885614695789,-2.0186622367480491,0.25157569694985632,-0.0081905176542276369,0.07050967371900313,0.038815931491774452,0.00035610946322728857,0.00035610946322728857,0.00071221892645457715,-0.27876086654806514,15.132732755466394,-18.848727063462395,1.5771383869427718,5.4941299088265767,0,2.8682054364689834e-16,15.365461705622053,-19.209258561810028,1.8189662920210206,5.3889972508308341,-0.078196957659124641,-0.16865052761774013,15.280850097159249,-19.240311307003449,1.8188416537088909,5.3889331511274534,-0.078325157065886469,1,1.8307835762794629,1.7616246212198707,1,1,1
1785225147.1607792,2,1,0.87812536025024523,0.54688889867839685,0.47843061324018232,3,0,1,0,3.0963293040234907,0.079889453644333822,0.7227640951257539,-2.9115980539249495,-2.0186722038261879,0.25157807006369898,-0.011395502823273234,0.070865783182230427,0.016381035308455274,0.00035610946322728857,-0.00035610946322728857,-0.00071221892645457715,-0.11946894280631364,15.610608526691648,-18.944894038275976,1.5771383869427718,5.4941299088265767,-0.13276953749753523,7.0521375625901973e-17,15.289323509975461,-19.198603202060507,1.8167096638308973,5.3951705296339449,-0.077701843198403592,-0.16227416531788874,15.204284570156783,-19.211708030307271,1.8165850255187677,5.3952346293373257,-0.077573643791641764,1,1.8307835762794629,1.7616246212198707,1,1,1
1785225147.1807792,2,1,0.87812536025024523,0.54688889867839685,0.47843061324018232,3,0,1,0,3.0961157237776527,0.081157171059074704,0.72312623229814144,-2.9115942569428013,-2.018669356089577,0.25157712081816191,-0.0074782987277730601,0.052704200557638706,0.018873801551046294,-0.00035610946322728857,0.00035610946322728857,-0.00035610946322728857,0.31858384748350305,14.853971888918329,-19.117994592940427,1.7502389416072222,5.3234262177583176,0.069545948212994646,4.367189915196377e-16,15.219921384097631,-19.188033496455841,1.8145323074082236,5.4014002871738667,-0.077215064452845192,-0.16786551105104836,15.156676343428465,-19.203132537696678,1.8146569457203532,5.4013361874704859,-0.077150964749464285,1,1.8307835762794629,1.7616246212198707,1,1,1
1785225147.2007792,2,1,0.87812536025024523,0.54688889867839685,0.47843061324018232,3,0,1,0,3.0960122560141135,0.082076040738946796,0.7234309401155371,-2.9115918838289585,-2.018669356089577,0.25157664619539338,-0.0035610946322728858,0.04237702612404734,0.011751612286500523,0,-0.00071221892645457715,0,-0.59734471403156819,15.292024679208145,-19.502662492194762,1.9425728912343896,5.3929721659713117,-0.031611794642270291,2.2217204187344175e-16,15.170113503494743,-19.18084294091576,1.8130530310278448,5.4056096622609378,-0.076885329068763164,-0.17400741919570287,15.119261072145887,-19.190244230744959,1.8130530310278448,5.4057378616676992,-0.076885329068763164,1,1.8307835762794629,1.7616246212198707,1,1,1
1785225147.2207792,2,1,0.87812536025024523,0.54688889867839685,0.47843061324018232,3,0,1,0,3.0959272985385469,0.082918021530317201,0.72359421034791105,-2.9115942569428013,-2.0186731530717252,0.25157759544093045,-0.0046294230219547511,0.044513682903411074,0.0056977514116366172,0.00035610946322728857,0.00035610946322728857,0,-0.43805279028981664,15.292024679208145,-18.75256008864881,2.038739866047973,5.3929721659713117,0.107480101783719,3.038039340525755e-16,15.123037641215547,-19.172876603983788,1.8113912233284002,5.4102321859635296,-0.076518545506807506,-0.17176647355541072,15.069621221731452,-19.177434805113098,1.8112665850162706,5.4101680862601489,-0.076518545506807506,1,1.8307835762794629,1.7616246212198707,1,1,1
1785225147.2407792,2,1,0.87812536025024523,0.54688889867839685,0.47843061324018232,3,0,1,0,3.0958409171946744,0.083667925504592983,0.72367014999087564,-2.9115942569428013,-2.018663185993586,0.25157712081816191,-0.0039172040955001743,0.030981523300774104,0.0046294230219547511,0,0,0,-0.59734471403156819,15.610608526691648,-19.214161567754012,1.7502389416072222,5.4561957552558527,-0.13276953749753523,2.3918945297522553e-16,15.080343433804213,-19.165049129151864,1.8097570233963114,5.4149131995394857,-0.076151828241439123,-0.17254533901102101,15.043165605843285,-19.168752667569429,1.8097570233963114,5.4149131995394857,-0.076151828241439123,1,1.8307835762794629,1.7616246212198707,1,1,1
1785225147.2607791,2,1,0.87812536025024523,0.54688889867839685,0.47843061324018232,3,0,1,0,3.0957706730249321,0.084174822621381915,0.72382013078573082,-2.9115942569428013,-2.0186717292034193,0.25157664619539338,-0.0035610946322728858,0.022078786720091892,0.009971064970364079,0,-0.00035610946322728857,0,-0.59734471403156819,15.610608526691648,-19.117994592940427,1.9425728912343896,5.3234262177583176,-0.10115774285526494,2.5879135983414496e-16,15.052578751895396,-19.160800018302893,1.808887087674945,5.4172976671801463,-0.075960926458672542,-0.17279950424979626,15.026084207831286,-19.168776870279185,1.808887087674945,5.417361766883527,-0.075960926458672542,1,1.8307835762794629,1.7616246212198707,1,1,1
1785225147.2807791,2,1,0.87812536025024523,0.54688889867839685,0.47843061324018232,3,0,1,0,3.0956738499801522,0.084661785581892648,0.72401852310297588,-2.9115942569428013,-2.0186679322212715,0.25157712081816191,-0.0060538608748639056,0.028844866521410373,0.0089027365806822138,-0.00035610946322728857,0.00035610946322728857,0,-0.11946894280631364,14.694679965176578,-19.406495517381178,2.038739866047973,5.4245839606135826,-0.26553907499507046,5.6260418661081881e-16,15.026658797844529,-19.15744088509863,1.8081861726593842,5.4192975966696233,-0.075804534409916399,-0.16807768641349133,14.992044958018838,-19.164563074363176,1.8083108109715138,5.4192334969662426,-0.075804534409916399,1,1.8307835762794629,1.7616246212198707,1,1,1
1785225147.3007793,2,1,0.87812536025024523,0.54688889867839685,0.47843061324018232,3,0,1,0,3.0955072573883986,0.08526787885730415,0.72423210334881394,-2.9115942569428013,-2.0186674575985029,0.25157712081816191,-0.0092588460439095022,0.026352100278819353,0.013532159602636965,0.00035610946322728857,0,0,-0.43805279028981664,15.292024679208145,-19.117994592940427,1.846405916420806,5.3929721659713117,0.13909189642598929,3.0263465080556977e-16,14.993956230159025,-19.152834909874546,1.8072316480840049,5.4219853097769661,-0.075592484569523513,-0.16179624866734632,14.962333709824442,-19.163660637556656,1.8071070097718753,5.4219853097769661,-0.075592484569523513,1,1.8307835762794629,1.7616246212198707,1,1,1
1785225147.3207793,2,1,0.87812536025024523,0.54688889867839685,0.47843061324018232,3,0,1,0,3.0953297484729685,0.085686021516378164,0.72459376589843305,-2.9115937823200326,-2.018669356089577,0.25157664619539338,-0.0089027365806822138,0.019229911014273581,0.022078786720091892,0.00035610946322728857,0,0,0.79645961870875759,15.451316602949897,-19.310328542567596,1.6733053617563554,5.4941299088265767,-0.26553907499507046,3.9999714145239603e-16,14.974007276257874,-19.152155959067219,1.8070963088808731,5.4223587292765965,-0.075562517685780969,-0.16151409017768203,14.950931383040745,-19.169818988443293,1.8069716705687435,5.4223587292765965,-0.075562517685780969,1,1.8307835762794629,1.7616246212198707,1,1,1
1785225147.3407793,2,1,0.87812536025024523,0.54688889867839685,0.47843061324018232,3,0,1,0,3.0951498664436961,0.086106062666526317,0.72511300320720373,-2.9115942569428013,-2.018669356089577,0.25157664619539338,-0.0096149555071367906,0.022434896183319179,0.028844866521410373,0,0,-0.00035610946322728857,0.31858384748350305,14.853971888918329,-19.041061013089561,1.7502389416072222,5.4245839606135826,-0.031611794642270291,7.0760629560967751e-16,14.955899578277229,-19.153322665780195,1.8073353279642064,5.4216802556200063,-0.075615649608014507,-0.15940390785634673,14.928977702857246,-19.176398558997324,1.8073353279642064,5.4216802556200063,-0.0755515499046336,1,1.8307835762794629,1.7616246212198707,1,1,1
1785225147.3607793,2,1,0.87812536025024523,0.54688889867839685,0.47843061324018232,3,0,1,0,3.094924420628645,0.086557903542165887,0.72579883310772808,-2.9115947315655695,-2.0186674575985029,0.25157712081816191,-0.013176050139409676,0.021722677256864602,0.041308697734365477,0,0,0,0.15929192374175152,15.01326381266008,-19.214161567754012,1.7502389416072222,5.5257417034688476,-0.13276953749753523,5.0355742206248395e-16,14.937997394044537,-19.15608608740942,1.8079023311252667,5.4200927772108844,-0.075741445972722657,-0.15222281790622794,14.911930181336299,-19.189133045596911,1.8079023311252667,5.4200927772108844,-0.075741445972722657,1,1.8307835762794629,1.7616246212198707,1,1,1
1785225147.3807793,2,1,0.87812536025024523,0.54688889867839685,0.47843061324018232,3,0,1,0,3.0946192381884807,0.086972249219091691,0.72672292363805402,-2.9115947315655695,-2.018669356089577,0.25157664619539338,-0.016024925845227987,0.018517692087819004,0.046650339682774801,0,-0.00035610946322728857,0,-0.27876086654806514,15.01326381266008,-19.310328542567596,1.7502389416072222,5.3550380124005876,0,5.1785065201260663e-16,14.925171726198634,-19.162054932253564,1.8091415815839527,5.4165926072315855,-0.076016757937245702,-0.14585381700551531,14.902950495693252,-19.199375203999786,1.8091415815839527,5.4166567069349663,-0.076016757937245702,1,1.8307835762794629,1.7616246212198707,1,1,1
1785225147.4007792,2,1,0.87812536025024523,0.54688889867839685,0.47843061324018232,3,0,1,0,3.0943131065027796,0.087317299971812257,0.72772105532027043,-2.9115947315655695,-2.018669356089577,0.25157664619539338,-0.015668816382000697,0.017449363698137141,0.055909185726684303,0,0,0,0.63716769496700609,15.01326381266008,-19.214161567754012,1.9425728912343896,5.3929721659713117,-0.13276953749753523,5.1360999883572865e-16,14.917299365853847,-19.1697129244236,1.8107288477623706,5.4121227492030766,-0.076369316525632891,-0.14492854466449592,14.896360129416083,-19.214440273004946,1.8107288477623706,5.4121227492030766,-0.076369316525632891,1,1.8307835762794629,1.7616246212198707,1,1,1
1785225147.4207792,2,1,0.87812536025024523,0.54688889867839685,0.47843061324018232,3,0,1,0,3.0939827690558834,0.087706965264774533,0.72896883857873307,-2.9115952061883381,-2.0186684068440397,0.25157664619539338,-0.017449363698137141,0.021010458330410025,0.064099703380911949,0,-0.00035610946322728857,0,-0.43805279028981664,14.535388041434825,-19.214161567754012,1.6733053617563554,5.3550380124005876,-0.10115774285526494,6.2637688541187089e-16,14.909883157838465,-19.179771186387619,1.8128113141606859,5.4062523283628501,-0.076831849428719498,-0.14024992699258312,14.884670607841972,-19.231050949092349,1.8128113141606859,5.4063164280662308,-0.076831849428719498,1,1.8307835762794629,1.7616246212198707,1,1,1
1785225147.4407792,2,1,0.87812536025024523,0.54688889867839685,0.47843061324018232,3,0,1,0,3.0935959514995321,0.088155483781034411,0.73035900866775449,-2.9115971046794122,-2.0186688814668083,0.25157664619539338,-0.022078786720091892,0.024571552962682913,0.081905176542276373,-0.00035610946322728857,-0.00035610946322728857,0,-0.43805279028981664,15.01326381266008,-18.944894038275976,1.6733053617563554,5.4561957552558527,-0.26553907499507046,4.8192410557244273e-16,14.90076000285406,-19.190785620210256,1.8150879168039495,5.3997951754858171,-0.077338492662106628,-0.13044582007350375,14.871274139298841,-19.256309761444079,1.8152125551160792,5.3998592751891978,-0.077338492662106628,1,1.8307835762794629,1.7616246212198707,1,1,1
1785225147.4607792,2,1,0.87812536025024523,0.54688889867839685,0.47843061324018232,3,0,1,0,3.093106615425179,0.088707944683602144,0.73221478369270276,-2.9115966300566436,-2.0186660337301974,0.25157664619539338,-0.025283771889137489,0.02991319491109224,0.094012898292004182,0.00035610946322728857,-0.00035610946322728857,0,-0.59734471403156819,14.535388041434825,-19.579596072045629,1.9425728912343896,5.3234262177583176,0.27186143392352452,4.5102167995740928e-16,14.891264732253365,-19.206018748369502,1.8182521173248458,5.3908748378127891,-0.078041495946620118,-0.12255066491436031,14.855368898360055,-19.281229067003107,1.8181274790127162,5.3909389375161698,-0.078041495946620118,1,1.8307835762794629,1.7616246212198707,1,1,1
1785225147.4807792,2,1,0.87812536025024523,0.54688889867839685,0.47843061324018232,3,0,1,0,3.0926286702972705,0.089333022869754794,0.73405584541182667,-2.9115971046794122,-2.018669356089577,0.25157617157262485,-0.024215443499455622,0.033830399006592411,0.094369007755231465,-0.00035610946322728857,0,-0.00035610946322728857,-0.43805279028981664,14.853971888918329,-19.406495517381178,1.9425728912343896,5.4245839606135826,-0.26553907499507046,5.2617574065873394e-16,14.877292884395267,-19.220161052369747,1.8211956594106538,5.3825030196035808,-0.078697599243214594,-0.12197709753727724,14.836696405587356,-19.295656258573931,1.8213202977227834,5.3825030196035808,-0.078633499539833687,1,1.8307835762794629,1.7616246212198707,1,1,1
1785225147.5007792,2,1,0.87812536025024523,0.54688889867839685,0.47843061324018232,3,0,1,0,3.0921303163903149,0.089997969368463895,0.73602742839229596,-2.9115980539249495,-2.0186665083529656,0.25157664619539338,-0.024571552962682913,0.030625413837546817,0.096149555071367909,-0.00035610946322728857,0.00035610946322728857,0,0.15929192374175152,14.694679965176578,-19.117994592940427,1.7502389416072222,5.3929721659713117,-0.26553907499507046,3.8420443135500335e-16,14.862607616939524,-19.235374885097109,1.8243546878557158,5.3735418508883317,-0.079401222175484523,-0.11887994191501282,14.825857120334469,-19.312294529154205,1.8244793261678454,5.373477751184951,-0.079401222175484523,1,1.8307835762794629,1.7616246212198707,1,1,1
1785225147.5207791,2,1,0.87812536025024523,0.54688889867839685,0.47843061324018232,3,0,1,0,3.0916533205079433,0.090621623686310965,0.73790313757352255,-2.9115980539249495,-2.0186669829757342,0.25157664619539338,-0.024571552962682913,0.034898727396274282,0.097930102387504353,0,0,0,0,15.01326381266008,-19.868096996486379,1.9425728912343896,5.3550380124005876,0.069545948212994646,5.44882034783507e-16,14.849101480541044,-19.249896396820681,1.8273825702739634,5.3649248393031295,-0.080076603483932043,-0.11649496250315465,14.807223007665515,-19.328240478730685,1.8273825702739634,5.3649248393031295,-0.080076603483932043,1,1.8307835762794629,1.7616246212198707,1,1,1
1785225147.5407791,2,1,0.87812536025024523,0.54688889867839685,0.47843061324018232,3,0,1,0,3.0911692052840438,0.091386715589179671,0.73987187281738065,-2.9115975793021809,-2.0186684068440397,0.25157664619539338,-0.022434896183319179,0.039528150418229033,0.10113508755654996,0,0,0.00035610946322728857,0,15.132732755466394,-19.214161567754012,1.9425728912343896,5.3550380124005876,-0.16438133213980552,2.7785036417053233e-16,14.82846812290181,-19.263819773700064,1.830292637078009,5.3566266425739881,-0.080726424206978772,-0.11770670290857596,14.781034342399936,-19.344727843745304,1.830292637078009,5.3566266425739881,-0.08079052391035968,1,1.8307835762794629,1.7616246212198707,1,1,1
1785225147.5607793,2,1,0.87812536025024523,0.54688889867839685,0.47843061324018232,3,0,1,0,3.0907876085781463,0.092143264282214851,0.74204422122893776,-2.9115975793021809,-2.0186665083529656,0.25157664619539338,-0.017449363698137141,0.037391493638865299,0.10683283896818657,0,0,0,-0.27876086654806514,14.853971888918329,-19.310328542567596,1.7502389416072222,5.1843343213323276,-0.16438133213980552,3.491310714278885e-16,14.810787153518245,-19.280189712640524,1.833710715662046,5.3468799979549209,-0.081489225943659122,-0.12427412460389761,14.765917361151606,-19.365655983815074,1.833710715662046,5.3468799979549209,-0.081489225943659122,1,1.8307835762794629,1.7616246212198707,1,1,1
1785225147.5807793,2,1,0.87812536025024523,0.54688889867839685,0.47843061324018232,3,0,1,0,3.0904596442450929,0.092898389106944451,0.74432193589510831,-2.9115980539249495,-2.0186679322212715,0.25157664619539338,-0.015312706918773409,0.036679274712410725,0.11359891876950505,-0.00035610946322728857,0,-0.00035610946322728857,0.15929192374175152,14.694679965176578,-19.868096996486379,1.9425728912343896,5.5257417034688476,-0.26553907499507046,2.8482317654739921e-16,14.794397058743282,-19.297727795548717,1.8373791176056964,5.3363624756698904,-0.0823098324916995,-0.12626661946354914,14.750381929088389,-19.388606930564322,1.837503755917826,5.3363624756698904,-0.082245732788318593,1,1.8307835762794629,1.7616246212198707,1,1,1
1785225147.6007793,2,1,0.87812536025024523,0.54688889867839685,0.47843061324018232,3,0,1,0,3.090151139445549,0.093662531764276094,0.74649191119282277,-2.9115980539249495,-2.0186674575985029,0.25157712081816191,-0.016024925845227987,0.040596478807910896,0.1089694957475503,0,0,0,-0.11946894280631364,14.376096117693073,-18.944894038275976,1.6733053617563554,5.1843343213323276,0.107480101783719,3.1974157015615695e-16,14.77616074561368,-19.31389371002949,1.8407646786029992,5.3266529416517123,-0.083067643582980244,-0.12351332329085672,14.727444971044187,-19.40106930662753,1.8407646786029992,5.3266529416517123,-0.083067643582980244,1,1.8307835762794629,1.7616246212198707,1,1,1
1785225147.6207793,2,1,0.87812536025024523,0.54688889867839685,0.47843061324018232,3,0,1,0,3.0898616195567463,0.094471288961849462,0.74847678361081094,-2.9115975793021809,-2.0186684068440397,0.25157664619539338,-0.012107721749727811,0.038459822028547162,0.10184730648300452,0,0,0.00035610946322728857,-0.27876086654806514,14.853971888918329,-18.944894038275976,1.7502389416072222,5.3550380124005876,0.037934153570724355,2.9532995570215875e-16,14.753072772752112,-19.327377287763277,1.8435968776285168,5.3185126241456597,-0.083701610140513041,-0.12872497080919379,14.706920986317856,-19.408855132949679,1.8435968776285168,5.3185126241456597,-0.083765709843893948,1,1.8307835762794629,1.7616246212198707,1,1,1
1785225147.6407793,2,1,0.87812536025024523,0.54688889867839685,0.47843061324018232,3,0,1,0,3.0896703465810291,0.09519651255216173,0.75060404285935778,-2.9115971046794122,-2.0186636606163546,0.25157664619539338,-0.0081905176542276369,0.037747603102092589,0.10184730648300452,0,0,0,0.31858384748350305,15.132732755466394,-19.406495517381178,1.6733053617563554,5.3234262177583176,0,6.5307959898085682e-16,14.736544335876008,-19.343460050541243,1.8469707416749968,5.3088393208822833,-0.084456058678700693,-0.13442785289295772,14.691247212153497,-19.424937895727645,1.8469707416749968,5.3088393208822833,-0.084456058678700693,1,1.8307835762794629,1.7616246212198707,1,1,1
1785225147.6607792,2,1,0.87812536025024523,0.54688889867839685,0.47843061324018232,3,0,1,0,3.0895331806009243,0.096001947390355405,0.75256660800722519,-2.9115975793021809,-2.0186674575985029,0.25157664619539338,-0.006409970338091194,0.039172040955001743,0.09686177399782249,0,0,-0.00035610946322728857,0,14.535388041434825,-19.041061013089561,2.3080073955260074,5.2538802695453226,-0.10115774285526494,4.3798019820546685e-16,14.713310778653565,-19.35665112671224,1.8497458381775351,5.300794838643589,-0.085079769946849251,-0.13676895342986575,14.666304329507563,-19.434140545910498,1.8497458381775351,5.300794838643589,-0.085015670243468344,1,1.8307835762794629,1.7616246212198707,1,1,1
1785225147.6807792,2,1,0.87812536025024523,0.54688889867839685,0.47843061324018232,3,0,1,0,3.089427814346311,0.096769412407066754,0.75461223213958506,-2.9115971046794122,-2.0186641352391232,0.25157712081816191,-0.0042733135587274627,0.040240369344683606,0.10149119701977724,0,0.00035610946322728857,0,0,15.132732755466394,-19.502662492194762,1.9425728912343896,5.1843343213323276,-0.031611794642270291,1.8317641925996091e-16,14.693290301275013,-19.371244576032417,1.8528151575341878,5.2919525964704111,-0.085767938818374537,-0.13987443868171776,14.645001858061393,-19.45243753364824,1.8528151575341878,5.2918884967670303,-0.085767938818374537,1,1.8307835762794629,1.7616246212198707,1,1,1
1785225147.7007792,2,1,0.87812536025024523,0.54688889867839685,0.47843061324018232,3,0,1,0,3.0893775043328469,0.097625631881493022,0.75667304420053783,-2.9115971046794122,-2.0186646098618914,0.25157712081816191,-0.0010683283896818657,0.043445354513729204,0.11039393360045946,0,0,0.00035610946322728857,-0.11946894280631364,14.376096117693073,-19.579596072045629,1.7502389416072222,5.1843343213323276,-0.40463097142105975,4.2059704693756531e-16,14.668260074898772,-19.3849440001771,1.8557021132976446,5.2835864229393632,-0.086416543327692233,-0.14507136340177443,14.616125649482298,-19.473259147057469,1.8557021132976446,5.2835864229393632,-0.08648064303107314,1,1.8307835762794629,1.7616246212198707,1,1,1
1785225147.7207792,2,1,0.87812536025024523,0.54688889867839685,0.47843061324018232,3,0,1,0,3.089361367158717,0.098473308146085764,0.75892417999167072,-2.9115971046794122,-2.0186684068440397,0.25157712081816191,-0.00071221892645457715,0.044157573440183784,0.10790116735786844,0,-0.00035610946322728857,0.00035610946322728857,0.15929192374175152,14.376096117693073,-19.310328542567596,2.1349068408615568,5.3929721659713117,0.13909189642598929,2.7363559805547034e-16,14.645930754816991,-19.400846045127643,1.8590612390164518,5.273807126568232,-0.087172898000873397,-0.14559606361861172,14.59294166668877,-19.487166979013939,1.8590612390164518,5.2738712262716128,-0.08723699770425429,1,1.8307835762794629,1.7616246212198707,1,1,1
1785225147.7407792,2,1,0.87812536025024523,0.54688889867839685,0.47843061324018232,3,0,1,0,3.0893528239488832,0.099353258758938481,0.76092186722440913,-2.9115971046794122,-2.0186655591074287,0.25157664619539338,-0.00035610946322728857,0.04273313558727463,0.10077897809332266,0.00035610946322728857,0,0,0.31858384748350305,14.057512270209571,-19.579596072045629,1.7502389416072222,5.3234262177583176,-0.26553907499507046,4.2962714917055315e-16,14.618751499694245,-19.413526608930106,1.8617362043141223,5.2660514961236862,-0.087773292183095583,-0.146158733656929,14.567471736989516,-19.494149791404762,1.8616115660019927,5.2660514961236862,-0.087773292183095569,1,1.8307835762794629,1.7616246212198707,1,1,1
1785225147.7607791,2,1,0.87812536025024523,0.54688889867839685,0.47843061324018232,3,0,1,0,3.0893471284756608,0.10015869359713214,0.76296844060230606,-2.9115971046794122,-2.0186646098618914,0.25157664619539338,-0.00071221892645457715,0.040596478807910896,0.098642321313958933,0,-0.00035610946322728857,0,0.31858384748350305,14.216804193951322,-19.675763046859213,2.038739866047973,5.1211107320477876,0.069545948212994646,3.5237673731714053e-16,14.5964188888092,-19.427563012159077,1.8647025807674793,5.2574168642389791,-0.088440804412551921,-0.14552487020333083,14.547703114239708,-19.506476869210243,1.8647025807674793,5.2574809639423599,-0.088440804412551921,1,1.8307835762794629,1.7616246212198707,1,1,1
1785225147.7807791,2,1,0.87812536025024523,0.54688889867839685,0.47843061324018232,3,0,1,0,3.0893414330024385,0.10102250703585489,0.76484225129245853,-2.9115971046794122,-2.0186665083529656,0.25157712081816191,0,0.04273313558727463,0.094725117218458763,0,0.00035610946322728857,0.00035610946322728857,-0.11946894280631364,15.01326381266008,-19.406495517381178,1.7502389416072222,5.0831765784770635,0.037934153570724355,1.4658221255909769e-16,14.568631354553442,-19.43894404817128,1.8671130826053282,5.2503660582547518,-0.088984936757358093,-0.14670716501219189,14.517351591848714,-19.514724141946047,1.8671130826053282,5.2503019585513711,-0.089049036460739014,1,1.8307835762794629,1.7616246212198707,1,1,1
1785225147.8007793,2,1,0.87812536025024523,0.54688889867839685,0.47843061324018232,3,0,1,0,3.0893376360202902,0.10187160716875321,0.7667497601991764,-2.9115971046794122,-2.0186641352391232,0.25157664619539338,0,0.043445354513729204,0.096505664534595206,-0.00035610946322728857,0.00035610946322728857,0,-0.11946894280631364,14.694679965176578,-19.945030576337246,1.7502389416072222,5.1527225266900576,-0.20231548571052987,2.2540225664786512e-16,14.542104134241876,-19.45088123544312,1.8696393986835251,5.2430013218525264,-0.089553215071415365,-0.14668818010145057,14.489969708825402,-19.528085767070795,1.8697640369956547,5.2429372221491457,-0.089553215071415365,1,1.8307835762794629,1.7616246212198707,1,1,1
1785225147.8207793,2,1,0.87812536025024523,0.54688889867839685,0.47843061324018232,3,0,1,0,3.0893333644153738,0.10274348919454093,0.76865442136928319,-2.9115966300566436,-2.0186646098618914,0.25157664619539338,-0.00071221892645457715,0.043089245050501913,0.10077897809332266,0,-0.00035610946322728857,0,-0.43805279028981664,14.057512270209571,-19.579596072045629,1.7502389416072222,5.5257417034688476,0.107480101783719,1.3642549853554809e-16,14.514188272829452,-19.462486804040253,1.8721035144665421,5.235790327712543,-0.090109131080625238,-0.14545604990189565,14.462481178768851,-19.54310998651491,1.8721035144665421,5.2358544274159238,-0.090109131080625238,1,1.8307835762794629,1.7616246212198707,1,1,1
1785225147.8407793,2,1,0.87812536025024523,0.54688889867839685,0.47843061324018232,3,0,1,0,3.0893238719600031,0.10363625462214393,0.77071903041238421,-2.9115971046794122,-2.0186650844846601,0.25157664619539338,-0.00035610946322728857,0.048430886998911245,0.098642321313958933,0,0.00035610946322728857,0,-0.11946894280631364,14.376096117693073,-19.868096996486379,1.9425728912343896,5.1843343213323276,0.069545948212994646,-7.3966844999905902e-17,14.486929303085862,-19.475633641217883,1.8748920573924557,5.2276017097958878,-0.090738835639537663,-0.14601397371252905,14.428812238687168,-19.554547498269049,1.8748920573924557,5.2275376100925071,-0.090738835639537663,1,1.8307835762794629,1.7616246212198707,1,1,1
1785225147.8607793,2,1,0.87812536025024523,0.54688889867839685,0.47843061324018232,3,0,1,0,3.0893139048818639,0.10459261950072982,0.77259806195299041,-2.9115966300566436,-2.0186646098618914,0.25157664619539338,-0.00035610946322728857,0.043801463976956494,0.095437336144913329,0,0,0,0.15929192374175152,14.376096117693073,-19.945030576337246,1.5771383869427718,5.2538802695453226,-0.10115774285526494,1.4333181188294072e-16,14.453813727449262,-19.485970125822526,1.8770902770340601,5.2211553690780432,-0.091235117794548307,-0.14596413832183247,14.401251970676913,-19.562319994738456,1.8770902770340601,5.2211553690780432,-0.09123511779454832,1,1.8307835762794629,1.7616246212198707,1,1,1
1785225147.8807793,2,1,0.87812536025024523,0.54688889867839685,0.47843061324018232,3,0,1,0,3.0893077347858733,0.1053885618835529,0.77448231434405046,-2.9115966300566436,-2.0186650844846601,0.25157664619539338,-0.00035610946322728857,0.040240369344683606,0.089739584733276714,0.00035610946322728857,0,0,0.31858384748350305,14.535388041434825,-19.214161567754012,1.846405916420806,5.1843343213323276,-0.10115774285526494,4.03796009906172e-16,14.42998343349654,-19.498135164969852,1.8796780092463792,5.2135387021715234,-0.09182014757511249,-0.14593328784187937,14.38169499028292,-19.569926832756472,1.8795533709342496,5.2135387021715234,-0.091820147575112504,1,1.8307835762794629,1.7616246212198707,1,1,1
1785225147.9007792,2,1,0.87812536025024523,0.54688889867839685,0.47843061324018232,3,0,1,0,3.0893029885581877,0.10624478135797917,0.77610884657179924,-2.9115966300566436,-2.0186655591074287,0.25157664619539338,-0.00035610946322728857,0.04273313558727463,0.078700191373230768,0,0,0,-0.11946894280631364,13.89822034646782,-19.675763046859213,1.846405916420806,5.3550380124005876,-0.26553907499507046,3.3796146142690818e-16,14.399654747922096,-19.506730807770076,1.8815082144566753,5.2081428812608532,-0.092234202134216403,-0.14590955670345174,14.348374985217367,-19.569690960868659,1.8815082144566753,5.2081428812608532,-0.092234202134216403,1,1.8307835762794629,1.7616246212198707,1,1,1
1785225147.9207792,2,1,0.87812536025024523,0.54688889867839685,0.47843061324018232,3,0,1,0,3.0892911229889748,0.10705258931001549,0.77767652557625044,-2.9115966300566436,-2.018663185993586,0.25157664619539338,-0.00071221892645457715,0.04166480719759276,0.076563534593867041,-0.00035610946322728857,0,0,-0.43805279028981664,14.535388041434825,-19.406495517381178,1.6733053617563554,5.1527225266900576,-0.031611794642270291,4.5151309958094974e-16,14.371440404437836,-19.515219791891539,1.8833134515351859,5.2028368212444658,-0.092641862201463532,-0.14524484276990046,14.321442635800725,-19.576470619566631,1.8834380898473155,5.2028368212444658,-0.092641862201463532,1,1.8307835762794629,1.7616246212198707,1,1,1
1785225147.9407792,2,1,0.87812536025024523,0.54688889867839685,0.47843061324018232,3,0,1,0,3.0892721380782335,0.10791450425766409,0.77913788908055115,-2.9115966300566436,-2.018663185993586,0.25157664619539338,-0.0014244378529091543,0.043801463976956494,0.074426877814503314,0,-0.00035610946322728857,0.00035610946322728857,0,14.057512270209571,-19.502662492194762,2.1349068408615568,5.1527225266900576,-0.23392728035280017,-2.0938255833512757e-16,14.338848360314056,-19.521894840504046,1.884736176335752,5.1986359047195592,-0.092963897711807283,-0.14393914604122207,14.286286603541708,-19.581436342755648,1.884736176335752,5.1987000044229399,-0.093027997415188177,1,1.8307835762794629,1.7616246212198707,1,1,1
1785225147.9607792,2,1,0.87812536025024523,0.54688889867839685,0.47843061324018232,3,0,1,0,3.089258374017946,0.10878543703791477,0.78080381499808782,-2.9115961554338754,-2.018660338256975,0.25157664619539338,-0.00071221892645457715,0.046294230219547511,0.085822380637776544,0,0.00035610946322728857,0,-0.11946894280631364,13.89822034646782,-20.233531500777996,1.846405916420806,5.1211107320477876,0,2.7878533236950016e-16,14.308132836241008,-19.5307563883566,1.8866252608042953,5.1930816091125411,-0.093390645207973758,-0.14508109791475671,14.25257975997755,-19.599414292866822,1.8866252608042953,5.1930175094091604,-0.093390645207973771,1,1.8307835762794629,1.7616246212198707,1,1,1
1785225147.9807792,2,1,0.87812536025024523,0.54688889867839685,0.47843061324018232,3,0,1,0,3.0892450845804271,0.10983909958404908,0.78252574640231098,-2.9115961554338754,-2.0186598636342064,0.25157617157262485,-0.00071221892645457715,0.05519696680022973,0.089383475270049431,0,0,0,-0.11946894280631364,13.89822034646782,-19.502662492194762,1.7502389416072222,5.2538802695453226,0.037934153570724355,4.5092733817906586e-16,14.267532385792359,-19.538182597756425,1.8882101174360313,5.1883966157858605,-0.093749093055504829,-0.14501465072716213,14.201296025632084,-19.609689377972465,1.8882101174360313,5.1883966157858605,-0.093749093055504829,1,1.8307835762794629,1.7616246212198707,1,1,1
1785225148.0007792,2,1,0.87812536025024523,0.54688889867839685,0.47843061324018232,3,0,1,0,3.0892128102321674,0.11091981562798955,0.78433928000086017,-2.9115966300566436,-2.0186627113708173,0.25157617157262485,-0.0024927662425910197,0.05484085733700244,0.090807913122958578,0,0,0,0,14.057512270209571,-20.04119755115083,1.9425728912343896,5.1843343213323276,-0.063223589284540582,5.2679157663926158e-16,14.226412656343243,-19.546292809866529,1.8899431459750713,5.1832330703060103,-0.094142921113130565,-0.14182634854843162,14.16060362753884,-19.618939140364894,1.8899431459750713,5.1832330703060103,-0.094142921113130579,1,1.8307835762794629,1.7616246212198707,1,1,1
1785225148.0207791,2,1,0.87812536025024523,0.54688889867839685,0.47843061324018232,3,0,1,0,3.0891530077633327,0.11205985951799614,0.78607165310599092,-2.9115966300566436,-2.018660338256975,0.25157617157262485,-0.0035610946322728858,0.058401951969275327,0.088315146880367568,0,-0.00035610946322728857,0,-0.11946894280631364,14.216804193951322,-19.579596072045629,2.1349068408615568,5.3550380124005876,-0.10115774285526494,3.4986187215310363e-16,14.180975378229661,-19.552874258169101,1.8913466185692203,5.1790899145235629,-0.094460364796342025,-0.13971117794179891,14.11089303586653,-19.623526375673396,1.8913466185692203,5.1791540142269437,-0.094460364796342039,1,1.8307835762794629,1.7616246212198707,1,1,1
1785225148.0407791,2,1,0.87812536025024523,0.54688889867839685,0.47843061324018232,3,0,1,0,3.0890765934975994,0.11324878955316123,0.78792837737647625,-2.9115961554338754,-2.0186612875025118,0.25157617157262485,-0.0035610946322728858,0.063387484454457368,0.092232350975867738,0,0,0,-0.11946894280631364,13.738928422726067,-19.502662492194762,2.1349068408615568,5.0831765784770635,-0.10115774285526494,5.5891108720929346e-16,14.134141968832427,-19.560257708555746,1.8929292711688785,5.174391757067017,-0.09481958701456239,-0.1393291066131325,14.058076987487079,-19.634043589336439,1.8929292711688785,5.174391757067017,-0.09481958701456239,1,1.8307835762794629,1.7616246212198707,1,1,1
1785225148.0607793,2,1,0.87812536025024523,0.54688889867839685,0.47843061324018232,3,0,1,0,3.0890001792318662,0.11460763453945969,0.78970821275845993,-2.9115961554338754,-2.0186612875025118,0.25157617157262485,-0.0042733135587274627,0.066236360160275676,0.090451803659731295,0.00035610946322728857,-0.00035610946322728857,0,0.47787577122525454,13.89822034646782,-19.675763046859213,1.846405916420806,5.1843343213323276,-0.20231548571052987,3.9325474753738709e-16,14.076665968117846,-19.564913270857836,1.8939252495853671,5.1714328096974871,-0.095045586769227211,-0.13773626310949369,13.997182335925515,-19.637274713785622,1.8938006112732375,5.1714969094008678,-0.095045586769227225,1,1.8307835762794629,1.7616246212198707,1,1,1
1785225148.0807793,2,1,0.87812536025024523,0.54688889867839685,0.47843061324018232,3,0,1,0,3.0889081024147718,0.11588342054126556,0.79169783140413341,-2.9115966300566436,-2.0186598636342064,0.25157664619539338,-0.0053416419484093288,0.067660798013184822,0.10113508755654996,0,0,0.00035610946322728857,-0.43805279028981664,14.057512270209571,-20.04119755115083,1.7502389416072222,5.0831765784770635,-0.23392728035280017,1.4771180837941672e-16,14.026402496021785,-19.572811664506432,1.8956109932925531,5.1664233685733407,-0.095428301614615282,-0.13545972076156254,13.945209538405964,-19.653719734551672,1.8956109932925531,5.1664233685733407,-0.095492401317996176,1,1.8307835762794629,1.7616246212198707,1,1,1
1785225148.1007793,2,1,0.87812536025024523,0.54688889867839685,0.47843061324018232,3,0,1,0,3.0887832766266485,0.11731820517052864,0.79378664620842943,-2.9115966300566436,-2.0186617621252805,0.25157617157262485,-0.006409970338091194,0.072646330498366871,0.1093256052107776,-0.00035610946322728857,0,0,-0.43805279028981664,13.579636498984316,-19.579596072045629,1.7502389416072222,5.0831765784770635,0,3.648032520218958e-16,13.968128314345289,-19.580014062418734,1.8971565992781616,5.1618089616621443,-0.095779475477843545,-0.13301943355848697,13.880952717747249,-19.667474546587357,1.8972812375902912,5.1618089616621443,-0.095779475477843545,1,1.8307835762794629,1.7616246212198707,1,1,1
1785225148.1207793,2,1,0.87812536025024523,0.54688889867839685,0.47843061324018232,3,0,1,0,3.0886617731979054,0.1188032998132558,0.79602876416696022,-2.9115966300566436,-2.018663185993586,0.25157664619539338,-0.006409970338091194,0.079056300836458065,0.10825727682109572,-0.00035610946322728857,0,0.00071221892645457715,0.47787577122525454,13.738928422726067,-19.502662492194762,1.846405916420806,5.1527225266900576,-0.10115774285526494,1.1156544405361663e-16,13.908740836155863,-19.588346603964148,1.8989438935860186,5.1564707704144652,-0.096186447065622155,-0.13241191641477137,13.813873275152114,-19.674952425421026,1.8990685318981482,5.1564707704144652,-0.096314646472383983,1,1.8307835762794629,1.7616246212198707,1,1,1
1785225148.1407793,2,1,0.87812536025024523,0.54688889867839685,0.47843061324018232,3,0,1,0,3.0885364727870135,0.12036480872171612,0.79811093425249691,-2.9115966300566436,-2.0186622367480491,0.25157664619539338,-0.006409970338091194,0.073714658888048734,0.11003782413723216,0,0.00035610946322728857,0,0,14.057512270209571,-19.771930021672798,2.3080073955260074,5.1843343213323276,-0.26553907499507046,4.4038535330674906e-16,13.843147214772733,-19.594085266620358,1.9001734290031096,5.1528108985749013,-0.096465580237902956,-0.13178541436031169,13.754689624107074,-19.682115525930143,1.9001734290031096,5.1527467988715205,-0.096465580237902943,1,1.8307835762794629,1.7616246212198707,1,1,1
1785225148.1607792,2,1,0.87812536025024523,0.54688889867839685,0.47843061324018232,3,0,1,0,3.0884026291662883,0.12180718731527568,0.80037346099007445,-2.9115971046794122,-2.0186608128797432,0.25157664619539338,-0.0078344081910003485,0.076207425130639758,0.11075004306368674,-0.00035610946322728857,-0.00035610946322728857,0,0,14.216804193951322,-19.406495517381178,1.9425728912343896,5.0199529891925225,-0.16438133213980552,2.0368039346679091e-16,13.78647190965081,-19.603115036305951,1.9021068225550999,5.1470423769182077,-0.096904803661604505,-0.12869465190674029,13.695022999494043,-19.691715070756899,1.9022314608672295,5.1471064766215884,-0.096904803661604505,1,1.8307835762794629,1.7616246212198707,1,1,1
1785225148.1807792,2,1,0.87812536025024523,0.54688889867839685,0.47843061324018232,3,0,1,0,3.0882222725142472,0.12343656727963563,0.8025372661917981,-2.9115966300566436,-2.018663185993586,0.25157664619539338,-0.0092588460439095022,0.081192957615821792,0.1121744809165959,0,0.00035610946322728857,0.00035610946322728857,-0.59734471403156819,13.420344575242565,-19.406495517381178,2.1349068408615568,5.1843343213323276,-0.16438133213980552,5.6136983819010214e-16,13.717911803993395,-19.608965059150954,1.9033687497406206,5.1432589220573464,-0.097192552454853018,-0.12537132429658898,13.620480254854408,-19.698704643884231,1.9033687497406206,5.1431948223539656,-0.097256652158233911,1,1.8307835762794629,1.7616246212198707,1,1,1
1785225148.2007792,2,1,0.87812536025024523,0.54688889867839685,0.47843061324018232,3,0,1,0,3.0880533068086509,0.12505313242924532,0.80494597674208257,-2.9115966300566436,-2.018660338256975,0.25157617157262485,-0.0081905176542276369,0.083329614395185519,0.11965277964436896,0,0,0,0.47787577122525454,13.738928422726067,-19.579596072045629,2.038739866047973,5.0199529891925225,-0.13276953749753523,3.6022414908606683e-16,13.652945749305109,-19.617675320241922,1.9052373191243348,5.1376921799945814,-0.097616380878913667,-0.12634265403106676,13.552950212030886,-19.713397543957417,1.9052373191243348,5.1376921799945814,-0.097616380878913667,1,1.8307835762794629,1.7616246212198707,1,1,1
1785225148.2207792,2,1,0.87812536025024523,0.54688889867839685,0.47843061324018232,3,0,1,0,3.0878843411030545,0.12676841911470904,0.80735800965174687,-2.9115966300566436,-2.0186612875025118,0.25157617157262485,-0.0085466271174549253,0.0840418333216401,0.12321387427664185,0,0,-0.00035610946322728857,0.47787577122525454,13.261052651500814,-19.579596072045629,1.846405916420806,5.1527225266900576,0.107480101783719,2.3538336509953805e-16,13.582338485625492,-19.625300942728828,1.9068783112026777,5.1327692488639327,-0.097990305002491188,-0.12489243941559884,13.481488285639523,-19.723872042150141,1.9068783112026777,5.1327692488639327,-0.097926205299110294,1,1.8307835762794629,1.7616246212198707,1,1,1
1785225148.2407792,2,1,0.87812536025024523,0.54688889867839685,0.47843061324018232,3,0,1,0,3.0877006620916339,0.12839590058799488,0.80984788069544988,-2.9115966300566436,-2.0186636606163546,0.25157664619539338,-0.010327174433591369,0.0840418333216401,0.11359891876950505,0,0,0,-0.59734471403156819,13.89822034646782,-19.675763046859213,2.1349068408615568,5.1211107320477876,-0.10115774285526494,4.1021979712021837e-16,13.517645217670328,-19.634717688286301,1.908907331149917,5.1266642614121993,-0.098453715844359677,-0.12094711392106328,13.416795017684359,-19.725596823301906,1.908907331149917,5.1266642614121993,-0.098453715844359663,1,1.8307835762794629,1.7616246212198707,1,1,1
1785225148.2607791,2,1,0.87812536025024523,0.54688889867839685,0.47843061324018232,3,0,1,0,3.087466673066749,0.13010216944085654,0.81208240468968429,-2.9115961554338754,-2.0186627113708173,0.25157664619539338,-0.011751612286500523,0.080480738689367212,0.11466724715918691,0.00035610946322728857,0.00035610946322728857,0,0.79645961870875759,13.261052651500814,-19.945030576337246,1.9425728912343896,4.9820188356217985,-0.30347322856579484,5.2643877040686266e-16,13.445550276590403,-19.640495187918884,1.9101529118179195,5.1229396036896002,-0.09873715087025918,-0.11735562444669358,13.348973390163163,-19.732228985646234,1.9100282735057899,5.1228755039862195,-0.098737150870259166,1,1.8307835762794629,1.7616246212198707,1,1,1
1785225148.2807791,2,1,0.87812536025024523,0.54688889867839685,0.47843061324018232,3,0,1,0,3.0872488212159945,0.13170544515294741,0.81439951304564273,-2.9115956808111068,-2.0186627113708173,0.25157664619539338,-0.011039393360045946,0.085110161711321963,0.10861338628432302,0.00035610946322728857,-0.00071221892645457715,0,-0.11946894280631364,13.420344575242565,-19.945030576337246,1.846405916420806,5.0199529891925225,0.069545948212994646,7.8529385080813749e-16,13.380294138427203,-19.648284611682172,1.9118340042650297,5.1178951995457211,-0.099120295840531641,-0.1174771373678935,13.278161944373617,-19.735175320709629,1.9117093659529001,5.1180233989524826,-0.099120295840531641,1,1.8307835762794629,1.7616246212198707,1,1,1
1785225148.3007793,2,1,0.87812536025024523,0.54688889867839685,0.47843061324018232,3,0,1,0,3.0870285962513968,0.13350046846352398,0.81649924417361486,-2.9115956808111068,-2.0186641352391232,0.25157617157262485,-0.010683283896818658,0.088315146880367568,0.11324280930627777,0,0.00035610946322728857,0,-1.0752204852568228,12.783176880275558,-19.406495517381178,2.2118404207124236,5.0831765784770635,0.037934153570724355,-4.298943795437365e-17,13.301590975151928,-19.651596273804586,1.9125501947643273,5.1157310131500049,-0.099283654018227516,-0.1169813986323921,13.195612798895487,-19.742190521249608,1.9125501947643273,5.1156669134466242,-0.099283654018227502,1,1.8307835762794629,1.7616246212198707,1,1,1
1785225148.3207793,2,1,0.87812536025024523,0.54688889867839685,0.47843061324018232,3,0,1,0,3.0868135921372533,0.13517541221366272,0.81893880520385376,-2.9115961554338754,-2.0186560666520581,0.25157664619539338,-0.011395502823273234,0.085110161711321963,0.12321387427664185,-0.00035610946322728857,0,0,0,13.420344575242565,-19.868096996486379,2.038739866047973,5.0831765784770635,-0.10115774285526494,1.536930509956676e-16,13.23371656404851,-19.659987900979864,1.9143466757727237,5.1103797655714276,-0.099691311469620555,-0.11469560588670137,13.131584369994924,-19.758559000401178,1.9144713140848533,5.1103797655714276,-0.099691311469620542,1,1.8307835762794629,1.7616246212198707,1,1,1
1785225148.3407793,2,1,0.87812536025024523,0.54688889867839685,0.47843061324018232,3,0,1,0,3.0865715345253038,0.13698562345283224,0.82130242659112807,-2.9115961554338754,-2.0186660337301974,0.25157617157262485,-0.012107721749727811,0.091876241512640455,0.12250165535018727,-0.00035610946322728857,-0.00035610946322728857,-0.00035610946322728857,-0.27876086654806514,12.942468804017309,-19.406495517381178,1.9425728912343896,5.0831765784770635,-0.13276953749753523,2.6302002511083247e-16,13.157117973025482,-19.66593457064852,1.9156434105110203,5.1063943525006952,-0.099990136655251333,-0.11227454565198093,13.046866483210314,-19.763935894928672,1.9157680488231499,5.1064584522040759,-0.099926036951870426,1,1.8307835762794629,1.7616246212198707,1,1,1
1785225148.3607793,2,1,0.87812536025024523,0.54688889867839685,0.47843061324018232,3,0,1,0,3.0863408678597986,0.13882715979472465,0.82380748556342398,-2.9115952061883381,-2.018660338256975,0.25157617157262485,-0.011039393360045946,0.095437336144913329,0.12499442159277829,0.00035610946322728857,0.00035610946322728857,0,0,12.942468804017309,-19.675763046859213,2.038739866047973,4.9504070409795276,0.069545948212994646,4.5468514475766014e-16,13.080468762810174,-19.673186379132069,1.9172075303457676,5.101737584111449,-0.10034513263219731,-0.11293737058691394,12.965943959436277,-19.773181916406291,1.917082892033638,5.1016734844080682,-0.10034513263219733,1,1.8307835762794629,1.7616246212198707,1,1,1
1785225148.3807793,2,1,0.87812536025024523,0.54688889867839685,0.47843061324018232,3,0,1,0,3.0861329830871829,0.14074083879743346,0.8262366048927553,-2.9115952061883381,-2.0186593890114377,0.25157664619539338,-0.0096149555071367906,0.089739584733276714,0.124638312129551,0.00035610946322728857,-0.00035610946322728857,0,-0.43805279028981664,12.783176880275558,-20.137364525964415,1.9425728912343896,5.1527225266900576,0,4.173203845392989e-16,12.998819018719084,-19.678790200247633,1.9184166520748067,5.0980941542785034,-0.10062140677101244,-0.11431949107378109,12.891131517039152,-19.778500849951275,1.9182920137626771,5.0981582539818842,-0.10062140677101244,1,1.8307835762794629,1.7616246212198707,1,1,1
1785225148.4007792,2,1,0.87812536025024523,0.54688889867839685,0.47843061324018232,3,0,1,0,3.0859369638837801,0.14247985662132362,0.82872600131368979,-2.9115956808111068,-2.0186650844846601,0.25157617157262485,-0.010327174433591369,0.090451803659731295,0.11894056071791438,-0.00035610946322728857,0,0,0.31858384748350305,12.942468804017309,-19.406495517381178,1.5771383869427718,5.0515647838347926,0.037934153570724355,3.5680661308269274e-16,12.927788761555238,-19.686886640485639,1.9201723854453878,5.0927376823974821,-0.10102411644548691,-0.11212862288179476,12.819246597163561,-19.782039089059971,1.9202970237575174,5.0927376823974821,-0.10102411644548689,1,1.8307835762794629,1.7616246212198707,1,1,1
1785225148.4207792,2,1,0.87812536025024523,0.54688889867839685,0.47843061324018232,3,0,1,0,3.0857129419370346,0.14441489364861626,0.83104310966964823,-2.9115947315655695,-2.0186584397659009,0.25157617157262485,-0.010683283896818658,0.097217883461049773,0.1182283417914598,0.00035610946322728857,0.00035610946322728857,0,0,12.464593032792056,-19.214161567754012,2.2118404207124236,5.1211107320477876,-0.13276953749753523,4.8433693863828828e-16,12.843723512984207,-19.691073207657553,1.921074844153225,5.0900764260121543,-0.1012279649341731,-0.11040312706058053,12.727062052830947,-19.785655881090722,1.9209502058410954,5.0900123263087735,-0.1012279649341731,1,1.8307835762794629,1.7616246212198707,1,1,1
1785225148.4407792,2,1,0.87812536025024523,0.54688889867839685,0.47843061324018232,3,0,1,0,3.0854960393318169,0.14634186208884389,0.83351067344323038,-2.9115952061883381,-2.018660338256975,0.25157617157262485,-0.011039393360045946,0.097930102387504353,0.12143332696050541,0,0,0,0,12.464593032792056,-19.675763046859213,1.7502389416072222,5.0199529891925225,0.13909189642598929,2.3879026697452159e-16,12.761784432831519,-19.696912407849481,1.9223383662761484,5.0862300873258643,-0.10151757496208112,-0.10871322794700605,12.644268309966513,-19.794059069417887,1.9223383662761484,5.0862300873258643,-0.10151757496208111,1,1.8307835762794629,1.7616246212198707,1,1,1
1785225148.4607792,2,1,0.87812536025024523,0.54688889867839685,0.47843061324018232,3,0,1,0,3.0852710681395341,0.14831391969208177,0.83591084078368139,-2.9115952061883381,-2.0186598636342064,0.25157617157262485,-0.011039393360045946,0.094012898292004182,0.12321387427664185,0,0.00035610946322728857,0,-0.11946894280631364,12.146009185308552,-19.579596072045629,2.038739866047973,5.0831765784770635,-0.031611794642270291,3.2138666396295832e-16,12.676548589400394,-19.701546320335513,1.9233411103841238,5.0831969929439804,-0.10174674234271611,-0.10758837198559185,12.563733111449988,-19.800117419756827,1.9233411103841238,5.0831328932405997,-0.10174674234271611,1,1.8307835762794629,1.7616246212198707,1,1,1
1785225148.4807792,2,1,0.87812536025024523,0.54688889867839685,0.47843061324018232,3,0,1,0,3.0850522670432423,0.15014359046476095,0.8383565719099112,-2.9115952061883381,-2.0186593890114377,0.25157617157262485,-0.011751612286500523,0.094369007755231465,0.11431113769595963,-0.00035610946322728857,-0.00035610946322728857,-0.00035610946322728857,-0.27876086654806514,11.986717261566801,-19.675763046859213,1.9425728912343896,5.0515647838347926,0.17070369106825958,3.9459682378929811e-16,12.599962558588807,-19.708206797001488,1.9247834536202828,5.0788292094969076,-0.10207655180032832,-0.10528359432916003,12.486719749282528,-19.799655707158255,1.9249080919324124,5.0788933092002884,-0.10201245209694741,1,1.8307835762794629,1.7616246212198707,1,1,1
1785225148.5007792,2,1,0.87812536025024523,0.54688889867839685,0.47843061324018232,3,0,1,0,3.0847992931076162,0.15208859457019269,0.84055739768757998,-2.9115947315655695,-2.0186612875025118,0.25157617157262485,-0.013176050139409676,0.094012898292004182,0.11395502823273235,0.00035610946322728857,0.00035610946322728857,0,-0.27876086654806514,12.623884956533807,-20.04119755115083,1.7502389416072222,4.9504070409795276,-0.13276953749753523,2.9799154933411073e-16,12.514038221791143,-19.710953283759189,1.9253838037874145,5.0770003801914498,-0.10221447446422216,-0.10159718030108424,12.401222743840737,-19.802117306345373,1.9252591654752849,5.0769362804880691,-0.10221447446422216,1,1.8307835762794629,1.7616246212198707,1,1,1
1785225148.5207791,2,1,0.87812536025024523,0.54688889867839685,0.47843061324018232,3,0,1,0,3.0845482176630648,0.15384232569990725,0.84290820426010404,-2.9115947315655695,-2.0186584397659009,0.25157617157262485,-0.012819940676182388,0.089027365806822148,0.11751612286500522,0.00035610946322728857,0,0,0,12.305301109050305,-20.137364525964415,2.2118404207124236,4.9187952463372575,-0.30347322856579484,1.4429192358479471e-17,12.440758701450628,-19.717416413452955,1.9267815121255643,5.072781311456958,-0.102533450621104,-0.10094718916581343,12.333925862482442,-19.811429311744959,1.9266568738134346,5.072781311456958,-0.102533450621104,1,1.8307835762794629,1.7616246212198707,1,1,1
1785225148.5407791,2,1,0.87812536025024523,0.54688889867839685,0.47843061324018232,3,0,1,0,3.0843028376917352,0.15564304448370617,0.84521866789730304,-2.9115952061883381,-2.018660338256975,0.25157617157262485,-0.011039393360045946,0.089739584733276714,0.11466724715918691,-0.00035610946322728857,-0.00035610946322728857,0,0,11.986717261566801,-19.502662492194762,2.038739866047973,4.9820188356217985,0,3.9515543494455923e-16,12.364330711621239,-19.722897530965874,1.9279703711506309,5.0691474123689542,-0.10280640911068437,-0.10274721974659717,12.256643209941307,-19.814631328693224,1.9280950094627605,5.0692115120723349,-0.10280640911068437,1,1.8307835762794629,1.7616246212198707,1,1,1
1785225148.5607793,2,1,0.87812536025024523,0.54688889867839685,0.47843061324018232,3,0,1,0,3.0840954275418877,0.15743142307552335,0.84746363359244514,-2.9115947315655695,-2.0186627113708173,0.25157617157262485,-0.010327174433591369,0.091876241512640455,0.11146226199014132,0,0.00035610946322728857,0,-0.27876086654806514,12.305301109050305,-20.329698475591581,1.9425728912343896,5.2918144231160467,-0.063223589284540582,2.6418934968607599e-16,12.287878159391589,-19.727795075333106,1.9290391405562319,5.0658869265593784,-0.10305190688484249,-0.10292094117233264,12.177626669576421,-19.81696488492522,1.9290391405562319,5.0658228268559977,-0.10305190688484248,1,1.8307835762794629,1.7616246212198707,1,1,1
1785225148.5807793,2,1,0.87812536025024523,0.54688889867839685,0.47843061324018232,3,0,1,0,3.083884695032661,0.15923736270977609,0.84966540861565099,-2.9115947315655695,-2.0186527442926785,0.25157617157262485,-0.010683283896818658,0.082973504931958236,0.11644779447532336,0,0,0,0.15929192374175152,12.623884956533807,-19.502662492194762,1.7502389416072222,4.9187952463372575,0.069545948212994646,3.5457424376231307e-16,12.210054483739508,-19.732129372087076,1.9299673260556633,5.0631436013239837,-0.10326121639635365,-0.10126189253871293,12.110486277821158,-19.825287607667335,1.9299673260556633,5.0631436013239837,-0.10326121639635363,1,1.8307835762794629,1.7616246212198707,1,1,1
1785225148.6007793,2,1,0.87812536025024523,0.54688889867839685,0.47843061324018232,3,0,1,0,3.0836502313850076,0.16080646558253286,0.85205703274626854,-2.9115947315655695,-2.0186589143886691,0.25157617157262485,-0.013176050139409676,0.080124629226139929,0.11502335662241421,0,-0.00071221892645457715,0,0,12.305301109050305,-19.502662492194762,2.038739866047973,5.1527225266900576,-0.16438133213980552,1.9505053139585125e-16,12.14772568608943,-19.740923652424208,1.9318861566113144,5.0572520949803801,-0.10370307821988931,-0.09585187168804106,12.051576131018063,-19.832942337722137,1.9318861566113144,5.0573802943871415,-0.10370307821988931,1,1.8307835762794629,1.7616246212198707,1,1,1
1785225148.6207793,2,1,0.87812536025024523,0.54688889867839685,0.47843061324018232,3,0,1,0,3.0833754248020293,0.16247903621882898,0.85436797100623607,-2.9115937823200326,-2.0186565412748267,0.25157522232708779,-0.013176050139409676,0.083685723858412817,0.12321387427664185,0.00035610946322728857,0.00035610946322728857,0,-0.27876086654806514,11.82742533782505,-19.117994592940427,2.1349068408615568,4.9820188356217985,0.13909189642598929,5.1513474217419037e-16,12.078679335065953,-19.747790548354175,1.9333825832148444,5.0527275943463126,-0.10404433794681284,-0.094477838773149317,11.978256466435857,-19.846361647775488,1.9332579449027147,5.0526634946429319,-0.10404433794681284,1,1.8307835762794629,1.7616246212198707,1,1,1
1785225148.6407793,2,1,0.87812536025024523,0.54688889867839685,0.47843061324018232,3,0,1,0,3.0831366895494594,0.16410414457827216,0.85700924671309975,-2.911593307697264,-2.0186536935382153,0.25157569694985632,-0.012107721749727811,0.081905176542276373,0.13140439193086947,0,-0.00035610946322728857,0,-0.11946894280631364,11.986717261566801,-19.868096996486379,2.3080073955260074,5.0831765784770635,-0.031611794642270291,2.2640444251383931e-16,12.016051293172927,-19.758702070110502,1.9357556125173883,5.0455148170328856,-0.10458814444052129,-0.095100320772759275,11.917765081322194,-19.863825583655199,1.9357556125173883,5.0455789167362664,-0.10458814444052131,1,1.8307835762794629,1.7616246212198707,1,1,1
1785225148.6607792,2,1,0.87812536025024523,0.54688889867839685,0.47843061324018232,3,0,1,0,3.0828561874932587,0.16566992509164927,0.85964862392888941,-2.9115942569428013,-2.0186598636342064,0.25157569694985632,-0.015668816382000697,0.073358549424821451,0.13674603387927881,-0.00035610946322728857,0.00071221892645457715,0,-0.43805279028981664,11.82742533782505,-19.945030576337246,1.846405916420806,5.0515647838347926,-0.031611794642270291,4.8863987847788451e-16,11.956703124951432,-19.770143009512406,1.9382506025782753,5.0378236221306487,-0.1051632096373712,-0.087643949616891731,11.868672865641646,-19.87953983661583,1.9383752408904049,5.0376954227238873,-0.10516320963737122,1,1.8307835762794629,1.7616246212198707,1,1,1
1785225148.6807792,2,1,0.87812536025024523,0.54688889867839685,0.47843061324018232,3,0,1,0,3.082522527686983,0.16706199367174474,0.86247357864717389,-2.911593307697264,-2.0186560666520581,0.25157569694985632,-0.018517692087819004,0.07122189264545771,0.13532159602636964,0.00035610946322728857,0.00035610946322728857,0.00035610946322728857,0.47787577122525454,11.82742533782505,-19.868096996486379,1.846405916420806,5.0831765784770635,-0.10115774285526494,8.5494327885844424e-17,11.909342714472174,-19.785461992208575,1.9415924547424894,5.0276347795581948,-0.10592954148436534,-0.081132561885622234,11.823876443297625,-19.89371926902967,1.9414678164303598,5.0275706798548141,-0.10599364118774625,1,1.8307835762794629,1.7616246212198707,1,1,1
1785225148.7007792,2,1,0.87812536025024523,0.54688889867839685,0.47843061324018232,3,0,1,0,3.0821532711730675,0.16852098406220281,0.86508875010176856,-2.911593307697264,-2.0186579651431322,0.25157569694985632,-0.017093254234909851,0.069441345329321266,0.13710214334250609,0,0,0.00035610946322728857,0.31858384748350305,11.668133414083298,-19.310328542567596,1.846405916420806,5.0199529891925225,0,3.20921123595635e-16,11.855787434213191,-19.79775814268563,1.9442804633897495,5.019370809100872,-0.10654828042820368,-0.08170782366599004,11.772457819818005,-19.907439857359634,1.9442804633897495,5.019370809100872,-0.10661238013158457,1,1.8307835762794629,1.7616246212198707,1,1,1
1785225148.7207792,2,1,0.87812536025024523,0.54688889867839685,0.47843061324018232,3,0,1,0,3.0818148651391062,0.16979012534524926,0.86804517532693548,-2.9115937823200326,-2.0186555920292895,0.25157569694985632,-0.017805473161364428,0.063031374991230071,0.1527709597245068,0,0,0,0,11.82742533782505,-19.868096996486379,2.038739866047973,5.0831765784770635,-0.10115774285526494,4.268944426084494e-16,11.816797690050139,-19.815695873551881,1.9481979367753486,5.0073347413327696,-0.10744920584875392,-0.078805021321210686,11.741160040060663,-19.937912641331486,1.9481979367753486,5.0073347413327696,-0.10744920584875392,1,1.8307835762794629,1.7616246212198707,1,1,1
1785225148.7407792,2,1,0.87812536025024523,0.54688889867839685,0.47843061324018232,3,0,1,0,3.0814081134264768,0.17106780983812928,0.8710196362173066,-2.9115937823200326,-2.0186560666520581,0.25157569694985632,-0.021366567793637315,0.061963046601548208,0.15312706918773408,0,-0.00035610946322728857,0.00035610946322728857,0.31858384748350305,11.230080623793482,-20.04119755115083,1.846405916420806,5.0515647838347926,0.037934153570724355,3.1756745295448433e-16,11.777456641332295,-19.833655177693366,1.9521333203072984,4.9951965865872818,-0.10835609122322337,-0.070717401883199971,11.703100985410437,-19.956156833043554,1.9521333203072984,4.9952606862906626,-0.10842019092660428,1,1.8307835762794629,1.7616246212198707,1,1,1
1785225148.7607791,2,1,0.87812536025024523,0.54688889867839685,0.47843061324018232,3,0,1,0,3.0809913946357086,0.17227050393358168,0.87413933167484748,-2.9115937823200326,-2.0186593890114377,0.25157569694985632,-0.021366567793637315,0.060182499285411771,0.1527709597245068,0,0.00035610946322728857,0,0,11.986717261566801,-20.329698475591581,2.1349068408615568,4.9820188356217985,-0.50578871427632466,3.432465135366607e-16,11.743890828419477,-19.853856248732583,1.9565717788493306,4.9814460148348125,-0.10938103367247967,-0.068633807929358914,11.671671829276983,-19.976073016512188,1.9565717788493306,4.9813819151314318,-0.10938103367247967,1,1.8307835762794629,1.7616246212198707,1,1,1
1785225148.7807791,2,1,0.87812536025024523,0.54688889867839685,0.47843061324018232,3,0,1,0,3.0805362314006892,0.17341292093743094,0.87719495305863704,-2.9115937823200326,-2.0186513204243726,0.25157569694985632,-0.023503224573001046,0.052704200557638706,0.15490761650387053,0,0,0,-1.0752204852568228,11.82742533782505,-19.868096996486379,1.6733053617563554,4.9504070409795276,-0.063223589284540582,2.1080433314855149e-16,11.713049661606339,-19.874031700430692,1.9609981661686966,4.9677849429925711,-0.11040058307454702,-0.062725675229343816,11.649804620937173,-19.997957793633788,1.9609981661686966,4.9677849429925711,-0.110400583074547,1,1.8307835762794629,1.7616246212198707,1,1,1
1785225148.8007793,2,1,0.87812536025024523,0.54688889867839685,0.47843061324018232,3,0,1,0,3.0800606593866231,0.17440962875134178,0.88055480763705363,-2.9115947315655695,-2.0186584397659009,0.25157522232708779,-0.025639881352364776,0.051279762704729552,0.1741375275181441,-0.00035610946322728857,0,0,0,10.911496776309978,-20.598966005069617,2.038739866047973,4.9187952463372575,-0.16438133213980552,5.8116279055965949e-16,11.693585853781038,-19.898725193735839,1.9664453785887632,4.9507646356525878,-0.11166255652976184,-0.056715498634094558,11.632050138535362,-20.038035215750355,1.9665700169008928,4.9507646356525878,-0.11166255652976184,1,1.8307835762794629,1.7616246212198707,1,1,1
1785225148.8207793,2,1,0.87812536025024523,0.54688889867839685,0.47843061324018232,3,0,1,0,3.0795091477295924,0.17549034479528225,0.8839644976061658,-2.9115947315655695,-2.0186536935382153,0.25157617157262485,-0.027776538131728506,0.053772528947320576,0.17342530859168953,0,0,0.00071221892645457715,-0.43805279028981664,11.508841490341547,-20.137364525964415,2.1349068408615568,4.9504070409795276,0.069545948212994646,3.2894539549985421e-16,11.669913595906912,-19.923041496946055,1.9718105375920525,4.9340474517323623,-0.11290448029674549,-0.050325623824022878,11.605386561170128,-20.061781743819406,1.9718105375920525,4.9340474517323623,-0.11303267970350732,1,1.8307835762794629,1.7616246212198707,1,1,1
1785225148.8407793,2,1,0.87812536025024523,0.54688889867839685,0.47843061324018232,3,0,1,0,3.0789998774989606,0.17652454780790688,0.8875858693300418,-2.9115947315655695,-2.0186551174065208,0.25157569694985632,-0.024571552962682913,0.050567543778274979,0.18019138839300802,0,0.00035610946322728857,0,0.15929192374175152,11.508841490341547,-20.04119755115083,2.038739866047973,5.0515647838347926,-0.3350850232080651,1.6991797905943153e-16,11.651009237455378,-19.949876286185653,1.9777571441875053,4.9153976914264641,-0.11428406854740528,-0.053227747458241846,11.590328184921448,-20.094029396900059,1.9777571441875053,4.9153335917230834,-0.11428406854740528,1,1.8307835762794629,1.7616246212198707,1,1,1
1785225148.8607793,2,1,0.87812536025024523,0.54688889867839685,0.47843061324018232,3,0,1,0,3.078522881616589,0.17746430088959425,0.89118018755611172,-2.9115947315655695,-2.0186546427837526,0.25157569694985632,-0.022434896183319179,0.04202091666082005,0.18695746819432649,0,0,0.00035610946322728857,-0.11946894280631364,11.668133414083298,-20.406632055442447,2.3080073955260074,4.8492492981242625,-0.10115774285526494,7.2239167701053635e-16,11.637013863852655,-19.977287713613542,1.9838451015389982,4.8962417853788924,-0.11569862933945607,-0.054475084571301638,11.586588763859671,-20.126853688169003,1.9838451015389982,4.8962417853788924,-0.11576272904283698,1,1.8307835762794629,1.7616246212198707,1,1,1
1785225148.8807793,2,1,0.87812536025024523,0.54688889867839685,0.47843061324018232,3,0,1,0,3.0781194522633397,0.17831340102249257,0.89503554830487264,-2.9115947315655695,-2.0186546427837526,0.25157569694985632,-0.019942129940728158,0.045582011293092937,0.18980634390014481,0,0,0,0,11.230080623793482,-20.233531500777996,1.846405916420806,4.9187952463372575,-0.063223589284540582,4.1112805991421314e-16,11.63077526540342,-20.008158362081808,1.9907225788743417,4.874502493356073,-0.11729975884177207,-0.056695640417460058,11.576076851851708,-20.160003437201922,1.9907225788743417,4.874502493356073,-0.11729975884177207,1,1.8307835762794629,1.7616246212198707,1,1,1
1785225148.9017506,2,1,0.87812536025024523,0.54688889867839685,0.47843061324018232,3,0,1,0,3.077713175173479,0.17921423503716055,0.89888948518532785,-2.9115947315655695,-2.0186546427837526,0.25157522232708779,-0.019586020477500871,0.04166480719759276,0.18838190604723565,0,0,0,-0.11946894280631364,11.668133414083298,-20.329698475591581,2.038739866047973,4.6785456070560034,-0.13276953749753523,5.5694651644916346e-16,11.621440887012202,-20.038308554421796,1.997461393001196,4.8531045850866725,-0.11887122656134318,-0.055269641055642575,11.571443118375091,-20.189014079259586,1.997461393001196,4.8531045850866725,-0.11887122656134316,1,1.8307835762794629,1.7616246212198707,1,1,1
1785225148.9217505,2,1,0.87812536025024523,0.54688889867839685,0.47843061324018232,3,0,1,0,3.0773173397845257,0.17999404024585366,0.9027287087599587,-2.9115942569428013,-2.0186546427837526,0.25157522232708779,-0.018873801551046294,0.034898727396274282,0.18517692087819004,0.00035610946322728857,-0.00035610946322728857,-0.00035610946322728857,0.31858384748350305,11.508841490341547,-20.329698475591581,2.2118404207124236,4.8176375034819925,-0.16438133213980552,3.4047291948467716e-16,11.618562116819252,-20.069360610114696,2.0044264632617583,4.830891986142996,-0.12049897670463189,-0.054501236285849242,11.576683643943722,-20.21750214681725,2.0043018249496289,4.8309560858463767,-0.12043487700125098,1,1.8307835762794629,1.7616246212198707,1,1,1
1785225148.9417505,2,1,0.87812536025024523,0.54688889867839685,0.47843061324018232,3,0,1,0,3.0769518802527585,0.18065044353472923,0.90635530133428865,-2.9115947315655695,-2.0186536935382153,0.25157569694985632,-0.019229911014273581,0.032762070616910548,0.18909412497369024,0,0.00035610946322728857,0.00035610946322728857,0.31858384748350305,11.230080623793482,-20.04119755115083,1.9425728912343896,4.6469338124137334,0.037934153570724355,3.0199087266108598e-16,11.620173197899291,-20.099339265429712,2.0111653966615806,4.8092905800321653,-0.12207731543392412,-0.052068552539526629,11.580858713158998,-20.250614565408664,2.0111653966615806,4.8092264803287845,-0.12214141513730502,1,1.8307835762794629,1.7616246212198707,1,1,1
1785225148.9617505,2,1,0.87812536025024523,0.54688889867839685,0.47843061324018232,3,0,1,0,3.0765531971271938,0.18135668221430035,0.91010956743335281,-2.9115947315655695,-2.0186536935382153,0.25157522232708779,-0.019942129940728158,0.034898727396274282,0.17556196537105326,0,-0.00035610946322728857,-0.00035610946322728857,0,11.82742533782505,-20.502799030256032,2.038739866047973,4.9187952463372575,-0.20231548571052987,9.3992201333060112e-17,11.620151587326216,-20.129911617991819,2.0180656587592347,4.7870719053451625,-0.1236959984001509,-0.048864364736730614,11.578273114450687,-20.270361190288661,2.0180656587592347,4.7871360050485432,-0.12363189869677001,1,1.8307835762794629,1.7616246212198707,1,1,1
1785225148.9817505,2,1,0.87812536025024523,0.54688889867839685,0.47843061324018232,3,0,1,0,3.0761886868409638,0.1820273241862318,0.91361797893831898,-2.9115947315655695,-2.0186522696699098,0.25157522232708779,-0.017805473161364428,0.033118180080137838,0.18161582624591716,0,0.00035610946322728857,-0.00035610946322728857,0,12.305301109050305,-20.695132979883198,1.9425728912343896,4.6785456070560034,-0.10115774285526494,4.1086117110029414e-16,11.619380202223812,-20.158219819021348,2.0244731414488011,4.7663563070829937,-0.12520190583509189,-0.050674129830498842,11.579638386127646,-20.303512480018082,2.0244731414488011,4.766292207379613,-0.12513780613171097,1,1.8307835762794629,1.7616246212198707,1,1,1
1785225149.0017507,2,1,0.87812536025024523,0.54688889867839685,0.47843061324018232,3,0,1,0,3.075842686842706,0.18266094558221796,0.91732335889222461,-2.9115947315655695,-2.0186503711788357,0.25157522232708779,-0.016737144771682564,0.02991319491109224,0.18410859248850819,0,0,0,-0.11946894280631364,11.349549566599794,-19.771930021672798,1.846405916420806,4.8176375034819925,-0.30347322856579484,6.1709957344342921e-16,11.622559305222183,-20.18868379779267,2.0313907139447278,4.743891964483808,-0.12683075236829913,-0.050760288101668813,11.586663471328873,-20.335970671783478,2.0313907139447278,4.743891964483808,-0.12683075236829913,1,1.8307835762794629,1.7616246212198707,1,1,1
1785225149.0217507,2,1,0.87812536025024523,0.54688889867839685,0.47843061324018232,3,0,1,0,3.0755242149650233,0.18327225970808328,0.92087638493743251,-2.9115947315655695,-2.0186527442926785,0.25157569694985632,-0.016024925845227987,0.032405961153683258,0.17698640322396242,-0.00035610946322728857,-0.00035610946322728857,0.00035610946322728857,-0.11946894280631364,11.668133414083298,-20.137364525964415,1.9425728912343896,4.7797033499112684,-0.26553907499507046,1.2501468370303865e-17,11.625188418990662,-20.217648962110605,2.0379954950799992,4.7223065675835469,-0.12839092915122904,-0.050378700888228461,11.586301265606242,-20.359238084689775,2.0381201333921286,4.7223706672869277,-0.12845502885460997,1,1.8307835762794629,1.7616246212198707,1,1,1
1785225149.0417507,2,1,0.87812536025024523,0.54688889867839685,0.47843061324018232,3,0,1,0,3.0752014714824236,0.18398751622025644,0.92444507353400185,-2.9115942569428013,-2.0186503711788357,0.25157474770431926,-0.015312706918773409,0.034898727396274282,0.17342530859168953,0,0.00035610946322728857,-0.00035610946322728857,-0.43805279028981664,11.668133414083298,-20.137364525964415,1.9425728912343896,4.8492492981242625,-0.26553907499507046,1.3373294724650011e-16,11.622054386101244,-20.245613596119526,2.0443908346829911,4.7013635140826509,-0.12990156081623841,-0.04997575565020293,11.580175913225714,-20.384353842992876,2.0443908346829911,4.7012994143792701,-0.12983746111285749,1,1.8307835762794629,1.7616246212198707,1,1,1
1785225149.0617507,2,1,0.87812536025024523,0.54688889867839685,0.47843061324018232,3,0,1,0,3.0749100531025468,0.18463727479037262,0.92774892262573205,-2.9115942569428013,-2.018645150328382,0.25157522232708779,-0.015668816382000697,0.031693742227228684,0.17164476127555309,0,0,0.00035610946322728857,-0.91592856151507118,11.349549566599794,-20.502799030256032,2.038739866047973,4.6469338124137334,0.037934153570724355,3.8066644220525524e-17,11.619723825602783,-20.271503569266898,2.0503218098531932,4.6818713167401862,-0.13130533882123097,-0.047913277663332678,11.581691334930108,-20.40881937828734,2.0503218098531932,4.6818713167401862,-0.13136943852461189,1,1.8307835762794629,1.7616246212198707,1,1,1
1785225149.0817506,2,1,0.87812536025024523,0.54688889867839685,0.47843061324018232,3,0,1,0,3.0745673754636687,0.18528133788726642,0.9313451393428761,-2.9115942569428013,-2.018645150328382,0.25157474770431926,-0.017093254234909851,0.033118180080137838,0.17520585590782597,0,0,0,-0.59734471403156819,10.592912928826475,-20.502799030256032,2.2118404207124236,4.5457760695584684,-0.16438133213980552,4.2389844481581871e-16,11.620490441463762,-20.300089210876255,2.0569008326852369,4.6601089912854663,-0.13286657688350967,-0.043778345118995796,11.580748625367596,-20.440253895602517,2.0569008326852369,4.6601089912854663,-0.13286657688350967,1,1.8307835762794629,1.7616246212198707,1,1,1
1785225149.1017506,2,1,0.87812536025024523,0.54688889867839685,0.47843061324018232,3,0,1,0,3.0742313425435501,0.18599042430344873,0.93455216538982633,-2.9115942569428013,-2.0186489473105302,0.25157474770431926,-0.017093254234909851,0.038103712565319879,0.15704427328323425,0,0,0,-0.11946894280631364,11.508841490341547,-20.329698475591581,2.1349068408615568,4.6089996588430084,-0.031611794642270291,2.6045788364981381e-16,11.613523485767303,-20.324110383598075,2.0624518381852659,4.641635705518139,-0.13418796185164683,-0.042098180518403347,11.567799030688919,-20.449745802224662,2.0624518381852659,4.641635705518139,-0.13418796185164683,1,1.8307835762794629,1.7616246212198707,1,1,1
1785225149.1217506,2,1,0.87812536025024523,0.54688889867839685,0.47843061324018232,3,0,1,0,3.073925210857849,0.18671944487590922,0.93758785261733768,-2.9115937823200326,-2.0186427772145392,0.25157474770431926,-0.013176050139409676,0.032405961153683258,0.15704427328323425,0,0.00035610946322728857,-0.00035610946322728857,-0.11946894280631364,11.508841490341547,-20.502799030256032,2.1349068408615568,4.6785456070560034,-0.10115774285526494,3.5400123939836168e-16,11.603685849927388,-20.346255058720921,2.0675724124390218,4.6246219129729997,-0.1354053381878306,-0.04722676905224784,11.564798696542967,-20.471890477347507,2.0675724124390218,4.624557813269619,-0.13534123848444968,1,1.8307835762794629,1.7616246212198707,1,1,1
1785225149.1417506,2,1,0.87812536025024523,0.54688889867839685,0.47843061324018232,3,0,1,0,3.0736736607905288,0.18730607861781104,0.94077209677139861,-2.9115937823200326,-2.0186432518373079,0.25157474770431926,-0.013176050139409676,0.030269304374319527,0.15526372596709781,0.00035610946322728857,-0.00035610946322728857,-0.00035610946322728857,0,11.508841490341547,-20.502799030256032,2.3080073955260074,4.5773878642007384,-0.031611794642270291,6.5485542822714703e-16,11.603057274371061,-20.371007927093366,2.0733201352875255,4.6053784208596831,-0.13677682950720893,-0.045969018715646813,11.566734109121878,-20.495218907867045,2.0731954969753961,4.6054425205630638,-0.13671272980382801,1,1.8307835762794629,1.7616246212198707,1,1,1
1785225149.1617506,2,1,0.87812536025024523,0.54688889867839685,0.47843061324018232,3,0,1,0,3.073400278075856,0.18803367532196594,0.94380588550783573,-2.911593307697264,-2.0186427772145392,0.25157474770431926,-0.012819940676182388,0.040596478807910896,0.15953703952582526,0,0.00035610946322728857,0.00035610946322728857,-0.11946894280631364,11.508841490341547,-20.964400509361234,1.846405916420806,4.7480915552689984,-0.3350850232080651,5.7149258842538312e-16,11.593009502614517,-20.392875494304427,2.0784142149353348,4.5882744716262254,-0.13799392977815708,-0.045207491229769262,11.544293728045025,-20.520505125925087,2.0784142149353348,4.5882103719228446,-0.138058029481538,1,1.8307835762794629,1.7616246212198707,1,1,1
1785225149.1817505,2,1,0.87812536025024523,0.54688889867839685,0.47843061324018232,3,0,1,0,3.0731677129192767,0.18885097572937284,0.94688618727558882,-2.9115928330744953,-2.0186437264600765,0.25157474770431926,-0.010683283896818658,0.040952588271138186,0.14600487992318831,0,0,0,-0.43805279028981664,11.508841490341547,-20.137364525964415,1.9425728912343896,4.6785456070560034,-0.10115774285526494,2.7698287109630144e-16,11.578349067025229,-20.414217962828872,2.0834016888169313,4.5714567729655107,-0.13918790930901823,-0.047676981971791266,11.529205961099864,-20.531021866767421,2.0834016888169313,4.5714567729655107,-0.13918790930901823,1,1.8307835762794629,1.7616246212198707,1,1,1
1785225149.2017505,2,1,0.87812536025024523,0.54688889867839685,0.47843061324018232,3,0,1,0,3.0729897293810784,0.18952778779729515,0.94979087861898615,-2.9115923584517271,-2.018638980232391,0.25157474770431926,-0.0074782987277730601,0.027776538131728506,0.14742931777609747,0,0.00071221892645457715,0,-0.43805279028981664,11.668133414083298,-20.04119755115083,2.3080073955260074,4.6089996588430084,-0.031611794642270291,3.6678738004933326e-16,11.56965964826977,-20.435172755358597,2.0883034597557151,4.5549188724250236,-0.14036116056143549,-0.052235539068177114,11.536327802511696,-20.553116209579475,2.0883034597557151,4.5547906730182621,-0.14036116056143549,1,1.8307835762794629,1.7616246212198707,1,1,1
1785225149.2217505,2,1,0.87812536025024523,0.54688889867839685,0.47843061324018232,3,0,1,0,3.0728596827425014,0.19010065747890961,0.95265570164982705,-2.9115923584517271,-2.0186427772145392,0.25157474770431926,-0.006409970338091194,0.030981523300774104,0.1342532676366878,0,-0.00035610946322728857,-0.00035610946322728857,0,12.146009185308552,-20.868233534547649,2.3080073955260074,4.4446183267032033,-0.30347322856579484,9.0877119863567626e-16,11.566146260774131,-20.456558353751646,2.0933295702722603,4.5378179139772516,-0.14156923925902618,-0.053401464137750966,11.528968432813203,-20.563960967860996,2.0933295702722603,4.5378820136806324,-0.14150513955564525,1,1.8307835762794629,1.7616246212198707,1,1,1
1785225149.2417505,2,1,0.87812536025024523,0.54688889867839685,0.47843061324018232,3,0,1,0,3.072743400164212,0.19077889341513751,0.95528985801516275,-2.9115918838289585,-2.0186385056096223,0.25157474770431926,-0.0046294230219547511,0.033118180080137838,0.13888269065864253,0,0.00071221892645457715,0,0.15929192374175152,11.82742533782505,-20.233531500777996,2.038739866047973,4.5457760695584684,-0.031611794642270291,8.1289322634525741e-16,11.554535955856831,-20.474782317340004,2.0976154277460899,4.5232606964524527,-0.14259809458960171,-0.05584698168373578,11.514794139760665,-20.585888469866919,2.0976154277460899,4.5231324970456912,-0.14259809458960171,1,1.8307835762794629,1.7616246212198707,1,1,1
1785225149.2617507,2,1,0.87812536025024523,0.54688889867839685,0.47843061324018232,3,0,1,0,3.0726869200547569,0.19133942290477024,0.95803649997663998,-2.9115909345834212,-2.0186370817413168,0.25157474770431926,-0.0017805473161364429,0.024215443499455622,0.12855551622505118,0,-0.0010683283896818657,0,-0.11946894280631364,11.508841490341547,-20.233531500777996,2.1349068408615568,4.5078419159877434,-0.16438133213980552,2.8452725000500159e-16,11.550397872814564,-20.495031714542588,2.1023973031536678,4.506945336431011,-0.14374872070471248,-0.06040766983635177,11.521339340615217,-20.597876127522628,2.1023973031536678,4.5071376355411541,-0.14374872070471248,1,1.8307835762794629,1.7616246212198707,1,1,1
1785225149.2817507,2,1,0.87812536025024523,0.54688889867839685,0.47843061324018232,3,0,1,0,3.072664612784636,0.19177560122904835,0.96055057678153799,-2.9115909345834212,-2.0186413533462337,0.25157474770431926,-0.00071221892645457715,0.020298239403955448,0.12784329729859659,0,0.00035610946322728857,0,0.31858384748350305,11.349549566599794,-21.156734458988399,2.2118404207124236,4.5078419159877434,-0.20231548571052987,4.8190483926397504e-16,11.55071242111404,-20.514146770217639,2.106926137156993,4.4913758585614989,-0.14484232426543819,-0.062112291748206372,11.526354533829293,-20.616421408056517,2.106926137156993,4.4913117588581182,-0.14484232426543819,1,1.8307835762794629,1.7616246212198707,1,1,1
1785225149.3017507,2,1,0.87812536025024523,0.54688889867839685,0.47843061324018232,3,0,1,0,3.0726432547600524,0.19217950520506652,0.96305990735875058,-2.9115899853378844,-2.0186380309868541,0.25157474770431926,-0.0014244378529091543,0.020654348867182738,0.11466724715918691,0,0,-0.00035610946322728857,0,11.668133414083298,-20.502799030256032,1.6733053617563554,4.3055264302772143,-0.031611794642270291,7.0915745585335012e-16,11.552724465581294,-20.533483577443004,2.1115137588990081,4.4756370761823119,-0.14594872217586718,-0.06079472945031545,11.527939246940674,-20.625217375170354,2.1115137588990081,4.4756370761823119,-0.14588462247248626,1,1.8307835762794629,1.7616246212198707,1,1,1
1785225149.3217506,2,1,0.87812536025024523,0.54688889867839685,0.47843061324018232,3,0,1,0,3.072616201262246,0.19253072605377797,0.96522418718324277,-2.9115899853378844,-2.0186399294779283,0.25157474770431926,-0.0014244378529091543,0.0124638312129551,0.11253059037982319,0,0.00035610946322728857,0,0,11.82742533782505,-21.060567484174818,1.846405916420806,4.5773878642007384,-0.13276953749753523,5.879533397700299e-16,11.554194313652843,-20.550027454534497,2.1154505578517608,4.4620325220913513,-0.14690138695388119,-0.06065946196128353,11.539237716197297,-20.640051926838357,2.1154505578517608,4.4619684223879705,-0.14690138695388119,1,1.8307835762794629,1.7616246212198707,1,1,1
1785225149.3417506,2,1,0.87812536025024523,0.54688889867839685,0.47843061324018232,3,0,1,0,3.0725991148425793,0.19269352166338341,0.96753702393428442,-2.9115895107151157,-2.0186328101363999,0.25157474770431926,-0.00071221892645457715,0.0067660798013184824,0.11039393360045946,0,0.00035610946322728857,0,-0.27876086654806514,11.349549566599794,-20.406632055442447,2.1349068408615568,4.4446183267032033,-0.13276953749753523,3.5533124059807146e-16,11.567422842926558,-20.569632644289062,2.1201161645631244,4.4459498270120443,-0.14802848206836303,-0.061784802037923137,11.559303547164975,-20.65794779116943,2.1201161645631244,4.4458857273086636,-0.14802848206836303,1,1.8307835762794629,1.7616246212198707,1,1,1
1785225149.3617506,2,1,0.87812536025024523,0.54688889867839685,0.47843061324018232,3,0,1,0,3.0725848761595231,0.19282356830196035,0.96967187714712777,-2.9115890360923475,-2.0186370817413168,0.25157474770431926,-0.00071221892645457715,0.0056977514116366172,0.10540840111527741,0,-0.00035610946322728857,0,0,11.508841490341547,-20.502799030256032,1.6733053617563554,4.5078419159877434,-0.16438133213980552,-1.858802527635682e-19,11.580569887720857,-20.587741930270568,2.1244539435335748,4.4308543215682192,-0.14908178201170963,-0.061713608622642635,11.573732586026894,-20.672068651162789,2.1244539435335748,4.4309184212716,-0.14908178201170963,1,1.8307835762794629,1.7616246212198707,1,1,1
1785225149.3817506,2,1,0.87812536025024523,0.54688889867839685,0.47843061324018232,3,0,1,0,3.0725668404943192,0.19289666020831381,0.97177350676617402,-2.9115895107151157,-2.0186385056096223,0.25157474770431926,-0.0010683283896818657,0.0014244378529091543,0.099710649703640797,-0.00035610946322728857,0.00035610946322728857,0,0,12.146009185308552,-20.329698475591581,2.3080073955260074,4.3371382249194843,-0.16438133213980552,6.1125872836509014e-16,11.596464242573315,-20.606007710341277,2.1288301291201535,4.4155830662722853,-0.15014516604213679,-0.061018044209135765,11.594754917149825,-20.685776230104189,2.1289547674322828,4.4155189665689045,-0.15014516604213679,1,1.8307835762794629,1.7616246212198707,1,1,1
1785225149.4017506,2,1,0.87812536025024523,0.54688889867839685,0.47843061324018232,3,0,1,0,3.0725431093558928,0.19289713483108234,0.97367864255904935,-2.9115890360923475,-2.0186332847591686,0.25157474770431926,-0.0010683283896818657,0,0.09757399292427707,0.00035610946322728857,0,0,-0.11946894280631364,11.986717261566801,-20.791299954696782,1.9425728912343896,4.4446183267032033,-0.13276953749753523,2.5822155536091658e-16,11.614448807680205,-20.623131394996634,2.1329386792787437,4.4012768356272653,-0.1511422571369859,-0.060899388517004334,11.614448807680205,-20.701190589336054,2.1328140409666143,4.4012768356272653,-0.1511422571369859,1,1.8307835762794629,1.7616246212198707,1,1,1
1785225149.4217505,2,1,0.87812536025024523,0.54688889867839685,0.47843061324018232,3,0,1,0,3.0725222259540774,0.19289760945385087,0.97565971799488926,-2.9115895107151157,-2.0186380309868541,0.25157474770431926,-0.0010683283896818657,0,0.094012898292004182,-0.00035610946322728857,0,0,0.31858384748350305,11.82742533782505,-20.598966005069617,2.2118404207124236,4.3371382249194843,-0.13276953749753523,4.3453974192880855e-16,11.632991910766338,-20.640780686414516,2.137193633787859,4.3863073910419219,-0.15218023358255173,-0.060794971507927238,11.632991910766338,-20.715991005048121,2.1373182720999884,4.3863073910419219,-0.15218023358255173,1,1.8307835762794629,1.7616246212198707,1,1,1
1785225149.4417505,2,1,0.87812536025024523,0.54688889867839685,0.47843061324018232,3,0,1,0,3.0725084618937899,0.19289760945385087,0.97741249987906675,-2.9115890360923475,-2.0186342340047059,0.25157474770431926,-0.00071221892645457715,0.00035610946322728857,0.089027365806822148,0,0.00035610946322728857,0,-0.27876086654806514,11.349549566599794,-20.868233534547649,2.038739866047973,4.3371382249194843,-0.031611794642270291,5.1912363955034709e-16,11.649414328529108,-20.656394403431673,2.1409601627210058,4.3731052109044031,-0.15309711391295699,-0.061331537293975946,11.648986997173235,-20.72761629607713,2.1409601627210058,4.3730411112010223,-0.15309711391295699,1,1.8307835762794629,1.7616246212198707,1,1,1
1785225149.4617505,2,1,0.87812536025024523,0.54688889867839685,0.47843061324018232,3,0,1,0,3.0724970709473456,0.19289760945385087,0.97931288944425676,-2.9115890360923475,-2.0186328101363999,0.25157474770431926,-0.0010683283896818657,0,0.098642321313958933,0,0,0.00035610946322728857,0.31858384748350305,11.349549566599794,-20.695132979883198,2.2118404207124236,4.2739146356349433,-0.10115774285526494,5.4157993770966308e-16,11.667126814233967,-20.673231881362003,2.1450325658631115,4.358755870767296,-0.15409085702086875,-0.060669196474267946,11.667126814233967,-20.752145738413169,2.1450325658631115,4.358755870767296,-0.15415495672424967,1,1.8307835762794629,1.7616246212198707,1,1,1
1785225149.4817505,2,1,0.87812536025024523,0.54688889867839685,0.47843061324018232,3,0,1,0,3.072477136791067,0.19290947502306408,0.98131817064129168,-2.9115890360923475,-2.0186328101363999,0.25157474770431926,-0.0010683283896818657,0.0010683283896818657,0.10327174433591368,0.00035610946322728857,-0.00035610946322728857,0,-0.27876086654806514,11.508841490341547,-20.502799030256032,2.038739866047973,4.4446183267032033,-0.13276953749753523,5.1452859974654792e-16,11.685075149262495,-20.69080216471388,2.1492954344917354,4.3436760901214635,-0.15513304790255908,-0.060569525692875277,11.683793155194877,-20.77341956018261,2.149170796179606,4.3437401898248442,-0.15513304790255908,1,1.8307835762794629,1.7616246212198707,1,1,1
1785225149.5017507,2,1,0.87812536025024523,0.54688889867839685,0.47843061324018232,3,0,1,0,3.0724572026347889,0.19293510465256464,0.98336569326472567,-2.9115890360923475,-2.0186385056096223,0.25157474770431926,-0.0010683283896818657,0.00035610946322728857,0.09686177399782249,0,-0.00035610946322728857,0,0.15929192374175152,11.82742533782505,-20.598966005069617,2.2118404207124236,4.2739146356349433,-0.13276953749753523,3.6348710970350539e-16,11.702532632904282,-20.708494605670893,2.1536083384970786,4.3283207466578268,-0.15619103034073445,-0.060469854911484884,11.702105301548409,-20.785984024869151,2.1536083384970786,4.3283848463612076,-0.15619103034073445,1,1.8307835762794629,1.7616246212198707,1,1,1
1785225149.5217507,2,1,0.87812536025024523,0.54688889867839685,0.47843061324018232,3,0,1,0,3.0724372684785108,0.19293273153872201,0.98524377555979481,-2.9115890360923475,-2.0186318608908631,0.25157474770431926,-0.0010683283896818657,0,0.094725117218458763,0,0.00035610946322728857,0,0.63716769496700609,11.230080623793482,-19.945030576337246,2.3080073955260074,4.2043686874219492,-0.26553907499507046,4.7432035856612384e-16,11.719975987604876,-20.724969864826793,2.157616124030997,4.3141128031728293,-0.157171216581552,-0.060370184130094269,11.719975987604876,-20.800749958601561,2.157616124030997,4.3140487034694486,-0.157171216581552,1,1.8307835762794629,1.7616246212198707,1,1,1
1785225149.5417507,2,1,0.87812536025024523,0.54688889867839685,0.47843061324018232,3,0,1,0,3.0724064179985562,0.1929341554070276,0.9872001706116712,-2.9115890360923475,-2.0186328101363999,0.25157474770431926,-0.0021366567793637313,0.00035610946322728857,0.095081226681686046,0,-0.00035610946322728857,0,-0.43805279028981664,11.82742533782505,-20.598966005069617,2.1349068408615568,4.1032109445666842,-0.031611794642270291,3.2336879241278205e-16,11.737792062986799,-20.741958019311696,2.1617716844371078,4.2992670220468376,-0.15819176998794482,-0.058399773467861973,11.737364731630926,-20.818023000657046,2.1617716844371078,4.2993311217502184,-0.15819176998794482,1,1.8307835762794629,1.7616246212198707,1,1,1
1785225149.5617507,2,1,0.87812536025024523,0.54688889867839685,0.47843061324018232,3,0,1,0,3.0723518363801756,0.1929474448445464,0.98898807458071991,-2.9115890360923475,-2.0186347086274741,0.25157474770431926,-0.0035610946322728858,0.00071221892645457715,0.088671256343594851,0,-0.00035610946322728857,0,0.15929192374175152,12.146009185308552,-20.791299954696782,2.1349068408615568,4.2739146356349433,0,3.9472656451573972e-16,11.753342716066857,-20.757302581286091,2.1655363253764017,4.2857688404786067,-0.15911792818684417,-0.05570532102601352,11.752488053355112,-20.828239586360965,2.1655363253764017,4.2858329401819875,-0.15911792818684417,1,1.8307835762794629,1.7616246212198707,1,1,1
1785225149.5817506,2,1,0.87812536025024523,0.54688889867839685,0.47843061324018232,3,0,1,0,3.0722858638153498,0.19295598805437991,0.99087707319946516,-2.9115885614695789,-2.0186290131542521,0.25157427308155078,-0.003204985169045597,0,0.092588460439095022,0.00035610946322728857,0.00071221892645457715,0,0.15929192374175152,11.508841490341547,-20.868233534547649,2.038739866047973,4.3371382249194843,-0.30347322856579484,5.1870948527037063e-16,11.770060294066671,-20.773552158951549,2.1695241729318977,4.2715086550397512,-0.16009694007842992,-0.055980844289370967,11.770060294066671,-20.847622927302826,2.1693995346197683,4.2713804556329897,-0.16009694007842992,1,1.8307835762794629,1.7616246212198707,1,1,1
1785225149.6017506,2,1,0.87812536025024523,0.54688889867839685,0.47843061324018232,3,0,1,0,3.0722232136099041,0.19295741192268551,0.99276749568651612,-2.9115890360923475,-2.0186275892859462,0.25157427308155078,-0.0028488757058183086,0.00071221892645457715,0.10220341594623182,0,-0.00035610946322728857,0,-0.27876086654806514,12.464593032792056,-21.060567484174818,2.038739866047973,4.2359804820642193,-0.13276953749753523,4.3708866762945312e-16,11.787071310164974,-20.789770513018624,2.1735148715992425,4.2571360953098729,-0.16108023931867577,-0.056272979349628841,11.786216647453228,-20.871533245775609,2.1735148715992425,4.2572001950132536,-0.16108023931867577,1,1.8307835762794629,1.7616246212198707,1,1,1
1785225149.6217506,2,1,0.87812536025024523,0.54688889867839685,0.47843061324018232,3,0,1,0,3.0721406292481803,0.19297687145619519,0.99487292228771063,-2.9115895107151157,-2.0186304370225576,0.25157427308155078,-0.0053416419484093288,0.0021366567793637313,0.10006675916686809,-0.00035610946322728857,0,0,0,11.986717261566801,-20.502799030256032,2.2118404207124236,4.3371382249194843,-0.3350850232080651,1.1993103130986596e-16,11.804921959542067,-20.807558834277451,2.1779112693457519,4.2412140912353538,-0.16216664493686928,-0.051622354928605368,11.802357971406831,-20.887612241610945,2.1780359076578812,4.2412140912353538,-0.16216664493686928,1,1.8307835762794629,1.7616246212198707,1,1,1
1785225149.6417506,2,1,0.87812536025024523,0.54688889867839685,0.47843061324018232,3,0,1,0,3.0720010901542327,0.19299395787586224,0.99670591541976949,-2.9115895107151157,-2.018629962399789,0.25157427308155078,-0.0078344081910003485,-0.00035610946322728857,0.089739584733276714,-0.00035610946322728857,0,0.00035610946322728857,-0.11946894280631364,11.82742533782505,-20.502799030256032,2.3080073955260074,4.1348227392089543,-0.13276953749753523,4.4381367591767537e-16,11.820402969050537,-20.822993888127222,2.1817342462020615,4.2273607270585973,-0.16311146914665886,-0.046686956846462332,11.82083030040641,-20.894785555913842,2.1818588845141909,4.2273607270585973,-0.16317556885003978,1,1.8307835762794629,1.7616246212198707,1,1,1
1785225149.6617506,2,1,0.87812536025024523,0.54688889867839685,0.47843061324018232,3,0,1,0,3.0718487362455349,0.19299395787586224,0.99855267261211578,-2.9115890360923475,-2.0186266400404094,0.25157379845878225,-0.0081905176542276369,0,0.088315146880367568,0,0.00035610946322728857,-0.00035610946322728857,0,11.349549566599794,-20.695132979883198,2.3080073955260074,4.2359804820642193,-0.16438133213980552,3.937574874322205e-16,11.836884680731927,-20.838642880602002,2.1856191082579466,4.2132791379918517,-0.16407127608598704,-0.045319801215486837,11.836884680731927,-20.909294998106297,2.1856191082579466,4.213215038288471,-0.16400717638260612,1,1.8307835762794629,1.7616246212198707,1,1,1
1785225149.6817505,2,1,0.87812536025024523,0.54688889867839685,0.47843061324018232,3,0,1,0,3.0716683795934938,0.1929949071213993,1.0002660608065053,-2.9115895107151157,-2.0186280639087149,0.25157427308155078,-0.0092588460439095022,0.00035610946322728857,0.087246818490685704,-0.00035610946322728857,0,0,-0.11946894280631364,12.146009185308552,-20.695132979883198,2.2118404207124236,4.1348227392089543,0.037934153570724355,6.8566994580679316e-16,11.852026506031093,-20.853057247621923,2.1892068129264359,4.2001749064062865,-0.16496150925683395,-0.042601859692821986,11.85159917467522,-20.922854702414472,2.1893314512385653,4.2001749064062865,-0.16496150925683395,1,1.8307835762794629,1.7616246212198707,1,1,1
1785225149.7017505,2,1,0.87812536025024523,0.54688889867839685,0.47843061324018232,3,0,1,0,3.0714761573722398,0.1929963309897049,1.0019775505098207,-2.9115895107151157,-2.0186280639087149,0.25157332383601372,-0.010683283896818658,0,0.083329614395185519,-0.00035610946322728857,-0.00035610946322728857,0,-0.43805279028981664,11.82742533782505,-20.695132979883198,1.9425728912343896,4.2739146356349433,-0.36669681785033542,7.724306763083471e-16,11.867073402001109,-20.867400705252564,2.1927879338855836,4.1870870380415104,-0.16584937610173914,-0.039219204236606131,11.867073402001109,-20.934064396768711,2.192912572197713,4.1871511377448911,-0.16584937610173914,1,1.8307835762794629,1.7616246212198707,1,1,1
1785225149.7217505,2,1,0.87812536025024523,0.54688889867839685,0.47843061324018232,3,0,1,0,3.0712336251375212,0.19299680561247343,1.0035528234785684,-2.9115890360923475,-2.0186261654176407,0.25157379845878225,-0.013176050139409676,0.00035610946322728857,0.082973504931958236,0,0,0,-0.27876086654806514,12.464593032792056,-21.156734458988399,2.038739866047973,4.1032109445666842,-0.10115774285526494,8.128792255057231e-17,11.88092813540803,-20.880570975034104,2.1960821186729977,4.1750384691832654,-0.1666673161487735,-0.033768840450609149,11.880500804052158,-20.946949778979672,2.1960821186729977,4.1750384691832654,-0.1666673161487735,1,1.8307835762794629,1.7616246212198707,1,1,1
1785225149.7417505,2,1,0.87812536025024523,0.54688889867839685,0.47843061324018232,3,0,1,0,3.0709521738357837,0.19300582344507547,1.0053511691485248,-2.9115890360923475,-2.0186256907948721,0.25157332383601372,-0.015668816382000697,0.0014244378529091543,0.090451803659731295,0,0,-0.00035610946322728857,0.79645961870875759,11.230080623793482,-20.964400509361234,2.2118404207124236,4.2359804820642193,-0.3350850232080651,2.9800960784622077e-17,11.896209398647102,-20.895460382080941,2.1998158012200317,4.1613228424605175,-0.16759550392643782,-0.028123881329516855,11.894500073223611,-20.967821825008727,2.1998158012200317,4.1613228424605175,-0.1675314042230569,1,1.8307835762794629,1.7616246212198707,1,1,1
1785225149.7617507,2,1,0.87812536025024523,0.54688889867839685,0.47843061324018232,3,0,1,0,3.0706113946879796,0.19305945581791925,1.0070484201687844,-2.9115890360923475,-2.0186290131542521,0.25157332383601372,-0.017093254234909851,0.003204985169045597,0.083685723858412817,0,0,-0.00035610946322728857,0,11.349549566599794,-20.791299954696782,2.4041743703395908,4.0020532017114192,0.069545948212994646,3.1580718690747436e-16,11.908100621088959,-20.909048632151919,2.2032373187589123,4.1486840882102758,-0.16844888898955113,-0.02399844124055071,11.904254638886105,-20.975997211238649,2.2032373187589123,4.1486840882102758,-0.16838478928617021,1,1.8307835762794629,1.7616246212198707,1,1,1
1785225149.7817507,2,1,0.87812536025024523,0.54688889867839685,0.47843061324018232,3,0,1,0,3.0702511560066661,0.19310407035816096,1.0086977342894226,-2.9115890360923475,-2.0186256907948721,0.25157379845878225,-0.019942129940728158,0.0010683283896818657,0.079056300836458065,0,0.00035610946322728857,0,0.31858384748350305,11.82742533782505,-21.156734458988399,2.038739866047973,4.2359804820642193,-0.13276953749753523,2.8254171937714081e-16,11.920059965279716,-20.922314694103523,2.2065740817645545,4.1363835489053731,-0.16928010059310594,-0.017354159134092054,11.918777971212098,-20.985559734772689,2.2065740817645545,4.1363194492019923,-0.16928010059310594,1,1.8307835762794629,1.7616246212198707,1,1,1
1785225149.8017507,2,1,0.87812536025024523,0.54688889867839685,0.47843061324018232,3,0,1,0,3.0697741601242945,0.19311878366398536,1.010172387231242,-2.9115890360923475,-2.0186242669265666,0.25157379845878225,-0.026352100278819353,0.0010683283896818657,0.075851315667412461,0.00035610946322728857,0,0,0,11.668133414083298,-20.868233534547649,2.3080073955260074,4.1032109445666842,-0.10115774285526494,1.3927031240403885e-16,11.932052528952727,-20.934324472134062,2.2096047572515172,4.1251712031951531,-0.1700361519536234,-0.0040722301474791327,11.930770534885109,-20.995005524667992,2.2094801189393878,4.1251712031951531,-0.1700361519536234,1,1.8307835762794629,1.7616246212198707,1,1,1
1785225149.8217506,2,1,0.87812536025024523,0.54688889867839685,0.47843061324018232,3,0,1,0,3.0692093590297453,0.19318285773773677,1.0117505079366009,-2.9115885614695789,-2.018623792303798,0.25157332383601372,-0.032405961153683258,0.0053416419484093288,0.077275753520321622,0,0,0,0.47787577122525454,11.668133414083298,-21.060567484174818,2.1349068408615568,4.2739146356349433,-0.30347322856579484,4.5122952142229159e-16,11.942219591409946,-20.946723054476053,2.2127456629428326,4.1135265081165908,-0.17082037780712009,0,11.935809621071856,-21.008543657292311,2.2127456629428326,4.1135265081165908,-0.17082037780712009,1,1.8307835762794629,1.7616246212198707,1,1,1
1785225149.8417506,2,1,0.87812536025024523,0.54688889867839685,0.47843061324018232,3,0,1,0,3.0684523357139413,0.19333948325135134,1.0131867164341697,-2.9115880868468103,-2.0186242669265666,0.25157284921324519,-0.039172040955001743,0.0089027365806822138,0.07050967371900313,0,0,0,0.15929192374175152,12.464593032792056,-21.233668038839266,2.2118404207124236,4.0336649963536892,-0.30347322856579484,3.5093976820437812e-17,11.946122530141452,-20.95715716685007,2.2153963877561651,4.1036711182787213,-0.17148313494585982,0,11.935439246244632,-21.013564905825273,2.2153963877561651,4.1036711182787213,-0.17148313494585982,1,1.8307835762794629,1.7616246212198707,1,1,1
1785225149.8617506,2,1,0.87812536025024523,0.54688889867839685,0.47843061324018232,3,0,1,0,3.0676326621926919,0.19349183716004914,1.0146314681415718,-2.9115880868468103,-2.018623792303798,0.25157284921324519,-0.043445354513729204,0.0071221892645457717,0.07050967371900313,0,0,0,-0.11946894280631364,11.82742533782505,-21.233668038839266,2.038739866047973,4.2043686874219492,-0.16438133213980552,6.1392746425526902e-16,11.950303408185611,-20.967670516307091,2.2180670407501197,4.0937173858538589,-0.17215171672214111,0,11.941756781068156,-21.024078255282294,2.2180670407501197,4.0937173858538589,-0.17215171672214111,1,1.8307835762794629,1.7616246212198707,1,1,1
1785225149.8817506,2,1,0.87812536025024523,0.54688889867839685,0.47843061324018232,3,0,1,0,3.0666815181645597,0.19365415814688605,1.0159879400140275,-2.9115880868468103,-2.0186228430582611,0.25157284921324519,-0.047362558609229381,0.0096149555071367906,0.07122189264545771,0,0.00035610946322728857,0,0.31858384748350305,11.508841490341547,-21.156734458988399,1.6733053617563554,3.9704414070691487,-0.063223589284540582,2.7117088371303025e-16,11.953162668144348,-20.977357979864976,2.2205315769357958,4.084518129892821,-0.17276907878444167,0,11.941624721535783,-21.034335493981342,2.2205315769357958,4.0844540301894403,-0.17276907878444167,1,1.8307835762794629,1.7616246212198707,1,1,1
1785225149.9017506,2,1,0.87812536025024523,0.54688889867839685,0.47843061324018232,3,0,1,0,3.0657389173462612,0.19394177954461461,1.0174825271121253,-2.9115880868468103,-2.0186214191899556,0.25157332383601372,-0.048074777535683955,0.018873801551046294,0.075495206204185178,0,0,0,0,11.508841490341547,-20.791299954696782,2.038739866047973,4.0715991499244133,0.037934153570724355,1.1999295094179768e-16,11.950426810774808,-20.987123333518948,2.2230189971413132,4.0752179004565834,-0.17339293575892473,0,11.927778248913551,-21.047519498482295,2.2230189971413132,4.0752179004565834,-0.17339293575892473,1,1.8307835762794629,1.7616246212198707,1,1,1
1785225149.9217505,2,1,0.87812536025024523,0.54688889867839685,0.47843061324018232,3,0,1,0,3.0647398364185077,0.19442019929529181,1.0190131855406312,-2.9115876122240416,-2.0186142998484273,0.25157284921324519,-0.048430886998911245,0.026352100278819353,0.079768519762912632,0,0.00071221892645457715,-0.00035610946322728857,-0.11946894280631364,12.305301109050305,-21.156734458988399,2.5003413451531746,4.0020532017114192,-0.23392728035280017,5.038768089516858e-16,11.937747137696613,-20.995658431046529,2.2251909105101277,4.0671496930784992,-0.17393506545780779,0,11.90612461736203,-21.059473246856857,2.2251909105101277,4.0670214936717377,-0.17387096575442687,1,1.8307835762794629,1.7616246212198707,1,1,1
1785225149.9417505,2,1,0.87812536025024523,0.54688889867839685,0.47843061324018232,3,0,1,0,3.0637858446537645,0.19498879737198951,1.0206373446545374,-2.9115871376012734,-2.0186090789979736,0.25157332383601372,-0.048074777535683955,0.030625413837546817,0.081549067079049076,0,0.00035610946322728857,0,0.31858384748350305,11.668133414083298,-21.060567484174818,2.2118404207124236,4.0715991499244133,-0.26553907499507046,5.3028251380888221e-16,11.920973290027904,-21.004182209386148,2.2273654153677453,4.0590371962244012,-0.17447972873527731,0,11.884222793422849,-21.069421463049387,2.2273654153677453,4.0589730965210205,-0.17447972873527731,1,1.8307835762794629,1.7616246212198707,1,1,1
1785225149.9617505,2,1,0.87812536025024523,0.54688889867839685,0.47843061324018232,3,0,1,0,3.062779644384483,0.19564804839747627,1.0222282801746465,-2.9115876122240416,-2.018602908901983,0.25157332383601372,-0.048430886998911245,0.034186508469819701,0.081192957615821792,0,0,0,-0.43805279028981664,11.668133414083298,-20.791299954696782,2.4041743703395908,3.9008954588561542,-0.13276953749753523,5.3033562874399406e-16,11.899035974579228,-21.011701268133407,2.2292785062993321,4.051884448603416,-0.17495868465647429,0,11.858012164415443,-21.076655634226064,2.2292785062993321,4.051884448603416,-0.17495868465647429,1,1.8307835762794629,1.7616246212198707,1,1,1
1785225149.9817505,2,1,0.87812536025024523,0.54688889867839685,0.47843061324018232,3,0,1,0,3.0618123631822209,0.19641361492311349,1.0239131910029244,-2.9115871376012734,-2.0185972134287606,0.25157332383601372,-0.050567543778274979,0.044157573440183784,0.082617395468730953,0.00035610946322728857,0,0,0.31858384748350305,11.230080623793482,-21.52216896328002,2.038739866047973,4.1032109445666842,-0.40463097142105975,4.0226127423908634e-16,11.872158274565312,-21.0190974604103,2.2311697203251741,4.044820410596401,-0.17543228828991539,0,11.81916918643709,-21.085191376785286,2.2310450820130447,4.044820410596401,-0.17543228828991539,1,1.8307835762794629,1.7616246212198707,1,1,1
1785225150.0017507,2,1,0.87812536025024523,0.54688889867839685,0.47843061324018232,3,0,1,0,3.0607686677142261,0.19741886594685787,1.0255055503913391,-2.9115871376012734,-2.0185976880515288,0.25157332383601372,-0.049855324851820398,0.050211434315047689,0.080480738689367212,0,0,0,-0.11946894280631364,11.070788700051731,-21.156734458988399,2.038739866047973,4.0020532017114192,-0.063223589284540582,4.7237823185542552e-16,11.831570165660354,-21.02377874903836,2.2323730946862765,4.0402760086403013,-0.17573544280645023,0,11.771316444482297,-21.088163339989855,2.2323730946862765,4.0402760086403013,-0.17573544280645023,1,1.8307835762794629,1.7616246212198707,1,1,1
1785225150.0217507,7,1,0.87812536025024523,0.54688889867839685,0.47843061324018232,3,0,1,0,3.0598189475543993,0.1983714338432955,1.0271354049784676,-2.9115871376012734,-2.0185976880515288,0.25157332383601372,-0.046294230219547511,0.048430886998911245,0.077275753520321622,0,0,0,0.15929192374175152,11.986717261566801,-21.233668038839266,2.4041743703395908,4.0715991499244133,-0.26553907499507046,8.0150917917816237e-16,11.794130474215311,-21.029174629400796,2.23376057307811,4.0350360363007693,-0.17608493895869334,0.05555307626345779,11.736013409816618,-21.090995232217054,2.23376057307811,4.0350360363007693,-0.17608493895869334,1,1.8307835762794629,1.7616246212198707,1,1,1
1785225150.0417507,7,1,0.87812536025024523,0.54688889867839685,0.47843061324018232,3,0,1,0,3.0588858391914715,0.19943031723988364,1.0286110071658241,-2.9115866629785048,-2.0185981626742975,0.25157332383601372,-0.045582011293092937,0.055553076263457013,0.077631862983548905,0.00035610946322728857,-0.00035610946322728857,0,0,11.508841490341547,-21.233668038839266,2.5772749250040414,3.9325072534984242,-0.26553907499507046,3.1271686021885339e-16,11.749686218714986,-21.032484752712197,2.2346163174808891,4.0318076506231719,-0.17630058238277468,0.054698413551711858,11.683022527198839,-21.094590243099034,2.2344916791687597,4.0318717503265527,-0.17630058238277468,1,1.8307835762794629,1.7616246212198707,1,1,1
1785225150.0617507,7,1,0.87812536025024523,0.54688889867839685,0.47843061324018232,3,0,1,0,3.0579907006500258,0.20060358472368728,1.0302304200520449,-2.9115871376012734,-2.0185943656921492,0.25157332383601372,-0.044869792366638357,0.065524141233821095,0.078700191373230768,0,0,0,0.15929192374175152,11.349549566599794,-21.156734458988399,2.2118404207124236,4.0715991499244133,-0.23392728035280017,4.7878578717237887e-16,11.700356104898916,-21.03606233647627,2.2355279739243805,4.0283829323116702,-0.1765291643340377,0.05384375083996653,11.621727135418331,-21.099022489574853,2.2355279739243805,4.0283829323116702,-0.1765291643340377,1,1.8307835762794629,1.7616246212198707,1,1,1
1785225150.0817506,7,1,0.87812536025024523,0.54688889867839685,0.47843061324018232,3,0,1,0,3.0570518968138756,0.20197904150688423,1.0317753171636068,-2.9115866629785048,-2.0185943656921492,0.25157332383601372,-0.044513682903411074,0.066236360160275676,0.079412410299685349,0,0.00035610946322728857,0,-0.43805279028981664,11.230080623793482,-21.329835013652851,2.5003413451531746,4.0715991499244133,0.069545948212994646,9.8246956499835687e-17,11.639535913304538,-21.037406509815209,2.2358773184772232,4.0270713250502412,-0.17661707167898077,0.053416419484093397,11.560052281112208,-21.100936438054958,2.2358773184772232,4.0270072253468605,-0.17661707167898077,1,1.8307835762794629,1.7616246212198707,1,1,1
1785225150.1017506,7,1,0.87812536025024523,0.54688889867839685,0.47843061324018232,3,0,1,0,3.0561923549800696,0.20322397702873574,1.0333377753176043,-2.9115866629785048,-2.0185953149376865,0.25157332383601372,-0.044869792366638357,0.062319156064775498,0.072646330498366871,0,0,0.00035610946322728857,0,11.508841490341547,-21.426001988466435,2.038739866047973,4.0715991499244133,-0.16438133213980552,4.4228961988741772e-16,11.585869267956879,-21.039918296067523,2.2365262903904668,4.0246055525039592,-0.17678108550558208,0.053843750839966474,11.511086280679148,-21.098035360466216,2.2365262903904668,4.0246055525039592,-0.176845185208963,1,1.8307835762794629,1.7616246212198707,1,1,1
1785225150.1217506,7,1,0.87812536025024523,0.54688889867839685,0.47843061324018232,3,0,1,0,3.0552972164386238,0.20451162859975483,1.0346671936922538,-2.9115871376012734,-2.018596738805992,0.25157332383601372,-0.044513682903411074,0.063387484454457368,0.064811922307366515,0,0,0,0.31858384748350305,11.508841490341547,-20.502799030256032,2.3080073955260074,3.9008954588561542,0.107480101783719,6.7745138822087186e-17,11.527973715030571,-21.040239107274623,2.2366082840292827,4.0242710864817859,-0.17680247750404798,0.053416419484093342,11.451908733685222,-21.092088645120516,2.2366082840292827,4.0242710864817859,-0.17680247750404798,1,1.8307835762794629,1.7616246212198707,1,1,1
1785225150.1417506,7,1,0.87812536025024523,0.54688889867839685,0.47843061324018232,3,0,1,0,3.0544614057432442,0.20578883846986629,1.0359477259217451,-2.9115861883557361,-2.0185962641832234,0.25157332383601372,-0.04237702612404734,0.067660798013184822,0.061963046601548208,0,0,-0.00035610946322728857,0.47787577122525454,11.070788700051731,-21.156734458988399,2.2118404207124236,4.0715991499244133,-0.47417691963405439,4.5780388863178017e-16,11.470255951497791,-21.040266936052944,2.2366207587157358,4.0242493413255627,-0.17680509374369435,0.050852431348857252,11.38906299388197,-21.089837373334184,2.2366207587157358,4.0242493413255627,-0.17674099404031343,1,1.8307835762794629,1.7616246212198707,1,1,1
1785225150.1617506,7,1,0.87812536025024523,0.54688889867839685,0.47843061324018232,3,0,1,0,3.0536350875032356,0.2071880263914897,1.037133808220299,-2.9115857137329675,-2.0185943656921492,0.25157332383601372,-0.037747603102092589,0.069797454792548563,0.060538608748639054,0,0.00035610946322728857,0,0.15929192374175152,11.349549566599794,-20.868233534547649,2.2118404207124236,3.9325072534984242,-0.063223589284540582,2.6248567969515638e-16,11.405242055383123,-21.038590703801866,2.2361883942684675,4.0259141200606807,-0.17669517434005202,0.045297123722511386,11.321485109632064,-21.087021590800777,2.2361883942684675,4.0258500203573,-0.17669517434005202,1,1.8307835762794629,1.7616246212198707,1,1,1
1785225150.1817505,7,1,0.87812536025024523,0.54688889867839685,0.47843061324018232,3,0,1,0,3.0529316965602757,0.20851412240675965,1.0382847684339818,-2.9115857137329675,-2.0185972134287606,0.25157332383601372,-0.033830399006592411,0.066236360160275676,0.053416419484093286,0,0.00035610946322728857,0,0.31858384748350305,11.508841490341547,-21.060567484174818,1.9425728912343896,4.1032109445666842,-0.031611794642270291,4.5055954259242694e-16,11.343828435015988,-21.037177330034737,2.2358289739193622,4.0272484007086824,-0.17660560317989471,0.040596478807911333,11.264344802823658,-21.07991046562201,2.2358289739193622,4.0271843010053017,-0.17660560317989471,1,1.8307835762794629,1.7616246212198707,1,1,1
1785225150.2017505,7,1,0.87812536025024523,0.54688889867839685,0.47843061324018232,3,0,1,0,3.0522577322289646,0.20989574928594751,1.03934032947119,-2.9115857137329675,-2.0185934164466124,0.25157332383601372,-0.031693742227228684,0.068373016939639403,0.053060310020865996,-0.00035610946322728857,0,0,-0.11946894280631364,11.349549566599794,-21.156734458988399,2.6734418998176253,4.0020532017114192,-0.13276953749753523,4.1444065851038342e-16,11.278712234457434,-21.034618697372956,2.2351632330367615,4.0298015516854617,-0.17643635860501328,0.038032490672674807,11.196664614129867,-21.07706694538965,2.2352878713488908,4.0298015516854617,-0.17643635860501328,1,1.8307835762794629,1.7616246212198707,1,1,1
1785225150.2217505,7,1,0.87812536025024523,0.54688889867839685,0.47843061324018232,3,0,1,0,3.0516877102839612,0.21128354626112622,1.0403602938007588,-2.9115852391101993,-2.018596738805992,0.25157332383601372,-0.027776538131728506,0.073714658888048734,0.047718668072456664,0,-0.00035610946322728857,0,-0.27876086654806514,10.752204852568227,-20.598966005069617,2.2118404207124236,4.0715991499244133,-0.26553907499507046,4.8491658746105662e-16,11.212923268369147,-21.031666213917099,2.2344117597007465,4.0326234722736345,-0.17624800891728676,0.033331845758074706,11.124465677703489,-21.069841148375065,2.2344117597007465,4.0326875719770152,-0.17624800891728676,1,1.8307835762794629,1.7616246212198707,1,1,1
1785225150.2417505,7,1,0.87812536025024523,0.54688889867839685,0.47843061324018232,3,0,1,0,3.0511656252385793,0.21280803459364128,1.0413764611481795,-2.9115847644874306,-2.0185934164466124,0.25157332383601372,-0.022791005646546469,0.073714658888048734,0.058045842506048037,0,0.00071221892645457715,0,0.15929192374175152,11.070788700051731,-21.695269517944467,2.1349068408615568,4.0020532017114192,-0.031611794642270291,4.4052647767346847e-16,11.139854094041489,-21.027646641883397,2.23337481271524,4.0365824939138149,-0.17598533088243939,0.027349206775856207,11.05139650337583,-21.074083315888235,2.23337481271524,4.0364542945070534,-0.17598533088243939,1,1.8307835762794629,1.7616246212198707,1,1,1
1785225150.2617507,7,1,0.87812536025024523,0.54688889867839685,0.47843061324018232,3,0,1,0,3.0507503303161165,0.21425943101980288,1.0426698081924208,-2.9115847644874306,-2.0185687360626487,0.25157379845878225,-0.021366567793637315,0.075495206204185178,0.065880250697048379,0.00035610946322728857,0.0010683283896818657,0,-0.11946894280631364,10.433621005084724,-21.156734458988399,2.2118404207124236,4.1032109445666842,-0.13276953749753523,5.413704891493824e-16,11.073223091498985,-21.026589798545604,2.2330600398804545,4.0379933590014385,-0.17589727956424006,0.025639881352365331,10.982628844053963,-21.079293999103243,2.2329354015683252,4.0378010598912955,-0.17589727956424006,1,1.8307835762794629,1.7616246212198707,1,1,1
1785225150.2817507,7,1,0.87812536025024523,0.54688889867839685,0.47843061324018232,3,0,1,0,3.0502980148177081,0.21585179040821759,1.0439807162790979,-2.9115847644874306,-2.0185730076675656,0.25157332383601372,-0.021722677256864602,0.079056300836458065,0.066236360160275676,0.00035610946322728857,0,0,0.95575154245050908,10.274329081342973,-21.156734458988399,2.2118404207124236,4.0336649963536892,-0.031611794642270291,2.0219202015694722e-16,10.998976899469334,-21.02431137450624,2.2324821062249622,4.0401380014469161,-0.1757529335690684,0.026067212708237742,10.904109338465584,-21.077300462634462,2.2323574679128328,4.0401380014469161,-0.1757529335690684,1,1.8307835762794629,1.7616246212198707,1,1,1
1785225150.3017507,7,1,0.87812536025024523,0.54688889867839685,0.47843061324018232,3,0,1,0,3.0499031286742921,0.2173919412920941,1.0452474844483017,-2.9115847644874306,-2.0185696853081856,0.25157284921324519,-0.019229911014273581,0.077631862983548905,0.056977514116366174,-0.00035610946322728857,0.00071221892645457715,-0.00035610946322728857,0.47787577122525454,10.752204852568227,-20.791299954696782,2.4041743703395908,4.0336649963536892,-0.3350850232080651,6.4173502651135362e-16,10.927238751871739,-21.022157785032412,2.2319234924467537,4.0422777338205691,-0.17561067012714493,0.023075893217128964,10.834080516291481,-21.067739796325505,2.2320481307588831,4.0421495344138076,-0.17554657042376401,1,1.8307835762794629,1.7616246212198707,1,1,1
1785225150.3217506,7,1,0.87812536025024523,0.54688889867839685,0.47843061324018232,3,0,1,0,3.0495253289505433,0.2189301936848965,1.0462921291618339,-2.911584289864662,-2.0185682614398801,0.25157284921324519,-0.017805473161364428,0.073714658888048734,0.051991981631184132,0.00035610946322728857,0.00035610946322728857,-0.00035610946322728857,0.15929192374175152,10.592912928826475,-20.868233534547649,2.3080073955260074,3.9325072534984242,-0.10115774285526494,2.1786239550647127e-16,10.853735985712174,-21.01822723537348,2.230914588062781,4.0461059639636643,-0.17535599544809047,0.021366567793637534,10.765278395046515,-21.059820820678429,2.2307899497506516,4.0460418642602836,-0.17529189574470955,1,1.8307835762794629,1.7616246212198707,1,1,1
1785225150.3417506,7,1,0.87812536025024523,0.54688889867839685,0.47843061324018232,3,0,1,0,3.0491703111196835,0.2203308054748255,1.0473918301165157,-2.911584289864662,-2.0185649390805005,0.25157332383601372,-0.018517692087819004,0.07193411157191229,0.052704200557638706,0,0.00071221892645457715,0.00035610946322728857,0.31858384748350305,10.274329081342973,-21.426001988466435,2.3080073955260074,4.1032109445666842,-0.36669681785033542,4.9794355478641844e-17,10.788097325971911,-21.01584966118866,2.230297989333891,4.0484579156500349,-0.1751999752689177,0.022221230505382859,10.701776392085616,-21.058013021634771,2.230297989333891,4.0483297162432734,-0.17526407497229862,1,1.8307835762794629,1.7616246212198707,1,1,1
1785225150.3617506,7,1,0.87812536025024523,0.54688889867839685,0.47843061324018232,3,0,1,0,3.048764508652591,0.2218182732313953,1.0483966065174914,-2.911584289864662,-2.018557345116204,0.25157237459047666,-0.021010458330410025,0.073358549424821451,0.050923653241502262,0,0,-0.00035610946322728857,-0.11946894280631364,11.230080623793482,-21.156734458988399,2.2118404207124236,4.0336649963536892,-0.13276953749753523,4.9388004387422927e-16,10.717063112301929,-21.012049457820694,2.2293112812919014,4.0522466654868703,-0.17494817642926405,0.025212549996492528,10.629032852992143,-21.052788380413897,2.2293112812919014,4.0522466654868703,-0.17488407672588313,1,1.8307835762794629,1.7616246212198707,1,1,1
1785225150.3817506,7,1,0.87812536025024523,0.54688889867839685,0.47843061324018232,3,0,1,0,3.048339246651989,0.22321081643425933,1.0495352265391924,-2.911584289864662,-2.018554497379593,0.25157237459047666,-0.022078786720091892,0.069797454792548563,0.059470280358957191,-0.00035610946322728857,0.00035610946322728857,0,-0.11946894280631364,10.11503715760122,-21.156734458988399,2.2118404207124236,4.2043686874219492,-0.26553907499507046,3.6904429977622037e-16,10.652216698643455,-21.010039260424172,2.2287909782701409,4.0542307821947245,-0.17481626390715438,0.02649454406411066,10.568459752892396,-21.057615484711338,2.2289156165822703,4.0541666824913438,-0.17481626390715438,1,1.8307835762794629,1.7616246212198707,1,1,1
1785225150.4017506,7,1,0.87812536025024523,0.54688889867839685,0.47843061324018232,3,0,1,0,3.0479116115375446,0.22462376841617007,1.0506553362729207,-2.9115838152418934,-2.0185431064331483,0.25157284921324519,-0.020654348867182738,0.068373016939639403,0.056265295189911593,0,0,0.00035610946322728857,0,9.7964533101177178,-21.233668038839266,2.2118404207124236,4.0336649963536892,-0.36669681785033542,-3.6665535790863573e-17,10.58620991982335,-21.007784546995364,2.2281961596018114,4.0565806399867439,-0.17466268202264407,0.024785218640619229,10.504162299495784,-21.052796783147294,2.2281961596018114,4.0565806399867439,-0.17472678172602499,1,1.8307835762794629,1.7616246212198707,1,1,1
1785225150.4217505,7,1,0.87812536025024523,0.54688889867839685,0.47843061324018232,3,0,1,0,3.0475086568070635,0.22598118953416294,1.0518960001898556,-2.9115838152418934,-2.0185431064331483,0.25157237459047666,-0.021010458330410025,0.07122189264545771,0.065880250697048379,0,0.00035610946322728857,-0.00035610946322728857,0.15929192374175152,10.433621005084724,-21.156734458988399,2.4041743703395908,4.1032109445666842,-0.16438133213980552,1.587378575659104e-16,10.524118273686081,-21.00684811860922,2.2279567638868096,4.0574826384969684,-0.17460211966831313,0.025212549996492195,10.438652002511532,-21.059552319166858,2.2279567638868096,4.0574185387935877,-0.17453801996493221,1,1.8307835762794629,1.7616246212198707,1,1,1
1785225150.4417505,7,1,0.87812536025024523,0.54688889867839685,0.47843061324018232,3,0,1,0,3.047093836507369,0.22745014700276012,1.0532201977140514,-2.9115833406191252,-2.0185165275581105,0.25157284921324519,-0.019586020477500871,0.070865783182230427,0.0687291264028667,0,0.0014244378529091543,0.00035610946322728857,0.15929192374175152,10.592912928826475,-20.964400509361234,2.2118404207124236,3.9704414070691487,-0.43624276606333007,4.311032263786431e-16,10.457007511845886,-21.00590314498378,2.2276718423893982,4.0588034684019725,-0.17452087029689908,0.02350322457300149,10.371968572027209,-21.060886446106075,2.2276718423893982,4.0585470695884487,-0.17458497000028,1,1.8307835762794629,1.7616246212198707,1,1,1
1785225150.4617505,7,1,0.87812536025024523,0.54688889867839685,0.47843061324018232,3,0,1,0,3.0467274277300649,0.2288146874622809,1.0547755365265208,-2.9115833406191252,-2.0185122559531936,0.25157237459047666,-0.018161582624591718,0.06801690747641212,0.081549067079049076,0,0.00035610946322728857,-0.00035610946322728857,0.47787577122525454,10.11503715760122,-20.791299954696782,2.1349068408615568,4.0020532017114192,-0.10115774285526494,-9.2362589318160526e-17,10.397272376163015,-21.007468102710547,2.2280659240637299,4.0573617034320772,-0.17461799131821049,0.021793899149509948,10.315652087191321,-21.072707356373787,2.2280659240637299,4.0572976037286965,-0.17455389161482956,1,1.8307835762794629,1.7616246212198707,1,1,1
1785225150.4817505,7,1,0.87812536025024523,0.54688889867839685,0.47843061324018232,3,0,1,0,3.0463515264973897,0.23019204273655197,1.0563859315801396,-2.9115833406191252,-2.0185041873661289,0.25157237459047666,-0.018161582624591718,0.06801690747641212,0.081192957615821792,0,0,0,0,10.592912928826475,-21.329835013652851,2.4041743703395908,4.1032109445666842,-0.23392728035280017,1.9121890053567694e-16,10.337368306083427,-21.0094021066012,2.2285476304797371,4.0556223936607694,-0.17473613358392637,0.021793899149510226,10.255748017111733,-21.074356472693857,2.2285476304797371,4.0556223936607694,-0.17473613358392637,1,1.8307835762794629,1.7616246212198707,1,1,1
1785225150.5017507,7,1,0.87812536025024523,0.54688889867839685,0.47843061324018232,3,0,1,0,3.0459704044142613,0.23151671488351636,1.0580490097610651,-2.9115828659963565,-2.0185041873661289,0.25157237459047666,-0.019942129940728158,0.068373016939639403,0.079768519762912632,0.00035610946322728857,0.00035610946322728857,0.00035610946322728857,0,10.11503715760122,-21.060567484174818,2.3080073955260074,4.0020532017114192,-0.13276953749753523,3.0303256989195051e-16,10.28067376977959,-21.012111616562247,2.2292451863745546,4.0530073704180962,-0.17491139298096664,0.023930555928874067,10.198626149452023,-21.075926432372576,2.2291205480624252,4.0529432707147155,-0.17497549268434756,1,1.8307835762794629,1.7616246212198707,1,1,1
1785225150.5217507,7,1,0.87812536025024523,0.54688889867839685,0.47843061324018232,3,0,1,0,3.045541345431511,0.23287318675597216,1.059602924705229,-2.9115833406191252,-2.0185013396295175,0.25157237459047666,-0.021722677256864602,0.062675265528002788,0.081192957615821792,0,0,0,-0.43805279028981664,10.11503715760122,-21.060567484174818,2.5772749250040414,4.1032109445666842,-0.3350850232080651,-1.7761360199167697e-16,10.221402462818375,-21.013716563567563,2.2296487355697008,4.0515027900360723,-0.17501203211759025,0.026067212708237354,10.146192144184772,-21.07867092966022,2.2296487355697008,4.0515027900360723,-0.17501203211759025,1,1.8307835762794629,1.7616246212198707,1,1,1
1785225150.5417507,7,1,0.87812536025024523,0.54688889867839685,0.47843061324018232,3,0,1,0,3.0451303221139647,0.23406116754560016,1.0613158382768502,-2.9115828659963565,-2.0184871009464618,0.25157237459047666,-0.020654348867182738,0.060538608748639054,0.08475405224809468,0,0.00035610946322728857,0,-0.11946894280631364,10.433621005084724,-20.964400509361234,2.5003413451531746,3.9704414070691487,-0.20231548571052987,4.47957196141937e-16,10.172572185888376,-21.018029721241724,2.2307340963495284,4.0475533038551497,-0.17527968071744215,0.024785218640619729,10.099925855390008,-21.0858329630402,2.2307340963495284,4.0474892041517689,-0.17527968071744215,1,1.8307835762794629,1.7616246212198707,1,1,1
1785225150.5617507,7,1,0.87812536025024523,0.54688889867839685,0.47843061324018232,3,0,1,0,3.0446950930352239,0.23532603722372988,1.0629532868282752,-2.9115828659963565,-2.0184889994375359,0.25157237459047666,-0.021722677256864602,0.061250827675093635,0.082617395468730953,0,0,0,-0.43805279028981664,9.955745233859469,-21.329835013652851,2.5772749250040414,4.2043686874219492,-0.30347322856579484,8.6900145320677643e-16,10.118883758014412,-21.020990316609137,2.2314974179040257,4.0446579578136559,-0.17547251270027461,0.026067212708238408,10.0453827648043,-21.087084232984122,2.2314974179040257,4.0446579578136559,-0.17547251270027461,1,1.8307835762794629,1.7616246212198707,1,1,1
1785225150.5817506,7,1,0.87812536025024523,0.54688889867839685,0.47843061324018232,3,0,1,0,3.0442646101841682,0.23650974640844113,1.0646277559556452,-2.9115823913735879,-2.0184866263236931,0.25157237459047666,-0.021722677256864602,0.060538608748639054,0.081905176542276373,0.00035610946322728857,0.00035610946322728857,0,-0.43805279028981664,9.4778694626342155,-21.233668038839266,2.5003413451531746,3.9704414070691487,-0.13276953749753523,5.454487289086169e-16,10.069881598365201,-21.024924235395972,2.2325070914999112,4.0408806394275567,-0.1757256732422767,0.026067212708238075,9.9972352678668344,-21.090448376629794,2.2323824531877818,4.040816539724176,-0.1757256732422767,1,1.8307835762794629,1.7616246212198707,1,1,1
1785225150.6017506,7,1,0.87812536025024523,0.54688889867839685,0.47843061324018232,3,0,1,0,3.0438274826143528,0.23771433899496769,1.0662965296097933,-2.9115823913735879,-2.0184837785870822,0.25157237459047666,-0.021366567793637315,0.057689733042820747,0.090451803659731295,0,0.00035610946322728857,0,0.31858384748350305,9.955745233859469,-21.329835013652851,2.5772749250040414,4.1032109445666842,-0.40463097142105975,4.9900269657132378e-16,10.019733954635814,-21.028646565546325,2.2334591905820682,4.0373114258183929,-0.17596442520429351,0.025639881352365276,9.9505062749844289,-21.101008008474111,2.2334591905820682,4.0372473261150121,-0.17596442520429351,1,1.8307835762794629,1.7616246212198707,1,1,1
1785225150.6217506,7,1,0.87812536025024523,0.54688889867839685,0.47843061324018232,3,0,1,0,3.0434136115601955,0.23888191100554895,1.0682742826862535,-2.911581442128051,-2.0184799816049339,0.25157237459047666,-0.021366567793637315,0.061606937138320925,0.098998430777186217,0.00035610946322728857,0.00035610946322728857,0,-0.11946894280631364,9.4778694626342155,-21.329835013652851,2.5003413451531746,3.9325072534984242,-0.30347322856579484,5.8640441264574979e-17,9.9741666485069675,-21.035120776734527,2.2351249940884772,4.0310710994626753,-0.17638242599716739,0.025639881352364832,9.9002383239409824,-21.114319521356276,2.2350003557763478,4.0310069997592946,-0.17638242599716739,1,1.8307835762794629,1.7616246212198707,1,1,1
1785225150.6417506,7,1,0.87812536025024523,0.54688889867839685,0.47843061324018232,3,0,1,0,3.0429636691756299,0.24014345832429895,1.0701044280817011,-2.911581442128051,-2.0184837785870822,0.25157237459047666,-0.022078786720091892,0.059826389822184481,0.094725117218458763,0.00035610946322728857,-0.00035610946322728857,0,-0.11946894280631364,9.6371613863759666,-21.060567484174818,1.846405916420806,4.0336649963536892,-0.10115774285526494,3.6672358297373032e-16,9.9223025274020547,-21.03960512797115,2.2362867622300944,4.0266404741884809,-0.17667673936655348,0.02649454406411066,9.8505108596154329,-21.115385221745917,2.236162123917965,4.0267045738918616,-0.17667673936655348,1,1.8307835762794629,1.7616246212198707,1,1,1
1785225150.6617506,7,1,0.87812536025024523,0.54688889867839685,0.47843061324018232,3,0,1,0,3.0425497981214726,0.24125312635711971,1.0720247518031694,-2.911581442128051,-2.0184776084910911,0.25157284921324519,-0.019942129940728158,0.053772528947320576,0.094012898292004182,0,0,0.00035610946322728857,0.63716769496700609,9.7964533101177178,-20.791299954696782,2.4041743703395908,4.0336649963536892,-0.031611794642270291,5.8487741285500035e-16,9.8793653007778168,-21.04608192544811,2.2379458837657302,4.0204098413474423,-0.17709333992354412,0.0239305559288744,9.8148382660410327,-21.121292244081715,2.2379458837657302,4.0204098413474423,-0.17715743962692504,1,1.8307835762794629,1.7616246212198707,1,1,1
1785225150.6817505,7,1,0.87812536025024523,0.54688889867839685,0.47843061324018232,3,0,1,0,3.0421914579312332,0.2422080673674,1.0738287929463479,-2.9115804928825137,-2.0184795069821653,0.25157284921324519,-0.017093254234909851,0.048430886998911245,0.091164022586185875,0.00035610946322728857,0,0.00035610946322728857,0.47787577122525454,9.6371613863759666,-21.426001988466435,2.2118404207124236,4.1348227392089543,-0.23392728035280017,3.7476368068168274e-16,9.8436159816836657,-21.052780073590391,2.2396849890516322,4.0138174081508717,-0.17753264527069515,0.020511905081892209,9.785498917284972,-21.125711291659339,2.2395603507395028,4.0138174081508717,-0.17759674497407607,1,1.8307835762794629,1.7616246212198707,1,1,1
1785225150.7017505,7,1,0.87812536025024523,0.54688889867839685,0.47843061324018232,3,0,1,0,3.0418848516227639,0.24320002895362555,1.0755934403997387,-2.9115804928825137,-2.0184880501919986,0.25157237459047666,-0.013176050139409676,0.048430886998911245,0.081192957615821792,0,-0.00035610946322728857,-0.00035610946322728857,0,9.7964533101177178,-21.329835013652851,2.038739866047973,4.0336649963536892,-0.031611794642270291,3.0945850416645124e-16,9.8055136332958206,-21.05880843155207,2.2412589659718289,4.0077632684172562,-0.1779329674537421,0.015811260167291945,9.7473965688971269,-21.123762797644726,2.2412589659718289,4.0078273681206369,-0.17786886775036118,1,1.8307835762794629,1.7616246212198707,1,1,1
1785225150.7217505,7,1,0.87812536025024523,0.54688889867839685,0.47843061324018232,3,0,1,0,3.0416921547787408,0.24408140343478385,1.0770747380603176,-2.9115804928825137,-2.0184833039643135,0.25157284921324519,-0.0071221892645457717,0.04202091666082005,0.07050967371900313,0,0.00035610946322728857,0,0.31858384748350305,9.6371613863759666,-21.329835013652851,2.2118404207124236,4.0336649963536892,-0.50578871427632466,8.2293240750710012e-17,9.771039968677325,-21.063574020600168,2.242483602834537,4.0031481406238285,-0.17824103552084244,0.0085466271174549809,9.7206148686843417,-21.119981759575371,2.242483602834537,4.0030840409204478,-0.17824103552084244,1,1.8307835762794629,1.7616246212198707,1,1,1
1785225150.7417505,7,1,0.87812536025024523,0.54688889867839685,0.47843061324018232,3,0,1,0,3.0416057734348687,0.24487497270376429,1.0784255144595511,-2.9115804928825137,-2.0184852024553877,0.25157284921324519,-0.0017805473161364429,0.035967055785956145,0.061606937138320925,0.00035610946322728857,-0.00035610946322728857,0,-0.11946894280631364,9.7964533101177178,-21.426001988466435,2.038739866047973,3.9704414070691487,0,3.7806109251418419e-16,9.7400919100074308,-21.067941636210119,2.2436183451002787,3.9988120878227162,-0.17852860626987579,0.0021366567793641199,9.6969314430642832,-21.117227185920775,2.2434937067881493,3.998876187526097,-0.17852860626987579,1,1.8307835762794629,1.7616246212198707,1,1,1
1785225150.7617507,7,1,0.87812536025024523,0.54688889867839685,0.47843061324018232,3,0,1,0,3.0415977048478036,0.24553042674710282,1.0794768038918428,-2.9115804928825137,-2.0184899486830727,0.25157284921324519,0,0.032049851690455974,0.046294230219547511,0.00035610946322728857,-0.00035610946322728857,0,0,9.6371613863759666,-20.598966005069617,2.4041743703395908,4.0020532017114192,-0.23392728035280017,1.9610060533130071e-16,9.7139705911622904,-21.071012545655453,2.2444226998256211,3.9957050915082051,-0.17873378649328947,2.2204460492503131e-16,9.6755107691337425,-21.108047929831091,2.2442980615134918,3.9957691912115858,-0.17873378649328947,1,1.8307835762794629,1.7616246212198707,1,1,1
1785225150.7817507,7,1,0.87812536025024523,0.54688889867839685,0.47843061324018232,3,0,1,0,3.0416000779616463,0.24616974361631133,1.0802015528593865,-2.9115790690142083,-2.01849089792861,0.25157332383601372,0.00035610946322728857,0.029200975984637664,0.025995990815592066,0,-0.00035610946322728857,0.00035610946322728857,0,9.6371613863759666,-20.868233534547649,1.9425728912343896,3.9704414070691487,-0.031611794642270291,6.9082627984986094e-16,9.6860303206914082,-21.071672168042106,2.2446041152173111,3.995035690520889,-0.17877985579387173,-0.00042733135587208016,9.6509891495098437,-21.092468960694578,2.2446041152173111,3.9950997902242698,-0.17884395549725265,1,1.8307835762794629,1.7616246212198707,1,1,1
1785225150.8017507,7,1,0.87812536025024523,0.54688889867839685,0.47843061324018232,3,0,1,0,3.0416019764527205,0.24665243497190531,1.0805076845450876,-2.9115776451459028,-2.0184918471741469,0.25157284921324519,-0.00035610946322728857,0.021010458330410025,0.006409970338091194,0,-0.00035610946322728857,0,0.15929192374175152,9.6371613863759666,-20.598966005069617,1.846405916420806,4.0336649963536892,-0.26553907499507046,5.0593947252958247e-16,9.6629369990187968,-21.070274144132707,2.2442530791308277,3.9963986999566323,-0.17869050375268977,0.00042733135587324589,9.6377244490223042,-21.075402120403179,2.2442530791308277,3.9964627996600131,-0.17869050375268977,1,1.8307835762794629,1.7616246212198707,1,1,1
1785225150.8217506,7,1,0.87812536025024523,0.54688889867839685,0.47843061324018232,3,0,1,0,3.0416029256982573,0.24698609477818118,1.0805181262459953,-2.9115757466548287,-2.0184956441562951,0.25157332383601372,0,0.013176050139409676,-0.00035610946322728857,0.00035610946322728857,0.00035610946322728857,-0.00035610946322728857,0.31858384748350305,10.11503715760122,-20.964400509361234,2.038739866047973,4.0336649963536892,-0.031611794642270291,6.4071879575878283e-16,9.6452784059920287,-21.06769876698818,2.2436038426135956,3.9988779393544935,-0.17852738332984791,6.6613381477509392e-16,9.6294671458247372,-21.067413879417597,2.2434792043014662,3.9988138396511128,-0.17846328362646699,1,1.8307835762794629,1.7616246212198707,1,1,1
1785225150.8417506,7,1,0.87812536025024523,0.54688889867839685,0.47843061324018232,3,0,1,0,3.0416043495665632,0.24724096720488123,1.0805038875629394,-2.9115738481637545,-2.0184956441562951,0.25157379845878225,0,0.013532159602636965,-0.00071221892645457715,0,0,-0.00035610946322728857,-0.27876086654806514,9.6371613863759666,-21.060567484174818,2.3080073955260074,4.1032109445666842,-0.26553907499507046,8.6863275913987909e-16,9.6316272623305892,-21.065578010597655,2.243066124379884,4.0009661146710833,-0.17839108397680031,8.8817841970012523e-16,9.615388670807425,-21.065008235456492,2.243066124379884,4.0009661146710833,-0.17832698427341939,1,1.8307835762794629,1.7616246212198707,1,1,1
1785225150.8617506,7,1,0.87812536025024523,0.54688889867839685,0.47843061324018232,3,0,1,0,3.0416076719259428,0.24752289312938744,1.0805015144490968,-2.9115733735409859,-2.018499915761212,0.25157427308155078,0,0.0124638312129551,-0.00035610946322728857,-0.00035610946322728857,-0.00035610946322728857,0.00035610946322728857,0,9.4778694626342155,-21.329835013652851,2.3080073955260074,3.9704414070691487,-0.10115774285526494,8.8855596117840796e-17,9.6166062739752043,-21.063304755489899,2.2424872313338353,4.0031386226624726,-0.17824653754102035,1.1102230246251565e-16,9.6016496765196582,-21.063019867919316,2.2426118696459647,4.0032027223658533,-0.17831063724440127,1,1.8307835762794629,1.7616246212198707,1,1,1
1785225150.8817506,7,1,0.87812536025024523,0.54688889867839685,0.47843061324018232,3,0,1,0,3.0416081465487115,0.24769375732605786,1.0805015144490968,-2.9115733735409859,-2.0184989665156752,0.25157427308155078,0,0.0049855324851820395,0,-0.00035610946322728857,0,0,0,9.3185775388924625,-21.426001988466435,2.038739866047973,4.0336649963536892,-0.3350850232080651,1.2792356498229233e-16,9.6075439376833192,-21.061967117797487,2.2421392388455414,4.0044707963223409,-0.17815823859830981,1.1102230246251565e-16,9.6015612987011014,-21.061967117797487,2.2422638771576708,4.0044707963223409,-0.17815823859830981,1,1.8307835762794629,1.7616246212198707,1,1,1
1785225150.9017506,7,1,0.87812536025024523,0.54688889867839685,0.47843061324018232,3,0,1,0,3.0416090957942483,0.2477630522502631,1.080499141335254,-2.9115724242954486,-2.018499915761212,0.25157379845878225,0,0.0028488757058183086,-0.00035610946322728857,0,0,-0.00035610946322728857,-0.59734471403156819,9.7964533101177178,-21.329835013652851,2.2118404207124236,3.8629613052854297,-0.10115774285526494,3.0383395794666476e-16,9.6038351661410495,-21.061392182628946,2.2419988363916374,4.0050194940209893,-0.17812237453202728,2.7755575615628914e-16,9.6004165152940679,-21.061107295058363,2.2419988363916374,4.0050194940209893,-0.17805827482864636,1,1.8307835762794629,1.7616246212198707,1,1,1
1785225150.9217505,7,1,0.87812536025024523,0.54688889867839685,0.47843061324018232,3,0,1,0,3.0416100450397856,0.24782427858740333,1.0804958189758744,-2.9115710004271431,-2.0185008650067493,0.25157379845878225,0,0.0024927662425910197,-0.00035610946322728857,0,0,0,-0.27876086654806514,9.6371613863759666,-20.695132979883198,2.038739866047973,4.1032109445666842,-0.13276953749753523,5.4667734003004517e-16,9.6005458017548051,-21.060872278268047,2.2418752074612098,4.0055132873564716,-0.17809094392078589,5.5511151231257827e-16,9.5975544822636962,-21.060587390697464,2.2418752074612098,4.0055132873564716,-0.17809094392078589,1,1.8307835762794629,1.7616246212198707,1,1,1
1785225150.9417505,7,1,0.87812536025024523,0.54688889867839685,0.47843061324018232,3,0,1,0,3.0416100450397856,0.24783994113876479,1.080495344353106,-2.9115714750499118,-2.0185003903839807,0.25157427308155078,0,0.00035610946322728857,0,0,0,0.00035610946322728857,0.47787577122525454,9.6371613863759666,-21.329835013652851,2.5003413451531746,4.0336649963536892,-0.16438133213980552,3.0424329451178142e-16,9.599715761903612,-21.060750468453715,2.2418391681996312,4.0056419703873196,-0.17808221662743265,2.7755575615628914e-16,9.5992884305477393,-21.060750468453715,2.2418391681996312,4.0056419703873196,-0.17814631633081357,1,1.8307835762794629,1.7616246212198707,1,1,1
1785225150.9617505,7,1,0.87812536025024523,0.54688889867839685,0.47843061324018232,3,0,1,0,3.041609570417017,0.24783804264769069,1.0804962935986431,-2.9115710004271431,-2.0185003903839807,0.25157427308155078,-0.00035610946322728857,-0.00035610946322728857,0.00035610946322728857,0,0,-0.00035610946322728857,-0.43805279028981664,9.1592856151507114,-20.695132979883198,2.2118404207124236,4.1032109445666842,-0.10115774285526494,8.3742816255258332e-16,9.5998232189475523,-21.060771706465879,2.2418477667586916,4.0056200762293992,-0.17808420819094142,0.00042733135587357896,9.600250550303425,-21.061056594036462,2.2418477667586916,4.0056200762293992,-0.1780201084875605,1,1.8307835762794629,1.7616246212198707,1,1,1
1785225150.9817505,7,1,0.87812536025024523,0.54688889867839685,0.47843061324018232,3,0,1,0,3.0416100450397856,0.24783756802492216,1.0804958189758744,-2.9115710004271431,-2.0185003903839807,0.25157427308155078,0,0,0,0.00035610946322728857,0,0,0,10.274329081342973,-21.329835013652851,2.038739866047973,3.8629613052854297,0.037934153570724355,7.1863746132801276e-16,9.5998444681616295,-21.060771706465875,2.2418477667855621,4.0056200762311844,-0.17808420819598733,7.2164496600635175e-16,9.5998444681616295,-21.060771706465875,2.2417231284734327,4.0056200762311844,-0.17808420819598733,1,1.8307835762794629,1.7616246212198707,1,1,1
1785225151.0017507,7,1,0.87812536025024523,0.54688889867839685,0.47843061324018232,3,0,1,0,3.0416100450397856,0.24783709340215362,1.0804958189758744,-2.9115714750499118,-2.0185003903839807,0.25157427308155078,0,-0.00035610946322728857,0,0,-0.00035610946322728857,0,0,10.274329081342973,-20.868233534547649,2.2118404207124236,4.0336649963536892,-0.23392728035280017,2.9343209055726045e-16,9.5998708849579977,-21.060776645758128,2.2418459436933715,4.005616210990385,-0.17808392865890504,2.7755575615628914e-16,9.6002982163138704,-21.060776645758128,2.2418459436933715,4.0056803106937657,-0.17808392865890504,1,1.8307835762794629,1.7616246212198707,1,1,1
1785225151.0217507,7,1,0.87812536025024523,0.54688889867839685,0.47843061324018232,3,0,1,0,3.0416105196625538,0.24783282179723687,1.0804962935986431,-2.9115714750499118,-2.0185003903839807,0.25157379845878225,0,-0.00035610946322728857,0.00035610946322728857,0,-0.00035610946322728857,0,0,9.955745233859469,-20.868233534547649,2.4041743703395908,3.9325072534984242,-0.063223589284540582,1.1506686386472102e-16,9.6001013509504851,-21.060813796604755,2.2418561470548353,4.0055792823463721,-0.17808613257231642,1.1102230246251565e-16,9.6005286823063578,-21.061098684175338,2.2418561470548353,4.0056433820497528,-0.17808613257231642,1,1.8307835762794629,1.7616246212198707,1,1,1
1785225151.0417507,7,1,0.87812536025024523,0.54688889867839685,0.47843061324018232,3,0,1,0,3.0416114689080911,0.24782855019232009,1.0804962935986431,-2.9115714750499118,-2.018499915761212,0.25157427308155078,0,0,0,0,0,0,-0.27876086654806514,9.4778694626342155,-20.964400509361234,2.5772749250040414,4.1032109445666842,0,7.8213310848252814e-17,9.6003322692830189,-21.06085158763122,2.2418645195663203,4.005549913849574,-0.1780884461706316,5.5511151231257827e-17,9.6003322692830189,-21.06085158763122,2.2418645195663203,4.005549913849574,-0.1780884461706316,1,1.8307835762794629,1.7616246212198707,1,1,1
1785225151.0617507,7,1,0.87812536025024523,0.54688889867839685,0.47843061324018232,3,0,1,0,3.0416119435308597,0.24782522783294039,1.0804962935986431,-2.9115714750499118,-2.018499915761212,0.25157427308155078,0,-0.00035610946322728857,0,0,0,0,0.47787577122525454,9.6371613863759666,-21.618335938093601,2.2118404207124236,3.8629613052854297,-0.10115774285526494,2.213632027369471e-16,9.6005086411153098,-21.060877764086715,2.241871294995581,4.0055241542962108,-0.17809015819972568,2.2204460492503131e-16,9.6009359724711825,-21.060877764086715,2.241871294995581,4.0055241542962108,-0.17809015819972568,1,1.8307835762794629,1.7616246212198707,1,1,1
1785225151.0817506,7,1,0.87812536025024523,0.54688889867839685,0.47843061324018232,3,0,1,0,3.0416128927763966,0.24782475321017186,1.0804958189758744,-2.9115719496726804,-2.0185003903839807,0.25157427308155078,0,-0.00035610946322728857,0,-0.00071221892645457715,-0.00035610946322728857,0,-0.27876086654806514,9.7964533101177178,-21.329835013652851,2.4041743703395908,4.1032109445666842,-0.36669681785033542,3.7146061624231396e-17,9.6005272016845673,-21.06087507340283,2.2418683186409081,4.0055203475235848,-0.17808976351468181,5.5511151231257827e-17,9.60095453304044,-21.06087507340283,2.2421175952651673,4.0055844472269655,-0.17808976351468181,1,1.8307835762794629,1.7616246212198707,1,1,1
1785225151.1017506,7,1,0.87812536025024523,0.54688889867839685,0.47843061324018232,3,0,1,0,3.0416143166447021,0.24782522783294039,1.0804962935986431,-2.9115714750499118,-2.018499915761212,0.25157379845878225,0.00035610946322728857,0,0,0,0,-0.00035610946322728857,-0.43805279028981664,9.955745233859469,-21.156734458988399,2.038739866047973,3.9325072534984242,-0.10115774285526494,9.267214825538423e-17,9.6005083961777693,-21.060877519184348,2.2418718191153113,4.0055240248663475,-0.17808991635999916,-0.00042733135587263527,9.6005083961777693,-21.060877519184348,2.2418718191153113,4.0055240248663475,-0.17802581665661824,1,1.8307835762794629,1.7616246212198707,1,1,1
1785225151.1217506,7,1,0.87812536025024523,0.54688889867839685,0.47843061324018232,3,0,1,0,3.0416147912674707,0.24782475321017186,1.0804958189758744,-2.9115714750499118,-2.018499915761212,0.25157427308155078,0,0,-0.00035610946322728857,0,0,0,-0.11946894280631364,9.3185775388924625,-20.868233534547649,2.4041743703395908,4.0336649963536892,-0.26553907499507046,-1.1620207347577531e-17,9.6005298903982919,-21.060877764086708,2.241871295022452,4.005524154297996,-0.17809015820477178,0,9.6005298903982919,-21.060592876516125,2.241871295022452,4.005524154297996,-0.17809015820477178,1,1.8307835762794629,1.7616246212198707,1,1,1
1785225151.1417506,7,1,0.87812536025024523,0.54688889867839685,0.47843061324018232,3,0,1,0,3.0416147912674707,0.2478238039646348,1.0804958189758744,-2.9115714750499118,-2.0184984918929065,0.25157427308155078,0,0,0,0,0,0,-0.43805279028981664,9.6371613863759666,-20.964400509361234,2.5003413451531746,4.0020532017114192,-0.16438133213980552,2.2347434434940976e-16,9.6005920107210869,-21.060896914103481,2.24187378683233,4.0055276587615971,-0.17809025906646864,2.2204460492503131e-16,9.6005920107210869,-21.060896914103481,2.24187378683233,4.0055276587615971,-0.17809025906646864,1,1.8307835762794629,1.7616246212198707,1,1,1
1785225151.1617506,7,1,0.87812536025024523,0.54688889867839685,0.47843061324018232,3,0,1,0,3.0416157405130075,0.24781858311418098,1.0804962935986431,-2.9115714750499118,-2.0184989665156752,0.25157427308155078,0,-0.00035610946322728857,0,0,-0.00035610946322728857,0,-0.43805279028981664,9.6371613863759666,-20.598966005069617,2.2118404207124236,4.0336649963536892,-0.30347322856579484,-8.0367022311740779e-17,9.6008692033943515,-21.060937897044568,2.2418852164337668,4.0054798779744214,-0.17809332339216546,-5.5511151231257827e-17,9.6012965347502242,-21.060937897044568,2.2418852164337668,4.0055439776778021,-0.17809332339216546,1,1.8307835762794629,1.7616246212198707,1,1,1
1785225151.1817505,7,1,0.87812536025024523,0.54688889867839685,0.47843061324018232,3,0,1,0,3.0416157405130075,0.24781810849141245,1.0804958189758744,-2.9115714750499118,-2.0184994411384434,0.25157427308155078,0,0,-0.00035610946322728857,0,0,0,0.15929192374175152,9.7964533101177178,-21.156734458988399,2.2118404207124236,3.9325072534984242,-0.13276953749753523,6.1539961610103956e-16,9.6008865432398416,-21.060934006676106,2.2418850311338483,4.0054762565178699,-0.17809345282712716,6.106226635438361e-16,9.6008865432398416,-21.060649119105523,2.2418850311338483,4.0054762565178699,-0.17809345282712716,1,1.8307835762794629,1.7616246212198707,1,1,1
1785225151.2017505,7,1,0.87812536025024523,0.54688889867839685,0.47843061324018232,3,0,1,0,3.0416157405130075,0.24781905773694951,1.0804958189758744,-2.9115714750499118,-2.0184994411384434,0.25157427308155078,0,-0.00035610946322728857,0,0,0,0,-0.11946894280631364,9.7964533101177178,-21.156734458988399,2.4041743703395908,4.2043686874219492,-0.13276953749753523,4.25632205062344e-16,9.6008361513554981,-21.06092652784206,2.2418830953134212,4.0054836164183181,-0.17809296367731667,4.4408920985006262e-16,9.6012634827113708,-21.06092652784206,2.2418830953134212,4.0054836164183181,-0.17809296367731667,1,1.8307835762794629,1.7616246212198707,1,1,1
1785225151.2217505,7,1,0.87812536025024523,0.54688889867839685,0.47843061324018232,3,0,1,0,3.0416157405130075,0.24782000698248657,1.0804958189758744,-2.9115719496726804,-2.0184994411384434,0.25157427308155078,0,0,0,0,0,0,-0.43805279028981664,10.11503715760122,-21.329835013652851,1.9425728912343896,3.8629613052854297,-0.20231548571052987,3.9762357875631906e-16,9.6007869802041093,-21.06092024865643,2.2418783684229417,4.0054907909887145,-0.17809195040526601,3.8857805861880479e-16,9.6007869802041093,-21.06092024865643,2.2418783684229417,4.0054907909887145,-0.17809195040526601,1,1.8307835762794629,1.7616246212198707,1,1,1
1785225151.2417505,7,1,0.87812536025024523,0.54688889867839685,0.47843061324018232,3,0,1,0,3.0416162151357762,0.24782000698248657,1.0804958189758744,-2.9115714750499118,-2.018499915761212,0.25157427308155078,0,0,0,0,0,0,0.63716769496700609,9.4778694626342155,-20.964400509361234,2.2118404207124236,4.1348227392089543,-0.16438133213980552,3.4148872966438528e-16,9.6007818499917494,-21.060915158623608,2.241880974164185,4.0054873548593513,-0.17809260395721019,3.3306690738754696e-16,9.6007818499917494,-21.060915158623608,2.241880974164185,4.0054873548593513,-0.17809260395721019,1,1.8307835762794629,1.7616246212198707,1,1,1
1785225151.2617507,7,1,0.87812536025024523,0.54688889867839685,0.47843061324018232,3,0,1,0,3.0416157405130075,0.24782000698248657,1.0804962935986431,-2.9115714750499118,-2.0185003903839807,0.25157427308155078,0,0.00035610946322728857,0,0,0,0,0,9.3185775388924625,-20.964400509361234,2.3080073955260074,3.9325072534984242,-0.10115774285526494,3.895665894656492e-16,9.6007818871553745,-21.060915007684009,2.2418817567215177,4.0054800534511692,-0.17809297795708862,3.8857805861880479e-16,9.6003545557995018,-21.060915007684009,2.2418817567215177,4.0054800534511692,-0.17809297795708862,1,1.8307835762794629,1.7616246212198707,1,1,1
1785225151.2817507,7,1,0.87812536025024523,0.54688889867839685,0.47843061324018232,3,0,1,0,3.0416152658902393,0.24782143085079217,1.0804962935986431,-2.9115714750499118,-2.0185008650067493,0.25157474770431926,0,0,0,0,0,0.00035610946322728857,0,9.955745233859469,-20.868233534547649,2.4041743703395908,3.9704414070691487,-0.26553907499507046,5.0717661022000286e-16,9.6007026347850299,-21.06090014392543,2.2418781435371904,4.0054876012713354,-0.1780926154981412,4.9960036108132044e-16,9.6007026347850299,-21.06090014392543,2.2418781435371904,4.0054876012713354,-0.17815671520152213,1,1.8307835762794629,1.7616246212198707,1,1,1
1785225151.3017507,7,1,0.87812536025024523,0.54688889867839685,0.47843061324018232,3,0,1,0,3.0416157405130075,0.24782143085079217,1.0804958189758744,-2.9115710004271431,-2.0185013396295175,0.25157427308155078,0,0,0,0.00035610946322728857,-0.00035610946322728857,0,0.31858384748350305,9.3185775388924625,-20.868233534547649,2.2118404207124236,3.9325072534984242,-0.16438133213980552,3.7021109966060362e-17,9.6006933129846672,-21.060891069548141,2.2418803055078049,4.0054877156631692,-0.17809278264273096,5.5511151231257827e-17,9.6006933129846672,-21.060891069548141,2.2417556671956755,4.0055518153665499,-0.17809278264273096,1,1.8307835762794629,1.7616246212198707,1,1,1
1785225151.3217506,7,1,0.87812536025024523,0.54688889867839685,0.47843061324018232,3,0,1,0,3.0416157405130075,0.24782143085079217,1.0804962935986431,-2.9115714750499118,-2.0185013396295175,0.25157427308155078,0,0,0,0,0,0,0,9.955745233859469,-20.868233534547649,2.1349068408615568,4.0336649963536892,-0.36669681785033542,-1.6851447728263273e-17,9.6006984803769289,-21.060896008657263,2.2418784823311926,4.0054838503848291,-0.17809250309159999,0,9.6006984803769289,-21.060896008657263,2.2418784823311926,4.0054838503848291,-0.17809250309159999,1,1.8307835762794629,1.7616246212198707,1,1,1
1785225151.3417506,7,1,0.87812536025024523,0.54688889867839685,0.47843061324018232,3,0,1,0,3.0416157405130075,0.2478219054735607,1.0804958189758744,-2.9115714750499118,-2.0185013396295175,0.25157427308155078,0,0,0,0,0,0,-0.27876086654806514,9.4778694626342155,-20.964400509361234,2.2118404207124236,4.0336649963536892,-0.10115774285526494,2.0570266373545181e-16,9.600669337776317,-21.060888529774285,2.2418765465322177,4.0054912102831031,-0.17809201394621296,2.2204460492503131e-16,9.600669337776317,-21.060888529774285,2.2418765465322177,4.0054912102831031,-0.17809201394621296,1,1.8307835762794629,1.7616246212198707,1,1,1
1785225151.3617506,7,1,0.87812536025024523,0.54688889867839685,0.47843061324018232,3,0,1,0,3.0416152658902393,0.2478219054735607,1.0804958189758744,-2.9115714750499118,-2.0185022888750548,0.25157474770431926,-0.00035610946322728857,0,0,0,-0.00035610946322728857,0,-0.27876086654806514,9.4778694626342155,-20.695132979883198,2.5003413451531746,4.1032109445666842,0.037934153570724355,4.4953365087700493e-16,9.6006617637721128,-21.060880993944426,2.2418756517552816,4.0054840967999681,-0.17809251464205761,0.00042733135587319038,9.6006617637721128,-21.060880993944426,2.2418756517552816,4.0055481965033488,-0.17809251464205761,1,1.8307835762794629,1.7616246212198707,1,1,1
1785225151.3817506,7,1,0.87812536025024523,0.54688889867839685,0.47843061324018232,3,0,1,0,3.0416157405130075,0.2478219054735607,1.0804962935986431,-2.9115714750499118,-2.0185022888750548,0.25157474770431926,0,0,0,0,0,0,0,9.4778694626342155,-21.156734458988399,2.2118404207124236,4.0336649963536892,-0.13276953749753523,5.6804033082014939e-16,9.6006657104224846,-21.060884733386356,2.2418766196411992,4.005480416848691,-0.17809275921195905,5.5511151231257827e-16,9.6006657104224846,-21.060884733386356,2.2418766196411992,4.005480416848691,-0.17809275921195905,1,1.8307835762794629,1.7616246212198707,1,1,1
1785225151.4017506,7,1,0.87812536025024523,0.54688889867839685,0.47843061324018232,3,0,1,0,3.0416157405130075,0.24782143085079217,1.0804958189758744,-2.9115714750499118,-2.0185022888750548,0.25157474770431926,0,-0.00035610946322728857,0,0,0,0,0.15929192374175152,9.955745233859469,-21.329835013652851,2.2118404207124236,4.1032109445666842,-0.10115774285526494,3.2783748348567428e-16,9.600686959723344,-21.060884733386356,2.2418766196680711,4.0054804168504745,-0.17809275921700501,3.3306690738754696e-16,9.6011142910792167,-21.060884733386356,2.2418766196680711,4.0054804168504745,-0.17809275921700501,1,1.8307835762794629,1.7616246212198707,1,1,1
1785225151.4217505,7,1,0.87812536025024523,0.54688889867839685,0.47843061324018232,3,0,1,0,3.0416152658902393,0.2478219054735607,1.0804962935986431,-2.9115714750499118,-2.0185027634978234,0.25157474770431926,0,0,0,0,0.00035610946322728857,0,-0.27876086654806514,8.9999936914089602,-21.060567484174818,2.2118404207124236,4.2043686874219492,-0.13276953749753523,4.6870948586238518e-16,9.6006618009495988,-21.060880843018239,2.2418764343127369,4.0054767953900647,-0.17809288864155495,4.4408920985006262e-16,9.6006618009495988,-21.060880843018239,2.2418764343127369,4.005412695686684,-0.17809288864155495,1,1.8307835762794629,1.7616246212198707,1,1,1
1785225151.4417505,7,1,0.87812536025024523,0.54688889867839685,0.47843061324018232,3,0,1,0,3.0416157405130075,0.2478219054735607,1.0804962935986431,-2.9115714750499118,-2.0185032381205916,0.25157522232708779,0,0,0.00035610946322728857,0,-0.00035610946322728857,0,0,9.3185775388924625,-20.964400509361234,2.2118404207124236,3.9325072534984242,-0.031611794642270291,5.4768746667972389e-16,9.6006581364125623,-21.060877197550791,2.2418757248625631,4.0054733033599961,-0.17809325990622693,5.5511151231257827e-16,9.6006581364125623,-21.061162085121374,2.2418757248625631,4.0055374030633768,-0.17809325990622693,1,1.8307835762794629,1.7616246212198707,1,1,1
1785225151.4617505,7,1,0.87812536025024523,0.54688889867839685,0.47843061324018232,3,0,1,0,3.0416157405130075,0.2478219054735607,1.0804962935986431,-2.9115714750499118,-2.0185032381205916,0.25157474770431926,0,0,0,-0.00035610946322728857,0,-0.00035610946322728857,-0.27876086654806514,9.955745233859469,-20.964400509361234,2.1349068408615568,4.1348227392089543,-0.10115774285526494,4.9911430915167688e-16,9.6006578914758247,-21.060876952649231,2.2418762489839539,4.0054731739305369,-0.1780930180711699,4.9960036108132044e-16,9.6006578914758247,-21.060876952649231,2.2420008872960833,4.0054731739305369,-0.17802891836778897,1,1.8307835762794629,1.7616246212198707,1,1,1
1785225151.4817505,7,1,0.87812536025024523,0.54688889867839685,0.47843061324018232,3,0,1,0,3.0416152658902393,0.2478219054735607,1.0804962935986431,-2.9115714750499118,-2.0185032381205916,0.25157522232708779,-0.00035610946322728857,-0.00035610946322728857,0.00035610946322728857,0,0,0,0,8.522117920183705,-21.156734458988399,2.3080073955260074,3.9325072534984242,-0.10115774285526494,5.4978854699343531e-16,9.6006581364125587,-21.060877197550791,2.2418757248625636,4.005473303359997,-0.17809325990622696,0.0004273313558733014,9.6010854677684314,-21.061162085121374,2.2418757248625636,4.005473303359997,-0.17809325990622696,1,1.8307835762794629,1.7616246212198707,1,1,1
1785225151.5017507,7,1,0.87812536025024523,0.54688889867839685,0.47843061324018232,3,0,1,0,3.0416152658902393,0.2478238039646348,1.0804958189758744,-2.9115714750499118,-2.0185032381205916,0.25157474770431926,-0.00035610946322728857,0.00035610946322728857,0,0,0,-0.00035610946322728857,-0.11946894280631364,9.7964533101177178,-20.502799030256032,2.038739866047973,4.2043686874219492,-0.36669681785033542,6.5900010429789658e-16,9.6005531610072588,-21.060858255401897,2.2418714094426289,4.0054915736793459,-0.17809179520090113,0.00042733135587341242,9.6001258296513861,-21.060858255401897,2.2418714094426289,4.0054915736793459,-0.17802769549752021,1,1.8307835762794629,1.7616246212198707,1,1,1
1785225151.5217507,7,1,0.87812536025024523,0.54688889867839685,0.47843061324018232,3,0,1,0,3.0416152658902393,0.24782332934186627,1.0804958189758744,-2.9115714750499118,-2.0185032381205916,0.25157474770431926,0,0,0,-0.00035610946322728857,0.00035610946322728857,0,0.31858384748350305,10.11503715760122,-21.426001988466435,2.5772749250040414,3.9704414070691487,-0.13276953749753523,1.7485025648980588e-16,9.6005783569656735,-21.060861994860765,2.2418723773572777,4.0054878937317477,-0.17809203977604426,1.6653345369377348e-16,9.6005783569656735,-21.060861994860765,2.2419970156694071,4.005423794028367,-0.17809203977604426,1,1.8307835762794629,1.7616246212198707,1,1,1
1785225151.5417507,7,1,0.87812536025024523,0.54688889867839685,0.47843061324018232,3,0,1,0,3.0416152658902393,0.24782285471909776,1.0804958189758744,-2.9115714750499118,-2.0185037127433603,0.25157474770431926,0,0,0,0,-0.00035610946322728857,-0.00035610946322728857,0.31858384748350305,8.9999936914089602,-21.329835013652851,2.3080073955260074,4.1032109445666842,0,5.6743594708244532e-16,9.6005996434499625,-21.060861843947837,2.2418731599425592,4.0054805923253873,-0.17809241378072879,5.5511151231257827e-16,9.6005996434499625,-21.060861843947837,2.2418731599425592,4.0055446920287681,-0.17802831407734787,1,1.8307835762794629,1.7616246212198707,1,1,1
1785225151.5617507,7,1,0.87812536025024523,0.54688889867839685,0.47843061324018232,3,0,1,0,3.0416157405130075,0.24782238009632923,1.0804958189758744,-2.9115714750499118,-2.0185037127433603,0.25157522232708779,0,-0.00035610946322728857,-0.00035610946322728857,0,0,0,-0.11946894280631364,9.1592856151507114,-20.964400509361234,1.9425728912343896,4.0336649963536892,-0.10115774285526494,6.4212655368846932e-16,9.6006250843397503,-21.060865828298031,2.2418736037351907,4.0054770418045678,-0.17809290019118448,6.6613381477509392e-16,9.601052415695623,-21.060580940727448,2.2418736037351907,4.0054770418045678,-0.17809290019118448,1,1.8307835762794629,1.7616246212198707,1,1,1
1785225151.5817506,7,1,0.87812536025024523,0.54688889867839685,0.47843061324018232,3,0,1,0,3.0416157405130075,0.24782285471909776,1.0804958189758744,-2.9115714750499118,-2.0185037127433603,0.25157522232708779,0,0.00035610946322728857,0,0,-0.00035610946322728857,0,0,8.9999936914089602,-20.964400509361234,2.4041743703395908,4.0336649963536892,-0.3350850232080651,2.397109840676962e-16,9.6005998883868333,-21.060862088849532,2.2418726358218573,4.0054807217548127,-0.17809265561642837,2.2204460492503131e-16,9.6001725570309606,-21.060862088849532,2.2418726358218573,4.0055448214581935,-0.17809265561642837,1,1.8307835762794629,1.7616246212198707,1,1,1
1785225151.6017506,7,1,0.87812536025024523,0.54688889867839685,0.47843061324018232,3,0,1,0,3.0416157405130075,0.24782285471909776,1.0804958189758744,-2.9115710004271431,-2.0185037127433603,0.25157522232708779,0.00035610946322728857,0,0,0.00035610946322728857,-0.00035610946322728857,0,0.31858384748350305,9.6371613863759666,-20.598966005069617,2.038739866047973,3.9325072534984242,-0.13276953749753523,5.1622889489597184e-16,9.6005986676410195,-21.06086088917856,2.2418754268789347,4.0054809070840136,-0.17809317973712691,-0.00042733135587224669,9.6005986676410195,-21.06086088917856,2.2417507885668053,4.0055450067873943,-0.17809317973712691,1,1.8307835762794629,1.7616246212198707,1,1,1
1785225151.6217506,7,1,0.87812536025024523,0.54688889867839685,0.47843061324018232,3,0,1,0,3.0416157405130075,0.24782285471909776,1.0804958189758744,-2.9115714750499118,-2.0185037127433603,0.25157522232708779,0.00035610946322728857,0,0,-0.00035610946322728857,0,0,0,10.274329081342973,-20.598966005069617,2.4041743703395908,4.0336649963536892,-0.10115774285526494,2.397109840676962e-16,9.6005998883868333,-21.060862088849532,2.2418726358218573,4.0054807217548127,-0.17809265561642837,-0.00042733135587252424,9.6005998883868333,-21.060862088849532,2.2419972741339866,4.0054807217548127,-0.17809265561642837,1,1.8307835762794629,1.7616246212198707,1,1,1
1785225151.6417506,7,1,0.87812536025024523,0.54688889867839685,0.47843061324018232,3,0,1,0,3.0416157405130075,0.24782285471909776,1.0804962935986431,-2.9115714750499118,-2.0185041873661289,0.25157522232708779,0.00035610946322728857,0,0.00035610946322728857,-0.00035610946322728857,0,0,0,8.9999936914089602,-20.964400509361234,2.1349068408615568,3.8629613052854297,-0.10115774285526494,-8.2533238839325349e-17,9.6005999255703358,-21.060861937929136,2.2418734183790652,4.0054734203431863,-0.17809302961542572,-0.0004273313558728018,9.6005999255703358,-21.061146825499719,2.2419980566911946,4.0054734203431863,-0.17809302961542572,1,1.8307835762794629,1.7616246212198707,1,1,1
1785225151.6617506,7,1,0.87812536025024523,0.54688889867839685,0.47843061324018232,3,0,1,0,3.0416152658902393,0.24782285471909776,1.0804958189758744,-2.9115710004271431,-2.0185051366116658,0.25157522232708779,0,0,0,0.00035610946322728857,-0.00035610946322728857,0,0.15929192374175152,9.6371613863759666,-20.695132979883198,2.4041743703395908,4.1032109445666842,-0.10115774285526494,4.4328964622063344e-16,9.6005869392204293,-21.060849218072274,2.2418748708893257,4.0054700427060528,-0.1780935680249634,4.4408920985006262e-16,9.6005869392204293,-21.060849218072274,2.2417502325771963,4.0055341424094335,-0.1780935680249634,1,1.8307835762794629,1.7616246212198707,1,1,1
1785225151.6817505,7,1,0.87812536025024523,0.54688889867839685,0.47843061324018232,3,0,1,0,3.0416152658902393,0.24782285471909776,1.0804958189758744,-2.9115714750499118,-2.0185056112344344,0.25157522232708779,0,0,-0.00035610946322728857,0,0,0,0.47787577122525454,9.4778694626342155,-21.426001988466435,2.2118404207124236,3.9325072534984242,-0.16438133213980552,5.2873936827328396e-16,9.6005842504905914,-21.060846527372366,2.2418718945032405,4.0054662359144446,-0.17809317333362229,5.5511151231257827e-16,9.6005842504905914,-21.060561639801783,2.2418718945032405,4.0054662359144446,-0.17809317333362229,1,1.8307835762794629,1.7616246212198707,1,1,1
# event,1785225151.8868248,RECOVERING,实体 FREE 松开：实体保持输入已释放；保持力矩控制并增强阻尼，静止后切回位置保持
1785225151.8017507,7,1,0.87812536025024523,0.54688889867839685,0.47843061324018232,3,0,1,0,3.0416138420219334,0.24781953235971804,1.0804958189758744,-2.9115747974092914,-2.0185160529353419,0.25157617157262485,0,0,0,-0.00035610946322728857,0,0,-0.59734471403156819,9.6371613863759666,-20.868233534547649,2.5772749250040414,4.0336649963536892,-0.031611794642270291,2.9438548749585972e-16,9.6006836482678164,-21.060796002280203,2.2418540068776553,4.005359765210585,-0.17809454760145793,2.7755575615628914e-16,9.6006836482678164,-21.060796002280203,2.2419786451897847,4.005359765210585,-0.17809454760145793,1,1.8307835762794629,1.7616246212198707,1,1,1
1785225151.8217506,7,1,0.87812536025024523,0.54688889867839685,0.47843061324018232,3,0,1,0,3.0416143166447021,0.24781953235971804,1.0804962935986431,-2.9115747974092914,-2.0185165275581105,0.25157664619539338,0.00035610946322728857,0,0,-0.00035610946322728857,0,0,0.31858384748350305,9.3185775388924625,-20.964400509361234,2.2118404207124236,4.0336649963536892,-0.10115774285526494,2.0105066582908871e-16,9.6006839302929325,-21.060796096167302,2.2418542652911011,4.0053525931672862,-0.17809516342196641,-0.00042733135587252424,9.6006839302929325,-21.060796096167302,2.2419789036032305,4.0053525931672862,-0.17809516342196641,1,1.8307835762794629,1.7616246212198707,1,1,1
1785225151.8417506,7,1,0.87812536025024523,0.54688889867839685,0.47843061324018232,3,0,1,0,3.0416138420219334,0.24781953235971804,1.0804962935986431,-2.9115747974092914,-2.0185170021808791,0.25157664619539338,0,0,0.00035610946322728857,0,0,0,0.47787577122525454,10.274329081342973,-21.156734458988399,2.2118404207124236,3.8629613052854297,-0.10115774285526494,5.519899505431992e-16,9.6006800207881362,-21.060792205767363,2.241854079955298,4.005348971675132,-0.17809529285097317,5.5511151231257827e-16,9.6006800207881362,-21.061077093337946,2.241854079955298,4.005348971675132,-0.17809529285097317,1,1.8307835762794629,1.7616246212198707,1,1,1
1785225151.8617506,7,1,0.87812536025024523,0.54688889867839685,0.47843061324018232,3,0,1,0,3.0416138420219334,0.24781953235971804,1.0804958189758744,-2.9115747974092914,-2.018517951426416,0.25157664619539338,0,0,0,-0.00035610946322728857,0.00035610946322728857,0,0,9.3185775388924625,-21.156734458988399,2.038739866047973,4.0336649963536892,-0.40463097142105975,3.3223270824568983e-16,9.6006682551851021,-21.060780685581754,2.2418527414113187,4.0053454086727287,-0.1780953071416434,3.3306690738754696e-16,9.6006682551851021,-21.060780685581754,2.2419773797234481,4.005281308969348,-0.1780953071416434,1,1.8307835762794629,1.7616246212198707,1,1,1
1785225151.8817506,7,1,0.87812536025024523,0.54688889867839685,0.47843061324018232,3,0,1,0,3.0416138420219334,0.24781953235971804,1.0804958189758744,-2.9115747974092914,-2.0185184260491846,0.25157664619539338,0,-0.00035610946322728857,0,0,0,0.00035610946322728857,0.63716769496700609,9.955745233859469,-21.329835013652851,1.9425728912343896,3.8629613052854297,0.037934153570724355,7.1133201100712893e-17,9.6006643456785756,-21.060776795180097,2.241852556074635,4.005341787178728,-0.17809543657069041,5.5511151231257827e-17,9.6010916770344483,-21.060776795180097,2.241852556074635,4.005341787178728,-0.17815953627407133,1,1.8307835762794629,1.7616246212198707,1,1,1
1785225151.9017506,6,1,0.87812536025024523,0.54688889867839685,0.47843061324018232,3,0,1,1,3.0416143166447021,0.24782000698248657,1.0804958189758744,-2.9115747974092914,-2.0185193752947219,0.25157617157262485,0.00035610946322728857,0,0,0,0,0,0.15929192374175152,9.3185775388924625,-21.156734458988399,2.4041743703395908,4.0020532017114192,-0.40463097142105975,5.3257163308888575e-17,9.6006310858243396,-21.060765030089641,2.241851741624266,4.0053380947432702,-0.17809520903410467,-0.00025960379869231488,9.6006386822154841,-21.060772589429533,2.2418520691987927,4.005345125589364,-0.17809497272887925,1,1.8307835762794629,1.7616246212198707,1,1,1
1785225151.9217505,6,1,0.87812536025024523,0.54688889867839685,0.47843061324018232,3,0,1,1,3.0416138420219334,0.24782000698248657,1.0804958189758744,-2.9115747974092914,-2.0185198499174901,0.25157664619539338,-0.00035610946322728857,0,0,0.00035610946322728857,0,0.00035610946322728857,-0.27876086654806514,9.6371613863759666,-21.156734458988399,2.2118404207124236,4.0020532017114192,-0.031611794642270291,2.763292573697801e-16,9.6006274212507492,-21.060761384585742,2.2418510321641927,4.0053346026766672,-0.17809558028538869,0.0012040060951718046,9.6006378723451054,-21.060771783773554,2.2414505770431963,4.005344353843034,-0.17834588937871165,1,1.8307835762794629,1.7616246212198707,1,1,1
1785225151.9417505,6,1,0.87812536025024523,0.54688889867839685,0.47843061324018232,3,0,1,1,3.0416138420219334,0.24782000698248657,1.0804958189758744,-2.91157527203206,-2.0185203245402588,0.25157664619539338,0,0,0,0,0,0,-0.27876086654806514,9.3185775388924625,-20.868233534547649,2.038739866047973,4.0336649963536892,-0.13276953749753523,6.8316358621877677e-16,9.6006247324698535,-21.060758693834998,2.2418480557708689,4.0053307958420552,-0.17809518559193063,2.928629561083085e-16,9.600636798625553,-21.060770715641421,2.241851704536634,4.0053433306680351,-0.17809516355235996,1,1.8307835762794629,1.7616246212198707,1,1,1
1785225151.9617505,6,1,0.87812536025024523,0.54688889867839685,0.47843061324018232,3,0,1,1,3.0416138420219334,0.24781953235971804,1.0804958189758744,-2.91157527203206,-2.0185203245402588,0.25157617157262485,0,0,0,0,0,-0.00035610946322728857,-0.27876086654806514,9.955745233859469,-21.156734458988399,1.9425728912343896,3.9325072534984242,-0.30347322856579484,3.2448109358359615e-16,9.6006496834367638,-21.060762188318243,2.2418495477908462,4.0053269864264536,-0.17809518834314245,2.4806545706468337e-16,9.6006358128557245,-21.06076973500134,2.2418515136920414,4.0053423913025927,-0.17734409502012818,1,1.8307835762794629,1.7616246212198707,1,1,1
1785225151.9817505,6,1,0.87812536025024523,0.54688889867839685,0.47843061324018232,3,0,1,1,3.0416138420219334,0.24781953235971804,1.0804962935986431,-2.91157527203206,-2.0185203245402588,0.25157664619539338,0,0,0.00035610946322728857,0,0.00035610946322728857,0.00035610946322728857,-0.27876086654806514,8.9999936914089602,-20.964400509361234,2.5772749250040414,3.8313495106431597,-0.3350850232080651,5.6912813114226229e-16,9.600653874956663,-21.060766172595294,2.2418499915378591,4.0053234358667842,-0.17809567473154334,2.2325197246431116e-16,9.6006352668345194,-21.063597413178467,2.2418514079825829,4.0044580518108841,-0.17897913790970474,1,1.8307835762794629,1.7616246212198707,1,1,1
1785225152.0017507,6,1,0.87812536025024523,0.54688889867839685,0.47843061324018232,3,0,1,1,3.0416138420219334,0.24781953235971804,1.0804962935986431,-2.91157527203206,-2.0185207991630274,0.25157617157262485,0,0,0.00035610946322728857,0,-0.00035610946322728857,-0.00035610946322728857,-0.11946894280631364,9.6371613863759666,-21.329835013652851,2.4041743703395908,4.0336649963536892,-0.23392728035280017,3.0976506438260147e-16,9.6006497205102548,-21.060762037288953,2.2418503303228801,4.0053196849377466,-0.1780955623402323,2.2204460492503131e-16,9.6006352402663726,-21.063618041097445,2.2418514028390018,4.0062321193255288,-0.17720504776916565,1,1.8307835762794629,1.7616246212198707,1,1,1
1785225152.0217507,6,1,0.87812536025024523,0.54688889867839685,0.47843061324018232,3,0,1,1,3.0416133673991652,0.24781953235971804,1.0804958189758744,-2.91157527203206,-2.0185207991630274,0.25157664619539338,0,0.00035610946322728857,0,0,0,0,-0.59734471403156819,9.4778694626342155,-20.868233534547649,2.2118404207124236,4.1032109445666842,-0.30347322856579484,4.914111593019302e-16,9.6006460188601395,-21.060758542811321,2.2418488383301431,4.0053234943569302,-0.17809555959343318,2.2204460492503131e-16,9.5963619267076457,-21.060769165391626,2.2418514028390018,4.005341845667461,-0.17809532142723386,1,1.8307835762794629,1.7616246212198707,1,1,1
1785225152.0417507,6,1,0.87812536025024523,0.54688889867839685,0.47843061324018232,3,0,1,1,3.0416133673991652,0.24781953235971804,1.0804958189758744,-2.91157527203206,-2.0185203245402588,0.25157664619539338,0,0,0,0.00035610946322728857,0.00035610946322728857,0.00035610946322728857,0.15929192374175152,10.11503715760122,-21.329835013652851,2.5003413451531746,4.0020532017114192,-0.031611794642270291,3.6907790268785338e-16,9.6006499283711975,-21.060762433217498,2.2418490236680526,4.0053271158557626,-0.17809543016427992,2.2204460492503131e-16,9.6006352402663726,-21.060769165391626,2.2404269649860926,4.0044515720093932,-0.17898559508530207,1,1.8307835762794629,1.7616246212198707,1,1,1
1785225152.0617507,6,1,0.87812536025024523,0.54688889867839685,0.47843061324018232,3,0,1,1,3.0416133673991652,0.24781953235971804,1.0804958189758744,-2.91157527203206,-2.0185207991630274,0.25157664619539338,0,0,0,0,-0.00035610946322728857,0,0.15929192374175152,9.4778694626342155,-21.060567484174818,2.038739866047973,4.0336649963536892,-0.30347322856579484,4.914111593019302e-16,9.6006460188601395,-21.060758542811321,2.2418488383301431,4.0053234943569302,-0.17809555959343318,2.2204460492503131e-16,9.6006352402663726,-21.060769165391626,2.2418514028390018,4.0062321193255288,-0.17809532142723386,1,1.8307835762794629,1.7616246212198707,1,1,1
1785225152.0817506,6,1,0.87812536025024523,0.54688889867839685,0.47843061324018232,3,0,1,1,3.0416128927763966,0.24781953235971804,1.0804958189758744,-2.91157527203206,-2.0185203245402588,0.25157664619539338,0,0,0,0,0.00035610946322728857,0.00035610946322728857,-0.27876086654806514,9.955745233859469,-21.329835013652851,2.2118404207124236,3.8313495106431597,-0.031611794642270291,3.6907790268785338e-16,9.6006499283711957,-21.060762433217498,2.2418490236680522,4.0053271158557617,-0.17809543016427995,2.2204460492503131e-16,9.6006352402663726,-21.060769165391626,2.2418514028390018,4.0044515720093932,-0.17898559508530207,1,1.8307835762794629,1.7616246212198707,1,1,1
1785225152.1017506,6,1,0.87812536025024523,0.54688889867839685,0.47843061324018232,3,0,1,1,3.0416133673991652,0.24781905773694951,1.0804958189758744,-2.9115747974092914,-2.0185203245402588,0.25157664619539338,0,0,0,0.00035610946322728857,0,0.00035610946322728857,0.63716769496700609,9.6371613863759666,-21.156734458988399,2.2118404207124236,4.0336649963536892,-0.3350850232080651,1.4382574183259245e-16,9.6006739035432851,-21.060764972943016,2.2418527826225798,4.0053236212065864,-0.17809619885960651,2.2204460492503131e-16,9.6006352402663726,-21.060769165391626,2.2404269649860926,4.005341845667461,-0.17898559508530207,1,1.8307835762794629,1.7616246212198707,1,1,1
1785225152.1217506,6,1,0.87812536025024523,0.54688889867839685,0.47843061324018232,3,0,1,1,3.0416133673991652,0.24781953235971804,1.0804962935986431,-2.9115747974092914,-2.0185207991630274,0.25157617157262485,0,0,0,0.00035610946322728857,0,0,-0.11946894280631364,9.6371613863759666,-21.233668038839266,2.4041743703395908,3.9704414070691487,-0.13276953749753523,2.0570835359614478e-16,9.6006484997831372,-21.060760837636533,2.2418531213802741,4.0053198702760948,-0.17809608646316666,2.2204460492503131e-16,9.6006352402663726,-21.060769165391626,2.2404269649860926,4.005341845667461,-0.17809532142723386,1,1.8307835762794629,1.7616246212198707,1,1,1
1785225152.1417506,6,1,0.87812536025024523,0.54688889867839685,0.47843061324018232,3,0,1,1,3.0416128927763966,0.24781953235971804,1.0804958189758744,-2.91157527203206,-2.0185203245402588,0.25157664619539338,0,0,0,0,0.00035610946322728857,0,0.47787577122525454,9.6371613863759666,-21.329835013652851,1.846405916420806,4.0336649963536892,-0.26553907499507046,3.6907790268785338e-16,9.6006499283711957,-21.060762433217498,2.2418490236680522,4.0053271158557617,-0.17809543016427995,2.2204460492503131e-16,9.6006352402663726,-21.060769165391626,2.2418514028390018,4.0044515720093932,-0.17809532142723386,1,1.8307835762794629,1.7616246212198707,1,1,1
1785225152.1617506,6,1,0.87812536025024523,0.54688889867839685,0.47843061324018232,3,0,1,1,3.0416128927763966,0.24781953235971804,1.0804958189758744,-2.91157527203206,-2.0185207991630274,0.25157664619539338,0,0,0,0,0,0,0.15929192374175152,9.7964533101177178,-21.426001988466435,2.2118404207124236,3.9325072534984242,-0.13276953749753523,4.914111593019302e-16,9.6006460188601377,-21.060758542811318,2.2418488383301423,4.0053234943569294,-0.17809555959343332,2.2204460492503131e-16,9.6006352402663726,-21.060769165391626,2.2418514028390018,4.005341845667461,-0.17809532142723386,1,1.8307835762794629,1.7616246212198707,1,1,1
1785225152.1817505,6,1,0.87812536025024523,0.54688889867839685,0.47843061324018232,3,0,1,1,3.0416133673991652,0.24781953235971804,1.0804958189758744,-2.91157527203206,-2.0185207991630274,0.25157617157262485,0.00035610946322728857,0,-0.00035610946322728857,0,0,0,-0.27876086654806514,9.3185775388924625,-21.426001988466435,2.4041743703395908,3.9325072534984242,-0.3350850232080651,3.3787766277429641e-16,9.6006457739256916,-21.060758297912052,2.2418493624529274,4.0053233649276025,-0.1780953177726266,-0.0042733135587272406,9.6006352402663726,-21.057920289685807,2.2418514028390018,4.005341845667461,-0.17809532142723386,1,1.8307835762794629,1.7616246212198707,1,1,1
1785225152.2017505,6,1,0.87812536025024523,0.54688889867839685,0.47843061324018232,3,0,1,1,3.0416133673991652,0.24781953235971804,1.0804958189758744,-2.91157527203206,-2.0185207991630274,0.25157664619539338,0.00035610946322728857,0,-0.00035610946322728857,0,0,0,0,9.955745233859469,-21.426001988466435,2.5772749250040414,4.0020532017114192,-0.031611794642270291,4.914111593019302e-16,9.6006460188601395,-21.060758542811321,2.2418488383301431,4.0053234943569302,-0.17809555959343318,-0.0042733135587272406,9.6006352402663726,-21.057920289685807,2.2418514028390018,4.005341845667461,-0.17809532142723386,1,1.8307835762794629,1.7616246212198707,1,1,1
1785225152.2217505,6,1,0.87812536025024523,0.54688889867839685,0.47843061324018232,3,0,1,1,3.0416128927763966,0.24781953235971804,1.0804962935986431,-2.91157527203206,-2.0185207991630274,0.25157664619539338,0,0,0.00035610946322728857,0.00035610946322728857,0,0,0.15929192374175152,9.3185775388924625,-20.695132979883198,2.5772749250040414,4.0336649963536892,-0.3350850232080651,2.4124498421606828e-16,9.6006499654446671,-21.060762282188186,2.2418498061998693,4.0053198143670912,-0.17809580416071416,2.2204460492503131e-16,9.6006352402663726,-21.063618041097445,2.2404269649860926,4.005341845667461,-0.17809532142723386,1,1.8307835762794629,1.7616246212198707,1,1,1
1785225152.2417505,6,1,0.87812536025024523,0.54688889867839685,0.47843061324018232,3,0,1,1,3.0416128927763966,0.24781953235971804,1.0804958189758744,-2.91157527203206,-2.0185207991630274,0.25157617157262485,0,0,0,0,0,0,0.31858384748350305,9.6371613863759666,-21.156734458988399,2.4041743703395908,3.9325072534984242,-0.13276953749753523,3.3787766277429641e-16,9.6006457739256899,-21.060758297912045,2.2418493624529265,4.0053233649276008,-0.1780953177726268,2.2204460492503131e-16,9.6006352402663726,-21.060769165391626,2.2418514028390018,4.005341845667461,-0.17809532142723386,1,1.8307835762794629,1.7616246212198707,1,1,1
1785225152.2617507,6,1,0.87812536025024523,0.54688889867839685,0.47843061324018232,3,0,1,1,3.0416128927763966,0.24781953235971804,1.0804962935986431,-2.91157527203206,-2.018521273785796,0.25157617157262485,0,0,0,0,0,0,-0.59734471403156819,9.4778694626342155,-21.618335938093601,2.5003413451531746,4.0336649963536892,-0.23392728035280017,5.6831422244588679e-16,9.6006458109973565,-21.060758146880936,2.2418501449845598,4.0053160634371316,-0.17809569176975326,2.2204460492503131e-16,9.6006352402663726,-21.060769165391626,2.2418514028390018,4.005341845667461,-0.17809532142723386,1,1.8307835762794629,1.7616246212198707,1,1,1
1785225152.2817507,6,1,0.87812536025024523,0.54688889867839685,0.47843061324018232,3,0,1,1,3.0416133673991652,0.24781953235971804,1.0804962935986431,-2.91157527203206,-2.018521273785796,0.25157664619539338,0.00035610946322728857,0,0.00035610946322728857,-0.00035610946322728857,0,0.00035610946322728857,0,9.3185775388924625,-21.156734458988399,2.2118404207124236,3.8629613052854297,0.037934153570724355,3.8669274970070669e-16,9.6006460559317812,-21.060758391780183,2.2418496208615597,4.0053161928664984,-0.17809593358990436,-0.0042733135587272406,9.6006352402663726,-21.063618041097445,2.2432758406919109,4.005341845667461,-0.17898559508530207,1,1.8307835762794629,1.7616246212198707,1,1,1
1785225152.3017507,6,1,0.87812536025024523,0.54688889867839685,0.47843061324018232,3,0,1,1,3.0416133673991652,0.24781953235971804,1.0804958189758744,-2.91157527203206,-2.018521273785796,0.25157664619539338,0.00035610946322728857,0,0,0,0,0,-0.59734471403156819,10.11503715760122,-20.868233534547649,2.038739866047973,4.1348227392089543,-0.063223589284540582,5.1941499148311755e-16,9.6006421093481862,-21.060754652404253,2.241848652991913,4.0053198728571946,-0.17809568902260575,-0.0042733135587272406,9.6006352402663726,-21.060769165391626,2.2418514028390018,4.005341845667461,-0.17809532142723386,1,1.8307835762794629,1.7616246212198707,1,1,1
1785225152.3217506,6,1,0.87812536025024523,0.54688889867839685,0.47843061324018232,3,0,1,1,3.0416128927763966,0.24781953235971804,1.0804958189758744,-2.91157527203206,-2.018521273785796,0.25157664619539338,0,-0.00035610946322728857,0,0,0,0,-0.27876086654806514,9.6371613863759666,-20.964400509361234,2.038739866047973,4.0020532017114192,-0.20231548571052987,5.1941499148311755e-16,9.6006421093481844,-21.060754652404249,2.2418486529919122,4.0053198728571928,-0.17809568902260567,2.2204460492503131e-16,9.6049085538250996,-21.060769165391626,2.2418514028390018,4.005341845667461,-0.17809532142723386,1,1.8307835762794629,1.7616246212198707,1,1,1
1785225152.3417506,6,1,0.87812536025024523,0.54688889867839685,0.47843061324018232,3,0,1,1,3.0416128927763966,0.24781953235971804,1.0804958189758744,-2.91157527203206,-2.018521273785796,0.25157664619539338,0,0,0,0,0,0,0.31858384748350305,9.6371613863759666,-20.868233534547649,2.5772749250040414,4.1032109445666842,0,5.1941499148311755e-16,9.6006421093481844,-21.060754652404249,2.2418486529919122,4.0053198728571928,-0.17809568902260567,2.2204460492503131e-16,9.6006352402663726,-21.060769165391626,2.2418514028390018,4.005341845667461,-0.17809532142723386,1,1.8307835762794629,1.7616246212198707,1,1,1
1785225152.3617506,6,1,0.87812536025024523,0.54688889867839685,0.47843061324018232,3,0,1,1,3.0416128927763966,0.24781953235971804,1.0804962935986431,-2.9115747974092914,-2.018521273785796,0.25157664619539338,0,0,0.00035610946322728857,0.00035610946322728857,0,0,-0.11946894280631364,9.3185775388924625,-20.964400509361234,2.5772749250040414,4.0336649963536892,-0.3350850232080651,6.529655581237428e-16,9.6006448352049674,-21.060757192128072,2.2418524119186563,4.0053163782051548,-0.17809645771290142,2.2204460492503131e-16,9.6006352402663726,-21.063618041097445,2.2404269649860926,4.005341845667461,-0.17809532142723386,1,1.8307835762794629,1.7616246212198707,1,1,1
1785225152.3817506,6,1,0.87812536025024523,0.54688889867839685,0.47843061324018232,3,0,1,1,3.0416128927763966,0.24781953235971804,1.0804958189758744,-2.91157527203206,-2.018521273785796,0.25157617157262485,0,0,0,0,0,0,0.15929192374175152,9.6371613863759666,-21.156734458988399,2.5772749250040414,4.0336649963536892,-0.063223589284540582,3.6797366633520188e-16,9.6006418644137188,-21.060754407504959,2.2418491771146862,4.0053197434278447,-0.17809544720213019,2.2204460492503131e-16,9.6006352402663726,-21.060769165391626,2.2418514028390018,4.005341845667461,-0.17809532142723386,1,1.8307835762794629,1.7616246212198707,1,1,1
1785225152.4017506,6,1,0.87812536025024523,0.54688889867839685,0.47843061324018232,3,0,1,1,3.0416133673991652,0.24781953235971804,1.0804958189758744,-2.91157527203206,-2.018521273785796,0.25157617157262485,0.00035610946322728857,0,-0.00035610946322728857,0.00035610946322728857,0,-0.00035610946322728857,0.31858384748350305,8.8407017676672091,-20.695132979883198,2.2118404207124236,3.8629613052854297,-0.16438133213980552,3.6797366633520188e-16,9.6006418644137224,-21.060754407504962,2.2418491771146871,4.0053197434278465,-0.17809544720213025,-0.0042733135587272406,9.6006352402663726,-21.057920289685807,2.2404269649860926,4.005341845667461,-0.17720504776916565,1,1.8307835762794629,1.7616246212198707,1,1,1
1785225152.4217505,6,1,0.87812536025024523,0.54688889867839685,0.47843061324018232,3,0,1,1,3.0416128927763966,0.24781953235971804,1.0804958189758744,-2.91157527203206,-2.018521273785796,0.25157617157262485,-0.00035610946322728857,0,-0.00035610946322728857,0,0,0,0.31858384748350305,10.433621005084724,-21.426001988466435,1.9425728912343896,3.9325072534984242,-0.031611794642270291,3.6797366633520188e-16,9.6006418644137188,-21.060754407504959,2.2418491771146862,4.0053197434278447,-0.17809544720213019,0.0042733135587276847,9.6006352402663726,-21.057920289685807,2.2418514028390018,4.005341845667461,-0.17809532142723386,1,1.8307835762794629,1.7616246212198707,1,1,1
1785225152.4417505,6,1,0.87812536025024523,0.54688889867839685,0.47843061324018232,3,0,1,1,3.0416128927763966,0.24781953235971804,1.0804962935986431,-2.91157527203206,-2.0185207991630274,0.25157664619539338,-0.00035610946322728857,0,0.00035610946322728857,0,0.00035610946322728857,0,0.15929192374175152,10.274329081342973,-21.156734458988399,2.038739866047973,4.0336649963536892,-0.26553907499507046,2.4124498421606828e-16,9.6006499654446671,-21.060762282188186,2.2418498061998693,4.0053198143670912,-0.17809580416071416,0.0042733135587276847,9.6006352402663726,-21.063618041097445,2.2418514028390018,4.0044515720093932,-0.17809532142723386,1,1.8307835762794629,1.7616246212198707,1,1,1
1785225152.4617505,6,1,0.87812536025024523,0.54688889867839685,0.47843061324018232,3,0,1,1,3.0416133673991652,0.24781953235971804,1.0804958189758744,-2.9115747974092914,-2.0185207991630274,0.25157664619539338,0,0.00035610946322728857,-0.00035610946322728857,0.00035610946322728857,0,0,0.31858384748350305,8.9999936914089602,-21.426001988466435,2.038739866047973,3.8313495106431597,-0.031611794642270291,2.6855980104420838e-16,9.6006447981326062,-21.0607573431585,2.241851629386411,4.0053236796951897,-0.17809608371621419,2.2204460492503131e-16,9.5963619267076457,-21.057920289685807,2.2404269649860926,4.005341845667461,-0.17809532142723386,1,1.8307835762794629,1.7616246212198707,1,1,1
1785225152.4817505,6,1,0.87812536025024523,0.54688889867839685,0.47843061324018232,3,0,1,1,3.0416128927763966,0.24781905773694951,1.0804958189758744,-2.91157527203206,-2.018521273785796,0.25157617157262485,-0.00035610946322728857,-0.00035610946322728857,0,0,0,0,0,9.7964533101177178,-20.406632055442447,2.4041743703395908,4.1032109445666842,-0.20231548571052987,7.6643965935519037e-16,9.6006670603109541,-21.060758146880925,2.2418501450114308,4.0053160634389151,-0.17809569177479923,0.0042733135587276847,9.6049085538250996,-21.060769165391626,2.2418514028390018,4.005341845667461,-0.17809532142723386,1,1.8307835762794629,1.7616246212198707,1,1,1
1785225152.5017507,6,1,0.87812536025024523,0.54688889867839685,0.47843061324018232,3,0,1,1,3.0416133673991652,0.24781953235971804,1.0804962935986431,-2.91157527203206,-2.018521273785796,0.25157664619539338,0.00035610946322728857,0.00035610946322728857,0.00035610946322728857,0,0,0.00035610946322728857,0.15929192374175152,9.3185775388924625,-20.964400509361234,2.3080073955260074,4.2043686874219492,0,3.8669274970070669e-16,9.6006460559317812,-21.060758391780183,2.2418496208615597,4.0053161928664984,-0.17809593358990436,-0.0042733135587272406,9.5963619267076457,-21.063618041097445,2.2418514028390018,4.005341845667461,-0.17898559508530207,1,1.8307835762794629,1.7616246212198707,1,1,1
1785225152.5217507,6,1,0.87812536025024523,0.54688889867839685,0.47843061324018232,3,0,1,1,3.0416128927763966,0.24781905773694951,1.0804958189758744,-2.91157527203206,-2.018521273785796,0.25157617157262485,-0.00035610946322728857,0,0,0,0,-0.00035610946322728857,-0.27876086654806514,9.6371613863759666,-20.868233534547649,2.038739866047973,4.1032109445666842,-0.10115774285526494,7.6643965935519037e-16,9.6006670603109541,-21.060758146880925,2.2418501450114308,4.0053160634389151,-0.17809569177479923,0.0042733135587276847,9.6006352402663726,-21.060769165391626,2.2418514028390018,4.005341845667461,-0.17720504776916565,1,1.8307835762794629,1.7616246212198707,1,1,1
1785225152.5417507,6,1,0.87812536025024523,0.54688889867839685,0.47843061324018232,3,0,1,1,3.0416128927763966,0.24781905773694951,1.0804958189758744,-2.9115747974092914,-2.018521273785796,0.25157617157262485,0,0,0,0.00035610946322728857,0,-0.00035610946322728857,0.15929192374175152,9.7964533101177178,-21.156734458988399,1.9425728912343896,4.0020532017114192,-0.16438133213980552,-4.7449450560111506e-17,9.6006658395839271,-21.060756947228597,2.2418529360684483,4.005316248777584,-0.1780962158977239,2.2204460492503131e-16,9.6006352402663726,-21.060769165391626,2.2404269649860926,4.005341845667461,-0.17720504776916565,1,1.8307835762794629,1.7616246212198707,1,1,1
1785225152.5617507,6,1,0.87812536025024523,0.54688889867839685,0.47843061324018232,3,0,1,1,3.0416133673991652,0.24781953235971804,1.0804958189758744,-2.91157527203206,-2.018521273785796,0.25157664619539338,0.00035610946322728857,0,0,0,0,0.00035610946322728857,0,9.3185775388924625,-21.329835013652851,2.038739866047973,4.0336649963536892,-0.10115774285526494,5.1941499148311755e-16,9.6006421093481862,-21.060754652404253,2.241848652991913,4.0053198728571946,-0.17809568902260575,-0.0042733135587272406,9.6006352402663726,-21.060769165391626,2.2418514028390018,4.005341845667461,-0.17898559508530207,1,1.8307835762794629,1.7616246212198707,1,1,1
1785225152.5817506,6,1,0.87812536025024523,0.54688889867839685,0.47843061324018232,3,0,1,1,3.0416133673991652,0.24781953235971804,1.0804958189758744,-2.91157527203206,-2.018521273785796,0.25157617157262485,0,0,0,0,0,0,0.15929192374175152,9.3185775388924625,-21.618335938093601,2.2118404207124236,4.0336649963536892,0.037934153570724355,3.6797366633520188e-16,9.6006418644137224,-21.060754407504962,2.2418491771146871,4.0053197434278465,-0.17809544720213025,2.2204460492503131e-16,9.6006352402663726,-21.060769165391626,2.2418514028390018,4.005341845667461,-0.17809532142723386,1,1.8307835762794629,1.7616246212198707,1,1,1
1785225152.6017506,6,1,0.87812536025024523,0.54688889867839685,0.47843061324018232,3,0,1,1,3.0416128927763966,0.24781953235971804,1.0804958189758744,-2.91157527203206,-2.018521273785796,0.25157664619539338,0,0,0,-0.00035610946322728857,0,0,-0.27876086654806514,9.6371613863759666,-21.156734458988399,2.5003413451531746,3.7618035624301647,-0.13276953749753523,5.1941499148311755e-16,9.6006421093481844,-21.060754652404249,2.2418486529919122,4.0053198728571928,-0.17809568902260567,2.2204460492503131e-16,9.6006352402663726,-21.060769165391626,2.2432758406919109,4.005341845667461,-0.17809532142723386,1,1.8307835762794629,1.7616246212198707,1,1,1
1785225152.6217506,6,1,0.87812536025024523,0.54688889867839685,0.47843061324018232,3,0,1,1,3.0416128927763966,0.24781953235971804,1.0804958189758744,-2.91157527203206,-2.018521273785796,0.25157664619539338,0,0,0,0,0,0,0,9.955745233859469,-20.964400509361234,2.5772749250040414,3.8629613052854297,0.037934153570724355,5.1941499148311755e-16,9.6006421093481844,-21.060754652404249,2.2418486529919122,4.0053198728571928,-0.17809568902260567,2.2204460492503131e-16,9.6006352402663726,-21.060769165391626,2.2418514028390018,4.005341845667461,-0.17809532142723386,1,1.8307835762794629,1.7616246212198707,1,1,1
1785225152.6417506,6,1,0.87812536025024523,0.54688889867839685,0.47843061324018232,3,0,1,1,3.0416128927763966,0.24782000698248657,1.0804958189758744,-2.91157527203206,-2.018521273785796,0.25157664619539338,0,0,-0.00035610946322728857,-0.00035610946322728857,0,0,0.15929192374175152,8.9999936914089602,-20.695132979883198,2.2118404207124236,4.1348227392089543,-0.3350850232080651,4.2407304220806146e-16,9.6006169134487109,-21.060750913023615,2.2418476850948887,4.005323552845204,-0.17809544445022082,2.2204460492503131e-16,9.6006352402663726,-21.057920289685807,2.2432758406919109,4.005341845667461,-0.17809532142723386,1,1.8307835762794629,1.7616246212198707,1,1,1
1785225152.6617506,6,1,0.87812536025024523,0.54688889867839685,0.47843061324018232,3,0,1,1,3.0416128927763966,0.24781953235971804,1.0804958189758744,-2.9115747974092914,-2.018521273785796,0.25157664619539338,0.00035610946322728857,-0.00035610946322728857,-0.00035610946322728857,0,0,0.00035610946322728857,0.31858384748350305,9.7964533101177178,-20.868233534547649,2.2118404207124236,3.8313495106431597,-0.23392728035280017,3.4427147958350363e-16,9.6006408886207382,-21.060753452751513,2.2418514440478043,4.0053200581957711,-0.17809621314537658,-0.0042733135587272406,9.6049085538250996,-21.057920289685807,2.2418514028390018,4.005341845667461,-0.17898559508530207,1,1.8307835762794629,1.7616246212198707,1,1,1
1785225152.6817505,6,1,0.87812536025024523,0.54688889867839685,0.47843061324018232,3,0,1,1,3.0416124181536279,0.24782000698248657,1.0804958189758744,-2.9115747974092914,-2.018521273785796,0.25157617157262485,-0.00035610946322728857,0.00035610946322728857,0,0,0,0,0,9.955745233859469,-20.964400509361234,2.4041743703395908,4.0336649963536892,-0.10115774285526494,1.9327737198607424e-16,9.600615447785902,-21.060749468470704,2.2418510002720446,4.0053236087543826,-0.17809572675189289,0.0042733135587276847,9.5963619267076457,-21.060769165391626,2.2418514028390018,4.005341845667461,-0.17809532142723386,1,1.8307835762794629,1.7616246212198707,1,1,1
# event,1785225152.9868886,READY,已恢复当前位置保持；零力拖拽关闭
1785225152.8617506,6,1,0.87812536025024523,0.54688889867839685,0.47843061324018232,3,0,1,1,3.0416133673991652,0.24782048160525511,1.0804958189758744,-2.9115743227865227,-2.0185222230313329,0.25157664619539338,0,0,0,0,0.00035610946322728857,-0.00035610946322728857,0.15929192374175152,9.3185775388924625,-20.695132979883198,2.2118404207124236,3.9325072534984242,-0.10115774285526494,4.5248867622232083e-17,9.6005814570658146,-21.060736993516354,2.2418519286252163,4.0053203605120649,-0.17809650698064541,2.2204460492503131e-16,9.6006352402663726,-21.060769165391626,2.2418514028390018,4.0044515720093932,-0.17720504776916565,1,1.8307835762794629,1.7616246212198707,1,1,1
1785225152.8817506,6,1,0.87812536025024523,0.54688889867839685,0.47843061324018232,3,0,1,1,3.0416133673991652,0.24782095622802364,1.0804958189758744,-2.9115738481637545,-2.0185226976541015,0.25157712081816191,0,0.00035610946322728857,0,0,0,0,0.47787577122525454,9.4778694626342155,-20.868233534547649,2.2118404207124236,4.1348227392089543,-0.47417691963405439,2.1063079173380333e-16,9.6005513758541792,-21.060728408963151,2.2418530423134682,4.0053207337696408,-0.17809715777938617,2.2204460492503131e-16,9.5963619267076457,-21.060769165391626,2.2418514028390018,4.005341845667461,-0.17809532142723386,1,1.8307835762794629,1.7616246212198707,1,1,1
1785225152.9017506,6,1,0.87812536025024523,0.54688889867839685,0.47843061324018232,3,0,1,1,3.0416143166447021,0.24782095622802364,1.0804958189758744,-2.9115733735409859,-2.0185236468996384,0.25157664619539338,0.00035610946322728857,0,0,0,0,0,0.15929192374175152,9.955745233859469,-20.868233534547649,2.5003413451531746,3.8629613052854297,-0.10115774285526494,9.162402653270872e-16,9.6005420911607686,-21.060719183589431,2.2418559868031349,4.0053135466811991,-0.17809769893890817,-0.0042733135587272406,9.6006352402663726,-21.060769165391626,2.2418514028390018,4.005341845667461,-0.17809532142723386,1,1.8307835762794629,1.7616246212198707,1,1,1
1785225152.9217505,6,1,0.87812536025024523,0.54688889867839685,0.47843061324018232,3,0,1,1,3.0416143166447021,0.24782143085079217,1.0804958189758744,-2.9115728989182172,-2.0185236468996384,0.25157617157262485,0,0,0.00035610946322728857,0.00035610946322728857,0,-0.00035610946322728857,-0.11946894280631364,8.6814098439254579,-20.868233534547649,2.4041743703395908,4.2043686874219492,-0.16438133213980552,6.93634926029837e-16,9.6005154295862383,-21.060713999636413,2.2418583340687714,4.0053172825825136,-0.17809773666642487,2.2204460492503131e-16,9.6006352402663726,-21.063618041097445,2.2404269649860926,4.005341845667461,-0.17720504776916565,1,1.8307835762794629,1.7616246212198707,1,1,1
1785225152.9317505,0,0,0.87812536025024523,0.54688889867839685,0.47843061324018232,3,0,1,0,3.0416138420219334,0.24782095622802364,1.0804967682214115,-2.9115728989182172,-2.0185245961451757,0.25157664619539338,0,0,0,0,-0.00035610946322728857,-0.00035610946322728857,-0.27876086654806514,9.3185775388924625,-19.214161567754012,2.038739866047973,3.8629613052854297,-0.26553907499507046,1.635607451855661e-16,9.6005409445824146,-21.060717681879641,2.2418603429203614,4.0052991290316973,-0.17809897105632921,0,0,0,0,0,0,1,1.8307835762794629,1.7616246212198707,1,1,1
# event,1785225153.087523,READY,位置控制在线；按下 FREE 即进入零力拖拽，松开退出
# event,1785225571.249131,WAITING,等待完整且新鲜的六轴 joint_states
