# source,实体 FREE (DI bit 5)
stamp,status,handoff_progress,model_alignment,model_scale_estimate,model_normalized_residual,model_excited_joints,model_direction_mismatches,model_validation_passed,settling,position_elfin_joint1,position_elfin_joint2,position_elfin_joint3,position_elfin_joint4,position_elfin_joint5,position_elfin_joint6,velocity_elfin_joint1,velocity_elfin_joint2,velocity_elfin_joint3,velocity_elfin_joint4,velocity_elfin_joint5,velocity_elfin_joint6,measured_effort_elfin_joint1,measured_effort_elfin_joint2,measured_effort_elfin_joint3,measured_effort_elfin_joint4,measured_effort_elfin_joint5,measured_effort_elfin_joint6,gravity_effort_elfin_joint1,gravity_effort_elfin_joint2,gravity_effort_elfin_joint3,gravity_effort_elfin_joint4,gravity_effort_elfin_joint5,gravity_effort_elfin_joint6,commanded_effort_elfin_joint1,commanded_effort_elfin_joint2,commanded_effort_elfin_joint3,commanded_effort_elfin_joint4,commanded_effort_elfin_joint5,commanded_effort_elfin_joint6,effective_scale_elfin_joint1,effective_scale_elfin_joint2,effective_scale_elfin_joint3,effective_scale_elfin_joint4,effective_scale_elfin_joint5,effective_scale_elfin_joint6
# event,1784954485.5312402,ACTIVE,零力拖拽 ACTIVE；末端灯环应由固件进入蓝色零力示教状态
1784954485.4772105,1,0,0.9943295527042042,0.81176762096966371,0.10634256259399259,2,0,1,0,-0.96547336413672047,0.9447214328283281,-1.2368023860899842,0.0026436488207063806,1.7790978182013553,0.00083581069537952174,0,0,0,0,0,0,0,-41.25660824911364,7.6548911951612579,0.55776845391878516,0.34140738213651917,0.037934153570724355,3.490908463176359e-18,-40.065691087118758,11.894017399317178,0.56372978338451263,0.19476913309385516,0.0003031904950167503,0,-41.25660824911364,7.6548911951612579,0.55776845391878516,0.34140738213651917,0.037934153570724355,0.81176762096966371,1.4861708282267123,1.4300298278092394,0.81176762096966371,0.81176762096966371,0.81176762096966371
1784954485.4974477,1,0.0047819306218537432,0.9943295527042042,0.81176762096966371,0.10634256259399259,2,0,1,0,-0.96547431338225753,0.94472095820555957,-1.236799538353373,0.0026445980662434384,1.7790978182013553,0.00083581069537952174,-0.00035610946322728857,0,0,0,0,0,0.15929192374175152,-41.137139306307326,7.9241587246392919,0.75010240354595237,0.24024963928125423,0,2.3292867852961047e-16,-40.065708085129799,11.894042688171202,0.56373071501348759,0.19476761346589677,0.00030318815702651633,0.00042733135587274737,-41.250913447151916,7.6751625234963594,0.55779696503768939,0.34070616093633155,0.037754204904882675,0.81176762096966371,1.4861708282267123,1.4300298278092394,0.81176762096966371,0.81176762096966371,0.81176762096966371
1784954485.5174477,1,0.018386077061624862,0.9943295527042042,0.81176762096966371,0.10634256259399259,2,0,1,0,-0.96547431338225753,0.9447214328283281,-1.236799538353373,0.0026450726890119673,1.7790978182013553,0.00083581069537952174,0,0.00035610946322728857,0,0.00035610946322728857,0,0,-0.11946894280631364,-40.499971611340321,8.1934262541173268,0.55776845391878516,0.27186143392352452,-0.063223589284540582,1.9326504182466472e-16,-40.065714055130883,11.894039499693511,0.56373033800896344,0.19476783069278686,0.0003031885088446438,3.5533859523064378e-18,-41.235139708046702,7.7328325025640439,0.55775343126697019,0.33871125604339258,0.037242267747193324,0.81176762096966371,1.4861708282267123,1.4300298278092394,0.81176762096966371,0.81176762096966371,0.81176762096966371
1784954485.5485427,1,0.055251967630249456,0.9943295527042042,0.81176762096966371,0.10634256259399259,2,0,1,0,-0.96547431338225753,0.9447214328283281,-1.2367990637306043,0.0026450726890119673,1.7790978182013553,0.00083581069537952174,0,0,0,0.00035610946322728857,0,-0.00035610946322728857,0,-40.499971611340321,7.9241587246392919,0.38466789925433453,0.34140738213651917,-0.031611794642270291,3.7537146697591543e-16,-40.065717711675426,11.894043018109869,0.56373052530125922,0.19476761357249786,0.00030318817088603045,2.0740012142672532e-17,-41.190809203687934,7.8792970114959777,0.55797323178168934,0.33330524639051257,0.035919068391938362,0.81176762096966371,1.4861708282267123,1.4300298278092394,0.81176762096966371,0.81176762096966371,0.81176762096966371
1784954485.5685427,1,0.087909073865464454,0.9943295527042042,0.81176762096966371,0.10634256259399259,2,0,1,0,-0.96547431338225753,0.9447214328283281,-1.2367981144850673,0.0026450726890119673,1.7790978182013553,0.00083628531814805074,0,0,0,-0.00035610946322728857,0,0.00035610946322728857,-0.11946894280631364,-41.25660824911364,7.7318247750121243,0.65393542873236876,0.30979558749424885,0,-4.844919974659749e-17,-40.065725024137265,11.894050054339045,0.56373089989932923,0.19476717899380505,0.00030318750071939911,-4.2591242792462801e-18,-41.151918807724051,8.0275517244401566,0.55841724533503712,0.32851637768679959,0.034561950491466591,0.81176762096966371,1.4861708282267123,1.4300298278092394,0.81176762096966371,0.81176762096966371,0.81176762096966371
1784954485.5885427,1,0.12665902600147949,0.9943295527042042,0.81176762096966371,0.10634256259399259,2,0,1,0,-0.96547431338225753,0.94472190745109663,-1.2367971652395302,0.0026455473117804962,1.7790978182013553,0.00083581069537952174,0,0,0.00035610946322728857,0.00035610946322728857,0,0,-0.11946894280631364,-41.25660824911364,7.9241587246392919,0.38466789925433453,0.37301917677878943,0,2.3101301170309693e-16,-40.065738307830735,11.894053903280463,0.56373089746483995,0.19476696231798785,0.00030318717086933822,2.9259883055982642e-17,-41.10577382225631,8.1915345272628493,0.55839901289878779,0.32283404938985594,0.033167852019024315,0.81176762096966371,1.4861708282267123,1.4300298278092394,0.81176762096966371,0.81176762096966371,0.81176762096966371
1784954485.6085427,1,0.17073382403829448,0.9943295527042042,0.81176762096966371,0.10634256259399259,2,0,1,0,-0.96547478800502606,0.94472190745109663,-1.236794317502919,0.0026450726890119673,1.7790978182013553,0.00083628531814805074,0,0,0.00035610946322728857,-0.00035610946322728857,0.00035610946322728857,0.00035610946322728857,-0.11946894280631364,-41.415900172855395,8.6550277332225267,0.84626937835953597,0.24024963928125423,0.037934153570724355,3.9302028032886489e-16,-40.065759903476184,11.894074683139129,0.56373221093906867,0.19476565914993957,0.00030318513500625729,6.7101855385149585e-17,-41.053290157213283,8.3783783152931335,0.55891130727262284,0.31630658030407527,0.031445174724048931,0.81176762096966371,1.4861708282267123,1.4300298278092394,0.81176762096966371,0.81176762096966371,0.81176762096966371
1784954485.6285427,1,0.21936546797590945,0.9943295527042042,0.81176762096966371,0.10634256259399259,2,0,1,0,-0.96547478800502606,0.94472238207386516,-1.2367933682573822,0.0026455473117804962,1.7790973435785868,0.00083628531814805074,-0.00035610946322728857,0,0.00035610946322728857,0,-0.00035610946322728857,0.00035610946322728857,0.15929192374175152,-42.849527486531159,8.6550277332225267,0.4616014791052015,0.34140738213651917,0,3.6405439333683673e-16,-40.06577358402447,11.89407891394978,0.56373220841047944,0.19476565925599465,0.00030318514889017794,0.00042733135587282614,-40.995380245524416,8.5845377053604484,0.55907669571374907,0.30930335167542017,0.029615118869101117,0.81176762096966371,1.4861708282267123,1.4300298278092394,0.81176762096966371,0.81176762096966371,0.81176762096966371
1784954485.6485426,1,0.27178595781432452,0.9943295527042042,0.81176762096966371,0.10634256259399259,2,0,1,0,-0.96547478800502606,0.94472380594217076,-1.2367924190118451,0.0026455473117804962,1.7790968689558182,0.00083581069537952174,0,0,0,0.00035610946322728857,-0.00035610946322728857,0,0,-41.25660824911364,8.5588607584089438,0.75010240354595237,0.27186143392352452,-0.063223589284540582,-1.3292028163070269e-16,-40.065798176511478,11.894075778641234,0.56373202099603781,0.19476609383473842,0.00030318581908264923,-3.6125866055950293e-17,-40.932962792956516,8.8070420375340817,0.55926462939673671,0.30161643884367406,0.027706584956864455,0.81176762096966371,1.4861708282267123,1.4300298278092394,0.81176762096966371,0.81176762096966371,0.81176762096966371
1784954485.6685426,1,0.32722729355353947,0.9943295527042042,0.81176762096966371,0.10634256259399259,2,0,1,0,-0.96547478800502606,0.94472428056493929,-1.2367909951435394,0.0026455473117804962,1.7790973435785868,0.00083628531814805074,0,0.00035610946322728857,0,0.00035610946322728857,0,0.00035610946322728857,-0.27876086654806514,-39.544220068889814,8.8473616828496944,0.4616014791052015,0.27186143392352452,0.107480101783719,4.2884620127224313e-17,-40.065814375036808,11.894082432336035,0.56373239569732791,0.19476544213526914,0.00030318481093116994,1.4033018179303258e-17,-40.867375323875216,9.04207027055784,0.55959538013375909,0.29342213698846958,0.025556173806278528,0.81176762096966371,1.4861708282267123,1.4300298278092394,0.81176762096966371,0.81176762096966371,0.81176762096966371
1784954485.6885426,1,0.38492147519355452,0.9943295527042042,0.81176762096966371,0.10634256259399259,2,0,1,0,-0.96547478800502606,0.94472475518770782,-1.2367867235386227,0.0026455473117804962,1.7790973435785868,0.00083581069537952174,0,0,0,0.00035610946322728857,0,0,0.15929192374175152,-40.022095840115064,8.8473616828496944,0.4616014791052015,0.27186143392352452,0,1.7204368382595021e-16,-40.065852911269147,11.89411057992335,0.56373389400458607,0.19476370550585259,0.00030318210150385392,6.6223308576018234e-17,-40.798260947875939,9.2866577744129941,0.55994004160466093,0.28496108180003643,0.023449184519825438,0.81176762096966371,1.4861708282267123,1.4300298278092394,0.81176762096966371,0.81176762096966371,0.81176762096966371
1784954485.7085426,1,0.44410050273436957,0.9943295527042042,0.81176762096966371,0.10634256259399259,2,0,1,0,-0.96547431338225753,0.94472570443324488,-1.2367829265564745,0.0026450726890119673,1.7790968689558182,0.00083581069537952174,0,0,0.00035610946322728857,-0.00035610946322728857,-0.00035610946322728857,0,-0.27876086654806514,-40.499971611340321,9.57823069143293,0.84626937835953597,0.13909189642598929,0.13909189642598929,4.9031805554726013e-16,-40.065893471968828,11.894131742606284,0.56373520734518745,0.19476261979261694,0.00030318039786867768,2.1775049496827677e-16,-40.727811217970384,9.5372551659229376,0.56054293042727199,0.27634646915961092,0.021222219466275574,0.81176762096966371,1.4861708282267123,1.4300298278092394,0.81176762096966371,0.81176762096966371,0.81176762096966371
1784954485.7285426,1,0.50399637617598458,0.9943295527042042,0.81176762096966371,0.10634256259399259,2,0,1,0,-0.96547431338225753,0.94472570443324488,-1.2367781803287892,0.0026455473117804962,1.7790968689558182,0.00083581069537952174,0,-0.00035610946322728857,0,0,0,0,0,-40.340679687598573,9.9436651957245488,0.65393542873236876,0.27186143392352452,0.107480101783719,4.1660305518530288e-16,-40.065930379437681,11.894167255871466,0.56373689051580955,0.19476044868384343,0.00030317703212271097,2.0996643011723638e-16,-40.656083586248144,9.7914709673688058,0.5607765243351216,0.26749785909904983,0.018968277763305629,0.81176762096966371,1.4861708282267123,1.4300298278092394,0.81176762096966371,0.81176762096966371,0.81176762096966371
1784954485.7485778,1,0.56394618149473097,0.9943295527042042,0.81176762096966371,0.10634256259399259,2,0,1,0,-0.96547431338225753,0.94472617905601342,-1.2367748579694093,0.0026455473117804962,1.7790968689558182,0.00083581069537952174,0,0,0,0.00035610946322728857,0.00035610946322728857,0,0.15929192374175152,-40.181387763856819,9.9436651957245488,0.4616014791052015,0.27186143392352452,-0.10115774285526494,3.9951783215131769e-16,-40.065961601641902,11.894188365740076,0.5637380142388736,0.19475914595250199,0.00030317500435617426,2.2530655588078848e-16,-40.585147618762448,10.0456266467306,0.56101032635437198,0.25864156961422435,0.016712306902310951,0.81176762096966371,1.4861708282267123,1.4300298278092394,0.81176762096966371,0.81176762096966371,0.81176762096966371
1784954485.7685778,1,0.62296962281787105,0.9943295527042042,0.81176762096966371,0.10634256259399259,2,0,1,0,-0.96547431338225753,0.94472712830155048,-1.2367691624961872,0.0026455473117804962,1.7790968689558182,0.00083581069537952174,0,0,0.00035610946322728857,0.00035610946322728857,0.00035610946322728857,-0.00035610946322728857,-0.27876086654806514,-40.818555458823823,10.674534204307784,0.75010240354595237,0.13909189642598929,0.069545948212994646,7.09710108786856e-18,-40.066016732934649,11.894223548636562,0.56373988710015555,0.19475697473009004,0.00030317162473984062,4.4212783878097792e-18,-40.514905901349458,10.295581584834784,0.56136383708333604,0.24998453344506796,0.014555294644949179,0.81176762096966371,1.4861708282267123,1.4300298278092394,0.81176762096966371,0.81176762096966371,0.81176762096966371
1784954485.788578,1,0.680404555059411,0.9943295527042042,0.81176762096966371,0.10634256259399259,2,0,1,0,-0.96547431338225753,0.94472760292431901,-1.2367625177774277,0.0026450726890119673,1.7790963943330498,0.00083581069537952174,0,0,0.00071221892645457715,-0.00035610946322728857,0,0,0.31858384748350305,-39.703511992631562,10.309099700016166,0.4616014791052015,0.20863784463898394,0,-3.179913778901825e-17,-40.06607360407839,11.894269338559857,0.56374251141125042,0.19475436915021715,0.00030316755535583621,-2.1636278198609866e-17,-40.446563053675618,10.53881361940781,0.56195786816097482,0.24162400408745233,0.01232985927449062,0.81176762096966371,1.4861708282267123,1.4300298278092394,0.81176762096966371,0.81176762096966371,0.81176762096966371
1784954485.808578,1,0.73548297821935105,0.9943295527042042,0.81176762096966371,0.10634256259399259,2,0,1,0,-0.96547431338225753,0.94472807754708754,-1.23675207607652,0.0026450726890119673,1.7790963943330498,0.00083581069537952174,-0.00035610946322728857,0,0.00071221892645457715,-0.00035610946322728857,0,0,-0.11946894280631364,-39.862803916373316,10.501433649643333,0.28850092444075093,0.27186143392352452,0.13909189642598929,5.8599275124226342e-16,-40.06615967062779,11.89434322101885,0.56374644434844967,0.19474980955781354,0.00030316045812176586,0.00042733135587317726,-40.381053583191871,10.772366222015897,0.56228980243589111,0.23354323387791212,0.010257198682915514,0.81176762096966371,1.4861708282267123,1.4300298278092394,0.81176762096966371,0.81176762096966371,0.81176762096966371
1784954485.828578,1,0.7874368922976912,0.9943295527042042,0.81176762096966371,0.10634256259399259,2,0,1,0,-0.965473838759489,0.94472855216985607,-1.2367321419202417,0.0026450726890119673,1.7790959197102811,0.00083581069537952174,0,0,0.00071221892645457715,-0.00035610946322728857,-0.00035610946322728857,-0.00035610946322728857,-0.27876086654806514,-40.977847382565578,11.136135683412986,0.55776845391878516,0.17070369106825958,-0.031611794642270291,2.1584166567458767e-17,-40.066319257733966,11.894487846757027,0.56375412267305203,0.19474112456581433,0.00030314693952177013,1.6996169044715456e-17,-40.319330784805473,10.992736231948363,0.56260642863309795,0.22598105977349156,0.0083662103583972951,0.81176762096966371,1.4861708282267123,1.4300298278092394,0.81176762096966371,0.81176762096966371,0.81176762096966371
1784954485.8494952,1,0.8375967608879562,0.9943295527042042,0.81176762096966371,0.10634256259399259,2,0,1,0,-0.965473838759489,0.94472950141539314,-1.2367074615362783,0.0026450726890119673,1.7790959197102811,0.00083628531814805074,0.00035610946322728857,0,0.0010683283896818657,0,0,0.00035610946322728857,-0.43805279028981664,-39.384928145148059,11.136135683412986,0.65393542873236876,0.17070369106825958,-0.031611794642270291,5.991390427964832e-16,-40.066520630021557,11.894663746365106,0.56376348633772455,0.19473026788982306,0.00030313004683710259,-0.00042733135587224441,-40.259794714189255,11.205256288239521,0.5627898736543071,0.21855110634709382,0.0063504304548369934,0.81176762096966371,1.4861708282267123,1.4300298278092394,0.81176762096966371,0.81176762096966371,0.81176762096966371
1784954485.8694952,1,0.88076547727862986,0.9943295527042042,0.81176762096966371,0.10634256259399259,2,0,1,0,-0.965473838759489,0.94472997603816167,-1.2366794587929351,0.0026455473117804962,1.7790959197102811,0.00083628531814805074,0.00035610946322728857,0.00035610946322728857,0.0017805473161364429,0.00035610946322728857,0,0.00035610946322728857,0,-40.499971611340321,11.597737162518188,0.38466789925433453,0.13909189642598929,-0.031611794642270291,1.698053368367009e-16,-40.066742302269709,11.894868111957393,0.56377415805004527,0.19471767450698077,0.00030311045829945382,-0.00042733135587259672,-40.209042731899928,11.387892050080671,0.56293343247221916,0.21220815178432612,0.0047259302199358314,0.81176762096966371,1.4861708282267123,1.4300298278092394,0.81176762096966371,0.81176762096966371,0.81176762096966371
1784954485.8894951,1,0.91847045946130335,0.9943295527042042,0.81176762096966371,0.10634256259399259,2,0,1,0,-0.965473838759489,0.9447304506609302,-1.2366424382169898,0.0026450726890119673,1.7790954450875127,0.00083581069537952174,0,0,0.00035610946322728857,0,0,0,0,-41.25660824911364,11.693904137331771,0.4616014791052015,0.17070369106825958,0.037934153570724355,1.5436835222919227e-16,-40.06703313556762,11.895139026008392,0.5637887664919321,0.19470117270065418,0.00030308475246641683,1.4178277139823054e-16,-40.164018648011293,11.549148681018639,0.56329793317394405,0.20666206255013406,0.0033711285031990598,0.81176762096966371,1.4861708282267123,1.4300298278092394,0.81176762096966371,0.81176762096966371,0.81176762096966371
1784954485.9094954,1,0.94994370743597689,0.9943295527042042,0.81176762096966371,0.10634256259399259,2,0,1,0,-0.965473838759489,0.94473092528369873,-1.2366391158576102,0.0026450726890119673,1.7790954450875127,0.00083628531814805074,0,0.00035610946322728857,0,-0.00035610946322728857,0,0.00035610946322728857,-0.27876086654806514,-40.022095840115064,11.328469633040152,0.55776845391878516,0.30979558749424885,-0.10115774285526494,3.0587077770026234e-16,-40.067064352407826,11.895160130774274,0.56378989001892654,0.19469986955945529,0.00030308273033645541,2.9056002056491274e-16,-40.127035841074949,11.682907988383089,0.56361311756397181,0.2020435037303529,0.002122654918439481,0.81176762096966371,1.4861708282267123,1.4300298278092394,0.81176762096966371,0.81176762096966371,0.81176762096966371
1784954485.9294953,1,0.97441722120265051,0.9943295527042042,0.81176762096966371,0.10634256259399259,2,0,1,0,-0.965473838759489,0.94473187452923579,-1.2366372173665361,0.0026450726890119673,1.7790954450875127,0.00083581069537952174,0,0,0.00035610946322728857,0,-0.00035610946322728857,0,0.31858384748350305,-39.544220068889814,11.790071112145354,0.38466789925433453,0.27186143392352452,0.107480101783719,-3.6648146963929273e-16,-40.067090231355891,11.89516716646831,0.56379026450676639,0.19469943562937822,0.00030308204862810473,-3.5710585526818313e-16,-40.09752140767965,11.786404236684065,0.56363620985853458,0.1985167322760647,0.0012657894272851342,0.81176762096966371,1.4861708282267123,1.4300298278092394,0.81176762096966371,0.81176762096966371,0.81176762096966371
1784954485.9494953,1,0.99112300076132398,0.9943295527042042,0.81176762096966371,0.10634256259399259,2,0,1,0,-0.96547431338225753,0.94473329839754139,-1.2366348442526933,0.0026450726890119673,1.7790954450875127,0.00083581069537952174,-0.00035610946322728857,-0.00035610946322728857,0,0,0.00035610946322728857,-0.00035610946322728857,0,-39.703511992631562,11.328469633040152,0.55776845391878516,0.13909189642598929,0.107480101783719,-7.3011576370659359e-17,-40.067125393149333,11.895174201556058,0.56379063900696236,0.19469900136112175,0.00030308137266800759,0.00042733135587267392,-40.077257100200271,11.85753321253652,0.56373718007451945,0.19593723184219142,0.00070123207530162701,0.81176762096966371,1.4861708282267123,1.4300298278092394,0.81176762096966371,0.81176762096966371,0.81176762096966371
1784954485.9694953,1,0.99929304611199754,0.9943295527042042,0.81176762096966371,0.10634256259399259,2,0,1,0,-0.965473838759489,0.94473377302030992,-1.2366334203843878,0.0026455473117804962,1.7790954450875127,0.00083628531814805074,0.00035610946322728857,0,-0.00035610946322728857,0.00035610946322728857,0.00035610946322728857,0.00035610946322728857,-0.11946894280631364,-41.137139306307326,12.251672591250555,0.65393542873236876,0.30979558749424885,0.037934153570724355,1.8248431108173804e-16,-40.067142330106819,11.895181565903805,0.56379082379069512,0.19469856686131395,0.00030308071631671407,-0.00042733135587256393,-40.067983227662907,11.89246876371053,0.56366192794076964,0.19473818352529607,0.00026558444619992561,0.81176762096966371,1.4861708282267123,1.4300298278092394,0.81176762096966371,0.81176762096966371,0.81176762096966371
1784954485.9894953,1,1,0.9943295527042042,0.81176762096966371,0.10634256259399259,2,0,1,0,-0.965473838759489,0.94473424764307845,-1.2366319965160821,0.0026450726890119673,1.7790944958419757,0.00083581069537952174,0,0,0,0,0,-0.00035610946322728857,0,-38.747760450181055,11.597737162518188,0.4616014791052015,0.30979558749424885,-0.031611794642270291,1.4359741346389322e-16,-40.067159377699831,11.895189036717142,0.56379138779657667,0.19469856709155889,0.00030308069675650205,1.4359741346389322e-16,-40.067159377699831,11.895189036717142,0.56379138779657667,0.19469856709155889,0.00036718040013741581,0.81176762096966371,1.4861708282267123,1.4300298278092394,0.81176762096966371,0.81176762096966371,0.81176762096966371
1784954486.0094953,1,1,0.9943295527042042,0.81176762096966371,0.10634256259399259,2,0,1,0,-0.965473838759489,0.94473472226584698,-1.2366305726477766,0.0026455473117804962,1.7790944958419757,0.00083581069537952174,0,0,0.00035610946322728857,0.00035610946322728857,-0.00035610946322728857,0,-0.11946894280631364,-40.181387763856819,12.617107095542174,0.65393542873236876,0.17070369106825958,0.037934153570724355,2.1228883065230529e-16,-40.06717631524063,11.8951964016379,0.56379157256514245,0.19469813292957999,0.00030308003465668703,2.1228883065230529e-16,-40.06717631524063,11.894911514067319,0.56366693425301295,0.19476223263296091,0.00030308003465668448,0.81176762096966371,1.4861708282267123,1.4300298278092394,0.81176762096966371,0.81176762096966371,0.81176762096966371
1784954486.0294952,1,1,0.9943295527042042,0.81176762096966371,0.10634256259399259,2,0,1,0,-0.965473838759489,0.94473472226584698,-1.236630098025008,0.0026450726890119673,1.7790949704647441,0.00083581069537952174,0,0,0,-0.00035610946322728857,0,0,0,-40.022095840115064,11.886238086958938,0.38466789925433453,0.13909189642598929,0.069545948212994646,4.0409662020677131e-16,-40.06717923051395,11.895199206786774,0.5637919496545023,0.19469769855473151,0.00030307934481010992,4.0409662020677131e-16,-40.06717923051395,11.895199206786774,0.5639165879666318,0.19469769855473151,0.00030307934481010879,0.81176762096966371,1.4861708282267123,1.4300298278092394,0.81176762096966371,0.81176762096966371,0.81176762096966371
1784954486.0494952,1,1,0.9943295527042042,0.81176762096966371,0.10634256259399259,2,0,1,0,-0.965473838759489,0.94473472226584698,-1.236630098025008,0.0026450726890119673,1.7790949704647441,0.00083628531814805074,0,-0.00035610946322728857,0,0,0,0.00035610946322728857,-0.11946894280631364,-40.818555458823823,12.251672591250555,0.65393542873236876,0.069545948212994646,0.107480101783719,1.4015743548399492e-16,-40.067179229895181,11.89519920619138,0.56379194966836321,0.19469769821672642,0.00030307935055848794,1.4015743548399492e-16,-40.066751898539309,11.89519920619138,0.56379194966836321,0.19469769821672642,0.00023897964717757778,0.81176762096966371,1.4861708282267123,1.4300298278092394,0.81176762096966371,0.81176762096966371,0.81176762096966371
1784954486.0694952,1,1,0.9943295527042042,0.81176762096966371,0.10634256259399259,2,0,1,0,-0.96547336413672047,0.94473472226584698,-1.2366296234022396,0.0026445980662434384,1.7790944958419757,0.00083628531814805074,-0.00035610946322728857,0,0.00035610946322728857,0,0,0,-0.27876086654806514,-40.181387763856819,11.693904137331771,0.38466789925433453,0.24024963928125423,0,2.038352975646583e-16,-40.067182940218281,11.895202776356532,0.56379232654435507,0.19469769810955054,0.00030307933672214544,0.00042733135587295012,-40.067182940218281,11.894917888785951,0.56379232654435507,0.19469769810955054,0.00030307933672214793,0.81176762096966371,1.4861708282267123,1.4300298278092394,0.81176762096966371,0.81176762096966371,0.81176762096966371
1784954486.0894952,1,1,0.9943295527042042,0.81176762096966371,0.10634256259399259,2,0,1,0,-0.96547194026841487,0.94473472226584698,-1.2366296234022396,0.0026445980662434384,1.7790949704647441,0.00083628531814805074,0,0,0,-0.00035610946322728857,0,0,-0.27876086654806514,-40.022095840115064,11.790071112145354,0.4616014791052015,0.17070369106825958,-0.031611794642270291,1.159270759552422e-16,-40.067182542692088,11.895202393847125,0.56379232665095613,0.19469748097565767,0.00030307899871699959,1.159270759552422e-16,-40.067182542692088,11.895202393847125,0.56391696496308563,0.19469748097565767,0.00030307899871699628,0.81176762096966371,1.4861708282267123,1.4300298278092394,0.81176762096966371,0.81176762096966371,0.81176762096966371
1784954486.1094952,1,1,0.9943295527042042,0.81176762096966371,0.10634256259399259,2,0,1,0,-0.96547051640010928,0.94473519688861551,-1.2366286741567025,0.0026441234434749095,1.7790949704647441,0.00083675994091657964,0,0.00035610946322728857,0.00035610946322728857,-0.00035610946322728857,0,0.00035610946322728857,-0.27876086654806514,-39.544220068889814,11.963171666809805,0.38466789925433453,0.20863784463898394,-0.031611794642270291,1.6130468595832373e-16,-40.067195138343209,11.895205580905085,0.56379270364628498,0.19469726339655929,0.00030307865262411651,1.6130468595832373e-16,-40.067622469699081,11.894920693334504,0.56391734195841448,0.19469726339655929,0.00023897894924320776,0.81176762096966371,1.4861708282267123,1.4300298278092394,0.81176762096966371,0.81176762096966371,0.81176762096966371
1784954486.1294951,1,1,0.9943295527042042,0.81176762096966371,0.10634256259399259,2,0,1,0,-0.96546909253180369,0.94473567151138405,-1.2366286741567025,0.0026436488207063806,1.7790949704647441,0.00083675994091657964,0,0,0.00035610946322728857,-0.00035610946322728857,0,0.00035610946322728857,0,-39.862803916373316,12.155505616436972,0.4616014791052015,0.13909189642598929,0.069545948212994646,2.5539981585393754e-16,-40.06720042338398,11.895201733521278,0.56379270612660048,0.19469748042448901,0.00030307897674434255,2.5539981585393754e-16,-40.06720042338398,11.894916845950696,0.56391734443872998,0.19469748042448901,0.00023897927336343148,0.81176762096966371,1.4861708282267123,1.4300298278092394,0.81176762096966371,0.81176762096966371,0.81176762096966371
1784954486.1494951,1,1,0.9943295527042042,0.81176762096966371,0.10634256259399259,2,0,1,0,-0.96546671941796103,0.94473519688861551,-1.2366286741567025,0.0026436488207063806,1.7790949704647441,0.00083628531814805074,0,0,0,-0.00035610946322728857,0,0,-0.11946894280631364,-40.818555458823823,12.251672591250555,0.38466789925433453,0.107480101783719,0,1.9199563463179692e-16,-40.067194796145046,11.895205251635417,0.56379289336431226,0.19469726362799167,0.00030307863301477962,1.9199563463179692e-16,-40.067194796145046,11.895205251635417,0.56391753167644176,0.19469726362799167,0.00030307863301477778,0.81176762096966371,1.4861708282267123,1.4300298278092394,0.81176762096966371,0.81176762096966371,0.81176762096966371
1784954486.1694953,1,1,0.9943295527042042,0.81176762096966371,0.10634256259399259,2,0,1,0,-0.96545865083089599,0.94473519688861551,-1.2366281995339339,0.0026426995751693224,1.7790954450875127,0.00083628531814805074,0.00071221892645457715,0,-0.00035610946322728857,0,0.00035610946322728857,-0.00035610946322728857,-0.11946894280631364,-40.181387763856819,12.251672591250555,0.75010240354595237,0.17070369106825958,0.037934153570724355,1.2388923237725762e-16,-40.067197368593717,11.895207726911801,0.56379346018480814,0.19469682914633143,0.00030307792930716579,-0.00085466271174536865,-40.067197368593717,11.895492614482382,0.56379346018480814,0.19463272944295051,0.00036717763268807668,0.81176762096966371,1.4861708282267123,1.4300298278092394,0.81176762096966371,0.81176762096966371,0.81176762096966371
1784954486.1894953,1,1,0.9943295527042042,0.81176762096966371,0.10634256259399259,2,0,1,0,-0.96545248073490519,0.94473519688861551,-1.2366267756656284,0.0026422249524007935,1.7790954450875127,0.00083628531814805074,0.00035610946322728857,0,0,0,0,0,0,-39.384928145148059,11.693904137331771,0.4616014791052015,0.24024963928125423,0.069545948212994646,7.760438845076709e-16,-40.067207992588109,11.895217949580148,0.56379421166751031,0.19469617763578267,0.00030307690150335395,-0.00042733135587197022,-40.067207992588109,11.895217949580148,0.56379421166751031,0.19469617763578267,0.00030307690150335742,0.81176762096966371,1.4861708282267123,1.4300298278092394,0.81176762096966371,0.81176762096966371,0.81176762096966371
1784954486.2094953,1,1,0.9943295527042042,0.81176762096966371,0.10634256259399259,2,0,1,0,-0.96544678526168282,0.94473519688861551,-1.23662630104286,0.0026408010840952068,1.7790954450875127,0.00083675994091657964,0.00035610946322728857,0,0.00035610946322728857,-0.00035610946322728857,0.00035610946322728857,0.00035610946322728857,-0.11946894280631364,-39.862803916373316,11.693904137331771,0.38466789925433453,0.30979558749424885,0,4.4215303554242775e-17,-40.067210619118455,11.895220476896995,0.56379496812614815,0.19469595984357649,0.000303076527689809,-0.00042733135587270205,-40.067210619118455,11.894935589326414,0.56391960643827765,0.19463186014019557,0.00023897682430889592,0.81176762096966371,1.4861708282267123,1.4300298278092394,0.81176762096966371,0.81176762096966371,0.81176762096966371
1784954486.2294953,1,1,0.9943295527042042,0.81176762096966371,0.10634256259399259,2,0,1,0,-0.96543776742908072,0.94473567151138405,-1.23662630104286,0.0026398518385581486,1.7790949704647441,0.00083675994091657964,0.00071221892645457715,0,0,0,0,0,-0.11946894280631364,-39.384928145148059,12.251672591250555,0.84626937835953597,0.27186143392352452,-0.10115774285526494,2.4143081419525801e-17,-40.067215958881945,11.895216682170478,0.56379516023075837,0.19469639389963905,0.00030307717595583032,-0.0008546627117454684,-40.067215958881945,11.895216682170478,0.56379516023075837,0.19469639389963905,0.00030307717595583206,0.81176762096966371,1.4861708282267123,1.4300298278092394,0.81176762096966371,0.81176762096966371,0.81176762096966371
1784954486.2494953,1,1,0.9943295527042042,0.81176762096966371,0.10634256259399259,2,0,1,0,-0.96543064808755286,0.94473614613415258,-1.23662630104286,0.002637953347484033,1.7790949704647441,0.00083723456368510864,0.00035610946322728857,0,0,0,0,0,-0.43805279028981664,-40.499971611340321,11.597737162518188,0.38466789925433453,0.20863784463898394,-0.031611794642270291,6.3605487282936564e-17,-40.067220214854473,11.895211844603237,0.56379573191602483,0.19469661027081672,0.00030307746424605594,-0.00042733135587268265,-40.067220214854473,11.895211844603237,0.56379573191602483,0.19469661027081672,0.00030307746424605708,0.81176762096966371,1.4861708282267123,1.4300298278092394,0.81176762096966371,0.81176762096966371,0.81176762096966371
1784954486.2694952,1,1,0.9943295527042042,0.81176762096966371,0.10634256259399259,2,0,1,0,-0.96542020638664516,0.94473567151138405,-1.2366258264200913,0.0026351056108728588,1.7790949704647441,0.00083770918645363764,0.00071221892645457715,0,0,-0.00035610946322728857,0,0.00035610946322728857,-0.27876086654806514,-40.340679687598573,11.790071112145354,0.38466789925433453,0.24024963928125423,0,2.3618420182159649e-16,-40.067216185070556,11.89521689983224,0.56379724481381022,0.19469617502573647,0.00030307671087461075,-0.00085466271174525633,-40.067216185070556,11.89521689983224,0.56392188312593972,0.19469617502573647,0.00023897700749369658,0.81176762096966371,1.4861708282267123,1.4300298278092394,0.81176762096966371,0.81176762096966371,0.81176762096966371
1784954486.2894952,1,1,0.9943295527042042,0.81176762096966371,0.10634256259399259,2,0,1,0,-0.96539457675714468,0.94473567151138405,-1.2366248771745543,0.0026313086287246272,1.7790949704647441,0.00083770918645363764,0.0021366567793637313,0,0,-0.00035610946322728857,0.00035610946322728857,0,-0.11946894280631364,-40.340679687598573,12.251672591250555,0.75010240354595237,0.17070369106825958,0.13909189642598929,1.6158739069068761e-17,-40.06722075372231,11.895221295914473,0.56379913715135199,0.19469573990699007,0.00030307592403442464,-0.0025639881352364615,-40.06722075372231,11.895221295914473,0.56392377546348149,0.19463164020360915,0.00030307592403442524,0.81176762096966371,1.4861708282267123,1.4300298278092394,0.81176762096966371,0.81176762096966371,0.81176762096966371
1784954486.3094952,1,1,0.9943295527042042,0.81176762096966371,0.10634256259399259,2,0,1,0,-0.96532290871909676,0.94473567151138405,-1.2366225040607117,0.0026284608921134534,1.7790944958419757,0.00083818380922216665,0.0046294230219547511,0,0,0,0,0,-0.43805279028981664,-40.818555458823823,11.963171666809805,0.75010240354595237,0.24024963928125423,-0.031611794642270291,3.3742992361276842e-17,-40.067237371672668,11.895237286122251,0.56380121168736008,0.19469487039266456,0.00030307449472850092,-0.005555307626345667,-40.067237371672668,11.895237286122251,0.56380121168736008,0.19469487039266456,0.00030307449472850162,0.81176762096966371,1.4861708282267123,1.4300298278092394,0.81176762096966371,0.81176762096966371,0.81176762096966371
1784954486.3294952,1,1,0.9943295527042042,0.81176762096966371,0.10634256259399259,2,0,1,0,-0.96520377840419602,0.94473567151138405,-1.2366215548151747,0.0026246639099652214,1.779094021219207,0.00083865843199069554,0.0071221892645457717,0,0,0,0,0,0,-40.022095840115064,11.963171666809805,0.55776845391878516,0.27186143392352452,0.069545948212994646,-1.8474584301260356e-17,-40.067242337200135,11.895242064087967,0.56380310392239763,0.19469465207202624,0.00030307405165176448,-0.0085466271174549444,-40.067242337200135,11.895242064087967,0.56380310392239763,0.19469465207202624,0.0003030740516517666,0.81176762096966371,1.4861708282267123,1.4300298278092394,0.81176762096966371,0.81176762096966371,0.81176762096966371
1784954486.3498023,1,1,0.9943295527042042,0.81176762096966371,0.10634256259399259,2,0,1,0,-0.96499874136819153,0.94473662075692111,-1.2366215548151747,0.0026208669278169898,1.7790930719736699,0.00083913305475922454,0.0124638312129551,0.00035610946322728857,0.00035610946322728857,-0.00035610946322728857,-0.00035610946322728857,0,0,-40.340679687598573,11.963171666809805,0.84626937835953597,0.13909189642598929,-0.031611794642270291,1.0355301858632337e-16,-40.067251644835906,11.895233154592354,0.56380424703643794,0.19469551942693927,0.00030307529851218945,-0.014956597455546016,-40.067678976191779,11.894948267021773,0.56392888534856744,0.19475961913032019,0.00030307529851218706,0.81176762096966371,1.4861708282267123,1.4300298278092394,0.81176762096966371,0.81176762096966371,0.81176762096966371
1784954486.3698022,1,1,0.9943295527042042,0.81176762096966371,0.10634256259399259,2,0,1,0,-0.96470779761108316,0.94473567151138405,-1.2366215548151747,0.0026170699456687582,1.7790930719736699,0.00083960767752775355,0.01495659745554612,0,-0.00035610946322728857,-0.00035610946322728857,0,0,0,-40.659263535082076,11.886238086958938,0.65393542873236876,0.20863784463898394,0,-1.2354515865565637e-16,-40.067237645908698,11.895237550040996,0.56380613936548751,0.19469508397447802,0.00030307451743762966,-0.017947916946655467,-40.067237645908698,11.895522437611577,0.56393077767761701,0.19469508397447802,0.00030307451743762787,0.81176762096966371,1.4861708282267123,1.4300298278092394,0.81176762096966371,0.81176762096966371,0.81176762096966371
1784954486.3898022,1,1,0.9943295527042042,0.81176762096966371,0.10634256259399259,2,0,1,0,-0.96433806647439912,0.94473567151138405,-1.2366206055696376,0.0026085267358352364,1.7790921227281329,0.00083960767752775355,0.022078786720091892,0,0,-0.00071221892645457715,0,0,-0.43805279028981664,-40.181387763856819,11.790071112145354,0.4616014791052015,0.20863784463898394,-0.10115774285526494,-1.2089212416408431e-17,-40.067239581351664,11.895239412403027,0.56380992870319868,0.1946950820774388,0.00030307426804396167,-0.026494544064110281,-40.067239581351664,11.895239412403027,0.56405920532745779,0.1946950820774388,0.00030307426804396242,0.81176762096966371,1.4861708282267123,1.4300298278092394,0.81176762096966371,0.81176762096966371,0.81176762096966371
1784954486.4098022,1,1,0.9943295527042042,0.81176762096966371,0.10634256259399259,2,0,1,0,-0.96380459048257261,0.94473567151138405,-1.236620130946869,0.0025933388072423092,1.7790911734825958,0.00084055692306481144,0.028844866521410373,0,0,-0.0010683283896818657,0,0.00035610946322728857,0,-39.862803916373316,11.597737162518188,0.65393542873236876,0.20863784463898394,-0.031611794642270291,1.9219308924730105e-16,-40.067233060400319,11.895233137840748,0.56381618686541535,0.19469529517991258,0.00030307417417151111,-0.034613839825692258,-40.067233060400319,11.895233137840748,0.56419010180180396,0.19469529517991258,0.000238974470790599,0.81176762096966371,1.4861708282267123,1.4300298278092394,0.81176762096966371,0.81176762096966371,0.81176762096966371
1784954486.4298022,1,1,0.9943295527042042,0.81176762096966371,0.10634256259399259,2,0,1,0,-0.96316907059551227,0.94473567151138405,-1.2366191817013319,0.0025667599322046868,1.7790902242370588,0.00084103154583334045,0.037035384175638009,-0.00035610946322728857,0,-0.0017805473161364429,0,0,-0.59734471403156819,-41.137139306307326,11.963171666809805,0.75010240354595237,0.24024963928125423,0,2.5448160020142311e-16,-40.06722196763554,11.895222464210187,0.56382718528675146,0.19469528901570285,0.00030307340407798467,-0.044442461010765356,-40.066794636279667,11.895222464210187,0.56445037684739918,0.19469528901570285,0.00030307340407798727,0.81176762096966371,1.4861708282267123,1.4300298278092394,0.81176762096966371,0.81176762096966371,0.81176762096966371
1784954486.450398,1,1,0.9943295527042042,0.81176762096966371,0.10634256259399259,2,0,1,0,-0.96235224481087389,0.94473614613415258,-1.2366196563241005,0.0025036351039903334,1.7790897496142903,0.00084103154583334045,0.044157573440183784,0,0,-0.0039172040955001743,0,-0.00035610946322728857,0,-40.022095840115064,12.424773145915006,0.84626937835953597,0.17070369106825958,0,-4.0975968287527453e-16,-40.067178739791004,11.895171936782232,0.56385204130839073,0.19469592682353629,0.00030307257564682918,-0.052989088128220951,-40.067178739791004,11.895171936782232,0.56522306274181577,0.19469592682353629,0.00036717227902774218,0.81176762096966371,1.4861708282267123,1.4300298278092394,0.81176762096966371,0.81176762096966371,0.81176762096966371
1784954486.4703979,1,1,0.9943295527042042,0.81176762096966371,0.10634256259399259,2,0,1,0,-0.96132848349915689,0.94473709537968964,-1.2366196563241005,0.0024400356530074512,1.7790888003687533,0.00084150616860186945,0.05519696680022973,0,0.00035610946322728857,-0.0021366567793637313,0,0,-0.11946894280631364,-40.022095840115064,11.963171666809805,0.84626937835953597,0.27186143392352452,0,1.2311778363158828e-16,-40.067144847260685,11.895121459265816,0.56387708464724406,0.19469678166430898,0.00030307207770810995,-0.066236360160275551,-40.067144847260685,11.894836571695235,0.56462491452002139,0.19469678166430898,0.00030307207770811223,0.81176762096966371,1.4861708282267123,1.4300298278092394,0.81176762096966371,0.81176762096966371,0.81176762096966371
1784954486.4903979,1,1,0.9943295527042042,0.81176762096966371,0.10634256259399259,2,0,1,0,-0.96020267829220618,0.94473709537968964,-1.2366196563241005,0.0024144060235068866,1.7790883257459849,0.00084150616860186945,0.067304688549957539,0,0,-0.0010683283896818657,0,0,-0.11946894280631364,-39.384928145148059,11.597737162518188,0.4616014791052015,0.17070369106825958,0.069545948212994646,2.8389887209413471e-16,-40.067126730017989,11.895104026507699,0.56388732700512223,0.19469699351122816,0.0003030716680419787,-0.080765626259948764,-40.067126730017989,11.895104026507699,0.56426124194151084,0.19469699351122816,0.00030307166804197788,0.81176762096966371,1.4861708282267123,1.4300298278092394,0.81176762096966371,0.81176762096966371,0.81176762096966371
1784954486.5107327,1,1,0.9943295527042042,0.81176762096966371,0.10634256259399259,2,0,1,0,-0.95862360834131033,0.94473709537968964,-1.236620130946869,0.0023887763940063219,1.7790883257459849,0.00084150616860186945,0.077987972446776202,0,0.00035610946322728857,-0.0014244378529091543,0,-0.00035610946322728857,-0.27876086654806514,-40.022095840115064,12.424773145915006,0.55776845391878516,0.24024963928125423,0,7.6574146780119752e-17,-40.06710455921732,11.895082693317208,0.56389738180851701,0.19469720541389879,0.00030307125843973264,-0.093585566936131362,-40.06710455921732,11.894797805746627,0.56439593505703523,0.19469720541389879,0.00036717096182064185,0.81176762096966371,1.4861708282267123,1.4300298278092394,0.81176762096966371,0.81176762096966371,0.81176762096966371
1784954486.5307326,1,1,0.9943295527042042,0.81176762096966371,0.10634256259399259,2,0,1,0,-0.95687462343928109,0.94473757000245817,-1.2366206055696376,0.0023584005368204675,1.7790878511232162,0.00084150616860186945,0.090095694196504011,0,-0.00035610946322728857,-0.0014244378529091543,0,-0.00035610946322728857,0,-40.340679687598573,11.790071112145354,0.55776845391878516,0.17070369106825958,-0.063223589284540582,2.4139810182442577e-16,-40.067084984480765,11.895054925383221,0.56390914542369475,0.19469785068774861,0.00030307138649668326,-0.10811483303580458,-40.067084984480765,11.895339812953802,0.56440769867221297,0.19469785068774861,0.00036717108987759578,0.81176762096966371,1.4861708282267123,1.4300298278092394,0.81176762096966371,0.81176762096966371,0.81176762096966371
1784954486.5507901,1,1,0.9943295527042042,0.81176762096966371,0.10634256259399259,2,0,1,0,-0.95607630794261533,0.94473757000245817,-1.236620130946869,0.0023441618537645985,1.7790873765004478,0.00084198079137039834,0.095793445608140626,0,0.00035610946322728857,-0.0010683283896818657,0,0,0,-40.022095840115064,11.963171666809805,0.65393542873236876,0.24024963928125423,-0.031611794642270291,2.7713285774813285e-16,-40.067078750553648,11.895048926999122,0.563915022270291,0.19469784750301852,0.00030307097712553365,-0.11495213472976847,-40.067078750553648,11.894764039428541,0.56428893720667961,0.19469784750301852,0.00030307097712553577,0.81176762096966371,1.4861708282267123,1.4300298278092394,0.81176762096966371,0.81176762096966371,0.81176762096966371
1784954486.5707901,1,1,0.9943295527042042,0.81176762096966371,0.10634256259399259,2,0,1,0,-0.95293572908325908,0.9447394684935323,-1.2366225040607117,0.0023209053381066788,1.7790864272549107,0.00084198079137039834,0.10861338628432302,0,-0.00035610946322728857,-0.00035610946322728857,-0.00035610946322728857,0,-0.11946894280631364,-40.340679687598573,11.597737162518188,0.75010240354595237,0.30979558749424885,0.069545948212994646,-2.3186905464175202e-17,-40.067066976024044,11.895001866375017,0.56392262928318027,0.19470023136586509,0.00030307401683992612,-0.13033606354118762,-40.067066976024044,11.895286753945598,0.56404726759530976,0.19476433106924601,0.00030307401683992569,0.81176762096966371,1.4861708282267123,1.4300298278092394,0.81176762096966371,0.81176762096966371,0.81176762096966371
1784954486.59079,1,1,0.9943295527042042,0.81176762096966371,0.10634256259399259,2,0,1,0,-0.9505953642116427,0.94474089236183789,-1.2366244025517859,0.0023123621282731574,1.7790854780093737,0.00084198079137039834,0.11751612286500522,0.00035610946322728857,-0.00035610946322728857,0,0,0,0.31858384748350305,-40.499971611340321,11.790071112145354,0.84626937835953597,0.13909189642598929,0.107480101783719,2.5094882170598135e-16,-40.067063858770886,11.894972068743286,0.56392473164083934,0.19470218388580116,0.00030307680963201811,-0.14101934743800601,-40.067491190126759,11.895256956313867,0.56392473164083934,0.19470218388580116,0.00030307680963202049,0.81176762096966371,1.4861708282267123,1.4300298278092394,0.81176762096966371,0.81176762096966371,0.81176762096966371
1784954486.61079,1,1,0.9943295527042042,0.81176762096966371,0.10634256259399259,2,0,1,0,-0.94806609947815179,0.94474184160737484,-1.2366258264200913,0.0023076159005878676,1.779085003386605,0.00084198079137039834,0.12392609320309642,0,0,-0.00035610946322728857,0.00035610946322728857,0,-0.43805279028981664,-39.384928145148059,11.597737162518188,0.38466789925433453,0.27186143392352452,0,1.2905660392174152e-16,-40.067061115133328,11.894951563350984,0.56392569149385718,0.19470348575357524,0.00030307869916527155,-0.14871131184371555,-40.067061115133328,11.894951563350984,0.56405032980598668,0.19463938605019432,0.00030307869916527258,0.81176762096966371,1.4861708282267123,1.4300298278092394,0.81176762096966371,0.81176762096966371,0.81176762096966371
1784954486.63079,1,1,0.9943295527042042,0.81176762096966371,0.10634256259399259,2,0,1,0,-0.94562226684299611,0.94474231623014338,-1.23662630104286,0.0023042935412081649,1.7790845287638366,0.00084198079137039834,0.12891162568827846,0,-0.00035610946322728857,0,0,0,-0.27876086654806514,-40.181387763856819,12.328606171101423,0.55776845391878516,0.17070369106825958,0.069545948212994646,-5.3661232725490977e-17,-40.067061084127488,11.894942600830053,0.5639266442958808,0.19470413650133922,0.00030307961626717817,-0.15469395082593421,-40.067061084127488,11.895227488400634,0.5639266442958808,0.19470413650133922,0.00030307961626718088,0.81176762096966371,1.4861708282267123,1.4300298278092394,0.81176762096966371,0.81176762096966371,0.81176762096966371
1784954486.65079,1,1,0.9943295527042042,0.81176762096966371,0.10634256259399259,2,0,1,0,-0.94308635739074587,0.94474326547568044,-1.2366277249111655,0.0023009711818284618,1.7790835795182995,0.00084198079137039834,0.12855551622505118,0,-0.00035610946322728857,-0.00035610946322728857,0,0,-0.43805279028981664,-40.340679687598573,11.424636607853737,0.65393542873236876,0.13909189642598929,0.069545948212994646,-2.400934733916476e-16,-40.067059766532168,11.894923467640293,0.56392703510268205,0.19470565578091711,0.00030308188531822131,-0.15426661947006165,-40.067059766532168,11.895208355210874,0.56405167341481155,0.19470565578091711,0.00030308188531821822,0.81176762096966371,1.4861708282267123,1.4300298278092394,0.81176762096966371,0.81176762096966371,0.81176762096966371
1784954486.67079,1,1,0.9943295527042042,0.81176762096966371,0.10634256259399259,2,0,1,0,-0.9404014163891774,0.9447442147212175,-1.2366286741567025,0.002300021936291404,1.7790831048955309,0.00084198079137039834,0.13176050139409676,0,0.00035610946322728857,0,0,0,0,-39.703511992631562,11.790071112145354,0.4616014791052015,0.107480101783719,-0.031611794642270291,-1.5265995335150177e-16,-40.067063421658119,11.894909119338921,0.56392666509373768,0.19470674125844517,0.0003030835475714341,-0.15811260167291624,-40.067063421658119,11.89462423176834,0.56392666509373768,0.19470674125844517,0.00030308354757143524,0.81176762096966371,1.4861708282267123,1.4300298278092394,0.81176762096966371,0.81176762096966371,0.81176762096966371
1784954486.6907899,1,1,0.9943295527042042,0.81176762096966371,0.10634256259399259,2,0,1,0,-0.93766901311075612,0.94474658783506016,-1.2366319965160821,0.0022995473135228751,1.7790821556499938,0.00084198079137039834,0.13282882978377863,0,0,0,0,0,0.31858384748350305,-39.703511992631562,11.597737162518188,0.55776845391878516,0.27186143392352452,0.037934153570724355,3.0167986601432118e-16,-40.067066420284277,11.894867341403927,0.56392460694989111,0.19470978101714254,0.00030308826550731321,-0.15939459574053405,-40.067066420284277,11.894867341403927,0.56392460694989111,0.19470978101714254,0.00030308826550731055,0.81176762096966371,1.4861708282267123,1.4300298278092394,0.81176762096966371,0.81176762096966371,0.81176762096966371
1784954486.7107899,1,1,0.9943295527042042,0.81176762096966371,0.10634256259399259,2,0,1,0,-0.93496508719844662,0.94474753708059722,-1.2366334203843878,0.0022985980679858169,1.7790812064044568,0.00084198079137039834,0.13389715817346051,0,0,0,-0.00035610946322728857,0.00035610946322728857,-0.27876086654806514,-40.977847382565578,11.963171666809805,0.4616014791052015,0.107480101783719,0,2.1335418950674649e-16,-40.067066816769476,11.89484985764102,0.5639240495358685,0.1947113007536769,0.00030309060373550083,-0.16067658980815239,-40.067066816769476,11.89484985764102,0.5639240495358685,0.19477540045705782,0.00023899090035458607,0.81176762096966371,1.4861708282267123,1.4300298278092394,0.81176762096966371,0.81176762096966371,0.81176762096966371
1784954486.7307899,1,1,0.9943295527042042,0.81176762096966371,0.10634256259399259,2,0,1,0,-0.9325055920119294,0.94474848632613428,-1.236635318875462,0.0022985980679858169,1.7790807317816884,0.00084150616860186945,0.13247272032055135,0,0,0,0,-0.00035610946322728857,-0.11946894280631364,-40.499971611340321,11.328469633040152,0.75010240354595237,0.27186143392352452,-0.063223589284540582,1.3496537696860036e-16,-40.067063846172438,11.894829134009361,0.56392292561968094,0.19471282101206125,0.00030309296376151713,-0.15896726438466149,-40.067063846172438,11.894829134009361,0.56392292561968094,0.19471282101206125,0.00036719266714243176,0.81176762096966371,1.4861708282267123,1.4300298278092394,0.81176762096966371,0.81176762096966371,0.81176762096966371
1784954486.7507899,1,1,0.9943295527042042,0.81176762096966371,0.10634256259399259,2,0,1,0,-0.92974803372677606,0.94474943557167135,-1.236636268120999,0.002298123445217288,1.7790807317816884,0.00084198079137039834,0.13710214334250609,0.00035610946322728857,0.00035610946322728857,0,0,0,0,-40.022095840115064,12.424773145915006,0.65393542873236876,0.069545948212994646,0.037934153570724355,-1.6752321516909766e-16,-40.067067445608416,11.894814732248985,0.56392236606101365,0.19471368910651723,0.00030309430769338901,-0.16452257201100748,-40.067494776964288,11.894529844678404,0.56392236606101365,0.19471368910651723,0.00030309430769338841,0.81176762096966371,1.4861708282267123,1.4300298278092394,0.81176762096966371,0.81176762096966371,0.81176762096966371
1784954486.7707899,1,1,0.9943295527042042,0.81176762096966371,0.10634256259399259,2,0,1,0,-0.92710296103776413,0.94475133406274547,-1.2366419635942214,0.002298123445217288,1.7790797825361513,0.00084150616860186945,0.13638992441605152,0,-0.00035610946322728857,-0.00035610946322728857,0,-0.00035610946322728857,0,-40.499971611340321,11.790071112145354,0.4616014791052015,0.17070369106825958,0.037934153570724355,4.0412526303682042e-16,-40.06704687941771,11.894759212574428,0.56391936900595918,0.19471759779843456,0.00030310038549546763,-0.16366790929926142,-40.06704687941771,11.895044100145009,0.56404400731808868,0.19471759779843456,0.00036720008887638139,0.81176762096966371,1.4861708282267123,1.4300298278092394,0.81176762096966371,0.81176762096966371,0.81176762096966371
1784954486.7907901,1,1,0.9943295527042042,0.81176762096966371,0.10634256259399259,2,0,1,0,-0.92432546859633258,0.94475228330828254,-1.2366424382169898,0.002298123445217288,1.7790788332906142,0.00084150616860186945,0.13603381495282424,0,0.00035610946322728857,0,0,0,-0.11946894280631364,-39.703511992631562,12.424773145915006,0.75010240354595237,0.069545948212994646,-0.031611794642270291,3.0196064707345548e-16,-40.067055273087426,11.894749424011325,0.56391880690515417,0.19471868344916199,0.00030310207542651201,-0.16324057794338878,-40.067055273087426,11.894464536440744,0.56391880690515417,0.19471868344916199,0.0003031020754265118,0.81176762096966371,1.4861708282267123,1.4300298278092394,0.81176762096966371,0.81176762096966371,0.81176762096966371
1784954486.8107901,1,1,0.9943295527042042,0.81176762096966371,0.10634256259399259,2,0,1,0,-0.92152566888478016,0.94475370717658813,-1.2366438620852955,0.002298123445217288,1.7790778840450772,0.00084198079137039834,0.1335410487102332,0,-0.00035610946322728857,0,0,0,-0.11946894280631364,-39.066344297664557,11.424636607853737,0.75010240354595237,0.17070369106825958,0.037934153570724355,3.1242203746673663e-16,-40.067061981387596,11.894729081210048,0.56391768290044031,0.19472042015055893,0.00030310478513974597,-0.16024925845227952,-40.067061981387596,11.89501396878063,0.56391768290044031,0.19472042015055893,0.00030310478513974337,0.81176762096966371,1.4861708282267123,1.4300298278092394,0.81176762096966371,0.81176762096966371,0.81176762096966371
1784954486.83079,1,1,0.9943295527042042,0.81176762096966371,0.10634256259399259,2,0,1,0,-0.91889151251944434,0.94475418179935666,-1.2366448113308326,0.0022985980679858169,1.7790774094223085,0.00084150616860186945,0.13674603387927881,-0.00035610946322728857,0,0,0,0,-0.27876086654806514,-38.907052373922809,11.963171666809805,0.75010240354595237,0.24024963928125423,0.107480101783719,2.9679734039218663e-16,-40.067061037710722,11.894719240627321,0.56391693124065223,0.19472128909995598,0.00030310614505289475,-0.16409524065513426,-40.06663370635485,11.894719240627321,0.56391693124065223,0.19472128909995598,0.00030310614505289768,0.81176762096966371,1.4861708282267123,1.4300298278092394,0.81176762096966371,0.81176762096966371,0.81176762096966371
1784954486.85079,1,1,0.9943295527042042,0.81176762096966371,0.10634256259399259,2,0,1,0,-0.91617572103792155,0.94475513104489373,-1.2366457605763697,0.0022985980679858169,1.7790774094223085,0.00084150616860186945,0.13959490958509713,0,0,0.00035610946322728857,0,0,-0.11946894280631364,-39.862803916373316,12.059338641623388,0.38466789925433453,0.24024963928125423,0.069545948212994646,-2.4822070942895592e-17,-40.067064980166258,11.894705169067704,0.56391618201479865,0.19472215761832593,0.00030310749695906314,-0.16751389150211657,-40.067064980166258,11.894705169067704,0.56379154370266915,0.19472215761832593,0.00030310749695906108,0.81176762096966371,1.4861708282267123,1.4300298278092394,0.81176762096966371,0.81176762096966371,0.81176762096966371
1784954486.87079,1,1,0.9943295527042042,0.81176762096966371,0.10634256259399259,2,0,1,0,-0.9135273259895299,0.94475608029043079,-1.2366476590674438,0.002298123445217288,1.7790769347995401,0.00084198079137039834,0.13674603387927881,0,0.00035610946322728857,0,0,0.00035610946322728857,0.31858384748350305,-40.181387763856819,11.328469633040152,0.65393542873236876,0.27186143392352452,0.069545948212994646,6.2090961018685002e-16,-40.067061664495114,11.894684113586727,0.56391524772912571,0.19472367709260616,0.00030310985482905609,-0.16409524065513395,-40.067061664495114,11.894399226016146,0.56391524772912571,0.19472367709260616,0.00023901015144814561,0.81176762096966371,1.4861708282267123,1.4300298278092394,0.81176762096966371,0.81176762096966371,0.81176762096966371
1784954486.89079,1,1,0.9943295527042042,0.81176762096966371,0.10634256259399259,2,0,1,0,-0.91062121077782698,0.94475608029043079,-1.2366481336902122,0.0022985980679858169,1.7790769347995401,0.00084198079137039834,0.13389715817346051,0,0,0.00035610946322728857,0,0.00035610946322728857,-0.75663663777331969,-39.862803916373316,11.886238086958938,0.4616014791052015,0.107480101783719,-0.10115774285526494,5.5238688960830202e-16,-40.067058351393996,11.894680925638243,0.56391487078723312,0.19472389431453521,0.00030311020664207215,-0.16067658980815205,-40.067058351393996,11.894680925638243,0.56379023247510363,0.19472389431453521,0.00023901050326116183,0.81176762096966371,1.4861708282267123,1.4300298278092394,0.81176762096966371,0.81176762096966371,0.81176762096966371
1784954486.91079,1,1,0.9943295527042042,0.81176762096966371,0.10634256259399259,2,0,1,0,-0.90806441792376147,0.94475655491319932,-1.2366486083129806,0.002298123445217288,1.7790764601767715,0.00084150616860186945,0.12997995407796031,0,0,0,0,0,-0.11946894280631364,-40.181387763856819,12.251672591250555,0.65393542873236876,0.20863784463898394,-0.063223589284540582,1.010373338084317e-16,-40.067060377757599,11.894673942933755,0.56391468569984393,0.19472454594661612,0.00030311120090065495,-0.15597594489355227,-40.067060377757599,11.894673942933755,0.56391468569984393,0.19472454594661612,0.00030311120090065202,0.81176762096966371,1.4861708282267123,1.4300298278092394,0.81176762096966371,0.81176762096966371,0.81176762096966371
1784954486.9307899,1,1,0.9943295527042042,0.81176762096966371,0.10634256259399259,2,0,1,0,-0.90533771011856246,0.94475702953596785,-1.2366486083129806,0.0022985980679858169,1.7790764601767715,0.00084150616860186945,0.13282882978377863,0.00035610946322728857,0,0.00035610946322728857,0,-0.00035610946322728857,-0.27876086654806514,-40.022095840115064,11.886238086958938,0.75010240354595237,0.20863784463898394,0,3.5698483703853116e-16,-40.067066347843777,11.894670754977692,0.56391430875674353,0.19472476316836987,0.00030311155271359191,-0.159394595740534,-40.06749367919965,11.894670754977692,0.56378967044461403,0.19472476316836987,0.00036721125609450383,0.81176762096966371,1.4861708282267123,1.4300298278092394,0.81176762096966371,0.81176762096966371,0.81176762096966371
1784954486.9507899,1,1,0.9943295527042042,0.81176762096966371,0.10634256259399259,2,0,1,0,-0.90389865388438262,0.94475750415873638,-1.2366490829357493,0.002298123445217288,1.7790764601767715,0.00084198079137039834,0.13318493924700592,0,-0.00035610946322728857,-0.00035610946322728857,0,0,0,-40.181387763856819,11.424636607853737,0.65393542873236876,0.13909189642598929,0,2.4345106484208794e-17,-40.067067975423548,11.894663388565393,0.5639141237888402,0.19472519699548918,0.0003031122206802825,-0.15982192709640708,-40.067067975423548,11.894948276135974,0.5640387621009697,0.19472519699548918,0.00030311222068028082,0.81176762096966371,1.4861708282267123,1.4300298278092394,0.81176762096966371,0.81176762096966371,0.81176762096966371
1784954486.9707899,1,1,0.9943295527042042,0.81176762096966371,0.10634256259399259,2,0,1,0,-0.900144862408087,0.94475845340427345,-1.2366495575585177,0.002298123445217288,1.779075985554003,0.00084198079137039834,0.13176050139409676,0,-0.00035610946322728857,0,-0.00035610946322728857,0.00035610946322728857,0.31858384748350305,-40.499971611340321,11.328469633040152,0.65393542873236876,0.107480101783719,0.037934153570724355,3.912388601456839e-16,-40.067075971174134,11.894653217267237,0.56391356177011276,0.19472606551027435,0.00030311357260294074,-0.15811260167291571,-40.067075971174134,11.894938104837818,0.56391356177011276,0.19479016521365528,0.00023901386922202603,0.81176762096966371,1.4861708282267123,1.4300298278092394,0.81176762096966371,0.81176762096966371,0.81176762096966371
1784954486.9907899,1,1,0.9943295527042042,0.81176762096966371,0.10634256259399259,2,0,1,0,-0.89737971015863716,0.94475845340427345,-1.2366495575585177,0.0022985980679858169,1.779075985554003,0.00084150616860186945,0.13496548656314236,-0.00035610946322728857,0,0,0,0,-0.27876086654806514,-40.818555458823823,11.328469633040152,0.55776845391878516,0.17070369106825958,0.037934153570724355,4.7032871305266868e-16,-40.067076314715408,11.894653547829282,0.56391337212195669,0.1947260659410236,0.00030311358058724211,-0.16195858387577036,-40.066648983359535,11.894653547829282,0.56391337212195669,0.1947260659410236,0.0003031135805872387,0.81176762096966371,1.4861708282267123,1.4300298278092394,0.81176762096966371,0.81176762096966371,0.81176762096966371
1784954487.0107899,1,1,0.9943295527042042,0.81176762096966371,0.10634256259399259,2,0,1,0,-0.89458797903414977,0.94475845340427345,-1.2366495575585177,0.002298123445217288,1.779075985554003,0.00084150616860186945,0.13567770548959696,-0.00035610946322728857,0,0,0,0,-0.27876086654806514,-40.022095840115064,11.424636607853737,0.4616014791052015,0.13909189642598929,-0.10115774285526494,4.6957250847152027e-16,-40.067075971792889,11.89465321786262,0.56391356175627549,0.1947260658482709,0.00030311356674998986,-0.16281324658751586,-40.066648640437016,11.89465321786262,0.56391356175627549,0.1947260658482709,0.00030311356674998791,0.81176762096966371,1.4861708282267123,1.4300298278092394,0.81176762096966371,0.81176762096966371,0.81176762096966371
1784954487.0307899,1,1,0.9943295527042042,0.81176762096966371,0.10634256259399259,2,0,1,0,-0.89203118618008415,0.94475940264981051,-1.2366505068040547,0.0022985980679858169,1.779075985554003,0.00084198079137039834,0.14422433260705186,0,0,0,0,0,0.31858384748350305,-40.499971611340321,11.693904137331771,0.65393542873236876,0.13909189642598929,0.107480101783719,2.860718947196047e-16,-40.067080256226468,11.894639475466379,0.56391262290028632,0.19472693411753722,0.00030311493834024025,-0.17306919912846194,-40.067080256226468,11.894639475466379,0.56391262290028632,0.19472693411753722,0.000303114938340239,0.81176762096966371,1.4861708282267123,1.4300298278092394,0.81176762096966371,0.81176762096966371,0.81176762096966371
1784954487.0507901,1,1,0.9943295527042042,0.81176762096966371,0.10634256259399259,2,0,1,0,-0.89065667864242426,0.94475987727257904,-1.2366505068040547,0.002298123445217288,1.779075985554003,0.00084198079137039834,0.14030712851155169,0,0,0,0,0,-0.27876086654806514,-39.703511992631562,11.886238086958938,0.65393542873236876,0.27186143392352452,-0.063223589284540582,7.1079371875266293e-17,-40.067085540402893,11.89463562754991,0.56391262522459773,0.19472715115330286,0.00030311526247806702,-0.16836855421386196,-40.067085540402893,11.89463562754991,0.56391262522459773,0.19472715115330286,0.00030311526247806669,0.81176762096966371,1.4861708282267123,1.4300298278092394,0.81176762096966371,0.81176762096966371,0.81176762096966371
1784954487.0707901,1,1,0.9943295527042042,0.81176762096966371,0.10634256259399259,2,0,1,0,-0.88633001748451412,0.9447608265181161,-1.2366514560495918,0.002298123445217288,1.779075985554003,0.00084198079137039834,0.1467170988496429,0.00035610946322728857,0,0,0,0,-0.11946894280631364,-40.818555458823823,11.693904137331771,0.65393542873236876,0.13909189642598929,0.069545948212994646,1.6731233286271228e-16,-40.067089482438583,11.894621555727023,0.56391187598629744,0.19472801966693584,0.00030311661437690978,-0.17606051861957131,-40.067516813794455,11.894621555727023,0.56391187598629744,0.19472801966693584,0.00030311661437690957,0.81176762096966371,1.4861708282267123,1.4300298278092394,0.81176762096966371,0.81176762096966371,0.81176762096966371
1784954487.09079,1,1,0.9943295527042042,0.81176762096966371,0.10634256259399259,2,0,1,0,-0.8831913371162321,0.94476130114088464,-1.2366533545406659,0.0022985980679858169,1.779075985554003,0.00084150616860186945,0.14458044207027915,-0.00035610946322728857,-0.00035610946322728857,0.00035610946322728857,0,0,-0.11946894280631364,-41.137139306307326,11.597737162518188,0.65393542873236876,0.20863784463898394,0.107480101783719,8.3858558644005379e-17,-40.067080828730674,11.894604296452306,0.56391074978978428,0.19472910573873722,0.00030311831223294957,-0.17349653048433489,-40.066653497374801,11.894889184022887,0.56378611147765478,0.19472910573873722,0.00030311831223295282,0.81176762096966371,1.4861708282267123,1.4300298278092394,0.81176762096966371,0.81176762096966371,0.81176762096966371
1784954487.11079,1,1,0.9943295527042042,0.81176762096966371,0.10634256259399259,2,0,1,0,-0.88055480763705363,0.94476272500919012,-1.2366538291634346,0.002298123445217288,1.779075985554003,0.00084198079137039834,0.1427998947541427,0,-0.00035610946322728857,0,0,0.00035610946322728857,0,-40.659263535082076,11.328469633040152,0.75010240354595237,0.24024963928125423,0.037934153570724355,1.0293775640030207e-16,-40.067093710205448,11.894589893966204,0.563910190193189,0.19472997382004376,0.00030311965614527529,-0.17135987370497113,-40.067093710205448,11.894874781536785,0.563910190193189,0.19472997382004376,0.00023901995276436259,0.81176762096966371,1.4861708282267123,1.4300298278092394,0.81176762096966371,0.81176762096966371,0.81176762096966371
1784954487.13079,1,1,0.9943295527042042,0.81176762096966371,0.10634256259399259,2,0,1,0,-0.87763255525122075,0.94476462350026424,-1.2366581007683513,0.0022985980679858169,1.779075985554003,0.00084198079137039834,0.14066323797477898,0,0,0,0,0.00035610946322728857,0,-40.181387763856819,12.059338641623388,0.75010240354595237,0.17070369106825958,0,2.0639553765552366e-16,-40.067083656062962,11.894544489895832,0.5639075655099387,0.19473279657212217,0.00030312406363776551,-0.16879588556973457,-40.067083656062962,11.894544489895832,0.5639075655099387,0.19473279657212217,0.00023902436025685162,0.81176762096966371,1.4861708282267123,1.4300298278092394,0.81176762096966371,0.81176762096966371,0.81176762096966371
1784954487.1514785,1,1,0.9943295527042042,0.81176762096966371,0.10634256259399259,2,0,1,0,-0.87467138379836851,0.94476557274580131,-1.236660473882194,0.0022985980679858169,1.7790755109312344,0.00084198079137039834,0.13603381495282424,0,-0.00035610946322728857,0,-0.00035610946322728857,0,-0.27876086654806514,-41.25660824911364,12.251672591250555,0.38466789925433453,0.24024963928125423,-0.063223589284540582,-7.2326349956790308e-18,-40.067077026748699,11.894520246179392,0.5639062542276343,0.19473453358913392,0.00030312676744133609,-0.16324057794338909,-40.067077026748699,11.894805133749973,0.5639062542276343,0.19479863329251484,0.00030312676744133349,0.81176762096966371,1.4861708282267123,1.4300298278092394,0.81176762096966371,0.81176762096966371,0.81176762096966371
1784954487.1714785,1,1,0.9943295527042042,0.81176762096966371,0.10634256259399259,2,0,1,0,-0.87221426172569394,0.94476652199133837,-1.2366609485049624,0.0022990726907543462,1.7790755109312344,0.00084150616860186945,0.13211661085732407,0,0.00035610946322728857,0,0,-0.00035610946322728857,-0.27876086654806514,-39.066344297664557,11.424636607853737,0.4616014791052015,0.20863784463898394,-0.063223589284540582,-1.9760515240461075e-16,-40.067084967979149,11.894510022618229,0.5639055026404951,0.19473518540071416,0.00030312778934259746,-0.15853993302878908,-40.067084967979149,11.894225135047648,0.5639055026404951,0.19473518540071416,0.0003672274927235104,0.81176762096966371,1.4861708282267123,1.4300298278092394,0.81176762096966371,0.81176762096966371,0.81176762096966371
1784954487.1914785,1,1,0.9943295527042042,0.81176762096966371,0.10634256259399259,2,0,1,0,-0.86954545789825555,0.94477031897348662,-1.2366652201098793,0.0022995473135228751,1.7790755109312344,0.00084150616860186945,0.1274871878353693,0.00035610946322728857,-0.00035610946322728857,0,0,0,-0.11946894280631364,-40.181387763856819,11.790071112145354,0.28850092444075093,0.30979558749424885,-0.063223589284540582,-1.0028712075050364e-16,-40.06709742012476,11.894450545388986,0.56390212865764222,0.19473887664400116,0.00030313354869890773,-0.15298462540244326,-40.067524751480633,11.894735432959568,0.56390212865764222,0.19473887664400116,0.00030313354869890979,0.81176762096966371,1.4861708282267123,1.4300298278092394,0.81176762096966371,0.81176762096966371,0.81176762096966371
1784954487.2114785,1,1,0.9943295527042042,0.81176762096966371,0.10634256259399259,2,0,1,0,-0.86711301620954462,0.94477459057840341,-1.2366680678464905,0.0023004965590599329,1.7790755109312344,0.00084150616860186945,0.12250165535018727,0.00035610946322728857,0,0.00035610946322728857,0,0,0.31858384748350305,-39.225636221406312,11.790071112145354,0.38466789925433453,0.20863784463898394,-0.031611794642270291,-2.3210559355149054e-16,-40.067126809488151,11.894398433637463,0.56389893964351989,0.19474213371660534,0.00030313864593245406,-0.14700198642022494,-40.067554140844024,11.894398433637463,0.56377430133139039,0.19474213371660534,0.00030313864593245476,0.81176762096966371,1.4861708282267123,1.4300298278092394,0.81176762096966371,0.81176762096966371,0.81176762096966371
1784954487.2314785,1,1,0.9943295527042042,0.81176762096966371,0.10634256259399259,2,0,1,0,-0.86464687630426806,0.94478076067439432,-1.2366737633197127,0.0023014458045969906,1.779075036308466,0.00084150616860186945,0.11502335662241421,0.00035610946322728857,0,0.00035610946322728857,-0.00035610946322728857,0,0.31858384748350305,-40.022095840115064,11.597737162518188,0.28850092444075093,0.17070369106825958,-0.063223589284540582,-4.8188931359668314e-17,-40.067157163764108,11.894311521893291,0.56389387731162577,0.19474777914924885,0.00030314746082741429,-0.13802802794689709,-40.067584495119981,11.894311521893291,0.56376923899949627,0.19481187885262977,0.00030314746082741456,0.81176762096966371,1.4861708282267123,1.4300298278092394,0.81176762096966371,0.81176762096966371,0.81176762096966371
1784954487.2514961,1,1,0.9943295527042042,0.81176762096966371,0.10634256259399259,2,0,1,0,-0.86228515340806788,0.94478740539315365,-1.2366775603018609,0.00230192042736552,1.779075036308466,0.00084150616860186945,0.10505229165205013,0.00035610946322728857,-0.00035610946322728857,0,0,0,-0.11946894280631364,-40.181387763856819,12.251672591250555,0.38466789925433453,0.17070369106825958,-0.063223589284540582,-1.8941860318015389e-17,-40.067207026773914,11.89423445077985,0.5638895665949486,0.19475255596673663,0.00030315490995106386,-0.12606274998246017,-40.067634358129787,11.894519338350431,0.5638895665949486,0.19475255596673663,0.00030315490995106581,0.81176762096966371,1.4861708282267123,1.4300298278092394,0.81176762096966371,0.81176762096966371,0.81176762096966371
1784954487.2714961,1,1,0.9943295527042042,0.81176762096966371,0.10634256259399259,2,0,1,0,-0.86045595725815716,0.94479784709406134,-1.2366851542661574,0.0023028696729025778,1.779075036308466,0.00084103154583334045,0.093300679365549602,0.00071221892645457715,-0.00035610946322728857,0,0,-0.00035610946322728857,0,-39.862803916373316,12.059338641623388,0.4616014791052015,0.27186143392352452,0.13909189642598929,-1.143954569239659e-16,-40.067272988848281,11.894101415461465,0.56388206894528281,0.19476080714666202,0.00030316777446164658,-0.11196081523865964,-40.068127651560026,11.894386303032046,0.56388206894528281,0.19476080714666202,0.00036726747784255953,0.81176762096966371,1.4861708282267123,1.4300298278092394,0.81176762096966371,0.81176762096966371,0.81176762096966371
1784954487.291496,1,1,0.9943295527042042,0.81176762096966371,0.10634256259399259,2,0,1,0,-0.85873450047670263,0.94481018728604305,-1.2366875273800002,0.0023033442956711067,1.779075036308466,0.00084150616860186945,0.085110161711321963,0.00071221892645457715,-0.00035610946322728857,0,0,0.00035610946322728857,0.15929192374175152,-40.181387763856819,12.059338641623388,0.55776845391878516,0.069545948212994646,0.107480101783719,2.8685196653982652e-17,-40.067401325923356,11.893992674254347,0.56387607209199009,0.19476753765310817,0.00030317827100955332,-0.10213219405358633,-40.068255988635102,11.894277561824929,0.56387607209199009,0.19476753765310817,0.0002390785676286443,0.81176762096966371,1.4861708282267123,1.4300298278092394,0.81176762096966371,0.81176762096966371,0.81176762096966371
1784954487.3114963,1,1,0.9943295527042042,0.81176762096966371,0.10634256259399259,2,0,1,0,-0.85712220693200969,0.94484246163430308,-1.2366941720987594,0.0023052427867452227,1.779075036308466,0.00084150616860186945,0.072290221035139574,0.0021366567793637313,-0.00035610946322728857,0,0,0,0.95575154245050908,-40.499971611340321,11.963171666809805,0.75010240354595237,0.24024963928125423,0,1.0307644675204574e-16,-40.067734045471227,11.893705472378409,0.56385995193847516,0.19478534174506501,0.00030320603901857129,-0.086748265242167388,-40.070298033606463,11.89399035994899,0.56385995193847516,0.19478534174506501,0.0003032060390185734,0.81176762096966371,1.4861708282267123,1.4300298278092394,0.81176762096966371,0.81176762096966371,0.81176762096966371
1784954487.3314962,1,1,0.9943295527042042,0.81176762096966371,0.10634256259399259,2,0,1,0,-0.85577665138323,0.94488707617454482,-1.2367060376679728,0.0023052427867452227,1.7790745616856973,0.00084150616860186945,0.061606937138320925,0.0014244378529091543,-0.00071221892645457715,0,-0.00035610946322728857,0,0.47787577122525454,-40.977847382565578,11.886238086958938,0.55776845391878516,0.17070369106825958,-0.031611794642270291,5.2626084629842249e-16,-40.068171752595241,11.893287113658793,0.56383765719415435,0.19481139543723966,0.00030324659332690059,-0.073928324565984582,-40.069881078018732,11.893856888799958,0.56383765719415435,0.19487549514062058,0.00030324659332690157,0.81176762096966371,1.4861708282267123,1.4300298278092394,0.81176762096966371,0.81176762096966371,0.81176762096966371
1784954487.3514962,1,1,0.9943295527042042,0.81176762096966371,0.10634256259399259,2,0,1,0,-0.8546935622254469,0.94489941636652652,-1.2367449567349922,0.0023061920322822805,1.7790740870629289,0.00084150616860186945,0.048074777535683955,0.00035610946322728857,-0.0042733135587274627,0.00035610946322728857,0,0.00035610946322728857,-0.11946894280631364,-39.384928145148059,11.597737162518188,0.28850092444075093,0.13909189642598929,0.13909189642598929,3.5863559602644279e-18,-40.068019165335144,11.892908088863331,0.56381704259212373,0.1948350605125925,0.00030328345697289979,-0.05768973304282074,-40.068446496691017,11.896326739710313,0.56369240427999423,0.1948350605125925,0.00023918375359198649,0.81176762096966371,1.4861708282267123,1.4300298278092394,0.81176762096966371,0.81176762096966371,0.81176762096966371
1784954487.3714962,1,1,0.9943295527042042,0.81176762096966371,0.10634256259399259,2,0,1,0,-0.85385015756577098,0.94490036561206359,-1.236847949875763,0.0023061920322822805,1.7790736124401603,0.00084150616860186945,0.035254836859501565,0,-0.0024927662425910197,0,0,0.00035610946322728857,0,-40.659263535082076,12.328606171101423,0.4616014791052015,0.107480101783719,-0.13276953749753523,5.1943641529215904e-16,-40.067237075701406,11.892137681639822,0.56377600533978656,0.194882822921288,0.00030335780231258408,-0.042305804231401359,-40.067237075701406,11.894131894633894,0.56377600533978656,0.194882822921288,0.00023925809893166964,0.81176762096966371,1.4861708282267123,1.4300298278092394,0.81176762096966371,0.81176762096966371,0.81176762096966371
1784954487.3914962,1,1,0.9943295527042042,0.81176762096966371,0.10634256259399259,2,0,1,0,-0.85326637156048035,0.94490558646251743,-1.2368640870498928,0.0023066666550508094,1.7790726631946232,0.00084150616860186945,0.022434896183319179,0.00035610946322728857,-0.00035610946322728857,-0.00035610946322728857,0,0.00035610946322728857,0.15929192374175152,-39.384928145148059,11.597737162518188,0.28850092444075093,0.17070369106825958,0.069545948212994646,3.2658484156369595e-16,-40.067175692119633,11.891980379038733,0.56376738250715408,0.19489302652545104,0.00030337369862517947,-0.026921875419982685,-40.067603023475506,11.892265266609314,0.56389202081928358,0.19489302652545104,0.00023927399524426921,0.81176762096966371,1.4861708282267123,1.4300298278092394,0.81176762096966371,0.81176762096966371,0.81176762096966371
1784954487.4114962,1,1,0.9943295527042042,0.81176762096966371,0.10634256259399259,2,0,1,0,-0.8529512220421771,0.94491365504958236,-1.2368754779963376,0.0023066666550508094,1.7790712393263177,0.00084103154583334045,0.011751612286500523,0.00035610946322728857,-0.00071221892645457715,-0.00035610946322728857,0,0,-0.27876086654806514,-39.862803916373316,11.886238086958938,0.75010240354595237,0.24024963928125423,-0.063223589284540582,3.5173502354673237e-16,-40.0671846775166,11.89183720431801,0.56375969853308561,0.19490257899818475,0.00030338856135940956,-0.014101934743800275,-40.067612008872473,11.892406979459174,0.56388433684521511,0.19490257899818475,0.000303388561359412,0.81176762096966371,1.4861708282267123,1.4300298278092394,0.81176762096966371,0.81176762096966371,0.81176762096966371
1784954487.4314961,1,1,0.9943295527042042,0.81176762096966371,0.10634256259399259,2,0,1,0,-0.8528235485174428,0.94491412967235089,-1.2368825973378654,0.0023080905233563965,1.7790702900807807,0.00084103154583334045,0.0017805473161364429,0,-0.00035610946322728857,0,-0.00035610946322728857,0,-0.11946894280631364,-40.659263535082076,11.886238086958938,0.38466789925433453,0.27186143392352452,0.037934153570724355,-1.5819288179538597e-16,-40.067137249520329,11.891782637361679,0.56375613102891597,0.19490648694411206,0.00030339468544516733,-0.0021366567793638896,-40.067137249520329,11.89206752493226,0.56375613102891597,0.19497058664749298,0.0003033946854451644,0.81176762096966371,1.4861708282267123,1.4300298278092394,0.81176762096966371,0.81176762096966371,0.81176762096966371
1784954487.4524255,1,1,0.9943295527042042,0.81176762096966371,0.10634256259399259,2,0,1,0,-0.85282307389467427,0.94491935052280474,-1.2368982598892271,0.0023095143916619836,1.7790702900807807,0.00084103154583334045,0,0.00071221892645457715,-0.0010683283896818657,0,0,0,-0.27876086654806514,-39.862803916373316,12.155505616436972,0.65393542873236876,0.20863784463898394,0,-6.9007905051705919e-17,-40.067079400864571,11.891628738019785,0.56374731606704398,0.19491603923983308,0.00030340959528602911,-6.9007905051705919e-17,-40.067934063576317,11.89248340073153,0.56374731606704398,0.19491603923983308,0.00030340959528602635,0.81176762096966371,1.4861708282267123,1.4300298278092394,0.81176762096966371,0.81176762096966371,0.81176762096966371
1784954487.4724255,1,1,0.9943295527042042,0.81176762096966371,0.10634256259399259,2,0,1,0,-0.85282449776297986,0.94492884297817537,-1.2369428744294686,0.0023114128827360992,1.7790693408352436,0.00084103154583334045,0,0,-0.0028488757058183086,0,0,0,0.15929192374175152,-38.588468526439307,11.886238086958938,0.75010240354595237,0.27186143392352452,0.037934153570724355,2.2289357306586625e-16,-40.066850103735931,11.891229493723529,0.56372519127382703,0.19494122179271403,0.00030344884837437406,2.2289357306586625e-16,-40.066850103735931,11.893508594288184,0.56372519127382703,0.19494122179271403,0.00030344884837437552,0.81176762096966371,1.4861708282267123,1.4300298278092394,0.81176762096966371,0.81176762096966371,0.81176762096966371
1784954487.4924254,1,1,0.9943295527042042,0.81176762096966371,0.10634256259399259,2,0,1,0,-0.85282497238574839,0.9449354876969347,-1.2370083723715257,0.0023118875055046281,1.7790693408352436,0.00084103154583334045,0,0.00035610946322728857,-0.0039172040955001743,0,0,0,0,-39.703511992631562,11.886238086958938,0.55776845391878516,0.17070369106825958,0,2.432460052087205e-16,-40.066424209001553,11.890694662515138,0.56369651078814043,0.1949742183320162,0.00030350022332899392,2.432460052087205e-16,-40.066851540357426,11.893828425791538,0.56369651078814043,0.1949742183320162,0.0003035002233289924,0.81176762096966371,1.4861708282267123,1.4300298278092394,0.81176762096966371,0.81176762096966371,0.81176762096966371
1784954487.5124254,1,1,0.9943295527042042,0.81176762096966371,0.10634256259399259,2,0,1,0,-0.85282639625405399,0.94494403090676826,-1.2371028223024629,0.0023133113738102152,1.7790683915897065,0.00084103154583334045,0,0.00071221892645457715,-0.0049855324851820395,0,0,0,0.47787577122525454,-38.907052373922809,11.693904137331771,0.75010240354595237,0.17070369106825958,0.037934153570724355,-1.4116957214903084e-16,-40.065798968046096,11.889932295794049,0.56365526233734198,0.19502175775880026,0.00030357426265293605,-1.4116957214903084e-16,-40.066653630757841,11.893920721782195,0.56365526233734198,0.19502175775880026,0.00030357426265293502,0.81176762096966371,1.4861708282267123,1.4300298278092394,0.81176762096966371,0.81176762096966371,0.81176762096966371
1784954487.5324254,1,1,0.9943295527042042,0.81176762096966371,0.10634256259399259,2,0,1,0,-0.85282782012235958,0.94495115024829612,-1.237233818186577,0.0023147352421158023,1.7790683915897065,0.00084103154583334045,0,0.00035610946322728857,-0.0074782987277730601,0.00035610946322728857,0,0,0,-40.022095840115064,11.963171666809805,0.55776845391878516,0.20863784463898394,-0.031611794642270291,4.9611744518497657e-17,-40.064874073333662,11.888908387138168,0.56360013249891694,0.19508492323537643,0.00030367262488960816,4.9611744518497657e-17,-40.065301404689535,11.894891026120385,0.56347549418678744,0.19508492323537643,0.00030367262488961017,0.81176762096966371,1.4861708282267123,1.4300298278092394,0.81176762096966371,0.81176762096966371,0.81176762096966371
1784954487.5526185,1,1,0.9943295527042042,0.81176762096966371,0.10634256259399259,2,0,1,0,-0.85282782012235958,0.94495637109874997,-1.23740705549709,0.0023147352421158023,1.7790679169669381,0.00084055692306481144,0,0.00035610946322728857,-0.010327174433591369,-0.00035610946322728857,0,0,0.31858384748350305,-40.181387763856819,11.886238086958938,0.38466789925433453,0.107480101783719,-0.031611794642270291,1.3110051796081586e-16,-40.063599946217828,11.887584160026144,0.56352961819005032,0.1951667506132663,0.00030379998816182152,1.3110051796081586e-16,-40.0640272775737,11.895845899573017,0.56365425650217982,0.1951667506132663,0.00030379998816182363,0.81176762096966371,1.4861708282267123,1.4300298278092394,0.81176762096966371,0.81176762096966371,0.81176762096966371
1784954487.5726187,1,1,0.9943295527042042,0.81176762096966371,0.10634256259399259,2,0,1,0,-0.85282829474512811,0.94496159194920382,-1.2376818620800683,0.0023156844876528601,1.7790679169669381,0.00084055692306481144,0,0.00035610946322728857,-0.015668816382000697,0,0,-0.00035610946322728857,-0.11946894280631364,-40.977847382565578,11.963171666809805,0.4616014791052015,0.20863784463898394,-0.031611794642270291,3.9452866522322581e-16,-40.061541803815466,11.885505534984514,0.56341855578705058,0.19529479649044817,0.0003039993272604362,3.9452866522322581e-16,-40.061969135171339,11.898040588090115,0.56341855578705058,0.19529479649044817,0.00036809903064134519,0.81176762096966371,1.4861708282267123,1.4300298278092394,0.81176762096966371,0.81176762096966371,0.81176762096966371
1784954487.5926187,1,1,0.9943295527042042,0.81176762096966371,0.10634256259399259,2,0,1,0,-0.85282924399066518,0.94496681279965766,-1.238030709814937,0.0023166337331899179,1.7790679169669381,0.00084103154583334045,-0.00035610946322728857,0.00035610946322728857,-0.022078786720091892,0,0,0,0.31858384748350305,-39.544220068889814,12.155505616436972,0.55776845391878516,0.24024963928125423,0.107480101783719,3.9159878326750488e-16,-40.058910890527862,11.882875776533254,0.56327816488665483,0.19545667625409613,0.00030425133738756272,0.00042733135587313785,-40.059338221883735,11.900538805909328,0.56327816488665483,0.19545667625409613,0.00030425133738756077,0.81176762096966371,1.4861708282267123,1.4300298278092394,0.81176762096966371,0.81176762096966371,0.81176762096966371
1784954487.6126187,1,1,0.9943295527042042,0.81176762096966371,0.10634256259399259,2,0,1,0,-0.85283399021835038,0.94497535600949112,-1.2385765259987453,0.002318057601495505,1.7790674423441695,0.00084103154583334045,-0.00035610946322728857,0.00071221892645457715,-0.030625413837546817,0.00035610946322728857,0,0,0,-39.225636221406312,12.424773145915006,0.75010240354595237,0.13909189642598929,0.037934153570724355,2.0446951505684695e-16,-40.054796120255723,11.878755706539213,0.56305824046065744,0.19571029697491554,0.00030464615555743417,0.00042733135587295077,-40.055650782967469,11.90325603760925,0.56293360214852795,0.19571029697491554,0.00030464615555743368,0.81176762096966371,1.4861708282267123,1.4300298278092394,0.81176762096966371,0.81176762096966371,0.81176762096966371
1784954487.6326187,1,1,0.9943295527042042,0.81176762096966371,0.10634256259399259,2,0,1,0,-0.85283683795496157,0.94498484846486175,-1.2392485918389824,0.002318057601495505,1.7790664930986324,0.00084103154583334045,0,0.00071221892645457715,-0.030269304374319527,-0.00035610946322728857,0,0.00035610946322728857,-0.11946894280631364,-39.225636221406312,11.963171666809805,0.28850092444075093,0.069545948212994646,0.107480101783719,6.1076792609548832e-16,-40.04971118976465,11.873684267209311,0.56278831539397245,0.19602219567429463,0.00030513164616824677,6.1076792609548832e-16,-40.050565852476396,11.897899710708767,0.56291295370610195,0.19602219567429463,0.00024103194278733212,0.81176762096966371,1.4861708282267123,1.4300298278092394,0.81176762096966371,0.81176762096966371,0.81176762096966371
1784954487.6534417,1,1,0.9943295527042042,0.81176762096966371,0.10634256259399259,2,0,1,0,-0.85283873644603569,0.94501000347159381,-1.2399007235229413,0.0023185322242640339,1.7790664930986324,0.00084103154583334045,0,0.0017805473161364429,-0.032049851690455974,0,0.00035610946322728857,0.00035610946322728857,0,-40.181387763856819,11.790071112145354,0.55776845391878516,0.13909189642598929,0,-3.447681706444859e-17,-40.044959314481744,11.868638631057326,0.56251963406124394,0.19633161832968096,0.0003056132962683511,-3.447681706444859e-17,-40.047095971261108,11.894278512409691,0.56251963406124394,0.19626751862630004,0.00024151359288744137,0.81176762096966371,1.4861708282267123,1.4300298278092394,0.81176762096966371,0.81176762096966371,0.81176762096966371
1784954487.6734416,1,1,0.9943295527042042,0.81176762096966371,0.10634256259399259,2,0,1,0,-0.85284063493710982,0.94503136149617761,-1.2405072914211213,0.0023194814698010917,1.779066018475864,0.00084103154583334045,0,0.00071221892645457715,-0.033118180080137838,0.00035610946322728857,0,0,0.15929192374175152,-39.225636221406312,11.886238086958938,0.4616014791052015,0.107480101783719,-0.031611794642270291,2.9786958707510859e-16,-40.040510977860187,11.863956516490855,0.56227010095274066,0.19661862660237236,0.00030606007058641874,2.9786958707510859e-16,-40.041365640571932,11.890451060554966,0.56214546264061116,0.19661862660237236,0.00030606007058641554,0.81176762096966371,1.4861708282267123,1.4300298278092394,0.81176762096966371,0.81176762096966371,0.81176762096966371
1784954487.6934416,1,1,0.9943295527042042,0.81176762096966371,0.10634256259399259,2,0,1,0,-0.85284063493710982,0.94504607480200198,-1.2411788826385899,0.002319956092569621,1.7790655438530953,0.00084103154583334045,0.00035610946322728857,0.0010683283896818657,-0.028132647594955797,0.00035610946322728857,0,0.00035610946322728857,0.31858384748350305,-40.022095840115064,12.251672591250555,0.84626937835953597,0.037934153570724355,0.037934153570724355,5.6570545929355307e-17,-40.035474231771424,11.858833236481535,0.56199733960232656,0.19693220911887616,0.00030654819575923333,-0.00042733135587268969,-40.036756225839042,11.8813393545575,0.56187270129019706,0.19693220911887616,0.00024244849237832004,0.81176762096966371,1.4861708282267123,1.4300298278092394,0.81176762096966371,0.81176762096966371,0.81176762096966371
1784954487.7134418,1,1,0.9943295527042042,0.81176762096966371,0.10634256259399259,2,0,1,0,-0.85284110955987835,0.94506790744935432,-1.2417693133626397,0.002319956092569621,1.7790650692303269,0.00084055692306481144,0,0.0014244378529091543,-0.02955708544786495,-0.00035610946322728857,0,0,0.47787577122525454,-39.384928145148059,12.155505616436972,0.38466789925433453,0.13909189642598929,-0.063223589284540582,4.1126854361454671e-16,-40.031145841874583,11.854257628964332,0.56175395001971007,0.19721190638958069,0.00030698355623855314,4.1126854361454671e-16,-40.032855167298074,11.877903297322623,0.56187858833183957,0.19721190638958069,0.000306983556238552,0.81176762096966371,1.4861708282267123,1.4300298278092394,0.81176762096966371,0.81176762096966371,0.81176762096966371
1784954487.7336066,1,1,0.9943295527042042,0.81176762096966371,0.10634256259399259,2,0,1,0,-0.85284253342818395,0.94508357000071574,-1.2423360129482635,0.0023209053381066788,1.7790645946075583,0.00084103154583334045,0,0.00071221892645457715,-0.032762070616910548,0,0,0,0.63716769496700609,-39.544220068889814,11.790071112145354,0.55776845391878516,0.20863784463898394,0,3.2369754802480521e-16,-40.026925398867753,11.849901972721694,0.56152187385015484,0.19747788542578251,0.00030739760357873571,3.2369754802480521e-16,-40.027780061579499,11.876111629215222,0.56152187385015484,0.19747788542578251,0.00030739760357873652,0.81176762096966371,1.4861708282267123,1.4300298278092394,0.81176762096966371,0.81176762096966371,0.81176762096966371
1784954487.7544539,1,1,0.9943295527042042,0.81176762096966371,0.10634256259399259,2,0,1,0,-0.85284300805095248,0.9450963848154661,-1.2430702543711778,0.0023213799608752077,1.7790645946075583,0.00084103154583334045,0,0.00071221892645457715,-0.038103712565319879,0,0,0,0.31858384748350305,-39.544220068889814,12.155505616436972,0.55776845391878516,0.20863784463898394,0,1.8794938538333792e-16,-40.021361858247182,11.844307531398233,0.56122418294549059,0.19781870861483175,0.0003079281305452465,1.8794938538333792e-16,-40.022216520958928,11.874790501450489,0.56122418294549059,0.19781870861483175,0.0003079281305452472,0.81176762096966371,1.4861708282267123,1.4300298278092394,0.81176762096966371,0.81176762096966371,0.81176762096966371
1784954487.7744539,1,1,0.9943295527042042,0.81176762096966371,0.10634256259399259,2,0,1,0,-0.85284300805095248,0.94511347123513312,-1.2439388140375858,0.0023213799608752077,1.7790636453620212,0.00084103154583334045,0.00035610946322728857,0.00071221892645457715,-0.047006449146002091,0,0,0,-0.11946894280631364,-40.022095840115064,12.328606171101423,0.55776845391878516,0.20863784463898394,-0.063223589284540582,2.1227869778601193e-16,-40.014794562082479,11.837666903052384,0.56087108395829621,0.19822304916601557,0.00030855751279548028,-0.000427331355872534,-40.015649224794224,11.875272062369186,0.56087108395829621,0.19822304916601557,0.00030855751279548066,0.81176762096966371,1.4861708282267123,1.4300298278092394,0.81176762096966371,0.81176762096966371,0.81176762096966371
1784954487.7944539,1,1,0.9943295527042042,0.81176762096966371,0.10634256259399259,2,0,1,0,-0.85284680503310073,0.94513245614587427,-1.244957354498849,0.0023223292064122655,1.7790631707392528,0.00084103154583334045,-0.00035610946322728857,0.0010683283896818657,-0.051279762704729552,0.00035610946322728857,0,0,0.15929192374175152,-39.544220068889814,11.790071112145354,0.55776845391878516,0.20863784463898394,0.107480101783719,4.9534994755379911e-17,-40.007068549535298,11.829875625584092,0.56045649570910216,0.1986962414738952,0.00030929409444136201,0.00042733135587279578,-40.008350543602916,11.870899435747877,0.56033185739697267,0.1986962414738952,0.00030929409444135914,0.81176762096966371,1.4861708282267123,1.4300298278092394,0.81176762096966371,0.81176762096966371,0.81176762096966371
1784954487.8144538,1,1,0.9943295527042042,0.81176762096966371,0.10634256259399259,2,0,1,0,-0.85285107663801751,0.94515713652983779,-1.2460470883753914,0.0023228038291807948,1.7790631707392528,0.00084103154583334045,-0.00035610946322728857,0.0014244378529091543,-0.05519696680022973,0,0,0,-0.27876086654806514,-39.384928145148059,11.790071112145354,0.55776845391878516,0.20863784463898394,0.13909189642598929,2.4904410897845708e-16,-39.998837993404379,11.821491742089396,0.56001072810939723,0.19920403027298844,0.00031008451408529953,0.00042733135587299533,-40.00054731882787,11.865649315529581,0.56001072810939723,0.19920403027298844,0.0003100845140852973,0.81176762096966371,1.4861708282267123,1.4300298278092394,0.81176762096966371,0.81176762096966371,0.81176762096966371
1784954487.8347089,1,1,0.9943295527042042,0.81176762096966371,0.10634256259399259,2,0,1,0,-0.85285060201524898,0.94520981965714446,-1.2470741720464882,0.0023232784519493237,1.7790631707392528,0.00084103154583334045,0.00035610946322728857,0.0035610946322728858,-0.054128638410547859,0,0,0.00035610946322728857,0,-38.747760450181055,11.693904137331771,0.4616014791052015,0.24024963928125423,0.037934153570724355,1.2178260851139361e-16,-39.991410904900647,11.813354292156216,0.55957815053176296,0.19969579580283514,0.00031084999244722854,-0.00042733135587262448,-39.995684218459374,11.856657202884655,0.55957815053176296,0.19969579580283514,0.00024675028906631858,0.81176762096966371,1.4861708282267123,1.4300298278092394,0.81176762096966371,0.81176762096966371,0.81176762096966371
1784954487.8554606,1,1,0.9943295527042042,0.81176762096966371,0.10634256259399259,2,0,1,0,-0.85285107663801751,0.94535980045199963,-1.2482313023561618,0.0023237530747178526,1.7790626961164842,0.00084103154583334045,0,0.0096149555071367906,-0.048786996462138535,0,0,0,0,-39.703511992631562,11.693904137331771,0.92320295821040299,0.30979558749424885,0.107480101783719,-3.3824256679169266e-17,-39.984085594040664,11.803485085675144,0.55905366081163899,0.2002910066894118,0.00031177649017461828,-3.3824256679169266e-17,-39.995623540649227,11.842514682844854,0.55905366081163899,0.2002910066894118,0.00031177649017461589,0.81176762096966371,1.4861708282267123,1.4300298278092394,0.81176762096966371,0.81176762096966371,0.81176762096966371
1784954487.8754606,1,1,0.9943295527042042,0.81176762096966371,0.10634256259399259,2,0,1,0,-0.85285107663801751,0.94558761938089353,-1.249143052694506,0.0023242276974863815,1.7790626961164842,0.00084055692306481144,0,0.014244378529091543,-0.051635872167956842,0.00035610946322728857,0,-0.00035610946322728857,-0.11946894280631364,-40.977847382565578,11.424636607853737,0.28850092444075093,0.24024963928125423,-0.063223589284540582,2.1068702811084953e-16,-39.979577437140726,11.794863871328777,0.55859559538766601,0.20080945786577373,0.0003125834998386876,2.1068702811084953e-16,-39.996670691375634,11.836172569063143,0.55847095707553651,0.20080945786577373,0.00037668320321960141,0.81176762096966371,1.4861708282267123,1.4300298278092394,0.81176762096966371,0.81176762096966371,0.81176762096966371
1784954487.8954606,1,1,0.9943295527042042,0.81176762096966371,0.10634256259399259,2,0,1,0,-0.85285107663801751,0.94594026409791054,-1.2502361089304281,0.0023247023202549104,1.7790622214937157,0.00084103154583334045,0,0.020654348867182738,-0.058045842506048037,0,0,0,0.63716769496700609,-40.181387763856819,11.886238086958938,0.38466789925433453,0.30979558749424885,0.069545948212994646,1.8715152828488081e-17,-39.975075676240266,11.783904555021493,0.55801348300649112,0.20146702436311745,0.00031360706461143023,1.8715152828488081e-17,-39.999860894880882,11.830341229026331,0.55801348300649112,0.20146702436311745,0.00031360706461142779,0.81176762096966371,1.4861708282267123,1.4300298278092394,0.81176762096966371,0.81176762096966371,0.81176762096966371
1784954487.9154606,1,1,0.9943295527042042,0.81176762096966371,0.10634256259399259,2,0,1,0,-0.85285060201524898,0.9464666207482092,-1.2515688496644575,0.0023251769430234397,1.7790622214937157,0.00084103154583334045,0,0.02991319491109224,-0.0687291264028667,0,0,0,0.31858384748350305,-39.544220068889814,12.155505616436972,0.4616014791052015,0.27186143392352452,0,9.9178523486639291e-17,-39.970664888250631,11.769774056103795,0.55726325637835972,0.20231172490787944,0.00031492190892620743,9.9178523486639291e-17,-40.006560722143945,11.824757357226089,0.55726325637835972,0.20231172490787944,0.00031492190892620786,0.81176762096966371,1.4861708282267123,1.4300298278092394,0.81176762096966371,0.81176762096966371,0.81176762096966371
1784954487.9354606,1,1,0.9943295527042042,0.81176762096966371,0.10634256259399259,2,0,1,0,-0.85285107663801751,0.94706844241870392,-1.2528242268872167,0.0023256515657919686,1.7790622214937157,0.00084103154583334045,-0.00035610946322728857,0.038459822028547162,-0.072290221035139574,0,0,0,0.31858384748350305,-40.340679687598573,11.886238086958938,0.84626937835953597,0.27186143392352452,0.107480101783719,8.4751637620380776e-17,-39.967690065605325,11.755616698293782,0.55651187293658777,0.20315486468651192,0.00031623432374641681,0.00042733135587283102,-40.013841852039583,11.813448875121894,0.55651187293658777,0.20315486468651192,0.00031623432374641713,0.81176762096966371,1.4861708282267123,1.4300298278092394,0.81176762096966371,0.81176762096966371,0.81176762096966371
1784954487.9556978,1,1,0.9943295527042042,0.81176762096966371,0.10634256259399259,2,0,1,0,-0.85285060201524898,0.94807179495137417,-1.254507713847189,0.0023261261885604975,1.7790622214937157,0.00084103154583334045,0,0.051635872167956842,-0.076563534593867041,0.00035610946322728857,0,0.00035610946322728857,0,-40.022095840115064,11.886238086958938,0.75010240354595237,0.17070369106825958,0.037934153570724355,5.0555663253427232e-18,-39.965876584934932,11.735061930348328,0.55542152191903993,0.20437340758112157,0.00031813107756938563,5.0555663253427232e-18,-40.02783963153648,11.796312758023422,0.55529688360691043,0.20437340758112157,0.00025403137418847577,0.81176762096966371,1.4861708282267123,1.4300298278092394,0.81176762096966371,0.81176762096966371,0.81176762096966371
1784954487.975698,1,1,0.9943295527042042,0.81176762096966371,0.10634256259399259,2,0,1,0,-0.85285060201524898,0.94921943280567722,-1.2561617741955124,0.0023261261885604975,1.7790622214937157,0.00084103154583334045,0,0.057333623579593457,-0.08546627117454926,0,0,0,-0.11946894280631364,-40.181387763856819,11.693904137331771,0.38466789925433453,0.13909189642598929,-0.031611794642270291,7.4567186510665415e-17,-39.965831857155493,11.713536395490786,0.55428048452980061,0.20564246993930152,0.00032010645460294428,7.4567186510665415e-17,-40.034632205451004,11.781909412430426,0.55428048452980061,0.20564246993930152,0.00032010645460294612,0.81176762096966371,1.4861708282267123,1.4300298278092394,0.81176762096966371,0.81176762096966371,0.81176762096966371
1784954487.995698,1,1,0.9943295527042042,0.81176762096966371,0.10634256259399259,2,0,1,0,-0.85285060201524898,0.95035283197692444,-1.2577944765192521,0.0023261261885604975,1.7790622214937157,0.00084103154583334045,0,0.060894718211866344,-0.091164022586185875,0,0,0.00035610946322728857,0.15929192374175152,-40.340679687598573,11.886238086958938,0.38466789925433453,0.17070369106825958,-0.063223589284540582,3.2299475891421952e-16,-39.965663975934291,11.692192646016233,0.55314967617716948,0.20689382482984028,0.00032205426874394816,3.2299475891421952e-16,-40.038737637788529,11.765123864085181,0.55314967617716948,0.20689382482984028,0.00025795456536303402,0.81176762096966371,1.4861708282267123,1.4300298278092394,0.81176762096966371,0.81176762096966371,0.81176762096966371
1784954488.015698,1,1,0.9943295527042042,0.81176762096966371,0.10634256259399259,2,0,1,0,-0.85285012739248045,0.95168936969310203,-1.2597622625175733,0.0023261261885604975,1.7790622214937157,0.00084103154583334045,0,0.066236360160275676,-0.094012898292004182,0.00035610946322728857,0,0,0.15929192374175152,-40.499971611340321,12.251672591250555,0.75010240354595237,0.20863784463898394,-0.063223589284540582,-2.2865698578511864e-17,-39.964956831035394,11.666576665068211,0.55179329056347071,0.20838658990960043,0.00032437785321689383,-2.2865698578511864e-17,-40.044440463227723,11.741786983701815,0.55166865225134121,0.20838658990960043,0.00032437785321689366,0.81176762096966371,1.4861708282267123,1.4300298278092394,0.81176762096966371,0.81176762096966371,0.81176762096966371
1784954488.0356979,1,1,0.9943295527042042,0.81176762096966371,0.10634256259399259,2,0,1,0,-0.85285012739248045,0.95306862345844723,-1.2616569566095408,0.0023261261885604975,1.7790622214937157,0.00084103154583334045,0,0.075851315667412461,-0.091876241512640455,0,0.00035610946322728857,0,-0.27876086654806514,-40.659263535082076,12.059338641623388,0.75010240354595237,0.20863784463898394,-0.063223589284540582,-2.0209053389154863e-17,-39.965138979931943,11.641068430829971,0.55044343175405219,0.20986338840603952,0.00032667658457278002,-2.0209053389154863e-17,-40.056160558732842,11.714569424040084,0.55044343175405219,0.2097992887026586,0.00032667658457277704,0.81176762096966371,1.4861708282267123,1.4300298278092394,0.81176762096966371,0.81176762096966371,0.81176762096966371
1784954488.0556979,1,1,0.9943295527042042,0.81176762096966371,0.10634256259399259,2,0,1,0,-0.85284965276971192,0.95460355349186987,-1.2634633708665621,0.0023256515657919686,1.7790622214937157,0.00084103154583334045,0,0.082261286005503656,-0.095437336144913329,-0.00035610946322728857,0,0,-0.27876086654806514,-40.499971611340321,11.693904137331771,0.75010240354595237,0.30979558749424885,-0.063223589284540582,-7.5815197867542148e-17,-39.967590938615452,11.614903931994213,0.54905988618354229,0.21136826819139906,0.00032901901281935598,-7.5815197867542148e-17,-40.066304481822058,11.691253800910143,0.54918452449567179,0.21136826819139906,0.00032901901281935653,0.81176762096966371,1.4861708282267123,1.4300298278092394,0.81176762096966371,0.81176762096966371,0.81176762096966371
1784954488.0756979,1,1,0.9943295527042042,0.81176762096966371,0.10634256259399259,2,0,1,0,-0.85285060201524898,0.95640806925781707,-1.2654093242175308,0.0023261261885604975,1.7790622214937157,0.00084103154583334045,0,0.090095694196504011,-0.092232350975867738,0,0,0,-0.27876086654806514,-39.384928145148059,11.328469633040152,0.55776845391878516,0.27186143392352452,-0.063223589284540582,2.3542636147520847e-16,-39.971675355898192,11.585379457886711,0.54749924172286291,0.21305459867958004,0.00033164390721753949,2.3542636147520847e-16,-40.079790188933998,11.659165338667405,0.54749924172286291,0.21305459867958004,0.00033164390721753673,0.81176762096966371,1.4861708282267123,1.4300298278092394,0.81176762096966371,0.81176762096966371,0.81176762096966371
1784954488.0956979,1,1,0.9943295527042042,0.81176762096966371,0.10634256259399259,2,0,1,0,-0.85285060201524898,0.95837063440568437,-1.2672594037692568,0.0023256515657919686,1.7790622214937157,0.00084103154583334045,0,0.098998430777186217,-0.088315146880367568,0,0,0,0,-40.659263535082076,11.597737162518188,0.4616014791052015,0.20863784463898394,-0.10115774285526494,2.7791789867514309e-16,-39.978018188445972,11.555194973249975,0.54590520223851491,0.21476581321351554,0.00033430750849651323,2.7791789867514309e-16,-40.096816305378596,11.625847090754268,0.54590520223851491,0.21476581321351554,0.00033430750849651469,0.81176762096966371,1.4861708282267123,1.4300298278092394,0.81176762096966371,0.81176762096966371,0.81176762096966371
1784954488.1156979,1,1,0.9943295527042042,0.81176762096966371,0.10634256259399259,2,0,1,0,-0.85285107663801751,0.960265328497652,-1.2689077686443579,0.0023256515657919686,1.7790626961164842,0.00084103154583334045,-0.00035610946322728857,0.10362785379914097,-0.090095694196504011,0,0.00035610946322728857,0,0,-40.022095840115064,11.597737162518188,0.75010240354595237,0.17070369106825958,0.069545948212994646,2.3052732233383977e-16,-39.985015905190764,11.526991604828186,0.54441658936525417,0.21635302019502256,0.00033677809725102367,0.00042733135587297679,-40.109369329749732,11.599068160185389,0.54441658936525417,0.21628892049164164,0.00033677809725102259,0.81176762096966371,1.4861708282267123,1.4300298278092394,0.81176762096966371,0.81176762096966371,0.81176762096966371
1784954488.1356978,1,1,0.9943295527042042,0.81176762096966371,0.10634256259399259,2,0,1,0,-0.85285155126078604,0.9623660088711613,-1.2707350663031944,0.0023251769430234397,1.7790626961164842,0.00084103154583334045,0,0.099710649703640797,-0.087602927953912987,0,0,0,0.31858384748350305,-40.340679687598573,11.424636607853737,0.55776845391878516,0.069545948212994646,0.107480101783719,2.3536945331755421e-16,-39.992483199564809,11.495552288795656,0.54275844809546125,0.21810972231927436,0.00033951250267810052,2.3536945331755421e-16,-40.112135979209178,11.565634631158787,0.54275844809546125,0.21810972231927436,0.00033951250267810068,0.81176762096966371,1.4861708282267123,1.4300298278092394,0.81176762096966371,0.81176762096966371,0.81176762096966371
1784954488.1556978,1,1,0.9943295527042042,0.81176762096966371,0.10634256259399259,2,0,1,0,-0.85285107663801751,0.96444485659731816,-1.2723122377630163,0.0023242276974863815,1.7790622214937157,0.00084103154583334045,0,0.10362785379914097,-0.073358549424821451,-0.00035610946322728857,-0.00035610946322728857,0.00035610946322728857,0.31858384748350305,-39.384928145148059,11.136135683412986,0.28850092444075093,0.30979558749424885,0.107480101783719,5.2009627051346052e-17,-40.001508049282073,11.466127618241234,0.54120777860873881,0.21974198516817825,0.00034205319728240649,5.2009627051346052e-17,-40.125861473841042,11.524814457781092,0.54133241692086831,0.21980608487155917,0.00027795349390149566,0.81176762096966371,1.4861708282267123,1.4300298278092394,0.81176762096966371,0.81176762096966371,0.81176762096966371
1784954488.1756978,1,1,0.9943295527042042,0.81176762096966371,0.10634256259399259,2,0,1,0,-0.85285155126078604,0.96657781131908738,-1.27372424049939,0.0023242276974863815,1.7790622214937157,0.00084103154583334045,0,0.10220341594623182,-0.056265295189911593,0,0,0.00035610946322728857,0,-39.544220068889814,11.136135683412986,0.38466789925433453,0.24024963928125423,-0.031611794642270291,-1.8268166066804663e-16,-40.012215088869347,11.437448282541189,0.53969695294314923,0.22132165357925893,0.00034451205151374135,-1.8268166066804663e-16,-40.134859188004825,11.482460518693118,0.53969695294314923,0.22132165357925893,0.00028041234813283095,0.81176762096966371,1.4861708282267123,1.4300298278092394,0.81176762096966371,0.81176762096966371,0.81176762096966371
1784954488.1956978,1,1,0.9943295527042042,0.81176762096966371,0.10634256259399259,2,0,1,0,-0.85285202588355447,0.96848674409411084,-1.2746450086703363,0.0023247023202549104,1.7790622214937157,0.00084103154583334045,0,0.096505664534595206,-0.04273313558727463,0.00035610946322728857,0,0,-0.27876086654806514,-40.977847382565578,10.963035128748535,0.55776845391878516,0.20863784463898394,0.107480101783719,4.6087065135704949e-17,-40.024466235560482,11.414450922221643,0.53848591244347499,0.22258060145967559,0.00034647169687349944,4.6087065135704949e-17,-40.140273033001996,11.448637430691463,0.53836127413134549,0.22258060145967559,0.00034647169687349738,0.81176762096966371,1.4861708282267123,1.4300298278092394,0.81176762096966371,0.81176762096966371,0.81176762096966371
1784954488.215698,1,1,0.9943295527042042,0.81176762096966371,0.10634256259399259,2,0,1,0,-0.85285202588355447,0.97038760828206938,-1.275393963399075,0.0023242276974863815,1.7790626961164842,0.00084103154583334045,0,0.09828621185073165,-0.035254836859501565,0,0.00035610946322728857,0,0,-40.340679687598573,11.424636607853737,0.4616014791052015,0.30979558749424885,0.069545948212994646,1.3323545302014848e-16,-40.037895591788896,11.392830133328706,0.53734829792278904,0.2237576923234893,0.00034830390035309758,1.3323545302014848e-16,-40.155839046009774,11.421034002816308,0.53734829792278904,0.22369359262010838,0.00034830390035309883,0.81176762096966371,1.4861708282267123,1.4300298278092394,0.81176762096966371,0.81176762096966371,0.81176762096966371
1784954488.235698,1,1,0.9943295527042042,0.81176762096966371,0.10634256259399259,2,0,1,0,-0.85285297512909153,0.97225857123561066,-1.2759663584579208,0.0023242276974863815,1.7790622214937157,0.00084055692306481144,0,0.094369007755231465,-0.022791005646546469,0.00035610946322728857,0,-0.00035610946322728857,0.31858384748350305,-40.499971611340321,11.597737162518188,0.4616014791052015,0.17070369106825958,0,7.6014836366421072e-16,-40.052339929510325,11.372822867507677,0.53629580965925217,0.22484208340865583,0.00034999181642027022,7.6014836366421072e-16,-40.165582738816603,11.391055672024915,0.53617117134712267,0.22484208340865583,0.00041409151980118447,0.81176762096966371,1.4861708282267123,1.4300298278092394,0.81176762096966371,0.81176762096966371,0.81176762096966371
1784954488.255698,1,1,0.9943295527042042,0.81176762096966371,0.10634256259399259,2,0,1,0,-0.85285344975186006,0.97416370702848598,-1.2762910004315946,0.0023237530747178526,1.7790622214937157,0.00084103154583334045,0,0.094012898292004182,-0.011039393360045946,0,0,0,0,-40.181387763856819,11.136135683412986,0.38466789925433453,0.13909189642598929,-0.031611794642270291,2.9286564640804701e-16,-40.069082844616112,11.354503513718898,0.53533270758888252,0.22583032076833595,0.00035153006487215888,2.9286564640804701e-16,-40.181898322566518,11.363335028406935,0.53533270758888252,0.22583032076833595,0.00035153006487215893,0.81176762096966371,1.4861708282267123,1.4300298278092394,0.81176762096966371,0.81176762096966371,0.81176762096966371
1784954488.2756979,1,1,0.9943295527042042,0.81176762096966371,0.10634256259399259,2,0,1,0,-0.85285297512909153,0.97605507876107389,-1.2763996890455878,0.0023237530747178526,1.7790622214937157,0.00084103154583334045,0,0.090451803659731295,-0.0010683283896818657,0,0,0,-0.27876086654806514,-40.659263535082076,11.039968708599401,0.75010240354595237,0.27186143392352452,0.069545948212994646,3.1001090867320224e-16,-40.087379067508813,11.338022932844197,0.53446640003303603,0.22671579264595809,0.0003529083579402943,3.1001090867320224e-16,-40.195921231900492,11.338877595555942,0.53446640003303603,0.22671579264595809,0.00035290835794029446,0.81176762096966371,1.4861708282267123,1.4300298278092394,0.81176762096966371,0.81176762096966371,0.81176762096966371
1784954488.2956979,1,1,0.9943295527042042,0.81176762096966371,0.10634256259399259,2,0,1,0,-0.85285297512909153,0.97770154514510088,-1.2764006382911248,0.0023237530747178526,1.7790626961164842,0.00084103154583334045,0.00035610946322728857,0.082261286005503656,0,0,0.00035610946322728857,0.00035610946322728857,0,-39.703511992631562,11.232302658226569,0.65393542873236876,0.30979558749424885,0,3.2694636828656427e-16,-40.103991381313897,11.324413135269609,0.5337512312429844,0.22744424990295264,0.00035404224776066257,-0.00042733135587241935,-40.202704924520503,11.324413135269609,0.5337512312429844,0.22738015019957172,0.00028994254437975309,0.81176762096966371,1.4861708282267123,1.4300298278092394,0.81176762096966371,0.81176762096966371,0.81176762096966371
1784954488.3156979,1,1,0.9943295527042042,0.81176762096966371,0.10634256259399259,2,0,1,0,-0.85285297512909153,0.97940401701581437,-1.2763982651772823,0.0023232784519493237,1.7790626961164842,0.00084103154583334045,0,0.080124629226139929,0,0,0.00035610946322728857,0,0.47787577122525454,-39.384928145148059,11.039968708599401,0.65393542873236876,0.41095333034951381,-0.031611794642270291,3.4489643200670442e-16,-40.121084616503303,11.310335344669115,0.53301185225114289,0.22819557210101971,0.00035521171536025484,3.4489643200670442e-16,-40.217234171574674,11.310335344669115,0.53301185225114289,0.22813147239763878,0.00035521171536025825,0.81176762096966371,1.4861708282267123,1.4300298278092394,0.81176762096966371,0.81176762096966371,0.81176762096966371
1784954488.3564708,1,1,0.9943295527042042,0.81176762096966371,0.10634256259399259,2,0,1,0,-0.85285344975186006,0.98233101562933256,-1.2763958920634395,0.0023228038291807948,1.7790622214937157,0.00084103154583334045,0,0.066592469623502959,-0.00035610946322728857,0,-0.00035610946322728857,0,0,-39.703511992631562,10.866868153934952,0.65393542873236876,0.27186143392352452,-0.031611794642270291,7.2057119055088289e-17,-40.150189718306784,11.286040612997624,0.53173618874166462,0.2294867125866876,0.00035722144429424746,7.2057119055088289e-17,-40.230100681854985,11.286325500568205,0.53173618874166462,0.22955081229006852,0.00035722144429424507,0.81176762096966371,1.4861708282267123,1.4300298278092394,0.81176762096966371,0.81176762096966371,0.81176762096966371
1784954488.3764708,1,1,0.9943295527042042,0.81176762096966371,0.10634256259399259,2,0,1,0,-0.85285392437462859,0.98360110615791607,-1.2763949428179024,0.0023232784519493237,1.7790626961164842,0.00084103154583334045,0,0.058045842506048037,0.00035610946322728857,0.00035610946322728857,0,0,-0.59734471403156819,-40.499971611340321,11.597737162518188,0.55776845391878516,0.24024963928125423,-0.031611794642270291,7.4343089678581054e-17,-40.162712630684901,11.275467342114338,0.53118094252950965,0.23004609289513017,0.0003580921679791774,7.4343089678581054e-17,-40.232367641692157,11.275182454543756,0.53105630421738015,0.23004609289513017,0.00035809216797917653,0.81176762096966371,1.4861708282267123,1.4300298278092394,0.81176762096966371,0.81176762096966371,0.81176762096966371
1784954488.3964708,1,1,0.9943295527042042,0.81176762096966371,0.10634256259399259,2,0,1,0,-0.85285344975186006,0.98471836815503322,-1.2763873488536062,0.0023228038291807948,1.7790626961164842,0.00084103154583334045,0,0.049143105925365825,0.00035610946322728857,0,0.00035610946322728857,0,0.15929192374175152,-40.022095840115064,11.328469633040152,0.4616014791052015,0.34140738213651917,0,2.7098216543292827e-16,-40.173734022277941,11.266207146069265,0.53069509910727186,0.23053506385373068,0.0003588532692743376,2.7098216543292827e-16,-40.23270574938838,11.265922258498684,0.53069509910727186,0.23047096415034976,0.00035885326927433819,0.81176762096966371,1.4861708282267123,1.4300298278092394,0.81176762096966371,0.81176762096966371,0.81176762096966371
1784954488.4164708,1,1,0.9943295527042042,0.81176762096966371,0.10634256259399259,2,0,1,0,-0.85285392437462859,0.98563296622998853,-1.2763849757397634,0.0023223292064122655,1.7790626961164842,0.00084103154583334045,-0.00035610946322728857,0.040240369344683606,0,0,0,0.00035610946322728857,0.15929192374175152,-40.022095840115064,11.597737162518188,0.55776845391878516,0.20863784463898394,0.037934153570724355,3.8473732373283952e-16,-40.182685981163772,11.258583978917441,0.5302952437914159,0.23093681969008856,0.00035947861473168856,0.00042733135587313102,-40.230974424377393,11.258583978917441,0.5302952437914159,0.23093681969008856,0.00029537891135077366,0.81176762096966371,1.4861708282267123,1.4300298278092394,0.81176762096966371,0.81176762096966371,0.81176762096966371
1784954488.436794,1,1,0.9943295527042042,0.81176762096966371,0.10634256259399259,2,0,1,0,-0.85285344975186006,0.98626990998535446,-1.2763769071526985,0.0023218545836437366,1.7790631707392528,0.00084103154583334045,0,0.028488757058183087,0.0014244378529091543,-0.00035610946322728857,0,0,0.63716769496700609,-40.977847382565578,11.328469633040152,0.38466789925433453,0.20863784463898394,0.069545948212994646,4.2513445501382583e-16,-40.188955999354654,11.253322640544196,0.53001938740689225,0.23121346373640675,0.00035990921577004994,4.2513445501382583e-16,-40.223142507824477,11.25218309026187,0.53014402571902175,0.23121346373640675,0.00035990921577005314,0.81176762096966371,1.4861708282267123,1.4300298278092394,0.81176762096966371,0.81176762096966371,0.81176762096966371
1784954488.456794,1,1,0.9943295527042042,0.81176762096966371,0.10634256259399259,2,0,1,0,-0.85285344975186006,0.98665293055955738,-1.2763569729964201,0.0023218545836437366,1.7790636453620212,0.00084103154583334045,0,0.0078344081910003485,0.0010683283896818657,0,0.00035610946322728857,0,-0.11946894280631364,-39.862803916373316,11.328469633040152,0.65393542873236876,0.24024963928125423,-0.063223589284540582,1.1293133185919483e-16,-40.192850033674517,11.25028295672176,0.52985992096799484,0.23137305673075989,0.00036015763232636618,1.1293133185919483e-16,-40.202251323503717,11.249428294010015,0.52985992096799484,0.23130895702737897,0.00036015763232636472,0.81176762096966371,1.4861708282267123,1.4300298278092394,0.81176762096966371,0.81176762096966371,0.81176762096966371
1784954488.476794,1,1,0.9943295527042042,0.81176762096966371,0.10634256259399259,2,0,1,0,-0.85285344975186006,0.98666906773368734,-1.2763232747798547,0.0023213799608752077,1.7790641199847899,0.00084103154583334045,0,0,0.0035610946322728858,0,0,0,0.15929192374175152,-40.340679687598573,10.866868153934952,0.55776845391878516,0.27186143392352452,-0.031611794642270291,2.1387409718704533e-16,-40.193299141174947,11.250429255793929,0.52986781355029267,0.23136511949048619,0.00036014526462404298,2.1387409718704533e-16,-40.193299141174947,11.24758038008811,0.52986781355029267,0.23136511949048619,0.00036014526462404411,0.81176762096966371,1.4861708282267123,1.4300298278092394,0.81176762096966371,0.81176762096966371,0.81176762096966371
1784954488.496794,1,1,0.9943295527042042,0.81176762096966371,0.10634256259399259,2,0,1,0,-0.85285392437462859,0.98664153961311263,-1.2761196616121557,0.0023218545836437366,1.779066967721401,0.00084103154583334045,-0.00035610946322728857,-0.0017805473161364429,0.015668816382000697,0,0,0,0,-39.862803916373316,11.232302658226569,0.65393542873236876,0.27186143392352452,0.037934153570724355,1.4404505578937509e-16,-40.194801390345674,11.252362375533517,0.52996915798612887,0.23126213864815964,0.00035998498118460827,0.00042733135587289033,-40.192664733566311,11.239827322427915,0.52996915798612887,0.23126213864815964,0.00035998498118460648,0.81176762096966371,1.4861708282267123,1.4300298278092394,0.81176762096966371,0.81176762096966371,0.81176762096966371
1784954488.516794,1,1,0.9943295527042042,0.81176762096966371,0.10634256259399259,2,0,1,0,-0.85285392437462859,0.98663394564881624,-1.2757494558527032,0.0023218545836437366,1.779066967721401,0.00084103154583334045,0,0,0.017093254234909851,0,-0.00035610946322728857,0,-0.43805279028981664,-40.499971611340321,11.424636607853737,0.65393542873236876,0.20863784463898394,-0.031611794642270291,2.4401202266880551e-16,-40.197947070799522,11.255523745151621,0.53013503451144073,0.23109583845081999,0.00035972612447311892,2.4401202266880551e-16,-40.197947070799522,11.241849141763693,0.53013503451144073,0.23115993815420091,0.00035972612447311703,0.81176762096966371,1.4861708282267123,1.4300298278092394,0.81176762096966371,0.81176762096966371,0.81176762096966371
1784954488.5367939,1,1,0.9943295527042042,0.81176762096966371,0.10634256259399259,2,0,1,0,-0.85285392437462859,0.98663394564881624,-1.2754941088032345,0.0023213799608752077,1.7790674423441695,0.00084103154583334045,0,-0.00035610946322728857,0.011751612286500523,0,0,0,0,-40.022095840115064,11.039968708599401,0.4616014791052015,0.24024963928125423,0,-1.7416014202841799e-16,-40.200165933632086,11.257658789102543,0.53024728258502196,0.23098321183507489,0.00035955080116489195,-1.7416014202841799e-16,-40.199738602276213,11.248257499273342,0.53024728258502196,0.23098321183507489,0.00035955080116489152,0.81176762096966371,1.4861708282267123,1.4300298278092394,0.81176762096966371,0.81176762096966371,0.81176762096966371
1784954488.5574942,1,1,0.9943295527042042,0.81176762096966371,0.10634256259399259,2,0,1,0,-0.85285392437462859,0.98662445319344561,-1.2751803831532369,0.0023213799608752077,1.7790702900807807,0.00084103154583334045,0,-0.0010683283896818657,0.017449363698137141,0,0.00035610946322728857,0,0,-40.659263535082076,11.039968708599401,0.55776845391878516,0.27186143392352452,-0.10115774285526494,-1.5108221314362383e-16,-40.202797374308879,11.260358976620303,0.53038909129662826,0.23083963811731512,0.00035932731949316288,-1.5108221314362383e-16,-40.201515380241261,11.246399485661794,0.53038909129662826,0.23077553841393419,0.00035932731949316066,0.81176762096966371,1.4861708282267123,1.4300298278092394,0.81176762096966371,0.81176762096966371,0.81176762096966371
1784954488.5774941,1,1,0.9943295527042042,0.81176762096966371,0.10634256259399259,2,0,1,0,-0.85285392437462859,0.98661590998361204,-1.2747143035945414,0.0023209053381066788,1.7790707647035491,0.00084103154583334045,0,-0.00035610946322728857,0.028488757058183087,-0.00035610946322728857,0,-0.00035610946322728857,0,-39.544220068889814,10.866868153934952,0.55776845391878516,0.20863784463898394,0,-1.0505880394815788e-16,-40.206761142558712,11.264324349188238,0.53059740460464,0.23063039862271886,0.00035900161214718056,-1.0505880394815788e-16,-40.206333811202839,11.241533343541692,0.5307220429167695,0.23063039862271886,0.00042310131552808977,0.81176762096966371,1.4861708282267123,1.4300298278092394,0.81176762096966371,0.81176762096966371,0.81176762096966371
1784954488.5974941,1,1,0.9943295527042042,0.81176762096966371,0.10634256259399259,2,0,1,0,-0.85285392437462859,0.98661590998361204,-1.2739890800042291,0.0023213799608752077,1.7790707647035491,0.00084103154583334045,0,0,0.041308697734365477,0.00035610946322728857,0,0,-0.11946894280631364,-40.181387763856819,11.424636607853737,0.55776845391878516,0.20863784463898394,0.107480101783719,3.1793012255863075e-16,-40.213054469145483,11.270379941561481,0.53091502521509948,0.23031089992964973,0.00035850430521252864,3.1793012255863075e-16,-40.213054469145483,11.237332983373989,0.53079038690296998,0.23031089992964973,0.0003585043052125314,0.81176762096966371,1.4861708282267123,1.4300298278092394,0.81176762096966371,0.81176762096966371,0.81176762096966371
1784954488.6174941,1,1,0.9943295527042042,0.81176762096966371,0.10634256259399259,2,0,1,0,-0.85285392437462859,0.98661258762423243,-1.2730982130677002,0.0023209053381066788,1.7790712393263177,0.00084103154583334045,0,-0.00035610946322728857,0.057333623579593457,0,0,0,0.31858384748350305,-39.066344297664557,11.501570187704603,0.55776845391878516,0.27186143392352452,0,4.8125195712970822e-16,-40.220743016510241,11.277836903625042,0.53130666080809508,0.22991658689519578,0.00035789051922943585,4.8125195712970822e-16,-40.220315685154368,11.231970004761367,0.53130666080809508,0.22991658689519578,0.00035789051922943682,0.81176762096966371,1.4861708282267123,1.4300298278092394,0.81176762096966371,0.81176762096966371,0.81176762096966371
1784954488.644479,1,1,0.9943295527042042,0.81176762096966371,0.10634256259399259,2,0,1,0,-0.85285392437462859,0.98660973988762124,-1.2720801472292056,0.0023209053381066788,1.7790717139490861,0.00084103154583334045,0,-0.00035610946322728857,0.075139096740957881,0,0.00035610946322728857,0,-0.11946894280631364,-40.181387763856819,10.770701179121367,0.4616014791052015,0.34140738213651917,-0.063223589284540582,5.3492413964477255e-16,-40.229527420550134,11.286339918204691,0.53175307562053142,0.22946619670527232,0.00035718945850450167,5.3492413964477255e-16,-40.229100089194262,11.226228640811925,0.53175307562053142,0.2294020970018914,0.00035718945850449907,0.81176762096966371,1.4861708282267123,1.4300298278092394,0.81176762096966371,0.81176762096966371,0.81176762096966371
1784954488.664479,1,1,0.9943295527042042,0.81176762096966371,0.10634256259399259,2,0,1,0,-0.85285392437462859,0.98659312809072264,-1.2691275189861868,0.0023204307153381499,1.7790726631946232,0.00084103154583334045,0,-0.0017805473161364429,0.09828621185073165,0,0,0,0,-40.499971611340321,10.963035128748535,0.84626937835953597,0.24024963928125423,0.107480101783719,1.4674031530349548e-16,-40.254852009535455,11.311002132336714,0.53304846250158866,0.22815510674607414,0.00035514865134072296,1.4674031530349548e-16,-40.252715352756091,11.232373162856129,0.53304846250158866,0.22815510674607414,0.00035514865134072399,0.81176762096966371,1.4861708282267123,1.4300298278092394,0.81176762096966371,0.81176762096966371,0.81176762096966371
1784954488.684479,1,1,0.9943295527042042,0.81176762096966371,0.10634256259399259,2,0,1,0,-0.85285392437462859,0.98652668090312867,-1.266918624621453,0.0023204307153381499,1.779075036308466,0.00084055692306481144,0,-0.0046294230219547511,0.11573557554886878,0,0,0,-0.11946894280631364,-40.181387763856819,11.136135683412986,0.4616014791052015,0.13909189642598929,0,2.3347103327127393e-16,-40.27319693576132,11.329831248974566,0.53403780656983491,0.227148322562155,0.00035358152059196797,2.3347103327127393e-16,-40.267641628134974,11.23724278853547,0.53403780656983491,0.227148322562155,0.00035358152059197095,0.81176762096966371,1.4861708282267123,1.4300298278092394,0.81176762096966371,0.81176762096966371,0.81176762096966371
1784954488.704479,1,1,0.9943295527042042,0.81176762096966371,0.10634256259399259,2,0,1,0,-0.85285392437462859,0.98643365484049694,-1.2642593132493851,0.0023204307153381499,1.7790755109312344,0.00084103154583334045,0,-0.0035610946322728858,0.13852658119541525,0.00035610946322728857,0.00035610946322728857,0.00035610946322728857,0,-39.544220068889814,10.963035128748535,0.38466789925433453,0.20863784463898394,-0.13276953749753523,3.3661667888518487e-16,-40.295073596285874,11.352529757676058,0.53523085795711889,0.2259299651528808,0.00035168507774629038,3.3661667888518487e-16,-40.290800282727147,11.241708492719725,0.53510621964498939,0.22586586544949988,0.00028758537436538101,0.81176762096966371,1.4861708282267123,1.4300298278092394,0.81176762096966371,0.81176762096966371,0.81176762096966371
1784954488.724479,1,1,0.9943295527042042,0.81176762096966371,0.10634256259399259,2,0,1,0,-0.85285344975186006,0.9863767001082735,-1.2616061719733083,0.002319956092569621,1.7790755109312344,0.00084055692306481144,0.00035610946322728857,-0.0028488757058183086,0.15170263133482492,0,0,-0.00035610946322728857,0.31858384748350305,-39.544220068889814,10.501433649643333,0.55776845391878516,0.24024963928125423,0,4.5466147639582834e-16,-40.317163480646556,11.37479443176494,0.53640181756407024,0.22472884135673146,0.00034981543215247495,-0.00042733135587229163,-40.313744829799575,11.25343232669708,0.53640181756407024,0.22472884135673146,0.00041391513553338876,0.81176762096966371,1.4861708282267123,1.4300298278092394,0.81176762096966371,0.81176762096966371,0.81176762096966371
1784954488.744818,1,1,0.9943295527042042,0.81176762096966371,0.10634256259399259,2,0,1,0,-0.85285344975186006,0.98634584962831906,-1.2596986630665903,0.002319956092569621,1.7790755109312344,0.00084055692306481144,0,-0.0028488757058183086,0.1712886518123258,0,0,-0.00035610946322728857,0,-39.384928145148059,11.232302658226569,0.4616014791052015,0.20863784463898394,0.107480101783719,8.6094681513668775e-17,-40.333091091629797,11.390667080151738,0.53723678568322708,0.22386874073423632,0.00034847663108755918,8.6094681513668775e-17,-40.329672440782815,11.253636158701877,0.53723678568322708,0.22386874073423632,0.00041257633446846947,0.81176762096966371,1.4861708282267123,1.4300298278092394,0.81176762096966371,0.81176762096966371,0.81176762096966371
1784954488.7648182,1,1,0.9943295527042042,0.81176762096966371,0.10634256259399259,2,0,1,0,-0.85285344975186006,0.98633066169972616,-1.2544336726952985,0.0023194814698010917,1.779075985554003,0.00084103154583334045,0.00035610946322728857,-0.00035610946322728857,0.18873801551046293,-0.00035610946322728857,0,0.00035610946322728857,-0.11946894280631364,-40.181387763856819,10.963035128748535,0.38466789925433453,0.24024963928125423,-0.063223589284540582,1.736480703218689e-17,-40.377516223132403,11.433683185636253,0.53950121028570397,0.22152131924095123,0.00034482271490809713,-0.00042733135587272889,-40.37708889177653,11.282692773227883,0.53962584859783347,0.22152131924095123,0.00028072301152718765,0.81176762096966371,1.4861708282267123,1.4300298278092394,0.81176762096966371,0.81176762096966371,0.81176762096966371
1784954488.7848182,1,1,0.9943295527042042,0.81176762096966371,0.10634256259399259,2,0,1,0,-0.85285392437462859,0.98631832150774446,-1.2506433352658259,0.0023194814698010917,1.7790764601767715,0.00084103154583334045,-0.00035610946322728857,-0.00071221892645457715,0.19977740887050888,0,0,0.00035610946322728857,0,-40.340679687598573,10.866868153934952,0.55776845391878516,0.27186143392352452,-0.063223589284540582,-1.2872899003353461e-16,-40.409275995308803,11.464461910411437,0.54112255965860789,0.21982686478155594,0.00034218518883448684,0.00042733135587261754,-40.408421332597058,11.304639983315029,0.54112255965860789,0.21982686478155594,0.00027808548545357265,0.81176762096966371,1.4861708282267123,1.4300298278092394,0.81176762096966371,0.81176762096966371,0.81176762096966371
1784954488.8048182,2,1,0.9943295527042042,0.81176762096966371,0.10634256259399259,2,0,1,0,-0.85285297512909153,0.98631357528005914,-1.2463147756168418,0.0023194814698010917,1.7790764601767715,0.00084055692306481144,0,0,0.22043175773769164,-0.00035610946322728857,0.00035610946322728857,0,-0.27876086654806514,-41.137139306307326,11.328469633040152,0.55776845391878516,0.27186143392352452,0.107480101783719,1.6129136734879507e-17,-40.445425938311907,11.499330382871799,0.54296061294359177,0.21789233237322281,0.00033917395884928444,1.6129136734879507e-17,-40.445425938311907,11.282121461206263,0.54308525125572127,0.21782823266984189,0.00033917395884928286,0.81176762096966371,1.4861708282267123,1.4300298278092394,0.81176762096966371,0.81176762096966371,0.81176762096966371
1784954488.8248181,2,1,0.9943295527042042,0.81176762096966371,0.10634256259399259,2,0,1,0,-0.85285297512909153,0.98631357528005914,-1.2419833682312464,0.002319956092569621,1.779075985554003,0.00084055692306481144,0,0,0.22577339968610094,0,0,0,0.15929192374175152,-40.818555458823823,11.232302658226569,0.4616014791052015,0.27186143392352452,0.069545948212994646,-1.6482065183211958e-16,-40.481420109791685,11.53396485278815,0.54478748888334116,0.21595477104110336,0.00033615803443746794,-1.6482065183211958e-16,-40.481420109791685,11.301799333667068,0.54478748888334116,0.21595477104110336,0.00033615803443746983,0.81176762096966371,1.4861708282267123,1.4300298278092394,0.81176762096966371,0.81176762096966371,0.81176762096966371
1784954488.8448181,2,1,0.9943295527042042,0.81176762096966371,0.10634256259399259,2,0,1,0,-0.852852500506323,0.98631120216621648,-1.2375095740150923,0.0023194814698010917,1.779075985554003,0.00084055692306481144,0,-0.00035610946322728857,0.23574446465646504,0,0,0,0,-40.818555458823823,10.866868153934952,0.75010240354595237,0.27186143392352452,0.037934153570724355,1.2523362372430463e-16,-40.518332095970024,11.569524524319412,0.54666505416843403,0.21394797860995482,0.00033303432071849122,1.2523362372430463e-16,-40.517904764614151,11.309440023281311,0.54666505416843403,0.21394797860995482,0.00033303432071848937,0.81176762096966371,1.4861708282267123,1.4300298278092394,0.81176762096966371,0.81176762096966371,0.81176762096966371
1784954488.8648181,2,1,0.9943295527042042,0.81176762096966371,0.10634256259399259,2,0,1,0,-0.85285107663801751,0.98631025292067942,-1.2325597331621037,0.0023194814698010917,1.779075985554003,0.00084055692306481144,0,0,0.2457155296268291,0,0,0,-0.27876086654806514,-39.703511992631562,11.328469633040152,0.28850092444075093,0.27186143392352452,-0.031611794642270291,-7.9962880036830722e-18,-40.558903900688335,11.608580527825492,0.54872874302567465,0.21172340856132851,0.00032957163522257568,-7.9962880036830722e-18,-40.558903900688335,11.320577044870371,0.54872874302567465,0.21172340856132851,0.00032957163522257665,0.81176762096966371,1.4861708282267123,1.4300298278092394,0.81176762096966371,0.81176762096966371,0.81176762096966371
1784954488.8848181,2,1,0.9943295527042042,0.81176762096966371,0.10634256259399259,2,0,1,0,-0.85285060201524898,0.98630787980683676,-1.2275809403202347,0.0023194814698010917,1.7790755109312344,0.00084103154583334045,0.00035610946322728857,-0.00035610946322728857,0.24464720123714725,0,0,0.00035610946322728857,0.15929192374175152,-40.977847382565578,11.597737162518188,0.55776845391878516,0.30979558749424885,0,3.8197966805102665e-16,-40.599395459494431,11.647584551676591,0.55079152003151399,0.20948016607136904,0.00032607989151801892,-0.00042733135587236427,-40.598968128138559,11.362572388212579,0.55079152003151399,0.20948016607136904,0.00026198018813710717,0.81176762096966371,1.4861708282267123,1.4300298278092394,0.81176762096966371,0.81176762096966371,0.81176762096966371
1784954488.9048181,2,1,0.9943295527042042,0.81176762096966371,0.10634256259399259,2,0,1,0,-0.85285060201524898,0.98630123508807732,-1.2226614753244318,0.0023194814698010917,1.7790755109312344,0.00084055692306481144,0,-0.00071221892645457715,0.24678385801651098,-0.00035610946322728857,0.00035610946322728857,0,0,-40.022095840115064,11.328469633040152,0.75010240354595237,0.069545948212994646,-0.031611794642270291,6.8807170894781722e-17,-40.639059590655208,11.685868109895532,0.55281805715596821,0.2072563954240581,0.0003226184429486123,6.8807170894781722e-17,-40.638204927943463,11.394873307449302,0.55294269546809771,0.20719229572067718,0.00032261844294861203,0.81176762096966371,1.4861708282267123,1.4300298278092394,0.81176762096966371,0.81176762096966371,0.81176762096966371
1784954488.924818,2,1,0.9943295527042042,0.81176762096966371,0.10634256259399259,2,0,1,0,-0.85285060201524898,0.98629981121977184,-1.2176437634155435,0.0023194814698010917,1.7790745616856973,0.00084055692306481144,-0.00035610946322728857,-0.00035610946322728857,0.24001777821519249,0,-0.00035610946322728857,0,0,-41.575192096597142,11.328469633040152,0.38466789925433453,0.20863784463898394,0.037934153570724355,1.761180926883766e-16,-40.679263828771902,11.724578843844133,0.55486906610480746,0.20498588769792411,0.00031908425177983848,0.00042733135587292242,-40.678836497416029,11.452529064841594,0.55486906610480746,0.20504998740130503,0.00031908425177983729,0.81176762096966371,1.4861708282267123,1.4300298278092394,0.81176762096966371,0.81176762096966371,0.81176762096966371
1784954488.944818,2,1,0.9943295527042042,0.81176762096966371,0.10634256259399259,2,0,1,0,-0.85284870352417486,0.98629933659700331,-1.2139754040375832,0.0023194814698010917,1.7790740870629289,0.00084055692306481144,0.00035610946322728857,0,0.24144221606810165,0,0,0,0.15929192374175152,-40.340679687598573,11.424636607853737,0.38466789925433453,0.069545948212994646,-0.031611794642270291,-2.160824702838823e-16,-40.708464767923665,11.75268511163363,0.55635945042315704,0.20332284791259322,0.0003164956233166867,-0.00042733135587296237,-40.708464767923665,11.476646906642944,0.55635945042315704,0.20332284791259322,0.0003164956233166899,0.81176762096966371,1.4861708282267123,1.4300298278092394,0.81176762096966371,0.81176762096966371,0.81176762096966371
1784954488.964818,2,1,0.9943295527042042,0.81176762096966371,0.10634256259399259,2,0,1,0,-0.85284727965586926,0.98629506499208652,-1.2078579911740133,0.0023190068470325628,1.7790740870629289,0.00084055692306481144,0.00035610946322728857,0.00035610946322728857,0.24749607694296555,0,0,0,-0.27876086654806514,-40.499971611340321,11.424636607853737,0.55776845391878516,0.17070369106825958,-0.10115774285526494,-1.3660316361740487e-16,-40.756751009213005,11.799223016992903,0.55882975771318122,0.2005415188263176,0.00031216629165932766,-0.0004273313558728829,-40.757178340568878,11.506234001552599,0.55882975771318122,0.2005415188263176,0.0003121662916593243,0.81176762096966371,1.4861708282267123,1.4300298278092394,0.81176762096966371,0.81176762096966371,0.81176762096966371
1784954488.984818,2,1,0.9943295527042042,0.81176762096966371,0.10634256259399259,2,0,1,0,-0.85284870352417486,0.98629696348316065,-1.2034250145159526,0.0023194814698010917,1.7790712393263177,0.00084055692306481144,0,0,0.24500331070037454,0,0.00035610946322728857,0,-0.27876086654806514,-40.022095840115064,11.424636607853737,0.65393542873236876,0.17070369106825958,0.037934153570724355,-1.9456713234578625e-16,-40.791505750059827,11.832631229350051,0.56060446332333103,0.19852490424338315,0.00030902731447424246,-1.9456713234578625e-16,-40.791505750059827,11.546621959389004,0.56060446332333103,0.19846080454000223,0.0003090273144742417,0.81176762096966371,1.4861708282267123,1.4300298278092394,0.81176762096966371,0.81176762096966371,0.81176762096966371
1784954489.004818,2,1,0.9943295527042042,0.81176762096966371,0.10634256259399259,2,0,1,0,-0.85284870352417486,0.98629221725547533,-1.1986317991765785,0.002319956092569621,1.7790707647035491,0.00084055692306481144,0,-0.00035610946322728857,0.23360780787710131,0,-0.00035610946322728857,0,0,-40.340679687598573,11.597737162518188,0.55776845391878516,0.24024963928125423,-0.063223589284540582,-1.1753172134746842e-16,-40.828733840151884,11.868537123955857,0.56251371241763259,0.1963357382366194,0.00030561974959467016,-1.1753172134746842e-16,-40.828306508796011,11.614435261899974,0.56251371241763259,0.19639983794000032,0.00030561974959467109,0.81176762096966371,1.4861708282267123,1.4300298278092394,0.81176762096966371,0.81176762096966371,0.81176762096966371
1784954489.0248182,2,1,0.9943295527042042,0.81176762096966371,0.10634256259399259,2,0,1,0,-0.85284822890140632,0.98629411574654946,-1.193854246388566,0.0023194814698010917,1.779069815458012,0.00084103154583334045,0,-0.00035610946322728857,0.2239928523699645,-0.00035610946322728857,-0.00035610946322728857,0.00035610946322728857,0,-39.862803916373316,11.501570187704603,0.4616014791052015,0.13909189642598929,-0.063223589284540582,5.7061738288406304e-17,-40.865623934100981,11.904000025020952,0.56440160308703369,0.19415248065433893,0.0003022213603804138,5.7061738288406304e-17,-40.865196602745108,11.676820038385051,0.56452624139916319,0.19421658035771985,0.00023812165699949942,0.81176762096966371,1.4861708282267123,1.4300298278092394,0.81176762096966371,0.81176762096966371,0.81176762096966371
1784954489.0448182,2,1,0.9943295527042042,0.81176762096966371,0.10634256259399259,2,0,1,0,-0.85284727965586926,0.98629364112378093,-1.1895660296749067,0.002319956092569621,1.7790683915897065,0.00084055692306481144,0,0,0.21259734954669127,0,0,0,0.31858384748350305,-40.977847382565578,12.059338641623388,0.55776845391878516,0.27186143392352452,0,4.289584003036487e-16,-40.898469031800879,11.935612791139718,0.56608566021955498,0.19218833418846715,0.00029916404634184565,4.289584003036487e-16,-40.898469031800879,11.740340212408983,0.56608566021955498,0.19218833418846715,0.00029916404634184462,0.81176762096966371,1.4861708282267123,1.4300298278092394,0.81176762096966371,0.81176762096966371,0.81176762096966371
1784954489.0648181,2,1,0.9943295527042042,0.81176762096966371,0.10634256259399259,2,0,1,0,-0.85284870352417486,0.98628984414163268,-1.1855388554839383,0.0023204307153381499,1.7790679169669381,0.00084055692306481144,0,0,0.20796792652473653,0,-0.00035610946322728857,0,0,-40.181387763856819,11.963171666809805,0.38466789925433453,0.069545948212994646,0.107480101783719,-1.7841308051199758e-16,-40.92906655638,11.965121770518596,0.56765901340220426,0.19033860092401483,0.00029628483009097676,-1.7841308051199758e-16,-40.92906655638,11.782811576249333,0.56765901340220426,0.19040270062739575,0.00029628483009097595,0.81176762096966371,1.4861708282267123,1.4300298278092394,0.81176762096966371,0.81176762096966371,0.81176762096966371
1784954489.0848181,1,1,0.9943295527042042,0.81176762096966371,0.10634256259399259,2,0,1,0,-0.85284775427863779,0.98629269187824387,-1.1813635989891889,0.0023204307153381499,1.779066018475864,0.00084055692306481144,-0.00035610946322728857,0,0.19514798584855414,0.00035610946322728857,-0.00035610946322728857,0,0.31858384748350305,-40.977847382565578,11.963171666809805,0.55776845391878516,0.13909189642598929,-0.031611794642270291,-4.6009917416890868e-16,-40.960647067481361,11.995458837631803,0.56927805352332184,0.18842135581296227,0.00029330051340714685,0.00042733135587228615,-40.960647067481361,11.83934044895296,0.56915341521119234,0.18848545551634319,0.00029330051340714647,0.81176762096966371,1.4861708282267123,1.4300298278092394,0.81176762096966371,0.81176762096966371,0.81176762096966371
1784954489.1048181,1,1,0.9943295527042042,0.81176762096966371,0.10634256259399259,2,0,1,0,-0.85284443191925807,0.98629031876440121,-1.1774631490774177,0.0023204307153381499,1.7790650692303269,0.00084055692306481144,-0.00035610946322728857,-0.00035610946322728857,0.18197193570914447,0,0,0,0,-40.659263535082076,12.059338641623388,0.38466789925433453,0.30979558749424885,0.037934153570724355,-2.8905571953580514e-16,-40.989894012943637,12.023643021314232,0.57078351495136159,0.18662463882137048,0.00029050380637636911,0.00042733135587245724,-40.989466681587764,11.878065472746917,0.57078351495136159,0.18662463882137048,0.00029050380637636597,0.81176762096966371,1.4861708282267123,1.4300298278092394,0.81176762096966371,0.81176762096966371,0.81176762096966371
1784954489.1248181,1,1,0.9943295527042042,0.81176762096966371,0.10634256259399259,2,0,1,0,-0.8528449065420266,0.98627892781795656,-1.1741730640459749,0.0023204307153381499,1.7790636453620212,0.00084055692306481144,0,0,0.17698640322396242,0,0,0.00035610946322728857,-0.11946894280631364,-40.499971611340321,11.790071112145354,0.38466789925433453,0.13909189642598929,-0.063223589284540582,2.2472848949727431e-16,-41.014311278793436,12.047339796678999,0.57205022766532476,0.18510282709445164,0.00028813500720058135,2.2472848949727431e-16,-41.014311278793436,11.90575067409983,0.57205022766532476,0.18510282709445164,0.00022403530381967033,0.81176762096966371,1.4861708282267123,1.4300298278092394,0.81176762096966371,0.81176762096966371,0.81176762096966371
1784954489.1448181,1,1,0.9943295527042042,0.81176762096966371,0.10634256259399259,2,0,1,0,-0.85284538116479514,0.98627987706349352,-1.1705132478778479,0.0023209053381066788,1.7790593737571045,0.00084055692306481144,0,0,0.16238591523164358,0,-0.00035610946322728857,0,-0.11946894280631364,-40.659263535082076,12.424773145915006,0.4616014791052015,0.069545948212994646,0.107480101783719,1.1989273463518517e-16,-41.041462359364807,12.07344840477983,0.57344658619833133,0.18341516701412069,0.00028550806816623835,1.1989273463518517e-16,-41.041462359364807,11.943539672594515,0.57344658619833133,0.18347926671750162,0.0002855080681662403,0.81176762096966371,1.4861708282267123,1.4300298278092394,0.81176762096966371,0.81176762096966371,0.81176762096966371
1784954489.164818,1,1,0.9943295527042042,0.81176762096966371,0.10634256259399259,2,0,1,0,-0.85284538116479514,0.98627750394965097,-1.1676920901417118,0.0023209053381066788,1.7790541529066506,0.00084055692306481144,0,-0.00035610946322728857,0.13140439193086947,0,-0.00035610946322728857,0,0,-40.818555458823823,12.982541599833791,0.65393542873236876,0.20863784463898394,0.037934153570724355,3.2034722069600135e-16,-41.062242232522856,12.093485365741573,0.57451905075528209,0.1821120219242677,0.00028347963787895755,3.2034722069600135e-16,-41.061814901166983,11.988361852196878,0.57451905075528209,0.18217612162764862,0.00028347963787895419,0.81176762096966371,1.4861708282267123,1.4300298278092394,0.81176762096966371,0.81176762096966371,0.81176762096966371
1784954489.184818,1,1,0.9943295527042042,0.81176762096966371,0.10634256259399259,2,0,1,0,-0.85284443191925807,0.986246178846928,-1.1651338734193406,0.0023209053381066788,1.779050830547271,0.00084055692306481144,0,-0.0021366567793637313,0.11502335662241421,0.00035610946322728857,-0.00035610946322728857,0,-0.11946894280631364,-40.659263535082076,12.059338641623388,0.65393542873236876,0.27186143392352452,0.069545948212994646,1.1743235860216765e-16,-41.08067240097165,12.111774530374889,0.57549861295131577,0.18091491911834384,0.00028161626917588026,1.1743235860216765e-16,-41.078108412836414,12.019755845076958,0.57537397463918627,0.18097901882172476,0.0002816162691758814,0.81176762096966371,1.4861708282267123,1.4300298278092394,0.81176762096966371,0.81176762096966371,0.81176762096966371
1784954489.204818,1,1,0.9943295527042042,0.81176762096966371,0.10634256259399259,2,0,1,0,-0.85284443191925807,0.98621532836697368,-1.1632709790528644,0.0023209053381066788,1.7790403888463633,0.00084008230029628255,0,-0.0010683283896818657,0.087959037417140271,0,-0.00071221892645457715,0,-0.27876086654806514,-41.137139306307326,12.059338641623388,0.4616014791052015,0.24024963928125423,-0.031611794642270291,2.8840105176431219e-16,-41.093956666540841,12.125103795181515,0.57621252737192374,0.18004241891867809,0.00028025816007301959,2.8840105176431219e-16,-41.092674672473223,12.054736565247802,0.57621252737192374,0.1801706183254399,0.00028025816007302279,0.81176762096966371,1.4861708282267123,1.4300298278092394,0.81176762096966371,0.81176762096966371,0.81176762096966371
1784954489.224818,1,1,0.9943295527042042,0.81176762096966371,0.10634256259399259,2,0,1,0,-0.85284443191925807,0.98615837363475012,-1.1617180133542375,0.0023209053381066788,1.7790327948820668,0.00084055692306481144,0,-0.0049855324851820395,0.069797454792548563,0,-0.00035610946322728857,0.00035610946322728857,-0.11946894280631364,-41.137139306307326,12.424773145915006,0.75010240354595237,0.069545948212994646,0.069545948212994646,2.5321977486387647e-16,-41.10464666691108,12.136399555878128,0.57681781943306265,0.17929958658716819,0.00027910189907708895,2.5321977486387647e-16,-41.098664027928862,12.08056159204409,0.57681781943306265,0.17936368629054911,0.00021500219569617549,0.81176762096966371,1.4861708282267123,1.4300298278092394,0.81176762096966371,0.81176762096966371,0.81176762096966371
1784954489.244818,1,1,0.9943295527042042,0.81176762096966371,0.10634256259399259,2,0,1,0,-0.85284395729648954,0.98604066718815497,-1.1603586937451706,0.0023209053381066788,1.7790270994088446,0.00084055692306481144,0.00035610946322728857,-0.0046294230219547511,0.058045842506048037,0,-0.00035610946322728857,0,0,-41.415900172855395,12.713274070355757,0.55776845391878516,0.20863784463898394,-0.063223589284540582,5.366924380144642e-17,-41.113217889187226,12.146733738916968,0.57737183175312201,0.17861707827985912,0.00027803953038921112,-0.00042733135587269262,-41.107662581560881,12.10029706491213,0.57737183175312201,0.17868117798324004,0.00027803953038921247,0.81176762096966371,1.4861708282267123,1.4300298278092394,0.81176762096966371,0.81176762096966371,0.81176762096966371
1784954489.2648182,1,1,0.9943295527042042,0.81176762096966371,0.10634256259399259,2,0,1,0,-0.85284395729648954,0.98596757528180146,-1.1593757499915471,0.0023209053381066788,1.7790218785583907,0.00084055692306481144,0,-0.0039172040955001743,0.049499215388593108,0,-0.00035610946322728857,0,0,-40.818555458823823,11.790071112145354,0.4616014791052015,0.107480101783719,0,2.3531900725441259e-16,-41.11953359295687,12.154106850544643,0.57776716389763338,0.17812939846769596,0.00027728042499754467,2.3531900725441259e-16,-41.11483294804227,12.114507478233769,0.57776716389763338,0.17819349817107688,0.00027728042499754191,0.81176762096966371,1.4861708282267123,1.4300298278092394,0.81176762096966371,0.81176762096966371,0.81176762096966371
1784954489.2848182,1,1,0.9943295527042042,0.81176762096966371,0.10634256259399259,2,0,1,0,-0.85284348267372101,0.98587027761425305,-1.1585176320260469,0.0023209053381066788,1.7790095383664088,0.00084055692306481144,0.00035610946322728857,-0.0060538608748639056,0.032762070616910548,0.00035610946322728857,-0.0010683283896818657,0,-0.11946894280631364,-40.659263535082076,12.424773145915006,0.75010240354595237,0.27186143392352452,-0.10115774285526494,2.1567981067245025e-16,-41.124667075847718,12.160771813028624,0.57812427180272152,0.17769155265462089,0.00027659888979589769,-0.00042733135587253059,-41.117402442797882,12.134562156535097,0.57799963349059202,0.17788385176476362,0.00027659888979589958,0.81176762096966371,1.4861708282267123,1.4300298278092394,0.81176762096966371,0.81176762096966371,0.81176762096966371
1784954489.3048182,1,1,0.9943295527042042,0.81176762096966371,0.10634256259399259,2,0,1,0,-0.85284300805095248,0.98572741616092585,-1.1580738597374722,0.0023209053381066788,1.7789383449511296,0.00084055692306481144,0,-0.0071221892645457717,0.010683283896818658,0.00035610946322728857,-0.009971064970364079,0,-0.43805279028981664,-41.893775944080645,12.617107095542174,0.75010240354595237,0.17070369106825958,-0.031611794642270291,2.9936335388896099e-16,-41.126335045327373,12.164910625565588,0.57834326507446432,0.17745218001193236,0.00027622629370238416,2.9936335388896099e-16,-41.117788418209919,12.156363998448132,0.57821862676233482,0.1792469717065979,0.00027622629370238627,0.81176762096966371,1.4861708282267123,1.4300298278092394,0.81176762096966371,0.81176762096966371,0.81176762096966371
1784954489.3248181,1,1,0.9943295527042042,0.81176762096966371,0.10634256259399259,2,0,1,0,-0.85284253342818395,0.98556984140177417,-1.1580686388870183,0.0023209053381066788,1.7785985150488628,0.00084055692306481144,0,-0.0074782987277730601,-0.003204985169045597,0.00035610946322728857,-0.016381035308455274,0,-0.27876086654806514,-40.499971611340321,12.424773145915006,0.65393542873236876,0.17070369106825958,-0.031611794642270291,5.1871796228670448e-16,-41.124894877312464,12.166320307681383,0.57840393775156895,0.17753440044867938,0.00027635429024466774,5.1871796228670448e-16,-41.115920918839137,12.168884295816619,0.57827929943943945,0.18048298680420133,0.00027635429024466807,0.81176762096966371,1.4861708282267123,1.4300298278092394,0.81176762096966371,0.81176762096966371,0.81176762096966371
1784954489.3448181,1,1,0.9943295527042042,0.81176762096966371,0.10634256259399259,2,0,1,0,-0.85284110955987835,0.98550529270525433,-1.1581142026727971,0.0023209053381066788,1.7783550335686076,0.00084055692306481144,0,0.00035610946322728857,-0.0014244378529091543,0,-0.011039393360045946,0,-0.27876086654806514,-41.575192096597142,12.155505616436972,0.55776845391878516,0.17070369106825958,0.037934153570724355,1.2290437496930497e-17,-41.124048741336743,12.166651449785501,0.57841097124404339,0.17763865607488302,0.00027651658175351329,1.2290437496930497e-17,-41.124476072692616,12.167791000067828,0.57841097124404339,0.17962574687969129,0.0002765165817535109,0.81176762096966371,1.4861708282267123,1.4300298278092394,0.81176762096966371,0.81176762096966371,0.81176762096966371
1784954489.3648181,1,1,0.9943295527042042,0.81176762096966371,0.10634256259399259,2,0,1,0,-0.85283588870942451,0.98551146280124513,-1.1581488501348998,0.0023209053381066788,1.7781893902223909,0.00084055692306481144,0,0,-0.0014244378529091543,0,-0.0042733135587274627,0,0.15929192374175152,-40.818555458823823,12.155505616436972,0.55776845391878516,0.13909189642598929,0.107480101783719,-1.6434027938171106e-17,-41.12400850305319,12.166503248086142,0.57839571019253366,0.1777345281378532,0.00027666582025995761,-1.6434027938171106e-17,-41.12400850305319,12.167642798368469,0.57839571019253366,0.17850372457842414,0.00027666582025995951,0.81176762096966371,1.4861708282267123,1.4300298278092394,0.81176762096966371,0.81176762096966371,0.81176762096966371
1784954489.3848181,1,1,0.9943295527042042,0.81176762096966371,0.10634256259399259,2,0,1,0,-0.85283161710450772,0.98551905676554163,-1.1581773275010114,0.0023204307153381499,1.7781461995504548,0.00084055692306481144,0.00071221892645457715,0,-0.0028488757058183086,0,-0.0010683283896818657,0,-0.27876086654806514,-41.137139306307326,11.963171666809805,0.55776845391878516,0.17070369106825958,0.037934153570724355,2.8938235362529633e-16,-41.123924356851276,12.166287533108163,0.5783824382338838,0.17777133210571819,0.00027672309592531965,-0.0008546627117452032,-41.123924356851276,12.168566633672818,0.5783824382338838,0.17796363121586092,0.00027672309592532279,0.81176762096966371,1.4861708282267123,1.4300298278092394,0.81176762096966371,0.81176762096966371,0.81176762096966371
1784954489.4048181,1,1,0.9943295527042042,0.81176762096966371,0.10634256259399259,2,0,1,0,-0.85282876936789664,0.98551953138831017,-1.1582247897778644,0.0023204307153381499,1.7781357578495471,0.00084055692306481144,0.00035610946322728857,0,-0.0021366567793637313,0,-0.00035610946322728857,0,-0.59734471403156819,-40.977847382565578,12.251672591250555,0.75010240354595237,0.20863784463898394,-0.10115774285526494,3.6576062283964962e-16,-41.123595667667239,12.165962838692085,0.57836455026842404,0.17779843859640204,0.00027676528942332547,-0.00042733135587238053,-41.123595667667239,12.167672164115576,0.57836455026842404,0.17786253829978296,0.00027676528942332385,0.81176762096966371,1.4861708282267123,1.4300298278092394,0.81176762096966371,0.81176762096966371,0.81176762096966371
1784954489.424818,1,1,0.9943295527042042,0.81176762096966371,0.10634256259399259,2,0,1,0,-0.85282592163128546,0.98552190450215282,-1.1582565895033559,0.0023204307153381499,1.7781343339812414,0.00084008230029628255,0,0.00035610946322728857,-0.00071221892645457715,0,0,0,-0.43805279028981664,-40.818555458823823,12.155505616436972,0.75010240354595237,0.17070369106825958,0,2.3405821594025241e-17,-41.123393741982582,12.165726432640385,0.57835179883452703,0.17781496699476293,0.00027679101123179807,2.3405821594025241e-17,-41.123821073338455,12.166296207781549,0.57835179883452703,0.17781496699476293,0.00027679101123179867,0.81176762096966371,1.4861708282267123,1.4300298278092394,0.81176762096966371,0.81176762096966371,0.81176762096966371
1784954489.4452884,1,1,0.9943295527042042,0.81176762096966371,0.10634256259399259,2,0,1,0,-0.8528235485174428,0.98552332837045842,-1.1582883892288474,0.0023204307153381499,1.7781333847357044,0.00084008230029628255,0.00035610946322728857,0,-0.0042733135587274627,0,0,0,0.15929192374175152,-41.25660824911364,12.251672591250555,0.55776845391878516,0.17070369106825958,-0.063223589284540582,-2.7979205248535932e-16,-41.123180751472773,12.165496223109059,0.57833940106281467,0.17783083371628455,0.00027681570886903197,-0.00042733135587302607,-41.123180751472773,12.168914873956041,0.57833940106281467,0.17783083371628455,0.00027681570886903262,0.81176762096966371,1.4861708282267123,1.4300298278092394,0.81176762096966371,0.81176762096966371,0.81176762096966371
1784954489.4652884,1,1,0.9943295527042042,0.81176762096966371,0.10634256259399259,2,0,1,0,-0.85281975153529455,0.98552807459814362,-1.1585181066488153,0.0023204307153381499,1.7781305369990932,0.00084008230029628255,0,0.00071221892645457715,-0.013176050139409676,0,-0.00035610946322728857,0,0,-41.893775944080645,12.155505616436972,0.4616014791052015,0.107480101783719,-0.10115774285526494,2.5220169469677683e-16,-41.121576194439754,12.1638680633567,0.57825189085471562,0.17794101355647146,0.00027698721115903679,2.5220169469677683e-16,-41.1224308571515,12.174408903468228,0.57825189085471562,0.17800511325985238,0.00027698721115903407,0.81176762096966371,1.4861708282267123,1.4300298278092394,0.81176762096966371,0.81176762096966371,0.81176762096966371
1784954489.4852884,1,1,0.9943295527042042,0.81176762096966371,0.10634256259399259,2,0,1,0,-0.85281358143930364,0.98556177281470925,-1.1588617335332303,0.002319956092569621,1.7781210445437228,0.00084008230029628255,0,0.0024927662425910197,-0.020298239403955448,0,-0.00035610946322728857,0,0.31858384748350305,-40.659263535082076,12.059338641623388,0.28850092444075093,0.13909189642598929,0,-2.117526387603279e-17,-41.119476864487133,12.161250121811669,0.57811118632561043,0.17812058511341683,0.00027726671247655819,-2.117526387603279e-17,-41.122468183978242,12.177488713334833,0.57811118632561043,0.17818468481679775,0.00027726671247655515,0.81176762096966371,1.4861708282267123,1.4300298278092394,0.81176762096966371,0.81176762096966371,0.81176762096966371
1784954489.5052884,1,1,0.9943295527042042,0.81176762096966371,0.10634256259399259,2,0,1,0,-0.85281120832546098,0.98562916924784039,-1.1593392040383703,0.002319956092569621,1.7781077551062039,0.00084008230029628255,0.00035610946322728857,0.0028488757058183086,-0.025283771889137489,0,-0.00035610946322728857,0,0,-41.137139306307326,12.155505616436972,0.28850092444075093,0.17070369106825958,-0.063223589284540582,1.096442853272773e-16,-41.116787643698814,12.157466749075626,0.57790757938886916,0.17837965011218862,0.00027766996477526703,-0.00042733135587263662,-41.120206294545795,12.177693766586936,0.57790757938886916,0.17844374981556954,0.00027766996477526784,0.81176762096966371,1.4861708282267123,1.4300298278092394,0.81176762096966371,0.81176762096966371,0.81176762096966371
1784954489.5252883,1,1,0.9943295527042042,0.81176762096966371,0.10634256259399259,2,0,1,0,-0.8528097844571555,0.98566571520101709,-1.1598722054074284,0.0023194814698010917,1.7781034835012872,0.00083960767752775355,0,0.0010683283896818657,-0.02742042866850122,-0.00035610946322728857,0,0,0.15929192374175152,-40.499971611340321,12.713274070355757,0.55776845391878516,0.107480101783719,0,-2.5640394101461058e-16,-41.113338861228172,12.153499903681421,0.57769476274377007,0.17864592711439276,0.00027808442277330356,-2.5640394101461058e-16,-41.11462085529579,12.175436246616222,0.57781940105589957,0.17864592711439276,0.00027808442277330037,0.81176762096966371,1.4861708282267123,1.4300298278092394,0.81176762096966371,0.81176762096966371,0.81176762096966371
1784954489.5457768,1,1,0.9943295527042042,0.81176762096966371,0.10634256259399259,2,0,1,0,-0.8528097844571555,0.98568659860283236,-1.1601906772851114,0.002319956092569621,1.7781015850102131,0.00084008230029628255,0,0.0021366567793637313,-0.02706431920527393,0.00035610946322728857,-0.00035610946322728857,0,0.15929192374175152,-41.575192096597142,11.963171666809805,0.75010240354595237,0.20863784463898394,-0.031611794642270291,1.7568969064264399e-16,-41.111265489696812,12.151134389486455,0.57756756045258939,0.17880425546220607,0.00027833089118894786,1.7568969064264399e-16,-41.113829477832049,12.172785844850674,0.57744292214045989,0.178868355165587,0.00027833089118894927,0.81176762096966371,1.4861708282267123,1.4300298278092394,0.81176762096966371,0.81176762096966371,0.81176762096966371
1784954489.5657768,1,1,0.9943295527042042,0.81176762096966371,0.10634256259399259,2,0,1,0,-0.85280930983438696,0.9857160252144811,-1.1609690586254988,0.0023194814698010917,1.7781025342557502,0.00084008230029628255,0,0.00035610946322728857,-0.026708209742046643,-0.00035610946322728857,0,0.00035610946322728857,0.15929192374175152,-41.25660824911364,11.963171666809805,0.75010240354595237,0.107480101783719,-0.13276953749753523,-1.7354474135221669e-17,-41.105944316389582,12.145492226935414,0.5772651558777544,0.17917852385734082,0.00027891345047943689,-1.7354474135221669e-17,-41.106371647745455,12.16685879472905,0.5773897941898839,0.17917852385734082,0.00021481374709852522,0.81176762096966371,1.4861708282267123,1.4300298278092394,0.81176762096966371,0.81176762096966371,0.81176762096966371
1784954489.5857768,1,1,0.9943295527042042,0.81176762096966371,0.10634256259399259,2,0,1,0,-0.85281025907992392,0.985722195310472,-1.1614384605435741,0.0023194814698010917,1.7781034835012872,0.00083960767752775355,0,0.00071221892645457715,-0.022434896183319179,0,0,0,-0.27876086654806514,-40.818555458823823,12.617107095542174,0.38466789925433453,0.20863784463898394,-0.10115774285526494,1.2019486272275408e-16,-41.102601956091512,12.142166677689611,0.57708683404845529,0.17939862766153941,0.00027925605062273102,1.2019486272275408e-16,-41.103456618803257,12.160114594636266,0.57708683404845529,0.17939862766153941,0.00027925605062273373,0.81176762096966371,1.4861708282267123,1.4300298278092394,0.81176762096966371,0.81176762096966371,0.81176762096966371
1784954489.6057768,1,1,0.9943295527042042,0.81176762096966371,0.10634256259399259,2,0,1,0,-0.85281168294822951,0.98575969050918577,-1.1618561285798796,0.002319956092569621,1.7781049073695927,0.00083960767752775355,0.00035610946322728857,0.0028488757058183086,-0.018161582624591718,0,0,-0.00035610946322728857,-0.27876086654806514,-40.340679687598573,11.693904137331771,0.55776845391878516,0.27186143392352452,-0.031611794642270291,2.9179696143267611e-16,-41.099982538224644,12.138981120951241,0.57691584851360767,0.17960900888286002,0.00027958353675873237,-0.00042733135587245448,-41.103401189071626,12.153510387050915,0.57691584851360767,0.17960900888286002,0.00034368324013964651,0.81176762096966371,1.4861708282267123,1.4300298278092394,0.81176762096966371,0.81176762096966371,0.81176762096966371
1784954489.6257768,1,1,0.9943295527042042,0.81176762096966371,0.10634256259399259,2,0,1,0,-0.8528131068165351,0.98582661231954838,-1.1621489708280619,0.0023204307153381499,1.7781063312378984,0.00083960767752775355,0,0.003204985169045597,-0.012107721749727811,0.00035610946322728857,0,0,0.15929192374175152,-40.340679687598573,12.155505616436972,0.38466789925433453,0.27186143392352452,0.107480101783719,1.3004726465016503e-16,-41.098597303378774,12.136461250233834,0.57678057523747295,0.17977513112163976,0.00027984213087843904,1.3004726465016503e-16,-41.102443285581629,12.146147427633617,0.57665593692534345,0.17977513112163976,0.0002798421308784424,0.81176762096966371,1.4861708282267123,1.4300298278092394,0.81176762096966371,0.81176762096966371,0.81176762096966371
1784954489.6457767,1,1,0.9943295527042042,0.81176762096966371,0.10634256259399259,2,0,1,0,-0.85281500530760923,0.98589448337544805,-1.1623359721988624,0.002319956092569621,1.7781072804834355,0.00084008230029628255,-0.00035610946322728857,0.003204985169045597,-0.0074782987277730601,0,0,0.00035610946322728857,0.31858384748350305,-41.137139306307326,11.886238086958938,0.4616014791052015,0.20863784463898394,-0.031611794642270291,4.8004560215310323e-16,-41.097991455220722,12.134674610533091,0.57668502803312194,0.17989283240150752,0.00028002533247106114,0.00042733135587322632,-41.101837437423576,12.140657249515309,0.57668502803312194,0.17989283240150752,0.00021592562909014887,0.81176762096966371,1.4861708282267123,1.4300298278092394,0.81176762096966371,0.81176762096966371,0.81176762096966371
1784954489.6657767,1,1,0.9943295527042042,0.81176762096966371,0.10634256259399259,2,0,1,0,-0.85281500530760923,0.98595428584428269,-1.1624607979869854,0.0023204307153381499,1.7781077551062039,0.00083960767752775355,0,0.0017805473161364429,-0.0049855324851820395,0,0,0,0,-40.340679687598573,12.059338641623388,0.55776845391878516,0.41095333034951381,0.037934153570724355,-8.895993303414453e-17,-41.097748751988597,12.133380594540183,0.57661545615643017,0.17997818682890918,0.00028015820036251838,-8.895993303414453e-17,-41.09988540876796,12.137369020528329,0.57661545615643017,0.17997818682890918,0.00028015820036252082,0.81176762096966371,1.4861708282267123,1.4300298278092394,0.81176762096966371,0.81176762096966371,0.81176762096966371
1784954489.6858573,1,1,0.9943295527042042,0.81176762096966371,0.10634256259399259,2,0,1,0,-0.85281737842145189,0.98597706773717209,-1.1625448062170152,0.0023204307153381499,1.778108704351741,0.00084008230029628255,-0.00035610946322728857,0.00071221892645457715,-0.0035610946322728858,0,0,0.00035610946322728857,0,-41.25660824911364,11.597737162518188,0.4616014791052015,0.13909189642598929,0.037934153570724355,-2.4204834298228497e-16,-41.097389766500861,12.132631202370115,0.57657531876028323,0.18002724027084316,0.00028023456109315027,0.00042733135587250424,-41.098244429212606,12.135480078075934,0.57657531876028323,0.18002724027084316,0.00021613485771223643,0.81176762096966371,1.4861708282267123,1.4300298278092394,0.81176762096966371,0.81176762096966371,0.81176762096966371
1784954489.7058573,1,1,0.9943295527042042,0.81176762096966371,0.10634256259399259,2,0,1,0,-0.85281927691252601,0.98599462877960764,-1.1626159996322945,0.0023204307153381499,1.778109653597278,0.00084008230029628255,-0.00035610946322728857,0.00071221892645457715,-0.0028488757058183086,0,0,0,0.31858384748350305,-41.25660824911364,12.059338641623388,0.4616014791052015,0.069545948212994646,-0.13276953749753523,-3.0378952192061629e-17,-41.097065846958124,12.13200813689769,0.57654195514410822,0.18006793358403453,0.00028029790286591158,0.00042733135587271588,-41.097920509669869,12.134287237462345,0.57654195514410822,0.18006793358403453,0.00028029790286591277,0.81176762096966371,1.4861708282267123,1.4300298278092394,0.81176762096966371,0.81176762096966371,0.81176762096966371
1784954489.7258573,1,1,0.9943295527042042,0.81176762096966371,0.10634256259399259,2,0,1,0,-0.85282070078083161,0.98601124057650613,-1.1626629872863787,0.0023204307153381499,1.7781101282200464,0.00083960767752775355,-0.00035610946322728857,0.00071221892645457715,-0.0021366567793637313,-0.00035610946322728857,0,0,-0.27876086654806514,-40.659263535082076,11.886238086958938,0.55776845391878516,0.107480101783719,0.107480101783719,-1.4456755688393782e-16,-41.096908063742987,12.131561770924087,0.5765180446694369,0.1800971882611877,0.00028034343379994714,0.00042733135587260171,-41.097762726454732,12.133271096347578,0.5766426829815664,0.1800971882611877,0.00028034343379994969,0.81176762096966371,1.4861708282267123,1.4300298278092394,0.81176762096966371,0.81176762096966371,0.81176762096966371
1784954489.7458572,1,1,0.9943295527042042,0.81176762096966371,0.10634256259399259,2,0,1,0,-0.85282259927190573,0.98603164935555287,-1.1626900407841849,0.0023209053381066788,1.7781101282200464,0.00083960767752775355,0,0.0010683283896818657,-0.00071221892645457715,-0.00035610946322728857,0,-0.00035610946322728857,0,-41.734484020338897,12.520940120728589,0.75010240354595237,0.13909189642598929,-0.063223589284540582,1.573477006337342e-16,-41.096938533569677,12.13122923259564,0.57650000552014846,0.18011918362393731,0.00028037768502699504,1.573477006337342e-16,-41.098220527637295,12.131799007736804,0.57662464383227796,0.18011918362393731,0.0003444773884079037,0.81176762096966371,1.4861708282267123,1.4300298278092394,0.81176762096966371,0.81176762096966371,0.81176762096966371
1784954489.7658572,1,1,0.9943295527042042,0.81176762096966371,0.10634256259399259,2,0,1,0,-0.85282449776297986,0.98605205813459962,-1.1626995332395555,0.0023209053381066788,1.7781106028428151,0.00084008230029628255,0,0.0010683283896818657,0,0,0,0,-0.43805279028981664,-40.977847382565578,12.424773145915006,0.28850092444075093,0.17070369106825958,0,3.3282116998451435e-16,-41.097096237392293,12.131019133079381,0.5764887624544085,0.18013282014406434,0.00028039891701954646,3.3282116998451435e-16,-41.098378231459911,12.131019133079381,0.5764887624544085,0.18013282014406434,0.00028039891701954478,0.81176762096966371,1.4861708282267123,1.4300298278092394,0.81176762096966371,0.81176762096966371,0.81176762096966371
1784954489.7858572,1,1,0.9943295527042042,0.81176762096966371,0.10634256259399259,2,0,1,0,-0.85282639625405399,0.98607436540472049,-1.1627047540900093,0.0023213799608752077,1.7781110774655835,0.00083960767752775355,-0.00035610946322728857,0.0014244378529091543,-0.00035610946322728857,0,0,0,0.15929192374175152,-40.499971611340321,12.424773145915006,0.84626937835953597,0.20863784463898394,-0.031611794642270291,3.6438288502544933e-16,-41.097306524555528,12.130825983204014,0.57647821730480775,0.1801453575597195,0.00028041844043677494,0.00042733135587311063,-41.099015849979018,12.131110870774595,0.57647821730480775,0.1801453575597195,0.00028041844043677489,0.81176762096966371,1.4861708282267123,1.4300298278092394,0.81176762096966371,0.81176762096966371,0.81176762096966371
1784954489.8058572,1,1,0.9943295527042042,0.81176762096966371,0.10634256259399259,2,0,1,0,-0.85282876936789664,0.98610901286682318,-1.1627047540900093,0.0023213799608752077,1.7781125013338892,0.00084008230029628255,0,0.0014244378529091543,0,0,0,0,-0.43805279028981664,-40.340679687598573,12.155505616436972,0.28850092444075093,0.037934153570724355,-0.063223589284540582,7.669071621373344e-17,-41.097691115672305,12.130581795739088,0.57646518858689699,0.18016075332648096,0.00028044241077218178,7.669071621373344e-17,-41.099400441095796,12.130581795739088,0.57646518858689699,0.18016075332648096,0.00028044241077217896,0.81176762096966371,1.4861708282267123,1.4300298278092394,0.81176762096966371,0.81176762096966371,0.81176762096966371
1784954489.8258572,1,1,0.9943295527042042,0.81176762096966371,0.10634256259399259,2,0,1,0,-0.85283019323620224,0.98613274400524964,-1.1627047540900093,0.0023213799608752077,1.7781129759566576,0.00083960767752775355,-0.00035610946322728857,0.00071221892645457715,0.00035610946322728857,0,0,-0.00035610946322728857,0,-41.415900172855395,12.059338641623388,0.4616014791052015,0.107480101783719,-0.063223589284540582,5.5344447195701695e-18,-41.097954931893,12.130414945230392,0.57645626428380226,0.18017153082643456,0.00028045918076559243,0.00042733135587275182,-41.098809594604745,12.130130057659811,0.57645626428380226,0.18017153082643456,0.00034455888414650565,0.81176762096966371,1.4861708282267123,1.4300298278092394,0.81176762096966371,0.81176762096966371,0.81176762096966371
1784954489.8464572,1,1,0.9943295527042042,0.81176762096966371,0.10634256259399259,2,0,1,0,-0.85283114248173919,0.98615315278429638,-1.1627066525810834,0.0023213799608752077,1.7781129759566576,0.00084055692306481144,0.00035610946322728857,0.00071221892645457715,-0.00035610946322728857,0,0,0.00035610946322728857,-0.43805279028981664,-41.734484020338897,12.251672591250555,0.65393542873236876,0.27186143392352452,-0.10115774285526494,3.2815589951065946e-16,-41.098168299325877,12.130258461859491,0.57644787509862627,0.18018186732329078,0.0002804752819525927,-0.0004273313558724181,-41.099022962037623,12.130543349430072,0.57644787509862627,0.18018186732329078,0.00021637557857168352,0.81176762096966371,1.4861708282267123,1.4300298278092394,0.81176762096966371,0.81176762096966371,0.81176762096966371
1784954489.8664572,1,1,0.9943295527042042,0.81176762096966371,0.10634256259399259,2,0,1,0,-0.85283304097281332,0.98616691684458369,-1.1627104495632317,0.0023218545836437366,1.7781129759566576,0.00084055692306481144,0,0.00071221892645457715,0,0,0,0.00035610946322728857,0,-41.137139306307326,12.155505616436972,0.84626937835953597,0.107480101783719,-0.10115774285526494,3.3612231972527944e-17,-41.098294168244998,12.130135583909164,0.57644107673092448,0.18019000513680555,0.00028048796299286351,3.3612231972527944e-17,-41.099148830956743,12.130135583909164,0.57644107673092448,0.18019000513680555,0.00021638825961195,0.81176762096966371,1.4861708282267123,1.4300298278092394,0.81176762096966371,0.81176762096966371,0.81176762096966371
1784954489.8864572,1,1,0.9943295527042042,0.81176762096966371,0.10634256259399259,2,0,1,0,-0.85283399021835038,0.98617593467718567,-1.1627265867373617,0.0023218545836437366,1.7781125013338892,0.00084008230029628255,-0.00035610946322728857,0.00035610946322728857,-0.0014244378529091543,0,0,0,0.15929192374175152,-41.415900172855395,12.251672591250555,0.75010240354595237,0.037934153570724355,0.069545948212994646,1.9842653049695842e-16,-41.098277301890604,12.129959500554188,0.57643161587665681,0.18020188204875662,0.00028050644433277969,0.0004273313558729447,-41.098704633246477,12.131099050836514,0.57643161587665681,0.18020188204875662,0.00028050644433277871,0.81176762096966371,1.4861708282267123,1.4300298278092394,0.81176762096966371,0.81176762096966371,0.81176762096966371
1784954489.9064574,1,1,0.9943295527042042,0.81176762096966371,0.10634256259399259,2,0,1,0,-0.85283399021835038,0.98618257939594511,-1.1627450970253344,0.0023223292064122655,1.7781129759566576,0.00084008230029628255,0,0.00035610946322728857,-0.0010683283896818657,0.00035610946322728857,0,0,-0.27876086654806514,-42.530943639047656,12.059338641623388,0.75010240354595237,0.13909189642598929,0,1.2211167159401183e-16,-41.098216228504711,12.129782948385428,0.57642196097735965,0.18021331872974716,0.00028052426025357145,1.2211167159401183e-16,-41.098643559860584,12.130637611097173,0.57629732266523015,0.18021331872974716,0.00028052426025357291,0.81176762096966371,1.4861708282267123,1.4300298278092394,0.81176762096966371,0.81176762096966371,0.81176762096966371
1784954489.9264574,1,1,0.9943295527042042,0.81176762096966371,0.10634256259399259,2,0,1,0,-0.85283399021835038,0.98619254647408428,-1.162773574391446,0.0023218545836437366,1.7781129759566576,0.00084008230029628255,0,0.00071221892645457715,-0.0017805473161364429,0,0,0,-0.43805279028981664,-41.137139306307326,12.424773145915006,0.55776845391878516,0.27186143392352452,0.037934153570724355,1.111127099865408e-16,-41.098119196605971,12.129512905346536,0.57640769473845654,0.18023113309650765,0.00028055197548748552,1.111127099865408e-16,-41.098973859317717,12.130937343199445,0.57640769473845654,0.18023113309650765,0.00028055197548748634,0.81176762096966371,1.4861708282267123,1.4300298278092394,0.81176762096966371,0.81176762096966371,0.81176762096966371
1784954489.9464574,1,1,0.9943295527042042,0.81176762096966371,0.10634256259399259,2,0,1,0,-0.85283446484111891,0.9862006150611492,-1.1628072726080116,0.0023223292064122655,1.7781129759566576,0.00084008230029628255,0,0.00035610946322728857,-0.003204985169045597,0,0,0,0.15929192374175152,-41.575192096597142,12.520940120728589,0.55776845391878516,0.13909189642598929,0.037934153570724355,2.8666145377865689e-16,-41.097963596083574,12.129220160776727,0.57639179012928765,0.18025048687346754,0.00028058211490785117,2.8666145377865689e-16,-41.098390927439446,12.131784148911963,0.57639179012928765,0.18025048687346754,0.00028058211490784857,0.81176762096966371,1.4861708282267123,1.4300298278092394,0.81176762096966371,0.81176762096966371,0.81176762096966371
1784954489.9664574,1,1,0.9943295527042042,0.81176762096966371,0.10634256259399259,2,0,1,0,-0.85283493946388744,0.98622387157680713,-1.1629169104675419,0.0023223292064122655,1.7781129759566576,0.00084055692306481144,0,0.0010683283896818657,-0.0053416419484093288,0,0,0.00035610946322728857,0,-40.818555458823823,11.501570187704603,0.38466789925433453,0.17070369106825958,0,-3.2339692541067703e-17,-41.097422792590585,12.128287556482716,0.57634179479084158,0.18031206433507765,0.00028067797014453644,-3.2339692541067703e-17,-41.098704786658203,12.132560870041443,0.57634179479084158,0.18031206433507765,0.00021657826676362222,0.81176762096966371,1.4861708282267123,1.4300298278092394,0.81176762096966371,0.81176762096966371,0.81176762096966371
1784954489.9864573,1,1,0.9943295527042042,0.81176762096966371,0.10634256259399259,2,0,1,0,-0.85283446484111891,0.98625377281122451,-1.1630512287110355,0.0023228038291807948,1.7781129759566576,0.00084008230029628255,0,0.0017805473161364429,-0.0089027365806822138,0,0,0,-0.27876086654806514,-40.818555458823823,12.155505616436972,0.4616014791052015,0.069545948212994646,0.069545948212994646,-2.7146370518667767e-16,-41.096775928509153,12.127135139395548,0.57627980690047842,0.18038815294576882,0.00028079641517288553,-2.7146370518667767e-16,-41.098912585288517,12.134257328660095,0.57627980690047842,0.18038815294576882,0.00028079641517288895,0.81176762096966371,1.4861708282267123,1.4300298278092394,0.81176762096966371,0.81176762096966371,0.81176762096966371
1784954490.0064573,1,1,0.9943295527042042,0.81176762096966371,0.10634256259399259,2,0,1,0,-0.85283399021835038,0.98629459036931799,-1.1632780983943924,0.0023228038291807948,1.7781129759566576,0.00084008230029628255,0,0.0024927662425910197,-0.013176050139409676,0,0,0,0,-41.575192096597142,11.963171666809805,0.19233394962716727,0.24024963928125423,0,4.4278863566000318e-16,-41.095574239383126,12.125255406845158,0.57617904578974977,0.1805121706371261,0.00028098945683969264,4.4278863566000318e-16,-41.098565558874235,12.135796246956685,0.57617904578974977,0.1805121706371261,0.0002809894568396934,0.81176762096966371,1.4861708282267123,1.4300298278092394,0.81176762096966371,0.81176762096966371,0.81176762096966371
1784954490.0264573,1,1,0.9943295527042042,0.81176762096966371,0.10634256259399259,2,0,1,0,-0.85283446484111891,0.98634300189170787,-1.1636003672542234,0.0023223292064122655,1.7781129759566576,0.00084008230029628255,0,0.0021366567793637313,-0.018161582624591718,-0.00035610946322728857,0,0,0,-42.212359791564147,12.424773145915006,0.38466789925433453,0.17070369106825958,-0.063223589284540582,-1.3286697749559521e-17,-41.093758901475809,12.122650671218006,0.57603964227104754,0.18068388290060053,0.00028125672424432127,-1.3286697749559521e-17,-41.096322889611045,12.137179937317679,0.57616428058317704,0.18068388290060053,0.00028125672424431786,0.81176762096966371,1.4861708282267123,1.4300298278092394,0.81176762096966371,0.81176762096966371,0.81176762096966371
1784954490.0469277,1,1,0.9943295527042042,0.81176762096966371,0.10634256259399259,2,0,1,0,-0.85283446484111891,0.98637290312612524,-1.1638647321362943,0.0023228038291807948,1.7781129759566576,0.00084008230029628255,0,0.0021366567793637313,-0.021722677256864602,0,0,0,-0.27876086654806514,-40.818555458823823,11.963171666809805,0.55776845391878516,0.24024963928125423,0.107480101783719,4.9187102188114992e-16,-41.09215997426589,12.12058225118396,0.57592857230457462,0.18082017986831334,0.00028146889339364828,4.9187102188114992e-16,-41.094723962401126,12.13796039298945,0.57592857230457462,0.18082017986831334,0.00028146889339365072,0.81176762096966371,1.4861708282267123,1.4300298278092394,0.81176762096966371,0.81176762096966371,0.81176762096966371
1784954490.0669277,1,1,0.9943295527042042,0.81176762096966371,0.10634256259399259,2,0,1,0,-0.85283399021835038,0.98641609379806139,-1.1645049982510398,0.0023228038291807948,1.7781129759566576,0.00084008230029628255,0.00035610946322728857,0.0014244378529091543,-0.026708209742046643,0.00035610946322728857,0,0,-0.11946894280631364,-40.977847382565578,12.328606171101423,0.65393542873236876,0.20863784463898394,0.037934153570724355,2.399785452601272e-16,-41.087957670297897,12.115773332690766,0.5756708610175898,0.18113667991121291,0.00028196154644239329,-0.0004273313558725063,-41.089666995721387,12.137139900484403,0.5755462227054603,0.18113667991121291,0.00028196154644239552,0.81176762096966371,1.4861708282267123,1.4300298278092394,0.81176762096966371,0.81176762096966371,0.81176762096966371
1784954490.0869277,1,1,0.9943295527042042,0.81176762096966371,0.10634256259399259,2,0,1,0,-0.85283493946388744,0.98643935031371932,-1.165100175202775,0.0023228038291807948,1.7781129759566576,0.00084055692306481144,-0.00035610946322728857,0.00071221892645457715,-0.030981523300774104,0,0,0.00035610946322728857,-0.43805279028981664,-40.977847382565578,11.790071112145354,0.55776845391878516,0.037934153570724355,-0.063223589284540582,6.7933045473344869e-16,-41.083858559636106,12.111416972673133,0.57543743639208644,0.18142299523419869,0.00028240722090749296,0.0004273313558734256,-41.084713222347851,12.136202191313753,0.57543743639208644,0.18142299523419869,0.00021830751752658015,0.81176762096966371,1.4861708282267123,1.4300298278092394,0.81176762096966371,0.81176762096966371,0.81176762096966371
1784954490.1069276,1,1,0.9943295527042042,0.81176762096966371,0.10634256259399259,2,0,1,0,-0.85283446484111891,0.98645026663739543,-1.1657603754737988,0.0023232784519493237,1.7781129759566576,0.00084055692306481144,0,0.00071221892645457715,-0.032405961153683258,0,0,0.00035610946322728857,0.15929192374175152,-41.25660824911364,12.251672591250555,0.84626937835953597,0.107480101783719,-0.063223589284540582,1.8368713374771539e-16,-41.079141312135789,12.106684494348306,0.57518368432196065,0.18173362315250255,0.0002828907475738578,1.8368713374771539e-16,-41.079995974847535,12.132609263271252,0.57518368432196065,0.18173362315250255,0.00021879104419294596,0.81176762096966371,1.4861708282267123,1.4300298278092394,0.81176762096966371,0.81176762096966371,0.81176762096966371
1784954490.1269279,1,1,0.9943295527042042,0.81176762096966371,0.10634256259399259,2,0,1,0,-0.85283446484111891,0.98646735305706257,-1.1663569762938397,0.0023232784519493237,1.7781129759566576,0.00084008230029628255,-0.00035610946322728857,0.0014244378529091543,-0.025639881352364776,0.00035610946322728857,0,0,0,-41.137139306307326,12.155505616436972,0.38466789925433453,0.069545948212994646,0,6.2746991508598705e-16,-41.074953209280281,12.102351849623133,0.57495159674511176,0.18201759836944212,0.00028333276765243626,0.00042733135587337372,-41.076662534703772,12.122863754705024,0.57482695843298226,0.18201759836944212,0.00028333276765243887,0.81176762096966371,1.4861708282267123,1.4300298278092394,0.81176762096966371,0.81176762096966371,0.81176762096966371
1784954490.1469278,1,1,0.9943295527042042,0.81176762096966371,0.10634256259399259,2,0,1,0,-0.85283446484111891,0.98650294976470221,-1.1668301751940633,0.0023228038291807948,1.7781129759566576,0.00084008230029628255,0,0.0017805473161364429,-0.022791005646546469,0,0,0,0.15929192374175152,-41.734484020338897,11.693904137331771,0.38466789925433453,0.17070369106825958,-0.063223589284540582,2.1613582301450098e-16,-41.07187156588806,12.098755913160478,0.57475920677038517,0.18225298409528615,0.00028369914697911881,2.1613582301450098e-16,-41.074008222667423,12.116988717677716,0.57475920677038517,0.18225298409528615,0.00028369914697912169,0.81176762096966371,1.4861708282267123,1.4300298278092394,0.81176762096966371,0.81176762096966371,0.81176762096966371
1784954490.1669278,1,1,0.9943295527042042,0.81176762096966371,0.10634256259399259,2,0,1,0,-0.85283399021835038,0.9865423434544901,-1.1672663535183414,0.0023228038291807948,1.7781134505794263,0.00084008230029628255,0,0.0021366567793637313,-0.024571552962682913,0,0,0,0,-40.818555458823823,12.520940120728589,0.38466789925433453,0.13909189642598929,-0.063223589284540582,-3.231125920082047e-16,-41.069100739939756,12.095391817301827,0.57457906435518535,0.18247273740220707,0.00028404120736127953,-3.231125920082047e-16,-41.071664728074992,12.115049059671973,0.57457906435518535,0.18247273740220707,0.00028404120736127969,0.81176762096966371,1.4861708282267123,1.4300298278092394,0.81176762096966371,0.81176762096966371,0.81176762096966371
1784954490.1869278,1,1,0.9943295527042042,0.81176762096966371,0.10634256259399259,2,0,1,0,-0.85283446484111891,0.98657556704828708,-1.1678572588651599,0.0023232784519493237,1.7781134505794263,0.00084008230029628255,-0.00035610946322728857,0.0014244378529091543,-0.033474289543365128,0,0,0,0,-41.415900172855395,12.617107095542174,0.4616014791052015,0.20863784463898394,-0.063223589284540582,2.4039531223750617e-16,-41.065120631113423,12.09097346810438,0.57434225945254047,0.18276136180692321,0.00028449048407623714,0.00042733135587298666,-41.066829956536914,12.117752899739072,0.57434225945254047,0.18276136180692321,0.00028449048407623578,0.81176762096966371,1.4861708282267123,1.4300298278092394,0.81176762096966371,0.81176762096966371,0.81176762096966371
1784954490.2069278,1,1,0.9943295527042042,0.81176762096966371,0.10634256259399259,2,0,1,0,-0.85283256635004479,0.98659360271349117,-1.1686617444578165,0.0023232784519493237,1.7781134505794263,0.00084008230029628255,0.00035610946322728857,0.00071221892645457715,-0.043801463976956494,0,-0.00035610946322728857,0,-0.27876086654806514,-40.181387763856819,12.424773145915006,0.75010240354595237,0.34140738213651917,0,1.7619462048942446e-16,-41.059393244242912,12.085142928079227,0.57403009426962148,0.18314162258223912,0.00028508238483279869,-0.00042733135587257005,-41.060247906954658,12.120184099260792,0.57403009426962148,0.18320572228562004,0.00028508238483279658,0.81176762096966371,1.4861708282267123,1.4300298278092394,0.81176762096966371,0.81176762096966371,0.81176762096966371
1784954490.2269278,1,1,0.9943295527042042,0.81176762096966371,0.10634256259399259,2,0,1,0,-0.85283256635004479,0.98660784139654711,-1.1695825126287627,0.0023232784519493237,1.7781139252021947,0.00084008230029628255,0,0.00071221892645457715,-0.051635872167956842,0,0,0,0.15929192374175152,-41.25660824911364,12.251672591250555,0.75010240354595237,0.13909189642598929,0,7.2880526865890202e-17,-41.05275638651549,12.078504544143616,0.5736747667573503,0.18357351690799734,0.00028575465655532193,7.2880526865890202e-17,-41.053611049227236,12.119813241877981,0.5736747667573503,0.18357351690799734,0.00028575465655532317,0.81176762096966371,1.4861708282267123,1.4300298278092394,0.81176762096966371,0.81176762096966371,0.81176762096966371
1784954490.247431,1,1,0.9943295527042042,0.81176762096966371,0.10634256259399259,2,0,1,0,-0.85283256635004479,0.98662208007960295,-1.1707348967107511,0.0023232784519493237,1.7781143998249633,0.00084008230029628255,0,0.00035610946322728857,-0.052348091094411422,0,0,0,0.15929192374175152,-41.25660824911364,11.790071112145354,0.55776845391878516,0.30979558749424885,0,-5.4671766009524013e-16,-41.044394996152157,12.07020677826581,0.57323071577627482,0.18411222769604116,0.00028659319506894431,-5.4671766009524013e-16,-41.04482232750803,12.112085251141339,0.57323071577627482,0.18411222769604116,0.00028659319506894182,0.81176762096966371,1.4861708282267123,1.4300298278092394,0.81176762096966371,0.81176762096966371,0.81176762096966371
1784954490.267431,1,1,0.9943295527042042,0.81176762096966371,0.10634256259399259,2,0,1,0,-0.85283256635004479,0.98663774263096438,-1.1716969570625593,0.0023228038291807948,1.7781143998249633,0.00084008230029628255,0.00035610946322728857,0.0010683283896818657,-0.049499215388593108,0,-0.00035610946322728857,0,0.15929192374175152,-40.977847382565578,12.059338641623388,0.4616014791052015,0.107480101783719,-0.063223589284540582,8.6754510417228231e-17,-41.03744277799656,12.063239735332022,0.57285815731288714,0.18456370102196093,0.00028729592887396263,-0.0004273313558726595,-41.038724772064178,12.102839107642897,0.57285815731288714,0.18462780072534185,0.00028729592887396377,0.81176762096966371,1.4861708282267123,1.4300298278092394,0.81176762096966371,0.81176762096966371,0.81176762096966371
1784954490.287431,1,1,0.9943295527042042,0.81176762096966371,0.10634256259399259,2,0,1,0,-0.85283304097281332,0.98665815141001112,-1.1725845016397085,0.0023228038291807948,1.7781143998249633,0.00084008230029628255,0,0.0014244378529091543,-0.036323165249183435,-0.00035610946322728857,0,0,0.31858384748350305,-41.575192096597142,11.963171666809805,0.65393542873236876,0.17070369106825958,0,1.6429259609705124e-16,-41.031084007761194,12.056759656865552,0.57251151485747287,0.1849827996629842,0.00028794828327877473,1.6429259609705124e-16,-41.032793333184685,12.085818189064899,0.57263615316960237,0.1849827996629842,0.00028794828327877164,0.81176762096966371,1.4861708282267123,1.4300298278092394,0.81176762096966371,0.81176762096966371,0.81176762096966371
1784954490.307431,1,1,0.9943295527042042,0.81176762096966371,0.10634256259399259,2,0,1,0,-0.85283304097281332,0.98668995113550262,-1.1731929680289626,0.0023228038291807948,1.7781143998249633,0.00084008230029628255,0,0.0014244378529091543,-0.028132647594955797,0,0,-0.00035610946322728857,0.15929192374175152,-42.371651715305902,12.059338641623388,0.38466789925433453,0.30979558749424885,0.107480101783719,2.5539694704504664e-16,-41.026914091661297,12.052183993890198,0.57226678741388171,0.18527824593271455,0.00028840816468964314,2.5539694704504664e-16,-41.028623417084788,12.074690111966163,0.57226678741388171,0.18527824593271455,0.00035250786807055273,0.81176762096966371,1.4861708282267123,1.4300298278092394,0.81176762096966371,0.81176762096966371,0.81176762096966371
1784954490.3274312,1,1,0.9943295527042042,0.81176762096966371,0.10634256259399259,2,0,1,0,-0.85283304097281332,0.98669944359087314,-1.1737240709069465,0.0023228038291807948,1.7781143998249633,0.00084008230029628255,0,0,-0.020654348867182738,-0.00035610946322728857,0,0,0,-40.340679687598573,11.790071112145354,0.65393542873236876,0.20863784463898394,0.037934153570724355,5.7180593480520959e-16,-41.023069728120191,12.048316719060702,0.57205997427510058,0.18552764069240191,0.00028879636391226823,5.7180593480520959e-16,-41.023069728120191,12.064840198154448,0.57218461258723008,0.18552764069240191,0.00028879636391226926,0.81176762096966371,1.4861708282267123,1.4300298278092394,0.81176762096966371,0.81176762096966371,0.81176762096966371
1784954490.3474312,1,1,0.9943295527042042,0.81176762096966371,0.10634256259399259,2,0,1,0,-0.85283304097281332,0.98669944359087314,-1.1740662739230558,0.0023228038291807948,1.7781148744477318,0.00083960767752775355,0,0,-0.015312706918773409,0,0,0,0.31858384748350305,-40.499971611340321,11.886238086958938,0.75010240354595237,0.20863784463898394,0,1.5872959521031115e-16,-41.020523270566187,12.045866455478423,0.57192897287767019,0.18568526383847606,0.00028904170854163002,1.5872959521031115e-16,-41.020523270566187,12.058116621013442,0.57192897287767019,0.18568526383847606,0.00028904170854163191,0.81176762096966371,1.4861708282267123,1.4300298278092394,0.81176762096966371,0.81176762096966371,0.81176762096966371
1784954490.3674312,1,1,0.9943295527042042,0.81176762096966371,0.10634256259399259,2,0,1,0,-0.85283256635004479,0.98669991821364167,-1.1743363342783488,0.0023228038291807948,1.7781148744477318,0.00084008230029628255,0,0,-0.011751612286500523,0,0,0,0.31858384748350305,-42.053067867822399,11.963171666809805,0.65393542873236876,0.20863784463898394,0.037934153570724355,5.6761326649385773e-17,-41.018518119060545,12.043928643122937,0.57182535982415772,0.1858100328408118,0.00028923592569759382,5.6761326649385773e-17,-41.018518119060545,12.053329932952138,0.57182535982415772,0.1858100328408118,0.00028923592569759377,0.81176762096966371,1.4861708282267123,1.4300298278092394,0.81176762096966371,0.81176762096966371,0.81176762096966371
1784954490.3874311,1,1,0.9943295527042042,0.81176762096966371,0.10634256259399259,2,0,1,0,-0.85283304097281332,0.98669991821364167,-1.1745157416848528,0.0023228038291807948,1.7781148744477318,0.00084008230029628255,0,0,-0.0081905176542276369,0,0,0,0.31858384748350305,-41.137139306307326,12.790207650206623,0.28850092444075093,0.13909189642598929,-0.13276953749753523,1.2514518118338918e-16,-41.017182080220209,12.042643073956533,0.57175662492079127,0.18589276711670188,0.0002893647069962046,1.2514518118338918e-16,-41.017182080220209,12.049195488079915,0.57175662492079127,0.18589276711670188,0.00028936470699620492,0.81176762096966371,1.4861708282267123,1.4300298278092394,0.81176762096966371,0.81176762096966371,0.81176762096966371
1784954490.4074311,1,1,0.9943295527042042,0.81176762096966371,0.10634256259399259,2,0,1,0,-0.85283304097281332,0.98669991821364167,-1.1746372451135962,0.0023228038291807948,1.7781148744477318,0.00084008230029628255,0,0,-0.0042733135587274627,0,0,0.00035610946322728857,-0.11946894280631364,-40.022095840115064,11.693904137331771,0.4616014791052015,0.27186143392352452,-0.10115774285526494,-7.7109966359875891e-17,-41.016277017177281,12.041772200216545,0.57171006384605172,0.18594879539749667,0.00028945191867076547,-7.7109966359875891e-17,-41.016277017177281,12.045190851063527,0.57171006384605172,0.18594879539749667,0.00022535221528985558,0.81176762096966371,1.4861708282267123,1.4300298278092394,0.81176762096966371,0.81176762096966371,0.81176762096966371
1784954490.4274311,1,1,0.9943295527042042,0.81176762096966371,0.10634256259399259,2,0,1,0,-0.85283304097281332,0.9867003928364102,-1.1746946744685882,0.0023228038291807948,1.7781148744477318,0.00084008230029628255,0,0,-0.0021366567793637313,0,0,0,-0.27876086654806514,-40.499971611340321,11.597737162518188,0.75010240354595237,0.20863784463898394,-0.031611794642270291,-1.9351669797605354e-17,-41.015854368699209,12.041357110887217,0.57168787161330803,0.18597549540925876,0.00028949347898109983,-1.9351669797605354e-17,-41.015854368699209,12.043066436310708,0.57168787161330803,0.18597549540925876,0.00028949347898109962,0.81176762096966371,1.4861708282267123,1.4300298278092394,0.81176762096966371,0.81176762096966371,0.81176762096966371
1784954490.4478369,1,1,0.9943295527042042,0.81176762096966371,0.10634256259399259,2,0,1,0,-0.85283304097281332,0.9867003928364102,-1.1747136593793295,0.0023228038291807948,1.7781153490705004,0.00084008230029628255,0,0,0,0,0.00035610946322728857,0,0,-41.137139306307326,11.886238086958938,0.55776845391878516,0.17070369106825958,0.107480101783719,1.5088374645983115e-16,-41.01571252099464,12.041220621565349,0.57168059514906888,0.18598403052784382,0.00028950676442839822,1.5088374645983115e-16,-41.01571252099464,12.041220621565349,0.57168059514906888,0.1859199308244629,0.00028950676442839746,0.81176762096966371,1.4861708282267123,1.4300298278092394,0.81176762096966371,0.81176762096966371,0.81176762096966371
1784954490.4678369,1,1,0.9943295527042042,0.81176762096966371,0.10634256259399259,2,0,1,0,-0.85283304097281332,0.98669991821364167,-1.174715083247635,0.0023228038291807948,1.7781148744477318,0.00084008230029628255,0,0,0,-0.00035610946322728857,0,0,0.31858384748350305,-40.499971611340321,12.059338641623388,0.4616014791052015,0.27186143392352452,0.037934153570724355,-2.7660517604534232e-16,-41.015697112499936,12.041214201788547,0.57168023122206058,0.18598468707230714,0.00028950778640424028,-2.7660517604534232e-16,-41.015697112499936,12.041214201788547,0.57180486953419007,0.18598468707230714,0.00028950778640424168,0.81176762096966371,1.4861708282267123,1.4300298278092394,0.81176762096966371,0.81176762096966371,0.81176762096966371
1784954490.4878368,1,1,0.9943295527042042,0.81176762096966371,0.10634256259399259,2,0,1,0,-0.85283304097281332,0.98669991821364167,-1.1747165071159407,0.0023228038291807948,1.7781148744477318,0.00084008230029628255,0,0,0,-0.00035610946322728857,0,0,-0.11946894280631364,-41.575192096597142,11.693904137331771,0.4616014791052015,0.17070369106825958,-0.063223589284540582,-2.889402570962406e-16,-41.015686503769921,12.04120399380972,0.57167968547106862,0.18598534361683994,0.00028950880835863904,-2.889402570962406e-16,-41.015686503769921,12.04120399380972,0.57180432378319812,0.18598534361683994,0.00028950880835863779,0.81176762096966371,1.4861708282267123,1.4300298278092394,0.81176762096966371,0.81176762096966371,0.81176762096966371
1784954490.5078368,1,1,0.9943295527042042,0.81176762096966371,0.10634256259399259,2,0,1,0,-0.85283304097281332,0.98669991821364167,-1.1747174563614777,0.0023228038291807948,1.7781148744477318,0.00084008230029628255,0,0,0,0,0,0,0,-40.499971611340321,11.886238086958938,0.55776845391878516,0.24024963928125423,0.107480101783719,-8.5583025071946469e-17,-41.015679431268921,12.041197188476717,0.5716793216364302,0.18598578131298554,0.00028950948966124528,-8.5583025071946469e-17,-41.015679431268921,12.041197188476717,0.5716793216364302,0.18598578131298554,0.0002895094896612424,0.81176762096966371,1.4861708282267123,1.4300298278092394,0.81176762096966371,0.81176762096966371,0.81176762096966371
1784954490.5278368,1,1,0.9943295527042042,0.81176762096966371,0.10634256259399259,2,0,1,0,-0.85283304097281332,0.98669991821364167,-1.1747188802297832,0.0023228038291807948,1.7781148744477318,0.00084008230029628255,0,0,0,0,0,0,0.31858384748350305,-41.137139306307326,11.886238086958938,0.75010240354595237,0.24024963928125423,-0.031611794642270291,-1.243461911130897e-16,-41.015668822495954,12.041186980456544,0.5716787758835068,0.18598643785688981,0.00028951051161466566,-1.243461911130897e-16,-41.015668822495954,12.041186980456544,0.5716787758835068,0.18598643785688981,0.00028951051161466707,0.81176762096966371,1.4861708282267123,1.4300298278092394,0.81176762096966371,0.81176762096966371,0.81176762096966371
1784954490.5478368,1,1,0.9943295527042042,0.81176762096966371,0.10634256259399259,2,0,1,0,-0.85283351559558185,0.98669991821364167,-1.1747188802297832,0.0023232784519493237,1.7781153490705004,0.00084008230029628255,0,0,0,0,0.00035610946322728857,0.00035610946322728857,-0.43805279028981664,-40.818555458823823,12.328606171101423,0.84626937835953597,0.13909189642598929,0.069545948212994646,-9.1820889479685669e-17,-41.015668754886605,12.041186915399534,0.57167858368349889,0.18598621910401467,0.00028951018497203767,-9.1820889479685669e-17,-41.015668754886605,12.041186915399534,0.57167858368349889,0.18592211940063375,0.00022541048159112551,0.81176762096966371,1.4861708282267123,1.4300298278092394,0.81176762096966371,0.81176762096966371,0.81176762096966371
1784954490.5678368,1,1,0.9943295527042042,0.81176762096966371,0.10634256259399259,2,0,1,0,-0.85283351559558185,0.98669944359087314,-1.1747193548525519,0.0023228038291807948,1.7781148744477318,0.00084008230029628255,0,-0.00035610946322728857,0.00035610946322728857,-0.00035610946322728857,0,0,-0.27876086654806514,-40.499971611340321,11.597737162518188,0.38466789925433453,0.24024963928125423,0.069545948212994646,3.7343367199652882e-16,-41.015660085803376,12.041186980456541,0.5716787758844446,0.18598643785688962,0.00028951051161459762,3.7343367199652882e-16,-41.015232754447503,12.040902092885959,0.5718034141965741,0.18598643785688962,0.00028951051161459768,0.81176762096966371,1.4861708282267123,1.4300298278092394,0.81176762096966371,0.81176762096966371,0.81176762096966371
1784954490.5878367,1,1,0.9943295527042042,0.81176762096966371,0.10634256259399259,2,0,1,0,-0.85283399021835038,0.98669991821364167,-1.1747193548525519,0.0023228038291807948,1.7781148744477318,0.00084008230029628255,0,0.00035610946322728857,0,0,0,0,-0.27876086654806514,-41.25660824911364,12.328606171101423,0.65393542873236876,0.20863784463898394,0.107480101783719,-4.8525760071144655e-17,-41.015665286232561,12.041183577777639,0.57167859396560805,0.18598665670477418,0.00028951085226567555,-4.8525760071144655e-17,-41.016092617588434,12.041183577777639,0.57167859396560805,0.18598665670477418,0.00028951085226567447,0.81176762096966371,1.4861708282267123,1.4300298278092394,0.81176762096966371,0.81176762096966371,0.81176762096966371
1784954490.607837,1,1,0.9943295527042042,0.81176762096966371,0.10634256259399259,2,0,1,0,-0.85283399021835038,0.98669944359087314,-1.1747198294753203,0.0023228038291807948,1.7781148744477318,0.00084008230029628255,0,-0.00035610946322728857,0,0,0,0,-0.27876086654806514,-41.137139306307326,11.886238086958938,0.4616014791052015,0.13909189642598929,-0.063223589284540582,4.4774608104424451e-16,-41.015656549539997,12.041183577777643,0.57167859396654586,0.18598665670477374,0.00028951085226560714,4.4774608104424451e-16,-41.015229218184125,12.041183577777643,0.57167859396654586,0.18598665670477374,0.00028951085226560508,0.81176762096966371,1.4861708282267123,1.4300298278092394,0.81176762096966371,0.81176762096966371,0.81176762096966371
1784954490.6278369,1,1,0.9943295527042042,0.81176762096966371,0.10634256259399259,2,0,1,0,-0.85283446484111891,0.98669991821364167,-1.1747203040980889,0.0023228038291807948,1.7781148744477318,0.00084008230029628255,-0.00035610946322728857,0,0,-0.00035610946322728857,0,0,-0.43805279028981664,-41.25660824911364,12.328606171101423,0.38466789925433453,0.24024963928125423,0.037934153570724355,8.5889348461820232e-17,-41.015658213697201,12.041176772411566,0.57167823012942443,0.18598709440041708,0.00028951153356749921,0.00042733135587283216,-41.015658213697201,12.041176772411566,0.57180286844155392,0.18598709440041708,0.00028951153356750192,0.81176762096966371,1.4861708282267123,1.4300298278092394,0.81176762096966371,0.81176762096966371,0.81176762096966371
# event,1784954490.8308527,EXITING,实体 FREE 松开：正常退出请求；保持力矩控制并增强阻尼，静止后切回位置保持
1784954490.7478368,1,1,0.9943295527042042,0.81176762096966371,0.10634256259399259,2,0,1,0,-0.85283636333219304,0.98669896896810461,-1.1747193548525519,0.0023232784519493237,1.7781143998249633,0.00084008230029628255,0,0,0,0,0,0.00035610946322728857,0,-40.340679687598573,11.597737162518188,0.55776845391878516,0.27186143392352452,-0.063223589284540582,3.3539721754525512e-16,-41.015655619081848,12.041191089131249,0.57167876541385432,0.18598643795104799,0.00028951052566483017,3.3539721754525512e-16,-41.015655619081848,12.041191089131249,0.57167876541385432,0.18598643795104799,0.00022541082228391893,0.81176762096966371,1.4861708282267123,1.4300298278092394,0.81176762096966371,0.81176762096966371,0.81176762096966371
1784954490.7678368,1,1,0.9943295527042042,0.81176762096966371,0.10634256259399259,2,0,1,0,-0.85283873644603569,0.98669896896810461,-1.1747193548525519,0.0023237530747178526,1.7781143998249633,0.00084008230029628255,-0.00035610946322728857,0,0,0.00035610946322728857,0,0,0.15929192374175152,-42.053067867822399,12.155505616436972,0.55776845391878516,0.17070369106825958,-0.063223589284540582,5.4263515935321586e-16,-41.015655952135333,12.041191409601788,0.57167857311902237,0.18598643804567203,0.00028951053969423595,0.00042733135587328893,-41.015655952135333,12.041191409601788,0.57155393480689287,0.18598643804567203,0.00028951053969423352,0.81176762096966371,1.4861708282267123,1.4300298278092394,0.81176762096966371,0.81176762096966371,0.81176762096966371
1784954490.7878368,1,1,0.9943295527042042,0.81176762096966371,0.10634256259399259,2,0,1,0,-0.85283873644603569,0.98669896896810461,-1.1747193548525519,0.0023232784519493237,1.7781143998249633,0.00084008230029628255,0,0,0,0,0,0,0,-41.137139306307326,11.597737162518188,0.92320295821040299,0.30979558749424885,-0.031611794642270291,3.3539721754525512e-16,-41.015655619081848,12.041191089131249,0.57167876541385432,0.18598643795104799,0.00028951052566483017,3.3539721754525512e-16,-41.015655619081848,12.041191089131249,0.57167876541385432,0.18598643795104799,0.00028951052566483088,0.81176762096966371,1.4861708282267123,1.4300298278092394,0.81176762096966371,0.81176762096966371,0.81176762096966371
1784954490.8078368,1,1,0.9943295527042042,0.81176762096966371,0.10634256259399259,2,0,1,0,-0.85283921106880423,0.98669896896810461,-1.1747188802297832,0.0023237530747178526,1.7781143998249633,0.00084008230029628255,-0.00035610946322728857,0.00035610946322728857,0,0.00035610946322728857,0,0,0.15929192374175152,-40.340679687598573,11.693904137331771,0.84626937835953597,0.13909189642598929,-0.031611794642270291,4.575411548721448e-16,-41.0156594883926,12.041194812274801,0.57167875503654109,0.18598621919774588,0.00028951019904316995,0.00042733135587320382,-41.016086819748473,12.041194812274801,0.57155411672441159,0.18598621919774588,0.0002895101990431706,0.81176762096966371,1.4861708282267123,1.4300298278092394,0.81176762096966371,0.81176762096966371,0.81176762096966371
1784954490.8278368,1,1,0.9943295527042042,0.81176762096966371,0.10634256259399259,2,0,1,0,-0.85283873644603569,0.98669896896810461,-1.1747184056070148,0.0023237530747178526,1.7781143998249633,0.00084008230029628255,0.00035610946322728857,0.00035610946322728857,0.00035610946322728857,0,0,0,-0.27876086654806514,-41.25660824911364,12.059338641623388,0.75010240354595237,0.107480101783719,-0.031611794642270291,3.6670591264122123e-16,-41.015663024646997,12.041198214945055,0.57167893695393113,0.18598600034977783,0.00028950985839203879,-0.00042733135587237956,-41.01609035600287,12.040913327374474,0.57167893695393113,0.18598600034977783,0.0002895098583920383,0.81176762096966371,1.4861708282267123,1.4300298278092394,0.81176762096966371,0.81176762096966371,0.81176762096966371
1784954490.8478367,6,1,0.9943295527042042,0.81176762096966371,0.10634256259399259,2,0,1,1,-0.85283921106880423,0.98669896896810461,-1.1747188802297832,0.0023232784519493237,1.7781143998249633,0.00084008230029628255,0,0.00035610946322728857,-0.00035610946322728857,-0.00035610946322728857,0,0,-0.11946894280631364,-41.25660824911364,12.520940120728589,0.75010240354595237,0.107480101783719,-0.13276953749753523,5.5147462276671488e-16,-41.015659155339328,12.041194491804477,0.57167894733143387,0.18598621910312185,0.00028951018501375967,5.5147462276671488e-16,-41.019932468898055,12.044043367510296,0.57310338518434301,0.18598621910312185,0.00028951018501375967,0.81176762096966371,1.4861708282267123,1.4300298278092394,0.81176762096966371,0.81176762096966371,0.81176762096966371
1784954490.867837,6,1,0.9943295527042042,0.81176762096966371,0.10634256259399259,2,0,1,1,-0.85283921106880423,0.98669896896810461,-1.1747184056070148,0.0023237530747178526,1.7781143998249633,0.00084008230029628255,0,0,0,0.00035610946322728857,0,0,0.31858384748350305,-41.893775944080645,11.886238086958938,0.92320295821040299,0.13909189642598929,-0.063223589284540582,3.6670591264122123e-16,-41.015663024646997,12.041198214945055,0.57167893695393113,0.18598600034977783,0.00028950985839203879,3.6670591264122123e-16,-41.015663024646997,12.041198214945055,0.57025449910102199,0.18598600034977783,0.00028950985839203879,0.81176762096966371,1.4861708282267123,1.4300298278092394,0.81176762096966371,0.81176762096966371,0.81176762096966371
1784954490.8878369,6,1,0.9943295527042042,0.81176762096966371,0.10634256259399259,2,0,1,1,-0.85283921106880423,0.98669896896810461,-1.1747188802297832,0.0023237530747178526,1.7781143998249633,0.00084008230029628255,0,0,-0.00035610946322728857,0,0,0,0,-40.977847382565578,12.328606171101423,0.28850092444075093,0.13909189642598929,-0.063223589284540582,4.575411548721448e-16,-41.0156594883926,12.041194812274801,0.57167875503654109,0.18598621919774588,0.00028951019904316995,4.575411548721448e-16,-41.0156594883926,12.04404368798062,0.57167875503654109,0.18598621919774588,0.00028951019904316995,0.81176762096966371,1.4861708282267123,1.4300298278092394,0.81176762096966371,0.81176762096966371,0.81176762096966371
1784954490.9078369,6,1,0.9943295527042042,0.81176762096966371,0.10634256259399259,2,0,1,1,-0.85283968569157276,0.98669849434533607,-1.1747188802297832,0.0023237530747178526,1.7781139252021947,0.00084008230029628255,-0.00035610946322728857,-0.00035610946322728857,0,0,0,0.00035610946322728857,0,-41.25660824911364,11.693904137331771,0.28850092444075093,0.13909189642598929,-0.031611794642270291,1.6452531216270328e-16,-41.015654688605139,12.041198600473027,0.57167893686023563,0.18598621919729921,0.00028951019906403499,0.0042733135587276275,-41.011381375046412,12.041198600473027,0.57167893686023563,0.18598621919729921,-0.00060076345900418647,0.81176762096966371,1.4861708282267123,1.4300298278092394,0.81176762096966371,0.81176762096966371,0.81176762096966371
1784954490.9278369,6,1,0.9943295527042042,0.81176762096966371,0.10634256259399259,2,0,1,1,-0.85283968569157276,0.98669849434533607,-1.1747188802297832,0.0023237530747178526,1.7781143998249633,0.00084008230029628255,0,0,0,0,0,-0.00035610946322728857,0,-40.818555458823823,11.886238086958938,0.55776845391878516,0.24024963928125423,-0.063223589284540582,1.6569191116208865e-17,-41.015654287941864,12.041198214945057,0.57167893695486915,0.18598600034977728,0.00028950985839197021,1.6569191116208865e-17,-41.015654287941864,12.041198214945057,0.57167893695486915,0.18598600034977728,0.0011797835164601917,0.81176762096966371,1.4861708282267123,1.4300298278092394,0.81176762096966371,0.81176762096966371,0.81176762096966371
1784954490.9478369,6,1,0.9943295527042042,0.81176762096966371,0.10634256259399259,2,0,1,1,-0.85283968569157276,0.98669896896810461,-1.1747188802297832,0.0023237530747178526,1.7781143998249633,0.00084008230029628255,-0.00035610946322728857,0.00035610946322728857,0,0,0.00035610946322728857,0,-0.11946894280631364,-40.818555458823823,11.597737162518188,0.65393542873236876,0.34140738213651917,0.069545948212994646,4.575411548721448e-16,-41.0156594883926,12.041194812274801,0.57167875503654109,0.18598621919774588,0.00028951019904316995,0.0042733135587279206,-41.019932801951327,12.041194812274801,0.57167875503654109,0.18509594553967768,0.00028951019904316995,0.81176762096966371,1.4861708282267123,1.4300298278092394,0.81176762096966371,0.81176762096966371,0.81176762096966371
1784954490.9678369,6,1,0.9943295527042042,0.81176762096966371,0.10634256259399259,2,0,1,1,-0.85283921106880423,0.98669896896810461,-1.1747188802297832,0.0023237530747178526,1.7781143998249633,0.00084008230029628255,0,0,0,0,0,0,-0.11946894280631364,-42.053067867822399,11.886238086958938,0.55776845391878516,0.27186143392352452,0,4.575411548721448e-16,-41.0156594883926,12.041194812274801,0.57167875503654109,0.18598621919774588,0.00028951019904316995,4.575411548721448e-16,-41.0156594883926,12.041194812274801,0.57167875503654109,0.18598621919774588,0.00028951019904316995,0.81176762096966371,1.4861708282267123,1.4300298278092394,0.81176762096966371,0.81176762096966371,0.81176762096966371
1784954490.9878368,6,1,0.9943295527042042,0.81176762096966371,0.10634256259399259,2,0,1,1,-0.85283921106880423,0.98669849434533607,-1.1747184056070148,0.0023237530747178526,1.7781139252021947,0.00084008230029628255,0,0,0,0.00035610946322728857,0,0.00035610946322728857,-0.27876086654806514,-41.25660824911364,11.597737162518188,0.55776845391878516,0.20863784463898394,-0.063223589284540582,6.9603938189693514e-17,-41.015658224856743,12.041202003140599,0.57167911877749666,0.18598600034933124,0.00028950985841290382,6.9603938189693514e-17,-41.015658224856743,12.041202003140599,0.57025468092458753,0.18598600034933124,-0.00060076379965531758,0.81176762096966371,1.4861708282267123,1.4300298278092394,0.81176762096966371,0.81176762096966371,0.81176762096966371
1784954491.0078368,6,1,0.9943295527042042,0.81176762096966371,0.10634256259399259,2,0,1,1,-0.85283968569157276,0.98669896896810461,-1.1747184056070148,0.0023237530747178526,1.7781143998249633,0.00084008230029628255,-0.00035610946322728857,0.00035610946322728857,0,0,0,0,-0.11946894280631364,-39.862803916373316,12.059338641623388,0.55776845391878516,0.27186143392352452,-0.063223589284540582,3.6670591264122123e-16,-41.015663024646997,12.041198214945055,0.57167893695393113,0.18598600034977783,0.00028950985839203879,0.0042733135587278296,-41.019936338205724,12.041198214945055,0.57167893695393113,0.18598600034977783,0.00028950985839203879,0.81176762096966371,1.4861708282267123,1.4300298278092394,0.81176762096966371,0.81176762096966371,0.81176762096966371
1784954491.0278368,6,1,0.9943295527042042,0.81176762096966371,0.10634256259399259,2,0,1,1,-0.85283968569157276,0.98669849434533607,-1.1747188802297832,0.0023237530747178526,1.7781143998249633,0.00084008230029628255,-0.00035610946322728857,-0.00035610946322728857,0,0,0,0,0,-40.977847382565578,12.328606171101423,0.75010240354595237,0.13909189642598929,-0.031611794642270291,1.6569191116208865e-17,-41.015654287941864,12.041198214945057,0.57167893695486915,0.18598600034977728,0.00028950985839197021,0.0042733135587274792,-41.011380974383137,12.041198214945057,0.57167893695486915,0.18598600034977728,0.00028950985839197021,0.81176762096966371,1.4861708282267123,1.4300298278092394,0.81176762096966371,0.81176762096966371,0.81176762096966371
1784954491.0478368,6,1,0.9943295527042042,0.81176762096966371,0.10634256259399259,2,0,1,1,-0.85283968569157276,0.98669896896810461,-1.1747188802297832,0.0023237530747178526,1.7781143998249633,0.00084008230029628255,0,0,0,0,0,0,0,-40.340679687598573,11.693904137331771,0.55776845391878516,0.17070369106825958,-0.031611794642270291,4.575411548721448e-16,-41.0156594883926,12.041194812274801,0.57167875503654109,0.18598621919774588,0.00028951019904316995,4.575411548721448e-16,-41.0156594883926,12.041194812274801,0.57167875503654109,0.18598621919774588,0.00028951019904316995,0.81176762096966371,1.4861708282267123,1.4300298278092394,0.81176762096966371,0.81176762096966371,0.81176762096966371
1784954491.0678368,6,1,0.9943295527042042,0.81176762096966371,0.10634256259399259,2,0,1,1,-0.85283968569157276,0.98669896896810461,-1.1747188802297832,0.0023237530747178526,1.7781143998249633,0.00084008230029628255,0,0,0.00035610946322728857,0,0,0,0.15929192374175152,-41.734484020338897,12.155505616436972,0.75010240354595237,0.17070369106825958,0.17070369106825958,4.575411548721448e-16,-41.0156594883926,12.041194812274801,0.57167875503654109,0.18598621919774588,0.00028951019904316995,4.575411548721448e-16,-41.0156594883926,12.038345936568982,0.57167875503654109,0.18598621919774588,0.00028951019904316995,0.81176762096966371,1.4861708282267123,1.4300298278092394,0.81176762096966371,0.81176762096966371,0.81176762096966371
1784954491.0878367,6,1,0.9943295527042042,0.81176762096966371,0.10634256259399259,2,0,1,1,-0.85283968569157276,0.98669896896810461,-1.1747188802297832,0.0023237530747178526,1.7781143998249633,0.00084055692306481144,0,0,0.00035610946322728857,0,0,0.00035610946322728857,0,-41.25660824911364,11.424636607853737,0.55776845391878516,0.17070369106825958,0.037934153570724355,7.1500000163945302e-16,-41.015659487768943,12.041194811674703,0.57167875505057042,0.18598621885707381,0.00028951020458511131,7.1500000163945302e-16,-41.015659487768943,12.038345935968884,0.57167875505057042,0.18598621885707381,-0.00060076345348311015,0.81176762096966371,1.4861708282267123,1.4300298278092394,0.81176762096966371,0.81176762096966371,0.81176762096966371
1784954491.107837,6,1,0.9943295527042042,0.81176762096966371,0.10634256259399259,2,0,1,1,-0.85283968569157276,0.98669896896810461,-1.1747188802297832,0.0023237530747178526,1.7781143998249633,0.00084055692306481144,0,0,0,0,0,0.00035610946322728857,0,-41.137139306307326,11.886238086958938,0.75010240354595237,0.13909189642598929,0.107480101783719,7.1500000163945302e-16,-41.015659487768943,12.041194811674703,0.57167875505057042,0.18598621885707381,0.00028951020458511131,7.1500000163945302e-16,-41.015659487768943,12.041194811674703,0.57167875505057042,0.18598621885707381,-0.00060076345348311015,0.81176762096966371,1.4861708282267123,1.4300298278092394,0.81176762096966371,0.81176762096966371,0.81176762096966371
1784954491.1278369,6,1,0.9943295527042042,0.81176762096966371,0.10634256259399259,2,0,1,1,-0.85283968569157276,0.98669896896810461,-1.1747188802297832,0.0023237530747178526,1.7781143998249633,0.00084008230029628255,0,0,-0.00035610946322728857,0,0,0,0,-41.25660824911364,11.886238086958938,0.55776845391878516,0.17070369106825958,0.037934153570724355,4.575411548721448e-16,-41.0156594883926,12.041194812274801,0.57167875503654109,0.18598621919774588,0.00028951019904316995,4.575411548721448e-16,-41.0156594883926,12.04404368798062,0.57167875503654109,0.18598621919774588,0.00028951019904316995,0.81176762096966371,1.4861708282267123,1.4300298278092394,0.81176762096966371,0.81176762096966371,0.81176762096966371
1784954491.1484785,6,1,0.9943295527042042,0.81176762096966371,0.10634256259399259,2,0,1,1,-0.85283968569157276,0.98669896896810461,-1.1747184056070148,0.0023237530747178526,1.7781143998249633,0.00084008230029628255,0,0,0.00035610946322728857,0,0.00035610946322728857,0,0.31858384748350305,-40.499971611340321,11.597737162518188,0.55776845391878516,0.13909189642598929,0.13909189642598929,3.6670591264122123e-16,-41.015663024646997,12.041198214945055,0.57167893695393113,0.18598600034977783,0.00028950985839203879,3.6670591264122123e-16,-41.015663024646997,12.038349339239236,0.57167893695393113,0.18509572669170962,0.00028950985839203879,0.81176762096966371,1.4861708282267123,1.4300298278092394,0.81176762096966371,0.81176762096966371,0.81176762096966371
1784954491.1684787,6,1,0.9943295527042042,0.81176762096966371,0.10634256259399259,2,0,1,1,-0.85283968569157276,0.98669896896810461,-1.1747188802297832,0.0023237530747178526,1.7781143998249633,0.00084008230029628255,0,0,0,0,0,0,-0.43805279028981664,-40.499971611340321,12.328606171101423,0.4616014791052015,0.17070369106825958,0,4.575411548721448e-16,-41.0156594883926,12.041194812274801,0.57167875503654109,0.18598621919774588,0.00028951019904316995,4.575411548721448e-16,-41.0156594883926,12.041194812274801,0.57167875503654109,0.18598621919774588,0.00028951019904316995,0.81176762096966371,1.4861708282267123,1.4300298278092394,0.81176762096966371,0.81176762096966371,0.81176762096966371
1784954491.1884787,6,1,0.9943295527042042,0.81176762096966371,0.10634256259399259,2,0,1,1,-0.85283968569157276,0.98669896896810461,-1.1747193548525519,0.0023237530747178526,1.7781143998249633,0.00084008230029628255,-0.00035610946322728857,0,0,0,0,0,0.15929192374175152,-41.575192096597142,11.886238086958938,0.4616014791052015,0.17070369106825958,0.069545948212994646,5.4263515935321586e-16,-41.015655952135333,12.041191409601788,0.57167857311902237,0.18598643804567203,0.00028951053969423595,0.0042733135587280056,-41.015655952135333,12.041191409601788,0.57167857311902237,0.18598643804567203,0.00028951053969423595,0.81176762096966371,1.4861708282267123,1.4300298278092394,0.81176762096966371,0.81176762096966371,0.81176762096966371
1784954491.2084787,6,1,0.9943295527042042,0.81176762096966371,0.10634256259399259,2,0,1,1,-0.85283921106880423,0.98669944359087314,-1.1747188802297832,0.0023237530747178526,1.7781143998249633,0.00084008230029628255,0,0.00035610946322728857,0,0,0,0,0,-40.499971611340321,11.886238086958938,0.84626937835953597,0.13909189642598929,0,4.6507817032461606e-16,-41.015664688834192,12.041191409601788,0.57167857311808457,0.18598643804567241,0.00028951053969430431,4.6507817032461606e-16,-41.019938002392919,12.041191409601788,0.57167857311808457,0.18598643804567241,0.00028951053969430431,0.81176762096966371,1.4861708282267123,1.4300298278092394,0.81176762096966371,0.81176762096966371,0.81176762096966371
1784954491.2284787,6,1,0.9943295527042042,0.81176762096966371,0.10634256259399259,2,0,1,1,-0.85283968569157276,0.98669896896810461,-1.1747193548525519,0.0023237530747178526,1.7781139252021947,0.00084008230029628255,-0.00035610946322728857,0,0,0,-0.00035610946322728857,0,0,-41.575192096597142,12.424773145915006,0.4616014791052015,0.17070369106825958,-0.063223589284540582,7.0623624952357377e-16,-41.015656352798452,12.04119179512961,0.57167857302438885,0.18598665689311011,0.0002895108803661703,0.0042733135587281687,-41.015656352798452,12.04119179512961,0.57167857302438885,0.18687693055117832,0.0002895108803661703,0.81176762096966371,1.4861708282267123,1.4300298278092394,0.81176762096966371,0.81176762096966371,0.81176762096966371
1784954491.2494469,6,1,0.9943295527042042,0.81176762096966371,0.10634256259399259,2,0,1,1,-0.85283968569157276,0.98669896896810461,-1.1747188802297832,0.0023237530747178526,1.7781139252021947,0.00084008230029628255,0,0,-0.00035610946322728857,-0.00035610946322728857,-0.00035610946322728857,0,0,-40.499971611340321,12.155505616436972,0.75010240354595237,0.17070369106825958,-0.063223589284540582,6.2126936635195204e-16,-41.015659889055783,12.041195197802692,0.57167875494190756,0.18598643804522585,0.00028951053971516951,6.2126936635195204e-16,-41.015659889055783,12.044044073508511,0.5731031927948167,0.18687671170329406,0.00028951053971516951,0.81176762096966371,1.4861708282267123,1.4300298278092394,0.81176762096966371,0.81176762096966371,0.81176762096966371
1784954491.2694468,6,1,0.9943295527042042,0.81176762096966371,0.10634256259399259,2,0,1,1,-0.85283968569157276,0.98669944359087314,-1.1747188802297832,0.0023237530747178526,1.7781139252021947,0.00084055692306481144,0,0,0,-0.00035610946322728857,-0.00035610946322728857,0,0,-40.499971611340321,12.328606171101423,0.55776845391878516,0.069545948212994646,-0.063223589284540582,2.3841404073186381e-16,-41.015665088873654,12.04119179452951,0.57167857303748038,0.18598665655243862,0.00028951088590819504,2.3841404073186381e-16,-41.015665088873654,12.04119179452951,0.57310301089038951,0.18687693021050683,0.00028951088590819504,0.81176762096966371,1.4861708282267123,1.4300298278092394,0.81176762096966371,0.81176762096966371,0.81176762096966371
1784954491.2894468,6,1,0.9943295527042042,0.81176762096966371,0.10634256259399259,2,0,1,1,-0.85283921106880423,0.98669944359087314,-1.1747198294753203,0.0023237530747178526,1.7781139252021947,0.00084008230029628255,0.00035610946322728857,-0.00035610946322728857,0,0,-0.00035610946322728857,0,-0.43805279028981664,-40.818555458823823,12.155505616436972,0.55776845391878516,0.24024963928125423,-0.031611794642270291,4.3978328463477497e-16,-41.015658016974037,12.041184989775177,0.57167820918802725,0.18598709458875334,0.00028951156166804459,-0.0042733135587270229,-41.01138470341531,12.041184989775177,0.57167820918802725,0.18687736824682155,0.00028951156166804459,0.81176762096966371,1.4861708282267123,1.4300298278092394,0.81176762096966371,0.81176762096966371,0.81176762096966371
1784954491.3094468,6,1,0.9943295527042042,0.81176762096966371,0.10634256259399259,2,0,1,1,-0.85283968569157276,0.98669991821364167,-1.1747203040980889,0.0023237530747178526,1.7781143998249633,0.00084055692306481144,0,0,-0.00035610946322728857,0,0,0.00035610946322728857,-0.27876086654806514,-42.371651715305902,12.155505616436972,0.38466789925433453,0.20863784463898394,-0.031611794642270291,8.3622233520381013e-17,-41.015659279845408,12.041177798282085,0.57167784545981326,0.18598731309628669,0.0002895119078399639,8.3622233520381013e-17,-41.015659279845408,12.044026673987904,0.57167784545981326,0.18598731309628669,-0.00060076175022825756,0.81176762096966371,1.4861708282267123,1.4300298278092394,0.81176762096966371,0.81176762096966371,0.81176762096966371
1784954491.3294468,6,1,0.9943295527042042,0.81176762096966371,0.10634256259399259,2,0,1,1,-0.85283873644603569,0.98669991821364167,-1.1747207787208573,0.0023237530747178526,1.7781143998249633,0.00084008230029628255,0,0,0,0,0,0,0,-40.340679687598573,11.886238086958938,0.75010240354595237,0.20863784463898394,-0.063223589284540582,-1.0956235230051757e-16,-41.015655744197488,12.041174396195391,0.5716776635276215,0.18598753228467504,0.00028951224294872441,-1.0956235230051757e-16,-41.015655744197488,12.041174396195391,0.5716776635276215,0.18598753228467504,0.00028951224294872441,0.81176762096966371,1.4861708282267123,1.4300298278092394,0.81176762096966371,0.81176762096966371,0.81176762096966371
# event,1784954491.6314092,READY,已恢复当前位置保持；零力拖拽关闭
1784954491.5094469,6,1,0.9943295527042042,0.81176762096966371,0.10634256259399259,2,0,1,1,-0.85283873644603569,0.98670276595025286,-1.174754476937423,0.0023237530747178526,1.7781148744477318,0.00084055692306481144,0,0,-0.00071221892645457715,0,0,0.00035610946322728857,0.15929192374175152,-41.575192096597142,12.059338641623388,0.75010240354595237,0.17070369106825958,0.069545948212994646,5.4424608469372804e-16,-41.015435461425852,12.040911994912738,0.57166365554540777,0.18600416424832852,0.00028953813773616426,5.4424608469372804e-16,-41.015435461425852,12.046609746324375,0.57166365554540777,0.18600416424832852,-0.0006007355203320572,0.81176762096966371,1.4861708282267123,1.4300298278092394,0.81176762096966371,0.81176762096966371,0.81176762096966371
1784954491.5294468,6,1,0.9943295527042042,0.81176762096966371,0.10634256259399259,2,0,1,1,-0.85283873644603569,0.98670418981855845,-1.1747658678838677,0.0023242276974863815,1.7781148744477318,0.00084008230029628255,0.00035610946322728857,0,-0.00035610946322728857,0,0,0,-0.43805279028981664,-40.340679687598573,12.155505616436972,0.75010240354595237,0.17070369106825958,0.037934153570724355,3.4596470883736816e-16,-41.015366518686541,12.040820436694007,0.57165855113349351,0.18601007347017146,0.0002895473436342457,-0.0042733135587271166,-41.015366518686541,12.043669312399826,0.57165855113349351,0.18601007347017146,0.0002895473436342457,0.81176762096966371,1.4861708282267123,1.4300298278092394,0.81176762096966371,0.81176762096966371,0.81176762096966371
1784954491.5494468,6,1,0.9943295527042042,0.81176762096966371,0.10634256259399259,2,0,1,1,-0.85283873644603569,0.98670513906409552,-1.174778682698618,0.0023242276974863815,1.7781148744477318,0.00084008230029628255,0,0,-0.00071221892645457715,0.00035610946322728857,0,0,-0.27876086654806514,-41.25660824911364,12.251672591250555,0.84626937835953597,0.13909189642598929,-0.13276953749753523,-6.8358031112465203e-18,-41.015281430187102,12.040721749273292,0.57165327506226304,0.18601641991057327,0.00028955722228252005,-6.8358031112465203e-18,-41.015281430187102,12.046419500684928,0.57022883720935391,0.18601641991057327,0.00028955722228252005,0.81176762096966371,1.4861708282267123,1.4300298278092394,0.81176762096966371,0.81176762096966371,0.81176762096966371
1784954491.5694468,6,1,0.9943295527042042,0.81176762096966371,0.10634256259399259,2,0,1,1,-0.85283873644603569,0.98670656293240111,-1.1747924467589053,0.0023242276974863815,1.7781148744477318,0.00084055692306481144,0,0,-0.00035610946322728857,0,0,0,0.15929192374175152,-42.053067867822399,12.424773145915006,0.28850092444075093,0.107480101783719,0.069545948212994646,1.2068906060678056e-16,-41.015194465011383,12.040612849518766,0.57164745307816123,0.1860234224977344,0.00028956812833940424,1.2068906060678056e-16,-41.015194465011383,12.043461725224585,0.57164745307816123,0.1860234224977344,0.00028956812833940424,0.81176762096966371,1.4861708282267123,1.4300298278092394,0.81176762096966371,0.81176762096966371,0.81176762096966371
1784954491.5764468,0,0,0.9943295527042042,0.81176762096966371,0.10634256259399259,2,0,1,0,-0.85283873644603569,0.98670846142347524,-1.1747971929865906,0.0023242276974863815,1.7781148744477318,0.00084008230029628255,0,0.00071221892645457715,-0.0010683283896818657,0,0,0,0.31858384748350305,-39.225636221406312,11.790071112145354,0.38466789925433453,0.24024963928125423,0.037934153570724355,6.2808816441615769e-16,-41.015179897275409,12.04056520585122,0.57164490589596462,0.18602648660582535,0.00028957289175028514,0,0,0,0,0,0,0.81176762096966371,1.4861708282267123,1.4300298278092394,0.81176762096966371,0.81176762096966371,0.81176762096966371
# event,1784954491.7348928,READY,位置控制在线；按下 FREE 即进入零力拖拽，松开退出
# event,1784954494.8360064,ENTERING,实体 FREE (DI bit 5) 请求切换到零力拖拽
