# source,实体 FREE (DI bit 5)
stamp,status,handoff_progress,model_alignment,model_scale_estimate,model_normalized_residual,model_excited_joints,model_direction_mismatches,model_validation_passed,settling,position_elfin_joint1,position_elfin_joint2,position_elfin_joint3,position_elfin_joint4,position_elfin_joint5,position_elfin_joint6,velocity_elfin_joint1,velocity_elfin_joint2,velocity_elfin_joint3,velocity_elfin_joint4,velocity_elfin_joint5,velocity_elfin_joint6,measured_effort_elfin_joint1,measured_effort_elfin_joint2,measured_effort_elfin_joint3,measured_effort_elfin_joint4,measured_effort_elfin_joint5,measured_effort_elfin_joint6,gravity_effort_elfin_joint1,gravity_effort_elfin_joint2,gravity_effort_elfin_joint3,gravity_effort_elfin_joint4,gravity_effort_elfin_joint5,gravity_effort_elfin_joint6,commanded_effort_elfin_joint1,commanded_effort_elfin_joint2,commanded_effort_elfin_joint3,commanded_effort_elfin_joint4,commanded_effort_elfin_joint5,commanded_effort_elfin_joint6,effective_scale_elfin_joint1,effective_scale_elfin_joint2,effective_scale_elfin_joint3,effective_scale_elfin_joint4,effective_scale_elfin_joint5,effective_scale_elfin_joint6
# event,1785154643.2005959,ACTIVE,零力拖拽 ACTIVE；末端灯环应由固件进入蓝色零力示教状态
1785154643.1454144,1,0,0.99791500507113695,1.0491292523760971,0.064541789980388176,3,0,1,0,0.39433890336399174,-1.1588199667295997,-2.470383507449962,-0.31531800938606597,-0.8909504701361437,0.55282731134502916,0,-0.00035610946322728857,0.00035610946322728857,0,0,0,-1.2345124089985742,9.4778694626342155,32.119769587736933,-0.36543450429161783,7.2517456909368052,-0.031611794642270291,-8.482498171785425e-16,11.007229790201428,29.875997185098811,-0.7510126138137927,6.966462749770244,0.47316301491399199,-1.2345124089985742,9.4778694626342155,32.119769587736933,-0.36543450429161783,7.2517456909368052,-0.031611794642270291,1,1.8307835762794629,1.7616246212198707,1,1,1
1785154643.1654143,1,0.0046719999999999999,0.99791500507113695,1.0491292523760971,0.064541789980388176,3,0,1,0,0.39433653025014914,-1.1588209159751368,-2.4703839820727307,-0.31531990787714009,-0.89094904626783811,0.55282683672226063,0,0,0,0,0,-0.00035610946322728857,-0.59734471403156819,9.6371613863759666,31.56200113381815,-0.44236808414248474,7.2201338962945352,-0.10115774285526494,1.4714586308781814e-16,11.007242693404258,29.876001809666505,-0.75101913948002852,6.9664657493192124,0.4731659411194255,-1.2287447670237328,9.485014694368374,32.109286704677785,-0.36723595570721806,7.2504128630495677,-0.029189373357410738,1,1.8307835762794629,1.7616246212198707,1,1,1
1785154643.1854143,1,0.018176000000000001,0.99791500507113695,1.0491292523760971,0.064541789980388176,3,0,1,0,0.39433653025014914,-1.1588209159751368,-2.4703844566954993,-0.31531990787714009,-0.89094904626783811,0.55282683672226063,0,0,0,0,0,0,-0.75663663777331969,9.3185775388924625,32.119769587736933,-0.53853505895606835,7.3212916391498002,-0.10115774285526494,-1.0063403503898283e-15,11.007241739174308,29.876002699023413,-0.75101923399428283,6.9664640097157138,0.47316597286913314,-1.212073911452616,9.5056673331326085,32.078986880767673,-0.37244289233869349,7.2465604110989306,-0.022436953939983021,1,1.8307835762794629,1.7616246212198707,1,1,1
1785154643.2054143,1,0.039744000000000008,0.99791500507113695,1.0491292523760971,0.064541789980388176,3,0,1,0,0.39433653025014914,-1.1588209159751368,-2.4703844566954993,-0.31532038249990862,-0.89094809702230104,0.55282683672226063,0,0,0,-0.00035610946322728857,0,0.00035610946322728857,-1.2345124089985742,8.3628259964419538,32.292870142401384,-0.076933579850866907,7.1189761534392701,0,-8.2718908847456153e-16,11.007237999028135,29.876006409577059,-0.75101995502541752,6.9664663076194406,0.47316661072517063,-1.1854479478153348,9.5386526857446547,32.030593463984147,-0.38063457413345242,7.2404075471262397,-0.01161398140272763,1,1.8307835762794629,1.7616246212198707,1,1,1
1785154643.2254143,1,0.068608000000000002,0.99791500507113695,1.0491292523760971,0.064541789980388176,3,0,1,0,0.39433653025014914,-1.1588213905979052,-2.4703839820727307,-0.31532038249990862,-0.89094809702230104,0.55282683672226063,0,-0.00035610946322728857,0,0,0.00035610946322728857,0.00035610946322728857,-1.2345124089985742,9.4778694626342155,31.831268663296186,-0.53853505895606835,7.3212916391498002,-0.031611794642270291,-1.4814048907715285e-15,11.007248668069199,29.876004630849735,-0.75101976600403186,6.9664697868159697,0.47316654722727047,-1.149814981642,9.5832244425165722,31.965829361574816,-0.39188873792718315,7.2321093820035021,0.0029559381333342468,1,1.8307835762794629,1.7616246212198707,1,1,1
1785154643.2454143,1,0.10400000000000002,0.99791500507113695,1.0491292523760971,0.064541789980388176,3,0,1,0,0.39433653025014914,-1.1588213905979052,-2.470383507449962,-0.31532085712267716,-0.89094857164506958,0.5528263620994921,0.00035610946322728857,0,0.00035610946322728857,0,0,0,-1.0752204852568228,9.955745233859469,31.658168108631735,-0.73086900858323567,7.4224493820050652,0,-2.0691161834720901e-17,11.00725150258322,29.876001867685808,-0.75102239429029793,6.9664690576531649,0.47316759811833481,-1.1065504498185952,9.6369251947889119,31.886132857281034,-0.40553564485148058,7.2220769210753062,0.020885262204832652,1,1.8307835762794629,1.7616246212198707,1,1,1
1785154643.2654142,1,0.14515200000000003,0.99791500507113695,1.0491292523760971,0.064541789980388176,3,0,1,0,0.39433653025014914,-1.1588213905979052,-2.4703844566954993,-0.31532085712267716,-0.89094857164506958,0.55282683672226063,0,0.00035610946322728857,-0.00035610946322728857,0.00035610946322728857,0,0,-0.75663663777331969,9.6371613863759666,31.831268663296186,-0.17310055466445054,7.2517456909368052,0.069545948212994646,4.7894165842546878e-16,11.007249625664787,29.87600361484068,-0.75102318291747128,6.9664655975829541,0.47316715944534998,-1.055320463807613,9.6994347207025555,31.79436735680968,-0.4215281104836473,7.2103367148263073,0.041657880101455991,1,1.8307835762794629,1.7616246212198707,1,1,1
1785154643.2854145,1,0.19129600000000002,0.99791500507113695,1.0491292523760971,0.064541789980388176,3,0,1,0,0.39433653025014914,-1.1588213905979052,-2.4703854059410362,-0.31532133174544569,-0.89094904626783811,0.55282683672226063,0,0,0.00035610946322728857,0.00035610946322728857,-0.00035610946322728857,0,-0.75663663777331969,10.11503715760122,31.56200113381815,-0.63470203376965206,7.0178184105840051,0.069545948212994646,9.0973359729629702e-16,11.007249629049621,29.876003488169715,-0.75102669434858349,6.9664596687374045,0.47316780341316633,-0.99835512320678277,9.7704337709488165,31.69026122038354,-0.43932138619288469,7.1972357157375297,0.064950523347342512,1,1.8307835762794629,1.7616246212198707,1,1,1
1785154643.3054144,1,0.24166399999999999,0.99791500507113695,1.0491292523760971,0.064541789980388176,3,0,1,0,0.39433700487291767,-1.1588209159751368,-2.4703863551865735,-0.31532133174544569,-0.89094857164506958,0.55282683672226063,0,0.00035610946322728857,0,0,-0.00035610946322728857,0,-1.3938043327403258,10.274329081342973,31.56200113381815,-0.53853505895606835,7.1189761534392701,0,3.0072732767188362e-17,11.007236121851761,29.876008028165014,-0.75102611075919745,6.9664560324339257,0.47316791778947181,-0.93617520219034278,9.8470349956114909,31.577533194204545,-0.458618114276999,7.1828655506077457,0.090375289782834239,1,1.8307835762794629,1.7616246212198707,1,1,1
1785154643.3254144,1,0.29548800000000003,0.99791500507113695,1.0491292523760971,0.064541789980388176,3,0,1,0,0.39433747949568621,-1.1588204413523682,-2.4703863551865735,-0.31532133174544569,-0.89094762239953251,0.55282731134502916,0,0,0,0,0,0,-0.27876086654806514,9.7964533101177178,31.56200113381815,-0.63470203376965206,7.2896798445075293,0.20863784463898394,-4.8678583727515495e-16,11.007222670639777,29.876012629875852,-0.75102507061049462,6.9664574769932024,0.47316748562370764,-0.86972880628840366,9.9297749833613622,31.456766331772478,-0.47937188955205012,7.1674464471750383,0.11754442532496301,1,1.8307835762794629,1.7616246212198707,1,1,1
1785154643.3454144,1,0.35200000000000009,0.99791500507113695,1.0491292523760971,0.064541789980388176,3,0,1,0,0.39433747949568621,-1.1588204413523682,-2.4703863551865735,-0.31532228099098275,-0.89094714777676398,0.55282683672226063,0.00035610946322728857,0,0,0,0.00035610946322728857,0,0,10.592912928826475,31.388900579153699,-0.36543450429161783,7.0178184105840051,0.13909189642598929,2.6602481250161737e-16,11.007220810763197,29.876014466636775,-0.75102851443236163,6.9664573061232931,0.47316920612001617,-0.80039137238694857,10.016201137175617,31.329967785109677,-0.50116359586115966,7.1512600797790684,0.1460711176260546,1,1.8307835762794629,1.7616246212198707,1,1,1
1785154643.3654144,1,0.41043200000000002,0.99791500507113695,1.0491292523760971,0.064541789980388176,3,0,1,0,0.39433747949568621,-1.1588209159751368,-2.4703858805638048,-0.31532370485928829,-0.89094762239953251,0.55282731134502916,0,0,0,-0.00035610946322728857,-0.00035610946322728857,0,-0.75663663777331969,9.955745233859469,31.388900579153699,-0.44236808414248474,7.0494302052262752,0.17070369106825958,5.1971079099234436e-17,11.007233478847876,29.876010684201248,-0.75103715795780679,6.9664566205531893,0.47317042011284893,-0.72782901194847138,10.10556939453682,31.198859133440976,-0.52357353432900966,7.1347180269044976,0.17556697932410281,1,1.8307835762794629,1.7616246212198707,1,1,1
1785154643.3854144,1,0.4700160000000001,0.99791500507113695,1.0491292523760971,0.064541789980388176,3,0,1,0,0.39433747949568621,-1.1588204413523682,-2.4703863551865735,-0.31532370485928829,-0.89094714777676398,0.55282731134502916,0,-0.00035610946322728857,0,-0.00035610946322728857,0,-0.00035610946322728857,-1.2345124089985742,9.6371613863759666,30.831132125234916,-0.53853505895606835,7.2896798445075293,0.27186143392352452,-5.4018340809420594e-16,11.007220925862857,29.876014334847284,-0.75103647984832567,6.9664547238572894,0.47317050274021344,-0.65427182457070043,10.197116451330961,31.065168718794752,-0.54654896412275,7.1176543717539591,0.20570806134763614,1,1.8307835762794629,1.7616246212198707,1,1,1
1785154643.4054143,1,0.52998400000000001,0.99791500507113695,1.0491292523760971,0.064541789980388176,3,0,1,0,0.39433747949568621,-1.1588204413523682,-2.4703868298093417,-0.31532417948205682,-0.89094762239953251,0.55282778596779769,0,0,0,0,0,0.00035610946322728857,-0.11946894280631364,9.6371613863759666,30.831132125234916,-0.82703598339681927,7.0178184105840051,0.17070369106825958,-1.0012015482890038e-15,11.00722191507985,29.876013287201111,-0.75104049636851189,6.9664505537287926,0.47317061278690464,-0.58024058442787441,10.288401792791163,30.930614648553757,-0.56979951039649845,7.1005438329387536,0.23585070507329264,1,1.8307835762794629,1.7616246212198707,1,1,1
1785154643.4254143,1,0.58956800000000009,0.99791500507113695,1.0491292523760971,0.064541789980388176,3,0,1,0,0.39433795411845468,-1.1588199667295997,-2.4703873044321103,-0.31532370485928829,-0.89094619853122692,0.55282778596779769,-0.00035610946322728857,0,-0.00035610946322728857,0.00035610946322728857,0.00035610946322728857,0,-0.59734471403156819,10.274329081342973,30.638798175607747,-0.53853505895606835,7.2896798445075293,0.34140738213651917,-3.7199978539776218e-16,11.007205566272241,29.876020715183806,-0.75103562871527485,6.9664526891965091,0.47317013407438036,-0.50625606569423021,10.379517090583878,30.797211940014112,-0.59289722632795405,7.0834819667834017,0.26599147750734797,1,1.8307835762794629,1.7616246212198707,1,1,1
1785154643.4454143,1,0.64800000000000013,0.99791500507113695,1.0491292523760971,0.064541789980388176,3,0,1,0,0.39433795411845468,-1.1588194921068311,-2.4703892029231844,-0.31532417948205682,-0.89094619853122692,0.55282826059056622,-0.00035610946322728857,0,-0.00035610946322728857,0.00035610946322728857,0,-0.00035610946322728857,-0.59734471403156819,10.433621005084724,30.831132125234916,-0.44236808414248474,6.9482724623710101,0.34140738213651917,-1.1200211268262806e-15,11.007192094265093,29.876025096664101,-0.75103915614976757,6.9664431431327305,0.47317039024767582,-0.43412103661162588,10.468870527931024,30.666108045092319,-0.61543095700782835,7.0668696399597648,0.29555116086979577,1,1.8307835762794629,1.7616246212198707,1,1,1
1785154643.4654143,1,0.70451200000000003,0.99791500507113695,1.0491292523760971,0.064541789980388176,3,0,1,0,0.39433890336399174,-1.158818542861294,-2.4703967968874809,-0.31532417948205682,-0.89094619853122692,0.55282873521333475,0,0,-0.00071221892645457715,0,0,0.00035610946322728857,0.31858384748350305,10.752204852568227,30.56186459575688,-0.44236808414248474,7.1505879480815402,0.34140738213651917,-1.038281133704873e-15,11.007157431083963,29.876041070958191,-0.75104145696449076,6.9664118489263229,0.47317045955201192,-0.36478360271017141,10.555271187862683,30.539605698065269,-0.63709922973308886,7.0507245752343159,0.32394926112127104,1,1.8307835762794629,1.7616246212198707,1,1,1
1785154643.4854143,1,0.75833600000000012,0.99791500507113695,1.0491292523760971,0.064541789980388176,3,0,1,0,0.39433890336399174,-1.158818542861294,-2.4704020177379347,-0.31532417948205682,-0.89094667315399545,0.55282873521333475,0,0,-0.00035610946322728857,0,0,-0.00035610946322728857,0.63716769496700609,11.070788700051731,30.56186459575688,-0.73086900858323567,6.9166606677287401,0.34140738213651917,-7.3322697909000372e-16,11.00714882131491,29.876048979206868,-0.75104336371860547,6.9663911301748049,0.47317078964304454,-0.29833720680823184,10.637577054378699,30.418560363917258,-0.6578555843140419,7.0353510547467932,0.35124711089769917,1,1.8307835762794629,1.7616246212198707,1,1,1
1785154643.5054142,1,0.80870400000000009,0.99791500507113695,1.0491292523760971,0.064541789980388176,3,0,1,0,0.39433890336399174,-1.158818542861294,-2.4704020177379347,-0.31532417948205682,-0.89094667315399545,0.55282968445887182,0,0,0,0,0,0.00035610946322728857,-0.43805279028981664,10.592912928826475,30.177196696502545,-0.36543450429161783,7.0873643587970001,0.30979558749424885,-6.5465177819111598e-16,11.007148884440129,29.876048916047626,-0.75104456291901867,6.9663911684324811,0.47316978531240722,-0.23615728579179163,10.714603848166345,30.305263705659105,-0.67727890114383138,7.0209783471694678,0.37654298849001638,1,1.8307835762794629,1.7616246212198707,1,1,1
1785154643.5254142,1,0.85484799999999994,0.99791500507113695,1.0491292523760971,0.064541789980388176,3,0,1,0,0.39433985260952881,-1.158818542861294,-2.4704043908517774,-0.31532370485928829,-0.89094619853122692,0.55282968445887182,0.00035610946322728857,-0.00035610946322728857,0,0.00035610946322728857,0,0.00035610946322728857,-0.27876086654806514,10.433621005084724,30.27336367131613,-0.82703598339681927,7.0873643587970001,0.27186143392352452,-8.6224983656713548e-16,11.007142202894183,29.876055266803931,-0.75104171304322354,6.9663849198164725,0.47316936357436351,-0.17961927654683457,10.785592537455841,30.201734887915997,-0.69519469379063992,7.0078056064661309,0.3998352691935218,1,1.8307835762794629,1.7616246212198707,1,1,1
1785154643.5454144,1,0.89600000000000013,0.99791500507113695,1.0491292523760971,0.064541789980388176,3,0,1,0,0.39433985260952881,-1.1588171189929886,-2.470407713211157,-0.31532417948205682,-0.89094762239953251,0.55282968445887182,0,0,0,0,0,0,-0.11946894280631364,11.230080623793482,30.100263116651679,-0.44236808414248474,7.0178184105840051,0.41095333034951381,-7.817186303877599e-16,11.00711206231804,29.876058507327897,-0.75104771480499488,6.9663619081236376,0.47317022324300639,-0.12838929053585235,10.848070831950922,30.109404459690438,-0.71094394091160373,6.996041821536207,0.42067289338293767,1,1.8307835762794629,1.7616246212198707,1,1,1
1785154643.5654144,1,0.931392,0.99791500507113695,1.0491292523760971,0.064541789980388176,3,0,1,0,0.39433985260952881,-1.1588166443702199,-2.470407713211157,-0.31532417948205682,-0.89094619853122692,0.55282968445887182,0,0.00035610946322728857,0.00035610946322728857,0.00035610946322728857,0,0,0.47787577122525454,11.230080623793482,30.004096141838094,-0.73086900858323567,6.8787265141580161,0.41095333034951381,-1.4020058557351604e-15,11.007096695573694,29.876065012501904,-0.75104520788229467,6.9663649162310097,0.47317031237319906,-0.084697427356575483,10.901752142220309,30.029716208429047,-0.72471386704247498,6.9859443204220248,0.43853822157508171,1,1.8307835762794629,1.7616246212198707,1,1,1
1785154643.5854144,1,0.960256,0.99791500507113695,1.0491292523760971,0.064541789980388176,3,0,1,0,0.39433985260952881,-1.1588171189929886,-2.470407713211157,-0.31532465410482535,-0.89094572390845839,0.55283015908164035,0,0,0,0,0,0.00035610946322728857,0.47787577122525454,11.070788700051731,30.004096141838094,-0.82703598339681927,7.0494302052262752,0.48049927856250846,-4.9364338415146882e-16,11.007104585389545,29.876065930610995,-0.75104730112669815,6.9663673904942165,0.47317039719688281,-0.049064461183239816,10.946326664670757,29.965239688759809,-0.73572150612928477,6.9777094656670071,0.4530442340610466,1,1.8307835762794629,1.7616246212198707,1,1,1
1785154643.6054144,1,0.98182400000000003,0.99791500507113695,1.0491292523760971,0.064541789980388176,3,0,1,0,0.39434032723229734,-1.1588171189929886,-2.4704100863249998,-0.31532465410482535,-0.89094714777676398,0.55283015908164035,0,0,0,0,0,0,-0.11946894280631364,10.592912928826475,29.907929167024513,-0.82703598339681927,6.9862066159417351,0.48049927856250846,-1.6658943839070281e-16,11.007105468528053,29.876064759208944,-0.75105037509024986,6.9663539442487021,0.4731704985380496,-0.022438497545958169,10.979310074884927,29.91684633817227,-0.74404142102261395,6.9715412246365052,0.46399557557720406,1,1.8307835762794629,1.7616246212198707,1,1,1
1785154643.6254144,1,0.9953280000000001,0.99791500507113695,1.0491292523760971,0.064541789980388176,3,0,1,0,0.39434032723229734,-1.1588166443702199,-2.4704124594388426,-0.31532512872759388,-0.89094667315399545,0.55283015908164035,0,0,0,-0.00035610946322728857,0,0.00035610946322728857,0.47787577122525454,11.82742533782505,30.27336367131613,-0.53853505895606835,7.0873643587970001,0.51211107320477878,-6.6347033063832726e-16,11.007089128913693,29.87607193142016,-0.75105253026742469,6.9663442215167102,0.47317130773634314,-0.0057676419748418084,10.999944614632835,29.886554486870473,-0.74912628453793628,6.9676776171818409,0.47074886137864952,1,1.8307835762794629,1.7616246212198707,1,1,1
1785154643.6454144,1,1,0.99791500507113695,1.0491292523760971,0.064541789980388176,3,0,1,0,0.39434080185506587,-1.1588161697474515,-2.4704129340616108,-0.31532465410482535,-0.89094572390845839,0.55282968445887182,-0.00035610946322728857,0,0,-0.00035610946322728857,0,0,0.15929192374175152,10.592912928826475,30.100263116651679,-0.73086900858323567,7.3529034337920702,0.51211107320477878,-4.6524917438431808e-17,11.007074633126081,29.876077518359523,-0.75104793009109316,6.9663447553538074,0.47317131203938823,0.00042733135587274629,11.007074633126081,29.876077518359523,-0.75092329177896366,6.9663447553538074,0.47317131203938823,1,1.8307835762794629,1.7616246212198707,1,1,1
1785154643.6654143,1,1,0.99791500507113695,1.0491292523760971,0.064541789980388176,3,0,1,0,0.3943412764778344,-1.1588152205019144,-2.470416731043759,-0.31532465410482535,-0.89094714777676398,0.55282968445887182,0,-0.00035610946322728857,0,0,0,0,0.31858384748350305,11.230080623793482,29.811762192210928,-0.53853505895606835,6.9166606677287401,0.48049927856250846,-2.1951053042740303e-16,11.007053226942201,29.87608079063407,-0.75105147655339433,6.9663226103461051,0.47317157208466809,-2.2204460492503131e-16,11.007480558298074,29.87608079063407,-0.75105147655339433,6.9663226103461051,0.47317157208466809,1,1.8307835762794629,1.7616246212198707,1,1,1
1785154643.6854143,1,1,0.99791500507113695,1.0491292523760971,0.064541789980388176,3,0,1,0,0.3943412764778344,-1.1588152205019144,-2.4704157817982222,-0.31532465410482535,-0.89094667315399545,0.55282968445887182,0.00035610946322728857,0,0.00035610946322728857,0,0,0,0.63716769496700609,10.274329081342973,29.715595217397343,-1.0963035128748535,6.8155029248734751,0.48049927856250846,-9.9889713418093227e-16,11.007053250196126,29.876080885082729,-0.75105042040127012,6.966327672422155,0.47317152772746063,-0.00042733135587363447,11.007053250196126,29.875795997512146,-0.75105042040127012,6.966327672422155,0.47317152772746063,1,1.8307835762794629,1.7616246212198707,1,1,1
1785154643.7054143,1,1,0.99791500507113695,1.0491292523760971,0.064541789980388176,3,0,1,0,0.3943412764778344,-1.1588156951246829,-2.4704162564209904,-0.31532465410482535,-0.89094714777676398,0.55283015908164035,0,0,0,0,0,0,-0.27876086654806514,8.9999936914089602,29.907929167024513,-0.90396956324768618,6.9166606677287401,0.51211107320477878,-4.675945435572967e-16,11.007063926555968,29.876078981405527,-0.75105188715597904,6.9663261089181105,0.47317100644170818,-4.4408920985006262e-16,11.007063926555968,29.876078981405527,-0.75105188715597904,6.9663261089181105,0.47317100644170818,1,1.8307835762794629,1.7616246212198707,1,1,1
1785154643.7254143,1,1,0.99791500507113695,1.0491292523760971,0.064541789980388176,3,0,1,0,0.3943412764778344,-1.1588156951246829,-2.4704205280259073,-0.31532465410482535,-0.8909504701361437,0.55283015908164035,0,0,-0.00035610946322728857,0,0,0,0,10.592912928826475,29.715595217397343,-0.73086900858323567,7.0494302052262752,0.34140738213651917,-1.2169075758013611e-15,11.007068532580725,29.876073875769762,-0.75105880769347266,6.9662993728045235,0.47317115822466976,-1.1102230246251565e-15,11.007068532580725,29.876358763340345,-0.75105880769347266,6.9662993728045235,0.47317115822466982,1,1.8307835762794629,1.7616246212198707,1,1,1
1785154643.7454143,1,1,0.99791500507113695,1.0491292523760971,0.064541789980388176,3,0,1,0,0.3943412764778344,-1.1588152205019144,-2.4704238503852869,-0.31532417948205682,-0.89095141938168076,0.55283063370440888,0,0,0,0,0,0.00035610946322728857,0.47787577122525454,11.508841490341547,29.542494662732896,-0.90396956324768618,6.9862066159417351,0.51211107320477878,-3.8260367951199721e-16,11.007055915202812,29.876077243175466,-0.75105944228753763,6.9662831757122632,0.47317027214198748,-4.4408920985006262e-16,11.007055915202812,29.876077243175466,-0.75105944228753763,6.9662831757122632,0.47310617243860659,1,1.8307835762794629,1.7616246212198707,1,1,1
1785154643.7654142,1,1,0.99791500507113695,1.0491292523760971,0.064541789980388176,3,0,1,0,0.3943412764778344,-1.1588156951246829,-2.4704243250080555,-0.31532417948205682,-0.8909504701361437,0.55283063370440888,0,0,0,0,0.00035610946322728857,0,0.63716769496700609,10.433621005084724,30.27336367131613,-0.82703598339681927,7.0494302052262752,0.51211107320477878,-7.2252762137115933e-16,11.007060907561126,29.876080987462458,-0.75105770801132044,6.966286341052963,0.47317031040206431,-6.6613381477509392e-16,11.007060907561126,29.876080987462458,-0.75105770801132044,6.9662222413495822,0.47317031040206436,1,1.8307835762794629,1.7616246212198707,1,1,1
1785154643.7854145,1,1,0.99791500507113695,1.0491292523760971,0.064541789980388176,3,0,1,0,0.3943412764778344,-1.1588156951246829,-2.4704276473674351,-0.31532370485928829,-0.89095236862721783,0.55283063370440888,0,0,-0.00035610946322728857,0,-0.00035610946322728857,0,0.79645961870875759,9.7964533101177178,29.907929167024513,-0.53853505895606835,6.9166606677287401,0.48049927856250846,-6.4319464687197487e-16,11.007061741639752,29.876079753013482,-0.75105938277322759,6.966268699103388,0.47316985646922288,-6.6613381477509392e-16,11.007061741639752,29.876364640584065,-0.75105938277322759,6.9663327988067687,0.47316985646922294,1,1.8307835762794629,1.7616246212198707,1,1,1
1785154643.8084214,1,1,0.99791500507113695,1.0491292523760971,0.064541789980388176,3,0,1,0,0.3943412764778344,-1.1588156951246829,-2.4704304951040466,-0.31532370485928829,-0.89095331787275489,0.55283063370440888,0,0,0,0,0.00035610946322728857,-0.00035610946322728857,0,10.911496776309978,29.811762192210928,-0.82703598339681927,6.8471147195157451,0.41095333034951381,-9.3811992493370291e-16,11.007059789091084,29.876081340462278,-0.75106168405582752,6.9662550950176723,0.47317000865342634,-8.8817841970012523e-16,11.007059789091084,29.876081340462278,-0.75106168405582752,6.9661909953142915,0.47323410835680729,1,1.8307835762794629,1.7616246212198707,1,1,1
1785154643.8284214,1,1,0.99791500507113695,1.0491292523760971,0.064541789980388176,3,0,1,0,0.3943412764778344,-1.1588156951246829,-2.4704314443495834,-0.31532370485928829,-0.89095379249552342,0.55283110832717741,0,-0.00035610946322728857,0,-0.00035610946322728857,0,0,0.47787577122525454,10.433621005084724,29.907929167024513,-0.82703598339681927,7.0178184105840051,0.41095333034951381,-3.6864138964823771e-16,11.007059797928576,29.876081213915256,-0.75106333980140139,6.9662500518606727,0.47316955085375667,-4.4408920985006262e-16,11.007487129284449,29.876081213915256,-0.75093870148927189,6.9662500518606727,0.47316955085375667,1,1.8307835762794629,1.7616246212198707,1,1,1
1785154643.8484213,1,1,0.99791500507113695,1.0491292523760971,0.064541789980388176,3,0,1,0,0.3943412764778344,-1.1588152205019144,-2.4704342920861948,-0.31532275561375128,-0.89095474174106049,0.55283158294994594,0.00035610946322728857,0.00035610946322728857,-0.00035610946322728857,0.00035610946322728857,0,0,0.15929192374175152,11.668133414083298,29.811762192210928,-0.82703598339681927,6.8787265141580161,0.48049927856250846,3.8934361094620646e-17,11.007048107568327,29.876083724743708,-0.75106142452250346,6.9662364612375614,0.4731680334095657,-0.00042733135587274629,11.006620776212454,29.876368612314291,-0.75118606283463296,6.9662364612375614,0.4731680334095657,1,1.8307835762794629,1.7616246212198707,1,1,1
1785154643.8684213,1,1,0.99791500507113695,1.0491292523760971,0.064541789980388176,3,0,1,0,0.39434080185506587,-1.1588152205019144,-2.4704395129366485,-0.31532180636821422,-0.89095664023213461,0.55283205757271436,0,0,-0.00035610946322728857,0.00035610946322728857,-0.00035610946322728857,-0.00035610946322728857,-0.27876086654806514,11.349549566599794,30.177196696502545,-0.73086900858323567,7.0494302052262752,0.48049927856250846,-1.6615692611006437e-16,11.007045133428155,29.876086044667673,-0.7510616214827105,6.9662127456903011,0.47316660465721583,-2.2204460492503131e-16,11.007045133428155,29.876370932238256,-0.75118625979483999,6.9662768453936819,0.47323070436059672,1,1.8307835762794629,1.7616246212198707,1,1,1
1785154643.8884213,1,1,0.99791500507113695,1.0491292523760971,0.064541789980388176,3,0,1,0,0.39434080185506587,-1.1588152205019144,-2.4704475815237137,-0.31532085712267716,-0.8909594879687458,0.55283300681825143,0,0,-0.00071221892645457715,0,-0.00035610946322728857,0.00035610946322728857,-0.43805279028981664,10.752204852568227,30.004096141838094,-0.90396956324768618,7.1505879480815402,0.44256512499178408,5.7733702428998966e-16,11.007040241136503,29.876089917682286,-0.75106471923122475,6.9661754441879884,0.47316482591080461,6.6613381477509392e-16,11.007040241136503,29.876659692823448,-0.75106471923122475,6.9662395438913691,0.47310072620742377,1,1.8307835762794629,1.7616246212198707,1,1,1
1785154643.9084213,1,1,0.99791500507113695,1.0491292523760971,0.064541789980388176,3,0,1,0,0.39434032723229734,-1.1588147458791458,-2.4704594470929266,-0.31531990787714009,-0.89096470881919965,0.55283395606378849,0,0,-0.00071221892645457715,0.00035610946322728857,-0.00035610946322728857,0,0.15929192374175152,11.508841490341547,30.004096141838094,-0.63470203376965206,7.1189761534392701,0.48049927856250846,-3.6668962806470881e-16,11.007027434966851,29.876092420410007,-0.75107300294512536,6.9661145684482726,0.4731632371019262,-4.4408920985006262e-16,11.007027434966851,29.87666219555117,-0.75119764125725486,6.9661786681516533,0.4731632371019262,1,1.8307835762794629,1.7616246212198707,1,1,1
1785154643.9284213,1,1,0.99791500507113695,1.0491292523760971,0.064541789980388176,3,0,1,0,0.39433985260952881,-1.1588152205019144,-2.4704784320036679,-0.31531990787714009,-0.89096755655581072,0.55283443068655702,-0.00035610946322728857,0,-0.0014244378529091543,0,0,0,-0.11946894280631364,11.230080623793482,29.446327687919311,-0.73086900858323567,6.8471147195157451,0.48049927856250846,-2.3765423720182818e-16,11.00701037239218,29.876115786924132,-0.75108249033694952,6.9660372318050738,0.47316385773500208,0.00042733135587252424,11.00701037239218,29.87725533720646,-0.75108249033694952,6.9660372318050738,0.47316385773500214,1,1.8307835762794629,1.7616246212198707,1,1,1
1785154643.9484212,1,1,0.99791500507113695,1.0491292523760971,0.064541789980388176,3,0,1,0,0.39433937798676028,-1.1588161697474515,-2.4705994608096429,-0.31531895863160303,-0.89096613268750513,0.55283585455486262,-0.00035610946322728857,-0.00035610946322728857,-0.009971064970364079,0,0.00071221892645457715,0,-0.11946894280631364,11.986717261566801,29.907929167024513,-0.63470203376965206,6.8155029248734751,0.41095333034951381,1.4687294061683982e-16,11.006781465095244,29.876345791368355,-0.75110067591365381,6.9656035040765438,0.47316923385014237,0.00042733135587296833,11.007208796451117,29.884322643344646,-0.75110067591365381,6.9654753046697824,0.47316923385014242,1,1.8307835762794629,1.7616246212198707,1,1,1
1785154643.9684212,1,1,0.99791500507113695,1.0491292523760971,0.064541789980388176,3,0,1,0,0.39433890336399174,-1.1588156951246829,-2.4707276089571457,-0.31531753476329744,-0.89098654146655187,0.55283727842316821,0,0,-0.0081905176542276369,0.00035610946322728857,-0.0024927662425910197,0,-0.43805279028981664,10.752204852568227,29.446327687919311,-0.90396956324768618,6.9166606677287401,0.34140738213651917,-1.0042116681007993e-15,11.0065963287208,29.876505146056758,-0.75115798392296351,6.9650663568953854,0.47317369362568862,-1.1102230246251565e-15,11.0065963287208,29.883057560180141,-0.75128262223509301,6.9655150548190514,0.47317369362568862,1,1.8307835762794629,1.7616246212198707,1,1,1
1785154643.9884212,1,1,0.99791500507113695,1.0491292523760971,0.064541789980388176,3,0,1,0,0.39433890336399174,-1.1588152205019144,-2.4709615979820305,-0.31531658551776037,-0.89104966629476623,0.55283775304593674,0,0,-0.011751612286500523,0,-0.0028488757058183086,-0.00035610946322728857,0,10.752204852568227,29.907929167024513,-0.44236808414248474,6.8787265141580161,0.44256512499178408,-5.3408192305396489e-16,11.006370455181216,29.87669190004496,-0.75131562126132212,6.9639971531521532,0.47318508029312456,-4.4408920985006262e-16,11.006370455181216,29.88609318987416,-0.75131562126132212,6.9645099507792008,0.47324917999650545,1,1.8307835762794629,1.7616246212198707,1,1,1
1785154644.0084212,1,1,0.99791500507113695,1.0491292523760971,0.064541789980388176,3,0,1,0,0.39433842874122321,-1.1588152205019144,-2.4711467008617567,-0.31531563627222331,-0.89108811073901717,0.55283917691424234,0,0,-0.0085466271174549253,0.00035610946322728857,-0.0017805473161364429,0,0.47787577122525454,10.911496776309978,29.811762192210928,-0.73086900858323567,6.9166606677287401,0.48049927856250846,8.2771307729104784e-16,11.006155185660898,29.876882943858931,-0.75141952666573608,6.9631910668929304,0.47319314788431954,8.8817841970012523e-16,11.006155185660898,29.883720245552894,-0.75154416497786558,6.963511565409835,0.47319314788431954,1,1.8307835762794629,1.7616246212198707,1,1,1
1785154644.0284212,1,1,0.99791500507113695,1.0491292523760971,0.064541789980388176,3,0,1,0,0.39433842874122321,-1.1588152205019144,-2.4714219820675036,-0.31531183929007511,-0.89111374036851765,0.55284107540531646,0,0,-0.017093254234909851,0.00035610946322728857,-0.00035610946322728857,0.00035610946322728857,-0.27876086654806514,10.592912928826475,30.100263116651679,-0.73086900858323567,7.0178184105840051,0.48049927856250846,-1.2859010800086168e-15,11.005711553185405,29.877289822056397,-0.75150375425572657,6.9621014249577513,0.47320360550218926,-1.3322676295501878e-15,11.005711553185405,29.890964425444324,-0.75162839256785607,6.962165524661132,0.47313950579880842,1,1.8307835762794629,1.7616246212198707,1,1,1
1785154644.0484214,1,1,0.99791500507113695,1.0491292523760971,0.064541789980388176,3,0,1,0,0.39433700487291767,-1.1588152205019144,-2.4718040533961694,-0.31531089004453805,-0.89112465669219387,0.55284249927362206,-0.00035610946322728857,0,-0.021722677256864602,0,-0.0010683283896818657,0.00035610946322728857,0,10.911496776309978,29.638661637546477,-0.90396956324768618,6.8471147195157451,0.51211107320477878,-1.0383976503967805e-16,11.005001876226499,29.877947900394158,-0.75159634591568214,6.9606625784081375,0.4732257955566937,0.00042733135587274629,11.005001876226499,29.895326042199649,-0.75159634591568214,6.9608548775182806,0.47316169585331286,1,1.8307835762794629,1.7616246212198707,1,1,1
1785154644.0684214,1,1,0.99791500507113695,1.0491292523760971,0.064541789980388176,3,0,1,0,0.39433700487291767,-1.1588152205019144,-2.4723508188255146,-0.31531041542176952,-0.89116832198689855,0.55284344851915912,0,0,-0.030269304374319527,0,-0.0028488757058183086,0.00035610946322728857,0,11.986717261566801,29.907929167024513,-1.0963035128748535,6.9482724623710101,0.51211107320477878,2.4417618747376891e-17,11.004105960830737,29.878770857534409,-0.75178311441030465,6.9585060349822534,0.47325856424063018,0,11.004105960830737,29.902986301033863,-0.75178311441030465,6.959018832609301,0.47319446453724928,1,1.8307835762794629,1.7616246212198707,1,1,1
1785154644.0884213,1,1,0.99791500507113695,1.0491292523760971,0.064541789980388176,3,0,1,0,0.39433653025014914,-1.1588147458791458,-2.4729573867236949,-0.31530994079900099,-0.89121341114990882,0.55284297389639059,0,0,-0.032405961153683258,0,-0.0024927662425910197,0,0.47787577122525454,11.508841490341547,29.638661637546477,-0.53853505895606835,6.8155029248734751,0.48049927856250846,-2.180467291575158e-17,11.003100100387293,29.879687119329311,-0.75198237491903708,6.9561201083156661,0.47329659416020697,0,11.003100100387293,29.90561188825226,-0.75198237491903708,6.956568806239332,0.47329659416020697,1,1.8307835762794629,1.7616246212198707,1,1,1
1785154644.1084213,1,1,0.99791500507113695,1.0491292523760971,0.064541789980388176,3,0,1,0,0.39433653025014914,-1.1588114235197662,-2.4737333949502398,-0.31530994079900099,-0.8912831806968825,0.55284297389639059,0,0.00035610946322728857,-0.04237702612404734,0,-0.0028488757058183086,0,0,10.11503715760122,30.177196696502545,-0.82703598339681927,6.8471147195157451,0.48049927856250846,-5.5928948682350844e-16,11.001823495054406,29.880799299500886,-0.7522634636953266,6.9530116388855321,0.47334480230673637,-6.6613381477509392e-16,11.001396163698534,29.914700920400122,-0.7522634636953266,6.9535244365125797,0.47334480230673637,1,1.8307835762794629,1.7616246212198707,1,1,1
1785154644.1284213,1,1,0.99791500507113695,1.0491292523760971,0.064541789980388176,3,0,1,0,0.39433558100461208,-1.1588114235197662,-2.4747035238891129,-0.31531041542176952,-0.89130501334423484,0.55284297389639059,0,-0.00035610946322728857,-0.05519696680022973,0,-0.00035610946322728857,0,-0.11946894280631364,11.508841490341547,30.100263116651679,-0.73086900858323567,6.8787265141580161,0.41095333034951381,4.9632372946866428e-17,11.000077658171715,29.882415740133553,-0.75249637471584951,6.9493532227895312,0.47340763982081602,0,11.000504989527588,29.926573313573737,-0.75249637471584951,6.9494173224929119,0.47340763982081602,1,1.8307835762794629,1.7616246212198707,1,1,1
1785154644.1484213,1,1,0.99791500507113695,1.0491292523760971,0.064541789980388176,3,0,1,0,0.39433558100461208,-1.1588099996514607,-2.4760319930182253,-0.31531089004453805,-0.89131830278175372,0.55284249927362206,0,0.00035610946322728857,-0.075495206204185178,0,-0.0010683283896818657,0,-0.11946894280631364,11.070788700051731,30.100263116651679,-0.73086900858323567,7.0178184105840051,0.41095333034951381,-3.1520437393682694e-16,10.99763887629339,29.884651522356016,-0.7527825945641633,6.9443834902401687,0.47349400588389973,-2.2204460492503131e-16,10.997211544937517,29.945047687319363,-0.7527825945641633,6.9445757893503117,0.47349400588389978,1,1.8307835762794629,1.7616246212198707,1,1,1
1785154644.1684213,1,1,0.99791500507113695,1.0491292523760971,0.064541789980388176,3,0,1,0,0.39433510638184355,-1.1588062026693124,-2.4776253016521772,-0.31531089004453805,-0.89133349071034662,0.55284202465085353,0,0,-0.085110161711321963,0,-0.0017805473161364429,0,0.47787577122525454,11.508841490341547,30.004096141838094,-0.90396956324768618,6.9862066159417351,0.54372286784704904,-4.2805627225925294e-16,10.99474072943957,29.887269004257732,-0.75312034122314098,6.9384022937853302,0.47359582469211109,-4.4408920985006262e-16,10.99474072943957,29.955357133626791,-0.75312034122314098,6.9387227923022348,0.47359582469211114,1,1.8307835762794629,1.7616246212198707,1,1,1
1785154644.1884212,1,1,0.99791500507113695,1.0491292523760971,0.064541789980388176,3,0,1,0,0.39433510638184355,-1.1588014564416271,-2.4794677872396065,-0.31531089004453805,-0.89149391320610938,0.55284202465085353,0,0.00035610946322728857,-0.094725117218458763,0,-0.012819940676182388,0,-0.27876086654806514,10.911496776309978,30.369530646129714,-0.82703598339681927,7.1189761534392701,0.44256512499178408,-7.464669172967589e-16,10.992057711628668,29.889626776876767,-0.75377080715226052,6.930975765362259,0.47370566635098194,-6.6613381477509392e-16,10.991630380272795,29.965406870651535,-0.75377080715226052,6.9332833546839723,0.47370566635098199,1,1.8307835762794629,1.7616246212198707,1,1,1
1785154644.2084525,1,1,0.99791500507113695,1.0491292523760971,0.064541789980388176,3,0,1,0,0.39433558100461208,-1.1587971848367102,-2.480911589701472,-0.31531041542176952,-0.89168850854120629,0.55284202465085353,0,0,-0.10968171467400488,0,-0.014244378529091543,0,0,11.508841490341547,30.100263116651679,-0.26926752947803417,6.8787265141580161,0.48049927856250846,-4.0941191171455312e-16,10.990299845047689,29.891122989211944,-0.75440264837603921,6.9249001645592045,0.47378719827211441,-4.4408920985006262e-16,10.990299845047689,29.978868360951147,-0.75440264837603921,6.9274641526944407,0.47378719827211446,1,1.8307835762794629,1.7616246212198707,1,1,1
1785154644.2284527,1,1,0.99791500507113695,1.0491292523760971,0.064541789980388176,3,0,1,0,0.39433510638184355,-1.1587971848367102,-2.4839135787124174,-0.31531136466730658,-0.89187313679816405,0.55284202465085353,0,0,-0.12677496890891474,0,-0.003204985169045597,0,-0.43805279028981664,10.433621005084724,30.004096141838094,-0.90396956324768618,6.8787265141580161,0.41095333034951381,-9.4920313367213011e-16,10.98614703558381,29.894895966406136,-0.75531740955695092,6.9129937473501588,0.47396439528667,-8.8817841970012523e-16,10.98614703558381,29.996315941533268,-0.75531740955695092,6.9135706446805871,0.47396439528667,1,1.8307835762794629,1.7616246212198707,1,1,1
1785154644.2484527,1,1,0.99791500507113695,1.0491292523760971,0.064541789980388176,3,0,1,0,0.39433510638184355,-1.1587971848367102,-2.4865629230063462,-0.31531136466730658,-0.89191442897902606,0.55284107540531646,-0.00035610946322728857,0,-0.1427998947541427,0,-0.00071221892645457715,0,0.15929192374175152,10.752204852568227,30.27336367131613,-0.82703598339681927,6.8155029248734751,0.51211107320477878,-1.5078647266466554e-15,10.982221209511383,29.898488788757334,-0.75589091782652162,6.902849534134103,0.47412212597472086,0.00042733135587119198,10.982221209511383,30.012728704560647,-0.75589091782652162,6.9029777335408644,0.47412212597472092,1,1.8307835762794629,1.7616246212198707,1,1,1
1785154644.2684526,1,1,0.99791500507113695,1.0491292523760971,0.064541789980388176,3,0,1,0,0.39433463175907502,-1.1587967102139418,-2.4896664812897571,-0.31531326315838065,-0.89191205586518341,0.55284060078254793,-0.00035610946322728857,0,-0.15419539757741596,0,0.00035610946322728857,0,0.63716769496700609,11.986717261566801,30.177196696502545,-0.82703598339681927,7.0178184105840051,0.44256512499178408,-5.6230110456156283e-16,10.977681104702816,29.902634993785277,-0.75647381734786334,6.8910738301070333,0.47430652262294587,0.00042733135587208016,10.977681104702816,30.025991311847211,-0.75647381734786334,6.8910097304036526,0.47430652262294593,1,1.8307835762794629,1.7616246212198707,1,1,1
1785154644.2884526,1,1,0.99791500507113695,1.0491292523760971,0.064541789980388176,3,0,1,0,0.39433463175907502,-1.1587967102139418,-2.4925972768854234,-0.31531326315838065,-0.89193816011745253,0.55284107540531646,0,0,-0.15419539757741596,0,-0.0042733135587274627,0,0.63716769496700609,11.82742533782505,30.27336367131613,-0.63470203376965206,7.1189761534392701,0.58165702141777342,-2.8591359635927162e-16,10.973792302096896,29.906167199311533,-0.75706137226514869,6.8797986025987381,0.47447201998880228,-2.2204460492503131e-16,10.973792302096896,30.029523517373466,-0.75706137226514869,6.8805677990393095,0.47447201998880228,1,1.8307835762794629,1.7616246212198707,1,1,1
1785154644.3084526,1,1,0.99791500507113695,1.0491292523760971,0.064541789980388176,3,0,1,0,0.39433463175907502,-1.1587976594594789,-2.4960240532742026,-0.31531373778114918,-0.89199891183182423,0.55284107540531646,-0.00035610946322728857,-0.00035610946322728857,-0.17306919912846225,-0.00035610946322728857,0.0021366567793637313,0,0.63716769496700609,10.592912928826475,29.811762192210928,-0.82703598339681927,6.7143451820182101,0.48049927856250846,1.0699233244283442e-16,10.969727026484886,29.90984170829492,-0.7577973312420947,6.8664351461915736,0.47466020995525948,0.00042733135587274629,10.970154357840759,30.048297067597691,-0.7576726929299652,6.8660505479712883,0.47466020995525948,1,1.8307835762794629,1.7616246212198707,1,1,1
1785154644.3284526,1,1,0.99791500507113695,1.0491292523760971,0.064541789980388176,3,0,1,0,0.39433463175907502,-1.1587981340822473,-2.4992467418725144,-0.31531563627222331,-0.89201837136533391,0.55284060078254793,0,0,-0.16594700986391647,0,-0.003204985169045597,0,0.47787577122525454,11.668133414083298,30.177196696502545,-0.90396956324768618,7.0494302052262752,0.44256512499178408,3.7711836365237506e-16,10.966070721070505,29.913129383502429,-0.75841929434773603,6.8539206787937816,0.47483603114911205,4.4408920985006262e-16,10.966070721070505,30.045886991393562,-0.75841929434773603,6.85449757612421,0.4748360311491121,1,1.8307835762794629,1.7616246212198707,1,1,1
1785154644.3484526,1,1,0.99791500507113695,1.0491292523760971,0.064541789980388176,3,0,1,0,0.39433510638184355,-1.1587981340822473,-2.5027779352703701,-0.31531753476329744,-0.89205586656404767,0.55283965153701087,0.00035610946322728857,0,-0.16950810449618936,-0.00035610946322728857,0.00071221892645457715,-0.00035610946322728857,-0.59734471403156819,10.433621005084724,30.177196696502545,-0.82703598339681927,6.9166606677287401,0.58165702141777342,3.1028536384240328e-16,10.962490865483751,29.916304586600884,-0.75912018702100292,6.8400659860779571,0.47502257040199292,-0.00042733135587252424,10.962490865483751,30.051911070197836,-0.75899554870887342,6.8399377866711957,0.47508667010537381,1,1.8307835762794629,1.7616246212198707,1,1,1
1785154644.3684525,1,1,0.99791500507113695,1.0491292523760971,0.064541789980388176,3,0,1,0,0.39433510638184355,-1.1587981340822473,-2.5057770765447045,-0.31531753476329744,-0.89206868137879802,0.55283917691424234,0,0,-0.14564877045996102,0,-0.0014244378529091543,-0.00035610946322728857,-1.0752204852568228,10.911496776309978,29.638661637546477,-0.90396956324768618,6.9482724623710101,0.48049927856250846,-8.1125340767083709e-16,10.959673073382046,29.918785193606105,-0.75966509932674808,6.828301723690406,0.47517474974423157,-8.8817841970012523e-16,10.959673073382046,30.035304209974075,-0.75966509932674808,6.8285581225039298,0.47523884944761247,1,1.8307835762794629,1.7616246212198707,1,1,1
1785154644.3884525,1,1,0.99791500507113695,1.0491292523760971,0.064541789980388176,3,0,1,0,0.39433510638184355,-1.158799557950553,-2.5088602260490691,-0.3153170601405289,-0.8920729529837147,0.55283965153701087,-0.00035610946322728857,-0.00035610946322728857,-0.14885375562900663,0,0.00071221892645457715,0,-0.43805279028981664,10.11503715760122,29.715595217397343,-0.90396956324768618,6.8787265141580161,0.48049927856250846,1.8618391182857836e-16,10.95705553712817,29.921088994187507,-0.76020028667568373,6.8161820602453815,0.47532544800292786,0.00042733135587296833,10.957482868484043,30.040171998690713,-0.76020028667568373,6.8160538608386201,0.47532544800292786,1,1.8307835762794629,1.7616246212198707,1,1,1
1785154644.4084525,1,1,0.99791500507113695,1.0491292523760971,0.064541789980388176,3,0,1,0,0.39433415713630648,-1.1588000325733214,-2.5114497678741632,-0.31531753476329744,-0.89207437685202029,0.5528401261597794,0,0,-0.12321387427664185,0,-0.0010683283896818657,0.00035610946322728857,0.47787577122525454,10.11503715760122,30.100263116651679,-0.44236808414248474,6.777568771302751,0.54372286784704904,-6.0246110388609954e-16,10.955060386824751,29.922812414208668,-0.76064501783044169,6.8059559763488098,0.47544969530400871,-6.6613381477509392e-16,10.955060386824751,30.021383513629981,-0.76064501783044169,6.8061482754589528,0.47538559560062782,1,1.8307835762794629,1.7616246212198707,1,1,1
1785154644.4284525,1,1,0.99791500507113695,1.0491292523760971,0.064541789980388176,3,0,1,0,0.39433415713630648,-1.1587986087050159,-2.514020324788516,-0.3153170601405289,-0.89209098864891889,0.5528401261597794,-0.00035610946322728857,-0.00035610946322728857,-0.1281994067618239,0,0.00071221892645457715,0,-0.75663663777331969,10.592912928826475,30.177196696502545,-0.73086900858323567,6.644799233805216,0.41095333034951381,7.2878935312481629e-17,10.953313310271017,29.924259720219545,-0.761104249915869,6.795698370421734,0.47556859111835326,0.00042733135587274629,10.95374064162689,30.026819245629003,-0.761104249915869,6.7955701710149725,0.47556859111835326,1,1.8307835762794629,1.7616246212198707,1,1,1
1785154644.4484525,1,1,0.99791500507113695,1.0491292523760971,0.064541789980388176,3,0,1,0,0.39433415713630648,-1.1588000325733214,-2.5162111834880458,-0.31531753476329744,-0.89208861553507623,0.5528401261597794,0,0,-0.098642321313958933,0,-0.00035610946322728857,0,0.31858384748350305,12.464593032792056,29.907929167024513,-0.82703598339681927,6.8155029248734751,0.48049927856250846,-4.7936155298453294e-16,10.951964791690386,29.925404982970825,-0.76146536215859828,6.7869894935021611,0.47566915181243058,-4.4408920985006262e-16,10.951964791690386,30.004318840021991,-0.76146536215859828,6.7870535932055418,0.47566915181243064,1,1.8307835762794629,1.7616246212198707,1,1,1
1785154644.4684527,1,1,0.99791500507113695,1.0491292523760971,0.064541789980388176,3,0,1,0,0.39433463175907502,-1.1587981340822473,-2.5180655346446885,-0.31531753476329744,-0.89211139742796564,0.55283965153701087,0,0.00035610946322728857,-0.089027365806822148,0,-0.0014244378529091543,0,-0.11946894280631364,10.274329081342973,30.004096141838094,-0.90396956324768618,6.7143451820182101,0.48049927856250846,-1.1957482462791883e-15,10.950987065753919,29.926156408908042,-0.76181171822193172,6.7794899453542659,0.47575152411278193,-1.1102230246251565e-15,10.950559734398047,29.9973783015535,-0.76181171822193172,6.7797463441677897,0.47575152411278199,1,1.8307835762794629,1.7616246212198707,1,1,1
1785154644.4884527,1,1,0.99791500507113695,1.0491292523760971,0.064541789980388176,3,0,1,0,0.39433415713630648,-1.1588005071960901,-2.5196735565844643,-0.31531990787714009,-0.89209620949937263,0.55284060078254793,0,-0.00035610946322728857,-0.073002439961594154,-0.00035610946322728857,0.00035610946322728857,0.00035610946322728857,0.47787577122525454,10.433621005084724,29.811762192210928,-0.53853505895606835,6.7143451820182101,0.41095333034951381,-1.742413527915608e-15,10.95015051538539,29.926872352969855,-0.76205895922712041,6.7731080618749049,0.47582460890368866,-1.7763568394002505e-15,10.950577846741263,29.985274304939132,-0.76193432091499091,6.7730439621715242,0.47576050920030782,1,1.8307835762794629,1.7616246212198707,1,1,1
1785154644.5084527,1,1,0.99791500507113695,1.0491292523760971,0.064541789980388176,3,0,1,0,0.39433415713630648,-1.1588024056871642,-2.5209702259880857,-0.31532038249990862,-0.89210380346366913,0.5528401261597794,0,0,-0.060538608748639054,0,-0.00071221892645457715,0.00035610946322728857,-0.27876086654806514,11.230080623793482,29.177060158441275,-0.90396956324768618,6.7143451820182101,0.44256512499178408,2.4175331664521318e-16,10.949619394058818,29.927307829176925,-0.76228441522660717,6.7678784988374812,0.47588121413913415,2.2204460492503131e-16,10.949619394058818,29.975738716175837,-0.76228441522660717,6.7680066982442426,0.47581711443575331,1,1.8307835762794629,1.7616246212198707,1,1,1
1785154644.5284526,1,1,0.99791500507113695,1.0491292523760971,0.064541789980388176,3,0,1,0,0.39433415713630648,-1.1588019310643956,-2.5220784701526009,-0.31532133174544569,-0.89210190497259501,0.5528401261597794,0,0,-0.047718668072456664,-0.00035610946322728857,0.00035610946322728857,0.00035610946322728857,-0.91592856151507118,10.592912928826475,29.811762192210928,-0.73086900858323567,6.9166606677287401,0.48049927856250846,7.7586173411196314e-17,10.949130492809553,29.92767678033676,-0.76246430877844695,6.7634214468004021,0.47592969653833528,0,10.949130492809553,29.965851714794727,-0.76233967046631745,6.7633573470970214,0.47586559683495439,1,1.8307835762794629,1.7616246212198707,1,1,1
1785154644.5484526,1,1,0.99791500507113695,1.0491292523760971,0.064541789980388176,3,0,1,0,0.39433415713630648,-1.1588009818188585,-2.5227780641134125,-0.31532180636821422,-0.89210570195474326,0.55283965153701087,0,0,-0.022078786720091892,0,-0.00035610946322728857,0,0.95575154245050908,11.230080623793482,29.27322713325486,-0.63470203376965206,6.676411028447486,0.41095333034951381,9.2277650658157561e-16,10.948850872120667,29.927869213560314,-0.76258546162293706,6.760582642584728,0.47596013247546365,8.8817841970012523e-16,10.948850872120667,29.945532242936387,-0.76258546162293706,6.7606467422881087,0.47596013247546365,1,1.8307835762794629,1.7616246212198707,1,1,1
1785154644.5684526,1,1,0.99791500507113695,1.0491292523760971,0.064541789980388176,3,0,1,0,0.39433415713630648,-1.1588024056871642,-2.5230732794754376,-0.31532180636821422,-0.89210000648152088,0.55283965153701087,0,-0.00035610946322728857,-0.0081905176542276369,0,0.00071221892645457715,0,0.15929192374175152,9.7964533101177178,29.715595217397343,-0.53853505895606835,6.777568771302751,0.48049927856250846,6.3702638490444565e-16,10.948739973913423,29.927977087663468,-0.7626219017673197,6.7594185750383868,0.4759726868991388,6.6613381477509392e-16,10.949167305269295,29.934529501786852,-0.7626219017673197,6.7592903756316254,0.47597268689913885,1,1.8307835762794629,1.7616246212198707,1,1,1
1785154644.5884526,1,1,0.99791500507113695,1.0491292523760971,0.064541789980388176,3,0,1,0,0.39433415713630648,-1.1588019310643956,-2.5230841957991137,-0.31532275561375128,-0.89209336176276144,0.55283965153701087,0,0,0.00071221892645457715,0.00035610946322728857,0.0010683283896818657,0.00035610946322728857,-1.0752204852568228,9.955745233859469,29.638661637546477,-0.73086900858323567,6.777568771302751,0.44256512499178408,4.808618284857495e-16,10.948697981723505,29.928009001142378,-0.76261641968738736,6.7593955486325781,0.47597466567403834,4.4408920985006262e-16,10.948697981723505,29.927439226001216,-0.76274105799951686,6.759203249522435,0.47591056597065745,1,1.8307835762794629,1.7616246212198707,1,1,1
1785154644.6084526,1,1,0.99791500507113695,1.0491292523760971,0.064541789980388176,3,0,1,0,0.39433415713630648,-1.1588043041782383,-2.5230785003258913,-0.31532465410482535,-0.89208386930739092,0.55283917691424234,0,0,0.00035610946322728857,0,0,0,0.47787577122525454,11.668133414083298,30.177196696502545,-0.36543450429161783,6.777568771302751,0.54372286784704904,-4.4959182564217833e-17,10.948703514977257,29.928047797686823,-0.76260693729654483,6.7594598530020154,0.47597764852921171,0,10.948703514977257,29.92776291011624,-0.76260693729654483,6.7594598530020154,0.47597764852921176,1,1.8307835762794629,1.7616246212198707,1,1,1
1785154644.6284525,1,1,0.99791500507113695,1.0491292523760971,0.064541789980388176,3,0,1,0,0.39433415713630648,-1.1588057280465438,-2.5230770764575858,-0.31532512872759388,-0.89208434393015945,0.55283917691424234,0,0,0,0,-0.00035610946322728857,0,0.47787577122525454,10.433621005084724,29.350160713105726,-1.0001365380612699,6.8787265141580161,0.48049927856250846,-1.5807580037447667e-16,10.94873296595663,29.928044920054582,-0.76260984880879656,6.75946870305087,0.47597811600906564,-2.2204460492503131e-16,10.94873296595663,29.928044920054582,-0.76260984880879656,6.7595328027542507,0.4759781160090657,1,1.8307835762794629,1.7616246212198707,1,1,1
1785154644.6484525,1,1,0.99791500507113695,1.0491292523760971,0.064541789980388176,3,0,1,0,0.39433415713630648,-1.1588052534237754,-2.5230770764575858,-0.31532560335036242,-0.89208434393015945,0.5528387022914738,0,0,0,0,0,-0.00035610946322728857,0.31858384748350305,11.070788700051731,30.100263116651679,-0.90396956324768618,6.8787265141580161,0.48049927856250846,2.1482309842552817e-16,10.948724028509869,29.928045045144714,-0.7626118066891443,6.7594658901430389,0.47597922309987023,2.2204460492503131e-16,10.948724028509869,29.928045045144714,-0.7626118066891443,6.7594658901430389,0.47604332280325118,1,1.8307835762794629,1.7616246212198707,1,1,1
1785154644.6684525,1,1,0.99791500507113695,1.0491292523760971,0.064541789980388176,3,0,1,0,0.39433415713630648,-1.1588062026693124,-2.5230728048526689,-0.31532655259589948,-0.89208197081631679,0.55283917691424234,0,0,0.00035610946322728857,-0.00035610946322728857,0.00035610946322728857,0,0.47787577122525454,10.752204852568227,29.907929167024513,-0.82703598339681927,6.613187439162945,0.51211107320477878,1.1683146818979964e-15,10.948733241636202,29.928053798176421,-0.76261217239501589,6.7594940415642286,0.47597984184817932,1.1102230246251565e-15,10.948733241636202,29.927768910605838,-0.76248753408288639,6.7594299418608479,0.47597984184817932,1,1.8307835762794629,1.7616246212198707,1,1,1
1785154644.6884525,1,1,0.99791500507113695,1.0491292523760971,0.064541789980388176,3,0,1,0,0.39433463175907502,-1.1588071519148495,-2.5230656855111411,-0.31532750184143654,-0.89208102157077973,0.5528387022914738,0,0,0.00035610946322728857,0,0,0,0,11.668133414083298,30.27336367131613,-0.63470203376965206,6.7143451820182101,0.44256512499178408,4.4054754835255972e-16,10.9487497022408,29.928055624578157,-0.76261350034635711,6.7595283510374262,0.47598123991147473,4.4408920985006262e-16,10.9487497022408,29.927770737007574,-0.76261350034635711,6.7595283510374262,0.47598123991147478,1,1.8307835762794629,1.7616246212198707,1,1,1
1785154644.7084525,1,1,0.99791500507113695,1.0491292523760971,0.064541789980388176,3,0,1,0,0.39433510638184355,-1.1588071519148495,-2.523060939283456,-0.31532892570974214,-0.8920791230797056,0.55283822766870527,0,-0.00035610946322728857,0,-0.00035610946322728857,0,-0.00035610946322728857,0.31858384748350305,11.230080623793482,29.446327687919311,-0.73086900858323567,6.543641490949951,0.48049927856250846,-3.2995825727795834e-16,10.948743269036218,29.928062463615813,-0.76261609382657802,6.7595519045122954,0.47598342523094433,-2.2204460492503131e-16,10.94917060039209,29.928062463615813,-0.76249145551444852,6.7595519045122954,0.47604752493432528,1,1.8307835762794629,1.7616246212198707,1,1,1
1785154644.7284527,1,1,0.99791500507113695,1.0491292523760971,0.064541789980388176,3,0,1,0,0.39433558100461208,-1.1588081011603866,-2.5230604646606873,-0.3153284510869736,-0.89207864845693707,0.55283775304593674,0,0,-0.00035610946322728857,0,0,0,0,12.623884956533807,30.100263116651679,-0.82703598339681927,6.7143451820182101,0.44256512499178408,2.8274423978568208e-16,10.948759218289876,29.928064168823063,-0.76261189283509123,6.7595602700045108,0.47598325919929818,2.2204460492503131e-16,10.948759218289876,29.928349056393646,-0.76261189283509123,6.7595602700045108,0.47598325919929818,1,1.8307835762794629,1.7616246212198707,1,1,1
1785154644.7484527,1,1,0.99791500507113695,1.0491292523760971,0.064541789980388176,3,0,1,0,0.39433558100461208,-1.1588081011603866,-2.5230576169240759,-0.31532940033251067,-0.89207817383416854,0.55283680380039968,0,0,0,-0.00035610946322728857,0,-0.00035610946322728857,0.63716769496700609,10.274329081342973,29.811762192210928,-0.82703598339681927,6.9482724623710101,0.51211107320477878,-1.4863712665420122e-16,10.948758233004648,29.928065414733037,-0.76261432478387292,6.7595717285540253,0.47598533514671248,-2.2204460492503131e-16,10.948758233004648,29.928065414733037,-0.76248968647174342,6.7595717285540253,0.47604943485009338,1,1.8307835762794629,1.7616246212198707,1,1,1
1785154644.7684526,1,1,0.99791500507113695,1.0491292523760971,0.064541789980388176,3,0,1,0,0.39433653025014914,-1.1588081011603866,-2.5230504975825481,-0.31532940033251067,-0.89207580072032588,0.55283632917763115,0.00035610946322728857,0,0.00071221892645457715,-0.00035610946322728857,0.00035610946322728857,0,-0.27876086654806514,11.349549566599794,30.369530646129714,-0.73086900858323567,6.9166606677287401,0.48049927856250846,1.1170445609432271e-15,10.948750563792654,29.928073725591418,-0.76260819428577409,6.7596092518480457,0.47598562030627067,-0.00042733135587163607,10.948750563792654,29.927503950450255,-0.76248355597364459,6.759545152144665,0.47598562030627067,1,1.8307835762794629,1.7616246212198707,1,1,1
1785154644.7884526,1,1,0.99791500507113695,1.0491292523760971,0.064541789980388176,3,0,1,0,0.39433700487291767,-1.158808575783155,-2.5230429036182516,-0.31532940033251067,-0.89207105449264068,0.55283490530932555,0,0,0.00071221892645457715,-0.00035610946322728857,0,0,-0.75663663777331969,10.911496776309978,29.811762192210928,-0.90396956324768618,6.7459569766604801,0.51211107320477878,-2.3092374583504583e-16,10.948741631482743,29.928092090360295,-0.76259631187000843,6.7596593811987882,0.4759869288439979,-2.2204460492503131e-16,10.948741631482743,29.927522315219132,-0.76247167355787893,6.7596593811987882,0.47598692884399796,1,1.8307835762794629,1.7616246212198707,1,1,1
1785154644.8084526,1,1,0.99791500507113695,1.0491292523760971,0.064541789980388176,3,0,1,0,0.39433700487291767,-1.158808575783155,-2.5230296141807327,-0.31532940033251067,-0.89207057986987215,0.55283395606378849,-0.00035610946322728857,-0.00035610946322728857,0.00071221892645457715,-0.00035610946322728857,0.00035610946322728857,0,-0.27876086654806514,10.911496776309978,30.177196696502545,-0.63470203376965206,6.9482724623710101,0.58165702141777342,-5.5367699897814272e-16,10.948744565636495,29.928090461135724,-0.76259209706224385,6.7597147228195373,0.47598735359295863,0.0004273313558723022,10.949171896992368,29.927520685994562,-0.76246745875011435,6.7596506231161566,0.47598735359295863,1,1.8307835762794629,1.7616246212198707,1,1,1
1785154644.8284526,1,1,0.99791500507113695,1.0491292523760971,0.064541789980388176,3,0,1,0,0.39433747949568621,-1.158808575783155,-2.5230134770066028,-0.31532940033251067,-0.89206963062433509,0.55283348144101996,0.00035610946322728857,0,0.00035610946322728857,-0.00035610946322728857,0,-0.00035610946322728857,0,10.274329081342973,29.350160713105726,-1.0001365380612699,6.644799233805216,0.54372286784704904,-4.3908886762228035e-16,10.948746538276724,29.928090063107412,-0.76258715704564128,6.7597833366074545,0.47598719955648949,-0.00042733135587319038,10.948746538276724,29.927805175536829,-0.76246251873351178,6.7597833366074545,0.47605129925987039,1,1.8307835762794629,1.7616246212198707,1,1,1
1785154644.8484526,1,1,0.99791500507113695,1.0491292523760971,0.064541789980388176,3,0,1,0,0.39433842874122321,-1.158808575783155,-2.5230044591740008,-0.31532892570974214,-0.89206583364218683,0.55283300681825143,0.00035610946322728857,0,0.00035610946322728857,0,0.00071221892645457715,-0.00035610946322728857,0.15929192374175152,10.752204852568227,30.100263116651679,-0.90396956324768618,6.8471147195157451,0.48049927856250846,-2.0308843564708337e-16,10.948733372520422,29.928104024960007,-0.76257560228857402,6.7598346833424232,0.47598685973549415,-0.00042733135587296833,10.948733372520422,29.927819137389424,-0.76257560228857402,6.7597064839356618,0.47605095943887504,1,1.8307835762794629,1.7616246212198707,1,1,1
1785154644.8684525,1,1,0.99791500507113695,1.0491292523760971,0.064541789980388176,3,0,1,0,0.39433890336399174,-1.158808575783155,-2.5230025606829267,-0.3153284510869736,-0.89206393515111271,0.55283300681825143,0,0,0,0,0,0,0.31858384748350305,11.230080623793482,29.638661637546477,-0.82703598339681927,6.644799233805216,0.44256512499178408,-3.2289260677867765e-16,10.948725795908235,29.928111742951799,-0.76256930104913456,6.7598502735625594,0.47598625544380307,-2.2204460492503131e-16,10.948725795908235,29.928111742951799,-0.76256930104913456,6.7598502735625594,0.47598625544380313,1,1.8307835762794629,1.7616246212198707,1,1,1
1785154644.8884525,1,1,0.99791500507113695,1.0491292523760971,0.064541789980388176,3,0,1,0,0.39433985260952881,-1.1588090504059236,-2.5230039845512322,-0.31532702721866801,-0.89206488439664977,0.55283300681825143,0.00035610946322728857,-0.00035610946322728857,0,0.00035610946322728857,0,0,-0.59734471403156819,10.911496776309978,29.350160713105726,-0.73086900858323567,6.777568771302751,0.48049927856250846,-3.5025147852812996e-17,10.948738266258882,29.928107978294783,-0.76256373972048908,6.7598455485983164,0.475984432598271,-0.00042733135587274629,10.949165597614755,29.928107978294783,-0.76268837803261857,6.7598455485983164,0.47598443259827106,1,1.8307835762794629,1.7616246212198707,1,1,1
1785154644.9093935,1,1,0.99791500507113695,1.0491292523760971,0.064541789980388176,3,0,1,0,0.39434080185506587,-1.158808575783155,-2.5230039845512322,-0.31532560335036242,-0.89206488439664977,0.55283300681825143,0,0,0,0.00035610946322728857,0,0,0.95575154245050908,11.82742533782505,29.715595217397343,-0.73086900858323567,6.8155029248734751,0.58165702141777342,-7.722657486323108e-17,10.948729257356973,29.928108192653518,-0.76255634816300977,6.7598462652856366,0.475982631037976,0,10.948729257356973,29.928108192653518,-0.76268098647513927,6.7598462652856366,0.475982631037976,1,1.8307835762794629,1.7616246212198707,1,1,1
1785154644.9293935,1,1,0.99791500507113695,1.0491292523760971,0.064541789980388176,3,0,1,0,0.39434032723229734,-1.1588104742742291,-2.5230035099284636,-0.31532607797313095,-0.8920653590194183,0.55283348144101996,0,-0.00035610946322728857,-0.00035610946322728857,0,0,0,0.31858384748350305,10.911496776309978,30.369530646129714,-0.82703598339681927,6.543641490949951,0.48049927856250846,-6.0392688595409739e-16,10.948767314874072,29.928105422079522,-0.76255994242992187,6.7598532194953167,0.47598263815029479,-6.6613381477509392e-16,10.949194646229945,29.928390309650105,-0.76255994242992187,6.7598532194953167,0.47598263815029485,1,1.8307835762794629,1.7616246212198707,1,1,1
1785154644.9493935,1,1,0.99791500507113695,1.0491292523760971,0.064541789980388176,3,0,1,0,0.39434032723229734,-1.1588133220108403,-2.5230030353056954,-0.31532560335036242,-0.89206488439664977,0.55283348144101996,0,0,0,0,0.00035610946322728857,0,0.31858384748350305,11.349549566599794,30.004096141838094,-0.90396956324768618,6.613187439162945,0.51211107320477878,-6.084411477624466e-16,10.948819052313794,29.928106570286779,-0.76255604526651255,6.7598692639148341,0.47598191253209299,-6.6613381477509392e-16,10.948819052313794,29.928106570286779,-0.76255604526651255,6.7598051642114534,0.47598191253209299,1,1.8307835762794629,1.7616246212198707,1,1,1
1785154644.9693935,1,1,0.99791500507113695,1.0491292523760971,0.064541789980388176,3,0,1,0,0.39434032723229734,-1.1588142712563774,-2.5230039845512322,-0.31532417948205682,-0.8920653590194183,0.55283395606378849,0,-0.00035610946322728857,-0.00035610946322728857,0.00035610946322728857,0,0,0.47787577122525454,11.668133414083298,30.100263116651679,-0.82703598339681927,6.7459569766604801,0.41095333034951381,-8.2880200349265426e-16,10.948838595023041,29.928104575174476,-0.76255006220866228,6.7598701526079878,0.4759795904034429,-8.8817841970012523e-16,10.949265926378914,29.928389462745059,-0.76267470052079178,6.7598701526079878,0.47597959040344295,1,1.8307835762794629,1.7616246212198707,1,1,1
1785154644.9893935,1,1,0.99791500507113695,1.0491292523760971,0.064541789980388176,3,0,1,0,0.39433937798676028,-1.1588190174840627,-2.5230054084195377,-0.31532417948205682,-0.89206773213326096,0.55283443068655702,0.00035610946322728857,-0.00071221892645457715,0,0,-0.00035610946322728857,0,-0.59734471403156819,10.911496776309978,29.27322713325486,-1.0001365380612699,6.543641490949951,0.48049927856250846,-1.6290070833830333e-15,10.948937831638858,29.928093338848775,-0.76255452436312732,6.7598747599883717,0.47597886833016884,-0.0004273313558743006,10.949792494350604,29.928093338848775,-0.76255452436312732,6.7599388596917525,0.47597886833016889,1,1.8307835762794629,1.7616246212198707,1,1,1
1785154645.0093935,1,1,0.99791500507113695,1.0491292523760971,0.064541789980388176,3,0,1,0,0.39433890336399174,-1.1588213905979052,-2.5230077815333805,-0.31532370485928829,-0.89206820675602949,0.55283395606378849,-0.00035610946322728857,0,-0.00035610946322728857,0,0,-0.00035610946322728857,0.15929192374175152,10.752204852568227,29.638661637546477,-0.44236808414248474,6.7143451820182101,0.44256512499178408,-3.6612566216242082e-16,10.948983661511456,29.928091329215768,-0.76255230529185336,6.7598738531686529,0.47597872075241915,0.0004273313558723022,10.948983661511456,29.928376216786351,-0.76255230529185336,6.7598738531686529,0.4760428204558001,1,1.8307835762794629,1.7616246212198707,1,1,1
1785154645.0293934,1,1,0.99791500507113695,1.0491292523760971,0.064541789980388176,3,0,1,0,0.39433937798676028,-1.1588242383345164,-2.5230077815333805,-0.31532275561375128,-0.89206773213326096,0.55283490530932555,0,-0.00035610946322728857,0,0,0,0.00035610946322728857,-0.75663663777331969,10.752204852568227,30.100263116651679,-0.82703598339681927,6.777568771302751,0.58165702141777342,2.3151867340159259e-16,10.949035234344025,29.928092598067785,-0.76254720911499452,6.759888900981383,0.47597644758574964,2.2204460492503131e-16,10.949462565699898,29.928092598067785,-0.76254720911499452,6.759888900981383,0.47591234788236875,1,1.8307835762794629,1.7616246212198707,1,1,1
1785154645.0493934,1,1,0.99791500507113695,1.0491292523760971,0.064541789980388176,3,0,1,0,0.39433937798676028,-1.15883278154435,-2.5230087307789177,-0.31532180636821422,-0.89206820675602949,0.55283490530932555,0,-0.00035610946322728857,-0.00035610946322728857,0.00035610946322728857,-0.00035610946322728857,0,0.79645961870875759,11.82742533782505,30.465697620943295,-0.90396956324768618,6.8471147195157451,0.48049927856250846,3.3547701735851702e-17,10.949197838918503,29.928088456044431,-0.76254189460499988,6.7599195288140974,0.47597489485164446,0,10.949625170274375,29.928373343615014,-0.76266653291712938,6.7599836285174781,0.47597489485164446,1,1.8307835762794629,1.7616246212198707,1,1,1
1785154645.0693936,1,1,0.99791500507113695,1.0491292523760971,0.064541789980388176,3,0,1,0,0.39433842874122321,-1.1588470202274059,-2.5230096800244546,-0.31532180636821422,-0.89206963062433509,0.55283585455486262,0.00035610946322728857,-0.00071221892645457715,0,0,0,0,-0.11946894280631364,10.752204852568227,30.177196696502545,-0.73086900858323567,6.7459569766604801,0.41095333034951381,1.4272926664940655e-16,10.949471957976826,29.928078499511582,-0.76254361677698945,6.7599678936353005,0.47597331648840602,-0.00042733135587252424,10.950326620688571,29.928078499511582,-0.76254361677698945,6.7599678936353005,0.47597331648840602,1,1.8307835762794629,1.7616246212198707,1,1,1
1785154645.0893936,1,1,0.99791500507113695,1.0491292523760971,0.064541789980388176,3,0,1,0,0.39433795411845468,-1.1588593604193875,-2.5230101546472232,-0.31532180636821422,-0.89207057986987215,0.55283680380039968,0,-0.00035610946322728857,0,0.00035610946322728857,0,0,-0.11946894280631364,11.349549566599794,29.177060158441275,-0.90396956324768618,6.8787265141580161,0.58165702141777342,-1.6557806094048542e-16,10.94970842185456,29.928070996485964,-0.76254468918024576,6.7600122766413966,0.47597181822079693,-2.2204460492503131e-16,10.950135753210432,29.928070996485964,-0.76266932749237526,6.7600122766413966,0.47597181822079693,1,1.8307835762794629,1.7616246212198707,1,1,1
1785154645.1093936,1,1,0.99791500507113695,1.0491292523760971,0.064541789980388176,3,0,1,0,0.39433842874122321,-1.158872175234138,-2.5230106292699919,-0.31532133174544569,-0.89206963062433509,0.55283680380039968,0,-0.0010683283896818657,-0.00035610946322728857,0.00035610946322728857,0,0,0.95575154245050908,10.752204852568227,29.907929167024513,-1.1924704876884371,6.543641490949951,0.48049927856250846,1.5167222387189062e-16,10.949945486778166,29.928071645851887,-0.76253847361618787,6.7600664625188216,0.47597073545987756,2.2204460492503131e-16,10.951227480845784,29.92835653342247,-0.76266311192831737,6.7600664625188216,0.47597073545987756,1,1.8307835762794629,1.7616246212198707,1,1,1
1785154645.1293936,1,1,0.99791500507113695,1.0491292523760971,0.064541789980388176,3,0,1,0,0.39433795411845468,-1.1588921093904161,-2.523015375497677,-0.31532133174544569,-0.89207200373817763,0.55283775304593674,0,-0.0010683283896818657,-0.00035610946322728857,-0.00035610946322728857,-0.00035610946322728857,0,0.63716769496700609,10.911496776309978,30.177196696502545,-0.44236808414248474,6.8787265141580161,0.44256512499178408,-6.7241883575140569e-16,10.950329571712498,29.928057024596328,-0.76254164627860732,6.760118956584992,0.47596903615427899,-6.6613381477509392e-16,10.951611565780116,29.928341912166911,-0.76241700796647782,6.7601830562883727,0.47596903615427899,1,1.8307835762794629,1.7616246212198707,1,1,1
1785154645.1493936,1,1,0.99791500507113695,1.0491292523760971,0.064541789980388176,3,0,1,0,0.39433795411845468,-1.1589134674149999,-2.5230205963481307,-0.3153184840088345,-0.8920729529837147,0.5528387022914738,0,-0.0014244378529091543,-0.00035610946322728857,0,0,0,0.47787577122525454,9.7964533101177178,30.004096141838094,-0.53853505895606835,6.8787265141580161,0.51211107320477878,-4.7830347202484941e-17,10.950733944789873,29.928048457157704,-0.76252710092660214,6.7601858310315244,0.47596371587851855,0,10.952443270213363,29.928333344728287,-0.76252710092660214,6.7601858310315244,0.4759637158785186,1,1.8307835762794629,1.7616246212198707,1,1,1
1785154645.1693935,1,1,0.99791500507113695,1.0491292523760971,0.064541789980388176,3,0,1,0,0.39433795411845468,-1.1589367239306578,-2.5230205963481307,-0.31531800938606597,-0.89207342760648323,0.55284060078254793,0,-0.0010683283896818657,0,0,0,0.00071221892645457715,0.95575154245050908,11.82742533782505,30.27336367131613,-0.73086900858323567,6.8787265141580161,0.41095333034951381,-8.5050050324870968e-16,10.951174154729994,29.928039738372235,-0.76252419990752063,6.7602788403794154,0.47596019298759024,-8.8817841970012523e-16,10.952456148797612,29.928039738372235,-0.76252419990752063,6.7602788403794154,0.47583199358082845,1,1.8307835762794629,1.7616246212198707,1,1,1
1785154645.1893935,1,1,0.99791500507113695,1.0491292523760971,0.064541789980388176,3,0,1,0,0.39433747949568621,-1.1589713713927605,-2.5230229694619735,-0.31531800938606597,-0.89207580072032588,0.55284202465085353,0,-0.0021366567793637313,-0.00035610946322728857,0,-0.00035610946322728857,0,-0.27876086654806514,10.752204852568227,29.715595217397343,-0.53853505895606835,6.613187439162945,0.44256512499178408,-9.8519713004767011e-16,10.951836289342229,29.92802019874231,-0.76252524716283299,6.7604002707244808,0.47595729674753445,-8.8817841970012523e-16,10.954400277477465,29.928305086312893,-0.76252524716283299,6.7604643704278615,0.47595729674753451,1,1.8307835762794629,1.7616246212198707,1,1,1
1785154645.2093935,1,1,0.99791500507113695,1.0491292523760971,0.064541789980388176,3,0,1,0,0.39433795411845468,-1.1590226306517615,-2.5230300888035013,-0.31531611089499184,-0.89207722458863148,0.55284202465085353,0,-0.0028488757058183086,-0.00035610946322728857,0,0,-0.00035610946322728857,0.95575154245050908,10.11503715760122,29.27322713325486,-0.90396956324768618,6.7459569766604801,0.48049927856250846,2.3028765574220508e-16,10.95280518265885,29.928001505310242,-0.76251086425607273,6.7605765250485401,0.47595295554012712,2.2204460492503131e-16,10.956223833505831,29.928286392880825,-0.76251086425607273,6.7605765250485401,0.47601705524350807,1,1.8307835762794629,1.7616246212198707,1,1,1
1785154645.2293935,1,1,0.99791500507113695,1.0491292523760971,0.064541789980388176,3,0,1,0,0.39433700487291767,-1.1590909763304298,-2.52303056342627,-0.31531611089499184,-0.8920791230797056,0.55284344851915912,0,-0.003204985169045597,0,0.00035610946322728857,0.00035610946322728857,0,0.31858384748350305,11.349549566599794,30.27336367131613,-0.82703598339681927,6.8787265141580161,0.44256512499178408,6.1798334310838316e-16,10.954100639268489,29.9279736835948,-0.76250533842450097,6.7608432630830375,0.4759485845704941,6.6613381477509392e-16,10.957946621471343,29.9279736835948,-0.76262997673663047,6.7607791633796568,0.47594858457049416,1,1.8307835762794629,1.7616246212198707,1,1,1
1785154645.2493935,1,1,0.99791500507113695,1.0491292523760971,0.064541789980388176,3,0,1,0,0.39433653025014914,-1.1591654921050889,-2.5230296141807327,-0.31531658551776037,-0.89207864845693707,0.55284439776469618,0,-0.0042733135587274627,0,0,0,0,0.31858384748350305,10.752204852568227,29.811762192210928,-0.82703598339681927,6.575253285592221,0.48049927856250846,2.053804817082568e-16,10.955502465112055,29.92795378336637,-0.76249609016878084,6.7611485075034317,0.47594508238966365,2.2204460492503131e-16,10.960630441382527,29.92795378336637,-0.76249609016878084,6.7611485075034317,0.47594508238966371,1,1.8307835762794629,1.7616246212198707,1,1,1
1785154645.2693934,1,1,0.99791500507113695,1.0491292523760971,0.064541789980388176,3,0,1,0,0.39433605562738061,-1.1592480764668129,-2.5230291395579645,-0.31531658551776037,-0.8920791230797056,0.55284534701023325,0,-0.0039172040955001743,0,0,0,-0.00035610946322728857,0,11.349549566599794,30.369530646129714,-0.63470203376965206,6.9166606677287401,0.54372286784704904,8.226108180710016e-16,10.957060115987094,29.927927398635426,-0.76248488694740502,6.7614816829573847,0.47594060976709496,8.8817841970012523e-16,10.961760760901694,29.927927398635426,-0.76248488694740502,6.7614816829573847,0.47600470947047585,1,1.8307835762794629,1.7616246212198707,1,1,1
1785154645.2893934,1,1,0.99791500507113695,1.0491292523760971,0.064541789980388176,3,0,1,0,0.39433605562738061,-1.1593211683731663,-2.5230296141807327,-0.31531658551776037,-0.89207959770247414,0.55284677087853884,0,-0.003204985169045597,-0.00035610946322728857,0,0,0.00035610946322728857,-0.11946894280631364,11.230080623793482,29.638661637546477,-0.82703598339681927,6.644799233805216,0.51211107320477878,-1.1258149630103711e-16,10.958438571433547,29.927903877890127,-0.76247595775517352,6.7617727399571415,0.47593609293077715,-2.2204460492503131e-16,10.962284553636401,29.92818876546071,-0.76247595775517352,6.7617727399571415,0.47587199322739632,1,1.8307835762794629,1.7616246212198707,1,1,1
1785154645.3093934,1,1,0.99791500507113695,1.0491292523760971,0.064541789980388176,3,0,1,0,0.39433558100461208,-1.1593852424469178,-2.5230286649351958,-0.3153170601405289,-0.8920805469480112,0.55284629625577031,0,-0.0028488757058183086,0,-0.00035610946322728857,-0.00035610946322728857,-0.00035610946322728857,0,11.508841490341547,29.638661637546477,-0.73086900858323567,6.644799233805216,0.41095333034951381,9.2234462050128299e-17,10.959649721114086,29.927880459056848,-0.76246917862411467,6.7620304310864325,0.47593440126485653,0,10.963068371961068,29.927880459056848,-0.76234454031198517,6.7620945307898133,0.47599850096823743,1,1.8307835762794629,1.7616246212198707,1,1,1
1785154645.3293936,1,1,0.99791500507113695,1.0491292523760971,0.064541789980388176,3,0,1,0,0.39433463175907502,-1.1594436210474468,-2.5230258171985844,-0.3153170601405289,-0.89208292006185386,0.55284677087853884,0,-0.003204985169045597,0,0,0,0,-0.59734471403156819,11.230080623793482,29.350160713105726,-0.73086900858323567,6.644799233805216,0.51211107320477878,4.2602255567920313e-16,10.960760552545201,29.927851876343155,-0.76246436096155312,6.762268424940074,0.47593123816455374,4.4408920985006262e-16,10.964606534748055,29.927851876343155,-0.76246436096155312,6.762268424940074,0.47593123816455374,1,1.8307835762794629,1.7616246212198707,1,1,1
1785154645.3493936,1,1,0.99791500507113695,1.0491292523760971,0.064541789980388176,3,0,1,0,0.39433463175907502,-1.1595219338042542,-2.5230253425758162,-0.31531800938606597,-0.89208386930739092,0.55284629625577031,0.00035610946322728857,-0.0042733135587274627,0,0,0,0,-0.43805279028981664,11.82742533782505,30.369530646129714,-1.0001365380612699,6.7459569766604801,0.41095333034951381,-4.2280852164197313e-16,10.962239569932489,29.927824031325446,-0.76245785778184993,6.7625806544736013,0.4759295690448746,-0.00042733135587319038,10.967367546202961,29.927824031325446,-0.76245785778184993,6.7625806544736013,0.4759295690448746,1,1.8307835762794629,1.7616246212198707,1,1,1
1785154645.3693936,1,1,0.99791500507113695,1.0491292523760971,0.064541789980388176,3,0,1,0,0.39433415713630648,-1.1596306224182471,-2.5230239187075103,-0.31531895863160303,-0.89208861553507623,0.55284629625577031,0,-0.0074782987277730601,0,-0.00035610946322728857,0,0,0.31858384748350305,11.349549566599794,29.638661637546477,-0.82703598339681927,6.8155029248734751,0.41095333034951381,-5.6577218649667594e-16,10.964307401588346,29.927770001406547,-0.76245394869088545,6.7630049946443718,0.47592592912464449,-6.6613381477509392e-16,10.973281360061675,29.927770001406547,-0.76232931037875595,6.7630049946443718,0.47592592912464449,1,1.8307835762794629,1.7616246212198707,1,1,1
1785154645.3893936,1,1,0.99791500507113695,1.0491292523760971,0.064541789980388176,3,0,1,0,0.39433415713630648,-1.1598161999207419,-2.5230253425758162,-0.3153184840088345,-0.8920881409123077,0.55284629625577031,0,-0.009971064970364079,-0.00035610946322728857,0,0.00035610946322728857,0,0.47787577122525454,11.230080623793482,30.27336367131613,-0.63470203376965206,6.7143451820182101,0.48049927856250846,-2.7227405585847575e-16,10.96779873745575,29.92771534715564,-0.76242103285848473,6.7637495087357982,0.47591755558790133,-2.2204460492503131e-16,10.979764015420187,29.928000234726223,-0.76242103285848473,6.7636854090324174,0.47591755558790139,1,1.8307835762794629,1.7616246212198707,1,1,1
1785154645.4093935,1,1,0.99791500507113695,1.0491292523760971,0.064541789980388176,3,0,1,0,0.39433368251353795,-1.1600202877112096,-2.5230277156896586,-0.31531800938606597,-0.89209146327168742,0.55284677087853884,0,-0.011395502823273234,0.00035610946322728857,0,0,0.00035610946322728857,-0.59734471403156819,10.433621005084724,29.542494662732896,-1.0001365380612699,6.777568771302751,0.41095333034951381,-4.8198570837002183e-16,10.971654255612467,29.927637670196059,-0.7623928920590054,6.7645504482975358,0.47590777602881773,-4.4408920985006262e-16,10.985328859000395,29.927352782625476,-0.7623928920590054,6.7645504482975358,0.47584367632543684,1,1.8307835762794629,1.7616246212198707,1,1,1
1785154645.4293935,1,1,0.99791500507113695,1.0491292523760971,0.064541789980388176,3,0,1,0,0.39433368251353795,-1.1602960435397249,-2.5230281903124272,-0.3153184840088345,-0.89209288713999291,0.55284677087853884,0.00035610946322728857,-0.015312706918773409,0,-0.00035610946322728857,0,0,0.95575154245050908,10.752204852568227,30.004096141838094,-0.73086900858323567,6.9166606677287401,0.48049927856250846,-5.0550479168020545e-16,10.976850727219411,29.927543107660945,-0.76235374749578511,6.7656524887958671,0.47589662439537761,-0.00042733135587319038,10.995225975521938,29.927543107660945,-0.76222910918365561,6.7656524887958671,0.47589662439537761,1,1.8307835762794629,1.7616246212198707,1,1,1
1785154645.4493935,1,1,0.99791500507113695,1.0491292523760971,0.064541789980388176,3,0,1,0,0.39433273326800089,-1.1606297033460007,-2.5230272410668904,-0.31531895863160303,-0.89209288713999291,0.55284629625577031,-0.00035610946322728857,-0.018873801551046294,0,0,0,-0.00035610946322728857,-0.91592856151507118,11.070788700051731,29.907929167024513,-1.0001365380612699,6.9166606677287401,0.34140738213651917,-1.3220348431049526e-15,10.983130338171438,29.92743260154311,-0.76230174750717083,6.7669979325752738,0.47588344572336411,0.00042733135587141402,11.005778900032695,29.92743260154311,-0.76230174750717083,6.7669979325752738,0.47594754542674506,1,1.8307835762794629,1.7616246212198707,1,1,1
1785154645.4693935,1,1,0.99791500507113695,1.0491292523760971,0.064541789980388176,3,0,1,0,0.39433036015415823,-1.1610843919582514,-2.5230253425758162,-0.31532085712267716,-0.89209478563106703,0.55284724550130737,-0.00035610946322728857,-0.025639881352364776,0,-0.00035610946322728857,-0.00035610946322728857,0,0.15929192374175152,11.508841490341547,30.004096141838094,-0.73086900858323567,6.644799233805216,0.48049927856250846,-7.5939407718808909e-16,10.991694387669302,29.927268035978251,-0.76224275914646067,6.7688233553864583,0.47586527596440575,0.00042733135587208016,11.022462245292139,29.927268035978251,-0.76211812083433117,6.768887455089839,0.47586527596440575,1,1.8307835762794629,1.7616246212198707,1,1,1
1785154645.4893935,1,1,0.99791500507113695,1.0491292523760971,0.064541789980388176,3,0,1,0,0.39432893628585264,-1.1616729241912274,-2.5230186978570566,-0.31532370485928829,-0.89209383638552997,0.55284819474684443,0,-0.034186508469819701,0.00035610946322728857,-0.00035610946322728857,0,0,0.47787577122525454,10.433621005084724,29.177060158441275,-0.73086900858323567,6.575253285592221,0.48049927856250846,-4.3826605986193237e-16,11.002763111817146,29.927058864683687,-0.76216088553577743,6.7712127096885588,0.4758423573032437,-4.4408920985006262e-16,11.04378692198093,29.926773977113104,-0.76203624722364793,6.7712127096885588,0.47584235730324376,1,1.8307835762794629,1.7616246212198707,1,1,1
1785154645.5093935,1,1,0.99791500507113695,1.0491292523760971,0.064541789980388176,3,0,1,0,0.39432846166308411,-1.1625039886589217,-2.5230201217253625,-0.31532465410482535,-0.89209858261321529,0.5528477201240759,0,-0.045225901829865647,0,-0.00035610946322728857,-0.00071221892645457715,-0.00035610946322728857,-0.43805279028981664,10.752204852568227,30.004096141838094,-0.82703598339681927,6.644799233805216,0.48049927856250846,-9.6405805484586815e-17,11.018407704446709,29.926723587354793,-0.76203938436549379,6.7745224161087636,0.47580782760925228,0,11.072678786642548,29.926723587354793,-0.76191474605336429,6.7746506155155251,0.47587192731263322,1,1.8307835762794629,1.7616246212198707,1,1,1
1785154645.5293934,1,1,0.99791500507113695,1.0491292523760971,0.064541789980388176,3,0,1,0,0.39432798704031558,-1.1635158844014253,-2.5230224948392048,-0.31532655259589948,-0.8921185167694935,0.55284724550130737,0,-0.055909185726684303,0.00035610946322728857,-0.00035610946322728857,-0.00071221892645457715,0,0.15929192374175152,11.668133414083298,29.811762192210928,-0.63470203376965206,6.644799233805216,0.34140738213651917,-5.3364410022597396e-17,11.037506477555283,29.926226804673284,-0.76192099318512951,6.7784900032679358,0.47576560595123235,0,11.104597500427303,29.925941917102701,-0.76179635487300001,6.7786182026746973,0.47576560595123241,1,1.8307835762794629,1.7616246212198707,1,1,1
1785154645.5493934,1,1,0.99791500507113695,1.0491292523760971,0.064541789980388176,3,0,1,0,0.39432656317201004,-1.164827267110871,-2.5230177486115197,-0.3153298749552792,-0.8921185167694935,0.55284724550130737,0,-0.07122189264545771,0.00035610946322728857,-0.00035610946322728857,0,0,0.31858384748350305,11.508841490341547,29.350160713105726,-0.73086900858323567,6.9862066159417351,0.48049927856250846,-4.6190543843813526e-16,11.062132654854402,29.925644887413377,-0.7617227099730397,6.7837465886136856,0.47571140694204939,-4.4408920985006262e-16,11.147598926028952,29.925359999842794,-0.7615980716609102,6.7837465886136856,0.47571140694204939,1,1.8307835762794629,1.7616246212198707,1,1,1
1785154645.5693936,1,1,0.99791500507113695,1.0491292523760971,0.064541789980388176,3,0,1,0,0.39432561392647297,-1.1663318212871077,-2.5230182232342884,-0.31533177344635333,-0.89212136450610469,0.55284724550130737,0,-0.083329614395185519,0,0,-0.00035610946322728857,0,-0.27876086654806514,11.349549566599794,29.638661637546477,-0.26926752947803417,6.676411028447486,0.58165702141777342,-7.6872644119041676e-16,11.090370988001578,29.924903907614421,-0.76148979753110446,6.7897325309576493,0.47564590943726864,-6.6613381477509392e-16,11.190366525275801,29.924903907614421,-0.76148979753110446,6.78979663066103,0.4756459094372687,1,1.8307835762794629,1.7616246212198707,1,1,1
1785154645.5893936,1,1,0.99791500507113695,1.0491292523760971,0.064541789980388176,3,0,1,0,0.39432466468093591,-1.1681254207293787,-2.5230210709708993,-0.31533272269189039,-0.89214746875837381,0.5528477201240759,-0.00035610946322728857,-0.091164022586185875,0,0,-0.0017805473161364429,0,0.63716769496700609,11.82742533782505,30.004096141838094,-0.73086900858323567,6.9482724623710101,0.41095333034951381,-8.8997923820784376e-16,11.124095944230731,29.923836062561008,-0.76124587000399135,6.7967589414519702,0.4755633930875342,0.00042733135587185811,11.233492771334154,29.923836062561008,-0.76124587000399135,6.7970794399688748,0.47556339308753426,1,1.8307835762794629,1.7616246212198707,1,1,1
1785154645.6093936,1,1,0.99791500507113695,1.0491292523760971,0.064541789980388176,3,0,1,0,0.39432419005816738,-1.1699816703770956,-2.5230196471025939,-0.3153336719374274,-0.8921640805552723,0.55284724550130737,0,-0.10077897809332266,0.00035610946322728857,-0.00035610946322728857,0,0,0.63716769496700609,12.146009185308552,29.811762192210928,-0.82703598339681927,6.644799233805216,0.41095333034951381,6.5746274590323621e-16,11.158917244862632,29.922671517605032,-0.76096948320420188,6.8040636970934951,0.47547757407138208,6.6613381477509392e-16,11.279852018574619,29.922386630034449,-0.76084484489207238,6.8040636970934951,0.47547757407138214,1,1.8307835762794629,1.7616246212198707,1,1,1
1785154645.6293936,1,1,0.99791500507113695,1.0491292523760971,0.064541789980388176,3,0,1,0,0.39432419005816738,-1.1721768006815421,-2.5230205963481307,-0.3153336719374274,-0.89217736999279107,0.55284677087853884,0,-0.11181837145336861,0,0,-0.0017805473161364429,0,-0.11946894280631364,12.464593032792056,29.638661637546477,-0.44236808414248474,6.9166606677287401,0.41095333034951381,3.8190022988963876e-16,11.200014355214979,29.921189602914723,-0.76062218947239402,6.8126869862667041,0.47537285265194129,4.4408920985006262e-16,11.334196400959021,29.921189602914723,-0.76062218947239402,6.8130074847836086,0.47537285265194129,1,1.8307835762794629,1.7616246212198707,1,1,1
1785154645.6493936,1,1,0.99791500507113695,1.0491292523760971,0.064541789980388176,3,0,1,0,0.39432229156709325,-1.1744084769391654,-2.5230234440847421,-0.3153336719374274,-0.89225900510897815,0.5528477201240759,-0.00035610946322728857,-0.11751612286500522,-0.00035610946322728857,0.00035610946322728857,-0.0060538608748639056,0,-0.11946894280631364,11.668133414083298,29.638661637546477,-0.82703598339681927,6.7459569766604801,0.51211107320477878,-4.1602041435270899e-16,11.2420254674331,29.919248502534224,-0.76039294784864897,6.8211675782481249,0.47525977778679035,0.0004273313558723022,11.383044814871106,29.919533390104807,-0.76051758616077847,6.8222572732056008,0.4752597777867904,1,1.8307835762794629,1.7616246212198707,1,1,1
1785154645.6693935,1,1,0.99791500507113695,1.0491292523760971,0.064541789980388176,3,0,1,0,0.39432229156709325,-1.1769757114941386,-2.5230319872945755,-0.31533272269189039,-0.89242986930564849,0.5528477201240759,0,-0.13176050139409676,-0.0010683283896818657,0.00035610946322728857,-0.0124638312129551,0,0.63716769496700609,11.349549566599794,30.004096141838094,-0.73086900858323567,6.9862066159417351,0.51211107320477878,-6.3455627943792732e-16,11.290598333383128,29.916514518530963,-0.76026054877569893,6.8305893501768242,0.4751237210479845,-6.6613381477509392e-16,11.448710935056045,29.917369181242709,-0.76038518708782843,6.8328328397951559,0.4751237210479845,1,1.8307835762794629,1.7616246212198707,1,1,1
1785154645.6893935,1,1,0.99791500507113695,1.0491292523760971,0.064541789980388176,3,0,1,0,0.39432181694432472,-1.1795870859665849,-2.523044327486557,-0.31533272269189039,-0.89278820949588789,0.5528477201240759,0,-0.1342532676366878,0,0.00035610946322728857,-0.021010458330410025,-0.00035610946322728857,-0.59734471403156819,11.82742533782505,29.080893183627694,-0.73086900858323567,7.0494302052262752,0.48049927856250846,-5.5461723046403494e-16,11.340693523789042,29.912767727331179,-0.76046534996718973,6.8394578707800404,0.47497581248393483,-4.4408920985006262e-16,11.501797444953068,29.912767727331179,-0.76058998827931923,6.8432397532795139,0.47503991218731573,1,1.8307835762794629,1.7616246212198707,1,1,1
1785154645.7093935,1,1,0.99791500507113695,1.0491292523760971,0.064541789980388176,3,0,1,0,0.39432039307601913,-1.18238925879198,-2.5230414797499461,-0.3153336719374274,-0.89322154008355481,0.5528477201240759,-0.00035610946322728857,-0.13995101904832441,0,0.00035610946322728857,-0.022434896183319179,0,0.31858384748350305,12.623884956533807,29.907929167024513,-0.82703598339681927,6.777568771302751,0.48049927856250846,-2.0642976471450214e-16,11.394565978070574,29.908315297311173,-0.76077002961269746,6.8488237411000732,0.47481193924546083,0.00042733135587252424,11.562507200928563,29.908315297311173,-0.76089466792482696,6.8528620224130705,0.47481193924546083,1,1.8307835762794629,1.7616246212198707,1,1,1
1785154645.7293935,1,1,0.99791500507113695,1.0491292523760971,0.064541789980388176,3,0,1,0,0.39431944383048206,-1.185214688133033,-2.5230438528637888,-0.31533509580573299,-0.89374172663786267,0.55284819474684443,0,-0.14849764616577935,-0.00035610946322728857,0,-0.028844866521410373,0,0.95575154245050908,11.668133414083298,29.446327687919311,-0.90396956324768618,6.8471147195157451,0.58165702141777342,4.9490542541258463e-16,11.449117524161938,29.903261924492135,-0.76122655580977239,6.8579129963185137,0.4746399461878949,4.4408920985006262e-16,11.627314699560873,29.903546812062718,-0.76122655580977239,6.8631050722923677,0.47463994618789496,1,1.8307835762794629,1.7616246212198707,1,1,1
1785154645.7493935,1,1,0.99791500507113695,1.0491292523760971,0.064541789980388176,3,0,1,0,0.39431896920771353,-1.1883272642490459,-2.5230519214508536,-0.31533509580573299,-0.89439243445351579,0.5528477201240759,0,-0.15455150704064324,-0.00035610946322728857,0.00035610946322728857,-0.037747603102092589,0,0,12.305301109050305,30.177196696502545,-0.73086900858323567,6.9862066159417351,0.48049927856250846,1.0531028065954642e-16,11.509396660629726,29.89712457334587,-0.76185429469282495,6.8675929146178136,0.47444236274742846,0,11.694858469078497,29.897409460916453,-0.76197893300495445,6.8743874831761902,0.47444236274742846,1,1.8307835762794629,1.7616246212198707,1,1,1
1785154645.7693934,1,1,0.99791500507113695,1.0491292523760971,0.064541789980388176,3,0,1,0,0.39431896920771353,-1.1914251270592346,-2.5230523960736222,-0.31533557042850152,-0.89527475818021118,0.5528477201240759,0,-0.16274202469487087,0,0,-0.048074777535683955,0,0.15929192374175152,11.668133414083298,29.542494662732896,-1.0001365380612699,6.777568771302751,0.51211107320477878,8.3199640977266534e-16,11.57023215224064,29.889777296641466,-0.76290040561783112,6.8763920437806529,0.47423127920606717,8.8817841970012523e-16,11.765522581874485,29.889777296641466,-0.76290040561783112,6.8850455037370759,0.47423127920606722,1,1.8307835762794629,1.7616246212198707,1,1,1
1785154645.7893934,1,1,0.99791500507113695,1.0491292523760971,0.064541789980388176,3,0,1,0,0.39431896920771353,-1.1947446387023262,-2.5230467006003998,-0.31533936741064977,-0.89624915872400113,0.5528477201240759,0,-0.16096147737873442,0.00035610946322728857,-0.00035610946322728857,-0.048786996462138535,-0.00035610946322728857,-0.11946894280631364,12.942468804017309,29.811762192210928,-0.82703598339681927,6.8787265141580161,0.34140738213651917,-2.4410177732444072e-16,11.635383439576817,29.88149406228986,-0.76407802139878656,6.8857013258812145,0.47400294588692737,-2.2204460492503131e-16,11.828537212431298,29.881209174719277,-0.76395338308665706,6.8944829852443998,0.47406704559030827,1,1.8307835762794629,1.7616246212198707,1,1,1
1785154645.8093934,1,1,0.99791500507113695,1.0491292523760971,0.064541789980388176,3,0,1,0,0.39431944383048206,-1.1979061009634977,-2.5230476498459371,-0.31534031665618684,-0.89708924102429743,0.55284819474684443,0.00035610946322728857,-0.16131758684196171,0,-0.00035610946322728857,-0.034186508469819701,0,0.15929192374175152,11.508841490341547,29.638661637546477,-0.90396956324768618,7.0178184105840051,0.51211107320477878,-2.9856076411832534e-16,11.696900948463782,29.873701838860804,-0.7650151278237165,6.8948194943215189,0.47378104815422412,-0.00042733135587296833,11.890482052674136,29.873701838860804,-0.764890489511587,6.9009730658460864,0.47378104815422417,1,1.8307835762794629,1.7616246212198707,1,1,1
1785154645.8293936,1,1,0.99791500507113695,1.0491292523760971,0.064541789980388176,3,0,1,0,0.39431896920771353,-1.2011814726891161,-2.5230538199419277,-0.31533889278788124,-0.89771194609660743,0.55284819474684443,0,-0.16096147737873442,-0.00035610946322728857,0.00035610946322728857,-0.030981523300774104,0,0.47787577122525454,11.986717261566801,30.100263116651679,-0.82703598339681927,6.8471147195157451,0.41095333034951381,-1.8153482502050196e-16,11.759448184210825,29.866363382378378,-0.76551104411951476,6.9050688444285067,0.47355444223113791,-2.2204460492503131e-16,11.952601957065307,29.866648269948961,-0.76563568243164426,6.9106455186226459,0.47355444223113796,1,1.8307835762794629,1.7616246212198707,1,1,1
1785154645.8493936,1,1,0.99791500507113695,1.0491292523760971,0.064541789980388176,3,0,1,0,0.3943199184532506,-1.2043405618364449,-2.5230642616428356,-0.31533651967403858,-0.89832278559970424,0.55284819474684443,0,-0.16238591523164358,-0.00035610946322728857,0,-0.029200975984637664,0,0.63716769496700609,11.986717261566801,29.542494662732896,-0.82703598339681927,6.777568771302751,0.51211107320477878,3.8031368787685344e-16,11.819658110340512,29.858972117889849,-0.76599351687620165,6.9148590640002796,0.47332988652877184,4.4408920985006262e-16,12.014521208618484,29.859257005460432,-0.76599351687620165,6.9201152396775143,0.47332988652877184,1,1.8307835762794629,1.7616246212198707,1,1,1
1785154645.8693936,1,1,0.99791500507113695,1.0491292523760971,0.064541789980388176,3,0,1,0,0.3943199184532506,-1.2075903039325628,-2.5230656855111411,-0.31533604505127005,-0.89885910932814206,0.5528477201240759,0,-0.15561983543032509,-0.00035610946322728857,0,-0.027776538131728506,-0.00035610946322728857,-0.59734471403156819,11.668133414083298,30.27336367131613,-0.82703598339681927,6.8787265141580161,0.54372286784704904,9.6800884168893556e-16,11.881083107743308,29.851439385395892,-0.76632004668266873,6.925230547603026,0.47310035751097779,8.8817841970012523e-16,12.067826910259697,29.851724272966475,-0.76632004668266873,6.9302303244667369,0.47316445721435868,1,1.8307835762794629,1.7616246212198707,1,1,1
1785154645.8893936,1,1,0.99791500507113695,1.0491292523760971,0.064541789980388176,3,0,1,0,0.39432039307601913,-1.2105690364278507,-2.5230747033437431,-0.31533272269189039,-0.89949557846073935,0.5528477201240759,0,-0.15063430294514307,-0.00071221892645457715,0.00035610946322728857,-0.035610946322728855,0,0.47787577122525454,11.508841490341547,29.27322713325486,-0.73086900858323567,6.8787265141580161,0.48049927856250846,-1.1572698252897861e-15,11.93782089431906,29.843709045032512,-0.76686020556814394,6.9341769717809498,0.4728762389527737,-1.1102230246251565e-15,12.118582057853232,29.844278820173674,-0.76698484388027344,6.9405869421190411,0.47287623895277375,1,1.8307835762794629,1.7616246212198707,1,1,1
1785154645.9093935,1,1,0.99791500507113695,1.0491292523760971,0.064541789980388176,3,0,1,0,0.39432086769878766,-1.2136474397045296,-2.523094162877253,-0.3153298749552792,-0.90034183085702657,0.55284819474684443,0,-0.15134652187159764,-0.00071221892645457715,0.00035610946322728857,-0.049855324851820398,0,-0.11946894280631364,11.668133414083298,30.100263116651679,-0.63470203376965206,7.0178184105840051,0.51211107320477878,3.1038219765344042e-16,11.997052279360217,29.834732618999205,-0.7677558480682859,6.9427074305833161,0.47263370491642354,2.2204460492503131e-16,12.178668105606134,29.835302394140367,-0.76788048638041539,6.9516813890566436,0.47263370491642354,1,1.8307835762794629,1.7616246212198707,1,1,1
1785154645.9293935,1,1,0.99791500507113695,1.0491292523760971,0.064541789980388176,3,0,1,0,0.39432229156709325,-1.2166788553271242,-2.5231027060870863,-0.31532702721866801,-0.90144295568001376,0.5528477201240759,0,-0.1588248205993707,-0.00035610946322728857,-0.00035610946322728857,-0.05519696680022973,0.00035610946322728857,0.47787577122525454,12.305301109050305,29.715595217397343,-0.82703598339681927,6.9482724623710101,0.41095333034951381,-4.5508726383227017e-16,12.056324940398119,29.824562552274571,-0.76910772129225324,6.9502126234171051,0.47238015027412861,-4.4408920985006262e-16,12.246914725117364,29.824847439845154,-0.76898308298012374,6.9601480774411462,0.47231605057074771,1,1.8307835762794629,1.7616246212198707,1,1,1
1785154645.9493935,1,1,0.99791500507113695,1.0491292523760971,0.064541789980388176,3,0,1,0,0.39432229156709325,-1.2197264081238488,-2.5231060284464659,-0.31532702721866801,-0.90248380341139778,0.55284724550130737,0,-0.15775649220968885,0,0,-0.049855324851820398,0,0.63716769496700609,11.668133414083298,30.004096141838094,-0.73086900858323567,6.9166606677287401,0.58165702141777342,6.8396047667429711e-16,12.115502919865655,29.814353433616759,-0.77034895253220825,6.9579695766071907,0.47212713507800741,6.6613381477509392e-16,12.304810710517282,29.814353433616759,-0.77034895253220825,6.9669435350805182,0.47212713507800741,1,1.8307835762794629,1.7616246212198707,1,1,1
1785154645.9693935,1,1,0.99791500507113695,1.0491292523760971,0.064541789980388176,3,0,1,0,0.39432229156709325,-1.2229528937043086,-2.5231121985424569,-0.31532655259589948,-0.90342972658907605,0.55284724550130737,0.00035610946322728857,-0.15561983543032509,-0.00071221892645457715,0.00035610946322728857,-0.040240369344683606,0,0,11.230080623793482,29.638661637546477,-0.90396956324768618,6.777568771302751,0.41095333034951381,-2.0151838479403053e-17,12.177358557001529,29.803906301497243,-0.77136762406911474,6.9666652808672982,0.47186018551740216,-0.00042733135587274629,12.364102359517918,29.804476076638405,-0.77149226238124424,6.9739085473493416,0.47186018551740216,1,1.8307835762794629,1.7616246212198707,1,1,1
1785154645.9893935,1,1,0.99791500507113695,1.0491292523760971,0.064541789980388176,3,0,1,0,0.39432276618986178,-1.2261437825771289,-2.5231278610938181,-0.31532512872759388,-0.90411887884898012,0.5528477201240759,0,-0.15633205435677969,-0.0010683283896818657,0,-0.030981523300774104,0,0.47787577122525454,11.508841490341547,29.27322713325486,-0.90396956324768618,6.777568771302751,0.51211107320477878,-2.3984643190054722e-18,12.237364995245638,29.794296929410567,-0.77191743885563846,6.9760159830077733,0.47160056199565081,0,12.424963460473775,29.795151592122313,-0.77191743885563846,6.9815926572019125,0.47160056199565081,1,1.8307835762794629,1.7616246212198707,1,1,1
1785154646.0093935,1,1,0.99791500507113695,1.0491292523760971,0.064541789980388176,3,0,1,0,0.39432324081263032,-1.2291913353738535,-2.5231663055380693,-0.31532228099098275,-0.90469934249489103,0.55284819474684443,0,-0.15526372596709781,-0.003204985169045597,0.00071221892645457715,-0.02742042866850122,0,0.47787577122525454,12.146009185308552,29.907929167024513,-0.90396956324768618,7.0178184105840051,0.48049927856250846,-7.15236941414865e-17,12.29416144003271,29.785222377942382,-0.77229030557239198,6.9850812201995831,0.47135134207299073,0,12.480477911193226,29.787786366077619,-0.77253958219665109,6.9900168973599133,0.47135134207299079,1,1.8307835762794629,1.7616246212198707,1,1,1
1785154646.0293934,1,1,0.99791500507113695,1.0491292523760971,0.064541789980388176,3,0,1,0,0.39432324081263032,-1.2321534560722429,-2.5232189886653758,-0.31532085712267716,-0.9052518033974587,0.55284819474684443,0,-0.1495659745554612,-0.0017805473161364429,0,-0.030269304374319527,0,0,13.261052651500814,30.004096141838094,-0.73086900858323567,7.1505879480815402,0.41095333034951381,-9.9009032742539619e-17,12.349138320873962,29.776246433294361,-0.77263259256089256,6.9938341467882568,0.47110900675729828,0,12.528617490340515,29.777670871147269,-0.77263259256089256,6.9992826215756345,0.47110900675729828,1,1.8307835762794629,1.7616246212198707,1,1,1
1785154646.0493934,1,1,0.99791500507113695,1.0491292523760971,0.064541789980388176,3,0,1,0,0.39432324081263032,-1.2351768031077723,-2.5232598062234692,-0.31531943325437156,-0.90602116690524426,0.55284819474684443,0,-0.14529266099673374,-0.0028488757058183086,0,-0.047718668072456664,0,-0.59734471403156819,11.82742533782505,29.177060158441275,-0.90396956324768618,7.0178184105840051,0.48049927856250846,-4.4630950797790134e-16,12.405941249962602,29.766015059529998,-0.77333829128739906,7.0021034396740554,0.47084859368278997,-4.4408920985006262e-16,12.580292443158683,29.768294160094651,-0.77333829128739906,7.0106927999270976,0.47084859368278997,1,1.8307835762794629,1.7616246212198707,1,1,1
1785154646.0693936,1,1,0.99791500507113695,1.0491292523760971,0.064541789980388176,3,0,1,0,0.39432324081263032,-1.2379405314889167,-2.523325778788295,-0.3153184840088345,-0.90717307636446398,0.5528491439923815,0,-0.14066323797477898,-0.0035610946322728858,0,-0.0687291264028667,0,-0.27876086654806514,12.623884956533807,29.715595217397343,-0.82703598339681927,7.0873643587970001,0.48049927856250846,-9.5060101768920249e-16,12.45940268591063,29.754790118519374,-0.77478613114608341,7.0080684762893473,0.47059096200869033,-8.8817841970012523e-16,12.628198571480365,29.757638994225193,-0.77478613114608341,7.020439719041863,0.47059096200869033,1,1.8307835762794629,1.7616246212198707,1,1,1
1785154646.0893936,1,1,0.99791500507113695,1.0491292523760971,0.064541789980388176,3,0,1,0,0.39432371543539885,-1.2408841418993333,-2.5234192794736949,-0.31531658551776037,-0.90886653040257537,0.5528491439923815,0,-0.14422433260705186,-0.0056977514116366172,0,-0.094369007755231465,0,0.47787577122525454,12.783176880275558,29.907929167024513,-0.90396956324768618,7.1189761534392701,0.48049927856250846,1.7782516263501762e-16,12.517933838613448,29.740892010684696,-0.77714777615362673,7.0128071853875129,0.47029645094641892,2.2204460492503131e-16,12.691003037741911,29.745450211814006,-0.77714777615362673,7.0297936067834543,0.47029645094641892,1,1.8307835762794629,1.7616246212198707,1,1,1
1785154646.1093936,1,1,0.99791500507113695,1.0491292523760971,0.064541789980388176,3,0,1,0,0.39432324081263032,-1.2437931048476474,-2.5235175263867808,-0.31531658551776037,-0.91079444808834009,0.5528491439923815,0,-0.13923880012186982,-0.0042733135587274627,0,-0.10576451057850471,0,0.63716769496700609,12.783176880275558,29.542494662732896,-1.0001365380612699,7.0178184105840051,0.48049927856250846,4.9680502246059797e-16,12.576572214636499,29.7260008953401,-0.77992960223372543,7.0166336326277889,0.4699948097122747,4.4408920985006262e-16,12.743658774782743,29.729419546187081,-0.77992960223372543,7.0356712445319198,0.4699948097122747,1,1.8307835762794629,1.7616246212198707,1,1,1
1785154646.1293936,1,1,0.99791500507113695,1.0491292523760971,0.064541789980388176,3,0,1,0,0.39432371543539885,-1.2465145918023925,-2.5235749557417728,-0.31531658551776037,-0.91326960582621863,0.55285009323791856,0,-0.13959490958509713,-0.0028488757058183086,0.00035610946322728857,-0.13389715817346051,0,0,12.623884956533807,29.446327687919311,-0.63470203376965206,7.1189761534392701,0.51211107320477878,4.9585725843899093e-16,12.633976021664919,29.709217576642438,-0.78370010538540436,7.0181588505575281,0.46967924510542342,4.4408920985006262e-16,12.801489913167035,29.711496677207091,-0.78382474369753385,7.0422603390287506,0.46967924510542347,1,1.8307835762794629,1.7616246212198707,1,1,1
1785154646.1493936,1,1,0.99791500507113695,1.0491292523760971,0.064541789980388176,3,0,1,0,0.39432371543539885,-1.2493689731323256,-2.5236366567016812,-0.31531563627222331,-0.91603096109352022,0.55285009323791856,-0.00035610946322728857,-0.13817047173218797,-0.0039172040955001743,0,-0.14315600421737001,0,0.31858384748350305,12.623884956533807,29.27322713325486,-0.82703598339681927,7.1885221016522642,0.34140738213651917,1.1218340292830771e-15,12.694651404435223,29.690807543555994,-0.78791682400478902,7.0192218163950928,0.46933860426252805,0.00042733135587385651,12.860455970513849,29.693941306832393,-0.78791682400478902,7.0449898971542195,0.46933860426252805,1,1.8307835762794629,1.7616246212198707,1,1,1
1785154646.1693935,1,1,0.99791500507113695,1.0491292523760971,0.064541789980388176,3,0,1,0,0.39432324081263032,-1.2520785945178576,-2.5237458199384433,-0.31531658551776037,-0.91905098576967015,0.55285009323791856,0,-0.14066323797477898,-0.006409970338091194,0,-0.1559759448935524,0,-0.75663663777331969,13.261052651500814,30.27336367131613,-0.63470203376965206,7.0873643587970001,0.54372286784704904,-5.8326269329986033e-16,12.753485262063645,29.6717723336698,-0.79261921305628169,7.0187564777043638,0.46900308232753685,-6.6613381477509392e-16,12.922281147633379,29.676900309940272,-0.79261921305628169,7.0468321477852029,0.46900308232753685,1,1.8307835762794629,1.7616246212198707,1,1,1
1785154646.1893935,1,1,0.99791500507113695,1.0491292523760971,0.064541789980388176,3,0,1,0,0.39432371543539885,-1.2549752172741899,-2.5238378967555377,-0.31531611089499184,-0.9223738197721415,0.55284961861515003,0,-0.13817047173218797,-0.0021366567793637313,0.00035610946322728857,-0.1780547316136443,-0.00035610946322728857,0.31858384748350305,13.579636498984316,29.542494662732896,-0.90396956324768618,7.0494302052262752,0.41095333034951381,8.3489429141985562e-16,12.816643990828858,29.650814944769042,-0.79776536115975816,7.0180458012516711,0.46863414776584894,8.8817841970012523e-16,12.982448556907483,29.652524270192533,-0.79788999947188766,7.0500956529421268,0.46869824746922989,1,1.8307835762794629,1.7616246212198707,1,1,1
1785154646.2093935,1,1,0.99791500507113695,1.0491292523760971,0.064541789980388176,3,0,1,0,0.39432324081263032,-1.2576117467533685,-2.5238787143136312,-0.31531658551776037,-0.92613425596719645,0.55285056786068709,0,-0.13532159602636964,-0.003204985169045597,0,-0.1866013587310992,0,0.47787577122525454,12.783176880275558,29.177060158441275,-0.82703598339681927,7.0873643587970001,0.58165702141777342,1.0829468696231011e-15,12.876979229299057,29.628602285867117,-0.80370097229235249,7.0151606091562844,0.46826231454876754,1.1102230246251565e-15,13.0393651445307,29.631166274002354,-0.80370097229235249,7.048748853727882,0.46826231454876754,1,1.8307835762794629,1.7616246212198707,1,1,1
1785154646.2293935,1,1,0.99791500507113695,1.0491292523760971,0.064541789980388176,3,0,1,0,0.39432324081263032,-1.2603151980429095,-2.5239973700057634,-0.31531658551776037,-0.92958950972208743,0.55285056786068709,0,-0.12784329729859659,-0.0092588460439095022,0,-0.16381035308455275,0,-0.27876086654806514,12.464593032792056,29.811762192210928,-0.73086900858323567,6.7459569766604801,0.58165702141777342,6.3687537521695001e-16,12.936892416046849,29.607444486918332,-0.80906560773013214,7.0132262250989674,0.46790114942945277,6.6613381477509392e-16,13.090304372805164,29.614851563753462,-0.80906560773013214,7.042712088654187,0.46790114942945282,1,1.8307835762794629,1.7616246212198707,1,1,1
1785154646.2493935,1,1,0.99791500507113695,1.0491292523760971,0.064541789980388176,3,0,1,0,0.39432324081263032,-1.262731977180259,-2.5242636333789084,-0.3153170601405289,-0.93278799255920419,0.55285009323791856,0,-0.12107721749727811,-0.013888269065864253,0,-0.15312706918773408,-0.00035610946322728857,-0.43805279028981664,12.464593032792056,29.638661637546477,-0.73086900858323567,7.0178184105840051,0.54372286784704904,8.7755443559779152e-16,12.990229123370442,29.58846122729647,-0.81406543896667383,7.010557364998764,0.46758678664439812,8.8817841970012523e-16,13.135521784367176,29.59957184254916,-0.81406543896667383,7.0381202374525564,0.46765088634777902,1,1.8307835762794629,1.7616246212198707,1,1,1
1785154646.2693934,1,1,0.99791500507113695,1.0491292523760971,0.064541789980388176,3,0,1,0,0.39432229156709325,-1.2652498509673051,-2.5245109118413116,-0.31531753476329744,-0.93567986908785117,0.55285056786068709,0,-0.12321387427664185,-0.012107721749727811,0,-0.1467170988496429,0.00035610946322728857,0.15929192374175152,12.305301109050305,29.638661637546477,-0.90396956324768618,7.1189761534392701,0.41095333034951381,-4.2882289636705321e-16,13.044018688934248,29.570186684628425,-0.81847713626157059,7.0093217770995846,0.46727099526863303,-4.4408920985006262e-16,13.191875338066218,29.579872862028207,-0.81847713626157059,7.0357308548925204,0.46720689556525213,1,1.8307835762794629,1.7616246212198707,1,1,1
1785154646.2893934,1,1,0.99791500507113695,1.0491292523760971,0.064541789980388176,3,0,1,0,0.39432324081263032,-1.2676044545219773,-2.5247895154064381,-0.31531658551776037,-0.93883611049856885,0.55285056786068709,0,-0.11609168501209607,-0.014600487992318832,0.00035610946322728857,-0.15740038274646154,0,-0.27876086654806514,13.420344575242565,29.811762192210928,-0.73086900858323567,6.9482724623710101,0.48049927856250846,-1.9946914646461841e-16,13.095798041824384,29.55137351948235,-0.82336216859131051,7.0065163213679753,0.46695875056964797,-2.2204460492503131e-16,13.235108063838899,29.563053909876206,-0.82348680690344001,7.0348483902623382,0.46695875056964797,1,1.8307835762794629,1.7616246212198707,1,1,1
1785154646.3093934,1,1,0.99791500507113695,1.0491292523760971,0.064541789980388176,3,0,1,0,0.39432229156709325,-1.2699609565677237,-2.5251231752127143,-0.31531658551776037,-0.94181104601170851,0.55285104248345562,0,-0.11466724715918691,-0.021010458330410025,0,-0.14458044207027915,0.00035610946322728857,0,13.261052651500814,29.177060158441275,-0.82703598339681927,6.8471147195157451,0.48049927856250846,1.9799238753185406e-16,13.146576419307646,29.533332405100602,-0.82792904254953703,7.0041056681357432,0.46665740691835567,2.2204460492503131e-16,13.28417711589867,29.55014077176493,-0.82792904254953703,7.0301301477083937,0.46659330721497477,1,1.8307835762794629,1.7616246212198707,1,1,1
1785154646.3293936,1,1,0.99791500507113695,1.0491292523760971,0.064541789980388176,3,0,1,0,0.39432276618986178,-1.2721608330998555,-2.5257003164992455,-0.3153170601405289,-0.94482015436418221,0.55285104248345562,-0.00035610946322728857,-0.11181837145336861,-0.033118180080137838,-0.00035610946322728857,-0.14992208401868848,-0.00035610946322728857,-0.75663663777331969,13.89822034646782,29.638661637546477,-1.0963035128748535,7.0873643587970001,0.48049927856250846,-8.3387398132364341e-18,13.193865957849159,29.516345218976699,-0.83264087512914697,7.0001189157406563,0.46639054685936465,0.00042733135587274629,13.328048003593201,29.54283976304081,-0.83251623681701747,7.0271048908640203,0.46645464656274555,1,1.8307835762794629,1.7616246212198707,1,1,1
1785154646.3493936,1,1,0.99791500507113695,1.0491292523760971,0.064541789980388176,3,0,1,0,0.39432229156709325,-1.2743811184110341,-2.526385671777001,-0.3153170601405289,-0.94783543281264671,0.55285104248345562,0,-0.10647672950495927,-0.035610946322728855,0,-0.15633205435677969,0,-0.27876086654806514,12.305301109050305,29.638661637546477,-1.1924704876884371,7.1189761534392701,0.51211107320477878,5.2274050220376794e-16,13.241018256498073,29.49954333753724,-0.83736219285424118,6.9957797711777303,0.46612971676430404,4.4408920985006262e-16,13.368790331904025,29.528032094595424,-0.83736219285424118,7.023919540961951,0.46612971676430404,1,1.8307835762794629,1.7616246212198707,1,1,1
1785154646.3693936,1,1,0.99791500507113695,1.0491292523760971,0.064541789980388176,3,0,1,0,0.39432229156709325,-1.2765397027623038,-2.5271132684811564,-0.3153170601405289,-0.95127549863894478,0.55285151710622416,0,-0.11395502823273235,-0.036679274712410725,0,-0.18197193570914447,0,0.47787577122525454,13.261052651500814,29.715595217397343,-0.73086900858323567,6.9166606677287401,0.48049927856250846,4.5404239253369268e-16,13.288532291431743,29.481331517331022,-0.84281145458297191,6.9896370957037819,0.46585981823430361,4.4408920985006262e-16,13.425278325311021,29.510674937100951,-0.84281145458297191,7.0223920441314283,0.46585981823430367,1,1.8307835762794629,1.7616246212198707,1,1,1
1785154646.3893936,1,1,0.99791500507113695,1.0491292523760971,0.064541789980388176,3,0,1,0,0.39432229156709325,-1.2789113927366431,-2.5277891313035412,-0.3153170601405289,-0.95482852468415258,0.55285104248345562,0,-0.11644779447532336,-0.031693742227228684,0,-0.17876695054009886,0,-0.43805279028981664,13.579636498984316,29.350160713105726,-0.82703598339681927,7.0494302052262752,0.51211107320477878,6.1624927244515862e-16,13.340112952642038,29.461726966277741,-0.84834842499833873,6.9840681918994161,0.46556080218858897,6.6613381477509392e-16,13.479850306012425,29.487081960059523,-0.84834842499833873,7.0162462429966341,0.46556080218858897,1,1.8307835762794629,1.7616246212198707,1,1,1
1785154646.4093935,1,1,0.99791500507113695,1.0491292523760971,0.064541789980388176,3,0,1,0,0.39432229156709325,-1.2811387973893495,-2.5283805112731286,-0.3153170601405289,-0.95852678529653035,0.55285104248345562,0,-0.11288669984305047,-0.026352100278819353,0,-0.18232804517237175,0,-0.75663663777331969,14.057512270209571,29.177060158441275,-0.73086900858323567,7.0178184105840051,0.48049927856250846,1.2288250739794416e-15,13.390013789005753,29.441649657693688,-0.85411700576930782,6.9777704998336159,0.46525963154073419,1.3322676295501878e-15,13.525477828817413,29.462731337916743,-0.85411700576930782,7.010589547964643,0.46525963154073424,1,1.8307835762794629,1.7616246212198707,1,1,1
1785154646.4293935,1,1,0.99791500507113695,1.0491292523760971,0.064541789980388176,3,0,1,0,0.39432229156709325,-1.2834340730979557,-2.5288034001598878,-0.31531800938606597,-0.96199722698001422,0.55285009323791856,0,-0.11039393360045946,-0.016381035308455274,0,-0.17591807483428054,0,-0.43805279028981664,13.738928422726067,29.638661637546477,-0.90396956324768618,6.8787265141580161,0.51211107320477878,5.4261311294894731e-17,13.440589954758565,29.421603501410505,-0.85940729199864552,6.973086389390442,0.46494637418090717,0,13.573062675079116,29.434708329657269,-0.85940729199864552,7.0047516428606125,0.46494637418090723,1,1.8307835762794629,1.7616246212198707,1,1,1
1785154646.4493935,1,1,0.99791500507113695,1.0491292523760971,0.064541789980388176,3,0,1,0,0.39432181694432472,-1.2855266848844,-2.5290103356869666,-0.3153184840088345,-0.96553791283324042,0.55285009323791856,0,-0.10576451057850471,-0.0056977514116366172,0,-0.16345424362132546,0,-0.75663663777331969,13.261052651500814,29.27322713325486,-0.90396956324768618,6.8787265141580161,0.41095333034951381,-5.8885589054371007e-16,13.488736928983231,29.401132164800465,-0.86477877062454189,6.9682006718677298,0.46462585142191476,-6.6613381477509392e-16,13.615654341677438,29.405690365929775,-0.86477877062454189,6.9976224357195687,0.46462585142191482,1,1.8307835762794629,1.7616246212198707,1,1,1
1785154646.4693935,1,1,0.99791500507113695,1.0491292523760971,0.064541789980388176,3,0,1,0,0.39432086769878766,-1.2876278398806777,-2.5291076333545148,-0.31532085712267716,-0.96855841213215876,0.55284961861515003,0,-0.11110615252691403,-0.0042733135587274627,0,-0.15455150704064324,-0.00035610946322728857,-0.11946894280631364,14.216804193951322,29.638661637546477,-0.82703598339681927,6.9482724623710101,0.41095333034951381,-5.5382049496811918e-16,13.535223701806634,29.382248119907207,-0.86922878202509957,6.9654921125847036,0.46431647317250846,-4.4408920985006262e-16,13.668551084838931,29.385666770754188,-0.86922878202509957,6.9933113838520198,0.46438057287588935,1,1.8307835762794629,1.7616246212198707,1,1,1
1785154646.4893935,1,1,0.99791500507113695,1.0491292523760971,0.064541789980388176,3,0,1,0,0.39432086769878766,-1.2899065037923854,-2.5291270928880247,-0.31532323023651976,-0.97173696081299732,0.55284866936961297,-0.00035610946322728857,-0.11039393360045946,-0.00035610946322728857,0,-0.15205874079805221,0,-0.11946894280631364,13.89822034646782,28.984726208814109,-1.0001365380612699,6.9482724623710101,0.48049927856250846,1.9714658343463797e-16,13.58544975885561,29.361752312069854,-0.87383728608922628,6.963199440161052,0.463974938476656,0.00042733135587296833,13.717922479176162,29.362037199640437,-0.87383728608922628,6.9905700135047013,0.46397493847665605,1,1.8307835762794629,1.7616246212198707,1,1,1
1785154646.5093935,1,1,0.99791500507113695,1.0491292523760971,0.064541789980388176,3,0,1,0,0.39431944383048206,-1.2920574941793586,-2.5291256690197188,-0.31533129882358479,-0.97464592376131143,0.5528491439923815,0,-0.1089694957475503,0,-0.00035610946322728857,-0.14885375562900663,0,-0.91592856151507118,13.579636498984316,29.080893183627694,-1.0963035128748535,6.9482724623710101,0.58165702141777342,-9.171845022842018e-16,13.632467715323756,29.342592204663557,-0.87803709540700559,6.9614063053240818,0.46365815939954641,-8.8817841970012523e-16,13.763231110220817,29.342592204663557,-0.87791245709487609,6.9881999813373028,0.46365815939954647,1,1.8307835762794629,1.7616246212198707,1,1,1
1785154646.5293934,1,1,0.99791500507113695,1.0491292523760971,0.064541789980388176,3,0,1,0,0.39431944383048206,-1.2942844242092966,-2.529124719774182,-0.31533319731465892,-0.97773714185274063,0.5528491439923815,0,-0.10790116735786844,0.00035610946322728857,0,-0.14564877045996102,0.00035610946322728857,0.47787577122525454,14.216804193951322,29.080893183627694,-0.90396956324768618,7.0494302052262752,0.54372286784704904,6.1706172816267057e-16,13.681367514201366,29.32232302720184,-0.88245300308901065,6.9592869859589301,0.46331752563329487,6.6613381477509392e-16,13.810848915030808,29.322038139631257,-0.88245300308901065,6.9855037646417228,0.46325342592991398,1,1.8307835762794629,1.7616246212198707,1,1,1
1785154646.5493934,1,1,0.99791500507113695,1.0491292523760971,0.064541789980388176,3,0,1,0,0.39431944383048206,-1.2963670689176017,-2.5291266182652561,-0.3153336719374274,-0.9804543572025689,0.55284866936961297,0,-0.10576451057850471,0,0,-0.13817047173218797,0,-0.59734471403156819,13.89822034646782,29.542494662732896,-0.90396956324768618,6.7459569766604801,0.41095333034951381,7.9405775702737878e-16,13.726291975181415,29.303973192961532,-0.88626574483004383,6.9578836273243709,0.46300336247592633,8.8817841970012523e-16,13.853209387875621,29.303973192961532,-0.88626574483004383,6.9827543122361648,0.46300336247592633,1,1.8307835762794629,1.7616246212198707,1,1,1
1785154646.5693936,1,1,0.99791500507113695,1.0491292523760971,0.064541789980388176,3,0,1,0,0.394318494584945,-1.2984990743938338,-2.529124719774182,-0.31534553750664063,-0.98360822549944393,0.55284582163300178,0,-0.10434007272559555,0.00035610946322728857,-0.00071221892645457715,-0.1648786814742346,-0.00035610946322728857,-0.27876086654806514,14.376096117693073,28.811625654149658,-0.82703598339681927,7.0178184105840051,0.34140738213651917,-3.2541051616853591e-16,13.773720734533573,29.28356268624994,-0.89081078993720408,6.9551765885925008,0.46268085917308954,-2.2204460492503131e-16,13.898928821804287,29.283277798679357,-0.89056151331294497,6.9848547512578634,0.46274495887647044,1,1.8307835762794629,1.7616246212198707,1,1,1
1785154646.5893936,1,1,0.99791500507113695,1.0491292523760971,0.064541789980388176,3,0,1,0,0.39431517222556534,-1.3005266628609897,-2.5291213974148024,-0.31536120005800211,-0.98690068364472949,0.55284439776469618,-0.00035610946322728857,-0.10647672950495927,0,-0.0010683283896818657,-0.17520585590782597,0,0,14.376096117693073,29.715595217397343,-1.0001365380612699,7.0178184105840051,0.48049927856250846,6.1087824371947562e-16,13.819947643014128,29.262854176445323,-0.89560787229213101,6.9515976631222527,0.46236426854459983,0.00042733135587341242,13.94771971842008,29.262854176445323,-0.8952339573557424,6.9831347171856617,0.46236426854459989,1,1.8307835762794629,1.7616246212198707,1,1,1
1785154646.6093936,1,1,0.99791500507113695,1.0491292523760971,0.064541789980388176,3,0,1,0,0.39431374835725974,-1.3027289125069641,-2.5291256690197188,-0.31537733723213207,-0.99027145454682219,0.55284392314192765,0,-0.10647672950495927,0,-0.00035610946322728857,-0.16986421395941664,0,-0.59734471403156819,12.942468804017309,28.984726208814109,-0.90396956324768618,7.0494302052262752,0.41095333034951381,-8.2441785086770793e-17,13.869200589816124,29.241107265940222,-0.90045173390708999,6.9483737650035868,0.46202539465539288,0,13.996972665222076,29.241107265940222,-0.90032709559496049,6.9789493235162814,0.46202539465539294,1,1.8307835762794629,1.7616246212198707,1,1,1
1785154646.6293936,1,1,0.99791500507113695,1.0491292523760971,0.064541789980388176,3,0,1,0,0.39431137524341708,-1.3048186765567971,-2.5291266182652561,-0.31539727138841028,-0.99342864520307694,0.55284392314192765,-0.00035610946322728857,-0.10754505789464115,0,-0.0014244378529091543,-0.1427998947541427,0,0.31858384748350305,13.89822034646782,29.638661637546477,-1.0001365380612699,6.9166606677287401,0.48049927856250846,4.8534025639771338e-16,13.915694429915916,29.220517632324995,-0.90497707054609067,6.9454541975101156,0.46170852762062131,0.00042733135587319038,14.044748499389486,29.220517632324995,-0.90447851729757245,6.9711581785658616,0.46170852762062131,1,1.8307835762794629,1.7616246212198707,1,1,1
1785154646.6493936,1,1,0.99791500507113695,1.0491292523760971,0.064541789980388176,3,0,1,0,0.39431090062064855,-1.3070479797005778,-2.5291251943969506,-0.31541815479022556,-0.99616579470918354,0.55284344851915912,0,-0.10968171467400488,0,0,-0.13603381495282424,0,0.63716769496700609,14.216804193951322,29.350160713105726,-0.90396956324768618,6.9482724623710101,0.48049927856250846,-6.7563669155601894e-16,13.962617126987064,29.201002061370367,-0.90875826509056756,6.9445063894991677,0.46139415767706621,-6.6613381477509392e-16,14.09423518459587,29.201002061370367,-0.90875826509056756,6.9689924761906763,0.46139415767706626,1,1.8307835762794629,1.7616246212198707,1,1,1
1785154646.6693935,1,1,0.99791500507113695,1.0491292523760971,0.064541789980388176,3,0,1,0,0.39430947675234296,-1.3091847314044951,-2.5291256690197188,-0.31542574875452206,-0.99883602240492753,0.55284297389639059,0,-0.11110615252691403,0,-0.00071221892645457715,-0.13104828246764219,0,0.63716769496700609,14.694679965176578,29.350160713105726,-0.90396956324768618,7.0494302052262752,0.58165702141777342,-6.0466651283148868e-16,14.007676230846506,29.182008794243167,-0.91236560649753229,6.9434509216510385,0.46107392675173292,-6.6613381477509392e-16,14.141003613878803,29.182008794243167,-0.91211632987327318,6.9670396124952143,0.46107392675173298,1,1.8307835762794629,1.7616246212198707,1,1,1
1785154646.6893935,1,1,0.99791500507113695,1.0491292523760971,0.064541789980388176,3,0,1,0,0.39430852750680589,-1.3114828548497124,-2.5291228212831078,-0.31544378441972615,-1.0014701787702633,0.55284297389639059,0,-0.11466724715918691,0,-0.0010683283896818657,-0.13817047173218797,0.00035610946322728857,0,13.579636498984316,29.080893183627694,-0.73086900858323567,6.9862066159417351,0.41095333034951381,4.9530269013014409e-16,14.055067926202627,29.162422277230966,-0.91589584075364261,6.9431287201635188,0.46074843487301331,4.4408920985006262e-16,14.192668622793651,29.162422277230966,-0.915521925817254,6.9679994050753127,0.46068433516963242,1,1.8307835762794629,1.7616246212198707,1,1,1
1785154646.7093935,1,1,0.99791500507113695,1.0491292523760971,0.064541789980388176,3,0,1,0,0.3943071036385003,-1.313766739611874,-2.5291251943969506,-0.31545470074340232,-1.004135660238322,0.55284107540531646,0,-0.11894056071791438,-0.00035610946322728857,-0.00071221892645457715,-0.12535053105600558,0,-0.27876086654806514,14.216804193951322,28.811625654149658,-0.90396956324768618,7.0873643587970001,0.41095333034951381,-2.9456467734875209e-16,14.102227448791606,29.14266628584744,-0.9194164816300513,6.9426374105855118,0.46041479055806495,-2.2204460492503131e-16,14.244956121653104,29.142951173418023,-0.91916720500579219,6.9652005061755924,0.460414790558065,1,1.8307835762794629,1.7616246212198707,1,1,1
1785154646.7293935,1,1,0.99791500507113695,1.0491292523760971,0.064541789980388176,3,0,1,0,0.39430378127912064,-1.3162713239614012,-2.5291289913790989,-0.3154855512233567,-1.0067935477420844,0.55283965153701087,0,-0.12178943642373269,0.00035610946322728857,-0.0021366567793637313,-0.15205874079805221,0,0,14.057512270209571,28.811625654149658,-1.1924704876884371,7.0873643587970001,0.48049927856250846,-1.6224590197083689e-15,14.152721021013356,29.121953515223666,-0.92293771156661097,6.9429763836653322,0.46007995754397707,-1.5543122344752192e-15,14.298868344721836,29.121668627653083,-0.92218988169383365,6.9703469570089815,0.46007995754397712,1,1.8307835762794629,1.7616246212198707,1,1,1
1785154646.7493935,1,1,0.99791500507113695,1.0491292523760971,0.064541789980388176,3,0,1,0,0.39430188278804651,-1.3186729151701579,-2.5291194989237282,-0.31553775972789488,-1.0101268234454632,0.55283917691424234,0,-0.12570664051923286,0.00035610946322728857,-0.0039172040955001743,-0.16665922879037104,0,0.63716769496700609,13.89822034646782,28.811625654149658,-1.0001365380612699,6.9482724623710101,0.51211107320477878,1.8734370185507044e-16,14.204303674455485,29.098690760778396,-0.92764892600923987,6.9406200884972993,0.45974952529383806,2.2204460492503131e-16,14.355151643078564,29.098405873207813,-0.92627790457581483,6.9706187496795664,0.45974952529383806,1,1.8307835762794629,1.7616246212198707,1,1,1
1785154646.7693934,1,1,0.99791500507113695,1.0491292523760971,0.064541789980388176,3,0,1,0,0.39429903505143532,-1.3212244871737697,-2.5291237705286447,-0.31565071994680477,-1.0135009167069358,0.55283917691424234,0,-0.12250165535018727,-0.00035610946322728857,-0.0071221892645457717,-0.18517692087819004,0,0.31858384748350305,15.451316602949897,28.619291704522492,-0.82703598339681927,6.9166606677287401,0.34140738213651917,-1.87032137018201e-16,14.258235634253868,29.074561201561131,-0.93268527719119776,6.9385454539101508,0.45947401310772662,-2.2204460492503131e-16,14.405237620674093,29.074846089131714,-0.93019251094860678,6.9718772996682246,0.45947401310772662,1,1.8307835762794629,1.7616246212198707,1,1,1
1785154646.7893934,1,1,0.99791500507113695,1.0491292523760971,0.064541789980388176,3,0,1,0,0.39429618731482413,-1.3235662759136917,-2.5291270928880247,-0.31581256631087318,-1.0174811032438198,0.55283822766870527,-0.00035610946322728857,-0.11894056071791438,-0.00035610946322728857,-0.0096149555071367906,-0.19870908048082703,-0.00035610946322728857,-0.59734471403156819,14.057512270209571,29.446327687919311,-0.82703598339681927,6.9166606677287401,0.51211107320477878,7.4741969007554249e-16,14.311284350431279,29.048634656591009,-0.93898248139480289,6.9335009967167256,0.45925416797680885,0.00042733135587341242,14.454013023292777,29.048919544161592,-0.93561724696730497,6.9692686312032741,0.45931826768018974,1,1.8307835762794629,1.7616246212198707,1,1,1
1785154646.8093934,1,1,0.99791500507113695,1.0491292523760971,0.064541789980388176,3,0,1,0,0.39429001721883328,-1.3260338396872737,-2.5291261436424874,-0.31605130156344324,-1.021497361111112,0.55283775304593674,-0.00035610946322728857,-0.12143332696050541,0,-0.014244378529091543,-0.21152902115700942,0,-0.11946894280631364,15.292024679208145,28.984726208814109,-0.73086900858323567,6.9862066159417351,0.34140738213651917,-5.9810230177791802e-16,14.366368307583556,29.021863502579045,-0.94568428576037622,6.9286985234002785,0.45910923111707053,0.00042733135587208016,14.512088299936163,29.021863502579045,-0.94069875327519414,6.9667737472085403,0.45910923111707058,1,1.8307835762794629,1.7616246212198707,1,1,1
1785154646.8293936,1,1,0.99791500507113695,1.0491292523760971,0.064541789980388176,3,0,1,0,0.39428764410499062,-1.3284325831594193,-2.5291270928880247,-0.31640109854384907,-1.025808834340429,0.55283775304593674,0,-0.12250165535018727,0,-0.021010458330410025,-0.2150901157892823,0,-1.2345124089985742,14.694679965176578,29.446327687919311,-1.1924704876884371,6.8471147195157451,0.54372286784704904,7.745718719687389e-16,14.42151837576133,28.993987808213696,-0.95345893823275774,6.9224152006524164,0.45909182921103991,6.6613381477509392e-16,14.568520362181555,28.993987808213696,-0.94610527781711418,6.9611314214944873,0.45909182921103997,1,1.8307835762794629,1.7616246212198707,1,1,1
1785154646.8493936,1,1,0.99791500507113695,1.0491292523760971,0.064541789980388176,3,0,1,0,0.39428432174561096,-1.3309082155200662,-2.529124719774182,-0.31692982830799038,-1.0296978933057555,0.55283822766870527,-0.00035610946322728857,-0.12000888910759624,0.00035610946322728857,-0.030269304374319527,-0.1866013587310992,0.00035610946322728857,-0.11946894280631364,14.216804193951322,28.811625654149658,-0.73086900858323567,6.777568771302751,0.41095333034951381,-3.122223654803442e-16,14.476035434639893,28.967336656446427,-0.96153156556487418,6.9176243459894975,0.45929731027102838,0.00042733135587252424,14.62004610156901,28.967051768875844,-0.95093730903386231,6.9512125905610951,0.45923321056764749,1,1.8307835762794629,1.7616246212198707,1,1,1
1785154646.8693936,1,1,0.99791500507113695,1.0491292523760971,0.064541789980388176,3,0,1,0,0.3942805247634627,-1.3332405118046176,-2.5291261436424874,-0.31765647576660822,-1.0336590949318982,0.55283727842316821,0,-0.12036499857082354,0,-0.043089245050501913,-0.20227017511309991,-0.00035610946322728857,0.47787577122525454,14.376096117693073,29.27322713325486,-0.73086900858323567,7.0178184105840051,0.44256512499178408,-8.4044125093841471e-16,14.528564044148176,28.940816473261957,-0.97086550686485618,6.9117035215203533,0.45975512472800667,-8.8817841970012523e-16,14.673002042433165,28.940816473261957,-0.95578427109718056,6.9481121530407108,0.45981922443138762,1,1.8307835762794629,1.7616246212198707,1,1,1
1785154646.8893936,1,1,0.99791500507113695,1.0491292523760971,0.064541789980388176,3,0,1,0,0.39427815164962005,-1.3356568163191986,-2.5291289913790989,-0.31867074462295464,-1.0377797698082669,0.55283680380039968,-0.00035610946322728857,-0.11573557554886878,0,-0.053772528947320576,-0.2239928523699645,0,-0.27876086654806514,15.292024679208145,28.811625654149658,-0.44236808414248474,6.9862066159417351,0.41095333034951381,-1.1177401662795579e-15,14.583001259499678,28.913067054391881,-0.98202815822800149,6.9050992255769108,0.46054201455207056,0.00042733135587163607,14.72188395015832,28.913067054391881,-0.96320777309643935,6.9454179390035042,0.46054201455207056,1,1.8307835762794629,1.7616246212198707,1,1,1
1785154646.9094439,1,1,0.99791500507113695,1.0491292523760971,0.064541789980388176,3,0,1,0,0.39427103230809213,-1.3379962319452781,-2.5291270928880247,-0.31982170483663741,-1.0425127080560377,0.55283775304593674,-0.00071221892645457715,-0.124638312129551,-0.00035610946322728857,-0.064099703380911949,-0.23360780787710131,0,0,14.376096117693073,28.811625654149658,-1.0001365380612699,6.9166606677287401,0.48049927856250846,2.1582775629489428e-16,14.638810071518979,28.882868881515737,-0.99491537925241524,6.8958459963670924,0.46147106923779757,0.00085466271174571462,14.78837604607444,28.88315376908632,-0.97248048306909607,6.9378954017849708,0.46147106923779757,1,1.8307835762794629,1.7616246212198707,1,1,1
1785154646.9294438,1,1,0.99791500507113695,1.0491292523760971,0.064541789980388176,3,0,1,0,0.39426628608040681,-1.3406882922883743,-2.5291270928880247,-0.32130062938337367,-1.0474027464401918,0.55283680380039968,0,-0.13282882978377863,0.00035610946322728857,-0.079056300836458065,-0.26316489332496623,-0.00035610946322728857,-0.59734471403156819,14.694679965176578,28.715458679336074,-1.0001365380612699,7.0178184105840051,0.51211107320477878,-1.1114836284482418e-15,14.700610264642958,28.850222786836543,-1.0097565230673833,6.8868968494365372,0.4627463864149165,-1.1102230246251565e-15,14.860004860383492,28.84993789926596,-0.98208681777462292,6.934266530235031,0.46281048611829739,1,1.8307835762794629,1.7616246212198707,1,1,1
1785154646.9494438,1,1,0.99791500507113695,1.0491292523760971,0.064541789980388176,3,0,1,0,0.39426296372102715,-1.3432915981737557,-2.5291285167563302,-0.32285976517799136,-1.0529226092381838,0.55283680380039968,-0.00035610946322728857,-0.13532159602636964,-0.00035610946322728857,-0.081549067079049076,-0.26672598795723912,-0.00035610946322728857,-0.91592856151507118,14.216804193951322,29.080893183627694,-1.0001365380612699,6.8787265141580161,0.48049927856250846,2.3245772631762461e-16,14.763668626320644,28.815070999045091,-1.026031596034952,6.8752272233327609,0.46409437656048913,0.00042733135587296833,14.926054541552288,28.815355886615674,-0.99748942255728479,6.9232379011650638,0.46415847626387002,1,1.8307835762794629,1.7616246212198707,1,1,1
1785154646.9694438,1,1,0.99791500507113695,1.0491292523760971,0.064541789980388176,3,0,1,0,0.39425679362503624,-1.3461175021375773,-2.5291356360978581,-0.32459118903758505,-1.0580224308860275,0.55283775304593674,0,-0.14066323797477898,-0.00035610946322728857,-0.084397942784867397,-0.26565765956755727,0,-0.27876086654806514,15.01326381266008,28.446191149858041,-1.0001365380612699,6.9166606677287401,0.41095333034951381,-3.8413397934530364e-16,14.828201132935554,28.780466068273839,-1.0425510851933995,6.8656257190352123,0.4656330574169143,-4.4408920985006262e-16,14.996997018505288,28.780750955844422,-1.0130118052186958,6.913444097757373,0.4656330574169143,1,1.8307835762794629,1.7616246212198707,1,1,1
1785154646.9894438,1,1,0.99791500507113695,1.0491292523760971,0.064541789980388176,3,0,1,0,0.39425631900226771,-1.3487844074739415,-2.5291313644929412,-0.32615791879649919,-1.0633434267440058,0.55283727842316821,-0.00035610946322728857,-0.13603381495282424,0.00035610946322728857,-0.079056300836458065,-0.25889157976623878,0,-0.11946894280631364,14.853971888918329,29.27322713325486,-0.82703598339681927,6.8471147195157451,0.48049927856250846,6.4664080972659022e-16,14.891221027847658,28.745382540231972,-1.0584928775263107,6.8548867033393712,0.46697398984305777,0.00042733135587341242,15.054461605791047,28.745097652661389,-1.0308231722335504,6.9014871876972945,0.46697398984305782,1,1.8307835762794629,1.7616246212198707,1,1,1
1785154647.0094438,1,1,0.99791500507113695,1.0491292523760971,0.064541789980388176,3,0,1,0,0.39425062352904539,-1.351823891683601,-2.5291318391157098,-0.3278684592542776,-1.0686003485282327,0.55283727842316821,0,-0.1467170988496429,-0.00035610946322728857,-0.080124629226139929,-0.25924768922946606,0,0.15929192374175152,16.088484297916903,28.619291704522492,-0.90396956324768618,6.9166606677287401,0.34140738213651917,5.2166539011956656e-16,14.959404090958285,28.708632715307282,-1.0749831636999012,6.8456151038776207,0.46843610233817906,4.4408920985006262e-16,15.135464609577857,28.708917602877865,-1.0469395434707522,6.8922796879389248,0.46843610233817912,1,1.8307835762794629,1.7616246212198707,1,1,1
1785154647.0294437,1,1,0.99791500507113695,1.0491292523760971,0.064541789980388176,3,0,1,0,0.39425109815181392,-1.3546104019576346,-2.5291332629840153,-0.32943091740827496,-1.0741904554959671,0.55283632917763115,0,-0.13923880012186982,0,-0.079768519762912632,-0.28239480433923986,-0.00035610946322728857,-0.59734471403156819,14.853971888918329,29.080893183627694,-0.73086900858323567,6.9482724623710101,0.41095333034951381,2.6316907497088947e-16,15.025127561204158,28.671386864361164,-1.0911959059910092,6.8343415171733541,0.46972903446809466,2.2204460492503131e-16,15.192214121350402,28.671386864361164,-1.0632769240739899,6.8851725819544169,0.46979313417147556,1,1.8307835762794629,1.7616246212198707,1,1,1
1785154647.0494437,1,1,0.99791500507113695,1.0491292523760971,0.064541789980388176,3,0,1,0,0.39425062352904539,-1.3574287119571598,-2.5291304152474043,-0.3311039626673396,-1.0797373717917651,0.55283680380039968,0,-0.13532159602636964,0,-0.082617395468730953,-0.28381924219214899,0,0.15929192374175152,16.247776221658654,28.446191149858041,-0.73086900858323567,6.8787265141580161,0.58165702141777342,3.6198460950094926e-16,15.091085074641857,28.633877989302725,-1.107939667574954,6.8231828169361801,0.47114170039437486,4.4408920985006262e-16,15.253470989873501,28.633877989302725,-1.0790235791608982,6.8742702805307667,0.47114170039437486,1,1.8307835762794629,1.7616246212198707,1,1,1
1785154647.0694437,1,1,0.99791500507113695,1.0491292523760971,0.064541789980388176,3,0,1,0,0.39425014890627685,-1.3600766323827829,-2.5291323137384785,-0.33272337555356046,-1.0857052784832484,0.55283680380039968,0,-0.1342532676366878,0,-0.082973504931958236,-0.29165365038314933,0,0,14.376096117693073,28.715458679336074,-1.0001365380612699,7.0873643587970001,0.34140738213651917,2.8235851418115857e-16,15.156278569205558,28.595110502163241,-1.1250462604219726,6.8098428354896319,0.47248610652861506,2.2204460492503131e-16,15.317382490369583,28.595110502163241,-1.0960055336957872,6.8623404925585989,0.47248610652861511,1,1.8307835762794629,1.7616246212198707,1,1,1
1785154647.0894437,1,1,0.99791500507113695,1.0491292523760971,0.064541789980388176,3,0,1,0,0.39424967428350832,-1.3627772359357126,-2.5291313644929412,-0.33435465400899456,-1.0912882661094547,0.55283537993209408,0,-0.12997995407796031,0,-0.082617395468730953,-0.27527261507469408,0,-0.27876086654806514,15.451316602949897,28.715458679336074,-1.0963035128748535,6.644799233805216,0.41095333034951381,-9.9793697212244284e-16,15.220499113343017,28.557508251178287,-1.1415858311711831,6.7980796259314644,0.47384663300709784,-8.8817841970012523e-16,15.376475058236569,28.557508251178287,-1.1126697427571273,6.8476286966449091,0.47384663300709784,1,1.8307835762794629,1.7616246212198707,1,1,1
1785154647.1094437,1,1,0.99791500507113695,1.0491292523760971,0.064541789980388176,3,0,1,0,0.39425014890627685,-1.3653672523835754,-2.529130889870173,-0.33601440983054037,-1.0969571604567647,0.55283490530932555,0,-0.13460937709991508,-0.00035610946322728857,-0.079412410299685349,-0.27990203809664882,0,-0.59734471403156819,15.610608526691648,28.715458679336074,-1.0001365380612699,7.0494302052262752,0.41095333034951381,1.482900809327713e-15,15.283438952538246,28.519799027611882,-1.158440879282699,6.7854788206423908,0.47524257746107013,1.5543122344752192e-15,15.444970205058144,28.520083915182465,-1.130646535677809,6.8358611874997877,0.47524257746107013,1,1.8307835762794629,1.7616246212198707,1,1,1
1785154647.1294436,1,1,0.99791500507113695,1.0491292523760971,0.064541789980388176,3,0,1,0,0.39425062352904539,-1.368074975278033,-2.5291285167563302,-0.33749570749111929,-1.1025581837481753,0.55283443068655702,0,-0.12891162568827846,0.00035610946322728857,-0.065524141233821095,-0.28987310306701292,0,0,15.292024679208145,28.619291704522492,-1.5579049919800549,6.676411028447486,0.44256512499178408,-1.2157449120140642e-16,15.347658024737338,28.481634079616406,-1.1740479487123818,6.7738547413172654,0.47640368151029239,-2.2204460492503131e-16,15.502351975563272,28.481349192045823,-1.1511144992805444,6.8260318998693279,0.47640368151029244,1,1.8307835762794629,1.7616246212198707,1,1,1
1785154647.1494439,1,1,0.99791500507113695,1.0491292523760971,0.064541789980388176,3,0,1,0,0.39425062352904539,-1.3706218010539595,-2.5291280421335616,-0.33865331242356145,-1.1085094786427601,0.55283395606378849,0,-0.13247272032055135,-0.00035610946322728857,-0.057333623579593457,-0.30198082481674071,-0.00035610946322728857,-0.11946894280631364,15.451316602949897,28.446191149858041,-0.73086900858323567,6.8471147195157451,0.51211107320477878,-4.6296337560249036e-16,15.410968236494917,28.442554508951062,-1.1882945063881298,6.7607040596617827,0.47717817566718779,-4.4408920985006262e-16,15.569935500879579,28.442839396521645,-1.1682277381352721,6.8150606081287961,0.47724227537056868,1,1.8307835762794629,1.7616246212198707,1,1,1
1785154647.1694438,1,1,0.99791500507113695,1.0491292523760971,0.064541789980388176,3,0,1,0,0.39425157277458245,-1.37334803423639,-2.5291266182652561,-0.33971551817952927,-1.1144840300530028,0.55283348144101996,0,-0.13211661085732407,0,-0.051991981631184132,-0.30518580998578632,0,0,15.01326381266008,28.253857200230872,-1.2694040675393041,6.9862066159417351,0.51211107320477878,-5.2479215150251812e-16,15.476847500204405,28.402285215377987,-1.2018565595693762,6.7483096560646061,0.47780634586378645,-4.4408920985006262e-16,15.635387433233195,28.402285215377987,-1.1836593659984618,6.8032431018620478,0.47780634586378645,1,1.8307835762794629,1.7616246212198707,1,1,1
1785154647.1894438,1,1,0.99791500507113695,1.0491292523760971,0.064541789980388176,3,0,1,0,0.39425109815181392,-1.3759181165279744,-2.5291280421335616,-0.34067140843534666,-1.1204376980614301,0.55283395606378849,0.00035610946322728857,-0.1342532676366878,0,-0.043089245050501913,-0.28738033682442188,0,-0.27876086654806514,15.610608526691648,28.446191149858041,-1.1924704876884371,6.9166606677287401,0.64488061070231395,2.672637582464539e-16,15.540312268306568,28.362669506372612,-1.2147777468273913,6.7354348978450247,0.47832355671406845,-0.00042733135587252424,15.701416189470594,28.362669506372612,-1.1996965110597155,6.7871633584734203,0.47832355671406845,1,1.8307835762794629,1.7616246212198707,1,1,1
1785154647.2094607,1,1,0.99791500507113695,1.0491292523760971,0.064541789980388176,3,0,1,0,0.39425299664288804,-1.3785612907259122,-2.5291242451514133,-0.34141229457702038,-1.1255531822606355,0.55283348144101996,0.00035610946322728857,-0.13460937709991508,0.00071221892645457715,-0.033830399006592411,-0.27456039614823946,0,0.47787577122525454,16.407068145400405,28.350024175044457,-1.0001365380612699,6.777568771302751,0.54372286784704904,-8.059980156952063e-16,15.600875187098401,28.326304343466596,-1.2251055957874806,6.7263047772240334,0.47860611990899815,-0.00042733135587363447,15.762406439618299,28.325734568325434,-1.2132649561351732,6.7757256485307167,0.47860611990899815,1,1.8307835762794629,1.7616246212198707,1,1,1
1785154647.2294607,1,1,0.99791500507113695,1.0491292523760971,0.064541789980388176,3,0,1,0,0.39425536975673064,-1.3811612742519139,-2.5291190243009596,-0.34195906000636578,-1.1308922137838178,0.55283395606378849,0,-0.13282882978377863,0,-0.022791005646546469,-0.25070106211201115,0,0,17.203527764109165,28.523124729708908,-1.1924704876884371,6.8155029248734751,0.48049927856250846,8.3747168441549772e-16,15.661695561879068,28.288994485938694,-1.2345574004481965,6.716405953585241,0.47864851540036879,8.8817841970012523e-16,15.821090157619603,28.288994485938694,-1.2265805484719052,6.7615321447654031,0.47864851540036879,1,1.8307835762794629,1.7616246212198707,1,1,1
1785154647.2494607,1,1,0.99791500507113695,1.0491292523760971,0.064541789980388176,3,0,1,0,0.39425631900226771,-1.383814415527991,-2.5291180750554227,-0.34230221226801222,-1.1357215004536001,0.55283395606378849,0,-0.1274871878353693,0.00035610946322728857,-0.011751612286500523,-0.24820829586942014,0,-1.0752204852568228,15.769900450433399,27.79225572112567,-1.0963035128748535,6.8155029248734751,0.48049927856250846,4.9772927686810953e-16,15.720719534866479,28.253636227718793,-1.2419734884708489,6.7089030899607263,0.4784610757703075,4.4408920985006262e-16,15.873704160268922,28.25335134014821,-1.2378604241705737,6.7535805832172215,0.4784610757703075,1,1.8307835762794629,1.7616246212198707,1,1,1
1785154647.2694607,1,1,0.99791500507113695,1.0491292523760971,0.064541789980388176,3,0,1,0,0.39425869211611037,-1.3862117351318308,-2.5291085826000521,-0.3424037815404774,-1.1407292452843494,0.55283443068655702,0,-0.11751612286500522,0.00071221892645457715,0,-0.23147115109773755,0.00035610946322728857,0.31858384748350305,15.769900450433399,28.157690225417291,-1.2694040675393041,6.8155029248734751,0.54372286784704904,5.3298945809043331e-16,15.776886151284486,28.218607063012499,-1.2482679642040639,6.6999801187957928,0.47801158087999251,4.4408920985006262e-16,15.917905498722492,28.218037287871336,-1.2482679642040639,6.7416449259933859,0.47794748117661162,1,1.8307835762794629,1.7616246212198707,1,1,1
1785154647.2894607,1,1,0.99791500507113695,1.0491292523760971,0.064541789980388176,3,0,1,0,0.39426059060718449,-1.3885914936932351,-2.5291081079772835,-0.34240045918109768,-1.1450853330539084,0.55283443068655702,0.00071221892645457715,-0.11573557554886878,0,0,-0.21936342934800976,0,-0.27876086654806514,15.769900450433399,28.157690225417291,-1.1924704876884371,6.777568771302751,0.41095333034951381,9.5397118738844637e-16,15.829628108849246,28.186576326872213,-1.2529694077470332,6.6935419409608485,0.47746838288922061,-0.0008546627117446044,15.968510799507888,28.186576326872213,-1.2529694077470332,6.7330273582434899,0.47746838288922067,1,1.8307835762794629,1.7616246212198707,1,1,1
1785154647.3094606,1,1,0.99791500507113695,1.0491292523760971,0.064541789980388176,3,0,1,0,0.39426438758933274,-1.3907913702253669,-2.5291090572228203,-0.34239476370787536,-1.1491870230195356,0.55283443068655702,0.00035610946322728857,-0.10968171467400488,0,0.00071221892645457715,-0.18553303034141735,0,0,15.769900450433399,28.157690225417291,-1.5579049919800549,6.644799233805216,0.48049927856250846,-3.9764045395539025e-16,15.8786306976912,28.15649622132554,-1.2573513214618024,6.687278896961308,0.47695771881032001,-0.00042733135587319038,16.010248755300005,28.15649622132554,-1.2576005980860614,6.7206748424227634,0.47695771881032001,1,1.8307835762794629,1.7616246212198707,1,1,1
1785154647.3294606,1,1,0.99791500507113695,1.0491292523760971,0.064541789980388176,3,0,1,0,0.39426865919424947,-1.3928388928488009,-2.5291052602406721,-0.3423923905940327,-1.1523261780105862,0.55283443068655702,0,-0.092944569902322319,-0.00035610946322728857,0.00035610946322728857,-0.13176050139409676,0,-0.75663663777331969,15.292024679208145,28.523124729708908,-1.0001365380612699,6.372937799881691,0.51211107320477878,2.6606473557588968e-16,15.921032636017266,28.131493881207589,-1.2604663064677011,6.6840553033090204,0.47651330293436761,2.2204460492503131e-16,16.032566119900054,28.131778768778172,-1.2605909447798307,6.7077721935599577,0.47651330293436767,1,1.8307835762794629,1.7616246212198707,1,1,1
1785154647.3494606,1,1,0.99791500507113695,1.0491292523760971,0.064541789980388176,3,0,1,0,0.394269133817018,-1.3945162097127821,-2.5291085826000521,-0.34239286521680123,-1.1544391985760774,0.55283443068655702,0,-0.082261286005503656,-0.00035610946322728857,0,-0.08546627117454926,0,-0.27876086654806514,15.292024679208145,28.061523250603706,-1.6540719667936385,6.474095542736956,0.48049927856250846,6.7607271562073154e-17,15.95353403503033,28.113091809092111,-1.2623840928801218,6.6831433395453459,0.47617204215520231,0,16.052247578236933,28.113376696662694,-1.2623840928801218,6.6985272683567647,0.47617204215520237,1,1.8307835762794629,1.7616246212198707,1,1,1
1785154647.3694606,1,1,0.99791500507113695,1.0491292523760971,0.064541789980388176,3,0,1,0,0.39427435466747185,-1.3960079490742687,-2.5291000393902183,-0.3423923905940327,-1.1557847541248569,0.55283443068655702,0,-0.064099703380911949,0.0010683283896818657,-0.00035610946322728857,-0.052704200557638706,0,-0.27876086654806514,14.694679965176578,28.350024175044457,-1.0001365380612699,6.575253285592221,0.48049927856250846,8.5342600038892467e-16,15.979964585912221,28.099082682824392,-1.2633350682194311,6.6844362286931913,0.47588846678961522,8.8817841970012523e-16,16.056884229969317,28.098228020112646,-1.2632104299073015,6.6939229847935664,0.47588846678961527,1,1.8307835762794629,1.7616246212198707,1,1,1
1785154647.3894608,1,1,0.99791500507113695,1.0491292523760971,0.064541789980388176,3,0,1,0,0.39427435466747185,-1.3971299572990712,-2.5290620695687362,-0.3423923905940327,-1.1565593384830961,0.55283490530932555,0,-0.052704200557638706,0.0014244378529091543,-0.00035610946322728857,-0.026352100278819353,0,0.31858384748350305,16.725651992883908,28.523124729708908,-1.3655710423528877,6.613187439162945,0.44256512499178408,5.9851497755634955e-16,15.998879592723906,28.089446003612466,-1.2637048764730765,6.686457253457478,0.4756803169895662,6.6613381477509392e-16,16.062124633393072,28.088306453330137,-1.2635802381609469,6.6912006315076651,0.47568031698956625,1,1.8307835762794629,1.7616246212198707,1,1,1
1785154647.4094608,1,1,0.99791500507113695,1.0491292523760971,0.064541789980388176,3,0,1,0,0.39427720240408298,-1.3980725581173699,-2.5290573233410507,-0.34239049210295858,-1.1568816073429273,0.55283490530932555,0.00035610946322728857,-0.038459822028547162,-0.00035610946322728857,0.00035610946322728857,-0.0074782987277730601,0,0.95575154245050908,15.451316602949897,28.523124729708908,-1.1924704876884371,6.7143451820182101,0.51211107320477878,1.0960646223330517e-15,16.01307351819381,28.082987230277098,-1.2635697083742592,6.6893016048188789,0.47552181336752558,-0.00042733135587163607,16.059225304628068,28.083272117847681,-1.2636943466863888,6.6906476985898777,0.47552181336752564,1,1.8307835762794629,1.7616246212198707,1,1,1
1785154647.4294608,1,1,0.99791500507113695,1.0491292523760971,0.064541789980388176,3,0,1,0,0.39427910089515711,-1.3986653619552625,-2.5290568487182821,-0.34238622049804185,-1.1569005922536686,0.55283490530932555,0.00035610946322728857,-0.023859334036228332,0,0,0,0,-0.75663663777331969,16.088484297916903,28.253857200230872,-1.4617380171664713,6.7143451820182101,0.51211107320477878,-1.0589005026587573e-16,16.021123499512989,28.079775776589596,-1.2632168714419945,6.691787196586283,0.47542682822256355,-0.00042733135587274629,16.049754700356463,28.079775776589596,-1.2632168714419945,6.691787196586283,0.47542682822256355,1,1.8307835762794629,1.7616246212198707,1,1,1
1785154647.4494607,1,1,0.99791500507113695,1.0491292523760971,0.064541789980388176,3,0,1,0,0.39428147400899977,-1.3990180066722795,-2.5290568487182821,-0.34238574587527332,-1.156901066876437,0.55283490530932555,0,-0.011751612286500523,-0.00035610946322728857,0,0,0.00035610946322728857,0.47787577122525454,15.292024679208145,28.061523250603706,-1.3655710423528877,6.7143451820182101,0.51211107320477878,5.1264662791005027e-16,16.025858474278078,28.077911252023242,-1.2630046662325807,6.6933022164868943,0.47537319627284391,4.4408920985006262e-16,16.039960409021877,28.078196139593825,-1.2630046662325807,6.6933022164868943,0.47530909656946302,1,1.8307835762794629,1.7616246212198707,1,1,1
1785154647.4694607,1,1,0.99791500507113695,1.0491292523760971,0.064541789980388176,3,0,1,0,0.39428289787730536,-1.3991205251902818,-2.5290563740955139,-0.34238574587527332,-1.1568996430081315,0.55283490530932555,0.00035610946322728857,0.00071221892645457715,0,-0.00035610946322728857,0,0,0.31858384748350305,14.376096117693073,28.061523250603706,-1.5579049919800549,6.613187439162945,0.51211107320477878,5.6329519468384405e-16,16.02723005076686,28.07737318276007,-1.262941369922431,6.6937503353001606,0.47535775353023996,-0.00042733135587208016,16.026375388055115,28.07737318276007,-1.2628167316103014,6.6937503353001606,0.47535775353024001,1,1.8307835762794629,1.7616246212198707,1,1,1
1785154647.4894607,1,1,0.99791500507113695,1.0491292523760971,0.064541789980388176,3,0,1,0,0.39428337250007389,-1.3991129312259853,-2.5290568487182821,-0.34238574587527332,-1.1569001176308999,0.55283490530932555,0,0,0,0,0,0,-0.27876086654806514,16.088484297916903,27.79225572112567,-1.0963035128748535,6.7143451820182101,0.41095333034951381,3.8974871460936905e-16,16.027127734529181,28.077413673402738,-1.2629468229856213,6.6937138402847314,0.47535894743205775,4.4408920985006262e-16,16.027127734529181,28.077413673402738,-1.2629468229856213,6.6937138402847314,0.47535894743205775,1,1.8307835762794629,1.7616246212198707,1,1,1
1785154647.5094607,1,1,0.99791500507113695,1.0491292523760971,0.064541789980388176,3,0,1,0,0.39428479636837949,-1.3991115073576796,-2.5290558994727452,-0.34238622049804185,-1.1568977445170574,0.55283443068655702,0.00035610946322728857,0,0,0,0,0,0,16.566360069142156,28.157690225417291,-1.6540719667936385,6.676411028447486,0.41095333034951381,-1.1130002323359528e-16,16.027102996681414,28.077427002574957,-1.2629461793107239,6.6937202293457183,0.47536015485848238,-0.00042733135587296833,16.027102996681414,28.077427002574957,-1.2629461793107239,6.6937202293457183,0.47536015485848238,1,1.8307835762794629,1.7616246212198707,1,1,1
1785154647.5294607,1,1,0.99791500507113695,1.0491292523760971,0.064541789980388176,3,0,1,0,0.39428527099114802,-1.3991110327349112,-2.5290506786222915,-0.34238574587527332,-1.1568939475349092,0.55283443068655702,0,0.00035610946322728857,0.00035610946322728857,0,0.00035610946322728857,0,-1.0752204852568228,16.247776221658654,28.061523250603706,-1.0963035128748535,6.7143451820182101,0.51211107320477878,1.9686919856715107e-16,16.027107776194491,28.077419583966211,-1.2629353270591956,6.6937558251534846,0.47535905070018569,2.2204460492503131e-16,16.026680444838618,28.077134696395628,-1.2629353270591956,6.6936917254501038,0.47535905070018569,1,1.8307835762794629,1.7616246212198707,1,1,1
1785154647.5494606,1,1,0.99791500507113695,1.0491292523760971,0.064541789980388176,3,0,1,0,0.39428811872775915,-1.3991105581121426,-2.5290497293767542,-0.34238384738419919,-1.1568929982893721,0.55283443068655702,0,0,0,0.00035610946322728857,0,0,0.31858384748350305,16.088484297916903,28.350024175044457,-1.6540719667936385,6.7143451820182101,0.51211107320477878,6.515570989269921e-16,16.027101547889149,28.077422201651927,-1.2629223157447174,6.6937640855188825,0.47535679058545943,6.6613381477509392e-16,16.027101547889149,28.077422201651927,-1.263046954056847,6.6937640855188825,0.47535679058545943,1,1.8307835762794629,1.7616246212198707,1,1,1
1785154647.5694606,1,1,0.99791500507113695,1.0491292523760971,0.064541789980388176,3,0,1,0,0.39428906797329621,-1.3991096088666055,-2.5290473562629119,-0.34238289813866213,-1.156891099798298,0.55283395606378849,0.00035610946322728857,0.00035610946322728857,0,0,0,0,0.79645961870875759,15.451316602949897,28.061523250603706,-1.3655710423528877,6.7143451820182101,0.34140738213651917,-1.6632076422573664e-16,16.02709272965852,28.077423866940407,-1.2629126085739086,6.6937787511678026,0.47535601811015854,-0.00042733135587296833,16.026665398302647,28.077423866940407,-1.2629126085739086,6.6937787511678026,0.4753560181101586,1,1.8307835762794629,1.7616246212198707,1,1,1
1785154647.5894606,1,1,0.99791500507113695,1.0491292523760971,0.064541789980388176,3,0,1,0,0.39428954259606475,-1.3991086596210685,-2.5290468816401432,-0.34238147427035653,-1.1568906251755295,0.55283348144101996,0,0,0,0,0,0.00035610946322728857,0.63716769496700609,15.451316602949897,28.446191149858041,-1.5579049919800549,6.644799233805216,0.41095333034951381,4.9202274947820633e-16,16.027079812162697,28.077429201268636,-1.2629031101210835,6.6937804463406305,0.47535491076092279,4.4408920985006262e-16,16.027079812162697,28.077429201268636,-1.2629031101210835,6.6937804463406305,0.47529081105754195,1,1.8307835762794629,1.7616246212198707,1,1,1
1785154647.6094606,1,1,0.99791500507113695,1.0491292523760971,0.064541789980388176,3,0,1,0,0.39429001721883328,-1.3991081849983,-2.5290464070173746,-0.34238147427035653,-1.1568887266844554,0.55283110832717741,-0.00035610946322728857,0,0,0,0.00071221892645457715,-0.00071221892645457715,0,16.407068145400405,28.253857200230872,-1.3655710423528877,6.7143451820182101,0.44256512499178408,-1.6067735451166622e-16,16.027066915814004,28.077438306255985,-1.2628977392645824,6.6937876174308082,0.47535736076741603,0.00042733135587252424,16.027066915814004,28.077438306255985,-1.2628977392645824,6.6936594180240467,0.47548556017417792,1,1.8307835762794629,1.7616246212198707,1,1,1
1785154647.6294608,1,1,0.99791500507113695,1.0491292523760971,0.064541789980388176,3,0,1,0,0.39429286495544447,-1.3991077103755314,-2.5290421354124577,-0.34237435492882862,-1.156876861115242,0.55283015908164035,0.00035610946322728857,0,0,0,0.00035610946322728857,0,0.63716769496700609,15.769900450433399,28.061523250603706,-1.1924704876884371,6.644799233805216,0.51211107320477878,2.3895771138196539e-16,16.027026367151876,28.077475868785712,-1.2628353316565943,6.693859052916995,0.47534989591848348,-0.00042733135587252424,16.027026367151876,28.077475868785712,-1.2628353316565943,6.6937949532136143,0.47534989591848353,1,1.8307835762794629,1.7616246212198707,1,1,1
1785154647.6494608,1,1,0.99791500507113695,1.0491292523760971,0.064541789980388176,3,0,1,0,0.39429381420098153,-1.3991058118844573,-2.5290426100352263,-0.34237482955159715,-1.1568797088518532,0.55283063370440888,0,0,0,0,0,0,0,16.566360069142156,28.253857200230872,-1.3655710423528877,6.676411028447486,0.41095333034951381,4.5620897908662965e-17,16.027011717802331,28.077475039448338,-1.2628440361948035,6.6938373158682394,0.47535021157588359,0,16.027011717802331,28.077475039448338,-1.2628440361948035,6.6938373158682394,0.47535021157588364,1,1.8307835762794629,1.7616246212198707,1,1,1
1785154647.6694608,1,1,0.99791500507113695,1.0491292523760971,0.064541789980388176,3,0,1,0,0.39429428882375006,-1.3991062865072259,-2.5290426100352263,-0.34237388030606009,-1.1568792342290848,0.55283063370440888,0,0,-0.00035610946322728857,0,0.00035610946322728857,0.00035610946322728857,-0.27876086654806514,16.725651992883908,28.157690225417291,-1.6540719667936385,6.676411028447486,0.48049927856250846,7.7343236348084144e-16,16.027015525822204,28.077475092868255,-1.2628373892159355,6.6938424658062852,0.47534904578916093,6.6613381477509392e-16,16.027015525822204,28.077759980438838,-1.2628373892159355,6.6937783661029044,0.47528494608578004,1,1.8307835762794629,1.7616246212198707,1,1,1
1785154647.6894608,1,1,0.99791500507113695,1.0491292523760971,0.064541789980388176,3,0,1,0,0.39429476344651859,-1.3991062865072259,-2.5290421354124577,-0.34237340568329155,-1.1568778103607791,0.55283015908164035,0,-0.00035610946322728857,-0.00035610946322728857,0,0,-0.00035610946322728857,0.95575154245050908,16.088484297916903,28.253857200230872,-1.2694040675393041,6.676411028447486,0.44256512499178408,3.668730660685995e-17,16.027011303559803,28.077479403291356,-1.2628317526225135,6.6938505871272591,0.47534895291173135,0,16.027438634915676,28.077764290861939,-1.2628317526225135,6.6938505871272591,0.4754130526151123,1,1.8307835762794629,1.7616246212198707,1,1,1
1785154647.7094607,1,1,0.99791500507113695,1.0491292523760971,0.064541789980388176,3,0,1,0,0.39429523806928712,-1.3991062865072259,-2.5290440339035318,-0.34237150719221743,-1.1568792342290848,0.55283015908164035,0,0,0,0.00035610946322728857,0.00035610946322728857,0,-0.59734471403156819,16.088484297916903,27.98458967075284,-1.0001365380612699,6.7143451820182101,0.41095333034951381,-4.3495496543626029e-16,16.027006664317234,28.077483638054527,-1.2628233833717835,6.6938395538139925,0.47534694499355273,-4.4408920985006262e-16,16.027006664317234,28.077483638054527,-1.2629480216839131,6.6937754541106118,0.47534694499355279,1,1.8307835762794629,1.7616246212198707,1,1,1
1785154647.7294607,1,1,0.99791500507113695,1.0491292523760971,0.064541789980388176,3,0,1,0,0.39429571269205566,-1.3991058118844573,-2.529045932394606,-0.34236771021006918,-1.1568792342290848,0.55283015908164035,0,0,0,0.00035610946322728857,0,0,0.31858384748350305,16.088484297916903,28.446191149858041,-1.0963035128748535,6.7143451820182101,0.41095333034951381,4.5849759404455267e-16,16.026988336103976,28.077497698231141,-1.2628019227878176,6.6938345202629126,0.47534284089532558,4.4408920985006262e-16,16.026988336103976,28.077497698231141,-1.2629265610999472,6.6938345202629126,0.47534284089532564,1,1.8307835762794629,1.7616246212198707,1,1,1
1785154647.7494607,1,1,0.99791500507113695,1.0491292523760971,0.064541789980388176,3,0,1,0,0.39429618731482413,-1.3991058118844573,-2.5290464070173746,-0.34236533709622657,-1.1568787596063161,0.55283063370440888,0,0,0,0.00035610946322728857,0,0,-0.27876086654806514,16.247776221658654,27.888422695939255,-1.3655710423528877,6.613187439162945,0.51211107320477878,3.2901577935139594e-16,16.026982677323943,28.077503266731121,-1.2627878210973897,6.6938375486635824,0.47533967180916681,2.2204460492503131e-16,16.026982677323943,28.077503266731121,-1.2629124594095194,6.6938375486635824,0.47533967180916681,1,1.8307835762794629,1.7616246212198707,1,1,1
1785154647.7694607,1,1,0.99791500507113695,1.0491292523760971,0.064541789980388176,3,0,1,0,0.39429618731482413,-1.3991067611299943,-2.5290468816401432,-0.34236106549130979,-1.1568797088518532,0.55283110832717741,0.00035610946322728857,0,0,0,-0.00035610946322728857,0,0.47787577122525454,16.407068145400405,27.79225572112567,-1.0963035128748535,6.7143451820182101,0.48049927856250846,-8.65855070586845e-16,16.026995636981074,28.07749800658565,-1.2627636534646598,6.6938417816853324,0.47533406602071132,-0.00042733135587363447,16.026995636981074,28.07749800658565,-1.2627636534646598,6.6939058813887131,0.47533406602071138,1,1.8307835762794629,1.7616246212198707,1,1,1
1785154647.7894607,1,1,0.99791500507113695,1.0491292523760971,0.064541789980388176,3,0,1,0,0.39429618731482413,-1.3991062865072259,-2.5290478308856801,-0.34235869237746713,-1.1568806580973903,0.55283205757271436,0.00035610946322728857,0.00035610946322728857,0,0.00035610946322728857,-0.00035610946322728857,0.00035610946322728857,-0.27876086654806514,15.451316602949897,27.696088746312089,-1.0963035128748535,6.613187439162945,0.48049927856250846,4.7964690485795354e-16,16.02698765258998,28.077501963433814,-1.2627526117043311,6.6938352945151953,0.47533050358310575,-0.0004273313558723022,16.026560321234108,28.077501963433814,-1.2628772500164607,6.693899394218576,0.47526640387972491,1,1.8307835762794629,1.7616246212198707,1,1,1
1785154647.8094606,1,1,0.99791500507113695,1.0491292523760971,0.064541789980388176,3,0,1,0,0.39429618731482413,-1.3991062865072259,-2.5290544756044397,-0.34235631926362453,-1.156883031211233,0.55283205757271436,0,0.00035610946322728857,-0.00035610946322728857,0.00035610946322728857,0,0,0,16.088484297916903,27.522988191647638,-1.4617380171664713,6.8471147195157451,0.48049927856250846,2.7318701443703228e-16,16.026960933548782,28.077527116086717,-1.2627455015013269,6.6938008711483201,0.4753286104721749,2.2204460492503131e-16,16.026533602192909,28.0778120036573,-1.2628701398134565,6.6938008711483201,0.4753286104721749,1,1.8307835762794629,1.7616246212198707,1,1,1
1785154647.8294606,1,1,0.99791500507113695,1.0491292523760971,0.064541789980388176,3,0,1,0,0.39429571269205566,-1.3991067611299943,-2.5290549502272084,-0.34235299690424481,-1.1568863535706126,0.5528325321954829,0,0.00035610946322728857,0,0,0,0.00035610946322728857,0.31858384748350305,15.292024679208145,27.696088746312089,-1.0963035128748535,6.613187439162945,0.58165702141777342,-7.9967387122420654e-16,16.026978887549834,28.077513053698681,-1.26273056293036,6.6937926775851357,0.47532408635605294,-8.8817841970012523e-16,16.026551556193962,28.077513053698681,-1.26273056293036,6.6937926775851357,0.47525998665267205,1,1.8307835762794629,1.7616246212198707,1,1,1
1785154647.8494606,1,1,0.99791500507113695,1.0491292523760971,0.064541789980388176,3,0,1,0,0.39429618731482413,-1.3991067611299943,-2.5290535263589025,-0.34235252228147628,-1.1568849297023072,0.55283348144101996,0.00035610946322728857,0,0,0.00035610946322728857,0,0.00035610946322728857,-0.43805279028981664,16.407068145400405,28.523124729708908,-1.0001365380612699,6.7143451820182101,0.58165702141777342,1.2861801735248416e-16,16.026980138992887,28.077512129811804,-1.2627260340085456,6.6938049416853511,0.47532243100826682,-0.00042733135587252424,16.026980138992887,28.077512129811804,-1.2628506723206752,6.6938049416853511,0.47525833130488598,1,1.8307835762794629,1.7616246212198707,1,1,1
1785154647.8694606,1,1,0.99791500507113695,1.0491292523760971,0.064541789980388176,3,0,1,0,0.39429523806928712,-1.399107235752763,-2.5290568487182821,-0.34235014916763362,-1.1568858789478442,0.55283585455486262,-0.00035610946322728857,0,-0.00035610946322728857,-0.00035610946322728857,0.0024927662425910197,0.00035610946322728857,0.31858384748350305,16.247776221658654,27.888422695939255,-1.0001365380612699,6.613187439162945,0.41095333034951381,1.2246052120430232e-17,16.02697195445014,28.077523403476569,-1.2627175133308768,6.6937923980859253,0.47531766336872494,0.00042733135587274629,16.02697195445014,28.077808291047152,-1.2625928750187472,6.6933437001622593,0.47525356366534405,1,1.8307835762794629,1.7616246212198707,1,1,1
1785154647.8894608,1,1,0.99791500507113695,1.0491292523760971,0.064541789980388176,3,0,1,0,0.39429381420098153,-1.3991091342438371,-2.5290558994727452,-0.34234872529932803,-1.1568858789478442,0.55283727842316821,0,0,-0.00035610946322728857,-0.00035610946322728857,0.00071221892645457715,0,0.47787577122525454,16.247776221658654,27.888422695939255,-1.2694040675393041,6.777568771302751,0.51211107320477878,5.0546122111970198e-16,16.027002361001657,28.0775086925766,-1.2627089119662065,6.6938066362502227,0.47531414203012012,4.4408920985006262e-16,16.027002361001657,28.077793580147183,-1.2625842736540769,6.6936784368434612,0.47531414203012012,1,1.8307835762794629,1.7616246212198707,1,1,1
1785154647.9094608,1,1,0.99791500507113695,1.0491292523760971,0.064541789980388176,3,0,1,0,0.39429476344651859,-1.399107235752763,-2.5290573233410507,-0.34234540293994836,-1.1568929982893721,0.55283727842316821,0,0,-0.00035610946322728857,0.00035610946322728857,-0.00035610946322728857,-0.00035610946322728857,0,15.769900450433399,27.696088746312089,-1.2694040675393041,6.613187439162945,0.41095333034951381,8.0353015478337183e-16,16.027000748031131,28.077494776594797,-1.2627005591246285,6.6937695902444663,0.4753104231098903,8.8817841970012523e-16,16.027000748031131,28.07777966416538,-1.2628251974367581,6.693833689947847,0.47537452281327125,1,1.8307835762794629,1.7616246212198707,1,1,1
1785154647.9294608,1,1,0.99791500507113695,1.0491292523760971,0.064541789980388176,3,0,1,0,0.39429476344651859,-1.3991081849983,-2.529061120323199,-0.3423444536944113,-1.1568953714032146,0.55283822766870527,0,-0.00035610946322728857,0.00035610946322728857,0,0,0.00035610946322728857,-0.27876086654806514,17.203527764109165,28.523124729708908,-1.0963035128748535,6.7143451820182101,0.51211107320477878,4.0972270449968092e-17,16.027003229389376,28.077499136767827,-1.2627008799512416,6.6937495890734198,0.47530868500151024,0,16.027430560745248,28.077214249197244,-1.2627008799512416,6.6937495890734198,0.47524458529812935,1,1.8307835762794629,1.7616246212198707,1,1,1
1785154647.9494607,1,1,0.99791500507113695,1.0491292523760971,0.064541789980388176,3,0,1,0,0.39429476344651859,-1.3991091342438371,-2.5290601710776621,-0.34234397907164277,-1.1568944221576776,0.5528387022914738,0,0,0,0.00035610946322728857,0,0.00035610946322728857,0,16.407068145400405,27.696088746312089,-1.4617380171664713,6.7143451820182101,0.48049927856250846,-7.0327305382646944e-16,16.02701671556034,28.077493587075217,-1.2626961562544703,6.6937620530271298,0.4753074103606203,-6.6613381477509392e-16,16.02701671556034,28.077493587075217,-1.2628207945665999,6.6937620530271298,0.4752433106572394,1,1.8307835762794629,1.7616246212198707,1,1,1
1785154647.9694607,1,1,0.99791500507113695,1.0491292523760971,0.064541789980388176,3,0,1,0,0.39429381420098153,-1.3991091342438371,-2.5290606457004303,-0.34234492831717983,-1.1568948967804462,0.55283822766870527,0,0,0,0,-0.00035610946322728857,0,0.47787577122525454,16.884943916625659,28.253857200230872,-1.5579049919800549,6.676411028447486,0.41095333034951381,5.0985963842476372e-16,16.027016574503612,28.077493604670565,-1.2627022455726156,6.6937568819850277,0.47530904934525242,4.4408920985006262e-16,16.027016574503612,28.077493604670565,-1.2627022455726156,6.6938209816884084,0.47530904934525242,1,1.8307835762794629,1.7616246212198707,1,1,1
1785154647.9894607,1,1,0.99791500507113695,1.0491292523760971,0.064541789980388176,3,0,1,0,0.39429381420098153,-1.3991105581121426,-2.5290587472093562,-0.34234540293994836,-1.1568939475349092,0.5528401261597794,0,-0.00035610946322728857,0,0,0,0,-0.11946894280631364,17.04423584036741,28.157690225417291,-1.5579049919800549,6.676411028447486,0.41095333034951381,7.0531198702224664e-17,16.027042262257286,28.077479933204621,-1.2627040654364561,6.6937742371308344,0.47530725615658748,0,16.027469593613159,28.077479933204621,-1.2627040654364561,6.6937742371308344,0.47530725615658753,1,1.8307835762794629,1.7616246212198707,1,1,1
1785154648.0094607,1,1,0.99791500507113695,1.0491292523760971,0.064541789980388176,3,0,1,0,0.39429381420098153,-1.3991100834893742,-2.5290625441915044,-0.34234492831717983,-1.1568929982893721,0.55284344851915912,0,0,-0.00035610946322728857,0,0,0.00035610946322728857,0.63716769496700609,16.247776221658654,28.061523250603706,-1.1924704876884371,6.8471147195157451,0.51211107320477878,5.3533263947133513e-17,16.027010771815114,28.07750658994604,-1.2627063633613922,6.693760310247832,0.47530407134827124,0,16.027010771815114,28.077791477516623,-1.2627063633613922,6.693760310247832,0.47523997164489035,1,1.8307835762794629,1.7616246212198707,1,1,1
1785154648.0294607,1,1,0.99791500507113695,1.0491292523760971,0.064541789980388176,3,0,1,0,0.39429286495544447,-1.399107235752763,-2.5290872245754681,-0.34234492831717983,-1.1568944221576776,0.55284582163300178,0,0,-0.0017805473161364429,0.00035610946322728857,0,0,0.95575154245050908,15.769900450433399,27.98458967075284,-0.90396956324768618,6.676411028447486,0.51211107320477878,-1.5147872186668411e-16,16.026842772299744,28.077645258419775,-1.2627274864776448,6.6936366486467405,0.47530578677666513,-2.2204460492503131e-16,16.026842772299744,28.079069696272683,-1.2628521247897744,6.6936366486467405,0.47530578677666513,1,1.8307835762794629,1.7616246212198707,1,1,1
1785154648.0494606,1,1,0.99791500507113695,1.0491292523760971,0.064541789980388176,3,0,1,0,0.39429286495544447,-1.3991081849983,-2.5290900723120795,-0.34234587756271689,-1.1568953714032146,0.55284866936961297,0.00035610946322728857,0,0.00035610946322728857,-0.00035610946322728857,-0.00035610946322728857,0,-0.27876086654806514,16.407068145400405,27.888422695939255,-1.0963035128748535,6.7143451820182101,0.51211107320477878,4.1657058406084993e-16,16.026844918179762,28.077650119055818,-1.2627389734394736,6.6936236856952886,0.47530430692299452,-0.0004273313558723022,16.026844918179762,28.077365231485235,-1.262614335127344,6.6936877853986694,0.47530430692299452,1,1.8307835762794629,1.7616246212198707,1,1,1
1785154648.0694606,1,1,0.99791500507113695,1.0491292523760971,0.064541789980388176,3,0,1,0,0.39429239033267593,-1.3991091342438371,-2.5290858007071626,-0.34234540293994836,-1.156892049043835,0.55285199172899269,0,0,0.00035610946322728857,0,0,0,0.31858384748350305,15.292024679208145,28.157690225417291,-1.0001365380612699,6.644799233805216,0.48049927856250846,3.8374946962928189e-16,16.026866234548741,28.077637510105259,-1.2627323890420814,6.6936596513869695,0.47529979815520812,4.4408920985006262e-16,16.026866234548741,28.077352622534676,-1.2627323890420814,6.6936596513869695,0.47529979815520818,1,1.8307835762794629,1.7616246212198707,1,1,1
1785154648.0894606,1,1,0.99791500507113695,1.0491292523760971,0.064541789980388176,3,0,1,0,0.3942919157099074,-1.3991086596210685,-2.5290895976893109,-0.34234635218548543,-1.1568963206487517,0.55285199172899269,0,0,-0.00035610946322728857,0,-0.00035610946322728857,0.00035610946322728857,-1.5530962564820772,16.247776221658654,27.888422695939255,-1.6540719667936385,6.777568771302751,0.58165702141777342,6.873631375533348e-16,16.02685899532181,28.077640037332202,-1.2627464623918359,6.693623628500589,0.47530136748979979,6.6613381477509392e-16,16.02685899532181,28.077924924902785,-1.2627464623918359,6.6936877282039697,0.47523726778641889,1,1.8307835762794629,1.7616246212198707,1,1,1
1785154648.1094606,1,1,0.99791500507113695,1.0491292523760971,0.064541789980388176,3,0,1,0,0.39429144108713887,-1.3991086596210685,-2.529091496180385,-0.34234730143102243,-1.1568977445170574,0.55285294097452964,0,0,0,0,0,0,-0.11946894280631364,16.884943916625659,28.446191149858041,-0.90396956324768618,6.644799233805216,0.51211107320477878,5.8288493054763041e-16,16.026855581114219,28.077642995668334,-1.2627563641590807,6.693608762165697,0.47530175931051566,6.6613381477509392e-16,16.026855581114219,28.077642995668334,-1.2627563641590807,6.693608762165697,0.47530175931051566,1,1.8307835762794629,1.7616246212198707,1,1,1
1785154648.1294608,1,1,0.99791500507113695,1.0491292523760971,0.064541789980388176,3,0,1,0,0.39429096646437034,-1.3991086596210685,-2.5290900723120795,-0.34234777605379096,-1.1568953714032146,0.55285483946560376,0,0,0,-0.00035610946322728857,0,0.00035610946322728857,0.63716769496700609,16.407068145400405,27.888422695939255,-1.1924704876884371,6.676411028447486,0.41095333034951381,6.5947551411856078e-16,16.026852931410641,28.077645928949007,-1.2627573783342254,6.693623416512656,0.47530031503991599,6.6613381477509392e-16,16.026852931410641,28.077645928949007,-1.2626327400220958,6.693623416512656,0.47523621533653509,1,1.8307835762794629,1.7616246212198707,1,1,1
1785154648.1494608,1,1,0.99791500507113695,1.0491292523760971,0.064541789980388176,3,0,1,0,0.39429096646437034,-1.3991077103755314,-2.5290952931625332,-0.34234777605379096,-1.1568982191398258,0.55286006031605761,0,0,-0.00071221892645457715,-0.00035610946322728857,0,0.00035610946322728857,0.15929192374175152,15.929192374175152,28.157690225417291,-1.3655710423528877,6.7143451820182101,0.58165702141777342,-4.7212071234855925e-16,16.026825259146186,28.077664649248263,-1.2627710617627996,6.6935862136937363,0.47529591303150404,-4.4408920985006262e-16,16.026825259146186,28.078234424389425,-1.26264642345067,6.6935862136937363,0.4752318133281232,1,1.8307835762794629,1.7616246212198707,1,1,1
1785154648.1694608,1,1,0.99791500507113695,1.0491292523760971,0.064541789980388176,3,0,1,0,0.39429096646437034,-1.3991086596210685,-2.5291014632585238,-0.34234635218548543,-1.1568991683853629,0.55286148418436321,0,-0.00035610946322728857,0,0,0.00035610946322728857,0.00035610946322728857,0,15.451316602949897,28.253857200230872,-1.1924704876884371,6.676411028447486,0.51211107320477878,-1.0368453294979497e-16,16.026807886299391,28.077688233519204,-1.2627685576632919,6.693562135918472,0.4752935644400752,0,16.027235217655264,28.077688233519204,-1.2627685576632919,6.6934980362150913,0.47522946473669431,1,1.8307835762794629,1.7616246212198707,1,1,1
1785154648.1894608,1,1,0.99791500507113695,1.0491292523760971,0.064541789980388176,3,0,1,0,0.39429049184160181,-1.3991100834893742,-2.5290952931625332,-0.3423468268082539,-1.1568963206487517,0.55286717965758558,0,-0.00035610946322728857,0.00035610946322728857,-0.00035610946322728857,0,0.00071221892645457715,0,16.088484297916903,28.253857200230872,-0.90396956324768618,6.676411028447486,0.48049927856250846,1.1120364541984545e-15,16.0268490028907,28.077660156887156,-1.2627697125448338,6.6936052964985189,0.4752874268549564,1.1102230246251565e-15,16.027276334246572,28.077375269316573,-1.2626450742327042,6.6936052964985189,0.47515922744819455,1,1.8307835762794629,1.7616246212198707,1,1,1
1785154648.2094607,1,1,0.99791500507113695,1.0491292523760971,0.064541789980388176,3,0,1,0,0.39429049184160181,-1.3991100834893742,-2.5290962424080701,-0.3423468268082539,-1.1568963206487517,0.55287240050803943,0,0,0,-0.00035610946322728857,0.00035610946322728857,0.00035610946322728857,0.79645961870875759,16.566360069142156,27.888422695939255,-1.0001365380612699,6.613187439162945,0.51211107320477878,5.7628211569269431e-16,16.026844527713202,28.077664392453478,-1.2627764126582854,6.6936014478394821,0.47528236489186482,6.6613381477509392e-16,16.026844527713202,28.077664392453478,-1.2626517743461558,6.6935373481361014,0.47521826518848392,1,1.8307835762794629,1.7616246212198707,1,1,1
1785154648.2294607,1,1,0.99791500507113695,1.0491292523760971,0.064541789980388176,3,0,1,0,0.39429001721883328,-1.3991100834893742,-2.5290995647674497,-0.3423468268082539,-1.1568967952715203,0.5528766721129561,0,0,0,0,0,0.00035610946322728857,-0.43805279028981664,16.088484297916903,27.696088746312089,-1.5579049919800549,6.644799233805216,0.51211107320477878,8.2486296283305561e-16,16.026828963104165,28.077679132311012,-1.2627840565686472,6.6935855384135756,0.47527858558447,8.8817841970012523e-16,16.026828963104165,28.077679132311012,-1.2627840565686472,6.6935855384135756,0.47521448588108911,1,1.8307835762794629,1.7616246212198707,1,1,1
1785154648.2494607,1,1,0.99791500507113695,1.0491292523760971,0.064541789980388176,3,0,1,0,0.39428906797329621,-1.3991091342438371,-2.5291009886357556,-0.34234730143102243,-1.1568972698942888,0.55287857060403023,0,-0.00035610946322728857,0.00035610946322728857,0,0.00035610946322728857,0,0.31858384748350305,15.610608526691648,28.061523250603706,-0.90396956324768618,6.7143451820182101,0.51211107320477878,4.993625525667269e-17,16.026811005501099,28.077689020346511,-1.2627912059442064,6.6935729580942356,0.47527758691375493,0,16.027238336856971,28.077404132775929,-1.2627912059442064,6.6935088583908549,0.47527758691375499,1,1.8307835762794629,1.7616246212198707,1,1,1
1785154648.2694607,1,1,0.99791500507113695,1.0491292523760971,0.064541789980388176,3,0,1,0,0.39428859335052768,-1.3991105581121426,-2.5290986155219128,-0.34234919992209656,-1.1568915744210666,0.55288236758617848,0,-0.00035610946322728857,0,-0.00035610946322728857,0.00071221892645457715,0.00035610946322728857,-1.2345124089985742,16.088484297916903,28.446191149858041,-1.0963035128748535,6.676411028447486,0.51211107320477878,-2.6591389131633976e-16,16.026818136357996,28.077693865767248,-1.2627970964747117,6.6936086941255786,0.47527571266805024,-2.2204460492503131e-16,16.027245467713868,28.077693865767248,-1.2626724581625821,6.6934804947188171,0.47521161296466935,1,1.8307835762794629,1.7616246212198707,1,1,1
1785154648.2894607,1,1,0.99791500507113695,1.0491292523760971,0.064541789980388176,3,0,1,0,0.39428669485945356,-1.3991086596210685,-2.5291000393902183,-0.34235252228147628,-1.1568849297023072,0.55288663919109526,-0.00035610946322728857,0,-0.00035610946322728857,0,0,0,0,15.929192374175152,28.157690225417291,-1.2694040675393041,6.777568771302751,0.48049927856250846,-3.1357388732210099e-16,16.026755868908417,28.077740096180321,-1.2628150723631053,6.6936155543444951,0.47527615230669773,0.00042733135587252424,16.026755868908417,28.078024983750904,-1.2628150723631053,6.6936155543444951,0.47527615230669773,1,1.8307835762794629,1.7616246212198707,1,1,1
1785154648.3094606,1,1,0.99791500507113695,1.0491292523760971,0.064541789980388176,3,0,1,0,0.39428574561391649,-1.3991062865072259,-2.5291043109951352,-0.34235489539531894,-1.1568825565884644,0.55288853768216939,-0.00035610946322728857,0,0,0,0,0,0,15.929192374175152,28.157690225417291,-1.0001365380612699,6.777568771302751,0.44256512499178408,-5.5793330182284907e-17,16.026690547352928,28.077784942322818,-1.262832330260256,6.6935929483605792,0.47527815368905812,0.00042733135587274629,16.026690547352928,28.077784942322818,-1.262832330260256,6.6935929483605792,0.47527815368905812,1,1.8307835762794629,1.7616246212198707,1,1,1
1785154648.3294606,1,1,0.99791500507113695,1.0491292523760971,0.064541789980388176,3,0,1,0,0.39428337250007389,-1.3991096088666055,-2.5291014632585238,-0.34236486247345804,-1.1568716402647883,0.55289186004154911,0,0,0,-0.00071221892645457715,0.0014244378529091543,0.00035610946322728857,0.63716769496700609,16.088484297916903,27.79225572112567,-1.5579049919800549,6.644799233805216,0.51211107320477878,-5.9720435838682079e-16,16.026704556942846,28.077798166443223,-1.2628777562260831,6.6936478974892797,0.47528610700163593,-6.6613381477509392e-16,16.026704556942846,28.077798166443223,-1.2626284796018241,6.6933914986757559,0.47522200729825509,1,1.8307835762794629,1.7616246212198707,1,1,1
1785154648.3494606,1,1,0.99791500507113695,1.0491292523760971,0.064541789980388176,3,0,1,0,0.39428147400899977,-1.3991100834893742,-2.5291000393902183,-0.34237435492882862,-1.1568417390303709,0.55290277636522522,-0.00035610946322728857,0,0,0,0.0010683283896818657,0.00071221892645457715,-0.75663663777331969,16.088484297916903,27.696088746312089,-1.3655710423528877,6.8155029248734751,0.44256512499178408,7.440624311125212e-18,16.026585413519648,28.077920511553316,-1.262905962697872,6.6937582314585216,0.47528741451181861,0.00042733135587274629,16.026585413519648,28.077920511553316,-1.262905962697872,6.6935659323483785,0.47515921510505682,1,1.8307835762794629,1.7616246212198707,1,1,1
1785154648.3694606,1,1,0.99791500507113695,1.0491292523760971,0.064541789980388176,3,0,1,0,0.3942805247634627,-1.3991081849983,-2.5291028871268297,-0.34237625341990274,-1.156833670443306,0.55293077910856847,-0.00035610946322728857,0,-0.00035610946322728857,0,0.00071221892645457715,0.003204985169045597,-0.91592856151507118,16.247776221658654,27.888422695939255,-1.3655710423528877,6.7143451820182101,0.37301917677878943,-5.3095473331520414e-16,16.026511682122404,28.077977831463521,-1.2629421549171997,6.6937674139607939,0.47526279824355117,0.0004273313558723022,16.026511682122404,28.078262719034104,-1.2629421549171997,6.6936392145540324,0.47468590091312302,1,1.8307835762794629,1.7616246212198707,1,1,1
1785154648.3894608,1,1,0.99791500507113695,1.0491292523760971,0.064541789980388176,3,0,1,0,0.39427767702685151,-1.3991115073576796,-2.529097666276376,-0.34239476370787536,-1.1567843096753789,0.55303329762657072,0,-0.00035610946322728857,0.00035610946322728857,-0.0014244378529091543,0.0042733135587274627,0.0046294230219547511,-0.59734471403156819,16.407068145400405,28.157690225417291,-1.0963035128748535,6.777568771302751,0.58165702141777342,-6.8092567475799729e-16,16.026378763234007,28.078137340482044,-1.2631018820321822,6.6939726430785207,0.47518322455167072,-6.6613381477509392e-16,16.02680609458988,28.077852452911461,-1.262603328783664,6.6932034466379493,0.47434992840771889,1,1.8307835762794629,1.7616246212198707,1,1,1
1785154648.4094608,1,1,0.99791500507113695,1.0491292523760971,0.064541789980388176,3,0,1,0,0.39427482929024038,-1.3991143550942908,-2.5290948185397646,-0.34242181720568149,-1.1566855881395248,0.55306414810652504,0,0,0,-0.0010683283896818657,0.0056977514116366172,0.0010683283896818657,0.95575154245050908,16.566360069142156,27.888422695939255,-1.1924704876884371,6.7459569766604801,0.51211107320477878,-1.1181453431319426e-15,16.025990015303513,28.078546678592865,-1.2631633697122497,6.6943399474297722,0.47518774628818355,-1.1102230246251565e-15,16.025990015303513,28.078546678592865,-1.2627894547758611,6.6933143521756779,0.47499544717804087,1,1.8307835762794629,1.7616246212198707,1,1,1
1785154648.4294608,1,1,0.99791500507113695,1.0491292523760971,0.064541789980388176,3,0,1,0,0.39427388004470332,-1.3991124566032167,-2.529100514012987,-0.34243320815212619,-1.1565859173581339,0.55307364056189567,0,-0.00035610946322728857,0.00035610946322728857,-0.00035610946322728857,0.0035610946322728858,0.00035610946322728857,-1.0752204852568228,16.088484297916903,28.061523250603706,-1.0001365380612699,6.7143451820182101,0.41095333034951381,7.6540809979032343e-16,16.025476758227672,28.079040052832603,-1.2631120072902049,6.6946740893520813,0.47519720376927571,6.6613381477509392e-16,16.025904089583545,28.07875516526202,-1.2629873689780753,6.6940330923182723,0.47513310406589487,1,1.8307835762794629,1.7616246212198707,1,1,1
1785154648.4494607,1,1,0.99791500507113695,1.0491292523760971,0.064541789980388176,3,0,1,0,0.39427198155362919,-1.3991134058487538,-2.5290986155219128,-0.34245551542224706,-1.1565071299785581,0.55309547320924801,0,0,0,-0.0024927662425910197,0.0067660798013184824,0.0017805473161364429,0.63716769496700609,16.088484297916903,27.98458967075284,-1.0963035128748535,6.575253285592221,0.51211107320477878,1.3424624043342242e-16,16.025146636445722,28.079375743843578,-1.2631630714013522,6.694958714138342,0.47520468360302315,2.2204460492503131e-16,16.025146636445722,28.079375743843578,-1.2622906032164454,6.6937408197741046,0.47488418508611857,1,1.8307835762794629,1.7616246212198707,1,1,1
1785154648.4694607,1,1,0.99791500507113695,1.0491292523760971,0.064541789980388176,3,0,1,0,0.39426865919424947,-1.399116253585365,-2.5290943439169959,-0.34254237138888788,-1.1562214070719037,0.55312537444366527,-0.00035610946322728857,0,0,-0.006409970338091194,0.021010458330410025,0.0017805473161364429,-0.59734471403156819,16.884943916625659,28.157690225417291,-1.0001365380612699,6.7459569766604801,0.51211107320477878,9.9307529901093094e-17,16.02392221863014,28.080614761481591,-1.2633279205269234,6.6959663943979804,0.47528842060475884,0.00042733135587274629,16.02392221863014,28.080614761481591,-1.2610844309085916,6.6921845118985068,0.47496792208785427,1,1.8307835762794629,1.7616246212198707,1,1,1
1785154648.4894607,1,1,0.99791500507113695,1.0491292523760971,0.064541789980388176,3,0,1,0,0.39426723532594388,-1.399116253585365,-2.5290986155219128,-0.34271086247171567,-1.1557126114640406,0.55315290256423999,0,0,-0.00035610946322728857,-0.010683283896818658,0.028488757058183087,0.0014244378529091543,0,15.769900450433399,28.157690225417291,-1.3655710423528877,6.7459569766604801,0.51211107320477878,1.1343701260960135e-18,16.021610741947192,28.082907783281165,-1.2636836563399798,6.6976663556651399,0.47548194493693269,0,16.021610741947192,28.083192670851748,-1.2599445069760933,6.6925383793946667,0.47522554612340911,1,1.8307835762794629,1.7616246212198707,1,1,1
1785154648.5094607,1,1,0.99791500507113695,1.0491292523760971,0.064541789980388176,3,0,1,0,0.39426391296656421,-1.3991153043398279,-2.5291000393902183,-0.34298899141407363,-1.155057157420702,0.55317188747498114,0,0,0,-0.017093254234909851,0.038815931491774452,0.00071221892645457715,-0.11946894280631364,16.566360069142156,28.253857200230872,-1.2694040675393041,6.543641490949951,0.51211107320477878,-4.9362237520279453e-16,16.018666252280305,28.085820723266743,-1.2644863433214302,6.6997823801822465,0.47581890312752195,-4.4408920985006262e-16,16.018666252280305,28.085820723266743,-1.2585037043392118,6.6927955125137268,0.47569070372076011,1,1.8307835762794629,1.7616246212198707,1,1,1
1785154648.5294607,1,1,0.99791500507113695,1.0491292523760971,0.064541789980388176,3,0,1,0,0.3942577428705733,-1.3991157789625965,-2.5290962424080701,-0.34346029182322291,-1.1539332507048254,0.55320368720047264,-0.00035610946322728857,0,0,-0.032049851690455974,0.079056300836458065,0.0021366567793637313,0,15.01326381266008,28.523124729708908,-1.5579049919800549,6.644799233805216,0.51211107320477878,-3.3343273541903328e-16,16.013685136844348,28.090766535015277,-1.2658176045701106,6.7034449798489764,0.47638939552969145,0.0004273313558723022,16.013685136844348,28.090766535015277,-1.254600156478451,6.6892148456984142,0.47600479730940604,1,1.8307835762794629,1.7616246212198707,1,1,1
1785154648.5494606,1,1,0.99791500507113695,1.0491292523760971,0.064541789980388176,3,0,1,0,0.39425347126565657,-1.3991153043398279,-2.5290986155219128,-0.34434309017268677,-1.1517452397419068,0.55323738541703815,0,0,-0.00035610946322728857,-0.053416419484093286,0.12891162568827846,0.0010683283896818657,-0.75663663777331969,15.769900450433399,27.79225572112567,-1.0001365380612699,6.404549594523961,0.44256512499178408,5.034990155548521e-16,16.003923208309757,28.100446651195206,-1.2681544855278677,6.7105411657480305,0.47748848993909732,4.4408920985006262e-16,16.003923208309757,28.100731538765789,-1.249458738708435,6.6873370731241399,0.47729619082895458,1,1.8307835762794629,1.7616246212198707,1,1,1
1785154648.5694606,1,1,0.99791500507113695,1.0491292523760971,0.064541789980388176,3,0,1,0,0.39425252202011951,-1.3991157789625965,-2.529097666276376,-0.34563406410308561,-1.1490807075193852,0.55323975853088081,0,-0.00035610946322728857,0.00035610946322728857,-0.078700191373230768,0.1435121136805973,0.00035610946322728857,0.31858384748350305,15.132732755466394,27.79225572112567,-1.0963035128748535,6.644799233805216,0.51211107320477878,-2.7687117379398401e-16,15.992193814831658,28.112082267525381,-1.2722107186102223,6.7188440920318788,0.47911729905392308,-2.2204460492503131e-16,15.992621146187531,28.111797379954798,-1.2446656516295915,6.6930119115693714,0.47905319935054219,1,1.8307835762794629,1.7616246212198707,1,1,1
1785154648.5894606,1,1,0.99791500507113695,1.0491292523760971,0.064541789980388176,3,0,1,0,0.3942463519241286,-1.3991167282081336,-2.529091496180385,-0.34751879111691414,-1.1458912425148704,0.55324687787240878,-0.00035610946322728857,0,0,-0.10576451057850471,0.16843977610650748,0.00035610946322728857,-0.59734471403156819,16.566360069142156,28.619291704522492,-1.1924704876884371,6.777568771302751,0.51211107320477878,4.0649220543827398e-16,15.978386795606575,28.125775627497987,-1.2790392126276724,6.7282401114643111,0.48145819538578827,0.00042733135587319038,15.978386795606575,28.125775627497987,-1.2420216339251957,6.6979209517651395,0.48139409568240737,1,1.8307835762794629,1.7616246212198707,1,1,1
1785154648.6094606,1,1,0.99791500507113695,1.0491292523760971,0.064541789980388176,3,0,1,0,0.3942363848459895,-1.399117202830902,-2.529097666276376,-0.34977135077635263,-1.1424255470590718,0.55324972560901986,-0.00071221892645457715,-0.00035610946322728857,-0.00071221892645457715,-0.124638312129551,0.18446470195173548,0.00035610946322728857,0.63716769496700609,15.929192374175152,28.446191149858041,-1.2694040675393041,6.676411028447486,0.44256512499178408,-2.1294865946090183e-17,15.963469462868662,28.140558440184805,-1.2875990301796283,6.7379814259389601,0.4842457678715984,0.00085466271174549258,15.963896794224535,28.141128215325967,-1.2439756209342854,6.7047777795876478,0.48418166816821756,1,1.8307835762794629,1.7616246212198707,1,1,1
1785154648.6294608,1,1,0.99791500507113695,1.0491292523760971,0.064541789980388176,3,0,1,0,0.39421217908479456,-1.399116253585365,-2.5290967170308387,-0.3525255867021263,-1.1382920573679531,0.55324972560901986,-0.0021366567793637313,0.00035610946322728857,-0.00035610946322728857,-0.1467170988496429,0.21366567793637314,0,-0.75663663777331969,16.407068145400405,27.888422695939255,-0.82703598339681927,6.613187439162945,0.51211107320477878,2.5269294717114019e-16,15.945849648502275,28.158006987424386,-1.2980813920332814,6.7493571773866252,0.48764769528690172,0.0025639881352366996,15.945422317146402,28.158291874994969,-1.2467304074359065,6.7108973553580782,0.48764769528690177,1,1.8307835762794629,1.7616246212198707,1,1,1
1785154648.6494608,1,1,0.99791500507113695,1.0491292523760971,0.064541789980388176,3,0,1,0,0.39412105151323695,-1.3991167282081336,-2.5290924454259218,-0.3555992437511199,-1.1340750340695731,0.55325067485455692,-0.0060538608748639056,0,0,-0.17022032342264393,0.2211439766641462,0,0.63716769496700609,16.247776221658654,28.350024175044457,-1.2694040675393041,6.676411028447486,0.54372286784704904,2.7914724325742437e-16,15.928153386868042,28.175537069954174,-1.3101965357525978,6.760399767820398,0.49141988745412984,0.0072646330498369084,15.928153386868042,28.175537069954174,-1.2506194225546723,6.7205938520208512,0.4914198874541299,1,1.8307835762794629,1.7616246212198707,1,1,1
1785154648.6694608,1,1,0.99791500507113695,1.0491292523760971,0.064541789980388176,3,0,1,0,0.39400809129432707,-1.399116253585365,-2.5291000393902183,-0.35928801190812709,-1.1296558214718,0.55325067485455692,-0.0046294230219547511,0,-0.00035610946322728857,-0.19016245336337209,0.20369461296600905,0,-0.75663663777331969,16.407068145400405,27.888422695939255,-1.5579049919800549,6.644799233805216,0.44256512499178408,3.1306017374664855e-16,15.909867913258124,28.193629932811195,-1.3254953032081143,6.7709977248813287,0.49591555151107103,0.0055553076263459228,15.909867913258124,28.193914820381778,-1.258938444530934,6.7343326945474473,0.49591555151107103,1,1.8307835762794629,1.7616246212198707,1,1,1
1785154648.6894608,1,1,0.99791500507113695,1.0491292523760971,0.064541789980388176,3,0,1,0,0.39394022023842745,-1.3991153043398279,-2.5291038363723666,-0.36300763054508867,-1.1258920629173652,0.55325067485455692,-0.003204985169045597,0,0,-0.19194300067950854,0.18517692087819004,0,-0.27876086654806514,15.01326381266008,28.061523250603706,-1.0963035128748535,6.8471147195157451,0.58165702141777342,5.3274225736587052e-16,15.894670630244832,28.2086498964171,-1.3417725143554249,6.7789629006929859,0.50041112147805034,0.0038459822028551601,15.894670630244832,28.2086498964171,-1.274592464117597,6.7456310549349121,0.50041112147805034,1,1.8307835762794629,1.7616246212198707,1,1,1
1785154648.7094607,1,1,0.99791500507113695,1.0491292523760971,0.064541789980388176,3,0,1,0,0.39389892805756543,-1.399116253585365,-2.5290990901446815,-0.36696123820693499,-1.1224714566245768,0.55325020023178839,-0.0014244378529091543,-0.00035610946322728857,0.00035610946322728857,-0.1965724237014633,0.1559759448935524,-0.00035610946322728857,0,16.088484297916903,28.253857200230872,-0.63470203376965206,6.9482724623710101,0.58165702141777342,-1.10420138125983e-15,15.881285157644456,28.22188156223088,-1.3597779382769912,6.7851854025921297,0.50515544958710767,0.0017093254234898749,15.881712489000329,28.221596674660297,-1.290977589981479,6.7571097325112905,0.50521954929048862,1,1.8307835762794629,1.7616246212198707,1,1,1
1785154648.7294607,1,1,0.99791500507113695,1.0491292523760971,0.064541789980388176,3,0,1,0,0.39387424767360191,-1.3991157789625965,-2.5291038363723666,-0.37085219566333555,-1.1195719861316333,0.55324972560901986,-0.0014244378529091543,0,-0.00071221892645457715,-0.2058312697453728,0.13567770548959696,0,0.31858384748350305,15.01326381266008,28.253857200230872,-1.4617380171664713,6.7143451820182101,0.54372286784704904,1.5146828658001055e-16,15.870195748329454,28.232819086056189,-1.3780787427505605,6.789426967409824,0.50979864117031737,0.0017093254234912072,15.870195748329454,28.233388861197351,-1.30603779833968,6.765004980421697,0.50979864117031737,1,1.8307835762794629,1.7616246212198707,1,1,1
1785154648.7494607,1,1,0.99791500507113695,1.0491292523760971,0.064541789980388176,3,0,1,0,0.39386143285885161,-1.3991124566032167,-2.5291176004326541,-0.37508725462691955,-1.11734030987401,0.55324782711794585,-0.00071221892645457715,0,-0.0010683283896818657,-0.20333850350278176,0.09828621185073165,-0.00035610946322728857,-1.3938043327403258,16.088484297916903,28.446191149858041,-1.1924704876884371,6.9482724623710101,0.44256512499178408,-1.1425118282506952e-15,15.862179209087698,28.240670966382822,-1.39931090788819,6.7905796379285031,0.51480848648789856,0.00085466271174438235,15.862179209087698,28.241525629094568,-1.3281424316622163,6.772888119795371,0.51487258619127951,1,1.8307835762794629,1.7616246212198707,1,1,1
1785154648.7694607,1,1,0.99791500507113695,1.0491292523760971,0.064541789980388176,3,0,1,0,0.39385051653517544,-1.3991119819804483,-2.5291508240264511,-0.37900146859897799,-1.115641634985445,0.55324782711794585,-0.00035610946322728857,0,-0.0021366567793637313,-0.20155795618664532,0.070153564255775847,0,0.63716769496700609,15.451316602949897,28.157690225417291,-1.1924704876884371,6.8155029248734751,0.51211107320477878,7.6914983613729132e-16,15.856341310291999,28.24638291875474,-1.4194289837472764,6.7901777411787965,0.51941690032412169,0.00042733135587341242,15.856341310291999,28.248092244178231,-1.3488836990819506,6.7775500996127569,0.51941690032412169,1,1.8307835762794629,1.7616246212198707,1,1,1
1785154648.7894607,1,1,0.99791500507113695,1.0491292523760971,0.064541789980388176,3,0,1,0,0.39384434643918459,-1.3991119819804483,-2.5292509694306107,-0.38319238764508884,-1.1145020657182068,0.55324687787240878,0,0,-0.0071221892645457717,-0.2058312697453728,0.050567543778274979,0,-0.11946894280631364,16.566360069142156,28.523124729708908,-1.3655710423528877,6.8787265141580161,0.54372286784704904,-1.504002881702522e-15,15.852740900766719,28.249855136814226,-1.4420165724675011,6.7870185641931045,0.52432692042269335,-1.5543122344752192e-15,15.852740900766719,28.255552888225864,-1.3699756280566207,6.7779164063130146,0.52432692042269335,1,1.8307835762794629,1.7616246212198707,1,1,1
1785154648.8094606,1,1,0.99791500507113695,1.0491292523760971,0.064541789980388176,3,0,1,0,0.39384054945703634,-1.3991105581121426,-2.5294194605134384,-0.38720817088961246,-1.1137051740898467,0.55324735249517731,0,0,-0.0089027365806822138,-0.20369461296600905,0.02706431920527393,0,0.31858384748350305,16.247776221658654,28.350024175044457,-1.5579049919800549,6.8787265141580161,0.58165702141777342,-7.2764592262596427e-16,15.850180874028528,28.252270898998653,-1.4641331070612016,6.7825829406396387,0.5290234687365879,-6.6613381477509392e-16,15.850180874028528,28.259393088263199,-1.3928399925230985,6.7777113631826893,0.5290234687365879,1,1.8307835762794629,1.7616246212198707,1,1,1
1785154648.8294606,1,1,0.99791500507113695,1.0491292523760971,0.064541789980388176,3,0,1,0,0.39383817634319368,-1.3991100834893742,-2.5296316168909709,-0.39127806112974839,-1.1134332152434796,0.55324782711794585,0,0,-0.013888269065864253,-0.19550409531178142,0.0017805473161364429,0.00035610946322728857,0.31858384748350305,15.769900450433399,28.811625654149658,-1.3655710423528877,6.8787265141580161,0.54372286784704904,3.8205950382126592e-16,15.849739181310781,28.252578760494771,-1.4874094946725958,6.7759994576825413,0.53376115811696301,4.4408920985006262e-16,15.849739181310781,28.263689375747461,-1.4189830613134722,6.7756789591656368,0.53369705841358206,1,1.8307835762794629,1.7616246212198707,1,1,1
1785154648.8494606,2,1,0.99791500507113695,1.0491292523760971,0.064541789980388176,3,0,1,0,0.39383722709765662,-1.3991096088666055,-2.5300635236103322,-0.39497679636489469,-1.1134517255314522,0.55324782711794585,-0.00035610946322728857,0,-0.02955708544786495,-0.18410859248850819,-0.00071221892645457715,0.00035610946322728857,0,16.247776221658654,28.446191149858041,-1.4617380171664713,6.8155029248734751,0.44256512499178408,-5.834551007179652e-16,15.849133889045076,28.25300964055657,-1.5091484591064659,6.7680749290968745,0.53809338965976183,0.00042733135587208016,15.849133889045076,28.291751469690453,-1.4447104517354881,6.7682031285036359,0.53802928995638089,1,1.8307835762794629,1.7616246212198707,1,1,1
1785154648.8694606,2,1,0.99791500507113695,1.0491292523760971,0.064541789980388176,3,0,1,0,0.39383770172042515,-1.3991091342438371,-2.5308779762811278,-0.39864847810223486,-1.1134550478908318,0.55324735249517731,0,0,-0.047362558609229381,-0.17022032342264393,0,0,0,15.769900450433399,28.811625654149658,-1.2694040675393041,6.644799233805216,0.54372286784704904,4.5309541438098276e-16,15.846251018518705,28.255622909211166,-1.5309685119768546,6.7586394811765942,0.54246040829786013,4.4408920985006262e-16,15.846251018518705,28.321584116808804,-1.4713913987789291,6.7586394811765942,0.54246040829786013,1,1.8307835762794629,1.7616246212198707,1,1,1
1785154648.8894608,2,1,0.99791500507113695,1.0491292523760971,0.064541789980388176,3,0,1,0,0.39383817634319368,-1.399107235752763,-2.5320422259323294,-0.40173969619366406,-1.1134517255314522,0.55324830174071438,0.00035610946322728857,0,-0.069797454792548563,-0.14885375562900663,0,0,0.15929192374175152,15.769900450433399,28.446191149858041,-1.2694040675393041,6.676411028447486,0.58165702141777342,4.5034349704290628e-16,15.84102926792098,28.26048665821936,-1.5496745384262094,6.7487178744530869,0.54622122641782189,-0.0004273313558723022,15.84102926792098,28.361434479111324,-1.497575723956057,6.7487178744530869,0.54622122641782189,1,1.8307835762794629,1.7616246212198707,1,1,1
1785154648.9094608,2,1,0.99791500507113695,1.0491292523760971,0.064541789980388176,3,0,1,0,0.39383817634319368,-1.3991048626389204,-2.5337513425218026,-0.40458885667314348,-1.1134526747769893,0.55324877636348291,0,0.00035610946322728857,-0.094725117218458763,-0.12962384461473303,-0.00035610946322728857,0,0,16.088484297916903,27.79225572112567,-1.4617380171664713,6.676411028447486,0.48049927856250846,-4.1060591361822628e-16,15.83260027468091,28.26842397907437,-1.5673897602088338,6.7369177924333448,0.54980391600227019,-4.4408920985006262e-16,15.832172943325038,28.410323344067383,-1.5220214145936772,6.7369818921367255,0.54980391600227019,1,1.8307835762794629,1.7616246212198707,1,1,1
1785154648.9294608,2,1,0.99791500507113695,1.0491292523760971,0.064541789980388176,3,0,1,0,0.39383865096596221,-1.3991029641478463,-2.5358624645962191,-0.40686562209377697,-1.1134540986452948,0.55324877636348291,0.00035610946322728857,0,-0.1182283417914598,-0.1093256052107776,0,0,0.31858384748350305,16.407068145400405,28.811625654149658,-1.1924704876884371,6.676411028447486,0.58165702141777342,1.1616931353594642e-15,15.821670320968451,28.278778779902026,-1.5821001731645461,6.7243935498327723,0.55280464191393097,-0.00042733135587163607,15.821670320968451,28.46178794721202,-1.543836211340774,6.7243935498327723,0.55280464191393097,1,1.8307835762794629,1.7616246212198707,1,1,1
1785154648.9494607,2,1,0.99791500507113695,1.0491292523760971,0.064541789980388176,3,0,1,0,0.39383865096596221,-1.3991029641478463,-2.5386352108099657,-0.4088514437573022,-1.1134531493997579,0.55324925098625144,0,0,-0.15027819348191576,-0.088671256343594851,0.00035610946322728857,0,0,16.088484297916903,28.984726208814109,-1.5579049919800549,6.676411028447486,0.48049927856250846,4.8642237198264795e-16,15.806997021939413,28.292738377246238,-1.595619445865355,6.7096076578020254,0.55559306275009568,4.4408920985006262e-16,15.806997021939413,28.531276082822558,-1.5645845061450967,6.7095435580986447,0.55559306275009568,1,1.8307835762794629,1.7616246212198707,1,1,1
1785154648.9694607,2,1,0.99791500507113695,1.0491292523760971,0.064541789980388176,3,0,1,0,0.39383912558873074,-1.3991034387706147,-2.5417368706023025,-0.41034460698709435,-1.1134503016631467,0.55324925098625144,-0.00035610946322728857,-0.00035610946322728857,-0.15811260167291613,-0.066948579086730256,-0.00071221892645457715,0,-0.27876086654806514,15.769900450433399,28.446191149858041,-1.8271725214580892,6.8787265141580161,0.48049927856250846,2.4549522229846814e-16,15.790451342792167,28.308507881195101,-1.6065337047508965,6.6942472874694454,0.55787645665755814,0.00042733135587296833,15.79087867414804,28.572738616381407,-1.5831017020705409,6.6943754868762069,0.55787645665755814,1,1.8307835762794629,1.7616246212198707,1,1,1
1785154648.9894607,2,1,0.99791500507113695,1.0491292523760971,0.064541789980388176,3,0,1,0,0.39383912558873074,-1.3990977432973923,-2.5453079323127143,-0.41147468379896179,-1.1134602687412858,0.55324925098625144,-0.00035610946322728857,0,-0.19087467228982666,-0.043445354513729204,0,0,0,16.088484297916903,29.350160713105726,-1.6540719667936385,6.505707337379226,0.58165702141777342,-5.1069249947926771e-17,15.771401702075131,28.326631432061838,-1.6157180075315298,6.6774147736564631,0.55982716346590389,0.00042733135587274629,15.771401702075131,28.651308167602185,-1.6005121334517247,6.6774147736564631,0.55982716346590389,1,1.8307835762794629,1.7616246212198707,1,1,1
1785154649.0094607,2,1,0.99791500507113695,1.0491292523760971,0.064541789980388176,3,0,1,0,0.39383960021149927,-1.3991029641478463,-2.5490773863403713,-0.41208742179313274,-1.1134522001542209,0.55325020023178839,0,0,-0.19728464262791787,-0.021010458330410025,0,0,0,15.451316602949897,29.177060158441275,-1.6540719667936385,6.644799233805216,0.54372286784704904,8.3654048851283626e-16,15.75144590341875,28.345719141441254,-1.6220022355795849,6.6606661227635104,0.56121266415642468,8.8817841970012523e-16,15.75144590341875,28.697576108559407,-1.6146485751639414,6.6606661227635104,0.56121266415642468,1,1.8307835762794629,1.7616246212198707,1,1,1
1785154649.0294607,2,1,0.99791500507113695,1.0491292523760971,0.064541789980388176,3,0,1,0,0.39384007483426781,-1.3991005910340035,-2.5534087937259669,-0.41228106788269253,-1.113448877794841,0.55325020023178839,0,0,-0.22078786720091892,-0.00035610946322728857,0.00071221892645457715,0.00035610946322728857,-0.27876086654806514,15.769900450433399,28.984726208814109,-1.5579049919800549,6.7459569766604801,0.58165702141777342,1.264261581826424e-16,15.728665627524094,28.367454138083147,-1.6262539171049015,6.642134271934645,0.56221158278166494,2.2204460492503131e-16,15.728665627524094,28.771522334074177,-1.6261292787927719,6.6420060725278836,0.56214748307828399,1,1.8307835762794629,1.7616246212198707,1,1,1
1785154649.0494606,2,1,0.99791500507113695,1.0491292523760971,0.064541789980388176,3,0,1,0,0.39384007483426781,-1.3990986925429294,-2.5578773670916672,-0.41227347391839608,-1.1134403345850075,0.55325114947732545,0,0,-0.24535942016360182,0,0.0014244378529091543,0.00035610946322728857,0.79645961870875759,14.694679965176578,29.542494662732896,-1.1924704876884371,6.676411028447486,0.64488061070231395,-6.3093842227926623e-17,15.705611843937067,28.389450403681288,-1.6293953266897203,6.6232673804496214,0.56299161760330574,0,15.705611843937067,28.847804485352309,-1.6293953266897203,6.6230109816360976,0.56292751789992479,1,1.8307835762794629,1.7616246212198707,1,1,1
1785154649.0694606,2,1,0.99791500507113695,1.0491292523760971,0.064541789980388176,3,0,1,0,0.39384054945703634,-1.3991024895250777,-2.5629074191925372,-0.41227537240947021,-1.1132922522812265,0.55325447183670518,0.00035610946322728857,0,-0.24998884318555659,0.00035610946322728857,0.0096149555071367906,0,0.31858384748350305,16.407068145400405,29.080893183627694,-1.8271725214580892,6.474095542736956,0.58165702141777342,-1.4255493402428575e-16,15.679803217251374,28.414128830250547,-1.6327087055634213,6.6023800447853125,0.56387082964806778,-0.00042733135587296833,15.679803217251374,28.903651422354457,-1.6328333438755509,6.6006493527940275,0.56387082964806778,1,1.8307835762794629,1.7616246212198707,1,1,1
1785154649.0894606,2,1,0.99791500507113695,1.0491292523760971,0.064541789980388176,3,0,1,0,0.39384007483426781,-1.3991005910340035,-2.5678596331593684,-0.41227442316393315,-1.1132566555735868,0.5532563703277793,0,0,-0.25354993781782947,0,0.00071221892645457715,0.00035610946322728857,0,15.01326381266008,29.715595217397343,-1.5579049919800549,6.7143451820182101,0.48049927856250846,-8.8730044502439874e-16,15.655545883229649,28.43724761029587,-1.6361090898001005,6.5812412259254964,0.56471702184421713,-8.8817841970012523e-16,15.655545883229649,28.956160695255889,-1.6361090898001005,6.581113026518735,0.56465292214083618,1,1.8307835762794629,1.7616246212198707,1,1,1
1785154649.1094606,2,1,0.99791500507113695,1.0491292523760971,0.064541789980388176,3,0,1,0,0.39384007483426781,-1.3991020149023092,-2.5735214081651505,-0.41227442316393315,-1.1132220081114843,0.55326159117823315,0,-0.00035610946322728857,-0.25817936083978421,0,0.0071221892645457717,0,0.15929192374175152,15.292024679208145,28.984726208814109,-1.4617380171664713,6.505707337379226,0.58165702141777342,-1.4413716137134992e-17,15.628765673220972,28.462775770622788,-1.6399652580626563,6.5568701817628003,0.56566495143379381,0,15.629193004576845,29.01601598054026,-1.6399652580626563,6.5555881876951823,0.56566495143379381,1,1.8307835762794629,1.7616246212198707,1,1,1
1785154649.1294608,2,1,0.99791500507113695,1.0491292523760971,0.064541789980388176,3,0,1,0,0.39384102407980487,-1.3991020149023092,-2.5784759952458245,-0.41227442316393315,-1.1128608201846337,0.55326965976529818,0,0,-0.25034495264878387,-0.00035610946322728857,0.019942129940728158,0.00035610946322728857,-0.59734471403156819,16.407068145400405,29.27322713325486,-1.8271725214580892,6.543641490949951,0.58165702141777342,-3.1599462778663107e-16,15.604522619096382,28.485921477871365,-1.6427166328766674,6.5365980394120644,0.56649060828734499,-2.2204460492503131e-16,15.604522619096382,29.053749892543905,-1.6425919945645377,6.5330084560227331,0.56642650858396404,1,1.8307835762794629,1.7616246212198707,1,1,1
1785154649.1494608,2,1,0.99791500507113695,1.0491292523760971,0.064541789980388176,3,0,1,0,0.39384054945703634,-1.3991020149023092,-2.5835525603780103,-0.41227442316393315,-1.1124744772510511,0.55327203287914073,0,0,-0.2457155296268291,0.00035610946322728857,0.025639881352364776,0.00035610946322728857,0.15929192374175152,16.088484297916903,28.350024175044457,-1.7310055466445056,6.505707337379226,0.61326881606004369,3.6706019701725584e-16,15.580327393413821,28.509009092385593,-1.6454552187325364,6.515745079793601,0.56732881228322585,4.4408920985006262e-16,15.580327393413821,29.096202082790523,-1.645579857044666,6.5111299011501753,0.5672647125798449,1,1.8307835762794629,1.7616246212198707,1,1,1
1785154649.1694608,2,1,0.99791500507113695,1.0491292523760971,0.064541789980388176,3,0,1,0,0.39384007483426781,-1.399107235752763,-2.5879893340182192,-0.41227632165500727,-1.1116657200534776,0.55328864467603933,0,0.00035610946322728857,-0.22292452398028265,0.00035610946322728857,0.043801463976956494,0.0010683283896818657,-0.27876086654806514,15.610608526691648,28.715458679336074,-1.6540719667936385,6.4424837480946859,0.58165702141777342,1.4322981737862933e-15,15.557595617204534,28.530815759207552,-1.6469989887920968,6.4992020257505043,0.56805731715980612,1.3322676295501878e-15,15.557168285848661,29.110564310473016,-1.6471236271042264,6.4913177622346518,0.56786501804966338,1,1.8307835762794629,1.7616246212198707,1,1,1
1785154649.1894608,4,1,0.99791500507113695,1.0491292523760971,0.064541789980388176,3,0,1,0,0.39383912558873074,-1.3991086596210685,-2.5924280061495022,-0.41227869476884987,-1.1107193222530309,0.55329671326310426,0,0,-0.19977740887050888,-0.00035610946322728857,0.060182499285411771,0.00035610946322728857,1.1150434661922606,15.132732755466394,29.080893183627694,-1.3655710423528877,6.2717800570264259,0.58165702141777342,1.1215801450993639e-15,15.534681660965836,28.55278273928597,-1.6482549406705027,6.4830709085095881,0.56879071018373517,1.1102230246251565e-15,15.534681660965836,29.789792827687332,-1.6481303023583731,6.4722380586382142,0.56872661048035422,1,1.8307835762794629,1.7616246212198707,1,1,1
# event,1785154649.2996271,RECOVERING,控制器保护：控制器触发硬限位/超速保护；保持力矩控制并增强阻尼，静止后切回位置保持
1785154649.3094606,4,1,0.99791500507113695,1.0491292523760971,0.064541789980388176,3,0,1,1,0.39384054945703634,-1.3991081849983,-2.6018065520556348,-0.412280593259924,-1.0999458600301917,0.55332424138367897,0.00035610946322728857,0,0.032762070616910548,-0.00035610946322728857,0.10505229165205013,0,0.15929192374175152,15.451316602949897,35.793348025615828,-1.5579049919800549,6.644799233805216,0.51211107320477878,8.0284138408107032e-17,15.445677569867414,28.639547017733864,-1.6349346430659728,6.4822178718701231,0.57067261732118046,0.00029571329826395289,15.450329346267072,36,-1.6371383167830187,6.4512009709642912,0.57060878679521088,1,1.8307835762794629,1.7616246212198707,1,1,1
1785154649.3294606,4,1,0.99791500507113695,1.0491292523760971,0.064541789980388176,3,0,1,1,0.39384197332534193,-1.3991067611299943,-2.6011605904676669,-0.41227537240947021,-1.09800085592476,0.55332424138367897,0,-0.00035610946322728857,0.030269304374319527,0.00035610946322728857,0.08475405224809468,0,-0.75663663777331969,15.292024679208145,35.69718105080225,-1.4617380171664713,6.644799233805216,0.64488061070231395,4.286289643809887e-16,15.438879213819645,28.646408650213758,-1.6309620696890947,6.4924385832044704,0.57065272112136067,0.00033502778300432902,15.451070332221219,36,-1.6374469921598847,6.4163518454797979,0.57062175019416028,1,1.8307835762794629,1.7616246212198707,1,1,1
1785154649.3494606,4,1,0.99791500507113695,1.0491292523760971,0.064541789980388176,3,0,1,1,0.39384197332534193,-1.399107235752763,-2.6006290129669143,-0.41227442316393315,-1.0965475610075244,0.5533247160064475,0,0,0.026708209742046643,-0.00035610946322728857,0.066236360160275676,0.00035610946322728857,0.63716769496700609,14.694679965176578,36.158782529907448,-1.7310055466445056,6.372937799881691,0.64488061070231395,-3.8139249736695606e-16,15.434048412755789,28.6513093637586,-1.6279746719440247,6.5002639993441829,0.57063283252530905,0.00021366567793659519,15.449872285130999,36,-1.6363683497719612,6.3847081061377278,0.57019619637204966,1,1.8307835762794629,1.7616246212198707,1,1,1
1785154649.3694606,4,1,0.99791500507113695,1.0491292523760971,0.064541789980388176,3,0,1,1,0.39384244794811046,-1.3991062865072259,-2.600065161117902,-0.41227537240947021,-1.0953491385169887,0.55332424138367897,0.00035610946322728857,0.00035610946322728857,0.028132647594955797,0,0.050211434315047689,0,1.1150434661922606,15.929192374175152,35.985681975242997,-1.7310055466445056,6.4424837480946859,0.58165702141777342,1.0439805286797911e-15,15.430572333518663,28.654858004375861,-1.6254387486772575,6.5072407032980006,0.570600115693357,-0.0032579742571734703,15.446246995939422,36,-1.6370218238131753,6.3744736677248808,0.57066091620800741,1,1.8307835762794629,1.7616246212198707,1,1,1
1785154649.3894608,4,1,0.99791500507113695,1.0491292523760971,0.064541789980388176,3,0,1,1,0.39384102407980487,-1.3991053372616888,-2.5995800966484652,-0.41227584703223874,-1.0946035061476296,0.55332424138367897,0,0,0.022434896183319179,0,0.02955708544786495,0.00035610946322728857,0.79645961870875759,15.292024679208145,36.158782529907448,-1.1924704876884371,6.372937799881691,0.54372286784704904,7.5860152615068563e-16,15.428954336152078,28.656545766669367,-1.6237747051555578,6.5121594563092371,0.57055873015981273,1.1965277964868582e-05,15.449415223994926,36,-1.6369829363539314,6.4046287636578967,0.56980853361131445,1,1.8307835762794629,1.7616246212198707,1,1,1
1785154649.4094608,4,1,0.99791500507113695,1.0491292523760971,0.064541789980388176,3,0,1,1,0.39384197332534193,-1.3991053372616888,-2.5990879128375006,-0.41227537240947021,-1.0941379012117027,0.55332424138367897,0,0.00035610946322728857,0.024571552962682913,0.00035610946322728857,0.014600487992318832,-0.00035610946322728857,1.1150434661922606,16.407068145400405,36.081848950056582,-1.5579049919800549,6.543641490949951,0.64488061070231395,5.5919725715134024e-16,15.428715517189659,28.656871695045204,-1.6226107267700645,6.5160601436096481,0.57050282968082466,4.4408920985006262e-16,15.445114796639992,36,-1.6384015824575915,6.4404821297451313,0.57156608398401754,1,1.8307835762794629,1.7616246212198707,1,1,1
1785154649.4294608,4,1,0.99791500507113695,1.0491292523760971,0.064541789980388176,3,0,1,1,0.39384197332534193,-1.3991067611299943,-2.5986270541292593,-0.41227537240947021,-1.0939684608833378,0.55332566525198457,0,0,0.021722677256864602,0,0.0067660798013184824,0,0.15929192374175152,15.292024679208145,36.447283454348202,-1.5579049919800549,6.543641490949951,0.58165702141777342,6.2326170716799476e-16,15.429779050918151,28.65590901153643,-1.6220109328208365,6.5187188548600847,0.57043787900648113,4.4408920985006262e-16,15.449388110198718,36,-1.6369771446046824,6.4600681502226323,0.57067581032594927,1,1.8307835762794629,1.7616246212198707,1,1,1
1785154649.4494607,4,1,0.99791500507113695,1.0491292523760971,0.064541789980388176,3,0,1,1,0.3938414987025734,-1.3991067611299943,-2.5981377180549057,-0.41227489778670168,-1.0938417366041406,0.55333230997074401,0,0,0.027776538131728506,0,0.006409970338091194,0.00035610946322728857,-0.43805279028981664,15.610608526691648,36.254949504721033,-1.1924704876884371,6.4424837480946859,0.54372286784704904,-1.6393850469482607e-18,15.431150237516816,28.654634382424739,-1.6214751656389716,6.5213353309766555,0.57036121561631181,4.4408920985006262e-16,15.449388110198718,36,-1.6369771446046824,6.460958423880701,0.56978553666788101,1,1.8307835762794629,1.7616246212198707,1,1,1
1785154649.4694607,4,1,0.99791500507113695,1.0491292523760971,0.064541789980388176,3,0,1,1,0.3938414987025734,-1.3991062865072259,-2.5975596275228376,-0.41227442316393315,-1.093749659787046,0.55333895468950334,0,0,0.02991319491109224,0,0.0024927662425910197,0,0.63716769496700609,15.769900450433399,35.985681975242997,-1.7310055466445056,6.575253285592221,0.54372286784704904,8.4657447275666107e-16,15.433046463146242,28.652850252925369,-1.6209465068142652,6.5242064581116184,0.57026933531818369,4.4408920985006262e-16,15.449388110198718,36,-1.6369771446046824,6.4707514341194514,0.57067581032594927,1,1.8307835762794629,1.7616246212198707,1,1,1
1785154649.4894607,4,1,0.99791500507113695,1.0491292523760971,0.064541789980388176,3,0,1,1,0.39384102407980487,-1.3991077103755314,-2.5968861378142951,-0.41227489778670168,-1.0937226062892398,0.55334322629442012,0,0,0.037391493638865299,0,0.0014244378529091543,0.00071221892645457715,0.15929192374175152,15.769900450433399,35.889515000429412,-1.8271725214580892,6.372937799881691,0.51211107320477878,3.3236737823340087e-16,15.435670492887905,28.650375359428395,-1.6204772541177743,6.5272562254931623,0.57016287668031151,4.4408920985006262e-16,15.449388110198718,36,-1.6369771446046824,6.4734222550936558,0.56889526300981286,1,1.8307835762794629,1.7616246212198707,1,1,1
1785154649.5094607,4,1,0.99791500507113695,1.0491292523760971,0.064541789980388176,3,0,1,1,0.39384054945703634,-1.3991086596210685,-2.5961704066793532,-0.41227537240947021,-1.0936329025859879,0.55336458431900393,0,0,0.033118180080137838,0,0.0096149555071367906,0.0017805473161364429,-0.11946894280631364,15.769900450433399,36.254949504721033,-1.4617380171664713,6.505707337379226,0.58165702141777342,7.22936071969068e-16,15.438183135986471,28.648015254729362,-1.6198863449852714,6.530718229095906,0.57003580869591819,4.4408920985006262e-16,15.449388110198718,36,-1.6369771446046824,6.452945960958087,0.56622444203560818,1,1.8307835762794629,1.7616246212198707,1,1,1
1785154649.5294607,4,1,0.99791500507113695,1.0491292523760971,0.064541789980388176,3,0,1,1,0.39384007483426781,-1.3991105581121426,-2.5954228758189202,-0.41227537240947021,-1.0931616021768387,0.55345001641733915,0,0,0.038459822028547162,0,0.035610946322728855,0.0071221892645457717,-0.91592856151507118,15.610608526691648,35.793348025615828,-1.6540719667936385,6.303391851668696,0.61326881606004369,1.6668859137773519e-15,15.439070910803718,28.647283762277301,-1.6186489993354871,6.5357355387855209,0.56985685714180168,4.4408920985006262e-16,15.449388110198718,36,-1.6369771446046824,6.3879559839191069,0.55287033716458489,1,1.8307835762794629,1.7616246212198707,1,1,1
1785154649.5494606,4,1,0.99791500507113695,1.0491292523760971,0.064541789980388176,3,0,1,1,0.39383960021149927,-1.3991119819804483,-2.594727553463025,-0.41227632165500727,-1.0922579204255594,0.55367830996900158,0,-0.00035610946322728857,0.033118180080137838,0,0.057333623579593457,0.016024925845227987,-0.27876086654806514,15.769900450433399,36.081848950056582,-1.5579049919800549,6.3413260052394209,0.51211107320477878,1.2509833151245121e-15,15.437755863394674,28.648728541302166,-1.6168265767582737,6.542115084053183,0.56956623680985019,4.4408920985006262e-16,15.453661423757445,36,-1.6369771446046824,6.3336492907769451,0.5306134957128793,1,1.8307835762794629,1.7616246212198707,1,1,1
1785154649.5694606,4,1,0.99791500507113695,1.0491292523760971,0.064541789980388176,3,0,1,1,0.39383865096596221,-1.3991157789625965,-2.5940668785692327,-0.4122767962777758,-1.0905986392267821,0.55410262272406652,0,-0.00035610946322728857,0.030269304374319527,0,0.10077897809332266,0.02706431920527393,0,15.610608526691648,35.985681975242997,-1.4617380171664713,6.1706223141711609,0.54372286784704904,4.09223644671598e-16,15.432854232050982,28.653750860995164,-1.6138656498988329,6.5511264832112284,0.56911993255938209,4.4408920985006262e-16,15.453661423757445,36,-1.6369771446046824,6.2250359044926222,0.50301501231276446,1,1.8307835762794629,1.7616246212198707,1,1,1
1785154649.5894606,4,1,0.99791500507113695,1.0491292523760971,0.064541789980388176,3,0,1,1,0.39383817634319368,-1.3991228983041244,-2.5936231062806581,-0.4122767962777758,-1.0883228230516857,0.55476044988124762,-0.00035610946322728857,-0.00071221892645457715,0.015312706918773409,0,0.12997995407796031,0.039884259881456316,-0.27876086654806514,16.088484297916903,36.081848950056582,-1.8271725214580892,6.2022341088134318,0.41095333034951381,8.0470365117118961e-16,15.424297821618451,28.662392680747633,-1.6101730612279046,6.5614476969209399,0.56850200375568927,0.0042733135587279068,15.457934737316174,36,-1.6369771446046824,6.1520334645310282,0.47096516062230848,1,1.8307835762794629,1.7616246212198707,1,1,1
1785154649.6094632,4,1,0.99791500507113695,1.0491292523760971,0.064541789980388176,3,0,1,1,0.39383770172042515,-1.399132390759495,-2.5934175946218851,-0.41227774552331281,-1.0855239725856705,0.55568928663925887,-0.00035610946322728857,-0.00035610946322728857,0.0078344081910003485,0,0.16309813415809815,0.054484747873775149,0.47787577122525454,16.088484297916903,36.158782529907448,-1.4617380171664713,5.9999186231029018,0.37301917677878943,-1.6031998218071098e-16,15.412441808316864,28.674289223071256,-1.6059777495505285,6.5726196631111673,0.56767476427281927,0.0042733135587279068,15.453661423757445,36,-1.6369771446046824,6.1044349811309138,0.43446394064151139,1,1.8307835762794629,1.7616246212198707,1,1,1
1785154649.6294632,4,1,0.99791500507113695,1.0491292523760971,0.064541789980388176,3,0,1,1,0.39383580322935108,-1.3991333400050321,-2.5933326371463186,-0.41228154250546106,-1.0819092455805537,0.55690479554946148,-0.00035610946322728857,0,-0.00035610946322728857,0.00035610946322728857,0.20155795618664532,0.070865783182230427,0.79645961870875759,14.694679965176578,36.081848950056582,-1.3655710423528877,5.9303726748899068,0.41095333034951381,3.7152530738748857e-16,15.396326163944551,28.690328562878065,-1.6006878523962103,6.5861361964344827,0.5666163118589066,0.0042733135587279068,15.449388110198718,36,-1.6384015824575915,5.9699725468860247,0.39351135237037321,1,1.8307835762794629,1.7616246212198707,1,1,1
1785154649.6494632,4,1,0.99791500507113695,1.0491292523760971,0.064541789980388176,3,0,1,1,0.39383627785211961,-1.3991357131188746,-2.5933354848829295,-0.41228154250546106,-1.0773376790740827,0.55858923175497088,0.00035610946322728857,0.00035610946322728857,0,0,0.2457155296268291,0.087959037417140271,0,15.610608526691648,36.081848950056582,-2.2887740005632908,5.8292149320346418,0.30979558749424885,2.2541767294985232e-16,15.375650056179111,28.710895305394097,-1.5941675690992678,6.6026513247885088,0.56513189390931828,-0.0042733135587270186,15.445114796639992,36,-1.6369771446046824,5.7712634664051983,0.35077821678309862,1,1.8307835762794629,1.7616246212198707,1,1,1
1785154649.6694632,4,1,0.99791500507113695,1.0491292523760971,0.064541789980388176,3,0,1,1,0.39383485398381401,-1.3991366623644117,-2.5933373833740037,-0.41228391561930372,-1.0723465460402319,0.56031590938687925,0,0,0,-0.00035610946322728857,0.26636987849401184,0.089383475270049431,0.31858384748350305,15.01326381266008,35.985681975242997,-1.8271725214580892,5.5952876516818417,0.37301917677878943,-2.7409755051738148e-16,15.353219233482589,28.733194424940354,-1.5868749364833343,6.6205109290857616,0.56360852142141971,4.4408920985006262e-16,15.449388110198718,36,-1.6355527067517732,5.6783188965028764,0.34721712215082567,1,1.8307835762794629,1.7616246212198707,1,1,1
1785154649.6894631,4,1,0.99791500507113695,1.0491292523760971,0.064541789980388176,3,0,1,1,0.39383200624720283,-1.3991385608554858,-2.5933369087512355,-0.41228818722422045,-1.066505363627946,0.56215364874662344,0,0,0,-0.00035610946322728857,0.30020027750060424,0.089739584733276714,-0.27876086654806514,15.610608526691648,36.351116479534618,-1.3655710423528877,5.3929721659713117,0.34140738213651917,-1.7059066345016951e-16,15.327192021089733,28.75907541209266,-1.5780576503310946,6.6412042148878738,0.56198849681519503,4.4408920985006262e-16,15.449388110198718,36,-1.6355527067517732,5.5301194897410522,0.34632684849275747,1,1.8307835762794629,1.7616246212198707,1,1,1
1785154649.7094634,4,1,0.99791500507113695,1.0491292523760971,0.064541789980388176,3,0,1,1,0.3938301077561287,-1.3991390354782545,-2.5933416549789206,-0.41228818722422045,-1.0603300467866155,0.56381862541862304,0,0,-0.00071221892645457715,0,0.3240596115368326,0.084397942784867397,0,14.853971888918329,35.985681975242997,-1.7310055466445056,5.3234262177583176,0.34140738213651917,-1.0801985231897168e-15,15.299857953641988,28.786242651028694,-1.5683013925200868,6.6628022382916372,0.5605283797469488,4.4408920985006262e-16,15.449388110198718,36,-1.6369771446046824,5.4187150978101819,0.35968095336378081,1,1.8307835762794629,1.7616246212198707,1,1,1
1785154649.7294633,4,1,0.99791500507113695,1.0491292523760971,0.064541789980388176,3,0,1,1,0.3938301077561287,-1.3991409339693286,-2.5933506728115225,-0.41228676335591491,-1.0536739370807651,0.56558422211755088,0,-0.00035610946322728857,-0.00035610946322728857,0,0.32370350207360532,0.088315146880367568,-0.27876086654806514,15.929192374175152,36.081848950056582,-1.6540719667936385,5.2222684749030526,0.30979558749424885,-9.7037363841591441e-16,15.27070285749844,28.815229699330359,-1.5576455182009312,6.6857858718820369,0.55896105073088076,4.4408920985006262e-16,15.453661423757445,36,-1.6369771446046824,5.4203175903947054,0.34988794312503035,1,1.8307835762794629,1.7616246212198707,1,1,1
1785154649.7494633,4,1,0.99791500507113695,1.0491292523760971,0.064541789980388176,3,0,1,1,0.39382915851059164,-1.3991509010474676,-2.5933777263093289,-0.41228486486484078,-1.0473752183196172,0.5673251384325152,0,-0.00035610946322728857,-0.0014244378529091543,0,0.31480076549292307,0.093656788828776899,0.63716769496700609,14.694679965176578,35.985681975242997,-1.8271725214580892,5.3550380124005876,0.27186143392352452,9.3985052084023684e-16,15.243442441098896,28.842394559941358,-1.5475529689839929,6.70722162401644,0.5573877276997683,4.4408920985006262e-16,15.453661423757445,36,-1.6369771446046824,5.460379905007775,0.33653383825400701,1,1.8307835762794629,1.7616246212198707,1,1,1
1785154649.7694633,4,1,0.99791500507113695,1.0491292523760971,0.064541789980388176,3,0,1,1,0.39382915851059164,-1.3991532741613102,-2.5933805740459399,-0.41228486486484078,-1.0410446998329776,0.56947043334626612,0,0,0.00035610946322728857,0,0.31337632764001394,0.11573557554886878,-0.91592856151507118,15.929192374175152,36.081848950056582,-1.5579049919800549,5.4561957552558527,0.30979558749424885,3.7022589580197138e-16,15.216423580909638,28.869261930911797,-1.5377829949913193,6.7285694849912696,0.55538150295708488,4.4408920985006262e-16,15.449388110198718,36,-1.6369771446046824,5.4667898753458664,0.28133687145377734,1,1.8307835762794629,1.7616246212198707,1,1,1
1785154649.7894633,4,1,0.99791500507113695,1.0491292523760971,0.064541789980388176,3,0,1,1,0.39382820926505457,-1.3991523249157731,-2.5933805740459399,-0.41228533948760931,-1.0349647821681216,0.57183880096122564,0,0.00035610946322728857,0.00035610946322728857,0,0.30269304374319528,0.12285776481341455,0.31858384748350305,15.610608526691648,36.254949504721033,-1.4617380171664713,5.5573534981111177,0.30979558749424885,-8.7273083221631135e-16,15.190782230934232,28.894733466430253,-1.5286789873309028,6.7488191494971614,0.5531155562572484,4.4408920985006262e-16,15.445114796639992,36,-1.6369771446046824,5.5148646528815499,0.2635313982924129,1,1.8307835762794629,1.7616246212198707,1,1,1
1785154649.8094633,4,1,0.99791500507113695,1.0491292523760971,0.064541789980388176,3,0,1,1,0.39382820926505457,-1.3991527995385418,-2.5933810486687086,-0.41228486486484078,-1.0289797890569712,0.57427598887762199,0,0.00035610946322728857,0,0,0.28524368004505812,0.11253059037982319,-0.59734471403156819,15.929192374175152,36.254949504721033,-2.0195064710852564,5.5257417034688476,0.30979558749424885,-2.4043209959416919e-16,15.165846485842513,28.919514520086896,-1.5197543447320481,6.7685119059587313,0.55074878970341512,4.4408920985006262e-16,15.445114796639992,36,-1.6369771446046824,5.5933867895231675,0.28934933437639132,1,1.8307835762794629,1.7616246212198707,1,1,1
1785154649.8294632,4,1,0.99791500507113695,1.0491292523760971,0.064541789980388176,3,0,1,1,0.39382726001951751,-1.3991532741613102,-2.593421866226802,-0.41228439024207225,-1.0235662417591298,0.57634534414840832,0,0,-0.0039172040955001743,0,0.26423322171464814,0.10077897809332266,0,16.088484297916903,36.081848950056582,-1.5579049919800549,5.7280571891793768,0.41095333034951381,5.8289242291222967e-16,15.143311951323845,28.941902014417757,-1.5114774863465845,6.7859523155083616,0.54873284776582998,4.4408920985006262e-16,15.449388110198718,36,-1.6369771446046824,5.687933852010012,0.31872836509264263,1,1.8307835762794629,1.7616246212198707,1,1,1
1785154649.8494632,4,1,0.99791500507113695,1.0491292523760971,0.064541789980388176,3,0,1,1,0.39382393766013785,-1.3991527995385418,-2.5934736001085716,-0.41228439024207225,-1.0182974544056895,0.57835916855527669,-0.00035610946322728857,0.00035610946322728857,-0.0017805473161364429,0,0.24963273372232928,0.099710649703640797,0.31858384748350305,15.01326381266008,36.081848950056582,-1.7310055466445056,5.6964453945371067,0.34140738213651917,-1.4352372000017457e-16,15.121521361515889,28.96354029984019,-1.5033688582096016,6.802684178954947,0.54675490532221271,0.0042733135587279068,15.445114796639992,36,-1.6369771446046824,5.7536360479754469,0.32139918606684725,1,1.8307835762794629,1.7616246212198707,1,1,1
1785154649.8694632,4,1,0.99791500507113695,1.0491292523760971,0.064541789980388176,3,0,1,1,0.39382298841460078,-1.3991494771791619,-2.593518689271582,-0.41228344099653519,-1.0133765655415812,0.58043089693990568,0,0.00035610946322728857,-0.0028488757058183086,0,0.25319382835460219,0.11680390393855065,0.79645961870875759,16.247776221658654,35.793348025615828,-2.1156734458988402,5.6964453945371067,0.27186143392352452,-8.6979932513782601e-16,15.101369574349116,28.983528061931352,-1.4959591685395615,6.8181476449953911,0.54468958175902726,4.4408920985006262e-16,15.445114796639992,36,-1.6369771446046824,5.7376111221302191,0.27866605047957266,1,1.8307835762794629,1.7616246212198707,1,1,1
1785154649.8894632,4,1,0.99791500507113695,1.0491292523760971,0.064541789980388176,3,0,1,1,0.39382156454629519,-1.3991532741613102,-2.5935614053207496,-0.41228344099653519,-1.0085282939610578,0.58322357730993013,-0.00035610946322728857,-0.00035610946322728857,-0.00071221892645457715,0,0.22506118075964637,0.15419539757741596,-0.27876086654806514,15.929192374175152,36.158782529907448,-1.3655710423528877,5.9683068284606309,0.17070369106825958,-4.0731969514019753e-16,15.081929939106001,29.002864342444774,-1.4894925892121447,6.8332644883175568,0.54184542597690577,0.0042733135587279068,15.453661423757445,36,-1.6369771446046824,5.8642080363075202,0.18518731638240937,1,1.8307835762794629,1.7616246212198707,1,1,1
1785154649.9094632,4,1,0.99791500507113695,1.0491292523760971,0.064541789980388176,3,0,1,1,0.39382061530075813,-1.3991551726523843,-2.5935841872136387,-0.41227916939161841,-1.004511561470997,0.5863750724929625,0,0,-0.0024927662425910197,0.00035610946322728857,0.19550409531178142,0.16238591523164358,0,14.535388041434825,35.985681975242997,-1.2694040675393041,6.1706223141711609,0.17070369106825958,4.7392346690616384e-16,15.066161786629543,29.01854005928719,-1.4850556030687883,6.8457269163262362,0.53857735856318045,4.4408920985006262e-16,15.449388110198718,36,-1.6384015824575915,5.9882231114464757,0.16471102224684031,1,1.8307835762794629,1.7616246212198707,1,1,1
1785154649.9294631,4,1,0.99791500507113695,1.0491292523760971,0.064541789980388176,3,0,1,1,0.39381776756414694,-1.3991551726523843,-2.5936629745932147,-0.41227964401438694,-1.0006846780883478,0.58961911911585807,-0.00035610946322728857,0,-0.0053416419484093288,0,0.17271308966523496,0.15383928811418865,0,15.292024679208145,36.081848950056582,-1.6540719667936385,6.1390105195288909,0.17070369106825958,1.2639940880562269e-15,15.051006878348327,29.033580658835099,-1.4811418361772126,6.8572670153815816,0.53520159256490496,0.0042733135587279068,15.449388110198718,36,-1.6369771446046824,6.045200625562841,0.18607759004047764,1,1.8307835762794629,1.7616246212198707,1,1,1
1785154649.9494634,4,1,0.99791500507113695,1.0491292523760971,0.064541789980388176,3,0,1,1,0.3938149198275358,-1.3991570711434584,-2.5937284725352718,-0.41227964401438694,-0.99765563557959602,0.59257934132317325,0,0,-0.0014244378529091543,0,0.14458044207027915,0.15419539757741596,0.31858384748350305,14.535388041434825,35.69718105080225,-1.9233394962716728,6.303391851668696,0.13909189642598929,5.9086828063973749e-16,15.039177658496133,29.04533441697324,-1.4784855427909771,6.8663271459658795,0.53209446066118615,4.4408920985006262e-16,15.449388110198718,36,-1.6369771446046824,6.1155322445502307,0.18518731638240937,1,1.8307835762794629,1.7616246212198707,1,1,1
1785154649.9694633,4,1,0.99791500507113695,1.0491292523760971,0.064541789980388176,3,0,1,1,0.39381349595923021,-1.3991599188800696,-2.5937949197228658,-0.41227774552331281,-0.99499205260261137,0.5958732233367644,0,-0.00035610946322728857,-0.0053416419484093288,0.00035610946322728857,0.11466724715918691,0.16737144771682563,-0.27876086654806514,15.769900450433399,35.69718105080225,-1.6540719667936385,6.3413260052394209,0.17070369106825958,-3.4061878579011064e-17,15.028943239719645,29.055510388792534,-1.4769464315581351,6.8742195086251323,0.52860833738898727,4.4408920985006262e-16,15.453661423757445,36,-1.6384015824575915,6.1903152318279613,0.15224719103388518,1,1.8307835762794629,1.7616246212198707,1,1,1
1785154649.9894633,4,1,0.99791500507113695,1.0491292523760971,0.064541789980388176,3,0,1,1,0.39381207209092461,-1.3991646651077549,-2.5939017098457846,-0.4122767962777758,-0.99308881530081017,0.59910825212705787,-0.00035610946322728857,-0.00035610946322728857,-0.0056977514116366172,0.00035610946322728857,0.091164022586185875,0.16238591523164358,-0.27876086654806514,16.247776221658654,36.254949504721033,-1.4617380171664713,6.1706223141711609,0.107480101783719,7.7640294900005758e-16,15.021586820036209,29.062834557057545,-1.4769177490294134,6.8796223595305221,0.52517285525000834,0.0042733135587279068,15.453661423757445,36,-1.6384015824575915,6.249073293260464,0.16471102224684031,1,1.8307835762794629,1.7616246212198707,1,1,1
1785154650.0094633,4,1,0.99791500507113695,1.0491292523760971,0.064541789980388176,3,0,1,1,0.39380780048600783,-1.3991703605809773,-2.5940355534665098,-0.41227727090054428,-0.99122876867094523,0.60234138242627722,-0.00035610946322728857,0,-0.0074782987277730601,-0.00071221892645457715,0.090807913122958578,0.15099041240837036,-0.27876086654806514,15.292024679208145,35.985681975242997,-1.7310055466445056,6.543641490949951,0.27186143392352452,4.8887651201366943e-16,15.014313215586544,29.070079055825317,-1.4769937281805026,6.8847677289894431,0.5217325252746855,0.0042733135587279068,15.449388110198718,36,-1.6341282688988641,6.2499635669185327,0.19319977930502341,1,1.8307835762794629,1.7616246212198707,1,1,1
1785154650.0294633,4,1,0.99791500507113695,1.0491292523760971,0.064541789980388176,3,0,1,1,0.3938059019949337,-1.3991713098265144,-2.5942007221899579,-0.41227727090054428,-0.98955335029803793,0.6051345374190702,0,0,-0.0078344081910003485,0,0.080836848152594509,0.13923880012186982,0.15929192374175152,15.929192374175152,35.985681975242997,-1.5579049919800549,6.372937799881691,0.107480101783719,6.5330244958040137e-16,15.007491019917985,29.076831933113766,-1.4769431122689818,6.8892023404330178,0.51876007739391172,4.4408920985006262e-16,15.449388110198718,36,-1.6369771446046824,6.2748912293444423,0.22257881002127472,1,1.8307835762794629,1.7616246212198707,1,1,1
1785154650.0494633,4,1,0.99791500507113695,1.0491292523760971,0.064541789980388176,3,0,1,1,0.39380542737216517,-1.3991717844492828,-2.5942795095695339,-0.4122767962777758,-0.98813232972906218,0.60804634810399549,-0.00035610946322728857,0,-0.0010683283896818657,0,0.057689733042820747,0.14244378529091542,1.1150434661922606,15.769900450433399,35.889515000429412,-1.3655710423528877,6.474095542736956,0.17070369106825958,1.1713312177726467e-15,15.002133084643237,29.082141397654382,-1.4775031624455475,6.8931675387920022,0.5156316349821144,0.0042733135587279068,15.449388110198718,36,-1.6369771446046824,6.3327590171188772,0.21456634709866074,1,1.8307835762794629,1.7616246212198707,1,1,1
1785154650.0694633,4,1,0.99791500507113695,1.0491292523760971,0.064541789980388176,3,0,1,1,0.3938059019949337,-1.399174632185894,-2.5942918497615155,-0.41227442316393315,-0.98730980847120142,0.61073888306986035,0,-0.00035610946322728857,-0.00071221892645457715,0.00035610946322728857,0.029200975984637664,0.13389715817346051,0.79645961870875759,14.853971888918329,36.158782529907448,-1.6540719667936385,6.474095542736956,0.24024963928125423,-1.8426863521156681e-16,14.999447262968147,29.0848270091779,-1.4789902934342729,6.8955844495076244,0.51271647976127965,4.4408920985006262e-16,15.453661423757445,36,-1.6384015824575915,6.4039809097643348,0.23593291489229801,1,1.8307835762794629,1.7616246212198707,1,1,1
1785154650.0894632,4,1,0.99791500507113695,1.0491292523760971,0.064541789980388176,3,0,1,1,0.39380637661770224,-1.3991789037908109,-2.5943241241097756,-0.41226825306794224,-0.98697472479661996,0.61338348113610375,0.00035610946322728857,0,-0.0024927662425910197,0,0.0046294230219547511,0.12143332696050541,-0.43805279028981664,15.01326381266008,35.985681975242997,-1.7310055466445056,6.474095542736956,0.37301917677878943,3.0001322394009376e-16,14.998584972081098,29.085708654903165,-1.4814216009897598,6.8964818331440529,0.50984872298279937,-0.0042733135587270186,15.449388110198718,36,-1.6369771446046824,6.4654097921710418,0.26709249292468573,1,1.8307835762794629,1.7616246212198707,1,1,1
1785154650.1094632,4,1,0.99791500507113695,1.0491292523760971,0.064541789980388176,3,0,1,1,0.39380637661770224,-1.3991770052997368,-2.5943829773330731,-0.41226635457686817,-0.98698374262922206,0.61559712172852288,0.00035610946322728857,0.00035610946322728857,-0.0035610946322728858,-0.00035610946322728857,-0.00035610946322728857,0.10683283896818657,0,15.769900450433399,36.254949504721033,-1.6540719667936385,6.505707337379226,0.30979558749424885,-3.7633981589216441e-16,14.998773555380616,29.085492501276853,-1.4840970901251715,6.8962250470988353,0.50745863867108243,-0.0042733135587270186,15.445114796639992,36,-1.6355527067517732,6.4778736233839966,0.30359371290548287,1,1.8307835762794629,1.7616246212198707,1,1,1
1785154650.1294632,4,1,0.99791500507113695,1.0491292523760971,0.064541789980388176,3,0,1,1,0.39380637661770224,-1.3991770052997368,-2.5944783765095476,-0.41226303221748845,-0.98698564112029619,0.61772295710876413,0,0.00035610946322728857,-0.0046294230219547511,0.00035610946322728857,0.00035610946322728857,0.10327174433591368,0,15.451316602949897,35.985681975242997,-1.4617380171664713,6.474095542736956,0.34140738213651917,-2.914603903906936e-16,14.998762817657724,29.085483157423127,-1.486667555394571,6.895864629103154,0.5051673640220965,4.4408920985006262e-16,15.445114796639992,36,-1.6384015824575915,6.476093076067861,0.31249644948616506,1,1.8307835762794629,1.7616246212198707,1,1,1
1785154650.1494632,4,1,0.99791500507113695,1.0491292523760971,0.064541789980388176,3,0,1,1,0.39380874973154489,-1.3991774799225052,-2.5945476714337525,-0.41224831891166402,-0.98698469187475912,0.61969548933477059,0,-0.00035610946322728857,-0.0035610946322728858,0.00071221892645457715,-0.00035610946322728857,0.10113508755654996,-0.59734471403156819,15.451316602949897,36.254949504721033,-1.3655710423528877,6.613187439162945,0.37301917677878943,-3.0598687096401772e-17,14.998841758999227,29.085393578078758,-1.488974775003006,6.895630575239224,0.50302144246762781,4.4408920985006262e-16,15.453661423757445,36,-1.6398260203105006,6.4778736233839966,0.31783809143457437,1,1.8307835762794629,1.7616246212198707,1,1,1
1785154650.1694632,4,1,0.99791500507113695,1.0491292523760971,0.064541789980388176,3,0,1,1,0.39380874973154489,-1.3991741575631256,-2.5946169663579579,-0.41224547117505289,-0.98698801423413884,0.62174253733543605,0,0,-0.0028488757058183086,0,0,0.094012898292004182,0.15929192374175152,15.01326381266008,36.158782529907448,-1.4617380171664713,6.404549594523961,0.34140738213651917,-6.4052999812064823e-16,14.998913074591314,29.085280868174856,-1.4914462042356911,6.8953418307155312,0.50080770123130858,4.4408920985006262e-16,15.449388110198718,36,-1.6369771446046824,6.4769833497259288,0.3356435645959388,1,1.8307835762794629,1.7616246212198707,1,1,1
1785154650.1894631,4,1,0.99791500507113695,1.0491292523760971,0.064541789980388176,3,0,1,1,0.39380922435431343,-1.3991727336948199,-2.5946468675923753,-0.41224309806121023,-0.98698848885690738,0.62337951126409241,0.00035610946322728857,0,0.00035610946322728857,0.00035610946322728857,0.00035610946322728857,0.077631862983548905,0.79645961870875759,15.769900450433399,36.158782529907448,-1.0963035128748535,6.505707337379226,0.37301917677878943,1.6240202598176362e-16,14.999105627189074,29.085070504251465,-1.4934026811478827,6.8952120522149718,0.4990300860899583,-0.0042733135587270186,15.449388110198718,36,-1.6384015824575915,6.476093076067861,0.37659615286707704,1,1.8307835762794629,1.7616246212198707,1,1,1
# event,1785154650.4997122,HOLDING,控制器触发硬限位/超速保护；增强阻尼后仍未达到严格静止阈值；已切到驱动器当前位置保持，正在恢复 ROS 位置控制器
1785154650.3494632,4,1,0.99791500507113695,1.0491292523760971,0.064541789980388176,3,0,1,1,0.39381159746815608,-1.3991689367126716,-2.5946691748624962,-0.41220038201204262,-0.98696855470062916,0.63915264973061581,0,0,0.00035610946322728857,0,0,0.11537946608564149,0.31858384748350305,15.929192374175152,36.158782529907448,-1.9233394962716728,6.474095542736956,0.24024963928125423,-6.0893195845215635e-16,15.002406819683259,29.081733587601384,-1.5119719873225936,6.8949741738635888,0.481749878826289,4.4408920985006262e-16,15.449388110198718,36,-1.6369771446046824,6.4769833497259288,0.28222714511184555,1,1.8307835762794629,1.7616246212198707,1,1,1
1785154650.3694632,4,1,0.99791500507113695,1.0491292523760971,0.064541789980388176,3,0,1,1,0.39381159746815608,-1.3991684620899032,-2.5946710733535703,-0.41220038201204262,-0.98696950394616612,0.64141897345034171,0,0.00035610946322728857,0,0,0,0.11253059037982319,0.63716769496700609,15.769900450433399,35.889515000429412,-0.90396956324768618,6.404549594523961,0.24024963928125423,1.7295346726746961e-16,15.002922626758576,29.081213503027371,-1.5146849960157311,6.894906404311687,0.47926417293562679,4.4408920985006262e-16,15.445114796639992,36,-1.6369771446046824,6.4769833497259288,0.28934933437639132,1,1.8307835762794629,1.7616246212198707,1,1,1
1785154650.3894632,4,1,0.99791500507113695,1.0491292523760971,0.064541789980388176,3,0,1,1,0.39381159746815608,-1.3991675128443661,-2.5946810404317091,-0.41219990738927409,-0.98697140243724024,0.64383670183322828,0,0,-0.00071221892645457715,0,-0.00035610946322728857,0.13674603387927881,0,15.769900450433399,36.158782529907448,-1.0963035128748535,6.474095542736956,0.20863784463898394,5.6272501997658985e-16,15.003435845582695,29.080690496652196,-1.5175849546730005,6.8947981522474571,0.47661114094296386,4.4408920985006262e-16,15.449388110198718,36,-1.6369771446046824,6.4778736233839966,0.22881072562775229,1,1.8307835762794629,1.7616246212198707,1,1,1
1785154650.4094632,4,1,0.99791500507113695,1.0491292523760971,0.064541789980388176,3,0,1,1,0.39381112284538755,-1.3991675128443661,-2.5946876851504688,-0.41220085663481115,-0.9869723516827773,0.64678838083071,0,0,-0.00035610946322728857,-0.00035610946322728857,0.00035610946322728857,0.058401951969275327,0.47787577122525454,15.610608526691648,35.235579571697045,-1.7310055466445056,6.2717800570264259,-62.989662004187785,-8.8295741061934123e-16,15.004106280180764,29.080018588343922,-1.5211285830162442,6.8946854310194237,0.47336867968690294,4.4408920985006262e-16,15.449388110198718,36,-1.6355527067517732,6.476093076067861,0.2109429378533178,1,1.8307835762794629,1.7616246212198707,1,1,1
1785154650.4144633,0,0,0.99791500507113695,1.0491292523760971,0.064541789980388176,3,0,1,0,0.39381017359985049,-1.3991689367126716,-2.5946990760969135,-0.41219800889819996,-0.98697330092831437,0.64531989798488132,-0.00035610946322728857,-0.00035610946322728857,-0.0035610946322728858,0.00071221892645457715,-0.0014244378529091543,-0.48644552676847619,-0.43805279028981664,15.769900450433399,34.13927605882219,-1.9233394962716728,6.1010763659581668,-12.941868726545458,1.1926388428701061e-16,15.00372201832605,29.080412067046396,-1.5193636016242706,6.8946950181256961,0.47498268716922742,0,0,0,0,0,0,1,1.8307835762794629,1.7616246212198707,1,1,1
# event,1785154650.6996748,HOLDING,驱动器当前位置保持中；等待编码器确认静止
# event,1785154651.0458033,READY,已从驱动器临时保持恢复 ROS 位置控制器
# event,1785154651.1001403,READY,位置控制在线；按下 FREE 即进入零力拖拽，松开退出
# event,1785154657.0002184,ENTERING,实体 FREE (DI bit 5) 请求切换到零力拖拽
