# source,实体 FREE (DI bit 5)
stamp,status,handoff_progress,model_alignment,model_scale_estimate,model_normalized_residual,model_excited_joints,model_direction_mismatches,model_validation_passed,settling,position_elfin_joint1,position_elfin_joint2,position_elfin_joint3,position_elfin_joint4,position_elfin_joint5,position_elfin_joint6,velocity_elfin_joint1,velocity_elfin_joint2,velocity_elfin_joint3,velocity_elfin_joint4,velocity_elfin_joint5,velocity_elfin_joint6,measured_effort_elfin_joint1,measured_effort_elfin_joint2,measured_effort_elfin_joint3,measured_effort_elfin_joint4,measured_effort_elfin_joint5,measured_effort_elfin_joint6,gravity_effort_elfin_joint1,gravity_effort_elfin_joint2,gravity_effort_elfin_joint3,gravity_effort_elfin_joint4,gravity_effort_elfin_joint5,gravity_effort_elfin_joint6,commanded_effort_elfin_joint1,commanded_effort_elfin_joint2,commanded_effort_elfin_joint3,commanded_effort_elfin_joint4,commanded_effort_elfin_joint5,commanded_effort_elfin_joint6,effective_scale_elfin_joint1,effective_scale_elfin_joint2,effective_scale_elfin_joint3,effective_scale_elfin_joint4,effective_scale_elfin_joint5,effective_scale_elfin_joint6
# event,1785822563.7371135,ACTIVE,零力拖拽 ACTIVE；末端灯环应由固件进入蓝色零力示教状态
1785822563.6830208,7,0,0.93903188925521064,0.94745742860818394,0.34383006116654424,3,0,1,0,-1.2998954145788462,-0.57048660069368662,-2.0307817291424364,0.75910548588924875,-1.3713660095550131,0.42182905411718991,0.00035610946322728857,0,-0.0017805473161364429,0.00071221892645457715,0.00035610946322728857,0,-0.59734471403156819,8.522117920183705,17.483156021109505,2.5003413451531746,3.1864688999408455,-0.10115774285526494,-4.574994354709927e-16,1.9220187262722335,19.08994531536792,3.0999902133359969,1.2167680333020208,-0.26564792424533101,-0.59734471403156819,8.522117920183705,17.483156021109505,2.5003413451531746,3.1864688999408455,-0.10115774285526494,1,1.8307835762794629,1.7616246212198707,1,1,1
1785822563.7030208,7,0.0046719999999999999,0.93903188925521064,0.94745742860818394,0.34383006116654424,3,0,1,0,-1.2998949399560775,-0.5704818544660013,-2.0307874246156588,0.75910596051201729,-1.3713669588005502,0.42183000336272697,0.00035610946322728857,0,0,-0.00035610946322728857,0,-0.00035610946322728857,-0.27876086654806514,8.3628259964419538,17.944757500214706,2.5003413451531746,3.1548571052985754,-0.26553907499507046,7.8616600669755357e-16,1.9218538745910441,19.089943932004996,3.099995208566849,1.2167289393740726,-0.2656488831620864,-0.59457528609540633,8.4912814865626967,17.49066293422921,2.5031491599186499,3.1772662748450777,-0.10192304047760936,1,1.8307835762794629,1.7616246212198707,1,1,1
1785822563.723021,7,0.018176000000000001,0.93903188925521064,0.94745742860818394,0.34383006116654424,3,0,1,0,-1.2998949399560775,-0.5704818544660013,-2.0307869499928901,0.75910690975755435,-1.3713679080460872,0.4218304779854955,0,0,0,0,0,0.00035610946322728857,-1.0752204852568228,8.0442421489584515,18.040924475028291,2.5003413451531746,3.22440305351157,-0.063223589284540582,2.6297035702433844e-15,1.9218581865708568,19.089939707573492,3.0999975336383674,1.2167275229165357,-0.26564921456220564,-0.58648737650933036,8.402151599265558,17.512360921394674,2.5112406960350815,3.1506668806720515,-0.10415074483017935,1,1.8307835762794629,1.7616246212198707,1,1,1
1785822563.743021,7,0.039744000000000008,0.93903188925521064,0.94745742860818394,0.34383006116654424,3,0,1,0,-1.2998939907105405,-0.57048565144814956,-2.0307855261245846,0.75910738438032288,-1.3713702811599298,0.42183000336272697,0,-0.00035610946322728857,0,0,-0.00035610946322728857,0,-0.43805279028981664,7.8849502252166994,17.675489970736674,2.3080073955260074,3.1548571052985754,-0.20231548571052987,9.6304342674319657e-16,1.9220018497494487,19.089928891877189,3.099998668348154,1.2167394827715072,-0.26564901459331691,-0.57360384571709755,8.2598242736481584,17.547015602085295,2.524174125806236,3.1081871789700366,-0.10769528395922208,1,1.8307835762794629,1.7616246212198707,1,1,1
1785822563.763021,7,0.068608000000000002,0.93903188925521064,0.94745742860818394,0.34383006116654424,3,0,1,0,-1.299892566842235,-0.57049372003521459,-2.0307836276335105,0.75910833362585994,-1.3713745527648464,0.42182952873995844,0,-0.00071221892645457715,0,0,-0.00035610946322728857,-0.00035610946322728857,-0.43805279028981664,8.3628259964419538,17.579322995923089,2.4041743703395908,3.0853111570855805,-0.10115774285526494,-7.0709463403841738e-16,1.9223036406878613,19.0899092702563,3.1000005918475244,1.2167629316581694,-0.26564869320288825,-0.55636208789129038,8.0693605952316414,17.593392148026968,2.5414827667503808,3.0513345178540767,-0.11243993299154563,1,1.8307835762794629,1.7616246212198707,1,1,1
1785822563.783021,7,0.10400000000000002,0.93903188925521064,0.94745742860818394,0.34383006116654424,3,0,1,0,-1.2998897191056238,-0.57051080645488161,-2.0307812545196677,0.75911118136247113,-1.3713821467291429,0.42183000336272697,0.00035610946322728857,-0.0010683283896818657,0,0.00035610946322728857,-0.00071221892645457715,0,-0.27876086654806514,8.0442421489584515,17.213888491631472,2.3080073955260074,3.0853111570855805,-0.16438133213980552,2.0100913460303384e-15,1.9229366914450159,19.089873553160892,3.100005333255627,1.2168098157958691,-0.26564851557496277,-0.53524223034007845,7.8358671720982622,17.65025464444285,2.562700168000223,2.9816307651601059,-0.11826478321811351,1,1.8307835762794629,1.7616246212198707,1,1,1
1785822563.803021,7,0.14515200000000003,0.93903188925521064,0.94745742860818394,0.34383006116654424,3,0,1,0,-1.2998878206145497,-0.57054592853975272,-2.0307803052741309,0.75911355447631379,-1.3714035047537267,0.42182952873995844,0,-0.0024927662425910197,0,0,-0.0014244378529091543,-0.00035610946322728857,0,8.0442421489584515,17.944757500214706,2.5003413451531746,2.9841534142303154,-0.031611794642270291,-5.5971090121616912e-17,1.9242580903520192,19.089779848774054,3.1000143963018112,1.2168809664454512,-0.26564733991768769,-0.51063893410045802,7.5645749361385315,17.716360682942668,2.5873850878735016,2.900592092158798,-0.1250305318629007,1,1.8307835762794629,1.7616246212198707,1,1,1
1785822563.8230209,7,0.19129600000000002,0.93903188925521064,0.94745742860818394,0.34383006116654424,3,0,1,0,-1.2998854475007069,-0.57061474884118946,-2.0307765082919826,0.75911687683569351,-1.3714561878810334,0.42183000336272697,0,-0.0039172040955001743,0.00035610946322728857,-0.00035610946322728857,-0.0035610946322728858,0,-0.11946894280631364,7.5663663777331971,17.406222441258638,2.9619428242583763,2.7502261338775154,-0.20231548571052987,-8.9572548326016105e-16,1.9268903228656518,19.089553755654524,3.1000368402950578,1.2170014499619806,-0.26564496077893207,-0.48307505961618546,7.2607122939728796,17.790439237758498,2.6150669265074429,2.8097497044813786,-0.13262348969519078,1,1.8307835762794629,1.7616246212198707,1,1,1
1785822563.8430209,7,0.24166399999999999,0.93903188925521064,0.94745742860818394,0.34383006116654424,3,0,1,0,-1.2998825997640959,-0.57070445254444147,-2.0307727113098344,0.75912114844061029,-1.3715753181959343,0.42183000336272697,0.00035610946322728857,-0.0056977514116366172,0.00035610946322728857,0.00035610946322728857,-0.0071221892645457717,0.00035610946322728857,-0.43805279028981664,7.1283135874433805,17.848590525401125,2.9619428242583763,2.8134497231620559,0.037934153570724355,-2.0511834554004862e-16,1.9305214547777345,19.089060695296471,3.1001057483698657,1.2170298897490195,-0.26564307655705971,-0.45300936762763699,6.9295082170525344,17.871231123913695,2.6452765779765266,2.7105904906852287,-0.1409111315241445,1,1.8307835762794629,1.7616246212198707,1,1,1
1785822563.8630209,7,0.29548800000000003,0.93903188925521064,0.94745742860818394,0.34383006116654424,3,0,1,0,-1.2998788027819477,-0.57083734691962951,-2.030769863573223,0.75912494542275843,-1.3717248243680209,0.42182952873995844,0.00035610946322728857,-0.0074782987277730601,0.00035610946322728857,0.00035610946322728857,-0.0085466271174549253,0,-0.59734471403156819,7.1283135874433805,17.944757500214706,2.6734418998176253,2.5415882892385318,-0.26553907499507046,7.5174174068819155e-18,1.9357916516990659,19.088437814313053,3.1001828131908526,1.2171309459647934,-0.26563899381661876,-0.42085788573960176,6.5763862416853822,17.957483283241103,2.6775810689450852,2.604630086240427,-0.14975997873933347,1,1.8307835762794629,1.7616246212198707,1,1,1
1785822563.8830209,7,0.35200000000000009,0.93903188925521064,0.94745742860818394,0.34383006116654424,3,0,1,0,-1.2998759550453365,-0.57099776941539238,-2.03075799800401,0.75913016627321228,-1.3719184704575806,0.42182952873995844,0.00035610946322728857,-0.0089027365806822138,0.0010683283896818657,0.00071221892645457715,-0.011039393360045946,0,0.31858384748350305,6.4911458924763741,17.675489970736674,2.3080073955260074,2.6111342374515263,-0.16438133213980552,1.6203232061206413e-16,1.9422088954978227,19.087631316611365,3.1002841020390748,1.2172493254204939,-0.26563409362440715,-0.38710074126024974,6.2065241076891144,18.047888591990574,2.7115087317457989,2.4934029642499218,-0.159053418326003,1,1.8307835762794629,1.7616246212198707,1,1,1
1785822563.9030209,7,0.41043200000000002,0.93903188925521064,0.94745742860818394,0.34383006116654424,3,0,1,0,-1.2998726326859567,-0.57119995871478568,-2.030721452050833,0.75913586174643466,-1.3721856830762624,0.42182905411718991,0,-0.010683283896818658,0.0021366567793637313,0.00071221892645457715,-0.015312706918773409,0,0,5.6946862737676165,18.040924475028291,3.0388764041092431,2.3392728035280017,-0.23392728035280017,-6.728846673647107e-16,1.9503958892989566,19.086517899760132,3.1004203516292073,1.2174173334204781,-0.26562675000064567,-0.35217532836216386,5.825513900637425,18.141141577416665,2.7466205081079327,2.3784449417530267,-0.16866108639595784,1,1.8307835762794629,1.7616246212198707,1,1,1
1785822563.9230208,7,0.4700160000000001,0.93903188925521064,0.94745742860818394,0.34383006116654424,3,0,1,0,-1.2998688357038084,-0.57141923443384601,-2.0306412408029515,0.75914108259688851,-1.3725340561883628,0.42182905411718991,0,-0.011751612286500523,0.0056977514116366172,0.00035610946322728857,-0.022078786720091892,0,0.15929192374175152,5.2168105025423621,18.502525954133493,2.5772749250040414,2.3772069570987262,0,1.3496097821122724e-15,1.9595213349717098,19.085068763368731,3.1005969549713779,1.2175971407351165,-0.26561734683935029,-0.31658314092130596,5.4382976203258933,18.235852730518751,2.7824648539418808,2.2612663802464859,-0.17845638808144881,1,1.8307835762794629,1.7616246212198707,1,1,1
1785822563.9430208,7,0.52998400000000001,0.93903188925521064,0.94745742860818394,0.34383006116654424,3,0,1,0,-1.2998655133444288,-0.57169451563959284,-2.0304751228339666,0.75914487957903676,-1.3730888902047731,0.42182857949442137,0,-0.015312706918773409,0.0092588460439095022,0,-0.031693742227228684,-0.00035610946322728857,-0.43805279028981664,5.0575185788006101,18.310192004506327,2.9619428242583763,2.1685691124597422,-0.26553907499507046,-1.9897312150771868e-16,1.9714673225444459,19.082768810252855,3.1008805510567363,1.217763037343282,-0.26560325241331556,-0.28076157311026168,5.0512966762595859,18.330554851709099,2.8186175156547679,2.143371535737983,-0.18830802680770981,1,1.8307835762794629,1.7616246212198707,1,1,1
1785822563.963021,7,0.58956800000000009,0.93903188925521064,0.94745742860818394,0.34383006116654424,3,0,1,0,-1.2998640894761233,-0.57204621111107279,-2.0302876468403976,0.75914820193841637,-1.3737789917102143,0.42182905411718991,0,-0.020654348867182738,0.011039393360045946,0.00035610946322728857,-0.038815931491774452,0,-0.27876086654806514,5.8539781975093677,18.598692928947077,2.5772749250040414,2.0357995749622066,-0.063223589284540582,-9.9593625718392281e-16,1.986648004765843,19.079906517097584,3.1012316769339447,1.2179362996669345,-0.26558601155554001,-0.2451693856694051,4.6702532540226569,18.424107441793801,2.8546008243648933,2.0262344152459821,-0.19809938837634872,1,1.8307835762794629,1.7616246212198707,1,1,1
1785822563.983021,7,0.64800000000000013,0.93903188925521064,0.94745742860818394,0.34383006116654424,3,0,1,0,-1.2998626656078176,-0.5725749408752141,-2.0300199595989472,0.75915294816610168,-1.3746375842984833,0.42182857949442137,0,-0.02742042866850122,0.012819940676182388,0.00035610946322728857,-0.044513682903411074,0,-0.43805279028981664,4.7389347313171077,18.406358979319908,3.4043109084008609,1.9662536267492121,-0.47417691963405439,-6.5006559976567985e-16,2.0087589493546667,19.076301342953194,3.1016227555908933,1.2185896079538967,-0.26555625449710724,-0.21026533933911234,4.3031065328065967,18.515001392037171,2.8899654672012098,1.911683741879433,-0.20768797839917877,1,1.8307835762794629,1.7616246212198707,1,1,1
1785822564.003021,7,0.70451200000000003,0.93903188925521064,0.94745742860818394,0.34383006116654424,3,0,1,0,-1.2998612417395121,-0.57314923442513421,-2.0297755288731549,0.75915674514824993,-1.3754795650898537,0.42182763024888431,0,-0.035254836859501565,0.013176050139409676,0,-0.04202091666082005,-0.00035610946322728857,-0.43805279028981664,4.8982266550588589,18.771793483611525,2.5772749250040414,1.6627803981834175,-0.16438133213980552,1.4128950017334302e-15,2.0324027601067338,19.072743579289579,3.1019875003535682,1.2193627412362147,-0.26552410594432269,-0.17650819485975899,3.9521510035391278,18.60251248889249,2.9242082812457144,1.800997194109476,-0.21695261306269414,1,1.8307835762794629,1.7616246212198707,1,1,1
1785822564.023021,7,0.75833600000000012,0.93903188925521064,0.94745742860818394,0.34383006116654424,3,0,1,0,-1.2998598178712064,-0.57400545389956048,-2.0295040446495562,0.75916054213039819,-1.3762664896400747,0.42182810487165284,0,-0.043445354513729204,0.011039393360045946,0.00035610946322728857,-0.033118180080137838,0.00035610946322728857,-0.11946894280631364,3.0265465510932787,18.406358979319908,2.9619428242583763,1.631168603541147,-0.43624276606333007,4.0258290136870739e-16,2.065761539463622,19.069290890873926,3.1021948796454852,1.2213497538414542,-0.26547016863258921,-0.14435671297172448,3.628637169124783,18.685537617972773,2.9567423151703287,1.6965463707851385,-0.22576497555470698,1,1.8307835762794629,1.7616246212198707,1,1,1
1785822564.043021,7,0.80870400000000009,0.93903188925521064,0.94745742860818394,0.34383006116654424,3,0,1,0,-1.2998583940029009,-0.57486641960167195,-2.0292999568590888,0.75916433911254644,-1.376902958772672,0.42182763024888431,0.00035610946322728857,-0.049143105925365825,0.011039393360045946,0.00035610946322728857,-0.032762070616910548,-0.00035610946322728857,0,3.7831831888665985,18.867960458425109,2.7696088746312086,1.6943921928256878,-0.063223589284540582,6.2658415240189613e-16,2.0986674011885174,19.066428560489538,3.1023047584644372,1.2234898368182665,-0.26541623205095244,-0.11429102098317592,3.3303963780257422,18.763113281061891,2.9871453334360392,1.5992947383129155,-0.23399103511660518,1,1.8307835762794629,1.7616246212198707,1,1,1
1785822564.0630209,7,0.85484799999999994,0.93903188925521064,0.94745742860818394,0.34383006116654424,3,0,1,0,-1.2998550716435211,-0.57600314113229889,-2.029035591977018,0.75917193307684283,-1.3776390986866605,0.42182763024888431,0.00035610946322728857,-0.056265295189911593,0.013532159602636965,0.00035610946322728857,-0.038103712565319879,0,0,3.6637142460602847,18.675626508797944,3.4043109084008609,1.4288531178306172,-0.063223589284540582,1.179656009377486e-15,2.1417046833624727,19.063028308610569,3.102370205614954,1.2265527589644496,-0.26534316439424815,-0.086727146498902813,3.0712103432249438,18.83316539995111,3.0149782805455994,1.5113814400725434,-0.24151132208702164,1,1.8307835762794629,1.7616246212198707,1,1,1
1785822564.0830209,7,0.89600000000000013,0.93903188925521064,0.94745742860818394,0.34383006116654424,3,0,1,0,-1.2998526985296786,-0.57717071314288015,-2.0287384781239188,0.75917810317283374,-1.3785071837303,0.42182763024888431,0,-0.064455812844139232,0.016381035308455274,0.00035610946322728857,-0.052704200557638706,0,0.47787577122525454,3.3451303985767815,18.867960458425109,2.9619428242583763,1.4604649124728875,-0.3350850232080651,-1.4480451749785891e-15,2.1863751453623852,19.059048619653883,3.1025018113544069,1.2295129571262167,-0.26526810333580464,-0.062123850259284352,2.8491597427144502,18.89450054799293,3.0398708909538721,1.4335107129839566,-0.24820062584582853,1,1.8307835762794629,1.7616246212198707,1,1,1
1785822564.1030209,7,0.931392,0.93903188925521064,0.94745742860818394,0.34383006116654424,3,0,1,0,-1.2998522239069099,-0.57842798885671343,-2.0284261763422271,0.75918427326882465,-1.3796742811181126,0.42182810487165284,0,-0.073358549424821451,0.017449363698137141,0.00071221892645457715,-0.074782987277730598,0.00035610946322728857,0.31858384748350305,3.0265465510932787,18.675626508797944,3.0388764041092431,1.3909189642598929,-0.16438133213980552,2.6077603347118145e-16,2.2354072551850601,19.053809439624935,3.1028113652590239,1.2321017231036548,-0.26519275417098609,-0.040982626140277589,2.6711274134547764,18.945352075339503,3.0614646382883888,1.3668599932576004,-0.25394184509980611,1,1.8307835762794629,1.7616246212198707,1,1,1
1785822564.1230209,7,0.960256,0.93903188925521064,0.94745742860818394,0.34383006116654424,3,0,1,0,-1.2998517492841415,-0.5801912124417985,-2.0280768539845897,0.75918901949650985,-1.3817023442080369,0.42182763024888431,0,-0.088315146880367568,0.01495659745554612,0,-0.10683283896818657,0,-0.27876086654806514,3.5044223223185331,18.964127433238694,3.0388764041092431,1.4288531178306172,-0.40463097142105975,1.3363859037397383e-15,2.3056914312849952,19.044891052541544,3.103547121854894,1.2344626722381575,-0.26510029666844748,-0.023740868314469421,2.5580559944726069,18.982223191554088,3.0795733114656607,1.313004703302687,-0.25858456380969636,1,1.8307835762794629,1.7616246212198707,1,1,1
1785822564.1430209,7,0.98182400000000003,0.93903188925521064,0.94745742860818394,0.34383006116654424,3,0,1,0,-1.2998508000386044,-0.58197769254254161,-2.0278262531628064,0.75919471496973223,-1.3839681933049943,0.42182810487165284,0.00035610946322728857,-0.095793445608140626,0.011751612286500523,0.00035610946322728857,-0.12677496890891474,0.00035610946322728857,0.47787577122525454,2.2300869323845212,19.060294408052279,2.9619428242583763,1.4288531178306172,-0.16438133213980552,9.0496491864881096e-16,2.3776931528870393,19.034994175681966,3.1044664978133962,1.2359754103839058,-0.26501803237464799,-0.01087870409003058,2.495121824193911,19.006317900892999,3.0934796871230374,1.272568554770273,-0.26204291273751273,1,1.8307835762794629,1.7616246212198707,1,1,1
1785822564.1630208,2,0.9953280000000001,0.93903188925521064,0.94745742860818394,0.34383006116654424,3,0,1,0,-1.2998460538109191,-0.58393930844487185,-2.0276022312160609,0.759208004407251,-1.3867428380098146,0.42182810487165284,0.00035610946322728857,-0.10612062004173199,0.011751612286500523,0.00071221892645457715,-0.1559759448935524,0,0.15929192374175152,2.7079627036097755,19.060294408052279,3.0388764041092431,1.2897612214046279,-0.36669681785033542,2.4838207798036707e-15,2.457870240526824,19.022936571716816,3.1056919166515855,1.2367481624477163,-0.26493896507361414,-0.0028121610717466686,2.5048108829721483,19.015272652492918,3.1028512549503322,1.247261041237326,-0.26417377920341001,1,1.8307835762794629,1.7616246212198707,1,1,1
1785822564.1830208,7,1,0.93903188925521064,0.94745742860818394,0.34383006116654424,3,0,1,0,-1.2998403583376967,-0.58621797235657946,-2.0273872271019169,0.7592246162041496,-1.3900210574720442,0.42182810487165284,0.00035610946322728857,-0.11431113769595963,0.0078344081910003485,0.00071221892645457715,-0.15918093006259798,0,0.31858384748350305,2.8672546273515271,18.964127433238694,2.9619428242583763,1.2897612214046279,-0.36669681785033542,-3.4508799897497999e-16,2.5511984699348558,19.008629235056436,3.107132438172739,1.2373535247270346,-0.26485033210929149,-2.1366567793970381e-05,2.5580571381966135,19.008315858728796,3.1071199743415261,1.2387861530975981,-0.26485033210929149,1,1.8307835762794629,1.7616246212198707,1,1,1
1785822564.2030208,7,1,0.93903188925521064,0.94745742860818394,0.34383006116654424,3,0,1,0,-1.2998360867327801,-0.58854030156299175,-2.0272908786799055,0.75923600715059425,-1.3933633510080252,0.42182810487165284,0,-0.12285776481341455,0.0028488757058183086,0.00071221892645457715,-0.18624524926787192,0,0.63716769496700609,2.7079627036097755,19.233394962716726,2.5003413451531746,1.3593071696176227,-0.30347322856579484,1.4235167948919991e-15,2.6462271443484218,18.994005169575289,3.1085923537907352,1.2375450457809023,-0.26476533720147039,1.4432899320127035e-15,2.6535986102372267,18.993891214547055,3.1085798899595223,1.2392212530243132,-0.26476533720147039,1,1.8307835762794629,1.7616246212198707,1,1,1
1785822564.223021,7,1,0.93903188925521064,0.94745742860818394,0.34383006116654424,3,0,1,0,-1.2998294420140206,-0.59131874324996037,-2.0272633505593309,0.75925024583365008,-1.3977673756772058,0.42182810487165284,0.00071221892645457715,-0.13176050139409676,-0.00071221892645457715,0.00071221892645457715,-0.21473400632605499,0,0.31858384748350305,2.8672546273515271,18.867960458425109,3.0388764041092431,1.3593071696176227,-0.26553907499507046,1.9437203853823332e-16,2.7614490566813967,18.974829286674964,3.1106032819919154,1.236469420172571,-0.26467794950807699,-4.2733135587052584e-05,2.769354686765042,18.974857775432021,3.1105908181607025,1.2384020262295055,-0.26467794950807699,1,1.8307835762794629,1.7616246212198707,1,1,1
1785822564.243021,7,1,0.93903188925521064,0.94745742860818394,0.34383006116654424,3,0,1,0,-1.2998213734269557,-0.59401222746136229,-2.0272680967870165,0.7592625860256319,-1.4021832659155993,0.42182810487165284,0.00035610946322728857,-0.14066323797477898,0,0.00035610946322728857,-0.22933449431837383,0,-0.59734471403156819,3.1858384748350304,19.233394962716726,3.2312103537364103,1.3276953749753524,-0.26553907499507046,-6.9806526282068654e-16,2.8736804070259909,18.955544854792969,3.1125944265037413,1.234956809482723,-0.2645966285354156,-2.1366567794303448e-05,2.8821202013044775,18.955544854792969,3.1125881945881346,1.2370208199315884,-0.2645966285354156,1,1.8307835762794629,1.7616246212198707,1,1,1
1785822564.263021,7,1,0.93903188925521064,0.94745742860818394,0.34383006116654424,3,0,1,0,-1.2998128302171221,-0.59683623293410959,-2.0272685714097847,0.75926875612162281,-1.4065289119842506,0.42182857949442137,0.00071221892645457715,-0.14707320831287019,0.00035610946322728857,0.00035610946322728857,-0.24820829586942014,0,0,3.0265465510932787,18.502525954133493,2.9619428242583763,1.2897612214046279,-0.36669681785033542,1.1413938370841148e-15,2.9901876793244306,18.936302218784785,3.1143923555683557,1.2340936289561257,-0.26450002162225111,-4.2733135586164406e-05,2.9990120718232025,18.936287974406255,3.114386123652749,1.2363275036189505,-0.26450002162225111,1,1.8307835762794629,1.7616246212198707,1,1,1
1785822564.283021,7,1,0.93903188925521064,0.94745742860818394,0.34383006116654424,3,0,1,0,-1.2998052362528256,-0.59994691055904847,-2.0272661982959423,0.75927587546315067,-1.4122001794454031,0.42182857949442137,0,-0.15419539757741596,-0.00071221892645457715,0.00035610946322728857,-0.27740927185405778,-0.00035610946322728857,0.15929192374175152,2.8672546273515271,18.675626508797944,3.4043109084008609,1.2581494267623576,-0.3350850232080651,-1.2116298090704414e-15,3.1220170941542378,18.911438884823927,3.1168837175295501,1.2309660245581295,-0.26441267347510428,-1.2212453270876722e-15,3.1312688180088828,18.911467373580983,3.1168774856139434,1.2334627080048159,-0.26440946848993524,1,1.8307835762794629,1.7616246212198707,1,1,1
1785822564.303021,7,1,0.93903188925521064,0.94745742860818394,0.34383006116654424,3,0,1,0,-1.299800964647909,-0.60292232069495666,-2.0272775892423867,0.75928014706806746,-1.4176431533548934,0.42182905411718991,0.00035610946322728857,-0.15205874079805221,-0.00071221892645457715,0,-0.28880477467733101,0,0.15929192374175152,3.0265465510932787,19.137227987903145,3.0388764041092431,1.3276953749753524,-0.26553907499507046,-8.4276898339782219e-16,3.248140179372248,18.887424302453617,3.1191737378082069,1.227879658395753,-0.26432748296865061,-2.1366567794525493e-05,3.2572637038201311,18.887452791210674,3.1191737378082069,1.230478901367849,-0.26432748296865061,1,1.8307835762794629,1.7616246212198707,1,1,1
1785822564.3230209,7,1,0.93903188925521064,0.94745742860818394,0.34383006116654424,3,0,1,0,-1.2997966930429921,-0.60598790915688527,-2.027275690751313,0.75928204555914158,-1.4235023714323836,0.42182952873995844,0,-0.16131758684196171,0,0.00035610946322728857,-0.31195188978710481,0,0,3.3451303985767815,18.771793483611525,2.9619428242583763,1.3593071696176227,-0.23392728035280017,1.8105786645352187e-15,3.3790677924321413,18.861500609929319,3.1215750282667964,1.2241224379209634,-0.26424168370079543,1.7763568394002505e-15,3.388746847642659,18.861500609929319,3.1215687963511898,1.2269300049290475,-0.26424168370079543,1,1.8307835762794629,1.7616246212198707,1,1,1
1785822564.3430209,7,1,0.93903188925521064,0.94745742860818394,0.34383006116654424,3,0,1,0,-1.2997928960608438,-0.6094849297154068,-2.0272775892423867,0.75928441867298424,-1.4300189420442864,0.42183000336272697,0.00035610946322728857,-0.1620298057684163,-0.00035610946322728857,0,-0.32192295475746885,0,-0.43805279028981664,3.1858384748350304,18.598692928947077,2.9619428242583763,1.2581494267623576,-0.3350850232080651,-8.3145770542018826e-16,3.5277054116306266,18.83237452420687,3.1240671704879435,1.220230388474095,-0.26413699075949254,-2.1366567794414471e-05,3.5374271999767317,18.8323887685854,3.1240671704879435,1.2231276950669123,-0.26413699075949254,1,1.8307835762794629,1.7616246212198707,1,1,1
1785822564.3630209,7,1,0.93903188925521064,0.94745742860818394,0.34383006116654424,3,0,1,0,-1.2997853020965473,-0.61267249622884734,-2.0272785384879239,0.7592867917868269,-1.4367951313105747,0.42183000336272697,0.00035610946322728857,-0.16559090040068919,0,0,-0.33545511436010583,0,0.15929192374175152,4.2610589600918525,18.310192004506327,3.1350433789228265,1.2581494267623576,-0.26553907499507046,5.1807923185862026e-17,3.6665016113794282,18.802303306495208,3.1267220535033919,1.2146004259914813,-0.26405934238696088,-2.1366567793637314e-05,3.6764370654034697,18.802303306495208,3.1267220535033919,1.2176195220207222,-0.26405934238696088,1,1.8307835762794629,1.7616246212198707,1,1,1
1785822564.3830209,7,1,0.93903188925521064,0.94745742860818394,0.34383006116654424,3,0,1,0,-1.2997753350184083,-0.61590752501914081,-2.0272932517937483,0.75928774103236396,-1.4433264152283019,0.4218304779854955,0.00071221892645457715,-0.16772755718005292,-0.0014244378529091543,0,-0.34578228879369721,-0.00035610946322728857,0.31858384748350305,3.9424751126083497,18.771793483611525,3.0388764041092431,1.2897612214046279,-0.47417691963405439,8.4079878476250869e-17,3.8059233055993813,18.772969546289946,3.1290609664290265,1.2096882744697375,-0.263969985426253,-4.2733135587163607e-05,3.8159869590301843,18.773026523804063,3.1290609664290265,1.2128003150688809,-0.26396678044108396,1,1.8307835762794629,1.7616246212198707,1,1,1
1785822564.4030209,7,1,0.93903188925521064,0.94745742860818394,0.34383006116654424,3,0,1,0,-1.2997677410541117,-0.61923937685421426,-2.0273141351955637,0.75928774103236396,-1.4502734686912604,0.42183095260826403,0.00071221892645457715,-0.17200087073878037,-0.0014244378529091543,0,-0.36287554302860703,-0.00035610946322728857,-0.11946894280631364,3.9424751126083497,18.867960458425109,3.0388764041092431,1.2897612214046279,-0.36669681785033542,-8.3490343544961876e-17,3.9503511911873814,18.741678590367272,3.1314486756452964,1.2040494944502034,-0.2638807384743706,-4.2733135587385651e-05,3.9606712434317086,18.741735567881388,3.1314486756452964,1.2073153743374609,-0.26387753348920157,1,1.8307835762794629,1.7616246212198707,1,1,1
1785822564.4230208,7,1,0.93903188925521064,0.94745742860818394,0.34383006116654424,3,0,1,0,-1.2997563501076672,-0.62272785420290222,-2.0273245768964712,0.75928821565513249,-1.4578100036327319,0.42183095260826403,0.00071221892645457715,-0.16915199503296208,0.00071221892645457715,0,-0.37569548370478945,-0.00035610946322728857,0.47787577122525454,3.3451303985767815,18.598692928947077,3.692811832841612,1.1569916839070926,-0.26553907499507046,1.4999581302499107e-15,4.1025933392576359,18.707626198423853,3.1339198905308487,1.1975149071996085,-0.2637899203188443,-4.2733135585720317e-05,4.1127424589596133,18.707597709666796,3.1339198905308487,1.2008961665529516,-0.26378671533367526,1,1.8307835762794629,1.7616246212198707,1,1,1
1785822564.4430208,7,1,0.93903188925521064,0.94745742860818394,0.34383006116654424,3,0,1,0,-1.2997425860473797,-0.62619402428146931,-2.0273293231241567,0.75928869027790102,-1.46556059344281,0.42183142723103251,0.00071221892645457715,-0.1648786814742346,-0.0010683283896818657,0,-0.36892940390347095,0.00035610946322728857,0.47787577122525454,4.1017670363501013,18.598692928947077,3.4043109084008609,1.0874457356940981,-0.26553907499507046,-1.7808190089663861e-16,4.2548791930039886,18.672503023259111,3.1363303240182137,1.1903686986941659,-0.26370270645343863,-4.2733135587496673e-05,4.2647719138924431,18.672545756394697,3.1363303240182137,1.1936890633292971,-0.26370591143860767,1,1.8307835762794629,1.7616246212198707,1,1,1
1785822564.463021,7,1,0.93903188925521064,0.94745742860818394,0.34383006116654424,3,0,1,0,-1.2997226518911016,-0.62919791178348916,-2.0273459349210552,0.75928916490066956,-1.4723628869613674,0.42183095260826403,0.00071221892645457715,-0.16345424362132546,0.00035610946322728857,0,-0.37106606068283471,0.00035610946322728857,0.31858384748350305,4.2610589600918525,18.771793483611525,3.4043109084008609,1.2202152731916334,-0.36669681785033542,7.4320026044807919e-16,4.3871442008269383,18.6415475684928,3.1383149644613342,1.1839012010931393,-0.26362770425788096,-4.2733135586497473e-05,4.3969514554442179,18.64153332411427,3.1383149644613342,1.187240795639285,-0.26363090924304999,1,1.8307835762794629,1.7616246212198707,1,1,1
1785822564.483021,7,1,0.93903188925521064,0.94745742860818394,0.34383006116654424,3,0,1,0,-1.2997008192437491,-0.63274714084654882,-2.0273459349210552,0.75929011414620662,-1.4804129637383872,0.42183095260826403,0.0010683283896818657,-0.16167369630518902,-0.00035610946322728857,0.00035610946322728857,-0.37142217014606199,0,-0.11946894280631364,4.7389347313171077,18.771793483611525,3.692811832841612,1.1886034785493631,-0.26553907499507046,-8.4050232323096968e-16,4.5434545301096199,18.604666712698641,3.1404656923580214,1.1762762841921208,-0.26353502314026911,-6.4099703381800122e-05,4.5531549518879313,18.604680957077171,3.1404594604424148,1.1796190837234353,-0.26353502314026911,1,1.8307835762794629,1.7616246212198707,1,1,1
1785822564.503021,7,1,0.93903188925521064,0.94745742860818394,0.34383006116654424,3,0,1,0,-1.2996813597102395,-0.63563427114751059,-2.0273445110527493,0.75929011414620662,-1.4872593971744177,0.42183095260826403,0.0010683283896818657,-0.15775649220968885,0,0,-0.37391493638865297,0,-0.27876086654806514,4.1017670363501013,18.406358979319908,2.9619428242583763,1.1569916839070926,-0.3350850232080651,3.9420913365215138e-17,4.67177548869447,18.573287406626591,3.1422041051911345,1.1693119484008656,-0.26346436594203282,-6.4099703380911943e-05,4.6812408782270509,18.573287406626591,3.1422041051911345,1.1726771828283633,-0.26346436594203282,1,1.8307835762794629,1.7616246212198707,1,1,1
1785822564.523021,7,1,0.93903188925521064,0.94745742860818394,0.34383006116654424,3,0,1,0,-1.2996581031945815,-0.63897086921026924,-2.0273459349210552,0.75929058876897515,-1.4951618662704251,0.42183142723103251,0.00071221892645457715,-0.15170263133482492,0,0,-0.36038277678601605,0,0.15929192374175152,4.4203508838336045,18.675626508797944,2.9619428242583763,1.0558339410518278,-0.36669681785033542,1.4102420945426297e-16,4.819987629678292,18.53685986305614,3.1440276561850924,1.1612547684841978,-0.26338030293126835,-4.2733135587163607e-05,4.8290897875583818,18.53685986305614,3.1440276561850924,1.1644982134752722,-0.26338030293126835,1,1.8307835762794629,1.7616246212198707,1,1,1
1785822564.543021,7,1,0.93903188925521064,0.94745742860818394,0.34383006116654424,3,0,1,0,-1.2996490853619795,-0.64189407084163919,-2.0273445110527493,0.75929058876897515,-1.5019802969631122,0.4218328510993381,0,-0.15063430294514307,0,0,-0.3340306765071967,0.00035610946322728857,-0.27876086654806514,5.3761024262841133,18.406358979319908,3.0388764041092431,1.0178997874811033,-0.063223589284540582,2.9529432013768869e-16,4.9493757983462716,18.505182927376261,3.1454143925429623,1.1544510300685582,-0.26330150044487227,3.3306690738754696e-16,4.9584138565229798,18.505182927376261,3.1454143925429623,1.1574573061571229,-0.26330470543004131,1,1.8307835762794629,1.7616246212198707,1,1,1
1785822564.5630209,7,1,0.93903188925521064,0.94745742860818394,0.34383006116654424,3,0,1,0,-1.2996462376253684,-0.64480872926317556,-2.0273464095438234,0.75929106339174368,-1.5083174601685112,0.42183332572210663,0,-0.14814153670255203,0,0.00035610946322728857,-0.320854626367787,0,0.47787577122525454,4.7389347313171077,18.310192004506327,3.2312103537364103,1.1886034785493631,-0.26553907499507046,7.135591894918622e-16,5.0764673242709417,18.475292575227243,3.146455955925735,1.1488056357020289,-0.26320952682314258,6.6613381477509392e-16,5.0853558164730952,18.475292575227243,3.1464497240101283,1.1516933273393388,-0.26320952682314258,1,1.8307835762794629,1.7616246212198707,1,1,1
1785822564.5830209,7,1,0.93903188925521064,0.94745742860818394,0.34383006116654424,3,0,1,0,-1.2996448137570629,-0.64777464694371312,-2.0273454602982866,0.75929058876897515,-1.5147044587646055,0.4218342749676437,0.00035610946322728857,-0.14386822314382458,0.00035610946322728857,0,-0.29841973018446782,0,0.31858384748350305,5.5353943500258653,18.675626508797944,3.2312103537364103,1.0558339410518278,-0.36669681785033542,6.2881862531675298e-16,5.2055017985193786,18.444955509825331,3.1473522992461689,1.1432133612022883,-0.26311169706187132,-2.1366567792971181e-05,5.2141338919080082,18.444941265446801,3.1473522992461689,1.1458991387739486,-0.26311169706187132,1,1.8307835762794629,1.7616246212198707,1,1,1
1785822564.6030209,7,1,0.93903188925521064,0.94745742860818394,0.34383006116654424,3,0,1,0,-1.2996410167749146,-0.6505753959008026,-2.0273426125616751,0.75929106339174368,-1.5203804724534435,0.4218342749676437,0.00035610946322728857,-0.14173156636446085,0.00035610946322728857,0,-0.28524368004505812,-0.00035610946322728857,-0.11946894280631364,5.5353943500258653,18.310192004506327,3.4043109084008609,1.0874457356940981,-0.20231548571052987,1.2622637445914089e-15,5.3258643071002085,18.417583478687536,3.1479357140295212,1.1388281970823788,-0.26300831333888169,-2.1366567792416069e-05,5.3343682010820759,18.417569234309006,3.1479357140295212,1.141395390202784,-0.26300510835371266,1,1.8307835762794629,1.7616246212198707,1,1,1
1785822564.6230209,7,1,0.93903188925521064,0.94745742860818394,0.34383006116654424,3,0,1,0,-1.2996381690383034,-0.65346584856114409,-2.0273411886933697,0.7592915380145121,-1.5260199401891048,0.42183522421318076,0.00035610946322728857,-0.14101934743800626,-0.00035610946322728857,0.00035610946322728857,-0.25853547030301149,0,0.63716769496700609,5.5353943500258653,18.675626508797944,2.9619428242583763,1.0874457356940981,-0.3350850232080651,1.6190848439517555e-15,5.4491408173097398,18.390065901678078,3.1483410098677531,1.1348413110191751,-0.26289424635933151,-2.136656779197198e-05,5.4576019781560206,18.390080146056608,3.1483347779521464,1.1371681302519021,-0.26289424635933151,1,1.8307835762794629,1.7616246212198707,1,1,1
1785822564.6430209,7,1,0.93903188925521064,0.94745742860818394,0.34383006116654424,3,0,1,0,-1.2996362705472293,-0.65625663044009441,-2.0273421379389069,0.7592915380145121,-1.5307324696578291,0.42183617345871782,0.00035610946322728857,-0.1427998947541427,0,0,-0.23467613626678316,0.00035610946322728857,0.31858384748350305,5.0575185788006101,18.406358979319908,3.0388764041092431,0.98628799283883317,-0.40463097142105975,6.2605221571102043e-16,5.565126267361916,18.366312632145927,3.1483576045057706,1.1328387873908552,-0.26276369786000181,-2.1366567792971181e-05,5.5736942610471649,18.366312632145927,3.1483576045057706,1.1349508726172561,-0.26276690284517085,1,1.8307835762794629,1.7616246212198707,1,1,1
1785822564.6630208,7,1,0.93903188925521064,0.94745742860818394,0.34383006116654424,3,0,1,0,-1.2996362705472293,-0.65899283070066395,-2.0273402394478328,0.75929201263728063,-1.5350311280723958,0.42183617345871782,-0.00035610946322728857,-0.13852658119541525,0.00035610946322728857,0.00035610946322728857,-0.2150901157892823,-0.00035610946322728857,0.31858384748350305,5.2168105025423621,18.598692928947077,3.0388764041092431,0.9546761981965628,-0.063223589284540582,7.8741368622885916e-16,5.6774851843662182,18.344183267345461,3.1481772294919832,1.1316993871784484,-0.26262538954063663,2.1366567794414471e-05,5.6857967792379434,18.344169022966931,3.1481709975763765,1.1336351982205517,-0.2626221845554676,1,1.8307835762794629,1.7616246212198707,1,1,1
1785822564.6830208,7,1,0.93903188925521064,0.94745742860818394,0.34383006116654424,3,0,1,0,-1.2996348466789236,-0.6618144630595687,-2.0273350185973791,0.75929201263728063,-1.539168414745663,0.42183664808148635,0,-0.13817047173218797,0,0.00035610946322728857,-0.18624524926787192,0,-0.59734471403156819,6.3318539687346229,18.675626508797944,3.4043109084008609,1.0178997874811033,-0.16438133213980552,3.1250433556000157e-17,5.7920964456180339,18.322413560206044,3.1478091577492679,1.1312853245747081,-0.2624728607176261,0,5.8003866739219649,18.322413560206044,3.1478029258336613,1.132961531818119,-0.2624728607176261,1,1.8307835762794629,1.7616246212198707,1,1,1
1785822564.7030208,7,1,0.93903188925521064,0.94745742860818394,0.34383006116654424,3,0,1,0,-1.2996338974333868,-0.66439403780652373,-2.0273359678429159,0.75929201263728063,-1.5425757316009325,0.42183617345871782,0,-0.13033606354118762,0,0,-0.17164476127555309,-0.00035610946322728857,0,5.6946862737676165,18.233258424655457,3.5004778832144443,1.1190575303363683,-0.3350850232080651,-8.2639922465918558e-17,5.8952829042956818,18.303915222473528,3.1472875149055999,1.1318395588494607,-0.26232253152983925,-1.1102230246251565e-16,5.9031030681081527,18.303915222473528,3.1472875149055999,1.1333843617009407,-0.26231932654467022,1,1.8307835762794629,1.7616246212198707,1,1,1
1785822564.723021,7,1,0.93903188925521064,0.94745742860818394,0.34383006116654424,3,0,1,0,-1.2996329481878497,-0.66721187318328024,-2.0273373917112214,0.75929201263728063,-1.5461667274676227,0.42183617345871782,0,-0.13104828246764219,-0.00035610946322728857,0,-0.16024925845227986,0,0.15929192374175152,6.0132701212511197,18.675626508797944,2.7696088746312086,1.1569916839070926,-0.3350850232080651,9.1965755215188405e-17,6.007406388493278,18.284107492065296,3.1466154766183339,1.1327754847137042,-0.26215309232399359,1.1102230246251565e-16,6.0152692854413363,18.284121736443826,3.1466154766183339,1.1342177280397745,-0.26215309232399359,1,1.8307835762794629,1.7616246212198707,1,1,1
1785822564.743021,7,1,0.93903188925521064,0.94745742860818394,0.34383006116654424,3,0,1,0,-1.2996319989423126,-0.66973923942569702,-2.0273354932201473,0.75929248726004916,-1.549111761746345,0.42183617345871782,0,-0.1281994067618239,0,0,-0.16024925845227986,0.00035610946322728857,0.15929192374175152,5.8539781975093677,17.944757500214706,3.4043109084008609,1.0178997874811033,-0.3350850232080651,1.3138497451450903e-16,6.1068009719535468,18.267333145014163,3.1458719497888041,1.1343279652631684,-0.26199220656745409,1.1102230246251565e-16,6.1144929363592562,18.267333145014163,3.1458719497888041,1.1357702085892389,-0.26199541155262313,1,1.8307835762794629,1.7616246212198707,1,1,1
1785822564.763021,7,1,0.93903188925521064,0.94745742860818394,0.34383006116654424,3,0,1,0,-1.2996291512057014,-0.67232213653203166,-2.0273354932201473,0.7592929618828177,-1.5522912596727205,0.42183569883594929,0.00035610946322728857,-0.12570664051923286,0,0,-0.1374582528057334,0,-0.43805279028981664,6.6504378162181252,18.406358979319908,3.5004778832144443,1.1190575303363683,-0.3350850232080651,-2.090240144598382e-16,6.20901582965163,18.249395325324478,3.1451228775196594,1.1354727333581101,-0.26183044268354039,-2.1366567793859359e-05,6.2165582280827838,18.249395325324478,3.1451228775196594,1.1367098576333614,-0.26183044268354039,1,1.8307835762794629,1.7616246212198707,1,1,1
1785822564.783021,7,1,0.93903188925521064,0.94745742860818394,0.34383006116654424,3,0,1,0,-1.2996277273373957,-0.67475695133458524,-2.027333120106305,0.75929391112835476,-1.5549097534866949,0.42183522421318076,0,-0.12285776481341455,-0.00035610946322728857,0,-0.13638992441605152,0,-0.43805279028981664,6.8097297399598773,18.310192004506327,3.5004778832144443,1.1190575303363683,-0.031611794642270291,3.2270261224494334e-16,6.3037817122107711,18.233906061483822,3.1442553974048262,1.1375254255680869,-0.26166668202050825,3.3306690738754696e-16,6.311153178099576,18.233920305862352,3.1442553974048262,1.1387529348878316,-0.26166668202050825,1,1.8307835762794629,1.7616246212198707,1,1,1
1785822564.803021,7,1,0.93903188925521064,0.94745742860818394,0.34383006116654424,3,0,1,0,-1.2996267780918587,-0.67725299247427917,-2.0273350185973791,0.75929486037389182,-1.5576378851601993,0.42183474959041223,0,-0.12143332696050541,0,0,-0.12713107837214202,-0.00035610946322728857,0.15929192374175152,6.3318539687346229,18.502525954133493,3.0388764041092431,1.0874457356940981,-0.3350850232080651,9.4252405359596114e-16,6.4010496429219792,18.217754306885549,3.1433441518488001,1.1395010473139267,-0.26149868005614779,8.8817841970012523e-16,6.4083356425396092,18.217754306885549,3.1433441518488001,1.140645227019276,-0.26149547507097876,1,1.8307835762794629,1.7616246212198707,1,1,1
1785822564.8230209,7,1,0.93903188925521064,0.94745742860818394,0.34383006116654424,3,0,1,0,-1.2996258288463216,-0.67965838066518403,-2.0273340693518418,0.75929533499666035,-1.5601396217731156,0.42183522421318076,0,-0.12641885944568745,0,0,-0.13318493924700592,0.00035610946322728857,0.31858384748350305,6.3318539687346229,18.137091449841876,3.5004778832144443,1.1569916839070926,-0.13276953749753523,1.9487991949340699e-15,6.4942225030873271,18.202597771250645,3.1423880334548904,1.1417388026524797,-0.26133171635919183,1.9984014443252818e-15,6.5018076346540683,18.202597771250645,3.1423880334548904,1.1429374671057029,-0.26133492134436087,1,1.8307835762794629,1.7616246212198707,1,1,1
1785822564.8430209,7,1,0.93903188925521064,0.94745742860818394,0.34383006116654424,3,0,1,0,-1.2996258288463216,-0.68212736830707166,-2.0273359678429159,0.75929533499666035,-1.5626574955601618,0.42183474959041223,0,-0.12535053105600558,-0.00035610946322728857,0,-0.12000888910759624,0,-0.43805279028981664,6.8097297399598773,18.137091449841876,2.6734418998176253,1.0178997874811033,-0.40463097142105975,-2.7257520242643385e-17,6.5895976446095599,18.187146615431708,3.1413573363812133,1.1441519072301738,-0.26115750446104302,0,6.5971186764729204,18.187160859810238,3.1413573363812133,1.1452319872321424,-0.26115750446104302,1,1.8307835762794629,1.7616246212198707,1,1,1
1785822564.8630209,7,1,0.93903188925521064,0.94745742860818394,0.34383006116654424,3,0,1,0,-1.2996244049780161,-0.68450095677248513,-2.0273335947290732,0.75929580961942889,-1.5647520058376803,0.42183474959041223,0,-0.12107721749727811,0.00035610946322728857,0,-0.10184730648300452,0,-0.27876086654806514,7.5663663777331971,17.771656945550255,3.0388764041092431,1.0178997874811033,-0.16438133213980552,1.5488675066902685e-15,6.6799189915762369,18.173502151268341,3.14023779283088,1.1473182903741059,-0.26098003699413458,1.5543122344752192e-15,6.6871836246260736,18.173487906889811,3.14023779283088,1.148234916132453,-0.26098003699413458,1,1.8307835762794629,1.7616246212198707,1,1,1
1785822564.8830209,7,1,0.93903188925521064,0.94745742860818394,0.34383006116654424,3,0,1,0,-1.2996234557324791,-0.68714887719810824,-2.0273274246330826,0.75929723348773448,-1.5670259235217026,0.4218342749676437,0,-0.12107721749727811,0,0.00035610946322728857,-0.1121744809165959,0,0.63716769496700609,6.8097297399598773,18.406358979319908,3.5004778832144443,1.1886034785493631,0.069545948212994646,5.7916385988281138e-16,6.7803769397439737,18.15841156167431,3.1389360675338001,1.151021560418499,-0.2607785589415943,5.5511151231257827e-16,6.7876415727938104,18.15841156167431,3.1389298356181934,1.1520311307467481,-0.2607785589415943,1,1.8307835762794629,1.7616246212198707,1,1,1
1785822564.9030209,7,1,0.93903188925521064,0.94745742860818394,0.34383006116654424,3,0,1,0,-1.2996210826186363,-0.68930698692660952,-2.0273269500103139,0.75929913197880861,-1.5692704145940759,0.42183332572210663,0.00035610946322728857,-0.11680390393855065,0,0.00035610946322728857,-0.12784329729859659,-0.00035610946322728857,-0.59734471403156819,6.8097297399598773,17.848590525401125,3.0388764041092431,1.2897612214046279,-0.10115774285526494,4.0974371790479525e-16,6.8637930541124499,18.14445425879725,3.1379605429165709,1.1530228145534094,-0.26062345437384005,-2.1366567793193225e-05,6.8708012883487628,18.14445425879725,3.1379543110009642,1.1541734042290965,-0.26062024938867101,1,1.8307835762794629,1.7616246212198707,1,1,1
1785822564.9230208,7,1,0.93903188925521064,0.94745742860818394,0.34383006116654424,3,0,1,0,-1.2996149125226455,-0.69191551366244475,-2.0273174575549433,0.75930720056587364,-1.572233009915234,0.42183332572210663,0.00035610946322728857,-0.12285776481341455,0.00071221892645457715,0.00071221892645457715,-0.14493655153350646,0.00035610946322728857,-0.43805279028981664,6.8097297399598773,18.137091449841876,3.2312103537364103,1.2202152731916334,-0.26553907499507046,3.2025773634598853e-15,6.9656102740075045,18.12644483510466,3.1368152730952881,1.1548326471888524,-0.26044153317852381,-2.1366567790417668e-05,6.9729817398963094,18.126416346347604,3.1368028092640752,1.1561370761526537,-0.26044473816369285,1,1.8307835762794629,1.7616246212198707,1,1,1
1785822564.9430208,7,1,0.93903188925521064,0.94745742860818394,0.34383006116654424,3,0,1,0,-1.2996130140315714,-0.69424021598269958,-2.0273179321777119,0.75931147217079042,-1.5751201402161956,0.42183332572210663,0.00035610946322728857,-0.11609168501209607,-0.00035610946322728857,0,-0.14564877045996102,0.00035610946322728857,-0.43805279028981664,6.9690216637016285,18.040924475028291,3.0388764041092431,1.1190575303363683,-0.3350850232080651,-1.3607550416322445e-15,7.0572804211088478,18.109324616810145,3.1358215737943782,1.1557814828717203,-0.26028419725307472,-2.1366567794969582e-05,7.0642459222095733,18.109338861188675,3.1358215737943782,1.1570923218058597,-0.26028740223824376,1,1.8307835762794629,1.7616246212198707,1,1,1
1785822564.963021,7,1,0.93903188925521064,0.94745742860818394,0.34383006116654424,3,0,1,0,-1.2996058946900435,-0.69646097591664669,-2.0273150844411005,0.75931811688954975,-1.577863459818293,0.42183237647656957,0.00035610946322728857,-0.11324280930627777,0.00035610946322728857,0.00071221892645457715,-0.14101934743800626,0,-0.11946894280631364,6.4911458924763741,18.137091449841876,2.9619428242583763,1.1886034785493631,-0.30347322856579484,7.9701734578482841e-16,7.1447576076840242,18.092933734927492,3.1348354564948773,1.1567346630135005,-0.2601324798847644,-2.1366567792860158e-05,7.1515521762424008,18.092919490548962,3.1348229926636644,1.1580038371404429,-0.2601324798847644,1,1.8307835762794629,1.7616246212198707,1,1,1
1785822564.983021,7,1,0.93903188925521064,0.94745742860818394,0.34383006116654424,3,0,1,0,-1.2996020977078953,-0.69877713502706806,-2.0273032188718876,0.75932855859045745,-1.5809252512980734,0.42183190185380104,0,-0.11324280930627777,0,0.00035610946322728857,-0.15668816382000697,0,0.31858384748350305,6.8097297399598773,17.848590525401125,3.2312103537364103,1.2202152731916334,-0.3350850232080651,6.7671495035219464e-16,7.2367903212144222,18.074914862739945,3.1338184883828166,1.1572444829680029,-0.25997809585194909,6.6613381477509392e-16,7.2435848897727988,18.074914862739945,3.13381225646721,1.1586546764423828,-0.25997809585194909,1,1.8307835762794629,1.7616246212198707,1,1,1
1785822565.003021,7,1,0.93903188925521064,0.94745742860818394,0.34383006116654424,3,0,1,0,-1.2996001992168211,-0.70086737369966967,-2.0273103382134154,0.75933425406367971,-1.5840140962756599,0.42183142723103251,0,-0.10469618218882284,-0.00035610946322728857,0,-0.16167369630518902,0,-0.11946894280631364,7.1283135874433805,18.040924475028291,2.9619428242583763,1.2202152731916334,-0.3350850232080651,8.1735968904608769e-16,7.3210825508517239,18.057307721587829,3.1329481494495495,1.1568056653132974,-0.2598465629686969,7.7715611723760958e-16,7.3273643217830529,18.057321965966359,3.1329481494495495,1.1582607285800444,-0.2598465629686969,1,1.8307835762794629,1.7616246212198707,1,1,1
1785822565.023021,7,1,0.93903188925521064,0.94745742860818394,0.34383006116654424,3,0,1,0,-1.2995978261029784,-0.70298561511561453,-2.02730891434511,0.75934089878243916,-1.5873649330214745,0.42183142723103251,0.00035610946322728857,-0.1029156348726864,0,0.00035610946322728857,-0.1588248205993707,0,0.31858384748350305,7.8849502252166994,17.771656945550255,2.9619428242583763,1.1190575303363683,-0.3350850232080651,1.4184447616038404e-15,7.407386981276427,18.038476312077893,3.1320719518844671,1.1558235475718319,-0.25971713338417163,-2.1366567792194025e-05,7.4135619193687878,18.038476312077893,3.1320657199688604,1.1572529709572261,-0.25971713338417163,1,1.8307835762794629,1.7616246212198707,1,1,1
1785822565.043021,7,1,0.93903188925521064,0.94745742860818394,0.34383006116654424,3,0,1,0,-1.2995964022346729,-0.70509721181279994,-2.0273127113272582,0.75935086586057832,-1.5903479371216791,0.42183142723103251,0.00035610946322728857,-0.10220341594623182,-0.00071221892645457715,0.00071221892645457715,-0.13817047173218797,0,-0.27876086654806514,7.4468974349268828,18.310192004506327,3.5004778832144443,1.1190575303363683,-0.23392728035280017,1.5083081810439436e-15,7.4919106463248362,18.021081828008299,3.1310885964682367,1.1557369725292594,-0.25957936826294459,-2.1366567792083002e-05,7.4980428512816104,18.021110316765355,3.1310761326370238,1.1569805067748491,-0.25957936826294459,1,1.8307835762794629,1.7616246212198707,1,1,1
1785822565.0630209,7,1,0.93903188925521064,0.94745742860818394,0.34383006116654424,3,0,1,0,-1.2995959276119042,-0.70692071248948818,-2.0273150844411005,0.75935893444764324,-1.5929118493172727,0.42183142723103251,0,-0.097217883461049773,0,0.00035610946322728857,-0.14244378529091542,0,0,7.2876055111851317,17.848590525401125,2.9619428242583763,1.2202152731916334,-0.063223589284540582,9.35798611994762e-16,7.5648210367498567,18.006047589173829,3.1302052739511792,1.1556943338555277,-0.2594589167259353,8.8817841970012523e-16,7.5706541097575197,18.006047589173829,3.1301990420355725,1.156976327923146,-0.2594589167259353,1,1.8307835762794629,1.7616246212198707,1,1,1
1785822565.0830209,7,1,0.93903188925521064,0.94745742860818394,0.34383006116654424,3,0,1,0,-1.299593079875293,-0.70893785925573638,-2.0273122367044896,0.75937697011284733,-1.5959204830469778,0.42183142723103251,0.00035610946322728857,-0.091164022586185875,0,0.0014244378529091543,-0.13888269065864253,0,0.47787577122525454,7.8849502252166994,18.040924475028291,3.2312103537364103,1.2897612214046279,-0.3350850232080651,-4.6330330522557917e-16,7.6461658400123635,17.988631716409103,3.1292458704551231,1.155220066192689,-0.2593310442435755,-2.1366567794081404e-05,7.6516356813675346,17.988631716409103,3.1292209427926974,1.1564700104086167,-0.2593310442435755,1,1.8307835762794629,1.7616246212198707,1,1,1
1785822565.1030209,7,1,0.93903188925521064,0.94745742860818394,0.34383006116654424,3,0,1,0,-1.2995907067614505,-0.71068779340330268,-2.0273112874589523,0.75940876983833883,-1.598649089343251,0.42183142723103251,0.00035610946322728857,-0.089739584733276714,-0.00035610946322728857,0.0021366567793637313,-0.15668816382000697,0,-0.11946894280631364,7.8849502252166994,18.137091449841876,3.1350433789228265,1.1886034785493631,-0.26553907499507046,-4.2847331043448234e-16,7.7172000585663936,17.972975964586869,3.1284421439159065,1.1544933170729323,-0.25922696531054246,-2.1366567794081404e-05,7.7225844336503906,17.972990208965399,3.1284047524222678,1.1559035105473123,-0.25922696531054246,1,1.8307835762794629,1.7616246212198707,1,1,1
1785822565.1230209,7,1,0.93903188925521064,0.94745742860818394,0.34383006116654424,3,0,1,0,-1.299588333647608,-0.71232144497257943,-2.0273108128361841,0.75945006201920084,-1.6016610454323357,0.42183142723103251,0,-0.087959037417140271,0,0.0021366567793637313,-0.15170263133482492,0.00035610946322728857,0,8.2035340727002026,18.040924475028291,3.2312103537364103,1.2581494267623576,-0.36669681785033542,1.8559847127057327e-16,7.7853964182051971,17.956424647903994,3.1277786343513325,1.1526156194241897,-0.25914419884995238,2.2204460492503131e-16,7.790673960450226,17.956424647903994,3.1277412428576938,1.1539809431062031,-0.25914740383512141,1,1.8307835762794629,1.7616246212198707,1,1,1
1785822565.1430209,7,1,0.93903188925521064,0.94745742860818394,0.34383006116654424,3,0,1,0,-1.2995864351565338,-0.71419430641719472,-2.0273084397223413,0.7594994227871279,-1.6050190015196784,0.42183142723103251,0,-0.087246818490685704,0,0.0024927662425910197,-0.16665922879037104,0.00035610946322728857,0.15929192374175152,7.8849502252166994,17.771656945550255,3.5004778832144443,1.2202152731916334,-0.26553907499507046,7.5291064615540249e-16,7.8631676401767541,17.937770439861296,3.1269644641185232,1.150709284184019,-0.25904642490977048,7.7715611723760958e-16,7.8684024492861955,17.937770439861296,3.1269208407092779,1.1522092172431324,-0.25904962989493951,1,1.8307835762794629,1.7616246212198707,1,1,1
1785822565.1630208,7,1,0.93903188925521064,0.94745742860818394,0.34383006116654424,3,0,1,0,-1.2995845366654597,-0.71580327760250795,-2.0273065412312672,0.75954403732736953,-1.6081951770866743,0.42183142723103251,0.00035610946322728857,-0.089027365806822148,0,0.0024927662425910197,-0.17876695054009886,0.00035610946322728857,0,7.7256583014749483,17.579322995923089,3.0388764041092431,1.2202152731916334,-0.30347322856579484,1.5364127342338413e-15,7.931147195991648,17.920516100612613,3.1262884845169898,1.1483179220615525,-0.25896975371827863,-2.1366567792083002e-05,7.9364888379400576,17.920516100612613,3.1262448611077445,1.1499268246164134,-0.25897295870344766,1,1.8307835762794629,1.7616246212198707,1,1,1
1785822565.1830208,7,1,0.93903188925521064,0.94745742860818394,0.34383006116654424,3,0,1,0,-1.2995816889288485,-0.71776679199591231,-2.02730891434511,0.75958485488546301,-1.6123267682867188,0.42183095260826403,0,-0.091520132049413158,-0.00035610946322728857,0.0014244378529091543,-0.19764075209114515,-0.00035610946322728857,-0.59734471403156819,8.2035340727002026,18.137091449841876,3.2312103537364103,1.1190575303363683,0,1.4217820714160223e-15,8.015090761384835,17.898391669001949,3.12543551413094,1.1447213977595041,-0.25887842633819902,1.4432899320127035e-15,8.0205819693078002,17.898405913380479,3.1254105864685142,1.1465001645283244,-0.25887522135302998,1,1.8307835762794629,1.7616246212198707,1,1,1
1785822565.2030208,7,1,0.93903188925521064,0.94745742860818394,0.34383006116654424,3,0,1,0,-1.2995774173239316,-0.71944648197373628,-2.027307490476804,0.75961665461095451,-1.6159486146333635,0.42183095260826403,0.00035610946322728857,-0.090451803659731295,0.00035610946322728857,0.0017805473161364429,-0.20084573726019075,0,0.31858384748350305,7.7256583014749483,17.406222441258638,3.1350433789228265,1.1886034785493631,-0.30347322856579484,2.9422773625050608e-15,8.0872370004066454,17.879051562547307,3.1246658377898977,1.1414259730480902,-0.25880057320883004,-2.1366567790639712e-05,8.092664108626229,17.879037318168777,3.1246346782118652,1.1432335846834323,-0.25880057320883004,1,1.8307835762794629,1.7616246212198707,1,1,1
1785822565.223021,7,1,0.93903188925521064,0.94745742860818394,0.34383006116654424,3,0,1,0,-1.2995726710962463,-0.7213682295635101,-2.027307490476804,0.75966933773826117,-1.6204831605638892,0.4218304779854955,0.00071221892645457715,-0.08546627117454926,-0.00071221892645457715,0.0028488757058183086,-0.21117291169378211,0,0,8.3628259964419538,17.771656945550255,3.1350433789228265,1.1569916839070926,-0.43624276606333007,1.7282487561279952e-15,8.1713600536473425,17.855268422221695,3.1238243065757674,1.1366313123945251,-0.25872529599606636,-4.2733135585498272e-05,8.1764880299178149,17.855296910978751,3.1237744512509154,1.1385318685997694,-0.25872529599606636,1,1.8307835762794629,1.7616246212198707,1,1,1
1785822565.243021,7,1,0.93903188925521064,0.94745742860818394,0.34383006116654424,3,0,1,0,-1.2995636532636443,-0.72302323915737066,-2.0273065412312672,0.75973103869816994,-1.6247666310498632,0.42182905411718991,0.00071221892645457715,-0.08475405224809468,0.00035610946322728857,0.003204985169045597,-0.22363674290673721,0,0.31858384748350305,8.2035340727002026,17.579322995923089,2.9619428242583763,1.0558339410518278,-0.063223589284540582,1.1883025217030579e-15,8.2453502005072927,17.833180152411554,3.1231314730443263,1.1315175690314683,-0.25867375567125095,-4.2733135586053384e-05,8.2504354436421785,17.833165908033024,3.123075385803868,1.1335302997176289,-0.25867375567125095,1,1.8307835762794629,1.7616246212198707,1,1,1
1785822565.263021,7,1,0.93903188925521064,0.94745742860818394,0.34383006116654424,3,0,1,0,-1.2995494145805886,-0.72460563146764623,-2.0273127113272582,0.75980318135898639,-1.6290368120983185,0.42182905411718991,0.0010683283896818657,-0.077987972446776202,0,0.0035610946322728858,-0.22648561861255553,0,-0.59734471403156819,7.4468974349268828,17.944757500214706,3.1350433789228265,1.2202152731916334,-0.23392728035280017,6.6735354221914012e-16,8.316780676776558,17.811311868126346,3.1224713514013902,1.1261402850599591,-0.25863292021484774,-6.409970338024581e-05,8.3214599551233643,17.811311868126346,3.1224090322453253,1.1281786556274722,-0.25863292021484774,1,1.8307835762794629,1.7616246212198707,1,1,1
1785822565.283021,7,1,0.93903188925521064,0.94745742860818394,0.34383006116654424,3,0,1,0,-1.2995109701363377,-0.72615669867519894,-2.0273117620817209,0.75988624034347896,-1.6339913991789923,0.42182810487165284,0.0028488757058183086,-0.072290221035139574,-0.00035610946322728857,0.0039172040955001743,-0.251769390501693,0,0,7.8849502252166994,17.848590525401125,3.4043109084008609,1.2581494267623576,-0.3350850232080651,1.3376005489861009e-15,8.389963850026545,17.78667798068447,3.1218757625689011,1.1188916255758237,-0.25861458124699727,-0.00017093254234776625,8.3943012632886536,17.786692225063,3.12180721149723,1.1211575500903388,-0.25861458124699727,1,1.8307835762794629,1.7616246212198707,1,1,1
1785822565.303021,7,1,0.93903188925521064,0.94745742860818394,0.34383006116654424,3,0,1,0,-1.2994331320022989,-0.7275245614940995,-2.0273241022737025,0.75997594404673097,-1.6390617942151875,0.42182857949442137,0.0046294230219547511,-0.0687291264028667,-0.00035610946322728857,0.0049855324851820395,-0.26067212708237525,0.00035610946322728857,0,8.6814098439254579,17.675489970736674,3.0388764041092431,1.0178997874811033,-0.36669681785033542,5.1530774005520419e-16,8.4573424846823251,17.762087383838093,3.121405460838595,1.1106187676650161,-0.25862210237221478,-0.00027776538131672995,8.4614662322664973,17.762101628216623,3.1213182140201043,1.1129648168087576,-0.25862530735738382,1,1.8307835762794629,1.7616246212198707,1,1,1
1785822565.3230209,7,1,0.93903188925521064,0.94745742860818394,0.34383006116654424,3,0,1,0,-1.2993505476405749,-0.72894653130861231,-2.0273383409567587,0.76007514020535349,-1.644854090482315,0.42182810487165284,0.0035610946322728858,-0.062675265528002788,-0.00071221892645457715,0.0046294230219547511,-0.27456039614823946,0,-0.11946894280631364,8.522117920183705,17.771656945550255,3.0388764041092431,0.98628799283883317,-0.16438133213980552,7.3180597324161434e-16,8.5295193227091737,17.734359181987166,3.120898229404161,1.1006401421559946,-0.25864460586247418,-0.00021366567793559599,8.533279838640853,17.734387670744223,3.1208172145012769,1.1031111857213285,-0.25864460586247418,1,1.8307835762794629,1.7616246212198707,1,1,1
1785822565.3430209,7,1,0.93903188925521064,0.94745742860818394,0.34383006116654424,3,0,1,0,-1.2992765064886844,-0.73007898123432236,-2.0273540035081199,0.7601724378729019,-1.6502790287266011,0.42182715562611578,0.0039172040955001743,-0.054484747873775149,-0.00071221892645457715,0.0056977514116366172,-0.27669705292760322,-0.00035610946322728857,0.31858384748350305,8.2035340727002026,17.771656945550255,3.1350433789228265,1.2897612214046279,-0.16438133213980552,6.5997757931444967e-16,8.5903389276968536,17.708932400686621,3.1205267182633727,1.0905452651218537,-0.25868863732100961,-0.00023503224572934433,8.5936080125692804,17.708960889443677,3.1204270076136691,1.0930355385982018,-0.25868543233584057,1,1.8307835762794629,1.7616246212198707,1,1,1
1785822565.3630209,7,1,0.93903188925521064,0.94745742860818394,0.34383006116654424,3,0,1,0,-1.2992086354327848,-0.73100402101018536,-2.0273791585148522,0.76029441592441382,-1.655249752981405,0.42182668100334725,0.0039172040955001743,-0.047006449146002091,-0.0014244378529091543,0.0074782987277730601,-0.27420428668501218,-0.00035610946322728857,0,8.0442421489584515,17.117721516817888,2.9619428242583763,1.1569916839070926,-0.20231548571052987,8.5350427897132319e-17,8.6422462429011837,17.685930721568923,3.1202934247276017,1.0808294403097853,-0.25875155576471842,-0.00023503224572989944,8.6450666298499446,17.685987699083039,3.1201625544998657,1.0832972788899502,-0.25874835077954939,1,1.8307835762794629,1.7616246212198707,1,1,1
1785822565.3830209,7,1,0.93903188925521064,0.94745742860818394,0.34383006116654424,3,0,1,0,-1.299124627202755,-0.73189298945564008,-2.0274028896532785,0.76046480549831574,-1.6612015224987584,0.42182668100334725,0.0039172040955001743,-0.034898727396274282,-0.0017805473161364429,0.0092588460439095022,-0.27847760024373963,0,0,8.2035340727002026,17.848590525401125,2.9619428242583763,1.0558339410518278,-0.47417691963405439,-4.427271808708777e-17,8.6970292958162556,17.658954119554689,3.1201658359855697,1.0684041422879504,-0.25885697263340118,-0.00023503224573001046,8.6991232194600325,17.659025341447336,3.1200038061798012,1.0709104406901442,-0.25885697263340118,1,1.8307835762794629,1.7616246212198707,1,1,1
1785822565.4030209,7,1,0.93903188925521064,0.94745742860818394,0.34383006116654424,3,0,1,0,-1.2990505860508645,-0.73243975488498547,-2.0274228238095566,0.76065892621064413,-1.6665652344059043,0.42182620638057872,0.003204985169045597,-0.023147115109773755,-0.0010683283896818657,0.010683283896818658,-0.27634094346437593,0,-0.59734471403156819,8.0442421489584515,17.310055466445053,3.3273773285499941,1.1569916839070926,-0.063223589284540582,1.7419537492145698e-15,8.7378291215339239,17.635317389765703,3.1202791666400658,1.0562672530348134,-0.25899107059343934,-0.00019229911014095945,8.7392179484405101,17.63536012290129,3.1200922091718715,1.0587543215259925,-0.25899107059343934,1,1.8307835762794629,1.7616246212198707,1,1,1
1785822565.4230208,7,1,0.93903188925521064,0.94745742860818394,0.34383006116654424,3,0,1,0,-1.2989822403721965,-0.73281043526720657,-2.0274242476778621,0.76090288231366798,-1.6723641753917913,0.42182478251227312,0.003204985169045597,-0.0124638312129551,0,0.012819940676182388,-0.28738033682442188,0,-0.11946894280631364,8.522117920183705,17.483156021109505,3.3273773285499941,1.0178997874811033,-0.36669681785033542,2.752247214854453e-16,8.7745808891852466,17.610290898575887,3.1205665898426753,1.0423947142772185,-0.25916760370081326,-0.00019229911014251376,8.7753287190580238,17.610290898575887,3.1203422408808423,1.0449811373086384,-0.25916760370081326,1,1.8307835762794629,1.7616246212198707,1,1,1
1785822565.4430208,7,1,0.93903188925521064,0.94745742860818394,0.34383006116654424,3,0,1,0,-1.2989191155439821,-0.73290868218029215,-2.027437537115381,0.76118623210647984,-1.6778987514956076,0.42182383326673606,0.0028488757058183086,0.00071221892645457715,-0.0014244378529091543,0.014600487992318832,-0.27990203809664882,0,-0.27876086654806514,7.8849502252166994,17.675489970736674,2.9619428242583763,1.0178997874811033,-0.3350850232080651,6.7024023050338277e-17,8.8010307265139716,17.587115417151729,3.1211015960971125,1.0281601436409524,-0.25937981158680062,-0.00017093254234898749,8.800987993378385,17.587172394665846,3.120846087557247,1.0306792619838225,-0.25937981158680062,1,1.8307835762794629,1.7616246212198707,1,1,1
1785822565.463021,7,1,0.93903188925521064,0.94745742860818394,0.34383006116654424,3,0,1,0,-1.2988474475059342,-0.73289918972492152,-2.027494966470373,0.76147670124081956,-1.6834338022221926,0.42182240939843046,0.0046294230219547511,0.00035610946322728857,-0.0042733135587274627,0.015668816382000697,-0.28666811789796731,0,-0.11946894280631364,8.2035340727002026,17.848590525401125,2.9619428242583763,1.0558339410518278,0,2.4953590626111688e-16,8.8237219072804827,17.564353910419523,3.1217086561399694,1.0133492501767427,-0.25961087368749197,-0.00027776538131706302,8.8237005407126894,17.564524842961873,3.1214344518532844,1.0159292632378245,-0.25961087368749197,1,1.8307835762794629,1.7616246212198707,1,1,1
1785822565.483021,7,1,0.93903188925521064,0.94745742860818394,0.34383006116654424,3,0,1,0,-1.298728791813802,-0.73289871510215299,-2.0275547689392077,0.7617719166028446,-1.6891017473239656,0.42182051090735639,0.0071221892645457717,0,-0.0014244378529091543,0.016737144771682564,-0.28666811789796731,0,-0.43805279028981664,8.0442421489584515,17.675489970736674,2.9619428242583763,0.98628799283883317,-0.3350850232080651,-4.1111591127934721e-17,8.8472909331886083,17.540999043058754,3.1222386918272478,0.99818833474190138,-0.25984603630286679,-0.00042733135587274629,8.8472909331886083,17.541056020572871,3.1219457917937432,1.000768347802983,-0.25984603630286679,1,1.8307835762794629,1.7616246212198707,1,1,1
1785822565.503021,7,1,0.93903188925521064,0.94745742860818394,0.34383006116654424,3,0,1,0,-1.2985370442153161,-0.73290251208430124,-2.0275590405441246,0.7621350030207692,-1.6955689571679413,0.42181766317074521,0.010683283896818658,-0.00035610946322728857,0.00035610946322728857,0.016737144771682564,-0.31230799925033209,-0.00035610946322728857,-0.75663663777331969,8.9999936914089602,18.040924475028291,3.0388764041092431,1.0558339410518278,-0.26553907499507046,7.1061320890131174e-16,8.8745900799184874,17.514091868656017,3.1227379354395062,0.98111013747368592,-0.26011414053116716,-0.00064099703380845325,8.8746114464862806,17.514077624277487,3.1224450354060016,0.98392090946693889,-0.26011093554599812,1,1.8307835762794629,1.7616246212198707,1,1,1
1785822565.523021,7,1,0.93903188925521064,0.94745742860818394,0.34383006116654424,3,0,1,0,-1.2982949866033664,-0.73290108821599564,-2.027558565921356,0.76248052839625835,-1.7018168912928568,0.42181529005690255,0.013532159602636965,0,0,0.018873801551046294,-0.32156684529424157,0,0,8.522117920183705,17.944757500214706,3.2312103537364103,0.88513024998356815,-0.26553907499507046,1.0410034921755351e-15,8.9008279649223461,17.488075919380197,3.1231096922006216,0.96458109168471695,-0.26037192776197937,-0.00081192957615721869,8.9008279649223461,17.488075919380197,3.1227794006734784,0.9674751932923652,-0.26037192776197937,1,1.8307835762794629,1.7616246212198707,1,1,1
1785822565.543021,7,1,0.93903188925521064,0.94745742860818394,0.34383006116654424,3,0,1,0,-1.2980111621877861,-0.73290013897045858,-2.0275604644124301,0.76285263264678504,-1.7082342657461369,0.4218114930747543,0.015312706918773409,0,-0.00035610946322728857,0.018873801551046294,-0.33652344274978768,-0.00035610946322728857,0,7.7256583014749483,17.848590525401125,3.0388764041092431,0.9546761981965628,-0.43624276606333007,-1.2938157218766316e-15,8.9278347804901479,17.461312930619325,3.1234260218616634,0.94757032219291548,-0.26064166516082016,-0.00091876241512773671,8.9278347804901479,17.461327174997855,3.1230957303345201,0.95059903317766337,-0.26063846017565112,1,1.8307835762794629,1.7616246212198707,1,1,1
1785822565.5630209,7,1,0.93903188925521064,0.94745742860818394,0.34383006116654424,3,0,1,0,-1.2976760785132047,-0.732889697269551,-2.0275789747004027,0.76323897558036757,-1.7154618212652961,0.42180864533814316,0.016381035308455274,0.0010683283896818657,-0.0024927662425910197,0.017093254234909851,-0.3261962683161963,-0.00071221892645457715,-0.27876086654806514,8.3628259964419538,17.213888491631472,3.962079362319646,0.91674204462583853,-0.16438133213980552,8.8903222891095757e-16,8.957878475353656,17.431249882215482,3.1236134071986648,0.9282823654680421,-0.26093956135900159,-0.00098286211850642812,8.9578143756502744,17.431349592865185,3.123314275249554,0.93121813188288804,-0.26093315138866352,1,1.8307835762794629,1.7616246212198707,1,1,1
1785822565.5830209,7,1,0.93903188925521064,0.94745742860818394,0.34383006116654424,3,0,1,0,-1.2973466903118456,-0.73286928849050426,-2.0276288100910982,0.76358165321924554,-1.7217505729483051,0.42180579760153197,0.017093254234909851,0.0010683283896818657,-0.003204985169045597,0.018161582624591718,-0.31871796958842324,0,0,8.6814098439254579,17.675489970736674,2.6734418998176253,0.88513024998356815,-0.3350850232080651,1.5160331215229028e-15,8.9835658797174567,17.405188578175618,3.1237222267254525,0.91130725550473768,-0.26120564948258573,-0.0010255952540930368,8.9835017800140751,17.405316777582382,3.1234043990295222,0.91417571723103352,-0.26120564948258573,1,1.8307835762794629,1.7616246212198707,1,1,1
1785822565.6030209,7,1,0.93903188925521064,0.94745742860818394,0.34383006116654424,3,0,1,0,-1.2970025888046621,-0.73285837216682803,-2.027723734644804,0.76396372454791139,-1.727776383617549,0.42180152599661519,0.018517692087819004,0,-0.0049855324851820395,0.021722677256864602,-0.3055419194490136,-0.00035610946322728857,0,8.8407017676672091,17.117721516817888,3.3273773285499941,0.84719609641284388,-0.26553907499507046,2.4549047690503034e-16,9.0084090162165715,17.38024650824833,3.1238762056553697,0.89488329871422057,-0.26147964092008408,-0.0011110615252689182,9.0084090162165715,17.380445929547736,3.1234960588033744,0.89763317598926173,-0.26147643593491504,1,1.8307835762794629,1.7616246212198707,1,1,1
1785822565.6230209,7,1,0.93903188925521064,0.94745742860818394,0.34383006116654424,3,0,1,0,-1.2966015325652551,-0.7328578975440595,-2.0277949280600835,0.76448580959329326,-1.7341173438050961,0.42179677976892993,0.021010458330410025,0,-0.003204985169045597,0.02991319491109224,-0.30803468569160464,0,-0.27876086654806514,9.3185775388924625,16.944620962153436,3.1350433789228265,0.9546761981965628,-0.53740050891859503,7.3473670723911422e-16,9.0351711217187827,17.353729370437108,3.1241471312650506,0.87773977937567493,-0.26179662746413918,-0.0012606274998238243,9.0351711217187827,17.353857569843871,3.1236236503541064,0.88051209154689913,-0.26179662746413918,1,1.8307835762794629,1.7616246212198707,1,1,1
1785822565.6430209,7,1,0.93903188925521064,0.94745742860818394,0.34383006116654424,3,0,1,0,-1.2961515901806895,-0.73285457518467978,-2.0278552051516865,0.76512370259419615,-1.740121796449756,0.42179108429570755,0.024571552962682913,0.00035610946322728857,-0.003204985169045597,0.035254836859501565,-0.30518580998578632,-0.00035610946322728857,-0.11946894280631364,8.9999936914089602,17.310055466445053,3.3273773285499941,0.81558430177057351,-0.16438133213980552,1.0442357699022575e-15,9.0606192541200787,17.328428493008595,3.1245962541710601,0.86152667712745079,-0.26213564822411711,-0.0014742931777599756,9.0605978875522855,17.328556692415358,3.123979294526019,0.86427334941732314,-0.26213244323894808,1,1.8307835762794629,1.7616246212198707,1,1,1
1785822565.6630208,7,1,0.93903188925521064,0.94745742860818394,0.34383006116654424,3,0,1,0,-1.2956257081531595,-0.73285077820253164,-2.0279221269620491,0.76588547213768521,-1.7461200789984253,0.42178586344525376,0.02955708544786495,0.00035610946322728857,-0.0046294230219547511,0.043089245050501913,-0.31017134247096834,-0.00035610946322728857,-0.27876086654806514,8.8407017676672091,17.483156021109505,3.0388764041092431,0.81558430177057351,-0.43624276606333007,1.7929790139571689e-15,9.0861626924745753,17.303018490538811,3.1252100940634397,0.84531325246631261,-0.26250924578212209,-0.0017734251268701207,9.086141325906782,17.303203667459691,3.1244560322750559,0.84810479454855148,-0.26250604079695306,1,1.8307835762794629,1.7616246212198707,1,1,1
1785822565.6830208,7,1,0.93903188925521064,0.94745742860818394,0.34383006116654424,3,0,1,0,-1.2949768988285804,-0.7328441334837722,-2.0280393587858758,0.76693676156997681,-1.7523642161411923,0.42177732023542025,0.033474289543365128,0.00071221892645457715,-0.0071221892645457717,0.058401951969275327,-0.29699529233155869,-0.00035610946322728857,-0.27876086654806514,8.9999936914089602,17.406222441258638,2.8657758494447925,0.74603835355757886,-0.3350850232080651,-7.4997652402611359e-16,9.1128236012256032,17.27640879231906,3.1263160181181613,0.82829090665586791,-0.26297406044939925,-0.0020084573726026848,9.1127808680900166,17.276693679889643,3.1252939839586991,0.83096386428685221,-0.26297085546423021,1,1.8307835762794629,1.7616246212198707,1,1,1
1785822565.7030208,7,1,0.93903188925521064,0.94745742860818394,0.34383006116654424,3,0,1,0,-1.2942773048677687,-0.73282467395026252,-2.0282149692102318,0.76825099201603353,-1.7582186879909973,0.42176830240281821,0.037391493638865299,0.0017805473161364429,-0.010327174433591369,0.075851315667412461,-0.30198082481674071,-0.00071221892645457715,-0.11946894280631364,9.3185775388924625,17.213888491631472,3.3273773285499941,0.84719609641284388,-0.23392728035280017,7.4291565737780174e-16,9.1375548057506109,17.25130937637346,3.127989918526993,0.81210749974267804,-0.26350805460927768,-0.0022434896183311406,9.1374479729116427,17.251722463350802,3.1266625205028133,0.81482532716602873,-0.2635016446389396,1,1.8307835762794629,1.7616246212198707,1,1,1
1785822565.723021,7,1,0.93903188925521064,0.94745742860818394,0.34383006116654424,3,0,1,0,-1.2934386464357779,-0.73276344761312229,-2.0285220501414698,0.77008730750747223,-1.7647200706743071,0.4217607084385217,0.041308697734365477,0.003204985169045597,-0.017093254234909851,0.095081226681686046,-0.29806362072124054,-0.00035610946322728857,0,8.8407017676672091,17.406222441258638,2.4041743703395908,0.68281476427303833,-0.10115774285526494,9.9401010426186653e-16,9.1637722037367499,17.223441478869198,3.1306270765353519,0.793672416448021,-0.26422019847810607,-0.0024785218640609292,9.1635799046266069,17.224125209038593,3.1289631550684223,0.79635498903451207,-0.26421699349293704,1,1.8307835762794629,1.7616246212198707,1,1,1
1785822565.743021,7,1,0.93903188925521064,0.94745742860818394,0.34383006116654424,3,0,1,0,-1.2926109043274634,-0.73271930769564908,-2.0288742202357182,0.77212581229830413,-1.7703571652961259,0.42175596221083644,0.044513682903411074,0.00071221892645457715,-0.017449363698137141,0.11039393360045946,-0.31658131280905955,0,0.47787577122525454,9.3185775388924625,17.483156021109505,3.3273773285499941,0.91674204462583853,-0.36669681785033542,6.7227310957679309e-17,9.1870558290309177,17.198995478573394,3.1337741483567707,0.77752997952354286,-0.26496686562852562,-0.0026708209742045534,9.1870130958953311,17.19969345312132,3.1318422545187627,0.7803792113388246,-0.26496686562852562,1,1.8307835762794629,1.7616246212198707,1,1,1
1785822565.763021,7,1,0.93903188925521064,0.94745742860818394,0.34383006116654424,3,0,1,0,-1.2917879084468342,-0.73271313759965817,-2.0291798772986511,0.774261140133916,-1.7766368991465327,0.42175406371976232,0.045582011293092937,0,-0.01495659745554612,0.11110615252691403,-0.32121073583101428,0,-0.11946894280631364,9.4778694626342155,16.848453987339855,3.4043109084008609,0.88513024998356815,-0.16438133213980552,1.3458642024195139e-15,9.2145784191269904,17.171524059886938,3.1367786565807929,0.76002976973277392,-0.26574599597183945,-0.002734920677584244,9.2145784191269904,17.17212232378516,3.1348342989115721,0.76292066635525291,-0.26574599597183945,1,1.8307835762794629,1.7616246212198707,1,1,1
1785822565.783021,7,1,0.93903188925521064,0.94745742860818394,0.34383006116654424,3,0,1,0,-1.290769367985571,-0.73271551071350083,-2.0294750926606762,0.77645389732451986,-1.7838236371075984,0.42175358909699379,0.048074777535683955,0,-0.012819940676182388,0.1029156348726864,-0.34150897523496976,0,0,9.7964533101177178,17.117721516817888,3.1350433789228265,0.7144265589153086,-0.36669681785033542,1.5336717356165264e-16,9.2463002543275525,17.140158763552702,3.1395147328359325,0.74021652592038933,-0.26656073662475449,-0.0028844866521409262,9.2463002543275525,17.140671561179747,3.1377137092256606,0.74329010669750395,-0.26656073662475449,1,1.8307835762794629,1.7616246212198707,1,1,1
1785822565.803021,7,1,0.93903188925521064,0.94745742860818394,0.34383006116654424,3,0,1,0,-1.2898490744373934,-0.73271171373135258,-2.0297266427279963,0.7784216833228409,-1.790577044480997,0.42175358909699379,0.045938120756320228,0.00035610946322728857,-0.013176050139409676,0.097930102387504353,-0.34827505503628819,-0.00035610946322728857,0.31858384748350305,9.4778694626342155,17.310055466445053,3.4043109084008609,0.78397250712830324,-0.26553907499507046,5.5074082230474608e-17,9.2758964110072757,17.110714197218531,3.1417444399178263,0.72168226878928976,-0.26729751570414845,-0.0027562872453792135,9.2758750444394824,17.111241239224107,3.1400306631260451,0.72481674428461651,-0.26729431071897941,1,1.8307835762794629,1.7616246212198707,1,1,1
1785822565.8230209,7,1,0.93903188925521064,0.94745742860818394,0.34383006116654424,3,0,1,0,-1.2889733954294573,-0.73270079740767646,-2.0299952792149836,0.78032681911571622,-1.7975677632386604,0.42175453834253085,0.043445354513729204,0.00071221892645457715,-0.013888269065864253,0.09828621185073165,-0.36714885658733454,0,0,8.9999936914089602,17.021554542004303,3.2312103537364103,0.68281476427303833,-0.16438133213980552,1.7401715918935468e-15,9.3061378879737653,17.080409033366369,3.1436639164387485,0.7024364732112589,-0.26802492759698571,-0.0026067212708219757,9.3060951548381787,17.080964564129005,3.1419439077313607,0.70574081292054469,-0.26802492759698571,1,1.8307835762794629,1.7616246212198707,1,1,1
1785822565.8430209,7,1,0.93903188925521064,0.94745742860818394,0.34383006116654424,3,0,1,0,-1.2881219221827165,-0.73270032278490793,-2.0302501516416838,0.78229745285064856,-1.8047967426261251,0.42175548758806791,0.04273313558727463,0,-0.0124638312129551,0.1029156348726864,-0.37711992155769858,0,0,8.8407017676672091,17.021554542004303,3.8659123875060621,0.74603835355757886,-0.30347322856579484,-5.9117478707487736e-16,9.337859474757936,17.048960854997311,3.1454690563299055,0.68269470245428998,-0.26877205068345927,-0.0025639881352370326,9.337859474757936,17.049459408245831,3.1436680327196336,0.68608878174830923,-0.26877205068345927,1,1.8307835762794629,1.7616246212198707,1,1,1
1785822565.8630209,7,1,0.93903188925521064,0.94745742860818394,0.34383006116654424,3,0,1,0,-1.2872168165631317,-0.73269937353937087,-2.030509770296069,0.7845917793137176,-1.8129991733118429,0.42175596221083644,0.039884259881456316,0,-0.012819940676182388,0.10576451057850471,-0.37533937424156216,-0.00035610946322728857,0,8.9999936914089602,16.944620962153436,3.0388764041092431,0.64488061070231395,-0.30347322856579484,-3.9611665184936806e-16,9.3740071330596102,17.013117422544823,3.1474183829192879,0.66046763353438231,-0.26963027336591083,-0.0023930555928878229,9.3740071330596102,17.013630220171869,3.145567503984164,0.66384568790255649,-0.2696270683807418,1,1.8307835762794629,1.7616246212198707,1,1,1
1785822565.8830209,7,1,0.93903188925521064,0.94745742860818394,0.34383006116654424,3,0,1,0,-1.2864996615598843,-0.73269794967106527,-2.0307356907338892,0.7864798286869259,-1.8199267672412918,0.42175548758806791,0.037391493638865299,0.00035610946322728857,-0.011751612286500523,0.097217883461049773,-0.38103712565319875,0,-0.27876086654806514,9.4778694626342155,17.117721516817888,3.2312103537364103,0.68281476427303833,-0.13276953749753523,-4.7006940440824652e-17,9.404448978802332,16.982910817085152,3.1488186389242365,0.64169068414702546,-0.27034099308981679,-0.0022434896183319178,9.4044276122345387,16.983380881576611,3.1471173259636682,0.64512001827790411,-0.27034099308981679,1,1.8307835762794629,1.7616246212198707,1,1,1
1785822565.9030209,7,1,0.93903188925521064,0.94745742860818394,0.34383006116654424,3,0,1,0,-1.2857469098489973,-0.73267991400586119,-2.0309749006092277,0.78837357353335646,-1.8282217493668727,0.42175453834253085,0.033474289543365128,0.0014244378529091543,-0.0124638312129551,0.076919644057094325,-0.38246156350610794,0,-0.59734471403156819,9.7964533101177178,16.752287012526271,3.1350433789228265,0.61326881606004369,-0.36669681785033542,8.7170871107371262e-16,9.4400441059461571,16.947090539475131,3.1495858822228189,0.61916889702081013,-0.27109071397684986,-0.0020084573726010194,9.4399586396749822,16.94758909272365,3.1482397884518196,0.62261105109236525,-0.27109071397684986,1,1.8307835762794629,1.7616246212198707,1,1,1
1785822565.9230208,7,1,0.93903188925521064,0.94745742860818394,0.34383006116654424,3,0,1,0,-1.2851322733637525,-0.73266567532280524,-2.0312107881251866,0.78973621550180317,-1.8357962541298265,0.42175453834253085,0.030625413837546817,0.00035610946322728857,-0.012107721749727811,0.066592469623502959,-0.39599372310874487,0.00035610946322728857,-0.11946894280631364,8.9999936914089602,17.310055466445053,3.2312103537364103,0.54372286784704904,-0.26553907499507046,8.1985335404280435e-16,9.4721698447365998,16.914817681505312,3.149421098134872,0.59843091821375372,-0.27167833672857583,-0.0018375248302520317,9.4721484781688066,16.915301990375301,3.1482557299164609,0.60199486172173267,-0.27168154171374487,1,1.8307835762794629,1.7616246212198707,1,1,1
1785822565.9430208,7,1,0.93903188925521064,0.94745742860818394,0.34383006116654424,3,0,1,0,-1.2845299770704892,-0.7326633022089627,-2.031466135174655,0.79090805911730122,-1.8433327890712981,0.42175406371976232,0.030981523300774104,0.00035610946322728857,-0.014600487992318832,0.057689733042820747,-0.38922764330742643,0,0.15929192374175152,9.4778694626342155,16.848453987339855,2.9619428242583763,0.58165702141777342,-0.10115774285526494,5.2477756840550727e-16,9.504271696700874,16.882926978190454,3.1487530277053404,0.57770398200171114,-0.27221435755369927,-0.0018588913980458911,9.5042503301330807,16.883510997710147,3.147743457377091,0.58120703079147795,-0.27221435755369927,1,1.8307835762794629,1.7616246212198707,1,1,1
1785822565.963021,7,1,0.93903188925521064,0.94745742860818394,0.34383006116654424,3,0,1,0,-1.2838873378419009,-0.7326633022089627,-2.0317646728960597,0.79209081905647538,-1.8511911182498322,0.42175406371976232,0.032405961153683258,0,-0.01495659745554612,0.059470280358957191,-0.37747603102092586,0.00035610946322728857,-0.11946894280631364,9.4778694626342155,17.117721516817888,3.1350433789228265,0.54372286784704904,-0.43624276606333007,1.621248166099043e-15,9.5376896365123596,16.849798551704968,3.147840611657772,0.55597737132059211,-0.27276559245914567,-0.00194435766921933,9.5376896365123596,16.85039681560319,3.1467998817514902,0.55937465559978028,-0.2727687974443147,1,1.8307835762794629,1.7616246212198707,1,1,1
1785822565.983021,7,1,0.93903188925521064,0.94745742860818394,0.34383006116654424,3,0,1,0,-1.2832508687093036,-0.73266140371788857,-2.0320684314679185,0.79330680258944664,-1.8585895379656618,0.42175406371976232,0.032405961153683258,0,-0.015668816382000697,0.064099703380911949,-0.37605159316801673,0.00035610946322728857,0,8.9999936914089602,16.483019483048235,2.8657758494447925,0.51211107320477878,-0.30347322856579484,4.8866347166637292e-16,9.569132780220178,16.818566450305656,3.1470421931327621,0.53549125104342921,-0.27331378945105,-0.0019443576692205512,9.569132780220178,16.819193202960935,3.1459204483235963,0.53887571538194123,-0.27331699443621904,1,1.8307835762794629,1.7616246212198707,1,1,1
1785822566.003021,7,1,0.93903188925521064,0.94745742860818394,0.34383006116654424,3,0,1,0,-1.2825275436100654,-0.73265950522681444,-2.0324514520421211,0.79477101383035853,-1.8667297930687023,0.42175453834253085,0.034186508469819701,0,-0.020298239403955448,0.07193411157191229,-0.37711992155769858,0,0,9.955745233859469,17.406222441258638,3.4043109084008609,0.51211107320477878,-0.40463097142105975,7.1146024184856604e-16,9.6037249042526351,16.784204985726277,3.1462686228549228,0.51285239280255013,-0.27395491432365182,-0.0020511905081885161,9.6037249042526351,16.785016915302435,3.1450097759024143,0.51624647209656938,-0.27395491432365182,1,1.8307835762794629,1.7616246212198707,1,1,1
1785822566.023021,7,1,0.93903188925521064,0.94745742860818394,0.34383006116654424,3,0,1,0,-1.2818550031470599,-0.73265950522681444,-2.0329004451811494,0.79624898913155773,-1.8735928383016311,0.42175453834253085,0.035610946322728855,0,-0.026352100278819353,0.078344081910003485,-0.37142217014606199,0,0.47787577122525454,8.9999936914089602,16.752287012526271,2.9619428242583763,0.34140738213651917,-0.30347322856579484,2.0176426447551105e-15,9.6328268780852753,16.755326765717349,3.1460386793165558,0.49344936395712069,-0.27457264566369788,-0.0021366567793617329,9.6328268780852753,16.756380849728501,3.1446676578831307,0.49679216348843547,-0.27457264566369788,1,1.8307835762794629,1.7616246212198707,1,1,1
1785822566.043021,7,1,0.93903188925521064,0.94745742860818394,0.34383006116654424,3,0,1,0,-1.2811668001326928,-0.73265997984958298,-2.0335079623248666,0.79777917293729517,-1.8809651537651917,0.42175406371976232,0.034542617933046992,0,-0.035967055785956145,0.077987972446776202,-0.35610946322728859,0,-0.11946894280631364,9.3185775388924625,16.944620962153436,2.9619428242583763,0.41095333034951381,-0.3350850232080651,-1.7150384302826172e-16,9.6636592997649444,16.724723688109886,3.1456388981163874,0.47214734210235171,-0.27523392424360527,-0.0020725570759830415,9.6636592997649444,16.726162370341324,3.144274108598569,0.47535232727139748,-0.27523392424360527,1,1.8307835762794629,1.7616246212198707,1,1,1
1785822566.0630209,7,1,0.93903188925521064,0.94745742860818394,0.34383006116654424,3,0,1,0,-1.280450119752214,-0.73265950522681444,-2.0343750981229691,0.79934495345067225,-1.8882634280768618,0.42175501296529938,0.034186508469819701,-0.00035610946322728857,-0.047362558609229381,0.073002439961594154,-0.34863116449951553,0,0.31858384748350305,9.7964533101177178,17.021554542004303,2.9619428242583763,0.48049927856250846,-0.43624276606333007,2.9077963452882327e-16,9.693402738481069,16.695127130656818,3.1454128078778023,0.45013234128939505,-0.27593062143865188,-0.0020511905081888491,9.6934241050488623,16.697021633001189,3.1441352651784742,0.45327002176989056,-0.27593062143865188,1,1.8307835762794629,1.7616246212198707,1,1,1
1785822566.0830209,7,1,0.93903188925521064,0.94745742860818394,0.34383006116654424,3,0,1,0,-1.2797809016485882,-0.73265997984958298,-2.0354880885151694,0.80064731832751568,-1.8950609753677337,0.42175548758806791,0.034898727396274282,0,-0.063743593917684652,0.061963046601548208,-0.3514800402053338,0,-0.27876086654806514,9.7964533101177178,16.944620962153436,3.2312103537364103,0.44256512499178408,-0.40463097142105975,1.5374088449798123e-15,9.7200535227195157,16.668579466499445,3.1450322387197005,0.42844501173025795,-0.27657146176774822,-0.0020939236437749024,9.7200535227195157,16.671129210256151,3.1439478854041734,0.43160833209210608,-0.27657146176774822,1,1.8307835762794629,1.7616246212198707,1,1,1
1785822566.1030209,7,1,0.93903188925521064,0.94745742860818394,0.34383006116654424,3,0,1,0,-1.2790964956163695,-0.73265950522681444,-2.0369062613475339,0.80175318937818818,-1.901807738022373,0.42175596221083644,0.037035384175638009,0,-0.079768519762912632,0.053416419484093286,-0.33759177113946959,0,0,9.4778694626342155,16.290685533421069,3.3273773285499941,0.34140738213651917,-0.13276953749753523,1.6164268545632715e-15,9.7453492095492855,16.643293250759491,3.1444419399306631,0.40567382708183264,-0.27719256676031367,-0.0022221230505366152,9.7453492095492855,16.646483991550006,3.1435071525896916,0.40871215302208774,-0.27719256676031367,1,1.8307835762794629,1.7616246212198707,1,1,1
1785822566.1230209,7,1,0.93903188925521064,0.94745742860818394,0.34383006116654424,3,0,1,0,-1.2782417000102488,-0.73265855598127738,-2.0387819705287606,0.80282678608060076,-1.9085625692640775,0.42175691145637351,0.040952588271138186,0,-0.095081226681686046,0.045582011293092937,-0.32049851690455972,0.00035610946322728857,-0.27876086654806514,9.4778694626342155,16.656120037712686,2.9619428242583763,0.37301917677878943,-0.13276953749753523,4.279142686892945e-16,9.7693055848533472,16.61924444313043,3.1440414468281896,0.38118799122841174,-0.27785498059066283,-0.002457155296267847,9.7693055848533472,16.623047692197698,3.1432437616305604,0.38407247788055254,-0.27785818557583186,1,1.8307835762794629,1.7616246212198707,1,1,1
1785822566.1430209,7,1,0.93903188925521064,0.94745742860818394,0.34383006116654424,3,0,1,0,-1.2774533515917221,-0.73265808135850885,-2.0407132105739052,0.80362937318218319,-1.9144925061340785,0.42175643683360498,0.043801463976956494,0,-0.11253059037982319,0.041308697734365477,-0.29200975984637662,0,0.31858384748350305,9.955745233859469,16.944620962153436,2.9619428242583763,0.20863784463898394,-0.26553907499507046,4.6417405509535659e-18,9.7894099961926297,16.599014657828043,3.1435558837058628,0.35857316995501071,-0.27843002542382478,-0.0026280878386173894,9.7894099961926297,16.603515881443236,3.1428329814955114,0.36120125779362816,-0.27843002542382478,1,1.8307835762794629,1.7616246212198707,1,1,1
1785822566.1630208,7,1,0.93903188925521064,0.94745742860818394,0.34383006116654424,3,0,1,0,-1.2765843173025455,-0.73265808135850885,-2.042942988340454,0.80447372708739628,-1.9200968517848687,0.42175643683360498,0.045225901829865647,0,-0.11181837145336861,0.044869792366638357,-0.28310702326569442,-0.00035610946322728857,0,9.4778694626342155,17.213888491631472,3.1350433789228265,0.34140738213651917,-0.20231548571052987,1.3760456803960791e-15,9.8074044317675444,16.580842443387581,3.143491339627726,0.33577245414531209,-0.2790388278841785,-0.0027135541097906063,9.8074044317675444,16.585315178245715,3.1427061182613096,0.33832041735470325,-0.27903562289900946,1,1.8307835762794629,1.7616246212198707,1,1,1
1785822566.1830208,7,1,0.93903188925521064,0.94745742860818394,0.34383006116654424,3,0,1,0,-1.2756094421359871,-0.73264004569330476,-2.0453958388082119,0.80545951857763098,-1.9256746185606211,0.42175786070191057,0.044513682903411074,0.0017805473161364429,-0.11466724715918691,0.049143105925365825,-0.25711103245010236,0.00035610946322728857,0,9.955745233859469,16.290685533421069,2.9619428242583763,0.24024963928125423,-0.43624276606333007,1.3487542788355456e-15,9.8242692241413341,16.56320378510717,3.1437971675987786,0.31226073765248735,-0.27970830700054677,-0.0026708209742033321,9.8241623913023659,16.567790474993537,3.1429371632450849,0.31457473694453819,-0.27971151198571581,1,1.8307835762794629,1.7616246212198707,1,1,1
1785822566.2030208,7,1,0.93903188925521064,0.94745742860818394,0.34383006116654424,3,0,1,0,-1.2748163474897751,-0.73261394144103564,-2.0475031639004806,0.80644341157679156,-1.930489191924579,0.42175738607914204,0.04166480719759276,0.00035610946322728857,-0.11929667018114166,0.058045842506048037,-0.23574446465646504,0,0.31858384748350305,9.4778694626342155,16.559953062899101,2.7696088746312086,0.27186143392352452,-0.23392728035280017,6.035719612908913e-16,9.8387052377729241,16.547780483378283,3.144216355649176,0.29207133624283677,-0.28031911305720425,-0.0024998884318550105,9.8386838712051308,16.552552350185529,3.14320055340532,0.29419303642474481,-0.28031911305720425,1,1.8307835762794629,1.7616246212198707,1,1,1
1785822566.223021,7,1,0.93903188925521064,0.94745742860818394,0.34383006116654424,3,0,1,0,-1.2739454147095246,-0.73261299219549858,-2.0501377948885851,0.80781507137784025,-1.935240165837554,0.42175738607914204,0.039172040955001743,0,-0.12428220266632371,0.069441345329321266,-0.20405072242923636,0,-0.59734471403156819,10.274329081342973,16.559953062899101,3.2312103537364103,0.13909189642598929,0,1.237366058139816e-15,9.8527262872923611,16.533460161340834,3.1457106784969167,0.27047886690420614,-0.28108133372941524,-0.0023503224572988834,9.8527262872923611,16.538431449447486,3.1444954549536535,0.27231532340606912,-0.28108133372941524,1,1.8307835762794629,1.7616246212198707,1,1,1
1785822566.243021,7,1,0.93903188925521064,0.94745742860818394,0.34383006116654424,3,0,1,0,-1.2732410745210274,-0.73261251757273005,-2.0527235397315309,0.80926172157631659,-1.9387300670545475,0.42175738607914204,0.035254836859501565,-0.00035610946322728857,-0.14101934743800626,0.076919644057094325,-0.15775649220968885,0,0.47787577122525454,10.592912928826475,16.386852508234654,3.4043109084008609,0.13909189642598929,-0.30347322856579484,1.7174778851707095e-16,9.8617747407609997,16.524089620411253,3.1480711841986251,0.25253500823869018,-0.28182298400051048,-0.0021152902115698716,9.861796107328793,16.529730394308775,3.1467250904276258,0.25395481666857733,-0.28182298400051048,1,1.8307835762794629,1.7616246212198707,1,1,1
1785822566.263021,7,1,0.93903188925521064,0.94745742860818394,0.34383006116654424,3,0,1,0,-1.2725884682143003,-0.73261251757273005,-2.055547545204278,0.81073257753598782,-1.9415521740362207,0.42175738607914204,0.032049851690455974,0,-0.1467170988496429,0.074070768351276017,-0.13674603387927881,0,0.47787577122525454,9.6371613863759666,16.944620962153436,3.4043109084008609,0.20863784463898394,-0.063223589284540582,1.7338730548977638e-15,9.8675168337418722,16.517973786942093,3.1510632452058656,0.23554470106867953,-0.28257671137056589,-0.0019229911014255821,9.8675168337418722,16.523842470896078,3.1497670067597183,0.23677541537359303,-0.28257671137056589,1,1.8307835762794629,1.7616246212198707,1,1,1
1785822566.283021,7,1,0.93903188925521064,0.94745742860818394,0.34383006116654424,3,0,1,0,-1.2718770086842752,-0.73260349974012795,-2.0586961926506993,0.81219583953136265,-1.9440861849973969,0.42175738607914204,0.032049851690455974,0.0010683283896818657,-0.1495659745554612,0.060894718211866344,-0.10968171467400488,0,0.31858384748350305,9.7964533101177178,16.483019483048235,2.5003413451531746,0.24024963928125423,-0.16438133213980552,-8.5361947545214978e-16,9.8710012135680039,16.513770951198588,3.1544497156082816,0.21811044858831394,-0.28335360243409724,-0.0019229911014282466,9.8709371138646222,16.519753590180805,3.153384058039574,0.2190975840203799,-0.28335360243409724,1,1.8307835762794629,1.7616246212198707,1,1,1
1785822566.303021,7,1,0.93903188925521064,0.94745742860818394,0.34383006116654424,3,0,1,0,-1.2713012912660495,-0.73258926105707212,-2.0614883983979553,0.81320156517787556,-1.9460890930805892,0.42175691145637351,0.031337632764001394,0,-0.14992208401868848,0.050567543778274979,-0.09757399292427707,0,0.31858384748350305,10.433621005084724,16.848453987339855,3.4043109084008609,0.107480101783719,-0.23392728035280017,1.4836358053563203e-15,9.8726887781070332,16.51124312026209,3.1570552707236752,0.2030920842658834,-0.28395888665709568,-0.0018802579658386404,9.8726887781070332,16.517240003622838,3.1561703387075553,0.20397025020220191,-0.28395888665709568,1,1.8307835762794629,1.7616246212198707,1,1,1
1785822566.3230209,7,1,0.93903188925521064,0.94745742860818394,0.34383006116654424,3,0,1,0,-1.2706989949727863,-0.73258878643430358,-2.0643527468060276,0.81411094240237714,-1.9477516966387463,0.42175738607914204,0.030269304374319527,0.00035610946322728857,-0.14742931777609747,0.044157573440183784,-0.07050967371900313,0,0,10.274329081342973,16.752287012526271,3.2312103537364103,0,-0.36669681785033542,9.1777375087719049e-16,9.8732488572938646,16.510245375236934,3.159733998595462,0.18870984532309312,-0.28453435097068941,-0.0018161582624582834,9.8732274907260713,16.516142547947979,3.158961241060259,0.18934443238656412,-0.28453435097068941,1,1.8307835762794629,1.7616246212198707,1,1,1
1785822566.3430209,7,1,0.93903188925521064,0.94745742860818394,0.34383006116654424,3,0,1,0,-1.2700302514919291,-0.73258926105707212,-2.0676456795740816,0.81499658848845213,-1.9487308434102215,0.42175643683360498,0.032405961153683258,-0.00035610946322728857,-0.14920986509223391,0.038815931491774452,-0.024215443499455622,0,0.31858384748350305,9.4778694626342155,16.194518558607484,3.5966448580280281,0.069545948212994646,-0.30347322856579484,-1.1146818060595032e-15,9.8700211158438567,16.512967102006076,3.1631484209065523,0.1745592141741707,-0.28512793536796016,-0.0019443576692221055,9.8700424824116499,16.518935496609764,3.1624691421054463,0.17477715316566586,-0.28512793536796016,1,1.8307835762794629,1.7616246212198707,1,1,1
1785822566.3630209,7,1,0.93903188925521064,0.94745742860818394,0.34383006116654424,3,0,1,0,-1.2693928331137947,-0.7325859386976924,-2.0702527824416115,0.81573700000735738,-1.9488646870309467,0.42175596221083644,0.033830399006592411,0.00035610946322728857,-0.12855551622505118,0.038103712565319879,0.0021366567793637313,0,0,10.274329081342973,16.290685533421069,2.7696088746312086,0.107480101783719,-0.43624276606333007,1.9006402896849794e-16,9.8648112133977968,16.51764114647419,3.1663578253365081,0.16508008833507629,-0.28559001864042244,-0.0020298239403953224,9.8647898468300035,16.522783367123193,3.1656910103666149,0.16506085842406198,-0.28559001864042244,1,1.8307835762794629,1.7616246212198707,1,1,1
1785822566.3830209,7,1,0.93903188925521064,0.94745742860818394,0.34383006116654424,3,0,1,0,-1.2686785258471585,-0.73256695378695125,-2.0728147961461305,0.81654670645046779,-1.948845227497437,0.42175596221083644,0.034542617933046992,0.0010683283896818657,-0.12107721749727811,0.040952588271138186,0.00035610946322728857,0,-0.11946894280631364,9.7964533101177178,16.386852508234654,3.0388764041092431,0.069545948212994646,-0.16438133213980552,1.3501400247372536e-15,9.8587150207204441,16.522723501781357,3.1697579090628811,0.15616737990101226,-0.28606126795256293,-0.0020725570759814872,9.8586509210170625,16.527566590481246,3.1690412387681364,0.15616417491584333,-0.28606126795256293,1,1.8307835762794629,1.7616246212198707,1,1,1
1785822566.4030209,7,1,0.93903188925521064,0.94745742860818394,0.34383006116654424,3,0,1,0,-1.2679846273595692,-0.73253942566637653,-2.075033182966235,0.81740292592489405,-1.9488385827786776,0.42175596221083644,0.036323165249183435,0.0017805473161364429,-0.1089694957475503,0.045938120756320228,0.0010683283896818657,0,-0.27876086654806514,9.955745233859469,16.559953062899101,2.8657758494447925,0.13909189642598929,-0.47417691963405439,1.3319593095573873e-15,9.8533356233570686,16.526887995701333,3.1729640332556817,0.14849350744303252,-0.28650924063155603,-0.0021793899149496736,9.8532287905181004,16.531246775531237,3.1721601161424462,0.14848389248752555,-0.28650924063155603,1,1.8307835762794629,1.7616246212198707,1,1,1
1785822566.4230208,7,1,0.93903188925521064,0.94745742860818394,0.34383006116654424,3,0,1,0,-1.2672703200929329,-0.73247914857477336,-2.0771751555206062,0.81836546089947082,-1.9488072576759548,0.42175548758806791,0.038103712565319879,0.0035610946322728858,-0.10398396326236826,0.053772528947320576,0.0014244378529091543,0,0,9.1592856151507114,16.194518558607484,2.5772749250040414,-0.031611794642270291,-0.3350850232080651,1.8990953015891876e-15,9.8471156683228482,16.530896060307352,3.1763300962063989,0.14112340993016412,-0.28697820934144758,-0.0022862227539173054,9.8469020026449119,16.535055418837846,3.1753890769498208,0.14111058998948775,-0.28697820934144758,1,1.8307835762794629,1.7616246212198707,1,1,1
1785822566.4430208,7,1,0.93903188925521064,0.94745742860818394,0.34383006116654424,3,0,1,0,-1.2664273900560257,-0.73239229260813266,-2.0793114326017554,0.81964124690127671,-1.9488020368255008,0.42175501296529938,0.040240369344683606,0.0046294230219547511,-0.088671256343594851,0.063387484454457368,0.00071221892645457715,0,-0.11946894280631364,9.955745233859469,15.92525102912945,2.7696088746312086,0.34140738213651917,-0.3350850232080651,1.3960695392691708e-15,9.8404914908539087,16.534495408498234,3.1802368082623778,0.13383333031111197,-0.28752925470955121,-0.0024144221606795728,9.8402137254725908,16.538042258751979,3.1791275272844248,0.13382692034077379,-0.28752925470955121,1,1.8307835762794629,1.7616246212198707,1,1,1
1785822566.463021,7,1,0.93903188925521064,0.94745742860818394,0.34383006116654424,3,0,1,0,-1.2656846054232778,-0.73228265474860244,-2.0807970018672508,0.82091276129816582,-1.9487882727652135,0.42175501296529938,0.040596478807910896,0.0067660798013184824,-0.071578002108685007,0.073358549424821451,0.00035610946322728857,0,0.31858384748350305,10.11503715760122,16.290685533421069,3.2312103537364103,0.107480101783719,-0.16438133213980552,2.4690739361919734e-15,9.8346002004333393,16.536766353024966,3.1836721563732051,0.12888678088553451,-0.28801513338441354,-0.0024357887284722113,9.8341942356452599,16.539629473109311,3.1823883817582708,0.12888357590036548,-0.28801513338441354,1,1.8307835762794629,1.7616246212198707,1,1,1
1785822566.483021,7,1,0.93903188925521064,0.94745742860818394,0.34383006116654424,3,0,1,0,-1.2648758482257043,-0.73213125008544166,-2.0818644284736725,0.82238219338953145,-1.9487830519147598,0.42175453834253085,0.04166480719759276,0.0089027365806822138,-0.04202091666082005,0.076207425130639758,0,-0.00035610946322728857,0.31858384748350305,9.6371613863759666,16.848453987339855,3.5966448580280281,0,-0.26553907499507046,4.9829931847433784e-16,9.8285047978092681,16.538021728226486,3.1871733735440158,0.12545439151474511,-0.28851389082777779,-0.0024998884318551216,9.8279706336144272,16.53970256489292,3.1858397436042294,0.12545439151474502,-0.28851068584260875,1,1.8307835762794629,1.7616246212198707,1,1,1
1785822566.503021,7,1,0.93903188925521064,0.94745742860818394,0.34383006116654424,3,0,1,0,-1.2639574531686009,-0.7319418756007986,-2.082495676755816,0.82405428940305903,-1.9487697624772409,0.42175406371976232,0.043089245050501913,0.0074782987277730601,-0.020654348867182738,0.075851315667412461,0.00071221892645457715,-0.00035610946322728857,0.15929192374175152,9.4778694626342155,16.021418003943033,3.5004778832144443,0.107480101783719,-0.13276953749753523,1.0553081845887657e-15,9.822285051237273,16.538300295075441,3.190746392567589,0.12366479818578438,-0.28902425560180744,-0.0025853547030290046,9.821836353313607,16.53912646903013,3.1894189945434093,0.12365838821544627,-0.28902105061663841,1,1.8307835762794629,1.7616246212198707,1,1,1
1785822566.523021,7,1,0.93903188925521064,0.94745742860818394,0.34383006116654424,3,0,1,0,-1.2631126246406192,-0.73182654226804611,-2.082728716535164,0.82543449241394129,-1.9487536253031108,0.42175406371976232,0.04273313558727463,0.0053416419484093288,-0.0042733135587274627,0.066592469623502959,0.0017805473161364429,0,0,9.6371613863759666,16.483019483048235,3.0388764041092431,0.17070369106825958,-0.36669681785033542,1.3563030364614759e-15,9.8191241080622511,16.537872466727549,3.1934571815034527,0.1234196142637804,-0.28941224151111822,-0.0025639881352351452,9.8188036095453466,16.538043399269899,3.1922918132850415,0.12340358933793523,-0.28941224151111822,1,1.8307835762794629,1.7616246212198707,1,1,1
1785822566.543021,7,1,0.93903188925521064,0.94745742860818394,0.34383006116654424,3,0,1,0,-1.2622692199809433,-0.7317230745045068,-2.0827382089905346,0.82673400955417364,-1.9486867034927484,0.42175358909699379,0.039528150418229033,0.0049855324851820395,0,0.062319156064775498,0.0042733135587274627,0,-0.11946894280631364,9.6371613863759666,16.117584978756618,3.2312103537364103,0.13909189642598929,-0.20231548571052987,-2.5763015310507897e-16,9.8165672423433392,16.537240946574816,3.1958882049664652,0.12412101737373325,-0.28975449230546457,-0.002371689025093964,9.816268110394228,16.537240946574816,3.1947976197353318,0.12408255755170472,-0.28975449230546457,1,1.8307835762794629,1.7616246212198707,1,1,1
1785822566.5630209,7,1,0.93903188925521064,0.94745742860818394,0.34383006116654424,3,0,1,0,-1.2615639305469091,-0.73164381250216237,-2.0827344120083864,0.82790632779244022,-1.9486250025328395,0.42175406371976232,0.034186508469819701,0.003204985169045597,0.00071221892645457715,0.059114170895729901,0.0014244378529091543,0,0.15929192374175152,9.955745233859469,16.290685533421069,2.9619428242583763,0.37301917677878943,-0.3350850232080651,1.6626341959018881e-15,9.8147471610513755,16.536622377116974,3.1980586568824503,0.12485566243268453,-0.29006018678058176,-0.0020511905081875169,9.8145548619412324,16.536593888359917,3.1970241588917752,0.12484284249200824,-0.29006018678058176,1,1.8307835762794629,1.7616246212198707,1,1,1
1785822566.5830209,7,1,0.93903188925521064,0.94745742860818394,0.34383006116654424,3,0,1,0,-1.2609606850081088,-0.73157546682349428,-2.0827348866311546,0.82911186962450378,-1.9485827611064406,0.42175501296529938,0.028132647594955797,0.0039172040955001743,0,0.064811922307366515,0.0035610946322728858,0,0,9.3185775388924625,16.944620962153436,3.1350433789228265,-0.031611794642270291,-0.30347322856579484,1.3171430092440151e-15,9.8133890915857407,16.535880257198162,3.200264356242585,0.12558868515005733,-0.29037379351751447,-0.0016879588556960154,9.8131540593400111,16.535880257198162,3.1991301476022063,0.12555663529836672,-0.29037379351751447,1,1.8307835762794629,1.7616246212198707,1,1,1
1785822566.6030209,7,1,0.93903188925521064,0.94745742860818394,0.34383006116654424,3,0,1,0,-1.2604613818556163,-0.73147152443718644,-2.0827367851222287,0.8304488819634499,-1.9484826157022808,0.42175501296529938,0.023859334036228332,0.006409970338091194,0,0.073714658888048734,0.0071221892645457717,0.00035610946322728857,0.63716769496700609,9.4778694626342155,16.117584978756618,3.0388764041092431,0.17070369106825958,-0.36669681785033542,-3.8112755681475596e-16,9.8107264767679432,16.535339474277315,3.2027654783563051,0.12643266733283196,-0.29072269671174267,-0.0014315600421740331,9.810341878547657,16.535339474277315,3.2014754718257641,0.12636856762945106,-0.2907259016969117,1,1.8307835762794629,1.7616246212198707,1,1,1
1785822566.6230209,7,1,0.93903188925521064,0.94745742860818394,0.34383006116654424,3,0,1,0,-1.2599986246563006,-0.73126886051502449,-2.0827382089905346,0.83219596837440513,-1.9482671369653688,0.42175501296529938,0.019942129940728158,0.012107721749727811,0,0.088315146880367568,0.011039393360045946,0.00035610946322728857,0.47787577122525454,9.955745233859469,16.848453987339855,3.4043109084008609,0.107480101783719,-0.3350850232080651,4.2405179844981489e-16,9.8046848415407144,16.535121001195179,3.206134152711456,0.12751386838313566,-0.29118225867147501,-0.0011965277964432453,9.8039583782357305,16.535121001195179,3.2045886376410495,0.12741451384289521,-0.29118546365664405,1,1.8307835762794629,1.7616246212198707,1,1,1
1785822566.6430209,7,1,0.93903188925521064,0.94745742860818394,0.34383006116654424,3,0,1,0,-1.2596393352205242,-0.73098313760837008,-2.0827401074816088,0.83407167755563161,-1.9480720670075033,0.42175453834253085,0.017805473161364428,0.016381035308455274,0,0.10006675916686809,0.0085466271174549253,0,-0.27876086654806514,9.3185775388924625,16.483019483048235,3.5004778832144443,0.17070369106825958,-0.26553907499507046,2.268693045925918e-17,9.7960939678674421,16.534879845595142,3.2097631499362937,0.12832699042236578,-0.29168237623988164,-0.0010683283896818657,9.7951111057489353,16.534879845595142,3.2080119816508734,0.12825007077830874,-0.29168237623988164,1,1.8307835762794629,1.7616246212198707,1,1,1
1785822566.6630208,7,1,0.93903188925521064,0.94745742860818394,0.34383006116654424,3,0,1,0,-1.2593227618339153,-0.73063951072395505,-2.0827401074816088,0.83608360347142585,-1.9479704977350381,0.42175453834253085,0.014600487992318832,0.018517692087819004,0,0.10220341594623182,0.0042733135587274627,0,-0.11946894280631364,9.4778694626342155,16.117584978756618,3.4043109084008609,0.17070369106825958,-0.23392728035280017,3.5405299568871951e-16,9.786101189575712,16.534249844608514,3.2135900355276084,0.12879005604204288,-0.29222385125189038,-0.0008760292795387968,9.7849901280504437,16.534249844608514,3.2118014757485494,0.12875159622001442,-0.29222385125189038,1,1.8307835762794629,1.7616246212198707,1,1,1
1785822566.6830208,7,1,0.93903188925521064,0.94745742860818394,0.34383006116654424,3,0,1,0,-1.2590375135500294,-0.73021424872335317,-2.0827396328588401,0.83818001224001837,-1.9478921849782309,0.42175406371976232,0.012819940676182388,0.022791005646546469,0.00035610946322728857,0.10149119701977724,0.0028488757058183086,0,-0.75663663777331969,9.7964533101177178,15.655983499651416,3.3273773285499941,0.107480101783719,-0.36669681785033542,4.1703158938297125e-16,9.7735754947603795,16.533620719326905,3.2175918173079365,0.12895635148713258,-0.29279411931952226,-0.00076919644057049912,9.7722080344215865,16.533606474948375,3.2158157213600904,0.12893071160578043,-0.29279411931952226,1,1.8307835762794629,1.7616246212198707,1,1,1
1785822566.7030208,7,1,0.93903188925521064,0.94745742860818394,0.34383006116654424,3,0,1,0,-1.2587959305608483,-0.72976620482986176,-2.0827382089905346,0.84019241277858125,-1.9478608598755078,0.42175358909699379,0.0124638312129551,0.022791005646546469,0.00035610946322728857,0.10540840111527741,0.00035610946322728857,0,0,10.274329081342973,16.483019483048235,3.0388764041092431,0.069545948212994646,-0.36669681785033542,-1.1992970093584188e-16,9.7604120909799104,16.532918485257859,3.2214157858243366,0.12886099114361357,-0.29334527613255174,-0.00074782987277741695,9.7590446306411174,16.532904240879329,3.2195711388048194,0.12885778615844434,-0.29334527613255174,1,1.8307835762794629,1.7616246212198707,1,1,1
1785822566.723021,7,1,0.93903188925521064,0.94745742860818394,0.34383006116654424,3,0,1,0,-1.2585609922904264,-0.72935565613508424,-2.0827382089905346,0.84227553210965489,-1.9478608598755078,0.42175406371976232,0.012107721749727811,0.020298239403955448,0,0.11395502823273235,0,0,-0.11946894280631364,9.7964533101177178,17.213888491631472,3.7889788076551953,0.30979558749424885,-0.5753346624893193,-4.1372138462510144e-16,9.7486732683604576,16.531951659409547,3.22529957820508,0.12887265005309292,-0.29391024308305275,-0.00072646330498411273,9.7474553739962211,16.531951659409547,3.2233053652110071,0.12887265005309301,-0.29391024308305275,1,1.8307835762794629,1.7616246212198707,1,1,1
1785822566.743021,7,1,0.93903188925521064,0.94745742860818394,0.34383006116654424,3,0,1,0,-1.258318460055708,-0.7289190031880376,-2.0827382089905346,0.84485937846152659,-1.9478580121388966,0.42175311447422525,0.011039393360045946,0.020654348867182738,0,0.12784329729859659,0,0,-0.11946894280631364,9.6371613863759666,16.752287012526271,2.8657758494447925,0.107480101783719,-0.13276953749753523,-1.4470101007170444e-15,9.7364958439967513,16.530615753351871,3.2300484405389023,0.12916698962281714,-0.29460198167597407,-0.00066236360160420006,9.7352565830647197,16.530615753351871,3.2278111828361769,0.12916698962281714,-0.29460198167597407,1,1.8307835762794629,1.7616246212198707,1,1,1
1785822566.763021,7,1,0.93903188925521064,0.94745742860818394,0.34383006116654424,3,0,1,0,-1.2580996589594162,-0.72853598261383468,-2.0827339373856177,0.84748072001211217,-1.9478589613844337,0.42175121598315113,0.011751612286500523,0.018161582624591718,0.00035610946322728857,0.13781436226896068,0,0,-0.11946894280631364,10.433621005084724,16.290685533421069,3.2312103537364103,0.107480101783719,-0.26553907499507046,-4.9273600607677159e-16,9.7261462993178451,16.529113445454978,3.2347961062965891,0.12969791203117662,-0.29529548445767945,-0.00070509673719047544,9.7250566043603701,16.529099201076448,3.2323843549568823,0.12969791203117653,-0.29529548445767945,1,1.8307835762794629,1.7616246212198707,1,1,1
1785822566.783021,7,1,0.93903188925521064,0.94745742860818394,0.34383006116654424,3,0,1,0,-1.2578428880416421,-0.72819567808879937,-2.0827320388945436,0.8503232357728322,-1.9478618091210449,0.42174884286930847,0.013532159602636965,0.01495659745554612,0,0.13460937709991508,0,0,-0.27876086654806514,10.11503715760122,16.290685533421069,3.1350433789228265,0.107480101783719,-0.23392728035280017,-5.6154896271171095e-17,9.7174049944430507,16.527328530124301,3.2398668197796079,0.13054156675324013,-0.29603809589258578,-0.00081192957615832892,9.7165075985957188,16.527328530124301,3.2375111556803593,0.13054156675324036,-0.29603809589258578,1,1.8307835762794629,1.7616246212198707,1,1,1
1785822566.803021,7,1,0.93903188925521064,0.94745742860818394,0.34383006116654424,3,0,1,0,-1.2575552666439134,-0.72793795792548821,-2.0827220718164043,0.85285819597954537,-1.9478651314804247,0.42174646975546587,0.016381035308455274,0.011395502823273234,0.00071221892645457715,0.12713107837214202,0,0,0.31858384748350305,10.274329081342973,16.656120037712686,2.9619428242583763,0.17070369106825958,-0.36669681785033542,2.6776913748371295e-15,9.7111444479367108,16.525622197514341,3.2443281040479799,0.13149632595038374,-0.29669300276576799,-0.00098286211850465177,9.7104607177673152,16.525593708757285,3.2421033101764674,0.13149632595038385,-0.29669300276576799,1,1.8307835762794629,1.7616246212198707,1,1,1
1785822566.8230209,7,1,0.93903188925521064,0.94745742860818394,0.34383006116654424,3,0,1,0,-1.2572040457952021,-0.72777943392079947,-2.0827187494570247,0.85540549637824037,-1.9478675045942673,0.42174124890501202,0.019942129940728158,0.0053416419484093288,0.00035610946322728857,0.13638992441605152,-0.00035610946322728857,-0.00035610946322728857,-0.11946894280631364,9.7964533101177178,16.290685533421069,3.3273773285499941,0.107480101783719,-0.23392728035280017,8.5235231416305735e-16,9.7081643538032711,16.523714926275314,3.2487250014190643,0.13280896232983264,-0.29733980881482291,-0.0011965277964428012,9.7078438552863666,16.523700681896784,3.2463381777417832,0.13281216731500156,-0.29733660382965388,1,1.8307835762794629,1.7616246212198707,1,1,1
1785822566.8430209,7,1,0.93903188925521064,0.94745742860818394,0.34383006116654424,3,0,1,0,-1.256734643877127,-0.72771773296089071,-2.0827144778521078,0.85838327962799121,-1.9478703523308785,0.4217355534317897,0.025639881352364776,0.00071221892645457715,0.00035610946322728857,0.15241485026127952,-0.00071221892645457715,0,0.47787577122525454,10.11503715760122,16.290685533421069,3.0388764041092431,0.34140738213651917,-0.3350850232080651,1.0745324443596493e-15,9.7087840293194159,16.521222385307418,3.2537499001266323,0.13480684743794863,-0.29808112831812916,-0.0015383928811407762,9.7087412961838293,16.521208140928888,3.2510826402470601,0.13481325740828656,-0.29808112831812916,1,1.8307835762794629,1.7616246212198707,1,1,1
1785822566.8630209,7,1,0.93903188925521064,0.94745742860818394,0.34383006116654424,3,0,1,0,-1.2561821829745592,-0.72772390305688162,-2.0827026122828949,0.86144649497607717,-1.9478836417683973,0.42173175644964145,0.030981523300774104,-0.00071221892645457715,0.0010683283896818657,0.15918093006259798,-0.00071221892645457715,0,-0.11946894280631364,9.7964533101177178,16.944620962153436,3.4043109084008609,0.107480101783719,-0.20231548571052987,2.5071870306866278e-15,9.711796215010061,16.518449166439595,3.2588256180123318,0.13712678085038843,-0.29883349464790765,-0.0018588913980438927,9.7118389481456475,16.518406433304008,3.2560399517362364,0.13713319082072675,-0.29883349464790765,1,1.8307835762794629,1.7616246212198707,1,1,1
1785822566.8830209,7,1,0.93903188925521064,0.94745742860818394,0.34383006116654424,3,0,1,0,-1.2554783174088306,-0.72773671787163186,-2.0826703379346347,0.86471617122847322,-1.9478959819603789,0.42172890871303026,0.037391493638865299,-0.00035610946322728857,0.0017805473161364429,0.16167369630518902,-0.00035610946322728857,0,-0.11946894280631364,8.9999936914089602,16.290685533421069,2.9619428242583763,-0.031611794642270291,-0.36669681785033542,1.8752902876395527e-15,9.7152597063328834,16.515437405304404,3.2641921827903793,0.13971004719419738,-0.29963078113668146,-0.0022434896183300304,9.7152810729006767,16.515366183411757,3.2613628931050385,0.13971325217936648,-0.29963078113668146,1,1.8307835762794629,1.7616246212198707,1,1,1
1785822566.9030209,7,1,0.93903188925521064,0.94745742860818394,0.34383006116654424,3,0,1,0,-1.2546904436130726,-0.72773861636270598,-2.0826489799100512,0.86794977615046121,-1.9479045251702125,0.42172653559918766,0.044157573440183784,0.00035610946322728857,-0.00035610946322728857,0.17484974644459869,-0.00071221892645457715,-0.00035610946322728857,0,10.11503715760122,16.483019483048235,2.9619428242583763,0.17070369106825958,-0.43624276606333007,1.9600003586285608e-16,9.7182913552042631,16.512515775406523,3.2694829970267727,0.14220213165064616,-0.30041807877019938,-0.0026494544064108051,9.7182699886364698,16.512530019785054,3.2664231264639922,0.1422085416209842,-0.30041487378503035,1,1.8307835762794629,1.7616246212198707,1,1,1
1785822566.9230208,7,1,0.93903188925521064,0.94745742860818394,0.34383006116654424,3,0,1,0,-1.2537696754421264,-0.72774051485378011,-2.0826494545328194,0.87164329053515366,-1.947926357817565,0.42172606097641913,0.051635872167956842,0,0,0.20227017511309991,-0.0017805473161364429,0,-0.27876086654806514,9.4778694626342155,16.483019483048235,2.5003413451531746,0.13909189642598929,-0.16438133213980552,2.2753676655502819e-16,9.7217418366006392,16.509178932661204,3.2754927792409623,0.14493397913220288,-0.30131624180240107,-0.0030981523300771885,9.7217418366006392,16.509178932661204,3.2719530511764829,0.14495000405804809,-0.30131624180240107,1,1.8307835762794629,1.7616246212198707,1,1,1
1785822566.9430208,7,1,0.93903188925521064,0.94745742860818394,0.34383006116654424,3,0,1,0,-1.2525460979448586,-0.72775190580022486,-2.0826485052872825,0.87615980080047529,-1.9480312494494099,0.42172321323980794,0.061963046601548208,-0.0010683283896818657,0.00035610946322728857,0.21081680223055482,-0.012107721749727811,-0.00035610946322728857,0,9.7964533101177178,16.483019483048235,3.5966448580280281,0.20863784463898394,-0.36669681785033542,9.5965783605302113e-16,9.7265992320142942,16.504745672164017,3.2827144896579274,0.14813122851957236,-0.30240956344574232,-0.0037177827960918931,9.7266633317176758,16.504731427785487,3.2790251956188929,0.14824019801531993,-0.30240635846057329,1,1.8307835762794629,1.7616246212198707,1,1,1
1785822566.963021,7,1,0.93903188925521064,0.94745742860818394,0.34383006116654424,3,0,1,0,-1.2513434038494062,-0.7277737384475772,-2.0826456575506711,0.88009252506050639,-1.9482752055524337,0.42171989088042822,0.069797454792548563,-0.0017805473161364429,0,0.22256841451705536,-0.012819940676182388,0,0,9.1592856151507114,15.829084054315867,3.2312103537364103,0.13909189642598929,-0.5753346624893193,1.9367509982923248e-15,9.7318731862769017,16.5002177068104,3.2888217747569732,0.1506007474291102,-0.30335858389628662,-0.0041878472875510261,9.7319800191158699,16.5002177068104,3.2849268275029249,0.15071612689519565,-0.30335858389628662,1,1.8307835762794629,1.7616246212198707,1,1,1
1785822566.983021,7,1,0.93903188925521064,0.94745742860818394,0.34383006116654424,3,0,1,0,-1.2497372804007043,-0.72781075902352244,-2.0826447083051343,0.88510026989125556,-1.9485495375126434,0.42171704314381703,0.079056300836458065,-0.0017805473161364429,0,0.24215443499455622,-0.012819940676182388,0,0.31858384748350305,9.6371613863759666,16.386852508234654,3.1350433789228265,0,-0.47417691963405439,1.0478475183893499e-15,9.7387448824129024,16.494580389791899,3.2965454718949667,0.15388063444964714,-0.30455848765684679,-0.0047433780501864847,9.7388517152518705,16.494580389791899,3.2923077692825622,0.1539960139157327,-0.30455848765684679,1,1.8307835762794629,1.7616246212198707,1,1,1
1785822567.003021,7,1,0.93903188925521064,0.94745742860818394,0.34383006116654424,3,0,1,0,-1.2481800430971606,-0.72784398261731942,-2.0826385382091432,0.88975964160990451,-1.9488585169349557,0.4217165685210485,0.081549067079049076,-0.0024927662425910197,0.0010683283896818657,0.2371689025093742,-0.019586020477500871,-0.00035610946322728857,0,9.3185775388924625,16.848453987339855,3.1350433789228265,0.107480101783719,-0.43624276606333007,1.0412711545868675e-15,9.7453422496749038,16.489096510187437,3.3036110276539903,0.15683637350239135,-0.30566869347911585,-0.0048929440247419452,9.7454918156494585,16.489053777051851,3.299460571860076,0.15701264768668893,-0.30566548849394681,1,1.8307835762794629,1.7616246212198707,1,1,1
1785822567.023021,7,1,0.93903188925521064,0.94745742860818394,0.34383006116654424,3,0,1,0,-1.2466071432422556,-0.72791612527813587,-2.0826200279211706,0.89448546051614752,-1.9493407336677813,0.42171751776658556,0.088671256343594851,-0.0049855324851820395,0.00035610946322728857,0.24927662425910199,-0.032762070616910548,0,-0.11946894280631364,9.4778694626342155,16.021418003943033,3.5004778832144443,0.17070369106825958,-0.13276953749753523,-6.0484928697535079e-17,9.7540575903705165,16.482713853372822,3.3105343056961116,0.159631082070715,-0.30678650169567839,-0.0053202753806158021,9.7543567223196277,16.482699608994292,3.3061719647715773,0.15992594070626739,-0.30678650169567839,1,1.8307835762794629,1.7616246212198707,1,1,1
1785822567.043021,7,1,0.93903188925521064,0.94745742860818394,0.34383006116654424,3,0,1,0,-1.2445914203443131,-0.72802813625150864,-2.0826209771667079,0.89979079382276439,-1.9502301767360046,0.42171894163489115,0.09757399292427707,-0.0046294230219547511,-0.00035610946322728857,0.26209656493528438,-0.050923653241502262,0,-0.27876086654806514,9.1592856151507114,16.386852508234654,3.1350433789228265,0.34140738213651917,-0.20231548571052987,1.5024297723899988e-15,9.7662862678273026,16.474077969606022,3.3179364219962513,0.16198964658146753,-0.30803993965355486,-0.0058544395754550694,9.7665640332086205,16.474092213984552,3.3133497321098839,0.16244795946064117,-0.30803993965355486,1,1.8307835762794629,1.7616246212198707,1,1,1
1785822567.0630209,7,1,0.93903188925521064,0.94745742860818394,0.34383006116654424,3,0,1,0,-1.2425643064999259,-0.72812638316459422,-2.0826224010350134,0.90485454414019995,-1.9515875978539974,0.42171989088042822,0.10825727682109572,-0.0053416419484093288,0,0.26316489332496623,-0.088671256343594851,0,-0.27876086654806514,10.592912928826475,16.848453987339855,3.2312103537364103,0.41095333034951381,-0.3350850232080651,5.3817085336749226e-17,9.7797980292680489,16.46374637201469,3.3245145010633377,0.16302087669301049,-0.30924035681090734,-0.0064954366092657432,9.7801185277849534,16.46374637201469,3.3199091154301508,0.16381891800010293,-0.30924035681090734,1,1.8307835762794629,1.7616246212198707,1,1,1
1785822567.0830209,7,1,0.93903188925521064,0.94745742860818394,0.34383006116654424,3,0,1,0,-1.2403639553450256,-0.7282279524370594,-2.0826271472626985,0.91008678554046341,-1.9538430052500471,0.42172084012596528,0.11716001340177794,-0.0049855324851820395,0.00035610946322728857,0.27099930151596657,-0.14173156636446085,0.00035610946322728857,0.31858384748350305,9.4778694626342155,16.656120037712686,3.7889788076551953,0.41095333034951381,-0.13276953749753523,7.2755725597818677e-16,9.7973154162067768,16.44955019162327,3.3305330521325733,0.16208608250413475,-0.31049157709739011,-0.0070296008041058986,9.7976145481558881,16.44953594724474,3.3257905643560437,0.16336166660141474,-0.31049478208255915,1,1.8307835762794629,1.7616246212198707,1,1,1
1785822567.1030209,7,1,0.93903188925521064,0.94745742860818394,0.34383006116654424,3,0,1,0,-1.2376965753858926,-0.72835562596179371,-2.0826276218854671,0.91581168537445989,-1.9576162562598525,0.42172036550319675,0.12606274998246014,-0.0071221892645457717,0,0.25604270406042046,-0.20476294135569093,0,0.31858384748350305,9.4778694626342155,16.290685533421069,3.3273773285499941,0.30979558749424885,-0.3350850232080651,-2.3666778172642955e-16,9.8224884330373037,16.428577888626531,3.3359119358411613,0.15812522140553048,-0.31187730115098383,-0.0075637649989478304,9.8229157643931764,16.428577888626531,3.3314311885201038,0.15996808787773165,-0.31187730115098383,1,1.8307835762794629,1.7616246212198707,1,1,1
1785822567.1230209,7,1,0.93903188925521064,0.94745742860818394,0.34383006116654424,3,0,1,0,-1.2352242653846253,-0.7284999112834265,-2.0826328427359209,0.92084553445747819,-1.9620259764022552,0.42172131474873381,0.12926773515150575,-0.0067660798013184824,-0.00035610946322728857,0.2617404554720571,-0.23396391734032859,0.00035610946322728857,-0.11946894280631364,9.6371613863759666,17.021554542004303,2.3080073955260074,0.17070369106825958,-0.47417691963405439,5.9770032890052449e-16,9.8502215307357961,16.405575614294726,3.3395771067271904,0.15227053920662276,-0.31310798394830919,-0.0077560641090897893,9.8506274955238755,16.405589858673256,3.3349966487564293,0.15437621446268554,-0.31311118893347822,1,1.8307835762794629,1.7616246212198707,1,1,1
1785822567.1430209,7,1,0.93903188925521064,0.94745742860818394,0.34383006116654424,3,0,1,0,-1.2327348689636908,-0.72862378782601256,-2.0826309442448467,0.92585755089314414,-1.9667878666389063,0.42172084012596528,0.12784329729859659,-0.0056977514116366172,0.00035610946322728857,0.25675492298687508,-0.25889157976623878,0,-0.27876086654806514,9.7964533101177178,16.290685533421069,3.0388764041092431,0.20863784463898394,-0.3350850232080651,1.6079768538814626e-15,9.8787230164586628,16.381185331159227,3.3427576675560084,0.14565614664203269,-0.31433365600815799,-0.0076705978379142409,9.8790648815433606,16.381171086780697,3.338264456403738,0.14798617085992868,-0.31433365600815799,1,1.8307835762794629,1.7616246212198707,1,1,1
1785822567.1630208,7,1,0.93903188925521064,0.94745742860818394,0.34383006116654424,3,0,1,0,-1.2300736591005488,-0.72876237767442298,-2.0826285711310044,0.93101290340490583,-1.9722678611243418,0.42172226399427087,0.12997995407796031,-0.0071221892645457717,0,0.25604270406042046,-0.27776538131728506,0.00035610946322728857,0.15929192374175152,9.7964533101177178,15.92525102912945,4.0582463371332294,0.24024963928125423,-0.36669681785033542,9.0006059788420856e-16,9.9108141987262872,16.353692376698561,3.3453344009382775,0.13768516127191968,-0.31559638724362959,-0.0077987972446767299,9.9112415300821599,16.353692376698561,3.34085365361722,0.14018504970377521,-0.31559959222879863,1,1.8307835762794629,1.7616246212198707,1,1,1
1785822567.1830208,7,1,0.93903188925521064,0.94745742860818394,0.34383006116654424,3,0,1,0,-1.2275386988938357,-0.72889100044469435,-2.082631893490384,0.93606573739866528,-1.9777720613709724,0.42172321323980794,0.12891162568827846,-0.0060538608748639056,0,0.25568659459719317,-0.2923658693096039,0,0,9.7964533101177178,16.194518558607484,3.3273773285499941,0.17070369106825958,-0.26553907499507046,-2.305318750565194e-16,9.942541009027714,16.326251834221473,3.347548531880046,0.12968190456085418,-0.31682844783130992,-0.0077346975412969296,9.9429042406802051,16.326251834221473,3.3430740164745951,0.13231319738464081,-0.31682844783130992,1,1.8307835762794629,1.7616246212198707,1,1,1
1785822567.2030208,7,1,0.93903188925521064,0.94745742860818394,0.34383006116654424,3,0,1,0,-1.2250625919104199,-0.72897595792026104,-2.082631893490384,0.94090404190104959,-1.9837504097633634,0.421724162485345,0.12570664051923286,-0.0035610946322728858,-0.00035610946322728857,0.24108610660487437,-0.31836186012519596,0,0.31858384748350305,9.955745233859469,16.483019483048235,3.3273773285499941,0.20863784463898394,-0.3350850232080651,1.7707833626073172e-15,9.9745558485389392,16.297183174237801,3.3488648517396209,0.12040989757878215,-0.31801823636786641,-0.0075423984311521952,9.9747695142168755,16.297197418616332,3.3446458448740355,0.12327515431990872,-0.31801823636786641,1,1.8307835762794629,1.7616246212198707,1,1,1
1785822567.223021,7,1,0.93903188925521064,0.94745742860818394,0.34383006116654424,3,0,1,0,-1.2223885672325276,-0.72903386189802155,-2.082631893490384,0.94613580867854452,-1.9907677073960641,0.42172463710811353,0.12178943642373269,-0.0017805473161364429,0,0.23859334036228333,-0.33367456704396936,0.00035610946322728857,-0.11946894280631364,10.752204852568227,16.290685533421069,3.1350433789228265,0.13909189642598929,-0.43624276606333007,1.892861139097396e-15,10.010282494826964,16.263609095836511,3.3495591876005659,0.10918399985917379,-0.31931005863118656,-0.0073073661854220736,10.010389327665932,16.263609095836511,3.3453838041442259,0.11218707096256965,-0.31931326361635559,1,1.8307835762794629,1.7616246212198707,1,1,1
1785822567.243021,7,1,0.93903188925521064,0.94745742860818394,0.34383006116654424,3,0,1,0,-1.2200842736913196,-0.72908796889363392,-2.082631893490384,0.95063997875188444,-1.9974465989948038,0.42172463710811353,0.11787223232823252,-0.0035610946322728858,0.00035610946322728857,0.2211439766641462,-0.35112393074210652,0,0.31858384748350305,10.274329081342973,16.386852508234654,3.4043109084008609,0.17070369106825958,-0.13276953749753523,1.7246708889587931e-15,10.043774458149002,16.232127052944179,3.3493280962017082,0.098252364362980654,-0.32042688851883611,-0.0070723339396921749,10.043988123826939,16.232112808565649,3.3454580766100857,0.10141247973965964,-0.32042688851883611,1,1.8307835762794629,1.7616246212198707,1,1,1
1785822567.263021,7,1,0.93903188925521064,0.94745742860818394,0.34383006116654424,3,0,1,0,-1.2177496042929254,-0.72916485778213558,-2.0826328427359209,0.95482282921093031,-2.0042992025268251,0.42172463710811353,0.12143332696050541,-0.0042733135587274627,0,0.2118851306202367,-0.35789001054342501,0,-0.27876086654806514,9.955745233859469,15.732917079502283,3.1350433789228265,0.13909189642598929,-0.40463097142105975,1.1829323328174657e-15,10.078405899613172,16.200214044515622,3.3482560527470087,0.086874167553624967,-0.32146801005730585,-0.0072859996176291028,10.078662298426694,16.200214044515622,3.3445480629611546,0.09009517764851592,-0.32146801005730585,1,1.8307835762794629,1.7616246212198707,1,1,1
1785822567.283021,7,1,0.93903188925521064,0.94745742860818394,0.34383006116654424,3,0,1,0,-1.2152549870215372,-0.72927117328228608,-2.0826333173586895,0.95925438200068536,-2.0118556716245748,0.42172511173088206,0.12214554588695997,-0.0053416419484093288,-0.00035610946322728857,0.21687066310541875,-0.37711992155769858,0.00035610946322728857,-0.27876086654806514,9.7964533101177178,15.732917079502283,3.4043109084008609,0,-0.36669681785033542,9.0858513746537584e-16,10.117097169930723,16.165185083781459,3.3465552289585836,0.074425810714527307,-0.32256676795892708,-0.0073287327532167096,10.117417668447628,16.165199328159989,3.3427599923542388,0.077819890008546541,-0.32256997294409612,1,1.8307835762794629,1.7616246212198707,1,1,1
1785822567.303021,7,1,0.93903188925521064,0.94745742860818394,0.34383006116654424,3,0,1,0,-1.212808781272539,-0.7293869812378071,-2.082634741226995,0.96338549857796152,-2.0194054960035652,0.42172558635365059,0.12855551622505118,-0.0067660798013184824,0,0.20618737920860009,-0.40347202183651792,0.00035610946322728857,-0.27876086654806514,10.592912928826475,16.117584978756618,3.0388764041092431,0.17070369106825958,-0.20231548571052987,4.2375364285238137e-16,10.155742934388035,16.130490298941442,3.3441975587833124,0.061917289218148375,-0.32359270152480263,-0.0077133309735026266,10.156148899176115,16.130490298941442,3.3405892796471619,0.065548537414676977,-0.32359590650997166,1,1.8307835762794629,1.7616246212198707,1,1,1
1785822567.3230209,7,1,0.93903188925521064,0.94745742860818394,0.34383006116654424,3,0,1,0,-1.2103654232601517,-0.72954313212865318,-2.0826375889636064,0.96734954794071548,-2.0275058827940491,0.42172701022195613,0.124638312129551,-0.0089027365806822138,-0.00035610946322728857,0.20120184672341804,-0.42020916660820051,-0.00035610946322728857,0.31858384748350305,10.274329081342973,15.829084054315867,3.7889788076551953,0.24024963928125423,-0.3350850232080651,7.9810832422089195e-17,10.197780111045773,16.093673813860544,3.3407652105784864,0.048325223896245786,-0.3245838526034549,-0.0074782987277729482,10.198314275240614,16.093688058239074,3.3372441782608266,0.05210710639571952,-0.32458064761828587,1,1.8307835762794629,1.7616246212198707,1,1,1
1785822567.3430209,7,1,0.93903188925521064,0.94745742860818394,0.34383006116654424,3,0,1,0,-1.2077659143569186,-0.72974010057759275,-2.0826494545328194,0.97154426396897453,-2.0363424094985216,0.42172748484472466,0.12926773515150575,-0.0096149555071367906,0.00035610946322728857,0.20547516028214549,-0.42946801265210999,0,-0.11946894280631364,9.6371613863759666,16.944620962153436,3.0388764041092431,-0.10115774285526494,-0.30347322856579484,1.7501699688029365e-15,10.244306390584679,16.053663498848294,3.3365226051022043,0.033639295219068596,-0.32562821234628447,-0.0077560641090885681,10.244883287915107,16.053649254469764,3.3329267897972668,0.037504507332937712,-0.32562821234628447,1,1.8307835762794629,1.7616246212198707,1,1,1
1785822567.3630209,7,1,0.93903188925521064,0.94745742860818394,0.34383006116654424,3,0,1,0,-1.2052992998288736,-0.72993089893054131,-2.0826494545328194,0.97532321045200221,-2.0448457510194866,0.42172701022195613,0.12713107837214202,-0.010327174433591369,0.00035610946322728857,0.18375248302528091,-0.45012236151929275,0,0,9.955745233859469,15.92525102912945,3.1350433789228265,0.13909189642598929,-0.16438133213980552,4.7702862710288785e-16,10.288833057181206,16.015442234237003,3.3318016607062035,0.019476421541165904,-0.32657112176205649,-0.0076278647023280766,10.289452687647222,16.015427989858473,3.3285859922532612,0.023527522794839658,-0.32657112176205649,1,1.8307835762794629,1.7616246212198707,1,1,1
1785822567.3830209,7,1,0.93903188925521064,0.94745742860818394,0.34383006116654424,3,0,1,0,-1.2024525124632368,-0.73016441333265758,-2.0826504037783566,0.97908269740152021,-2.0547995397210763,0.42172653559918766,0.13211661085732407,-0.011039393360045946,-0.00035610946322728857,0.16665922879037104,-0.47006449146002088,0,-0.11946894280631364,10.592912928826475,15.732917079502283,3.1350433789228265,0,-0.40463097142105975,1.9456821136881741e-15,10.340583261860566,15.971376242517268,3.3250938065861559,0.0024222720276041512,-0.32752938311434748,-0.007926996651437446,10.341245625462168,15.971390486895796,3.3221772700823244,0.0066528524507443315,-0.32752938311434748,1,1.8307835762794629,1.7616246212198707,1,1,1
1785822567.4030209,7,1,0.93903188925521064,0.94745742860818394,0.34383006116654424,3,0,1,0,-1.1998833794171895,-0.73038511292002362,-2.0826579977426531,0.98233243949763815,-2.0639445712250928,0.42172653559918766,0.12997995407796031,-0.011039393360045946,-0.00071221892645457715,0.1680836666432802,-0.4643667400483843,0,-0.43805279028981664,9.6371613863759666,16.021418003943033,3.2312103537364103,-0.031611794642270291,-0.20231548571052987,-3.2342089618421499e-16,10.388024638769977,15.931178936889582,3.3183517617843301,-0.013291748430178628,-0.32836213687055182,-0.0077987972446779512,10.388687002371579,15.93120742564664,3.3154102976180728,-0.0091124477697429821,-0.32836213687055182,1,1.8307835762794629,1.7616246212198707,1,1,1
1785822567.4230208,7,1,0.93903188925521064,0.94745742860818394,0.34383006116654424,3,0,1,0,-1.197279124286271,-0.73059537080648196,-2.0826670155752551,0.98568422548898971,-2.0735134408614053,0.42172748484472466,0.12321387427664185,-0.0096149555071367906,0.00035610946322728857,0.15668816382000697,-0.46685950629097533,0,-0.11946894280631364,9.955745233859469,15.655983499651416,3.0388764041092431,0.13909189642598929,-0.26553907499507046,-2.410113666799496e-16,10.436807152707422,15.889331545090569,3.3109165667020792,-0.029683161483726787,-0.32922028491922878,-0.007392832456598733,10.437384050037849,15.88931730071204,3.3081745238352291,-0.025481425927107962,-0.32922028491922878,1,1.8307835762794629,1.7616246212198707,1,1,1
1785822567.4430208,7,1,0.93903188925521064,0.94745742860818394,0.34383006116654424,3,0,1,0,-1.1950203945308415,-0.73077857519513412,-2.0826717618029402,0.98854097993276557,-2.0826532515149676,0.42172890871303026,0.11288669984305047,-0.0089027365806822138,-0.00035610946322728857,0.13710214334250609,-0.47576224287165753,0.00035610946322728857,-0.27876086654806514,10.911496776309978,15.829084054315867,3.5966448580280281,-0.10115774285526494,-0.23392728035280017,4.9926493603420774e-16,10.482395880476945,15.849813885745688,3.3031079403563859,-0.04563042054685558,-0.32996677484873388,-0.0067732019905825842,10.482930044671786,15.849828130124216,3.3007086528478919,-0.0413485603610107,-0.32996997983390292,1,1.8307835762794629,1.7616246212198707,1,1,1
1785822567.463021,7,1,0.93903188925521064,0.94745742860818394,0.34383006116654424,3,0,1,0,-1.1928599116884977,-0.73095371099672124,-2.0826760334078571,0.99105505673766359,-2.0919378221129317,0.42172985795856732,0.1093256052107776,-0.0092588460439095022,0,0.12677496890891474,-0.47932333750393041,0,-0.11946894280631364,10.11503715760122,15.732917079502283,3.5004778832144443,0,-0.36669681785033542,-6.8888173160655541e-16,10.527873863910918,15.810155424831773,3.294435325213986,-0.062190952538901077,-0.33064417417666525,-0.0065595363126473216,10.528429394673552,15.810155424831773,3.2922167632580801,-0.057877042501365904,-0.33064417417666525,1,1.8307835762794629,1.7616246212198707,1,1,1
1785822567.483021,7,1,0.93903188925521064,0.94745742860818394,0.34383006116654424,3,0,1,0,-1.190580298531253,-0.73113216915768819,-2.0826950183185984,0.99364127620337794,-2.1017311883187584,0.42172938333579879,0.11253059037982319,-0.0085466271174549253,0.00035610946322728857,0.12713107837214202,-0.47398169555552105,0,0,10.911496776309978,15.732917079502283,2.8657758494447925,-0.13276953749753523,-0.36669681785033542,1.00454719412571e-16,10.575402020014819,15.768565224337671,3.284903525778061,-0.079665791026804128,-0.33134396804587374,-0.0067518354227892796,10.575914817641866,15.768550979959143,3.2826787319065485,-0.07539995576680425,-0.33134396804587374,1,1.8307835762794629,1.7616246212198707,1,1,1
1785822567.503021,7,1,0.93903188925521064,0.94745742860818394,0.34383006116654424,3,0,1,0,-1.18828075121773,-0.73131727203741448,-2.0826978660552093,0.99637415410456776,-2.1115947986943273,0.42173033258133585,0.11110615252691403,-0.0092588460439095022,0,0.13211661085732407,-0.48110388482006683,0,0.31858384748350305,10.433621005084724,15.559816524837833,3.5966448580280281,-0.10115774285526494,-0.30347322856579484,2.6721450030985083e-15,10.623474431591948,15.726641516803856,3.2750904150008919,-0.096869224458054556,-0.33206796149362694,-0.0066663691516121769,10.624029962354582,15.726641516803856,3.2727783743108887,-0.092539289494674076,-0.33206796149362694,1,1.8307835762794629,1.7616246212198707,1,1,1
1785822567.523021,7,1,0.93903188925521064,0.94745742860818394,0.34383006116654424,3,0,1,0,-1.1862783177573064,-0.73149383170730731,-2.0827016630373576,0.99873872473737912,-2.1205575750552286,0.42173033258133585,0.10612062004173199,-0.010327174433591369,-0.00035610946322728857,0.12428220266632371,-0.49249938764334011,0.00035610946322728857,-0.27876086654806514,10.592912928826475,15.732917079502283,3.692811832841612,-0.13276953749753523,-0.13276953749753523,1.6072890631282921e-15,10.667204363841101,15.688753584437658,3.2657440223155545,-0.11249307642822926,-0.3326980899891297,-0.0063672372025023651,10.667823994307117,15.688767828816186,3.263569083768894,-0.1080605819394392,-0.33270129497429873,1,1.8307835762794629,1.7616246212198707,1,1,1
1785822567.543021,7,1,0.93903188925521064,0.94745742860818394,0.34383006116654424,3,0,1,0,-1.1841225811426479,-0.73171832827682148,-2.0827092570016541,1.0010097946847902,-2.130486208750086,0.42173080720410439,0.1029156348726864,-0.010683283896818658,-0.00035610946322728857,0.10006675916686809,-0.47398169555552105,0,0,11.349549566599794,15.655983499651416,2.7696088746312086,-0.13276953749753523,-0.3350850232080651,1.0361550755854515e-15,10.716160308784092,15.647156636217678,3.2546773267434776,-0.13003403849349132,-0.33332151146830952,-0.0061749380923601842,10.716801305817901,15.647170880596207,3.2529261584580573,-0.12576820323349158,-0.33332151146830952,1,1.8307835762794629,1.7616246212198707,1,1,1
1785822567.5630209,7,1,0.93903188925521064,0.94745742860818394,0.34383006116654424,3,0,1,0,-1.1821225207960666,-0.73191814446237213,-2.0827116301154969,1.0027877315756999,-2.1395486558923782,0.42173175644964145,0.10149119701977724,-0.0089027365806822138,-0.00035610946322728857,0.086534599564231124,-0.46009342648965684,0.00035610946322728857,0,10.911496776309978,15.290548995359799,3.3273773285499941,-0.16438133213980552,-0.3350850232080651,1.3693744489035042e-15,10.76029274373003,15.609577383364249,3.2439797074896863,-0.14633503292546982,-0.33383032026073728,-0.006089471821185302,10.760826907924871,15.609591627742777,3.2424653519973123,-0.1421941920870631,-0.33383352524590632,1,1.8307835762794629,1.7616246212198707,1,1,1
1785822567.5830209,7,1,0.93903188925521064,0.94745742860818394,0.34383006116654424,3,0,1,0,-1.1799008116165826,-0.7320695491255329,-2.082716376343182,1.0045841787545819,-2.1493249356785382,0.42173412956348411,0.10434007272559555,-0.0056977514116366172,0,0.083329614395185519,-0.44157573440183784,0,-0.27876086654806514,10.752204852568227,15.290548995359799,2.9619428242583763,-0.20231548571052987,-0.43624276606333007,-4.1775664958582093e-17,10.805477982173777,15.569470039802855,3.2320633459401522,-0.16421092100715362,-0.33436019823068569,-0.0062604043635357326,10.805819847258475,15.569470039802855,3.2306050776882365,-0.16023673939753685,-0.33436019823068569,1,1.8307835762794629,1.7616246212198707,1,1,1
1785822567.6030209,7,1,0.93903188925521064,0.94745742860818394,0.34383006116654424,3,0,1,0,-1.1779605537388362,-0.73215735433771079,-2.0827173255887192,1.0060730703794574,-2.1572592045000372,0.4217393504139379,0.10683283896818657,-0.0042733135587274627,0,0.078700191373230768,-0.42341415177724612,0.00035610946322728857,-0.11946894280631364,11.349549566599794,15.829084054315867,3.4043109084008609,-0.23392728035280017,-0.13276953749753523,9.5168556195346365e-16,10.840888336341489,15.537093932409723,3.2222214406761549,-0.17870359096877975,-0.33479786559748625,-0.0064099703380901948,10.841144735155012,15.537093932409723,3.2208441873271232,-0.17489286360278453,-0.33480107058265529,1,1.8307835762794629,1.7616246212198707,1,1,1
1785822567.6230209,7,1,0.93903188925521064,0.94745742860818394,0.34383006116654424,3,0,1,0,-1.1757654234343897,-0.73223709096282363,-2.0827211225708675,1.0076678028817148,-2.1655603567216088,0.42174552050992881,0.10754505789464115,-0.0028488757058183086,-0.00071221892645457715,0.076563534593867041,-0.39599372310874487,0.00035610946322728857,0.31858384748350305,10.911496776309978,15.732917079502283,3.0388764041092431,-0.16438133213980552,-0.26553907499507046,2.292918188217391e-16,10.877439425142144,15.503340274431734,3.2117560573158945,-0.1937820160619288,-0.33526276029956625,-0.0064527034736782465,10.877610357684494,15.503368763188792,3.2104161954605019,-0.1902180725539501,-0.33526596528473529,1,1.8307835762794629,1.7616246212198707,1,1,1
1785822567.6430209,7,1,0.93903188925521064,0.94745742860818394,0.34383006116654424,3,0,1,0,-1.1736300955987777,-0.73227980701199125,-2.0827334627628491,1.0091248947810987,-2.1735753114137575,0.421749317492077,0.10042286863009538,-0.0017805473161364429,0,0.065524141233821095,-0.37818824994738048,-0.00035610946322728857,0,10.752204852568227,15.194382020546215,3.2312103537364103,-0.3350850232080651,-0.20231548571052987,1.71854514668425e-15,10.911364030190406,15.471051434052404,3.2013899988056194,-0.20852908567143344,-0.33569862399247724,-0.0060253721178040575,10.911470863029374,15.471051434052404,3.2002433263340273,-0.20512539142190706,-0.3356954190073082,1,1.8307835762794629,1.7616246212198707,1,1,1
1785822567.6630208,7,1,0.93903188925521064,0.94745742860818394,0.34383006116654424,3,0,1,0,-1.1718146635091544,-0.73231540371963089,-2.0827339373856177,1.0103071800975043,-2.1803984883341299,0.42175026673761407,0.097217883461049773,-0.0017805473161364429,-0.00035610946322728857,0.05519696680022973,-0.3678610755137891,0,0,10.592912928826475,15.367482575210666,3.3273773285499941,-0.10115774285526494,-0.36669681785033542,1.1528321700038369e-15,10.940110372034219,15.443673755214995,3.1923406383981545,-0.22107699737969966,-0.33605638343999716,-0.0058330730076618757,10.940217204873187,15.443687999593523,3.1913746914791505,-0.21776624770007566,-0.33605638343999716,1,1.8307835762794629,1.7616246212198707,1,1,1
1785822567.6830208,7,1,0.93903188925521064,0.94745742860818394,0.34383006116654424,3,0,1,0,-1.1697903974013784,-0.73235859439156703,-2.0827339373856177,1.0112431361970435,-2.1879032235501104,0.42175216522868819,0.092944569902322319,-0.0021366567793637313,-0.00035610946322728857,0.037747603102092589,-0.32156684529424157,-0.00035610946322728857,-0.11946894280631364,11.230080623793482,15.732917079502283,3.2312103537364103,-0.40463097142105975,-0.16438133213980552,5.4682075382485318e-16,10.971454285911847,15.413954330126082,3.1818593747290245,-0.23535504363025955,-0.33637864733137229,-0.0055766741941387834,10.971582485318608,15.41396857450461,3.181198791674738,-0.23246094202261144,-0.33637544234620326,1,1.8307835762794629,1.7616246212198707,1,1,1
1785822567.7030208,7,1,0.93903188925521064,0.94745742860818394,0.34383006116654424,3,0,1,0,-1.1679934755997277,-0.73238374939829909,-2.0827344120083864,1.0117965463451482,-2.1938412290071763,0.42175263985145672,0.092232350975867738,-0.00071221892645457715,-0.00035610946322728857,0.019942129940728158,-0.28666811789796731,0,0.47787577122525454,11.230080623793482,15.290548995359799,2.9619428242583763,-0.36669681785033542,-0.26553907499507046,1.6744621639773472e-15,10.995716283068996,15.390695044124493,3.1732721352039857,-0.24693701354919087,-0.33659839115887535,-0.0055339410585503986,10.995759016204582,15.390709288503022,3.1729231479300228,-0.24435700048810935,-0.33659839115887535,1,1.8307835762794629,1.7616246212198707,1,1,1
1785822567.723021,7,1,0.93903188925521064,0.94745742860818394,0.34383006116654424,3,0,1,0,-1.1661737719051877,-0.73239229260813266,-2.0827339373856177,1.01203148461557,-2.1993867214346685,0.42175358909699379,0.088671256343594851,-0.00035610946322728857,0.00035610946322728857,0.0049855324851820395,-0.24892051479587471,0.00035610946322728857,0,10.11503715760122,15.290548995359799,2.8657758494447925,-0.36669681785033542,-0.23392728035280017,2.6408115603136773e-16,11.017571856819337,15.369308872421652,3.1648985660801006,-0.25821641062061251,-0.33675108580144847,-0.005320275380615469,11.017593223387131,15.369294628043123,3.1648113192616099,-0.25597612598744973,-0.33675429078661751,1,1.8307835762794629,1.7616246212198707,1,1,1
1785822567.743021,7,1,0.93903188925521064,0.94745742860818394,0.34383006116654424,3,0,1,0,-1.1645363233537627,-0.73240700591395702,-2.0827344120083864,1.0120537918856909,-2.2040166665416687,0.42175501296529938,0.080836848152594509,-0.00071221892645457715,0,0,-0.22755394700223738,0,0.31858384748350305,10.433621005084724,15.655983499651416,3.0388764041092431,-0.40463097142105975,-0.26553907499507046,-4.507231718929583e-17,11.035881329875558,15.351623055031149,3.1576704979176426,-0.26787226871357067,-0.33684463576191942,-0.0048502108891556707,11.035924063011144,15.351623055031149,3.1576704979176426,-0.26582428319055046,-0.33684463576191942,1,1.8307835762794629,1.7616246212198707,1,1,1
1785822567.763021,7,1,0.93903188925521064,0.94745742860818394,0.34383006116654424,3,0,1,0,-1.163009461907405,-0.73241365063271635,-2.0827358358766919,1.0120537918856909,-2.2082256212529838,0.4217621323068273,0.074426877814503314,-0.00035610946322728857,-0.00035610946322728857,0,-0.20939236437764569,0,0,11.230080623793482,15.367482575210666,3.1350433789228265,-0.43624276606333007,-0.43624276606333007,1.7397141941020294e-15,11.052245355383368,15.335616779717897,3.1510343314613793,-0.27670304070144736,-0.33692640999684964,-0.0044656126688684223,11.052266721951161,15.335631024096426,3.1510343314613793,-0.27481850942204866,-0.33692640999684964,1,1.8307835762794629,1.7616246212198707,1,1,1
1785822567.783021,7,1,0.93903188925521064,0.94745742860818394,0.34383006116654424,3,0,1,0,-1.1615466745347987,-0.73241412525548488,-2.0827367851222287,1.0120542665084595,-2.2119950752806408,0.42176545466620702,0.067660798013184822,0,0,0,-0.1620298057684163,0,0.15929192374175152,11.230080623793482,15.732917079502283,3.0388764041092431,-0.3350850232080651,-0.3350850232080651,1.3965303251924771e-15,11.066691200403714,15.321321548408903,3.1450552888368639,-0.28462437503427435,-0.33700026831859786,-0.0040596478807896456,11.066691200403714,15.321321548408903,3.1450552888368639,-0.28316610678235854,-0.33700026831859786,1,1.8307835762794629,1.7616246212198707,1,1,1
1785822567.803021,7,1,0.93903188925521064,0.94745742860818394,0.34383006116654424,3,0,1,0,-1.1602405126758069,-0.73242361771085551,-2.0827363104994605,1.0120552157539966,-2.2149320409722981,0.42176498004343849,0.066236360160275676,-0.0010683283896818657,0,0,-0.14458044207027915,0,0.15929192374175152,11.230080623793482,15.732917079502283,3.0388764041092431,-0.30347322856579484,-0.40463097142105975,1.6137366779227919e-15,11.078242265187608,15.310170269637172,3.1403641067012633,-0.29075757978924355,-0.33705686491099701,-0.0039741816096148753,11.07830636489099,15.310170269637172,3.1403641067012633,-0.28945635581061091,-0.33705686491099701,1,1.8307835762794629,1.7616246212198707,1,1,1
1785822567.8230209,7,1,0.93903188925521064,0.94745742860818394,0.34383006116654424,3,0,1,0,-1.1589120435466944,-0.73244639960374491,-2.0827358358766919,1.0120604366044503,-2.2176744113288587,0.42176450542066996,0.064811922307366515,-0.0010683283896818657,0,0.00035610946322728857,-0.12250165535018727,0,0,11.230080623793482,15.098215045732632,3.0388764041092431,-0.53740050891859503,-0.50578871427632466,2.3586919906375819e-15,11.089488558067401,15.299728046838137,3.1359571599194909,-0.29642805402117695,-0.33710903501160822,-0.0038887153384396592,11.089552657770783,15.299728046838137,3.1359509280038842,-0.29532553912302534,-0.33710903501160822,1,1.8307835762794629,1.7616246212198707,1,1,1
1785822567.8430209,7,1,0.93903188925521064,0.94745742860818394,0.34383006116654424,3,0,1,0,-1.1576353082993514,-0.73246585913725459,-2.0827348866311546,1.0120642335865986,-2.2198776102203701,0.42176498004343849,0.065168031770593812,-0.0010683283896818657,0,0.00035610946322728857,-0.1093256052107776,0,-0.11946894280631364,10.433621005084724,15.732917079502283,3.1350433789228265,-0.50578871427632466,-0.53740050891859503,3.4907921822244226e-16,11.098554499064944,15.291343869500894,3.132400324632878,-0.30097693457616853,-0.33715064423081759,-0.0039100819062352953,11.098618598768326,15.291343869500894,3.1323940927172713,-0.29999300412927138,-0.33715064423081759,1,1.8307835762794629,1.7616246212198707,1,1,1
1785822567.8630209,7,1,0.93903188925521064,0.94745742860818394,0.34383006116654424,3,0,1,0,-1.1563348419135819,-0.73248674253906987,-2.0827348866311546,1.0120656574549041,-2.221823563571339,0.42176498004343849,0.0687291264028667,-0.0010683283896818657,0.00035610946322728857,0.00035610946322728857,-0.089739584733276714,0,-0.11946894280631364,11.230080623793482,15.290548995359799,3.1350433789228265,-0.23392728035280017,-0.47417691963405439,2.396720381837511e-15,11.106675517153217,15.283939157894414,3.1292442622594629,-0.30498702924981602,-0.33718672098414693,-0.0041237475841695596,11.106739616856599,15.283924913515886,3.1292380303438563,-0.30417937298721653,-0.33718672098414693,1,1.8307835762794629,1.7616246212198707,1,1,1
1785822567.8830209,7,1,0.93903188925521064,0.94745742860818394,0.34383006116654424,3,0,1,0,-1.1548568666123828,-0.73253183170208014,-2.0827296657807008,1.012069929059821,-2.2234372809843372,0.42176450542066996,0.067660798013184822,-0.0035610946322728858,0.00035610946322728857,0.00035610946322728857,-0.063031374991230071,-0.00035610946322728857,0.47787577122525454,10.752204852568227,15.290548995359799,3.2312103537364103,-0.3350850232080651,-0.47417691963405439,3.9918291111842863e-16,11.114362090699439,15.277707154263954,3.1265992397261408,-0.30819533407847033,-0.33721376509423007,-0.0040596478807906448,11.114575756377375,15.277692909885426,3.1265930078105342,-0.30762805170354912,-0.33721056010906103,1,1.8307835762794629,1.7616246212198707,1,1,1
1785822567.9030209,7,1,0.93903188925521064,0.94745742860818394,0.34383006116654424,3,0,1,0,-1.1535611464542987,-0.7326452665437585,-2.0827296657807008,1.0120742006647376,-2.2245384058073245,0.42176498004343849,0.073714658888048734,-0.0085466271174549253,0,0,-0.060538608748639054,0,0.15929192374175152,10.752204852568227,15.098215045732632,2.8657758494447925,-0.3350850232080651,-0.3350850232080651,5.9205570134002183e-16,11.122388930705352,15.273230983092592,3.124736100112119,-0.31011513356374365,-0.33722415474816408,-0.004422879533282369,11.122901728332399,15.273230983092592,3.124736100112119,-0.30957028608500603,-0.33722415474816408,1,1.8307835762794629,1.7616246212198707,1,1,1
1785822567.9230208,7,1,0.93903188925521064,0.94745742860818394,0.34383006116654424,3,0,1,0,-1.1519246471484108,-0.73286881386773572,-2.0827296657807008,1.0120775230241175,-2.2260391630014134,0.42176498004343849,0.077275753520321622,-0.011751612286500523,0,0,-0.079768519762912632,0,0.15929192374175152,10.433621005084724,15.290548995359799,3.5966448580280281,-0.23392728035280017,-0.50578871427632466,1.7757198706239152e-17,11.1356534759719,15.266938691159735,3.1221410766698563,-0.31250333569079003,-0.33723061696847928,-0.004636545211219297,11.13635857270909,15.266938691159735,3.1221410766698563,-0.31178541901292361,-0.33723061696847928,1,1.8307835762794629,1.7616246212198707,1,1,1
1785822567.9430208,7,1,0.93903188925521064,0.94745742860818394,0.34383006116654424,3,0,1,0,-1.1503920902288307,-0.73316355460699223,-2.0827239703074785,1.0120870154794879,-2.2278821232116113,0.42176450542066996,0.079412410299685349,-0.018517692087819004,0.00035610946322728857,0.0010683283896818657,-0.10683283896818657,0.00035610946322728857,0.15929192374175152,11.668133414083298,15.290548995359799,2.6734418998176253,-0.16438133213980552,-0.23392728035280017,1.7151604030270218e-15,11.152641950361069,15.259137028457534,3.1189331925535964,-0.31534037515583413,-0.33723684862387687,-0.0047647446179794554,11.153753011886337,15.259122784079006,3.1189144968067768,-0.31437887960512023,-0.33724005360904591,1,1.8307835762794629,1.7616246212198707,1,1,1
1785822567.963021,7,1,0.93903188925521064,0.94745742860818394,0.34383006116654424,3,0,1,0,-1.1488324798114444,-0.73360875076387233,-2.0827206479480989,1.0121159674683682,-2.2301878406211251,0.42176355617513289,0.081905176542276373,-0.027776538131728506,0,0.0021366567793637313,-0.12641885944568745,0,0,11.82742533782505,15.367482575210666,3.4043109084008609,-0.36669681785033542,-0.36669681785033542,2.0273869117803239e-15,11.176473203822686,15.24915976918698,3.1148721780634254,-0.31861810523521628,-0.33724021666441839,-0.0049143105925345838,11.178139796110591,15.24915976918698,3.1148347865697867,-0.31748033550020521,-0.33724021666441839,1,1.8307835762794629,1.7616246212198707,1,1,1
1785822567.983021,7,1,0.93903188925521064,0.94745742860818394,0.34383006116654424,3,0,1,0,-1.1471243124675088,-0.73429885226931346,-2.082719698702562,1.0121487164393967,-2.2330270340224652,0.42176403079790142,0.083329614395185519,-0.038103712565319879,0,0.0014244378529091543,-0.15170263133482492,0,0.15929192374175152,12.464593032792056,14.905881096105464,2.8657758494447925,-0.26553907499507046,-0.43624276606333007,1.2979899002407008e-15,11.210585011263015,15.236485241494677,3.1097516064145228,-0.32219419940205002,-0.33722908084010356,-0.004999776863709799,11.212871234016935,15.236485241494677,3.109726678752097,-0.32082887572003665,-0.33722908084010356,1,1.8307835762794629,1.7616246212198707,1,1,1
1785822568.003021,7,1,0.93903188925521064,0.94745742860818394,0.34383006116654424,3,0,1,0,-1.145451267208444,-0.73517832825939766,-2.082719698702562,1.0121639043679898,-2.2360005456672991,0.42176450542066996,0.086890709027458407,-0.051635872167956842,0,0.00035610946322728857,-0.15205874079805221,0,-0.11946894280631364,10.592912928826475,15.367482575210666,2.4041743703395908,-0.30347322856579484,-0.43624276606333007,8.0675144841467483e-16,11.251564817329681,15.222783023526192,3.1042382577435248,-0.32545157246465956,-0.3371972279972581,-0.005213442541646727,11.254662969659758,15.222783023526192,3.1042320258279181,-0.32408304379747693,-0.3371972279972581,1,1.8307835762794629,1.7616246212198707,1,1,1
1785822568.023021,7,1,0.93903188925521064,0.94745742860818394,0.34383006116654424,3,0,1,0,-1.1435589462303191,-0.7364593351116574,-2.0827178002114879,1.0121738714461288,-2.2394515278172733,0.42176403079790142,0.088671256343594851,-0.065524141233821095,0.00035610946322728857,0.00071221892645457715,-0.17271308966523496,0,0.63716769496700609,11.508841490341547,15.098215045732632,3.2312103537364103,-0.26553907499507046,-0.36669681785033542,1.233818684156715e-15,11.307884267249959,15.206126058139001,3.0976173481237566,-0.32837221121164073,-0.33713082228269481,-0.0053202753806144698,11.311815715723988,15.206111813760472,3.0976048842925437,-0.32681779340465339,-0.33713082228269481,1,1.8307835762794629,1.7616246212198707,1,1,1
1785822568.043021,7,1,0.93903188925521064,0.94745742860818394,0.34383006116654424,3,0,1,0,-1.1419243454155052,-0.73775125828759325,-2.0827054600195058,1.0121833639014994,-2.2427145593509104,0.42176403079790142,0.091164022586185875,-0.073714658888048734,0.0014244378529091543,0.00035610946322728857,-0.1780547316136443,0.00035610946322728857,0,11.668133414083298,14.905881096105464,3.0388764041092431,-0.36669681785033542,-0.063223589284540582,9.3338965029277077e-16,11.36385768942734,15.19010194121428,3.0912616354070903,-0.33083703188313907,-0.33705792047287592,-0.0054698413551702643,11.368280568960623,15.190044963700164,3.0912554034914836,-0.32923453929861629,-0.33706112545804495,1,1.8307835762794629,1.7616246212198707,1,1,1
1785822568.0630209,7,1,0.93903188925521064,0.94745742860818394,0.34383006116654424,3,0,1,0,-1.1401696650402537,-0.73927574662010831,-2.082695492941367,1.0121909578657957,-2.246175983201792,0.42176403079790142,0.089027365806822148,-0.082261286005503656,0.00035610946322728857,0,-0.17591807483428054,0,0.31858384748350305,11.230080623793482,15.732917079502283,3.2312103537364103,-0.36669681785033542,-0.40463097142105975,1.5585643398704357e-15,11.428379000204263,15.1726481527595,3.0843766797540764,-0.33296188228600726,-0.33696350178647189,-0.0053416419484077745,11.433314677364594,15.172633908380972,3.0843766797540764,-0.33137861961249893,-0.33696350178647189,1,1.8307835762794629,1.7616246212198707,1,1,1
1785822568.0830209,7,1,0.93903188925521064,0.94745742860818394,0.34383006116654424,3,0,1,0,-1.1382773440621288,-0.74122834468983645,-2.0826978660552093,1.0121928563568698,-2.2496843947067582,0.42176355617513289,0.084397942784867397,-0.097930102387504353,0,0,-0.14992208401868848,0,-0.11946894280631364,11.986717261566801,15.463649550024249,2.7696088746312086,-0.40463097142105975,-0.3350850232080651,1.2958384365546749e-15,11.507420607578091,15.15376335981486,3.0770742592865536,-0.33382011003477174,-0.33682369408262858,-0.0050638765670907113,11.51329641372134,15.15376335981486,3.0770742592865536,-0.33247081127860356,-0.33682369408262858,1,1.8307835762794629,1.7616246212198707,1,1,1
1785822568.1030209,7,1,0.93903188925521064,0.94745742860818394,0.34383006116654424,3,0,1,0,-1.1366959009973903,-0.74325450928868664,-2.0826997645462835,1.0121938056024069,-2.2524462245968282,0.42176355617513289,0.076207425130639758,-0.1089694957475503,0,0,-0.13710214334250609,0,0,11.668133414083298,15.098215045732632,3.5966448580280281,-0.36669681785033542,-0.23392728035280017,3.2461860077163257e-15,11.586074129163503,15.137391967449892,3.0709446427890881,-0.33287857944656002,-0.33666001103114618,-0.0045724455078351659,11.592612298908357,15.137391967449892,3.0709446427890881,-0.33164466015647753,-0.33666001103114618,1,1.8307835762794629,1.7616246212198707,1,1,1
1785822568.1230209,7,1,0.93903188925521064,0.94745742860818394,0.34383006116654424,3,0,1,0,-1.1353204442141931,-0.74541973835871589,-2.0826992899235153,1.0121942802251755,-2.254857782883724,0.42176308155236436,0.065168031770593812,-0.11537946608564149,0,0,-0.11502335662241421,-0.00035610946322728857,0.15929192374175152,11.82742533782505,14.828947516254598,3.2312103537364103,-0.30347322856579484,-0.43624276606333007,1.2408016237738795e-15,11.668042643233278,15.121837403647032,3.065279169010056,-0.33074300446578142,-0.33647282225796027,-0.0039100819062344071,11.674965411198416,15.121837403647032,3.065279169010056,-0.3297077942561798,-0.33646961727279123,1,1.8307835762794629,1.7616246212198707,1,1,1
1785822568.1430209,7,1,0.93903188925521064,0.94745742860818394,0.34383006116654424,3,0,1,0,-1.1341120546455183,-0.74780281927949988,-2.0827007137918208,1.0121938056024069,-2.2571169872619219,0.42176403079790142,0.053416419484093286,-0.1182283417914598,0,-0.00035610946322728857,-0.1093256052107776,-0.00035610946322728857,0.31858384748350305,11.82742533782505,15.194382020546215,3.4043109084008609,-0.43624276606333007,-0.3350850232080651,2.3209007686628841e-15,11.756696669646741,15.106116431382612,3.0596882821642009,-0.32758256994091595,-0.33625739876915983,-0.0032049851690432655,11.763790370154229,15.106116431382612,3.0596945140798075,-0.32659863949401885,-0.3362541937839908,1,1.8307835762794629,1.7616246212198707,1,1,1
1785822568.1630208,7,1,0.93903188925521064,0.94745742860818394,0.34383006116654424,3,0,1,0,-1.1332249846911377,-0.75009192489211507,-2.0827116301154969,1.0121923817341014,-2.2591317609143271,0.42176403079790142,0.040952588271138186,-0.11680390393855065,-0.00035610946322728857,0,-0.094725117218458763,0,0,11.230080623793482,15.290548995359799,3.3273773285499941,-0.40463097142105975,-0.3350850232080651,2.0047508032979e-15,11.841169881883911,15.091545772903638,3.0545650942742575,-0.32426493469368362,-0.33604668204419536,-0.0024571552962662927,11.848178116120224,15.091560017282166,3.0545650942742575,-0.32341240863871756,-0.33604668204419536,1,1.8307835762794629,1.7616246212198707,1,1,1
1785822568.1830208,7,1,0.93903188925521064,0.94745742860818394,0.34383006116654424,3,0,1,0,-1.1324878955316122,-0.75246408948922283,-2.0827106808699596,1.0121923817341014,-2.2607625647469929,0.42176355617513289,0.032762070616910548,-0.11573557554886878,0,0,-0.064811922307366515,0,-0.11946894280631364,11.668133414083298,15.098215045732632,2.9619428242583763,-0.30347322856579484,-0.3350850232080651,-1.3455965400081815e-15,11.926966464354294,15.078021864907686,3.050007415161498,-0.31982865299034108,-0.33581657208530052,-0.0019657242370159649,11.933910598887225,15.078021864907686,3.050007415161498,-0.31924534568957486,-0.33581657208530052,1,1.8307835762794629,1.7616246212198707,1,1,1
1785822568.2030208,7,1,0.93903188925521064,0.94745742860818394,0.34383006116654424,3,0,1,0,-1.1319026856580161,-0.75476078906613453,-2.0827102062471914,1.0121919071113328,-2.2618129049337474,0.42176308155236436,0.02706431920527393,-0.11751612286500522,0,0,-0.047006449146002091,0,-0.11946894280631364,12.305301109050305,15.002048070919047,3.2312103537364103,-0.43624276606333007,-0.36669681785033542,1.5870653044796484e-15,12.007985172057548,15.06680972416153,3.0464812671390589,-0.31442448548077934,-0.33558164067257873,-0.0016238591523148815,12.015036139429448,15.06680972416153,3.0464812671390589,-0.31400142743846537,-0.33558164067257873,1,1.8307835762794629,1.7616246212198707,1,1,1
1785822568.223021,7,1,0.93903188925521064,0.94745742860818394,0.34383006116654424,3,0,1,0,-1.1314209435479592,-0.75715241319675208,-2.0827111554927282,1.0121904832430273,-2.2626686497854052,0.42176308155236436,0.020298239403955448,-0.11573557554886878,-0.00035610946322728857,0,-0.038459822028547162,0.00035610946322728857,0.63716769496700609,12.464593032792056,14.905881096105464,2.6734418998176253,-0.40463097142105975,-0.3350850232080651,1.4093340752231731e-15,12.091385827308777,15.055936731738413,3.043199966562693,-0.30830400939658348,-0.33533047705128022,-0.0012178943642358836,12.098329961841708,15.055950976116941,3.043199966562693,-0.30795787099832672,-0.33533368203644925,1,1.8307835762794629,1.7616246212198707,1,1,1
1785822568.243021,7,1,0.93903188925521064,0.94745742860818394,0.34383006116654424,3,0,1,0,-1.1310687734537106,-0.75933425406367971,-2.082719698702562,1.012185737015342,-2.2633506827037815,0.42176260692959583,0.01495659745554612,-0.10861338628432302,-0.0010683283896818657,-0.00035610946322728857,-0.032762070616910548,0,0,13.101760727759062,15.559816524837833,3.4043109084008609,-0.30347322856579484,-0.43624276606333007,2.3889378431181385e-16,12.167009470361039,15.046335259659015,3.04036343520941,-0.30254599955851985,-0.33509801773929726,-0.00089739584733254511,12.173526273538098,15.046377992794602,3.0403696671250167,-0.30225114092296762,-0.33509801773929726,1,1.8307835762794629,1.7616246212198707,1,1,1
1785822568.263021,7,1,0.93903188925521064,0.94745742860818394,0.34383006116654424,3,0,1,0,-1.1308357336743629,-0.76137940357327116,-2.0827500745597476,1.0121781430510455,-2.2638314755683013,0.42176355617513289,0.0089027365806822138,-0.10006675916686809,-0.0017805473161364429,-0.00035610946322728857,-0.016737144771682564,0,-0.11946894280631364,11.508841490341547,14.828947516254598,3.2312103537364103,-0.36669681785033542,-0.3350850232080651,1.383895981751232e-15,12.237165855260431,15.03793435499815,3.0379780415211508,-0.29689359324262488,-0.33487750864619981,-0.00053416419483960057,12.243169860810443,15.038005576890795,3.0379842734367575,-0.29674295893967995,-0.33487750864619981,1,1.8307835762794629,1.7616246212198707,1,1,1
1785822568.283021,7,1,0.93903188925521064,0.94745742860818394,0.34383006116654424,3,0,1,0,-1.1307346390246662,-0.76341268751364921,-2.0827828235307764,1.0121748206916659,-2.2639567759791928,0.42176403079790142,0.0021366567793637313,-0.089027365806822148,0,0,0.0010683283896818657,0,-0.11946894280631364,12.146009185308552,15.559816524837833,2.6734418998176253,-0.43624276606333007,-0.43624276606333007,2.7795826621282438e-15,12.305536074601257,15.030832645023224,3.0362057610586981,-0.29052452604865964,-0.33465105480179208,-0.00012819940675904833,12.310877716549665,15.030832645023224,3.0362057610586981,-0.29053414100416691,-0.33465105480179208,1,1.8307835762794629,1.7616246212198707,1,1,1
1785822568.303021,7,1,0.93903188925521064,0.94745742860818394,0.34383006116654424,3,0,1,0,-1.1307232480782217,-0.76507813880841735,-2.0827847220218505,1.0121700744639806,-2.2639472835238221,0.42176355617513289,0,-0.081905176542276373,-0.00035610946322728857,0,0.0014244378529091543,-0.00035610946322728857,-0.11946894280631364,12.623884956533807,15.194382020546215,2.9619428242583763,-0.26553907499507046,-0.26553907499507046,-6.4626580996429706e-16,12.361164132635867,15.025304007112249,3.0349163225477711,-0.28498857883919726,-0.33445912172126291,-6.6613381477509392e-16,12.366078443228403,15.025318251490777,3.0349163225477711,-0.28500139877987346,-0.33445591673609387,1,1.8307835762794629,1.7616246212198707,1,1,1
1785822568.3230209,7,1,0.93903188925521064,0.94745742860818394,0.34383006116654424,3,0,1,0,-1.1307237227009901,-0.76654567240870897,-2.0828146232562674,1.012162480499684,-2.2639097883251087,0.42176450542066996,0,-0.069085235866093983,-0.003204985169045597,-0.00035610946322728857,0.003204985169045597,0.00035610946322728857,-0.27876086654806514,11.349549566599794,15.655983499651416,2.7696088746312086,-0.20231548571052987,-0.36669681785033542,6.2631648999056377e-16,12.409938310670157,15.020604426140746,3.0338420930792815,-0.28014708069600952,-0.33429123792366922,6.6613381477509392e-16,12.414083424822122,15.020732625547508,3.0338483249948882,-0.28017592556253079,-0.33429444290883825,1,1.8307835762794629,1.7616246212198707,1,1,1
1785822568.3430209,7,1,0.93903188925521064,0.94745742860818394,0.34383006116654424,3,0,1,0,-1.1307246719465271,-0.76775406197738372,-2.0829608070689747,1.0121510895532393,-2.2638124906575601,0.42176498004343849,0,-0.049855324851820398,-0.010683283896818658,-0.00035610946322728857,0.0060538608748639056,0,-0.11946894280631364,11.82742533782505,15.194382020546215,3.2312103537364103,-0.3350850232080651,-0.3350850232080651,3.6305526185213821e-16,12.449386682686965,15.017375598552739,3.0331585219204706,-0.27643036670688254,-0.33416428725638819,3.3306690738754696e-16,12.452378002178074,15.017802929908612,3.0331647538360773,-0.27648485145475638,-0.33416428725638819,1,1.8307835762794629,1.7616246212198707,1,1,1
1785822568.3630209,7,1,0.93903188925521064,0.94745742860818394,0.34383006116654424,3,0,1,0,-1.1307265704376013,-0.76850491519719655,-2.083259819413148,1.0121401732295632,-2.2636757993002239,0.42176545466620702,-0.00035610946322728857,-0.029200975984637664,-0.019229911014273581,-0.00071221892645457715,0.0089027365806822138,0,0.31858384748350305,11.82742533782505,15.098215045732632,2.7696088746312086,-0.26553907499507046,-0.43624276606333007,1.4186988714880167e-15,12.47284637018344,15.016356324455018,3.0330245210639508,-0.27465549100627679,-0.33410712526014003,2.1366567795080604e-05,12.474598428742519,15.017125520895588,3.0330369848951637,-0.27473561563550275,-0.33410712526014003,1,1.8307835762794629,1.7616246212198707,1,1,1
1785822568.3830209,7,1,0.93903188925521064,0.94745742860818394,0.34383006116654424,3,0,1,0,-1.1307303674197495,-0.76884474509946332,-2.083780480590224,1.0121240360554331,-2.2633397663801054,0.42176735315728114,-0.00035610946322728857,-0.0046294230219547511,-0.031337632764001394,-0.0010683283896818657,0.025995990815592066,0.00071221892645457715,0.15929192374175152,11.668133414083298,15.367482575210666,3.0388764041092431,-0.26553907499507046,-0.20231548571052987,4.8238865159311306e-16,12.481032839752405,15.018233958958515,3.0337289516296559,-0.27456439052960202,-0.33411832526057622,2.1366567794081404e-05,12.481310605133723,15.019487464269075,3.0337476473764755,-0.27479835444694212,-0.33412473523091429,1,1.8307835762794629,1.7616246212198707,1,1,1
1785822568.4030209,7,1,0.93903188925521064,0.94745742860818394,0.34383006116654424,3,0,1,0,-1.1307332151563607,-0.76876453385158194,-2.0845901870333345,1.0121064750129976,-2.2624579172761785,0.42176925164835521,0,0.0071221892645457717,-0.048074777535683955,-0.00071221892645457715,0.063031374991230071,0.00035610946322728857,-0.11946894280631364,11.668133414083298,15.367482575210666,2.5772749250040414,-0.3350850232080651,-0.43624276606333007,6.2544574012078635e-16,12.472127001580366,15.024544168141855,3.0359274708541633,-0.27566415200746319,-0.33420045527386011,6.6613381477509392e-16,12.471699670224494,15.026467159243282,3.0359399346853762,-0.27623143438238407,-0.33420366025902914,1,1.8307835762794629,1.7616246212198707,1,1,1
1785822568.4230208,7,1,0.93903188925521064,0.94745742860818394,0.34383006116654424,3,0,1,0,-1.1307427076117313,-0.76854952973743829,-2.0857838632961849,1.0120927109527103,-2.2605717663940443,0.42177162476219787,-0.00035610946322728857,0.013888269065864253,-0.073714658888048734,-0.00071221892645457715,0.1335410487102332,0.00035610946322728857,0,12.623884956533807,15.194382020546215,3.4043109084008609,-0.43624276606333007,-0.23392728035280017,1.858596962315065e-15,12.453609114330183,15.036317058563467,3.040249309130536,-0.27633695125944968,-0.33432284026595604,2.1366567795524694e-05,12.452775818186231,15.03926564491899,3.0402617729617489,-0.27753882069784169,-0.33432604525112508,1,1.8307835762794629,1.7616246212198707,1,1,1
1785822568.4430208,7,1,0.93903188925521064,0.94745742860818394,0.34383006116654424,3,0,1,0,-1.1307450807255739,-0.76826428145355241,-2.0874616547829348,1.0120879647250249,-2.2569897883599559,0.42177304863050347,-0.00035610946322728857,0.013532159602636965,-0.087959037417140271,-0.00035610946322728857,0.20511905081891821,0,-0.59734471403156819,12.146009185308552,15.194382020546215,3.5004778832144443,-0.40463097142105975,-0.43624276606333007,4.7868203541592824e-16,12.424707935627627,15.05621294771171,3.0478837603783773,-0.27522461262250103,-0.33447617748002856,2.1366567794081404e-05,12.423896006051468,15.059731309208397,3.0478899922939839,-0.27707068407987112,-0.33447617748002856,1,1.8307835762794629,1.7616246212198707,1,1,1
1785822568.463021,7,1,0.93903188925521064,0.94745742860818394,0.34383006116654424,3,0,1,0,-1.13075599704925,-0.76796242137276793,-2.0894114051160519,1.0120689798142839,-2.2526337005903971,0.42178016797203138,-0.00071221892645457715,0.018161582624591718,-0.11110615252691403,-0.0014244378529091543,0.27349206775855761,0.00071221892645457715,-0.11946894280631364,12.623884956533807,15.194382020546215,3.1350433789228265,-0.53740050891859503,-0.16438133213980552,1.7475780479843384e-15,12.391416627866789,15.079920103550403,3.0569971439420236,-0.27346499787040929,-0.334643115337523,4.2733135589050986e-05,12.390326932909314,15.08436434965148,3.0570220716044494,-0.27592642648023613,-0.33464952530786107,1,1.8307835762794629,1.7616246212198707,1,1,1
1785822568.483021,7,1,0.93903188925521064,0.94745742860818394,0.34383006116654424,3,0,1,0,-1.1307730834689171,-0.76753431163555486,-2.0919914544857754,1.0120471471669314,-2.2455879255915847,0.42178538882248523,-0.0010683283896818657,0.022434896183319179,-0.13282882978377863,-0.0010683283896818657,0.38424211082224435,0,0.31858384748350305,12.305301109050305,15.290548995359799,3.0388764041092431,-0.60694645713158968,-0.3350850232080651,-5.4692578591031271e-16,12.341655675694728,15.116094154196359,3.0711380560645041,-0.26853318372378732,-0.33484031867679925,6.4099703380356832e-05,12.340309581923728,15.12140730738771,3.0711567518113236,-0.27199136272118762,-0.33484031867679925,1,1.8307835762794629,1.7616246212198707,1,1,1
1785822568.503021,7,1,0.93903188925521064,0.94745742860818394,0.34383006116654424,3,0,1,0,-1.1307839997925933,-0.76706158735809993,-2.0944533227861353,1.0120162966869772,-2.2376256540267425,0.42179013505017049,-0.00071221892645457715,0.028488757058183087,-0.13674603387927881,-0.0024927662425910197,0.47825500911424856,0,-0.27876086654806514,12.305301109050305,15.290548995359799,2.7696088746312086,-0.67649240534458421,-0.23392728035280017,4.1218317279288763e-16,12.287398976229072,15.155415329979807,3.0865881262491555,-0.26146800343986315,-0.33500688668346601,4.2733135587718718e-05,12.285689650805582,15.160885171334979,3.0866317496584008,-0.26577229852189155,-0.33500688668346601,1,1.8307835762794629,1.7616246212198707,1,1,1
1785822568.523021,2,1,0.93903188925521064,0.94745742860818394,0.34383006116654424,3,0,1,0,-1.1307977638528806,-0.76634728009146391,-2.0975644750338427,1.0119674105418186,-2.2257838159519445,0.42179203354124462,-0.00071221892645457715,0.036323165249183435,-0.15063430294514307,-0.0010683283896818657,0.60075666446443576,0.00035610946322728857,0.63716769496700609,11.508841490341547,15.559816524837833,3.2312103537364103,-0.63855825177385994,-0.36669681785033542,3.4019214853985014e-16,12.208222544175582,15.212141756280378,3.1088317035632111,-0.24924111569726842,-0.33518993599473268,4.2733135587607696e-05,12.20604315426063,15.218167128398184,3.1088503993100307,-0.25616125460631956,-0.33519314097990172,1,1.8307835762794629,1.7616246212198707,1,1,1
1785822568.543021,2,1,0.93903188925521064,0.94745742860818394,0.34383006116654424,3,0,1,0,-1.1308039339488716,-0.76563724442974457,-2.100464894772323,1.0119583927092166,-2.2137891493456805,0.42179203354124462,-0.00035610946322728857,0.041308697734365477,-0.16060536791550714,-0.00035610946322728857,0.6986867668519402,0,0,12.146009185308552,15.098215045732632,3.1350433789228265,-0.70810419998685459,-0.10115774285526494,3.3197287963287331e-15,12.129330845052003,15.268738487346976,3.1308116518246534,-0.23599167725135509,-0.33534988308701497,2.1366567796967984e-05,12.126852323187942,15.275162702063596,3.13081788374026,-0.439653391856903,-0.33534988308701497,1,1.8307835762794629,1.7616246212198707,1,1,1
1785822568.5630209,2,1,0.93903188925521064,0.94745742860818394,0.34383006116654424,3,0,1,0,-1.1308072563082512,-0.76461917859124984,-2.1042438412553506,1.0119479510083089,-2.1973562852309017,0.42179203354124462,0,0.052348091094411422,-0.17912306000332615,0,0.81264179508467249,0,-0.27876086654806514,11.82742533782505,15.732917079502283,2.8657758494447925,-0.91041968569738441,-0.5753346624893193,7.583689264675092e-16,12.02033082143576,15.345854191231487,3.1601767969649317,-0.21747253009069439,-0.33554743041396945,7.7715611723760958e-16,12.017189935970094,15.353019113631619,3.1601767969649317,-0.64989622525303736,-0.33554743041396945,1,1.8307835762794629,1.7616246212198707,1,1,1
1785822568.5830209,2,1,0.93903188925521064,0.94745742860818394,0.34383006116654424,3,0,1,0,-1.1308124771587049,-0.76345255582620564,-2.1076388179186383,1.0119370346846328,-2.1806096954661256,0.42179250816401315,0,0.066948579086730256,-0.17627418429750785,-0.0010683283896818657,0.89810806625922179,0,0,11.986717261566801,16.117584978756618,4.250580286760397,-0.97996563391037905,-0.26553907499507046,1.6420953409968658e-15,11.906337669597724,15.423531978333877,3.1890947201005648,-0.19764079475824042,-0.33570715428765224,1.6653345369377348e-15,11.90232075485252,15.430582945705776,3.1891134158473844,-0.80193989987301673,-0.33570715428765224,1,1.8307835762794629,1.7616246212198707,1,1,1
1785822568.6030209,2,1,0.93903188925521064,0.94745742860818394,0.34383006116654424,3,0,1,0,-1.130814375649779,-0.76190765871464383,-2.1111970648143004,1.0119322884569475,-2.1613570974835161,0.42179155891847608,0,0.080124629226139929,-0.17449363698137141,0,0.97039828729436139,0,-0.11946894280631364,10.752204852568227,15.002048070919047,3.2312103537364103,-1.1822811196209089,-0.43624276606333007,6.1829000578238202e-16,11.769478507390858,15.512528792739957,3.2212814344445668,-0.17452707352953675,-0.33587039810554936,6.6613381477509392e-16,11.76467102963729,15.519508538219212,3.2212814344445668,-0.92405723270390838,-0.33587039810554936,1,1.8307835762794629,1.7616246212198707,1,1,1
1785822568.6230209,2,1,0.93903188925521064,0.94745742860818394,0.34383006116654424,3,0,1,0,-1.1308148502725477,-0.76027590563644121,-2.1146347575267557,1.0119318138341791,-2.1418890207639949,0.42179155891847608,-0.00035610946322728857,0.087602927953912987,-0.18161582624591716,0,1.0266635824842729,0,-0.27876086654806514,11.508841490341547,16.117584978756618,3.0388764041092431,-1.1822811196209089,-0.43624276606333007,1.8471891225814441e-15,11.629095525058164,15.602384420245889,3.2527059362006465,-0.15102547389669513,-0.3360196416512245,2.1366567795524694e-05,11.623839349380928,15.609649053295724,3.2527059362006465,-1.013592611107599,-0.3360196416512245,1,1.8307835762794629,1.7616246212198707,1,1,1
1785822568.6430209,2,1,0.93903188925521064,0.94745742860818394,0.34383006116654424,3,0,1,0,-1.1308148502725477,-0.75846047354681789,-2.1182490099091038,1.0119322884569475,-2.121371553103256,0.42179108429570755,0,0.097217883461049773,-0.18197193570914447,0,1.0740261410935024,0.00035610946322728857,-0.11946894280631364,11.668133414083298,15.655983499651416,3.2312103537364103,-1.1506693249786386,-0.36669681785033542,1.6903118444863696e-15,11.477831883442652,15.697435239034441,3.2847153730050054,-0.12676581320430977,-0.33617860850536979,1.6653345369377348e-15,11.471998810434989,15.704714116462807,3.2847153730050054,-1.084484330661156,-0.33618181349053883,1,1.8307835762794629,1.7616246212198707,1,1,1
1785822568.6630208,2,1,0.93903188925521064,0.94745742860818394,0.34383006116654424,3,0,1,0,-1.1308148502725477,-0.75648461896143182,-2.1216330702487154,1.0119327630797161,-2.1001568645955477,0.42179108429570755,-0.00035610946322728857,0.10362785379914097,-0.17271308966523496,0,1.1060759927839583,0,0,11.230080623793482,15.732917079502283,3.3273773285499941,-1.3529848106891684,-0.43624276606333007,5.0709490859862649e-16,11.318980514624821,15.795148364585256,3.3163511955453062,-0.10100503451972961,-0.33630870891550835,2.1366567794192426e-05,11.312762843396872,15.802056888171865,3.3163511955453062,-1.1231117040227017,-0.33630870891550835,1,1.8307835762794629,1.7616246212198707,1,1,1
1785822568.6830208,2,1,0.93903188925521064,0.94745742860818394,0.34383006116654424,3,0,1,0,-1.1308157995180848,-0.75423490703860452,-2.1252406779123039,1.011930864588642,-2.0758196328936878,0.42179108429570755,0,0.1029156348726864,-0.16345424362132546,0.00035610946322728857,1.1327842025260049,0,0.47787577122525454,11.349549566599794,15.829084054315867,3.1350433789228265,-1.2518270678339036,-0.50578871427632466,1.3658270749204032e-15,11.137775954088323,15.906653241422971,3.3508162194397224,-0.070677294120181505,-0.33641872329353223,1.3322676295501878e-15,11.131601015995962,15.913191411167825,3.3508099875241157,-1.1464407569949251,-0.33641872329353223,1,1.8307835762794629,1.7616246212198707,1,1,1
1785822568.7030208,2,1,0.93903188925521064,0.94745742860818394,0.34383006116654424,3,0,1,0,-1.1308172233863902,-0.75222582885942135,-2.1283869522448824,1.0119341869480216,-2.053584980056411,0.42179060967293902,0,0.10398396326236826,-0.15490761650387053,0,1.1587801933415971,0,0.31858384748350305,11.230080623793482,16.194518558607484,3.4043109084008609,-1.2518270678339036,-0.13276953749753523,1.5809937723137296e-15,10.97387895996162,16.008188795181329,3.3806436172380421,-0.042488725298748593,-0.3364927635632024,1.5543122344752192e-15,10.967639922165878,16.014385099841483,3.3806436172380421,-1.1704781337220171,-0.3364927635632024,1,1.8307835762794629,1.7616246212198707,1,1,1
1785822568.723021,2,1,0.93903188925521064,0.94745742860818394,0.34383006116654424,3,0,1,0,-1.1308162741408532,-0.7501759331221447,-2.1312446559341955,1.0119303899658734,-2.0308932654930407,0.42179108429570755,-0.00035610946322728857,0.10754505789464115,-0.13389715817346051,0,1.1740929002603704,-0.00035610946322728857,-0.11946894280631364,10.11503715760122,15.732917079502283,3.2312103537364103,-1.0495115821233738,-0.43624276606333007,4.6757573941152986e-16,10.807253237067529,16.111133991829156,3.4093172506137188,-0.012666266698081928,-0.33652509695388511,2.1366567794081404e-05,10.800800533593851,16.116489878156095,3.4093172506137188,-1.1714189033211662,-0.33652189196871607,1,1.8307835762794629,1.7616246212198707,1,1,1
1785822568.743021,2,1,0.93903188925521064,0.94745742860818394,0.34383006116654424,3,0,1,0,-1.1308186472546959,-0.74810515398305277,-2.1335921401473397,1.0119299153431049,-2.0077729665696888,0.42179108429570755,0,0.10754505789464115,-0.11110615252691403,0.00035610946322728857,1.1918983734217348,0.00035610946322728857,0,10.911496776309978,15.92525102912945,3.692811832841612,-1.3213730160468982,-0.47417691963405439,8.5535419892812659e-16,10.639139209218303,16.214882195929562,3.436563719546077,0.019629734983162644,-0.33649612723855504,8.8817841970012523e-16,10.632686505744624,16.219326442030638,3.4365574876304703,-1.1748940972211026,-0.33649933222372408,1,1.8307835762794629,1.7616246212198707,1,1,1
1785822568.763021,10,1,0.93903188925521064,0.94745742860818394,0.34383006116654424,3,0,1,1,-1.1308233934823813,-0.74578994411816846,-2.1357939151705456,1.0119280168520308,-1.9831879817826565,0.42179250816401315,-0.00035610946322728857,0.1089694957475503,-0.093300679365549602,-0.00035610946322728857,1.209347737119872,0,0.31858384748350305,10.752204852568227,16.290685533421069,3.7889788076551953,-1.4857543481867037,-0.40463097142105975,8.5162047769662963e-16,10.45698717280033,16.325048657276163,3.4636438871886943,0.054428065505997388,-0.33644217314507402,0.00019788005765154927,10.498466484966732,16.288215691919589,3.4453691970301099,-1.4468106219282577,-0.3364769476246498,1,1.8307835762794629,1.7616246212198707,1,1,1
1785822568.783021,10,1,0.93903188925521064,0.94745742860818394,0.34383006116654424,3,0,1,1,-1.1308248173506867,-0.74375760942332736,-2.1372742635855877,1.0119256437381881,-1.9595873646175532,0.42179203354124462,-0.00035610946322728857,0.11110615252691403,-0.072646330498366871,0,1.2207432399431453,0,0,9.7964533101177178,16.194518558607484,3.4043109084008609,-1.8587735249654933,-0.3350850232080651,6.412920324980198e-16,10.28942880884698,16.429283527820736,3.487389216291306,0.09065841728290798,-0.33630791703487156,0.0010889514009174229,10.212380333784406,16.403278955865098,3.4459012872806873,-1.8468106219282581,-0.33647542555969812,1,1.8307835762794629,1.7616246212198707,1,1,1
1785822568.803021,10,1,0.93903188925521064,0.94745742860818394,0.34383006116654424,3,0,1,1,-1.1308267158417609,-0.7413536451007281,-2.1387095228376194,1.0119232706243455,-1.9332363085088247,0.42179298278678168,-0.00035610946322728857,0.11146226199014132,-0.060182499285411771,-0.00035610946322728857,1.2189626926270087,0.00035610946322728857,-0.59734471403156819,9.955745233859469,16.848453987339855,3.2312103537364103,-2.0610890106760231,-0.3350850232080651,7.1855837794655708e-16,10.097959368603972,16.545812079352441,3.5118389907661078,0.13121929390172546,-0.33614668929481645,0.0023287251305754669,9.8188968102270628,16.519678499540298,3.4475096138953134,-2.2468106219282582,-0.33695845893489917,1,1.8307835762794629,1.7616246212198707,1,1,1
1785822568.8230209,10,1,0.93903188925521064,0.94745742860818394,0.34383006116654424,3,0,1,1,-1.1308357336743629,-0.73917512659318019,-2.1396948397050854,1.0119185243966602,-1.9097078340045379,0.42179345740955021,0,0.11466724715918691,-0.047718668072456664,0,1.20827940873019,0,0.79645961870875759,8.6814098439254579,16.117584978756618,3.4043109084008609,-2.5732000838808018,-0.3350850232080651,2.1202623803808635e-15,9.9262055671250593,16.649574776354573,3.5316978103999217,0.16822872895020693,-0.33597481115231609,1.2013352534978593e-15,9.4086828285792414,16.57261916068164,3.447524156859914,-2.6468106219282586,-0.33647129528331099,1,1.8307835762794629,1.7616246212198707,1,1,1
# event,1785822568.9368305,RECOVERING,速度保护：零力拖拽速度超过管理器硬上限；保持力矩控制并增强阻尼，静止后切回位置保持
1785822568.9430208,10,1,0.93903188925521064,0.94745742860818394,0.34383006116654424,3,0,1,1,-1.130910249449022,-0.7238761362724172,-2.1411595255687659,1.0118862500484003,-1.776085387489502,0.4217963051461614,-0.0014244378529091543,0.14066323797477898,0,0.00035610946322728857,0.99675038757318069,0,-0.59734471403156819,9.1592856151507114,16.386852508234654,3.3273773285499941,-4.8113151445535385,-0.36669681785033542,7.821434472310429e-16,8.8572689419314994,17.239408606469606,3.6109252390282047,0.37939043152927576,-0.33485067468606922,0.017093254234911072,8.7957283223462071,16.260645377124053,3.4466140617419141,-5.0468106219282376,-0.33646998625781682,1,1.8307835762794629,1.7616246212198707,1,1,1
1785822568.963021,10,1,0.93903188925521064,0.94745742860818394,0.34383006116654424,3,0,1,1,-1.1309358790785224,-0.721135664406931,-2.1411628479281455,1.0118758083474926,-1.7572020460208082,0.42179725439169846,-0.00071221892645457715,0.14208767582768814,0,-0.00071221892645457715,0.93799232614067807,0.00035610946322728857,0,9.4778694626342155,16.386852508234654,3.7889788076551953,-5.1780119624038736,-0.40463097142105975,-1.2434138733832117e-15,8.6869027534534631,17.323525134295494,3.6177586657477705,0.40729110113768802,-0.33471888159418189,0.0085466271174561466,8.7757861924054783,16.260645377124053,3.4508873753006415,-5.4468106219282291,-0.33736025991588503,1,1.8307835762794629,1.7616246212198707,1,1,1
1785822568.983021,10,1,0.93903188925521064,0.94745742860818394,0.34383006116654424,3,0,1,1,-1.1309653056901714,-0.71813937086920754,-2.1411637971736823,1.0118539757001401,-1.738597308117241,0.42179772901446699,-0.0021366567793637313,0.14849764616577935,0,-0.0017805473161364429,0.87959037417140273,0,0.47787577122525454,8.522117920183705,16.194518558607484,3.5966448580280281,-5.6901230356086527,-0.36669681785033542,1.0221553150332324e-15,8.5091521278406557,17.406829313092299,3.6235132158454459,0.43353368038921869,-0.33461033983886118,0.025639881352365997,8.6860466076721998,16.260645377124053,3.4551606888593689,-5.8468106219282205,-0.33646998625781682,1,1.8307835762794629,1.7616246212198707,1,1,1
1785822569.003021,10,1,0.93903188925521064,0.94745742860818394,0.34383006116654424,3,0,1,1,-1.1309971054156627,-0.71527312397006104,-2.1411661702875251,1.011799868704528,-1.7220704686942936,0.42179867826000406,-0.0017805473161364429,0.14778542723932475,0,-0.0035610946322728858,0.82759839254021861,0,-0.27876086654806514,9.1592856151507114,16.194518558607484,3.4043109084008609,-5.9619844695321769,-0.36669681785033542,-5.725095690491816e-16,8.3443722609073241,17.481090059385242,3.6277494278740057,0.45594786580877283,-0.33452260226536362,0.021366567793638536,8.6960176726425651,16.260645377124053,3.4622828781239146,-6.246810621928212,-0.33646998625781682,1,1.8307835762794629,1.7616246212198707,1,1,1
1785822569.023021,10,1,0.93903188925521064,0.94745742860818394,0.34383006116654424,3,0,1,1,-1.1310497885429696,-0.71232808969133876,-2.1411675941558306,1.0117073172646647,-1.7065635936009149,0.4218001021283096,-0.0024927662425910197,0.15704427328323425,0,-0.0056977514116366172,0.76527923647544316,0.00035610946322728857,0,7.7256583014749483,16.117584978756618,3.7889788076551953,-6.2338459034557019,-0.40463097142105975,7.369796504834436e-16,8.1812054905499583,17.551083539758562,3.6309934901768384,0.47591982553828083,-0.33445125354464933,0.029913194911093458,8.5663938280278327,16.260645377124053,3.4708295052413698,-6.6468106219282035,-0.33736025991588503,1,1.8307835762794629,1.7616246212198707,1,1,1
1785822569.043021,10,1,0.93903188925521064,0.94745742860818394,0.34383006116654424,3,0,1,1,-1.1311100656345727,-0.70877174128675124,-2.1411699672696733,1.0115753721350138,-1.6908236787281887,0.4218001021283096,-0.0035610946322728858,0.16950810449618936,0,-0.0067660798013184824,0.69619400060934911,0,-0.59734471403156819,8.2035340727002026,16.386852508234654,3.7889788076551953,-6.7396346177320261,-0.26553907499507046,1.5257062377805469e-15,7.9967236372786861,17.622870926415619,3.6337175890478224,0.4939693100721424,-0.33441553797496087,0.042733135587275851,8.3919001910464619,16.260645377124053,3.4751028188000972,-7.046810621928195,-0.33646998625781682,1,1.8307835762794629,1.7616246212198707,1,1,1
1785822569.0630209,10,1,0.93903188925521064,0.94745742860818394,0.34383006116654424,3,0,1,1,-1.1311869545230744,-0.70538056160561169,-2.1411709165152106,1.0114287136995384,-1.6779623509465906,0.42180105137384666,-0.0042733135587274627,0.17876695054009886,-0.00035610946322728857,-0.0081905176542276369,0.62390377957420962,0,-0.11946894280631364,7.4468974349268828,16.117584978756618,3.2312103537364103,-6.9798842570132811,-0.3350850232080651,7.2025244384106568e-16,7.8298121241801493,17.682102014009686,3.63551794163733,0.50683955834172245,-0.33441516651597003,0.051279762704730773,8.2622763464317277,16.263494252829872,3.4808005702117337,-7.4468106219281864,-0.33646998625781682,1,1.8307835762794629,1.7616246212198707,1,1,1
1785822569.0830209,10,1,0.93903188925521064,0.94745742860818394,0.34383006116654424,3,0,1,1,-1.1312776074718633,-0.70194002115654519,-2.141170441892442,1.0112863268689796,-1.6665381809080981,0.42180105137384666,-0.0049855324851820395,0.17876695054009886,0.00035610946322728857,-0.0071221892645457717,0.5562429815610247,0.00035610946322728857,0.15929192374175152,8.2035340727002026,16.194518558607484,3.5004778832144443,-6.8407923605872911,-0.36669681785033542,1.2443015639119342e-15,7.6672721101417709,17.735154930079133,3.6368330380717304,0.5166299918240076,-0.3344436934886546,0.059826389822185695,8.2622763464317277,16.257796501418234,3.4765272566530063,-7.046810621928195,-0.33736025991588503,1,1.8307835762794629,1.7616246212198707,1,1,1
1785822569.1030209,10,1,0.93903188925521064,0.94745742860818394,0.34383006116654424,3,0,1,1,-1.1313829737264769,-0.69813449579847986,-2.1411737642518216,1.0111406176790412,-1.6557220026360915,0.42180105137384666,-0.0049855324851820395,0.18980634390014481,-0.00035610946322728857,-0.0071221892645457717,0.4981971390549767,0,-0.11946894280631364,8.0442421489584515,16.386852508234654,3.5004778832144443,-6.7080228230897561,-0.43624276606333007,-8.7963693946001287e-16,7.4950985540759465,17.785943381028982,3.6379014819854012,0.52380133784762706,-0.33450871927485754,0.059826389822185695,8.1077248393910857,16.263494252829872,3.4765272566530063,-6.6468106219282035,-0.33646998625781682,1,1.8307835762794629,1.7616246212198707,1,1,1
1785822569.1230209,10,1,0.93903188925521064,0.94745742860818394,0.34383006116654424,3,0,1,1,-1.1314778982801825,-0.69435080308776687,-2.1411927491625629,1.0109882637703433,-1.6464606885537856,0.42180152599661519,-0.0046294230219547511,0.19835297101759974,-0.0017805473161364429,-0.0089027365806822138,0.46044953595288413,0,-0.11946894280631364,7.8849502252166994,16.194518558607484,3.4043109084008609,-6.1326881606004369,-0.40463097142105975,1.7392635725740901e-16,7.3301021846520786,17.829939550952645,3.6386903662858332,0.52789707946367814,-0.33459713657553536,0.055553076263458234,7.988072059746715,16.274889755653145,3.483649445917552,-6.246810621928212,-0.33646998625781682,1,1.8307835762794629,1.7616246212198707,1,1,1
1785822569.1430209,10,1,0.93903188925521064,0.94745742860818394,0.34383006116654424,3,0,1,1,-1.1315609572646752,-0.6904337413790973,-2.1412179041692947,1.010794143058015,-1.6378310973763917,0.42180200061938372,-0.0039172040955001743,0.20333850350278176,-0.00035610946322728857,-0.010327174433591369,0.43480965460051935,0.00035610946322728857,-0.11946894280631364,8.0442421489584515,16.386852508234654,3.4043109084008609,-5.8924385213191828,-0.3350850232080651,-3.4447135898937886e-17,7.1632079034010276,17.871218731425607,3.639242742875465,0.53021348892142794,-0.33469488334356656,0.047006449146003312,8.1249516119597303,16.263494252829872,3.4893471973291885,-5.8468106219282205,-0.33736025991588503,1,1.8307835762794629,1.7616246212198707,1,1,1
1785822569.1630208,10,1,0.93903188925521064,0.94745742860818394,0.34383006116654424,3,0,1,1,-1.1316302521888804,-0.68596564263616555,-2.1412288204929708,1.0105535093143709,-1.6286751495486993,0.42180200061938372,-0.0024927662425910197,0.21117291169378211,0,-0.011395502823273234,0.40489645968942711,0.00035610946322728857,-0.27876086654806514,6.9690216637016285,16.483019483048235,3.5004778832144443,-5.4878075498981227,-0.23392728035280017,9.5815689367048651e-16,6.9756214600406468,17.91506876646736,3.6395896497117324,0.53155843347867648,-0.33480788462275352,0.029913194911093458,8.0309387136677266,16.260645377124053,3.4936205108879164,-5.4468106219282291,-0.33736025991588503,1,1.8307835762794629,1.7616246212198707,1,1,1
1785822569.1830208,10,1,0.93903188925521064,0.94745742860818394,0.34383006116654424,3,0,1,1,-1.1316777144657333,-0.681837848418269,-2.1412311936068136,1.0103460991645237,-1.6208652318925552,0.42180152599661519,-0.0021366567793637313,0.21402178739960043,-0.00035610946322728857,-0.0096149555071367906,0.39065208116033556,-0.00035610946322728857,0.31858384748350305,7.7256583014749483,16.386852508234654,3.1350433789228265,-5.0452424249063386,-0.47417691963405439,3.5568268707923678e-16,6.8049558430597195,17.95252046333583,3.6397401041005573,0.53154451221290622,-0.33492128963119944,0.025639881352365997,7.9967522051979074,16.263494252829872,3.4864983216233703,-5.0468106219282376,-0.33557971259974861,1,1.8307835762794629,1.7616246212198707,1,1,1
1785822569.2030208,10,1,0.93903188925521064,0.94745742860818394,0.34383006116654424,3,0,1,1,-1.1317090395684561,-0.67771290193698375,-2.1412535008769344,1.0101842528004552,-1.6134340632056969,0.42180105137384666,-0.0017805473161364429,0.2118851306202367,-0.0021366567793637313,-0.0074782987277730601,0.38068101618997147,0,0.15929192374175152,8.3628259964419538,16.290685533421069,3.5004778832144443,-4.8745387338380795,-0.031611794642270291,4.1101087919388768e-16,6.635864371060018,17.988071482084429,3.6397743110643042,0.53070995190687664,-0.33504707461306388,0.021366567793638536,8.0223920865502727,16.277738631358964,3.4779516945059155,-4.6468106219282461,-0.33646998625781682,1,1.8307835762794629,1.7616246212198707,1,1,1
1785822569.223021,10,1,0.93903188925521064,0.94745742860818394,0.34383006116654424,3,0,1,1,-1.1317346691979568,-0.67327707754231192,-2.141339882220807,1.0100584777667951,-1.6056113307348023,0.42180105137384666,-0.0010683283896818657,0.22221230505382805,-0.006409970338091194,-0.0053416419484093288,0.37711992155769858,0,-0.11946894280631364,7.5663663777331971,16.559953062899101,3.5966448580280281,-4.2992040713487603,-0.16438133213980552,1.8987090545652396e-16,6.4545668272328136,18.025285849201143,3.6396662713414112,0.5292347692262892,-0.33519379060724341,0.012819940676183609,7.8984659933471759,16.311925139828784,3.4694050673884607,-4.2468106219282546,-0.33646998625781682,1,1.8307835762794629,1.7616246212198707,1,1,1
1785822569.243021,10,1,0.93903188925521064,0.94745742860818394,0.34383006116654424,3,0,1,1,-1.131755552599772,-0.66891909128167892,-2.1415012539621068,1.0099768426506082,-1.5982617971641313,0.42180057675107813,-0.00035610946322728857,0.22612950914932825,-0.010327174433591369,-0.003204985169045597,0.3767638120944713,0,-0.11946894280631364,7.4468974349268828,16.290685533421069,3.1350433789228265,-3.9261848945699702,-0.36669681785033542,-8.5863052236810622e-16,6.2776966379693757,18.060127266439292,3.6394615454782344,0.52682706632178222,-0.33535184000210744,0.0042733135587286839,7.8514595442011732,16.343262772592784,3.4608584402710054,-3.8468106219282596,-0.33646998625781682,1,1.8307835762794629,1.7616246212198707,1,1,1
1785822569.263021,10,1,0.93903188925521064,0.94745742860818394,0.34383006116654424,3,0,1,1,-1.1317565018453091,-0.66456774973980526,-2.1416588287212583,1.0099469414161908,-1.5912036819733368,0.4218001021283096,0,0.22043175773769164,-0.003204985169045597,-0.00035610946322728857,0.3525483685950157,0,0.15929192374175152,7.8849502252166994,16.386852508234654,3.5004778832144443,-3.5215539231489106,-0.20231548571052987,1.059202842080241e-15,6.102199747008398,18.093351835730985,3.6391504775592027,0.52386993782541502,-0.33551890633245596,1.2212453270876722e-15,7.9198325611408134,16.286285258476418,3.4494629374477324,-3.4468106219282593,-0.33646998625781682,1,1.8307835762794629,1.7616246212198707,1,1,1
1785822569.283021,10,1,0.93903188925521064,0.94745742860818394,0.34383006116654424,3,0,1,1,-1.1317536541086979,-0.65987040819967402,-2.1416654734400176,1.0099488399072649,-1.5836823349604583,0.42179867826000406,0,0.21224124008346398,0.00035610946322728857,0,0.33901620899237872,0,-0.11946894280631364,7.8849502252166994,16.290685533421069,3.4043109084008609,-3.218080694583116,-0.30347322856579484,1.1953549180218973e-15,5.913182956939468,18.128275273847027,3.6385714926585155,0.52108132582090105,-0.33568995807322305,1.2212453270876722e-15,8.0181187729915457,16.257796501418234,3.4480384995948232,-3.0468106219282589,-0.33646998625781682,1,1.8307835762794629,1.7616246212198707,1,1,1
1785822569.303021,10,1,0.93903188925521064,0.94745742860818394,0.34383006116654424,3,0,1,1,-1.1317522302403924,-0.65582187598412189,-2.1416569302301842,1.0099526368894132,-1.5773399509046055,0.42179772901446699,0,0.20440683189246364,0.00071221892645457715,0,0.31337632764001394,0,0.31858384748350305,8.8407017676672091,16.194518558607484,3.2312103537364103,-2.6048118785230723,-0.53740050891859503,5.2804033931833083e-16,5.7507581801068994,18.157460323834648,3.6379052898320401,0.51845300538091688,-0.3358337105255732,1.2212453270876722e-15,8.1121316712835494,16.254947625712415,3.4480384995948232,-2.6468106219282586,-0.33646998625781682,1,1.8307835762794629,1.7616246212198707,1,1,1
1785822569.3230209,6,1,0.93903188925521064,0.94745742860818394,0.34383006116654424,3,0,1,1,-1.1317493825037812,-0.65208089932257651,-2.1416545571163415,1.0099554846260244,-1.5713653994943628,0.42179725439169846,0,0.18517692087819004,0,0.00035610946322728857,0.29592696394187679,0,-0.27876086654806514,7.8849502252166994,16.194518558607484,3.692811832841612,-2.5036541356678073,-0.23392728035280017,8.4729383340205466e-16,5.600089311864374,18.184648064941523,3.6370846928361638,0.51622574984071001,-0.33595978038894198,1.2212453270876722e-15,8.172536761698451,16.260645377124053,3.4466140617419141,-2.2468106219282582,-0.33646998625781682,1,1.8307835762794629,1.7616246212198707,1,1,1
1785822569.3430209,6,1,0.93903188925521064,0.94745742860818394,0.34383006116654424,3,0,1,1,-1.1317498571265496,-0.6483166661453732,-2.1416545571163415,1.0099554846260244,-1.565550321334346,0.42179677976892993,0,0.17983527892978071,0.00035610946322728857,0.00035610946322728857,0.27028708258951201,0,-0.11946894280631364,8.6814098439254579,16.194518558607484,3.3273773285499941,-1.9599312678207581,-0.23392728035280017,1.5072239788714581e-15,5.4492229644530177,18.210928516568899,3.6361593898507358,0.51359134702590126,-0.33608520642649481,1.2212453270876722e-15,8.2473197489761834,16.257796501418234,3.4466140617419141,-1.8468106219282578,-0.33646998625781682,1,1.8307835762794629,1.7616246212198707,1,1,1
1785822569.3630209,6,1,0.93903188925521064,0.94745742860818394,0.34383006116654424,3,0,1,1,-1.1317484332582441,-0.64490460306241848,-2.1416545571163415,1.0099583323626355,-1.5603237754073049,0.42179677976892993,0,0.16986421395941664,0,0.00035610946322728857,0.26102823654560253,0,0.63716769496700609,8.8407017676672091,16.194518558607484,3.4043109084008609,-1.5869120910419687,-0.43624276606333007,7.4260903145089568e-16,5.3125844215635825,18.234341216181008,3.6352025741031131,0.51111574531932369,-0.33619628424148523,1.2212453270876722e-15,8.386914658561281,16.260645377124053,3.4466140617419141,-1.4468106219282575,-0.33646998625781682,1,1.8307835762794629,1.7616246212198707,1,1,1
1785822569.3830209,6,1,0.93903188925521064,0.94745742860818394,0.34383006116654424,3,0,1,1,-1.1317479586354755,-0.64173554683695044,-2.1416555063618787,1.009958806985404,-1.5555082527978099,0.42179677976892993,0,0.15704427328323425,0,0,0.23859334036228333,0,-0.27876086654806514,7.8849502252166994,16.559953062899101,3.0388764041092431,-1.2138929142631794,-0.23392728035280017,1.4135285823779764e-17,5.1857772596807141,18.255735643889782,3.6342102338646831,0.50873874152506238,-0.3362962893358708,1.2212453270876722e-15,8.5663938280278327,16.260645377124053,3.4480384995948232,-1.0468106219282571,-0.33646998625781682,1,1.8307835762794629,1.7616246212198707,1,1,1
1785822569.4030209,6,1,0.93903188925521064,0.94745742860818394,0.34383006116654424,3,0,1,1,-1.1317460601444016,-0.63838043848621917,-2.1416602525895638,1.009958806985404,-1.5506851362240184,0.42179677976892993,0,0.15704427328323425,0,0,0.23966166875196521,0.00035610946322728857,-0.11946894280631364,8.6814098439254579,16.483019483048235,3.4043109084008609,-0.60694645713158968,-0.40463097142105975,9.9273277857740705e-16,5.0526224211421615,18.277036739185188,3.6331502064526138,0.50567214179807318,-0.33640382602965258,1.2212453270876722e-15,8.5663938280278327,16.260645377124053,3.4480384995948232,-0.64681062192825678,-0.33736025991588503,1,1.8307835762794629,1.7616246212198707,1,1,1
1785822569.4230208,6,1,0.93903188925521064,0.94745742860818394,0.34383006116654424,3,0,1,1,-1.1317441616533275,-0.6355768417925185,-2.1416597779667952,1.0099602308537097,-1.5459968125164893,0.4217963051461614,0.00035610946322728857,0.14885375562900663,0.00035610946322728857,0.00035610946322728857,0.23289558895064671,0,-0.11946894280631364,8.2035340727002026,16.656120037712686,3.692811832841612,-0.60694645713158968,-0.10115774285526494,2.4930788499171602e-15,4.9385281832074801,18.297429184077423,3.6319024287759896,0.50441336837211415,-0.33647830545009771,-0.0042733135587262414,8.681061075187019,16.257796501418234,3.4466140617419141,-0.61372156053343541,-0.33646998625781682,1,1.8307835762794629,1.7616246212198707,1,1,1
1785822569.4430208,6,1,0.93903188925521064,0.94745742860818394,0.34383006116654424,3,0,1,1,-1.1317408392939476,-0.63259098995570273,-2.1416597779667952,1.0099621293447838,-1.5416454709746157,0.4217963051461614,0.00035610946322728857,0.14422433260705186,0,-0.00035610946322728857,0.21295345900991855,0.00035610946322728857,-0.43805279028981664,9.3185775388924625,16.117584978756618,3.5004778832144443,-0.53740050891859503,-0.23392728035280017,1.0647458256870732e-15,4.8196803997612498,18.316304457833379,3.6307430815144119,0.50181825270702562,-0.33656704128331305,-0.0042733135587262414,8.7458729974943861,16.260645377124053,3.4494629374477324,-0.52398197580015871,-0.33736025991588503,1,1.8307835762794629,1.7616246212198707,1,1,1
1785822569.463021,6,1,0.93903188925521064,0.94745742860818394,0.34383006116654424,3,0,1,1,-1.1317384661801051,-0.62969389257660191,-2.1416612018351007,1.0099645024586263,-1.5373240306671594,0.42179535590062434,0,0.13817047173218797,0,0.00035610946322728857,0.1933674385324177,-0.00035610946322728857,-0.11946894280631364,8.0442421489584515,15.92525102912945,3.4043109084008609,-0.36669681785033542,-0.47417691963405439,-4.7151444261626235e-16,4.7038990080326553,18.334878012663978,3.6294862725446011,0.49949130585822327,-0.33664851617576302,1.2212453270876722e-15,8.8306270497424819,16.260645377124053,3.4466140617419141,-0.44911000658656941,-0.33557971259974861,1,1.8307835762794629,1.7616246212198707,1,1,1
1785822569.483021,6,1,0.93903188925521064,0.94745742860818394,0.34383006116654424,3,0,1,1,-1.1317346691979568,-0.62710340150597077,-2.1416635749489434,1.0099682994407746,-1.5341530759506172,0.42179535590062434,0,0.12997995407796031,-0.00035610946322728857,0,0.13282882978377863,0,-0.11946894280631364,8.9999936914089602,16.290685533421069,3.5004778832144443,-0.23392728035280017,-0.36669681785033542,-8.5364658050646192e-16,4.6032594949516623,18.348458207084946,3.6286046937406709,0.49605382806814513,-0.33673258241025739,1.2212453270876722e-15,8.9452942969016682,16.263494252829872,3.4480384995948232,-0.29776348471497172,-0.33646998625781682,1,1.8307835762794629,1.7616246212198707,1,1,1
1785822569.503021,6,1,0.93903188925521064,0.94745742860818394,0.34383006116654424,3,0,1,1,-1.1317346691979568,-0.6245959694198322,-2.1416673719310917,1.0099697233090803,-1.5320737536016917,0.42179535590062434,0,0.12784329729859659,-0.00035610946322728857,0,0.085822380637776544,-0.00035610946322728857,0.63716769496700609,9.955745233859469,16.559953062899101,3.3273773285499941,-0.16438133213980552,-0.47417691963405439,-8.615612563656061e-16,4.5099903526103526,18.357350254828351,3.6281540054047827,0.49078974514208829,-0.33683015590135029,1.2212453270876722e-15,8.9752074918127605,16.263494252829872,3.4480384995948232,-0.18024736184996648,-0.33557971259974861,1,1.8307835762794629,1.7616246212198707,1,1,1
1785822569.523021,6,1,0.93903188925521064,0.94745742860818394,0.34383006116654424,3,0,1,1,-1.1317351438207253,-0.62202446325994221,-2.1416721181587772,1.0099720964229228,-1.5308235972293864,0.4217948812778558,0,0.12535053105600558,-0.00035610946322728857,0.00035610946322728857,0.040596478807910896,0,-0.11946894280631364,9.3185775388924625,16.021418003943033,3.3273773285499941,0.17070369106825958,-0.20231548571052987,1.2729397478586021e-15,4.4180276656656057,18.362663347262043,3.6280674464893061,0.4836641279461521,-0.33694494773257866,1.2212453270876722e-15,9.0101062192090335,16.263494252829872,3.4466140617419141,-0.067182607275302342,-0.33646998625781682,1,1.8307835762794629,1.7616246212198707,1,1,1
1785822569.543021,6,1,0.93903188925521064,0.94745742860818394,0.34383006116654424,3,0,1,1,-1.1317346691979568,-0.61939505312229171,-2.1416811359913792,1.0099735202912283,-1.5304358304274983,0.42179440665508727,0,0.12891162568827846,0,0,0.0021366567793637313,-0.00035610946322728857,-0.11946894280631364,8.9999936914089602,16.021418003943033,3.3273773285499941,0,-0.53740050891859503,1.1821496743742027e-15,4.3277187768156615,18.364248670386228,3.6283657530510629,0.47462075844803941,-0.33707689767946603,1.2212453270876722e-15,8.9602508943572126,16.260645377124053,3.4480384995948232,0.028966947796065456,-0.33557971259974861,1,1.8307835762794629,1.7616246212198707,1,1,1
1785822569.5630209,6,1,0.93903188925521064,0.94745742860818394,0.34383006116654424,3,0,1,1,-1.1317318214613457,-0.61691562377949638,-2.1416839837279902,1.0099773172733766,-1.5304538660927025,0.42179393203231874,0.00035610946322728857,0.124638312129551,-0.00035610946322728857,0,0,0,-0.11946894280631364,9.4778694626342155,16.117584978756618,3.692811832841612,0.069545948212994646,-0.3350850232080651,9.2875468600539524e-17,4.2441516814020401,18.364021710142492,3.6288050868304236,0.46535978855086396,-0.33720668375011353,-0.0042733135587262414,9.0200772841793988,16.263494252829872,3.4480384995948232,0.034308589744474816,-0.33646998625781682,1,1.8307835762794629,1.7616246212198707,1,1,1
1785822569.5830209,6,1,0.93903188925521064,0.94745742860818394,0.34383006116654424,3,0,1,1,-1.1317318214613457,-0.61440486933397809,-2.1416901538239812,1.0099796903872194,-1.5304543407154709,0.42179393203231874,0,0.12250165535018727,-0.00035610946322728857,0.00035610946322728857,0,0,-0.11946894280631364,9.955745233859469,16.194518558607484,3.692811832841612,-0.063223589284540582,-0.26553907499507046,2.8409366466296618e-15,4.159424391086838,18.363749672683294,3.6292174696674016,0.45600218295891032,-0.3373355333680253,1.2212453270876722e-15,9.049990479090491,16.263494252829872,3.4466140617419141,0.034308589744474816,-0.33646998625781682,1,1.8307835762794629,1.7616246212198707,1,1,1
1785822569.6030209,6,1,0.93903188925521064,0.94745742860818394,0.34383006116654424,3,0,1,1,-1.1317308722158086,-0.61195059499791482,-2.141701544770426,1.009983012746599,-1.5304685793985269,0.42179393203231874,0,0.1281994067618239,-0.00071221892645457715,0.00071221892645457715,-0.00071221892645457715,0,0,9.4778694626342155,15.92525102912945,3.5004778832144443,-0.031611794642270291,-0.23392728035280017,5.5052906406793251e-16,4.0766345360116514,18.363311413549578,3.6296068336988689,0.44680486358809696,-0.33746016241241467,1.2212453270876722e-15,8.9702219593275778,16.266343128535691,3.445189623889005,0.036089137060611343,-0.33646998625781682,1,1.8307835762794629,1.7616246212198707,1,1,1
1785822569.6230209,6,1,0.93903188925521064,0.94745742860818394,0.34383006116654424,3,0,1,1,-1.1317308722158086,-0.609513881704287,-2.1417053417525742,1.0099868097287472,-1.5304714271351381,0.42179393203231874,0,0.12285776481341455,-0.00035610946322728857,0.00035610946322728857,-0.00035610946322728857,0,-0.11946894280631364,8.522117920183705,16.117584978756618,3.3273773285499941,-0.031611794642270291,-0.43624276606333007,1.2804054962557015e-15,3.9943622110762433,18.362813536239322,3.6299658690815191,0.43772049732518087,-0.33758139551134836,1.2212453270876722e-15,9.0450049466053084,16.263494252829872,3.4466140617419141,0.035198863402543079,-0.33646998625781682,1,1.8307835762794629,1.7616246212198707,1,1,1
1785822569.6430209,6,1,0.93903188925521064,0.94745742860818394,0.34383006116654424,3,0,1,1,-1.1317308722158086,-0.60706055661376079,-2.1417148342079448,1.0099877589742843,-1.5304742748717493,0.42179393203231874,0,0.12926773515150575,-0.00071221892645457715,0,-0.00035610946322728857,-0.00035610946322728857,0,8.9999936914089602,16.386852508234654,3.3273773285499941,-0.031611794642270291,-0.20231548571052987,1.4723533264988931e-15,3.9115033002489552,18.362199694094613,3.630302692619316,0.42855184305692984,-0.33770107944710953,1.2212453270876722e-15,8.9552653618720317,16.266343128535691,3.4480384995948232,0.035198863402543079,-0.33557971259974861,1,1.8307835762794629,1.7616246212198707,1,1,1
1785822569.6630208,6,1,0.93903188925521064,0.94745742860818394,0.34383006116654424,3,0,1,1,-1.1317256513653549,-0.6043599530608309,-2.1417186311900931,1.0099967768068863,-1.5304989552557127,0.42179440665508727,0.00035610946322728857,0.12000888910759624,0,0.00035610946322728857,-0.00035610946322728857,0,0.31858384748350305,8.6814098439254579,16.290685533421069,3.3273773285499941,0,-0.40463097142105975,1.1609010058593813e-15,3.8203539689987771,18.361304593219444,3.630667029811959,0.41843471101416607,-0.33783229025815653,-0.0042733135587262414,9.0848892064867659,16.260645377124053,3.4466140617419141,0.035198863402543079,-0.33646998625781682,1,1.8307835762794629,1.7616246212198707,1,1,1
1785822569.6830208,6,1,0.93903188925521064,0.94745742860818394,0.34383006116654424,3,0,1,1,-1.1317251767425862,-0.60213634539027272,-2.1417191058128613,1.009999149920729,-1.5305212625258335,0.42179393203231874,0,0.11288669984305047,0,0,-0.00035610946322728857,0,0,9.6371613863759666,16.386852508234654,3.692811832841612,0.037934153570724355,-0.47417691963405439,1.7150519828097732e-15,3.7452876316340911,18.360459106233041,3.6309416493622875,0.41011047113098809,-0.3379372565532659,1.2212453270876722e-15,9.1845998561904061,16.260645377124053,3.4480384995948232,0.035198863402543079,-0.33646998625781682,1,1.8307835762794629,1.7616246212198707,1,1,1
1785822569.7030208,6,1,0.93903188925521064,0.94745742860818394,0.34383006116654424,3,0,1,1,-1.1317194812693638,-0.59993836734921502,-2.1417195804356299,1.0100038961484143,-1.5305222117713706,0.42179393203231874,0,0.11253059037982319,0,0,0,0,-0.27876086654806514,8.8407017676672091,16.117584978756618,3.3273773285499941,0.069545948212994646,-0.23392728035280017,1.621241389835465e-15,3.6709771538810063,18.359621279346051,3.6311884581253153,0.40192054075157652,-0.33803950935272725,1.2212453270876722e-15,9.1895853886755887,16.260645377124053,3.4480384995948232,0.034308589744474816,-0.33646998625781682,1,1.8307835762794629,1.7616246212198707,1,1,1
1785822569.723021,6,1,0.93903188925521064,0.94745742860818394,0.34383006116654424,3,0,1,1,-1.1317175827782897,-0.59746890508455874,-2.1417357176097598,1.0100038961484143,-1.5305359758316579,0.42179393203231874,-0.00035610946322728857,0.11573557554886878,-0.0024927662425910197,0,-0.00035610946322728857,0,0,9.3185775388924625,15.92525102912945,3.5966448580280281,0.037934153570724355,-0.43624276606333007,-6.3552543219311253e-16,3.5875237371973023,18.358513555467312,3.6314456605213108,0.39263605679339308,-0.33815223931690164,0.0042733135587286839,9.1447155963089504,16.28058750706478,3.4480384995948232,0.035198863402543079,-0.33646998625781682,1,1.8307835762794629,1.7616246212198707,1,1,1
1785822569.743021,6,1,0.93903188925521064,0.94745742860818394,0.34383006116654424,3,0,1,1,-1.1317175827782897,-0.59521017532912934,-2.1417993170607428,1.0100038961484143,-1.530537874322732,0.42179440665508727,0,0.11644779447532336,-0.003204985169045597,0,-0.00035610946322728857,0,-0.43805279028981664,8.9999936914089602,16.194518558607484,3.2312103537364103,-0.031611794642270291,-0.16438133213980552,2.3905810870358118e-16,3.5111480446951377,18.357420952330923,3.6316604683384281,0.38398083269369465,-0.33825549126816257,1.2212453270876722e-15,9.1347445313385851,16.286285258476418,3.4480384995948232,0.035198863402543079,-0.33646998625781682,1,1.8307835762794629,1.7616246212198707,1,1,1
1785822569.763021,6,1,0.93903188925521064,0.94745742860818394,0.34383006116654424,3,0,1,1,-1.1317171081555213,-0.59295524255584819,-2.1418581702840402,1.0100048453939514,-1.5305445190414915,0.42179440665508727,0,0.11324280930627777,-0.0017805473161364429,0,-0.00071221892645457715,0,-0.11946894280631364,9.1592856151507114,16.290685533421069,3.692811832841612,-0.063223589284540582,-0.43624276606333007,1.187719763035347e-15,3.4349041275123491,18.356212817810921,3.6318585057120201,0.37534555114272272,-0.33835681996516292,1.2212453270876722e-15,9.1796143237052235,16.274889755653145,3.4480384995948232,0.036089137060611343,-0.33646998625781682,1,1.8307835762794629,1.7616246212198707,1,1,1
1785822569.783021,6,1,0.93903188925521064,0.94745742860818394,0.34383006116654424,3,0,1,1,-1.1317171081555213,-0.59080282830056929,-2.141875731326476,1.0100062692622569,-1.5305654024433069,0.4217948812778558,0.00035610946322728857,0.1089694957475503,-0.00035610946322728857,0,-0.0017805473161364429,0,0,8.6814098439254579,16.117584978756618,3.4043109084008609,0,-0.26553907499507046,1.3025723484853466e-15,3.3621540507824625,18.354928065518642,3.6320339741094476,0.36721596876549589,-0.33845062042136648,-0.0042733135587262414,9.2394407135274079,16.263494252829872,3.4480384995948232,0.038759958034815911,-0.33646998625781682,1,1.8307835762794629,1.7616246212198707,1,1,1
1785822569.803021,6,1,0.93903188925521064,0.94745742860818394,0.34383006116654424,3,0,1,1,-1.1317161589099842,-0.5885730505340202,-2.141875731326476,1.0100157617176275,-1.5306047961330946,0.42179440665508727,0,0.099354540240413514,0,0.00071221892645457715,-0.0028488757058183086,0,0,9.6371613863759666,16.194518558607484,3.5004778832144443,0.107480101783719,-0.16438133213980552,1.7944104996380286e-15,3.2868375225587299,18.353441027747301,3.632214985309719,0.35882127559670957,-0.33854736629401988,1.2212453270876722e-15,9.3727591711081502,16.260645377124053,3.445189623889005,0.041430779009020702,-0.33646998625781682,1,1.8307835762794629,1.7616246212198707,1,1,1
1785822569.8230209,6,1,0.93903188925521064,0.94745742860818394,0.34383006116654424,3,0,1,1,-1.1317109380595303,-0.58689858140664997,-2.1418738328354019,1.0100295257779148,-1.5306660224702349,0.42179440665508727,0.00035610946322728857,0.086534599564231124,-0.00035610946322728857,0.0010683283896818657,-0.003204985169045597,0,0.47787577122525454,9.4778694626342155,16.117584978756618,3.3273773285499941,-0.063223589284540582,-0.3350850232080651,1.3502264220978735e-15,3.2303990409308958,18.352131811322607,3.632361851364188,0.35245740083912147,-0.33862087770136784,-0.0042733135587262414,9.5265984592223383,16.263494252829872,3.4437651860360958,0.042321052667088743,-0.33646998625781682,1,1.8307835762794629,1.7616246212198707,1,1,1
# event,1785822570.1369424,HOLDING,零力拖拽速度超过管理器硬上限；增强阻尼后仍未达到严格静止阈值；已切到驱动器当前位置保持，正在恢复 ROS 位置控制器
1785822569.983021,6,1,0.93903188925521064,0.94745742860818394,0.34383006116654424,3,0,1,1,-1.1317042933407711,-0.57794577212388798,-2.1418671881166422,1.0100508838024986,-1.5307001953095689,0.4217948812778558,0,0.030269304374319527,0.00035610946322728857,0.00035610946322728857,0,0,-0.11946894280631364,9.3185775388924625,16.290685533421069,2.9619428242583763,-0.10115774285526494,-0.23392728035280017,3.4995674435579771e-16,2.9272242963689488,18.345483326554842,3.632773048862731,0.31900611019230085,-0.33898119965522033,1.2212453270876722e-15,10.201782001501279,16.257796501418234,3.4466140617419141,0.034308589744474816,-0.33646998625781682,1,1.8307835762794629,1.7616246212198707,1,1,1
1785822570.003021,6,1,0.93903188925521064,0.94745742860818394,0.34383006116654424,3,0,1,1,-1.1317023948496969,-0.57739046348470913,-2.1418652896255685,1.0100513584252673,-1.530701144555106,0.4217948812778558,0.00035610946322728857,0.02706431920527393,0,0,0,0,0.47787577122525454,10.11503715760122,16.021418003943033,3.7889788076551953,0.037934153570724355,-0.43624276606333007,1.7081452761578617e-15,2.9084040693242263,18.345028268954252,3.6327873516485605,0.31693863812275935,-0.33900239318373887,-0.0042733135587262414,10.240241823529825,16.260645377124053,3.4480384995948232,0.034308589744474816,-0.33646998625781682,1,1.8307835762794629,1.7616246212198707,1,1,1
1785822570.023021,6,1,0.93903188925521064,0.94745742860818394,0.34383006116654424,3,0,1,1,-1.1317009709813912,-0.57689543193713333,-2.1418648150027999,1.0100518330480357,-1.5307096877649395,0.4217948812778558,0.00035610946322728857,0.021010458330410025,0,0.00035610946322728857,-0.00071221892645457715,0,-0.27876086654806514,10.911496776309978,16.290685533421069,3.4043109084008609,-0.10115774285526494,-0.50578871427632466,5.2715942505318636e-16,2.8916594257162602,18.344584495000579,3.632802848766147,0.31507567204085291,-0.33902140245216733,-0.0042733135587262414,10.312888154028192,16.260645377124053,3.4466140617419141,0.036089137060611343,-0.33646998625781682,1,1.8307835762794629,1.7616246212198707,1,1,1
1785822570.043021,6,1,0.93903188925521064,0.94745742860818394,0.34383006116654424,3,0,1,1,-1.1317000217358542,-0.57653092165090314,-2.1418638657572626,1.0100518330480357,-1.530716332483699,0.42179535590062434,-0.00035610946322728857,0.017449363698137141,0,0,0,0,0.15929192374175152,10.752204852568227,16.194518558607484,3.3273773285499941,0.069545948212994646,-0.40463097142105975,3.8490871189129916e-16,2.8793301793842248,18.344253869914283,3.6328133108507172,0.31370555681169138,-0.33903527530078442,0.0042733135587286839,10.355621289615467,16.260645377124053,3.4480384995948232,0.034308589744474816,-0.33646998625781682,1,1.8307835762794629,1.7616246212198707,1,1,1
1785822570.052021,0,0,0.93903188925521064,0.94745742860818394,0.34383006116654424,3,0,1,0,-1.1316985978675487,-0.57681379682094636,-2.1418657642483367,1.0100518330480357,-1.530716332483699,0.42179583052339287,0,-0.066236360160275676,-0.0010683283896818657,-0.00035610946322728857,0.00035610946322728857,0,-1.0752204852568228,30.902633205899793,15.829084054315867,3.7889788076551953,0.037934153570724355,-0.10115774285526494,-5.435156312646669e-16,2.8889209919315677,18.344488079648652,3.6328074853595052,0.31475428300224056,-0.33902469020732168,0,0,0,0,0,0,1,1.8307835762794629,1.7616246212198707,1,1,1
# event,1785822570.3369012,HOLDING,驱动器当前位置保持中；等待编码器确认静止
# event,1785822570.884609,READY,已从驱动器临时保持恢复 ROS 位置控制器
# event,1785822570.940676,READY,位置控制在线；按下 FREE 即进入零力拖拽，松开退出
# event,1785822574.1399174,READY,位置控制在线；按下 FREE 即进入零力拖拽，松开退出
# event,1785822577.2404921,ENTERING,实体 FREE (DI bit 5) 请求切换到零力拖拽
