# source,实体 FREE (DI bit 5)
stamp,status,handoff_progress,model_alignment,model_scale_estimate,model_normalized_residual,model_excited_joints,model_direction_mismatches,model_validation_passed,settling,position_elfin_joint1,position_elfin_joint2,position_elfin_joint3,position_elfin_joint4,position_elfin_joint5,position_elfin_joint6,velocity_elfin_joint1,velocity_elfin_joint2,velocity_elfin_joint3,velocity_elfin_joint4,velocity_elfin_joint5,velocity_elfin_joint6,measured_effort_elfin_joint1,measured_effort_elfin_joint2,measured_effort_elfin_joint3,measured_effort_elfin_joint4,measured_effort_elfin_joint5,measured_effort_elfin_joint6,gravity_effort_elfin_joint1,gravity_effort_elfin_joint2,gravity_effort_elfin_joint3,gravity_effort_elfin_joint4,gravity_effort_elfin_joint5,gravity_effort_elfin_joint6,commanded_effort_elfin_joint1,commanded_effort_elfin_joint2,commanded_effort_elfin_joint3,commanded_effort_elfin_joint4,commanded_effort_elfin_joint5,commanded_effort_elfin_joint6,effective_scale_elfin_joint1,effective_scale_elfin_joint2,effective_scale_elfin_joint3,effective_scale_elfin_joint4,effective_scale_elfin_joint5,effective_scale_elfin_joint6
# event,1786434645.1958592,ACTIVE,零力拖拽 ACTIVE；末端灯环应由固件进入蓝色零力示教状态
1786434645.1476974,1,0,0.99830556338701937,0.99276685107293294,0.058189364238883969,3,0,1,0,0.046394375623707129,0.89956344951663902,-0.7380270141161086,1.5153556412030273,1.673760990199572,-0.92146871415255671,0.00035610946322728857,0,0,0,0,-0.00035610946322728857,0.47787577122525454,-58.619427936964556,24.387944812724811,-6.4239539175473874,1.0178997874811033,0.069545948212994646,-1.7641324599054764e-16,-59.680645558997846,21.823121828572514,-8.9338693911526725,0.50357901151916629,-0.83643211584475718,0.47787577122525454,-58.619427936964556,24.387944812724811,-6.4239539175473874,1.0178997874811033,0.069545948212994646,1,1.8307835762794629,1.7616246212198707,1,1,1
1786434645.168884,1,0.0052342719202084741,0.99830556338701937,0.99276685107293294,0.058189364238883969,3,0,1,0,0.046401020342466535,0.89956297489387049,-0.73802653949334007,1.5153513695981105,1.6737605155768036,-0.92146776490701965,0.00035610946322728857,-0.00035610946322728857,0,0,0,-0.00035610946322728857,-0.11946894280631364,-58.619427936964556,24.580278762351977,-6.0585194132557696,0.9546761981965628,0.20863784463898394,1.0871837284598396e-16,-59.680635696167812,21.823125715381565,-8.9338588480606376,0.50356263586529482,-0.83643532505116058,0.4749471081387095,-58.624555255584191,24.374519852143173,-6.4370914424475654,1.0152076069708806,0.064867895577494269,1,1.8307835762794629,1.7616246212198707,1,1,1
1786434645.1902056,1,0.02045439719545868,0.99830556338701937,0.99276685107293294,0.058189364238883969,3,0,1,0,0.046409088929531522,0.89956250027110196,-0.73802559024780301,1.515350894975342,1.673760040954035,-0.92146681566148259,0,0,0,0,0,0.00035610946322728857,0.79645961870875759,-58.141552165739299,24.291777837911226,-6.6162878671745542,1.1190575303363683,-0.031611794642270291,-4.2020965700106938e-16,-59.680622490157987,21.823126275830347,-8.9338591699012948,0.50354903223991232,-0.83643887739727096,0.46810111039052704,-58.641134031857234,24.335482995636898,-6.4752925165020025,1.0073790528356159,0.050950475033522992,1,1.8307835762794629,1.7616246212198707,1,1,1
1786434645.2112947,1,0.044419641161154072,0.99830556338701937,0.99276685107293294,0.058189364238883969,3,0,1,0,0.046402918833540648,0.89956107640279637,-0.73802274251119182,1.515350894975342,1.673760990199572,-0.92146729028425112,-0.00035610946322728857,0,0,0.00035610946322728857,0.00035610946322728857,0,0.47787577122525454,-58.141552165739299,24.484111787538396,-6.3470203376965202,1.0874457356940981,0.13909189642598929,-3.6223194582740703e-16,-59.680564195687509,21.823109384182601,-8.9338599976670459,0.50350968412689467,-0.83644464170506527,0.4570760323036917,-58.666563228800122,24.274015743351551,-6.5355676832866312,0.99498666396987945,0.029302171313452134,1,1.8307835762794629,1.7616246212198707,1,1,1
1786434645.2324109,1,0.076389374736005516,0.99830556338701937,0.99276685107293294,0.058189364238883969,3,0,1,0,0.046399121851392416,0.89956344951663902,-0.73802606487057154,1.5153513695981105,1.673760040954035,-0.92146681566148259,0.00035610946322728857,0.00035610946322728857,-0.00035610946322728857,0,0,0.00035610946322728857,0.47787577122525454,-58.619427936964556,24.022510308433194,-6.7893884218390053,1.0178997874811033,0.069545948212994646,-7.4484689249754155e-17,-59.680652592783041,21.823128825580273,-8.9338596416944736,0.50356284906415127,-0.83643670184961438,0.44094380850399817,-58.700921556232835,24.19230501072451,-6.615684046461304,0.978609910351801,0.0002744003496617471,1,1.8307835762794629,1.7616246212198707,1,1,1
1786434645.2534289,1,0.11523775206653489,0.99830556338701937,0.99276685107293294,0.058189364238883969,3,0,1,0,0.046408614306762998,0.89956582263048168,-0.73803128572102539,1.5153537427119532,1.6737581424629608,-0.92146729028425112,0.00071221892645457715,0,0,0.00035610946322728857,0,-0.00035610946322728857,0.63716769496700609,-58.300844089481053,24.195610863097645,-6.5201208923609704,0.9546761981965628,-0.10115774285526494,-5.1093027378379396e-17,-59.680754139747414,21.823161353833804,-8.933865303736729,0.50363747801516823,-0.83642423497835139,0.42195177887044899,-58.741732782782563,24.092384932384778,-6.7133151018901778,0.95863735496570424,-0.034791919433901967,1,1.8307835762794629,1.7616246212198707,1,1,1
1786434645.2742856,1,0.15983814807319457,0.99830556338701937,0.99276685107293294,0.058189364238883969,3,0,1,0,0.046417632139365048,0.89956534800771315,-0.73803081109825686,1.5153546919574903,1.6737567185946554,-0.92146729028425112,0,-0.00035610946322728857,0.00035610946322728857,0,0,0,0.79645961870875759,-58.938011784448058,24.580278762351977,-7.3471568757577899,1.0178997874811033,-0.031611794642270291,-2.0857339293189892e-17,-59.680751515606978,21.823172452750978,-8.9338711722868531,0.50363152157981406,-0.83642543590636997,0.40149299294356022,-58.788640600925305,23.977711460906693,-6.8251344433619003,0.93570010024662809,-0.07526284003195341,1,1.8307835762794629,1.7616246212198707,1,1,1
1786434645.2972145,1,0.21478418042571815,0.99830556338701937,0.99276685107293294,0.058189364238883969,3,0,1,0,0.046405291947383291,0.89956297489387049,-0.73802653949334007,1.5153584889396385,1.6737576678401924,-0.92146776490701965,-0.0010683283896818657,0,0.00035610946322728857,0.00035610946322728857,0,0,0.95575154245050908,-58.619427936964556,23.291641299849957,-6.6162878671745542,0.91674204462583853,-0.20231548571052987,-1.3566079683224874e-17,-59.680658522296319,21.823148440019146,-8.933883999796377,0.50357770337883101,-0.83643438300354123,0.3765176094249485,-58.847363478477746,23.836782238283789,-6.9631718315012217,0.9074315401723495,-0.12504429470916967,1,1.8307835762794629,1.7616246212198707,1,1,1
1786434645.3180513,1,0.26914550797612208,0.99830556338701937,0.99276685107293294,0.058189364238883969,3,0,1,0,0.046385832413873604,0.89956202564833343,-0.73802653949334007,1.5153793723414537,1.6737586170857295,-0.92146823952978818,-0.00071221892645457715,0,-0.00035610946322728857,0.0021366567793637313,0.00035610946322728857,-0.00035610946322728857,0,-59.734471403156817,23.830176358806025,-6.981722371466172,0.9546761981965628,-0.16438133213980552,-2.5017965130103015e-16,-59.680607557897446,21.823125116336623,-8.9339410366794869,0.50360748234361985,-0.83643316060816664,0.35011231674109777,-58.905039665094449,23.697920000243833,-7.1002535056124971,0.87941622406328357,-0.17423015954305027,1,1.8307835762794629,1.7616246212198707,1,1,1
1786434645.3387563,1,0.32645253568402688,0.99830556338701937,0.99276685107293294,0.058189364238883969,3,0,1,0,0.046376814581271554,0.89956107640279637,-0.73802559024780301,1.5154491418884275,1.6737581424629608,-0.92146871415255671,-0.00035610946322728857,0,0,0.0046294230219547511,0,0,0.79645961870875759,-58.460136013222808,23.464741854514408,-7.3471568757577899,0.91674204462583853,-0.26553907499507046,1.8684869190072062e-16,-59.680537599709155,21.823082878855249,-8.9341374963283648,0.50372072072029284,-0.83642850540400215,0.32229934532268306,-58.96582987700635,23.550639130733657,-7.2450300099305274,0.85004472734139025,-0.22621170943522478,1,1.8307835762794629,1.7616246212198707,1,1,1
1786434645.3596113,1,0.38662564208622818,0.99830556338701937,0.99276685107293294,0.058189364238883969,3,0,1,0,0.046365898257595385,0.89955822866618518,-0.73802179326565476,1.5155820362636157,1.6737567185946554,-0.92146918877532524,-0.00071221892645457715,0,0.00035610946322728857,0.0074782987277730601,-0.00035610946322728857,0,0.47787577122525454,-59.893763326898565,23.368574879700823,-7.7125913800494077,0.74603835355757886,-0.26553907499507046,1.7523417612796965e-16,-59.680372441089489,21.82300070009321,-8.93451432291854,0.50390919442008697,-0.83642475161548091,0.29397140704958458,-59.029616287089716,23.395986760692743,-7.3972183508249909,0.81924194411598761,-0.28072555531949922,1,1.8307835762794629,1.7616246212198707,1,1,1
1786434645.3803198,1,0.44795116626084308,0.99830556338701937,0.99276685107293294,0.058189364238883969,3,0,1,0,0.046357829670530398,0.89955063470188867,-0.7380056560915248,1.5157486288553692,1.6737567185946554,-0.92146918877532524,-0.00035610946322728857,-0.00035610946322728857,0.0010683283896818657,0.0085466271174549253,-0.00035610946322728857,0.00035610946322728857,0.15929192374175152,-60.05305525064032,23.368574879700823,-7.3471568757577899,0.78397250712830324,-0.30347322856579484,2.4264444620225589e-16,-59.679999720716538,21.822849026664002,-8.934992293603317,0.50400441504340299,-0.8364441073810247,0.26423809353297478,-59.094084973043728,23.238052501076353,-7.5517678061184839,0.7877638557649661,-0.33635745351445329,1,1.8307835762794629,1.7616246212198707,1,1,1
1786434645.401108,1,0.5102306493319464,0.99830556338701937,0.99276685107293294,0.058189364238883969,3,0,1,0,0.046355456556687748,0.89954304073759228,-0.73793208956240275,1.5159498689092257,1.6737576678401924,-0.92147013802086231,-0.00035610946322728857,-0.00035610946322728857,0.0074782987277730601,0.012107721749727811,0,0.00035610946322728857,-0.11946894280631364,-58.460136013222808,23.099307350222791,-7.8087583548629915,0.78397250712830324,-0.30347322856579484,1.1339399471482769e-16,-59.679482139173672,21.822553477535422,-8.9355989922150698,0.50364219241893282,-0.83654463026338577,0.23447623752886107,-59.159872749528901,23.073020886998364,-7.709709917498869,0.75550980082864694,-0.39283333569994877,1,1.8307835762794629,1.7616246212198707,1,1,1
1786434645.4217708,1,0.57199659106805967,0.99830556338701937,0.99276685107293294,0.058189364238883969,3,0,1,0,0.046349286460696873,0.89953639601883284,-0.73780441603766844,1.516302039003474,1.6737571932174238,-0.92147108726639937,-0.00035610946322728857,-0.00071221892645457715,0.0042733135587274627,0.021010458330410025,-0.00035610946322728857,-0.00035610946322728857,-0.27876086654806514,-59.415887555673315,22.637705871117589,-7.3471568757577899,0.74603835355757886,-0.53740050891859503,3.5706843298094482e-16,-59.678804382102882,21.82207134720289,-8.9366590395015333,0.5030796270174529,-0.83670978175846689,0.20495979048626195,-59.224532989529735,22.916855286487301,-7.8685663420800553,0.7234885103861648,-0.44876514026319642,1,1.8307835762794629,1.7616246212198707,1,1,1
1786434645.4433167,1,0.63533890081053679,0.99830556338701937,0.99276685107293294,0.058189364238883969,3,0,1,0,0.046353083442845104,0.89951503799424903,-0.73771613620272214,1.51689057123645,1.6737586170857295,-0.9214715618891679,0.00035610946322728857,-0.0010683283896818657,0.0056977514116366172,0.032762070616910548,0,0,0,-58.619427936964556,22.830039820744755,-8.0780258843410255,0.64488061070231395,-0.53740050891859503,-1.5120554548025966e-16,-59.677583118740912,21.821472819162377,-8.9383552808921838,0.50318093572176525,-0.83681562777231422,0.17383537265514093,-59.2904330929737,22.752807116244519,-8.0329176406473035,0.69087887797786385,-0.50630081921041725,1,1.8307835762794629,1.7616246212198707,1,1,1
1786434645.4643517,1,0.69522457126569026,0.99830556338701937,0.99276685107293294,0.058189364238883969,3,0,1,0,0.046353083442845104,0.89948750987367432,-0.73752960945469026,1.517683665882662,1.6737581424629608,-0.92147251113470496,-0.00035610946322728857,-0.00071221892645457715,0.012107721749727811,0.044869792366638357,0,0,-0.59734471403156819,-59.575179479415063,22.733872845931174,-8.6357943382598101,0.64488061070231395,-0.60694645713158968,1.2170169386149787e-16,-59.675865553242701,21.820559012817824,-8.9406799048423906,0.50271681410240776,-0.83705621233908889,0.14607212441278872,-59.353034663098732,22.593348943311074,-8.1893480903861011,0.6597319256905162,-0.5607461501653761,1,1.8307835762794629,1.7616246212198707,1,1,1
1786434645.4853556,1,0.75219711166214964,0.99830556338701937,0.99276685107293294,0.058189364238883969,3,0,1,0,0.046343116364705998,0.89947991590937793,-0.73723012248774844,1.5188270321320483,1.6737571932174238,-0.9214729857574735,-0.00071221892645457715,-0.00035610946322728857,0.015668816382000697,0.060182499285411771,-0.00035610946322728857,0,0.47787577122525454,-58.938011784448058,22.464605316453138,-8.2703598339681932,0.64488061070231395,-0.60694645713158968,3.6524060685605431e-17,-59.674328084553338,21.819249388344542,-8.9440202091758714,0.50206164990741187,-0.83740100437628584,0.11927365908804143,-59.412493449716941,22.443244480660592,-8.3406043780573711,0.62995193001637095,-0.61265692995545074,1,1.8307835762794629,1.7616246212198707,1,1,1
1786434645.5063598,1,0.80545831428069758,0.99830556338701937,0.99276685107293294,0.058189364238883969,3,0,1,0,0.046331250795492773,0.89946947420847023,-0.73682669313449878,1.5201967934420229,1.6737576678401924,-0.92147346038024203,0,-0.00071221892645457715,0.023503224573001046,0.074070768351276017,0,0,0,-58.619427936964556,22.464605316453138,-8.6357943382598101,0.51211107320477878,-0.70810419998685459,-6.8242395241668863e-16,-59.672345229128609,21.817579323025718,-8.9480295659187092,0.50085835898950659,-0.83788136255944035,0.092966758098572189,-59.466654261476265,22.298819978648098,-8.4829164033244577,0.60144447007497792,-0.66134892385403754,1,1.8307835762794629,1.7616246212198707,1,1,1
1786434645.5271435,1,0.85363356262703116,0.99830556338701937,0.99276685107293294,0.058189364238883969,3,0,1,0,0.046332674663798361,0.89945571014818293,-0.73625667118949545,1.5219229964511627,1.6737557693491183,-0.92147393500301056,0,-0.00071221892645457715,0.030981523300774104,0.092232350975867738,-0.00035610946322728857,0.00035610946322728857,0.31858384748350305,-60.05305525064032,21.714502912907186,-8.8281282878869778,0.51211107320477878,-0.70810419998685459,3.953949797783074e-16,-59.669737560073898,21.815384398841282,-8.9530973164350147,0.49877863169694475,-0.83857695840186808,0.069944974141100735,-59.515152819689092,22.167135682907524,-8.6151969303760243,0.57482464553739088,-0.70572234356724628,1,1.8307835762794629,1.7616246212198707,1,1,1
1786434645.5478075,1,0.89621105722465089,0.99830556338701937,0.99276685107293294,0.058189364238883969,3,0,1,0,0.04632887768165013,0.8994400475968215,-0.73553049835364614,1.5242206452736116,1.6737524469897385,-0.92147535887131615,-0.00035610946322728857,-0.00071221892645457715,0.035610946322728855,0.11751612286500522,0,0,0.47787577122525454,-59.25659563193156,22.079937417198803,-8.8281282878869778,0.58165702141777342,-0.8092619428421195,5.819455160815945e-17,-59.666439058844524,21.81255783551012,-8.9597784404187433,0.4963311215694613,-0.8394442429918676,0.050025552429296564,-59.556916218718825,22.051365770054449,-8.7377185371288739,0.55046418198917979,-0.74510111205355245,1,1.8307835762794629,1.7616246212198707,1,1,1
1786434645.5686631,2,0.93294188866631278,0.99830556338701937,0.99276685107293294,0.058189364238883969,3,0,1,0,0.046313689753057198,0.89941489259008944,-0.73471746955115602,1.5270043078110338,1.67375197236697,-0.92147583349408468,-0.00071221892645457715,-0.0014244378529091543,0.043089245050501913,0.15170263133482492,0,0,-0.27876086654806514,-59.734471403156817,22.272271366825972,-8.5396273634462272,0.51211107320477878,-0.70810419998685459,1.8480226030015423e-16,-59.662372576117264,21.809241887815656,-8.9677624346669926,0.4939146697170953,-0.8403994853982325,0.03290010938224041,-59.590725352966601,21.947693439610315,-8.8536806235512451,0.52905212208130936,-0.77938026320355058,1,1.8307835762794629,1.7616246212198707,1,1,1
1786434645.5894396,2,0.96243585700684109,0.99830556338701937,0.99276685107293294,0.058189364238883969,3,0,1,0,0.046294704842316042,0.89937265116369036,-0.73375920618149604,1.5305411966821119,1.673751023121433,-0.92147583349408468,-0.0010683283896818657,-0.003204985169045597,0.049855324851820398,0.19229911014273582,0,0.00035610946322728857,0.31858384748350305,-59.097303708189813,21.810669887720771,-9.2897297669921794,0.48049927856250846,-0.84087373748438976,-2.2773666633058021e-16,-59.657075267022627,21.805195813883699,-8.9777630827058204,0.49143128932385732,-0.84150658398244726,0.019232987870889603,-59.614250952136999,21.862330306710149,-9.033734338883999,0.51120762727002966,-0.80734777609215913,1,1.8307835762794629,1.7616246212198707,1,1,1
1786434645.6105065,2,0.98422515113835973,0.99830556338701937,0.99276685107293294,0.058189364238883969,3,0,1,0,0.046281890027565761,0.89927772660998451,-0.73254322264852478,1.5350358743000811,1.6737505484986646,-0.92147678273962164,-0.00035610946322728857,-0.0046294230219547511,0.060182499285411771,0.22043175773769164,0,0,-0.27876086654806514,-59.893763326898565,21.079800879137533,-9.0973958173650118,0.51211107320477878,-0.77765014819984923,-1.4017378837521965e-16,-59.649123730509572,21.800032535487453,-8.9903189902123142,0.48791842169462368,-0.84295287137534103,0.007965749421590779,-59.627325127366589,21.792710461099727,-9.1678495997508076,0.49627879763939109,-0.82855834040990983,1,1.8307835762794629,1.7616246212198707,1,1,1
1786434645.6319494,2,0.99708645545585739,0.99830556338701937,0.99276685107293294,0.058189364238883969,3,0,1,0,0.046275719931574887,0.8992046347036311,-0.73120573568681013,1.5399444229722079,1.6737486500075904,-0.92147725736239017,0,-0.0021366567793637313,0.073714658888048734,0.25639881352364779,0,0,-1.2345124089985742,-59.415887555673315,21.541402358242735,-9.1935627921785965,0.48049927856250846,-0.87880789105511414,-3.607682728945516e-16,-59.641458406814309,21.794525840789127,-9.0037992748507794,0.48427573037327054,-0.84447854609678963,0.0013923123460309328,-59.635916687379691,21.743110155375046,-9.2988199922658499,0.48583046783348027,-0.84181549501818065,1,1.8307835762794629,1.7616246212198707,1,1,1
1786434645.6527932,1,1,0.99830556338701937,0.99276685107293294,0.058189364238883969,3,0,1,0,0.04627239757219518,0.89917710658305638,-0.72940264378916864,1.5460172212955361,1.6737472261392847,-0.92147725736239017,-0.00035610946322728857,-0.0010683283896818657,0.089027365806822148,0.30304915320642256,-0.00035610946322728857,0,0.15929192374175152,-59.25659563193156,21.44523538342915,-9.4628303216566305,0.41095333034951381,-0.8092619428421195,-2.8849264557123666e-16,-59.633738420566871,21.787654351805031,-9.0201976376714441,0.47899484709370638,-0.84646075034545687,0.00042733135587246873,-59.632456426499253,21.716432459159574,-9.2746326374300914,0.47905894679708733,-0.84646075034545687,1,1.8307835762794629,1.7616246212198707,1,1,1
1786434645.673676,1,1,0.99830556338701937,0.99276685107293294,0.058189364238883969,3,0,1,0,0.046259108134676367,0.89915812167231524,-0.7274547919471257,1.5525499290815687,1.6737462768937477,-0.92147725736239017,-0.00035610946322728857,-0.00035610946322728857,0.095793445608140626,0.33296234811751479,-0.00035610946322728857,0,0.47787577122525454,-60.05305525064032,22.003003837347936,-9.1935627921785965,0.44256512499178408,-0.87880789105511414,-4.593900130092643e-16,-59.625884719012163,21.780406708934336,-9.0374340247432681,0.47333845851077272,-0.84854790843180705,0.0004273313558723022,-59.62545738765629,21.703771952447823,-9.1539708465843983,0.47340255821415361,-0.84854790843180705,1,1.8307835762794629,1.7616246212198707,1,1,1
1786434645.694448,1,1,0.99830556338701937,0.99276685107293294,0.058189364238883969,3,0,1,0,0.04625768426637078,0.89915812167231524,-0.72501665478519239,1.560637975680071,1.6737424799115994,-0.92147725736239017,0.00035610946322728857,0.00035610946322728857,0.11716001340177794,0.3767638120944713,0,0.00035610946322728857,-0.59734471403156819,-59.415887555673315,21.906836862534352,-9.0012288425514289,0.41095333034951381,-0.8092619428421195,-2.3695238479670699e-16,-59.617070128539538,21.771662768697986,-9.0582024884511352,0.46631134827326937,-0.8510767286384302,-0.00042733135587296833,-59.617497459895411,21.677934757976566,-9.1900698226841993,0.46631134827326937,-0.85114082834181115,1,1.8307835762794629,1.7616246212198707,1,1,1
1786434645.7153807,1,1,0.99830556338701937,0.99276685107293294,0.058189364238883969,3,0,1,0,0.046259108134676367,0.89916429176830615,-0.72268910472832626,1.568321169057018,1.6737306143423862,-0.9214777319851587,0,0.00035610946322728857,0.11716001340177794,0.4137991962701093,-0.0010683283896818657,0,0.15929192374175152,-59.097303708189813,21.252901433801984,-8.9050618677378441,0.41095333034951381,-0.94835383926810879,-5.1849258393688036e-16,-59.609160113642233,21.76364307538061,-9.0773553396152504,0.45959065063723858,-0.85342492147005078,-4.9960036108132044e-16,-59.609587444998105,21.66991506465919,-9.2221850583097886,0.45978294974738132,-0.85342492147005078,1,1.8307835762794629,1.7616246212198707,1,1,1
1786434645.7361488,1,1,0.99830556338701937,0.99276685107293294,0.058189364238883969,3,0,1,0,0.046259582757444899,0.89916144403169496,-0.72041708553537809,1.5771605434981018,1.6737325128334604,-0.92147820660792723,0,-0.00035610946322728857,0.10612062004173199,0.44798570473992899,0,0,0.31858384748350305,-59.575179479415063,21.714502912907186,-9.6551642712837982,0.41095333034951381,-0.87880789105511414,-2.8095744047246241e-16,-59.600610683981515,21.755249872945186,-9.0984679064357845,0.45545315633204214,-0.85546740391409581,-2.7755575615628914e-16,-59.600183352625642,21.670353376911798,-9.25526290309476,0.45545315633204209,-0.85546740391409581,1,1.8307835762794629,1.7616246212198707,1,1,1
1786434645.7569871,2,1,0.99830556338701937,0.99276685107293294,0.058189364238883969,3,0,1,0,0.046260532002981955,0.89915812167231524,-0.71828175769976621,1.5865931963998465,1.6737301397196176,-0.9214777319851587,0,0,0.10754505789464115,0.46685950629097533,-0.00071221892645457715,0.00035610946322728857,0.47787577122525454,-59.575179479415063,21.906836862534352,-9.2897297669921794,0.51211107320477878,-0.94835383926810879,-6.0135273496908503e-16,-59.592323437463044,21.747132193880663,-9.1200517543105857,0.45366287312976916,-0.85713647542958438,-6.106226635438361e-16,-59.592323437463044,21.661096147564951,-9.3171715940943773,0.453791072536531,-0.85720057513296533,1,1.8307835762794629,1.7616246212198707,1,1,1
1786434645.777859,2,1,0.99830556338701937,0.99276685107293294,0.058189364238883969,3,0,1,0,0.046268125967278417,0.89916381714553761,-0.71618582355394234,1.5965431881192877,1.6737258681147009,-0.92147868123069576,0.00035610946322728857,0.00035610946322728857,0.094369007755231465,0.49784102959174942,-0.00071221892645457715,-0.00035610946322728857,1.1150434661922606,-59.575179479415063,22.079937417198803,-9.2897297669921794,0.48049927856250846,-0.94835383926810879,-1.9122615817213084e-16,-59.584453454075373,21.739171368315645,-9.1418352189558423,0.45327764551457783,-0.85855675107369467,-0.00042733135587291282,-59.584880785431245,21.663676162111461,-9.4117616384964542,0.45340584492133967,-0.85849265137031372,1,1.8307835762794629,1.7616246212198707,1,1,1
1786434645.7988956,2,1,0.99830556338701937,0.99276685107293294,0.058189364238883969,3,0,1,0,0.046264328985130186,0.89916381714553761,-0.71433716787052193,1.6076280028782821,1.6737249188691639,-0.92147820660792723,-0.00035610946322728857,0,0.079768519762912632,0.52953477181897812,0.00035610946322728857,-0.00035610946322728857,0,-60.491108040930136,21.44523538342915,-9.5589972964702135,0.48049927856250846,-0.8092619428421195,-2.110128478199913e-16,-59.576613999985454,21.731403372081509,-9.1648004214109751,0.45720484939207195,-0.85932124071713123,0.00042733135587252424,-59.576613999985454,21.667588556271181,-9.5092071351855747,0.45714074968869106,-0.85925714101375028,1,1.8307835762794629,1.7616246212198707,1,1,1
1786434645.8199658,2,1,0.99830556338701937,0.99276685107293294,0.058189364238883969,3,0,1,0,0.046250090302074318,0.89916334252276908,-0.71268168365389284,1.6186952565948407,1.6737272919830066,-0.92147820660792723,-0.00071221892645457715,0,0.0840418333216401,0.55090133961261545,-0.00071221892645457715,0,0.15929192374175152,-59.575179479415063,21.252901433801984,-9.6551642712837982,0.58165702141777342,-0.97996563391037905,-2.6825872252722593e-16,-59.569353151737118,21.724223249402073,-9.1865004347673214,0.46284394011909213,-0.85968800584484939,0.00085466271174521502,-59.569353151737118,21.656989782744759,-9.581118582856968,0.46297213952585398,-0.85968800584484939,1,1.8307835762794629,1.7616246212198707,1,1,1
1786434645.8410718,2,1,0.99830556338701937,0.99276685107293294,0.058189364238883969,3,0,1,0,0.046247242565463142,0.89916951261875999,-0.71087811713348281,1.6309220137349154,1.6737244442463954,-0.92147820660792723,0,0.00035610946322728857,0.078344081910003485,0.57654122096498017,0,0,0.15929192374175152,-59.575179479415063,21.44523538342915,-9.6551642712837982,0.48049927856250846,-0.8092619428421195,-2.6984436820448598e-16,-59.561954972436119,21.716719450422985,-9.2091382131693784,0.46935193476069126,-0.85991249529415981,-2.7755575615628914e-16,-59.562382303791992,21.654044184894982,-9.6640100824370823,0.46935193476069126,-0.85991249529415981,1,1.8307835762794629,1.7616246212198707,1,1,1
1786434645.861851,2,1,0.99830556338701937,0.99276685107293294,0.058189364238883969,3,0,1,0,0.04624534407438903,0.89916951261875999,-0.70948462468508167,1.6429864498881535,1.6737215965097842,-0.92147820660792723,-0.00071221892645457715,-0.00035610946322728857,0.056977514116366174,0.60182499285411772,0,0.00035610946322728857,1.1150434661922606,-59.575179479415063,21.44523538342915,-10.020598775575415,0.41095333034951381,-0.94835383926810879,-5.1186539815756271e-16,-59.555363756945155,21.710190021175457,-9.2299677337639725,0.47921032475314507,-0.85943811887113231,0.00085466271174499298,-59.554936425589283,21.664608009882365,-9.744256466971148,0.47921032475314507,-0.85950221857451325,1,1.8307835762794629,1.7616246212198707,1,1,1
1786434645.8826933,2,1,0.99830556338701937,0.99276685107293294,0.058189364238883969,3,0,1,0,0.046225884540879343,0.89916476639107468,-0.70847557667918915,1.6555459175889671,1.6737215965097842,-0.92147868123069576,-0.0017805473161364429,-0.00035610946322728857,0.045225901829865647,0.62212323225807309,0,0,0.47787577122525454,-59.25659563193156,22.368438341639553,-9.5589972964702135,0.58165702141777342,-0.8092619428421195,-4.4167686001628237e-17,-59.549215164191381,21.704230749728904,-9.2500543291660762,0.49342354864213972,-0.85815820820622479,0.0021366567793636758,-59.548787832835508,21.668050028265011,-9.8120439249725475,0.49342354864213966,-0.85815820820622479,1,1.8307835762794629,1.7616246212198707,1,1,1
1786434645.9035234,2,1,0.99830556338701937,0.99276685107293294,0.058189364238883969,3,0,1,0,0.046207374252906712,0.89916571563661174,-0.70746368093668532,1.6691861013337213,1.6737244442463954,-0.92147820660792723,-0.00035610946322728857,0,0.043445354513729204,0.63814815810330106,-0.00071221892645457715,0,0.47787577122525454,-59.734471403156817,21.079800879137533,-9.8282648259482475,0.41095333034951381,-0.87880789105511414,1.901148509453332e-16,-59.543039465703131,21.698080804046732,-9.2701718343101973,0.50965346017065216,-0.85647296957499319,0.00042733135587291282,-59.543039465703131,21.663324520435751,-9.8698200058529544,0.50978165957741395,-0.85647296957499319,1,1.8307835762794629,1.7616246212198707,1,1,1
1786434645.924238,2,1,0.99830556338701937,0.99276685107293294,0.058189364238883969,3,0,1,0,0.046195508683693487,0.89917188573260265,-0.70668340110522376,1.6825310697164504,1.673717799527636,-0.92147820660792723,-0.00035610946322728857,0.00071221892645457715,0.032049851690455974,0.66129527321307491,0,0.00035610946322728857,0.31858384748350305,-59.893763326898565,21.714502912907186,-10.193699330239866,0.51211107320477878,-0.70810419998685459,-4.7231912391615394e-16,-59.537708677825748,21.69261613099048,-9.2881248202268232,0.52744436854455401,-0.8543448991084871,0.00042733135587224669,-59.538563340537493,21.666976249638115,-9.9421687122775495,0.52744436854455401,-0.85440899881186805,1,1.8307835762794629,1.7616246212198707,1,1,1
1786434645.9452407,2,1,0.99830556338701937,0.99276685107293294,0.058189364238883969,3,0,1,0,0.046197881797536131,0.89917188573260265,-0.70611670151960015,1.696333099825273,1.673712578677182,-0.92147820660792723,0,0,0.026708209742046643,0.68266184100671223,0.00035610946322728857,-0.00035610946322728857,-0.11946894280631364,-59.575179479415063,22.079937417198803,-10.116765750388998,0.48049927856250846,-0.70810419998685459,2.2372511829238384e-16,-59.532415282310225,21.687362417442202,-9.3048697799193274,0.54793110804038414,-0.85163061533044748,2.2204460492503131e-16,-59.532415282310225,21.665995849648564,-10.009125106285103,0.54786700833700319,-0.85156651562706653,1,1.8307835762794629,1.7616246212198707,1,1,1
1786434645.9661667,2,1,0.99830556338701937,0.99276685107293294,0.058189364238883969,3,0,1,0,0.046195983306462018,0.89916903799599146,-0.70549494569282711,1.7105594426891604,1.673712578677182,-0.92147820660792723,0,0,0.033474289543365128,0.70402840880034945,-0.00035610946322728857,-0.00035610946322728857,-0.11946894280631364,-59.575179479415063,21.252901433801984,-10.020598775575415,0.34140738213651917,-0.97996563391037905,-8.3746486308211576e-16,-59.526932026750913,21.682003901437685,-9.3202747065594682,0.56863924202696903,-0.84871131538762767,-8.3266726846886741e-16,-59.526932026750913,21.655224469802992,-10.07474146724029,0.56870334173034998,-0.84864721568424673,1,1.8307835762794629,1.7616246212198707,1,1,1
1786434645.9870141,2,1,0.99830556338701937,0.99276685107293294,0.058189364238883969,3,0,1,0,0.046199305665841718,0.89917188573260265,-0.70477399370743166,1.725949560581481,1.6737054593356542,-0.92147868123069576,0.00071221892645457715,0,0.030625413837546817,0.71542391162362273,0.00071221892645457715,0,-0.43805279028981664,-59.415887555673315,21.541402358242735,-9.4628303216566305,0.51211107320477878,-0.87880789105511414,6.4861039716229696e-16,-59.521386242543265,21.676421654154051,-9.3348386914108055,0.59058808944723284,-0.84541115272798184,-0.00085466271174482644,-59.521386242543265,21.651921323084014,-10.11608488372632,0.59045989004047106,-0.84541115272798184,1,1.8307835762794629,1.7616246212198707,1,1,1
1786434646.0081034,2,1,0.99830556338701937,0.99276685107293294,0.058189364238883969,3,0,1,0,0.046203102647989949,0.89917330960090813,-0.70436724199480227,1.7407857937029281,1.6737045100901171,-0.9214777319851587,0,0,0.011751612286500523,0.73180494693207798,0,0.00035610946322728857,-0.59734471403156819,-59.25659563193156,22.003003837347936,-9.9244318007618322,0.58165702141777342,-0.87880789105511414,-1.8020117733066887e-15,-59.516299895854168,21.67133031294707,-9.3466827205842584,0.61429583465780579,-0.84160956408930354,-1.7763568394002505e-15,-59.516299895854168,21.661929023117871,-10.166424345874642,0.61429583465780579,-0.84167366379268449,1,1.8307835762794629,1.7616246212198707,1,1,1
1786434646.0289497,2,1,0.99830556338701937,0.99276685107293294,0.058189364238883969,3,0,1,0,0.046201204156915837,0.8991728349781396,-0.7042338729968457,1.7558678814184732,1.6736997638624318,-0.92147868123069576,0,0,0.0035610946322728858,0.73892713619662376,0.00071221892645457715,0,0.31858384748350305,-59.415887555673315,22.176104392012387,-10.193699330239866,0.51211107320477878,-0.73971599462912485,-2.4326650719871945e-15,-59.511346430781444,21.666419586580865,-9.3565359795088927,0.64084473961195776,-0.8371350084463457,-2.4424906541753444e-15,-59.511346430781444,21.663570710875046,-10.193014749570958,0.64071654020519597,-0.8371350084463457,1,1.8307835762794629,1.7616246212198707,1,1,1
1786434646.0496304,2,1,0.99830556338701937,0.99276685107293294,0.058189364238883969,3,0,1,0,0.046203102647989949,0.8991742588464452,-0.70421915969102133,1.7718930445750856,1.6737002384852004,-0.92147820660792723,0,0,0,0.74141990243921474,0,0,-0.11946894280631364,-59.893763326898565,21.44523538342915,-10.020598775575415,0.68281476427303833,-0.94835383926810879,-2.2768245622195593e-15,-59.506155224603859,21.661214829319476,-9.3646232263413776,0.67014710752105122,-0.83197234266535569,-2.2759572004815709e-15,-59.506155224603859,21.661214829319476,-10.206959997073533,0.67014710752105122,-0.83197234266535569,1,1.8307835762794629,1.7616246212198707,1,1,1
1786434646.0707846,2,1,0.99830556338701937,0.99276685107293294,0.058189364238883969,3,0,1,0,0.046205475761832593,0.89918992139780674,-0.70422770290085479,1.7870985342104482,1.673684575933839,-0.92147820660792723,0.00035610946322728857,0.00071221892645457715,-0.00071221892645457715,0.73857102673339647,0.00035610946322728857,0,-0.11946894280631364,-59.25659563193156,21.810669887720771,-9.9244318007618322,0.61326881606004369,-0.77765014819984923,-2.4277997147381658e-16,-59.501800820494282,21.656431002925782,-9.3700917078461412,0.69816584127855663,-0.8268153600225604,-0.00042733135587296833,-59.502655483206027,21.657000778066944,-10.205733620669623,0.69810174157517568,-0.8268153600225604,1,1.8307835762794629,1.7616246212198707,1,1,1
1786434646.091964,2,1,0.99830556338701937,0.99276685107293294,0.058189364238883969,3,0,1,0,0.046206425007369656,0.89919371837995488,-0.70425048479374419,1.8031664134162282,1.673688372915987,-0.92147820660792723,-0.00035610946322728857,0,0.00035610946322728857,0.74498099707148768,-0.00035610946322728857,0,0.15929192374175152,-60.172524193446634,21.541402358242735,-10.655300809345068,0.68281476427303833,-0.70810419998685459,-2.249773718016046e-15,-59.496619179927535,21.651166973805175,-9.3734785757096137,0.72771845794840972,-0.82113905690417777,0.00042733135587047033,-59.496619179927535,21.650882086234592,-10.22418391882761,0.72778255765179067,-0.82113905690417777,1,1.8307835762794629,1.7616246212198707,1,1,1
1786434646.1129146,2,1,0.99830556338701937,0.99276685107293294,0.058189364238883969,3,0,1,0,0.046200254911378774,0.89919229451164939,-0.70423814460176248,1.8183894640940264,1.6736608447954124,-0.92147820660792723,0,-0.00035610946322728857,0.00035610946322728857,0.73892713619662376,0,0.00035610946322728857,-0.43805279028981664,-59.097303708189813,21.44523538342915,-10.193699330239866,0.74603835355757886,-0.87880789105511414,-7.4908883349739108e-16,-59.491856138360852,21.646471635395955,-9.3745233347222214,0.75519480158783969,-0.81562211484977154,-7.2164496600635175e-16,-59.491428807004979,21.646186747825372,-10.211002104784287,0.75519480158783969,-0.81568621455315249,1,1.8307835762794629,1.7616246212198707,1,1,1
1786434646.1337461,2,1,0.99830556338701937,0.99276685107293294,0.058189364238883969,3,0,1,0,0.046201678779684362,0.89919181988888086,-0.70424099233837356,1.8334221910416446,1.6736712864963201,-0.9214777319851587,0,0,-0.00035610946322728857,0.72966829015271428,0,0.00035610946322728857,0.15929192374175152,-58.460136013222808,21.714502912907186,-9.9244318007618322,0.74603835355757886,-0.8092619428421195,-1.3268466186877603e-15,-59.486813152722959,21.641470023266223,-9.3733497682214395,0.78244773503326981,-0.80994261742772289,-1.3322676295501878e-15,-59.486813152722959,21.641754910836806,-10.188070250080319,0.78244773503326981,-0.81000671713110384,1,1.8307835762794629,1.7616246212198707,1,1,1
1786434646.1544893,2,1,0.99830556338701937,0.99276685107293294,0.058189364238883969,3,0,1,0,0.04620689963013818,0.89920083772148285,-0.70424526394329034,1.8490790469298783,1.6736413852619028,-0.92147868123069576,0.00035610946322728857,0.00071221892645457715,-0.00035610946322728857,0.71221892645457718,-0.0014244378529091543,0,-0.11946894280631364,-59.575179479415063,21.810669887720771,-10.289866305053449,0.74603835355757886,-0.8092619428421195,-2.6809744745406872e-15,-59.482220346401299,21.636642695145301,-9.3699463177056259,0.81071659299540288,-0.80381899218958885,-0.00042733135587541082,-59.483075009113044,21.636927582715884,-10.143660794873881,0.81097299180892657,-0.80381899218958885,1,1.8307835762794629,1.7616246212198707,1,1,1
1786434646.175324,2,1,0.99830556338701937,0.99276685107293294,0.058189364238883969,3,0,1,0,0.046200729534147306,0.89921602565007575,-0.70426092649465188,1.8637135653747006,1.6736404360163657,-0.9214777319851587,-0.00071221892645457715,-0.00035610946322728857,0.00035610946322728857,0.71506780216039545,0,0.00035610946322728857,0.31858384748350305,-59.734471403156817,21.637569333056319,-10.289866305053449,0.74603835355757886,-0.70810419998685459,1.7708951709563547e-15,-59.477844853002587,21.631852962451877,-9.3646331206658857,0.83725556796865785,-0.79787242421024629,0.00085466271174726893,-59.477417521646714,21.631568074881294,-10.145042455742814,0.83725556796865785,-0.79793652391362724,1,1.8307835762794629,1.7616246212198707,1,1,1
1786434646.1960061,2,1,0.99830556338701937,0.99276685107293294,0.058189364238883969,3,0,1,0,0.046189813210471137,0.89920985555408495,-0.70423956847006808,1.8783153348484944,1.6736271465788468,-0.92147820660792723,0,-0.00035610946322728857,0.0021366567793637313,0.70830172235907696,0,0.00035610946322728857,-0.27876086654806514,-59.893763326898565,21.637569333056319,-10.020598775575415,0.74603835355757886,-0.94835383926810879,-3.2228316152946301e-15,-59.473016650272527,21.627231283919659,-9.3573733630834486,0.86305681374507193,-0.79184746572911047,-3.219646771412954e-15,-59.472589318916654,21.625521958496169,-10.121882410627279,0.86305681374507193,-0.79191156543249142,1,1.8307835762794629,1.7616246212198707,1,1,1
1786434646.2171538,2,1,0.99830556338701937,0.99276685107293294,0.058189364238883969,3,0,1,0,0.046212595103360531,0.8992046347036311,-0.70422675365531773,1.8934491564458094,1.6736333166748378,-0.92147868123069576,0.0010683283896818657,0.00035610946322728857,0,0.69263290597707627,0,-0.00071221892645457715,-0.27876086654806514,-59.575179479415063,21.637569333056319,-9.6551642712837982,0.84719609641284388,-0.70810419998685459,-4.189926400624544e-15,-59.467854585261023,21.622250110736434,-9.3477048427367375,0.88981871146036617,-0.78539050896362128,-0.0012819940676224021,-59.468281916616895,21.622250110736434,-10.075392171782866,0.88981871146036617,-0.78526230955685949,1,1.8307835762794629,1.7616246212198707,1,1,1
1786434646.2379599,2,1,0.99830556338701937,0.99276685107293294,0.058189364238883969,3,0,1,0,0.046225409918110812,0.89921270329069614,-0.70422912676916039,1.9075013127536466,1.6735981945899667,-0.92147868123069576,-0.00071221892645457715,0.00071221892645457715,-0.00035610946322728857,0.67803241798475744,-0.0039172040955001743,0,0.95575154245050908,-59.097303708189813,21.349068408615569,-9.7513312460973811,0.84719609641284388,-0.8092619428421195,-5.0187718564354e-16,-59.463803760304607,21.617990471710169,-9.3368741932532018,0.91467444362336858,-0.77920416424077066,0.00085466271174499298,-59.464658423016353,21.618275359280752,-10.030250375517383,0.91537954036055857,-0.77920416424077066,1,1.8307835762794629,1.7616246212198707,1,1,1
1786434646.2588277,2,1,0.99830556338701937,0.99276685107293294,0.058189364238883969,3,0,1,0,0.046216866708277293,0.8992136525362332,-0.70423434761961423,1.9213033428624693,1.6735516815586509,-0.92147868123069576,-0.00071221892645457715,-0.00035610946322728857,0.00035610946322728857,0.67269077603634808,-0.00071221892645457715,0,0,-59.25659563193156,21.637569333056319,-10.482200254680617,1.0558339410518278,-0.87880789105511414,9.1429413952986982e-16,-59.459741843860115,21.61392573496942,-9.3244633346390078,0.93888693006460733,-0.77298228565131288,0.00085466271174638076,-59.459314512504243,21.613640847398838,-10.005286658324426,0.93901512947136911,-0.77298228565131288,1,1.8307835762794629,1.7616246212198707,1,1,1
1786434646.2799959,2,1,0.99830556338701937,0.99276685107293294,0.058189364238883969,3,0,1,0,0.046223036804268168,0.89920985555408495,-0.70421726119994721,1.9357769641887603,1.6735436129715857,-0.92147820660792723,0.0010683283896818657,0,0.0014244378529091543,0.66022694482339295,-0.00071221892645457715,0.00035610946322728857,0.15929192374175152,-59.097303708189813,21.714502912907186,-9.6551642712837982,0.98628799283883317,-0.77765014819984923,-9.6493993351209895e-16,-59.454991296594642,21.609313774705431,-9.3094767459577348,0.96401611777155016,-0.76631178149259249,-0.0012819940676191824,-59.454991296594642,21.608174224423102,-9.9610100662927081,0.96414431717831195,-0.76637588119597344,1,1.8307835762794629,1.7616246212198707,1,1,1
1786434646.3009624,2,1,0.99830556338701937,0.99276685107293294,0.058189364238883969,3,0,1,0,0.04629612871062163,0.89920985555408495,-0.70418118986953893,1.9491200340804153,1.6735440875943544,-0.92147820660792723,0.0053416419484093288,0,0.00035610946322728857,0.64242147166202856,0,0,-0.59734471403156819,-60.05305525064032,21.44523538342915,-9.5589972964702135,1.0558339410518278,-0.60694645713158968,8.6667055910344404e-16,-59.450672516236601,21.605022010637327,-9.2939244664430305,0.98693035206967306,-0.76003145995339616,-0.0064099703380903058,-59.450672516236601,21.604737123066744,-9.9036149248487977,0.98693035206967306,-0.76003145995339616,1,1.8307835762794629,1.7616246212198707,1,1,1
1786434646.3217673,2,1,0.99830556338701937,0.99276685107293294,0.058189364238883969,3,0,1,0,0.046330776172724242,0.89921175404515907,-0.70418071524677039,1.9622936636437054,1.6735336458934467,-0.92147820660792723,-0.0010683283896818657,0,0.00035610946322728857,0.64028481488266487,-0.0010683283896818657,0,0.47787577122525454,-59.25659563193156,21.541402358242735,-9.8282648259482475,1.0874457356940981,-0.73971599462912485,-3.0631150827603593e-15,-59.446521657167061,21.600841865823625,-9.2769540238203501,1.0097318336903813,-0.75364171034911642,0.0012819940676151856,-59.446521657167061,21.600556978253042,-9.8816233387946113,1.0099241328005242,-0.75364171034911642,1,1.8307835762794629,1.7616246212198707,1,1,1
1786434646.3427508,2,1,0.99830556338701937,0.99276685107293294,0.058189364238883969,3,0,1,0,0.046331725418261305,0.89920938093131642,-0.70414606778466782,1.9760847774288519,1.6735075416411775,-0.92147820660792723,0.00035610946322728857,0,0.0035610946322728858,0.63351873508134637,0.00071221892645457715,0,0,-60.05305525064032,21.714502912907186,-10.020598775575415,0.9546761981965628,-0.77765014819984923,-8.284117749418618e-16,-59.44226784498764,21.596684108430431,-9.257500751405944,1.0330642713565215,-0.74686884199643555,-0.00042733135587357896,-59.44226784498764,21.593835232724611,-9.8462697788471072,1.0329360719497596,-0.74686884199643555,1,1.8307835762794629,1.7616246212198707,1,1,1
1786434646.3637726,2,1,0.99830556338701937,0.99276685107293294,0.058189364238883969,3,0,1,0,0.046344540233011586,0.89920558394916816,-0.70400130784026649,1.9890505222195263,1.6735080162639462,-0.92147820660792723,0.0014244378529091543,0.00035610946322728857,0.011039393360045946,0.63173818776520996,0,0,-0.91592856151507118,-59.097303708189813,21.714502912907186,-9.6551642712837982,0.9546761981965628,-0.70810419998685459,2.7782680669941051e-17,-59.43821383330399,21.592768668657918,-9.2375967123113192,1.0539266592186955,-0.74051624882657163,-0.0017093254234909296,-59.438641164659863,21.583937153969881,-9.822181453559562,1.0539266592186955,-0.74051624882657163,1,1.8307835762794629,1.7616246212198707,1,1,1
1786434646.38464,2,1,0.99830556338701937,0.99276685107293294,0.058189364238883969,3,0,1,0,0.046383933922799492,0.89920938093131642,-0.70371605955638061,2.0019778225659501,1.6734985238085756,-0.92147868123069576,0.0021366567793637313,0,0.015312706918773409,0.62888931205939158,-0.00035610946322728857,0,0.47787577122525454,-58.938011784448058,21.349068408615569,-9.1935627921785965,1.1569916839070926,-0.77765014819984923,-1.6246769554695284e-15,-59.434800513112116,21.589274842879959,-9.2162620257980787,1.073354075581322,-0.73425074893334352,-0.0025639881352380873,-59.434800513112116,21.577024677344941,-9.7941519091376481,1.073418175284703,-0.73425074893334352,1,1.8307835762794629,1.7616246212198707,1,1,1
1786434646.4054604,2,1,0.99830556338701937,0.99276685107293294,0.058189364238883969,3,0,1,0,0.046408139683994466,0.89920700781747376,-0.70336246559382654,2.0155477621409617,1.6734952014491959,-0.92147820660792723,0,-0.00035610946322728857,0.019942129940728158,0.6285332025961643,-0.00035610946322728857,0,-1.0752204852568228,-59.097303708189813,21.541402358242735,-9.9244318007618322,1.1886034785493631,-0.8092619428421195,-1.3397079669588696e-15,-59.431181080289186,21.585756269915649,-9.1922144794044893,1.0930823761154633,-0.72761931673200331,-1.3322676295501878e-15,-59.430753748933313,21.569802565963066,-9.7692675055054767,1.0931464758188443,-0.72761931673200331,1,1.8307835762794629,1.7616246212198707,1,1,1
1786434646.4262211,2,1,0.99830556338701937,0.99276685107293294,0.058189364238883969,3,0,1,0,0.046406241192920354,0.89920083772148285,-0.70275542307287797,2.0284408896480515,1.6734966253175014,-0.92147868123069576,-0.00035610946322728857,-0.00035610946322728857,0.039172040955001743,0.630669859375528,0.00035610946322728857,-0.00035610946322728857,0,-59.25659563193156,21.541402358242735,-10.116765750388998,1.1190575303363683,-0.60694645713158968,-3.964005772932877e-15,-59.42830079539452,21.583088771101185,-9.1678681998994573,1.1092138136562806,-0.72158388696447184,0.000427331355868805,-59.427873464038647,21.551751138337185,-9.7499423694319489,1.1091497139528996,-0.72151978726109089,1,1.8307835762794629,1.7616246212198707,1,1,1
1786434646.446908,2,1,0.99830556338701937,0.99276685107293294,0.058189364238883969,3,0,1,0,0.046412411288911229,0.89920131234425138,-0.70165951910034452,2.0412651968537041,1.6734970999402701,-0.92147868123069576,0.00071221892645457715,0,0.064455812844139232,0.62817709313293701,-0.00035610946322728857,0,0.63716769496700609,-59.415887555673315,21.252901433801984,-9.7513312460973811,1.1569916839070926,-0.63855825177385994,-2.9918016848651252e-15,-59.4269380580008,21.581751221709425,-9.1422716004594626,1.1207187178308196,-0.71616328959331388,-0.00085466271174849018,-59.4269380580008,21.530186571434115,-9.7184877693218645,1.1207828175342005,-0.71616328959331388,1,1.8307835762794629,1.7616246212198707,1,1,1
1786434646.4680786,2,1,0.99830556338701937,0.99276685107293294,0.058189364238883969,3,0,1,0,0.04647268838051441,0.89920653319470523,-0.69998932157789107,2.0549272132458105,1.6734771657839917,-0.92147820660792723,0.0049855324851820395,0.00035610946322728857,0.092232350975867738,0.63601150132393736,-0.0017805473161364429,0,0,-59.575179479415063,21.541402358242735,-9.8282648259482475,1.1886034785493631,-0.70810419998685459,3.0335976786144414e-16,-59.427328871390337,21.582036583401994,-9.1134986295045692,1.128221484300588,-0.71098984368748641,-0.0059826389822181698,-59.42775620274621,21.5082507026213,-9.7081256576158221,1.1285419828174925,-0.71098984368748641,1,1.8307835762794629,1.7616246212198707,1,1,1
1786434646.4890759,2,1,0.99830556338701937,0.99276685107293294,0.058189364238883969,3,0,1,0,0.04658375010835019,0.89920938093131642,-0.69787725025793712,2.0679385218222639,1.6734482137951114,-0.92147820660792723,0.0060538608748639056,0,0.11003782413723216,0.63529928239748279,-0.0017805473161364429,0,0.79645961870875759,-59.893763326898565,21.252901433801984,-9.8282648259482475,1.0178997874811033,-0.70810419998685459,2.4365953048624545e-15,-59.429435300102682,21.584109949253119,-9.0846309558249398,1.1304198115017885,-0.70669887126823339,-0.0072646330498342439,-59.429435300102682,21.496079689943333,-9.6775842694590253,1.130740310018693,-0.70669887126823339,1,1.8307835762794629,1.7616246212198707,1,1,1
1786434646.5101566,2,1,0.99830556338701937,0.99276685107293294,0.058189364238883969,3,0,1,0,0.046717119106306826,0.89920416008086257,-0.69541111035266057,2.0817296356074104,1.6734092947280921,-0.92147820660792723,0.0060538608748639056,0,0.12000888910759624,0.64242147166202856,0,0,0.79645961870875759,-59.097303708189813,20.887466929510367,-9.6551642712837982,1.1886034785493631,-0.60694645713158968,-1.5240629938628736e-15,-59.432616443172442,21.587497735108041,-9.0523702973841491,1.1304007282073134,-0.70235835581269834,-0.0072646330498381852,-59.432616443172442,21.491490623821964,-9.6620607557899163,1.1304007282073134,-0.70235835581269834,1,1.8307835762794629,1.7616246212198707,1,1,1
1786434646.5308812,2,1,0.99830556338701937,0.99276685107293294,0.058189364238883969,3,0,1,0,0.046858556691328462,0.89920416008086257,-0.69264738197151643,2.0949103845122283,1.673407396237018,-0.92147868123069576,0.0074782987277730601,0.00035610946322728857,0.14529266099673374,0.63921648649298302,-0.00035610946322728857,0,-0.27876086654806514,-59.575179479415063,21.175967853951118,-9.5589972964702135,1.1886034785493631,-0.60694645713158968,-2.9370359226274512e-15,-59.437051345307552,21.591992803397272,-9.0198921768294991,1.1267212780776714,-0.69863275110342271,-0.0089739584733306132,-59.437478676663424,21.475758674599884,-9.6220509200880091,1.1267853777810524,-0.69863275110342271,1,1.8307835762794629,1.7616246212198707,1,1,1
1786434646.5516577,2,1,0.99830556338701937,0.99276685107293294,0.058189364238883969,3,0,1,0,0.047019928432628311,0.89921033017685348,-0.68962545880429238,2.1079060305373205,1.6733808173619804,-0.92147915585346429,0.0085466271174549253,0,0.14920986509223391,0.63494317293425551,-0.0042733135587274627,-0.00035610946322728857,0.15929192374175152,-59.734471403156817,22.003003837347936,-9.3666633468430458,1.1569916839070926,-0.60694645713158968,1.9962330399803108e-15,-59.443177982239561,21.598004013920082,-8.9863518361666763,1.1201739438216605,-0.69526909801381287,-0.010255952540943912,-59.443177982239561,21.478636121846296,-9.578468292562178,1.1209431402622314,-0.69520499831043192,1,1.8307835762794629,1.7616246212198707,1,1,1
1786434646.5725014,2,1,0.99830556338701937,0.99276685107293294,0.058189364238883969,3,0,1,0,0.047178927060085522,0.89920985555408495,-0.6864250774761016,2.120922085341459,1.6733442714088036,-0.92147820660792723,0.0053416419484093288,-0.00035610946322728857,0.16381035308455275,0.63601150132393736,-0.0010683283896818657,0.00035610946322728857,0.15929192374175152,-59.415887555673315,21.541402358242735,-9.1935627921785965,1.1190575303363683,-0.63855825177385994,-3.2032753186084229e-16,-59.450290060799233,21.605197545822627,-8.9511902685173776,1.1117571315446051,-0.69204206897161913,-0.0064099703380915271,-59.44986272944336,21.474149263354985,-9.5458172966286305,1.1119494306547479,-0.69210616867500008,1,1.8307835762794629,1.7616246212198707,1,1,1
1786434646.5931723,2,1,0.99830556338701937,0.99276685107293294,0.058189364238883969,3,0,1,0,0.047235881792308997,0.89920653319470523,-0.68269833949761205,2.135338277312758,1.6733314565940534,-0.92147915585346429,0.00035610946322728857,-0.00035610946322728857,0.16701533825359835,0.63280651615489181,-0.00035610946322728857,-0.00035610946322728857,0.47787577122525454,-58.77871986070631,21.175967853951118,-9.8282648259482475,1.1886034785493631,-0.70810419998685459,-3.0238534115892279e-15,-59.459038432736719,21.614123888558417,-8.9103405988701692,1.1006744345303476,-0.68856242056938788,-0.00042733135587574389,-59.458611101380846,21.480511617955539,-9.4974359118341649,1.1007385342337286,-0.68849832086600693,1,1.8307835762794629,1.7616246212198707,1,1,1
1786434646.6140878,2,1,0.99830556338701937,0.99276685107293294,0.058189364238883969,3,0,1,0,0.047241102642762815,0.89920510932639963,-0.67930526132539848,2.1476556874016217,1.6733338297078959,-0.92147820660792723,0.00035610946322728857,0,0.17698640322396242,0.63102596883875539,-0.00071221892645457715,0,0.31858384748350305,-59.575179479415063,21.44523538342915,-9.2897297669921794,0.9546761981965628,-0.63855825177385994,-4.5229255453763106e-15,-59.467610261870746,21.622813564235674,-8.8738617933410833,1.0892094671633048,-0.68575650147996037,-0.00042733135587724269,-59.467610261870746,21.481224441656504,-9.4567728201121568,1.0893376665700667,-0.68575650147996037,1,1.8307835762794629,1.7616246212198707,1,1,1
1786434646.6350682,2,1,0.99830556338701937,0.99276685107293294,0.058189364238883969,3,0,1,0,0.047241577265531347,0.89920985555408495,-0.6755780487241404,2.1605782415203603,1.6732844689399691,-0.92147915585346429,0,0.00035610946322728857,0.18695746819432649,0.62604043635357332,-0.0035610946322728858,0,-0.43805279028981664,-59.415887555673315,21.349068408615569,-9.3666633468430458,1.0874457356940981,-0.60694645713158968,-2.9543018422242828e-15,-59.478353563493116,21.633503407122625,-8.8341193712608455,1.075274097019346,-0.68296106452605487,-2.9420910152566648e-15,-59.478780894848988,21.483937432567163,-9.4053143966917432,1.075915094053155,-0.68296106452605487,1,1.8307835762794629,1.7616246212198707,1,1,1
1786434646.6559193,2,1,0.99830556338701937,0.99276685107293294,0.058189364238883969,3,0,1,0,0.047234457924003409,0.89921033017685348,-0.67174641911380595,2.1734851330877372,1.6732754511073669,-0.92147868123069576,-0.00071221892645457715,0,0.18304026409882632,0.63138207830198267,0.00035610946322728857,0,-0.27876086654806514,-59.25659563193156,21.252901433801984,-9.4628303216566305,0.98628799283883317,-0.53740050891859503,7.3221593718808542e-16,-59.489525485682258,21.644753236242316,-8.7927651927673907,1.0603369901997741,-0.6801777393341738,0.00085466271174621422,-59.489525485682258,21.498321024963253,-9.3765130767770497,1.0602728904963932,-0.6801777393341738,1,1.8307835762794629,1.7616246212198707,1,1,1
1786434646.6767077,2,1,0.99830556338701937,0.99276685107293294,0.058189364238883969,3,0,1,0,0.047235881792308997,0.89920605857193669,-0.66780562626670992,2.1871798984508719,1.6732730779935243,-0.92147963047623282,0.00071221892645457715,-0.00035610946322728857,0.18873801551046293,0.6285332025961643,0.0010683283896818657,-0.00035610946322728857,-0.91592856151507118,-60.172524193446634,21.079800879137533,-9.7513312460973811,0.98628799283883317,-0.47417691963405439,-4.8145352721934431e-15,-59.501489333749319,21.656939188457571,-8.7471378251860106,1.0454044134115659,-0.676910198071073,-0.00085466271175032205,-59.501062002393446,21.505948776049202,-9.324190851286998,1.045212114301423,-0.67684609836769205,1,1.8307835762794629,1.7616246212198707,1,1,1
1786434646.697572,2,1,0.99830556338701937,0.99276685107293294,0.058189364238883969,3,0,1,0,0.047238729528920172,0.89920795706301082,-0.66408031215652608,2.1999320629957086,1.6732768749756726,-0.92147915585346429,0,0,0.18019138839300802,0.61784991869934569,-0.0010683283896818657,0.00035610946322728857,-0.11946894280631364,-59.415887555673315,21.175967853951118,-8.3665268087817761,0.98628799283883317,-0.70810419998685459,3.410317275971686e-15,-59.513505305836794,21.668996106750978,-8.7030413262957396,1.0308811599461525,-0.67381314388960656,3.3861802251067274e-15,-59.513505305836794,21.524842996036572,-9.2549886352392008,1.0310734590562953,-0.67387724359298751,1,1.8307835762794629,1.7616246212198707,1,1,1
1786434646.7182965,2,1,0.99830556338701937,0.99276685107293294,0.058189364238883969,3,0,1,0,0.047229711696318122,0.89921887338668693,-0.66041717362901942,2.2126320190360067,1.6732740272390614,-0.92147915585346429,-0.0010683283896818657,0.00071221892645457715,0.16701533825359835,0.61571326191998188,-0.00035610946322728857,0,-0.11946894280631364,-59.25659563193156,21.714502912907186,-9.2897297669921794,1.0874457356940981,-0.60694645713158968,-4.1777426787112382e-15,-59.526209709890438,21.681480451805736,-8.6576171073839259,1.016698177282557,-0.67053784845020314,0.0012819940676140754,-59.527064372602183,21.547868181202858,-9.2045432728958829,1.0167622769859379,-0.67053784845020314,1,1.8307835762794629,1.7616246212198707,1,1,1
1786434646.7386858,2,1,0.99830556338701937,0.99276685107293294,0.058189364238883969,3,0,1,0,0.047187944892687572,0.89922456885990931,-0.65747641095521392,2.2245265402381111,1.6732507707234034,-0.92148152896730695,-0.0021366567793637313,-0.00035610946322728857,0.1374582528057334,0.60787885372898154,0.0014244378529091543,0,0.31858384748350305,-60.331816117188382,22.003003837347936,-9.0973958173650118,1.0558339410518278,-0.53740050891859503,2.4224735715658308e-15,-59.537175473349407,21.692358169744203,-8.6137978945372726,1.007544411459588,-0.66668935121068829,0.00256398813523892,-59.536748141993534,21.582391567499617,-9.1423132008003805,1.0072880126460644,-0.66668935121068829,1,1.8307835762794629,1.7616246212198707,1,1,1
1786434646.7587881,2,1,0.99830556338701937,0.99276685107293294,0.058189364238883969,3,0,1,0,0.047181300173928166,0.89922267036883519,-0.65485886638677659,2.2369540628092741,1.6732688063886076,-0.92148057972176989,0,0,0.1182283417914598,0.60289332124379957,0.00035610946322728857,0,-0.27876086654806514,-60.05305525064032,21.714502912907186,-9.0973958173650118,0.91674204462583853,-0.70810419998685459,-4.7974861930311086e-15,-59.547053680542248,21.702360855253058,-8.5666378064140787,1.0021111922847687,-0.66189494992197928,-4.7739590058881731e-15,-59.547053680542248,21.607778181819889,-9.0834371113370072,1.0020470925813878,-0.66189494992197928,1,1.8307835762794629,1.7616246212198707,1,1,1
1786434646.7796319,2,1,0.99830556338701937,0.99276685107293294,0.058189364238883969,3,0,1,0,0.047204556689586084,0.89923168820143728,-0.65265898985464477,2.2498718707003271,1.6732559915738572,-0.92148105434453842,0.0024927662425910197,0.0014244378529091543,0.082617395468730953,0.58864894271470802,0.00035610946322728857,0,0.15929192374175152,-60.172524193446634,22.176104392012387,-8.7319613130733948,0.88513024998356815,-0.70810419998685459,-5.2757277713144646e-16,-59.556684109062708,21.711783315768695,-8.516291306388263,1.0009361200190667,-0.65607163476314811,-0.0029913194911097788,-59.558393434486199,21.64568939939371,-8.9996163217678262,1.0008720203156858,-0.65607163476314811,1,1.8307835762794629,1.7616246212198707,1,1,1
1786434646.8007624,2,1,0.99830556338701937,0.99276685107293294,0.058189364238883969,3,0,1,0,0.047228287828012534,0.89928911755642926,-0.65140123951804307,2.2618053109694509,1.6732550423283201,-0.92148152896730695,-0.00071221892645457715,0.0028488757058183086,0.045938120756320228,0.58188286291338953,0,0,0.15929192374175152,-59.734471403156817,22.003003837347936,-8.7319613130733948,1.1190575303363683,-0.70810419998685459,-2.0328790734103208e-19,-59.564508759174934,21.717964243015096,-8.4686128781544898,1.0072425330309684,-0.64941447722403478,0.00085466271174549258,-59.567927410021916,21.681213746410041,-8.936037606000955,1.0072425330309684,-0.64941447722403478,1,1.8307835762794629,1.7616246212198707,1,1,1
1786434646.8216138,2,1,0.99830556338701937,0.99276685107293294,0.058189364238883969,3,0,1,0,0.047208828294502847,0.89932044265915212,-0.65075195557069543,2.2742603616611885,1.6732578900649313,-0.92148105434453842,-0.00035610946322728857,0.0010683283896818657,0.016024925845227987,0.57547289257529832,-0.00035610946322728857,0.00035610946322728857,-0.11946894280631364,-59.893763326898565,22.464605316453138,-9.0973958173650118,1.0178997874811033,-0.47417691963405439,-1.414030025882751e-15,-59.569854802297627,21.722403749107016,-8.4176600742196914,1.0194542405589442,-0.64146546422089912,0.00042733135587135851,-59.571136796365245,21.709583808430835,-8.8700213717716423,1.0195183402623251,-0.64152956392428007,1,1.8307835762794629,1.7616246212198707,1,1,1
1786434646.8429098,2,1,0.99830556338701937,0.99276685107293294,0.058189364238883969,3,0,1,0,0.047204082066817553,0.89936126021724561,-0.650696899329546,2.2858720076932495,1.673259313933237,-0.92148105434453842,0.00071221892645457715,0.0024927662425910197,-0.0017805473161364429,0.56087240458297949,0.00035610946322728857,0,0.95575154245050908,-60.172524193446634,21.637569333056319,-8.8281282878869778,0.98628799283883317,-0.70810419998685459,1.7221467307759752e-15,-59.57329867564021,21.724647196683271,-8.3690805222999121,1.0357864722360619,-0.63316988490518045,-0.00085466271174377173,-59.576289995131319,21.726071634536179,-8.7871306730699139,1.035722372532681,-0.63316988490518045,1,1.8307835762794629,1.7616246212198707,1,1,1
1786434646.8637345,2,1,0.99830556338701937,0.99276685107293294,0.058189364238883969,3,0,1,0,0.047210726785576959,0.89947991590937793,-0.65076287189437154,2.2973977470042071,1.6732612124243111,-0.92148057972176989,0,0.0089027365806822138,-0.0035610946322728858,0.55980407619329764,0,0.00035610946322728857,0.47787577122525454,-59.575179479415063,21.44523538342915,-8.3665268087817761,0.9546761981965628,-0.70810419998685459,1.1227726647716763e-15,-59.578240553718175,21.726124745272255,-8.3197776576282489,1.0536509306669677,-0.62457221571913613,1.1102230246251565e-15,-59.588923837614992,21.728973620978074,-8.7353172366824978,1.0536509306669677,-0.62463631542251707,1,1.8307835762794629,1.7616246212198707,1,1,1
1786434646.8845489,2,1,0.99830556338701937,0.99276685107293294,0.058189364238883969,3,0,1,0,0.04721452376772519,0.8997423823003744,-0.6508625426757626,2.3094431982467039,1.673259313933237,-0.92148105434453842,-0.00035610946322728857,0.014600487992318832,-0.0060538608748639056,0.55268188692875186,0,0,-0.75663663777331969,-59.734471403156817,21.541402358242735,-8.8281282878869778,1.0178997874811033,-0.8092619428421195,9.450177185926778e-16,-59.586763139613389,21.727007068563378,-8.2671044511793923,1.0736632653724663,-0.6152639489934687,0.00042733135587368998,-59.604283725204169,21.731850157263267,-8.6659068854619594,1.0736632653724663,-0.6152639489934687,1,1.8307835762794629,1.7616246212198707,1,1,1
1786434646.9059124,2,1,0.99830556338701937,0.99276685107293294,0.058189364238883969,3,0,1,0,0.047213574522188134,0.90007414361557614,-0.65103957696842396,2.3213192091608361,1.6732597885560054,-0.92148105434453842,0,0.016381035308455274,-0.0089027365806822138,0.54164249356870586,-0.00035610946322728857,0.00035610946322728857,0.15929192374175152,-59.893763326898565,22.003003837347936,-8.2703598339681932,1.0558339410518278,-0.63855825177385994,-1.2045892712128636e-15,-59.59656956451623,21.727163967280774,-8.2140170586058883,1.0946143270881667,-0.60578516047180464,-1.2212453270876722e-15,-59.616226806886374,21.73428615654532,-8.5868769184923472,1.0946784267915477,-0.60584926017518559,1,1.8307835762794629,1.7616246212198707,1,1,1
1786434646.926811,2,1,0.99830556338701937,0.99276685107293294,0.058189364238883969,3,0,1,0,0.047214049144956666,0.90042868682366728,-0.65123227381244675,2.3323779196675609,1.6732654840292278,-0.92148105434453842,0.00035610946322728857,0.017805473161364428,-0.009971064970364079,0.53309586645125095,0,0,-0.43805279028981664,-59.097303708189813,21.714502912907186,-8.1741928591546085,1.0558339410518278,-0.63855825177385994,-1.5462620333445143e-15,-59.606558362091818,21.726848471954874,-8.1635428399809058,1.1146652421050587,-0.59677518924167539,-0.0004273313558743006,-59.627924929885452,21.734825323931165,-8.5163181261413463,1.1146652421050587,-0.59677518924167539,1,1.8307835762794629,1.7616246212198707,1,1,1
1786434646.9477594,2,1,0.99830556338701937,0.99276685107293294,0.058189364238883969,3,0,1,0,0.047221168486484597,0.90083543853629666,-0.65145819425026652,2.3430702213969816,1.6732645347836907,-0.92148105434453842,0.00035610946322728857,0.020298239403955448,-0.012819940676182388,0.50994875134147721,0,0,-0.11946894280631364,-60.172524193446634,21.810669887720771,-8.1741928591546085,1.1886034785493631,-0.30347322856579484,-2.6816385483713345e-16,-59.617577938394277,21.726055473283132,-8.113812677088152,1.1348059210029215,-0.58785588656884458,-0.00042733135587302384,-59.64193582567902,21.736311425824077,-8.4121922427406233,1.1348059210029215,-0.58785588656884458,1,1.8307835762794629,1.7616246212198707,1,1,1
1786434646.9686732,2,1,0.99830556338701937,0.99276685107293294,0.058189364238883969,3,0,1,0,0.047219744618179009,0.90126781987842652,-0.65176764829534739,2.3527283201137781,1.6732650094064594,-0.92148105434453842,0,0.025995990815592066,-0.017805473161364428,0.48715774569493075,0,0,0.31858384748350305,-59.415887555673315,21.810669887720771,-8.1741928591546085,1.2581494267623576,-0.67649240534458421,-3.3110721196077941e-15,-59.628552239214542,21.724481363132693,-8.0681140304021692,1.1544322354715082,-0.57949939280091356,-3.3306690738754696e-15,-59.659747428193256,21.738725741661785,-8.312934732785255,1.1544322354715082,-0.57949939280091356,1,1.8307835762794629,1.7616246212198707,1,1,1
1786434646.9896531,2,1,0.99830556338701937,0.99276685107293294,0.058189364238883969,3,0,1,0,0.047215947636030778,0.90182597625421657,-0.652235626345117,2.3633902459860128,1.673268331765839,-0.92148105434453842,0,0.022434896183319179,-0.024927662425910199,0.4576006602470658,0,0,0.47787577122525454,-59.097303708189813,21.349068408615569,-8.4626937835953608,1.1569916839070926,-0.60694645713158968,-2.6209503317664584e-15,-59.64189652723659,21.72163987920738,-8.0168095782132909,1.1778628410261003,-0.56991517918342216,-2.6090241078691179e-15,-59.668818402656569,21.741582009148107,-8.1921711297938966,1.1778628410261003,-0.56991517918342216,1,1.8307835762794629,1.7616246212198707,1,1,1
1786434647.010448,1,1,0.99830556338701937,0.99276685107293294,0.058189364238883969,3,0,1,0,0.047218320749873421,0.90230392138212534,-0.65283839726114878,2.3723914667911647,1.6732669078975335,-0.92148105434453842,0.00035610946322728857,0.022434896183319179,-0.034542617933046992,0.42092138553465508,0.00035610946322728857,0,0.31858384748350305,-59.415887555673315,21.714502912907186,-8.2703598339681932,1.1190575303363683,-0.60694645713158968,-7.6014769565674323e-16,-59.652256111524181,21.718146199796429,-7.9728111782178548,1.1994528816448753,-0.56147291921104125,-0.00042733135587352344,-59.679177986944161,21.745780294142868,-8.1201336631549843,1.1993887819414943,-0.56147291921104125,1,1.8307835762794629,1.7616246212198707,1,1,1
1786434647.0314965,1,1,0.99830556338701937,0.99276685107293294,0.058189364238883969,3,0,1,0,0.047221168486484597,0.90274911753900544,-0.65368464965743589,2.3809963775845948,1.6732697556341447,-0.92148057972176989,0,0.021010458330410025,-0.04202091666082005,0.37427104585188026,0,0.00035610946322728857,0.15929192374175152,-59.575179479415063,21.541402358242735,-7.9049253296765754,1.1569916839070926,-0.53740050891859503,-3.176915653289869e-15,-59.660402991989514,21.713392796015164,-7.9301597286539138,1.2223724797339734,-0.55298775021748459,-3.1641356201816961e-15,-59.685615541986003,21.747009529343821,-8.0611545947020726,1.2223724797339734,-0.55305184992086553,1,1.8307835762794629,1.7616246212198707,1,1,1
1786434647.0523005,1,1,0.99830556338701937,0.99276685107293294,0.058189364238883969,3,0,1,0,0.047231610187392234,0.90324462370934977,-0.65460731631945623,2.388220136121606,1.6732673825203019,-0.92148105434453842,0.0010683283896818657,0.028132647594955797,-0.046294230219547511,0.33474289543365127,-0.00035610946322728857,-0.00035610946322728857,-0.43805279028981664,-59.734471403156817,21.637569333056319,-7.9049253296765754,1.2581494267623576,-0.67649240534458421,-3.2509395566163168e-15,-59.66906017070513,21.707705865667116,-7.8939305694661828,1.2445462849867517,-0.54535969280238117,-0.0012819940676215139,-59.70281934781908,21.744741249842754,-8.0110905828679613,1.2446103846901326,-0.54529559309900022,1,1.8307835762794629,1.7616246212198707,1,1,1
1786434647.0731182,1,1,0.99830556338701937,0.99276685107293294,0.058189364238883969,3,0,1,0,0.047291412656226883,0.90393235210094824,-0.65559026007307974,2.3945876751841908,1.6732702302569131,-0.92148105434453842,0.0049855324851820395,0.033474289543365128,-0.046650339682774801,0.2902292125302402,0.00035610946322728857,0,-0.43805279028981664,-60.05305525064032,21.637569333056319,-7.7125913800494077,1.2202152731916334,-0.70810419998685459,-2.4140032420932878e-15,-59.681689105933238,21.700453805655524,-7.8616709890000669,1.2678966620486747,-0.53800545962823121,-0.0059826389822208344,-59.721858253385278,21.737774077401745,-7.963251213385651,1.2678325623452937,-0.53800545962823121,1,1.8307835762794629,1.7616246212198707,1,1,1
1786434647.0938888,1,1,0.99830556338701937,0.99276685107293294,0.058189364238883969,3,0,1,0,0.047443766564924689,0.9046775098475387,-0.65641467982201462,2.3999888822900504,1.6732721287479873,-0.92148105434453842,0.0092588460439095022,0.039528150418229033,-0.033474289543365128,0.24179832553132893,0,-0.00035610946322728857,0.15929192374175152,-59.575179479415063,21.44523538342915,-7.4433238505713737,1.2581494267623576,-0.36669681785033542,-3.7346563558707246e-15,-59.696122369044986,21.693373940197628,-7.8340513683847144,1.2890426796085945,-0.5315316740535041,-0.011110615252695121,-59.743556149546862,21.720153371832321,-7.9186807823206795,1.2890426796085945,-0.53146757435012315,1,1.8307835762794629,1.7616246212198707,1,1,1
1786434647.1146545,1,1,0.99830556338701937,0.99276685107293294,0.058189364238883969,3,0,1,0,0.047672534739355649,0.90557407225728992,-0.65703216404387077,2.4046952416627838,1.6732711795024502,-0.92148105434453842,0.012819940676182388,0.047006449146002091,-0.025995990815592066,0.19194300067950854,0,0,0.15929192374175152,-59.415887555673315,21.175967853951118,-7.8087583548629915,1.2897612214046279,-0.43624276606333007,8.2109341027758465e-16,-59.714940553051598,21.686344693621635,-7.8097948569537428,1.3087489047754826,-0.52567030560086825,-0.015383928811418032,-59.771348292026801,21.707141486274107,-7.8769749071915705,1.3087489047754826,-0.52567030560086825,1,1.8307835762794629,1.7616246212198707,1,1,1
1786434647.1359234,1,1,0.99830556338701937,0.99276685107293294,0.058189364238883969,3,0,1,0,0.048018060114844746,0.90659640970070132,-0.65754238352003946,2.4081637848551933,1.6732702302569131,-0.92148057972176989,0.018517692087819004,0.049499215388593108,-0.025283771889137489,0.14992208401868848,0,0,-0.11946894280631364,-59.734471403156817,21.637569333056319,-8.0780258843410255,1.3909189642598929,-0.43624276606333007,-5.4648532877774048e-15,-59.737004783659081,21.678977906203635,-7.791817630517107,1.3270440178368703,-0.52074596967091158,-0.022221230505388243,-59.796403842125393,21.699204923714944,-7.8442903599236482,1.3270440178368703,-0.52074596967091158,1,1.8307835762794629,1.7616246212198707,1,1,1
1786434647.1569021,1,1,0.99830556338701937,0.99276685107293294,0.058189364238883969,3,0,1,0,0.048419590977020255,0.90766051394774327,-0.65811525320165387,2.4110252855266547,1.6732678571430706,-0.92148057972176989,0.021010458330410025,0.052704200557638706,-0.025283771889137489,0.12000888910759624,0,0,0,-60.809691888413639,21.44523538342915,-8.0010923044901592,1.2581494267623576,-0.70810419998685459,1.2763227974499358e-15,-59.759545956779128,21.670928698352355,-7.7769193857786707,1.3455033948247361,-0.51614481694909276,-0.025212549996490752,-59.822790997448294,21.691155715863665,-7.8189224969663291,1.3455033948247361,-0.51614481694909276,1,1.8307835762794629,1.7616246212198707,1,1,1
1786434647.1778858,1,1,0.99830556338701937,0.99276685107293294,0.058189364238883969,3,0,1,0,0.048911300165216269,0.90868237676838615,-0.65851298708168116,2.4132170934717214,1.6732688063886076,-0.92148057972176989,0.026352100278819353,0.048786996462138535,-0.013888269065864253,0.096149555071367909,0,0.00035610946322728857,0,-59.575179479415063,21.349068408615569,-7.250989900944206,1.3909189642598929,-0.60694645713158968,-4.3085787758759264e-15,-59.781748023459507,21.663798060944046,-7.7654517965974934,1.3611596651034272,-0.51237596764687321,-0.031622520334587553,-59.840292419214073,21.674908676196736,-7.7991041408724726,1.3611596651034272,-0.51244006735025416,1,1.8307835762794629,1.7616246212198707,1,1,1
1786434647.1988876,1,1,0.99830556338701937,0.99276685107293294,0.058189364238883969,3,0,1,0,0.049535903728600401,0.90980770735256833,-0.65869191986541664,2.4149219384562777,1.6732678571430706,-0.92148057972176989,0.032762070616910548,0.054128638410547859,-0.0035610946322728858,0.074782987277730598,0,0.00035610946322728857,0.15929192374175152,-59.575179479415063,21.541402358242735,-7.8087583548629915,1.4288531178306172,-0.47417691963405439,-3.6834955658565649e-15,-59.807376078342841,21.657172262840866,-7.756501112407566,1.3751400428575404,-0.50915667814582144,-0.039314484740296321,-59.872330444435498,21.660021138546686,-7.7826751579547722,1.3751400428575404,-0.50922077784920239,1,1.8307835762794629,1.7616246212198707,1,1,1
1786434647.219836,1,1,0.99830556338701937,0.99276685107293294,0.058189364238883969,3,0,1,0,0.050291503176098526,0.9109297155773709,-0.65869476760202772,2.4163657409181427,1.6732659586519965,-0.92148105434453842,0.038103712565319879,0.055909185726684303,0.00035610946322728857,0.060182499285411771,-0.00035610946322728857,0,-0.11946894280631364,-60.05305525064032,21.810669887720771,-7.9049253296765754,1.4288531178306172,-0.53740050891859503,-2.5505042956092128e-15,-59.833721334143711,21.651408197861088,-7.7488948549077108,1.3871514831293501,-0.50640002646660798,-0.045724455078386406,-59.900812357015731,21.651123310290505,-7.7699587296576045,1.3872155828327311,-0.50640002646660798,1,1.8307835762794629,1.7616246212198707,1,1,1
1786434647.2407734,1,1,0.99830556338701937,0.99276685107293294,0.058189364238883969,3,0,1,0,0.051143925668376562,0.91208921900088713,-0.65867720655959217,2.4175404322702518,1.6732640601609223,-0.92148105434453842,0.040596478807910896,0.048430886998911245,0.0014244378529091543,0.05519696680022973,0,-0.00035610946322728857,-0.27876086654806514,-60.172524193446634,22.003003837347936,-8.1741928591546085,1.4604649124728875,-0.53740050891859503,-2.6495597165929197e-15,-59.860944310452609,21.645498871083205,-7.7426875313258403,1.3989812578160308,-0.50383097606275618,-0.048715774569495739,-59.919061374851303,21.644359320800877,-7.7620064697059208,1.3989812578160308,-0.50376687635937523,1,1.8307835762794629,1.7616246212198707,1,1,1
1786434647.261724,1,1,0.99830556338701937,0.99276685107293294,0.058189364238883969,3,0,1,0,0.05206374459378571,0.91290082393507166,-0.65865774702608249,2.4186766791781102,1.6732631109153853,-0.92148057972176989,0.048430886998911245,0.034186508469819701,0,0.049855324851820398,0,0.00035610946322728857,-1.3938043327403258,-59.415887555673315,21.714502912907186,-6.981722371466172,1.4288531178306172,-0.43624276606333007,-9.4255115865027328e-16,-59.879969655913357,21.641363195247507,-7.7366643386627452,1.4075853617508736,-0.50179324058403563,-0.058117064398694435,-59.920993466077142,21.641363195247507,-7.7541137023608826,1.4075853617508736,-0.50185734028741658,1,1.8307835762794629,1.7616246212198707,1,1,1
1786434647.2832072,1,1,0.99830556338701937,0.99276685107293294,0.058189364238883969,3,0,1,0,0.053176260363217626,0.91360468950080009,-0.65866106938546221,2.4196847779384658,1.6732559915738572,-0.92148105434453842,0.053772528947320576,0.032049851690455974,0,0.050567543778274979,-0.00035610946322728857,-0.00035610946322728857,0,-59.575179479415063,21.906836862534352,-7.1740563210933397,1.3909189642598929,-0.43624276606333007,6.5418048582344124e-17,-59.896380984730008,21.637707842841397,-7.7313164383682285,1.4152128649732234,-0.49998406808193491,-0.06452703473678463,-59.934840806758558,21.637707842841397,-7.7490150786906247,1.4152769646766044,-0.49991996837855396,1,1.8307835762794629,1.7616246212198707,1,1,1
1786434647.3044813,1,1,0.99830556338701937,0.99276685107293294,0.058189364238883969,3,0,1,0,0.054298743210788647,0.91418278003286846,-0.65865727240331395,2.4208433321164451,1.6732559915738572,-0.92148057972176989,0.055553076263457013,0.022791005646546469,0.00035610946322728857,0.059114170895729901,0,0,0.47787577122525454,-60.331816117188382,21.175967853951118,-7.6356578001985413,1.3593071696176227,-0.53740050891859503,-2.5833014113268993e-15,-59.909799720747685,21.634660005336464,-7.7251489920169467,1.4218648269324894,-0.49823899192878285,-0.066663691516151022,-59.937148927523538,21.634375117765881,-7.7458389518304518,1.4218648269324894,-0.49823899192878285,1,1.8307835762794629,1.7616246212198707,1,1,1
1786434647.3256485,1,1,0.99830556338701937,0.99276685107293294,0.058189364238883969,3,0,1,0,0.055553645810779248,0.9145145413480702,-0.65864683070240637,2.4222567587211241,1.6732559915738572,-0.92148105434453842,0.059470280358957191,0.0089027365806822138,0.00071221892645457715,0.073002439961594154,0,-0.00035610946322728857,0,-58.619427936964556,21.637569333056319,-7.9049253296765754,1.2581494267623576,-0.36669681785033542,9.3767224887408851e-16,-59.917516127040656,21.632932293304854,-7.717615619032749,1.4265268751906404,-0.49665322554274488,-0.071364336430747688,-59.928199410937474,21.632362518163692,-7.7431664730193068,1.4265268751906404,-0.49658912583936393,1,1.8307835762794629,1.7616246212198707,1,1,1
1786434647.3466434,1,1,0.99830556338701937,0.99276685107293294,0.058189364238883969,3,0,1,0,0.056734507258879338,0.91456580060707127,-0.65864066060641546,2.4239544843641525,1.6732569408193942,-0.92148105434453842,0.056977514116366174,0,0.00035610946322728857,0.090451803659731295,0,-0.00035610946322728857,-0.43805279028981664,-59.415887555673315,21.714502912907186,-6.981722371466172,1.3909189642598929,-0.67649240534458421,1.3109223992793795e-15,-59.918691405989485,21.632649125570367,-7.7085507289032451,1.4290305491600597,-0.49523680281291377,-0.06837301693963807,-59.918691405989485,21.632364237999784,-7.7402088601841514,1.4290305491600597,-0.49517270310953293,1,1.8307835762794629,1.7616246212198707,1,1,1
1786434647.367651,1,1,0.99830556338701937,0.99276685107293294,0.058189364238883969,3,0,1,0,0.057965204097674965,0.9145648513615342,-0.65861835333629459,2.425982072831308,1.6732578900649313,-0.92148105434453842,0.055909185726684303,-0.00035610946322728857,0.0014244378529091543,0.10327174433591368,0.00035610946322728857,0,0,-59.415887555673315,21.714502912907186,-7.5394908253849575,1.5616226553281525,-0.53740050891859503,-4.9987141162444182e-16,-59.918737363990921,21.632722651207864,-7.6976971046693627,1.431313006589483,-0.49365435283704534,-0.067091022872021663,-59.918310032635048,21.631583100925535,-7.7338422151869324,1.4312489068861021,-0.49365435283704528,1,1.8307835762794629,1.7616246212198707,1,1,1
1786434647.3885965,1,1,0.99830556338701937,0.99276685107293294,0.058189364238883969,3,0,1,0,0.059072499016653054,0.91456674985260833,-0.65861787871352606,2.4282498204193397,1.6732621616698482,-0.92148057972176989,0.051635872167956842,0.00035610946322728857,-0.00035610946322728857,0.10576451057850471,0,0.00035610946322728857,-0.27876086654806514,-60.331816117188382,22.003003837347936,-7.5394908253849575,1.3909189642598929,-0.60694645713158968,-1.5990897841988705e-15,-59.918695667612972,21.632627551293641,-7.6855156237494411,1.4341310153836522,-0.49183959405838118,-0.061963046601549818,-59.919122998968845,21.632912438864224,-7.7225332024519178,1.4341310153836522,-0.49190369376176207,1,1.8307835762794629,1.7616246212198707,1,1,1
1786434647.4097211,1,1,0.99830556338701937,0.99276685107293294,0.058189364238883969,3,0,1,0,0.060168402989186458,0.91457861542182162,-0.65862879503720229,2.4304463745920915,1.6732597885560054,-0.92148105434453842,0.048786996462138535,0.0014244378529091543,-0.00035610946322728857,0.11039393360045946,-0.00035610946322728857,0,0,-60.491108040930136,21.44523538342915,-7.9049253296765754,1.4604649124728875,-0.43624276606333007,2.2258670601127406e-16,-59.918889460895095,21.632483945805717,-7.673687197715906,1.4370024990184633,-0.49005472027920005,-0.05854439575456602,-59.920598786318585,21.6327688333763,-7.712325074476067,1.4370665987218443,-0.49005472027920005,1,1.8307835762794629,1.7616246212198707,1,1,1
1786434647.4310231,1,1,0.99830556338701937,0.99276685107293294,0.058189364238883969,3,0,1,0,0.061163212312023187,0.91459332872764598,-0.65863259201935043,2.4328323032494867,1.6732616870470796,-0.92148057972176989,0.04202091666082005,0,0,0.10825727682109572,0.00035610946322728857,0.00035610946322728857,-0.27876086654806514,-59.893763326898565,21.637569333056319,-7.5394908253849575,1.4920767071151577,-0.50578871427632466,-2.6622584345381561e-16,-59.919140199449515,21.632316509198763,-7.6607909070273994,1.4400890061341121,-0.48811837043968181,-0.050425099992984335,-59.919140199449515,21.632316509198763,-7.6986809539147831,1.4400249064307311,-0.48818247014306265,1,1.8307835762794629,1.7616246212198707,1,1,1
1786434647.4522409,1,1,0.99830556338701937,0.99276685107293294,0.058189364238883969,3,0,1,0,0.061975766491744785,0.91459427797318305,-0.65864113522918399,2.4351043224424349,1.6732645347836907,-0.92148105434453842,0.037747603102092589,0,-0.0010683283896818657,0.10113508755654996,0,-0.00035610946322728857,0.15929192374175152,-60.172524193446634,21.349068408615569,-7.5394908253849575,1.3909189642598929,-0.50578871427632466,-2.725467421194061e-15,-59.919042056581638,21.632191887356363,-7.6484694193543232,1.4429529212159227,-0.48628147659196508,-0.045297123722513828,-59.919042056581638,21.633046550068109,-7.6838666999991156,1.4429529212159227,-0.48621737688858419,1,1.8307835762794629,1.7616246212198707,1,1,1
1786434647.4733107,1,1,0.99830556338701937,0.99276685107293294,0.058189364238883969,3,0,1,0,0.062735637544159673,0.91465550431032328,-0.65868717363773133,2.4371371317600445,1.6732645347836907,-0.92148057972176989,0.031337632764001394,0.0067660798013184824,-0.0035610946322728858,0.097930102387504353,-0.00035610946322728857,0,0.79645961870875759,-59.415887555673315,21.714502912907186,-7.6356578001985413,1.4920767071151577,-0.30347322856579484,4.7271214720367993e-17,-59.920158597081191,21.631566380702356,-7.6374122235855353,1.4463905886404518,-0.48449750509519263,-0.037605159316801619,-59.928277892842772,21.634415256408175,-7.6716877594211619,1.4464546883438327,-0.48449750509519263,1,1.8307835762794629,1.7616246212198707,1,1,1
1786434647.4942904,1,1,0.99830556338701937,0.99276685107293294,0.058189364238883969,3,0,1,0,0.063272910518134468,0.91499770732643271,-0.65881389791692857,2.4392895460153237,1.6732669078975335,-0.92148105434453842,0.021366567793637315,0.025995990815592066,-0.0067660798013184824,0.10077897809332266,0.00071221892645457715,0,-0.11946894280631364,-60.172524193446634,21.252901433801984,-7.8087583548629915,1.4604649124728875,-0.60694645713158968,-7.8862155521164379e-16,-59.927265442542712,21.628938214798179,-7.6256601818904208,1.4532703947171008,-0.48209177432442596,-0.025639881352365553,-59.958460631521426,21.634351078639234,-7.6609328242230834,1.4531421953103389,-0.48209177432442596,1,1.8307835762794629,1.7616246212198707,1,1,1
1786434647.5154207,1,1,0.99830556338701937,0.99276685107293294,0.058189364238883969,3,0,1,0,0.063592806264123003,0.91569113119125356,-0.65886515717592964,2.4412715706967005,1.6732858928082746,-0.92148057972176989,0.0081905176542276369,0.035967055785956145,0.00071221892645457715,0.093300679365549602,0.00035610946322728857,0,-0.75663663777331969,-60.172524193446634,21.349068408615569,-7.5394908253849575,1.3909189642598929,-0.47417691963405439,-1.1454189376494672e-15,-59.942657317033884,21.624618184021045,-7.614776212889832,1.4625616008381994,-0.47940683145575574,-0.0098286211850743301,-59.985817783977033,21.624048408879883,-7.6474314506677743,1.4624975011348185,-0.47940683145575569,1,1.8307835762794629,1.7616246212198707,1,1,1
1786434647.5364802,1,1,0.99830556338701937,0.99276685107293294,0.058189364238883969,3,0,1,0,0.063670644398161752,0.91651127933527154,-0.65888366746390226,2.443070865612194,1.6732839943172004,-0.92148057972176989,0.0017805473161364429,0.045938120756320228,-0.0028488757058183086,0.075851315667412461,-0.00035610946322728857,0.00035610946322728857,0.15929192374175152,-60.491108040930136,21.714502912907186,-6.7893884218390053,1.5932344499704227,-0.53740050891859503,5.5194022095805817e-16,-59.961279642551574,21.619948822256269,-7.604883991856112,1.4723356430177794,-0.47675410194145518,-0.0021366567793631762,-60.016405387459159,21.622227922820922,-7.6314319523397067,1.4723997427211604,-0.47681820164483607,1,1.8307835762794629,1.7616246212198707,1,1,1
1786434647.5582054,1,1,0.99830556338701937,0.99276685107293294,0.058189364238883969,3,0,1,0,0.063694375536588202,0.91785351252467151,-0.65909012836821235,2.4446119657416072,1.6732820958261263,-0.92148105434453842,0,0.077275753520321622,-0.013532159602636965,0.06801690747641212,0,0,0.15929192374175152,-60.809691888413639,21.810669887720771,-7.6356578001985413,1.4920767071151577,-0.60694645713158968,-4.1798975305290531e-15,-59.990691684190338,21.611296712803341,-7.5963520245628793,1.488246544824217,-0.4732851201397289,-4.163336342344337e-15,-60.083422588414727,21.622122440485452,-7.6201579421796239,1.488246544824217,-0.4732851201397289,1,1.8307835762794629,1.7616246212198707,1,1,1
1786434647.5792751,1,1,0.99830556338701937,0.99276685107293294,0.058189364238883969,3,0,1,0,0.063691527799977027,0.91969552348933248,-0.65937537665209833,2.4459660645002206,1.6732934867725711,-0.92148105434453842,-0.00035610946322728857,0.091520132049413158,-0.013176050139409676,0.066592469623502959,0.00071221892645457715,0,-0.11946894280631364,-59.575179479415063,21.541402358242735,-8.0780258843410255,1.5932344499704227,-0.47417691963405439,-4.5695191337388752e-15,-60.030700436111729,21.599180223944959,-7.5887636423945182,1.5092756603325574,-0.46911720170426691,0.00042733135586819437,-60.140524594571026,21.609721064056487,-7.6120710067627444,1.5091474609257955,-0.46911720170426696,1,1.8307835762794629,1.7616246212198707,1,1,1
1786434647.6003766,1,1,0.99830556338701937,0.99276685107293294,0.058189364238883969,3,0,1,0,0.063680611476300858,0.92162296655232856,-0.65964258927078012,2.4474540068795587,1.6732911136587285,-0.92148105434453842,-0.00071221892645457715,0.099710649703640797,-0.013532159602636965,0.07193411157191229,-0.00035610946322728857,0.00035610946322728857,-0.91592856151507118,-59.893763326898565,21.810669887720771,-7.4433238505713737,1.4288531178306172,-0.36669681785033542,-3.2765944905227551e-16,-60.072577970640168,21.586652891356387,-7.5803991259741386,1.5309713561228557,-0.46475624912686647,0.00085466271174515951,-60.192230750284537,21.597478619038498,-7.6055760650243078,1.5310354558262367,-0.46482034883024742,1,1.8307835762794629,1.7616246212198707,1,1,1
1786434647.6214223,1,1,0.99830556338701937,0.99276685107293294,0.058189364238883969,3,0,1,0,0.063678712985226746,0.92396807765163025,-0.65994539859710166,2.4490843360894559,1.6732911136587285,-0.92148057972176989,-0.00035610946322728857,0.11466724715918691,-0.014600487992318832,0.089027365806822148,0,0.00035610946322728857,-0.11946894280631364,-60.491108040930136,21.541402358242735,-7.5394908253849575,1.4288531178306172,-0.36669681785033542,-4.490494347891838e-15,-60.123244209926547,21.571316080028076,-7.5711459860810066,1.5569575356725356,-0.45962092254847553,0.00042733135586824989,-60.260844906517569,21.582996470421932,-7.6023055641133945,1.5569575356725356,-0.45968502225185642,1,1.8307835762794629,1.7616246212198707,1,1,1
1786434647.6424012,1,1,0.99830556338701937,0.99276685107293294,0.058189364238883969,3,0,1,0,0.063666847416013514,0.92631366337370047,-0.66015280874694882,2.4511494197553256,1.6732953852636452,-0.92148105434453842,-0.00071221892645457715,0.11431113769595963,-0.0056977514116366172,0.10184730648300452,0,-0.00035610946322728857,-0.11946894280631364,-60.491108040930136,21.637569333056319,-7.6356578001985413,1.631168603541147,-0.47417691963405439,-4.6356419137333349e-15,-60.17394662052476,21.556212389207925,-7.5594143158991693,1.5826137238099725,-0.45426085218354645,0.00085466271174082964,-60.311119985759909,21.560770590337235,-7.5950608731682205,1.5826137238099725,-0.4541967524801655,1,1.8307835762794629,1.7616246212198707,1,1,1
1786434647.663336,1,1,0.99830556338701937,0.99276685107293294,0.058189364238883969,3,0,1,0,0.063643590900355596,0.92869532042617886,-0.66022210367115397,2.4533559410062167,1.6732911136587285,-0.92148105434453842,-0.0010683283896818657,0.11965277964436896,-0.00035610946322728857,0.11288669984305047,0.00035610946322728857,0,0.47787577122525454,-60.650399964671891,21.44523538342915,-7.7125913800494077,1.6627803981834175,-0.50578871427632466,3.67544536472586e-17,-60.225880196841814,21.541541805006162,-7.5468383616322345,1.6074365514555569,-0.44893871643753924,0.0012819940676182943,-60.369463532415054,21.541826692576745,-7.5863487065773025,1.6073724517521759,-0.44893871643753924,1,1.8307835762794629,1.7616246212198707,1,1,1
1786434647.6842599,1,1,0.99830556338701937,0.99276685107293294,0.058189364238883969,3,0,1,0,0.06360989268379004,0.93122078817752152,-0.6601950501733479,2.4558534060142163,1.6732944360181081,-0.92148105434453842,-0.0021366567793637313,0.10825727682109572,0.0021366567793637313,0.13033606354118762,0,0,-0.11946894280631364,-60.172524193446634,21.541402358242735,-7.6356578001985413,1.6627803981834175,-0.43624276606333007,-3.8160392814429178e-15,-60.28097245963162,21.526244578380151,-7.5325399384221061,1.6330699204257439,-0.44329866863746742,0.0025639881352326472,-60.410881191816934,21.52453525295666,-7.5781575606615217,1.6330699204257439,-0.44329866863746747,1,1.8307835762794629,1.7616246212198707,1,1,1
1786434647.7056122,1,1,0.99830556338701937,0.99276685107293294,0.058189364238883969,3,0,1,0,0.063533478418056871,0.9332118306915006,-0.6601846084724402,2.4587894224603364,1.6732934867725711,-0.92148152896730695,-0.0046294230219547511,0.087246818490685704,-0.00071221892645457715,0.14493655153350646,0,-0.00071221892645457715,-0.59734471403156819,-59.893763326898565,21.44523538342915,-7.3471568757577899,1.5932344499704227,-0.3350850232080651,-2.9218570922126541e-15,-60.32385175143169,21.513803265770449,-7.5157845076677265,1.6544785348404978,-0.43805031598610134,0.0055553076263427587,-60.428547933620514,21.514373040911611,-7.5665123007044537,1.6544785348404978,-0.43792211657933949,1,1.8307835762794629,1.7616246212198707,1,1,1
1786434647.7265289,1,1,0.99830556338701937,0.99276685107293294,0.058189364238883969,3,0,1,0,0.063448995565258723,0.93506428335706915,-0.6601950501733479,2.4620054663398885,1.6732934867725711,-0.92148105434453842,-0.0024927662425910197,0.083329614395185519,0.00035610946322728857,0.16665922879037104,0,0,-1.0752204852568228,-60.331816117188382,21.637569333056319,-7.7125913800494077,1.7639381410386823,-0.47417691963405439,-3.0480717776171229e-15,-60.363214994883336,21.501834327942163,-7.497379093313068,1.6751381055650569,-0.43273874850085425,0.0029913194911061706,-60.463210532157561,21.50154944037158,-7.555709823389698,1.6751381055650569,-0.43273874850085425,1,1.8307835762794629,1.7616246212198707,1,1,1
1786434647.7472768,1,1,0.99830556338701937,0.99276685107293294,0.058189364238883969,3,0,1,0,0.063411500366544929,0.93663955632581675,-0.66018270998136608,2.4658389944412971,1.6732968091319507,-0.92148105434453842,-0.0017805473161364429,0.066948579086730256,0.00035610946322728857,0.17947916946655343,0.00071221892645457715,-0.00035610946322728857,-0.27876086654806514,-60.491108040930136,21.44523538342915,-7.4433238505713737,1.6943921928256878,-0.43624276606333007,-2.5258386961851675e-15,-60.396309685222874,21.49138339148297,-7.4754329090978029,1.6938047608230726,-0.42734763045976587,0.0021366567793611778,-60.476647980126948,21.491098503912387,-7.5382506184110962,1.6936765614163107,-0.42728353075638498,1,1.8307835762794629,1.7616246212198707,1,1,1
1786434647.7681155,1,1,0.99830556338701937,0.99276685107293294,0.058189364238883969,3,0,1,0,0.063373055922294086,0.93771315302822933,-0.6601860323407458,2.4695514937367307,1.6733039284734788,-0.92148057972176989,-0.0017805473161364429,0.04202091666082005,0,0.18482081141496276,0,0,-0.27876086654806514,-60.05305525064032,21.714502912907186,-7.4433238505713737,1.8334840892516771,-0.50578871427632466,-5.2281177434151949e-15,-60.418355325951794,21.483808786530066,-7.4541432365489824,1.7079324986981643,-0.42274815213904654,0.0021366567793585133,-60.468780425944779,21.483808786530066,-7.5188305205442196,1.7079324986981643,-0.42274815213904654,1,1.8307835762794629,1.7616246212198707,1,1,1
1786434647.7889478,1,1,0.99830556338701937,0.99276685107293294,0.058189364238883969,3,0,1,0,0.063317525058376192,0.93849011050031128,-0.66019220243673671,2.4734367557199088,1.6733001314913305,-0.92148057972176989,-0.0024927662425910197,0.031693742227228684,0,0.20013351833373619,0,0.00035610946322728857,0,-59.415887555673315,21.252901433801984,-7.4433238505713737,1.8650958838939473,-0.43624276606333007,-3.8426835498317491e-15,-60.434010996997294,21.478058419997083,-7.4318301357212029,1.7195009083813004,-0.41843787527859277,0.0029913194911053934,-60.472043487669971,21.478058419997083,-7.5018768671380105,1.7195009083813004,-0.41850197498197367,1,1.8307835762794629,1.7616246212198707,1,1,1
1786434647.8099914,1,1,0.99830556338701937,0.99276685107293294,0.058189364238883969,3,0,1,0,0.063294268542718274,0.93894432448979348,-0.66018698158628286,2.4779224155052764,1.6733048777190158,-0.92148057972176989,0,0.011395502823273234,0,0.21295345900991855,0.00035610946322728857,0,0.31858384748350305,-59.893763326898565,21.44523538342915,-7.4433238505713737,1.6627803981834175,-0.50578871427632466,-6.4188834369288683e-15,-60.442593882398285,21.474142856949136,-7.406010747944241,1.7287733105322238,-0.41410205277456658,-6.4392935428259079e-15,-60.456268485786211,21.474142856949136,-7.4805444585977128,1.7287092108288429,-0.41410205277456658,1,1.8307835762794629,1.7616246212198707,1,1,1
1786434647.8308198,1,1,0.99830556338701937,0.99276685107293294,0.058189364238883969,3,0,1,0,0.063288573069495924,0.93897944657466459,-0.66018650696351433,2.4819628791337633,1.6733072508328584,-0.92148105434453842,-0.00071221892645457715,0.00071221892645457715,0.00035610946322728857,0.22862227539191926,0.00035610946322728857,-0.00035610946322728857,-0.43805279028981664,-59.893763326898565,21.714502912907186,-7.6356578001985413,1.732326346396412,-0.26553907499507046,-8.424549035809803e-15,-60.442371794831118,21.472962407210748,-7.382706217394535,1.7337391335538852,-0.41072617749079254,0.00085466271173705488,-60.443226457542863,21.472677519640165,-7.462724013781707,1.7336750338505043,-0.41066207778741165,1,1.8307835762794629,1.7616246212198707,1,1,1
1786434647.8516202,1,1,0.99830556338701937,0.99276685107293294,0.058189364238883969,3,0,1,0,0.063241110792643024,0.93896995411929407,-0.66014094317773553,2.4873071315073996,1.6733214895159143,-0.92148057972176989,-0.003204985169045597,-0.00071221892645457715,0.0049855324851820395,0.24215443499455622,0.0021366567793637313,0.00035610946322728857,0.63716769496700609,-60.05305525064032,21.349068408615569,-8.0010923044901592,1.732326346396412,-0.26553907499507046,-7.4159428598008503e-17,-60.441078594628351,21.471941395256756,-7.351704262469597,1.7394381674313701,-0.40638427573578134,0.0038459822028546605,-60.440223931916606,21.467952969268612,-7.4364583147176919,1.7390535692110847,-0.40644837543916223,1,1.8307835762794629,1.7616246212198707,1,1,1
1786434647.8724988,1,1,0.99830556338701937,0.99276685107293294,0.058189364238883969,3,0,1,0,0.06316612039521545,0.93895713930454372,-0.65998669077796368,2.4923125032243063,1.6735061177728721,-0.92148105434453842,-0.0028488757058183086,0,0.0081905176542276369,0.24072999714164708,0.014600487992318832,0,-0.43805279028981664,-60.172524193446634,20.983633904323948,-7.3471568757577899,1.631168603541147,-0.30347322856579484,-2.7314169806155753e-15,-60.438879522928119,21.470110495175483,-7.3223089229939884,1.7449233528423462,-0.40227717167699267,0.0034186508469792503,-60.438879522928119,21.463558081052099,-7.4065644219935649,1.7422952650037289,-0.40227717167699267,1,1.8307835762794629,1.7616246212198707,1,1,1
1786434647.8933625,1,1,0.99830556338701937,0.99276685107293294,0.058189364238883969,3,0,1,0,0.063154729448770749,0.93896093628669197,-0.65991881972206401,2.4974664318677622,1.6736831520655333,-0.92148152896730695,0.00035610946322728857,0.00035610946322728857,-0.0021366567793637313,0.2364566835829196,0.0053416419484093288,-0.00071221892645457715,-0.43805279028981664,-60.05305525064032,21.44523538342915,-7.3471568757577899,1.6943921928256878,-0.36669681785033542,-2.5570908238070622e-15,-60.436523806809355,21.46766710325582,-7.2918442358123174,1.7514256510835455,-0.39789347650257711,-0.0004273313558752998,-60.436951138165227,21.469376428679311,-7.3746040750663395,1.7504641555328317,-0.39776527709581527,1,1.8307835762794629,1.7616246212198707,1,1,1
1786434647.9143119,1,1,0.99830556338701937,0.99276685107293294,0.058189364238883969,3,0,1,0,0.063152830957696637,0.93896473326884022,-0.6599354315189625,2.5024157980979824,1.6737391575522198,-0.92148105434453842,-0.00035610946322728857,0.00035610946322728857,-0.00035610946322728857,0.24607163909005639,0.00035610946322728857,0,0,-60.491108040930136,21.714502912907186,-7.7125913800494077,1.6943921928256878,-0.23392728035280017,-5.8874888471394105e-16,-60.434826386356406,21.465877987292131,-7.2625184824492548,1.7575585610636089,-0.39368446967294168,0.00042733135587213567,-60.435253717712278,21.466162874862714,-7.3486435561307744,1.7574944613602279,-0.39368446967294168,1,1.8307835762794629,1.7616246212198707,1,1,1
1786434647.9355855,1,1,0.99830556338701937,0.99276685107293294,0.058189364238883969,3,0,1,0,0.063135744538029601,0.93896378402330316,-0.65993448227342544,2.5077030957393953,1.6737415306660623,-0.92148152896730695,-0.00035610946322728857,0,0.00035610946322728857,0.24286665392101081,0.00035610946322728857,-0.00035610946322728857,0.63716769496700609,-60.809691888413639,21.44523538342915,-7.1740563210933397,1.6943921928256878,-0.36669681785033542,-4.6035224243734518e-16,-60.433584471882696,21.464673152521524,-7.2310641775683084,1.763439392329893,-0.38927543269930015,0.0004273313558723022,-60.433584471882696,21.464388264950941,-7.3160675064406622,1.763375292626512,-0.38921133299591926,1,1.8307835762794629,1.7616246212198707,1,1,1
1786434647.9563692,1,1,0.99830556338701937,0.99276685107293294,0.058189364238883969,3,0,1,0,0.063147135484474287,0.93896046166392344,-0.65991407349437869,2.512759726715303,1.6737439037799051,-0.92148105434453842,0.0014244378529091543,0,0.0010683283896818657,0.2457155296268291,0,0.00035610946322728857,0.63716769496700609,-59.893763326898565,21.541402358242735,-6.8855553966525882,1.8650958838939473,-0.43624276606333007,-9.7036094437452647e-16,-60.432477747112912,21.463667987178322,-7.2007965700090413,1.7688278655169702,-0.38507999078928989,-0.0017093254234919288,-60.432477747112912,21.462813324466577,-7.2867970053784319,1.7688278655169702,-0.38514409049267079,1,1.8307835762794629,1.7616246212198707,1,1,1
1786434647.9771526,1,1,0.99830556338701937,0.99276685107293294,0.058189364238883969,3,0,1,0,0.063164221904141338,0.93896046166392344,-0.65990363179347111,2.517741367293783,1.673742005288831,-0.92148105434453842,0,0,-0.00071221892645457715,0.23788112143582876,-0.00035610946322728857,0,-0.27876086654806514,-61.128275735897141,21.252901433801984,-7.4433238505713737,1.732326346396412,-0.43624276606333007,3.8884910916192617e-16,-60.431438535803345,21.462638729665336,-7.1708001949463807,1.7741842127142298,-0.38092184566750426,3.8857805861880479e-16,-60.431438535803345,21.463208504806499,-7.2540585874489203,1.7742483124176107,-0.38092184566750426,1,1.8307835762794629,1.7616246212198707,1,1,1
1786434647.9980578,1,1,0.99830556338701937,0.99276685107293294,0.058189364238883969,3,0,1,0,0.063161374167530163,0.93896330940053463,-0.65991407349437869,2.522532684142083,1.6737415306660623,-0.92148105434453842,-0.00071221892645457715,0.00035610946322728857,-0.00071221892645457715,0.22506118075964637,0,0,-0.91592856151507118,-60.650399964671891,21.637569333056319,-7.250989900944206,1.732326346396412,-0.30347322856579484,2.6562953225894859e-16,-60.43035277302576,21.461484608780221,-7.1417757450706576,1.779521335425474,-0.37687735833463998,0.00085466271174577013,-60.430780104381633,21.462054383921384,-7.2205471583365339,1.779521335425474,-0.37687735833463998,1,1.8307835762794629,1.7616246212198707,1,1,1
1786434648.0190217,1,1,0.99830556338701937,0.99276685107293294,0.058189364238883969,3,0,1,0,0.063155204071539281,0.93896236015499757,-0.65991787047652695,2.5271441189611106,1.6737415306660623,-0.92148105434453842,-0.00035610946322728857,0,0,0.1933674385324177,0,0.00035610946322728857,1.1150434661922606,-59.893763326898565,21.714502912907186,-6.8855553966525882,1.732326346396412,-0.36669681785033542,1.9350569323978162e-15,-60.429271578436321,21.460439093106434,-7.1136876355132026,1.7845384153296708,-0.37298953392546241,0.00042733135587468918,-60.429271578436321,21.460439093106434,-7.1813662389995487,1.7845384153296708,-0.37305363362884331,1,1.8307835762794629,1.7616246212198707,1,1,1
1786434648.0400343,1,1,0.99830556338701937,0.99276685107293294,0.058189364238883969,3,0,1,0,0.063157102562613407,0.93896046166392344,-0.65992356594974932,2.5305514358163799,1.6737657364272573,-0.92148105434453842,0.00035610946322728857,0,0,0.14101934743800626,0.0024927662425910197,0,-0.11946894280631364,-60.05305525064032,21.175967853951118,-7.1740563210933397,1.732326346396412,-0.30347322856579484,-3.3150836676459905e-15,-60.428199220610765,21.459427124259488,-7.0928102327371505,1.7884188682697135,-0.37008041130460295,-0.00042733135587607696,-60.428199220610765,21.459427124259488,-7.142167004340453,1.7879701703460471,-0.37008041130460295,1,1.8307835762794629,1.7616246212198707,1,1,1
1786434648.0609071,1,1,0.99830556338701937,0.99276685107293294,0.058189364238883969,3,0,1,0,0.063154729448770749,0.93896236015499757,-0.65993875387834222,2.532873290400024,1.6737946884161377,-0.92148105434453842,-0.00035610946322728857,0.00035610946322728857,-0.0017805473161364429,0.077987972446776202,0.0014244378529091543,0,0.31858384748350305,-61.128275735897141,21.175967853951118,-6.712454841988138,1.7639381410386823,-0.43624276606333007,-2.7218895540248589e-15,-60.427339951945086,21.458521899795347,-7.0785204405453328,1.7912768859086488,-0.36805962213840399,0.00042733135587002624,-60.427767283300959,21.459946337648255,-7.1058162309017048,1.7910204870951252,-0.36805962213840399,1,1.8307835762794629,1.7616246212198707,1,1,1
1786434648.0819771,1,1,0.99830556338701937,0.99276685107293294,0.058189364238883969,3,0,1,0,0.063120081986668145,0.93896520789160876,-0.66005788419324296,2.5339411916292138,1.6738056047398138,-0.92148105434453842,-0.0028488757058183086,0,-0.0085466271174549253,0.030981523300774104,-0.00035610946322728857,0,0.63716769496700609,-61.128275735897141,21.637569333056319,-6.8855553966525882,1.732326346396412,-0.36669681785033542,-7.7695282933026855e-16,-60.42624590411058,21.457354562693922,-7.0719151479552362,1.7936036433879758,-0.36696704879162012,0.0034186508469811932,-60.42624590411058,21.464191864387885,-7.0827586811105068,1.7936677430913568,-0.36696704879162012,1,1.8307835762794629,1.7616246212198707,1,1,1
1786434648.1029263,1,1,0.99830556338701937,0.99276685107293294,0.058189364238883969,3,0,1,0,0.063006172522221182,0.93896568251437729,-0.66015755497463402,2.5341353123415424,1.6738179449317956,-0.92148057972176989,-0.0071221892645457717,0,-0.00071221892645457715,-0.0049855324851820395,0.0010683283896818657,0,-0.11946894280631364,-60.172524193446634,21.541402358242735,-6.8855553966525882,1.8334840892516771,-0.43624276606333007,1.6592358997175038e-16,-60.425415290005503,21.456513851757805,-7.0706865149456037,1.7948092344253241,-0.36664379866857538,0.0085466271174550919,-60.425415290005503,21.457083626898967,-7.0689415785757896,1.7946169353151813,-0.36664379866857538,1,1.8307835762794629,1.7616246212198707,1,1,1
1786434648.1242089,1,1,0.99830556338701937,0.99276685107293294,0.058189364238883969,3,0,1,0,0.062782150575475509,0.93896188553222903,-0.66013477308174462,2.5339948240020576,1.6738207926684068,-0.92148152896730695,-0.013532159602636965,-0.00035610946322728857,0.0010683283896818657,-0.0067660798013184824,0,0,-0.11946894280631364,-59.893763326898565,21.637569333056319,-7.5394908253849575,1.6943921928256878,-0.30347322856579484,-1.121336096893133e-15,-60.425497372614515,21.456699801084476,-7.0715544721713721,1.7944386077498797,-0.36679690464076797,0.016238591523163246,-60.425070041258643,21.45584513837273,-7.0691863442409106,1.7944386077498797,-0.36679690464076797,1,1.8307835762794629,1.7616246212198707,1,1,1
1786434648.1454079,1,1,0.99830556338701937,0.99276685107293294,0.058189364238883969,3,0,1,0,0.062499275405432243,0.93895808855008078,-0.66011958515315172,2.5338771175554626,1.6738217419139438,-0.92148152896730695,-0.011751612286500523,0,0.00071221892645457715,-0.0049855324851820395,0,0,-0.27876086654806514,-60.05305525064032,21.175967853951118,-6.8855553966525882,1.8650958838939473,-0.26553907499507046,-1.4907644346404125e-15,-60.425539358357014,21.456845778307695,-7.0722817741397943,1.79414805532549,-0.36692284943412579,0.014101934743799128,-60.425539358357014,21.456276003166533,-7.0705368377699802,1.79414805532549,-0.36692284943412579,1,1.8307835762794629,1.7616246212198707,1,1,1
1786434648.166379,1,1,0.99830556338701937,0.99276685107293294,0.058189364238883969,3,0,1,0,0.062319867998928295,0.93895998704115491,-0.66012765374021676,2.5337670050731638,1.6738207926684068,-0.92148200359007548,-0.0053416419484093288,0,-0.0010683283896818657,-0.0053416419484093288,-0.00035610946322728857,-0.00035610946322728857,0.95575154245050908,-59.734471403156817,21.175967853951118,-6.981722371466172,1.9346418321069419,-0.53740050891859503,2.1387243104992182e-16,-60.425558335451527,21.456812399504294,-7.072958880658808,1.7941129330684209,-0.36700224535303522,0.0064099703380914161,-60.425558335451527,21.457667062216039,-7.0710893059768649,1.7941770327718018,-0.36693814564965432,1,1.8307835762794629,1.7616246212198707,1,1,1
1786434648.1873002,1,1,0.99830556338701937,0.99276685107293294,0.058189364238883969,3,0,1,0,0.062289966764510964,0.93896236015499757,-0.66014236704604112,2.5336877430708196,1.6738198434228697,-0.92148152896730695,0.00071221892645457715,0.00035610946322728857,-0.00035610946322728857,-0.003204985169045597,-0.00035610946322728857,0.00035610946322728857,0,-60.491108040930136,21.541402358242735,-7.1740563210933397,1.8018722946094068,-0.43624276606333007,-6.163553825308532e-16,-60.425533657992652,21.456722503137868,-7.073443835749087,1.7941763111356797,-0.36704611633656931,-0.0008546627117461032,-60.425960989348525,21.457007390708451,-7.0723220909399211,1.7942404108390606,-0.3671102160399502,1,1.8307835762794629,1.7616246212198707,1,1,1
1786434648.2083149,1,1,0.99830556338701937,0.99276685107293294,0.058189364238883969,3,0,1,0,0.062305154693103895,0.93896188553222903,-0.66014094317773553,2.5336260421109107,1.6738198434228697,-0.92148152896730695,0.00071221892645457715,0,0.00071221892645457715,-0.0028488757058183086,0,0,-0.43805279028981664,-60.809691888413639,21.44523538342915,-7.0778893462797559,1.7639381410386823,-0.23392728035280017,-2.2610494206098952e-15,-60.425547376798278,21.456749128267415,-7.0738238812011396,1.7940931583482231,-0.36710105593979353,-0.00085466271174776853,-60.425547376798278,21.456179353126252,-7.0728267747041036,1.7940931583482231,-0.36710105593979353,1,1.8307835762794629,1.7616246212198707,1,1,1
1786434648.2296131,1,1,0.99830556338701937,0.99276685107293294,0.058189364238883969,3,0,1,0,0.062305154693103895,0.93895998704115491,-0.66012812836298529,2.5335610187916222,1.6738203180456381,-0.92148152896730695,-0.0010683283896818657,0.00035610946322728857,0.00035610946322728857,-0.0024927662425910197,-0.00035610946322728857,0,-0.27876086654806514,-60.172524193446634,21.637569333056319,-6.5201208923609704,1.7639381410386823,-0.43624276606333007,-2.6528394281646883e-15,-60.42560525384782,21.456858881266825,-7.07422639984956,1.7938940140300819,-0.3671767966296296,0.0012819940676155742,-60.426032585203693,21.456573993696242,-7.073353931664653,1.7939581137334628,-0.3671767966296296,1,1.8307835762794629,1.7616246212198707,1,1,1
1786434648.2504699,1,1,0.99830556338701937,0.99276685107293294,0.058189364238883969,3,0,1,0,0.062265761003315989,0.93895998704115491,-0.66013050147682795,2.5334931477357228,1.6738193688001011,-0.92148200359007548,-0.0028488757058183086,0,-0.00035610946322728857,-0.0046294230219547511,0,0,-0.11946894280631364,-60.650399964671891,21.541402358242735,-7.3471568757577899,1.8018722946094068,-0.30347322856579484,-1.5198888154988044e-15,-60.42561412625566,21.45686762190088,-7.0746449108147278,1.7938353095860711,-0.36723144232322974,0.0034186508469804715,-60.42561412625566,21.457152509471463,-7.0730246127570435,1.7938353095860711,-0.36723144232322974,1,1.8307835762794629,1.7616246212198707,1,1,1
1786434648.2717831,1,1,0.99830556338701937,0.99276685107293294,0.058189364238883969,3,0,1,0,0.062226841936296615,0.93896236015499757,-0.66014284166880965,2.5333180119341354,1.6738193688001011,-0.92148247821284401,0.0010683283896818657,0,-0.0010683283896818657,-0.011395502823273234,0.00035610946322728857,-0.00071221892645457715,-0.43805279028981664,-60.172524193446634,21.175967853951118,-6.8855553966525882,1.8650958838939473,-0.36669681785033542,-2.0338006452569335e-15,-60.425619504635982,21.456807573643907,-7.0757197186821914,1.7937805440457011,-0.36735782857124943,-0.0012819940676202927,-60.425619504635982,21.457662236355652,-7.0717312926940457,1.7937164443423201,-0.36722962916448759,1,1.8307835762794629,1.7616246212198707,1,1,1
1786434648.2928751,1,1,0.99830556338701937,0.99276685107293294,0.058189364238883969,3,0,1,0,0.062246301469806302,0.93896378402330316,-0.66015565648355989,2.5330327636502497,1.6738188941773327,-0.92148200359007548,0,0,0,-0.013532159602636965,-0.00035610946322728857,0.00035610946322728857,-0.43805279028981664,-60.172524193446634,21.349068408615569,-7.1740563210933397,1.7639381410386823,-0.3350850232080651,3.8561005517162572e-15,-60.42562995377245,21.456778484393027,-7.0774712200879017,1.7936011999561485,-0.36757944451345093,3.8302694349567901e-15,-60.42562995377245,21.456778484393027,-7.0727349642269788,1.7936652996595295,-0.36764354421683182,1,1.8307835762794629,1.7616246212198707,1,1,1
1786434648.3140025,1,1,0.99830556338701937,0.99276685107293294,0.058189364238883969,3,0,1,0,0.062225418067991027,0.93896378402330316,-0.66015613110632843,2.5327536854623545,1.6738188941773327,-0.92148247821284401,-0.0017805473161364429,0,0,-0.013532159602636965,0.00035610946322728857,0,0.15929192374175152,-61.128275735897141,21.637569333056319,-6.5201208923609704,1.7639381410386823,-0.43624276606333007,1.6390019766734931e-15,-60.425690252382161,21.456838214305279,-7.0791872723789364,1.7933062007468374,-0.36781429468216742,0.0021366567793653967,-60.425690252382161,21.456838214305279,-7.0744510165180134,1.7932421010434565,-0.36781429468216742,1,1.8307835762794629,1.7616246212198707,1,1,1
1786434648.3348117,1,1,0.99830556338701937,0.99276685107293294,0.058189364238883969,3,0,1,0,0.062201212306796046,0.93896378402330316,-0.66015945346570815,2.5324570462320239,1.6738231657822493,-0.92148247821284401,0.00035610946322728857,0,-0.00071221892645457715,-0.016381035308455274,0.00035610946322728857,0,-0.11946894280631364,-60.331816117188382,21.637569333056319,-7.0778893462797559,1.8018722946094068,-0.26553907499507046,1.7689571595730369e-15,-60.425693681953753,21.456841276540793,-7.0810051355879384,1.7930502201046086,-0.36805526514694925,-0.00042733135587096993,-60.425693681953753,21.457411051681955,-7.0752717732299795,1.7929861204012276,-0.36805526514694925,1,1.8307835762794629,1.7616246212198707,1,1,1
1786434648.3555782,1,1,0.99830556338701937,0.99276685107293294,0.058189364238883969,3,0,1,0,0.062224468822453971,0.93896568251437729,-0.66019552479611643,2.5320327334769588,1.673823640405018,-0.92148247821284401,0.0014244378529091543,0,-0.003204985169045597,-0.023503224573001046,0,0,-0.11946894280631364,-60.650399964671891,21.44523538342915,-7.4433238505713737,1.8334840892516771,-0.50578871427632466,-2.6832784041572189e-15,-60.425579190793769,21.456674409423535,-7.0836036835152685,1.792942651211948,-0.36835841635420824,-0.0017093254234936497,-60.425579190793769,21.459238397558771,-7.0753775549147182,1.792942651211948,-0.36835841635420824,1,1.8307835762794629,1.7616246212198707,1,1,1
1786434648.3764954,1,1,0.99830556338701937,0.99276685107293294,0.058189364238883969,3,0,1,0,0.062256743170713939,0.93896805562821994,-0.66030516265564654,2.5314983082395952,1.6738231657822493,-0.92148247821284401,0.0017805473161364429,0,-0.0067660798013184824,-0.027776538131728506,0.00035610946322728857,0,0.31858384748350305,-61.128275735897141,21.541402358242735,-6.8855553966525882,1.8018722946094068,-0.43624276606333007,-3.7468671828383426e-15,-60.425009340040276,21.456040354504982,-7.0868629428554124,1.7933795956258418,-0.36864846873432505,-0.0021366567793674506,-60.425009340040276,21.461453218346037,-7.0771411545093077,1.7933154959224609,-0.36864846873432505,1,1.8307835762794629,1.7616246212198707,1,1,1
1786434648.3975449,1,1,0.99830556338701937,0.99276685107293294,0.058189364238883969,3,0,1,0,0.06231702026231712,0.93896853025098848,-0.66046653439694647,2.5308314632498123,1.6738298105010088,-0.92148247821284401,0.0035610946322728858,0,-0.0081905176542276369,-0.033118180080137838,0.00071221892645457715,0,0,-60.331816117188382,21.252901433801984,-6.6162878671745542,1.6943921928256878,-0.47417691963405439,-5.5058361298973568e-15,-60.424011807006401,21.455031954670925,-7.0909145351566965,1.79417746241084,-0.3689697649643795,-0.0042733135587329583,-60.424011807006401,21.461584368794309,-7.0793231721286478,1.7940492630040781,-0.3689697649643795,1,1.8307835762794629,1.7616246212198707,1,1,1
1786434648.4188755,1,1,0.99830556338701937,0.99276685107293294,0.058189364238883969,3,0,1,0,0.062332682813678576,0.93896900487375701,-0.66063787321638534,2.5301484810858987,1.673833607483157,-0.92148247821284401,-0.0017805473161364429,0,-0.0085466271174549253,-0.02991319491109224,0.00035610946322728857,0,0,-61.128275735897141,21.637569333056319,-5.8854188585913185,1.8334840892516771,-0.13276953749753523,-4.146788706686777e-15,-60.422978754973926,21.453988090059159,-7.0950626545856359,1.7950263419845742,-0.36929340445276432,0.002136656779359568,-60.422978754973926,21.460825391753122,-7.084593036366754,1.7949622422811933,-0.36929340445276432,1,1.8307835762794629,1.7616246212198707,1,1,1
1786434648.4399788,1,1,0.99830556338701937,0.99276685107293294,0.058189364238883969,3,0,1,0,0.062257692416250995,0.93896995411929407,-0.66079877033491674,2.5295191312948293,1.6738549655077408,-0.92148247821284401,-0.0053416419484093288,0,-0.0078344081910003485,-0.032049851690455974,0.00071221892645457715,-0.00035610946322728857,0.79645961870875759,-59.734471403156817,21.714502912907186,-6.981722371466172,1.7639381410386823,-0.43624276606333007,-4.7327864283880361e-15,-60.421847569022617,21.45283366750062,-7.0988619395259231,1.7959716703605673,-0.36956543321628194,0.0064099703380864756,-60.421847569022617,21.459101194053421,-7.0876444914342631,1.7958434709538054,-0.36950133351290104,1,1.8307835762794629,1.7616246212198707,1,1,1
1786434648.4599895,1,1,0.99830556338701937,0.99276685107293294,0.058189364238883969,3,0,1,0,0.062178430413906659,0.93896995411929407,-0.66096868528605013,2.5288124179924898,1.6739066993895104,-0.92148200359007548,-0.0014244378529091543,-0.00035610946322728857,-0.0071221892645457717,-0.037747603102092589,0.0035610946322728858,0.00035610946322728857,-0.27876086654806514,-60.172524193446634,21.44523538342915,-6.5201208923609704,1.7639381410386823,-0.43624276606333007,2.981122293466143e-15,-60.420363787289531,21.451354077428661,-7.1030967480078466,1.7971306795452124,-0.369855808522287,0.0017093254234939828,-60.419936455933659,21.457051828840299,-7.0898850869221146,1.7964896825114034,-0.36991990822566789,1,1.8307835762794629,1.7616246212198707,1,1,1
1786434648.4811125,1,1,0.99830556338701937,0.99276685107293294,0.058189364238883969,3,0,1,0,0.062177006545601071,0.93896995411929407,-0.66105743974376496,2.5279804042792584,1.6739503646842151,-0.92148247821284401,0,0,-0.0021366567793637313,-0.04166480719759276,0.003204985169045597,0,-0.43805279028981664,-60.650399964671891,21.349068408615569,-7.0778893462797559,1.8018722946094068,-0.26553907499507046,6.5132090259351072e-16,-60.419539333192802,21.450531523531033,-7.108120008896786,1.797358475880626,-0.37037780721998076,6.6613381477509392e-16,-60.419539333192802,21.452240848954524,-7.0935373263776285,1.7967815785501977,-0.37037780721998076,1,1.8307835762794629,1.7616246212198707,1,1,1
1786434648.502351,1,1,0.99830556338701937,0.99276685107293294,0.058189364238883969,3,0,1,0,0.062171311072378721,0.93896900487375701,-0.66107025455851531,2.5270563137489326,1.6740495608428376,-0.92148247821284401,-0.0010683283896818657,-0.00035610946322728857,-0.00035610946322728857,-0.04237702612404734,0.0056977514116366172,0,-0.27876086654806514,-60.650399964671891,21.541402358242735,-6.8855553966525882,1.732326346396412,-0.30347322856579484,1.7315792896765991e-15,-60.418701050847815,21.449721825361653,-7.1136560257815464,1.7971997700938007,-0.37102409801388181,0.0012819940676199596,-60.418273719491943,21.450006712932236,-7.0988240666381301,1.7961741748397062,-0.37102409801388181,1,1.8307835762794629,1.7616246212198707,1,1,1
1786434648.5233376,1,1,0.99830556338701937,0.99276685107293294,0.058189364238883969,3,0,1,0,0.062098693788793791,0.93896805562821994,-0.66107025455851531,2.5261863302142191,1.6742057117336837,-0.92148247821284401,-0.0049855324851820395,0,0,-0.04166480719759276,0.011395502823273234,0,0.47787577122525454,-60.331816117188382,21.637569333056319,-7.1740563210933397,1.8018722946094068,-0.26553907499507046,3.4371377272135462e-15,-60.417393190406536,21.448444792376577,-7.1187966207687357,1.7974010639101023,-0.37157660147044469,0.0059826389822218891,-60.417393190406536,21.448444792376577,-7.1042139382495781,1.7953498734019131,-0.37157660147044469,1,1.8307835762794629,1.7616246212198707,1,1,1
1786434648.5442839,1,1,0.99830556338701937,0.99276685107293294,0.058189364238883969,3,0,1,0,0.061971969509596554,0.93896853025098848,-0.6610731022951265,2.5252589173245132,1.6745422192765709,-0.92148247821284401,-0.006409970338091194,0,-0.00035610946322728857,-0.04273313558727463,0.020298239403955448,0,0,-59.893763326898565,21.252901433801984,-7.1740563210933397,1.6943921928256878,-0.36669681785033542,2.1207807645445831e-15,-60.414386871992363,21.445437626218457,-7.1240845400801565,1.7989039636017441,-0.37196071241134726,0.0076919644057115415,-60.414386871992363,21.44572251378904,-7.1091279426246103,1.795250280509032,-0.37196071241134726,1,1.8307835762794629,1.7616246212198707,1,1,1
1786434648.5654202,1,1,0.99830556338701937,0.99276685107293294,0.058189364238883969,3,0,1,0,0.061811547013833762,0.93896900487375701,-0.66109968117016404,2.5243989008679391,1.6750434209201375,-0.92148295283561255,-0.0078344081910003485,0,-0.0010683283896818657,-0.039172040955001743,0.029200975984637664,0,-0.11946894280631364,-60.05305525064032,21.714502912907186,-6.6162878671745542,1.7639381410386823,-0.36669681785033542,-5.604742473082347e-15,-60.409633104079788,21.440690560459998,-7.128770661612374,1.8019012137587682,-0.37206127415835577,0.0094012898291948119,-60.409633104079788,21.441545223171744,-7.1150604472781236,1.7966450380815335,-0.37206127415835577,1,1.8307835762794629,1.7616246212198707,1,1,1
1786434648.5863848,1,1,0.99830556338701937,0.99276685107293294,0.058189364238883969,3,0,1,0,0.061640208194394801,0.93896758100545141,-0.66110585126615495,2.5236072300900325,1.6758099366913117,-0.92148295283561255,-0.0089027365806822138,-0.00035610946322728857,0.00035610946322728857,-0.034186508469819701,0.04166480719759276,0,-0.11946894280631364,-60.650399964671891,21.44523538342915,-7.4433238505713737,1.5616226553281525,-0.10115774285526494,-2.284454635008426e-15,-60.402428714572096,21.433555997703316,-7.1327472882205329,1.8067163720962103,-0.37182813007874105,0.01068328389681638,-60.402001383216223,21.433271110132733,-7.1207820102560957,1.7992167068006435,-0.37182813007874105,1,1.8307835762794629,1.7616246212198707,1,1,1
1786434648.6075726,1,1,0.99830556338701937,0.99276685107293294,0.058189364238883969,3,0,1,0,0.061428051816862353,0.93896710638268288,-0.66110442739784936,2.5229294687765731,1.6768493605543902,-0.92148247821284401,-0.009971064970364079,0,0,-0.033474289543365128,0.059114170895729901,0.00035610946322728857,-0.27876086654806514,-60.331816117188382,21.637569333056319,-6.4239539175473874,1.6943921928256878,-0.43624276606333007,1.9964227753604957e-16,-60.392664294190197,21.423846827389433,-7.1357233313568003,1.8135937577387398,-0.37119186506685536,0.011965277964437117,-60.392664294190197,21.423846827389433,-7.1240073300166227,1.8029532069775085,-0.37125596477023626,1,1.8307835762794629,1.7616246212198707,1,1,1
1786434648.6288586,1,1,0.99830556338701937,0.99276685107293294,0.058189364238883969,3,0,1,0,0.061215420816561374,0.93896710638268288,-0.66110632588892349,2.5221914303715107,1.678387138324424,-0.92148295283561255,-0.010683283896818658,0,-0.00035610946322728857,-0.034186508469819701,0.080124629226139929,0,0,-60.05305525064032,21.541402358242735,-7.6356578001985413,1.631168603541147,-0.43624276606333007,-1.5144813571635329e-15,-60.378149967767087,21.409395552037456,-7.1385008882920422,1.8240852647783719,-0.3700211313924226,0.012819940676180889,-60.378149967767087,21.409680439608039,-7.126535610327605,1.8096628315176666,-0.3700211313924226,1,1.8307835762794629,1.7616246212198707,1,1,1
1786434648.6499228,1,1,0.99830556338701937,0.99276685107293294,0.058189364238883969,3,0,1,0,0.060986652642130407,0.93896710638268288,-0.66110680051169202,2.5215079735848289,1.6801902302220655,-0.92148295283561255,-0.010683283896818658,0,-0.00035610946322728857,-0.032049851690455974,0.091164022586185875,-0.00035610946322728857,-0.59734471403156819,-60.331816117188382,21.349068408615569,-7.1740563210933397,1.631168603541147,-0.26553907499507046,-3.1220279183077904e-15,-60.361106437013888,21.392426288039331,-7.140630486319079,1.8365539081114288,-0.36850017980283356,0.012819940676179279,-60.361106437013888,21.392711175609914,-7.129413038227419,1.8201443840459153,-0.36843608009945267,1,1.8307835762794629,1.7616246212198707,1,1,1
1786434648.6712906,1,1,0.99830556338701937,0.99276685107293294,0.058189364238883969,3,0,1,0,0.060783988719968533,0.93896663175991435,-0.66110632588892349,2.5208302122713695,1.6823972260957252,-0.92148295283561255,-0.0092588460439095022,0,0.00035610946322728857,-0.031693742227228684,0.11359891876950505,0,0.15929192374175152,-59.893763326898565,21.44523538342915,-7.0778893462797559,1.9030300374646716,-0.26553907499507046,-1.4484805499134779e-15,-60.340214788175814,21.37163889980517,-7.14224390042751,1.8519550772108186,-0.36650942333055453,0.011110615252689958,-60.340214788175814,21.371354012234587,-7.1311510906479798,1.8315072718323078,-0.36650942333055453,1,1.8307835762794629,1.7616246212198707,1,1,1
1786434648.6925077,1,1,0.99830556338701937,0.99276685107293294,0.058189364238883969,3,0,1,0,0.060599360463010767,0.93896663175991435,-0.66110680051169202,2.5201121080225852,1.6852402164792137,-0.92148295283561255,-0.0078344081910003485,0,-0.00035610946322728857,-0.035254836859501565,0.14742931777609747,0,0.15929192374175152,-59.734471403156817,21.349068408615569,-7.250989900944206,1.8334840892516771,-0.43624276606333007,-7.4555704492051955e-15,-60.31328785890463,21.344829761732399,-7.1433364148340672,1.8719503926175787,-0.36381548886964488,0.0094012898291929801,-60.31328785890463,21.345114649302982,-7.1309972219332414,1.8454131154178812,-0.36381548886964488,1,1.8307835762794629,1.7616246212198707,1,1,1
1786434648.7137015,1,1,0.99830556338701937,0.99276685107293294,0.058189364238883969,3,0,1,0,0.060446531931544437,0.93896663175991435,-0.66110774975722908,2.5193256580951329,1.6885108419771471,-0.92148247821284401,-0.0071221892645457717,0.00035610946322728857,0,-0.040596478807910896,0.16950810449618936,0.00035610946322728857,0,-60.968983812155393,21.541402358242735,-7.1740563210933397,1.732326346396412,-0.36669681785033542,-2.1641895090254715e-15,-60.282320531922579,21.313997979566842,-7.1442881822873341,1.8949574789915986,-0.36068812550597895,0.0085466271174527604,-60.282747863278452,21.313997979566842,-7.1300794147045652,1.8644460201822846,-0.36075222520935984,1,1.8307835762794629,1.7616246212198707,1,1,1
1786434648.7348588,1,1,0.99830556338701937,0.99276685107293294,0.058189364238883969,3,0,1,0,0.060320756897884256,0.93896473326884022,-0.66110442739784936,2.5184077376607976,1.6925195058801428,-0.92148295283561255,-0.0060538608748639056,0,0,-0.04202091666082005,0.19621631423823599,0,-0.59734471403156819,-60.650399964671891,21.44523538342915,-7.9049253296765754,1.6943921928256878,-0.60694645713158968,-1.4131762166719186e-15,-60.244379635280495,21.276275391504782,-7.1450857528041745,1.9230862207078738,-0.35683208006727357,0.0072646330498352986,-60.244379635280495,21.276275391504782,-7.1303784319728871,1.8877672841449913,-0.35683208006727357,1,1.8307835762794629,1.7616246212198707,1,1,1
1786434648.75582,1,1,0.99830556338701937,0.99276685107293294,0.058189364238883969,3,0,1,0,0.060198778846372314,0.93896520789160876,-0.66111059749384027,2.5175472465814548,1.6969026471475077,-0.92148295283561255,-0.006409970338091194,0,-0.00071221892645457715,-0.044869792366638357,0.23538835519323775,0,-0.91592856151507118,-60.650399964671891,21.541402358242735,-7.1740563210933397,1.732326346396412,-0.43624276606333007,-1.7523959713883208e-15,-60.202890716400972,21.234955367224504,-7.1449775564244833,1.9540471620260802,-0.35248560081740782,0.0076919644057076558,-60.202890716400972,21.235525142365667,-7.12927312909616,1.9116772580912973,-0.35248560081740782,1,1.8307835762794629,1.7616246212198707,1,1,1
1786434648.7767529,1,1,0.99830556338701937,0.99276685107293294,0.058189364238883969,3,0,1,0,0.059967162935330172,0.93898988827557228,-0.66132275387137274,2.5163791999481049,1.7023109735948954,-0.92148342745838108,-0.015312706918773409,0.0021366567793637313,-0.023147115109773755,-0.053416419484093286,0.26530155010432999,0,0.31858384748350305,-59.893763326898565,21.637569333056319,-7.8087583548629915,1.8334840892516771,-0.43624276606333007,3.757966702579163e-15,-60.15093339543818,21.182546940131981,-7.1452676543851004,1.9940618774910106,-0.34689724906214559,0.018375248302531864,-60.153497383573416,21.201064632219801,-7.1265719075656673,1.9463075984722311,-0.34689724906214559,1,1.8307835762794629,1.7616246212198707,1,1,1
1786434648.79773,1,1,0.99830556338701937,0.99276685107293294,0.058189364238883969,3,0,1,0,0.059717036736315406,0.93899226138941494,-0.66195067979413658,2.5154636526276124,1.7077473027856263,-0.92148342745838108,-0.0074782987277730601,-0.00071221892645457715,-0.02706431920527393,-0.039528150418229033,0.26601376903078455,0.00035610946322728857,0.31858384748350305,-60.05305525064032,21.349068408615569,-7.250989900944206,1.8650958838939473,-0.30347322856579484,-3.8390921301353909e-15,-60.095507169770706,21.12729347928272,-7.143744120356911,2.0379980981647741,-0.34050734817803485,0.0089739584733238408,-60.09465250705896,21.148944934646938,-7.1299092677105307,1.9901156197392329,-0.34057144788141575,1,1.8307835762794629,1.7616246212198707,1,1,1
1786434648.8186135,1,1,0.99830556338701937,0.99276685107293294,0.058189364238883969,3,0,1,0,0.059602178026331394,0.93897612421528498,-0.66215239447076135,2.5146036361710382,1.7139487238792259,-0.92148390208114961,-0.006409970338091194,0,0.0039172040955001743,-0.046650339682774801,0.32975736294846919,0,-0.59734471403156819,-60.172524193446634,20.887466929510367,-6.8855553966525882,1.8650958838939473,-0.13276953749753523,6.7795161845518592e-16,-60.035356013695193,21.067847853164572,-7.1408032093848153,2.0834224758455728,-0.33384415975101744,0.0076919644057100982,-60.035356013695193,21.064714089888174,-7.1244755904958437,2.0240661505148485,-0.33384415975101744,1,1.8307835762794629,1.7616246212198707,1,1,1
1786434648.8398039,1,1,0.99830556338701937,0.99276685107293294,0.058189364238883969,3,0,1,0,0.059492540166801201,0.93898087044297018,-0.66214622437477044,2.5135229201270977,1.7213438212356758,-0.92148390208114961,-0.0028488757058183086,0.00035610946322728857,-0.0035610946322728858,-0.050211434315047689,0.35076782127887923,0,-0.43805279028981664,-59.097303708189813,20.810533349659501,-7.0778893462797559,2.1053455231752016,-0.36669681785033542,-6.6279176157840736e-15,-59.965904910168007,20.998572322823883,-7.137373022996699,2.1353385329668861,-0.32629035816898305,0.0034186508469753645,-59.96633224152388,21.001421198529702,-7.1197990209864326,2.0722003251366878,-0.32629035816898305,1,1.8307835762794629,1.7616246212198707,1,1,1
1786434648.860925,1,1,0.99830556338701937,0.99276685107293294,0.058189364238883969,3,0,1,0,0.05947402987882857,0.93898656591619256,-0.66227152478566209,2.5125442479783908,1.728964364407177,-0.92148390208114961,-0.0014244378529091543,0,-0.0074782987277730601,-0.043801463976956494,0.38068101618997147,0,-0.27876086654806514,-59.734471403156817,21.079800879137533,-6.6162878671745542,2.0357995749622066,-0.26553907499507046,-3.0580735426583017e-15,-59.893604866691454,20.926433594492259,-7.1326699659265493,2.1899937973978671,-0.31822280106594492,0.001709325423487932,-59.893604866691454,20.932416233474477,-7.1173394535346146,2.1214712144836723,-0.31822280106594492,1,1.8307835762794629,1.7616246212198707,1,1,1
1786434648.8817575,1,1,0.99830556338701937,0.99276685107293294,0.058189364238883969,3,0,1,0,0.059464537423457989,0.9389856166706555,-0.66243859200018429,2.5117421354995768,1.7372014425549973,-0.92148390208114961,0.00035610946322728857,0,-0.006409970338091194,-0.030269304374319527,0.389939862233881,0,-0.11946894280631364,-59.734471403156817,21.079800879137533,-7.5394908253849575,2.0674113696044771,-0.36669681785033542,-3.9086979096089602e-15,-59.815218408046981,20.848417757686168,-7.1256912688684544,2.2494176201944298,-0.30926886739086662,-0.00042733135587663207,-59.815218408046981,20.85354573395664,-7.1150970123374426,2.1792284449923311,-0.30926886739086662,1,1.8307835762794629,1.7616246212198707,1,1,1
1786434648.9027445,1,1,0.99830556338701937,0.99276685107293294,0.058189364238883969,3,0,1,0,0.059471656764985927,0.93898087044297018,-0.66245235606047159,2.5112148296037411,1.7452040570551643,-0.92148342745838108,0.00035610946322728857,0,0,-0.021010458330410025,0.3920765190132447,0,-0.59734471403156819,-59.734471403156817,20.425865450405166,-7.250989900944206,2.2065032660304666,-0.20231548571052987,-4.906502721474526e-15,-59.740076018025576,20.773737729166424,-7.1170940305593442,2.3059512725145042,-0.30058908366931764,-0.00042733135587763127,-59.740076018025576,20.773737729166424,-7.109740370143701,2.2353774990921202,-0.30058908366931764,1,1.8307835762794629,1.7616246212198707,1,1,1
1786434648.9235778,1,1,0.99830556338701937,0.99276685107293294,0.058189364238883969,3,0,1,0,0.059471182142217395,0.93897944657466459,-0.6624433382278696,2.51088923838453,1.7531796180575252,-0.92148342745838108,0,0,0,-0.011395502823273234,0.38637876760160811,0,0.31858384748350305,-59.893763326898565,21.252901433801984,-6.6162878671745542,2.2760492142434612,-0.3350850232080651,-3.9780461910665643e-15,-59.665537672219791,20.699568642940669,-7.1070070066963575,2.3622342473408535,-0.29180803427508811,-3.9968028886505635e-15,-59.665537672219791,20.699568642940669,-7.1030185807082118,2.2926860691725639,-0.29180803427508811,1,1.8307835762794629,1.7616246212198707,1,1,1
1786434648.9443088,1,1,0.99830556338701937,0.99276685107293294,0.058189364238883969,3,0,1,0,0.059470707519448864,0.93897992119743312,-0.66244760983278639,2.5107667857102496,1.7614304602656328,-0.92148342745838108,0.00035610946322728857,0,0,-0.00071221892645457715,0.3699977322931528,0,0.31858384748350305,-59.575179479415063,20.618199400032331,-6.8855553966525882,2.3392728035280017,-0.13276953749753523,-3.0903014522354333e-15,-59.588521420474585,20.62288096303719,-7.0949549187930838,2.4207468653523376,-0.28252818529239149,-0.00042733135587585491,-59.588521420474585,20.62288096303719,-7.094705642168825,2.3541472735395703,-0.28252818529239149,1,1.8307835762794629,1.7616246212198707,1,1,1
1786434648.9651208,1,1,0.99830556338701937,0.99276685107293294,0.058189364238883969,3,0,1,0,0.059472606010522983,0.93898087044297018,-0.66245757691092544,2.5107686842013237,1.7687491433563496,-0.92148342745838108,0,0,0,0,0.34720672664660635,0,0.95575154245050908,-59.575179479415063,20.52203242521875,-7.1740563210933397,2.3772069570987262,-0.26553907499507046,-1.7940970974475445e-15,-59.520320743975589,20.554957056101276,-7.083318036942063,2.4727386996836533,-0.27420241409292001,-1.7763568394002505e-15,-59.520320743975589,20.554957056101276,-7.083318036942063,2.4102414888872641,-0.27420241409292001,1,1.8307835762794629,1.7616246212198707,1,1,1
1786434648.985913,1,1,0.99830556338701937,0.99276685107293294,0.058189364238883969,3,0,1,0,0.059473555256060039,0.93898181968850725,-0.66245757691092544,2.5107691588240924,1.7756411405781589,-0.92148295283561255,0.00035610946322728857,0,0,0.00035610946322728857,0.31480076549292307,0.00035610946322728857,0.63716769496700609,-60.172524193446634,20.348931870554299,-6.5201208923609704,2.6490683910222503,-0.13276953749753523,-1.3773704399255848e-15,-59.456307513021017,20.491202291614606,-7.0721125816128865,2.5214944390384399,-0.26639038767778495,-0.00042733135587413407,-59.456307513021017,20.491202291614606,-7.0722372199250163,2.4648303012497137,-0.26645448738116584,1,1.8307835762794629,1.7616246212198707,1,1,1
1786434649.0067215,1,1,0.99830556338701937,0.99276685107293294,0.058189364238883969,3,0,1,0,0.059473555256060039,0.93898324355681284,-0.66246801861183313,2.5107686842013237,1.781812660437341,-0.92148342745838108,0,0,0,0,0.28310702326569442,-0.00035610946322728857,0.63716769496700609,-59.25659563193156,20.618199400032331,-6.981722371466172,2.7502261338775154,-0.36669681785033542,-3.4849917006016251e-15,-59.399058343897153,20.434168594103802,-7.0618716704829954,2.5651457940225688,-0.25939056503898428,-3.4972025275692431e-15,-59.399058343897153,20.434168594103802,-7.0618716704829954,2.5141865298347437,-0.25932646533560338,1,1.8307835762794629,1.7616246212198707,1,1,1
1786434649.0275898,1,1,0.99830556338701937,0.99276685107293294,0.058189364238883969,3,0,1,0,0.059487793939115907,0.93898324355681284,-0.6624675439890646,2.5107705826923978,1.7874706384609749,-0.92148342745838108,0.00071221892645457715,0,0,0.00035610946322728857,0.23681279304614689,-0.00035610946322728857,0.63716769496700609,-59.415887555673315,20.425865450405166,-6.8855553966525882,2.8134497231620559,-0.20231548571052987,-4.4806823182308442e-15,-59.346715268750827,20.382058467583878,-7.0522970835303438,2.6049837801062301,-0.25299725212054486,-0.00085466271174998898,-59.346715268750827,20.382058467583878,-7.0524217218424736,2.5623574773579239,-0.25293315241716396,1,1.8307835762794629,1.7616246212198707,1,1,1
1786434649.0487683,1,1,0.99830556338701937,0.99276685107293294,0.058189364238883969,3,0,1,0,0.059500608753866188,0.93898276893404431,-0.66246232313861075,2.5107691588240924,1.7918855794538315,-0.92148295283561255,0,0,0.0010683283896818657,0,0.19443576692209955,0,0,-59.415887555673315,20.52203242521875,-6.7893884218390053,2.7502261338775154,-0.031611794642270291,-1.7712339841352565e-15,-59.30596455071769,20.341502258630442,-7.0447277867246658,2.6359607394362481,-0.24802579654605922,-1.7763568394002505e-15,-59.30596455071769,20.340647595918696,-7.0447277867246658,2.6009623013902701,-0.24802579654605922,1,1.8307835762794629,1.7616246212198707,1,1,1
1786434649.0698774,1,1,0.99830556338701937,0.99276685107293294,0.058189364238883969,3,0,1,0,0.059503456490477363,0.93898229431127578,-0.66246232313861075,2.5107701080696296,1.795398737186483,-0.92148247821284401,0.00035610946322728857,0,0.00035610946322728857,0,0.14173156636446085,0,0.95575154245050908,-57.982260241997551,20.348931870554299,-6.6162878671745542,2.9146074660173209,-0.031611794642270291,-5.494831477846629e-15,-59.273553630316108,20.309248730056851,-7.0386192557698442,2.6606129598891282,-0.24406635169759591,-0.00042733135587824189,-59.273553630316108,20.308963842486268,-7.0386192557698442,2.6351012779435252,-0.24406635169759594,1,1.8307835762794629,1.7616246212198707,1,1,1
1786434649.0909989,1,1,0.99830556338701937,0.99276685107293294,0.058189364238883969,3,0,1,0,0.059506304227088538,0.93898324355681284,-0.66246327238414782,2.5107710573151665,1.7978582323730001,-0.92148295283561255,0.00035610946322728857,0,-0.00035610946322728857,0.00035610946322728857,0.097930102387504353,0,0.15929192374175152,-59.734471403156817,20.52203242521875,-6.712454841988138,2.8513838767327804,-0.30347322856579484,-1.2231155758352097e-15,-59.250909722286579,20.286679679972391,-7.0343033257838083,2.6778710499832128,-0.24129236761698095,-0.00042733135587396753,-59.250909722286579,20.286964567542974,-7.0344279640959382,2.6602436315534619,-0.24129236761698092,1,1.8307835762794629,1.7616246212198707,1,1,1
1786434649.1121795,1,1,0.99830556338701937,0.99276685107293294,0.058189364238883969,3,0,1,0,0.059511999700310889,0.9389841928023499,-0.66246517087522194,2.5107715319379351,1.7993751267412186,-0.92148295283561255,0,0,0.00035610946322728857,0,0.043801463976956494,0,-0.43805279028981664,-59.415887555673315,20.618199400032331,-6.981722371466172,2.8134497231620559,-0.10115774285526494,-1.4405387690000215e-15,-59.236953054730265,20.272759161947938,-7.0316258444084045,2.6885216502834397,-0.23958047063065091,-1.4432899320127035e-15,-59.236953054730265,20.272474274377355,-7.0316258444084045,2.6806373867675877,-0.23958047063065091,1,1.8307835762794629,1.7616246212198707,1,1,1
1786434649.1330364,1,1,0.99830556338701937,0.99276685107293294,0.058189364238883969,3,0,1,0,0.059513423568616476,0.93898276893404431,-0.66246137389307369,2.5107715319379351,1.7997472309917453,-0.92148295283561255,0,0,0.00035610946322728857,0,-0.0014244378529091543,-0.00035610946322728857,0.15929192374175152,-58.938011784448058,19.964263971299964,-6.7893884218390053,2.7122919803067913,-0.20231548571052987,-3.1592973679869796e-15,-59.233522724094058,20.269383210717404,-7.0309691644952457,2.6910816045551549,-0.23916912194525172,-3.1641356201816961e-15,-59.233522724094058,20.269098323146821,-7.0309691644952457,2.6913380033686787,-0.23910502224187083,1,1.8307835762794629,1.7616246212198707,1,1,1
1786434649.1539514,1,1,0.99830556338701937,0.99276685107293294,0.058189364238883969,3,0,1,0,0.059514372814153532,0.93898324355681284,-0.6624585261564625,2.5107705826923978,1.7997078373019575,-0.92148295283561255,0,0.00035610946322728857,0.00035610946322728857,0.00035610946322728857,-0.00035610946322728857,0,-0.59734471403156819,-59.734471403156817,20.348931870554299,-7.5394908253849575,2.5795224428092558,-0.26553907499507046,-3.4050724479622874e-16,-59.233913677114693,20.269759426501867,-7.0310448002413795,2.6907834440776321,-0.23921770120572161,-3.3306690738754696e-16,-59.234341008470565,20.269474538931284,-7.0311694385535093,2.6908475437810129,-0.23921770120572161,1,1.8307835762794629,1.7616246212198707,1,1,1
1786434649.1749039,1,1,0.99830556338701937,0.99276685107293294,0.058189364238883969,3,0,1,0,0.059512948945847945,0.9389841928023499,-0.66246232313861075,2.5107710573151665,1.7997087865474946,-0.92148247821284401,-0.00035610946322728857,0,0,0,0.00035610946322728857,0.00035610946322728857,-0.11946894280631364,-58.938011784448058,19.694996441821928,-6.7893884218390053,2.6111342374515263,-0.3350850232080651,-2.30650459669135e-16,-59.23390002454849,20.269719761632118,-7.0310389261471329,2.6908328019636021,-0.23920997012580858,0.00042733135587252424,-59.23390002454849,20.269719761632118,-7.0310389261471329,2.6907687022602214,-0.2392740698291895,1,1.8307835762794629,1.7616246212198707,1,1,1
1786434649.1978474,1,1,0.99830556338701937,0.99276685107293294,0.058189364238883969,3,0,1,0,0.059512474323079413,0.9389841928023499,-0.66246232313861075,2.5107710573151665,1.7997059388108834,-0.92148295283561255,0,0,0,0,0,0,-0.11946894280631364,-59.097303708189813,19.964263971299964,-6.8855553966525882,2.7502261338775154,-0.26553907499507046,-2.8606538795758474e-15,-59.233926902023775,20.269746522279092,-7.0310444095841005,2.690812329504225,-0.2392126767177426,-2.886579864025407e-15,-59.233926902023775,20.269746522279092,-7.0310444095841005,2.690812329504225,-0.2392126767177426,1,1.8307835762794629,1.7616246212198707,1,1,1
1786434649.2192183,1,1,0.99830556338701937,0.99276685107293294,0.058189364238883969,3,0,1,0,0.059513898191385001,0.93898324355681284,-0.6624585261564625,2.5107705826923978,1.7997064134336518,-0.92148295283561255,0,0,0,0,0,0,0.31858384748350305,-58.77871986070631,20.060430946113549,-6.981722371466172,2.6490683910222503,-0.26553907499507046,4.5716739855566901e-16,-59.233926780083628,20.269772471065913,-7.0310473184348536,2.6907734748677203,-0.23921930344209758,4.4408920985006262e-16,-59.233926780083628,20.269772471065913,-7.0310473184348536,2.6907734748677203,-0.23921930344209758,1,1.8307835762794629,1.7616246212198707,1,1,1
1786434649.240494,1,1,0.99830556338701937,0.99276685107293294,0.058189364238883969,3,0,1,0,0.059517695173533232,0.93898371817958137,-0.6624599500247681,2.5107705826923978,1.7997059388108834,-0.92148295283561255,0.00035610946322728857,0.00035610946322728857,0,-0.00035610946322728857,0,0,0.15929192374175152,-59.097303708189813,19.964263971299964,-6.6162878671745542,2.7122919803067913,-0.26553907499507046,-2.9564431415149417e-15,-59.23393211000478,20.26976474604588,-7.0310477485698257,2.6907866871298105,-0.23921715201967395,-0.00042733135587568838,-59.234359441360652,20.26976474604588,-7.0309231102576959,2.6907866871298105,-0.23921715201967397,1,1.8307835762794629,1.7616246212198707,1,1,1
1786434649.2614567,1,1,0.99830556338701937,0.99276685107293294,0.058189364238883969,3,0,1,0,0.059520542910144407,0.9389841928023499,-0.66246137389307369,2.5107710573151665,1.7996978702238184,-0.92148342745838108,0.00035610946322728857,-0.00035610946322728857,0,0,-0.00071221892645457715,-0.00035610946322728857,-0.75663663777331969,-59.097303708189813,20.252764895740714,-6.7893884218390053,2.6806801856645208,-0.3350850232080651,-2.4469629881368471e-15,-59.23400787910942,20.269827149763756,-7.0310593308103853,2.6907470355440055,-0.23922260093993503,-0.00042733135587518878,-59.233580547753547,20.269827149763756,-7.0310593308103853,2.6908752349507674,-0.23915850123655411,1,1.8307835762794629,1.7616246212198707,1,1,1
1786434649.2827322,1,1,0.99830556338701937,0.99276685107293294,0.058189364238883969,3,0,1,0,0.059522441401218526,0.93898466742511844,-0.66246137389307369,2.5107715319379351,1.7996950224872073,-0.92148295283561255,0,0.00035610946322728857,0,0,0,0,-1.0752204852568228,-60.172524193446634,20.618199400032331,-6.8855553966525882,2.7818379285197858,-0.3350850232080651,-3.674063006955941e-15,-59.234043343706105,20.269849435240847,-7.0310610925878674,2.6907326043657842,-0.23922518486795133,-3.6637359812630166e-15,-59.234470675061978,20.269849435240847,-7.0310610925878674,2.6907326043657842,-0.2392251848679513,1,1.8307835762794629,1.7616246212198707,1,1,1
1786434649.3039751,1,1,0.99830556338701937,0.99276685107293294,0.058189364238883969,3,0,1,0,0.059522916023987051,0.93898324355681284,-0.66245710228815691,2.5107715319379351,1.7996935986189015,-0.92148295283561255,0,-0.00035610946322728857,0.00035610946322728857,0,0,0,-0.11946894280631364,-59.575179479415063,20.15659792092713,-7.4433238505713737,2.7818379285197858,-0.26553907499507046,-4.0671133995362485e-15,-59.234053560250842,20.26989869977097,-7.031064838486631,2.6906730289010534,-0.23923484363887709,-4.0523140398818214e-15,-59.23362622889497,20.269613812200387,-7.031064838486631,2.6906730289010534,-0.23923484363887709,1,1.8307835762794629,1.7616246212198707,1,1,1
1786434649.324919,1,1,0.99830556338701937,0.99276685107293294,0.058189364238883969,3,0,1,0,0.059522916023987051,0.93898276893404431,-0.66245472917431425,2.5107705826923978,1.7996935986189015,-0.92148295283561255,0,0.00035610946322728857,0,-0.00035610946322728857,0,0,0,-59.25659563193156,20.348931870554299,-7.4433238505713737,2.6490683910222503,-0.10115774285526494,-3.8257971009952874e-15,-59.234058882765297,20.269917037045182,-7.0310709024350384,2.690646547032749,-0.23923976598910862,-3.8302694349567901e-15,-59.234486214121169,20.269917037045182,-7.0309462641229086,2.690646547032749,-0.23923976598910862,1,1.8307835762794629,1.7616246212198707,1,1,1
1786434649.3457217,1,1,0.99830556338701937,0.99276685107293294,0.058189364238883969,3,0,1,0,0.059522916023987051,0.93898371817958137,-0.66245662766538838,2.5107710573151665,1.7996921747505961,-0.92148295283561255,0.00035610946322728857,0,-0.00035610946322728857,0.00035610946322728857,-0.00035610946322728857,0,0,-59.734471403156817,20.060430946113549,-6.5201208923609704,2.6111342374515263,-0.26553907499507046,-3.1512878244377429e-15,-59.234079850850428,20.269911858199748,-7.031070081631337,2.6906622202664305,-0.23923689292538711,-0.00042733135587591042,-59.234079850850428,20.270196745770331,-7.0311947199434668,2.6907263199698113,-0.23923689292538708,1,1.8307835762794629,1.7616246212198707,1,1,1
1786434649.3665631,1,1,0.99830556338701937,0.99276685107293294,0.058189364238883969,3,0,1,0,0.059522441401218526,0.9389841928023499,-0.66245757691092544,2.5107715319379351,1.7996893270139849,-0.92148295283561255,0,0,0,0.00035610946322728857,-0.00035610946322728857,0,0.63716769496700609,-59.25659563193156,20.887466929510367,-6.981722371466172,2.6806801856645208,-0.10115774285526494,-3.4574258603661812e-15,-59.234109931948808,20.269928778767486,-7.0310720857663531,2.6906555226376008,-0.23923763623774241,-3.4416913763379853e-15,-59.234109931948808,20.269928778767486,-7.031196724078483,2.6907196223409815,-0.23923763623774241,1,1.8307835762794629,1.7616246212198707,1,1,1
1786434649.387681,1,1,0.99830556338701937,0.99276685107293294,0.058189364238883969,3,0,1,0,0.059523390646755582,0.93898371817958137,-0.66245662766538838,2.5107710573151665,1.7996864792773737,-0.92148295283561255,0,0,0,0,-0.00035610946322728857,0,0.15929192374175152,-58.938011784448058,19.964263971299964,-6.5201208923609704,2.7502261338775154,-0.26553907499507046,-4.5627428701608408e-15,-59.234132263087552,20.269964036816198,-7.031080153873944,2.6906223431139455,-0.23924330190725038,-4.5519144009631418e-15,-59.234132263087552,20.269964036816198,-7.031080153873944,2.6906864428173263,-0.23924330190725041,1,1.8307835762794629,1.7616246212198707,1,1,1
1786434649.4087679,1,1,0.99830556338701937,0.99276685107293294,0.058189364238883969,3,0,1,0,0.059524339892292638,0.93898371817958137,-0.66245615304261984,2.5107705826923978,1.799685055409068,-0.92148295283561255,0.00035610946322728857,0.00035610946322728857,0,-0.00035610946322728857,-0.00035610946322728857,0,-0.75663663777331969,-59.097303708189813,20.15659792092713,-7.1740563210933397,2.7502261338775154,-0.031611794642270291,-3.2756864712032985e-15,-59.234148508623854,20.269980213583693,-7.0310854992901906,2.6906074006012481,-0.23924602257354222,-0.00042733135587602145,-59.234575839979726,20.269980213583693,-7.0309608609780607,2.6906715003046289,-0.23924602257354222,1,1.8307835762794629,1.7616246212198707,1,1,1
1786434649.4300218,1,1,0.99830556338701937,0.99276685107293294,0.058189364238883969,3,0,1,0,0.059521966778449995,0.93898371817958137,-0.66245805153369397,2.5107705826923978,1.7996855300318366,-0.92148295283561255,-0.00035610946322728857,0,0,-0.00035610946322728857,0.00035610946322728857,0,-0.11946894280631364,-59.734471403156817,20.060430946113549,-6.7893884218390053,2.6490683910222503,-0.3350850232080651,-7.445622894272641e-16,-59.234132030450731,20.269963792114766,-7.0310842507205553,2.6906272591659319,-0.23924280297864509,0.00042733135587202464,-59.234132030450731,20.269963792114766,-7.0309596124084255,2.6905631594625512,-0.23924280297864509,1,1.8307835762794629,1.7616246212198707,1,1,1
1786434649.4510994,1,1,0.99830556338701937,0.99276685107293294,0.058189364238883969,3,0,1,0,0.059520068287375882,0.93898371817958137,-0.66245947540199956,2.5107701080696296,1.7996855300318366,-0.92148295283561255,0,-0.00035610946322728857,0,-0.00035610946322728857,0,0,0.31858384748350305,-59.893763326898565,19.964263971299964,-6.712454841988138,2.7502261338775154,-0.3350850232080651,-3.1637019393127019e-15,-59.234123062398311,20.269954850935868,-7.0310866688603237,2.6906388214125552,-0.23924123588483667,-3.1641356201816961e-15,-59.233695731042438,20.269954850935868,-7.0309620305481939,2.6906388214125552,-0.2392412358848367,1,1.8307835762794629,1.7616246212198707,1,1,1
1786434649.4726241,1,1,0.99830556338701937,0.99276685107293294,0.058189364238883969,3,0,1,0,0.059519593664607351,0.9389841928023499,-0.66246137389307369,2.5107701080696296,1.799686004654605,-0.92148295283561255,0,0,-0.00035610946322728857,0,0,0,0.63716769496700609,-59.25659563193156,19.964263971299964,-7.8087583548629915,2.7122919803067913,-0.031611794642270291,-3.3247059619267993e-15,-59.234116629146129,20.269935411000176,-7.0310853179113373,2.6906628138137259,-0.23923734490903428,-3.3306690738754696e-15,-59.234116629146129,20.270220298570759,-7.0310853179113373,2.6906628138137259,-0.23923734490903426,1,1.8307835762794629,1.7616246212198707,1,1,1
1786434649.4936495,1,1,0.99830556338701937,0.99276685107293294,0.058189364238883969,3,0,1,0,0.059519593664607351,0.93898371817958137,-0.66246184851584222,2.5107701080696296,1.799686004654605,-0.92148295283561255,-0.00035610946322728857,-0.00035610946322728857,0.00035610946322728857,0,0,-0.00035610946322728857,-1.0752204852568228,-58.460136013222808,20.252764895740714,-7.4433238505713737,2.6490683910222503,-0.36669681785033542,-2.8602473037611653e-15,-59.234103556443813,20.26993541100018,-7.031085317923166,2.6906628138100825,-0.23923734491097479,0.00042733135586985971,-59.23367622508794,20.269650523429597,-7.031085317923166,2.6906628138100825,-0.23917324520759389,1,1.8307835762794629,1.7616246212198707,1,1,1
1786434649.5148699,1,1,0.99830556338701937,0.99276685107293294,0.058189364238883969,3,0,1,0,0.059520542910144407,0.9389841928023499,-0.66246422162968488,2.5107701080696296,1.799686004654605,-0.92148342745838108,0,0,0,0,0,-0.00035610946322728857,0.31858384748350305,-58.938011784448058,20.15659792092713,-6.981722371466172,2.6490683910222503,-0.13276953749753523,-3.9704296708048537e-15,-59.234099134651416,20.269917972352378,-7.0310851509906236,2.6906870828774463,-0.23923281876606942,-3.9968028886505635e-15,-59.234099134651416,20.269917972352378,-7.0310851509906236,2.6906870828774463,-0.23916871906268847,1,1.8307835762794629,1.7616246212198707,1,1,1
1786434649.5359008,1,1,0.99830556338701937,0.99276685107293294,0.058189364238883969,3,0,1,0,0.059520542910144407,0.93898466742511844,-0.66246706936629607,2.5107701080696296,1.7996855300318366,-0.92148295283561255,-0.00035610946322728857,0.00035610946322728857,-0.00035610946322728857,0,0,0,-0.11946894280631364,-59.415887555673315,19.887330391449098,-7.3471568757577899,2.7122919803067913,-0.36669681785033542,4.6653219482051256e-16,-59.234094709467449,20.269900520208409,-7.031084826922295,2.690713230855009,-0.23922915106059872,0.00042733135587319038,-59.234522040823322,20.270185407778992,-7.031084826922295,2.690713230855009,-0.23922915106059872,1,1.8307835762794629,1.7616246212198707,1,1,1
1786434649.5568752,1,1,0.99830556338701937,0.99276685107293294,0.058189364238883969,3,0,1,0,0.059520542910144407,0.93898466742511844,-0.66246896785737019,2.5107705826923978,1.799685055409068,-0.92148342745838108,0,0,-0.00035610946322728857,0,0,-0.00035610946322728857,0.31858384748350305,-59.734471403156817,19.964263971299964,-6.7893884218390053,2.7122919803067913,-0.26553907499507046,-3.331536435613458e-15,-59.234087522879854,20.269893352440242,-7.0310829788483051,2.6907267484432702,-0.2392260547095478,-3.3306690738754696e-15,-59.234087522879854,20.270178240010825,-7.0310829788483051,2.6907267484432702,-0.23916195500616691,1,1.8307835762794629,1.7616246212198707,1,1,1
1786434649.5779519,1,1,0.99830556338701937,0.99276685107293294,0.058189364238883969,3,0,1,0,0.059520542910144407,0.9389841928023499,-0.66246896785737019,2.5107705826923978,1.7996826822952254,-0.92148295283561255,0,0,0.00035610946322728857,0,-0.00035610946322728857,0,-0.11946894280631364,-58.460136013222808,20.348931870554299,-7.7125913800494077,2.6806801856645208,-0.20231548571052987,-2.8400133807171546e-15,-59.234098644740506,20.269917440358583,-7.0310868308694197,2.6907065332576172,-0.23922989436421241,-2.8310687127941492e-15,-59.234098644740506,20.269632552788,-7.0310868308694197,2.6907706329609979,-0.23922989436421238,1,1.8307835762794629,1.7616246212198707,1,1,1
1786434649.5990481,1,1,0.99830556338701937,0.99276685107293294,0.058189364238883969,3,0,1,0,0.059520068287375882,0.93898466742511844,-0.66246944248013873,2.5107705826923978,1.7996817330496884,-0.92148295283561255,0,0,-0.00035610946322728857,0,-0.00035610946322728857,0,0.63716769496700609,-58.938011784448058,20.348931870554299,-6.7893884218390053,2.5415882892385318,-0.10115774285526494,-2.7834180273134113e-15,-59.2341143972886,20.269920099902325,-7.0310883048316617,2.6907081548032732,-0.23922961976270263,-2.7755575615628914e-15,-59.2341143972886,20.270204987472908,-7.0310883048316617,2.6907722545066539,-0.23922961976270263,1,1.8307835762794629,1.7616246212198707,1,1,1
1786434649.6203191,1,1,0.99830556338701937,0.99276685107293294,0.058189364238883969,3,0,1,0,0.059520542910144407,0.93898466742511844,-0.66246991710290726,2.5107705826923978,1.7996746137081605,-0.92148295283561255,0.00035610946322728857,0,0,0,-0.00035610946322728857,0,0.15929192374175152,-59.097303708189813,20.348931870554299,-6.5201208923609704,2.7502261338775154,-0.3350850232080651,-6.6130911510753343e-16,-59.234176884806239,20.269982304707536,-7.0311007923746072,2.6906624423470116,-0.23923695959458829,-0.00042733135587341242,-59.234176884806239,20.269982304707536,-7.0311007923746072,2.6907265420503923,-0.23923695959458829,1,1.8307835762794629,1.7616246212198707,1,1,1
1786434649.6416695,1,1,0.99830556338701937,0.99276685107293294,0.058189364238883969,3,0,1,0,0.059520542910144407,0.93898514204788697,-0.66247039172567579,2.5107710573151665,1.7996684436121695,-0.92148295283561255,0,0.00035610946322728857,-0.00035610946322728857,0.00035610946322728857,-0.00035610946322728857,0,0,-59.575179479415063,20.252764895740714,-7.5394908253849575,2.7122919803067913,-0.36669681785033542,-6.2360598455935001e-16,-59.234240567061498,20.270032680870631,-7.0311087735879916,2.6906283491541796,-0.23924211285607491,-6.106226635438361e-16,-59.234667898417371,20.270317568441214,-7.0312334119001214,2.6906924488575603,-0.23924211285607488,1,1.8307835762794629,1.7616246212198707,1,1,1
1786434649.6629617,1,1,0.99830556338701937,0.99276685107293294,0.058189364238883969,3,0,1,0,0.059521966778449995,0.9389841928023499,-0.66246991710290726,2.5107710573151665,1.7996627481389471,-0.92148342745838108,0.00035610946322728857,-0.00035610946322728857,0,0,-0.00071221892645457715,0,-0.43805279028981664,-59.575179479415063,20.618199400032331,-6.8855553966525882,2.7122919803067913,-0.30347322856579484,-4.2743179872253845e-15,-59.234276589093142,20.270094586700736,-7.0311195992422828,2.6905755361769148,-0.23925003813876353,-0.00042733135587702065,-59.233849257737269,20.270094586700736,-7.0311195992422828,2.6907037355836767,-0.23925003813876355,1,1.8307835762794629,1.7616246212198707,1,1,1
1786434649.6838245,1,1,0.99830556338701937,0.99276685107293294,0.058189364238883969,3,0,1,0,0.059521492155681463,0.93898466742511844,-0.66247086634844432,2.5107710573151665,1.7996546795518822,-0.92148295283561255,0,0,0,0,0,0.00035610946322728857,-0.27876086654806514,-58.938011784448058,20.060430946113549,-6.6162878671745542,2.6490683910222503,-0.3350850232080651,-7.1815519026366403e-15,-59.234354157974934,20.270158779884031,-7.0311331128614922,2.6905319790093558,-0.23925760127266099,-7.1609385088322597e-15,-59.234354157974934,20.270158779884031,-7.0311331128614922,2.6905319790093558,-0.23932170097604191,1,1.8307835762794629,1.7616246212198707,1,1,1
1786434649.704901,1,1,0.99830556338701937,0.99276685107293294,0.058189364238883969,3,0,1,0,0.059520542910144407,0.93898466742511844,-0.66247181559398138,2.5107710573151665,1.7996513571925026,-0.92148295283561255,0.00035610946322728857,0,0,0,0,0,-0.11946894280631364,-59.415887555673315,20.252764895740714,-6.8855553966525882,2.6806801856645208,-0.10115774285526494,-1.9375641499216889e-15,-59.234378676402898,20.27018318066051,-7.0311387829928638,2.6905169849722363,-0.23925999709275153,-0.00042733135587468918,-59.234378676402898,20.27018318066051,-7.0311387829928638,2.6905169849722363,-0.23925999709275153,1,1.8307835762794629,1.7616246212198707,1,1,1
1786434649.7260106,1,1,0.99830556338701937,0.99276685107293294,0.058189364238883969,3,0,1,0,0.059521966778449995,0.9389841928023499,-0.66247181559398138,2.5107715319379351,1.7996508825697339,-0.92148295283561255,0.00035610946322728857,-0.00035610946322728857,0.00035610946322728857,0,0,0,-0.43805279028981664,-59.734471403156817,19.964263971299964,-6.8855553966525882,2.6111342374515263,-0.26553907499507046,-3.8559921314990087e-15,-59.234372884350954,20.270190433575216,-7.0311369995051631,2.6905103672075801,-0.23926075553765033,-0.00042733135587657656,-59.233945552995081,20.269905546004633,-7.0311369995051631,2.6905103672075801,-0.23926075553765036,1,1.8307835762794629,1.7616246212198707,1,1,1
1786434649.7469301,1,1,0.99830556338701937,0.99276685107293294,0.058189364238883969,3,0,1,0,0.059521966778449995,0.93898371817958137,-0.66246991710290726,2.5107720065607038,1.7996513571925026,-0.92148295283561255,0,0,0,0.00035610946322728857,0.00035610946322728857,0,-0.11946894280631364,-58.77871986070631,19.964263971299964,-6.981722371466172,2.6806801856645208,-0.26553907499507046,-3.9456149935820917e-15,-59.234370468072115,20.270201063954207,-7.0311339469091347,2.6904938600838806,-0.2392631313549026,-3.9412917374193057e-15,-59.234370468072115,20.270201063954207,-7.0312585852212646,2.6904297603804999,-0.23926313135490263,1,1.8307835762794629,1.7616246212198707,1,1,1
1786434649.7678361,1,1,0.99830556338701937,0.99276685107293294,0.058189364238883969,3,0,1,0,0.059521017532912938,0.93898276893404431,-0.66246896785737019,2.5107710573151665,1.7996527810608081,-0.92148295283561255,0,0.00035610946322728857,0,-0.00035610946322728857,0,0,-1.0752204852568228,-60.172524193446634,20.618199400032331,-6.981722371466172,2.6111342374515263,-0.26553907499507046,-3.9489353627353285e-15,-59.234343560390151,20.270200320745445,-7.0311372887707684,2.6904856153248016,-0.23926510869987422,-3.9412917374193057e-15,-59.234770891746024,20.270200320745445,-7.0310126504586385,2.6904856153248016,-0.23926510869987422,1,1.8307835762794629,1.7616246212198707,1,1,1
1786434649.7887421,1,1,0.99830556338701937,0.99276685107293294,0.058189364238883969,3,0,1,0,0.059523390646755582,0.93898371817958137,-0.66247181559398138,2.5107715319379351,1.7996523064380396,-0.92148295283561255,0.00035610946322728857,0.00035610946322728857,-0.00035610946322728857,-0.00035610946322728857,0,0,0.47787577122525454,-59.097303708189813,20.348931870554299,-6.981722371466172,2.7502261338775154,-0.3350850232080651,-4.4729438252247289e-15,-59.234349736289857,20.270180407308022,-7.0311345840945645,2.6905162026708247,-0.23925982467066476,-0.00042733135587724269,-59.23477706764573,20.270465294878605,-7.0310099457824347,2.6905162026708247,-0.23925982467066476,1,1.8307835762794629,1.7616246212198707,1,1,1
# event,1786434649.9958804,RECOVERING,实体 FREE 松开：实体保持输入已释放；保持力矩控制并增强阻尼，静止后切回位置保持
1786434649.8934879,1,1,0.99830556338701937,0.99276685107293294,0.058189364238883969,3,0,1,0,0.059523390646755582,0.9389841928023499,-0.66247608719889806,2.5107739050517779,1.7996494587014285,-0.92148295283561255,0,0,0,0.00035610946322728857,0.00035610946322728857,0,0.31858384748350305,-58.77871986070631,20.060430946113549,-6.981722371466172,2.6806801856645208,-0.26553907499507046,-1.6702134467139196e-15,-59.234358162315907,20.270175742245183,-7.0311249703717325,2.690541799193138,-0.23925408018055541,-1.6653345369377348e-15,-59.234358162315907,20.270175742245183,-7.0312496086838623,2.6904776994897572,-0.23925408018055538,1,1.8307835762794629,1.7616246212198707,1,1,1
1786434649.9146807,1,1,0.99830556338701937,0.99276685107293294,0.058189364238883969,3,0,1,0,0.059523390646755582,0.93898324355681284,-0.66247513795336099,2.5107729558062406,1.7996494587014285,-0.92148342745838108,0,0,0,0,0,-0.00035610946322728857,-0.27876086654806514,-59.097303708189813,20.060430946113549,-7.1740563210933397,2.7502261338775154,-0.26553907499507046,-2.309255759704032e-15,-59.234345029786326,20.270188715738229,-7.0311312771494991,2.6905230510065765,-0.23925716192398094,-2.3314683517128287e-15,-59.234345029786326,20.270188715738229,-7.0311312771494991,2.6905230510065765,-0.23919306222060002,1,1.8307835762794629,1.7616246212198707,1,1,1
1786434649.9356432,1,1,0.99830556338701937,0.99276685107293294,0.058189364238883969,3,0,1,0,0.059522916023987051,0.93898276893404431,-0.6624737140850554,2.510772481183472,1.7996499333241969,-0.92148295283561255,0,0,0,0,-0.00035610946322728857,0.00035610946322728857,0.31858384748350305,-59.734471403156817,20.348931870554299,-6.8855553966525882,2.6111342374515263,-0.3350850232080651,-5.2494765262131593e-15,-59.234339144031665,20.270195883876333,-7.0311331254541161,2.6905095333615856,-0.23926025827299297,-5.2735593669694936e-15,-59.234339144031665,20.270195883876333,-7.0311331254541161,2.6905736330649663,-0.23932435797637389,1,1.8307835762794629,1.7616246212198707,1,1,1
1786434649.9568458,1,1,0.99830556338701937,0.99276685107293294,0.058189364238883969,3,0,1,0,0.059522441401218526,0.93898324355681284,-0.66247561257612952,2.5107729558062406,1.7996499333241969,-0.92148295283561255,-0.00035610946322728857,0,-0.00035610946322728857,0,0,0,-0.43805279028981664,-59.415887555673315,20.060430946113549,-6.981722371466172,2.6111342374515263,-0.26553907499507046,-4.7587124128375957e-15,-59.234336962616979,20.27018067737102,-7.0311298885025408,2.6905310421132609,-0.23925645431297443,0.00042733135586797233,-59.234336962616979,20.270465564941603,-7.0311298885025408,2.6905310421132609,-0.23925645431297443,1,1.8307835762794629,1.7616246212198707,1,1,1
1786434649.977824,1,1,0.99830556338701937,0.99276685107293294,0.058189364238883969,3,0,1,0,0.059523390646755582,0.9389841928023499,-0.66247656182166659,2.5107729558062406,1.7996489840786598,-0.92148295283561255,-0.00035610946322728857,0,0,-0.00035610946322728857,-0.00035610946322728857,0,0,-59.734471403156817,20.15659792092713,-6.981722371466172,2.6111342374515263,-0.36669681785033542,-4.3393430125202026e-15,-59.234359732008564,20.270177299673808,-7.0311311575027569,2.6905409314636324,-0.23925483693328436,0.00042733135586841642,-59.234359732008564,20.270177299673808,-7.031006519190627,2.6906050311670131,-0.23925483693328436,1,1.8307835762794629,1.7616246212198707,1,1,1
1786434649.9992976,6,1,0.99830556338701937,0.99276685107293294,0.058189364238883969,3,0,1,1,0.059523865269524114,0.93898324355681284,-0.66247561257612952,2.5107729558062406,1.7996485094558914,-0.92148295283561255,-0.00035610946322728857,-0.00035610946322728857,-0.00035610946322728857,0,-0.00035610946322728857,0,-0.59734471403156819,-58.77871986070631,19.964263971299964,-7.3471568757577899,2.6111342374515263,-0.20231548571052987,-3.4822676426432553e-15,-59.234350065793244,20.270193722141745,-7.0311324062593643,2.6905210727422451,-0.23925805656869858,3.8708061818388837e-05,-59.234317622755853,20.270212739440389,-7.0311290590175961,2.6906022472559457,-0.2393202893307633,1,1.8307835762794629,1.7616246212198707,1,1,1
1786434650.0202243,6,1,0.99830556338701937,0.99276685107293294,0.058189364238883969,3,0,1,1,0.059523390646755582,0.93898324355681284,-0.66247418870782393,2.5107729558062406,1.7996489840786598,-0.92148295283561255,0,0,0,0,0.00035610946322728857,0,0.31858384748350305,-58.938011784448058,20.060430946113549,-7.3471568757577899,2.6806801856645208,-0.13276953749753523,-2.07959463451729e-15,-59.234354781620766,20.27019842949338,-7.0311318741030044,2.6905119941677889,-0.2392595366424885,-1.614557857086274e-15,-59.234356959106286,20.270187560643141,-7.0311295983837692,2.6904280112394328,-0.2393098333013127,1,1.8307835762794629,1.7616246212198707,1,1,1
1786434650.0418508,6,1,0.99830556338701937,0.99276685107293294,0.058189364238883969,3,0,1,1,0.059522441401218526,0.93898371817958137,-0.66247608719889806,2.510772481183472,1.7996485094558914,-0.92148295283561255,0,0,0,-0.00035610946322728857,0,0,-0.27876086654806514,-58.77871986070631,20.060430946113549,-6.981722371466172,2.6111342374515263,-0.20231548571052987,-1.640560517296441e-15,-59.234357197696887,20.270187798909436,-7.0311349266343202,2.6905285012926865,-0.23925716082031362,-1.8134273243569325e-15,-59.234358097860827,20.270188696295989,-7.0304577899350225,2.6905619370512768,-0.23929088205674942,1,1.8307835762794629,1.7616246212198707,1,1,1
1786434650.063148,6,1,0.99830556338701937,0.99276685107293294,0.058189364238883969,3,0,1,1,0.059522441401218526,0.9389841928023499,-0.66247846031274071,2.5107734304290092,1.7996480348331227,-0.92148295283561255,0,0,0,0.00035610946322728857,0,0,0,-58.77871986070631,20.252764895740714,-7.4433238505713737,2.6806801856645208,-0.3350850232080651,-3.955914914220704e-15,-59.234356240972645,20.270173808020377,-7.0311297013699674,2.6905516600551724,-0.23925277252902399,-2.0164174698711074e-15,-59.234359260210958,20.270189855480147,-7.0322384270552254,2.6905407258140852,-0.23927153813259475,1,1.8307835762794629,1.7616246212198707,1,1,1
1786434650.0845113,6,1,0.99830556338701937,0.99276685107293294,0.058189364238883969,3,0,1,1,0.059523865269524114,0.9389841928023499,-0.66247798568997218,2.510772481183472,1.7996475602103543,-0.92148295283561255,0,0.00035610946322728857,0,-0.00035610946322728857,0,0,0.63716769496700609,-59.097303708189813,19.964263971299964,-6.981722371466172,2.7122919803067913,-0.3350850232080651,6.3741600973138413e-16,-59.234363866451652,20.270181402603427,-7.0311360932497671,2.6905425245418186,-0.23925487205379409,-2.1491051499633085e-15,-59.238531784176345,20.270190613198988,-7.029741638005917,2.6905268607574948,-0.23925889367434547,1,1.8307835762794629,1.7616246212198707,1,1,1
1786434650.1055198,6,1,0.99830556338701937,0.99276685107293294,0.058189364238883969,3,0,1,1,0.059524339892292638,0.93898324355681284,-0.66247703644443512,2.510772481183472,1.7996475602103543,-0.92148295283561255,0.00035610946322728857,0,-0.00035610946322728857,-0.00035610946322728857,0,0,-0.27876086654806514,-59.893763326898565,20.425865450405166,-7.1740563210933397,2.5795224428092558,-0.36669681785033542,-1.2776102875297624e-15,-59.23434983256778,20.270193476869522,-7.0311365027745785,2.6905259889432394,-0.23925755760554923,-0.0042733135587296276,-59.234360110642648,20.27303957930128,-7.0297078660265289,2.6905252066449772,-0.23925738518020156,1,1.8307835762794629,1.7616246212198707,1,1,1
1786434650.1263525,6,1,0.99830556338701937,0.99276685107293294,0.058189364238883969,3,0,1,1,0.059522916023987051,0.93898371817958137,-0.66247798568997218,2.5107729558062406,1.7996470855875857,-0.92148295283561255,0,0,0,0,0,0,0.31858384748350305,-59.25659563193156,20.060430946113549,-6.981722371466172,2.5795224428092558,-0.20231548571052987,-4.5357191310116396e-15,-59.234358074435882,20.270188655561071,-7.0311343097612946,2.6905359067678973,-0.2392556305014891,-2.1649348980190553e-15,-59.234360110642648,20.27019070359546,-7.0311323038794384,2.6905252066449772,-0.23925738518020156,1,1.8307835762794629,1.7616246212198707,1,1,1
1786434650.147249,6,1,0.99830556338701937,0.99276685107293294,0.058189364238883969,3,0,1,1,0.059522916023987051,0.9389841928023499,-0.66248035880381484,2.5107729558062406,1.7996466109648173,-0.92148295283561255,0,0,0,0,0,0,0,-59.734471403156817,20.252764895740714,-7.5394908253849575,2.6806801856645208,-0.13276953749753523,3.542088497510143e-16,-59.234357347437175,20.270174892290086,-7.0311345347061813,2.6905573870301964,-0.23925213626060032,-2.1649348980190553e-15,-59.234360110642648,20.27019070359546,-7.0311323038794384,2.6905252066449772,-0.23925738518020156,1,1.8307835762794629,1.7616246212198707,1,1,1
1786434650.168061,6,1,0.99830556338701937,0.99276685107293294,0.058189364238883969,3,0,1,1,0.059522916023987051,0.9389841928023499,-0.66247988418104631,2.5107729558062406,1.7996466109648173,-0.92148295283561255,0,0,0,0,0,0,-0.59734471403156819,-58.938011784448058,20.252764895740714,-6.8855553966525882,2.7502261338775154,-0.36669681785033542,-1.0760028935560828e-15,-59.234360375353461,20.270177910889583,-7.0311346370917462,2.6905532531348775,-0.23925280764807658,-2.1649348980190553e-15,-59.234360110642648,20.27019070359546,-7.0311323038794384,2.6905252066449772,-0.23925738518020156,1,1.8307835762794629,1.7616246212198707,1,1,1
1786434650.1887119,6,1,0.99830556338701937,0.99276685107293294,0.058189364238883969,3,0,1,1,0.059522441401218526,0.93898324355681284,-0.66247846031274071,2.510772481183472,1.7996466109648173,-0.92148295283561255,-0.00035610946322728857,0,0,0,0,0,0,-59.097303708189813,20.252764895740714,-6.5201208923609704,2.7502261338775154,-0.30347322856579484,-8.4642308353227724e-16,-59.234349484378029,20.270193117689924,-7.0311378741460757,2.6905317443958463,-0.23925661161447578,0.0042733135587252977,-59.234360110642648,20.27019070359546,-7.0311323038794384,2.6905252066449772,-0.23925738518020156,1,1.8307835762794629,1.7616246212198707,1,1,1
1786434650.2103319,6,1,0.99830556338701937,0.99276685107293294,0.058189364238883969,3,0,1,1,0.059522441401218526,0.93898371817958137,-0.66247846031274071,2.5107729558062406,1.7996466109648173,-0.92148295283561255,0,0,0,0,0,0.00035610946322728857,0.31858384748350305,-59.097303708189813,20.348931870554299,-7.1740563210933397,2.6806801856645208,-0.10115774285526494,-2.639192033318527e-15,-59.234359414268795,20.270189985241512,-7.0311350466300109,2.6905367175438926,-0.23925549319938003,-2.1649348980190553e-15,-59.234360110642648,20.27019070359546,-7.0311323038794384,2.6905252066449772,-0.24014765883826977,1,1.8307835762794629,1.7616246212198707,1,1,1
1786434650.2311246,6,1,0.99830556338701937,0.99276685107293294,0.058189364238883969,3,0,1,1,0.059523865269524114,0.9389841928023499,-0.66248083342658337,2.5107734304290092,1.7996466109648173,-0.92148295283561255,0,0.00035610946322728857,-0.00035610946322728857,0,0,0,0.31858384748350305,-59.415887555673315,20.252764895740714,-7.1740563210933397,2.7122919803067913,-0.43624276606333007,5.1003580699149342e-16,-59.2343542045761,20.270171759801713,-7.0311317071911361,2.6905623601703352,-0.23925101784710373,-2.1649348980190553e-15,-59.238633424201375,20.27303957930128,-7.0311323038794384,2.6905252066449772,-0.23925738518020156,1,1.8307835762794629,1.7616246212198707,1,1,1
1786434650.252106,6,1,0.99830556338701937,0.99276685107293294,0.058189364238883969,3,0,1,1,0.05952481451506117,0.93898371817958137,-0.66248035880381484,2.5107734304290092,1.7996466109648173,-0.92148295283561255,0.00035610946322728857,0,0,0,0,0,-0.11946894280631364,-59.734471403156817,19.791163416635513,-6.981722371466172,2.7122919803067913,-0.10115774285526494,-3.2162857446782489e-16,-59.234347187714732,20.270177797008859,-7.0311319119756037,2.6905540923766806,-0.23925236062403626,-0.0042733135587296276,-59.234360110642648,20.27019070359546,-7.0311323038794384,2.6905252066449772,-0.23925738518020156,1,1.8307835762794629,1.7616246212198707,1,1,1
1786434650.2730186,6,1,0.99830556338701937,0.99276685107293294,0.058189364238883969,3,0,1,1,0.05952481451506117,0.93898371817958137,-0.66247988418104631,2.5107734304290092,1.7996461363420486,-0.92148295283561255,0,0,0,0.00035610946322728857,0,0.00035610946322728857,0,-60.331816117188382,20.15659792092713,-6.4239539175473874,2.5795224428092558,-0.20231548571052987,-2.4442118251241651e-15,-59.234354583351667,20.270185163860624,-7.0311328536041504,2.6905466353595351,-0.23925356609647933,-2.1649348980190553e-15,-59.234360110642648,20.27019070359546,-7.032556741732348,2.6905252066449772,-0.24014765883826977,1,1.8307835762794629,1.7616246212198707,1,1,1
1786434650.2938313,6,1,0.99830556338701937,0.99276685107293294,0.058189364238883969,3,0,1,1,0.059524339892292638,0.9389841928023499,-0.66248035880381484,2.5107734304290092,1.7996461363420486,-0.92148295283561255,0,0,0,0.00035610946322728857,0,0,0.15929192374175152,-58.77871986070631,20.887466929510367,-7.5394908253849575,2.7502261338775154,-0.23392728035280017,-4.2026386710969366e-17,-59.234361600221334,20.270179126661453,-7.031132648822827,2.690554903155848,-0.23925222331949095,-2.1649348980190553e-15,-59.234360110642648,20.27019070359546,-7.032556741732348,2.6905252066449772,-0.23925738518020156,1,1.8307835762794629,1.7616246212198707,1,1,1
1786434650.3148441,6,1,0.99830556338701937,0.99276685107293294,0.058189364238883969,3,0,1,1,0.059524339892292638,0.9389841928023499,-0.66248083342658337,2.5107729558062406,1.7996456617192802,-0.92148295283561255,0,0,-0.00035610946322728857,-0.00035610946322728857,0.00035610946322728857,0,0.95575154245050908,-58.619427936964556,20.618199400032331,-6.981722371466172,2.6111342374515263,-0.3350850232080651,-9.2674891198629705e-16,-59.234363054960312,20.270180570193201,-7.0311361108080881,2.6905548746885204,-0.23925253304233202,-2.1649348980190553e-15,-59.234360110642648,20.27303957930128,-7.0297078660265289,2.6896349329869089,-0.23925738518020156,1,1.8307835762794629,1.7616246212198707,1,1,1
1786434650.335598,6,1,0.99830556338701937,0.99276685107293294,0.058189364238883969,3,0,1,1,0.059523865269524114,0.93898371817958137,-0.66247988418104631,2.5107729558062406,1.7996461363420486,-0.92148295283561255,0,0,0,-0.00035610946322728857,0,0,0.31858384748350305,-59.097303708189813,20.060430946113549,-7.4433238505713737,2.7502261338775154,-0.20231548571052987,-1.1806690607824022e-15,-59.234354698286324,20.270185277739607,-7.0311355787327132,2.6905457961152419,-0.23925401312227948,-2.1649348980190553e-15,-59.234360110642648,20.27019070359546,-7.0297078660265289,2.6905252066449772,-0.23925738518020156,1,1.8307835762794629,1.7616246212198707,1,1,1
1786434650.3563437,6,1,0.99830556338701937,0.99276685107293294,0.058189364238883969,3,0,1,1,0.059522441401218526,0.93898324355681284,-0.66247846031274071,2.510772481183472,1.7996461363420486,-0.92148295283561255,0,0,0,-0.00035610946322728857,0,0,-0.11946894280631364,-59.25659563193156,20.060430946113549,-7.1740563210933397,2.6806801856645208,-0.26553907499507046,-1.0869397829710303e-15,-59.234353852104206,20.270197465947575,-7.0311387133918206,2.6905284212740499,-0.23925714569945625,-2.1649348980190553e-15,-59.234360110642648,20.27019070359546,-7.0297078660265289,2.6905252066449772,-0.23925738518020156,1,1.8307835762794629,1.7616246212198707,1,1,1
1786434650.3779645,6,1,0.99830556338701937,0.99276685107293294,0.058189364238883969,3,0,1,1,0.059521492155681463,0.93898324355681284,-0.66247893493550924,2.510772481183472,1.7996461363420486,-0.92148295283561255,0,0,-0.00035610946322728857,0,0,0,0,-58.77871986070631,20.060430946113549,-7.1740563210933397,2.6111342374515263,-0.13276953749753523,1.0509713758988237e-15,-59.234350824212839,20.270194447372258,-7.0311386110141205,2.6905325551731352,-0.23925647431216263,-2.1649348980190553e-15,-59.234360110642648,20.27303957930128,-7.0311323038794384,2.6905252066449772,-0.23925738518020156,1,1.8307835762794629,1.7616246212198707,1,1,1
1786434650.3990641,6,1,0.99830556338701937,0.99276685107293294,0.058189364238883969,3,0,1,1,0.059522441401218526,0.93898324355681284,-0.66247893493550924,2.510772481183472,1.7996466109648173,-0.92148295283561255,0.00035610946322728857,0,0,0,0.00035610946322728857,0,-0.11946894280631364,-58.938011784448058,20.060430946113549,-6.981722371466172,2.5795224428092558,-0.3350850232080651,6.2547623330688751e-16,-59.234346456487302,20.270190099115233,-7.0311377717683889,2.6905358782942081,-0.23925594022726304,-0.0042733135587296276,-59.234360110642648,20.27019070359546,-7.0311323038794384,2.6896349329869089,-0.23925738518020156,1,1.8307835762794629,1.7616246212198707,1,1,1
1786434650.4205303,6,1,0.99830556338701937,0.99276685107293294,0.058189364238883969,3,0,1,1,0.059523865269524114,0.93898324355681284,-0.66247846031274071,2.510772481183472,1.7996461363420486,-0.92148342745838108,-0.00035610946322728857,0,0,0,0,0,0.15929192374175152,-59.25659563193156,20.425865450405166,-7.3471568757577899,2.7122919803067913,-0.13276953749753523,2.4561244964943496e-16,-59.234354523694456,20.27019813751917,-7.0311391604174354,2.6905278871889524,-0.23925664783848208,0.0042733135587252977,-59.234360110642648,20.27019070359546,-7.0311323038794384,2.6905252066449772,-0.23925738518020156,1,1.8307835762794629,1.7616246212198707,1,1,1
1786434650.4417539,6,1,0.99830556338701937,0.99276685107293294,0.058189364238883969,3,0,1,1,0.059522916023987051,0.93898324355681284,-0.66247893493550924,2.5107729558062406,1.7996461363420486,-0.92148295283561255,0.00035610946322728857,0,0,0,0,0,-0.27876086654806514,-58.460136013222808,19.694996441821928,-7.1740563210933397,2.7122919803067913,-0.26553907499507046,-8.76116670531224e-16,-59.234350709283497,20.270194333498523,-7.0311358858870276,2.690533394418011,-0.23925602728640652,-0.0042733135587296276,-59.234360110642648,20.27019070359546,-7.0311323038794384,2.6905252066449772,-0.23925738518020156,1,1.8307835762794629,1.7616246212198707,1,1,1
1786434650.4630618,6,1,0.99830556338701937,0.99276685107293294,0.058189364238883969,3,0,1,1,0.059523865269524114,0.93898371817958137,-0.66247940955827778,2.5107729558062406,1.7996461363420486,-0.92148295283561255,0.00035610946322728857,0,0,0,0,0.00035610946322728857,-0.11946894280631364,-59.575179479415063,20.425865450405166,-7.3471568757577899,2.7122919803067913,-0.36669681785033542,-8.5069212958643892e-16,-59.234357726193757,20.270188296330524,-7.0311356811151278,2.6905416622179854,-0.23925468450972875,-0.0042733135587296276,-59.234360110642648,20.27019070359546,-7.0311323038794384,2.6905252066449772,-0.24014765883826977,1,1.8307835762794629,1.7616246212198707,1,1,1
1786434650.4840183,6,1,0.99830556338701937,0.99276685107293294,0.058189364238883969,3,0,1,1,0.059525289137829701,0.93898371817958137,-0.66247940955827778,2.5107729558062406,1.7996461363420486,-0.92148295283561255,-0.00035610946322728857,0,0,0,0,0,-0.91592856151507118,-59.734471403156817,20.252764895740714,-7.1740563210933397,2.8134497231620559,-0.26553907499507046,-8.5069212958643892e-16,-59.234357726193757,20.27018829633052,-7.0311356811151207,2.690541662217985,-0.23925468450972878,0.0042733135587252977,-59.234360110642648,20.27019070359546,-7.0311323038794384,2.6905252066449772,-0.23925738518020156,1,1.8307835762794629,1.7616246212198707,1,1,1
1786434650.505043,6,1,0.99830556338701937,0.99276685107293294,0.058189364238883969,3,0,1,1,0.05952481451506117,0.93898371817958137,-0.66247893493550924,2.5107729558062406,1.7996461363420486,-0.92148295283561255,-0.00035610946322728857,0,0,0,0,0,0.15929192374175152,-59.415887555673315,20.252764895740714,-6.712454841988138,2.7502261338775154,-0.30347322856579484,-3.193449736420273e-15,-59.234360754096407,20.270191314916822,-7.0311357834959507,2.6905375283201218,-0.23925535589712429,0.0042733135587252977,-59.234360110642648,20.27019070359546,-7.0311323038794384,2.6905252066449772,-0.23925738518020156,1,1.8307835762794629,1.7616246212198707,1,1,1
1786434650.5258229,6,1,0.99830556338701937,0.99276685107293294,0.058189364238883969,3,0,1,1,0.059525289137829701,0.93898324355681284,-0.66247893493550924,2.5107729558062406,1.7996461363420486,-0.92148295283561255,0.00035610946322728857,0,0,0,0.00035610946322728857,0,0.31858384748350305,-58.938011784448058,20.15659792092713,-6.981722371466172,2.6111342374515263,-0.26553907499507046,-8.76116670531224e-16,-59.234350709283497,20.270194333498523,-7.0311358858870241,2.690533394418011,-0.23925602728640671,-0.0042733135587296276,-59.234360110642648,20.27019070359546,-7.0311323038794384,2.6896349329869089,-0.23925738518020156,1,1.8307835762794629,1.7616246212198707,1,1,1
1786434650.5465832,6,1,0.99830556338701937,0.99276685107293294,0.058189364238883969,3,0,1,1,0.059525289137829701,0.93898371817958137,-0.66247940955827778,2.5107729558062406,1.7996456617192802,-0.92148295283561255,0,0,-0.00035610946322728857,0.00035610946322728857,0,0,-0.59734471403156819,-60.05305525064032,20.060430946113549,-6.8855553966525882,2.7122919803067913,-0.20231548571052987,-2.423693299009877e-15,-59.234362093918769,20.270192644587031,-7.0311365203591158,2.69053833909659,-0.23925521859471993,-2.1649348980190553e-15,-59.234360110642648,20.27303957930128,-7.032556741732348,2.6905252066449772,-0.23925738518020156,1,1.8307835762794629,1.7616246212198707,1,1,1
1786434650.5674212,6,1,0.99830556338701937,0.99276685107293294,0.058189364238883969,3,0,1,1,0.059525289137829701,0.93898371817958137,-0.66247940955827778,2.5107734304290092,1.7996451870965116,-0.92148295283561255,0,-0.00035610946322728857,0,0.00035610946322728857,0,0,-0.43805279028981664,-59.097303708189813,19.791163416635513,-6.8855553966525882,2.6806801856645208,-0.26553907499507046,-1.5222198501696482e-16,-59.234366346711646,20.270196878967042,-7.031134634472255,2.6905358552165595,-0.23925530565434841,-2.1649348980190553e-15,-59.230086797083921,20.27019070359546,-7.032556741732348,2.6905252066449772,-0.23925738518020156,1,1.8307835762794629,1.7616246212198707,1,1,1
1786434650.5888419,6,1,0.99830556338701937,0.99276685107293294,0.058189364238883969,3,0,1,1,0.059526713006135282,0.93898371817958137,-0.66247893493550924,2.5107734304290092,1.7996451870965116,-0.92148295283561255,0,0,0,0,0,0,-0.11946894280631364,-58.460136013222808,20.060430946113549,-6.7893884218390053,2.6806801856645208,-0.26553907499507046,-5.1431840557281117e-17,-59.234369374617344,20.270199897556367,-7.0311347368530681,2.6905317213172588,-0.23925597704190046,-2.1649348980190553e-15,-59.234360110642648,20.27019070359546,-7.0311323038794384,2.6905252066449772,-0.23925738518020156,1,1.8307835762794629,1.7616246212198707,1,1,1
# event,1786434650.7932849,READY,已恢复当前位置保持；零力拖拽关闭
1786434650.6743023,6,1,0.99830556338701937,0.99276685107293294,0.058189364238883969,3,0,1,1,0.059526238383366757,0.93898371817958137,-0.66247893493550924,2.5107734304290092,1.7996442378509745,-0.92148295283561255,0,0,0,0,0.00035610946322728857,0,0.31858384748350305,-58.619427936964556,20.425865450405166,-7.3471568757577899,2.7122919803067913,-0.26553907499507046,-1.8643262931702931e-15,-59.23437811007237,20.270208594074365,-7.0311364153341556,2.6905250750676544,-0.23925704521276697,-2.1649348980190553e-15,-59.234360110642648,20.27019070359546,-7.0311323038794384,2.6896349329869089,-0.23925738518020156,1,1.8307835762794629,1.7616246212198707,1,1,1
1786434650.6969442,6,1,0.99830556338701937,0.99276685107293294,0.058189364238883969,3,0,1,1,0.059525763760598226,0.93898371817958137,-0.66247940955827778,2.5107729558062406,1.7996437632282061,-0.92148295283561255,0,0,-0.00035610946322728857,0,0,0.00035610946322728857,0.31858384748350305,-59.25659563193156,20.348931870554299,-7.1740563210933397,2.7122919803067913,-0.10115774285526494,-2.7675615705408108e-16,-59.234379564826369,20.270210037620568,-7.0311398773234224,2.6905250466049457,-0.23925735493537875,-2.1649348980190553e-15,-59.234360110642648,20.27303957930128,-7.0311323038794384,2.6905252066449772,-0.24014765883826977,1,1.8307835762794629,1.7616246212198707,1,1,1
1786434650.7176855,6,1,0.99830556338701937,0.99276685107293294,0.058189364238883969,3,0,1,1,0.059526238383366757,0.9389841928023499,-0.66247940955827778,2.5107729558062406,1.7996432886054374,-0.92148295283561255,0,0,0,-0.00035610946322728857,0,0,0.63716769496700609,-59.25659563193156,20.252764895740714,-6.5201208923609704,2.7122919803067913,-0.26553907499507046,4.6451286827425831e-16,-59.234393977346294,20.270211367286144,-7.0311406141672697,2.6905258573857651,-0.23925721763083813,-2.1649348980190553e-15,-59.234360110642648,20.27019070359546,-7.0297078660265289,2.6905252066449772,-0.23925738518020156,1,1.8307835762794629,1.7616246212198707,1,1,1
1786434650.7383852,6,1,0.99830556338701937,0.99276685107293294,0.058189364238883969,3,0,1,1,0.059526238383366757,0.93898371817958137,-0.66247940955827778,2.5107729558062406,1.799642813982669,-0.92148295283561255,0,0,0,0,0,0,0.15929192374175152,-58.938011784448058,20.060430946113549,-6.712454841988138,2.5795224428092558,-0.20231548571052987,-7.5682732650350637e-16,-59.234388300284685,20.270218734141839,-7.0311415557985741,2.6905184003554869,-0.23925842310612461,-2.1649348980190553e-15,-59.234360110642648,20.27019070359546,-7.0311323038794384,2.6905252066449772,-0.23925738518020156,1,1.8307835762794629,1.7616246212198707,1,1,1
1786434650.747051,0,0,0.99830556338701937,0.99276685107293294,0.058189364238883969,3,0,1,0,0.059526238383366757,0.93898941365280375,-0.66248605427703722,2.5107753289200834,1.7996413901143633,-0.92148295283561255,0,0.0010683283896818657,-0.0017805473161364429,0.00035610946322728857,-0.00035610946322728857,-0.00035610946322728857,0.31858384748350305,-54.995536671839709,18.771793483611525,-6.3470203376965202,2.5099764945962613,-0.43624276606333007,1.3610125396482098e-15,-59.234478973145315,20.270152724288536,-7.03112778521899,2.6906201084966264,-0.23924033410757203,0,0,0,0,0,0,1,1.8307835762794629,1.7616246212198707,1,1,1
# event,1786434650.8967378,READY,位置控制在线；按下 FREE 即进入零力拖拽，松开退出
# event,1786434651.0963502,READY,位置控制在线；按下 FREE 即进入零力拖拽，松开退出
# event,1786434652.9977784,ENTERING,实体 FREE (DI bit 5) 请求切换到零力拖拽
