# source,实体 FREE (DI bit 5)
stamp,status,handoff_progress,model_alignment,model_scale_estimate,model_normalized_residual,model_excited_joints,model_direction_mismatches,model_validation_passed,settling,position_elfin_joint1,position_elfin_joint2,position_elfin_joint3,position_elfin_joint4,position_elfin_joint5,position_elfin_joint6,velocity_elfin_joint1,velocity_elfin_joint2,velocity_elfin_joint3,velocity_elfin_joint4,velocity_elfin_joint5,velocity_elfin_joint6,measured_effort_elfin_joint1,measured_effort_elfin_joint2,measured_effort_elfin_joint3,measured_effort_elfin_joint4,measured_effort_elfin_joint5,measured_effort_elfin_joint6,gravity_effort_elfin_joint1,gravity_effort_elfin_joint2,gravity_effort_elfin_joint3,gravity_effort_elfin_joint4,gravity_effort_elfin_joint5,gravity_effort_elfin_joint6,commanded_effort_elfin_joint1,commanded_effort_elfin_joint2,commanded_effort_elfin_joint3,commanded_effort_elfin_joint4,commanded_effort_elfin_joint5,commanded_effort_elfin_joint6,effective_scale_elfin_joint1,effective_scale_elfin_joint2,effective_scale_elfin_joint3,effective_scale_elfin_joint4,effective_scale_elfin_joint5,effective_scale_elfin_joint6
# event,1786521332.4530733,ACTIVE,零力拖拽 ACTIVE；末端灯环应由固件进入蓝色零力示教状态
1786521332.402962,1,0,0.99097259234428381,1.1322549148759391,0.1340646158479184,4,0,1,0,0.38958745482824819,-0.52494607143056315,-1.7761964492173377,-1.836083875527555,-1.4076926870126836,1.2988963336510926,0,-0.00071221892645457715,0,0,0,0,-1.2345124089985742,-4.5398198266399179,27.426821216834053,-6.7893884218390053,1.6627803981834175,0.37301917677878943,4.7790954136803232e-16,-1.5439895008487299,23.589718793344552,-8.0752829502751133,2.3158043584107402,0.10507704769650442,-1.2345124089985742,-4.5398198266399179,27.426821216834053,-6.7893884218390053,1.6627803981834175,0.37301917677878943,1,1.8307835762794629,1.7616246212198707,1,1,1
1786521332.4230039,1,0.0046913666091949018,0.99097259234428381,1.1322549148759391,0.1340646158479184,4,0,1,0,0.38958745482824819,-0.52494654605333169,-1.7761959745945692,-1.836083875527555,-1.4076922123899149,1.2988963336510926,0,0,0.00035610946322728857,0,0,0,-1.2345124089985742,-4.3805279028981667,27.061386712542436,-7.0778893462797559,1.631168603541147,0.34140738213651917,1.7669107279724705e-17,-1.543964484615699,23.589713079853492,-8.0752795087410174,2.3158112749013497,0.10507565108150965,-1.2287208587043614,-4.5257651709223676,27.40853504827377,-6.7954210083471587,1.6658440054332253,0.37176215546918323,1,1.8307835762794629,1.7616246212198707,1,1,1
1786521332.444401,1,0.019467885896137915,0.99097259234428381,1.1322549148759391,0.1340646158479184,4,0,1,0,0.38958745482824819,-0.52494702067610022,-1.7761964492173377,-1.836083875527555,-1.4076926870126836,1.2988963336510926,0,0,0,0,-0.00035610946322728857,0,-0.91592856151507118,-4.0619440554146635,27.98458967075284,-5.9623524384421858,1.6627803981834175,0.37301917677878943,-3.6277574097954429e-16,-1.5439409546793188,23.589708723177832,-8.0752804138552641,2.3158126510650447,0.10507542410354409,-1.2104790622828236,-4.4814963986019389,27.35212074863691,-6.8144220204143355,1.6755576552723959,0.36780287837512476,1,1.8307835762794629,1.7616246212198707,1,1,1
1786521332.4656403,1,0.043203324497809004,0.99097259234428381,1.1322549148759391,0.1340646158479184,4,0,1,0,0.38958745482824819,-0.52494702067610022,-1.7761964492173377,-1.836083875527555,-1.4076926870126836,1.2988963336510926,0.00035610946322728857,0,0,0,0,0,-1.2345124089985742,-4.5398198266399179,27.522988191647638,-5.9623524384421858,1.9662536267492121,0.34140738213651917,-3.6277574097954429e-16,-1.5439409546793188,23.589708723177832,-8.0752804138552641,2.3158126510650447,0.10507542410354409,-1.1816047001519097,-4.410387899578474,27.261045200636026,-6.8449432308392177,1.6909935625121977,0.3614431158848001,1,1.8307835762794629,1.7616246212198707,1,1,1
1786521332.4869857,1,0.075228809853362541,0.99097259234428381,1.1322549148759391,0.1340646158479184,4,0,1,0,0.38958698020547966,-0.52494702067610022,-1.7761969238401063,-1.836083875527555,-1.4076926870126836,1.2988963336510926,0,0.00035610946322728857,0,-0.00035610946322728857,0,0,-1.2345124089985742,-4.2212359791564147,27.426821216834053,-6.7893884218390053,1.5616226553281525,0.37301917677878943,-5.9005162138681816e-17,-1.5439460735972208,23.589713758263873,-8.0752816820567368,2.3158085047320904,0.10507623590033315,-1.141641509720404,-4.3148711410834615,27.138160189446356,-6.8860000030915156,1.7119069254398689,0.3528621482278933,1,1.8307835762794629,1.7616246212198707,1,1,1
1786521332.5074844,1,0.11282899753860626,0.99097259234428381,1.1322549148759391,0.1340646158479184,4,0,1,0,0.38958650558271113,-0.52494702067610022,-1.7761992969539488,-1.836083875527555,-1.4076922123899149,1.2988963336510926,0,0,0,0,0,0,-1.2345124089985742,-3.9026521316729119,26.599785233437235,-6.7893884218390053,1.6943921928256878,0.24024963928125423,-5.0608863345728838e-16,-1.5439760438768797,23.589743290292663,-8.0752871179123442,2.3157863968914136,0.10508052186202139,-1.0952236114422953,-4.201801775848498,26.993887560904874,-6.9344750826531607,1.736458410404337,0.34278792694268795,1,1.8307835762794629,1.7616246212198707,1,1,1
1786521332.5288723,1,0.15830309637245213,0.99097259234428381,1.1322549148759391,0.1340646158479184,4,0,1,0,0.38958603095994265,-0.52494749529886875,-1.7762026193133287,-1.8360843501503235,-1.4076922123899149,1.2988963336510926,-0.00035610946322728857,-0.00035610946322728857,0,0,0,0.00035610946322728857,-1.2345124089985742,-3.9026521316729119,27.061386712542436,-7.7125913800494077,1.4288531178306172,0.17070369106825958,3.944886545247453e-17,-1.5439862349210505,23.589772140833663,-8.0752933289895452,2.3157606137365043,0.10508543688915305,-1.0386579407880121,-4.0651427614983442,26.819404467170134,-6.9929511502814661,1.7661491881754223,0.33054033642822789,1,1.8307835762794629,1.7616246212198707,1,1,1
1786521332.5520988,1,0.21382881261657327,0.99097259234428381,1.1322549148759391,0.1340646158479184,4,0,1,0,0.38958555633717412,-0.52494844454440581,-1.7762040431816342,-1.8360848247730921,-1.4076922123899149,1.2988958590283242,0,0,-0.00035610946322728857,0,0,-0.00035610946322728857,-1.2345124089985742,-3.7433602079311603,26.599785233437235,-7.5394908253849575,1.8334840892516771,0.37301917677878943,2.8835034403609794e-16,-1.5439524892387539,23.589776627948027,-8.0752931548722131,2.3157553352804907,0.10508706932992848,-0.97053808642198347,-3.8992170711266523,26.606635416006288,-7.0643519040415281,1.8024052536512662,0.31579167208452424,1,1.8307835762794629,1.7616246212198707,1,1,1
1786521332.5731642,1,0.26873681615834188,0.99097259234428381,1.1322549148759391,0.1340646158479184,4,0,1,0,0.38958460709163706,-0.52494986841271141,-1.776207365541014,-1.8360852993958605,-1.4076917377671465,1.2988958590283242,0,0,-0.00035610946322728857,-0.00035610946322728857,0.00035610946322728857,0,-0.91592856151507118,-3.7433602079311603,27.157553687356021,-7.250989900944206,1.7639381410386823,0.27186143392352452,8.9745681860434884e-16,-1.5439185099520505,23.589799764989088,-8.0752959243810469,2.3157364686020858,0.10509058774246052,-0.90275347469633238,-3.7347108452686362,26.395957175904563,-7.1348344716341483,1.8381896339356116,0.30101690080336957,1,1.8307835762794629,1.7616246212198707,1,1,1
1786521332.5943995,1,0.3275264942436209,0.99097259234428381,1.1322549148759391,0.1340646158479184,4,0,1,0,0.38958460709163706,-0.52494986841271141,-1.7762106879003936,-1.8360852993958605,-1.4076922123899149,1.2988958590283242,0.00035610946322728857,0.00035610946322728857,0,0,0,-0.00035610946322728857,-0.75663663777331969,-3.7433602079311603,26.407451283810069,-6.712454841988138,2.0674113696044771,0.17070369106825958,4.1252706816947288e-16,-1.5439499658718154,23.589830653200785,-8.0753057066588916,2.3157088203687648,0.10509604333765922,-0.83060421893489667,-3.5590204052882894,26.170105149081394,-7.2105604020233383,1.8766317552938032,0.28533135185943109,1,1.8307835762794629,1.7616246212198707,1,1,1
1786521332.6159546,1,0.38978923025634055,0.99097259234428381,1.1322549148759391,0.1340646158479184,4,0,1,0,0.3895836578461,-0.52494986841271141,-1.7762149595053103,-1.8360852993958605,-1.4076917377671465,1.2988958590283242,-0.00035610946322728857,0,0,0,0.00035610946322728857,0.00035610946322728857,-0.91592856151507118,-3.6238912651248469,25.868916224853997,-8.0780258843410255,1.9030300374646716,0.34140738213651917,6.0903701786657605e-16,-1.5440004105897782,23.589880324376267,-8.0753162148763113,2.3156701270728401,0.10510357648102489,-0.75288543599724633,-3.3720816824707343,25.931222979823858,-7.2906292264522516,1.9172056833461155,0.26852446146167752,1,1.8307835762794629,1.7616246212198707,1,1,1
1786521332.6374176,1,0.45342734076078284,0.99097259234428381,1.1322549148759391,0.1340646158479184,4,0,1,0,0.38958318322333146,-0.52494891916717434,-1.7762220788468384,-1.8360862486413976,-1.4076917377671465,1.2988958590283242,0,0.00035610946322728857,-0.00035610946322728857,0,0,0,-0.43805279028981664,-3.3053074176413437,25.868916224853997,-7.7125913800494077,1.9030300374646716,0.30979558749424885,3.635855044771194e-16,-1.5441230008504365,23.589963197961474,-8.0753349769498044,2.3155978287970682,0.10511746550346807,-0.67475073025016252,-3.181916312552548,25.687369776030557,-7.3724717486833846,1.9587856697488519,0.2515452162499574,1,1.8307835762794629,1.7616246212198707,1,1,1
1786521332.6588776,1,0.51774384759972036,0.99097259234428381,1.1322549148759391,0.1340646158479184,4,0,1,0,0.38958318322333146,-0.52494891916717434,-1.7762277743200607,-1.8360862486413976,-1.4076912631443779,1.2988958590283242,0,0,-0.00035610946322728857,0,0,0,-0.59734471403156819,-3.3053074176413437,26.042016779518448,-8.0010923044901592,1.9346418321069419,0.30979558749424885,7.9882914925900536e-16,-1.544188800129584,23.590027972265368,-8.0753492890033822,2.3155466962896871,0.10512743402716841,-0.59535120445405232,-2.988850292985358,25.440630007517029,-7.4551867490673622,2.0007461329483838,0.23431987514637065,1,1.8307835762794629,1.7616246212198707,1,1,1
1786521332.6797786,1,0.58014189844573893,0.99097259234428381,1.1322549148759391,0.1340646158479184,4,0,1,0,0.38958270860056293,-0.52494891916717434,-1.7762301474339033,-1.8360876725097033,-1.4076907885216094,1.2988953844055555,-0.00035610946322728857,0,0,-0.00035610946322728857,0,0,-0.59734471403156819,-2.986723570157841,25.580415300413247,-7.9049253296765754,1.9346418321069419,0.24024963928125423,9.3292124107293914e-16,-1.5442154768672403,23.590054235752774,-8.0753504858814296,2.3155216458995693,0.10513262912003522,-0.51789270503144558,-2.8019442321704835,25.200951936535635,-7.5353042566896482,2.0414629448273063,0.21760696645196484,1,1.8307835762794629,1.7616246212198707,1,1,1
1786521332.700855,1,0.64192155461752998,0.99097259234428381,1.1322549148759391,0.1340646158479184,4,0,1,0,0.3895822339777944,-0.52494891916717434,-1.7762320459249774,-1.8360890963780088,-1.4076903138988408,1.2988953844055555,0,0,0,-0.00035610946322728857,0,0.00035610946322728857,-0.91592856151507118,-2.6681397226743377,24.657212342202847,-7.6356578001985413,2.1369573178174717,-0.063223589284540582,5.3610409297619177e-17,-1.5442362231913522,23.590074652650671,-8.0753504588669767,2.3155009688328381,0.10513623602293561,-0.44205228421957743,-2.6168901429274323,24.96393089767999,-7.6147505335149965,2.0817758016255348,0.20099524328989513,1,1.8307835762794629,1.7616246212198707,1,1,1
1786521332.721848,1,0.70142830041243365,0.99097259234428381,1.1322549148759391,0.1340646158479184,4,0,1,0,0.38958175935502587,-0.52494844454440581,-1.7762363175298941,-1.8360895710007774,-1.4076888900305353,1.2988949097827871,0,0,0,0,0,0,-0.11946894280631364,-2.5088477989325861,25.041880241457179,-7.9049253296765754,2.1053455231752016,0.20863784463898394,6.4954128637132943e-16,-1.5443191339461411,23.590137522091357,-8.0753589817381179,2.3154542444720514,0.10514585555485148,-0.36859046811664464,-2.4386908668794542,24.735662693610589,-7.6914045660494654,2.1205843049093001,0.18512524834684876,1,1.8307835762794629,1.7616246212198707,1,1,1
1786521332.7432909,1,0.75919481225549335,0.99097259234428381,1.1322549148759391,0.1340646158479184,4,0,1,0,0.38958128473225734,-0.52494749529886875,-1.776241538380348,-1.8360909948690829,-1.4076860422939241,1.2988944351600185,0,0,-0.00071221892645457715,0,0.00035610946322728857,0,-0.43805279028981664,-2.0309720277073318,24.195610863097645,-6.981722371466172,2.1053455231752016,0.107480101783719,7.5885681744512767e-18,-1.5444469454510221,23.590225846034638,-8.0753657968775894,2.3153891420766177,0.10515867991083398,-0.29727699242182481,-2.2657482744705182,24.514667689740858,-7.7656957736462351,2.1581734712763283,0.16966087714845884,1,1.8307835762794629,1.7616246212198707,1,1,1
1786521332.7644804,1,0.81236506960639676,0.99097259234428381,1.1322549148759391,0.1340646158479184,4,0,1,0,0.38957986086395174,-0.52494749529886875,-1.7762472338535704,-1.83609194411462,-1.40768414380285,1.29889396053725,0,0,-0.00035610946322728857,0,0,-0.00035610946322728857,-0.43805279028981664,-2.0309720277073318,24.657212342202847,-7.4433238505713737,2.0357995749622066,0.27186143392352452,-6.6122695291164976e-16,-1.5445239457552966,23.590301780795944,-8.0753745519902669,2.315331843449894,0.10517019426177096,-0.23163764993248748,-2.1065460798733291,24.310451725701242,-7.8340786339721955,2.1928903984390735,0.15549211915573008,1,1.8307835762794629,1.7616246212198707,1,1,1
1786521332.7853689,1,0.86008030785519507,0.99097259234428381,1.1322549148759391,0.1340646158479184,4,0,1,0,0.38957796237287762,-0.52494844454440581,-1.7762510308357184,-1.8360933679829257,-1.4076831945573129,1.29889396053725,0,0,0,0,0,0,0,-2.349555875190835,24.195610863097645,-7.4433238505713737,2.2065032660304666,0.13909189642598929,-3.240824289160206e-16,-1.5445209958188277,23.59033662303807,-8.0753761553696037,2.3153014972299641,0.10517565174422981,-0.17273259621602222,-1.9636222861090089,24.12713636632029,-7.895441147592007,2.2240009459333816,0.14265223531004476,1,1.8307835762794629,1.7616246212198707,1,1,1
1786521332.8065205,1,0.90274070807410756,0.99097259234428381,1.1322549148759391,0.1340646158479184,4,0,1,0,0.38957606388180349,-0.52494986841271141,-1.7762572009317095,-1.8360947918512311,-1.4076808214434704,1.2988934859144814,0,-0.00035610946322728857,-0.00035610946322728857,0,0,0,-0.11946894280631364,-1.5530962564820772,24.291777837911226,-8.0010923044901592,2.1685691124597422,0.13909189642598929,8.370379584766996e-16,-1.5445333042119858,23.590405485191745,-8.0753800707432326,2.3152502098358494,0.10518581374782404,-0.12006780277292828,-1.8354254191426227,23.963817450355215,-7.9503054335481966,2.2517914579515135,0.13123509699034624,1,1.8307835762794629,1.7616246212198707,1,1,1
1786521332.8279033,1,0.93916022895379303,0.99097259234428381,1.1322549148759391,0.1340646158479184,4,0,1,0,0.38957416539072942,-0.524951292281017,-1.776264794896006,-1.8360962157195369,-1.4076798721979333,1.2988934859144814,0,-0.00035610946322728857,-0.00035610946322728857,0,0.00035610946322728857,0.00035610946322728857,0.31858384748350305,-2.1902639514490834,23.464741854514408,-7.9049253296765754,2.2760492142434612,0.069545948212994646,1.0564872544513437e-16,-1.5445470277215203,23.590475568274872,-8.0753905495294429,2.315190838719511,0.10519695378756524,-0.075107452317174639,-1.7263514076727744,23.824162846757908,-7.9971504745158217,2.2754342371857592,0.12142709681205664,1,1.8307835762794629,1.7616246212198707,1,1,1
1786521332.8510396,1,0.96988863578025775,0.99097259234428381,1.1322549148759391,0.1340646158479184,4,0,1,0,0.38957131765411823,-0.52495271614932248,-1.7762766604652191,-1.836098114210611,-1.4076803468207018,1.298893011291713,-0.00035610946322728857,0,-0.00071221892645457715,0.00035610946322728857,0,0,-0.11946894280631364,-2.0309720277073318,23.657075804141574,-8.2703598339681932,2.3392728035280017,0.13909189642598929,1.8507924007390639e-16,-1.5445931304087619,23.590577341831967,-8.075413712414127,2.315097146228009,0.10521553964212887,-0.036745521425274492,-1.6347834923796736,23.706661653529071,-8.0368143748059495,2.2954549990410005,0.11327947249932258,1,1.8307835762794629,1.7616246212198707,1,1,1
1786521332.871897,1,0.98889929885782757,0.99097259234428381,1.1322549148759391,0.1340646158479184,4,0,1,0,0.38956989378581264,-0.52495319077209102,-1.7762994423581084,-1.8360995380789165,-1.4076808214434704,1.2988934859144814,0,0,-0.0017805473161364429,0,0,0.00035610946322728857,-0.11946894280631364,-1.7123881802238288,24.195610863097645,-8.8281282878869778,2.2760492142434612,0.037934153570724355,2.0802112745028911e-16,-1.5448052316818317,23.590804702423029,-8.075470057077947,2.3149011518863194,0.10525282324464336,-0.013703953308596306,-1.578051993616906,23.634811613178851,-8.0611936492007228,2.3076621542908553,0.10816111780777431,1,1.8307835762794629,1.7616246212198707,1,1,1
1786521332.8928659,1,0.99879334384726337,0.99097259234428381,1.1322549148759391,0.1340646158479184,4,0,1,0,0.38956609680366439,-0.52495319077209102,-1.776399587762268,-1.8361047589293702,-1.4076803468207018,1.298893011291713,0,0,-0.006409970338091194,-0.00035610946322728857,-0.00035610946322728857,0,-0.91592856151507118,-1.5530962564820772,23.560908829327992,-7.7125913800494077,2.3076610088857312,-0.031611794642270291,1.3120752111205926e-15,-1.5458751289180599,23.591856993372371,-8.0757211972094591,2.3140146815238158,0.10542560085367081,-0.001489631993946583,-1.5494877907085192,23.601612452818607,-8.0740443975394616,2.3132929653723311,0.10574849428849364,1,1.8307835762794629,1.7616246212198707,1,1,1
1786521332.9140134,1,1,0.99097259234428381,1.1322549148759391,0.1340646158479184,4,0,1,0,0.38956135057597913,-0.52495176690378542,-1.7764902407110572,-1.8361057081749073,-1.4076798721979333,1.2988920620461759,-0.00071221892645457715,0.00035610946322728857,-0.0039172040955001743,0,0,-0.00035610946322728857,-0.11946894280631364,-1.7123881802238288,23.195474325036376,-7.5394908253849575,2.3392728035280017,-0.031611794642270291,-1.6326475355031914e-16,-1.5469283998986074,23.592836551255747,-8.0759632549711853,2.3132066008632113,0.1055849552270107,0.00085466271174527053,-1.5473557312544801,23.595970314532146,-8.0759632549711853,2.3132066008632113,0.10564905493039158,1,1.8307835762794629,1.7616246212198707,1,1,1
1786521332.9354982,1,1,0.99097259234428381,1.1322549148759391,0.1340646158479184,4,0,1,0,0.38955185812060855,-0.52495224152655395,-1.7765286851553079,-1.8361061827976759,-1.4076793975751647,1.2988915874234073,-0.00035610946322728857,0,-0.00035610946322728857,0,0,0,0.63716769496700609,-1.3938043327403258,23.657075804141574,-8.6357943382598101,2.3392728035280017,0.13909189642598929,-3.6269611988250239e-16,-1.54732230293259,23.593242898953136,-8.0760622678015093,2.3128723589420459,0.10565094530646368,0.0004273313558723022,-1.54732230293259,23.593527786523719,-8.0760622678015093,2.3128723589420459,0.10565094530646368,1,1.8307835762794629,1.7616246212198707,1,1,1
1786521332.956816,1,1,0.99097259234428381,1.1322549148759391,0.1340646158479184,4,0,1,0,0.38953382245540447,-0.52495461464039661,-1.7765282105325395,-1.83610808128875,-1.4076803468207018,1.2988915874234073,-0.0014244378529091543,0,-0.00035610946322728857,-0.00035610946322728857,0,0,0.15929192374175152,-1.3938043327403258,23.003140375409206,-7.5394908253849575,2.2760492142434612,0.069545948212994646,5.0095222566513831e-16,-1.5471816219129058,23.593198562199284,-8.0760508836105931,2.3128963701472678,0.10564579768321605,0.0017093254234914292,-1.5471816219129058,23.593483449769867,-8.0759262452984633,2.3128963701472678,0.10564579768321608,1,1.8307835762794629,1.7616246212198707,1,1,1
1786521332.9776926,1,1,0.99097259234428381,1.1322549148759391,0.1340646158479184,4,0,1,0,0.38947829159148656,-0.52495936086808193,-1.7765277359097709,-1.8361099797798242,-1.4076808214434704,1.2988915874234073,-0.0039172040955001743,0,0,-0.00035610946322728857,-0.00035610946322728857,0,0.31858384748350305,-2.0309720277073318,23.560908829327992,-7.9049253296765754,2.3392728035280017,0.17070369106825958,-3.5520834862877437e-16,-1.5469239700625015,23.593133424243774,-8.0760322592164524,2.3129397386737205,0.10563681813116238,0.0047006449145997652,-1.5469239700625015,23.593133424243774,-8.0759076209043226,2.3130038383771012,0.10563681813116238,1,1.8307835762794629,1.7616246212198707,1,1,1
1786521332.9989257,1,1,0.99097259234428381,1.1322549148759391,0.1340646158479184,4,0,1,0,0.38939333411591986,-0.52496031011361899,-1.7765272612870024,-1.8361118782708983,-1.4076822453117759,1.2988920620461759,-0.0039172040955001743,0,0.00035610946322728857,0,0,0,-0.11946894280631364,-1.7123881802238288,23.368574879700823,-7.5394908253849575,2.3392728035280017,0.24024963928125423,-4.3177843299466862e-16,-1.5468509088959297,23.593099012841396,-8.0760256252347755,2.3129529129681652,0.10563310247105738,0.0047006449145997652,-1.5468509088959297,23.592814125270813,-8.0760256252347755,2.3129529129681652,0.10563310247105739,1,1.8307835762794629,1.7616246212198707,1,1,1
1786521333.0204,1,1,0.99097259234428381,1.1322549148759391,0.1340646158479184,4,0,1,0,0.38931739447295521,-0.52495983549085046,-1.7765282105325395,-1.8361118782708983,-1.4076803468207018,1.2988915874234073,-0.0028488757058183086,0,0,0,0,0,0.15929192374175152,-1.7123881802238288,23.291641299849957,-8.0010923044901592,2.1685691124597422,0.20863784463898394,1.1871285340381635e-15,-1.5469037253200781,23.593132347674143,-8.076025760856691,2.3129347415154373,0.10563722211788254,0.0034186508469830805,-1.5469037253200781,23.593132347674143,-8.076025760856691,2.3129347415154373,0.10563722211788257,1,1.8307835762794629,1.7616246212198707,1,1,1
1786521333.0418613,1,1,0.99097259234428381,1.1322549148759391,0.1340646158479184,4,0,1,0,0.38924430256660175,-0.52496031011361899,-1.7765277359097709,-1.8361142513847408,-1.4076774990840906,1.2988915874234073,-0.0039172040955001743,0,0,-0.00035610946322728857,0,0,0,-2.0309720277073318,24.022510308433194,-8.1741928591546085,2.2065032660304666,0.27186143392352452,-6.3144612151913582e-17,-1.5468937638491802,23.593141634664324,-8.0760108039126077,2.3129302518528982,0.10563718171500462,0.0047006449146002093,-1.5468937638491802,23.593141634664324,-8.0758861656004779,2.3129302518528982,0.10563718171500464,1,1.8307835762794629,1.7616246212198707,1,1,1
1786521333.0630233,1,1,0.99097259234428381,1.1322549148759391,0.1340646158479184,4,0,1,0,0.38913513932984012,-0.52496410709576724,-1.7765277359097709,-1.836117099121352,-1.4076779737068592,1.2988915874234073,-0.0060538608748639056,-0.00035610946322728857,0,0,0,0,0.63716769496700609,-1.3938043327403258,23.926343333619609,-8.4626937835953608,2.2065032660304666,0.069545948212994646,2.2302123391321552e-16,-1.5466870322115347,23.593088873802046,-8.075993183607391,2.3129593697457684,0.10563072599959489,0.0072646330498369084,-1.546259700855662,23.593088873802046,-8.075993183607391,2.3129593697457684,0.10563072599959489,1,1.8307835762794629,1.7616246212198707,1,1,1
1786521333.0839558,1,1,0.99097259234428381,1.1322549148759391,0.1340646158479184,4,0,1,0,0.38898278542114229,-0.5249726503056007,-1.7765272612870024,-1.8361189976124261,-1.4076812960662388,1.2988915874234073,-0.0081905176542276369,-0.00071221892645457715,0,0,-0.00035610946322728857,-0.00035610946322728857,-0.11946894280631364,-1.7123881802238288,23.657075804141574,-8.5396273634462272,2.3772069570987262,-0.031611794642270291,-9.1066036818614887e-16,-1.5462089674576425,23.592957337581577,-8.0759698541736835,2.3130441683824223,0.10561389025838776,0.0098286211850722761,-1.5453543047458971,23.592957337581577,-8.0759698541736835,2.3131082680858031,0.10567798996176865,1,1.8307835762794629,1.7616246212198707,1,1,1
1786521333.1052232,1,1,0.99097259234428381,1.1322549148759391,0.1340646158479184,4,0,1,0,0.38880527650571245,-0.52497597266498042,-1.7765267866642338,-1.8361208961035003,-1.4076831945573129,1.2988915874234073,-0.0081905176542276369,0,0,-0.00035610946322728857,0,-0.00035610946322728857,0.31858384748350305,-1.7123881802238288,23.830176358806025,-8.8281282878869778,2.3392728035280017,0.17070369106825958,4.1363075209974523e-16,-1.5460109943319451,23.592894220995085,-8.0759577457440148,2.3130792252902417,0.10560666504643276,0.0098286211850736084,-1.5460109943319451,23.592894220995085,-8.075833107431885,2.3130792252902417,0.10567076474981364,1,1.8307835762794629,1.7616246212198707,1,1,1
1786521333.1266809,1,1,0.99097259234428381,1.1322549148759391,0.1340646158479184,4,0,1,0,0.38862871683581968,-0.52497692191051748,-1.7765263120414654,-1.836123269217343,-1.4076827199345445,1.2988915874234073,-0.0092588460439095022,0.00035610946322728857,0,0,0.00035610946322728857,-0.00035610946322728857,-0.59734471403156819,-1.3938043327403258,23.657075804141574,-8.6357943382598101,2.3392728035280017,0.17070369106825958,-4.8107490349192164e-16,-1.5459548820522788,23.592876690060923,-8.0759460478580607,2.3130857629047528,0.10560467792257119,0.011110615252690957,-1.5463822134081515,23.592876690060923,-8.0759460478580607,2.313021663201372,0.10566877762595207,1,1.8307835762794629,1.7616246212198707,1,1,1
1786521333.148097,1,1,0.99097259234428381,1.1322549148759391,0.1340646158479184,4,0,1,0,0.38838381148725876,-0.52497787115605454,-1.7765263120414654,-1.8361256423311856,-1.4076827199345445,1.2988915874234073,-0.012107721749727811,0,0,-0.00035610946322728857,0,0,0,-1.3938043327403258,23.195474325036376,-8.0780258843410255,2.2065032660304666,-0.031611794642270291,-4.2987260886334644e-16,-1.5458995091994212,23.592859833893034,-8.0759365221969279,2.3130895300043837,0.10560327558802551,0.014529266099672929,-1.5458995091994212,23.592859833893034,-8.0758118838847981,2.3130895300043837,0.10560327558802551,1,1.8307835762794629,1.7616246212198707,1,1,1
1786521333.1694009,1,1,0.99097259234428381,1.1322549148759391,0.1340646158479184,4,0,1,0,0.38812561670117895,-0.52498261738373986,-1.7765253627959283,-1.8361284900677968,-1.4076827199345445,1.2988915874234073,-0.01495659745554612,-0.00071221892645457715,0,-0.00035610946322728857,0,0,0,-1.3938043327403258,23.926343333619609,-7.3471568757577899,2.2065032660304666,0.069545948212994646,2.5714480322630226e-16,-1.5456383823625375,23.592791299734277,-8.075912927629652,2.3131338584634622,0.10559379967721727,0.017947916946655564,-1.5447837196507921,23.592791299734277,-8.0757882893175221,2.3131338584634622,0.10559379967721727,1,1.8307835762794629,1.7616246212198707,1,1,1
1786521333.189569,1,1,0.99097259234428381,1.1322549148759391,0.1340646158479184,4,0,1,0,0.3878019239730422,-0.52499210983911049,-1.7765239389276226,-1.8361308631816393,-1.4076827199345445,1.2988915874234073,-0.018161582624591718,-0.00071221892645457715,0,-0.00035610946322728857,0,0,0.15929192374175152,-1.8716801039655802,24.195610863097645,-8.4626937835953608,2.4783646999539908,0.13909189642598929,2.2427992487283541e-16,-1.5451308109310991,23.592668770225067,-8.0758767930711564,2.3132247052423551,0.10557534990870919,0.021793899149510281,-1.5442761482193537,23.592668770225067,-8.0757521547590265,2.3132247052423551,0.1055753499087092,1,1.8307835762794629,1.7616246212198707,1,1,1
1786521333.2098036,1,1,0.99097259234428381,1.1322549148759391,0.1340646158479184,4,0,1,0,0.38736811876260674,-0.52500397540832366,-1.7765239389276226,-1.8361337109182505,-1.4076831945573129,1.2988915874234073,-0.023503224573001046,-0.00071221892645457715,0,0,0,0.00035610946322728857,0.79645961870875759,-1.3938043327403258,23.195474325036376,-7.9049253296765754,2.3392728035280017,0.20863784463898394,-8.4328567349564731e-16,-1.5445114955360189,23.592530457357284,-8.0758376301291932,2.313324316013456,0.10555509380102032,0.028203869487600366,-1.5436568328242735,23.592530457357284,-8.0758376301291932,2.313324316013456,0.10549099409763939,1,1.8307835762794629,1.7616246212198707,1,1,1
1786521333.2302284,1,1,0.99097259234428381,1.1322549148759391,0.1340646158479184,4,0,1,0,0.38678148502070492,-0.52502248569629628,-1.7765239389276226,-1.8361360840320933,-1.4076831945573129,1.2988906381778702,-0.032049851690455974,-0.0010683283896818657,0,-0.00035610946322728857,0,0,-0.11946894280631364,-1.7123881802238288,23.003140375409206,-8.0780258843410255,2.3772069570987262,-0.16438133213980552,-4.0560426789156348e-16,-1.5435597723801626,23.592329025739794,-8.0757811297894122,2.3134810541671214,0.1055252082036275,0.038459822028546725,-1.5422777783125443,23.592329025739794,-8.0756564914772824,2.3134810541671214,0.10552520820362749,1,1.8307835762794629,1.7616246212198707,1,1,1
1786521333.2515352,1,1,0.99097259234428381,1.1322549148759391,0.1340646158479184,4,0,1,0,0.38597794867358537,-0.52507089721868627,-1.7765234643048542,-1.8361370332776303,-1.4076846184256187,1.2988906381778702,-0.04166480719759276,-0.0028488757058183086,0.00035610946322728857,0,0,0,0.15929192374175152,-1.2345124089985742,23.560908829327992,-7.8087583548629915,2.3076610088857312,0.037934153570724355,-1.7659535807420731e-16,-1.5410632980093064,23.591794864528136,-8.0756505156143774,2.3139104709605016,0.10544100179585764,0.049997768637111091,-1.5376446471623244,23.591509976957553,-8.0756505156143774,2.3139104709605016,0.10544100179585764,1,1.8307835762794629,1.7616246212198707,1,1,1
1786521333.2725513,1,1,0.99097259234428381,1.1322549148759391,0.1340646158479184,4,0,1,0,0.38501351520793448,-0.52511788487277067,-1.7765239389276226,-1.8361375079003988,-1.4076855676711557,1.2988906381778702,-0.052704200557638706,-0.0014244378529091543,0,0,-0.00035610946322728857,0.00035610946322728857,-0.27876086654806514,-1.5530962564820772,23.926343333619609,-8.5396273634462272,2.3076610088857312,0.17070369106825958,-2.9703751394313804e-17,-1.5386556063433687,23.591291529751274,-8.0755267131560657,2.3143186788025343,0.10536103682899725,0.063245040669166447,-1.5369462809198777,23.591291529751274,-8.0755267131560657,2.314382778505915,0.10529693712561637,1,1.8307835762794629,1.7616246212198707,1,1,1
1786521333.2938607,1,1,0.99097259234428381,1.1322549148759391,0.1340646158479184,4,0,1,0,0.38373677996059158,-0.52513924289735447,-1.7765234643048542,-1.8361389317687045,-1.4076850930483871,1.2988901635551018,-0.065880250697048379,-0.0010683283896818657,0,-0.00035610946322728857,0,0,0.31858384748350305,-1.3938043327403258,23.830176358806025,-8.7319613130733948,2.3392728035280017,0.069545948212994646,-2.4822385222581997e-16,-1.537559441820382,23.591061072009563,-8.0754632580609371,2.314505098860649,0.10532483061492195,0.07905630083645783,-1.5362774477527636,23.591061072009563,-8.0753386197488073,2.314505098860649,0.10532483061492198,1,1.8307835762794629,1.7616246212198707,1,1,1
1786521333.3153195,1,1,0.99097259234428381,1.1322549148759391,0.1340646158479184,4,0,1,0,0.38214964142263069,-0.52515965167640122,-1.7765201419454746,-1.8361427287508527,-1.4076846184256187,1.2988896889323331,-0.080124629226139929,-0.00035610946322728857,0.00035610946322728857,-0.00035610946322728857,0,0,0.63716769496700609,-1.3938043327403258,23.560908829327992,-8.0010923044901592,2.3076610088857312,0.069545948212994646,-2.9455824850652471e-16,-1.5364742700423091,23.590803669846004,-8.0753877367459346,2.3147035778064664,0.10528559836786451,0.096149555071367687,-1.5360469386864364,23.590518782275421,-8.0752630984338047,2.3147035778064664,0.1052855983678645,1,1.8307835762794629,1.7616246212198707,1,1,1
1786521333.3366928,1,1,0.99097259234428381,1.1322549148759391,0.1340646158479184,4,0,1,0,0.38028389931954326,-0.52516487252685495,-1.7765196673227059,-1.8361441526191582,-1.4076850930483871,1.2988896889323331,-0.093656788828776899,0,0,0,-0.00035610946322728857,-0.00035610946322728857,-0.43805279028981664,-1.5530962564820772,24.291777837911226,-8.6357943382598101,2.2760492142434612,0.20863784463898394,-2.1706151009633426e-16,-1.536193706839899,23.590734825808468,-8.0753692338279226,2.3147519961362053,0.10527576256382964,0.11238814659453206,-1.536193706839899,23.590734825808468,-8.0753692338279226,2.314816095839586,0.10533986226721055,1,1.8307835762794629,1.7616246212198707,1,1,1
1786521333.3578122,2,1,0.99097259234428381,1.1322549148759391,0.1340646158479184,4,0,1,0,0.37823400358226666,-0.52516534714962348,-1.7765191926999375,-1.8361455764874637,-1.40768414380285,1.2988896889323331,-0.10683283896818657,0,0.00035610946322728857,0,0,-0.00035610946322728857,0.15929192374175152,-1.2345124089985742,23.195474325036376,-8.0780258843410255,2.3076610088857312,0.24024963928125423,8.7916090694365595e-17,-1.5361689682138517,23.590729393287091,-8.0753606930178243,2.3147548208112121,0.10527472571746657,0.141865084698197,-1.5361689682138517,23.590444505716508,-8.0753606930178243,2.3147548208112121,0.10533882542084751,1,1.8307835762794629,1.7616246212198707,1,1,1
1786521333.3792958,2,1,0.99097259234428381,1.1322549148759391,0.1340646158479184,4,0,1,0,0.37590930126201172,-0.52516724564069761,-1.7765187180771689,-1.8361474749785378,-1.4076846184256187,1.2988896889323331,-0.1093256052107776,-0.00035610946322728857,0.00035610946322728857,-0.00035610946322728857,0,0,-0.11946894280631364,-1.2345124089985742,23.657075804141574,-8.6357943382598101,2.3392728035280017,0.037934153570724355,-3.7124861155092906e-16,-1.536056925055191,23.590694428416157,-8.0753496660433743,2.3147733087491527,0.10527061668173802,0.14984193667448784,-1.5356295936993183,23.590409540845574,-8.0752250277312445,2.3147733087491527,0.10527061668173804,1,1.8307835762794629,1.7616246212198707,1,1,1
1786521333.4007556,2,1,0.99097259234428381,1.1322549148759391,0.1340646158479184,4,0,1,0,0.37344648371611489,-0.52518100970098502,-1.7765182434544005,-1.8361479496013065,-1.4076860422939241,1.2988901635551018,-0.1182283417914598,-0.0010683283896818657,0,0,0,0,0.31858384748350305,-1.3938043327403258,23.195474325036376,-8.1741928591546085,2.1685691124597422,0.107480101783719,-4.8820099167717207e-16,-1.5353326775432121,23.590528158283849,-8.0753129929995033,2.3149011530877983,0.10524484972093806,0.17833069373267091,-1.5340506834755938,23.590528158283849,-8.0753129929995033,2.3149011530877983,0.10524484972093806,1,1.8307835762794629,1.7616246212198707,1,1,1
1786521333.4220924,2,1,0.99097259234428381,1.1322549148759391,0.1340646158479184,4,0,1,0,0.37088731774820666,-0.52519002753358701,-1.7765177688316318,-1.8361488988468435,-1.4076869915394612,1.2988896889323331,-0.12143332696050541,-0.00035610946322728857,0,0,0.00035610946322728857,0,0,-1.3938043327403258,23.753242778955158,-8.2703598339681932,2.4088187517409962,0.037934153570724355,2.2387927828878412e-16,-1.5348557587692944,23.590416849313655,-8.075286605249488,2.3149847971840307,0.10522902467124449,0.18858664627361751,-1.5344284274134217,23.590416849313655,-8.075286605249488,2.31492069748065,0.10522902467124451,1,1.8307835762794629,1.7616246212198707,1,1,1
1786521333.4435208,2,1,0.99097259234428381,1.1322549148759391,0.1340646158479184,4,0,1,0,0.36816298305685036,-0.52518907828804995,-1.7765182434544005,-1.8361493734696119,-1.40768414380285,1.2988901635551018,-0.12926773515150575,0,0,0,0.00035610946322728857,0,0.31858384748350305,-1.7123881802238288,23.560908829327992,-8.0780258843410255,2.1053455231752016,0.13909189642598929,-7.6569999662599517e-16,-1.5349334923389004,23.590455922263061,-8.0752836238182386,2.3149634214193657,0.10523209002442763,0.21365675248481772,-1.5349334923389004,23.590455922263061,-8.0752836238182386,2.314899321715985,0.10523209002442763,1,1.8307835762794629,1.7616246212198707,1,1,1
1786521333.4655015,2,1,0.99097259234428381,1.1322549148759391,0.1340646158479184,4,0,1,0,0.36525686784514744,-0.52519002753358701,-1.7765168195860948,-1.8361522212062231,-1.4076831945573129,1.2988901635551018,-0.13532159602636964,0,0,-0.00035610946322728857,0,0,0.15929192374175152,-1.3938043327403258,23.830176358806025,-7.8087583548629915,2.3772069570987262,0.13909189642598929,-3.1971258594113566e-17,-1.5348701434999894,23.590431307127243,-8.0752670842385363,2.3149759697636378,0.10522875050545011,0.23302910728438284,-1.5348701434999894,23.590431307127243,-8.0751424459264065,2.3149759697636378,0.10522875050545011,1,1.8307835762794629,1.7616246212198707,1,1,1
1786521333.4866102,2,1,0.99097259234428381,1.1322549148759391,0.1340646158479184,4,0,1,0,0.36245089803760416,-0.52519572300680939,-1.7765111241128724,-1.83615649281114,-1.4076855676711557,1.2988906381778702,-0.13532159602636964,-0.00035610946322728857,0,-0.00035610946322728857,0,-0.00035610946322728857,0,-1.3938043327403258,23.195474325036376,-8.0010923044901592,2.3772069570987262,0.069545948212994646,-4.3780676648027747e-16,-1.5344824842854949,23.590275646933282,-8.0752286398326092,2.3150744465723765,0.10520775405556652,0.23302910728438239,-1.5340551529296222,23.590275646933282,-8.0751040015204794,2.3150744465723765,0.10527185375894745,1,1.8307835762794629,1.7616246212198707,1,1,1
1786521333.508126,2,1,0.99097259234428381,1.1322549148759391,0.1340646158479184,4,0,1,0,0.35951440696871539,-0.52519857074342058,-1.7765111241128724,-1.8361583913022141,-1.4076836691800816,1.2988906381778702,-0.1342532676366878,0.00035610946322728857,0,-0.00035610946322728857,0.00035610946322728857,0,0.31858384748350305,-1.5530962564820772,23.560908829327992,-7.9049253296765754,2.3076610088857312,-0.13276953749753523,4.4044358004508011e-16,-1.5343488974937327,23.590257428247558,-8.075211818294008,2.3150901987003216,0.10520396832488234,0.22961045643740138,-1.5347762288496054,23.590257428247558,-8.0750871799818782,2.3150260989969409,0.10520396832488232,1,1.8307835762794629,1.7616246212198707,1,1,1
1786521333.5295916,2,1,0.99097259234428381,1.1322549148759391,0.1340646158479184,4,0,1,0,0.35656842344445611,-0.52519762149788352,-1.7765125479811781,-1.8361593405477512,-1.4076827199345445,1.2988901635551018,-0.13496548656314236,0,0,0,-0.00035610946322728857,-0.00035610946322728857,0.15929192374175152,-1.3938043327403258,24.022510308433194,-8.1741928591546085,2.3772069570987262,0.107480101783719,7.1124509547996345e-16,-1.5344196207376197,23.590289408116067,-8.0752135066660173,2.3150646763797451,0.10520934618965745,0.23188955700205621,-1.5344196207376197,23.590289408116067,-8.0752135066660173,2.3151287760831258,0.10527344589303834,1,1.8307835762794629,1.7616246212198707,1,1,1
1786521333.5509269,2,1,0.99097259234428381,1.1322549148759391,0.1340646158479184,4,0,1,0,0.35363762784878966,-0.52519904536618911,-1.776511598735641,-1.8361607644160567,-1.40768414380285,1.2988906381778702,-0.1335410487102332,0,0.00035610946322728857,-0.00035610946322728857,-0.00035610946322728857,0.00035610946322728857,0.31858384748350305,-1.3938043327403258,23.753242778955158,-8.5396273634462272,2.4783646999539908,0.069545948212994646,-2.1559614309758432e-16,-1.5343185314868926,23.590246274293808,-8.07520573174215,2.3150870493278535,0.10520396245213842,0.227331355872746,-1.5343185314868926,23.589961386723225,-8.0750810934300201,2.3151511490312342,0.10513986274875751,1,1.8307835762794629,1.7616246212198707,1,1,1
1786521333.5725358,2,1,0.99097259234428381,1.1322549148759391,0.1340646158479184,4,0,1,0,0.35078277189608792,-0.52520331697110578,-1.7765101748673353,-1.8361626629071308,-1.4076855676711557,1.2988906381778702,-0.12784329729859659,-0.00035610946322728857,0,-0.00035610946322728857,0,0,-0.11946894280631364,-1.2345124089985742,23.830176358806025,-8.0010923044901592,2.3392728035280017,0,3.2284152564829305e-16,-1.5340661481293876,23.590167349362481,-8.0751876385400774,2.3151373150044718,0.10519371675269612,0.20909855135550928,-1.5336388167735149,23.590167349362481,-8.0750630002279475,2.3151373150044718,0.10519371675269612,1,1.8307835762794629,1.7616246212198707,1,1,1
1786521333.5939596,2,1,0.99097259234428381,1.1322549148759391,0.1340646158479184,4,0,1,0,0.34805843720473162,-0.52520379159387431,-1.7765101748673353,-1.8361645613982049,-1.4076827199345445,1.2988901635551018,-0.12321387427664185,0,0,0,0,-0.00035610946322728857,0.47787577122525454,-1.3938043327403258,24.022510308433194,-8.0010923044901592,2.3076610088857312,0.27186143392352452,8.2662792355494424e-17,-1.5340634740268628,23.590183829100305,-8.0751753019966692,2.3151293549932528,0.10519522044107918,0.19428439768525391,-1.5340634740268628,23.590183829100305,-8.0751753019966692,2.3151293549932528,0.10525932014446006,1,1.8307835762794629,1.7616246212198707,1,1,1
1786521333.6155369,2,1,0.99097259234428381,1.1322549148759391,0.1340646158479184,4,0,1,0,0.34544279112736842,-0.52520284234833725,-1.7765092256217982,-1.8361674091348161,-1.4076822453117759,1.2988901635551018,-0.12036499857082354,0,0.00035610946322728857,0,0.00035610946322728857,-0.00035610946322728857,0.31858384748350305,-1.7123881802238288,23.368574879700823,-8.0010923044901592,2.2065032660304666,0.037934153570724355,-3.4400803196723076e-16,-1.5340979458570607,23.590180029102271,-8.0751660066796465,2.3151225475515949,0.10519571285401109,0.18516799542663487,-1.5340979458570607,23.589895141531688,-8.0751660066796465,2.3150584478482141,0.10525981255739199,1,1.8307835762794629,1.7616246212198707,1,1,1
1786521333.6370668,2,1,0.99097259234428381,1.1322549148759391,0.1340646158479184,4,0,1,0,0.34300655245650918,-0.52520379159387431,-1.7765078017534928,-1.8361712061169644,-1.4076831945573129,1.2988906381778702,-0.1182283417914598,0,0.00071221892645457715,0,0,0.00035610946322728857,0.31858384748350305,-1.5530962564820772,24.022510308433194,-8.5396273634462272,2.2381150606727367,0.037934153570724355,5.6206565280953608e-17,-1.5340135442765086,23.590134453974688,-8.0751503344883915,2.3151390183179927,0.10519077726800238,0.17833069373267135,-1.5340135442765086,23.589564678833526,-8.0751503344883915,2.3151390183179927,0.10512667756462145,1,1.8307835762794629,1.7616246212198707,1,1,1
1786521333.6582413,2,1,0.99097259234428381,1.1322549148759391,0.1340646158479184,4,0,1,0,0.34045213271628627,-0.52520521546217991,-1.7765049540168816,-1.8361754777218811,-1.4076831945573129,1.2988906381778702,-0.11716001340177794,0,0,-0.00035610946322728857,-0.00035610946322728857,0,-0.11946894280631364,-1.5530962564820772,23.830176358806025,-8.0010923044901592,2.3076610088857312,0.13909189642598929,1.2497971136737202e-16,-1.5338977119795882,23.590076904818154,-8.0751263373511026,2.3151681895830305,0.10518386916305211,0.17491204288568959,-1.5338977119795882,23.590076904818154,-8.0750016990389728,2.3152322892864112,0.10518386916305211,1,1.8307835762794629,1.7616246212198707,1,1,1
1786521333.6794171,2,1,0.99097259234428381,1.1322549148759391,0.1340646158479184,4,0,1,0,0.33802158951864941,-0.52520474083941138,-1.7765030555258075,-1.8361835463089462,-1.4076817706890075,1.2988906381778702,-0.10825727682109572,0,0.00035610946322728857,-0.00035610946322728857,0,0,0,-2.0309720277073318,23.753242778955158,-7.4433238505713737,2.3392728035280017,0.069545948212994646,6.8084508300300661e-16,-1.5338913819286484,23.590051759046005,-8.0750960450122591,2.3151611115480297,0.10518286675187331,0.14642328582750694,-1.5338913819286484,23.589766871475423,-8.0749714067001293,2.3151611115480297,0.10518286675187333,1,1.8307835762794629,1.7616246212198707,1,1,1
1786521333.7005825,2,1,0.99097259234428381,1.1322549148759391,0.1340646158479184,4,0,1,0,0.33580462656685056,-0.52520521546217991,-1.7765030555258075,-1.836189716404937,-1.4076812960662388,1.2988901635551018,-0.10790116735786844,0,0,0,0,-0.00035610946322728857,0.15929192374175152,-1.5530962564820772,24.022510308433194,-8.6357943382598101,2.3076610088857312,0.20863784463898394,6.0137899299044992e-16,-1.533854518025656,23.590034219307093,-8.0750756479710422,2.3151518872682439,0.10518363329646327,0.14528373554517965,-1.533854518025656,23.590034219307093,-8.0750756479710422,2.3151518872682439,0.10524773299984415,1,1.8307835762794629,1.7616246212198707,1,1,1
1786521333.7219613,2,1,0.99097259234428381,1.1322549148759391,0.1340646158479184,4,0,1,0,0.33347470339614182,-0.52520711395325403,-1.7765011570347333,-1.8361977849920019,-1.4076817706890075,1.2988906381778702,-0.10683283896818657,-0.00035610946322728857,0.00035610946322728857,-0.00035610946322728857,0,0,0.31858384748350305,-1.3938043327403258,23.368574879700823,-8.3665268087817761,2.3076610088857312,0.20863784463898394,3.4735974133951603e-16,-1.533708521677791,23.589965659177942,-8.0750426796769155,2.3151712744865511,0.10517688729782373,0.14186508469819745,-1.5332811903219183,23.589680771607359,-8.0749180413647856,2.3151712744865511,0.10517688729782376,1,1.8307835762794629,1.7616246212198707,1,1,1
1786521333.7433152,2,1,0.99097259234428381,1.1322549148759391,0.1340646158479184,4,0,1,0,0.33119793797550834,-0.52520711395325403,-1.7764987839208908,-1.8362200922621228,-1.4076803468207018,1.2988906381778702,-0.10540840111527741,0,0,-0.0014244378529091543,0,0,0.79645961870875759,-1.3938043327403258,23.368574879700823,-8.0780258843410255,2.3076610088857312,0.037934153570724355,3.0462947024937834e-16,-1.5336317671105872,23.589889657402701,-8.0749678938944651,2.3151453343339563,0.10517558778577993,0.13730688356888793,-1.5336317671105872,23.589889657402701,-8.0744693406459476,2.3151453343339563,0.1051755877857799,1,1.8307835762794629,1.7616246212198707,1,1,1
1786521333.7651324,2,1,0.99097259234428381,1.1322549148759391,0.1340646158479184,4,0,1,0,0.32887608339186464,-0.5252066393304855,-1.7764987839208908,-1.836319763043514,-1.4076779737068592,1.2988901635551018,-0.10790116735786844,0,0,-0.0071221892645457717,0,0,0.15929192374175152,-1.5530962564820772,23.195474325036376,-7.9049253296765754,2.3392728035280017,0.069545948212994646,-1.8465064140259571e-16,-1.5333914913931559,23.589631798084092,-8.0746708538069196,2.3149439955261379,0.10518759395386895,0.14528373554517876,-1.5333914913931559,23.589631798084092,-8.0721780875643283,2.3149439955261379,0.10518759395386895,1,1.8307835762794629,1.7616246212198707,1,1,1
1786521333.7863758,2,1,0.99097259234428381,1.1322549148759391,0.1340646158479184,4,0,1,0,0.32655612729929501,-0.5252080631987911,-1.7764954615615109,-1.8364616752513041,-1.4076774990840906,1.2988906381778702,-0.10505229165205013,-0.00035610946322728857,0,-0.006409970338091194,0,0.00035610946322728857,0,-1.3938043327403258,24.118677283246775,-8.0010923044901592,2.2381150606727367,0.20863784463898394,8.7656644502621603e-16,-1.5328774442803579,23.589178511590752,-8.0742389486815878,2.3147136784490501,0.10519213325063312,0.13616733328656128,-1.5324501129244852,23.589178511590752,-8.0719954590632561,2.3147136784490501,0.10512803354725218,1,1.8307835762794629,1.7616246212198707,1,1,1
1786521333.8077543,1,1,0.99097259234428381,1.1322549148759391,0.1340646158479184,4,0,1,0,0.32444880220702638,-0.52521470791755054,-1.7764907153338256,-1.8365950442492607,-1.4076784483296276,1.2988911128006388,-0.098998430777186217,-0.00071221892645457715,0,-0.0056977514116366172,0,0,0,-1.7123881802238288,22.541538896304004,-7.8087583548629915,2.3772069570987262,0.17070369106825958,1.3002972179890215e-16,-1.5320925387673481,23.588666111671877,-8.0738170475097633,2.3145618485628745,0.10518381939813411,0.11879811693262368,-1.5312378760556027,23.588666111671877,-8.0718228345156913,2.3145618485628745,0.10518381939813409,1,1.8307835762794629,1.7616246212198707,1,1,1
1786521333.8292313,1,1,0.99097259234428381,1.1322549148759391,0.1340646158479184,4,0,1,0,0.32237992155900858,-0.52522752273230078,-1.7764907153338256,-1.836720819282921,-1.4076784483296276,1.2988911128006388,-0.092232350975867738,-0.00035610946322728857,0,-0.006409970338091194,0,0,0,-1.3938043327403258,23.926343333619609,-8.2703598339681932,2.3076610088857312,0.20863784463898394,-1.8149036147638992e-16,-1.531074738034071,23.588169860304177,-8.0734117543495447,2.3144339669705003,0.10517358490369606,0.11067882117104107,-1.5306474066781983,23.588169860304177,-8.0711682647312131,2.3144339669705003,0.10517358490369605,1,1.8307835762794629,1.7616246212198707,1,1,1
1786521333.8523118,1,1,0.99097259234428381,1.1322549148759391,0.1340646158479184,4,0,1,0,0.32019001210501585,-0.52522752273230078,-1.7764907153338256,-1.836885988006369,-1.4076765498385535,1.2988911128006388,-0.092232350975867738,0,0,-0.0074782987277730601,0,0,0.31858384748350305,-1.7123881802238288,23.368574879700823,-7.7125913800494077,2.3392728035280017,0.069545948212994646,-7.6241435582359574e-18,-1.5306162783784392,23.587714220773567,-8.07292066155836,2.3141135065077632,0.10518982423622675,0.11067882117104129,-1.5306162783784392,23.587714220773567,-8.0703032570036388,2.3141135065077632,0.10518982423622675,1,1.8307835762794629,1.7616246212198707,1,1,1
1786521333.8733358,1,1,0.99097259234428381,1.1322549148759391,0.1340646158479184,4,0,1,0,0.31832142226531729,-0.52522752273230078,-1.7764916645793627,-1.8370578014485766,-1.4076765498385535,1.2988911128006388,-0.091164022586185875,0,0,-0.0089027365806822138,0,0.00035610946322728857,0,-1.5530962564820772,23.464741854514408,-8.0780258843410255,2.3772069570987262,0.20863784463898394,2.2529636440954057e-16,-1.5301314357538307,23.587232223890702,-8.0724158796114107,2.3137776123077756,0.10520737670321138,0.10939682710342327,-1.5301314357538307,23.587232223890702,-8.069299921808172,2.3137776123077756,0.10514327699983049,1,1.8307835762794629,1.7616246212198707,1,1,1
1786521333.8946195,1,1,0.99097259234428381,1.1322549148759391,0.1340646158479184,4,0,1,0,0.31631139484059712,-0.52522752273230078,-1.7764916645793627,-1.8372614146162753,-1.4076774990840906,1.2988906381778702,-0.092944569902322319,0,0,-0.009971064970364079,0,0,0,-1.8716801039655802,23.195474325036376,-7.8087583548629915,2.3772069570987262,0.037934153570724355,6.4587109261087655e-16,-1.5295368071494448,23.586641205199392,-8.0718161236944947,2.3133919316001048,0.10522655112612335,0.11153348388278744,-1.5295368071494448,23.586641205199392,-8.0683262509548666,2.3133919316001048,0.10522655112612334,1,1.8307835762794629,1.7616246212198707,1,1,1
1786521333.9159973,1,1,0.99097259234428381,1.1322549148759391,0.1340646158479184,4,0,1,0,0.31442334546738887,-0.52522752273230078,-1.7764921392021313,-1.8374721471255022,-1.4076779737068592,1.2988906381778702,-0.089739584733276714,0,0,-0.009971064970364079,0,0,-0.11946894280631364,-1.3938043327403258,23.926343333619609,-8.0010923044901592,2.3076610088857312,0.30979558749424885,8.1570373963420553e-16,-1.528930388786335,23.586038419305673,-8.0711953895630195,2.3129874022519186,0.1052466213685115,0.10768750167993295,-1.528930388786335,23.586038419305673,-8.0677055168233913,2.3129874022519186,0.10524662136851148,1,1.8307835762794629,1.7616246212198707,1,1,1
1786521333.9374619,1,1,0.99097259234428381,1.1322549148759391,0.1340646158479184,4,0,1,0,0.31251726042897648,-0.52523037046891197,-1.7764916645793627,-1.8376928467128681,-1.4076789229523963,1.2988906381778702,-0.086534599564231124,0,0,-0.011751612286500523,0,0,0,-1.3938043327403258,23.926343333619609,-8.1741928591546085,2.2381150606727367,0.107480101783719,9.8245657486131788e-17,-1.5281350072253579,23.585362442013931,-8.070535574601184,2.3125984539544833,0.10526086152432031,0.10384151947707734,-1.5281350072253579,23.585362442013931,-8.0664225103009084,2.3125984539544833,0.10526086152432029,1,1.8307835762794629,1.7616246212198707,1,1,1
1786521333.9585845,1,1,0.99097259234428381,1.1322549148759391,0.1340646158479184,4,0,1,0,0.31065721379911143,-0.52524318528366232,-1.7764921392021313,-1.8379657548047723,-1.4076789229523963,1.2988901635551018,-0.085822380637776544,-0.00071221892645457715,0,-0.013532159602636965,0,-0.00035610946322728857,0.31858384748350305,-1.5530962564820772,23.657075804141574,-7.8087583548629915,2.2381150606727367,0.17070369106825958,-3.3908677054368327e-16,-1.526699237159669,23.584450718336679,-8.0696948706089273,2.3121858114671885,0.10526568886456497,0.10298685676533141,-1.5258445744479237,23.584450718336679,-8.0649586147480044,2.3121858114671885,0.10532978856794585,1,1.8307835762794629,1.7616246212198707,1,1,1
1786521333.9801798,1,1,0.99097259234428381,1.1322549148759391,0.1340646158479184,4,0,1,0,0.30883608623626579,-0.52525030462519018,-1.7764930884476684,-1.8382775819636958,-1.4076789229523963,1.2988906381778702,-0.082261286005503656,-0.00035610946322728857,-0.00035610946322728857,-0.015312706918773409,0.00035610946322728857,0,0,-1.5530962564820772,23.099307350222791,-8.0780258843410255,2.2381150606727367,-0.063223589284540582,-1.2108505387589674e-16,-1.5254462040532095,23.583491512902953,-8.0687548121155483,2.3116455772792723,0.10528305050581263,0.098713543206604165,-1.5250188726973368,23.583776400473536,-8.063395364693978,2.3115814775758916,0.1052830505058126,1,1.8307835762794629,1.7616246212198707,1,1,1
1786521334.0015388,1,1,0.99097259234428381,1.1322549148759391,0.1340646158479184,4,0,1,0,0.30702255263771655,-0.5252522031162643,-1.7764930884476684,-1.8386216834708795,-1.4076793975751647,1.2988901635551018,-0.083685723858412817,0,-0.00035610946322728857,-0.015668816382000697,0,-0.00035610946322728857,-0.11946894280631364,-1.3938043327403258,23.830176358806025,-8.4626937835953608,2.3076610088857312,0.13909189642598929,-5.4553156967913213e-17,-1.5243543226435214,23.582482632237365,-8.0677304716035962,2.3110074921022736,0.10531194283447523,0.10042286863009538,-1.5243543226435214,23.582767519807948,-8.0622463858698961,2.3110074921022736,0.10537604253785617,1,1.8307835762794629,1.7616246212198707,1,1,1
1786521334.0229928,1,1,0.99097259234428381,1.1322549148759391,0.1340646158479184,4,0,1,0,0.30527926320890963,-0.52525600009841256,-1.7764926138248998,-1.8389306628931918,-1.4076793975751647,1.2988901635551018,-0.087602927953912987,-0.00035610946322728857,0,-0.013176050139409676,-0.00035610946322728857,0,0.47787577122525454,-1.3938043327403258,23.753242778955158,-8.1741928591546085,2.3772069570987262,0.037934153570724355,-1.4008569694870521e-16,-1.5232649904446278,23.58155268884525,-8.0668022465186375,2.3104559797866431,0.10533294291552601,0.10512351354469536,-1.5228376590887551,23.58155268884525,-8.0621906289698444,2.3105200794900238,0.10533294291552603,1,1.8307835762794629,1.7616246212198707,1,1,1
1786521334.044405,1,1,0.99097259234428381,1.1322549148759391,0.1340646158479184,4,0,1,0,0.30340924950090548,-0.525262644817172,-1.7764926138248998,-1.839197400889105,-1.4076789229523963,1.2988901635551018,-0.088315146880367568,-0.00035610946322728857,0,-0.012819940676182388,0,0,0,-1.8716801039655802,23.099307350222791,-7.7125913800494077,2.3772069570987262,0.037934153570724355,-1.2454272706988352e-15,-1.522161180426127,23.580722831063305,-8.0659915069185519,2.3100043582982757,0.10534619651681183,0.10597817625643975,-1.5217338490702543,23.580722831063305,-8.0615045276818886,2.3100043582982757,0.10534619651681182,1,1.8307835762794629,1.7616246212198707,1,1,1
1786521334.0659192,1,1,0.99097259234428381,1.1322549148759391,0.1340646158479184,4,0,1,0,0.30153306569691046,-0.52527213727254252,-1.7764930884476684,-1.8394665119988609,-1.4076798721979333,1.2988901635551018,-0.087246818490685704,-0.00071221892645457715,0,-0.012107721749727811,0,0,0,-1.5530962564820772,24.022510308433194,-8.0780258843410255,2.3392728035280017,0.17070369106825958,8.3807133867234984e-17,-1.5208968631552557,23.579847888303295,-8.0651695211875474,2.309573157333781,0.10535487655256891,0.10469618218882284,-1.5200422004435103,23.579847888303295,-8.060931818575142,2.309573157333781,0.10535487655256892,1,1.8307835762794629,1.7616246212198707,1,1,1
1786521334.0871618,1,1,0.99097259234428381,1.1322549148759391,0.1340646158479184,4,0,1,0,0.29968013840857338,-0.52529064756051513,-1.7764930884476684,-1.8397228082938666,-1.4076808214434704,1.2988901635551018,-0.086178490101003827,-0.0010683283896818657,0.00035610946322728857,-0.011751612286500523,-0.00035610946322728857,0,0,-1.8716801039655802,24.387944812724811,-8.0780258843410255,2.3392728035280017,0.27186143392352452,5.6695387994814064e-16,-1.5192029190615086,23.578908629032515,-8.0643597447073407,2.3092493637391085,0.10534610827609314,0.10341418812120526,-1.5179209249938903,23.578623741461932,-8.0602466804070652,2.3093134634424892,0.10534610827609314,1,1.8307835762794629,1.7616246212198707,1,1,1
1786521334.1085982,1,1,0.99097259234428381,1.1322549148759391,0.1340646158479184,4,0,1,0,0.29784619603097739,-0.52530963247125628,-1.7764935630704368,-1.8399824269482521,-1.4076812960662388,1.2988901635551018,-0.083685723858412817,-0.00035610946322728857,0.00035610946322728857,-0.0124638312129551,0,0,0,-1.3938043327403258,23.291641299849957,-7.9049253296765754,2.4404305463832667,0,-5.0371863527087085e-16,-1.5174846042035979,23.577964182138366,-8.0635386501883808,2.30891789307783,0.1053378308272081,0.10042286863009493,-1.5170572728477252,23.577679294567783,-8.0591763092638473,2.30891789307783,0.1053378308272081,1,1.8307835762794629,1.7616246212198707,1,1,1
1786521334.1300113,1,1,0.99097259234428381,1.1322549148759391,0.1340646158479184,4,0,1,0,0.29611904377630049,-0.52531532794447866,-1.776496410807048,-1.8402610305133784,-1.4076808214434704,1.2988901635551018,-0.08546627117454926,0,-0.00035610946322728857,-0.012819940676182388,0.00035610946322728857,0,0.31858384748350305,-1.5530962564820772,24.118677283246775,-7.8087583548629915,2.2760492142434612,0.069545948212994646,1.3262613189212076e-15,-1.5164260664027753,23.577140830521529,-8.0627004491214365,2.3084106483950171,0.10535848523440665,0.10255952540946044,-1.5164260664027753,23.577425718092112,-8.0582134698847732,2.3083465486916364,0.10535848523440666,1,1.8307835762794629,1.7616246212198707,1,1,1
1786521334.1512752,1,1,0.99097259234428381,1.1322549148759391,0.1340646158479184,4,0,1,0,0.29428842375808423,-0.52531485332171013,-1.7764992585436592,-1.8405178014311527,-1.4076817706890075,1.2988901635551018,-0.083329614395185519,0,-0.00035610946322728857,-0.011395502823273234,-0.00035610946322728857,-0.00035610946322728857,0.31858384748350305,-1.7123881802238288,23.926343333619609,-7.8087583548629915,2.1369573178174717,0.17070369106825958,2.4618165578998985e-16,-1.515733057822088,23.576432639543157,-8.0619458897081682,2.3078952921152447,0.10538698014156801,0.099995537274222848,-1.515733057822088,23.57671752711374,-8.0579574637200224,2.3079593918186254,0.10545107984494891,1,1.8307835762794629,1.7616246212198707,1,1,1
1786521334.1725478,1,1,0.99097259234428381,1.1322549148759391,0.1340646158479184,4,0,1,0,0.29249197657920206,-0.52531485332171013,-1.7765011570347333,-1.8407418233778983,-1.4076827199345445,1.2988901635551018,-0.081905176542276373,0,-0.00035610946322728857,-0.0089027365806822138,-0.00035610946322728857,0,0,-1.7123881802238288,23.657075804141574,-7.7125913800494077,2.3076610088857312,0.17070369106825958,-2.2447050728596762e-16,-1.5150998392544244,23.575803065130735,-8.0612846944598449,2.3074547916034325,0.10541003813915539,0.098286211850731428,-1.5150998392544244,23.576087952701318,-8.0581687366566062,2.3075188913068132,0.10541003813915539,1,1.8307835762794629,1.7616246212198707,1,1,1
1786521334.1938312,1,1,0.99097259234428381,1.1322549148759391,0.1340646158479184,4,0,1,0,0.2908156089607577,-0.52531532794447866,-1.7765035301485759,-1.8408908549272165,-1.4076846184256187,1.2988906381778702,-0.082617395468730953,0,-0.00035610946322728857,-0.0056977514116366172,-0.00035610946322728857,0.00035610946322728857,0,-1.5530962564820772,23.753242778955158,-8.1741928591546085,2.3076610088857312,0,1.6689005456456754e-16,-1.5146538493809336,23.575378588545966,-8.060848758182404,2.3071601637619854,0.10542505742121591,0.09914087456247736,-1.5146538493809336,23.575663476116549,-8.058854545188332,2.3072242634653661,0.10536095771783503,1,1.8307835762794629,1.7616246212198707,1,1,1
1786521334.2148123,1,1,0.99097259234428381,1.1322549148759391,0.1340646158479184,4,0,1,0,0.28909130444269199,-0.52531485332171013,-1.7765044793941129,-1.8409971704273669,-1.4076850930483871,1.2988901635551018,-0.078344081910003485,0,0,-0.0042733135587274627,0.00035610946322728857,0,0,-1.2345124089985742,23.926343333619609,-8.0780258843410255,2.3076610088857312,0.17070369106825958,1.6619040535013549e-16,-1.5143787732875511,23.5750860007069,-8.06053609845506,2.3069464044337469,0.10543763738662164,0.094012898292004404,-1.5143787732875511,23.5750860007069,-8.0590404387095056,2.3068823047303662,0.10543763738662165,1,1.8307835762794629,1.7616246212198707,1,1,1
1786521334.2361279,1,1,0.99097259234428381,1.1322549148759391,0.1340646158479184,4,0,1,0,0.28742727701622939,-0.52531390407617307,-1.7765063778851871,-1.8410659907288036,-1.4076850930483871,1.2988896889323331,-0.075851315667412461,0,0,-0.0028488757058183086,0.00035610946322728857,-0.00035610946322728857,-0.11946894280631364,-1.8716801039655802,24.118677283246775,-7.8087583548629915,2.1053455231752016,0.107480101783719,-6.081611857991151e-16,-1.5142505996879776,23.574920234398608,-8.0603381960533564,2.3067902203860027,0.10544949408856098,0.091021578800894287,-1.5142505996879776,23.574920234398608,-8.0593410895563196,2.3067261206826219,0.10551359379194188,1,1.8307835762794629,1.7616246212198707,1,1,1
1786521334.2573249,1,1,0.99097259234428381,1.1322549148759391,0.1340646158479184,4,0,1,0,0.28584820706533348,-0.5253143786989416,-1.7765097002445669,-1.8410987396998322,-1.4076855676711557,1.2988901635551018,-0.076919644057094325,-0.00035610946322728857,-0.00035610946322728857,-0.0010683283896818657,0.00035610946322728857,0,0.15929192374175152,-1.3938043327403258,23.003140375409206,-8.2703598339681932,2.3076610088857312,0.30979558749424885,3.2710379543887669e-16,-1.5141628233711222,23.574851699855422,-8.060248956899704,2.3067045910226618,0.10545631384994499,0.092303572868513414,-1.5137354920152495,23.575136587426005,-8.0598750419633145,2.3066404913192811,0.10545631384994497,1,1.8307835762794629,1.7616246212198707,1,1,1
1786521334.2789664,1,1,0.99097259234428381,1.1322549148759391,0.1340646158479184,4,0,1,0,0.28418323039333387,-0.52531390407617307,-1.7765097002445669,-1.8411253185748697,-1.4076855676711557,1.2988896889323331,-0.078700191373230768,0,-0.00035610946322728857,-0.0014244378529091543,0,-0.00035610946322728857,0,-1.7123881802238288,23.926343333619609,-7.8087583548629915,2.2065032660304666,0.069545948212994646,-9.7287493816197723e-16,-1.5141114108356053,23.574781521097897,-8.0601708141651773,2.3066495949015278,0.1054602980713229,0.094440229647876031,-1.5141114108356053,23.57506640866848,-8.0596722609166598,2.3066495949015278,0.10552439777470381,1,1.8307835762794629,1.7616246212198707,1,1,1
1786521334.3003798,1,1,0.99097259234428381,1.1322549148759391,0.1340646158479184,4,0,1,0,0.28249974343336159,-0.5253143786989416,-1.7765097002445669,-1.8411590167914353,-1.4076860422939241,1.2988901635551018,-0.077987972446776202,-0.00035610946322728857,0,-0.0017805473161364429,0,0.00035610946322728857,0.79645961870875759,-1.5530962564820772,23.291641299849957,-8.5396273634462272,2.2065032660304666,0.107480101783719,5.2581264266705202e-17,-1.513984922110025,23.574674878711143,-8.0600698618414341,2.3065911935375789,0.10546151909581813,0.093585566936131445,-1.5135575907541523,23.574674878711143,-8.0594466702807868,2.3065911935375789,0.10539741939243723,1,1.8307835762794629,1.7616246212198707,1,1,1
1786521334.3218462,1,1,0.99097259234428381,1.1322549148759391,0.1340646158479184,4,0,1,0,0.28077591353806436,-0.52531532794447866,-1.7765097002445669,-1.8411950881218435,-1.4076855676711557,1.2988896889323331,-0.081549067079049076,-0.00035610946322728857,0,-0.0017805473161364429,0,0,-0.43805279028981664,-1.5530962564820772,23.830176358806025,-7.6356578001985413,2.3772069570987262,0.107480101783719,-1.3344157051044248e-16,-1.5138376900360053,23.574566730625762,-8.0599586532011216,2.3065291680430176,0.10546415287396572,0.097858880494858663,-1.5134103586801326,23.574566730625762,-8.0593354616404742,2.3065291680430176,0.10546415287396571,1,1.8307835762794629,1.7616246212198707,1,1,1
1786521334.3431654,1,1,0.99097259234428381,1.1322549148759391,0.1340646158479184,4,0,1,0,0.27896332918505223,-0.52531580256724719,-1.7765092256217982,-1.8412434996442335,-1.4076869915394612,1.2988901635551018,-0.0840418333216401,0.00035610946322728857,0,-0.0021366567793637313,-0.00035610946322728857,0,-0.27876086654806514,-1.7123881802238288,23.195474325036376,-8.3665268087817761,2.1685691124597422,0.24024963928125423,-3.1027155671103923e-16,-1.5136549518543916,23.574404219995202,-8.0598142742094065,2.3064496893962749,0.1054654253377027,0.10085019998596789,-1.5140822832102643,23.574404219995202,-8.0590664443366293,2.3065137890996557,0.1054654253377027,1,1.8307835762794629,1.7616246212198707,1,1,1
1786521334.3644812,1,1,0.99097259234428381,1.1322549148759391,0.1340646158479184,4,0,1,0,0.27720912343256915,-0.52531627719001572,-1.7765097002445669,-1.8412857410706325,-1.4076865169166928,1.2988896889323331,-0.087602927953912987,0,0,-0.0017805473161364429,0,0,0,-1.5530962564820772,23.099307350222791,-8.1741928591546085,2.4088187517409962,0,-1.0053425580631818e-15,-1.51351939150444,23.574288534251309,-8.0596871404479611,2.3063676198840763,0.10547023683200844,0.10512351354469447,-1.51351939150444,23.574288534251309,-8.0590639488873137,2.3063676198840763,0.10547023683200846,1,1.8307835762794629,1.7616246212198707,1,1,1
1786521334.3858593,1,1,0.99097259234428381,1.1322549148759391,0.1340646158479184,4,0,1,0,0.27532582028704616,-0.52531627719001572,-1.7765097002445669,-1.8413294063653372,-1.4076865169166928,1.2988896889323331,-0.088315146880367568,0,0,-0.0017805473161364429,0,0,-0.11946894280631364,-1.3938043327403258,23.560908829327992,-8.0010923044901592,2.2381150606727367,0,-3.391104874662064e-16,-1.5133936947225779,23.574163606197292,-8.0595566847006683,2.3062844668065181,0.10547416973469112,0.10597817625644064,-1.5133936947225779,23.574163606197292,-8.0589334931400209,2.3062844668065181,0.10547416973469109,1,1.8307835762794629,1.7616246212198707,1,1,1
1786521334.407321,1,1,0.99097259234428381,1.1322549148759391,0.1340646158479184,4,0,1,0,0.27342637996739322,-0.52531627719001572,-1.7765097002445669,-1.8413664269412824,-1.4076860422939241,1.2988896889323331,-0.090451803659731295,0,-0.00035610946322728857,-0.0017805473161364429,0.00035610946322728857,0,0.15929192374175152,-1.5530962564820772,23.753242778955158,-7.9049253296765754,2.3392728035280017,0.069545948212994646,-4.643239799270206e-16,-1.5132915042774502,23.574062048422306,-8.0594451650538321,2.3062125713294201,0.10547773388168792,0.1085421643916771,-1.5132915042774502,23.574346935992889,-8.0588219734931847,2.3061484716260394,0.10547773388168791,1,1.8307835762794629,1.7616246212198707,1,1,1
1786521334.4286528,1,1,0.99097259234428381,1.1322549148759391,0.1340646158479184,4,0,1,0,0.27145622085522941,-0.52531722643555279,-1.7765092256217982,-1.841400125157848,-1.4076865169166928,1.2988896889323331,-0.093656788828776899,0,0,-0.0017805473161364429,0,0,0.63716769496700609,-1.3938043327403258,23.368574879700823,-8.1741928591546085,2.2760492142434612,0.037934153570724355,-3.6579202530471686e-16,-1.5131363991227151,23.573946107735544,-8.0593415726725901,2.306162240671489,0.1054781012527858,0.11238814659453183,-1.5131363991227151,23.573946107735544,-8.0587183811119427,2.306162240671489,0.10547810125278578,1,1.8307835762794629,1.7616246212198707,1,1,1
1786521334.4517405,1,1,0.99097259234428381,1.1322549148759391,0.1340646158479184,4,0,1,0,0.26929621263565406,-0.52531959954939544,-1.7765087509990298,-1.8414404680931731,-1.4076865169166928,1.2988896889323331,-0.097930102387504353,0,0.00035610946322728857,-0.0017805473161364429,0,0,0.15929192374175152,-1.5530962564820772,23.753242778955158,-8.0780258843410255,2.3772069570987262,0.20863784463898394,-5.5563328460808692e-16,-1.5128936687867847,23.573800341835703,-8.0592134106867039,2.3061103040710926,0.10547686090244056,0.11751612286500455,-1.5128936687867847,23.57351545426512,-8.0585902191260566,2.3061103040710926,0.10547686090244057,1,1.8307835762794629,1.7616246212198707,1,1,1
1786521334.4729548,2,1,0.99097259234428381,1.1322549148759391,0.1340646158479184,4,0,1,0,0.26713715366161578,-0.52532054879493251,-1.7765087509990298,-1.8414722678186644,-1.4076860422939241,1.2988896889323331,-0.10184730648300452,0,0.00035610946322728857,-0.0014244378529091543,0.00035610946322728857,0,0.31858384748350305,-1.7123881802238288,23.003140375409206,-8.0780258843410255,2.2760492142434612,-0.031611794642270291,1.0362685780003836e-16,-1.5127579249610723,23.573703606844241,-8.0591149312123207,2.3060566479260287,0.10547832916737868,0.12591138074561448,-1.5127579249610723,23.573418719273658,-8.0586163779638031,2.305992548222648,0.1054783291673787,1,1.8307835762794629,1.7616246212198707,1,1,1
1786521334.494292,2,1,0.99097259234428381,1.1322549148759391,0.1340646158479184,4,0,1,0,0.26500372431707803,-0.52532102341770104,-1.7765092256217982,-1.8414931512204797,-1.4076865169166928,1.2988896889323331,-0.10540840111527741,0,0.00035610946322728857,-0.00071221892645457715,0,0,0.15929192374175152,-1.5530962564820772,24.022510308433194,-8.1741928591546085,2.2760492142434612,-0.063223589284540582,6.1505603398976511e-17,-1.5126742837625282,23.573639502471913,-8.0590534137508367,2.3060182783925702,0.10547997719714393,0.13730688356888771,-1.5126742837625282,23.57335461490133,-8.0588041371265771,2.3060182783925702,0.10547997719714391,1,1.8307835762794629,1.7616246212198707,1,1,1
1786521334.5159607,2,1,0.99097259234428381,1.1322549148759391,0.1340646158479184,4,0,1,0,0.26276540334069542,-0.52532434577708076,-1.7765087509990298,-1.8415130853767578,-1.4076893646533037,1.2988901635551018,-0.10327174433591368,0,0,-0.0014244378529091543,-0.00035610946322728857,0,0,-1.3938043327403258,24.022510308433194,-7.6356578001985413,2.2381150606727367,0.069545948212994646,9.3911305191736807e-16,-1.5124146398842337,23.573515046070337,-8.0589891645481533,2.3060221180699152,0.10547311573402753,0.13046958187492466,-1.5124146398842337,23.573515046070337,-8.0584906112996357,2.3060862177732959,0.10547311573402751,1,1.8307835762794629,1.7616246212198707,1,1,1
1786521334.5375054,1,1,0.99097259234428381,1.1322549148759391,0.1340646158479184,4,0,1,0,0.26059163106083272,-0.52533146511860862,-1.7765092256217982,-1.841531121041962,-1.4076893646533037,1.2988896889323331,-0.099710649703640797,-0.00035610946322728857,0,-0.0010683283896818657,0,0,0.15929192374175152,-1.5530962564820772,23.195474325036376,-8.0780258843410255,2.2065032660304666,0.27186143392352452,5.7910456757650358e-16,-1.5120042950712893,23.573393443781832,-8.0589174838338948,2.3060456143799017,0.10546414661055382,0.11965277964436961,-1.5115769637154166,23.573393443781832,-8.0585435688975053,2.3060456143799017,0.10546414661055381,1,1.8307835762794629,1.7616246212198707,1,1,1
1786521334.5586128,1,1,0.99097259234428381,1.1322549148759391,0.1340646158479184,4,0,1,0,0.25848383134579556,-0.52533858446013659,-1.7765087509990298,-1.8415529536893145,-1.4076879407849983,1.2988896889323331,-0.096505664534595206,-0.00035610946322728857,0,-0.0010683283896818657,0.00035610946322728857,0,0.63716769496700609,-1.3938043327403258,23.368574879700823,-7.250989900944206,2.4783646999539908,0.20863784463898394,-2.8001892796690464e-16,-1.5115850537955406,23.573263121449152,-8.0588292485260133,2.3060662143594262,0.10545381209508706,0.11580679744151402,-1.5111577224396679,23.573263121449152,-8.0584553335896238,2.3060021146560454,0.10545381209508703,1,1.8307835762794629,1.7616246212198707,1,1,1
1786521334.5803802,1,1,0.99097259234428381,1.1322549148759391,0.1340646158479184,4,0,1,0,0.25634897813295221,-0.52534665304720163,-1.7765087509990298,-1.8415847534148058,-1.4076879407849983,1.2988896889323331,-0.09828621185073165,-0.00035610946322728857,0,-0.0014244378529091543,0,0,-0.43805279028981664,-1.3938043327403258,23.560908829327992,-8.0010923044901592,2.2381150606727367,0.17070369106825958,1.3658321571180868e-16,-1.5110805434099506,23.573086145175377,-8.0587126550466301,2.3060761763928368,0.10544286920882112,0.11794345422087819,-1.5106532120540779,23.573086145175377,-8.0582141017981126,2.3060761763928368,0.10544286920882112,1,1.8307835762794629,1.7616246212198707,1,1,1
1786521334.6018367,2,1,0.99097259234428381,1.1322549148759391,0.1340646158479184,4,0,1,0,0.2541728327392469,-0.52535187389765536,-1.7765087509990298,-1.8416099084215378,-1.4076884154077667,1.2988896889323331,-0.10042286863009538,-0.00035610946322728857,0,-0.0010683283896818657,0,0,0.63716769496700609,-1.5530962564820772,23.830176358806025,-8.0780258843410255,2.2760492142434612,0.20863784463898394,-2.0771196042454129e-16,-1.5107365353429478,23.57295416991554,-8.0586244211874565,2.3060753021905325,0.1054359689319716,0.12135317961630497,-1.5103092039870751,23.57295416991554,-8.058250506251067,2.3060753021905325,0.1054359689319716,1,1.8307835762794629,1.7616246212198707,1,1,1
1786521334.6231959,1,1,0.99097259234428381,1.1322549148759391,0.1340646158479184,4,0,1,0,0.25212483549304437,-0.52535282314319243,-1.7765087509990298,-1.8416345888055015,-1.4076893646533037,1.2988901635551018,-0.098998430777186217,0,0.00035610946322728857,-0.00071221892645457715,0.00035610946322728857,0.00035610946322728857,-0.27876086654806514,-1.5530962564820772,23.003140375409206,-8.2703598339681932,2.3076610088857312,-0.031611794642270291,3.3361832583620951e-16,-1.5106073359574892,23.572863910720912,-8.0585499417729007,2.3060396302433004,0.10543532657876582,0.1187981169326239,-1.5106073359574892,23.572579023150329,-8.0583006651486411,2.3059755305399197,0.1053712268753849,1,1.8307835762794629,1.7616246212198707,1,1,1
1786521334.6446784,1,1,0.99097259234428381,1.1322549148759391,0.1340646158479184,4,0,1,0,0.2500730412646936,-0.52535472163426655,-1.7765092256217982,-1.8416493021113258,-1.4076898392760724,1.2988896889323331,-0.094369007755231465,0,0,-0.00035610946322728857,0,0,0,-1.5530962564820772,23.830176358806025,-7.7125913800494077,2.2381150606727367,-0.031611794642270291,3.2755695806565774e-16,-1.5104693876617414,23.572803091262003,-8.0585030078681044,2.3060252254430056,0.10543475736878387,0.11324280930627798,-1.5104693876617414,23.572803091262003,-8.0583783695559745,2.3060252254430056,0.10543475736878388,1,1.8307835762794629,1.7616246212198707,1,1,1
1786521334.6659117,1,1,0.99097259234428381,1.1322549148759391,0.1340646158479184,4,0,1,0,0.24807487940918663,-0.52536563795794278,-1.7765092256217982,-1.8416583199439278,-1.4076888900305353,1.2988901635551018,-0.091520132049413158,-0.00071221892645457715,-0.00035610946322728857,-0.00071221892645457715,0.00035610946322728857,0,-0.11946894280631364,-1.5530962564820772,23.099307350222791,-8.2703598339681932,2.3392728035280017,0.20863784463898394,8.5174499153987601e-16,-1.5098926388719085,23.572668835531232,-8.0584451583638419,2.3061008906176221,0.10541658096354199,0.10982415845929668,-1.5090379761601631,23.572953723101815,-8.0581958817395822,2.3060367909142414,0.10541658096354201,1,1.8307835762794629,1.7616246212198707,1,1,1
1786521334.6871331,1,1,0.99097259234428381,1.1322549148759391,0.1340646158479184,4,0,1,0,0.24613034992652344,-0.52538177513207274,-1.7765092256217982,-1.8416697108903726,-1.4076893646533037,1.2988896889323331,-0.090807913122958578,-0.0010683283896818657,-0.00035610946322728857,-0.00035610946322728857,0,0,-0.11946894280631364,-1.3938043327403258,23.657075804141574,-8.0780258843410255,2.5099764945962613,0.17070369106825958,3.6406238402642357e-16,-1.5090303277159003,23.57246068101345,-8.0583689098728435,2.3062213961565377,0.10539054468254228,0.10896949574755073,-1.507748333648282,23.572745568584033,-8.0582442715607137,2.3062213961565377,0.10539054468254228,1,1.8307835762794629,1.7616246212198707,1,1,1
1786521334.7084684,1,1,0.99097259234428381,1.1322549148759391,0.1340646158479184,4,0,1,0,0.24427457490157514,-0.52539269145574885,-1.7765092256217982,-1.8416773048546691,-1.4076893646533037,1.2988896889323331,-0.092588460439095022,-0.00035610946322728857,0,-0.00035610946322728857,0,0,0.47787577122525454,-1.3938043327403258,23.830176358806025,-7.9049253296765754,2.4088187517409962,0.13909189642598929,6.9427902554645982e-16,-1.5084497311453027,23.572322583940061,-8.0583170799112072,2.3063023374672382,0.10537255363038045,0.11110615252691469,-1.50802239978943,23.572322583940061,-8.0581924415990773,2.3063023374672382,0.10537255363038045,1,1.8307835762794629,1.7616246212198707,1,1,1
1786521334.7292109,1,1,0.99097259234428381,1.1322549148759391,0.1340646158479184,4,0,1,0,0.24225647888978996,-0.52541072712095305,-1.7765092256217982,-1.8416820510823542,-1.4076893646533037,1.2988896889323331,-0.096149555071367909,-0.0014244378529091543,0,-0.00035610946322728857,0,0.00035610946322728857,0.15929192374175152,-1.3938043327403258,23.464741854514408,-7.9049253296765754,2.3772069570987262,0.17070369106825958,1.0802956565327676e-15,-1.50751293968605,23.57211673529185,-8.0582547725796889,2.3064509184510125,0.10534212843984649,0.11537946608564259,-1.505803614262559,23.57211673529185,-8.0581301342675591,2.3064509184510125,0.10527802873646556,1,1.8307835762794629,1.7616246212198707,1,1,1
1786521334.7519045,1,1,0.99097259234428381,1.1322549148759391,0.1340646158479184,4,0,1,0,0.24010074227513137,-0.52545012081074094,-1.7765092256217982,-1.8416891704238822,-1.4076903138988408,1.2988896889323331,-0.094369007755231465,-0.0021366567793637313,0,-0.00035610946322728857,-0.00035610946322728857,0,-0.11946894280631364,-1.3938043327403258,23.003140375409206,-8.3665268087817761,2.2381150606727367,0.20863784463898394,6.1413785027494144e-16,-1.5054673799699536,23.571667663883986,-8.0581301901598437,2.3067844280625636,0.10527491979506538,0.11324280930627842,-1.5029033918347172,23.571667663883986,-8.0580055518477138,2.3068485277659443,0.10527491979506537,1,1.8307835762794629,1.7616246212198707,1,1,1
1786521334.7734799,1,1,0.99097259234428381,1.1322549148759391,0.1340646158479184,4,0,1,0,0.23818421553581137,-0.52549615921928816,-1.7765092256217982,-1.8416948658971046,-1.4076912631443779,1.2988892143095647,-0.092944569902322319,-0.0017805473161364429,0,-0.00035610946322728857,0.00035610946322728857,-0.00035610946322728857,0.15929192374175152,-1.7123881802238288,24.022510308433194,-8.0010923044901592,2.3392728035280017,0.20863784463898394,8.0984311867215303e-16,-1.5030866255729882,23.57115258765932,-8.0579920800691411,2.307178483309611,0.10519699166846704,0.11153348388278767,-1.5009499687936245,23.57115258765932,-8.0578674417570113,2.3071143836062302,0.10526109137184793,1,1.8307835762794629,1.7616246212198707,1,1,1
1786521334.7947903,1,1,0.99097259234428381,1.1322549148759391,0.1340646158479184,4,0,1,0,0.23616611952402616,-0.52554267225060403,-1.7765092256217982,-1.8416977136337158,-1.4076917377671465,1.2988896889323331,-0.092232350975867738,-0.0024927662425910197,0,0,0.00035610946322728857,0,0.15929192374175152,-1.3938043327403258,23.657075804141574,-8.0780258843410255,2.3392728035280017,0.037934153570724355,8.5307991546474879e-16,-1.5006925274109482,23.570643281887669,-8.0578603843660606,2.3075811672001305,0.10511667628186645,0.11067882117104218,-1.4977012079198389,23.570643281887669,-8.0578603843660606,2.3075170674967498,0.10511667628186644,1,1.8307835762794629,1.7616246212198707,1,1,1
1786521334.8160183,1,1,0.99097259234428381,1.1322549148759391,0.1340646158479184,4,0,1,0,0.23415609209930596,-0.52558965990468842,-1.7765087509990298,-1.8417038837297066,-1.4076912631443779,1.2988896889323331,-0.093300679365549602,-0.0021366567793637313,0,-0.00035610946322728857,0.00035610946322728857,0,0,-1.5530962564820772,23.830176358806025,-7.8087583548629915,2.2760492142434612,0.037934153570724355,4.2830729197682049e-16,-1.498268981253561,23.570123814542839,-8.0577143521364789,2.3079827885490802,0.10503627210545832,0.11196081523865996,-1.4957049931183246,23.570123814542839,-8.0575897138243491,2.3079186888456995,0.10503627210545835,1,1.8307835762794629,1.7616246212198707,1,1,1
1786521334.8375158,1,1,0.99097259234428381,1.1322549148759391,0.1340646158479184,4,0,1,0,0.23206632804947289,-0.52564234303199509,-1.7765092256217982,-1.8417086299573919,-1.4076917377671465,1.2988892143095647,-0.096505664534595206,-0.0024927662425910197,0,0,0,-0.00035610946322728857,0.15929192374175152,-1.2345124089985742,23.099307350222791,-8.8281282878869778,2.3392728035280017,-0.031611794642270291,9.153529307139377e-16,-1.4955603631502639,23.569549836947953,-8.0575616543738047,2.3084311577626004,0.10494793414781513,0.11580679744151513,-1.4925690436591545,23.569549836947953,-8.0575616543738047,2.3084311577626004,0.10501203385119602,1,1.8307835762794629,1.7616246212198707,1,1,1
1786521334.8586397,1,1,0.99097259234428381,1.1322549148759391,0.1340646158479184,4,0,1,0,0.23006579308012329,-0.52569929776421864,-1.7765087509990298,-1.8417114776940031,-1.4076922123899149,1.2988896889323331,-0.096505664534595206,-0.003204985169045597,0,0,0,0.00035610946322728857,0.47787577122525454,-1.5530962564820772,23.195474325036376,-7.7125913800494077,2.2760492142434612,0.069545948212994646,1.0985271936894692e-15,-1.4926266538945319,23.568923909455222,-8.0574007577962625,2.3089292201366858,0.10484894429416106,0.11580679744151536,-1.4887806716916772,23.568923909455222,-8.0574007577962625,2.3089292201366858,0.10478484459078018,1,1.8307835762794629,1.7616246212198707,1,1,1
1786521334.8787012,1,1,0.99097259234428381,1.1322549148759391,0.1340646158479184,4,0,1,0,0.228087090758126,-0.52577001655672939,-1.7765082763762612,-1.8417152746761514,-1.407693161635452,1.2988892143095647,-0.095437336144913329,-0.0039172040955001743,0.00035610946322728857,0,0,0,-0.11946894280631364,-1.5530962564820772,23.830176358806025,-8.0010923044901592,2.2065032660304666,0.107480101783719,9.803728738110723e-16,-1.4889829471517015,23.56814559464398,-8.057201056547477,2.3095466811108376,0.10472781343436224,0.11452480337389688,-1.4842823022371012,23.567860707073397,-8.057201056547477,2.3095466811108376,0.10472781343436227,1,1.8307835762794629,1.7616246212198707,1,1,1
1786521334.8999784,1,1,0.99097259234428381,1.1322549148759391,0.1340646158479184,4,0,1,0,0.22616771628219481,-0.5258445323313885,-1.7765087509990298,-1.841718597035531,-1.407693161635452,1.2988892143095647,-0.091876241512640455,-0.003204985169045597,0,-0.00035610946322728857,0,0,0.47787577122525454,-1.3938043327403258,23.464741854514408,-7.9049253296765754,2.3772069570987262,0.13909189642598929,6.2593363109840483e-16,-1.4851644916979017,23.567346029716187,-8.0569933627055423,2.3101873524312646,0.10460145465058372,0.1102514898151692,-1.481318509495047,23.567346029716187,-8.0568687243934125,2.3101873524312646,0.10460145465058374,1,1.8307835762794629,1.7616246212198707,1,1,1
1786521334.9213386,1,1,0.99097259234428381,1.1322549148759391,0.1340646158479184,4,0,1,0,0.22421464358969809,-0.52591620036943632,-1.7765082763762612,-1.8417204955266051,-1.4076936362582206,1.2988892143095647,-0.089027365806822148,-0.0035610946322728858,0,0,-0.00035610946322728857,0,0.31858384748350305,-1.5530962564820772,24.118677283246775,-8.1741928591546085,2.3076610088857312,0.27186143392352452,5.3202308823632055e-16,-1.4814812167051836,23.566566315920873,-8.0567958589399566,2.310815531473613,0.10447798415209721,0.10683283896818702,-1.4772079031464562,23.566566315920873,-8.0567958589399566,2.3108796311769937,0.10447798415209719,1,1.8307835762794629,1.7616246212198707,1,1,1
1786521334.9426401,1,1,0.99097259234428381,1.1322549148759391,0.1340646158479184,4,0,1,0,0.22229811685037809,-0.52599973397669741,-1.7765082763762612,-1.8417247671315218,-1.4076936362582206,1.2988892143095647,-0.087959037417140271,-0.0042733135587274627,0,0,0,0,0.31858384748350305,-1.3938043327403258,23.830176358806025,-8.0780258843410255,2.2381150606727367,0.069545948212994646,-1.3228875866922937e-16,-1.4771932831728805,23.565662434276394,-8.0565598720968286,2.3115373155689958,0.10433547114132877,0.1055508449005681,-1.4720653069024074,23.565662434276394,-8.0565598720968286,2.3115373155689958,0.10433547114132874,1,1.8307835762794629,1.7616246212198707,1,1,1
1786521334.9640672,1,1,0.99097259234428381,1.1322549148759391,0.1340646158479184,4,0,1,0,0.22042003455530895,-0.52608136909288439,-1.7765073271307241,-1.841727614868133,-1.407693161635452,1.2988887396867961,-0.084397942784867397,-0.003204985169045597,0.00035610946322728857,-0.00035610946322728857,0.00035610946322728857,0,-0.11946894280631364,-1.5530962564820772,22.92620679555834,-7.8087583548629915,2.3392728035280017,-0.031611794642270291,-2.2201919393661368e-16,-1.4730015024401686,23.564777767883129,-8.056329678732352,2.3122518705142605,0.10419545939693343,0.10127753134184066,-1.4691555202373139,23.564492880312546,-8.0562050404202221,2.3121877708108798,0.10419545939693342,1,1.8307835762794629,1.7616246212198707,1,1,1
1786521334.9853017,1,1,0.99097259234428381,1.1322549148759391,0.1340646158479184,4,0,1,0,0.21866393031175174,-0.5261468670349414,-1.7765082763762612,-1.8417314118502812,-1.407693161635452,1.2988882650640277,-0.086178490101003827,-0.003204985169045597,-0.00035610946322728857,0,0.00035610946322728857,-0.00035610946322728857,0,-1.5530962564820772,23.291641299849957,-7.7125913800494077,2.0674113696044771,0.069545948212994646,2.9105830836846994e-16,-1.4696491776367364,23.564078454332506,-8.0561457182277127,2.3128084144848571,0.10408615427133276,0.10341418812120481,-1.4658031954338817,23.564363341903089,-8.0561457182277127,2.3127443147814764,0.10415025397471368,1,1.8307835762794629,1.7616246212198707,1,1,1
1786521335.0065758,1,1,0.99097259234428381,1.1322549148759391,0.1340646158479184,4,0,1,0,0.21676354074656173,-0.52622280667790611,-1.7765078017534928,-1.8417356834551981,-1.4076936362582206,1.2988882650640277,-0.087602927953912987,-0.0035610946322728858,0,-0.00035610946322728857,0.00035610946322728857,0,0.31858384748350305,-1.3938043327403258,23.560908829327992,-8.0010923044901592,2.4088187517409962,0.107480101783719,7.0827624499983713e-16,-1.4657403732065726,23.563245779287715,-8.0559295203169423,2.3134693497044676,0.10395558712691177,0.10512351354469625,-1.4614670596478452,23.563245779287715,-8.0558048820048125,2.3134052500010869,0.10395558712691177,1,1.8307835762794629,1.7616246212198707,1,1,1
1786521335.028075,1,1,0.99097259234428381,1.1322549148759391,0.1340646158479184,4,0,1,0,0.21488261071488143,-0.52630681490793574,-1.7765073271307241,-1.8417399550601148,-1.4076941108809891,1.2988882650640277,-0.086178490101003827,-0.0035610946322728858,0.00035610946322728857,0,0,-0.00035610946322728857,0,-1.2345124089985742,23.657075804141574,-8.6357943382598101,2.3076610088857312,-0.031611794642270291,7.817394125152026e-16,-1.4614185659446686,23.562326768440947,-8.0556916931044338,2.314200768821471,0.1038112165285919,0.10341418812120548,-1.4571452523859412,23.562041880870364,-8.0556916931044338,2.314200768821471,0.10387531623197278,1,1.8307835762794629,1.7616246212198707,1,1,1
1786521335.0511441,1,1,0.99097259234428381,1.1322549148759391,0.1340646158479184,4,0,1,0,0.21299218822783053,-0.5263960439884191,-1.7765078017534928,-1.8417423281739573,-1.4076941108809891,1.2988882650640277,-0.084397942784867397,-0.0039172040955001743,0,-0.00035610946322728857,0,0,0.15929192374175152,-1.2345124089985742,24.291777837911226,-8.4626937835953608,2.2760492142434612,0.13909189642598929,3.5711078462830753e-16,-1.4568496836500504,23.561371747628737,-8.0554471528973561,2.3149717074814258,0.10365959827537068,0.10127753134184132,-1.4521490387354501,23.561371747628737,-8.0553225145852263,2.3149717074814258,0.10365959827537069,1,1.8307835762794629,1.7616246212198707,1,1,1
1786521335.0728443,1,1,0.99097259234428381,1.1322549148759391,0.1340646158479184,4,0,1,0,0.21121235284584688,-0.52648384920059699,-1.7765078017534928,-1.8417456505333372,-1.4076936362582206,1.2988887396867961,-0.082261286005503656,-0.0042733135587274627,0,0,0,0.00035610946322728857,0,-1.5530962564820772,23.464741854514408,-7.8087583548629915,2.3076610088857312,-0.031611794642270291,6.0093938289082494e-16,-1.4523493383871662,23.560427500354564,-8.0552013911471096,2.3157313600172045,0.10350914411310264,0.098713543206605053,-1.4472213621166932,23.560427500354564,-8.0552013911471096,2.3157313600172045,0.10344504440972173,1,1.8307835762794629,1.7616246212198707,1,1,1
1786521335.0942245,1,1,0.99097259234428381,1.1322549148759391,0.1340646158479184,4,0,1,0,0.20946858879427144,-0.52656263658017277,-1.7765078017534928,-1.8417480236471797,-1.4076936362582206,1.2988882650640277,-0.080480738689367212,-0.0039172040955001743,-0.00035610946322728857,0,0,0,0.31858384748350305,-1.5530962564820772,23.926343333619609,-8.1741928591546085,2.3076610088857312,-0.031611794642270291,4.6518795353321998e-16,-1.4483105502756453,23.559579446433236,-8.0549833650949587,2.3164149536699434,0.10337535011518598,0.09657688642724109,-1.4436099053610449,23.559864334003819,-8.0549833650949587,2.3164149536699434,0.103375350115186,1,1.8307835762794629,1.7616246212198707,1,1,1
1786521335.115556,1,1,0.99097259234428381,1.1322549148759391,0.1340646158479184,4,0,1,0,0.207700618981501,-0.52663477924098923,-1.7765078017534928,-1.8417499221382538,-1.4076941108809891,1.2988882650640277,-0.081905176542276373,-0.0028488757058183086,-0.00035610946322728857,0,0,-0.00035610946322728857,0,-1.3938043327403258,23.291641299849957,-8.3665268087817761,2.2760492142434612,0.037934153570724355,5.9584617377898483e-16,-1.4446080483678672,23.558798471004785,-8.0547854461933284,2.3170430154901287,0.10325187402761057,0.098286211850732316,-1.4411893975208852,23.559083358575368,-8.0547854461933284,2.3170430154901287,0.10331597373099145,1,1.8307835762794629,1.7616246212198707,1,1,1
1786521335.1369491,1,1,0.99097259234428381,1.1322549148759391,0.1340646158479184,4,0,1,0,0.20589610321555385,-0.52668698774552736,-1.7765068525079557,-1.8417522952520966,-1.407693161635452,1.2988887396867961,-0.083329614395185519,-0.0017805473161364429,0.00035610946322728857,0,0.00035610946322728857,0.00035610946322728857,0.15929192374175152,-1.2345124089985742,23.195474325036376,-8.4626937835953608,2.3076610088857312,0.17070369106825958,5.8733518672497362e-16,-1.4419265023966918,23.558231248281253,-8.0546342421862498,2.3175003377908094,0.1031608357422158,0.099995537274223292,-1.4397898456173281,23.55794636071067,-8.0546342421862498,2.3174362380874287,0.10309673603883489,1,1.8307835762794629,1.7616246212198707,1,1,1
1786521335.1581094,1,1,0.99097259234428381,1.1322549148759391,0.1340646158479184,4,0,1,0,0.20413762585815401,-0.52671736360271326,-1.7765068525079557,-1.8417546683659392,-1.4076936362582206,1.2988887396867961,-0.085822380637776544,-0.0010683283896818657,0,0,-0.00035610946322728857,0.00035610946322728857,0.15929192374175152,-1.5530962564820772,22.92620679555834,-8.3665268087817761,2.2760492142434612,0.20863784463898394,5.8565552039056834e-17,-1.4403604664158149,23.557895296090006,-8.0545467002307127,2.3177625926605057,0.10310885298997392,0.10298685676533186,-1.4390784723481966,23.557895296090006,-8.0545467002307127,2.3178266923638864,0.103044753286593,1,1.8307835762794629,1.7616246212198707,1,1,1
1786521335.1782043,1,1,0.99097259234428381,1.1322549148759391,0.1340646158479184,4,0,1,0,0.20231934603191951,-0.52672780530362084,-1.7765073271307241,-1.8417565668570133,-1.4076936362582206,1.2988887396867961,-0.091164022586185875,0,0,0,0,0,0,-1.5530962564820772,23.830176358806025,-7.7125913800494077,2.3076610088857312,0.17070369106825958,3.1969310418334881e-16,-1.4398256749367024,23.557783269202787,-8.0545143294603836,2.3178460543083044,0.10309197241284507,0.10939682710342327,-1.4398256749367024,23.557783269202787,-8.0545143294603836,2.3178460543083044,0.10309197241284507,1,1.8307835762794629,1.7616246212198707,1,1,1
1786521335.1995964,1,1,0.99097259234428381,1.1322549148759391,0.1340646158479184,4,0,1,0,0.20041468486181274,-0.52672875454915791,-1.7765073271307241,-1.841757990725319,-1.4076941108809891,1.2988882650640277,-0.088315146880367568,0,0.00035610946322728857,0,0,0,-0.11946894280631364,-1.3938043327403258,22.92620679555834,-8.1741928591546085,2.3076610088857312,-0.13276953749753523,8.2852866548858289e-16,-1.4397694076811125,23.557765483868771,-8.0545083906004518,2.3178528055899381,0.10309102043421411,0.10597817625644197,-1.4397694076811125,23.557480596298188,-8.0545083906004518,2.3178528055899381,0.10309102043421409,1,1.8307835762794629,1.7616246212198707,1,1,1
1786521335.220717,1,1,0.99097259234428381,1.1322549148759391,0.1340646158479184,4,0,1,0,0.19864529118073673,-0.52673207690853763,-1.7765082763762612,-1.8417584653480874,-1.4076945855037577,1.2988887396867961,-0.086178490101003827,0,0,0,0,0.00035610946322728857,0.47787577122525454,-1.5530962564820772,23.560908829327992,-8.0010923044901592,2.2760492142434612,0.13909189642598929,5.6730624565419843e-16,-1.4396031103358995,23.557733576709552,-8.0545015614102304,2.3178742645988692,0.10308599717722612,0.10341418812120526,-1.4396031103358995,23.557733576709552,-8.0545015614102304,2.3178742645988692,0.1030218974738452,1,1.8307835762794629,1.7616246212198707,1,1,1
1786521335.2418888,1,1,0.99097259234428381,1.1322549148759391,0.1340646158479184,4,0,1,0,0.19678714304194581,-0.52674584096882504,-1.7765073271307241,-1.8417603638391615,-1.4076950601265261,1.2988887396867961,-0.086534599564231124,-0.0010683283896818657,0,0,0,0,0.15929192374175152,-1.3938043327403258,23.657075804141574,-8.1741928591546085,2.3076610088857312,0.13909189642598929,-3.4805430835626455e-17,-1.4388784075041232,23.55756643797082,-8.0544573803954815,2.3180005892680029,0.10306076607898784,0.10384151947707734,-1.4375964134365049,23.55756643797082,-8.0544573803954815,2.3180005892680029,0.10306076607898784,1,1.8307835762794629,1.7616246212198707,1,1,1
1786521335.2629976,1,1,0.99097259234428381,1.1322549148759391,0.1340646158479184,4,0,1,0,0.19497360944339659,-0.52675011257374171,-1.7765073271307241,-1.8417617877074672,-1.4076955347492948,1.2988882650640277,-0.089739584733276714,0,-0.00035610946322728857,0,-0.00035610946322728857,-0.00035610946322728857,-0.43805279028981664,-1.5530962564820772,23.099307350222791,-7.8087583548629915,2.2760492142434612,0,1.145761138960158e-15,-1.4386520833108749,23.557513125547203,-8.0544425425142503,2.3180363653123193,0.10305413042517118,0.10768750167993317,-1.4386520833108749,23.557798013117786,-8.0544425425142503,2.3181004650157,0.1031182301285521,1,1.8307835762794629,1.7616246212198707,1,1,1
1786521335.2841301,1,1,0.99097259234428381,1.1322549148759391,0.1340646158479184,4,0,1,0,0.19298731315710282,-0.52675011257374171,-1.7765078017534928,-1.8417632115757727,-1.4076945855037577,1.2988887396867961,-0.094012898292004182,0,0.00035610946322728857,0,0,0,0.15929192374175152,-1.5530962564820772,22.733872845931174,-8.3665268087817761,2.2381150606727367,0.20863784463898394,5.6464571516687267e-16,-1.4386610665899777,23.55752201137242,-8.0544377926564437,2.318026941541746,0.10305475700116225,0.11281547795040568,-1.4386610665899777,23.557237123801837,-8.0544377926564437,2.318026941541746,0.10305475700116223,1,1.8307835762794629,1.7616246212198707,1,1,1
1786521335.305609,1,1,0.99097259234428381,1.1322549148759391,0.1340646158479184,4,0,1,0,0.19089517599342712,-0.52675058719651024,-1.7765073271307241,-1.8417646354440782,-1.4076950601265261,1.2988882650640277,-0.09757399292427707,0,0.00035610946322728857,-0.00035610946322728857,0,0,0,-1.2345124089985742,23.753242778955158,-7.8087583548629915,2.2760492142434612,0.20863784463898394,5.0527378776202975e-16,-1.438623933156145,23.55750422525621,-8.0544318535897066,2.3180336928542671,0.10305380500485971,0.11708879150913293,-1.438623933156145,23.557219337685627,-8.0543072152775768,2.3180336928542671,0.10305380500485972,1,1.8307835762794629,1.7616246212198707,1,1,1
1786521335.3270528,1,1,0.99097259234428381,1.1322549148759391,0.1340646158479184,4,0,1,0,0.18891030357543895,-0.52675058719651024,-1.7765073271307241,-1.8417655846896153,-1.4076950601265261,1.2988882650640277,-0.09686177399782249,0,0,0,0.00035610946322728857,0,-0.11946894280631364,-1.5530962564820772,23.560908829327992,-8.0780258843410255,2.4088187517409962,0.17070369106825958,8.7259047237180434e-16,-1.4386211891096448,23.557501497999887,-8.0544290154444891,2.3180318863343858,0.10305389018675826,0.11623412879738787,-1.4386211891096448,23.557501497999887,-8.0544290154444891,2.3179677866310051,0.10305389018675826,1,1.8307835762794629,1.7616246212198707,1,1,1
1786521335.3484254,1,1,0.99097259234428381,1.1322549148759391,0.1340646158479184,4,0,1,0,0.18661360399852725,-0.52675201106481584,-1.7765073271307241,-1.8417665339351523,-1.4076960093720632,1.2988887396867961,-0.09686177399782249,-0.00035610946322728857,0.00035610946322728857,0,0,0.00035610946322728857,0,-1.0752204852568228,24.118677283246775,-7.9049253296765754,2.2065032660304666,0.13909189642598929,9.798019736046229e-16,-1.4385360000042229,23.557474019590543,-8.0544242125749772,2.3180455485788407,0.10305030242330449,0.11623412879738787,-1.4381086686483502,23.55718913201996,-8.0544242125749772,2.3180455485788407,0.10298620271992358,1,1.8307835762794629,1.7616246212198707,1,1,1
1786521335.3693278,1,1,0.99097259234428381,1.1322549148759391,0.1340646158479184,4,0,1,0,0.18473077547577282,-0.5267543841786585,-1.7765073271307241,-1.8417674831806894,-1.4076974332403689,1.2988887396867961,-0.09686177399782249,-0.00035610946322728857,0,-0.00035610946322728857,0.00035610946322728857,0,0.47787577122525454,-1.5530962564820772,22.92620679555834,-8.0780258843410255,2.2065032660304666,0.17070369106825958,3.97582018848118e-16,-1.438398659349986,23.557432845770993,-8.0544177277652036,2.3180686719356287,0.10304563488261961,0.11623412879738743,-1.4379713279941133,23.557432845770993,-8.0542930894530738,2.318004572232248,0.10304563488261959,1,1.8307835762794629,1.7616246212198707,1,1,1
1786521335.3906887,2,1,0.99097259234428381,1.1322549148759391,0.1340646158479184,4,0,1,0,0.1827188495599785,-0.52675628266973262,-1.7765078017534928,-1.841767957803458,-1.4076974332403689,1.2988882650640277,-0.10042286863009538,0,-0.00035610946322728857,0,0,0,0.31858384748350305,-1.5530962564820772,22.92620679555834,-8.0010923044901592,2.3392728035280017,0.20863784463898394,-2.721220397996528e-16,-1.438306083676177,23.557417068159033,-8.0544124522204577,2.3180799768565326,0.10304401673136585,0.12135317961630497,-1.438306083676177,23.557701955729616,-8.0544124522204577,2.3180799768565326,0.10304401673136582,1,1.8307835762794629,1.7616246212198707,1,1,1
1786521335.4120378,2,1,0.99097259234428381,1.1322549148759391,0.1340646158479184,4,0,1,0,0.1804942926438832,-0.52675675729250115,-1.7765078017534928,-1.8417693816717635,-1.4076964839948318,1.2988887396867961,-0.10362785379914097,0,-0.00035610946322728857,-0.00035610946322728857,0,0.00035610946322728857,0.47787577122525454,-1.7123881802238288,23.830176358806025,-7.9049253296765754,2.3076610088857312,0.24024963928125423,1.1349479163555096e-16,-1.4382856133541009,23.557415803357401,-8.0544051597653166,2.3180788458539006,0.10304301940281485,0.13160913215725129,-1.4382856133541009,23.557700690927984,-8.0542805214531867,2.3180788458539006,0.10297891969943394,1,1.8307835762794629,1.7616246212198707,1,1,1
1786521335.433352,2,1,0.99097259234428381,1.1322549148759391,0.1340646158479184,4,0,1,0,0.17818952447990652,-0.52675675729250115,-1.7765068525079557,-1.8417708055400692,-1.4076974332403689,1.2988882650640277,-0.1093256052107776,0.00035610946322728857,0,0,0,-0.00035610946322728857,0.31858384748350305,-1.3938043327403258,23.560908829327992,-7.7125913800494077,2.1369573178174717,0.037934153570724355,7.2536852284248166e-16,-1.4382632379774156,23.557393660266012,-8.0544001238395211,2.3180869965405813,0.10304183640154496,0.14984193667448895,-1.4386905693332883,23.557393660266012,-8.0544001238395211,2.3180869965405813,0.10310593610492587,1,1.8307835762794629,1.7616246212198707,1,1,1
1786521335.4547365,2,1,0.99097259234428381,1.1322549148759391,0.1340646158479184,4,0,1,0,0.17587716235163336,-0.52675818116080675,-1.7765073271307241,-1.8417712801628376,-1.4077002809769801,1.2988887396867961,-0.10576451057850471,0,0,0,0,0,0.15929192374175152,-1.2345124089985742,23.464741854514408,-7.9049253296765754,2.3076610088857312,0.037934153570724355,1.690779406673254e-16,-1.4381670774173361,23.557355193714759,-8.0544016241766414,2.3181030129839502,0.10303809403479651,0.13844643385121527,-1.4381670774173361,23.557355193714759,-8.0544016241766414,2.3181030129839502,0.10303809403479652,1,1.8307835762794629,1.7616246212198707,1,1,1
1786521335.4759498,2,1,0.99097259234428381,1.1322549148759391,0.1340646158479184,4,0,1,0,0.17369199912532596,-0.52676007965188087,-1.7765068525079557,-1.8417717547856063,-1.4076998063542114,1.2988887396867961,-0.10683283896818657,0,0,0,0.00035610946322728857,-0.00035610946322728857,0.15929192374175152,-1.3938043327403258,23.560908829327992,-8.1741928591546085,2.3076610088857312,0.17070369106825958,-1.1754869132111004e-16,-1.4380677459094797,23.557332809930166,-8.0543929453366943,2.3181214423575076,0.10303430784532618,0.14186508469819678,-1.4380677459094797,23.557332809930166,-8.0543929453366943,2.3180573426541269,0.1030984075487071,1,1.8307835762794629,1.7616246212198707,1,1,1
1786521335.4970965,2,1,0.99097259234428381,1.1322549148759391,0.1340646158479184,4,0,1,0,0.17133170009743137,-0.526761978142955,-1.7765073271307241,-1.8417727040311433,-1.407699331731443,1.2988887396867961,-0.1121744809165959,-0.00035610946322728857,0,0,0,0,0.31858384748350305,-1.3938043327403258,23.291641299849957,-8.3665268087817761,2.3772069570987262,0.24024963928125423,-2.5548123051789481e-16,-1.4379773619834424,23.557319213122426,-8.0543853899662476,2.3181306756994911,0.10303218814822386,0.15895833893310665,-1.4375500306275697,23.557319213122426,-8.0543853899662476,2.3181306756994911,0.10303218814822385,1,1.8307835762794629,1.7616246212198707,1,1,1
1786521335.5182269,2,1,0.99097259234428381,1.1322549148759391,0.1340646158479184,4,0,1,0,0.1690141171187044,-0.52676530050233472,-1.7765068525079557,-1.8417731786539118,-1.4077002809769801,1.2988887396867961,-0.11288669984305047,0,0,0.00035610946322728857,-0.00035610946322728857,0,0.31858384748350305,-1.5530962564820772,23.368574879700823,-8.0780258843410255,2.3772069570987262,0.13909189642598929,2.9030106091362459e-16,-1.4377920213865365,23.557268532653985,-8.0543756067855625,2.3181657421782944,0.10302527312920265,0.1612374394977617,-1.4377920213865365,23.557268532653985,-8.0545002450976924,2.3182298418816751,0.10302527312920268,1,1.8307835762794629,1.7616246212198707,1,1,1
1786521335.5397062,2,1,0.99097259234428381,1.1322549148759391,0.1340646158479184,4,0,1,0,0.16652851767991816,-0.52676719899340885,-1.7765068525079557,-1.8417750771449859,-1.4077007555997485,1.2988887396867961,-0.11644779447532336,0,0,0,0,0,0,-1.7123881802238288,24.291777837911226,-8.0010923044901592,2.3392728035280017,0.20863784463898394,5.4496998683510253e-16,-1.4376849817541326,23.557238419348398,-8.0543657482892836,2.3181801141037059,0.10302196466345594,0.17263294232103518,-1.4376849817541326,23.557238419348398,-8.0543657482892836,2.3181801141037059,0.10302196466345592,1,1.8307835762794629,1.7616246212198707,1,1,1
1786521335.560843,2,1,0.99097259234428381,1.1322549148759391,0.1340646158479184,4,0,1,0,0.16404956295989134,-0.52676862286171433,-1.7765063778851871,-1.8417765010132916,-1.4077007555997485,1.2988887396867961,-0.11253059037982319,0,0,0,0,0,0.63716769496700609,-1.2345124089985742,23.753242778955158,-8.0780258843410255,2.2760492142434612,-0.063223589284540582,6.0511017312310511e-16,-1.4376028238725347,23.557214026302084,-8.0543564056296173,2.3181939899292616,0.10301884460141007,0.16009788921543486,-1.4376028238725347,23.557214026302084,-8.0543564056296173,2.3181939899292616,0.10301884460141009,1,1.8307835762794629,1.7616246212198707,1,1,1
1786521335.5819995,2,1,0.99097259234428381,1.1322549148759391,0.1340646158479184,4,0,1,0,0.16171916516641408,-0.52677099597555699,-1.7765059032624186,-1.8417779248815971,-1.4077007555997485,1.2988882650640277,-0.11573557554886878,0,0.00035610946322728857,0,0,-0.00035610946322728857,0.47787577122525454,-1.2345124089985742,23.099307350222791,-8.1741928591546085,2.2760492142434612,0.037934153570724355,1.4997429838813081e-15,-1.4374728900542451,23.55718029400995,-8.0543444776486446,2.318215927504669,0.10301487574597744,0.17035384175638163,-1.4374728900542451,23.556895406439367,-8.0543444776486446,2.318215927504669,0.10307897544935836,1,1.8307835762794629,1.7616246212198707,1,1,1
1786521335.6034591,2,1,0.99097259234428381,1.1322549148759391,0.1340646158479184,4,0,1,0,0.15923309110485931,-0.52677384371216818,-1.7765063778851871,-1.8417788741271341,-1.4077007555997485,1.2988882650640277,-0.11466724715918691,0,0,0.00035610946322728857,0,0,0.63716769496700609,-1.3938043327403258,23.291641299849957,-8.3665268087817761,2.3772069570987262,0.17070369106825958,2.4761652960263864e-16,-1.4373295424379995,23.557152188803361,-8.0543352826349981,2.3182348529041712,0.1030109011442092,0.16693519090939832,-1.4373295424379995,23.557152188803361,-8.0544599209471279,2.3182348529041712,0.10301090114420919,1,1.8307835762794629,1.7616246212198707,1,1,1
1786521335.6246738,2,1,0.99097259234428381,1.1322549148759391,0.1340646158479184,4,0,1,0,0.15667772211909933,-0.52677479295770524,-1.7765063778851871,-1.8417798233726712,-1.4077012302225171,1.2988882650640277,-0.12107721749727811,0,0,0,0,0,0.47787577122525454,-1.5530962564820772,23.830176358806025,-7.7125913800494077,2.3392728035280017,0,3.5086815180704334e-16,-1.4372738346069118,23.557134953508005,-8.0543308049045397,2.318242738555941,0.10300913140679364,0.18744709599129036,-1.4372738346069118,23.557134953508005,-8.0543308049045397,2.318242738555941,0.10300913140679363,1,1.8307835762794629,1.7616246212198707,1,1,1
1786521335.6461484,2,1,0.99097259234428381,1.1322549148759391,0.1340646158479184,4,0,1,0,0.15404688811314324,-0.52677906456262202,-1.7765059032624186,-1.8417802979954399,-1.4077036033363597,1.2988882650640277,-0.12392609320309642,0,0.00035610946322728857,0,0,0,0.15929192374175152,-1.2345124089985742,23.560908829327992,-8.1741928591546085,2.3076610088857312,0.069545948212994646,9.1704106737781552e-16,-1.437026778323808,23.557061050226906,-8.0543211881691157,2.3182902958522975,0.10299989947244985,0.1965634982499094,-1.437026778323808,23.556776162656323,-8.0543211881691157,2.3182902958522975,0.10299989947244986,1,1.8307835762794629,1.7616246212198707,1,1,1
1786521335.6674106,2,1,0.99097259234428381,1.1322549148759391,0.1340646158479184,4,0,1,0,0.15150528318767059,-0.52678428541307587,-1.7765059032624186,-1.8417817218637453,-1.4077036033363597,1.2988882650640277,-0.12321387427664185,0,0,0,-0.00035610946322728857,0,0,-1.5530962564820772,23.926343333619609,-8.0010923044901592,2.3392728035280017,0.037934153570724355,-5.1683409342615644e-17,-1.4367554287951081,23.557001126604217,-8.0543029455058921,2.3183331962185867,0.10299109571615087,0.19428439768525391,-1.4367554287951081,23.557001126604217,-8.0543029455058921,2.3183972959219674,0.10299109571615089,1,1.8307835762794629,1.7616246212198707,1,1,1
1786521335.6886892,2,1,0.99097259234428381,1.1322549148759391,0.1340646158479184,4,0,1,0,0.14878332161015692,-0.52678618390415,-1.7765059032624186,-1.841783145732051,-1.4077026540908226,1.298887790441259,-0.12641885944568745,0,0,0,0,0,0.15929192374175152,-1.2345124089985742,23.464741854514408,-8.1741928591546085,2.3076610088857312,0.069545948212994646,8.6560837978758715e-17,-1.4366637000945421,23.556986257744704,-8.0542917535123237,2.3183440422659936,0.10298921274747604,0.20454035022619985,-1.4366637000945421,23.556986257744704,-8.0542917535123237,2.3183440422659936,0.10298921274747602,1,1.8307835762794629,1.7616246212198707,1,1,1
1786521335.7100577,2,1,0.99097259234428381,1.1322549148759391,0.1340646158479184,4,0,1,0,0.14606278390094884,-0.52679140475460373,-1.7765040047713445,-1.8417864680914307,-1.4077050272046654,1.298887790441259,-0.1281994067618239,-0.00035610946322728857,0,0,0,-0.00035610946322728857,0.15929192374175152,-1.2345124089985742,23.926343333619609,-7.7125913800494077,2.3076610088857312,0.17070369106825958,3.748120791600279e-18,-1.4363443415838613,23.556878791217969,-8.0542672643743725,2.3184069121220796,0.10297617648168894,0.21023810163783646,-1.4359170102279886,23.556878791217969,-8.0542672643743725,2.3184069121220796,0.10304027618506985,1,1.8307835762794629,1.7616246212198707,1,1,1
1786521335.7309258,2,1,0.99097259234428381,1.1322549148759391,0.1340646158479184,4,0,1,0,0.14340062479226984,-0.52679235400014079,-1.7765035301485759,-1.8417897904508103,-1.4077078749412766,1.2988882650640277,-0.13140439193086947,0,0,-0.00035610946322728857,0.00035610946322728857,0,0.79645961870875759,-1.3938043327403258,23.753242778955158,-8.0010923044901592,2.2760492142434612,0.069545948212994646,2.7027889610642744e-16,-1.4362539213707803,23.556827065072614,-8.0542589778341824,2.3184216562294986,0.10297187752705735,0.22049405417878251,-1.4362539213707803,23.556827065072614,-8.0541343395220526,2.3183575565261179,0.10297187752705733,1,1.8307835762794629,1.7616246212198707,1,1,1
1786521335.7520301,2,1,0.99097259234428381,1.1322549148759391,0.1340646158479184,4,0,1,0,0.14067059462769119,-0.52679140475460373,-1.7765049540168816,-1.841791214319116,-1.4077059764502025,1.298887790441259,-0.13211661085732407,0,0,0,0.00035610946322728857,0,0,-1.2345124089985742,23.753242778955158,-7.7125913800494077,2.3076610088857312,0.069545948212994646,9.7478160932624666e-16,-1.4363321886645997,23.556866591503663,-8.0542574221652856,2.3183923862066607,0.10297776415110356,0.2227731547434379,-1.4363321886645997,23.556866591503663,-8.0542574221652856,2.3183282865032799,0.10297776415110355,1,1.8307835762794629,1.7616246212198707,1,1,1
1786521335.7733104,2,1,0.99097259234428381,1.1322549148759391,0.1340646158479184,4,0,1,0,0.13777159875751621,-0.52679235400014079,-1.7765025809030388,-1.8417935874329585,-1.4077069256957395,1.2988882650640277,-0.13140439193086947,0,0,-0.00035610946322728857,-0.00035610946322728857,0,0,-1.3938043327403258,23.753242778955158,-8.2703598339681932,2.2760492142434612,0.107480101783719,8.2095449687423494e-16,-1.4362413745870533,23.556814716220824,-8.0542432753483251,2.318419924590716,0.10297105621570665,0.22049405417878318,-1.4362413745870533,23.556814716220824,-8.0541186370361952,2.3184840242940967,0.10297105621570662,1,1.8307835762794629,1.7616246212198707,1,1,1
1786521335.7946994,2,1,0.99097259234428381,1.1322549148759391,0.1340646158479184,4,0,1,0,0.13497749451918614,-0.52679472711398345,-1.7764978346753537,-1.8417978590378754,-1.4077088241868136,1.2988887396867961,-0.12713107837214202,0,0,-0.00035610946322728857,0,0,0,-1.5530962564820772,23.830176358806025,-7.7125913800494077,2.4404305463832667,0.17070369106825958,6.4612520249505284e-16,-1.4360376354301332,23.556708064330447,-8.0542150864505579,2.318479819981587,0.10295756089654672,0.20681945079085512,-1.4360376354301332,23.556708064330447,-8.0540904481384281,2.318479819981587,0.10295756089654673,1,1.8307835762794629,1.7616246212198707,1,1,1
1786521335.8159029,2,1,0.99097259234428381,1.1322549148759391,0.1340646158479184,4,0,1,0,0.13223844652200545,-0.52679472711398345,-1.7764973600525851,-1.8418030798883291,-1.4077040779591283,1.2988882650640277,-0.12641885944568745,-0.00035610946322728857,0,-0.00035610946322728857,0.00071221892645457715,-0.00035610946322728857,0,-1.3938043327403258,23.464741854514408,-8.0780258843410255,2.2381150606727367,0.107480101783719,2.8976997125569615e-16,-1.4360619499281033,23.556732364755074,-8.0541891294839534,2.318459805680944,0.1029603024462061,0.20454035022620007,-1.4356346185722306,23.556732364755074,-8.0540644911718235,2.3183316062741821,0.10302440214958698,1,1.8307835762794629,1.7616246212198707,1,1,1
1786521335.837111,2,1,0.99097259234428381,1.1322549148759391,0.1340646158479184,4,0,1,0,0.12969067150054192,-0.52679520173675198,-1.7764973600525851,-1.8418083007387829,-1.4077021794680542,1.298887790441259,-0.12356998373986913,-0.00035610946322728857,0,-0.00035610946322728857,0,0,0,-1.3938043327403258,23.099307350222791,-7.8087583548629915,2.2760492142434612,0.069545948212994646,6.0743358449742366e-16,-1.4360408762156358,23.55673052514954,-8.0541685913956886,2.3184481878725447,0.10296165795950615,0.19542394796758186,-1.4356135448597631,23.55673052514954,-8.0540439530835588,2.3184481878725447,0.10296165795950613,1,1.8307835762794629,1.7616246212198707,1,1,1
1786521335.8583093,2,1,0.99097259234428381,1.1322549148759391,0.1340646158479184,4,0,1,0,0.12705746438074317,-0.52680279570104849,-1.7764911899565943,-1.8418149454575423,-1.4077064510729709,1.2988882650640277,-0.11787223232823252,-0.0010683283896818657,0.00035610946322728857,-0.00035610946322728857,-0.00035610946322728857,0,-0.11946894280631364,-1.3938043327403258,23.753242778955158,-7.9049253296765754,2.4088187517409962,0.107480101783719,6.0663652649405736e-16,-1.4355256761409096,23.556524201681892,-8.0541200205617596,2.318568613721276,0.10293585293769378,0.1771911434503447,-1.4342436820732913,23.556239314111309,-8.0539953822496297,2.3186327134246567,0.10293585293769375,1,1.8307835762794629,1.7616246212198707,1,1,1
1786521335.8795409,2,1,0.99097259234428381,1.1322549148759391,0.1340646158479184,4,0,1,0,0.12465919553136627,-0.52683079844439173,-1.7764888168427515,-1.8418244379129129,-1.4077050272046654,1.2988882650640277,-0.11680390393855065,-0.0014244378529091543,0,-0.00035610946322728857,0.00035610946322728857,0,0,-1.3938043327403258,23.368574879700823,-8.2703598339681932,2.3392728035280017,0.037934153570724355,8.7355354883283248e-17,-1.4340521898047869,23.55618510298947,-8.0540075457920413,2.3188117160471795,0.1028854320737283,0.17377249260336208,-1.4323428643812959,23.55618510298947,-8.0538829074799114,2.3187476163437988,0.1028854320737283,1,1.8307835762794629,1.7616246212198707,1,1,1
1786521335.9007988,2,1,0.99097259234428381,1.1322549148759391,0.1340646158479184,4,0,1,0,0.12224478950785939,-0.5268834815716984,-1.7764892914655201,-1.8418401004642744,-1.4077017048452856,1.2988882650640277,-0.10718894843141386,-0.003204985169045597,0,-0.0014244378529091543,0.00035610946322728857,0,0.31858384748350305,-1.5530962564820772,23.830176358806025,-7.9049253296765754,2.2760492142434612,0.037934153570724355,1.8627779169427122e-16,-1.4313460143474024,23.555612122204892,-8.0538144984037423,2.3192282045100105,0.10279913840771941,0.14300463498052454,-1.4275000321445477,23.555612122204892,-8.0533159451552248,2.3191641048066298,0.10279913840771943,1,1.8307835762794629,1.7616246212198707,1,1,1
1786521335.9219644,2,1,0.99097259234428381,1.1322549148759391,0.1340646158479184,4,0,1,0,0.11994903917648474,-0.52697128678387628,-1.7764878675972144,-1.8419691978573143,-1.4076998063542114,1.2988882650640277,-0.10683283896818657,-0.0046294230219547511,0,-0.012819940676182388,0.00035610946322728857,0,0.63716769496700609,-1.2345124089985742,23.926343333619609,-8.1741928591546085,2.3392728035280017,0.17070369106825958,-4.5674811724677813e-16,-1.4264801148044572,23.554303770931309,-8.053185650179925,2.3197564389738221,0.10265898559700216,0.14186508469819656,-1.4209248071781115,23.554303770931309,-8.0486986709432617,2.3196923392704414,0.10265898559700215,1,1.8307835762794629,1.7616246212198707,1,1,1
1786521335.9434512,2,1,0.99097259234428381,1.1322549148759391,0.1340646158479184,4,0,1,0,0.11777479227385351,-0.52710702889567551,-1.7764826467467607,-1.8422890936033027,-1.4076988571086744,1.2988882650640277,-0.10612062004173199,-0.0085466271174549253,0.00071221892645457715,-0.016381035308455274,0,0,0,-0.75663663777331969,23.195474325036376,-7.4433238505713737,2.4404305463832667,-0.031611794642270291,4.1096175128294693e-16,-1.4185579661209324,23.551883806684359,-8.0518486798576436,2.3203763853735424,0.10244692316380498,0.13958598413354281,-1.4083020135799866,23.551314031543196,-8.0461153174996838,2.3203763853735424,0.10244692316380499,1,1.8307835762794629,1.7616246212198707,1,1,1
1786521335.9645875,1,1,0.99097259234428381,1.1322549148759391,0.1340646158479184,4,0,1,0,0.11558108583771261,-0.52735145962146801,-1.7764584409855657,-1.8426654694587463,-1.4076974332403689,1.2988887396867961,-0.09828621185073165,-0.013532159602636965,0.0017805473161364429,-0.019586020477500871,0.00035610946322728857,0,0,-1.5530962564820772,23.926343333619609,-8.1741928591546085,2.3392728035280017,0.13909189642598929,1.5734975307305291e-15,-1.4047040345511905,23.547935726370273,-8.0499982586311329,2.322003057151603,0.10202086291247742,0.11794345422087953,-1.3884654430280261,23.546511288517365,-8.0431431514640082,2.3219389574482223,0.10202086291247742,1,1.8307835762794629,1.7616246212198707,1,1,1
1786521335.9856777,1,1,0.99097259234428381,1.1322549148759391,0.1340646158479184,4,0,1,0,0.11351505292630598,-0.52768559405051241,-1.776413826445324,-1.8431220565620712,-1.4076917377671465,1.2988882650640277,-0.091876241512640455,-0.016737144771682564,0.003204985169045597,-0.022434896183319179,0,-0.00035610946322728857,0,-1.0752204852568228,23.291641299849957,-8.0780258843410255,2.3392728035280017,-0.031611794642270291,-2.8724920120466735e-16,-1.3858412325154918,23.542612838401588,-8.0476018619742451,2.3244259059487398,0.10141708625752884,0.11025148981516832,-1.3657566587894727,23.540048850266352,-8.0397496483100834,2.3244259059487398,0.10148118596090973,1,1.8307835762794629,1.7616246212198707,1,1,1
1786521336.0068533,1,1,0.99097259234428381,1.1322549148759391,0.1340646158479184,4,0,1,0,0.11168775526746944,-0.52805437594165938,-1.776317003400544,-1.843601900181054,-1.4076879407849983,1.2988887396867961,-0.085110161711321963,-0.019942129940728158,0.0042733135587274627,-0.024215443499455622,0.00035610946322728857,0,0,-1.2345124089985742,23.195474325036376,-7.7125913800494077,2.3392728035280017,0,5.1119624212923181e-16,-1.3645436743342345,23.536264475872237,-8.0449033389021949,2.3275691761531778,0.10066414362321988,0.1021321940535868,-1.3406131184053607,23.532845825025255,-8.0364279336773858,2.3275050764497971,0.1006641436232199,1,1.8307835762794629,1.7616246212198707,1,1,1
1786521336.0280528,1,1,0.99097259234428381,1.1322549148759391,0.1340646158479184,4,0,1,0,0.10984526968003996,-0.52860731146699558,-1.7762059416727083,-1.8441386985322603,-1.4076855676711557,1.2988887396867961,-0.083685723858412817,-0.030625413837546817,0.0042733135587274627,-0.025995990815592066,0.00035610946322728857,0,0.31858384748350305,-1.2345124089985742,23.368574879700823,-8.4626937835953608,2.4783646999539908,0.17070369106825958,-2.6536017578172172e-16,-1.3334752775384735,23.527595341235852,-8.0414988779059691,2.3323405946985041,0.099576685590840597,0.10042286863009516,-1.2967247809334173,23.52417669038887,-8.0324002811205126,2.3322764949951234,0.099576685590840597,1,1.8307835762794629,1.7616246212198707,1,1,1
1786521336.0494781,1,1,0.99097259234428381,1.1322549148759391,0.1340646158479184,4,0,1,0,0.10801417503905518,-0.52938142120246634,-1.7761542077909387,-1.8447946271983673,-1.4076812960662388,1.2988887396867961,-0.086178490101003827,-0.040952588271138186,0.0010683283896818657,-0.033830399006592411,0.00035610946322728857,0,0.47787577122525454,-0.27876086654806514,23.753242778955158,-7.6356578001985413,2.4088187517409962,0.20863784463898394,4.9829931847433784e-16,-1.2913892522971895,23.516836332669104,-8.0372901801062362,2.3382927215513298,0.09822345648589885,0.10341418812120504,-1.2422461463718237,23.515981669957359,-8.0254495404539288,2.3382286218479491,0.098223456485898863,1,1.8307835762794629,1.7616246212198707,1,1,1
1786521336.0705054,1,1,0.99097259234428381,1.1322549148759391,0.1340646158479184,4,0,1,0,0.10629698986251736,-0.53030456248725522,-1.776152783922633,-1.8455412088132634,-1.4076803468207018,1.2988887396867961,-0.083329614395185519,-0.048430886998911245,-0.00035610946322728857,-0.038815931491774452,0,0,-0.43805279028981664,-0.59734471403156819,23.560908829327992,-7.4433238505713737,2.3772069570987262,0.037934153570724355,1.3929380584631716e-15,-1.2419145936355247,23.50469063170479,-8.0325394243960293,2.3449436931131258,0.096707228154559455,0.099995537274223958,-1.1837975292368312,23.504975519275373,-8.0189538483739078,2.3449436931131258,0.096707228154559455,1,1.8307835762794629,1.7616246212198707,1,1,1
1786521336.0916605,1,1,0.99097259234428381,1.1322549148759391,0.1340646158479184,4,0,1,0,0.10452474844483017,-0.53144840335941002,-1.7761551570364758,-1.8463907835689302,-1.4076803468207018,1.2988887396867961,-0.081549067079049076,-0.057689733042820747,0.00035610946322728857,-0.040596478807910896,-0.00035610946322728857,0,0.15929192374175152,-0.59734471403156819,23.195474325036376,-8.0780258843410255,2.3392728035280017,0.069545948212994646,1.4690050052583968e-15,-1.18085090421016,23.489851267900956,-8.0268807299020946,2.353294248287269,0.094827820339917074,0.09785888049486044,-1.1116232245587752,23.489566380330373,-8.0126719623193257,2.3533583479906497,0.094827820339917046,1,1.8307835762794629,1.7616246212198707,1,1,1
1786521336.113122,1,1,0.99097259234428381,1.1322549148759391,0.1340646158479184,4,0,1,0,0.10282987053841321,-0.53271374766030832,-1.77615373316817,-1.8473338590099972,-1.4076803468207018,1.2988887396867961,-0.080836848152594509,-0.065880250697048379,0,-0.047718668072456664,0,0.00035610946322728857,0,-0.91592856151507118,23.560908829327992,-8.0010923044901592,2.3392728035280017,0.13909189642598929,1.3577895792839072e-15,-1.1132265482246892,23.473327306623663,-8.020583435955178,2.3625593170346182,0.092741406379917332,0.097004217783114743,-1.0341702473882313,23.473327306623663,-8.0038819021298178,2.3625593170346182,0.092677306676536439,1,1.8307835762794629,1.7616246212198707,1,1,1
1786521336.1346583,1,1,0.99097259234428381,1.1322549148759391,0.1340646158479184,4,0,1,0,0.10107613940869865,-0.53424962693926803,-1.7761565809047812,-1.8484017602391876,-1.4076846184256187,1.2988882650640277,-0.080836848152594509,-0.076563534593867041,-0.00071221892645457715,-0.056977514116366174,0,0,0,-0.91592856151507118,23.368574879700823,-7.7125913800494077,2.2381150606727367,0.13909189642598929,7.6996565454836782e-16,-1.0313547743186389,23.453429992431836,-8.0131699038760225,2.3739211456830525,0.090207810748153511,0.097004217783114077,-0.93947853280599847,23.453999767572999,-7.9932277739352946,2.3739211456830525,0.090207810748153483,1,1.8307835762794629,1.7616246212198707,1,1,1
1786521336.1562381,1,1,0.99097259234428381,1.1322549148759391,0.1340646158479184,4,0,1,0,0.099270674397214445,-0.53602376684802933,-1.7761599032641611,-1.8495717053636114,-1.4076903138988408,1.2988882650640277,-0.085822380637776544,-0.088315146880367568,0,-0.052348091094411422,0,0,0.15929192374175152,-0.59734471403156819,23.830176358806025,-8.1741928591546085,2.3392728035280017,0.20863784463898394,5.039642748255746e-16,-0.93692803391684443,23.430523140417037,-8.0047708777909321,2.3871648060686308,0.087273313192257174,0.1029868567653323,-0.8309498576604033,23.430523140417037,-7.9864490459078885,2.3871648060686308,0.087273313192257174,1,1.8307835762794629,1.7616246212198707,1,1,1
1786521336.1772273,1,1,0.99097259234428381,1.1322549148759391,0.1340646158479184,4,0,1,0,0.097366013227107667,-0.5380632208843984,-1.7761627510007723,-1.8507307341643591,-1.4076865169166928,1.298887790441259,-0.091164022586185875,-0.096505664534595206,0,-0.05484085733700244,0.00035610946322728857,0,0.15929192374175152,-0.27876086654806514,22.92620679555834,-8.1741928591546085,2.2760492142434612,0.20863784463898394,2.7056349917670489e-16,-0.82897567531870742,23.404692748626818,-7.9956213542090753,2.4027124179843327,0.083887135414006719,0.10939682710342327,-0.71316887787719319,23.404692748626818,-7.9764270541411246,2.4026483182809519,0.083887135414006719,1,1.8307835762794629,1.7616246212198707,1,1,1
1786521336.1982958,2,1,0.99097259234428381,1.1322549148759391,0.1340646158479184,4,0,1,0,0.095496948764640571,-0.54012023596320291,-1.7761618017552352,-1.8518688795632916,-1.4076855676711557,1.2988882650640277,-0.094369007755231465,-0.10362785379914097,0.00035610946322728857,-0.055909185726684303,0,0.00035610946322728857,0,-0.11946894280631364,23.753242778955158,-8.2703598339681932,2.3392728035280017,0.037934153570724355,-3.2001243560446369e-16,-0.72007368954642992,23.37852253602815,-7.9864428805398822,2.4184884236269513,0.08045838850300048,0.11324280930627753,-0.58846455738917891,23.378237648457567,-7.9668746655355429,2.4184884236269513,0.080394288799619559,1,1.8307835762794629,1.7616246212198707,1,1,1
1786521336.2196674,2,1,0.99097259234428381,1.1322549148759391,0.1340646158479184,4,0,1,0,0.093418575661252196,-0.54251850481257979,-1.7761575301503183,-1.853110967348532,-1.4076855676711557,1.2988882650640277,-0.099710649703640797,-0.11609168501209607,0,-0.060538608748639054,0,0,0,-0.27876086654806514,23.560908829327992,-7.9049253296765754,2.4404305463832667,-0.063223589284540582,-4.9286729618359601e-16,-0.59326520473770872,23.348045687310538,-7.9759455387561369,2.437064230303859,0.076447167799246554,0.1196527796443685,-0.42177181269900132,23.348045687310538,-7.9547570256941134,2.437064230303859,0.07644716779924654,1,1.8307835762794629,1.7616246212198707,1,1,1
1786521336.2411065,2,1,0.99097259234428381,1.1322549148759391,0.1340646158479184,4,0,1,0,0.091290841789936808,-0.54514269409977656,-1.776158954018624,-1.8544043143927733,-1.4076846184256187,1.298887790441259,-0.096505664534595206,-0.12356998373986913,-0.00035610946322728857,-0.058401951969275327,0,-0.00035610946322728857,0,-0.27876086654806514,23.464741854514408,-7.9049253296765754,2.4783646999539908,0.17070369106825958,-3.4682611058274582e-16,-0.45473162998922545,23.314762053589106,-7.9646171443238689,2.4574469468206535,0.072062652764512486,0.1158067974415138,-0.25930768202164378,23.315046941159689,-7.9441764611346226,2.4574469468206535,0.072126752467893365,1,1.8307835762794629,1.7616246212198707,1,1,1
1786521336.2623055,2,1,0.99097259234428381,1.1322549148759391,0.1340646158479184,4,0,1,0,0.08932922588760657,-0.54763019202963692,-1.7761551570364758,-1.8556174501891334,-1.4076860422939241,1.2988887396867961,-0.092944569902322319,-0.12214554588695997,0.00035610946322728857,-0.053772528947320576,-0.00035610946322728857,0,0,-0.43805279028981664,22.733872845931174,-8.0780258843410255,2.5099764945962613,0.069545948212994646,2.2028362342768962e-16,-0.32331813999781867,23.282967897297492,-7.9538521923221328,2.4768341361663255,0.067891644415579447,0.111533483882787,-0.13245239315954721,23.28268300972691,-7.9350318071905708,2.4768982358697063,0.067891644415579433,1,1.8307835762794629,1.7616246212198707,1,1,1
1786521336.2834048,2,1,0.99097259234428381,1.1322549148759391,0.1340646158479184,4,0,1,0,0.087300213552145206,-0.55037066389512312,-1.7761561062820128,-1.856717151143815,-1.4076850930483871,1.2988887396867961,-0.091164022586185875,-0.12784329729859659,0,-0.052704200557638706,0,0,0.31858384748350305,0,23.464741854514408,-7.6356578001985413,2.4404305463832667,0.13909189642598929,1.6609553766004301e-16,-0.17929681097364147,23.248522639341001,-7.9426698777049767,2.4985729581393685,0.063287579522174897,0.10939682710342327,0.029801740381867142,23.248522639341001,-7.9242234075098033,2.4985729581393685,0.063287579522174897,1,1.8307835762794629,1.7616246212198707,1,1,1
1786521336.3050194,2,1,0.99097259234428381,1.1322549148759391,0.1340646158479184,4,0,1,0,0.085340021518120548,-0.55318755002634257,-1.7761551570364758,-1.8578624158842756,-1.40768414380285,1.2988887396867961,-0.089027365806822148,-0.13069217300441491,0.00035610946322728857,-0.052348091094411422,0,-0.00035610946322728857,0.47787577122525454,0.63716769496700609,23.291641299849957,-8.0780258843410255,2.5099764945962613,-0.063223589284540582,2.2287130908155151e-17,-0.031140183028920632,23.212812836510597,-7.9310590592798285,2.5208921353695013,0.058551576389735793,0.10683283896818657,0.18707477058520705,23.212527948940014,-7.9127372273967849,2.5208921353695013,0.058615676093116707,1,1.8307835762794629,1.7616246212198707,1,1,1
1786521336.326802,2,1,0.99097259234428381,1.1322549148759391,0.1340646158479184,4,0,1,0,0.083399763640374103,-0.55610410693895318,-1.7761523092998646,-1.8590513459194407,-1.4076779737068592,1.2988892143095647,-0.088315146880367568,-0.13567770548959696,0,-0.058045842506048037,0,0,-0.11946894280631364,0.31858384748350305,22.830039820744755,-7.6356578001985413,2.5415882892385318,0.037934153570724355,5.9849653987094353e-16,0.12229739125221606,23.175602198726263,-7.9189429037232912,2.543979645440722,0.053645435363386777,0.10597817625644175,0.3564660488189263,23.175602198726263,-7.8986268588461748,2.543979645440722,0.053645435363386784,1,1.8307835762794629,1.7616246212198707,1,1,1
1786521336.3481493,2,1,0.99097259234428381,1.1322549148759391,0.1340646158479184,4,0,1,0,0.08140729725808947,-0.55915830445443715,-1.776152783922633,-1.8604652471468883,-1.4076756005930164,1.2988892143095647,-0.08546627117454926,-0.13104828246764219,0,-0.061963046601548208,0,0,0,0,22.830039820744755,-7.7125913800494077,2.6806801856645208,0.13909189642598929,4.9513141525160675e-16,0.28356233414845233,23.135834153332823,-7.9056727312008928,2.5678058392083312,0.048523894896474913,0.10255952540945955,0.50291683804490694,23.135834153332823,-7.8839856648903508,2.5678058392083312,0.048523894896474906,1,1.8307835762794629,1.7616246212198707,1,1,1
1786521336.3693554,2,1,0.99097259234428381,1.1322549148759391,0.1340646158479184,4,0,1,0,0.079724759543654267,-0.56172174202726211,-1.7761513600543275,-1.8616926216263043,-1.4076765498385535,1.2988901635551018,-0.085822380637776544,-0.13318493924700592,0,-0.061606937138320925,-0.00035610946322728857,0,-0.11946894280631364,0,23.464741854514408,-8.0780258843410255,2.5099764945962613,-0.031611794642270291,6.9713522064460132e-16,0.41914423746685925,23.102055003199574,-7.8943471178062925,2.5877400337761132,0.044220772926786542,0.10298685676533252,0.64533604305727765,23.102055003199574,-7.8727846898078804,2.5878041334794939,0.044220772926786556,1,1.8307835762794629,1.7616246212198707,1,1,1
1786521336.3908978,2,1,0.99097259234428381,1.1322549148759391,0.1340646158479184,4,0,1,0,0.077885596315604502,-0.56454147589509274,-1.7761480376949477,-1.862990714898231,-1.4076746513474794,1.2988906381778702,-0.085110161711321963,-0.12926773515150575,0,-0.066592469623502959,0.00035610946322728857,0,0.31858384748350305,0.47787577122525454,23.003140375409206,-7.7125913800494077,2.6111342374515263,0.037934153570724355,5.7259427234390703e-18,0.56816252210199014,23.064834029839446,-7.8819752461886399,2.6097563063679075,0.039481334056947613,0.10213219405358635,0.78181927458680844,23.064834029839446,-7.8586678818204136,2.6096922066645267,0.039481334056947592,1,1.8307835762794629,1.7616246212198707,1,1,1
1786521336.4123983,2,1,0.99097259234428381,1.1322549148759391,0.1340646158479184,4,0,1,0,0.076121423484982298,-0.56725062265785609,-1.7761404437306514,-1.8644554007619114,-1.4076718036108682,1.2988911128006388,-0.080480738689367212,-0.12392609320309642,0.00071221892645457715,-0.06801690747641212,0,0,0,0.47787577122525454,22.637705871117589,-7.7125913800494077,2.6490683910222503,0.13909189642598929,-3.8858483488238282e-16,0.71213105339570459,23.028102070351807,-7.8693302201934427,2.6305247107222831,0.034935605265666775,0.096576886427240202,0.90869455164561264,23.027532295210644,-7.8455243025766981,2.6305247107222831,0.034935605265666803,1,1.8307835762794629,1.7616246212198707,1,1,1
1786521336.4328051,2,1,0.99097259234428381,1.1322549148759391,0.1340646158479184,4,0,1,0,0.074570356277429625,-0.56979412607440283,-1.7761276289159009,-1.8658450962281643,-1.4076656335148774,1.2988911128006388,-0.07193411157191229,-0.12000888910759624,0.00035610946322728857,-0.069085235866093983,0.00035610946322728857,0,-0.43805279028981664,1.1150434661922606,23.003140375409206,-8.0010923044901592,2.5795224428092558,-0.13276953749753523,2.8702558450659221e-16,0.84743339524418682,22.993318504157966,-7.8573294681442345,2.6500223996236265,0.030660108750753912,0.08632093388629497,1.0314618403884952,22.993033616587383,-7.8331496355911012,2.6499582999202458,0.030660108750753923,1,1.8307835762794629,1.7616246212198707,1,1,1
1786521336.4544086,2,1,0.99097259234428381,1.1322549148759391,0.1340646158479184,4,0,1,0,0.073088583994082162,-0.5723015581605414,-1.7761262050475954,-1.8672865255761868,-1.4076518694545901,1.2988911128006388,-0.066948579086730256,-0.11395502823273235,0,-0.064099703380911949,-0.00035610946322728857,-0.00035610946322728857,0.31858384748350305,0.31858384748350305,23.291641299849957,-7.5394908253849575,2.5795224428092558,0.069545948212994646,4.9239380476608086e-16,0.98089376490180324,22.958795559977624,-7.8452371958442306,2.6689782243585678,0.026472246276254142,0.080338294904076749,1.1455498552465466,22.958795559977624,-7.8228022996609115,2.6690423240619485,0.026536345979635074,1,1.8307835762794629,1.7616246212198707,1,1,1
1786521336.4755704,2,1,0.99097259234428381,1.1322549148759391,0.1340646158479184,4,0,1,0,0.071685124467541994,-0.57475298475999359,-1.7761081693823912,-1.8685960097945582,-1.4076494963407473,1.2988911128006388,-0.063031374991230071,-0.1121744809165959,0.0010683283896818657,-0.059826389822184481,0.00035610946322728857,0,-0.11946894280631364,0.79645961870875759,22.079937417198803,-7.9049253296765754,2.5415882892385318,0.037934153570724355,5.3781509952964546e-16,1.1113999632209359,22.924869819224817,-7.833644323585605,2.6878646970630022,0.022334809010866256,0.07563764998947653,1.2703583021540423,22.924015156513072,-7.8127050871478403,2.6878005973596215,0.022334809010866263,1,1.8307835762794629,1.7616246212198707,1,1,1
1786521336.4969845,2,1,0.99097259234428381,1.1322549148759391,0.1340646158479184,4,0,1,0,0.070408389220199055,-0.57693624949522682,-1.7760915575854928,-1.8698589809816137,-1.4076381053943028,1.2988915874234073,-0.061963046601548208,-0.10042286863009538,0,-0.059826389822184481,0.00071221892645457715,0,0,1.1150434661922606,23.291641299849957,-8.0780258843410255,2.6111342374515263,0.069545948212994646,6.1785971304517684e-16,1.2279108687049192,22.894251683012786,-7.8229505543757325,2.7044717459679668,0.018658983653489048,0.074355655921858513,1.3492640483212244,22.894251683012786,-7.8020113179379678,2.7043435465612049,0.018658983653489059,1,1.8307835762794629,1.7616246212198707,1,1,1
1786521336.5171242,1,1,0.99097259234428381,1.1322549148759391,0.1340646158479184,4,0,1,0,0.069153011997439923,-0.57892681738643736,-1.7760906083399557,-1.8710028218537686,-1.40763573228046,1.2988920620461759,-0.061963046601548208,-0.094725117218458763,0,-0.059826389822184481,0,0,0.63716769496700609,0.95575154245050908,23.291641299849957,-7.8087583548629915,2.6806801856645208,0.037934153570724355,-3.2673957127155734e-16,1.3340443308376857,22.866324563874862,-7.8132453116468135,2.7195234617794966,0.015326043489497799,0.074355655921857625,1.4477144714998362,22.866324563874862,-7.7923060752090487,2.7195234617794966,0.015326043489497787,1,1.8307835762794629,1.7616246212198707,1,1,1
1786521336.5385468,1,1,0.99097259234428381,1.1322549148759391,0.1340646158479184,4,0,1,0,0.067810778808039984,-0.58094728651206518,-1.7760934560765669,-1.8723740070320489,-1.4076134250103391,1.2988915874234073,-0.061606937138320925,-0.090807913122958578,-0.00035610946322728857,-0.066236360160275676,0.0021366567793637313,0,0,1.5929192374175152,22.92620679555834,-8.1741928591546085,2.7122919803067913,-0.16438133213980552,3.2869452331382026e-16,1.4422727560634612,22.837379654889766,-7.8026664427716836,2.7343074753607373,0.011975497470712009,0.073928324565985332,1.5512422518110109,22.837664542460349,-7.7794837167155872,2.7339228771404516,0.011975497470712027,1,1.8307835762794629,1.7616246212198707,1,1,1
1786521336.5600615,1,1,0.99097259234428381,1.1322549148759391,0.1340646158479184,4,0,1,0,0.066462850145417696,-0.58275844699677182,-1.7760929814537985,-1.87390941168824,-1.4075498255593564,1.2988915874234073,-0.063387484454457368,-0.077631862983548905,0.00035610946322728857,-0.074070768351276017,0.0021366567793637313,0,-0.11946894280631364,1.2743353899340122,22.368438341639553,-7.250989900944206,2.6806801856645208,0.037934153570724355,3.2583324601799524e-16,1.5399870633051735,22.810654768442316,-7.7920861860552773,2.7468721586266898,0.0090097293329923379,0.076064981345349059,1.6331452988854323,22.810369880871733,-7.7661614171323308,2.7464875604064041,0.0090097293329923223,1,1.8307835762794629,1.7616246212198707,1,1,1
1786521336.5811012,1,1,0.99097259234428381,1.1322549148759391,0.1340646158479184,4,0,1,0,0.065176147819935651,-0.58424828786718419,-1.776086336735039,-1.8754827861659136,-1.4075431808405969,1.2988915874234073,-0.062319156064775498,-0.068373016939639403,0.00035610946322728857,-0.080124629226139929,0,0,0,1.2743353899340122,22.92620679555834,-7.7125913800494077,2.7502261338775154,-0.16438133213980552,5.3745765162590414e-16,1.6219293470930465,22.787056185257743,-7.7824302833966206,2.7568345211842802,0.006554919643795537,0.074782987277731042,1.7039769674206138,22.78677129768716,-7.7543866631674714,2.7568345211842802,0.0065549196437955648,1,1.8307835762794629,1.7616246212198707,1,1,1
1786521336.6026299,1,1,0.99097259234428381,1.1322549148759391,0.1340646158479184,4,0,1,0,0.063848153313591588,-0.5856579174897153,-1.7760701995609089,-1.8772934720278516,-1.4075412823495228,1.2988915874234073,-0.060182499285411771,-0.061606937138320925,0,-0.0840418333216401,0.00035610946322728857,0,0,1.9115030849010182,22.92620679555834,-7.6356578001985413,2.7502261338775154,0.037934153570724355,-1.572398081964993e-16,1.7007377640188572,22.763408618982744,-7.7722122190951888,2.7657646515510987,0.0042331291701057892,0.072218999142493898,1.7746660885848424,22.763408618982744,-7.742797577432615,2.765700551847718,0.0042331291701057649,1,1.8307835762794629,1.7616246212198707,1,1,1
1786521336.6226892,1,1,0.99097259234428381,1.1322549148759391,0.1340646158479184,4,0,1,0,0.062601793923434498,-0.58680365685294422,-1.7760725726747517,-1.8790690358049185,-1.4075232466843186,1.2988911128006388,-0.061606937138320925,-0.050567543778274979,-0.00035610946322728857,-0.087246818490685704,0.00035610946322728857,-0.00035610946322728857,-0.11946894280631364,1.5929192374175152,22.830039820744755,-7.4433238505713737,2.7122919803067913,0.13909189642598929,7.6684095000594671e-16,1.7654981532778473,22.743448639244932,-7.7629225070222674,2.7722750471618927,0.0024008180164638848,0.073928324565985776,1.8261792058117772,22.743733526815515,-7.7323861205505278,2.7722109474585119,0.0024649177198448244,1,1.8307835762794629,1.7616246212198707,1,1,1
1786521336.646024,1,1,0.99097259234428381,1.1322549148759391,0.1340646158479184,4,0,1,0,0.060950106688953676,-0.58791142639469085,-1.7760630802193811,-1.881360989154145,-1.4075175512110965,1.2988915874234073,-0.061963046601548208,-0.033474289543365128,0.0010683283896818657,-0.08475405224809468,-0.00035610946322728857,0,0,1.1150434661922606,22.92620679555834,-7.5394908253849575,2.7502261338775154,0.037934153570724355,-9.2551902014688381e-17,1.8303404430192054,22.721906411766597,-7.7520396103683682,2.7776528461791949,0.00063647084247923686,0.074355655921857847,1.8705095904712441,22.721051749054851,-7.7223756920815347,2.7777169458825757,0.00063647084247925312,1,1.8307835762794629,1.7616246212198707,1,1,1
1786521336.6672385,1,1,0.99097259234428381,1.1322549148759391,0.1340646158479184,4,0,1,0,0.059858474321337035,-0.58840361020565535,-1.7760426714403343,-1.8828318451138162,-1.4075147034744853,1.2988911128006388,-0.063743593917684652,-0.024571552962682913,0.0010683283896818657,-0.084397942784867397,-0.00035610946322728857,-0.00035610946322728857,-0.11946894280631364,1.2743353899340122,22.176104392012387,-7.7125913800494077,2.6490683910222503,-0.20231548571052987,1.4219819711915743e-16,1.8608934273877944,22.710595284311008,-7.7456722904906794,2.7793489498187198,-0.00014610522345660109,0.076492312701221796,1.8903792909430139,22.709740621599263,-7.7161330105159758,2.7794130495221006,-8.2005520075682103e-05,1,1.8307835762794629,1.7616246212198707,1,1,1
1786521336.6886492,1,1,0.99097259234428381,1.1322549148759391,0.1340646158479184,4,0,1,0,0.058434131392981592,-0.58878900389370092,-1.7760421968175657,-1.8847255899602469,-1.4075128049834111,1.2988911128006388,-0.069797454792548563,-0.011039393360045946,-0.00035610946322728857,-0.089739584733276714,0,0,-0.27876086654806514,1.7522111611592666,23.003140375409206,-7.8087583548629915,2.8513838767327804,0.037934153570724355,4.9610211500916018e-16,1.8871410861897888,22.699423015986191,-7.7383090341148391,2.7791824791621176,-0.00068746489413814183,0.083756945751058715,1.9003883582218435,22.699707903556774,-7.7069001794581924,2.7791824791621176,-0.00068746489413812339,1,1.8307835762794629,1.7616246212198707,1,1,1
1786521336.7100179,1,1,0.99097259234428381,1.1322549148759391,0.1340646158479184,4,0,1,0,0.056991752799422042,-0.58886446891389699,-1.7760440953086398,-1.8867204294563742,-1.4075104318695684,1.2988915874234073,-0.073358549424821451,0.0014244378529091543,0,-0.091876241512640455,0.00035610946322728857,0,0,1.4336273136757636,22.464605316453138,-8.2703598339681932,2.7502261338775154,0.17070369106825958,1.0465769689684684e-15,1.8977316643103963,22.691818699708872,-7.7315621487333033,2.7761438165356656,-0.00068963582669904122,0.088030259309786849,1.8960223388869053,22.691818699708872,-7.6994054642038794,2.7760797168322848,-0.00068963582669906431,1,1.8307835762794629,1.7616246212198707,1,1,1
1786521336.7312129,1,1,0.99097259234428381,1.1322549148759391,0.1340646158479184,4,0,1,0,0.055354304247997081,-0.588855451081295,-1.7760502654046308,-1.888644075537222,-1.4075085333784942,1.2988906381778702,-0.075495206204185178,0.00035610946322728857,-0.00035610946322728857,-0.093656788828776899,0.00035610946322728857,0,0.31858384748350305,1.7522111611592666,23.003140375409206,-7.6356578001985413,2.8134497231620559,0,1.3998693290705536e-15,1.9036713718167317,22.685567623575931,-7.7252964479135215,2.772475052199475,-0.00054418735043774665,0.090594247445023549,1.9032440404608595,22.685852511146514,-7.6925165718234494,2.7724109524960943,-0.00054418735043776367,1,1.8307835762794629,1.7616246212198707,1,1,1
1786521336.7524445,1,1,0.99097259234428381,1.1322549148759391,0.1340646158479184,4,0,1,0,0.053718279564877715,-0.58883171994286854,-1.7760588086144644,-1.890633219560127,-1.4075042617735776,1.2988896889323331,-0.077275753520321622,0.0014244378529091543,-0.00035610946322728857,-0.088315146880367568,0,0,0,1.5929192374175152,22.830039820744755,-7.8087583548629915,2.8513838767327804,0.069545948212994646,1.3382273533670691e-16,1.9090168515027188,22.679337747408958,-7.7188346509448635,2.7685330845879212,-0.00036642534794535263,0.092730904224386165,1.9073075260792283,22.679622634979541,-7.6879243495367353,2.7685330845879212,-0.00036642534794534276,1,1.8307835762794629,1.7616246212198707,1,1,1
1786521336.7735298,1,1,0.99097259234428381,1.1322549148759391,0.1340646158479184,4,0,1,0,0.052132090272453885,-0.5888236513558035,-1.7760626055966124,-1.8923765089889339,-1.4074985663003552,1.2988892143095647,-0.078700191373230768,0.00035610946322728857,-0.00035610946322728857,-0.079768519762912632,0,-0.00035610946322728857,-0.11946894280631364,1.9115030849010182,22.272271366825972,-7.6356578001985413,2.5795224428092558,0.037934153570724355,8.8560005140868314e-16,1.9143838245223526,22.673692981302061,-7.7130916061565662,2.7652150402431688,-0.0002401873677651058,0.094440229647877807,1.9139564931664799,22.673977868872644,-7.6851726242395468,2.7652150402431688,-0.00017608766438418703,1,1.8307835762794629,1.7616246212198707,1,1,1
1786521336.7947328,1,1,0.99097259234428381,1.1322549148759391,0.1340646158479184,4,0,1,0,0.050385953107035794,-0.58882839758348882,-1.7760616563510756,-1.893927101573718,-1.4074971424320497,1.2988892143095647,-0.080836848152594509,-0.00071221892645457715,0,-0.066948579086730256,-0.00035610946322728857,0,0,1.7522111611592666,22.176104392012387,-6.8855553966525882,2.6490683910222503,-0.063223589284540582,-4.466065917693024e-17,1.9198588065548781,22.668437114369439,-7.7079197941976787,2.7624178686667173,-0.00016001450096618812,0.097004217783113411,1.9207134692666239,22.668437114369439,-7.6844877915173235,2.7624819683700981,-0.00016001450096619907,1,1.8307835762794629,1.7616246212198707,1,1,1
1786521336.8161633,1,1,0.99097259234428381,1.1322549148759391,0.1340646158479184,4,0,1,0,0.048597574515218622,-0.58883646617055374,-1.7760569101233903,-1.8953234417587304,-1.4074985663003552,1.2988892143095647,-0.083685723858412817,-0.00035610946322728857,0.00035610946322728857,-0.061963046601548208,0,0,0,2.0707950086427696,22.733872845931174,-7.8087583548629915,2.7502261338775154,-0.031611794642270291,1.5422792844265246e-15,1.9250572473755314,22.66358500331679,-7.7032276969556257,2.7599757363126263,-0.0001037592908376384,0.10042286863009693,1.9254845787314041,22.663300115746207,-7.6815406306450837,2.7599757363126263,-0.00010375929083761282,1,1.8307835762794629,1.7616246212198707,1,1,1
1786521336.8369198,1,1,0.99097259234428381,1.1322549148759391,0.1340646158479184,4,0,1,0,0.046779294688984126,-0.58883646617055374,-1.7760592832372328,-1.8965593594479797,-1.4074995155458923,1.2988892143095647,-0.094012898292004182,0.00035610946322728857,-0.00035610946322728857,-0.058401951969275327,0,0,0.31858384748350305,1.9115030849010182,22.464605316453138,-7.6356578001985413,2.7818379285197858,0,5.7536745821321761e-16,1.9292009328034836,22.659467849377599,-7.6991042185473866,2.7576959913970298,-3.1235459152396884e-05,0.11281547795040568,1.9287736014476105,22.659752736948182,-7.6786635353581403,2.7576959913970298,-3.1235459152401113e-05,1,1.8307835762794629,1.7616246212198707,1,1,1
1786521336.8582985,2,1,0.99097259234428381,1.1322549148759391,0.1340646158479184,4,0,1,0,0.044648713081057563,-0.58883599154778521,-1.7760630802193811,-1.8978218560122668,-1.4074985663003552,1.2988892143095647,-0.10149119701977724,0,0,-0.059114170895729901,0.00035610946322728857,0,-0.11946894280631364,1.9115030849010182,22.830039820744755,-8.3665268087817761,2.7502261338775154,0.069545948212994646,4.5747402448257507e-16,1.9333722585586544,22.655304755620282,-7.6948821374379346,2.7553456394659874,4.6172653880289464e-05,0.1247718304632876,1.9333722585586548,22.655304755620282,-7.6741921776244295,2.7552815397626067,4.6172653880294234e-05,1,1.8307835762794629,1.7616246212198707,1,1,1
1786521336.8795056,2,1,0.99097259234428381,1.1322549148759391,0.1340646158479184,4,0,1,0,0.042490603352556319,-0.58883789003885934,-1.7760645040876866,-1.8989675953754956,-1.4075028379052719,1.2988892143095647,-0.10754505789464115,-0.00035610946322728857,0,-0.054128638410547859,-0.00035610946322728857,0.00035610946322728857,-0.27876086654806514,1.9115030849010182,23.099307350222791,-8.5396273634462272,2.7818379285197858,0.037934153570724355,2.1013193355484683e-16,1.937349082117346,22.651426929680881,-7.6910357740826267,2.7532688187907137,0.00010519533081809968,0.14414418526285189,1.9377764134732187,22.651426929680881,-7.6720907506389349,2.7533329184940945,4.1095627437185567e-05,1,1.8307835762794629,1.7616246212198707,1,1,1
1786521336.9007134,2,1,0.99097259234428381,1.1322549148759391,0.1340646158479184,4,0,1,0,0.040096131485327653,-0.58884928098530409,-1.7760645040876866,-1.9000578038748068,-1.4075061602646517,1.2988892143095647,-0.11324280930627777,-0.00071221892645457715,-0.00035610946322728857,-0.048786996462138535,-0.00035610946322728857,0,0.47787577122525454,1.7522111611592666,22.92620679555834,-7.3471568757577899,2.7502261338775154,0.037934153570724355,1.2867616314918978e-16,1.9416374731406734,22.647606872160644,-7.6873311600939953,2.7513851703216941,0.00014227961548737909,0.16237698978008905,1.9424921358524188,22.647891759731227,-7.6702557113322465,2.7514492700250748,0.0001422796154874062,1,1.8307835762794629,1.7616246212198707,1,1,1
1786521336.9210758,2,1,0.99097259234428381,1.1322549148759391,0.1340646158479184,4,0,1,0,0.037747223403877768,-0.58884975560807262,-1.7760659279559923,-1.9010388491373562,-1.4075085333784942,1.2988892143095647,-0.11431113769595963,0,0,-0.047006449146002091,0,0,0,1.9115030849010182,22.272271366825972,-7.4433238505713737,2.6806801856645208,-0.063223589284540582,-4.1618116830392793e-17,1.9449665164121113,22.644317639694812,-7.6840233096826447,2.7495921584318159,0.00019460484377205691,0.16579564062707081,1.9449665164121113,22.644317639694812,-7.6675710524815441,2.7495921584318159,0.00019460484377203935,1,1.8307835762794629,1.7616246212198707,1,1,1
1786521336.9423778,2,1,0.99097259234428381,1.1322549148759391,0.1340646158479184,4,0,1,0,0.035333292003139408,-0.58884880636253556,-1.7760678264470664,-1.9019392085292557,-1.4075085333784942,1.2988892143095647,-0.12107721749727811,0.00035610946322728857,-0.00035610946322728857,-0.043801463976956494,0,0,0.47787577122525454,1.9115030849010182,22.830039820744755,-7.6356578001985413,2.7818379285197858,-0.031611794642270291,-4.0813435530501208e-16,1.9479217771378328,22.641344695193837,-7.6809831479234054,2.7479225168205779,0.0002467655558991579,0.18744709599128948,1.9474944457819605,22.64162958276442,-7.6656526355314707,2.7479225168205779,0.00024676555589914217,1,1.8307835762794629,1.7616246212198707,1,1,1
1786521336.9636371,2,1,0.99097259234428381,1.1322549148759391,0.1340646158479184,4,0,1,0,0.032676828367682743,-0.58884928098530409,-1.7760692503153719,-1.9028405171666922,-1.4075075841329572,1.2988892143095647,-0.12499442159277829,0,0,-0.041308697734365477,0,0,0.15929192374175152,1.9115030849010182,22.637705871117589,-7.250989900944206,2.7502261338775154,0.037934153570724355,1.1003906661734286e-15,1.9509502913811221,22.638354136877012,-7.677925911874639,2.7462646823469625,0.00029578530928744246,0.19998214909689163,1.9509502913811216,22.638354136877012,-7.6634678676676113,2.7462646823469625,0.00029578530928742186,1,1.8307835762794629,1.7616246212198707,1,1,1
1786521336.9845529,2,1,0.99097259234428381,1.1322549148759391,0.1340646158479184,4,0,1,0,0.030022737846068726,-0.58885023023084115,-1.7760697249381405,-1.9036554444602565,-1.4075085333784942,1.2988892143095647,-0.12962384461473303,0,0,-0.039528150418229033,-0.00035610946322728857,0,0,2.0707950086427696,22.079937417198803,-8.0010923044901592,2.7502261338775154,-0.031611794642270291,-1.8771944177049804e-17,1.9537415161565743,22.635617781214634,-7.6751554822797576,2.7447840017941716,0.0003363573912025606,0.21479630276714567,1.9537415161565743,22.635617781214634,-7.6613206296333773,2.7448481014975523,0.00033635739120257968,1,1.8307835762794629,1.7616246212198707,1,1,1
1786521337.0058687,2,1,0.99097259234428381,1.1322549148759391,0.1340646158479184,4,0,1,0,0.027149846228162852,-0.58885212872191528,-1.7760706741836776,-1.9044708463765891,-1.4075151780972537,1.2988892143095647,-0.13176050139409676,0,-0.00035610946322728857,-0.035254836859501565,0,0,0.15929192374175152,1.9115030849010182,22.637705871117589,-7.6356578001985413,2.7818379285197858,0.17070369106825958,2.679165212165352e-16,1.9566283029477947,22.632823029223129,-7.672387263549278,2.7433270237330705,0.0003724311316194457,0.22163360446110983,1.9566283029477942,22.633107916793712,-7.6600480706484522,2.7433270237330705,0.00037243113161944397,1,1.8307835762794629,1.7616246212198707,1,1,1
1786521337.0260806,2,1,0.99097259234428381,1.1322549148759391,0.1340646158479184,4,0,1,0,0.024394661056852163,-0.58885260334468381,-1.7760730472975201,-1.905122028815011,-1.4075142288517166,1.2988892143095647,-0.13603381495282424,0,0,-0.02706431920527393,0,0,0.31858384748350305,2.0707950086427696,22.830039820744755,-7.4433238505713737,2.7502261338775154,0.037934153570724355,1.2768411816136555e-15,1.9588015507834187,22.630682055289675,-7.6701696961490775,2.7421188890109631,0.00040914369736774449,0.23530820784903889,1.9588015507834191,22.630682055289675,-7.6606971844272316,2.7421188890109631,0.00040914369736771983,1,1.8307835762794629,1.7616246212198707,1,1,1
1786521337.047379,2,1,0.99097259234428381,1.1322549148759391,0.1340646158479184,4,0,1,0,0.021690260521774075,-0.58885640032683206,-1.7760725726747517,-1.9056640480166711,-1.4075128049834111,1.2988892143095647,-0.13318493924700592,0,0,-0.023859334036228332,0,0,0.47787577122525454,2.2300869323845212,22.272271366825972,-7.5394908253849575,2.8513838767327804,-0.16438133213980552,6.8050118762642137e-16,1.9608118196791708,22.628831869244472,-7.6683021299912086,2.7411616959316945,0.00042984058375212142,0.2261918055904196,1.9608118196791713,22.628831869244472,-7.6599513630785285,2.7411616959316945,0.00042984058375211687,1,1.8307835762794629,1.7616246212198707,1,1,1
1786521337.0685053,2,1,0.99097259234428381,1.1322549148759391,0.1340646158479184,4,0,1,0,0.01877085587255236,-0.58887253750096202,-1.7760725726747517,-1.9060883607717358,-1.4075132796061796,1.2988896889323331,-0.1374582528057334,-0.00035610946322728857,0,-0.017449363698137141,-0.00035610946322728857,0,0,2.2300869323845212,22.637705871117589,-7.5394908253849575,2.7818379285197858,-0.063223589284540582,6.7812780130821482e-16,1.9630764052363281,22.627206073386642,-7.6668019003998804,2.74052868559692,0.00042228737741893424,0.23986640897834752,1.9635037365922008,22.627206073386642,-7.6606946231055328,2.7405927853003007,0.00042228737741895062,1,1.8307835762794629,1.7616246212198707,1,1,1
1786521337.0895572,2,1,0.99097259234428381,1.1322549148759391,0.1340646158479184,4,0,1,0,0.015952071250258788,-0.58888677618401786,-1.7760701995609089,-1.9064049341583447,-1.4075147034744853,1.2988892143095647,-0.13923880012186982,-0.00035610946322728857,0,-0.013176050139409676,0.00035610946322728857,0,0.31858384748350305,2.0707950086427696,22.637705871117589,-7.8087583548629915,2.7502261338775154,-0.063223589284540582,-4.3320822460963387e-16,1.9649185811451653,22.625926829207994,-7.6656694774898622,2.7400992074291768,0.00040943908636749789,0.24556416038998294,1.9653459125010384,22.625926829207994,-7.661057859941069,2.7400351077257961,0.00040943908636748017,1,1.8307835762794629,1.7616246212198707,1,1,1
1786521337.1108682,2,1,0.99097259234428381,1.1322549148759391,0.1340646158479184,4,0,1,0,0.013006087725999451,-0.58889626863938849,-1.776071148806446,-1.9067181851855739,-1.4075123303606425,1.2988892143095647,-0.13282882978377863,-0.00035610946322728857,0,-0.017449363698137141,0,0,0.15929192374175152,1.7522111611592666,22.464605316453138,-8.0010923044901592,2.6490683910222503,-0.10115774285526494,1.2410862268441569e-15,1.9664274935299773,22.624794757858304,-7.6645657421548092,2.7395931429650462,0.0004116675409943164,0.22505225530809295,1.96685482488585,22.624794757858304,-7.6584584648604617,2.7395931429650462,0.00041166754099430936,1,1.8307835762794629,1.7616246212198707,1,1,1
1786521337.1313765,2,1,0.99097259234428381,1.1322549148759391,0.1340646158479184,4,0,1,0,0.010363862773598659,-0.58892664449657428,-1.7760697249381405,-1.9070912386816377,-1.4075113811151054,1.2988896889323331,-0.12535053105600558,-0.0028488757058183086,0.00035610946322728857,-0.018873801551046294,0,0,0,1.7522111611592666,22.830039820744755,-7.250989900944206,2.6490683910222503,-0.031611794642270291,4.8321874388142227e-16,1.9692614265591231,22.623154096828422,-7.6631868755662618,2.7391839248801477,0.00037528954719321327,0.20112169937921828,1.9726800774061046,22.622869209257839,-7.6565810450233958,2.7391839248801477,0.00037528954719323604,1,1.8307835762794629,1.7616246212198707,1,1,1
1786521337.1528387,2,1,0.99097259234428381,1.1322549148759391,0.1340646158479184,4,0,1,0,0.0077159423479755164,-0.58904577481147502,-1.7760678264470664,-1.9075103305862486,-1.4075104318695684,1.2988901635551018,-0.12000888910759624,-0.0071221892645457717,0,-0.019942129940728158,0,0,0.95575154245050908,2.0707950086427696,22.637705871117589,-7.6356578001985413,2.7502261338775154,-0.23392728035280017,1.4295154822244541e-15,1.9768457463607318,22.620225698963257,-7.6613729350796245,2.7394602447062022,0.00018799800735838819,0.1840284451443093,1.9853923734781864,22.620225698963257,-7.6543931896003699,2.7394602447062022,0.00018799800735841421,1,1.8307835762794629,1.7616246212198707,1,1,1
1786521337.1737742,2,1,0.99097259234428381,1.1322549148759391,0.1340646158479184,4,0,1,0,0.0052545486703842615,-0.5892185374992196,-1.7760673518242978,-1.9079408134373046,-1.4075075841329572,1.2988896889323331,-0.1185844512546871,-0.0085466271174549253,0.00035610946322728857,-0.021010458330410025,-0.00035610946322728857,-0.00035610946322728857,0.15929192374175152,2.0707950086427696,22.830039820744755,-7.7125913800494077,2.7502261338775154,0.069545948212994646,1.5544579241421469e-16,1.9872051929337737,22.616613163611898,-7.6593534942053125,2.7401588089542717,-8.578487941271419e-05,0.17947024401499892,1.99746114547472,22.616328276041315,-7.6519998337896693,2.7402229086576524,-2.1685176031775033e-05,1,1.8307835762794629,1.7616246212198707,1,1,1
1786521337.1950595,2,1,0.99097259234428381,1.1322549148759391,0.1340646158479184,4,0,1,0,0.0027219615775136612,-0.58939130018696417,-1.7760664025787607,-1.9083988244089349,-1.4075090080012629,1.2988906381778702,-0.11324280930627777,-0.0081905176542276369,0.00035610946322728857,-0.021722677256864602,0,0,0.31858384748350305,1.9115030849010182,22.272271366825972,-7.3471568757577899,2.7818379285197858,-0.063223589284540582,2.4342371651372985e-16,1.997705542098791,22.612859866656127,-7.6572443409217126,2.7408274267637127,-0.00036394267098037697,0.16237698978008905,2.0075341632838648,22.612574979085544,-7.6496414038818097,2.7408274267637127,-0.00036394267098038835,1,1.8307835762794629,1.7616246212198707,1,1,1
1786521337.2164884,2,1,0.99097259234428381,1.1322549148759391,0.1340646158479184,4,0,1,0,0.00031989574598852789,-0.58960250731895958,-1.7760659279559923,-1.9088981275614274,-1.4075090080012629,1.2988906381778702,-0.11075004306368674,-0.011039393360045946,-0.00035610946322728857,-0.023859334036228332,0,0,0,1.9115030849010182,21.906836862534352,-7.6356578001985413,2.7502261338775154,0.13909189642598929,2.2451794113101387e-16,2.0103133646088267,22.6084979300675,-7.6548712483020385,2.7417427479679595,-0.00070303351157752604,0.15440013780379777,2.023560636640882,22.608782817638083,-7.6465204813893584,2.7417427479679595,-0.00070303351157752214,1,1.8307835762794629,1.7616246212198707,1,1,1
1786521337.2378101,2,1,0.99097259234428381,1.1322549148759391,0.1340646158479184,4,0,1,0,-0.0019459533509687899,-0.58983175011615907,-1.7760649787104552,-1.9094823881894867,-1.4075071095101888,1.2988906381778702,-0.10113508755654996,-0.009971064970364079,0.00035610946322728857,-0.030625413837546817,0,-0.00035610946322728857,0.31858384748350305,2.2300869323845212,22.464605316453138,-7.5394908253849575,2.7502261338775154,-0.10115774285526494,1.4098016374100575e-16,2.0241300053125224,22.603631019209885,-7.6521426487078656,2.7426563526552932,-0.0010688607447767646,0.12363228018096006,2.0360952832769592,22.603346131639302,-7.6414237538647241,2.7426563526552932,-0.0010047610413958332,1,1.8307835762794629,1.7616246212198707,1,1,1
1786521337.2591741,1,1,0.99097259234428381,1.1322549148759391,0.1340646158479184,4,0,1,0,-0.0039759149319672079,-0.59001495450481123,-1.7760640294649181,-1.9102066625342617,-1.4075042617735776,1.2988911128006388,-0.096505664534595206,-0.0085466271174549253,0,-0.039884259881456316,0,0,0.31858384748350305,1.9115030849010182,23.099307350222791,-8.1741928591546085,2.7502261338775154,0,1.0448185285699685e-15,2.0360298550319431,22.598888291932553,-7.6490691176876728,2.7429152424484258,-0.001349477165239242,0.11580679744151536,2.0462858075728891,22.598888291932553,-7.6351096267291627,2.7429152424484258,-0.0013494771652392545,1,1.8307835762794629,1.7616246212198707,1,1,1
1786521337.280041,1,1,0.99097259234428381,1.1322549148759391,0.1340646158479184,4,0,1,0,-0.0060723237005596824,-0.59018771719255581,-1.7760645040876866,-1.9111302784418192,-1.4075037871508089,1.2988911128006388,-0.095081226681686046,-0.0078344081910003485,0,-0.043445354513729204,0,0,0.47787577122525454,1.9115030849010182,22.541538896304004,-7.1740563210933397,2.8134497231620559,-0.063223589284540582,-6.0181521495828588e-16,2.048063784289138,22.593607925496695,-7.6453434833299214,2.7427176052724289,-0.0016013598690225186,0.11409747201802259,2.0574650741183391,22.593607925496695,-7.6301376092501165,2.7427176052724289,-0.001601359869022545,1,1.8307835762794629,1.7616246212198707,1,1,1
1786521337.3013101,1,1,0.99097259234428381,1.1322549148759391,0.1340646158479184,4,0,1,0,-0.0079826803438888001,-0.59036475148521705,-1.7760640294649181,-1.9120391810435522,-1.4075037871508089,1.2988911128006388,-0.088671256343594851,-0.0096149555071367906,-0.00035610946322728857,-0.046650339682774801,0,0,0,1.9115030849010182,22.368438341639553,-7.5394908253849575,2.6806801856645208,0.037934153570724355,1.75598400295289e-16,2.0602874473636299,22.58830345927349,-7.6416472234827024,2.7425941470582025,-0.0018636736078183863,0.10640550761231404,2.0718253939721945,22.588588346844073,-7.6253196045937308,2.7425941470582025,-0.0018636736078183613,1,1.8307835762794629,1.7616246212198707,1,1,1
1786521337.321362,1,1,0.99097259234428381,1.1322549148759391,0.1340646158479184,4,0,1,0,-0.0097425815695942313,-0.59059351965964801,-1.7760654533332236,-1.9130681632057229,-1.4075023632825034,1.2988911128006388,-0.081549067079049076,-0.0124638312129551,0,-0.051635872167956842,0.00071221892645457715,0,0,2.0707950086427696,22.830039820744755,-7.7125913800494077,2.6490683910222503,-0.10115774285526494,1.0088365689706058e-15,2.0755564487869558,22.581970739799026,-7.6373709527181042,2.7426775840750062,-0.0022056669001916944,0.097858880494859996,2.0905130462425019,22.581970739799026,-7.6192983974593194,2.7425493846682443,-0.002205666900191694,1,1.8307835762794629,1.7616246212198707,1,1,1
1786521337.3430715,1,1,0.99097259234428381,1.1322549148759391,0.1340646158479184,4,0,1,0,-0.011450274290761477,-0.59091341540563658,-1.7760673518242978,-1.914189696807757,-1.4074995155458923,1.2988911128006388,-0.076563534593867041,-0.017093254234909851,0,-0.050923653241502262,0,0,-0.11946894280631364,2.2300869323845212,22.830039820744755,-7.7125913800494077,2.7818379285197858,0.069545948212994646,3.9359588179833926e-16,2.0958371846885822,22.574176736769687,-7.6324812750065689,2.7433701740291534,-0.0026988269588890429,0.091876241512640885,2.1163490897704738,22.574176736769687,-7.6146579963720429,2.7433701740291534,-0.0026988269588890668,1,1.8307835762794629,1.7616246212198707,1,1,1
1786521337.3642497,1,1,0.99097259234428381,1.1322549148759391,0.1340646158479184,4,0,1,0,-0.012942962897785099,-0.59135196684375735,-1.7760664025787607,-1.9152936693673555,-1.4075009394141977,1.2988911128006388,-0.069797454792548563,-0.026352100278819353,0,-0.052348091094411422,0,0,0.15929192374175152,2.5486707798680244,22.272271366825972,-7.5394908253849575,2.7502261338775154,0.069545948212994646,1.3026401111211269e-15,2.1222817710434603,22.564837684267665,-7.6272746130510711,2.7451586871068723,-0.0034045369314723486,0.083756945751059603,2.1539042913780433,22.564837684267665,-7.6089527811680275,2.7451586871068723,-0.0034045369314723573,1,1.8307835762794629,1.7616246212198707,1,1,1
1786521337.3854167,1,1,0.99097259234428381,1.1322549148759391,0.1340646158479184,4,0,1,0,-0.014432803768197545,-0.59206152788270816,-1.7760673518242978,-1.9163506542728694,-1.4074999901686609,1.2988906381778702,-0.0687291264028667,-0.037391493638865299,0,-0.051279762704729552,0.00071221892645457715,0,0.31858384748350305,2.5486707798680244,22.464605316453138,-7.3471568757577899,2.7502261338775154,-0.063223589284540582,1.2675102666667021e-15,2.1625590712866769,22.552209378243326,-7.6213833789919052,2.7493446580011547,-0.0045726047668906301,0.082474951683441364,2.2074288636533153,22.552209378243326,-7.6034354620452502,2.7492164585943928,-0.0045726047668906422,1,1.8307835762794629,1.7616246212198707,1,1,1
1786521337.4070108,1,1,0.99097259234428381,1.1322549148759391,0.1340646158479184,4,0,1,0,-0.015869486888534748,-0.59295714104692232,-1.7760683010698348,-1.9173696693569011,-1.407495718563744,1.2988901635551018,-0.065168031770593812,-0.044513682903411074,0.00035610946322728857,-0.044157573440183784,0.00035610946322728857,-0.00035610946322728857,0.47787577122525454,2.5486707798680244,22.176104392012387,-7.8087583548629915,2.7818379285197858,-0.16438133213980552,9.7167384544277063e-16,2.2123220468271612,22.537319942768349,-7.6150304757647476,2.7551915266141149,-0.0060602291413199925,0.078201638124713466,2.2657384663112543,22.537035055197766,-7.599575325060683,2.7551274269107342,-0.0059961294379390715,1,1.8307835762794629,1.7616246212198707,1,1,1
1786521337.4282773,1,1,0.99097259234428381,1.1322549148759391,0.1340646158479184,4,0,1,0,-0.017256334618176408,-0.59399656491000075,-1.7760692503153719,-1.9182377544005407,-1.4074961931865126,1.2988901635551018,-0.063743593917684652,-0.051279762704729552,0.00035610946322728857,-0.037747603102092589,0,-0.00035610946322728857,0.47787577122525454,2.3893788561262728,22.733872845931174,-7.4433238505713737,2.6111342374515263,0.037934153570724355,8.0656679523217339e-16,2.2690773790053762,22.521005650881555,-7.608756199371439,2.762568476280324,-0.0078052475785058808,0.076492312701222462,2.3306130942510519,22.520720763310973,-7.595544538285707,2.762568476280324,-0.0077411478751249572,1,1.8307835762794629,1.7616246212198707,1,1,1
1786521337.4494579,1,1,0.99097259234428381,1.1322549148759391,0.1340646158479184,4,0,1,0,-0.018526899769528468,-0.5951532205969059,-1.7760683010698348,-1.9189463661939543,-1.4074999901686609,1.2988911128006388,-0.060182499285411771,-0.060894718211866344,0,-0.032762070616910548,0,0,0,2.7079627036097755,22.830039820744755,-7.5394908253849575,2.8134497231620559,-0.031611794642270291,4.9493829173963277e-16,2.331430783182423,22.503617042791685,-7.6026645396880843,2.7712720288568558,-0.0097653467173717881,0.072218999142494564,2.4045044450366628,22.503617042791685,-7.5911978149721655,2.7712720288568558,-0.0097653467173717812,1,1.8307835762794629,1.7616246212198707,1,1,1
1786521337.4706271,1,1,0.99097259234428381,1.1322549148759391,0.1340646158479184,4,0,1,0,-0.019785599351667304,-0.59656000248282581,-1.7760687756926035,-1.9196350438310898,-1.4075018886597348,1.2988915874234073,-0.056265295189911593,-0.068373016939639403,0,-0.02991319491109224,0,0,-0.11946894280631364,2.7079627036097755,22.637705871117589,-7.6356578001985413,2.8513838767327804,0.037934153570724355,5.2687990418059244e-16,2.4066433508496177,22.483042661033632,-7.5958486867240502,2.7821439178544654,-0.012151421445583701,0.067518354227894359,2.488690971177185,22.483042661033632,-7.5853790685051683,2.7821439178544654,-0.012151421445583677,1,1.8307835762794629,1.7616246212198707,1,1,1
1786521337.4917285,1,1,0.99097259234428381,1.1322549148759391,0.1340646158479184,4,0,1,0,-0.020917100031840375,-0.59802231523266358,-1.7760697249381405,-1.9202439848431125,-1.4075009394141977,1.2988915874234073,-0.053060310020865996,-0.074070768351276017,0,-0.02706431920527393,0.00035610946322728857,0.00035610946322728857,-0.11946894280631364,2.8672546273515271,22.464605316453138,-7.8087583548629915,2.8829956713750509,0.037934153570724355,2.0101447091060154e-16,2.4844363271308967,22.461988536127574,-7.5891191947114089,2.7936194701808477,-0.0146330641127681,0.06367237202503942,2.5733212491524275,22.461988536127574,-7.579646682989563,2.7935553704774669,-0.014697163816149014,1,1.8307835762794629,1.7616246212198707,1,1,1
1786521337.512954,1,1,0.99097259234428381,1.1322549148759391,0.1340646158479184,4,0,1,0,-0.022021547214207297,-0.59969108888681144,-1.7760701995609089,-1.9207546789420498,-1.4075009394141977,1.2988915874234073,-0.049499215388593108,-0.077631862983548905,0,-0.023147115109773755,-0.00035610946322728857,0,0,2.5486707798680244,22.176104392012387,-7.6356578001985413,2.5795224428092558,-0.063223589284540582,-1.1337908693495602e-15,2.5726083812929228,22.438495401284964,-7.5820677933828877,2.8070518852403632,-0.017474565888657964,0.05939905846631062,2.6657666168731811,22.438495401284964,-7.5739663030944673,2.8071159849437439,-0.017474565888657978,1,1.8307835762794629,1.7616246212198707,1,1,1
1786521337.5340455,1,1,0.99097259234428381,1.1322549148759391,0.1340646158479184,4,0,1,0,-0.022983607566015526,-0.60129626308997641,-1.7760706741836776,-1.9212425911480975,-1.4075014140369664,1.2988920620461759,-0.046294230219547511,-0.080480738689367212,-0.00035610946322728857,-0.022791005646546469,0,0.00035610946322728857,-0.11946894280631364,2.5486707798680244,22.541538896304004,-7.7125913800494077,2.8513838767327804,0.069545948212994646,5.2747452130956496e-16,2.6574184781083088,22.415831824809249,-7.5752783208287751,2.8199742309740947,-0.020209047182653584,0.055553076263457457,2.7539953645355499,22.416116712379832,-7.5673014688524836,2.8199742309740947,-0.020273146886034505,1,1.8307835762794629,1.7616246212198707,1,1,1
1786521337.5554025,1,1,0.99097259234428381,1.1322549148759391,0.1340646158479184,4,0,1,0,-0.023961805091953739,-0.60310315196976616,-1.7760706741836776,-1.9216858888139037,-1.4075018886597348,1.2988915874234073,-0.044869792366638357,-0.087959037417140271,0,-0.020654348867182738,0.00035610946322728857,0,0,3.3451303985767815,22.272271366825972,-7.6356578001985413,2.8513838767327804,0.037934153570724355,4.8650861984855798e-16,2.7525303644176211,22.390594611784021,-7.5679839865983114,2.8347081907641418,-0.023290831852432015,0.053843750839966474,2.8580812093181889,22.390594611784021,-7.5607549644947971,2.8346440910607611,-0.023290831852432026,1,1.8307835762794629,1.7616246212198707,1,1,1
1786521337.5764048,1,1,0.99097259234428381,1.1322549148759391,0.1340646158479184,4,0,1,0,-0.024924814689299024,-0.60512789270031075,-1.7760744711658258,-1.922118744778802,-1.4074999901686609,1.2988915874234073,-0.044869792366638357,-0.09686177399782249,-0.00035610946322728857,-0.019586020477500871,0.00035610946322728857,0.00035610946322728857,-0.27876086654806514,2.7079627036097755,22.272271366825972,-7.5394908253849575,2.8513838767327804,0.107480101783719,-6.7301172230679884e-16,2.85881854653696,22.362503295894697,-7.5600145913134593,2.8512830890703222,-0.026739669175922545,0.053843750839965364,2.9750526753343469,22.36278818346528,-7.5531594841463336,2.8512189893669415,-0.026803768879303431,1,1.8307835762794629,1.7616246212198707,1,1,1
1786521337.5979035,1,1,0.99097259234428381,1.1322549148759391,0.1340646158479184,4,0,1,0,-0.02586978862144021,-0.60725088034394092,-1.776077318902437,-1.922553973857543,-1.4075004647914293,1.2988911128006388,-0.044513682903411074,-0.099710649703640797,0,-0.020298239403955448,0,0,0,3.0265465510932787,22.637705871117589,-7.7125913800494077,2.9841534142303154,0,-4.3825315284348049e-16,2.9702361840055174,22.332963014662525,-7.5516929873387157,2.8687033242126985,-0.030359311132020093,0.053416419484092842,3.0898889636498863,22.332963014662525,-7.5445886035473313,2.8687033242126985,-0.030359311132020117,1,1.8307835762794629,1.7616246212198707,1,1,1
1786521337.6193423,2,1,0.99097259234428381,1.1322549148759391,0.1340646158479184,4,0,1,0,-0.026756383953052333,-0.60932877882456071,-1.7760758950341313,-1.9230181549251644,-1.4075071095101888,1.2988920620461759,-0.044157573440183784,-0.10505229165205013,0,-0.022434896183319179,-0.00035610946322728857,0,0.31858384748350305,3.5044223223185331,22.272271366825972,-7.1740563210933397,2.9525416195880454,-0.10115774285526494,-1.0842021724855044e-18,3.0795359797004167,22.303690593527364,-7.5433796439077234,2.8857336361077479,-0.033913808472674764,0.052989088128220542,3.2157033129869772,22.303690593527364,-7.5355274302435618,2.8857977358111286,-0.033913808472674778,1,1.8307835762794629,1.7616246212198707,1,1,1
1786521337.6406479,2,1,0.99097259234428381,1.1322549148759391,0.1340646158479184,4,0,1,0,-0.027744073934361128,-0.61169002709799236,-1.776077318902437,-1.9234491123989887,-1.4075056856418831,1.2988920620461759,-0.046650339682774801,-0.11181837145336861,-0.00035610946322728857,-0.018517692087819004,0,0,-0.27876086654806514,3.1858384748350304,22.003003837347936,-7.4433238505713737,2.8513838767327804,0.069545948212994646,3.5950619380314269e-16,3.2032760898869466,22.270751020351135,-7.5342281540794076,2.9051866893094949,-0.037944408903602928,0.055980407619330201,3.3610948785377261,22.271035907921718,-7.5277469618486705,2.9051866893094949,-0.0379444089036029,1,1.8307835762794629,1.7616246212198707,1,1,1
1786521337.6619411,2,1,0.99097259234428381,1.1322549148759391,0.1340646158479184,4,0,1,0,-0.028753121940253722,-0.61407168415047075,-1.7760801666390482,-1.9237742289954312,-1.4075028379052719,1.2988920620461759,-0.047006449146002091,-0.11003782413723216,0,-0.0124638312129551,0,0.00035610946322728857,-0.11946894280631364,3.5044223223185331,22.003003837347936,-7.5394908253849575,2.9146074660173209,-0.20231548571052987,1.0243847057504057e-16,3.3276612151301013,22.237800827469993,-7.5253445008634028,2.9249724245642765,-0.042010745474269522,0.056407738975202508,3.4797822523692439,22.237800827469993,-7.5209821599388684,2.9249724245642765,-0.042074845177650443,1,1.8307835762794629,1.7616246212198707,1,1,1
1786521337.6830022,2,1,0.99097259234428381,1.1322549148759391,0.1340646158479184,4,0,1,0,-0.029712334555450779,-0.61632234531883512,-1.7760787427707425,-1.9239897077323431,-1.4075037871508089,1.2988920620461759,-0.048074777535683955,-0.1121744809165959,0,-0.0092588460439095022,0,0,0,3.6637142460602847,22.272271366825972,-7.4433238505713737,3.0157652088725859,-0.031611794642270291,-1.6914400923721123e-16,3.4449588808872722,22.206771383210995,-7.5172276123883028,2.9438689121318626,-0.045866106733476991,0.057689733042820518,3.6039172198203788,22.206771383210995,-7.5139870162729343,2.9438689121318626,-0.045866106733476963,1,1.8307835762794629,1.7616246212198707,1,1,1
1786521337.7042968,2,1,0.99097259234428381,1.1322549148759391,0.1340646158479184,4,0,1,0,-0.030759352382825692,-0.61888483364612312,-1.7760806412618166,-1.9241610465517822,-1.4075028379052719,1.2988925366689443,-0.048430886998911245,-0.12143332696050541,-0.00035610946322728857,-0.0067660798013184824,0,0.00035610946322728857,0.63716769496700609,3.6637142460602847,22.176104392012387,-7.250989900944206,3.0157652088725859,-0.063223589284540582,-8.8406522770825835e-17,3.5781626461176197,22.171623380309384,-7.5082091980756793,2.9654613974514477,-0.050251722392752551,0.058117064398693491,3.7667492923912369,22.171908267879967,-7.5058410701452178,2.9654613974514477,-0.050315822096133465,1,1.8307835762794629,1.7616246212198707,1,1,1
1786521337.7257423,2,1,0.99097259234428381,1.1322549148759391,0.1340646158479184,4,0,1,0,-0.031783588317311214,-0.62144542348233689,-1.7760839636211962,-1.9242635650697844,-1.4075018886597348,1.2988920620461759,-0.046650339682774801,-0.11573557554886878,0,-0.0035610946322728858,-0.00035610946322728857,0,-0.27876086654806514,3.9424751126083497,22.464605316453138,-7.7125913800494077,2.9525416195880454,-0.031611794642270291,-6.8665572902117111e-17,3.7109793075033011,22.136614731105634,-7.4993953682951133,2.9871292082660794,-0.054632476416059762,0.055980407619329757,3.8813331492596803,22.136614731105634,-7.4981489851738177,2.9871933079694601,-0.054632476416059783,1,1.8307835762794629,1.7616246212198707,1,1,1
1786521337.7466905,2,1,0.99097259234428381,1.1322549148759391,0.1340646158479184,4,0,1,0,-0.032711950452553887,-0.62384369233171377,-1.7760796920162796,-1.9243409285810547,-1.4075037871508089,1.298893011291713,-0.045225901829865647,-0.11894056071791438,0.00035610946322728857,-0.0042733135587274627,0,0,-0.11946894280631364,3.7831831888665985,22.272271366825972,-7.8087583548629915,2.9841534142303154,-0.031611794642270291,3.1977357231333797e-16,3.8354176272719362,22.103628141226274,-7.4911423416666096,3.0075136155437021,-0.058752505263851042,0.054271082195838996,4.0160274215692624,22.103343253655691,-7.4896466819210552,3.0075136155437021,-0.058752505263851063,1,1.8307835762794629,1.7616246212198707,1,1,1
1786521337.7677221,2,1,0.99097259234428381,1.1322549148759391,0.1340646158479184,4,0,1,0,-0.033661195989611835,-0.62637105857413056,-1.7760839636211962,-1.9244296830387695,-1.4075028379052719,1.298893011291713,-0.04273313558727463,-0.11288669984305047,-0.00035610946322728857,-0.003204985169045597,0.00035610946322728857,0.00035610946322728857,0,3.7831831888665985,22.176104392012387,-7.5394908253849575,2.9146074660173209,-0.031611794642270291,8.2474581634614519e-16,3.9664072101996726,22.068845496525746,-7.4823976068807738,3.028877609544419,-0.063075248631942804,0.05127976270473044,4.1276446496974337,22.069130384096329,-7.481275862071608,3.0288135098410383,-0.063139348335323711,1,1.8307835762794629,1.7616246212198707,1,1,1
1786521337.7887971,2,1,0.99097259234428381,1.1322549148759391,0.1340646158479184,4,0,1,0,-0.034464257713962859,-0.62864829861753257,-1.7760834889984278,-1.9244747722017799,-1.407504736396346,1.298893011291713,-0.036323165249183435,-0.11181837145336861,0,-0.0017805473161364429,-0.00035610946322728857,0,0.47787577122525454,4.2610589600918525,22.079937417198803,-7.1740563210933397,3.123245310656305,-0.031611794642270291,5.6845905749541153e-16,4.0843691986960344,22.037423515048992,-7.4745905796662653,3.0482202596506234,-0.06698027341773341,0.043587798299020784,4.2421879873468127,22.037423515048992,-7.4739673881056179,3.0482843593540041,-0.066980273417733438,1,1.8307835762794629,1.7616246212198707,1,1,1
1786521337.8102083,2,1,0.99097259234428381,1.1322549148759391,0.1340646158479184,4,0,1,0,-0.035207042346710703,-0.63107646870132683,-1.7760844382439649,-1.9245160643826418,-1.4075037871508089,1.298893011291713,-0.032405961153683258,-0.11146226199014132,0,-0.0017805473161364429,0,0,0.63716769496700609,4.5796428075753557,21.637569333056319,-7.1740563210933397,3.0853111570855805,-0.20231548571052987,2.890313585256904e-16,4.2100532194280191,22.003861594024901,-7.4662471114912439,3.0688163269669415,-0.071139685422379931,0.038887153384420128,4.3667324577964708,22.003861594024901,-7.4656239199305965,3.0688163269669415,-0.071139685422379917,1,1.8307835762794629,1.7616246212198707,1,1,1
1786521337.8314509,2,1,0.99097259234428381,1.1322549148759391,0.1340646158479184,4,0,1,0,-0.035884329037401547,-0.63340449338096139,-1.7760858621122704,-1.9245502372219758,-1.4075028379052719,1.298893011291713,-0.030625413837546817,-0.10327174433591368,0,-0.0014244378529091543,0,0,0.95575154245050908,4.2610589600918525,22.079937417198803,-8.0010923044901592,3.0157652088725859,0.037934153570724355,-1.1836607811521044e-16,4.3305016346661613,21.971586910149362,-7.4582273508170989,3.0885512363020435,-0.0751264623160528,0.036750496605055957,4.4609712165410862,21.971586910149362,-7.4577287975685804,3.0885512363020435,-0.0751264623160528,1,1.8307835762794629,1.7616246212198707,1,1,1
1786521337.852612,2,1,0.99097259234428381,1.1322549148759391,0.1340646158479184,4,0,1,0,-0.03649564316326686,-0.63546340695084014,-1.7760868113578074,-1.9245796638336248,-1.4075042617735776,1.298893011291713,-0.029200975984637664,-0.10006675916686809,0,-0.0017805473161364429,0,0,-0.11946894280631364,4.8982266550588589,21.637569333056319,-7.1740563210933397,3.123245310656305,-0.10115774285526494,-6.3627759745027435e-16,4.4370277633782695,21.942920412046142,-7.4511069491147808,3.1060034850001665,-0.078653989848387049,0.03504117118156453,4.5572413927122479,21.942920412046142,-7.4504837575541334,3.1060034850001665,-0.078653989848387063,1,1.8307835762794629,1.7616246212198707,1,1,1
1786521337.8736396,1,1,0.99097259234428381,1.1322549148759391,0.1340646158479184,4,0,1,0,-0.037111228894048942,-0.63758402148062754,-1.7760944053221039,-1.9246090904452735,-1.4075071095101888,1.2988925366689443,-0.02742042866850122,-0.096505664534595206,-0.00035610946322728857,-0.00071221892645457715,0,0,-0.27876086654806514,3.6637142460602847,22.272271366825972,-7.0778893462797559,3.123245310656305,-0.063223589284540582,7.0960862782586814e-16,4.5466398170665911,21.913379826933493,-7.4437686000472567,3.1239152989284182,-0.082275667186652676,0.032904514402202129,4.6624466145081049,21.913664714504076,-7.4435193234229979,3.1239152989284182,-0.08227566718665269,1,1.8307835762794629,1.7616246212198707,1,1,1
1786521337.8949354,1,1,0.99097259234428381,1.1322549148759391,0.1340646158479184,4,0,1,0,-0.037667961401533424,-0.63945973066185402,-1.7761001007953263,-1.9246233291283295,-1.4075066348874201,1.2988915874234073,-0.025639881352364776,-0.088671256343594851,0,-0.00071221892645457715,0.00035610946322728857,-0.00035610946322728857,0,4.2610589600918525,21.175967853951118,-7.6356578001985413,3.123245310656305,-0.063223589284540582,-5.6858780650339419e-16,4.6435171074457493,21.887224971842027,-7.4372824429617816,3.1397651208090642,-0.08547831186333614,0.030767857622837062,4.749922615058062,21.887224971842027,-7.4370331663375229,3.1397010211056835,-0.085414212159955247,1,1.8307835762794629,1.7616246212198707,1,1,1
1786521337.9164298,1,1,0.99097259234428381,1.1322549148759391,0.1340646158479184,4,0,1,0,-0.038168213799562964,-0.64130601323143177,-1.7760972530587151,-1.9246627228181172,-1.4075061602646517,1.2988915874234073,-0.020654348867182738,-0.08475405224809468,0.00035610946322728857,-0.0028488757058183086,0,0.00035610946322728857,-0.27876086654806514,4.7389347313171077,21.714502912907186,-7.1740563210933397,3.1548571052985754,-0.16438133213980552,6.633707933011504e-16,4.7390748114969039,21.861189628242496,-7.4307550840118246,3.1553828989337638,-0.08864542638011208,0.024785218640619951,4.8407796741946187,21.860904740671913,-7.4297579775147886,3.1553828989337638,-0.088709526083492987,1,1.8307835762794629,1.7616246212198707,1,1,1
1786521337.93748,1,1,0.99097259234428381,1.1322549148759391,0.1340646158479184,4,0,1,0,-0.038548386637154673,-0.64308110238573013,-1.7760986769270208,-1.9247367639700077,-1.4075056856418831,1.2988911128006388,-0.01495659745554612,-0.079056300836458065,0,-0.0039172040955001743,0,0,-0.11946894280631364,4.7389347313171077,22.003003837347936,-6.981722371466172,3.123245310656305,-0.063223589284540582,1.5179677447744316e-16,4.8310085002090339,21.836009759641776,-7.4243442030805005,3.1702887468575827,-0.091680872389229687,0.017947916946655564,4.925876061212783,21.836009759641776,-7.422973181647075,3.1702887468575827,-0.091680872389229673,1,1.8307835762794629,1.7616246212198707,1,1,1
1786521337.9588606,1,1,0.99097259234428381,1.1322549148759391,0.1340646158479184,4,0,1,0,-0.03877478169774299,-0.64458755505304111,-1.7761001007953263,-1.9247842262468606,-1.4075056856418831,1.2988920620461759,-0.0081905176542276369,-0.068373016939639403,0,-0.0010683283896818657,0,0,0,5.0575185788006101,22.003003837347936,-7.6356578001985413,3.0157652088725859,-0.063223589284540582,4.3511066060916703e-16,4.9089623026107754,21.814639533993759,-7.4189405053710544,3.1829588264109927,-0.094259324059051644,0.0098286211850736084,4.9910099229383427,21.814639533993759,-7.4185665904346658,3.1829588264109927,-0.09425932405905163,1,1.8307835762794629,1.7616246212198707,1,1,1
1786521337.9800789,1,1,0.99097259234428381,1.1322549148759391,0.1340646158479184,4,0,1,0,-0.038888216539421414,-0.645953044758099,-1.776100575418095,-1.924804160403139,-1.4075075841329572,1.2988920620461759,-0.0035610946322728858,-0.059826389822184481,-0.00035610946322728857,-0.00071221892645457715,0,0,-0.11946894280631364,4.7389347313171077,22.003003837347936,-6.981722371466172,3.22440305351157,-0.13276953749753523,1.2541169817047171e-17,4.9795516144024958,21.795285155783812,-7.4141088533263293,3.1944914511588265,-0.096598383763560239,0.0042733135587274627,5.0513432821891167,21.795570043354395,-7.4138595767020705,3.1944914511588265,-0.096598383763560225,1,1.8307835762794629,1.7616246212198707,1,1,1
1786521338.0011582,1,1,0.99097259234428381,1.1322549148759391,0.1340646158479184,4,0,1,0,-0.038938526552885488,-0.64710400497178167,-1.776101524663632,-1.9248245691821857,-1.4075071095101888,1.2988920620461759,-0.0017805473161364429,-0.053772528947320576,0,-0.00071221892645457715,0,0,-0.43805279028981664,4.8982266550588589,21.810669887720771,-7.8087583548629915,3.22440305351157,-0.13276953749753523,5.2536202113911273e-16,5.0390305166072551,21.778951925016774,-7.4100113541689074,3.2041888906331142,-0.098567476214033375,0.0021366567793641754,5.1035575513440392,21.778951925016774,-7.4097620775446487,3.2041888906331142,-0.098567476214033389,1,1.8307835762794629,1.7616246212198707,1,1,1
1786521338.0219998,1,1,0.99097259234428381,1.1322549148759391,0.1340646158479184,4,0,1,0,-0.038973648637756632,-0.64817855091973131,-1.7761072201368542,-1.9248316885237136,-1.4075075841329572,1.2988920620461759,-0.0014244378529091543,-0.046294230219547511,-0.00035610946322728857,-0.00071221892645457715,0,0,0,5.2168105025423621,21.44523538342915,-7.1740563210933397,3.0157652088725859,-0.16438133213980552,4.8445202385262454e-16,5.0944474138552129,21.76378180799437,-7.4062370835144451,3.213222506568651,-0.10039849142285852,0.0017093254234914292,5.1500004901186696,21.764066695564953,-7.4059878068901863,3.213222506568651,-0.1003984914228585,1,1.8307835762794629,1.7616246212198707,1,1,1
1786521338.043154,1,1,0.99097259234428381,1.1322549148759391,0.1340646158479184,4,0,1,0,-0.0390059229860166,-0.64904521209506516,-1.7761086440051599,-1.9248397571107785,-1.4075080587557258,1.2988920620461759,-0.0021366567793637313,-0.039172040955001743,0.00035610946322728857,-0.00071221892645457715,-0.00035610946322728857,0.00035610946322728857,0.31858384748350305,5.0575185788006101,21.252901433801984,-7.250989900944206,3.1864688999408455,-0.13276953749753523,-3.2207580786397516e-16,5.1391939721558977,21.75147353100612,-7.40316777687653,3.2205288321050682,-0.10188058799293762,0.0025639881352362555,5.1862004213018986,21.751188643435537,-7.4029185002522713,3.220592931808449,-0.1019446876963185,1,1.8307835762794629,1.7616246212198707,1,1,1
1786521338.0643575,1,1,0.99097259234428381,1.1322549148759391,0.1340646158479184,4,0,1,0,-0.039061453849934494,-0.64980033691979477,-1.7761091186279283,-1.9248501988116862,-1.4075099572467999,1.2988920620461759,-0.003204985169045597,-0.032405961153683258,0,-0.00035610946322728857,-0.00035610946322728857,0.00035610946322728857,-0.43805279028981664,4.7389347313171077,21.906836862534352,-7.8087583548629915,3.25601484815384,-0.063223589284540582,3.7286729151313203e-16,5.1782158310005659,21.740698742412604,-7.4004770582461177,3.2268988844186564,-0.1031739725165482,0.0038459822028551601,5.2171029843849865,21.740698742412604,-7.4003524199339878,3.2269629841220371,-0.1032380722199291,1,1.8307835762794629,1.7616246212198707,1,1,1
1786521338.085624,1,1,0.99097259234428381,1.1322549148759391,0.1340646158479184,4,0,1,0,-0.039141665097815886,-0.65041829576441956,-1.7761095932506969,-1.9248577927759827,-1.4075113811151054,1.2988915874234073,-0.0046294230219547511,-0.024927662425910199,0,-0.00035610946322728857,0,0,0.31858384748350305,5.2168105025423621,21.810669887720771,-8.1741928591546085,3.22440305351157,-0.13276953749753523,-5.1356285218386033e-16,5.2101403138531399,21.731878594567867,-7.3982753385836624,3.2321106573827501,-0.10423143099712956,0.0055553076263452567,5.240053508764233,21.731878594567867,-7.3981507002715325,3.2321106573827501,-0.10423143099712956,1,1.8307835762794629,1.7616246212198707,1,1,1
1786521338.1070917,1,1,0.99097259234428381,1.1322549148759391,0.1340646158479184,4,0,1,0,-0.039267440131476067,-0.65085162635208649,-1.7761100678734654,-1.9248649121175105,-1.4075118557378741,1.2988906381778702,-0.0078344081910003485,-0.018161582624591718,0.00035610946322728857,-0.00071221892645457715,0,0,0.15929192374175152,5.3761024262841133,21.252901433801984,-7.4433238505713737,3.25601484815384,-0.13276953749753523,1.1987210269542858e-17,5.2325245361788895,21.725689503729008,-7.3967230843606302,3.2357578862510432,-0.10497132074010691,0.0094012898292004186,5.2543184353283987,21.725404616158425,-7.3964738077363714,3.2357578862510432,-0.1049713207401069,1,1.8307835762794629,1.7616246212198707,1,1,1
1786521338.1285305,1,1,0.99097259234428381,1.1322549148759391,0.1340646158479184,4,0,1,0,-0.039490512832684684,-0.65115965652886176,-1.7761072201368542,-1.9248805746688722,-1.4075151780972537,1.2988906381778702,-0.013176050139409676,-0.011751612286500523,0,-0.00071221892645457715,-0.00035610946322728857,0,0.63716769496700609,5.2168105025423621,21.714502912907186,-6.7893884218390053,3.25601484815384,-0.063223589284540582,-1.0928757898653885e-16,5.2485503079819766,21.721174015510051,-7.3955760923519849,3.2383698726528154,-0.10550520440843059,0.015811260167291612,5.2626522427257774,21.721174015510051,-7.3953268157277261,3.2384339723561961,-0.10550520440843059,1,1.8307835762794629,1.7616246212198707,1,1,1
1786521338.1516864,1,1,0.99097259234428381,1.1322549148759391,0.1340646158479184,4,0,1,0,-0.039911977851138411,-0.65136469356486626,-1.7761062708913171,-1.924895762597465,-1.4075189750794019,1.2988906381778702,-0.021722677256864602,-0.0060538608748639056,0.00035610946322728857,-0.00071221892645457715,0,0,0.31858384748350305,5.5353943500258653,21.714502912907186,-7.1740563210933397,3.25601484815384,0.037934153570724355,-3.5088848059777744e-16,5.2592361689486342,21.718148334282887,-7.3948018429518392,3.2400978542077521,-0.10585974198006513,0.026067212708237076,5.2665008019984718,21.717863446712304,-7.3945525663275804,3.2400978542077521,-0.10585974198006515,1,1.8307835762794629,1.7616246212198707,1,1,1
1786521338.1726706,1,1,0.99097259234428381,1.1322549148759391,0.1340646158479184,4,0,1,0,-0.040471558095234068,-0.65141927518324716,-1.7761076947596228,-1.924905729675604,-1.4075194497021706,1.2988901635551018,-0.032405961153683258,0.00035610946322728857,0,-0.00071221892645457715,0,0,-0.43805279028981664,5.3761024262841133,21.714502912907186,-6.981722371466172,3.1864688999408455,-0.16438133213980552,2.8940066489069327e-16,5.2620736092452933,21.717349552964798,-7.3945801024538254,3.2405309341875022,-0.10594994734146554,0.038887153384420128,5.2616462778894215,21.717349552964798,-7.3943308258295666,3.2405309341875022,-0.10594994734146551,1,1.8307835762794629,1.7616246212198707,1,1,1
1786521338.1927021,1,1,0.99097259234428381,1.1322549148759391,0.1340646158479184,4,0,1,0,-0.041269873591899806,-0.65141405433279331,-1.7761076947596228,-1.9249190191131229,-1.4075194497021706,1.2988896889323331,-0.045582011293092937,0,-0.00035610946322728857,-0.00071221892645457715,0,-0.00035610946322728857,0.15929192374175152,5.3761024262841133,21.714502912907186,-7.250989900944206,3.2876266427961105,-0.23392728035280017,-6.2067186243006112e-17,5.2618545081902708,21.717373987369136,-7.3945524534619862,3.2404631049281987,-0.10593975539256199,0.054698413551711525,5.2618545081902708,21.717658874939719,-7.3943031768377274,3.2404631049281987,-0.1058756556891811,1,1.8307835762794629,1.7616246212198707,1,1,1
1786521338.2141604,1,1,0.99097259234428381,1.1322549148759391,0.1340646158479184,4,0,1,0,-0.042368150678275845,-0.65140835885957094,-1.7761091186279283,-1.9249323085506418,-1.4075189750794019,1.2988887396867961,-0.060894718211866344,0.00035610946322728857,0,-0.00035610946322728857,0.00035610946322728857,-0.00035610946322728857,-0.43805279028981664,5.3761024262841133,22.464605316453138,-7.1740563210933397,3.22440305351157,-0.20231548571052987,4.1621843775360712e-16,5.2615852071295031,21.717430496364415,-7.394530662316134,3.2403771777700414,-0.10592526992901272,0.073073661854240052,5.2611578757736295,21.717430496364415,-7.3944060240040042,3.2403130780666607,-0.10586117022563178,1,1.8307835762794629,1.7616246212198707,1,1,1
1786521338.2354157,1,1,0.99097259234428381,1.1322549148759391,0.1340646158479184,4,0,1,0,-0.043850397584391833,-0.65140835885957094,-1.7761086440051599,-1.9249536665752256,-1.4075203989477076,1.2988882650640277,-0.074426877814503314,-0.00035610946322728857,0,-0.0014244378529091543,0,0,0.15929192374175152,4.8982266550588589,22.003003837347936,-8.0010923044901592,3.2876266427961105,-0.16438133213980552,2.9058312288506027e-16,5.261686102641761,21.717330331420161,-7.3944573891403769,3.2403485502720213,-0.10592540002753902,0.089312253377404199,5.2621134339976328,21.717330331420161,-7.3939588358918584,3.2403485502720213,-0.10592540002753903,1,1.8307835762794629,1.7616246212198707,1,1,1
1786521338.2566085,1,1,0.99097259234428381,1.1322549148759391,0.1340646158479184,4,0,1,0,-0.045634029948523711,-0.65141025735064506,-1.7761072201368542,-1.9250020780976156,-1.4075256197981614,1.2988882650640277,-0.089383475270049431,0,0,-0.0028488757058183086,0,-0.00035610946322728857,-0.11946894280631364,5.3761024262841133,22.464605316453138,-7.7125913800494077,3.2876266427961105,-0.30347322856579484,6.1726678998209883e-16,5.2620374247817505,21.717051747474208,-7.3942868998656976,3.2403107226560732,-0.10593246656773607,0.10726017032405998,5.2620374247817514,21.717051747474208,-7.3932897933686617,3.2403107226560732,-0.10586836686435518,1,1.8307835762794629,1.7616246212198707,1,1,1
1786521338.2777133,2,1,0.99097259234428381,1.1322549148759391,0.1340646158479184,4,0,1,0,-0.047606087551761593,-0.65141025735064506,-1.7761057962685487,-1.9250561850932277,-1.4075284675347726,1.2988892143095647,-0.10113508755654996,0,0,-0.0024927662425910197,0,0,-0.11946894280631364,5.0575185788006101,22.079937417198803,-7.1740563210933397,3.25601484815384,-0.031611794642270291,-3.1054938351773864e-16,5.2622931529813517,21.716797899579369,-7.3940991986811859,3.2402385678626349,-0.10593612545471882,0.12363228018095962,5.2622931529813526,21.716797899579369,-7.3932267304962789,3.2402385678626349,-0.10593612545471881,1,1.8307835762794629,1.7616246212198707,1,1,1
1786521338.2991402,2,1,0.99097259234428381,1.1322549148759391,0.1340646158479184,4,0,1,0,-0.049904210996978886,-0.65140646036849681,-1.7761067455140858,-1.9251188352986737,-1.4075284675347726,1.2988887396867961,-0.10861338628432302,0,0,-0.003204985169045597,0,0,0,5.2168105025423621,21.175967853951118,-7.250989900944206,3.22440305351157,-0.30347322856579484,-7.3539400480618355e-17,5.2623235296184401,21.716627057299331,-7.3938985767820453,3.2400877535150512,-0.10592490340595642,0.14756283610983364,5.262323529618441,21.716627057299331,-7.3927768319728795,3.2400877535150512,-0.10592490340595645,1,1.8307835762794629,1.7616246212198707,1,1,1
1786521338.3207216,2,1,0.99097259234428381,1.1322549148759391,0.1340646158479184,4,0,1,0,-0.052319091643254295,-0.65140218876358014,-1.7761062708913171,-1.9251971480554808,-1.407529891403078,1.2988887396867961,-0.11644779447532336,0,0,-0.0035610946322728858,0,0,0.15929192374175152,5.0575185788006101,21.810669887720771,-6.981722371466172,3.3887843856513755,-0.063223589284540582,9.1786523043549395e-16,5.262423798844666,21.716369430068703,-7.3936427363917145,3.2399229494447144,-0.10591634736450564,0.17263294232103563,5.262423798844666,21.716369430068703,-7.3923963532704189,3.2399229494447144,-0.10591634736450567,1,1.8307835762794629,1.7616246212198707,1,1,1
1786521338.340781,2,1,0.99097259234428381,1.1322549148759391,0.1340646158479184,4,0,1,0,-0.054753431823039399,-0.65140076489527454,-1.7761067455140858,-1.925272613075677,-1.4075303660258467,1.2988892143095647,-0.12072110803405083,0,-0.00035610946322728857,-0.0035610946322728858,0.00035610946322728857,0.00035610946322728857,0,5.0575185788006101,21.252901433801984,-6.6162878671745542,3.22440305351157,-0.16438133213980552,1.3762760733577323e-15,5.2626386261089859,21.716103251938083,-7.3933883666014415,3.2397759671399333,-0.10591132475564669,0.18630754570896396,5.2626386261089868,21.716388139508666,-7.3921419834801458,3.2397118674365526,-0.10597542445902759,1,1.8307835762794629,1.7616246212198707,1,1,1
1786521338.3621612,2,1,0.99097259234428381,1.1322549148759391,0.1340646158479184,4,0,1,0,-0.057325887228466439,-0.65139981564973748,-1.7761057962685487,-1.925360418287855,-1.407529891403078,1.2988887396867961,-0.12926773515150575,0,0.00035610946322728857,-0.0049855324851820395,0,0,0.31858384748350305,5.2168105025423621,22.003003837347936,-7.3471568757577899,3.1548571052985754,-0.16438133213980552,4.4437042478855104e-16,5.2629359574718437,21.715772956915373,-7.3930826900230517,3.2396191690985492,-0.10590701322529288,0.21365675248481883,5.2629359574718437,21.71548806934479,-7.3913377536532376,3.2396191690985492,-0.10590701322529289,1,1.8307835762794629,1.7616246212198707,1,1,1
1786521338.3833647,2,1,0.99097259234428381,1.1322549148759391,0.1340646158479184,4,0,1,0,-0.060133755527083839,-0.65139886640420042,-1.776104372400243,-1.9254838202076725,-1.4075303660258467,1.2988887396867961,-0.13247272032055135,0.00035610946322728857,0,-0.0060538608748639056,0,-0.00035610946322728857,0.47787577122525454,5.3761024262841133,21.44523538342915,-7.0778893462797559,3.1864688999408455,0.037934153570724355,7.3691188784766326e-16,5.2633862927215969,21.715290736902187,-7.3926533529064455,3.2394074829594093,-0.10590352923659266,0.22391270502576496,5.2629589613657251,21.715290736902187,-7.3905345016002428,3.2394074829594093,-0.10583942953321178,1,1.8307835762794629,1.7616246212198707,1,1,1
1786521338.4047637,2,1,0.99097259234428381,1.1322549148759391,0.1340646158479184,4,0,1,0,-0.062997154689619139,-0.65139791715866335,-1.7761029485319375,-1.9256205115650087,-1.4075303660258467,1.2988892143095647,-0.13460937709991508,0,0.00035610946322728857,-0.0060538608748639056,0,0,0.47787577122525454,5.3761024262841133,21.906836862534352,-8.0010923044901592,3.22440305351157,-0.063223589284540582,-9.0877826097734982e-16,5.2638842758041866,21.714761192924882,-7.3921769200844007,3.2391709119931669,-0.10590002351586364,0.23075000671972734,5.2638842758041866,21.7144763053543,-7.390058068778198,3.2391709119931669,-0.10590002351586364,1,1.8307835762794629,1.7616246212198707,1,1,1
1786521338.4261644,2,1,0.99097259234428381,1.1322549148759391,0.1340646158479184,4,0,1,0,-0.065890929709340282,-0.65139079781713538,-1.7761034231547062,-1.9257453373531319,-1.4075294167803096,1.2988896889323331,-0.1374582528057334,0.00035610946322728857,0.00035610946322728857,-0.0056977514116366172,0.00035610946322728857,0.00035610946322728857,0.63716769496700609,5.5353943500258653,21.252901433801984,-7.1740563210933397,3.3887843856513755,-0.13276953749753523,7.5490964391092263e-17,5.2639821803888376,21.714400412612349,-7.3917684300629514,3.2388835393569031,-0.1058825676768248,0.23986640897834685,5.2635548490329649,21.714115525041766,-7.3897742170688785,3.2388194396535224,-0.10594666738020571,1,1.8307835762794629,1.7616246212198707,1,1,1
1786521338.4472508,2,1,0.99097259234428381,1.1322549148759391,0.1340646158479184,4,0,1,0,-0.069055239707122948,-0.65138130536176486,-1.7761053216457801,-1.925837888792995,-1.4075284675347726,1.2988892143095647,-0.1435121136805973,0.00035610946322728857,0,-0.0028488757058183086,0,-0.00035610946322728857,0.15929192374175152,5.2168105025423621,22.003003837347936,-7.4433238505713737,3.3887843856513755,-0.30347322856579484,-1.5347559377890119e-16,5.2638112240665897,21.714218640541411,-7.3914853797832905,3.2386203726989815,-0.10585830509792254,0.25923876377791111,5.2633838927107162,21.714218640541411,-7.3904882732862545,3.2386203726989815,-0.10579420539454164,1,1.8307835762794629,1.7616246212198707,1,1,1
1786521338.4683559,2,1,0.99097259234428381,1.1322549148759391,0.1340646158479184,4,0,1,0,-0.071834156016860093,-0.65137466064300542,-1.7761048470230116,-1.9258825033332367,-1.407528942157541,1.2988892143095647,-0.14458044207027915,0,0,-0.0021366567793637313,0,0,0,5.0575185788006101,21.44523538342915,-7.3471568757577899,3.1864688999408455,0.037934153570724355,3.0572129571838913e-16,5.2636509184106863,21.714132038833728,-7.3913529622011156,3.2384913904074817,-0.10584638097167287,0.26265741462489345,5.2636509184106854,21.714132038833728,-7.3906051323283384,3.2384913904074817,-0.10584638097167287,1,1.8307835762794629,1.7616246212198707,1,1,1
1786521338.4897351,2,1,0.99097259234428381,1.1322549148759391,0.1340646158479184,4,0,1,0,-0.074723184808895948,-0.65137418602023689,-1.7761029485319375,-1.9259223716457932,-1.4075284675347726,1.2988892143095647,-0.14066323797477898,0,0.00035610946322728857,-0.0021366567793637313,0.00035610946322728857,0,0.47787577122525454,5.3761024262841133,21.349068408615569,-7.6356578001985413,3.1864688999408455,-0.20231548571052987,2.1740964063765578e-16,5.2638029964783861,21.713963744130432,-7.3912085129884382,3.2384314070473064,-0.10584705816221293,0.2501223615192929,5.2638029964783852,21.713678856559849,-7.390460683115661,3.2383673073439256,-0.1058470581622129,1,1.8307835762794629,1.7616246212198707,1,1,1
1786521338.5107679,2,1,0.99097259234428381,1.1322549148759391,0.1340646158479184,4,0,1,0,-0.077685780130053797,-0.65137513526577395,-1.7761024739091691,-1.9259774278869426,-1.4075294167803096,1.2988901635551018,-0.13852658119541525,0.00035610946322728857,0,-0.0021366567793637313,0,0,0.63716769496700609,5.3761024262841133,21.810669887720771,-7.1740563210933397,3.2876266427961105,0.069545948212994646,6.6087543423853923e-16,5.2640805772821064,21.713723200501992,-7.3910137959842919,3.2383505551118756,-0.10584955201120234,0.24328505982532944,5.2636532459262346,21.713723200501992,-7.3902659661115147,3.2383505551118756,-0.10584955201120233,1,1.8307835762794629,1.7616246212198707,1,1,1
1786521338.5317914,2,1,0.99097259234428381,1.1322549148759391,0.1340646158479184,4,0,1,0,-0.080530669004616459,-0.65137371139746836,-1.7761029485319375,-1.926017296199499,-1.407529891403078,1.2988906381778702,-0.14244378529091542,0.00035610946322728857,-0.00035610946322728857,-0.0014244378529091543,-0.00035610946322728857,0,0,5.0575185788006101,21.714502912907186,-7.250989900944206,3.1864688999408455,-0.063223589284540582,5.8619084521323306e-16,5.2641584802716892,21.713593030163718,-7.3908827518963021,3.2382663281860844,-0.10584587427699814,0.25582011293092999,5.2637311489158156,21.713877917734301,-7.3903841986477836,3.2383304278894651,-0.10584587427699815,1,1.8307835762794629,1.7616246212198707,1,1,1
1786521338.5530319,2,1,0.99097259234428381,1.1322549148759391,0.1340646158479184,4,0,1,0,-0.083608597658526851,-0.65136184582825518,-1.776104372400243,-1.9260576391348239,-1.4075284675347726,1.2988906381778702,-0.14315600421737001,0.00071221892645457715,-0.00035610946322728857,-0.0017805473161364429,0,0,0.31858384748350305,5.3761024262841133,21.44523538342915,-7.0778893462797559,3.1864688999408455,-0.031611794642270291,3.8692465030576439e-17,5.2636677989633727,21.713641098704958,-7.3907869426548185,3.2380776319684892,-0.1058207565680765,0.25809921349558407,5.2628131362516273,21.713925986275541,-7.3901637510941711,3.2380776319684892,-0.10582075656807649,1,1.8307835762794629,1.7616246212198707,1,1,1
1786521338.5741913,2,1,0.99097259234428381,1.1322549148759391,0.1340646158479184,4,0,1,0,-0.086500474187173881,-0.65134475940858805,-1.7761053216457801,-1.9261013044295285,-1.4075294167803096,1.2988906381778702,-0.13995101904832441,0.00035610946322728857,0.00035610946322728857,-0.0017805473161364429,0,0,0.31858384748350305,5.0575185788006101,22.176104392012387,-7.9049253296765754,3.123245310656305,-0.031611794642270291,-5.0037285512921637e-16,5.2629484832695761,21.713723082387048,-7.3907005198322793,3.2378518220924963,-0.10578884166188331,0.24784326095463766,5.2625211519137034,21.713438194816465,-7.3900773282716319,3.2378518220924963,-0.10578884166188329,1,1.8307835762794629,1.7616246212198707,1,1,1
1786521338.5956278,2,1,0.99097259234428381,1.1322549148759391,0.1340646158479184,4,0,1,0,-0.089556570193731949,-0.65134048780367138,-1.7761048470230116,-1.9261221878313439,-1.407528942157541,1.2988906381778702,-0.14101934743800626,0.00071221892645457715,0.00035610946322728857,-0.00071221892645457715,0,0,0.31858384748350305,5.2168105025423621,22.003003837347936,-7.5394908253849575,3.22440305351157,0,4.5868866972893774e-16,5.2628109453466188,21.713701704102316,-7.3906404793843423,3.2377811701548671,-0.10578127999608847,0.2512619118016205,5.2619562826348725,21.713416816531733,-7.3903912027600835,3.2377811701548671,-0.1057812799960885,1,1.8307835762794629,1.7616246212198707,1,1,1
1786521338.6170657,2,1,0.99097259234428381,1.1322549148759391,0.1340646158479184,4,0,1,0,-0.092714710095523734,-0.65133194459383781,-1.7761053216457801,-1.926148292083613,-1.4075251451753927,1.2988896889323331,-0.14885375562900663,0.00035610946322728857,0,-0.0014244378529091543,-0.00035610946322728857,-0.00035610946322728857,0.31858384748350305,5.6946862737676165,21.44523538342915,-7.4433238505713737,3.25601484815384,-0.10115774285526494,1.1179073075226476e-15,5.2624279804263088,21.713765943480247,-7.3905748400254838,3.2376442238737426,-0.10576104653743117,0.27633201801282231,5.2620006490704361,21.713765943480247,-7.3900762867769654,3.2377083235771233,-0.10569694683405027,1,1.8307835762794629,1.7616246212198707,1,1,1
1786521338.6383071,2,1,0.99097259234428381,1.1322549148759391,0.1340646158479184,4,0,1,0,-0.095982013234077179,-0.65133004610276368,-1.7761053216457801,-1.9261734470903451,-1.4075265690436984,1.2988901635551018,-0.15383928811418865,0,0,-0.0010683283896818657,0,0,0.15929192374175152,5.5353943500258653,22.079937417198803,-7.1740563210933397,3.2876266427961105,-0.13276953749753523,-2.2940023903898765e-16,5.2624401763231656,21.713683533427812,-7.3904965878628506,3.2375894622958628,-0.10575849444196574,0.29228572196540348,5.2624401763231665,21.713683533427812,-7.390122672926462,3.2375894622958628,-0.10575849444196572,1,1.8307835762794629,1.7616246212198707,1,1,1
1786521338.6595657,2,1,0.99097259234428381,1.1322549148759391,0.1340646158479184,4,0,1,0,-0.099140627758637495,-0.65133574157598606,-1.7761034231547062,-1.926189584264475,-1.4075313152713838,1.2988901635551018,-0.1559759448935524,-0.00071221892645457715,0.00035610946322728857,-0.0010683283896818657,0,0,0.31858384748350305,5.3761024262841133,22.079937417198803,-7.0778893462797559,3.123245310656305,0,-2.8610062452819052e-16,5.2628660186227023,21.713471544647827,-7.390421987288291,3.2376429143446757,-0.10577381447520247,0.29912302365936749,5.2637206813344468,21.713186657077244,-7.3900480723519024,3.2376429143446757,-0.10577381447520245,1,1.8307835762794629,1.7616246212198707,1,1,1
1786521338.680778,2,1,0.99097259234428381,1.1322549148759391,0.1340646158479184,4,0,1,0,-0.10254082527237907,-0.65133669082152312,-1.7761024739091691,-1.9262114169118274,-1.4075336883852263,1.2988901635551018,-0.15740038274646154,0.00035610946322728857,0,-0.0014244378529091543,0,0,0.31858384748350305,5.5353943500258653,22.368438341639553,-7.3471568757577899,3.25601484815384,-0.23392728035280017,1.5012269856048976e-15,5.2630338533048464,21.713340074250908,-7.3903435205092878,3.2376293476566405,-0.1057777177444983,0.30368122478867843,5.2626065219489737,21.713340074250908,-7.3898449672607693,3.2376293476566405,-0.10577771774449829,1,1.8307835762794629,1.7616246212198707,1,1,1
1786521338.7022312,2,1,0.99097259234428381,1.1322549148759391,0.1340646158479184,4,0,1,0,-0.10606157696932698,-0.65133146997106928,-1.7761034231547062,-1.9262498613560781,-1.4075317898941522,1.2988896889323331,-0.16523479093746191,0.00035610946322728857,0,-0.0021366567793637313,0,0,0,5.3761024262841133,22.003003837347936,-7.0778893462797559,3.25601484815384,-0.063223589284540582,-5.5193005656269112e-16,5.2628806143520137,21.713298956415432,-7.3902282357699622,3.2375021003689919,-0.10576382461367381,0.32875133099987763,5.2624532829961401,21.713298956415432,-7.389480405897185,3.2375021003689919,-0.10576382461367378,1,1.8307835762794629,1.7616246212198707,1,1,1
1786521338.7237124,2,1,0.99097259234428381,1.1322549148759391,0.1340646158479184,4,0,1,0,-0.10971854540084272,-0.65132292676123571,-1.7761048470230116,-1.9262911535369402,-1.4075317898941522,1.2988896889323331,-0.17200087073878037,0.00035610946322728857,-0.00035610946322728857,-0.0014244378529091543,0,0,0.47787577122525454,5.5353943500258653,21.541402358242735,-7.250989900944206,3.2876266427961105,-0.063223589284540582,1.2630243801780433e-15,5.2625776917261495,21.713283437276083,-7.3901198113573745,3.2373451208832784,-0.10574523948834996,0.3504027863640985,5.2621503603702768,21.713568324846666,-7.3896212581088561,3.2373451208832784,-0.10574523948834996,1,1.8307835762794629,1.7616246212198707,1,1,1
1786521338.744802,2,1,0.99097259234428381,1.1322549148759391,0.1340646158479184,4,0,1,0,-0.11320892124060479,-0.6513196044018561,-1.7761038977774746,-1.9263182070347464,-1.4075327391396892,1.2988901635551018,-0.16915199503296208,0,0,-0.0014244378529091543,0,0,0.47787577122525454,5.3761024262841133,21.714502912907186,-7.250989900944206,3.25601484815384,-0.16438133213980552,-2.20408137270936e-16,5.2625332395731039,21.713204769396423,-7.3900357673100254,3.2372812373117337,-0.10574151670339817,0.3412863841054784,5.2625332395731048,21.713204769396423,-7.389537214061507,3.2372812373117337,-0.10574151670339815,1,1.8307835762794629,1.7616246212198707,1,1,1
1786521338.7659526,2,1,0.99097259234428381,1.1322549148759391,0.1340646158479184,4,0,1,0,-0.11689199392438962,-0.65132197751569865,-1.7761024739091691,-1.9263490575147006,-1.4075332137624579,1.2988901635551018,-0.16879588556973479,-0.00035610946322728857,0,-0.0014244378529091543,0,0,0,5.3761024262841133,21.810669887720771,-7.4433238505713737,3.0157652088725859,0.037934153570724355,4.6489911529820627e-16,5.2627991726899825,21.713028673696261,-7.3899158508974114,3.2372607485751903,-0.10574718016397477,0.34014683382315181,5.2632265040458561,21.713028673696261,-7.389417297648893,3.2372607485751903,-0.10574718016397477,1,1.8307835762794629,1.7616246212198707,1,1,1
1786521338.7870107,2,1,0.99097259234428381,1.1322549148759391,0.1340646158479184,4,0,1,0,-0.12039233684229081,-0.65132150289293012,-1.7761019992864004,-1.926385128845109,-1.4075341630079949,1.2988896889323331,-0.17235698020200765,0,0,-0.0014244378529091543,0,0,0.31858384748350305,5.3761024262841133,21.349068408615569,-7.4433238505713737,3.22440305351157,-0.23392728035280017,-4.2472942480761833e-16,5.2629278256503067,21.712883382830253,-7.3897919967244761,3.2372004546824447,-0.10574568891831695,0.35154233664642404,5.2629278256503076,21.712883382830253,-7.3892934434759576,3.2372004546824447,-0.10574568891831698,1,1.8307835762794629,1.7616246212198707,1,1,1
1786521338.8083591,2,1,0.99097259234428381,1.1322549148759391,0.1340646158479184,4,0,1,0,-0.12400848771571304,-0.65132150289293012,-1.7761024739091691,-1.9264145554567578,-1.4075360614990691,1.2988896889323331,-0.16630311932714376,0,0,-0.00071221892645457715,0,0,0.31858384748350305,5.3761024262841133,22.003003837347936,-7.3471568757577899,3.2876266427961105,0.107480101783719,1.3110714770780962e-16,5.2630509322658341,21.712760981253279,-7.38969462209581,3.2371516899896147,-0.10574496226358635,0.3321699818468602,5.2630509322658332,21.712760981253279,-7.3894453454715512,3.2371516899896147,-0.10574496226358637,1,1.8307835762794629,1.7616246212198707,1,1,1
1786521338.8296821,2,1,0.99097259234428381,1.1322549148759391,0.1340646158479184,4,0,1,0,-0.12754205422741124,-0.65132529987507837,-1.7761024739091691,-1.9264330657447304,-1.4075384346129116,1.2988896889323331,-0.16167369630518902,-0.00035610946322728857,0,-0.0010683283896818657,-0.00035610946322728857,0.00035610946322728857,0.15929192374175152,4.8982266550588589,22.003003837347936,-7.8087583548629915,3.1864688999408455,-0.20231548571052987,4.5290174063329636e-16,5.2633391864332975,21.712615129997189,-7.3896209724604249,3.2371600288506968,-0.10575224230403468,0.31735582817660529,5.263766517789171,21.712615129997189,-7.3892470575240363,3.2372241285540775,-0.10581634200741559,1,1.8307835762794629,1.7616246212198707,1,1,1
1786521338.8510628,2,1,0.99097259234428381,1.1322549148759391,0.1340646158479184,4,0,1,0,-0.13089289097322582,-0.65132672374338396,-1.776101524663632,-1.9264548983920826,-1.4075389092356803,1.2988892143095647,-0.16452257201100731,0,0,-0.0010683283896818657,0,0,0.31858384748350305,4.8982266550588589,22.003003837347936,-7.6356578001985413,3.25601484815384,-0.23392728035280017,-3.0615158845559431e-16,5.2635137710114064,21.712494565820315,-7.3895374276723897,3.2371431056645736,-0.10575504732635806,0.32647223043522317,5.2635137710114064,21.712494565820315,-7.3891635127360011,3.2371431056645736,-0.10575504732635804,1,1.8307835762794629,1.7616246212198707,1,1,1
1786521338.8721013,2,1,0.99097259234428381,1.1322549148759391,0.1340646158479184,4,0,1,0,-0.13439987860988639,-0.6513257744978469,-1.7761024739091691,-1.9264700863206756,-1.4075393838584487,1.2988892143095647,-0.15704427328323425,0,0,-0.00035610946322728857,0.00035610946322728857,0,0,4.8982266550588589,21.637569333056319,-6.981722371466172,3.25601484815384,-0.063223589284540582,1.1919074939265722e-15,5.2635135831116768,21.712459452467716,-7.3894921152968589,3.2371020780450568,-0.10575153139896355,0.30254167450635072,5.2635135831116768,21.712459452467716,-7.3893674769847291,3.2370379783416761,-0.10575153139896354,1,1.8307835762794629,1.7616246212198707,1,1,1
1786521338.8934572,2,1,0.99097259234428381,1.1322549148759391,0.1340646158479184,4,0,1,0,-0.1377877359316462,-0.6513257744978469,-1.7761029485319375,-1.926475781793898,-1.4075393838584487,1.2988892143095647,-0.15704427328323425,0,-0.00035610946322728857,0,0,0,0.63716769496700609,5.0575185788006101,21.252901433801984,-7.3471568757577899,3.2876266427961105,0.037934153570724355,5.5581963185648287e-16,5.2635285743813656,21.712444481775279,-7.3894739706459411,3.2370880339859429,-0.10575051033865725,0.30254167450635028,5.2635285743813656,21.712729369345862,-7.3894739706459411,3.2370880339859429,-0.10575051033865723,1,1.8307835762794629,1.7616246212198707,1,1,1
1786521338.9149594,2,1,0.99097259234428381,1.1322549148759391,0.1340646158479184,4,0,1,0,-0.14112528323994195,-0.65132672374338396,-1.7761029485319375,-1.9264829011354259,-1.4075403331039857,1.2988896889323331,-0.15383928811418865,0,-0.00035610946322728857,-0.00071221892645457715,0.00035610946322728857,0,0.47787577122525454,5.0575185788006101,21.810669887720771,-7.250989900944206,3.0853111570855805,-0.031611794642270291,1.0624605307953811e-15,5.2636141994232517,21.712394535336266,-7.3894475286862091,3.2370873494703014,-0.10575320947728044,0.29228572196540481,5.2636141994232508,21.712679422906849,-7.3891982520619504,3.2370232497669207,-0.10575320947728045,1,1.8307835762794629,1.7616246212198707,1,1,1
1786521338.936296,2,1,0.99097259234428381,1.1322549148759391,0.1340646158479184,4,0,1,0,-0.14430050956140078,-0.65132672374338396,-1.7761029485319375,-1.9264914443452594,-1.4075408077267544,1.2988896889323331,-0.15383928811418865,0,0,-0.00035610946322728857,0,0.00035610946322728857,0.47787577122525454,5.3761024262841133,21.810669887720771,-7.7125913800494077,3.25601484815384,-0.26553907499507046,8.7573042350727603e-16,5.2636512578793422,21.71235771521566,-7.3894186313621653,3.2370740720008633,-0.10575318815871641,0.29228572196540459,5.2636512578793413,21.71235771521566,-7.3892939930500354,3.2370740720008633,-0.10581728786209733,1,1.8307835762794629,1.7616246212198707,1,1,1
1786521338.9576533,2,1,0.99097259234428381,1.1322549148759391,0.1340646158479184,4,0,1,0,-0.14761764809064976,-0.65132624912061543,-1.7761034231547062,-1.9264966651957132,-1.4075412823495228,1.2988896889323331,-0.15241485026127952,-0.00035610946322728857,-0.00035610946322728857,-0.00035610946322728857,0.00035610946322728857,0,0.47787577122525454,5.0575185788006101,21.252901433801984,-7.3471568757577899,3.2876266427961105,0,8.4177456671774564e-16,5.2636441609718165,21.712347109595459,-7.38940465074276,3.2370586246090483,-0.10575166249802762,0.28772752083609532,5.2640714923276901,21.712631997166042,-7.3892800124306302,3.2369945249056675,-0.10575166249802764,1,1.8307835762794629,1.7616246212198707,1,1,1
1786521338.9788296,2,1,0.99097259234428381,1.1322549148759391,0.1340646158479184,4,0,1,0,-0.15083084423359092,-0.65132624912061543,-1.7761034231547062,-1.926499987555093,-1.4075408077267544,1.2988892143095647,-0.14636098938641559,-0.00035610946322728857,-0.00035610946322728857,0,0,0,0,5.2168105025423621,21.810669887720771,-7.5394908253849575,3.357172591009105,-0.031611794642270291,4.6473648497233344e-16,5.2636518816904019,21.712339456030232,-7.3893922340825871,3.2370507096564256,-0.10575049841513993,0.26835516603653031,5.2640792130462755,21.712624343600815,-7.3893922340825871,3.2370507096564256,-0.10575049841513995,1,1.8307835762794629,1.7616246212198707,1,1,1
1786521339.0000494,2,1,0.99097259234428381,1.1322549148759391,0.1340646158479184,4,0,1,0,-0.15387792240754691,-0.6513257744978469,-1.7761024739091691,-1.9265075815193895,-1.4075403331039857,1.2988896889323331,-0.14814153670255203,0,0,-0.00035610946322728857,0,0,0.31858384748350305,5.2168105025423621,22.003003837347936,-8.0010923044901592,3.2876266427961105,-0.063223589284540582,3.0222135558033436e-17,5.2636669312464042,21.712307106452069,-7.3893633077741567,3.2370398631289587,-0.10575149484906778,0.27405291744816651,5.2636669312464042,21.712307106452069,-7.3892386694620269,3.2370398631289587,-0.10575149484906776,1,1.8307835762794629,1.7616246212198707,1,1,1
1786521339.0211184,2,1,0.99097259234428381,1.1322549148759391,0.1340646158479184,4,0,1,0,-0.15719458631402738,-0.6513257744978469,-1.7761019992864004,-1.9265156501064544,-1.4075403331039857,1.2988896889323331,-0.15633205435677969,0,0,-0.00035610946322728857,0,-0.00035610946322728857,0.15929192374175152,5.3761024262841133,21.714502912907186,-7.7125913800494077,3.25601484815384,-0.063223589284540582,3.5086476367525432e-16,5.2637048268348012,21.712269544659193,-7.389333547804295,3.2370296614083851,-0.10575201301243398,0.30026257394169542,5.2637048268348012,21.712269544659193,-7.3892089094921651,3.2370296614083851,-0.10568791330905307,1,1.8307835762794629,1.7616246212198707,1,1,1
1786521339.042042,2,1,0.99097259234428381,1.1322549148759391,0.1340646158479184,4,0,1,0,-0.16038405131854208,-0.6513257744978469,-1.7761019992864004,-1.9265199217113711,-1.4075408077267544,1.2988901635551018,-0.15490761650387053,0,0,0,0,0,0,5.3761024262841133,21.714502912907186,-7.3471568757577899,3.2876266427961105,-0.063223589284540582,7.2572766481211748e-16,5.2637262848514137,21.712248215006472,-7.3893195335315838,3.2370241995736113,-0.10575289970963031,0.29570437281238637,5.2637262848514146,21.712248215006472,-7.3893195335315838,3.2370241995736113,-0.10575289970963031,1,1.8307835762794629,1.7616246212198707,1,1,1
1786521339.0649638,2,1,0.99097259234428381,1.1322549148759391,0.1340646158479184,4,0,1,0,-0.1638867673502859,-0.65132529987507837,-1.7761024739091691,-1.9265237186935193,-1.4075403331039857,1.2988901635551018,-0.15419539757741596,0,0,-0.00035610946322728857,0,0,0.63716769496700609,4.8982266550588589,21.810669887720771,-7.3471568757577899,3.1864688999408455,-0.063223589284540582,-3.3005824635889969e-16,5.2637052523316887,21.71225147156354,-7.3893088356180536,3.2370077169525846,-0.1057508443828948,0.29342527224773085,5.2637052523316887,21.71225147156354,-7.3891841973059238,3.2370077169525846,-0.10575084438289478,1,1.8307835762794629,1.7616246212198707,1,1,1
1786521339.0861444,2,1,0.99097259234428381,1.1322549148759391,0.1340646158479184,4,0,1,0,-0.16726987844436042,-0.65132292676123571,-1.7761038977774746,-1.9265251425618251,-1.4075398584812173,1.2988896889323331,-0.15704427328323425,0,0,-0.00035610946322728857,0,-0.00035610946322728857,0.31858384748350305,5.0575185788006101,21.252901433801984,-7.3471568757577899,3.25601484815384,-0.13276953749753523,-2.8893987896738693e-17,5.2635625162032946,21.712305201291507,-7.3893164420024142,3.2369710563293332,-0.10574324657285991,0.30254167450634961,5.2635625162032946,21.712305201291507,-7.3891918036902844,3.2369710563293332,-0.10567914686947898,1,1.8307835762794629,1.7616246212198707,1,1,1
1786521339.1074848,2,1,0.99097259234428381,1.1322549148759391,0.1340646158479184,4,0,1,0,-0.17070377417466753,-0.65132007902462463,-1.7761034231547062,-1.9265265664301305,-1.4075389092356803,1.2988896889323331,-0.1588248205993707,0,0,0,0,-0.00035610946322728857,0,5.3761024262841133,22.176104392012387,-7.4433238505713737,3.22440305351157,0.037934153570724355,8.1139657709741742e-16,5.2634194372117697,21.712342030227777,-7.3893181987081169,3.2369449484532575,-0.10573854836683422,0.30823942591798714,5.2634194372117689,21.712342030227777,-7.3893181987081169,3.2369449484532575,-0.10567444866345331,1,1.8307835762794629,1.7616246212198707,1,1,1
1786521339.1289113,2,1,0.99097259234428381,1.1322549148759391,0.1340646158479184,4,0,1,0,-0.17393310749173868,-0.65132007902462463,-1.7761019992864004,-1.9265294141667417,-1.4075393838584487,1.2988901635551018,-0.15704427328323425,0.00035610946322728857,0.00035610946322728857,-0.00035610946322728857,0,0,0.31858384748350305,5.3761024262841133,21.44523538342915,-7.1740563210933397,3.1864688999408455,0.069545948212994646,7.1001689770644472e-17,5.2634561036719738,21.712305833641096,-7.3893041092492533,3.2369540284975904,-0.10574192574592961,0.30254167450634961,5.2630287723161002,21.712020946070513,-7.3891794709371235,3.2369540284975904,-0.10574192574592961,1,1.8307835762794629,1.7616246212198707,1,1,1
1786521339.151984,2,1,0.99097259234428381,1.1322549148759391,0.1340646158479184,4,0,1,0,-0.17759814451031941,-0.65132292676123571,-1.776101524663632,-1.9265322619033529,-1.4075403331039857,1.2988906381778702,-0.15312706918773408,-0.00035610946322728857,0,-0.00035610946322728857,0,0,0.79645961870875759,5.3761024262841133,22.003003837347936,-7.3471568757577899,3.2876266427961105,-0.063223589284540582,1.6512805662768915e-15,5.2636301950228681,21.71223835444567,-7.3892841478997617,3.2369809252760993,-0.10574884556841019,0.29000662140075062,5.2640575263787417,21.71223835444567,-7.3891595095876319,3.2369809252760993,-0.10574884556841019,1,1.8307835762794629,1.7616246212198707,1,1,1
1786521339.1730356,2,1,0.99097259234428381,1.1322549148759391,0.1340646158479184,4,0,1,0,-0.18071404298571211,-0.65132245213846718,-1.776100575418095,-1.926534160394427,-1.4075398584812173,1.2988906381778702,-0.15561983543032509,0.00035610946322728857,0,0,0,0,-0.27876086654806514,5.0575185788006101,22.003003837347936,-7.250989900944206,3.22440305351157,-0.031611794642270291,3.1266018962229636e-16,5.2636225475129557,21.71222855524973,-7.3892750268331202,3.2369798205021123,-0.10574929824128118,0.29798347337704051,5.2631952161570821,21.71222855524973,-7.3892750268331202,3.2369798205021123,-0.10574929824128115,1,1.8307835762794629,1.7616246212198707,1,1,1
1786521339.1944718,2,1,0.99097259234428381,1.1322549148759391,0.1340646158479184,4,0,1,0,-0.18399795792116408,-0.65132197751569865,-1.776101524663632,-1.9265384319993437,-1.4075389092356803,1.2988901635551018,-0.14849764616577935,-0.00035610946322728857,-0.00035610946322728857,-0.00071221892645457715,0,-0.00035610946322728857,0.47787577122525454,4.8982266550588589,21.714502912907186,-7.5394908253849575,3.25601484815384,-0.13276953749753523,-5.8411392042656551e-17,5.2635914000532624,21.712241794480466,-7.3892635000030626,3.2369564278058611,-0.10574536999360463,0.27519246773049388,5.2640187314091351,21.712526682051049,-7.3890142233788039,3.2369564278058611,-0.10568127029022371,1,1.8307835762794629,1.7616246212198707,1,1,1
1786521339.21596,2,1,0.99097259234428381,1.1322549148759391,0.1340646158479184,4,0,1,0,-0.18717745584753967,-0.65132197751569865,-1.776101524663632,-1.9265398558676494,-1.4075389092356803,1.2988906381778702,-0.14458044207027915,0,0,-0.00035610946322728857,-0.00035610946322728857,0.00035610946322728857,0.15929192374175152,5.0575185788006101,21.44523538342915,-7.250989900944206,3.25601484815384,-0.16438133213980552,-4.0572878173480986e-17,5.2635976838913745,21.712235547305298,-7.3892585612152351,3.2369542105416378,-0.10574606982852201,0.26265741462489323,5.2635976838913754,21.712235547305298,-7.3891339229031052,3.2370183102450185,-0.10581016953190293,1,1.8307835762794629,1.7616246212198707,1,1,1
1786521339.2372954,2,1,0.99097259234428381,1.1322549148759391,0.1340646158479184,4,0,1,0,-0.19024019657285715,-0.6513243506295413,-1.7761019992864004,-1.9265398558676494,-1.4075412823495228,1.2988896889323331,-0.14137545690123357,0,-0.00035610946322728857,-0.00035610946322728857,0,0,-0.11946894280631364,5.2168105025423621,21.637569333056319,-7.4433238505713737,3.25601484815384,-0.031611794642270291,1.386264285871755e-15,5.2637328080479602,21.71218903556267,-7.3892559989449706,3.2369785328419645,-0.10574927219506465,0.25240146208394876,5.2637328080479611,21.712473923133253,-7.3891313606328408,3.2369785328419645,-0.10574927219506464,1,1.8307835762794629,1.7616246212198707,1,1,1
1786521339.2585516,2,1,0.99097259234428381,1.1322549148759391,0.1340646158479184,4,0,1,0,-0.19311925828675389,-0.6513243506295413,-1.7761019992864004,-1.9265403304904178,-1.4075398584812173,1.2988896889323331,-0.14137545690123357,0,0,0,0,0,0,5.3761024262841133,22.003003837347936,-7.250989900944206,3.1864688999408455,-0.16438133213980552,3.7726847470706537e-17,5.2637219353659832,21.712199865319285,-7.3892518387653006,3.2369723812864808,-0.10574838218485026,0.25240146208394743,5.2637219353659832,21.712199865319285,-7.3892518387653006,3.2369723812864808,-0.10574838218485028,1,1.8307835762794629,1.7616246212198707,1,1,1
1786521339.2797871,2,1,0.99097259234428381,1.1322549148759391,0.1340646158479184,4,0,1,0,-0.19613263824414434,-0.65132292676123571,-1.7761024739091691,-1.9265427036042606,-1.4075393838584487,1.2988892143095647,-0.13852658119541525,0,0,-0.00035610946322728857,-0.00035610946322728857,0,0,5.3761024262841133,21.44523538342915,-7.4433238505713737,3.22440305351157,-0.063223589284540582,5.6131179348647975e-16,5.2636456255822619,21.712222903837876,-7.3892494329765235,3.2369500933794155,-0.10574400127208063,0.24328505982532944,5.2636456255822628,21.712222903837876,-7.3891247946643936,3.2370141930827963,-0.10574400127208061,1,1.8307835762794629,1.7616246212198707,1,1,1
1786521339.3011189,2,1,0.99097259234428381,1.1322549148759391,0.1340646158479184,4,0,1,0,-0.19901027608973551,-0.65132529987507837,-1.776101524663632,-1.9265436528497977,-1.4075403331039857,1.2988892143095647,-0.13176050139409676,0,0.00035610946322728857,0,-0.00071221892645457715,0,0.31858384748350305,5.2168105025423621,21.810669887720771,-7.3471568757577899,3.2876266427961105,-0.031611794642270291,5.1332907109041814e-16,5.2637940065015805,21.712163482745993,-7.3892360622699664,3.2369800435918124,-0.10575023861760763,0.22163360446111005,5.2637940065015796,21.71187859517541,-7.3892360622699664,3.2371082429985742,-0.10575023861760763,1,1.8307835762794629,1.7616246212198707,1,1,1
1786521339.3225191,2,1,0.99097259234428381,1.1322549148759391,0.1340646158479184,4,0,1,0,-0.20161595508895958,-0.65133146997106928,-1.776100575418095,-1.9265446020953347,-1.4075417569722914,1.2988892143095647,-0.12535053105600558,0,0,-0.00035610946322728857,0,0,0.63716769496700609,4.8982266550588589,21.44523538342915,-7.1740563210933397,3.25601484815384,-0.20231548571052987,2.3197860733042974e-16,5.2641425921232834,21.712045709023762,-7.3892101116420328,3.2370438553935932,-0.10576326995496589,0.20112169937921806,5.2641425921232843,21.712045709023762,-7.389085473329903,3.2370438553935932,-0.10576326995496588,1,1.8307835762794629,1.7616246212198707,1,1,1
1786521339.343739,2,1,0.99097259234428381,1.1322549148759391,0.1340646158479184,4,0,1,0,-0.2043440867624641,-0.65133052072553221,-1.7761019992864004,-1.9265450767181032,-1.4075412823495228,1.2988892143095647,-0.12499442159277829,0.00035610946322728857,0,-0.00035610946322728857,0,-0.00035610946322728857,0,5.0575185788006101,21.810669887720771,-7.4433238505713737,3.1548571052985754,0.037934153570724355,3.5862019734031469e-16,5.2640705103975343,21.71208194798286,-7.3892160084487015,3.2370211913947076,-0.10575889729785692,0.19998214909689097,5.2636431790416607,21.71208194798286,-7.3890913701365717,3.2370211913947076,-0.10569479759447602,1,1.8307835762794629,1.7616246212198707,1,1,1
1786521339.3651037,2,1,0.99097259234428381,1.1322549148759391,0.1340646158479184,4,0,1,0,-0.20707886315472804,-0.65132529987507837,-1.7761048470230116,-1.9265460259636402,-1.4075398584812173,1.2988887396867961,-0.12606274998246014,0,0,-0.00035610946322728857,0,0,0,5.3761024262841133,22.003003837347936,-7.4433238505713737,3.25601484815384,-0.23392728035280017,5.7335999012822492e-16,5.2637498264297111,21.712206823124173,-7.3892386872420444,3.2369457219630453,-0.10574341904846059,0.20340079994387311,5.263749826429712,21.712206823124173,-7.3891140489299145,3.2369457219630453,-0.10574341904846057,1,1.8307835762794629,1.7616246212198707,1,1,1
1786521339.3863869,2,1,0.99097259234428381,1.1322549148759391,0.1340646158479184,4,0,1,0,-0.20976570264737057,-0.65132340138400424,-1.7761057962685487,-1.9265455513408718,-1.4075427062178283,1.2988887396867961,-0.12499442159277829,0,0,0.00035610946322728857,0,0,0,5.5353943500258653,21.541402358242735,-6.981722371466172,3.2876266427961105,-0.063223589284540582,1.044920172523639e-15,5.2636616228109459,21.712223955509739,-7.3892554172324898,3.2369331217202322,-0.10574030443393101,0.19998214909689163,5.2636616228109459,21.712223955509739,-7.3893800555446196,3.2369331217202322,-0.10574030443393101,1,1.8307835762794629,1.7616246212198707,1,1,1
1786521339.4077849,2,1,0.99097259234428381,1.1322549148759391,0.1340646158479184,4,0,1,0,-0.21228689879379647,-0.65132624912061543,-1.7761067455140858,-1.9265460259636402,-1.4075422315950599,1.2988887396867961,-0.12356998373986913,0,0.00035610946322728857,0,0,-0.00035610946322728857,0.31858384748350305,5.3761024262841133,21.175967853951118,-7.3471568757577899,3.2876266427961105,-0.23392728035280017,-7.3076581678238606e-16,5.2637924068480828,21.712199288940507,-7.3892462213208994,3.2369465587593402,-0.10574324776048301,0.19542394796758053,5.2637924068480819,21.711914401369924,-7.3892462213208994,3.2369465587593402,-0.10567914805710209,1,1.8307835762794629,1.7616246212198707,1,1,1
1786521339.4291115,2,1,0.99097259234428381,1.1322549148759391,0.1340646158479184,4,0,1,0,-0.21492390289574345,-0.65132719836615249,-1.776104372400243,-1.9265474498319459,-1.4075412823495228,1.2988887396867961,-0.12107721749727811,0.00035610946322728857,0,0,0,0,0.15929192374175152,5.0575185788006101,21.44523538342915,-7.1740563210933397,3.2876266427961105,-0.13276953749753523,-1.4881691256900254e-16,5.2638728731477888,21.712154911360763,-7.3892278544132077,3.2369685855702675,-0.10574830419861775,0.1874470959912897,5.2634455417919161,21.712154911360763,-7.3892278544132077,3.2369685855702675,-0.10574830419861775,1,1.8307835762794629,1.7616246212198707,1,1,1
1786521339.4519277,2,1,0.99097259234428381,1.1322549148759391,0.1340646158479184,4,0,1,0,-0.21775835006939848,-0.65132672374338396,-1.7761062708913171,-1.9265479244547143,-1.4075393838584487,1.2988882650640277,-0.12713107837214202,0,-0.00035610946322728857,0,0.00035610946322728857,-0.00035610946322728857,-0.27876086654806514,5.3761024262841133,21.714502912907186,-7.250989900944206,3.3887843856513755,-0.13276953749753523,5.3505377212159644e-16,5.2638048855748689,21.712204604126818,-7.3892312255679293,3.2369403149902056,-0.10574230701782744,0.2068194507908549,5.2638048855748698,21.712489491697401,-7.3892312255679293,3.2368762152868249,-0.10567820731444653,1,1.8307835762794629,1.7616246212198707,1,1,1
1786521339.4731536,2,1,0.99097259234428381,1.1322549148759391,0.1340646158479184,4,0,1,0,-0.22054106336128385,-0.65132624912061543,-1.7761057962685487,-1.9265479244547143,-1.4075403331039857,1.2988887396867961,-0.12891162568827846,0,0.00035610946322728857,0.00035610946322728857,0.00035610946322728857,0,0,5.2168105025423621,22.003003837347936,-7.3471568757577899,3.25601484815384,-0.13276953749753523,-1.7330294100822985e-16,5.2637965595184486,21.712195363738775,-7.3892329150007381,3.23694414962613,-0.10574364063912424,0.21251720220249085,5.2637965595184495,21.711910476168192,-7.3893575533128679,3.2368800499227492,-0.10574364063912423,1,1.8307835762794629,1.7616246212198707,1,1,1
1786521339.4944985,2,1,0.99097259234428381,1.1322549148759391,0.1340646158479184,4,0,1,0,-0.22329672315536306,-0.65132719836615249,-1.7761057962685487,-1.926548399077483,-1.4075422315950599,1.2988892143095647,-0.12891162568827846,0,0,0,0,0.00035610946322728857,0.31858384748350305,4.8982266550588589,21.541402358242735,-7.250989900944206,3.22440305351157,-0.063223589284540582,-3.8279451765495243e-16,5.2638651175891464,21.712162349950582,-7.38923127051872,3.2369587144061405,-0.10574716450596161,0.21251720220249062,5.2638651175891473,21.712162349950582,-7.38923127051872,3.2369587144061405,-0.10581126420934252,1,1.8307835762794629,1.7616246212198707,1,1,1
1786521339.5155363,2,1,0.99097259234428381,1.1322549148759391,0.1340646158479184,4,0,1,0,-0.22592993027516181,-0.65132767298892102,-1.7761072201368542,-1.926548399077483,-1.4075431808405969,1.2988887396867961,-0.12926773515150575,0,0,0,0,-0.00035610946322728857,0.47787577122525454,4.8982266550588589,21.44523538342915,-7.250989900944206,3.22440305351157,-0.031611794642270291,7.2050316559345295e-16,5.2638765854605838,21.712168269921783,-7.3892362791409507,3.2369539447512734,-0.10574536870465925,0.21365675248481905,5.2638765854605838,21.712168269921783,-7.3892362791409507,3.2369539447512734,-0.10568126900127837,1,1.8307835762794629,1.7616246212198707,1,1,1
1786521339.5365818,2,1,0.99097259234428381,1.1322549148759391,0.1340646158479184,4,0,1,0,-0.22862626222317489,-0.65132672374338396,-1.7761062708913171,-1.9265488737002514,-1.4075412823495228,1.2988887396867961,-0.13176050139409676,0.00035610946322728857,0,0,0,0.00035610946322728857,0.47787577122525454,5.0575185788006101,21.714502912907186,-7.1740563210933397,3.2876266427961105,-0.13276953749753523,-1.6336216233925338e-16,5.2638262742258242,21.712183313446292,-7.3892312829341211,3.2369460212647216,-0.10574418778497043,0.22163360446110938,5.2633989428699506,21.712183313446292,-7.3892312829341211,3.2369460212647216,-0.10580828748835132,1,1.8307835762794629,1.7616246212198707,1,1,1
1786521339.5577188,2,1,0.99097259234428381,1.1322549148759391,0.1340646158479184,4,0,1,0,-0.23161069019168509,-0.65132719836615249,-1.7761062708913171,-1.92654934832302,-1.4075403331039857,1.2988892143095647,-0.13852658119541525,0,0,0,0,0.00035610946322728857,0.31858384748350305,5.3761024262841133,21.810669887720771,-7.250989900944206,3.1864688999408455,-0.13276953749753523,3.332905240856221e-16,5.2638449430763146,21.712182349318034,-7.3892262991479711,3.2369459436169361,-0.10574515337049183,0.24328505982532922,5.2638449430763137,21.712182349318034,-7.3892262991479711,3.2369459436169361,-0.10580925307387275,1,1.8307835762794629,1.7616246212198707,1,1,1
1786521339.5790665,2,1,0.99097259234428381,1.1322549148759391,0.1340646158479184,4,0,1,0,-0.23465254751518727,-0.65132814761168956,-1.7761048470230116,-1.92654934832302,-1.4075403331039857,1.2988892143095647,-0.14137545690123357,0,0,0,0.00035610946322728857,0,0.47787577122525454,5.3761024262841133,21.541402358242735,-7.4433238505713737,3.1548571052985754,-0.13276953749753523,9.5135691316992899e-16,5.2639146161515109,21.71214851292611,-7.3892179144036438,3.2369659997890201,-0.10574921780657844,0.25240146208394831,5.2639146161515109,21.71214851292611,-7.3892179144036438,3.2369019000856394,-0.10574921780657842,1,1.8307835762794629,1.7616246212198707,1,1,1
1786521339.6006162,2,1,0.99097259234428381,1.1322549148759391,0.1340646158479184,4,0,1,0,-0.23777603995487645,-0.65132767298892102,-1.7761053216457801,-1.9265498229457885,-1.4075408077267544,1.2988892143095647,-0.14707320831287019,0.00035610946322728857,0,0,0.00035610946322728857,0,0.47787577122525454,5.2168105025423621,21.44523538342915,-7.4433238505713737,3.25601484815384,-0.063223589284540582,6.7460075611584791e-16,5.2638892820221592,21.71215602234782,-7.38922045227726,3.2369589131510303,-0.1057478656061501,0.27063426660118528,5.2634619506662856,21.71215602234782,-7.38922045227726,3.2368948134476496,-0.10574786560615007,1,1.8307835762794629,1.7616246212198707,1,1,1
1786521339.6219907,2,1,0.99097259234428381,1.1322549148759391,0.1340646158479184,4,0,1,0,-0.24087769974721329,-0.65132719836615249,-1.7761053216457801,-1.9265502975685571,-1.4075408077267544,1.2988896889323331,-0.15668816382000697,0,0,0,-0.00035610946322728857,0,0.15929192374175152,5.5353943500258653,21.44523538342915,-7.250989900944206,3.22440305351157,-0.10115774285526494,2.9761349634727097e-16,5.2638674220465553,21.712160165289575,-7.3892204944812487,3.2369543567772228,-0.10574778721598847,0.30140212422402252,5.2638674220465544,21.712160165289575,-7.3892204944812487,3.2370184564806035,-0.10574778721598849,1,1.8307835762794629,1.7616246212198707,1,1,1
1786521339.6431682,2,1,0.99097259234428381,1.1322549148759391,0.1340646158479184,4,0,1,0,-0.2443016283993813,-0.65132672374338396,-1.7761057962685487,-1.9265512468140942,-1.4075403331039857,1.2988896889323331,-0.15989314898905257,0,0.00035610946322728857,0,-0.00035610946322728857,0,0.31858384748350305,5.0575185788006101,21.44523538342915,-7.5394908253849575,3.1864688999408455,-0.10115774285526494,5.9990939082696371e-16,5.2638354473266897,21.712174290746326,-7.3892197081715469,3.2369428903448823,-0.10574583588936295,0.31165807676496893,5.2638354473266906,21.711889403175743,-7.3892197081715469,3.237006990048263,-0.10574583588936298,1,1.8307835762794629,1.7616246212198707,1,1,1
1786521339.6643929,2,1,0.99097259234428381,1.1322549148759391,0.1340646158479184,4,0,1,0,-0.24782238009632923,-0.65132672374338396,-1.7761062708913171,-1.9265507721913255,-1.4075412823495228,1.2988896889323331,-0.16452257201100731,0,0,0,0,0,0.31858384748350305,5.2168105025423621,21.44523538342915,-7.3471568757577899,3.25601484815384,-0.13276953749753523,-9.3379622610745283e-16,5.2638351946006541,21.712174441957732,-7.3892247092761352,3.2369432588982519,-0.10574562212907666,0.3264722304352225,5.263835194600655,21.712174441957732,-7.3892247092761352,3.2369432588982519,-0.10574562212907668,1,1.8307835762794629,1.7616246212198707,1,1,1
1786521339.6845095,2,1,0.99097259234428381,1.1322549148759391,0.1340646158479184,4,0,1,0,-0.25099428405840835,-0.65132814761168956,-1.7761048470230116,-1.9265517214368626,-1.4075412823495228,1.2988901635551018,-0.16131758684196171,0,0.00035610946322728857,-0.00035610946322728857,-0.00035610946322728857,0.00035610946322728857,0.31858384748350305,5.0575185788006101,21.44523538342915,-7.5394908253849575,3.1864688999408455,-0.063223589284540582,1.2259988759876633e-15,5.2639338244324811,21.712129402515515,-7.389211360750874,3.2369659451303354,-0.1057512166241982,0.31621627789427875,5.2639338244324803,21.711844514944932,-7.3890867224387442,3.2370300448337161,-0.10581531632757914,1,1.8307835762794629,1.7616246212198707,1,1,1
1786521339.7060714,2,1,0.99097259234428381,1.1322549148759391,0.1340646158479184,4,0,1,0,-0.25455348019960711,-0.65132909685722662,-1.776104372400243,-1.9265517214368626,-1.4075422315950599,1.2988901635551018,-0.17164476127555309,0,-0.00035610946322728857,0,-0.00035610946322728857,0,0.31858384748350305,5.0575185788006101,22.003003837347936,-7.3471568757577899,3.25601484815384,-0.23392728035280017,8.6888639729346129e-17,5.2639981751123468,21.712100673141776,-7.3892080019539952,3.2369815225784784,-0.1057542370873252,0.3492632360817699,5.2639981751123477,21.712385560712359,-7.3892080019539952,3.2370456222818591,-0.10575423708732518,1,1.8307835762794629,1.7616246212198707,1,1,1
1786521339.7275662,2,1,0.99097259234428381,1.1322549148759391,0.1340646158479184,4,0,1,0,-0.258277845064254,-0.65132814761168956,-1.7761057962685487,-1.9265517214368626,-1.4075403331039857,1.2988901635551018,-0.17591807483428054,0,0.00035610946322728857,0.00035610946322728857,-0.00035610946322728857,0,0,5.2168105025423621,21.44523538342915,-7.250989900944206,3.25601484815384,-0.13276953749753523,8.6426498553324183e-16,5.2639115735003754,21.712151364566246,-7.3892130425594988,3.2369543789008324,-0.10574900904731137,0.3629378394696986,5.2639115735003754,21.711866476995663,-7.3893376808716287,3.2370184786042131,-0.10574900904731138,1,1.8307835762794629,1.7616246212198707,1,1,1
1786521339.7484915,2,1,0.99097259234428381,1.1322549148759391,0.1340646158479184,4,0,1,0,-0.26205584230174461,-0.65132814761168956,-1.7761053216457801,-1.9265526706823997,-1.4075389092356803,1.2988901635551018,-0.17627418429750785,0,0,0,0,0,0,5.0575185788006101,21.252901433801984,-7.4433238505713737,3.22440305351157,-0.10115774285526494,6.8600859584946883e-16,5.2639094177888399,21.712153615631465,-7.3892055533125776,3.2369514024019383,-0.1057489145766673,0.36407738975202575,5.2639094177888408,21.712153615631465,-7.3892055533125776,3.2369514024019383,-0.1057489145766673,1,1.8307835762794629,1.7616246212198707,1,1,1
1786521339.7697318,2,1,0.99097259234428381,1.1322549148759391,0.1340646158479184,4,0,1,0,-0.26567911251669479,-0.65132957147999515,-1.776104372400243,-1.9265526706823997,-1.4075403331039857,1.2988901635551018,-0.17698640322396242,0,0.00035610946322728857,0,0,0,0.15929192374175152,5.5353943500258653,22.003003837347936,-7.1740563210933397,3.2876266427961105,-0.13276953749753523,1.9953046918701201e-16,5.2640093905161569,21.712107137883613,-7.3891996766726198,3.2369767742110294,-0.10575385171863257,0.36635649031667994,5.2640093905161569,21.71182225031303,-7.3891996766726198,3.2369767742110294,-0.10575385171863255,1,1.8307835762794629,1.7616246212198707,1,1,1
1786521339.7911775,2,1,0.99097259234428381,1.1322549148759391,0.1340646158479184,4,0,1,0,-0.2695928518659847,-0.65133052072553221,-1.7761053216457801,-1.9265531453051681,-1.4075408077267544,1.2988901635551018,-0.18232804517237175,0,0,0,-0.00035610946322728857,0,0.31858384748350305,5.3761024262841133,22.079937417198803,-7.3471568757577899,3.25601484815384,-0.031611794642270291,8.1022767163020648e-16,5.2640506525999058,21.712101112728512,-7.3891988606075323,3.236977710043015,-0.10575412529521226,0.38344974455159048,5.2640506525999049,21.712101112728512,-7.3891988606075323,3.2370418097463958,-0.10575412529521228,1,1.8307835762794629,1.7616246212198707,1,1,1
1786521339.8126898,2,1,0.99097259234428381,1.1322549148759391,0.1340646158479184,4,0,1,0,-0.27350421810143194,-0.65133052072553221,-1.7761048470230116,-1.9265531453051681,-1.4075408077267544,1.2988901635551018,-0.17947916946655343,0,0,0,0,-0.00035610946322728857,0.63716769496700609,4.8982266550588589,21.252901433801984,-8.0010923044901592,3.25601484815384,0.037934153570724355,3.3046143404179273e-16,5.264057545986125,21.712094345402001,-7.3891971836540948,3.2369817212761247,-0.10575493818228744,0.37433334229297122,5.2640575459861259,21.712094345402001,-7.3891971836540948,3.2369817212761247,-0.10569083847890652,1,1.8307835762794629,1.7616246212198707,1,1,1
1786521339.833997,2,1,0.99097259234428381,1.1322549148759391,0.1340646158479184,4,0,1,0,-0.27719203701290207,-0.65133004610276368,-1.7761048470230116,-1.9265536199279367,-1.4075403331039857,1.2988906381778702,-0.18019138839300802,0,0,-0.00035610946322728857,0,0.00035610946322728857,0.79645961870875759,5.0575185788006101,21.541402358242735,-7.250989900944206,3.25601484815384,-0.16438133213980552,1.5424774901361821e-15,5.2640314539006319,21.712102702109057,-7.3891963898170427,3.2369753930253911,-0.10575456888926546,0.37661244285762718,5.264031453900631,21.712102702109057,-7.3890717515049129,3.2369753930253911,-0.10581866859264634,1,1.8307835762794629,1.7616246212198707,1,1,1
1786521339.85519,2,1,0.99097259234428381,1.1322549148759391,0.1340646158479184,4,0,1,0,-0.28115751024396163,-0.65133004610276368,-1.7761057962685487,-1.9265536199279367,-1.4075393838584487,1.2988906381778702,-0.1833963735620536,0.00035610946322728857,0,0,0,0,0.31858384748350305,5.0575185788006101,21.714502912907186,-7.3471568757577899,3.22440305351157,-0.063223589284540582,8.0344801992038306e-16,5.2640092029154264,21.712124664211629,-7.3891980716316619,3.2369638267833394,-0.10575236130952248,0.38686839539857243,5.2635818715595546,21.712124664211629,-7.3891980716316619,3.2369638267833394,-0.10575236130952248,1,1.8307835762794629,1.7616246212198707,1,1,1
1786521339.8760571,2,1,0.99097259234428381,1.1322549148759391,0.1340646158479184,4,0,1,0,-0.28496825645248075,-0.65133052072553221,-1.7761048470230116,-1.9265536199279367,-1.4075403331039857,1.2988906381778702,-0.18268415463559903,-0.00035610946322728857,0,0,0,0,0.31858384748350305,5.3761024262841133,22.272271366825972,-8.0010923044901592,3.357172591009105,-0.13276953749753523,9.296152714798056e-16,5.2640559504495243,21.712095934780017,-7.3891947128534667,3.2369794042531614,-0.10575538177620833,0.38458929483391779,5.2644832818053962,21.712095934780017,-7.3891947128534667,3.2369794042531614,-0.1057553817762083,1,1.8307835762794629,1.7616246212198707,1,1,1
1786521339.8971455,2,1,0.99097259234428381,1.1322549148759391,0.1340646158479184,4,0,1,0,-0.28893325506077183,-0.65133099534830075,-1.7761053216457801,-1.9265540945507051,-1.4075403331039857,1.2988906381778702,-0.18161582624591716,0,0,0,0.00035610946322728857,0,0.63716769496700609,5.0575185788006101,22.079937417198803,-7.4433238505713737,3.2876266427961105,-0.20231548571052987,-3.2980074834293438e-17,5.2640753772516868,21.712094123351854,-7.3891930607554333,3.2369785682070429,-0.10575536445081113,0.3811706439869349,5.2640753772516868,21.712094123351854,-7.3891930607554333,3.2369144685036622,-0.10575536445081113,1,1.8307835762794629,1.7616246212198707,1,1,1
1786521339.9186273,2,1,0.99097259234428381,1.1322549148759391,0.1340646158479184,4,0,1,0,-0.29290537301059077,-0.65133146997106928,-1.7761048470230116,-1.9265540945507051,-1.4075403331039857,1.2988906381778702,-0.18268415463559903,0.00035610946322728857,-0.00035610946322728857,0,0,0,0.31858384748350305,5.0575185788006101,21.637569333056319,-7.3471568757577899,3.1864688999408455,-0.10115774285526494,6.4788194882765826e-16,5.2641067671954689,21.712080588675366,-7.3891897068347383,3.2369865906661865,-0.10575699022474389,0.38458929483391757,5.2636794358395962,21.712365476245949,-7.3891897068347383,3.2369865906661865,-0.10575699022474389,1,1.8307835762794629,1.7616246212198707,1,1,1
1786521339.93997,2,1,0.99097259234428381,1.1322549148759391,0.1340646158479184,4,0,1,0,-0.29666201222349764,-0.65133146997106928,-1.7761048470230116,-1.9265545691734738,-1.4075403331039857,1.2988911128006388,-0.18090360731946259,0,0,-0.00035610946322728857,0,0,0.47787577122525454,5.5353943500258653,21.079800879137533,-7.1740563210933397,3.22440305351157,-0.13276953749753523,3.0801844907134279e-16,5.2641094037709006,21.712077964323175,-7.3891880720716294,3.2369860455292825,-0.10575772472068491,0.37889154342228049,5.2641094037709015,21.712077964323175,-7.3890634337594996,3.2369860455292825,-0.1057577247206849,1,1.8307835762794629,1.7616246212198707,1,1,1
1786521339.9610586,2,1,0.99097259234428381,1.1322549148759391,0.1340646158479184,4,0,1,0,-0.30055724128481492,-0.65133146997106928,-1.7761053216457801,-1.9265545691734738,-1.4075398584812173,1.2988915874234073,-0.17947916946655343,0,0.00035610946322728857,0,0,0,0.47787577122525454,5.5353943500258653,21.541402358242735,-7.5394908253849575,3.22440305351157,-0.26553907499507046,1.3576752298360278e-15,5.2640990911832741,21.712088132471916,-7.3891889303118283,3.2369805533104841,-0.10575737275136622,0.37433334229297233,5.264099091183275,21.711803244901333,-7.3891889303118283,3.2369805533104841,-0.10575737275136621,1,1.8307835762794629,1.7616246212198707,1,1,1
1786521339.9820812,2,1,0.99097259234428381,1.1322549148759391,0.1340646158479184,4,0,1,0,-0.30426451972979474,-0.65133099534830075,-1.7761053216457801,-1.9265550437962422,-1.4075398584812173,1.2988915874234073,-0.18197193570914447,0.00035610946322728857,0,-0.00035610946322728857,0,0,0.47787577122525454,4.8982266550588589,21.810669887720771,-7.3471568757577899,3.357172591009105,-0.031611794642270291,-6.6108211027766928e-16,5.2640764182852608,21.712093088382911,-7.3891889551853573,3.2369757060416586,-0.1057565425388986,0.38231019426926161,5.2636490869293882,21.712093088382911,-7.3890643168732275,3.2369757060416586,-0.1057565425388986,1,1.8307835762794629,1.7616246212198707,1,1,1
1786521340.0031726,2,1,0.99097259234428381,1.1322549148759391,0.1340646158479184,4,0,1,0,-0.3081943962532146,-0.65133146997106928,-1.7761057962685487,-1.9265545691734738,-1.4075393838584487,1.2988915874234073,-0.17912306000332615,0,0,0.00035610946322728857,0,0.00035610946322728857,0,4.8982266550588589,21.252901433801984,-7.0778893462797559,3.25601484815384,-0.031611794642270291,5.6445936791847673e-16,5.2640879656756061,21.712099113537882,-7.3891897712229762,3.236974770187135,-0.10575626896082309,0.37319379201064429,5.2640879656756061,21.712099113537882,-7.389314409535106,3.236974770187135,-0.10582036866420398,1,1.8307835762794629,1.7616246212198707,1,1,1
1786521340.0241971,2,1,0.99097259234428381,1.1322549148759391,0.1340646158479184,4,0,1,0,-0.31187889280530501,-0.65133146997106928,-1.7761062708913171,-1.9265545691734738,-1.4075398584812173,1.2988911128006388,-0.18054749785623531,-0.00035610946322728857,0,0.00035610946322728857,-0.00035610946322728857,0,0.47787577122525454,4.8982266550588589,21.44523538342915,-7.3471568757577899,3.25601484815384,-0.063223589284540582,7.1613586371740978e-16,5.2640844914681875,21.712102480064388,-7.3891922668917847,3.2369722399408603,-0.10575499515627743,0.37775199313995367,5.264511822824061,21.712102480064388,-7.3893169052039145,3.237036339644241,-0.10575499515627745,1,1.8307835762794629,1.7616246212198707,1,1,1
1786521340.0454078,2,1,0.99097259234428381,1.1322549148759391,0.1340646158479184,4,0,1,0,-0.31575086535096442,-0.65133099534830075,-1.7761057962685487,-1.9265550437962422,-1.4075384346129116,1.2988915874234073,-0.18125971678268987,-0.00035610946322728857,0.00035610946322728857,0,0.00071221892645457715,0.00035610946322728857,0.15929192374175152,4.8982266550588589,21.541402358242735,-7.1740563210933397,3.25601484815384,0.069545948212994646,-4.7410128123717699e-16,5.2640568285593599,21.712112496903636,-7.3891881240042689,3.2369663791291394,-0.10575485693989981,0.38003109370460714,5.2644841599152334,21.711827609333053,-7.3891881240042689,3.2368381797223775,-0.10581895664328068,1,1.8307835762794629,1.7616246212198707,1,1,1
1786521340.0665269,2,1,0.99097259234428381,1.1322549148759391,0.1340646158479184,4,0,1,0,-0.31962616025600343,-0.65133099534830075,-1.7761067455140858,-1.9265550437962422,-1.4075403331039857,1.2988911128006388,-0.18197193570914447,0,0,0,0,-0.00035610946322728857,0,5.5353943500258653,21.541402358242735,-7.3471568757577899,3.25601484815384,-0.031611794642270291,-4.5545300387042631e-16,5.2640591573040112,21.712109989564148,-7.3891948047510603,3.2369651533262016,-0.10575364296044548,0.38231019426926183,5.2640591573040103,21.712109989564148,-7.3891948047510603,3.2369651533262016,-0.10568954325706457,1,1.8307835762794629,1.7616246212198707,1,1,1
1786521340.087852,2,1,0.99097259234428381,1.1322549148759391,0.1340646158479184,4,0,1,0,-0.32327363623214861,-0.65133146997106928,-1.7761081693823912,-1.9265550437962422,-1.4075398584812173,1.2988915874234073,-0.17627418429750785,-0.00035610946322728857,-0.00035610946322728857,-0.00035610946322728857,0.00035610946322728857,0.00035610946322728857,0.31858384748350305,5.5353943500258653,21.810669887720771,-7.4433238505713737,3.25601484815384,-0.13276953749753523,-2.1131100341742481e-16,5.2640595545088154,21.71212692500935,-7.3891973399158584,3.2369556498607794,-0.10575247810346915,0.36407738975202486,5.2644868858646872,21.712411812579933,-7.3890727016037285,3.2368915501573987,-0.10581657780685007,1,1.8307835762794629,1.7616246212198707,1,1,1
1786521340.1092308,2,1,0.99097259234428381,1.1322549148759391,0.1340646158479184,4,0,1,0,-0.32709624800988096,-0.65133099534830075,-1.7761072201368542,-1.9265550437962422,-1.4075389092356803,1.2988911128006388,-0.1773425126871897,0,0,0,0,-0.00035610946322728857,0.79645961870875759,5.3761024262841133,21.810669887720771,-7.250989900944206,3.25601484815384,0.069545948212994646,-2.9024430970615855e-16,5.2640395675867957,21.712129398076598,-7.3891939735677061,3.236955826414222,-0.10575195736190518,0.36749604059900681,5.2640395675867948,21.712129398076598,-7.3891939735677061,3.236955826414222,-0.10568785765852427,1,1.8307835762794629,1.7616246212198707,1,1,1
1786521340.130753,2,1,0.99097259234428381,1.1322549148759391,0.1340646158479184,4,0,1,0,-0.33097059366938297,-0.65133099534830075,-1.7761076947596228,-1.9265555184190108,-1.4075384346129116,1.2988906381778702,-0.17912306000332615,0,0,-0.00035610946322728857,0.00035610946322728857,0,0.31858384748350305,4.5796428075753557,22.003003837347936,-6.7893884218390053,3.3887843856513755,0.069545948212994646,-1.9827347229328662e-17,5.2640294528109983,21.712139380628631,-7.3891931450453683,3.2369489163323388,-0.1057500844236281,0.37319379201064362,5.2640294528109974,21.712139380628631,-7.3890685067332385,3.2368848166289581,-0.1057500844236281,1,1.8307835762794629,1.7616246212198707,1,1,1
1786521340.1520035,2,1,0.99097259234428381,1.1322549148759391,0.1340646158479184,4,0,1,0,-0.33444625620332064,-0.65133099534830075,-1.7761076947596228,-1.9265550437962422,-1.4075403331039857,1.2988906381778702,-0.17556196537105326,-0.00035610946322728857,0,0,-0.00035610946322728857,0.00035610946322728857,0.47787577122525454,5.5353943500258653,21.541402358242735,-7.8087583548629915,3.22440305351157,-0.23392728035280017,-2.7002055105751488e-16,5.2640445576273125,21.712124337119384,-7.3891981413178787,3.2369568399500115,-0.10575126536506424,0.36179828918737023,5.2644718889831852,21.712124337119384,-7.3891981413178787,3.2370209396533922,-0.10581536506844515,1,1.8307835762794629,1.7616246212198707,1,1,1
1786521340.1731217,2,1,0.99097259234428381,1.1322549148759391,0.1340646158479184,4,0,1,0,-0.33836616564860145,-0.65133146997106928,-1.7761081693823912,-1.9265550437962422,-1.4075408077267544,1.2988901635551018,-0.16879588556973479,0,0,0,0,-0.00035610946322728857,0.31858384748350305,5.3761024262841133,21.810669887720771,-7.9049253296765754,3.25601484815384,-0.10115774285526494,-2.6707965266464795e-16,5.2640655799645586,21.712120936308381,-7.3891989600229948,3.2369583209317772,-0.10575080444723309,0.34014683382315114,5.2640655799645577,21.712120936308381,-7.3891989600229948,3.2369583209317772,-0.10568670474385221,1,1.8307835762794629,1.7616246212198707,1,1,1
1786521340.1945515,2,1,0.99097259234428381,1.1322549148759391,0.1340646158479184,4,0,1,0,-0.34204686521854361,-0.65133384308491193,-1.7761081693823912,-1.9265550437962422,-1.4075398584812173,1.2988901635551018,-0.17271308966523496,0,0,0,0,0,0.47787577122525454,5.5353943500258653,21.541402358242735,-7.1740563210933397,3.25601484815384,-0.031611794642270291,1.1145903265011997e-15,5.264179598302694,21.712095527145369,-7.3891889031451781,3.2369748332980302,-0.1057542870753614,0.35268188692875302,5.264179598302694,21.712095527145369,-7.3891889031451781,3.2369748332980302,-0.10575428707536139,1,1.8307835762794629,1.7616246212198707,1,1,1
1786521340.2160993,2,1,0.99097259234428381,1.1322549148759391,0.1340646158479184,4,0,1,0,-0.34570857987774467,-0.65133384308491193,-1.7761072201368542,-1.9265555184190108,-1.4075403331039857,1.2988901635551018,-0.16772755718005292,0,0,0,0.00035610946322728857,0,-0.11946894280631364,5.5353943500258653,21.906836862534352,-7.7125913800494077,3.22440305351157,-0.13276953749753523,7.8781856797764671e-16,5.2641994408672144,21.712075967302901,-7.38918473318674,3.2369837916151893,-0.10575618642829107,0.33672818297617024,5.2641994408672153,21.712075967302901,-7.38918473318674,3.2369196919118086,-0.10575618642829104,1,1.8307835762794629,1.7616246212198707,1,1,1
1786521340.2373755,2,1,0.99097259234428381,1.1322549148759391,0.1340646158479184,4,0,1,0,-0.3493152382957963,-0.6513333684621434,-1.7761086440051599,-1.9265555184190108,-1.4075412823495228,1.2988901635551018,-0.1648786814742346,0,0,0,-0.00035610946322728857,0,0.47787577122525454,5.0575185788006101,21.175967853951118,-7.250989900944206,3.2876266427961105,-0.13276953749753523,9.1366394701711262e-16,5.2641627283807964,21.712094609198001,-7.3891931130845681,3.2369712904711223,-0.10575351668740897,0.32761178071755159,5.2641627283807955,21.712094609198001,-7.3891931130845681,3.237035390174503,-0.10575351668740895,1,1.8307835762794629,1.7616246212198707,1,1,1
1786521340.2584083,2,1,0.99097259234428381,1.1322549148759391,0.1340646158479184,4,0,1,0,-0.35268458532958347,-0.6513333684621434,-1.7761091186279283,-1.9265555184190108,-1.4075408077267544,1.2988896889323331,-0.16772755718005292,0,0,-0.00035610946322728857,-0.00035610946322728857,0,0.47787577122525454,5.3761024262841133,21.810669887720771,-7.3471568757577899,3.22440305351157,-0.23392728035280017,4.834593012384425e-16,5.2641507899600377,21.71210640317452,-7.3891939366701651,3.2369652164399039,-0.10575166107561619,0.3367281829761698,5.2641507899600368,21.71210640317452,-7.3890692983580353,3.2370293161432846,-0.10575166107561618,1,1.8307835762794629,1.7616246212198707,1,1,1
1786521340.2796221,2,1,0.99097259234428381,1.1322549148759391,0.1340646158479184,4,0,1,0,-0.35626039326768077,-0.65133431770768047,-1.7761086440051599,-1.9265555184190108,-1.4075408077267544,1.2988901635551018,-0.16630311932714376,-0.00035610946322728857,0,0,0,0.00035610946322728857,0.31858384748350305,5.3761024262841133,21.44523538342915,-7.4433238505713737,3.1864688999408455,-0.16438133213980552,1.3166618945299746e-16,5.2642074892791832,21.712085288261918,-7.3891889231234131,3.2369775410370925,-0.10575485155779614,0.3321699818468602,5.2646348206350551,21.712085288261918,-7.3891889231234131,3.2369775410370925,-0.10581895126117703,1,1.8307835762794629,1.7616246212198707,1,1,1
1786521340.3009951,2,1,0.99097259234428381,1.1322549148759391,0.1340646158479184,4,0,1,0,-0.35967388021894114,-0.65133384308491193,-1.7761091186279283,-1.9265559930417793,-1.4075412823495228,1.2988896889323331,-0.16559090040068919,0,0,-0.00035610946322728857,0,0,0.63716769496700609,5.0575185788006101,22.368438341639553,-7.4433238505713737,3.25601484815384,-0.10115774285526494,-2.6209909893479266e-16,5.2641813422163217,21.712093610695298,-7.3891914436550596,3.2369701635245343,-0.10575274754232582,0.32989088128220517,5.2641813422163208,21.712093610695298,-7.3890668053429298,3.2369701635245343,-0.10575274754232583,1,1.8307835762794629,1.7616246212198707,1,1,1
1786521340.32249,2,1,0.99097259234428381,1.1322549148759391,0.1340646158479184,4,0,1,0,-0.36324446730658461,-0.65133384308491193,-1.776110542496234,-1.9265555184190108,-1.4075412823495228,1.2988896889323331,-0.16594700986391647,0,-0.00035610946322728857,0,0,0,0.31858384748350305,5.2168105025423621,22.079937417198803,-7.1740563210933397,3.25601484815384,-0.13276953749753523,6.2526616913596844e-16,5.2641588384346383,21.712115724078746,-7.3891981265901023,3.2369589658530944,-0.10575032620464961,0.33103043156453338,5.2641588384346383,21.712400611649329,-7.3891981265901023,3.2369589658530944,-0.10575032620464958,1,1.8307835762794629,1.7616246212198707,1,1,1
1786521340.343874,2,1,0.99097259234428381,1.1322549148759391,0.1340646158479184,4,0,1,0,-0.36680129033394077,-0.65133384308491193,-1.7761114917417711,-1.9265555184190108,-1.4075422315950599,1.2988896889323331,-0.16559090040068919,0,0,0,0.00035610946322728857,-0.00035610946322728857,0.31858384748350305,5.0575185788006101,21.175967853951118,-7.8087583548629915,3.22440305351157,-0.031611794642270291,2.9388993951114106e-16,5.2641535159331205,21.712120831225977,-7.3892031525492259,3.2369544871577225,-0.10574928223684968,0.32989088128220562,5.2641535159331196,21.712120831225977,-7.3892031525492259,3.2368903874543418,-0.1056851825334688,1,1.8307835762794629,1.7616246212198707,1,1,1
1786521340.3650222,2,1,0.99097259234428381,1.1322549148759391,0.1340646158479184,4,0,1,0,-0.37042883215380767,-0.65133431770768047,-1.7761124409873081,-1.9265555184190108,-1.4075417569722914,1.2988896889323331,-0.16523479093746191,0,0.00035610946322728857,0,0,0,0.63716769496700609,5.0575185788006101,22.176104392012387,-7.4433238505713737,3.2876266427961105,-0.063223589284540582,-6.0167460748904167e-16,5.264159993568251,21.712131812259461,-7.3892039934427052,3.2369487040227676,-0.10574817844616853,0.32875133099987741,5.2641599935682519,21.711846924688878,-7.3892039934427052,3.2369487040227676,-0.10574817844616852,1,1.8307835762794629,1.7616246212198707,1,1,1
1786521340.3864045,2,1,0.99097259234428381,1.1322549148759391,0.1340646158479184,4,0,1,0,-0.37381194324788219,-0.65133431770768047,-1.7761129156100766,-1.9265559930417793,-1.4075417569722914,1.2988896889323331,-0.16381035308455275,0,0,0,0,0,0.15929192374175152,5.0575185788006101,21.810669887720771,-7.6356578001985413,3.2876266427961105,0,-1.2976883565114783e-16,5.264154923846549,21.712136768142727,-7.3892040182837757,3.2369438567453628,-0.10574734823523524,0.32419312987056859,5.2641549238465499,21.712136768142727,-7.3892040182837757,3.2369438567453628,-0.10574734823523524,1,1.8307835762794629,1.7616246212198707,1,1,1
1786521340.4077823,2,1,0.99097259234428381,1.1322549148759391,0.1340646158479184,4,0,1,0,-0.37735974844263626,-0.65133431770768047,-1.7761167125922248,-1.9265555184190108,-1.4075427062178283,1.2988901635551018,-0.16345424362132546,0,-0.00035610946322728857,-0.00035610946322728857,0,0.00035610946322728857,0,5.3761024262841133,21.906836862534352,-7.0778893462797559,3.1864688999408455,0,4.1432108395175749e-16,5.2641072307448695,21.712183477327411,-7.389220775227848,3.236916437515633,-0.10574219608756873,0.32305357958824188,5.2641072307448686,21.712468364897994,-7.3890961369157182,3.236916437515633,-0.10580629579094965,1,1.8307835762794629,1.7616246212198707,1,1,1
1786521340.4292588,2,1,0.99097259234428381,1.1322549148759391,0.1340646158479184,4,0,1,0,-0.38096830535176207,-0.65133574157598606,-1.7761176618377619,-1.9265555184190108,-1.4075422315950599,1.2988896889323331,-0.16879588556973479,0,0,0,0,0,0.31858384748350305,5.5353943500258653,21.44523538342915,-7.250989900944206,3.0536993624433104,-0.3350850232080651,-6.7534614510943169e-16,5.26416188829789,21.712181736736284,-7.3892182449107873,3.2369183859541284,-0.10574196624997229,0.3401468338231507,5.2641618882978909,21.712181736736284,-7.3892182449107873,3.2369183859541284,-0.10574196624997229,1,1.8307835762794629,1.7616246212198707,1,1,1
1786521340.4522202,2,1,0.99097259234428381,1.1322549148759391,0.1340646158479184,4,0,1,0,-0.38466941370075097,-0.65133621619875459,-1.7761176618377619,-1.9265555184190108,-1.4075427062178283,1.2988896889323331,-0.16381035308455275,-0.00035610946322728857,0,0,-0.00035610946322728857,-0.00035610946322728857,0.31858384748350305,5.3761024262841133,21.541402358242735,-7.250989900944206,3.25601484815384,-0.13276953749753523,-2.0227824406790496e-16,5.2641906168204997,21.712170755736793,-7.3892174040088392,3.2369241690825352,-0.105743070040488,0.32419312987056859,5.2646179481763715,21.712170755736793,-7.3892174040088392,3.2369882687859159,-0.10567897033710709,1,1.8307835762794629,1.7616246212198707,1,1,1
1786521340.4751239,2,1,0.99097259234428381,1.1322549148759391,0.1340646158479184,4,0,1,0,-0.38835580874391551,-0.65133621619875459,-1.7761228826882158,-1.9265550437962422,-1.4075427062178283,1.2988901635551018,-0.16523479093746191,0,-0.00035610946322728857,0,0,0.00035610946322728857,0.31858384748350305,5.0575185788006101,21.175967853951118,-7.3471568757577899,3.2876266427961105,0.107480101783719,2.8116750464338147e-16,5.264113779947289,21.712246193767829,-7.3892375195440305,3.236881172282263,-0.10573489742213005,0.3287513309998783,5.2641137799472899,21.712531081338412,-7.3892375195440305,3.236881172282263,-0.10579899712551095,1,1.8307835762794629,1.7616246212198707,1,1,1
1786521340.4965901,2,1,0.99097259234428381,1.1322549148759391,0.1340646158479184,4,0,1,0,-0.39196484027580986,-0.65133621619875459,-1.7761238319337529,-1.9265550437962422,-1.4075417569722914,1.2988896889323331,-0.16950810449618936,0,0,0.00035610946322728857,0,0,0.15929192374175152,5.5353943500258653,21.252901433801984,-7.250989900944206,3.1864688999408455,-0.16438133213980552,2.165083975817772e-16,5.2640907162474946,21.712268968589132,-7.3892391839590843,3.2368693151009569,-0.10573193801882182,0.34242593438780616,5.2640907162474937,21.712268968589132,-7.3893638222712141,3.2368693151009569,-0.1057319380188218,1,1.8307835762794629,1.7616246212198707,1,1,1
1786521340.5176561,2,1,0.99097259234428381,1.1322549148759391,0.1340646158479184,4,0,1,0,-0.39570296920074405,-0.65133621619875459,-1.7761233573109843,-1.9265555184190108,-1.4075412823495228,1.2988896889323331,-0.17200087073878037,0,0,0,0.00035610946322728857,-0.00035610946322728857,0,4.8982266550588589,21.44523538342915,-7.250989900944206,3.22440305351157,-0.23392728035280017,-1.6009939142642982e-16,5.2640952009701847,21.712264603760289,-7.3892350189074554,3.236870718425406,-0.10573244267932504,0.35040278636409694,5.2640952009701847,21.712264603760289,-7.3892350189074554,3.2368066187220252,-0.10566834297594412,1,1.8307835762794629,1.7616246212198707,1,1,1
1786521340.5386829,2,1,0.99097259234428381,1.1322549148759391,0.1340646158479184,4,0,1,0,-0.39923368797583109,-0.65133669082152312,-1.7761243065565213,-1.9265555184190108,-1.4075431808405969,1.2988896889323331,-0.17520585590782597,0,0,0,0,-0.00035610946322728857,0.31858384748350305,5.3761024262841133,21.252901433801984,-7.250989900944206,3.22440305351157,-0.20231548571052987,1.2410049116812205e-15,5.2641228393187305,21.71225451596084,-7.3892400399605025,3.2368737947153159,-0.10573279340435847,0.36065873890504441,5.2641228393187296,21.71225451596084,-7.3892400399605025,3.2368737947153159,-0.10566869370097758,1,1.8307835762794629,1.7616246212198707,1,1,1
1786521340.5598056,2,1,0.99097259234428381,1.1322549148759391,0.1340646158479184,4,0,1,0,-0.40292435462391235,-0.65133716544429165,-1.7761247811792897,-1.9265555184190108,-1.4075431808405969,1.2988901635551018,-0.16879588556973479,0,-0.00035610946322728857,0,0,-0.00035610946322728857,0.31858384748350305,5.5353943500258653,21.810669887720771,-7.3471568757577899,3.22440305351157,-0.16438133213980552,-4.5078415826516061e-16,5.264141255314196,21.712253703039295,-7.3892400572727235,3.2368740856128846,-0.10573354522618408,0.34014683382315092,5.264141255314196,21.712538590609878,-7.3892400572727235,3.2368740856128846,-0.1056694455228032,1,1.8307835762794629,1.7616246212198707,1,1,1
1786521340.5811145,2,1,0.99097259234428381,1.1322549148759391,0.1340646158479184,4,0,1,0,-0.40641045885875765,-0.65133669082152312,-1.7761243065565213,-1.9265555184190108,-1.4075427062178283,1.2988901635551018,-0.16594700986391647,0.00035610946322728857,0.00035610946322728857,0,0,0,0.31858384748350305,5.0575185788006101,21.810669887720771,-7.6356578001985413,3.1548571052985754,-0.13276953749753523,2.445180830815824e-16,5.2641194201109114,21.712257916789721,-7.3892392212470712,3.2368723137322282,-0.10573325432322236,0.33103043156453293,5.2636920887550387,21.711973029219138,-7.3892392212470712,3.2368723137322282,-0.10573325432322239,1,1.8307835762794629,1.7616246212198707,1,1,1
1786521340.6026781,2,1,0.99097259234428381,1.1322549148759391,0.1340646158479184,4,0,1,0,-0.40996158641289143,-0.65133716544429165,-1.7761257304248268,-1.9265550437962422,-1.4075431808405969,1.2988901635551018,-0.16345424362132546,-0.00035610946322728857,0,0.00035610946322728857,0,0,0.63716769496700609,5.5353943500258653,21.252901433801984,-7.3471568757577899,3.1548571052985754,-0.30347322856579484,2.2748594457819293e-16,5.2641256452267173,21.712269048795687,-7.3892450631871966,3.2368668991379663,-0.10573193677370196,0.32305357958824166,5.26455297658259,21.712269048795687,-7.3893697014993265,3.2368668991379663,-0.10573193677370196,1,1.8307835762794629,1.7616246212198707,1,1,1
1786521340.6242771,2,1,0.99097259234428381,1.1322549148759391,0.1340646158479184,4,0,1,0,-0.41339453289766148,-0.65133906393536578,-1.7761271542931325,-1.9265550437962422,-1.4075436554633654,1.2988901635551018,-0.15633205435677969,-0.00035610946322728857,-0.00035610946322728857,0.00035610946322728857,0,0,0,5.0575185788006101,21.541402358242735,-7.8087583548629915,3.1864688999408455,0,5.7520991008502831e-16,5.264207182822096,21.712258067857857,-7.3892442222747636,3.2368726822554192,-0.10573304056366672,0.30026257394169564,5.2646345141779696,21.712542955428439,-7.3893688605868935,3.2368726822554192,-0.10573304056366672,1,1.8307835762794629,1.7616246212198707,1,1,1
1786521340.6456275,2,1,0.99097259234428381,1.1322549148759391,0.1340646158479184,4,0,1,0,-0.41678571257880104,-0.65133906393536578,-1.7761276289159009,-1.9265555184190108,-1.4075427062178283,1.2988906381778702,-0.15704427328323425,0,-0.00035610946322728857,-0.00035610946322728857,0,0,-0.43805279028981664,5.5353943500258653,22.003003837347936,-7.7125913800494077,3.2876266427961105,-0.063223589284540582,6.2120379912093682e-16,5.2641944618318153,21.712270638251692,-7.3892425923267036,3.2368645820976965,-0.10573238036903185,0.30254167450635028,5.2641944618318162,21.712555525822275,-7.3891179540145737,3.2368645820976965,-0.10573238036903182,1,1.8307835762794629,1.7616246212198707,1,1,1
1786521340.6667681,2,1,0.99097259234428381,1.1322549148759391,0.1340646158479184,4,0,1,0,-0.42012895536031913,-0.65133906393536578,-1.7761281035386696,-1.9265555184190108,-1.4075422315950599,1.2988906381778702,-0.15170263133482492,0,0,-0.00035610946322728857,0.00035610946322728857,0.00035610946322728857,0,5.2168105025423621,21.810669887720771,-7.6356578001985413,3.1864688999408455,-0.13276953749753523,-8.5079716167189845e-16,5.2641833364575952,21.712281619188627,-7.3892434331907531,3.2368587989549802,-0.10573127657798821,0.28544842027143885,5.2641833364575943,21.712281619188627,-7.3891187948786232,3.2367946992515995,-0.10579537628136911,1,1.8307835762794629,1.7616246212198707,1,1,1
1786521340.6881697,2,1,0.99097259234428381,1.1322549148759391,0.1340646158479184,4,0,1,0,-0.42321922420621128,-0.65133906393536578,-1.7761281035386696,-1.9265555184190108,-1.4075422315950599,1.2988901635551018,-0.14920986509223391,0,0,0,0.00035610946322728857,0,0.63716769496700609,5.2168105025423621,21.44523538342915,-7.4433238505713737,3.1864688999408455,-0.031611794642270291,-4.6584440406734207e-16,5.264182523533055,21.712282432110207,-7.3892434158670808,3.2368585080516743,-0.10573052475609883,0.27747156829514807,5.2641825235330542,21.712282432110207,-7.3892434158670808,3.2367944083482936,-0.10573052475609884,1,1.8307835762794629,1.7616246212198707,1,1,1
1786521340.7097208,2,1,0.99097259234428381,1.1322549148759391,0.1340646158479184,4,0,1,0,-0.42642340251655036,-0.65133858931259725,-1.7761276289159009,-1.9265555184190108,-1.4075417569722914,1.2988901635551018,-0.14849764616577935,0,0,0,0,0,0.95575154245050908,5.5353943500258653,21.44523538342915,-7.250989900944206,3.1548571052985754,0.037934153570724355,6.2904732421251164e-16,5.2641606883531704,21.712286645862701,-7.3892425798374211,3.2368567361699183,-0.10573023385286415,0.27519246773049455,5.2641606883531713,21.712286645862701,-7.3892425798374211,3.2368567361699183,-0.10573023385286412,1,1.8307835762794629,1.7616246212198707,1,1,1
1786521340.7312372,2,1,0.99097259234428381,1.1322549148759391,0.1340646158479184,4,0,1,0,-0.42956493062144363,-0.65133716544429165,-1.776128578161438,-1.9265555184190108,-1.4075412823495228,1.2988901635551018,-0.14600487992318831,0,0,0,0,-0.00035610946322728857,0.15929192374175152,5.0575185788006101,21.541402358242735,-7.6356578001985413,3.22440305351157,-0.063223589284540582,-1.0384623933337722e-16,5.2640691809101892,21.7123246954744,-7.3892501283115486,3.2368349080070478,-0.10572587851031458,0.26721561575420261,5.26406918091019,21.7123246954744,-7.3892501283115486,3.2368349080070478,-0.10566177880693366,1,1.8307835762794629,1.7616246212198707,1,1,1
1786521340.7524962,2,1,0.99097259234428381,1.1322549148759391,0.1340646158479184,4,0,1,0,-0.43257925982437112,-0.65133858931259725,-1.776128578161438,-1.9265555184190108,-1.4075417569722914,1.2988906381778702,-0.13496548656314236,0,0,0,0,0,0,4.8982266550588589,21.44523538342915,-7.4433238505713737,3.1864688999408455,-0.16438133213980552,2.7583797333925741e-16,5.2641477148104405,21.712299367298073,-7.3892459509604187,3.236849004558827,-0.1057293598990651,0.23188955700205577,5.2641477148104405,21.712299367298073,-7.3892459509604187,3.236849004558827,-0.10572935989906512,1,1.8307835762794629,1.7616246212198707,1,1,1
1786521340.7734618,2,1,0.99097259234428381,1.1322549148759391,0.1340646158479184,4,0,1,0,-0.43529220356928272,-0.65134048780367138,-1.7761266796703639,-1.9265559930417793,-1.4075417569722914,1.2988906381778702,-0.13033606354118762,0,0,-0.00035610946322728857,0,0,0,5.2168105025423621,21.906836862534352,-7.3471568757577899,3.2876266427961105,-0.13276953749753523,1.5187639557448507e-16,5.2642750965476264,21.712243418369347,-7.3892308835777651,3.2368802585380942,-0.10573584567664379,0.21707540333180061,5.2642750965476273,21.712243418369347,-7.3891062452656353,3.2368802585380942,-0.10573584567664379,1,1.8307835762794629,1.7616246212198707,1,1,1
1786521340.7948394,2,1,0.99097259234428381,1.1322549148759391,0.1340646158479184,4,0,1,0,-0.43796480437886937,-0.65133858931259725,-1.7761271542931325,-1.9265559930417793,-1.4075398584812173,1.2988906381778702,-0.11894056071791438,0.00035610946322728857,-0.00035610946322728857,0,0.00035610946322728857,0,0,5.5353943500258653,21.44523538342915,-7.4433238505713737,3.1548571052985754,-0.13276953749753523,5.7571135358980285e-17,5.2641532895782408,21.71229410938825,-7.3892359239776386,3.2368531147260939,-0.10573061762235267,0.18060979429732602,5.263725958222369,21.712578996958833,-7.3892359239776386,3.2367890150227132,-0.10573061762235264,1,1.8307835762794629,1.7616246212198707,1,1,1
1786521340.8163619,2,1,0.99097259234428381,1.1322549148759391,0.1340646158479184,4,0,1,0,-0.44044470834443328,-0.65133669082152312,-1.7761271542931325,-1.9265559930417793,-1.4075360614990691,1.2988906381778702,-0.11075004306368674,0,0,0,0.00035610946322728857,-0.00035610946322728857,0.47787577122525454,5.2168105025423621,21.906836862534352,-7.250989900944206,3.2876266427961105,-0.031611794642270291,-2.6265475254819148e-16,5.2640214472912517,21.712354888153513,-7.3892359431732579,3.2368228945630246,-0.10572503883262983,0.15440013780379733,5.2640214472912517,21.712354888153513,-7.3892359431732579,3.2367587948596439,-0.10566093912924894,1,1.8307835762794629,1.7616246212198707,1,1,1
1786521340.8377805,2,1,0.99097259234428381,1.1322549148759391,0.1340646158479184,4,0,1,0,-0.442758494341012,-0.65133669082152312,-1.7761262050475954,-1.9265564676645479,-1.4075355868763004,1.2988911128006388,-0.10113508755654996,0,0.00035610946322728857,0,0,0.00035610946322728857,0,5.3761024262841133,21.252901433801984,-7.5394908253849575,3.22440305351157,-0.063223589284540582,3.4043948216044839e-16,5.2640336381480939,21.71234294324772,-7.389230118542029,3.236828600021084,-0.1057271081959987,0.12363228018096029,5.2640336381480948,21.712058055677137,-7.389230118542029,3.236828600021084,-0.10579120789937958,1,1.8307835762794629,1.7616246212198707,1,1,1
1786521340.858871,1,1,0.99097259234428381,1.1322549148759391,0.1340646158479184,4,0,1,0,-0.44470539693751787,-0.65133621619875459,-1.7761262050475954,-1.9265564676645479,-1.4075341630079949,1.2988911128006388,-0.088671256343594851,0.00035610946322728857,0,0,0,0,-0.11946894280631364,5.3761024262841133,21.637569333056319,-7.3471568757577899,3.25601484815384,-0.13276953749753523,2.8681552033567315e-16,5.2639964454223591,21.712362351695226,-7.3892292872513448,3.2368192730669074,-0.1057254225900032,0.10640550761231404,5.2635691140664873,21.712362351695226,-7.3892292872513448,3.2368192730669074,-0.10572542259000323,1,1.8307835762794629,1.7616246212198707,1,1,1
1786521340.880214,1,1,0.99097259234428381,1.1322549148759391,0.1340646158479184,4,0,1,0,-0.44647004439090859,-0.651334792330449,-1.7761271542931325,-1.9265569422873163,-1.4075322645169208,1.2988911128006388,-0.074782987277730598,0,0,-0.00035610946322728857,0,0,0.47787577122525454,5.3761024262841133,21.349068408615569,-7.3471568757577899,3.2876266427961105,-0.063223589284540582,3.5150512058337857e-16,5.2638940650154371,21.712411231250385,-7.389232675333453,3.2367912931036629,-0.10572017719463624,0.089739584733277158,5.263894065015438,21.712411231250385,-7.3891080370213231,3.2367912931036629,-0.10572017719463622,1,1.8307835762794629,1.7616246212198707,1,1,1
1786521340.901629,1,1,0.99097259234428381,1.1322549148759391,0.1340646158479184,4,0,1,0,-0.44789770967864373,-0.65133431770768047,-1.7761262050475954,-1.926557416910085,-1.407529891403078,1.2988906381778702,-0.057689733042820747,0,0,0,-0.00035610946322728857,0,-0.27876086654806514,5.0575185788006101,22.003003837347936,-7.4433238505713737,3.1864688999408455,-0.13276953749753523,9.1821081987797371e-16,5.2638632051047569,21.712424534419942,-7.3892251486179008,3.236785317835662,-0.10571876639375566,0.069227679651385779,5.2638632051047578,21.712424534419942,-7.3892251486179008,3.2368494175390428,-0.10571876639375566,1,1.8307835762794629,1.7616246212198707,1,1,1
1786521340.9230216,1,1,0.99097259234428381,1.1322549148759391,0.1340646158479184,4,0,1,0,-0.44894852448816691,-0.65133431770768047,-1.776128578161438,-1.926557416910085,-1.407529891403078,1.2988906381778702,-0.04202091666082005,0,0,0,-0.00035610946322728857,0,0,5.3761024262841133,21.175967853951118,-7.3471568757577899,3.25601484815384,-0.13276953749753523,5.2082361860772419e-16,5.2638287389944196,21.71245837025927,-7.3892335330218248,3.2367652615329479,-0.10571470195361793,0.050425099992984501,5.2638287389944187,21.71245837025927,-7.3892335330218248,3.2368293612363286,-0.10571470195361793,1,1.8307835762794629,1.7616246212198707,1,1,1
1786521340.9441626,1,1,0.99097259234428381,1.1322549148759391,0.1340646158479184,4,0,1,0,-0.44967327345571062,-0.65133384308491193,-1.776128578161438,-1.9265578915328534,-1.4075294167803096,1.2988901635551018,-0.031337632764001394,0,0.00035610946322728857,-0.00035610946322728857,0,-0.00035610946322728857,-0.43805279028981664,4.8982266550588589,21.44523538342915,-7.3471568757577899,3.123245310656305,-0.063223589284540582,-8.9717729773175492e-17,5.2638010211756026,21.71246835274999,-7.3892327043772585,3.2367583513684663,-0.10571282900592807,0.037605159316801674,5.2638010211756017,21.712183465179407,-7.3891080660651287,3.2367583513684663,-0.10564872930254719,1,1.8307835762794629,1.7616246212198707,1,1,1
1786521340.9654176,1,1,0.99097259234428381,1.1322549148759391,0.1340646158479184,4,0,1,0,-0.45023380294534332,-0.65133194459383781,-1.7761276289159009,-1.926558366155622,-1.4075246705526243,1.2988901635551018,-0.021366567793637315,0,0,0,0,0,0,4.8982266550588589,21.637569333056319,-7.3471568757577899,3.25601484815384,-0.20231548571052987,2.6392869010086195e-16,5.263676324404357,21.712522213313854,-7.3892260450871863,3.2367317735865888,-0.10570827680433632,0.025639881352364998,5.263676324404357,21.712522213313854,-7.3892260450871863,3.2367317735865888,-0.10570827680433631,1,1.8307835762794629,1.7616246212198707,1,1,1
1786521340.9868343,1,1,0.99097259234428381,1.1322549148759391,0.1340646158479184,4,0,1,0,-0.45058170143467507,-0.65133146997106928,-1.7761257304248268,-1.9265597900239275,-1.407519924324939,1.2988896889323331,-0.012107721749727811,-0.00035610946322728857,0,0.00035610946322728857,0.00035610946322728857,-0.00071221892645457715,-1.0752204852568228,5.3761024262841133,21.252901433801984,-7.3471568757577899,3.1864688999408455,-0.10115774285526494,-4.9170940214469938e-16,5.263641737269201,21.712539428305842,-7.3892076796737953,3.236723288839038,-0.10570700253140063,0.014529266099672929,5.2640690686250737,21.712539428305842,-7.3893323179859252,3.2366591891356573,-0.10557880312463881,1,1.8307835762794629,1.7616246212198707,1,1,1
1786521341.0081191,1,1,0.99097259234428381,1.1322549148759391,0.1340646158479184,4,0,1,0,-0.45075541336795671,-0.65133146997106928,-1.7761252558020584,-1.9265607392694646,-1.4075180258338649,1.2988906381778702,-0.0056977514116366172,0,0,0,0.00035610946322728857,0,0.47787577122525454,4.8982266550588589,22.637705871117589,-7.250989900944206,3.25601484815384,-0.031611794642270291,-4.0105993612954416e-16,5.2636369749244318,21.712544267622317,-7.3891993887432248,3.2367191219230431,-0.10570812072998335,0.0068373016939634965,5.2636369749244318,21.712544267622317,-7.3891993887432248,3.2366550222196624,-0.10570812072998337,1,1.8307835762794629,1.7616246212198707,1,1,1
1786521341.0290713,1,1,0.99097259234428381,1.1322549148759391,0.1340646158479184,4,0,1,0,-0.45081379196848576,-0.65133099534830075,-1.7761247811792897,-1.9265621631377703,-1.4075170765883278,1.2988906381778702,-0.00035610946322728857,0.00035610946322728857,0,-0.00035610946322728857,0.00035610946322728857,-0.00035610946322728857,0.15929192374175152,5.3761024262841133,22.003003837347936,-7.250989900944206,3.0536993624433104,-0.20231548571052987,2.5952750690692861e-16,5.2636163781784671,21.712547261116374,-7.3891927601299034,3.2367130696528355,-0.10570748688800038,0.00042733135587296833,5.2631890468225953,21.712547261116374,-7.3890681218177736,3.2366489699494547,-0.10564338718461951,1,1.8307835762794629,1.7616246212198707,1,1,1
1786521341.050149,1,1,0.99097259234428381,1.1322549148759391,0.1340646158479184,4,0,1,0,-0.45081474121402282,-0.65133099534830075,-1.7761247811792897,-1.9265631123833074,-1.4075132796061796,1.2988911128006388,0,0,-0.00035610946322728857,0,0.00071221892645457715,0,0.31858384748350305,5.2168105025423621,21.906836862534352,-6.8855553966525882,3.25601484815384,-0.063223589284540582,-1.8901031998211359e-16,5.263586981111386,21.712576535570371,-7.3891827841240518,3.23669751267302,-0.10570587670166925,-2.2204460492503131e-16,5.2635869811113869,21.712861423140954,-7.3891827841240518,3.2365693132662581,-0.10570587670166925,1,1.8307835762794629,1.7616246212198707,1,1,1
1786521341.0712459,1,1,0.99097259234428381,1.1322549148759391,0.1340646158479184,4,0,1,0,-0.45081474121402282,-0.65132767298892102,-1.7761262050475954,-1.9265635870060758,-1.4075094826240313,1.2988911128006388,0,0,0,0,0,0,0.15929192374175152,5.0575185788006101,21.906836862534352,-7.7125913800494077,3.123245310656305,-0.063223589284540582,7.362884715984841e-16,5.2633627928974702,21.712676106202817,-7.3891912114406688,3.2366423882452855,-0.10569540314084989,6.6613381477509392e-16,5.2633627928974702,21.712676106202817,-7.3891912114406688,3.2366423882452855,-0.10569540314084991,1,1.8307835762794629,1.7616246212198707,1,1,1
1786521341.0927124,1,1,0.99097259234428381,1.1322549148759391,0.1340646158479184,4,0,1,0,-0.45081569045955988,-0.65132672374338396,-1.7761266796703639,-1.9265631123833074,-1.4075061602646517,1.2988911128006388,0,0,0,0,0.00035610946322728857,0,0.31858384748350305,5.2168105025423621,21.44523538342915,-7.250989900944206,3.22440305351157,0.069545948212994646,-2.0230196099042808e-16,5.2632754582973424,21.712727715348446,-7.389192040973386,3.2366187868640286,-0.10569094539189378,-2.2204460492503131e-16,5.2632754582973424,21.712727715348446,-7.389192040973386,3.2365546871606479,-0.10569094539189378,1,1.8307835762794629,1.7616246212198707,1,1,1
1786521341.1142094,1,1,0.99097259234428381,1.1322549148759391,0.1340646158479184,4,0,1,0,-0.45081616508232841,-0.65132672374338396,-1.7761219334426788,-1.9265645362516128,-1.4074999901686609,1.2988911128006388,-0.00035610946322728857,0,0.00035610946322728857,0,0.00035610946322728857,0.00035610946322728857,-0.11946894280631364,5.3761024262841133,21.906836862534352,-7.6356578001985413,3.1548571052985754,-0.30347322856579484,-3.0737809216321854e-16,5.2632948434807236,21.712709388390103,-7.3891594457341858,3.2366333552828146,-0.10569524027616348,0.00042733135587252424,5.2632948434807245,21.71242450081952,-7.3891594457341858,3.2365692555794339,-0.10575933997954436,1,1.8307835762794629,1.7616246212198707,1,1,1
1786521341.1357071,1,1,0.99097259234428381,1.1322549148759391,0.1340646158479184,4,0,1,0,-0.45081521583679135,-0.65132672374338396,-1.7761181364605305,-1.926567383988224,-1.4074890738449846,1.2988906381778702,0,0,0,0,0.00035610946322728857,0,-0.27876086654806514,5.3761024262841133,21.810669887720771,-7.1740563210933397,3.1864688999408455,-0.063223589284540582,5.9857446690209093e-16,5.2632627792450535,21.712742111593592,-7.3891168678914205,3.2366193812195991,-0.10569419621361398,6.6613381477509392e-16,5.2632627792450526,21.712742111593592,-7.3891168678914205,3.2365552815162184,-0.10569419621361398,1,1.8307835762794629,1.7616246212198707,1,1,1
1786521341.1571412,1,1,0.99097259234428381,1.1322549148759391,0.1340646158479184,4,0,1,0,-0.45081426659125429,-0.65132672374338396,-1.7761157633466877,-1.9265702317248352,-1.4074757844074659,1.2988911128006388,0,0,0,0,0.00071221892645457715,0,0.79645961870875759,5.3761024262841133,21.541402358242735,-7.3471568757577899,3.1548571052985754,-0.30347322856579484,-4.7925462968827215e-16,5.2631905007988689,21.712814578946531,-7.3890751730754243,3.2365850941452901,-0.1056907623041167,-4.4408920985006262e-16,5.2631905007988697,21.712814578946531,-7.3890751730754243,3.2364568947385282,-0.10569076230411673,1,1.8307835762794629,1.7616246212198707,1,1,1
1786521341.1780891,1,1,0.99097259234428381,1.1322549148759391,0.1340646158479184,4,0,1,0,-0.45081331734571722,-0.65132672374338396,-1.7761048470230116,-1.9265740287069835,-1.4074477816641227,1.2988920620461759,0,0,0,-0.00035610946322728857,0.0021366567793637313,0,-0.11946894280631364,5.3761024262841133,21.541402358242735,-6.981722371466172,3.2876266427961105,-0.063223589284540582,-1.167245282634316e-16,5.2631155708368862,21.712891421477764,-7.3889740795803256,3.2365666916238176,-0.10569365808392142,-2.2204460492503131e-16,5.2631155708368871,21.712891421477764,-7.3888494412681958,3.2361820934035319,-0.10569365808392145,1,1.8307835762794629,1.7616246212198707,1,1,1
1786521341.1995144,1,1,0.99097259234428381,1.1322549148759391,0.1340646158479184,4,0,1,0,-0.45081236810018016,-0.65132672374338396,-1.7761034231547062,-1.9265778256891317,-1.4073514332421113,1.2988925366689443,0,0,0,0,0.0071221892645457717,0,0.31858384748350305,5.3761024262841133,21.714502912907186,-6.8855553966525882,3.2876266427961105,0.069545948212994646,4.6694554689877266e-16,5.2622925393079605,21.713711197437526,-7.3887860310504374,3.2362125709049314,-0.10563764491842742,4.4408920985006262e-16,5.2622925393079596,21.713711197437526,-7.3887860310504374,3.2349305768373133,-0.10563764491842742,1,1.8307835762794629,1.7616246212198707,1,1,1
1786521341.2209547,1,1,0.99097259234428381,1.1322549148759391,0.1340646158479184,4,0,1,0,-0.45081236810018016,-0.6513257744978469,-1.7761038977774746,-1.9265792495574372,-1.407153040924866,1.298893011291713,0,0,0,0,0.010327174433591369,0,0,5.5353943500258653,21.714502912907186,-6.712454841988138,3.22440305351157,-0.26553907499507046,1.4224834146963489e-15,5.260473936442601,21.715486568740268,-7.3884362249653508,3.2354574465449439,-0.10551426696862438,1.3322676295501878e-15,5.2604739364426001,21.715486568740268,-7.3884362249653508,3.2335985551468975,-0.10551426696862437,1,1.8307835762794629,1.7616246212198707,1,1,1
1786521341.2424126,1,1,0.99097259234428381,1.1322549148759391,0.1340646158479184,4,0,1,0,-0.45081046960910603,-0.65132340138400424,-1.7761029485319375,-1.9265811480485113,-1.406906237085231,1.2988934859144814,0.00035610946322728857,0.00035610946322728857,0,0,0.013176050139409676,0,0.15929192374175152,5.3761024262841133,21.252901433801984,-7.3471568757577899,3.1548571052985754,-0.16438133213980552,8.2591472181335612e-16,5.2581727038745942,21.717689897254253,-7.3879989662352576,3.2345205148982692,-0.10536115504610805,-0.00042733135587185811,5.2577453725187224,21.717689897254253,-7.3879989662352576,3.2321488258731756,-0.10536115504610805,1,1.8307835762794629,1.7616246212198707,1,1,1
1786521341.2636054,1,1,0.99097259234428381,1.1322549148759391,0.1340646158479184,4,0,1,0,-0.4508076218724949,-0.65132292676123571,-1.7760986769270208,-1.9265858942761966,-1.4065497953860657,1.29889396053725,0,0,0.00035610946322728857,-0.00035610946322728857,0.019586020477500871,0,0.15929192374175152,5.2168105025423621,21.714502912907186,-7.3471568757577899,3.1864688999408455,-0.13276953749753523,1.5716865742892994e-16,5.2550511298509033,21.720781193981651,-7.387338984100742,3.2332128012465011,-0.10514957426277606,2.2204460492503131e-16,5.2550511298509042,21.720496306411068,-7.3872143457886121,3.2296873175605509,-0.10514957426277605,1,1.8307835762794629,1.7616246212198707,1,1,1
1786521341.284759,1,1,0.99097259234428381,1.1322549148759391,0.1340646158479184,4,0,1,0,-0.4508076218724949,-0.65132245213846718,-1.7760967784359467,-1.9265882673900394,-1.4060680532760088,1.2988949097827871,0,0,-0.00035610946322728857,0,0.026708209742046643,0,0,5.0575185788006101,21.714502912907186,-7.250989900944206,3.25601484815384,0.037934153570724355,-1.3823577699190182e-17,5.2507696622101676,21.725026840132905,-7.3864726383649941,3.2314207090064575,-0.10485777948500416,0,5.2507696622101667,21.725311727703488,-7.3864726383649941,3.2266132312528892,-0.10485777948500413,1,1.8307835762794629,1.7616246212198707,1,1,1
1786521341.3061647,1,1,0.99097259234428381,1.1322549148759391,0.1340646158479184,4,0,1,0,-0.45080524875865224,-0.65132150289293012,-1.7760948799448726,-1.9265901658811135,-1.4053855457348643,1.2988953844055555,0.00035610946322728857,0,0.00035610946322728857,0,0.034542617933046992,-0.00035610946322728857,-0.59734471403156819,5.2168105025423621,22.272271366825972,-6.981722371466172,3.22440305351157,-0.063223589284540582,-5.9220477913873859e-16,5.2446712178716428,21.731063945958564,-7.3852510510881428,3.2288734931568048,-0.10444098484885042,-0.00042733135587341242,5.2446712178716437,21.730779058387981,-7.3852510510881428,3.2226558219288566,-0.10437688514546949,1,1.8307835762794629,1.7616246212198707,1,1,1
1786521341.3276851,1,1,0.99097259234428381,1.1322549148759391,0.1340646158479184,4,0,1,0,-0.45079765479435574,-0.65132007902462463,-1.7760844382439649,-1.9265958613543357,-1.4044813893608166,1.2988963336510926,0.00035610946322728857,0,0.00035610946322728857,-0.00071221892645457715,0.049855324851820398,-0.00035610946322728857,0,5.3761024262841133,21.637569333056319,-6.981722371466172,3.1548571052985754,-0.16438133213980552,-7.031389901747398e-17,5.2367120424634503,21.738937836544032,-7.3835888308738058,3.225556799044067,-0.10390206505068977,-0.00042733135587274629,5.2367120424634512,21.738652948973449,-7.383339554249547,3.2165828405707395,-0.10383796534730887,1,1.8307835762794629,1.7616246212198707,1,1,1
1786521341.3490617,1,1,0.99097259234428381,1.1322549148759391,0.1340646158479184,4,0,1,0,-0.45079243394390195,-0.6513196044018561,-1.7760796920162796,-1.9266048791869379,-1.4031239682428236,1.2988972828966296,0,-0.00035610946322728857,-0.00035610946322728857,0,0.076207425130639758,0,-0.59734471403156819,5.3761024262841133,22.079937417198803,-7.3471568757577899,3.123245310656305,0,-1.367551634001013e-16,5.2246916921459174,21.750889379217224,-7.3811127232950255,3.2204928641623436,-0.10307538275042702,-2.2204460492503131e-16,5.2251190235017893,21.751174266787807,-7.3811127232950255,3.2067755276388286,-0.10307538275042699,1,1.8307835762794629,1.7616246212198707,1,1,1
1786521341.3701303,1,1,0.99097259234428381,1.1322549148759391,0.1340646158479184,4,0,1,0,-0.45079243394390195,-0.6513196044018561,-1.7760806412618166,-1.9266077269235491,-1.4011704209275584,1.2988987067649354,0,0,0,-0.00035610946322728857,0.1121744809165959,0,0.15929192374175152,5.5353943500258653,22.272271366825972,-7.6356578001985413,3.0157652088725859,-0.10115774285526494,4.8019314219382991e-16,5.2072776652177328,21.768227569409436,-7.3775848747883694,3.2131527170110261,-0.10187204437264141,4.4408920985006262e-16,5.2072776652177337,21.768227569409436,-7.3774602364762396,3.192961310446039,-0.10187204437264141,1,1.8307835762794629,1.7616246212198707,1,1,1
1786521341.3914793,1,1,0.99097259234428381,1.1322549148759391,0.1340646158479184,4,0,1,0,-0.4507886369617537,-0.6513196044018561,-1.7760811158845853,-1.9266082015463175,-1.3984726651112398,1.2988987067649354,0.00035610946322728857,0,0.00035610946322728857,0,0.12855551622505118,0,-1.0752204852568228,5.0575185788006101,22.003003837347936,-7.8087583548629915,3.1864688999408455,-0.10115774285526494,-9.3068592112513504e-17,5.1832288855245885,21.79217175715949,-7.3726742883202991,3.2030082164632034,-0.100204991302344,-0.00042733135587274629,5.1832288855245876,21.791886869588907,-7.3726742883202991,3.1798682235426941,-0.100204991302344,1,1.8307835762794629,1.7616246212198707,1,1,1
1786521341.4128497,1,1,0.99097259234428381,1.1322549148759391,0.1340646158479184,4,0,1,0,-0.450777246015309,-0.65131485817417079,-1.7760815905073537,-1.9266105746601603,-1.3955133921494616,1.2988991813877038,0,0.00035610946322728857,0,0,0.14992208401868848,0,0.79645961870875759,5.3761024262841133,21.637569333056319,-6.981722371466172,3.0536993624433104,-0.16438133213980552,-8.4279778251802884e-17,5.1566173141486988,21.818491365789782,-7.3672341075595806,3.1918106628764842,-0.098363927874811463,0,5.156189982792827,21.818491365789782,-7.3672341075595806,3.1648246877531201,-0.098363927874811463,1,1.8307835762794629,1.7616246212198707,1,1,1
1786521341.4343104,1,1,0.99097259234428381,1.1322549148759391,0.1340646158479184,4,0,1,0,-0.45077677139254047,-0.65131295968309666,-1.7760782681479741,-1.9266143716423085,-1.3919570437448741,1.2988987067649354,0,0,0.00035610946322728857,0,0.1741375275181441,0,1.4336273136757636,5.0575185788006101,22.541538896304004,-7.0778893462797559,3.1864688999408455,-0.13276953749753523,3.9557455076312531e-16,5.1248988354417158,21.850002187279532,-7.3605777110140496,3.1783793207624296,-0.096155946893179814,4.4408920985006262e-16,5.1248988354417149,21.849717299708949,-7.3605777110140496,3.1470345658091636,-0.0961559468931798,1,1.8307835762794629,1.7616246212198707,1,1,1
1786521341.4556122,2,1,0.99097259234428381,1.1322549148759391,0.1340646158479184,4,0,1,0,-0.45077629676977199,-0.65131343430586519,-1.7760758950341313,-1.9266191178699936,-1.3881529422551142,1.2988991813877038,0.00035610946322728857,0,0,-0.00035610946322728857,0.20048962779696347,0,0.15929192374175152,4.5796428075753557,22.003003837347936,-7.3471568757577899,3.123245310656305,-0.063223589284540582,-5.1194332518871011e-16,5.0910965312713614,21.883675669029319,-7.3533442502373374,3.1639780406631366,-0.093789565784874462,-0.00042733135587319038,5.0910965312713605,21.883675669029319,-7.3532196119252076,3.1269106520657561,-0.093789565784874462,1,1.8307835762794629,1.7616246212198707,1,1,1
1786521341.4766467,2,1,0.99097259234428381,1.1322549148759391,0.1340646158479184,4,0,1,0,-0.45077297441039227,-0.65131295968309666,-1.7760782681479741,-1.9266214909838364,-1.3837465444720913,1.2988987067649354,0.00035610946322728857,0,-0.00035610946322728857,0,0.20725570759828194,0,-0.11946894280631364,4.8982266550588589,22.637705871117589,-7.3471568757577899,2.8134497231620559,-0.16438133213980552,6.3076171889775434e-16,5.0518135905331549,21.92276969688816,-7.3448605891692109,3.1471926260957668,-0.091025824938116437,-0.00042733135587208016,5.0518135905331549,21.923054584458743,-7.3448605891692109,3.095375183531512,-0.091025824938116451,1,1.8307835762794629,1.7616246212198707,1,1,1
1786521341.4980099,2,1,0.99097259234428381,1.1322549148759391,0.1340646158479184,4,0,1,0,-0.45076822818270695,-0.651310586569254,-1.7760787427707425,-1.9266224402293735,-1.3793206871555586,1.2988982321421667,-0.00035610946322728857,0.00035610946322728857,0,0,0.22150008612737349,0,-0.27876086654806514,5.2168105025423621,22.079937417198803,-7.1740563210933397,2.9841534142303154,-0.063223589284540582,6.7703682287215128e-16,5.0122958161132942,21.962027373096621,-7.3361961293892515,3.130274369757938,-0.088238469298582881,0.00042733135587341242,5.0118684847574206,21.962027373096621,-7.3361961293892515,3.047404182000264,-0.088238469298582867,1,1.8307835762794629,1.7616246212198707,1,1,1
1786521341.5192096,2,1,0.99097259234428381,1.1322549148759391,0.1340646158479184,4,0,1,0,-0.45076680431440136,-0.6513120104375596,-1.7760792173935112,-1.9266233894749105,-1.3742469697599839,1.2988987067649354,0,0,-0.00035610946322728857,0.00035610946322728857,0.23930555928873792,0,0,4.8982266550588589,21.637569333056319,-6.5201208923609704,2.9146074660173209,0.037934153570724355,1.3097501056803795e-16,4.9672286088874742,22.006951264856475,-7.3260665716449713,3.1108405772575507,-0.085037791214796682,2.2204460492503131e-16,4.9672286088874733,22.007236152427058,-7.3261912099571012,2.9891544580081022,-0.085037791214796654,1,1.8307835762794629,1.7616246212198707,1,1,1
1786521341.5405941,2,1,0.99097259234428381,1.1322549148759391,0.1340646158479184,4,0,1,0,-0.45076443120055876,-0.65131390892863372,-1.7760792173935112,-1.9266243387204476,-1.3690199492101742,1.2988987067649354,0,0,-0.00035610946322728857,0,0.2457155296268291,0,0.15929192374175152,4.8982266550588589,21.810669887720771,-7.5394908253849575,3.0157652088725859,-0.031611794642270291,5.3034088080307351e-16,4.9208503478154215,22.053198168069201,-7.3154241325063074,3.0907432703783093,-0.081725499076472224,4.4408920985006262e-16,4.9208503478154215,22.053483055639784,-7.3154241325063074,2.955083415791822,-0.081725499076472252,1,1.8307835762794629,1.7616246212198707,1,1,1
1786521341.5617254,2,1,0.99097259234428381,1.1322549148759391,0.1340646158479184,4,0,1,0,-0.45076063421841051,-0.65131153581479106,-1.7760801666390482,-1.9266257625887531,-1.3639993895646747,1.2988972828966296,0.00035610946322728857,0.00035610946322728857,-0.00035610946322728857,0,0.25212549996492029,0.00035610946322728857,-0.27876086654806514,4.8982266550588589,22.176104392012387,-7.250989900944206,2.7502261338775154,-0.031611794642270291,5.0134186082087528e-16,4.8760946631959641,22.097670716406732,-7.3050238020370966,3.0713148700552155,-0.078518011540170657,-0.0004273313558723022,4.8756673318400905,22.097955603977315,-7.3050238020370966,2.9216812801316894,-0.078582111243551536,1,1.8307835762794629,1.7616246212198707,1,1,1
1786521341.5830052,2,1,0.99097259234428381,1.1322549148759391,0.1340646158479184,4,0,1,0,-0.45075778648179932,-0.65131295968309666,-1.7760796920162796,-1.9266262372115217,-1.3585279382890727,1.2988963336510926,0.00035610946322728857,-0.00035610946322728857,0.00035610946322728857,0,0.25141328103846572,0,-0.91592856151507118,4.8982266550588589,22.272271366825972,-7.8087583548629915,2.8829956713750509,-0.063223589284540582,8.3043787775169409e-16,4.8275723021060131,22.146034736528204,-7.2934573571527439,3.0501025177848695,-0.075016400050782542,-0.00042733135587185811,4.8279996334618849,22.145749848957621,-7.2934573571527439,2.9020215651210139,-0.075016400050782528,1,1.8307835762794629,1.7616246212198707,1,1,1
1786521341.604553,2,1,0.99097259234428381,1.1322549148759391,0.1340646158479184,4,0,1,0,-0.45075446412241965,-0.65131533279693932,-1.7760758950341313,-1.9266290849481329,-1.3531476145850283,1.2988968082738612,0.00071221892645457715,0,0,0,0.24607163909005639,0,0.31858384748350305,5.0575185788006101,22.272271366825972,-7.7125913800494077,3.0157652088725859,-0.063223589284540582,3.9327400927838263e-16,4.7799969490896546,22.19349173625907,-7.2818406225289216,3.0291862764913122,-0.071565684576821831,-0.00085466271174504849,4.7799969490896546,22.19349173625907,-7.2818406225289216,2.8927501032749894,-0.071565684576821831,1,1.8307835762794629,1.7616246212198707,1,1,1
1786521341.6259887,2,1,0.99097259234428381,1.1322549148759391,0.1340646158479184,4,0,1,0,-0.45075114176303993,-0.65131485817417079,-1.7760777935252055,-1.9266319326847441,-1.3477957682470956,1.2988968082738612,0,0,0.00035610946322728857,0,0.24215443499455622,-0.00035610946322728857,0.15929192374175152,4.4203508838336045,22.176104392012387,-7.4433238505713737,2.8513838767327804,-0.031611794642270291,-5.3289214404020346e-16,4.7324713098189033,22.240792288805533,-7.2700989460335377,3.0082215859800185,-0.068101528180142715,-4.4408920985006262e-16,4.7324713098189042,22.24050740123495,-7.2700989460335377,2.8803249176918859,-0.068037428476761794,1,1.8307835762794629,1.7616246212198707,1,1,1
1786521341.64749,2,1,0.99097259234428381,1.1322549148759391,0.1340646158479184,4,0,1,0,-0.45073975081659523,-0.6513120104375596,-1.7760796920162796,-1.9266324073075125,-1.3422312909088621,1.2988968082738612,-0.00035610946322728857,0,0,0,0.24429109177391994,0,0,4.8982266550588589,22.541538896304004,-7.250989900944206,2.8513838767327804,-0.031611794642270291,1.1154576882391881e-15,4.6829590937350307,22.289982557757405,-7.257679128358161,2.9863188556887659,-0.064478914985244759,0.00042733135587385651,4.6829590937350316,22.289982557757405,-7.257679128358161,2.8537642756216206,-0.064478914985244773,1,1.8307835762794629,1.7616246212198707,1,1,1
1786521341.66857,2,1,0.99097259234428381,1.1322549148759391,0.1340646158479184,4,0,1,0,-0.45073310609783585,-0.65131295968309666,-1.7760787427707425,-1.9266328819302811,-1.3374252607547377,1.2988972828966296,0.00035610946322728857,0,0.00035610946322728857,0.00035610946322728857,0.25141328103846572,0,0.15929192374175152,5.2168105025423621,22.733872845931174,-6.8855553966525882,2.7818379285197858,-0.031611794642270291,7.0615103933517609e-16,4.6404387780600729,22.332352903316121,-7.2467443139603347,2.9673775787943999,-0.061347031547404604,-0.00042733135587208016,4.640438778060072,22.332068015745538,-7.2468689522724645,2.8192966261305443,-0.061347031547404618,1,1.8307835762794629,1.7616246212198707,1,1,1
1786521341.6898413,2,1,0.99097259234428381,1.1322549148759391,0.1340646158479184,4,0,1,0,-0.45072598675630787,-0.65131580741970785,-1.7760758950341313,-1.9266352550441237,-1.3321270467896487,1.2988972828966296,0.00035610946322728857,0,0,-0.00035610946322728857,0.24820829586942014,0,-0.27876086654806514,4.5796428075753557,22.464605316453138,-6.981722371466172,2.7818379285197858,0.037934153570724355,-4.598236938782585e-16,4.5937208619776273,22.378973381113642,-7.2344704547848044,2.9464426235659356,-0.057884512817252938,-0.00042733135587319038,4.5937208619776273,22.378973381113642,-7.2343458164726746,2.8053485385705996,-0.057884512817252931,1,1.8307835762794629,1.7616246212198707,1,1,1
1786521341.7112193,2,1,0.99097259234428381,1.1322549148759391,0.1340646158479184,4,0,1,0,-0.45071696892370583,-0.65131343430586519,-1.776077318902437,-1.9266385774035033,-1.3268762951014126,1.2988968082738612,0.0010683283896818657,0,-0.00035610946322728857,0,0.24535942016360182,0,-0.75663663777331969,4.7389347313171077,22.541538896304004,-7.3471568757577899,2.7122919803067913,0,-7.5284288351962214e-18,4.5471251874462197,22.425277387329423,-7.2221288559143186,2.9255315998750877,-0.054420564293027357,-0.0012819940676182388,4.5471251874462189,22.425562274900006,-7.2221288559143186,2.7906480639184359,-0.054420564293027385,1,1.8307835762794629,1.7616246212198707,1,1,1
1786521341.7326961,2,1,0.99097259234428381,1.1322549148759391,0.1340646158479184,4,0,1,0,-0.45070605260002966,-0.6513120104375596,-1.7760768442796684,-1.9266409505173461,-1.3218462430005427,1.2988968082738612,0.00071221892645457715,0,0,0,0.2425105444577835,0,0.15929192374175152,4.4203508838336045,22.003003837347936,-6.981722371466172,2.8134497231620559,0.069545948212994646,2.2879715158054259e-16,4.5025889552113432,22.469566495614774,-7.2101066040403659,2.9054484205894862,-0.051093310214363641,-0.00085466271174527053,4.5025889552113432,22.469566495614774,-7.2101066040403659,2.776775433671518,-0.051093310214363641,1,1.8307835762794629,1.7616246212198707,1,1,1
1786521341.753998,2,1,0.99097259234428381,1.1322549148759391,0.1340646158479184,4,0,1,0,-0.45068849155759411,-0.65131485817417079,-1.7760739965430572,-1.9266456967450314,-1.3166880427521697,1.2988972828966296,0.00035610946322728857,-0.00035610946322728857,0.00035610946322728857,-0.00035610946322728857,0.23004671324482842,0,-0.43805279028981664,4.5796428075753557,22.272271366825972,-7.250989900944206,2.7818379285197858,0.037934153570724355,4.7764526708848898e-16,4.4572198810865,22.514843853048959,-7.1975515613076615,2.8848275504184704,-0.047678587665462159,-0.0004273313558723022,4.4576472124423736,22.514558965478376,-7.1974269229955317,2.7833257155447444,-0.04767858766546218,1,1.8307835762794629,1.7616246212198707,1,1,1
1786521341.7750487,2,1,0.99097259234428381,1.1322549148759391,0.1340646158479184,4,0,1,0,-0.45067615136561234,-0.65131580741970785,-1.7760716234292147,-1.9266627831646983,-1.3116252416802712,1.2988972828966296,0,0,0.00035610946322728857,-0.0014244378529091543,0.23075893217128299,0,-0.11946894280631364,3.9424751126083497,22.464605316453138,-7.3471568757577899,2.7818379285197858,-0.13276953749753523,3.7048882299724195e-16,4.4126680077619769,22.559237048345949,-7.185001794429648,2.8644628428651693,-0.044306187960870616,4.4408920985006262e-16,4.4126680077619769,22.558952160775366,-7.1845032411811296,2.7614083707317727,-0.044306187960870602,1,1.8307835762794629,1.7616246212198707,1,1,1
1786521341.7963638,2,1,0.99097259234428381,1.1322549148759391,0.1340646158479184,4,0,1,0,-0.45066808277854736,-0.65131485817417079,-1.7760758950341313,-1.9267562838500987,-1.3069013212651024,1.2988977575193983,0.00035610946322728857,0.00035610946322728857,-0.00035610946322728857,-0.0085466271174549253,0.2304028227080557,0.00035610946322728857,0.31858384748350305,3.9424751126083497,23.003140375409206,-7.0778893462797559,2.7818379285197858,-0.13276953749753523,3.553709789546472e-16,4.3712287309440025,22.600460043624878,-7.1728853725563777,2.8451292630762377,-0.041120101939020923,-0.0004273313558723022,4.3708013995881307,22.600744931195461,-7.1698940530652688,2.7428511095726762,-0.041184201642401851,1,1.8307835762794629,1.7616246212198707,1,1,1
1786521341.8178906,2,1,0.99097259234428381,1.1322549148759391,0.1340646158479184,4,0,1,0,-0.45066238730532499,-0.65131533279693932,-1.7760735219202888,-1.9268906020935923,-1.3020948164882094,1.2988972828966296,0.00035610946322728857,-0.00035610946322728857,0.00035610946322728857,-0.0042733135587274627,0.22506118075964637,0.00035610946322728857,0.63716769496700609,4.4203508838336045,22.272271366825972,-7.1740563210933397,2.8513838767327804,-0.031611794642270291,4.5681164471782221e-16,4.3294153134776812,22.642110083511433,-7.1602268099668009,2.8253532884283703,-0.037870281133648431,-0.0004273313558723022,4.3298426448335539,22.64182519594085,-7.1587311502212465,2.7347199143723411,-0.037934380837029345,1,1.8307835762794629,1.7616246212198707,1,1,1
1786521341.8394458,2,1,0.99097259234428381,1.1322549148759391,0.1340646158479184,4,0,1,0,-0.45065906494594532,-0.65132292676123571,-1.7760683010698348,-1.9269708133414736,-1.2973338754970953,1.2988968082738612,0.00035610946322728857,-0.00035610946322728857,0.00035610946322728857,-0.0046294230219547511,0.21330956847314586,0,0.15929192374175152,4.4203508838336045,22.637705871117589,-7.5394908253849575,2.7818379285197858,-0.031611794642270291,7.6768290075551748e-17,4.2882461855625742,22.683383019787485,-7.1476660179292377,2.8059111752221617,-0.034664080411357372,-0.00042733135587274629,4.288673516918446,22.683098132216902,-7.1460457198715535,2.7408963159507036,-0.034664080411357379,1,1.8307835762794629,1.7616246212198707,1,1,1
1786521341.8606381,2,1,0.99097259234428381,1.1322549148759391,0.1340646158479184,4,0,1,0,-0.45065147098164882,-0.65132197751569865,-1.7760668772015293,-1.9270714333684018,-1.2928396725018945,1.2988968082738612,0.00035610946322728857,0.00035610946322728857,0,-0.0046294230219547511,0.20013351833373619,-0.00035610946322728857,1.1150434661922606,3.9424751126083497,22.830039820744755,-7.9049253296765754,2.7818379285197858,-0.063223589284540582,4.604742151817498e-16,4.249033333912025,22.722390395477966,-7.1356113845252835,2.7873327443589067,-0.031601700358417556,-0.0004273313558723022,4.2486060025561523,22.722390395477966,-7.1339910864675993,2.7510416743913622,-0.031537600655036614,1,1.8307835762794629,1.7616246212198707,1,1,1
1786521341.8818805,1,1,0.99097259234428381,1.1322549148759391,0.1340646158479184,4,0,1,0,-0.45064625013119503,-0.65131865515631904,-1.7760706741836776,-1.9271435760292182,-1.2887631375429991,1.2988972828966296,0,-0.00035610946322728857,-0.00035610946322728857,-0.0024927662425910197,0.19942129940728159,0,0.15929192374175152,4.2610589600918525,23.099307350222791,-7.1740563210933397,2.7818379285197858,-0.13276953749753523,-4.0791412673872596e-16,4.2132165520392917,22.757927080275881,-7.1246395033060868,2.770414587776814,-0.028805241106076018,-4.4408920985006262e-16,4.2136438833951635,22.758211967846464,-7.1237670351211797,2.7345187538835032,-0.028805241106076018,1,1.8307835762794629,1.7616246212198707,1,1,1
1786521341.9033768,1,1,0.99097259234428381,1.1322549148759391,0.1340646158479184,4,0,1,0,-0.45064387701735237,-0.65132007902462463,-1.7760697249381405,-1.927180121982395,-1.2845817109522588,1.2988968082738612,0,0,0,-0.0014244378529091543,0.18624524926787192,0.00035610946322728857,0.15929192374175152,4.4203508838336045,22.830039820744755,-7.250989900944206,2.7502261338775154,0.037934153570724355,3.5843046196012973e-16,4.1766875303070368,22.794349718373791,-7.1133522787079055,2.7531892631621191,-0.025949386465476121,4.4408920985006262e-16,4.1766875303070377,22.794349718373791,-7.1128537254593871,2.7196651182939022,-0.026013486168857031,1,1.8307835762794629,1.7616246212198707,1,1,1
1786521341.9249494,1,1,0.99097259234428381,1.1322549148759391,0.1340646158479184,4,0,1,0,-0.45064340239458384,-0.65132102827016158,-1.7760687756926035,-1.9272252111454051,-1.2807168577481274,1.2988963336510926,0.00035610946322728857,0,-0.00035610946322728857,-0.0021366567793637313,0.16950810449618936,0,0.15929192374175152,3.9424751126083497,22.830039820744755,-7.250989900944206,2.7122919803067913,-0.13276953749753523,6.9197848406171714e-16,4.1429725956762358,22.827952998569383,-7.1027683100884325,2.7371900697400067,-0.023298372095156041,-0.00042733135587208016,4.1429725956762367,22.828237886139966,-7.1020204802156552,2.7066786109306924,-0.023298372095156061,1,1.8307835762794629,1.7616246212198707,1,1,1
1786521341.9464176,1,1,0.99097259234428381,1.1322549148759391,0.1340646158479184,4,0,1,0,-0.45064340239458384,-0.65132102827016158,-1.7760692503153719,-1.9272698256856469,-1.2771410498100302,1.2988963336510926,0,0,0,-0.0017805473161364429,0.16737144771682563,0,-0.43805279028981664,4.1017670363501013,22.733872845931174,-7.0778893462797559,2.5795224428092558,-0.031611794642270291,-1.8345378384812538e-16,4.1117461647584914,22.859043092291707,-7.0928763991158537,2.7223225312571007,-0.020834562378307688,-2.2204460492503131e-16,4.1117461647584923,22.859043092291707,-7.0922532075552063,2.6921956706680721,-0.020834562378307664,1,1.8307835762794629,1.7616246212198707,1,1,1
1786521341.9677167,1,1,0.99097259234428381,1.1322549148759391,0.1340646158479184,4,0,1,0,-0.45064340239458384,-0.65132719836615249,-1.7760687756926035,-1.9273002015428329,-1.273560021021479,1.2988963336510926,0,-0.00035610946322728857,-0.00035610946322728857,-0.0014244378529091543,0.15740038274646154,0,0.63716769496700609,3.9424751126083497,23.003140375409206,-6.8855553966525882,2.6806801856645208,-0.13276953749753523,-8.4861181666798235e-16,4.0807776951314843,22.890105475677519,-7.0829005204157545,2.7074947414456272,-0.018375252344128047,-8.8817841970012523e-16,4.0812050264873561,22.890390363248102,-7.082401967167236,2.6791626725512643,-0.018375252344128068,1,1.8307835762794629,1.7616246212198707,1,1,1
1786521341.9890003,1,1,0.99097259234428381,1.1322549148759391,0.1340646158479184,4,0,1,0,-0.45064340239458384,-0.65132814761168956,-1.7760692503153719,-1.9273410191009264,-1.2704597850974477,1.2988968082738612,0,0,0,-0.0017805473161364429,0.15241485026127952,0,-0.27876086654806514,3.6637142460602847,23.003140375409206,-7.1740563210933397,2.7122919803067913,0.069545948212994646,8.8145297809892609e-16,4.0537970631054421,22.917003508218691,-7.0741574154358489,2.6945444020659077,-0.016229152586129121,8.8817841970012523e-16,4.0537970631054412,22.917003508218691,-7.0735342238752015,2.6671097290188772,-0.016229152586129114,1,1.8307835762794629,1.7616246212198707,1,1,1
1786521342.0103731,1,1,0.99097259234428381,1.1322549148759391,0.1340646158479184,4,0,1,0,-0.4506429277718153,-0.6513257744978469,-1.7760697249381405,-1.927377565054103,-1.267247063577275,1.2988968082738612,-0.00035610946322728857,0.00035610946322728857,0,-0.0017805473161364429,0.14493655153350646,0,-0.11946894280631364,3.9424751126083497,22.637705871117589,-7.4433238505713737,2.5795224428092558,0.069545948212994646,5.6662269006576421e-16,4.0256582082923043,22.944931280394993,-7.0650537299220932,2.6810830271340831,-0.013994465283129302,0.00042733135587341242,4.0252308769364324,22.944931280394993,-7.0644305383614459,2.6549944478580518,-0.013994465283129309,1,1.8307835762794629,1.7616246212198707,1,1,1
1786521342.0316315,1,1,0.99097259234428381,1.1322549148759391,0.1340646158479184,4,0,1,0,-0.4506429277718153,-0.65132529987507837,-1.776071148806446,-1.9274122125162056,-1.2640466822490843,1.2988972828966296,0,-0.00035610946322728857,0,-0.0014244378529091543,0.15134652187159764,0.00035610946322728857,-0.59734471403156819,4.1017670363501013,22.830039820744755,-7.1740563210933397,2.6111342374515263,-0.063223589284540582,-6.5542054205822153e-16,3.9977236103824065,22.972725942542628,-7.0559131104057329,2.6676572604033031,-0.011765534460215216,-6.6613381477509392e-16,3.9981509417382801,22.972725942542628,-7.0554145571572144,2.6404148864664156,-0.011829634163596133,1,1.8307835762794629,1.7616246212198707,1,1,1
1786521342.0528686,1,1,0.99097259234428381,1.1322549148759391,0.1340646158479184,4,0,1,0,-0.4506429277718153,-0.6513257744978469,-1.7760706741836776,-1.9274539793198362,-1.2608752529097735,1.2988968082738612,0,-0.00035610946322728857,0,-0.0021366567793637313,0.13923880012186982,0,0.15929192374175152,4.1017670363501013,23.368574879700823,-6.6162878671745542,2.6490683910222503,0.069545948212994646,-2.8892632644023086e-16,3.9701626260205574,23.000184304326385,-7.0467469339788256,2.654325985031015,-0.009552966204067698,-2.2204460492503131e-16,3.9705899573764301,23.000184304326385,-7.0459991041060483,2.6292630010090785,-0.0095529662040677032,1,1.8307835762794629,1.7616246212198707,1,1,1
1786521342.0739415,1,1,0.99097259234428381,1.1322549148759391,0.1340646158479184,4,0,1,0,-0.4506429277718153,-0.65132387600677277,-1.7760720980519831,-1.9274928983868556,-1.2583364957209122,1.2988977575193983,0,0.00035610946322728857,-0.00035610946322728857,-0.0017805473161364429,0.13995101904832441,0,0.63716769496700609,3.9424751126083497,22.637705871117589,-7.0778893462797559,2.7122919803067913,-0.063223589284540582,3.1246028984674434e-16,3.9479893604434264,23.022189999972063,-7.0393523351629446,2.6435848918470479,-0.0077717090558573794,2.2204460492503131e-16,3.9475620290875542,23.022474887542646,-7.0387291436022972,2.6183937084183495,-0.0077717090558573898,1,1.8307835762794629,1.7616246212198707,1,1,1
1786521342.0953903,1,1,0.99097259234428381,1.1322549148759391,0.1340646158479184,4,0,1,0,-0.4506429277718153,-0.65132102827016158,-1.7760749457885943,-1.9275166295252819,-1.2551489292074716,1.2988977575193983,0,0,0,-0.0010683283896818657,0.12713107837214202,0,0.31858384748350305,3.6637142460602847,23.195474325036376,-6.7893884218390053,2.7122919803067913,-0.16438133213980552,-6.7745695121398941e-17,3.9200316033403171,23.049919161725892,-7.0300909650398316,2.6301320736961684,-0.0055317996364031927,0,3.9200316033403171,23.049919161725892,-7.0297170501034429,2.6072484795891828,-0.0055317996364032118,1,1.8307835762794629,1.7616246212198707,1,1,1
1786521342.1168675,1,1,0.99097259234428381,1.1322549148759391,0.1340646158479184,4,0,1,0,-0.4506429277718153,-0.6513196044018561,-1.7760749457885943,-1.9275413099092455,-1.2524174751745873,1.2988982321421667,0.00035610946322728857,0,0.00035610946322728857,-0.0010683283896818657,0.12784329729859659,0,-0.43805279028981664,3.9424751126083497,22.830039820744755,-6.8855553966525882,2.7502261338775154,0,5.6624152523949978e-17,3.8961954830813923,23.073598175015896,-7.0220700663936579,2.6185983864079869,-0.0036137285098971337,-0.00042733135587274629,3.8961954830813914,23.073313287445313,-7.0216961514572693,2.5955865928942394,-0.0036137285098971073,1,1.8307835762794629,1.7616246212198707,1,1,1
1786521342.1383283,1,1,0.99097259234428381,1.1322549148759391,0.1340646158479184,4,0,1,0,-0.4506429277718153,-0.65132007902462463,-1.7760754204113629,-1.9275674141615147,-1.2497007344475275,1.2988982321421667,0,0,0.00035610946322728857,-0.0014244378529091543,0.11929667018114166,0.00035610946322728857,-0.43805279028981664,3.9424751126083497,23.003140375409206,-6.8855553966525882,2.6490683910222503,0,-7.0932233068969619e-17,3.8725978307808142,23.097110157547373,-7.0140286801793481,2.6071132928332408,-0.0017033958804370155,0,3.8725978307808147,23.09682526997679,-7.0135301269308297,2.5856398922006352,-0.0017674955838179094,1,1.8307835762794629,1.7616246212198707,1,1,1
1786521342.1598358,1,1,0.99097259234428381,1.1322549148759391,0.1340646158479184,4,0,1,0,-0.4506429277718153,-0.6513196044018561,-1.7760758950341313,-1.9275949422820893,-1.2473627426897538,1.2988982321421667,0.00035610946322728857,0,0,-0.0014244378529091543,0.11146226199014132,0,0.79645961870875759,3.6637142460602847,23.368574879700823,-7.3471568757577899,2.5795224428092558,0.037934153570724355,9.275857805381843e-17,3.8522726113586176,23.117328806387814,-7.0070518526541914,2.5971903380103303,-5.3427375438232791e-05,-0.00042733135587274629,3.8522726113586172,23.117328806387814,-7.006553299405673,2.5771271308521047,-5.342737543823084e-05,1,1.8307835762794629,1.7616246212198707,1,1,1
1786521342.1810474,1,1,0.99097259234428381,1.1322549148759391,0.1340646158479184,4,0,1,0,-0.45064387701735237,-0.6513196044018561,-1.7760758950341313,-1.9276314882352661,-1.2448330033334944,1.2988977575193983,0,0,0,-0.0017805473161364429,0.1185844512546871,0.00035610946322728857,-0.43805279028981664,3.7831831888665985,23.195474325036376,-7.3471568757577899,2.4404305463832667,0.037934153570724355,1.3052438904009867e-16,3.8303504810566213,23.139155155082264,-6.99943218574158,2.5864245834404445,0.0017358013525835794,2.2204460492503131e-16,3.8303504810566222,23.139155155082264,-6.9988089941809326,2.5650793822146007,0.0016717016492026429,1,1.8307835762794629,1.7616246212198707,1,1,1
1786521342.2024391,1,1,0.99097259234428381,1.1322549148759391,0.1340646158479184,4,0,1,0,-0.45064387701735237,-0.65132055364739316,-1.7760768442796684,-1.9276661356973686,-1.2423934423032554,1.2988972828966296,-0.00035610946322728857,0,-0.00035610946322728857,-0.0014244378529091543,0.10754505789464115,0,-0.11946894280631364,3.9424751126083497,23.099307350222791,-6.7893884218390053,2.5099764945962613,0.037934153570724355,3.5363625547867039e-17,3.8092544217952939,23.160194075954102,-6.9920424243394113,2.5760274222681643,0.0034643561943590827,0.00042733135587274629,3.8092544217952939,23.160478963524685,-6.9915438710908928,2.5566693118471289,0.0034643561943590861,1,1.8307835762794629,1.7616246212198707,1,1,1
1786521342.223834,1,1,0.99097259234428381,1.1322549148759391,0.1340646158479184,4,0,1,0,-0.45064387701735237,-0.65131912977908757,-1.7760782681479741,-1.9276836967398041,-1.2401166768826219,1.2988977575193983,0,0,-0.00035610946322728857,-0.00071221892645457715,0.1093256052107776,0,0.31858384748350305,3.9424751126083497,22.733872845931174,-7.250989900944206,2.6806801856645208,-0.063223589284540582,-1.2117839690668417e-15,3.7893957601713311,23.179912644758048,-6.985166216053158,2.5663307301441889,0.0050800223032372582,-1.1102230246251565e-15,3.7893957601713302,23.180197532328631,-6.9849169394288992,2.546652121206249,0.005080022303237286,1,1.8307835762794629,1.7616246212198707,1,1,1
1786521342.2452707,1,1,0.99097259234428381,1.1322549148759391,0.1340646158479184,4,0,1,0,-0.45064387701735237,-0.6513196044018561,-1.7760787427707425,-1.9276955623090175,-1.2376818620800683,1.2988982321421667,-0.00035610946322728857,0,0,-0.00035610946322728857,0.12143332696050541,0.00035610946322728857,0.15929192374175152,3.5044223223185331,23.657075804141574,-6.8855553966525882,2.6490683910222503,-0.063223589284540582,5.5063409615339204e-16,3.7682645561013022,23.200968789967462,-6.9777842138137842,2.5559915720656594,0.0068038831799893959,0.00042733135587319038,3.7682645561013031,23.200968789967462,-6.9776595755016544,2.5341335732127686,0.0067397834766085105,1,1.8307835762794629,1.7616246212198707,1,1,1
1786521342.2664895,1,1,0.99097259234428381,1.1322549148759391,0.1340646158479184,4,0,1,0,-0.45064340239458384,-0.6513196044018561,-1.7760777935252055,-1.927706953255462,-1.235147851118892,1.2988977575193983,0.00035610946322728857,0,0,-0.00035610946322728857,0.11466724715918691,-0.00035610946322728857,-0.43805279028981664,3.9424751126083497,23.464741854514408,-7.4433238505713737,2.6111342374515263,0,1.8386035966280745e-16,3.7462759297050754,23.222861250634587,-6.9700558690624961,2.5452247052810768,0.0086007819856702174,-0.00042733135587252424,3.7462759297050754,23.222861250634587,-6.9699312307503662,2.5245846007924233,0.0086648816890511262,1,1.8307835762794629,1.7616246212198707,1,1,1
1786521342.2877376,1,1,0.99097259234428381,1.1322549148759391,0.1340646158479184,4,0,1,0,-0.45064340239458384,-0.65131818053355051,-1.7760820651301223,-1.9277135979742215,-1.2326888305551436,1.2988977575193983,0,0,-0.00035610946322728857,-0.00035610946322728857,0.11359891876950505,0,0.15929192374175152,3.6637142460602847,23.099307350222791,-6.6162878671745542,2.4404305463832667,-0.031611794642270291,1.2112571145736495e-15,3.7247827397285791,23.244206466721003,-6.9625488760285439,2.5347197801212897,0.010356882890263652,1.1102230246251565e-15,3.7247827397285791,23.244491354291586,-6.9624242377164141,2.5142719747427789,0.010356882890263652,1,1.8307835762794629,1.7616246212198707,1,1,1
1786521342.309145,1,1,0.99097259234428381,1.1322549148759391,0.1340646158479184,4,0,1,0,-0.45064340239458384,-0.65131628204247638,-1.7760839636211962,-1.9277169203336013,-1.2303764684268703,1.2988972828966296,0,0,0.00035610946322728857,-0.00035610946322728857,0.10077897809332266,0,0.15929192374175152,3.6637142460602847,23.003140375409206,-6.981722371466172,2.4404305463832667,-0.063223589284540582,6.589204821962763e-16,3.7045740211991776,23.264255665325429,-6.9554542964250201,2.5248487235505417,0.012008278028437368,6.6613381477509392e-16,3.7045740211991776,23.263970777754846,-6.9553296581128903,2.5067085074937436,0.012008278028437347,1,1.8307835762794629,1.7616246212198707,1,1,1
1786521342.3307126,1,1,0.99097259234428381,1.1322549148759391,0.1340646158479184,4,0,1,0,-0.45064340239458384,-0.65131628204247638,-1.7760830143756592,-1.9277226158068235,-1.2281965260510168,1.2988972828966296,0,0,0,-0.00035610946322728857,0.10398396326236826,0.00035610946322728857,0.79645961870875759,3.6637142460602847,23.464741854514408,-6.6162878671745542,2.5795224428092558,0.069545948212994646,-9.5426731837669476e-18,3.6856774307997631,23.283069563991948,-6.9487072962448826,2.5155601453649079,0.013559853637887769,0,3.6856774307997631,23.283069563991948,-6.9485826579327528,2.4968430319776815,0.013495753934506841,1,1.8307835762794629,1.7616246212198707,1,1,1
1786521342.3520727,1,1,0.99097259234428381,1.1322549148759391,0.1340646158479184,4,0,1,0,-0.45064340239458384,-0.65131912977908757,-1.7760806412618166,-1.9277268874117404,-1.2259601035657082,1.2988977575193983,0,0,0,-0.00035610946322728857,0.11146226199014132,0.00035610946322728857,0.63716769496700609,3.6637142460602847,23.195474325036376,-7.1740563210933397,2.5099764945962613,0.13909189642598929,-3.7560320793276342e-16,3.6664664105472848,23.302302504213614,-6.9417412782061572,2.5060584253594134,0.015145718819114784,-4.4408920985006262e-16,3.6664664105472857,23.302302504213614,-6.9416166398940273,2.4859952182011877,0.015081619115733894,1,1.8307835762794629,1.7616246212198707,1,1,1
1786521342.373126,1,1,0.99097259234428381,1.1322549148759391,0.1340646158479184,4,0,1,0,-0.4506429277718153,-0.6513196044018561,-1.7760792173935112,-1.9277359052443424,-1.2236259087900827,1.2988977575193983,0,0,-0.00035610946322728857,-0.00035610946322728857,0.10149119701977724,0,0.31858384748350305,3.7831831888665985,23.464741854514408,-6.7893884218390053,2.4783646999539908,0.037934153570724355,-2.1026915289230202e-16,3.6462962929050571,23.322402064820441,-6.934428961947285,2.4960839718612653,0.016811548231775459,-2.2204460492503131e-16,3.6462962929050571,23.322686952391024,-6.9343043236351551,2.4778155563977053,0.016811548231775442,1,1.8307835762794629,1.7616246212198707,1,1,1
1786521342.3945577,1,1,0.99097259234428381,1.1322549148759391,0.1340646158479184,4,0,1,0,-0.4506429277718153,-0.65131818053355051,-1.7760815905073537,-1.9277378037354165,-1.2214459664142292,1.2988982321421667,0,0,0,0,0.10220341594623182,0.00035610946322728857,0.15929192374175152,3.6637142460602847,23.464741854514408,-6.712454841988138,2.4783646999539908,0.069545948212994646,6.6838861648068487e-16,3.6272934701050392,23.341268120767644,-6.9276048599383273,2.4867311953099045,0.018376551297593739,6.6613381477509392e-16,3.6272934701050401,23.341268120767644,-6.9276048599383273,2.4683345804395826,0.018312451594212836,1,1.8307835762794629,1.7616246212198707,1,1,1
1786521342.4158971,1,1,0.99097259234428381,1.1322549148759391,0.1340646158479184,4,0,1,0,-0.4506429277718153,-0.65131770591078197,-1.7760844382439649,-1.9277382783581851,-1.2194141063421566,1.2988977575193983,0,0,0.00035610946322728857,0,0.093656788828776899,0,0.31858384748350305,3.5044223223185331,23.003140375409206,-7.1740563210933397,2.4783646999539908,0.17070369106825958,-9.2200383341577846e-16,3.6096193601510285,23.358846429988727,-6.9212169499114227,2.4780082922575759,0.019837979813958635,-8.8817841970012523e-16,3.6096193601510285,23.358561542418144,-6.9212169499114227,2.4611500702683959,0.019837979813958628,1,1.8307835762794629,1.7616246212198707,1,1,1
1786521342.4373322,1,1,0.99097259234428381,1.1322549148759391,0.1340646158479184,4,0,1,0,-0.4506429277718153,-0.65131675666524491,-1.7760849128667333,-1.9277387529809535,-1.2175341255560135,1.2988977575193983,0,0.00035610946322728857,0,-0.00035610946322728857,0.083329614395185519,-0.00035610946322728857,-0.11946894280631364,3.3451303985767815,23.830176358806025,-6.5201208923609704,2.5415882892385318,0.107480101783719,8.0862339122810684e-16,3.5932812253841018,23.37507747612743,-6.9152747275809219,2.4699420533043051,0.021188476349126101,8.8817841970012523e-16,3.59285389402823,23.37507747612743,-6.915150089268792,2.4549427227131715,0.021252576052506984,1,1.8307835762794629,1.7616246212198707,1,1,1
1786521342.4586115,1,1,0.99097259234428381,1.1322549148759391,0.1340646158479184,4,0,1,0,-0.4506429277718153,-0.65131770591078197,-1.7760839636211962,-1.9277397022264906,-1.2156826221359818,1.2988982321421667,0,-0.00035610946322728857,0,0.00035610946322728857,0.091876241512640455,0,0.15929192374175152,3.6637142460602847,23.464741854514408,-7.0778893462797559,2.3076610088857312,-0.031611794642270291,2.160560819879434e-16,3.577320444159847,23.391003594080367,-6.9093854269172139,2.4620153337109145,0.022514007018498719,2.2204460492503131e-16,3.5777477755157205,23.391003594080367,-6.9095100652293437,2.4454776102386391,0.022514007018498705,1,1.8307835762794629,1.7616246212198707,1,1,1
1786521342.4798613,1,1,0.99097259234428381,1.1322549148759391,0.1340646158479184,4,0,1,0,-0.4506429277718153,-0.65132102827016158,-1.776085387489502,-1.9277416007175647,-1.21364411734515,1.2988987067649354,0,-0.00035610946322728857,0,-0.00071221892645457715,0.10434007272559555,0,0.63716769496700609,3.5044223223185331,23.195474325036376,-7.0778893462797559,2.3772069570987262,-0.063223589284540582,3.6688723890551667e-16,3.5598409596377882,23.408529374193893,-6.9028707751880702,2.453273877623483,0.023975953618453689,4.4408920985006262e-16,3.5602682909936609,23.408529374193893,-6.9026214985638115,2.4344926645328759,0.023975953618453671,1,1.8307835762794629,1.7616246212198707,1,1,1
1786521342.5013626,1,1,0.99097259234428381,1.1322549148759391,0.1340646158479184,4,0,1,0,-0.4506429277718153,-0.65132197751569865,-1.7760858621122704,-1.9277510931729354,-1.2114076948598413,1.2988987067649354,0,0,0,-0.00071221892645457715,0.10220341594623182,0.00035610946322728857,-0.11946894280631364,3.5044223223185331,22.637705871117589,-6.8855553966525882,2.4088187517409962,0.13909189642598929,1.2743780098030399e-16,3.5405765218986245,23.427744410670542,-6.8956701445340558,2.4436345576899909,0.025587804812181814,2.2204460492503131e-16,3.5405765218986245,23.427744410670542,-6.895420867909797,2.4252379428196691,0.025523705108800903,1,1.8307835762794629,1.7616246212198707,1,1,1
1786521342.5226161,1,1,0.99097259234428381,1.1322549148759391,0.1340646158479184,4,0,1,0,-0.45064340239458384,-0.65132340138400424,-1.7760967784359467,-1.9277710273292135,-1.209133777175819,1.2988987067649354,0,-0.00035610946322728857,-0.00071221892645457715,-0.0010683283896818657,0.11075004306368674,0.00035610946322728857,0.31858384748350305,3.6637142460602847,23.926343333619609,-6.8855553966525882,2.3076610088857312,0.107480101783719,-6.5389249462137478e-16,3.5209035745176598,23.447381757911472,-6.8883111271431519,2.4337059397630472,0.027249009255016013,-6.6613381477509392e-16,3.5213309058735325,23.447951533052635,-6.8879372122067632,2.4137709320115834,0.027184909551635088,1,1.8307835762794629,1.7616246212198707,1,1,1
1786521342.5438628,1,1,0.99097259234428381,1.1322549148759391,0.1340646158479184,4,0,1,0,-0.45064387701735237,-0.65133146997106928,-1.776101524663632,-1.9277995046953253,-1.2065916976275779,1.2988982321421667,0,-0.00035610946322728857,0.00035610946322728857,-0.0017805473161364429,0.11965277964436896,0,-0.11946894280631364,3.5044223223185331,23.657075804141574,-7.0778893462797559,2.3772069570987262,-0.031611794642270291,7.1503302682008468e-16,3.4993967573818643,23.46909293432525,-6.8799742470125675,2.4226844094555648,0.029088243657315948,6.6613381477509392e-16,3.4998240887377365,23.468808046754667,-6.8793510554519202,2.4011469091195785,0.029088243657315938,1,1.8307835762794629,1.7616246212198707,1,1,1
1786521342.5652175,1,1,0.99097259234428381,1.1322549148759391,0.1340646158479184,4,0,1,0,-0.4506443516401209,-0.65133431770768047,-1.776101524663632,-1.9279276528428282,-1.2041179637580048,1.2988982321421667,-0.00035610946322728857,0,0.00035610946322728857,-0.0096149555071367906,0.12285776481341455,0,0.15929192374175152,3.6637142460602847,23.560908829327992,-7.0778893462797559,2.4404305463832667,0.037934153570724355,3.4542172995619819e-16,3.4786515145850645,23.489853892364074,-6.8714875606841899,2.411612432764767,0.030911471660370744,0.00042733135587319038,3.4786515145850645,23.489569004793491,-6.8681223262566924,2.3894980350983523,0.030911471660370726,1,1.8307835762794629,1.7616246212198707,1,1,1
1786521342.5864716,1,1,0.99097259234428381,1.1322549148759391,0.1340646158479184,4,0,1,0,-0.45064387701735237,-0.65133431770768047,-1.7761024739091691,-1.928188695365519,-1.2011862189168014,1.2988982321421667,0.00035610946322728857,-0.00035610946322728857,0,-0.01495659745554612,0.14386822314382458,0,-0.27876086654806514,3.5044223223185331,23.560908829327992,-6.8855553966525882,2.3076610088857312,0.107480101783719,2.6459445799740383e-16,3.4542822961407817,23.514118169818623,-6.8610283149584861,2.3980715680317726,0.033117723315345932,-0.00042733135587252424,3.454709627496654,23.514118169818623,-6.8557935058490447,2.3721752878658839,0.033117723315345959,1,1.8307835762794629,1.7616246212198707,1,1,1
1786521342.6079938,1,1,0.99097259234428381,1.1322549148759391,0.1340646158479184,4,0,1,0,-0.45064482626288943,-0.651334792330449,-1.7761024739091691,-1.9286125334978155,-1.1979958046667496,1.2988977575193983,0.00035610946322728857,0,0,-0.023503224573001046,0.1495659745554612,0,-0.11946894280631364,3.6637142460602847,23.560908829327992,-7.0778893462797559,2.2760492142434612,0.037934153570724355,2.5411496637397363e-16,3.4283218507356885,23.539985961508307,-6.8491126932067079,2.3828500324643591,0.035566864470413385,-0.00042733135587252424,3.4283218507356885,23.539985961508307,-6.8408865646061576,2.3559281570443762,0.035566864470413406,1,1.8307835762794629,1.7616246212198707,1,1,1
1786521342.6294024,1,1,0.99097259234428381,1.1322549148759391,0.1340646158479184,4,0,1,0,-0.45064577550842649,-0.65134286091751392,-1.776101524663632,-1.9292257461147548,-1.1945804192244152,1.2988972828966296,0,-0.00071221892645457715,0,-0.032049851690455974,0.16131758684196171,0,-0.43805279028981664,3.3451303985767815,23.926343333619609,-6.3470203376965202,2.2065032660304666,0.17070369106825958,4.874386620246432e-16,3.4015306972202164,23.566964655894168,-6.8357257042481159,2.3660454520807983,0.038233322814591353,4.4408920985006262e-16,3.4023853599319613,23.566964655894168,-6.8245082561564558,2.3370082864492452,0.038233322814591353,1,1.8307835762794629,1.7616246212198707,1,1,1
1786521342.652493,1,1,0.99097259234428381,1.1322549148759391,0.1340646158479184,4,0,1,0,-0.45064625013119503,-0.65136469356486626,-1.776100575418095,-1.9299765993345677,-1.1909628444826874,1.2988972828966296,0,-0.00071221892645457715,-0.00035610946322728857,-0.035254836859501565,0.1620298057684163,0,0,3.1858384748350304,23.926343333619609,-6.5201208923609704,2.2381150606727367,-0.063223589284540582,-2.9467937421798207e-16,3.3742313463143647,23.594961568261059,-6.8210821000167519,2.347952121303837,0.041078249583032363,-2.2204460492503131e-16,3.3750860090261101,23.595246455831642,-6.808742907115926,2.318786756265522,0.041078249583032356,1,1.8307835762794629,1.7616246212198707,1,1,1
1786521342.6734195,1,1,0.99097259234428381,1.1322549148759391,0.1340646158479184,4,0,1,0,-0.45064625013119503,-0.65137940687069074,-1.776101524663632,-1.9307891535142894,-1.1875132862010187,1.2988972828966296,0,-0.00071221892645457715,0,-0.040952588271138186,0.16701533825359835,-0.00035610946322728857,0,3.3451303985767815,23.291641299849957,-7.1740563210933397,2.4404305463832667,0.17070369106825958,-2.8368319249672674e-16,3.348216364431007,23.62141560789442,-6.8067430019805197,2.3302440371908535,0.043847135536868365,-2.2204460492503131e-16,3.3490710271427524,23.62141560789442,-6.792409596085621,2.3001812763052056,0.043911235240249279,1,1.8307835762794629,1.7616246212198707,1,1,1
1786521342.6946659,1,1,0.99097259234428381,1.1322549148759391,0.1340646158479184,4,0,1,0,-0.45064672475396356,-0.65138130536176486,-1.7761034231547062,-1.9316928352655685,-1.1838871682494574,1.2988977575193983,0,0,0,-0.046650339682774801,0.1712886518123258,0,0.31858384748350305,3.3451303985767815,23.657075804141574,-6.981722371466172,2.2760492142434612,0.037934153570724355,5.6136769766099853e-16,3.3203433620768616,23.649244360688371,-6.791466281926807,2.3112719080147808,0.046810412479915589,6.6613381477509392e-16,3.3203433620768612,23.649244360688371,-6.7751386630378354,2.280439950688562,0.046810412479915575,1,1.8307835762794629,1.7616246212198707,1,1,1
1786521342.7160969,1,1,0.99097259234428381,1.1322549148759391,0.1340646158479184,4,0,1,0,-0.45064672475396356,-0.65138130536176486,-1.7761038977774746,-1.9327868407470277,-1.1801181888445689,1.2988982321421667,-0.00035610946322728857,0,-0.00035610946322728857,-0.05519696680022973,0.17520585590782597,0.00035610946322728857,0.15929192374175152,3.1858384748350304,23.291641299849957,-6.5201208923609704,2.3076610088857312,0,2.7846208140985124e-16,3.2918605206669267,23.677611822481261,-6.7749833590877522,2.2909380877386494,0.049956726718120459,0.00042733135587296833,3.2918605206669271,23.677896710051844,-6.7556644207076717,2.2594010336752408,0.049892627014739545,1,1.8307835762794629,1.7616246212198707,1,1,1
1786521342.7374837,2,1,0.99097259234428381,1.1322549148759391,0.1340646158479184,4,0,1,0,-0.45064672475396356,-0.65138320385283899,-1.7761024739091691,-1.93413476940965,-1.1760601641736461,1.2988987067649354,0,0,0,-0.0687291264028667,0.20227017511309991,-0.00035610946322728857,-0.59734471403156819,3.3451303985767815,24.022510308433194,-6.712454841988138,2.0041877803199366,0.20863784463898394,-2.5077596249589718e-16,3.2619441544455032,23.707479717903063,-6.7565533441370853,2.268389212067131,0.053412523355117751,-2.2204460492503131e-16,3.2619441544455032,23.707479717903063,-6.7324981498960819,2.2274402303205729,0.053476623058498672,1,1.8307835762794629,1.7616246212198707,1,1,1
1786521342.7586343,2,1,0.99097259234428381,1.1322549148759391,0.1340646158479184,4,0,1,0,-0.45064625013119503,-0.65138700083498713,-1.7761034231547062,-1.9356972275636475,-1.1717952039756447,1.2988987067649354,0.00035610946322728857,0,0,-0.083329614395185519,0.21473400632605499,0,-0.43805279028981664,3.3451303985767815,23.830176358806025,-6.7893884218390053,2.1369573178174717,0,3.2488456911707042e-16,3.2310933876247736,23.738349915501612,-6.7365808065871207,2.2440568655895694,0.057117008955127467,-0.00042733135587252424,3.2310933876247736,23.738349915501612,-6.7074154415488056,2.1759367317987692,0.057117008955127446,1,1.8307835762794629,1.7616246212198707,1,1,1
1786521342.7800701,2,1,0.99097259234428381,1.1322549148759391,0.1340646158479184,4,0,1,0,-0.45064625013119503,-0.6513865262122186,-1.7761048470230116,-1.9375852769368556,-1.1671467485806719,1.2988977575193983,0,-0.00035610946322728857,0,-0.089383475270049431,0.2150901157892823,-0.00035610946322728857,0,3.0265465510932787,23.926343333619609,-7.250989900944206,2.2381150606727367,-0.063223589284540582,5.1632587365780386e-16,3.1978916479545028,23.771405123510608,-6.714071038652496,2.2166964138022252,0.061254013169982351,4.4408920985006262e-16,3.1983189793103755,23.771405123510608,-6.6827868223079783,2.1477999613815899,0.061318112873363272,1,1.8307835762794629,1.7616246212198707,1,1,1
1786521342.8013637,2,1,0.99097259234428381,1.1322549148759391,0.1340646158479184,4,0,1,0,-0.45064625013119503,-0.6513865262122186,-1.7761053216457801,-1.9396693455134664,-1.1622870860537038,1.2988977575193983,0.00035610946322728857,0,0.00035610946322728857,-0.099354540240413514,0.2271978375390101,0,0.47787577122525454,3.3451303985767815,23.657075804141574,-6.6162878671745542,1.9662536267492121,0,1.4631647130870784e-17,3.1636315921275178,23.805533682590791,-6.6900064178609577,2.1875385220602976,0.065644041239011908,-0.00042733135587274629,3.1636315921275182,23.805248795020209,-6.6552323287768127,2.0922472362252558,0.065644041239011908,1,1.8307835762794629,1.7616246212198707,1,1,1
1786521342.8228552,2,1,0.99097259234428381,1.1322549148759391,0.1340646158479184,4,0,1,0,-0.45064625013119503,-0.65138984857159832,-1.7761053216457801,-1.9419024456393952,-1.1573282273681131,1.2988982321421667,0,-0.00035610946322728857,0,-0.10683283896818657,0.23004671324482842,0,-0.11946894280631364,3.0265465510932787,23.926343333619609,-6.1546863880693525,2.0357995749622066,0.24024963928125423,2.1607810484457202e-17,3.1292465084644316,23.839911631607858,-6.6649134514714747,2.1572439523512528,0.070187390531976659,0,3.1296738398203043,23.839911631607858,-6.6275219578326094,2.0557421174775272,0.070187390531976646,1,1.8307835762794629,1.7616246212198707,1,1,1
1786521342.8442478,2,1,0.99097259234428381,1.1322549148759391,0.1340646158479184,4,0,1,0,-0.45064577550842649,-0.65139032319436685,-1.7761057962685487,-1.944217180881511,-1.1527006553749557,1.2988982321421667,0,0,-0.00035610946322728857,-0.11003782413723216,0.23396391734032859,0,-0.11946894280631364,3.0265465510932787,23.291641299849957,-6.981722371466172,1.9346418321069419,0.107480101783719,-6.1639604011232141e-16,3.0978317283310113,23.871227410778925,-6.640579819035267,2.1279363430246145,0.074546299291640181,-6.6613381477509392e-16,3.0978317283310117,23.871512298349508,-6.6020665805872358,2.0178950032226983,0.074546299291640195,1,1.8307835762794629,1.7616246212198707,1,1,1
1786521342.8654907,2,1,0.99097259234428381,1.1322549148759391,0.1340646158479184,4,0,1,0,-0.45064530088565796,-0.65139127243990391,-1.776104372400243,-1.9465153043267283,-1.1475006883229522,1.2988982321421667,0,-0.00035610946322728857,0,-0.11716001340177794,0.24429109177391994,-0.00035610946322728857,0.63716769496700609,3.1858384748350304,23.830176358806025,-6.6162878671745542,1.9030300374646716,0.107480101783719,6.9552585804481815e-16,3.0615486187156655,23.907408001034952,-6.6140614584838007,2.0959026105038165,0.079368981228199922,6.6613381477509392e-16,3.0619759500715382,23.907408001034952,-6.5730554537931782,1.9633480304366713,0.079433080931580816,1,1.8307835762794629,1.7616246212198707,1,1,1
1786521342.8867536,2,1,0.99097259234428381,1.1322549148759391,0.1340646158479184,4,0,1,0,-0.45064577550842649,-0.65139222168544098,-1.776104372400243,-1.9491689202255738,-1.1421099229180001,1.2988982321421667,0.00035610946322728857,0,0,-0.12606274998246014,0.25248160942814757,0,-0.11946894280631364,2.8672546273515271,24.022510308433194,-6.5201208923609704,1.9030300374646716,0.17070369106825958,3.5968915291974962e-16,3.0248687320209795,23.943986834253991,-6.5854674494369743,2.0614612624132613,0.084509272688675419,-0.0004273313558723022,3.0248687320209795,23.943986834253991,-6.5413454869431131,1.9110513538598997,0.084509272688675419,1,1.8307835762794629,1.7616246212198707,1,1,1
1786521342.908128,2,1,0.99097259234428381,1.1322549148759391,0.1340646158479184,4,0,1,0,-0.45064625013119503,-0.65139317093097804,-1.7761057962685487,-1.9520152329684419,-1.1364562164992831,1.2988982321421667,0.00035610946322728857,0,-0.00035610946322728857,-0.13389715817346051,0.26067212708237525,0.00035610946322728857,-0.27876086654806514,2.7079627036097755,23.926343333619609,-6.4239539175473874,1.8334840892516771,0.20863784463898394,8.1146264566730325e-16,2.986611741512065,23.982137519846212,-6.5550516869812601,2.0248303363575237,0.089971303615045697,-0.00042733135587185811,2.986611741512065,23.982422407416795,-6.5081876816205488,1.8565650993179457,0.089907203911664776,1,1.8307835762794629,1.7616246212198707,1,1,1
1786521342.9296706,2,1,0.99097259234428381,1.1322549148759391,0.1340646158479184,4,0,1,0,-0.45064672475396356,-0.65139269630820951,-1.7761076947596228,-1.9549365361087379,-1.1311053194068874,1.2988977575193983,0,0,0,-0.13318493924700592,0.25853547030301149,-0.00035610946322728857,0.15929192374175152,2.7079627036097755,23.830176358806025,-6.981722371466172,1.8018722946094068,0.107480101783719,3.3202336279652966e-16,2.9511168125644458,24.017486256378771,-6.5252965063213875,1.9890454447030268,0.095272771300557918,2.2204460492503131e-16,2.9511168125644458,24.017486256378771,-6.478681777584935,1.8254381194424618,0.095336871003938853,1,1.8307835762794629,1.7616246212198707,1,1,1
1786521342.9508853,2,1,0.99097259234428381,1.1322549148759391,0.1340646158479184,4,0,1,0,-0.45064577550842649,-0.65139222168544098,-1.7761072201368542,-1.9576404620210475,-1.1254748695038281,1.2988987067649354,0,0,0.00035610946322728857,-0.13104828246764219,0.2617404554720571,-0.00035610946322728857,-0.11946894280631364,3.0265465510932787,23.657075804141574,-6.6162878671745542,1.9030300374646716,0.107480101783719,2.9298869645526249e-16,2.9125615076535949,24.055880361243513,-6.4950154522184826,1.9525302518405803,0.10075123333179571,2.2204460492503131e-16,2.9125615076535949,24.05559547367293,-6.4491485533548083,1.7819360589114959,0.1008153330351766,1,1.8307835762794629,1.7616246212198707,1,1,1
1786521342.9710979,2,1,0.99097259234428381,1.1322549148759391,0.1340646158479184,4,0,1,0,-0.45064530088565796,-0.65139269630820951,-1.7761086440051599,-1.9603652713351722,-1.1201363126034143,1.2988982321421667,-0.00035610946322728857,0,-0.00035610946322728857,-0.13496548656314236,0.26138434600882982,0.00035610946322728857,0.31858384748350305,2.8672546273515271,23.560908829327992,-6.2508533628829364,1.7639381410386823,0.17070369106825958,1.1711517985870529e-15,2.8765898217627761,24.091737455040054,-6.4655607282525329,1.9170503727322186,0.10605192745931576,0.00042733135587385651,2.8765898217627761,24.092022342610637,-6.4183228079554331,1.7472324984329697,0.10598782775593484,1,1.8307835762794629,1.7616246212198707,1,1,1
1786521342.9925456,2,1,0.99097259234428381,1.1322549148759391,0.1340646158479184,4,0,1,0,-0.45064530088565796,-0.65139269630820951,-1.7761086440051599,-1.9632566732410508,-1.1145253222338647,1.2988982321421667,0,-0.00035610946322728857,0,-0.13496548656314236,0.26743820688369369,0.00035610946322728857,0.63716769496700609,2.8672546273515271,24.291777837911226,-6.6162878671745542,1.6627803981834175,0.27186143392352452,2.1710640284253874e-16,2.8388916387851832,24.12929788109869,-6.4342966697819168,1.8794054094015782,0.11167538887534548,2.2204460492503131e-16,2.8393189701410559,24.12929788109869,-6.387058749484817,1.6963901183951258,0.1116112891719646,1,1.8307835762794629,1.7616246212198707,1,1,1
1786521343.0139141,2,1,0.99097259234428381,1.1322549148759391,0.1340646158479184,4,0,1,0,-0.45064577550842649,-0.65139506942205216,-1.7761072201368542,-1.9659700916087308,-1.1090353606702901,1.2988977575193983,0,-0.00035610946322728857,0.00035610946322728857,-0.1342532676366878,0.27099930151596657,0,-0.11946894280631364,2.8672546273515271,23.657075804141574,-5.8854188585913185,1.8018722946094068,0.17070369106825958,-5.8398517141858286e-16,2.8017826279302325,24.166358503046776,-6.4038840509855577,1.8427946676536668,0.1171699699438901,-6.6613381477509392e-16,2.8022099592861052,24.166073615476193,-6.3568954073127166,1.6520161903488597,0.11716996994389012,1,1.8307835762794629,1.7616246212198707,1,1,1
1786521343.0347724,2,1,0.99097259234428381,1.1322549148759391,0.1340646158479184,4,0,1,0,-0.45064577550842649,-0.65140076489527454,-1.7761076947596228,-1.9687746375479687,-1.1032910013027839,1.2988977575193983,0,0,0,-0.12784329729859659,0.26779431634692102,0,0.47787577122525454,2.7079627036097755,24.022510308433194,-6.6162878671745542,1.6627803981834175,0.107480101783719,7.5231772309232448e-17,2.7630013042615298,24.205208056177732,-6.371963063470206,1.8043732681151534,0.12294712984266597,0,2.7630013042615298,24.205208056177732,-6.3272179094156975,1.6205816584788657,0.12294712984266598,1,1.8307835762794629,1.7616246212198707,1,1,1
1786521343.0559757,2,1,0.99097259234428381,1.1322549148759391,0.1340646158479184,4,0,1,0,-0.45064577550842649,-0.65140076489527454,-1.7761081693823912,-1.9713917074936373,-1.0978119560628854,1.2988968082738612,0,0,0,-0.12677496890891474,0.26316489332496623,0,0.15929192374175152,2.8672546273515271,24.387944812724811,-6.6162878671745542,1.6943921928256878,0.037934153570724355,-4.4042663938613502e-16,2.7255535964026869,24.242516682318005,-6.3415300866622832,1.7676670743383696,0.12848631355866044,-4.4408920985006262e-16,2.7255535964026869,24.242516682318005,-6.2971588475441633,1.5939676068899431,0.12848631355866044,1,1.8307835762794629,1.7616246212198707,1,1,1
1786521343.077224,2,1,0.99097259234428381,1.1322549148759391,0.1340646158479184,4,0,1,0,-0.45064530088565796,-0.65139934102696895,-1.776110542496234,-1.9742323247632831,-1.0922512757068001,1.2988963336510926,0.00035610946322728857,0,0,-0.13211661085732407,0.24856440533264743,0,-0.43805279028981664,2.8672546273515271,24.291777837911226,-6.5201208923609704,1.6943921928256878,0,4.2946264491687536e-16,2.6880819923922976,24.279798250825991,-6.3098201410598689,1.7294199750165633,0.1342287647511492,-0.0004273313558723022,2.6880819923922976,24.279798250825991,-6.263579327259805,1.5875495713913921,0.1342287647511492,1,1.8307835762794629,1.7616246212198707,1,1,1
1786521343.0986474,2,1,0.99097259234428381,1.1322549148759391,0.1340646158479184,4,0,1,0,-0.45064625013119503,-0.65139934102696895,-1.7761110171190024,-1.9771550517718846,-1.0867997585874762,1.2988963336510926,0,0,0,-0.13460937709991508,0.24749607694296555,0,-0.11946894280631364,2.5486707798680244,24.657212342202847,-6.2508533628829364,1.631168603541147,0.27186143392352452,1.5115760341544507e-15,2.6519254824980161,24.315824774847876,-6.2780521139947005,1.6911587445648038,0.13995036089382154,1.5543122344752192e-15,2.6519254824980161,24.315824774847876,-6.2309388320097305,1.5516172968291388,0.13995036089382154,1,1.8307835762794629,1.7616246212198707,1,1,1
1786521343.1201725,2,1,0.99097259234428381,1.1322549148759391,0.1340646158479184,4,0,1,0,-0.45064625013119503,-0.6514031380091172,-1.7761100678734654,-1.9801053069010608,-1.081528123497425,1.2988968082738612,0,-0.00035610946322728857,0.00035610946322728857,-0.1335410487102332,0.2425105444577835,0,0.63716769496700609,2.5486707798680244,24.118677283246775,-6.1546863880693525,1.5616226553281525,0.107480101783719,5.1858067536339481e-16,2.6176093659902593,24.350160741486789,-6.2467038759719724,1.6534705072020308,0.1455649688275204,4.4408920985006262e-16,2.618036697346132,24.349875853916206,-6.199964508923391,1.5247975202840629,0.1455649688275204,1,1.8307835762794629,1.7616246212198707,1,1,1
1786521343.1415858,2,1,0.99097259234428381,1.1322549148759391,0.1340646158479184,4,0,1,0,-0.45064577550842649,-0.65140883348233947,-1.7761095932506969,-1.9829995565435505,-1.0765388889546483,1.2988968082738612,0,0,-0.00035610946322728857,-0.13282882978377863,0.24785218640619283,0,-0.43805279028981664,2.7079627036097755,24.657212342202847,-6.1546863880693525,1.4288531178306172,0.037934153570724355,1.8901879031158614e-16,2.5855811570969385,24.382288895911579,-6.2165088291453285,1.6171854660136393,0.15095591196545194,2.2204460492503131e-16,2.5855811570969385,24.382573783482162,-6.1700187387210059,1.4768676996481389,0.15095591196545194,1,1.8307835762794629,1.7616246212198707,1,1,1
1786521343.1626525,2,1,0.99097259234428381,1.1322549148759391,0.1340646158479184,4,0,1,0,-0.45064625013119503,-0.65140883348233947,-1.7761110171190024,-1.9857941354046491,-1.0713341756749597,1.2988963336510926,-0.00035610946322728857,0,0,-0.1374582528057334,0.24037388767841977,0,0,2.8672546273515271,24.195610863097645,-5.9623524384421858,1.3593071696176227,0.34140738213651917,8.2296874122280567e-16,2.5511020241513682,24.416644419099097,-6.1856414211482464,1.5799603035798884,0.15653644586559406,0.00042733135587363447,2.5511020241513682,24.416644419099097,-6.1375310326662396,1.4559452284409333,0.15653644586559406,1,1.8307835762794629,1.7616246212198707,1,1,1
1786521343.1837897,2,1,0.99097259234428381,1.1322549148759391,0.1340646158479184,4,0,1,0,-0.45064625013119503,-0.65140835885957094,-1.7761119663645395,-1.9887823603553074,-1.066589846480744,1.2988958590283242,0,0,-0.00035610946322728857,-0.13638992441605152,0.22648561861255553,0,0.15929192374175152,2.2300869323845212,24.484111787538396,-6.3470203376965202,1.4604649124728875,0.069545948212994646,-1.4993499605937821e-16,2.5210974815021636,24.44652982588131,-6.1558184223029837,1.5440279576127169,0.16184387005555731,-2.2204460492503131e-16,2.5210974815021636,24.446814713451893,-6.1080819487573654,1.4502893090373459,0.16184387005555731,1,1.8307835762794629,1.7616246212198707,1,1,1
1786521343.2051675,2,1,0.99097259234428381,1.1322549148759391,0.1340646158479184,4,0,1,0,-0.45064672475396356,-0.65140883348233947,-1.7761110171190024,-1.9915508349641369,-1.0617866640632307,1.2988958590283242,0,0,0.00035610946322728857,-0.13104828246764219,0.21046069276732754,0,0.15929192374175152,2.3893788561262728,24.657212342202847,-6.4239539175473874,1.4604649124728875,0.107480101783719,6.4050598592296781e-16,2.4899752567321407,24.477561433691584,-6.1263645281770041,1.508529182757619,0.16713537564449696,6.6613381477509392e-16,2.4899752567321407,24.477276546121001,-6.0804976293133297,1.4497248725248451,0.16713537564449696,1,1.8307835762794629,1.7616246212198707,1,1,1
1786521343.2266862,1,1,0.99097259234428381,1.1322549148759391,0.1340646158479184,4,0,1,0,-0.45064719937673209,-0.651409308105108,-1.7761110171190024,-1.9942504892715298,-1.0573470426864109,1.2988963336510926,0,0,0.00035610946322728857,-0.12143332696050541,0.19977740887050888,0,0.31858384748350305,2.3893788561262728,24.849546291830013,-5.9623524384421858,1.4288531178306172,0.069545948212994646,1.1007921597904272e-15,2.461658737194611,24.505798977898081,-6.098520054562858,1.4749564854226607,0.17211666139637177,1.1102230246251565e-15,2.461658737194611,24.505514090327498,-6.0560183901266811,1.4389965518259691,0.17211666139637177,1,1.8307835762794629,1.7616246212198707,1,1,1
1786521343.2481639,1,1,0.99097259234428381,1.1322549148759391,0.1340646158479184,4,0,1,0,-0.45064719937673209,-0.65141263046448772,-1.7761114917417711,-1.997029405581267,-1.0526943156865214,1.2988968082738612,-0.00035610946322728857,-0.00035610946322728857,0,-0.1185844512546871,0.19906518994405431,0,0.15929192374175152,2.5486707798680244,24.387944812724811,-5.8854188585913185,1.3909189642598929,0.17070369106825958,4.3453806633682313e-16,2.4319693233442843,24.53550996026642,-6.0693745111162238,1.4398203954270881,0.17734152437495884,0.00042733135587319038,2.432396654700157,24.53550996026642,-6.027869953177083,1.4039886612371584,0.17734152437495884,1,1.8307835762794629,1.7616246212198707,1,1,1
1786521343.2696078,1,1,0.99097259234428381,1.1322549148759391,0.1340646158479184,4,0,1,0,-0.45064719937673209,-0.65141880056047863,-1.7761110171190024,-1.9993170873255766,-1.0488679069266407,1.2988968082738612,0,-0.00035610946322728857,0,-0.11644779447532336,0.19586020477500871,0.00035610946322728857,0.79645961870875759,2.3893788561262728,24.657212342202847,-6.1546863880693525,1.3909189642598929,0.27186143392352452,1.2082958873900485e-15,2.4077609802069357,24.559864909687199,-6.0452830512421176,1.4108127270792745,0.18165575112084911,1.1102230246251565e-15,2.4081883115628084,24.559864909687199,-6.0045263231757549,1.3755578902197729,0.18159165141746819,1,1.8307835762794629,1.7616246212198707,1,1,1
1786521343.2905974,1,1,0.99097259234428381,1.1322549148759391,0.1340646158479184,4,0,1,0,-0.45064719937673209,-0.65142212291985835,-1.7761114917417711,-2.0017001682463604,-1.0449114515281832,1.2988968082738612,0,0,0,-0.11502335662241421,0.19123078175305397,0.00035610946322728857,0.47787577122525454,2.3893788561262728,24.580278762351977,-6.1546863880693525,1.4288531178306172,0.20863784463898394,6.2824433697851456e-16,2.382613656327937,24.585049904167356,-6.0202268948412963,1.3805852438550024,0.18615242520465053,6.6613381477509392e-16,2.382613656327937,24.585049904167356,-5.979968720023451,1.3461637031394527,0.18608832550126961,1,1.8307835762794629,1.7616246212198707,1,1,1
1786521343.3121641,1,1,0.99097259234428381,1.1322549148759391,0.1340646158479184,4,0,1,0,-0.45064767399950062,-0.65142212291985835,-1.7761124409873081,-2.004186716930684,-1.0408629193126311,1.2988968082738612,0,-0.00035610946322728857,0,-0.11359891876950505,0.19016245336337209,0.00035610946322728857,0.15929192374175152,2.2300869323845212,24.580278762351977,-5.7892518837777347,1.3276953749753524,0.069545948212994646,7.1421140486124801e-16,2.3568504132282895,24.610725892289192,-5.9943294210354745,1.3492862346227767,0.19080386934034152,6.6613381477509392e-16,2.3572777445841622,24.610725892289192,-5.9545697994661477,1.3150569930173697,0.1907397696369606,1,1.8307835762794629,1.7616246212198707,1,1,1
1786521343.3335526,1,1,0.99097259234428381,1.1322549148759391,0.1340646158479184,4,0,1,0,-0.45064767399950062,-0.65142307216539541,-1.7761110171190024,-2.0066139377689409,-1.0367213610344472,1.2988963336510926,0,0,-0.00035610946322728857,-0.1121744809165959,0.18695746819432649,0,0.15929192374175152,2.2300869323845212,24.580278762351977,-5.9623524384421858,1.3276953749753524,0.20863784463898394,2.4526686020695521e-16,2.3302202334633773,24.637300171445482,-5.9681353304961222,1.3176489236254436,0.1955289822119175,2.2204460492503131e-16,2.3302202334633773,24.637585059016065,-5.9288742621753139,1.2839965793504649,0.1955289822119175,1,1.8307835762794629,1.7616246212198707,1,1,1
1786521343.3548796,1,1,0.99097259234428381,1.1322549148759391,0.1340646158479184,4,0,1,0,-0.45064767399950062,-0.65142402141093247,-1.7761119663645395,-2.0090183767143088,-1.0327857890378049,1.2988968082738612,0,0.00035610946322728857,0,-0.11146226199014132,0.17342530859168953,0,-1.0752204852568228,2.0707950086427696,24.849546291830013,-6.3470203376965202,1.2897612214046279,0.20863784463898394,5.6202330116217336e-17,2.3051964038918777,24.662274596016051,-5.9428085522390459,1.2870222288931761,0.20008682416748749,0,2.304769072536005,24.662274596016051,-5.9037967605424964,1.255805673346672,0.20008682416748749,1,1.8307835762794629,1.7616246212198707,1,1,1
1786521343.3758898,1,1,0.99097259234428381,1.1322549148759391,0.1340646158479184,4,0,1,0,-0.45064719937673209,-0.65142259754262688,-1.7761133902328452,-2.0114218664141394,-1.0294178658723234,1.2988968082738612,0,0,0,-0.11965277964436896,0.16381035308455275,0,-0.91592856151507118,2.2300869323845212,24.945713266643597,-6.4239539175473874,1.1569916839070926,-0.063223589284540582,7.1425883870629425e-16,2.284739225084861,24.682614529560013,-5.9198401980449544,1.2592037024886258,0.20416539928374147,6.6613381477509392e-16,2.284739225084861,24.682614529560013,-5.8779617251694249,1.2297178389334062,0.20416539928374147,1,1.8307835762794629,1.7616246212198707,1,1,1
1786521343.3972936,1,1,0.99097259234428381,1.1322549148759391,0.1340646158479184,4,0,1,0,-0.45064767399950062,-0.65142307216539541,-1.7761129156100766,-2.0140726345763738,-1.0258031388672066,1.2988968082738612,0,0,0,-0.12250165535018727,0.16772755718005292,0,0.95575154245050908,2.0707950086427696,24.945713266643597,-5.7892518837777347,1.2202152731916334,0.20863784463898394,-8.1739018223218884e-16,2.2631392422092445,24.704165947072362,-5.8948439983264453,1.2289563200765443,0.20858722297722032,-8.8817841970012523e-16,2.2631392422092445,24.704165947072362,-5.8519684189538799,1.1987653597841348,0.20858722297722032,1,1.8307835762794629,1.7616246212198707,1,1,1
1786521343.4187102,1,1,0.99097259234428381,1.1322549148759391,0.1340646158479184,4,0,1,0,-0.45064767399950062,-0.65142639452477502,-1.7761119663645395,-2.0167253012296822,-1.0223127630274447,1.2988972828966296,0,0,0,-0.12285776481341455,0.1588248205993707,0,-0.43805279028981664,2.2300869323845212,25.118813821308045,-5.7892518837777347,1.1569916839070926,0.20863784463898394,5.6839129485963119e-16,2.2427270462523268,24.724640831909053,-5.8702873809811038,1.1992589028920015,0.21291160528263409,6.6613381477509392e-16,2.2427270462523268,24.724640831909053,-5.8272871632964085,1.1706704351841148,0.21291160528263409,1,1.8307835762794629,1.7616246212198707,1,1,1
1786521343.4400945,1,1,0.99097259234428381,1.1322549148759391,0.1340646158479184,4,0,1,0,-0.45064814862226915,-0.65143114075246034,-1.7761119663645395,-2.0192654822868494,-1.0190701402728548,1.2988977575193983,0,-0.00035610946322728857,-0.00035610946322728857,-0.11502335662241421,0.1559759448935524,0,-0.27876086654806514,2.2300869323845212,24.849546291830013,-5.5007509593369841,1.0558339410518278,0.30979558749424885,5.099138342470888e-18,2.2240659549971955,24.743423929358393,-5.8471305249006056,1.1712437797299675,0.21697875341351036,0,2.2244932863530682,24.743708816928976,-5.8068723500827604,1.1431681096491282,0.21697875341351036,1,1.8307835762794629,1.7616246212198707,1,1,1
1786521343.4616618,1,1,0.99097259234428381,1.1322549148759391,0.1340646158479184,4,0,1,0,-0.45064814862226915,-0.65143114075246034,-1.7761119663645395,-2.0217254520961347,-1.0155911553795374,1.2988972828966296,0,0,0,-0.11181837145336861,0.16915199503296208,0,-0.11946894280631364,1.9115030849010182,24.849546291830013,-5.6930849089641518,1.1190575303363683,0.24024963928125423,1.4288734312504353e-15,2.2029441315780351,24.764479872473505,-5.8231757130607624,1.1421917673950965,0.22124810192554123,1.3322676295501878e-15,2.2029441315780351,24.764479872473505,-5.784039283052083,1.1117444082891634,0.22124810192554123,1,1.8307835762794629,1.7616246212198707,1,1,1
1786521343.4832633,1,1,0.99097259234428381,1.1322549148759391,0.1340646158479184,4,0,1,0,-0.45064862324503768,-0.65143114075246034,-1.7761114917417711,-2.0241185000950579,-1.0119337123252532,1.2988972828966296,0,0,0,-0.10825727682109572,0.16416646254778003,0,0,2.2300869323845212,25.580415300413247,-5.7892518837777347,1.1886034785493631,0.24024963928125423,8.7428369123336569e-16,2.1801502431392752,24.787199915992559,-5.7986057560439228,1.1123849617841859,0.22566463905320697,8.8817841970012523e-16,2.1801502431392752,24.787199915992559,-5.7607157091565391,1.0828349985255854,0.22566463905320697,1,1.8307835762794629,1.7616246212198707,1,1,1
1786521343.5046642,1,1,0.99097259234428381,1.1322549148759391,0.1340646158479184,4,0,1,0,-0.45064909786780621,-0.65143114075246034,-1.7761124409873081,-2.0263468539933016,-1.0083806862800453,1.2988972828966296,0,0,0,-0.1089694957475503,0.16594700986391647,0,0,2.2300869323845212,24.849546291830013,-5.4238173794861169,1.0558339410518278,0.20863784463898394,1.8722138639751251e-16,2.1576901412795095,24.809585593846514,-5.7750136274680166,1.0837368597863302,0.22993013163579223,2.2204460492503131e-16,2.1576901412795095,24.809585593846514,-5.7368743039563741,1.0538663980108252,0.22993013163579223,1,1.8307835762794629,1.7616246212198707,1,1,1
1786521343.525985,1,1,0.99097259234428381,1.1322549148759391,0.1340646158479184,4,0,1,0,-0.45064909786780621,-0.6514306661296918,-1.7761133902328452,-2.0286625384809542,-1.004928754884534,1.2988968082738612,0,0,0,-0.10505229165205013,0.15633205435677969,-0.00035610946322728857,0.15929192374175152,2.0707950086427696,24.753379317016428,-6.3470203376965202,0.9546761981965628,0.20863784463898394,2.1010313443464018e-16,2.1363057279856106,24.830883844342388,-5.7514826352411283,1.0551396043991006,0.23416162070780183,2.2204460492503131e-16,2.1363057279856106,24.830883844342388,-5.7147143331629104,1.0269998346148803,0.23422572041118275,1,1.8307835762794629,1.7616246212198707,1,1,1
1786521343.5470488,1,1,0.99097259234428381,1.1322549148759391,0.1340646158479184,4,0,1,0,-0.45064957249057475,-0.65143114075246034,-1.7761129156100766,-2.0308766536961422,-1.001643890703545,1.2988972828966296,-0.00035610946322728857,0,0,-0.09828621185073165,0.15811260167291613,0,0,1.9115030849010182,24.580278762351977,-5.8854188585913185,1.1190575303363683,0.34140738213651917,3.6684488725815395e-16,2.1160613743448922,24.851081556211369,-5.7289832967156133,1.027807947183645,0.23820313126961301,0.00042733135587319038,2.1160613743448922,24.851081556211369,-5.6945831225678569,0.99934767888252007,0.23820313126961301,1,1.8307835762794629,1.7616246212198707,1,1,1
1786521343.5681753,1,1,0.99097259234428381,1.1322549148759391,0.1340646158479184,4,0,1,0,-0.45064909786780621,-0.65143161537522887,-1.7761133902328452,-2.0329308210383354,-0.99850378646695725,1.2988968082738612,0,-0.00035610946322728857,0,-0.10149119701977724,0.13532159602636964,0,-0.59734471403156819,1.9115030849010182,24.753379317016428,-5.8854188585913185,1.0874457356940981,0.037934153570724355,5.0814353538732732e-16,2.0965044894383214,24.870592909044579,-5.7076455974300213,1.0018674152726859,0.24205365424169331,4.4408920985006262e-16,2.096931820794194,24.870592909044579,-5.6721236784730991,0.97750952798793933,0.24205365424169331,1,1.8307835762794629,1.7616246212198707,1,1,1
1786521343.5894346,1,1,0.99097259234428381,1.1322549148759391,0.1340646158479184,4,0,1,0,-0.45065052173611181,-0.65143019150692327,-1.7761143394783823,-2.035205687967895,-0.99559577276418021,1.2988968082738612,-0.00035610946322728857,0,0,-0.11039393360045946,0.13140439193086947,0,-0.11946894280631364,1.9115030849010182,24.945713266643597,-5.4238173794861169,1.0178997874811033,0.41095333034951381,-8.6042284408449632e-16,2.0794125064198052,24.887582382942508,-5.6864947659462883,0.97609751104074838,0.24580926385332427,0.00042733135587185811,2.0794125064198052,24.887582382942508,-5.6478568891861274,0.95244472049319184,0.24580926385332427,1,1.8307835762794629,1.7616246212198707,1,1,1
1786521343.6107652,1,1,0.99097259234428381,1.1322549148759391,0.1340646158479184,4,0,1,0,-0.45065052173611181,-0.65143019150692327,-1.7761152887239193,-2.0375114053774084,-0.99308739143250468,1.2988968082738612,0.00035610946322728857,0,0,-0.11644779447532336,0.11680390393855065,-0.00035610946322728857,-0.11946894280631364,2.2300869323845212,24.580278762351977,-5.4238173794861169,0.9546761981965628,0.24024963928125423,6.0258940307207631e-16,2.0657622328651231,24.901198767813199,-5.66696145642514,0.95228354162863316,0.24921824925021777,-0.00042733135587208016,2.0657622328651231,24.901198767813199,-5.6262047283587773,0.93125883891969408,0.24928234895359869,1,1.8307835762794629,1.7616246212198707,1,1,1
1786521343.632164,1,1,0.99097259234428381,1.1322549148759391,0.1340646158479184,4,0,1,0,-0.45065194560441735,-0.65143114075246034,-1.7761176618377619,-2.0400857592739099,-0.99053771791996703,1.2988977575193983,0,0,0,-0.12036499857082354,0.12285776481341455,0.00035610946322728857,-0.27876086654806514,1.9115030849010182,25.118813821308045,-5.4238173794861169,0.84719609641284388,0.37301917677878943,-7.4964109897900089e-17,2.0525979900205789,24.914369501827778,-5.6462269543691468,0.92697846704396525,0.25280123983376629,0,2.0525979900205789,24.914369501827778,-5.6040992048693585,0.90486406937755059,0.2527371401303854,1,1.8307835762794629,1.7616246212198707,1,1,1
1786521343.6535687,1,1,0.99097259234428381,1.1322549148759391,0.1340646158479184,4,0,1,0,-0.45065242022718588,-0.65143303924353446,-1.7761171872149935,-2.0427213395075512,-0.98788410202112154,1.2988977575193983,0,0,-0.00035610946322728857,-0.12356998373986913,0.12143332696050541,0,-0.59734471403156819,2.2300869323845212,24.387944812724811,-5.4238173794861169,0.84719609641284388,0.27186143392352452,-8.3866426173542785e-16,2.0388449225208083,24.928163143956269,-5.6247464137792269,0.90079326009524352,0.25651559642521821,-8.8817841970012523e-16,2.0388449225208083,24.928448031526852,-5.5814969194702728,0.87893526124235255,0.25651559642521821,1,1.8307835762794629,1.7616246212198707,1,1,1
1786521343.6745846,1,1,0.99097259234428381,1.1322549148759391,0.1340646158479184,4,0,1,0,-0.45065336947272294,-0.65143446311184006,-1.7761176618377619,-2.0452430102767454,-0.98540657116940022,1.2988977575193983,-0.00035610946322728857,-0.00035610946322728857,0.00035610946322728857,-0.12356998373986913,0.12178943642373269,0,0,1.9115030849010182,25.21498079612163,-5.6930849089641518,0.91674204462583853,0.24024963928125423,-5.5434071233057686e-16,2.0261384404899321,24.940895836304897,-5.6044278021801244,0.87599556808077472,0.26002410197123588,0.0004273313558723022,2.0265657718458048,24.940610948734314,-5.5611783078711703,0.8540734695245028,0.26002410197123588,1,1.8307835762794629,1.7616246212198707,1,1,1
1786521343.6958561,1,1,0.99097259234428381,1.1322549148759391,0.1340646158479184,4,0,1,0,-0.45065431871826001,-0.65143398848907152,-1.7761190857060676,-2.0480119595083437,-0.98272780026382278,1.2988977575193983,0,0,0,-0.13069217300441491,0.11929667018114166,0,-0.11946894280631364,1.9115030849010182,24.849546291830013,-4.2313468917976804,0.84719609641284388,0.27186143392352452,3.9081253153366163e-16,2.0123866251302127,24.954601636479119,-5.5822626117947101,0.84889718134598369,0.26385299257187872,4.4408920985006262e-16,2.0123866251302127,24.954601636479119,-5.5365203512431647,0.82742378071337819,0.26385299257187872,1,1.8307835762794629,1.7616246212198707,1,1,1
1786521343.7173193,1,1,0.99097259234428381,1.1322549148759391,0.1340646158479184,4,0,1,0,-0.45065431871826001,-0.6514320899979974,-1.7761224080654472,-2.0508843765034808,-0.98034614321134439,1.2988972828966296,-0.00035610946322728857,0.00035610946322728857,0,-0.13211661085732407,0.10754505789464115,0,-0.43805279028981664,1.9115030849010182,24.849546291830013,-5.4238173794861169,0.78397250712830324,0.27186143392352452,9.1438561908817328e-16,2.0012473856132091,24.965654638897988,-5.5610149652293028,0.8228620476157239,0.26746695098893564,0.00042733135587363447,2.0008200542573364,24.965654638897988,-5.514774151429239,0.80350393719468849,0.26746695098893564,1,1.8307835762794629,1.7616246212198707,1,1,1
1786521343.7388642,1,1,0.99097259234428381,1.1322549148759391,0.1340646158479184,4,0,1,0,-0.45065479334102854,-0.65143161537522887,-1.7761247811792897,-2.0537430294383308,-0.97791607463647601,1.2988972828966296,0,0,0,-0.12926773515150575,0.11929667018114166,0,-0.11946894280631364,1.7522111611592666,24.849546291830013,-5.6930849089641518,0.7144265589153086,0.27186143392352452,5.0033389161364267e-16,1.9897410883201241,24.977126137588144,-5.5395461570098057,0.79657539887080397,0.27112469730777639,4.4408920985006262e-16,1.9897410883201241,24.977126137588144,-5.4943024497067787,0.77510199823819848,0.27112469730777639,1,1.8307835762794629,1.7616246212198707,1,1,1
1786521343.7601876,1,1,0.99097259234428381,1.1322549148759391,0.1340646158479184,4,0,1,0,-0.4506557425865656,-0.65143351386630299,-1.7761252558020584,-2.0564213257211401,-0.97546322416871822,1.2988972828966296,0,0,0,-0.12250165535018727,0.10540840111527741,-0.00035610946322728857,0,2.2300869323845212,25.21498079612163,-5.1353164550453663,0.88513024998356815,0.30979558749424885,4.437114331555872e-16,1.9776538862905815,24.989262441027503,-5.5185819593378405,0.77094483292421889,0.2747209974077694,4.4408920985006262e-16,1.9776538862905815,24.989262441027503,-5.475706379965275,0.75197132072346895,0.27478509711115029,1,1.8307835762794629,1.7616246212198707,1,1,1
1786521343.7812634,1,1,0.99097259234428381,1.1322549148759391,0.1340646158479184,4,0,1,0,-0.45065621720933413,-0.6514320899979974,-1.7761323751435862,-2.0588632598652215,-0.97350350675746211,1.2988972828966296,0,0.00035610946322728857,-0.00071221892645457715,-0.1185844512546871,0.091164022586185875,0.00035610946322728857,-0.11946894280631364,1.7522111611592666,25.311147770935214,-5.6930849089641518,0.81558430177057351,0.41095333034951381,-5.9841861283979614e-16,1.9686018029559591,24.998249691103464,-5.500709110854304,0.74897783340558888,0.27775940966559398,-6.6613381477509392e-16,1.9681744716000864,24.998819466244626,-5.4592045529151632,0.73256830934007544,0.27769530996221309,1,1.8307835762794629,1.7616246212198707,1,1,1
1786521343.8021405,1,1,0.99097259234428381,1.1322549148759391,0.1340646158479184,4,0,1,0,-0.45065716645487119,-0.65143114075246034,-1.7762486577218759,-2.0613593010049152,-0.97169661787767236,1.2988972828966296,0,0,-0.011751612286500523,-0.12321387427664185,0.08475405224809468,0,0,1.7522111611592666,24.849546291830013,-5.3276504046725339,0.84719609641284388,0.20863784463898394,3.7844754456964336e-16,1.9591700980837672,25.00761097441988,-5.4835810900437396,0.72672949385107588,0.28085780065983701,4.4408920985006262e-16,1.9591700980837672,25.017012264249079,-5.4404562340469154,0.71147376444641885,0.28085780065983701,1,1.8307835762794629,1.7616246212198707,1,1,1
1786521343.8231947,1,1,0.99097259234428381,1.1322549148759391,0.1340646158479184,4,0,1,0,-0.45065716645487119,-0.65143161537522887,-1.7764171488047036,-2.0640119676582236,-0.97010425848925763,1.2988968082738612,0,0,-0.0078344081910003485,-0.12214554588695997,0.063743593917684652,0,-1.0752204852568228,1.9115030849010182,25.118813821308045,-5.4238173794861169,0.64488061070231395,0.44256512499178408,5.3561620199857329e-16,1.9511438908259606,25.015617262679257,-5.4669428665914239,0.70453349491874473,0.28391118840605706,4.4408920985006262e-16,1.9511438908259606,25.021884789232057,-5.4241919255309883,0.69305964801356146,0.28391118840605706,1,1.8307835762794629,1.7616246212198707,1,1,1
1786521343.8445063,1,1,0.99097259234428381,1.1322549148759391,0.1340646158479184,4,0,1,0,-0.45065859032317679,-0.65142734377031208,-1.7765884876241427,-2.0666897893182643,-0.96899031885152009,1.2988963336510926,0,0.00035610946322728857,-0.006409970338091194,-0.12250165535018727,0.047362558609229381,-0.00035610946322728857,0.31858384748350305,1.9115030849010182,25.21498079612163,-5.058382875194499,0.61326881606004369,0.41095333034951381,1.0937465397351659e-15,1.9467773996760984,25.019803780145143,-5.4523662074330526,0.6848058200143603,0.28653070515022588,1.1102230246251565e-15,1.9463500683202257,25.024931756415615,-5.4094906280604871,0.676280559464699,0.28659480485360678,1,1.8307835762794629,1.7616246212198707,1,1,1
1786521343.8656924,1,1,0.99097259234428381,1.1322549148759391,0.1340646158479184,4,0,1,0,-0.45065859032317679,-0.65142449603370101,-1.7766720212314038,-2.0691787111164301,-0.9680486672787586,1.2988958590283242,0.00035610946322728857,0,-0.0014244378529091543,-0.12250165535018727,0.041308697734365477,0,0.15929192374175152,1.9115030849010182,24.849546291830013,-5.3276504046725339,0.64488061070231395,0.34140738213651917,2.4913271857822383e-16,1.9447718199071868,25.021708495185258,-5.4390125656930035,0.66757375561326848,0.28875150545258527,-0.00042733135587252424,1.9447718199071868,25.022848045467587,-5.396136986320438,0.66013819002108265,0.28875150545258527,1,1.8307835762794629,1.7616246212198707,1,1,1
1786521343.8871298,1,1,0.99097259234428381,1.1322549148759391,0.1340646158479184,4,0,1,0,-0.45066001419148238,-0.65142876763861768,-1.7767123641667286,-2.0718076466313122,-0.96714213779086833,1.2988963336510926,0,-0.00035610946322728857,0,-0.12570664051923286,0.04202091666082005,0,0.47787577122525454,2.0707950086427696,25.21498079612163,-5.6930849089641518,0.64488061070231395,0.30979558749424885,1.1015392428499055e-15,1.9445354222546332,25.02212690418547,-5.4251339654762738,0.65028213890224351,0.29092143802124276,1.1102230246251565e-15,1.9449627536105059,25.02212690418547,-5.3811366412945425,0.64271837390329589,0.29092143802124276,1,1.8307835762794629,1.7616246212198707,1,1,1
1786521343.9086039,1,1,0.99097259234428381,1.1322549148759391,0.1340646158479184,4,0,1,0,-0.45066333655086205,-0.65142971688415474,-1.7767133134122657,-2.0745642556709285,-0.96630110624503496,1.2988968082738612,0,0,-0.00035610946322728857,-0.12784329729859659,0.038103712565319879,0.00035610946322728857,0,1.9115030849010182,25.041880241457179,-5.1353164550453663,0.61326881606004369,0.44256512499178408,6.5482423086335451e-16,1.9456570626297243,25.021079775827921,-5.4109469682229152,0.63304956576365567,0.29302849561227823,6.6613381477509392e-16,1.9456570626297243,25.021364663398504,-5.3662018141684067,0.62619089750189805,0.29296439590889733,1,1.8307835762794629,1.7616246212198707,1,1,1
1786521343.9288008,1,1,0.99097259234428381,1.1322549148759391,0.1340646158479184,4,0,1,0,-0.45066333655086205,-0.65142876763861768,-1.7767417907783776,-2.0771822748621345,-0.96556164397166688,1.2988972828966296,0,0,-0.0014244378529091543,-0.124638312129551,0.038459822028547162,0,-0.27876086654806514,1.7522111611592666,25.311147770935214,-5.058382875194499,0.61326881606004369,0.24024963928125423,-2.9156059890619174e-16,1.946633915726335,25.020099102110738,-5.3977865977066619,0.61678286925374715,0.29501766270344337,-2.2204460492503131e-16,1.946633915726335,25.021238652393066,-5.3541631884613192,0.60986010128860868,0.29501766270344337,1,1.8307835762794629,1.7616246212198707,1,1,1
1786521343.9519148,1,1,0.99097259234428381,1.1322549148759391,0.1340646158479184,4,0,1,0,-0.45066333655086205,-0.65142686914754355,-1.7767954231512213,-2.0799336630512966,-0.96460432984754385,1.2988972828966296,0.00035610946322728857,0.00035610946322728857,-0.003204985169045597,-0.11680390393855065,0.040240369344683606,0.00035610946322728857,-0.27876086654806514,1.9115030849010182,24.195610863097645,-5.5007509593369841,0.64488061070231395,0.17070369106825958,-1.7959978393811832e-16,1.9457220417442525,25.020960212472389,-5.383169626175393,0.59846878692532657,0.29732284438241563,-0.00042733135587296833,1.9452947103883798,25.023524200607625,-5.3422882597969004,0.59122552044328358,0.29725874467903474,1,1.8307835762794629,1.7616246212198707,1,1,1
1786521343.9731231,1,1,0.99097259234428381,1.1322549148759391,0.1340646158479184,4,0,1,0,-0.45066381117363058,-0.65142639452477502,-1.776897467046455,-2.0823485436975719,-0.96381645605178579,1.2988968082738612,0,0,-0.0060538608748639056,-0.10576451057850471,0.034542617933046992,-0.00035610946322728857,0.15929192374175152,1.7522111611592666,25.311147770935214,-5.2314834298589501,0.64488061070231395,0.34140738213651917,-1.1213801426063902e-15,1.9444844144873255,25.022184472416829,-5.3706875111345731,0.58226467393687076,0.29938119827484033,-1.1102230246251565e-15,1.9444844144873255,25.027027561116718,-5.3336699324320964,0.57604700270892217,0.29944529797822123,1,1.8307835762794629,1.7616246212198707,1,1,1
1786521343.9945581,1,1,0.99097259234428381,1.1322549148759391,0.1340646158479184,4,0,1,0,-0.45066428579639911,-0.65142307216539541,-1.7770113765109019,-2.0844625135086003,-0.96320988815360575,1.2988963336510926,0,0.00035610946322728857,-0.0053416419484093288,-0.1025595254094591,0.022078786720091892,-0.00035610946322728857,-0.11946894280631364,1.9115030849010182,25.407314745748799,-5.7892518837777347,0.61326881606004369,0.069545948212994646,1.3932912712021767e-15,1.9435036691951364,25.023041124321196,-5.3601855782968055,0.56833337988859323,0.30114484544179276,1.3322676295501878e-15,1.9430763378392637,25.027314437879923,-5.3242897444034947,0.56435919827897674,0.30120894514517366,1,1.8307835762794629,1.7616246212198707,1,1,1
1786521344.0160463,1,1,0.99097259234428381,1.1322549148759391,0.1340646158479184,4,0,1,0,-0.45066428579639911,-0.65142022442878422,-1.7771461693771642,-2.0865228509467846,-0.962836834657542,1.2988963336510926,0,0,-0.0067660798013184824,-0.091520132049413158,0.013532159602636965,0,0.15929192374175152,1.7522111611592666,24.849546291830013,-5.4238173794861169,0.58165702141777342,0.30979558749424885,3.4472546887355515e-16,1.9439503778532474,25.022489420373354,-5.3509767953000011,0.55581534420961742,0.30268472443879491,4.4408920985006262e-16,1.9439503778532474,25.027902284214409,-5.3189447490827062,0.55337955548114282,0.30268472443879491,1,1.8307835762794629,1.7616246212198707,1,1,1
1786521344.037173,1,1,0.99097259234428381,1.1322549148759391,0.1340646158479184,4,0,1,0,-0.45066428579639911,-0.65142022442878422,-1.7773013710224732,-2.0883971362597054,-0.96263701847199135,1.2988958590283242,0,0,-0.0078344081910003485,-0.083685723858412817,0.006409970338091194,0,0.15929192374175152,1.9115030849010182,24.657212342202847,-5.6930849089641518,0.61326881606004369,0.27186143392352452,3.0817091500184857e-16,1.94508825599081,25.021348874013491,-5.3432884298012402,0.54499308882443109,0.30399493296397545,2.2204460492503131e-16,1.94508825599081,25.027616400566291,-5.3139984264507953,0.54383929416357479,0.30399493296397545,1,1.8307835762794629,1.7616246212198707,1,1,1
1786521344.0584736,1,1,0.99097259234428381,1.1322549148759391,0.1340646158479184,4,0,1,0,-0.45066428579639911,-0.65142022442878422,-1.7774727098419121,-2.0900056328222503,-0.96255253561919318,1.2988958590283242,0,0,-0.0092588460439095022,-0.073358549424821451,0.0021366567793637313,0,-0.11946894280631364,1.9115030849010182,25.407314745748799,-5.4238173794861169,0.54372286784704904,0.27186143392352452,-2.2919017486806859e-16,1.9461381545767269,25.020289267520603,-5.3371658600673504,0.53591052995110711,0.30509246313570954,-2.2204460492503131e-16,1.9461381545767269,25.027696344355732,-5.3114903677686627,0.53552593173082164,0.30509246313570954,1,1.8307835762794629,1.7616246212198707,1,1,1
1786521344.0796251,1,1,0.99097259234428381,1.1322549148759391,0.1340646158479184,4,0,1,0,-0.45066428579639911,-0.65142069905155275,-1.7777043257529543,-2.0914836081234491,-0.96251931202539609,1.2988963336510926,0,0.00035610946322728857,-0.011751612286500523,-0.063031374991230071,0.0010683283896818657,0.00035610946322728857,-0.27876086654806514,2.2300869323845212,24.849546291830013,-4.9622159003809161,0.41095333034951381,0.34140738213651917,-9.4641871108743642e-16,1.9462553864332888,25.020161851806343,-5.3319152747949241,0.52725054614199618,0.30617342869014269,-8.8817841970012523e-16,1.9458280550774161,25.029563141635542,-5.3098542935479935,0.52705824703185333,0.3061093289867618,1,1.8307835762794629,1.7616246212198707,1,1,1
1786521344.1011453,1,1,0.99097259234428381,1.1322549148759391,0.1340646158479184,4,0,1,0,-0.45066381117363058,-0.65141974980601569,-1.7779155328849496,-2.0926440607925025,-0.96246995125746915,1.2988949097827871,0,0,-0.0078344081910003485,-0.046650339682774801,0.0035610946322728858,-0.00035610946322728857,0.31858384748350305,1.9115030849010182,25.311147770935214,-5.5007509593369841,0.44256512499178408,0.24024963928125423,-7.2026091417053822e-16,1.9455903029461146,25.020760553741312,-5.3277555915779224,0.52007971747399284,0.30709585582456644,-6.6613381477509392e-16,1.9455903029461146,25.027028080294112,-5.3114279726889508,0.51943872044018369,0.30715995552794734,1,1.8307835762794629,1.7616246212198707,1,1,1
1786521344.1226428,1,1,0.99097259234428381,1.1322549148759391,0.1340646158479184,4,0,1,0,-0.45066286192809352,-0.6514169020694045,-1.7780617166976567,-2.093541572447791,-0.96235556717025361,1.29889396053725,0,0,-0.0053416419484093288,-0.039528150418229033,0.0081905176542276369,0,-0.59734471403156819,2.0707950086427696,25.041880241457179,-5.1353164550453663,0.54372286784704904,0.41095333034951381,-5.3302089304818612e-16,1.9446185983973434,25.021603950724433,-5.3241511306546148,0.51421452480183516,0.30785976726251973,-4.4408920985006262e-16,1.9446185983973434,25.02587726428316,-5.3103162780082345,0.51274023162407434,0.30785976726251973,1,1.8307835762794629,1.7616246212198707,1,1,1
1786521344.143934,1,1,0.99097259234428381,1.1322549148759391,0.1340646158479184,4,0,1,0,-0.45066286192809352,-0.65141737669217303,-1.7781077551062039,-2.0943531773819757,-0.96217948212312943,1.2988944351600185,0,-0.00035610946322728857,-0.00035610946322728857,-0.036679274712410725,0.0089027365806822138,0,-0.11946894280631364,1.9115030849010182,24.753379317016428,-5.2314834298589501,0.44256512499178408,0.17070369106825958,-1.0588826636261789e-15,1.9447374063917353,25.021504382078547,-5.3203350231585311,0.50918887438078164,0.30847680331605598,-1.1102230246251565e-15,1.945164737747608,25.02178926964913,-5.3074972770091877,0.5075863817962587,0.30847680331605598,1,1.8307835762794629,1.7616246212198707,1,1,1
1786521344.1651716,1,1,0.99097259234428381,1.1322549148759391,0.1340646158479184,4,0,1,0,-0.45066286192809352,-0.65141737669217303,-1.7781153490705004,-2.0950399565280371,-0.96202333123228334,1.2988953844055555,0,0,-0.0010683283896818657,-0.031337632764001394,0.006409970338091194,0.00035610946322728857,0.31858384748350305,1.9115030849010182,24.945713266643597,-5.3276504046725339,0.54372286784704904,0.30979558749424885,-3.3674980664220866e-16,1.9452780584389071,25.020973469777331,-5.316993099384983,0.50513649272722905,0.30895521208348203,-4.4408920985006262e-16,1.9452780584389071,25.021828132489077,-5.3060249279175826,0.50398269806637264,0.30889111238010114,1,1.8307835762794629,1.7616246212198707,1,1,1
1786521344.1864197,1,1,0.99097259234428381,1.1322549148759391,0.1340646158479184,4,0,1,0,-0.45066238730532499,-0.6514169020694045,-1.7781443010593807,-2.0956716794329489,-0.96183965222086265,1.2988953844055555,0,0,-0.00071221892645457715,-0.02742042866850122,0.010327174433591369,0,-0.27876086654806514,1.9115030849010182,24.753379317016428,-5.6930849089641518,0.51211107320477878,0.30979558749424885,-2.8989533213188978e-16,1.9450530948873155,25.021182088618886,-5.3137930516251863,0.50100300009056076,0.30947225131171563,-2.2204460492503131e-16,1.9450530948873155,25.021751863760048,-5.3041959015912106,0.4991441086925143,0.30947225131171563,1,1.8307835762794629,1.7616246212198707,1,1,1
1786521344.2078166,1,1,0.99097259234428381,1.1322549148759391,0.1340646158479184,4,0,1,0,-0.45066143805978798,-0.65141595282386744,-1.7781647098384274,-2.0962417013779522,-0.96152924893024472,1.2988953844055555,0,0.00035610946322728857,-0.00035610946322728857,-0.026708209742046643,0.019942129940728158,0,0,2.2300869323845212,25.21498079612163,-5.058382875194499,0.54372286784704904,0.17070369106825958,7.733597155680158e-16,1.9437267719855811,25.022470503088485,-5.3102388038699235,0.49648032788480262,0.31007430213314602,6.6613381477509392e-16,1.9432994406297084,25.022755390659068,-5.3008909304602074,0.4928907444954716,0.31007430213314602,1,1.8307835762794629,1.7616246212198707,1,1,1
1786521344.2292318,1,1,0.99097259234428381,1.1322549148759391,0.1340646158479184,4,0,1,0,-0.45066143805978798,-0.65141642744663597,-1.7781723038027237,-2.0967946369032884,-0.96096160009908405,1.2988958590283242,0,0,0,-0.028132647594955797,0.030625413837546817,0,0.31858384748350305,1.9115030849010182,25.21498079612163,-5.058382875194499,0.48049927856250846,0.34140738213651917,-3.8760397072946234e-16,1.9405266496242266,25.025679649545442,-5.3055537553948708,0.49066255502128731,0.31090130206215011,-4.4408920985006262e-16,1.9405266496242266,25.025679649545442,-5.2957073287366363,0.48514998053052888,0.31090130206215011,1,1.8307835762794629,1.7616246212198707,1,1,1
1786521344.2523444,1,1,0.99097259234428381,1.1322549148759391,0.1340646158479184,4,0,1,0,-0.45066143805978798,-0.65141642744663597,-1.778176100784872,-2.0974629057613772,-0.96010063439697246,1.2988963336510926,0,-0.00035610946322728857,0,-0.027776538131728506,0.043801463976956494,0,0.31858384748350305,1.7522111611592666,25.118813821308045,-5.2314834298589501,0.34140738213651917,0.30979558749424885,9.0328948747914195e-16,1.9352790680639664,25.030911815633221,-5.2990875961740809,0.48265617283416806,0.31206808630691557,8.8817841970012523e-16,1.9357063994198391,25.030911815633221,-5.2893658078279762,0.47477190931831592,0.31206808630691557,1,1.8307835762794629,1.7616246212198707,1,1,1
1786521344.2732606,1,1,0.99097259234428381,1.1322549148759391,0.1340646158479184,4,0,1,0,-0.45066096343701945,-0.65141642744663597,-1.7781803723897889,-2.0979944832621298,-0.95908256855847784,1.2988963336510926,0,0,-0.00035610946322728857,-0.024571552962682913,0.053772528947320576,0.00035610946322728857,-0.43805279028981664,2.0707950086427696,25.580415300413247,-4.9622159003809161,0.48049927856250846,0.34140738213651917,-1.4190512371940744e-16,1.9283454835555931,25.037820624615399,-5.292439651040354,0.47435088984599855,0.31333169303211994,-2.2204460492503131e-16,1.9283454835555931,25.038105512185982,-5.2838396075034151,0.46467183463548078,0.31326759332873905,1,1.8307835762794629,1.7616246212198707,1,1,1
1786521344.2943184,1,1,0.99097259234428381,1.1322549148759391,0.1340646158479184,4,0,1,0,-0.45066048881425091,-0.65141595282386744,-1.7781832201264001,-2.098514195193669,-0.9579335068358692,1.2988963336510926,0,0,0,-0.023859334036228332,0.056621404653138883,0.00035610946322728857,0,1.9115030849010182,25.118813821308045,-5.2314834298589501,0.48049927856250846,0.30979558749424885,-3.4223180387683849e-16,1.9203018787343256,25.045817039085421,-5.2852384726294277,0.46534457604156398,0.3147201244943702,-4.4408920985006262e-16,1.9203018787343256,25.045817039085421,-5.2768877057167476,0.45515272320399897,0.31465602479098931,1,1.8307835762794629,1.7616246212198707,1,1,1
1786521344.3157284,1,1,0.99097259234428381,1.1322549148759391,0.1340646158479184,4,0,1,0,-0.45066001419148238,-0.65141310508725625,-1.7781836947491685,-2.0990220415559948,-0.95667623112203592,1.2988963336510926,-0.00035610946322728857,0,0,-0.025995990815592066,0.061963046601548208,0,0,2.0707950086427696,24.657212342202847,-5.3276504046725339,0.41095333034951381,0.37301917677878943,-4.466065917693024e-16,1.9112504634152989,25.054729013245463,-5.2775876121437326,0.45576029047908051,0.31621240143479096,0.0004273313558723022,1.9112504634152989,25.054729013245463,-5.2684890153582753,0.44460694209080182,0.31621240143479096,1,1.8307835762794629,1.7616246212198707,1,1,1
1786521344.3371644,1,1,0.99097259234428381,1.1322549148759391,0.1340646158479184,4,0,1,0,-0.45065953956871385,-0.65141168121895066,-1.7781841693719371,-2.0996010813336001,-0.95519445883868848,1.2988963336510926,0,0,0,-0.02742042866850122,0.077631862983548905,0,-0.59734471403156819,1.9115030849010182,25.041880241457179,-4.9622159003809161,0.41095333034951381,0.27186143392352452,2.2016419178212676e-16,1.9006367970226501,25.06525008658555,-5.2686322754538404,0.44455944722988994,0.31796065387714528,2.2204460492503131e-16,1.9006367970226501,25.06525008658555,-5.2590351254198646,0.43058571189285111,0.31796065387714528,1,1.8307835762794629,1.7616246212198707,1,1,1
1786521344.3584833,1,1,0.99097259234428381,1.1322549148759391,0.1340646158479184,4,0,1,0,-0.45065953956871385,-0.65141168121895066,-1.7781846439947055,-2.1001573392183164,-0.9532793559676741,1.2988963336510926,0,0,0,-0.023859334036228332,0.10006675916686809,0,0.47787577122525454,1.9115030849010182,25.118813821308045,-5.3276504046725339,0.37301917677878943,0.30979558749424885,-1.9469899325587348e-16,1.8864870040475061,25.079344129545504,-5.2577835401085657,0.43095695560384212,0.32013144762225587,-2.2204460492503131e-16,1.8864870040475061,25.079344129545504,-5.2494327731958856,0.41294493895380591,0.32013144762225587,1,1.8307835762794629,1.7616246212198707,1,1,1
1786521344.3797786,1,1,0.99097259234428381,1.1322549148759391,0.1340646158479184,4,0,1,0,-0.45065906494594532,-0.65141263046448772,-1.7781855932402426,-2.100579753482307,-0.95110036283735755,1.2988958590283242,0,0,0,-0.016381035308455274,0.09757399292427707,-0.00035610946322728857,0,1.7522111611592666,25.118813821308045,-4.9622159003809161,0.34140738213651917,0.37301917677878943,-2.5827220407909773e-16,1.8698518554806585,25.095945870892375,-5.2462333507164969,0.41642717305061061,0.32250707328603107,-2.2204460492503131e-16,1.8698518554806585,25.095945870892375,-5.2404999883585379,0.39886385432424076,0.32257117298941196,1,1.8307835762794629,1.7616246212198707,1,1,1
1786521344.4012685,1,1,0.99097259234428381,1.1322549148759391,0.1340646158479184,4,0,1,0,-0.45065811570040826,-0.65141215584171919,-1.7781950856956132,-2.1008379482683868,-0.94924458781240928,1.2988963336510926,0,0,-0.00071221892645457715,-0.0078344081910003485,0.086890709027458407,0.00035610946322728857,0.31858384748350305,1.9115030849010182,25.041880241457179,-4.7698819507537484,0.30979558749424885,0.34140738213651917,1.7389755813720237e-16,1.8551990154349411,25.11051735077211,-5.2367967509435642,0.40443061740511504,0.32450007411493936,2.2204460492503131e-16,1.8551990154349411,25.111087125913272,-5.2340547080767141,0.3887902897801726,0.32443597441155847,1,1.8307835762794629,1.7616246212198707,1,1,1
1786521344.4227917,1,1,0.99097259234428381,1.1322549148759391,0.1340646158479184,4,0,1,0,-0.45065811570040826,-0.65141120659618212,-1.7782017304143727,-2.10091436253412,-0.94735558919366392,1.2988958590283242,0,0,0,-0.0010683283896818657,0.088315146880367568,-0.00035610946322728857,0.63716769496700609,1.9115030849010182,25.311147770935214,-5.5969179341505679,0.30979558749424885,0.41095333034951381,5.632328642108525e-16,1.8397983470787302,25.125813914187965,-5.2278871211428166,0.39308426145381425,0.32644076607179462,6.6613381477509392e-16,1.8397983470787302,25.125813914187965,-5.227513206206428,0.37718753501534796,0.32650486577517551,1,1.8307835762794629,1.7616246212198707,1,1,1
1786521344.4442186,1,1,0.99097259234428381,1.1322549148759391,0.1340646158479184,4,0,1,0,-0.45065764107763973,-0.65141073197341359,-1.7782088497559005,-2.1009148371568886,-0.94548130388074303,1.2988958590283242,0,0,-0.00035610946322728857,0,0.082261286005503656,0,0.63716769496700609,1.7522111611592666,25.041880241457179,-5.5969179341505679,0.27186143392352452,0.30979558749424885,-1.1186188151983412e-15,1.824337792727138,25.141186614921253,-5.2193189927768806,0.38216893936392893,0.32833143051374797,-1.1102230246251565e-15,1.824337792727138,25.141471502491836,-5.2193189927768806,0.36736190788293827,0.32833143051374797,1,1.8307835762794629,1.7616246212198707,1,1,1
1786521344.4653351,1,1,0.99097259234428381,1.1322549148759391,0.1340646158479184,4,0,1,0,-0.45065669183210266,-0.65140835885957094,-1.7782121721152804,-2.1009167356479628,-0.94389463996555067,1.2988953844055555,0,0.00035610946322728857,0,0,0.069085235866093983,0,0,1.5929192374175152,25.311147770935214,-5.058382875194499,0.44256512499178408,0.34140738213651917,-7.7605158627438997e-16,1.8112030852014502,25.154174124471645,-5.2120425580920635,0.37292598212597566,0.32993245136964083,-6.6613381477509392e-16,1.8107757538455775,25.154174124471645,-5.2120425580920635,0.36049063967007872,0.32993245136964083,1,1.8307835762794629,1.7616246212198707,1,1,1
1786521344.4866614,1,1,0.99097259234428381,1.1322549148759391,0.1340646158479184,4,0,1,0,-0.45065621720933413,-0.65140598574572828,-1.7782126467380488,-2.1009176848934996,-0.94246175382736175,1.2988949097827871,0,0,-0.00035610946322728857,0.00035610946322728857,0.073714658888048734,0,-0.11946894280631364,1.9115030849010182,24.945713266643597,-5.2314834298589501,0.34140738213651917,0.30979558749424885,-6.8998965070156404e-16,1.7993774288930231,25.165858971358467,-5.2054565370610408,0.36459926504408408,0.33137460116021855,-6.6613381477509392e-16,1.7993774288930231,25.16614385892905,-5.2055811753731707,0.35133062644423535,0.33137460116021855,1,1.8307835762794629,1.7616246212198707,1,1,1
1786521344.5081332,1,1,0.99097259234428381,1.1322549148759391,0.1340646158479184,4,0,1,0,-0.45065621720933413,-0.65140740961403387,-1.7782116974925117,-2.1009186341390369,-0.94077731762185235,1.2988953844055555,0,-0.00035610946322728857,0.00035610946322728857,-0.00035610946322728857,0.077275753520321622,0,-0.43805279028981664,1.9115030849010182,24.657212342202847,-5.058382875194499,0.37301917677878943,0.27186143392352452,-1.3810025172034113e-17,1.7857388857243031,25.179489881512261,-5.1976866956778984,0.35485575175612655,0.3330596770666665,0,1.7861662170801758,25.179204993941678,-5.1975620573657686,0.34094611612246872,0.3330596770666665,1,1.8307835762794629,1.7616246212198707,1,1,1
1786521344.5295086,1,1,0.99097259234428381,1.1322549148759391,0.1340646158479184,4,0,1,0,-0.45065621720933413,-0.6514078842368024,-1.7782126467380488,-2.1009191087618051,-0.93922672503706828,1.2988949097827871,0,0,0,0,0.064811922307366515,0,-0.59734471403156819,1.7522111611592666,25.580415300413247,-5.4238173794861169,0.34140738213651917,0.37301917677878943,8.164753866491542e-16,1.7731161551703893,25.192073864670121,-5.1905280202123141,0.34586594786237979,0.33461643427382232,8.8817841970012523e-16,1.7731161551703893,25.192073864670121,-5.1905280202123141,0.33419980184705383,0.33461643427382232,1,1.8307835762794629,1.7616246212198707,1,1,1
1786521344.5525637,1,1,0.99097259234428381,1.1322549148759391,0.1340646158479184,4,0,1,0,-0.45065479334102854,-0.65140361263188573,-1.77821549447466,-2.1009195833845737,-0.93800314753980052,1.2988949097827871,0,0.00035610946322728857,-0.00035610946322728857,-0.00035610946322728857,0.046294230219547511,0.00035610946322728857,-0.59734471403156819,1.5929192374175152,24.849546291830013,-5.1353164550453663,0.34140738213651917,0.17070369106825958,-2.1274079503239007e-16,1.7628784977898251,25.202106787339712,-5.184886112675831,0.3387194284871764,0.33585543514119393,-2.2204460492503131e-16,1.7624511664339524,25.202391674910295,-5.1847614743637012,0.33038646704765784,0.33579133543781303,1,1.8307835762794629,1.7616246212198707,1,1,1
1786521344.5737741,1,1,0.99097259234428381,1.1322549148759391,0.1340646158479184,4,0,1,0,-0.45065431871826001,-0.65139934102696895,-1.7782169183429655,-2.1009191087618051,-0.93714597881983719,1.2988949097827871,0,0,0,0,0.034186508469819701,0,-0.27876086654806514,1.4336273136757636,25.21498079612163,-4.7698819507537484,0.27186143392352452,0.37301917677878943,8.1839984550531597e-16,1.755648671729702,25.209145543574106,-5.1809335985517775,0.33371100330048403,0.33672426206834616,8.8817841970012523e-16,1.755648671729702,25.209145543574106,-5.1809335985517775,0.32755743177591645,0.33672426206834616,1,1.8307835762794629,1.7616246212198707,1,1,1
1786521344.5953298,1,1,0.99097259234428381,1.1322549148759391,0.1340646158479184,4,0,1,0,-0.45065431871826001,-0.65139886640420042,-1.7782169183429655,-2.1009181595162683,-0.93652991846628664,1.2988949097827871,0,0.00035610946322728857,0,0,0.025283771889137489,0,0.15929192374175152,1.9115030849010182,25.484248325599665,-5.3276504046725339,0.34140738213651917,0.30979558749424885,-3.6871344193979694e-17,1.7506091644621291,25.21414498176491,-5.1780837603955483,0.3301419215393111,0.33734267903760301,0,1.7501818331062564,25.21414498176491,-5.1780837603955483,0.32559084259926635,0.33734267903760301,1,1.8307835762794629,1.7616246212198707,1,1,1
1786521344.6168883,1,1,0.99097259234428381,1.1322549148759391,0.1340646158479184,4,0,1,0,-0.45065431871826001,-0.65139934102696895,-1.7782159690974284,-2.1009186341390369,-0.93601874974458088,1.2988949097827871,0,0,0.00035610946322728857,0,0.022078786720091892,0,0.15929192374175152,1.9115030849010182,25.676582275226831,-5.3276504046725339,0.24024963928125423,0.48049927856250846,7.2421316990242679e-18,1.7464948343324522,25.218258815206248,-5.1757082324372403,0.32718856427254517,0.33785353264015477,0,1.7464948343324522,25.217973927635665,-5.1757082324372403,0.32321438266292862,0.33785353264015477,1,1.8307835762794629,1.7616246212198707,1,1,1
1786521344.6384728,1,1,0.99097259234428381,1.1322549148759391,0.1340646158479184,4,0,1,0,-0.45065336947272294,-0.65139981564973748,-1.7782140706063543,-2.1009191087618051,-0.93558114755199717,1.2988949097827871,0,0,0.00035610946322728857,-0.00035610946322728857,0.024215443499455622,0,-0.43805279028981664,1.7522111611592666,25.407314745748799,-4.9622159003809161,0.34140738213651917,0.24024963928125423,3.6115451991849956e-16,1.742995416261528,25.2217606676844,-5.17367034116229,0.32466873818020003,0.33828907947865894,4.4408920985006262e-16,1.742995416261528,25.221475780113817,-5.1735457028501601,0.32030995835029802,0.33828907947865894,1,1.8307835762794629,1.7616246212198707,1,1,1
1786521344.6598346,1,1,0.99097259234428381,1.1322549148759391,0.1340646158479184,4,0,1,0,-0.45065194560441735,-0.65140076489527454,-1.7782131213608172,-2.1009181595162683,-0.9349389829461775,1.2988958590283242,0,0,0,0,0.028844866521410373,0,-0.59734471403156819,1.9115030849010182,25.118813821308045,-5.2314834298589501,0.27186143392352452,0.41095333034951381,5.2896699336262704e-16,1.7378414999931744,25.226927052631755,-5.1706885608476529,0.32096727011841181,0.33892878430663914,4.4408920985006262e-16,1.7378414999931744,25.226927052631755,-5.1706885608476529,0.31577519414455801,0.33892878430663914,1,1.8307835762794629,1.7616246212198707,1,1,1
1786521344.6809669,1,1,0.99097259234428381,1.1322549148759391,0.1340646158479184,4,0,1,0,-0.45065099635888034,-0.65140123951804307,-1.7782116974925117,-2.1009181595162683,-0.93429254673544104,1.2988963336510926,0.00035610946322728857,0,0,0,0.033830399006592411,-0.00035610946322728857,-0.43805279028981664,1.7522111611592666,25.407314745748799,-5.3276504046725339,0.20863784463898394,0.34140738213651917,-4.7078599428162365e-16,1.7326388067770733,25.232124488248665,-5.1676807938281693,0.31723602312285271,0.33957389661534432,-0.00042733135587319038,1.7326388067770733,25.232124488248665,-5.1676807938281693,0.31114655130166619,0.33963799631872521,1,1.8307835762794629,1.7616246212198707,1,1,1
1786521344.7024052,1,1,0.99097259234428381,1.1322549148759391,0.1340646158479184,4,0,1,0,-0.45065052173611181,-0.65139934102696895,-1.7782116974925117,-2.1009176848934996,-0.93355166059376726,1.2988968082738612,-0.00035610946322728857,0.00035610946322728857,0,0,0.033830399006592411,0.00035610946322728857,-0.11946894280631364,1.9115030849010182,25.21498079612163,-5.1353164550453663,0.37301917677878943,0.41095333034951381,-4.8719810466762298e-16,1.7265181428938465,25.238147404682955,-5.1642425300307702,0.31293025473027147,0.34031969771071557,0.0004273313558723022,1.7260908115379738,25.238147404682955,-5.1642425300307702,0.30684078290908484,0.34025559800733468,1,1.8307835762794629,1.7616246212198707,1,1,1
1786521344.723942,1,1,0.99097259234428381,1.1322549148759391,0.1340646158479184,4,0,1,0,-0.45064862324503768,-0.65139601866758923,-1.7782121721152804,-2.1009167356479628,-0.93282975936283474,1.2988968082738612,0.00035610946322728857,0,0,0,0.033118180080137838,0,-0.11946894280631364,1.7522111611592666,24.657212342202847,-5.3276504046725339,0.34140738213651917,0.48049927856250846,-3.3969409316686461e-16,1.7204673184389465,25.24404782889242,-5.160895872516444,0.30872150982008889,0.34104992445322962,-0.00042733135587319038,1.7204673184389465,25.24404782889242,-5.160895872516444,0.30276023740566405,0.34104992445322962,1,1.8307835762794629,1.7616246212198707,1,1,1
1786521344.7452142,1,1,0.99097259234428381,1.1322549148759391,0.1340646158479184,4,0,1,0,-0.45064767399950062,-0.6513941201765151,-1.7782112228697433,-2.1009153117796568,-0.93219186636193174,1.2988977575193983,-0.00035610946322728857,0,0,0,0.02991319491109224,0,-0.11946894280631364,1.4336273136757636,25.118813821308045,-5.5969179341505679,0.27186143392352452,0.20863784463898394,5.7008197262235077e-16,1.7152008432758565,25.249220535784062,-5.1579330548513989,0.30502458915047637,0.34168986800721157,0.00042733135587341242,1.7152008432758565,25.249220535784062,-5.1579330548513989,0.29964021406647978,0.34168986800721157,1,1.8307835762794629,1.7616246212198707,1,1,1
1786521344.7664104,1,1,0.99097259234428381,1.1322549148759391,0.1340646158479184,4,0,1,0,-0.45064530088565796,-0.6513941201765151,-1.7782093243786692,-2.10091436253412,-0.93154068392351008,1.2988982321421667,0,0,0,0,0.030625413837546817,0,-0.27876086654806514,1.9115030849010182,25.580415300413247,-4.8660489255673323,0.27186143392352452,0.24024963928125423,5.2204842824945391e-16,1.7099466071962279,25.254451743969195,-5.1548969987100044,0.30126970764662564,0.34233949966127131,4.4408920985006262e-16,1.7099466071962279,25.254451743969195,-5.1548969987100044,0.29575713315586732,0.34233949966127131,1,1.8307835762794629,1.7616246212198707,1,1,1
1786521344.7873988,1,1,0.99097259234428381,1.1322549148759391,0.1340646158479184,4,0,1,0,-0.45064482626288943,-0.6513941201765151,-1.7782050527737523,-2.1009134132885827,-0.93085343015468014,1.2988987067649354,-0.00035610946322728857,0,0,0,0.035610946322728855,0.00035610946322728857,0.31858384748350305,1.9115030849010182,25.484248325599665,-5.5007509593369841,0.27186143392352452,0.17070369106825958,3.7653155604295413e-16,1.7044410803687873,25.259933607414048,-5.1516844653810336,0.29732382553681935,0.34302161241885626,0.00042733135587319038,1.7044410803687873,25.259933607414048,-5.1516844653810336,0.29091385519872814,0.34295751271547537,1,1.8307835762794629,1.7616246212198707,1,1,1
1786521344.8087096,1,1,0.99097259234428381,1.1322549148759391,0.1340646158479184,4,0,1,0,-0.45064387701735237,-0.65139459479928363,-1.7782050527737523,-2.100911514797509,-0.92996920793691062,1.2988977575193983,0,0,0,0,0.047362558609229381,-0.00035610946322728857,0.47787577122525454,1.7522111611592666,25.484248325599665,-5.2314834298589501,0.30979558749424885,0.34140738213651917,5.9985179258655041e-17,1.6972900740297563,25.267070365973883,-5.1475615337847467,0.29220988671769815,0.34390900989659545,0,1.6972900740297563,25.267070365973883,-5.1475615337847467,0.2836846261680368,0.34397310959997635,1,1.8307835762794629,1.7616246212198707,1,1,1
1786521344.8300858,1,1,0.99097259234428381,1.1322549148759391,0.1340646158479184,4,0,1,0,-0.45064340239458384,-0.6513955440448207,-1.7782031542826782,-2.1009062939470549,-0.92879594045310698,1.2988982321421667,0,0,0,0.00035610946322728857,0.061250827675093635,0,-0.27876086654806514,1.4336273136757636,25.311147770935214,-4.5967813960892983,0.27186143392352452,0.30979558749424885,2.0842634801225557e-15,1.6878505260189982,25.276503425063026,-5.1420899167329459,0.28545530078780557,0.34507953270103592,1.9984014443252818e-15,1.6878505260189982,25.276503425063026,-5.1422145550450757,0.27443015180628871,0.34507953270103592,1,1.8307835762794629,1.7616246212198707,1,1,1
1786521344.8515241,1,1,0.99097259234428381,1.1322549148759391,0.1340646158479184,4,0,1,0,-0.4506429277718153,-0.65139601866758923,-1.7782031542826782,-2.1009005984738325,-0.92742760301143801,1.2988977575193983,0.00035610946322728857,0,0,0.00035610946322728857,0.062319156064775498,0,-0.43805279028981664,1.4336273136757636,24.657212342202847,-5.5007509593369841,0.17070369106825958,0.34140738213651917,-5.6483375648116313e-16,1.6767772253031339,25.287544947032281,-5.1357039646444891,0.27755255088712394,0.34645091627954111,-0.00042733135587341242,1.6767772253031339,25.287544947032281,-5.1358286029566189,0.26633510279546435,0.34645091627954111,1,1.8307835762794629,1.7616246212198707,1,1,1
1786521344.8726597,1,1,0.99097259234428381,1.1322549148759391,0.1340646158479184,4,0,1,0,-0.45064197852627824,-0.65139506942205216,-1.7782045781509839,-2.1008892075273882,-0.92625291165932877,1.2988963336510926,0,0,0.00035610946322728857,0.00071221892645457715,0.053416419484093286,0,0.63716769496700609,1.5929192374175152,25.041880241457179,-5.3276504046725339,0.24024963928125423,0.34140738213651917,-5.5497429297512307e-16,1.667161039727926,25.297082619922151,-5.1302445605052522,0.27077603137972733,0.34763096639471314,-4.4408920985006262e-16,1.667161039727926,25.296797732351568,-5.130493837129511,0.26116107587259058,0.34763096639471314,1,1.8307835762794629,1.7616246212198707,1,1,1
1786521344.8941381,1,1,0.99097259234428381,1.1322549148759391,0.1340646158479184,4,0,1,0,-0.45064150390350971,-0.65139459479928363,-1.7782045781509839,-2.1008792404492489,-0.92518643429844416,1.2988963336510926,0.00035610946322728857,0,0,0.00071221892645457715,0.045225901829865647,0.00035610946322728857,-0.91592856151507118,1.9115030849010182,25.484248325599665,-5.3276504046725339,0.30979558749424885,0.44256512499178408,4.2065519633132514e-16,1.6584810987393679,25.305706136432015,-5.1252765672525991,0.26463599208670036,0.34869824704141272,-0.0004273313558723022,1.6584810987393679,25.305706136432015,-5.1255258438768578,0.25649532975732448,0.34863414733803183,1,1.8307835762794629,1.7616246212198707,1,1,1
1786521344.9156544,1,1,0.99097259234428381,1.1322549148759391,0.1340646158479184,4,0,1,0,-0.4506405546579727,-0.65139696791312629,-1.7782036289054468,-2.1008683241255728,-0.92431170453604528,1.2988968082738612,0,0,0,0.00071221892645457715,0.036323165249183435,0,0.31858384748350305,1.7522111611592666,24.945713266643597,-4.9622159003809161,0.17070369106825958,0.30979558749424885,-1.3760439863301846e-15,1.6515228379676561,25.312721544366482,-5.1211987112231885,0.2596415320194192,0.34956585437866555,-1.3322676295501878e-15,1.6515228379676561,25.312721544366482,-5.1214479878474473,0.2531033622745662,0.34956585437866555,1,1.8307835762794629,1.7616246212198707,1,1,1
1786521344.937149,1,1,0.99097259234428381,1.1322549148759391,0.1340646158479184,4,0,1,0,-0.45064008003520417,-0.65139744253589482,-1.7782041035282152,-2.1008469661009888,-0.92361780604845589,1.2988963336510926,0.00035610946322728857,0.00035610946322728857,0,0.0014244378529091543,0.028844866521410373,-0.00035610946322728857,0.15929192374175152,1.5929192374175152,25.118813821308045,-4.8660489255673323,0.30979558749424885,0.107480101783719,-3.8301474622123854e-16,1.6458730623469124,25.318363392085224,-5.1180150960018089,0.25571823885764189,0.35025324491956472,-0.00042733135587319038,1.6454457309910397,25.318363392085224,-5.1185136492503274,0.25052616288378815,0.35031734462294561,1,1.8307835762794629,1.7616246212198707,1,1,1
1786521344.9584086,1,1,0.99097259234428381,1.1322549148759391,0.1340646158479184,4,0,1,0,-0.45063960541243564,-0.6513955440448207,-1.778206476642058,-2.1007980799558306,-0.92310189109906493,1.2988968082738612,0,0,-0.00035610946322728857,0.003204985169045597,0.021010458330410025,0,0.15929192374175152,1.5929192374175152,25.118813821308045,-4.8660489255673323,0.24024963928125423,0.27186143392352452,6.301433848462587e-16,1.6414300791748113,25.322714965353867,-5.1157824384505224,0.25292490363987263,0.35075391822353746,6.6613381477509392e-16,1.6414300791748113,25.32299985292445,-5.1169041832596882,0.24914302114039882,0.35075391822353746,1,1.8307835762794629,1.7616246212198707,1,1,1
1786521344.9794431,1,1,0.99097259234428381,1.1322549148759391,0.1340646158479184,4,0,1,0,-0.45063770692136151,-0.65139317093097804,-1.7782088497559005,-2.1007392267325327,-0.92273975392667729,1.2988972828966296,0.00035610946322728857,0.00035610946322728857,-0.00035610946322728857,0.0028488757058183086,0.014600487992318832,0,-0.59734471403156819,1.9115030849010182,25.676582275226831,-4.8660489255673323,0.30979558749424885,0.37301917677878943,8.4048707663791911e-16,1.6381775045977447,25.325863683027837,-5.1143117646044463,0.25106670970614797,0.35109592825823022,-0.00042733135587185811,1.637750173241872,25.32614857059842,-5.1153088711014822,0.24843862186753046,0.35109592825823022,1,1.8307835762794629,1.7616246212198707,1,1,1
1786521345.0009003,1,1,0.99097259234428381,1.1322549148759391,0.1340646158479184,4,0,1,0,-0.45063628305305592,-0.65139127243990391,-1.7782079005103635,-2.1006931883239854,-0.92251478273439458,1.2988972828966296,0.00035610946322728857,0.00035610946322728857,0,0.0017805473161364429,0.006409970338091194,0,0.15929192374175152,1.4336273136757636,25.407314745748799,-5.058382875194499,0.107480101783719,0.34140738213651917,6.3247272545120803e-16,1.6361484084119837,25.327812844785303,-5.1134286597060274,0.24997210214987603,0.35130094100486969,-0.00042733135587208016,1.635721077056111,25.327812844785303,-5.1140518512666748,0.24881830748901956,0.35130094100486969,1,1.8307835762794629,1.7616246212198707,1,1,1
1786521345.0223925,1,1,0.99097259234428381,1.1322549148759391,0.1340646158479184,4,0,1,0,-0.45063485918475032,-0.65138795008052419,-1.7782107482469747,-2.1006542692569661,-0.92243599535481879,1.2988972828966296,0,0.00035610946322728857,0,0.0021366567793637313,0.0017805473161364429,0.00035610946322728857,-0.11946894280631364,1.9115030849010182,25.676582275226831,-4.6737149759401646,0.34140738213651917,0.48049927856250846,-2.6518907512637635e-17,1.6351796702344821,25.328652828934146,-5.1132200025326409,0.24965161867962879,0.35137085222788034,0,1.6347523388786094,25.328652828934146,-5.1139678324054181,0.24933112016272416,0.35130675252449944,1,1.8307835762794629,1.7616246212198707,1,1,1
1786521345.043503,1,1,0.99097259234428381,1.1322549148759391,0.1340646158479184,4,0,1,0,-0.45063485918475032,-0.65138605158945007,-1.7782131213608172,-2.1006030099979651,-0.9224255536539111,1.2988968082738612,0,0,0,0.0028488757058183086,0,-0.00035610946322728857,-0.11946894280631364,1.9115030849010182,25.118813821308045,-4.9622159003809161,0.34140738213651917,0.51211107320477878,-3.1866395915243484e-16,1.6348127931547003,25.328946435514244,-5.1133754348064233,0.2497995838018684,0.35136364224181549,-2.2204460492503131e-16,1.6348127931547003,25.328946435514244,-5.1143725413034593,0.24979958380186851,0.35142774194519638,1,1.8307835762794629,1.7616246212198707,1,1,1
1786521345.0646811,1,1,0.99097259234428381,1.1322549148759391,0.1340646158479184,4,0,1,0,-0.45063438456198179,-0.6513865262122186,-1.7782131213608172,-2.1005451060202045,-0.9224269775222167,1.2988972828966296,0,0,0,0.0024927662425910197,0,0,-0.11946894280631364,1.4336273136757636,25.118813821308045,-4.7698819507537484,0.069545948212994646,0.27186143392352452,2.5379987011759503e-16,1.6346921563248982,25.329083394748409,-5.1136009149551072,0.25008489352977537,0.35133247638057941,2.2204460492503131e-16,1.6346921563248982,25.329083394748409,-5.1144733831400142,0.25008489352977525,0.35133247638057941,1,1.8307835762794629,1.7616246212198707,1,1,1
1786521345.0860202,1,1,0.99097259234428381,1.1322549148759391,0.1340646158479184,4,0,1,0,-0.45063438456198179,-0.65138795008052419,-1.7782145452291229,-2.1004933721384349,-0.92242792676775376,1.2988972828966296,0.00035610946322728857,0,0,0.0024927662425910197,-0.00035610946322728857,0,0.63716769496700609,1.4336273136757636,24.945713266643597,-5.2314834298589501,0.24024963928125423,0.24024963928125423,-1.3425777145841672e-15,1.6346111025274297,25.32921598243631,-5.1138016558376336,0.25033426998118979,0.35130617711475504,-0.00042733135587407856,1.6346111025274297,25.32921598243631,-5.1146741240225406,0.2503983696845708,0.35130617711475504,1,1.8307835762794629,1.7616246212198707,1,1,1
1786521345.1074033,1,1,0.99097259234428381,1.1322549148759391,0.1340646158479184,4,0,1,0,-0.45063485918475032,-0.65138842470329272,-1.7782145452291229,-2.1004321458012947,-0.92243029988159642,1.2988972828966296,-0.00035610946322728857,0,0,0.003204985169045597,-0.00035610946322728857,0.00035610946322728857,0.31858384748350305,1.9115030849010182,25.311147770935214,-5.3276504046725339,0.27186143392352452,0.37301917677878943,7.5348662855953541e-17,1.6344882750374454,25.329355082587988,-5.1140439494526468,0.25064028292879337,0.35127303930802695,0.00042733135587274629,1.6344882750374454,25.329355082587988,-5.1151656942618127,0.25070438263217437,0.35120893960464605,1,1.8307835762794629,1.7616246212198707,1,1,1
1786521345.1288989,1,1,0.99097259234428381,1.1322549148759391,0.1340646158479184,4,0,1,0,-0.45063438456198179,-0.65138747545775566,-1.7782169183429655,-2.1003324750199033,-0.92242982525882788,1.2988972828966296,0,0.00035610946322728857,0,0.0053416419484093288,0,0.00071221892645457715,0.31858384748350305,1.7522111611592666,25.118813821308045,-5.2314834298589501,0.27186143392352452,0.37301917677878943,-1.2304729040150605e-15,1.6341211977460643,25.329683494105907,-5.1144278523597952,0.25108202846279232,0.35122995556977105,-1.3322676295501878e-15,1.6336938663901917,25.329683494105907,-5.1162974270417383,0.25108202846279237,0.3511017561630092,1,1.8307835762794629,1.7616246212198707,1,1,1
1786521345.1521621,1,1,0.99097259234428381,1.1322549148759391,0.1340646158479184,4,0,1,0,-0.45063438456198179,-0.65138700083498713,-1.7782183422112712,-2.1001934105487243,-0.92243077450436495,1.2988963336510926,0,0,0.00035610946322728857,0.006409970338091194,0,-0.00035610946322728857,-0.43805279028981664,1.4336273136757636,25.407314745748799,-4.6737149759401646,0.37301917677878943,0.41095333034951381,6.6495135678072692e-16,1.6336976331692536,25.3300854478139,-5.1149638786445948,0.25172771742823646,0.35116508818655329,6.6613381477509392e-16,1.6336976331692536,25.329800560243317,-5.1172073682629264,0.25172771742823641,0.35122918788993418,1,1.8307835762794629,1.7616246212198707,1,1,1
1786521345.1733825,1,1,0.99097259234428381,1.1322549148759391,0.1340646158479184,4,0,1,0,-0.45063485918475032,-0.65138700083498713,-1.7782211899478824,-2.1000420058855638,-0.92243409686374467,1.2988963336510926,-0.00035610946322728857,0,-0.00035610946322728857,0.0078344081910003485,-0.00035610946322728857,0,-1.0752204852568228,1.5929192374175152,25.772749250040416,-5.6930849089641518,0.30979558749424885,0.41095333034951381,-7.0889203795249101e-16,1.6332627306952006,25.330515851405224,-5.1155605588494462,0.25243909688001781,0.35109204885040612,0.00042733135587208016,1.6332627306952006,25.330800738975807,-5.1183026017162963,0.25250319658339876,0.35109204885040612,1,1.8307835762794629,1.7616246212198707,1,1,1
1786521345.1946511,1,1,0.99097259234428381,1.1322549148759391,0.1340646158479184,4,0,1,0,-0.45063485918475032,-0.65138747545775566,-1.778225461552799,-2.0998844311264122,-0.9224345714865132,1.2988963336510926,0,0,0,0.0074782987277730601,0,-0.00035610946322728857,0.31858384748350305,1.9115030849010182,24.849546291830013,-4.8660489255673323,0.107480101783719,0.34140738213651917,-3.0381885971885597e-16,1.6327897074190725,25.331001455911064,-5.1161693950023617,0.25315588218876151,0.35102033146267891,-2.2204460492503131e-16,1.6327897074190725,25.331001455911064,-5.1187867995570819,0.25315588218876162,0.35108443116605981,1,1.8307835762794629,1.7616246212198707,1,1,1
1786521345.2160881,1,1,0.99097259234428381,1.1322549148759391,0.1340646158479184,4,0,1,0,-0.45063485918475032,-0.65138747545775566,-1.7782316316487901,-2.0997301787266403,-0.92243646997758733,1.2988963336510926,0,0,-0.00035610946322728857,0.0067660798013184824,-0.00035610946322728857,0,-0.27876086654806514,1.5929192374175152,25.580415300413247,-4.9622159003809161,0.30979558749424885,0.27186143392352452,1.085100027409594e-16,1.6322801080717664,25.331505508923012,-5.1167780062583033,0.25384718439090781,0.35095256537978436,0,1.6322801080717664,25.331790396493595,-5.1191461341887647,0.2539112840942887,0.35095256537978436,1,1.8307835762794629,1.7616246212198707,1,1,1
1786521345.2375634,1,1,0.99097259234428381,1.1322549148759391,0.1340646158479184,4,0,1,0,-0.45063533380751886,-0.65138795008052419,-1.7782468195773828,-2.099581147177322,-0.922440741582504,1.2988963336510926,0,0,-0.0010683283896818657,0.006409970338091194,-0.00035610946322728857,0,-0.43805279028981664,1.4336273136757636,25.311147770935214,-5.3276504046725339,0.24024963928125423,0.37301917677878943,7.8406790608720467e-16,1.6316792393652628,25.3321162727912,-5.1173987049234384,0.25446239986713731,0.35089854111301544,8.8817841970012523e-16,1.6316792393652628,25.332970935502946,-5.1196421945417701,0.25452649957051826,0.35089854111301544,1,1.8307835762794629,1.7616246212198707,1,1,1
1786521345.2588356,1,1,0.99097259234428381,1.1322549148759391,0.1340646158479184,4,0,1,0,-0.45063580843028739,-0.65138747545775566,-1.7782705507158094,-2.099422148549865,-0.92245308177448582,1.2988963336510926,0,0,-0.0010683283896818657,0.0081905176542276369,-0.00071221892645457715,-0.00035610946322728857,0.15929192374175152,1.5929192374175152,25.311147770935214,-4.9622159003809161,0.17070369106825958,0.27186143392352452,3.1013264330768953e-17,1.630922922445956,25.33284467670082,-5.1181182239511998,0.25509889245650086,0.35084659925694228,0,1.630922922445956,25.333699339412565,-5.1209849051301797,0.25522709186326281,0.35091069896032318,1,1.8307835762794629,1.7616246212198707,1,1,1
1786521345.2798488,1,1,0.99097259234428381,1.1322549148759391,0.1340646158479184,4,0,1,0,-0.45063580843028739,-0.6513865262122186,-1.7783232338431161,-2.0992142637772493,-0.92245830262493955,1.2988958590283242,0,0,-0.0042733135587274627,0.011751612286500523,0,0,-0.75663663777331969,1.5929192374175152,25.311147770935214,-4.7698819507537484,0.037934153570724355,0.37301917677878943,-1.0410373734934253e-16,1.6294669725030406,25.334245430812082,-5.1190606024315803,0.25569957385126724,0.35082517037705441,0,1.6294669725030406,25.337664081659064,-5.1231736667318559,0.25569957385126729,0.35082517037705441,1,1.8307835762794629,1.7616246212198707,1,1,1
1786521345.301151,1,1,0.99097259234428381,1.1322549148759391,0.1340646158479184,4,0,1,0,-0.45063628305305592,-0.65138700083498713,-1.7784494834995448,-2.0989446780447247,-0.92245830262493955,1.2988949097827871,0,-0.00035610946322728857,-0.0067660798013184824,0.0124638312129551,-0.00035610946322728857,0,0.31858384748350305,1.4336273136757636,24.849546291830013,-4.9622159003809161,0.30979558749424885,0.34140738213651917,-9.6743021037702659e-16,1.6266511900056555,25.3370370078432,-5.1203871489844692,0.2560097592542277,0.35089391935714803,-8.8817841970012523e-16,1.6270785213615282,25.342449871684256,-5.1247494899090036,0.25607385895760854,0.35089391935714803,1,1.8307835762794629,1.7616246212198707,1,1,1
1786521345.3225186,1,1,0.99097259234428381,1.1322549148759391,0.1340646158479184,4,0,1,0,-0.45063628305305592,-0.65138795008052419,-1.7786174999596041,-2.0986784146715802,-0.92246589658923606,1.2988953844055555,0,0,-0.0089027365806822138,0.013888269065864253,-0.0010683283896818657,0,0,1.4336273136757636,24.849546291830013,-5.2314834298589501,0.30979558749424885,0.30979558749424885,1.4786823566807772e-16,1.6232391999863927,25.340431282033556,-5.1218378249636007,0.25603456571421102,0.35102039081065894,2.2204460492503131e-16,1.6232391999863927,25.347553471298102,-5.1266987191366535,0.25622686482435386,0.35102039081065894,1,1.8307835762794629,1.7616246212198707,1,1,1
1786521345.3438923,1,1,0.99097259234428381,1.1322549148759391,0.1340646158479184,4,0,1,0,-0.45063723229859298,-0.65138795008052419,-1.7788519636072573,-2.098306785043822,-0.92248867848212546,1.2988953844055555,-0.00035610946322728857,0,-0.013176050139409676,0.020654348867182738,-0.00071221892645457715,0,-0.11946894280631364,1.5929192374175152,25.772749250040416,-4.8660489255673323,0.17070369106825958,0.37301917677878943,2.4458584571736275e-16,1.6185056506142947,25.345091090722786,-5.1239223315664457,0.25612975000535015,0.35118745485757902,0.00042733135587296833,1.6185056506142947,25.355631930834313,-5.13115135366996,0.25625794941211194,0.35118745485757902,1,1.8307835762794629,1.7616246212198707,1,1,1
1786521345.365042,1,1,0.99097259234428381,1.1322549148759391,0.1340646158479184,4,0,1,0,-0.45063723229859298,-0.65138747545775566,-1.7791913188867556,-2.0977538495184858,-0.92250054405133863,1.2988953844055555,0,0,-0.018517692087819004,0.02955708544786495,-0.00035610946322728857,-0.00035610946322728857,-0.59734471403156819,1.4336273136757636,25.407314745748799,-5.1353164550453663,0.27186143392352452,0.51211107320477878,-7.7147760835921675e-17,1.6114213592463686,25.3520498641786,-5.1268966713005639,0.25621412658124615,0.35144344741442185,0,1.6114213592463686,25.366864017848854,-5.1372416512073169,0.25627822628462699,0.35150754711780274,1,1.8307835762794629,1.7616246212198707,1,1,1
1786521345.3863907,1,1,0.99097259234428381,1.1322549148759391,0.1340646158479184,4,0,1,0,-0.45063723229859298,-0.65138747545775566,-1.779674484865118,-2.0970257781915622,-0.92251003650670926,1.2988953844055555,0,0,-0.024927662425910199,0.036679274712410725,-0.0010683283896818657,0,-0.11946894280631364,1.7522111611592666,25.311147770935214,-4.5967813960892983,0.30979558749424885,0.27186143392352452,-5.9223188419305073e-16,1.6014813054206005,25.361837854080854,-5.1308687323080866,0.25601963515612253,0.35184278542271219,-6.6613381477509392e-16,1.6014813054206005,25.381779984021581,-5.14370647845743,0.25621193426626532,0.35184278542271219,1,1.8307835762794629,1.7616246212198707,1,1,1
1786521345.4077706,1,1,0.99097259234428381,1.1322549148759391,0.1340646158479184,4,0,1,0,-0.45063818154413005,-0.6513865262122186,-1.7802383367141306,-2.0962170209939885,-0.92255132868757128,1.2988953844055555,0,0,-0.029200975984637664,0.043445354513729204,-0.0024927662425910197,0.00035610946322728857,-0.59734471403156819,1.7522111611592666,25.676582275226831,-5.058382875194499,0.20863784463898394,0.34140738213651917,6.6488698227673559e-16,1.5901975312073633,25.372911068720967,-5.1354916217805968,0.25576977722128558,0.35229945308679494,6.6613381477509392e-16,1.5901975312073633,25.396271849508675,-5.1506974958604017,0.25621847514495183,0.35223535338341405,1,1.8307835762794629,1.7616246212198707,1,1,1
1786521345.4293089,1,1,0.99097259234428381,1.1322549148759391,0.1340646158479184,4,0,1,0,-0.45063865616689858,-0.651385102343913,-1.7809284382195716,-2.0951491197647987,-0.92259831634165568,1.2988949097827871,0,-0.00035610946322728857,-0.033830399006592411,0.056977514116366174,-0.0021366567793637313,0,0.31858384748350305,1.4336273136757636,25.118813821308045,-5.1353164550453663,0.41095333034951381,0.20863784463898394,-2.8867391062194908e-16,1.5761477348214763,25.386691651112578,-5.1414234160920778,0.25581494096131252,0.35282317576120686,-2.2204460492503131e-16,1.576575066177349,25.413755970317851,-5.1613655460328056,0.25619953918159788,0.35282317576120686,1,1.8307835762794629,1.7616246212198707,1,1,1
1786521345.4523315,1,1,0.99097259234428381,1.1322549148759391,0.1340646158479184,4,0,1,0,-0.45063913078966711,-0.65138367847560741,-1.7816740705889307,-2.093617037467987,-0.92264293088189742,1.2988944351600185,0,0,-0.028488757058183087,0.07050967371900313,-0.00035610946322728857,-0.00035610946322728857,0.31858384748350305,1.7522111611592666,25.580415300413247,-5.4238173794861169,0.30979558749424885,0.41095333034951381,-7.2142304337417112e-16,1.559913884851337,25.402629692891018,-5.1492216967647435,0.25762799176403384,0.35320553610240996,-6.6613381477509392e-16,1.559913884851337,25.425420698537565,-5.1739000825663943,0.25769209146741473,0.35326963580579085,1,1.8307835762794629,1.7616246212198707,1,1,1
1786521345.4734902,1,1,0.99097259234428381,1.1322549148759391,0.1340646158479184,4,0,1,0,-0.45063913078966711,-0.65137418602023689,-1.7821899855383216,-2.0920147110014331,-0.92264388012743448,1.298893011291713,0,0.00071221892645457715,-0.021366567793637315,0.08475405224809468,0,-0.00035610946322728857,0.31858384748350305,1.5929192374175152,25.21498079612163,-5.5007509593369841,0.107480101783719,0.37301917677878943,3.8066507682555512e-16,1.5465181485845205,25.415488606667896,-5.1565279915702611,0.26122355633652466,0.35324313344342334,4.4408920985006262e-16,1.5456634858727751,25.432581860902808,-5.1861919098570946,0.26122355633652461,0.35330723314680423,1,1.8307835762794629,1.7616246212198707,1,1,1
1786521345.4947734,1,1,0.99097259234428381,1.1322549148759391,0.1340646158479184,4,0,1,0,-0.45063913078966711,-0.65135282799565308,-1.7825915164004971,-2.090013701409315,-0.92265052484619381,1.298893011291713,0,0.0010683283896818657,-0.016381035308455274,0.097217883461049773,-0.0010683283896818657,0,0.31858384748350305,1.4336273136757636,25.868916224853997,-5.4238173794861169,0.27186143392352452,0.37301917677878943,4.1082114381370272e-16,1.5333461764557237,25.427702466541142,-5.1650962459300649,0.26753926326358046,0.35290845193932069,4.4408920985006262e-16,1.5320641823881054,25.440807294787906,-5.1991225051414327,0.2677315623737232,0.35290845193932069,1,1.8307835762794629,1.7616246212198707,1,1,1
1786521345.5161533,1,1,0.99097259234428381,1.1322549148759391,0.1340646158479184,4,0,1,0,-0.45063960541243564,-0.65134523403135658,-1.7829565013094959,-2.087802908553507,-0.92271792127932495,1.298893011291713,0,0,-0.016024925845227987,0.10647672950495927,-0.006409970338091194,-0.00035610946322728857,0.15929192374175152,1.9115030849010182,25.118813821308045,-5.3276504046725339,0.20863784463898394,0.34140738213651917,1.9609320948705405e-16,1.5214374791105927,25.439174579734367,-5.1745969286089943,0.27559747992009309,0.35232454232360999,2.2204460492503131e-16,1.5214374791105927,25.451994520410548,-5.2118637839357298,0.2767512745809495,0.35238864202699088,1,1.8307835762794629,1.7616246212198707,1,1,1
1786521345.5371685,1,1,0.99097259234428381,1.1322549148759391,0.1340646158479184,4,0,1,0,-0.45064008003520417,-0.65134523403135658,-1.7832597852585859,-2.085466340664039,-0.92291014350057921,1.298893011291713,0,0,-0.013888269065864253,0.12250165535018727,-0.0085466271174549253,-0.00035610946322728857,-0.59734471403156819,1.5929192374175152,25.21498079612163,-5.4238173794861169,0.30979558749424885,0.30979558749424885,-4.9471806317334666e-16,1.5116149587884635,25.448862776837721,-5.1849701768639136,0.28550810048148012,0.35143976577179392,-4.4408920985006262e-16,1.5116149587884635,25.459973392090411,-5.2278457562364791,0.287046493362622,0.35150386547517481,1,1.8307835762794629,1.7616246212198707,1,1,1
1786521345.5583611,1,1,0.99097259234428381,1.1322549148759391,0.1340646158479184,4,0,1,0,-0.4506405546579727,-0.65134523403135658,-1.7835749347768892,-2.0827586177695814,-0.92307151524187903,1.298893011291713,0,0,-0.014600487992318832,0.1281994067618239,-0.0067660798013184824,0.00035610946322728857,0.31858384748350305,1.5929192374175152,25.118813821308045,-5.1353164550453663,0.34140738213651917,0.41095333034951381,1.1322035296064056e-15,1.5003350597549385,25.459995023433677,-5.1965800137086902,0.29693621427151273,0.3504119172723289,1.1102230246251565e-15,1.5003350597549385,25.471675413827533,-5.2414498060753285,0.29815410863574993,0.35034781756894801,1,1.8307835762794629,1.7616246212198707,1,1,1
1786521345.5795884,1,1,0.99097259234428381,1.1322549148759391,0.1340646158479184,4,0,1,0,-0.45064197852627824,-0.65134903101350483,-1.7838696755161456,-2.0799844476875293,-0.92322814075549364,1.298893011291713,0,-0.00035610946322728857,-0.013888269065864253,0.13923880012186982,-0.0085466271174549253,0,-0.11946894280631364,1.4336273136757636,25.484248325599665,-5.058382875194499,0.17070369106825958,0.41095333034951381,1.0063801734235683e-15,1.4893719612991401,25.470956362481537,-5.2083207405289045,0.30885713102701207,0.34931051144785435,1.1102230246251565e-15,1.4897992926550128,25.482066977734227,-5.2570543205715587,0.31039552390815395,0.34931051144785435,1,1.8307835762794629,1.7616246212198707,1,1,1
1786521345.6011224,2,1,0.99097259234428381,1.1322549148759391,0.1340646158479184,4,0,1,0,-0.45064245314904677,-0.65135187875011602,-1.7841330911526792,-2.0767788455088847,-0.92344741647455397,1.2988925366689443,0,0,-0.011395502823273234,0.15526372596709781,-0.010683283896818658,-0.00035610946322728857,0.15929192374175152,1.5929192374175152,25.21498079612163,-5.1353164550453663,0.34140738213651917,0.37301917677878943,1.1573129742948121e-15,1.4781882226010152,25.482103304232602,-5.2218414358181144,0.32344542389715536,0.34787340873218886,1.1102230246251565e-15,1.4781882226010152,25.491219706491222,-5.2867111918407943,0.32536841499858271,0.34793750843556975,1,1.8307835762794629,1.7616246212198707,1,1,1
1786521345.6224515,2,1,0.99097259234428381,1.1322549148759391,0.1340646158479184,4,0,1,0,-0.45064245314904677,-0.65135092950457896,-1.7843751487646289,-2.0734873366091362,-0.92370133965571699,1.2988925366689443,0,0,-0.012107721749727811,0.15063430294514307,-0.0124638312129551,0,-0.27876086654806514,1.4336273136757636,25.676582275226831,-5.4238173794861169,0.24024963928125423,0.20863784463898394,5.0049313380772648e-16,1.4671859638429652,25.492932138871573,-5.2357531606579748,0.33879676209269172,0.34632188860400548,4.4408920985006262e-16,1.4671859638429652,25.502618316271356,-5.2897437725790608,0.34104025171102365,0.34632188860400548,1,1.8307835762794629,1.7616246212198707,1,1,1
1786521345.643656,1,1,0.99097259234428381,1.1322549148759391,0.1340646158479184,4,0,1,0,-0.45064340239458384,-0.65135092950457896,-1.7846808058275616,-2.0704207989016705,-0.92394007490828711,1.2988925366689443,0,0,-0.017449363698137141,0.14778542723932475,-0.011395502823273234,0,-0.11946894280631364,1.4336273136757636,25.676582275226831,-5.058382875194499,0.13909189642598929,0.24024963928125423,-2.9121670352960649e-16,1.455684239090985,25.504283807189339,-5.2488740745659541,0.35253006343479842,0.34499222293962628,-2.2204460492503131e-16,1.455684239090985,25.518243298147848,-5.3005989740997181,0.35458125394298773,0.34499222293962628,1,1.8307835762794629,1.7616246212198707,1,1,1
1786521345.6646869,2,1,0.99097259234428381,1.1322549148759391,0.1340646158479184,4,0,1,0,-0.4506443516401209,-0.6513575742233384,-1.7851036947143211,-2.067159665859108,-0.92420586365866331,1.2988925366689443,0,-0.00035610946322728857,-0.020298239403955448,0.15170263133482492,-0.012819940676182388,0,-0.59734471403156819,1.4336273136757636,25.311147770935214,-5.2314834298589501,0.41095333034951381,0.30979558749424885,-3.7349917809178373e-16,1.4423047994852327,25.517726031978828,-5.2630621396809421,0.36653238900910262,0.34370287020644896,-4.4408920985006262e-16,1.4427321308411054,25.533964623501994,-5.3195633233177801,0.36883997833081539,0.34370287020644896,1,1.8307835762794629,1.7616246212198707,1,1,1
1786521345.6857855,2,1,0.99097259234428381,1.1322549148759391,0.1340646158479184,4,0,1,0,-0.45064530088565796,-0.65137038903808864,-1.7855270582238487,-2.0640461404975579,-0.92449823128407715,1.2988925366689443,0,-0.00035610946322728857,-0.020298239403955448,0.15134652187159764,-0.016737144771682564,0,0.47787577122525454,1.4336273136757636,25.868916224853997,-5.4238173794861169,0.41095333034951381,0.37301917677878943,-7.2706258873699026e-16,1.4298667909905856,25.530462154403921,-5.2767818891566716,0.38003784110685224,0.34244778032465273,-6.6613381477509392e-16,1.4302941223464583,25.546700745927087,-5.3324462155549259,0.38305052716575522,0.34244778032465273,1,1.8307835762794629,1.7616246212198707,1,1,1
1786521345.7071331,1,1,0.99097259234428381,1.1322549148759391,0.1340646158479184,4,0,1,0,-0.45064672475396356,-0.65137276215193129,-1.7860111734477484,-2.0609041377698962,-0.92496526008830959,1.2988925366689443,-0.00035610946322728857,0,-0.022791005646546469,0.13959490958509713,-0.028132647594955797,-0.00035610946322728857,0.47787577122525454,1.4336273136757636,25.580415300413247,-5.1353164550453663,0.37301917677878943,0.41095333034951381,1.6303520762161322e-16,1.417205266574098,25.543021139160423,-5.291579507855082,0.39413014195379092,0.3411153943872165,0.00042733135587296833,1.417205266574098,25.561253943677659,-5.3404377262098661,0.3991940185208831,0.34117949409059739,1,1.8307835762794629,1.7616246212198707,1,1,1
1786521345.7286427,1,1,0.99097259234428381,1.1322549148759391,0.1340646158479184,4,0,1,0,-0.45064719937673209,-0.65137086366085717,-1.7864834231024347,-2.0579163874420061,-0.92570519698444631,1.2988920620461759,0,0,-0.020298239403955448,0.1335410487102332,-0.038459822028547162,0,0.63716769496700609,1.4336273136757636,25.580415300413247,-5.1353164550453663,0.41095333034951381,0.41095333034951381,7.2844664057280378e-16,1.4071175544468586,25.5528638523297,-5.3070804679901507,0.40905626069863266,0.33958587038328847,6.6613381477509392e-16,1.4071175544468586,25.569102443852866,-5.353819835038732,0.41597902866377101,0.33958587038328847,1,1.8307835762794629,1.7616246212198707,1,1,1
1786521345.7517533,1,1,0.99097259234428381,1.1322549148759391,0.1340646158479184,4,0,1,0,-0.45064719937673209,-0.65137086366085717,-1.7869238730316295,-2.0548413065247071,-0.92660650562188285,1.2988920620461759,0.00035610946322728857,-0.00035610946322728857,-0.018161582624591718,0.13710214334250609,-0.039172040955001743,-0.00035610946322728857,0.31858384748350305,1.4336273136757636,25.484248325599665,-5.4238173794861169,0.41095333034951381,0.27186143392352452,-3.38293100672106e-16,1.3986948330799702,25.561125136210794,-5.3235567575982703,0.42554927824954147,0.33779910456755347,-0.00042733135587319038,1.3991221644358429,25.575654402310466,-5.3715425077681473,0.43260024562144167,0.33786320427093436,1,1.8307835762794629,1.7616246212198707,1,1,1
1786521345.7729607,1,1,0.99097259234428381,1.1322549148759391,0.1340646158479184,4,0,1,0,-0.45064814862226915,-0.65137845762515367,-1.7872546851012943,-2.05177192108063,-0.92739485404040944,1.2988920620461759,-0.00035610946322728857,-0.00071221892645457715,-0.012819940676182388,0.14101934743800626,-0.034542617933046992,0,0.31858384748350305,1.4336273136757636,25.580415300413247,-5.5007509593369841,0.37301917677878943,0.37301917677878943,-7.6163169738033276e-16,1.3915570437473743,25.568411254719567,-5.3391401650900416,0.44227589224803954,0.33593476512252851,0.00042733135587208016,1.3924117064591197,25.578667207260512,-5.3884969366933442,0.4484935634759879,0.33593476512252851,1,1.8307835762794629,1.7616246212198707,1,1,1
1786521345.7940803,1,1,0.99097259234428381,1.1322549148759391,0.1340646158479184,4,0,1,0,-0.45065052173611181,-0.65139364555374657,-1.7874825040301883,-2.0487177235651464,-0.92811580602580501,1.2988925366689443,0,-0.00035610946322728857,-0.0085466271174549253,0.13995101904832441,-0.036323165249183435,0,0.31858384748350305,1.4336273136757636,25.407314745748799,-5.2314834298589501,0.41095333034951381,0.37301917677878943,-7.4808933461963101e-16,1.3859797137452556,25.574446607271305,-5.354031049261855,0.45939450418938799,0.33396369157406991,-6.6613381477509392e-16,1.3864070451011283,25.581283908965268,-5.403013905928769,0.46593267393424109,0.33396369157406991,1,1.8307835762794629,1.7616246212198707,1,1,1
1786521345.8151989,1,1,0.99097259234428381,1.1322549148759391,0.1340646158479184,4,0,1,0,-0.45065194560441735,-0.65139269630820951,-1.787602583590626,-2.0458590706302964,-0.92888944113850724,1.2988925366689443,0,0.00035610946322728857,-0.0039172040955001743,0.13781436226896068,-0.033118180080137838,0,0.15929192374175152,1.5929192374175152,25.676582275226831,-5.6930849089641518,0.44256512499178408,0.37301917677878943,1.3530521240099139e-15,1.3822280957536384,25.578089217990957,-5.3682171217034149,0.47654407957764761,0.33189991787866824,1.3322676295501878e-15,1.3818007643977657,25.581222981267356,-5.4164521484975507,0.48250535199207245,0.33189991787866824,1,1.8307835762794629,1.7616246212198707,1,1,1
1786521345.8366377,1,1,0.99097259234428381,1.1322549148759391,0.1340646158479184,4,0,1,0,-0.45065147098164882,-0.65139317093097804,-1.7876234669924413,-2.042819111797868,-0.92947939723978867,1.2988925366689443,0.00035610946322728857,0,0.00035610946322728857,0.14173156636446085,-0.023859334036228332,0,-0.11946894280631364,1.7522111611592666,25.041880241457179,-6.1546863880693525,0.37301917677878943,0.30979558749424885,-1.7859689692856923e-16,1.3781616879009349,25.582115764527078,-5.3818662825850456,0.49432900085712456,0.32975017491718656,-0.00042733135587296833,1.3781616879009349,25.581830876956495,-5.4314723308126069,0.49862368098364573,0.32975017491718656,1,1.8307835762794629,1.7616246212198707,1,1,1
1786521345.8580139,1,1,0.99097259234428381,1.1322549148759391,0.1340646158479184,4,0,1,0,-0.45065194560441735,-0.65139791715866335,-1.7876215685013672,-2.0398337345838207,-0.92999198982980003,1.2988925366689443,0,-0.00035610946322728857,0,0.13638992441605152,-0.025995990815592066,0,0,1.4336273136757636,25.868916224853997,-5.3276504046725339,0.41095333034951381,0.27186143392352452,5.2245161593234696e-16,1.3742043590901822,25.58619760793205,-5.3948381878514251,0.51163650782355474,0.32765524335318236,4.4408920985006262e-16,1.3746316904460549,25.58619760793205,-5.4425746613970434,0.51631578617036133,0.32765524335318236,1,1.8307835762794629,1.7616246212198707,1,1,1
1786521345.8790903,1,1,0.99097259234428381,1.1322549148759391,0.1340646158479184,4,0,1,0,-0.45065194560441735,-0.65139886640420042,-1.7876229923696727,-2.0371407249951874,-0.93062371273471212,1.298893011291713,0,0,0,0.12677496890891474,-0.035610946322728855,0.00035610946322728857,0.47787577122525454,1.2743353899340122,25.676582275226831,-5.2314834298589501,0.41095333034951381,0.30979558749424885,3.3158629379574645e-16,1.3717399671384092,25.588655116344043,-5.4073421136570303,0.52811897592540646,0.32561319336452083,2.2204460492503131e-16,1.3717399671384092,25.588655116344043,-5.4517133527751502,0.53452894626349756,0.32554909366113993,1,1.8307835762794629,1.7616246212198707,1,1,1
1786521345.900574,1,1,0.99097259234428381,1.1322549148759391,0.1340646158479184,4,0,1,0,-0.45065194560441735,-0.65139744253589482,-1.7876272639745896,-2.0344334767234984,-0.93161377582986349,1.2988920620461759,0,0,0.00035610946322728857,0.12214554588695997,-0.054484747873775149,-0.00035610946322728857,-0.43805279028981664,0.95575154245050908,25.311147770935214,-5.6930849089641518,0.54372286784704904,0.24024963928125423,-9.5969679956859483e-16,1.371897715779113,25.588413551304143,-5.4216150258648046,0.54655776038061821,0.32323772361194159,-8.8817841970012523e-16,1.371897715779113,25.58812866373356,-5.4643659669252402,0.5563650149978977,0.32330182331532248,1,1.8307835762794629,1.7616246212198707,1,1,1
1786521345.9221301,1,1,0.99097259234428381,1.1322549148759391,0.1340646158479184,4,0,1,0,-0.45065289484995441,-0.65139839178143188,-1.7876291624656637,-2.0318311200836536,-0.93302293082962606,1.2988920620461759,0,0,0.00035610946322728857,0.12072110803405083,-0.073002439961594154,0,-0.43805279028981664,1.4336273136757636,25.676582275226831,-5.2314834298589501,0.61326881606004369,0.069545948212994646,6.6819888110049991e-16,1.3758330302550119,25.584501180192621,-5.4375144063846452,0.56676072539904132,0.32052136439078016,6.6613381477509392e-16,1.3758330302550119,25.584216292622038,-5.4797667941965633,0.57990116459212815,0.32052136439078016,1,1.8307835762794629,1.7616246212198707,1,1,1
1786521345.9434817,1,1,0.99097259234428381,1.1322549148759391,0.1340646158479184,4,0,1,0,-0.45065431871826001,-0.65140598574572828,-1.787626789351821,-2.029229238066578,-0.93479944385223002,1.2988925366689443,0,-0.0010683283896818657,0,0.12356998373986913,-0.088315146880367568,0,0.79645961870875759,1.7522111611592666,25.118813821308045,-5.4238173794861169,0.68281476427303833,0.27186143392352452,3.2341750805242597e-16,1.3830978906987337,25.577521760708755,-5.4551360947408538,0.58898381885595985,0.31745018225702426,2.2204460492503131e-16,1.384379884766352,25.577521760708755,-5.4983855890498079,0.60488054529442592,0.31745018225702426,1,1.8307835762794629,1.7616246212198707,1,1,1
1786521345.9646356,1,1,0.99097259234428381,1.1322549148759391,0.1340646158479184,4,0,1,0,-0.45065479334102854,-0.65141547820109891,-1.787626789351821,-2.0267483848554773,-0.93675678814964347,1.2988925366689443,-0.00035610946322728857,0,0,0.1182283417914598,-0.10540840111527741,-0.00035610946322728857,-0.59734471403156819,1.2743353899340122,25.676582275226831,-5.2314834298589501,0.64488061070231395,0.41095333034951381,-4.0800391223113491e-16,1.3921889005280876,25.568795847697793,-5.4731834499208274,0.61154288702258097,0.31428397107527956,0.0004273313558723022,1.3921889005280876,25.568795847697793,-5.5145633695478384,0.63051639922333091,0.31434807077866045,1,1.8307835762794629,1.7616246212198707,1,1,1
1786521345.9856076,1,1,0.99097259234428381,1.1322549148759391,0.1340646158479184,4,0,1,0,-0.45065431871826001,-0.65141263046448772,-1.7876282132201267,-2.0242039321933931,-0.93937480734084922,1.2988925366689443,0.00035610946322728857,0,0,0.11716001340177794,-0.1342532676366878,0,0.31858384748350305,1.4336273136757636,25.580415300413247,-5.4238173794861169,0.74603835355757886,0.17070369106825958,6.6112954412271552e-16,1.4056718755440745,25.555238673430583,-5.4946477569707399,0.63777813511705217,0.31050420156519176,-0.00042733135587208016,1.4056718755440745,25.555238673430583,-5.5356537616613624,0.66194372329165596,0.31050420156519176,1,1.8307835762794629,1.7616246212198707,1,1,1
1786521346.0070624,1,1,0.99097259234428381,1.1322549148759391,0.1340646158479184,4,0,1,0,-0.45065526796379707,-0.65141263046448772,-1.7876258401062839,-2.0216903300112636,-0.94218125177116108,1.2988925366689443,-0.00035610946322728857,-0.00035610946322728857,0.00035610946322728857,0.11537946608564149,-0.13923880012186982,0.00035610946322728857,-0.43805279028981664,1.4336273136757636,26.138183754332033,-5.8854188585913185,0.58165702141777342,0.37301917677878943,2.9262786041973216e-16,1.4209459045510036,25.540005368315391,-5.5168542329683667,0.66484791226213868,0.30656805144074628,0.00042733135587296833,1.4213732359068763,25.539720480744808,-5.5572370460983409,0.6899108962840752,0.30650395173736539,1,1.8307835762794629,1.7616246212198707,1,1,1
1786521346.0284121,1,1,0.99097259234428381,1.1322549148759391,0.1340646158479184,4,0,1,0,-0.45065526796379707,-0.65142591990200649,-1.7876206192558302,-2.0189688430565185,-0.94582350689685246,1.2988925366689443,0,-0.0014244378529091543,0,0.12321387427664185,-0.1680836666432802,0,-0.11946894280631364,1.4336273136757636,25.484248325599665,-5.9623524384421858,0.88513024998356815,0.13909189642598929,-3.499940138054769e-17,1.4430401769709089,25.51847392502679,-5.5437070011904455,0.69738699107220481,0.30174350247496623,0,1.4447495023943999,25.51847392502679,-5.5868318571872697,0.72764205106799529,0.30174350247496623,1,1.8307835762794629,1.7616246212198707,1,1,1
1786521346.0493217,1,1,0.99097259234428381,1.1322549148759391,0.1340646158479184,4,0,1,0,-0.4506557425865656,-0.65144775254935883,-1.7876196700102931,-2.0164908375820287,-0.94923082375212198,1.2988925366689443,0,-0.0010683283896818657,0.00035610946322728857,0.13318493924700592,-0.18125971678268987,0,-0.11946894280631364,1.4336273136757636,25.118813821308045,-5.4238173794861169,0.81558430177057351,0.41095333034951381,7.4382875889494188e-16,1.4643384333047731,25.498054014978074,-5.5685143969294728,0.72744532026365927,0.29727362509805833,6.6613381477509392e-16,1.4656204273723914,25.497769127407491,-5.6151291256659253,0.76007206928454341,0.29727362509805833,1,1.8307835762794629,1.7616246212198707,1,1,1
1786521346.0705388,2,1,0.99097259234428381,1.1322549148759391,0.1340646158479184,4,0,1,0,-0.45065526796379707,-0.65145154953150708,-1.7876196700102931,-2.0136796469240319,-0.95332159739407318,1.2988925366689443,0.00035610946322728857,0,0.00035610946322728857,0.14208767582768814,-0.21152902115700942,0,0.47787577122525454,1.4336273136757636,25.676582275226831,-5.8854188585913185,0.7144265589153086,0.41095333034951381,-2.7941753457435409e-16,1.4891760058640102,25.473437443916005,-5.5977135312401778,0.76244852484562209,0.29205212735352354,-0.00042733135587296833,1.4891760058640102,25.473152556345422,-5.6474442177798689,0.82358179096790263,0.29205212735352354,1,1.8307835762794629,1.7616246212198707,1,1,1
1786521346.0915623,2,1,0.99097259234428381,1.1322549148759391,0.1340646158479184,4,0,1,0,-0.45065621720933413,-0.65145202415427561,-1.7876182461419874,-2.0106135838393344,-0.9579942585502409,1.298893011291713,0,0,0,0.14386822314382458,-0.2211439766641462,0,0.15929192374175152,1.7522111611592666,25.676582275226831,-5.5969179341505679,0.98628799283883317,0.30979558749424885,-2.8105230816255489e-16,1.5177921545729127,25.44493350318502,-5.6304662940887447,0.80156331444218865,0.28619452255912115,-2.2204460492503131e-16,1.5177921545729127,25.44493350318502,-5.6808201721890832,0.88365718357002732,0.28619452255912115,1,1.8307835762794629,1.7616246212198707,1,1,1
1786521346.1129656,2,1,0.99097259234428381,1.1322549148759391,0.1340646158479184,4,0,1,0,-0.45065621720933413,-0.65145202415427561,-1.7876111268004595,-2.0077383191075859,-0.96257579213485112,1.29889396053725,-0.00035610946322728857,0,0.00071221892645457715,0.14030712851155169,-0.2239928523699645,0.00035610946322728857,-0.43805279028981664,1.7522111611592666,25.407314745748799,-5.5969179341505679,0.9546761981965628,0.20863784463898394,-3.8067693528681668e-16,1.546309421863568,25.416513738864435,-5.662005397083143,0.83917386129306393,0.28053828886078774,0.0004273313558723022,1.546309421863568,25.415943963723272,-5.7111128920621859,0.92747827945958661,0.28047418915740685,1,1.8307835762794629,1.7616246212198707,1,1,1
1786521346.1344185,2,1,0.99097259234428381,1.1322549148759391,0.1340646158479184,4,0,1,0,-0.45065621720933413,-0.65145202415427561,-1.7876101775549225,-2.0046309638420268,-0.96726648895622291,1.29889396053725,0,0,0,0.14742931777609747,-0.20903625491441838,0.00035610946322728857,0.63716769496700609,1.7522111611592666,25.580415300413247,-5.9623524384421858,0.81558430177057351,0.30979558749424885,1.8829373010873646e-16,1.5749397805840699,25.387977859032333,-5.6947509367877851,0.87824097388410094,0.2746991937986718,2.2204460492503131e-16,1.5749397805840699,25.387977859032333,-5.7463511980094193,0.93394000959753298,0.27463509409529091,1,1.8307835762794629,1.7616246212198707,1,1,1
1786521346.1557055,2,1,0.99097259234428381,1.1322549148759391,0.1340646158479184,4,0,1,0,-0.45065526796379707,-0.65145154953150708,-1.7876101775549225,-2.0014244124178453,-0.97187839839801893,1.298893011291713,0,0,0,0.14814153670255203,-0.21580233471573687,0,0.79645961870875759,1.7522111611592666,24.849546291830013,-5.5007509593369841,0.84719609641284388,0.107480101783719,-4.8934787428775439e-16,1.6026117552388053,25.360377436058819,-5.7273435783244437,0.91718257739452413,0.26890982176909023,-4.4408920985006262e-16,1.6026117552388053,25.360377436058819,-5.7791931161703367,0.98763166707483041,0.26890982176909023,1,1.8307835762794629,1.7616246212198707,1,1,1
1786521346.1767879,2,1,0.99097259234428381,1.1322549148759391,0.1340646158479184,4,0,1,0,-0.45065526796379707,-0.65145107490873855,-1.7876116014232279,-1.9982093177838298,-0.97632371524806127,1.298893011291713,0,0,0,0.14778542723932475,-0.21900731988478248,0,-0.91592856151507118,1.7522111611592666,25.484248325599665,-6.0585194132557696,1.0178997874811033,0.30979558749424885,-3.8109198143097128e-16,1.6288987980688558,25.334155607936321,-5.7590677840713624,0.95512278404730588,0.26329245045287131,-4.4408920985006262e-16,1.6288987980688558,25.334155607936321,-5.8107926836051265,1.0325587413961317,0.26329245045287131,1,1.8307835762794629,1.7616246212198707,1,1,1
1786521346.1981926,2,1,0.99097259234428381,1.1322549148759391,0.1340646158479184,4,0,1,0,-0.4506557425865656,-0.65145297339981267,-1.7876111268004595,-1.9952391284983757,-0.98086538052011507,1.2988925366689443,0.00035610946322728857,-0.00035610946322728857,0,0.14386822314382458,-0.20725570759828194,-0.00035610946322728857,0.47787577122525454,1.5929192374175152,25.484248325599665,-5.7892518837777347,1.0558339410518278,0.37301917677878943,5.0968005315364662e-16,1.656846970967587,25.306371279844505,-5.7902836623917722,0.99227867740043407,0.25773943274817157,-0.0004273313558723022,1.6572743023234597,25.306371279844505,-5.8406375404921107,1.0440961199646885,0.25780353245155246,1,1.8307835762794629,1.7616246212198707,1,1,1
1786521346.2197373,2,1,0.99097259234428381,1.1322549148759391,0.1340646158479184,4,0,1,0,-0.45065526796379707,-0.65146531359179449,-1.787608753686617,-1.9920586813264629,-0.98548108694405934,1.2988934859144814,0,-0.00071221892645457715,-0.00035610946322728857,0.15383928811418865,-0.21473400632605499,0.00035610946322728857,0.15929192374175152,1.9115030849010182,25.041880241457179,-6.2508533628829364,1.0874457356940981,0.13909189642598929,1.457760642883596e-16,1.6853586025094307,25.278411911376757,-5.8223984335899903,1.0307153805330396,0.25201826188284554,2.2204460492503131e-16,1.6862132652211761,25.27869679894734,-5.8839207606583335,1.0988355143238393,0.25195416217946465,1,1.8307835762794629,1.7616246212198707,1,1,1
1786521346.2412684,2,1,0.99097259234428381,1.1322549148759391,0.1340646158479184,4,0,1,0,-0.45065526796379707,-0.6514686359511741,-1.7876078044410799,-1.98867509560962,-0.99007590996618833,1.298893011291713,0,0.00035610946322728857,0,0.15811260167291613,-0.20547516028214549,0,-0.75663663777331969,1.5929192374175152,25.484248325599665,-5.8854188585913185,1.1190575303363683,0.27186143392352452,-3.6261311065367147e-16,1.712594805829351,25.251385422429507,-5.8549983540948976,1.0697215659482147,0.24625843023048985,-4.4408920985006262e-16,1.7121674744734783,25.251385422429507,-5.9265629680262499,1.1176574153632917,0.24625843023048985,1,1.8307835762794629,1.7616246212198707,1,1,1
1786521346.2624941,2,1,0.99097259234428381,1.1322549148759391,0.1340646158479184,4,0,1,0,-0.45065526796379707,-0.6514686359511741,-1.7876092283093854,-1.9852008569439878,-0.994166208985371,1.298893011291713,0,0,0,0.16345424362132546,-0.18304026409882632,-0.00035610946322728857,-0.27876086654806514,1.7522111611592666,25.311147770935214,-5.4238173794861169,1.0558339410518278,0.24024963928125423,4.3879694799561775e-16,1.7352538020401811,25.228791299457228,-5.8854683616425909,1.1063676011181243,0.2409267129782062,4.4408920985006262e-16,1.7352538020401811,25.228791299457228,-5.9695858341527064,1.139314848655913,0.24099081268158712,1,1.8307835762794629,1.7616246212198707,1,1,1
1786521346.2834563,2,1,0.99097259234428381,1.1322549148759391,0.1340646158479184,4,0,1,0,-0.45065526796379707,-0.65147100906501676,-1.787608753686617,-1.9818732767138312,-0.9977586287203668,1.2988934859144814,0.00035610946322728857,-0.00035610946322728857,0,0.16345424362132546,-0.16630311932714376,0,0.31858384748350305,1.5929192374175152,25.21498079612163,-5.8854188585913185,1.1886034785493631,0.24024963928125423,3.1699530424634387e-16,1.754459327567413,25.209725481473576,-5.9130433153399462,1.1397094335812621,0.23611663272509528,-0.00042733135587252424,1.7548866589232857,25.209725481473576,-5.9971607878500617,1.169643995060148,0.23611663272509528,1,1.8307835762794629,1.7616246212198707,1,1,1
1786521346.3048248,2,1,0.99097259234428381,1.1322549148759391,0.1340646158479184,4,0,1,0,-0.45065384409549147,-0.65147195831055382,-1.7876068551955429,-1.9782846539609835,-1.0011967960555908,1.298893011291713,0,0.00035610946322728857,0,0.16452257201100731,-0.15063430294514307,-0.00035610946322728857,0.15929192374175152,1.5929192374175152,25.311147770935214,-5.6930849089641518,1.1569916839070926,0.20863784463898394,5.7056139327049671e-18,1.7715464699868644,25.19271367333711,-5.9406830337260299,1.1733308886552807,0.23132727116525084,0,1.7711191386309917,25.19271367333711,-6.0273110779518975,1.2004450631854064,0.23139137086863176,1,1.8307835762794629,1.7616246212198707,1,1,1
1786521346.3263152,2,1,0.99097259234428381,1.1322549148759391,0.1340646158479184,4,0,1,0,-0.45065384409549147,-0.65146911057394263,-1.7876120760459966,-1.9748232301101019,-1.0042149222406664,1.2988944351600185,0,0,0,0.15775649220968885,-0.12641885944568745,0.00035610946322728857,-0.11946894280631364,1.7522111611592666,24.580278762351977,-6.4239539175473874,1.1886034785493631,0.34140738213651917,-4.5419600697670093e-16,1.7852762571410379,25.178903507520886,-5.9659213159570159,1.2040643962110817,0.2269951242892097,-4.4408920985006262e-16,1.7852762571410379,25.178903507520886,-6.0366490726497846,1.2268197909113054,0.22693102458582878,1,1.8307835762794629,1.7616246212198707,1,1,1
1786521346.3477266,2,1,0.99097259234428381,1.1322549148759391,0.1340646158479184,4,0,1,0,-0.45065336947272294,-0.65146294047795184,-1.7876153984053762,-1.9713114962457559,-1.0070147219522187,1.2988934859144814,0.00035610946322728857,0,0,0.1527709597245068,-0.124638312129551,-0.00035610946322728857,-0.11946894280631364,1.7522111611592666,25.041880241457179,-5.8854188585913185,1.3276953749753524,0.30979558749424885,1.063033125067725e-15,1.7969023060426332,25.167064573403692,-5.9902493530688581,1.2338168450222708,0.22284392975103376,-0.00042733135587163607,1.7969023060426332,25.167064573403692,-6.0492611084214492,1.25625174120559,0.22290802945441468,1,1.8307835762794629,1.7616246212198707,1,1,1
1786521346.3687184,2,1,0.99097259234428381,1.1322549148759391,0.1340646158479184,4,0,1,0,-0.45065384409549147,-0.65146056736410918,-1.7876182461419874,-1.9682990655339025,-1.0093641046564372,1.2988934859144814,0,-0.00035610946322728857,0,0.15348317865096137,-0.11110615252691403,0.00035610946322728857,-0.43805279028981664,1.7522111611592666,25.407314745748799,-6.4239539175473874,1.0874457356940981,0.13909189642598929,-8.1289243728226851e-16,1.806581858734793,25.157309686411139,-6.0108058905038924,1.2590179343569636,0.21933277869273032,-8.8817841970012523e-16,1.8070091900906657,25.157309686411139,-6.0714913603336518,1.2790170418118081,0.2192686789893494,1,1.8307835762794629,1.7616246212198707,1,1,1
1786521346.3900754,2,1,0.99097259234428381,1.1322549148759391,0.1340646158479184,4,0,1,0,-0.45065336947272294,-0.65146199123241477,-1.7876168222736819,-1.9649434825604026,-1.0115136711751049,1.2988934859144814,0,0,0.00035610946322728857,0.15668816382000697,-0.094369007755231465,0,-0.59734471403156819,1.7522111611592666,25.484248325599665,-6.0585194132557696,1.1569916839070926,0.27186143392352452,4.4706737769260874e-16,1.8138238483194709,25.150120144995544,-6.0314927072184652,1.284776487503057,0.21581091209127762,4.4408920985006262e-16,1.8138238483194709,25.149835257424961,-6.0997098921954818,1.3017629088989986,0.21581091209127762,1,1.8307835762794629,1.7616246212198707,1,1,1
1786521346.4115829,1,1,0.99097259234428381,1.1322549148759391,0.1340646158479184,4,0,1,0,-0.45065194560441735,-0.65146151660964624,-1.7876172968964503,-1.9617018090513498,-1.0135797040865115,1.29889396053725,0,0.00035610946322728857,0.00035610946322728857,0.14814153670255203,-0.096149555071367909,0,0.31858384748350305,1.7522111611592666,25.580415300413247,-6.2508533628829364,1.2581494267623576,0.27186143392352452,5.4428304311487929e-16,1.8205815929404165,25.14334321956742,-6.05137381218975,1.3095093278010048,0.21243107695476135,4.4408920985006262e-16,1.8201542615845439,25.143058331996837,-6.103223350035643,1.326816247713851,0.21243107695476135,1,1.8307835762794629,1.7616246212198707,1,1,1
1786521346.4331045,1,1,0.99097259234428381,1.1322549148759391,0.1340646158479184,4,0,1,0,-0.45065194560441735,-0.65145914349580358,-1.787618720764756,-1.9584458968592411,-1.0153253666291611,1.29889396053725,0,0,0,0.14920986509223391,-0.073714658888048734,0,0,1.9115030849010182,25.21498079612163,-5.9623524384421858,1.2202152731916334,0.27186143392352452,6.0592501881836375e-16,1.8245490158793762,25.139273668159305,-6.0697979610641815,1.3326604718846244,0.20932265841566697,6.6613381477509392e-16,1.8245490158793762,25.139273668159305,-6.122021413846463,1.3459291104844733,0.20932265841566697,1,1.8307835762794629,1.7616246212198707,1,1,1
1786521346.4544647,2,1,0.99097259234428381,1.1322549148759391,0.1340646158479184,4,0,1,0,-0.45065194560441735,-0.65146009274134065,-1.7876182461419874,-1.9552887062029862,-1.0165717260193183,1.2988934859144814,0.00035610946322728857,0,0,0.1588248205993707,-0.046650339682774801,-0.00035610946322728857,0,1.7522111611592666,25.311147770935214,-5.8854188585913185,1.3593071696176227,0.13909189642598929,1.7862569604877587e-16,1.8249413286247576,25.138888204675073,-6.0855766537108344,1.3529405395670311,0.20667397624638681,-0.00042733135587252424,1.8249413286247576,25.138888204675073,-6.1588149821193561,1.3613376007099305,0.20673807594976773,1,1.8307835762794629,1.7616246212198707,1,1,1
1786521346.4755437,2,1,0.99097259234428381,1.1322549148759391,0.1340646158479184,4,0,1,0,-0.45065242022718588,-0.65146056736410918,-1.7876191953875245,-1.9518709476468092,-1.017430318607587,1.29889396053725,0,-0.00035610946322728857,0,0.15740038274646154,-0.036679274712410725,0,0.31858384748350305,1.7522111611592666,25.041880241457179,-6.0585194132557696,1.3909189642598929,0.069545948212994646,-3.3865054857584731e-16,1.8213033250796977,25.142495001295327,-6.100388311424604,1.3724851084776868,0.20421244722787879,-4.4408920985006262e-16,1.8217306564355704,25.142495001295327,-6.1702792108787889,1.3790873779259207,0.20421244722787879,1,1.8307835762794629,1.7616246212198707,1,1,1
1786521346.4969354,1,1,0.99097259234428381,1.1322549148759391,0.1340646158479184,4,0,1,0,-0.45065242022718588,-0.65145392264534974,-1.7876253654835155,-1.9485414689255784,-1.0180943158607592,1.29889396053725,0,0.00071221892645457715,-0.00035610946322728857,0.14814153670255203,-0.02742042866850122,0,0,1.9115030849010182,25.21498079612163,-6.4239539175473874,1.3276953749753524,0.27186143392352452,-8.6153415131129396e-16,1.8158813467417492,25.147613682825163,-6.114011511027563,1.3905886984174534,0.2019735554753801,-8.8817841970012523e-16,1.8150266840300038,25.147898570395746,-6.165861048873456,1.3955243755777835,0.2019735554753801,1,1.8307835762794629,1.7616246212198707,1,1,1
1786521346.5171838,1,1,0.99097259234428381,1.1322549148759391,0.1340646158479184,4,0,1,0,-0.45065194560441735,-0.65144015858506243,-1.7876334340705804,-1.9457981493234811,-1.018531918053343,1.29889396053725,-0.00035610946322728857,0,-0.00035610946322728857,0.1342532676366878,-0.01495659745554612,0,0.63716769496700609,1.9115030849010182,25.21498079612163,-5.9623524384421858,1.3909189642598929,0.20863784463898394,-2.8872981479646787e-16,1.8100288004010521,25.152902119142517,-6.1247271580745046,1.4048904338591504,0.20023329183565411,0.00042733135587252424,1.8100288004010521,25.1531870067131,-6.1717158017473457,1.4075826214011486,0.20023329183565411,1,1.8307835762794629,1.7616246212198707,1,1,1
1786521346.5384233,1,1,0.99097259234428381,1.1322549148759391,0.1340646158479184,4,0,1,0,-0.45065194560441735,-0.6514396839622939,-1.7876343833161175,-1.9429129175135933,-1.0187844173662004,1.2988944351600185,0,0,0,0.12997995407796031,-0.0092588460439095022,0.00071221892645457715,0.79645961870875759,1.9115030849010182,25.21498079612163,-5.8854188585913185,1.4288531178306172,0.24024963928125423,8.4275373680477161e-16,1.8030254039299809,25.159829788756788,-6.1349514153675404,1.4191100081927577,0.19853243994340741,8.8817841970012523e-16,1.8030254039299809,25.159829788756788,-6.1804443992948261,1.4207766004806615,0.1984042405366456,1,1.8307835762794629,1.7616246212198707,1,1,1
1786521346.5594091,1,1,0.99097259234428381,1.1322549148759391,0.1340646158479184,4,0,1,0,-0.45065194560441735,-0.65144015858506243,-1.7876343833161175,-1.9402901520947022,-1.0189415175025833,1.2988944351600185,0,0,0,0.12285776481341455,-0.006409970338091194,0,0,1.9115030849010182,25.21498079612163,-6.0585194132557696,1.4920767071151577,0.24024963928125423,-1.004833491261882e-15,1.7961207139082882,25.166697215207144,-6.143870423930152,1.4317114879508153,0.19703832894657392,-1.1102230246251565e-15,1.7961207139082882,25.166697215207144,-6.1868706416148473,1.4328652826116717,0.19703832894657392,1,1.8307835762794629,1.7616246212198707,1,1,1
1786521346.5805798,1,1,0.99097259234428381,1.1322549148759391,0.1340646158479184,4,0,1,0,-0.45065194560441735,-0.6514396839622939,-1.7876353325616545,-1.9377480725464611,-1.0190502061165765,1.2988944351600185,0,0,-0.00035610946322728857,0.1121744809165959,-0.0039172040955001743,0.00035610946322728857,-0.27876086654806514,1.5929192374175152,25.118813821308045,-6.5201208923609704,1.5300108606858822,0.20863784463898394,-2.351024648399036e-16,1.7890022699610686,25.173742923049119,-6.1522841285314502,1.4437120112817865,0.19562401446618297,-2.2204460492503131e-16,1.7890022699610686,25.174027810619702,-6.1915451968522586,1.4444171080189765,0.19555991476280205,1,1.8307835762794629,1.7616246212198707,1,1,1
1786521346.6019964,1,1,0.99097259234428381,1.1322549148759391,0.1340646158479184,4,0,1,0,-0.45065289484995441,-0.65143446311184006,-1.7876410280348769,-1.9355747748893668,-1.0191180771724762,1.2988934859144814,-0.00035610946322728857,0.00035610946322728857,-0.00071221892645457715,0.092232350975867738,-0.003204985169045597,-0.00035610946322728857,0.31858384748350305,1.4336273136757636,25.21498079612163,-5.7892518837777347,1.4288531178306172,0.20863784463898394,-3.0417630762259729e-16,1.7823781531543368,25.180122916867944,-6.1593602338430165,1.4537850126524681,0.19444842350594091,0.00042733135587252424,1.7819508217984641,25.180692692009107,-6.1916415566845702,1.4543619099828964,0.19451252320932183,1,1.8307835762794629,1.7616246212198707,1,1,1
1786521346.6233945,1,1,0.99097259234428381,1.1322549148759391,0.1340646158479184,4,0,1,0,-0.45065289484995441,-0.6514320899979974,-1.7876557413407013,-1.9338177214002727,-1.0191959153065149,1.2988934859144814,0,0,-0.00035610946322728857,0.072290221035139574,-0.0053416419484093288,0,0,1.9115030849010182,25.407314745748799,-6.5201208923609704,1.5300108606858822,0.27186143392352452,1.5687388996328544e-16,1.7771475821830922,25.185223361655311,-6.1651883194519774,1.4619783879541406,0.19348935331285461,2.2204460492503131e-16,1.7771475821830922,25.185508249225894,-6.1904898968142765,1.4629398835048544,0.19348935331285461,1,1.8307835762794629,1.7616246212198707,1,1,1
1786521346.6447272,1,1,0.99097259234428381,1.1322549148759391,0.1340646158479184,4,0,1,0,-0.45065289484995441,-0.65143256462076593,-1.7876585890773125,-1.9325471562489205,-1.0193492184607498,1.2988944351600185,0,0,-0.00035610946322728857,0.05519696680022973,-0.0074782987277730601,0,0.15929192374175152,1.7522111611592666,25.311147770935214,-6.0585194132557696,1.4920767071151577,0.20863784463898394,3.0667166668520845e-16,1.7743825803108653,25.187981660765409,-6.1698028608640465,1.4684363802023206,0.19269985320014846,2.2204460492503131e-16,1.7743825803108653,25.188266548335992,-6.189121799244127,1.4697824739733198,0.19269985320014846,1,1.8307835762794629,1.7616246212198707,1,1,1
1786521346.6659832,1,1,0.99097259234428381,1.1322549148759391,0.1340646158479184,4,0,1,0,-0.45065289484995441,-0.6514320899979974,-1.7876581144545438,-1.9315428544707134,-1.0194697726439561,1.29889396053725,0,0,-0.00035610946322728857,0.037391493638865299,-0.003204985169045597,0,0.15929192374175152,1.9115030849010182,25.311147770935214,-6.5201208923609704,1.4920767071151577,0.20863784463898394,3.2199957489872227e-16,1.7721852418968149,25.190142675511161,-6.1734348492001008,1.4735516636001722,0.19207454786123301,2.2204460492503131e-16,1.7721852418968149,25.190427563081744,-6.1865218719737038,1.4741285609306005,0.19207454786123301,1,1.8307835762794629,1.7616246212198707,1,1,1
1786521346.6871059,1,1,0.99097259234428381,1.1322549148759391,0.1340646158479184,4,0,1,0,-0.45065336947272294,-0.65142734377031208,-1.7876647591733033,-1.9309799518672379,-1.0195091663337441,1.29889396053725,-0.00035610946322728857,0.00035610946322728857,-0.0010683283896818657,0.019942129940728158,-0.0021366567793637313,0,-0.27876086654806514,1.5929192374175152,25.311147770935214,-5.8854188585913185,1.4604649124728875,0.20863784463898394,-1.4891330491840007e-15,1.7703855600189913,25.191751843543052,-6.1753730108921774,1.4762003716158238,0.19176411030452006,0.00042733135587119198,1.7699582286631186,25.192606506254798,-6.182352756371432,1.4765849698361093,0.19176411030452006,1,1.8307835762794629,1.7616246212198707,1,1,1
1786521346.7086408,1,1,0.99097259234428381,1.1322549148759391,0.1340646158479184,4,0,1,0,-0.45065336947272294,-0.6514169020694045,-1.7876994066354059,-1.9307497598245014,-1.0195846313539401,1.2988944351600185,0,0.00035610946322728857,-0.0014244378529091543,0.0021366567793637313,-0.0042733135587274627,0,-0.27876086654806514,1.7522111611592666,25.118813821308045,-6.3470203376965202,1.4920767071151577,0.069545948212994646,-5.6232145675960687e-16,1.7691978995239346,25.192537838894147,-6.1765503341882813,1.4772515008846625,0.19165406930635084,-6.6613381477509392e-16,1.7687705681680619,25.193677389176475,-6.1772981640610585,1.4780206973252334,0.19165406930635084,1,1.8307835762794629,1.7616246212198707,1,1,1
1786521346.7302017,1,1,0.99097259234428381,1.1322549148759391,0.1340646158479184,4,0,1,0,-0.45065336947272294,-0.6514078842368024,-1.7877160184323044,-1.9307644731303257,-1.0196634187335158,1.29889396053725,0,0.00035610946322728857,0,0,-0.0017805473161364429,0,0.63716769496700609,1.9115030849010182,25.21498079612163,-5.8854188585913185,1.4920767071151577,0.24024963928125423,7.5040173456563525e-16,1.7691548229028236,25.192242908938116,-6.176935654954276,1.4773558108137244,0.19164105828654127,6.6613381477509392e-16,1.7687274915469509,25.192242908938116,-6.176935654954276,1.4776763093306289,0.19164105828654127,1,1.8307835762794629,1.7616246212198707,1,1,1
1786521346.7514334,1,1,0.99097259234428381,1.1322549148759391,0.1340646158479184,4,0,1,0,-0.45065289484995441,-0.65140551112295975,-1.7877150691867674,-1.930783458041067,-1.0196634187335158,1.29889396053725,0,0,0,-0.00071221892645457715,0,0,0.31858384748350305,1.7522111611592666,25.407314745748799,-6.0585194132557696,1.4920767071151577,0.107480101783719,-1.7403816560644658e-16,1.7691047352025464,25.192205047041085,-6.1768815424205021,1.4772588475075095,0.19165337434826057,-2.2204460492503131e-16,1.7691047352025464,25.192205047041085,-6.1766322657962434,1.4772588475075095,0.19165337434826057,1,1.8307835762794629,1.7616246212198707,1,1,1
1786521346.7724936,1,1,0.99097259234428381,1.1322549148759391,0.1340646158479184,4,0,1,0,-0.45065336947272294,-0.65140551112295975,-1.7877150691867674,-1.9308043414428822,-1.0196648426018216,1.2988944351600185,0,0,0,-0.0010683283896818657,-0.00035610946322728857,0,0,1.7522111611592666,25.580415300413247,-6.0585194132557696,1.4920767071151577,0.17070369106825958,2.2417912795211214e-16,1.7691826193214331,25.192127693126334,-6.1768242321370099,1.477171192684231,0.19166257678955032,2.2204460492503131e-16,1.7691826193214331,25.192127693126334,-6.1764503172006213,1.477235292387612,0.19166257678955032,1,1.8307835762794629,1.7616246212198707,1,1,1
1786521346.7935722,1,1,0.99097259234428381,1.1322549148759391,0.1340646158479184,4,0,1,0,-0.45065336947272294,-0.65140361263188573,-1.7877155438095358,-1.9308157323893269,-1.0196691142067382,1.2988949097827871,0.00035610946322728857,0.00035610946322728857,0,-0.00071221892645457715,0,0.00035610946322728857,-0.59734471403156819,1.7522111611592666,24.945713266643597,-5.6930849089641518,1.4288531178306172,0.069545948212994646,-2.2084012407403569e-16,1.7691470860336889,25.192092608738136,-6.1768157311905654,1.4771216965263059,0.19166830490302433,-0.00042733135587296833,1.7687197546778162,25.192092608738136,-6.1765664545663066,1.4771216965263059,0.19160420519964341,1,1.8307835762794629,1.7616246212198707,1,1,1
1786521346.8146644,1,1,0.99097259234428381,1.1322549148759391,0.1340646158479184,4,0,1,0,-0.45065289484995441,-0.65139174706267244,-1.7877160184323044,-1.9308375650366791,-1.0196638933562845,1.29889396053725,0.00035610946322728857,0.0010683283896818657,0,-0.0014244378529091543,0,0,-0.11946894280631364,1.7522111611592666,25.21498079612163,-6.0585194132557696,1.4604649124728875,0.24024963928125423,-8.2704296969909885e-17,1.7685436095296776,25.192253097355668,-6.1767600025764047,1.4769031817374236,0.19170517839523157,-0.00042733135587274629,1.7672616154620593,25.192253097355668,-6.1762614493278862,1.4769031817374236,0.19170517839523157,1,1.8307835762794629,1.7616246212198707,1,1,1
1786521346.8357873,1,1,0.99097259234428381,1.1322549148759391,0.1340646158479184,4,0,1,0,-0.45065289484995441,-0.65136279507379213,-1.7877150691867674,-1.9308631946661798,-1.0196581978830621,1.2988934859144814,0,0.0014244378529091543,0,-0.0014244378529091543,0,0,-0.59734471403156819,1.7522111611592666,25.407314745748799,-5.9623524384421858,1.4920767071151577,0.17070369106825958,4.6968654551608757e-16,1.7670763206932794,25.192639652791822,-6.1767356189407874,1.4765457597932481,0.19176884118518892,4.4408920985006262e-16,1.7653669952697884,25.192639652791822,-6.1762370656922689,1.4765457597932481,0.19176884118518892,1,1.8307835762794629,1.7616246212198707,1,1,1
1786521346.8570869,1,1,0.99097259234428381,1.1322549148759391,0.1340646158479184,4,0,1,0,-0.45065242022718588,-0.65132197751569865,-1.7877122214501562,-1.9308774333492356,-1.0196577232602937,1.29889396053725,0,0.0014244378529091543,0,0,0.00035610946322728857,0,0,1.9115030849010182,24.753379317016428,-5.9623524384421858,1.3909189642598929,0.27186143392352452,2.7346458702105086e-16,1.7650248284846466,25.193167615043087,-6.1767988840816335,1.4761888119903872,0.19183690952867838,2.2204460492503131e-16,1.7633155030611556,25.193167615043087,-6.1767988840816335,1.4761247122870063,0.19183690952867838,1,1.8307835762794629,1.7616246212198707,1,1,1
1786521346.8784006,1,1,0.99097259234428381,1.1322549148759391,0.1340646158479184,4,0,1,0,-0.45065052173611181,-0.65132150289293012,-1.7877117468273878,-1.9308945197689027,-1.019632093630793,1.2988934859144814,0.00035610946322728857,0,0.00035610946322728857,-0.0010683283896818657,0.00035610946322728857,0,-0.43805279028981664,1.9115030849010182,24.753379317016428,-6.0585194132557696,1.4604649124728875,0.17070369106825958,6.7748744440009057e-16,1.7648529219475106,25.193321388214635,-6.1766300513515064,1.475991409740937,0.19186700071513416,-0.00042733135587208016,1.7648529219475106,25.193036500644052,-6.1762561364151178,1.4759273100375561,0.19186700071513416,1,1.8307835762794629,1.7616246212198707,1,1,1
1786521346.8998663,1,1,0.99097259234428381,1.1322549148759391,0.1340646158479184,4,0,1,0,-0.45065004711334328,-0.65132672374338396,-1.7877070005997024,-1.9309248956260885,-1.0196211773071169,1.2988944351600185,0.00035610946322728857,-0.00035610946322728857,0.00035610946322728857,-0.0010683283896818657,0,0,0.63716769496700609,1.9115030849010182,25.21498079612163,-6.4239539175473874,1.3276953749753524,0.27186143392352452,1.0424773295037576e-15,1.7652072974838786,25.193163572463028,-6.1764593614227676,1.4758797954557852,0.19187434030700298,-0.00042733135587163607,1.7656346288397513,25.192878684892445,-6.176085446486379,1.4758797954557852,0.19187434030700298,1,1.8307835762794629,1.7616246212198707,1,1,1
1786521346.9210949,1,1,0.99097259234428381,1.1322549148759391,0.1340646158479184,4,0,1,0,-0.45064957249057475,-0.65133004610276368,-1.7877027289947856,-1.9309486267645151,-1.0196150072111261,1.2988953844055555,0,0,0.00035610946322728857,-0.00071221892645457715,0.00035610946322728857,0,-0.11946894280631364,1.4336273136757636,24.657212342202847,-6.4239539175473874,1.5300108606858822,0.24024963928125423,-2.2768584435374495e-16,1.765472558759714,25.193023852173464,-6.1763373605718659,1.4758022871957155,0.19187820245918727,-2.2204460492503131e-16,1.765472558759714,25.192738964602881,-6.1760880839476071,1.4757381874923345,0.19187820245918727,1,1.8307835762794629,1.7616246212198707,1,1,1
1786521346.9424877,1,1,0.99097259234428381,1.1322549148759391,0.1340646158479184,4,0,1,0,-0.45064814862226915,-0.65132245213846718,-1.7877074752224709,-1.9309680862980247,-1.0195846313539401,1.2988958590283242,0,0.0010683283896818657,-0.00071221892645457715,-0.0028488757058183086,0.0028488757058183086,0,0.47787577122525454,1.5929192374175152,25.484248325599665,-6.4239539175473874,1.4604649124728875,0.13909189642598929,6.480073097038519e-16,1.7648189322537977,25.193391936820582,-6.1761755879459193,1.4754782870669365,0.19193169755343503,6.6613381477509392e-16,1.7635369381861794,25.193961711961744,-6.1751784814488833,1.4749654894398891,0.19193169755343503,1,1.8307835762794629,1.7616246212198707,1,1,1
1786521346.9626405,1,1,0.99097259234428381,1.1322549148759391,0.1340646158479184,4,0,1,0,-0.45064577550842649,-0.6512802107120681,-1.7877236123966009,-1.9309884950770715,-1.0195461869096893,1.2988968082738612,0.00035610946322728857,0.003204985169045597,-0.0017805473161364429,0.00071221892645457715,0.00035610946322728857,0,-0.59734471403156819,1.9115030849010182,24.753379317016428,-6.5201208923609704,1.4920767071151577,0.069545948212994646,-3.5924191952359935e-16,1.7621163807993518,25.194511511998762,-6.1761064755757227,1.4747604071221769,0.19206520577071759,-0.00042733135587319038,1.7582703985964971,25.19593594985167,-6.1763557521999815,1.474696307418796,0.19206520577071759,1,1.8307835762794629,1.7616246212198707,1,1,1
1786521346.9841142,1,1,0.99097259234428381,1.1322549148759391,0.1340646158479184,4,0,1,0,-0.45064340239458384,-0.65116108039716736,-1.7877810417515929,-1.9309856473404603,-1.0195333720949391,1.2988977575193983,0.00035610946322728857,0.0092588460439095022,-0.0060538608748639056,-0.00071221892645457715,0.0035610946322728858,0,0.47787577122525454,1.7522111611592666,25.041880241457179,-6.0585194132557696,1.3909189642598929,0.27186143392352452,4.5033523080311583e-16,1.7548934777110645,25.197268729013629,-6.1765633724862417,1.4733631757377996,0.19235550872425275,-0.0004273313558723022,1.7437828624583731,25.202111817713519,-6.1763140958619829,1.4727221787039906,0.19235550872425275,1,1.8307835762794629,1.7616246212198707,1,1,1
1786521347.0055313,1,1,0.99097259234428381,1.1322549148759391,0.1340646158479184,4,0,1,0,-0.4506429277718153,-0.6508122326622986,-1.788027845591228,-1.9310145993293406,-1.0190478330027339,1.2988958590283242,0,0.019586020477500871,-0.014244378529091543,-0.0021366567793637313,0.040596478807910896,0,-0.27876086654806514,1.5929192374175152,25.21498079612163,-6.5201208923609704,1.4288531178306172,0.17070369106825958,-7.3085052007711149e-16,1.7290342189301899,25.210013096953432,-6.1759753449311505,1.4664076232623988,0.19371402651647446,-6.6613381477509392e-16,1.7055309943571888,25.221408599776705,-6.1752275150583733,1.4591002570769749,0.19371402651647446,1,1.8307835762794629,1.7616246212198707,1,1,1
1786521347.027245,1,1,0.99097259234428381,1.1322549148759391,0.1340646158479184,4,0,1,0,-0.4506443516401209,-0.65048284446093951,-1.7883643531341149,-1.9310857927446199,-1.0179751855458583,1.2988958590283242,0,0.009971064970364079,-0.015668816382000697,-0.0035610946322728858,0.053060310020865996,-0.00035610946322728857,0.47787577122525454,1.5929192374175152,25.580415300413247,-6.0585194132557696,1.4604649124728875,0.27186143392352452,6.6606266400752456e-16,1.6982235299787192,25.228389342546471,-6.1727857927493259,1.4559877321054207,0.19567064419445157,6.6613381477509392e-16,1.6862582520142824,25.240924395652073,-6.1715394096280303,1.4464368763016648,0.19573474389783249,1,1.8307835762794629,1.7616246212198707,1,1,1
1786521347.04828,1,1,0.99097259234428381,1.1322549148759391,0.1340646158479184,4,0,1,0,-0.45064530088565796,-0.65042446586041036,-1.7886823503890295,-1.9311679024835753,-1.0169001649751404,1.2988963336510926,0,-0.0039172040955001743,-0.011395502823273234,-0.0046294230219547511,0.053416419484093286,0,0.63716769496700609,1.4336273136757636,25.118813821308045,-6.3470203376965202,1.4288531178306172,0.17070369106825958,4.738675001437348e-16,1.6819012266218438,25.242409704144183,-6.1687148564777248,1.4477228575264882,0.19717031458927292,4.4408920985006262e-16,1.6866018715364441,25.251526106402803,-6.1670945584200405,1.4381079020193515,0.19717031458927292,1,1.8307835762794629,1.7616246212198707,1,1,1
1786521347.0698133,1,1,0.99097259234428381,1.1322549148759391,0.1340646158479184,4,0,1,0,-0.45064387701735237,-0.65053220522886646,-1.7887711048467443,-1.9313582262137554,-1.0155237589464063,1.29889396053725,0,-0.0039172040955001743,0,-0.014244378529091543,0.076919644057094325,-0.00035610946322728857,0.31858384748350305,1.7522111611592666,25.580415300413247,-5.8854188585913185,1.2581494267623576,0.17070369106825958,3.6438849171111648e-16,1.6756640075135802,25.252605278229268,-6.1618013309169868,1.4405767942008014,0.19833875073809926,4.4408920985006262e-16,1.6803646524281806,25.252605278229268,-6.156815798431805,1.4267312582705245,0.19840285044148018,1,1.8307835762794629,1.7616246212198707,1,1,1
1786521347.0912158,1,1,0.99097259234428381,1.1322549148759391,0.1340646158479184,4,0,1,0,-0.4506443516401209,-0.65059912703922906,-1.788767307864596,-1.9318276281318307,-1.0135626176668446,1.2988925366689443,0,-0.003204985169045597,-0.00035610946322728857,-0.028488757058183087,0.097217883461049773,0.00035610946322728857,0.15929192374175152,1.7522111611592666,25.676582275226831,-6.0585194132557696,1.3593071696176227,0.17070369106825958,7.2231751016647167e-16,1.6648597354881147,25.265851822898306,-6.1512009222795001,1.4298122398312041,0.20003897655124814,6.6613381477509392e-16,1.6687057176909694,25.266136710468889,-6.1412298573091357,1.4123130208082151,0.19997487684786722,1,1.8307835762794629,1.7616246212198707,1,1,1
1786521347.1123455,1,1,0.99097259234428381,1.1322549148759391,0.1340646158479184,4,0,1,0,-0.45064482626288943,-0.65066225186744342,-1.7887753764516612,-1.9325713620101155,-1.0115060772108084,1.2988925366689443,0,-0.0021366567793637313,-0.0010683283896818657,-0.038815931491774452,0.094725117218458763,0,-0.75663663777331969,1.5929192374175152,25.118813821308045,-6.0585194132557696,1.3593071696176227,0.30979558749424885,2.193832274047583e-16,1.6537742423187272,25.279237351934903,-6.1393454529706979,1.4172068717661683,0.20198883131336004,2.2204460492503131e-16,1.6563382304539636,25.280092014646648,-6.1257598769485773,1.4001563506668457,0.20198883131336004,1,1.8307835762794629,1.7616246212198707,1,1,1
1786521347.1336503,1,1,0.99097259234428381,1.1322549148759391,0.1340646158479184,4,0,1,0,-0.45064482626288943,-0.65066177724467489,-1.7888275849561992,-1.9335239299065532,-1.0093622061653631,1.2988925366689443,0,0.00035610946322728857,-0.003204985169045597,-0.054484747873775149,0.12036499857082354,0,-0.27876086654806514,1.9115030849010182,25.407314745748799,-6.0585194132557696,1.2897612214046279,0.37301917677878943,8.5351952556437377e-16,1.6386414915977783,25.294283523456055,-6.1267284249782143,1.4023852646811075,0.20429763339310272,8.8817841970012523e-16,1.6382141602419056,25.296847511591292,-6.1076587632223927,1.3807195649383592,0.20429763339310272,1,1.8307835762794629,1.7616246212198707,1,1,1
1786521347.1548367,1,1,0.99097259234428381,1.1322549148759391,0.1340646158479184,4,0,1,0,-0.45064482626288943,-0.65065940413083223,-1.7889021007308583,-1.9349696308594924,-1.0063635395137971,1.2988925366689443,0,0,-0.0042733135587274627,-0.079768519762912632,0.15383928811418865,0,-0.27876086654806514,1.9115030849010182,25.484248325599665,-6.2508533628829364,1.2202152731916334,0.41095333034951381,5.6820664167712975e-17,1.6177255371722703,25.315016772607393,-6.1086942967553899,1.3810559139096426,0.20760228664585254,0,1.6177255371722703,25.318435423454375,-6.0807753148383705,1.3533648420490887,0.20760228664585254,1,1.8307835762794629,1.7616246212198707,1,1,1
1786521347.1757369,1,1,0.99097259234428381,1.1322549148759391,0.1340646158479184,4,0,1,0,-0.45064625013119503,-0.65067506668219366,-1.7890060431171662,-1.9368704950474509,-1.0027677974194216,1.2988934859144814,-0.00035610946322728857,-0.0014244378529091543,-0.0046294230219547511,-0.10647672950495927,0.19372354799564498,0,-0.43805279028981664,1.2743353899340122,25.772749250040416,-5.6930849089641518,1.0874457356940981,0.20863784463898394,-1.501891059435545e-16,1.5939248543745137,25.339290118254993,-6.0864704682913739,1.3546522350072292,0.21166253753322234,0.00042733135587252424,1.5956341797980047,25.342993656672558,-6.0492036129646385,1.3197819963680131,0.21166253753322234,1,1.8307835762794629,1.7616246212198707,1,1,1
1786521347.1969852,2,1,0.99097259234428381,1.1322549148759391,0.1340646158479184,4,0,1,0,-0.45064577550842649,-0.65074578547470452,-1.7890573023761673,-1.9394377296024241,-0.99830871650909192,1.29889396053725,0,-0.0042733135587274627,-0.0014244378529091543,-0.13033606354118762,0.21615844417896415,0,-0.27876086654806514,1.7522111611592666,25.676582275226831,-6.6162878671745542,1.2581494267623576,0.27186143392352452,-3.9242867039702284e-16,1.5689477543589083,25.36679549176295,-6.0577892859209523,1.3217759203001624,0.21663093825950899,-4.4408920985006262e-16,1.5740757306293813,25.367935042045278,-6.0121716636815368,1.2505505119900207,0.21663093825950899,1,1.8307835762794629,1.7616246212198707,1,1,1
1786521347.2181642,2,1,0.99097259234428381,1.1322549148759391,0.1340646158479184,4,0,1,0,-0.45064625013119503,-0.65081602964444685,-1.7891095108807056,-1.9425882755399195,-0.99350553409157871,1.2988944351600185,-0.00035610946322728857,-0.0024927662425910197,-0.003204985169045597,-0.15846871113614341,0.24749607694296555,0,0.31858384748350305,1.5929192374175152,25.407314745748799,-5.7892518837777347,1.0178997874811033,0.17070369106825958,1.7067205667405799e-16,1.5429796508180251,25.395274993267179,-6.0255733077043194,1.2843582222978742,0.22222933634724393,0.00042733135587296833,1.5459709703091344,25.397838981402415,-5.9531718365343824,1.1448167745622093,0.22222933634724393,1,1.8307835762794629,1.7616246212198707,1,1,1
1786521347.2395442,2,1,0.99097259234428381,1.1322549148759391,0.1340646158479184,4,0,1,0,-0.45064909786780621,-0.65087820522712414,-1.7891949429790408,-1.9460392576898937,-0.98763112808549558,1.2988968082738612,-0.00035610946322728857,-0.0035610946322728858,-0.0053416419484093288,-0.17769862215041698,0.29200975984637662,0,0,1.7522111611592666,24.753379317016428,-5.6930849089641518,0.9546761981965628,0.17070369106825958,-1.2952472075574914e-15,1.5084440976061684,25.431980556400305,-5.9873454211637416,1.2398754754225931,0.22896801405823239,0.00042733135587141402,1.5127174111648958,25.436253869959032,-5.8697536591102617,1.0032941989574922,0.22896801405823239,1,1.8307835762794629,1.7616246212198707,1,1,1
1786521347.2606573,2,1,0.99097259234428381,1.1322549148759391,0.1340646158479184,4,0,1,0,-0.45064862324503768,-0.65097835063128373,-1.7893520431154237,-1.9502273289993934,-0.98103624471678552,1.2988968082738612,0,-0.0042733135587274627,-0.009971064970364079,-0.20405072242923636,0.30945912354451377,0,-0.27876086654806514,1.5929192374175152,25.484248325599665,-5.4238173794861169,0.84719609641284388,0.27186143392352452,4.1895096604144949e-16,1.4713066613889678,25.472679264539806,-5.9432816216499127,1.1878871944617044,0.236815693443516,4.4408920985006262e-16,1.4764346376594408,25.480656116516098,-5.7637624239412073,0.91326630513466445,0.236815693443516,1,1.8307835762794629,1.7616246212198707,1,1,1
1786521347.281666,2,1,0.99097259234428381,1.1322549148759391,0.1340646158479184,4,0,1,0,-0.45064862324503768,-0.65101916818937722,-1.7896135602608834,-1.9546641026396021,-0.97432935037470259,1.2988958590283242,0,-0.00071221892645457715,-0.015312706918773409,-0.22470507129641909,0.33759177113946959,0,0.47787577122525454,1.2743353899340122,25.772749250040416,-5.9623524384421858,0.78397250712830324,0.20863784463898394,-1.0161346048441489e-16,1.429323493072709,25.515981666714687,-5.8980774930215842,1.1325722576054298,0.24521629288083846,0,1.4301781557844544,25.528231832249705,-5.6700205754749993,0.79662219652138611,0.24521629288083846,1,1.8307835762794629,1.7616246212198707,1,1,1
1786521347.3027914,2,1,0.99097259234428381,1.1322549148759391,0.1340646158479184,4,0,1,0,-0.45064814862226915,-0.65103957696842396,-1.7899975300806232,-1.9596822891712591,-0.96671782503580339,1.29889396053725,0,-0.0014244378529091543,-0.019942129940728158,-0.23894944982551064,0.36180721463892518,0,-0.43805279028981664,1.2743353899340122,25.041880241457179,-5.5969179341505679,0.58165702141777342,0.30979558749424885,4.2952024315728865e-16,1.3789311964064961,25.566880141692884,-5.84678564471941,1.0685779245716227,0.25499382387850983,4.4408920985006262e-16,1.3806405218299871,25.582833845645467,-5.5852544376294597,0.67983819665876577,0.25499382387850983,1,1.8307835762794629,1.7616246212198707,1,1,1
1786521347.323647,2,1,0.99097259234428381,1.1322549148759391,0.1340646158479184,4,0,1,0,-0.45065004711334328,-0.65106995282560987,-1.7905134450300142,-1.9647972987476958,-0.95913477706301598,1.298893011291713,0,-0.0014244378529091543,-0.02955708544786495,-0.25497437567073861,0.37925657833706233,0,-0.43805279028981664,1.2743353899340122,25.484248325599665,-5.1353164550453663,0.61326881606004369,0.37301917677878943,-6.3647580315993185e-16,1.3275425259697791,25.619116402095674,-5.7952832517777093,1.0028762852566777,0.26506941661416961,-6.6613381477509392e-16,1.3292518513932701,25.642762070453966,-5.4960934689514742,0.57645162613954193,0.26506941661416961,1,1.8307835762794629,1.7616246212198707,1,1,1
1786521347.3451602,2,1,0.99097259234428381,1.1322549148759391,0.1340646158479184,4,0,1,0,-0.45065242022718588,-0.6511207374618424,-1.7912519580578452,-1.9704657184722374,-0.95088725721428802,1.298893011291713,0,-0.0035610946322728858,-0.039172040955001743,-0.26280878386173895,0.38851542438097181,0,0,1.2743353899340122,25.676582275226831,-5.5007509593369841,0.48049927856250846,0.24024963928125423,4.2528338435512264e-16,1.2701401744494971,25.678059960030378,-5.7389369954277036,0.92919287824928776,0.27642208042885563,4.4408920985006262e-16,1.2744134880082245,25.709397592794378,-5.4213363533526175,0.48222925309876929,0.27642208042885563,1,1.8307835762794629,1.7616246212198707,1,1,1
1786521347.3662598,2,1,0.99097259234428381,1.1322549148759391,0.1340646158479184,4,0,1,0,-0.45065147098164882,-0.6512180351293908,-1.7922130691641165,-1.976380942036414,-0.94296343009369687,1.2988925366689443,0,-0.0049855324851820395,-0.049855324851820398,-0.28203869487601252,0.38887153384419909,0,0.79645961870875759,1.2743353899340122,25.772749250040416,-5.4238173794861169,0.41095333034951381,0.34140738213651917,1.4084463846944506e-17,1.2149741099753779,25.736463887966725,-5.6834179523392878,0.8540741374062143,0.28800097436555361,0,1.2209567489575963,25.776348147848182,-5.3206270193806589,0.40633419362586032,0.28800097436555361,1,1.8307835762794629,1.7616246212198707,1,1,1
1786521347.3873708,2,1,0.99097259234428381,1.1322549148759391,0.1340646158479184,4,0,1,0,-0.45065147098164882,-0.65131011194648547,-1.793296632944668,-1.9823426786319063,-0.93446910640533376,1.2988920620461759,0,-0.0035610946322728858,-0.055909185726684303,-0.29414641662574037,0.39100819062356285,0.00035610946322728857,-0.11946894280631364,1.2743353899340122,26.138183754332033,-5.3276504046725339,0.20863784463898394,0.27186143392352452,1.470960804333607e-15,1.1532325194788768,25.801197660578435,-5.6248182147822972,0.77438645752542201,0.30038250570580544,1.5543122344752192e-15,1.1575058330376042,25.845925009159782,-5.233574135711808,0.32198860196605505,0.30031840600242454,1,1.8307835762794629,1.7616246212198707,1,1,1
1786521347.4087677,10,1,0.99097259234428381,1.1322549148759391,0.1340646158479184,4,0,1,1,-0.45065242022718588,-0.65137988149345927,-1.79448983458475,-1.9888497567884384,-0.92611432181091824,1.2988925366689443,0,-0.003204985169045597,-0.051991981631184132,-0.30126860589028615,0.38566654867515354,0,-0.11946894280631364,0.95575154245050908,25.676582275226831,-5.1353164550453663,0.24024963928125423,0.54372286784704904,-5.0695091299759326e-16,1.0912098141053406,25.865368583611815,-5.5650236163318931,0.69116803931690307,0.31325195592278476,1.9739852662605589e-16,1.1426469385051492,25.885309768789512,-4.8544348805585473,0.12262341341443568,0.30370082759577055,1,1.8307835762794629,1.7616246212198707,1,1,1
1786521347.4301887,6,1,0.99097259234428381,1.1322549148759391,0.1340646158479184,4,0,1,1,-0.45065242022718588,-0.65144585405828481,-1.7955999772403393,-1.9951835976344576,-0.91778516684600331,1.2988925366689443,0,-0.0021366567793637313,-0.053060310020865996,-0.28631200843474003,0.38174934457965332,0,-0.43805279028981664,0.95575154245050908,25.945849804704867,-5.2314834298589501,-0.10115774285526494,0.41095333034951381,8.1627379280770768e-16,1.0299291686620737,25.928675091410334,-5.5052497182331361,0.60899733661859834,0.3259576204334147,9.2532024331437476e-17,1.1455851133396902,25.976532092364852,-4.7213926597418236,-0.11737658658556435,0.30400707670882315,1,1.8307835762794629,1.7616246212198707,1,1,1
# event,1786521347.550211,RECOVERING,控制器保护：控制器检测到关节速度超过硬上限；保持力矩控制并增强阻尼，静止后切回位置保持
1786521347.5571692,6,1,0.99097259234428381,1.1322549148759391,0.1340646158479184,4,0,1,1,-0.45065479334102854,-0.65188108313702586,-1.8030714888625223,-2.0301044424517456,-0.87360870341963215,1.2988882650640277,0,-0.0046294230219547511,-0.0687291264028667,-0.25639881352364779,0.31658131280905955,-0.00035610946322728857,0.47787577122525454,1.1150434661922606,26.407451283810069,-3.5774114630653115,-0.36669681785033542,0.37301917677878943,-8.0602300008003613e-16,0.68731352902451803,26.28485307490352,-5.1800660043666173,0.14704677827038032,0.39774159377724699,-2.2204460492503131e-16,1.1864464810777124,26.374106833584403,-4.3654920590988571,-0.2795186169205448,0.30581603089488507,1,1.8307835762794629,1.7616246212198707,1,1,1
1786521347.5780704,6,1,0.99097259234428381,1.1322549148759391,0.1340646158479184,4,0,1,1,-0.4506557425865656,-0.65201065515283418,-1.8044920348087294,-2.0353120034680452,-0.86725872539948301,1.2988887396867961,0,-0.0078344081910003485,-0.06801690747641212,-0.25960379869269334,0.30304915320642256,0,-0.11946894280631364,1.2743353899340122,26.407451283810069,-4.1351799169840966,-0.3350850232080651,0.30979558749424885,1.1639587947989694e-15,0.63653735117012555,26.339997115369329,-5.1323422410586561,0.076558320767412966,0.40876187343112008,-2.2204460492503131e-16,1.2249063031062595,26.368409082172768,-4.3462621480845849,-0.21862389870867838,0.30492575723681686,1,1.8307835762794629,1.7616246212198707,1,1,1
1786521347.5981352,6,1,0.99097259234428381,1.1322549148759391,0.1340646158479184,4,0,1,1,-0.45065669183210266,-0.65220714897900522,-1.8059249209469186,-2.040689954058247,-0.86097092296201116,1.2988887396867961,0,-0.010683283896818658,-0.070153564255775847,-0.26245267439851167,0.30696635730192273,0.00035610946322728857,0.15929192374175152,1.4336273136757636,26.311284308996484,-4.3082804716485468,-0.16438133213980552,0.37301917677878943,-1.8045867534663418e-16,0.58996400378972602,26.393439254329138,-5.0839982061553011,0.0056526566003372268,0.41978184872824786,-2.2204460492503131e-16,1.2590928115760793,26.385502336407676,-4.3291688938496753,-0.23625131713842917,0.30403548357874866,1,1.8307835762794629,1.7616246212198707,1,1,1
1786521347.6195152,6,1,0.99097259234428381,1.1322549148759391,0.1340646158479184,4,0,1,1,-0.45065716645487119,-0.65246391989677943,-1.807316040281477,-2.0463308456622138,-0.85428253890790085,1.2988882650640277,0,-0.0124638312129551,-0.057689733042820747,-0.25960379869269334,0.31302021817678666,0.00035610946322728857,-0.11946894280631364,1.4336273136757636,26.311284308996484,-4.0390129421705128,-0.30347322856579484,0.20863784463898394,-1.3657389834938888e-16,0.54476766250698017,26.447756244230575,-5.0321743335666955,-0.068312277242328995,0.43121903627707886,-2.2204460492503131e-16,1.2804593793697165,26.285791686704034,-4.3462621480845849,-0.25785380972295191,0.30403548357874866,1,1.8307835762794629,1.7616246212198707,1,1,1
1786521347.6410422,6,1,0.99097259234428381,1.1322549148759391,0.1340646158479184,4,0,1,1,-0.45065811570040826,-0.65273350562930388,-1.808547211743041,-2.052029166621173,-0.847494958695168,1.2988873158184906,0.00035610946322728857,-0.013176050139409676,-0.055909185726684303,-0.26138434600882982,0.31586909388260498,0,-0.43805279028981664,1.4336273136757636,26.234350729145618,-3.9428459673569294,-0.26553907499507046,0.37301917677878943,-5.0650367960144299e-16,0.50208567084758382,26.500074828563086,-4.9789942189544218,-0.14214704807650666,0.44256285643856896,-0.0042733135587276847,1.2890060064871716,26.271547308174945,-4.3355788641877657,-0.27631363175149926,0.30492575723681686,1,1.8307835762794629,1.7616246212198707,1,1,1
1786521347.662102,6,1,0.99097259234428381,1.1322549148759391,0.1340646158479184,4,0,1,1,-0.45065859032317679,-0.65306004609405177,-1.8095700238092209,-2.0573416192693177,-0.84117915351435291,1.2988849427046478,0,-0.018873801551046294,-0.044513682903411074,-0.25675492298687508,0.3055419194490136,0,0,1.7522111611592666,26.042016779518448,-4.5967813960892983,-0.20231548571052987,0.20863784463898394,-1.3798674930540905e-16,0.46826277460233889,26.545718121062226,-4.9288266522078343,-0.20972784287495566,0.45286235683664106,-2.2204460492503131e-16,1.3573790234268108,26.180383285588757,-4.3633554023194945,-0.22984134680033808,0.30492575723681686,1,1.8307835762794629,1.7616246212198707,1,1,1
1786521347.6831694,6,1,0.99097259234428381,1.1322549148759391,0.1340646158479184,4,0,1,1,-0.45065859032317679,-0.65352327791613607,-1.8105800210606506,-2.0628975533977179,-0.83461464600282875,1.2988854173274165,0.00035610946322728857,-0.023859334036228332,-0.048786996462138535,-0.25711103245010236,0.30269304374319528,-0.00035610946322728857,0.31858384748350305,1.5929192374175152,26.234350729145618,-4.2313468917976804,-0.30347322856579484,0.30979558749424885,5.4528084792674486e-16,0.44051505726159057,26.590380467191032,-4.8759850485417031,-0.2791362696070499,0.46335490068594937,-0.0042733135587276847,1.4172054132489953,26.214569794058576,-4.361218745540131,-0.21702140612415566,0.30581603089488507,1,1.8307835762794629,1.7616246212198707,1,1,1
1786521347.7044301,6,1,0.99097259234428381,1.1322549148759391,0.1340646158479184,4,0,1,1,-0.45065953956871385,-0.65409282523837087,-1.8115093324414304,-2.0682337371842889,-0.8283662372551448,1.2988854173274165,-0.00035610946322728857,-0.031337632764001394,-0.041308697734365477,-0.26209656493528438,0.31586909388260498,0,-0.43805279028981664,1.7522111611592666,26.138183754332033,-4.1351799169840966,-0.36669681785033542,0.30979558749424885,3.5283835044235684e-16,0.42146376808048025,26.630329528896137,-4.8250052395660079,-0.34455114136305182,0.47316572451017314,0.0042733135587272406,1.5069449979822722,26.154743404236392,-4.3313055506290379,-0.27631363175149926,0.30492575723681686,1,1.8307835762794629,1.7616246212198707,1,1,1
1786521347.7257245,6,1,0.99097259234428381,1.1322549148759391,0.1340646158479184,4,0,1,1,-0.45065906494594532,-0.6548436784581837,-1.8124395930677473,-2.0739486699401466,-0.82144623728999233,1.2988844680818794,0,-0.038103712565319879,-0.043089245050501913,-0.27135541097919391,0.3261962683161963,0,0,2.0707950086427696,26.042016779518448,-3.5774114630653115,-0.30347322856579484,0.24024963928125423,-1.6246600148105833e-16,0.40774786966621068,26.671673170178337,-4.7685668780978894,-0.41465844130750018,0.48362250565607745,-2.2204460492503131e-16,1.5881379555980939,26.168987782765484,-4.2757524743655804,-0.32278591670266021,0.30492575723681686,1,1.8307835762794629,1.7616246212198707,1,1,1
1786521347.7470043,6,1,0.99097259234428381,1.1322549148759391,0.1340646158479184,4,0,1,1,-0.45065906494594532,-0.65572505293934202,-1.8132198728992088,-2.0797855807475156,-0.81431597943838163,1.2988835188363423,0,-0.04237702612404734,-0.02955708544786495,-0.27064319205273929,0.33438678597042398,0,-0.43805279028981664,1.5929192374175152,25.945849804704867,-4.5006144212757144,-0.40463097142105975,0.24024963928125423,2.8381363557060391e-16,0.40194924068382676,26.709976608511731,-4.7098180686384064,-0.48487578835388379,0.49398040281906186,-2.2204460492503131e-16,1.6394177183028233,26.060730505944388,-4.2800257879243091,-0.35964324614668475,0.30492575723681686,1,1.8307835762794629,1.7616246212198707,1,1,1
1786521347.7679939,6,1,0.99097259234428381,1.1322549148759391,0.1340646158479184,4,0,1,1,-0.45065811570040826,-0.65659740958789825,-1.813753823513804,-2.0852323516391542,-0.80736797672988592,1.2988820949680369,0,-0.04273313558727463,-0.023503224573001046,-0.26316489332496623,0.34222119416142432,0,-0.11946894280631364,1.5929192374175152,25.772749250040416,-4.0390129421705128,-0.47417691963405439,0.37301917677878943,2.0757389405413884e-17,0.40001284449262364,26.744121901270383,-4.6527536608002702,-0.55057585117834607,0.50360897340972754,-2.2204460492503131e-16,1.643691031861551,26.012299618945477,-4.3248955802909474,-0.39489808300618634,0.30492575723681686,1,1.8307835762794629,1.7616246212198707,1,1,1
1786521347.7888131,6,1,0.99097259234428381,1.1322549148759391,0.1340646158479184,4,0,1,1,-0.45065953956871385,-0.65750821068070531,-1.8140965011526817,-2.0906938358366172,-0.80021778472199701,1.2988825695908053,-0.00035610946322728857,-0.045225901829865647,-0.011039393360045946,-0.26850653527337559,0.3525483685950157,-0.00035610946322728857,0.31858384748350305,1.7522111611592666,25.772749250040416,-4.1351799169840966,-0.50578871427632466,0.27186143392352452,1.6953601608520052e-15,0.40166940243586602,26.776125432235805,-4.5939436669767266,-0.61613634937704331,0.51314238369840859,0.0042733135587272406,1.6736042267726432,25.912588969241838,-4.2928457286004917,-0.44137036795734752,0.30581603089488507,1,1.8307835762794629,1.7616246212198707,1,1,1
1786521347.8098493,6,1,0.99097259234428381,1.1322549148759391,0.1340646158479184,4,0,1,1,-0.45065953956871385,-0.65852295415982032,-1.8142649922355096,-2.0964476876594937,-0.79238081356804657,1.2988820949680369,0,-0.047362558609229381,-0.0060538608748639056,-0.26779431634692102,0.36608052819765263,-0.00035610946322728857,0.31858384748350305,1.4336273136757636,25.945849804704867,-4.4044474464621306,-0.5753346624893193,0.27186143392352452,1.4615841496075019e-15,0.40715680417823918,26.808165213056327,-4.5297002307159158,-0.68548122758865537,0.52316702062205844,-2.2204460492503131e-16,1.6992441081250078,25.872704709360381,-4.2971190421592187,-0.50226508616921373,0.30581603089488507,1,1.8307835762794629,1.7616246212198707,1,1,1
1786521347.8309953,6,1,0.99097259234428381,1.1322549148759391,0.1340646158479184,4,0,1,1,-0.45065953956871385,-0.65955098707645399,-1.8143561198070672,-2.1020377946272282,-0.78480678342786125,1.2988820949680369,0,-0.051635872167956842,-0.0024927662425910197,-0.28061425702310339,0.36928551336669824,0,0.79645961870875759,2.3893788561262728,25.772749250040416,-3.9428459673569294,-0.5753346624893193,0.27186143392352452,9.2938318445225793e-16,0.41624267079150012,26.837097400715109,-4.4671626159196176,-0.7521443942072934,0.53274757835727582,-2.2204460492503131e-16,1.7505238708297375,25.844215952302196,-4.2201993981021246,-0.51668751942991886,0.30492575723681686,1,1.8307835762794629,1.7616246212198707,1,1,1
1786521347.8525555,6,1,0.99097259234428381,1.1322549148759391,0.1340646158479184,4,0,1,1,-0.45065953956871385,-0.66068486087046974,-1.8144168715214388,-2.1080854379438243,-0.77683644327595414,1.2988806710997312,-0.00035610946322728857,-0.053772528947320576,-0.0024927662425910197,-0.28381924219214899,0.36964162282992552,0.00035610946322728857,0.15929192374175152,1.9115030849010182,25.772749250040416,-4.3082804716485468,-0.50578871427632466,0.30979558749424885,-1.3850953804045441e-15,0.42956728948455236,26.865692637149717,-4.4005105807105478,-0.82293089124751007,0.5428591790203936,0.0042733135587272406,1.7761637521821023,25.844215952302196,-4.2009694870878507,-0.51829001201444169,0.30403548357874866,1,1.8307835762794629,1.7616246212198707,1,1,1
1786521347.8741229,6,1,0.99097259234428381,1.1322549148759391,0.1340646158479184,4,0,1,1,-0.45066001419148238,-0.66184531353952314,-1.8144472473786246,-2.1142859097918869,-0.76886135689636181,1.2988792472314257,-0.00035610946322728857,-0.054128638410547859,-0.00035610946322728857,-0.28524368004505812,0.37142217014606199,-0.00035610946322728857,0.31858384748350305,1.4336273136757636,26.042016779518448,-4.0390129421705128,-0.5753346624893193,0.37301917677878943,1.250852516725999e-15,0.44517368054441775,26.892967624128602,-4.3331070414747543,-0.89453256288047922,0.55304123632595137,0.0042733135587272406,1.7804370657408297,25.827122698067289,-4.1924228599703959,-0.52630247493705584,0.30581603089488507,1,1.8307835762794629,1.7616246212198707,1,1,1
1786521347.8954706,6,1,0.99097259234428381,1.1322549148759391,0.1340646158479184,4,0,1,1,-0.45066191268255645,-0.66304895688051257,-1.814452942851847,-2.1203767437804193,-0.76067174102539437,1.2988782979858886,0.00035610946322728857,-0.058045842506048037,-0.00035610946322728857,-0.27776538131728506,0.3767638120944713,0,-0.11946894280631364,1.9115030849010182,26.234350729145618,-4.4044474464621306,-0.53740050891859503,0.37301917677878943,4.2964390996758778e-16,0.46173358654356456,26.920848664940277,-4.2646893221250615,-0.9666223153174418,0.56332222701132517,-0.0042733135587276847,1.8274435148868318,25.827122698067289,-4.2372926523370342,-0.55033986370489762,0.30492575723681686,1,1.8307835762794629,1.7616246212198707,1,1,1
1786521347.916832,6,1,0.99097259234428381,1.1322549148759391,0.1340646158479184,4,0,1,1,-0.45066286192809352,-0.66437173053640286,-1.814459112947838,-2.1264732732421736,-0.75260884943362416,1.2988782979858886,0,-0.063387484454457368,-0.00071221892645457715,-0.28524368004505812,0.37498326477833488,0,-0.75663663777331969,1.9115030849010182,25.676582275226831,-4.3082804716485468,-0.60694645713158968,0.30979558749424885,1.6120392238964942e-16,0.4856265566916198,26.945767595167077,-4.1966660595807328,-1.0375299455015952,0.57335686479931514,-2.2204460492503131e-16,1.8915432182677439,25.829971573773108,-4.1924228599703959,-0.54232740078228381,0.30492575723681686,1,1.8307835762794629,1.7616246212198707,1,1,1
1786521347.9381771,6,1,0.99097259234428381,1.1322549148759391,0.1340646158479184,4,0,1,1,-0.45066238730532499,-0.66571586221687684,-1.8144937604099405,-2.1322968946120242,-0.74506519515062475,1.2988768741175829,0,-0.069085235866093983,-0.0021366567793637313,-0.28631200843474003,0.36358776195506165,0,-0.27876086654806514,1.9115030849010182,25.676582275226831,-4.4044474464621306,-0.43624276606333007,0.24024963928125423,8.3614857388208258e-16,0.51349065721501574,26.967460271422183,-4.1324282604241356,-1.104295401712944,0.58275480548797554,-2.2204460492503131e-16,1.9599162352073831,25.841367076596381,-4.1860128896323037,-0.49104763807755425,0.30492575723681686,1,1.8307835762794629,1.7616246212198707,1,1,1
1786521347.9593954,6,1,0.99097259234428381,1.1322549148759391,0.1340646158479184,4,0,1,1,-0.45066286192809352,-0.66728306659855952,-1.8145421719323305,-2.1385101812748371,-0.73719689889395135,1.2988768741175829,0,-0.075495206204185178,-0.0021366567793637313,-0.28880477467733101,0.36536830927119807,0,0.31858384748350305,2.3893788561262728,25.772749250040416,-4.3082804716485468,-0.5753346624893193,0.27186143392352452,1.9339795064889087e-16,0.55147308176667043,26.987211831996895,-4.0646460936399391,-1.1739532781792781,0.5924662345315802,-2.2204460492503131e-16,2.0368358792644776,25.841367076596381,-4.1710562921767584,-0.49906010100016818,0.30492575723681686,1,1.8307835762794629,1.7616246212198707,1,1,1
1786521347.9794037,6,1,0.99097259234428381,1.1322549148759391,0.1340646158479184,4,0,1,1,-0.45066333655086205,-0.66878762077479637,-1.8146000759100911,-2.1443627546335677,-0.7300096863101172,1.2988763994948145,0,-0.078344081910003485,-0.0021366567793637313,-0.27776538131728506,0.37391493638865297,0.00035610946322728857,-0.11946894280631364,2.0707950086427696,26.042016779518448,-4.2313468917976804,-0.5753346624893193,0.24024963928125423,-4.6467888673192015e-16,0.59025027182652412,27.003803424482903,-4.0020139568463566,-1.2384264221679138,0.60140321972362831,-2.2204460492503131e-16,2.0710223877342973,25.841367076596381,-4.2372926523370342,-0.53751992302871521,0.30403548357874866,1,1.8307835762794629,1.7616246212198707,1,1,1
1786521348.0010104,6,1,0.99097259234428381,1.1322549148759391,0.1340646158479184,4,0,1,1,-0.45066286192809352,-0.67050433132856568,-1.8146347233721936,-2.1503354075527366,-0.721946794718347,1.2988759248720458,0,-0.081549067079049076,-0.00035610946322728857,-0.27313595829533033,0.37569548370478945,0,0.15929192374175152,2.0707950086427696,25.772749250040416,-4.1351799169840966,-0.50578871427632466,0.34140738213651917,1.0257094652799115e-15,0.63462540180933136,27.022524920163157,-3.9336773123648898,-1.3073379062805772,0.61101548935825112,-2.2204460492503131e-16,2.1094822097628443,25.827122698067289,-4.265069190468763,-0.54553238595132936,0.30492575723681686,1,1.8307835762794629,1.7616246212198707,1,1,1
1786521348.0222309,6,1,0.99097259234428381,1.1322549148759391,0.1340646158479184,4,0,1,1,-0.45066286192809352,-0.6722666056681138,-1.8146351979949622,-2.1559525680182769,-0.71398784551288463,1.2988740263809717,0.00035610946322728857,-0.0840418333216401,0,-0.27099930151596657,0.36394387141828893,-0.00035610946322728857,-0.59734471403156819,2.0707950086427696,25.772749250040416,-4.4044474464621306,-0.47417691963405439,0.30979558749424885,-8.1613657347025248e-16,0.68209879620658054,27.039745820234018,-3.8670067192665911,-1.3734039781404006,0.6202292716124389,-0.0042733135587276847,2.1393954046739365,25.824273822361469,-4.2778891311449447,-0.49265013066207708,0.30581603089488507,1,1.8307835762794629,1.7616246212198707,1,1,1
1786521348.0431962,6,1,0.99097259234428381,1.1322549148759391,0.1340646158479184,4,0,1,1,-0.45066333655086205,-0.67402128604336542,-1.8146456396958699,-2.1618616214864623,-0.70655999918540613,1.2988735517582033,0,-0.086890709027458407,-0.0014244378529091543,-0.27206762990564848,0.36358776195506165,0,-0.27876086654806514,1.9115030849010182,26.042016779518448,-4.7698819507537484,-0.3350850232080651,0.30979558749424885,7.9870124728396996e-16,0.73352011625813596,27.052674939390478,-3.8023801698222401,-1.4383598027729714,0.62914061673541921,-2.2204460492503131e-16,2.1735819131437562,25.835669325184742,-4.2714791608068543,-0.49104763807755425,0.30492575723681686,1,1.8307835762794629,1.7616246212198707,1,1,1
1786521348.0644467,6,1,0.99097259234428381,1.1322549148759391,0.1340646158479184,4,0,1,1,-0.45066476041916764,-0.67588323116430449,-1.8146669977204537,-2.1675499753672822,-0.69851371939053453,1.2988740263809717,0.00035610946322728857,-0.086890709027458407,0,-0.27634094346437593,0.37284660799897112,0.00035610946322728857,0,2.5486707798680244,25.580415300413247,-4.2313468917976804,-0.50578871427632466,0.37301917677878943,8.3644503541362158e-16,0.78566471883440681,27.068698976096556,-3.7349243021102798,-1.5053343013993539,0.63845788322639851,-0.0042733135587276847,2.1735819131437562,25.824273822361469,-4.245839279454489,-0.53271244527514694,0.30403548357874866,1,1.8307835762794629,1.7616246212198707,1,1,1
1786521348.0858638,6,1,0.99097259234428381,1.1322549148759391,0.1340646158479184,4,0,1,1,-0.45066476041916764,-0.67784437244386619,-1.814671743948139,-2.1735216790409138,-0.69053388678325689,1.2988740263809717,0,-0.094725117218458763,-0.00035610946322728857,-0.27634094346437593,0.36857329444024367,0,-0.75663663777331969,2.3893788561262728,25.676582275226831,-4.3082804716485468,-0.47417691963405439,0.30979558749424885,3.8663665910369793e-16,0.84448427379741808,27.08159520009011,-3.6667473592563486,-1.5729849700082867,0.64775914894793507,-2.2204460492503131e-16,2.2675948114357602,25.827122698067289,-4.245839279454489,-0.51348253426087342,0.30492575723681686,1,1.8307835762794629,1.7616246212198707,1,1,1
1786521348.107336,6,1,0.99097259234428381,1.1322549148759391,0.1340646158479184,4,0,1,1,-0.45066476041916764,-0.6799678347102649,-1.8147111376379268,-2.179513791493592,-0.68266084429889828,1.2988726025126662,0,-0.099710649703640797,-0.0039172040955001743,-0.26850653527337559,0.36216332410215246,0,0.63716769496700609,2.5486707798680244,25.945849804704867,-3.6735784378788949,-0.43624276606333007,0.37301917677878943,1.3622593721465681e-15,0.91221415087415547,27.091399141354447,-3.5989676835027504,-1.6395145367864488,0.65681948096649689,-2.2204460492503131e-16,2.3274212012579447,25.855611455125469,-4.2922492497925804,-0.48463766773946293,0.30492575723681686,1,1.8307835762794629,1.7616246212198707,1,1,1
1786521348.1285291,6,1,0.99097259234428381,1.1322549148759391,0.1340646158479184,4,0,1,1,-0.45066523504193617,-0.68199352468634655,-1.8148354888032814,-2.1852496076512646,-0.6751527867235384,1.2988726025126662,0,-0.098998430777186217,-0.006409970338091194,-0.26245267439851167,0.3678610755137891,0,0.63716769496700609,2.2300869323845212,26.138183754332033,-3.8466789925433456,-0.53740050891859503,0.13909189642598929,3.4159483510050326e-16,0.97551372217252208,27.101921114381334,-3.5344957760640821,-1.7038808382699051,0.66562956824258257,-2.2204460492503131e-16,2.3188745741404899,25.8755535850662,-4.3291688938496753,-0.51027754909182776,0.30492575723681686,1,1.8307835762794629,1.7616246212198707,1,1,1
1786521348.1516201,6,1,0.99097259234428381,1.1322549148759391,0.1340646158479184,4,0,1,1,-0.45066570966470471,-0.68442596637505748,-1.8149384819440522,-2.1912725705838976,-0.66627449321543541,1.2988721278898976,0,-0.10576451057850471,-0.0017805473161364429,-0.26530155010432999,0.37320271746219841,0,0.79645961870875759,2.0707950086427696,25.21498079612163,-4.5006144212757144,-0.5753346624893193,0.30979558749424885,-1.0123297328450825e-15,1.0516983417939016,27.114224138304664,-3.4607790598874169,-1.7754601493364308,0.67550115628545915,-2.2204460492503131e-16,2.4115965529133212,25.838518200890562,-4.3120756396147639,-0.53431493785966966,0.30492575723681686,1,1.8307835762794629,1.7616246212198707,1,1,1
1786521348.1727514,6,1,0.99097259234428381,1.1322549148759391,0.1340646158479184,4,0,1,1,-0.45066570966470471,-0.68665669338714364,-1.8150172693236279,-2.1967359532724342,-0.65863401588765602,1.2988721278898976,-0.00035610946322728857,-0.1089694957475503,-0.0056977514116366172,-0.26815042581014831,0.37284660799897112,0.00035610946322728857,0.15929192374175152,2.7079627036097755,25.772749250040416,-4.0390129421705128,-0.50578871427632466,0.37301917677878943,2.661445282908792e-16,1.1253384960443116,27.121604406309437,-3.3962833213493662,-1.8378800039358583,0.68399767840414205,0.0042733135587272406,2.4564663452799596,25.869855833654562,-4.2949823853798543,-0.53271244527514694,0.30403548357874866,1,1.8307835762794629,1.7616246212198707,1,1,1
1786521348.1937969,6,1,0.99097259234428381,1.1322549148759391,0.1340646158479184,4,0,1,1,-0.45066570966470471,-0.68896051230558331,-1.8152037960716598,-2.2026530753276852,-0.65055213938514467,1.2988702293988235,0,-0.10576451057850471,-0.010683283896818658,-0.27206762990564848,0.37213438907251656,-0.00035610946322728857,-0.11946894280631364,2.0707950086427696,25.580415300413247,-4.3082804716485468,-0.5753346624893193,0.20863784463898394,3.101665246255797e-16,1.198877023255406,27.131562389257823,-3.3279935278735358,-1.9059512196580357,0.69333226131021319,-2.2204460492503131e-16,2.4115965529133212,25.909740093536019,-4.2714791608068543,-0.52950746010610139,0.30581603089488507,1,1.8307835762794629,1.7616246212198707,1,1,1
1786521348.2149546,6,1,0.99097259234428381,1.1322549148759391,0.1340646158479184,4,0,1,1,-0.45066570966470471,-0.69119408705428065,-1.8154159524491924,-2.2082037886056316,-0.64293444395025467,1.2988702293988235,0,-0.11324280930627777,-0.009971064970364079,-0.27242373936887576,0.37391493638865297,0,0,3.0265465510932787,25.772749250040416,-4.0390129421705128,-0.40463097142105975,0.107480101783719,-4.9245479113828317e-16,1.270876240239021,27.140361829661799,-3.2638096401998027,-1.9699824224479003,0.70210582288908319,-2.2204460492503131e-16,2.516292735102144,25.904042342124381,-4.2693425040274899,-0.53751992302871521,0.30492575723681686,1,1.8307835762794629,1.7616246212198707,1,1,1
1786521348.2361557,6,1,0.99097259234428381,1.1322549148759391,0.1340646158479184,4,0,1,1,-0.4506671335330103,-0.69375372764495746,-1.8156551623245309,-2.2139918132678424,-0.63472726703685167,1.298869754776055,0,-0.11965277964436896,-0.014600487992318832,-0.26993097312628472,0.38210545404288065,0.00035610946322728857,0.15929192374175152,2.8672546273515271,25.868916224853997,-4.2313468917976804,-0.40463097142105975,0.34140738213651917,-1.2197308321779815e-15,1.3560844107538532,27.147574499992359,-3.1952249599429985,-2.037153222147194,0.71127065140238432,-2.2204460492503131e-16,2.6060323198354212,25.941077726300019,-4.2842991014830369,-0.57437725247273985,0.30403548357874866,1,1.8307835762794629,1.7616246212198707,1,1,1
1786521348.2574301,6,1,0.99097259234428381,1.1322549148759391,0.1340646158479184,4,0,1,1,-0.4506671335330103,-0.6963124189900971,-1.8161568385908662,-2.2196132453382993,-0.62644320123494701,1.298869754776055,0,-0.11716001340177794,-0.028488757058183087,-0.25782325137655693,0.38637876760160811,0.00035610946322728857,-0.27876086654806514,2.2300869323845212,26.042016779518448,-4.5967813960892983,-0.60694645713158968,0.37301917677878943,-5.1981734346638608e-16,1.435976949378226,27.159796628323548,-3.1273245094912667,-2.1057702483676519,0.72081593944187661,-2.2204460492503131e-16,2.5711335924391463,26.052183878826934,-4.3569454319814023,-0.59360716348701337,0.30403548357874866,1,1.8307835762794629,1.7616246212198707,1,1,1
1786521348.2783101,6,1,0.99097259234428381,1.1322549148759391,0.1340646158479184,4,0,1,1,-0.45066665891024177,-0.69881747796239302,-1.8167804929087132,-2.224974109508834,-0.61859578838008888,1.2988692801532864,0.00035610946322728857,-0.12784329729859659,-0.033118180080137838,-0.26316489332496623,0.37533937424156216,0,-0.11946894280631364,2.7079627036097755,26.311284308996484,-4.1351799169840966,-0.63855825177385994,0.27186143392352452,-4.4543768630209146e-17,1.5135013850982926,27.172237233162896,-3.063145001047086,-2.1715686248342405,0.73000058389687417,-0.0042733135587276847,2.7206995669946075,26.089219263002573,-4.3248955802909474,-0.54392989336680653,0.30492575723681686,1,1.8307835762794629,1.7616246212198707,1,1,1
1786521348.2994604,6,1,0.99097259234428381,1.1322549148759391,0.1340646158479184,4,0,1,1,-0.4506671335330103,-0.70139562884104245,-1.8175498564164987,-2.2307583371888966,-0.61076973354981468,1.298868805530518,0,-0.12356998373986913,-0.036679274712410725,-0.26530155010432999,0.38780320545451724,0,-0.27876086654806514,2.5486707798680244,26.311284308996484,-4.0390129421705128,-0.5753346624893193,0.24024963928125423,9.2796863943034325e-16,1.5932766320850611,27.184836694952615,-2.9980006169483779,-2.240224444529801,0.73954575662283439,-2.2204460492503131e-16,2.660873177172423,26.117708020060753,-4.3120756396147639,-0.60001713382510447,0.30492575723681686,1,1.8307835762794629,1.7616246212198707,1,1,1
1786521348.3196294,6,1,0.99097259234428381,1.1322549148759391,0.1340646158479184,4,0,1,1,-0.45066760815577883,-0.70395669330002475,-1.8182902679354038,-2.2358880600711579,-0.60275335498936033,1.2988692801532864,0,-0.1274871878353693,-0.038103712565319879,-0.26458933117787542,0.39421317579260845,0,-0.59734471403156819,3.0265465510932787,26.042016779518448,-4.0390129421705128,-0.67649240534458421,0.37301917677878943,-6.2008571563056114e-16,1.6701890299508904,27.199477090387351,-2.9340345676137707,-2.3064252986948457,0.74890050454247747,-2.2204460492503131e-16,2.7157140345094257,26.12910352288403,-4.3163489531734927,-0.62886200034651485,0.30492575723681686,1,1.8307835762794629,1.7616246212198707,1,1,1
1786521348.3411229,6,1,0.99097259234428381,1.1322549148759391,0.1340646158479184,4,0,1,1,-0.45066760815577883,-0.70679161509644828,-1.8191075683428106,-2.2416324194386639,-0.59417075146605092,1.2988683309077493,0.00035610946322728857,-0.12962384461473303,-0.035610946322728855,-0.25675492298687508,0.39813037988810862,0,0.31858384748350305,2.7079627036097755,25.772749250040416,-4.7698819507537484,-0.67649240534458421,0.37301917677878943,-8.0481343703135699e-16,1.7574565992944482,27.213336996391703,-2.8648460204091188,-2.3784182678378549,0.75900006108197227,-0.0042733135587276847,2.7456272294205175,26.1091613929433,-4.3633554023194945,-0.64648941877626565,0.30492575723681686,1,1.8307835762794629,1.7616246212198707,1,1,1
# event,1786521348.6489241,HOLDING,控制器检测到关节速度超过硬上限；增强阻尼后仍未达到严格静止阈值；已切到驱动器当前位置保持，正在恢复 ROS 位置控制器
1786521348.4906683,10,1,0.99097259234428381,1.1322549148759391,0.1340646158479184,4,0,1,1,-0.45066950664685296,-0.7256972638352629,-1.8243915436248437,-2.279617428849575,-0.53467109195772178,1.2988678562849809,0,-0.12962384461473303,-0.05875806143250261,-0.2457155296268291,0.40560867861588168,-0.00035610946322728857,0,2.7079627036097755,25.945849804704867,-4.3082804716485468,-0.53740050891859503,0.27186143392352452,-1.9071793840377826e-16,2.3265427901617191,27.312484277069849,-2.3978691651198618,-2.8724512533459952,0.82888890082862554,-2.2204460492503131e-16,2.7456272294205175,26.294338313821491,-4.4295917624797694,-0.73687446326912887,0.30581603089488507,1,1.8307835762794629,1.7616246212198707,1,1,1
1786521348.5120938,10,1,0.99097259234428381,1.1322549148759391,0.1340646158479184,4,0,1,1,-0.45066950664685296,-0.72847238316285179,-1.8257503886111421,-2.2849431709352386,-0.52584026072647172,1.2988673816622123,-0.00035610946322728857,-0.12962384461473303,-0.063743593917684652,-0.25105717157523844,0.41023810163783642,0,0.63716769496700609,3.0265465510932787,26.50361825862365,-4.1351799169840966,-0.87880789105511414,0.27186143392352452,-6.3049405648642198e-16,2.3987197934356796,27.33730060391553,-2.3312806645388733,-2.9480448572586568,0.83993738340333624,0.0042733135587272406,2.7456272294205175,26.334222573702945,-4.3975419107893146,-0.97687446326912908,0.30492575723681686,1,1.8307835762794629,1.7616246212198707,1,1,1
1786521348.5334482,10,1,0.99097259234428381,1.1322549148759391,0.1340646158479184,4,0,1,1,-0.45066950664685296,-0.73130683033650679,-1.8272725038298145,-2.2904449980680264,-0.51690548710891382,1.2988673816622123,0,-0.13033606354118762,-0.076563534593867041,-0.25568659459719317,0.41664807197592763,0,-0.27876086654806514,2.8672546273515271,26.86905276291527,-4.5006144212757144,-1.1127351714079143,0.37301917677878943,1.161319440135325e-15,2.4706640682615264,27.364142395995678,-2.2639873890732445,-3.0258952098365501,0.85134446503897221,-2.2204460492503131e-16,2.7555982943908819,26.436782099112406,-4.3697653726575858,-1.2168744632691293,0.30492575723681686,1,1.8307835762794629,1.7616246212198707,1,1,1
1786521348.5544147,10,1,0.99097259234428381,1.1322549148759391,0.1340646158479184,4,0,1,1,-0.45066903202408443,-0.73398892360146406,-1.8289241910642955,-2.2956720186178359,-0.50847381362599664,1.2988683309077493,0,-0.13104828246764219,-0.0840418333216401,-0.26031601761914797,0.40133536505715423,0,0.31858384748350305,3.0265465510932787,26.234350729145618,-4.1351799169840966,-1.2518270678339036,0.30979558749424885,-3.4657538883035854e-16,2.5351153303282512,27.392875729303668,-2.200875912893447,-3.1007982654520223,0.86240230905776394,-2.2204460492503131e-16,2.7655693593612458,26.496608488934591,-4.341988834525857,-1.4568744632691295,0.30492575723681686,1,1.8307835762794629,1.7616246212198707,1,1,1
1786521348.5631428,0,0,0.99097259234428381,1.1322549148759391,0.1340646158479184,4,0,1,0,-0.45066191268255645,-0.73229974116826946,-1.8279758947727747,-2.2934227813177772,-0.50954551183733499,1.2987406573830151,0.0039172040955001743,0.33545511436010583,0.10540840111527741,0.73465382263789636,-0.59505891305279923,-0.038103712565319879,-3.1460154938995926,-76.579592338847036,39.466926463494723,19.233394962716726,-58.854839264978828,4.8492492981242625,8.331382187875408e-16,2.4669209972034309,27.402280816293008,-2.2140343584118547,-3.0863075721869651,0.86098532183914567,0,0,0,0,0,0,1,1.8307835762794629,1.7616246212198707,1,1,1
# event,1786521348.8497946,HOLDING,驱动器当前位置保持中；等待编码器确认静止
# event,1786521349.4077148,READY,已从驱动器临时保持恢复 ROS 位置控制器
# event,1786521349.4564495,READY,位置控制在线；按下 FREE 即进入零力拖拽，松开退出
# event,1786521350.4536521,ENTERING,实体 FREE (DI bit 5) 请求切换到零力拖拽
