# source,软件服务
stamp,status,handoff_progress,model_alignment,model_scale_estimate,model_normalized_residual,model_excited_joints,model_direction_mismatches,model_validation_passed,settling,position_elfin_joint1,position_elfin_joint2,position_elfin_joint3,position_elfin_joint4,position_elfin_joint5,position_elfin_joint6,velocity_elfin_joint1,velocity_elfin_joint2,velocity_elfin_joint3,velocity_elfin_joint4,velocity_elfin_joint5,velocity_elfin_joint6,measured_effort_elfin_joint1,measured_effort_elfin_joint2,measured_effort_elfin_joint3,measured_effort_elfin_joint4,measured_effort_elfin_joint5,measured_effort_elfin_joint6,gravity_effort_elfin_joint1,gravity_effort_elfin_joint2,gravity_effort_elfin_joint3,gravity_effort_elfin_joint4,gravity_effort_elfin_joint5,gravity_effort_elfin_joint6,commanded_effort_elfin_joint1,commanded_effort_elfin_joint2,commanded_effort_elfin_joint3,commanded_effort_elfin_joint4,commanded_effort_elfin_joint5,commanded_effort_elfin_joint6,effective_scale_elfin_joint1,effective_scale_elfin_joint2,effective_scale_elfin_joint3,effective_scale_elfin_joint4,effective_scale_elfin_joint5,effective_scale_elfin_joint6
# event,1784884778.6344216,ACTIVE,零力拖拽 ACTIVE；末端灯环应由固件进入蓝色零力示教状态
1784884778.6404941,1,0.0011839999999999999,0.99997520980452159,1.0522955776526575,0.0070412908193591538,2,0,1,0,0.13800891014178071,0.53389271061733423,-0.68173817763687794,0.034648411348152101,-0.33795704082212946,-0.0025425541710097093,-0.00035610946322728857,0,0,0.00035610946322728857,0,-0.00035610946322728857,0.31858384748350305,-42.371651715305902,17.944757500214706,1.7502389416072222,1.6627803981834175,0,6.0160826581090579e-17,-39.689088682047959,17.423803652411568,0.80239900857656721,0.61206966318648603,0.00095411188045602168,0.63684061977203787,-41.891165594362398,18.040193803974311,2.0371514001605973,1.6615363566731811,6.5229371847371872e-05,1,1.8307835762794629,1.7616246212198707,1,1,1
1784884778.6604941,1,0.0020954074074074078,0.99997520980452159,1.0522955776526575,0.0070412908193591538,2,0,1,0,0.13800938476454924,0.53389271061733423,-0.68173817763687794,0.03464793672538357,-0.33795704082212946,-0.0025425541710097093,0.00035610946322728857,0,0,-0.00035610946322728857,0,-0.00035610946322728857,0,-41.893775944080645,17.944757500214706,2.6734418998176253,1.732326346396412,-0.031611794642270291,-1.7860016367505371e-16,-39.689088940647373,17.423803901241314,0.80239893112302274,0.61206967209379348,0.00095411187359292077,0.63540523770333879,-41.889156226602637,18.039631356006716,2.0362738664069795,1.6605787311449269,6.6098956468333913e-05,1,1.8307835762794629,1.7616246212198707,1,1,1
1784884778.6804943,1,0.0032592592592592591,0.99997520980452159,1.0522955776526575,0.0070412908193591538,2,0,1,0,0.13800938476454924,0.53389271061733423,-0.68173817763687794,0.034648885970920626,-0.33795704082212946,-0.0025420795482411804,0.00035610946322728857,0,0,0.00035610946322728857,0,0.00035610946322728857,0.31858384748350305,-41.893775944080645,17.848590525401125,2.038739866047973,1.5616226553281525,0,3.6292000679344153e-16,-39.689088423433944,17.423803403567771,0.80239908603679377,0.61206965427118654,0.00095411189472833201,0.6346636689016113,-41.886590295865204,18.038913117462048,2.0345856726009925,1.6593558594625184,-6.0990005353649229e-05,1,1.8307835762794629,1.7616246212198707,1,1,1
1784884778.7004943,1,0.0046719999999999999,0.99997520980452159,1.0522955776526575,0.0070412908193591538,2,0,1,0,0.13800938476454924,0.53389318524010276,-0.68173817763687794,0.034648885970920626,-0.33795704082212946,-0.0025425541710097093,0,0,0,0,0,0,-0.11946894280631364,-42.053067867822399,18.310192004506327,1.5771383869427718,1.631168603541147,-0.10115774285526494,1.3437900607118205e-16,-39.689108286542023,17.423806350077427,0.8023992272805367,0.61206965919594714,0.00095411189528151331,0.6341908474961202,-41.883475736784625,18.038041299148521,2.0329636825836515,1.6578714776108681,4.4576107747552305e-06,1,1.8307835762794629,1.7616246212198707,1,1,1
1784884778.7204943,1,0.0063300740740740748,0.99997520980452159,1.0522955776526575,0.0070412908193591538,2,0,1,0,0.13800938476454924,0.53389318524010276,-0.68173865225964647,0.034649360593689157,-0.33795704082212946,-0.0025425541710097093,0,0.00035610946322728857,0,0,0,-0.00035610946322728857,1.1150434661922606,-41.575192096597142,17.771656945550255,2.1349068408615568,1.6943921928256878,0.13909189642598929,1.681858636672555e-16,-39.689111090110082,17.423809047739944,0.80239944598364965,0.6120696552052054,0.00095411191010655598,0.63313437626025793,-41.880247583602376,18.037018088661302,2.0309137396081938,1.65612932134994,7.0139302446842744e-05,1,1.8307835762794629,1.7616246212198707,1,1,1
1784884778.7404943,1,0.0082299259259259287,0.99997520980452159,1.0522955776526575,0.0070412908193591538,2,0,1,0,0.13800938476454924,0.53389271061733423,-0.68173817763687794,0.034649360593689157,-0.33795704082212946,-0.0025425541710097093,0,0,0.00035610946322728857,0.00035610946322728857,0,-0.00035610946322728857,0.63716769496700609,-42.053067867822399,17.675489970736674,2.038739866047973,1.732326346396412,-0.063223589284540582,7.3338098637538766e-17,-39.689088164849046,17.423803154752001,0.8023991634831138,0.61206964537150466,0.00095411189418165222,0.63192385203503465,-41.875631526967773,18.035560724704524,2.0284402353345277,1.6541331265182015,7.1951973595071821e-05,1,1.8307835762794629,1.7616246212198707,1,1,1
1784884778.7604942,1,0.010368000000000002,0.99997520980452159,1.0522955776526575,0.0070412908193591538,2,0,1,0,0.13800938476454924,0.53389271061733423,-0.68173865225964647,0.034649360593689157,-0.33795751544489799,-0.0025420795482411804,0,0,-0.00035610946322728857,-0.00035610946322728857,-0.00035610946322728857,0.00035610946322728857,0.79645961870875759,-42.053067867822399,18.040924475028291,1.7502389416072222,1.5932344499704227,-0.10115774285526494,-1.8345516610606592e-17,-39.689091236007314,17.423806109895516,0.80239931364768691,0.61206965530889579,0.00095411191742275202,0.6305615403055882,-41.870917773027337,18.034811079389176,2.0260461255128162,1.6519507289046753,-5.4207471021072844e-05,1,1.8307835762794629,1.7616246212198707,1,1,1
1784884778.7804942,1,0.012740740740740742,0.99997520980452159,1.0522955776526575,0.0070412908193591538,2,0,1,0,0.13800938476454924,0.53389271061733423,-0.68173817763687794,0.034650309839226213,-0.33795704082212946,-0.0025420795482411804,0,-0.00035610946322728857,0,0.00035610946322728857,0,0.00035610946322728857,0.95575154245050908,-42.053067867822399,17.944757500214706,2.038739866047973,1.732326346396412,-0.031611794642270291,1.4213007583313216e-16,-39.689087647635468,17.423802657078316,0.8023993183957997,0.61206962754816585,0.00095411191531531768,0.62904970655705605,-41.865259250725622,18.033061885940334,2.022863333350942,1.6493935646612499,-5.1943610830227891e-05,1,1.8307835762794629,1.7616246212198707,1,1,1
1784884778.8004942,1,0.015344592592592595,0.99997520980452159,1.0522955776526575,0.0070412908193591538,2,0,1,0,0.13800938476454924,0.53389271061733423,-0.68173817763687794,0.034650309839226213,-0.33795704082212946,-0.0025420795482411804,0,-0.00035610946322728857,0,-0.00035610946322728857,0,0,0.79645961870875759,-42.053067867822399,17.675489970736674,2.3080073955260074,1.5932344499704227,-0.063223589284540582,1.4213007583313216e-16,-39.689087647635468,17.423802657078316,0.8023993183957997,0.61206962754816585,0.00095411191531531768,0.62739061627457604,-41.859518569022164,18.031454992151847,2.0198933623506767,1.6466576694753705,1.4640458628251757e-05,1,1.8307835762794629,1.7616246212198707,1,1,1
1784884778.8204942,1,0.018176000000000001,0.99997520980452159,1.0522955776526575,0.0070412908193591538,2,0,1,0,0.13800985938731775,0.53389318524010276,-0.68173865225964647,0.034650784461994745,-0.33795704082212946,-0.0025420795482411804,0.00035610946322728857,0,0,0,0,0.00035610946322728857,0.79645961870875759,-42.212359791564147,18.040924475028291,2.1349068408615568,1.8018722946094068,0,5.1712169771495152e-17,-39.689110314298951,17.423808301238299,0.80239967834905757,0.61206962847394009,0.00095411193810217222,0.62515920358741306,-41.853703941593736,18.029707771453484,2.0162681467963575,1.643682679233178,-4.6757764793966858e-05,1,1.8307835762794629,1.7616246212198707,1,1,1
1784884778.840647,1,0.021255584295928279,0.99997520980452159,1.0522955776526575,0.0070412908193591538,2,0,1,0,0.13800938476454924,0.53389271061733423,-0.68173865225964647,0.034650309839226213,-0.33795751544489799,-0.0025420795482411804,0,0,-0.00035610946322728857,-0.00035610946322728857,-0.00035610946322728857,0,0.31858384748350305,-41.415900172855395,18.137091449841876,1.7502389416072222,1.5300108606858822,0,1.3282101395232238e-16,-39.689090718808963,17.423805612236482,0.80239946855378141,0.61206963749342647,0.00095411193114722584,0.6236243233159926,-41.846914071428891,18.028092140590196,2.0125853668227029,1.6405110267423135,2.0280206580250778e-05,1,1.8307835762794629,1.7616246212198707,1,1,1
1784884778.860647,1,0.024533105312712286,0.99997520980452159,1.0522955776526575,0.0070412908193591538,2,0,1,0,0.13800938476454924,0.53389271061733423,-0.68173817763687794,0.034650784461994745,-0.33795704082212946,-0.0025420795482411804,0,0,0,0,0,0.00035610946322728857,0.47787577122525454,-42.530943639047656,18.040924475028291,2.2118404207124236,1.6627803981834175,-0.10115774285526494,-1.7679206629038291e-17,-39.689087389035926,17.423802408248445,0.80239939584844022,0.61206961864024823,0.00095411192217726576,0.62153599280452243,-41.839688087578004,18.025784554373182,2.0084085950901995,1.6370031999756829,-4.0692375114022732e-05,1,1.8307835762794629,1.7616246212198707,1,1,1
1784884778.8806469,1,0.028027488075807405,0.99997520980452159,1.0522955776526575,0.0070412908193591538,2,0,1,0,0.13800938476454924,0.53389271061733423,-0.68173865225964647,0.034650784461994745,-0.33795704082212946,-0.0025420795482411804,0,0,0,0,0,0,1.1150434661922606,-42.530943639047656,17.848590525401125,2.2118404207124236,1.732326346396412,-0.20231548571052987,-2.9395931105367591e-17,-39.689090451208251,17.423805354745358,0.80239953709857814,0.61206962355719319,0.00095411193013980318,0.6193094849940286,-41.831984147718259,18.023628176243207,2.004088352220704,1.6333316144764587,2.6741360744978923e-05,1,1.8307835762794629,1.7616246212198707,1,1,1
1784884778.9006469,1,0.031735177029658064,0.99997520980452159,1.0522955776526575,0.0070412908193591538,2,0,1,0,0.13800938476454924,0.53389271061733423,-0.68173817763687794,0.03465125908476327,-0.33795704082212946,-0.0025420795482411804,0,0,0,0,0,0.00035610946322728857,1.4336273136757636,-41.734484020338897,17.771656945550255,2.038739866047973,1.5932344499704227,0,-3.3572192496352241e-17,-39.689087130436356,17.423802159418553,0.8023994733009,0.6120696097322087,0.00095411192903902377,0.61694706536964894,-41.823809754284333,18.021339989093462,1.9995043848152276,1.6294359053049468,-3.3820792406749969e-05,1,1.8307835762794629,1.7616246212198707,1,1,1
1784884778.9206469,1,0.035652616618708735,0.99997520980452159,1.0522955776526575,0.0070412908193591538,2,0,1,0,0.13800938476454924,0.53389271061733423,-0.68173865225964647,0.034650784461994745,-0.33795704082212946,-0.0025420795482411804,0,0.00035610946322728857,0,0,0,0,0.47787577122525454,-42.371651715305902,17.310055466445053,1.7502389416072222,1.6943921928256878,0.037934153570724355,-2.9395931105367591e-17,-39.689090451208251,17.423805354745358,0.80239953709857814,0.61206962355719319,0.00095411193013980318,0.61445099941652104,-41.815600468794308,18.01892256362477,1.994661098289692,1.6253198097585222,3.4016586856610617e-05,1,1.8307835762794629,1.7616246212198707,1,1,1
1784884778.9406469,1,0.039776251287403849,0.99997520980452159,1.0522955776526575,0.0070412908193591538,2,0,1,0,0.13800938476454924,0.53389318524010276,-0.68173817763687794,0.03465125908476327,-0.33795704082212946,-0.0025420795482411804,0,0.00035610946322728857,-0.00035610946322728857,0,0,0.00035610946322728857,0.15929192374175152,-42.212359791564147,18.040924475028291,1.9425728912343896,1.5616226553281525,0.037934153570724355,2.7742240580849747e-16,-39.68910699353151,17.423805105915779,0.80239961455157371,0.61206961464909193,0.00095411193700160879,0.61182355261978261,-41.806509809253939,18.016662667498732,1.9895628855277201,1.6209870620271711,-2.6148707218424317e-05,1,1.8307835762794629,1.7616246212198707,1,1,1
1784884778.9606469,1,0.044102525480187851,0.99997520980452159,1.0522955776526575,0.0070412908193591538,2,0,1,0,0.13800938476454924,0.53389318524010276,-0.68173817763687794,0.034650784461994745,-0.33795704082212946,-0.0025420795482411804,0,0,0.00035610946322728857,-0.00035610946322728857,0,0.00035610946322728857,-0.11946894280631364,-41.734484020338897,17.944757500214706,1.7502389416072222,1.732326346396412,0.13909189642598929,7.6785196987091897e-17,-39.689107252130746,17.423805354745355,0.80239953709910039,0.61206962355713301,0.00095411193013984947,0.60906699046457113,-41.796544486918549,18.013423075731119,1.9843387735004512,1.6164413994731539,-2.2020957670968019e-05,1,1.8307835762794629,1.7616246212198707,1,1,1
1784884778.9806468,1,0.048627883641505179,0.99997520980452159,1.0522955776526575,0.0070412908193591538,2,0,1,0,0.13800938476454924,0.53389318524010276,-0.68173865225964647,0.03465125908476327,-0.33795751544489799,-0.0025425541710097093,0,-0.00035610946322728857,0,0,0,0,0.95575154245050908,-41.734484020338897,18.040924475028291,1.7502389416072222,1.8018722946094068,-0.031611794642270291,-1.0010703436203158e-16,-39.689110064715855,17.423808061084387,0.80239976470278551,0.61206962460194558,0.00095411194542470662,0.60618357843602444,-41.786140376874627,18.010915409857763,1.9786192634584325,1.6116865569448218,4.639644466308277e-05,1,1.8307835762794629,1.7616246212198707,1,1,1
1784884779.0006468,1,0.053348770215800298,0.99997520980452159,1.0522955776526575,0.0070412908193591538,2,0,1,0,0.13800938476454924,0.53389318524010276,-0.68173865225964647,0.034650784461994745,-0.33795751544489799,-0.0025420795482411804,0,0.00035610946322728857,0,0,0,0,1.4336273136757636,-42.212359791564147,18.040924475028291,2.2118404207124236,1.631168603541147,-0.063223589284540582,1.8255160273253155e-16,-39.689110323300199,17.423808309899623,0.80239968725703847,0.61206963350211785,0.00095411194597133165,0.60317558201928012,-41.776587075830825,18.008002086538387,1.972782637941094,1.6067262710351671,5.090069896577464e-05,1,1.8307835762794629,1.7616246212198707,1,1,1
1784884779.0206468,1,0.058261629647517646,0.99997520980452159,1.0522955776526575,0.0070412908193591538,2,0,1,0,0.13800938476454924,0.53389318524010276,-0.68173865225964647,0.034650784461994745,-0.33795704082212946,-0.0025425541710097093,0,0,0,0,0,-0.00035610946322728857,0.15929192374175152,-42.212359791564147,17.579322995923089,2.6734418998176253,1.5300108606858822,0.037934153570724355,1.2234679530823783e-16,-39.689110314313524,17.423808301252325,0.80239967834219561,0.61206962848180935,0.00095411193069358296,0.60004526669947589,-41.76532853166254,18.004970281062263,1.9667086719135165,1.6015642764524043,0.00011968781932925949,1,1.8307835762794629,1.7616246212198707,1,1,1
1784884779.0409923,1,0.063452604946948488,0.99997520980452159,1.0522955776526575,0.0070412908193591538,2,0,1,0,0.13800938476454924,0.53389318524010276,-0.68173865225964647,0.03465125908476327,-0.33795751544489799,-0.0025420795482411804,0,0,-0.00035610946322728857,0.00035610946322728857,0,0,0.63716769496700609,-42.530943639047656,18.310192004506327,2.1349068408615568,1.5616226553281525,-0.063223589284540582,-1.7076826227194594e-16,-39.689110064701282,17.423808061070361,0.80239976470964736,0.61206962459407643,0.00095411195283309411,0.59673774493330689,-41.75388415099637,18.002051718577725,1.9601662277055523,1.5961100625533504,6.0540888818279867e-05,1,1.8307835762794629,1.7616246212198707,1,1,1
1784884779.0609922,1,0.068741903539652649,0.99997520980452159,1.0522955776526575,0.0070412908193591538,2,0,1,0,0.13800938476454924,0.53389318524010276,-0.68173865225964647,0.034650784461994745,-0.33795751544489799,-0.0025425541710097093,0,0,0,0,-0.00035610946322728857,-0.00035610946322728857,0.31858384748350305,-41.25660824911364,18.310192004506327,2.038739866047973,1.5300108606858822,-0.031611794642270291,-1.909029815807884e-16,-39.689110323314772,17.42380830991365,0.80239968725017652,0.61206963350998689,0.00095411193856274239,0.59336757474100132,-41.742223032640766,17.998502735133219,1.9537514887348579,1.5906166398535428,0.00012968717422762296,1,1.8307835762794629,1.7616246212198707,1,1,1
1784884779.0809922,1,0.074212446942312382,0.99997520980452159,1.0522955776526575,0.0070412908193591538,2,0,1,0,0.13800938476454924,0.53389318524010276,-0.68173865225964647,0.03465125908476327,-0.33795751544489799,-0.0025420795482411804,0,0,0,0.00035610946322728857,0,0,0.63716769496700609,-41.893775944080645,18.040924475028291,2.038739866047973,1.5300108606858822,0.037934153570724355,-1.7076826227194594e-16,-39.689110064701282,17.423808061070361,0.80239976470964736,0.61206962459407643,0.00095411195283309411,0.58988192121091165,-41.73016229448168,17.995126755900209,1.9468634035626198,1.5848045806467026,7.0806982676652045e-05,1,1.8307835762794629,1.7616246212198707,1,1,1
1784884779.1009922,1,0.079860679599372125,0.99997520980452159,1.0522955776526575,0.0070412908193591538,2,0,1,0,0.13800938476454924,0.53389318524010276,-0.68173817763687794,0.03465125908476327,-0.33795751544489799,-0.0025425541710097093,0,0,0.00035610946322728857,0,-0.00035610946322728857,0,0.31858384748350305,-41.893775944080645,18.310192004506327,2.038739866047973,1.5300108606858822,-0.063223589284540582,1.5083743724801253e-16,-39.689107002547587,17.423805114591371,0.80239962345281335,0.61206961968527818,0.00095411193746259507,0.58628304982817558,-41.71770958411819,17.991356015939285,1.9400048940582708,1.5789340210535516,7.6196027739636475e-05,1,1.8307835762794629,1.7616246212198707,1,1,1
1784884779.1209922,1,0.085683045955276302,0.99997520980452159,1.0522955776526575,0.0070412908193591538,2,0,1,0,0.13800985938731775,0.53389318524010276,-0.68173865225964647,0.034650784461994745,-0.33795751544489799,-0.0025425541710097093,0.00035610946322728857,0,0,0,0,0,0.47787577122525454,-42.053067867822399,17.771656945550255,2.4041743703395908,1.6627803981834175,0,-1.909029815807884e-16,-39.689110323314772,17.42380830991365,0.80239968725017652,0.61206963350998689,0.00095411193856274239,0.58214589472205791,-41.704873478380541,17.98804808229303,1.9328064736916868,1.5727522994482004,8.1751217078349217e-05,1,1.8307835762794629,1.7616246212198707,1,1,1
1784884779.1444705,1,0.092735437929957379,0.99997520980452159,1.0522955776526575,0.0070412908193591538,2,0,1,0,0.13800938476454924,0.53389318524010276,-0.68173865225964647,0.034650784461994745,-0.33795751544489799,-0.0025425541710097093,0,0,0,0,0,0,0,-41.415900172855395,17.848590525401125,1.846405916420806,1.5300108606858822,-0.031611794642270291,-1.909029815807884e-16,-39.689110323314772,17.42380830991365,0.80239968725017652,0.61206963350998689,0.00095411193856274239,0.57807966973941927,-41.6893253122498,17.983695937202729,1.9240873181367575,1.5653422752837065,8.847998845681651e-05,1,1.8307835762794629,1.7616246212198707,1,1,1
1784884779.1644707,1,0.098924090734951689,0.99997520980452159,1.0522955776526575,0.0070412908193591538,2,0,1,0,0.13800938476454924,0.53389318524010276,-0.68173865225964647,0.034650784461994745,-0.33795751544489799,-0.0025425541710097093,0,0,0,0,0,0,0.63716769496700609,-41.734484020338897,17.944757500214706,1.7502389416072222,1.4604649124728875,0.069545948212994646,-1.909029815807884e-16,-39.689110323314772,17.42380830991365,0.80239968725017652,0.61206963350998689,0.00095411193856274239,0.57413646009670993,-41.675681402171776,17.979876819516484,1.9164360380213135,1.5588397911626726,9.4384655981681378e-05,1,1.8307835762794629,1.7616246212198707,1,1,1
1784884779.1844707,1,0.1052755921874127,0.99997520980452159,1.0522955776526575,0.0070412908193591538,2,0,1,0,0.13800938476454924,0.53389318524010276,-0.68173865225964647,0.034650784461994745,-0.33795751544489799,-0.0025420795482411804,0,0,0,0,0,0,0,-41.415900172855395,17.675489970736674,1.7502389416072222,1.5616226553281525,-0.063223589284540582,1.8255160273253155e-16,-39.689110323300199,17.423808309899623,0.80239968725703847,0.61206963350211785,0.00095411194597133165,0.57008948855666586,-41.661678465277753,17.975957205295945,1.9085834215806656,1.5521662002139045,0.00010044470012521665,1,1.8307835762794629,1.7616246212198707,1,1,1
1784884779.2044706,1,0.1117863867317848,0.99997520980452159,1.0522955776526575,0.0070412908193591538,2,0,1,0,0.13800938476454924,0.53389318524010276,-0.68173865225964647,0.034650784461994745,-0.33795751544489799,-0.0025420795482411804,0,0,0,0,0,0.00035610946322728857,0,-41.575192096597142,17.675489970736674,1.5771383869427718,1.3593071696176227,0,1.8255160273253155e-16,-39.689110323300199,17.423808309899623,0.80239968725703847,0.61206963350211785,0.00095411194597133165,0.56594102060442453,-41.647324340381815,17.971939288734781,1.9005338646896055,1.5453252382995044,4.2557023596855107e-05,1,1.8307835762794629,1.7616246212198707,1,1,1
1784884779.2244706,1,0.11845291881251245,0.99997520980452159,1.0522955776526575,0.0070412908193591538,2,0,1,0,0.13800938476454924,0.53389318524010276,-0.68173865225964647,0.034650784461994745,-0.33795751544489799,-0.0025425541710097093,0,0,0,0,0,-0.00035610946322728857,-0.11946894280631364,-41.893775944080645,17.944757500214706,2.2118404207124236,1.5616226553281525,0.037934153570724355,-1.909029815807884e-16,-39.689110323314772,17.42380830991365,0.80239968725017652,0.61206963350998689,0.00095411193856274239,0.56169332172512365,-41.632626866295325,17.967825264024079,1.8922917632241905,1.5383206412801227,0.00017711704737753334,1,1.8307835762794629,1.7616246212198707,1,1,1
1784884779.2524052,1,0.12801816898599813,0.99997520980452159,1.0522955776526575,0.0070412908193591538,2,0,1,0,0.13800938476454924,0.53389318524010276,-0.68173865225964647,0.034650309839226213,-0.33795799006766652,-0.0025425541710097093,0,0,0,-0.00035610946322728857,-0.00035610946322728857,0,0,-42.053067867822399,17.944757500214706,1.5771383869427718,1.3909189642598929,0.107480101783719,3.3701243948753996e-16,-39.689110590914645,17.42380856740396,0.80239961870524412,0.61206964744594394,0.00095411193956953036,0.55559865332030101,-41.611538722341464,17.96192242648209,1.8805904896515904,1.5283344314434837,0.00012214366351137059,1,1.8307835762794629,1.7616246212198707,1,1,1
1784884779.2724051,1,0.13504348831305246,0.99997520980452159,1.0522955776526575,0.0070412908193591538,2,0,1,0,0.13800938476454924,0.53389318524010276,-0.68173865225964647,0.034650309839226213,-0.33795799006766652,-0.0025425541710097093,0,0,0,0,0,-0.00035610946322728857,1.2743353899340122,-41.137139306307326,17.848590525401125,1.9425728912343896,1.4920767071151577,0,3.3701243948753996e-16,-39.689110590914645,17.42380856740396,0.80239961870524412,0.61206964744594394,0.00095411193956953036,0.55112234679827465,-41.596050244226177,17.957586990169226,1.8717801663049887,1.5208887531958029,0.00019294630794151364,1,1.8307835762794629,1.7616246212198707,1,1,1
1784884779.2924051,1,0.14221246792917344,0.99997520980452159,1.0522955776526575,0.0070412908193591538,2,0,1,0,0.13800938476454924,0.53389318524010276,-0.681739126882415,0.034650309839226213,-0.33795799006766652,-0.0025425541710097093,0,0,0,0,0,0,0.47787577122525454,-42.530943639047656,18.310192004506327,1.846405916420806,1.4288531178306172,0.037934153570724355,-1.4218563184525915e-16,-39.689113653077854,17.423811513892115,0.80239975995500967,0.61206965236233857,0.00095411194753120974,0.54655450458100541,-41.580245478726752,17.953163317834036,1.8629168883606766,1.5133562299404995,0.00013568661473912339,1,1.8307835762794629,1.7616246212198707,1,1,1
1784884779.3124051,1,0.14952155227880556,0.99997520980452159,1.0522955776526575,0.0070412908193591538,2,0,1,0,0.13800938476454924,0.53389318524010276,-0.68173865225964647,0.034650309839226213,-0.33795799006766652,-0.0025425541710097093,0,0,0,0,0.00035610946322728857,0,0.47787577122525454,-41.734484020338897,17.944757500214706,2.4041743703395908,1.631168603541147,0.069545948212994646,3.3701243948753996e-16,-39.689110590914645,17.42380856740396,0.80239961870524412,0.61206964744594394,0.00095411193956953036,0.54189739215363086,-41.564130958219963,17.948652346584357,1.8538803531205257,1.5056123960337404,0.0001426602982521781,1,1.8307835762794629,1.7616246212198707,1,1,1
1784884779.3324051,1,0.15696718580639321,0.99997520980452159,1.0522955776526575,0.0070412908193591538,2,0,1,0,0.13800938476454924,0.53389365986287129,-0.68173865225964647,0.034650309839226213,-0.33795846469043506,-0.0025420795482411804,0,0,0,0,0,0.00035610946322728857,0.31858384748350305,-42.690235562789404,17.771656945550255,1.7502389416072222,1.5300108606858822,-0.10115774285526494,-9.3335547577576993e-17,-39.689130462981588,17.423811522538703,0.80239976887025199,0.61206965738217256,0.00095411196280855803,0.53715327500128873,-41.547718947211742,17.944057991551325,1.8446750402943835,1.4978532901032955,8.5664566365361509e-05,1,1.8307835762794629,1.7616246212198707,1,1,1
1784884779.352576,1,0.16461113666745228,0.99997520980452159,1.0522955776526575,0.0070412908193591538,2,0,1,0,0.13800938476454924,0.53389365986287129,-0.68173865225964647,0.034650309839226213,-0.33795799006766652,-0.0025420795482411804,0,0,0.00035610946322728857,0,0.00035610946322728857,0.00035610946322728857,0.15929192374175152,-41.415900172855395,18.137091449841876,2.038739866047973,1.4920767071151577,0.17070369106825958,3.0435693047952314e-16,-39.689130453981079,17.423811513878103,0.80239975996239443,0.61206965235440991,0.00095411195494004457,0.53228279645070675,-41.53086674400658,17.939055921470558,1.8352245158776674,1.4897576083004171,9.2957750029773814e-05,1,1.8307835762794629,1.7616246212198707,1,1,1
1784884779.372576,1,0.17232029263717238,0.99997520980452159,1.0522955776526575,0.0070412908193591538,2,0,1,0,0.13800938476454924,0.53389365986287129,-0.681739126882415,0.034650309839226213,-0.33795846469043506,-0.0025425541710097093,0,0,-0.00035610946322728857,0,0,0.00071221892645457715,0.79645961870875759,-41.575192096597142,17.771656945550255,2.038739866047973,1.3909189642598929,-0.063223589284540582,1.6080602594145515e-16,-39.689133525154979,17.423814469036664,0.80239991011297629,0.61206966230615922,0.00095411196336101878,0.52737077131133903,-41.513871317291049,17.93486878577707,1.8256934030422256,1.4817216167000296,3.6213445973173979e-05,1,1.8307835762794629,1.7616246212198707,1,1,1
1784884779.392576,1,0.18015530073524808,0.99997520980452159,1.0522955776526575,0.0070412908193591538,2,0,1,0,0.13800938476454924,0.53389365986287129,-0.681739126882415,0.034650309839226213,-0.33795846469043506,-0.0025425541710097093,0,0,0,0,0.00035610946322728857,0,0,-40.818555458823823,18.040924475028291,1.3848044373156043,1.1886034785493631,0,1.6080602594145515e-16,-39.689133525154979,17.423814469036664,0.80239991011297629,0.61206966230615922,0.00095411196336101878,0.52237855726144033,-41.496597926085407,17.92974883631214,1.8160066694755004,1.4734251898723152,0.00017188832769440233,1,1.8307835762794629,1.7616246212198707,1,1,1
1784884779.412576,1,0.18811260540612376,0.99997520980452159,1.0522955776526575,0.0070412908193591538,2,0,1,0,0.13800985938731775,0.53389365986287129,-0.681739126882415,0.034649835216457689,-0.33795893931320359,-0.0025425541710097093,0.00035610946322728857,0.00035610946322728857,0,0,-0.00035610946322728857,0,1.7522111611592666,-41.415900172855395,17.579322995923089,2.038739866047973,1.4604649124728875,0.107480101783719,-1.4421015837458894e-16,-39.689133792753196,17.423814726525364,0.80239984156747013,0.61206967624144193,0.00095411196436674911,0.51688108843027547,-41.47948229636215,17.924838352415886,1.8061687228750747,1.4651925664541441,0.00017948048746618388,1,1.8307835762794629,1.7616246212198707,1,1,1
1784884779.4325759,1,0.19618865109424385,0.99997520980452159,1.0522955776526575,0.0070412908193591538,2,0,1,0,0.13800938476454924,0.53389365986287129,-0.681739126882415,0.034649835216457689,-0.33795846469043506,-0.0025425541710097093,0,0,0,0,0.00035610946322728857,-0.00035610946322728857,0.79645961870875759,-41.575192096597142,17.944757500214706,1.7502389416072222,1.2897612214046279,0.037934153570724355,-3.0801098446806357e-16,-39.689133783753199,17.423814717865248,0.80239983265973447,0.61206967121395695,0.00095411195649866738,0.51216262437060045,-41.461250172500506,17.919854544193377,1.796183982603722,1.4565787782656456,0.00025128564111927536,1,1.8307835762794629,1.7616246212198707,1,1,1
1784884779.4525759,1,0.20437988224405287,0.99997520980452159,1.0522955776526575,0.0070412908193591538,2,0,1,0,0.13800938476454924,0.53389318524010276,-0.681739126882415,0.034649835216457689,-0.33795893931320359,-0.0025425541710097093,0,0,0,0,0,-0.00035610946322728857,0.79645961870875759,-42.212359791564147,17.848590525401125,1.7502389416072222,1.5300108606858822,0.069545948212994646,2.4227280603646391e-16,-39.689113929677134,17.423811780041973,0.80239970031737329,0.6120696713255197,0.00095411195640566885,0.50694343649993479,-41.44318738118892,17.914799055095678,1.7860568085623603,1.4480362635556372,0.00025910099267874542,1,1.8307835762794629,1.7616246212198707,1,1,1
1784884779.4725759,1,0.2126827432999952,0.99997520980452159,1.0522955776526575,0.0070412908193591538,2,0,1,0,0.13800938476454924,0.53389365986287129,-0.681739126882415,0.034649360593689157,-0.33795893931320359,-0.0025425541710097093,0,0,0,0,0,-0.00035610946322728857,-0.11946894280631364,-40.977847382565578,17.771656945550255,1.5771383869427718,1.5300108606858822,0.17070369106825958,8.5608622198082065e-17,-39.689134051351374,17.42381497535392,0.80239976411392555,0.61206968514911586,0.00095411195750420494,0.50165312165928877,-41.424886658340888,17.909675933721058,1.7757916615168441,1.4393123613205883,0.00026702285191823469,1,1.8307835762794629,1.7616246212198707,1,1,1
1784884779.4925759,1,0.22109367870651531,0.99997520980452159,1.0522955776526575,0.0070412908193591538,2,0,1,0,0.13800938476454924,0.53389365986287129,-0.681739126882415,0.034649835216457689,-0.33795941393597212,-0.0025425541710097093,0,0,0,0,-0.00035610946322728857,0,0.31858384748350305,-40.659263535082076,18.040924475028291,1.7502389416072222,1.4604649124728875,0.037934153570724355,-1.8718723690994961e-16,-39.689133801752931,17.423814735185239,0.80239985047520423,0.61206968126878913,0.00095411197223461617,0.49629394533379984,-41.406343502601999,17.904485412480771,1.765392903872919,1.4305390002277834,0.00021094812583927989,1,1.8307835762794629,1.7616246212198707,1,1,1
1784884779.5125759,1,0.22960913290805765,0.99997520980452159,1.0522955776526575,0.0070412908193591538,2,0,1,0,0.13800938476454924,0.53389365986287129,-0.681739126882415,0.034649360593689157,-0.33795941393597212,-0.0025425541710097093,0,-0.00035610946322728857,0,0,0,0,0.63716769496700609,-40.818555458823823,17.848590525401125,2.038739866047973,1.4604649124728875,-0.031611794642270291,1.49222672426343e-16,-39.689134060351101,17.423814984013791,0.80239977302153775,0.61206969017646151,0.00095411196537206961,0.49086817300860608,-41.387142701428843,17.899230499887118,1.7548648893087058,1.421527623580729,0.00021907282106628363,1,1.8307835762794629,1.7616246212198707,1,1,1
1784884779.5325761,1,0.23822555034906659,0.99997520980452159,1.0522955776526575,0.0070412908193591538,2,0,1,0,0.13800938476454924,0.53389365986287129,-0.681739126882415,0.034649360593689157,-0.33795988855874065,-0.0025425541710097093,0,0.00035610946322728857,0,-0.00035610946322728857,-0.00035610946322728857,-0.00035610946322728857,0.63716769496700609,-41.415900172855395,17.675489970736674,1.5771383869427718,1.5300108606858822,-0.16438133213980552,-1.7640062301258602e-18,-39.689134069350608,17.423814992673432,0.80239978192914851,0.61206969520366938,0.00095411197323971993,0.48537807016884488,-41.369001251506354,17.893913228968678,1.7443367074022842,1.4125383624117933,0.00029139355330057813,1,1.8307835762794629,1.7616246212198707,1,1,1
1784884779.5534396,1,0.24731781236830233,0.99997520980452159,1.0522955776526575,0.0070412908193591538,2,0,1,0,0.13800938476454924,0.53389365986287129,-0.681739126882415,0.034649360593689157,-0.33795988855874065,-0.0025425541710097093,0,-0.00035610946322728857,0,0,-0.00035610946322728857,0,0.47787577122525454,-41.893775944080645,17.848590525401125,1.7502389416072222,1.4604649124728875,0,-1.7640062301258602e-18,-39.689134069350608,17.423814992673432,0.80239978192914851,0.61206969520366938,0.00095411197323971993,0.47958477453601239,-41.348101407210983,17.888302307860553,1.7329709411004623,1.402985025393886,0.00023596888597605175,1,1.8307835762794629,1.7616246212198707,1,1,1
1784884779.5734396,1,0.2561294624404345,0.99997520980452159,1.0522955776526575,0.0070412908193591538,2,0,1,0,0.13800938476454924,0.53389365986287129,-0.681739126882415,0.034648885970920626,-0.33796036318150918,-0.0025425541710097093,0,0,0.00035610946322728857,0,-0.00035610946322728857,0,0.31858384748350305,-40.977847382565578,18.040924475028291,1.7502389416072222,1.4604649124728875,-0.063223589284540582,-1.1000141837099219e-16,-39.689134336947994,17.423815250161358,0.80239971338266647,0.61206970913828673,0.00095411197424441431,0.47397027577069606,-41.329102274371941,17.882579733425509,1.7220767273522832,1.3937265339212506,0.0002443761870712035,1,1.8307835762794629,1.7616246212198707,1,1,1
1784884779.5934396,1,0.26503125554243329,0.99997520980452159,1.0522955776526575,0.0070412908193591538,2,0,1,0,0.13800938476454924,0.53389365986287129,-0.681739126882415,0.034648411348152101,-0.33796036318150918,-0.0025425541710097093,0,0,0,0,0,-0.00035610946322728857,0,-41.734484020338897,17.579322995923089,1.5771383869427718,1.2581494267623576,0,-1.6834750931210986e-16,-39.689134595546136,17.423815498989878,0.80239963592839458,0.61206971804571242,0.00095411196738148286,0.46829834077882226,-41.309477079457778,17.877371308302326,1.7110710625817602,1.3843092274146775,0.00031696919602408749,1,1.8307835762794629,1.7616246212198707,1,1,1
1784884779.6134396,1,0.27401963611874319,0.99997520980452159,1.0522955776526575,0.0070412908193591538,2,0,1,0,0.13800938476454924,0.53389365986287129,-0.68173960150518353,0.034648411348152101,-0.33796036318150918,-0.0025425541710097093,0,0,0,-0.00035610946322728857,0,0,0.47787577122525454,-41.734484020338897,17.483156021109505,1.3848044373156043,1.3276953749753524,-0.063223589284540582,2.1776593047769406e-16,-39.689137657698524,17.423818445467614,0.80239977717775224,0.6120697229611477,0.00095411197534165423,0.46257123504552877,-41.289661763072765,17.871825305361391,1.70008304308887,1.3748650412929322,0.00026144541629965535,1,1.8307835762794629,1.7616246212198707,1,1,1
1784884779.6334395,1,0.28309104861380868,0.99997520980452159,1.0522955776526575,0.0070412908193591538,2,0,1,0,0.13800938476454924,0.53389413448563983,-0.681739126882415,0.034648885970920626,-0.33796083780427771,-0.0025420795482411804,0,0.00035610946322728857,0,0,0,0.00035610946322728857,-0.43805279028981664,-41.25660824911364,18.040924475028291,2.038739866047973,1.2581494267623576,-0.063223589284540582,-5.130621902868641e-18,-39.689154208997948,17.423818205284299,0.80239986354691029,0.61206971907258612,0.00095411199748102649,0.45679122405595296,-41.270094596655163,17.866227214020309,1.6887430782967483,1.3653336102442051,0.00020600086248100745,1,1.8307835762794629,1.7616246212198707,1,1,1
1784884779.6534398,1,0.29224193747207411,0.99997520980452159,1.0522955776526575,0.0070412908193591538,2,0,1,0,0.13800938476454924,0.53389413448563983,-0.68173960150518353,0.034648411348152101,-0.33796036318150918,-0.0025420795482411804,0,0,0,0,0.00035610946322728857,0.00035610946322728857,0,-40.977847382565578,18.040924475028291,1.3848044373156043,1.4288531178306172,0,9.875941355836813e-17,-39.689157520745304,17.423821391927362,0.80239991843431457,0.61206972786851821,0.00095411199071124503,0.45096057329523276,-41.249493984658493,17.860581074402884,1.6774294843832349,1.3556545764646286,0.00021473183334987987,1,1.8307835762794629,1.7616246212198707,1,1,1
1784884779.6734397,1,0.30146874713798388,0.99997520980452159,1.0522955776526575,0.0070412908193591538,2,0,1,0,0.13800938476454924,0.53389413448563983,-0.68173960150518353,0.034648411348152101,-0.33796131242704619,-0.0025425541710097093,0,0,0,0.00035610946322728857,0,0,-0.11946894280631364,-41.734484020338897,17.771656945550255,2.038739866047973,1.4288531178306172,0.20863784463898394,1.7324877585671747e-16,-39.689157538756589,17.423821409258476,0.80239993624218409,0.61206973792955355,0.00095411199903501628,0.44508154824850577,-41.229152395510262,17.854887186935656,1.6658973780606292,1.3460239718321612,0.00028763494897840366,1,1.8307835762794629,1.7616246212198707,1,1,1
1784884779.6934397,1,0.31076792205598275,0.99997520980452159,1.0522955776526575,0.0070412908193591538,2,0,1,0,0.13800938476454924,0.53389365986287129,-0.68173960150518353,0.03464793672538357,-0.33796131242704619,-0.0025425541710097093,0,-0.00035610946322728857,-0.00035610946322728857,0,0,0,0,-40.977847382565578,17.675489970736674,2.1349068408615568,1.4604649124728875,0,2.6768523636946247e-16,-39.689137934293534,17.423818711613364,0.80239971753777117,0.61206974192189412,0.00095411198421231549,0.43915641440090941,-41.208217839537596,17.849432686813646,1.6545250071410724,1.336253230854946,0.00029650739874237191,1,1.8307835762794629,1.7616246212198707,1,1,1
1784884779.7134397,1,0.32013590667051484,0.99997520980452159,1.0522955776526575,0.0070412908193591538,2,0,1,0,0.13800938476454924,0.53389413448563983,-0.68173960150518353,0.03464793672538357,-0.33796131242704619,-0.0025425541710097093,0.00035610946322728857,0,-0.00035610946322728857,0,0,0,1.1150434661922606,-41.415900172855395,17.675489970736674,1.4809714121291881,1.2581494267623576,0,4.5525869814808137e-17,-39.689157797354049,17.423821658086336,0.80239985878746001,0.61206974683685733,0.00095411199217188762,0.43276010588170882,-41.187998514816059,17.843652592788231,1.6429430368705977,1.3264101911662192,0.00030544550767915837,1,1.8307835762794629,1.7616246212198707,1,1,1
1784884779.7334397,1,0.32956914542602472,0.99997520980452159,1.0522955776526575,0.0070412908193591538,2,0,1,0,0.13800891014178071,0.53389413448563983,-0.68173960150518353,0.03464793672538357,-0.33796131242704619,-0.0025425541710097093,0,0,0,0,0,0,0.47787577122525454,-39.862803916373316,17.675489970736674,1.7502389416072222,1.3593071696176227,-0.10115774285526494,4.5525869814808137e-17,-39.689157797354049,17.423821658086336,0.80239985878746001,0.61206974683685733,0.00095411199217188762,0.42717688224365991,-41.167201825473256,17.837546427008739,1.6312803463991206,1.3164985867291099,0.00031444587390081098,1,1.8307835762794629,1.7616246212198707,1,1,1
1784884779.7537827,1,0.33922746299595069,0.99997520980452159,1.0522955776526575,0.0070412908193591538,2,0,1,0,0.13800938476454924,0.53389413448563983,-0.68173960150518353,0.034647462102615038,-0.33796178704981472,-0.0025425541710097093,0,0,0,0,0,0,0.63716769496700609,-40.977847382565578,17.848590525401125,1.5771383869427718,1.2202152731916334,0.069545948212994646,-5.3357064001526566e-17,-39.689158064949467,17.423821915572354,0.80239979023967534,0.61206976077041331,0.00095411199317492175,0.42102291430037087,-41.145909014067463,17.831586339375747,1.6193393587313027,1.3063504943109459,0.00032366099085873851,1,1.8307835762794629,1.7616246212198707,1,1,1
1784884779.7737827,1,0.34878150965432941,0.99997520980452159,1.0522955776526575,0.0070412908193591538,2,0,1,0,0.13800938476454924,0.53389413448563983,-0.68173960150518353,0.034647462102615038,-0.33796226167258325,-0.0025425541710097093,0,0,0,0,0,-0.00035610946322728857,0.31858384748350305,-41.137139306307326,17.579322995923089,2.2118404207124236,1.3909189642598929,-0.063223589284540582,-1.4546885264996535e-16,-39.689158073947183,17.423821924230296,0.80239979914679382,0.61206976579664985,0.00095411200104106048,0.41493538441344441,-41.124845995124581,17.825690515749429,1.6075273110680453,1.2963119576097055,0.0003968763274833261,1,1.8307835762794629,1.7616246212198707,1,1,1
1784884779.7937827,1,0.35839008279999712,0.99997520980452159,1.0522955776526575,0.0070412908193591538,2,0,1,0,0.13800938476454924,0.53389413448563983,-0.68173960150518353,0.034647462102615038,-0.33796226167258325,-0.0025425541710097093,0,0,-0.00035610946322728857,0,0,-0.00035610946322728857,1.2743353899340122,-41.893775944080645,17.944757500214706,1.3848044373156043,1.2897612214046279,-0.063223589284540582,-1.4546885264996535e-16,-39.689158073947183,17.423821924230296,0.80239979914679382,0.61206976579664985,0.00095411200104106048,0.40881311201029746,-41.103662763061159,17.820045928322291,1.5956478471023054,1.2862161276434865,0.0004060439824344885,1,1.8307835762794629,1.7616246212198707,1,1,1
1784884779.8137827,1,0.36804962687739812,0.99997520980452159,1.0522955776526575,0.0070412908193591538,2,0,1,0,0.13800891014178071,0.53389460910840836,-0.68173960150518353,0.034646987479846514,-0.33796273629535178,-0.0025425541710097093,-0.00035610946322728857,0,0,-0.00035610946322728857,-0.00035610946322728857,0,0,-40.659263535082076,18.040924475028291,1.7502389416072222,1.2897612214046279,-0.031611794642270291,2.1329432336720184e-16,-39.689178204592338,17.423825128183449,0.80239987184794515,0.61206978464421846,0.00095411201000217911,0.40308569393194055,-41.082374568647218,17.813801290675762,1.5838300308011779,1.2761308486175742,0.00035116056928054636,1,1.8307835762794629,1.7616246212198707,1,1,1
1784884779.8337827,1,0.37775658633097692,0.99997520980452159,1.0522955776526575,0.0070412908193591538,2,0,1,0,0.13800938476454924,0.53389460910840836,-0.68173960150518353,0.034646987479846514,-0.33796226167258325,-0.0025420795482411804,0,0.00035610946322728857,0,0,0.00035610946322728857,0.00035610946322728857,1.4336273136757636,-40.818555458823823,17.771656945550255,1.7502389416072222,1.1569916839070926,0.107480101783719,8.8555222125726078e-17,-39.689178195580553,17.423825119511971,0.80239986294781196,0.61206977961039355,0.0009541120095466635,0.39647340159589273,-41.061401955730162,17.807811129061399,1.5717042869324267,1.2658034419861819,0.00029632239232282414,1,1.8307835762794629,1.7616246212198707,1,1,1
1784884779.8539314,1,0.38758002116418233,0.99997520980452159,1.0522955776526575,0.0070412908193591538,2,0,1,0,0.13800938476454924,0.53389460910840836,-0.68174007612795207,0.034646987479846514,-0.33796273629535178,-0.0025425541710097093,0,0,0,0,0.00035610946322728857,0,-0.11946894280631364,-40.818555458823823,17.771656945550255,1.7502389416072222,1.3593071696176227,0,3.3780849891251287e-16,-39.68918126673011,17.423828074647112,0.80240001309672737,0.6120697895585554,0.00095411201796062888,0.39021422626656072,-41.039319092374683,17.801750239108213,1.5595592396750071,1.2554818585517815,0.00036979475611418125,1,1.8307835762794629,1.7616246212198707,1,1,1
1784884779.8739314,1,0.39737143090330862,0.99997520980452159,1.0522955776526575,0.0070412908193591538,2,0,1,0,0.13800891014178071,0.53389460910840836,-0.68174007612795207,0.034646512857077982,-0.33796321091812032,-0.0025425541710097093,-0.00035610946322728857,0,0,0.00035610946322728857,0.00035610946322728857,0,0.31858384748350305,-41.575192096597142,17.848590525401125,1.7502389416072222,1.2202152731916334,0,-2.1582725440120926e-16,-39.689181534323566,17.423828332131251,0.80239994454794272,0.61206980349117379,0.00095411201896219554,0.38440278764847668,-41.017733108914037,17.795708097720382,1.5473290640464921,1.2451939260019134,0.00037913685821705235,1,1.8307835762794629,1.7616246212198707,1,1,1
1784884779.8939314,1,0.4071995629299015,0.99997520980452159,1.0522955776526575,0.0070412908193591538,2,0,1,0,0.13800891014178071,0.53389460910840836,-0.68173960150518353,0.034646038234309451,-0.33796368554088885,-0.0025420795482411804,0,0,-0.00035610946322728857,-0.00035610946322728857,0,0.00035610946322728857,0.31858384748350305,-41.415900172855395,17.848590525401125,1.3848044373156043,1.2897612214046279,0.107480101783719,2.7525258056038126e-16,-39.689178739765588,17.423825643138564,0.80239973475683801,0.61206981250160031,0.00095411201941593058,0.3777132880633885,-40.996064926047069,17.789926987968823,1.5354273432656553,1.2349315069279607,0.00032441429391142073,1,1.8307835762794629,1.7616246212198707,1,1,1
1784884779.9139314,1,0.41706086168840556,0.99997520980452159,1.0522955776526575,0.0070412908193591538,2,0,1,0,0.13800891014178071,0.53389508373117689,-0.68173960150518353,0.034645563611540926,-0.33796416016365738,-0.0025425541710097093,0,0,0.00035610946322728857,-0.00035610946322728857,-0.00035610946322728857,0,0.63716769496700609,-40.818555458823823,17.848590525401125,1.7502389416072222,1.2581494267623576,-0.031611794642270291,2.6351802765290629e-16,-39.6891988704133,17.423828847098733,0.80239980744961747,0.61206983135556192,0.00095411202096414732,0.37142998706405145,-40.974333130078435,17.783273153129258,1.5232354541811786,1.22463424350046,0.00039792278161057335,1,1.8307835762794629,1.7616246212198707,1,1,1
1784884779.9339314,1,0.42695177162326514,0.99997520980452159,1.0522955776526575,0.0070412908193591538,2,0,1,0,0.13800938476454924,0.53389460910840836,-0.68174007612795207,0.034645563611540926,-0.33796463478642591,-0.0025425541710097093,0.00035610946322728857,-0.00035610946322728857,0,0,-0.00035610946322728857,0,0.63716769496700609,-40.818555458823823,18.137091449841876,1.5771383869427718,1.1886034785493631,0.13909189642598929,1.9094842215924615e-16,-39.689182078505638,17.423828855754991,0.80239981635572155,0.61206983638088741,0.00095411202882872816,0.36470048742385797,-40.952093356107738,17.777454407118601,1.5108822915030706,1.2142417620619319,0.00040735982103549332,1,1.8307835762794629,1.7616246212198707,1,1,1
1784884779.9539313,1,0.43686873717892466,0.99997520980452159,1.0522955776526575,0.0070412908193591538,2,0,1,0,0.13800891014178071,0.53389460910840836,-0.68174007612795207,0.034645088988772395,-0.33796463478642591,-0.0025425541710097093,0,0,0,0,0,0,0,-40.977847382565578,17.579322995923089,2.038739866047973,1.1569916839070926,0.17070369106825958,-9.9546770563752987e-17,-39.689182337102302,17.42382910458209,0.80239973889903193,0.61206984528745223,0.00095411202196444026,0.35880904869556385,-40.930657919007288,17.771334799822498,1.4986215159767839,1.2037578057991873,0.00041682171416283542,1,1.8307835762794629,1.7616246212198707,1,1,1
1784884779.9739313,1,0.44680820279982869,0.99997520980452159,1.0522955776526575,0.0070412908193591538,2,0,1,0,0.13800891014178071,0.53389460910840836,-0.6817405507507206,0.034645088988772395,-0.33796463478642591,-0.0025420795482411804,0,0,-0.00035610946322728857,0,0,0.00035610946322728857,0.15929192374175152,-40.659263535082076,17.675489970736674,2.038739866047973,1.2581494267623576,0.107480101783719,1.3200412932858463e-16,-39.689185399219042,17.423832051025514,0.80239988015444952,0.61206985019324112,0.0009541120373328044,0.35247594229668872,-40.90874680482154,17.765487405668804,1.4863330189013224,1.1933143065731036,0.00036220538128944147,1,1.8307835762794629,1.7616246212198707,1,1,1
1784884779.9939313,1,0.45676661293042159,0.99997520980452159,1.0522955776526575,0.0070412908193591538,2,0,1,0,0.13800938476454924,0.53389460910840836,-0.68174007612795207,0.03464461436600387,-0.33796510940919444,-0.0025425541710097093,0.00035610946322728857,0,0,0,0,-0.00035610946322728857,0.15929192374175152,-40.659263535082076,17.848590525401125,1.5771383869427718,1.2581494267623576,0,1.6021568356298367e-16,-39.689182604694672,17.423829362065185,0.80239967034854287,0.61206985921901946,0.00095411202296436968,0.34570343371237,-40.886791311560344,17.759056030424215,1.4740209424286097,1.1828509041303517,0.00049990622046653971,1,1.8307835762794629,1.7616246212198707,1,1,1
1784884780.0139313,1,0.46674041201514788,0.99997520980452159,1.0522955776526575,0.0070412908193591538,2,0,1,0,0.13800891014178071,0.53389508373117689,-0.68174007612795207,0.034644139743235339,-0.3379660586547315,-0.0025425541710097093,0,0,0,0,-0.00035610946322728857,0,-0.27876086654806514,-40.499971611340321,17.483156021109505,1.2886374625020207,1.2581494267623576,-0.031611794642270291,4.2224969854856547e-16,-39.689202744315523,17.42383257465962,0.80239975195293645,0.61206988308835353,0.00095411203978463676,0.33977578249536383,-40.864812540504715,17.752902747199006,1.4616899718044007,1.1724354391626801,0.00044532264655769454,1,1.8307835762794629,1.7616246212198707,1,1,1
1784884780.0339313,1,0.47672604449845191,0.99997520980452159,1.0522955776526575,0.0070412908193591538,2,0,1,0,0.13800891014178071,0.53389508373117689,-0.68174007612795207,0.03464461436600387,-0.33796653327750004,-0.0025425541710097093,-0.00035610946322728857,0,0,0.00035610946322728857,0,0,0.31858384748350305,-40.659263535082076,17.848590525401125,0.92320295821040299,0.98628799283883317,0.107480101783719,3.2010460284842391e-16,-39.689202494713953,17.423832334487923,0.802399838316745,0.61206987920660849,0.00095411205451286277,0.33384059141906203,-40.842798363757751,17.746740579777398,1.4492197366604287,1.1618793285586877,0.00045485006575620839,1,1.8307835762794629,1.7616246212198707,1,1,1
1784884780.0539408,1,0.48672464785313263,0.99997520980452159,1.0522955776526575,0.0070412908193591538,2,0,1,0,0.13800938476454924,0.53389508373117689,-0.68174007612795207,0.034644139743235339,-0.33796653327750004,-0.0025425541710097093,0.00035610946322728857,0,0,0,0,0,0,-40.818555458823823,17.771656945550255,1.3848044373156043,1.1569916839070926,0,8.5881553329257283e-17,-39.689202753310248,17.423832583314667,0.80239976085919262,0.61206988811292495,0.0009541120476481837,0.32661514165492511,-40.820755834136463,17.740570641340955,1.436982663723259,1.1513736951737716,0.00046438985040399354,1,1.8307835762794629,1.7616246212198707,1,1,1
1784884780.0739408,1,0.49672328184883385,0.99997520980452159,1.0522955776526575,0.0070412908193591538,2,0,1,0,0.13800891014178071,0.53389555835394542,-0.6817405507507206,0.034643665120466807,-0.33796700790026857,-0.0025420795482411804,0,0.00035610946322728857,-0.00035610946322728857,0,0,0.00035610946322728857,0.63716769496700609,-40.818555458823823,17.579322995923089,1.7502389416072222,1.1190575303363683,0,1.3174811741321452e-16,-39.689225946031073,17.423838733680824,0.80239997481147751,0.61206991186115145,0.00095411207197022808,0.32067166643493816,-40.799151965405493,17.734688507974639,1.4246210577923506,1.1408680371444373,0.00040982997625973051,1,1.8307835762794629,1.7616246212198707,1,1,1
1784884780.0939407,1,0.50672308090729057,0.99997520980452159,1.0522955776526575,0.0070412908193591538,2,0,1,0,0.13800938476454924,0.53389508373117689,-0.6817405507507206,0.034643665120466807,-0.3379674825230371,-0.0025425541710097093,0.00035610946322728857,0,-0.00035610946322728857,0,0,0,0.95575154245050908,-40.499971611340321,17.483156021109505,1.3848044373156043,1.2581494267623576,-0.063223589284540582,1.2362385178333626e-16,-39.68920609201988,17.423835795901823,0.80239984246206431,0.61206991198053795,0.00095411206446562426,0.31387278616285536,-40.776669516569086,17.7285162859189,1.4122578402475292,1.1303611434730971,0.00048347060483683654,1,1.8307835762794629,1.7616246212198707,1,1,1
1784884780.1139407,1,0.51672048947294735,0.99997520980452159,1.0522955776526575,0.0070412908193591538,2,0,1,0,0.13800891014178071,0.53389555835394542,-0.6817405507507206,0.034643190497698283,-0.33796795714580563,-0.0025425541710097093,-0.00035610946322728857,0.00035610946322728857,0,0.00035610946322728857,0,0,0.79645961870875759,-39.862803916373316,17.579322995923089,1.2886374625020207,1.0874457356940981,-0.031611794642270291,-1.8570520999103619e-16,-39.689226222628413,17.423838999828813,0.80239991515857267,0.61206993082298411,0.00095411207341872283,0.30835742310317771,-40.755067264300273,17.72206376623657,1.3997730431573128,1.119856771194585,0.00049300925758897119,1,1.8307835762794629,1.7616246212198707,1,1,1
1784884780.1339407,1,0.52671195199024867,0.99997520980452159,1.0522955776526575,0.0070412908193591538,2,0,1,0,0.13800891014178071,0.53389555835394542,-0.6817405507507206,0.034642715874929751,-0.33796843176857416,-0.0025425541710097093,0,0.00035610946322728857,0,0,0.00035610946322728857,0,0.63716769496700609,-39.703511992631562,17.483156021109505,2.038739866047973,1.1569916839070926,0,-5.0565868826233422e-17,-39.689226490217202,17.423839257308465,0.80239984660597241,0.61206994475267296,0.00095411207441571666,0.30156385460580698,-40.733040729333069,17.715898315458755,1.3875448010840148,1.1092945445769697,0.00050254223313296749,1,1.8307835762794629,1.7616246212198707,1,1,1
1784884780.1539407,1,0.53669391290363866,0.99997520980452159,1.0522955776526575,0.0070412908193591538,2,0,1,0,0.13800891014178071,0.53389555835394542,-0.6817405507507206,0.034642715874929751,-0.33796938101411123,-0.0025425541710097093,0,0.00035610946322728857,0,0,-0.00035610946322728857,0,0.31858384748350305,-40.022095840115064,17.771656945550255,1.1155369078375703,0.91674204462583853,0,7.8703697603307069e-17,-39.689226508202871,17.423839274614927,0.8023998644177428,0.61206995479973836,0.00095411209013957757,0.29520367157937161,-40.711035012505768,17.709738604223517,1.3752037128937538,1.0989345986984946,0.00051206615100567903,1,1.8307835762794629,1.7616246212198707,1,1,1
1784884780.1739407,1,0.54666281665756211,0.99997520980452159,1.0522955776526575,0.0070412908193591538,2,0,1,0,0.13800891014178071,0.53389555835394542,-0.6817405507507206,0.03464224125216122,-0.33796985563687976,-0.0025420795482411804,0,0,0,0,-0.00035610946322728857,0.00035610946322728857,0.63716769496700609,-40.818555458823823,17.944757500214706,1.2886374625020207,1.0558339410518278,0,2.6803179192357097e-16,-39.689226775776326,17.423839532079814,0.80239979587133448,0.61206996872102404,0.00095411209854792765,0.28885180815313632,-40.68863088627532,17.703587081999107,1.3628787209386037,1.0884601750254097,0.00045747790381835569,1,1.8307835762794629,1.7616246212198707,1,1,1
1784884780.1939406,1,0.55661510769646338,0.99997520980452159,1.0522955776526575,0.0070412908193591538,2,0,1,0,0.13800891014178071,0.53389555835394542,-0.6817405507507206,0.034641292006624164,-0.33797033025964829,-0.0025425541710097093,0,0,0,0,-0.00035610946322728857,0,0,-39.862803916373316,18.137091449841876,1.1155369078375703,1.0558339410518278,0.037934153570724355,-1.1528348098452095e-16,-39.689227301974135,17.423840038398449,0.80239964985112933,0.61206999156334574,0.0009541120852656278,0.28251052981223862,-40.666690864232436,17.697445954875761,1.3505742234600979,1.0780032117481724,0.00053107320109462464,1,1.8307835762794629,1.7616246212198707,1,1,1
1784884780.2139406,1,0.56654723046478672,0.99997520980452159,1.0522955776526575,0.0070412908193591538,2,0,1,0,0.13800938476454924,0.53389555835394542,-0.68174102537348913,0.034641766629392695,-0.33797080488241682,-0.0025425541710097093,0.00035610946322728857,0,0,0.00035610946322728857,0,0,0,-41.137139306307326,17.483156021109505,1.1155369078375703,1.1190575303363683,0,-1.2038890913041951e-16,-39.689230114483905,17.423842744664999,0.80239987746434116,0.61206999259227435,0.0009541121079465701,0.27575477068594395,-40.644796609889916,17.691318529720551,1.3381702312909207,1.0675033278752226,0.00054054957231004894,1,1.8307835762794629,1.7616246212198707,1,1,1
1784884780.2339408,1,0.57645562940697681,0.99997520980452159,1.0522955776526575,0.0070412908193591538,2,0,1,0,0.13800891014178071,0.53389555835394542,-0.6817405507507206,0.034641292006624164,-0.33797127950518535,-0.0025425541710097093,0,-0.00035610946322728857,0.00035610946322728857,0,0,0,-0.11946894280631364,-40.818555458823823,17.310055466445053,1.2886374625020207,1.2202152731916334,-0.10115774285526494,-1.3885407050971844e-16,-39.689227319957809,17.423840055702989,0.80239966766215609,0.61207000160929925,0.00095411210098775821,0.26986879032700795,-40.622524148047759,17.684917800118303,1.3260445988263303,1.0570924752018298,0.00055000329169971123,1,1.8307835762794629,1.7616246212198707,1,1,1
1784884780.2543266,1,0.58652712965768372,0.99997520980452159,1.0522955776526575,0.0070412908193591538,2,0,1,0,0.13800891014178071,0.53389555835394542,-0.68174102537348913,0.034640817383855632,-0.33797175412795383,-0.0025425541710097093,0,0,0,0,0,0,-0.11946894280631364,-40.340679687598573,17.771656945550255,1.5771383869427718,1.0558339410518278,0.107480101783719,-1.0401680929635485e-16,-39.68923064965692,17.42384325961989,0.8023997403553923,0.61207002044870318,0.00095411210993595836,0.26345155572740536,-40.600750320341945,17.678989600989127,1.3135928408448838,1.0465102562291348,0.00055961263721237403,1,1.8307835762794629,1.7616246212198707,1,1,1
1784884780.2743266,1,0.59637678430281871,0.99997520980452159,1.0522955776526575,0.0070412908193591538,2,0,1,0,0.13800891014178071,0.53389555835394542,-0.68174149999625766,0.034640817383855632,-0.33797317799625942,-0.0025425541710097093,0,0,-0.00035610946322728857,0,0,0,-0.27876086654806514,-39.862803916373316,17.310055466445053,1.2886374625020207,1.1569916839070926,0,-8.8532746900395951e-17,-39.689233738736299,17.423846232007755,0.80239990831929142,0.61207004042640034,0.00095411214146888567,0.25717567398094365,-40.579038152797537,17.673198224363052,1.3014154177526591,1.0361611337906234,0.00056901033079349004,1,1.8307835762794629,1.7616246212198707,1,1,1
1784884780.2943265,1,0.60619197984484252,0.99997520980452159,1.0522955776526575,0.0070412908193591538,2,0,1,0,0.13800891014178071,0.53389603297671395,-0.68174102537348913,0.034640342761087108,-0.33797365261902795,-0.0025420795482411804,0,0,0,0,0,0,-0.11946894280631364,-40.022095840115064,17.675489970736674,0.92320295821040299,1.1190575303363683,0.107480101783719,-1.8688044865612078e-16,-39.689250807200715,17.423846489469508,0.8023998397711839,0.61207005434574646,0.00095411214987514779,0.25092174846178184,-40.55741048673768,17.666856749243745,1.2892804577578216,1.0258482146090044,0.00057837513312683497,1,1.8307835762794629,1.7616246212198707,1,1,1
1784884780.3143268,1,0.61596916072819941,0.99997520980452159,1.0522955776526575,0.0070412908193591538,2,0,1,0,0.13800891014178071,0.53389603297671395,-0.68174102537348913,0.034639868138318576,-0.33797365261902795,-0.0025425541710097093,0,0,0,0,0.00035610946322728857,-0.00035610946322728857,0,-40.659263535082076,17.944757500214706,1.2886374625020207,1.1569916839070926,0.107480101783719,1.8887469450942788e-16,-39.689251065810083,17.423846738308821,0.80239976230325438,0.61207006325880853,0.00095411213559571523,0.24469204465505812,-40.535856605007893,17.660823619437142,1.2771924899697238,1.0155111353080799,0.00065180335478439463,1,1.8307835762794629,1.7616246212198707,1,1,1
1784884780.3343267,1,0.62570477139733416,0.99997520980452159,1.0522955776526575,0.0070412908193591538,2,0,1,0,0.13800891014178071,0.53389603297671395,-0.68174102537348913,0.034639393515550052,-0.33797507648733355,-0.0025420795482411804,0,0,0,0,-0.00035610946322728857,0.00035610946322728857,0.31858384748350305,-41.415900172855395,17.944757500214706,1.3848044373156043,1.0178997874811033,0,-2.189243345115867e-16,-39.689251351358621,17.423847013069995,0.8023997115639292,0.61207008722101319,0.00095411215971955281,0.23848882804590904,-40.514394387751707,17.654816162759229,1.2651559323171897,1.0054100429612454,0.00053289282740382761,1,1.8307835762794629,1.7616246212198707,1,1,1
1784884780.3547606,1,0.63560502026731669,0.99997520980452159,1.0522955776526575,0.0070412908193591538,2,0,1,0,0.13800891014178071,0.53389603297671395,-0.68174102537348913,0.034639393515550052,-0.33797507648733355,-0.0025425541710097093,0,-0.00035610946322728857,-0.00035610946322728857,0,0,0,-0.27876086654806514,-39.862803916373316,17.675489970736674,0.84626937835953597,1.0558339410518278,0,1.3261452675127505e-16,-39.689251351373173,17.423847013084,0.80239971155706258,0.6120700872288718,0.00095411215230614666,0.23218070929382278,-40.492141714297141,17.648991829893269,1.2529158570954804,0.99494364969407489,0.00060643847390384146,1,1.8307835762794629,1.7616246212198707,1,1,1
1784884780.3747606,1,0.64524572800376279,0.99997520980452159,1.0522955776526575,0.0070412908193591538,2,0,1,0,0.13800891014178071,0.53389650759948248,-0.68174149999625766,0.03463891889278152,-0.33797602573287061,-0.0025425541710097093,0,0.00035610946322728857,-0.00035610946322728857,0,-0.00035610946322728857,-0.00035610946322728857,-0.11946894280631364,-41.137139306307326,17.117721516817888,0.92320295821040299,1.1569916839070926,0,3.4382643626197896e-16,-39.689274553031574,17.423853172059282,0.80239993440041679,0.61207011599560468,0.00095411217705837319,0.22603796176754098,-40.471758170483753,17.643046740484404,1.2409968067919235,0.98487817693548418,0.00067973650966419703,1,1.8307835762794629,1.7616246212198707,1,1,1
1784884780.3947606,1,0.65483412170109778,0.99997520980452159,1.0522955776526575,0.0070412908193591538,2,0,1,0,0.13800891014178071,0.53389603297671395,-0.68174149999625766,0.034638444270012989,-0.33797650035563914,-0.0025420795482411804,0,-0.00035610946322728857,0,0,0,0.00035610946322728857,0.79645961870875759,-40.340679687598573,17.675489970736674,0.92320295821040299,0.91674204462583853,-0.13276953749753523,-2.5063523211939372e-17,-39.689254957613905,17.423850483095286,0.80239972460197229,0.61207012500407043,0.00095411217751214747,0.21992854705697368,-40.449753048780188,17.636843369496251,1.2291421554003701,0.97473945928369921,0.00056068550638457707,1,1.8307835762794629,1.7616246212198707,1,1,1
1784884780.4147606,1,0.66436664580376636,0.99997520980452159,1.0522955776526575,0.0070412908193591538,2,0,1,0,0.13800891014178071,0.53389650759948248,-0.68174102537348913,0.034638444270012989,-0.33797697497840767,-0.0025425541710097093,0,-0.00035610946322728857,0.00035610946322728857,0,0,0,0.31858384748350305,-40.340679687598573,17.771656945550255,1.1155369078375703,0.98628799283883317,0,3.1595104550858523e-17,-39.689271767505907,17.423850491757818,0.80239973350039551,0.61207013003269872,0.00095411217795611123,0.21385473064725891,-40.428749567273421,17.630676214979534,1.217356719114755,0.96472354162054852,0.00063388030738922786,1,1.8307835762794629,1.7616246212198707,1,1,1
1784884780.4347606,1,0.67383974475621267,0.99997520980452159,1.0522955776526575,0.0070412908193591538,2,0,1,0,0.13800891014178071,0.53389603297671395,-0.68174102537348913,0.034637495024475932,-0.33797744960117621,-0.0025420795482411804,0,-0.00035610946322728857,0.00035610946322728857,0,0,0.00035610946322728857,0.31858384748350305,-40.022095840115064,17.579322995923089,0.92320295821040299,1.0178997874811033,-0.26553907499507046,-6.9499630397535927e-17,-39.689252430679723,17.423848051615931,0.80239944623830106,0.61207014794561654,0.00095411217154269749,0.20781877802353427,-40.407853051145622,17.624828967810448,1.2056445531316349,0.95477007135044134,0.00057881899876021509,1,1.8307835762794629,1.7616246212198707,1,1,1
1784884780.4554484,1,0.68357223748074325,0.99997520980452159,1.0522955776526575,0.0070412908193591538,2,0,1,0,0.13800891014178071,0.53389650759948248,-0.68174149999625766,0.034636545778938876,-0.33797839884671327,-0.0025425541710097093,0,0,0,0,0,0,0,-40.659263535082076,17.848590525401125,1.0193699330239865,1.0178997874811033,0.107480101783719,-8.5255155339505372e-17,-39.689275890938909,17.42385445942227,0.80239959160879559,0.61207018562129145,0.00095411218200783102,0.20161754806796195,-40.38684091022813,17.619112543778204,1.1936119783620285,0.94454406723845763,0.00065220459906272725,1,1.8307835762794629,1.7616246212198707,1,1,1
1784884780.4754484,1,0.69291346860150094,0.99997520980452159,1.0522955776526575,0.0070412908193591538,2,0,1,0,0.13800891014178071,0.53389698222225102,-0.68174149999625766,0.034636545778938876,-0.3379788734694818,-0.0025425541710097093,0,0.00035610946322728857,0,0.00035610946322728857,0,0,0.47787577122525454,-40.818555458823823,17.675489970736674,1.1155369078375703,0.88513024998356815,0,-1.0932501626794393e-16,-39.689295762899278,17.423857414486228,0.80239974176068318,0.61207019554994457,0.000954112197813924,0.19566561736659471,-40.366689266630871,17.613350397748359,1.1819385038447268,0.93472914718167188,0.00066111719242224743,1,1.8307835762794629,1.7616246212198707,1,1,1
1784884780.4954484,1,0.7021844856587921,0.99997520980452159,1.0522955776526575,0.0070412908193591538,2,0,1,0,0.13800891014178071,0.53389698222225102,-0.68174149999625766,0.034636071156170345,-0.33797982271501886,-0.0025425541710097093,0,0,0,0,0,0,0,-40.659263535082076,17.848590525401125,1.1155369078375703,0.9546761981965628,-0.063223589284540582,2.1221132393929921e-16,-39.689296039465034,17.423857680603831,0.80239968210509705,0.61207021449373766,0.000954112206658151,0.18975842479820093,-40.345824356112992,17.607629745368232,1.1706009698867483,0.92498800827282457,0.00066996278909302895,1,1.8307835762794629,1.7616246212198707,1,1,1
1784884780.5154483,1,0.7113817330970611,0.99997520980452159,1.0522955776526575,0.0070412908193591538,2,0,1,0,0.13800891014178071,0.53389698222225102,-0.68174197461902619,0.034635596533401813,-0.33798029733778739,-0.0025425541710097093,0,0,-0.00035610946322728857,0,0,0,0.47787577122525454,-40.499971611340321,17.675489970736674,1.2886374625020207,0.98628799283883317,-0.063223589284540582,-1.8699909724976824e-16,-39.689299369127689,17.423860884485659,0.80239975479169534,0.6120702333254382,0.00095411221559429786,0.18389823584791759,-40.325551577618739,17.602241596127563,1.1592300950050687,0.91532438012404937,0.00067873800149854837,1,1.8307835762794629,1.7616246212198707,1,1,1
1784884780.5354483,1,0.72050165536075206,0.99997520980452159,1.0522955776526575,0.0070412908193591538,2,0,1,0,0.13800891014178071,0.53389698222225102,-0.68174197461902619,0.034635121910633289,-0.33798124658332446,-0.0025425541710097093,0,0,0,0,-0.00035610946322728857,0,-0.43805279028981664,-39.544220068889814,17.579322995923089,1.2886374625020207,0.9546761981965628,0.069545948212994646,-9.3936008560026857e-17,-39.689299645691051,17.423861150600963,0.80239969513487452,0.61207025226787526,0.00095411222443641012,0.1780873160008834,-40.305447121887397,17.596329328315992,1.1479547263160903,0.90580609845031279,0.00068743943710636291,1,1.8307835762794629,1.7616246212198707,1,1,1
1784884780.5564363,1,0.72998503871559506,0.99997520980452159,1.0522955776526575,0.0070412908193591538,2,0,1,0,0.13800843551901218,0.53389650759948248,-0.68174149999625766,0.034634647287864757,-0.33798172120609299,-0.0025425541710097093,-0.00035610946322728857,0,0,0,0,0,0.31858384748350305,-39.862803916373316,17.483156021109505,1.1155369078375703,0.88513024998356815,0,2.4185258197763391e-16,-39.689276988216164,17.423855515246288,0.80239934407916813,0.61207025637542944,0.00095411220952670969,0.17247214184406262,-40.284524688435425,17.590473366531633,1.1362297822529159,0.89577771463684497,0.0006964876382103771,1,1.8307835762794629,1.7616246212198707,1,1,1
1784884780.5764363,1,0.7389353809137994,0.99997520980452159,1.0522955776526575,0.0070412908193591538,2,0,1,0,0.13800891014178071,0.53389698222225102,-0.68174149999625766,0.034633698042327701,-0.33798219582886146,-0.0025420795482411804,0,0,0,-0.00035610946322728857,0,0.00035610946322728857,0.79645961870875759,-40.818555458823823,17.771656945550255,0.92320295821040299,0.88513024998356815,-0.031611794642270291,5.6938135421694111e-17,-39.689297377344225,17.423858967939758,0.80239933930626461,0.61207028410160946,0.00095411221900789896,0.16634194158059401,-40.264808734652959,17.584952939499058,1.125288746293051,0.88637351980439505,0.00064092757260620021,1,1.8307835762794629,1.7616246212198707,1,1,1
1784884780.5964363,1,0.74779755563715944,0.99997520980452159,1.0522955776526575,0.0070412908193591538,2,0,1,0,0.13800891014178071,0.53389698222225102,-0.68174149999625766,0.034633698042327701,-0.33798267045163,-0.0025425541710097093,0,0,0,0,0,0,0.47787577122525454,-39.384928145148059,17.483156021109505,1.1155369078375703,0.98628799283883317,-0.031611794642270291,1.0089135023365329e-17,-39.689297386343206,17.423858976598908,0.80239934820292902,0.61207028912834949,0.0009541122194467762,0.1606952501397157,-40.245272267150057,17.579484403634773,1.1142074488682692,0.87706194694878437,0.00071348278550584427,1,1.8307835762794629,1.7616246212198707,1,1,1
1784884780.6164362,1,0.75656800733011942,0.99997520980452159,1.0522955776526575,0.0070412908193591538,2,0,1,0,0.13800891014178071,0.53389745684501955,-0.68174197461902619,0.034633698042327701,-0.33798361969716706,-0.0025425541710097093,0,0,-0.00035610946322728857,0,-0.00035610946322728857,0.00035610946322728857,0.79645961870875759,-39.703511992631562,17.213888491631472,1.1155369078375703,0.74603835355757886,0.107480101783719,-2.5105098401876627e-16,-39.689320329347801,17.423864886701175,0.80239964850401846,0.61207030897964887,0.00095411225104942833,0.15510700165069274,-40.225955352394521,17.574361819454285,1.1033644112786569,0.86791085941625123,0.00065775110116480867,1,1.8307835762794629,1.7616246212198707,1,1,1
1784884780.6364362,1,0.76524318043712392,0.99997520980452159,1.0522955776526575,0.0070412908193591538,2,0,1,0,0.13800891014178071,0.53389745684501955,-0.68174149999625766,0.034633698042327701,-0.33798361969716706,-0.0025425541710097093,0,0,0,0,0,0,-0.11946894280631364,-40.818555458823823,17.771656945550255,1.1155369078375703,0.88513024998356815,0,4.6736361230406534e-18,-39.689317267271647,17.423861940296796,0.8023995072573562,0.61207030407271634,0.00095411224310260805,0.14957946159866314,-40.20682897509711,17.568721578421769,1.0926388377842664,0.85873166404875489,0.00073012788740583817,1,1.8307835762794629,1.7616246212198707,1,1,1
1784884780.6564527,1,0.77382647125429149,0.99997520980452159,1.0522955776526575,0.0070412908193591538,2,0,1,0,0.13800891014178071,0.53389745684501955,-0.68174197461902619,0.03463322341955917,-0.33798409431993559,-0.0025425541710097093,0,0.00035610946322728857,0,0,0,0,0.63716769496700609,-39.862803916373316,17.483156021109505,1.1155369078375703,0.78397250712830324,-0.10115774285526494,2.6199800548935495e-16,-39.689320596923821,17.423865144168534,0.80239957994120525,0.61207032290131491,0.0009541122520339032,0.14411046597345717,-40.188337373108496,17.56342763047455,1.0820270251804516,0.84971312831653711,0.0007383173171718805,1,1.8307835762794629,1.7616246212198707,1,1,1
1784884780.6764526,1,0.78230033558337719,0.99997520980452159,1.0522955776526575,0.0070412908193591538,2,0,1,0,0.13800891014178071,0.53389745684501955,-0.68174197461902619,0.03463322341955917,-0.33798456894270412,-0.0025420795482411804,0,0,0,0,0,0.00035610946322728857,0,-41.137139306307326,17.310055466445053,1.1155369078375703,1.0178997874811033,0.037934153570724355,2.9555107926497963e-16,-39.689320605892185,17.423865152798221,0.80239958885148299,0.61207032791151805,0.00095411226730332847,0.13871119337143056,-40.169229793237243,17.558198760172857,1.0715504523019133,0.84080955760887677,0.00068230264351469875,1,1.8307835762794629,1.7616246212198707,1,1,1
1784884780.6964526,1,0.79066825176064059,0.99997520980452159,1.0522955776526575,0.0070412908193591538,2,0,1,0,0.13800843551901218,0.53389745684501955,-0.68174244924179472,0.034632748796790645,-0.33798504356547265,-0.0025425541710097093,0,0,-0.00035610946322728857,0,0,0,0,-40.022095840115064,17.483156021109505,1.3848044373156043,0.84719609641284388,0.107480101783719,-1.4146615005925426e-16,-39.689323935552842,17.42386835667811,0.80239966152770947,0.61207034674701899,0.00095411226881711789,0.13337942750908616,-40.150785728407733,17.553322680264728,1.0612049179585434,0.83201731870686757,0.00075438627956900901,1,1.8307835762794629,1.7616246212198707,1,1,1
1784884780.7164526,1,0.79892666423052638,0.99997520980452159,1.0522955776526575,0.0070412908193591538,2,0,1,0,0.13800891014178071,0.53389793146778808,-0.68174197461902619,0.034632274174022114,-0.33798551818824119,-0.0025420795482411804,0,0.00035610946322728857,0,-0.00035610946322728857,0,0.00035610946322728857,-0.11946894280631364,-39.703511992631562,17.483156021109505,1.1155369078375703,0.68281476427303833,0.069545948212994646,-8.9636528941981747e-17,-39.689341003988304,17.423868614130157,0.80239959297130048,0.61207036065997111,0.0009541122772168066,0.12811743387156227,-40.133021422235323,17.547942094437047,1.0511192941370984,0.82334013283127927,0.00069816603555730261,1,1.8307835762794629,1.7616246212198707,1,1,1
1784884780.7364526,1,0.80707201743747858,0.99997520980452159,1.0522955776526575,0.0070412908193591538,2,0,1,0,0.13800843551901218,0.53389793146778808,-0.68174197461902619,0.034631799551253582,-0.33798599281100972,-0.0025425541710097093,-0.00035610946322728857,0,0,0,0,-0.00035610946322728857,0.15929192374175152,-40.659263535082076,17.579322995923089,0.92320295821040299,0.84719609641284388,0,6.3234524690727186e-17,-39.689341271577206,17.423868871609919,0.80239952440020379,0.6120703745884255,0.00095411227078320165,0.12335480929986936,-40.114638405634167,17.542916164306323,1.0409241722749663,0.81478173969882661,0.00083413701862376441,1,1.8307835762794629,1.7616246212198707,1,1,1
1784884780.7564526,1,0.81510075582594221,0.99997520980452159,1.0522955776526575,0.0070412908193591538,2,0,1,0,0.13800843551901218,0.53389793146778808,-0.68174197461902619,0.034631799551253582,-0.33798599281100972,-0.0025425541710097093,-0.00035610946322728857,0,0,0.00035610946322728857,0,0,1.2743353899340122,-39.384928145148059,17.579322995923089,1.1155369078375703,0.78397250712830324,0,6.3234524690727186e-17,-39.689341271577206,17.423868871609919,0.80239952440020379,0.6120703745884255,0.00095411227078320165,0.11823915656739886,-40.096939576354181,17.537961986295343,1.0308732808006431,0.80634586379724593,0.00077769763305819369,1,1.8307835762794629,1.7616246212198707,1,1,1
1784884780.7764525,1,0.82300932384036118,0.99997520980452159,1.0522955776526575,0.0070412908193591538,2,0,1,0,0.13800843551901218,0.53389793146778808,-0.68174197461902619,0.034631799551253582,-0.33798646743377825,-0.0025420795482411804,0,0,0.00035610946322728857,0.00035610946322728857,0,0.00035610946322728857,-0.75663663777331969,-39.384928145148059,17.848590525401125,0.92320295821040299,0.78397250712830324,0.13909189642598929,-1.99402240802936e-16,-39.689341280544326,17.423868880238405,0.80239953331011182,0.61207037959793564,0.00095411228605214976,0.1127727411592887,-40.079505662193363,17.532797079617772,1.0210956064526893,0.79803625623508678,0.00072114360403064911,1,1.8307835762794629,1.7616246212198707,1,1,1
1784884780.7964525,1,0.83079416592518029,0.99997520980452159,1.0522955776526575,0.0070412908193591538,2,0,1,0,0.13800843551901218,0.53389793146778808,-0.68174244924179472,0.034630850305716526,-0.33798741667931531,-0.0025425541710097093,-0.00035610946322728857,0,0,0,0,0,-0.43805279028981664,-40.499971611340321,17.117721516817888,1.1155369078375703,0.84719609641284388,0.069545948212994646,-3.1618708509666297e-16,-39.689344877770196,17.423872341575258,0.80239953741949344,0.61207041235148685,0.00095411228854416037,0.10823982262829507,-40.062347475005701,17.528281162483825,1.0115955339254119,0.7898566718749207,0.0007926709229600107,1,1.8307835762794629,1.7616246212198707,1,1,1
1784884780.8164525,1,0.83845172652484357,0.99997520980452159,1.0522955776526575,0.0070412908193591538,2,0,1,0,0.13800891014178071,0.53389840609055661,-0.68174244924179472,0.034630850305716526,-0.33798789130208384,-0.0025420795482411804,0,0.00035610946322728857,0,0,-0.00035610946322728857,0.00035610946322728857,-0.43805279028981664,-39.862803916373316,17.579322995923089,0.92320295821040299,0.64488061070231395,-0.10115774285526494,4.4445417370347505e-16,-39.689364749666481,17.423875296591138,0.80239968757572933,0.6120704222656701,0.00095411231175692628,0.10293334103606533,-40.045910903509267,17.523558526016924,1.002128308835887,0.78187490450168629,0.00073587741171029272,1,1.8307835762794629,1.7616246212198707,1,1,1
1784884780.8364525,1,0.84597845008379591,0.99997520980452159,1.0522955776526575,0.0070412908193591538,2,0,1,0,0.13800891014178071,0.53389793146778808,-0.68174244924179472,0.034630375682947995,-0.33798789130208384,-0.0025425541710097093,0.00035610946322728857,-0.00035610946322728857,0,-0.00035610946322728857,0.00035610946322728857,0,-0.43805279028981664,-39.544220068889814,17.579322995923089,0.92320295821040299,0.78397250712830324,0.13909189642598929,-2.0186913304385116e-16,-39.689345145342912,17.423872599039434,0.80239946885385194,0.61207042627102437,0.00095411228952531314,0.097710224579480476,-40.02844766229164,17.518911885357941,0.99294717136583543,0.77383830495400152,0.00080715843589852635,1,1.8307835762794629,1.7616246212198707,1,1,1
1784884780.8574488,1,0.85373542125744906,0.99997520980452159,1.0522955776526575,0.0070412908193591538,2,0,1,0,0.13800891014178071,0.53389840609055661,-0.68174244924179472,0.034630375682947995,-0.33798836592485237,-0.0025425541710097093,0,0,0,0.00035610946322728857,0.00035610946322728857,0,0.47787577122525454,-39.544220068889814,17.213888491631472,0.84626937835953597,0.48049927856250846,-0.031611794642270291,4.2844846989760237e-16,-39.689365017252911,17.423875554068516,0.80239961900308221,0.61207043619278312,0.00095411230532062698,0.093195064492711754,-40.011792252840849,17.514127954556244,0.98310776610743511,0.76568798646056402,0.0008145594709098213,1,1.8307835762794629,1.7616246212198707,1,1,1
1784884780.8774488,1,0.86098283980410106,0.99997520980452159,1.0522955776526575,0.0070412908193591538,2,0,1,0,0.13800843551901218,0.53389840609055661,-0.68174197461902619,0.03462990106017947,-0.33798884054762091,-0.0025425541710097093,0,0,0.00035610946322728857,0.00035610946322728857,0,0,0.15929192374175152,-39.066344297664557,17.310055466445053,0.92320295821040299,0.88513024998356815,0.037934153570724355,2.4422893853930661e-16,-39.689362222766185,17.423872865144411,0.80239940919085151,0.61207044520676845,0.00095411229835713372,0.0885772435228801,-39.995813558200197,17.509368740074191,0.9741473102262993,0.75813715905914869,0.0008214743161315427,1,1.8307835762794629,1.7616246212198707,1,1,1
1784884780.8974488,1,0.86808857753848634,0.99997520980452159,1.0522955776526575,0.0070412908193591538,2,0,1,0,0.13800891014178071,0.53389840609055661,-0.68174244924179472,0.034629426437410939,-0.33798931517038944,-0.0025425541710097093,0.00035610946322728857,-0.00035610946322728857,-0.00035610946322728857,0,0,-0.00035610946322728857,-0.27876086654806514,-39.384928145148059,17.117721516817888,0.84626937835953597,0.64488061070231395,0.037934153570724355,7.2291028185344388e-16,-39.68936555239587,17.423876068994499,0.80239948187025023,0.61207046403051857,0.00095411230728083914,0.083622365633749529,-39.979725131496082,17.505556689532607,0.96548690059374787,0.75067110603907083,0.00089235369902029881,1,1.8307835762794629,1.7616246212198707,1,1,1
1784884780.9174488,1,0.87504907890504946,0.99997520980452159,1.0522955776526575,0.0070412908193591538,2,0,1,0,0.13800843551901218,0.53389840609055661,-0.68174244924179472,0.034628951814642414,-0.33798978979315797,-0.0025425541710097093,-0.00035610946322728857,0,0,0,0,0,-0.27876086654806514,-39.544220068889814,17.310055466445053,1.1155369078375703,0.68281476427303833,-0.063223589284540582,7.6319648631792536e-16,-39.68936581996693,17.423876326457094,0.80239941330319464,0.61207047794899183,0.00095411230826033112,0.080042021733947311,-39.964808895445977,17.500977060981,0.95688129166060287,0.7433576502858853,0.00083489509651517334,1,1.8307835762794629,1.7616246212198707,1,1,1
1784884780.9374487,1,0.88186078834823478,0.99997520980452159,1.0522955776526575,0.0070412908193591538,2,0,1,0,0.13800891014178071,0.53389888071332514,-0.68174244924179472,0.034628477191873883,-0.3379902644159265,-0.0025425541710097093,0,0,0.00035610946322728857,0,-0.00035610946322728857,0,0.31858384748350305,-39.703511992631562,17.675489970736674,0.4616014791052015,0.91674204462583853,0,4.2852966313626774e-16,-39.689385950456156,17.423879530301029,0.8023994859820468,0.61207049677160952,0.00095411231718240156,0.07527448917337487,-39.949810846475991,17.496491846054234,0.94845976381627928,0.73626463590248536,0.00084139424020323369,1,1.8307835762794629,1.7616246212198707,1,1,1
1784884780.9584389,1,0.8888458311747488,0.99997520980452159,1.0522955776526575,0.0070412908193591538,2,0,1,0,0.13800843551901218,0.53389888071332514,-0.68174244924179472,0.034628477191873883,-0.33799073903869503,-0.0025425541710097093,0,0,0,0,-0.00035610946322728857,0,-0.43805279028981664,-39.544220068889814,17.771656945550255,0.92320295821040299,0.81558430177057351,-0.13276953749753523,5.4669552148522245e-16,-39.689385959434802,17.423879538940614,0.80239949488422269,0.61207050178730693,0.00095411232503213761,0.070823845536359231,-39.934413095944819,17.492466655939271,0.939823881226032,0.72892538670106333,0.00084805876257726246,1,1.8307835762794629,1.7616246212198707,1,1,1
1784884780.9784389,1,0.8953414790407721,0.99997520980452159,1.0522955776526575,0.0070412908193591538,2,0,1,0,0.13800843551901218,0.53389888071332514,-0.68174244924179472,0.034628002569105351,-0.3379902644159265,-0.0025420795482411804,0,0,0,0,0.00035610946322728857,0.00035610946322728857,-0.43805279028981664,-40.022095840115064,17.310055466445053,1.0193699330239865,0.74603835355757886,-0.063223589284540582,-5.8510559528869623e-17,-39.689386209032911,17.423879779108965,0.80239940851894442,0.61207050566587551,0.00095411231772935315,0.066685028558247206,-39.920094378320712,17.48845876434962,0.93179297220598767,0.72197214927060982,0.0007901566303459062,1,1.8307835762794629,1.7616246212198707,1,1,1
1784884780.9984391,1,0.90167749228279526,0.99997520980452159,1.0522955776526575,0.0070412908193591538,2,0,1,0,0.13800843551901218,0.53389888071332514,-0.68174244924179472,0.034627527946336827,-0.33799121366146356,-0.0025425541710097093,0,0,0,-0.00035610946322728857,0,-0.00035610946322728857,0,-40.340679687598573,17.675489970736674,1.2886374625020207,0.61326881606004369,0,4.102532331666183e-16,-39.689386485595783,17.4238800452238,0.80239934884578112,0.61207052460696976,0.00095411231913890737,0.062647925605547439,-39.906127585139387,17.484549400935112,0.92408408720161594,0.71537895426023324,0.00092440130665820397,1,1.8307835762794629,1.7616246212198707,1,1,1
1784884781.0184391,1,0.90785031534526273,0.99997520980452159,1.0522955776526575,0.0070412908193591538,2,0,1,0,0.13800843551901218,0.53389935533609367,-0.68174244924179472,0.034627053323568295,-0.33799168828423209,-0.0025425541710097093,0,0.00035610946322728857,0,-0.00035610946322728857,0,0,-0.27876086654806514,-39.066344297664557,18.040924475028291,0.92320295821040299,0.7144265589153086,-0.031611794642270291,-5.5827195741170718e-16,-39.689406616072993,17.423883249060726,0.80239942152312538,0.6120705434281154,0.00095411232805867117,0.058714802163394975,-39.892965885867348,17.48074340345261,0.91645244192411723,0.70889312520744141,0.00086619117790286734,1,1.8307835762794629,1.7616246212198707,1,1,1
1784884781.038439,1,0.91385639267261931,0.99997520980452159,1.0522955776526575,0.0070412908193591538,2,0,1,0,0.13800843551901218,0.53389888071332514,-0.68174244924179472,0.034626578700799764,-0.33799168828423209,-0.0025425541710097093,0,0,0,0,0,-0.00035610946322728857,0,-39.862803916373316,17.483156021109505,1.1155369078375703,0.61326881606004369,0,1.8246795690566439e-16,-39.689387011756395,17.423880551506656,0.80239920280612709,0.61207054742600076,0.00095411231324469235,0.054887923716930298,-39.879281026339356,17.477034940958251,0.90890204742330605,0.7025824842246583,0.00093602134016723475,1,1.8307835762794629,1.7616246212198707,1,1,1
1784884781.0584772,1,0.91970317626887055,0.99997520980452159,1.0522955776526575,0.0070412908193591538,2,0,1,0,0.13800843551901218,0.53389935533609367,-0.68174244924179472,0.034626578700799764,-0.33799216290700063,-0.0025420795482411804,-0.00035610946322728857,0,0.00035610946322728857,0,0.00035610946322728857,0.00035610946322728857,-0.43805279028981664,-39.862803916373316,17.483156021109505,0.84626937835953597,0.61326881606004369,-0.063223589284540582,-1.290513911250621e-16,-39.689406883626994,17.423883506506904,0.80239935296078668,0.61207055733715332,0.00095411233645451455,0.051589873445808392,-39.866410717512593,17.47314504882057,0.90167356921180253,0.69637512051676798,0.00081340044297361833,1,1.8307835762794629,1.7616246212198707,1,1,1
1784884781.0784771,1,0.92536475918277039,0.99997520980452159,1.0522955776526575,0.0070412908193591538,2,0,1,0,0.13800843551901218,0.53389888071332514,-0.68174244924179472,0.034626578700799764,-0.3379926375297691,-0.0025425541710097093,0,-0.00035610946322728857,0.00035610946322728857,0,0,0,0.31858384748350305,-39.862803916373316,17.483156021109505,0.84626937835953597,0.68281476427303833,0.037934153570724355,2.4875430328818141e-16,-39.689387029711966,17.423880568784149,0.80239922060949276,0.61207055745641825,0.00095411232894264321,0.047555164354821766,-39.853484795834831,17.469648901750901,0.89467380241392291,0.69049053944811078,0.00088290192550532121,1,1.8307835762794629,1.7616246212198707,1,1,1
1784884781.0984774,1,0.93084892288742571,0.99997520980452159,1.0522955776526575,0.0070412908193591538,2,0,1,0,0.13800843551901218,0.53389935533609367,-0.68174292386456325,0.034626578700799764,-0.33799311215253763,-0.0025425541710097093,0,0,0,0,0,0,-0.27876086654806514,-39.703511992631562,17.483156021109505,0.84626937835953597,0.78397250712830324,-0.20231548571052987,4.8405748422476657e-17,-39.68940996363748,17.423886470168338,0.80239951200268511,0.61207057227823758,0.00095411235267399538,0.044060832408304607,-39.841844245535441,17.466555312823797,0.88789377916265821,0.68472828847234624,0.00088813445580017631,1,1.8307835762794629,1.7616246212198707,1,1,1
1784884781.1184773,1,0.93615211182728086,0.99997520980452159,1.0522955776526575,0.0070412908193591538,2,0,1,0,0.13800843551901218,0.53389935533609367,-0.68174292386456325,0.034626104078031239,-0.33799358677530617,-0.0025425541710097093,0,0,-0.00035610946322728857,0,-0.00035610946322728857,0,0.15929192374175152,-39.384928145148059,17.117721516817888,0.92320295821040299,0.68281476427303833,0,-2.912537142957091e-16,-39.689410231204697,17.423886727627217,0.80239944343279002,0.61207058619444665,0.00095411235364995016,0.040681811735522322,-39.830154326732178,17.463568172292209,0.88133716847933652,0.67922028847567817,0.00089319429478989826,1,1.8307835762794629,1.7616246212198707,1,1,1
1784884781.1387706,1,0.94134446222661838,0.99997520980452159,1.0522955776526575,0.0070412908193591538,2,0,1,0,0.13800843551901218,0.53389935533609367,-0.68174292386456325,0.034625629455262708,-0.33799358677530617,-0.0025425541710097093,0,0,0,0,0,-0.00035610946322728857,0,-39.544220068889814,17.021554542004303,0.84626937835953597,0.7144265589153086,0,3.2205232082475831e-18,-39.6894104897952,17.423886976448401,0.80239936596103145,0.61207059509594508,0.00095411234677770444,0.037373413800115718,-39.818708730965376,17.460079642753946,0.87491758286464272,0.67370054363980469,0.00096224807736214704,1,1.8307835762794629,1.7616246212198707,1,1,1
1784884781.1587706,1,0.94627224958218314,0.99997520980452159,1.0522955776526575,0.0070412908193591538,2,0,1,0,0.13800843551901218,0.5338998299588622,-0.68174292386456325,0.034625154832494176,-0.3379940613980747,-0.0025425541710097093,0,0.00035610946322728857,0,0,0,0,0,-38.747760450181055,17.771656945550255,1.3848044373156043,0.84719609641284388,-0.10115774285526494,1.4935099168938059e-17,-39.689430620254363,17.42389018027249,0.80239943863611507,0.6120706139146681,0.00095411235569367364,0.03423358688948297,-39.808292467003454,17.457042044860362,0.86882522855155631,0.66852288696541762,0.00090285004517640869,1,1.8307835762794629,1.7616246212198707,1,1,1
1784884781.1787705,1,0.95100834335179263,0.99997520980452159,1.0522955776526575,0.0070412908193591538,2,0,1,0,0.13800843551901218,0.5338998299588622,-0.68174292386456325,0.034624680209725651,-0.33799453602084323,-0.0025425541710097093,0,0,0,-0.00035610946322728857,-0.00035610946322728857,-0.00035610946322728857,-0.11946894280631364,-40.022095840115064,17.675489970736674,1.1155369078375703,0.68281476427303833,0,4.8536000959280032e-16,-39.689430887820407,17.423890437730247,0.80239937006505258,0.61207062783009136,0.00095411235666840088,0.031215900939153718,-39.797425403950882,17.45411995742581,0.86309437745665185,0.66361073983953933,0.00097146851506760257,1,1.8307835762794629,1.7616246212198707,1,1,1
1784884781.1987705,1,0.95554918797989075,0.99997520980452159,1.0522955776526575,0.0070412908193591538,2,0,1,0,0.13800843551901218,0.5338998299588622,-0.68174292386456325,0.034624680209725651,-0.33799453602084323,-0.0025425541710097093,0,0,0,0,0,0,-0.11946894280631364,-40.022095840115064,17.579322995923089,0.4616014791052015,0.7144265589153086,-0.16438133213980552,4.8536000959280032e-16,-39.689430887820407,17.423890437730247,0.80239937006505258,0.61207062783009136,0.00095411235666840088,0.028322621434265116,-39.787415815543689,17.451318101732191,0.85735570904483804,0.65877553031975933,0.00091170128765607041,1,1.8307835762794629,1.7616246212198707,1,1,1
1784884781.2187705,1,0.9598912279109223,0.99997520980452159,1.0522955776526575,0.0070412908193591538,2,0,1,0,0.13800843551901218,0.5338998299588622,-0.68174339848733179,0.034624680209725651,-0.33799501064361176,-0.0025420795482411804,0,0,-0.00035610946322728857,0.00035610946322728857,0,0.00035610946322728857,0,-39.862803916373316,17.021554542004303,1.2886374625020207,0.68281476427303833,-0.26553907499507046,1.3766387826208829e-16,-39.68943395881233,17.423893392713691,0.80239952021811123,0.61207063773882386,0.00095411237987509819,0.025556013859954763,-39.777847409105846,17.448926639336708,0.85186297506140296,0.6542133160522654,0.00085174440050240835,1,1.8307835762794629,1.7616246212198707,1,1,1
1784884781.2387707,1,0.96403090758933174,0.99997520980452159,1.0522955776526575,0.0070412908193591538,2,0,1,0,0.13800843551901218,0.5338998299588622,-0.68174339848733179,0.03462420558695712,-0.33799548526638029,-0.0025425541710097093,0,0,0,0,0,0,0.15929192374175152,-39.384928145148059,17.483156021109505,0.92320295821040299,0.51211107320477878,-0.063223589284540582,3.9751412440862956e-16,-39.689434226391818,17.423893650184382,0.80239945163961457,0.61207065166155539,0.0009541123734293531,0.022918343701361144,-39.768722397340056,17.446087688943425,0.8468694942565127,0.64986372763099021,0.00091979381729931072,1,1.8307835762794629,1.7616246212198707,1,1,1
1784884781.2594109,1,0.96808715143182,0.99997520980452159,1.0522955776526575,0.0070412908193591538,2,0,1,0,0.13800843551901218,0.5338998299588622,-0.68174292386456325,0.034623730964188595,-0.33799548526638029,-0.0025425541710097093,0,0,0,0,0,0,0.47787577122525454,-40.022095840115064,17.579322995923089,0.92320295821040299,0.68281476427303833,0.107480101783719,8.3853187830718585e-17,-39.689431422951692,17.423890952644989,0.80239923292164894,0.61207065566014962,0.0009541123586166273,0.020333836162018448,-39.759778335846576,17.443582250006298,0.84185438432529702,0.64560179656240613,0.00092366391539906582,1,1.8307835762794629,1.7616246212198707,1,1,1
1784884781.2794108,1,0.97180467996830711,0.99997520980452159,1.0522955776526575,0.0070412908193591538,2,0,1,0,0.13800843551901218,0.5338998299588622,-0.68174339848733179,0.034623256341420064,-0.33799595988914882,-0.0025425541710097093,0,-0.00035610946322728857,0,-0.00035610946322728857,0.00035610946322728857,0,0,-39.862803916373316,17.021554542004303,1.2886374625020207,0.51211107320477878,0.17070369106825958,4.0281042953528816e-16,-39.689434752546227,17.423894156461262,0.80239930559426464,0.61207067447706176,0.00095411236752961841,0.017965147073451204,-39.751159526544711,17.441291523762516,0.83738296167654902,0.64163167169399316,0.0009272108639809246,1,1.8307835762794629,1.7616246212198707,1,1,1
1784884781.2994108,1,0.97530906777110549,0.99997520980452159,1.0522955776526575,0.0070412908193591538,2,0,1,0,0.13800843551901218,0.53390030458163074,-0.68174292386456325,0.034623256341420064,-0.33799643451191735,-0.0025425541710097093,0,0.00035610946322728857,0,0,-0.00035610946322728857,0,-0.11946894280631364,-40.499971611340321,17.675489970736674,1.1155369078375703,0.74603835355757886,0.037934153570724355,-1.5899496445244333e-17,-39.689451562372653,17.423894165096982,0.80239931449560953,0.61207067949047622,0.00095411237537594118,0.015732264374871296,-39.744305717647777,17.439129218662671,0.83292571526582293,0.63807778165034534,0.00093055445137678425,1,1.8307835762794629,1.7616246212198707,1,1,1
1784884781.3194108,1,0.97859675928465917,0.99997520980452159,1.0522955776526575,0.0070412908193591538,2,0,1,0,0.13800843551901218,0.53389935533609367,-0.68174197461902619,0.034622781718651532,-0.33799643451191735,-0.0025425541710097093,0,-0.00035610946322728857,0,-0.00035610946322728857,0,-0.00035610946322728857,-0.43805279028981664,-39.384928145148059,17.213888491631472,0.4616014791052015,0.78397250712830324,-0.13276953749753523,-6.6936305351396664e-16,-39.689405971114468,17.423882628458678,0.80239867204009974,0.61207066878196659,0.0009541123367440516,0.013637453551416989,-39.736159300915659,17.437089323632247,0.82898501853387174,0.6345592620422964,0.00099779094411215426,1,1.8307835762794629,1.7616246212198707,1,1,1
1784884781.3395095,1,0.98167878841624312,0.99997520980452159,1.0522955776526575,0.0070412908193591538,2,0,1,0,0.13800843551901218,0.53389888071332514,-0.68174149999625766,0.034622781718651532,-0.33799643451191735,-0.0025425541710097093,0.00035610946322728857,0,0,0,0,-0.00035610946322728857,0.63716769496700609,-39.066344297664557,17.675489970736674,0.65393542873236876,0.7144265589153086,0,1.1711811935836666e-16,-39.689383046158682,17.42387673570548,0.80239838954806098,0.6120706589765037,0.00095411232086351817,0.011246352797952558,-39.729770194855242,17.435181797894892,0.82504966332879026,0.63132093442162751,0.0010007315305392203,1,1.8307835762794629,1.7616246212198707,1,1,1
1784884781.3595095,1,0.98452130709648744,0.99997520980452159,1.0522955776526575,0.0070412908193591538,2,0,1,0,0.13800796089624365,0.5338998299588622,-0.68174197461902619,0.034622781718651532,-0.33799690913468589,-0.0025425541710097093,-0.00035610946322728857,0.00035610946322728857,0,0,0,0,0,-40.499971611340321,17.117721516817888,0.4616014791052015,0.81558430177057351,-0.10115774285526494,3.6577425471361869e-16,-39.68942584298722,17.423885583465534,0.8023988221868037,0.61207067869821019,0.00095411235253072262,0.010289854434306351,-39.723973632609741,17.433436538977556,0.82153576552873897,0.62833429177685751,0.00093934394043045165,1,1.8307835762794629,1.7616246212198707,1,1,1
1784884781.3795094,1,0.98713644526970967,0.99997520980452159,1.0522955776526575,0.0070412908193591538,2,0,1,0,0.13800843551901218,0.53390077920439927,-0.68174387311010032,0.034621832473114476,-0.33799738375745442,-0.0025425541710097093,0,0,0,-0.00035610946322728857,0,0,0,-39.225636221406312,17.483156021109505,0.65393542873236876,0.48049927856250846,-0.13276953749753523,4.6573772171638746e-17,-39.689478342995301,17.423903767877952,0.80239952360937006,0.61207073092363729,0.00095411239426234794,0.0081962415165810487,-39.71783344582871,17.431840847514103,0.8184278935817243,0.62558659223407864,0.00094183911725990587,1,1.8307835762794629,1.7616246212198707,1,1,1
1784884781.3995097,1,0.98952064738035406,0.99997520980452159,1.0522955776526575,0.0070412908193591538,2,0,1,0,0.13800843551901218,0.5339012538271678,-0.68174387311010032,0.034621357850345945,-0.33799738375745442,-0.0025425541710097093,0,0,0.00035610946322728857,-0.00035610946322728857,0,0,0.47787577122525454,-40.181387763856819,17.483156021109505,0.4616014791052015,0.78397250712830324,0.069545948212994646,-3.9941374355508388e-17,-39.689498464437058,17.423906963038775,0.80239958737964723,0.61207074472529266,0.00095411239532639642,0.0066771049534062321,-39.712597865417791,17.430088019548826,0.81548027142981339,0.62308150168474641,0.00094411391509699612,1,1.8307835762794629,1.7616246212198707,1,1,1
1784884781.4195096,1,0.99167035787286506,0.99997520980452159,1.0522955776526575,0.0070412908193591538,2,0,1,0,0.13800891014178071,0.53390030458163074,-0.68174292386456325,0.034621357850345945,-0.33799738375745442,-0.0025425541710097093,0.00035610946322728857,0,0,-0.00035610946322728857,0,0,-0.11946894280631364,-38.588468526439307,17.483156021109505,0.4616014791052015,0.7144265589153086,-0.13276953749753523,-1.7889401008895403e-16,-39.689452614679979,17.423895177649289,0.80239902240078198,0.61207072511931226,0.00095411236357307997,0.0048800475181736734,-39.707813839146382,17.429034810878413,0.81282193748765275,0.62082276067545528,0.00094616494903544137,1,1.8307835762794629,1.7616246212198707,1,1,1
1784884781.4395096,1,0.99358202119168726,0.99997520980452159,1.0522955776526575,0.0070412908193591538,2,0,1,0,0.13800985938731775,0.5338998299588622,-0.68174102537348913,0.034621357850345945,-0.33799785838022295,-0.0025425541710097093,0,-0.00035610946322728857,0.00035610946322728857,0,0,0,-0.27876086654806514,-40.818555458823823,17.483156021109505,0.65393542873236876,0.61326881606004369,0.069545948212994646,1.111205076496706e-17,-39.689420512625986,17.423880454459368,0.80239832507424036,0.61207070562238963,0.00095411233172336537,0.0040893287636397657,-39.703140687715177,17.427555742336594,0.81033313888404646,0.61881413816293507,0.00094798885899761499,1,1.8307835762794629,1.7616246212198707,1,1,1
1784884781.4595096,1,0.9952520817812649,0.99997520980452159,1.0522955776526575,0.0070412908193591538,2,0,1,0,0.13800938476454924,0.5338998299588622,-0.68174149999625766,0.034621357850345945,-0.33799738375745442,-0.0025425541710097093,-0.00035610946322728857,-0.00035610946322728857,0,0,0,0.00035610946322728857,-0.11946894280631364,-40.659263535082076,17.579322995923089,1.1155369078375703,0.61326881606004369,0.34140738213651917,1.766671272886862e-16,-39.689423565694554,17.423883392196313,0.80239845741954774,0.61207070551106613,0.00095411233181637127,0.0034525514631962803,-39.699462319156531,17.4268130527952,0.80826850531815131,0.61705938920350678,0.00088548258111250853,1,1.8307835762794629,1.7616246212198707,1,1,1
1784884781.4795096,1,0.99667698408604255,0.99997520980452159,1.0522955776526575,0.0070412908193591538,2,0,1,0,0.13800843551901218,0.53390030458163074,-0.68174149999625766,0.03462088322757742,-0.33799690913468589,-0.0025420795482411804,-0.00035610946322728857,0,0,0,0,0.00035610946322728857,0,-39.066344297664557,17.579322995923089,0.75010240354595237,0.81558430177057351,0.037934153570724355,-2.3245356805966004e-16,-39.689443678187111,17.423886578736827,0.80239851229766013,0.61207071429210302,0.00095411233245651155,0.0025446497461075143,-39.696768709386326,17.425937005485718,0.8065068942912561,0.61556223929262299,0.00088684209861114355,1,1.8307835762794629,1.7616246212198707,1,1,1
1784884781.4995096,1,0.99785317255046468,0.99997520980452159,1.0522955776526575,0.0070412908193591538,2,0,1,0,0.13800606240516952,0.53389793146778808,-0.68173627914580381,0.034620408604808889,-0.33799358677530617,-0.0025420795482411804,0,0,0.00035610946322728857,-0.00035610946322728857,0.00035610946322728857,0.00035610946322728857,0.47787577122525454,-40.022095840115064,16.752287012526271,1.0193699330239865,0.48049927856250846,-0.031611794642270291,1.8586720426591046e-16,-39.689310876489934,17.423839624695006,0.80239611257159749,0.61207060962267024,0.0009541121435657743,0.0013678890975125091,-39.694043482608578,17.42487951181981,0.80517496759075169,0.61426220253486696,0.0008879641260451204,1,1.8307835762794629,1.7616246212198707,1,1,1
1784884781.5195096,1,0.99877709161897577,0.99997520980452159,1.0522955776526575,0.0070412908193591538,2,0,1,0,0.13800606240516952,0.53388654052134343,-0.68168454526403421,0.034620408604808889,-0.33798599281100972,-0.0025420795482411804,0,-0.00071221892645457715,0.0056977514116366172,0,0.00035610946322728857,0,1.5929192374175152,-39.703511992631562,17.117721516817888,1.0193699330239865,0.61326881606004369,0.069545948212994646,-5.9998062786682584e-17,-39.688500213485483,17.423447575316946,0.80237718255037671,0.61206987538878477,0.00095411095893227482,0.00077919771429291185,-39.690342400947152,17.41964449186338,0.80388914083801155,0.61329069838975969,0.00095294416864416943,1,1.8307835762794629,1.7616246212198707,1,1,1
1784884781.5395095,1,0.99944518573602015,0.99997520980452159,1.0522955776526575,0.0070412908193591538,2,0,1,0,0.13800843551901218,0.53386233476014844,-0.6815127318218267,0.034619933982040357,-0.33798504356547265,-0.0025425541710097093,0,-0.0021366567793637313,0.011039393360045946,-0.00035610946322728857,0,0,0,-39.225636221406312,17.675489970736674,0.4616014791052015,0.64488061070231395,-0.031611794642270291,-1.033686111041905e-16,-39.686378368283521,17.422230372252507,0.8023187264103756,0.61206782788316727,0.0009541076160421299,0.00035350972571479566,-39.685039075809613,17.413742117877732,0.80312934880706222,0.61265077820451275,0.00095357826352737794,1,1.8307835762794629,1.7616246212198707,1,1,1
1784884781.5595095,1,0.9998538993460423,0.99997520980452159,1.0522955776526575,0.0070412908193591538,2,0,1,0,0.13800274004578983,0.53382341569312908,-0.68134803772114716,0.034618984736503301,-0.3379902644159265,-0.002543503416546767,-0.00035610946322728857,0.00035610946322728857,0.0017805473161364429,0,-0.00035610946322728857,0,0.79645961870875759,-40.181387763856819,17.310055466445053,0.65393542873236876,0.68281476427303833,0.069545948212994646,1.4367158614155958e-17,-39.683686280799193,17.420965652352457,0.80225801488495152,0.61206575186392609,0.00095410419615621106,0.00052042197278817182,-39.684436507700177,17.419631790888968,0.80243866569201328,0.61228336166425734,0.00095396480090920882,1,1.8307835762794629,1.7616246212198707,1,1,1
1784884781.5795095,1,0.99999967689348668,0.99997520980452159,1.0522955776526575,0.0070412908193591538,2,0,1,0,0.13799704457256748,0.53383528126234225,-0.68137841357833295,0.034616136999892126,-0.33799738375745442,-0.002543503416546767,0,0.00071221892645457715,-0.0021366567793637313,0,-0.00035610946322728857,0,-0.11946894280631364,-40.659263535082076,17.771656945550255,1.5771383869427718,0.61326881606004369,0.107480101783719,-6.4361841285683347e-17,-39.684380880024371,17.421229841036162,0.80227026964516501,0.61206633043145042,0.00095410500052891384,2.0587303217745045e-07,-39.685236256606053,17.422939366687025,0.8022706691565451,0.61213076962739033,0.00095410469225137374,1,1.8307835762794629,1.7616246212198707,1,1,1
1784884781.5995095,1,1,0.99997520980452159,1.0522955776526575,0.0070412908193591538,2,0,1,0,0.13799419683595629,0.53388369278473224,-0.68145245473022353,0.03461186539497537,-0.33800972394943618,-0.0025439780393152959,-0.00035610946322728857,0.003204985169045597,-0.0053416419484093288,0,-0.0010683283896818657,0.00035610946322728857,-1.0752204852568228,-39.862803916373316,17.310055466445053,1.1155369078375703,0.81558430177057351,-0.031611794642270291,-4.0653716159617828e-17,-39.686888002071768,17.421993264145662,0.80230628110359636,0.61206783539782328,0.00095410722996547813,0.00042733135587274629,-39.690733984274623,17.426266577704389,0.80230628110359636,0.61226013450796601,0.00089000752658456616,1,1.8307835762794629,1.7616246212198707,1,1,1
1784884781.6195095,1,1,0.99997520980452159,1.0522955776526575,0.0070412908193591538,2,0,1,0,0.1379794835301319,0.53391217015084391,-0.681526495882114,0.034607119167290076,-0.33801162244051031,-0.0025449272848523542,-0.0017805473161364429,0,0.00071221892645457715,-0.00035610946322728857,0,0,0.47787577122525454,-39.862803916373316,17.117721516817888,0.92320295821040299,0.51211107320477878,-0.063223589284540582,5.9858584098653332e-17,-39.688560552896632,17.422632660751354,0.80233607181539524,0.61206901872378339,0.00095410891662958751,0.0021366567793638424,-39.688560552896632,17.422062885610192,0.80246071012752485,0.61206901872378339,0.00095410891662958751,1,1.8307835762794629,1.7616246212198707,1,1,1
1784884781.6444151,1,1,0.99997520980452159,1.0522955776526575,0.0070412908193591538,2,0,1,0,0.13792300342067695,0.53390742392315871,-0.68150323936645607,0.034602372939604789,-0.3380040284762138,-0.0025458765303894119,-0.0060538608748639056,-0.00071221892645457715,0.0024927662425910197,-0.00071221892645457715,0.00071221892645457715,0,-0.43805279028981664,-38.907052373922809,17.213888491631472,0.92320295821040299,0.51211107320477878,0.107480101783719,-1.7195654038047192e-16,-39.688214216891133,17.422461068751531,0.80232681637058778,0.6120687337399251,0.00095410823197231718,0.0072646330498364643,-39.687359554179388,17.420466855757457,0.802576092994847,0.61194053433316331,0.00095410823197231718,1,1.8307835762794629,1.7616246212198707,1,1,1
1784884781.6644151,1,1,0.99997520980452159,1.0522955776526575,0.0070412908193591538,2,0,1,0,0.13760263305191989,0.53380063380023968,-0.68124362071207079,0.034588608879317445,-0.33798219582886146,-0.0025487242670005857,-0.015312706918773409,-0.0074782987277730601,0.017449363698137141,-0.00071221892645457715,0.00071221892645457715,0,0.79645961870875759,-40.340679687598573,17.310055466445053,0.84626937835953597,0.61326881606004369,0.037934153570724355,-1.6404692416000741e-16,-39.68207434627994,17.420190627052445,0.80221499785599504,0.61206487700712431,0.00095410134251656346,0.018375248302527979,-39.673100387806613,17.406231136093936,0.80246427448025404,0.61193667760036263,0.00095410134251656346,1,1.8307835762794629,1.7616246212198707,1,1,1
1784884781.6844151,1,1,0.99997520980452159,1.0522955776526575,0.0070412908193591538,2,0,1,0,0.13711567009140918,0.5336202771481986,-0.68069021056396595,0.034557758399363064,-0.33795751544489799,-0.0025525212491488178,-0.032405961153683258,-0.0085466271174549253,0.035610946322728855,-0.0028488757058183086,0.0017805473161364429,0,0,-39.703511992631562,17.406222441258638,1.1155369078375703,0.78397250712830324,-0.063223589284540582,-4.3401612562182829e-16,-39.670958828496005,17.415638845089443,0.80199057005847874,0.61205715435121788,0.00095408743484922418,0.038887153384419462,-39.66070287595506,17.387150088031259,0.80298767655551506,0.61173665583431336,0.00095408743484922418,1,1.8307835762794629,1.7616246212198707,1,1,1
1784884781.7044151,1,1,0.99997520980452159,1.0522955776526575,0.0070412908193591538,2,0,1,0,0.13621008984905589,0.53341286699835144,-0.6798449074132159,0.034458087617971978,-0.33791100241358213,-0.0025586913451396943,-0.056265295189911593,-0.0124638312129551,0.053060310020865996,-0.0056977514116366172,0.0028488757058183086,-0.00035610946322728857,0,-39.384928145148059,17.213888491631472,1.1155369078375703,0.54372286784704904,0.107480101783719,1.7258212362204715e-18,-39.656841492321441,17.409121025518168,0.80165859380287008,0.61204635862622547,0.00095406549209835765,0.067518354227893915,-39.641884894865896,17.366672777501474,0.80365280679694295,0.61153356099917822,0.0010181651954792696,1,1.8307835762794629,1.7616246212198707,1,1,1
1784884781.7244153,1,1,0.99997520980452159,1.0522955776526575,0.0070412908193591538,2,0,1,0,0.13472452058356021,0.53305452680811216,-0.67840252881965635,0.034378350992859116,-0.33779092285314433,-0.0025672345549732157,-0.090095694196504011,-0.022078786720091892,0.0840418333216401,-0.0028488757058183086,0.010327174433591369,0,0,-39.544220068889814,16.848453987339855,0.38466789925433453,0.61326881606004369,0.069545948212994646,1.0148989053870041e-16,-39.632467588524655,17.397878138993843,0.80110274756450739,0.6120239402537172,0.00095402579619624929,0.10811483303580492,-39.605973044460548,17.330644672336529,0.80209985406154383,0.61016504885567091,0.00095402579619624929,1,1.8307835762794629,1.7616246212198707,1,1,1
1784884781.7444153,2,1,0.99997520980452159,1.0522955776526575,0.0070412908193591538,2,0,1,0,0.13295655077078977,0.53260933065123195,-0.67683295132413102,0.034335160320922979,-0.33759964987742713,-0.0025696076688158606,-0.12428220266632371,-0.032762070616910548,0.11075004306368674,-0.0028488757058183086,0.011395502823273234,-0.00035610946322728857,-0.27876086654806514,-39.384928145148059,16.386852508234654,0.4616014791052015,0.54372286784704904,-0.10115774285526494,-1.1993599148226578e-16,-39.603527890708179,17.38520510790071,0.80048422034500777,0.61199449022419816,0.00095397669969063935,0.19770304853223575,-39.564213405967884,17.275104987322386,0.80148132684204421,0.60994329971600914,0.0010180764030715513,1,1.8307835762794629,1.7616246212198707,1,1,1
1784884781.7654138,2,1,0.99997520980452159,1.0522955776526575,0.0070412908193591538,2,0,1,0,0.12939450689297985,0.5316411002034328,-0.67335776341296183,0.034290071157912723,-0.33740885152447847,-0.0025686584232788028,-0.17235698020200765,-0.043801463976956494,0.1620298057684163,-0.0010683283896818657,0.0035610946322728858,0.00035610946322728857,0.31858384748350305,-39.225636221406312,16.559953062899101,0.38466789925433453,0.68281476427303833,0,3.2385827391207121e-17,-39.539886484571568,17.356981370643105,0.79912113267364004,0.61192212254277312,0.00095385916801092824,0.35154233664642448,-39.487324727799219,17.103297914491538,0.79949504761002865,0.61128112550896396,0.00088975946463001627,1,1.8307835762794629,1.7616246212198707,1,1,1
1784884781.7854137,2,1,0.99997520980452159,1.0522955776526575,0.0070412908193591538,2,0,1,0,0.12563312145238772,0.53068663381592107,-0.67001879223636052,0.03428579955299596,-0.33738084878113528,-0.0025662853094361579,-0.19692853316469058,-0.049499215388593108,0.17947916946655343,0,0.00071221892645457715,0.00035610946322728857,0.31858384748350305,-39.862803916373316,16.386852508234654,1.3848044373156043,0.41095333034951381,0,-9.8360278680272125e-17,-39.477343742322333,17.329363889919239,0.79779836870099852,0.61184213182410918,0.00095373166123659497,0.43017130612700971,-39.417944683856021,17.026822215412889,0.79779836870099841,0.61171393241734739,0.000889631957855683,1,1.8307835762794629,1.7616246212198707,1,1,1
1784884781.8054137,4,1,0.99997520980452159,1.0522955776526575,0.0070412908193591538,2,0,1,1,0.12181573052510919,0.52968565439709347,-0.66630534369538985,0.034286274175764492,-0.33738084878113528,-0.002563912195593513,-0.21829510095832788,-0.05519696680022973,0.1933674385324177,0,0,0,1.1150434661922606,-38.269884678955798,16.290685533421069,0.55776845391878516,0.7144265589153086,0,-4.0823747353439748e-16,-39.409928533968866,17.29866444579557,0.79633037094637393,0.61174174711206697,0.00095357231118185966,1.9392877083856292,-38.74756493236611,16.106546224850266,0.79633037094637393,0.61174174711206697,0.00095357231118185966,1,1.8307835762794629,1.7616246212198707,1,1,1
1784884781.8254137,4,1,0.99997520980452159,1.0522955776526575,0.0070412908193591538,2,0,1,1,0.11747388143860615,0.52854940748923507,-0.66252260023021392,0.034290071157912723,-0.3373827472722094,-0.0025586913451396943,-0.22541729022287366,-0.061606937138320925,0.19514798584855414,0.00035610946322728857,-0.00035610946322728857,0,2.3893788561262728,-38.747760450181055,15.559816524837833,0.38466789925433453,0.51211107320477878,0,-3.1061305609285563e-16,-39.335872424822888,17.266216685798625,0.79478037676544633,0.6116225009662315,0.00095338362352654325,2.7050074826744837,-38.59658917916304,15.514736827313085,0.7933559389125372,0.61251277462429976,0.00095338362352654325,1,1.8307835762794629,1.7616246212198707,1,1,1
# event,1784884782.0342493,RECOVERING,速度保护：零力拖拽速度超过管理器硬上限；保持力矩控制并增强阻尼，静止后切回位置保持
1784884781.9464695,6,1,0.99997520980452159,1.0522955776526575,0.0070412908193591538,2,0,1,1,0.093232523535988848,0.52292512768216681,-0.64480018605334211,0.034292444271755367,-0.3374207170936917,-0.0025572674768341076,-0.18161582624591716,-0.024927662425910199,0.11787223232823252,0,0,-0.00035610946322728857,1.9115030849010182,-39.225636221406312,16.386852508234654,0.92320295821040299,0.34140738213651917,0.037934153570724355,2.7323827723638822e-17,-38.969815515740052,17.106474942166738,0.78716013469388513,0.61085639323615681,0.00095217503974166068,2.3426215674428406,-38.67068356662913,16.127752618884415,0.78716013469388513,0.61085639323615681,0.0018424486978098821,1,1.8307835762794629,1.7616246212198707,1,1,1
1784884781.9664695,6,1,0.99997520980452159,1.0522955776526575,0.0070412908193591538,2,0,1,1,0.089668581167104786,0.52244528406318402,-0.64251440280010652,0.03429149502621831,-0.33742166633922877,-0.0025577420996026365,-0.1866013587310992,-0.022434896183319179,0.11431113769595963,0,0,0,2.2300869323845212,-39.066344297664557,16.194518558607484,0.92320295821040299,0.64488061070231395,0.17070369106825958,7.1491062737145046e-17,-38.932402129814726,17.086926216788694,0.78622868049412553,0.61074352022614642,0.00095199732775463322,2.412419022235389,-38.663183375614892,16.143814839829098,0.78622868049412553,0.61074352022614642,0.00095199732775463322,1,1.8307835762794629,1.7616246212198707,1,1,1
1784884781.9864695,6,1,0.99997520980452159,1.0522955776526575,0.0070412908193591538,2,0,1,1,0.08583173070631657,0.52208409613633344,-0.64040802695337495,0.034291969648986842,-0.3374207170936917,-0.0025572674768341076,-0.18624524926787192,-0.013888269065864253,0.095081226681686046,0,0.00035610946322728857,0,2.3893788561262728,-38.588468526439307,16.559953062899101,0.84626937835953597,0.44256512499178408,0,6.9474931863716686e-17,-38.901286058796551,17.069371832709535,0.78539271519319331,0.61063876921517757,0.00095183253837321494,2.4074334897502068,-38.734626830006178,16.308722019256049,0.78539271519319331,0.6097484955571093,0.00095183253837321494,1,1.8307835762794629,1.7616246212198707,1,1,1
1784884782.0064697,6,1,0.99997520980452159,1.0522955776526575,0.0070412908193591538,2,0,1,1,0.082054682714362989,0.52182210436810539,-0.6385479803235099,0.034292444271755367,-0.33741976784815464,-0.0025558436085285205,-0.18375248302528091,-0.0124638312129551,0.09828621185073165,-0.00035610946322728857,0,0,2.5486707798680244,-38.11059275521405,16.386852508234654,1.1155369078375703,0.7144265589153086,-0.13276953749753523,-2.2410909131555254e-16,-38.876170757029463,17.054191400987424,0.78466999092378331,0.6105457030370014,0.00095168619371315065,2.3725347623539323,-38.726604782473999,16.267901706181572,0.78609442877669244,0.6105457030370014,0.00095168619371315065,1,1.8307835762794629,1.7616246212198707,1,1,1
1784884782.0264697,6,1,0.99997520980452159,1.0522955776526575,0.0070412908193591538,2,0,1,1,0.078287127177780011,0.5216597833812685,-0.63645394466876004,0.034292918894523898,-0.3374221409619973,-0.0025558436085285205,-0.18304026409882632,-0.0014244378529091543,0.099354540240413514,0,0,0,1.9115030849010182,-39.544220068889814,16.290685533421069,0.28850092444075093,0.54372286784704904,0.107480101783719,-2.7173718381822623e-16,-38.853520744938997,17.037965176128257,0.78389770122635627,0.61044388411485773,0.00095152609838527601,2.3625636973835684,-38.836427490704089,16.243128854204947,0.78389770122635627,0.61044388411485773,0.00095152609838527601,1,1.8307835762794629,1.7616246212198707,1,1,1
1784884782.0464697,6,1,0.99997520980452159,1.0522955776526575,0.0070412908193591538,2,0,1,1,0.074944359019030446,0.52166452960895382,-0.63467458390954501,0.034292444271755367,-0.33742261558476583,-0.0025558436085285205,-0.18268415463559903,-0.00035610946322728857,0.081192957615821792,-0.00035610946322728857,0,0,2.7079627036097755,-38.269884678955798,16.386852508234654,0.92320295821040299,0.54372286784704904,0.037934153570724355,-4.438508068397111e-16,-38.840363448422231,17.02514208508768,0.78328733447587806,0.61036157486803344,0.00095139667333137695,2.3575781648983858,-38.836090134863504,16.375598424161105,0.78471177232878719,0.61036157486803344,0.00095139667333137695,1,1.8307835762794629,1.7616246212198707,1,1,1
1784884782.0664697,6,1,0.99997520980452159,1.0522955776526575,0.0070412908193591538,2,0,1,1,0.07117870197352158,0.52165598639912025,-0.63321654276462391,0.034292444271755367,-0.3374221409619973,-0.0025553689857599916,-0.18624524926787192,-0.00071221892645457715,0.066592469623502959,0,0,-0.00035610946322728857,2.7079627036097755,-39.703511992631562,17.021554542004303,1.0193699330239865,0.64488061070231395,0.037934153570724355,-3.323903902928504e-16,-38.829002660942017,17.014503533351597,0.78278109768569426,0.61029205377334406,0.00095128740186607784,2.4074334897502068,-38.820456033824563,16.481763776363572,0.78278109768569426,0.61029205377334406,0.0018415610599342993,1,1.8307835762794629,1.7616246212198707,1,1,1
1784884782.0864697,6,1,0.99997520980452159,1.0522955776526575,0.0070412908193591538,2,0,1,1,0.067431080593216799,0.52164507007544414,-0.6318339666398991,0.03429339351729243,-0.33742261558476583,-0.0025544197402229333,-0.17983527892978071,0,0.0687291264028667,0,-0.00035610946322728857,0,2.5486707798680244,-39.225636221406312,16.656120037712686,0.84626937835953597,0.58165702141777342,-0.063223589284540582,2.1807536176096003e-16,-38.818072123491341,17.004360390547195,0.7822986987341165,0.61022480859420536,0.00095118177189483901,2.3176939050169301,-38.818072123491341,16.454527379324261,0.7822986987341165,0.61111508225227362,0.00095118177189483901,1,1.8307835762794629,1.7616246212198707,1,1,1
1784884782.1064696,6,1,0.99997520980452159,1.0522955776526575,0.0070412908193591538,2,0,1,1,0.06424636181638739,0.521652189416972,-0.63063981575428019,0.034292918894523898,-0.33742451407583995,-0.0025544197402229333,-0.17057643288587121,0,0.059826389822184481,-0.00035610946322728857,0,0.00035610946322728857,1.7522111611592666,-37.951300831472295,16.559953062899101,0.84626937835953597,0.7144265589153086,0,2.336924196663684e-17,-38.80931998102065,16.99569463462867,0.78188639702314067,0.6101666900386048,0.00095109042006257254,2.1880700604021968,-38.80931998102065,16.517083516051194,0.7833108348760498,0.6101666900386048,6.0816761994351103e-05,1,1.8307835762794629,1.7616246212198707,1,1,1
1784884782.1264696,6,1,0.99997520980452159,1.0522955776526575,0.0070412908193591538,2,0,1,1,0.060757409844930915,0.52165266403974053,-0.62957808462108089,0.03429149502621831,-0.3374221409619973,-0.0025563182312970494,-0.17093254234909852,0,0.046294230219547511,0,0.00071221892645457715,0.00035610946322728857,2.2300869323845212,-39.066344297664557,16.752287012526271,0.55776845391878516,0.68281476427303833,0,-9.2663849082817848e-17,-38.801264147234242,16.987926832798941,0.78151661647180437,0.61011381744933857,0.00095100725169965593,2.1930555928873794,-38.801264147234242,16.617572991042561,0.78151661647180437,0.60833327013320215,6.0733593631434498e-05,1,1.8307835762794629,1.7616246212198707,1,1,1
1784884782.1464696,6,1,0.99997520980452159,1.0522955776526575,0.0070412908193591538,2,0,1,1,0.057193467476046853,0.52163652686561057,-0.62856903661518826,0.034291020403449779,-0.33741359775216379,-0.0025572674768341076,-0.17449363698137141,-0.0010683283896818657,0.053416419484093286,0.00035610946322728857,0.00071221892645457715,0,2.2300869323845212,-38.11059275521405,16.752287012526271,0.92320295821040299,0.64488061070231395,-0.063223589284540582,2.3088734096474704e-16,-38.792870198050743,16.980403561465813,0.78115859896650308,0.6100617517645972,0.00095092542005510575,2.2429109177391999,-38.780050257374562,16.553072205593068,0.77973416111359395,0.60828120444846079,0.00095092542005510575,1,1.8307835762794629,1.7616246212198707,1,1,1
1784884782.1664696,6,1,0.99997520980452159,1.0522955776526575,0.0070412908193591538,2,0,1,1,0.05355358546419816,0.52159001383429471,-0.6272709433432615,0.034290071157912723,-0.33741027539278406,-0.0025567928540655782,-0.18090360731946259,-0.0014244378529091543,0.071578002108685007,0,0,0.00035610946322728857,2.3893788561262728,-38.429176602697552,16.386852508234654,0.92320295821040299,0.74603835355757886,0,-1.315086537115104e-16,-38.780929661844503,16.97050976061837,0.78068787891898972,0.60999288931451723,0.00095081721103857037,2.3326505024724762,-38.763836407609595,16.397885743748891,0.78068787891898972,0.60999288931451723,6.0543552970348933e-05,1,1.8307835762794629,1.7616246212198707,1,1,1
1784884782.1864696,6,1,0.99997520980452159,1.0522955776526575,0.0070412908193591538,2,0,1,1,0.049806438706661918,0.52158858996598922,-0.62575262510673735,0.034290071157912723,-0.33741122463832113,-0.0025572674768341076,-0.1873135776575538,0,0.082261286005503656,0,0.00035610946322728857,0,3.0265465510932787,-39.225636221406312,16.559953062899101,0.84626937835953597,0.61326881606004369,-0.063223589284540582,-3.1632243560245395e-16,-38.769218338905397,16.959289687823002,0.7801544037056527,0.6099139517793174,0.00095069321284632928,2.4223900872057529,-38.769218338905397,16.301199399778973,0.7801544037056527,0.60902367812124913,0.00095069321284632928,1,1.8307835762794629,1.7616246212198707,1,1,1
1784884782.2064695,6,1,0.99997520980452159,1.0522955776526575,0.0070412908193591538,2,0,1,1,0.046341217873631879,0.52158858996598922,-0.62408859768027469,0.034289121912375667,-0.33741122463832113,-0.0025567928540655782,-0.19016245336337209,0,0.09686177399782249,-0.00035610946322728857,0,0,2.5486707798680244,-39.544220068889814,16.117584978756618,1.1155369078375703,0.48049927856250846,0.037934153570724355,-9.0216306532604059e-17,-38.756404011197517,16.946959429079662,0.77956804418891767,0.60982586749925138,0.0009505548429556192,2.462274347087209,-38.756404011197517,16.172065237097083,0.78099248204182681,0.60982586749925138,0.0009505548429556192,1,1.8307835762794629,1.7616246212198707,1,1,1
1784884782.2264695,6,1,0.99997520980452159,1.0522955776526575,0.0070412908193591538,2,0,1,1,0.042315942173737658,0.52157672439677594,-0.62202683637378486,0.034288647289607135,-0.33740790227894141,-0.0025577420996026365,-0.19835297101759974,-0.0014244378529091543,0.10540840111527741,0,0,0,2.5486707798680244,-38.747760450181055,15.92525102912945,0.65393542873236876,0.64488061070231395,0.069545948212994646,-2.3767784805297244e-17,-38.739942575391531,16.931526900905531,0.77883438432889474,0.60971354282624479,0.00095037842980266578,2.5769415942463962,-38.722849321156623,16.077442889752756,0.77883438432889474,0.60971354282624479,0.00095037842980266578,1,1.8307835762794629,1.7616246212198707,1,1,1
1784884782.2469215,4,1,0.99997520980452159,1.0522955776526575,0.0070412908193591538,2,0,1,1,0.038773357829437402,0.52149793701720015,-0.62006569509422316,0.034288172666838611,-0.33740030831464496,-0.0025572674768341076,-0.21010458330410026,-0.0074782987277730601,0.12107721749727811,0,-0.00035610946322728857,0,2.3893788561262728,-38.747760450181055,15.92525102912945,0.65393542873236876,0.54372286784704904,0.037934153570724355,-1.4281185139635181e-17,-38.721280583374494,16.916272871896169,0.7781093003664028,0.60960023400084196,0.00095020052776661774,2.5212549996492029,-38.631540998641213,15.905500696923388,0.7781093003664028,0.61049050765891022,0.00095020052776661774,1,1.8307835762794629,1.7616246212198707,1,1,1
1784884782.2669215,4,1,0.99997520980452159,1.0522955776526575,0.0070412908193591538,2,0,1,1,0.033876200103755458,0.52126869422000066,-0.61698444408093311,0.034288647289607135,-0.33740173218295055,-0.0025558436085285205,-0.21615844417896415,-0.009971064970364079,0.14137545690123357,0,0,0.00035610946322728857,2.8672546273515271,-38.429176602697552,15.290548995359799,0.84626937835953597,0.27186143392352452,-0.063223589284540582,1.9193849939020105e-16,-38.687222658178051,16.891366939747616,0.77692615435296331,0.60941169033340814,0.00094990461837183519,2.59390133014757,-38.567569878533682,15.677612370735281,0.77692615435296331,0.60941169033340814,5.9630960303613752e-05,1,1.8307835762794629,1.7616246212198707,1,1,1
1784884782.2869215,4,1,0.99997520980452159,1.0522955776526575,0.0070412908193591538,2,0,1,1,0.029441324954620735,0.52110020313717287,-0.61408734670183218,0.034290545780681254,-0.33740457991956174,-0.0025548943629914627,-0.21687066310541875,-0.0074782987277730601,0.13995101904832441,0,-0.00035610946322728857,0,2.5486707798680244,-38.11059275521405,15.92525102912945,0.92320295821040299,0.78397250712830324,0,-1.8751072673228646e-16,-38.657070792073867,16.868135751686154,0.77582319979519232,0.60923120975504852,0.00094962148208575,2.6024479572650248,-38.567331207340587,15.66862556120291,0.77582319979519232,0.61012148341311678,0.00094962148208575,1,1.8307835762794629,1.7616246212198707,1,1,1
1784884782.3069215,4,1,0.99997520980452159,1.0522955776526575,0.0070412908193591538,2,0,1,1,0.025228573261157568,0.52095876555215126,-0.61110861420654439,0.034289596535144198,-0.33740600378786734,-0.0025548943629914627,-0.2211439766641462,-0.0067660798013184824,0.14778542723932475,-0.00035610946322728857,0,0,2.7079627036097755,-37.951300831472295,15.559816524837833,0.84626937835953597,0.44256512499178408,-0.063223589284540582,-5.1404180538150044e-17,-38.627284010053664,16.844327963209754,0.7746926392293938,0.60904160790079609,0.00094932395780995913,2.6537277199697544,-38.546091052437845,15.566473690816506,0.77611707708230293,0.60904160790079609,0.00094932395780995913,1,1.8307835762794629,1.7616246212198707,1,1,1
1784884782.3269215,4,1,0.99997520980452159,1.0522955776526575,0.0070412908193591538,2,0,1,1,0.020729624038271433,0.52084817844708398,-0.60815029049030334,0.034291020403449779,-0.33740600378786734,-0.0025544197402229333,-0.2179389914951006,-0.0049855324851820395,0.13923880012186982,0,0,0.00035610946322728857,2.7079627036097755,-38.588468526439307,15.829084054315867,1.3848044373156043,0.58165702141777342,-0.063223589284540582,-6.9150857600594225e-18,-38.598833792652528,16.820747813889358,0.77357364092344894,0.60884921040479856,0.00094902221620994729,2.615267897941207,-38.539007402830343,15.628359812670659,0.77357364092344894,0.60884921040479856,5.8748558141725858e-05,1,1.8307835762794629,1.7616246212198707,1,1,1
1784884782.346946,4,1,0.99997520980452159,1.0522955776526575,0.0070412908193591538,2,0,1,1,0.017237349707435248,0.52076844182197113,-0.60588918762103128,0.03429149502621831,-0.33740790227894141,-0.0025539451174544044,-0.21152902115700942,-0.0049855324851820395,0.13995101904832441,0,-0.00035610946322728857,0,2.5486707798680244,-37.194664193698976,15.559816524837833,1.1155369078375703,0.58165702141777342,-0.16438133213980552,-1.711730054776525e-16,-38.577186217415132,16.802654695287671,0.77271515370732724,0.60869873728121093,0.00094878623730327498,2.5383482538841129,-38.517359827592948,15.603144504804428,0.77271515370732724,0.6095890109392792,0.00094878623730327498,1,1.8307835762794629,1.7616246212198707,1,1,1
1784884782.366946,4,1,0.99997520980452159,1.0522955776526575,0.0070412908193591538,2,0,1,1,0.012097185124266469,0.52071860643127554,-0.60269070478391451,0.034291020403449779,-0.3374069530334044,-0.0025548943629914627,-0.21651455364219144,-0.00071221892645457715,0.13069217300441491,0,0,-0.00035610946322728857,2.7079627036097755,-38.907052373922809,15.463649550024249,0.75010240354595237,0.30979558749424885,-0.063223589284540582,-3.8431177147506444e-16,-38.549155563552752,16.777393421367815,0.77151659909792292,0.608484192804577,0.00094844975864601761,2.5981746437062969,-38.540608936435298,15.670471691323668,0.77151659909792292,0.608484192804577,0.0018387234167142391,1,1.8307835762794629,1.7616246212198707,1,1,1
1784884782.386946,4,1,0.99997520980452159,1.0522955776526575,0.0070412908193591538,2,0,1,1,0.007644748932696171,0.52067873811871912,-0.59986100383794483,0.034290545780681254,-0.33740600378786734,-0.0025548943629914627,-0.21687066310541875,-0.0028488757058183086,0.14849764616577935,0.00035610946322728857,-0.00035610946322728857,-0.00035610946322728857,2.7079627036097755,-38.429176602697552,15.463649550024249,0.65393542873236876,0.58165702141777342,-0.13276953749753523,-2.3350718083315652e-16,-38.524386644065117,16.754928602024385,0.7704510110798789,0.60828931275078868,0.00094814418400215005,2.6024479572650248,-38.490200135595295,15.46995214036659,0.76902657322696977,0.60917958640885694,0.0018384178420703715,1,1.8307835762794629,1.7616246212198707,1,1,1
1784884782.4069459,4,1,0.99997520980452159,1.0522955776526575,0.0070412908193591538,2,0,1,1,0.0036583922998213252,0.52064883688430186,-0.59716372264439466,0.034291969648986842,-0.33740647841063587,-0.0025548943629914627,-0.21402178739960043,0,0.1427998947541427,0,-0.00035610946322728857,-0.00035610946322728857,2.7079627036097755,-38.429176602697552,15.367482575210666,1.1155369078375703,0.48049927856250846,-0.031611794642270291,-9.6606673294578237e-17,-38.500996149989746,16.733448047963414,0.76943273530347767,0.60809952108430454,0.00094784670924041208,2.5682614487952051,-38.500996149989746,15.505449100421988,0.76943273530347767,0.6089897947423728,0.0018381203673086335,1,1.8307835762794629,1.7616246212198707,1,1,1
1784884782.4269459,4,1,0.99997520980452159,1.0522955776526575,0.0070412908193591538,2,0,1,1,-0.00069294924205230083,0.52064978612983881,-0.59430174735016494,0.034291969648986842,-0.33740837690170994,-0.0025544197402229333,-0.20725570759828194,0,0.13567770548959696,0,-0.00035610946322728857,0,2.7079627036097755,-37.792008907730548,15.829084054315867,1.0193699330239865,0.58165702141777342,0.037934153570724355,-3.4211051752324617e-17,-38.477471127680907,16.710779114767664,0.76835812513850255,0.60789568348397194,0.00094752720555341867,2.4870684911793832,-38.477471127680907,15.554002059871694,0.76835812513850255,0.6087859571420402,0.00094752720555341867,1,1.8307835762794629,1.7616246212198707,1,1,1
1784884782.4474368,4,1,0.99997520980452159,1.0522955776526575,0.0070412908193591538,2,0,1,1,-0.0048881398930798944,0.52065263386645,-0.59170271306970024,0.034290545780681254,-0.33740885152447847,-0.0025553689857599916,-0.20547516028214549,0,0.12855551622505118,-0.00035610946322728857,0.00035610946322728857,0,2.5486707798680244,-37.632716983988793,15.732917079502283,0.84626937835953597,0.78397250712830324,0.107480101783719,-1.453946386027307e-16,-38.456070988867815,16.690089630795207,0.76737730174482455,0.60770634718098615,0.00094723038693347427,2.4657019233857458,-38.456070988867815,15.604534468544696,0.76880173959773368,0.60681607352291789,0.00094723038693347427,1,1.8307835762794629,1.7616246212198707,1,1,1
1784884782.4674368,4,1,0.99997520980452159,1.0522955776526575,0.0070412908193591538,2,0,1,1,-0.0093106748502328664,0.52064836226153333,-0.58895179950330634,0.034291020403449779,-0.33740600378786734,-0.0025558436085285205,-0.2019140656498726,-0.00035610946322728857,0.12997995407796031,0,0.00035610946322728857,0,1.9115030849010182,-38.269884678955798,15.367482575210666,0.92320295821040299,0.81558430177057351,0,-4.6336905418334442e-16,-38.432968856567868,16.66800681803447,0.76633100329943937,0.60750064800556403,0.00094690805185332566,2.4229687877984709,-38.428695543009141,15.568207277254867,0.76633100329943937,0.60661037434749576,0.00094690805185332566,1,1.8307835762794629,1.7616246212198707,1,1,1
1784884782.487437,6,1,0.99997520980452159,1.0522955776526575,0.0070412908193591538,2,0,1,1,-0.012974288000508011,0.52064836226153333,-0.5863537144683787,0.034291020403449779,-0.33740600378786734,-0.0025563182312970494,-0.19728464262791787,0.00035610946322728857,0.14707320831287019,0,0.00035610946322728857,-0.00035610946322728857,2.5486707798680244,-38.588468526439307,15.367482575210666,0.65393542873236876,0.58165702141777342,-0.13276953749753523,-5.8414773053375411e-17,-38.411206490093363,16.647066538093561,0.76533901316125519,0.60730265976768205,0.00094659781401249356,2.5619849967908501,-38.41547980365209,15.376334454964859,0.76533901316125519,0.60641238610961379,0.0018368714720807149,1,1.8307835762794629,1.7616246212198707,1,1,1
1784884782.507437,6,1,0.99997520980452159,1.0522955776526575,0.0070412908193591538,2,0,1,1,-0.016787881945638308,0.52065215924368147,-0.58347655124555609,0.034292444271755367,-0.33740837690170994,-0.0025553689857599916,-0.1933674385324177,0,0.13282882978377863,0,0,-0.00035610946322728857,2.8672546273515271,-38.907052373922809,15.829084054315867,0.84626937835953597,0.58165702141777342,0.037934153570724355,-2.1323937106019793e-16,-38.387135483787425,16.623774497421621,0.76423616376435199,0.60707908190668869,0.00094624760099928376,2.5071441394538474,-38.387135483787425,15.495486199583835,0.76423616376435199,0.60707908190668869,0.0018365212590675051,1,1.8307835762794629,1.7616246212198707,1,1,1
1784884782.527437,6,1,0.99997520980452159,1.0522955776526575,0.0070412908193591538,2,0,1,1,-0.020644191939936218,0.52065310848921853,-0.58108397786940158,0.034293868140060954,-0.33741312312939525,-0.0025544197402229333,-0.1780547316136443,0,0.11751612286500522,0,-0.00035610946322728857,-0.00035610946322728857,1.9115030849010182,-37.632716983988793,15.655983499651416,0.38466789925433453,0.54372286784704904,0.107480101783719,-3.1609765323125102e-17,-38.366911474138746,16.604281879205139,0.76331348909939223,0.60688939143960008,0.00094595050934379943,2.2927662425910205,-38.366911474138746,15.629120650555087,0.76331348909939223,0.60777966509766834,0.0018362241674120209,1,1.8307835762794629,1.7616246212198707,1,1,1
1784884782.5484295,6,1,0.99997520980452159,1.0522955776526575,0.0070412908193591538,2,0,1,1,-0.024375201523342476,0.52065453235752412,-0.57879012602910107,0.03429339351729243,-0.33741597086600644,-0.0025548943629914627,-0.16772755718005292,0,0.095081226681686046,0.00035610946322728857,0,-0.00035610946322728857,1.9115030849010182,-37.792008907730548,15.732917079502283,0.4616014791052015,0.41095333034951381,0,-2.2832099711495689e-16,-38.347451952042618,16.585508578217794,0.76242466951251409,0.60670421668278418,0.00094566041504566371,2.1481858005207406,-38.347451952042618,15.824858764764306,0.76100023165960495,0.60670421668278418,0.0018359340731138852,1,1.8307835762794629,1.7616246212198707,1,1,1
1784884782.5684295,6,1,0.99997520980452159,1.0522955776526575,0.0070412908193591538,2,0,1,1,-0.027604060217645079,0.52065073537537587,-0.57692106156663392,0.034292918894523898,-0.33741312312939525,-0.0025553689857599916,-0.16096147737873442,0,0.090451803659731295,0,0,0,1.9115030849010182,-38.429176602697552,15.92525102912945,0.65393542873236876,0.48049927856250846,-0.13276953749753523,-6.5630980940722422e-16,-38.331308285143443,16.570105079070768,0.76169544541638279,0.60655014471099578,0.00094541906377958781,2.0534606833022813,-38.331308285143443,15.846490649792917,0.76169544541638279,0.60655014471099578,0.00094541906377958781,1,1.8307835762794629,1.7616246212198707,1,1,1
1784884782.5884295,6,1,0.99997520980452159,1.0522955776526575,0.0070412908193591538,2,0,1,1,-0.030811086264595351,0.52065073537537587,-0.57502731672020335,0.03429339351729243,-0.33741359775216379,-0.0025553689857599916,-0.15455150704064324,0,0.10327174433591368,0,-0.00035610946322728857,-0.00035610946322728857,1.7522111611592666,-38.429176602697552,15.829084054315867,0.55776845391878516,0.68281476427303833,0.037934153570724355,-2.9352021929080122e-16,-38.315059245990035,16.554469857183502,0.76095558059247892,0.6063924501783482,0.00094517210025711802,1.9637210985690052,-38.315059245990035,15.721752413824365,0.76095558059247892,0.60728272383641646,0.0018354457583253394,1,1.8307835762794629,1.7616246212198707,1,1,1
1784884782.6084294,6,1,0.99997520980452159,1.0522955776526575,0.0070412908193591538,2,0,1,1,-0.033749950447326753,0.52065500698029266,-0.57299545664813079,0.034293868140060954,-0.33741597086600644,-0.0025548943629914627,-0.1495659745554612,0,0.090807913122958578,0,-0.00035610946322728857,0,1.7522111611592666,-37.792008907730548,15.732917079502283,0.55776845391878516,0.48049927856250846,0.107480101783719,3.3200225397430225e-16,-38.297745270975994,16.537663305688362,0.76016042699433128,0.60622136059666076,0.00094490418215658115,1.8939236437764571,-38.297745270975994,15.811200000704693,0.76016042699433128,0.60711163425472903,0.00094490418215658115,1,1.8307835762794629,1.7616246212198707,1,1,1
1784884782.6284294,6,1,0.99997520980452159,1.0522955776526575,0.0070412908193591538,2,0,1,1,-0.036657489527335239,0.52065643084859825,-0.57155023031796004,0.034294342762829486,-0.33742024247092317,-0.0025544197402229333,-0.13710214334250609,0,0.062319156064775498,0,0,0.00035610946322728857,2.3893788561262728,-37.792008907730548,15.732917079502283,0.92320295821040299,0.51211107320477878,0.069545948212994646,-2.4590440299945349e-16,-38.285315375558781,16.525654083043072,0.75959237631407073,0.60609823588239242,0.00094471139188612781,1.719430006795085,-38.285315375558781,16.02710083452487,0.75959237631407073,0.60609823588239242,5.4437733817906377e-05,1,1.8307835762794629,1.7616246212198707,1,1,1
1784884782.6494207,6,1,0.99997520980452159,1.0522955776526575,0.0070412908193591538,2,0,1,1,-0.039403656866043878,0.52065548160306119,-0.57039310000828647,0.034295766631135073,-0.3374221409619973,-0.0025544197402229333,-0.1185844512546871,0.00035610946322728857,0.048786996462138535,0,-0.00035610946322728857,-0.00035610946322728857,1.5929192374175152,-38.269884678955798,16.194518558607484,0.84626937835953597,0.68281476427303833,-0.031611794642270291,-2.319303118594833e-16,-38.275243535283366,16.515995295303789,0.75913573024742576,0.60599841823273304,0.00094455514037332963,1.4601823175656192,-38.279516848842093,16.125699323606682,0.75913573024742576,0.6068886918908013,0.0018348287984415511,1,1.8307835762794629,1.7616246212198707,1,1,1
1784884782.6694207,6,1,0.99997520980452159,1.0522955776526575,0.0070412908193591538,2,0,1,1,-0.041637706237509758,0.52065927858520944,-0.56948657052039608,0.034296241253903598,-0.33742783643521967,-0.0025534704946858756,-0.11359891876950505,0.00035610946322728857,0.038103712565319879,0,-0.00035610946322728857,0,0.95575154245050908,-38.588468526439307,16.559953062899101,0.096166974813583633,0.41095333034951381,-0.063223589284540582,2.4723582089825201e-16,-38.267539273776869,16.508451736295292,0.75877904056869971,0.60592042750269803,0.00094443304694650978,1.3903848627730708,-38.271812587335596,16.203622035772732,0.75877904056869971,0.6068107011607663,0.00094443304694650978,1,1.8307835762794629,1.7616246212198707,1,1,1
1784884782.6894207,6,1,0.99997520980452159,1.0522955776526575,0.0070412908193591538,2,0,1,1,-0.04379866370262217,0.52066544868120035,-0.56885105063333574,0.034295766631135073,-0.33743448115397906,-0.0025539451174544044,-0.09686177399782249,0,0.027776538131728506,0,-0.00035610946322728857,-0.00035610946322728857,1.2743353899340122,-38.747760450181055,16.656120037712686,0.28850092444075093,0.51211107320477878,-0.10115774285526494,-3.4275623063043159e-17,-38.262286486367714,16.503185589427016,0.75852992723581181,0.60586601618730107,0.00094434781371548822,1.1623412879738699,-38.262286486367714,16.280973284373189,0.75852992723581181,0.60675628984536933,0.0018346214717837096,1,1.8307835762794629,1.7616246212198707,1,1,1
1784884782.7094207,6,1,0.99997520980452159,1.0522955776526575,0.0070412908193591538,2,0,1,1,-0.045590839276587573,0.52066355019012622,-0.5684310094831877,0.034296241253903598,-0.33743637964505319,-0.0025539451174544044,-0.089739584733276714,0,0.015312706918773409,0,-0.00035610946322728857,0,0.79645961870875759,-37.951300831472295,16.386852508234654,1.2886374625020207,0.51211107320477878,0,-9.9205945225927265e-17,-38.25854470374459,16.499650319954245,0.75836282147756628,0.6058291660658115,0.00094429013087808005,1.0768750167993204,-38.25854470374459,16.377148664604057,0.75836282147756628,0.60671943972387976,0.00094429013087808005,1,1.8307835762794629,1.7616246212198707,1,1,1
1784884782.7294207,6,1,0.99997520980452159,1.0522955776526575,0.0070412908193591538,2,0,1,1,-0.047313719926347746,0.52066260094458916,-0.56820651291367341,0.034297190499440661,-0.33743732889059025,-0.0025539451174544044,-0.078700191373230768,0,0.0081905176542276369,0,-0.00035610946322728857,0,1.1150434661922606,-37.792008907730548,16.483019483048235,0.75010240354595237,0.54372286784704904,0,4.5005993517174653e-16,-38.256545980684798,16.497759682419119,0.75827358628241037,0.60580941496832552,0.00094425924292550342,0.94440229647876972,-38.256545980684798,16.432235541185296,0.75827358628241037,0.60669968862639378,0.00094425924292550342,1,1.8307835762794629,1.7616246212198707,1,1,1
1784884782.7494884,6,1,0.99997520980452159,1.0522955776526575,0.0070412908193591538,2,0,1,1,-0.048254422253572175,0.52066355019012622,-0.5681272509113291,0.034297190499440661,-0.33743732889059025,-0.0025534704946858756,-0.069085235866093983,0,0.0028488757058183086,0,0,0.00035610946322728857,1.2743353899340122,-38.429176602697552,16.290685533421069,0.84626937835953597,0.58165702141777342,0,1.0029470369135623e-16,-38.255897291431999,16.497102915242333,0.7582425231304093,0.60580252353019026,0.00094424846048816438,0.82902283039312785,-38.255897291431999,16.474311909595787,0.7582425231304093,0.60580252353019026,5.3974802419942946e-05,1,1.8307835762794629,1.7616246212198707,1,1,1
1784884782.7694883,6,1,0.99997520980452159,1.0522955776526575,0.0070412908193591538,2,0,1,1,-0.049878581367478317,0.52066544868120035,-0.56812155543810672,0.034297190499440661,-0.33743875275889584,-0.0025539451174544044,-0.05875806143250261,0,-0.00035610946322728857,-0.00035610946322728857,0,0,0.95575154245050908,-39.066344297664557,16.483019483048235,0.55776845391878516,0.58165702141777342,0,7.2838815677045365e-17,-38.255932148274411,16.49707129029564,0.75824104191693309,0.60580231508255611,0.00094424812480254489,0.70509673719003141,-38.255932148274411,16.499920166001459,0.75966547976984222,0.60580231508255611,0.00094424812480254489,1,1.8307835762794629,1.7616246212198707,1,1,1
1784884782.7894883,6,1,0.99997520980452159,1.0522955776526575,0.0070412908193591538,2,0,1,1,-0.050994894119058463,0.52066449943566329,-0.56812013156980112,0.034297665122209185,-0.33743922738166432,-0.0025539451174544044,-0.049855324851820398,0,0,0,0,0,0.47787577122525454,-38.11059275521405,16.559953062899101,0.38466789925433453,0.58165702141777342,0.069545948212994646,-1.3343706184425946e-16,-38.255877333231183,16.497051128441505,0.7582401820603063,0.60580213976119413,0.00094424786960058756,0.59826389822184467,-38.255877333231183,16.497051128441505,0.7582401820603063,0.60580213976119413,0.00094424786960058756,1,1.8307835762794629,1.7616246212198707,1,1,1
1784884782.8094883,6,1,0.99997520980452159,1.0522955776526575,0.0070412908193591538,2,0,1,1,-0.051862504539929424,0.52066449943566329,-0.56811775845595858,0.034297665122209185,-0.33743875275889584,-0.0025539451174544044,-0.044513682903411074,0,0,0,0,0,0.63716769496700609,-37.353956117440731,16.559953062899101,0.92320295821040299,0.68281476427303833,0.107480101783719,9.9812772754870772e-17,-38.255856571472769,16.497031150970951,0.75823923233457358,0.60580188896351161,0.00094424747725270876,0.53416419484093303,-38.255856571472769,16.497031150970951,0.75823923233457358,0.60580188896351161,0.00094424747725270876,1,1.8307835762794629,1.7616246212198707,1,1,1
1784884782.8294883,6,1,0.99997520980452159,1.0522955776526575,0.0070412908193591538,2,0,1,1,-0.052716350900513048,0.52066449943566329,-0.56811016449166207,0.034296715876672129,-0.33743827813612731,-0.0025544197402229333,-0.039884259881456316,0,0.00035610946322728857,0,0,0,0.47787577122525454,-37.792008907730548,16.386852508234654,0.28850092444075093,0.61326881606004369,0.037934153570724355,6.0241701325063032e-17,-38.255790990982639,16.496968047821479,0.7582360651172636,0.60580119530550713,0.00094424634389094592,0.47861111857747585,-38.255790990982639,16.49411917211566,0.7582360651172636,0.60580119530550713,0.00094424634389094592,1,1.8307835762794629,1.7616246212198707,1,1,1
# event,1784884783.1345687,HOLDING,零力拖拽速度超过管理器硬上限；增强阻尼后仍未达到严格静止阈值；已切到驱动器当前位置保持，正在恢复 ROS 位置控制器
1784884782.9704254,6,1,0.99997520980452159,1.0522955776526575,0.0070412908193591538,2,0,1,1,-0.06062546471527986,0.52064741301599626,-0.56445651841952604,0.034290545780681254,-0.33740410529679321,-0.0025572674768341076,-0.09686177399782249,0,0.08475405224809468,0,0.00035610946322728857,0.00035610946322728857,1.4336273136757636,-37.632716983988793,15.92525102912945,0.55776845391878516,0.74603835355757886,0,7.9223761547720725e-17,-38.223067009164239,16.466066722488854,0.75677324267122137,0.60547099127703941,0.00094372905877720319,1.1623412879738699,-38.223067009164239,15.788034304504096,0.75677324267122137,0.60458071761897114,5.3455400708981752e-05,1,1.8307835762794629,1.7616246212198707,1,1,1
1784884782.9904253,6,1,0.99997520980452159,1.0522955776526575,0.0070412908193591538,2,0,1,1,-0.062677258943630604,0.52064836226153333,-0.5626543757674215,0.034290545780681254,-0.33740220680571908,-0.0025572674768341076,-0.11039393360045946,0,0.11110615252691403,0,0,0,1.5929192374175152,-38.429176602697552,15.732917079502283,0.38466789925433453,0.54372286784704904,-0.063223589284540582,-2.2443580364006432e-16,-38.207257436300615,16.450821782949522,0.75605244716146858,0.60530723268358777,0.00094347268212636526,1.3455150704064323,-38.207257436300615,15.539760257680381,0.75605244716146858,0.60530723268358777,0.00094347268212636526,1,1.8307835762794629,1.7616246212198707,1,1,1
1784884783.0104253,6,1,0.99997520980452159,1.0522955776526575,0.0070412908193591538,2,0,1,1,-0.065100208176971014,0.52064836226153333,-0.5601678270830982,0.034290545780681254,-0.33740030831464496,-0.0025572674768341076,-0.12499442159277829,0.00035610946322728857,0.12499442159277829,0,0,0,1.7522111611592666,-38.588468526439307,15.290548995359799,1.1155369078375703,0.64488061070231395,0.107480101783719,3.0289974457243113e-17,-38.185293463643603,16.429687512620948,0.75505337131239758,0.60507799762678871,0.00094311381884779988,1.5499219022988961,-38.18956677720233,15.379743296693166,0.75505337131239758,0.60507799762678871,0.00094311381884779988,1,1.8307835762794629,1.7616246212198707,1,1,1
1784884783.0304253,6,1,0.99997520980452159,1.0522955776526575,0.0070412908193591538,2,0,1,1,-0.067674562073472166,0.52063697131508857,-0.55749427702797449,0.034291020403449779,-0.33739508746419117,-0.0025567928540655782,-0.13852658119541525,-0.0014244378529091543,0.13852658119541525,0,0.00035610946322728857,0,1.9115030849010182,-37.792008907730548,15.002048070919047,0.92320295821040299,0.54372286784704904,-0.063223589284540582,1.8842263883666431e-16,-38.16104986407899,16.406750724869866,0.75396935867018167,0.60482595675711726,0.00094271931248384312,1.7393721367358137,-38.143956609844082,15.221484912915713,0.75396935867018167,0.60393568309904899,0.00094271931248384312,1,1.8307835762794629,1.7616246212198707,1,1,1
1784884783.0494254,0,0,0.99997520980452159,1.0522955776526575,0.0070412908193591538,2,0,1,0,-0.069726830924591449,0.52060137460744893,-0.55608322353713791,0.034291969648986842,-0.33738654425435766,-0.0025572674768341076,0.11751612286500522,-0.00071221892645457715,-0.30198082481674071,0,0.0039172040955001743,-0.00035610946322728857,299.82722346291177,-36.079620727506715,-28.86932583903781,0.096166974813583633,0.17070369106825958,0.037934153570724355,1.291065074961068e-16,-38.146883366598821,16.394341251852403,0.75338304360257791,0.60468778205626927,0.00094250306694709329,0,0,0,0,0,0,1,1.8307835762794629,1.7616246212198707,1,1,1
# event,1784884783.3342745,HOLDING,驱动器当前位置保持中；等待编码器确认静止
# event,1784884783.6810138,READY,已从驱动器临时保持恢复 ROS 位置控制器
# event,1784884783.7395253,READY,位置控制在线；可长按 FREE 1 秒进入零力拖拽
# event,1784884791.7387938,ENTERING,软件服务 请求切换到零力拖拽
