# source,实体 FREE (DI bit 5)
stamp,status,handoff_progress,model_alignment,model_scale_estimate,model_normalized_residual,model_excited_joints,model_direction_mismatches,model_validation_passed,settling,position_elfin_joint1,position_elfin_joint2,position_elfin_joint3,position_elfin_joint4,position_elfin_joint5,position_elfin_joint6,velocity_elfin_joint1,velocity_elfin_joint2,velocity_elfin_joint3,velocity_elfin_joint4,velocity_elfin_joint5,velocity_elfin_joint6,measured_effort_elfin_joint1,measured_effort_elfin_joint2,measured_effort_elfin_joint3,measured_effort_elfin_joint4,measured_effort_elfin_joint5,measured_effort_elfin_joint6,gravity_effort_elfin_joint1,gravity_effort_elfin_joint2,gravity_effort_elfin_joint3,gravity_effort_elfin_joint4,gravity_effort_elfin_joint5,gravity_effort_elfin_joint6,commanded_effort_elfin_joint1,commanded_effort_elfin_joint2,commanded_effort_elfin_joint3,commanded_effort_elfin_joint4,commanded_effort_elfin_joint5,commanded_effort_elfin_joint6,effective_scale_elfin_joint1,effective_scale_elfin_joint2,effective_scale_elfin_joint3,effective_scale_elfin_joint4,effective_scale_elfin_joint5,effective_scale_elfin_joint6
# event,1786455683.7061975,ACTIVE,零力拖拽 ACTIVE；末端灯环应由固件进入蓝色零力示教状态
1786455683.6538827,1,0,0.99974926756745397,0.96678086792929974,0.022392007465594142,2,0,1,0,0.2948584457030875,0.85709752654804616,1.276746163666614,-2.6389823296462036,1.6778071493012816,-2.6411575257943718,0,0.003204985169045597,0,0,0,0,0.47787577122525454,-33.092897157348879,-4.5967813960892983,-0.26926752947803417,-8.8070459873365028,-0.20231548571052987,-1.0887829266642557e-15,-34.416757105513874,-1.263669289653941,-1.2818760121627557,-8.3388074598385895,-0.35790609456644351,0.47787577122525454,-33.092897157348879,-4.5967813960892983,-0.26926752947803417,-8.8070459873365028,-0.20231548571052987,1,1.8307835762794629,1.7616246212198707,1,1,1
1786455683.6750491,1,0.0052244583929394106,0.99974926756745397,0.96678086792929974,0.022392007465594142,2,0,1,0,0.29485797108031897,0.85713075014184326,1.276747112912151,-2.638981855023435,1.6778166417566522,-2.6411580004171404,-0.00035610946322728857,0.00035610946322728857,-0.00035610946322728857,0,0.00071221892645457715,-0.00035610946322728857,0.47787577122525454,-32.615021386123622,-4.8660489255673323,0.28850092444075093,-8.8765919355494987,-0.23392728035280017,-5.6825746365396501e-17,-34.418675507612512,-1.2627864636304977,-1.2817863447581523,-8.3389817918551472,-0.35793625633285869,0.47580646049736713,-33.100250962533963,-4.5790781907118143,-0.27455739190053347,-8.8047288048287466,-0.20306442024834248,1,1.8307835762794629,1.7616246212198707,1,1,1
1786455683.6959929,1,0.020084606501814813,0.99974926756745397,0.96678086792929974,0.022392007465594142,2,0,1,0,0.29485797108031897,0.85715068429812147,1.2767409428161602,-2.638981855023435,1.6778417967633843,-2.6411580004171404,0,0.0017805473161364429,0,0,0.0017805473161364429,0,0.63716769496700609,-33.092897157348879,-4.2313468917976804,-0.076933579850866907,-8.9777496784047628,-0.3350850232080651,-2.0145831617496279e-16,-34.42009407006627,-1.2619939025396283,-1.2817141535879142,-8.3391902703490146,-0.35796465609070011,0.46827782440344401,-33.121690041870593,-4.5298035015141798,-0.28960212152737191,-8.79796978787809,-0.20544163804994953,1,1.8307835762794629,1.7616246212198707,1,1,1
1786455683.7171423,1,0.043971001094816629,0.99974926756745397,0.96678086792929974,0.022392007465594142,2,0,1,0,0.29485749645755044,0.85719957044327988,1.2767366712112433,-2.638981855023435,1.6778650532790422,-2.6411580004171404,-0.00035610946322728857,0.0021366567793637313,0,0,0.00071221892645457715,0.00035610946322728857,0.15929192374175152,-32.77431330986537,-4.5967813960892983,-0.26926752947803417,-8.5667963480552487,-0.43624276606333007,-1.3731420514528914e-16,-34.423111972016855,-1.2605034946255032,-1.281564014147538,-8.3395068156928875,-0.35801742426617678,0.45729042652139529,-33.153952022556226,-4.4500819168314214,-0.31377921931371594,-8.7866160213150533,-0.20922595552460621,1,1.8307835762794629,1.7616246212198707,1,1,1
1786455683.7382965,1,0.075884270286078873,0.99974926756745397,0.96678086792929974,0.022392007465594142,2,0,1,0,0.29485797108031897,0.85724038800137337,1.276737145834012,-2.6389823296462036,1.6778968530045335,-2.6411584750399091,0,0.0017805473161364429,0,-0.00035610946322728857,0.0024927662425910197,0,-0.59734471403156819,-33.411481004832382,-4.1351799169840966,-0.26926752947803417,-8.7375000391235087,-0.3350850232080651,-1.9884945469741955e-16,-34.425579143917084,-1.2593091468174276,-1.2814501888422762,-8.3398014796636666,-0.35805953260645179,0.44161251703842891,-33.196163414202374,-4.3435197498532636,-0.34595163366798287,-8.7720381767502378,-0.21413400906062777,1,1.8307835762794629,1.7616246212198707,1,1,1
1786455683.7592518,1,0.11451391932801025,0.99974926756745397,0.96678086792929974,0.022392007465594142,2,0,1,0,0.29485702183478191,0.8572622206487257,1.276737145834012,-2.6389823296462036,1.6779685210425814,-2.6411589496626777,-0.00035610946322728857,0.00071221892645457715,0,0,0.0035610946322728858,-0.00035610946322728857,0.95575154245050908,-33.730064852315884,-4.2313468917976804,-0.26926752947803417,-8.9082037301917687,-0.3350850232080651,-6.786563498673015e-16,-34.427146724268184,-1.258423269671324,-1.2813957245171859,-8.3401710208297413,-0.35809166717280161,0.42357967506622773,-33.246541967330252,-4.2144929229126626,-0.3851702959543522,-8.7542233021194882,-0.22008992708434502,1,1.8307835762794629,1.7616246212198707,1,1,1
1786455683.7800496,1,0.15888361517650998,0.99974926756745397,0.96678086792929974,0.022392007465594142,2,0,1,0,0.29485702183478191,0.85728974876930042,1.276737145834012,-2.6389823296462036,1.6780401890806294,-2.6411589496626777,0,0.0021366567793637313,0,0,0.0035610946322728858,0,0.47787577122525454,-32.615021386123622,-3.7697454126924788,-0.90396956324768618,-8.7058882444812387,-0.26553907499507046,1.269668506616306e-16,-34.429040905088925,-1.2573883501660053,-1.2813246111573005,-8.3405648640483285,-0.35812976699667515,0.40194914108772328,-33.307752494520543,-4.0662065564577086,-0.43006681738022445,-8.7335707770906872,-0.22707182201740225,1,1.8307835762794629,1.7616246212198707,1,1,1
1786455683.8011103,1,0.20905059973988621,0.99974926756745397,0.96678086792929974,0.022392007465594142,2,0,1,0,0.29485654721201338,0.85733768566892188,1.2767357219657063,-2.6389828042689722,1.6781393852392519,-2.6411594242854459,-0.00035610946322728857,0.0024927662425910197,-0.00035610946322728857,0,0.006409970338091194,0.00035610946322728857,-0.43805279028981664,-33.570772928574129,-3.7697454126924788,-0.36543450429161783,-8.7058882444812387,-0.43624276606333007,-2.1349296028955189e-16,-34.432264708581222,-1.2556613557188498,-1.2811923540466572,-8.3411577139881565,-0.35819227733152487,0.37840288600532712,-33.375884066697253,-3.8980333602763215,-0.48081102094578398,-8.7108055590421074,-0.23496572218780906,1,1.8307835762794629,1.7616246212198707,1,1,1
1786455683.8222013,1,0.26367546188393159,0.99974926756745397,0.96678086792929974,0.022392007465594142,2,0,1,0,0.2948560725892449,0.8574245416355627,1.2767333488518637,-2.6389837535145091,1.6783567624672382,-2.6411603735309832,0,0.0056977514116366172,0,-0.00035610946322728857,0.013532159602636965,0,1.1150434661922606,-34.168117642605701,-3.6735784378788949,-0.73086900858323567,-8.8386577819787746,-0.23392728035280017,1.2536087619363645e-18,-34.438266374712171,-1.2523718940750568,-1.2809571522706171,-8.3423756074078597,-0.35831201631770926,0.35187165652429553,-33.454475308835534,-3.7149426759166833,-0.53590061973891945,-8.6869595990135107,-0.24344794297066877,1,1.8307835762794629,1.7616246212198707,1,1,1
1786455683.8429637,1,0.32086023384477491,0.99974926756745397,0.96678086792929974,0.022392007465594142,2,0,1,0,0.29485512334370784,0.85756170761566752,1.2767328742290951,-2.6389847027600464,1.6787279174722278,-2.6411608481537519,0,0.0074782987277730601,0,0,0.021722677256864602,0,-0.43805279028981664,-32.615021386123622,-3.6735784378788949,-0.36543450429161783,-8.6363422962682446,-0.23392728035280017,-4.2783972978993612e-16,-34.447777573655671,-1.2471416045673074,-1.2805993873734709,-8.3443910142346152,-0.35850437109387662,0.32454443952116707,-33.536598363030109,-3.5220151892857894,-0.59376370589703464,-8.6625084863838193,-0.25243028799858525,1,1.8307835762794629,1.7616246212198707,1,1,1
1786455683.8638813,1,0.38102038400453797,0.99974926756745397,0.96678086792929974,0.022392007465594142,2,0,1,0,0.29485512334370784,0.85773019869849532,1.2767271787558727,-2.6389856520055832,1.6792462055354613,-2.6411622720220573,-0.00035610946322728857,0.0092588460439095022,-0.00035610946322728857,-0.00035610946322728857,0.027776538131728506,0,0.31858384748350305,-33.849533795122198,-3.3081439335872771,0.19233394962716727,-8.6047305016259745,-0.26553907499507046,4.1585929578397129e-17,-34.459868056281053,-1.2403129632042313,-1.2801528897744716,-8.3471252456379226,-0.35875482332884845,0.29622269272241608,-33.624851549435732,-3.3176136173217388,-0.65431081933061896,-8.6368065865865695,-0.26192206220327718,1,1.8307835762794629,1.7616246212198707,1,1,1
1786455683.8848372,1,0.44297441310238139,0.99974926756745397,0.96678086792929974,0.022392007465594142,2,0,1,0,0.29485512334370784,0.85795944149569481,1.2767172116777337,-2.6389861266283519,1.6799111520341705,-2.6411632212675942,0,0.012107721749727811,-0.00035610946322728857,0,0.033474289543365128,0,0,-33.570772928574129,-2.8465424544820759,0,-8.5667963480552487,-0.23392728035280017,-1.930489730746221e-16,-34.476191449843043,-1.2311479503706417,-1.2795361759885608,-8.3506946291466022,-0.35909105577888978,0.26618903193089949,-33.720190400814026,-3.1056070081837492,-0.71679069024177189,-8.6109193843916625,-0.27176305185035288,1,1.8307835762794629,1.7616246212198707,1,1,1
1786455683.907608,1,0.51117523777628693,0.99974926756745397,0.96678086792929974,0.022392007465594142,2,0,1,0,0.29485464872093931,0.85828408346936857,1.2767167370549652,-2.6389870758738891,1.6807521835800039,-2.6411636958903628,0,0.016024925845227987,0,0,0.040952588271138186,0,-0.27876086654806514,-33.849533795122198,-3.2119769587736937,-1.0001365380612699,-8.6742764498389686,-0.16438133213980552,-1.2819945300647506e-15,-34.498488506678576,-1.2189747270164553,-1.278688218028911,-8.3552956046651445,-0.35953754370196528,0.2335975102416579,-33.830630560573049,-2.8701302688636599,-0.78525838996433195,-8.5834938439477462,-0.28268350858797903,1,1.8307835762794629,1.7616246212198707,1,1,1
1786455683.9285882,1,0.57387498179334318,0.99974926756745397,0.96678086792929974,0.022392007465594142,2,0,1,0,0.29485464872093931,0.85867042640295121,1.2767176863005023,-2.638988025119426,1.6816857665657003,-2.6411646451358997,0,0.021722677256864602,0.00035610946322728857,0,0.051279762704729552,-0.00035610946322728857,0.47787577122525454,-33.849533795122198,-2.8465424544820759,-0.73086900858323567,-8.6363422962682446,-0.23392728035280017,-7.4597175225149526e-16,-34.524668806841447,-1.2048356159098077,-1.2776752808092757,-8.3604937569536233,-0.36005375673423901,0.20363482171388136,-33.940622299341889,-2.6505134608153678,-0.84796750941351662,-8.5600111915426016,-0.29277343341899348,1,1.8307835762794629,1.7616246212198707,1,1,1
1786455683.9496691,1,0.63582338934708538,0.99974926756745397,0.96678086792929974,0.022392007465594142,2,0,1,0,0.29485512334370784,0.8592034277720092,1.2767195847915764,-2.6389884997421946,1.6829947761613033,-2.6411651197586683,0,0.028132647594955797,0,0,0.070153564255775847,0,0.15929192374175152,-34.008825718863946,-2.7503754796684921,-0.90396956324768618,-8.5667963480552487,-0.3350850232080651,-1.1163894244811678e-15,-34.560832367031452,-1.1852753856906091,-1.2762810164676237,-8.3677202850210612,-0.36076823513852052,0.17403117867796014,-34.060003874825128,-2.4276660817796505,-0.90955025789398203,-8.5403400718290499,-0.30306344990319933,1,1.8307835762794629,1.7616246212198707,1,1,1
1786455683.9704595,1,0.69500858200383575,0.99974926756745397,0.96678086792929974,0.022392007465594142,2,0,1,0,0.29485512334370784,0.85987217125286652,1.2767214832826506,-2.6389894489877315,1.6847167075655263,-2.6411651197586683,0,0.035254836859501565,0.00071221892645457715,-0.00035610946322728857,0.093656788828776899,0.00035610946322728857,-0.27876086654806514,-34.805285337572705,-1.9233394962716728,-1.1924704876884371,-8.6742764498389686,-0.3350850232080651,-4.458578146439296e-16,-34.606516678840137,-1.1604099439528532,-1.2745311164617896,-8.3770522930173499,-0.36167726058013255,0.14574800909200064,-34.187181518905248,-2.2090435210426493,-0.96780971129557403,-8.5250549015663371,-0.31313738659164786,1,1.8307835762794629,1.7616246212198707,1,1,1
1786455683.9913929,1,0.75180839062853888,0.99974926756745397,0.96678086792929974,0.022392007465594142,2,0,1,0,0.29485417409817077,0.86066194353969883,1.2767233817737247,-2.638990872856037,1.6867618570751177,-2.6411651197586683,0,0.041308697734365477,0,0,0.1029156348726864,0.00035610946322728857,-0.11946894280631364,-34.645993413830951,-1.9233394962716728,-1.1924704876884371,-8.5351845534129787,-0.43624276606333007,-3.2478631329518892e-17,-34.660453635015735,-1.1310395298798275,-1.2724551897309961,-8.3880598040748051,-0.36274878127782512,0.11860475674002408,-34.320969707324181,-1.9912075813204071,-1.023472429831223,-8.5105734734800151,-0.32299468315759172,1,1.8307835762794629,1.7616246212198707,1,1,1
1786455684.0124617,1,0.80525564513247749,0.99974926756745397,0.96678086792929974,0.022392007465594142,2,0,1,0,0.29485369947540224,0.86163919182009996,1.2767191101688078,-2.6389932459698797,1.6889778707813794,-2.6411651197586683,0.00035610946322728857,0.049499215388593108,0,0,0.10540840111527741,-0.00035610946322728857,0.63716769496700609,-34.168117642605701,-1.9233394962716728,-1.1924704876884371,-8.6047305016259745,-0.40463097142105975,-6.2723128557359842e-16,-34.725904709907326,-1.0959561098916932,-1.2698242703611,-8.4004450742383749,-0.36402045117982462,0.092636277418208735,-34.467284766056849,-1.7777220717561555,-1.0749714933494765,-8.4986018189489663,-0.3324652222972509,1,1.8307835762794629,1.7616246212198707,1,1,1
1786455684.0332229,1,0.85340109588873136,0.99974926756745397,0.96678086792929974,0.022392007465594142,2,0,1,0,0.29485417409817077,0.86265963077243724,1.2767195847915764,-2.638994195215417,1.6913429160369593,-2.6411655943814369,0,0.049143105925365825,0,-0.00035610946322728857,0.12143332696050541,0,-0.27876086654806514,-34.486701490089203,-1.2694040675393041,-0.90396956324768618,-8.7375000391235087,-0.43624276606333007,-5.7103573172095912e-16,-34.794214375806952,-1.0593174711770121,-1.2670897220464754,-8.4134601873508377,-0.36534420767514963,0.070056064362949144,-34.603774863145809,-1.5779058059023003,-1.1206854438059091,-8.4930174331553836,-0.34144437569647568,1,1.8307835762794629,1.7616246212198707,1,1,1
1786455684.0538743,1,0.89598406158388166,0.99974926756745397,0.96678086792929974,0.022392007465594142,2,0,1,0,0.29485369947540224,0.86368196821584864,1.2767105669589742,-2.638994195215417,1.693926762388831,-2.6411655943814369,0,0.049855324851820398,-0.00035610946322728857,0,0.12891162568827846,0,0.79645961870875759,-34.486701490089203,-1.4617380171664713,-0.44236808414248474,-8.5035727587707086,-0.30347322856579484,-8.0203178083257387e-16,-34.863690246031339,-1.0215433796514057,-1.2643308325053422,-8.427235665860012,-0.36670789090590505,0.049706696790320415,-34.739325930993438,-1.3931402294215929,-1.1608283892575144,-8.4899460854924076,-0.34960846061102535,1,1.8307835762794629,1.7616246212198707,1,1,1
1786455684.0744903,1,0.93236888433455178,0.99974926756745397,0.96678086792929974,0.022392007465594142,2,0,1,0,0.29485417409817077,0.86474132623520528,1.2767100923362058,-2.6389951444609538,1.6967426992745136,-2.6411655943814369,0,0.051991981631184132,0.00035610946322728857,0,0.14707320831287019,0,-0.59734471403156819,-34.805285337572705,-1.1924704876884371,-1.4617380171664713,-8.7375000391235087,-0.063223589284540582,1.2158649738067129e-16,-34.935889651421675,-0.98215029133803444,-1.2614895466005027,-8.4418687903318403,-0.36812774307303858,0.032319271557450568,-34.873636390841902,-1.2268967132419759,-1.1943844645946886,-8.4930393090771634,-0.35691367511660566,1,1.8307835762794629,1.7616246212198707,1,1,1
1786455684.095073,1,0.96175137367871488,0.99974926756745397,0.96678086792929974,0.022392007465594142,2,0,1,0,0.29485464872093931,0.86584767190864631,1.2767214832826506,-2.6389946698381852,1.6998823288883327,-2.6411651197586683,0,0.055553076263457013,0.0010683283896818657,0,0.15526372596709781,0,0,-34.96457726131446,-1.3655710423528877,-1.0963035128748535,-8.5035727587707086,-0.10115774285526494,-2.4632395732512857e-16,-35.011639464742473,-0.94061380505941372,-1.2585575939814602,-8.4576926901074891,-0.36962197144200204,0.018278091801590457,-35.004913898736284,-1.0813118557284542,-1.2207186079809085,-8.4990024445013876,-0.36322272818813151,1,1.8307835762794629,1.7616246212198707,1,1,1
1786455684.115977,1,0.98362935051651157,0.99974926756745397,0.96678086792929974,0.022392007465594142,2,0,1,0,0.29485654721201338,0.86698012183435647,1.2767361965884749,-2.6389932459698797,1.7031619722188678,-2.6411651197586683,-0.00035610946322728857,0.054484747873775149,0.00071221892645457715,0,0.16274202469487087,0,0,-34.327409566347448,-0.90396956324768618,-1.0001365380612699,-8.4340268105577145,-0.47417691963405439,-6.125335698728418e-16,-35.089178820373078,-0.89804845552417589,-1.2555520173123385,-8.4739640533201062,-0.37114628168181257,0.0082504681032524677,-35.12188009044592,-0.95916889116836346,-1.2394058996710011,-8.5087103853562471,-0.36838241189894838,1,1.8307835762794629,1.7616246212198707,1,1,1
1786455684.1368933,1,0.99661482349523556,0.99974926756745397,0.96678086792929974,0.022392007465594142,2,0,1,0,0.29485749645755044,0.86817617121104951,1.276746163666614,-2.6389913474788056,1.7066988610899458,-2.6411641705131315,0,0.05484085733700244,0.00035610946322728857,0.00035610946322728857,0.16737144771682563,0,-0.11946894280631364,-34.96457726131446,-0.82703598339681927,-1.4617380171664713,-8.6047305016259745,-0.3350850232080651,-1.6150546611887195e-16,-35.171309542558269,-0.85281050545047954,-1.2523426993470572,-8.49126047972252,-0.37276073351148231,0.0016176938329477419,-35.23008277858905,-0.86576939531457398,-1.2491394546917289,-8.5224563299924689,-0.37218374626327777,1,1.8307835762794629,1.7616246212198707,1,1,1
1786455684.1577988,1,1,0.99974926756745397,0.96678086792929974,0.022392007465594142,2,0,1,0,0.29485892032585603,0.86923980083532293,1.276803593021606,-2.6389894489877315,1.7103211820593589,-2.6411636958903628,-0.00035610946322728857,0.050211434315047689,0.0049855324851820395,0.00035610946322728857,0.18588913980464464,0,0.63716769496700609,-34.645993413830951,-1.0001365380612699,-1.4617380171664713,-8.6742764498389686,-0.23392728035280017,-2.7842989415785557e-16,-35.244814738423706,-0.81204413339975279,-1.2496333280923064,-8.5079689499479034,-0.37421339519598856,0.00042733135587246873,-35.305068459601763,-0.81603255938789843,-1.249757966404436,-8.5414289951127387,-0.37421339519598856,1,1.8307835762794629,1.7616246212198707,1,1,1
1786455684.1786375,1,1,0.99974926756745397,0.96678086792929974,0.022392007465594142,2,0,1,0,0.2948584457030875,0.87025027270952104,1.2769198755998956,-2.6389894489877315,1.7143350668128083,-2.6411641705131315,-0.00035610946322728857,0.049499215388593108,0.0060538608748639056,0,0.20120184672341804,-0.00035610946322728857,0,-34.805285337572705,-0.90396956324768618,-1.0963035128748535,-8.7375000391235087,-0.50578871427632466,4.9351527638824555e-16,-35.315133372273252,-0.77275639374673943,-1.2472336757018414,-8.5254210843219891,-0.37561094311816673,0.00042733135587324589,-35.374532430739563,-0.77759948244663057,-1.2472336757018414,-8.5616374167322036,-0.37554684341478584,1,1.8307835762794629,1.7616246212198707,1,1,1
1786455684.1994555,1,1,0.99974926756745397,0.96678086792929974,0.022392007465594142,2,0,1,0,0.29485892032585603,0.87127403402123804,1.2770513461067781,-2.6389889743649633,1.7188738843482509,-2.6411641705131315,-0.00035610946322728857,0.047006449146002091,0.0067660798013184824,0.00035610946322728857,0.21259734954669127,0,-0.27876086654806514,-35.283161108797962,-1.1924704876884371,-1.4617380171664713,-8.5351845534129787,-0.3350850232080651,-6.8630675144690234e-16,-35.38766627491578,-0.73162114116015964,-1.244829210807151,-8.544460339896748,-0.37706818817696253,0.00042733135587208016,-35.444074013890983,-0.73703400500121441,-1.2449538491192806,-8.5827278628151529,-0.37706818817696253,1,1.8307835762794629,1.7616246212198707,1,1,1
1786455684.2204709,1,1,0.99974926756745397,0.96678086792929974,0.022392007465594142,2,0,1,0,0.29486176806246722,0.87222470342660163,1.2772715710713756,-2.6389875504966573,1.7234587402922408,-2.6411636958903628,0.00035610946322728857,0.046294230219547511,0.015312706918773409,0.00035610946322728857,0.23111504163451027,0,0.63716769496700609,-35.44245303253971,-1.0001365380612699,-1.0963035128748535,-8.6363422962682446,-0.50578871427632466,-1.7244235553381948e-16,-35.453646136030002,-0.6947027350122239,-1.242859878450876,-8.5627952147870161,-0.37837055424010479,-0.00042733135587291282,-35.50919921229346,-0.70695290054724258,-1.2429845167630056,-8.6043959222812276,-0.37837055424010479,1,1.8307835762794629,1.7616246212198707,1,1,1
1786455684.2411354,1,1,0.99974926756745397,0.96678086792929974,0.022392007465594142,2,0,1,0,0.29486224268523575,0.87311651960866754,1.2777210388331726,-2.6389842281372777,1.7282747375245044,-2.6411636958903628,0,0.04237702612404734,0.02706431920527393,0.00035610946322728857,0.24892051479587471,0,0,-35.123869185056208,-0.53853505895606835,-1.6540719667936385,-8.6047305016259745,-0.16438133213980552,2.8775403284123091e-16,-35.510915638503477,-0.66451166687121432,-1.2416987282803054,-8.5805779167156278,-0.37943165881774549,2.7755575615628914e-16,-35.561768069852334,-0.68616312223543352,-1.241823366592435,-8.6253836093788845,-0.37943165881774549,1,1.8307835762794629,1.7616246212198707,1,1,1
1786455684.2620158,1,1,0.99974926756745397,0.96678086792929974,0.022392007465594142,2,0,1,0,0.29486366655354135,0.87405627269035491,1.2783674750439089,-2.6389828042689722,1.7336797416125123,-2.6411627466448255,0.00035610946322728857,0.045582011293092937,0.033830399006592411,0.00035610946322728857,0.26031601761914797,0.00035610946322728857,-0.11946894280631364,-35.44245303253971,-0.63470203376965206,-1.4617380171664713,-8.7058882444812387,-0.26553907499507046,-2.7233803320120265e-16,-35.567729827467005,-0.63608969477009403,-1.2409264318315301,-8.5995020453759352,-0.3804259223199154,-0.00042733135587302384,-35.622428241018717,-0.663154013975368,-1.2410510701436597,-8.6463589285473823,-0.38049002202329629,1,1.8307835762794629,1.7616246212198707,1,1,1
1786455684.2829175,1,1,0.99974926756745397,0.96678086792929974,0.022392007465594142,2,0,1,0,0.29487173514060633,0.87498178708898644,1.2791918947928438,-2.6389775834185185,1.7392081476203378,-2.6411627466448255,0.00071221892645457715,0.044869792366638357,0.045938120756320228,0.00035610946322728857,0.27847760024373963,0,0.47787577122525454,-35.761036880023212,-0.90396956324768618,-1.1924704876884371,-8.9082037301917687,-0.43624276606333007,-4.636251777455358e-16,-35.619243609293754,-0.61238496941672427,-1.2406734068826828,-8.6178405175427706,-0.38124341696540354,-0.00085466271174593667,-35.673087360133721,-0.64913546602178041,-1.2407980451948124,-8.6679664855866445,-0.38124341696540354,1,1.8307835762794629,1.7616246212198707,1,1,1
1786455684.3038545,1,1,0.99974926756745397,0.96678086792929974,0.022392007465594142,2,0,1,0,0.29488170221874543,0.87600412453239784,1.2803722816181753,-2.638948631429638,1.7459639281075792,-2.6411622720220573,0.00035610946322728857,0.047362558609229381,0.056621404653138883,0.0021366567793637313,0.31907407905165053,0,0.63716769496700609,-34.805285337572705,-1.0001365380612699,-0.53853505895606835,-8.8386577819787746,-0.063223589284540582,-3.4683627497811287e-16,-35.671138448283777,-0.59100195362557706,-1.2411864868804618,-8.6388583949902671,-0.38195725305876299,-0.00042733135587307936,-35.727973518614853,-0.63629907734808822,-1.2419343167532391,-8.6962917292195634,-0.38195725305876299,1,1.8307835762794629,1.7616246212198707,1,1,1
1786455684.3251226,1,1,0.99974926756745397,0.96678086792929974,0.022392007465594142,2,0,1,0,0.2948826514642825,0.87691302713413077,1.2815165971130986,-2.6388285518692003,1.7525431489249279,-2.6411603735309832,0,0.044869792366638357,0.060182499285411771,0.006409970338091194,0.3514800402053338,0,0.47787577122525454,-35.761036880023212,-0.44236808414248474,-0.53853505895606835,-8.9777496784047628,-0.50578871427632466,-1.1870658536000667e-16,-35.71636129301298,-0.57281904625389135,-1.2421677578619033,-8.658668559707829,-0.38250400239208193,-1.1102230246251565e-16,-35.770205043852947,-0.62096504568222077,-1.2444112474802351,-8.7219349669447883,-0.38250400239208193,1,1.8307835762794629,1.7616246212198707,1,1,1
1786455684.3464317,1,1,0.99974926756745397,0.96678086792929974,0.022392007465594142,2,0,1,0,0.29488407533258809,0.87784661011982734,1.2829618234432694,-2.6387782418557362,1.760386290174869,-2.6411603735309832,0.00035610946322728857,0.043801463976956494,0.073714658888048734,-0.00035610946322728857,0.37783214048415315,-0.00035610946322728857,-0.11946894280631364,-34.96457726131446,-1.0001365380612699,-1.3655710423528877,-8.6742764498389686,-0.50578871427632466,-1.7246946058813162e-16,-35.759571311575982,-0.5571827774242859,-1.243580823188168,-8.6810094567127383,-0.38296979876411147,-0.00042733135587291282,-35.812133068348331,-0.61615450453472487,-1.2434561848760384,-8.7490192419998856,-0.38290569906073058,1,1.8307835762794629,1.7616246212198707,1,1,1
1786455684.3677101,1,1,0.99974926756745397,0.96678086792929974,0.022392007465594142,2,0,1,0,0.29489309316519013,0.87880534811225586,1.2847430826935586,-2.6387606808133004,1.7681938347171706,-2.6411603735309832,0.00035610946322728857,0.049143105925365825,0.094012898292004182,0.0010683283896818657,0.39100819062356285,0,0,-35.920328803764967,-0.44236808414248474,-1.0963035128748535,-8.9398155248340387,-0.10115774285526494,5.3335970622708784e-17,-35.794962064696726,-0.54987629437085062,-1.2456709247366202,-8.701689074614789,-0.38314734100887565,-0.00042733135587269078,-35.853933791807165,-0.62508661300445401,-1.2460448396730088,-8.7720705489270312,-0.38314734100887565,1,1.8307835762794629,1.7616246212198707,1,1,1
1786455684.3887508,1,1,0.99974926756745397,0.96678086792929974,0.022392007465594142,2,0,1,0,0.29489783939287545,0.88000424522555998,1.2868926492122263,-2.6387530868490043,1.7769567948925211,-2.6411603735309832,-0.00035610946322728857,0.061606937138320925,0.11181837145336861,0,0.4137991962701093,0.00035610946322728857,-1.0752204852568228,-35.761036880023212,-0.82703598339681927,-1.4617380171664713,-8.6363422962682446,-0.43624276606333007,1.1805606405651536e-16,-35.837167622488906,-0.54278243073136156,-1.2479214110159043,-8.7242837557121824,-0.38328963583866765,0.00042733135587285731,-35.911095947054889,-0.63223712789405639,-1.2479214110159043,-8.7987676110408017,-0.38335373554204855,1,1.8307835762794629,1.7616246212198707,1,1,1
1786455684.4099019,1,1,0.99974926756745397,0.96678086792929974,0.022392007465594142,2,0,1,0,0.29489736477010692,0.88134315605558022,1.2895614530396649,-2.6387488152440874,1.7857121611035751,-2.6411594242854459,-0.00035610946322728857,0.066948579086730256,0.13710214334250609,0,0.43694631137988305,-0.00035610946322728857,0.31858384748350305,-36.079620727506715,-0.82703598339681927,-1.0963035128748535,-8.9082037301917687,-0.26553907499507046,-5.7665325422714964e-16,-35.873206464813684,-0.54570755447406682,-1.2511164165826341,-8.7450328381440698,-0.38307176702586554,0.00042733135587219118,-35.953544759717758,-0.65538926914807172,-1.2511164165826341,-8.823683174192448,-0.38300766732248465,1,1.8307835762794629,1.7616246212198707,1,1,1
1786455684.430855,1,1,0.99974926756745397,0.96678086792929974,0.022392007465594142,2,0,1,0,0.29490495873440337,0.88287381448408619,1.2927822431469025,-2.6387360004293372,1.7951813599584967,-2.6411580004171404,0.00071221892645457715,0.076919644057094325,0.17057643288587121,0.00071221892645457715,0.44478071957088344,0,0.31858384748350305,-36.079620727506715,-1.0001365380612699,-1.2694040675393041,-8.8765919355494987,-0.16438133213980552,-7.9137271822432576e-16,-35.907602877568266,-0.55565890901318671,-1.2551662176030656,-8.7660710028715982,-0.38257702475070104,-0.00085466271174626973,-35.999906450436782,-0.6921200553218837,-1.2554154942273246,-8.8461315323943577,-0.38257702475070104,1,1.8307835762794629,1.7616246212198707,1,1,1
1786455684.4516671,1,1,0.99974926756745397,0.96678086792929974,0.022392007465594142,2,0,1,0,0.29492299439960745,0.88458055795971635,1.2963798837323519,-2.6387075230632253,1.8044972556591834,-2.6411570511716036,0.0014244378529091543,0.089739584733276714,0.18624524926787192,0.0010683283896818657,0.45938120756320228,0,-0.59734471403156819,-36.238912651248469,-0.82703598339681927,-1.5579049919800549,-9.0409732676893046,-0.53740050891859503,-1.1006007303443477e-16,-35.940986598631291,-0.57160905803401185,-1.2596976983236956,-8.7854754712356744,-0.3818481665726518,-0.0017093254234910962,-36.048674100311224,-0.72060525744830939,-1.2600716132600842,-8.8681640885970516,-0.3818481665726518,1,1.8307835762794629,1.7616246212198707,1,1,1
1786455684.4726083,1,1,0.99974926756745397,0.96678086792929974,0.022392007465594142,2,0,1,0,0.29495621799340449,0.88644012996681287,1.3008603226672655,-2.6386728756011228,1.8138615628822601,-2.6411556273032977,0.0017805473161364429,0.089027365806822148,0.22256841451705536,0.0024927662425910197,0.45403956561479292,0,-0.11946894280631364,-36.238912651248469,-1.0963035128748535,-1.4617380171664713,-8.8765919355494987,-0.40463097142105975,-2.4709645137302449e-16,-35.959895774122799,-0.60595893274687018,-1.2661759842137459,-8.8021533872073388,-0.38047565655843518,-0.0021366567793639534,-36.066728613090987,-0.78401366436051445,-1.2670484523986527,-8.8838805090180006,-0.38047565655843518,1,1.8307835762794629,1.7616246212198707,1,1,1
1786455684.4934366,1,1,0.99974926756745397,0.96678086792929974,0.022392007465594142,2,0,1,0,0.29500320564748883,0.88835191047844764,1.3057997218193464,-2.6386026314313806,1.8234802679092681,-2.6411508810756126,0.0024927662425910197,0.089383475270049431,0.25070106211201115,0.0039172040955001743,0.43872685869601952,0,0.63716769496700609,-35.601744956281465,-1.0001365380612699,-1.4617380171664713,-8.8386577819787746,-0.50578871427632466,-6.5613882599749318e-16,-35.970346260441161,-0.6499170871595874,-1.2737282427606909,-8.8177524362375888,-0.37873990806586438,-0.0029913194911098898,-36.077606430765222,-0.85047793684919637,-1.2750992641941159,-8.8967232708028714,-0.37873990806586438,1,1.8307835762794629,1.7616246212198707,1,1,1
1786455684.5144215,1,1,0.99974926756745397,0.96678086792929974,0.022392007465594142,2,0,1,0,0.29504876943326763,0.89028979524235141,1.3111477711751309,-2.6385067576321375,1.8320780593611705,-2.6411504064528439,0.0024927662425910197,0.095437336144913329,0.27384817722178489,0.0049855324851820395,0.39813037988810862,0.00035610946322728857,0.63716769496700609,-37.035372269957229,-1.0001365380612699,-1.3655710423528877,-8.8765919355494987,-0.23392728035280017,-6.8809568503150342e-16,-35.968180393439965,-0.70687057354068461,-1.2824512456335468,-8.8291242135951578,-0.376557617025366,-0.0029913194911098898,-36.082705196813862,-0.92594911531811253,-1.2841961820033605,-8.900787681975018,-0.37662171672874689,1,1.8307835762794629,1.7616246212198707,1,1,1
1786455684.5352514,2,1,0.99974926756745397,0.96678086792929974,0.022392007465594142,2,0,1,0,0.29511426737532465,0.89225758124067256,1.3174426929541307,-2.6383800333529406,1.839705247251431,-2.6411485079617698,0.0046294230219547511,0.094369007755231465,0.31230799925033209,0.0071221892645457717,0.34649450772015178,0.00035610946322728857,-0.11946894280631364,-35.283161108797962,-1.3655710423528877,-1.2694040675393041,-8.6363422962682446,-0.53740050891859503,3.1023089912957102e-16,-35.940358721467099,-0.78962043755988098,-1.2939218901067229,-8.8349357254251828,-0.37351724687204696,-0.0055553076263453677,-36.053601530773378,-1.0640828354608107,-1.296414656349314,-8.8973047368148102,-0.37358134657542785,1,1.8307835762794629,1.7616246212198707,1,1,1
1786455684.5561275,2,1,0.99974926756745397,0.96678086792929974,0.022392007465594142,2,0,1,0,0.29523482155853098,0.89423818205374395,1.324130127762704,-2.6381996767008995,1.846239853528538,-2.6411432871113161,0.0074782987277730601,0.098642321313958933,0.34115286577174242,0.011395502823273234,0.29806362072124054,0,0.47787577122525454,-35.920328803764967,-1.5579049919800549,-1.1924704876884371,-8.6363422962682446,-0.43624276606333007,-5.0917522151708305e-16,-35.899754177247701,-0.88513904909551933,-1.3067423573587587,-8.836691781484916,-0.37005272647823917,-0.0089739584733281707,-36.018124962824452,-1.2403670732563981,-1.3107307833469042,-8.8903432332147396,-0.37005272647823917,1,1.8307835762794629,1.7616246212198707,1,1,1
1786455684.5771484,2,1,0.99974926756745397,0.96678086792929974,0.022392007465594142,2,0,1,0,0.29544792718160051,0.89648457161719153,1.3312613348598519,-2.6379519236157272,1.8519049508936998,-2.6411432871113161,0.011751612286500523,0.10861338628432302,0.35931444839633414,0.013532159602636965,0.23574446465646504,0,0.47787577122525454,-35.920328803764967,-1.6540719667936385,-1.0963035128748535,-8.6363422962682446,-0.16438133213980552,-3.7350087215767824e-16,-35.859584082799046,-0.98770720891696939,-1.3203892216286257,-8.835641344054876,-0.36632840288355561,-0.014101934743801016,-35.989920146340232,-1.3937876644267049,-1.3251254774895487,-8.8780753476930396,-0.36632840288355561,1,1.8307835762794629,1.7616246212198707,1,1,1
1786455684.5979187,2,1,0.99974926756745397,0.96678086792929974,0.022392007465594142,2,0,1,0,0.29573032772887525,0.89872384183911125,1.3393536530632708,-2.6376381979657295,1.8559999961405678,-2.6411404393747051,0.01495659745554612,0.1093256052107776,0.38459822028547164,0.013888269065864253,0.16737144771682563,0,0.31858384748350305,-36.398204574990217,-1.9233394962716728,-1.5579049919800549,-8.5667963480552487,-0.50578871427632466,-1.204867098019563e-15,-35.789829381751126,-1.1188422690856603,-1.3372874212146431,-8.8276344294465705,-0.3616657303671848,-0.017947916946656563,-35.921020108004058,-1.5957172858849809,-1.3421483153876956,-8.8577612900355991,-0.3616657303671848,1,1.8307835762794629,1.7616246212198707,1,1,1
1786455684.6187317,2,1,0.99974926756745397,0.96678086792929974,0.022392007465594142,2,0,1,0,0.29606588602622524,0.90099633565482795,1.3475285556284138,-2.6372926725902404,1.8588121360441019,-2.6411394901291678,0.018161582624591718,0.11075004306368674,0.40667700700556353,0.018517692087819004,0.1121744809165959,0,0.47787577122525454,-35.123869185056208,-1.6540719667936385,-1.2694040675393041,-8.6363422962682446,-0.16438133213980552,1.1405806854547507e-16,-35.715754018383265,-1.2550451187482299,-1.3546782560600223,-8.8161786085708389,-0.35684477827225847,-0.021793899149509948,-35.848654070059688,-1.7937407383638078,-1.361159448290759,-8.8363700151358255,-0.35684477827225847,1,1.8307835762794629,1.7616246212198707,1,1,1
1786455684.6396027,2,1,0.99974926756745397,0.96678086792929974,0.022392007465594142,2,0,1,0,0.2965224731295501,0.9034259296069278,1.3560973950914359,-2.6368052350069613,1.8605079631960559,-2.6411390155063992,0.023147115109773755,0.11537946608564149,0.42768746533597357,0.027776538131728506,0.050211434315047689,0.00035610946322728857,0,-36.079620727506715,-2.0195064710852564,-1.3655710423528877,-8.6047305016259745,-0.3350850232080651,-8.5279954755920762e-16,-35.63638789931268,-1.4007372948359773,-1.3735127980250819,-8.8009904378154715,-0.35164967545584191,-0.027776538131729339,-35.774843258615448,-1.9982621977767032,-1.3832345863711868,-8.8100284959921797,-0.35171377515922281,1,1.8307835762794629,1.7616246212198707,1,1,1
1786455684.6604249,2,1,0.99974926756745397,0.96678086792929974,0.022392007465594142,2,0,1,0,0.29701608080882025,0.90587166073315761,1.3649718916173907,-2.6361844284257252,1.8609944515337982,-2.6411399647519365,0.023147115109773755,0.12321387427664185,0.44691737635024714,0.032049851690455974,0.0046294230219547511,0,-0.11946894280631364,-36.079620727506715,-2.0195064710852564,-1.0963035128748535,-8.6742764498389686,-0.30347322856579484,-4.4450256192832271e-16,-35.545904366829198,-1.5576132461168637,-1.3939667889040988,-8.7815226883867812,-0.34602050334572698,-0.027776538131728951,-35.693761015961165,-2.2089818998975557,-1.4051842369957583,-8.7823559845307333,-0.34602050334572698,1,1.8307835762794629,1.7616246212198707,1,1,1
1786455684.6812754,2,1,0.99974926756745397,0.96678086792929974,0.022392007465594142,2,0,1,0,0.29747219328937657,0.9084873068105207,1.3747904128299495,-2.6354819867283026,1.8609930276654927,-2.6411418632430106,0.021366567793637315,0.13033606354118762,0.46116175487933869,0.033118180080137838,0.00035610946322728857,-0.00035610946322728857,-0.27876086654806514,-35.920328803764967,-2.2887740005632908,-1.0963035128748535,-8.6742764498389686,-0.43624276606333007,1.2608593639648613e-16,-35.438974522013957,-1.7351042514018653,-1.4170501539115037,-8.7578877301737457,-0.33963606864642448,-0.025639881352364665,-35.595377798263385,-2.4263571650640139,-1.4286415169395519,-8.7579518298771273,-0.33957196894304359,1,1.8307835762794629,1.7616246212198707,1,1,1
1786455684.7021201,2,1,0.99974926756745397,0.96678086792929974,0.022392007465594142,2,0,1,0,0.29796864870525785,0.91143993505353949,1.384290936787594,-2.6348284311760382,1.861007740971317,-2.6411409139974733,0.023859334036228332,0.14173156636446085,0.46721561575420262,0.031337632764001394,0.0024927662425910197,0,0,-36.557496498731972,-3.0196430091465261,-1.2694040675393041,-8.7058882444812387,-0.20231548571052987,-6.0689571857591718e-16,-35.358086289779862,-1.8963592856737312,-1.4380946551571245,-8.7360424175579929,-0.33380136977177877,-0.028631200843474609,-35.528164169417217,-2.6045630097854988,-1.4490628266245251,-8.7364911154816589,-0.33380136977177877,1,1.8307835762794629,1.7616246212198707,1,1,1
1786455684.7229214,2,1,0.99974926756745397,0.96678086792929974,0.022392007465594142,2,0,1,0,0.29851968573952004,0.91441439594391061,1.3939827337209556,-2.6342085738403394,1.8610357437146603,-2.6411428124885474,0.029200975984637664,0.14742931777609747,0.47469391448197568,0.026708209742046643,0.0010683283896818657,0,0.15929192374175152,-36.398204574990217,-2.7503754796684921,-1.6540719667936385,-8.7375000391235087,-0.23392728035280017,-4.2004702667519656e-16,-35.273482408485144,-2.0615324757387263,-1.4594804389904168,-8.7132875530733269,-0.32782008928187795,-0.03504117118156564,-35.450397589816461,-2.7906754362882582,-1.4688283124001331,-8.71347985218347,-0.32782008928187795,1,1.8307835762794629,1.7616246212198707,1,1,1
1786455684.7436309,2,1,0.99974926756745397,0.96678086792929974,0.022392007465594142,2,0,1,0,0.2991153373140239,0.91763566067391666,1.4038453948509877,-2.6336931335137166,1.8610912745785781,-2.6411442363568529,0.028132647594955797,0.16772755718005292,0.48395276052588515,0.022791005646546469,0.003204985169045597,0,0.31858384748350305,-35.123869185056208,-2.6542085048549082,-1.4617380171664713,-8.7058882444812387,-0.43624276606333007,5.933296388926923e-17,-35.197907773456734,-2.2244020829883135,-1.4802117115665598,-8.6905049150031122,-0.32195174987669262,-0.033759177113946902,-35.399180842072795,-2.9794698124607919,-1.4881885635428511,-8.6910818123335396,-0.32195174987669262,1,1.8307835762794629,1.7616246212198707,1,1,1
1786455684.7643342,2,1,0.99974926756745397,0.96678086792929974,0.022392007465594142,2,0,1,0,0.29970102181038866,0.9213059185429513,1.4142889942496992,-2.6332574298122071,1.8611525009157184,-2.6411442363568529,0.029200975984637664,0.1866013587310992,0.48430886998911243,0.018161582624591718,0.0021366567793637313,0.00035610946322728857,0.47787577122525454,-36.079620727506715,-3.0196430091465261,-1.6540719667936385,-8.6047305016259745,-0.3350850232080651,-1.7036881887894095e-16,-35.1316545214572,-2.3901594366659413,-1.5009618335126764,-8.6669138497425067,-0.3160088970019001,-0.035041171181565363,-35.355576151934521,-3.1462242726354561,-1.5073183874312834,-8.6672984479627928,-0.316072996705281,1,1.8307835762794629,1.7616246212198707,1,1,1
1786455684.7852957,2,1,0.99974926756745397,0.96678086792929974,0.022392007465594142,2,0,1,0,0.30032657461930984,0.92537201180093898,1.4243339105228463,-2.6328839016933747,1.8612260674448404,-2.6411437617340847,0.031693742227228684,0.20440683189246364,0.49036273086397636,0.018873801551046294,0.0042733135587274627,0.00035610946322728857,0.47787577122525454,-36.557496498731972,-3.1158099839601099,-2.0195064710852564,-8.6742764498389686,-0.26553907499507046,-3.8523058441125579e-16,-35.096156536411527,-2.5362785848231875,-1.519205932057317,-8.6458215624232277,-0.31075581770636002,-0.038032490672674807,-35.341444734682483,-3.3092942312423212,-1.5258117626001833,-8.6465907588637982,-0.31081991740974091,1,1.8307835762794629,1.7616246212198707,1,1,1
1786455684.8064671,2,1,0.99974926756745397,0.96678086792929974,0.022392007465594142,2,0,1,0,0.30104183113148297,0.93003850286111589,1.4343626896218635,-2.6325004064964035,1.861451038637123,-2.6411437617340847,0.033118180080137838,0.22791005646546469,0.48359665106265787,0.017449363698137141,0.015312706918773409,0,0.31858384748350305,-35.601744956281465,-3.0196430091465261,-1.8271725214580892,-8.6363422962682446,-0.43624276606333007,-6.9469576575650893e-16,-35.092808428794207,-2.6667752781874379,-1.535716862033218,-8.6270962350783549,-0.30601268408764248,-0.039741816096166123,-35.366300496552768,-3.4208459011628798,-1.541824139327566,-8.6298525223237341,-0.30601268408764248,1,1.8307835762794629,1.7616246212198707,1,1,1
1786455684.8274252,2,1,0.99974926756745397,0.96678086792929974,0.022392007465594142,2,0,1,0,0.30173715348737795,0.93496888418059476,1.4448874495139936,-2.6321477617793865,1.8618829453564845,-2.6411428124885474,0.034898727396274282,0.24713996747973827,0.48466497945233972,0.014244378529091543,0.022078786720091892,0,-0.59734471403156819,-36.238912651248469,-3.3850775134381439,-1.8271725214580892,-8.7058882444812387,-0.3350850232080651,6.3161552810858668e-17,-35.091138558251174,-2.8019531672084854,-1.5526674381319665,-8.6079092096235925,-0.301108211749605,-0.04187847287552908,-35.38770651922686,-3.5590151096750362,-1.5576529706171485,-8.6118833912332082,-0.301108211749605,1,1.8307835762794629,1.7616246212198707,1,1,1
1786455684.8483837,2,1,0.99974926756745397,0.96678086792929974,0.022392007465594142,2,0,1,0,0.30250983935454312,0.94046311734908616,1.4548872766241305,-2.6318777014240933,1.8624401524867373,-2.6411413886202419,0.037391493638865299,0.25924768922946606,0.4882260740846126,0.012819940676182388,0.02706431920527393,0.00035610946322728857,-0.43805279028981664,-35.601744956281465,-3.9428459673569294,-1.4617380171664713,-8.7058882444812387,-0.3350850232080651,-4.6405208235095197e-16,-35.131984720737798,-2.9098955475195192,-1.5661841552861373,-8.5929137385754775,-0.29718466165593205,-0.044869792366638801,-35.443081947813155,-3.6769285549564348,-1.570671134522801,-8.5977853160324269,-0.29724876135931294,1,1.8307835762794629,1.7616246212198707,1,1,1
1786455684.8691928,2,1,0.99974926756745397,0.96678086792929974,0.022392007465594142,2,0,1,0,0.30330388324629209,0.946012406758727,1.4648192326783678,-2.6316228289973935,1.8631264570100303,-2.6411409139974733,0.039528150418229033,0.28132647594955795,0.48181610374652145,0.013176050139409676,0.037747603102092589,0,0,-35.283161108797962,-3.8466789925433456,-1.8271725214580892,-8.6047305016259745,-0.30347322856579484,-4.6208018964974396e-16,-35.176894828383425,-3.0142220565527644,-1.5792419691513995,-8.5786295169205982,-0.29338293221777484,-0.047433780501875279,-35.514486599522897,-3.7633071470430242,-1.5838535867001928,-8.5854240854789747,-0.29338293221777484,1,1.8307835762794629,1.7616246212198707,1,1,1
1786455684.8902082,2,1,0.99974926756745397,0.96678086792929974,0.022392007465594142,2,0,1,0,0.30415155951088479,0.9518787441777451,1.4752334054654306,-2.6313722281756102,1.8638915489128991,-2.6411418632430106,0.04202091666082005,0.28595589897151275,0.48359665106265787,0.011395502823273234,0.034898727396274282,-0.00035610946322728857,-0.27876086654806514,-35.601744956281465,-3.8466789925433456,-1.2694040675393041,-8.4340268105577145,-0.43624276606333007,-4.5451787949665756e-16,-35.225544047934505,-3.122128172889159,-1.592697868642283,-8.5638397183614856,-0.28944646125127593,-0.050425099992984501,-35.568691126700323,-3.8761987958646009,-1.5966862946304285,-8.5701214892928146,-0.28938236154789504,1,1.8307835762794629,1.7616246212198707,1,1,1
1786455684.9110558,2,1,0.99974926756745397,0.96678086792929974,0.022392007465594142,2,0,1,0,0.3050538173938584,0.95825340258185776,1.4852009582273076,-2.6311705134989851,1.8647311565904268,-2.6411404393747051,0.040596478807910896,0.30340526266964984,0.48324054159943058,0.009971064970364079,0.040952588271138186,0,0.47787577122525454,-35.283161108797962,-4.1351799169840966,-2.1156734458988402,-8.6047305016259745,-0.26553907499507046,-2.3926986694039476e-16,-35.31077496832998,-3.2063783786115234,-1.6032608449925894,-8.5527819496229469,-0.28636190604842798,-0.048715774569493296,-35.681671808872856,-3.9594518950899289,-1.6067507177322169,-8.5601534155117509,-0.28636190604842798,1,1.8307835762794629,1.7616246212198707,1,1,1
1786455684.9321351,2,1,0.99974926756745397,0.96678086792929974,0.022392007465594142,2,0,1,0,0.30589864592183996,0.9646551144837765,1.4956194026192871,-2.6309417453245545,1.865584528328242,-2.6411390155063992,0.04237702612404734,0.31408854656646851,0.47932333750393041,0.011751612286500523,0.038459822028547162,0,0.79645961870875759,-35.761036880023212,-4.1351799169840966,-1.6540719667936385,-8.5351845534129787,-0.3350850232080651,-5.244895772034408e-16,-35.384739495839021,-3.3008053202708982,-1.6150926020756606,-8.5400704878752851,-0.28289765045330029,-0.050852431348857308,-35.78982284485172,-4.0429106652819033,-1.6192056663759358,-8.5469932558404231,-0.28289765045330029,1,1.8307835762794629,1.7616246212198707,1,1,1
1786455684.9531713,2,1,0.99974926756745397,0.96678086792929974,0.022392007465594142,2,0,1,0,0.3068592824053426,0.97151578660286275,1.5057212736246577,-2.6306365628843902,1.8663410770212772,-2.641138540883631,0.046650339682774801,0.32049851690455972,0.49890935798143127,0.017805473161364428,0.029200975984637664,0.00035610946322728857,-0.27876086654806514,-35.920328803764967,-4.5006144212757144,-1.8271725214580892,-8.4656386051999846,-0.10115774285526494,-4.9801471540406039e-16,-35.487979454848627,-3.3769485639350716,-1.6251518783892569,-8.5299197669405338,-0.28001709175214118,-0.055980407619330257,-35.913574708943216,-4.1738947662830794,-1.6313837939957345,-8.5351759426177694,-0.28008119145552207,1,1.8307835762794629,1.7616246212198707,1,1,1
1786455684.9738832,2,1,0.99974926756745397,0.96678086792929974,0.022392007465594142,2,0,1,0,0.30786738116569812,0.97815480988904613,1.5158202968934171,-2.6302260141896125,1.866986089363708,-2.6411380662608623,0.050923653241502262,0.33331845758074208,0.49036273086397636,0.023859334036228332,0.036323165249183435,0.00035610946322728857,-0.75663663777331969,-36.238912651248469,-4.0390129421705128,-1.6540719667936385,-8.5667963480552487,-0.43624276606333007,-3.7793254853771274e-16,-35.577590671986961,-3.4590048871272998,-1.6363171653696604,-8.5184853602528285,-0.27685503035668546,-0.061108383889803101,-36.044209736245335,-4.2320205335464331,-1.6446679322823403,-8.5250235299976822,-0.27691913006006635,1,1.8307835762794629,1.7616246212198707,1,1,1
1786455684.9949098,2,1,0.99974926756745397,0.96678086792929974,0.022392007465594142,2,0,1,0,0.30892863767612894,0.98518159997711752,1.5263070869640649,-2.6296308372378774,1.8678252224184673,-2.641138540883631,0.052704200557638706,0.35041171181565195,0.48608941730524891,0.032762070616910548,0.04273313558727463,0,-0.11946894280631364,-36.398204574990217,-4.3082804716485468,-1.6540719667936385,-8.5351845534129787,-0.23392728035280017,3.6419706226503701e-16,-35.675911142793623,-3.5406557956521896,-1.6482651166758449,-8.5075296693099673,-0.27357187037976449,-0.063245040669166058,-36.19722862060371,-4.3017061641068866,-1.6597318413917634,-8.5152216337156776,-0.27357187037976449,1,1.8307835762794629,1.7616246212198707,1,1,1
1786455685.0160565,2,1,0.99974926756745397,0.96678086792929974,0.022392007465594142,2,0,1,0,0.31009288732733048,0.99276227483606228,1.5363548509738232,-2.6288676438260827,1.8686776449107452,-2.641138540883631,0.05519696680022973,0.35219225913178837,0.49000662140074908,0.04273313558727463,0.037747603102092589,0,-0.43805279028981664,-37.035372269957229,-4.3082804716485468,-1.4617380171664713,-8.4656386051999846,-0.30347322856579484,-3.2580952909547212e-16,-35.810732552909158,-3.5986258084766414,-1.6582617789186089,-8.500372134046998,-0.27100338964827253,-0.066236360160276009,-36.337747782130883,-4.3706443483987387,-1.673218376374155,-8.5071667026053746,-0.27100338964827253,1,1.8307835762794629,1.7616246212198707,1,1,1
1786455685.037076,2,1,0.99974926756745397,0.96678086792929974,0.022392007465594142,2,0,1,0,0.3112476445231615,1.0000643461298806,1.5469327686160284,-2.6278813777130794,1.8695438314633106,-2.6411375916380937,0.057333623579593457,0.3614511051756979,0.48181610374652145,0.047362558609229381,0.049499215388593108,-0.00035610946322728857,0.47787577122525454,-35.761036880023212,-4.2313468917976804,-1.8271725214580892,-8.5351845534129787,-0.26553907499507046,-7.1961886319651946e-16,-35.915873243372317,-3.6765246671823792,-1.6715131225766102,-8.489988136635759,-0.26757456214495812,-0.068800348295512861,-36.472516779934551,-4.4256097576726399,-1.6880900180898406,-8.4988979954057058,-0.26751046244157722,1,1.8307835762794629,1.7616246212198707,1,1,1
1786455685.0582073,2,1,0.99974926756745397,0.96678086792929974,0.022392007465594142,2,0,1,0,0.31245745796014185,1.0080251938264171,1.5567342034089202,-2.6268462254549179,1.8709321030612578,-2.6411366423925569,0.056621404653138883,0.37284660799897112,0.47255725770261192,0.05484085733700244,0.077987972446776202,-0.00035610946322728857,-0.43805279028981664,-37.194664193698976,-4.0390129421705128,-1.5579049919800549,-8.5035727587707086,-0.43624276606333007,5.4758985974096008e-16,-36.072861541021922,-3.7177754947672641,-1.680903936421803,-8.486829933602495,-0.26539294463095581,-0.067945685583766097,-36.665970686618628,-4.4409358163345773,-1.7000982364897539,-8.5008677686429142,-0.26532884492757491,1,1.8307835762794629,1.7616246212198707,1,1,1
1786455685.0792513,2,1,0.99974926756745397,0.96678086792929974,0.022392007465594142,2,0,1,0,0.31365682969621456,1.0157530017436058,1.5670240250306284,-2.6255130100981199,1.8726801387177501,-2.6411361677697882,0.061963046601548208,0.37498326477833488,0.48395276052588515,0.067660798013184822,0.086178490101003827,0,-0.75663663777331969,-36.716788422473726,-4.5967813960892983,-1.7310055466445056,-8.4656386051999846,-0.20231548571052987,-1.6967763999398144e-17,-36.204608905435471,-3.7756119266272954,-1.69355795654042,-8.4818587318168017,-0.26240720616878388,-0.074355655921857847,-36.804555352726148,-4.5306796560997737,-1.7172392358450346,-8.497370860034982,-0.26240720616878388,1,1.8307835762794629,1.7616246212198707,1,1,1
1786455685.1002133,2,1,0.99974926756745397,0.96678086792929974,0.022392007465594142,2,0,1,0,0.31511961706882086,1.0239834351726667,1.5767827437743527,-2.6240891417925329,1.8744239027693255,-2.6411304722965658,0.073358549424821451,0.38780320545451724,0.47718668072456666,0.073714658888048734,0.077987972446776202,0.00035610946322728857,-0.11946894280631364,-37.632716983988793,-4.4044474464621306,-1.6540719667936385,-8.4024150159154445,-0.40463097142105975,-4.0096506843945168e-16,-36.371499684733109,-3.8087690449925447,-1.7037994953632303,-8.4808895173221526,-0.26023775858433129,-0.088030259309786127,-37.012469942187565,-4.5448917510213311,-1.7295996259740474,-8.4949273523625717,-0.26030185828771218,1,1.8307835762794629,1.7616246212198707,1,1,1
1786455685.1212962,2,1,0.99974926756745397,0.96678086792929974,0.022392007465594142,2,0,1,0,0.31665454710224356,1.0320064584518804,1.5868741730788156,-2.6225366507166745,1.8759175406218862,-2.6411205052184266,0.075851315667412461,0.39884259881456319,0.46009342648965684,0.071578002108685007,0.07122189264545771,0,-0.11946894280631364,-37.792008907730548,-4.1351799169840966,-2.1156734458988402,-8.5667963480552487,-0.30347322856579484,-2.9130479495612094e-16,-36.516124802014815,-3.8562014709974566,-1.7162273681598412,-8.476939260529571,-0.25747631792299031,-0.091021578800895231,-37.192421118221418,-4.5444630651684959,-1.7412796688978809,-8.4897592012057537,-0.25747631792299031,1,1.8307835762794629,1.7616246212198707,1,1,1
1786455685.1423168,2,1,0.99974926756745397,0.96678086792929974,0.022392007465594142,2,0,1,0,0.3183527473680402,1.040633201892663,1.5963485927841909,-2.6210420636185772,1.8774097546061412,-2.6411190813501211,0.080124629226139929,0.40026703666747238,0.46116175487933869,0.075495206204185178,0.06801690747641212,0,0.31858384748350305,-37.632716983988793,-4.3082804716485468,-1.4617380171664713,-8.4340268105577145,0,-2.0822780348941916e-16,-36.702621481622657,-3.8741768198522557,-1.7250277975720893,-8.4777957955242318,-0.25578691835534123,-0.096149555071368131,-37.383475998958566,-4.5654297335144038,-1.7514511197435541,-8.4900388388699852,-0.25578691835534123,1,1.8307835762794629,1.7616246212198707,1,1,1
1786455685.1632929,2,1,0.99974926756745397,0.96678086792929974,0.022392007465594142,2,0,1,0,0.32003148810032722,1.04890682599366,1.6057470728466017,-2.6194815039556536,1.8786641825833634,-2.6411110127630559,0.084397942784867397,0.40703311646879081,0.45403956561479292,0.075139096740957881,0.054484747873775149,0.00071221892645457715,-0.11946894280631364,-38.269884678955798,-4.6737149759401646,-2.1156734458988402,-8.4340268105577145,-0.10115774285526494,-7.4462327579946641e-16,-36.869971264891646,-3.8999272207866751,-1.7349893349782342,-8.4767724218613658,-0.25378587418223936,-0.1012775313418416,-37.572477237591777,-4.5712380045080954,-1.7612880188375695,-8.4865796764786445,-0.2539140735890012,1,1.8307835762794629,1.7616246212198707,1,1,1
1786455685.1843565,2,1,0.99974926756745397,0.96678086792929974,0.022392007465594142,2,0,1,0,0.32176148809161531,1.0573119206015398,1.615506740835863,-2.6178170019064226,1.8795764075444761,-2.6410934517206206,0.084397942784867397,0.41308697734365474,0.45154679937220188,0.077275753520321622,0.034898727396274282,0.0017805473161364429,0,-38.11059275521405,-4.3082804716485468,-1.7310055466445056,-8.4024150159154445,-0.20231548571052987,4.1888828560335267e-16,-37.030279472978926,-3.9328223762735712,-1.7462022915038822,-8.4737183210054052,-0.25147516450656876,-0.10127753134184043,-37.752157800478621,-4.5971534145157369,-1.7732488052359947,-8.4800000919367342,-0.25179566302347334,1,1.8307835762794629,1.7616246212198707,1,1,1
1786455685.2069981,2,1,0.99974926756745397,0.96678086792929974,0.022392007465594142,2,0,1,0,0.32371361153857497,1.066615001487476,1.6257277421561345,-2.6159522090488725,1.8800315707794952,-2.6410251060419525,0.087602927953912987,0.40881366378492728,0.45154679937220188,0.088315146880367568,0.009971064970364079,0.0039172040955001743,-0.43805279028981664,-37.513248041182479,-4.6737149759401646,-1.4617380171664713,-8.4024150159154445,-0.23392728035280017,-3.8600307845915172e-16,-37.216366609386085,-3.9575831123583525,-1.7572669674996226,-8.4708765130489247,-0.24940894192807356,-0.10512351354469597,-37.924570333497854,-4.6219141506005181,-1.7881772689077513,-8.4726713047435904,-0.2501140386652636,1,1.8307835762794629,1.7616246212198707,1,1,1
1786455685.2279224,2,1,0.99974926756745397,0.96678086792929974,0.022392007465594142,2,0,1,0,0.32573740302358251,1.0755084829241719,1.6349273552785315,-2.613987745409931,1.8800989672126265,-2.6409486917762193,0.097217883461049773,0.4116625394907456,0.44691737635024714,0.10184730648300452,0.0021366567793637313,0.003204985169045597,-0.91592856151507118,-37.792008907730548,-4.5967813960892983,-1.7310055466445056,-8.3644808623447187,-0.3350850232080651,-2.9846052929452527e-16,-37.403015811161339,-3.9695440210636574,-1.7672178463480879,-8.4691949465794725,-0.24775716413036936,-0.11666146015326,-38.120335937531721,-4.6209126748443499,-1.8028644036171395,-8.4695795447997586,-0.24833406146079756,1,1.8307835762794629,1.7616246212198707,1,1,1
1786455685.2487595,2,1,0.99974926756745397,0.96678086792929974,0.022392007465594142,2,0,1,0,0.32777733168272005,1.083937308670478,1.6440828284834554,-2.6117627138710668,1.8801117820273767,-2.6408922116667641,0.10220341594623182,0.4105942111010637,0.44086351547538327,0.10825727682109572,0.00035610946322728857,0.003204985169045597,-0.27876086654806514,-37.951300831472295,-4.3082804716485468,-1.4617380171664713,-8.4340268105577145,-0.26553907499507046,2.0843109139676019e-16,-37.565036119525303,-3.9925037775855161,-1.7796148594849197,-8.4655774115833609,-0.24549733079112673,-0.12264409913547795,-38.278937595048703,-4.6269216209165895,-1.8175049063723032,-8.4656415112867425,-0.24607422812155494,1,1.8307835762794629,1.7616246212198707,1,1,1
1786455685.2696979,2,1,0.99974926756745397,0.96678086792929974,0.022392007465594142,2,0,1,0,0.32986424799594194,1.0923053827024123,1.6537309601221124,-2.6093492570930974,1.8801326654291919,-2.6408376300483836,0.10434007272559555,0.40632089754233625,0.45154679937220188,0.11324280930627777,-0.00035610946322728857,0.0028488757058183086,-0.11946894280631364,-38.588468526439307,-5.1353164550453663,-1.4617380171664713,-8.4656386051999846,-0.20231548571052987,-1.4948437453143892e-16,-37.70876497440053,-4.0291891980725136,-1.7944841691682103,-8.459709639620236,-0.24260358490266892,-0.12520808727071481,-38.408991846536004,-4.6935202363146793,-1.8341191524254075,-8.4596455399168544,-0.24311638252971621,1,1.8307835762794629,1.7616246212198707,1,1,1
1786455685.2908466,2,1,0.99974926756745397,0.96678086792929974,0.022392007465594142,2,0,1,0,0.33211063755938958,1.100980537665585,1.6629310478672781,-2.6070174354313145,1.8801331400519605,-2.6407930155081418,0.10398396326236826,0.39599372310874487,0.44869792366638361,0.11431113769595963,0,0.0014244378529091543,-0.11946894280631364,-39.544220068889814,-4.3082804716485468,-1.3655710423528877,-8.5351845534129787,-0.3350850232080651,-7.1488225495547342e-16,-37.874687497170399,-4.0477258796744024,-1.8068525025120641,-8.456793842228473,-0.24040957867486604,-0.12478075591484264,-38.541867411118382,-4.7040800659402766,-1.8468614007056499,-8.456793842228473,-0.24066597748838969,1,1.8307835762794629,1.7616246212198707,1,1,1
1786455685.3125215,2,1,0.99974926756745397,0.96678086792929974,0.022392007465594142,2,0,1,0,0.33433661834379047,1.1094606226708921,1.6726475251846031,-2.6045978085573536,1.8801331400519605,-2.6407502994589742,0.1029156348726864,0.39456928525583573,0.44976625205606546,0.11359891876950505,0,0.00035610946322728857,-0.27876086654806514,-38.429176602697552,-5.058382875194499,-1.8271725214580892,-8.4340268105577145,-0.063223589284540582,-5.240355675437125e-16,-38.01571749202003,-4.0835448389457127,-1.8216939299809447,-8.4509988913910679,-0.23751734842603425,-0.12349876184722418,-38.678339204838707,-4.7428903447026958,-1.8614535515502715,-8.4509988913910679,-0.23758144812941517,1,1.8307835762794629,1.7616246212198707,1,1,1
1786455685.3338883,2,1,0.99974926756745397,0.96678086792929974,0.022392007465594142,2,0,1,0,0.33659344960814569,1.1178652426560032,1.682367324861308,-2.6022147276365697,1.8801336146747289,-2.6407412816263722,0.10505229165205013,0.3853104392119262,0.45154679937220188,0.10968171467400488,0.00071221892645457715,0,0,-38.429176602697552,-4.9622159003809161,-2.2887740005632908,-8.4656386051999846,-0.10115774285526494,-6.9458734553926038e-16,-38.150309902977156,-4.1212094852350702,-1.8366495441677282,-8.4448790146457871,-0.23452193289420381,-0.12606274998246086,-38.783303308455324,-4.7855405234772359,-1.8750381443036299,-8.4450072140525485,-0.23452193289420381,1,1.8307835762794629,1.7616246212198707,1,1,1
1786455685.3547347,2,1,0.99974926756745397,0.96678086792929974,0.022392007465594142,2,0,1,0,0.33870552092809963,1.125816597897169,1.6920429846205396,-2.5998496823809898,1.8801421578845625,-2.6407403323808349,0.10327174433591368,0.38388600135901707,0.43979518708570137,0.10612062004173199,0,0,0,-39.225636221406312,-4.6737149759401646,-1.8271725214580892,-8.4024150159154445,-0.26553907499507046,4.4586459090750763e-16,-38.262868351170624,-4.1686022019286444,-1.8527492879669152,-8.4371239205958481,-0.2311594345212527,-0.12392609320309597,-38.891303555519478,-4.8000287257686081,-1.8898915049815215,-8.4371239205958481,-0.2311594345212527,1,1.8307835762794629,1.7616246212198707,1,1,1
1786455685.3755856,2,1,0.99974926756745397,0.96678086792929974,0.022392007465594142,2,0,1,0,0.34079196261855299,1.1336568914104992,1.7010285428743301,-2.5977812763557404,1.8801554473220814,-2.6407393831352981,0.099710649703640797,0.38246156350610794,0.43943907762247408,0.097930102387504353,0.0010683283896818657,0,0,-38.907052373922809,-4.5006144212757144,-1.9233394962716728,-8.4656386051999846,-0.26553907499507046,7.7319877930803749e-16,-38.385534721388893,-4.2013788059536736,-1.86580178732129,-8.4317960564338694,-0.22853482705115974,-0.11965277964436817,-39.009411724608441,-4.8318082232966013,-1.9000773231569166,-8.4319883555440125,-0.22853482705115974,1,1.8307835762794629,1.7616246212198707,1,1,1
1786455685.3963611,2,1,0.99974926756745397,0.96678086792929974,0.022392007465594142,2,0,1,0,0.34287792968623787,1.1419580436320709,1.7099267705387113,-2.5959734382304136,1.8801696860051371,-2.6407403323808349,0.092232350975867738,0.38174934457965332,0.4358779829902012,0.081192957615821792,0.00071221892645457715,-0.00035610946322728857,-0.43805279028981664,-39.225636221406312,-4.5967813960892983,-1.7310055466445056,-8.4340268105577145,-0.30347322856579484,-1.1359050635859069e-16,-38.528637381457578,-4.2203905776847073,-1.8760430491590701,-8.4287657878142888,-0.2265943442117003,-0.1106788211710414,-39.150235284112469,-4.8408489300572706,-1.9044605843246076,-8.4288939872210502,-0.22653024450831938,1,1.8307835762794629,1.7616246212198707,1,1,1
1786455685.4175394,2,1,0.99974926756745397,0.96678086792929974,0.022392007465594142,2,0,1,0,0.34470807508168555,1.149774131384206,1.719372712877975,-2.5943260226008498,1.8801711098734428,-2.6407403323808349,0.086178490101003827,0.37747603102092586,0.43445354513729206,0.070153564255775847,0.00035610946322728857,0,0,-38.429176602697552,-4.7698819507537484,-1.6540719667936385,-8.5667963480552487,-0.20231548571052987,2.8269216394843921e-16,-38.634651381444421,-4.2636959160756778,-1.8885900973205458,-8.4215673305285392,-0.2238546984457116,-0.10341418812120431,-39.242574680711385,-4.8801658424600953,-1.9131438448100673,-8.4216314302319208,-0.2238546984457116,1,1.8307835762794629,1.7616246212198707,1,1,1
1786455685.4383647,2,1,0.99974926756745397,0.96678086792929974,0.022392007465594142,2,0,1,0,0.34648126574490984,1.157489599109413,1.7282562272365318,-2.5929790431837643,1.8802019603533973,-2.6407393831352981,0.086534599564231124,0.37569548370478945,0.43089245050501918,0.061963046601548208,0.0014244378529091543,0,0,-40.181387763856819,-4.6737149759401646,-1.8271725214580892,-8.4656386051999846,0,6.8760101779030691e-16,-38.748403377856128,-4.2950528147746549,-1.8983723550198071,-8.4164243969839827,-0.2217628213637933,-0.10384151947707668,-39.350628925711455,-4.901551676188709,-1.920059421330349,-8.4166807957975056,-0.2217628213637933,1,1.8307835762794629,1.7616246212198707,1,1,1
1786455685.4593425,2,1,0.99974926756745397,0.96678086792929974,0.022392007465594142,2,0,1,0,0.34830144406221841,1.1656160901521662,1.7370267813761786,-2.5917431254945149,1.880264610558843,-2.6407384338897608,0.084397942784867397,0.3746271553151076,0.42839968426242814,0.059826389822184481,0.0035610946322728858,0,-0.75663663777331969,-39.225636221406312,-5.1353164550453663,-1.9233394962716728,-8.3012572730601786,-0.3350850232080651,4.6383524191645487e-17,-38.880417501910614,-4.3134809090733945,-1.9060823647774816,-8.4135428287034024,-0.22022853788360722,-0.10127753134184082,-39.479224398918959,-4.9130000250081931,-1.9270216012152461,-8.4141838257372115,-0.22022853788360722,1,1.8307835762794629,1.7616246212198707,1,1,1
1786455685.4800925,2,1,0.99974926756745397,0.96678086792929974,0.022392007465594142,2,0,1,0,0.35003002018520096,1.1733287101407619,1.7458405261877616,-2.5905394821535253,1.8803120728356959,-2.6407370100214553,0.08475405224809468,0.3767638120944713,0.43552187352697391,0.059470280358957191,0.0014244378529091543,0,0,-39.384928145148059,-4.8660489255673323,-1.8271725214580892,-8.5035727587707086,-0.16438133213980552,-2.5925306823201821e-16,-38.990972520761083,-4.3427916946395397,-1.9150114738345065,-8.4087569341833248,-0.21830617048321435,-0.10170486269771389,-39.596616719463391,-4.9622529405150662,-1.9358260719601414,-8.4090133329968477,-0.21830617048321435,1,1.8307835762794629,1.7616246212198707,1,1,1
1786455685.5011258,2,1,0.99974926756745397,0.96678086792929974,0.022392007465594142,2,0,1,0,0.35176666489524844,1.1810579419262561,1.7552062572791438,-2.5891607030109487,1.8803505172799468,-2.6407365353986867,0.084397942784867397,0.37747603102092586,0.4291119031888827,0.069085235866093983,0.0042733135587274627,0,0,-38.747760450181055,-4.8660489255673323,-2.1156734458988402,-8.4340268105577145,-0.26553907499507046,1.4375843180799985e-16,-39.085666580206265,-4.3853794655354488,-1.9263815827341386,-8.401674193150793,-0.21575860907555369,-0.10127753134184071,-39.69358987947323,-4.9868927944643202,-1.9505614152872714,-8.4024433895913635,-0.21575860907555369,1,1.8307835762794629,1.7616246212198707,1,1,1
1786455685.5222294,2,1,0.99974926756745397,0.96678086792929974,0.022392007465594142,2,0,1,0,0.35361104897375206,1.1892940708285396,1.7639146358361135,-2.5877121543213986,1.8805247038359969,-2.6407365353986867,0.084397942784867397,0.38068101618997147,0.42341415177724612,0.07193411157191229,0.010327174433591369,-0.00035610946322728857,0,-39.384928145148059,-4.6737149759401646,-2.1156734458988402,-8.3328690677024486,0.13909189642598929,1.8634724839594607e-17,-39.215433679639986,-4.3998339609797705,-1.9345782144425292,-8.3997463589072474,-0.2142184895430794,-0.10127753134184088,-39.833612931447895,-4.9853935859560599,-1.9597551534926985,-8.4016052503052947,-0.21415438983969848,1,1.8307835762794629,1.7616246212198707,1,1,1
1786455685.5433965,2,1,0.99974926756745397,0.96678086792929974,0.022392007465594142,2,0,1,0,0.35536383085792955,1.1970346935604785,1.7731351323603259,-2.5861079293637705,1.8808279877850869,-2.6407346369076126,0.0840418333216401,0.3799687972635169,0.42946801265210999,0.075851315667412461,0.019586020477500871,0.00035610946322728857,-0.43805279028981664,-40.499971611340321,-4.8660489255673323,-2.0195064710852564,-8.3328690677024486,-0.26553907499507046,3.0464725794127068e-16,-39.30933656587716,-4.4381791444923264,-1.9464861547204775,-8.3940304191274908,-0.21166382968400166,-0.10085019998596784,-39.92523671712042,-5.0406895799182347,-1.9730341152040718,-8.3975559028134406,-0.21172792938738258,1,1.8307835762794629,1.7616246212198707,1,1,1
1786455685.5650516,2,1,0.99974926756745397,0.96678086792929974,0.022392007465594142,2,0,1,0,0.35726089806373984,1.2055029129965724,1.7825469018602553,-2.5845027551606057,1.8812404349709386,-2.6407332130393071,0.082973504931958236,0.37177827960928927,0.44050740601215593,0.073358549424821451,0.017805473161364428,0,-0.11946894280631364,-39.703511992631562,-5.1353164550453663,-1.6540719667936385,-8.4340268105577145,-0.20231548571052987,-4.2061623281575145e-16,-39.426333116865194,-4.4632888490433018,-1.9567690942061995,-8.3908492738000078,-0.20960297305303713,-0.099568205918350319,-40.016023611614919,-5.0967095858773384,-1.982444586504887,-8.394054258969053,-0.20960297305303713,1,1.8307835762794629,1.7616246212198707,1,1,1
1786455685.5861318,2,1,0.99974926756745397,0.96678086792929974,0.022392007465594142,2,0,1,0,0.35900988296576913,1.2131457634381946,1.7916065012659363,-2.5829241598324781,1.8816913266010411,-2.6407332130393071,0.088315146880367568,0.36714885658733454,0.44086351547538327,0.079056300836458065,0.025283771889137489,0,-0.59734471403156819,-39.703511992631562,-5.3276504046725339,-2.3849409753768742,-8.2633231194894545,-0.23392728035280017,-8.0643635215829623e-16,-39.515430194119915,-4.4994279194131899,-1.9683523563204122,-8.3858403646621777,-0.20713304558670367,-0.10597817625644192,-40.090306535199382,-5.1338457627442633,-1.9960220616131725,-8.3903914436022227,-0.20713304558670367,1,1.8307835762794629,1.7616246212198707,1,1,1
1786455685.6069717,2,1,0.99974926756745397,0.96678086792929974,0.022392007465594142,2,0,1,0,0.36084477458890213,1.2207297606565191,1.8011639799558044,-2.5811595123790876,1.8823932936756955,-2.6407322637937698,0.091520132049413158,0.37035384175638009,0.44193184386506512,0.081192957615821792,0.04166480719759276,0.00035610946322728857,-0.43805279028981664,-40.181387763856819,-5.3276504046725339,-2.192607025749707,-8.2633231194894545,0.20863784463898394,-2.0952884609640177e-16,-39.588034801324042,-4.548237858516222,-1.9824265267674179,-8.3792398776448387,-0.20403919919402905,-0.10982415845929601,-40.173167094944453,-5.1856470213384043,-2.0108440619329557,-8.3867395429404059,-0.20410329889740997,1,1.8307835762794629,1.7616246212198707,1,1,1
1786455685.6278431,2,1,0.99974926756745397,0.96678086792929974,0.022392007465594142,2,0,1,0,0.36278360859834297,1.2286061255002574,1.8103536260000623,-2.5795301324147273,1.8834232250834033,-2.6407322637937698,0.090095694196504011,0.36109499571247061,0.45261512776188378,0.081549067079049076,0.051279762704729552,0,-0.43805279028981664,-40.022095840115064,-5.4238173794861169,-1.7310055466445056,-8.3012572730601786,-0.3350850232080651,-1.0808140406964872e-17,-39.680591226401951,-4.5795543700592134,-1.9937574194192422,-8.3764438612353054,-0.20168876961224641,-0.10811483303580481,-40.236095212681853,-5.2468767277924879,-2.0222995928969092,-8.3856742185221567,-0.20168876961224641,1,1.8307835762794629,1.7616246212198707,1,1,1
1786455685.6488616,2,1,0.99974926756745397,0.96678086792929974,0.022392007465594142,2,0,1,0,0.36462941654515219,1.2360501090018656,1.8202480868555859,-2.5776966646599,1.8844223060111569,-2.6407336876620757,0.091876241512640455,0.36073888624924333,0.45973731702642956,0.089027365806822148,0.04166480719759276,-0.00035610946322728857,0.31858384748350305,-40.499971611340321,-5.3276504046725339,-1.9233394962716728,-8.4340268105577145,0.037934153570724355,-3.1181654480683108e-16,-39.735434901413704,-4.6385560701608464,-2.0095488175902534,-8.3687324186279746,-0.19812650707671922,-0.11025148981516887,-40.289799337411281,-5.3258205578348488,-2.0407083956226413,-8.3762320839235418,-0.1980624073733383,1,1.8307835762794629,1.7616246212198707,1,1,1
1786455685.6695824,2,1,0.99974926756745397,0.96678086792929974,0.022392007465594142,2,0,1,0,0.36655068951215747,1.2433635712421287,1.8298796066973444,-2.5757179623379027,1.8851864486684884,-2.6407336876620757,0.093656788828776899,0.35682168215374316,0.47006449146002088,0.098642321313958933,0.035610946322728855,0,0.15929192374175152,-41.137139306307326,-5.2314834298589501,-1.9233394962716728,-8.3644808623447187,0,-3.1583486910860548e-16,-39.787740044301003,-4.6957801536564201,-2.0257650858451313,-8.3607238909951018,-0.19453222896886693,-0.11238814659453261,-40.329569427192979,-5.4119607297444778,-2.0602898983050171,-8.3671338613331923,-0.19453222896886693,1,1.8307835762794629,1.7616246212198707,1,1,1
1786455685.6910019,2,1,0.99974926756745397,0.96678086792929974,0.022392007465594142,2,0,1,0,0.36847575946131095,1.2511160595432809,1.8395723528762429,-2.5737354630337572,1.8859766955780892,-2.6407341622848439,0.08475405224809468,0.3546850253743794,0.47861111857747585,0.094012898292004182,0.035967055785956145,-0.00035610946322728857,-0.43805279028981664,-40.022095840115064,-5.3276504046725339,-2.0195064710852564,-8.3644808623447187,0,-4.7299675027395738e-16,-39.853444723268396,-4.7439107661751017,-2.0408755896734476,-8.354336783485417,-0.19127518793945994,-0.10170486269771412,-40.388436804466409,-5.4840218981920339,-2.0737801040756492,-8.360810853526889,-0.19121108823607902,1,1.8307835762794629,1.7616246212198707,1,1,1
1786455685.7120121,2,1,0.99974926756745397,0.96678086792929974,0.022392007465594142,2,0,1,0,0.37017585821818172,1.2583920265848301,1.8500017135918987,-2.5718194109172057,1.8866758149161325,-2.6407370100214553,0.081549067079049076,0.3546850253743794,0.49036273086397636,0.0840418333216401,0.033830399006592411,0,0.15929192374175152,-40.818555458823823,-5.2314834298589501,-1.6540719667936385,-8.3328690677024486,0.069545948212994646,-3.9901350452897777e-16,-39.880025968865411,-4.8209476979294372,-2.0594601859585353,-8.3425625427494889,-0.18693011387563158,-0.097858880494859274,-40.415018050063424,-5.5939633443485715,-2.0888748276211095,-8.3486520145706749,-0.18693011387563158,1,1.8307835762794629,1.7616246212198707,1,1,1
1786455685.7329943,2,1,0.99974926756745397,0.96678086792929974,0.022392007465594142,2,0,1,0,0.37192436849744248,1.2659964325822013,1.8600727341173149,-2.5702427140801523,1.8872876036647663,-2.6407365353986867,0.078700191373230768,0.35290447805824299,0.49356771603302196,0.071578002108685007,0.02706431920527393,0,0,-40.022095840115064,-5.5007509593369841,-2.7503754796684921,-8.2633231194894545,-0.10115774285526494,2.1155494890623405e-16,-39.926161112277242,-4.8810866897973213,-2.0743813348371107,-8.3334784662485877,-0.18347274331429544,-0.094440229647876697,-40.455455442063617,-5.663076294689783,-2.0994336355751506,-8.3383500437055371,-0.18347274331429544,1,1.8307835762794629,1.7616246212198707,1,1,1
1786455685.7537894,2,1,0.99974926756745397,0.96678086792929974,0.022392007465594142,2,0,1,0,0.37351957562246835,1.2732453461259443,1.87089270937147,-2.5688373560625384,1.887895595431252,-2.6407365353986867,0.077275753520321622,0.35326058752147027,0.50068990529756774,0.056621404653138883,0.034186508469819701,0,0,-40.499971611340321,-5.8854188585913185,-1.6540719667936385,-8.4340268105577145,-0.23392728035280017,-7.812760854930545e-16,-39.938619979686138,-4.9668077874323346,-2.0919030866432049,-8.3197260209701334,-0.17912215237439205,-0.09273090422438672,-40.469053859754844,-5.7687395222655242,-2.1117205782718034,-8.3258795924947009,-0.17912215237439205,1,1.8307835762794629,1.7616246212198707,1,1,1
1786455685.7747259,2,1,0.99974926756745397,0.96678086792929974,0.022392007465594142,2,0,1,0,0.37501653583440875,1.2805042267478264,1.8812855241339488,-2.5677547415275237,1.8887760206668731,-2.6407379592669922,0.069085235866093983,0.35361669698469755,0.50531932831952242,0.048430886998911245,0.048786996462138535,-0.00035610946322728857,-0.11946894280631364,-39.862803916373316,-5.5007509593369841,-2.192607025749707,-8.4340268105577145,-0.36669681785033542,2.4462311516704194e-16,-39.961664245432793,-5.0399955936421312,-2.1064269959374951,-8.3087724002374657,-0.17546159704628267,-0.08290228303931256,-40.493237675783824,-5.8548897129367941,-2.123377806387114,-8.317554059600651,-0.17539749734290175,1,1.8307835762794629,1.7616246212198707,1,1,1
1786455685.795706,2,1,0.99974926756745397,0.96678086792929974,0.022392007465594142,2,0,1,0,0.37646983075164447,1.2881247699193277,1.8916788135191962,-2.5668401434525681,1.8899146406885741,-2.6407379592669922,0.065880250697048379,0.35041171181565195,0.50888042295179536,0.04202091666082005,0.056265295189911593,0.00035610946322728857,0,-40.181387763856819,-5.6930849089641518,-2.0195064710852564,-8.4024150159154445,-0.40463097142105975,-6.936454449019136e-16,-39.99751262197114,-5.1029507851496314,-2.1189230473470508,-8.3002208664836754,-0.17230357063678758,-0.079056300836458718,-40.518830099781226,-5.9278159694146577,-2.1336303681783377,-8.3103486196178586,-0.17236767034016851,1,1.8307835762794629,1.7616246212198707,1,1,1
1786455685.8167238,2,1,0.99974926756745397,0.96678086792929974,0.022392007465594142,2,0,1,0,0.37777599261063621,1.2954353844229793,1.9025628628471027,-2.5660294877639207,1.8910755679803959,-2.6407384338897608,0.062675265528002788,0.36180721463892518,0.50781209456211351,0.033474289543365128,0.058045842506048037,0.00035610946322728857,-0.43805279028981664,-40.659263535082076,-5.8854188585913185,-2.0195064710852564,-8.3012572730601786,-0.23392728035280017,4.7600541130260465e-16,-40.007980202642891,-5.1842816651443675,-2.1333679192747921,-8.2883054841081556,-0.16848497034253673,-0.075210318633602849,-40.56576328948745,-6.0061555299182849,-2.1450839206149697,-8.2987537357592451,-0.16854907004591765,1,1.8307835762794629,1.7616246212198707,1,1,1
1786455685.8375938,2,1,0.99974926756745397,0.96678086792929974,0.022392007465594142,2,0,1,0,0.37913104061478642,1.3032984598291988,1.9128878065536821,-2.5653821023076473,1.8922758889620057,-2.6407398577580663,0.061606937138320925,0.36216332410215246,0.50959264187824993,0.031337632764001394,0.05519696680022973,0,0.15929192374175152,-40.340679687598573,-5.8854188585913185,-2.2887740005632908,-8.3328690677024486,-0.3350850232080651,-7.0104512472912717e-16,-40.050443642876502,-5.2386975151753283,-2.1435808426777561,-8.2813282774921646,-0.1658318253941588,-0.073928324565985831,-40.609366280003385,-6.0655569124344284,-2.1545490141451564,-8.2912637315162065,-0.1658318253941588,1,1.8307835762794629,1.7616246212198707,1,1,1
1786455685.8582652,2,1,0.99974926756745397,0.96678086792929974,0.022392007465594142,2,0,1,0,0.38035224499821146,1.3107234584200662,1.9232136995057982,-2.5648078087577271,1.8935094335374125,-2.6407403323808349,0.056977514116366174,0.36643663766087992,0.49748492012852213,0.026352100278819353,0.070153564255775847,0,0.31858384748350305,-40.340679687598573,-5.8854188585913185,-2.192607025749707,-8.3644808623447187,-0.031611794642270291,-2.4263089367509982e-16,-40.074732155381369,-5.3029983833494629,-2.1547626621125939,-8.2725657366831555,-0.16283479079028015,-0.068373016939639625,-40.647329395896179,-6.095956159709325,-2.1639858972101806,-8.2851933782491951,-0.16283479079028015,1,1.8307835762794629,1.7616246212198707,1,1,1
1786455685.8789158,2,1,0.99974926756745397,0.96678086792929974,0.022392007465594142,2,0,1,0,0.38141919698186461,1.3181812059819618,1.9333938832679762,-2.5642966400360216,1.8952114307853574,-2.6407422308719091,0.048074777535683955,0.36572441873442535,0.49143105925365821,0.022791005646546469,0.096149555071367909,-0.00035610946322728857,-0.27876086654806514,-40.499971611340321,-6.1546863880693525,-2.192607025749707,-8.4024150159154445,-0.16438133213980552,-3.9189842777204165e-16,-40.103602896767399,-5.3607281456449041,-2.1648647538035877,-8.2661092644135969,-0.16011662264688928,-0.057689733042821129,-40.673921036717559,-6.1367351115551472,-2.1728416057798787,-8.2834161843264429,-0.16005252294350836,1,1.8307835762794629,1.7616246212198707,1,1,1
1786455685.9002526,2,1,0.99974926756745397,0.96678086792929974,0.022392007465594142,2,0,1,0,0.38232382797868081,1.3257172663006649,1.9438692823921793,-2.5638182202853441,1.8974094088264151,-2.640746502476826,0.04273313558727463,0.36572441873442535,0.47896722804070313,0.021366567793637315,0.1121744809165959,0.00035610946322728857,0.63716769496700609,-40.181387763856819,-6.0585194132557696,-2.192607025749707,-8.2633231194894545,0,6.2048890331345419e-16,-40.128072705124296,-5.4211141715343985,-2.1752242625839262,-8.2603278184145861,-0.15728827723801714,-0.051279762704728941,-40.698390845074456,-6.1622224100483667,-2.1827025613116993,-8.2805192249795727,-0.15735237694139806,1,1.8307835762794629,1.7616246212198707,1,1,1
1786455685.9212992,2,1,0.99974926756745397,0.96678086792929974,0.022392007465594142,2,0,1,0,0.3832313067121082,1.3337355433521934,1.9536189833033013,-2.5634067223450296,1.8999813896090736,-2.6407488755906683,0.04202091666082005,0.37177827960928927,0.47505002394520296,0.019229911014273581,0.12570664051923286,0,0.63716769496700609,-40.818555458823823,-5.5007509593369841,-2.1156734458988402,-8.3012572730601786,-0.13276953749753523,-3.6009064653674816e-16,-40.186246012982068,-5.4512348411005949,-2.1813548046148412,-8.2610376468015261,-0.15569193414184476,-0.05042509999298439,-40.775936507731792,-6.1813749081471627,-2.1880852734698371,-8.2836648420949874,-0.15569193414184476,1,1.8307835762794629,1.7616246212198707,1,1,1
1786455685.9422309,2,1,0.99974926756745397,0.96678086792929974,0.022392007465594142,2,0,1,0,0.3840424370235242,1.3413632058652225,1.9637986924427109,-2.5630730625387539,1.9029221522828792,-2.6407512487045111,0.037035384175638009,0.37070995121960737,0.47398169555552105,0.0124638312129551,0.16274202469487087,0,-0.11946894280631364,-40.977847382565578,-6.4239539175473874,-1.9233394962716728,-8.5351845534129787,-0.30347322856579484,-5.3254655459772371e-16,-40.219636685771235,-5.4986042705100093,-2.1893968417075573,-8.259401222646769,-0.15344908013187539,-0.044442461010766161,-40.805908529673978,-6.2257530180654683,-2.1937591826320917,-8.2886947870918455,-0.15344908013187539,1,1.8307835762794629,1.7616246212198707,1,1,1
1786455685.9630616,2,1,0.99974926756745397,0.96678086792929974,0.022392007465594142,2,0,1,0,0.38477050835044768,1.3493591756466301,1.9733172520655593,-2.5629150131568337,1.9067509341566025,-2.6407545710638907,0.030981523300774104,0.36608052819765263,0.46187397380579326,0.0056977514116366172,0.19123078175305397,-0.00035610946322728857,0,-41.137139306307326,-5.8854188585913185,-2.0195064710852564,-8.3644808623447187,-0.23392728035280017,-6.0764110756950096e-16,-40.283370203161311,-5.5173819715532364,-2.1929387625559267,-8.2651854542681331,-0.15242702665571853,-0.037177827960929534,-40.854827893393797,-6.2106290982094574,-2.1949329755499996,-8.2996069949836837,-0.15236292695233761,1,1.8307835762794629,1.7616246212198707,1,1,1
1786455685.9841704,2,1,0.99974926756745397,0.96678086792929974,0.022392007465594142,2,0,1,0,0.38540697748304503,1.3569108985166947,1.9831580805482392,-2.5628086976566831,1.9110078257675387,-2.6407550456866593,0.031693742227228684,0.36928551336669824,0.44691737635024714,0.0046294230219547511,0.21687066310541875,0,0.47787577122525454,-40.659263535082076,-6.1546863880693525,-2.1156734458988402,-8.4340268105577145,-0.13276953749753523,-9.4260536875889755e-16,-40.32358308903202,-5.5519326380287399,-2.1982742630353997,-8.2690067166137755,-0.15079944832134509,-0.038032490672675362,-40.90529673180545,-6.2033012918094323,-2.199894561093084,-8.3080434359727509,-0.15079944832134509,1,1.8307835762794629,1.7616246212198707,1,1,1
1786455686.0072143,2,1,0.99974926756745397,0.96678086792929974,0.022392007465594142,2,0,1,0,0.3861189116358385,1.3653226378433336,1.9933021929800088,-2.562698110551616,1.9160886625046414,-2.6407593172915762,0.031337632764001394,0.36964162282992552,0.44371239118120154,0.0039172040955001743,0.22541729022287366,0,-0.11946894280631364,-41.137139306307326,-6.3470203376965202,-2.1156734458988402,-8.3012572730601786,-0.23392728035280017,-8.3501185566686731e-16,-40.386380778271317,-5.5698400672101878,-2.2014329126289867,-8.277804827437464,-0.14978261096467782,-0.037605159316802507,-40.969233971327078,-6.2122347625175518,-2.2028039340624117,-8.3183799396775822,-0.14978261096467782,1,1.8307835762794629,1.7616246212198707,1,1,1
1786455686.0284102,2,1,0.99974926756745397,0.96678086792929974,0.022392007465594142,2,0,1,0,0.38677531492471406,1.3732863332764813,2.003003482368741,-2.5626297648729479,1.9210821686523347,-2.6407612157826503,0.028132647594955797,0.36429998088151622,0.44371239118120154,0.0014244378529091543,0.23823723089905605,0,0.15929192374175152,-41.137139306307326,-6.3470203376965202,-2.192607025749707,-8.1937771712764604,0.107480101783719,2.2161092405603711e-16,-40.441434995265126,-5.5881606877884815,-2.2043459076650365,-8.2862123450381535,-0.14878180621158429,-0.033759177113946735,-41.007194934085973,-6.2305553830958456,-2.2048444609135545,-8.3290950465999831,-0.14878180621158429,1,1.8307835762794629,1.7616246212198707,1,1,1
1786455686.0493479,2,1,0.99974926756745397,0.96678086792929974,0.022392007465594142,2,0,1,0,0.3873083162937721,1.3806932962021443,2.0120730488525611,-2.5626240693997255,1.9259242701368673,-2.6407607411598817,0.024215443499455622,0.36216332410215246,0.43943907762247408,0.00035610946322728857,0.23788112143582876,0.00035610946322728857,-0.43805279028981664,-40.977847382565578,-6.0585194132557696,-2.1156734458988402,-8.3644808623447187,0,-7.4480623491607334e-16,-40.489952174974945,-5.6052606686038677,-2.2067068706945334,-8.2943909152075079,-0.14788068179541466,-0.029058532199347467,-41.048874812101829,-6.2356900859467954,-2.2068315090066628,-8.3372095170659577,-0.14794478149879559,1,1.8307835762794629,1.7616246212198707,1,1,1
1786455686.0709026,2,1,0.99974926756745397,0.96678086792929974,0.022392007465594142,2,0,1,0,0.38782375662039453,1.3884049669452032,2.0214254905064246,-2.5626046098662156,1.9311152193562686,-2.6407612157826503,0.024927662425910199,0.35397280644792484,0.42982412211533733,0.0014244378529091543,0.23788112143582876,-0.00035610946322728857,-0.43805279028981664,-40.499971611340321,-6.2508533628829364,-2.192607025749707,-8.3012572730601786,-0.23392728035280017,-2.000217482964195e-16,-40.540524022239765,-5.620391581641937,-2.2087821308000732,-8.303638214831258,-0.147023866480962,-0.029913194911092459,-41.073237002873121,-6.2238991235648813,-2.2092806840485912,-8.3464568166897077,-0.14695976677758107,1,1.8307835762794629,1.7616246212198707,1,1,1
1786455686.0920203,2,1,0.99974926756745397,0.96678086792929974,0.022392007465594142,2,0,1,0,0.38837147129527699,1.3959562151924991,2.0303673834655105,-2.5625785056139465,1.9364618448437476,-2.6407612157826503,0.024571552962682913,0.34150897523496976,0.43480965460051935,0,0.2425105444577835,0.00035610946322728857,-0.27876086654806514,-40.977847382565578,-6.3470203376965202,-1.9233394962716728,-8.3644808623447187,-0.063223589284540582,-4.3084839081858339e-16,-40.593587286122371,-5.6291520177410552,-2.209947182991177,-8.3142896517822322,-0.14640090184654328,-0.029485863555219937,-41.086416006874273,-6.2466190506225097,-2.209947182991177,-8.3579415497846341,-0.1464650015499242,1,1.8307835762794629,1.7616246212198707,1,1,1
1786455686.1130316,2,1,0.99974926756745397,0.96678086792929974,0.022392007465594142,2,0,1,0,0.38884182245888921,1.4027860368316309,2.0398693312914604,-2.562577081745641,1.9415293921433314,-2.6407607411598817,0.020654348867182738,0.32441572100005989,0.43338521674761016,-0.00035610946322728857,0.24678385801651098,0.00035610946322728857,-0.59734471403156819,-39.703511992631562,-6.5201208923609704,-2.192607025749707,-8.4340268105577145,-0.23392728035280017,-2.5400146395904155e-16,-40.607042978855638,-5.6685351062234908,-2.2148941725380995,-8.3185988556368642,-0.14459346275661722,-0.024785218640619562,-41.045173286055835,-6.2820137131167995,-2.2147695342259701,-8.3630199500798366,-0.14465756245999814,1,1.8307835762794629,1.7616246212198707,1,1,1
1786455686.1340477,2,1,0.99974926756745397,0.96678086792929974,0.022392007465594142,2,0,1,0,0.38926850832779675,1.4097050875512465,2.0486080857056161,-2.5625704370268818,1.9468171644075127,-2.6407640635192613,0.018517692087819004,0.31515687495615036,0.42448248016692797,0.00071221892645457715,0.24607163909005639,0.00035610946322728857,-0.11946894280631364,-41.25660824911364,-5.7892518837777347,-2.192607025749707,-8.3644808623447187,-0.23392728035280017,9.1506663357776574e-17,-40.64004337089257,-5.6873987302156515,-2.2170734332877027,-8.3270503543476995,-0.14357066468184565,-0.022221230505382692,-41.048545370752251,-6.2759496746830497,-2.2173227099119619,-8.3713432493839104,-0.14363476438522657,1,1.8307835762794629,1.7616246212198707,1,1,1
1786455686.1549222,2,1,0.99974926756745397,0.96678086792929974,0.022392007465594142,2,0,1,0,0.3895950487925447,1.4158870491113362,2.0572144203673517,-2.56257091164965,1.9515016911328937,-2.6407650127647986,0.013532159602636965,0.29485863555219494,0.41771640036560947,0.00035610946322728857,0.21615844417896415,0,0.31858384748350305,-40.818555458823823,-5.8854188585913185,-1.9233394962716728,-8.5667963480552487,-0.20231548571052987,4.0139874930844588e-16,-40.648789236051279,-5.7226631970845663,-2.2212977610129534,-8.3310720140337278,-0.14193469488367738,-0.016238591523163967,-41.002619598713913,-6.2922691181082726,-2.2214223993250828,-8.3699805339859417,-0.14193469488367738,1,1.8307835762794629,1.7616246212198707,1,1,1
1786455686.1758616,2,1,0.99974926756745397,0.96678086792929974,0.022392007465594142,2,0,1,0,0.38981147677499389,1.4217581327580397,2.0660965108576033,-2.5625742340090301,1.9554268214286283,-2.6407654873875668,0.0078344081910003485,0.27954592863342154,0.39955481774101775,0,0.16665922879037104,-0.00035610946322728857,-0.43805279028981664,-40.977847382565578,-5.5969179341505679,-2.192607025749707,-8.1937771712764604,-0.063223589284540582,-1.9762295098979532e-16,-40.6367274644034,-5.7744755185575585,-2.2276519224504798,-8.3303333886954061,-0.13968408989092201,-0.0094012898292006406,-40.972182578763508,-6.2932290082324087,-2.2276519224504798,-8.3603320498776732,-0.13961999018754109,1,1.8307835762794629,1.7616246212198707,1,1,1
1786455686.1966534,2,1,0.99974926756745397,0.96678086792929974,0.022392007465594142,2,0,1,0,0.38993487869481142,1.4275637184626861,2.0741048208309922,-2.562579929482252,1.9587496554310997,-2.6407669112558727,0.003204985169045597,0.26138434600882982,0.37854435941060777,-0.00035610946322728857,0.14030712851155169,0,-0.11946894280631364,-40.340679687598573,-6.2508533628829364,-2.192607025749707,-8.3328690677024486,-0.23392728035280017,-8.0027672856586296e-17,-40.639043467442136,-5.8103486405159117,-2.2319250326050226,-8.3311210031078815,-0.13809284893239934,-0.0038459822028547716,-40.95270468265273,-6.2702728468656135,-2.2318003942928932,-8.3563762862399606,-0.13809284893239934,1,1.8307835762794629,1.7616246212198707,1,1,1
1786455686.2174907,2,1,0.99974926756745397,0.96678086792929974,0.022392007465594142,2,0,1,0,0.38995386360555256,1.4327646347602265,2.0816086068014354,-2.562586099578243,1.961294582715952,-2.6407659620103354,0,0.24215443499455622,0.34969949288919738,-0.00035610946322728857,0.11003782413723216,0.00035610946322728857,0.47787577122525454,-40.818555458823823,-6.2508533628829364,-2.3849409753768742,-8.2633231194894545,0.037934153570724355,-7.4323414176596936e-16,-40.630335096832852,-5.8517527733797667,-2.2369648279757137,-8.3291592118582702,-0.13632729670861266,-7.2164496600635175e-16,-40.92092041882632,-6.2309113534695193,-2.2368401896635843,-8.3489660202029725,-0.13639139641199358,1,1.8307835762794629,1.7616246212198707,1,1,1
1786455686.2383528,2,1,0.99974926756745397,0.96678086792929974,0.022392007465594142,2,0,1,0,0.3899543382283211,1.4374852328160157,2.0889410539524396,-2.5625908458059286,1.9631859544485399,-2.6407659620103354,0.00035610946322728857,0.21615844417896415,0.33296234811751479,0,0.076207425130639758,0,0.15929192374175152,-40.499971611340321,-6.0585194132557696,-2.2887740005632908,-8.3328690677024486,-0.23392728035280017,-1.584019374001322e-16,-40.607489612557657,-5.9028877799406292,-2.2433326961456324,-8.3239596923096464,-0.13420844079812791,-0.00042733135587291282,-40.866879745572412,-6.2351823546696705,-2.2433326961456324,-8.337677028833161,-0.13420844079812791,1,1.8307835762794629,1.7616246212198707,1,1,1
1786455686.2589657,1,1,0.99974926756745397,0.96678086792929974,0.022392007465594142,2,0,1,0,0.38995528747385816,1.4416813727125803,2.0952188893117722,-2.5625917950514654,1.9646022287898304,-2.6407673858786409,0,0.19443576692209955,0.28987310306701292,0.00035610946322728857,0.063387484454457368,-0.00035610946322728857,0,-40.499971611340321,-5.6930849089641518,-2.0195064710852564,-8.2317113248471845,0.037934153570724355,-9.0277449144721134e-16,-40.590822088959229,-5.9439745070003447,-2.2484623641745722,-8.319531682134242,-0.13250606041413279,-8.8817841970012523e-16,-40.824145009265749,-6.1758729894539552,-2.2485870024867016,-8.3309414293360451,-0.13244196071075187,1,1.8307835762794629,1.7616246212198707,1,1,1
1786455686.2798479,1,1,0.99974926756745397,0.96678086792929974,0.022392007465594142,2,0,1,0,0.3899529143600155,1.4455561929948508,2.1008303543040903,-2.562604135243447,1.9657161684275679,-2.6407673858786409,0,0.16594700986391647,0.26245267439851167,-0.00071221892645457715,0.040596478807910896,0,-0.11946894280631364,-39.862803916373316,-5.8854188585913185,-2.481107950190458,-8.1621653766341904,-0.23392728035280017,-1.9187667947562215e-16,-40.578265244243276,-5.9784632264323063,-2.2527122580438297,-8.3156370247603526,-0.13109149655114044,-1.6653345369377348e-16,-40.777401656079974,-6.1884253659511153,-2.2524629814195705,-8.3229443909457768,-0.13109149655114044,1,1.8307835762794629,1.7616246212198707,1,1,1
1786455686.3009791,1,1,0.99974926756745397,0.96678086792929974,0.022392007465594142,2,0,1,0,0.38994864275509877,1.4487442341310601,2.1059002747175168,-2.5626288156274106,1.9663455182186373,-2.6407669112558727,0,0.14742931777609747,0.21010458330410026,-0.00071221892645457715,0.024927662425910199,0,-0.11946894280631364,-40.977847382565578,-5.5969179341505679,-2.192607025749707,-8.4340268105577145,-0.031611794642270291,7.2228193478268699e-16,-40.55573568139198,-6.01825253557457,-2.2576513137211642,-8.309689116357724,-0.12950312589504351,7.2164496600635175e-16,-40.732650862723297,-6.1863362022178503,-2.257402037096905,-8.3141760955943873,-0.12950312589504351,1,1.8307835762794629,1.7616246212198707,1,1,1
1786455686.3221424,1,1,0.99974926756745397,0.96678086792929974,0.022392007465594142,2,0,1,0,0.38994864275509877,1.4516413315101608,2.1098054708569731,-2.5626340364778644,1.9667190463374695,-2.6407673858786409,-0.00035610946322728857,0.12641885944568745,0.17235698020200765,-0.00035610946322728857,0.0089027365806822138,0,0.31858384748350305,-40.499971611340321,-6.0585194132557696,-2.1156734458988402,-8.3012572730601786,-0.16438133213980552,-3.2057147734965152e-16,-40.550251256377905,-6.0394162292003024,-2.260308560654726,-8.306600000790695,-0.12864850513350568,0.00042733135587241322,-40.701953887712733,-6.1773018133619084,-2.2601839223425966,-8.3082024933752177,-0.12864850513350568,1,1.8307835762794629,1.7616246212198707,1,1,1
1786455686.3435242,1,1,0.99974926756745397,0.96678086792929974,0.022392007465594142,2,0,1,0,0.3899491173778673,1.4540628568751957,2.113169122417538,-2.5626430543104664,1.9667522699312667,-2.6407659620103354,0,0.10790116735786844,0.14422433260705186,0,0,0.00035610946322728857,0.15929192374175152,-39.862803916373316,-5.5007509593369841,-2.192607025749707,-8.2633231194894545,-0.23392728035280017,-4.7605962141122893e-16,-40.541874027727346,-6.0605400469294297,-2.2629900295768555,-8.3027640899504629,-0.12781956002267142,-4.9960036108132044e-16,-40.671355428556787,-6.1759195130150708,-2.2629900295768555,-8.3027640899504629,-0.12788365972605234,1,1.8307835762794629,1.7616246212198707,1,1,1
1786455686.3645515,1,1,0.99974926756745397,0.96678086792929974,0.022392007465594142,2,0,1,0,0.38995149049170996,1.4561046840254073,2.1159262060799229,-2.5626430543104664,1.966749896817424,-2.6407669112558727,0.00035610946322728857,0.080836848152594509,0.1274871878353693,-0.00035610946322728857,-0.00035610946322728857,0.00035610946322728857,0.63716769496700609,-40.022095840115064,-6.0585194132557696,-2.1156734458988402,-8.2633231194894545,-0.20231548571052987,-8.5722444767566408e-16,-40.536283209566257,-6.0767132095026035,-2.2650813825663372,-8.2997591303486651,-0.12717736899204468,-0.00042733135587357896,-40.633287427349373,-6.1787029597708987,-2.2649567442542078,-8.2996950306452835,-0.1272414686954256,1,1.8307835762794629,1.7616246212198707,1,1,1
1786455686.3855665,1,1,0.99974926756745397,0.96678086792929974,0.022392007465594142,2,0,1,0,0.3899505412461729,1.4575456387506613,2.1184089577820981,-2.5626463766698464,1.9667517953084981,-2.6407664366331041,0,0.061250827675093635,0.10505229165205013,-0.00071221892645457715,0.00035610946322728857,0,0.31858384748350305,-40.340679687598573,-5.5969179341505679,-2.3849409753768742,-8.2317113248471845,-0.26553907499507046,-1.1145733858422546e-15,-40.519809149709637,-6.1002308335812296,-2.2681026727896589,-8.2953933967234583,-0.12624862004903184,-1.1102230246251565e-15,-40.593310142919748,-6.1842726669028698,-2.2678533961653997,-8.2954574964268399,-0.12624862004903184,1,1.8307835762794629,1.7616246212198707,1,1,1
1786455686.407027,1,1,0.99974926756745397,0.96678086792929974,0.022392007465594142,2,0,1,0,0.38994769350956171,1.4586581545200932,2.1203933555773178,-2.5626620392212076,1.9667802726746098,-2.6407664366331041,0,0.044869792366638357,0.080124629226139929,0,0.0028488757058183086,0,0,-40.022095840115064,-6.2508533628829364,-2.192607025749707,-8.3012572730601786,-0.16438133213980552,-5.6668537050386103e-16,-40.505617237330569,-6.1197566225154532,-2.2705432592255774,-8.2918232352712984,-0.12548535085067672,-5.5511151231257827e-16,-40.559460988170535,-6.1838563258963655,-2.2705432592255774,-8.292336032898346,-0.12548535085067672,1,1.8307835762794629,1.7616246212198707,1,1,1
1786455686.4287167,1,1,0.99974926756745397,0.96678086792929974,0.022392007465594142,2,0,1,0,0.38994721888679318,1.4594393835970918,2.1217531498091531,-2.562664886957819,1.9668310573108425,-2.6407669112558727,0,0.026708209742046643,0.048786996462138535,0,0.00035610946322728857,0,0.15929192374175152,-40.659263535082076,-5.9623524384421858,-2.3849409753768742,-8.3012572730601786,-0.20231548571052987,-6.3652154293908358e-16,-40.496512755823908,-6.1325924489148633,-2.2721787851504702,-8.289541964068551,-0.12497510029700502,-6.106226635438361e-16,-40.528562607514367,-6.1716220460845745,-2.2721787851504702,-8.2896060637719327,-0.12497510029700502,1,1.8307835762794629,1.7616246212198707,1,1,1
1786455686.4495826,1,1,0.99974926756745397,0.96678086792929974,0.022392007465594142,2,0,1,0,0.38994389652741346,1.4597801627448956,2.1224176216850936,-2.5626672600716613,1.9668732987372415,-2.6407669112558727,-0.00035610946322728857,0.0096149555071367906,0.019586020477500871,-0.00035610946322728857,0.0049855324851820395,0,-0.11946894280631364,-39.862803916373316,-5.9623524384421858,-2.3849409753768742,-8.2317113248471845,-0.063223589284540582,-1.5134107075182035e-16,-40.490973325450966,-6.139710039758822,-2.2730792732705658,-8.2883070965096675,-0.12469243699443402,0.00042733135587257976,-40.502511272059529,-6.1553788561408229,-2.2729546349584364,-8.2892044923569994,-0.12469243699443402,1,1.8307835762794629,1.7616246212198707,1,1,1
1786455686.4704607,1,1,0.99974926756745397,0.96678086792929974,0.022392007465594142,2,0,1,0,0.38994247265910786,1.4598542038967863,2.1225699755937915,-2.56266773469443,1.9670303988736246,-2.6407683351241782,0,-0.0010683283896818657,-0.0014244378529091543,0,0.0078344081910003485,0,-0.11946894280631364,-41.137139306307326,-5.6930849089641518,-2.3849409753768742,-8.2633231194894545,-0.20231548571052987,-1.0467429874261303e-15,-40.490230294264229,-6.1407926383256566,-2.2731940151084573,-8.2884528847654213,-0.12463922626041724,-1.0547118733938987e-15,-40.488948300196611,-6.1396530880433291,-2.2731940151084573,-8.2898630782398008,-0.12463922626041724,1,1.8307835762794629,1.7616246212198707,1,1,1
1786455686.4911861,1,1,0.99974926756745397,0.96678086792929974,0.022392007465594142,2,0,1,0,0.38994247265910786,1.4598527800284806,2.1225234625624756,-2.5626696331855041,1.9671072877621263,-2.6407702336152523,0,0,-0.0017805473161364429,0,0.00071221892645457715,0,0,-40.022095840115064,-5.9623524384421858,-2.192607025749707,-8.2633231194894545,-0.23392728035280017,-1.74908915476224e-16,-40.4916063843487,-6.139436036719272,-2.2729995520646007,-8.288876895505485,-0.12468734260951772,-1.6653345369377348e-16,-40.4916063843487,-6.1380115988663624,-2.2729995520646007,-8.2890050949122465,-0.12468734260951772,1,1.8307835762794629,1.7616246212198707,1,1,1
1786455686.5119371,1,1,0.99974926756745397,0.96678086792929974,0.022392007465594142,2,0,1,0,0.38994104879080232,1.4598556277650918,2.1225158685981791,-2.5626724809221155,1.9672026869386006,-2.6407726067290951,0.00035610946322728857,0,0,-0.00035610946322728857,0.0085466271174549253,-0.00035610946322728857,0.31858384748350305,-40.659263535082076,-6.3470203376965202,-2.192607025749707,-8.1937771712764604,-0.063223589284540582,-1.2731108485139475e-15,-40.492285495601649,-6.1387788216292964,-2.2728882277972806,-8.2892114209943415,-0.12470670406038989,-0.00042733135587402305,-40.492285495601649,-6.1387788216292964,-2.2727635894851512,-8.2907498138754843,-0.12464260435700898,1,1.8307835762794629,1.7616246212198707,1,1,1
1786455686.5331397,1,1,0.99974926756745397,0.96678086792929974,0.022392007465594142,2,0,1,0,0.3899415234135708,1.4598556277650918,2.1225210894486328,-2.5626710570538096,1.967503597773848,-2.6407773529567802,0,0,0,0.00035610946322728857,0.018161582624591718,0,-0.11946894280631364,-40.340679687598573,-6.4239539175473874,-2.192607025749707,-8.3012572730601786,-0.36669681785033542,-7.8866221279311199e-16,-40.49347238736101,-6.1375929588988924,-2.2726999260570433,-8.2900981759841503,-0.12472885054712919,-7.7715611723760958e-16,-40.49347238736101,-6.1375929588988924,-2.2728245643691727,-8.2933672608565772,-0.12472885054712919,1,1.8307835762794629,1.7616246212198707,1,1,1
1786455686.5542712,1,1,0.99974926756745397,0.96678086792929974,0.022392007465594142,2,0,1,0,0.38994104879080232,1.4598565770106289,2.1225215640714015,-2.5626715316765782,1.9679573371405616,-2.6407820991844657,0,0.00035610946322728857,0,0,0.02706431920527393,0,0.63716769496700609,-40.659263535082076,-6.3470203376965202,-2.192607025749707,-8.3328690677024486,0,-5.3554166309921492e-16,-40.495467971025363,-6.1356085519018979,-2.2723752969644702,-8.291471223583331,-0.12477602471833348,-5.5511151231257827e-16,-40.495895302381236,-6.1356085519018979,-2.2723752969644702,-8.2963428010402804,-0.12477602471833348,1,1.8307835762794629,1.7616246212198707,1,1,1
1786455686.5751493,1,1,0.99974926756745397,0.96678086792929974,0.022392007465594142,2,0,1,0,0.38993677718588554,1.4598717649392219,2.1224978329329751,-2.5626724809221155,1.9687703659430518,-2.6407830484300026,0,0.0014244378529091543,-0.0028488757058183086,0,0.050211434315047689,0,-0.43805279028981664,-41.137139306307326,-5.6930849089641518,-2.192607025749707,-8.3328690677024486,-0.16438133213980552,-7.4342387714615432e-16,-40.499997035121986,-6.1311909537383862,-2.2716739119044078,-8.2940881994144409,-0.12490709724981974,-7.2164496600635175e-16,-40.501706360545477,-6.1289118531737312,-2.2716739119044078,-8.3031262575911491,-0.12490709724981974,1,1.8307835762794629,1.7616246212198707,1,1,1
1786455686.5960674,1,1,0.99974926756745397,0.96678086792929974,0.022392007465594142,2,0,1,0,0.38993440407204288,1.4598869528678147,2.1224209440444732,-2.5626734301676524,1.9701173453601371,-2.640784472298308,-0.00035610946322728857,0.00035610946322728857,-0.0021366567793637313,-0.00035610946322728857,0.078700191373230768,0,0.15929192374175152,-40.977847382565578,-6.3470203376965202,-2.5580415300413248,-8.3328690677024486,0.20863784463898394,-1.5927200964355182e-15,-40.508073125676901,-6.1232638119063543,-2.2704303629367657,-8.2985260074831615,-0.1251475702289167,0.00042733135587113647,-40.508500457032774,-6.1215544864828635,-2.2703057246246363,-8.3126920419303438,-0.1251475702289167,1,1.8307835762794629,1.7616246212198707,1,1,1
1786455686.6170242,1,1,0.99974926756745397,0.96678086792929974,0.022392007465594142,2,0,1,0,0.38993298020373729,1.4598888513588888,2.1224105023435658,-2.5626753286587265,1.9719232849943897,-2.640784472298308,0,0.00035610946322728857,0,0,0.095081226681686046,0.00035610946322728857,-0.11946894280631364,-40.977847382565578,-5.8854188585913185,-2.3849409753768742,-8.3644808623447187,-0.031611794642270291,9.8510609392032933e-16,-40.516216195231465,-6.1151612894244316,-2.2690728924316961,-8.3039858009056573,-0.12537251061480573,9.9920072216264089e-16,-40.516643526587337,-6.1151612894244316,-2.2690728924316961,-8.3211004217083602,-0.12543661031818665,1,1.8307835762794629,1.7616246212198707,1,1,1
1786455686.6377492,1,1,0.99974926756745397,0.96678086792929974,0.022392007465594142,2,0,1,0,0.38992823397605203,1.4599045139102502,2.1224067053614175,-2.5626800748864116,1.9739366347784897,-2.6407830484300026,0.00035610946322728857,0.0010683283896818657,0,-0.00035610946322728857,0.10113508755654996,0,-0.43805279028981664,-40.659263535082076,-6.3470203376965202,-2.1156734458988402,-8.4024150159154445,-0.23392728035280017,1.4703136711619047e-16,-40.525473888811177,-6.1060217830050743,-2.2675162138073137,-8.3100661936392122,-0.12563059799274368,-0.00042733135587257976,-40.526755882878795,-6.1060217830050743,-2.2673915754951843,-8.3282705093993918,-0.12563059799274368,1,1.8307835762794629,1.7616246212198707,1,1,1
1786455686.6584976,1,1,0.99974926756745397,0.96678086792929974,0.022392007465594142,2,0,1,0,0.38992965784435762,1.4599386867495845,2.1224114515891026,-2.5626791256408747,1.9764364729003319,-2.6407825738072339,0,0.0010683283896818657,0,0.00035610946322728857,0.12997995407796031,0,0.15929192374175152,-39.384928145148059,-5.9623524384421858,-2.192607025749707,-8.5351845534129787,0.037934153570724355,-1.0290704920146165e-15,-40.537101785534858,-6.0946195538775045,-2.2655877530945956,-8.3175847807724992,-0.12594365460572246,-1.0547118733938987e-15,-40.538383779602476,-6.0946195538775045,-2.265712391406725,-8.3409811725065328,-0.12594365460572246,1,1.8307835762794629,1.7616246212198707,1,1,1
1786455686.6793771,1,1,0.99974926756745397,0.96678086792929974,0.022392007465594142,2,0,1,0,0.38992823397605203,1.4599567224147885,2.122420469421705,-2.5626800748864116,1.9792471889355603,-2.6407816245616971,-0.00035610946322728857,0.00071221892645457715,0,-0.00035610946322728857,0.13852658119541525,0,-0.11946894280631364,-41.893775944080645,-6.1546863880693525,-2.3849409753768742,-8.3644808623447187,-0.063223589284540582,-9.2077224751047071e-16,-40.549461842471615,-6.0823938973438461,-2.2634557178892303,-8.325877277978142,-0.12627180761179668,0.0004273313558718026,-40.550316505183361,-6.0823938973438461,-2.2633310795771009,-8.3508120625933167,-0.12627180761179668,1,1.8307835762794629,1.7616246212198707,1,1,1
1786455686.7004426,1,1,0.99974926756745397,0.96678086792929974,0.022392007465594142,2,0,1,0,0.38992870859882056,1.4600155756380861,2.1224076546069544,-2.5626810241319489,1.982313726643026,-2.6407816245616971,0,0.0049855324851820395,-0.0010683283896818657,-0.00035610946322728857,0.16131758684196171,0,-0.11946894280631364,-41.137139306307326,-6.3470203376965202,-2.192607025749707,-8.5035727587707086,-0.063223589284540582,-1.0557418654577599e-16,-40.564499838414591,-6.0677396348237824,-2.2609242496672293,-8.33510247364649,-0.12667687864396021,-1.1102230246251565e-16,-40.570482477396808,-6.066884972112037,-2.2607996113550999,-8.3641396392780436,-0.12667687864396021,1,1.8307835762794629,1.7616246212198707,1,1,1
1786455686.721642,1,1,0.99974926756745397,0.96678086792929974,0.022392007465594142,2,0,1,0,0.38992823397605203,1.4602144425780996,2.1223829742229912,-2.5626814987547175,1.985998697817885,-2.6407816245616971,0,0.013532159602636965,-0.0010683283896818657,0,0.17271308966523496,0,0,-41.734484020338897,-6.0585194132557696,-2.3849409753768742,-8.3644808623447187,-0.031611794642270291,-3.2760523894365123e-16,-40.58628466219173,-6.0471538685622264,-2.2574502949154902,-8.3466392218763978,-0.12727605145858328,-3.3306690738754696e-16,-40.602523253714892,-6.046299205850481,-2.2574502949154902,-8.37772757801614,-0.12727605145858328,1,1.8307835762794629,1.7616246212198707,1,1,1
1786455686.7428441,1,1,0.99974926756745397,0.96678086792929974,0.022392007465594142,2,0,1,0,0.38992443699390378,1.4605984123978397,2.1223820249774539,-2.5626876688507081,1.9898483630934236,-2.6407816245616971,0,0.021722677256864602,0,-0.00035610946322728857,0.18482081141496276,0,0.31858384748350305,-41.893775944080645,-6.1546863880693525,-2.192607025749707,-8.4024150159154445,-0.20231548571052987,-6.543702212036262e-16,-40.61330620037036,-6.022373508283585,-2.2533110487364389,-8.3591731658362391,-0.12803004100035151,-6.6613381477509392e-16,-40.639373413078594,-6.022373508283585,-2.2531864104243096,-8.3924409118909331,-0.12803004100035151,1,1.8307835762794629,1.7616246212198707,1,1,1
1786455686.7639103,1,1,0.99974926756745397,0.96678086792929974,0.022392007465594142,2,0,1,0,0.3899263354849779,1.4611242944253697,2.1223919920555931,-2.5626862449824026,1.9937450160230463,-2.6407825738072339,0,0.028844866521410373,0.00071221892645457715,0,0.19835297101759974,0,0.15929192374175152,-40.659263535082076,-5.8854188585913185,-2.3849409753768742,-8.3644808623447187,-0.10115774285526494,-6.8764167537177512e-16,-40.644081046072628,-5.9946330271700354,-2.2487536450715027,-8.3722103061109827,-0.1288840525602449,-6.6613381477509392e-16,-40.678694885898324,-5.9952028023111987,-2.2487536450715027,-8.4079138408941514,-0.1288840525602449,1,1.8307835762794629,1.7616246212198707,1,1,1
1786455686.7847686,1,1,0.99974926756745397,0.96678086792929974,0.022392007465594142,2,0,1,0,0.3899263354849779,1.4617574411985874,2.1224019591337324,-2.562685770359634,1.9981566346565232,-2.6407835230527712,0,0.031337632764001394,0,0,0.23147115109773755,0,-0.11946894280631364,-40.818555458823823,-5.9623524384421858,-2.192607025749707,-8.5351845534129787,-0.23392728035280017,-6.9997447508379773e-16,-40.679811455934939,-5.9625358445400449,-2.2434235094547179,-8.3869341347937922,-0.12987145751690457,-7.2164496600635175e-16,-40.717416615251743,-5.9625358445400449,-2.2434235094547179,-8.4285989419913854,-0.12987145751690457,1,1.8307835762794629,1.7616246212198707,1,1,1
1786455686.8076327,1,1,0.99974926756745397,0.96678086792929974,0.022392007465594142,2,0,1,0,0.38992491161667231,1.4626046428404116,2.1223967382832782,-2.5626876688507081,2.0039859514995961,-2.6407835230527712,0.00035610946322728857,0.039884259881456316,-0.00071221892645457715,0,0.25070106211201115,0.00035610946322728857,0.63716769496700609,-40.818555458823823,-5.9623524384421858,-2.3849409753768742,-8.4340268105577145,-0.16438133213980552,-3.0262793139501643e-17,-40.727411613946806,-5.9197766529918354,-2.2361994867784794,-8.4061869556141726,-0.13118114634365108,-0.0004273313558728018,-40.775272725804555,-5.9192068778506721,-2.2361994867784794,-8.4513131467943339,-0.131245246047032,1,1.8307835762794629,1.7616246212198707,1,1,1
1786455686.829051,1,1,0.99974926756745397,0.96678086792929974,0.022392007465594142,2,0,1,0,0.38992538623944084,1.4635619569645346,2.1223953144149728,-2.562685770359634,2.0093097950941856,-2.640785896166614,0,0.051635872167956842,0,0,0.26886264473660287,0,-0.27876086654806514,-40.977847382565578,-5.8854188585913185,-2.192607025749707,-8.6363422962682446,-0.26553907499507046,-7.7502837047410678e-16,-40.77556112976395,-5.8770385069468603,-2.2290216696264036,-8.4241448127599856,-0.13250188003546579,-7.7715611723760958e-16,-40.837524176365498,-5.8770385069468603,-2.2290216696264036,-8.4725400888125737,-0.13250188003546579,1,1.8307835762794629,1.7616246212198707,1,1,1
1786455686.8497441,1,1,0.99974926756745397,0.96678086792929974,0.022392007465594142,2,0,1,0,0.38992491161667231,1.4647423437898661,2.1224038576248061,-2.562685770359634,2.0150992436247019,-2.6407887439032249,0,0.056977514116366174,0,0,0.2670820974204664,-0.00035610946322728857,0.31858384748350305,-40.659263535082076,-5.6930849089641518,-2.1156734458988402,-8.6047305016259745,-0.063223589284540582,-1.1831491732519628e-15,-40.831155526756689,-5.8280416779194164,-2.2207470142478458,-8.4438014272381956,-0.13402316997514105,-1.1657341758564144e-15,-40.899528543696327,-5.8280416779194164,-2.2207470142478458,-8.4918762047738792,-0.13395907027176013,1,1.8307835762794629,1.7616246212198707,1,1,1
1786455686.8703439,1,1,0.99974926756745397,0.96678086792929974,0.022392007465594142,2,0,1,0,0.38992491161667231,1.4660053149769217,2.1224029083792693,-2.5626848211140971,2.0203523684267806,-2.6407982363585956,0.00035610946322728857,0.065524141233821095,-0.00035610946322728857,0.00035610946322728857,0.25675492298687508,-0.0014244378529091543,0.15929192374175152,-41.734484020338897,-5.6930849089641518,-2.3849409753768742,-8.5351845534129787,-0.031611794642270291,-5.7923501065038074e-17,-40.886700927317236,-5.7794778606775568,-2.2125966808453712,-8.4620480948754881,-0.13553763732498297,-0.0004273313558728018,-40.965329896797819,-5.7791929731069747,-2.2127213191575006,-8.5082639810131262,-0.13528123851145932,1,1.8307835762794629,1.7616246212198707,1,1,1
1786455686.8909292,1,1,0.99974926756745397,0.96678086792929974,0.022392007465594142,2,0,1,0,0.38992538623944084,1.4674220639409807,2.1223986367743524,-2.5626833972457916,2.0255865083181179,-2.6408195943831791,0,0.073002439961594154,0,0,0.25568659459719317,-0.0017805473161364429,-0.11946894280631364,-41.415900172855395,-5.5969179341505679,-2.1156734458988402,-8.4340268105577145,-0.20231548571052987,-1.0789573444761058e-15,-40.946061024878759,-5.72785494277427,-2.203953977645817,-8.4804826105137074,-0.13713854615437157,-1.0547118733938987e-15,-41.033663952832669,-5.72785494277427,-2.203953977645817,-8.5265061975412024,-0.13681804763746702,1,1.8307835762794629,1.7616246212198707,1,1,1
1786455686.9117186,1,1,0.99974926756745397,0.96678086792929974,0.022392007465594142,2,0,1,0,0.38992538623944084,1.4689555701060979,2.1224076546069544,-2.5626819733774857,2.0310024287298023,-2.640926859128867,0,0.077987972446776202,0.00035610946322728857,0,0.26886264473660287,-0.013176050139409676,0,-40.977847382565578,-5.4238173794861169,-2.5580415300413248,-8.5667963480552487,0.069545948212994646,-1.1191405874938498e-15,-41.008498384954528,-5.673676010462458,-2.1948593273264798,-8.4993681071796292,-0.13866762637574498,-1.1102230246251565e-15,-41.102083951890663,-5.67396089803304,-2.1948593273264798,-8.5477633832322173,-0.13629593735065124,1,1.8307835762794629,1.7616246212198707,1,1,1
1786455686.9326305,1,1,0.99974926756745397,0.96678086792929974,0.022392007465594142,2,0,1,0,0.38992586086220937,1.4705996633762821,2.1224133500801767,-2.5626800748864116,2.0366717976998809,-2.6412410594016329,0.00035610946322728857,0.081549067079049076,0.0010683283896818657,0,0.27527261507469408,-0.016024925845227987,-0.43805279028981664,-41.25660824911364,-5.8854188585913185,-2.3849409753768742,-8.5035727587707086,-0.26553907499507046,-3.5851855338664418e-16,-41.0743143439135,-5.6165927198953689,-2.1853222649237507,-8.5188548880384101,-0.13992829841499857,-0.00042733135587307936,-41.172173224408361,-5.6174473826071143,-2.1853222649237507,-8.5684039587518548,-0.13704381176285754,1,1.8307835762794629,1.7616246212198707,1,1,1
1786455686.953665,1,1,0.99974926756745397,0.96678086792929974,0.022392007465594142,2,0,1,0,0.3899277593532835,1.4724658801021382,2.1224157231940195,-2.5626762779042638,2.0426771995900781,-2.6416601513062443,0,0.088671256343594851,0,0,0.2749165056114668,-0.022434896183319179,0,-42.690235562789404,-5.5969179341505679,-2.3849409753768742,-8.5351845534129787,-0.30347322856579484,-6.2238625711530382e-16,-41.146836275749507,-5.5538282065045941,-2.1748523927670331,-8.5394692267094339,-0.14118736935451201,-6.106226635438361e-16,-41.253241783361823,-5.5538282065045941,-2.1748523927670331,-8.5889541977194988,-0.13714908804151454,1,1.8307835762794629,1.7616246212198707,1,1,1
1786455686.9748147,1,1,0.99974926756745397,0.96678086792929974,0.022392007465594142,2,0,1,0,0.38992681010774644,1.4742922285154376,2.1224256902721588,-2.562676752527032,2.0483517894106105,-2.6421960004119134,0,0.086890709027458407,0,-0.00035610946322728857,0.26743820688369369,-0.02991319491109224,-0.43805279028981664,-41.734484020338897,-5.6930849089641518,-2.5580415300413248,-8.5035727587707086,-0.16438133213980552,-2.8496898851065877e-16,-41.216200364724003,-5.4938491786257373,-2.1648258322983018,-8.5586721933550614,-0.14215333522073506,-2.7755575615628914e-16,-41.320469215556955,-5.4938491786257373,-2.1647011939861724,-8.6068110705941265,-0.13676896013673845,1,1.8307835762794629,1.7616246212198707,1,1,1
1786455686.9955382,1,1,0.99974926756745397,0.96678086792929974,0.022392007465594142,2,0,1,0,0.38992728473051497,1.4760820309755605,2.122438505086909,-2.5626753286587265,2.0536348154471065,-2.6429003406004101,0,0.086534599564231124,0,0,0.24144221606810165,-0.040952588271138186,-0.27876086654806514,-41.25660824911364,-5.1353164550453663,-2.1156734458988402,-8.5351845534129787,-0.26553907499507046,-1.0390587045286392e-15,-41.282405424270003,-5.4366860103861905,-2.1553697187478891,-8.5764213278341082,-0.14274113986689266,-1.0547118733938987e-15,-41.386246943747082,-5.4366860103861905,-2.1553697187478891,-8.619880926726367,-0.13536967397808777,1,1.8307835762794629,1.7616246212198707,1,1,1
1786455687.0163448,1,1,0.99974926756745397,0.96678086792929974,0.022392007465594142,2,0,1,0,0.38992728473051497,1.4779762504447596,2.1224589138659558,-2.5626734301676524,2.0585827578090208,-2.6440323159033521,-0.00035610946322728857,0.087602927953912987,0.0014244378529091543,0.00035610946322728857,0.22256841451705536,-0.065524141233821095,-0.11946894280631364,-41.137139306307326,-5.2314834298589501,-2.1156734458988402,-8.5035727587707086,-0.13276953749753523,-1.3711498299609493e-15,-41.34918434543701,-5.3793039119185835,-2.1462809289345977,-8.5933614013506165,-0.14263227317810165,0.00042733135587135851,-41.454307858981707,-5.380443462200911,-2.146405567246727,-8.6334237159636871,-0.13083792775601386,1,1.8307835762794629,1.7616246212198707,1,1,1
1786455687.0368679,1,1,0.99974926756745397,0.96678086792929974,0.022392007465594142,2,0,1,0,0.3899277593532835,1.4797252353467887,2.1225149193526422,-2.5626734301676524,2.0628833147146617,-2.6456137589680906,0,0.08475405224809468,0.0035610946322728858,0,0.19870908048082703,-0.088315146880367568,-0.59734471403156819,-40.818555458823823,-5.2314834298589501,-2.192607025749707,-8.7754341926942327,0,-4.5121783913415481e-16,-41.408196201881495,-5.3287962144294019,-2.138677193256632,-8.6079705379934914,-0.14154880843044032,-4.4408920985006262e-16,-41.509901064579211,-5.3316450901352201,-2.138677193256632,-8.6437381724800399,-0.12565208199197417,1,1.8307835762794629,1.7616246212198707,1,1,1
1786455687.0575306,1,1,0.99974926756745397,0.96678086792929974,0.022392007465594142,2,0,1,0,0.38992918322158909,1.4813840419227975,2.1225737725759397,-2.5626724809221155,2.0667700005661458,-2.6476983021674698,0,0.080480738689367212,0.0021366567793637313,0,0.17022032342264393,-0.11039393360045946,0,-41.734484020338897,-5.2314834298589501,-2.0195064710852564,-8.5035727587707086,0.069545948212994646,-3.5274517681815887e-16,-41.462526593242401,-5.2823950239980455,-2.1321580129912094,-8.6211311697122124,-0.13948783619907545,-3.3306690738754696e-16,-41.559103479669645,-5.2841043494215363,-2.1321580129912094,-8.6517708279282886,-0.11961692815099276,1,1.8307835762794629,1.7616246212198707,1,1,1
1786455687.0779872,1,1,0.99974926756745397,0.96678086792929974,0.022392007465594142,2,0,1,0,0.38992965784435762,1.4830333560434357,2.1226055723014312,-2.5626705824310414,2.0699210211264094,-2.6501701375459685,0.00035610946322728857,0.078700191373230768,0.0010683283896818657,0.00035610946322728857,0.14066323797477898,-0.12641885944568745,-0.11946894280631364,-41.25660824911364,-5.4238173794861169,-2.1156734458988402,-8.5667963480552487,-0.063223589284540582,-7.1394713058170467e-16,-41.514083918347865,-5.2386039773434021,-2.126633694907659,-8.632639557931034,-0.13673140518046722,-0.00042733135587346793,-41.608524147995745,-5.2394586400551475,-2.1267583332197884,-8.6579589407664947,-0.11397601048024349,1,1.8307835762794629,1.7616246212198707,1,1,1
1786455687.0993495,1,1,0.99974926756745397,0.96678086792929974,0.022392007465594142,2,0,1,0,0.38992965784435762,1.4846072051438777,2.1226359481586168,-2.5626686839399673,2.0723192899757863,-2.6529533254606226,0,0.073714658888048734,0.0017805473161364429,0.00035610946322728857,0.095793445608140626,-0.14066323797477898,0,-41.415900172855395,-5.1353164550453663,-2.192607025749707,-8.4340268105577145,-0.063223589284540582,3.3298559222461055e-17,-41.560654141516544,-5.1993218283831979,-2.1223242007924989,-8.6422567513738091,-0.13334024288019919,5.5511151231257827e-17,-41.649111732182199,-5.2007462662361075,-2.1224488391046283,-8.6594995715832752,-0.10802086004473897,1,1.8307835762794629,1.7616246212198707,1,1,1
1786455687.1206381,1,1,0.99974926756745397,0.96678086792929974,0.022392007465594142,2,0,1,0,0.38993013246712616,1.4861658663157269,2.1226805626988585,-2.5626672600716613,2.0738338112301622,-2.656049289779737,-0.00035610946322728857,0.069797454792548563,0.0014244378529091543,0,0.048430886998911245,-0.14778542723932475,0.63716769496700609,-41.734484020338897,-5.4238173794861169,-1.9233394962716728,-8.4656386051999846,-0.10115774285526494,-9.7350513067473443e-16,-41.603133581038399,-5.1639314401918437,-2.1192410608367376,-8.6499511734190051,-0.12935107112474437,0.00042733135587174709,-41.686890526789455,-5.1650709904741712,-2.1192410608367376,-8.6586687330788088,-0.10274969422166591,1,1.8307835762794629,1.7616246212198707,1,1,1
1786455687.1416206,1,1,0.99974926756745397,0.96678086792929974,0.022392007465594142,2,0,1,0,0.38993013246712616,1.4875218635654142,2.1227303980895544,-2.5626672600716613,2.0744546178113983,-2.6592800469651139,0.00035610946322728857,0.064099703380911949,0.003204985169045597,0,0.015668816382000697,-0.16594700986391647,-0.11946894280631364,-41.734484020338897,-4.9622159003809161,-2.192607025749707,-8.5035727587707086,-0.16438133213980552,-7.6668001374596839e-16,-41.636993982029459,-5.1361347836418805,-2.1177478819646676,-8.655207316194641,-0.1249266813474617,-0.00042733135587352344,-41.713913626086551,-5.1386987717771166,-2.1177478819646676,-8.6580277031434019,-0.095056219571956729,1,1.8307835762794629,1.7616246212198707,1,1,1
1786455687.1626632,1,1,0.99974926756745397,0.96678086792929974,0.022392007465594142,2,0,1,0,0.38993108171266316,1.488853180431138,2.1228295942481767,-2.5626663108261245,2.074517268016844,-2.6629925462605475,0.00035610946322728857,0.058401951969275327,0.0071221892645457717,0,-0.00035610946322728857,-0.17556196537105326,-0.11946894280631364,-41.25660824911364,-5.058382875194499,-2.1156734458988402,-8.5351845534129787,0.069545948212994646,-2.414247187582097e-16,-41.666790479995015,-5.1121754360441249,-2.1174462618411369,-8.6591248954067161,-0.11959635910944284,-0.00042733135587296833,-41.736872822358144,-5.1178731874557615,-2.1174462618411369,-8.6590607957033345,-0.08799520534265326,1,1.8307835762794629,1.7616246212198707,1,1,1
1786455687.1837714,1,1,0.99974926756745397,0.96678086792929974,0.022392007465594142,2,0,1,0,0.38993487869481142,1.4899699678054867,2.1230555146859964,-2.5626620392212076,2.0745058770703992,-2.6667453884913059,0,0.051279762704729552,0.013532159602636965,0,0.00035610946322728857,-0.18909412497369024,1.1150434661922606,-41.734484020338897,-4.8660489255673323,-2.3849409753768742,-8.8070459873365028,0.037934153570724355,-4.045158305543417e-16,-41.68779232149997,-5.0959238140626315,-2.1182425534016054,-8.6618093233840661,-0.11390799767904136,-3.8857805861880479e-16,-41.749328036745645,-5.1067495417447413,-2.1182425534016054,-8.6618734230874477,-0.079871055183777129,1,1.8307835762794629,1.7616246212198707,1,1,1
1786455687.2062554,1,1,0.99974926756745397,0.96678086792929974,0.022392007465594142,2,0,1,0,0.38993440407204288,1.4910122394051764,2.1234779289499874,-2.562661564598439,2.0745058770703992,-2.6715286367525408,-0.00035610946322728857,0.040240369344683606,0.023503224573001046,-0.00035610946322728857,0,-0.233251698413874,0.31858384748350305,-41.575192096597142,-5.5969179341505679,-2.0195064710852564,-8.6742764498389686,0.037934153570724355,-3.1737308094081929e-16,-41.701600092973678,-5.0863745370351197,-2.1206984644913147,-8.6636307738974008,-0.10623431734587682,0.00042733135587241322,-41.749888536187299,-5.1051771166935209,-2.1205738261791853,-8.6636307738974008,-0.064249011631379499,1,1.8307835762794629,1.7616246212198707,1,1,1
1786455687.2271626,1,1,0.99974926756745397,0.96678086792929974,0.022392007465594142,2,0,1,0,0.38993440407204288,1.491827641321509,2.1240208973971844,-2.5626601407301335,2.0745106232980848,-2.677000088028143,0,0.034898727396274282,0.028844866521410373,0.00035610946322728857,0,-0.26352100278819351,0.15929192374175152,-41.25660824911364,-5.1353164550453663,-2.192607025749707,-8.7375000391235087,-0.10115774285526494,9.2918836687438944e-16,-41.706201505599566,-5.0849463378898552,-2.124766344248374,-8.6643439170155521,-0.097092302205604747,9.4368957093138306e-16,-41.748079978475097,-5.1080222311069834,-2.1248909825605033,-8.6643439170155521,-0.049658521703729919,1,1.8307835762794629,1.7616246212198707,1,1,1
1786455687.2477925,1,1,0.99974926756745397,0.96678086792929974,0.022392007465594142,2,0,1,0,0.38993487869481142,1.4924588896036526,2.1247005572017179,-2.562655869125217,2.074508250184242,-2.682614400757072,0,0.025995990815592066,0.037747603102092589,0,0,-0.28595589897151275,-0.43805279028981664,-42.530943639047656,-5.2314834298589501,-2.3849409753768742,-8.5351845534129787,0.069545948212994646,-1.3796879220692726e-15,-41.702777511279727,-5.0906552618205891,-2.129913243446163,-8.6640239715690885,-0.087435055079190069,-1.3877787807814457e-15,-41.733972700258441,-5.1208533443022635,-2.129913243446163,-8.6640239715690885,-0.035962993264317775,1,1.8307835762794629,1.7616246212198707,1,1,1
1786455687.2682257,1,1,0.99974926756745397,0.96678086792929974,0.022392007465594142,2,0,1,0,0.38993440407204288,1.4928675398073561,2.1255268754417269,-2.5626553945024484,2.0745101486753161,-2.6888158218506719,0,0.015668816382000697,0.041308697734365477,0,0,-0.31515687495615036,0,-42.212359791564147,-4.7698819507537484,-2.1156734458988402,-8.6363422962682446,-0.16438133213980552,-1.4282601793966232e-15,-41.689810054421372,-5.1048679195906423,-2.1366378952130818,-8.6625299922661263,-0.076468021612476622,-1.4432899320127035e-15,-41.70861263407977,-5.1379148777781349,-2.1366378952130818,-8.6625299922661263,-0.019739784120369558,1,1.8307835762794629,1.7616246212198707,1,1,1
1786455687.2887471,1,1,0.99974926756745397,0.96678086792929974,0.022392007465594142,2,0,1,0,0.38993535331757995,1.4931157675152966,2.1263351580165319,-2.5626530213886056,2.0745096740525475,-2.6953675145474456,0.00035610946322728857,0.0081905176542276369,0.039172040955001743,0.00035610946322728857,-0.00035610946322728857,-0.32299128314715075,0.63716769496700609,-41.137139306307326,-5.3276504046725339,-2.1156734458988402,-8.5351845534129787,-0.20231548571052987,-1.7935143387798336e-15,-41.672770855245531,-5.1224821376001,-2.1441099091083511,-8.6605651698421351,-0.064778739533489865,-0.00042733135587452265,-41.682599476430603,-5.1538197703641018,-2.1442345474204805,-8.6605010701387535,-0.006640308567002734,1,1.8307835762794629,1.7616246212198707,1,1,1
1786455687.3100429,1,1,0.99974926756745397,0.96678086792929974,0.022392007465594142,2,0,1,0,0.3899391502997282,1.4931584835644642,2.1272212787253753,-2.5626454274243091,2.074505402447631,-2.7021607902334011,0,0.00035610946322728857,0.041308697734365477,0,0.00035610946322728857,-0.34008453738206057,0,-41.575192096597142,-5.1353164550453663,-2.192607025749707,-8.5667963480552487,0.107480101783719,-2.697495005143935e-16,-41.648428664331171,-5.1464901444797135,-2.1526664524477765,-8.6576729096580376,-0.052434346411618538,-2.7755575615628914e-16,-41.648855995687043,-5.1795371026672061,-2.1526664524477765,-8.6577370093614192,0.008780870317152363,1,1.8307835762794629,1.7616246212198707,1,1,1
1786455687.3310416,1,1,0.99974926756745397,0.96678086792929974,0.022392007465594142,2,0,1,0,0.38993962492249673,1.4931570596961588,2.128107399434219,-2.562643528933235,2.0744997069744087,-2.7097224801816044,0,0,0.045225901829865647,0,-0.00071221892645457715,-0.36216332410215246,-0.43805279028981664,-42.212359791564147,-5.3276504046725339,-2.192607025749707,-8.6742764498389686,0.069545948212994646,-6.604959634781693e-16,-41.622321832287611,-5.1720776419797616,-2.1620266855438799,-8.6546119475880978,-0.038739429871316323,-6.6613381477509392e-16,-41.622321832287611,-5.2082583634436546,-2.1620266855438799,-8.6544837481813364,0.026449968467071122,1,1.8307835762794629,1.7616246212198707,1,1,1
1786455687.3522091,1,1,0.99974926756745397,0.96678086792929974,0.022392007465594142,2,0,1,0,0.3899391502997282,1.4931570596961588,2.1291150235718059,-2.5626425796876982,2.0744873667824266,-2.7173696022281431,0,0,0.048074777535683955,0,-0.00035610946322728857,-0.3799687972635169,0.47787577122525454,-41.893775944080645,-5.2314834298589501,-2.481107950190458,-8.6742764498389686,0,-6.1325185381211345e-16,-41.593453217143761,-5.2003627647668527,-2.1718355097632664,-8.6511404729014227,-0.024798165781861864,-6.106226635438361e-16,-41.593453217143761,-5.2388225867953997,-2.1718355097632664,-8.6510763731980411,0.043596217725571179,1,1.8307835762794629,1.7616246212198707,1,1,1
1786455687.373503,1,1,0.99974926756745397,0.96678086792929974,0.022392007465594142,2,0,1,0,0.38994009954526526,1.4931584835644642,2.1301686861179405,-2.5626411558193922,2.0744887906507326,-2.7256878408693819,0,0,0.056621404653138883,0,0,-0.38281767296933522,0.31858384748350305,-41.575192096597142,-5.3276504046725339,-2.192607025749707,-8.6742764498389686,0.13909189642598929,-2.1087732254843061e-17,-41.563092880992713,-5.2301194328693352,-2.1823842178639885,-8.6475206898841481,-0.0096689471268039794,0,-41.563092880992713,-5.2754165565918463,-2.1823842178639885,-8.6475206898841481,0.059238234007676374,1,1.8307835762794629,1.7616246212198707,1,1,1
1786455687.3943379,1,1,0.99974926756745397,0.96678086792929974,0.022392007465594142,2,0,1,0,0.38994104879080232,1.4931589581872329,2.1315004776064326,-2.5626387827055499,2.074490214519038,-2.7332988915855125,0,0,0.066592469623502959,-0.00035610946322728857,0,-0.36216332410215246,0.31858384748350305,-41.575192096597142,-5.1353164550453663,-2.1156734458988402,-8.7058882444812387,-0.13276953749753523,-5.2581094860115751e-16,-41.527086081423548,-5.2653582246833981,-2.1931489000356978,-8.64300047236914,0.0044780021238335199,-4.9960036108132044e-16,-41.527086081423548,-5.3186322003822006,-2.1930242617235685,-8.64300047236914,0.069667400462220946,1,1.8307835762794629,1.7616246212198707,1,1,1
1786455687.4152741,1,1,0.99974926756745397,0.96678086792929974,0.022392007465594142,2,0,1,0,0.38994104879080232,1.4931575343189272,2.132916751947723,-2.5626378334600126,2.0744859429141211,-2.7410950451813694,0.00035610946322728857,0,0.07193411157191229,0,-0.00035610946322728857,-0.3546850253743794,0.31858384748350305,-40.340679687598573,-5.3276504046725339,-2.1156734458988402,-8.6047305016259745,0.037934153570724355,-7.8727985502319298e-16,-41.488990362332189,-5.3026297269631968,-2.2043564988741817,-8.6381628316672074,0.01901038105087156,-0.00042733135587352344,-41.488990362332189,-5.3601770162207263,-2.2043564988741817,-8.6380987319638258,0.082853685618259842,1,1.8307835762794629,1.7616246212198707,1,1,1
1786455687.4358401,1,1,0.99974926756745397,0.96678086792929974,0.022392007465594142,2,0,1,0,0.38994199803633933,1.4931561104506217,2.1344834817066372,-2.5626359349689385,2.0744736027221395,-2.7483833524149004,0,0,0.080480738689367212,0,0.00035610946322728857,-0.35753390108019772,-0.11946894280631364,-41.893775944080645,-5.5007509593369841,-2.0195064710852564,-8.7375000391235087,0.13909189642598929,1.2372102040775212e-16,-41.447940771198354,-5.342768954301329,-2.2155888430164747,-8.6328054640322112,0.032794076422442857,1.1102230246251565e-16,-41.447940771198354,-5.4071535452528225,-2.2155888430164747,-8.6328695637355928,0.097150178616878455,1,1.8307835762794629,1.7616246212198707,1,1,1
1786455687.4563313,1,1,0.99974926756745397,0.96678086792929974,0.022392007465594142,2,0,1,0,0.38994199803633933,1.4931570596961588,2.136306507760557,-2.5626349857234016,2.0744755012132137,-2.7552150725451066,0,0,0.099354540240413514,0,0.00035610946322728857,-0.34044064684528785,-0.11946894280631364,-41.575192096597142,-5.4238173794861169,-2.192607025749707,-8.6742764498389686,0.069545948212994646,-3.1042063450975599e-16,-41.401679955489122,-5.3879826092097396,-2.2271673080063539,-8.626625439643961,0.04599878524182175,-3.3306690738754696e-16,-41.401679955489122,-5.4674662414020707,-2.2271673080063539,-8.6266895393473426,0.10727810167397356,1,1.8307835762794629,1.7616246212198707,1,1,1
1786455687.476686,1,1,0.99974926756745397,0.96678086792929974,0.022392007465594142,2,0,1,0,0.38994247265910786,1.4931575343189272,2.1385305900538838,-2.5626349857234016,2.0744769250815192,-2.7618621644183547,0,0,0.11537946608564149,0.00035610946322728857,0,-0.30732246676515002,-0.11946894280631364,-41.893775944080645,-5.9623524384421858,-2.192607025749707,-8.5035727587707086,0,-3.0987853342351324e-16,-41.346641816295097,-5.441741906020658,-2.2397917331582842,-8.6190818476881894,0.059210984752080358,-3.3306690738754696e-16,-41.346641816295097,-5.5340454788891709,-2.2399163714704136,-8.6190818476881894,0.11452902876980736,1,1.8307835762794629,1.7616246212198707,1,1,1
1786455687.4967339,1,1,0.99974926756745397,0.96678086792929974,0.022392007465594142,2,0,1,0,0.38994247265910786,1.4931565850733901,2.1408363074633976,-2.5626354603461703,2.0744755012132137,-2.7677061945672521,0,-0.00035610946322728857,0.12606274998246014,0,0,-0.26138434600882982,-0.11946894280631364,-41.415900172855395,-5.8854188585913185,-2.2887740005632908,-8.5351845534129787,0.069545948212994646,-3.6331614799989254e-16,-41.290431893020191,-5.4966218199198558,-2.2519584043617673,-8.6112263572823178,0.071109757439403828,-3.8857805861880479e-16,-41.290004561664318,-5.5974720199058243,-2.2519584043617673,-8.6112263572823178,0.1181589397209932,1,1.8307835762794629,1.7616246212198707,1,1,1
1786455687.5178394,1,1,0.99974926756745397,0.96678086792929974,0.022392007465594142,2,0,1,0,0.3899429472818764,1.4931561104506217,2.1436963842665531,-2.5626359349689385,2.0744626863984634,-2.7725786719089704,0,0,0.14066323797477898,-0.00035610946322728857,-0.0010683283896818657,-0.2179389914951006,0.47787577122525454,-42.053067867822399,-5.7892518837777347,-2.1156734458988402,-8.5351845534129787,0.107480101783719,1.2023802092864244e-16,-41.222682625014251,-5.5627267833816747,-2.2649195883205189,-8.6014553138531422,0.081793559623907691,1.1102230246251565e-16,-41.222682625014251,-5.6752573737614975,-2.2647949500083895,-8.6012630147429991,0.12102257809302583,1,1.8307835762794629,1.7616246212198707,1,1,1
1786455687.5389626,1,1,0.99974926756745397,0.96678086792929974,0.022392007465594142,2,0,1,0,0.38994959200063584,1.4931542119595476,2.1466376215631273,-2.5626340364778644,2.074444650733259,-2.7765109215462331,0.00071221892645457715,0,0.1495659745554612,0.00035610946322728857,-0.00035610946322728857,-0.14778542723932475,-0.27876086654806514,-40.818555458823823,-6.0585194132557696,-2.192607025749707,-8.5351845534129787,0,-4.8650861984855798e-16,-41.153886662614269,-5.6298289280517437,-2.2772971313161019,-8.591337992247194,0.090932652673482717,-0.00085466271174599218,-41.153886662614269,-5.7494817076961127,-2.2774217696282313,-8.5912738925438124,0.11753402957656117,1,1.8307835762794629,1.7616246212198707,1,1,1
1786455687.5604086,1,1,0.99974926756745397,0.96678086792929974,0.022392007465594142,2,0,1,0,0.38996240681538608,1.4931532627140105,2.1501678657154457,-2.5626340364778644,2.0744280389363605,-2.7786941862814665,0.00035610946322728857,0,0.17520585590782597,0,-0.00071221892645457715,-0.055553076263457013,-0.27876086654806514,-39.703511992631562,-5.8854188585913185,-2.192607025749707,-8.7058882444812387,0.27186143392352452,2.7595655795187302e-16,-41.073515245581831,-5.7081769833438623,-2.2898101204547929,-8.5791818049994788,0.097554585267425498,-0.00042733135587246873,-41.073515245581831,-5.8483416680701232,-2.2898101204547929,-8.5790536055927173,0.10755413899484775,1,1.8307835762794629,1.7616246212198707,1,1,1
1786455687.5814414,1,1,0.99974926756745397,0.96678086792929974,0.022392007465594142,2,0,1,0,0.38996383068369167,1.4931551612050846,2.1539999699485488,-2.5626349857234016,2.074435632900657,-2.7789599750318423,0,0,0.18482081141496276,0.00035610946322728857,0.0010683283896818657,0.010683283896818658,0.31858384748350305,-41.137139306307326,-6.0585194132557696,-2.2887740005632908,-8.5351845534129787,-0.031611794642270291,-9.4886663630500134e-16,-40.988243978712234,-5.7912694408156806,-2.3013970320010135,-8.5659939505744713,0.10113766794319683,-9.4368957093138306e-16,-40.988243978712234,-5.939126089947651,-2.3015216703131429,-8.5661862496846144,0.099214676841769489,1,1.8307835762794629,1.7616246212198707,1,1,1
1786455687.6021769,1,1,0.99974926756745397,0.96678086792929974,0.022392007465594142,2,0,1,0,0.38996335606092314,1.4931527880912419,2.1579521537420892,-2.5626378334600126,2.0744242419542123,-2.7788000271588484,0,-0.00035610946322728857,0.19906518994405431,0,-0.00071221892645457715,0.0039172040955001743,-0.11946894280631364,-40.022095840115064,-6.3470203376965202,-2.192607025749707,-8.5351845534129787,0.17070369106825958,-1.0463906217200725e-16,-40.90057136656948,-5.8766822009474602,-2.3129336804877134,-8.5522201121122059,0.10409186896421019,-1.1102230246251565e-16,-40.900144035213607,-6.0359343529027036,-2.3129336804877134,-8.5520919127054444,0.10338677222702015,1,1.8307835762794629,1.7616246212198707,1,1,1
1786455687.623096,1,1,0.99974926756745397,0.96678086792929974,0.022392007465594142,2,0,1,0,0.38996383068369167,1.4931499403546307,2.1620946612658103,-2.5626368842144758,2.0744028839296287,-2.7787549379958381,0,0.00035610946322728857,0.2086801454511911,0,-0.00071221892645457715,0.0035610946322728858,0.15929192374175152,-40.499971611340321,-6.5201208923609704,-2.3849409753768742,-8.4340268105577145,0.107480101783719,1.0209118706666631e-16,-40.808623049779555,-5.9662664615238876,-2.3251305297388152,-8.5376083202417732,0.10740047275980527,1.1102230246251565e-16,-40.809050381135428,-6.1332105778848405,-2.3251305297388152,-8.5374801208350117,0.10675947572599619,1,1.8307835762794629,1.7616246212198707,1,1,1
1786455687.6439126,1,1,0.99974926756745397,0.96678086792929974,0.022392007465594142,2,0,1,0,0.38997474700736784,1.4931561104506217,2.1664806502697864,-2.5626349857234016,2.0744133256305362,-2.7786244167344925,0.00071221892645457715,0,0.21437789686282771,0,0.00071221892645457715,0.0089027365806822138,-0.59734471403156819,-40.818555458823823,-5.9623524384421858,-2.3849409753768742,-8.6047305016259745,-0.10115774285526494,-6.3722627435119916e-16,-40.711807047693966,-6.0606250988294086,-2.3378663975255183,-8.5220869334273228,0.11075242702185978,-0.0008546627117461032,-40.711807047693966,-6.2321274163196705,-2.3378663975255183,-8.5222151328340843,0.10914993443733698,1,1.8307835762794629,1.7616246212198707,1,1,1
1786455687.6646192,1,1,0.99974926756745397,0.96678086792929974,0.022392007465594142,2,0,1,0,0.3899771201212105,1.4931565850733901,2.171046521303035,-2.5626364095917071,2.0744104778939252,-2.7783282521269306,0,0,0.21010458330410026,0,-0.00071221892645457715,0.019229911014273581,0.63716769496700609,-40.181387763856819,-6.1546863880693525,-2.481107950190458,-8.6047305016259745,0.069545948212994646,-2.3048782934326217e-16,-40.611083790393501,-6.1587726746896685,-2.3509382494522315,-8.5057133121737785,0.11396842827009732,-2.2204460492503131e-16,-40.611083790393501,-6.3268563413329488,-2.3509382494522315,-8.505585112767017,0.11050704428752804,1,1.8307835762794629,1.7616246212198707,1,1,1
1786455687.6852548,1,1,0.99974926756745397,0.96678086792929974,0.022392007465594142,2,0,1,0,0.38997854398951609,1.4931570596961588,2.1754647846552713,-2.5626368842144758,2.074411427139462,-2.7777468392354825,0,0.00035610946322728857,0.21936342934800976,0.00035610946322728857,0.00035610946322728857,0.037035384175638009,-0.11946894280631364,-40.340679687598573,-6.4239539175473874,-2.0195064710852564,-8.4656386051999846,0.17070369106825958,-1.1453240699593747e-16,-40.513994098841145,-6.2533774702593892,-2.3632585219496254,-8.4897214832354582,0.11657642472661242,-1.1102230246251565e-16,-40.514421430197018,-6.4288682137377968,-2.3633831602617548,-8.4897855829388398,0.10991005557499756,1,1.8307835762794629,1.7616246212198707,1,1,1
1786455687.7057991,1,1,0.99974926756745397,0.96678086792929974,0.022392007465594142,2,0,1,0,0.38999420654087752,1.4931793669662796,2.1798099561011544,-2.5626354603461703,2.0744327851640461,-2.776876855700769,0.00071221892645457715,0.0017805473161364429,0.2086801454511911,0,0.0014244378529091543,0.044157573440183784,-0.11946894280631364,-40.499971611340321,-6.5201208923609704,-2.481107950190458,-8.5667963480552487,0.069545948212994646,-6.9013534036849178e-16,-40.419508554689827,-6.3455178457137009,-2.374964494686171,-8.4739751326717538,0.11861462341756568,-0.00085466271174615871,-40.42164521146919,-6.5124619620746538,-2.374964494686171,-8.4742315314852767,0.1106662601983326,1,1.8307835762794629,1.7616246212198707,1,1,1
1786455687.726023,1,1,0.99974926756745397,0.96678086792929974,0.022392007465594142,2,0,1,0,0.3899984781457943,1.4932149636739191,2.1837849217875842,-2.5626373588372444,2.0744408537511108,-2.7758939119471453,0,0.0017805473161364429,0.19443576692209955,-0.00035610946322728857,0.00071221892645457715,0.046294230219547511,-0.27876086654806514,-40.340679687598573,-6.0585194132557696,-2.2887740005632908,-8.4340268105577145,0.107480101783719,1.4671965899160089e-16,-40.333686696960591,-6.4292637126299468,-2.3853984852755152,-8.4594765019301441,0.12014458939516985,1.6653345369377348e-16,-40.335823353739954,-6.5848123261676266,-2.3852738469633858,-8.4596047013369056,0.11181162795565132,1,1.8307835762794629,1.7616246212198707,1,1,1
1786455687.747112,1,1,0.99974926756745397,0.96678086792929974,0.022392007465594142,2,0,1,0,0.38999800352302577,1.4932510350043273,2.1878329793803677,-2.5626402065738554,2.0744527193203242,-2.7749617528297543,0.00035610946322728857,0.0010683283896818657,0.18161582624591716,0,0.00035610946322728857,0.04202091666082005,0.31858384748350305,-40.181387763856819,-6.3470203376965202,-2.3849409753768742,-8.5667963480552487,0.13909189642598929,-3.7497132135411171e-16,-40.246347832559884,-6.5144936839488086,-2.3960351158055748,-8.4445862905131914,0.12181861030410626,-0.00042733135587313487,-40.247629826627502,-6.6597863449455419,-2.3960351158055748,-8.444650390216573,0.11425484530515868,1,1.8307835762794629,1.7616246212198707,1,1,1
1786455687.7680781,1,1,0.99974926756745397,0.96678086792929974,0.022392007465594142,2,0,1,0,0.3899984781457943,1.4932719184061427,2.1912834869075737,-2.5626387827055499,2.0744612625301575,-2.7741387569491254,0,0,0.15561983543032509,0,0,0.035610946322728855,0.79645961870875759,-39.384928145148059,-6.4239539175473874,-1.8271725214580892,-8.4024150159154445,0.069545948212994646,-7.1435370639638673e-17,-40.171741183060803,-6.5872665164878343,-2.4050867662705571,-8.431746185496543,0.12320845405368538,-5.5511151231257827e-17,-40.171741183060803,-6.7117623848320944,-2.4050867662705571,-8.431746185496543,0.11679848371559416,1,1.8307835762794629,1.7616246212198707,1,1,1
1786455687.7889323,1,1,0.99974926756745397,0.96678086792929974,0.022392007465594142,2,0,1,0,0.3899984781457943,1.4932795123704392,2.1943557200882617,-2.5626387827055499,2.0744626863984634,-2.7734040409034422,-0.00035610946322728857,0.0014244378529091543,0.1281994067618239,0,0.00071221892645457715,0.037747603102092589,-0.43805279028981664,-40.340679687598573,-6.3470203376965202,-2.3849409753768742,-8.6047305016259745,0.13909189642598929,-1.4167676363682769e-15,-40.10507999685354,-6.6522527908365605,-2.4131462516797959,-8.4201769747370498,0.12445035466725436,0.000427331355871303,-40.106789322277031,-6.7548123162460199,-2.4131462516797959,-8.4203051741438113,0.11765578610887768,1,1.8307835762794629,1.7616246212198707,1,1,1
1786455687.8099787,1,1,0.99974926756745397,0.96678086792929974,0.022392007465594142,2,0,1,0,0.38999895276856283,1.4933853532478212,2.1965826501181995,-2.5626392573283181,2.0745561870838634,-2.7725397528419511,0.00035610946322728857,0.0089027365806822138,0.093656788828776899,0,0.0078344081910003485,0.041308697734365477,-0.27876086654806514,-40.181387763856819,-6.3470203376965202,-2.3849409753768742,-8.3644808623447187,0.27186143392352452,-1.8318815431586644e-15,-40.059998960399341,-6.6965406898104414,-2.4182601286508998,-8.4123755408598235,0.12469885228866787,-0.00042733135587457816,-40.070682244296158,-6.7714661208734626,-2.4182601286508998,-8.4137857343342031,0.1172632866964821,1,1.8307835762794629,1.7616246212198707,1,1,1
1786455687.8305757,1,1,0.99974926756745397,0.96678086792929974,0.022392007465594142,2,0,1,0,0.3899984781457943,1.49365351511204,2.1981284964752983,-2.5626430543104664,2.0746700965483105,-2.7717276732849983,0.00035610946322728857,0.015668816382000697,0.063031374991230071,0,0.0024927662425910197,0.037035384175638009,0.63716769496700609,-40.659263535082076,-6.712454841988138,-2.3849409753768742,-8.4340268105577145,0.13909189642598929,-9.2818547986484035e-16,-40.034069270169987,-6.722729345171655,-2.4209684468383137,-8.4078240486150513,0.12434598177598247,-0.00042733135587368998,-40.052871849828385,-6.7731544451646393,-2.4209684468383137,-8.4082727465387173,0.11767961262436766,1,1.8307835762794629,1.7616246212198707,1,1,1
1786455687.8511779,1,1,0.99974926756745397,0.96678086792929974,0.022392007465594142,2,0,1,0,0.38999752890025724,1.4940517236148358,2.1991532070325523,-2.5626463766698464,2.0747161349568577,-2.7710238077192697,0.00035610946322728857,0.023147115109773755,0.039528150418229033,0,0.0017805473161364429,0.032405961153683258,0.15929192374175152,-39.544220068889814,-6.5201208923609704,-2.481107950190458,-8.4340268105577145,-0.063223589284540582,4.3813965042854841e-16,-40.022527264302354,-6.7353524638013562,-2.4219982915775584,-8.4055814142784087,0.12365179762596699,-0.0004273313558723022,-40.05030380243408,-6.7669749841359392,-2.4219982915775584,-8.4059019127953132,0.11781872461830402,1,1.8307835762794629,1.7616246212198707,1,1,1
1786455687.871592,1,1,0.99974926756745397,0.96678086792929974,0.022392007465594142,2,0,1,0,0.38999752890025724,1.4946293395241355,2.1997721151227143,-2.5626468512926146,2.0747522062872661,-2.7702895662963551,0,0.031693742227228684,0.020654348867182738,0,0.0024927662425910197,0.038459822028547162,0.47787577122525454,-40.181387763856819,-6.4239539175473874,-2.3849409753768742,-8.5035727587707086,0.17070369106825958,-6.5683678114603072e-16,-40.024421034052423,-6.7354936456455023,-2.4213577037594698,-8.4055535499195191,0.12243326416845876,-6.6613381477509392e-16,-40.0624535247251,-6.7520171247392486,-2.4213577037594698,-8.4060022478431851,0.11551049620332024,1,1.8307835762794629,1.7616246212198707,1,1,1
1786455687.8920019,1,1,0.99974926756745397,0.96678086792929974,0.022392007465594142,2,0,1,0,0.38999610503195165,1.4953455452818458,2.1999111795938933,-2.562652546765837,2.0748689634883242,-2.7694380930496143,-0.00035610946322728857,0.04273313558727463,-0.0024927662425910197,-0.00035610946322728857,0.010683283896818658,0.050923653241502262,0.15929192374175152,-41.415900172855395,-6.5201208923609704,-2.3849409753768742,-8.4656386051999846,0.107480101783719,4.2304213517668776e-16,-40.040770391498754,-6.7219943585328679,-2.4187292982276243,-8.4081082208680371,0.12050255602244853,0.00042733135587319038,-40.092050154203484,-6.720000145538795,-2.4186046599154949,-8.4100312119694642,0.11133629843897812,1,1.8307835762794629,1.7616246212198707,1,1,1
1786455687.9125381,1,1,0.99974926756745397,0.96678086792929974,0.022392007465594142,2,0,1,0,0.38999515578641458,1.4963308621493119,2.199858971089355,-2.5626634630895131,2.0752216082053412,-2.7683018461417559,0.00035610946322728857,0.052704200557638706,-0.0028488757058183086,-0.00035610946322728857,0.022791005646546469,0.060894718211866344,-0.11946894280631364,-40.340679687598573,-6.5201208923609704,-2.3849409753768742,-8.4656386051999846,0.17070369106825958,1.4974187254740423e-16,-40.069302229264295,-6.697481627992909,-2.414233265612332,-8.4130268807782134,0.11769444289154883,-0.00042733135587257976,-40.132547269933461,-6.6952025274282541,-2.4141086273002026,-8.4171292617945923,0.1067333936134129,1,1.8307835762794629,1.7616246212198707,1,1,1
1786455687.9338183,1,1,0.99974926756745397,0.96678086792929974,0.022392007465594142,2,0,1,0,0.38999230804980345,1.4975420994545978,2.1998191027767988,-2.5626701078082728,2.0758936740455782,-2.7667379641194527,0,0.059826389822184481,-0.00035610946322728857,-0.00035610946322728857,0.037391493638865299,0.08546627117454926,-0.27876086654806514,-39.544220068889814,-6.7893884218390053,-2.3849409753768742,-8.3644808623447187,0,-6.6923734349383368e-16,-40.104837040671882,-6.6668153750316836,-2.408393804278413,-8.4195524250309202,0.11397106730530265,-6.6613381477509392e-16,-40.176628708458502,-6.6665304874611016,-2.4082691659662836,-8.4262828938859151,0.098587138493883786,1,1.8307835762794629,1.7616246212198707,1,1,1
1786455687.9550459,1,1,0.99974926756745397,0.96678086792929974,0.022392007465594142,2,0,1,0,0.38999135880426639,1.4989161323694893,2.1998200520223357,-2.5626753286587265,2.0767684038079772,-2.764651997051768,0,0.064811922307366515,-0.00035610946322728857,-0.00035610946322728857,0.040240369344683606,0.10362785379914097,0.15929192374175152,-40.181387763856819,-6.7893884218390053,-2.3849409753768742,-8.4656386051999846,0.037934153570724355,-1.0533159630968236e-15,-40.144730126425699,-6.6323388642617429,-2.4014908708777187,-8.4270323474032605,0.10924904701898193,-1.0547118733938987e-15,-40.222504433194537,-6.6320539766911608,-2.4013662325655893,-8.434275613885303,0.09059603333513655,1,1.8307835762794629,1.7616246212198707,1,1,1
1786455687.9763074,1,1,0.99974926756745397,0.96678086792929974,0.022392007465594142,2,0,1,0,0.3899870871993496,1.5003381021840021,2.199762148044575,-2.5626895673417822,2.0775178331594844,-2.7624198461713765,-0.00035610946322728857,0.075139096740957881,-0.0039172040955001743,-0.00035610946322728857,0.034542617933046992,0.1093256052107776,0.63716769496700609,-40.181387763856819,-6.8855553966525882,-2.3849409753768742,-8.3644808623447187,0.20863784463898394,5.6240277192254329e-16,-40.186675339466049,-6.5959382092351415,-2.394231636201908,-8.4345799214580328,0.10418742389752361,0.0004273313558733014,-40.276842255555202,-6.5928044459587412,-2.3941069978897787,-8.440797592685982,0.08450881495958365,1,1.8307835762794629,1.7616246212198707,1,1,1
1786455687.9972668,1,1,0.99974926756745397,0.96678086792929974,0.022392007465594142,2,0,1,0,0.38998329021720135,1.5021241076619767,2.1997070918034258,-2.5627128238574404,2.0782330896716572,-2.7601426061279741,-0.00035610946322728857,0.090095694196504011,-0.0010683283896818657,-0.0010683283896818657,0.02991319491109224,0.10362785379914097,0.15929192374175152,-40.022095840115064,-6.6162878671745542,-2.3849409753768742,-8.3644808623447187,0.069545948212994646,-6.0105457937165152e-16,-40.237536664243812,-6.5518963281352782,-2.3858932980157359,-8.4433628484468137,0.098746282864574292,0.00042733135587213567,-40.345651497279619,-6.5510416654235328,-2.3855193830793473,-8.4487472235308108,0.080093269180728899,1,1.8307835762794629,1.7616246212198707,1,1,1
1786455688.0184896,1,1,0.99974926756745397,0.96678086792929974,0.022392007465594142,2,0,1,0,0.38998186634889581,1.5040814519593901,2.1997013963302035,-2.5627460474512374,2.0787997892572809,-2.7579564936561298,0,0.10042286863009538,0.00035610946322728857,-0.0014244378529091543,0.026708209742046643,0.10754505789464115,0.63716769496700609,-40.022095840115064,-6.7893884218390053,-2.192607025749707,-8.5035727587707086,0.17070369106825958,-7.101117653965372e-16,-40.290836365117585,-6.5058683161314317,-2.3774065173122425,-8.4521902026463156,0.093357382813630513,-7.2164496600635175e-16,-40.411343807473699,-6.5061532037020138,-2.3769079640637245,-8.4569976803998834,0.073999272392595128,1,1.8307835762794629,1.7616246212198707,1,1,1
1786455688.0392332,1,1,0.99974926756745397,0.96678086792929974,0.022392007465594142,2,0,1,0,0.38998091710335875,1.5063468264335789,2.1997037694440462,-2.5627712024579692,2.0793778797893494,-2.7556313167131066,0,0.10861338628432302,0,-0.0010683283896818657,0.026352100278819353,0.10540840111527741,-0.11946894280631364,-40.977847382565578,-6.2508533628829364,-2.481107950190458,-8.3644808623447187,0.037934153570724355,6.5053485601845873e-16,-40.351611245853555,-6.45328311746478,-2.3679639888264239,-8.4620934234012104,0.08749226338750786,6.6613381477509392e-16,-40.481947309394741,-6.45328311746478,-2.3675900738900353,-8.4668368014513984,0.068518751186757945,1,1.8307835762794629,1.7616246212198707,1,1,1
1786455688.0599227,1,1,0.99974926756745397,0.96678086792929974,0.022392007465594142,2,0,1,0,0.38997854398951609,1.5086264395908235,2.1997023455757403,-2.562794933596396,2.0798843022833697,-2.7534456788640305,-0.00035610946322728857,0.11324280930627777,0,-0.0014244378529091543,0.024571552962682913,0.1121744809165959,0.15929192374175152,-40.659263535082076,-6.4239539175473874,-1.9233394962716728,-8.5035727587707086,0.24024963928125423,-6.1958088399399758e-16,-40.412204355177856,-6.4006933183603252,-2.358691133848104,-8.4718140075227186,0.081853680859227992,0.00042733135587213567,-40.548095726345387,-6.4006933183603252,-2.358192580599586,-8.4762368870560021,0.061662274294240746,1,1.8307835762794629,1.7616246212198707,1,1,1
1786455688.0814831,1,1,0.99974926756745397,0.96678086792929974,0.022392007465594142,2,0,1,0,0.3899756962529049,1.5111595013064627,2.199690954629296,-2.5628210378486651,2.0805183983021243,-2.7508096240076205,0,0.12036499857082354,-0.0010683283896818657,-0.0010683283896818657,0.035967055785956145,0.12677496890891474,0.31858384748350305,-41.415900172855395,-6.6162878671745542,-2.192607025749707,-8.5035727587707086,0,-6.5492587481702502e-16,-40.479917421230894,-6.3415980749194976,-2.3480876522327563,-8.4827459769862585,0.075220988947594034,-6.6613381477509392e-16,-40.624355419515879,-6.3407434122077522,-2.3477137372963677,-8.4892200470277306,0.052401494543989395,1,1.8307835762794629,1.7616246212198707,1,1,1
1786455688.1024756,1,1,0.99974926756745397,0.96678086792929974,0.022392007465594142,2,0,1,0,0.38997095002521964,1.5137096494417688,2.1996548832988876,-2.5628533121969248,2.0814078413703476,-2.7481170890417559,-0.00035610946322728857,0.12926773515150575,-0.00035610946322728857,-0.0017805473161364429,0.048074777535683955,0.13567770548959696,0.15929192374175152,-41.137139306307326,-6.4239539175473874,-2.192607025749707,-8.5667963480552487,-0.10115774285526494,-5.0052193292793312e-16,-40.549320949439171,-6.2805872692413391,-2.3370093051935812,-8.494336695033093,0.068438396740966537,0.00042733135587224669,-40.70444223162098,-6.2803023816707571,-2.3363861136329334,-8.5029901549895168,0.044016409752839075,1,1.8307835762794629,1.7616246212198707,1,1,1
1786455688.1235313,1,1,0.99974926756745397,0.96678086792929974,0.022392007465594142,2,0,1,0,0.38996715304307139,1.5165583352984797,2.1996586802810358,-2.5628893835273332,2.0823907851239714,-2.7452370780823219,-0.00035610946322728857,0.13567770548959696,0.00035610946322728857,-0.0017805473161364429,0.045225901829865647,0.13781436226896068,-0.43805279028981664,-40.659263535082076,-6.0585194132557696,-2.481107950190458,-8.5035727587707086,0,-1.1544178156810969e-15,-40.625372520297603,-6.2135307640207289,-2.3248983182427811,-8.5069706764717115,0.061115294102499267,0.00042733135587158055,-40.788185766885121,-6.213815651591311,-2.3242751266821333,-8.5151113388010877,0.036308708894086356,1,1.8307835762794629,1.7616246212198707,1,1,1
1786455688.1445565,1,1,0.99974926756745397,0.96678086792929974,0.022392007465594142,2,0,1,0,0.38996620379753433,1.5193676274654027,2.1996582056582672,-2.5629273533488153,2.0832759565872778,-2.742380323638546,0,0.13781436226896068,0.00035610946322728857,-0.0014244378529091543,0.037035384175638009,0.12997995407796031,-0.11946894280631364,-40.818555458823823,-5.8854188585913185,-2.7503754796684921,-8.5667963480552487,0.037934153570724355,-1.8370450560051266e-16,-40.699800313303626,-6.1476077782334206,-2.3130099372683444,-8.5191324282380982,0.053862067190587053,-1.6653345369377348e-16,-40.865177548026381,-6.1478926658040027,-2.3125113840198264,-8.5257987973897134,0.030465675456554205,1,1.8307835762794629,1.7616246212198707,1,1,1
1786455688.1654887,1,1,0.99974926756745397,0.96678086792929974,0.022392007465594142,2,0,1,0,0.3899657291747658,1.5222580801257442,2.1996601041493413,-2.5629577292060013,2.0839247659118567,-2.739612323652485,0.00035610946322728857,0.14030712851155169,0,-0.00071221892645457715,0.026352100278819353,0.13852658119541525,0.15929192374175152,-41.893775944080645,-5.8854188585913185,-2.192607025749707,-8.5035727587707086,0.037934153570724355,-6.9246637503933561e-16,-40.774828433278131,-6.0809457019718396,-2.30127711961104,-8.5309145479737953,0.046712356763485841,-0.00042733135587341242,-40.943196987491994,-6.0809457019718396,-2.3010278429867808,-8.5356579260239833,0.021777572148311098,1,1.8307835762794629,1.7616246212198707,1,1,1
1786455688.1863577,1,1,0.99974926756745397,0.96678086792929974,0.022392007465594142,2,0,1,0,0.38996477992922873,1.525229693279504,2.1996567817899617,-2.5629748156256684,2.0843343653610975,-2.7366307434205859,-0.00035610946322728857,0.13532159602636964,-0.0010683283896818657,-0.0010683283896818657,0.014244378529091543,0.13318493924700592,-0.43805279028981664,-40.022095840115064,-6.0585194132557696,-2.3849409753768742,-8.4656386051999846,-0.063223589284540582,7.0286116336804039e-16,-40.85083858563361,-6.013134716143739,-2.2894226246035996,-8.5423565805420658,0.03914733583282911,0.00042733135587346793,-41.013224500865256,-6.0122800534319936,-2.289048709667211,-8.544920568677302,0.015174046768368053,1,1.8307835762794629,1.7616246212198707,1,1,1
1786455688.2077987,1,1,0.99974926756745397,0.96678086792929974,0.022392007465594142,2,0,1,0,0.3899619321926176,1.5280503763928717,2.1996088448903404,-2.5630004452551689,2.0845137727676013,-2.7340359807450381,-0.00035610946322728857,0.13496548656314236,-0.0017805473161364429,-0.0010683283896818657,0.0024927662425910197,0.11787223232823252,0.47787577122525454,-41.734484020338897,-5.8854188585913185,-2.3849409753768742,-8.5351845534129787,-0.23392728035280017,-4.8078945338869694e-16,-40.922710181754205,-5.9486913729296411,-2.2784412711775586,-8.5528240140483192,0.032330390716002327,0.00042733135587224669,-41.084668765629978,-5.9472669350767315,-2.27806735624117,-8.5532727119719851,0.011113388896920474,1,1.8307835762794629,1.7616246212198707,1,1,1
1786455688.2286932,1,1,0.99974926756745397,0.96678086792929974,0.022392007465594142,2,0,1,0,0.3899619321926176,1.5308819758299157,2.1996064717764976,-2.5630194301659102,2.0845142473903699,-2.7316828010586716,0,0.12499442159277829,0,-0.00071221892645457715,0.00035610946322728857,0.096149555071367909,-0.11946894280631364,-40.340679687598573,-6.1546863880693525,-2.2887740005632908,-8.5351845534129787,0.069545948212994646,-1.4654618664400321e-15,-40.992660519064614,-5.8858007581195473,-2.2680097599236273,-8.5626886020591435,0.025966654933655083,-1.4432899320127035e-15,-41.142653824975952,-5.8858007581195473,-2.2677604832993681,-8.5627527017625251,0.0086597350208088529,1,1.8307835762794629,1.7616246212198707,1,1,1
1786455688.2495952,1,1,0.99974926756745397,0.96678086792929974,0.022392007465594142,2,0,1,0,0.38996145756984907,1.5333803900834522,2.1996083702675717,-2.5630246510163639,2.0845113996537585,-2.7299651412593651,0,0.11609168501209607,0,-0.00035610946322728857,-0.00035610946322728857,0.074426877814503314,-0.43805279028981664,-40.659263535082076,-5.8854188585913185,-2.192607025749707,-8.6047305016259745,-0.031611794642270291,-7.1733526237072187e-16,-41.05368812380167,-5.8306923323454569,-2.2592119260028549,-8.5712846347368377,0.020978661968348029,-7.2164496600635175e-16,-41.192998145816183,-5.8306923323454569,-2.2590872876907255,-8.571220535033456,0.0075818239617374255,1,1.8307835762794629,1.7616246212198707,1,1,1
1786455688.270448,1,1,0.99974926756745397,0.96678086792929974,0.022392007465594142,2,0,1,0,0.38996145756984907,1.5355470430217868,2.1996050479081921,-2.5630322449806604,2.0845090265399162,-2.7285559862596025,0,0.097930102387504353,-0.00035610946322728857,-0.00035610946322728857,0,0.067304688549957539,0.15929192374175152,-40.818555458823823,-5.9623524384421858,-2.192607025749707,-8.5351845534129787,-0.10115774285526494,-1.5272749427988619e-15,-41.106459601207355,-5.7828231151899328,-2.2516242815314027,-8.5787102989761888,0.016782975012039965,-1.5543122344752192e-15,-41.223975724072361,-5.7825382276193507,-2.2514996432192733,-8.5787102989761888,0.0046681310730476017,1,1.8307835762794629,1.7616246212198707,1,1,1
1786455688.291419,1,1,0.99974926756745397,0.96678086792929974,0.022392007465594142,2,0,1,0,0.38996145756984907,1.5374839785401535,2.1995922330934419,-2.5630412628132624,2.0845095011626844,-2.7271292702174046,0,0.083329614395185519,-0.00071221892645457715,-0.00035610946322728857,0,0.065168031770593812,0.79645961870875759,-40.977847382565578,-6.1546863880693525,-2.192607025749707,-8.5667963480552487,-0.063223589284540582,-9.1127192597406648e-16,-41.153844028775168,-5.7396429952997128,-2.2446413207465961,-8.5853587860155418,0.012735274682353878,-8.8817841970012523e-16,-41.253839566049393,-5.7390732201585495,-2.2445166824344667,-8.5853587860155418,0.0010050289636470006,1,1.8307835762794629,1.7616246212198707,1,1,1
1786455688.3124568,1,1,0.99974926756745397,0.96678086792929974,0.022392007465594142,2,0,1,0,0.38996145756984907,1.5390545052812159,2.1995884361112936,-2.5630450597954106,2.0845014325756197,-2.7258620274254324,0,0.070153564255775847,0.00071221892645457715,-0.00035610946322728857,0,0.056621404653138883,-0.11946894280631364,-40.022095840115064,-5.4238173794861169,-2.1156734458988402,-8.6047305016259745,-0.20231548571052987,-3.5014309160419366e-16,-41.192059189606937,-5.7047057032965611,-2.2389214132783786,-8.5906840934731061,0.0092725969827322507,-3.3306690738754696e-16,-41.276243466713865,-5.7052754784377244,-2.2387967749662492,-8.5906840934731061,-0.00091925585483274876,1,1.8307835762794629,1.7616246212198707,1,1,1
1786455688.333679,1,1,0.99974926756745397,0.96678086792929974,0.022392007465594142,2,0,1,0,0.38996098294708054,1.540413824890283,2.1995927077162101,-2.5630464836637161,2.0845019071983879,-2.7248064663882237,0,0.057333623579593457,0,-0.00035610946322728857,0.00035610946322728857,0.039884259881456316,-0.27876086654806514,-41.734484020338897,-5.9623524384421858,-2.192607025749707,-8.6047305016259745,-0.10115774285526494,-7.7612612517374835e-16,-41.224874274848332,-5.6746313807953417,-2.2340315820356964,-8.5952615004530823,0.0063536161271175347,-7.7715611723760958e-16,-41.293674623143843,-5.6746313807953417,-2.233906943723567,-8.595325600156464,-0.00082555065154459126,1,1.8307835762794629,1.7616246212198707,1,1,1
1786455688.3546839,1,1,0.99974926756745397,0.96678086792929974,0.022392007465594142,2,0,1,0,0.38996098294708054,1.5415125765994275,2.1995874868657563,-2.5630469582864848,2.084503805689462,-2.7241647764051726,0,0.050211434315047689,0.00035610946322728857,-0.00035610946322728857,0,0.023147115109773755,-0.27876086654806514,-40.499971611340321,-5.9623524384421858,-2.1156734458988402,-8.5667963480552487,0.107480101783719,-7.3927680383639727e-16,-41.251366295923475,-5.6502972617623257,-2.2302505727129009,-8.5989733638777857,0.0043499334332975995,-7.2164496600635175e-16,-41.311620017101532,-5.6505821493329078,-2.2301259344007716,-8.5989733638777857,0.00018345271353831672,1,1.8307835762794629,1.7616246212198707,1,1,1
1786455688.3754241,1,1,0.99974926756745397,0.96678086792929974,0.022392007465594142,2,0,1,0,0.38995860983323788,1.542446159585124,2.1995936569617474,-2.5630483821547903,2.0845042803122307,-2.7238828504806665,0,0.039528150418229033,0,0,0,0.0060538608748639056,0.31858384748350305,-41.575192096597142,-5.6930849089641518,-2.3849409753768742,-8.6742764498389686,-0.031611794642270291,-1.6240806442746614e-15,-41.273385716339185,-5.6300613939744011,-2.2273065139273673,-8.602073438870967,0.003106352748088357,-1.609823385706477e-15,-41.320819496841061,-5.6300613939744011,-2.2273065139273673,-8.602073438870967,0.002016657790612845,1,1.8307835762794629,1.7616246212198707,1,1,1
1786455688.3965065,1,1,0.99974926756745397,0.96678086792929974,0.022392007465594142,2,0,1,0,0.38995671134216375,1.5431789771397328,2.1995908092251359,-2.5630488567775589,2.0845109250309903,-2.7238505761324063,0,0.030625413837546817,-0.00035610946322728857,0,0.00071221892645457715,0,-0.59734471403156819,-39.862803916373316,-5.7892518837777347,-2.1156734458988402,-8.6363422962682446,-0.063223589284540582,-9.3830921765042374e-16,-41.290680306145369,-5.6141430232960996,-2.2251431604749632,-8.6045331028672098,0.0024482112990650848,-9.4368957093138306e-16,-41.327430802750428,-5.6138581357255175,-2.2251431604749632,-8.6046613022739713,0.0024482112990650839,1,1.8307835762794629,1.7616246212198707,1,1,1
# event,1786455688.6040833,RECOVERING,实体 FREE 松开：实体保持输入已释放；保持力矩控制并增强阻尼，静止后切回位置保持
1786455688.5012984,1,1,0.99974926756745397,0.96678086792929974,0.022392007465594142,2,0,1,0,0.38994437115018199,1.5454861184175521,2.1993606171823994,-2.563074961029828,2.0845128235220645,-2.7238415582998043,0,0.013176050139409676,-0.0078344081910003485,-0.00071221892645457715,0,0.00035610946322728857,-0.27876086654806514,-41.734484020338897,-5.5969179341505679,-2.2887740005632908,-8.5351845534129787,-0.031611794642270291,-1.1341161300013058e-15,-41.349811012353094,-5.5593086973739414,-2.2176670594713053,-8.6129599833469719,0.00033179073363744831,-1.1102230246251565e-15,-41.365622272520383,-5.5530411708211407,-2.217417782847046,-8.6129599833469719,0.00026769103025654285,1,1.8307835762794629,1.7616246212198707,1,1,1
1786455688.5222483,1,1,0.99974926756745397,0.96678086792929974,0.022392007465594142,2,0,1,0,0.38994389652741346,1.5457030210227698,2.1991038462646255,-2.5630920474494951,2.0845099757854531,-2.7238382359404247,0,0.0081905176542276369,-0.015312706918773409,-0.0010683283896818657,-0.00035610946322728857,0.00035610946322728857,-0.11946894280631364,-41.137139306307326,-5.4238173794861169,-2.1156734458988402,-8.5667963480552487,0.069545948212994646,-9.1598820542437842e-16,-41.360599642115567,-5.5490455223727793,-2.2162110313197396,-8.6145332640285339,-7.7202146946127315e-05,-9.4368957093138306e-16,-41.370428263300639,-5.5367953568377608,-2.215837116383351,-8.6144691643251523,-0.00014130185032703232,1,1.8307835762794629,1.7616246212198707,1,1,1
1786455688.5431612,1,1,0.99974926756745397,0.96678086792929974,0.022392007465594142,2,0,1,0,0.3899415234135708,1.545778486042966,2.1987336405051727,-2.5631276441571345,2.0844966863479342,-2.7238320658444337,0,-0.00035610946322728857,-0.021010458330410025,-0.0028488757058183086,-0.00035610946322728857,0.00035610946322728857,-0.11946894280631364,-41.25660824911364,-5.3276504046725339,-2.1156734458988402,-8.5351845534129787,0.037934153570724355,-2.3489240066898454e-16,-41.370617682348417,-5.5393697732471336,-2.2147519616105455,-8.6160108192448117,-0.00048479073411454229,-2.2204460492503131e-16,-41.370190350992544,-5.5225614065828053,-2.2137548551135091,-8.6159467195414301,-0.00054889043749544386,1,1.8307835762794629,1.7616246212198707,1,1,1
1786455688.5641026,1,1,0.99974926756745397,0.96678086792929974,0.022392007465594142,2,0,1,0,0.38994104879080232,1.5457775367974289,2.1981935197945868,-2.5632054822911732,2.0844767521916561,-2.7238273196167486,0,0,-0.030981523300774104,-0.0042733135587274627,-0.0014244378529091543,0.00035610946322728857,0.79645961870875759,-40.977847382565578,-5.3276504046725339,-2.192607025749707,-8.5035727587707086,0.107480101783719,-4.9735064157341302e-16,-41.382707282826551,-5.5275857813940341,-2.212820260816371,-8.6178244357098723,-0.001004925390864154,-4.9960036108132044e-16,-41.382707282826551,-5.5028005627534151,-2.2113246010708165,-8.6175680368963494,-0.0010690250942450761,1,1.8307835762794629,1.7616246212198707,1,1,1
1786455688.5848255,1,1,0.99974926756745397,0.96678086792929974,0.022392007465594142,2,0,1,0,0.3899391502997282,1.5457756383063548,2.197377168632717,-2.5632975591082681,2.0844387823701735,-2.7238244718801372,0,0,-0.043801463976956494,-0.0042733135587274627,-0.0021366567793637313,0.00035610946322728857,-0.27876086654806514,-41.893775944080645,-5.4238173794861169,-2.481107950190458,-8.6363422962682446,-0.063223589284540582,-1.7821573210230479e-15,-41.400875642044142,-5.5098792364769391,-2.2100406678292295,-8.6205170017882118,-0.0017594785658518516,-1.7763568394002505e-15,-41.400875642044142,-5.4748380652953736,-2.208545008083675,-8.6201324035679256,-0.0018235782692327582,1,1.8307835762794629,1.7616246212198707,1,1,1
1786455688.6054916,6,1,0.99974926756745397,0.96678086792929974,0.022392007465594142,2,0,1,1,0.38993487869481142,1.5457746890608177,2.1962755691869611,-2.5634052984767242,2.0843951170754691,-2.7238235226346004,0,0,-0.062319156064775498,-0.0056977514116366172,-0.0017805473161364429,-0.00035610946322728857,-0.11946894280631364,-41.25660824911364,-5.1353164550453663,-2.192607025749707,-8.6047305016259745,-0.031611794642270291,-6.176157675563676e-16,-41.425417097851096,-5.4859645867111437,-2.206360801913779,-8.6241448830560863,-0.0027589432232556182,0.00042695379509590252,-41.419387461904847,-5.4441506143903107,-2.2052462238253043,-8.6228606245843125,-0.0025157345206710132,1,1.8307835762794629,1.7616246212198707,1,1,1
1786455688.6263053,6,1,0.99974926756745397,0.96678086792929974,0.022392007465594142,2,0,1,1,0.38992918322158909,1.5457737398152807,2.1948099340777438,-2.563533446624227,2.084350977157996,-2.7238225733890631,-0.00035610946322728857,0,-0.080480738689367212,-0.006409970338091194,-0.0024927662425910197,0,0,-41.415900172855395,-5.1353164550453663,-2.192607025749707,-8.7375000391235087,0.037934153570724355,-3.3210467795946608e-16,-41.458095158286866,-5.4541221505614725,-2.2015229574955311,-8.6289689891489711,-0.0040745785801524857,0.00092543131873200465,-41.419763217286032,-5.3669222718907355,-2.2021463651662003,-8.6221625216925766,-0.0025316867149509747,1,1.8307835762794629,1.7616246212198707,1,1,1
1786455688.6473939,6,1,0.99974926756745397,0.96678086792929974,0.022392007465594142,2,0,1,1,0.38992348774836671,1.5457732651925122,2.1929503620706474,-2.563662069394498,2.0842949716713095,-2.7238211495207576,-0.00035610946322728857,0,-0.10006675916686809,-0.006409970338091194,-0.0035610946322728858,0.00035610946322728857,-0.27876086654806514,-41.25660824911364,-4.9622159003809161,-2.0195064710852564,-8.5035727587707086,0.069545948212994646,-1.2115959277525512e-17,-41.499504406592571,-5.4137762795712598,-2.1955464405277967,-8.6350310472766107,-0.0057133358075319111,0.0019847378212277523,-41.420567823263617,-5.1382444897795416,-2.1955140195484968,-8.6195895085152667,-0.0029246716296264866,1,1.8307835762794629,1.7616246212198707,1,1,1
1786455688.6685147,6,1,0.99974926756745397,0.96678086792929974,0.022392007465594142,2,0,1,1,0.38991589378407027,1.5457713667014381,2.1906308806008461,-2.5638129994348904,2.0841824860751683,-2.7238211495207576,-0.00035610946322728857,0,-0.11751612286500522,-0.0071221892645457717,-0.0074782987277730601,0,0.15929192374175152,-40.659263535082076,-4.6737149759401646,-1.8271725214580892,-8.6363422962682446,-0.20231548571052987,-6.6786853825107073e-16,-41.550987228621985,-5.3636191403462297,-2.1881810035367817,-8.6424545046430978,-0.0077428488888116138,0.0031765263300715164,-41.421473057165201,-4.7692639472975644,-2.1860157599149317,-8.6100835998833034,-0.0026006964082867334,1,1.8307835762794629,1.7616246212198707,1,1,1
1786455688.6894462,6,1,0.99974926756745397,0.96678086792929974,0.022392007465594142,2,0,1,1,0.38991019831084789,1.5457666204737528,2.1881362633294579,-2.5639682010801996,2.0839622611105706,-2.7238211495207576,0,0,-0.12641885944568745,-0.0081905176542276369,-0.014244378529091543,0,0.63716769496700609,-40.659263535082076,-4.4044474464621306,-2.192607025749707,-8.4340268105577145,-0.031611794642270291,1.4096661121384968e-15,-41.605987542314068,-5.3100413765256844,-2.1803947828379684,-8.6501818367232524,-0.009913748721570928,2.3777307304976496e-05,-41.42214358952419,-4.4786075676000214,-2.1757991194722952,-8.5900057356939747,-0.0026277593122634325,1,1.8307835762794629,1.7616246212198707,1,1,1
1786455688.7106128,6,1,0.99974926756745397,0.96678086792929974,0.022392007465594142,2,0,1,1,0.38990924906531088,1.5457661458509842,2.1853744334393879,-2.5641395398996383,2.0835858852551272,-2.7238211495207576,-0.00035610946322728857,0,-0.13140439193086947,-0.0078344081910003485,-0.021722677256864602,0,-0.11946894280631364,-41.415900172855395,-4.0390129421705128,-2.0195064710852564,-8.6047305016259745,-0.10115774285526494,4.2666065992735813e-16,-41.66660790801113,-5.2510057962535761,-2.1718859110336934,-8.6584428321939733,-0.012316915822583563,0.0042733135587265745,-41.422306131972384,-4.3749522249800821,-2.1754874358039884,-8.5693739975338765,-0.002634319578309674,1,1.8307835762794629,1.7616246212198707,1,1,1
1786455688.7316849,6,1,0.99974926756745397,0.96678086792929974,0.022392007465594142,2,0,1,1,0.38990829981977382,1.5457595011322247,2.182526696828214,-2.5643028101320122,2.0829669771649653,-2.7238216241435262,0,-0.00071221892645457715,-0.14208767582768814,-0.0074782987277730601,-0.034542617933046992,0,0.79645961870875759,-41.575192096597142,-4.1351799169840966,-2.192607025749707,-8.4340268105577145,0.037934153570724355,-5.8484575689299323e-16,-41.72824611850222,-5.1909922578954415,-2.1634150793349622,-8.6664338178656788,-0.014771371551648411,-8.8817841970012523e-16,-41.41375950485493,-4.2681193860118958,-2.1769118736568975,-8.5373241458434208,-0.002634319578309674,1,1.8307835762794629,1.7616246212198707,1,1,1
1786455688.7525642,6,1,0.99974926756745397,0.96678086792929974,0.022392007465594142,2,0,1,1,0.38990735057423676,1.5457481101857802,2.179441174210007,-2.5644546894179419,2.082079432587816,-2.7238220987662944,0,0.00035610946322728857,-0.14244378529091542,-0.0060538608748639056,-0.052348091094411422,0.00035610946322728857,-0.27876086654806514,-41.575192096597142,-4.3082804716485468,-2.0195064710852564,-8.4340268105577145,0.107480101783719,-6.4477503197712949e-16,-41.794248320314694,-5.1267452426841409,-2.1545686532790302,-8.6745909723051042,-0.017400629353970382,-8.8817841970012523e-16,-41.426579445531111,-4.2645582913796227,-2.1826096250685341,-8.4928104629400085,-0.0035245932363778955,1,1.8307835762794629,1.7616246212198707,1,1,1
1786455688.773381,6,1,0.99974926756745397,0.96678086792929974,0.022392007465594142,2,0,1,1,0.38990735057423676,1.5457500086768543,2.1764092839646438,-2.5645505632171846,2.0809849524835884,-2.7238225733890631,0.00035610946322728857,0,-0.15099041240837036,-0.0042733135587274627,-0.054484747873775149,0,-0.27876086654806514,-41.575192096597142,-3.8466789925433456,-2.6542085048549082,-8.4340268105577145,-0.063223589284540582,-3.6388535414044743e-16,-41.858646767342755,-5.0640972373796345,-2.1462934172243027,-8.6821309396192348,-0.019943688571083504,-0.0042733135587283508,-41.422306131972384,-4.1790920202050739,-2.1897318143330797,-8.4874688209915998,-0.002634319578309674,1,1.8307835762794629,1.7616246212198707,1,1,1
1786455688.7943535,6,1,0.99974926756745397,0.96678086792929974,0.022392007465594142,2,0,1,1,0.38990687595146822,1.5457457370719374,2.1734120411813835,-2.5646350460699825,2.0796028509816322,-2.7238216241435262,0,-0.00035610946322728857,-0.14030712851155169,-0.0039172040955001743,-0.079412410299685349,-0.00035610946322728857,-0.11946894280631364,-41.893775944080645,-3.9428459673569294,-1.9233394962716728,-8.4024150159154445,-0.031611794642270291,5.7847606912964089e-16,-41.921276901716368,-5.0031880415929191,-2.1384478897952786,-8.6889583167509237,-0.022441627252851801,-8.8817841970012523e-16,-41.418032818413657,-4.2859248591732602,-2.1911562521859889,-8.425149664926824,-0.0017440459202414525,1,1.8307835762794629,1.7616246212198707,1,1,1
1786455688.8154454,6,1,0.99974926756745397,0.96678086792929974,0.022392007465594142,2,0,1,1,0.38990735057423676,1.5457281760295019,2.1703635391391218,-2.564712409581253,2.0773545629271104,-2.7238211495207576,0.00035610946322728857,-0.00035610946322728857,-0.13852658119541525,-0.003204985169045597,-0.13460937709991508,0,-0.59734471403156819,-42.053067867822399,-4.3082804716485468,-2.481107950190458,-8.1937771712764604,0.13909189642598929,1.9774492373419994e-16,-41.982068270430247,-4.9441210409577305,-2.1313404096218895,-8.6942599401465017,-0.024948710383135664,-0.0042733135587283508,-41.418032818413657,-4.3037303323346237,-2.1940051278918076,-8.287157247926249,-0.002634319578309674,1,1.8307835762794629,1.7616246212198707,1,1,1
1786455688.8361249,6,1,0.99974926756745397,0.96678086792929974,0.022392007465594142,2,0,1,1,0.38990687595146822,1.5457272267839648,2.167680971251396,-2.5647812298826898,2.0742154079360597,-2.723820674897989,0,0,-0.12428220266632371,-0.0028488757058183086,-0.16274202469487087,0.00035610946322728857,0,-41.137139306307326,-4.0390129421705128,-1.8271725214580892,-8.1937771712764604,-0.10115774285526494,-9.7365420847345119e-16,-42.032315374474734,-4.8954106683844563,-2.1261212810523769,-8.6967981370671037,-0.027146890790921589,-8.8817841970012523e-16,-41.422306131972384,-4.4461741176255396,-2.1954295657447167,-8.2168256289388601,-0.0035245932363778955,1,1.8307835762794629,1.7616246212198707,1,1,1
1786455688.8568416,6,1,0.99974926756745397,0.96678086792929974,0.022392007465594142,2,0,1,1,0.38990735057423676,1.5457281760295019,2.1650881070669223,-2.5648324891416907,2.0704060855958462,-2.7238173525386093,0,0,-0.12784329729859659,-0.0017805473161364429,-0.17912306000332615,0,-0.75663663777331969,-41.575192096597142,-4.2313468917976804,-2.0195064710852564,-8.0926194284211945,0.069545948212994646,7.4606661994158774e-17,-42.078514965911424,-4.8506966733643502,-2.1218190836252728,-8.6977734956627515,-0.029250708673379821,-8.8817841970012523e-16,-41.422306131972384,-4.4105631713028108,-2.1997028793034441,-8.1758730406677227,-0.002634319578309674,1,1.8307835762794629,1.7616246212198707,1,1,1
1786455688.877547,6,1,0.99974926756745397,0.96678086792929974,0.022392007465594142,2,0,1,1,0.38990877444254235,1.5457234298018165,2.1625783018669411,-2.5648623903761081,2.0666280883583554,-2.7238135555564611,0.00035610946322728857,-0.00071221892645457715,-0.11680390393855065,-0.0014244378529091543,-0.19870908048082703,0,0.95575154245050908,-40.977847382565578,-4.5006144212757144,-2.2887740005632908,-8.1937771712764604,0.107480101783719,-6.8627287012901217e-16,-42.122848353134991,-4.8077935264823513,-2.1177736137981245,-8.6984797927693069,-0.03126569648798682,-0.0042733135587283508,-41.41375950485493,-4.5209571049032702,-2.2011273171563532,-8.1269079894739704,-0.002634319578309674,1,1.8307835762794629,1.7616246212198707,1,1,1
1786455688.8982642,6,1,0.99974926756745397,0.96678086792929974,0.022392007465594142,2,0,1,1,0.38990829981977382,1.5457172597058257,2.1603622881606794,-2.5648832737779235,2.0623507879683722,-2.7238126063109243,0,-0.00035610946322728857,-0.1025595254094591,-0.0010683283896818657,-0.21117291169378211,0,-0.59734471403156819,-41.25660824911364,-5.058382875194499,-2.1156734458988402,-8.0926194284211945,0.037934153570724355,-1.3748767749288682e-15,-42.158970301856677,-4.7729256165640077,-2.1150412926096731,-8.6972713215802795,-0.033013806501438127,-8.8817841970012523e-16,-41.418032818413657,-4.6634008901941852,-2.2025517550092624,-8.0734025880540177,-0.002634319578309674,1,1.8307835762794629,1.7616246212198707,1,1,1
1786455688.9191723,6,1,0.99974926756745397,0.96678086792929974,0.022392007465594142,2,0,1,1,0.38990829981977382,1.5457196328196683,2.1582269603250674,-2.5648989363292847,2.0580564011587223,-2.7238126063109243,0.00035610946322728857,0,-0.090095694196504011,0.00035610946322728857,-0.19692853316469058,0,0.47787577122525454,-41.137139306307326,-4.8660489255673323,-2.0195064710852564,-8.0926194284211945,-0.031611794642270291,-7.2245811763571588e-16,-42.193447108857391,-4.7396721659703633,-2.1124810469557351,-8.6957434945638461,-0.034694810899325614,-0.0042733135587283508,-41.422306131972384,-4.7682305907167448,-2.2082495064208989,-8.1313593577643104,-0.002634319578309674,1,1.8307835762794629,1.7616246212198707,1,1,1
1786455688.9406967,6,1,0.99974926756745397,0.96678086792929974,0.022392007465594142,2,0,1,1,0.38990972368807941,1.5457191581968999,2.1563118574540532,-2.5649027333114329,2.0540681460347732,-2.7238126063109243,-0.00035610946322728857,0,-0.081905176542276373,0,-0.18446470195173548,0,-0.59734471403156819,-40.818555458823823,-5.5007509593369841,-2.3849409753768742,-8.1621653766341904,-0.13276953749753523,-4.7021848220696327e-16,-42.223866667249439,-4.71034571569019,-2.110291527075796,-8.6940401747698104,-0.036187043617669473,0.0042733135587265745,-41.422306131972384,-4.8337547319505658,-2.2068250685679898,-8.1625189357966992,-0.002634319578309674,1,1.8307835762794629,1.7616246212198707,1,1,1
1786455688.9617767,6,1,0.99974926756745397,0.96678086792929974,0.022392007465594142,2,0,1,1,0.38991019831084789,1.5457229551790481,2.1548523924408265,-2.5649036825569702,2.0503907688242107,-2.7238130809336925,0.00035610946322728857,0.00035610946322728857,-0.064811922307366515,0,-0.15561983543032509,0,-0.11946894280631364,-40.977847382565578,-5.4238173794861169,-2.481107950190458,-8.2317113248471845,-0.13276953749753523,-7.6962091213883532e-16,-42.245075691041244,-4.689972774398135,-2.1091351969333725,-8.6914633171518627,-0.037307405364222723,-0.0042733135587283508,-41.426579445531111,-4.9705007658298443,-2.2068250685679898,-8.2346311021002254,-0.002634319578309674,1,1.8307835762794629,1.7616246212198707,1,1,1
1786455688.9827442,6,1,0.99974926756745397,0.96678086792929974,0.022392007465594142,2,0,1,1,0.38990877444254235,1.5457224805562795,2.1536103046555861,-2.5649036825569702,2.0475425575902686,-2.7238135555564611,-0.00035610946322728857,0,-0.050923653241502262,0,-0.12285776481341455,0,-0.11946894280631364,-41.25660824911364,-4.9622159003809161,-2.7503754796684921,-8.4024150159154445,0.107480101783719,1.972841378108936e-16,-42.263957543490527,-4.6717987793826961,-2.1078767380809174,-8.689775623754155,-0.03826323601007512,0.0042733135587265745,-41.422306131972384,-5.0816069183567585,-2.2068250685679898,-8.3165362786425003,-0.002634319578309674,1,1.8307835762794629,1.7616246212198707,1,1,1
1786455689.00388,6,1,0.99974926756745397,0.96678086792929974,0.022392007465594142,2,0,1,1,0.38990972368807941,1.5457239044245852,2.1527033005449274,-2.5649027333114329,2.0450830624037515,-2.7238140301792297,0.00035610946322728857,0,-0.031337632764001394,0,-0.090807913122958578,0.00035610946322728857,-0.75663663777331969,-41.734484020338897,-5.4238173794861169,-2.481107950190458,-8.4024150159154445,-0.063223589284540582,-7.0483983233282643e-16,-42.27653863618302,-4.6597349235075836,-2.10726349477802,-8.6877709231591052,-0.038950210985548114,-0.0042733135587283508,-41.422306131972384,-5.2382950821767658,-2.2068250685679898,-8.393513792758867,-0.0035245932363778955,1,1.8307835762794629,1.7616246212198707,1,1,1
1786455689.0248861,6,1,0.99974926756745397,0.96678086792929974,0.022392007465594142,2,0,1,1,0.38991019831084789,1.5457262775384277,2.1522158629616484,-2.5649008348203588,2.0439297290762259,-2.7238145048019984,0,0.00035610946322728857,-0.019586020477500871,0.00035610946322728857,-0.034542617933046992,0,-0.27876086654806514,-40.818555458823823,-5.3276504046725339,-1.8271725214580892,-8.8070459873365028,0.037934153570724355,-8.2370904801870592e-16,-42.283888340703015,-4.6526675305497829,-2.1067808629215565,-8.6870252588874912,-0.039323643283417108,-8.8817841970012523e-16,-41.426579445531111,-5.3323079804687694,-2.2082495064208989,-8.5373241458434208,-0.002634319578309674,1,1.8307835762794629,1.7616246212198707,1,1,1
1786455689.0458634,6,1,0.99974926756745397,0.96678086792929974,0.022392007465594142,2,0,1,1,0.38990972368807941,1.5457258029156593,2.1520141482850232,-2.564899885574822,2.0436720089129148,-2.7238154540475352,0,0,-0.00035610946322728857,0,0.003204985169045597,0.00035610946322728857,0,-41.575192096597142,-5.3276504046725339,-2.5580415300413248,-8.6742764498389686,0.037934153570724355,-1.5928285166527667e-16,-42.287618727988452,-4.6490532408273673,-2.10639662656973,-8.6871513428574367,-0.039481891093781148,-8.8817841970012523e-16,-41.422306131972384,-5.4861472685829584,-2.2068250685679898,-8.6316931535986523,-0.0035245932363778955,1,1.8307835762794629,1.7616246212198707,1,1,1
1786455689.0671885,6,1,0.99974926756745397,0.96678086792929974,0.022392007465594142,2,0,1,1,0.38990972368807941,1.5457277014067334,2.1520715776400152,-2.5648965632154419,2.0437099787343969,-2.7238187764069148,0,0,0.0024927662425910197,0.00035610946322728857,0.0021366567793637313,0,0,-40.977847382565578,-5.3276504046725339,-2.1156734458988402,-8.6363422962682446,0.037934153570724355,-1.0054348846544325e-15,-42.286469110509117,-4.6501726980246749,-2.1065511879710019,-8.687046846207398,-0.03942805317430511,-8.8817841970012523e-16,-41.422306131972384,-5.5089382742295046,-2.2082495064208989,-8.6290223326244462,-0.002634319578309674,1,1.8307835762794629,1.7616246212198707,1,1,1
1786455689.0880334,6,1,0.99974926756745397,0.96678086792929974,0.022392007465594142,2,0,1,1,0.38991019831084789,1.5457262775384277,2.152119514539637,-2.5648946647243678,2.0437199458125361,-2.7238220987662944,0.00035610946322728857,-0.00035610946322728857,0.0024927662425910197,0.00035610946322728857,-0.00035610946322728857,0,0.47787577122525454,-41.25660824911364,-5.8854188585913185,-2.2887740005632908,-8.6047305016259745,-0.23392728035280017,-5.4847077400610456e-16,-42.285367733545186,-4.6512434098187523,-2.1067043552284992,-8.6869071042891832,-0.03937977297887877,-0.0042733135587283508,-41.418032818413657,-5.5089382742295046,-2.2082495064208989,-8.6227904170179688,-0.002634319578309674,1,1.8307835762794629,1.7616246212198707,1,1,1
1786455689.108964,6,1,0.99974926756745397,0.96678086792929974,0.022392007465594142,2,0,1,1,0.38991067293361642,1.5457253282928907,2.1521579589838877,-2.5648918169877568,2.043718047321462,-2.7238273196167486,0,0,0.0017805473161364429,0.00035610946322728857,0,-0.00035610946322728857,0.63716769496700609,-41.25660824911364,-5.4238173794861169,-2.2887740005632908,-8.5351845534129787,0,5.5271271500595409e-16,-42.284450642866716,-4.6521361968377448,-2.1068435540761188,-8.6867745642226186,-0.039335412916017526,-8.8817841970012523e-16,-41.422306131972384,-5.503240522817868,-2.2082495064208989,-8.6236806906760375,-0.0017440459202414525,1,1.8307835762794629,1.7616246212198707,1,1,1
1786455689.1296709,6,1,0.99974926756745397,0.96678086792929974,0.022392007465594142,2,0,1,1,0.38991114755638495,1.5457267521611964,2.1521959288053698,-2.5648889692511458,2.0437213696808416,-2.7238320658444337,0,0,0.0010683283896818657,0,0,0,0,-40.977847382565578,-5.4238173794861169,-2.5580415300413248,-8.6047305016259745,-0.13276953749753523,9.4454338014221539e-16,-42.283618842280852,-4.6529481913714532,-2.1069692060186682,-8.6866616263985037,-0.039294398369273974,-8.8817841970012523e-16,-41.422306131972384,-5.4975427714062315,-2.2068250685679898,-8.6236806906760375,-0.002634319578309674,1,1.8307835762794629,1.7616246212198707,1,1,1
1786455689.1503263,6,1,0.99974926756745397,0.96678086792929974,0.022392007465594142,2,0,1,1,0.38991114755638495,1.5457267521611964,2.1521987765419812,-2.5648889692511458,2.0437251666629899,-2.7238353882038133,-0.00035610946322728857,0,0.00071221892645457715,-0.00035610946322728857,0,0,-0.43805279028981664,-41.25660824911364,-5.2314834298589501,-2.5580415300413248,-8.6047305016259745,0.037934153570724355,-6.1746668975765084e-16,-42.283563720338378,-4.6530016642163572,-2.1069774276423128,-8.6866600354000632,-0.039286435339562158,0.0042733135587265745,-41.422306131972384,-5.4946938957004132,-2.2054006307150806,-8.6236806906760375,-0.002634319578309674,1,1.8307835762794629,1.7616246212198707,1,1,1
1786455689.1712732,6,1,0.99974926756745397,0.96678086792929974,0.022392007465594142,2,0,1,1,0.38991114755638495,1.5457262775384277,2.1522391194773061,-2.5648856468917658,2.0437251666629899,-2.7238401344314989,0,0,0.0028488757058183086,0.00035610946322728857,0,-0.00035610946322728857,-0.27876086654806514,-41.575192096597142,-5.9623524384421858,-2.0195064710852564,-8.7058882444812387,-0.031611794642270291,-1.3483409267572855e-15,-42.282620117957691,-4.6539207053612888,-2.1071211521272479,-8.6865263264845627,-0.039241347982894734,-8.8817841970012523e-16,-41.422306131972384,-5.5117871499353228,-2.2082495064208989,-8.6236806906760375,-0.0017440459202414525,1,1.8307835762794629,1.7616246212198707,1,1,1
1786455689.1922698,6,1,0.99974926756745397,0.96678086792929974,0.022392007465594142,2,0,1,1,0.38991304604745908,1.5457258029156593,2.1522937010956871,-2.5648809006640807,2.0437251666629899,-2.7238429821681098,0,0,0.0021366567793637313,0,0,0,-0.27876086654806514,-40.977847382565578,-5.5969179341505679,-2.0195064710852564,-8.6047305016259745,0.13909189642598929,-5.2388648974499574e-16,-42.281349799407963,-4.6551580953944516,-2.1073132261145147,-8.6863458271279228,-0.039186396477568955,-8.8817841970012523e-16,-41.422306131972384,-5.5060893985236863,-2.2068250685679898,-8.6236806906760375,-0.002634319578309674,1,1.8307835762794629,1.7616246212198707,1,1,1
1786455689.2135839,6,1,0.99974926756745397,0.96678086792929974,0.022392007465594142,2,0,1,1,0.38991304604745908,1.5457258029156593,2.1523492319596049,-2.5648794767957752,2.0437251666629899,-2.7238482030185636,-0.00035610946322728857,0,0.0028488757058183086,0,-0.00035610946322728857,-0.00035610946322728857,-0.11946894280631364,-41.575192096597142,-5.1353164550453663,-2.2887740005632908,-8.7375000391235087,0.107480101783719,-6.7651505057664263e-16,-42.280076408144495,-4.6563987558713773,-2.1074930709437885,-8.6861665691905365,-0.039129819228647236,0.0042733135587265745,-41.422306131972384,-5.5117871499353228,-2.2068250685679898,-8.6227904170179688,-0.0017440459202414525,1,1.8307835762794629,1.7616246212198707,1,1,1
1786455689.2346461,6,1,0.99974926756745397,0.96678086792929974,0.022392007465594142,2,0,1,1,0.38991304604745908,1.5457253282928907,2.152396219613689,-2.5648790021730066,2.0437261159085272,-2.7238524746234805,0,0,0.0017805473161364429,0,0,0,0.15929192374175152,-41.137139306307326,-6.0585194132557696,-1.8271725214580892,-8.5351845534129787,-0.031611794642270291,-1.2928297755260276e-15,-42.278992836450598,-4.6574537889592236,-2.1076422937221757,-8.6860158876605684,-0.03908245122425788,-8.8817841970012523e-16,-41.422306131972384,-5.503240522817868,-2.2068250685679898,-8.6236806906760375,-0.002634319578309674,1,1.8307835762794629,1.7616246212198707,1,1,1
1786455689.2557042,6,1,0.99974926756745397,0.96678086792929974,0.022392007465594142,2,0,1,1,0.38991352067022761,1.5457258029156593,2.1524289685847178,-2.5648780529274693,2.0437318113817495,-2.7238543731145546,0,0,0.0014244378529091543,0,0.00071221892645457715,0,0.47787577122525454,-40.977847382565578,-5.6930849089641518,-1.9233394962716728,-8.6047305016259745,0,-2.9388655137935205e-16,-42.278272742006919,-4.6581554658918893,-2.1077415177953549,-8.6859230535652916,-0.039051577880844457,-8.8817841970012523e-16,-41.422306131972384,-5.5003916471120498,-2.2068250685679898,-8.6254612379921731,-0.002634319578309674,1,1.8307835762794629,1.7616246212198707,1,1,1
1786455689.2768111,6,1,0.99974926756745397,0.96678086792929974,0.022392007465594142,2,0,1,1,0.38991304604745908,1.5457258029156593,2.1524503266093014,-2.5648775783047011,2.043736082986666,-2.7238553223600919,0,-0.00035610946322728857,0.00071221892645457715,0.00035610946322728857,0.00035610946322728857,0,0.15929192374175152,-41.137139306307326,-5.8854188585913185,-2.481107950190458,-8.6047305016259745,-0.031611794642270291,-1.0640089070229619e-15,-42.277798186044144,-4.6586174673980167,-2.1078057591665189,-8.6858627668286577,-0.03903181926350887,-8.8817841970012523e-16,-41.418032818413657,-5.4946938957004132,-2.2082495064208989,-8.6245709643341062,-0.002634319578309674,1,1.8307835762794629,1.7616246212198707,1,1,1
1786455689.2976172,6,1,0.99974926756745397,0.96678086792929974,0.022392007465594142,2,0,1,1,0.38991304604745908,1.5457262775384277,2.152477854729876,-2.5648771036819324,2.0437432023281938,-2.7238557969828601,-0.00035610946322728857,0.00035610946322728857,0.00071221892645457715,0.00035610946322728857,0.00071221892645457715,0,-0.43805279028981664,-41.575192096597142,-5.5007509593369841,-2.192607025749707,-8.6363422962682446,0.069545948212994646,-6.3371616981777734e-17,-42.277204243304283,-4.6591960739164362,-2.1078844396906642,-8.6857899645335017,-0.039008197152414208,0.0042733135587265745,-41.426579445531111,-5.4946938957004132,-2.2082495064208989,-8.6254612379921731,-0.002634319578309674,1,1.8307835762794629,1.7616246212198707,1,1,1
1786455689.3180532,6,1,0.99974926756745397,0.96678086792929974,0.022392007465594142,2,0,1,1,0.38991304604745908,1.5457262775384277,2.1524887710535525,-2.5648766290591638,2.0437545932746386,-2.723857220851166,0,0,0.00035610946322728857,0,0.00035610946322728857,-0.00035610946322728857,-0.43805279028981664,-42.212359791564147,-5.3276504046725339,-1.7310055466445056,-8.6047305016259745,0.069545948212994646,-1.0125093038299005e-15,-42.276990690085782,-4.6594032918665649,-2.1079112473791746,-8.6857774302977244,-0.038996561250128153,-8.8817841970012523e-16,-41.422306131972384,-5.491845019994595,-2.2068250685679898,-8.6245709643341062,-0.0017440459202414525,1,1.8307835762794629,1.7616246212198707,1,1,1
1786455689.3392355,6,1,0.99974926756745397,0.96678086792929974,0.022392007465594142,2,0,1,1,0.38991304604745908,1.5457262775384277,2.1524939919040063,-2.5648771036819324,2.0437564917657127,-2.7238576954739342,0,0,0.00035610946322728857,0,0,0,-0.43805279028981664,-41.25660824911364,-5.5007509593369841,-2.192607025749707,-8.5351845534129787,0,-5.0296138781602551e-16,-42.276878936738996,-4.6595119696125149,-2.1079236312503733,-8.6857649107912014,-0.038991845469791439,-8.8817841970012523e-16,-41.422306131972384,-5.491845019994595,-2.2068250685679898,-8.6236806906760375,-0.002634319578309674,1,1.8307835762794629,1.7616246212198707,1,1,1
1786455689.3601992,6,1,0.99974926756745397,0.96678086792929974,0.022392007465594142,2,0,1,1,0.38991304604745908,1.5457262775384277,2.1525011112455341,-2.5648771036819324,2.04375744101125,-2.7238586447194715,0,0,0.00035610946322728857,0,0,0,0.15929192374175152,-41.734484020338897,-5.4238173794861169,-2.0195064710852564,-8.7058882444812387,0,-6.8281697570421462e-16,-42.276719094395709,-4.6596676196584408,-2.1079452456428296,-8.6857439767746563,-0.038984296121555878,-8.8817841970012523e-16,-41.422306131972384,-5.491845019994595,-2.2068250685679898,-8.6236806906760375,-0.002634319578309674,1,1.8307835762794629,1.7616246212198707,1,1,1
1786455689.3811812,6,1,0.99974926756745397,0.96678086792929974,0.022392007465594142,2,0,1,1,0.38991304604745908,1.5457262775384277,2.1525049082276824,-2.5648775783047011,2.0437598141250923,-2.7238591193422401,0,0,0.00035610946322728857,0,-0.00035610946322728857,0,-0.59734471403156819,-41.575192096597142,-5.6930849089641518,-2.2887740005632908,-8.6047305016259745,0.037934153570724355,-4.042989901198446e-16,-42.27664134646146,-4.6597431359436881,-2.1079528967927672,-8.6857369740015393,-0.038980784358843376,-8.8817841970012523e-16,-41.422306131972384,-5.491845019994595,-2.2068250685679898,-8.6227904170179688,-0.002634319578309674,1,1.8307835762794629,1.7616246212198707,1,1,1
1786455689.4022748,6,1,0.99974926756745397,0.96678086792929974,0.022392007465594142,2,0,1,1,0.38991304604745908,1.5457262775384277,2.1525063320959879,-2.5648771036819324,2.0437640857300092,-2.7238595939650083,0,0,0,0,0.00035610946322728857,0,0.15929192374175152,-40.977847382565578,-5.2314834298589501,-1.6540719667936385,-8.7058882444812387,0.107480101783719,-2.4962399768763133e-16,-42.276621316848825,-4.6597623718646055,-2.1079561926986257,-8.6857405754278521,-0.038978500498776304,-8.8817841970012523e-16,-41.422306131972384,-5.4889961442887767,-2.2068250685679898,-8.6245709643341062,-0.002634319578309674,1,1.8307835762794629,1.7616246212198707,1,1,1
# event,1786455689.7056773,HOLDING,实体保持输入已释放；增强阻尼后仍未达到严格静止阈值；已切到驱动器当前位置保持，正在恢复 ROS 位置控制器
1786455689.5494895,6,1,0.99974926756745397,0.96678086792929974,0.022392007465594142,2,0,1,1,0.38991304604745908,1.5457267521611964,2.1525129768147475,-2.5648780529274693,2.0437840198862873,-2.7238638655699252,0,0,-0.00035610946322728857,-0.00035610946322728857,0,0.00035610946322728857,-0.11946894280631364,-40.977847382565578,-5.1353164550453663,-2.2887740005632908,-8.6363422962682446,-0.13276953749753523,-5.1120132432691534e-17,-42.276546209462879,-4.6598345358427311,-2.1079569375251452,-8.6857615650041922,-0.038967418537928684,-8.8817841970012523e-16,-41.422306131972384,-5.4861472685829584,-2.2054006307150806,-8.6236806906760375,-0.0035245932363778955,1,1.8307835762794629,1.7616246212198707,1,1,1
1786455689.5703802,6,1,0.99974926756745397,0.96678086792929974,0.022392007465594142,2,0,1,1,0.38991304604745908,1.5457267521611964,2.1525134514375157,-2.5648775783047011,2.0437859183773615,-2.7238648148154621,0.00035610946322728857,0,0.00035610946322728857,0,0,0,0.31858384748350305,-41.415900172855395,-5.8854188585913185,-1.7310055466445056,-8.7058882444812387,-0.031611794642270291,-5.6360894683943341e-16,-42.276539567976073,-4.6598409241041612,-2.1079597986975762,-8.6857634238103643,-0.038965045107742603,-0.0042733135587283508,-41.422306131972384,-5.491845019994595,-2.2068250685679898,-8.6236806906760375,-0.002634319578309674,1,1.8307835762794629,1.7616246212198707,1,1,1
1786455689.5914547,6,1,0.99974926756745397,0.96678086792929974,0.022392007465594142,2,0,1,1,0.38991304604745908,1.5457267521611964,2.1525148753058216,-2.5648775783047011,2.043790664605047,-2.7238648148154621,0.00035610946322728857,0,0,0.00035610946322728857,0.00071221892645457715,0,0.31858384748350305,-41.25660824911364,-5.5007509593369841,-2.1156734458988402,-8.5667963480552487,0.069545948212994646,-5.1735417165577058e-16,-42.276522810201158,-4.6598568809569816,-2.1079600373247529,-8.6857684011379419,-0.03896399411400496,-0.0042733135587283508,-41.422306131972384,-5.4889961442887767,-2.2082495064208989,-8.6254612379921731,-0.002634319578309674,1,1.8307835762794629,1.7616246212198707,1,1,1
1786455689.6144357,6,1,0.99974926756745397,0.96678086792929974,0.022392007465594142,2,0,1,1,0.38991304604745908,1.5457267521611964,2.1525191469107381,-2.5648771036819324,2.0438025301742599,-2.723866238683768,0,0,0,0,0.00035610946322728857,0,-0.11946894280631364,-42.053067867822399,-5.5969179341505679,-2.2887740005632908,-8.5351845534129787,-0.031611794642270291,2.340385914581522e-16,-42.276462199949606,-4.6599150800425697,-2.1079662550702305,-8.6857781124044724,-0.038957925822786718,-8.8817841970012523e-16,-41.422306131972384,-5.4889961442887767,-2.2068250685679898,-8.6245709643341062,-0.002634319578309674,1,1.8307835762794629,1.7616246212198707,1,1,1
1786455689.6232402,0,0,0.99974926756745397,0.96678086792929974,0.022392007465594142,2,0,1,0,0.38991304604745908,1.5457329222571872,2.1525210454018122,-2.5648766290591638,2.0438172434800843,-2.7238671879293048,0,0.0010683283896818657,0.00071221892645457715,0,0.003204985169045597,-0.00035610946322728857,-0.59734471403156819,-38.11059275521405,-5.058382875194499,-2.1156734458988402,-8.1937771712764604,0.107480101783719,-4.9320356826365597e-16,-42.276613220063467,-4.6597739230939492,-2.1079436719419862,-8.6858209353338172,-0.038959894534818101,0,0,0,0,0,0,1,1.8307835762794629,1.7616246212198707,1,1,1
# event,1786455689.9035015,HOLDING,驱动器当前位置保持中；等待编码器确认静止
# event,1786455690.4629071,READY,已从驱动器临时保持恢复 ROS 位置控制器
# event,1786455690.5096483,READY,位置控制在线；按下 FREE 即进入零力拖拽，松开退出
# event,1786457551.8063948,ENTERING,实体 FREE (DI bit 5) 请求切换到零力拖拽
