... logging to /home/catas/.ros/log/4154ed42-9782-11f1-bce8-c4c6e661f1ab/roslaunch-catas-26368.log
Checking log directory for disk usage. This may take a while.
Press Ctrl-C to interrupt
]2;/home/catas/ros_ws/src/elfin_vision/launch/citrus_sensor_runtime.launch
[1mstarted roslaunch server http://127.0.0.1:40317/[0m

SUMMARY
========

PARAMETERS
 * /camera/realsense2_camera/accel_fps: 0
 * /camera/realsense2_camera/accel_frame_id: camera_accel_frame
 * /camera/realsense2_camera/accel_optical_frame_id: camera_accel_opti...
 * /camera/realsense2_camera/align_depth: True
 * /camera/realsense2_camera/aligned_depth_to_color_frame_id: camera_aligned_de...
 * /camera/realsense2_camera/aligned_depth_to_fisheye1_frame_id: camera_aligned_de...
 * /camera/realsense2_camera/aligned_depth_to_fisheye2_frame_id: camera_aligned_de...
 * /camera/realsense2_camera/aligned_depth_to_fisheye_frame_id: camera_aligned_de...
 * /camera/realsense2_camera/aligned_depth_to_infra1_frame_id: camera_aligned_de...
 * /camera/realsense2_camera/aligned_depth_to_infra2_frame_id: camera_aligned_de...
 * /camera/realsense2_camera/allow_no_texture_points: False
 * /camera/realsense2_camera/base_frame_id: camera_link
 * /camera/realsense2_camera/calib_odom_file: 
 * /camera/realsense2_camera/clip_distance: -2.0
 * /camera/realsense2_camera/color_fps: 15
 * /camera/realsense2_camera/color_frame_id: camera_color_frame
 * /camera/realsense2_camera/color_height: 480
 * /camera/realsense2_camera/color_optical_frame_id: camera_color_opti...
 * /camera/realsense2_camera/color_width: 640
 * /camera/realsense2_camera/confidence_fps: -1
 * /camera/realsense2_camera/confidence_height: -1
 * /camera/realsense2_camera/confidence_width: -1
 * /camera/realsense2_camera/depth_fps: 5
 * /camera/realsense2_camera/depth_frame_id: camera_depth_frame
 * /camera/realsense2_camera/depth_height: 480
 * /camera/realsense2_camera/depth_optical_frame_id: camera_depth_opti...
 * /camera/realsense2_camera/depth_width: 640
 * /camera/realsense2_camera/device_type: d435
 * /camera/realsense2_camera/enable_accel: False
 * /camera/realsense2_camera/enable_color: True
 * /camera/realsense2_camera/enable_confidence: False
 * /camera/realsense2_camera/enable_depth: True
 * /camera/realsense2_camera/enable_fisheye1: False
 * /camera/realsense2_camera/enable_fisheye2: False
 * /camera/realsense2_camera/enable_fisheye: False
 * /camera/realsense2_camera/enable_gyro: False
 * /camera/realsense2_camera/enable_infra1: False
 * /camera/realsense2_camera/enable_infra2: False
 * /camera/realsense2_camera/enable_infra: False
 * /camera/realsense2_camera/enable_pointcloud: True
 * /camera/realsense2_camera/enable_pose: False
 * /camera/realsense2_camera/enable_sync: False
 * /camera/realsense2_camera/filters: 
 * /camera/realsense2_camera/fisheye1_frame_id: camera_fisheye1_f...
 * /camera/realsense2_camera/fisheye1_optical_frame_id: camera_fisheye1_o...
 * /camera/realsense2_camera/fisheye2_frame_id: camera_fisheye2_f...
 * /camera/realsense2_camera/fisheye2_optical_frame_id: camera_fisheye2_o...
 * /camera/realsense2_camera/fisheye_fps: -1
 * /camera/realsense2_camera/fisheye_frame_id: camera_fisheye_frame
 * /camera/realsense2_camera/fisheye_height: -1
 * /camera/realsense2_camera/fisheye_optical_frame_id: camera_fisheye_op...
 * /camera/realsense2_camera/fisheye_width: -1
 * /camera/realsense2_camera/gyro_fps: 0
 * /camera/realsense2_camera/gyro_frame_id: camera_gyro_frame
 * /camera/realsense2_camera/gyro_optical_frame_id: camera_gyro_optic...
 * /camera/realsense2_camera/imu_optical_frame_id: camera_imu_optica...
 * /camera/realsense2_camera/infra1_frame_id: camera_infra1_frame
 * /camera/realsense2_camera/infra1_optical_frame_id: camera_infra1_opt...
 * /camera/realsense2_camera/infra2_frame_id: camera_infra2_frame
 * /camera/realsense2_camera/infra2_optical_frame_id: camera_infra2_opt...
 * /camera/realsense2_camera/infra_fps: 30
 * /camera/realsense2_camera/infra_height: 480
 * /camera/realsense2_camera/infra_rgb: False
 * /camera/realsense2_camera/infra_width: 848
 * /camera/realsense2_camera/initial_reset: False
 * /camera/realsense2_camera/json_file_path: 
 * /camera/realsense2_camera/linear_accel_cov: 0.01
 * /camera/realsense2_camera/odom_frame_id: camera_odom_frame
 * /camera/realsense2_camera/ordered_pc: False
 * /camera/realsense2_camera/pointcloud_texture_index: 0
 * /camera/realsense2_camera/pointcloud_texture_stream: RS2_STREAM_ANY
 * /camera/realsense2_camera/pose_frame_id: camera_pose_frame
 * /camera/realsense2_camera/pose_optical_frame_id: camera_pose_optic...
 * /camera/realsense2_camera/publish_odom_tf: True
 * /camera/realsense2_camera/publish_tf: True
 * /camera/realsense2_camera/reconnect_timeout: 6.0
 * /camera/realsense2_camera/rosbag_filename: 
 * /camera/realsense2_camera/serial_no: 233522078111
 * /camera/realsense2_camera/stereo_module/exposure/1: 7500
 * /camera/realsense2_camera/stereo_module/exposure/2: 1
 * /camera/realsense2_camera/stereo_module/gain/1: 16
 * /camera/realsense2_camera/stereo_module/gain/2: 16
 * /camera/realsense2_camera/tf_publish_rate: 0.0
 * /camera/realsense2_camera/topic_odom_in: odom_in
 * /camera/realsense2_camera/unite_imu_method: none
 * /camera/realsense2_camera/usb_port_id: 2-3
 * /camera/realsense2_camera/wait_for_device_timeout: 8.0
 * /elfin_vision/citrus_rgbd_node/backend: onnxruntime
 * /elfin_vision/citrus_rgbd_node/citrus_circle_minimum_arc_deg: 80.0
 * /elfin_vision/citrus_rgbd_node/citrus_circle_minimum_inlier_ratio: 0.3
 * /elfin_vision/citrus_rgbd_node/citrus_circle_residual_px: 2.5
 * /elfin_vision/citrus_rgbd_node/citrus_merge_depth_tolerance_m: 0.025
 * /elfin_vision/citrus_rgbd_node/citrus_merge_gap_radius_ratio: 0.45
 * /elfin_vision/citrus_rgbd_node/citrus_polar_radius_max_m: 0.025
 * /elfin_vision/citrus_rgbd_node/citrus_polar_radius_min_m: 0.022
 * /elfin_vision/citrus_rgbd_node/citrus_radius_max_m: 0.04
 * /elfin_vision/citrus_rgbd_node/citrus_radius_min_m: 0.022
 * /elfin_vision/citrus_rgbd_node/class_names/0: citrus
 * /elfin_vision/citrus_rgbd_node/class_names/1: tree
 * /elfin_vision/citrus_rgbd_node/confidence: 0.35
 * /elfin_vision/citrus_rgbd_node/depth_max_m: 4.0
 * /elfin_vision/citrus_rgbd_node/depth_min_m: 0.2
 * /elfin_vision/citrus_rgbd_node/depth_min_samples: 20
 * /elfin_vision/citrus_rgbd_node/depth_pair_maximum_age_s: 0.35
 * /elfin_vision/citrus_rgbd_node/depth_pair_maximum_delta_s: 0.04
 * /elfin_vision/citrus_rgbd_node/device: auto
 * /elfin_vision/citrus_rgbd_node/engine_path: 
 * /elfin_vision/citrus_rgbd_node/engine_sha256: 
 * /elfin_vision/citrus_rgbd_node/image_size: 640
 * /elfin_vision/citrus_rgbd_node/inference_queue_size: 12
 * /elfin_vision/citrus_rgbd_node/inference_request_match_slop_s: 0.002
 * /elfin_vision/citrus_rgbd_node/iou: 0.45
 * /elfin_vision/citrus_rgbd_node/max_inference_hz: 8.0
 * /elfin_vision/citrus_rgbd_node/model_path: /home/catas/elfin...
 * /elfin_vision/citrus_rgbd_node/model_repo: 
 * /elfin_vision/citrus_rgbd_node/model_sha256: 371c56e82f2452cc9...
 * /elfin_vision/citrus_rgbd_node/publish_annotated_image: False
 * /elfin_vision/citrus_rgbd_node/remote_preferred: False
 * /elfin_vision/citrus_rgbd_node/remote_timeout_s: 0.8
 * /elfin_vision/citrus_rgbd_node/remote_token_file: /home/catas/.conf...
 * /elfin_vision/citrus_rgbd_node/remote_url: http://aiseon.loc...
 * /elfin_vision/citrus_rgbd_node/rgbd_history_size: 18
 * /elfin_vision/citrus_rgbd_node/semantic_class_ids: []
 * /elfin_vision/citrus_rgbd_node/semantic_labels: ['citrus', 'tree']
 * /elfin_vision/citrus_rgbd_node/target_class_ids: []
 * /elfin_vision/citrus_rgbd_node/target_frame: elfin_base_link
 * /elfin_vision/citrus_rgbd_node/target_labels: ['citrus', 'orang...
 * /elfin_vision/citrus_rgbd_node/tf_timeout_s: 0.12
 * /rosdistro: noetic
 * /rosversion: 1.17.4

NODES
  /camera/
    realsense2_camera (nodelet/nodelet)
    realsense2_camera_manager (nodelet/nodelet)
  /elfin_vision/
    citrus_rgbd_node (elfin_vision/citrus_rgbd_node.py)

[1mROS_MASTER_URI=http://127.0.0.1:11311[0m
]2;/home/catas/ros_ws/src/elfin_vision/launch/citrus_sensor_runtime.launch http://127.0.0.1:11311
[0m[INFO] [1786676098.659379225]: Initializing nodelet with 32 worker threads.[0m
[0m[INFO] [1786676098.711019274]: RealSense ROS v2.3.2[0m
[0m[INFO] [1786676098.711033983]: Built with LibRealSense v2.50.0[0m
[0m[INFO] [1786676098.711038812]: Running with LibRealSense v2.50.0[0m
[0m[INFO] [1786676098.733513597]:  [0m
[0m[INFO] [1786676098.834896998]: Device with serial number 233522078111 was found.
[0m
[0m[INFO] [1786676098.834928277]: Device with physical ID 2-3-10 was found.[0m
[0m[INFO] [1786676098.834945080]: Device with name Intel RealSense D435 was found.[0m
[0m[INFO] [1786676098.835241133]: Device with port number 2-3 was found.[0m
[0m[INFO] [1786676098.835268231]: Device USB type: 3.2[0m
[0m[INFO] [1786676098.836236143]: getParameters...[0m
[0m[INFO] [1786676098.860323104]: setupDevice...[0m
[0m[INFO] [1786676098.860339685]: JSON file is not provided[0m
[0m[INFO] [1786676098.860345564]: ROS Node Namespace: camera[0m
[0m[INFO] [1786676098.860356838]: Device Name: Intel RealSense D435[0m
[0m[INFO] [1786676098.860362052]: Device Serial No: 233522078111[0m
[0m[INFO] [1786676098.860367244]: Device physical port: 2-3-10[0m
[0m[INFO] [1786676098.860372334]: Device FW version: 05.17.03.10[0m
[0m[INFO] [1786676098.860377479]: Device Product ID: 0x0B07[0m
[0m[INFO] [1786676098.860384281]: Enable PointCloud: On[0m
[0m[INFO] [1786676098.860389141]: Align Depth: On[0m
[0m[INFO] [1786676098.860395330]: Sync Mode: On[0m
[0m[INFO] [1786676098.860424422]: Device Sensors: [0m
[0m[INFO] [1786676098.949031818]: Stereo Module was found.[0m
[0m[INFO] [1786676098.955024254]: RGB Camera was found.[0m
[0m[INFO] [1786676098.955240159]: Add Filter: pointcloud[0m
[0m[INFO] [1786676098.955534493]: num_filters: 2[0m
[0m[INFO] [1786676098.955547581]: Setting Dynamic reconfig parameters.[0m
hwmon command 0x80( 5 0 0 0 ) failed (response -7= HW not ready)
hwmon command 0x80( 5 0 0 0 ) failed (response -7= HW not ready)
hwmon command 0x80( 5 0 0 0 ) failed (response -7= HW not ready)
hwmon command 0x80( 5 0 0 0 ) failed (response -7= HW not ready)
[0m[INFO] [1786676101.879885490]: Done Setting Dynamic reconfig parameters.[0m
[33m[WARN] [1786676101.880026421]: Given stream configuration is not supported by the device!  Stream: Depth, Stream Index: 0, Width: 640, Height: 480, FPS: 5, Format: Z16[0m
[33m[WARN] [1786676101.880040717]: Using default profile instead.[0m
[0m[INFO] [1786676101.880461698]: depth stream is enabled - width: 848, height: 480, fps: 30, Format: Z16[0m
[0m[INFO] [1786676101.880962994]: color stream is enabled - width: 640, height: 480, fps: 15, Format: RGB8[0m
[0m[INFO] [1786676101.882478507]: setupPublishers...[0m
[0m[INFO] [1786676101.884411013]: Expected frequency for depth = 30.00000[0m
[0m[INFO] [1786676101.908220435]: Expected frequency for color = 15.00000[0m
[0m[INFO] [1786676101.921682759]: Expected frequency for aligned_depth_to_color = 15.00000[0m
[0m[INFO] [1786676101.932252350]: setupStreams...[0m
 14/08 02:55:02,159 WARNING [140058719766272] (messenger-libusb.cpp:42) control_transfer returned error, index: 768, error: Resource temporarily unavailable, number: 11
[0m[INFO] [1786676102.210273040]: SELECTED BASE:Depth, 0[0m
[0m[INFO] [1786676102.215730388]: RealSense Node Is Up![0m
[33m[WARN] [1786676102.279408504]: [0m
 14/08 02:55:02,280 WARNING [140058719766272] (messenger-libusb.cpp:42) control_transfer returned error, index: 768, error: Resource temporarily unavailable, number: 11
[0m[INFO] [1786676102.286209972]: publishing unordered pointcloud.[0m
 14/08 02:55:02,330 WARNING [140058719766272] (messenger-libusb.cpp:42) control_transfer returned error, index: 768, error: Resource temporarily unavailable, number: 11
 14/08 02:55:02,380 WARNING [140058719766272] (messenger-libusb.cpp:42) control_transfer returned error, index: 768, error: Resource temporarily unavailable, number: 11
 14/08 02:55:02,621 WARNING [140058719766272] (messenger-libusb.cpp:42) control_transfer returned error, index: 768, error: Resource temporarily unavailable, number: 11
 14/08 02:55:02,671 WARNING [140058719766272] (messenger-libusb.cpp:42) control_transfer returned error, index: 768, error: Resource temporarily unavailable, number: 11
 14/08 02:55:02,721 WARNING [140058719766272] (messenger-libusb.cpp:42) control_transfer returned error, index: 768, error: Resource temporarily unavailable, number: 11
 14/08 02:55:02,773 WARNING [140058719766272] (messenger-libusb.cpp:42) control_transfer returned error, index: 768, error: Resource temporarily unavailable, number: 11
 14/08 02:55:02,924 WARNING [140058719766272] (messenger-libusb.cpp:42) control_transfer returned error, index: 768, error: Resource temporarily unavailable, number: 11
[INFO] [1786676099.014421]: RGB-D vision status: starting:model_loading
[INFO] [1786676099.120748]: Loaded ONNX citrus model /home/catas/elfin_citrus_data/models/yolo26n_seg_converged_20260806/yolo26n_citrus_tree_best.onnx; classes={0: 'citrus', 1: 'tree'}; providers=['CPUExecutionProvider']
[INFO] [1786676099.122356]: Citrus model loading finished in 0.09 s: model_ready:onnxruntime
[INFO] [1786676102.692084]: 开始进行多边形确认 · detections=2
[INFO] [1786676102.814690]: 开始进行多边形确认 · detections=2
[INFO] [1786676102.925222]: 开始进行多边形确认 · detections=2
[INFO] [1786676102.937362]: CITRUS_CENTER ok pixel=(470,232) depth=0.600 m radius=25.8 mm arc=282 deg error=0.69 px fragments=1
[INFO] [1786676102.938404]: 开始进行多边形确认 · centers=1 · rejected=0 · merged=0 · elapsed_ms=13.2
[INFO] [1786676103.060966]: 开始进行多边形确认 · detections=2
[INFO] [1786676103.085778]: 开始进行多边形确认 · centers=1 · rejected=0 · merged=0 · elapsed_ms=24.8
[INFO] [1786676103.185486]: 开始进行多边形确认 · detections=2
[INFO] [1786676103.208238]: 开始进行多边形确认 · centers=1 · rejected=0 · merged=0 · elapsed_ms=22.8
[INFO] [1786676103.301750]: 开始进行多边形确认 · detections=2
[INFO] [1786676103.326369]: 开始进行多边形确认 · centers=1 · rejected=0 · merged=0 · elapsed_ms=24.7
[INFO] [1786676103.427823]: 开始进行多边形确认 · detections=2
[INFO] [1786676103.455313]: 开始进行多边形确认 · centers=1 · rejected=0 · merged=0 · elapsed_ms=27.5
[INFO] [1786676103.553487]: 开始进行多边形确认 · detections=2
[INFO] [1786676103.581763]: 开始进行多边形确认 · centers=1 · rejected=0 · merged=0 · elapsed_ms=28.3
[INFO] [1786676103.680623]: 开始进行多边形确认 · detections=2
[INFO] [1786676103.707278]: 开始进行多边形确认 · centers=1 · rejected=0 · merged=0 · elapsed_ms=26.7
[INFO] [1786676103.806950]: 开始进行多边形确认 · detections=2
[INFO] [1786676103.834818]: 开始进行多边形确认 · centers=1 · rejected=0 · merged=0 · elapsed_ms=27.9
[INFO] [1786676103.933684]: 开始进行多边形确认 · detections=2
[INFO] [1786676103.958173]: 开始进行多边形确认 · centers=1 · rejected=0 · merged=0 · elapsed_ms=24.5
[INFO] [1786676104.064626]: 开始进行多边形确认 · detections=2
[INFO] [1786676104.089553]: 开始进行多边形确认 · centers=1 · rejected=0 · merged=0 · elapsed_ms=25.0
[INFO] [1786676104.188028]: 开始进行多边形确认 · detections=2
[INFO] [1786676104.211626]: 开始进行多边形确认 · centers=1 · rejected=0 · merged=0 · elapsed_ms=23.6
[INFO] [1786676104.304416]: 开始进行多边形确认 · detections=2
[INFO] [1786676104.330019]: 开始进行多边形确认 · centers=1 · rejected=0 · merged=0 · elapsed_ms=25.6
[INFO] [1786676104.428774]: 开始进行多边形确认 · detections=2
[INFO] [1786676104.455524]: 开始进行多边形确认 · centers=1 · rejected=0 · merged=0 · elapsed_ms=26.8
[INFO] [1786676104.555199]: 开始进行多边形确认 · detections=2
[INFO] [1786676104.571833]: 开始进行多边形确认 · centers=1 · rejected=0 · merged=0 · elapsed_ms=16.7
[INFO] [1786676104.672783]: 开始进行多边形确认 · detections=2
[INFO] [1786676104.684351]: 开始进行多边形确认 · centers=1 · rejected=0 · merged=0 · elapsed_ms=11.6
[INFO] [1786676104.795423]: 开始进行多边形确认 · detections=2
[INFO] [1786676104.808022]: 开始进行多边形确认 · centers=1 · rejected=0 · merged=0 · elapsed_ms=12.6
[INFO] [1786676104.970580]: 开始进行多边形确认 · detections=2
[INFO] [1786676104.994322]: CITRUS_CENTER ok pixel=(470,232) depth=0.595 m radius=25.5 mm arc=282 deg error=0.60 px fragments=1
[INFO] [1786676104.995522]: 开始进行多边形确认 · centers=1 · rejected=0 · merged=0 · elapsed_ms=25.0
[INFO] [1786676105.088641]: 开始进行多边形确认 · detections=2
[INFO] [1786676105.114236]: 开始进行多边形确认 · centers=1 · rejected=0 · merged=0 · elapsed_ms=25.6
[INFO] [1786676105.207805]: 开始进行多边形确认 · detections=2
[INFO] [1786676105.231926]: 开始进行多边形确认 · centers=1 · rejected=0 · merged=0 · elapsed_ms=24.1
[INFO] [1786676105.334335]: 开始进行多边形确认 · detections=2
[INFO] [1786676105.359548]: 开始进行多边形确认 · centers=1 · rejected=0 · merged=0 · elapsed_ms=25.3
[INFO] [1786676105.461826]: 开始进行多边形确认 · detections=3
[INFO] [1786676105.486013]: 开始进行多边形确认 · centers=1 · rejected=0 · merged=0 · elapsed_ms=24.2
[INFO] [1786676105.487687]: RGB-D vision status: model_ready:onnxruntime targets:1 centers:1 tf:1 rejected:0 merged:0 semantic_masks:3
[INFO] [1786676105.586704]: 开始进行多边形确认 · detections=2
[INFO] [1786676105.609928]: 开始进行多边形确认 · centers=1 · rejected=0 · merged=0 · elapsed_ms=23.3
[INFO] [1786676105.711089]: 开始进行多边形确认 · detections=2
[INFO] [1786676105.734916]: 开始进行多边形确认 · centers=1 · rejected=0 · merged=0 · elapsed_ms=23.9
[INFO] [1786676105.803660]: 开始进行多边形确认 · detections=3
[INFO] [1786676105.815583]: 开始进行多边形确认 · centers=1 · rejected=0 · merged=0 · elapsed_ms=11.9
[INFO] [1786676105.949188]: 开始进行多边形确认 · detections=2
[INFO] [1786676105.974529]: 开始进行多边形确认 · centers=1 · rejected=0 · merged=0 · elapsed_ms=25.4
[INFO] [1786676106.069363]: 开始进行多边形确认 · detections=2
[INFO] [1786676106.093168]: 开始进行多边形确认 · centers=1 · rejected=0 · merged=0 · elapsed_ms=23.8
[INFO] [1786676106.188651]: 开始进行多边形确认 · detections=2
[INFO] [1786676106.209610]: 开始进行多边形确认 · centers=1 · rejected=0 · merged=0 · elapsed_ms=21.0
[INFO] [1786676106.325121]: 开始进行多边形确认 · detections=2
[INFO] [1786676106.353607]: 开始进行多边形确认 · centers=1 · rejected=0 · merged=0 · elapsed_ms=28.5
[INFO] [1786676106.439552]: 开始进行多边形确认 · detections=2
[INFO] [1786676106.463025]: 开始进行多边形确认 · centers=1 · rejected=0 · merged=0 · elapsed_ms=23.5
[INFO] [1786676106.568627]: 开始进行多边形确认 · detections=2
[INFO] [1786676106.592749]: 开始进行多边形确认 · centers=1 · rejected=0 · merged=0 · elapsed_ms=24.0
[INFO] [1786676106.682792]: 开始进行多边形确认 · detections=2
[INFO] [1786676106.693898]: 开始进行多边形确认 · centers=1 · rejected=0 · merged=0 · elapsed_ms=11.2
[INFO] [1786676106.807355]: 开始进行多边形确认 · detections=2
[INFO] [1786676106.834477]: 开始进行多边形确认 · centers=1 · rejected=0 · merged=0 · elapsed_ms=27.1
[INFO] [1786676106.935864]: 开始进行多边形确认 · detections=2
[INFO] [1786676106.961004]: 开始进行多边形确认 · centers=1 · rejected=0 · merged=0 · elapsed_ms=25.2
[INFO] [1786676107.071040]: 开始进行多边形确认 · detections=2
[INFO] [1786676107.096231]: CITRUS_CENTER ok pixel=(469,233) depth=0.594 m radius=26.0 mm arc=285 deg error=0.71 px fragments=1
[INFO] [1786676107.097418]: 开始进行多边形确认 · centers=1 · rejected=0 · merged=0 · elapsed_ms=26.4
[INFO] [1786676107.187452]: 开始进行多边形确认 · detections=2
[INFO] [1786676107.214121]: 开始进行多边形确认 · centers=1 · rejected=0 · merged=0 · elapsed_ms=26.7
[INFO] [1786676107.325036]: 开始进行多边形确认 · detections=2
[INFO] [1786676107.351809]: 开始进行多边形确认 · centers=1 · rejected=0 · merged=0 · elapsed_ms=26.8
[INFO] [1786676107.437494]: 开始进行多边形确认 · detections=2
[INFO] [1786676107.461584]: 开始进行多边形确认 · centers=1 · rejected=0 · merged=0 · elapsed_ms=24.2
[INFO] [1786676107.548203]: 开始进行多边形确认 · detections=2
[INFO] [1786676107.562197]: 开始进行多边形确认 · centers=1 · rejected=0 · merged=0 · elapsed_ms=14.0
[INFO] [1786676107.673331]: 开始进行多边形确认 · detections=2
[INFO] [1786676107.684262]: 开始进行多边形确认 · centers=1 · rejected=0 · merged=0 · elapsed_ms=11.0
[INFO] [1786676107.798535]: 开始进行多边形确认 · detections=2
[INFO] [1786676107.810459]: 开始进行多边形确认 · centers=1 · rejected=0 · merged=0 · elapsed_ms=12.0
[INFO] [1786676107.932778]: 开始进行多边形确认 · detections=2
[INFO] [1786676107.946276]: 开始进行多边形确认 · centers=1 · rejected=0 · merged=0 · elapsed_ms=13.6
[INFO] [1786676108.057380]: 开始进行多边形确认 · detections=2
[INFO] [1786676108.069327]: 开始进行多边形确认 · centers=1 · rejected=0 · merged=0 · elapsed_ms=12.0
[INFO] [1786676108.186613]: 开始进行多边形确认 · detections=2
[INFO] [1786676108.200201]: 开始进行多边形确认 · centers=1 · rejected=0 · merged=0 · elapsed_ms=13.6
[INFO] [1786676108.302114]: 开始进行多边形确认 · detections=2
[INFO] [1786676108.320235]: 开始进行多边形确认 · centers=1 · rejected=0 · merged=0 · elapsed_ms=18.2
[INFO] [1786676108.456200]: 开始进行多边形确认 · detections=2
[INFO] [1786676108.479019]: 开始进行多边形确认 · centers=1 · rejected=0 · merged=0 · elapsed_ms=22.9
[INFO] [1786676108.574483]: 开始进行多边形确认 · detections=2
[INFO] [1786676108.598132]: 开始进行多边形确认 · centers=1 · rejected=0 · merged=0 · elapsed_ms=23.7
[INFO] [1786676108.695525]: 开始进行多边形确认 · detections=3
[INFO] [1786676108.727560]: 开始进行多边形确认 · centers=2 · rejected=0 · merged=0 · elapsed_ms=32.1
[INFO] [1786676108.818291]: 开始进行多边形确认 · detections=2
[INFO] [1786676108.829413]: 开始进行多边形确认 · centers=1 · rejected=0 · merged=0 · elapsed_ms=11.1
[INFO] [1786676108.939501]: 开始进行多边形确认 · detections=3
[INFO] [1786676108.951349]: 开始进行多边形确认 · centers=1 · rejected=0 · merged=0 · elapsed_ms=11.9
[INFO] [1786676109.069537]: 开始进行多边形确认 · detections=3
[INFO] [1786676109.081434]: 开始进行多边形确认 · centers=1 · rejected=0 · merged=0 · elapsed_ms=11.9
[INFO] [1786676109.188440]: 开始进行多边形确认 · detections=2
[INFO] [1786676109.199477]: CITRUS_CENTER ok pixel=(470,233) depth=0.594 m radius=26.6 mm arc=280 deg error=0.87 px fragments=1
[INFO] [1786676109.200170]: 开始进行多边形确认 · centers=1 · rejected=0 · merged=0 · elapsed_ms=11.8
[INFO] [1786676109.312916]: 开始进行多边形确认 · detections=3
[INFO] [1786676109.329482]: 开始进行多边形确认 · centers=2 · rejected=0 · merged=0 · elapsed_ms=16.6
[INFO] [1786676109.452816]: 开始进行多边形确认 · detections=2
[INFO] [1786676109.474787]: 开始进行多边形确认 · centers=1 · rejected=0 · merged=0 · elapsed_ms=22.0
[INFO] [1786676109.597722]: 开始进行多边形确认 · detections=3
[INFO] [1786676109.608921]: 开始进行多边形确认 · centers=1 · rejected=0 · merged=0 · elapsed_ms=11.3
[INFO] [1786676109.693420]: 开始进行多边形确认 · detections=2
[INFO] [1786676109.705422]: 开始进行多边形确认 · centers=1 · rejected=0 · merged=0 · elapsed_ms=12.0
[INFO] [1786676109.821741]: 开始进行多边形确认 · detections=3
[INFO] [1786676109.842014]: 开始进行多边形确认 · centers=1 · rejected=1 · merged=0 · elapsed_ms=20.3
[INFO] [1786676109.960079]: 开始进行多边形确认 · detections=3
[INFO] [1786676109.984717]: 开始进行多边形确认 · centers=1 · rejected=0 · merged=0 · elapsed_ms=24.7
[INFO] [1786676110.088608]: 开始进行多边形确认 · detections=3
[INFO] [1786676110.122349]: 开始进行多边形确认 · centers=2 · rejected=0 · merged=0 · elapsed_ms=33.8
[INFO] [1786676110.203144]: 开始进行多边形确认 · detections=3
[INFO] [1786676110.217431]: 开始进行多边形确认 · centers=2 · rejected=0 · merged=0 · elapsed_ms=14.3
[INFO] [1786676110.320152]: 开始进行多边形确认 · detections=3
[INFO] [1786676110.332362]: 开始进行多边形确认 · centers=1 · rejected=0 · merged=0 · elapsed_ms=12.2
[INFO] [1786676110.455051]: 开始进行多边形确认 · detections=2
[INFO] [1786676110.473514]: 开始进行多边形确认 · centers=1 · rejected=0 · merged=0 · elapsed_ms=18.5
[INFO] [1786676110.604279]: 开始进行多边形确认 · detections=3
[INFO] [1786676110.616423]: 开始进行多边形确认 · centers=1 · rejected=0 · merged=0 · elapsed_ms=12.2
[INFO] [1786676110.617645]: RGB-D vision status: model_ready:onnxruntime targets:1 centers:1 tf:1 rejected:0 merged:0 semantic_masks:3
[INFO] [1786676110.709216]: 开始进行多边形确认 · detections=3
[INFO] [1786676110.732609]: 开始进行多边形确认 · centers=1 · rejected=0 · merged=0 · elapsed_ms=23.4
[INFO] [1786676110.834002]: 开始进行多边形确认 · detections=3
[INFO] [1786676110.859031]: 开始进行多边形确认 · centers=1 · rejected=0 · merged=0 · elapsed_ms=25.1
[INFO] [1786676110.956475]: 开始进行多边形确认 · detections=4
[INFO] [1786676110.973087]: 开始进行多边形确认 · centers=1 · rejected=1 · merged=0 · elapsed_ms=16.6
[INFO] [1786676111.079396]: 开始进行多边形确认 · detections=2
[INFO] [1786676111.091764]: 开始进行多边形确认 · centers=1 · rejected=0 · merged=0 · elapsed_ms=12.4
[INFO] [1786676111.192824]: 开始进行多边形确认 · detections=2
[INFO] [1786676111.203464]: CITRUS_CENTER ok pixel=(469,233) depth=0.595 m radius=26.1 mm arc=282 deg error=0.55 px fragments=1
[INFO] [1786676111.204350]: 开始进行多边形确认 · centers=1 · rejected=0 · merged=0 · elapsed_ms=11.6
[INFO] [1786676111.324557]: 开始进行多边形确认 · detections=3
[INFO] [1786676111.336527]: 开始进行多边形确认 · centers=1 · rejected=0 · merged=0 · elapsed_ms=12.0
[INFO] [1786676111.455671]: 开始进行多边形确认 · detections=3
[INFO] [1786676111.470067]: 开始进行多边形确认 · centers=2 · rejected=0 · merged=0 · elapsed_ms=14.5
[INFO] [1786676111.618772]: 开始进行多边形确认 · detections=2
[INFO] [1786676111.641557]: 开始进行多边形确认 · centers=1 · rejected=0 · merged=0 · elapsed_ms=22.8
[INFO] [1786676111.695990]: 开始进行多边形确认 · detections=4
[INFO] [1786676111.712644]: 开始进行多边形确认 · centers=2 · rejected=0 · merged=0 · elapsed_ms=16.7
[INFO] [1786676111.831876]: 开始进行多边形确认 · detections=4
[INFO] [1786676111.863002]: 开始进行多边形确认 · centers=2 · rejected=0 · merged=0 · elapsed_ms=31.1
[INFO] [1786676111.965645]: 开始进行多边形确认 · detections=3
[INFO] [1786676111.998450]: 开始进行多边形确认 · centers=2 · rejected=0 · merged=0 · elapsed_ms=32.9
[INFO] [1786676112.090340]: 开始进行多边形确认 · detections=3
[INFO] [1786676112.124445]: 开始进行多边形确认 · centers=1 · rejected=1 · merged=0 · elapsed_ms=34.2
[INFO] [1786676112.213978]: 开始进行多边形确认 · detections=3
[INFO] [1786676112.248103]: 开始进行多边形确认 · centers=2 · rejected=0 · merged=0 · elapsed_ms=34.2
[INFO] [1786676112.341713]: 开始进行多边形确认 · detections=2
[INFO] [1786676112.367338]: 开始进行多边形确认 · centers=1 · rejected=0 · merged=0 · elapsed_ms=25.6
[INFO] [1786676112.468357]: 开始进行多边形确认 · detections=4
[INFO] [1786676112.499046]: 开始进行多边形确认 · centers=2 · rejected=0 · merged=0 · elapsed_ms=30.7
[INFO] [1786676112.594348]: 开始进行多边形确认 · detections=2
[INFO] [1786676112.629411]: 开始进行多边形确认 · centers=1 · rejected=0 · merged=0 · elapsed_ms=35.1
[INFO] [1786676112.709757]: 开始进行多边形确认 · detections=2
[INFO] [1786676112.721827]: 开始进行多边形确认 · centers=1 · rejected=0 · merged=0 · elapsed_ms=12.1
[INFO] [1786676112.820475]: 开始进行多边形确认 · detections=3
[INFO] [1786676112.837794]: 开始进行多边形确认 · centers=1 · rejected=1 · merged=0 · elapsed_ms=17.3
[INFO] [1786676112.945171]: 开始进行多边形确认 · detections=4
[INFO] [1786676112.963105]: 开始进行多边形确认 · centers=1 · rejected=1 · merged=0 · elapsed_ms=17.9
[INFO] [1786676113.082145]: 开始进行多边形确认 · detections=2
[INFO] [1786676113.109058]: 开始进行多边形确认 · centers=1 · rejected=0 · merged=0 · elapsed_ms=26.9
[INFO] [1786676113.201966]: 开始进行多边形确认 · detections=3
[INFO] [1786676113.225396]: CITRUS_CENTER ok pixel=(469,233) depth=0.597 m radius=26.2 mm arc=282 deg error=0.56 px fragments=1
[INFO] [1786676113.226546]: 开始进行多边形确认 · centers=1 · rejected=0 · merged=0 · elapsed_ms=24.6
[INFO] [1786676113.327094]: 开始进行多边形确认 · detections=2
[INFO] [1786676113.338902]: 开始进行多边形确认 · centers=1 · rejected=0 · merged=0 · elapsed_ms=11.8
[INFO] [1786676113.461829]: 开始进行多边形确认 · detections=3
[INFO] [1786676113.477557]: 开始进行多边形确认 · centers=2 · rejected=0 · merged=0 · elapsed_ms=15.8
[INFO] [1786676113.575053]: 开始进行多边形确认 · detections=2
[INFO] [1786676113.586134]: 开始进行多边形确认 · centers=1 · rejected=0 · merged=0 · elapsed_ms=11.1
[INFO] [1786676113.773908]: 开始进行多边形确认 · detections=2
[INFO] [1786676113.799797]: 开始进行多边形确认 · centers=1 · rejected=0 · merged=0 · elapsed_ms=25.9
[INFO] [1786676113.862294]: 开始进行多边形确认 · detections=2
[INFO] [1786676113.886670]: 开始进行多边形确认 · centers=1 · rejected=0 · merged=0 · elapsed_ms=24.5
[INFO] [1786676113.989120]: 开始进行多边形确认 · detections=4
[INFO] [1786676114.019349]: 开始进行多边形确认 · centers=1 · rejected=1 · merged=0 · elapsed_ms=30.3
[INFO] [1786676114.111316]: 开始进行多边形确认 · detections=2
[INFO] [1786676114.134867]: 开始进行多边形确认 · centers=1 · rejected=0 · merged=0 · elapsed_ms=23.6
[INFO] [1786676114.230433]: 开始进行多边形确认 · detections=2
[INFO] [1786676114.257930]: 开始进行多边形确认 · centers=1 · rejected=0 · merged=0 · elapsed_ms=27.5
[INFO] [1786676114.362252]: 开始进行多边形确认 · detections=4
[INFO] [1786676114.386120]: 开始进行多边形确认 · centers=1 · rejected=1 · merged=0 · elapsed_ms=24.0
[INFO] [1786676114.478402]: 开始进行多边形确认 · detections=3
[INFO] [1786676114.495478]: 开始进行多边形确认 · centers=1 · rejected=1 · merged=0 · elapsed_ms=17.1
[INFO] [1786676114.593801]: 开始进行多边形确认 · detections=4
[INFO] [1786676114.610589]: 开始进行多边形确认 · centers=1 · rejected=1 · merged=0 · elapsed_ms=16.8
[INFO] [1786676114.734623]: 开始进行多边形确认 · detections=3
[INFO] [1786676114.754698]: 开始进行多边形确认 · centers=1 · rejected=0 · merged=0 · elapsed_ms=20.1
[INFO] [1786676114.878844]: 开始进行多边形确认 · detections=3
[INFO] [1786676114.910725]: 开始进行多边形确认 · centers=1 · rejected=1 · merged=0 · elapsed_ms=31.9
[INFO] [1786676114.983990]: 开始进行多边形确认 · detections=2
[INFO] [1786676115.006268]: 开始进行多边形确认 · centers=1 · rejected=0 · merged=0 · elapsed_ms=22.4
[INFO] [1786676115.108117]: 开始进行多边形确认 · detections=3
[INFO] [1786676115.139280]: 开始进行多边形确认 · centers=2 · rejected=0 · merged=0 · elapsed_ms=31.2
[INFO] [1786676115.241438]: 开始进行多边形确认 · detections=3
[INFO] [1786676115.272059]: CITRUS_CENTER ok pixel=(469,233) depth=0.597 m radius=26.0 mm arc=287 deg error=0.50 px fragments=1
[INFO] [1786676115.273027]: 开始进行多边形确认 · centers=2 · rejected=0 · merged=0 · elapsed_ms=31.7
[INFO] [1786676115.346306]: 开始进行多边形确认 · detections=2
[INFO] [1786676115.360789]: 开始进行多边形确认 · centers=1 · rejected=0 · merged=0 · elapsed_ms=14.5
[INFO] [1786676115.482540]: 开始进行多边形确认 · detections=4
[INFO] [1786676115.500489]: 开始进行多边形确认 · centers=1 · rejected=1 · merged=0 · elapsed_ms=18.0
[INFO] [1786676115.596295]: 开始进行多边形确认 · detections=4
[INFO] [1786676115.612848]: 开始进行多边形确认 · centers=1 · rejected=1 · merged=0 · elapsed_ms=16.6
[INFO] [1786676115.731583]: 开始进行多边形确认 · detections=3
[INFO] [1786676115.744976]: 开始进行多边形确认 · centers=1 · rejected=0 · merged=0 · elapsed_ms=13.4
[INFO] [1786676115.746248]: RGB-D vision status: model_ready:onnxruntime targets:1 centers:1 tf:1 rejected:0 merged:0 semantic_masks:3
[INFO] [1786676115.862032]: 开始进行多边形确认 · detections=2
[INFO] [1786676115.887800]: 开始进行多边形确认 · centers=1 · rejected=0 · merged=0 · elapsed_ms=25.8
[INFO] [1786676116.007934]: 开始进行多边形确认 · detections=4
[INFO] [1786676116.041760]: 开始进行多边形确认 · centers=2 · rejected=0 · merged=0 · elapsed_ms=33.8
[INFO] [1786676116.117383]: 开始进行多边形确认 · detections=3
[INFO] [1786676116.141208]: 开始进行多边形确认 · centers=1 · rejected=0 · merged=0 · elapsed_ms=23.9
[INFO] [1786676116.238106]: 开始进行多边形确认 · detections=4
[INFO] [1786676116.254743]: 开始进行多边形确认 · centers=2 · rejected=0 · merged=0 · elapsed_ms=16.7
[INFO] [1786676116.363826]: 开始进行多边形确认 · detections=4
[INFO] [1786676116.382412]: 开始进行多边形确认 · centers=2 · rejected=0 · merged=0 · elapsed_ms=18.6
[INFO] [1786676116.508154]: 开始进行多边形确认 · detections=2
[INFO] [1786676116.530740]: 开始进行多边形确认 · centers=1 · rejected=0 · merged=0 · elapsed_ms=22.6
[INFO] [1786676116.629873]: 开始进行多边形确认 · detections=3
[INFO] [1786676116.654722]: 开始进行多边形确认 · centers=1 · rejected=0 · merged=0 · elapsed_ms=24.9
[INFO] [1786676116.751060]: 开始进行多边形确认 · detections=4
[INFO] [1786676116.767097]: 开始进行多边形确认 · centers=1 · rejected=1 · merged=0 · elapsed_ms=16.1
[INFO] [1786676116.864038]: 开始进行多边形确认 · detections=2
[INFO] [1786676116.885496]: 开始进行多边形确认 · centers=1 · rejected=0 · merged=0 · elapsed_ms=21.5
[INFO] [1786676116.997325]: 开始进行多边形确认 · detections=3
[INFO] [1786676117.018864]: 开始进行多边形确认 · centers=2 · rejected=0 · merged=0 · elapsed_ms=21.6
[INFO] [1786676117.116255]: 开始进行多边形确认 · detections=2
[INFO] [1786676117.132590]: 开始进行多边形确认 · centers=1 · rejected=0 · merged=0 · elapsed_ms=16.4
[INFO] [1786676117.245473]: 开始进行多边形确认 · detections=3
[INFO] [1786676117.276956]: CITRUS_CENTER ok pixel=(469,233) depth=0.593 m radius=25.8 mm arc=287 deg error=0.48 px fragments=1
[INFO] [1786676117.278232]: 开始进行多边形确认 · centers=1 · rejected=1 · merged=0 · elapsed_ms=32.8
[INFO] [1786676117.367165]: 开始进行多边形确认 · detections=3
[INFO] [1786676117.392478]: 开始进行多边形确认 · centers=1 · rejected=0 · merged=0 · elapsed_ms=25.4
[INFO] [1786676117.500131]: 开始进行多边形确认 · detections=2
[INFO] [1786676117.524755]: 开始进行多边形确认 · centers=1 · rejected=0 · merged=0 · elapsed_ms=24.7
[INFO] [1786676117.621979]: 开始进行多边形确认 · detections=3
[INFO] [1786676117.649111]: 开始进行多边形确认 · centers=1 · rejected=0 · merged=0 · elapsed_ms=27.2
[INFO] [1786676117.746092]: 开始进行多边形确认 · detections=2
[INFO] [1786676117.772005]: 开始进行多边形确认 · centers=1 · rejected=0 · merged=0 · elapsed_ms=26.0
[INFO] [1786676117.878488]: 开始进行多边形确认 · detections=4
[INFO] [1786676117.911724]: 开始进行多边形确认 · centers=2 · rejected=0 · merged=0 · elapsed_ms=33.3
[INFO] [1786676118.036032]: 开始进行多边形确认 · detections=4
[INFO] [1786676118.055011]: 开始进行多边形确认 · centers=2 · rejected=0 · merged=0 · elapsed_ms=19.0
[INFO] [1786676118.108546]: 开始进行多边形确认 · detections=4
[INFO] [1786676118.143097]: 开始进行多边形确认 · centers=1 · rejected=1 · merged=0 · elapsed_ms=34.6
[INFO] [1786676118.251410]: 开始进行多边形确认 · detections=4
[INFO] [1786676118.283472]: 开始进行多边形确认 · centers=2 · rejected=0 · merged=0 · elapsed_ms=32.1
[INFO] [1786676118.375113]: 开始进行多边形确认 · detections=3
[INFO] [1786676118.408680]: 开始进行多边形确认 · centers=1 · rejected=1 · merged=0 · elapsed_ms=33.7
[INFO] [1786676118.495748]: 开始进行多边形确认 · detections=2
[INFO] [1786676118.508417]: 开始进行多边形确认 · centers=1 · rejected=0 · merged=0 · elapsed_ms=12.7
[INFO] [1786676118.622682]: 开始进行多边形确认 · detections=2
[INFO] [1786676118.636111]: 开始进行多边形确认 · centers=1 · rejected=0 · merged=0 · elapsed_ms=13.5
[INFO] [1786676118.768352]: 开始进行多边形确认 · detections=2
[INFO] [1786676118.793756]: 开始进行多边形确认 · centers=1 · rejected=0 · merged=0 · elapsed_ms=25.4
[INFO] [1786676118.892264]: 开始进行多边形确认 · detections=2
[INFO] [1786676118.918172]: 开始进行多边形确认 · centers=1 · rejected=0 · merged=0 · elapsed_ms=25.9
[INFO] [1786676119.022822]: 开始进行多边形确认 · detections=2
[INFO] [1786676119.055649]: 开始进行多边形确认 · centers=1 · rejected=0 · merged=0 · elapsed_ms=32.9
[INFO] [1786676119.144101]: 开始进行多边形确认 · detections=3
[INFO] [1786676119.180488]: 开始进行多边形确认 · centers=1 · rejected=1 · merged=0 · elapsed_ms=36.5
[INFO] [1786676119.247506]: 开始进行多边形确认 · detections=2
[INFO] [1786676119.267912]: 开始进行多边形确认 · centers=1 · rejected=0 · merged=0 · elapsed_ms=20.4
[INFO] [1786676119.390805]: 开始进行多边形确认 · detections=2
[INFO] [1786676119.414638]: CITRUS_CENTER ok pixel=(469,233) depth=0.596 m radius=26.5 mm arc=282 deg error=0.63 px fragments=1
[INFO] [1786676119.415703]: 开始进行多边形确认 · centers=1 · rejected=0 · merged=0 · elapsed_ms=25.0
[INFO] [1786676119.515099]: 开始进行多边形确认 · detections=2
[INFO] [1786676119.538577]: 开始进行多边形确认 · centers=1 · rejected=0 · merged=0 · elapsed_ms=23.5
[INFO] [1786676119.643075]: 开始进行多边形确认 · detections=2
[INFO] [1786676119.654642]: 开始进行多边形确认 · centers=1 · rejected=0 · merged=0 · elapsed_ms=11.6
[INFO] [1786676119.748637]: 开始进行多边形确认 · detections=2
[INFO] [1786676119.759820]: 开始进行多边形确认 · centers=1 · rejected=0 · merged=0 · elapsed_ms=11.2
[INFO] [1786676119.878497]: 开始进行多边形确认 · detections=2
[INFO] [1786676119.889679]: 开始进行多边形确认 · centers=1 · rejected=0 · merged=0 · elapsed_ms=11.2
[INFO] [1786676120.002746]: 开始进行多边形确认 · detections=2
[INFO] [1786676120.022532]: 开始进行多边形确认 · centers=1 · rejected=0 · merged=0 · elapsed_ms=19.8
[INFO] [1786676120.146624]: 开始进行多边形确认 · detections=3
[INFO] [1786676120.180198]: 开始进行多边形确认 · centers=2 · rejected=0 · merged=0 · elapsed_ms=33.6
[INFO] [1786676120.264068]: 开始进行多边形确认 · detections=3
[INFO] [1786676120.299365]: 开始进行多边形确认 · centers=2 · rejected=0 · merged=0 · elapsed_ms=35.3
[INFO] [1786676120.391893]: 开始进行多边形确认 · detections=3
[INFO] [1786676120.421901]: 开始进行多边形确认 · centers=2 · rejected=0 · merged=0 · elapsed_ms=30.1
[INFO] [1786676120.498066]: 开始进行多边形确认 · detections=3
[INFO] [1786676120.516349]: 开始进行多边形确认 · centers=1 · rejected=1 · merged=0 · elapsed_ms=18.3
[INFO] [1786676120.622095]: 开始进行多边形确认 · detections=3
[INFO] [1786676120.643510]: 开始进行多边形确认 · centers=2 · rejected=0 · merged=0 · elapsed_ms=21.4
[INFO] [1786676120.746679]: 开始进行多边形确认 · detections=3
[INFO] [1786676120.764069]: 开始进行多边形确认 · centers=2 · rejected=0 · merged=0 · elapsed_ms=17.4
[INFO] [1786676120.880344]: 开始进行多边形确认 · detections=3
[INFO] [1786676120.896445]: 开始进行多边形确认 · centers=1 · rejected=1 · merged=0 · elapsed_ms=16.2
[INFO] [1786676120.897316]: RGB-D vision status: model_ready:onnxruntime targets:2 centers:1 tf:1 rejected:1 merged:0 semantic_masks:3
[INFO] [1786676120.994352]: 开始进行多边形确认 · detections=3
[INFO] [1786676121.008440]: 开始进行多边形确认 · centers=2 · rejected=0 · merged=0 · elapsed_ms=14.1
[INFO] [1786676121.173263]: 开始进行多边形确认 · detections=3
[INFO] [1786676121.208266]: 开始进行多边形确认 · centers=2 · rejected=0 · merged=0 · elapsed_ms=35.0
[INFO] [1786676121.272638]: 开始进行多边形确认 · detections=2
[INFO] [1786676121.295659]: 开始进行多边形确认 · centers=1 · rejected=0 · merged=0 · elapsed_ms=23.1
[INFO] [1786676121.402565]: 开始进行多边形确认 · detections=3
[INFO] [1786676121.433112]: CITRUS_CENTER ok pixel=(469,233) depth=0.594 m radius=26.0 mm arc=287 deg error=0.56 px fragments=1
[INFO] [1786676121.434309]: 开始进行多边形确认 · centers=2 · rejected=0 · merged=0 · elapsed_ms=31.8
[INFO] [1786676121.518124]: 开始进行多边形确认 · detections=2
[INFO] [1786676121.530349]: 开始进行多边形确认 · centers=1 · rejected=0 · merged=0 · elapsed_ms=12.3
[INFO] [1786676121.635947]: 开始进行多边形确认 · detections=3
[INFO] [1786676121.656183]: 开始进行多边形确认 · centers=2 · rejected=0 · merged=0 · elapsed_ms=20.3
[INFO] [1786676121.769815]: 开始进行多边形确认 · detections=3
[INFO] [1786676121.783272]: 开始进行多边形确认 · centers=1 · rejected=0 · merged=0 · elapsed_ms=13.5
[INFO] [1786676121.893814]: 开始进行多边形确认 · detections=3
[INFO] [1786676121.909995]: 开始进行多边形确认 · centers=2 · rejected=0 · merged=0 · elapsed_ms=16.2
[INFO] [1786676122.013677]: 开始进行多边形确认 · detections=2
[INFO] [1786676122.025245]: 开始进行多边形确认 · centers=1 · rejected=0 · merged=0 · elapsed_ms=11.6
[INFO] [1786676122.157464]: 开始进行多边形确认 · detections=3
[INFO] [1786676122.191613]: 开始进行多边形确认 · centers=1 · rejected=1 · merged=0 · elapsed_ms=34.2
[INFO] [1786676122.294854]: 开始进行多边形确认 · detections=2
[INFO] [1786676122.320808]: 开始进行多边形确认 · centers=1 · rejected=0 · merged=0 · elapsed_ms=26.0
[INFO] [1786676122.411079]: 开始进行多边形确认 · detections=2
[INFO] [1786676122.434072]: 开始进行多边形确认 · centers=1 · rejected=0 · merged=0 · elapsed_ms=23.0
[INFO] [1786676122.532297]: 开始进行多边形确认 · detections=2
[INFO] [1786676122.556930]: 开始进行多边形确认 · centers=1 · rejected=0 · merged=0 · elapsed_ms=24.7
[INFO] [1786676122.659640]: 开始进行多边形确认 · detections=2
[INFO] [1786676122.682599]: 开始进行多边形确认 · centers=1 · rejected=0 · merged=0 · elapsed_ms=23.0
[INFO] [1786676122.786536]: 开始进行多边形确认 · detections=2
[INFO] [1786676122.809096]: 开始进行多边形确认 · centers=1 · rejected=0 · merged=0 · elapsed_ms=22.6
[INFO] [1786676122.911971]: 开始进行多边形确认 · detections=2
[INFO] [1786676122.934790]: 开始进行多边形确认 · centers=1 · rejected=0 · merged=0 · elapsed_ms=22.8
[INFO] [1786676123.030442]: 开始进行多边形确认 · detections=2
[INFO] [1786676123.044935]: 开始进行多边形确认 · centers=1 · rejected=0 · merged=0 · elapsed_ms=14.5
[INFO] [1786676123.140743]: 开始进行多边形确认 · detections=3
[INFO] [1786676123.153405]: 开始进行多边形确认 · centers=1 · rejected=0 · merged=0 · elapsed_ms=12.7
[INFO] [1786676123.278282]: 开始进行多边形确认 · detections=3
[INFO] [1786676123.304502]: 开始进行多边形确认 · centers=1 · rejected=1 · merged=0 · elapsed_ms=26.3
[INFO] [1786676123.407407]: 开始进行多边形确认 · detections=2
[INFO] [1786676123.422005]: 开始进行多边形确认 · centers=1 · rejected=0 · merged=0 · elapsed_ms=14.6
[INFO] [1786676123.505409]: 开始进行多边形确认 · detections=3
[INFO] [1786676123.522454]: CITRUS_CENTER ok pixel=(469,233) depth=0.596 m radius=26.2 mm arc=282 deg error=0.56 px fragments=1
[INFO] [1786676123.523366]: 开始进行多边形确认 · centers=1 · rejected=1 · merged=0 · elapsed_ms=18.0
[INFO] [1786676123.639063]: 开始进行多边形确认 · detections=3
[INFO] [1786676123.657717]: 开始进行多边形确认 · centers=2 · rejected=0 · merged=0 · elapsed_ms=18.7
[INFO] [1786676123.761798]: 开始进行多边形确认 · detections=3
[INFO] [1786676123.778742]: 开始进行多边形确认 · centers=1 · rejected=1 · merged=0 · elapsed_ms=17.0
[INFO] [1786676123.891420]: 开始进行多边形确认 · detections=4
[INFO] [1786676123.909006]: 开始进行多边形确认 · centers=1 · rejected=1 · merged=0 · elapsed_ms=17.6
[INFO] [1786676124.009949]: 开始进行多边形确认 · detections=3
[INFO] [1786676124.024884]: 开始进行多边形确认 · centers=1 · rejected=1 · merged=0 · elapsed_ms=15.0
[INFO] [1786676124.145317]: 开始进行多边形确认 · detections=3
[INFO] [1786676124.161166]: 开始进行多边形确认 · centers=1 · rejected=1 · merged=0 · elapsed_ms=15.9
[INFO] [1786676124.273696]: 开始进行多边形确认 · detections=3
[INFO] [1786676124.306657]: 开始进行多边形确认 · centers=1 · rejected=1 · merged=0 · elapsed_ms=33.0
[INFO] [1786676124.409911]: 开始进行多边形确认 · detections=3
[INFO] [1786676124.428065]: 开始进行多边形确认 · centers=1 · rejected=1 · merged=0 · elapsed_ms=18.2
[INFO] [1786676124.515025]: 开始进行多边形确认 · detections=2
[INFO] [1786676124.528081]: 开始进行多边形确认 · centers=1 · rejected=0 · merged=0 · elapsed_ms=13.1
[INFO] [1786676124.646453]: 开始进行多边形确认 · detections=4
[INFO] [1786676124.668564]: 开始进行多边形确认 · centers=1 · rejected=1 · merged=0 · elapsed_ms=22.2
[INFO] [1786676124.772717]: 开始进行多边形确认 · detections=3
[INFO] [1786676124.786269]: 开始进行多边形确认 · centers=1 · rejected=0 · merged=0 · elapsed_ms=13.6
[INFO] [1786676124.896552]: 开始进行多边形确认 · detections=2
[INFO] [1786676124.909572]: 开始进行多边形确认 · centers=1 · rejected=0 · merged=0 · elapsed_ms=13.1
[INFO] [1786676125.019215]: 开始进行多边形确认 · detections=3
[INFO] [1786676125.035954]: 开始进行多边形确认 · centers=1 · rejected=1 · merged=0 · elapsed_ms=16.8
[INFO] [1786676125.156432]: 开始进行多边形确认 · detections=2
[INFO] [1786676125.172196]: 开始进行多边形确认 · centers=1 · rejected=0 · merged=0 · elapsed_ms=15.8
[INFO] [1786676125.272470]: 开始进行多边形确认 · detections=3
[INFO] [1786676125.311184]: 开始进行多边形确认 · centers=2 · rejected=0 · merged=0 · elapsed_ms=38.7
[INFO] [1786676125.427840]: 开始进行多边形确认 · detections=3
[INFO] [1786676125.451931]: 开始进行多边形确认 · centers=1 · rejected=0 · merged=0 · elapsed_ms=24.1
[INFO] [1786676125.512215]: 开始进行多边形确认 · detections=3
[INFO] [1786676125.539598]: CITRUS_CENTER ok pixel=(469,233) depth=0.595 m radius=26.1 mm arc=282 deg error=0.56 px fragments=1
[INFO] [1786676125.540773]: 开始进行多边形确认 · centers=1 · rejected=0 · merged=0 · elapsed_ms=28.6
[INFO] [1786676125.645127]: 开始进行多边形确认 · detections=3
[INFO] [1786676125.664762]: 开始进行多边形确认 · centers=1 · rejected=1 · merged=0 · elapsed_ms=19.6
[INFO] [1786676125.769613]: 开始进行多边形确认 · detections=3
[INFO] [1786676125.788644]: 开始进行多边形确认 · centers=1 · rejected=1 · merged=0 · elapsed_ms=19.1
[INFO] [1786676125.892544]: 开始进行多边形确认 · detections=4
[INFO] [1786676125.911756]: 开始进行多边形确认 · centers=1 · rejected=1 · merged=0 · elapsed_ms=19.3
[INFO] [1786676125.913963]: RGB-D vision status: model_ready:onnxruntime targets:2 centers:1 tf:1 rejected:1 merged:0 semantic_masks:4
[INFO] [1786676126.014844]: 开始进行多边形确认 · detections=2
[INFO] [1786676126.027812]: 开始进行多边形确认 · centers=1 · rejected=0 · merged=0 · elapsed_ms=13.0
[INFO] [1786676126.155689]: 开始进行多边形确认 · detections=3
[INFO] [1786676126.178480]: 开始进行多边形确认 · centers=1 · rejected=1 · merged=0 · elapsed_ms=22.8
[INFO] [1786676126.268448]: 开始进行多边形确认 · detections=2
[INFO] [1786676126.280903]: 开始进行多边形确认 · centers=1 · rejected=0 · merged=0 · elapsed_ms=12.5
[INFO] [1786676126.391294]: 开始进行多边形确认 · detections=2
[INFO] [1786676126.429801]: 开始进行多边形确认 · centers=1 · rejected=0 · merged=0 · elapsed_ms=38.5
[INFO] [1786676126.545064]: 开始进行多边形确认 · detections=2
[INFO] [1786676126.563563]: 开始进行多边形确认 · centers=1 · rejected=0 · merged=0 · elapsed_ms=18.5
[INFO] [1786676126.651320]: 开始进行多边形确认 · detections=2
[INFO] [1786676126.664407]: 开始进行多边形确认 · centers=1 · rejected=0 · merged=0 · elapsed_ms=13.2
[INFO] [1786676126.776072]: 开始进行多边形确认 · detections=2
[INFO] [1786676126.791033]: 开始进行多边形确认 · centers=1 · rejected=0 · merged=0 · elapsed_ms=15.0
[INFO] [1786676126.902876]: 开始进行多边形确认 · detections=2
[INFO] [1786676126.918418]: 开始进行多边形确认 · centers=1 · rejected=0 · merged=0 · elapsed_ms=15.6
[INFO] [1786676127.027085]: 开始进行多边形确认 · detections=2
[INFO] [1786676127.039730]: 开始进行多边形确认 · centers=1 · rejected=0 · merged=0 · elapsed_ms=12.7
[INFO] [1786676127.163651]: 开始进行多边形确认 · detections=2
[INFO] [1786676127.176965]: 开始进行多边形确认 · centers=1 · rejected=0 · merged=0 · elapsed_ms=13.3
[INFO] [1786676127.279160]: 开始进行多边形确认 · detections=2
[INFO] [1786676127.291623]: 开始进行多边形确认 · centers=1 · rejected=0 · merged=0 · elapsed_ms=12.5
[INFO] [1786676127.416902]: 开始进行多边形确认 · detections=2
[INFO] [1786676127.429172]: 开始进行多边形确认 · centers=1 · rejected=0 · merged=0 · elapsed_ms=12.3
[INFO] [1786676127.532765]: 开始进行多边形确认 · detections=3
[INFO] [1786676127.555397]: CITRUS_CENTER ok pixel=(469,233) depth=0.597 m radius=26.2 mm arc=283 deg error=0.55 px fragments=1
[INFO] [1786676127.556590]: 开始进行多边形确认 · centers=1 · rejected=0 · merged=0 · elapsed_ms=23.9
[INFO] [1786676127.678758]: 开始进行多边形确认 · detections=2
[INFO] [1786676127.703364]: 开始进行多边形确认 · centers=1 · rejected=0 · merged=0 · elapsed_ms=24.7
[INFO] [1786676127.793686]: 开始进行多边形确认 · detections=3
[INFO] [1786676127.818501]: 开始进行多边形确认 · centers=1 · rejected=0 · merged=0 · elapsed_ms=24.8
[INFO] [1786676127.926348]: 开始进行多边形确认 · detections=4
[INFO] [1786676127.959734]: 开始进行多边形确认 · centers=1 · rejected=1 · merged=0 · elapsed_ms=33.5
[INFO] [1786676128.055199]: 开始进行多边形确认 · detections=2
[INFO] [1786676128.078263]: 开始进行多边形确认 · centers=1 · rejected=0 · merged=0 · elapsed_ms=23.1
[INFO] [1786676128.178677]: 开始进行多边形确认 · detections=2
[INFO] [1786676128.203858]: 开始进行多边形确认 · centers=1 · rejected=0 · merged=0 · elapsed_ms=25.2
[INFO] [1786676128.301676]: 开始进行多边形确认 · detections=3
[INFO] [1786676128.312812]: 开始进行多边形确认 · centers=1 · rejected=0 · merged=0 · elapsed_ms=11.1
[INFO] [1786676128.428759]: 开始进行多边形确认 · detections=2
[INFO] [1786676128.456009]: 开始进行多边形确认 · centers=1 · rejected=0 · merged=0 · elapsed_ms=27.3
[INFO] [1786676128.557207]: 开始进行多边形确认 · detections=2
[INFO] [1786676128.593637]: 开始进行多边形确认 · centers=1 · rejected=0 · merged=0 · elapsed_ms=36.5
[INFO] [1786676128.677640]: 开始进行多边形确认 · detections=2
[INFO] [1786676128.689277]: 开始进行多边形确认 · centers=1 · rejected=0 · merged=0 · elapsed_ms=11.7
[INFO] [1786676128.775656]: 开始进行多边形确认 · detections=2
[INFO] [1786676128.796501]: 开始进行多边形确认 · centers=1 · rejected=0 · merged=0 · elapsed_ms=20.8
[INFO] [1786676128.926202]: 开始进行多边形确认 · detections=2
[INFO] [1786676128.950502]: 开始进行多边形确认 · centers=1 · rejected=0 · merged=0 · elapsed_ms=24.3
[INFO] [1786676129.039126]: 开始进行多边形确认 · detections=3
[INFO] [1786676129.061521]: 开始进行多边形确认 · centers=2 · rejected=0 · merged=0 · elapsed_ms=22.5
[INFO] [1786676129.148855]: 开始进行多边形确认 · detections=4
[INFO] [1786676129.168377]: 开始进行多边形确认 · centers=2 · rejected=0 · merged=0 · elapsed_ms=19.6
[INFO] [1786676129.277508]: 开始进行多边形确认 · detections=4
[INFO] [1786676129.294184]: 开始进行多边形确认 · centers=1 · rejected=1 · merged=0 · elapsed_ms=16.7
[INFO] [1786676129.398636]: 开始进行多边形确认 · detections=4
[INFO] [1786676129.416149]: 开始进行多边形确认 · centers=2 · rejected=0 · merged=0 · elapsed_ms=17.5
[INFO] [1786676129.529927]: 开始进行多边形确认 · detections=4
[INFO] [1786676129.546834]: 开始进行多边形确认 · centers=1 · rejected=1 · merged=0 · elapsed_ms=16.9
[INFO] [1786676129.650728]: 开始进行多边形确认 · detections=3
[INFO] [1786676129.693779]: CITRUS_CENTER ok pixel=(470,233) depth=0.596 m radius=26.8 mm arc=280 deg error=0.77 px fragments=1
[INFO] [1786676129.695190]: 开始进行多边形确认 · centers=1 · rejected=1 · merged=0 · elapsed_ms=44.5
[INFO] [1786676129.810127]: 开始进行多边形确认 · detections=3
[INFO] [1786676129.833693]: 开始进行多边形确认 · centers=1 · rejected=0 · merged=0 · elapsed_ms=23.6
[INFO] [1786676129.918190]: 开始进行多边形确认 · detections=3
[INFO] [1786676129.943969]: 开始进行多边形确认 · centers=1 · rejected=0 · merged=0 · elapsed_ms=25.9
[INFO] [1786676130.041673]: 开始进行多边形确认 · detections=2
[INFO] [1786676130.059788]: 开始进行多边形确认 · centers=1 · rejected=0 · merged=0 · elapsed_ms=18.2
[INFO] [1786676130.152962]: 开始进行多边形确认 · detections=3
[INFO] [1786676130.167181]: 开始进行多边形确认 · centers=1 · rejected=0 · merged=0 · elapsed_ms=14.3
[INFO] [1786676130.276063]: 开始进行多边形确认 · detections=4
[INFO] [1786676130.294609]: 开始进行多边形确认 · centers=1 · rejected=1 · merged=0 · elapsed_ms=18.6
[INFO] [1786676130.403743]: 开始进行多边形确认 · detections=4
[INFO] [1786676130.421300]: 开始进行多边形确认 · centers=1 · rejected=1 · merged=0 · elapsed_ms=17.6
[INFO] [1786676130.525543]: 开始进行多边形确认 · detections=2
[INFO] [1786676130.537444]: 开始进行多边形确认 · centers=1 · rejected=0 · merged=0 · elapsed_ms=11.9
[INFO] [1786676130.667210]: 开始进行多边形确认 · detections=4
[INFO] [1786676130.685556]: 开始进行多边形确认 · centers=2 · rejected=0 · merged=0 · elapsed_ms=18.4
[INFO] [1786676130.813226]: 开始进行多边形确认 · detections=3
[INFO] [1786676130.845155]: 开始进行多边形确认 · centers=1 · rejected=0 · merged=0 · elapsed_ms=32.0
[INFO] [1786676130.921579]: 开始进行多边形确认 · detections=2
[INFO] [1786676130.946784]: 开始进行多边形确认 · centers=1 · rejected=0 · merged=0 · elapsed_ms=25.2
[INFO] [1786676130.948348]: RGB-D vision status: model_ready:onnxruntime targets:1 centers:1 tf:1 rejected:0 merged:0 semantic_masks:2
[INFO] [1786676131.040470]: 开始进行多边形确认 · detections=2
[INFO] [1786676131.069807]: 开始进行多边形确认 · centers=1 · rejected=0 · merged=0 · elapsed_ms=29.4
[INFO] [1786676131.168368]: 开始进行多边形确认 · detections=2
[INFO] [1786676131.195224]: 开始进行多边形确认 · centers=1 · rejected=0 · merged=0 · elapsed_ms=26.9
[INFO] [1786676131.289037]: 开始进行多边形确认 · detections=3
[INFO] [1786676131.322658]: 开始进行多边形确认 · centers=1 · rejected=1 · merged=0 · elapsed_ms=33.7
[INFO] [1786676131.410603]: 开始进行多边形确认 · detections=3
[INFO] [1786676131.435557]: 开始进行多边形确认 · centers=1 · rejected=0 · merged=0 · elapsed_ms=25.0
[INFO] [1786676131.538570]: 开始进行多边形确认 · detections=4
[INFO] [1786676131.570565]: 开始进行多边形确认 · centers=1 · rejected=1 · merged=0 · elapsed_ms=32.0
[INFO] [1786676131.664494]: 开始进行多边形确认 · detections=3
[INFO] [1786676131.690117]: 开始进行多边形确认 · centers=1 · rejected=0 · merged=0 · elapsed_ms=25.7
[INFO] [1786676131.783219]: 开始进行多边形确认 · detections=3
[INFO] [1786676131.812429]: CITRUS_CENTER ok pixel=(469,233) depth=0.594 m radius=26.1 mm arc=283 deg error=0.55 px fragments=1
[INFO] [1786676131.813676]: 开始进行多边形确认 · centers=1 · rejected=0 · merged=0 · elapsed_ms=30.5
[INFO] [1786676131.944156]: 开始进行多边形确认 · detections=3
[INFO] [1786676131.969151]: 开始进行多边形确认 · centers=1 · rejected=0 · merged=0 · elapsed_ms=25.0
[INFO] [1786676132.042818]: 开始进行多边形确认 · detections=3
[INFO] [1786676132.071840]: 开始进行多边形确认 · centers=1 · rejected=0 · merged=0 · elapsed_ms=29.1
[INFO] [1786676132.174500]: 开始进行多边形确认 · detections=3
[INFO] [1786676132.200047]: 开始进行多边形确认 · centers=1 · rejected=0 · merged=0 · elapsed_ms=25.6
[INFO] [1786676132.291090]: 开始进行多边形确认 · detections=4
[INFO] [1786676132.324351]: 开始进行多边形确认 · centers=1 · rejected=1 · merged=0 · elapsed_ms=33.3
[INFO] [1786676132.402519]: 开始进行多边形确认 · detections=2
[INFO] [1786676132.416223]: 开始进行多边形确认 · centers=1 · rejected=0 · merged=0 · elapsed_ms=13.8
[INFO] [1786676132.527407]: 开始进行多边形确认 · detections=3
[INFO] [1786676132.544880]: 开始进行多边形确认 · centers=1 · rejected=1 · merged=0 · elapsed_ms=17.5
[INFO] [1786676132.669167]: 开始进行多边形确认 · detections=3
[INFO] [1786676132.692346]: 开始进行多边形确认 · centers=1 · rejected=0 · merged=0 · elapsed_ms=23.2
[INFO] [1786676132.794016]: 开始进行多边形确认 · detections=4
[INFO] [1786676132.824543]: 开始进行多边形确认 · centers=1 · rejected=1 · merged=0 · elapsed_ms=30.6
[INFO] [1786676132.920681]: 开始进行多边形确认 · detections=2
[INFO] [1786676132.949363]: 开始进行多边形确认 · centers=1 · rejected=0 · merged=0 · elapsed_ms=28.7
[INFO] [1786676133.064952]: 开始进行多边形确认 · detections=3
[INFO] [1786676133.089580]: 开始进行多边形确认 · centers=1 · rejected=0 · merged=0 · elapsed_ms=24.7
[INFO] [1786676133.174768]: 开始进行多边形确认 · detections=3
[INFO] [1786676133.209812]: 开始进行多边形确认 · centers=2 · rejected=0 · merged=0 · elapsed_ms=35.1
[INFO] [1786676133.297510]: 开始进行多边形确认 · detections=3
[INFO] [1786676133.330406]: 开始进行多边形确认 · centers=2 · rejected=0 · merged=0 · elapsed_ms=32.9
[INFO] [1786676133.420830]: 开始进行多边形确认 · detections=3
[INFO] [1786676133.445375]: 开始进行多边形确认 · centers=1 · rejected=0 · merged=0 · elapsed_ms=24.6
[INFO] [1786676133.550146]: 开始进行多边形确认 · detections=4
[INFO] [1786676133.583591]: 开始进行多边形确认 · centers=2 · rejected=0 · merged=0 · elapsed_ms=33.5
[INFO] [1786676133.676556]: 开始进行多边形确认 · detections=3
[INFO] [1786676133.707709]: 开始进行多边形确认 · centers=2 · rejected=0 · merged=0 · elapsed_ms=31.2
[INFO] [1786676133.800739]: 开始进行多边形确认 · detections=3
[INFO] [1786676133.823184]: CITRUS_CENTER ok pixel=(470,233) depth=0.596 m radius=26.9 mm arc=283 deg error=0.75 px fragments=1
[INFO] [1786676133.824251]: 开始进行多边形确认 · centers=1 · rejected=0 · merged=0 · elapsed_ms=23.6
[INFO] [1786676133.929409]: 开始进行多边形确认 · detections=4
[INFO] [1786676133.945576]: 开始进行多边形确认 · centers=1 · rejected=1 · merged=0 · elapsed_ms=16.3
[INFO] [1786676134.067974]: 开始进行多边形确认 · detections=3
[INFO] [1786676134.117334]: 开始进行多边形确认 · centers=2 · rejected=0 · merged=0 · elapsed_ms=49.4
[INFO] [1786676134.178388]: 开始进行多边形确认 · detections=3
[INFO] [1786676134.197255]: 开始进行多边形确认 · centers=1 · rejected=0 · merged=0 · elapsed_ms=18.9
[INFO] [1786676134.303117]: 开始进行多边形确认 · detections=3
[INFO] [1786676134.341310]: 开始进行多边形确认 · centers=1 · rejected=1 · merged=0 · elapsed_ms=38.2
[INFO] [1786676134.436221]: 开始进行多边形确认 · detections=3
[INFO] [1786676134.463598]: 开始进行多边形确认 · centers=1 · rejected=0 · merged=0 · elapsed_ms=27.4
[INFO] [1786676134.558379]: 开始进行多边形确认 · detections=2
[INFO] [1786676134.584141]: 开始进行多边形确认 · centers=1 · rejected=0 · merged=0 · elapsed_ms=25.8
[INFO] [1786676134.671943]: 开始进行多边形确认 · detections=2
[INFO] [1786676134.684941]: 开始进行多边形确认 · centers=1 · rejected=0 · merged=0 · elapsed_ms=13.1
[INFO] [1786676134.793143]: 开始进行多边形确认 · detections=2
[INFO] [1786676134.804817]: 开始进行多边形确认 · centers=1 · rejected=0 · merged=0 · elapsed_ms=11.7
[INFO] [1786676134.908736]: 开始进行多边形确认 · detections=3
[INFO] [1786676134.937320]: 开始进行多边形确认 · centers=1 · rejected=1 · merged=0 · elapsed_ms=28.6
[INFO] [1786676135.050924]: 开始进行多边形确认 · detections=4
[INFO] [1786676135.091486]: 开始进行多边形确认 · centers=2 · rejected=0 · merged=0 · elapsed_ms=40.6
[INFO] [1786676135.196440]: 开始进行多边形确认 · detections=3
[INFO] [1786676135.231047]: 开始进行多边形确认 · centers=2 · rejected=0 · merged=0 · elapsed_ms=34.7
[INFO] [1786676135.295323]: 开始进行多边形确认 · detections=3
[INFO] [1786676135.328282]: 开始进行多边形确认 · centers=2 · rejected=0 · merged=0 · elapsed_ms=33.0
[INFO] [1786676135.421946]: 开始进行多边形确认 · detections=2
[INFO] [1786676135.447943]: 开始进行多边形确认 · centers=1 · rejected=0 · merged=0 · elapsed_ms=26.0
[INFO] [1786676135.547306]: 开始进行多边形确认 · detections=3
[INFO] [1786676135.572540]: 开始进行多边形确认 · centers=1 · rejected=0 · merged=0 · elapsed_ms=25.3
[INFO] [1786676135.677458]: 开始进行多边形确认 · detections=2
[INFO] [1786676135.701867]: 开始进行多边形确认 · centers=1 · rejected=0 · merged=0 · elapsed_ms=24.5
[INFO] [1786676135.804002]: 开始进行多边形确认 · detections=4
[INFO] [1786676135.839050]: CITRUS_CENTER ok pixel=(469,233) depth=0.595 m radius=25.9 mm arc=287 deg error=0.51 px fragments=1
[INFO] [1786676135.840172]: 开始进行多边形确认 · centers=2 · rejected=0 · merged=0 · elapsed_ms=36.3
[INFO] [1786676135.928105]: 开始进行多边形确认 · detections=3
[INFO] [1786676135.953708]: 开始进行多边形确认 · centers=1 · rejected=0 · merged=0 · elapsed_ms=25.7
[INFO] [1786676135.955565]: RGB-D vision status: model_ready:onnxruntime targets:1 centers:1 tf:1 rejected:0 merged:0 semantic_masks:3
[INFO] [1786676136.049155]: 开始进行多边形确认 · detections=3
[INFO] [1786676136.064644]: 开始进行多边形确认 · centers=1 · rejected=0 · merged=0 · elapsed_ms=15.5
[INFO] [1786676136.185982]: 开始进行多边形确认 · detections=2
[INFO] [1786676136.213387]: 开始进行多边形确认 · centers=1 · rejected=0 · merged=0 · elapsed_ms=27.5
[INFO] [1786676136.308906]: 开始进行多边形确认 · detections=3
[INFO] [1786676136.336514]: 开始进行多边形确认 · centers=1 · rejected=0 · merged=0 · elapsed_ms=27.6
[INFO] [1786676136.435353]: 开始进行多边形确认 · detections=3
[INFO] [1786676136.462182]: 开始进行多边形确认 · centers=1 · rejected=0 · merged=0 · elapsed_ms=26.9
[INFO] [1786676136.565157]: 开始进行多边形确认 · detections=4
[INFO] [1786676136.601196]: 开始进行多边形确认 · centers=1 · rejected=1 · merged=0 · elapsed_ms=36.1
[INFO] [1786676136.683951]: 开始进行多边形确认 · detections=3
[INFO] [1786676136.706926]: 开始进行多边形确认 · centers=1 · rejected=0 · merged=0 · elapsed_ms=23.0
[INFO] [1786676136.801985]: 开始进行多边形确认 · detections=3
[INFO] [1786676136.812909]: 开始进行多边形确认 · centers=1 · rejected=0 · merged=0 · elapsed_ms=11.0
[INFO] [1786676136.919072]: 开始进行多边形确认 · detections=4
[INFO] [1786676136.945472]: 开始进行多边形确认 · centers=1 · rejected=0 · merged=0 · elapsed_ms=26.4
[INFO] [1786676137.065303]: 开始进行多边形确认 · detections=3
[INFO] [1786676137.090002]: 开始进行多边形确认 · centers=1 · rejected=0 · merged=0 · elapsed_ms=24.7
[INFO] [1786676137.215089]: 开始进行多边形确认 · detections=2
[INFO] [1786676137.250501]: 开始进行多边形确认 · centers=1 · rejected=0 · merged=0 · elapsed_ms=35.4
[INFO] [1786676137.314150]: 开始进行多边形确认 · detections=2
[INFO] [1786676137.340859]: 开始进行多边形确认 · centers=1 · rejected=0 · merged=0 · elapsed_ms=26.7
[INFO] [1786676137.437149]: 开始进行多边形确认 · detections=2
[INFO] [1786676137.464076]: 开始进行多边形确认 · centers=1 · rejected=0 · merged=0 · elapsed_ms=26.9
[INFO] [1786676137.560800]: 开始进行多边形确认 · detections=2
[INFO] [1786676137.584680]: 开始进行多边形确认 · centers=1 · rejected=0 · merged=0 · elapsed_ms=23.9
[INFO] [1786676137.665873]: 开始进行多边形确认 · detections=2
[INFO] [1786676137.689163]: 开始进行多边形确认 · centers=1 · rejected=0 · merged=0 · elapsed_ms=23.3
[INFO] [1786676137.750277]: 开始进行多边形确认 · detections=2
[INFO] [1786676137.774185]: 开始进行多边形确认 · centers=1 · rejected=0 · merged=0 · elapsed_ms=23.9
[INFO] [1786676137.836764]: 开始进行多边形确认 · detections=2
[INFO] [1786676137.865679]: CITRUS_CENTER ok pixel=(466,290) depth=0.608 m radius=24.3 mm arc=289 deg error=0.70 px fragments=1
[INFO] [1786676137.866732]: 开始进行多边形确认 · centers=1 · rejected=0 · merged=0 · elapsed_ms=30.1
[INFO] [1786676137.959575]: 开始进行多边形确认 · detections=2
[INFO] [1786676137.985033]: 开始进行多边形确认 · centers=1 · rejected=0 · merged=0 · elapsed_ms=25.5
[INFO] [1786676138.085275]: 开始进行多边形确认 · detections=2
[INFO] [1786676138.109903]: 开始进行多边形确认 · centers=1 · rejected=0 · merged=0 · elapsed_ms=24.7
[INFO] [1786676138.213542]: 开始进行多边形确认 · detections=2
[INFO] [1786676138.241718]: 开始进行多边形确认 · centers=1 · rejected=0 · merged=0 · elapsed_ms=28.2
[INFO] [1786676138.342041]: 开始进行多边形确认 · detections=2
[INFO] [1786676138.357739]: 开始进行多边形确认 · centers=1 · rejected=0 · merged=0 · elapsed_ms=15.8
[INFO] [1786676138.462584]: 开始进行多边形确认 · detections=2
[INFO] [1786676138.478907]: 开始进行多边形确认 · centers=1 · rejected=0 · merged=0 · elapsed_ms=16.4
[INFO] [1786676138.585484]: 开始进行多边形确认 · detections=2
[INFO] [1786676138.602674]: 开始进行多边形确认 · centers=1 · rejected=0 · merged=0 · elapsed_ms=17.2
[INFO] [1786676138.698014]: 开始进行多边形确认 · detections=2
[INFO] [1786676138.711513]: 开始进行多边形确认 · centers=1 · rejected=0 · merged=0 · elapsed_ms=13.5
[INFO] [1786676138.825440]: 开始进行多边形确认 · detections=2
[INFO] [1786676138.838634]: 开始进行多边形确认 · centers=1 · rejected=0 · merged=0 · elapsed_ms=13.2
[INFO] [1786676138.955844]: 开始进行多边形确认 · detections=2
[INFO] [1786676138.971677]: 开始进行多边形确认 · centers=1 · rejected=0 · merged=0 · elapsed_ms=15.8
[INFO] [1786676139.078145]: 开始进行多边形确认 · detections=2
[INFO] [1786676139.091235]: 开始进行多边形确认 · centers=1 · rejected=0 · merged=0 · elapsed_ms=13.1
[INFO] [1786676139.205748]: 开始进行多边形确认 · detections=2
[INFO] [1786676139.233026]: 开始进行多边形确认 · centers=1 · rejected=0 · merged=0 · elapsed_ms=27.3
[INFO] [1786676139.361181]: 开始进行多边形确认 · detections=2
[INFO] [1786676139.386546]: 开始进行多边形确认 · centers=1 · rejected=0 · merged=0 · elapsed_ms=25.4
[INFO] [1786676139.473089]: 开始进行多边形确认 · detections=2
[INFO] [1786676139.498116]: 开始进行多边形确认 · centers=1 · rejected=0 · merged=0 · elapsed_ms=25.1
[INFO] [1786676139.597882]: 开始进行多边形确认 · detections=2
[INFO] [1786676139.623081]: 开始进行多边形确认 · centers=1 · rejected=0 · merged=0 · elapsed_ms=25.3
[INFO] [1786676139.720896]: 开始进行多边形确认 · detections=2
[INFO] [1786676139.744831]: 开始进行多边形确认 · centers=1 · rejected=0 · merged=0 · elapsed_ms=24.0
[INFO] [1786676139.843261]: 开始进行多边形确认 · detections=2
[INFO] [1786676139.855585]: 开始进行多边形确认 · centers=1 · rejected=0 · merged=0 · elapsed_ms=12.4
[INFO] [1786676139.962435]: 开始进行多边形确认 · detections=2
[INFO] [1786676139.974329]: CITRUS_CENTER ok pixel=(466,291) depth=0.610 m radius=24.8 mm arc=282 deg error=0.96 px fragments=1
[INFO] [1786676139.975360]: 开始进行多边形确认 · centers=1 · rejected=0 · merged=0 · elapsed_ms=13.0
[INFO] [1786676140.089453]: 开始进行多边形确认 · detections=2
[INFO] [1786676140.100185]: 开始进行多边形确认 · centers=1 · rejected=0 · merged=0 · elapsed_ms=10.8
[INFO] [1786676140.206823]: 开始进行多边形确认 · detections=2
[INFO] [1786676140.218073]: 开始进行多边形确认 · centers=1 · rejected=0 · merged=0 · elapsed_ms=11.3
[INFO] [1786676140.388417]: 开始进行多边形确认 · detections=2
[INFO] [1786676140.403147]: 开始进行多边形确认 · centers=1 · rejected=0 · merged=0 · elapsed_ms=14.8
[INFO] [1786676140.463869]: 开始进行多边形确认 · detections=2
[INFO] [1786676140.489111]: 开始进行多边形确认 · centers=1 · rejected=0 · merged=0 · elapsed_ms=25.3
[INFO] [1786676140.600186]: 开始进行多边形确认 · detections=2
[INFO] [1786676140.625007]: 开始进行多边形确认 · centers=1 · rejected=0 · merged=0 · elapsed_ms=24.9
[INFO] [1786676140.724718]: 开始进行多边形确认 · detections=2
[INFO] [1786676140.749350]: 开始进行多边形确认 · centers=1 · rejected=0 · merged=0 · elapsed_ms=24.7
[INFO] [1786676140.850760]: 开始进行多边形确认 · detections=2
[INFO] [1786676140.878259]: 开始进行多边形确认 · centers=1 · rejected=0 · merged=0 · elapsed_ms=27.6
[INFO] [1786676140.982548]: 开始进行多边形确认 · detections=2
[INFO] [1786676141.005583]: 开始进行多边形确认 · centers=1 · rejected=0 · merged=0 · elapsed_ms=23.1
[INFO] [1786676141.091851]: 开始进行多边形确认 · detections=2
[INFO] [1786676141.103331]: 开始进行多边形确认 · centers=1 · rejected=0 · merged=0 · elapsed_ms=11.5
[INFO] [1786676141.210728]: 开始进行多边形确认 · detections=2
[INFO] [1786676141.222752]: 开始进行多边形确认 · centers=1 · rejected=0 · merged=0 · elapsed_ms=12.1
[INFO] [1786676141.335691]: 开始进行多边形确认 · detections=2
[INFO] [1786676141.353496]: 开始进行多边形确认 · centers=1 · rejected=0 · merged=0 · elapsed_ms=17.8
[INFO] [1786676141.490525]: 开始进行多边形确认 · detections=3
[INFO] [1786676141.512357]: 开始进行多边形确认 · centers=1 · rejected=0 · merged=0 · elapsed_ms=21.9
[INFO] [1786676141.514020]: RGB-D vision status: model_ready:onnxruntime targets:1 centers:1 tf:1 rejected:0 merged:0 semantic_masks:3
[INFO] [1786676141.579580]: 开始进行多边形确认 · detections=2
[INFO] [1786676141.603163]: 开始进行多边形确认 · centers=1 · rejected=0 · merged=0 · elapsed_ms=23.6
[INFO] [1786676141.670536]: 开始进行多边形确认 · detections=3
[INFO] [1786676141.691046]: 开始进行多边形确认 · centers=1 · rejected=0 · merged=0 · elapsed_ms=20.6
[INFO] [1786676141.791806]: 开始进行多边形确认 · detections=3
[INFO] [1786676141.803988]: 开始进行多边形确认 · centers=1 · rejected=0 · merged=0 · elapsed_ms=12.3
[INFO] [1786676141.917496]: 开始进行多边形确认 · detections=3
[INFO] [1786676141.940665]: 开始进行多边形确认 · centers=1 · rejected=0 · merged=0 · elapsed_ms=23.2
[INFO] [1786676142.041401]: 开始进行多边形确认 · detections=3
[INFO] [1786676142.066941]: CITRUS_CENTER ok pixel=(403,297) depth=0.577 m radius=31.1 mm arc=220 deg error=1.06 px fragments=1
[INFO] [1786676142.068054]: 开始进行多边形确认 · centers=1 · rejected=0 · merged=0 · elapsed_ms=26.7
[INFO] [1786676142.154209]: 开始进行多边形确认 · detections=3
[INFO] [1786676142.165939]: 开始进行多边形确认 · centers=1 · rejected=0 · merged=0 · elapsed_ms=11.8
[INFO] [1786676142.280776]: 开始进行多边形确认 · detections=3
[INFO] [1786676142.292730]: 开始进行多边形确认 · centers=1 · rejected=0 · merged=0 · elapsed_ms=12.0
[INFO] [1786676142.401560]: 开始进行多边形确认 · detections=3
[INFO] [1786676142.420015]: 开始进行多边形确认 · centers=1 · rejected=0 · merged=0 · elapsed_ms=18.5
[INFO] [1786676142.556215]: 开始进行多边形确认 · detections=3
[INFO] [1786676142.579920]: 开始进行多边形确认 · centers=1 · rejected=0 · merged=0 · elapsed_ms=23.8
[INFO] [1786676142.675430]: 开始进行多边形确认 · detections=3
[INFO] [1786676142.698708]: 开始进行多边形确认 · centers=1 · rejected=0 · merged=0 · elapsed_ms=23.3
[INFO] [1786676142.795395]: 开始进行多边形确认 · detections=3
[INFO] [1786676142.817826]: 开始进行多边形确认 · centers=1 · rejected=0 · merged=0 · elapsed_ms=22.5
[INFO] [1786676142.921130]: 开始进行多边形确认 · detections=3
[INFO] [1786676142.944416]: 开始进行多边形确认 · centers=1 · rejected=0 · merged=0 · elapsed_ms=23.3
[INFO] [1786676143.046199]: 开始进行多边形确认 · detections=3
[INFO] [1786676143.068505]: 开始进行多边形确认 · centers=1 · rejected=0 · merged=0 · elapsed_ms=22.3
[INFO] [1786676143.166215]: 开始进行多边形确认 · detections=3
[INFO] [1786676143.188048]: 开始进行多边形确认 · centers=1 · rejected=0 · merged=0 · elapsed_ms=21.9
[INFO] [1786676143.306151]: 开始进行多边形确认 · detections=3
[INFO] [1786676143.328399]: 开始进行多边形确认 · centers=1 · rejected=0 · merged=0 · elapsed_ms=22.3
[INFO] [1786676143.422585]: 开始进行多边形确认 · detections=3
[INFO] [1786676143.446787]: 开始进行多边形确认 · centers=1 · rejected=0 · merged=0 · elapsed_ms=24.2
[INFO] [1786676143.579820]: 开始进行多边形确认 · detections=3
[INFO] [1786676143.606668]: 开始进行多边形确认 · centers=1 · rejected=0 · merged=0 · elapsed_ms=26.9
[INFO] [1786676143.672813]: 开始进行多边形确认 · detections=3
[INFO] [1786676143.695385]: 开始进行多边形确认 · centers=1 · rejected=0 · merged=0 · elapsed_ms=22.6
[INFO] [1786676143.803747]: 开始进行多边形确认 · detections=3
[INFO] [1786676143.824867]: 开始进行多边形确认 · centers=1 · rejected=0 · merged=0 · elapsed_ms=21.2
[INFO] [1786676143.920567]: 开始进行多边形确认 · detections=3
[INFO] [1786676143.943452]: 开始进行多边形确认 · centers=1 · rejected=0 · merged=0 · elapsed_ms=23.0
[INFO] [1786676144.049423]: 开始进行多边形确认 · detections=3
[INFO] [1786676144.072698]: CITRUS_CENTER ok pixel=(402,297) depth=0.578 m radius=30.8 mm arc=228 deg error=1.20 px fragments=1
[INFO] [1786676144.073740]: 开始进行多边形确认 · centers=1 · rejected=0 · merged=0 · elapsed_ms=24.4
[INFO] [1786676144.172484]: 开始进行多边形确认 · detections=3
[INFO] [1786676144.197725]: 开始进行多边形确认 · centers=1 · rejected=0 · merged=0 · elapsed_ms=25.3
[INFO] [1786676144.299766]: 开始进行多边形确认 · detections=3
[INFO] [1786676144.325582]: 开始进行多边形确认 · centers=1 · rejected=0 · merged=0 · elapsed_ms=25.9
[INFO] [1786676144.423116]: 开始进行多边形确认 · detections=3
[INFO] [1786676144.443624]: 开始进行多边形确认 · centers=1 · rejected=0 · merged=0 · elapsed_ms=20.5
[INFO] [1786676144.543981]: 开始进行多边形确认 · detections=3
[INFO] [1786676144.571218]: 开始进行多边形确认 · centers=1 · rejected=0 · merged=0 · elapsed_ms=27.3
[INFO] [1786676144.683240]: 开始进行多边形确认 · detections=3
[INFO] [1786676144.705031]: 开始进行多边形确认 · centers=1 · rejected=0 · merged=0 · elapsed_ms=21.8
[INFO] [1786676144.797419]: 开始进行多边形确认 · detections=3
[INFO] [1786676144.818458]: 开始进行多边形确认 · centers=1 · rejected=0 · merged=0 · elapsed_ms=21.1
[INFO] [1786676144.917225]: 开始进行多边形确认 · detections=3
[INFO] [1786676144.939877]: 开始进行多边形确认 · centers=1 · rejected=0 · merged=0 · elapsed_ms=22.7
[INFO] [1786676145.043495]: 开始进行多边形确认 · detections=3
[INFO] [1786676145.066398]: 开始进行多边形确认 · centers=1 · rejected=0 · merged=0 · elapsed_ms=22.9
[INFO] [1786676145.170437]: 开始进行多边形确认 · detections=3
[INFO] [1786676145.193766]: 开始进行多边形确认 · centers=1 · rejected=0 · merged=0 · elapsed_ms=23.4
[INFO] [1786676145.296621]: 开始进行多边形确认 · detections=3
[INFO] [1786676145.316730]: 开始进行多边形确认 · centers=1 · rejected=0 · merged=0 · elapsed_ms=20.1
[INFO] [1786676145.418168]: 开始进行多边形确认 · detections=3
[INFO] [1786676145.438425]: 开始进行多边形确认 · centers=1 · rejected=0 · merged=0 · elapsed_ms=20.3
[INFO] [1786676145.543767]: 开始进行多边形确认 · detections=3
[INFO] [1786676145.564999]: 开始进行多边形确认 · centers=1 · rejected=0 · merged=0 · elapsed_ms=21.2
[INFO] [1786676145.672027]: 开始进行多边形确认 · detections=3
[INFO] [1786676145.686205]: 开始进行多边形确认 · centers=1 · rejected=0 · merged=0 · elapsed_ms=14.2
[INFO] [1786676145.787741]: 开始进行多边形确认 · detections=3
[INFO] [1786676145.800161]: 开始进行多边形确认 · centers=1 · rejected=0 · merged=0 · elapsed_ms=12.5
[INFO] [1786676145.906003]: 开始进行多边形确认 · detections=3
[INFO] [1786676145.917721]: 开始进行多边形确认 · centers=1 · rejected=0 · merged=0 · elapsed_ms=11.8
[INFO] [1786676146.038654]: 开始进行多边形确认 · detections=2
[INFO] [1786676146.051641]: 开始进行多边形确认 · centers=1 · rejected=0 · merged=0 · elapsed_ms=13.0
[INFO] [1786676146.163218]: 开始进行多边形确认 · detections=2
[INFO] [1786676146.176274]: CITRUS_CENTER ok pixel=(375,307) depth=0.588 m radius=33.9 mm arc=186 deg error=1.29 px fragments=1
[INFO] [1786676146.176980]: 开始进行多边形确认 · centers=1 · rejected=0 · merged=0 · elapsed_ms=13.8
[INFO] [1786676146.289046]: 开始进行多边形确认 · detections=3
[INFO] [1786676146.302139]: 开始进行多边形确认 · centers=1 · rejected=0 · merged=0 · elapsed_ms=13.1
[INFO] [1786676146.414281]: 开始进行多边形确认 · detections=2
[INFO] [1786676146.427110]: 开始进行多边形确认 · centers=1 · rejected=0 · merged=0 · elapsed_ms=12.9
[INFO] [1786676146.537846]: 开始进行多边形确认 · detections=2
[INFO] [1786676146.551425]: 开始进行多边形确认 · centers=1 · rejected=0 · merged=0 · elapsed_ms=13.6
[INFO] [1786676146.691209]: 开始进行多边形确认 · detections=2
[INFO] [1786676146.714267]: 开始进行多边形确认 · centers=1 · rejected=0 · merged=0 · elapsed_ms=23.1
[INFO] [1786676146.773394]: 开始进行多边形确认 · detections=2
[INFO] [1786676146.796340]: 开始进行多边形确认 · centers=1 · rejected=0 · merged=0 · elapsed_ms=23.0
[INFO] [1786676146.852211]: 开始进行多边形确认 · detections=2
[INFO] [1786676146.875673]: 开始进行多边形确认 · centers=1 · rejected=0 · merged=0 · elapsed_ms=23.5
[INFO] [1786676146.976863]: 开始进行多边形确认 · detections=2
[INFO] [1786676146.999581]: 开始进行多边形确认 · centers=1 · rejected=0 · merged=0 · elapsed_ms=22.8
[INFO] [1786676147.101715]: 开始进行多边形确认 · detections=2
[INFO] [1786676147.122766]: 开始进行多边形确认 · centers=1 · rejected=0 · merged=0 · elapsed_ms=21.1
[INFO] [1786676147.227340]: 开始进行多边形确认 · detections=2
[INFO] [1786676147.248880]: 开始进行多边形确认 · centers=1 · rejected=0 · merged=0 · elapsed_ms=21.6
[INFO] [1786676147.353691]: 开始进行多边形确认 · detections=2
[INFO] [1786676147.374297]: 开始进行多边形确认 · centers=1 · rejected=0 · merged=0 · elapsed_ms=20.6
[INFO] [1786676147.477974]: 开始进行多边形确认 · detections=2
[INFO] [1786676147.500180]: 开始进行多边形确认 · centers=1 · rejected=0 · merged=0 · elapsed_ms=22.2
[INFO] [1786676147.604639]: 开始进行多边形确认 · detections=2
[INFO] [1786676147.633166]: 开始进行多边形确认 · centers=1 · rejected=0 · merged=0 · elapsed_ms=28.6
[INFO] [1786676147.761207]: 开始进行多边形确认 · detections=2
[INFO] [1786676147.783507]: 开始进行多边形确认 · centers=1 · rejected=0 · merged=0 · elapsed_ms=22.3
[INFO] [1786676147.866621]: 开始进行多边形确认 · detections=2
[INFO] [1786676147.877817]: 开始进行多边形确认 · centers=1 · rejected=0 · merged=0 · elapsed_ms=11.2
[INFO] [1786676147.980439]: 开始进行多边形确认 · detections=2
[INFO] [1786676147.991550]: 开始进行多边形确认 · centers=1 · rejected=0 · merged=0 · elapsed_ms=11.1
[INFO] [1786676148.106079]: 开始进行多边形确认 · detections=2
[INFO] [1786676148.116461]: 开始进行多边形确认 · centers=1 · rejected=0 · merged=0 · elapsed_ms=10.4
[INFO] [1786676148.229437]: 开始进行多边形确认 · detections=2
[INFO] [1786676148.239919]: CITRUS_CENTER ok pixel=(317,295) depth=0.562 m radius=26.8 mm arc=297 deg error=0.87 px fragments=1
[INFO] [1786676148.240882]: 开始进行多边形确认 · centers=1 · rejected=0 · merged=0 · elapsed_ms=11.5
[INFO] [1786676148.355818]: 开始进行多边形确认 · detections=2
[INFO] [1786676148.366528]: 开始进行多边形确认 · centers=1 · rejected=0 · merged=0 · elapsed_ms=10.7
[INFO] [1786676148.482572]: 开始进行多边形确认 · detections=2
[INFO] [1786676148.493001]: 开始进行多边形确认 · centers=1 · rejected=0 · merged=0 · elapsed_ms=10.5
[INFO] [1786676148.599236]: 开始进行多边形确认 · detections=2
[INFO] [1786676148.619963]: 开始进行多边形确认 · centers=1 · rejected=0 · merged=0 · elapsed_ms=20.7
[INFO] [1786676148.762989]: 开始进行多边形确认 · detections=2
[INFO] [1786676148.785695]: 开始进行多边形确认 · centers=1 · rejected=0 · merged=0 · elapsed_ms=22.8
[INFO] [1786676148.863490]: 开始进行多边形确认 · detections=2
[INFO] [1786676148.874339]: 开始进行多边形确认 · centers=1 · rejected=0 · merged=0 · elapsed_ms=10.9
[INFO] [1786676148.997769]: 开始进行多边形确认 · detections=2
[INFO] [1786676149.018637]: 开始进行多边形确认 · centers=1 · rejected=0 · merged=0 · elapsed_ms=20.9
[INFO] [1786676149.120827]: 开始进行多边形确认 · detections=2
[INFO] [1786676149.136443]: 开始进行多边形确认 · centers=1 · rejected=0 · merged=0 · elapsed_ms=15.7
[INFO] [1786676149.239400]: 开始进行多边形确认 · detections=2
[INFO] [1786676149.249182]: 开始进行多边形确认 · centers=1 · rejected=0 · merged=0 · elapsed_ms=9.8
[INFO] [1786676149.359638]: 开始进行多边形确认 · detections=2
[INFO] [1786676149.370414]: 开始进行多边形确认 · centers=1 · rejected=0 · merged=0 · elapsed_ms=10.8
[INFO] [1786676149.491632]: 开始进行多边形确认 · detections=2
[INFO] [1786676149.501149]: 开始进行多边形确认 · centers=1 · rejected=0 · merged=0 · elapsed_ms=9.6
[INFO] [1786676149.612397]: 开始进行多边形确认 · detections=2
[INFO] [1786676149.622442]: 开始进行多边形确认 · centers=1 · rejected=0 · merged=0 · elapsed_ms=10.1
[INFO] [1786676149.800021]: 开始进行多边形确认 · detections=2
[INFO] [1786676149.810297]: 开始进行多边形确认 · centers=1 · rejected=0 · merged=0 · elapsed_ms=10.3
[INFO] [1786676149.870136]: 开始进行多边形确认 · detections=2
[INFO] [1786676149.880742]: 开始进行多边形确认 · centers=1 · rejected=0 · merged=0 · elapsed_ms=10.6
[INFO] [1786676150.009282]: 开始进行多边形确认 · detections=2
[INFO] [1786676150.028555]: 开始进行多边形确认 · centers=1 · rejected=0 · merged=0 · elapsed_ms=19.3
[INFO] [1786676150.122578]: 开始进行多边形确认 · detections=2
[INFO] [1786676150.143721]: 开始进行多边形确认 · centers=1 · rejected=0 · merged=0 · elapsed_ms=21.1
[INFO] [1786676150.246594]: 开始进行多边形确认 · detections=2
[INFO] [1786676150.267855]: CITRUS_CENTER ok pixel=(317,295) depth=0.561 m radius=26.8 mm arc=296 deg error=0.89 px fragments=1
[INFO] [1786676150.268962]: 开始进行多边形确认 · centers=1 · rejected=0 · merged=0 · elapsed_ms=22.4
[INFO] [1786676150.366873]: 开始进行多边形确认 · detections=2
[INFO] [1786676150.377093]: 开始进行多边形确认 · centers=1 · rejected=0 · merged=0 · elapsed_ms=10.3
[INFO] [1786676150.491490]: 开始进行多边形确认 · detections=2
[INFO] [1786676150.501674]: 开始进行多边形确认 · centers=1 · rejected=0 · merged=0 · elapsed_ms=10.3
[INFO] [1786676150.624163]: 开始进行多边形确认 · detections=2
[INFO] [1786676150.643541]: 开始进行多边形确认 · centers=1 · rejected=0 · merged=0 · elapsed_ms=19.4
[INFO] [1786676150.744538]: 开始进行多边形确认 · detections=2
[INFO] [1786676150.767701]: 开始进行多边形确认 · centers=1 · rejected=0 · merged=0 · elapsed_ms=23.2
[INFO] [1786676150.907881]: 开始进行多边形确认 · detections=2
[INFO] [1786676150.920248]: 开始进行多边形确认 · centers=1 · rejected=0 · merged=0 · elapsed_ms=12.4
[INFO] [1786676150.986835]: 开始进行多边形确认 · detections=2
[INFO] [1786676150.998544]: 开始进行多边形确认 · centers=1 · rejected=0 · merged=0 · elapsed_ms=11.8
[INFO] [1786676151.124294]: 开始进行多边形确认 · detections=2
[INFO] [1786676151.145727]: 开始进行多边形确认 · centers=1 · rejected=0 · merged=0 · elapsed_ms=21.5
[INFO] [1786676151.247864]: 开始进行多边形确认 · detections=2
[INFO] [1786676151.269179]: 开始进行多边形确认 · centers=1 · rejected=0 · merged=0 · elapsed_ms=21.3
[INFO] [1786676151.359944]: 开始进行多边形确认 · detections=2
[INFO] [1786676151.370639]: 开始进行多边形确认 · centers=1 · rejected=0 · merged=0 · elapsed_ms=10.7
[INFO] [1786676151.482843]: 开始进行多边形确认 · detections=2
[INFO] [1786676151.493384]: 开始进行多边形确认 · centers=1 · rejected=0 · merged=0 · elapsed_ms=10.6
[INFO] [1786676151.602529]: 开始进行多边形确认 · detections=2
[INFO] [1786676151.612285]: 开始进行多边形确认 · centers=1 · rejected=0 · merged=0 · elapsed_ms=9.8
[INFO] [1786676151.726510]: 开始进行多边形确认 · detections=3
[INFO] [1786676151.736633]: 开始进行多边形确认 · centers=1 · rejected=0 · merged=0 · elapsed_ms=10.2
[INFO] [1786676151.737635]: RGB-D vision status: model_ready:onnxruntime targets:1 centers:1 tf:1 rejected:0 merged:0 semantic_masks:3
[INFO] [1786676151.829684]: 开始进行多边形确认 · detections=3
[INFO] [1786676151.883481]: 开始进行多边形确认 · centers=1 · rejected=0 · merged=1 · elapsed_ms=53.8
[INFO] [1786676151.979836]: 开始进行多边形确认 · detections=2
[INFO] [1786676151.999456]: 开始进行多边形确认 · centers=1 · rejected=0 · merged=0 · elapsed_ms=19.7
[INFO] [1786676152.059012]: 开始进行多边形确认 · detections=3
[INFO] [1786676152.109627]: 开始进行多边形确认 · centers=1 · rejected=0 · merged=1 · elapsed_ms=50.7
[INFO] [1786676152.180852]: 开始进行多边形确认 · detections=3
[INFO] [1786676152.232913]: 开始进行多边形确认 · centers=1 · rejected=0 · merged=1 · elapsed_ms=52.1
[INFO] [1786676152.307023]: 开始进行多边形确认 · detections=3
[INFO] [1786676152.366472]: CITRUS_CENTER ok pixel=(232,294) depth=0.559 m radius=23.4 mm arc=301 deg error=1.00 px fragments=2
[INFO] [1786676152.367635]: 开始进行多边形确认 · centers=1 · rejected=0 · merged=1 · elapsed_ms=60.7
[INFO] [1786676152.428644]: 开始进行多边形确认 · detections=3
[INFO] [1786676152.482355]: 开始进行多边形确认 · centers=1 · rejected=0 · merged=1 · elapsed_ms=53.7
[INFO] [1786676152.550341]: 开始进行多边形确认 · detections=3
[INFO] [1786676152.579168]: 开始进行多边形确认 · centers=1 · rejected=0 · merged=1 · elapsed_ms=28.9
[INFO] [1786676152.667205]: 开始进行多边形确认 · detections=3
[INFO] [1786676152.699273]: 开始进行多边形确认 · centers=1 · rejected=0 · merged=1 · elapsed_ms=32.1
[INFO] [1786676152.793920]: 开始进行多边形确认 · detections=3
[INFO] [1786676152.824763]: 开始进行多边形确认 · centers=1 · rejected=0 · merged=1 · elapsed_ms=30.9
[INFO] [1786676152.917220]: 开始进行多边形确认 · detections=3
[INFO] [1786676152.953711]: 开始进行多边形确认 · centers=1 · rejected=0 · merged=1 · elapsed_ms=36.5
[INFO] [1786676153.096018]: 开始进行多边形确认 · detections=3
[INFO] [1786676153.149277]: 开始进行多边形确认 · centers=1 · rejected=0 · merged=1 · elapsed_ms=53.3
[INFO] [1786676153.216381]: 开始进行多边形确认 · detections=3
[INFO] [1786676153.269968]: 开始进行多边形确认 · centers=1 · rejected=0 · merged=1 · elapsed_ms=53.6
[INFO] [1786676153.341401]: 开始进行多边形确认 · detections=3
[INFO] [1786676153.393540]: 开始进行多边形确认 · centers=1 · rejected=0 · merged=1 · elapsed_ms=52.2
[INFO] [1786676153.451927]: 开始进行多边形确认 · detections=3
[INFO] [1786676153.479883]: 开始进行多边形确认 · centers=1 · rejected=0 · merged=1 · elapsed_ms=28.0
[INFO] [1786676153.573501]: 开始进行多边形确认 · detections=3
[INFO] [1786676153.600954]: 开始进行多边形确认 · centers=1 · rejected=0 · merged=1 · elapsed_ms=27.5
[INFO] [1786676153.695899]: 开始进行多边形确认 · detections=3
[INFO] [1786676153.722615]: 开始进行多边形确认 · centers=1 · rejected=0 · merged=1 · elapsed_ms=26.7
[INFO] [1786676153.838218]: 开始进行多边形确认 · detections=3
[INFO] [1786676153.890688]: 开始进行多边形确认 · centers=1 · rejected=0 · merged=1 · elapsed_ms=52.5
[INFO] [1786676153.964646]: 开始进行多边形确认 · detections=3
[INFO] [1786676154.025472]: 开始进行多边形确认 · centers=1 · rejected=0 · merged=1 · elapsed_ms=60.9
[INFO] [1786676154.109938]: 开始进行多边形确认 · detections=3
[INFO] [1786676154.172008]: 开始进行多边形确认 · centers=1 · rejected=0 · merged=1 · elapsed_ms=62.1
[INFO] [1786676154.238338]: 开始进行多边形确认 · detections=3
[INFO] [1786676154.296553]: 开始进行多边形确认 · centers=1 · rejected=0 · merged=1 · elapsed_ms=58.3
[INFO] [1786676154.347423]: 开始进行多边形确认 · detections=3
[INFO] [1786676154.376915]: CITRUS_CENTER ok pixel=(232,294) depth=0.559 m radius=23.2 mm arc=301 deg error=0.98 px fragments=2
[INFO] [1786676154.378040]: 开始进行多边形确认 · centers=1 · rejected=0 · merged=1 · elapsed_ms=30.7
[INFO] [1786676154.463244]: 开始进行多边形确认 · detections=3
[INFO] [1786676154.492306]: 开始进行多边形确认 · centers=1 · rejected=0 · merged=1 · elapsed_ms=29.1
[INFO] [1786676154.588149]: 开始进行多边形确认 · detections=3
[INFO] [1786676154.632850]: 开始进行多边形确认 · centers=1 · rejected=0 · merged=1 · elapsed_ms=44.7
[INFO] [1786676154.728232]: 开始进行多边形确认 · detections=3
[INFO] [1786676154.783333]: 开始进行多边形确认 · centers=1 · rejected=0 · merged=1 · elapsed_ms=55.1
[INFO] [1786676154.859629]: 开始进行多边形确认 · detections=3
[INFO] [1786676154.912861]: 开始进行多边形确认 · centers=1 · rejected=0 · merged=1 · elapsed_ms=53.3
[INFO] [1786676154.979428]: 开始进行多边形确认 · detections=3
[INFO] [1786676155.031778]: 开始进行多边形确认 · centers=1 · rejected=0 · merged=1 · elapsed_ms=52.4
[INFO] [1786676155.106290]: 开始进行多边形确认 · detections=3
[INFO] [1786676155.184243]: 开始进行多边形确认 · centers=1 · rejected=0 · merged=1 · elapsed_ms=78.0
[INFO] [1786676155.244561]: 开始进行多边形确认 · detections=3
[INFO] [1786676155.281139]: 开始进行多边形确认 · centers=1 · rejected=0 · merged=1 · elapsed_ms=36.6
[INFO] [1786676155.352239]: 开始进行多边形确认 · detections=3
[INFO] [1786676155.380195]: 开始进行多边形确认 · centers=1 · rejected=0 · merged=1 · elapsed_ms=28.0
[INFO] [1786676155.472951]: 开始进行多边形确认 · detections=3
[INFO] [1786676155.500926]: 开始进行多边形确认 · centers=1 · rejected=0 · merged=1 · elapsed_ms=28.0
[INFO] [1786676155.603045]: 开始进行多边形确认 · detections=3
[INFO] [1786676155.631846]: 开始进行多边形确认 · centers=1 · rejected=0 · merged=1 · elapsed_ms=28.8
[INFO] [1786676155.725331]: 开始进行多边形确认 · detections=3
[INFO] [1786676155.753287]: 开始进行多边形确认 · centers=1 · rejected=0 · merged=1 · elapsed_ms=28.0
[INFO] [1786676155.851979]: 开始进行多边形确认 · detections=3
[INFO] [1786676155.892014]: 开始进行多边形确认 · centers=1 · rejected=0 · merged=1 · elapsed_ms=40.1
[INFO] [1786676155.990190]: 开始进行多边形确认 · detections=3
[INFO] [1786676156.042317]: 开始进行多边形确认 · centers=1 · rejected=0 · merged=1 · elapsed_ms=52.2
[INFO] [1786676156.120402]: 开始进行多边形确认 · detections=4
[INFO] [1786676156.182988]: 开始进行多边形确认 · centers=1 · rejected=0 · merged=1 · elapsed_ms=62.6
[INFO] [1786676156.294946]: 开始进行多边形确认 · detections=2
[INFO] [1786676156.316915]: 开始进行多边形确认 · centers=1 · rejected=0 · merged=0 · elapsed_ms=22.0
[INFO] [1786676156.387687]: 开始进行多边形确认 · detections=1
[INFO] [1786676156.418911]: CITRUS_CENTER ok pixel=(200,305) depth=0.610 m radius=25.1 mm arc=277 deg error=1.01 px fragments=1
[INFO] [1786676156.420032]: 开始进行多边形确认 · centers=1 · rejected=0 · merged=0 · elapsed_ms=32.4
[INFO] [1786676156.486792]: 开始进行多边形确认 · detections=1
[INFO] [1786676156.547317]: 开始进行多边形确认 · detections=1
[INFO] [1786676156.573124]: 开始进行多边形确认 · centers=1 · rejected=0 · merged=0 · elapsed_ms=25.8
[INFO] [1786676156.670330]: 开始进行多边形确认 · detections=2
[INFO] [1786676156.695877]: 开始进行多边形确认 · centers=1 · rejected=0 · merged=0 · elapsed_ms=25.6
[INFO] [1786676156.792317]: 开始进行多边形确认 · detections=1
[INFO] [1786676156.795935]: RGB-D vision status: model_ready:onnxruntime targets:0 centers:0 tf:0 rejected:0 merged:0 semantic_masks:1
[INFO] [1786676156.917352]: 开始进行多边形确认 · detections=1
[INFO] [1786676157.054121]: 开始进行多边形确认 · detections=1
[INFO] [1786676157.182620]: 开始进行多边形确认 · detections=1
[INFO] [1786676157.292599]: 开始进行多边形确认 · detections=2
[INFO] [1786676157.306681]: 开始进行多边形确认 · centers=1 · rejected=0 · merged=0 · elapsed_ms=14.1
[INFO] [1786676157.407741]: 开始进行多边形确认 · detections=1
[INFO] [1786676157.531639]: 开始进行多边形确认 · detections=1
[INFO] [1786676157.655751]: 开始进行多边形确认 · detections=2
[INFO] [1786676157.674186]: 开始进行多边形确认 · centers=1 · rejected=0 · merged=0 · elapsed_ms=18.5
[INFO] [1786676157.781037]: 开始进行多边形确认 · detections=1
[INFO] [1786676157.909974]: 开始进行多边形确认 · detections=2
[INFO] [1786676157.923944]: 开始进行多边形确认 · centers=1 · rejected=0 · merged=0 · elapsed_ms=14.0
[INFO] [1786676158.050559]: 开始进行多边形确认 · detections=1
[INFO] [1786676158.160126]: 开始进行多边形确认 · detections=1
[INFO] [1786676158.330909]: 开始进行多边形确认 · detections=1
[INFO] [1786676158.410722]: 开始进行多边形确认 · detections=2
[INFO] [1786676158.426003]: CITRUS_CENTER ok pixel=(178,292) depth=0.609 m radius=24.6 mm arc=328 deg error=1.18 px fragments=1
[INFO] [1786676158.427223]: 开始进行多边形确认 · centers=1 · rejected=0 · merged=0 · elapsed_ms=16.6
[INFO] [1786676158.534566]: 开始进行多边形确认 · detections=1
[INFO] [1786676158.661501]: 开始进行多边形确认 · detections=2
[INFO] [1786676158.677459]: 开始进行多边形确认 · centers=1 · rejected=0 · merged=0 · elapsed_ms=16.0
[INFO] [1786676158.783746]: 开始进行多边形确认 · detections=1
[INFO] [1786676158.910556]: 开始进行多边形确认 · detections=1
[INFO] [1786676159.037213]: 开始进行多边形确认 · detections=1
[INFO] [1786676159.161142]: 开始进行多边形确认 · detections=1
[INFO] [1786676159.293843]: 开始进行多边形确认 · detections=1
[INFO] [1786676159.444611]: 开始进行多边形确认 · detections=2
[INFO] [1786676159.472418]: 开始进行多边形确认 · centers=1 · rejected=0 · merged=0 · elapsed_ms=27.8
[INFO] [1786676159.555159]: 开始进行多边形确认 · detections=2
[INFO] [1786676159.580387]: 开始进行多边形确认 · centers=1 · rejected=0 · merged=0 · elapsed_ms=25.3
[INFO] [1786676159.682645]: 开始进行多边形确认 · detections=2
[INFO] [1786676159.707335]: 开始进行多边形确认 · centers=1 · rejected=0 · merged=0 · elapsed_ms=24.7
[INFO] [1786676159.809651]: 开始进行多边形确认 · detections=1
[INFO] [1786676159.927844]: 开始进行多边形确认 · detections=1
[INFO] [1786676160.054423]: 开始进行多边形确认 · detections=1
[INFO] [1786676160.182862]: 开始进行多边形确认 · detections=2
[INFO] [1786676160.310480]: 开始进行多边形确认 · detections=1
[INFO] [1786676160.479132]: 开始进行多边形确认 · detections=1
[INFO] [1786676160.581438]: 开始进行多边形确认 · detections=1
[INFO] [1786676160.704790]: 开始进行多边形确认 · detections=1
[INFO] [1786676160.831280]: 开始进行多边形确认 · detections=1
[INFO] [1786676160.953804]: 开始进行多边形确认 · detections=2
[INFO] [1786676160.979687]: CITRUS_CENTER ok pixel=(170,278) depth=0.608 m radius=25.0 mm arc=322 deg error=0.99 px fragments=1
[INFO] [1786676160.981013]: 开始进行多边形确认 · centers=1 · rejected=0 · merged=0 · elapsed_ms=27.3
[INFO] [1786676161.069814]: 开始进行多边形确认 · detections=2
[INFO] [1786676161.096322]: 开始进行多边形确认 · centers=1 · rejected=0 · merged=0 · elapsed_ms=26.6
[INFO] [1786676161.190524]: 开始进行多边形确认 · detections=2
[INFO] [1786676161.217147]: 开始进行多边形确认 · centers=1 · rejected=0 · merged=0 · elapsed_ms=26.7
[INFO] [1786676161.281502]: 开始进行多边形确认 · detections=2
[INFO] [1786676161.307606]: 开始进行多边形确认 · centers=1 · rejected=0 · merged=0 · elapsed_ms=26.1
[INFO] [1786676161.372168]: 开始进行多边形确认 · detections=2
[INFO] [1786676161.397661]: 开始进行多边形确认 · centers=1 · rejected=0 · merged=0 · elapsed_ms=25.5
[INFO] [1786676161.556743]: 开始进行多边形确认 · detections=3
[INFO] [1786676161.585001]: 开始进行多边形确认 · centers=1 · rejected=0 · merged=0 · elapsed_ms=28.3
[INFO] [1786676161.650705]: 开始进行多边形确认 · detections=2
[INFO] [1786676161.679605]: 开始进行多边形确认 · centers=1 · rejected=0 · merged=0 · elapsed_ms=28.9
[INFO] [1786676161.770202]: 开始进行多边形确认 · detections=1
[INFO] [1786676161.796643]: 开始进行多边形确认 · centers=1 · rejected=0 · merged=0 · elapsed_ms=26.5
[INFO] [1786676161.798123]: RGB-D vision status: model_ready:onnxruntime targets:1 centers:1 tf:1 rejected:0 merged:0 semantic_masks:1
[INFO] [1786676161.897702]: 开始进行多边形确认 · detections=2
[INFO] [1786676161.924525]: 开始进行多边形确认 · centers=1 · rejected=0 · merged=0 · elapsed_ms=26.9
[INFO] [1786676162.027947]: 开始进行多边形确认 · detections=2
[INFO] [1786676162.054244]: 开始进行多边形确认 · centers=1 · rejected=0 · merged=0 · elapsed_ms=26.3
[INFO] [1786676162.132140]: 开始进行多边形确认 · detections=2
[INFO] [1786676162.148136]: 开始进行多边形确认 · centers=1 · rejected=0 · merged=0 · elapsed_ms=16.0
[INFO] [1786676162.253255]: 开始进行多边形确认 · detections=2
[INFO] [1786676162.266392]: 开始进行多边形确认 · centers=1 · rejected=0 · merged=0 · elapsed_ms=13.2
[INFO] [1786676162.381080]: 开始进行多边形确认 · detections=2
[INFO] [1786676162.394063]: 开始进行多边形确认 · centers=1 · rejected=0 · merged=0 · elapsed_ms=13.0
[INFO] [1786676162.518950]: 开始进行多边形确认 · detections=2
[INFO] [1786676162.551258]: 开始进行多边形确认 · centers=1 · rejected=0 · merged=0 · elapsed_ms=32.3
[INFO] [1786676162.660099]: 开始进行多边形确认 · detections=2
[INFO] [1786676162.690414]: 开始进行多边形确认 · centers=1 · rejected=0 · merged=0 · elapsed_ms=30.3
[INFO] [1786676162.777910]: 开始进行多边形确认 · detections=1
[INFO] [1786676162.805248]: 开始进行多边形确认 · centers=1 · rejected=0 · merged=0 · elapsed_ms=27.4
[INFO] [1786676162.907743]: 开始进行多边形确认 · detections=2
[INFO] [1786676162.934565]: 开始进行多边形确认 · centers=1 · rejected=0 · merged=0 · elapsed_ms=26.9
[INFO] [1786676163.029546]: 开始进行多边形确认 · detections=2
[INFO] [1786676163.056514]: CITRUS_CENTER ok pixel=(171,234) depth=0.597 m radius=26.7 mm arc=325 deg error=1.18 px fragments=1
[INFO] [1786676163.057750]: 开始进行多边形确认 · centers=1 · rejected=0 · merged=0 · elapsed_ms=28.3
[INFO] [1786676163.169325]: 开始进行多边形确认 · detections=1
[INFO] [1786676163.195923]: 开始进行多边形确认 · centers=1 · rejected=0 · merged=0 · elapsed_ms=26.6
[INFO] [1786676163.272624]: 开始进行多边形确认 · detections=2
[INFO] [1786676163.299875]: 开始进行多边形确认 · centers=1 · rejected=0 · merged=0 · elapsed_ms=27.3
[INFO] [1786676163.405506]: 开始进行多边形确认 · detections=3
[INFO] [1786676163.434123]: 开始进行多边形确认 · centers=1 · rejected=0 · merged=0 · elapsed_ms=28.7
[INFO] [1786676163.526951]: 开始进行多边形确认 · detections=2
[INFO] [1786676163.554854]: 开始进行多边形确认 · centers=1 · rejected=0 · merged=0 · elapsed_ms=27.9
[INFO] [1786676163.656492]: 开始进行多边形确认 · detections=2
[INFO] [1786676163.690937]: 开始进行多边形确认 · centers=1 · rejected=0 · merged=0 · elapsed_ms=34.5
[INFO] [1786676163.785657]: 开始进行多边形确认 · detections=3
[INFO] [1786676163.815447]: 开始进行多边形确认 · centers=1 · rejected=0 · merged=0 · elapsed_ms=29.8
[INFO] [1786676163.887683]: 开始进行多边形确认 · detections=1
[INFO] [1786676163.901394]: 开始进行多边形确认 · centers=1 · rejected=0 · merged=0 · elapsed_ms=13.8
[INFO] [1786676164.009993]: 开始进行多边形确认 · detections=2
[INFO] [1786676164.024985]: 开始进行多边形确认 · centers=1 · rejected=0 · merged=0 · elapsed_ms=15.0
[INFO] [1786676164.140800]: 开始进行多边形确认 · detections=3
[INFO] [1786676164.171093]: 开始进行多边形确认 · centers=1 · rejected=0 · merged=0 · elapsed_ms=30.3
[INFO] [1786676164.282337]: 开始进行多边形确认 · detections=3
[INFO] [1786676164.311900]: 开始进行多边形确认 · centers=1 · rejected=0 · merged=0 · elapsed_ms=29.6
[INFO] [1786676164.411473]: 开始进行多边形确认 · detections=2
[INFO] [1786676164.436754]: 开始进行多边形确认 · centers=1 · rejected=0 · merged=0 · elapsed_ms=25.3
[INFO] [1786676164.532504]: 开始进行多边形确认 · detections=2
[INFO] [1786676164.550671]: 开始进行多边形确认 · centers=1 · rejected=0 · merged=0 · elapsed_ms=18.2
[INFO] [1786676164.635430]: 开始进行多边形确认 · detections=2
[INFO] [1786676164.670964]: 开始进行多边形确认 · centers=1 · rejected=0 · merged=0 · elapsed_ms=35.6
[INFO] [1786676164.778137]: 开始进行多边形确认 · detections=3
[INFO] [1786676164.804994]: 开始进行多边形确认 · centers=1 · rejected=0 · merged=0 · elapsed_ms=26.9
[INFO] [1786676164.900468]: 开始进行多边形确认 · detections=2
[INFO] [1786676164.925076]: 开始进行多边形确认 · centers=1 · rejected=0 · merged=0 · elapsed_ms=24.6
[INFO] [1786676165.030547]: 开始进行多边形确认 · detections=2
[INFO] [1786676165.058095]: CITRUS_CENTER ok pixel=(172,234) depth=0.595 m radius=26.7 mm arc=325 deg error=1.22 px fragments=1
[INFO] [1786676165.059523]: 开始进行多边形确认 · centers=1 · rejected=0 · merged=0 · elapsed_ms=29.1
[INFO] [1786676165.149867]: 开始进行多边形确认 · detections=2
[INFO] [1786676165.174843]: 开始进行多边形确认 · centers=1 · rejected=0 · merged=0 · elapsed_ms=25.0
[INFO] [1786676165.265034]: 开始进行多边形确认 · detections=2
[INFO] [1786676165.281181]: 开始进行多边形确认 · centers=1 · rejected=0 · merged=0 · elapsed_ms=16.2
[INFO] [1786676165.389267]: 开始进行多边形确认 · detections=2
[INFO] [1786676165.403091]: 开始进行多边形确认 · centers=1 · rejected=0 · merged=0 · elapsed_ms=13.9
[INFO] [1786676165.514509]: 开始进行多边形确认 · detections=2
[INFO] [1786676165.528271]: 开始进行多边形确认 · centers=1 · rejected=0 · merged=0 · elapsed_ms=13.8
[INFO] [1786676165.644433]: 开始进行多边形确认 · detections=2
[INFO] [1786676165.657379]: 开始进行多边形确认 · centers=1 · rejected=0 · merged=0 · elapsed_ms=13.0
[INFO] [1786676165.847192]: 开始进行多边形确认 · detections=2
[INFO] [1786676165.870907]: 开始进行多边形确认 · centers=1 · rejected=0 · merged=0 · elapsed_ms=23.7
[INFO] [1786676165.935783]: 开始进行多边形确认 · detections=2
[INFO] [1786676165.957707]: 开始进行多边形确认 · centers=1 · rejected=0 · merged=0 · elapsed_ms=21.9
[INFO] [1786676166.057092]: 开始进行多边形确认 · detections=2
[INFO] [1786676166.075785]: 开始进行多边形确认 · centers=1 · rejected=0 · merged=0 · elapsed_ms=18.7
[INFO] [1786676166.136205]: 开始进行多边形确认 · detections=2
[INFO] [1786676166.149220]: 开始进行多边形确认 · centers=1 · rejected=0 · merged=0 · elapsed_ms=13.0
[INFO] [1786676166.203204]: 开始进行多边形确认 · detections=2
[INFO] [1786676166.215747]: 开始进行多边形确认 · centers=1 · rejected=0 · merged=0 · elapsed_ms=12.6
[INFO] [1786676166.327297]: 开始进行多边形确认 · detections=2
[INFO] [1786676166.339141]: 开始进行多边形确认 · centers=1 · rejected=0 · merged=0 · elapsed_ms=11.9
[INFO] [1786676166.458743]: 开始进行多边形确认 · detections=3
[INFO] [1786676166.492794]: 开始进行多边形确认 · centers=1 · rejected=0 · merged=1 · elapsed_ms=34.1
[INFO] [1786676166.569404]: 开始进行多边形确认 · detections=2
[INFO] [1786676166.580590]: 开始进行多边形确认 · centers=1 · rejected=0 · merged=0 · elapsed_ms=11.2
[INFO] [1786676166.694222]: 开始进行多边形确认 · detections=3
[INFO] [1786676166.727461]: 开始进行多边形确认 · centers=1 · rejected=0 · merged=1 · elapsed_ms=33.3
[INFO] [1786676166.823364]: 开始进行多边形确认 · detections=2
[INFO] [1786676166.851266]: 开始进行多边形确认 · centers=1 · rejected=0 · merged=0 · elapsed_ms=27.9
[INFO] [1786676166.853439]: RGB-D vision status: model_ready:onnxruntime targets:1 centers:1 tf:1 rejected:0 merged:0 semantic_masks:2
[INFO] [1786676166.970411]: 开始进行多边形确认 · detections=2
[INFO] [1786676166.981216]: 开始进行多边形确认 · centers=1 · rejected=0 · merged=0 · elapsed_ms=10.8
[INFO] [1786676167.072027]: 开始进行多边形确认 · detections=2
[INFO] [1786676167.085428]: CITRUS_CENTER ok pixel=(243,240) depth=0.566 m radius=25.1 mm arc=314 deg error=0.57 px fragments=1
[INFO] [1786676167.086478]: 开始进行多边形确认 · centers=1 · rejected=0 · merged=0 · elapsed_ms=14.5
[INFO] [1786676167.199991]: 开始进行多边形确认 · detections=2
[INFO] [1786676167.212932]: 开始进行多边形确认 · centers=1 · rejected=0 · merged=0 · elapsed_ms=13.0
[INFO] [1786676167.330346]: 开始进行多边形确认 · detections=2
[INFO] [1786676167.340782]: 开始进行多边形确认 · centers=1 · rejected=0 · merged=0 · elapsed_ms=10.5
[INFO] [1786676167.461390]: 开始进行多边形确认 · detections=2
[INFO] [1786676167.472957]: 开始进行多边形确认 · centers=1 · rejected=0 · merged=0 · elapsed_ms=11.6
[INFO] [1786676167.586386]: 开始进行多边形确认 · detections=2
[INFO] [1786676167.597826]: 开始进行多边形确认 · centers=1 · rejected=0 · merged=0 · elapsed_ms=11.5
[INFO] [1786676167.709847]: 开始进行多边形确认 · detections=2
[INFO] [1786676167.722317]: 开始进行多边形确认 · centers=1 · rejected=0 · merged=0 · elapsed_ms=12.5
[INFO] [1786676167.836131]: 开始进行多边形确认 · detections=2
[INFO] [1786676167.846967]: 开始进行多边形确认 · centers=1 · rejected=0 · merged=0 · elapsed_ms=10.9
[INFO] [1786676168.007372]: 开始进行多边形确认 · detections=2
[INFO] [1786676168.033548]: 开始进行多边形确认 · centers=1 · rejected=0 · merged=0 · elapsed_ms=26.3
[INFO] [1786676168.103624]: 开始进行多边形确认 · detections=2
[INFO] [1786676168.123114]: 开始进行多边形确认 · centers=1 · rejected=0 · merged=0 · elapsed_ms=19.5
[INFO] [1786676168.224021]: 开始进行多边形确认 · detections=2
[INFO] [1786676168.244228]: 开始进行多边形确认 · centers=1 · rejected=0 · merged=0 · elapsed_ms=20.2
[INFO] [1786676168.349699]: 开始进行多边形确认 · detections=2
[INFO] [1786676168.371699]: 开始进行多边形确认 · centers=1 · rejected=0 · merged=0 · elapsed_ms=22.0
[INFO] [1786676168.490853]: 开始进行多边形确认 · detections=2
[INFO] [1786676168.511773]: 开始进行多边形确认 · centers=1 · rejected=0 · merged=0 · elapsed_ms=21.0
[INFO] [1786676168.601590]: 开始进行多边形确认 · detections=2
[INFO] [1786676168.623707]: 开始进行多边形确认 · centers=1 · rejected=0 · merged=0 · elapsed_ms=22.2
[INFO] [1786676168.732555]: 开始进行多边形确认 · detections=2
[INFO] [1786676168.750786]: 开始进行多边形确认 · centers=1 · rejected=0 · merged=0 · elapsed_ms=18.3
[INFO] [1786676168.837217]: 开始进行多边形确认 · detections=2
[INFO] [1786676168.847949]: 开始进行多边形确认 · centers=1 · rejected=0 · merged=0 · elapsed_ms=10.8
[INFO] [1786676168.962464]: 开始进行多边形确认 · detections=2
[INFO] [1786676168.988600]: 开始进行多边形确认 · centers=1 · rejected=0 · merged=0 · elapsed_ms=26.2
[INFO] [1786676169.110227]: 开始进行多边形确认 · detections=2
[INFO] [1786676169.132159]: CITRUS_CENTER ok pixel=(249,238) depth=0.576 m radius=21.6 mm arc=306 deg error=1.07 px fragments=1
[INFO] [1786676169.133221]: 开始进行多边形确认 · centers=1 · rejected=0 · merged=0 · elapsed_ms=23.1
[INFO] [1786676169.223286]: 开始进行多边形确认 · detections=2
[INFO] [1786676169.244700]: 开始进行多边形确认 · centers=1 · rejected=0 · merged=0 · elapsed_ms=21.4
[INFO] [1786676169.350493]: 开始进行多边形确认 · detections=2
[INFO] [1786676169.372952]: 开始进行多边形确认 · centers=1 · rejected=0 · merged=0 · elapsed_ms=22.5
[INFO] [1786676169.473510]: 开始进行多边形确认 · detections=2
[INFO] [1786676169.498274]: 开始进行多边形确认 · centers=1 · rejected=0 · merged=0 · elapsed_ms=24.8
[INFO] [1786676169.602002]: 开始进行多边形确认 · detections=2
[INFO] [1786676169.625069]: 开始进行多边形确认 · centers=1 · rejected=0 · merged=0 · elapsed_ms=23.1
[INFO] [1786676169.725941]: 开始进行多边形确认 · detections=1
[INFO] [1786676169.749424]: 开始进行多边形确认 · centers=1 · rejected=0 · merged=0 · elapsed_ms=23.5
[INFO] [1786676169.850677]: 开始进行多边形确认 · detections=3
[INFO] [1786676169.911901]: 开始进行多边形确认 · centers=1 · rejected=0 · merged=1 · elapsed_ms=61.3
[INFO] [1786676169.977792]: 开始进行多边形确认 · detections=3
[INFO] [1786676170.048942]: 开始进行多边形确认 · centers=1 · rejected=0 · merged=1 · elapsed_ms=71.2
[INFO] [1786676170.141690]: 开始进行多边形确认 · detections=3
[INFO] [1786676170.203861]: 开始进行多边形确认 · centers=1 · rejected=0 · merged=1 · elapsed_ms=62.2
[INFO] [1786676170.275033]: 开始进行多边形确认 · detections=3
[INFO] [1786676170.340495]: 开始进行多边形确认 · centers=1 · rejected=0 · merged=1 · elapsed_ms=65.5
[INFO] [1786676170.416463]: 开始进行多边形确认 · detections=3
[INFO] [1786676170.472839]: 开始进行多边形确认 · centers=1 · rejected=0 · merged=1 · elapsed_ms=56.4
[INFO] [1786676170.555719]: 开始进行多边形确认 · detections=3
[INFO] [1786676170.612775]: 开始进行多边形确认 · centers=1 · rejected=0 · merged=1 · elapsed_ms=57.1
[INFO] [1786676170.671596]: 开始进行多边形确认 · detections=2
[INFO] [1786676170.684702]: 开始进行多边形确认 · centers=1 · rejected=0 · merged=0 · elapsed_ms=13.1
[INFO] [1786676170.809069]: 开始进行多边形确认 · detections=3
[INFO] [1786676170.877228]: 开始进行多边形确认 · centers=1 · rejected=0 · merged=1 · elapsed_ms=68.2
[INFO] [1786676170.941281]: 开始进行多边形确认 · detections=1
[INFO] [1786676170.964838]: 开始进行多边形确认 · centers=1 · rejected=0 · merged=0 · elapsed_ms=23.6
[INFO] [1786676171.087851]: 开始进行多边形确认 · detections=2
[INFO] [1786676171.116015]: 开始进行多边形确认 · centers=1 · rejected=0 · merged=0 · elapsed_ms=28.2
[INFO] [1786676171.209948]: 开始进行多边形确认 · detections=2
[INFO] [1786676171.246270]: CITRUS_CENTER ok pixel=(262,242) depth=0.572 m radius=24.3 mm arc=291 deg error=0.96 px fragments=1
[INFO] [1786676171.247179]: 开始进行多边形确认 · centers=1 · rejected=0 · merged=0 · elapsed_ms=37.3
[INFO] [1786676171.308830]: 开始进行多边形确认 · detections=2
[INFO] [1786676171.321099]: 开始进行多边形确认 · centers=1 · rejected=0 · merged=0 · elapsed_ms=12.3
[INFO] [1786676171.429582]: 开始进行多边形确认 · detections=2
[INFO] [1786676171.441926]: 开始进行多边形确认 · centers=1 · rejected=0 · merged=0 · elapsed_ms=12.4
[INFO] [1786676171.554594]: 开始进行多边形确认 · detections=2
[INFO] [1786676171.564973]: 开始进行多边形确认 · centers=1 · rejected=0 · merged=0 · elapsed_ms=10.4
[INFO] [1786676171.643831]: 开始进行多边形确认 · detections=2
[INFO] [1786676171.663406]: 开始进行多边形确认 · centers=1 · rejected=0 · merged=0 · elapsed_ms=19.6
[INFO] [1786676171.708422]: 开始进行多边形确认 · detections=2
[INFO] [1786676171.718354]: 开始进行多边形确认 · centers=1 · rejected=0 · merged=0 · elapsed_ms=10.0
[INFO] [1786676171.802474]: 开始进行多边形确认 · detections=2
[INFO] [1786676171.814593]: 开始进行多边形确认 · centers=1 · rejected=0 · merged=0 · elapsed_ms=12.1
[INFO] [1786676171.926052]: 开始进行多边形确认 · detections=2
[INFO] [1786676171.936411]: 开始进行多边形确认 · centers=1 · rejected=0 · merged=0 · elapsed_ms=10.4
[INFO] [1786676172.065122]: 开始进行多边形确认 · detections=2
[INFO] [1786676172.075987]: 开始进行多边形确认 · centers=1 · rejected=0 · merged=0 · elapsed_ms=10.9
[INFO] [1786676172.214545]: 开始进行多边形确认 · detections=2
[INFO] [1786676172.231021]: 开始进行多边形确认 · centers=1 · rejected=0 · merged=0 · elapsed_ms=16.5
[INFO] [1786676172.317440]: 开始进行多边形确认 · detections=2
[INFO] [1786676172.337516]: 开始进行多边形确认 · centers=1 · rejected=0 · merged=0 · elapsed_ms=20.1
[INFO] [1786676172.447755]: 开始进行多边形确认 · detections=2
[INFO] [1786676172.467033]: 开始进行多边形确认 · centers=1 · rejected=0 · merged=0 · elapsed_ms=19.3
[INFO] [1786676172.578207]: 开始进行多边形确认 · detections=2
[INFO] [1786676172.598255]: 开始进行多边形确认 · centers=1 · rejected=0 · merged=0 · elapsed_ms=20.1
[INFO] [1786676172.722939]: 开始进行多边形确认 · detections=2
[INFO] [1786676172.744066]: 开始进行多边形确认 · centers=1 · rejected=0 · merged=0 · elapsed_ms=21.1
[INFO] [1786676172.811566]: 开始进行多边形确认 · detections=2
[INFO] [1786676172.823655]: 开始进行多边形确认 · centers=1 · rejected=0 · merged=0 · elapsed_ms=12.1
[INFO] [1786676172.937280]: 开始进行多边形确认 · detections=2
[INFO] [1786676172.949899]: 开始进行多边形确认 · centers=1 · rejected=0 · merged=0 · elapsed_ms=12.7
[INFO] [1786676173.062352]: 开始进行多边形确认 · detections=2
[INFO] [1786676173.072782]: 开始进行多边形确认 · centers=1 · rejected=0 · merged=0 · elapsed_ms=10.5
[INFO] [1786676173.196921]: 开始进行多边形确认 · detections=2
[INFO] [1786676173.215777]: 开始进行多边形确认 · centers=1 · rejected=0 · merged=0 · elapsed_ms=18.9
[INFO] [1786676173.317599]: 开始进行多边形确认 · detections=2
[INFO] [1786676173.327786]: CITRUS_CENTER ok pixel=(316,245) depth=0.549 m radius=26.9 mm arc=286 deg error=0.84 px fragments=1
[INFO] [1786676173.328660]: 开始进行多边形确认 · centers=1 · rejected=0 · merged=0 · elapsed_ms=11.1
[INFO] [1786676173.440181]: 开始进行多边形确认 · detections=2
[INFO] [1786676173.449735]: 开始进行多边形确认 · centers=1 · rejected=0 · merged=0 · elapsed_ms=9.6
[INFO] [1786676173.580673]: 开始进行多边形确认 · detections=2
[INFO] [1786676173.601165]: 开始进行多边形确认 · centers=1 · rejected=0 · merged=0 · elapsed_ms=20.5
[INFO] [1786676173.706409]: 开始进行多边形确认 · detections=2
[INFO] [1786676173.716011]: 开始进行多边形确认 · centers=1 · rejected=0 · merged=0 · elapsed_ms=9.7
[INFO] [1786676173.818496]: 开始进行多边形确认 · detections=2
[INFO] [1786676173.831852]: 开始进行多边形确认 · centers=1 · rejected=0 · merged=0 · elapsed_ms=13.4
[INFO] [1786676173.940197]: 开始进行多边形确认 · detections=2
[INFO] [1786676173.961442]: 开始进行多边形确认 · centers=1 · rejected=0 · merged=0 · elapsed_ms=21.3
[INFO] [1786676174.080605]: 开始进行多边形确认 · detections=2
[INFO] [1786676174.101867]: 开始进行多边形确认 · centers=1 · rejected=0 · merged=0 · elapsed_ms=21.3
[INFO] [1786676174.208550]: 开始进行多边形确认 · detections=2
[INFO] [1786676174.230048]: 开始进行多边形确认 · centers=1 · rejected=0 · merged=0 · elapsed_ms=21.6
[INFO] [1786676174.349299]: 开始进行多边形确认 · detections=2
[INFO] [1786676174.371194]: 开始进行多边形确认 · centers=1 · rejected=0 · merged=0 · elapsed_ms=21.9
[INFO] [1786676174.457492]: 开始进行多边形确认 · detections=2
[INFO] [1786676174.480871]: 开始进行多边形确认 · centers=1 · rejected=0 · merged=0 · elapsed_ms=23.4
[INFO] [1786676174.582623]: 开始进行多边形确认 · detections=2
[INFO] [1786676174.601551]: 开始进行多边形确认 · centers=1 · rejected=0 · merged=0 · elapsed_ms=19.0
[INFO] [1786676174.713891]: 开始进行多边形确认 · detections=2
[INFO] [1786676174.733885]: 开始进行多边形确认 · centers=1 · rejected=0 · merged=0 · elapsed_ms=20.0
[INFO] [1786676174.833269]: 开始进行多边形确认 · detections=2
[INFO] [1786676174.854553]: 开始进行多边形确认 · centers=1 · rejected=0 · merged=0 · elapsed_ms=21.4
[INFO] [1786676174.960453]: 开始进行多边形确认 · detections=2
[INFO] [1786676174.981370]: 开始进行多边形确认 · centers=1 · rejected=0 · merged=0 · elapsed_ms=20.9
[INFO] [1786676175.086605]: 开始进行多边形确认 · detections=2
[INFO] [1786676175.106755]: 开始进行多边形确认 · centers=1 · rejected=0 · merged=0 · elapsed_ms=20.2
[INFO] [1786676175.210002]: 开始进行多边形确认 · detections=2
[INFO] [1786676175.233741]: 开始进行多边形确认 · centers=1 · rejected=0 · merged=0 · elapsed_ms=23.7
[INFO] [1786676175.384470]: 开始进行多边形确认 · detections=2
[INFO] [1786676175.405092]: CITRUS_CENTER ok pixel=(316,245) depth=0.549 m radius=27.0 mm arc=286 deg error=0.84 px fragments=1
[INFO] [1786676175.406129]: 开始进行多边形确认 · centers=1 · rejected=0 · merged=0 · elapsed_ms=21.7
[INFO] [1786676175.477238]: 开始进行多边形确认 · detections=2
[INFO] [1786676175.502078]: 开始进行多边形确认 · centers=1 · rejected=0 · merged=0 · elapsed_ms=24.9
[INFO] [1786676175.606069]: 开始进行多边形确认 · detections=2
[INFO] [1786676175.629217]: 开始进行多边形确认 · centers=1 · rejected=0 · merged=0 · elapsed_ms=23.2
[INFO] [1786676175.721755]: 开始进行多边形确认 · detections=2
[INFO] [1786676175.741535]: 开始进行多边形确认 · centers=1 · rejected=0 · merged=0 · elapsed_ms=19.8
[INFO] [1786676175.850372]: 开始进行多边形确认 · detections=2
[INFO] [1786676175.872233]: 开始进行多边形确认 · centers=1 · rejected=0 · merged=0 · elapsed_ms=21.9
[INFO] [1786676175.974893]: 开始进行多边形确认 · detections=2
[INFO] [1786676175.994463]: 开始进行多边形确认 · centers=1 · rejected=0 · merged=0 · elapsed_ms=19.6
[INFO] [1786676176.103347]: 开始进行多边形确认 · detections=2
[INFO] [1786676176.122973]: 开始进行多边形确认 · centers=1 · rejected=0 · merged=0 · elapsed_ms=19.7
[INFO] [1786676176.224705]: 开始进行多边形确认 · detections=2
[INFO] [1786676176.246217]: 开始进行多边形确认 · centers=1 · rejected=0 · merged=0 · elapsed_ms=21.5
[INFO] [1786676176.366158]: 开始进行多边形确认 · detections=2
[INFO] [1786676176.387657]: 开始进行多边形确认 · centers=1 · rejected=0 · merged=0 · elapsed_ms=21.6
[INFO] [1786676176.462008]: 开始进行多边形确认 · detections=2
[INFO] [1786676176.473671]: 开始进行多边形确认 · centers=1 · rejected=0 · merged=0 · elapsed_ms=11.7
[INFO] [1786676176.599081]: 开始进行多边形确认 · detections=2
[INFO] [1786676176.622994]: 开始进行多边形确认 · centers=1 · rejected=0 · merged=0 · elapsed_ms=23.9
[INFO] [1786676176.719620]: 开始进行多边形确认 · detections=2
[INFO] [1786676176.761662]: 开始进行多边形确认 · centers=1 · rejected=0 · merged=0 · elapsed_ms=42.1
[INFO] [1786676176.845436]: 开始进行多边形确认 · detections=2
[INFO] [1786676176.868973]: 开始进行多边形确认 · centers=1 · rejected=0 · merged=0 · elapsed_ms=23.6
[INFO] [1786676176.972321]: 开始进行多边形确认 · detections=2
[INFO] [1786676176.995511]: 开始进行多边形确认 · centers=1 · rejected=0 · merged=0 · elapsed_ms=23.2
[INFO] [1786676177.102153]: 开始进行多边形确认 · detections=2
[INFO] [1786676177.126017]: 开始进行多边形确认 · centers=1 · rejected=0 · merged=0 · elapsed_ms=23.9
[INFO] [1786676177.174231]: 开始进行多边形确认 · detections=3
[INFO] [1786676177.185648]: 开始进行多边形确认 · centers=1 · rejected=0 · merged=0 · elapsed_ms=11.4
[INFO] [1786676177.186661]: RGB-D vision status: model_ready:onnxruntime targets:1 centers:1 tf:1 rejected:0 merged:0 semantic_masks:3
[INFO] [1786676177.251390]: 开始进行多边形确认 · detections=3
[INFO] [1786676177.274124]: 开始进行多边形确认 · centers=1 · rejected=0 · merged=0 · elapsed_ms=22.8
[INFO] [1786676177.424876]: 开始进行多边形确认 · detections=2
[INFO] [1786676177.444037]: CITRUS_CENTER ok pixel=(401,245) depth=0.565 m radius=31.1 mm arc=222 deg error=0.91 px fragments=1
[INFO] [1786676177.444959]: 开始进行多边形确认 · centers=1 · rejected=0 · merged=0 · elapsed_ms=20.2
[INFO] [1786676177.491303]: 开始进行多边形确认 · detections=3
[INFO] [1786676177.502914]: 开始进行多边形确认 · centers=1 · rejected=0 · merged=0 · elapsed_ms=11.6
[INFO] [1786676177.613301]: 开始进行多边形确认 · detections=2
[INFO] [1786676177.625972]: 开始进行多边形确认 · centers=1 · rejected=0 · merged=0 · elapsed_ms=12.7
[INFO] [1786676177.736673]: 开始进行多边形确认 · detections=2
[INFO] [1786676177.748014]: 开始进行多边形确认 · centers=1 · rejected=0 · merged=0 · elapsed_ms=11.4
[INFO] [1786676177.864605]: 开始进行多边形确认 · detections=2
[INFO] [1786676177.876091]: 开始进行多边形确认 · centers=1 · rejected=0 · merged=0 · elapsed_ms=11.5
[INFO] [1786676178.003721]: 开始进行多边形确认 · detections=2
[INFO] [1786676178.014454]: 开始进行多边形确认 · centers=1 · rejected=0 · merged=0 · elapsed_ms=10.8
[INFO] [1786676178.124202]: 开始进行多边形确认 · detections=2
[INFO] [1786676178.135427]: 开始进行多边形确认 · centers=1 · rejected=0 · merged=0 · elapsed_ms=11.2
[INFO] [1786676178.248336]: 开始进行多边形确认 · detections=3
[INFO] [1786676178.260978]: 开始进行多边形确认 · centers=1 · rejected=0 · merged=0 · elapsed_ms=12.7
[INFO] [1786676178.375849]: 开始进行多边形确认 · detections=3
[INFO] [1786676178.387056]: 开始进行多边形确认 · centers=1 · rejected=0 · merged=0 · elapsed_ms=11.3
[INFO] [1786676178.500322]: 开始进行多边形确认 · detections=2
[INFO] [1786676178.510904]: 开始进行多边形确认 · centers=1 · rejected=0 · merged=0 · elapsed_ms=10.6
[INFO] [1786676178.624091]: 开始进行多边形确认 · detections=2
[INFO] [1786676178.638107]: 开始进行多边形确认 · centers=1 · rejected=0 · merged=0 · elapsed_ms=14.0
[INFO] [1786676178.793142]: 开始进行多边形确认 · detections=2
[INFO] [1786676178.820801]: 开始进行多边形确认 · centers=1 · rejected=0 · merged=0 · elapsed_ms=27.7
[INFO] [1786676178.886816]: 开始进行多边形确认 · detections=2
[INFO] [1786676178.910852]: 开始进行多边形确认 · centers=1 · rejected=0 · merged=0 · elapsed_ms=24.1
[INFO] [1786676179.016886]: 开始进行多边形确认 · detections=2
[INFO] [1786676179.043652]: 开始进行多边形确认 · centers=1 · rejected=0 · merged=0 · elapsed_ms=26.8
[INFO] [1786676179.141339]: 开始进行多边形确认 · detections=2
[INFO] [1786676179.166190]: 开始进行多边形确认 · centers=1 · rejected=0 · merged=0 · elapsed_ms=24.9
[INFO] [1786676179.261637]: 开始进行多边形确认 · detections=2
[INFO] [1786676179.288717]: 开始进行多边形确认 · centers=1 · rejected=0 · merged=0 · elapsed_ms=27.1
[INFO] [1786676179.386708]: 开始进行多边形确认 · detections=2
[INFO] [1786676179.408615]: 开始进行多边形确认 · centers=1 · rejected=0 · merged=0 · elapsed_ms=21.9
[INFO] [1786676179.513338]: 开始进行多边形确认 · detections=3
[INFO] [1786676179.535593]: CITRUS_CENTER ok pixel=(404,244) depth=0.564 m radius=31.0 mm arc=227 deg error=1.09 px fragments=1
[INFO] [1786676179.536651]: 开始进行多边形确认 · centers=1 · rejected=0 · merged=0 · elapsed_ms=23.4
[INFO] [1786676179.640650]: 开始进行多边形确认 · detections=2
[INFO] [1786676179.662496]: 开始进行多边形确认 · centers=1 · rejected=0 · merged=0 · elapsed_ms=21.9
[INFO] [1786676179.845455]: 开始进行多边形确认 · detections=2
[INFO] [1786676179.857689]: 开始进行多边形确认 · centers=1 · rejected=0 · merged=0 · elapsed_ms=12.3
[INFO] [1786676179.912549]: 开始进行多边形确认 · detections=2
[INFO] [1786676179.925212]: 开始进行多边形确认 · centers=1 · rejected=0 · merged=0 · elapsed_ms=12.7
[INFO] [1786676180.028712]: 开始进行多边形确认 · detections=2
[INFO] [1786676180.040995]: 开始进行多边形确认 · centers=1 · rejected=0 · merged=0 · elapsed_ms=12.3
[INFO] [1786676180.158692]: 开始进行多边形确认 · detections=2
[INFO] [1786676180.171715]: 开始进行多边形确认 · centers=1 · rejected=0 · merged=0 · elapsed_ms=13.1
[INFO] [1786676180.283246]: 开始进行多边形确认 · detections=2
[INFO] [1786676180.299174]: 开始进行多边形确认 · centers=1 · rejected=0 · merged=0 · elapsed_ms=16.0
[INFO] [1786676180.419412]: 开始进行多边形确认 · detections=2
[INFO] [1786676180.441866]: 开始进行多边形确认 · centers=1 · rejected=0 · merged=0 · elapsed_ms=22.5
[INFO] [1786676180.554452]: 开始进行多边形确认 · detections=2
[INFO] [1786676180.576880]: 开始进行多边形确认 · centers=1 · rejected=0 · merged=0 · elapsed_ms=22.5
[INFO] [1786676180.672131]: 开始进行多边形确认 · detections=2
[INFO] [1786676180.697443]: 开始进行多边形确认 · centers=1 · rejected=0 · merged=0 · elapsed_ms=25.3
[INFO] [1786676180.809664]: 开始进行多边形确认 · detections=2
[INFO] [1786676180.829583]: 开始进行多边形确认 · centers=1 · rejected=0 · merged=0 · elapsed_ms=20.0
[INFO] [1786676180.903667]: 开始进行多边形确认 · detections=2
[INFO] [1786676180.921480]: 开始进行多边形确认 · centers=1 · rejected=0 · merged=0 · elapsed_ms=17.9
[INFO] [1786676181.025848]: 开始进行多边形确认 · detections=2
[INFO] [1786676181.045479]: 开始进行多边形确认 · centers=1 · rejected=0 · merged=0 · elapsed_ms=19.7
[INFO] [1786676181.150205]: 开始进行多边形确认 · detections=2
[INFO] [1786676181.164729]: 开始进行多边形确认 · centers=1 · rejected=0 · merged=0 · elapsed_ms=14.6
[INFO] [1786676181.276687]: 开始进行多边形确认 · detections=2
[INFO] [1786676181.294368]: 开始进行多边形确认 · centers=1 · rejected=0 · merged=0 · elapsed_ms=17.7
[INFO] [1786676181.398124]: 开始进行多边形确认 · detections=2
[INFO] [1786676181.408594]: 开始进行多边形确认 · centers=1 · rejected=0 · merged=0 · elapsed_ms=10.5
[INFO] [1786676181.523914]: 开始进行多边形确认 · detections=2
[INFO] [1786676181.535514]: 开始进行多边形确认 · centers=1 · rejected=0 · merged=0 · elapsed_ms=11.6
[INFO] [1786676181.653071]: 开始进行多边形确认 · detections=2
[INFO] [1786676181.676950]: CITRUS_CENTER ok pixel=(404,244) depth=0.564 m radius=31.6 mm arc=218 deg error=1.00 px fragments=1
[INFO] [1786676181.678120]: 开始进行多边形确认 · centers=1 · rejected=0 · merged=0 · elapsed_ms=25.1
[INFO] [1786676181.800159]: 开始进行多边形确认 · detections=2
[INFO] [1786676181.817072]: 开始进行多边形确认 · centers=1 · rejected=0 · merged=0 · elapsed_ms=16.9
[INFO] [1786676181.911241]: 开始进行多边形确认 · detections=2
[INFO] [1786676181.922924]: 开始进行多边形确认 · centers=1 · rejected=0 · merged=0 · elapsed_ms=11.7
[INFO] [1786676182.030654]: 开始进行多边形确认 · detections=3
[INFO] [1786676182.043277]: 开始进行多边形确认 · centers=1 · rejected=0 · merged=0 · elapsed_ms=12.6
[INFO] [1786676182.155737]: 开始进行多边形确认 · detections=2
[INFO] [1786676182.169545]: 开始进行多边形确认 · centers=1 · rejected=0 · merged=0 · elapsed_ms=13.9
[INFO] [1786676182.281695]: 开始进行多边形确认 · detections=2
[INFO] [1786676182.312780]: 开始进行多边形确认 · centers=1 · rejected=0 · merged=0 · elapsed_ms=31.1
[INFO] [1786676182.405095]: 开始进行多边形确认 · detections=2
[INFO] [1786676182.417872]: 开始进行多边形确认 · centers=1 · rejected=0 · merged=0 · elapsed_ms=12.8
[INFO] [1786676182.526156]: 开始进行多边形确认 · detections=2
[INFO] [1786676182.538488]: 开始进行多边形确认 · centers=1 · rejected=0 · merged=0 · elapsed_ms=12.3
[INFO] [1786676182.658299]: 开始进行多边形确认 · detections=2
[INFO] [1786676182.670964]: 开始进行多边形确认 · centers=1 · rejected=0 · merged=0 · elapsed_ms=12.7
[INFO] [1786676182.779344]: 开始进行多边形确认 · detections=2
[INFO] [1786676182.802280]: 开始进行多边形确认 · centers=1 · rejected=0 · merged=0 · elapsed_ms=23.0
[INFO] [1786676182.927476]: 开始进行多边形确认 · detections=2
[INFO] [1786676182.957335]: 开始进行多边形确认 · centers=1 · rejected=0 · merged=0 · elapsed_ms=29.9
[INFO] [1786676182.998594]: 开始进行多边形确认 · detections=4
[INFO] [1786676183.016404]: 开始进行多边形确认 · centers=2 · rejected=0 · merged=0 · elapsed_ms=17.8
[INFO] [1786676183.018220]: RGB-D vision status: model_ready:onnxruntime targets:2 centers:2 tf:2 rejected:0 merged:0 semantic_masks:4
[INFO] [1786676183.070287]: 开始进行多边形确认 · detections=3
[INFO] [1786676183.097524]: 开始进行多边形确认 · centers=1 · rejected=0 · merged=0 · elapsed_ms=27.3
[INFO] [1786676183.201702]: 开始进行多边形确认 · detections=5
[INFO] [1786676183.240074]: 开始进行多边形确认 · centers=2 · rejected=0 · merged=0 · elapsed_ms=38.4
[INFO] [1786676183.321838]: 开始进行多边形确认 · detections=3
[INFO] [1786676183.359040]: 开始进行多边形确认 · centers=2 · rejected=0 · merged=0 · elapsed_ms=37.2
[INFO] [1786676183.447751]: 开始进行多边形确认 · detections=3
[INFO] [1786676183.473143]: 开始进行多边形确认 · centers=1 · rejected=0 · merged=0 · elapsed_ms=25.4
[INFO] [1786676183.577076]: 开始进行多边形确认 · detections=3
[INFO] [1786676183.600727]: 开始进行多边形确认 · centers=1 · rejected=0 · merged=0 · elapsed_ms=23.7
[INFO] [1786676183.708672]: 开始进行多边形确认 · detections=4
[INFO] [1786676183.742707]: CITRUS_CENTER ok pixel=(469,233) depth=0.591 m radius=25.9 mm arc=282 deg error=0.54 px fragments=1
[INFO] [1786676183.743989]: 开始进行多边形确认 · centers=2 · rejected=0 · merged=0 · elapsed_ms=35.4
[INFO] [1786676183.833592]: 开始进行多边形确认 · detections=3
[INFO] [1786676183.860389]: 开始进行多边形确认 · centers=1 · rejected=0 · merged=0 · elapsed_ms=26.8
[INFO] [1786676183.985333]: 开始进行多边形确认 · detections=3
[INFO] [1786676184.014814]: 开始进行多边形确认 · centers=1 · rejected=0 · merged=0 · elapsed_ms=29.5
[INFO] [1786676184.067666]: 开始进行多边形确认 · detections=4
[INFO] [1786676184.085519]: 开始进行多边形确认 · centers=2 · rejected=0 · merged=0 · elapsed_ms=17.9
[INFO] [1786676184.191921]: 开始进行多边形确认 · detections=2
[INFO] [1786676184.203538]: 开始进行多边形确认 · centers=1 · rejected=0 · merged=0 · elapsed_ms=11.6
[INFO] [1786676184.317174]: 开始进行多边形确认 · detections=4
[INFO] [1786676184.336205]: 开始进行多边形确认 · centers=2 · rejected=0 · merged=0 · elapsed_ms=19.1
[INFO] [1786676184.439868]: 开始进行多边形确认 · detections=3
[INFO] [1786676184.452383]: 开始进行多边形确认 · centers=1 · rejected=0 · merged=0 · elapsed_ms=12.5
[INFO] [1786676184.568897]: 开始进行多边形确认 · detections=4
[INFO] [1786676184.590287]: 开始进行多边形确认 · centers=1 · rejected=1 · merged=0 · elapsed_ms=21.4
[INFO] [1786676184.709607]: 开始进行多边形确认 · detections=3
[INFO] [1786676184.734706]: 开始进行多边形确认 · centers=1 · rejected=0 · merged=0 · elapsed_ms=25.1
[INFO] [1786676184.835875]: 开始进行多边形确认 · detections=4
[INFO] [1786676184.869144]: 开始进行多边形确认 · centers=2 · rejected=0 · merged=0 · elapsed_ms=33.3
[INFO] [1786676184.958882]: 开始进行多边形确认 · detections=3
[INFO] [1786676184.998667]: 开始进行多边形确认 · centers=1 · rejected=1 · merged=0 · elapsed_ms=39.8
[INFO] [1786676185.093554]: 开始进行多边形确认 · detections=4
[INFO] [1786676185.112175]: 开始进行多边形确认 · centers=2 · rejected=0 · merged=0 · elapsed_ms=18.7
[INFO] [1786676185.205955]: 开始进行多边形确认 · detections=3
[INFO] [1786676185.219125]: 开始进行多边形确认 · centers=1 · rejected=0 · merged=0 · elapsed_ms=13.2
[INFO] [1786676185.326163]: 开始进行多边形确认 · detections=4
[INFO] [1786676185.343939]: 开始进行多边形确认 · centers=2 · rejected=0 · merged=0 · elapsed_ms=17.8
[INFO] [1786676185.452346]: 开始进行多边形确认 · detections=3
[INFO] [1786676185.465131]: 开始进行多边形确认 · centers=1 · rejected=0 · merged=0 · elapsed_ms=12.8
[INFO] [1786676185.578305]: 开始进行多边形确认 · detections=3
[INFO] [1786676185.591000]: 开始进行多边形确认 · centers=1 · rejected=0 · merged=0 · elapsed_ms=12.7
[INFO] [1786676185.700937]: 开始进行多边形确认 · detections=3
[INFO] [1786676185.712780]: 开始进行多边形确认 · centers=1 · rejected=0 · merged=0 · elapsed_ms=11.9
[INFO] [1786676185.826160]: 开始进行多边形确认 · detections=4
[INFO] [1786676185.842405]: CITRUS_CENTER ok pixel=(471,233) depth=0.592 m radius=26.5 mm arc=278 deg error=0.77 px fragments=1
[INFO] [1786676185.843738]: 开始进行多边形确认 · centers=2 · rejected=0 · merged=0 · elapsed_ms=17.6
[INFO] [1786676185.948343]: 开始进行多边形确认 · detections=4
[INFO] [1786676185.965022]: 开始进行多边形确认 · centers=1 · rejected=1 · merged=0 · elapsed_ms=16.7
[INFO] [1786676186.139777]: 开始进行多边形确认 · detections=4
[INFO] [1786676186.160491]: 开始进行多边形确认 · centers=2 · rejected=0 · merged=0 · elapsed_ms=20.8
[INFO] [1786676186.210292]: 开始进行多边形确认 · detections=3
[INFO] [1786676186.224941]: 开始进行多边形确认 · centers=1 · rejected=0 · merged=0 · elapsed_ms=14.7
[INFO] [1786676186.329348]: 开始进行多边形确认 · detections=3
[INFO] [1786676186.345980]: 开始进行多边形确认 · centers=1 · rejected=1 · merged=0 · elapsed_ms=16.7
[INFO] [1786676186.456199]: 开始进行多边形确认 · detections=3
[INFO] [1786676186.471855]: 开始进行多边形确认 · centers=1 · rejected=1 · merged=0 · elapsed_ms=15.7
[INFO] [1786676186.589564]: 开始进行多边形确认 · detections=4
[INFO] [1786676186.607814]: 开始进行多边形确认 · centers=1 · rejected=1 · merged=0 · elapsed_ms=18.3
[INFO] [1786676186.713974]: 开始进行多边形确认 · detections=3
[INFO] [1786676186.728828]: 开始进行多边形确认 · centers=1 · rejected=1 · merged=0 · elapsed_ms=14.9
[INFO] [1786676186.838979]: 开始进行多边形确认 · detections=4
[INFO] [1786676186.855591]: 开始进行多边形确认 · centers=1 · rejected=1 · merged=0 · elapsed_ms=16.7
[INFO] [1786676186.963580]: 开始进行多边形确认 · detections=3
[INFO] [1786676186.980773]: 开始进行多边形确认 · centers=1 · rejected=1 · merged=0 · elapsed_ms=17.2
[INFO] [1786676187.094826]: 开始进行多边形确认 · detections=4
[INFO] [1786676187.125583]: 开始进行多边形确认 · centers=1 · rejected=1 · merged=0 · elapsed_ms=30.8
[INFO] [1786676187.233283]: 开始进行多边形确认 · detections=3
[INFO] [1786676187.252572]: 开始进行多边形确认 · centers=1 · rejected=1 · merged=0 · elapsed_ms=19.3
[INFO] [1786676187.336495]: 开始进行多边形确认 · detections=3
[INFO] [1786676187.349888]: 开始进行多边形确认 · centers=1 · rejected=0 · merged=0 · elapsed_ms=13.4
[INFO] [1786676187.480859]: 开始进行多边形确认 · detections=4
[INFO] [1786676187.514005]: 开始进行多边形确认 · centers=1 · rejected=1 · merged=0 · elapsed_ms=33.2
[INFO] [1786676187.605305]: 开始进行多边形确认 · detections=3
[INFO] [1786676187.631128]: 开始进行多边形确认 · centers=1 · rejected=0 · merged=0 · elapsed_ms=25.9
[INFO] [1786676187.738699]: 开始进行多边形确认 · detections=3
[INFO] [1786676187.782519]: 开始进行多边形确认 · centers=1 · rejected=1 · merged=0 · elapsed_ms=43.9
[INFO] [1786676187.873936]: 开始进行多边形确认 · detections=2
[INFO] [1786676187.899866]: CITRUS_CENTER ok pixel=(471,233) depth=0.591 m radius=26.4 mm arc=279 deg error=0.72 px fragments=1
[INFO] [1786676187.901282]: 开始进行多边形确认 · centers=1 · rejected=0 · merged=0 · elapsed_ms=27.4
[INFO] [1786676188.011770]: 开始进行多边形确认 · detections=3
[INFO] [1786676188.058544]: 开始进行多边形确认 · centers=1 · rejected=1 · merged=0 · elapsed_ms=46.8
[INFO] [1786676188.060759]: RGB-D vision status: model_ready:onnxruntime targets:2 centers:1 tf:1 rejected:1 merged:0 semantic_masks:3
[INFO] [1786676188.173555]: 开始进行多边形确认 · detections=4
[INFO] [1786676188.222629]: 开始进行多边形确认 · centers=1 · rejected=1 · merged=0 · elapsed_ms=49.1
[INFO] [1786676188.325294]: 开始进行多边形确认 · detections=4
[INFO] [1786676188.371270]: 开始进行多边形确认 · centers=1 · rejected=1 · merged=0 · elapsed_ms=46.0
[INFO] [1786676188.454290]: 开始进行多边形确认 · detections=4
[INFO] [1786676188.475978]: 开始进行多边形确认 · centers=1 · rejected=1 · merged=0 · elapsed_ms=21.8
[INFO] [1786676188.543610]: 开始进行多边形确认 · detections=3
[INFO] [1786676188.582376]: 开始进行多边形确认 · centers=2 · rejected=0 · merged=0 · elapsed_ms=38.8
[INFO] [1786676188.678908]: 开始进行多边形确认 · detections=4
[INFO] [1786676188.714737]: 开始进行多边形确认 · centers=2 · rejected=0 · merged=0 · elapsed_ms=35.9
[INFO] [1786676188.800886]: 开始进行多边形确认 · detections=4
[INFO] [1786676188.837540]: 开始进行多边形确认 · centers=1 · rejected=1 · merged=0 · elapsed_ms=36.7
[INFO] [1786676188.927786]: 开始进行多边形确认 · detections=3
[INFO] [1786676188.956448]: 开始进行多边形确认 · centers=1 · rejected=0 · merged=0 · elapsed_ms=28.7
[INFO] [1786676189.051131]: 开始进行多边形确认 · detections=2
[INFO] [1786676189.075730]: 开始进行多边形确认 · centers=1 · rejected=0 · merged=0 · elapsed_ms=24.6
[INFO] [1786676189.177521]: 开始进行多边形确认 · detections=3
[INFO] [1786676189.213439]: 开始进行多边形确认 · centers=1 · rejected=0 · merged=0 · elapsed_ms=35.9
[INFO] [1786676189.323258]: 开始进行多边形确认 · detections=4
[INFO] [1786676189.370465]: 开始进行多边形确认 · centers=2 · rejected=0 · merged=0 · elapsed_ms=47.2
[INFO] [1786676189.436982]: 开始进行多边形确认 · detections=3
[INFO] [1786676189.472697]: 开始进行多边形确认 · centers=1 · rejected=1 · merged=0 · elapsed_ms=35.7
[INFO] [1786676189.565573]: 开始进行多边形确认 · detections=4
[INFO] [1786676189.601760]: 开始进行多边形确认 · centers=1 · rejected=1 · merged=0 · elapsed_ms=36.2
[INFO] [1786676189.689914]: 开始进行多边形确认 · detections=4
[INFO] [1786676189.722814]: 开始进行多边形确认 · centers=2 · rejected=0 · merged=0 · elapsed_ms=32.9
[INFO] [1786676189.819680]: 开始进行多边形确认 · detections=4
[INFO] [1786676189.857185]: 开始进行多边形确认 · centers=2 · rejected=0 · merged=0 · elapsed_ms=37.5
[INFO] [1786676189.939602]: 开始进行多边形确认 · detections=2
[INFO] [1786676189.968647]: CITRUS_CENTER ok pixel=(469,233) depth=0.593 m radius=26.0 mm arc=282 deg error=0.52 px fragments=1
[INFO] [1786676189.969998]: 开始进行多边形确认 · centers=1 · rejected=0 · merged=0 · elapsed_ms=30.5
[INFO] [1786676190.067105]: 开始进行多边形确认 · detections=3
[INFO] [1786676190.096093]: 开始进行多边形确认 · centers=1 · rejected=0 · merged=0 · elapsed_ms=29.0
[INFO] [1786676190.197758]: 开始进行多边形确认 · detections=3
[INFO] [1786676190.231919]: 开始进行多边形确认 · centers=1 · rejected=0 · merged=0 · elapsed_ms=34.2
[INFO] [1786676190.332670]: 开始进行多边形确认 · detections=2
[INFO] [1786676190.366060]: 开始进行多边形确认 · centers=1 · rejected=0 · merged=0 · elapsed_ms=33.4
[INFO] [1786676190.439554]: 开始进行多边形确认 · detections=3
[INFO] [1786676190.473688]: 开始进行多边形确认 · centers=1 · rejected=1 · merged=0 · elapsed_ms=34.2
[INFO] [1786676190.572079]: 开始进行多边形确认 · detections=2
[INFO] [1786676190.599520]: 开始进行多边形确认 · centers=1 · rejected=0 · merged=0 · elapsed_ms=27.5
[INFO] [1786676190.695008]: 开始进行多边形确认 · detections=2
[INFO] [1786676190.719376]: 开始进行多边形确认 · centers=1 · rejected=0 · merged=0 · elapsed_ms=24.4
[INFO] [1786676190.822683]: 开始进行多边形确认 · detections=3
[INFO] [1786676190.851245]: 开始进行多边形确认 · centers=1 · rejected=0 · merged=0 · elapsed_ms=28.6
[INFO] [1786676190.944625]: 开始进行多边形确认 · detections=3
[INFO] [1786676190.972105]: 开始进行多边形确认 · centers=1 · rejected=0 · merged=0 · elapsed_ms=27.5
[INFO] [1786676191.069548]: 开始进行多边形确认 · detections=2
[INFO] [1786676191.096974]: 开始进行多边形确认 · centers=1 · rejected=0 · merged=0 · elapsed_ms=27.5
[INFO] [1786676191.189076]: 开始进行多边形确认 · detections=2
[INFO] [1786676191.214451]: 开始进行多边形确认 · centers=1 · rejected=0 · merged=0 · elapsed_ms=25.4
[INFO] [1786676191.336736]: 开始进行多边形确认 · detections=3
[INFO] [1786676191.370065]: 开始进行多边形确认 · centers=1 · rejected=0 · merged=0 · elapsed_ms=33.4
[INFO] [1786676191.460613]: 开始进行多边形确认 · detections=3
[INFO] [1786676191.486101]: 开始进行多边形确认 · centers=1 · rejected=0 · merged=0 · elapsed_ms=25.5
[INFO] [1786676191.570421]: 开始进行多边形确认 · detections=3
[INFO] [1786676191.603613]: 开始进行多边形确认 · centers=2 · rejected=0 · merged=0 · elapsed_ms=33.2
[INFO] [1786676191.695003]: 开始进行多边形确认 · detections=2
[INFO] [1786676191.719904]: 开始进行多边形确认 · centers=1 · rejected=0 · merged=0 · elapsed_ms=25.0
[INFO] [1786676191.820081]: 开始进行多边形确认 · detections=2
[INFO] [1786676191.847547]: 开始进行多边形确认 · centers=1 · rejected=0 · merged=0 · elapsed_ms=27.5
[INFO] [1786676191.946747]: 开始进行多边形确认 · detections=3
[INFO] [1786676191.975307]: CITRUS_CENTER ok pixel=(469,233) depth=0.592 m radius=25.8 mm arc=287 deg error=0.48 px fragments=1
[INFO] [1786676191.976549]: 开始进行多边形确认 · centers=1 · rejected=0 · merged=0 · elapsed_ms=29.9
[INFO] [1786676192.074060]: 开始进行多边形确认 · detections=3
[INFO] [1786676192.101760]: 开始进行多边形确认 · centers=1 · rejected=0 · merged=0 · elapsed_ms=27.7
[INFO] [1786676192.210106]: 开始进行多边形确认 · detections=3
[INFO] [1786676192.238861]: 开始进行多边形确认 · centers=1 · rejected=0 · merged=0 · elapsed_ms=28.8
[INFO] [1786676192.341285]: 开始进行多边形确认 · detections=2
[INFO] [1786676192.375160]: 开始进行多边形确认 · centers=1 · rejected=0 · merged=0 · elapsed_ms=33.9
[INFO] [1786676192.472858]: 开始进行多边形确认 · detections=4
[INFO] [1786676192.508489]: 开始进行多边形确认 · centers=2 · rejected=0 · merged=0 · elapsed_ms=35.7
[INFO] [1786676192.579139]: 开始进行多边形确认 · detections=4
[INFO] [1786676192.605001]: 开始进行多边形确认 · centers=1 · rejected=0 · merged=0 · elapsed_ms=25.9
[INFO] [1786676192.701236]: 开始进行多边形确认 · detections=3
[INFO] [1786676192.726671]: 开始进行多边形确认 · centers=1 · rejected=0 · merged=0 · elapsed_ms=25.5
[INFO] [1786676192.826273]: 开始进行多边形确认 · detections=3
[INFO] [1786676192.852527]: 开始进行多边形确认 · centers=1 · rejected=0 · merged=0 · elapsed_ms=26.3
[INFO] [1786676192.949048]: 开始进行多边形确认 · detections=2
[INFO] [1786676192.966268]: 开始进行多边形确认 · centers=1 · rejected=0 · merged=0 · elapsed_ms=17.3
[INFO] [1786676193.064449]: 开始进行多边形确认 · detections=4
[INFO] [1786676193.083341]: 开始进行多边形确认 · centers=1 · rejected=1 · merged=0 · elapsed_ms=19.0
[INFO] [1786676193.084459]: RGB-D vision status: model_ready:onnxruntime targets:2 centers:1 tf:1 rejected:1 merged:0 semantic_masks:4
[INFO] [1786676193.189253]: 开始进行多边形确认 · detections=3
[INFO] [1786676193.201581]: 开始进行多边形确认 · centers=1 · rejected=0 · merged=0 · elapsed_ms=12.4
[INFO] [1786676193.314150]: 开始进行多边形确认 · detections=4
[INFO] [1786676193.331683]: 开始进行多边形确认 · centers=1 · rejected=1 · merged=0 · elapsed_ms=17.6
[INFO] [1786676193.480714]: 开始进行多边形确认 · detections=5
[INFO] [1786676193.513947]: 开始进行多边形确认 · centers=1 · rejected=1 · merged=0 · elapsed_ms=33.3
[INFO] [1786676193.586541]: 开始进行多边形确认 · detections=3
[INFO] [1786676193.606447]: 开始进行多边形确认 · centers=1 · rejected=1 · merged=0 · elapsed_ms=20.0
[INFO] [1786676193.697543]: 开始进行多边形确认 · detections=5
[INFO] [1786676193.715664]: 开始进行多边形确认 · centers=2 · rejected=0 · merged=0 · elapsed_ms=18.1
[INFO] [1786676193.822346]: 开始进行多边形确认 · detections=4
[INFO] [1786676193.842319]: 开始进行多边形确认 · centers=1 · rejected=1 · merged=0 · elapsed_ms=20.0
[INFO] [1786676193.947694]: 开始进行多边形确认 · detections=4
[INFO] [1786676193.966852]: 开始进行多边形确认 · centers=1 · rejected=1 · merged=0 · elapsed_ms=19.2
[INFO] [1786676194.073623]: 开始进行多边形确认 · detections=4
[INFO] [1786676194.090596]: CITRUS_CENTER ok pixel=(470,233) depth=0.594 m radius=26.6 mm arc=280 deg error=0.82 px fragments=1
[INFO] [1786676194.091706]: 开始进行多边形确认 · centers=1 · rejected=1 · merged=0 · elapsed_ms=18.1
[INFO] [1786676194.198035]: 开始进行多边形确认 · detections=3
[INFO] [1786676194.214136]: 开始进行多边形确认 · centers=2 · rejected=0 · merged=0 · elapsed_ms=16.1
[INFO] [1786676194.325012]: 开始进行多边形确认 · detections=5
[INFO] [1786676194.341657]: 开始进行多边形确认 · centers=1 · rejected=1 · merged=0 · elapsed_ms=16.7
[INFO] [1786676194.449659]: 开始进行多边形确认 · detections=3
[INFO] [1786676194.476694]: 开始进行多边形确认 · centers=1 · rejected=0 · merged=0 · elapsed_ms=27.1
[INFO] [1786676194.593342]: 开始进行多边形确认 · detections=3
[INFO] [1786676194.610857]: 开始进行多边形确认 · centers=2 · rejected=0 · merged=0 · elapsed_ms=17.5
[INFO] [1786676194.704320]: 开始进行多边形确认 · detections=5
[INFO] [1786676194.722561]: 开始进行多边形确认 · centers=1 · rejected=1 · merged=0 · elapsed_ms=18.3
[INFO] [1786676194.826603]: 开始进行多边形确认 · detections=4
[INFO] [1786676194.847270]: 开始进行多边形确认 · centers=1 · rejected=1 · merged=0 · elapsed_ms=20.7
[INFO] [1786676194.951633]: 开始进行多边形确认 · detections=3
[INFO] [1786676194.972949]: 开始进行多边形确认 · centers=1 · rejected=1 · merged=0 · elapsed_ms=21.4
[INFO] [1786676195.080974]: 开始进行多边形确认 · detections=4
[INFO] [1786676195.124887]: 开始进行多边形确认 · centers=1 · rejected=1 · merged=0 · elapsed_ms=44.0
[INFO] [1786676195.220101]: 开始进行多边形确认 · detections=4
[INFO] [1786676195.255079]: 开始进行多边形确认 · centers=1 · rejected=1 · merged=0 · elapsed_ms=35.0
[INFO] [1786676195.320488]: 开始进行多边形确认 · detections=3
[INFO] [1786676195.339318]: 开始进行多边形确认 · centers=1 · rejected=1 · merged=0 · elapsed_ms=18.8
[INFO] [1786676195.457578]: 开始进行多边形确认 · detections=4
[INFO] [1786676195.491825]: 开始进行多边形确认 · centers=2 · rejected=0 · merged=0 · elapsed_ms=34.3
[INFO] [1786676195.614179]: 开始进行多边形确认 · detections=4
[INFO] [1786676195.652701]: 开始进行多边形确认 · centers=1 · rejected=1 · merged=0 · elapsed_ms=38.5
[INFO] [1786676195.732393]: 开始进行多边形确认 · detections=4
[INFO] [1786676195.766487]: 开始进行多边形确认 · centers=1 · rejected=1 · merged=0 · elapsed_ms=34.1
[INFO] [1786676195.855922]: 开始进行多边形确认 · detections=4
[INFO] [1786676195.889900]: 开始进行多边形确认 · centers=1 · rejected=1 · merged=0 · elapsed_ms=33.9
[INFO] [1786676195.980842]: 开始进行多边形确认 · detections=4
[INFO] [1786676196.012617]: 开始进行多边形确认 · centers=1 · rejected=1 · merged=0 · elapsed_ms=31.8
[INFO] [1786676196.113675]: 开始进行多边形确认 · detections=4
[INFO] [1786676196.145331]: CITRUS_CENTER ok pixel=(470,233) depth=0.592 m radius=26.6 mm arc=279 deg error=0.84 px fragments=1
[INFO] [1786676196.146655]: 开始进行多边形确认 · centers=1 · rejected=1 · merged=0 · elapsed_ms=33.0
[INFO] [1786676196.233111]: 开始进行多边形确认 · detections=4
[INFO] [1786676196.265753]: 开始进行多边形确认 · centers=1 · rejected=1 · merged=0 · elapsed_ms=32.7
[INFO] [1786676196.364792]: 开始进行多边形确认 · detections=4
[INFO] [1786676196.391224]: 开始进行多边形确认 · centers=1 · rejected=0 · merged=0 · elapsed_ms=26.5
[INFO] [1786676196.484639]: 开始进行多边形确认 · detections=3
[INFO] [1786676196.512835]: 开始进行多边形确认 · centers=1 · rejected=0 · merged=0 · elapsed_ms=28.2
[INFO] [1786676196.635918]: 开始进行多边形确认 · detections=4
[INFO] [1786676196.673732]: 开始进行多边形确认 · centers=2 · rejected=0 · merged=0 · elapsed_ms=37.8
[INFO] [1786676196.737880]: 开始进行多边形确认 · detections=3
[INFO] [1786676196.778820]: 开始进行多边形确认 · centers=2 · rejected=0 · merged=0 · elapsed_ms=41.0
[INFO] [1786676196.866973]: 开始进行多边形确认 · detections=3
[INFO] [1786676196.902197]: 开始进行多边形确认 · centers=2 · rejected=0 · merged=0 · elapsed_ms=35.3
[INFO] [1786676196.988433]: 开始进行多边形确认 · detections=3
[INFO] [1786676197.021244]: 开始进行多边形确认 · centers=2 · rejected=0 · merged=0 · elapsed_ms=32.8
[INFO] [1786676197.115421]: 开始进行多边形确认 · detections=3
[INFO] [1786676197.148593]: 开始进行多边形确认 · centers=1 · rejected=1 · merged=0 · elapsed_ms=33.2
[INFO] [1786676197.238652]: 开始进行多边形确认 · detections=3
[INFO] [1786676197.274792]: 开始进行多边形确认 · centers=2 · rejected=0 · merged=0 · elapsed_ms=36.2
[INFO] [1786676197.379389]: 开始进行多边形确认 · detections=3
[INFO] [1786676197.415682]: 开始进行多边形确认 · centers=2 · rejected=0 · merged=0 · elapsed_ms=36.3
[INFO] [1786676197.500421]: 开始进行多边形确认 · detections=3
[INFO] [1786676197.534013]: 开始进行多边形确认 · centers=2 · rejected=0 · merged=0 · elapsed_ms=33.6
[INFO] [1786676197.628408]: 开始进行多边形确认 · detections=2
[INFO] [1786676197.659865]: 开始进行多边形确认 · centers=1 · rejected=0 · merged=0 · elapsed_ms=31.5
[INFO] [1786676197.757967]: 开始进行多边形确认 · detections=2
[INFO] [1786676197.784056]: 开始进行多边形确认 · centers=1 · rejected=0 · merged=0 · elapsed_ms=26.1
[INFO] [1786676197.857527]: 开始进行多边形确认 · detections=3
[INFO] [1786676197.883803]: 开始进行多边形确认 · centers=1 · rejected=0 · merged=0 · elapsed_ms=26.3
[INFO] [1786676197.981400]: 开始进行多边形确认 · detections=3
[INFO] [1786676198.015375]: 开始进行多边形确认 · centers=1 · rejected=1 · merged=0 · elapsed_ms=34.0
[INFO] [1786676198.108407]: 开始进行多边形确认 · detections=4
[INFO] [1786676198.141781]: 开始进行多边形确认 · centers=2 · rejected=0 · merged=0 · elapsed_ms=33.4
[INFO] [1786676198.143431]: RGB-D vision status: model_ready:onnxruntime targets:2 centers:2 tf:2 rejected:0 merged:0 semantic_masks:4
[INFO] [1786676198.243124]: 开始进行多边形确认 · detections=4
[INFO] [1786676198.276306]: CITRUS_CENTER ok pixel=(471,233) depth=0.591 m radius=26.4 mm arc=279 deg error=0.76 px fragments=1
[INFO] [1786676198.277338]: 开始进行多边形确认 · centers=1 · rejected=1 · merged=0 · elapsed_ms=34.3
[INFO] [1786676198.372364]: 开始进行多边形确认 · detections=4
[INFO] [1786676198.405718]: 开始进行多边形确认 · centers=1 · rejected=1 · merged=0 · elapsed_ms=33.4
[INFO] [1786676198.496329]: 开始进行多边形确认 · detections=3
[INFO] [1786676198.531720]: 开始进行多边形确认 · centers=1 · rejected=1 · merged=0 · elapsed_ms=35.4
[INFO] [1786676198.621429]: 开始进行多边形确认 · detections=4
[INFO] [1786676198.660644]: 开始进行多边形确认 · centers=1 · rejected=1 · merged=0 · elapsed_ms=39.2
[INFO] [1786676198.767551]: 开始进行多边形确认 · detections=2
[INFO] [1786676198.795520]: 开始进行多边形确认 · centers=1 · rejected=0 · merged=0 · elapsed_ms=28.0
[INFO] [1786676198.873264]: 开始进行多边形确认 · detections=4
[INFO] [1786676198.909769]: 开始进行多边形确认 · centers=2 · rejected=0 · merged=0 · elapsed_ms=36.5
[INFO] [1786676198.993536]: 开始进行多边形确认 · detections=3
[INFO] [1786676199.030581]: 开始进行多边形确认 · centers=1 · rejected=1 · merged=0 · elapsed_ms=37.1
[INFO] [1786676199.118808]: 开始进行多边形确认 · detections=3
[INFO] [1786676199.144154]: 开始进行多边形确认 · centers=1 · rejected=0 · merged=0 · elapsed_ms=25.4
[INFO] [1786676199.245377]: 开始进行多边形确认 · detections=4
[INFO] [1786676199.282096]: 开始进行多边形确认 · centers=1 · rejected=1 · merged=0 · elapsed_ms=36.8
[INFO] [1786676199.367660]: 开始进行多边形确认 · detections=3
[INFO] [1786676199.401802]: 开始进行多边形确认 · centers=1 · rejected=1 · merged=0 · elapsed_ms=34.2
[INFO] [1786676199.494724]: 开始进行多边形确认 · detections=4
[INFO] [1786676199.529106]: 开始进行多边形确认 · centers=1 · rejected=1 · merged=0 · elapsed_ms=34.4
[INFO] [1786676199.624694]: 开始进行多边形确认 · detections=3
[INFO] [1786676199.654029]: 开始进行多边形确认 · centers=1 · rejected=0 · merged=0 · elapsed_ms=29.4
[INFO] [1786676199.765369]: 开始进行多边形确认 · detections=3
[INFO] [1786676199.804865]: 开始进行多边形确认 · centers=2 · rejected=0 · merged=0 · elapsed_ms=39.6
[INFO] [1786676199.874862]: 开始进行多边形确认 · detections=4
[INFO] [1786676199.903889]: 开始进行多边形确认 · centers=1 · rejected=1 · merged=0 · elapsed_ms=29.1
[INFO] [1786676199.978415]: 开始进行多边形确认 · detections=4
[INFO] [1786676199.997497]: 开始进行多边形确认 · centers=1 · rejected=1 · merged=0 · elapsed_ms=19.1
[INFO] [1786676200.106609]: 开始进行多边形确认 · detections=4
[INFO] [1786676200.141726]: 开始进行多边形确认 · centers=2 · rejected=0 · merged=0 · elapsed_ms=35.2
[INFO] [1786676200.246369]: 开始进行多边形确认 · detections=3
[INFO] [1786676200.273547]: 开始进行多边形确认 · centers=1 · rejected=0 · merged=0 · elapsed_ms=27.2
[INFO] [1786676200.372983]: 开始进行多边形确认 · detections=3
[INFO] [1786676200.398445]: CITRUS_CENTER ok pixel=(470,233) depth=0.594 m radius=26.4 mm arc=281 deg error=0.74 px fragments=1
[INFO] [1786676200.399422]: 开始进行多边形确认 · centers=1 · rejected=0 · merged=0 · elapsed_ms=26.5
[INFO] [1786676200.496001]: 开始进行多边形确认 · detections=3
[INFO] [1786676200.523669]: 开始进行多边形确认 · centers=1 · rejected=0 · merged=0 · elapsed_ms=27.7
[INFO] [1786676200.612784]: 开始进行多边形确认 · detections=3
[INFO] [1786676200.636919]: 开始进行多边形确认 · centers=1 · rejected=0 · merged=0 · elapsed_ms=24.2
[INFO] [1786676200.725489]: 开始进行多边形确认 · detections=3
[INFO] [1786676200.747259]: 开始进行多边形确认 · centers=1 · rejected=0 · merged=0 · elapsed_ms=21.8
[INFO] [1786676200.853197]: 开始进行多边形确认 · detections=2
[INFO] [1786676200.866252]: 开始进行多边形确认 · centers=1 · rejected=0 · merged=0 · elapsed_ms=13.0
[INFO] [1786676200.977026]: 开始进行多边形确认 · detections=5
[INFO] [1786676201.017135]: 开始进行多边形确认 · centers=3 · rejected=1 · merged=0 · elapsed_ms=40.2
[INFO] [1786676201.101538]: 开始进行多边形确认 · detections=4
[INFO] [1786676201.128839]: 开始进行多边形确认 · centers=2 · rejected=1 · merged=0 · elapsed_ms=27.4
[INFO] [1786676201.225894]: 开始进行多边形确认 · detections=3
[INFO] [1786676201.264809]: 开始进行多边形确认 · centers=2 · rejected=0 · merged=0 · elapsed_ms=38.9
[INFO] [1786676201.403258]: 开始进行多边形确认 · detections=3
[INFO] [1786676201.431642]: 开始进行多边形确认 · centers=1 · rejected=1 · merged=0 · elapsed_ms=28.4
[INFO] [1786676201.515757]: 开始进行多边形确认 · detections=3
[INFO] [1786676201.560760]: 开始进行多边形确认 · centers=2 · rejected=0 · merged=0 · elapsed_ms=45.1
[INFO] [1786676201.653840]: 开始进行多边形确认 · detections=3
[INFO] [1786676201.691417]: 开始进行多边形确认 · centers=2 · rejected=0 · merged=0 · elapsed_ms=37.6
[INFO] [1786676201.827790]: 开始进行多边形确认 · detections=2
[INFO] [1786676201.860362]: 开始进行多边形确认 · centers=1 · rejected=0 · merged=0 · elapsed_ms=32.6
[INFO] [1786676201.924885]: 开始进行多边形确认 · detections=4
[INFO] [1786676201.963477]: 开始进行多边形确认 · centers=1 · rejected=1 · merged=0 · elapsed_ms=38.6
[INFO] [1786676202.040493]: 开始进行多边形确认 · detections=3
[INFO] [1786676202.068311]: 开始进行多边形确认 · centers=1 · rejected=0 · merged=0 · elapsed_ms=27.8
[INFO] [1786676202.164300]: 开始进行多边形确认 · detections=3
[INFO] [1786676202.202879]: 开始进行多边形确认 · centers=1 · rejected=1 · merged=0 · elapsed_ms=38.6
[INFO] [1786676202.292119]: 开始进行多边形确认 · detections=4
[INFO] [1786676202.331589]: 开始进行多边形确认 · centers=1 · rejected=1 · merged=0 · elapsed_ms=39.5
[INFO] [1786676202.416579]: 开始进行多边形确认 · detections=2
[INFO] [1786676202.446889]: CITRUS_CENTER ok pixel=(470,233) depth=0.593 m radius=26.4 mm arc=280 deg error=0.76 px fragments=1
[INFO] [1786676202.448061]: 开始进行多边形确认 · centers=1 · rejected=0 · merged=0 · elapsed_ms=31.5
[INFO] [1786676202.539743]: 开始进行多边形确认 · detections=3
[INFO] [1786676202.574461]: 开始进行多边形确认 · centers=1 · rejected=1 · merged=0 · elapsed_ms=34.8
[INFO] [1786676202.649129]: 开始进行多边形确认 · detections=2
[INFO] [1786676202.662504]: 开始进行多边形确认 · centers=1 · rejected=0 · merged=0 · elapsed_ms=13.4
[INFO] [1786676202.777915]: 开始进行多边形确认 · detections=4
[INFO] [1786676202.798350]: 开始进行多边形确认 · centers=1 · rejected=0 · merged=0 · elapsed_ms=20.5
[INFO] [1786676202.940758]: 开始进行多边形确认 · detections=2
[INFO] [1786676202.957062]: 开始进行多边形确认 · centers=1 · rejected=0 · merged=0 · elapsed_ms=16.4
[INFO] [1786676203.048618]: 开始进行多边形确认 · detections=4
[INFO] [1786676203.068690]: 开始进行多边形确认 · centers=1 · rejected=1 · merged=0 · elapsed_ms=20.1
[INFO] [1786676203.172708]: 开始进行多边形确认 · detections=5
[INFO] [1786676203.192202]: 开始进行多边形确认 · centers=1 · rejected=1 · merged=0 · elapsed_ms=19.6
[INFO] [1786676203.193445]: RGB-D vision status: model_ready:onnxruntime targets:2 centers:1 tf:1 rejected:1 merged:0 semantic_masks:5
[INFO] [1786676203.307288]: 开始进行多边形确认 · detections=2
[INFO] [1786676203.334567]: 开始进行多边形确认 · centers=1 · rejected=0 · merged=0 · elapsed_ms=27.3
[INFO] [1786676203.436768]: 开始进行多边形确认 · detections=3
[INFO] [1786676203.450025]: 开始进行多边形确认 · centers=1 · rejected=0 · merged=0 · elapsed_ms=13.3
[INFO] [1786676203.545617]: 开始进行多边形确认 · detections=2
[INFO] [1786676203.559262]: 开始进行多边形确认 · centers=1 · rejected=0 · merged=0 · elapsed_ms=13.7
[INFO] [1786676203.669497]: 开始进行多边形确认 · detections=2
[INFO] [1786676203.681465]: 开始进行多边形确认 · centers=1 · rejected=0 · merged=0 · elapsed_ms=12.0
[INFO] [1786676203.791298]: 开始进行多边形确认 · detections=4
[INFO] [1786676203.809662]: 开始进行多边形确认 · centers=1 · rejected=1 · merged=0 · elapsed_ms=18.4
[INFO] [1786676203.955718]: 开始进行多边形确认 · detections=4
[INFO] [1786676203.992205]: 开始进行多边形确认 · centers=1 · rejected=1 · merged=0 · elapsed_ms=36.6
[INFO] [1786676204.062818]: 开始进行多边形确认 · detections=4
[INFO] [1786676204.094774]: 开始进行多边形确认 · centers=1 · rejected=1 · merged=0 · elapsed_ms=32.0
[INFO] [1786676204.184300]: 开始进行多边形确认 · detections=3
[INFO] [1786676204.220871]: 开始进行多边形确认 · centers=1 · rejected=1 · merged=0 · elapsed_ms=36.6
[INFO] [1786676204.311950]: 开始进行多边形确认 · detections=4
[INFO] [1786676204.346972]: 开始进行多边形确认 · centers=1 · rejected=1 · merged=0 · elapsed_ms=35.1
[INFO] [1786676204.431750]: 开始进行多边形确认 · detections=4
[INFO] [1786676204.468591]: CITRUS_CENTER ok pixel=(470,233) depth=0.595 m radius=26.7 mm arc=280 deg error=0.86 px fragments=1
[INFO] [1786676204.470114]: 开始进行多边形确认 · centers=1 · rejected=1 · merged=0 · elapsed_ms=38.4
[INFO] [1786676204.558392]: 开始进行多边形确认 · detections=3
[INFO] [1786676204.595032]: 开始进行多边形确认 · centers=1 · rejected=1 · merged=0 · elapsed_ms=36.7
[INFO] [1786676204.685829]: 开始进行多边形确认 · detections=4
[INFO] [1786676204.720226]: 开始进行多边形确认 · centers=1 · rejected=1 · merged=0 · elapsed_ms=34.5
[INFO] [1786676204.797509]: 开始进行多边形确认 · detections=4
[INFO] [1786676204.813624]: 开始进行多边形确认 · centers=1 · rejected=1 · merged=0 · elapsed_ms=16.1
[INFO] [1786676204.964201]: 开始进行多边形确认 · detections=4
[INFO] [1786676204.986625]: 开始进行多边形确认 · centers=1 · rejected=1 · merged=0 · elapsed_ms=22.5
[INFO] [1786676205.048800]: 开始进行多边形确认 · detections=4
[INFO] [1786676205.067388]: 开始进行多边形确认 · centers=1 · rejected=1 · merged=0 · elapsed_ms=18.6
[INFO] [1786676205.175761]: 开始进行多边形确认 · detections=4
[INFO] [1786676205.210439]: 开始进行多边形确认 · centers=1 · rejected=1 · merged=0 · elapsed_ms=34.7
[INFO] [1786676205.311422]: 开始进行多边形确认 · detections=4
[INFO] [1786676205.345751]: 开始进行多边形确认 · centers=1 · rejected=1 · merged=0 · elapsed_ms=34.4
[INFO] [1786676205.434407]: 开始进行多边形确认 · detections=4
[INFO] [1786676205.470662]: 开始进行多边形确认 · centers=1 · rejected=1 · merged=0 · elapsed_ms=36.3
[INFO] [1786676205.560525]: 开始进行多边形确认 · detections=3
[INFO] [1786676205.583302]: 开始进行多边形确认 · centers=1 · rejected=1 · merged=0 · elapsed_ms=22.9
[INFO] [1786676205.673390]: 开始进行多边形确认 · detections=3
[INFO] [1786676205.690847]: 开始进行多边形确认 · centers=2 · rejected=0 · merged=0 · elapsed_ms=17.5
[INFO] [1786676205.801617]: 开始进行多边形确认 · detections=3
[INFO] [1786676205.814322]: 开始进行多边形确认 · centers=1 · rejected=0 · merged=0 · elapsed_ms=12.7
[INFO] [1786676205.929836]: 开始进行多边形确认 · detections=4
[INFO] [1786676205.961350]: 开始进行多边形确认 · centers=2 · rejected=0 · merged=0 · elapsed_ms=31.5
[INFO] [1786676206.076006]: 开始进行多边形确认 · detections=3
[INFO] [1786676206.094787]: 开始进行多边形确认 · centers=1 · rejected=1 · merged=0 · elapsed_ms=18.8
[INFO] [1786676206.181862]: 开始进行多边形确认 · detections=3
[INFO] [1786676206.199158]: 开始进行多边形确认 · centers=1 · rejected=1 · merged=0 · elapsed_ms=17.3
[INFO] [1786676206.307451]: 开始进行多边形确认 · detections=3
[INFO] [1786676206.318824]: 开始进行多边形确认 · centers=1 · rejected=0 · merged=0 · elapsed_ms=11.4
[INFO] [1786676206.421243]: 开始进行多边形确认 · detections=3
[INFO] [1786676206.439764]: 开始进行多边形确认 · centers=1 · rejected=1 · merged=0 · elapsed_ms=18.5
[INFO] [1786676206.550278]: 开始进行多边形确认 · detections=3
[INFO] [1786676206.587691]: CITRUS_CENTER ok pixel=(469,233) depth=0.597 m radius=26.0 mm arc=287 deg error=0.51 px fragments=1
[INFO] [1786676206.589092]: 开始进行多边形确认 · centers=2 · rejected=0 · merged=0 · elapsed_ms=38.9
[INFO] [1786676206.689020]: 开始进行多边形确认 · detections=3
[INFO] [1786676206.724397]: 开始进行多边形确认 · centers=1 · rejected=1 · merged=0 · elapsed_ms=35.4
[INFO] [1786676206.816423]: 开始进行多边形确认 · detections=3
[INFO] [1786676206.852279]: 开始进行多边形确认 · centers=1 · rejected=1 · merged=0 · elapsed_ms=35.9
[INFO] [1786676206.940897]: 开始进行多边形确认 · detections=2
[INFO] [1786676206.976782]: 开始进行多边形确认 · centers=1 · rejected=0 · merged=0 · elapsed_ms=35.9
[INFO] [1786676207.073897]: 开始进行多边形确认 · detections=4
[INFO] [1786676207.097885]: 开始进行多边形确认 · centers=3 · rejected=0 · merged=0 · elapsed_ms=24.0
[INFO] [1786676207.177252]: 开始进行多边形确认 · detections=4
[INFO] [1786676207.198639]: 开始进行多边形确认 · centers=2 · rejected=0 · merged=0 · elapsed_ms=21.4
[INFO] [1786676207.307606]: 开始进行多边形确认 · detections=3
[INFO] [1786676207.324448]: 开始进行多边形确认 · centers=1 · rejected=1 · merged=0 · elapsed_ms=16.9
[INFO] [1786676207.423292]: 开始进行多边形确认 · detections=4
[INFO] [1786676207.446664]: 开始进行多边形确认 · centers=2 · rejected=0 · merged=0 · elapsed_ms=23.4
[INFO] [1786676207.557070]: 开始进行多边形确认 · detections=3
[INFO] [1786676207.572771]: 开始进行多边形确认 · centers=1 · rejected=0 · merged=0 · elapsed_ms=15.7
[INFO] [1786676207.677176]: 开始进行多边形确认 · detections=4
[INFO] [1786676207.697922]: 开始进行多边形确认 · centers=2 · rejected=0 · merged=0 · elapsed_ms=20.8
[INFO] [1786676207.805924]: 开始进行多边形确认 · detections=3
[INFO] [1786676207.817702]: 开始进行多边形确认 · centers=1 · rejected=0 · merged=0 · elapsed_ms=11.8
[INFO] [1786676207.926298]: 开始进行多边形确认 · detections=3
[INFO] [1786676207.948548]: 开始进行多边形确认 · centers=2 · rejected=0 · merged=0 · elapsed_ms=22.3
[INFO] [1786676208.097877]: 开始进行多边形确认 · detections=2
[INFO] [1786676208.113482]: 开始进行多边形确认 · centers=1 · rejected=0 · merged=0 · elapsed_ms=15.6
[INFO] [1786676208.185987]: 开始进行多边形确认 · detections=3
[INFO] [1786676208.204422]: 开始进行多边形确认 · centers=2 · rejected=0 · merged=0 · elapsed_ms=18.5
[INFO] [1786676208.206051]: RGB-D vision status: model_ready:onnxruntime targets:2 centers:2 tf:2 rejected:0 merged:0 semantic_masks:3
[INFO] [1786676208.320089]: 开始进行多边形确认 · detections=3
[INFO] [1786676208.351536]: 开始进行多边形确认 · centers=2 · rejected=0 · merged=0 · elapsed_ms=31.5
[INFO] [1786676208.442478]: 开始进行多边形确认 · detections=4
[INFO] [1786676208.455522]: 开始进行多边形确认 · centers=1 · rejected=0 · merged=0 · elapsed_ms=13.1
[INFO] [1786676208.549859]: 开始进行多边形确认 · detections=3
[INFO] [1786676208.571615]: 开始进行多边形确认 · centers=1 · rejected=1 · merged=0 · elapsed_ms=21.8
[INFO] [1786676208.678760]: 开始进行多边形确认 · detections=4
[INFO] [1786676208.705554]: CITRUS_CENTER ok pixel=(469,233) depth=0.597 m radius=26.2 mm arc=282 deg error=0.54 px fragments=1
[INFO] [1786676208.706645]: 开始进行多边形确认 · centers=2 · rejected=0 · merged=0 · elapsed_ms=28.0
[INFO] [1786676208.802544]: 开始进行多边形确认 · detections=3
[INFO] [1786676208.815393]: 开始进行多边形确认 · centers=1 · rejected=0 · merged=0 · elapsed_ms=12.9
[INFO] [1786676208.923825]: 开始进行多边形确认 · detections=3
[INFO] [1786676208.937244]: 开始进行多边形确认 · centers=1 · rejected=0 · merged=0 · elapsed_ms=13.5
[INFO] [1786676209.047557]: 开始进行多边形确认 · detections=5
[INFO] [1786676209.095617]: 开始进行多边形确认 · centers=3 · rejected=0 · merged=0 · elapsed_ms=48.1
[INFO] [1786676209.212390]: 开始进行多边形确认 · detections=2
[INFO] [1786676209.241289]: 开始进行多边形确认 · centers=1 · rejected=0 · merged=0 · elapsed_ms=28.9
[INFO] [1786676209.309070]: 开始进行多边形确认 · detections=3
[INFO] [1786676209.356755]: 开始进行多边形确认 · centers=2 · rejected=0 · merged=0 · elapsed_ms=47.7
[INFO] [1786676209.431124]: 开始进行多边形确认 · detections=3
[INFO] [1786676209.457718]: 开始进行多边形确认 · centers=1 · rejected=0 · merged=0 · elapsed_ms=26.6
[INFO] [1786676209.556979]: 开始进行多边形确认 · detections=5
[INFO] [1786676209.606501]: 开始进行多边形确认 · centers=2 · rejected=1 · merged=0 · elapsed_ms=49.6
[INFO] [1786676209.684327]: 开始进行多边形确认 · detections=4
[INFO] [1786676209.719262]: 开始进行多边形确认 · centers=1 · rejected=1 · merged=0 · elapsed_ms=35.0
[INFO] [1786676209.812154]: 开始进行多边形确认 · detections=5
[INFO] [1786676209.864299]: 开始进行多边形确认 · centers=2 · rejected=1 · merged=0 · elapsed_ms=52.2
[INFO] [1786676209.933614]: 开始进行多边形确认 · detections=3
[INFO] [1786676209.978911]: 开始进行多边形确认 · centers=2 · rejected=0 · merged=0 · elapsed_ms=45.3
[INFO] [1786676210.061297]: 开始进行多边形确认 · detections=3
[INFO] [1786676210.112037]: 开始进行多边形确认 · centers=2 · rejected=0 · merged=0 · elapsed_ms=50.8
[INFO] [1786676210.217847]: 开始进行多边形确认 · detections=4
[INFO] [1786676210.267766]: 开始进行多边形确认 · centers=2 · rejected=0 · merged=0 · elapsed_ms=49.9
[INFO] [1786676210.326515]: 开始进行多边形确认 · detections=3
[INFO] [1786676210.362271]: 开始进行多边形确认 · centers=1 · rejected=1 · merged=0 · elapsed_ms=35.8
[INFO] [1786676210.459267]: 开始进行多边形确认 · detections=4
[INFO] [1786676210.492572]: 开始进行多边形确认 · centers=2 · rejected=0 · merged=0 · elapsed_ms=33.3
[INFO] [1786676210.582313]: 开始进行多边形确认 · detections=3
[INFO] [1786676210.617450]: 开始进行多边形确认 · centers=2 · rejected=0 · merged=0 · elapsed_ms=35.2
[INFO] [1786676210.707188]: 开始进行多边形确认 · detections=4
[INFO] [1786676210.742208]: CITRUS_CENTER ok pixel=(470,233) depth=0.594 m radius=26.6 mm arc=281 deg error=0.67 px fragments=1
[INFO] [1786676210.744142]: 开始进行多边形确认 · centers=1 · rejected=1 · merged=0 · elapsed_ms=37.0
[INFO] [1786676210.836336]: 开始进行多边形确认 · detections=3
[INFO] [1786676210.873415]: 开始进行多边形确认 · centers=1 · rejected=1 · merged=0 · elapsed_ms=37.2
[INFO] [1786676210.954783]: 开始进行多边形确认 · detections=3
[INFO] [1786676210.980423]: 开始进行多边形确认 · centers=2 · rejected=0 · merged=0 · elapsed_ms=25.7
[INFO] [1786676211.080770]: 开始进行多边形确认 · detections=3
[INFO] [1786676211.108067]: 开始进行多边形确认 · centers=1 · rejected=0 · merged=0 · elapsed_ms=27.4
[INFO] [1786676211.208565]: 开始进行多边形确认 · detections=4
[INFO] [1786676211.253215]: 开始进行多边形确认 · centers=2 · rejected=0 · merged=0 · elapsed_ms=44.7
[INFO] [1786676211.342405]: 开始进行多边形确认 · detections=5
[INFO] [1786676211.398263]: 开始进行多边形确认 · centers=2 · rejected=1 · merged=0 · elapsed_ms=55.9
[INFO] [1786676211.469109]: 开始进行多边形确认 · detections=3
[INFO] [1786676211.493698]: 开始进行多边形确认 · centers=1 · rejected=0 · merged=0 · elapsed_ms=24.6
[INFO] [1786676211.585805]: 开始进行多边形确认 · detections=4
[INFO] [1786676211.620017]: 开始进行多边形确认 · centers=1 · rejected=1 · merged=0 · elapsed_ms=34.2
[INFO] [1786676211.712649]: 开始进行多边形确认 · detections=5
[INFO] [1786676211.763128]: 开始进行多边形确认 · centers=2 · rejected=1 · merged=0 · elapsed_ms=50.5
[INFO] [1786676211.817404]: 开始进行多边形确认 · detections=3
[INFO] [1786676211.829020]: 开始进行多边形确认 · centers=1 · rejected=0 · merged=0 · elapsed_ms=11.6
[INFO] [1786676211.945529]: 开始进行多边形确认 · detections=4
[INFO] [1786676211.962730]: 开始进行多边形确认 · centers=1 · rejected=1 · merged=0 · elapsed_ms=17.2
[INFO] [1786676212.080964]: 开始进行多边形确认 · detections=4
[INFO] [1786676212.100944]: 开始进行多边形确认 · centers=1 · rejected=1 · merged=0 · elapsed_ms=20.0
[INFO] [1786676212.208302]: 开始进行多边形确认 · detections=4
[INFO] [1786676212.233482]: 开始进行多边形确认 · centers=1 · rejected=1 · merged=0 · elapsed_ms=25.2
[INFO] [1786676212.338320]: 开始进行多边形确认 · detections=3
[INFO] [1786676212.352424]: 开始进行多边形确认 · centers=1 · rejected=0 · merged=0 · elapsed_ms=14.1
[INFO] [1786676212.448854]: 开始进行多边形确认 · detections=3
[INFO] [1786676212.467942]: 开始进行多边形确认 · centers=1 · rejected=1 · merged=0 · elapsed_ms=19.1
[INFO] [1786676212.573635]: 开始进行多边形确认 · detections=2
[INFO] [1786676212.588892]: 开始进行多边形确认 · centers=1 · rejected=0 · merged=0 · elapsed_ms=15.3
[INFO] [1786676212.701647]: 开始进行多边形确认 · detections=5
[INFO] [1786676212.731491]: 开始进行多边形确认 · centers=2 · rejected=1 · merged=0 · elapsed_ms=29.9
[INFO] [1786676212.826485]: 开始进行多边形确认 · detections=4
[INFO] [1786676212.847716]: CITRUS_CENTER ok pixel=(470,233) depth=0.595 m radius=26.5 mm arc=281 deg error=0.71 px fragments=1
[INFO] [1786676212.849280]: 开始进行多边形确认 · centers=1 · rejected=1 · merged=0 · elapsed_ms=22.8
[INFO] [1786676212.954246]: 开始进行多边形确认 · detections=4
[INFO] [1786676212.979022]: 开始进行多边形确认 · centers=2 · rejected=0 · merged=0 · elapsed_ms=24.8
[INFO] [1786676213.080272]: 开始进行多边形确认 · detections=4
[INFO] [1786676213.107269]: 开始进行多边形确认 · centers=1 · rejected=1 · merged=0 · elapsed_ms=27.0
[INFO] [1786676213.199652]: 开始进行多边形确认 · detections=4
[INFO] [1786676213.218400]: 开始进行多边形确认 · centers=1 · rejected=1 · merged=0 · elapsed_ms=18.8
[INFO] [1786676213.378858]: 开始进行多边形确认 · detections=4
[INFO] [1786676213.397416]: 开始进行多边形确认 · centers=1 · rejected=1 · merged=0 · elapsed_ms=18.6
[INFO] [1786676213.453635]: 开始进行多边形确认 · detections=4
[INFO] [1786676213.472801]: 开始进行多边形确认 · centers=1 · rejected=1 · merged=0 · elapsed_ms=19.2
[INFO] [1786676213.575774]: 开始进行多边形确认 · detections=4
[INFO] [1786676213.595982]: 开始进行多边形确认 · centers=1 · rejected=1 · merged=0 · elapsed_ms=20.2
[INFO] [1786676213.696428]: 开始进行多边形确认 · detections=5
[INFO] [1786676213.725394]: 开始进行多边形确认 · centers=2 · rejected=1 · merged=0 · elapsed_ms=29.0
[INFO] [1786676213.726777]: RGB-D vision status: model_ready:onnxruntime targets:3 centers:2 tf:2 rejected:1 merged:0 semantic_masks:5
[INFO] [1786676213.818364]: 开始进行多边形确认 · detections=3
[INFO] [1786676213.837035]: 开始进行多边形确认 · centers=1 · rejected=1 · merged=0 · elapsed_ms=18.7
[INFO] [1786676213.945469]: 开始进行多边形确认 · detections=3
[INFO] [1786676213.958939]: 开始进行多边形确认 · centers=1 · rejected=0 · merged=0 · elapsed_ms=13.5
[INFO] [1786676214.082738]: 开始进行多边形确认 · detections=4
[INFO] [1786676214.119791]: 开始进行多边形确认 · centers=1 · rejected=1 · merged=0 · elapsed_ms=37.1
[INFO] [1786676214.229232]: 开始进行多边形确认 · detections=4
[INFO] [1786676214.264716]: 开始进行多边形确认 · centers=2 · rejected=0 · merged=0 · elapsed_ms=35.5
[INFO] [1786676214.380809]: 开始进行多边形确认 · detections=4
[INFO] [1786676214.409763]: 开始进行多边形确认 · centers=1 · rejected=1 · merged=0 · elapsed_ms=29.0
[INFO] [1786676214.484979]: 开始进行多边形确认 · detections=4
[INFO] [1786676214.515699]: 开始进行多边形确认 · centers=1 · rejected=1 · merged=0 · elapsed_ms=30.8
[INFO] [1786676214.629323]: 开始进行多边形确认 · detections=4
[INFO] [1786676214.669057]: 开始进行多边形确认 · centers=1 · rejected=1 · merged=0 · elapsed_ms=39.8
[INFO] [1786676214.736234]: 开始进行多边形确认 · detections=5
[INFO] [1786676214.774312]: 开始进行多边形确认 · centers=1 · rejected=1 · merged=0 · elapsed_ms=38.1
[INFO] [1786676214.856888]: 开始进行多边形确认 · detections=5
[INFO] [1786676214.891060]: CITRUS_CENTER ok pixel=(470,233) depth=0.594 m radius=26.6 mm arc=279 deg error=0.83 px fragments=1
[INFO] [1786676214.892848]: 开始进行多边形确认 · centers=1 · rejected=1 · merged=0 · elapsed_ms=36.0
[INFO] [1786676214.979733]: 开始进行多边形确认 · detections=3
[INFO] [1786676215.014152]: 开始进行多边形确认 · centers=1 · rejected=1 · merged=0 · elapsed_ms=34.4
[INFO] [1786676215.111021]: 开始进行多边形确认 · detections=4
[INFO] [1786676215.145389]: 开始进行多边形确认 · centers=1 · rejected=1 · merged=0 · elapsed_ms=34.4
[INFO] [1786676215.232463]: 开始进行多边形确认 · detections=5
[INFO] [1786676215.287738]: 开始进行多边形确认 · centers=2 · rejected=1 · merged=0 · elapsed_ms=55.3
[INFO] [1786676215.394402]: 开始进行多边形确认 · detections=4
[INFO] [1786676215.457956]: 开始进行多边形确认 · centers=3 · rejected=0 · merged=0 · elapsed_ms=63.6
[INFO] [1786676215.525166]: 开始进行多边形确认 · detections=3
[INFO] [1786676215.551394]: 开始进行多边形确认 · centers=1 · rejected=0 · merged=0 · elapsed_ms=26.2
[INFO] [1786676215.648112]: 开始进行多边形确认 · detections=4
[INFO] [1786676215.681832]: 开始进行多边形确认 · centers=2 · rejected=0 · merged=0 · elapsed_ms=33.8
[INFO] [1786676215.772820]: 开始进行多边形确认 · detections=4
[INFO] [1786676215.807014]: 开始进行多边形确认 · centers=1 · rejected=1 · merged=0 · elapsed_ms=34.3
[INFO] [1786676215.901239]: 开始进行多边形确认 · detections=5
[INFO] [1786676215.953157]: 开始进行多边形确认 · centers=3 · rejected=0 · merged=0 · elapsed_ms=52.0
[INFO] [1786676216.028978]: 开始进行多边形确认 · detections=4
[INFO] [1786676216.052456]: 开始进行多边形确认 · centers=2 · rejected=0 · merged=0 · elapsed_ms=23.5
[INFO] [1786676216.150488]: 开始进行多边形确认 · detections=3
[INFO] [1786676216.188627]: 开始进行多边形确认 · centers=2 · rejected=0 · merged=0 · elapsed_ms=38.2
[INFO] [1786676216.290847]: 开始进行多边形确认 · detections=4
[INFO] [1786676216.328219]: 开始进行多边形确认 · centers=2 · rejected=0 · merged=0 · elapsed_ms=37.4
[INFO] [1786676216.405765]: 开始进行多边形确认 · detections=4
[INFO] [1786676216.451022]: 开始进行多边形确认 · centers=1 · rejected=1 · merged=0 · elapsed_ms=45.3
[INFO] [1786676216.542753]: 开始进行多边形确认 · detections=4
[INFO] [1786676216.582185]: 开始进行多边形确认 · centers=2 · rejected=0 · merged=0 · elapsed_ms=39.5
[INFO] [1786676216.648364]: 开始进行多边形确认 · detections=3
[INFO] [1786676216.685350]: 开始进行多边形确认 · centers=2 · rejected=0 · merged=0 · elapsed_ms=37.1
[INFO] [1786676216.773988]: 开始进行多边形确认 · detections=3
[INFO] [1786676216.810062]: 开始进行多边形确认 · centers=1 · rejected=1 · merged=0 · elapsed_ms=36.1
[INFO] [1786676216.896816]: 开始进行多边形确认 · detections=3
[INFO] [1786676216.932517]: CITRUS_CENTER ok pixel=(470,233) depth=0.595 m radius=26.5 mm arc=281 deg error=0.75 px fragments=1
[INFO] [1786676216.935202]: 开始进行多边形确认 · centers=1 · rejected=1 · merged=0 · elapsed_ms=38.4
[INFO] [1786676217.020168]: 开始进行多边形确认 · detections=3
[INFO] [1786676217.056698]: 开始进行多边形确认 · centers=1 · rejected=1 · merged=0 · elapsed_ms=36.6
[INFO] [1786676217.148322]: 开始进行多边形确认 · detections=4
[INFO] [1786676217.184971]: 开始进行多边形确认 · centers=1 · rejected=1 · merged=0 · elapsed_ms=36.7
[INFO] [1786676217.274492]: 开始进行多边形确认 · detections=4
[INFO] [1786676217.308253]: 开始进行多边形确认 · centers=1 · rejected=1 · merged=0 · elapsed_ms=33.8
[INFO] [1786676217.401628]: 开始进行多边形确认 · detections=3
[INFO] [1786676217.441807]: 开始进行多边形确认 · centers=2 · rejected=0 · merged=0 · elapsed_ms=40.2
[INFO] [1786676217.531435]: 开始进行多边形确认 · detections=3
[INFO] [1786676217.565992]: 开始进行多边形确认 · centers=1 · rejected=1 · merged=0 · elapsed_ms=34.6
[INFO] [1786676217.638794]: 开始进行多边形确认 · detections=3
[INFO] [1786676217.674793]: 开始进行多边形确认 · centers=2 · rejected=0 · merged=0 · elapsed_ms=36.0
[INFO] [1786676217.763283]: 开始进行多边形确认 · detections=3
[INFO] [1786676217.815439]: 开始进行多边形确认 · centers=2 · rejected=0 · merged=0 · elapsed_ms=52.2
[INFO] [1786676217.891004]: 开始进行多边形确认 · detections=2
[INFO] [1786676217.917881]: 开始进行多边形确认 · centers=1 · rejected=0 · merged=0 · elapsed_ms=26.9
[INFO] [1786676218.014902]: 开始进行多边形确认 · detections=3
[INFO] [1786676218.051866]: 开始进行多边形确认 · centers=1 · rejected=1 · merged=0 · elapsed_ms=37.0
[INFO] [1786676218.129194]: 开始进行多边形确认 · detections=4
[INFO] [1786676218.147025]: 开始进行多边形确认 · centers=1 · rejected=1 · merged=0 · elapsed_ms=17.9
[INFO] [1786676218.264902]: 开始进行多边形确认 · detections=3
[INFO] [1786676218.301186]: 开始进行多边形确认 · centers=1 · rejected=1 · merged=0 · elapsed_ms=36.3
[INFO] [1786676218.392976]: 开始进行多边形确认 · detections=3
[INFO] [1786676218.426538]: 开始进行多边形确认 · centers=1 · rejected=1 · merged=0 · elapsed_ms=33.6
[INFO] [1786676218.563144]: 开始进行多边形确认 · detections=2
[INFO] [1786676218.591595]: 开始进行多边形确认 · centers=1 · rejected=0 · merged=0 · elapsed_ms=28.5
[INFO] [1786676218.661947]: 开始进行多边形确认 · detections=3
[INFO] [1786676218.696217]: 开始进行多边形确认 · centers=1 · rejected=1 · merged=0 · elapsed_ms=34.3
[INFO] [1786676218.782717]: 开始进行多边形确认 · detections=2
[INFO] [1786676218.808010]: 开始进行多边形确认 · centers=1 · rejected=0 · merged=0 · elapsed_ms=25.3
[INFO] [1786676218.809277]: RGB-D vision status: model_ready:onnxruntime targets:1 centers:1 tf:1 rejected:0 merged:0 semantic_masks:2
[INFO] [1786676218.909783]: 开始进行多边形确认 · detections=3
[INFO] [1786676218.935112]: CITRUS_CENTER ok pixel=(469,233) depth=0.594 m radius=25.8 mm arc=288 deg error=0.52 px fragments=1
[INFO] [1786676218.936261]: 开始进行多边形确认 · centers=1 · rejected=0 · merged=0 · elapsed_ms=26.6
[INFO] [1786676219.034130]: 开始进行多边形确认 · detections=4
[INFO] [1786676219.069985]: 开始进行多边形确认 · centers=2 · rejected=0 · merged=0 · elapsed_ms=35.9
[INFO] [1786676219.164226]: 开始进行多边形确认 · detections=4
[INFO] [1786676219.200251]: 开始进行多边形确认 · centers=1 · rejected=1 · merged=0 · elapsed_ms=36.1
[INFO] [1786676219.283405]: 开始进行多边形确认 · detections=2
[INFO] [1786676219.309907]: 开始进行多边形确认 · centers=1 · rejected=0 · merged=0 · elapsed_ms=26.5
[INFO] [1786676219.410964]: 开始进行多边形确认 · detections=3
[INFO] [1786676219.445528]: 开始进行多边形确认 · centers=1 · rejected=1 · merged=0 · elapsed_ms=34.6
[INFO] [1786676219.573118]: 开始进行多边形确认 · detections=3
[INFO] [1786676219.609197]: 开始进行多边形确认 · centers=2 · rejected=0 · merged=0 · elapsed_ms=36.1
[INFO] [1786676219.682773]: 开始进行多边形确认 · detections=4
[INFO] [1786676219.719125]: 开始进行多边形确认 · centers=2 · rejected=0 · merged=0 · elapsed_ms=36.4
[INFO] [1786676219.803565]: 开始进行多边形确认 · detections=3
[INFO] [1786676219.829203]: 开始进行多边形确认 · centers=1 · rejected=0 · merged=0 · elapsed_ms=25.7
[INFO] [1786676219.926271]: 开始进行多边形确认 · detections=3
[INFO] [1786676219.952814]: 开始进行多边形确认 · centers=1 · rejected=0 · merged=0 · elapsed_ms=26.6
[INFO] [1786676220.055006]: 开始进行多边形确认 · detections=4
[INFO] [1786676220.083259]: 开始进行多边形确认 · centers=1 · rejected=0 · merged=0 · elapsed_ms=28.3
[INFO] [1786676220.165505]: 开始进行多边形确认 · detections=2
[INFO] [1786676220.178607]: 开始进行多边形确认 · centers=1 · rejected=0 · merged=0 · elapsed_ms=13.1
[INFO] [1786676220.292711]: 开始进行多边形确认 · detections=4
[INFO] [1786676220.310899]: 开始进行多边形确认 · centers=2 · rejected=0 · merged=0 · elapsed_ms=18.2
[INFO] [1786676220.417751]: 开始进行多边形确认 · detections=4
[INFO] [1786676220.435094]: 开始进行多边形确认 · centers=2 · rejected=0 · merged=0 · elapsed_ms=17.4
[INFO] [1786676220.572837]: 开始进行多边形确认 · detections=4
[INFO] [1786676220.613002]: 开始进行多边形确认 · centers=1 · rejected=1 · merged=0 · elapsed_ms=40.2
[INFO] [1786676220.673425]: 开始进行多边形确认 · detections=4
[INFO] [1786676220.691122]: 开始进行多边形确认 · centers=2 · rejected=0 · merged=0 · elapsed_ms=17.7
[INFO] [1786676220.798471]: 开始进行多边形确认 · detections=4
[INFO] [1786676220.816234]: 开始进行多边形确认 · centers=1 · rejected=1 · merged=0 · elapsed_ms=17.8
[INFO] [1786676220.921038]: 开始进行多边形确认 · detections=4
[INFO] [1786676220.938829]: CITRUS_CENTER ok pixel=(469,233) depth=0.595 m radius=25.9 mm arc=287 deg error=0.50 px fragments=1
[INFO] [1786676220.939894]: 开始进行多边形确认 · centers=2 · rejected=0 · merged=0 · elapsed_ms=18.9
[INFO] [1786676221.085273]: 开始进行多边形确认 · detections=4
[INFO] [1786676221.118334]: 开始进行多边形确认 · centers=2 · rejected=0 · merged=0 · elapsed_ms=33.1
[INFO] [1786676221.156898]: 开始进行多边形确认 · detections=4
[INFO] [1786676221.173354]: 开始进行多边形确认 · centers=1 · rejected=1 · merged=0 · elapsed_ms=16.5
[INFO] [1786676221.292373]: 开始进行多边形确认 · detections=3
[INFO] [1786676221.320600]: 开始进行多边形确认 · centers=1 · rejected=0 · merged=0 · elapsed_ms=28.2
[INFO] [1786676221.422405]: 开始进行多边形确认 · detections=4
[INFO] [1786676221.460937]: 开始进行多边形确认 · centers=2 · rejected=0 · merged=0 · elapsed_ms=38.6
[INFO] [1786676221.574745]: 开始进行多边形确认 · detections=4
[INFO] [1786676221.602645]: 开始进行多边形确认 · centers=2 · rejected=0 · merged=0 · elapsed_ms=28.0
[INFO] [1786676221.669310]: 开始进行多边形确认 · detections=4
[INFO] [1786676221.689366]: 开始进行多边形确认 · centers=1 · rejected=1 · merged=0 · elapsed_ms=20.1
[INFO] [1786676221.791547]: 开始进行多边形确认 · detections=2
[INFO] [1786676221.803835]: 开始进行多边形确认 · centers=1 · rejected=0 · merged=0 · elapsed_ms=12.3
[INFO] [1786676221.916035]: 开始进行多边形确认 · detections=4
[INFO] [1786676221.933620]: 开始进行多边形确认 · centers=1 · rejected=1 · merged=0 · elapsed_ms=17.7
[INFO] [1786676222.059922]: 开始进行多边形确认 · detections=3
[INFO] [1786676222.094622]: 开始进行多边形确认 · centers=1 · rejected=1 · merged=0 · elapsed_ms=34.8
[INFO] [1786676222.171479]: 开始进行多边形确认 · detections=3
[INFO] [1786676222.191582]: 开始进行多边形确认 · centers=2 · rejected=0 · merged=0 · elapsed_ms=20.2
[INFO] [1786676222.297280]: 开始进行多边形确认 · detections=3
[INFO] [1786676222.318069]: 开始进行多边形确认 · centers=2 · rejected=0 · merged=0 · elapsed_ms=20.8
[INFO] [1786676222.416505]: 开始进行多边形确认 · detections=2
[INFO] [1786676222.429057]: 开始进行多边形确认 · centers=1 · rejected=0 · merged=0 · elapsed_ms=12.6
[INFO] [1786676222.571687]: 开始进行多边形确认 · detections=3
[INFO] [1786676222.607028]: 开始进行多边形确认 · centers=1 · rejected=0 · merged=0 · elapsed_ms=35.4
[INFO] [1786676222.683851]: 开始进行多边形确认 · detections=2
[INFO] [1786676222.698895]: 开始进行多边形确认 · centers=1 · rejected=0 · merged=0 · elapsed_ms=15.1
[INFO] [1786676222.807613]: 开始进行多边形确认 · detections=4
[INFO] [1786676222.847557]: 开始进行多边形确认 · centers=1 · rejected=1 · merged=0 · elapsed_ms=40.0
[INFO] [1786676222.933245]: 开始进行多边形确认 · detections=3
[INFO] [1786676222.948712]: CITRUS_CENTER ok pixel=(471,233) depth=0.595 m radius=26.8 mm arc=277 deg error=0.79 px fragments=1
[INFO] [1786676222.949789]: 开始进行多边形确认 · centers=1 · rejected=0 · merged=0 · elapsed_ms=16.6
[INFO] [1786676223.053248]: 开始进行多边形确认 · detections=4
[INFO] [1786676223.074422]: 开始进行多边形确认 · centers=2 · rejected=0 · merged=0 · elapsed_ms=21.3
[INFO] [1786676223.171015]: 开始进行多边形确认 · detections=3
[INFO] [1786676223.185766]: 开始进行多边形确认 · centers=1 · rejected=0 · merged=0 · elapsed_ms=14.8
[INFO] [1786676223.295562]: 开始进行多边形确认 · detections=4
[INFO] [1786676223.312169]: 开始进行多边形确认 · centers=2 · rejected=0 · merged=0 · elapsed_ms=16.6
[INFO] [1786676223.420104]: 开始进行多边形确认 · detections=3
[INFO] [1786676223.439863]: 开始进行多边形确认 · centers=2 · rejected=0 · merged=0 · elapsed_ms=19.8
[INFO] [1786676223.549777]: 开始进行多边形确认 · detections=3
[INFO] [1786676223.579860]: 开始进行多边形确认 · centers=2 · rejected=0 · merged=0 · elapsed_ms=30.1
[INFO] [1786676223.688241]: 开始进行多边形确认 · detections=3
[INFO] [1786676223.706239]: 开始进行多边形确认 · centers=2 · rejected=0 · merged=0 · elapsed_ms=18.0
[INFO] [1786676223.797260]: 开始进行多边形确认 · detections=3
[INFO] [1786676223.816409]: 开始进行多边形确认 · centers=1 · rejected=1 · merged=0 · elapsed_ms=19.2
[INFO] [1786676223.817772]: RGB-D vision status: model_ready:onnxruntime targets:2 centers:1 tf:1 rejected:1 merged:0 semantic_masks:3
[INFO] [1786676223.919551]: 开始进行多边形确认 · detections=2
[INFO] [1786676223.933143]: 开始进行多边形确认 · centers=1 · rejected=0 · merged=0 · elapsed_ms=13.7
[INFO] [1786676224.047328]: 开始进行多边形确认 · detections=4
[INFO] [1786676224.068666]: 开始进行多边形确认 · centers=1 · rejected=1 · merged=0 · elapsed_ms=21.4
[INFO] [1786676224.171861]: 开始进行多边形确认 · detections=3
[INFO] [1786676224.189668]: 开始进行多边形确认 · centers=1 · rejected=1 · merged=0 · elapsed_ms=17.8
[INFO] [1786676224.298384]: 开始进行多边形确认 · detections=4
[INFO] [1786676224.333485]: 开始进行多边形确认 · centers=1 · rejected=1 · merged=0 · elapsed_ms=35.1
[INFO] [1786676224.428822]: 开始进行多边形确认 · detections=4
[INFO] [1786676224.466996]: 开始进行多边形确认 · centers=1 · rejected=1 · merged=0 · elapsed_ms=38.2
[INFO] [1786676224.553467]: 开始进行多边形确认 · detections=3
[INFO] [1786676224.582297]: 开始进行多边形确认 · centers=1 · rejected=0 · merged=0 · elapsed_ms=28.9
[INFO] [1786676224.699075]: 开始进行多边形确认 · detections=4
[INFO] [1786676224.743388]: 开始进行多边形确认 · centers=1 · rejected=1 · merged=0 · elapsed_ms=44.3
[INFO] [1786676224.808047]: 开始进行多边形确认 · detections=4
[INFO] [1786676224.840534]: 开始进行多边形确认 · centers=2 · rejected=0 · merged=0 · elapsed_ms=32.5
[INFO] [1786676224.929986]: 开始进行多边形确认 · detections=3
[INFO] [1786676224.967527]: CITRUS_CENTER ok pixel=(470,233) depth=0.594 m radius=26.7 mm arc=280 deg error=0.82 px fragments=1
[INFO] [1786676224.969120]: 开始进行多边形确认 · centers=1 · rejected=1 · merged=0 · elapsed_ms=39.2
[INFO] [1786676225.072618]: 开始进行多边形确认 · detections=4
[INFO] [1786676225.105129]: 开始进行多边形确认 · centers=2 · rejected=0 · merged=0 · elapsed_ms=32.6
[INFO] [1786676225.186261]: 开始进行多边形确认 · detections=3
[INFO] [1786676225.211321]: 开始进行多边形确认 · centers=1 · rejected=0 · merged=0 · elapsed_ms=25.1
[INFO] [1786676225.308821]: 开始进行多边形确认 · detections=4
[INFO] [1786676225.343732]: 开始进行多边形确认 · centers=2 · rejected=0 · merged=0 · elapsed_ms=35.0
[INFO] [1786676225.433978]: 开始进行多边形确认 · detections=2
[INFO] [1786676225.455502]: 开始进行多边形确认 · centers=1 · rejected=0 · merged=0 · elapsed_ms=21.6
[INFO] [1786676225.553873]: 开始进行多边形确认 · detections=3
[INFO] [1786676225.571082]: 开始进行多边形确认 · centers=2 · rejected=0 · merged=0 · elapsed_ms=17.2
[INFO] [1786676225.702657]: 开始进行多边形确认 · detections=2
[INFO] [1786676225.735404]: 开始进行多边形确认 · centers=1 · rejected=0 · merged=0 · elapsed_ms=32.8
[INFO] [1786676225.832355]: 开始进行多边形确认 · detections=4
[INFO] [1786676225.872219]: 开始进行多边形确认 · centers=2 · rejected=0 · merged=0 · elapsed_ms=39.9
[INFO] [1786676225.941449]: 开始进行多边形确认 · detections=4
[INFO] [1786676225.995486]: 开始进行多边形确认 · centers=3 · rejected=0 · merged=0 · elapsed_ms=54.1
[INFO] [1786676226.070834]: 开始进行多边形确认 · detections=4
[INFO] [1786676226.112140]: 开始进行多边形确认 · centers=2 · rejected=0 · merged=0 · elapsed_ms=41.4
[INFO] [1786676226.190939]: 开始进行多边形确认 · detections=2
[INFO] [1786676226.215913]: 开始进行多边形确认 · centers=1 · rejected=0 · merged=0 · elapsed_ms=25.0
[INFO] [1786676226.315515]: 开始进行多边形确认 · detections=2
[INFO] [1786676226.344031]: 开始进行多边形确认 · centers=1 · rejected=0 · merged=0 · elapsed_ms=28.6
[INFO] [1786676226.448936]: 开始进行多边形确认 · detections=3
[INFO] [1786676226.477708]: 开始进行多边形确认 · centers=1 · rejected=0 · merged=0 · elapsed_ms=28.8
[INFO] [1786676226.577558]: 开始进行多边形确认 · detections=3
[INFO] [1786676226.611497]: 开始进行多边形确认 · centers=2 · rejected=0 · merged=0 · elapsed_ms=34.0
[INFO] [1786676226.694026]: 开始进行多边形确认 · detections=3
[INFO] [1786676226.710905]: 开始进行多边形确认 · centers=1 · rejected=1 · merged=0 · elapsed_ms=16.9
[INFO] [1786676226.817663]: 开始进行多边形确认 · detections=4
[INFO] [1786676226.844211]: 开始进行多边形确认 · centers=2 · rejected=0 · merged=0 · elapsed_ms=26.6
[INFO] [1786676226.947577]: 开始进行多边形确认 · detections=4
[INFO] [1786676226.999042]: CITRUS_CENTER ok pixel=(470,233) depth=0.592 m radius=26.6 mm arc=279 deg error=0.84 px fragments=1
[INFO] [1786676227.000573]: 开始进行多边形确认 · centers=2 · rejected=1 · merged=0 · elapsed_ms=53.1
[INFO] [1786676227.074256]: 开始进行多边形确认 · detections=4
[INFO] [1786676227.108373]: 开始进行多边形确认 · centers=2 · rejected=0 · merged=0 · elapsed_ms=34.2
[INFO] [1786676227.197109]: 开始进行多边形确认 · detections=5
[INFO] [1786676227.220091]: 开始进行多边形确认 · centers=2 · rejected=1 · merged=0 · elapsed_ms=23.0
[INFO] [1786676227.325513]: 开始进行多边形确认 · detections=5
[INFO] [1786676227.376692]: 开始进行多边形确认 · centers=3 · rejected=0 · merged=0 · elapsed_ms=51.2
[INFO] [1786676227.444201]: 开始进行多边形确认 · detections=4
[INFO] [1786676227.464655]: 开始进行多边形确认 · centers=1 · rejected=1 · merged=0 · elapsed_ms=20.5
[INFO] [1786676227.558540]: 开始进行多边形确认 · detections=4
[INFO] [1786676227.575063]: 开始进行多边形确认 · centers=1 · rejected=1 · merged=0 · elapsed_ms=16.6
[INFO] [1786676227.687029]: 开始进行多边形确认 · detections=4
[INFO] [1786676227.702931]: 开始进行多边形确认 · centers=1 · rejected=1 · merged=0 · elapsed_ms=15.9
[INFO] [1786676227.831117]: 开始进行多边形确认 · detections=3
[INFO] [1786676227.857284]: 开始进行多边形确认 · centers=2 · rejected=0 · merged=0 · elapsed_ms=26.2
[INFO] [1786676227.952522]: 开始进行多边形确认 · detections=4
[INFO] [1786676227.991217]: 开始进行多边形确认 · centers=2 · rejected=0 · merged=0 · elapsed_ms=38.7
[INFO] [1786676228.078082]: 开始进行多边形确认 · detections=4
[INFO] [1786676228.111669]: 开始进行多边形确认 · centers=2 · rejected=0 · merged=0 · elapsed_ms=33.6
[INFO] [1786676228.198129]: 开始进行多边形确认 · detections=4
[INFO] [1786676228.229781]: 开始进行多边形确认 · centers=1 · rejected=1 · merged=0 · elapsed_ms=31.7
[INFO] [1786676228.324435]: 开始进行多边形确认 · detections=3
[INFO] [1786676228.349489]: 开始进行多边形确认 · centers=1 · rejected=0 · merged=0 · elapsed_ms=25.1
[INFO] [1786676228.442456]: 开始进行多边形确认 · detections=4
[INFO] [1786676228.471402]: 开始进行多边形确认 · centers=1 · rejected=1 · merged=0 · elapsed_ms=29.0
[INFO] [1786676228.576272]: 开始进行多边形确认 · detections=4
[INFO] [1786676228.612408]: 开始进行多边形确认 · centers=2 · rejected=0 · merged=0 · elapsed_ms=36.2
[INFO] [1786676228.689563]: 开始进行多边形确认 · detections=4
[INFO] [1786676228.723214]: 开始进行多边形确认 · centers=2 · rejected=0 · merged=0 · elapsed_ms=33.7
[INFO] [1786676228.825997]: 开始进行多边形确认 · detections=4
[INFO] [1786676228.876592]: 开始进行多边形确认 · centers=1 · rejected=1 · merged=0 · elapsed_ms=50.7
[INFO] [1786676228.877930]: RGB-D vision status: model_ready:onnxruntime targets:2 centers:1 tf:1 rejected:1 merged:0 semantic_masks:4
[INFO] [1786676228.958641]: 开始进行多边形确认 · detections=3
[INFO] [1786676228.995553]: 开始进行多边形确认 · centers=1 · rejected=1 · merged=0 · elapsed_ms=36.9
[INFO] [1786676229.083246]: 开始进行多边形确认 · detections=3
[INFO] [1786676229.118369]: CITRUS_CENTER ok pixel=(471,233) depth=0.593 m radius=26.5 mm arc=279 deg error=0.76 px fragments=1
[INFO] [1786676229.119446]: 开始进行多边形确认 · centers=2 · rejected=0 · merged=0 · elapsed_ms=36.3
[INFO] [1786676229.198978]: 开始进行多边形确认 · detections=4
[INFO] [1786676229.230042]: 开始进行多边形确认 · centers=1 · rejected=1 · merged=0 · elapsed_ms=31.1
[INFO] [1786676229.330423]: 开始进行多边形确认 · detections=4
[INFO] [1786676229.365281]: 开始进行多边形确认 · centers=2 · rejected=0 · merged=0 · elapsed_ms=34.9
[INFO] [1786676229.450603]: 开始进行多边形确认 · detections=3
[INFO] [1786676229.489078]: 开始进行多边形确认 · centers=2 · rejected=0 · merged=0 · elapsed_ms=38.6
[INFO] [1786676229.582776]: 开始进行多边形确认 · detections=3
[INFO] [1786676229.610723]: 开始进行多边形确认 · centers=1 · rejected=0 · merged=0 · elapsed_ms=28.0
[INFO] [1786676229.704291]: 开始进行多边形确认 · detections=3
[INFO] [1786676229.730793]: 开始进行多边形确认 · centers=1 · rejected=0 · merged=0 · elapsed_ms=26.5
[INFO] [1786676229.830806]: 开始进行多边形确认 · detections=4
[INFO] [1786676229.864084]: 开始进行多边形确认 · centers=1 · rejected=1 · merged=0 · elapsed_ms=33.3
[INFO] [1786676229.971901]: 开始进行多边形确认 · detections=3
[INFO] [1786676230.016208]: 开始进行多边形确认 · centers=1 · rejected=0 · merged=0 · elapsed_ms=44.3
[INFO] [1786676230.092473]: 开始进行多边形确认 · detections=2
[INFO] [1786676230.119072]: 开始进行多边形确认 · centers=1 · rejected=0 · merged=0 · elapsed_ms=26.6
[INFO] [1786676230.198714]: 开始进行多边形确认 · detections=3
[INFO] [1786676230.233412]: 开始进行多边形确认 · centers=1 · rejected=1 · merged=0 · elapsed_ms=34.7
[INFO] [1786676230.329792]: 开始进行多边形确认 · detections=3
[INFO] [1786676230.355476]: 开始进行多边形确认 · centers=1 · rejected=0 · merged=0 · elapsed_ms=25.7
[INFO] [1786676230.447973]: 开始进行多边形确认 · detections=3
[INFO] [1786676230.475366]: 开始进行多边形确认 · centers=1 · rejected=0 · merged=0 · elapsed_ms=27.4
[INFO] [1786676230.563036]: 开始进行多边形确认 · detections=2
[INFO] [1786676230.576257]: 开始进行多边形确认 · centers=1 · rejected=0 · merged=0 · elapsed_ms=13.3
[INFO] [1786676230.683933]: 开始进行多边形确认 · detections=2
[INFO] [1786676230.698465]: 开始进行多边形确认 · centers=1 · rejected=0 · merged=0 · elapsed_ms=14.6
[INFO] [1786676230.822347]: 开始进行多边形确认 · detections=3
[INFO] [1786676230.844943]: 开始进行多边形确认 · centers=1 · rejected=0 · merged=0 · elapsed_ms=22.6
[INFO] [1786676230.952426]: 开始进行多边形确认 · detections=2
[INFO] [1786676230.977338]: 开始进行多边形确认 · centers=1 · rejected=0 · merged=0 · elapsed_ms=25.0
[INFO] [1786676231.085881]: 开始进行多边形确认 · detections=2
[INFO] [1786676231.104874]: 开始进行多边形确认 · centers=1 · rejected=0 · merged=0 · elapsed_ms=19.0
[INFO] [1786676231.204023]: 开始进行多边形确认 · detections=2
[INFO] [1786676231.229448]: CITRUS_CENTER ok pixel=(470,233) depth=0.594 m radius=26.7 mm arc=279 deg error=0.83 px fragments=1
[INFO] [1786676231.230435]: 开始进行多边形确认 · centers=1 · rejected=0 · merged=0 · elapsed_ms=26.5
[INFO] [1786676231.328681]: 开始进行多边形确认 · detections=3
[INFO] [1786676231.354895]: 开始进行多边形确认 · centers=1 · rejected=0 · merged=0 · elapsed_ms=26.3
[INFO] [1786676231.470822]: 开始进行多边形确认 · detections=3
[INFO] [1786676231.496006]: 开始进行多边形确认 · centers=1 · rejected=0 · merged=0 · elapsed_ms=25.2
[INFO] [1786676231.583189]: 开始进行多边形确认 · detections=3
[INFO] [1786676231.610955]: 开始进行多边形确认 · centers=1 · rejected=0 · merged=0 · elapsed_ms=27.8
[INFO] [1786676231.694657]: 开始进行多边形确认 · detections=2
[INFO] [1786676231.707985]: 开始进行多边形确认 · centers=1 · rejected=0 · merged=0 · elapsed_ms=13.4
[INFO] [1786676231.841052]: 开始进行多边形确认 · detections=2
[INFO] [1786676231.869878]: 开始进行多边形确认 · centers=1 · rejected=0 · merged=0 · elapsed_ms=28.9
[INFO] [1786676231.962172]: 开始进行多边形确认 · detections=2
[INFO] [1786676231.992213]: 开始进行多边形确认 · centers=1 · rejected=0 · merged=0 · elapsed_ms=30.1
[INFO] [1786676232.121894]: 开始进行多边形确认 · detections=2
[INFO] [1786676232.149563]: 开始进行多边形确认 · centers=1 · rejected=0 · merged=0 · elapsed_ms=27.8
[INFO] [1786676232.197939]: 开始进行多边形确认 · detections=2
[INFO] [1786676232.210610]: 开始进行多边形确认 · centers=1 · rejected=0 · merged=0 · elapsed_ms=12.7
[INFO] [1786676232.326176]: 开始进行多边形确认 · detections=3
[INFO] [1786676232.338803]: 开始进行多边形确认 · centers=1 · rejected=0 · merged=0 · elapsed_ms=12.7
[INFO] [1786676232.448476]: 开始进行多边形确认 · detections=3
[INFO] [1786676232.464584]: 开始进行多边形确认 · centers=1 · rejected=0 · merged=0 · elapsed_ms=16.1
[INFO] [1786676232.574846]: 开始进行多边形确认 · detections=4
[INFO] [1786676232.600171]: 开始进行多边形确认 · centers=2 · rejected=0 · merged=0 · elapsed_ms=25.4
[INFO] [1786676232.693349]: 开始进行多边形确认 · detections=3
[INFO] [1786676232.705292]: 开始进行多边形确认 · centers=1 · rejected=0 · merged=0 · elapsed_ms=12.0
[INFO] [1786676232.827412]: 开始进行多边形确认 · detections=4
[INFO] [1786676232.852483]: 开始进行多边形确认 · centers=2 · rejected=0 · merged=0 · elapsed_ms=25.1
[INFO] [1786676232.950136]: 开始进行多边形确认 · detections=4
[INFO] [1786676232.972399]: 开始进行多边形确认 · centers=2 · rejected=0 · merged=0 · elapsed_ms=22.3
[INFO] [1786676233.144927]: 开始进行多边形确认 · detections=3
[INFO] [1786676233.169083]: 开始进行多边形确认 · centers=1 · rejected=0 · merged=0 · elapsed_ms=24.2
[INFO] [1786676233.221272]: 开始进行多边形确认 · detections=3
[INFO] [1786676233.235081]: CITRUS_CENTER ok pixel=(470,233) depth=0.595 m radius=26.7 mm arc=279 deg error=0.81 px fragments=1
[INFO] [1786676233.236130]: 开始进行多边形确认 · centers=1 · rejected=0 · merged=0 · elapsed_ms=14.9
[INFO] [1786676233.342942]: 开始进行多边形确认 · detections=3
[INFO] [1786676233.356496]: 开始进行多边形确认 · centers=1 · rejected=0 · merged=0 · elapsed_ms=13.6
[INFO] [1786676233.465027]: 开始进行多边形确认 · detections=2
[INFO] [1786676233.479177]: 开始进行多边形确认 · centers=1 · rejected=0 · merged=0 · elapsed_ms=14.2
[INFO] [1786676233.593423]: 开始进行多边形确认 · detections=2
[INFO] [1786676233.607315]: 开始进行多边形确认 · centers=1 · rejected=0 · merged=0 · elapsed_ms=13.9
[INFO] [1786676233.712146]: 开始进行多边形确认 · detections=2
[INFO] [1786676233.727324]: 开始进行多边形确认 · centers=1 · rejected=0 · merged=0 · elapsed_ms=15.2
[INFO] [1786676233.839864]: 开始进行多边形确认 · detections=2
[INFO] [1786676233.853242]: 开始进行多边形确认 · centers=1 · rejected=0 · merged=0 · elapsed_ms=13.4
[INFO] [1786676233.964845]: 开始进行多边形确认 · detections=3
[INFO] [1786676233.978712]: 开始进行多边形确认 · centers=1 · rejected=0 · merged=0 · elapsed_ms=13.9
[INFO] [1786676233.979934]: RGB-D vision status: model_ready:onnxruntime targets:1 centers:1 tf:1 rejected:0 merged:0 semantic_masks:3
[INFO] [1786676234.101611]: 开始进行多边形确认 · detections=3
[INFO] [1786676234.135840]: 开始进行多边形确认 · centers=2 · rejected=0 · merged=0 · elapsed_ms=34.3
[INFO] [1786676234.220068]: 开始进行多边形确认 · detections=3
[INFO] [1786676234.233818]: 开始进行多边形确认 · centers=1 · rejected=0 · merged=0 · elapsed_ms=13.8
[INFO] [1786676234.346252]: 开始进行多边形确认 · detections=3
[INFO] [1786676234.363524]: 开始进行多边形确认 · centers=1 · rejected=1 · merged=0 · elapsed_ms=17.3
[INFO] [1786676234.487343]: 开始进行多边形确认 · detections=3
[INFO] [1786676234.525821]: 开始进行多边形确认 · centers=2 · rejected=0 · merged=0 · elapsed_ms=38.5
[INFO] [1786676234.610677]: 开始进行多边形确认 · detections=2
[INFO] [1786676234.633610]: 开始进行多边形确认 · centers=1 · rejected=0 · merged=0 · elapsed_ms=23.0
[INFO] [1786676234.712454]: 开始进行多边形确认 · detections=2
[INFO] [1786676234.727097]: 开始进行多边形确认 · centers=1 · rejected=0 · merged=0 · elapsed_ms=14.7
[INFO] [1786676234.842581]: 开始进行多边形确认 · detections=3
[INFO] [1786676234.880977]: 开始进行多边形确认 · centers=2 · rejected=0 · merged=0 · elapsed_ms=38.4
[INFO] [1786676234.990748]: 开始进行多边形确认 · detections=2
[INFO] [1786676235.017985]: 开始进行多边形确认 · centers=1 · rejected=0 · merged=0 · elapsed_ms=27.3
[INFO] [1786676235.120416]: 开始进行多边形确认 · detections=3
[INFO] [1786676235.148165]: 开始进行多边形确认 · centers=1 · rejected=0 · merged=0 · elapsed_ms=27.8
[INFO] [1786676235.258205]: 开始进行多边形确认 · detections=3
[INFO] [1786676235.271210]: CITRUS_CENTER ok pixel=(470,233) depth=0.596 m radius=26.5 mm arc=282 deg error=0.62 px fragments=1
[INFO] [1786676235.272066]: 开始进行多边形确认 · centers=1 · rejected=0 · merged=0 · elapsed_ms=13.9
[INFO] [1786676235.356357]: 开始进行多边形确认 · detections=3
[INFO] [1786676235.369927]: 开始进行多边形确认 · centers=1 · rejected=0 · merged=0 · elapsed_ms=13.6
[INFO] [1786676235.481563]: 开始进行多边形确认 · detections=3
[INFO] [1786676235.499426]: 开始进行多边形确认 · centers=1 · rejected=1 · merged=0 · elapsed_ms=17.9
[INFO] [1786676235.605216]: 开始进行多边形确认 · detections=3
[INFO] [1786676235.623197]: 开始进行多边形确认 · centers=1 · rejected=1 · merged=0 · elapsed_ms=18.0
[INFO] [1786676235.737355]: 开始进行多边形确认 · detections=2
[INFO] [1786676235.749427]: 开始进行多边形确认 · centers=1 · rejected=0 · merged=0 · elapsed_ms=12.1
[INFO] [1786676235.853084]: 开始进行多边形确认 · detections=3
[INFO] [1786676235.870378]: 开始进行多边形确认 · centers=1 · rejected=0 · merged=0 · elapsed_ms=17.4
[INFO] [1786676235.974547]: 开始进行多边形确认 · detections=5
[INFO] [1786676236.001842]: 开始进行多边形确认 · centers=1 · rejected=1 · merged=0 · elapsed_ms=27.3
[INFO] [1786676236.114614]: 开始进行多边形确认 · detections=3
[INFO] [1786676236.150989]: 开始进行多边形确认 · centers=1 · rejected=1 · merged=0 · elapsed_ms=36.4
[INFO] [1786676236.280937]: 开始进行多边形确认 · detections=4
[INFO] [1786676236.324255]: 开始进行多边形确认 · centers=2 · rejected=0 · merged=0 · elapsed_ms=43.4
[INFO] [1786676236.408083]: 开始进行多边形确认 · detections=4
[INFO] [1786676236.444547]: 开始进行多边形确认 · centers=2 · rejected=0 · merged=0 · elapsed_ms=36.5
[INFO] [1786676236.520639]: 开始进行多边形确认 · detections=3
[INFO] [1786676236.548387]: 开始进行多边形确认 · centers=1 · rejected=0 · merged=0 · elapsed_ms=27.8
[INFO] [1786676236.646039]: 开始进行多边形确认 · detections=2
[INFO] [1786676236.672617]: 开始进行多边形确认 · centers=1 · rejected=0 · merged=0 · elapsed_ms=26.6
[INFO] [1786676236.762062]: 开始进行多边形确认 · detections=3
[INFO] [1786676236.775653]: 开始进行多边形确认 · centers=1 · rejected=0 · merged=0 · elapsed_ms=13.6
[INFO] [1786676236.886289]: 开始进行多边形确认 · detections=4
[INFO] [1786676236.925787]: 开始进行多边形确认 · centers=1 · rejected=1 · merged=0 · elapsed_ms=39.5
[INFO] [1786676237.020936]: 开始进行多边形确认 · detections=3
[INFO] [1786676237.055706]: 开始进行多边形确认 · centers=2 · rejected=0 · merged=0 · elapsed_ms=34.8
[INFO] [1786676237.144843]: 开始进行多边形确认 · detections=4
[INFO] [1786676237.177850]: 开始进行多边形确认 · centers=1 · rejected=1 · merged=0 · elapsed_ms=33.0
[INFO] [1786676237.270738]: 开始进行多边形确认 · detections=3
[INFO] [1786676237.312845]: CITRUS_CENTER ok pixel=(470,233) depth=0.594 m radius=26.7 mm arc=279 deg error=0.82 px fragments=1
[INFO] [1786676237.314376]: 开始进行多边形确认 · centers=2 · rejected=0 · merged=0 · elapsed_ms=43.7
[INFO] [1786676237.427293]: 开始进行多边形确认 · detections=3
[INFO] [1786676237.445074]: 开始进行多边形确认 · centers=1 · rejected=1 · merged=0 · elapsed_ms=17.8
[INFO] [1786676237.522690]: 开始进行多边形确认 · detections=3
[INFO] [1786676237.563346]: 开始进行多边形确认 · centers=1 · rejected=1 · merged=0 · elapsed_ms=40.7
[INFO] [1786676237.641986]: 开始进行多边形确认 · detections=3
[INFO] [1786676237.676860]: 开始进行多边形确认 · centers=1 · rejected=1 · merged=0 · elapsed_ms=34.9
[INFO] [1786676237.763109]: 开始进行多边形确认 · detections=3
[INFO] [1786676237.798052]: 开始进行多边形确认 · centers=1 · rejected=1 · merged=0 · elapsed_ms=35.0
[INFO] [1786676237.894570]: 开始进行多边形确认 · detections=4
[INFO] [1786676237.930890]: 开始进行多边形确认 · centers=1 · rejected=1 · merged=0 · elapsed_ms=36.4
[INFO] [1786676238.015482]: 开始进行多边形确认 · detections=3
[INFO] [1786676238.048528]: 开始进行多边形确认 · centers=2 · rejected=0 · merged=0 · elapsed_ms=33.1
[INFO] [1786676238.144948]: 开始进行多边形确认 · detections=3
[INFO] [1786676238.178653]: 开始进行多边形确认 · centers=1 · rejected=1 · merged=0 · elapsed_ms=33.7
[INFO] [1786676238.265176]: 开始进行多边形确认 · detections=4
[INFO] [1786676238.298754]: 开始进行多边形确认 · centers=1 · rejected=1 · merged=0 · elapsed_ms=33.6
[INFO] [1786676238.419152]: 开始进行多边形确认 · detections=4
[INFO] [1786676238.461358]: 开始进行多边形确认 · centers=2 · rejected=0 · merged=0 · elapsed_ms=42.2
[INFO] [1786676238.532488]: 开始进行多边形确认 · detections=3
[INFO] [1786676238.569432]: 开始进行多边形确认 · centers=1 · rejected=1 · merged=0 · elapsed_ms=37.0
[INFO] [1786676238.658304]: 开始进行多边形确认 · detections=4
[INFO] [1786676238.674968]: 开始进行多边形确认 · centers=1 · rejected=1 · merged=0 · elapsed_ms=16.7
[INFO] [1786676238.762967]: 开始进行多边形确认 · detections=4
[INFO] [1786676238.779323]: 开始进行多边形确认 · centers=1 · rejected=1 · merged=0 · elapsed_ms=16.4
[INFO] [1786676238.893077]: 开始进行多边形确认 · detections=4
[INFO] [1786676238.911376]: 开始进行多边形确认 · centers=2 · rejected=0 · merged=0 · elapsed_ms=18.3
[INFO] [1786676239.012746]: 开始进行多边形确认 · detections=5
[INFO] [1786676239.069860]: 开始进行多边形确认 · centers=2 · rejected=1 · merged=0 · elapsed_ms=57.1
[INFO] [1786676239.071769]: RGB-D vision status: model_ready:onnxruntime targets:3 centers:2 tf:2 rejected:1 merged:0 semantic_masks:5
[INFO] [1786676239.149254]: 开始进行多边形确认 · detections=4
[INFO] [1786676239.167306]: 开始进行多边形确认 · centers=1 · rejected=1 · merged=0 · elapsed_ms=18.1
[INFO] [1786676239.275337]: 开始进行多边形确认 · detections=4
[INFO] [1786676239.292588]: 开始进行多边形确认 · centers=1 · rejected=1 · merged=0 · elapsed_ms=17.3
[INFO] [1786676239.410266]: 开始进行多边形确认 · detections=4
[INFO] [1786676239.440226]: CITRUS_CENTER ok pixel=(470,233) depth=0.594 m radius=26.6 mm arc=279 deg error=0.83 px fragments=1
[INFO] [1786676239.441519]: 开始进行多边形确认 · centers=1 · rejected=1 · merged=0 · elapsed_ms=31.3
[INFO] [1786676239.536788]: 开始进行多边形确认 · detections=5
[INFO] [1786676239.588726]: 开始进行多边形确认 · centers=2 · rejected=1 · merged=0 · elapsed_ms=52.0
[INFO] [1786676239.664333]: 开始进行多边形确认 · detections=5
[INFO] [1786676239.711171]: 开始进行多边形确认 · centers=2 · rejected=1 · merged=0 · elapsed_ms=46.9
[INFO] [1786676239.782125]: 开始进行多边形确认 · detections=3
[INFO] [1786676239.809250]: 开始进行多边形确认 · centers=1 · rejected=0 · merged=0 · elapsed_ms=27.2
[INFO] [1786676239.916518]: 开始进行多边形确认 · detections=3
[INFO] [1786676239.950541]: 开始进行多边形确认 · centers=1 · rejected=1 · merged=0 · elapsed_ms=34.0
[INFO] [1786676240.044011]: 开始进行多边形确认 · detections=4
[INFO] [1786676240.081175]: 开始进行多边形确认 · centers=1 · rejected=1 · merged=0 · elapsed_ms=37.2
[INFO] [1786676240.167783]: 开始进行多边形确认 · detections=3
[INFO] [1786676240.195642]: 开始进行多边形确认 · centers=1 · rejected=1 · merged=0 · elapsed_ms=27.9
[INFO] [1786676240.272245]: 开始进行多边形确认 · detections=3
[INFO] [1786676240.283753]: 开始进行多边形确认 · centers=1 · rejected=0 · merged=0 · elapsed_ms=11.5
[INFO] [1786676240.399837]: 开始进行多边形确认 · detections=4
[INFO] [1786676240.428340]: 开始进行多边形确认 · centers=1 · rejected=1 · merged=0 · elapsed_ms=28.5
[INFO] [1786676240.544001]: 开始进行多边形确认 · detections=3
[INFO] [1786676240.555907]: 开始进行多边形确认 · centers=1 · rejected=0 · merged=0 · elapsed_ms=11.9
[INFO] [1786676240.637967]: 开始进行多边形确认 · detections=4
[INFO] [1786676240.656049]: 开始进行多边形确认 · centers=1 · rejected=1 · merged=0 · elapsed_ms=18.1
[INFO] [1786676240.764156]: 开始进行多边形确认 · detections=4
[INFO] [1786676240.781926]: 开始进行多边形确认 · centers=1 · rejected=1 · merged=0 · elapsed_ms=17.8
[INFO] [1786676240.887998]: 开始进行多边形确认 · detections=3
[INFO] [1786676240.904509]: 开始进行多边形确认 · centers=1 · rejected=1 · merged=0 · elapsed_ms=16.6
[INFO] [1786676241.010113]: 开始进行多边形确认 · detections=3
[INFO] [1786676241.026742]: 开始进行多边形确认 · centers=2 · rejected=0 · merged=0 · elapsed_ms=16.7
[INFO] [1786676241.132622]: 开始进行多边形确认 · detections=4
[INFO] [1786676241.150450]: 开始进行多边形确认 · centers=1 · rejected=1 · merged=0 · elapsed_ms=17.9
[INFO] [1786676241.254300]: 开始进行多边形确认 · detections=3
[INFO] [1786676241.291504]: 开始进行多边形确认 · centers=2 · rejected=0 · merged=0 · elapsed_ms=37.2
[INFO] [1786676241.396748]: 开始进行多边形确认 · detections=4
[INFO] [1786676241.449842]: CITRUS_CENTER ok pixel=(471,233) depth=0.598 m radius=26.7 mm arc=281 deg error=0.75 px fragments=1
[INFO] [1786676241.451823]: 开始进行多边形确认 · centers=1 · rejected=1 · merged=0 · elapsed_ms=55.2
[INFO] [1786676241.567813]: 开始进行多边形确认 · detections=4
[INFO] [1786676241.607013]: 开始进行多边形确认 · centers=1 · rejected=1 · merged=0 · elapsed_ms=39.3
[INFO] [1786676241.673839]: 开始进行多边形确认 · detections=3
[INFO] [1786676241.707606]: 开始进行多边形确认 · centers=1 · rejected=1 · merged=0 · elapsed_ms=33.8
[INFO] [1786676241.788291]: 开始进行多边形确认 · detections=4
[INFO] [1786676241.806660]: 开始进行多边形确认 · centers=1 · rejected=1 · merged=0 · elapsed_ms=18.4
[INFO] [1786676241.918700]: 开始进行多边形确认 · detections=4
[INFO] [1786676241.955765]: 开始进行多边形确认 · centers=1 · rejected=1 · merged=0 · elapsed_ms=37.1
[INFO] [1786676242.047277]: 开始进行多边形确认 · detections=4
[INFO] [1786676242.084815]: 开始进行多边形确认 · centers=1 · rejected=1 · merged=0 · elapsed_ms=37.6
[INFO] [1786676242.171609]: 开始进行多边形确认 · detections=3
[INFO] [1786676242.195982]: 开始进行多边形确认 · centers=1 · rejected=1 · merged=0 · elapsed_ms=24.4
[INFO] [1786676242.288683]: 开始进行多边形确认 · detections=3
[INFO] [1786676242.311439]: 开始进行多边形确认 · centers=1 · rejected=1 · merged=0 · elapsed_ms=22.8
[INFO] [1786676242.420721]: 开始进行多边形确认 · detections=4
[INFO] [1786676242.455485]: 开始进行多边形确认 · centers=1 · rejected=1 · merged=0 · elapsed_ms=34.8
[INFO] [1786676242.606930]: 开始进行多边形确认 · detections=3
[INFO] [1786676242.642292]: 开始进行多边形确认 · centers=2 · rejected=0 · merged=0 · elapsed_ms=35.4
[INFO] [1786676242.707403]: 开始进行多边形确认 · detections=4
[INFO] [1786676242.742602]: 开始进行多边形确认 · centers=1 · rejected=1 · merged=0 · elapsed_ms=35.2
[INFO] [1786676242.836856]: 开始进行多边形确认 · detections=4
[INFO] [1786676242.873350]: 开始进行多边形确认 · centers=1 · rejected=1 · merged=0 · elapsed_ms=36.5
[INFO] [1786676242.956111]: 开始进行多边形确认 · detections=3
[INFO] [1786676242.989655]: 开始进行多边形确认 · centers=1 · rejected=1 · merged=0 · elapsed_ms=33.6
[INFO] [1786676243.079987]: 开始进行多边形确认 · detections=4
[INFO] [1786676243.114250]: 开始进行多边形确认 · centers=1 · rejected=1 · merged=0 · elapsed_ms=34.3
[INFO] [1786676243.210091]: 开始进行多边形确认 · detections=4
[INFO] [1786676243.248474]: 开始进行多边形确认 · centers=1 · rejected=1 · merged=0 · elapsed_ms=38.4
[INFO] [1786676243.332384]: 开始进行多边形确认 · detections=3
[INFO] [1786676243.368296]: 开始进行多边形确认 · centers=1 · rejected=1 · merged=0 · elapsed_ms=36.0
[INFO] [1786676243.460406]: 开始进行多边形确认 · detections=3
[INFO] [1786676243.496233]: CITRUS_CENTER ok pixel=(470,233) depth=0.595 m radius=26.6 mm arc=281 deg error=0.67 px fragments=1
[INFO] [1786676243.497413]: 开始进行多边形确认 · centers=1 · rejected=1 · merged=0 · elapsed_ms=37.1
[INFO] [1786676243.617591]: 开始进行多边形确认 · detections=2
[INFO] [1786676243.645372]: 开始进行多边形确认 · centers=1 · rejected=0 · merged=0 · elapsed_ms=27.8
[INFO] [1786676243.716009]: 开始进行多边形确认 · detections=3
[INFO] [1786676243.752572]: 开始进行多边形确认 · centers=1 · rejected=1 · merged=0 · elapsed_ms=36.6
[INFO] [1786676243.831594]: 开始进行多边形确认 · detections=3
[INFO] [1786676243.865477]: 开始进行多边形确认 · centers=1 · rejected=1 · merged=0 · elapsed_ms=33.9
[INFO] [1786676243.956830]: 开始进行多边形确认 · detections=2
[WARN] [1786676102.693488]: CITRUS_CENTER reject instances=1 reason=aligned depth unavailable
[WARN] [1786676102.694175]: 开始进行多边形确认 · 多边形确认失败 · rejected=1 · elapsed_ms=2.2
[WARN] [1786676102.817290]: 开始进行多边形确认 · 多边形确认失败 · rejected=1 · elapsed_ms=2.7
[WARN] [1786676109.840845]: CITRUS_CENTER reject instances=2 reason=reconstructed citrus radius 19.9 mm is outside 22.0..40.0 mm
[WARN] [1786676112.123262]: CITRUS_CENTER reject instances=2 reason=reconstructed citrus radius 19.5 mm is outside 22.0..40.0 mm
[WARN] [1786676114.385262]: CITRUS_CENTER reject instances=2 reason=reconstructed citrus radius 19.9 mm is outside 22.0..40.0 mm
[WARN] [1786676116.766170]: CITRUS_CENTER reject instances=2 reason=reconstructed citrus radius 20.0 mm is outside 22.0..40.0 mm
[WARN] [1786676119.179435]: CITRUS_CENTER reject instances=2 reason=reconstructed citrus radius 19.8 mm is outside 22.0..40.0 mm
[WARN] [1786676122.190406]: CITRUS_CENTER reject instances=2 reason=reconstructed citrus radius 19.5 mm is outside 22.0..40.0 mm
[WARN] [1786676124.305440]: CITRUS_CENTER reject instances=2 reason=reconstructed citrus radius 19.5 mm is outside 22.0..40.0 mm
[WARN] [1786676127.958751]: CITRUS_CENTER reject instances=2 reason=reconstructed citrus radius 19.3 mm is outside 22.0..40.0 mm
[WARN] [1786676130.293646]: CITRUS_CENTER reject instances=3 reason=reconstructed citrus radius 19.5 mm is outside 22.0..40.0 mm
[WARN] [1786676132.323364]: CITRUS_CENTER reject instances=3 reason=reconstructed citrus radius 19.7 mm is outside 22.0..40.0 mm
[WARN] [1786676134.339916]: CITRUS_CENTER reject instances=2 reason=reconstructed citrus radius 19.8 mm is outside 22.0..40.0 mm
[WARN] [1786676136.600234]: CITRUS_CENTER reject instances=3 reason=reconstructed citrus radius 19.4 mm is outside 22.0..40.0 mm
[WARN] [1786676156.488034]: 开始进行多边形确认 · 多边形确认失败 · rejected=0 · elapsed_ms=1.3
[WARN] [1786676156.793824]: 开始进行多边形确认 · 多边形确认失败 · rejected=0 · elapsed_ms=1.6
[WARN] [1786676156.918585]: 开始进行多边形确认 · 多边形确认失败 · rejected=0 · elapsed_ms=1.3
[WARN] [1786676157.055464]: 开始进行多边形确认 · 多边形确认失败 · rejected=0 · elapsed_ms=1.4
[WARN] [1786676157.183907]: 开始进行多边形确认 · 多边形确认失败 · rejected=0 · elapsed_ms=1.4
[WARN] [1786676157.408935]: 开始进行多边形确认 · 多边形确认失败 · rejected=0 · elapsed_ms=1.3
[WARN] [1786676157.532934]: 开始进行多边形确认 · 多边形确认失败 · rejected=0 · elapsed_ms=1.4
[WARN] [1786676157.782052]: 开始进行多边形确认 · 多边形确认失败 · rejected=0 · elapsed_ms=1.1
[WARN] [1786676158.051733]: 开始进行多边形确认 · 多边形确认失败 · rejected=0 · elapsed_ms=1.2
[WARN] [1786676158.161194]: 开始进行多边形确认 · 多边形确认失败 · rejected=0 · elapsed_ms=1.1
[WARN] [1786676158.332261]: 开始进行多边形确认 · 多边形确认失败 · rejected=0 · elapsed_ms=1.4
[WARN] [1786676158.535917]: 开始进行多边形确认 · 多边形确认失败 · rejected=0 · elapsed_ms=1.4
[WARN] [1786676158.784982]: 开始进行多边形确认 · 多边形确认失败 · rejected=0 · elapsed_ms=1.3
[WARN] [1786676158.911540]: 开始进行多边形确认 · 多边形确认失败 · rejected=0 · elapsed_ms=1.0
[WARN] [1786676159.038275]: 开始进行多边形确认 · 多边形确认失败 · rejected=0 · elapsed_ms=1.1
[WARN] [1786676159.162620]: 开始进行多边形确认 · 多边形确认失败 · rejected=0 · elapsed_ms=1.5
[WARN] [1786676159.295038]: 开始进行多边形确认 · 多边形确认失败 · rejected=0 · elapsed_ms=1.3
[WARN] [1786676159.810810]: 开始进行多边形确认 · 多边形确认失败 · rejected=0 · elapsed_ms=1.2
[WARN] [1786676159.928799]: 开始进行多边形确认 · 多边形确认失败 · rejected=0 · elapsed_ms=1.0
[WARN] [1786676160.055472]: 开始进行多边形确认 · 多边形确认失败 · rejected=0 · elapsed_ms=1.1
[WARN] [1786676160.184012]: 开始进行多边形确认 · 多边形确认失败 · rejected=0 · elapsed_ms=1.2
[WARN] [1786676160.311678]: 开始进行多边形确认 · 多边形确认失败 · rejected=0 · elapsed_ms=1.3
[WARN] [1786676160.480474]: 开始进行多边形确认 · 多边形确认失败 · rejected=0 · elapsed_ms=1.4
[WARN] [1786676160.582745]: 开始进行多边形确认 · 多边形确认失败 · rejected=0 · elapsed_ms=1.4
[WARN] [1786676160.706275]: 开始进行多边形确认 · 多边形确认失败 · rejected=0 · elapsed_ms=1.6
[WARN] [1786676160.832494]: 开始进行多边形确认 · 多边形确认失败 · rejected=0 · elapsed_ms=1.3
[WARN] [1786676184.589427]: CITRUS_CENTER reject instances=3 reason=reconstructed citrus radius 19.3 mm is outside 22.0..40.0 mm
[WARN] [1786676186.607008]: CITRUS_CENTER reject instances=2 reason=reconstructed citrus radius 19.4 mm is outside 22.0..40.0 mm
[WARN] [1786676188.836385]: CITRUS_CENTER reject instances=2 reason=reconstructed citrus radius 19.5 mm is outside 22.0..40.0 mm
[WARN] [1786676193.082227]: CITRUS_CENTER reject instances=3 reason=reconstructed citrus radius 19.7 mm is outside 22.0..40.0 mm
[WARN] [1786676195.123739]: CITRUS_CENTER reject instances=2 reason=reconstructed citrus radius 19.3 mm is outside 22.0..40.0 mm
[WARN] [1786676197.147234]: CITRUS_CENTER reject instances=2 reason=reconstructed citrus radius 20.0 mm is outside 22.0..40.0 mm
[WARN] [1786676199.281176]: CITRUS_CENTER reject instances=3 reason=reconstructed citrus radius 19.4 mm is outside 22.0..40.0 mm
[WARN] [1786676201.430584]: CITRUS_CENTER reject instances=2 reason=reconstructed citrus radius 19.5 mm is outside 22.0..40.0 mm
[WARN] [1786676203.808629]: CITRUS_CENTER reject instances=2 reason=reconstructed citrus radius 19.5 mm is outside 22.0..40.0 mm
[WARN] [1786676206.093704]: CITRUS_CENTER reject instances=2 reason=reconstructed citrus radius 20.0 mm is outside 22.0..40.0 mm
[WARN] [1786676208.570738]: CITRUS_CENTER reject instances=2 reason=reconstructed citrus radius 20.0 mm is outside 22.0..40.0 mm
[WARN] [1786676210.743237]: CITRUS_CENTER reject instances=3 reason=reconstructed citrus radius 19.4 mm is outside 22.0..40.0 mm
[WARN] [1786676212.848727]: CITRUS_CENTER reject instances=2 reason=reconstructed citrus radius 19.5 mm is outside 22.0..40.0 mm
[WARN] [1786676214.892187]: CITRUS_CENTER reject instances=3 reason=reconstructed citrus radius 19.5 mm is outside 22.0..40.0 mm
[WARN] [1786676216.934015]: CITRUS_CENTER reject instances=2 reason=reconstructed citrus radius 19.8 mm is outside 22.0..40.0 mm
[WARN] [1786676219.199169]: CITRUS_CENTER reject instances=3 reason=reconstructed citrus radius 19.4 mm is outside 22.0..40.0 mm
[WARN] [1786676221.688268]: CITRUS_CENTER reject instances=2 reason=reconstructed citrus radius 19.3 mm is outside 22.0..40.0 mm
[WARN] [1786676223.815337]: CITRUS_CENTER reject instances=2 reason=reconstructed citrus radius 19.3 mm is outside 22.0..40.0 mm
[WARN] [1786676226.709835]: CITRUS_CENTER reject instances=2 reason=reconstructed citrus radius 19.6 mm is outside 22.0..40.0 mm
[WARN] [1786676228.875350]: CITRUS_CENTER reject instances=2 reason=reconstructed citrus radius 19.5 mm is outside 22.0..40.0 mm
[WARN] [1786676234.362474]: CITRUS_CENTER reject instances=2 reason=reconstructed citrus radius 20.0 mm is outside 22.0..40.0 mm
[WARN] [1786676236.923817]: CITRUS_CENTER reject instances=2 reason=reconstructed citrus radius 19.9 mm is outside 22.0..40.0 mm
[WARN] [1786676239.068431]: CITRUS_CENTER reject instances=2 reason=reconstructed citrus radius 19.5 mm is outside 22.0..40.0 mm
[WARN] [1786676241.149348]: CITRUS_CENTER reject instances=2 reason=reconstructed citrus radius 19.4 mm is outside 22.0..40.0 mm
[WARN] [1786676243.247225]: CITRUS_CENTER reject instances=2 reason=reconstructed citrus radius 19.5 mm is outside 22.0..40.0 mm
[WARN] [1786676245.466323]: CITRUS_CENTER reject instances=2 reason=reconstructed citrus radius 19.6 mm is outside 22.0..40.0 mm
[INFO] [1786676243.982962]: 开始进行多边形确认 · centers=1 · rejected=0 · merged=0 · elapsed_ms=26.2
[INFO] [1786676244.083993]: 开始进行多边形确认 · detections=3
[INFO] [1786676244.117937]: 开始进行多边形确认 · centers=1 · rejected=1 · merged=0 · elapsed_ms=34.0
[INFO] [1786676244.119530]: RGB-D vision status: model_ready:onnxruntime targets:2 centers:1 tf:1 rejected:1 merged:0 semantic_masks:3
[INFO] [1786676244.214462]: 开始进行多边形确认 · detections=3
[INFO] [1786676244.246639]: 开始进行多边形确认 · centers=1 · rejected=1 · merged=0 · elapsed_ms=32.2
[INFO] [1786676244.336154]: 开始进行多边形确认 · detections=4
[INFO] [1786676244.370856]: 开始进行多边形确认 · centers=1 · rejected=1 · merged=0 · elapsed_ms=34.8
[INFO] [1786676244.461468]: 开始进行多边形确认 · detections=3
[INFO] [1786676244.500862]: 开始进行多边形确认 · centers=1 · rejected=1 · merged=0 · elapsed_ms=39.5
[INFO] [1786676244.605711]: 开始进行多边形确认 · detections=5
[INFO] [1786676244.647037]: 开始进行多边形确认 · centers=1 · rejected=1 · merged=0 · elapsed_ms=41.4
[INFO] [1786676244.722250]: 开始进行多边形确认 · detections=3
[INFO] [1786676244.750192]: 开始进行多边形确认 · centers=1 · rejected=0 · merged=0 · elapsed_ms=27.9
[INFO] [1786676244.836065]: 开始进行多边形确认 · detections=4
[INFO] [1786676244.864325]: 开始进行多边形确认 · centers=1 · rejected=0 · merged=0 · elapsed_ms=28.3
[INFO] [1786676244.953876]: 开始进行多边形确认 · detections=3
[INFO] [1786676244.988308]: 开始进行多边形确认 · centers=2 · rejected=0 · merged=0 · elapsed_ms=34.5
[INFO] [1786676245.078022]: 开始进行多边形确认 · detections=4
[INFO] [1786676245.110431]: 开始进行多边形确认 · centers=2 · rejected=0 · merged=0 · elapsed_ms=32.4
[INFO] [1786676245.189080]: 开始进行多边形确认 · detections=3
[INFO] [1786676245.204144]: 开始进行多边形确认 · centers=1 · rejected=0 · merged=0 · elapsed_ms=15.1
[INFO] [1786676245.312757]: 开始进行多边形确认 · detections=4
[INFO] [1786676245.333880]: 开始进行多边形确认 · centers=2 · rejected=0 · merged=0 · elapsed_ms=21.3
[INFO] [1786676245.445992]: 开始进行多边形确认 · detections=4
[INFO] [1786676245.467666]: 开始进行多边形确认 · centers=1 · rejected=1 · merged=0 · elapsed_ms=21.7
[INFO] [1786676245.581060]: 开始进行多边形确认 · detections=3
[INFO] [1786676245.618812]: CITRUS_CENTER ok pixel=(469,233) depth=0.598 m radius=26.3 mm arc=285 deg error=0.59 px fragments=1
[INFO] [1786676245.620078]: 开始进行多边形确认 · centers=2 · rejected=0 · merged=0 · elapsed_ms=39.1
[INFO] [1786676245.715346]: 开始进行多边形确认 · detections=5
[INFO] [1786676245.760859]: 开始进行多边形确认 · centers=2 · rejected=0 · merged=0 · elapsed_ms=45.6
[INFO] [1786676245.827876]: 开始进行多边形确认 · detections=3
[INFO] [1786676245.839952]: 开始进行多边形确认 · centers=1 · rejected=0 · merged=0 · elapsed_ms=12.1
[INFO] [1786676245.951890]: 开始进行多边形确认 · detections=4
[INFO] [1786676245.970547]: 开始进行多边形确认 · centers=2 · rejected=0 · merged=0 · elapsed_ms=18.7
[INFO] [1786676246.068086]: 开始进行多边形确认 · detections=4
[INFO] [1786676246.085329]: 开始进行多边形确认 · centers=2 · rejected=0 · merged=0 · elapsed_ms=17.3
[INFO] [1786676246.195943]: 开始进行多边形确认 · detections=4
[INFO] [1786676246.229291]: 开始进行多边形确认 · centers=1 · rejected=1 · merged=0 · elapsed_ms=33.4
[INFO] [1786676246.328797]: 开始进行多边形确认 · detections=3
[INFO] [1786676246.364573]: 开始进行多边形确认 · centers=1 · rejected=1 · merged=0 · elapsed_ms=35.8
[INFO] [1786676246.456030]: 开始进行多边形确认 · detections=4
[INFO] [1786676246.491048]: 开始进行多边形确认 · centers=1 · rejected=1 · merged=0 · elapsed_ms=35.1
[INFO] [1786676246.580336]: 开始进行多边形确认 · detections=2
[INFO] [1786676246.607459]: 开始进行多边形确认 · centers=1 · rejected=0 · merged=0 · elapsed_ms=27.2
[INFO] [1786676246.714240]: 开始进行多边形确认 · detections=3
[INFO] [1786676246.738460]: 开始进行多边形确认 · centers=1 · rejected=0 · merged=0 · elapsed_ms=24.3
[INFO] [1786676246.836294]: 开始进行多边形确认 · detections=4
[INFO] [1786676246.855034]: 开始进行多边形确认 · centers=2 · rejected=0 · merged=0 · elapsed_ms=18.8
[INFO] [1786676246.958261]: 开始进行多边形确认 · detections=3
[INFO] [1786676246.983305]: 开始进行多边形确认 · centers=1 · rejected=0 · merged=0 · elapsed_ms=25.1
[INFO] [1786676247.096534]: 开始进行多边形确认 · detections=4
[INFO] [1786676247.141411]: 开始进行多边形确认 · centers=2 · rejected=0 · merged=0 · elapsed_ms=44.9
[INFO] [1786676247.220600]: 开始进行多边形确认 · detections=4
[INFO] [1786676247.266818]: 开始进行多边形确认 · centers=2 · rejected=0 · merged=0 · elapsed_ms=46.3
[INFO] [1786676247.344349]: 开始进行多边形确认 · detections=3
[INFO] [1786676247.377683]: 开始进行多边形确认 · centers=2 · rejected=0 · merged=0 · elapsed_ms=33.4
[INFO] [1786676247.455743]: 开始进行多边形确认 · detections=4
[INFO] [1786676247.477122]: 开始进行多边形确认 · centers=2 · rejected=0 · merged=0 · elapsed_ms=21.4
[INFO] [1786676247.576208]: 开始进行多边形确认 · detections=4
[INFO] [1786676247.602598]: 开始进行多边形确认 · centers=2 · rejected=0 · merged=0 · elapsed_ms=26.4
[INFO] [1786676247.720898]: 开始进行多边形确认 · detections=4
[INFO] [1786676247.778847]: CITRUS_CENTER ok pixel=(470,233) depth=0.595 m radius=26.7 mm arc=279 deg error=0.81 px fragments=1
[INFO] [1786676247.780834]: 开始进行多边形确认 · centers=2 · rejected=1 · merged=0 · elapsed_ms=60.0
[INFO] [1786676247.849104]: 开始进行多边形确认 · detections=3
[INFO] [1786676247.874283]: 开始进行多边形确认 · centers=1 · rejected=1 · merged=0 · elapsed_ms=25.2
[INFO] [1786676247.953904]: 开始进行多边形确认 · detections=3
[INFO] [1786676247.972733]: 开始进行多边形确认 · centers=1 · rejected=1 · merged=0 · elapsed_ms=18.9
[INFO] [1786676248.078202]: 开始进行多边形确认 · detections=2
[INFO] [1786676248.091750]: 开始进行多边形确认 · centers=1 · rejected=0 · merged=0 · elapsed_ms=13.6
[INFO] [1786676248.204555]: 开始进行多边形确认 · detections=4
[INFO] [1786676248.223806]: 开始进行多边形确认 · centers=1 · rejected=1 · merged=0 · elapsed_ms=19.3
[INFO] [1786676248.327729]: 开始进行多边形确认 · detections=4
[INFO] [1786676248.348131]: 开始进行多边形确认 · centers=1 · rejected=1 · merged=0 · elapsed_ms=20.4
[INFO] [1786676248.448183]: 开始进行多边形确认 · detections=4
[INFO] [1786676248.469326]: 开始进行多边形确认 · centers=1 · rejected=1 · merged=0 · elapsed_ms=21.2
[INFO] [1786676248.580084]: 开始进行多边形确认 · detections=4
[INFO] [1786676248.598435]: 开始进行多边形确认 · centers=1 · rejected=1 · merged=0 · elapsed_ms=18.4
[INFO] [1786676248.700676]: 开始进行多边形确认 · detections=4
[INFO] [1786676248.719974]: 开始进行多边形确认 · centers=1 · rejected=1 · merged=0 · elapsed_ms=19.3
[INFO] [1786676248.825624]: 开始进行多边形确认 · detections=3
[INFO] [1786676248.838766]: 开始进行多边形确认 · centers=1 · rejected=0 · merged=0 · elapsed_ms=13.2
[INFO] [1786676248.961706]: 开始进行多边形确认 · detections=3
[INFO] [1786676248.980890]: 开始进行多边形确认 · centers=1 · rejected=1 · merged=0 · elapsed_ms=19.2
[INFO] [1786676249.076466]: 开始进行多边形确认 · detections=4
[INFO] [1786676249.101804]: 开始进行多边形确认 · centers=1 · rejected=1 · merged=0 · elapsed_ms=25.4
[INFO] [1786676249.234442]: 开始进行多边形确认 · detections=4
[INFO] [1786676249.254844]: 开始进行多边形确认 · centers=1 · rejected=1 · merged=0 · elapsed_ms=20.4
[INFO] [1786676249.342089]: 开始进行多边形确认 · detections=4
[INFO] [1786676249.375366]: 开始进行多边形确认 · centers=1 · rejected=1 · merged=0 · elapsed_ms=33.3
[INFO] [1786676249.466851]: 开始进行多边形确认 · detections=4
[INFO] [1786676249.491964]: 开始进行多边形确认 · centers=1 · rejected=1 · merged=0 · elapsed_ms=25.2
[INFO] [1786676249.584567]: 开始进行多边形确认 · detections=4
[INFO] [1786676249.608292]: 开始进行多边形确认 · centers=1 · rejected=1 · merged=0 · elapsed_ms=23.8
[INFO] [1786676249.703567]: 开始进行多边形确认 · detections=3
[INFO] [1786676249.715667]: 开始进行多边形确认 · centers=1 · rejected=0 · merged=0 · elapsed_ms=12.2
[INFO] [1786676249.717465]: RGB-D vision status: model_ready:onnxruntime targets:1 centers:1 tf:1 rejected:0 merged:0 semantic_masks:3
[INFO] [1786676249.834931]: 开始进行多边形确认 · detections=2
[INFO] [1786676249.859231]: CITRUS_CENTER ok pixel=(470,233) depth=0.594 m radius=26.4 mm arc=281 deg error=0.72 px fragments=1
[INFO] [1786676249.860502]: 开始进行多边形确认 · centers=1 · rejected=0 · merged=0 · elapsed_ms=25.6
[INFO] [1786676249.966426]: 开始进行多边形确认 · detections=3
[INFO] [1786676250.004797]: 开始进行多边形确认 · centers=2 · rejected=0 · merged=0 · elapsed_ms=38.4
[INFO] [1786676250.089798]: 开始进行多边形确认 · detections=3
[INFO] [1786676250.127457]: 开始进行多边形确认 · centers=1 · rejected=1 · merged=0 · elapsed_ms=37.7
[INFO] [1786676250.259351]: 开始进行多边形确认 · detections=3
[INFO] [1786676250.297867]: 开始进行多边形确认 · centers=1 · rejected=1 · merged=0 · elapsed_ms=38.6
[INFO] [1786676250.359809]: 开始进行多边形确认 · detections=5
[INFO] [1786676250.396298]: 开始进行多边形确认 · centers=2 · rejected=0 · merged=0 · elapsed_ms=36.5
[INFO] [1786676250.479385]: 开始进行多边形确认 · detections=4
[INFO] [1786676250.514629]: 开始进行多边形确认 · centers=1 · rejected=1 · merged=0 · elapsed_ms=35.3
[INFO] [1786676250.603065]: 开始进行多边形确认 · detections=4
[INFO] [1786676250.660586]: 开始进行多边形确认 · centers=2 · rejected=1 · merged=0 · elapsed_ms=57.6
[INFO] [1786676250.728577]: 开始进行多边形确认 · detections=3
[INFO] [1786676250.763999]: 开始进行多边形确认 · centers=1 · rejected=1 · merged=0 · elapsed_ms=35.5
[INFO] [1786676250.844879]: 开始进行多边形确认 · detections=3
[INFO] [1786676250.862025]: 开始进行多边形确认 · centers=2 · rejected=0 · merged=0 · elapsed_ms=17.2
[INFO] [1786676250.976019]: 开始进行多边形确认 · detections=5
[INFO] [1786676250.993148]: 开始进行多边形确认 · centers=1 · rejected=1 · merged=0 · elapsed_ms=17.2
[INFO] [1786676251.095739]: 开始进行多边形确认 · detections=3
[INFO] [1786676251.112305]: 开始进行多边形确认 · centers=1 · rejected=1 · merged=0 · elapsed_ms=16.6
[INFO] [1786676251.226007]: 开始进行多边形确认 · detections=4
[INFO] [1786676251.310301]: 开始进行多边形确认 · centers=3 · rejected=0 · merged=0 · elapsed_ms=84.3
[INFO] [1786676251.367878]: 开始进行多边形确认 · detections=4
[INFO] [1786676251.385550]: 开始进行多边形确认 · centers=1 · rejected=1 · merged=0 · elapsed_ms=17.7
[INFO] [1786676251.483441]: 开始进行多边形确认 · detections=3
[INFO] [1786676251.496380]: 开始进行多边形确认 · centers=1 · rejected=0 · merged=0 · elapsed_ms=13.0
[INFO] [1786676251.614163]: 开始进行多边形确认 · detections=3
[INFO] [1786676251.647952]: 开始进行多边形确认 · centers=2 · rejected=0 · merged=0 · elapsed_ms=33.8
[INFO] [1786676251.752838]: 开始进行多边形确认 · detections=4
[INFO] [1786676251.784454]: 开始进行多边形确认 · centers=2 · rejected=0 · merged=0 · elapsed_ms=31.6
[INFO] [1786676251.881033]: 开始进行多边形确认 · detections=4
[INFO] [1786676251.913960]: CITRUS_CENTER ok pixel=(470,233) depth=0.596 m radius=26.7 mm arc=279 deg error=0.80 px fragments=1
[INFO] [1786676251.915357]: 开始进行多边形确认 · centers=2 · rejected=0 · merged=0 · elapsed_ms=34.4
[INFO] [1786676252.009215]: 开始进行多边形确认 · detections=3
[INFO] [1786676252.044629]: 开始进行多边形确认 · centers=1 · rejected=1 · merged=0 · elapsed_ms=35.5
[INFO] [1786676252.130090]: 开始进行多边形确认 · detections=4
[INFO] [1786676252.168054]: 开始进行多边形确认 · centers=2 · rejected=0 · merged=0 · elapsed_ms=38.0
[INFO] [1786676252.261626]: 开始进行多边形确认 · detections=2
[INFO] [1786676252.288954]: 开始进行多边形确认 · centers=1 · rejected=0 · merged=0 · elapsed_ms=27.3
[INFO] [1786676252.397277]: 开始进行多边形确认 · detections=2
[INFO] [1786676252.423355]: 开始进行多边形确认 · centers=1 · rejected=0 · merged=0 · elapsed_ms=26.1
[INFO] [1786676252.510142]: 开始进行多边形确认 · detections=2
[INFO] [1786676252.534935]: 开始进行多边形确认 · centers=1 · rejected=0 · merged=0 · elapsed_ms=24.8
[INFO] [1786676252.631253]: 开始进行多边形确认 · detections=3
[INFO] [1786676252.657504]: 开始进行多边形确认 · centers=1 · rejected=0 · merged=0 · elapsed_ms=26.3
[INFO] [1786676252.758445]: 开始进行多边形确认 · detections=2
[INFO] [1786676252.802656]: 开始进行多边形确认 · centers=1 · rejected=0 · merged=0 · elapsed_ms=44.3
[INFO] [1786676252.880084]: 开始进行多边形确认 · detections=4
[INFO] [1786676252.919414]: 开始进行多边形确认 · centers=2 · rejected=0 · merged=0 · elapsed_ms=39.4
[INFO] [1786676253.007249]: 开始进行多边形确认 · detections=2
[INFO] [1786676253.032266]: 开始进行多边形确认 · centers=1 · rejected=0 · merged=0 · elapsed_ms=25.0
[INFO] [1786676253.107774]: 开始进行多边形确认 · detections=4
[INFO] [1786676253.126277]: 开始进行多边形确认 · centers=1 · rejected=1 · merged=0 · elapsed_ms=18.6
[INFO] [1786676253.236154]: 开始进行多边形确认 · detections=4
[INFO] [1786676253.254386]: 开始进行多边形确认 · centers=1 · rejected=1 · merged=0 · elapsed_ms=18.2
[INFO] [1786676253.373830]: 开始进行多边形确认 · detections=3
[INFO] [1786676253.395375]: 开始进行多边形确认 · centers=1 · rejected=0 · merged=0 · elapsed_ms=21.6
[INFO] [1786676253.492189]: 开始进行多边形确认 · detections=3
[INFO] [1786676253.505501]: 开始进行多边形确认 · centers=1 · rejected=0 · merged=0 · elapsed_ms=13.4
[INFO] [1786676253.613547]: 开始进行多边形确认 · detections=3
[INFO] [1786676253.627452]: 开始进行多边形确认 · centers=1 · rejected=0 · merged=0 · elapsed_ms=13.9
[INFO] [1786676253.742151]: 开始进行多边形确认 · detections=2
[INFO] [1786676253.770806]: 开始进行多边形确认 · centers=1 · rejected=0 · merged=0 · elapsed_ms=28.7
[INFO] [1786676253.879399]: 开始进行多边形确认 · detections=4
[INFO] [1786676253.912295]: 开始进行多边形确认 · centers=1 · rejected=1 · merged=0 · elapsed_ms=32.9
[INFO] [1786676254.010759]: 开始进行多边形确认 · detections=3
[INFO] [1786676254.036392]: CITRUS_CENTER ok pixel=(469,233) depth=0.596 m radius=26.1 mm arc=282 deg error=0.56 px fragments=1
[INFO] [1786676254.037638]: 开始进行多边形确认 · centers=1 · rejected=0 · merged=0 · elapsed_ms=27.0
[INFO] [1786676254.129374]: 开始进行多边形确认 · detections=5
[INFO] [1786676254.148340]: 开始进行多边形确认 · centers=1 · rejected=1 · merged=0 · elapsed_ms=19.0
[INFO] [1786676254.262108]: 开始进行多边形确认 · detections=5
[INFO] [1786676254.300004]: 开始进行多边形确认 · centers=1 · rejected=1 · merged=0 · elapsed_ms=37.9
[INFO] [1786676254.384987]: 开始进行多边形确认 · detections=3
[INFO] [1786676254.409738]: 开始进行多边形确认 · centers=1 · rejected=0 · merged=0 · elapsed_ms=24.8
[INFO] [1786676254.514201]: 开始进行多边形确认 · detections=4
[INFO] [1786676254.556848]: 开始进行多边形确认 · centers=1 · rejected=1 · merged=0 · elapsed_ms=42.7
[INFO] [1786676254.649820]: 开始进行多边形确认 · detections=4
[INFO] [1786676254.671377]: 开始进行多边形确认 · centers=1 · rejected=1 · merged=0 · elapsed_ms=21.6
[INFO] [1786676254.759502]: 开始进行多边形确认 · detections=4
[INFO] [1786676254.776300]: 开始进行多边形确认 · centers=1 · rejected=1 · merged=0 · elapsed_ms=16.8
[INFO] [1786676254.871022]: 开始进行多边形确认 · detections=3
[INFO] [1786676254.883748]: 开始进行多边形确认 · centers=1 · rejected=0 · merged=0 · elapsed_ms=12.7
[INFO] [1786676254.885271]: RGB-D vision status: model_ready:onnxruntime targets:1 centers:1 tf:1 rejected:0 merged:0 semantic_masks:3
[INFO] [1786676255.000981]: 开始进行多边形确认 · detections=3
[INFO] [1786676255.020565]: 开始进行多边形确认 · centers=2 · rejected=0 · merged=0 · elapsed_ms=19.6
[INFO] [1786676255.115686]: 开始进行多边形确认 · detections=4
[INFO] [1786676255.144230]: 开始进行多边形确认 · centers=3 · rejected=0 · merged=0 · elapsed_ms=28.6
[INFO] [1786676255.240155]: 开始进行多边形确认 · detections=3
[INFO] [1786676255.253533]: 开始进行多边形确认 · centers=1 · rejected=0 · merged=0 · elapsed_ms=13.4
[INFO] [1786676255.365108]: 开始进行多边形确认 · detections=5
[INFO] [1786676255.393811]: 开始进行多边形确认 · centers=2 · rejected=1 · merged=0 · elapsed_ms=28.8
[INFO] [1786676255.500752]: 开始进行多边形确认 · detections=4
[INFO] [1786676255.535131]: 开始进行多边形确认 · centers=2 · rejected=0 · merged=0 · elapsed_ms=34.4
[INFO] [1786676255.646305]: 开始进行多边形确认 · detections=4
[INFO] [1786676255.664829]: 开始进行多边形确认 · centers=1 · rejected=1 · merged=0 · elapsed_ms=18.6
[INFO] [1786676255.749214]: 开始进行多边形确认 · detections=4
[INFO] [1786676255.766690]: 开始进行多边形确认 · centers=1 · rejected=1 · merged=0 · elapsed_ms=17.6
[INFO] [1786676255.867729]: 开始进行多边形确认 · detections=3
[INFO] [1786676255.883142]: 开始进行多边形确认 · centers=1 · rejected=0 · merged=0 · elapsed_ms=15.5
[INFO] [1786676255.997243]: 开始进行多边形确认 · detections=4
[INFO] [1786676256.016103]: 开始进行多边形确认 · centers=1 · rejected=1 · merged=0 · elapsed_ms=18.9
[INFO] [1786676256.138751]: 开始进行多边形确认 · detections=5
[INFO] [1786676256.190677]: CITRUS_CENTER ok pixel=(470,233) depth=0.593 m radius=26.6 mm arc=279 deg error=0.83 px fragments=1
[INFO] [1786676256.192101]: 开始进行多边形确认 · centers=2 · rejected=1 · merged=0 · elapsed_ms=53.4
[INFO] [1786676256.266857]: 开始进行多边形确认 · detections=4
[INFO] [1786676256.304671]: 开始进行多边形确认 · centers=1 · rejected=1 · merged=0 · elapsed_ms=37.8
[INFO] [1786676256.386879]: 开始进行多边形确认 · detections=4
[INFO] [1786676256.419864]: 开始进行多边形确认 · centers=1 · rejected=1 · merged=0 · elapsed_ms=33.0
[INFO] [1786676256.517210]: 开始进行多边形确认 · detections=4
[INFO] [1786676256.550490]: 开始进行多边形确认 · centers=1 · rejected=1 · merged=0 · elapsed_ms=33.3
[INFO] [1786676256.647679]: 开始进行多边形确认 · detections=4
[INFO] [1786676256.691349]: 开始进行多边形确认 · centers=1 · rejected=1 · merged=0 · elapsed_ms=43.7
[INFO] [1786676256.779434]: 开始进行多边形确认 · detections=4
[INFO] [1786676256.806911]: 开始进行多边形确认 · centers=1 · rejected=1 · merged=0 · elapsed_ms=27.5
[INFO] [1786676256.896331]: 开始进行多边形确认 · detections=3
[INFO] [1786676256.921455]: 开始进行多边形确认 · centers=1 · rejected=0 · merged=0 · elapsed_ms=25.2
[INFO] [1786676257.013189]: 开始进行多边形确认 · detections=4
[INFO] [1786676257.030641]: 开始进行多边形确认 · centers=2 · rejected=0 · merged=0 · elapsed_ms=17.5
[INFO] [1786676257.135511]: 开始进行多边形确认 · detections=4
[INFO] [1786676257.159952]: 开始进行多边形确认 · centers=2 · rejected=0 · merged=0 · elapsed_ms=24.5
[INFO] [1786676257.258027]: 开始进行多边形确认 · detections=4
[INFO] [1786676257.281689]: 开始进行多边形确认 · centers=1 · rejected=1 · merged=0 · elapsed_ms=23.7
[INFO] [1786676257.406682]: 开始进行多边形确认 · detections=3
[INFO] [1786676257.438102]: 开始进行多边形确认 · centers=2 · rejected=0 · merged=0 · elapsed_ms=31.4
[INFO] [1786676257.519556]: 开始进行多边形确认 · detections=4
[INFO] [1786676257.544547]: 开始进行多边形确认 · centers=2 · rejected=0 · merged=0 · elapsed_ms=25.0
[INFO] [1786676257.631417]: 开始进行多边形确认 · detections=4
[INFO] [1786676257.661361]: 开始进行多边形确认 · centers=2 · rejected=0 · merged=0 · elapsed_ms=30.0
[INFO] [1786676257.764500]: 开始进行多边形确认 · detections=4
[INFO] [1786676257.798721]: 开始进行多边形确认 · centers=1 · rejected=1 · merged=0 · elapsed_ms=34.3
[INFO] [1786676257.898595]: 开始进行多边形确认 · detections=5
[INFO] [1786676257.954009]: 开始进行多边形确认 · centers=2 · rejected=1 · merged=0 · elapsed_ms=55.4
[INFO] [1786676258.014487]: 开始进行多边形确认 · detections=4
[INFO] [1786676258.032578]: 开始进行多边形确认 · centers=1 · rejected=1 · merged=0 · elapsed_ms=18.1
[INFO] [1786676258.143003]: 开始进行多边形确认 · detections=4
[INFO] [1786676258.176260]: 开始进行多边形确认 · centers=2 · rejected=0 · merged=0 · elapsed_ms=33.3
[INFO] [1786676258.276514]: 开始进行多边形确认 · detections=4
[INFO] [1786676258.313454]: CITRUS_CENTER ok pixel=(470,233) depth=0.593 m radius=26.6 mm arc=279 deg error=0.83 px fragments=1
[INFO] [1786676258.314577]: 开始进行多边形确认 · centers=2 · rejected=0 · merged=0 · elapsed_ms=38.2
[INFO] [1786676258.394318]: 开始进行多边形确认 · detections=3
[INFO] [1786676258.421570]: 开始进行多边形确认 · centers=1 · rejected=0 · merged=0 · elapsed_ms=27.3
[INFO] [1786676258.524436]: 开始进行多边形确认 · detections=4
[INFO] [1786676258.542897]: 开始进行多边形确认 · centers=2 · rejected=0 · merged=0 · elapsed_ms=18.5
[INFO] [1786676258.631294]: 开始进行多边形确认 · detections=2
[INFO] [1786676258.642963]: 开始进行多边形确认 · centers=1 · rejected=0 · merged=0 · elapsed_ms=11.7
[INFO] [1786676258.789237]: 开始进行多边形确认 · detections=2
[INFO] [1786676258.803835]: 开始进行多边形确认 · centers=1 · rejected=0 · merged=0 · elapsed_ms=14.6
[INFO] [1786676258.898841]: 开始进行多边形确认 · detections=2
[INFO] [1786676258.924198]: 开始进行多边形确认 · centers=1 · rejected=0 · merged=0 · elapsed_ms=25.4
[INFO] [1786676259.023993]: 开始进行多边形确认 · detections=2
[INFO] [1786676259.048318]: 开始进行多边形确认 · centers=1 · rejected=0 · merged=0 · elapsed_ms=24.4
[INFO] [1786676259.143689]: 开始进行多边形确认 · detections=3
[INFO] [1786676259.160134]: 开始进行多边形确认 · centers=2 · rejected=0 · merged=0 · elapsed_ms=16.5
[INFO] [1786676259.277483]: 开始进行多边形确认 · detections=4
[INFO] [1786676259.309776]: 开始进行多边形确认 · centers=1 · rejected=1 · merged=0 · elapsed_ms=32.4
[INFO] [1786676259.398006]: 开始进行多边形确认 · detections=4
[INFO] [1786676259.427734]: 开始进行多边形确认 · centers=1 · rejected=1 · merged=0 · elapsed_ms=29.8
[INFO] [1786676259.505172]: 开始进行多边形确认 · detections=3
[INFO] [1786676259.519019]: 开始进行多边形确认 · centers=1 · rejected=0 · merged=0 · elapsed_ms=13.9
[INFO] [1786676259.632008]: 开始进行多边形确认 · detections=3
[INFO] [1786676259.649447]: 开始进行多边形确认 · centers=1 · rejected=1 · merged=0 · elapsed_ms=17.5
[INFO] [1786676259.755555]: 开始进行多边形确认 · detections=3
[INFO] [1786676259.794836]: 开始进行多边形确认 · centers=1 · rejected=1 · merged=0 · elapsed_ms=39.3
[INFO] [1786676259.915649]: 开始进行多边形确认 · detections=3
[INFO] [1786676259.943492]: 开始进行多边形确认 · centers=1 · rejected=0 · merged=0 · elapsed_ms=27.9
[INFO] [1786676259.944820]: RGB-D vision status: model_ready:onnxruntime targets:1 centers:1 tf:1 rejected:0 merged:0 semantic_masks:3
[INFO] [1786676260.028554]: 开始进行多边形确认 · detections=3
[INFO] [1786676260.076083]: 开始进行多边形确认 · centers=2 · rejected=0 · merged=0 · elapsed_ms=47.5
[INFO] [1786676260.146583]: 开始进行多边形确认 · detections=2
[INFO] [1786676260.158864]: 开始进行多边形确认 · centers=1 · rejected=0 · merged=0 · elapsed_ms=12.3
[INFO] [1786676260.262874]: 开始进行多边形确认 · detections=3
[INFO] [1786676260.291318]: 开始进行多边形确认 · centers=1 · rejected=0 · merged=0 · elapsed_ms=28.5
[INFO] [1786676260.399201]: 开始进行多边形确认 · detections=4
[INFO] [1786676260.441862]: CITRUS_CENTER ok pixel=(470,233) depth=0.595 m radius=26.7 mm arc=280 deg error=0.82 px fragments=1
[INFO] [1786676260.443687]: 开始进行多边形确认 · centers=2 · rejected=0 · merged=0 · elapsed_ms=44.5
[INFO] [1786676260.507785]: 开始进行多边形确认 · detections=4
[INFO] [1786676260.526472]: 开始进行多边形确认 · centers=2 · rejected=0 · merged=0 · elapsed_ms=18.7
[INFO] [1786676260.647048]: 开始进行多边形确认 · detections=3
[INFO] [1786676260.673034]: 开始进行多边形确认 · centers=2 · rejected=0 · merged=0 · elapsed_ms=26.0
[INFO] [1786676260.755867]: 开始进行多边形确认 · detections=4
[INFO] [1786676260.786150]: 开始进行多边形确认 · centers=1 · rejected=1 · merged=0 · elapsed_ms=30.3
[INFO] [1786676260.925102]: 开始进行多边形确认 · detections=5
[INFO] [1786676260.986485]: 开始进行多边形确认 · centers=3 · rejected=0 · merged=0 · elapsed_ms=61.4
[INFO] [1786676261.046328]: 开始进行多边形确认 · detections=4
[INFO] [1786676261.066973]: 开始进行多边形确认 · centers=2 · rejected=0 · merged=0 · elapsed_ms=20.7
[INFO] [1786676261.160517]: 开始进行多边形确认 · detections=4
[INFO] [1786676261.181700]: 开始进行多边形确认 · centers=2 · rejected=0 · merged=0 · elapsed_ms=21.2
[INFO] [1786676261.289921]: 开始进行多边形确认 · detections=3
[INFO] [1786676261.302266]: 开始进行多边形确认 · centers=1 · rejected=0 · merged=0 · elapsed_ms=12.4
[INFO] [1786676261.418440]: 开始进行多边形确认 · detections=2
[INFO] [1786676261.430947]: 开始进行多边形确认 · centers=1 · rejected=0 · merged=0 · elapsed_ms=12.5
[INFO] [1786676261.536156]: 开始进行多边形确认 · detections=3
[INFO] [1786676261.550535]: 开始进行多边形确认 · centers=1 · rejected=0 · merged=0 · elapsed_ms=14.4
[INFO] [1786676261.660428]: 开始进行多边形确认 · detections=4
[INFO] [1786676261.680405]: 开始进行多边形确认 · centers=2 · rejected=0 · merged=0 · elapsed_ms=20.0
[INFO] [1786676261.794003]: 开始进行多边形确认 · detections=2
[INFO] [1786676261.806823]: 开始进行多边形确认 · centers=1 · rejected=0 · merged=0 · elapsed_ms=12.8
[INFO] [1786676261.934817]: 开始进行多边形确认 · detections=4
[INFO] [1786676261.950304]: 开始进行多边形确认 · centers=1 · rejected=0 · merged=0 · elapsed_ms=15.5
[INFO] [1786676262.038546]: 开始进行多边形确认 · detections=4
[INFO] [1786676262.055536]: 开始进行多边形确认 · centers=2 · rejected=0 · merged=0 · elapsed_ms=17.1
[INFO] [1786676262.162065]: 开始进行多边形确认 · detections=4
[INFO] [1786676262.179404]: 开始进行多边形确认 · centers=1 · rejected=1 · merged=0 · elapsed_ms=17.4
[INFO] [1786676262.308449]: 开始进行多边形确认 · detections=4
[INFO] [1786676262.341151]: 开始进行多边形确认 · centers=2 · rejected=0 · merged=0 · elapsed_ms=32.7
[INFO] [1786676262.430852]: 开始进行多边形确认 · detections=4
[INFO] [1786676262.463094]: CITRUS_CENTER ok pixel=(470,233) depth=0.596 m radius=26.8 mm arc=280 deg error=0.82 px fragments=1
[INFO] [1786676262.464860]: 开始进行多边形确认 · centers=2 · rejected=0 · merged=0 · elapsed_ms=34.0
[INFO] [1786676262.554652]: 开始进行多边形确认 · detections=3
[INFO] [1786676262.581157]: 开始进行多边形确认 · centers=1 · rejected=0 · merged=0 · elapsed_ms=26.5
[INFO] [1786676262.684138]: 开始进行多边形确认 · detections=5
[INFO] [1786676262.728927]: 开始进行多边形确认 · centers=2 · rejected=1 · merged=0 · elapsed_ms=44.8
[INFO] [1786676262.809487]: 开始进行多边形确认 · detections=3
[INFO] [1786676262.863897]: 开始进行多边形确认 · centers=1 · rejected=0 · merged=0 · elapsed_ms=54.4
[INFO] [1786676262.958017]: 开始进行多边形确认 · detections=4
[INFO] [1786676262.979751]: 开始进行多边形确认 · centers=2 · rejected=0 · merged=0 · elapsed_ms=21.8
[INFO] [1786676263.041401]: 开始进行多边形确认 · detections=4
[INFO] [1786676263.061656]: 开始进行多边形确认 · centers=1 · rejected=1 · merged=0 · elapsed_ms=20.3
[INFO] [1786676263.162591]: 开始进行多边形确认 · detections=3
[INFO] [1786676263.187443]: 开始进行多边形确认 · centers=1 · rejected=0 · merged=0 · elapsed_ms=24.9
[INFO] [1786676263.304390]: 开始进行多边形确认 · detections=5
[INFO] [1786676263.336251]: 开始进行多边形确认 · centers=1 · rejected=1 · merged=0 · elapsed_ms=31.9
[INFO] [1786676263.425267]: 开始进行多边形确认 · detections=4
[INFO] [1786676263.456485]: 开始进行多边形确认 · centers=1 · rejected=1 · merged=0 · elapsed_ms=31.2
[INFO] [1786676263.554647]: 开始进行多边形确认 · detections=4
[INFO] [1786676263.589302]: 开始进行多边形确认 · centers=1 · rejected=1 · merged=0 · elapsed_ms=34.7
[INFO] [1786676263.684469]: 开始进行多边形确认 · detections=4
[INFO] [1786676263.713090]: 开始进行多边形确认 · centers=1 · rejected=1 · merged=0 · elapsed_ms=28.7
[INFO] [1786676263.808443]: 开始进行多边形确认 · detections=3
[INFO] [1786676263.824059]: 开始进行多边形确认 · centers=1 · rejected=1 · merged=0 · elapsed_ms=15.7
[INFO] [1786676263.916722]: 开始进行多边形确认 · detections=4
[INFO] [1786676263.932822]: 开始进行多边形确认 · centers=1 · rejected=1 · merged=0 · elapsed_ms=16.1
[INFO] [1786676264.056021]: 开始进行多边形确认 · detections=3
[INFO] [1786676264.077857]: 开始进行多边形确认 · centers=1 · rejected=1 · merged=0 · elapsed_ms=21.9
[INFO] [1786676264.183155]: 开始进行多边形确认 · detections=2
[INFO] [1786676264.210086]: 开始进行多边形确认 · centers=1 · rejected=0 · merged=0 · elapsed_ms=27.0
[INFO] [1786676264.314467]: 开始进行多边形确认 · detections=4
[INFO] [1786676264.335127]: 开始进行多边形确认 · centers=1 · rejected=1 · merged=0 · elapsed_ms=20.7
[INFO] [1786676264.435447]: 开始进行多边形确认 · detections=3
[INFO] [1786676264.461423]: 开始进行多边形确认 · centers=1 · rejected=0 · merged=0 · elapsed_ms=26.0
[INFO] [1786676264.561627]: 开始进行多边形确认 · detections=3
[INFO] [1786676264.586681]: CITRUS_CENTER ok pixel=(469,233) depth=0.597 m radius=26.3 mm arc=286 deg error=0.63 px fragments=1
[INFO] [1786676264.588085]: 开始进行多边形确认 · centers=1 · rejected=0 · merged=0 · elapsed_ms=26.5
[INFO] [1786676264.684075]: 开始进行多边形确认 · detections=3
[INFO] [1786676264.724869]: 开始进行多边形确认 · centers=2 · rejected=0 · merged=0 · elapsed_ms=40.9
[INFO] [1786676264.820234]: 开始进行多边形确认 · detections=3
[INFO] [1786676264.845684]: 开始进行多边形确认 · centers=1 · rejected=0 · merged=0 · elapsed_ms=25.5
[INFO] [1786676264.933651]: 开始进行多边形确认 · detections=3
[INFO] [1786676264.953647]: 开始进行多边形确认 · centers=1 · rejected=1 · merged=0 · elapsed_ms=20.0
[INFO] [1786676264.955157]: RGB-D vision status: model_ready:onnxruntime targets:2 centers:1 tf:1 rejected:1 merged:0 semantic_masks:3
[INFO] [1786676265.079097]: 开始进行多边形确认 · detections=3
[INFO] [1786676265.140025]: 开始进行多边形确认 · centers=2 · rejected=0 · merged=0 · elapsed_ms=61.0
[INFO] [1786676265.203992]: 开始进行多边形确认 · detections=4
[INFO] [1786676265.227381]: 开始进行多边形确认 · centers=2 · rejected=0 · merged=0 · elapsed_ms=23.4
[INFO] [1786676265.326421]: 开始进行多边形确认 · detections=3
[INFO] [1786676265.339367]: 开始进行多边形确认 · centers=1 · rejected=0 · merged=0 · elapsed_ms=13.0
[INFO] [1786676265.447266]: 开始进行多边形确认 · detections=3
[INFO] [1786676265.465061]: 开始进行多边形确认 · centers=1 · rejected=1 · merged=0 · elapsed_ms=17.8
[INFO] [1786676265.554954]: 开始进行多边形确认 · detections=3
[INFO] [1786676265.572593]: 开始进行多边形确认 · centers=2 · rejected=0 · merged=0 · elapsed_ms=17.7
[INFO] [1786676265.681017]: 开始进行多边形确认 · detections=4
[INFO] [1786676265.707475]: 开始进行多边形确认 · centers=3 · rejected=0 · merged=0 · elapsed_ms=26.5
[INFO] [1786676265.807228]: 开始进行多边形确认 · detections=4
[INFO] [1786676265.855540]: 开始进行多边形确认 · centers=2 · rejected=1 · merged=0 · elapsed_ms=48.3
[INFO] [1786676265.939280]: 开始进行多边形确认 · detections=3
[INFO] [1786676265.960872]: 开始进行多边形确认 · centers=1 · rejected=1 · merged=0 · elapsed_ms=21.6
[INFO] [1786676266.078562]: 开始进行多边形确认 · detections=2
[INFO] [1786676266.107885]: 开始进行多边形确认 · centers=1 · rejected=0 · merged=0 · elapsed_ms=29.4
[INFO] [1786676266.217616]: 开始进行多边形确认 · detections=3
[INFO] [1786676266.252941]: 开始进行多边形确认 · centers=1 · rejected=1 · merged=0 · elapsed_ms=35.4
[INFO] [1786676266.324564]: 开始进行多边形确认 · detections=3
[INFO] [1786676266.363696]: 开始进行多边形确认 · centers=2 · rejected=0 · merged=0 · elapsed_ms=39.2
[INFO] [1786676266.447142]: 开始进行多边形确认 · detections=3
[INFO] [1786676266.481452]: 开始进行多边形确认 · centers=2 · rejected=0 · merged=0 · elapsed_ms=34.3
[INFO] [1786676266.576540]: 开始进行多边形确认 · detections=4
[INFO] [1786676266.613392]: CITRUS_CENTER ok pixel=(470,233) depth=0.597 m radius=26.7 mm arc=280 deg error=0.85 px fragments=1
[INFO] [1786676266.614850]: 开始进行多边形确认 · centers=2 · rejected=0 · merged=0 · elapsed_ms=38.4
[INFO] [1786676266.697845]: 开始进行多边形确认 · detections=4
[INFO] [1786676266.728626]: 开始进行多边形确认 · centers=1 · rejected=1 · merged=0 · elapsed_ms=30.8
[INFO] [1786676266.824636]: 开始进行多边形确认 · detections=4
[INFO] [1786676266.872683]: 开始进行多边形确认 · centers=2 · rejected=0 · merged=0 · elapsed_ms=48.1
[INFO] [1786676266.944626]: 开始进行多边形确认 · detections=2
[INFO] [1786676266.970611]: 开始进行多边形确认 · centers=1 · rejected=0 · merged=0 · elapsed_ms=26.1
[INFO] [1786676267.084201]: 开始进行多边形确认 · detections=3
[INFO] [1786676267.107546]: 开始进行多边形确认 · centers=1 · rejected=0 · merged=0 · elapsed_ms=23.4
[INFO] [1786676267.276883]: 开始进行多边形确认 · detections=4
[INFO] [1786676267.312899]: 开始进行多边形确认 · centers=1 · rejected=1 · merged=0 · elapsed_ms=36.1
[INFO] [1786676267.399595]: 开始进行多边形确认 · detections=3
[INFO] [1786676267.424742]: 开始进行多边形确认 · centers=1 · rejected=0 · merged=0 · elapsed_ms=25.2
[INFO] [1786676267.496912]: 开始进行多边形确认 · detections=4
[INFO] [1786676267.530555]: 开始进行多边形确认 · centers=2 · rejected=0 · merged=0 · elapsed_ms=33.6
[INFO] [1786676267.619853]: 开始进行多边形确认 · detections=3
[INFO] [1786676267.633563]: 开始进行多边形确认 · centers=1 · rejected=0 · merged=0 · elapsed_ms=13.8
[INFO] [1786676267.735533]: 开始进行多边形确认 · detections=4
[INFO] [1786676267.756675]: 开始进行多边形确认 · centers=2 · rejected=0 · merged=0 · elapsed_ms=21.2
[INFO] [1786676267.852560]: 开始进行多边形确认 · detections=3
[INFO] [1786676267.866442]: 开始进行多边形确认 · centers=1 · rejected=0 · merged=0 · elapsed_ms=13.9
[INFO] [1786676267.981559]: 开始进行多边形确认 · detections=4
[INFO] [1786676268.005377]: 开始进行多边形确认 · centers=1 · rejected=1 · merged=0 · elapsed_ms=23.9
[INFO] [1786676268.106263]: 开始进行多边形确认 · detections=4
[INFO] [1786676268.124871]: 开始进行多边形确认 · centers=1 · rejected=1 · merged=0 · elapsed_ms=18.6
[INFO] [1786676268.284032]: 开始进行多边形确认 · detections=4
[INFO] [1786676268.305026]: 开始进行多边形确认 · centers=1 · rejected=1 · merged=0 · elapsed_ms=21.1
[INFO] [1786676268.382524]: 开始进行多边形确认 · detections=4
[INFO] [1786676268.418576]: 开始进行多边形确认 · centers=2 · rejected=0 · merged=0 · elapsed_ms=36.1
[INFO] [1786676268.493471]: 开始进行多边形确认 · detections=3
[INFO] [1786676268.526904]: 开始进行多边形确认 · centers=1 · rejected=1 · merged=0 · elapsed_ms=33.5
[INFO] [1786676268.618644]: 开始进行多边形确认 · detections=3
[INFO] [1786676268.652163]: CITRUS_CENTER ok pixel=(470,233) depth=0.595 m radius=26.7 mm arc=280 deg error=0.80 px fragments=1
[INFO] [1786676268.653571]: 开始进行多边形确认 · centers=1 · rejected=1 · merged=0 · elapsed_ms=35.0
[INFO] [1786676268.748757]: 开始进行多边形确认 · detections=5
[INFO] [1786676268.785960]: 开始进行多边形确认 · centers=1 · rejected=1 · merged=0 · elapsed_ms=37.3
[INFO] [1786676268.876043]: 开始进行多边形确认 · detections=4
[INFO] [1786676268.911478]: 开始进行多边形确认 · centers=2 · rejected=0 · merged=0 · elapsed_ms=35.5
[INFO] [1786676268.994982]: 开始进行多边形确认 · detections=4
[INFO] [1786676269.029411]: 开始进行多边形确认 · centers=1 · rejected=1 · merged=0 · elapsed_ms=34.5
[INFO] [1786676269.140744]: 开始进行多边形确认 · detections=5
[INFO] [1786676269.175435]: 开始进行多边形确认 · centers=2 · rejected=0 · merged=0 · elapsed_ms=34.8
[INFO] [1786676269.258293]: 开始进行多边形确认 · detections=5
[INFO] [1786676269.296622]: 开始进行多边形确认 · centers=1 · rejected=1 · merged=0 · elapsed_ms=38.3
[INFO] [1786676269.409677]: 开始进行多边形确认 · detections=3
[INFO] [1786676269.426785]: 开始进行多边形确认 · centers=1 · rejected=0 · merged=0 · elapsed_ms=17.2
[INFO] [1786676269.506768]: 开始进行多边形确认 · detections=2
[INFO] [1786676269.530733]: 开始进行多边形确认 · centers=1 · rejected=0 · merged=0 · elapsed_ms=24.0
[INFO] [1786676269.632969]: 开始进行多边形确认 · detections=4
[INFO] [1786676269.659129]: 开始进行多边形确认 · centers=1 · rejected=0 · merged=0 · elapsed_ms=26.2
[INFO] [1786676269.755876]: 开始进行多边形确认 · detections=3
[INFO] [1786676269.781029]: 开始进行多边形确认 · centers=1 · rejected=0 · merged=0 · elapsed_ms=25.2
[INFO] [1786676269.874363]: 开始进行多边形确认 · detections=4
[INFO] [1786676269.897127]: 开始进行多边形确认 · centers=1 · rejected=1 · merged=0 · elapsed_ms=22.8
[INFO] [1786676270.006172]: 开始进行多边形确认 · detections=3
[INFO] [1786676270.019540]: 开始进行多边形确认 · centers=1 · rejected=0 · merged=0 · elapsed_ms=13.4
[INFO] [1786676270.020905]: RGB-D vision status: model_ready:onnxruntime targets:1 centers:1 tf:1 rejected:0 merged:0 semantic_masks:3
[INFO] [1786676270.133482]: 开始进行多边形确认 · detections=4
[INFO] [1786676270.170446]: 开始进行多边形确认 · centers=1 · rejected=1 · merged=0 · elapsed_ms=37.0
[INFO] [1786676270.259252]: 开始进行多边形确认 · detections=3
[INFO] [1786676270.287302]: 开始进行多边形确认 · centers=1 · rejected=0 · merged=0 · elapsed_ms=28.1
[INFO] [1786676270.415015]: 开始进行多边形确认 · detections=4
[INFO] [1786676270.435122]: 开始进行多边形确认 · centers=1 · rejected=1 · merged=0 · elapsed_ms=20.2
[INFO] [1786676270.503345]: 开始进行多边形确认 · detections=3
[INFO] [1786676270.519979]: 开始进行多边形确认 · centers=1 · rejected=0 · merged=0 · elapsed_ms=16.7
[INFO] [1786676270.624132]: 开始进行多边形确认 · detections=4
[INFO] [1786676270.642424]: 开始进行多边形确认 · centers=2 · rejected=0 · merged=0 · elapsed_ms=18.3
[INFO] [1786676270.747513]: 开始进行多边形确认 · detections=3
[INFO] [1786676270.768837]: CITRUS_CENTER ok pixel=(470,233) depth=0.597 m radius=26.8 mm arc=279 deg error=0.84 px fragments=1
[INFO] [1786676270.770058]: 开始进行多边形确认 · centers=1 · rejected=1 · merged=0 · elapsed_ms=22.6
[INFO] [1786676270.878454]: 开始进行多边形确认 · detections=3
[INFO] [1786676270.890806]: 开始进行多边形确认 · centers=1 · rejected=0 · merged=0 · elapsed_ms=12.4
[INFO] [1786676271.014136]: 开始进行多边形确认 · detections=2
[INFO] [1786676271.025980]: 开始进行多边形确认 · centers=1 · rejected=0 · merged=0 · elapsed_ms=11.9
[INFO] [1786676271.120157]: 开始进行多边形确认 · detections=3
[INFO] [1786676271.136460]: 开始进行多边形确认 · centers=1 · rejected=0 · merged=0 · elapsed_ms=16.3
[INFO] [1786676271.256000]: 开始进行多边形确认 · detections=4
[INFO] [1786676271.272994]: 开始进行多边形确认 · centers=2 · rejected=0 · merged=0 · elapsed_ms=17.0
[INFO] [1786676271.382106]: 开始进行多边形确认 · detections=4
[INFO] [1786676271.426789]: 开始进行多边形确认 · centers=1 · rejected=1 · merged=0 · elapsed_ms=44.7
[INFO] [1786676271.517708]: 开始进行多边形确认 · detections=3
[INFO] [1786676271.555232]: 开始进行多边形确认 · centers=2 · rejected=0 · merged=0 · elapsed_ms=37.5
[INFO] [1786676271.639604]: 开始进行多边形确认 · detections=3
[INFO] [1786676271.672707]: 开始进行多边形确认 · centers=1 · rejected=1 · merged=0 · elapsed_ms=33.2
[INFO] [1786676271.765558]: 开始进行多边形确认 · detections=2
[INFO] [1786676271.791564]: 开始进行多边形确认 · centers=1 · rejected=0 · merged=0 · elapsed_ms=26.0
[INFO] [1786676271.897385]: 开始进行多边形确认 · detections=4
[INFO] [1786676271.928784]: 开始进行多边形确认 · centers=1 · rejected=1 · merged=0 · elapsed_ms=31.5
[INFO] [1786676272.017718]: 开始进行多边形确认 · detections=3
[INFO] [1786676272.035073]: 开始进行多边形确认 · centers=1 · rejected=1 · merged=0 · elapsed_ms=17.4
[INFO] [1786676272.129909]: 开始进行多边形确认 · detections=2
[INFO] [1786676272.143039]: 开始进行多边形确认 · centers=1 · rejected=0 · merged=0 · elapsed_ms=13.1
[INFO] [1786676272.265964]: 开始进行多边形确认 · detections=3
[INFO] [1786676272.295490]: 开始进行多边形确认 · centers=1 · rejected=0 · merged=0 · elapsed_ms=29.5
[INFO] [1786676272.396061]: 开始进行多边形确认 · detections=2
[INFO] [1786676272.430590]: 开始进行多边形确认 · centers=1 · rejected=0 · merged=0 · elapsed_ms=34.5
[INFO] [1786676272.523698]: 开始进行多边形确认 · detections=2
[INFO] [1786676272.536873]: 开始进行多边形确认 · centers=1 · rejected=0 · merged=0 · elapsed_ms=13.2
[INFO] [1786676272.631747]: 开始进行多边形确认 · detections=4
[INFO] [1786676272.649935]: 开始进行多边形确认 · centers=2 · rejected=0 · merged=0 · elapsed_ms=18.2
[INFO] [1786676272.753484]: 开始进行多边形确认 · detections=4
[INFO] [1786676272.771913]: CITRUS_CENTER ok pixel=(469,233) depth=0.595 m radius=26.2 mm arc=282 deg error=0.56 px fragments=1
[INFO] [1786676272.773086]: 开始进行多边形确认 · centers=2 · rejected=0 · merged=0 · elapsed_ms=19.7
[INFO] [1786676272.875037]: 开始进行多边形确认 · detections=3
[INFO] [1786676272.890909]: 开始进行多边形确认 · centers=1 · rejected=0 · merged=0 · elapsed_ms=15.9
[INFO] [1786676272.997779]: 开始进行多边形确认 · detections=2
[INFO] [1786676273.010362]: 开始进行多边形确认 · centers=1 · rejected=0 · merged=0 · elapsed_ms=12.6
[INFO] [1786676273.127080]: 开始进行多边形确认 · detections=3
[INFO] [1786676273.140172]: 开始进行多边形确认 · centers=1 · rejected=0 · merged=0 · elapsed_ms=13.1
[INFO] [1786676273.256071]: 开始进行多边形确认 · detections=3
[INFO] [1786676273.276637]: 开始进行多边形确认 · centers=1 · rejected=0 · merged=0 · elapsed_ms=20.6
[INFO] [1786676273.380840]: 开始进行多边形确认 · detections=3
[INFO] [1786676273.394178]: 开始进行多边形确认 · centers=1 · rejected=0 · merged=0 · elapsed_ms=13.4
[INFO] [1786676273.538915]: 开始进行多边形确认 · detections=4
[INFO] [1786676273.598200]: 开始进行多边形确认 · centers=2 · rejected=0 · merged=0 · elapsed_ms=59.3
[INFO] [1786676273.650429]: 开始进行多边形确认 · detections=3
[INFO] [1786676273.667858]: 开始进行多边形确认 · centers=1 · rejected=1 · merged=0 · elapsed_ms=17.5
[INFO] [1786676273.773027]: 开始进行多边形确认 · detections=3
[INFO] [1786676273.784937]: 开始进行多边形确认 · centers=1 · rejected=0 · merged=0 · elapsed_ms=11.9
[INFO] [1786676273.893464]: 开始进行多边形确认 · detections=3
[INFO] [1786676273.905467]: 开始进行多边形确认 · centers=1 · rejected=0 · merged=0 · elapsed_ms=12.0
[INFO] [1786676274.019443]: 开始进行多边形确认 · detections=4
[INFO] [1786676274.035983]: 开始进行多边形确认 · centers=2 · rejected=0 · merged=0 · elapsed_ms=16.6
[INFO] [1786676274.152928]: 开始进行多边形确认 · detections=4
[INFO] [1786676274.171959]: 开始进行多边形确认 · centers=1 · rejected=1 · merged=0 · elapsed_ms=19.1
[INFO] [1786676274.269023]: 开始进行多边形确认 · detections=3
[INFO] [1786676274.282226]: 开始进行多边形确认 · centers=1 · rejected=0 · merged=0 · elapsed_ms=13.2
[INFO] [1786676274.394628]: 开始进行多边形确认 · detections=5
[INFO] [1786676274.409767]: 开始进行多边形确认 · centers=1 · rejected=1 · merged=0 · elapsed_ms=15.2
[INFO] [1786676274.519586]: 开始进行多边形确认 · detections=3
[INFO] [1786676274.531327]: 开始进行多边形确认 · centers=1 · rejected=0 · merged=0 · elapsed_ms=11.8
[INFO] [1786676274.688408]: 开始进行多边形确认 · detections=4
[INFO] [1786676274.720061]: 开始进行多边形确认 · centers=2 · rejected=0 · merged=0 · elapsed_ms=31.7
[INFO] [1786676274.799764]: 开始进行多边形确认 · detections=4
[INFO] [1786676274.831734]: CITRUS_CENTER ok pixel=(470,233) depth=0.595 m radius=26.6 mm arc=279 deg error=0.85 px fragments=1
[INFO] [1786676274.832997]: 开始进行多边形确认 · centers=1 · rejected=1 · merged=0 · elapsed_ms=33.3
[INFO] [1786676274.911020]: 开始进行多边形确认 · detections=3
[INFO] [1786676274.937853]: 开始进行多边形确认 · centers=1 · rejected=1 · merged=0 · elapsed_ms=26.8
[INFO] [1786676275.044303]: 开始进行多边形确认 · detections=3
[INFO] [1786676275.081617]: 开始进行多边形确认 · centers=1 · rejected=1 · merged=0 · elapsed_ms=37.4
[INFO] [1786676275.172059]: 开始进行多边形确认 · detections=5
[INFO] [1786676275.203890]: 开始进行多边形确认 · centers=1 · rejected=1 · merged=0 · elapsed_ms=31.9
[INFO] [1786676275.205610]: RGB-D vision status: model_ready:onnxruntime targets:2 centers:1 tf:1 rejected:1 merged:0 semantic_masks:5
[INFO] [1786676275.297769]: 开始进行多边形确认 · detections=4
[INFO] [1786676275.331164]: 开始进行多边形确认 · centers=2 · rejected=0 · merged=0 · elapsed_ms=33.5
[INFO] [1786676275.407241]: 开始进行多边形确认 · detections=3
[INFO] [1786676275.425670]: 开始进行多边形确认 · centers=2 · rejected=0 · merged=0 · elapsed_ms=18.4
[INFO] [1786676275.551046]: 开始进行多边形确认 · detections=4
[INFO] [1786676275.591567]: 开始进行多边形确认 · centers=1 · rejected=1 · merged=0 · elapsed_ms=40.6
[INFO] [1786676275.707134]: 开始进行多边形确认 · detections=3
[INFO] [1786676275.726767]: 开始进行多边形确认 · centers=1 · rejected=1 · merged=0 · elapsed_ms=19.7
[INFO] [1786676275.799256]: 开始进行多边形确认 · detections=4
[INFO] [1786676275.821612]: 开始进行多边形确认 · centers=1 · rejected=1 · merged=0 · elapsed_ms=22.4
[INFO] [1786676275.928183]: 开始进行多边形确认 · detections=2
[INFO] [1786676275.956127]: 开始进行多边形确认 · centers=1 · rejected=0 · merged=0 · elapsed_ms=28.0
[INFO] [1786676276.051439]: 开始进行多边形确认 · detections=4
[INFO] [1786676276.077681]: 开始进行多边形确认 · centers=1 · rejected=0 · merged=0 · elapsed_ms=26.3
[INFO] [1786676276.177018]: 开始进行多边形确认 · detections=4
[INFO] [1786676276.210419]: 开始进行多边形确认 · centers=1 · rejected=1 · merged=0 · elapsed_ms=33.5
[INFO] [1786676276.285851]: 开始进行多边形确认 · detections=3
[INFO] [1786676276.306505]: 开始进行多边形确认 · centers=1 · rejected=1 · merged=0 · elapsed_ms=20.7
[INFO] [1786676276.414584]: 开始进行多边形确认 · detections=4
[INFO] [1786676276.433561]: 开始进行多边形确认 · centers=1 · rejected=1 · merged=0 · elapsed_ms=19.0
[INFO] [1786676276.544372]: 开始进行多边形确认 · detections=2
[INFO] [1786676276.562447]: 开始进行多边形确认 · centers=1 · rejected=0 · merged=0 · elapsed_ms=18.1
[INFO] [1786676276.714513]: 开始进行多边形确认 · detections=3
[INFO] [1786676276.740133]: 开始进行多边形确认 · centers=1 · rejected=1 · merged=0 · elapsed_ms=25.7
[INFO] [1786676276.820815]: 开始进行多边形确认 · detections=3
[INFO] [1786676276.858224]: CITRUS_CENTER ok pixel=(470,233) depth=0.597 m radius=26.7 mm arc=281 deg error=0.64 px fragments=1
[INFO] [1786676276.859537]: 开始进行多边形确认 · centers=1 · rejected=1 · merged=0 · elapsed_ms=38.8
[INFO] [1786676276.925686]: 开始进行多边形确认 · detections=3
[INFO] [1786676276.949061]: 开始进行多边形确认 · centers=1 · rejected=1 · merged=0 · elapsed_ms=23.4
[INFO] [1786676277.053852]: 开始进行多边形确认 · detections=3
[INFO] [1786676277.077239]: 开始进行多边形确认 · centers=2 · rejected=0 · merged=0 · elapsed_ms=23.4
[INFO] [1786676277.177785]: 开始进行多边形确认 · detections=3
[INFO] [1786676277.195716]: 开始进行多边形确认 · centers=1 · rejected=1 · merged=0 · elapsed_ms=18.0
[INFO] [1786676277.301863]: 开始进行多边形确认 · detections=3
[INFO] [1786676277.323691]: 开始进行多边形确认 · centers=1 · rejected=1 · merged=0 · elapsed_ms=21.9
[INFO] [1786676277.423274]: 开始进行多边形确认 · detections=2
[INFO] [1786676277.436406]: 开始进行多边形确认 · centers=1 · rejected=0 · merged=0 · elapsed_ms=13.1
[INFO] [1786676277.548136]: 开始进行多边形确认 · detections=3
[INFO] [1786676277.587887]: 开始进行多边形确认 · centers=1 · rejected=1 · merged=0 · elapsed_ms=39.8
[INFO] [1786676277.674566]: 开始进行多边形确认 · detections=3
[INFO] [1786676277.716546]: 开始进行多边形确认 · centers=1 · rejected=1 · merged=0 · elapsed_ms=42.0
[INFO] [1786676277.823619]: 开始进行多边形确认 · detections=2
[INFO] [1786676277.836466]: 开始进行多边形确认 · centers=1 · rejected=0 · merged=0 · elapsed_ms=12.9
[INFO] [1786676277.914147]: 开始进行多边形确认 · detections=3
[INFO] [1786676277.931712]: 开始进行多边形确认 · centers=1 · rejected=1 · merged=0 · elapsed_ms=17.6
[INFO] [1786676278.061130]: 开始进行多边形确认 · detections=3
[INFO] [1786676278.099698]: 开始进行多边形确认 · centers=1 · rejected=1 · merged=0 · elapsed_ms=38.6
[INFO] [1786676278.181931]: 开始进行多边形确认 · detections=4
[INFO] [1786676278.230507]: 开始进行多边形确认 · centers=2 · rejected=1 · merged=0 · elapsed_ms=48.6
[INFO] [1786676278.314908]: 开始进行多边形确认 · detections=3
[INFO] [1786676278.352532]: 开始进行多边形确认 · centers=1 · rejected=1 · merged=0 · elapsed_ms=37.7
[INFO] [1786676278.414584]: 开始进行多边形确认 · detections=3
[INFO] [1786676278.432609]: 开始进行多边形确认 · centers=1 · rejected=1 · merged=0 · elapsed_ms=18.1
[INFO] [1786676278.537951]: 开始进行多边形确认 · detections=3
[INFO] [1786676278.557523]: 开始进行多边形确认 · centers=1 · rejected=1 · merged=0 · elapsed_ms=19.6
[INFO] [1786676278.665903]: 开始进行多边形确认 · detections=4
[INFO] [1786676278.692986]: 开始进行多边形确认 · centers=2 · rejected=1 · merged=0 · elapsed_ms=27.2
[INFO] [1786676278.831615]: 开始进行多边形确认 · detections=4
[INFO] [1786676278.860401]: CITRUS_CENTER ok pixel=(470,232) depth=0.594 m radius=26.5 mm arc=281 deg error=0.63 px fragments=1
[INFO] [1786676278.861542]: 开始进行多边形确认 · centers=2 · rejected=1 · merged=0 · elapsed_ms=30.0
[INFO] [1786676278.913103]: 开始进行多边形确认 · detections=3
[INFO] [1786676278.930295]: 开始进行多边形确认 · centers=1 · rejected=1 · merged=0 · elapsed_ms=17.2
[INFO] [1786676279.044717]: 开始进行多边形确认 · detections=4
[INFO] [1786676279.070020]: 开始进行多边形确认 · centers=1 · rejected=2 · merged=0 · elapsed_ms=25.3
[INFO] [1786676279.189369]: 开始进行多边形确认 · detections=4
[INFO] [1786676279.217271]: 开始进行多边形确认 · centers=1 · rejected=1 · merged=0 · elapsed_ms=27.8
[INFO] [1786676279.306432]: 开始进行多边形确认 · detections=2
[INFO] [1786676279.333117]: 开始进行多边形确认 · centers=1 · rejected=0 · merged=0 · elapsed_ms=26.7
[INFO] [1786676279.429487]: 开始进行多边形确认 · detections=3
[INFO] [1786676279.452644]: 开始进行多边形确认 · centers=1 · rejected=1 · merged=0 · elapsed_ms=23.2
[INFO] [1786676279.564443]: 开始进行多边形确认 · detections=4
[INFO] [1786676279.599981]: 开始进行多边形确认 · centers=1 · rejected=1 · merged=0 · elapsed_ms=35.6
[INFO] [1786676279.677477]: 开始进行多边形确认 · detections=4
[INFO] [1786676279.712711]: 开始进行多边形确认 · centers=1 · rejected=1 · merged=0 · elapsed_ms=35.3
[INFO] [1786676279.812196]: 开始进行多边形确认 · detections=2
[INFO] [1786676279.846649]: 开始进行多边形确认 · centers=1 · rejected=0 · merged=0 · elapsed_ms=34.5
[INFO] [1786676279.944701]: 开始进行多边形确认 · detections=3
[INFO] [1786676279.972987]: 开始进行多边形确认 · centers=1 · rejected=0 · merged=0 · elapsed_ms=28.3
[INFO] [1786676280.058897]: 开始进行多边形确认 · detections=5
[INFO] [1786676280.110506]: 开始进行多边形确认 · centers=1 · rejected=2 · merged=0 · elapsed_ms=51.7
[INFO] [1786676280.185992]: 开始进行多边形确认 · detections=4
[INFO] [1786676280.231390]: 开始进行多边形确认 · centers=1 · rejected=1 · merged=0 · elapsed_ms=45.4
[INFO] [1786676280.232554]: RGB-D vision status: model_ready:onnxruntime targets:2 centers:1 tf:1 rejected:1 merged:0 semantic_masks:4
[INFO] [1786676280.316964]: 开始进行多边形确认 · detections=3
[INFO] [1786676280.364930]: 开始进行多边形确认 · centers=1 · rejected=1 · merged=0 · elapsed_ms=48.0
[INFO] [1786676280.439897]: 开始进行多边形确认 · detections=3
[INFO] [1786676280.479198]: 开始进行多边形确认 · centers=1 · rejected=1 · merged=0 · elapsed_ms=39.3
[INFO] [1786676280.551697]: 开始进行多边形确认 · detections=4
[INFO] [1786676280.578308]: 开始进行多边形确认 · centers=2 · rejected=1 · merged=0 · elapsed_ms=26.7
[INFO] [1786676280.672089]: 开始进行多边形确认 · detections=5
[INFO] [1786676280.719114]: 开始进行多边形确认 · centers=3 · rejected=0 · merged=0 · elapsed_ms=47.0
[INFO] [1786676280.799177]: 开始进行多边形确认 · detections=4
[INFO] [1786676280.832347]: 开始进行多边形确认 · centers=1 · rejected=1 · merged=0 · elapsed_ms=33.2
[INFO] [1786676280.957028]: 开始进行多边形确认 · detections=5
[INFO] [1786676281.013241]: CITRUS_CENTER ok pixel=(470,232) depth=0.594 m radius=26.5 mm arc=282 deg error=0.61 px fragments=1
[INFO] [1786676281.014550]: 开始进行多边形确认 · centers=2 · rejected=1 · merged=0 · elapsed_ms=57.6
[INFO] [1786676281.088887]: 开始进行多边形确认 · detections=4
[INFO] [1786676281.111622]: 开始进行多边形确认 · centers=1 · rejected=1 · merged=0 · elapsed_ms=22.8
[INFO] [1786676281.190041]: 开始进行多边形确认 · detections=4
[INFO] [1786676281.208382]: 开始进行多边形确认 · centers=1 · rejected=1 · merged=0 · elapsed_ms=18.4
[INFO] [1786676281.312091]: 开始进行多边形确认 · detections=4
[INFO] [1786676281.332291]: 开始进行多边形确认 · centers=1 · rejected=1 · merged=0 · elapsed_ms=20.2
[INFO] [1786676281.433713]: 开始进行多边形确认 · detections=4
[INFO] [1786676281.455122]: 开始进行多边形确认 · centers=1 · rejected=1 · merged=0 · elapsed_ms=21.4
[INFO] [1786676281.562557]: 开始进行多边形确认 · detections=3
[INFO] [1786676281.577672]: 开始进行多边形确认 · centers=1 · rejected=0 · merged=0 · elapsed_ms=15.2
[INFO] [1786676281.688968]: 开始进行多边形确认 · detections=3
[INFO] [1786676281.704500]: 开始进行多边形确认 · centers=2 · rejected=0 · merged=0 · elapsed_ms=15.6
[INFO] [1786676281.805893]: 开始进行多边形确认 · detections=3
[INFO] [1786676281.822166]: 开始进行多边形确认 · centers=1 · rejected=0 · merged=0 · elapsed_ms=16.3
[INFO] [1786676281.937322]: 开始进行多边形确认 · detections=2
[INFO] [1786676281.953048]: 开始进行多边形确认 · centers=1 · rejected=0 · merged=0 · elapsed_ms=15.8
[INFO] [1786676282.105313]: 开始进行多边形确认 · detections=3
[INFO] [1786676282.132967]: 开始进行多边形确认 · centers=1 · rejected=0 · merged=0 · elapsed_ms=27.7
[INFO] [1786676282.196437]: 开始进行多边形确认 · detections=3
[INFO] [1786676282.222890]: 开始进行多边形确认 · centers=1 · rejected=0 · merged=0 · elapsed_ms=26.5
[INFO] [1786676282.333357]: 开始进行多边形确认 · detections=2
[INFO] [1786676282.360338]: 开始进行多边形确认 · centers=1 · rejected=0 · merged=0 · elapsed_ms=27.0
[INFO] [1786676282.459965]: 开始进行多边形确认 · detections=2
[INFO] [1786676282.483848]: 开始进行多边形确认 · centers=1 · rejected=0 · merged=0 · elapsed_ms=23.9
[INFO] [1786676282.589248]: 开始进行多边形确认 · detections=3
[INFO] [1786676282.623382]: 开始进行多边形确认 · centers=1 · rejected=1 · merged=0 · elapsed_ms=34.3
[INFO] [1786676282.702965]: 开始进行多边形确认 · detections=2
[INFO] [1786676282.714873]: 开始进行多边形确认 · centers=1 · rejected=0 · merged=0 · elapsed_ms=12.0
[INFO] [1786676282.814801]: 开始进行多边形确认 · detections=2
[INFO] [1786676282.829776]: 开始进行多边形确认 · centers=1 · rejected=0 · merged=0 · elapsed_ms=15.0
[INFO] [1786676282.960898]: 开始进行多边形确认 · detections=3
[INFO] [1786676282.980021]: 开始进行多边形确认 · centers=1 · rejected=0 · merged=0 · elapsed_ms=19.2
[INFO] [1786676283.097135]: 开始进行多边形确认 · detections=3
[INFO] [1786676283.111897]: CITRUS_CENTER ok pixel=(470,232) depth=0.596 m radius=26.6 mm arc=282 deg error=0.63 px fragments=1
[INFO] [1786676283.112937]: 开始进行多边形确认 · centers=1 · rejected=0 · merged=0 · elapsed_ms=15.9
[INFO] [1786676283.191445]: 开始进行多边形确认 · detections=3
[INFO] [1786676283.203066]: 开始进行多边形确认 · centers=1 · rejected=0 · merged=0 · elapsed_ms=11.7
[INFO] [1786676283.317503]: 开始进行多边形确认 · detections=4
[INFO] [1786676283.338147]: 开始进行多边形确认 · centers=1 · rejected=1 · merged=0 · elapsed_ms=20.7
[INFO] [1786676283.438164]: 开始进行多边形确认 · detections=3
[INFO] [1786676283.451188]: 开始进行多边形确认 · centers=1 · rejected=0 · merged=0 · elapsed_ms=13.1
[INFO] [1786676283.569323]: 开始进行多边形确认 · detections=4
[INFO] [1786676283.587841]: 开始进行多边形确认 · centers=2 · rejected=0 · merged=0 · elapsed_ms=18.6
[INFO] [1786676283.688164]: 开始进行多边形确认 · detections=2
[INFO] [1786676283.703240]: 开始进行多边形确认 · centers=1 · rejected=0 · merged=0 · elapsed_ms=15.1
[INFO] [1786676283.816197]: 开始进行多边形确认 · detections=3
[INFO] [1786676283.831801]: 开始进行多边形确认 · centers=1 · rejected=0 · merged=0 · elapsed_ms=15.6
[INFO] [1786676283.947849]: 开始进行多边形确认 · detections=3
[INFO] [1786676283.964503]: 开始进行多边形确认 · centers=1 · rejected=0 · merged=0 · elapsed_ms=16.7
[INFO] [1786676284.075975]: 开始进行多边形确认 · detections=3
[INFO] [1786676284.106661]: 开始进行多边形确认 · centers=1 · rejected=1 · merged=0 · elapsed_ms=30.8
[INFO] [1786676284.195884]: 开始进行多边形确认 · detections=3
[INFO] [1786676284.210130]: 开始进行多边形确认 · centers=1 · rejected=0 · merged=0 · elapsed_ms=14.3
[INFO] [1786676284.315031]: 开始进行多边形确认 · detections=2
[INFO] [1786676284.327312]: 开始进行多边形确认 · centers=1 · rejected=0 · merged=0 · elapsed_ms=12.3
[INFO] [1786676284.438611]: 开始进行多边形确认 · detections=3
[INFO] [1786676284.450781]: 开始进行多边形确认 · centers=1 · rejected=0 · merged=0 · elapsed_ms=12.2
[INFO] [1786676284.579881]: 开始进行多边形确认 · detections=3
[INFO] [1786676284.596506]: 开始进行多边形确认 · centers=1 · rejected=0 · merged=0 · elapsed_ms=16.7
[INFO] [1786676284.688275]: 开始进行多边形确认 · detections=4
[INFO] [1786676284.707919]: 开始进行多边形确认 · centers=1 · rejected=1 · merged=0 · elapsed_ms=19.7
[INFO] [1786676284.813487]: 开始进行多边形确认 · detections=3
[INFO] [1786676284.833808]: 开始进行多边形确认 · centers=1 · rejected=1 · merged=0 · elapsed_ms=20.4
[INFO] [1786676284.952020]: 开始进行多边形确认 · detections=2
[INFO] [1786676284.980524]: 开始进行多边形确认 · centers=1 · rejected=0 · merged=0 · elapsed_ms=28.6
[INFO] [1786676285.089577]: 开始进行多边形确认 · detections=4
[INFO] [1786676285.130714]: CITRUS_CENTER ok pixel=(469,232) depth=0.595 m radius=26.3 mm arc=283 deg error=0.57 px fragments=1
[INFO] [1786676285.131827]: 开始进行多边形确认 · centers=1 · rejected=1 · merged=0 · elapsed_ms=42.4
[INFO] [1786676285.208834]: 开始进行多边形确认 · detections=4
[INFO] [1786676285.230800]: 开始进行多边形确认 · centers=1 · rejected=1 · merged=0 · elapsed_ms=22.0
[INFO] [1786676285.334345]: 开始进行多边形确认 · detections=4
[INFO] [1786676285.373409]: 开始进行多边形确认 · centers=1 · rejected=1 · merged=0 · elapsed_ms=39.1
[INFO] [1786676285.457601]: 开始进行多边形确认 · detections=3
[INFO] [1786676285.481944]: 开始进行多边形确认 · centers=1 · rejected=0 · merged=0 · elapsed_ms=24.4
[INFO] [1786676285.483644]: RGB-D vision status: model_ready:onnxruntime targets:1 centers:1 tf:1 rejected:0 merged:0 semantic_masks:3
[INFO] [1786676285.598297]: 开始进行多边形确认 · detections=3
[INFO] [1786676285.623704]: 开始进行多边形确认 · centers=1 · rejected=0 · merged=0 · elapsed_ms=25.4
[INFO] [1786676285.709670]: 开始进行多边形确认 · detections=2
[INFO] [1786676285.732733]: 开始进行多边形确认 · centers=1 · rejected=0 · merged=0 · elapsed_ms=23.1
[INFO] [1786676285.832493]: 开始进行多边形确认 · detections=3
[INFO] [1786676285.857222]: 开始进行多边形确认 · centers=1 · rejected=0 · merged=0 · elapsed_ms=24.8
[INFO] [1786676285.965935]: 开始进行多边形确认 · detections=3
[INFO] [1786676285.990056]: 开始进行多边形确认 · centers=1 · rejected=0 · merged=0 · elapsed_ms=24.2
[INFO] [1786676286.087540]: 开始进行多边形确认 · detections=3
[INFO] [1786676286.115217]: 开始进行多边形确认 · centers=1 · rejected=0 · merged=0 · elapsed_ms=27.8
[INFO] [1786676286.204447]: 开始进行多边形确认 · detections=3
[INFO] [1786676286.226290]: 开始进行多边形确认 · centers=1 · rejected=0 · merged=0 · elapsed_ms=21.9
[INFO] [1786676286.334804]: 开始进行多边形确认 · detections=2
[INFO] [1786676286.349995]: 开始进行多边形确认 · centers=1 · rejected=0 · merged=0 · elapsed_ms=15.2
[INFO] [1786676286.460990]: 开始进行多边形确认 · detections=3
[INFO] [1786676286.485596]: 开始进行多边形确认 · centers=1 · rejected=0 · merged=0 · elapsed_ms=24.6
[INFO] [1786676286.591452]: 开始进行多边形确认 · detections=4
[INFO] [1786676286.623740]: 开始进行多边形确认 · centers=1 · rejected=1 · merged=0 · elapsed_ms=32.3
[INFO] [1786676286.711326]: 开始进行多边形确认 · detections=3
[INFO] [1786676286.735058]: 开始进行多边形确认 · centers=1 · rejected=0 · merged=0 · elapsed_ms=23.8
[INFO] [1786676286.838518]: 开始进行多边形确认 · detections=3
[INFO] [1786676286.865405]: 开始进行多边形确认 · centers=1 · rejected=0 · merged=0 · elapsed_ms=26.9
[INFO] [1786676286.964764]: 开始进行多边形确认 · detections=3
[INFO] [1786676286.990439]: 开始进行多边形确认 · centers=1 · rejected=0 · merged=0 · elapsed_ms=25.7
[INFO] [1786676287.100232]: 开始进行多边形确认 · detections=3
[INFO] [1786676287.124393]: 开始进行多边形确认 · centers=1 · rejected=0 · merged=0 · elapsed_ms=24.2
[INFO] [1786676287.238820]: 开始进行多边形确认 · detections=3
[INFO] [1786676287.261629]: CITRUS_CENTER ok pixel=(470,232) depth=0.597 m radius=26.7 mm arc=281 deg error=0.72 px fragments=1
[INFO] [1786676287.263026]: 开始进行多边形确认 · centers=1 · rejected=0 · merged=0 · elapsed_ms=24.3
[INFO] [1786676287.332487]: 开始进行多边形确认 · detections=3
[INFO] [1786676287.347159]: 开始进行多边形确认 · centers=1 · rejected=0 · merged=0 · elapsed_ms=14.7
[INFO] [1786676287.453255]: 开始进行多边形确认 · detections=2
[INFO] [1786676287.466862]: 开始进行多边形确认 · centers=1 · rejected=0 · merged=0 · elapsed_ms=13.7
[INFO] [1786676287.595003]: 开始进行多边形确认 · detections=3
[INFO] [1786676287.609680]: 开始进行多边形确认 · centers=1 · rejected=0 · merged=0 · elapsed_ms=14.7
[INFO] [1786676287.708199]: 开始进行多边形确认 · detections=4
[INFO] [1786676287.727486]: 开始进行多边形确认 · centers=1 · rejected=1 · merged=0 · elapsed_ms=19.4
[INFO] [1786676287.829280]: 开始进行多边形确认 · detections=3
[INFO] [1786676287.842909]: 开始进行多边形确认 · centers=1 · rejected=0 · merged=0 · elapsed_ms=13.7
[INFO] [1786676287.965395]: 开始进行多边形确认 · detections=5
[INFO] [1786676288.013345]: 开始进行多边形确认 · centers=2 · rejected=1 · merged=0 · elapsed_ms=48.0
[INFO] [1786676288.082054]: 开始进行多边形确认 · detections=4
[INFO] [1786676288.123201]: 开始进行多边形确认 · centers=1 · rejected=1 · merged=0 · elapsed_ms=41.2
[INFO] [1786676288.216632]: 开始进行多边形确认 · detections=4
[INFO] [1786676288.259326]: 开始进行多边形确认 · centers=1 · rejected=1 · merged=0 · elapsed_ms=42.7
[INFO] [1786676288.361845]: 开始进行多边形确认 · detections=3
[INFO] [1786676288.408741]: 开始进行多边形确认 · centers=1 · rejected=0 · merged=0 · elapsed_ms=46.9
[INFO] [1786676288.474369]: 开始进行多边形确认 · detections=3
[INFO] [1786676288.501960]: 开始进行多边形确认 · centers=1 · rejected=0 · merged=0 · elapsed_ms=27.6
[INFO] [1786676288.594016]: 开始进行多边形确认 · detections=3
[INFO] [1786676288.619075]: 开始进行多边形确认 · centers=1 · rejected=0 · merged=0 · elapsed_ms=25.1
[INFO] [1786676288.717926]: 开始进行多边形确认 · detections=3
[INFO] [1786676288.741807]: 开始进行多边形确认 · centers=1 · rejected=0 · merged=0 · elapsed_ms=23.9
[INFO] [1786676288.848274]: 开始进行多边形确认 · detections=4
[INFO] [1786676288.883991]: 开始进行多边形确认 · centers=2 · rejected=0 · merged=0 · elapsed_ms=35.8
[INFO] [1786676288.967260]: 开始进行多边形确认 · detections=3
[INFO] [1786676288.984887]: 开始进行多边形确认 · centers=1 · rejected=0 · merged=0 · elapsed_ms=17.7
[INFO] [1786676289.093912]: 开始进行多边形确认 · detections=4
[INFO] [1786676289.126688]: 开始进行多边形确认 · centers=2 · rejected=0 · merged=0 · elapsed_ms=32.8
[INFO] [1786676289.216121]: 开始进行多边形确认 · detections=3
[INFO] [1786676289.242852]: 开始进行多边形确认 · centers=1 · rejected=0 · merged=0 · elapsed_ms=26.8
[INFO] [1786676289.346783]: 开始进行多边形确认 · detections=3
[INFO] [1786676289.376667]: CITRUS_CENTER ok pixel=(470,232) depth=0.595 m radius=26.9 mm arc=280 deg error=0.83 px fragments=1
[INFO] [1786676289.381232]: 开始进行多边形确认 · centers=1 · rejected=0 · merged=0 · elapsed_ms=34.5
[INFO] [1786676289.483456]: 开始进行多边形确认 · detections=3
[INFO] [1786676289.501784]: 开始进行多边形确认 · centers=1 · rejected=0 · merged=0 · elapsed_ms=19.0
[INFO] [1786676289.587973]: 开始进行多边形确认 · detections=3
[INFO] [1786676289.600945]: 开始进行多边形确认 · centers=1 · rejected=0 · merged=0 · elapsed_ms=13.0
[INFO] [1786676289.714389]: 开始进行多边形确认 · detections=3
[INFO] [1786676289.726971]: 开始进行多边形确认 · centers=1 · rejected=0 · merged=0 · elapsed_ms=12.6
[INFO] [1786676289.849092]: 开始进行多边形确认 · detections=3
[INFO] [1786676289.862307]: 开始进行多边形确认 · centers=1 · rejected=0 · merged=0 · elapsed_ms=13.3
[INFO] [1786676289.971191]: 开始进行多边形确认 · detections=3
[INFO] [1786676289.983621]: 开始进行多边形确认 · centers=1 · rejected=0 · merged=0 · elapsed_ms=12.5
[INFO] [1786676290.098318]: 开始进行多边形确认 · detections=3
[INFO] [1786676290.110732]: 开始进行多边形确认 · centers=1 · rejected=0 · merged=0 · elapsed_ms=12.4
[INFO] [1786676290.237368]: 开始进行多边形确认 · detections=3
[INFO] [1786676290.263418]: 开始进行多边形确认 · centers=1 · rejected=0 · merged=0 · elapsed_ms=26.1
[INFO] [1786676290.365811]: 开始进行多边形确认 · detections=3
[INFO] [1786676290.391843]: 开始进行多边形确认 · centers=1 · rejected=0 · merged=0 · elapsed_ms=26.1
[INFO] [1786676290.484276]: 开始进行多边形确认 · detections=3
[INFO] [1786676290.513414]: 开始进行多边形确认 · centers=1 · rejected=0 · merged=0 · elapsed_ms=29.2
[INFO] [1786676290.624567]: 开始进行多边形确认 · detections=3
[INFO] [1786676290.654711]: 开始进行多边形确认 · centers=1 · rejected=0 · merged=0 · elapsed_ms=30.2
[INFO] [1786676290.718810]: 开始进行多边形确认 · detections=3
[INFO] [1786676290.731382]: 开始进行多边形确认 · centers=1 · rejected=0 · merged=0 · elapsed_ms=12.6
[INFO] [1786676290.844218]: 开始进行多边形确认 · detections=3
[INFO] [1786676290.858824]: 开始进行多边形确认 · centers=1 · rejected=0 · merged=0 · elapsed_ms=14.6
[INFO] [1786676290.976799]: 开始进行多边形确认 · detections=4
[INFO] [1786676290.999784]: 开始进行多边形确认 · centers=1 · rejected=1 · merged=0 · elapsed_ms=23.0
[INFO] [1786676291.000782]: RGB-D vision status: model_ready:onnxruntime targets:2 centers:1 tf:1 rejected:1 merged:0 semantic_masks:4
[INFO] [1786676291.098941]: 开始进行多边形确认 · detections=4
[INFO] [1786676291.119540]: 开始进行多边形确认 · centers=1 · rejected=1 · merged=0 · elapsed_ms=20.6
[INFO] [1786676291.221555]: 开始进行多边形确认 · detections=3
[INFO] [1786676291.237472]: 开始进行多边形确认 · centers=1 · rejected=0 · merged=0 · elapsed_ms=15.9
[INFO] [1786676291.344442]: 开始进行多边形确认 · detections=3
[INFO] [1786676291.357671]: 开始进行多边形确认 · centers=1 · rejected=0 · merged=0 · elapsed_ms=13.3
[INFO] [1786676291.471830]: 开始进行多边形确认 · detections=3
[INFO] [1786676291.485766]: CITRUS_CENTER ok pixel=(470,232) depth=0.597 m radius=26.6 mm arc=282 deg error=0.66 px fragments=1
[INFO] [1786676291.486853]: 开始进行多边形确认 · centers=1 · rejected=0 · merged=0 · elapsed_ms=15.1
[INFO] [1786676291.601463]: 开始进行多边形确认 · detections=3
[INFO] [1786676291.623165]: 开始进行多边形确认 · centers=1 · rejected=0 · merged=0 · elapsed_ms=21.7
[INFO] [1786676291.724388]: 开始进行多边形确认 · detections=3
[INFO] [1786676291.737424]: 开始进行多边形确认 · centers=1 · rejected=0 · merged=0 · elapsed_ms=13.1
[INFO] [1786676291.849909]: 开始进行多边形确认 · detections=3
[INFO] [1786676291.879379]: 开始进行多边形确认 · centers=1 · rejected=0 · merged=0 · elapsed_ms=29.5
[INFO] [1786676291.988004]: 开始进行多边形确认 · detections=3
[INFO] [1786676292.011685]: 开始进行多边形确认 · centers=1 · rejected=0 · merged=0 · elapsed_ms=23.7
[INFO] [1786676292.110537]: 开始进行多边形确认 · detections=4
[INFO] [1786676292.144557]: 开始进行多边形确认 · centers=1 · rejected=1 · merged=0 · elapsed_ms=34.1
[INFO] [1786676292.238169]: 开始进行多边形确认 · detections=3
[INFO] [1786676292.264945]: 开始进行多边形确认 · centers=1 · rejected=0 · merged=0 · elapsed_ms=26.8
[INFO] [1786676292.368669]: 开始进行多边形确认 · detections=3
[INFO] [1786676292.393806]: 开始进行多边形确认 · centers=1 · rejected=0 · merged=0 · elapsed_ms=25.2
[INFO] [1786676292.484392]: 开始进行多边形确认 · detections=3
[INFO] [1786676292.498196]: 开始进行多边形确认 · centers=1 · rejected=0 · merged=0 · elapsed_ms=13.8
[INFO] [1786676292.604024]: 开始进行多边形确认 · detections=3
[INFO] [1786676292.625686]: 开始进行多边形确认 · centers=1 · rejected=0 · merged=0 · elapsed_ms=21.7
[INFO] [1786676292.732733]: 开始进行多边形确认 · detections=3
[INFO] [1786676292.746372]: 开始进行多边形确认 · centers=1 · rejected=0 · merged=0 · elapsed_ms=13.7
[INFO] [1786676292.849023]: 开始进行多边形确认 · detections=3
[INFO] [1786676292.863487]: 开始进行多边形确认 · centers=1 · rejected=0 · merged=0 · elapsed_ms=14.5
[INFO] [1786676292.996085]: 开始进行多边形确认 · detections=3
[INFO] [1786676293.020440]: 开始进行多边形确认 · centers=1 · rejected=0 · merged=0 · elapsed_ms=24.4
[INFO] [1786676293.112205]: 开始进行多边形确认 · detections=3
[INFO] [1786676293.136538]: 开始进行多边形确认 · centers=1 · rejected=0 · merged=0 · elapsed_ms=24.4
[INFO] [1786676293.238568]: 开始进行多边形确认 · detections=5
[INFO] [1786676293.290665]: 开始进行多边形确认 · centers=1 · rejected=2 · merged=0 · elapsed_ms=52.1
[INFO] [1786676293.370526]: 开始进行多边形确认 · detections=5
[INFO] [1786676293.415555]: 开始进行多边形确认 · centers=1 · rejected=2 · merged=0 · elapsed_ms=45.0
[INFO] [1786676293.491075]: 开始进行多边形确认 · detections=5
[INFO] [1786676293.523211]: CITRUS_CENTER ok pixel=(470,232) depth=0.596 m radius=26.6 mm arc=282 deg error=0.64 px fragments=1
[INFO] [1786676293.524191]: 开始进行多边形确认 · centers=1 · rejected=2 · merged=0 · elapsed_ms=33.2
[INFO] [1786676293.617142]: 开始进行多边形确认 · detections=4
[INFO] [1786676293.662943]: 开始进行多边形确认 · centers=1 · rejected=1 · merged=0 · elapsed_ms=45.8
[INFO] [1786676293.759831]: 开始进行多边形确认 · detections=3
[INFO] [1786676293.793348]: 开始进行多边形确认 · centers=1 · rejected=1 · merged=0 · elapsed_ms=33.6
[INFO] [1786676293.861915]: 开始进行多边形确认 · detections=5
[INFO] [1786676293.903939]: 开始进行多边形确认 · centers=1 · rejected=2 · merged=0 · elapsed_ms=42.1
[INFO] [1786676293.992393]: 开始进行多边形确认 · detections=5
[INFO] [1786676294.014688]: 开始进行多边形确认 · centers=2 · rejected=1 · merged=0 · elapsed_ms=22.3
[INFO] [1786676294.104192]: 开始进行多边形确认 · detections=4
[INFO] [1786676294.126619]: 开始进行多边形确认 · centers=1 · rejected=2 · merged=0 · elapsed_ms=22.5
[INFO] [1786676294.225500]: 开始进行多边形确认 · detections=6
[INFO] [1786676294.260392]: 开始进行多边形确认 · centers=1 · rejected=3 · merged=0 · elapsed_ms=34.9
[INFO] [1786676294.369799]: 开始进行多边形确认 · detections=5
[INFO] [1786676294.396887]: 开始进行多边形确认 · centers=2 · rejected=1 · merged=0 · elapsed_ms=27.1
[INFO] [1786676294.493612]: 开始进行多边形确认 · detections=4
[INFO] [1786676294.519237]: 开始进行多边形确认 · centers=2 · rejected=1 · merged=0 · elapsed_ms=25.7
[INFO] [1786676294.616971]: 开始进行多边形确认 · detections=3
[INFO] [1786676294.640070]: 开始进行多边形确认 · centers=1 · rejected=1 · merged=0 · elapsed_ms=23.1
[INFO] [1786676294.747648]: 开始进行多边形确认 · detections=5
[INFO] [1786676294.794609]: 开始进行多边形确认 · centers=1 · rejected=2 · merged=0 · elapsed_ms=47.0
[INFO] [1786676294.874156]: 开始进行多边形确认 · detections=3
[INFO] [1786676294.890175]: 开始进行多边形确认 · centers=1 · rejected=1 · merged=0 · elapsed_ms=16.1
[INFO] [1786676294.981459]: 开始进行多边形确认 · detections=2
[INFO] [1786676294.992720]: 开始进行多边形确认 · centers=1 · rejected=0 · merged=0 · elapsed_ms=11.3
[INFO] [1786676295.126161]: 开始进行多边形确认 · detections=4
[INFO] [1786676295.171739]: 开始进行多边形确认 · centers=1 · rejected=1 · merged=0 · elapsed_ms=45.6
[INFO] [1786676295.251653]: 开始进行多边形确认 · detections=4
[INFO] [1786676295.299822]: 开始进行多边形确认 · centers=1 · rejected=2 · merged=0 · elapsed_ms=48.2
[INFO] [1786676295.376737]: 开始进行多边形确认 · detections=4
[INFO] [1786676295.423286]: 开始进行多边形确认 · centers=2 · rejected=1 · merged=0 · elapsed_ms=46.6
[INFO] [1786676295.499917]: 开始进行多边形确认 · detections=4
[INFO] [1786676295.544346]: CITRUS_CENTER ok pixel=(470,232) depth=0.597 m radius=26.4 mm arc=285 deg error=0.53 px fragments=1
[INFO] [1786676295.545658]: 开始进行多边形确认 · centers=2 · rejected=1 · merged=0 · elapsed_ms=45.8
[INFO] [1786676295.630059]: 开始进行多边形确认 · detections=4
[INFO] [1786676295.680241]: 开始进行多边形确认 · centers=2 · rejected=1 · merged=0 · elapsed_ms=50.2
[INFO] [1786676295.749660]: 开始进行多边形确认 · detections=3
[INFO] [1786676295.788530]: 开始进行多边形确认 · centers=2 · rejected=0 · merged=0 · elapsed_ms=38.9
[INFO] [1786676295.917668]: 开始进行多边形确认 · detections=4
[INFO] [1786676295.933893]: 开始进行多边形确认 · centers=1 · rejected=1 · merged=0 · elapsed_ms=16.3
[INFO] [1786676295.990595]: 开始进行多边形确认 · detections=3
[INFO] [1786676296.009692]: 开始进行多边形确认 · centers=1 · rejected=1 · merged=0 · elapsed_ms=19.2
[INFO] [1786676296.011467]: RGB-D vision status: model_ready:onnxruntime targets:2 centers:1 tf:1 rejected:1 merged:0 semantic_masks:3
[INFO] [1786676296.111251]: 开始进行多边形确认 · detections=3
[INFO] [1786676296.127767]: 开始进行多边形确认 · centers=1 · rejected=1 · merged=0 · elapsed_ms=16.6
[INFO] [1786676296.233572]: 开始进行多边形确认 · detections=3
[INFO] [1786676296.250326]: 开始进行多边形确认 · centers=1 · rejected=1 · merged=0 · elapsed_ms=16.8
[INFO] [1786676296.365335]: 开始进行多边形确认 · detections=3
[INFO] [1786676296.382496]: 开始进行多边形确认 · centers=1 · rejected=1 · merged=0 · elapsed_ms=17.2
[INFO] [1786676296.486280]: 开始进行多边形确认 · detections=3
[INFO] [1786676296.507444]: 开始进行多边形确认 · centers=2 · rejected=0 · merged=0 · elapsed_ms=21.2
[INFO] [1786676296.633391]: 开始进行多边形确认 · detections=3
[INFO] [1786676296.669803]: 开始进行多边形确认 · centers=2 · rejected=0 · merged=0 · elapsed_ms=36.5
[INFO] [1786676296.755974]: 开始进行多边形确认 · detections=3
[INFO] [1786676296.791953]: 开始进行多边形确认 · centers=1 · rejected=1 · merged=0 · elapsed_ms=36.0
[INFO] [1786676296.886439]: 开始进行多边形确认 · detections=3
[INFO] [1786676296.934603]: 开始进行多边形确认 · centers=2 · rejected=0 · merged=0 · elapsed_ms=48.2
[INFO] [1786676296.992635]: 开始进行多边形确认 · detections=2
[INFO] [1786676297.005225]: 开始进行多边形确认 · centers=1 · rejected=0 · merged=0 · elapsed_ms=12.6
[INFO] [1786676297.120841]: 开始进行多边形确认 · detections=4
[INFO] [1786676297.144393]: 开始进行多边形确认 · centers=1 · rejected=2 · merged=0 · elapsed_ms=23.6
[INFO] [1786676297.237237]: 开始进行多边形确认 · detections=3
[INFO] [1786676297.249403]: 开始进行多边形确认 · centers=1 · rejected=0 · merged=0 · elapsed_ms=12.2
[INFO] [1786676297.367105]: 开始进行多边形确认 · detections=3
[INFO] [1786676297.384327]: 开始进行多边形确认 · centers=1 · rejected=1 · merged=0 · elapsed_ms=17.3
[INFO] [1786676297.493276]: 开始进行多边形确认 · detections=3
[INFO] [1786676297.514656]: 开始进行多边形确认 · centers=1 · rejected=1 · merged=0 · elapsed_ms=21.4
[INFO] [1786676297.635551]: 开始进行多边形确认 · detections=3
[INFO] [1786676297.668811]: CITRUS_CENTER ok pixel=(470,233) depth=0.598 m radius=26.7 mm arc=282 deg error=0.59 px fragments=1
[INFO] [1786676297.669889]: 开始进行多边形确认 · centers=1 · rejected=1 · merged=0 · elapsed_ms=34.4
[INFO] [1786676297.755369]: 开始进行多边形确认 · detections=3
[INFO] [1786676297.790296]: 开始进行多边形确认 · centers=1 · rejected=1 · merged=0 · elapsed_ms=35.0
[INFO] [1786676297.895012]: 开始进行多边形确认 · detections=3
[INFO] [1786676297.942443]: 开始进行多边形确认 · centers=1 · rejected=1 · merged=0 · elapsed_ms=47.5
[INFO] [1786676298.017274]: 开始进行多边形确认 · detections=3
[INFO] [1786676298.052754]: 开始进行多边形确认 · centers=2 · rejected=0 · merged=0 · elapsed_ms=35.5
[INFO] [1786676298.123270]: 开始进行多边形确认 · detections=3
[INFO] [1786676298.158287]: 开始进行多边形确认 · centers=1 · rejected=1 · merged=0 · elapsed_ms=35.1
[INFO] [1786676298.243634]: 开始进行多边形确认 · detections=5
[INFO] [1786676298.272292]: 开始进行多边形确认 · centers=2 · rejected=2 · merged=0 · elapsed_ms=28.7
[INFO] [1786676298.377374]: 开始进行多边形确认 · detections=4
[INFO] [1786676298.406051]: 开始进行多边形确认 · centers=2 · rejected=1 · merged=0 · elapsed_ms=28.7
[INFO] [1786676298.490955]: 开始进行多边形确认 · detections=4
[INFO] [1786676298.514459]: 开始进行多边形确认 · centers=1 · rejected=2 · merged=0 · elapsed_ms=23.5
[INFO] [1786676298.614313]: 开始进行多边形确认 · detections=4
[INFO] [1786676298.637846]: 开始进行多边形确认 · centers=1 · rejected=2 · merged=0 · elapsed_ms=23.6
[INFO] [1786676298.738786]: 开始进行多边形确认 · detections=5
[INFO] [1786676298.760248]: 开始进行多边形确认 · centers=2 · rejected=1 · merged=0 · elapsed_ms=21.5
[INFO] [1786676298.884369]: 开始进行多边形确认 · detections=5
[INFO] [1786676298.904951]: 开始进行多边形确认 · centers=1 · rejected=2 · merged=0 · elapsed_ms=20.6
[INFO] [1786676299.043191]: 开始进行多边形确认 · detections=4
[INFO] [1786676299.085669]: 开始进行多边形确认 · centers=1 · rejected=2 · merged=0 · elapsed_ms=42.5
[INFO] [1786676299.150011]: 开始进行多边形确认 · detections=5
[INFO] [1786676299.180278]: 开始进行多边形确认 · centers=1 · rejected=2 · merged=0 · elapsed_ms=30.4
[INFO] [1786676299.254576]: 开始进行多边形确认 · detections=4
[INFO] [1786676299.275090]: 开始进行多边形确认 · centers=1 · rejected=2 · merged=0 · elapsed_ms=20.5
[INFO] [1786676299.394645]: 开始进行多边形确认 · detections=5
[INFO] [1786676299.417084]: 开始进行多边形确认 · centers=2 · rejected=1 · merged=0 · elapsed_ms=22.5
[INFO] [1786676299.503784]: 开始进行多边形确认 · detections=4
[INFO] [1786676299.523591]: 开始进行多边形确认 · centers=2 · rejected=1 · merged=0 · elapsed_ms=19.8
[INFO] [1786676299.633217]: 开始进行多边形确认 · detections=4
[INFO] [1786676299.657252]: 开始进行多边形确认 · centers=2 · rejected=1 · merged=0 · elapsed_ms=24.2
[INFO] [1786676299.753337]: 开始进行多边形确认 · detections=4
[INFO] [1786676299.781226]: CITRUS_CENTER ok pixel=(470,232) depth=0.595 m radius=26.6 mm arc=281 deg error=0.62 px fragments=1
[INFO] [1786676299.782271]: 开始进行多边形确认 · centers=1 · rejected=2 · merged=0 · elapsed_ms=29.0
[INFO] [1786676299.898048]: 开始进行多边形确认 · detections=5
[INFO] [1786676299.939612]: 开始进行多边形确认 · centers=1 · rejected=2 · merged=0 · elapsed_ms=41.6
[INFO] [1786676300.021897]: 开始进行多边形确认 · detections=4
[INFO] [1786676300.062400]: 开始进行多边形确认 · centers=1 · rejected=2 · merged=0 · elapsed_ms=40.5
[INFO] [1786676300.170919]: 开始进行多边形确认 · detections=4
[INFO] [1786676300.215090]: 开始进行多边形确认 · centers=2 · rejected=1 · merged=0 · elapsed_ms=44.2
[INFO] [1786676300.281198]: 开始进行多边形确认 · detections=4
[INFO] [1786676300.323414]: 开始进行多边形确认 · centers=2 · rejected=1 · merged=0 · elapsed_ms=42.2
[INFO] [1786676300.410295]: 开始进行多边形确认 · detections=4
[INFO] [1786676300.452832]: 开始进行多边形确认 · centers=2 · rejected=1 · merged=0 · elapsed_ms=42.6
[INFO] [1786676300.528176]: 开始进行多边形确认 · detections=4
[INFO] [1786676300.567326]: 开始进行多边形确认 · centers=2 · rejected=1 · merged=0 · elapsed_ms=39.2
[INFO] [1786676300.635419]: 开始进行多边形确认 · detections=3
[INFO] [1786676300.669484]: 开始进行多边形确认 · centers=1 · rejected=1 · merged=0 · elapsed_ms=34.1
[INFO] [1786676300.779625]: 开始进行多边形确认 · detections=4
[INFO] [1786676300.811450]: 开始进行多边形确认 · centers=1 · rejected=2 · merged=0 · elapsed_ms=31.9
[INFO] [1786676300.887706]: 开始进行多边形确认 · detections=4
[INFO] [1786676300.919956]: 开始进行多边形确认 · centers=2 · rejected=1 · merged=0 · elapsed_ms=32.3
[INFO] [1786676301.021222]: 开始进行多边形确认 · detections=4
[INFO] [1786676301.042179]: 开始进行多边形确认 · centers=3 · rejected=0 · merged=0 · elapsed_ms=21.0
[INFO] [1786676301.043538]: RGB-D vision status: model_ready:onnxruntime targets:3 centers:3 tf:3 rejected:0 merged:0 semantic_masks:4
[INFO] [1786676301.191542]: 开始进行多边形确认 · detections=5
[INFO] [1786676301.230968]: 开始进行多边形确认 · centers=1 · rejected=2 · merged=0 · elapsed_ms=39.5
[INFO] [1786676301.299368]: 开始进行多边形确认 · detections=4
[INFO] [1786676301.338874]: 开始进行多边形确认 · centers=2 · rejected=1 · merged=0 · elapsed_ms=39.5
[INFO] [1786676301.422458]: 开始进行多边形确认 · detections=4
[INFO] [1786676301.468767]: 开始进行多边形确认 · centers=3 · rejected=0 · merged=0 · elapsed_ms=46.3
[INFO] [1786676301.544146]: 开始进行多边形确认 · detections=4
[INFO] [1786676301.587814]: 开始进行多边形确认 · centers=2 · rejected=1 · merged=0 · elapsed_ms=43.8
[INFO] [1786676301.674870]: 开始进行多边形确认 · detections=5
[INFO] [1786676301.715830]: 开始进行多边形确认 · centers=1 · rejected=2 · merged=0 · elapsed_ms=41.0
[INFO] [1786676301.797117]: 开始进行多边形确认 · detections=4
[INFO] [1786676301.837721]: CITRUS_CENTER ok pixel=(470,233) depth=0.594 m radius=26.6 mm arc=281 deg error=0.64 px fragments=1
[INFO] [1786676301.839162]: 开始进行多边形确认 · centers=1 · rejected=2 · merged=0 · elapsed_ms=42.1
[INFO] [1786676301.909460]: 开始进行多边形确认 · detections=4
[INFO] [1786676301.929306]: 开始进行多边形确认 · centers=1 · rejected=2 · merged=0 · elapsed_ms=19.9
[INFO] [1786676302.032293]: 开始进行多边形确认 · detections=4
[INFO] [1786676302.054042]: 开始进行多边形确认 · centers=2 · rejected=1 · merged=0 · elapsed_ms=21.8
[INFO] [1786676302.180061]: 开始进行多边形确认 · detections=5
[INFO] [1786676302.202600]: 开始进行多边形确认 · centers=1 · rejected=2 · merged=0 · elapsed_ms=22.6
[INFO] [1786676302.289119]: 开始进行多边形确认 · detections=4
[INFO] [1786676302.315077]: 开始进行多边形确认 · centers=1 · rejected=2 · merged=0 · elapsed_ms=26.0
[INFO] [1786676302.409446]: 开始进行多边形确认 · detections=4
[INFO] [1786676302.429068]: 开始进行多边形确认 · centers=1 · rejected=2 · merged=0 · elapsed_ms=19.7
[INFO] [1786676302.527550]: 开始进行多边形确认 · detections=4
[INFO] [1786676302.546557]: 开始进行多边形确认 · centers=2 · rejected=1 · merged=0 · elapsed_ms=19.0
[INFO] [1786676302.669246]: 开始进行多边形确认 · detections=4
[INFO] [1786676302.689157]: 开始进行多边形确认 · centers=3 · rejected=0 · merged=0 · elapsed_ms=20.0
[INFO] [1786676302.792349]: 开始进行多边形确认 · detections=4
[INFO] [1786676302.814111]: 开始进行多边形确认 · centers=1 · rejected=2 · merged=0 · elapsed_ms=21.8
[INFO] [1786676302.919832]: 开始进行多边形确认 · detections=4
[INFO] [1786676302.938135]: 开始进行多边形确认 · centers=1 · rejected=1 · merged=0 · elapsed_ms=18.3
[INFO] [1786676303.061407]: 开始进行多边形确认 · detections=4
[INFO] [1786676303.105616]: 开始进行多边形确认 · centers=1 · rejected=2 · merged=0 · elapsed_ms=44.2
[INFO] [1786676303.195788]: 开始进行多边形确认 · detections=5
[INFO] [1786676303.249395]: 开始进行多边形确认 · centers=2 · rejected=1 · merged=0 · elapsed_ms=53.7
[INFO] [1786676303.320463]: 开始进行多边形确认 · detections=5
[INFO] [1786676303.360625]: 开始进行多边形确认 · centers=1 · rejected=2 · merged=0 · elapsed_ms=40.2
[INFO] [1786676303.457251]: 开始进行多边形确认 · detections=4
[INFO] [1786676303.499195]: 开始进行多边形确认 · centers=3 · rejected=0 · merged=0 · elapsed_ms=42.0
[INFO] [1786676303.583282]: 开始进行多边形确认 · detections=5
[INFO] [1786676303.625000]: 开始进行多边形确认 · centers=2 · rejected=1 · merged=0 · elapsed_ms=41.8
[INFO] [1786676303.695523]: 开始进行多边形确认 · detections=4
[INFO] [1786676303.728583]: 开始进行多边形确认 · centers=1 · rejected=1 · merged=0 · elapsed_ms=33.1
[INFO] [1786676303.817818]: 开始进行多边形确认 · detections=4
[INFO] [1786676303.860974]: CITRUS_CENTER ok pixel=(470,233) depth=0.595 m radius=26.2 mm arc=281 deg error=0.61 px fragments=1
[INFO] [1786676303.862520]: 开始进行多边形确认 · centers=2 · rejected=1 · merged=0 · elapsed_ms=44.8
[INFO] [1786676303.939812]: 开始进行多边形确认 · detections=5
[INFO] [1786676303.981523]: 开始进行多边形确认 · centers=2 · rejected=1 · merged=0 · elapsed_ms=41.8
[INFO] [1786676304.063523]: 开始进行多边形确认 · detections=4
[INFO] [1786676304.094257]: 开始进行多边形确认 · centers=1 · rejected=1 · merged=0 · elapsed_ms=30.8
[INFO] [1786676304.211795]: 开始进行多边形确认 · detections=3
[INFO] [1786676304.255289]: 开始进行多边形确认 · centers=1 · rejected=1 · merged=0 · elapsed_ms=43.5
[INFO] [1786676304.335070]: 开始进行多边形确认 · detections=3
[INFO] [1786676304.372152]: 开始进行多边形确认 · centers=1 · rejected=1 · merged=0 · elapsed_ms=37.1
[INFO] [1786676304.466960]: 开始进行多边形确认 · detections=4
[INFO] [1786676304.500810]: 开始进行多边形确认 · centers=3 · rejected=0 · merged=0 · elapsed_ms=33.9
[INFO] [1786676304.566762]: 开始进行多边形确认 · detections=4
[INFO] [1786676304.590473]: 开始进行多边形确认 · centers=3 · rejected=0 · merged=0 · elapsed_ms=23.7
[INFO] [1786676304.704353]: 开始进行多边形确认 · detections=5
[INFO] [1786676304.728776]: 开始进行多边形确认 · centers=1 · rejected=3 · merged=0 · elapsed_ms=24.5
[INFO] [1786676304.814987]: 开始进行多边形确认 · detections=5
[INFO] [1786676304.837702]: 开始进行多边形确认 · centers=3 · rejected=0 · merged=0 · elapsed_ms=22.7
[INFO] [1786676304.939020]: 开始进行多边形确认 · detections=5
[INFO] [1786676304.961841]: 开始进行多边形确认 · centers=2 · rejected=1 · merged=0 · elapsed_ms=22.8
[INFO] [1786676305.060433]: 开始进行多边形确认 · detections=4
[INFO] [1786676305.083287]: 开始进行多边形确认 · centers=2 · rejected=1 · merged=0 · elapsed_ms=22.9
[INFO] [1786676305.191832]: 开始进行多边形确认 · detections=3
[INFO] [1786676305.208395]: 开始进行多边形确认 · centers=1 · rejected=1 · merged=0 · elapsed_ms=16.6
[INFO] [1786676305.370455]: 开始进行多边形确认 · detections=4
[INFO] [1786676305.413236]: 开始进行多边形确认 · centers=3 · rejected=0 · merged=0 · elapsed_ms=42.8
[INFO] [1786676305.477784]: 开始进行多边形确认 · detections=5
[INFO] [1786676305.519469]: 开始进行多边形确认 · centers=2 · rejected=1 · merged=0 · elapsed_ms=41.7
[INFO] [1786676305.603541]: 开始进行多边形确认 · detections=5
[INFO] [1786676305.646934]: 开始进行多边形确认 · centers=2 · rejected=1 · merged=0 · elapsed_ms=43.4
[INFO] [1786676305.734293]: 开始进行多边形确认 · detections=4
[INFO] [1786676305.775953]: 开始进行多边形确认 · centers=2 · rejected=1 · merged=0 · elapsed_ms=41.7
[INFO] [1786676305.856577]: 开始进行多边形确认 · detections=5
[INFO] [1786676305.895342]: CITRUS_CENTER ok pixel=(469,233) depth=0.596 m radius=25.9 mm arc=287 deg error=0.48 px fragments=1
[INFO] [1786676305.896540]: 开始进行多边形确认 · centers=2 · rejected=1 · merged=0 · elapsed_ms=40.1
[INFO] [1786676305.990440]: 开始进行多边形确认 · detections=4
[INFO] [1786676306.020659]: 开始进行多边形确认 · centers=1 · rejected=1 · merged=0 · elapsed_ms=30.3
[INFO] [1786676306.117483]: 开始进行多边形确认 · detections=3
[INFO] [1786676306.151074]: 开始进行多边形确认 · centers=1 · rejected=1 · merged=0 · elapsed_ms=33.6
[WARN] [1786676247.779940]: CITRUS_CENTER reject instances=2 reason=reconstructed citrus radius 19.6 mm is outside 22.0..40.0 mm
[WARN] [1786676250.126372]: CITRUS_CENTER reject instances=2 reason=reconstructed citrus radius 19.7 mm is outside 22.0..40.0 mm
[WARN] [1786676253.125432]: CITRUS_CENTER reject instances=2 reason=reconstructed citrus radius 19.4 mm is outside 22.0..40.0 mm
[WARN] [1786676255.392410]: CITRUS_CENTER reject instances=2 reason=reconstructed citrus radius 19.7 mm is outside 22.0..40.0 mm
[WARN] [1786676257.797636]: CITRUS_CENTER reject instances=2 reason=reconstructed citrus radius 19.4 mm is outside 22.0..40.0 mm
[WARN] [1786676260.785081]: CITRUS_CENTER reject instances=2 reason=reconstructed citrus radius 19.9 mm is outside 22.0..40.0 mm
[WARN] [1786676263.060472]: CITRUS_CENTER reject instances=2 reason=reconstructed citrus radius 19.8 mm is outside 22.0..40.0 mm
[WARN] [1786676265.463950]: CITRUS_CENTER reject instances=2 reason=reconstructed citrus radius 19.5 mm is outside 22.0..40.0 mm
[WARN] [1786676268.004195]: CITRUS_CENTER reject instances=2 reason=reconstructed citrus radius 19.3 mm is outside 22.0..40.0 mm
[WARN] [1786676270.169017]: CITRUS_CENTER reject instances=3 reason=reconstructed citrus radius 19.3 mm is outside 22.0..40.0 mm
[WARN] [1786676273.666907]: CITRUS_CENTER reject instances=2 reason=reconstructed citrus radius 19.9 mm is outside 22.0..40.0 mm
[WARN] [1786676275.725772]: CITRUS_CENTER reject instances=2 reason=reconstructed citrus radius 19.9 mm is outside 22.0..40.0 mm
[WARN] [1786676277.930794]: CITRUS_CENTER reject instances=2 reason=reconstructed citrus radius 19.6 mm is outside 22.0..40.0 mm
[WARN] [1786676280.109392]: CITRUS_CENTER reject instances=2 reason=polygon circle inlier ratio 0.27 is below 0.30
[WARN] [1786676282.622349]: CITRUS_CENTER reject instances=2 reason=reconstructed citrus radius 19.8 mm is outside 22.0..40.0 mm
[WARN] [1786676284.706791]: CITRUS_CENTER reject instances=2 reason=reconstructed citrus radius 19.6 mm is outside 22.0..40.0 mm
[WARN] [1786676287.726525]: CITRUS_CENTER reject instances=3 reason=reconstructed citrus radius 19.6 mm is outside 22.0..40.0 mm
[WARN] [1786676290.998711]: CITRUS_CENTER reject instances=3 reason=polygon circle inlier ratio 0.25 is below 0.30
[WARN] [1786676293.289257]: CITRUS_CENTER reject instances=2 reason=polygon circle inlier ratio 0.23 is below 0.30
[WARN] [1786676295.298443]: CITRUS_CENTER reject instances=2 reason=reconstructed citrus radius 45.8 mm is outside 22.0..40.0 mm
[WARN] [1786676297.383321]: CITRUS_CENTER reject instances=2 reason=reconstructed citrus radius 19.5 mm is outside 22.0..40.0 mm
[WARN] [1786676299.416043]: CITRUS_CENTER reject instances=4 reason=reconstructed citrus radius 19.5 mm is outside 22.0..40.0 mm
[WARN] [1786676301.586761]: CITRUS_CENTER reject instances=3 reason=reconstructed citrus radius 19.5 mm is outside 22.0..40.0 mm
[WARN] [1786676303.623296]: CITRUS_CENTER reject instances=2 reason=reconstructed citrus radius 19.7 mm is outside 22.0..40.0 mm
[WARN] [1786676305.645539]: CITRUS_CENTER reject instances=2 reason=reconstructed citrus radius 19.3 mm is outside 22.0..40.0 mm
[WARN] [1786676307.740724]: CITRUS_CENTER reject instances=3 reason=reconstructed citrus radius 19.5 mm is outside 22.0..40.0 mm
[WARN] [1786676309.754234]: CITRUS_CENTER reject instances=2 reason=reconstructed citrus radius 19.4 mm is outside 22.0..40.0 mm
[INFO] [1786676306.152934]: RGB-D vision status: model_ready:onnxruntime targets:2 centers:1 tf:1 rejected:1 merged:0 semantic_masks:3
[INFO] [1786676306.224196]: 开始进行多边形确认 · detections=4
[INFO] [1786676306.243321]: 开始进行多边形确认 · centers=1 · rejected=1 · merged=0 · elapsed_ms=19.2
[INFO] [1786676306.355187]: 开始进行多边形确认 · detections=4
[INFO] [1786676306.401609]: 开始进行多边形确认 · centers=2 · rejected=0 · merged=0 · elapsed_ms=46.4
[INFO] [1786676306.496777]: 开始进行多边形确认 · detections=4
[INFO] [1786676306.530494]: 开始进行多边形确认 · centers=1 · rejected=1 · merged=0 · elapsed_ms=33.8
[INFO] [1786676306.620147]: 开始进行多边形确认 · detections=4
[INFO] [1786676306.665873]: 开始进行多边形确认 · centers=3 · rejected=0 · merged=0 · elapsed_ms=45.8
[INFO] [1786676306.745922]: 开始进行多边形确认 · detections=5
[INFO] [1786676306.766613]: 开始进行多边形确认 · centers=2 · rejected=1 · merged=0 · elapsed_ms=20.7
[INFO] [1786676306.846057]: 开始进行多边形确认 · detections=4
[INFO] [1786676306.867896]: 开始进行多边形确认 · centers=2 · rejected=1 · merged=0 · elapsed_ms=21.9
[INFO] [1786676306.968676]: 开始进行多边形确认 · detections=5
[INFO] [1786676306.990092]: 开始进行多边形确认 · centers=3 · rejected=0 · merged=0 · elapsed_ms=21.5
[INFO] [1786676307.096125]: 开始进行多边形确认 · detections=5
[INFO] [1786676307.120672]: 开始进行多边形确认 · centers=3 · rejected=0 · merged=0 · elapsed_ms=24.6
[INFO] [1786676307.219236]: 开始进行多边形确认 · detections=6
[INFO] [1786676307.243452]: 开始进行多边形确认 · centers=1 · rejected=3 · merged=0 · elapsed_ms=24.2
[INFO] [1786676307.357238]: 开始进行多边形确认 · detections=5
[INFO] [1786676307.402327]: 开始进行多边形确认 · centers=1 · rejected=2 · merged=0 · elapsed_ms=45.1
[INFO] [1786676307.482510]: 开始进行多边形确认 · detections=5
[INFO] [1786676307.502177]: 开始进行多边形确认 · centers=2 · rejected=1 · merged=0 · elapsed_ms=19.7
[INFO] [1786676307.597068]: 开始进行多边形确认 · detections=5
[INFO] [1786676307.616217]: 开始进行多边形确认 · centers=2 · rejected=1 · merged=0 · elapsed_ms=19.2
[INFO] [1786676307.720195]: 开始进行多边形确认 · detections=4
[INFO] [1786676307.741839]: 开始进行多边形确认 · centers=2 · rejected=1 · merged=0 · elapsed_ms=21.7
[INFO] [1786676307.838718]: 开始进行多边形确认 · detections=4
[INFO] [1786676307.881001]: 开始进行多边形确认 · centers=2 · rejected=1 · merged=0 · elapsed_ms=42.3
[INFO] [1786676307.984297]: 开始进行多边形确认 · detections=5
[INFO] [1786676308.028025]: CITRUS_CENTER ok pixel=(469,233) depth=0.597 m radius=26.2 mm arc=285 deg error=0.59 px fragments=1
[INFO] [1786676308.029390]: 开始进行多边形确认 · centers=1 · rejected=2 · merged=0 · elapsed_ms=45.2
[INFO] [1786676308.109143]: 开始进行多边形确认 · detections=5
[INFO] [1786676308.169968]: 开始进行多边形确认 · centers=1 · rejected=2 · merged=0 · elapsed_ms=60.9
[INFO] [1786676308.239078]: 开始进行多边形确认 · detections=5
[INFO] [1786676308.259386]: 开始进行多边形确认 · centers=1 · rejected=2 · merged=0 · elapsed_ms=20.3
[INFO] [1786676308.344172]: 开始进行多边形确认 · detections=5
[INFO] [1786676308.364676]: 开始进行多边形确认 · centers=1 · rejected=2 · merged=0 · elapsed_ms=20.5
[INFO] [1786676308.478304]: 开始进行多边形确认 · detections=5
[INFO] [1786676308.518780]: 开始进行多边形确认 · centers=1 · rejected=2 · merged=0 · elapsed_ms=40.5
[INFO] [1786676308.603286]: 开始进行多边形确认 · detections=4
[INFO] [1786676308.646994]: 开始进行多边形确认 · centers=1 · rejected=2 · merged=0 · elapsed_ms=43.7
[INFO] [1786676308.712569]: 开始进行多边形确认 · detections=4
[INFO] [1786676308.734649]: 开始进行多边形确认 · centers=1 · rejected=2 · merged=0 · elapsed_ms=22.1
[INFO] [1786676308.849160]: 开始进行多边形确认 · detections=3
[INFO] [1786676308.866212]: 开始进行多边形确认 · centers=1 · rejected=1 · merged=0 · elapsed_ms=17.2
[INFO] [1786676308.971962]: 开始进行多边形确认 · detections=3
[INFO] [1786676308.995899]: 开始进行多边形确认 · centers=1 · rejected=1 · merged=0 · elapsed_ms=24.0
[INFO] [1786676309.090814]: 开始进行多边形确认 · detections=4
[INFO] [1786676309.114793]: 开始进行多边形确认 · centers=1 · rejected=2 · merged=0 · elapsed_ms=24.0
[INFO] [1786676309.215802]: 开始进行多边形确认 · detections=4
[INFO] [1786676309.237385]: 开始进行多边形确认 · centers=1 · rejected=2 · merged=0 · elapsed_ms=21.6
[INFO] [1786676309.353186]: 开始进行多边形确认 · detections=4
[INFO] [1786676309.378920]: 开始进行多边形确认 · centers=1 · rejected=2 · merged=0 · elapsed_ms=25.8
[INFO] [1786676309.481552]: 开始进行多边形确认 · detections=4
[INFO] [1786676309.527973]: 开始进行多边形确认 · centers=1 · rejected=2 · merged=0 · elapsed_ms=46.5
[INFO] [1786676309.601929]: 开始进行多边形确认 · detections=4
[INFO] [1786676309.623496]: 开始进行多边形确认 · centers=1 · rejected=2 · merged=0 · elapsed_ms=21.6
[INFO] [1786676309.732800]: 开始进行多边形确认 · detections=5
[INFO] [1786676309.755159]: 开始进行多边形确认 · centers=1 · rejected=2 · merged=0 · elapsed_ms=22.4
[INFO] [1786676309.851467]: 开始进行多边形确认 · detections=5
[INFO] [1786676309.872444]: 开始进行多边形确认 · centers=1 · rejected=2 · merged=0 · elapsed_ms=21.0
[INFO] [1786676309.976803]: 开始进行多边形确认 · detections=5
[INFO] [1786676309.998323]: 开始进行多边形确认 · centers=1 · rejected=2 · merged=0 · elapsed_ms=21.6
[INFO] [1786676310.110876]: 开始进行多边形确认 · detections=4
[INFO] [1786676310.131890]: CITRUS_CENTER ok pixel=(469,233) depth=0.594 m radius=25.8 mm arc=287 deg error=0.49 px fragments=1
[INFO] [1786676310.133032]: 开始进行多边形确认 · centers=2 · rejected=1 · merged=0 · elapsed_ms=22.2
[INFO] [1786676310.231721]: 开始进行多边形确认 · detections=6
[INFO] [1786676310.257729]: 开始进行多边形确认 · centers=1 · rejected=3 · merged=0 · elapsed_ms=26.0
[INFO] [1786676310.363021]: 开始进行多边形确认 · detections=4
[INFO] [1786676310.396298]: 开始进行多边形确认 · centers=1 · rejected=2 · merged=0 · elapsed_ms=33.3
[INFO] [1786676310.510200]: 开始进行多边形确认 · detections=4
[INFO] [1786676310.556373]: 开始进行多边形确认 · centers=1 · rejected=2 · merged=0 · elapsed_ms=46.2
[INFO] [1786676310.642493]: 开始进行多边形确认 · detections=4
[INFO] [1786676310.691731]: 开始进行多边形确认 · centers=1 · rejected=2 · merged=0 · elapsed_ms=49.3
[INFO] [1786676310.778270]: 开始进行多边形确认 · detections=4
[INFO] [1786676310.824193]: 开始进行多边形确认 · centers=1 · rejected=2 · merged=0 · elapsed_ms=46.0
[31mWARNING: disk usage in log directory [/home/catas/.ros/log] is over 1GB.
It's recommended that you use the 'rosclean' command.[0m
[1mprocess[camera/realsense2_camera_manager-1]: started with pid [26420][0m
[1mprocess[camera/realsense2_camera-2]: started with pid [26421][0m
[1mprocess[elfin_vision/citrus_rgbd_node-3]: started with pid [26422][0m
[elfin_vision/citrus_rgbd_node-3] killing on exit
[camera/realsense2_camera-2] killing on exit
[camera/realsense2_camera_manager-1] killing on exit
shutting down processing monitor...
... shutting down processing monitor complete
[1mdone[0m
