Starting isolated D455 motion stream without reset.
[0m[INFO] [1785987476.250665262]: Initializing nodelet with 32 worker threads.[0m
[0m[INFO] [1785987476.308186405]: RealSense ROS v2.3.2[0m
[0m[INFO] [1785987476.308203153]: Built with LibRealSense v2.55.1[0m
[0m[INFO] [1785987476.308208318]: Running with LibRealSense v2.55.1[0m
[0m[INFO] [1785987476.330711070]:  [0m
[0m[INFO] [1785987476.338992503]: Device with serial number 234222302617 was found.
[0m
[0m[INFO] [1785987476.339022046]: Device with physical ID /sys/devices/pci0000:00/0000:00:14.0/usb2/2-3/2-3:1.0/video4linux/video0 was found.[0m
[0m[INFO] [1785987476.339034087]: Device with name Intel RealSense D455 was found.[0m
[0m[INFO] [1785987476.339287541]: Device with port number 2-3 was found.[0m
[0m[INFO] [1785987476.339315084]: Device USB type: 3.2[0m
[0m[INFO] [1785987476.340256879]: getParameters...[0m
[0m[INFO] [1785987476.367265666]: setupDevice...[0m
[0m[INFO] [1785987476.367292362]: JSON file is not provided[0m
[0m[INFO] [1785987476.367304857]: ROS Node Namespace: camera_imu[0m
[0m[INFO] [1785987476.367331188]: Device Name: Intel RealSense D455[0m
[0m[INFO] [1785987476.367345477]: Device Serial No: 234222302617[0m
[0m[INFO] [1785987476.367360168]: Device physical port: /sys/devices/pci0000:00/0000:00:14.0/usb2/2-3/2-3:1.0/video4linux/video0[0m
[0m[INFO] [1785987476.367381166]: Device FW version: 5.17.3.10[0m
[0m[INFO] [1785987476.367395499]: Device Product ID: 0x0B5C[0m
[0m[INFO] [1785987476.367409105]: Enable PointCloud: Off[0m
[0m[INFO] [1785987476.367422011]: Align Depth: Off[0m
[0m[INFO] [1785987476.367434291]: Sync Mode: Off[0m
[0m[INFO] [1785987476.367466035]: Device Sensors: [0m
[0m[INFO] [1785987476.370867605]: Stereo Module was found.[0m
[0m[INFO] [1785987476.373864945]: RGB Camera was found.[0m
[0m[INFO] [1785987476.373998150]: Motion Module was found.[0m
[0m[INFO] [1785987476.374017719]: num_filters: 0[0m
[0m[INFO] [1785987476.374028249]: Setting Dynamic reconfig parameters.[0m
[0m[INFO] [1785987476.439387920]: Done Setting Dynamic reconfig parameters.[0m
[0m[INFO] [1785987476.439461102]: gyro stream is enabled - fps: 200[0m
[0m[INFO] [1785987476.439469461]: accel stream is enabled - fps: 100[0m
[0m[INFO] [1785987476.439477826]: setupPublishers...[0m
[0m[INFO] [1785987476.440750064]: setupStreams...[0m
 06/08 03:37:56,441 WARNING [140603845338880] (ds-calib-parsers.cpp:35) IMU Calibration is not available, default intrinsic and extrinsic will be used.
[0m[INFO] [1785987476.441843421]: SELECTED BASE:Depth, 0[0m
[0m[INFO] [1785987476.443047480]: RealSense Node Is Up![0m
[33m[WARN] [1785987476.557838712]: [0m
D455 motion stream ready: /camera_imu/gyro/sample + /camera_imu/accel/sample
[0m[INFO] [1785987479.693128511]: Initializing nodelet with 32 worker threads.[0m
[0m[INFO] [1785987479.762767798]: RealSense ROS v2.3.2[0m
[0m[INFO] [1785987479.762790986]: Built with LibRealSense v2.55.1[0m
[0m[INFO] [1785987479.762803267]: Running with LibRealSense v2.55.1[0m
[0m[INFO] [1785987479.781169352]:  [0m
[0m[INFO] [1785987479.786365445]: Device with serial number 234222302617 was found.
[0m
[0m[INFO] [1785987479.786385162]: Device with physical ID /sys/devices/pci0000:00/0000:00:14.0/usb2/2-3/2-3:1.0/video4linux/video0 was found.[0m
[0m[INFO] [1785987479.786399176]: Device with name Intel RealSense D455 was found.[0m
[0m[INFO] [1785987479.786524957]: Device with port number 2-3 was found.[0m
[0m[INFO] [1785987479.786536639]: Device USB type: 3.2[0m
[0m[INFO] [1785987479.787455359]: getParameters...[0m
[0m[INFO] [1785987479.812576060]: setupDevice...[0m
[0m[INFO] [1785987479.812607225]: JSON file is not provided[0m
[0m[INFO] [1785987479.812618072]: ROS Node Namespace: camera[0m
[0m[INFO] [1785987479.812629888]: Device Name: Intel RealSense D455[0m
[0m[INFO] [1785987479.812638427]: Device Serial No: 234222302617[0m
[0m[INFO] [1785987479.812648114]: Device physical port: /sys/devices/pci0000:00/0000:00:14.0/usb2/2-3/2-3:1.0/video4linux/video0[0m
[0m[INFO] [1785987479.812661478]: Device FW version: 5.17.3.10[0m
[0m[INFO] [1785987479.812687026]: Device Product ID: 0x0B5C[0m
[0m[INFO] [1785987479.812700759]: Enable PointCloud: On[0m
[0m[INFO] [1785987479.812711507]: Align Depth: On[0m
[0m[INFO] [1785987479.812719891]: Sync Mode: On[0m
[0m[INFO] [1785987479.812756707]: Device Sensors: [0m
[0m[INFO] [1785987479.818172323]: Stereo Module was found.[0m
[0m[INFO] [1785987479.821712651]: RGB Camera was found.[0m
[0m[INFO] [1785987479.821848506]: Motion Module was found.[0m
[0m[INFO] [1785987479.821905287]: Add Filter: pointcloud[0m
[0m[INFO] [1785987479.821958898]: num_filters: 2[0m
[0m[INFO] [1785987479.821974282]: Setting Dynamic reconfig parameters.[0m
[0m[INFO] [1785987479.869178869]: Done Setting Dynamic reconfig parameters.[0m
[33m[WARN] [1785987479.869383127]: Given stream configuration is not supported by the device!  Stream: Depth, Stream Index: 0, Width: 640, Height: 480, FPS: 10, Format: Z16[0m
[33m[WARN] [1785987479.869403723]: Using default profile instead.[0m
[0m[INFO] [1785987479.869795904]: depth stream is enabled - width: 848, height: 480, fps: 30, Format: Z16[0m
[0m[INFO] [1785987479.870266699]: color stream is enabled - width: 640, height: 480, fps: 15, Format: RGB8[0m
[0m[INFO] [1785987479.871604128]: setupPublishers...[0m
[0m[INFO] [1785987479.873151812]: Expected frequency for depth = 30.00000[0m
[0m[INFO] [1785987479.891146883]: Expected frequency for color = 15.00000[0m
[0m[INFO] [1785987479.902697597]: Expected frequency for aligned_depth_to_color = 15.00000[0m
[0m[INFO] [1785987479.913421202]: setupStreams...[0m
[0m[INFO] [1785987479.944465229]: SELECTED BASE:Depth, 0[0m
[0m[INFO] [1785987479.949545671]: RealSense Node Is Up![0m
[33m[WARN] [1785987480.189669968]: [0m
[0m[INFO] [1785987480.204245202]: publishing unordered pointcloud.[0m
[WARN] [1785987480.023474]: Remote inference unavailable, loading local fallback: [Errno -2] Name or service not known
[WARN] [1785987480.051420]: TensorRT unavailable, falling back to ONNX Runtime: No module named 'pycuda'
[WARN] [1785987480.627353]: Remote inference recovery probe failed; local inference continues and another probe will run in 5.0 s: [Errno -2] Name or service not known
[WARN] [1785987485.795491]: Remote inference recovery probe failed; local inference continues and another probe will run in 5.0 s: [Errno -2] Name or service not known
[WARN] [1785987490.969270]: Remote inference recovery probe failed; local inference continues and another probe will run in 5.0 s: [Errno -2] Name or service not known
[WARN] [1785987496.041885]: Remote inference recovery probe failed; local inference continues and another probe will run in 5.0 s: [Errno -2] Name or service not known
[WARN] [1785987501.173344]: Remote inference recovery probe failed; local inference continues and another probe will run in 5.0 s: [Errno -2] Name or service not known
[WARN] [1785987506.234219]: Remote inference recovery probe failed; local inference continues and another probe will run in 5.0 s: [Errno -2] Name or service not known
[WARN] [1785987511.373122]: Remote inference recovery probe failed; local inference continues and another probe will run in 5.0 s: [Errno -2] Name or service not known
[WARN] [1785987516.461353]: Remote inference recovery probe failed; local inference continues and another probe will run in 5.0 s: [Errno -2] Name or service not known
[WARN] [1785987521.596573]: Remote inference recovery probe failed; local inference continues and another probe will run in 5.0 s: [Errno -2] Name or service not known
[WARN] [1785987526.706716]: Remote inference recovery probe failed; local inference continues and another probe will run in 5.0 s: [Errno -2] Name or service not known
[WARN] [1785987531.847443]: Remote inference recovery probe failed; local inference continues and another probe will run in 5.0 s: [Errno -2] Name or service not known
[WARN] [1785987536.927595]: Remote inference recovery probe failed; local inference continues and another probe will run in 5.0 s: [Errno -2] Name or service not known
[WARN] [1785987542.004969]: Remote inference recovery probe failed; local inference continues and another probe will run in 5.0 s: [Errno -2] Name or service not known
[WARN] [1785987547.080315]: Remote inference recovery probe failed; local inference continues and another probe will run in 5.0 s: [Errno -2] Name or service not known
[WARN] [1785987552.203587]: Remote inference recovery probe failed; local inference continues and another probe will run in 5.0 s: [Errno -2] Name or service not known
[WARN] [1785987557.361558]: Remote inference recovery probe failed; local inference continues and another probe will run in 5.0 s: [Errno -2] Name or service not known
[WARN] [1785987562.588646]: Remote inference recovery probe failed; local inference continues and another probe will run in 5.0 s: [Errno -2] Name or service not known
[WARN] [1785987567.760235]: Remote inference recovery probe failed; local inference continues and another probe will run in 5.0 s: [Errno -2] Name or service not known
[WARN] [1785987572.959565]: Remote inference recovery probe failed; local inference continues and another probe will run in 5.0 s: [Errno -2] Name or service not known
[WARN] [1785987578.093421]: Remote inference recovery probe failed; local inference continues and another probe will run in 5.0 s: [Errno -2] Name or service not known
[WARN] [1785987583.171191]: Remote inference recovery probe failed; local inference continues and another probe will run in 5.0 s: [Errno -2] Name or service not known
[WARN] [1785987588.292893]: Remote inference recovery probe failed; local inference continues and another probe will run in 5.0 s: [Errno -2] Name or service not known
[WARN] [1785987593.497851]: Remote inference recovery probe failed; local inference continues and another probe will run in 5.0 s: [Errno -2] Name or service not known
[WARN] [1785987598.629431]: Remote inference recovery probe failed; local inference continues and another probe will run in 5.0 s: [Errno -2] Name or service not known
[WARN] [1785987603.863497]: Remote inference recovery probe failed; local inference continues and another probe will run in 5.0 s: [Errno -2] Name or service not known
[WARN] [1785987609.088716]: Remote inference recovery probe failed; local inference continues and another probe will run in 5.0 s: [Errno -2] Name or service not known
[WARN] [1785987614.272646]: Remote inference recovery probe failed; local inference continues and another probe will run in 5.0 s: [Errno -2] Name or service not known
[WARN] [1785987619.458138]: Remote inference recovery probe failed; local inference continues and another probe will run in 5.0 s: [Errno -2] Name or service not known
[WARN] [1785987624.553154]: Remote inference recovery probe failed; local inference continues and another probe will run in 5.0 s: [Errno -2] Name or service not known
[WARN] [1785987629.735255]: Remote inference recovery probe failed; local inference continues and another probe will run in 5.0 s: [Errno -2] Name or service not known
[WARN] [1785987634.839668]: Remote inference recovery probe failed; local inference continues and another probe will run in 5.0 s: [Errno -2] Name or service not known
[WARN] [1785987639.952621]: Remote inference recovery probe failed; local inference continues and another probe will run in 5.0 s: [Errno -2] Name or service not known
[WARN] [1785987645.086625]: Remote inference recovery probe failed; local inference continues and another probe will run in 5.0 s: [Errno -2] Name or service not known
[WARN] [1785987650.158195]: Remote inference recovery probe failed; local inference continues and another probe will run in 5.0 s: [Errno -2] Name or service not known
[WARN] [1785987655.253024]: Remote inference recovery probe failed; local inference continues and another probe will run in 5.0 s: [Errno -2] Name or service not known
[WARN] [1785987660.452426]: Remote inference recovery probe failed; local inference continues and another probe will run in 5.0 s: [Errno -2] Name or service not known
[WARN] [1785987665.579455]: Remote inference recovery probe failed; local inference continues and another probe will run in 5.0 s: [Errno -2] Name or service not known
[WARN] [1785987670.781876]: Remote inference recovery probe failed; local inference continues and another probe will run in 5.0 s: [Errno -2] Name or service not known
[WARN] [1785987675.852172]: Remote inference recovery probe failed; local inference continues and another probe will run in 5.0 s: [Errno -2] Name or service not known
[WARN] [1785987680.892133]: Remote inference recovery probe failed; local inference continues and another probe will run in 5.0 s: [Errno -2] Name or service not known
[WARN] [1785987686.059226]: Remote inference recovery probe failed; local inference continues and another probe will run in 5.0 s: [Errno -2] Name or service not known
[WARN] [1785987691.234937]: Remote inference recovery probe failed; local inference continues and another probe will run in 5.0 s: [Errno -2] Name or service not known
[WARN] [1785987696.359563]: Remote inference recovery probe failed; local inference continues and another probe will run in 5.0 s: [Errno -2] Name or service not known
[WARN] [1785987701.476022]: Remote inference recovery probe failed; local inference continues and another probe will run in 5.0 s: [Errno -2] Name or service not known
[WARN] [1785987706.539069]: Remote inference recovery probe failed; local inference continues and another probe will run in 5.0 s: [Errno -2] Name or service not known
[WARN] [1785987711.681234]: Remote inference recovery probe failed; local inference continues and another probe will run in 5.0 s: [Errno -2] Name or service not known
[WARN] [1785987716.732269]: Remote inference recovery probe failed; local inference continues and another probe will run in 5.0 s: [Errno -2] Name or service not known
[INFO] [1785987479.985021]: RGB-D vision status: starting:model_loading
[INFO] [1785987480.104340]: Loaded ONNX citrus model /home/catas/elfin_citrus_data/server_bundle_20260722/best_citrus_seg.onnx; classes={0: 'citrus', 1: 'tree'}; providers=['CPUExecutionProvider']
[INFO] [1785987480.105136]: Citrus model loading finished in 0.10 s: model_ready:onnxruntime
[INFO] [1785987485.024625]: RGB-D vision status: model_ready:onnxruntime targets:1 depth:1 tf:1 semantic_masks:3
[INFO] [1785987490.364603]: RGB-D vision status: model_ready:onnxruntime targets:1 depth:1 tf:1 semantic_masks:2
[INFO] [1785987495.518639]: RGB-D vision status: model_ready:onnxruntime targets:2 depth:2 tf:2 semantic_masks:3
[INFO] [1785987500.806367]: RGB-D vision status: model_ready:onnxruntime targets:3 depth:2 tf:2 semantic_masks:5
[INFO] [1785987506.569254]: RGB-D vision status: model_ready:onnxruntime targets:2 depth:2 tf:2 semantic_masks:3
[INFO] [1785987511.652364]: RGB-D vision status: model_ready:onnxruntime targets:3 depth:3 tf:3 semantic_masks:4
[INFO] [1785987516.847162]: RGB-D vision status: model_ready:onnxruntime targets:1 depth:1 tf:1 semantic_masks:2
[INFO] [1785987521.869184]: RGB-D vision status: model_ready:onnxruntime targets:1 depth:1 tf:1 semantic_masks:3
[INFO] [1785987528.302197]: RGB-D vision status: model_ready:onnxruntime targets:1 depth:1 tf:1 semantic_masks:3
[INFO] [1785987533.642545]: RGB-D vision status: model_ready:onnxruntime targets:1 depth:1 tf:1 semantic_masks:3
[INFO] [1785987539.078091]: RGB-D vision status: model_ready:onnxruntime targets:2 depth:2 tf:2 semantic_masks:3
[INFO] [1785987544.151561]: RGB-D vision status: model_ready:onnxruntime targets:1 depth:1 tf:1 semantic_masks:2
[INFO] [1785987549.608114]: RGB-D vision status: model_ready:onnxruntime targets:6 depth:5 tf:5 semantic_masks:9
[INFO] [1785987554.737048]: RGB-D vision status: model_ready:onnxruntime targets:5 depth:3 tf:3 semantic_masks:7
[INFO] [1785987559.779773]: RGB-D vision status: model_ready:onnxruntime targets:4 depth:2 tf:2 semantic_masks:6
[INFO] [1785987565.210503]: RGB-D vision status: model_ready:onnxruntime targets:2 depth:0 tf:0 semantic_masks:3
[INFO] [1785987570.289909]: RGB-D vision status: model_ready:onnxruntime targets:2 depth:1 tf:1 semantic_masks:3
[INFO] [1785987575.491259]: RGB-D vision status: model_ready:onnxruntime targets:1 depth:1 tf:1 semantic_masks:2
[INFO] [1785987580.503595]: RGB-D vision status: model_ready:onnxruntime targets:3 depth:3 tf:3 semantic_masks:5
[INFO] [1785987585.651417]: RGB-D vision status: model_ready:onnxruntime targets:5 depth:5 tf:5 semantic_masks:7
[INFO] [1785987590.776978]: RGB-D vision status: model_ready:onnxruntime targets:1 depth:1 tf:1 semantic_masks:3
[INFO] [1785987595.795771]: RGB-D vision status: model_ready:onnxruntime targets:3 depth:3 tf:3 semantic_masks:4
[INFO] [1785987600.867432]: RGB-D vision status: model_ready:onnxruntime targets:3 depth:2 tf:2 semantic_masks:4
[INFO] [1785987606.125926]: RGB-D vision status: model_ready:onnxruntime targets:3 depth:2 tf:2 semantic_masks:4
[INFO] [1785987611.189548]: RGB-D vision status: model_ready:onnxruntime targets:2 depth:2 tf:2 semantic_masks:3
[INFO] [1785987616.277704]: RGB-D vision status: model_ready:onnxruntime targets:2 depth:1 tf:1 semantic_masks:3
[INFO] [1785987621.350212]: RGB-D vision status: model_ready:onnxruntime targets:2 depth:1 tf:1 semantic_masks:6
[INFO] [1785987626.408929]: RGB-D vision status: model_ready:onnxruntime targets:1 depth:1 tf:1 semantic_masks:1
[INFO] [1785987631.482775]: RGB-D vision status: model_ready:onnxruntime targets:2 depth:1 tf:1 semantic_masks:3
[INFO] [1785987636.538610]: RGB-D vision status: model_ready:onnxruntime targets:1 depth:1 tf:1 semantic_masks:2
[INFO] [1785987641.555554]: RGB-D vision status: model_ready:onnxruntime targets:2 depth:2 tf:2 semantic_masks:4
[INFO] [1785987646.581603]: RGB-D vision status: model_ready:onnxruntime targets:2 depth:2 tf:2 semantic_masks:3
[INFO] [1785987651.667675]: RGB-D vision status: model_ready:onnxruntime targets:2 depth:1 tf:1 semantic_masks:4
[INFO] [1785987657.111080]: RGB-D vision status: model_ready:onnxruntime targets:1 depth:1 tf:1 semantic_masks:3
[INFO] [1785987663.906930]: RGB-D vision status: model_ready:onnxruntime targets:2 depth:2 tf:2 semantic_masks:3
[INFO] [1785987668.912905]: RGB-D vision status: model_ready:onnxruntime targets:2 depth:2 tf:2 semantic_masks:3
[INFO] [1785987673.985283]: RGB-D vision status: model_ready:onnxruntime targets:1 depth:1 tf:1 semantic_masks:2
[INFO] [1785987679.325105]: RGB-D vision status: model_ready:onnxruntime targets:2 depth:0 tf:0 semantic_masks:3
[INFO] [1785987684.326006]: RGB-D vision status: model_ready:onnxruntime targets:1 depth:1 tf:1 semantic_masks:3
[INFO] [1785987697.849870]: RGB-D vision status: model_ready:onnxruntime targets:1 depth:0 tf:0 semantic_masks:3
[INFO] [1785987703.476629]: RGB-D vision status: model_ready:onnxruntime targets:1 depth:0 tf:0 semantic_masks:2
[INFO] [1785987708.882155]: RGB-D vision status: model_ready:onnxruntime targets:2 depth:0 tf:0 semantic_masks:3
[INFO] [1785987713.960373]: RGB-D vision status: model_ready:onnxruntime targets:1 depth:1 tf:1 semantic_masks:3
[INFO] [1785987719.023818]: RGB-D vision status: model_ready:onnxruntime targets:1 depth:1 tf:1 semantic_masks:2
[INFO] [1785987724.081640]: RGB-D vision status: model_ready:onnxruntime targets:1 depth:1 tf:1 semantic_masks:2
[INFO] [1785987732.229211]: RGB-D vision status: model_ready:onnxruntime targets:1 depth:1 tf:1 semantic_masks:3
[INFO] [1785987737.314403]: RGB-D vision status: model_ready:onnxruntime targets:1 depth:1 tf:1 semantic_masks:3
[INFO] [1785987743.041925]: RGB-D vision status: model_ready:onnxruntime targets:1 depth:1 tf:1 semantic_masks:2
[INFO] [1785987748.244825]: RGB-D vision status: model_ready:onnxruntime targets:1 depth:1 tf:1 semantic_masks:3
[INFO] [1785987753.383126]: RGB-D vision status: model_ready:onnxruntime targets:1 depth:1 tf:1 semantic_masks:2
[INFO] [1785987769.011227]: RGB-D vision status: model_ready:onnxruntime targets:1 depth:0 tf:0 semantic_masks:2
[INFO] [1785987774.881583]: RGB-D vision status: model_ready:onnxruntime targets:1 depth:1 tf:1 semantic_masks:3
[INFO] [1785987779.926534]: RGB-D vision status: model_ready:onnxruntime targets:1 depth:1 tf:1 semantic_masks:2
[INFO] [1785987785.009718]: RGB-D vision status: model_ready:onnxruntime targets:0 depth:0 tf:0 semantic_masks:1
[INFO] [1785987793.274450]: RGB-D vision status: model_ready:onnxruntime targets:0 depth:0 tf:0 semantic_masks:2
[INFO] [1785987799.030765]: RGB-D vision status: model_ready:onnxruntime targets:1 depth:1 tf:1 semantic_masks:3
[INFO] [1785987805.351174]: RGB-D vision status: model_ready:onnxruntime targets:2 depth:2 tf:2 semantic_masks:3
[INFO] [1785987810.655892]: RGB-D vision status: model_ready:onnxruntime targets:2 depth:2 tf:2 semantic_masks:4
[INFO] [1785987815.986471]: RGB-D vision status: model_ready:onnxruntime targets:1 depth:1 tf:1 semantic_masks:3
[INFO] [1785987821.125518]: RGB-D vision status: model_ready:onnxruntime targets:2 depth:2 tf:2 semantic_masks:4
[INFO] [1785987826.583034]: RGB-D vision status: model_ready:onnxruntime targets:2 depth:2 tf:2 semantic_masks:3
[INFO] [1785987831.685160]: RGB-D vision status: model_ready:onnxruntime targets:2 depth:2 tf:2 semantic_masks:3
[INFO] [1785987837.117918]: RGB-D vision status: model_ready:onnxruntime targets:2 depth:2 tf:2 semantic_masks:3
[INFO] [1785987842.134090]: RGB-D vision status: model_ready:onnxruntime targets:2 depth:2 tf:2 semantic_masks:3
[INFO] [1785987847.311242]: RGB-D vision status: model_ready:onnxruntime targets:1 depth:1 tf:1 semantic_masks:2
[INFO] [1785987852.532419]: RGB-D vision status: model_ready:onnxruntime targets:2 depth:2 tf:2 semantic_masks:3
[INFO] [1785987857.599042]: RGB-D vision status: model_ready:onnxruntime targets:1 depth:1 tf:1 semantic_masks:2
[INFO] [1785987862.717463]: RGB-D vision status: model_ready:onnxruntime targets:1 depth:1 tf:1 semantic_masks:3
[INFO] [1785987867.913348]: RGB-D vision status: model_ready:onnxruntime targets:1 depth:1 tf:1 semantic_masks:2
[WARN] [1785987721.905410]: Remote inference recovery probe failed; local inference continues and another probe will run in 5.0 s: [Errno -2] Name or service not known
[WARN] [1785987727.023941]: Remote inference recovery probe failed; local inference continues and another probe will run in 5.0 s: [Errno -2] Name or service not known
[WARN] [1785987732.095369]: Remote inference recovery probe failed; local inference continues and another probe will run in 5.0 s: [Errno -2] Name or service not known
[WARN] [1785987737.179027]: Remote inference recovery probe failed; local inference continues and another probe will run in 5.0 s: [Errno -2] Name or service not known
[WARN] [1785987742.384119]: Remote inference recovery probe failed; local inference continues and another probe will run in 5.0 s: [Errno -2] Name or service not known
[WARN] [1785987747.576460]: Remote inference recovery probe failed; local inference continues and another probe will run in 5.0 s: [Errno -2] Name or service not known
[WARN] [1785987752.717591]: Remote inference recovery probe failed; local inference continues and another probe will run in 5.0 s: [Errno -2] Name or service not known
[WARN] [1785987757.786025]: Remote inference recovery probe failed; local inference continues and another probe will run in 5.0 s: [Errno -2] Name or service not known
[WARN] [1785987762.844898]: Remote inference recovery probe failed; local inference continues and another probe will run in 5.0 s: [Errno -2] Name or service not known
[WARN] [1785987767.934062]: Remote inference recovery probe failed; local inference continues and another probe will run in 5.0 s: [Errno -2] Name or service not known
[WARN] [1785987773.001261]: Remote inference recovery probe failed; local inference continues and another probe will run in 5.0 s: [Errno -2] Name or service not known
[WARN] [1785987778.071710]: Remote inference recovery probe failed; local inference continues and another probe will run in 5.0 s: [Errno -2] Name or service not known
[WARN] [1785987783.143860]: Remote inference recovery probe failed; local inference continues and another probe will run in 5.0 s: [Errno -2] Name or service not known
[WARN] [1785987788.190846]: Remote inference recovery probe failed; local inference continues and another probe will run in 5.0 s: [Errno -2] Name or service not known
[WARN] [1785987793.272938]: Remote inference recovery probe failed; local inference continues and another probe will run in 5.0 s: [Errno -2] Name or service not known
[WARN] [1785987798.340377]: Remote inference recovery probe failed; local inference continues and another probe will run in 5.0 s: [Errno -2] Name or service not known
[WARN] [1785987803.504285]: Remote inference recovery probe failed; local inference continues and another probe will run in 5.0 s: [Errno -2] Name or service not known
[WARN] [1785987808.625715]: Remote inference recovery probe failed; local inference continues and another probe will run in 5.0 s: [Errno -2] Name or service not known
[WARN] [1785987813.733333]: Remote inference recovery probe failed; local inference continues and another probe will run in 5.0 s: [Errno -2] Name or service not known
[WARN] [1785987818.909312]: Remote inference recovery probe failed; local inference continues and another probe will run in 5.0 s: [Errno -2] Name or service not known
[WARN] [1785987824.033583]: Remote inference recovery probe failed; local inference continues and another probe will run in 5.0 s: [Errno -2] Name or service not known
[WARN] [1785987829.096688]: Remote inference recovery probe failed; local inference continues and another probe will run in 5.0 s: [Errno -2] Name or service not known
[WARN] [1785987834.175829]: Remote inference recovery probe failed; local inference continues and another probe will run in 5.0 s: [Errno -2] Name or service not known
[WARN] [1785987839.310777]: Remote inference recovery probe failed; local inference continues and another probe will run in 5.0 s: [Errno -2] Name or service not known
[WARN] [1785987844.335738]: Remote inference recovery probe failed; local inference continues and another probe will run in 5.0 s: [Errno -2] Name or service not known
[WARN] [1785987850.280678]: Remote inference recovery probe failed; local inference continues and another probe will run in 5.0 s: [Errno -2] Name or service not known
[WARN] [1785987855.477437]: Remote inference recovery probe failed; local inference continues and another probe will run in 5.0 s: [Errno -2] Name or service not known
[WARN] [1785987860.724395]: Remote inference recovery probe failed; local inference continues and another probe will run in 5.0 s: [Errno -2] Name or service not known
[WARN] [1785987865.897921]: Remote inference recovery probe failed; local inference continues and another probe will run in 5.0 s: [Errno -2] Name or service not known
[WARN] [1785987871.095939]: Remote inference recovery probe failed; local inference continues and another probe will run in 5.0 s: [Errno -2] Name or service not known
[WARN] [1785987876.295609]: Remote inference recovery probe failed; local inference continues and another probe will run in 5.0 s: [Errno -2] Name or service not known
[WARN] [1785987881.491740]: Remote inference recovery probe failed; local inference continues and another probe will run in 5.0 s: [Errno -2] Name or service not known
[WARN] [1785987886.635092]: Remote inference recovery probe failed; local inference continues and another probe will run in 5.0 s: [Errno -2] Name or service not known
[WARN] [1785987891.747257]: Remote inference recovery probe failed; local inference continues and another probe will run in 5.0 s: [Errno -2] Name or service not known
[WARN] [1785987896.938198]: Remote inference recovery probe failed; local inference continues and another probe will run in 5.0 s: [Errno -2] Name or service not known
[WARN] [1785987902.070081]: Remote inference recovery probe failed; local inference continues and another probe will run in 5.0 s: [Errno -2] Name or service not known
[WARN] [1785987907.232734]: Remote inference recovery probe failed; local inference continues and another probe will run in 5.0 s: [Errno -2] Name or service not known
[WARN] [1785987912.332751]: Remote inference recovery probe failed; local inference continues and another probe will run in 5.0 s: [Errno -2] Name or service not known
[WARN] [1785987917.513057]: Remote inference recovery probe failed; local inference continues and another probe will run in 5.0 s: [Errno -2] Name or service not known
[WARN] [1785987922.615641]: Remote inference recovery probe failed; local inference continues and another probe will run in 5.0 s: [Errno -2] Name or service not known
[WARN] [1785987927.813112]: Remote inference recovery probe failed; local inference continues and another probe will run in 5.0 s: [Errno -2] Name or service not known
[WARN] [1785987932.922531]: Remote inference recovery probe failed; local inference continues and another probe will run in 5.0 s: [Errno -2] Name or service not known
[WARN] [1785987938.055445]: Remote inference recovery probe failed; local inference continues and another probe will run in 5.0 s: [Errno -2] Name or service not known
[WARN] [1785987943.156224]: Remote inference recovery probe failed; local inference continues and another probe will run in 5.0 s: [Errno -2] Name or service not known
[WARN] [1785987948.360180]: Remote inference recovery probe failed; local inference continues and another probe will run in 5.0 s: [Errno -2] Name or service not known
[WARN] [1785987953.562874]: Remote inference recovery probe failed; local inference continues and another probe will run in 5.0 s: [Errno -2] Name or service not known
[WARN] [1785987958.764041]: Remote inference recovery probe failed; local inference continues and another probe will run in 5.0 s: [Errno -2] Name or service not known
[WARN] [1785987963.836979]: Remote inference recovery probe failed; local inference continues and another probe will run in 5.0 s: [Errno -2] Name or service not known
[WARN] [1785987969.019735]: Remote inference recovery probe failed; local inference continues and another probe will run in 5.0 s: [Errno -2] Name or service not known
[WARN] [1785987974.107408]: Remote inference recovery probe failed; local inference continues and another probe will run in 5.0 s: [Errno -2] Name or service not known
[WARN] [1785987979.171817]: Remote inference recovery probe failed; local inference continues and another probe will run in 5.0 s: [Errno -2] Name or service not known
[WARN] [1785987984.263651]: Remote inference recovery probe failed; local inference continues and another probe will run in 5.0 s: [Errno -2] Name or service not known
[WARN] [1785987989.453776]: Remote inference recovery probe failed; local inference continues and another probe will run in 5.0 s: [Errno -2] Name or service not known
[WARN] [1785987994.527132]: Remote inference recovery probe failed; local inference continues and another probe will run in 5.0 s: [Errno -2] Name or service not known
[WARN] [1785987999.612508]: Remote inference recovery probe failed; local inference continues and another probe will run in 5.0 s: [Errno -2] Name or service not known
[WARN] [1785988004.821606]: Remote inference recovery probe failed; local inference continues and another probe will run in 5.0 s: [Errno -2] Name or service not known
[WARN] [1785988009.935721]: Remote inference recovery probe failed; local inference continues and another probe will run in 5.0 s: [Errno -2] Name or service not known
[WARN] [1785988015.002372]: Remote inference recovery probe failed; local inference continues and another probe will run in 5.0 s: [Errno -2] Name or service not known
[WARN] [1785988020.078454]: Remote inference recovery probe failed; local inference continues and another probe will run in 5.0 s: [Errno -2] Name or service not known
[WARN] [1785988025.144183]: Remote inference recovery probe failed; local inference continues and another probe will run in 5.0 s: [Errno -2] Name or service not known
[WARN] [1785988030.227683]: Remote inference recovery probe failed; local inference continues and another probe will run in 5.0 s: [Errno -2] Name or service not known
[WARN] [1785988035.327862]: Remote inference recovery probe failed; local inference continues and another probe will run in 5.0 s: [Errno -2] Name or service not known
[WARN] [1785988040.523142]: Remote inference recovery probe failed; local inference continues and another probe will run in 5.0 s: [Errno -2] Name or service not known
[WARN] [1785988045.692695]: Remote inference recovery probe failed; local inference continues and another probe will run in 5.0 s: [Errno -2] Name or service not known
[WARN] [1785988050.798687]: Remote inference recovery probe failed; local inference continues and another probe will run in 5.0 s: [Errno -2] Name or service not known
[WARN] [1785988055.983185]: Remote inference recovery probe failed; local inference continues and another probe will run in 5.0 s: [Errno -2] Name or service not known
[WARN] [1785988061.218460]: Remote inference recovery probe failed; local inference continues and another probe will run in 5.0 s: [Errno -2] Name or service not known
[WARN] [1785988066.395488]: Remote inference recovery probe failed; local inference continues and another probe will run in 5.0 s: [Errno -2] Name or service not known
[WARN] [1785988071.596573]: Remote inference recovery probe failed; local inference continues and another probe will run in 5.0 s: [Errno -2] Name or service not known
[WARN] [1785988076.668780]: Remote inference recovery probe failed; local inference continues and another probe will run in 5.0 s: [Errno -2] Name or service not known
[WARN] [1785988081.739390]: Remote inference recovery probe failed; local inference continues and another probe will run in 5.0 s: [Errno -2] Name or service not known
[WARN] [1785988086.886811]: Remote inference recovery probe failed; local inference continues and another probe will run in 5.0 s: [Errno -2] Name or service not known
[WARN] [1785988092.099675]: Remote inference recovery probe failed; local inference continues and another probe will run in 5.0 s: [Errno -2] Name or service not known
[WARN] [1785988097.305605]: Remote inference recovery probe failed; local inference continues and another probe will run in 5.0 s: [Errno -2] Name or service not known
[WARN] [1785988102.481207]: Remote inference recovery probe failed; local inference continues and another probe will run in 5.0 s: [Errno -2] Name or service not known
[WARN] [1785988107.537892]: Remote inference recovery probe failed; local inference continues and another probe will run in 5.0 s: [Errno -2] Name or service not known
[WARN] [1785988112.633194]: Remote inference recovery probe failed; local inference continues and another probe will run in 5.0 s: [Errno -2] Name or service not known
[WARN] [1785988117.766956]: Remote inference recovery probe failed; local inference continues and another probe will run in 5.0 s: [Errno -2] Name or service not known
[WARN] [1785988122.832724]: Remote inference recovery probe failed; local inference continues and another probe will run in 5.0 s: [Errno -2] Name or service not known
[WARN] [1785988127.894316]: Remote inference recovery probe failed; local inference continues and another probe will run in 5.0 s: [Errno -2] Name or service not known
[WARN] [1785988133.031345]: Remote inference recovery probe failed; local inference continues and another probe will run in 5.0 s: [Errno -2] Name or service not known
[WARN] [1785988138.195507]: Remote inference recovery probe failed; local inference continues and another probe will run in 5.0 s: [Errno -2] Name or service not known
[WARN] [1785988143.387131]: Remote inference recovery probe failed; local inference continues and another probe will run in 5.0 s: [Errno -2] Name or service not known
[WARN] [1785988148.480771]: Remote inference recovery probe failed; local inference continues and another probe will run in 5.0 s: [Errno -2] Name or service not known
[WARN] [1785988153.653738]: Remote inference recovery probe failed; local inference continues and another probe will run in 5.0 s: [Errno -2] Name or service not known
[WARN] [1785988158.803498]: Remote inference recovery probe failed; local inference continues and another probe will run in 5.0 s: [Errno -2] Name or service not known
[WARN] [1785988163.872576]: Remote inference recovery probe failed; local inference continues and another probe will run in 5.0 s: [Errno -2] Name or service not known
[WARN] [1785988169.018359]: Remote inference recovery probe failed; local inference continues and another probe will run in 5.0 s: [Errno -2] Name or service not known
[WARN] [1785988174.139892]: Remote inference recovery probe failed; local inference continues and another probe will run in 5.0 s: [Errno -2] Name or service not known
[WARN] [1785988179.293886]: Remote inference recovery probe failed; local inference continues and another probe will run in 5.0 s: [Errno -2] Name or service not known
[WARN] [1785988184.497286]: Remote inference recovery probe failed; local inference continues and another probe will run in 5.0 s: [Errno -2] Name or service not known
[WARN] [1785988189.572219]: Remote inference recovery probe failed; local inference continues and another probe will run in 5.0 s: [Errno -2] Name or service not known
[WARN] [1785988194.639090]: Remote inference recovery probe failed; local inference continues and another probe will run in 5.0 s: [Errno -2] Name or service not known
[WARN] [1785988199.693337]: Remote inference recovery probe failed; local inference continues and another probe will run in 5.0 s: [Errno -2] Name or service not known
[WARN] [1785988204.828352]: Remote inference recovery probe failed; local inference continues and another probe will run in 5.0 s: [Errno -2] Name or service not known
[WARN] [1785988209.909413]: Remote inference recovery probe failed; local inference continues and another probe will run in 5.0 s: [Errno -2] Name or service not known
[INFO] [1785987872.966792]: RGB-D vision status: model_ready:onnxruntime targets:2 depth:2 tf:2 semantic_masks:4
[INFO] [1785987878.031564]: RGB-D vision status: model_ready:onnxruntime targets:2 depth:2 tf:2 semantic_masks:3
[INFO] [1785987883.160169]: RGB-D vision status: model_ready:onnxruntime targets:2 depth:2 tf:2 semantic_masks:3
[INFO] [1785987888.380998]: RGB-D vision status: model_ready:onnxruntime targets:2 depth:2 tf:2 semantic_masks:4
[INFO] [1785987893.442199]: RGB-D vision status: model_ready:onnxruntime targets:2 depth:2 tf:2 semantic_masks:3
[INFO] [1785987898.491450]: RGB-D vision status: model_ready:onnxruntime targets:1 depth:1 tf:1 semantic_masks:2
[INFO] [1785987903.504500]: RGB-D vision status: model_ready:onnxruntime targets:1 depth:1 tf:1 semantic_masks:2
[INFO] [1785987908.577589]: RGB-D vision status: model_ready:onnxruntime targets:2 depth:2 tf:2 semantic_masks:3
[INFO] [1785987913.851577]: RGB-D vision status: model_ready:onnxruntime targets:1 depth:1 tf:1 semantic_masks:2
[INFO] [1785987918.853945]: RGB-D vision status: model_ready:onnxruntime targets:1 depth:1 tf:1 semantic_masks:3
[INFO] [1785987923.934006]: RGB-D vision status: model_ready:onnxruntime targets:1 depth:1 tf:1 semantic_masks:2
[INFO] [1785987929.080113]: RGB-D vision status: model_ready:onnxruntime targets:2 depth:2 tf:2 semantic_masks:4
[INFO] [1785987934.127978]: RGB-D vision status: model_ready:onnxruntime targets:2 depth:2 tf:2 semantic_masks:3
[INFO] [1785987939.155357]: RGB-D vision status: model_ready:onnxruntime targets:2 depth:2 tf:2 semantic_masks:3
[INFO] [1785987944.212816]: RGB-D vision status: model_ready:onnxruntime targets:1 depth:1 tf:1 semantic_masks:2
[INFO] [1785987949.562942]: RGB-D vision status: model_ready:onnxruntime targets:1 depth:1 tf:1 semantic_masks:3
[INFO] [1785987955.417668]: RGB-D vision status: model_ready:onnxruntime targets:1 depth:1 tf:1 semantic_masks:3
[INFO] [1785987960.503880]: RGB-D vision status: model_ready:onnxruntime targets:1 depth:1 tf:1 semantic_masks:2
[INFO] [1785987966.108844]: RGB-D vision status: model_ready:onnxruntime targets:1 depth:1 tf:1 semantic_masks:3
[INFO] [1785987971.173987]: RGB-D vision status: model_ready:onnxruntime targets:1 depth:1 tf:1 semantic_masks:2
[INFO] [1785987976.900374]: RGB-D vision status: model_ready:onnxruntime targets:1 depth:1 tf:1 semantic_masks:3
[INFO] [1785987982.807359]: RGB-D vision status: model_ready:onnxruntime targets:1 depth:1 tf:1 semantic_masks:3
[INFO] [1785987988.131368]: RGB-D vision status: model_ready:onnxruntime targets:1 depth:1 tf:1 semantic_masks:2
[INFO] [1785987993.191102]: RGB-D vision status: model_ready:onnxruntime targets:1 depth:1 tf:1 semantic_masks:3
[INFO] [1785987998.646307]: RGB-D vision status: model_ready:onnxruntime targets:1 depth:1 tf:1 semantic_masks:2
[INFO] [1785988003.896908]: RGB-D vision status: model_ready:onnxruntime targets:1 depth:1 tf:1 semantic_masks:2
[INFO] [1785988009.007821]: RGB-D vision status: model_ready:onnxruntime targets:1 depth:1 tf:1 semantic_masks:3
[INFO] [1785988014.059420]: RGB-D vision status: model_ready:onnxruntime targets:1 depth:1 tf:1 semantic_masks:2
[INFO] [1785988019.145533]: RGB-D vision status: model_ready:onnxruntime targets:1 depth:1 tf:1 semantic_masks:3
[INFO] [1785988024.516365]: RGB-D vision status: model_ready:onnxruntime targets:2 depth:2 tf:2 semantic_masks:4
[INFO] [1785988029.706186]: RGB-D vision status: model_ready:onnxruntime targets:2 depth:2 tf:2 semantic_masks:4
[INFO] [1785988035.839088]: RGB-D vision status: model_ready:onnxruntime targets:1 depth:1 tf:1 semantic_masks:2
[INFO] [1785988043.012898]: RGB-D vision status: model_ready:onnxruntime targets:1 depth:1 tf:1 semantic_masks:2
[INFO] [1785988049.580091]: RGB-D vision status: model_ready:onnxruntime targets:1 depth:1 tf:1 semantic_masks:2
[INFO] [1785988055.041767]: RGB-D vision status: model_ready:onnxruntime targets:1 depth:1 tf:1 semantic_masks:2
[INFO] [1785988060.793353]: RGB-D vision status: model_ready:onnxruntime targets:1 depth:1 tf:1 semantic_masks:2
[INFO] [1785988066.395048]: RGB-D vision status: model_ready:onnxruntime targets:1 depth:1 tf:1 semantic_masks:2
[INFO] [1785988071.447613]: RGB-D vision status: model_ready:onnxruntime targets:1 depth:1 tf:1 semantic_masks:3
[INFO] [1785988077.454001]: RGB-D vision status: model_ready:onnxruntime targets:1 depth:1 tf:1 semantic_masks:2
[INFO] [1785988083.079655]: RGB-D vision status: model_ready:onnxruntime targets:2 depth:2 tf:2 semantic_masks:4
[INFO] [1785988090.089190]: RGB-D vision status: model_ready:onnxruntime targets:1 depth:1 tf:1 semantic_masks:2
[INFO] [1785988095.160969]: RGB-D vision status: model_ready:onnxruntime targets:1 depth:1 tf:1 semantic_masks:3
[INFO] [1785988100.501359]: RGB-D vision status: model_ready:onnxruntime targets:1 depth:1 tf:1 semantic_masks:2
[INFO] [1785988105.565918]: RGB-D vision status: model_ready:onnxruntime targets:2 depth:2 tf:2 semantic_masks:3
[INFO] [1785988110.618494]: RGB-D vision status: model_ready:onnxruntime targets:1 depth:1 tf:1 semantic_masks:2
[INFO] [1785988115.826437]: RGB-D vision status: model_ready:onnxruntime targets:1 depth:1 tf:1 semantic_masks:3
[INFO] [1785988120.827506]: RGB-D vision status: model_ready:onnxruntime targets:1 depth:1 tf:1 semantic_masks:3
[INFO] [1785988126.313598]: RGB-D vision status: model_ready:onnxruntime targets:1 depth:1 tf:1 semantic_masks:3
[INFO] [1785988131.318447]: RGB-D vision status: model_ready:onnxruntime targets:1 depth:1 tf:1 semantic_masks:2
[INFO] [1785988136.528189]: RGB-D vision status: model_ready:onnxruntime targets:1 depth:1 tf:1 semantic_masks:2
[INFO] [1785988142.719479]: RGB-D vision status: model_ready:onnxruntime targets:1 depth:1 tf:1 semantic_masks:3
[INFO] [1785988149.259734]: RGB-D vision status: model_ready:onnxruntime targets:1 depth:1 tf:1 semantic_masks:2
[INFO] [1785988158.610426]: RGB-D vision status: model_ready:onnxruntime targets:1 depth:1 tf:1 semantic_masks:2
[INFO] [1785988164.004527]: RGB-D vision status: model_ready:onnxruntime targets:1 depth:1 tf:1 semantic_masks:2
[INFO] [1785988170.999246]: RGB-D vision status: model_ready:onnxruntime targets:2 depth:2 tf:2 semantic_masks:4
[INFO] [1785988176.754271]: RGB-D vision status: model_ready:onnxruntime targets:1 depth:1 tf:1 semantic_masks:2
[INFO] [1785988182.760844]: RGB-D vision status: model_ready:onnxruntime targets:1 depth:1 tf:1 semantic_masks:2
[INFO] [1785988187.967478]: RGB-D vision status: model_ready:onnxruntime targets:1 depth:1 tf:1 semantic_masks:2
[INFO] [1785988193.325730]: RGB-D vision status: model_ready:onnxruntime targets:1 depth:1 tf:1 semantic_masks:2
[INFO] [1785988198.514695]: RGB-D vision status: model_ready:onnxruntime targets:1 depth:1 tf:1 semantic_masks:3
[INFO] [1785988206.727435]: RGB-D vision status: model_ready:onnxruntime targets:1 depth:1 tf:1 semantic_masks:2
[INFO] [1785988212.582021]: RGB-D vision status: model_ready:onnxruntime targets:1 depth:1 tf:1 semantic_masks:2
[INFO] [1785988220.482713]: RGB-D vision status: model_ready:onnxruntime targets:1 depth:1 tf:1 semantic_masks:2
[INFO] [1785988226.591888]: RGB-D vision status: model_ready:onnxruntime targets:1 depth:1 tf:1 semantic_masks:2
[INFO] [1785988231.871758]: RGB-D vision status: model_ready:onnxruntime targets:1 depth:1 tf:1 semantic_masks:3
[INFO] [1785988238.228348]: RGB-D vision status: model_ready:onnxruntime targets:2 depth:2 tf:2 semantic_masks:4
[INFO] [1785988243.619176]: RGB-D vision status: model_ready:onnxruntime targets:1 depth:1 tf:1 semantic_masks:2
[INFO] [1785988248.825566]: RGB-D vision status: model_ready:onnxruntime targets:1 depth:1 tf:1 semantic_masks:3
[INFO] [1785988257.269971]: RGB-D vision status: model_ready:onnxruntime targets:1 depth:1 tf:1 semantic_masks:2
[INFO] [1785988263.404386]: RGB-D vision status: model_ready:onnxruntime targets:1 depth:1 tf:1 semantic_masks:2
[INFO] [1785988269.689213]: RGB-D vision status: model_ready:onnxruntime targets:1 depth:1 tf:1 semantic_masks:2
[INFO] [1785988274.776498]: RGB-D vision status: model_ready:onnxruntime targets:1 depth:1 tf:1 semantic_masks:2
[WARN] [1785988215.029638]: Remote inference recovery probe failed; local inference continues and another probe will run in 5.0 s: [Errno -2] Name or service not known
[WARN] [1785988220.182969]: Remote inference recovery probe failed; local inference continues and another probe will run in 5.0 s: [Errno -2] Name or service not known
[WARN] [1785988225.232824]: Remote inference recovery probe failed; local inference continues and another probe will run in 5.0 s: [Errno -2] Name or service not known
[WARN] [1785988230.273721]: Remote inference recovery probe failed; local inference continues and another probe will run in 5.0 s: [Errno -2] Name or service not known
[WARN] [1785988235.421465]: Remote inference recovery probe failed; local inference continues and another probe will run in 5.0 s: [Errno -2] Name or service not known
[WARN] [1785988240.602477]: Remote inference recovery probe failed; local inference continues and another probe will run in 5.0 s: [Errno -2] Name or service not known
[WARN] [1785988245.759910]: Remote inference recovery probe failed; local inference continues and another probe will run in 5.0 s: [Errno -2] Name or service not known
[WARN] [1785988250.938334]: Remote inference recovery probe failed; local inference continues and another probe will run in 5.0 s: [Errno -2] Name or service not known
[WARN] [1785988256.095434]: Remote inference recovery probe failed; local inference continues and another probe will run in 5.0 s: [Errno -2] Name or service not known
[WARN] [1785988261.290867]: Remote inference recovery probe failed; local inference continues and another probe will run in 5.0 s: [Errno -2] Name or service not known
[WARN] [1785988266.375292]: Remote inference recovery probe failed; local inference continues and another probe will run in 5.0 s: [Errno -2] Name or service not known
[WARN] [1785988271.535706]: Remote inference recovery probe failed; local inference continues and another probe will run in 5.0 s: [Errno -2] Name or service not known
[WARN] [1785988276.636969]: Remote inference recovery probe failed; local inference continues and another probe will run in 5.0 s: [Errno -2] Name or service not known
[WARN] [1785988281.722498]: Remote inference recovery probe failed; local inference continues and another probe will run in 5.0 s: [Errno -2] Name or service not known
[WARN] [1785988286.928946]: Remote inference recovery probe failed; local inference continues and another probe will run in 5.0 s: [Errno -2] Name or service not known
[WARN] [1785988292.130669]: Remote inference recovery probe failed; local inference continues and another probe will run in 5.0 s: [Errno -2] Name or service not known
[WARN] [1785988297.318992]: Remote inference recovery probe failed; local inference continues and another probe will run in 5.0 s: [Errno -2] Name or service not known
[WARN] [1785988302.467779]: Remote inference recovery probe failed; local inference continues and another probe will run in 5.0 s: [Errno -2] Name or service not known
[WARN] [1785988307.594157]: Remote inference recovery probe failed; local inference continues and another probe will run in 5.0 s: [Errno -2] Name or service not known
[WARN] [1785988312.735068]: Remote inference recovery probe failed; local inference continues and another probe will run in 5.0 s: [Errno -2] Name or service not known
[WARN] [1785988317.869226]: Remote inference recovery probe failed; local inference continues and another probe will run in 5.0 s: [Errno -2] Name or service not known
[WARN] [1785988322.947676]: Remote inference recovery probe failed; local inference continues and another probe will run in 5.0 s: [Errno -2] Name or service not known
[WARN] [1785988328.150433]: Remote inference recovery probe failed; local inference continues and another probe will run in 5.0 s: [Errno -2] Name or service not known
[WARN] [1785988333.334852]: Remote inference recovery probe failed; local inference continues and another probe will run in 5.0 s: [Errno -2] Name or service not known
[WARN] [1785988338.410915]: Remote inference recovery probe failed; local inference continues and another probe will run in 5.0 s: [Errno -2] Name or service not known
[WARN] [1785988343.543715]: Remote inference recovery probe failed; local inference continues and another probe will run in 5.0 s: [Errno -2] Name or service not known
[WARN] [1785988348.632882]: Remote inference recovery probe failed; local inference continues and another probe will run in 5.0 s: [Errno -2] Name or service not known
[WARN] [1785988353.792686]: Remote inference recovery probe failed; local inference continues and another probe will run in 5.0 s: [Errno -2] Name or service not known
[WARN] [1785988358.983707]: Remote inference recovery probe failed; local inference continues and another probe will run in 5.0 s: [Errno -2] Name or service not known
[WARN] [1785988364.189265]: Remote inference recovery probe failed; local inference continues and another probe will run in 5.0 s: [Errno -2] Name or service not known
[WARN] [1785988369.297051]: Remote inference recovery probe failed; local inference continues and another probe will run in 5.0 s: [Errno -2] Name or service not known
[WARN] [1785988374.396373]: Remote inference recovery probe failed; local inference continues and another probe will run in 5.0 s: [Errno -2] Name or service not known
[WARN] [1785988379.602066]: Remote inference recovery probe failed; local inference continues and another probe will run in 5.0 s: [Errno -2] Name or service not known
[WARN] [1785988384.799382]: Remote inference recovery probe failed; local inference continues and another probe will run in 5.0 s: [Errno -2] Name or service not known
[WARN] [1785988389.801765]: Remote inference recovery probe failed; local inference continues and another probe will run in 5.0 s: [Errno -2] Name or service not known
[WARN] [1785988394.940095]: Remote inference recovery probe failed; local inference continues and another probe will run in 5.0 s: [Errno -2] Name or service not known
[WARN] [1785988400.025302]: Remote inference recovery probe failed; local inference continues and another probe will run in 5.0 s: [Errno -2] Name or service not known
[WARN] [1785988405.230031]: Remote inference recovery probe failed; local inference continues and another probe will run in 5.0 s: [Errno -2] Name or service not known
[WARN] [1785988410.369558]: Remote inference recovery probe failed; local inference continues and another probe will run in 5.0 s: [Errno -2] Name or service not known
[WARN] [1785988415.486539]: Remote inference recovery probe failed; local inference continues and another probe will run in 5.0 s: [Errno -2] Name or service not known
[WARN] [1785988420.544452]: Remote inference recovery probe failed; local inference continues and another probe will run in 5.0 s: [Errno -2] Name or service not known
[WARN] [1785988425.621917]: Remote inference recovery probe failed; local inference continues and another probe will run in 5.0 s: [Errno -2] Name or service not known
[WARN] [1785988430.717257]: Remote inference recovery probe failed; local inference continues and another probe will run in 5.0 s: [Errno -2] Name or service not known
[WARN] [1785988435.843530]: Remote inference recovery probe failed; local inference continues and another probe will run in 5.0 s: [Errno -2] Name or service not known
[WARN] [1785988440.984107]: Remote inference recovery probe failed; local inference continues and another probe will run in 5.0 s: [Errno -2] Name or service not known
[WARN] [1785988446.189983]: Remote inference recovery probe failed; local inference continues and another probe will run in 5.0 s: [Errno -2] Name or service not known
[WARN] [1785988451.312256]: Remote inference recovery probe failed; local inference continues and another probe will run in 5.0 s: [Errno -2] Name or service not known
[WARN] [1785988456.433270]: Remote inference recovery probe failed; local inference continues and another probe will run in 5.0 s: [Errno -2] Name or service not known
[WARN] [1785988461.599204]: Remote inference recovery probe failed; local inference continues and another probe will run in 5.0 s: [Errno -2] Name or service not known
[WARN] [1785988466.676711]: Remote inference recovery probe failed; local inference continues and another probe will run in 5.0 s: [Errno -2] Name or service not known
[WARN] [1785988471.873622]: Remote inference recovery probe failed; local inference continues and another probe will run in 5.0 s: [Errno -2] Name or service not known
[WARN] [1785988477.011441]: Remote inference recovery probe failed; local inference continues and another probe will run in 5.0 s: [Errno -2] Name or service not known
[WARN] [1785988482.090698]: Remote inference recovery probe failed; local inference continues and another probe will run in 5.0 s: [Errno -2] Name or service not known
[WARN] [1785988487.192402]: Remote inference recovery probe failed; local inference continues and another probe will run in 5.0 s: [Errno -2] Name or service not known
[WARN] [1785988492.293544]: Remote inference recovery probe failed; local inference continues and another probe will run in 5.0 s: [Errno -2] Name or service not known
[WARN] [1785988497.492453]: Remote inference recovery probe failed; local inference continues and another probe will run in 5.0 s: [Errno -2] Name or service not known
[WARN] [1785988502.562824]: Remote inference recovery probe failed; local inference continues and another probe will run in 5.0 s: [Errno -2] Name or service not known
[WARN] [1785988507.573788]: Remote inference recovery probe failed; local inference continues and another probe will run in 5.0 s: [Errno -2] Name or service not known
[WARN] [1785988512.713261]: Remote inference recovery probe failed; local inference continues and another probe will run in 5.0 s: [Errno -2] Name or service not known
[WARN] [1785988517.786193]: Remote inference recovery probe failed; local inference continues and another probe will run in 5.0 s: [Errno -2] Name or service not known
[WARN] [1785988523.000816]: Remote inference recovery probe failed; local inference continues and another probe will run in 5.0 s: [Errno -2] Name or service not known
[WARN] [1785988528.116764]: Remote inference recovery probe failed; local inference continues and another probe will run in 5.0 s: [Errno -2] Name or service not known
[WARN] [1785988533.286257]: Remote inference recovery probe failed; local inference continues and another probe will run in 5.0 s: [Errno -2] Name or service not known
[WARN] [1785988538.461771]: Remote inference recovery probe failed; local inference continues and another probe will run in 5.0 s: [Errno -2] Name or service not known
[WARN] [1785988543.539560]: Remote inference recovery probe failed; local inference continues and another probe will run in 5.0 s: [Errno -2] Name or service not known
[WARN] [1785988548.741777]: Remote inference recovery probe failed; local inference continues and another probe will run in 5.0 s: [Errno -2] Name or service not known
[WARN] [1785988553.872683]: Remote inference recovery probe failed; local inference continues and another probe will run in 5.0 s: [Errno -2] Name or service not known
[WARN] [1785988559.039760]: Remote inference recovery probe failed; local inference continues and another probe will run in 5.0 s: [Errno -2] Name or service not known
[WARN] [1785988564.221657]: Remote inference recovery probe failed; local inference continues and another probe will run in 5.0 s: [Errno -2] Name or service not known
[WARN] [1785988569.349262]: Remote inference recovery probe failed; local inference continues and another probe will run in 5.0 s: [Errno -2] Name or service not known
[WARN] [1785988574.504907]: Remote inference recovery probe failed; local inference continues and another probe will run in 5.0 s: [Errno -2] Name or service not known
[WARN] [1785988579.701626]: Remote inference recovery probe failed; local inference continues and another probe will run in 5.0 s: [Errno -2] Name or service not known
[WARN] [1785988584.838513]: Remote inference recovery probe failed; local inference continues and another probe will run in 5.0 s: [Errno -2] Name or service not known
[WARN] [1785988589.907108]: Remote inference recovery probe failed; local inference continues and another probe will run in 5.0 s: [Errno -2] Name or service not known
[WARN] [1785988594.982563]: Remote inference recovery probe failed; local inference continues and another probe will run in 5.0 s: [Errno -2] Name or service not known
[WARN] [1785988600.029650]: Remote inference recovery probe failed; local inference continues and another probe will run in 5.0 s: [Errno -2] Name or service not known
[WARN] [1785988605.191953]: Remote inference recovery probe failed; local inference continues and another probe will run in 5.0 s: [Errno -2] Name or service not known
[WARN] [1785988610.398166]: Remote inference recovery probe failed; local inference continues and another probe will run in 5.0 s: [Errno -2] Name or service not known
[WARN] [1785988615.575063]: Remote inference recovery probe failed; local inference continues and another probe will run in 5.0 s: [Errno -2] Name or service not known
[WARN] [1785988620.681980]: Remote inference recovery probe failed; local inference continues and another probe will run in 5.0 s: [Errno -2] Name or service not known
[WARN] [1785988625.879533]: Remote inference recovery probe failed; local inference continues and another probe will run in 5.0 s: [Errno -2] Name or service not known
[WARN] [1785988631.007529]: Remote inference recovery probe failed; local inference continues and another probe will run in 5.0 s: [Errno -2] Name or service not known
[WARN] [1785988636.088924]: Remote inference recovery probe failed; local inference continues and another probe will run in 5.0 s: [Errno -2] Name or service not known
[WARN] [1785988641.293364]: Remote inference recovery probe failed; local inference continues and another probe will run in 5.0 s: [Errno -2] Name or service not known
[WARN] [1785988646.429410]: Remote inference recovery probe failed; local inference continues and another probe will run in 5.0 s: [Errno -2] Name or service not known
[WARN] [1785988651.631742]: Remote inference recovery probe failed; local inference continues and another probe will run in 5.0 s: [Errno -2] Name or service not known
[WARN] [1785988656.749069]: Remote inference recovery probe failed; local inference continues and another probe will run in 5.0 s: [Errno -2] Name or service not known
[WARN] [1785988661.844252]: Remote inference recovery probe failed; local inference continues and another probe will run in 5.0 s: [Errno -2] Name or service not known
[WARN] [1785988667.012918]: Remote inference recovery probe failed; local inference continues and another probe will run in 5.0 s: [Errno -2] Name or service not known
[WARN] [1785988672.186837]: Remote inference recovery probe failed; local inference continues and another probe will run in 5.0 s: [Errno -2] Name or service not known
[WARN] [1785988677.335376]: Remote inference recovery probe failed; local inference continues and another probe will run in 5.0 s: [Errno -2] Name or service not known
[WARN] [1785988682.525440]: Remote inference recovery probe failed; local inference continues and another probe will run in 5.0 s: [Errno -2] Name or service not known
[WARN] [1785988687.672884]: Remote inference recovery probe failed; local inference continues and another probe will run in 5.0 s: [Errno -2] Name or service not known
[WARN] [1785988692.869923]: Remote inference recovery probe failed; local inference continues and another probe will run in 5.0 s: [Errno -2] Name or service not known
[WARN] [1785988698.070171]: Remote inference recovery probe failed; local inference continues and another probe will run in 5.0 s: [Errno -2] Name or service not known
[WARN] [1785988703.141219]: Remote inference recovery probe failed; local inference continues and another probe will run in 5.0 s: [Errno -2] Name or service not known
[INFO] [1785988279.956556]: RGB-D vision status: model_ready:onnxruntime targets:1 depth:1 tf:1 semantic_masks:2
[INFO] [1785988285.650961]: RGB-D vision status: model_ready:onnxruntime targets:1 depth:1 tf:1 semantic_masks:2
[INFO] [1785988290.652554]: RGB-D vision status: model_ready:onnxruntime targets:1 depth:1 tf:1 semantic_masks:2
[INFO] [1785988295.734081]: RGB-D vision status: model_ready:onnxruntime targets:1 depth:1 tf:1 semantic_masks:2
[INFO] [1785988300.919382]: RGB-D vision status: model_ready:onnxruntime targets:1 depth:1 tf:1 semantic_masks:2
[INFO] [1785988306.406129]: RGB-D vision status: model_ready:onnxruntime targets:1 depth:1 tf:1 semantic_masks:3
[INFO] [1785988313.541711]: RGB-D vision status: model_ready:onnxruntime targets:1 depth:1 tf:1 semantic_masks:2
[INFO] [1785988319.590906]: RGB-D vision status: model_ready:onnxruntime targets:1 depth:1 tf:1 semantic_masks:2
[INFO] [1785988324.679010]: RGB-D vision status: model_ready:onnxruntime targets:1 depth:1 tf:1 semantic_masks:3
[INFO] [1785988329.732044]: RGB-D vision status: model_ready:onnxruntime targets:1 depth:1 tf:1 semantic_masks:3
[INFO] [1785988334.956341]: RGB-D vision status: model_ready:onnxruntime targets:1 depth:1 tf:1 semantic_masks:2
[INFO] [1785988340.021281]: RGB-D vision status: model_ready:onnxruntime targets:1 depth:1 tf:1 semantic_masks:3
[INFO] [1785988345.029584]: RGB-D vision status: model_ready:onnxruntime targets:1 depth:1 tf:1 semantic_masks:2
[INFO] [1785988351.905023]: RGB-D vision status: model_ready:onnxruntime targets:1 depth:1 tf:1 semantic_masks:2
[INFO] [1785988357.371728]: RGB-D vision status: model_ready:onnxruntime targets:1 depth:1 tf:1 semantic_masks:3
[INFO] [1785988362.477757]: RGB-D vision status: model_ready:onnxruntime targets:1 depth:1 tf:1 semantic_masks:2
[INFO] [1785988368.925779]: RGB-D vision status: model_ready:onnxruntime targets:1 depth:1 tf:1 semantic_masks:2
[INFO] [1785988374.128968]: RGB-D vision status: model_ready:onnxruntime targets:1 depth:1 tf:1 semantic_masks:2
[INFO] [1785988381.580689]: RGB-D vision status: model_ready:onnxruntime targets:1 depth:1 tf:1 semantic_masks:2
[INFO] [1785988388.155666]: RGB-D vision status: model_ready:onnxruntime targets:1 depth:1 tf:1 semantic_masks:2
[INFO] [1785988401.064418]: RGB-D vision status: model_ready:onnxruntime targets:1 depth:1 tf:1 semantic_masks:2
[INFO] [1785988406.572749]: RGB-D vision status: model_ready:onnxruntime targets:1 depth:1 tf:1 semantic_masks:2
[INFO] [1785988411.635335]: RGB-D vision status: model_ready:onnxruntime targets:1 depth:1 tf:1 semantic_masks:3
[INFO] [1785988416.748516]: RGB-D vision status: model_ready:onnxruntime targets:1 depth:1 tf:1 semantic_masks:2
[INFO] [1785988422.146359]: RGB-D vision status: model_ready:onnxruntime targets:1 depth:1 tf:1 semantic_masks:2
[INFO] [1785988428.703310]: RGB-D vision status: model_ready:onnxruntime targets:1 depth:1 tf:1 semantic_masks:2
[INFO] [1785988435.035217]: RGB-D vision status: model_ready:onnxruntime targets:1 depth:1 tf:1 semantic_masks:2
[INFO] [1785988441.118317]: RGB-D vision status: model_ready:onnxruntime targets:1 depth:1 tf:1 semantic_masks:2
[INFO] [1785988446.194120]: RGB-D vision status: model_ready:onnxruntime targets:1 depth:1 tf:1 semantic_masks:3
[INFO] [1785988451.981563]: RGB-D vision status: model_ready:onnxruntime targets:1 depth:1 tf:1 semantic_masks:2
[INFO] [1785988457.620624]: RGB-D vision status: model_ready:onnxruntime targets:1 depth:1 tf:1 semantic_masks:2
[INFO] [1785988464.177088]: RGB-D vision status: model_ready:onnxruntime targets:1 depth:1 tf:1 semantic_masks:2
[INFO] [1785988481.804798]: RGB-D vision status: model_ready:onnxruntime targets:1 depth:1 tf:1 semantic_masks:2
[INFO] [1785988494.692828]: RGB-D vision status: model_ready:onnxruntime targets:1 depth:1 tf:1 semantic_masks:2
[INFO] [1785988502.027109]: RGB-D vision status: model_ready:onnxruntime targets:1 depth:1 tf:1 semantic_masks:2
[INFO] [1785988507.225392]: RGB-D vision status: model_ready:onnxruntime targets:1 depth:1 tf:1 semantic_masks:2
[INFO] [1785988513.261094]: RGB-D vision status: model_ready:onnxruntime targets:1 depth:1 tf:1 semantic_masks:2
[INFO] [1785988519.226318]: RGB-D vision status: model_ready:onnxruntime targets:1 depth:1 tf:1 semantic_masks:2
[INFO] [1785988524.704207]: RGB-D vision status: model_ready:onnxruntime targets:1 depth:1 tf:1 semantic_masks:2
[INFO] [1785988531.539068]: RGB-D vision status: model_ready:onnxruntime targets:2 depth:2 tf:2 semantic_masks:4
[INFO] [1785988537.391458]: RGB-D vision status: model_ready:onnxruntime targets:1 depth:1 tf:1 semantic_masks:2
[INFO] [1785988543.819399]: RGB-D vision status: model_ready:onnxruntime targets:1 depth:1 tf:1 semantic_masks:2
[INFO] [1785988550.559666]: RGB-D vision status: model_ready:onnxruntime targets:1 depth:1 tf:1 semantic_masks:2
[INFO] [1785988556.690127]: RGB-D vision status: model_ready:onnxruntime targets:2 depth:2 tf:2 semantic_masks:4
[INFO] [1785988567.437176]: RGB-D vision status: model_ready:onnxruntime targets:1 depth:1 tf:1 semantic_masks:2
[INFO] [1785988574.243345]: RGB-D vision status: model_ready:onnxruntime targets:2 depth:2 tf:2 semantic_masks:4
[INFO] [1785988579.838453]: RGB-D vision status: model_ready:onnxruntime targets:2 depth:2 tf:2 semantic_masks:4
[INFO] [1785988591.253672]: RGB-D vision status: model_ready:onnxruntime targets:2 depth:2 tf:2 semantic_masks:4
[INFO] [1785988597.654814]: RGB-D vision status: model_ready:onnxruntime targets:1 depth:1 tf:1 semantic_masks:2
[INFO] [1785988607.040323]: RGB-D vision status: model_ready:onnxruntime targets:2 depth:2 tf:2 semantic_masks:4
[INFO] [1785988616.816560]: RGB-D vision status: model_ready:onnxruntime targets:2 depth:2 tf:2 semantic_masks:4
[INFO] [1785988621.879599]: RGB-D vision status: model_ready:onnxruntime targets:1 depth:1 tf:1 semantic_masks:3
[INFO] [1785988627.629704]: RGB-D vision status: model_ready:onnxruntime targets:2 depth:2 tf:2 semantic_masks:4
[INFO] [1785988635.122910]: RGB-D vision status: model_ready:onnxruntime targets:2 depth:2 tf:2 semantic_masks:4
[INFO] [1785988644.210160]: RGB-D vision status: model_ready:onnxruntime targets:2 depth:2 tf:2 semantic_masks:4
[INFO] [1785988649.229604]: RGB-D vision status: model_ready:onnxruntime targets:1 depth:1 tf:1 semantic_masks:2
[INFO] [1785988654.641746]: RGB-D vision status: model_ready:onnxruntime targets:2 depth:2 tf:2 semantic_masks:4
[INFO] [1785988659.845205]: RGB-D vision status: model_ready:onnxruntime targets:1 depth:1 tf:1 semantic_masks:2
[INFO] [1785988664.943687]: RGB-D vision status: model_ready:onnxruntime targets:1 depth:1 tf:1 semantic_masks:3
[INFO] [1785988670.205498]: RGB-D vision status: model_ready:onnxruntime targets:2 depth:2 tf:2 semantic_masks:3
[INFO] [1785988677.918993]: RGB-D vision status: model_ready:onnxruntime targets:1 depth:1 tf:1 semantic_masks:2
[INFO] [1785988683.522767]: RGB-D vision status: model_ready:onnxruntime targets:1 depth:1 tf:1 semantic_masks:2
[INFO] [1785988689.527382]: RGB-D vision status: model_ready:onnxruntime targets:2 depth:2 tf:2 semantic_masks:4
[INFO] [1785988695.128996]: RGB-D vision status: model_ready:onnxruntime targets:2 depth:2 tf:2 semantic_masks:4
[INFO] [1785988700.224859]: RGB-D vision status: model_ready:onnxruntime targets:1 depth:1 tf:1 semantic_masks:3
[INFO] [1785988705.287246]: RGB-D vision status: model_ready:onnxruntime targets:1 depth:1 tf:1 semantic_masks:3
[INFO] [1785988710.625124]: RGB-D vision status: model_ready:onnxruntime targets:2 depth:2 tf:2 semantic_masks:4
[INFO] [1785988716.086686]: RGB-D vision status: model_ready:onnxruntime targets:1 depth:1 tf:1 semantic_masks:2
[INFO] [1785988721.300208]: RGB-D vision status: model_ready:onnxruntime targets:2 depth:2 tf:2 semantic_masks:4
[INFO] [1785988727.196045]: RGB-D vision status: model_ready:onnxruntime targets:2 depth:2 tf:2 semantic_masks:4
[INFO] [1785988732.306705]: RGB-D vision status: model_ready:onnxruntime targets:1 depth:1 tf:1 semantic_masks:3
[INFO] [1785988739.235671]: RGB-D vision status: model_ready:onnxruntime targets:1 depth:1 tf:1 semantic_masks:2
[WARN] [1785988708.243912]: Remote inference recovery probe failed; local inference continues and another probe will run in 5.0 s: [Errno -2] Name or service not known
[WARN] [1785988713.470758]: Remote inference recovery probe failed; local inference continues and another probe will run in 5.0 s: [Errno -2] Name or service not known
[WARN] [1785988718.624732]: Remote inference recovery probe failed; local inference continues and another probe will run in 5.0 s: [Errno -2] Name or service not known
[WARN] [1785988723.806001]: Remote inference recovery probe failed; local inference continues and another probe will run in 5.0 s: [Errno -2] Name or service not known
[WARN] [1785988728.978827]: Remote inference recovery probe failed; local inference continues and another probe will run in 5.0 s: [Errno -2] Name or service not known
[WARN] [1785988734.187278]: Remote inference recovery probe failed; local inference continues and another probe will run in 5.0 s: [Errno -2] Name or service not known
[WARN] [1785988739.367757]: Remote inference recovery probe failed; local inference continues and another probe will run in 5.0 s: [Errno -2] Name or service not known
[WARN] [1785988744.444470]: Remote inference recovery probe failed; local inference continues and another probe will run in 5.0 s: [Errno -2] Name or service not known
[WARN] [1785988749.523335]: Remote inference recovery probe failed; local inference continues and another probe will run in 5.0 s: [Errno -2] Name or service not known
[WARN] [1785988754.722141]: Remote inference recovery probe failed; local inference continues and another probe will run in 5.0 s: [Errno -2] Name or service not known
[WARN] [1785988759.944002]: Remote inference recovery probe failed; local inference continues and another probe will run in 5.0 s: [Errno -2] Name or service not known
[WARN] [1785988765.061365]: Remote inference recovery probe failed; local inference continues and another probe will run in 5.0 s: [Errno -2] Name or service not known
[WARN] [1785988770.269126]: Remote inference recovery probe failed; local inference continues and another probe will run in 5.0 s: [Errno -2] Name or service not known
[WARN] [1785988775.460491]: Remote inference recovery probe failed; local inference continues and another probe will run in 5.0 s: [Errno -2] Name or service not known
[WARN] [1785988780.550927]: Remote inference recovery probe failed; local inference continues and another probe will run in 5.0 s: [Errno -2] Name or service not known
[WARN] [1785988785.634143]: Remote inference recovery probe failed; local inference continues and another probe will run in 5.0 s: [Errno -2] Name or service not known
[WARN] [1785988790.756917]: Remote inference recovery probe failed; local inference continues and another probe will run in 5.0 s: [Errno -2] Name or service not known
[WARN] [1785988795.944411]: Remote inference recovery probe failed; local inference continues and another probe will run in 5.0 s: [Errno -2] Name or service not known
[WARN] [1785988801.031399]: Remote inference recovery probe failed; local inference continues and another probe will run in 5.0 s: [Errno -2] Name or service not known
[WARN] [1785988806.209752]: Remote inference recovery probe failed; local inference continues and another probe will run in 5.0 s: [Errno -2] Name or service not known
[WARN] [1785988811.342376]: Remote inference recovery probe failed; local inference continues and another probe will run in 5.0 s: [Errno -2] Name or service not known
[WARN] [1785988816.501481]: Remote inference recovery probe failed; local inference continues and another probe will run in 5.0 s: [Errno -2] Name or service not known
[WARN] [1785988821.659735]: Remote inference recovery probe failed; local inference continues and another probe will run in 5.0 s: [Errno -2] Name or service not known
[WARN] [1785988826.852946]: Remote inference recovery probe failed; local inference continues and another probe will run in 5.0 s: [Errno -2] Name or service not known
[WARN] [1785988832.072883]: Remote inference recovery probe failed; local inference continues and another probe will run in 5.0 s: [Errno -2] Name or service not known
[WARN] [1785988837.267406]: Remote inference recovery probe failed; local inference continues and another probe will run in 5.0 s: [Errno -2] Name or service not known
[WARN] [1785988842.453044]: Remote inference recovery probe failed; local inference continues and another probe will run in 5.0 s: [Errno -2] Name or service not known
[WARN] [1785988847.607889]: Remote inference recovery probe failed; local inference continues and another probe will run in 5.0 s: [Errno -2] Name or service not known
[WARN] [1785988852.802486]: Remote inference recovery probe failed; local inference continues and another probe will run in 5.0 s: [Errno -2] Name or service not known
[WARN] [1785988857.959443]: Remote inference recovery probe failed; local inference continues and another probe will run in 5.0 s: [Errno -2] Name or service not known
[WARN] [1785988863.127019]: Remote inference recovery probe failed; local inference continues and another probe will run in 5.0 s: [Errno -2] Name or service not known
[WARN] [1785988868.223570]: Remote inference recovery probe failed; local inference continues and another probe will run in 5.0 s: [Errno -2] Name or service not known
[WARN] [1785988873.424323]: Remote inference recovery probe failed; local inference continues and another probe will run in 5.0 s: [Errno -2] Name or service not known
[WARN] [1785988878.622990]: Remote inference recovery probe failed; local inference continues and another probe will run in 5.0 s: [Errno -2] Name or service not known
[WARN] [1785988883.704264]: Remote inference recovery probe failed; local inference continues and another probe will run in 5.0 s: [Errno -2] Name or service not known
[WARN] [1785988888.778376]: Remote inference recovery probe failed; local inference continues and another probe will run in 5.0 s: [Errno -2] Name or service not known
[WARN] [1785988893.916470]: Remote inference recovery probe failed; local inference continues and another probe will run in 5.0 s: [Errno -2] Name or service not known
[WARN] [1785988899.105447]: Remote inference recovery probe failed; local inference continues and another probe will run in 5.0 s: [Errno -2] Name or service not known
[WARN] [1785988904.216369]: Remote inference recovery probe failed; local inference continues and another probe will run in 5.0 s: [Errno -2] Name or service not known
[WARN] [1785988909.385787]: Remote inference recovery probe failed; local inference continues and another probe will run in 5.0 s: [Errno -2] Name or service not known
[WARN] [1785988914.526525]: Remote inference recovery probe failed; local inference continues and another probe will run in 5.0 s: [Errno -2] Name or service not known
[WARN] [1785988919.728672]: Remote inference recovery probe failed; local inference continues and another probe will run in 5.0 s: [Errno -2] Name or service not known
[WARN] [1785988924.913078]: Remote inference recovery probe failed; local inference continues and another probe will run in 5.0 s: [Errno -2] Name or service not known
[WARN] [1785988930.076271]: Remote inference recovery probe failed; local inference continues and another probe will run in 5.0 s: [Errno -2] Name or service not known
[WARN] [1785988935.278147]: Remote inference recovery probe failed; local inference continues and another probe will run in 5.0 s: [Errno -2] Name or service not known
[WARN] [1785988940.480753]: Remote inference recovery probe failed; local inference continues and another probe will run in 5.0 s: [Errno -2] Name or service not known
[WARN] [1785988945.582746]: Remote inference recovery probe failed; local inference continues and another probe will run in 5.0 s: [Errno -2] Name or service not known
[WARN] [1785988950.830927]: Remote inference recovery probe failed; local inference continues and another probe will run in 5.0 s: [Errno -2] Name or service not known
[INFO] [1785988752.318959]: RGB-D vision status: model_ready:onnxruntime targets:1 depth:1 tf:1 semantic_masks:2
[INFO] [1785988757.392894]: RGB-D vision status: model_ready:onnxruntime targets:1 depth:1 tf:1 semantic_masks:3
[INFO] [1785988766.916590]: RGB-D vision status: model_ready:onnxruntime targets:1 depth:1 tf:1 semantic_masks:2
[INFO] [1785988772.915234]: RGB-D vision status: model_ready:onnxruntime targets:1 depth:1 tf:1 semantic_masks:2
[INFO] [1785988779.086074]: RGB-D vision status: model_ready:onnxruntime targets:1 depth:1 tf:1 semantic_masks:2
[INFO] [1785988784.289223]: RGB-D vision status: model_ready:onnxruntime targets:2 depth:2 tf:2 semantic_masks:4
[INFO] [1785988791.430519]: RGB-D vision status: model_ready:onnxruntime targets:2 depth:2 tf:2 semantic_masks:4
[INFO] [1785988797.335795]: RGB-D vision status: model_ready:onnxruntime targets:1 depth:1 tf:1 semantic_masks:2
[INFO] [1785988802.389264]: RGB-D vision status: model_ready:onnxruntime targets:1 depth:1 tf:1 semantic_masks:3
[INFO] [1785988807.582018]: RGB-D vision status: model_ready:onnxruntime targets:1 depth:1 tf:1 semantic_masks:2
[INFO] [1785988813.159434]: RGB-D vision status: model_ready:onnxruntime targets:2 depth:2 tf:2 semantic_masks:4
[INFO] [1785988822.065181]: RGB-D vision status: model_ready:onnxruntime targets:2 depth:2 tf:2 semantic_masks:4
[INFO] [1785988828.440779]: RGB-D vision status: model_ready:onnxruntime targets:2 depth:2 tf:2 semantic_masks:4
[INFO] [1785988833.933721]: RGB-D vision status: model_ready:onnxruntime targets:2 depth:2 tf:2 semantic_masks:4
[INFO] [1785988838.999708]: RGB-D vision status: model_ready:onnxruntime targets:2 depth:2 tf:2 semantic_masks:4
[INFO] [1785988844.474089]: RGB-D vision status: model_ready:onnxruntime targets:2 depth:2 tf:2 semantic_masks:4
[INFO] [1785988849.862765]: RGB-D vision status: model_ready:onnxruntime targets:1 depth:1 tf:1 semantic_masks:2
[INFO] [1785988854.937428]: RGB-D vision status: model_ready:onnxruntime targets:2 depth:2 tf:2 semantic_masks:4
[INFO] [1785988859.973292]: RGB-D vision status: model_ready:onnxruntime targets:2 depth:2 tf:2 semantic_masks:4
[INFO] [1785988865.822891]: RGB-D vision status: model_ready:onnxruntime targets:2 depth:2 tf:2 semantic_masks:4
[INFO] [1785988871.552737]: RGB-D vision status: model_ready:onnxruntime targets:2 depth:2 tf:2 semantic_masks:3
[INFO] [1785988877.679690]: RGB-D vision status: model_ready:onnxruntime targets:2 depth:2 tf:2 semantic_masks:4
[INFO] [1785988882.773501]: RGB-D vision status: model_ready:onnxruntime targets:1 depth:1 tf:1 semantic_masks:3
[INFO] [1785988897.386110]: RGB-D vision status: model_ready:onnxruntime targets:1 depth:1 tf:1 semantic_masks:2
[INFO] [1785988902.589181]: RGB-D vision status: model_ready:onnxruntime targets:2 depth:2 tf:2 semantic_masks:4
[INFO] [1785988908.072220]: RGB-D vision status: model_ready:onnxruntime targets:2 depth:2 tf:2 semantic_masks:4
[INFO] [1785988913.256617]: RGB-D vision status: model_ready:onnxruntime targets:1 depth:1 tf:1 semantic_masks:2
[INFO] [1785988918.258340]: RGB-D vision status: model_ready:onnxruntime targets:2 depth:2 tf:2 semantic_masks:4
[INFO] [1785988923.870936]: RGB-D vision status: model_ready:onnxruntime targets:1 depth:1 tf:1 semantic_masks:2
[INFO] [1785988929.274808]: RGB-D vision status: model_ready:onnxruntime targets:1 depth:1 tf:1 semantic_masks:2
[INFO] [1785988934.319690]: RGB-D vision status: model_ready:onnxruntime targets:1 depth:1 tf:1 semantic_masks:2
[INFO] [1785988941.437497]: RGB-D vision status: model_ready:onnxruntime targets:2 depth:2 tf:2 semantic_masks:4
[INFO] [1785988946.903195]: RGB-D vision status: model_ready:onnxruntime targets:2 depth:2 tf:2 semantic_masks:4
[INFO] [1785988954.166183]: RGB-D vision status: model_ready:onnxruntime targets:2 depth:2 tf:2 semantic_masks:4
[INFO] [1785988959.239881]: RGB-D vision status: model_ready:onnxruntime targets:1 depth:1 tf:1 semantic_masks:2
[INFO] [1785988964.451718]: RGB-D vision status: model_ready:onnxruntime targets:1 depth:1 tf:1 semantic_masks:3
[INFO] [1785988970.356349]: RGB-D vision status: model_ready:onnxruntime targets:2 depth:2 tf:2 semantic_masks:4
[INFO] [1785988976.005909]: RGB-D vision status: model_ready:onnxruntime targets:1 depth:1 tf:1 semantic_masks:2
[INFO] [1785988981.905375]: RGB-D vision status: model_ready:onnxruntime targets:2 depth:2 tf:2 semantic_masks:4
[INFO] [1785988987.107031]: RGB-D vision status: model_ready:onnxruntime targets:2 depth:2 tf:2 semantic_masks:4
[INFO] [1785988992.210091]: RGB-D vision status: model_ready:onnxruntime targets:1 depth:1 tf:1 semantic_masks:3
[INFO] [1785988997.414386]: RGB-D vision status: model_ready:onnxruntime targets:2 depth:2 tf:2 semantic_masks:4
[INFO] [1785989003.111350]: RGB-D vision status: model_ready:onnxruntime targets:1 depth:1 tf:1 semantic_masks:2
[INFO] [1785989008.262540]: RGB-D vision status: model_ready:onnxruntime targets:1 depth:1 tf:1 semantic_masks:3
[INFO] [1785989013.286438]: RGB-D vision status: model_ready:onnxruntime targets:1 depth:1 tf:1 semantic_masks:2
[INFO] [1785989018.413698]: RGB-D vision status: model_ready:onnxruntime targets:1 depth:1 tf:1 semantic_masks:3
[INFO] [1785989023.487562]: RGB-D vision status: model_ready:onnxruntime targets:2 depth:2 tf:2 semantic_masks:4
[INFO] [1785989028.699638]: RGB-D vision status: model_ready:onnxruntime targets:1 depth:1 tf:1 semantic_masks:3
[INFO] [1785989033.766791]: RGB-D vision status: model_ready:onnxruntime targets:2 depth:2 tf:2 semantic_masks:4
[INFO] [1785989038.831195]: RGB-D vision status: model_ready:onnxruntime targets:2 depth:2 tf:2 semantic_masks:4
[INFO] [1785989044.302071]: RGB-D vision status: model_ready:onnxruntime targets:2 depth:2 tf:2 semantic_masks:4
[INFO] [1785989049.909510]: RGB-D vision status: model_ready:onnxruntime targets:1 depth:1 tf:1 semantic_masks:2
[INFO] [1785989055.051650]: RGB-D vision status: model_ready:onnxruntime targets:2 depth:2 tf:2 semantic_masks:4
[INFO] [1785989060.138401]: RGB-D vision status: model_ready:onnxruntime targets:1 depth:1 tf:1 semantic_masks:2
[INFO] [1785989065.596588]: RGB-D vision status: model_ready:onnxruntime targets:2 depth:2 tf:2 semantic_masks:4
[INFO] [1785989070.960746]: RGB-D vision status: model_ready:onnxruntime targets:2 depth:2 tf:2 semantic_masks:4
[INFO] [1785989076.022183]: RGB-D vision status: model_ready:onnxruntime targets:1 depth:1 tf:1 semantic_masks:3
[INFO] [1785989081.618380]: RGB-D vision status: model_ready:onnxruntime targets:2 depth:2 tf:2 semantic_masks:4
[INFO] [1785989086.676876]: RGB-D vision status: model_ready:onnxruntime targets:2 depth:2 tf:2 semantic_masks:4
[INFO] [1785989091.850641]: RGB-D vision status: model_ready:onnxruntime targets:1 depth:1 tf:1 semantic_masks:3
[INFO] [1785989096.881990]: RGB-D vision status: model_ready:onnxruntime targets:1 depth:1 tf:1 semantic_masks:2
[INFO] [1785989102.835022]: RGB-D vision status: model_ready:onnxruntime targets:2 depth:2 tf:2 semantic_masks:4
[INFO] [1785989107.912110]: RGB-D vision status: model_ready:onnxruntime targets:2 depth:2 tf:2 semantic_masks:4
[INFO] [1785989115.495875]: RGB-D vision status: model_ready:onnxruntime targets:2 depth:2 tf:2 semantic_masks:4
[INFO] [1785989120.635284]: RGB-D vision status: model_ready:onnxruntime targets:2 depth:2 tf:2 semantic_masks:4
[INFO] [1785989127.186757]: RGB-D vision status: model_ready:onnxruntime targets:2 depth:2 tf:2 semantic_masks:3
[INFO] [1785989132.254284]: RGB-D vision status: model_ready:onnxruntime targets:1 depth:1 tf:1 semantic_masks:3
[INFO] [1785989137.306769]: RGB-D vision status: model_ready:onnxruntime targets:1 depth:1 tf:1 semantic_masks:3
[INFO] [1785989142.931625]: RGB-D vision status: model_ready:onnxruntime targets:2 depth:2 tf:2 semantic_masks:4
[INFO] [1785989148.800209]: RGB-D vision status: model_ready:onnxruntime targets:2 depth:2 tf:2 semantic_masks:4
[INFO] [1785989153.858445]: RGB-D vision status: model_ready:onnxruntime targets:2 depth:2 tf:2 semantic_masks:4
[INFO] [1785989158.979229]: RGB-D vision status: model_ready:onnxruntime targets:1 depth:1 tf:1 semantic_masks:3
[WARN] [1785988956.072448]: Remote inference recovery probe failed; local inference continues and another probe will run in 5.0 s: [Errno -2] Name or service not known
[WARN] [1785988961.250446]: Remote inference recovery probe failed; local inference continues and another probe will run in 5.0 s: [Errno -2] Name or service not known
[WARN] [1785988966.420130]: Remote inference recovery probe failed; local inference continues and another probe will run in 5.0 s: [Errno -2] Name or service not known
[WARN] [1785988971.562881]: Remote inference recovery probe failed; local inference continues and another probe will run in 5.0 s: [Errno -2] Name or service not known
[WARN] [1785988976.734446]: Remote inference recovery probe failed; local inference continues and another probe will run in 5.0 s: [Errno -2] Name or service not known
[WARN] [1785988981.899491]: Remote inference recovery probe failed; local inference continues and another probe will run in 5.0 s: [Errno -2] Name or service not known
[WARN] [1785988986.975128]: Remote inference recovery probe failed; local inference continues and another probe will run in 5.0 s: [Errno -2] Name or service not known
[WARN] [1785988992.066195]: Remote inference recovery probe failed; local inference continues and another probe will run in 5.0 s: [Errno -2] Name or service not known
[WARN] [1785988997.144857]: Remote inference recovery probe failed; local inference continues and another probe will run in 5.0 s: [Errno -2] Name or service not known
[WARN] [1785989002.342865]: Remote inference recovery probe failed; local inference continues and another probe will run in 5.0 s: [Errno -2] Name or service not known
[WARN] [1785989007.550786]: Remote inference recovery probe failed; local inference continues and another probe will run in 5.0 s: [Errno -2] Name or service not known
[WARN] [1785989012.723041]: Remote inference recovery probe failed; local inference continues and another probe will run in 5.0 s: [Errno -2] Name or service not known
[WARN] [1785989017.865456]: Remote inference recovery probe failed; local inference continues and another probe will run in 5.0 s: [Errno -2] Name or service not known
[WARN] [1785989023.000959]: Remote inference recovery probe failed; local inference continues and another probe will run in 5.0 s: [Errno -2] Name or service not known
[WARN] [1785989028.175481]: Remote inference recovery probe failed; local inference continues and another probe will run in 5.0 s: [Errno -2] Name or service not known
[WARN] [1785989033.363902]: Remote inference recovery probe failed; local inference continues and another probe will run in 5.0 s: [Errno -2] Name or service not known
[WARN] [1785989038.540526]: Remote inference recovery probe failed; local inference continues and another probe will run in 5.0 s: [Errno -2] Name or service not known
[WARN] [1785989043.637901]: Remote inference recovery probe failed; local inference continues and another probe will run in 5.0 s: [Errno -2] Name or service not known
[WARN] [1785989048.714700]: Remote inference recovery probe failed; local inference continues and another probe will run in 5.0 s: [Errno -2] Name or service not known
[WARN] [1785989053.830578]: Remote inference recovery probe failed; local inference continues and another probe will run in 5.0 s: [Errno -2] Name or service not known
[WARN] [1785989058.926751]: Remote inference recovery probe failed; local inference continues and another probe will run in 5.0 s: [Errno -2] Name or service not known
[WARN] [1785989064.164491]: Remote inference recovery probe failed; local inference continues and another probe will run in 5.0 s: [Errno -2] Name or service not known
[WARN] [1785989069.325008]: Remote inference recovery probe failed; local inference continues and another probe will run in 5.0 s: [Errno -2] Name or service not known
[WARN] [1785989074.423338]: Remote inference recovery probe failed; local inference continues and another probe will run in 5.0 s: [Errno -2] Name or service not known
[WARN] [1785989079.606766]: Remote inference recovery probe failed; local inference continues and another probe will run in 5.0 s: [Errno -2] Name or service not known
[WARN] [1785989084.801828]: Remote inference recovery probe failed; local inference continues and another probe will run in 5.0 s: [Errno -2] Name or service not known
[WARN] [1785989089.866629]: Remote inference recovery probe failed; local inference continues and another probe will run in 5.0 s: [Errno -2] Name or service not known
[WARN] [1785989094.949089]: Remote inference recovery probe failed; local inference continues and another probe will run in 5.0 s: [Errno -2] Name or service not known
[WARN] [1785989100.026673]: Remote inference recovery probe failed; local inference continues and another probe will run in 5.0 s: [Errno -2] Name or service not known
[WARN] [1785989105.168806]: Remote inference recovery probe failed; local inference continues and another probe will run in 5.0 s: [Errno -2] Name or service not known
[WARN] [1785989110.310386]: Remote inference recovery probe failed; local inference continues and another probe will run in 5.0 s: [Errno -2] Name or service not known
[WARN] [1785989115.491142]: Remote inference recovery probe failed; local inference continues and another probe will run in 5.0 s: [Errno -2] Name or service not known
[WARN] [1785989120.628315]: Remote inference recovery probe failed; local inference continues and another probe will run in 5.0 s: [Errno -2] Name or service not known
[WARN] [1785989125.764551]: Remote inference recovery probe failed; local inference continues and another probe will run in 5.0 s: [Errno -2] Name or service not known
[WARN] [1785989130.966607]: Remote inference recovery probe failed; local inference continues and another probe will run in 5.0 s: [Errno -2] Name or service not known
[WARN] [1785989136.103805]: Remote inference recovery probe failed; local inference continues and another probe will run in 5.0 s: [Errno -2] Name or service not known
[WARN] [1785989141.185299]: Remote inference recovery probe failed; local inference continues and another probe will run in 5.0 s: [Errno -2] Name or service not known
[WARN] [1785989146.261645]: Remote inference recovery probe failed; local inference continues and another probe will run in 5.0 s: [Errno -2] Name or service not known
[WARN] [1785989151.332605]: Remote inference recovery probe failed; local inference continues and another probe will run in 5.0 s: [Errno -2] Name or service not known
[WARN] [1785989156.558868]: Remote inference recovery probe failed; local inference continues and another probe will run in 5.0 s: [Errno -2] Name or service not known
[WARN] [1785989161.751410]: Remote inference recovery probe failed; local inference continues and another probe will run in 5.0 s: [Errno -2] Name or service not known
[WARN] [1785989166.926624]: Remote inference recovery probe failed; local inference continues and another probe will run in 5.0 s: [Errno -2] Name or service not known
[WARN] [1785989172.093399]: Remote inference recovery probe failed; local inference continues and another probe will run in 5.0 s: [Errno -2] Name or service not known
[WARN] [1785989177.293394]: Remote inference recovery probe failed; local inference continues and another probe will run in 5.0 s: [Errno -2] Name or service not known
[WARN] [1785989182.426278]: Remote inference recovery probe failed; local inference continues and another probe will run in 5.0 s: [Errno -2] Name or service not known
[WARN] [1785989187.582133]: Remote inference recovery probe failed; local inference continues and another probe will run in 5.0 s: [Errno -2] Name or service not known
[WARN] [1785989192.698099]: Remote inference recovery probe failed; local inference continues and another probe will run in 5.0 s: [Errno -2] Name or service not known
[WARN] [1785989197.759904]: Remote inference recovery probe failed; local inference continues and another probe will run in 5.0 s: [Errno -2] Name or service not known
[WARN] [1785989202.825692]: Remote inference recovery probe failed; local inference continues and another probe will run in 5.0 s: [Errno -2] Name or service not known
[WARN] [1785989207.918288]: Remote inference recovery probe failed; local inference continues and another probe will run in 5.0 s: [Errno -2] Name or service not known
[WARN] [1785989212.997792]: Remote inference recovery probe failed; local inference continues and another probe will run in 5.0 s: [Errno -2] Name or service not known
[WARN] [1785989218.114474]: Remote inference recovery probe failed; local inference continues and another probe will run in 5.0 s: [Errno -2] Name or service not known
[WARN] [1785989223.219688]: Remote inference recovery probe failed; local inference continues and another probe will run in 5.0 s: [Errno -2] Name or service not known
[WARN] [1785989228.335306]: Remote inference recovery probe failed; local inference continues and another probe will run in 5.0 s: [Errno -2] Name or service not known
[WARN] [1785989233.533762]: Remote inference recovery probe failed; local inference continues and another probe will run in 5.0 s: [Errno -2] Name or service not known
[WARN] [1785989238.583929]: Remote inference recovery probe failed; local inference continues and another probe will run in 5.0 s: [Errno -2] Name or service not known
[WARN] [1785989243.671319]: Remote inference recovery probe failed; local inference continues and another probe will run in 5.0 s: [Errno -2] Name or service not known
[WARN] [1785989248.827963]: Remote inference recovery probe failed; local inference continues and another probe will run in 5.0 s: [Errno -2] Name or service not known
[WARN] [1785989254.030287]: Remote inference recovery probe failed; local inference continues and another probe will run in 5.0 s: [Errno -2] Name or service not known
[WARN] [1785989259.269117]: Remote inference recovery probe failed; local inference continues and another probe will run in 5.0 s: [Errno -2] Name or service not known
[WARN] [1785989264.440996]: Remote inference recovery probe failed; local inference continues and another probe will run in 5.0 s: [Errno -2] Name or service not known
[WARN] [1785989269.629459]: Remote inference recovery probe failed; local inference continues and another probe will run in 5.0 s: [Errno -2] Name or service not known
[WARN] [1785989274.785199]: Remote inference recovery probe failed; local inference continues and another probe will run in 5.0 s: [Errno -2] Name or service not known
[WARN] [1785989279.900331]: Remote inference recovery probe failed; local inference continues and another probe will run in 5.0 s: [Errno -2] Name or service not known
[WARN] [1785989284.978231]: Remote inference recovery probe failed; local inference continues and another probe will run in 5.0 s: [Errno -2] Name or service not known
[WARN] [1785989290.057643]: Remote inference recovery probe failed; local inference continues and another probe will run in 5.0 s: [Errno -2] Name or service not known
[WARN] [1785989295.289772]: Remote inference recovery probe failed; local inference continues and another probe will run in 5.0 s: [Errno -2] Name or service not known
[WARN] [1785989300.479767]: Remote inference recovery probe failed; local inference continues and another probe will run in 5.0 s: [Errno -2] Name or service not known
[WARN] [1785989305.668206]: Remote inference recovery probe failed; local inference continues and another probe will run in 5.0 s: [Errno -2] Name or service not known
[WARN] [1785989310.870666]: Remote inference recovery probe failed; local inference continues and another probe will run in 5.0 s: [Errno -2] Name or service not known
[WARN] [1785989316.071563]: Remote inference recovery probe failed; local inference continues and another probe will run in 5.0 s: [Errno -2] Name or service not known
[WARN] [1785989321.188867]: Remote inference recovery probe failed; local inference continues and another probe will run in 5.0 s: [Errno -2] Name or service not known
[WARN] [1785989326.349932]: Remote inference recovery probe failed; local inference continues and another probe will run in 5.0 s: [Errno -2] Name or service not known
[WARN] [1785989331.477986]: Remote inference recovery probe failed; local inference continues and another probe will run in 5.0 s: [Errno -2] Name or service not known
[WARN] [1785989336.615613]: Remote inference recovery probe failed; local inference continues and another probe will run in 5.0 s: [Errno -2] Name or service not known
[WARN] [1785989341.688577]: Remote inference recovery probe failed; local inference continues and another probe will run in 5.0 s: [Errno -2] Name or service not known
[WARN] [1785989346.836437]: Remote inference recovery probe failed; local inference continues and another probe will run in 5.0 s: [Errno -2] Name or service not known
[WARN] [1785989351.969865]: Remote inference recovery probe failed; local inference continues and another probe will run in 5.0 s: [Errno -2] Name or service not known
[WARN] [1785989357.124163]: Remote inference recovery probe failed; local inference continues and another probe will run in 5.0 s: [Errno -2] Name or service not known
[WARN] [1785989362.322879]: Remote inference recovery probe failed; local inference continues and another probe will run in 5.0 s: [Errno -2] Name or service not known
[WARN] [1785989367.503082]: Remote inference recovery probe failed; local inference continues and another probe will run in 5.0 s: [Errno -2] Name or service not known
[WARN] [1785989372.594641]: Remote inference recovery probe failed; local inference continues and another probe will run in 5.0 s: [Errno -2] Name or service not known
[WARN] [1785989377.655390]: Remote inference recovery probe failed; local inference continues and another probe will run in 5.0 s: [Errno -2] Name or service not known
[WARN] [1785989382.742868]: Remote inference recovery probe failed; local inference continues and another probe will run in 5.0 s: [Errno -2] Name or service not known
[WARN] [1785989387.911076]: Remote inference recovery probe failed; local inference continues and another probe will run in 5.0 s: [Errno -2] Name or service not known
[WARN] [1785989393.019073]: Remote inference recovery probe failed; local inference continues and another probe will run in 5.0 s: [Errno -2] Name or service not known
[WARN] [1785989398.223335]: Remote inference recovery probe failed; local inference continues and another probe will run in 5.0 s: [Errno -2] Name or service not known
[WARN] [1785989403.431088]: Remote inference recovery probe failed; local inference continues and another probe will run in 5.0 s: [Errno -2] Name or service not known
[WARN] [1785989408.526198]: Remote inference recovery probe failed; local inference continues and another probe will run in 5.0 s: [Errno -2] Name or service not known
[WARN] [1785989413.705337]: Remote inference recovery probe failed; local inference continues and another probe will run in 5.0 s: [Errno -2] Name or service not known
[WARN] [1785989418.950908]: Remote inference recovery probe failed; local inference continues and another probe will run in 5.0 s: [Errno -2] Name or service not known
[WARN] [1785989424.102310]: Remote inference recovery probe failed; local inference continues and another probe will run in 5.0 s: [Errno -2] Name or service not known
[WARN] [1785989429.148007]: Remote inference recovery probe failed; local inference continues and another probe will run in 5.0 s: [Errno -2] Name or service not known
[WARN] [1785989434.322474]: Remote inference recovery probe failed; local inference continues and another probe will run in 5.0 s: [Errno -2] Name or service not known
[WARN] [1785989439.466916]: Remote inference recovery probe failed; local inference continues and another probe will run in 5.0 s: [Errno -2] Name or service not known
[WARN] [1785989444.658833]: Remote inference recovery probe failed; local inference continues and another probe will run in 5.0 s: [Errno -2] Name or service not known
[INFO] [1785989164.021635]: RGB-D vision status: model_ready:onnxruntime targets:2 depth:2 tf:2 semantic_masks:4
[INFO] [1785989169.561656]: RGB-D vision status: model_ready:onnxruntime targets:2 depth:2 tf:2 semantic_masks:4
[INFO] [1785989174.750108]: RGB-D vision status: model_ready:onnxruntime targets:1 depth:1 tf:1 semantic_masks:3
[INFO] [1785989180.194052]: RGB-D vision status: model_ready:onnxruntime targets:2 depth:2 tf:2 semantic_masks:4
[INFO] [1785989185.246247]: RGB-D vision status: model_ready:onnxruntime targets:2 depth:2 tf:2 semantic_masks:4
[INFO] [1785989190.782630]: RGB-D vision status: model_ready:onnxruntime targets:2 depth:2 tf:2 semantic_masks:4
[INFO] [1785989196.173179]: RGB-D vision status: model_ready:onnxruntime targets:2 depth:2 tf:2 semantic_masks:4
[INFO] [1785989201.647141]: RGB-D vision status: model_ready:onnxruntime targets:1 depth:1 tf:1 semantic_masks:3
[INFO] [1785989206.699438]: RGB-D vision status: model_ready:onnxruntime targets:2 depth:2 tf:2 semantic_masks:4
[INFO] [1785989211.783541]: RGB-D vision status: model_ready:onnxruntime targets:1 depth:1 tf:1 semantic_masks:3
[INFO] [1785989217.066673]: RGB-D vision status: model_ready:onnxruntime targets:1 depth:1 tf:1 semantic_masks:3
[INFO] [1785989222.155719]: RGB-D vision status: model_ready:onnxruntime targets:1 depth:1 tf:1 semantic_masks:3
[INFO] [1785989227.363898]: RGB-D vision status: model_ready:onnxruntime targets:1 depth:1 tf:1 semantic_masks:3
[INFO] [1785989232.601930]: RGB-D vision status: model_ready:onnxruntime targets:2 depth:2 tf:2 semantic_masks:4
[INFO] [1785989237.671366]: RGB-D vision status: model_ready:onnxruntime targets:2 depth:2 tf:2 semantic_masks:4
[INFO] [1785989243.020652]: RGB-D vision status: model_ready:onnxruntime targets:2 depth:2 tf:2 semantic_masks:4
[INFO] [1785989248.834590]: RGB-D vision status: model_ready:onnxruntime targets:2 depth:2 tf:2 semantic_masks:4
[INFO] [1785989253.893725]: RGB-D vision status: model_ready:onnxruntime targets:1 depth:1 tf:1 semantic_masks:3
[INFO] [1785989259.484374]: RGB-D vision status: model_ready:onnxruntime targets:2 depth:2 tf:2 semantic_masks:4
[INFO] [1785989265.105538]: RGB-D vision status: model_ready:onnxruntime targets:2 depth:2 tf:2 semantic_masks:4
[INFO] [1785989270.158357]: RGB-D vision status: model_ready:onnxruntime targets:2 depth:2 tf:2 semantic_masks:4
[INFO] [1785989275.168019]: RGB-D vision status: model_ready:onnxruntime targets:2 depth:2 tf:2 semantic_masks:4
[INFO] [1785989281.112367]: RGB-D vision status: model_ready:onnxruntime targets:2 depth:2 tf:2 semantic_masks:4
[INFO] [1785989286.189831]: RGB-D vision status: model_ready:onnxruntime targets:1 depth:1 tf:1 semantic_masks:2
[INFO] [1785989291.257194]: RGB-D vision status: model_ready:onnxruntime targets:1 depth:1 tf:1 semantic_masks:3
[INFO] [1785989296.377238]: RGB-D vision status: model_ready:onnxruntime targets:1 depth:1 tf:1 semantic_masks:3
[INFO] [1785989310.465176]: RGB-D vision status: model_ready:onnxruntime targets:2 depth:2 tf:2 semantic_masks:4
[INFO] [1785989315.543043]: RGB-D vision status: model_ready:onnxruntime targets:1 depth:1 tf:1 semantic_masks:3
[INFO] [1785989321.029472]: RGB-D vision status: model_ready:onnxruntime targets:1 depth:1 tf:1 semantic_masks:2
[INFO] [1785989332.153295]: RGB-D vision status: model_ready:onnxruntime targets:1 depth:1 tf:1 semantic_masks:2
[INFO] [1785989337.817575]: RGB-D vision status: model_ready:onnxruntime targets:1 depth:1 tf:1 semantic_masks:2
[INFO] [1785989343.327155]: RGB-D vision status: model_ready:onnxruntime targets:1 depth:1 tf:1 semantic_masks:2
[INFO] [1785989350.066052]: RGB-D vision status: model_ready:onnxruntime targets:1 depth:1 tf:1 semantic_masks:2
[INFO] [1785989355.162868]: RGB-D vision status: model_ready:onnxruntime targets:1 depth:1 tf:1 semantic_masks:2
[INFO] [1785989360.337377]: RGB-D vision status: model_ready:onnxruntime targets:1 depth:1 tf:1 semantic_masks:2
[INFO] [1785989366.734072]: RGB-D vision status: model_ready:onnxruntime targets:2 depth:2 tf:2 semantic_masks:4
[INFO] [1785989373.035376]: RGB-D vision status: model_ready:onnxruntime targets:2 depth:2 tf:2 semantic_masks:4
[INFO] [1785989378.056561]: RGB-D vision status: model_ready:onnxruntime targets:2 depth:2 tf:2 semantic_masks:4
[INFO] [1785989383.174874]: RGB-D vision status: model_ready:onnxruntime targets:2 depth:2 tf:2 semantic_masks:4
[INFO] [1785989388.346514]: RGB-D vision status: model_ready:onnxruntime targets:3 depth:1 tf:1 semantic_masks:4
[INFO] [1785989393.680410]: RGB-D vision status: model_ready:onnxruntime targets:1 depth:1 tf:1 semantic_masks:2
[INFO] [1785989398.859805]: RGB-D vision status: model_ready:onnxruntime targets:2 depth:2 tf:2 semantic_masks:4
[INFO] [1785989404.071067]: RGB-D vision status: model_ready:onnxruntime targets:2 depth:2 tf:2 semantic_masks:4
[INFO] [1785989409.172330]: RGB-D vision status: model_ready:onnxruntime targets:2 depth:2 tf:2 semantic_masks:4
[INFO] [1785989414.634599]: RGB-D vision status: model_ready:onnxruntime targets:2 depth:2 tf:2 semantic_masks:4
[INFO] [1785989420.352204]: RGB-D vision status: model_ready:onnxruntime targets:0 depth:0 tf:0 semantic_masks:1
[INFO] [1785989425.419108]: RGB-D vision status: model_ready:onnxruntime targets:1 depth:0 tf:0 semantic_masks:2
[INFO] [1785989434.450728]: RGB-D vision status: model_ready:onnxruntime targets:1 depth:1 tf:1 semantic_masks:2
[INFO] [1785989440.114596]: RGB-D vision status: model_ready:onnxruntime targets:2 depth:2 tf:2 semantic_masks:4
[INFO] [1785989445.222751]: RGB-D vision status: model_ready:onnxruntime targets:1 depth:1 tf:1 semantic_masks:3
[INFO] [1785989450.414397]: RGB-D vision status: model_ready:onnxruntime targets:1 depth:1 tf:1 semantic_masks:2
[INFO] [1785989455.708341]: RGB-D vision status: model_ready:onnxruntime targets:1 depth:1 tf:1 semantic_masks:2
[INFO] [1785989461.803599]: RGB-D vision status: model_ready:onnxruntime targets:2 depth:2 tf:2 semantic_masks:4
[INFO] [1785989466.878991]: RGB-D vision status: model_ready:onnxruntime targets:2 depth:2 tf:2 semantic_masks:4
[INFO] [1785989472.058466]: RGB-D vision status: model_ready:onnxruntime targets:2 depth:2 tf:2 semantic_masks:4
[INFO] [1785989478.614848]: RGB-D vision status: model_ready:onnxruntime targets:2 depth:2 tf:2 semantic_masks:4
[INFO] [1785989483.814558]: RGB-D vision status: model_ready:onnxruntime targets:1 depth:1 tf:1 semantic_masks:3
[INFO] [1785989489.929947]: RGB-D vision status: model_ready:onnxruntime targets:1 depth:1 tf:1 semantic_masks:2
[INFO] [1785989495.002816]: RGB-D vision status: model_ready:onnxruntime targets:1 depth:1 tf:1 semantic_masks:3
[INFO] [1785989500.155710]: RGB-D vision status: model_ready:onnxruntime targets:2 depth:2 tf:2 semantic_masks:4
[INFO] [1785989506.033397]: RGB-D vision status: model_ready:onnxruntime targets:1 depth:1 tf:1 semantic_masks:2
[INFO] [1785989512.432625]: RGB-D vision status: model_ready:onnxruntime targets:1 depth:1 tf:1 semantic_masks:2
[INFO] [1785989518.328117]: RGB-D vision status: model_ready:onnxruntime targets:2 depth:2 tf:2 semantic_masks:4
[INFO] [1785989531.470443]: RGB-D vision status: model_ready:onnxruntime targets:2 depth:2 tf:2 semantic_masks:4
[INFO] [1785989537.348633]: RGB-D vision status: model_ready:onnxruntime targets:2 depth:2 tf:2 semantic_masks:4
[INFO] [1785989543.344977]: RGB-D vision status: model_ready:onnxruntime targets:2 depth:2 tf:2 semantic_masks:4
[INFO] [1785989548.523686]: RGB-D vision status: model_ready:onnxruntime targets:2 depth:2 tf:2 semantic_masks:4
[INFO] [1785989555.351391]: RGB-D vision status: model_ready:onnxruntime targets:2 depth:2 tf:2 semantic_masks:4
[INFO] [1785989562.559677]: RGB-D vision status: model_ready:onnxruntime targets:2 depth:1 tf:1 semantic_masks:3
[INFO] [1785989567.778229]: RGB-D vision status: model_ready:onnxruntime targets:1 depth:1 tf:1 semantic_masks:2
[INFO] [1785989572.898527]: RGB-D vision status: model_ready:onnxruntime targets:2 depth:2 tf:2 semantic_masks:3
[INFO] [1785989579.187626]: RGB-D vision status: model_ready:onnxruntime targets:2 depth:2 tf:2 semantic_masks:4
[WARN] [1785989449.831905]: Remote inference recovery probe failed; local inference continues and another probe will run in 5.0 s: [Errno -2] Name or service not known
[WARN] [1785989454.902312]: Remote inference recovery probe failed; local inference continues and another probe will run in 5.0 s: [Errno -2] Name or service not known
[WARN] [1785989460.002767]: Remote inference recovery probe failed; local inference continues and another probe will run in 5.0 s: [Errno -2] Name or service not known
[WARN] [1785989465.135756]: Remote inference recovery probe failed; local inference continues and another probe will run in 5.0 s: [Errno -2] Name or service not known
[WARN] [1785989470.330855]: Remote inference recovery probe failed; local inference continues and another probe will run in 5.0 s: [Errno -2] Name or service not known
[WARN] [1785989475.391225]: Remote inference recovery probe failed; local inference continues and another probe will run in 5.0 s: [Errno -2] Name or service not known
[WARN] [1785989480.461168]: Remote inference recovery probe failed; local inference continues and another probe will run in 5.0 s: [Errno -2] Name or service not known
[WARN] [1785989485.552750]: Remote inference recovery probe failed; local inference continues and another probe will run in 5.0 s: [Errno -2] Name or service not known
[WARN] [1785989490.691667]: Remote inference recovery probe failed; local inference continues and another probe will run in 5.0 s: [Errno -2] Name or service not known
[WARN] [1785989495.785513]: Remote inference recovery probe failed; local inference continues and another probe will run in 5.0 s: [Errno -2] Name or service not known
[WARN] [1785989500.953046]: Remote inference recovery probe failed; local inference continues and another probe will run in 5.0 s: [Errno -2] Name or service not known
[WARN] [1785989506.029723]: Remote inference recovery probe failed; local inference continues and another probe will run in 5.0 s: [Errno -2] Name or service not known
[WARN] [1785989511.107761]: Remote inference recovery probe failed; local inference continues and another probe will run in 5.0 s: [Errno -2] Name or service not known
[WARN] [1785989516.203603]: Remote inference recovery probe failed; local inference continues and another probe will run in 5.0 s: [Errno -2] Name or service not known
[WARN] [1785989521.400877]: Remote inference recovery probe failed; local inference continues and another probe will run in 5.0 s: [Errno -2] Name or service not known
[WARN] [1785989526.512533]: Remote inference recovery probe failed; local inference continues and another probe will run in 5.0 s: [Errno -2] Name or service not known
[WARN] [1785989531.599062]: Remote inference recovery probe failed; local inference continues and another probe will run in 5.0 s: [Errno -2] Name or service not known
[WARN] [1785989536.674175]: Remote inference recovery probe failed; local inference continues and another probe will run in 5.0 s: [Errno -2] Name or service not known
[WARN] [1785989541.873382]: Remote inference recovery probe failed; local inference continues and another probe will run in 5.0 s: [Errno -2] Name or service not known
[WARN] [1785989546.956374]: Remote inference recovery probe failed; local inference continues and another probe will run in 5.0 s: [Errno -2] Name or service not known
[WARN] [1785989552.141206]: Remote inference recovery probe failed; local inference continues and another probe will run in 5.0 s: [Errno -2] Name or service not known
[WARN] [1785989557.224267]: Remote inference recovery probe failed; local inference continues and another probe will run in 5.0 s: [Errno -2] Name or service not known
[WARN] [1785989562.453256]: Remote inference recovery probe failed; local inference continues and another probe will run in 5.0 s: [Errno -2] Name or service not known
[WARN] [1785989567.624583]: Remote inference recovery probe failed; local inference continues and another probe will run in 5.0 s: [Errno -2] Name or service not known
[WARN] [1785989572.759593]: Remote inference recovery probe failed; local inference continues and another probe will run in 5.0 s: [Errno -2] Name or service not known
[WARN] [1785989577.833657]: Remote inference recovery probe failed; local inference continues and another probe will run in 5.0 s: [Errno -2] Name or service not known
[WARN] [1785989583.029281]: Remote inference recovery probe failed; local inference continues and another probe will run in 5.0 s: [Errno -2] Name or service not known
[WARN] [1785989588.099745]: Remote inference recovery probe failed; local inference continues and another probe will run in 5.0 s: [Errno -2] Name or service not known
[WARN] [1785989593.259278]: Remote inference recovery probe failed; local inference continues and another probe will run in 5.0 s: [Errno -2] Name or service not known
[WARN] [1785989598.453345]: Remote inference recovery probe failed; local inference continues and another probe will run in 5.0 s: [Errno -2] Name or service not known
[WARN] [1785989603.583253]: Remote inference recovery probe failed; local inference continues and another probe will run in 5.0 s: [Errno -2] Name or service not known
[WARN] [1785989608.660993]: Remote inference recovery probe failed; local inference continues and another probe will run in 5.0 s: [Errno -2] Name or service not known
[WARN] [1785989613.798581]: Remote inference recovery probe failed; local inference continues and another probe will run in 5.0 s: [Errno -2] Name or service not known
[WARN] [1785989618.874008]: Remote inference recovery probe failed; local inference continues and another probe will run in 5.0 s: [Errno -2] Name or service not known
[WARN] [1785989624.063594]: Remote inference recovery probe failed; local inference continues and another probe will run in 5.0 s: [Errno -2] Name or service not known
[WARN] [1785989629.144045]: Remote inference recovery probe failed; local inference continues and another probe will run in 5.0 s: [Errno -2] Name or service not known
[WARN] [1785989634.266634]: Remote inference recovery probe failed; local inference continues and another probe will run in 5.0 s: [Errno -2] Name or service not known
[WARN] [1785989639.443989]: Remote inference recovery probe failed; local inference continues and another probe will run in 5.0 s: [Errno -2] Name or service not known
[WARN] [1785989644.626011]: Remote inference recovery probe failed; local inference continues and another probe will run in 5.0 s: [Errno -2] Name or service not known
[WARN] [1785989649.749669]: Remote inference recovery probe failed; local inference continues and another probe will run in 5.0 s: [Errno -2] Name or service not known
[WARN] [1785989654.840662]: Remote inference recovery probe failed; local inference continues and another probe will run in 5.0 s: [Errno -2] Name or service not known
[WARN] [1785989659.979005]: Remote inference recovery probe failed; local inference continues and another probe will run in 5.0 s: [Errno -2] Name or service not known
[WARN] [1785989665.113902]: Remote inference recovery probe failed; local inference continues and another probe will run in 5.0 s: [Errno -2] Name or service not known
[WARN] [1785989670.311852]: Remote inference recovery probe failed; local inference continues and another probe will run in 5.0 s: [Errno -2] Name or service not known
[WARN] [1785989675.402640]: Remote inference recovery probe failed; local inference continues and another probe will run in 5.0 s: [Errno -2] Name or service not known
[WARN] [1785989680.592642]: Remote inference recovery probe failed; local inference continues and another probe will run in 5.0 s: [Errno -2] Name or service not known
[WARN] [1785989685.729754]: Remote inference recovery probe failed; local inference continues and another probe will run in 5.0 s: [Errno -2] Name or service not known
[WARN] [1785989690.778558]: Remote inference recovery probe failed; local inference continues and another probe will run in 5.0 s: [Errno -2] Name or service not known
[WARN] [1785989695.880439]: Remote inference recovery probe failed; local inference continues and another probe will run in 5.0 s: [Errno -2] Name or service not known
[WARN] [1785989701.112425]: Remote inference recovery probe failed; local inference continues and another probe will run in 5.0 s: [Errno -2] Name or service not known
[WARN] [1785989706.280934]: Remote inference recovery probe failed; local inference continues and another probe will run in 5.0 s: [Errno -2] Name or service not known
[WARN] [1785989711.489540]: Remote inference recovery probe failed; local inference continues and another probe will run in 5.0 s: [Errno -2] Name or service not known
[WARN] [1785989716.681752]: Remote inference recovery probe failed; local inference continues and another probe will run in 5.0 s: [Errno -2] Name or service not known
[WARN] [1785989721.735879]: Remote inference recovery probe failed; local inference continues and another probe will run in 5.0 s: [Errno -2] Name or service not known
[WARN] [1785989726.832762]: Remote inference recovery probe failed; local inference continues and another probe will run in 5.0 s: [Errno -2] Name or service not known
[WARN] [1785989732.053343]: Remote inference recovery probe failed; local inference continues and another probe will run in 5.0 s: [Errno -2] Name or service not known
[WARN] [1785989737.270918]: Remote inference recovery probe failed; local inference continues and another probe will run in 5.0 s: [Errno -2] Name or service not known
[WARN] [1785989742.452158]: Remote inference recovery probe failed; local inference continues and another probe will run in 5.0 s: [Errno -2] Name or service not known
[WARN] [1785989747.581860]: Remote inference recovery probe failed; local inference continues and another probe will run in 5.0 s: [Errno -2] Name or service not known
[WARN] [1785989752.700321]: Remote inference recovery probe failed; local inference continues and another probe will run in 5.0 s: [Errno -2] Name or service not known
[WARN] [1785989757.774520]: Remote inference recovery probe failed; local inference continues and another probe will run in 5.0 s: [Errno -2] Name or service not known
[WARN] [1785989762.860220]: Remote inference recovery probe failed; local inference continues and another probe will run in 5.0 s: [Errno -2] Name or service not known
[WARN] [1785989767.929387]: Remote inference recovery probe failed; local inference continues and another probe will run in 5.0 s: [Errno -2] Name or service not known
[WARN] [1785989773.067478]: Remote inference recovery probe failed; local inference continues and another probe will run in 5.0 s: [Errno -2] Name or service not known
[WARN] [1785989778.122795]: Remote inference recovery probe failed; local inference continues and another probe will run in 5.0 s: [Errno -2] Name or service not known
[WARN] [1785989783.222655]: Remote inference recovery probe failed; local inference continues and another probe will run in 5.0 s: [Errno -2] Name or service not known
[WARN] [1785989788.438192]: Remote inference recovery probe failed; local inference continues and another probe will run in 5.0 s: [Errno -2] Name or service not known
[WARN] [1785989793.619381]: Remote inference recovery probe failed; local inference continues and another probe will run in 5.0 s: [Errno -2] Name or service not known
[WARN] [1785989798.724755]: Remote inference recovery probe failed; local inference continues and another probe will run in 5.0 s: [Errno -2] Name or service not known
[WARN] [1785989803.899763]: Remote inference recovery probe failed; local inference continues and another probe will run in 5.0 s: [Errno -2] Name or service not known
[WARN] [1785989809.045271]: Remote inference recovery probe failed; local inference continues and another probe will run in 5.0 s: [Errno -2] Name or service not known
[WARN] [1785989814.249944]: Remote inference recovery probe failed; local inference continues and another probe will run in 5.0 s: [Errno -2] Name or service not known
[WARN] [1785989819.434770]: Remote inference recovery probe failed; local inference continues and another probe will run in 5.0 s: [Errno -2] Name or service not known
[WARN] [1785989824.504107]: Remote inference recovery probe failed; local inference continues and another probe will run in 5.0 s: [Errno -2] Name or service not known
[WARN] [1785989829.584563]: Remote inference recovery probe failed; local inference continues and another probe will run in 5.0 s: [Errno -2] Name or service not known
[WARN] [1785989834.720628]: Remote inference recovery probe failed; local inference continues and another probe will run in 5.0 s: [Errno -2] Name or service not known
[WARN] [1785989839.902173]: Remote inference recovery probe failed; local inference continues and another probe will run in 5.0 s: [Errno -2] Name or service not known
[WARN] [1785989844.999089]: Remote inference recovery probe failed; local inference continues and another probe will run in 5.0 s: [Errno -2] Name or service not known
[WARN] [1785989850.092817]: Remote inference recovery probe failed; local inference continues and another probe will run in 5.0 s: [Errno -2] Name or service not known
[WARN] [1785989855.203381]: Remote inference recovery probe failed; local inference continues and another probe will run in 5.0 s: [Errno -2] Name or service not known
[WARN] [1785989860.304824]: Remote inference recovery probe failed; local inference continues and another probe will run in 5.0 s: [Errno -2] Name or service not known
[WARN] [1785989865.454847]: Remote inference recovery probe failed; local inference continues and another probe will run in 5.0 s: [Errno -2] Name or service not known
[WARN] [1785989870.622679]: Remote inference recovery probe failed; local inference continues and another probe will run in 5.0 s: [Errno -2] Name or service not known
[WARN] [1785989875.824677]: Remote inference recovery probe failed; local inference continues and another probe will run in 5.0 s: [Errno -2] Name or service not known
[WARN] [1785989880.961285]: Remote inference recovery probe failed; local inference continues and another probe will run in 5.0 s: [Errno -2] Name or service not known
[WARN] [1785989886.109850]: Remote inference recovery probe failed; local inference continues and another probe will run in 5.0 s: [Errno -2] Name or service not known
[WARN] [1785989891.250173]: Remote inference recovery probe failed; local inference continues and another probe will run in 5.0 s: [Errno -2] Name or service not known
[WARN] [1785989896.442050]: Remote inference recovery probe failed; local inference continues and another probe will run in 5.0 s: [Errno -2] Name or service not known
[WARN] [1785989901.520477]: Remote inference recovery probe failed; local inference continues and another probe will run in 5.0 s: [Errno -2] Name or service not known
[WARN] [1785989906.716238]: Remote inference recovery probe failed; local inference continues and another probe will run in 5.0 s: [Errno -2] Name or service not known
[WARN] [1785989911.810127]: Remote inference recovery probe failed; local inference continues and another probe will run in 5.0 s: [Errno -2] Name or service not known
[WARN] [1785989916.996103]: Remote inference recovery probe failed; local inference continues and another probe will run in 5.0 s: [Errno -2] Name or service not known
[WARN] [1785989922.070472]: Remote inference recovery probe failed; local inference continues and another probe will run in 5.0 s: [Errno -2] Name or service not known
[WARN] [1785989927.270860]: Remote inference recovery probe failed; local inference continues and another probe will run in 5.0 s: [Errno -2] Name or service not known
[WARN] [1785989932.413159]: Remote inference recovery probe failed; local inference continues and another probe will run in 5.0 s: [Errno -2] Name or service not known
[WARN] [1785989937.581176]: Remote inference recovery probe failed; local inference continues and another probe will run in 5.0 s: [Errno -2] Name or service not known
[INFO] [1785989585.746479]: RGB-D vision status: model_ready:onnxruntime targets:2 depth:2 tf:2 semantic_masks:4
[INFO] [1785989590.786300]: RGB-D vision status: model_ready:onnxruntime targets:2 depth:2 tf:2 semantic_masks:4
[INFO] [1785989597.507193]: RGB-D vision status: model_ready:onnxruntime targets:2 depth:2 tf:2 semantic_masks:4
[INFO] [1785989602.653811]: RGB-D vision status: model_ready:onnxruntime targets:2 depth:2 tf:2 semantic_masks:4
[INFO] [1785989607.732391]: RGB-D vision status: model_ready:onnxruntime targets:1 depth:1 tf:1 semantic_masks:3
[INFO] [1785989612.857991]: RGB-D vision status: model_ready:onnxruntime targets:2 depth:2 tf:2 semantic_masks:4
[INFO] [1785989618.172750]: RGB-D vision status: model_ready:onnxruntime targets:1 depth:1 tf:1 semantic_masks:3
[INFO] [1785989623.273297]: RGB-D vision status: model_ready:onnxruntime targets:1 depth:1 tf:1 semantic_masks:3
[INFO] [1785989628.354530]: RGB-D vision status: model_ready:onnxruntime targets:2 depth:2 tf:2 semantic_masks:4
[INFO] [1785989633.810625]: RGB-D vision status: model_ready:onnxruntime targets:2 depth:2 tf:2 semantic_masks:4
[INFO] [1785989638.894403]: RGB-D vision status: model_ready:onnxruntime targets:2 depth:2 tf:2 semantic_masks:4
[INFO] [1785989643.963390]: RGB-D vision status: model_ready:onnxruntime targets:1 depth:1 tf:1 semantic_masks:3
[INFO] [1785989648.994590]: RGB-D vision status: model_ready:onnxruntime targets:1 depth:1 tf:1 semantic_masks:3
[INFO] [1785989654.032455]: RGB-D vision status: model_ready:onnxruntime targets:2 depth:2 tf:2 semantic_masks:4
[INFO] [1785989659.170517]: RGB-D vision status: model_ready:onnxruntime targets:2 depth:2 tf:2 semantic_masks:4
[INFO] [1785989664.249300]: RGB-D vision status: model_ready:onnxruntime targets:1 depth:1 tf:1 semantic_masks:3
[INFO] [1785989669.759353]: RGB-D vision status: model_ready:onnxruntime targets:2 depth:2 tf:2 semantic_masks:4
[INFO] [1785989674.853534]: RGB-D vision status: model_ready:onnxruntime targets:2 depth:2 tf:2 semantic_masks:4
[INFO] [1785989679.932532]: RGB-D vision status: model_ready:onnxruntime targets:1 depth:1 tf:1 semantic_masks:3
[INFO] [1785989684.937906]: RGB-D vision status: model_ready:onnxruntime targets:2 depth:2 tf:2 semantic_masks:4
[INFO] [1785989690.159888]: RGB-D vision status: model_ready:onnxruntime targets:2 depth:2 tf:2 semantic_masks:4
[INFO] [1785989696.554126]: RGB-D vision status: model_ready:onnxruntime targets:2 depth:2 tf:2 semantic_masks:4
[INFO] [1785989701.616776]: RGB-D vision status: model_ready:onnxruntime targets:3 depth:3 tf:3 semantic_masks:5
[INFO] [1785989706.690728]: RGB-D vision status: model_ready:onnxruntime targets:3 depth:3 tf:3 semantic_masks:5
[INFO] [1785989711.765888]: RGB-D vision status: model_ready:onnxruntime targets:4 depth:4 tf:4 semantic_masks:6
[INFO] [1785989716.829551]: RGB-D vision status: model_ready:onnxruntime targets:1 depth:1 tf:1 semantic_masks:3
[INFO] [1785989721.886608]: RGB-D vision status: model_ready:onnxruntime targets:4 depth:4 tf:4 semantic_masks:6
[INFO] [1785989727.225389]: RGB-D vision status: model_ready:onnxruntime targets:1 depth:1 tf:1 semantic_masks:3
[INFO] [1785989732.977468]: RGB-D vision status: model_ready:onnxruntime targets:1 depth:1 tf:1 semantic_masks:3
[INFO] [1785989738.040428]: RGB-D vision status: model_ready:onnxruntime targets:1 depth:1 tf:1 semantic_masks:3
[INFO] [1785989743.250955]: RGB-D vision status: model_ready:onnxruntime targets:1 depth:1 tf:1 semantic_masks:3
[INFO] [1785989748.367889]: RGB-D vision status: model_ready:onnxruntime targets:2 depth:2 tf:2 semantic_masks:4
[INFO] [1785989753.404705]: RGB-D vision status: model_ready:onnxruntime targets:2 depth:2 tf:2 semantic_masks:4
[INFO] [1785989758.440928]: RGB-D vision status: model_ready:onnxruntime targets:1 depth:1 tf:1 semantic_masks:3
[INFO] [1785989764.069987]: RGB-D vision status: model_ready:onnxruntime targets:3 depth:3 tf:3 semantic_masks:5
[INFO] [1785989769.687645]: RGB-D vision status: model_ready:onnxruntime targets:1 depth:1 tf:1 semantic_masks:3
[INFO] [1785989774.800995]: RGB-D vision status: model_ready:onnxruntime targets:2 depth:2 tf:2 semantic_masks:3
[INFO] [1785989780.397565]: RGB-D vision status: model_ready:onnxruntime targets:1 depth:1 tf:1 semantic_masks:3
[INFO] [1785989785.889838]: RGB-D vision status: model_ready:onnxruntime targets:2 depth:2 tf:2 semantic_masks:4
[INFO] [1785989793.757917]: RGB-D vision status: model_ready:onnxruntime targets:2 depth:2 tf:2 semantic_masks:4
[INFO] [1785989798.826464]: RGB-D vision status: model_ready:onnxruntime targets:1 depth:1 tf:1 semantic_masks:3
[INFO] [1785989803.919027]: RGB-D vision status: model_ready:onnxruntime targets:2 depth:2 tf:2 semantic_masks:4
[INFO] [1785989808.920912]: RGB-D vision status: model_ready:onnxruntime targets:2 depth:2 tf:2 semantic_masks:4
[INFO] [1785989814.654850]: RGB-D vision status: model_ready:onnxruntime targets:2 depth:2 tf:2 semantic_masks:4
[INFO] [1785989821.179736]: RGB-D vision status: model_ready:onnxruntime targets:2 depth:2 tf:2 semantic_masks:4
[INFO] [1785989830.260853]: RGB-D vision status: model_ready:onnxruntime targets:1 depth:1 tf:1 semantic_masks:2
[INFO] [1785989835.415322]: RGB-D vision status: model_ready:onnxruntime targets:2 depth:2 tf:2 semantic_masks:4
[INFO] [1785989840.597827]: RGB-D vision status: model_ready:onnxruntime targets:1 depth:0 tf:0 semantic_masks:3
[INFO] [1785989845.668305]: RGB-D vision status: model_ready:onnxruntime targets:1 depth:1 tf:1 semantic_masks:2
[INFO] [1785989850.881568]: RGB-D vision status: model_ready:onnxruntime targets:2 depth:2 tf:2 semantic_masks:4
[INFO] [1785989858.172304]: RGB-D vision status: model_ready:onnxruntime targets:0 depth:0 tf:0 semantic_masks:2
[INFO] [1785989863.213881]: RGB-D vision status: model_ready:onnxruntime targets:1 depth:1 tf:1 semantic_masks:3
[INFO] [1785989868.422983]: RGB-D vision status: model_ready:onnxruntime targets:1 depth:1 tf:1 semantic_masks:2
[INFO] [1785989873.545939]: RGB-D vision status: model_ready:onnxruntime targets:1 depth:1 tf:1 semantic_masks:3
[INFO] [1785989878.826567]: RGB-D vision status: model_ready:onnxruntime targets:2 depth:2 tf:2 semantic_masks:3
[INFO] [1785989883.918209]: RGB-D vision status: model_ready:onnxruntime targets:3 depth:2 tf:2 semantic_masks:5
[INFO] [1785989888.967108]: RGB-D vision status: model_ready:onnxruntime targets:2 depth:2 tf:2 semantic_masks:5
[INFO] [1785989896.968804]: RGB-D vision status: model_ready:onnxruntime targets:2 depth:2 tf:2 semantic_masks:3
[INFO] [1785989903.638847]: RGB-D vision status: model_ready:onnxruntime targets:3 depth:3 tf:3 semantic_masks:6
[INFO] [1785989909.532666]: RGB-D vision status: model_ready:onnxruntime targets:2 depth:2 tf:2 semantic_masks:5
[INFO] [1785989914.580599]: RGB-D vision status: model_ready:onnxruntime targets:2 depth:2 tf:2 semantic_masks:4
[INFO] [1785989919.657635]: RGB-D vision status: model_ready:onnxruntime targets:3 depth:3 tf:3 semantic_masks:5
[INFO] [1785989925.145442]: RGB-D vision status: model_ready:onnxruntime targets:2 depth:2 tf:2 semantic_masks:4
[INFO] [1785989930.266605]: RGB-D vision status: model_ready:onnxruntime targets:1 depth:1 tf:1 semantic_masks:4
[INFO] [1785989935.364724]: RGB-D vision status: model_ready:onnxruntime targets:2 depth:2 tf:2 semantic_masks:4
[INFO] [1785989940.429028]: RGB-D vision status: model_ready:onnxruntime targets:3 depth:3 tf:3 semantic_masks:5
[INFO] [1785989945.496142]: RGB-D vision status: model_ready:onnxruntime targets:2 depth:2 tf:2 semantic_masks:5
[INFO] [1785989950.806975]: RGB-D vision status: model_ready:onnxruntime targets:0 depth:0 tf:0 semantic_masks:2
[INFO] [1785989955.901079]: RGB-D vision status: model_ready:onnxruntime targets:1 depth:1 tf:1 semantic_masks:3
[INFO] [1785989960.986548]: RGB-D vision status: model_ready:onnxruntime targets:2 depth:2 tf:2 semantic_masks:4
[INFO] [1785989966.048893]: RGB-D vision status: model_ready:onnxruntime targets:2 depth:2 tf:2 semantic_masks:4
[INFO] [1785989971.445688]: RGB-D vision status: model_ready:onnxruntime targets:4 depth:4 tf:4 semantic_masks:6
 06/08 04:21:57,649 ERROR [140541781305088] (ds-options.cpp:93) Asic Temperature value is not valid!
 06/08 04:21:58,300 ERROR [140541924730624] (ds-options.cpp:93) Asic Temperature value is not valid!
 06/08 04:21:58,652 ERROR [140541781305088] (ds-options.cpp:93) Asic Temperature value is not valid!
 06/08 04:21:59,655 ERROR [140541781305088] (ds-options.cpp:93) Asic Temperature value is not valid!
[WARN] [1785989942.678671]: Remote inference recovery probe failed; local inference continues and another probe will run in 5.0 s: [Errno -2] Name or service not known
[WARN] [1785989947.746247]: Remote inference recovery probe failed; local inference continues and another probe will run in 5.0 s: [Errno -2] Name or service not known
[WARN] [1785989952.834990]: Remote inference recovery probe failed; local inference continues and another probe will run in 5.0 s: [Errno -2] Name or service not known
[WARN] [1785989958.006280]: Remote inference recovery probe failed; local inference continues and another probe will run in 5.0 s: [Errno -2] Name or service not known
[WARN] [1785989963.086506]: Remote inference recovery probe failed; local inference continues and another probe will run in 5.0 s: [Errno -2] Name or service not known
[WARN] [1785989968.156477]: Remote inference recovery probe failed; local inference continues and another probe will run in 5.0 s: [Errno -2] Name or service not known
[WARN] [1785989973.244623]: Remote inference recovery probe failed; local inference continues and another probe will run in 5.0 s: [Errno -2] Name or service not known
[WARN] [1785989978.357574]: Remote inference recovery probe failed; local inference continues and another probe will run in 5.0 s: [Errno -2] Name or service not known
[WARN] [1785989983.443735]: Remote inference recovery probe failed; local inference continues and another probe will run in 5.0 s: [Errno -2] Name or service not known
[WARN] [1785989988.524017]: Remote inference recovery probe failed; local inference continues and another probe will run in 5.0 s: [Errno -2] Name or service not known
[WARN] [1785989993.736539]: Remote inference recovery probe failed; local inference continues and another probe will run in 5.0 s: [Errno -2] Name or service not known
[WARN] [1785989998.912569]: Remote inference recovery probe failed; local inference continues and another probe will run in 5.0 s: [Errno -2] Name or service not known
[WARN] [1785990004.007247]: Remote inference recovery probe failed; local inference continues and another probe will run in 5.0 s: [Errno -2] Name or service not known
[WARN] [1785990009.210175]: Remote inference recovery probe failed; local inference continues and another probe will run in 5.0 s: [Errno -2] Name or service not known
[WARN] [1785990014.467582]: Remote inference recovery probe failed; local inference continues and another probe will run in 5.0 s: [Errno -2] Name or service not known
[WARN] [1785990019.633625]: Remote inference recovery probe failed; local inference continues and another probe will run in 5.0 s: [Errno -2] Name or service not known
[WARN] [1785990024.801946]: Remote inference recovery probe failed; local inference continues and another probe will run in 5.0 s: [Errno -2] Name or service not known
[WARN] [1785990029.878484]: Remote inference recovery probe failed; local inference continues and another probe will run in 5.0 s: [Errno -2] Name or service not known
[WARN] [1785990034.958392]: Remote inference recovery probe failed; local inference continues and another probe will run in 5.0 s: [Errno -2] Name or service not known
[WARN] [1785990040.103273]: Remote inference recovery probe failed; local inference continues and another probe will run in 5.0 s: [Errno -2] Name or service not known
[WARN] [1785990045.238370]: Remote inference recovery probe failed; local inference continues and another probe will run in 5.0 s: [Errno -2] Name or service not known
[WARN] [1785990050.283441]: Remote inference recovery probe failed; local inference continues and another probe will run in 5.0 s: [Errno -2] Name or service not known
[WARN] [1785990055.375710]: Remote inference recovery probe failed; local inference continues and another probe will run in 5.0 s: [Errno -2] Name or service not known
[WARN] [1785990060.429315]: Remote inference recovery probe failed; local inference continues and another probe will run in 5.0 s: [Errno -2] Name or service not known
[WARN] [1785990065.519843]: Remote inference recovery probe failed; local inference continues and another probe will run in 5.0 s: [Errno -2] Name or service not known
[WARN] [1785990070.596223]: Remote inference recovery probe failed; local inference continues and another probe will run in 5.0 s: [Errno -2] Name or service not known
[WARN] [1785990075.676192]: Remote inference recovery probe failed; local inference continues and another probe will run in 5.0 s: [Errno -2] Name or service not known
[WARN] [1785990080.894491]: Remote inference recovery probe failed; local inference continues and another probe will run in 5.0 s: [Errno -2] Name or service not known
[WARN] [1785990086.050952]: Remote inference recovery probe failed; local inference continues and another probe will run in 5.0 s: [Errno -2] Name or service not known
[WARN] [1785990091.122480]: Remote inference recovery probe failed; local inference continues and another probe will run in 5.0 s: [Errno -2] Name or service not known
[WARN] [1785990096.257976]: Remote inference recovery probe failed; local inference continues and another probe will run in 5.0 s: [Errno -2] Name or service not known
[WARN] [1785990101.396466]: Remote inference recovery probe failed; local inference continues and another probe will run in 5.0 s: [Errno -2] Name or service not known
[WARN] [1785990106.559980]: Remote inference recovery probe failed; local inference continues and another probe will run in 5.0 s: [Errno -2] Name or service not known
[WARN] [1785990111.630015]: Remote inference recovery probe failed; local inference continues and another probe will run in 5.0 s: [Errno -2] Name or service not known
[WARN] [1785990116.837182]: Remote inference recovery probe failed; local inference continues and another probe will run in 5.0 s: [Errno -2] Name or service not known
[WARN] [1785990122.030076]: Remote inference recovery probe failed; local inference continues and another probe will run in 5.0 s: [Errno -2] Name or service not known
[WARN] [1785990127.120090]: Remote inference recovery probe failed; local inference continues and another probe will run in 5.0 s: [Errno -2] Name or service not known
[WARN] [1785990132.329359]: Remote inference recovery probe failed; local inference continues and another probe will run in 5.0 s: [Errno -2] Name or service not known
[WARN] [1785990137.535445]: Remote inference recovery probe failed; local inference continues and another probe will run in 5.0 s: [Errno -2] Name or service not known
[WARN] [1785990142.760517]: Remote inference recovery probe failed; local inference continues and another probe will run in 5.0 s: [Errno -2] Name or service not known
[WARN] [1785990147.953618]: Remote inference recovery probe failed; local inference continues and another probe will run in 5.0 s: [Errno -2] Name or service not known
[WARN] [1785990153.037359]: Remote inference recovery probe failed; local inference continues and another probe will run in 5.0 s: [Errno -2] Name or service not known
[WARN] [1785990158.139728]: Remote inference recovery probe failed; local inference continues and another probe will run in 5.0 s: [Errno -2] Name or service not known
[WARN] [1785990163.250477]: Remote inference recovery probe failed; local inference continues and another probe will run in 5.0 s: [Errno -2] Name or service not known
[WARN] [1785990168.341590]: Remote inference recovery probe failed; local inference continues and another probe will run in 5.0 s: [Errno -2] Name or service not known
[WARN] [1785990173.414698]: Remote inference recovery probe failed; local inference continues and another probe will run in 5.0 s: [Errno -2] Name or service not known
[WARN] [1785990178.554432]: Remote inference recovery probe failed; local inference continues and another probe will run in 5.0 s: [Errno -2] Name or service not known
[WARN] [1785990183.649271]: Remote inference recovery probe failed; local inference continues and another probe will run in 5.0 s: [Errno -2] Name or service not known
[WARN] [1785990188.835271]: Remote inference recovery probe failed; local inference continues and another probe will run in 5.0 s: [Errno -2] Name or service not known
[WARN] [1785990194.042449]: Remote inference recovery probe failed; local inference continues and another probe will run in 5.0 s: [Errno -2] Name or service not known
[WARN] [1785990199.239702]: Remote inference recovery probe failed; local inference continues and another probe will run in 5.0 s: [Errno -2] Name or service not known
[WARN] [1785990204.435284]: Remote inference recovery probe failed; local inference continues and another probe will run in 5.0 s: [Errno -2] Name or service not known
[WARN] [1785990209.526714]: Remote inference recovery probe failed; local inference continues and another probe will run in 5.0 s: [Errno -2] Name or service not known
[WARN] [1785990214.652631]: Remote inference recovery probe failed; local inference continues and another probe will run in 5.0 s: [Errno -2] Name or service not known
[WARN] [1785990219.710633]: Remote inference recovery probe failed; local inference continues and another probe will run in 5.0 s: [Errno -2] Name or service not known
[WARN] [1785990224.777693]: Remote inference recovery probe failed; local inference continues and another probe will run in 5.0 s: [Errno -2] Name or service not known
[WARN] [1785990229.848984]: Remote inference recovery probe failed; local inference continues and another probe will run in 5.0 s: [Errno -2] Name or service not known
[WARN] [1785990235.015303]: Remote inference recovery probe failed; local inference continues and another probe will run in 5.0 s: [Errno -2] Name or service not known
[WARN] [1785990240.219397]: Remote inference recovery probe failed; local inference continues and another probe will run in 5.0 s: [Errno -2] Name or service not known
[WARN] [1785990245.401976]: Remote inference recovery probe failed; local inference continues and another probe will run in 5.0 s: [Errno -2] Name or service not known
[WARN] [1785990250.485523]: Remote inference recovery probe failed; local inference continues and another probe will run in 5.0 s: [Errno -2] Name or service not known
[WARN] [1785990255.600678]: Remote inference recovery probe failed; local inference continues and another probe will run in 5.0 s: [Errno -2] Name or service not known
[WARN] [1785990260.755642]: Remote inference recovery probe failed; local inference continues and another probe will run in 5.0 s: [Errno -2] Name or service not known
[WARN] [1785990265.815716]: Remote inference recovery probe failed; local inference continues and another probe will run in 5.0 s: [Errno -2] Name or service not known
[WARN] [1785990270.973653]: Remote inference recovery probe failed; local inference continues and another probe will run in 5.0 s: [Errno -2] Name or service not known
[WARN] [1785990276.145773]: Remote inference recovery probe failed; local inference continues and another probe will run in 5.0 s: [Errno -2] Name or service not known
[WARN] [1785990281.331350]: Remote inference recovery probe failed; local inference continues and another probe will run in 5.0 s: [Errno -2] Name or service not known
[WARN] [1785990286.565584]: Remote inference recovery probe failed; local inference continues and another probe will run in 5.0 s: [Errno -2] Name or service not known
[WARN] [1785990291.666646]: Remote inference recovery probe failed; local inference continues and another probe will run in 5.0 s: [Errno -2] Name or service not known
[WARN] [1785990296.851541]: Remote inference recovery probe failed; local inference continues and another probe will run in 5.0 s: [Errno -2] Name or service not known
[WARN] [1785990301.935022]: Remote inference recovery probe failed; local inference continues and another probe will run in 5.0 s: [Errno -2] Name or service not known
[WARN] [1785990307.119734]: Remote inference recovery probe failed; local inference continues and another probe will run in 5.0 s: [Errno -2] Name or service not known
[WARN] [1785990312.274123]: Remote inference recovery probe failed; local inference continues and another probe will run in 5.0 s: [Errno -2] Name or service not known
[WARN] [1785990317.350641]: Remote inference recovery probe failed; local inference continues and another probe will run in 5.0 s: [Errno -2] Name or service not known
[WARN] [1785990322.548221]: Remote inference recovery probe failed; local inference continues and another probe will run in 5.0 s: [Errno -2] Name or service not known
[WARN] [1785990327.746811]: Remote inference recovery probe failed; local inference continues and another probe will run in 5.0 s: [Errno -2] Name or service not known
[WARN] [1785990332.863286]: Remote inference recovery probe failed; local inference continues and another probe will run in 5.0 s: [Errno -2] Name or service not known
[WARN] [1785990337.960660]: Remote inference recovery probe failed; local inference continues and another probe will run in 5.0 s: [Errno -2] Name or service not known
[WARN] [1785990343.106578]: Remote inference recovery probe failed; local inference continues and another probe will run in 5.0 s: [Errno -2] Name or service not known
[WARN] [1785990348.328910]: Remote inference recovery probe failed; local inference continues and another probe will run in 5.0 s: [Errno -2] Name or service not known
[WARN] [1785990353.538386]: Remote inference recovery probe failed; local inference continues and another probe will run in 5.0 s: [Errno -2] Name or service not known
[WARN] [1785990358.650110]: Remote inference recovery probe failed; local inference continues and another probe will run in 5.0 s: [Errno -2] Name or service not known
[WARN] [1785990363.847423]: Remote inference recovery probe failed; local inference continues and another probe will run in 5.0 s: [Errno -2] Name or service not known
[WARN] [1785990369.038986]: Remote inference recovery probe failed; local inference continues and another probe will run in 5.0 s: [Errno -2] Name or service not known
[WARN] [1785990374.191589]: Remote inference recovery probe failed; local inference continues and another probe will run in 5.0 s: [Errno -2] Name or service not known
[WARN] [1785990379.419303]: Remote inference recovery probe failed; local inference continues and another probe will run in 5.0 s: [Errno -2] Name or service not known
[WARN] [1785990384.604725]: Remote inference recovery probe failed; local inference continues and another probe will run in 5.0 s: [Errno -2] Name or service not known
[WARN] [1785990389.809121]: Remote inference recovery probe failed; local inference continues and another probe will run in 5.0 s: [Errno -2] Name or service not known
[WARN] [1785990394.947647]: Remote inference recovery probe failed; local inference continues and another probe will run in 5.0 s: [Errno -2] Name or service not known
[WARN] [1785990400.039562]: Remote inference recovery probe failed; local inference continues and another probe will run in 5.0 s: [Errno -2] Name or service not known
[WARN] [1785990405.215707]: Remote inference recovery probe failed; local inference continues and another probe will run in 5.0 s: [Errno -2] Name or service not known
[WARN] [1785990410.354778]: Remote inference recovery probe failed; local inference continues and another probe will run in 5.0 s: [Errno -2] Name or service not known
[WARN] [1785990415.430326]: Remote inference recovery probe failed; local inference continues and another probe will run in 5.0 s: [Errno -2] Name or service not known
[WARN] [1785990420.648170]: Remote inference recovery probe failed; local inference continues and another probe will run in 5.0 s: [Errno -2] Name or service not known
[WARN] [1785990425.841733]: Remote inference recovery probe failed; local inference continues and another probe will run in 5.0 s: [Errno -2] Name or service not known
[WARN] [1785990431.035416]: Remote inference recovery probe failed; local inference continues and another probe will run in 5.0 s: [Errno -2] Name or service not known
[INFO] [1785989976.920187]: RGB-D vision status: model_ready:onnxruntime targets:3 depth:3 tf:3 semantic_masks:4
[INFO] [1785989981.985253]: RGB-D vision status: model_ready:onnxruntime targets:1 depth:1 tf:1 semantic_masks:3
[INFO] [1785989987.063167]: RGB-D vision status: model_ready:onnxruntime targets:2 depth:2 tf:2 semantic_masks:4
[INFO] [1785989992.538922]: RGB-D vision status: model_ready:onnxruntime targets:3 depth:3 tf:3 semantic_masks:5
[INFO] [1785989997.608920]: RGB-D vision status: model_ready:onnxruntime targets:5 depth:3 tf:3 semantic_masks:6
[INFO] [1785990002.689923]: RGB-D vision status: model_ready:onnxruntime targets:2 depth:2 tf:2 semantic_masks:4
[INFO] [1785990007.746153]: RGB-D vision status: model_ready:onnxruntime targets:3 depth:3 tf:3 semantic_masks:5
[INFO] [1785990013.462636]: RGB-D vision status: model_ready:onnxruntime targets:3 depth:3 tf:3 semantic_masks:6
[INFO] [1785990019.887101]: RGB-D vision status: model_ready:onnxruntime targets:2 depth:2 tf:2 semantic_masks:4
[INFO] [1785990026.082899]: RGB-D vision status: model_ready:onnxruntime targets:3 depth:3 tf:3 semantic_masks:5
[INFO] [1785990031.495529]: RGB-D vision status: model_ready:onnxruntime targets:1 depth:1 tf:1 semantic_masks:3
[INFO] [1785990036.920853]: RGB-D vision status: model_ready:onnxruntime targets:1 depth:1 tf:1 semantic_masks:4
[INFO] [1785990042.436907]: RGB-D vision status: model_ready:onnxruntime targets:2 depth:2 tf:2 semantic_masks:4
[INFO] [1785990047.622410]: RGB-D vision status: model_ready:onnxruntime targets:2 depth:2 tf:2 semantic_masks:4
[INFO] [1785990052.848002]: RGB-D vision status: model_ready:onnxruntime targets:1 depth:1 tf:1 semantic_masks:2
[INFO] [1785990061.115139]: RGB-D vision status: model_ready:onnxruntime targets:1 depth:1 tf:1 semantic_masks:2
[INFO] [1785990067.662263]: RGB-D vision status: model_ready:onnxruntime targets:1 depth:1 tf:1 semantic_masks:4
[INFO] [1785990072.870814]: RGB-D vision status: model_ready:onnxruntime targets:1 depth:1 tf:1 semantic_masks:2
[INFO] [1785990081.812255]: RGB-D vision status: model_ready:onnxruntime targets:2 depth:2 tf:2 semantic_masks:4
[INFO] [1785990087.009573]: RGB-D vision status: model_ready:onnxruntime targets:1 depth:1 tf:1 semantic_masks:3
[INFO] [1785990094.379302]: RGB-D vision status: model_ready:onnxruntime targets:2 depth:2 tf:2 semantic_masks:4
[INFO] [1785990099.417745]: RGB-D vision status: model_ready:onnxruntime targets:2 depth:2 tf:2 semantic_masks:4
[INFO] [1785990104.425011]: RGB-D vision status: model_ready:onnxruntime targets:2 depth:2 tf:2 semantic_masks:5
[INFO] [1785990110.832278]: RGB-D vision status: model_ready:onnxruntime targets:1 depth:1 tf:1 semantic_masks:3
[INFO] [1785990116.037286]: RGB-D vision status: model_ready:onnxruntime targets:1 depth:1 tf:1 semantic_masks:2
[INFO] [1785990121.258174]: RGB-D vision status: model_ready:onnxruntime targets:3 depth:3 tf:3 semantic_masks:6
[INFO] [1785990126.638569]: RGB-D vision status: model_ready:onnxruntime targets:3 depth:3 tf:3 semantic_masks:6
[INFO] [1785990131.978925]: RGB-D vision status: model_ready:onnxruntime targets:1 depth:0 tf:0 semantic_masks:3
[INFO] [1785990137.122532]: RGB-D vision status: model_ready:onnxruntime targets:2 depth:2 tf:2 semantic_masks:4
[INFO] [1785990142.765301]: RGB-D vision status: model_ready:onnxruntime targets:2 depth:1 tf:1 semantic_masks:4
[INFO] [1785990148.588769]: RGB-D vision status: model_ready:onnxruntime targets:1 depth:1 tf:1 semantic_masks:2
[INFO] [1785990154.149988]: RGB-D vision status: model_ready:onnxruntime targets:2 depth:2 tf:2 semantic_masks:4
[INFO] [1785990159.182007]: RGB-D vision status: model_ready:onnxruntime targets:0 depth:0 tf:0 semantic_masks:2
[INFO] [1785990164.893251]: RGB-D vision status: model_ready:onnxruntime targets:0 depth:0 tf:0 semantic_masks:3
[INFO] [1785990170.086490]: RGB-D vision status: model_ready:onnxruntime targets:0 depth:0 tf:0 semantic_masks:2
[INFO] [1785990181.765857]: RGB-D vision status: model_ready:onnxruntime targets:2 depth:2 tf:2 semantic_masks:4
[INFO] [1785990186.817378]: RGB-D vision status: model_ready:onnxruntime targets:2 depth:2 tf:2 semantic_masks:4
[INFO] [1785990193.099619]: RGB-D vision status: model_ready:onnxruntime targets:2 depth:2 tf:2 semantic_masks:4
[INFO] [1785990198.289430]: RGB-D vision status: model_ready:onnxruntime targets:1 depth:1 tf:1 semantic_masks:2
[INFO] [1785990203.367153]: RGB-D vision status: model_ready:onnxruntime targets:2 depth:2 tf:2 semantic_masks:4
[INFO] [1785990209.242348]: RGB-D vision status: model_ready:onnxruntime targets:3 depth:3 tf:3 semantic_masks:4
[INFO] [1785990214.255521]: RGB-D vision status: model_ready:onnxruntime targets:4 depth:4 tf:4 semantic_masks:5
[INFO] [1785990247.555899]: RGB-D vision status: model_ready:onnxruntime targets:2 depth:2 tf:2 semantic_masks:3
[INFO] [1785990253.023023]: RGB-D vision status: model_ready:onnxruntime targets:2 depth:2 tf:2 semantic_masks:3
[INFO] [1785990258.360370]: RGB-D vision status: model_ready:onnxruntime targets:2 depth:2 tf:2 semantic_masks:3
[INFO] [1785990264.109458]: RGB-D vision status: model_ready:onnxruntime targets:2 depth:2 tf:2 semantic_masks:3
[INFO] [1785990272.038916]: RGB-D vision status: model_ready:onnxruntime targets:2 depth:2 tf:2 semantic_masks:3
[INFO] [1785990277.520257]: RGB-D vision status: model_ready:onnxruntime targets:2 depth:2 tf:2 semantic_masks:3
[INFO] [1785990282.648423]: RGB-D vision status: model_ready:onnxruntime targets:4 depth:3 tf:3 semantic_masks:5
[INFO] [1785990295.782892]: RGB-D vision status: model_ready:onnxruntime targets:2 depth:2 tf:2 semantic_masks:3
[INFO] [1785990303.389434]: RGB-D vision status: model_ready:onnxruntime targets:2 depth:2 tf:2 semantic_masks:3
[INFO] [1785990342.026174]: RGB-D vision status: model_ready:onnxruntime targets:2 depth:1 tf:1 semantic_masks:3
[INFO] [1785990349.386536]: RGB-D vision status: model_ready:onnxruntime targets:2 depth:2 tf:2 semantic_masks:3
[INFO] [1785990354.611106]: RGB-D vision status: model_ready:onnxruntime targets:2 depth:2 tf:2 semantic_masks:3
[INFO] [1785990359.844308]: RGB-D vision status: model_ready:onnxruntime targets:2 depth:2 tf:2 semantic_masks:4
[INFO] [1785990365.176372]: RGB-D vision status: model_ready:onnxruntime targets:2 depth:2 tf:2 semantic_masks:4
[INFO] [1785990370.799169]: RGB-D vision status: model_ready:onnxruntime targets:3 depth:3 tf:3 semantic_masks:4
[INFO] [1785990375.941966]: RGB-D vision status: model_ready:onnxruntime targets:1 depth:0 tf:0 semantic_masks:2
[INFO] [1785990381.242261]: RGB-D vision status: model_ready:onnxruntime targets:1 depth:1 tf:1 semantic_masks:2
[INFO] [1785990386.602939]: RGB-D vision status: model_ready:onnxruntime targets:2 depth:1 tf:1 semantic_masks:3
[INFO] [1785990392.340876]: RGB-D vision status: model_ready:onnxruntime targets:1 depth:1 tf:1 semantic_masks:2
[INFO] [1785990397.604383]: RGB-D vision status: model_ready:onnxruntime targets:1 depth:1 tf:1 semantic_masks:2
[INFO] [1785990404.572728]: RGB-D vision status: model_ready:onnxruntime targets:2 depth:1 tf:1 semantic_masks:3
[INFO] [1785990409.730558]: RGB-D vision status: model_ready:onnxruntime targets:3 depth:2 tf:2 semantic_masks:4
[INFO] [1785990414.763958]: RGB-D vision status: model_ready:onnxruntime targets:2 depth:2 tf:2 semantic_masks:3
[INFO] [1785990419.842357]: RGB-D vision status: model_ready:onnxruntime targets:2 depth:2 tf:2 semantic_masks:4
[INFO] [1785990424.911211]: RGB-D vision status: model_ready:onnxruntime targets:3 depth:3 tf:3 semantic_masks:5
[INFO] [1785990429.955214]: RGB-D vision status: model_ready:onnxruntime targets:3 depth:3 tf:3 semantic_masks:5
[INFO] [1785990435.791673]: RGB-D vision status: model_ready:onnxruntime targets:1 depth:1 tf:1 semantic_masks:3
[INFO] [1785990440.835567]: RGB-D vision status: model_ready:onnxruntime targets:2 depth:1 tf:1 semantic_masks:3
[INFO] [1785990445.859207]: RGB-D vision status: model_ready:onnxruntime targets:2 depth:0 tf:0 semantic_masks:3
[INFO] [1785990451.425081]: RGB-D vision status: model_ready:onnxruntime targets:2 depth:2 tf:2 semantic_masks:3
[WARN] [1785990436.188328]: Remote inference recovery probe failed; local inference continues and another probe will run in 5.0 s: [Errno -2] Name or service not known
[WARN] [1785990441.347804]: Remote inference recovery probe failed; local inference continues and another probe will run in 5.0 s: [Errno -2] Name or service not known
[WARN] [1785990446.542978]: Remote inference recovery probe failed; local inference continues and another probe will run in 5.0 s: [Errno -2] Name or service not known
[WARN] [1785990451.689179]: Remote inference recovery probe failed; local inference continues and another probe will run in 5.0 s: [Errno -2] Name or service not known
[WARN] [1785990456.865213]: Remote inference recovery probe failed; local inference continues and another probe will run in 5.0 s: [Errno -2] Name or service not known
[WARN] [1785990462.007871]: Remote inference recovery probe failed; local inference continues and another probe will run in 5.0 s: [Errno -2] Name or service not known
[WARN] [1785990467.236991]: Remote inference recovery probe failed; local inference continues and another probe will run in 5.0 s: [Errno -2] Name or service not known
[WARN] [1785990472.337420]: Remote inference recovery probe failed; local inference continues and another probe will run in 5.0 s: [Errno -2] Name or service not known
[WARN] [1785990477.395786]: Remote inference recovery probe failed; local inference continues and another probe will run in 5.0 s: [Errno -2] Name or service not known
[WARN] [1785990482.548676]: Remote inference recovery probe failed; local inference continues and another probe will run in 5.0 s: [Errno -2] Name or service not known
[WARN] [1785990487.621743]: Remote inference recovery probe failed; local inference continues and another probe will run in 5.0 s: [Errno -2] Name or service not known
[WARN] [1785990492.762758]: Remote inference recovery probe failed; local inference continues and another probe will run in 5.0 s: [Errno -2] Name or service not known
[WARN] [1785990497.957428]: Remote inference recovery probe failed; local inference continues and another probe will run in 5.0 s: [Errno -2] Name or service not known
[WARN] [1785990503.019040]: Remote inference recovery probe failed; local inference continues and another probe will run in 5.0 s: [Errno -2] Name or service not known
[WARN] [1785990508.103056]: Remote inference recovery probe failed; local inference continues and another probe will run in 5.0 s: [Errno -2] Name or service not known
[WARN] [1785990513.184416]: Remote inference recovery probe failed; local inference continues and another probe will run in 5.0 s: [Errno -2] Name or service not known
[WARN] [1785990518.394531]: Remote inference recovery probe failed; local inference continues and another probe will run in 5.0 s: [Errno -2] Name or service not known
[WARN] [1785990523.578182]: Remote inference recovery probe failed; local inference continues and another probe will run in 5.0 s: [Errno -2] Name or service not known
[WARN] [1785990528.725823]: Remote inference recovery probe failed; local inference continues and another probe will run in 5.0 s: [Errno -2] Name or service not known
[WARN] [1785990533.919245]: Remote inference recovery probe failed; local inference continues and another probe will run in 5.0 s: [Errno -2] Name or service not known
[WARN] [1785990538.999271]: Remote inference recovery probe failed; local inference continues and another probe will run in 5.0 s: [Errno -2] Name or service not known
[WARN] [1785990544.208599]: Remote inference recovery probe failed; local inference continues and another probe will run in 5.0 s: [Errno -2] Name or service not known
[WARN] [1785990549.352146]: Remote inference recovery probe failed; local inference continues and another probe will run in 5.0 s: [Errno -2] Name or service not known
[WARN] [1785990554.539327]: Remote inference recovery probe failed; local inference continues and another probe will run in 5.0 s: [Errno -2] Name or service not known
[WARN] [1785990559.650007]: Remote inference recovery probe failed; local inference continues and another probe will run in 5.0 s: [Errno -2] Name or service not known
[WARN] [1785990564.752887]: Remote inference recovery probe failed; local inference continues and another probe will run in 5.0 s: [Errno -2] Name or service not known
[WARN] [1785990569.896789]: Remote inference recovery probe failed; local inference continues and another probe will run in 5.0 s: [Errno -2] Name or service not known
[WARN] [1785990575.024020]: Remote inference recovery probe failed; local inference continues and another probe will run in 5.0 s: [Errno -2] Name or service not known
[WARN] [1785990580.112403]: Remote inference recovery probe failed; local inference continues and another probe will run in 5.0 s: [Errno -2] Name or service not known
[WARN] [1785990585.298728]: Remote inference recovery probe failed; local inference continues and another probe will run in 5.0 s: [Errno -2] Name or service not known
[WARN] [1785990590.368215]: Remote inference recovery probe failed; local inference continues and another probe will run in 5.0 s: [Errno -2] Name or service not known
[WARN] [1785990595.522059]: Remote inference recovery probe failed; local inference continues and another probe will run in 5.0 s: [Errno -2] Name or service not known
[WARN] [1785990600.720494]: Remote inference recovery probe failed; local inference continues and another probe will run in 5.0 s: [Errno -2] Name or service not known
[WARN] [1785990605.937959]: Remote inference recovery probe failed; local inference continues and another probe will run in 5.0 s: [Errno -2] Name or service not known
[WARN] [1785990611.076532]: Remote inference recovery probe failed; local inference continues and another probe will run in 5.0 s: [Errno -2] Name or service not known
[WARN] [1785990616.263462]: Remote inference recovery probe failed; local inference continues and another probe will run in 5.0 s: [Errno -2] Name or service not known
[WARN] [1785990621.459810]: Remote inference recovery probe failed; local inference continues and another probe will run in 5.0 s: [Errno -2] Name or service not known
[WARN] [1785990626.515075]: Remote inference recovery probe failed; local inference continues and another probe will run in 5.0 s: [Errno -2] Name or service not known
[WARN] [1785990631.629387]: Remote inference recovery probe failed; local inference continues and another probe will run in 5.0 s: [Errno -2] Name or service not known
[WARN] [1785990636.817188]: Remote inference recovery probe failed; local inference continues and another probe will run in 5.0 s: [Errno -2] Name or service not known
[WARN] [1785990641.999477]: Remote inference recovery probe failed; local inference continues and another probe will run in 5.0 s: [Errno -2] Name or service not known
[WARN] [1785990647.089848]: Remote inference recovery probe failed; local inference continues and another probe will run in 5.0 s: [Errno -2] Name or service not known
[WARN] [1785990652.165642]: Remote inference recovery probe failed; local inference continues and another probe will run in 5.0 s: [Errno -2] Name or service not known
[WARN] [1785990657.285466]: Remote inference recovery probe failed; local inference continues and another probe will run in 5.0 s: [Errno -2] Name or service not known
[WARN] [1785990662.375077]: Remote inference recovery probe failed; local inference continues and another probe will run in 5.0 s: [Errno -2] Name or service not known
[WARN] [1785990667.451064]: Remote inference recovery probe failed; local inference continues and another probe will run in 5.0 s: [Errno -2] Name or service not known
[WARN] [1785990672.527755]: Remote inference recovery probe failed; local inference continues and another probe will run in 5.0 s: [Errno -2] Name or service not known
[WARN] [1785990677.623420]: Remote inference recovery probe failed; local inference continues and another probe will run in 5.0 s: [Errno -2] Name or service not known
[WARN] [1785990682.795800]: Remote inference recovery probe failed; local inference continues and another probe will run in 5.0 s: [Errno -2] Name or service not known
[WARN] [1785990688.935733]: Remote inference recovery probe failed; local inference continues and another probe will run in 5.0 s: [Errno -2] Name or service not known
[WARN] [1785990694.063722]: Remote inference recovery probe failed; local inference continues and another probe will run in 5.0 s: [Errno -2] Name or service not known
[WARN] [1785990699.206138]: Remote inference recovery probe failed; local inference continues and another probe will run in 5.0 s: [Errno -2] Name or service not known
[WARN] [1785990704.401214]: Remote inference recovery probe failed; local inference continues and another probe will run in 5.0 s: [Errno -2] Name or service not known
[WARN] [1785990709.480258]: Remote inference recovery probe failed; local inference continues and another probe will run in 5.0 s: [Errno -2] Name or service not known
[WARN] [1785990714.676078]: Remote inference recovery probe failed; local inference continues and another probe will run in 5.0 s: [Errno -2] Name or service not known
[WARN] [1785990719.773721]: Remote inference recovery probe failed; local inference continues and another probe will run in 5.0 s: [Errno -2] Name or service not known
[WARN] [1785990724.965904]: Remote inference recovery probe failed; local inference continues and another probe will run in 5.0 s: [Errno -2] Name or service not known
[WARN] [1785990730.164987]: Remote inference recovery probe failed; local inference continues and another probe will run in 5.0 s: [Errno -2] Name or service not known
[WARN] [1785990735.301676]: Remote inference recovery probe failed; local inference continues and another probe will run in 5.0 s: [Errno -2] Name or service not known
[WARN] [1785990740.458635]: Remote inference recovery probe failed; local inference continues and another probe will run in 5.0 s: [Errno -2] Name or service not known
[WARN] [1785990745.649822]: Remote inference recovery probe failed; local inference continues and another probe will run in 5.0 s: [Errno -2] Name or service not known
[WARN] [1785990750.806808]: Remote inference recovery probe failed; local inference continues and another probe will run in 5.0 s: [Errno -2] Name or service not known
[WARN] [1785990755.966721]: Remote inference recovery probe failed; local inference continues and another probe will run in 5.0 s: [Errno -2] Name or service not known
[WARN] [1785990761.060577]: Remote inference recovery probe failed; local inference continues and another probe will run in 5.0 s: [Errno -2] Name or service not known
[WARN] [1785990766.171130]: Remote inference recovery probe failed; local inference continues and another probe will run in 5.0 s: [Errno -2] Name or service not known
[WARN] [1785990771.264865]: Remote inference recovery probe failed; local inference continues and another probe will run in 5.0 s: [Errno -2] Name or service not known
[WARN] [1785990776.353156]: Remote inference recovery probe failed; local inference continues and another probe will run in 5.0 s: [Errno -2] Name or service not known
[WARN] [1785990781.617862]: Remote inference recovery probe failed; local inference continues and another probe will run in 5.0 s: [Errno -2] Name or service not known
[WARN] [1785990786.764222]: Remote inference recovery probe failed; local inference continues and another probe will run in 5.0 s: [Errno -2] Name or service not known
[WARN] [1785990791.951357]: Remote inference recovery probe failed; local inference continues and another probe will run in 5.0 s: [Errno -2] Name or service not known
[WARN] [1785990797.142066]: Remote inference recovery probe failed; local inference continues and another probe will run in 5.0 s: [Errno -2] Name or service not known
[WARN] [1785990802.294269]: Remote inference recovery probe failed; local inference continues and another probe will run in 5.0 s: [Errno -2] Name or service not known
[WARN] [1785990807.431904]: Remote inference recovery probe failed; local inference continues and another probe will run in 5.0 s: [Errno -2] Name or service not known
[WARN] [1785990812.538616]: Remote inference recovery probe failed; local inference continues and another probe will run in 5.0 s: [Errno -2] Name or service not known
[WARN] [1785990817.637493]: Remote inference recovery probe failed; local inference continues and another probe will run in 5.0 s: [Errno -2] Name or service not known
[WARN] [1785990822.739526]: Remote inference recovery probe failed; local inference continues and another probe will run in 5.0 s: [Errno -2] Name or service not known
[WARN] [1785990827.940116]: Remote inference recovery probe failed; local inference continues and another probe will run in 5.0 s: [Errno -2] Name or service not known
[WARN] [1785990833.130415]: Remote inference recovery probe failed; local inference continues and another probe will run in 5.0 s: [Errno -2] Name or service not known
[WARN] [1785990838.257952]: Remote inference recovery probe failed; local inference continues and another probe will run in 5.0 s: [Errno -2] Name or service not known
[WARN] [1785990843.420444]: Remote inference recovery probe failed; local inference continues and another probe will run in 5.0 s: [Errno -2] Name or service not known
[WARN] [1785990848.600201]: Remote inference recovery probe failed; local inference continues and another probe will run in 5.0 s: [Errno -2] Name or service not known
[WARN] [1785990853.673982]: Remote inference recovery probe failed; local inference continues and another probe will run in 5.0 s: [Errno -2] Name or service not known
[WARN] [1785990858.815418]: Remote inference recovery probe failed; local inference continues and another probe will run in 5.0 s: [Errno -2] Name or service not known
[WARN] [1785990864.004384]: Remote inference recovery probe failed; local inference continues and another probe will run in 5.0 s: [Errno -2] Name or service not known
[WARN] [1785990869.083445]: Remote inference recovery probe failed; local inference continues and another probe will run in 5.0 s: [Errno -2] Name or service not known
[WARN] [1785990874.154730]: Remote inference recovery probe failed; local inference continues and another probe will run in 5.0 s: [Errno -2] Name or service not known
[WARN] [1785990879.235245]: Remote inference recovery probe failed; local inference continues and another probe will run in 5.0 s: [Errno -2] Name or service not known
[WARN] [1785990884.458297]: Remote inference recovery probe failed; local inference continues and another probe will run in 5.0 s: [Errno -2] Name or service not known
[WARN] [1785990889.604039]: Remote inference recovery probe failed; local inference continues and another probe will run in 5.0 s: [Errno -2] Name or service not known
[WARN] [1785990894.803960]: Remote inference recovery probe failed; local inference continues and another probe will run in 5.0 s: [Errno -2] Name or service not known
[WARN] [1785990900.001940]: Remote inference recovery probe failed; local inference continues and another probe will run in 5.0 s: [Errno -2] Name or service not known
[WARN] [1785990905.120978]: Remote inference recovery probe failed; local inference continues and another probe will run in 5.0 s: [Errno -2] Name or service not known
[WARN] [1785990910.252032]: Remote inference recovery probe failed; local inference continues and another probe will run in 5.0 s: [Errno -2] Name or service not known
[WARN] [1785990915.394252]: Remote inference recovery probe failed; local inference continues and another probe will run in 5.0 s: [Errno -2] Name or service not known
[WARN] [1785990920.586110]: Remote inference recovery probe failed; local inference continues and another probe will run in 5.0 s: [Errno -2] Name or service not known
[WARN] [1785990925.683557]: Remote inference recovery probe failed; local inference continues and another probe will run in 5.0 s: [Errno -2] Name or service not known
[INFO] [1785990457.875665]: RGB-D vision status: model_ready:onnxruntime targets:3 depth:3 tf:3 semantic_masks:4
[INFO] [1785990463.729719]: RGB-D vision status: model_ready:onnxruntime targets:3 depth:3 tf:3 semantic_masks:5
[INFO] [1785990468.841692]: RGB-D vision status: model_ready:onnxruntime targets:2 depth:2 tf:2 semantic_masks:5
[INFO] [1785990474.078742]: RGB-D vision status: model_ready:onnxruntime targets:1 depth:0 tf:0 semantic_masks:3
[INFO] [1785990479.151729]: RGB-D vision status: model_ready:onnxruntime targets:3 depth:2 tf:2 semantic_masks:5
[INFO] [1785990484.162743]: RGB-D vision status: model_ready:onnxruntime targets:4 depth:4 tf:4 semantic_masks:5
[INFO] [1785990489.178281]: RGB-D vision status: model_ready:onnxruntime targets:1 depth:0 tf:0 semantic_masks:2
[INFO] [1785990494.211441]: RGB-D vision status: model_ready:onnxruntime targets:1 depth:1 tf:1 semantic_masks:3
[INFO] [1785990499.212548]: RGB-D vision status: model_ready:onnxruntime targets:2 depth:2 tf:2 semantic_masks:4
[INFO] [1785990504.254910]: RGB-D vision status: model_ready:onnxruntime targets:1 depth:1 tf:1 semantic_masks:3
[INFO] [1785990509.839699]: RGB-D vision status: model_ready:onnxruntime targets:1 depth:1 tf:1 semantic_masks:2
[INFO] [1785990517.190148]: RGB-D vision status: model_ready:onnxruntime targets:2 depth:2 tf:2 semantic_masks:4
[INFO] [1785990522.381750]: RGB-D vision status: model_ready:onnxruntime targets:1 depth:1 tf:1 semantic_masks:2
[INFO] [1785990528.861528]: RGB-D vision status: model_ready:onnxruntime targets:2 depth:2 tf:2 semantic_masks:3
[INFO] [1785990536.076351]: RGB-D vision status: model_ready:onnxruntime targets:1 depth:1 tf:1 semantic_masks:3
[INFO] [1785990544.336958]: RGB-D vision status: model_ready:onnxruntime targets:1 depth:1 tf:1 semantic_masks:2
[INFO] [1785990549.354322]: RGB-D vision status: model_ready:onnxruntime targets:0 depth:0 tf:0 semantic_masks:1
[INFO] [1785990560.390923]: RGB-D vision status: model_ready:onnxruntime targets:1 depth:1 tf:1 semantic_masks:2
[INFO] [1785990705.211717]: RGB-D vision status: model_ready:onnxruntime targets:1 depth:1 tf:1 semantic_masks:2
[INFO] [1785990710.828896]: RGB-D vision status: model_ready:onnxruntime targets:1 depth:0 tf:0 semantic_masks:2
[INFO] [1785990716.706252]: RGB-D vision status: model_ready:onnxruntime targets:2 depth:2 tf:2 semantic_masks:3
[INFO] [1785990721.921063]: RGB-D vision status: model_ready:onnxruntime targets:1 depth:1 tf:1 semantic_masks:2
[INFO] [1785990726.954211]: RGB-D vision status: model_ready:onnxruntime targets:0 depth:0 tf:0 semantic_masks:1
[INFO] [1785990732.040598]: RGB-D vision status: model_ready:onnxruntime targets:0 depth:0 tf:0 semantic_masks:1
[INFO] [1785990737.115985]: RGB-D vision status: model_ready:onnxruntime targets:0 depth:0 tf:0 semantic_masks:1
[INFO] [1785990742.172774]: RGB-D vision status: model_ready:onnxruntime targets:1 depth:1 tf:1 semantic_masks:2
[INFO] [1785990747.374387]: RGB-D vision status: model_ready:onnxruntime targets:1 depth:0 tf:0 semantic_masks:2
[INFO] [1785990752.379833]: RGB-D vision status: model_ready:onnxruntime targets:1 depth:1 tf:1 semantic_masks:2
[INFO] [1785990760.235424]: RGB-D vision status: model_ready:onnxruntime targets:1 depth:1 tf:1 semantic_masks:3
[INFO] [1785990765.343445]: RGB-D vision status: model_ready:onnxruntime targets:2 depth:2 tf:2 semantic_masks:3
[INFO] [1785990770.497386]: RGB-D vision status: model_ready:onnxruntime targets:2 depth:2 tf:2 semantic_masks:3
[INFO] [1785990775.548515]: RGB-D vision status: model_ready:onnxruntime targets:2 depth:2 tf:2 semantic_masks:4
[INFO] [1785990780.740230]: RGB-D vision status: model_ready:onnxruntime targets:2 depth:1 tf:1 semantic_masks:4
[INFO] [1785990786.093081]: RGB-D vision status: model_ready:onnxruntime targets:2 depth:2 tf:2 semantic_masks:3
[INFO] [1785990791.291073]: RGB-D vision status: model_ready:onnxruntime targets:2 depth:2 tf:2 semantic_masks:4
[INFO] [1785990797.438035]: RGB-D vision status: model_ready:onnxruntime targets:2 depth:2 tf:2 semantic_masks:3
[INFO] [1785990802.821348]: RGB-D vision status: model_ready:onnxruntime targets:1 depth:1 tf:1 semantic_masks:2
[INFO] [1785990807.967196]: RGB-D vision status: model_ready:onnxruntime targets:1 depth:1 tf:1 semantic_masks:2
[INFO] [1785990813.436911]: RGB-D vision status: model_ready:onnxruntime targets:1 depth:1 tf:1 semantic_masks:2
[INFO] [1785990818.441668]: RGB-D vision status: model_ready:onnxruntime targets:1 depth:1 tf:1 semantic_masks:2
[INFO] [1785990823.519630]: RGB-D vision status: model_ready:onnxruntime targets:1 depth:1 tf:1 semantic_masks:2
[INFO] [1785990828.590071]: RGB-D vision status: model_ready:onnxruntime targets:1 depth:1 tf:1 semantic_masks:2
[INFO] [1785990833.803868]: RGB-D vision status: model_ready:onnxruntime targets:1 depth:1 tf:1 semantic_masks:2
[INFO] [1785990838.924455]: RGB-D vision status: model_ready:onnxruntime targets:1 depth:1 tf:1 semantic_masks:2
[INFO] [1785990843.962447]: RGB-D vision status: model_ready:onnxruntime targets:1 depth:1 tf:1 semantic_masks:2
[INFO] [1785990848.989935]: RGB-D vision status: model_ready:onnxruntime targets:0 depth:0 tf:0 semantic_masks:1
[INFO] [1785990854.075063]: RGB-D vision status: model_ready:onnxruntime targets:0 depth:0 tf:0 semantic_masks:1
[INFO] [1785990859.081285]: RGB-D vision status: model_ready:onnxruntime targets:0 depth:0 tf:0 semantic_masks:1
[INFO] [1785990864.158916]: RGB-D vision status: model_ready:onnxruntime targets:1 depth:1 tf:1 semantic_masks:2
[INFO] [1785990869.354072]: RGB-D vision status: model_ready:onnxruntime targets:0 depth:0 tf:0 semantic_masks:1
[INFO] [1785990874.554319]: RGB-D vision status: model_ready:onnxruntime targets:0 depth:0 tf:0 semantic_masks:1
[INFO] [1785990879.636809]: RGB-D vision status: model_ready:onnxruntime targets:0 depth:0 tf:0 semantic_masks:1
[INFO] [1785990884.703632]: RGB-D vision status: model_ready:onnxruntime targets:1 depth:1 tf:1 semantic_masks:2
[INFO] [1785990889.858394]: RGB-D vision status: model_ready:onnxruntime targets:1 depth:1 tf:1 semantic_masks:2
[INFO] [1785990898.093310]: RGB-D vision status: model_ready:onnxruntime targets:1 depth:1 tf:1 semantic_masks:2
[INFO] [1785990903.516383]: RGB-D vision status: model_ready:onnxruntime targets:1 depth:1 tf:1 semantic_masks:2
[INFO] [1785990908.749961]: RGB-D vision status: model_ready:onnxruntime targets:1 depth:1 tf:1 semantic_masks:2
[INFO] [1785990915.528776]: RGB-D vision status: model_ready:onnxruntime targets:1 depth:1 tf:1 semantic_masks:2
[INFO] [1785990925.269764]: RGB-D vision status: model_ready:onnxruntime targets:1 depth:1 tf:1 semantic_masks:2
[INFO] [1785990931.402551]: RGB-D vision status: model_ready:onnxruntime targets:1 depth:1 tf:1 semantic_masks:2
[INFO] [1785990937.681341]: RGB-D vision status: model_ready:onnxruntime targets:1 depth:1 tf:1 semantic_masks:2
[INFO] [1785990943.122949]: RGB-D vision status: model_ready:onnxruntime targets:1 depth:1 tf:1 semantic_masks:2
[INFO] [1785990949.078198]: RGB-D vision status: model_ready:onnxruntime targets:1 depth:1 tf:1 semantic_masks:2
[INFO] [1785990958.694193]: RGB-D vision status: model_ready:onnxruntime targets:1 depth:1 tf:1 semantic_masks:2
[INFO] [1785990964.725730]: RGB-D vision status: model_ready:onnxruntime targets:1 depth:1 tf:1 semantic_masks:2
[INFO] [1785990970.304518]: RGB-D vision status: model_ready:onnxruntime targets:0 depth:0 tf:0 semantic_masks:1
[INFO] [1785990976.364894]: RGB-D vision status: model_ready:onnxruntime targets:0 depth:0 tf:0 semantic_masks:1
[INFO] [1785990981.694217]: RGB-D vision status: model_ready:onnxruntime targets:0 depth:0 tf:0 semantic_masks:1
[INFO] [1785990988.804010]: RGB-D vision status: model_ready:onnxruntime targets:1 depth:1 tf:1 semantic_masks:2
[INFO] [1785990993.996478]: RGB-D vision status: model_ready:onnxruntime targets:0 depth:0 tf:0 semantic_masks:1
[INFO] [1785990999.206955]: RGB-D vision status: model_ready:onnxruntime targets:0 depth:0 tf:0 semantic_masks:1
[INFO] [1785991004.250004]: RGB-D vision status: model_ready:onnxruntime targets:0 depth:0 tf:0 semantic_masks:1
[WARN] [1785990930.856146]: Remote inference recovery probe failed; local inference continues and another probe will run in 5.0 s: [Errno -2] Name or service not known
[WARN] [1785990935.952965]: Remote inference recovery probe failed; local inference continues and another probe will run in 5.0 s: [Errno -2] Name or service not known
[WARN] [1785990941.153211]: Remote inference recovery probe failed; local inference continues and another probe will run in 5.0 s: [Errno -2] Name or service not known
[WARN] [1785990946.364749]: Remote inference recovery probe failed; local inference continues and another probe will run in 5.0 s: [Errno -2] Name or service not known
[WARN] [1785990951.487939]: Remote inference recovery probe failed; local inference continues and another probe will run in 5.0 s: [Errno -2] Name or service not known
[WARN] [1785990956.678696]: Remote inference recovery probe failed; local inference continues and another probe will run in 5.0 s: [Errno -2] Name or service not known
[WARN] [1785990961.753353]: Remote inference recovery probe failed; local inference continues and another probe will run in 5.0 s: [Errno -2] Name or service not known
[WARN] [1785990966.825939]: Remote inference recovery probe failed; local inference continues and another probe will run in 5.0 s: [Errno -2] Name or service not known
[WARN] [1785990971.903207]: Remote inference recovery probe failed; local inference continues and another probe will run in 5.0 s: [Errno -2] Name or service not known
[WARN] [1785990977.013560]: Remote inference recovery probe failed; local inference continues and another probe will run in 5.0 s: [Errno -2] Name or service not known
[WARN] [1785990982.131041]: Remote inference recovery probe failed; local inference continues and another probe will run in 5.0 s: [Errno -2] Name or service not known
[WARN] [1785990987.352482]: Remote inference recovery probe failed; local inference continues and another probe will run in 5.0 s: [Errno -2] Name or service not known
[WARN] [1785990992.576766]: Remote inference recovery probe failed; local inference continues and another probe will run in 5.0 s: [Errno -2] Name or service not known
[WARN] [1785990997.767185]: Remote inference recovery probe failed; local inference continues and another probe will run in 5.0 s: [Errno -2] Name or service not known
[WARN] [1785991002.929965]: Remote inference recovery probe failed; local inference continues and another probe will run in 5.0 s: [Errno -2] Name or service not known
[WARN] [1785991008.118418]: Remote inference recovery probe failed; local inference continues and another probe will run in 5.0 s: [Errno -2] Name or service not known
[WARN] [1785991013.269817]: Remote inference recovery probe failed; local inference continues and another probe will run in 5.0 s: [Errno -2] Name or service not known
[WARN] [1785991018.331840]: Remote inference recovery probe failed; local inference continues and another probe will run in 5.0 s: [Errno -2] Name or service not known
[WARN] [1785991023.426324]: Remote inference recovery probe failed; local inference continues and another probe will run in 5.0 s: [Errno -2] Name or service not known
[WARN] [1785991028.549020]: Remote inference recovery probe failed; local inference continues and another probe will run in 5.0 s: [Errno -2] Name or service not known
[WARN] [1785991033.645644]: Remote inference recovery probe failed; local inference continues and another probe will run in 5.0 s: [Errno -2] Name or service not known
[WARN] [1785991038.834833]: Remote inference recovery probe failed; local inference continues and another probe will run in 5.0 s: [Errno -2] Name or service not known
[WARN] [1785991043.893580]: Remote inference recovery probe failed; local inference continues and another probe will run in 5.0 s: [Errno -2] Name or service not known
[WARN] [1785991048.979502]: Remote inference recovery probe failed; local inference continues and another probe will run in 5.0 s: [Errno -2] Name or service not known
[WARN] [1785991054.163389]: Remote inference recovery probe failed; local inference continues and another probe will run in 5.0 s: [Errno -2] Name or service not known
[WARN] [1785991059.233890]: Remote inference recovery probe failed; local inference continues and another probe will run in 5.0 s: [Errno -2] Name or service not known
[WARN] [1785991064.321082]: Remote inference recovery probe failed; local inference continues and another probe will run in 5.0 s: [Errno -2] Name or service not known
[WARN] [1785991069.509317]: Remote inference recovery probe failed; local inference continues and another probe will run in 5.0 s: [Errno -2] Name or service not known
[WARN] [1785991074.590625]: Remote inference recovery probe failed; local inference continues and another probe will run in 5.0 s: [Errno -2] Name or service not known
[WARN] [1785991079.793475]: Remote inference recovery probe failed; local inference continues and another probe will run in 5.0 s: [Errno -2] Name or service not known
[WARN] [1785991084.928713]: Remote inference recovery probe failed; local inference continues and another probe will run in 5.0 s: [Errno -2] Name or service not known
[WARN] [1785991090.015222]: Remote inference recovery probe failed; local inference continues and another probe will run in 5.0 s: [Errno -2] Name or service not known
[WARN] [1785991095.062011]: Remote inference recovery probe failed; local inference continues and another probe will run in 5.0 s: [Errno -2] Name or service not known
[WARN] [1785991100.168706]: Remote inference recovery probe failed; local inference continues and another probe will run in 5.0 s: [Errno -2] Name or service not known
[WARN] [1785991105.358123]: Remote inference recovery probe failed; local inference continues and another probe will run in 5.0 s: [Errno -2] Name or service not known
[WARN] [1785991110.551706]: Remote inference recovery probe failed; local inference continues and another probe will run in 5.0 s: [Errno -2] Name or service not known
[WARN] [1785991115.626013]: Remote inference recovery probe failed; local inference continues and another probe will run in 5.0 s: [Errno -2] Name or service not known
[WARN] [1785991120.685462]: Remote inference recovery probe failed; local inference continues and another probe will run in 5.0 s: [Errno -2] Name or service not known
[WARN] [1785991125.784157]: Remote inference recovery probe failed; local inference continues and another probe will run in 5.0 s: [Errno -2] Name or service not known
[WARN] [1785991130.946697]: Remote inference recovery probe failed; local inference continues and another probe will run in 5.0 s: [Errno -2] Name or service not known
[WARN] [1785991136.046993]: Remote inference recovery probe failed; local inference continues and another probe will run in 5.0 s: [Errno -2] Name or service not known
[WARN] [1785991141.227444]: Remote inference recovery probe failed; local inference continues and another probe will run in 5.0 s: [Errno -2] Name or service not known
[WARN] [1785991146.321835]: Remote inference recovery probe failed; local inference continues and another probe will run in 5.0 s: [Errno -2] Name or service not known
[WARN] [1785991151.401258]: Remote inference recovery probe failed; local inference continues and another probe will run in 5.0 s: [Errno -2] Name or service not known
[WARN] [1785991156.510168]: Remote inference recovery probe failed; local inference continues and another probe will run in 5.0 s: [Errno -2] Name or service not known
[WARN] [1785991161.658342]: Remote inference recovery probe failed; local inference continues and another probe will run in 5.0 s: [Errno -2] Name or service not known
[WARN] [1785991166.738335]: Remote inference recovery probe failed; local inference continues and another probe will run in 5.0 s: [Errno -2] Name or service not known
[WARN] [1785991171.938567]: Remote inference recovery probe failed; local inference continues and another probe will run in 5.0 s: [Errno -2] Name or service not known
[WARN] [1785991177.091667]: Remote inference recovery probe failed; local inference continues and another probe will run in 5.0 s: [Errno -2] Name or service not known
[WARN] [1785991182.329581]: Remote inference recovery probe failed; local inference continues and another probe will run in 5.0 s: [Errno -2] Name or service not known
[WARN] [1785991187.484344]: Remote inference recovery probe failed; local inference continues and another probe will run in 5.0 s: [Errno -2] Name or service not known
[WARN] [1785991192.619555]: Remote inference recovery probe failed; local inference continues and another probe will run in 5.0 s: [Errno -2] Name or service not known
[WARN] [1785991197.701694]: Remote inference recovery probe failed; local inference continues and another probe will run in 5.0 s: [Errno -2] Name or service not known
[WARN] [1785991202.770286]: Remote inference recovery probe failed; local inference continues and another probe will run in 5.0 s: [Errno -2] Name or service not known
[WARN] [1785991207.848864]: Remote inference recovery probe failed; local inference continues and another probe will run in 5.0 s: [Errno -2] Name or service not known
[WARN] [1785991213.056061]: Remote inference recovery probe failed; local inference continues and another probe will run in 5.0 s: [Errno -2] Name or service not known
[WARN] [1785991218.250030]: Remote inference recovery probe failed; local inference continues and another probe will run in 5.0 s: [Errno -2] Name or service not known
[WARN] [1785991223.469888]: Remote inference recovery probe failed; local inference continues and another probe will run in 5.0 s: [Errno -2] Name or service not known
[WARN] [1785991228.640442]: Remote inference recovery probe failed; local inference continues and another probe will run in 5.0 s: [Errno -2] Name or service not known
[WARN] [1785991233.791057]: Remote inference recovery probe failed; local inference continues and another probe will run in 5.0 s: [Errno -2] Name or service not known
[WARN] [1785991238.898665]: Remote inference recovery probe failed; local inference continues and another probe will run in 5.0 s: [Errno -2] Name or service not known
[WARN] [1785991243.991029]: Remote inference recovery probe failed; local inference continues and another probe will run in 5.0 s: [Errno -2] Name or service not known
[WARN] [1785991249.083557]: Remote inference recovery probe failed; local inference continues and another probe will run in 5.0 s: [Errno -2] Name or service not known
[WARN] [1785991254.194736]: Remote inference recovery probe failed; local inference continues and another probe will run in 5.0 s: [Errno -2] Name or service not known
[WARN] [1785991259.285167]: Remote inference recovery probe failed; local inference continues and another probe will run in 5.0 s: [Errno -2] Name or service not known
[WARN] [1785991264.482343]: Remote inference recovery probe failed; local inference continues and another probe will run in 5.0 s: [Errno -2] Name or service not known
[WARN] [1785991269.631906]: Remote inference recovery probe failed; local inference continues and another probe will run in 5.0 s: [Errno -2] Name or service not known
[WARN] [1785991274.895732]: Remote inference recovery probe failed; local inference continues and another probe will run in 5.0 s: [Errno -2] Name or service not known
[WARN] [1785991280.109529]: Remote inference recovery probe failed; local inference continues and another probe will run in 5.0 s: [Errno -2] Name or service not known
[WARN] [1785991285.303212]: Remote inference recovery probe failed; local inference continues and another probe will run in 5.0 s: [Errno -2] Name or service not known
[WARN] [1785991290.511876]: Remote inference recovery probe failed; local inference continues and another probe will run in 5.0 s: [Errno -2] Name or service not known
[WARN] [1785991295.716471]: Remote inference recovery probe failed; local inference continues and another probe will run in 5.0 s: [Errno -2] Name or service not known
[WARN] [1785991300.855584]: Remote inference recovery probe failed; local inference continues and another probe will run in 5.0 s: [Errno -2] Name or service not known
[WARN] [1785991306.080263]: Remote inference recovery probe failed; local inference continues and another probe will run in 5.0 s: [Errno -2] Name or service not known
[WARN] [1785991311.269572]: Remote inference recovery probe failed; local inference continues and another probe will run in 5.0 s: [Errno -2] Name or service not known
[WARN] [1785991316.477470]: Remote inference recovery probe failed; local inference continues and another probe will run in 5.0 s: [Errno -2] Name or service not known
[WARN] [1785991321.691984]: Remote inference recovery probe failed; local inference continues and another probe will run in 5.0 s: [Errno -2] Name or service not known
[WARN] [1785991326.870752]: Remote inference recovery probe failed; local inference continues and another probe will run in 5.0 s: [Errno -2] Name or service not known
[WARN] [1785991331.874184]: Remote inference recovery probe failed; local inference continues and another probe will run in 5.0 s: [Errno -2] Name or service not known
[WARN] [1785991337.001885]: Remote inference recovery probe failed; local inference continues and another probe will run in 5.0 s: [Errno -2] Name or service not known
[WARN] [1785991342.080396]: Remote inference recovery probe failed; local inference continues and another probe will run in 5.0 s: [Errno -2] Name or service not known
[WARN] [1785991347.144754]: Remote inference recovery probe failed; local inference continues and another probe will run in 5.0 s: [Errno -2] Name or service not known
[WARN] [1785991352.243684]: Remote inference recovery probe failed; local inference continues and another probe will run in 5.0 s: [Errno -2] Name or service not known
[WARN] [1785991357.363008]: Remote inference recovery probe failed; local inference continues and another probe will run in 5.0 s: [Errno -2] Name or service not known
[WARN] [1785991362.433263]: Remote inference recovery probe failed; local inference continues and another probe will run in 5.0 s: [Errno -2] Name or service not known
[WARN] [1785991368.409336]: Remote inference recovery probe failed; local inference continues and another probe will run in 5.0 s: [Errno -2] Name or service not known
[WARN] [1785991373.589170]: Remote inference recovery probe failed; local inference continues and another probe will run in 5.0 s: [Errno -2] Name or service not known
[WARN] [1785991378.722964]: Remote inference recovery probe failed; local inference continues and another probe will run in 5.0 s: [Errno -2] Name or service not known
[WARN] [1785991383.833216]: Remote inference recovery probe failed; local inference continues and another probe will run in 5.0 s: [Errno -2] Name or service not known
[WARN] [1785991388.993950]: Remote inference recovery probe failed; local inference continues and another probe will run in 5.0 s: [Errno -2] Name or service not known
[WARN] [1785991394.123909]: Remote inference recovery probe failed; local inference continues and another probe will run in 5.0 s: [Errno -2] Name or service not known
[WARN] [1785991399.211825]: Remote inference recovery probe failed; local inference continues and another probe will run in 5.0 s: [Errno -2] Name or service not known
[WARN] [1785991404.406787]: Remote inference recovery probe failed; local inference continues and another probe will run in 5.0 s: [Errno -2] Name or service not known
[WARN] [1785991409.541486]: Remote inference recovery probe failed; local inference continues and another probe will run in 5.0 s: [Errno -2] Name or service not known
[WARN] [1785991414.748578]: Remote inference recovery probe failed; local inference continues and another probe will run in 5.0 s: [Errno -2] Name or service not known
[WARN] [1785991419.876005]: Remote inference recovery probe failed; local inference continues and another probe will run in 5.0 s: [Errno -2] Name or service not known
[WARN] [1785991424.959738]: Remote inference recovery probe failed; local inference continues and another probe will run in 5.0 s: [Errno -2] Name or service not known
[WARN] [1785991430.096765]: Remote inference recovery probe failed; local inference continues and another probe will run in 5.0 s: [Errno -2] Name or service not known
[WARN] [1785991435.281092]: Remote inference recovery probe failed; local inference continues and another probe will run in 5.0 s: [Errno -2] Name or service not known
[WARN] [1785991440.402019]: Remote inference recovery probe failed; local inference continues and another probe will run in 5.0 s: [Errno -2] Name or service not known
[WARN] [1785991445.510690]: Remote inference recovery probe failed; local inference continues and another probe will run in 5.0 s: [Errno -2] Name or service not known
[WARN] [1785991450.570237]: Remote inference recovery probe failed; local inference continues and another probe will run in 5.0 s: [Errno -2] Name or service not known
[WARN] [1785991455.722472]: Remote inference recovery probe failed; local inference continues and another probe will run in 5.0 s: [Errno -2] Name or service not known
[WARN] [1785991460.934469]: Remote inference recovery probe failed; local inference continues and another probe will run in 5.0 s: [Errno -2] Name or service not known
[WARN] [1785991466.126598]: Remote inference recovery probe failed; local inference continues and another probe will run in 5.0 s: [Errno -2] Name or service not known
[WARN] [1785991471.250016]: Remote inference recovery probe failed; local inference continues and another probe will run in 5.0 s: [Errno -2] Name or service not known
[WARN] [1785991476.341414]: Remote inference recovery probe failed; local inference continues and another probe will run in 5.0 s: [Errno -2] Name or service not known
[WARN] [1785991481.534968]: Remote inference recovery probe failed; local inference continues and another probe will run in 5.0 s: [Errno -2] Name or service not known
[WARN] [1785991486.685003]: Remote inference recovery probe failed; local inference continues and another probe will run in 5.0 s: [Errno -2] Name or service not known
[WARN] [1785991491.809628]: Remote inference recovery probe failed; local inference continues and another probe will run in 5.0 s: [Errno -2] Name or service not known
[WARN] [1785991496.876433]: Remote inference recovery probe failed; local inference continues and another probe will run in 5.0 s: [Errno -2] Name or service not known
[WARN] [1785991501.951849]: Remote inference recovery probe failed; local inference continues and another probe will run in 5.0 s: [Errno -2] Name or service not known
[WARN] [1785991507.021349]: Remote inference recovery probe failed; local inference continues and another probe will run in 5.0 s: [Errno -2] Name or service not known
[WARN] [1785991512.137773]: Remote inference recovery probe failed; local inference continues and another probe will run in 5.0 s: [Errno -2] Name or service not known
[WARN] [1785991517.269796]: Remote inference recovery probe failed; local inference continues and another probe will run in 5.0 s: [Errno -2] Name or service not known
[WARN] [1785991522.372936]: Remote inference recovery probe failed; local inference continues and another probe will run in 5.0 s: [Errno -2] Name or service not known
[WARN] [1785991527.488940]: Remote inference recovery probe failed; local inference continues and another probe will run in 5.0 s: [Errno -2] Name or service not known
[WARN] [1785991532.652924]: Remote inference recovery probe failed; local inference continues and another probe will run in 5.0 s: [Errno -2] Name or service not known
[WARN] [1785991537.762127]: Remote inference recovery probe failed; local inference continues and another probe will run in 5.0 s: [Errno -2] Name or service not known
[WARN] [1785991542.835722]: Remote inference recovery probe failed; local inference continues and another probe will run in 5.0 s: [Errno -2] Name or service not known
[WARN] [1785991547.962084]: Remote inference recovery probe failed; local inference continues and another probe will run in 5.0 s: [Errno -2] Name or service not known
[WARN] [1785991553.141940]: Remote inference recovery probe failed; local inference continues and another probe will run in 5.0 s: [Errno -2] Name or service not known
[WARN] [1785991558.273721]: Remote inference recovery probe failed; local inference continues and another probe will run in 5.0 s: [Errno -2] Name or service not known
[WARN] [1785991563.463951]: Remote inference recovery probe failed; local inference continues and another probe will run in 5.0 s: [Errno -2] Name or service not known
[WARN] [1785991568.525119]: Remote inference recovery probe failed; local inference continues and another probe will run in 5.0 s: [Errno -2] Name or service not known
[WARN] [1785991573.612386]: Remote inference recovery probe failed; local inference continues and another probe will run in 5.0 s: [Errno -2] Name or service not known
[WARN] [1785991578.689422]: Remote inference recovery probe failed; local inference continues and another probe will run in 5.0 s: [Errno -2] Name or service not known
[WARN] [1785991583.765878]: Remote inference recovery probe failed; local inference continues and another probe will run in 5.0 s: [Errno -2] Name or service not known
[WARN] [1785991588.944269]: Remote inference recovery probe failed; local inference continues and another probe will run in 5.0 s: [Errno -2] Name or service not known
[WARN] [1785991594.066189]: Remote inference recovery probe failed; local inference continues and another probe will run in 5.0 s: [Errno -2] Name or service not known
[WARN] [1785991599.241050]: Remote inference recovery probe failed; local inference continues and another probe will run in 5.0 s: [Errno -2] Name or service not known
[WARN] [1785991604.462215]: Remote inference recovery probe failed; local inference continues and another probe will run in 5.0 s: [Errno -2] Name or service not known
[WARN] [1785991609.595324]: Remote inference recovery probe failed; local inference continues and another probe will run in 5.0 s: [Errno -2] Name or service not known
[WARN] [1785991614.785246]: Remote inference recovery probe failed; local inference continues and another probe will run in 5.0 s: [Errno -2] Name or service not known
[WARN] [1785991619.986898]: Remote inference recovery probe failed; local inference continues and another probe will run in 5.0 s: [Errno -2] Name or service not known
[WARN] [1785991625.063682]: Remote inference recovery probe failed; local inference continues and another probe will run in 5.0 s: [Errno -2] Name or service not known
[WARN] [1785991630.244142]: Remote inference recovery probe failed; local inference continues and another probe will run in 5.0 s: [Errno -2] Name or service not known
[WARN] [1785991635.348833]: Remote inference recovery probe failed; local inference continues and another probe will run in 5.0 s: [Errno -2] Name or service not known
[WARN] [1785991640.472684]: Remote inference recovery probe failed; local inference continues and another probe will run in 5.0 s: [Errno -2] Name or service not known
[WARN] [1785991645.680255]: Remote inference recovery probe failed; local inference continues and another probe will run in 5.0 s: [Errno -2] Name or service not known
[WARN] [1785991650.874221]: Remote inference recovery probe failed; local inference continues and another probe will run in 5.0 s: [Errno -2] Name or service not known
[WARN] [1785991655.950966]: Remote inference recovery probe failed; local inference continues and another probe will run in 5.0 s: [Errno -2] Name or service not known
[WARN] [1785991661.160805]: Remote inference recovery probe failed; local inference continues and another probe will run in 5.0 s: [Errno -2] Name or service not known
[WARN] [1785991666.349262]: Remote inference recovery probe failed; local inference continues and another probe will run in 5.0 s: [Errno -2] Name or service not known
[WARN] [1785991671.415921]: Remote inference recovery probe failed; local inference continues and another probe will run in 5.0 s: [Errno -2] Name or service not known
[WARN] [1785991676.631819]: Remote inference recovery probe failed; local inference continues and another probe will run in 5.0 s: [Errno -2] Name or service not known
[WARN] [1785991681.783597]: Remote inference recovery probe failed; local inference continues and another probe will run in 5.0 s: [Errno -2] Name or service not known
[WARN] [1785991686.920336]: Remote inference recovery probe failed; local inference continues and another probe will run in 5.0 s: [Errno -2] Name or service not known
[WARN] [1785991692.108692]: Remote inference recovery probe failed; local inference continues and another probe will run in 5.0 s: [Errno -2] Name or service not known
[WARN] [1785991697.175773]: Remote inference recovery probe failed; local inference continues and another probe will run in 5.0 s: [Errno -2] Name or service not known
[WARN] [1785991702.264763]: Remote inference recovery probe failed; local inference continues and another probe will run in 5.0 s: [Errno -2] Name or service not known
[WARN] [1785991707.475668]: Remote inference recovery probe failed; local inference continues and another probe will run in 5.0 s: [Errno -2] Name or service not known
[WARN] [1785991712.661745]: Remote inference recovery probe failed; local inference continues and another probe will run in 5.0 s: [Errno -2] Name or service not known
[WARN] [1785991717.788362]: Remote inference recovery probe failed; local inference continues and another probe will run in 5.0 s: [Errno -2] Name or service not known
[WARN] [1785991722.914989]: Remote inference recovery probe failed; local inference continues and another probe will run in 5.0 s: [Errno -2] Name or service not known
[WARN] [1785991728.100915]: Remote inference recovery probe failed; local inference continues and another probe will run in 5.0 s: [Errno -2] Name or service not known
[WARN] [1785991733.206778]: Remote inference recovery probe failed; local inference continues and another probe will run in 5.0 s: [Errno -2] Name or service not known
[WARN] [1785991738.288472]: Remote inference recovery probe failed; local inference continues and another probe will run in 5.0 s: [Errno -2] Name or service not known
[WARN] [1785991743.368368]: Remote inference recovery probe failed; local inference continues and another probe will run in 5.0 s: [Errno -2] Name or service not known
[WARN] [1785991748.515423]: Remote inference recovery probe failed; local inference continues and another probe will run in 5.0 s: [Errno -2] Name or service not known
[WARN] [1785991753.723320]: Remote inference recovery probe failed; local inference continues and another probe will run in 5.0 s: [Errno -2] Name or service not known
[WARN] [1785991759.019991]: Remote inference recovery probe failed; local inference continues and another probe will run in 5.0 s: [Errno -2] Name or service not known
[WARN] [1785991764.182863]: Remote inference recovery probe failed; local inference continues and another probe will run in 5.0 s: [Errno -2] Name or service not known
[WARN] [1785991769.316163]: Remote inference recovery probe failed; local inference continues and another probe will run in 5.0 s: [Errno -2] Name or service not known
[WARN] [1785991774.382668]: Remote inference recovery probe failed; local inference continues and another probe will run in 5.0 s: [Errno -2] Name or service not known
[WARN] [1785991779.448190]: Remote inference recovery probe failed; local inference continues and another probe will run in 5.0 s: [Errno -2] Name or service not known
[WARN] [1785991784.566020]: Remote inference recovery probe failed; local inference continues and another probe will run in 5.0 s: [Errno -2] Name or service not known
[WARN] [1785991789.745135]: Remote inference recovery probe failed; local inference continues and another probe will run in 5.0 s: [Errno -2] Name or service not known
[WARN] [1785991794.935459]: Remote inference recovery probe failed; local inference continues and another probe will run in 5.0 s: [Errno -2] Name or service not known
[WARN] [1785991800.013618]: Remote inference recovery probe failed; local inference continues and another probe will run in 5.0 s: [Errno -2] Name or service not known
[WARN] [1785991805.215703]: Remote inference recovery probe failed; local inference continues and another probe will run in 5.0 s: [Errno -2] Name or service not known
[WARN] [1785991810.415207]: Remote inference recovery probe failed; local inference continues and another probe will run in 5.0 s: [Errno -2] Name or service not known
[WARN] [1785991815.558861]: Remote inference recovery probe failed; local inference continues and another probe will run in 5.0 s: [Errno -2] Name or service not known
[WARN] [1785991820.681986]: Remote inference recovery probe failed; local inference continues and another probe will run in 5.0 s: [Errno -2] Name or service not known
[WARN] [1785991825.868340]: Remote inference recovery probe failed; local inference continues and another probe will run in 5.0 s: [Errno -2] Name or service not known
[WARN] [1785991831.040321]: Remote inference recovery probe failed; local inference continues and another probe will run in 5.0 s: [Errno -2] Name or service not known
[WARN] [1785991836.232322]: Remote inference recovery probe failed; local inference continues and another probe will run in 5.0 s: [Errno -2] Name or service not known
[WARN] [1785991841.297344]: Remote inference recovery probe failed; local inference continues and another probe will run in 5.0 s: [Errno -2] Name or service not known
[WARN] [1785991846.381806]: Remote inference recovery probe failed; local inference continues and another probe will run in 5.0 s: [Errno -2] Name or service not known
[WARN] [1785991851.509397]: Remote inference recovery probe failed; local inference continues and another probe will run in 5.0 s: [Errno -2] Name or service not known
[WARN] [1785991856.585459]: Remote inference recovery probe failed; local inference continues and another probe will run in 5.0 s: [Errno -2] Name or service not known
[WARN] [1785991861.735126]: Remote inference recovery probe failed; local inference continues and another probe will run in 5.0 s: [Errno -2] Name or service not known
[WARN] [1785991866.929171]: Remote inference recovery probe failed; local inference continues and another probe will run in 5.0 s: [Errno -2] Name or service not known
[WARN] [1785991872.018007]: Remote inference recovery probe failed; local inference continues and another probe will run in 5.0 s: [Errno -2] Name or service not known
[WARN] [1785991877.234740]: Remote inference recovery probe failed; local inference continues and another probe will run in 5.0 s: [Errno -2] Name or service not known
[WARN] [1785991882.414579]: Remote inference recovery probe failed; local inference continues and another probe will run in 5.0 s: [Errno -2] Name or service not known
[WARN] [1785991887.610585]: Remote inference recovery probe failed; local inference continues and another probe will run in 5.0 s: [Errno -2] Name or service not known
[WARN] [1785991892.678655]: Remote inference recovery probe failed; local inference continues and another probe will run in 5.0 s: [Errno -2] Name or service not known
[WARN] [1785991897.765927]: Remote inference recovery probe failed; local inference continues and another probe will run in 5.0 s: [Errno -2] Name or service not known
[WARN] [1785991902.902056]: Remote inference recovery probe failed; local inference continues and another probe will run in 5.0 s: [Errno -2] Name or service not known
[WARN] [1785991908.063220]: Remote inference recovery probe failed; local inference continues and another probe will run in 5.0 s: [Errno -2] Name or service not known
[WARN] [1785991913.177422]: Remote inference recovery probe failed; local inference continues and another probe will run in 5.0 s: [Errno -2] Name or service not known
[WARN] [1785991918.376652]: Remote inference recovery probe failed; local inference continues and another probe will run in 5.0 s: [Errno -2] Name or service not known
[WARN] [1785991923.520461]: Remote inference recovery probe failed; local inference continues and another probe will run in 5.0 s: [Errno -2] Name or service not known
[WARN] [1785991928.715391]: Remote inference recovery probe failed; local inference continues and another probe will run in 5.0 s: [Errno -2] Name or service not known
[WARN] [1785991933.768030]: Remote inference recovery probe failed; local inference continues and another probe will run in 5.0 s: [Errno -2] Name or service not known
[WARN] [1785991938.863117]: Remote inference recovery probe failed; local inference continues and another probe will run in 5.0 s: [Errno -2] Name or service not known
[WARN] [1785991944.066355]: Remote inference recovery probe failed; local inference continues and another probe will run in 5.0 s: [Errno -2] Name or service not known
[WARN] [1785991949.199359]: Remote inference recovery probe failed; local inference continues and another probe will run in 5.0 s: [Errno -2] Name or service not known
[WARN] [1785991954.208607]: Remote inference recovery probe failed; local inference continues and another probe will run in 5.0 s: [Errno -2] Name or service not known
[WARN] [1785991959.394468]: Remote inference recovery probe failed; local inference continues and another probe will run in 5.0 s: [Errno -2] Name or service not known
[WARN] [1785991964.549578]: Remote inference recovery probe failed; local inference continues and another probe will run in 5.0 s: [Errno -2] Name or service not known
[WARN] [1785991969.684330]: Remote inference recovery probe failed; local inference continues and another probe will run in 5.0 s: [Errno -2] Name or service not known
[WARN] [1785991974.891780]: Remote inference recovery probe failed; local inference continues and another probe will run in 5.0 s: [Errno -2] Name or service not known
[WARN] [1785991980.086408]: Remote inference recovery probe failed; local inference continues and another probe will run in 5.0 s: [Errno -2] Name or service not known
[WARN] [1785991985.168087]: Remote inference recovery probe failed; local inference continues and another probe will run in 5.0 s: [Errno -2] Name or service not known
[WARN] [1785991990.247677]: Remote inference recovery probe failed; local inference continues and another probe will run in 5.0 s: [Errno -2] Name or service not known
[WARN] [1785991995.450126]: Remote inference recovery probe failed; local inference continues and another probe will run in 5.0 s: [Errno -2] Name or service not known
[WARN] [1785992000.598844]: Remote inference recovery probe failed; local inference continues and another probe will run in 5.0 s: [Errno -2] Name or service not known
[WARN] [1785992005.779861]: Remote inference recovery probe failed; local inference continues and another probe will run in 5.0 s: [Errno -2] Name or service not known
[WARN] [1785992010.913507]: Remote inference recovery probe failed; local inference continues and another probe will run in 5.0 s: [Errno -2] Name or service not known
[WARN] [1785992016.002596]: Remote inference recovery probe failed; local inference continues and another probe will run in 5.0 s: [Errno -2] Name or service not known
[WARN] [1785992021.187739]: Remote inference recovery probe failed; local inference continues and another probe will run in 5.0 s: [Errno -2] Name or service not known
[WARN] [1785992026.244470]: Remote inference recovery probe failed; local inference continues and another probe will run in 5.0 s: [Errno -2] Name or service not known
[WARN] [1785992031.354690]: Remote inference recovery probe failed; local inference continues and another probe will run in 5.0 s: [Errno -2] Name or service not known
[WARN] [1785992036.593462]: Remote inference recovery probe failed; local inference continues and another probe will run in 5.0 s: [Errno -2] Name or service not known
[WARN] [1785992041.695998]: Remote inference recovery probe failed; local inference continues and another probe will run in 5.0 s: [Errno -2] Name or service not known
[WARN] [1785992046.876082]: Remote inference recovery probe failed; local inference continues and another probe will run in 5.0 s: [Errno -2] Name or service not known
[WARN] [1785992051.961467]: Remote inference recovery probe failed; local inference continues and another probe will run in 5.0 s: [Errno -2] Name or service not known
[WARN] [1785992057.149466]: Remote inference recovery probe failed; local inference continues and another probe will run in 5.0 s: [Errno -2] Name or service not known
[WARN] [1785992062.291735]: Remote inference recovery probe failed; local inference continues and another probe will run in 5.0 s: [Errno -2] Name or service not known
[WARN] [1785992067.406163]: Remote inference recovery probe failed; local inference continues and another probe will run in 5.0 s: [Errno -2] Name or service not known
[WARN] [1785992072.583246]: Remote inference recovery probe failed; local inference continues and another probe will run in 5.0 s: [Errno -2] Name or service not known
[WARN] [1785992077.771318]: Remote inference recovery probe failed; local inference continues and another probe will run in 5.0 s: [Errno -2] Name or service not known
[WARN] [1785992082.921984]: Remote inference recovery probe failed; local inference continues and another probe will run in 5.0 s: [Errno -2] Name or service not known
[WARN] [1785992088.134356]: Remote inference recovery probe failed; local inference continues and another probe will run in 5.0 s: [Errno -2] Name or service not known
[WARN] [1785992093.343562]: Remote inference recovery probe failed; local inference continues and another probe will run in 5.0 s: [Errno -2] Name or service not known
[WARN] [1785992098.528761]: Remote inference recovery probe failed; local inference continues and another probe will run in 5.0 s: [Errno -2] Name or service not known
[WARN] [1785992103.601681]: Remote inference recovery probe failed; local inference continues and another probe will run in 5.0 s: [Errno -2] Name or service not known
[WARN] [1785992108.805748]: Remote inference recovery probe failed; local inference continues and another probe will run in 5.0 s: [Errno -2] Name or service not known
[WARN] [1785992113.886675]: Remote inference recovery probe failed; local inference continues and another probe will run in 5.0 s: [Errno -2] Name or service not known
[WARN] [1785992118.984251]: Remote inference recovery probe failed; local inference continues and another probe will run in 5.0 s: [Errno -2] Name or service not known
[WARN] [1785992124.079319]: Remote inference recovery probe failed; local inference continues and another probe will run in 5.0 s: [Errno -2] Name or service not known
[WARN] [1785992129.156853]: Remote inference recovery probe failed; local inference continues and another probe will run in 5.0 s: [Errno -2] Name or service not known
[WARN] [1785992134.223288]: Remote inference recovery probe failed; local inference continues and another probe will run in 5.0 s: [Errno -2] Name or service not known
[WARN] [1785992139.272081]: Remote inference recovery probe failed; local inference continues and another probe will run in 5.0 s: [Errno -2] Name or service not known
[WARN] [1785992144.425344]: Remote inference recovery probe failed; local inference continues and another probe will run in 5.0 s: [Errno -2] Name or service not known
[WARN] [1785992149.590951]: Remote inference recovery probe failed; local inference continues and another probe will run in 5.0 s: [Errno -2] Name or service not known
[WARN] [1785992154.796992]: Remote inference recovery probe failed; local inference continues and another probe will run in 5.0 s: [Errno -2] Name or service not known
[WARN] [1785992159.984876]: Remote inference recovery probe failed; local inference continues and another probe will run in 5.0 s: [Errno -2] Name or service not known
[WARN] [1785992165.168174]: Remote inference recovery probe failed; local inference continues and another probe will run in 5.0 s: [Errno -2] Name or service not known
[WARN] [1785992170.283290]: Remote inference recovery probe failed; local inference continues and another probe will run in 5.0 s: [Errno -2] Name or service not known
[WARN] [1785992175.415100]: Remote inference recovery probe failed; local inference continues and another probe will run in 5.0 s: [Errno -2] Name or service not known
[WARN] [1785992180.578327]: Remote inference recovery probe failed; local inference continues and another probe will run in 5.0 s: [Errno -2] Name or service not known
[WARN] [1785992185.673164]: Remote inference recovery probe failed; local inference continues and another probe will run in 5.0 s: [Errno -2] Name or service not known
[WARN] [1785992190.871192]: Remote inference recovery probe failed; local inference continues and another probe will run in 5.0 s: [Errno -2] Name or service not known
[WARN] [1785992196.067356]: Remote inference recovery probe failed; local inference continues and another probe will run in 5.0 s: [Errno -2] Name or service not known
[WARN] [1785992201.169578]: Remote inference recovery probe failed; local inference continues and another probe will run in 5.0 s: [Errno -2] Name or service not known
[WARN] [1785992206.352479]: Remote inference recovery probe failed; local inference continues and another probe will run in 5.0 s: [Errno -2] Name or service not known
[WARN] [1785992211.414965]: Remote inference recovery probe failed; local inference continues and another probe will run in 5.0 s: [Errno -2] Name or service not known
[WARN] [1785992216.563727]: Remote inference recovery probe failed; local inference continues and another probe will run in 5.0 s: [Errno -2] Name or service not known
[WARN] [1785992221.700297]: Remote inference recovery probe failed; local inference continues and another probe will run in 5.0 s: [Errno -2] Name or service not known
[WARN] [1785992226.792927]: Remote inference recovery probe failed; local inference continues and another probe will run in 5.0 s: [Errno -2] Name or service not known
[WARN] [1785992231.975829]: Remote inference recovery probe failed; local inference continues and another probe will run in 5.0 s: [Errno -2] Name or service not known
[WARN] [1785992237.117618]: Remote inference recovery probe failed; local inference continues and another probe will run in 5.0 s: [Errno -2] Name or service not known
[WARN] [1785992242.246161]: Remote inference recovery probe failed; local inference continues and another probe will run in 5.0 s: [Errno -2] Name or service not known
[WARN] [1785992247.321474]: Remote inference recovery probe failed; local inference continues and another probe will run in 5.0 s: [Errno -2] Name or service not known
[WARN] [1785992252.396177]: Remote inference recovery probe failed; local inference continues and another probe will run in 5.0 s: [Errno -2] Name or service not known
[WARN] [1785992257.469491]: Remote inference recovery probe failed; local inference continues and another probe will run in 5.0 s: [Errno -2] Name or service not known
[WARN] [1785992262.614282]: Remote inference recovery probe failed; local inference continues and another probe will run in 5.0 s: [Errno -2] Name or service not known
[WARN] [1785992267.804482]: Remote inference recovery probe failed; local inference continues and another probe will run in 5.0 s: [Errno -2] Name or service not known
[WARN] [1785992272.927654]: Remote inference recovery probe failed; local inference continues and another probe will run in 5.0 s: [Errno -2] Name or service not known
[WARN] [1785992277.994748]: Remote inference recovery probe failed; local inference continues and another probe will run in 5.0 s: [Errno -2] Name or service not known
[WARN] [1785992283.082660]: Remote inference recovery probe failed; local inference continues and another probe will run in 5.0 s: [Errno -2] Name or service not known
[WARN] [1785992288.241085]: Remote inference recovery probe failed; local inference continues and another probe will run in 5.0 s: [Errno -2] Name or service not known
[WARN] [1785992293.437899]: Remote inference recovery probe failed; local inference continues and another probe will run in 5.0 s: [Errno -2] Name or service not known
[WARN] [1785992298.613411]: Remote inference recovery probe failed; local inference continues and another probe will run in 5.0 s: [Errno -2] Name or service not known
[WARN] [1785992303.726759]: Remote inference recovery probe failed; local inference continues and another probe will run in 5.0 s: [Errno -2] Name or service not known
[WARN] [1785992308.910430]: Remote inference recovery probe failed; local inference continues and another probe will run in 5.0 s: [Errno -2] Name or service not known
[WARN] [1785992313.973318]: Remote inference recovery probe failed; local inference continues and another probe will run in 5.0 s: [Errno -2] Name or service not known
[WARN] [1785992319.120245]: Remote inference recovery probe failed; local inference continues and another probe will run in 5.0 s: [Errno -2] Name or service not known
[WARN] [1785992324.306404]: Remote inference recovery probe failed; local inference continues and another probe will run in 5.0 s: [Errno -2] Name or service not known
[WARN] [1785992329.406017]: Remote inference recovery probe failed; local inference continues and another probe will run in 5.0 s: [Errno -2] Name or service not known
[WARN] [1785992334.615776]: Remote inference recovery probe failed; local inference continues and another probe will run in 5.0 s: [Errno -2] Name or service not known
[WARN] [1785992339.752081]: Remote inference recovery probe failed; local inference continues and another probe will run in 5.0 s: [Errno -2] Name or service not known
[WARN] [1785992344.956810]: Remote inference recovery probe failed; local inference continues and another probe will run in 5.0 s: [Errno -2] Name or service not known
[WARN] [1785992350.126275]: Remote inference recovery probe failed; local inference continues and another probe will run in 5.0 s: [Errno -2] Name or service not known
[WARN] [1785992355.289510]: Remote inference recovery probe failed; local inference continues and another probe will run in 5.0 s: [Errno -2] Name or service not known
[WARN] [1785992360.520415]: Remote inference recovery probe failed; local inference continues and another probe will run in 5.0 s: [Errno -2] Name or service not known
[WARN] [1785992365.705199]: Remote inference recovery probe failed; local inference continues and another probe will run in 5.0 s: [Errno -2] Name or service not known
[WARN] [1785992370.820811]: Remote inference recovery probe failed; local inference continues and another probe will run in 5.0 s: [Errno -2] Name or service not known
[WARN] [1785992375.896286]: Remote inference recovery probe failed; local inference continues and another probe will run in 5.0 s: [Errno -2] Name or service not known
[WARN] [1785992380.955454]: Remote inference recovery probe failed; local inference continues and another probe will run in 5.0 s: [Errno -2] Name or service not known
[WARN] [1785992386.078195]: Remote inference recovery probe failed; local inference continues and another probe will run in 5.0 s: [Errno -2] Name or service not known
[WARN] [1785992391.257366]: Remote inference recovery probe failed; local inference continues and another probe will run in 5.0 s: [Errno -2] Name or service not known
[WARN] [1785992396.459297]: Remote inference recovery probe failed; local inference continues and another probe will run in 5.0 s: [Errno -2] Name or service not known
[WARN] [1785992401.700039]: Remote inference recovery probe failed; local inference continues and another probe will run in 5.0 s: [Errno -2] Name or service not known
[WARN] [1785992406.776523]: Remote inference recovery probe failed; local inference continues and another probe will run in 5.0 s: [Errno -2] Name or service not known
[WARN] [1785992411.866658]: Remote inference recovery probe failed; local inference continues and another probe will run in 5.0 s: [Errno -2] Name or service not known
[WARN] [1785992417.074574]: Remote inference recovery probe failed; local inference continues and another probe will run in 5.0 s: [Errno -2] Name or service not known
[WARN] [1785992422.188962]: Remote inference recovery probe failed; local inference continues and another probe will run in 5.0 s: [Errno -2] Name or service not known
[WARN] [1785992427.263382]: Remote inference recovery probe failed; local inference continues and another probe will run in 5.0 s: [Errno -2] Name or service not known
[WARN] [1785992432.429907]: Remote inference recovery probe failed; local inference continues and another probe will run in 5.0 s: [Errno -2] Name or service not known
[WARN] [1785992437.619682]: Remote inference recovery probe failed; local inference continues and another probe will run in 5.0 s: [Errno -2] Name or service not known
[WARN] [1785992442.702976]: Remote inference recovery probe failed; local inference continues and another probe will run in 5.0 s: [Errno -2] Name or service not known
[WARN] [1785992447.804437]: Remote inference recovery probe failed; local inference continues and another probe will run in 5.0 s: [Errno -2] Name or service not known
[WARN] [1785992452.917702]: Remote inference recovery probe failed; local inference continues and another probe will run in 5.0 s: [Errno -2] Name or service not known
[WARN] [1785992458.110845]: Remote inference recovery probe failed; local inference continues and another probe will run in 5.0 s: [Errno -2] Name or service not known
[WARN] [1785992463.302571]: Remote inference recovery probe failed; local inference continues and another probe will run in 5.0 s: [Errno -2] Name or service not known
[WARN] [1785992468.380754]: Remote inference recovery probe failed; local inference continues and another probe will run in 5.0 s: [Errno -2] Name or service not known
[WARN] [1785992473.568828]: Remote inference recovery probe failed; local inference continues and another probe will run in 5.0 s: [Errno -2] Name or service not known
[WARN] [1785992478.651744]: Remote inference recovery probe failed; local inference continues and another probe will run in 5.0 s: [Errno -2] Name or service not known
[WARN] [1785992483.730563]: Remote inference recovery probe failed; local inference continues and another probe will run in 5.0 s: [Errno -2] Name or service not known
[WARN] [1785992488.938276]: Remote inference recovery probe failed; local inference continues and another probe will run in 5.0 s: [Errno -2] Name or service not known
[WARN] [1785992494.118894]: Remote inference recovery probe failed; local inference continues and another probe will run in 5.0 s: [Errno -2] Name or service not known
[WARN] [1785992499.218899]: Remote inference recovery probe failed; local inference continues and another probe will run in 5.0 s: [Errno -2] Name or service not known
[WARN] [1785992504.396017]: Remote inference recovery probe failed; local inference continues and another probe will run in 5.0 s: [Errno -2] Name or service not known
[WARN] [1785992509.507071]: Remote inference recovery probe failed; local inference continues and another probe will run in 5.0 s: [Errno -2] Name or service not known
[WARN] [1785992514.694733]: Remote inference recovery probe failed; local inference continues and another probe will run in 5.0 s: [Errno -2] Name or service not known
[WARN] [1785992519.821330]: Remote inference recovery probe failed; local inference continues and another probe will run in 5.0 s: [Errno -2] Name or service not known
[WARN] [1785992524.873907]: Remote inference recovery probe failed; local inference continues and another probe will run in 5.0 s: [Errno -2] Name or service not known
[WARN] [1785992529.971424]: Remote inference recovery probe failed; local inference continues and another probe will run in 5.0 s: [Errno -2] Name or service not known
[WARN] [1785992535.163344]: Remote inference recovery probe failed; local inference continues and another probe will run in 5.0 s: [Errno -2] Name or service not known
[WARN] [1785992540.247725]: Remote inference recovery probe failed; local inference continues and another probe will run in 5.0 s: [Errno -2] Name or service not known
[WARN] [1785992545.435121]: Remote inference recovery probe failed; local inference continues and another probe will run in 5.0 s: [Errno -2] Name or service not known
[WARN] [1785992550.531453]: Remote inference recovery probe failed; local inference continues and another probe will run in 5.0 s: [Errno -2] Name or service not known
[WARN] [1785992555.657964]: Remote inference recovery probe failed; local inference continues and another probe will run in 5.0 s: [Errno -2] Name or service not known
[WARN] [1785992560.803713]: Remote inference recovery probe failed; local inference continues and another probe will run in 5.0 s: [Errno -2] Name or service not known
[WARN] [1785992565.993956]: Remote inference recovery probe failed; local inference continues and another probe will run in 5.0 s: [Errno -2] Name or service not known
[WARN] [1785992571.194914]: Remote inference recovery probe failed; local inference continues and another probe will run in 5.0 s: [Errno -2] Name or service not known
[WARN] [1785992576.273037]: Remote inference recovery probe failed; local inference continues and another probe will run in 5.0 s: [Errno -2] Name or service not known
[WARN] [1785992581.466953]: Remote inference recovery probe failed; local inference continues and another probe will run in 5.0 s: [Errno -2] Name or service not known
[WARN] [1785992586.661063]: Remote inference recovery probe failed; local inference continues and another probe will run in 5.0 s: [Errno -2] Name or service not known
[WARN] [1785992591.770012]: Remote inference recovery probe failed; local inference continues and another probe will run in 5.0 s: [Errno -2] Name or service not known
[WARN] [1785992596.963213]: Remote inference recovery probe failed; local inference continues and another probe will run in 5.0 s: [Errno -2] Name or service not known
[WARN] [1785992602.119472]: Remote inference recovery probe failed; local inference continues and another probe will run in 5.0 s: [Errno -2] Name or service not known
[WARN] [1785992607.303811]: Remote inference recovery probe failed; local inference continues and another probe will run in 5.0 s: [Errno -2] Name or service not known
[WARN] [1785992612.508124]: Remote inference recovery probe failed; local inference continues and another probe will run in 5.0 s: [Errno -2] Name or service not known
[WARN] [1785992617.717508]: Remote inference recovery probe failed; local inference continues and another probe will run in 5.0 s: [Errno -2] Name or service not known
[WARN] [1785992622.916408]: Remote inference recovery probe failed; local inference continues and another probe will run in 5.0 s: [Errno -2] Name or service not known
[WARN] [1785992628.119188]: Remote inference recovery probe failed; local inference continues and another probe will run in 5.0 s: [Errno -2] Name or service not known
[WARN] [1785992633.245219]: Remote inference recovery probe failed; local inference continues and another probe will run in 5.0 s: [Errno -2] Name or service not known
[WARN] [1785992638.345796]: Remote inference recovery probe failed; local inference continues and another probe will run in 5.0 s: [Errno -2] Name or service not known
[WARN] [1785992643.445898]: Remote inference recovery probe failed; local inference continues and another probe will run in 5.0 s: [Errno -2] Name or service not known
[WARN] [1785992648.542906]: Remote inference recovery probe failed; local inference continues and another probe will run in 5.0 s: [Errno -2] Name or service not known
[WARN] [1785992653.742374]: Remote inference recovery probe failed; local inference continues and another probe will run in 5.0 s: [Errno -2] Name or service not known
[WARN] [1785992658.862060]: Remote inference recovery probe failed; local inference continues and another probe will run in 5.0 s: [Errno -2] Name or service not known
[WARN] [1785992663.951835]: Remote inference recovery probe failed; local inference continues and another probe will run in 5.0 s: [Errno -2] Name or service not known
[WARN] [1785992669.038481]: Remote inference recovery probe failed; local inference continues and another probe will run in 5.0 s: [Errno -2] Name or service not known
[WARN] [1785992674.254435]: Remote inference recovery probe failed; local inference continues and another probe will run in 5.0 s: [Errno -2] Name or service not known
[WARN] [1785992679.440545]: Remote inference recovery probe failed; local inference continues and another probe will run in 5.0 s: [Errno -2] Name or service not known
[WARN] [1785992684.638318]: Remote inference recovery probe failed; local inference continues and another probe will run in 5.0 s: [Errno -2] Name or service not known
[WARN] [1785992689.839890]: Remote inference recovery probe failed; local inference continues and another probe will run in 5.0 s: [Errno -2] Name or service not known
[WARN] [1785992695.017511]: Remote inference recovery probe failed; local inference continues and another probe will run in 5.0 s: [Errno -2] Name or service not known
[WARN] [1785992700.114388]: Remote inference recovery probe failed; local inference continues and another probe will run in 5.0 s: [Errno -2] Name or service not known
[WARN] [1785992705.190350]: Remote inference recovery probe failed; local inference continues and another probe will run in 5.0 s: [Errno -2] Name or service not known
[WARN] [1785992710.380989]: Remote inference recovery probe failed; local inference continues and another probe will run in 5.0 s: [Errno -2] Name or service not known
[WARN] [1785992715.456825]: Remote inference recovery probe failed; local inference continues and another probe will run in 5.0 s: [Errno -2] Name or service not known
[WARN] [1785992720.603052]: Remote inference recovery probe failed; local inference continues and another probe will run in 5.0 s: [Errno -2] Name or service not known
[WARN] [1785992725.740955]: Remote inference recovery probe failed; local inference continues and another probe will run in 5.0 s: [Errno -2] Name or service not known
[WARN] [1785992730.921099]: Remote inference recovery probe failed; local inference continues and another probe will run in 5.0 s: [Errno -2] Name or service not known
[WARN] [1785992736.006981]: Remote inference recovery probe failed; local inference continues and another probe will run in 5.0 s: [Errno -2] Name or service not known
[WARN] [1785992741.118641]: Remote inference recovery probe failed; local inference continues and another probe will run in 5.0 s: [Errno -2] Name or service not known
[WARN] [1785992746.293232]: Remote inference recovery probe failed; local inference continues and another probe will run in 5.0 s: [Errno -2] Name or service not known
[WARN] [1785992751.488225]: Remote inference recovery probe failed; local inference continues and another probe will run in 5.0 s: [Errno -2] Name or service not known
[WARN] [1785992756.549364]: Remote inference recovery probe failed; local inference continues and another probe will run in 5.0 s: [Errno -2] Name or service not known
[WARN] [1785992761.633902]: Remote inference recovery probe failed; local inference continues and another probe will run in 5.0 s: [Errno -2] Name or service not known
[WARN] [1785992766.697922]: Remote inference recovery probe failed; local inference continues and another probe will run in 5.0 s: [Errno -2] Name or service not known
[WARN] [1785992771.770578]: Remote inference recovery probe failed; local inference continues and another probe will run in 5.0 s: [Errno -2] Name or service not known
[WARN] [1785992776.885234]: Remote inference recovery probe failed; local inference continues and another probe will run in 5.0 s: [Errno -2] Name or service not known
[WARN] [1785992782.037025]: Remote inference recovery probe failed; local inference continues and another probe will run in 5.0 s: [Errno -2] Name or service not known
[WARN] [1785992787.186178]: Remote inference recovery probe failed; local inference continues and another probe will run in 5.0 s: [Errno -2] Name or service not known
[WARN] [1785992792.262427]: Remote inference recovery probe failed; local inference continues and another probe will run in 5.0 s: [Errno -2] Name or service not known
[WARN] [1785992797.468573]: Remote inference recovery probe failed; local inference continues and another probe will run in 5.0 s: [Errno -2] Name or service not known
[WARN] [1785992802.623446]: Remote inference recovery probe failed; local inference continues and another probe will run in 5.0 s: [Errno -2] Name or service not known
[WARN] [1785992807.815143]: Remote inference recovery probe failed; local inference continues and another probe will run in 5.0 s: [Errno -2] Name or service not known
[WARN] [1785992812.947084]: Remote inference recovery probe failed; local inference continues and another probe will run in 5.0 s: [Errno -2] Name or service not known
[WARN] [1785992818.134820]: Remote inference recovery probe failed; local inference continues and another probe will run in 5.0 s: [Errno -2] Name or service not known
[WARN] [1785992823.293109]: Remote inference recovery probe failed; local inference continues and another probe will run in 5.0 s: [Errno -2] Name or service not known
[WARN] [1785992828.473879]: Remote inference recovery probe failed; local inference continues and another probe will run in 5.0 s: [Errno -2] Name or service not known
[WARN] [1785992833.571604]: Remote inference recovery probe failed; local inference continues and another probe will run in 5.0 s: [Errno -2] Name or service not known
[WARN] [1785992838.764977]: Remote inference recovery probe failed; local inference continues and another probe will run in 5.0 s: [Errno -2] Name or service not known
[WARN] [1785992843.986376]: Remote inference recovery probe failed; local inference continues and another probe will run in 5.0 s: [Errno -2] Name or service not known
[WARN] [1785992849.183302]: Remote inference recovery probe failed; local inference continues and another probe will run in 5.0 s: [Errno -2] Name or service not known
[WARN] [1785992854.370862]: Remote inference recovery probe failed; local inference continues and another probe will run in 5.0 s: [Errno -2] Name or service not known
[WARN] [1785992859.379151]: Remote inference recovery probe failed; local inference continues and another probe will run in 5.0 s: [Errno -2] Name or service not known
[WARN] [1785992864.527424]: Remote inference recovery probe failed; local inference continues and another probe will run in 5.0 s: [Errno -2] Name or service not known
[WARN] [1785992869.735945]: Remote inference recovery probe failed; local inference continues and another probe will run in 5.0 s: [Errno -2] Name or service not known
[WARN] [1785992874.941428]: Remote inference recovery probe failed; local inference continues and another probe will run in 5.0 s: [Errno -2] Name or service not known
[WARN] [1785992880.154785]: Remote inference recovery probe failed; local inference continues and another probe will run in 5.0 s: [Errno -2] Name or service not known
[WARN] [1785992885.332036]: Remote inference recovery probe failed; local inference continues and another probe will run in 5.0 s: [Errno -2] Name or service not known
[WARN] [1785992890.480817]: Remote inference recovery probe failed; local inference continues and another probe will run in 5.0 s: [Errno -2] Name or service not known
[WARN] [1785992895.684437]: Remote inference recovery probe failed; local inference continues and another probe will run in 5.0 s: [Errno -2] Name or service not known
[WARN] [1785992900.795437]: Remote inference recovery probe failed; local inference continues and another probe will run in 5.0 s: [Errno -2] Name or service not known
 06/08 05:10:45,042 ERROR [140541781305088] (ds-options.cpp:93) Asic Temperature value is not valid!
 06/08 05:10:46,045 ERROR [140541781305088] (ds-options.cpp:93) Asic Temperature value is not valid!
 06/08 05:10:46,667 ERROR [140541924730624] (ds-options.cpp:93) Asic Temperature value is not valid!
 06/08 05:10:47,049 ERROR [140541781305088] (ds-options.cpp:93) Asic Temperature value is not valid!
[WARN] [1785992905.904768]: Remote inference recovery probe failed; local inference continues and another probe will run in 5.0 s: [Errno -2] Name or service not known
[WARN] [1785992911.133178]: Remote inference recovery probe failed; local inference continues and another probe will run in 5.0 s: [Errno -2] Name or service not known
[WARN] [1785992916.323789]: Remote inference recovery probe failed; local inference continues and another probe will run in 5.0 s: [Errno -2] Name or service not known
[WARN] [1785992921.441728]: Remote inference recovery probe failed; local inference continues and another probe will run in 5.0 s: [Errno -2] Name or service not known
[WARN] [1785992926.521681]: Remote inference recovery probe failed; local inference continues and another probe will run in 5.0 s: [Errno -2] Name or service not known
[WARN] [1785992931.736693]: Remote inference recovery probe failed; local inference continues and another probe will run in 5.0 s: [Errno -2] Name or service not known
[WARN] [1785992936.904461]: Remote inference recovery probe failed; local inference continues and another probe will run in 5.0 s: [Errno -2] Name or service not known
[WARN] [1785992941.982513]: Remote inference recovery probe failed; local inference continues and another probe will run in 5.0 s: [Errno -2] Name or service not known
[WARN] [1785992947.047795]: Remote inference recovery probe failed; local inference continues and another probe will run in 5.0 s: [Errno -2] Name or service not known
[WARN] [1785992952.129759]: Remote inference recovery probe failed; local inference continues and another probe will run in 5.0 s: [Errno -2] Name or service not known
[WARN] [1785992957.206011]: Remote inference recovery probe failed; local inference continues and another probe will run in 5.0 s: [Errno -2] Name or service not known
[WARN] [1785992962.391963]: Remote inference recovery probe failed; local inference continues and another probe will run in 5.0 s: [Errno -2] Name or service not known
[WARN] [1785992967.480493]: Remote inference recovery probe failed; local inference continues and another probe will run in 5.0 s: [Errno -2] Name or service not known
[WARN] [1785992972.664637]: Remote inference recovery probe failed; local inference continues and another probe will run in 5.0 s: [Errno -2] Name or service not known
[WARN] [1785992977.759519]: Remote inference recovery probe failed; local inference continues and another probe will run in 5.0 s: [Errno -2] Name or service not known
[WARN] [1785992982.830862]: Remote inference recovery probe failed; local inference continues and another probe will run in 5.0 s: [Errno -2] Name or service not known
[WARN] [1785992988.060567]: Remote inference recovery probe failed; local inference continues and another probe will run in 5.0 s: [Errno -2] Name or service not known
[WARN] [1785992993.211846]: Remote inference recovery probe failed; local inference continues and another probe will run in 5.0 s: [Errno -2] Name or service not known
[WARN] [1785992998.383778]: Remote inference recovery probe failed; local inference continues and another probe will run in 5.0 s: [Errno -2] Name or service not known
[WARN] [1785993003.580678]: Remote inference recovery probe failed; local inference continues and another probe will run in 5.0 s: [Errno -2] Name or service not known
[WARN] [1785993008.645485]: Remote inference recovery probe failed; local inference continues and another probe will run in 5.0 s: [Errno -2] Name or service not known
[WARN] [1785993013.697539]: Remote inference recovery probe failed; local inference continues and another probe will run in 5.0 s: [Errno -2] Name or service not known
[WARN] [1785993018.784464]: Remote inference recovery probe failed; local inference continues and another probe will run in 5.0 s: [Errno -2] Name or service not known
[WARN] [1785993023.854758]: Remote inference recovery probe failed; local inference continues and another probe will run in 5.0 s: [Errno -2] Name or service not known
[WARN] [1785993028.928770]: Remote inference recovery probe failed; local inference continues and another probe will run in 5.0 s: [Errno -2] Name or service not known
[WARN] [1785993034.012758]: Remote inference recovery probe failed; local inference continues and another probe will run in 5.0 s: [Errno -2] Name or service not known
[WARN] [1785993039.224013]: Remote inference recovery probe failed; local inference continues and another probe will run in 5.0 s: [Errno -2] Name or service not known
[WARN] [1785993044.426469]: Remote inference recovery probe failed; local inference continues and another probe will run in 5.0 s: [Errno -2] Name or service not known
[WARN] [1785993049.626727]: Remote inference recovery probe failed; local inference continues and another probe will run in 5.0 s: [Errno -2] Name or service not known
[WARN] [1785993054.832765]: Remote inference recovery probe failed; local inference continues and another probe will run in 5.0 s: [Errno -2] Name or service not known
[WARN] [1785993060.038557]: Remote inference recovery probe failed; local inference continues and another probe will run in 5.0 s: [Errno -2] Name or service not known
[WARN] [1785993065.173823]: Remote inference recovery probe failed; local inference continues and another probe will run in 5.0 s: [Errno -2] Name or service not known
[WARN] [1785993070.394854]: Remote inference recovery probe failed; local inference continues and another probe will run in 5.0 s: [Errno -2] Name or service not known
[WARN] [1785993075.551972]: Remote inference recovery probe failed; local inference continues and another probe will run in 5.0 s: [Errno -2] Name or service not known
[WARN] [1785993080.653453]: Remote inference recovery probe failed; local inference continues and another probe will run in 5.0 s: [Errno -2] Name or service not known
[WARN] [1785993085.859385]: Remote inference recovery probe failed; local inference continues and another probe will run in 5.0 s: [Errno -2] Name or service not known
[WARN] [1785993091.010885]: Remote inference recovery probe failed; local inference continues and another probe will run in 5.0 s: [Errno -2] Name or service not known
[WARN] [1785993096.205171]: Remote inference recovery probe failed; local inference continues and another probe will run in 5.0 s: [Errno -2] Name or service not known
[WARN] [1785993101.392086]: Remote inference recovery probe failed; local inference continues and another probe will run in 5.0 s: [Errno -2] Name or service not known
[WARN] [1785993106.543352]: Remote inference recovery probe failed; local inference continues and another probe will run in 5.0 s: [Errno -2] Name or service not known
[WARN] [1785993111.752886]: Remote inference recovery probe failed; local inference continues and another probe will run in 5.0 s: [Errno -2] Name or service not known
[WARN] [1785993116.960838]: Remote inference recovery probe failed; local inference continues and another probe will run in 5.0 s: [Errno -2] Name or service not known
[WARN] [1785993122.162781]: Remote inference recovery probe failed; local inference continues and another probe will run in 5.0 s: [Errno -2] Name or service not known
[WARN] [1785993127.303785]: Remote inference recovery probe failed; local inference continues and another probe will run in 5.0 s: [Errno -2] Name or service not known
[WARN] [1785993132.432780]: Remote inference recovery probe failed; local inference continues and another probe will run in 5.0 s: [Errno -2] Name or service not known
[WARN] [1785993137.645063]: Remote inference recovery probe failed; local inference continues and another probe will run in 5.0 s: [Errno -2] Name or service not known
[WARN] [1785993142.793144]: Remote inference recovery probe failed; local inference continues and another probe will run in 5.0 s: [Errno -2] Name or service not known
[WARN] [1785993148.011717]: Remote inference recovery probe failed; local inference continues and another probe will run in 5.0 s: [Errno -2] Name or service not known
[WARN] [1785993153.137557]: Remote inference recovery probe failed; local inference continues and another probe will run in 5.0 s: [Errno -2] Name or service not known
[WARN] [1785993158.319509]: Remote inference recovery probe failed; local inference continues and another probe will run in 5.0 s: [Errno -2] Name or service not known
[WARN] [1785993163.377983]: Remote inference recovery probe failed; local inference continues and another probe will run in 5.0 s: [Errno -2] Name or service not known
[WARN] [1785993168.515091]: Remote inference recovery probe failed; local inference continues and another probe will run in 5.0 s: [Errno -2] Name or service not known
[WARN] [1785993173.679332]: Remote inference recovery probe failed; local inference continues and another probe will run in 5.0 s: [Errno -2] Name or service not known
[WARN] [1785993178.860178]: Remote inference recovery probe failed; local inference continues and another probe will run in 5.0 s: [Errno -2] Name or service not known
[WARN] [1785993183.956194]: Remote inference recovery probe failed; local inference continues and another probe will run in 5.0 s: [Errno -2] Name or service not known
[WARN] [1785993189.144630]: Remote inference recovery probe failed; local inference continues and another probe will run in 5.0 s: [Errno -2] Name or service not known
[WARN] [1785993194.222301]: Remote inference recovery probe failed; local inference continues and another probe will run in 5.0 s: [Errno -2] Name or service not known
[WARN] [1785993199.325512]: Remote inference recovery probe failed; local inference continues and another probe will run in 5.0 s: [Errno -2] Name or service not known
[WARN] [1785993204.536956]: Remote inference recovery probe failed; local inference continues and another probe will run in 5.0 s: [Errno -2] Name or service not known
[WARN] [1785993209.686771]: Remote inference recovery probe failed; local inference continues and another probe will run in 5.0 s: [Errno -2] Name or service not known
[WARN] [1785993214.836041]: Remote inference recovery probe failed; local inference continues and another probe will run in 5.0 s: [Errno -2] Name or service not known
[WARN] [1785993219.918058]: Remote inference recovery probe failed; local inference continues and another probe will run in 5.0 s: [Errno -2] Name or service not known
[WARN] [1785993225.061767]: Remote inference recovery probe failed; local inference continues and another probe will run in 5.0 s: [Errno -2] Name or service not known
[WARN] [1785993230.204109]: Remote inference recovery probe failed; local inference continues and another probe will run in 5.0 s: [Errno -2] Name or service not known
[WARN] [1785993235.402814]: Remote inference recovery probe failed; local inference continues and another probe will run in 5.0 s: [Errno -2] Name or service not known
[WARN] [1785993240.548354]: Remote inference recovery probe failed; local inference continues and another probe will run in 5.0 s: [Errno -2] Name or service not known
[WARN] [1785993245.670782]: Remote inference recovery probe failed; local inference continues and another probe will run in 5.0 s: [Errno -2] Name or service not known
[WARN] [1785993250.765686]: Remote inference recovery probe failed; local inference continues and another probe will run in 5.0 s: [Errno -2] Name or service not known
[WARN] [1785993256.005934]: Remote inference recovery probe failed; local inference continues and another probe will run in 5.0 s: [Errno -2] Name or service not known
[WARN] [1785993261.218558]: Remote inference recovery probe failed; local inference continues and another probe will run in 5.0 s: [Errno -2] Name or service not known
[WARN] [1785993266.301429]: Remote inference recovery probe failed; local inference continues and another probe will run in 5.0 s: [Errno -2] Name or service not known
[WARN] [1785993271.507287]: Remote inference recovery probe failed; local inference continues and another probe will run in 5.0 s: [Errno -2] Name or service not known
[WARN] [1785993276.714329]: Remote inference recovery probe failed; local inference continues and another probe will run in 5.0 s: [Errno -2] Name or service not known
[WARN] [1785993281.930504]: Remote inference recovery probe failed; local inference continues and another probe will run in 5.0 s: [Errno -2] Name or service not known
[WARN] [1785993287.135764]: Remote inference recovery probe failed; local inference continues and another probe will run in 5.0 s: [Errno -2] Name or service not known
[WARN] [1785993292.328223]: Remote inference recovery probe failed; local inference continues and another probe will run in 5.0 s: [Errno -2] Name or service not known
[WARN] [1785993297.438465]: Remote inference recovery probe failed; local inference continues and another probe will run in 5.0 s: [Errno -2] Name or service not known
[WARN] [1785993302.540235]: Remote inference recovery probe failed; local inference continues and another probe will run in 5.0 s: [Errno -2] Name or service not known
[WARN] [1785993307.739501]: Remote inference recovery probe failed; local inference continues and another probe will run in 5.0 s: [Errno -2] Name or service not known
[WARN] [1785993312.951597]: Remote inference recovery probe failed; local inference continues and another probe will run in 5.0 s: [Errno -2] Name or service not known
[WARN] [1785993318.148255]: Remote inference recovery probe failed; local inference continues and another probe will run in 5.0 s: [Errno -2] Name or service not known
[WARN] [1785993323.304910]: Remote inference recovery probe failed; local inference continues and another probe will run in 5.0 s: [Errno -2] Name or service not known
[WARN] [1785993328.477386]: Remote inference recovery probe failed; local inference continues and another probe will run in 5.0 s: [Errno -2] Name or service not known
[WARN] [1785993333.666543]: Remote inference recovery probe failed; local inference continues and another probe will run in 5.0 s: [Errno -2] Name or service not known
[WARN] [1785993338.834967]: Remote inference recovery probe failed; local inference continues and another probe will run in 5.0 s: [Errno -2] Name or service not known
[WARN] [1785993344.041704]: Remote inference recovery probe failed; local inference continues and another probe will run in 5.0 s: [Errno -2] Name or service not known
[WARN] [1785993349.171619]: Remote inference recovery probe failed; local inference continues and another probe will run in 5.0 s: [Errno -2] Name or service not known
[WARN] [1785993354.318357]: Remote inference recovery probe failed; local inference continues and another probe will run in 5.0 s: [Errno -2] Name or service not known
[WARN] [1785993359.498486]: Remote inference recovery probe failed; local inference continues and another probe will run in 5.0 s: [Errno -2] Name or service not known
[WARN] [1785993364.567582]: Remote inference recovery probe failed; local inference continues and another probe will run in 5.0 s: [Errno -2] Name or service not known
[WARN] [1785993369.664982]: Remote inference recovery probe failed; local inference continues and another probe will run in 5.0 s: [Errno -2] Name or service not known
[WARN] [1785993374.850587]: Remote inference recovery probe failed; local inference continues and another probe will run in 5.0 s: [Errno -2] Name or service not known
[WARN] [1785993380.005471]: Remote inference recovery probe failed; local inference continues and another probe will run in 5.0 s: [Errno -2] Name or service not known
[WARN] [1785993385.223008]: Remote inference recovery probe failed; local inference continues and another probe will run in 5.0 s: [Errno -2] Name or service not known
[WARN] [1785993390.339801]: Remote inference recovery probe failed; local inference continues and another probe will run in 5.0 s: [Errno -2] Name or service not known
[WARN] [1785993395.459479]: Remote inference recovery probe failed; local inference continues and another probe will run in 5.0 s: [Errno -2] Name or service not known
 06/08 05:20:27,492 ERROR [140541781305088] (ds-options.cpp:93) Asic Temperature value is not valid!
 06/08 05:20:28,494 ERROR [140541781305088] (ds-options.cpp:93) Asic Temperature value is not valid!
 06/08 05:20:28,727 ERROR [140541924730624] (ds-options.cpp:93) Asic Temperature value is not valid!
 06/08 05:20:29,496 ERROR [140541781305088] (ds-options.cpp:93) Asic Temperature value is not valid!
[WARN] [1785993400.618947]: Remote inference recovery probe failed; local inference continues and another probe will run in 5.0 s: [Errno -2] Name or service not known
[WARN] [1785993405.750901]: Remote inference recovery probe failed; local inference continues and another probe will run in 5.0 s: [Errno -2] Name or service not known
[WARN] [1785993410.829758]: Remote inference recovery probe failed; local inference continues and another probe will run in 5.0 s: [Errno -2] Name or service not known
[WARN] [1785993415.953356]: Remote inference recovery probe failed; local inference continues and another probe will run in 5.0 s: [Errno -2] Name or service not known
[WARN] [1785993421.047493]: Remote inference recovery probe failed; local inference continues and another probe will run in 5.0 s: [Errno -2] Name or service not known
[WARN] [1785993426.266585]: Remote inference recovery probe failed; local inference continues and another probe will run in 5.0 s: [Errno -2] Name or service not known
[WARN] [1785993431.374717]: Remote inference recovery probe failed; local inference continues and another probe will run in 5.0 s: [Errno -2] Name or service not known
[WARN] [1785993436.453328]: Remote inference recovery probe failed; local inference continues and another probe will run in 5.0 s: [Errno -2] Name or service not known
[WARN] [1785993441.570203]: Remote inference recovery probe failed; local inference continues and another probe will run in 5.0 s: [Errno -2] Name or service not known
[WARN] [1785993446.638939]: Remote inference recovery probe failed; local inference continues and another probe will run in 5.0 s: [Errno -2] Name or service not known
[WARN] [1785993451.802745]: Remote inference recovery probe failed; local inference continues and another probe will run in 5.0 s: [Errno -2] Name or service not known
[WARN] [1785993456.995673]: Remote inference recovery probe failed; local inference continues and another probe will run in 5.0 s: [Errno -2] Name or service not known
[WARN] [1785993462.088288]: Remote inference recovery probe failed; local inference continues and another probe will run in 5.0 s: [Errno -2] Name or service not known
[WARN] [1785993467.289917]: Remote inference recovery probe failed; local inference continues and another probe will run in 5.0 s: [Errno -2] Name or service not known
[WARN] [1785993472.495904]: Remote inference recovery probe failed; local inference continues and another probe will run in 5.0 s: [Errno -2] Name or service not known
[WARN] [1785993477.627518]: Remote inference recovery probe failed; local inference continues and another probe will run in 5.0 s: [Errno -2] Name or service not known
[WARN] [1785993482.759101]: Remote inference recovery probe failed; local inference continues and another probe will run in 5.0 s: [Errno -2] Name or service not known
[WARN] [1785993487.894380]: Remote inference recovery probe failed; local inference continues and another probe will run in 5.0 s: [Errno -2] Name or service not known
[WARN] [1785993493.097830]: Remote inference recovery probe failed; local inference continues and another probe will run in 5.0 s: [Errno -2] Name or service not known
[WARN] [1785993498.303686]: Remote inference recovery probe failed; local inference continues and another probe will run in 5.0 s: [Errno -2] Name or service not known
[WARN] [1785993503.438076]: Remote inference recovery probe failed; local inference continues and another probe will run in 5.0 s: [Errno -2] Name or service not known
[WARN] [1785993508.589868]: Remote inference recovery probe failed; local inference continues and another probe will run in 5.0 s: [Errno -2] Name or service not known
[WARN] [1785993513.836575]: Remote inference recovery probe failed; local inference continues and another probe will run in 5.0 s: [Errno -2] Name or service not known
[WARN] [1785993518.936288]: Remote inference recovery probe failed; local inference continues and another probe will run in 5.0 s: [Errno -2] Name or service not known
[WARN] [1785993524.136748]: Remote inference recovery probe failed; local inference continues and another probe will run in 5.0 s: [Errno -2] Name or service not known
[WARN] [1785993529.358392]: Remote inference recovery probe failed; local inference continues and another probe will run in 5.0 s: [Errno -2] Name or service not known
[WARN] [1785993534.559259]: Remote inference recovery probe failed; local inference continues and another probe will run in 5.0 s: [Errno -2] Name or service not known
[WARN] [1785993539.742517]: Remote inference recovery probe failed; local inference continues and another probe will run in 5.0 s: [Errno -2] Name or service not known
[WARN] [1785993544.938158]: Remote inference recovery probe failed; local inference continues and another probe will run in 5.0 s: [Errno -2] Name or service not known
[WARN] [1785993550.001339]: Remote inference recovery probe failed; local inference continues and another probe will run in 5.0 s: [Errno -2] Name or service not known
[WARN] [1785993555.174697]: Remote inference recovery probe failed; local inference continues and another probe will run in 5.0 s: [Errno -2] Name or service not known
[WARN] [1785993560.362764]: Remote inference recovery probe failed; local inference continues and another probe will run in 5.0 s: [Errno -2] Name or service not known
[WARN] [1785993565.607593]: Remote inference recovery probe failed; local inference continues and another probe will run in 5.0 s: [Errno -2] Name or service not known
[WARN] [1785993570.813149]: Remote inference recovery probe failed; local inference continues and another probe will run in 5.0 s: [Errno -2] Name or service not known
[WARN] [1785993575.989836]: Remote inference recovery probe failed; local inference continues and another probe will run in 5.0 s: [Errno -2] Name or service not known
[WARN] [1785993581.188033]: Remote inference recovery probe failed; local inference continues and another probe will run in 5.0 s: [Errno -2] Name or service not known
[WARN] [1785993586.329618]: Remote inference recovery probe failed; local inference continues and another probe will run in 5.0 s: [Errno -2] Name or service not known
[WARN] [1785993591.525227]: Remote inference recovery probe failed; local inference continues and another probe will run in 5.0 s: [Errno -2] Name or service not known
[WARN] [1785993596.723396]: Remote inference recovery probe failed; local inference continues and another probe will run in 5.0 s: [Errno -2] Name or service not known
[WARN] [1785993601.797970]: Remote inference recovery probe failed; local inference continues and another probe will run in 5.0 s: [Errno -2] Name or service not known
[WARN] [1785993606.845574]: Remote inference recovery probe failed; local inference continues and another probe will run in 5.0 s: [Errno -2] Name or service not known
[WARN] [1785993612.012226]: Remote inference recovery probe failed; local inference continues and another probe will run in 5.0 s: [Errno -2] Name or service not known
[WARN] [1785993617.225047]: Remote inference recovery probe failed; local inference continues and another probe will run in 5.0 s: [Errno -2] Name or service not known
[WARN] [1785993622.466638]: Remote inference recovery probe failed; local inference continues and another probe will run in 5.0 s: [Errno -2] Name or service not known
[WARN] [1785993627.584009]: Remote inference recovery probe failed; local inference continues and another probe will run in 5.0 s: [Errno -2] Name or service not known
[WARN] [1785993632.772795]: Remote inference recovery probe failed; local inference continues and another probe will run in 5.0 s: [Errno -2] Name or service not known
[WARN] [1785993637.901740]: Remote inference recovery probe failed; local inference continues and another probe will run in 5.0 s: [Errno -2] Name or service not known
[WARN] [1785993643.108483]: Remote inference recovery probe failed; local inference continues and another probe will run in 5.0 s: [Errno -2] Name or service not known
[INFO] [1785991016.868998]: RGB-D vision status: model_ready:onnxruntime targets:1 depth:1 tf:1 semantic_masks:2
[INFO] [1785991027.761658]: RGB-D vision status: model_ready:onnxruntime targets:1 depth:1 tf:1 semantic_masks:2
[INFO] [1785991039.343434]: RGB-D vision status: model_ready:onnxruntime targets:1 depth:1 tf:1 semantic_masks:2
[INFO] [1785991046.715430]: RGB-D vision status: model_ready:onnxruntime targets:1 depth:1 tf:1 semantic_masks:2
[INFO] [1785991055.635208]: RGB-D vision status: model_ready:onnxruntime targets:0 depth:0 tf:0 semantic_masks:2
[INFO] [1785991098.984903]: RGB-D vision status: model_ready:onnxruntime targets:1 depth:0 tf:0 semantic_masks:2
[INFO] [1785991162.733651]: RGB-D vision status: model_ready:onnxruntime targets:1 depth:1 tf:1 semantic_masks:2
[INFO] [1785991209.954092]: RGB-D vision status: model_ready:onnxruntime targets:1 depth:1 tf:1 semantic_masks:2
[INFO] [1785991406.359065]: RGB-D vision status: model_ready:onnxruntime targets:0 depth:0 tf:0 semantic_masks:2
[INFO] [1785991424.442559]: RGB-D vision status: model_ready:onnxruntime targets:1 depth:1 tf:1 semantic_masks:2
[INFO] [1785991569.994716]: RGB-D vision status: model_ready:onnxruntime targets:0 depth:0 tf:0 semantic_masks:2
[INFO] [1785991582.842889]: RGB-D vision status: model_ready:onnxruntime targets:0 depth:0 tf:0 semantic_masks:2
[INFO] [1785991587.897416]: RGB-D vision status: model_ready:onnxruntime targets:0 depth:0 tf:0 semantic_masks:1
[INFO] [1785991595.642288]: RGB-D vision status: model_ready:onnxruntime targets:1 depth:1 tf:1 semantic_masks:2
[INFO] [1785991600.974206]: RGB-D vision status: model_ready:onnxruntime targets:0 depth:0 tf:0 semantic_masks:2
[INFO] [1785991606.165489]: RGB-D vision status: model_ready:onnxruntime targets:0 depth:0 tf:0 semantic_masks:2
[INFO] [1785991612.136580]: RGB-D vision status: model_ready:onnxruntime targets:0 depth:0 tf:0 semantic_masks:2
[INFO] [1785991642.605405]: RGB-D vision status: model_ready:onnxruntime targets:0 depth:0 tf:0 semantic_masks:2
[INFO] [1785991650.480779]: RGB-D vision status: model_ready:onnxruntime targets:0 depth:0 tf:0 semantic_masks:2
[INFO] [1785991657.413991]: RGB-D vision status: model_ready:onnxruntime targets:0 depth:0 tf:0 semantic_masks:2
[INFO] [1785991692.505865]: RGB-D vision status: model_ready:onnxruntime targets:0 depth:0 tf:0 semantic_masks:2
[INFO] [1785991698.913860]: RGB-D vision status: model_ready:onnxruntime targets:0 depth:0 tf:0 semantic_masks:2
[INFO] [1785991738.432752]: RGB-D vision status: model_ready:onnxruntime targets:0 depth:0 tf:0 semantic_masks:2
[INFO] [1785991744.325098]: RGB-D vision status: model_ready:onnxruntime targets:0 depth:0 tf:0 semantic_masks:2
[INFO] [1785991755.567009]: RGB-D vision status: model_ready:onnxruntime targets:0 depth:0 tf:0 semantic_masks:2
[INFO] [1785991764.046844]: RGB-D vision status: model_ready:onnxruntime targets:0 depth:0 tf:0 semantic_masks:2
[INFO] [1785991772.926223]: RGB-D vision status: model_ready:onnxruntime targets:0 depth:0 tf:0 semantic_masks:2
[INFO] [1785991780.791681]: RGB-D vision status: model_ready:onnxruntime targets:0 depth:0 tf:0 semantic_masks:2
[INFO] [1785991786.133407]: RGB-D vision status: model_ready:onnxruntime targets:0 depth:0 tf:0 semantic_masks:2
[INFO] [1785991793.719118]: RGB-D vision status: model_ready:onnxruntime targets:0 depth:0 tf:0 semantic_masks:2
[INFO] [1785991812.292116]: RGB-D vision status: model_ready:onnxruntime targets:0 depth:0 tf:0 semantic_masks:2
[INFO] [1785991821.371900]: RGB-D vision status: model_ready:onnxruntime targets:0 depth:0 tf:0 semantic_masks:2
[INFO] [1785991832.373667]: RGB-D vision status: model_ready:onnxruntime targets:0 depth:0 tf:0 semantic_masks:2
[INFO] [1785991901.010118]: RGB-D vision status: model_ready:onnxruntime targets:1 depth:1 tf:1 semantic_masks:2
[INFO] [1785992018.403597]: RGB-D vision status: model_ready:onnxruntime targets:0 depth:0 tf:0 semantic_masks:2
[INFO] [1785992024.147799]: RGB-D vision status: model_ready:onnxruntime targets:0 depth:0 tf:0 semantic_masks:2
[INFO] [1785992403.936347]: RGB-D vision status: model_ready:onnxruntime targets:1 depth:0 tf:0 semantic_masks:2
[INFO] [1785992616.640642]: RGB-D vision status: model_ready:onnxruntime targets:1 depth:1 tf:1 semantic_masks:2
[INFO] [1785992675.686435]: RGB-D vision status: model_ready:onnxruntime targets:1 depth:1 tf:1 semantic_masks:2
[INFO] [1785992703.968028]: RGB-D vision status: model_ready:onnxruntime targets:1 depth:1 tf:1 semantic_masks:2
[INFO] [1785992796.394315]: RGB-D vision status: model_ready:onnxruntime targets:1 depth:1 tf:1 semantic_masks:2
[INFO] [1785992841.968322]: RGB-D vision status: model_ready:onnxruntime targets:1 depth:1 tf:1 semantic_masks:2
[INFO] [1785992884.681248]: RGB-D vision status: model_ready:onnxruntime targets:1 depth:1 tf:1 semantic_masks:2
[INFO] [1785992914.855990]: RGB-D vision status: model_ready:onnxruntime targets:1 depth:1 tf:1 semantic_masks:2
[INFO] [1785992920.663910]: RGB-D vision status: model_ready:onnxruntime targets:1 depth:1 tf:1 semantic_masks:2
[INFO] [1785992931.564100]: RGB-D vision status: model_ready:onnxruntime targets:1 depth:1 tf:1 semantic_masks:2
[INFO] [1785992980.605785]: RGB-D vision status: model_ready:onnxruntime targets:1 depth:1 tf:1 semantic_masks:2
[INFO] [1785993033.890867]: RGB-D vision status: model_ready:onnxruntime targets:1 depth:1 tf:1 semantic_masks:2
[INFO] [1785993062.308153]: RGB-D vision status: model_ready:onnxruntime targets:1 depth:1 tf:1 semantic_masks:2
[INFO] [1785993082.268811]: RGB-D vision status: model_ready:onnxruntime targets:1 depth:1 tf:1 semantic_masks:2
[INFO] [1785993097.682572]: RGB-D vision status: model_ready:onnxruntime targets:1 depth:1 tf:1 semantic_masks:2
[INFO] [1785993108.967738]: RGB-D vision status: model_ready:onnxruntime targets:1 depth:1 tf:1 semantic_masks:2
[INFO] [1785993115.231703]: RGB-D vision status: model_ready:onnxruntime targets:1 depth:1 tf:1 semantic_masks:2
[INFO] [1785993120.957405]: RGB-D vision status: model_ready:onnxruntime targets:1 depth:1 tf:1 semantic_masks:2
[INFO] [1785993126.360247]: RGB-D vision status: model_ready:onnxruntime targets:1 depth:1 tf:1 semantic_masks:2
[INFO] [1785993131.515035]: RGB-D vision status: model_ready:onnxruntime targets:1 depth:1 tf:1 semantic_masks:2
[INFO] [1785993136.974751]: RGB-D vision status: model_ready:onnxruntime targets:1 depth:1 tf:1 semantic_masks:2
[INFO] [1785993143.054727]: RGB-D vision status: model_ready:onnxruntime targets:1 depth:1 tf:1 semantic_masks:2
[INFO] [1785993193.504483]: RGB-D vision status: model_ready:onnxruntime targets:1 depth:1 tf:1 semantic_masks:2
[INFO] [1785993341.768365]: RGB-D vision status: model_ready:onnxruntime targets:1 depth:1 tf:1 semantic_masks:2
[INFO] [1785993390.128932]: RGB-D vision status: model_ready:onnxruntime targets:1 depth:1 tf:1 semantic_masks:2
[INFO] [1785993474.349376]: RGB-D vision status: model_ready:onnxruntime targets:1 depth:1 tf:1 semantic_masks:2
[INFO] [1785993530.815243]: RGB-D vision status: model_ready:onnxruntime targets:1 depth:1 tf:1 semantic_masks:2
[INFO] [1785993537.472939]: RGB-D vision status: model_ready:onnxruntime targets:1 depth:1 tf:1 semantic_masks:2
[INFO] [1785993600.593427]: RGB-D vision status: model_ready:onnxruntime targets:1 depth:1 tf:1 semantic_masks:2
[INFO] [1785993625.761709]: RGB-D vision status: model_ready:onnxruntime targets:1 depth:1 tf:1 semantic_masks:2
[INFO] [1785993643.767727]: RGB-D vision status: model_ready:onnxruntime targets:1 depth:1 tf:1 semantic_masks:2
[INFO] [1785993679.958733]: RGB-D vision status: model_ready:onnxruntime targets:1 depth:1 tf:1 semantic_masks:2
[INFO] [1785993686.060339]: RGB-D vision status: model_ready:onnxruntime targets:1 depth:1 tf:1 semantic_masks:2
[INFO] [1785993744.539150]: RGB-D vision status: model_ready:onnxruntime targets:1 depth:1 tf:1 semantic_masks:2
[INFO] [1785993798.862583]: RGB-D vision status: model_ready:onnxruntime targets:1 depth:1 tf:1 semantic_masks:2
[INFO] [1785993809.450271]: RGB-D vision status: model_ready:onnxruntime targets:1 depth:1 tf:1 semantic_masks:2
[WARN] [1785993648.318532]: Remote inference recovery probe failed; local inference continues and another probe will run in 5.0 s: [Errno -2] Name or service not known
[WARN] [1785993653.452668]: Remote inference recovery probe failed; local inference continues and another probe will run in 5.0 s: [Errno -2] Name or service not known
[WARN] [1785993658.661701]: Remote inference recovery probe failed; local inference continues and another probe will run in 5.0 s: [Errno -2] Name or service not known
[WARN] [1785993663.859097]: Remote inference recovery probe failed; local inference continues and another probe will run in 5.0 s: [Errno -2] Name or service not known
[WARN] [1785993668.985132]: Remote inference recovery probe failed; local inference continues and another probe will run in 5.0 s: [Errno -2] Name or service not known
[WARN] [1785993674.203309]: Remote inference recovery probe failed; local inference continues and another probe will run in 5.0 s: [Errno -2] Name or service not known
[WARN] [1785993679.282293]: Remote inference recovery probe failed; local inference continues and another probe will run in 5.0 s: [Errno -2] Name or service not known
[WARN] [1785993684.481549]: Remote inference recovery probe failed; local inference continues and another probe will run in 5.0 s: [Errno -2] Name or service not known
[WARN] [1785993689.675953]: Remote inference recovery probe failed; local inference continues and another probe will run in 5.0 s: [Errno -2] Name or service not known
[WARN] [1785993694.742622]: Remote inference recovery probe failed; local inference continues and another probe will run in 5.0 s: [Errno -2] Name or service not known
[WARN] [1785993699.836553]: Remote inference recovery probe failed; local inference continues and another probe will run in 5.0 s: [Errno -2] Name or service not known
[WARN] [1785993705.036562]: Remote inference recovery probe failed; local inference continues and another probe will run in 5.0 s: [Errno -2] Name or service not known
[WARN] [1785993710.216295]: Remote inference recovery probe failed; local inference continues and another probe will run in 5.0 s: [Errno -2] Name or service not known
[WARN] [1785993715.382827]: Remote inference recovery probe failed; local inference continues and another probe will run in 5.0 s: [Errno -2] Name or service not known
[WARN] [1785993720.595951]: Remote inference recovery probe failed; local inference continues and another probe will run in 5.0 s: [Errno -2] Name or service not known
[WARN] [1785993725.783759]: Remote inference recovery probe failed; local inference continues and another probe will run in 5.0 s: [Errno -2] Name or service not known
[WARN] [1785993730.975999]: Remote inference recovery probe failed; local inference continues and another probe will run in 5.0 s: [Errno -2] Name or service not known
[WARN] [1785993736.072111]: Remote inference recovery probe failed; local inference continues and another probe will run in 5.0 s: [Errno -2] Name or service not known
[WARN] [1785993741.193105]: Remote inference recovery probe failed; local inference continues and another probe will run in 5.0 s: [Errno -2] Name or service not known
[WARN] [1785993746.324015]: Remote inference recovery probe failed; local inference continues and another probe will run in 5.0 s: [Errno -2] Name or service not known
[WARN] [1785993751.377779]: Remote inference recovery probe failed; local inference continues and another probe will run in 5.0 s: [Errno -2] Name or service not known
[WARN] [1785993756.443432]: Remote inference recovery probe failed; local inference continues and another probe will run in 5.0 s: [Errno -2] Name or service not known
[WARN] [1785993761.548671]: Remote inference recovery probe failed; local inference continues and another probe will run in 5.0 s: [Errno -2] Name or service not known
[WARN] [1785993766.725618]: Remote inference recovery probe failed; local inference continues and another probe will run in 5.0 s: [Errno -2] Name or service not known
[WARN] [1785993771.817526]: Remote inference recovery probe failed; local inference continues and another probe will run in 5.0 s: [Errno -2] Name or service not known
[WARN] [1785993776.921223]: Remote inference recovery probe failed; local inference continues and another probe will run in 5.0 s: [Errno -2] Name or service not known
[WARN] [1785993782.106561]: Remote inference recovery probe failed; local inference continues and another probe will run in 5.0 s: [Errno -2] Name or service not known
[WARN] [1785993787.246198]: Remote inference recovery probe failed; local inference continues and another probe will run in 5.0 s: [Errno -2] Name or service not known
[WARN] [1785993792.459408]: Remote inference recovery probe failed; local inference continues and another probe will run in 5.0 s: [Errno -2] Name or service not known
[WARN] [1785993797.650746]: Remote inference recovery probe failed; local inference continues and another probe will run in 5.0 s: [Errno -2] Name or service not known
[WARN] [1785993802.845393]: Remote inference recovery probe failed; local inference continues and another probe will run in 5.0 s: [Errno -2] Name or service not known
[WARN] [1785993808.049663]: Remote inference recovery probe failed; local inference continues and another probe will run in 5.0 s: [Errno -2] Name or service not known
[WARN] [1785993813.244501]: Remote inference recovery probe failed; local inference continues and another probe will run in 5.0 s: [Errno -2] Name or service not known
[WARN] [1785993818.306869]: Remote inference recovery probe failed; local inference continues and another probe will run in 5.0 s: [Errno -2] Name or service not known
[WARN] [1785993823.422402]: Remote inference recovery probe failed; local inference continues and another probe will run in 5.0 s: [Errno -2] Name or service not known
[WARN] [1785993828.618118]: Remote inference recovery probe failed; local inference continues and another probe will run in 5.0 s: [Errno -2] Name or service not known
[WARN] [1785993833.746946]: Remote inference recovery probe failed; local inference continues and another probe will run in 5.0 s: [Errno -2] Name or service not known
[WARN] [1785993838.971030]: Remote inference recovery probe failed; local inference continues and another probe will run in 5.0 s: [Errno -2] Name or service not known
[WARN] [1785993844.188885]: Remote inference recovery probe failed; local inference continues and another probe will run in 5.0 s: [Errno -2] Name or service not known
[WARN] [1785993849.364209]: Remote inference recovery probe failed; local inference continues and another probe will run in 5.0 s: [Errno -2] Name or service not known
[WARN] [1785993854.567938]: Remote inference recovery probe failed; local inference continues and another probe will run in 5.0 s: [Errno -2] Name or service not known
[WARN] [1785993859.772507]: Remote inference recovery probe failed; local inference continues and another probe will run in 5.0 s: [Errno -2] Name or service not known
[WARN] [1785993864.955053]: Remote inference recovery probe failed; local inference continues and another probe will run in 5.0 s: [Errno -2] Name or service not known
[WARN] [1785993870.117952]: Remote inference recovery probe failed; local inference continues and another probe will run in 5.0 s: [Errno -2] Name or service not known
[WARN] [1785993875.328077]: Remote inference recovery probe failed; local inference continues and another probe will run in 5.0 s: [Errno -2] Name or service not known
[WARN] [1785993880.535288]: Remote inference recovery probe failed; local inference continues and another probe will run in 5.0 s: [Errno -2] Name or service not known
[WARN] [1785993885.733732]: Remote inference recovery probe failed; local inference continues and another probe will run in 5.0 s: [Errno -2] Name or service not known
[WARN] [1785993890.934009]: Remote inference recovery probe failed; local inference continues and another probe will run in 5.0 s: [Errno -2] Name or service not known
[WARN] [1785993896.117380]: Remote inference recovery probe failed; local inference continues and another probe will run in 5.0 s: [Errno -2] Name or service not known
[WARN] [1785993901.274632]: Remote inference recovery probe failed; local inference continues and another probe will run in 5.0 s: [Errno -2] Name or service not known
[WARN] [1785993906.463942]: Remote inference recovery probe failed; local inference continues and another probe will run in 5.0 s: [Errno -2] Name or service not known
[WARN] [1785993911.614873]: Remote inference recovery probe failed; local inference continues and another probe will run in 5.0 s: [Errno -2] Name or service not known
[WARN] [1785993916.844933]: Remote inference recovery probe failed; local inference continues and another probe will run in 5.0 s: [Errno -2] Name or service not known
[WARN] [1785993921.959294]: Remote inference recovery probe failed; local inference continues and another probe will run in 5.0 s: [Errno -2] Name or service not known
[WARN] [1785993927.164304]: Remote inference recovery probe failed; local inference continues and another probe will run in 5.0 s: [Errno -2] Name or service not known
[WARN] [1785993932.342594]: Remote inference recovery probe failed; local inference continues and another probe will run in 5.0 s: [Errno -2] Name or service not known
[WARN] [1785993937.434628]: Remote inference recovery probe failed; local inference continues and another probe will run in 5.0 s: [Errno -2] Name or service not known
[WARN] [1785993942.638326]: Remote inference recovery probe failed; local inference continues and another probe will run in 5.0 s: [Errno -2] Name or service not known
[WARN] [1785993947.790622]: Remote inference recovery probe failed; local inference continues and another probe will run in 5.0 s: [Errno -2] Name or service not known
[WARN] [1785993952.936071]: Remote inference recovery probe failed; local inference continues and another probe will run in 5.0 s: [Errno -2] Name or service not known
[WARN] [1785993958.101204]: Remote inference recovery probe failed; local inference continues and another probe will run in 5.0 s: [Errno -2] Name or service not known
[WARN] [1785993963.190720]: Remote inference recovery probe failed; local inference continues and another probe will run in 5.0 s: [Errno -2] Name or service not known
[WARN] [1785993968.410109]: Remote inference recovery probe failed; local inference continues and another probe will run in 5.0 s: [Errno -2] Name or service not known
[WARN] [1785993973.603098]: Remote inference recovery probe failed; local inference continues and another probe will run in 5.0 s: [Errno -2] Name or service not known
[WARN] [1785993978.834531]: Remote inference recovery probe failed; local inference continues and another probe will run in 5.0 s: [Errno -2] Name or service not known
[WARN] [1785993984.016421]: Remote inference recovery probe failed; local inference continues and another probe will run in 5.0 s: [Errno -2] Name or service not known
[WARN] [1785993989.211326]: Remote inference recovery probe failed; local inference continues and another probe will run in 5.0 s: [Errno -2] Name or service not known
[WARN] [1785993994.330401]: Remote inference recovery probe failed; local inference continues and another probe will run in 5.0 s: [Errno -2] Name or service not known
[WARN] [1785993999.404755]: Remote inference recovery probe failed; local inference continues and another probe will run in 5.0 s: [Errno -2] Name or service not known
[WARN] [1785994004.562072]: Remote inference recovery probe failed; local inference continues and another probe will run in 5.0 s: [Errno -2] Name or service not known
[WARN] [1785994009.630612]: Remote inference recovery probe failed; local inference continues and another probe will run in 5.0 s: [Errno -2] Name or service not known
[WARN] [1785994014.834861]: Remote inference recovery probe failed; local inference continues and another probe will run in 5.0 s: [Errno -2] Name or service not known
[WARN] [1785994019.985932]: Remote inference recovery probe failed; local inference continues and another probe will run in 5.0 s: [Errno -2] Name or service not known
[WARN] [1785994025.172450]: Remote inference recovery probe failed; local inference continues and another probe will run in 5.0 s: [Errno -2] Name or service not known
[WARN] [1785994030.268064]: Remote inference recovery probe failed; local inference continues and another probe will run in 5.0 s: [Errno -2] Name or service not known
[WARN] [1785994035.378429]: Remote inference recovery probe failed; local inference continues and another probe will run in 5.0 s: [Errno -2] Name or service not known
[WARN] [1785994040.464433]: Remote inference recovery probe failed; local inference continues and another probe will run in 5.0 s: [Errno -2] Name or service not known
[WARN] [1785994045.708986]: Remote inference recovery probe failed; local inference continues and another probe will run in 5.0 s: [Errno -2] Name or service not known
[WARN] [1785994050.872583]: Remote inference recovery probe failed; local inference continues and another probe will run in 5.0 s: [Errno -2] Name or service not known
[WARN] [1785994056.068691]: Remote inference recovery probe failed; local inference continues and another probe will run in 5.0 s: [Errno -2] Name or service not known
[WARN] [1785994061.134321]: Remote inference recovery probe failed; local inference continues and another probe will run in 5.0 s: [Errno -2] Name or service not known
[WARN] [1785994066.203749]: Remote inference recovery probe failed; local inference continues and another probe will run in 5.0 s: [Errno -2] Name or service not known
[WARN] [1785994071.297717]: Remote inference recovery probe failed; local inference continues and another probe will run in 5.0 s: [Errno -2] Name or service not known
[WARN] [1785994076.507237]: Remote inference recovery probe failed; local inference continues and another probe will run in 5.0 s: [Errno -2] Name or service not known
[WARN] [1785994081.640009]: Remote inference recovery probe failed; local inference continues and another probe will run in 5.0 s: [Errno -2] Name or service not known
[WARN] [1785994086.882034]: Remote inference recovery probe failed; local inference continues and another probe will run in 5.0 s: [Errno -2] Name or service not known
[WARN] [1785994092.039689]: Remote inference recovery probe failed; local inference continues and another probe will run in 5.0 s: [Errno -2] Name or service not known
[WARN] [1785994097.246776]: Remote inference recovery probe failed; local inference continues and another probe will run in 5.0 s: [Errno -2] Name or service not known
[WARN] [1785994102.454422]: Remote inference recovery probe failed; local inference continues and another probe will run in 5.0 s: [Errno -2] Name or service not known
[WARN] [1785994107.650928]: Remote inference recovery probe failed; local inference continues and another probe will run in 5.0 s: [Errno -2] Name or service not known
[WARN] [1785994112.769311]: Remote inference recovery probe failed; local inference continues and another probe will run in 5.0 s: [Errno -2] Name or service not known
[WARN] [1785994117.875050]: Remote inference recovery probe failed; local inference continues and another probe will run in 5.0 s: [Errno -2] Name or service not known
[WARN] [1785994123.043772]: Remote inference recovery probe failed; local inference continues and another probe will run in 5.0 s: [Errno -2] Name or service not known
[WARN] [1785994128.214144]: Remote inference recovery probe failed; local inference continues and another probe will run in 5.0 s: [Errno -2] Name or service not known
[WARN] [1785994133.392198]: Remote inference recovery probe failed; local inference continues and another probe will run in 5.0 s: [Errno -2] Name or service not known
[WARN] [1785994138.470921]: Remote inference recovery probe failed; local inference continues and another probe will run in 5.0 s: [Errno -2] Name or service not known
[WARN] [1785994143.535716]: Remote inference recovery probe failed; local inference continues and another probe will run in 5.0 s: [Errno -2] Name or service not known
[WARN] [1785994148.615476]: Remote inference recovery probe failed; local inference continues and another probe will run in 5.0 s: [Errno -2] Name or service not known
[WARN] [1785994153.688900]: Remote inference recovery probe failed; local inference continues and another probe will run in 5.0 s: [Errno -2] Name or service not known
[WARN] [1785994158.781521]: Remote inference recovery probe failed; local inference continues and another probe will run in 5.0 s: [Errno -2] Name or service not known
[WARN] [1785994164.049678]: Remote inference recovery probe failed; local inference continues and another probe will run in 5.0 s: [Errno -2] Name or service not known
[WARN] [1785994169.180206]: Remote inference recovery probe failed; local inference continues and another probe will run in 5.0 s: [Errno -2] Name or service not known
[WARN] [1785994174.374916]: Remote inference recovery probe failed; local inference continues and another probe will run in 5.0 s: [Errno -2] Name or service not known
[WARN] [1785994179.514716]: Remote inference recovery probe failed; local inference continues and another probe will run in 5.0 s: [Errno -2] Name or service not known
[WARN] [1785994184.750541]: Remote inference recovery probe failed; local inference continues and another probe will run in 5.0 s: [Errno -2] Name or service not known
[WARN] [1785994189.855983]: Remote inference recovery probe failed; local inference continues and another probe will run in 5.0 s: [Errno -2] Name or service not known
[WARN] [1785994194.976769]: Remote inference recovery probe failed; local inference continues and another probe will run in 5.0 s: [Errno -2] Name or service not known
[WARN] [1785994200.058423]: Remote inference recovery probe failed; local inference continues and another probe will run in 5.0 s: [Errno -2] Name or service not known
[WARN] [1785994205.173100]: Remote inference recovery probe failed; local inference continues and another probe will run in 5.0 s: [Errno -2] Name or service not known
[WARN] [1785994210.390021]: Remote inference recovery probe failed; local inference continues and another probe will run in 5.0 s: [Errno -2] Name or service not known
[WARN] [1785994215.482965]: Remote inference recovery probe failed; local inference continues and another probe will run in 5.0 s: [Errno -2] Name or service not known
[WARN] [1785994220.624170]: Remote inference recovery probe failed; local inference continues and another probe will run in 5.0 s: [Errno -2] Name or service not known
[WARN] [1785994225.756419]: Remote inference recovery probe failed; local inference continues and another probe will run in 5.0 s: [Errno -2] Name or service not known
[WARN] [1785994230.890086]: Remote inference recovery probe failed; local inference continues and another probe will run in 5.0 s: [Errno -2] Name or service not known
[WARN] [1785994236.070320]: Remote inference recovery probe failed; local inference continues and another probe will run in 5.0 s: [Errno -2] Name or service not known
[WARN] [1785994241.171392]: Remote inference recovery probe failed; local inference continues and another probe will run in 5.0 s: [Errno -2] Name or service not known
[WARN] [1785994246.232782]: Remote inference recovery probe failed; local inference continues and another probe will run in 5.0 s: [Errno -2] Name or service not known
[WARN] [1785994251.415946]: Remote inference recovery probe failed; local inference continues and another probe will run in 5.0 s: [Errno -2] Name or service not known
[WARN] [1785994256.611718]: Remote inference recovery probe failed; local inference continues and another probe will run in 5.0 s: [Errno -2] Name or service not known
[WARN] [1785994261.731401]: Remote inference recovery probe failed; local inference continues and another probe will run in 5.0 s: [Errno -2] Name or service not known
[WARN] [1785994266.913102]: Remote inference recovery probe failed; local inference continues and another probe will run in 5.0 s: [Errno -2] Name or service not known
[WARN] [1785994271.990999]: Remote inference recovery probe failed; local inference continues and another probe will run in 5.0 s: [Errno -2] Name or service not known
[WARN] [1785994277.135915]: Remote inference recovery probe failed; local inference continues and another probe will run in 5.0 s: [Errno -2] Name or service not known
[WARN] [1785994282.316868]: Remote inference recovery probe failed; local inference continues and another probe will run in 5.0 s: [Errno -2] Name or service not known
[WARN] [1785994287.417903]: Remote inference recovery probe failed; local inference continues and another probe will run in 5.0 s: [Errno -2] Name or service not known
[WARN] [1785994292.640216]: Remote inference recovery probe failed; local inference continues and another probe will run in 5.0 s: [Errno -2] Name or service not known
[WARN] [1785994297.771768]: Remote inference recovery probe failed; local inference continues and another probe will run in 5.0 s: [Errno -2] Name or service not known
[WARN] [1785994302.885530]: Remote inference recovery probe failed; local inference continues and another probe will run in 5.0 s: [Errno -2] Name or service not known
[WARN] [1785994308.077420]: Remote inference recovery probe failed; local inference continues and another probe will run in 5.0 s: [Errno -2] Name or service not known
[WARN] [1785994313.160869]: Remote inference recovery probe failed; local inference continues and another probe will run in 5.0 s: [Errno -2] Name or service not known
[WARN] [1785994318.227933]: Remote inference recovery probe failed; local inference continues and another probe will run in 5.0 s: [Errno -2] Name or service not known
[WARN] [1785994323.381988]: Remote inference recovery probe failed; local inference continues and another probe will run in 5.0 s: [Errno -2] Name or service not known
[WARN] [1785994328.584923]: Remote inference recovery probe failed; local inference continues and another probe will run in 5.0 s: [Errno -2] Name or service not known
[WARN] [1785994333.789035]: Remote inference recovery probe failed; local inference continues and another probe will run in 5.0 s: [Errno -2] Name or service not known
[WARN] [1785994338.924075]: Remote inference recovery probe failed; local inference continues and another probe will run in 5.0 s: [Errno -2] Name or service not known
[WARN] [1785994344.148934]: Remote inference recovery probe failed; local inference continues and another probe will run in 5.0 s: [Errno -2] Name or service not known
[WARN] [1785994349.331541]: Remote inference recovery probe failed; local inference continues and another probe will run in 5.0 s: [Errno -2] Name or service not known
[WARN] [1785994354.537953]: Remote inference recovery probe failed; local inference continues and another probe will run in 5.0 s: [Errno -2] Name or service not known
[WARN] [1785994359.678841]: Remote inference recovery probe failed; local inference continues and another probe will run in 5.0 s: [Errno -2] Name or service not known
[WARN] [1785994364.868132]: Remote inference recovery probe failed; local inference continues and another probe will run in 5.0 s: [Errno -2] Name or service not known
[WARN] [1785994370.029029]: Remote inference recovery probe failed; local inference continues and another probe will run in 5.0 s: [Errno -2] Name or service not known
[WARN] [1785994375.199474]: Remote inference recovery probe failed; local inference continues and another probe will run in 5.0 s: [Errno -2] Name or service not known
[WARN] [1785994380.280538]: Remote inference recovery probe failed; local inference continues and another probe will run in 5.0 s: [Errno -2] Name or service not known
[WARN] [1785994385.444936]: Remote inference recovery probe failed; local inference continues and another probe will run in 5.0 s: [Errno -2] Name or service not known
[WARN] [1785994390.591165]: Remote inference recovery probe failed; local inference continues and another probe will run in 5.0 s: [Errno -2] Name or service not known
[WARN] [1785994395.776096]: Remote inference recovery probe failed; local inference continues and another probe will run in 5.0 s: [Errno -2] Name or service not known
[WARN] [1785994400.992700]: Remote inference recovery probe failed; local inference continues and another probe will run in 5.0 s: [Errno -2] Name or service not known
[WARN] [1785994406.117507]: Remote inference recovery probe failed; local inference continues and another probe will run in 5.0 s: [Errno -2] Name or service not known
[WARN] [1785994411.221054]: Remote inference recovery probe failed; local inference continues and another probe will run in 5.0 s: [Errno -2] Name or service not known
[WARN] [1785994416.315638]: Remote inference recovery probe failed; local inference continues and another probe will run in 5.0 s: [Errno -2] Name or service not known
[WARN] [1785994421.390084]: Remote inference recovery probe failed; local inference continues and another probe will run in 5.0 s: [Errno -2] Name or service not known
[WARN] [1785994426.591996]: Remote inference recovery probe failed; local inference continues and another probe will run in 5.0 s: [Errno -2] Name or service not known
[WARN] [1785994431.674601]: Remote inference recovery probe failed; local inference continues and another probe will run in 5.0 s: [Errno -2] Name or service not known
[WARN] [1785994436.942977]: Remote inference recovery probe failed; local inference continues and another probe will run in 5.0 s: [Errno -2] Name or service not known
[WARN] [1785994442.140904]: Remote inference recovery probe failed; local inference continues and another probe will run in 5.0 s: [Errno -2] Name or service not known
[WARN] [1785994447.384674]: Remote inference recovery probe failed; local inference continues and another probe will run in 5.0 s: [Errno -2] Name or service not known
[WARN] [1785994452.475553]: Remote inference recovery probe failed; local inference continues and another probe will run in 5.0 s: [Errno -2] Name or service not known
[WARN] [1785994457.531848]: Remote inference recovery probe failed; local inference continues and another probe will run in 5.0 s: [Errno -2] Name or service not known
[WARN] [1785994462.699510]: Remote inference recovery probe failed; local inference continues and another probe will run in 5.0 s: [Errno -2] Name or service not known
[WARN] [1785994467.919302]: Remote inference recovery probe failed; local inference continues and another probe will run in 5.0 s: [Errno -2] Name or service not known
[WARN] [1785994473.109256]: Remote inference recovery probe failed; local inference continues and another probe will run in 5.0 s: [Errno -2] Name or service not known
[WARN] [1785994478.315401]: Remote inference recovery probe failed; local inference continues and another probe will run in 5.0 s: [Errno -2] Name or service not known
[WARN] [1785994483.433043]: Remote inference recovery probe failed; local inference continues and another probe will run in 5.0 s: [Errno -2] Name or service not known
[WARN] [1785994488.547589]: Remote inference recovery probe failed; local inference continues and another probe will run in 5.0 s: [Errno -2] Name or service not known
[WARN] [1785994493.694342]: Remote inference recovery probe failed; local inference continues and another probe will run in 5.0 s: [Errno -2] Name or service not known
[WARN] [1785994498.793442]: Remote inference recovery probe failed; local inference continues and another probe will run in 5.0 s: [Errno -2] Name or service not known
[WARN] [1785994503.917434]: Remote inference recovery probe failed; local inference continues and another probe will run in 5.0 s: [Errno -2] Name or service not known
[WARN] [1785994508.998418]: Remote inference recovery probe failed; local inference continues and another probe will run in 5.0 s: [Errno -2] Name or service not known
[WARN] [1785994514.069330]: Remote inference recovery probe failed; local inference continues and another probe will run in 5.0 s: [Errno -2] Name or service not known
[WARN] [1785994519.127843]: Remote inference recovery probe failed; local inference continues and another probe will run in 5.0 s: [Errno -2] Name or service not known
[WARN] [1785994524.284321]: Remote inference recovery probe failed; local inference continues and another probe will run in 5.0 s: [Errno -2] Name or service not known
[WARN] [1785994529.414876]: Remote inference recovery probe failed; local inference continues and another probe will run in 5.0 s: [Errno -2] Name or service not known
[WARN] [1785994534.479589]: Remote inference recovery probe failed; local inference continues and another probe will run in 5.0 s: [Errno -2] Name or service not known
[WARN] [1785994539.573275]: Remote inference recovery probe failed; local inference continues and another probe will run in 5.0 s: [Errno -2] Name or service not known
[WARN] [1785994544.699407]: Remote inference recovery probe failed; local inference continues and another probe will run in 5.0 s: [Errno -2] Name or service not known
[WARN] [1785994549.864141]: Remote inference recovery probe failed; local inference continues and another probe will run in 5.0 s: [Errno -2] Name or service not known
[WARN] [1785994555.065212]: Remote inference recovery probe failed; local inference continues and another probe will run in 5.0 s: [Errno -2] Name or service not known
[WARN] [1785994560.256084]: Remote inference recovery probe failed; local inference continues and another probe will run in 5.0 s: [Errno -2] Name or service not known
[WARN] [1785994565.423384]: Remote inference recovery probe failed; local inference continues and another probe will run in 5.0 s: [Errno -2] Name or service not known
[WARN] [1785994570.502036]: Remote inference recovery probe failed; local inference continues and another probe will run in 5.0 s: [Errno -2] Name or service not known
[WARN] [1785994575.572987]: Remote inference recovery probe failed; local inference continues and another probe will run in 5.0 s: [Errno -2] Name or service not known
[WARN] [1785994580.665933]: Remote inference recovery probe failed; local inference continues and another probe will run in 5.0 s: [Errno -2] Name or service not known
[WARN] [1785994585.868760]: Remote inference recovery probe failed; local inference continues and another probe will run in 5.0 s: [Errno -2] Name or service not known
[WARN] [1785994590.946325]: Remote inference recovery probe failed; local inference continues and another probe will run in 5.0 s: [Errno -2] Name or service not known
[WARN] [1785994596.020634]: Remote inference recovery probe failed; local inference continues and another probe will run in 5.0 s: [Errno -2] Name or service not known
[WARN] [1785994601.131414]: Remote inference recovery probe failed; local inference continues and another probe will run in 5.0 s: [Errno -2] Name or service not known
[WARN] [1785994606.292930]: Remote inference recovery probe failed; local inference continues and another probe will run in 5.0 s: [Errno -2] Name or service not known
[WARN] [1785994611.437989]: Remote inference recovery probe failed; local inference continues and another probe will run in 5.0 s: [Errno -2] Name or service not known
[WARN] [1785994616.616580]: Remote inference recovery probe failed; local inference continues and another probe will run in 5.0 s: [Errno -2] Name or service not known
[WARN] [1785994621.759521]: Remote inference recovery probe failed; local inference continues and another probe will run in 5.0 s: [Errno -2] Name or service not known
[WARN] [1785994626.843547]: Remote inference recovery probe failed; local inference continues and another probe will run in 5.0 s: [Errno -2] Name or service not known
[WARN] [1785994632.032066]: Remote inference recovery probe failed; local inference continues and another probe will run in 5.0 s: [Errno -2] Name or service not known
[WARN] [1785994637.143199]: Remote inference recovery probe failed; local inference continues and another probe will run in 5.0 s: [Errno -2] Name or service not known
[WARN] [1785994642.249676]: Remote inference recovery probe failed; local inference continues and another probe will run in 5.0 s: [Errno -2] Name or service not known
[WARN] [1785994647.322935]: Remote inference recovery probe failed; local inference continues and another probe will run in 5.0 s: [Errno -2] Name or service not known
[WARN] [1785994652.457836]: Remote inference recovery probe failed; local inference continues and another probe will run in 5.0 s: [Errno -2] Name or service not known
[WARN] [1785994657.506847]: Remote inference recovery probe failed; local inference continues and another probe will run in 5.0 s: [Errno -2] Name or service not known
[WARN] [1785994662.629892]: Remote inference recovery probe failed; local inference continues and another probe will run in 5.0 s: [Errno -2] Name or service not known
[WARN] [1785994667.734133]: Remote inference recovery probe failed; local inference continues and another probe will run in 5.0 s: [Errno -2] Name or service not known
[WARN] [1785994672.818185]: Remote inference recovery probe failed; local inference continues and another probe will run in 5.0 s: [Errno -2] Name or service not known
[WARN] [1785994677.953003]: Remote inference recovery probe failed; local inference continues and another probe will run in 5.0 s: [Errno -2] Name or service not known
[WARN] [1785994683.145890]: Remote inference recovery probe failed; local inference continues and another probe will run in 5.0 s: [Errno -2] Name or service not known
[WARN] [1785994688.218016]: Remote inference recovery probe failed; local inference continues and another probe will run in 5.0 s: [Errno -2] Name or service not known
[WARN] [1785994693.356224]: Remote inference recovery probe failed; local inference continues and another probe will run in 5.0 s: [Errno -2] Name or service not known
[WARN] [1785994698.488581]: Remote inference recovery probe failed; local inference continues and another probe will run in 5.0 s: [Errno -2] Name or service not known
[WARN] [1785994703.642887]: Remote inference recovery probe failed; local inference continues and another probe will run in 5.0 s: [Errno -2] Name or service not known
[WARN] [1785994708.780946]: Remote inference recovery probe failed; local inference continues and another probe will run in 5.0 s: [Errno -2] Name or service not known
[WARN] [1785994713.979122]: Remote inference recovery probe failed; local inference continues and another probe will run in 5.0 s: [Errno -2] Name or service not known
[WARN] [1785994719.197125]: Remote inference recovery probe failed; local inference continues and another probe will run in 5.0 s: [Errno -2] Name or service not known
[WARN] [1785994724.311758]: Remote inference recovery probe failed; local inference continues and another probe will run in 5.0 s: [Errno -2] Name or service not known
[WARN] [1785994729.389889]: Remote inference recovery probe failed; local inference continues and another probe will run in 5.0 s: [Errno -2] Name or service not known
[WARN] [1785994734.477366]: Remote inference recovery probe failed; local inference continues and another probe will run in 5.0 s: [Errno -2] Name or service not known
[WARN] [1785994739.647076]: Remote inference recovery probe failed; local inference continues and another probe will run in 5.0 s: [Errno -2] Name or service not known
[WARN] [1785994744.718364]: Remote inference recovery probe failed; local inference continues and another probe will run in 5.0 s: [Errno -2] Name or service not known
[WARN] [1785994749.881079]: Remote inference recovery probe failed; local inference continues and another probe will run in 5.0 s: [Errno -2] Name or service not known
[WARN] [1785994754.960124]: Remote inference recovery probe failed; local inference continues and another probe will run in 5.0 s: [Errno -2] Name or service not known
[WARN] [1785994760.156659]: Remote inference recovery probe failed; local inference continues and another probe will run in 5.0 s: [Errno -2] Name or service not known
[WARN] [1785994765.232528]: Remote inference recovery probe failed; local inference continues and another probe will run in 5.0 s: [Errno -2] Name or service not known
[WARN] [1785994770.427125]: Remote inference recovery probe failed; local inference continues and another probe will run in 5.0 s: [Errno -2] Name or service not known
[WARN] [1785994775.480503]: Remote inference recovery probe failed; local inference continues and another probe will run in 5.0 s: [Errno -2] Name or service not known
[WARN] [1785994780.608961]: Remote inference recovery probe failed; local inference continues and another probe will run in 5.0 s: [Errno -2] Name or service not known
[WARN] [1785994785.743007]: Remote inference recovery probe failed; local inference continues and another probe will run in 5.0 s: [Errno -2] Name or service not known
[WARN] [1785994790.947739]: Remote inference recovery probe failed; local inference continues and another probe will run in 5.0 s: [Errno -2] Name or service not known
[WARN] [1785994796.045773]: Remote inference recovery probe failed; local inference continues and another probe will run in 5.0 s: [Errno -2] Name or service not known
[WARN] [1785994801.115578]: Remote inference recovery probe failed; local inference continues and another probe will run in 5.0 s: [Errno -2] Name or service not known
[WARN] [1785994806.188795]: Remote inference recovery probe failed; local inference continues and another probe will run in 5.0 s: [Errno -2] Name or service not known
[WARN] [1785994811.348037]: Remote inference recovery probe failed; local inference continues and another probe will run in 5.0 s: [Errno -2] Name or service not known
[WARN] [1785994816.525304]: Remote inference recovery probe failed; local inference continues and another probe will run in 5.0 s: [Errno -2] Name or service not known
[WARN] [1785994821.683658]: Remote inference recovery probe failed; local inference continues and another probe will run in 5.0 s: [Errno -2] Name or service not known
[WARN] [1785994826.897779]: Remote inference recovery probe failed; local inference continues and another probe will run in 5.0 s: [Errno -2] Name or service not known
[WARN] [1785994832.016399]: Remote inference recovery probe failed; local inference continues and another probe will run in 5.0 s: [Errno -2] Name or service not known
[WARN] [1785994837.208514]: Remote inference recovery probe failed; local inference continues and another probe will run in 5.0 s: [Errno -2] Name or service not known
[WARN] [1785994842.358978]: Remote inference recovery probe failed; local inference continues and another probe will run in 5.0 s: [Errno -2] Name or service not known
[WARN] [1785994847.561707]: Remote inference recovery probe failed; local inference continues and another probe will run in 5.0 s: [Errno -2] Name or service not known
[WARN] [1785994852.565829]: Remote inference recovery probe failed; local inference continues and another probe will run in 5.0 s: [Errno -2] Name or service not known
[WARN] [1785994857.709340]: Remote inference recovery probe failed; local inference continues and another probe will run in 5.0 s: [Errno -2] Name or service not known
[WARN] [1785994862.769234]: Remote inference recovery probe failed; local inference continues and another probe will run in 5.0 s: [Errno -2] Name or service not known
[WARN] [1785994867.865394]: Remote inference recovery probe failed; local inference continues and another probe will run in 5.0 s: [Errno -2] Name or service not known
[WARN] [1785994873.086347]: Remote inference recovery probe failed; local inference continues and another probe will run in 5.0 s: [Errno -2] Name or service not known
[WARN] [1785994878.257023]: Remote inference recovery probe failed; local inference continues and another probe will run in 5.0 s: [Errno -2] Name or service not known
[WARN] [1785994883.322016]: Remote inference recovery probe failed; local inference continues and another probe will run in 5.0 s: [Errno -2] Name or service not known
[WARN] [1785994888.401170]: Remote inference recovery probe failed; local inference continues and another probe will run in 5.0 s: [Errno -2] Name or service not known
[WARN] [1785994893.587067]: Remote inference recovery probe failed; local inference continues and another probe will run in 5.0 s: [Errno -2] Name or service not known
[WARN] [1785994898.730731]: Remote inference recovery probe failed; local inference continues and another probe will run in 5.0 s: [Errno -2] Name or service not known
[WARN] [1785994903.790494]: Remote inference recovery probe failed; local inference continues and another probe will run in 5.0 s: [Errno -2] Name or service not known
[WARN] [1785994908.919649]: Remote inference recovery probe failed; local inference continues and another probe will run in 5.0 s: [Errno -2] Name or service not known
[WARN] [1785994914.083746]: Remote inference recovery probe failed; local inference continues and another probe will run in 5.0 s: [Errno -2] Name or service not known
[WARN] [1785994919.145338]: Remote inference recovery probe failed; local inference continues and another probe will run in 5.0 s: [Errno -2] Name or service not known
[WARN] [1785994924.234810]: Remote inference recovery probe failed; local inference continues and another probe will run in 5.0 s: [Errno -2] Name or service not known
[WARN] [1785994929.365590]: Remote inference recovery probe failed; local inference continues and another probe will run in 5.0 s: [Errno -2] Name or service not known
[WARN] [1785994934.508430]: Remote inference recovery probe failed; local inference continues and another probe will run in 5.0 s: [Errno -2] Name or service not known
[WARN] [1785994939.684236]: Remote inference recovery probe failed; local inference continues and another probe will run in 5.0 s: [Errno -2] Name or service not known
[WARN] [1785994944.769908]: Remote inference recovery probe failed; local inference continues and another probe will run in 5.0 s: [Errno -2] Name or service not known
[WARN] [1785994949.951124]: Remote inference recovery probe failed; local inference continues and another probe will run in 5.0 s: [Errno -2] Name or service not known
[WARN] [1785994955.082297]: Remote inference recovery probe failed; local inference continues and another probe will run in 5.0 s: [Errno -2] Name or service not known
[WARN] [1785994960.185447]: Remote inference recovery probe failed; local inference continues and another probe will run in 5.0 s: [Errno -2] Name or service not known
[WARN] [1785994965.239867]: Remote inference recovery probe failed; local inference continues and another probe will run in 5.0 s: [Errno -2] Name or service not known
[WARN] [1785994970.380154]: Remote inference recovery probe failed; local inference continues and another probe will run in 5.0 s: [Errno -2] Name or service not known
[WARN] [1785994975.536879]: Remote inference recovery probe failed; local inference continues and another probe will run in 5.0 s: [Errno -2] Name or service not known
[WARN] [1785994980.621876]: Remote inference recovery probe failed; local inference continues and another probe will run in 5.0 s: [Errno -2] Name or service not known
[WARN] [1785994985.814409]: Remote inference recovery probe failed; local inference continues and another probe will run in 5.0 s: [Errno -2] Name or service not known
[WARN] [1785994991.035630]: Remote inference recovery probe failed; local inference continues and another probe will run in 5.0 s: [Errno -2] Name or service not known
[WARN] [1785994996.212808]: Remote inference recovery probe failed; local inference continues and another probe will run in 5.0 s: [Errno -2] Name or service not known
[WARN] [1785995001.291411]: Remote inference recovery probe failed; local inference continues and another probe will run in 5.0 s: [Errno -2] Name or service not known
[WARN] [1785995006.418303]: Remote inference recovery probe failed; local inference continues and another probe will run in 5.0 s: [Errno -2] Name or service not known
[WARN] [1785995011.562354]: Remote inference recovery probe failed; local inference continues and another probe will run in 5.0 s: [Errno -2] Name or service not known
[WARN] [1785995016.689131]: Remote inference recovery probe failed; local inference continues and another probe will run in 5.0 s: [Errno -2] Name or service not known
[WARN] [1785995021.779218]: Remote inference recovery probe failed; local inference continues and another probe will run in 5.0 s: [Errno -2] Name or service not known
[WARN] [1785995026.913426]: Remote inference recovery probe failed; local inference continues and another probe will run in 5.0 s: [Errno -2] Name or service not known
[WARN] [1785995031.998122]: Remote inference recovery probe failed; local inference continues and another probe will run in 5.0 s: [Errno -2] Name or service not known
[WARN] [1785995037.150995]: Remote inference recovery probe failed; local inference continues and another probe will run in 5.0 s: [Errno -2] Name or service not known
[WARN] [1785995042.337825]: Remote inference recovery probe failed; local inference continues and another probe will run in 5.0 s: [Errno -2] Name or service not known
[WARN] [1785995047.527706]: Remote inference recovery probe failed; local inference continues and another probe will run in 5.0 s: [Errno -2] Name or service not known
[WARN] [1785995052.674244]: Remote inference recovery probe failed; local inference continues and another probe will run in 5.0 s: [Errno -2] Name or service not known
[WARN] [1785995057.805761]: Remote inference recovery probe failed; local inference continues and another probe will run in 5.0 s: [Errno -2] Name or service not known
[WARN] [1785995062.876221]: Remote inference recovery probe failed; local inference continues and another probe will run in 5.0 s: [Errno -2] Name or service not known
[WARN] [1785995067.936215]: Remote inference recovery probe failed; local inference continues and another probe will run in 5.0 s: [Errno -2] Name or service not known
[WARN] [1785995073.035027]: Remote inference recovery probe failed; local inference continues and another probe will run in 5.0 s: [Errno -2] Name or service not known
[WARN] [1785995078.236365]: Remote inference recovery probe failed; local inference continues and another probe will run in 5.0 s: [Errno -2] Name or service not known
[WARN] [1785995083.355865]: Remote inference recovery probe failed; local inference continues and another probe will run in 5.0 s: [Errno -2] Name or service not known
[WARN] [1785995088.517018]: Remote inference recovery probe failed; local inference continues and another probe will run in 5.0 s: [Errno -2] Name or service not known
[WARN] [1785995093.646561]: Remote inference recovery probe failed; local inference continues and another probe will run in 5.0 s: [Errno -2] Name or service not known
[WARN] [1785995098.844697]: Remote inference recovery probe failed; local inference continues and another probe will run in 5.0 s: [Errno -2] Name or service not known
[WARN] [1785995103.915160]: Remote inference recovery probe failed; local inference continues and another probe will run in 5.0 s: [Errno -2] Name or service not known
[WARN] [1785995108.962610]: Remote inference recovery probe failed; local inference continues and another probe will run in 5.0 s: [Errno -2] Name or service not known
[WARN] [1785995114.123145]: Remote inference recovery probe failed; local inference continues and another probe will run in 5.0 s: [Errno -2] Name or service not known
[WARN] [1785995119.213499]: Remote inference recovery probe failed; local inference continues and another probe will run in 5.0 s: [Errno -2] Name or service not known
[WARN] [1785995124.376170]: Remote inference recovery probe failed; local inference continues and another probe will run in 5.0 s: [Errno -2] Name or service not known
[INFO] [1785993858.509779]: RGB-D vision status: model_ready:onnxruntime targets:1 depth:1 tf:1 semantic_masks:2
[INFO] [1785993867.041395]: RGB-D vision status: model_ready:onnxruntime targets:1 depth:1 tf:1 semantic_masks:2
[INFO] [1785993872.238200]: RGB-D vision status: model_ready:onnxruntime targets:1 depth:1 tf:1 semantic_masks:2
[INFO] [1785993891.864926]: RGB-D vision status: model_ready:onnxruntime targets:1 depth:1 tf:1 semantic_masks:2
[INFO] [1785993920.609146]: RGB-D vision status: model_ready:onnxruntime targets:1 depth:1 tf:1 semantic_masks:2
[INFO] [1785993933.724677]: RGB-D vision status: model_ready:onnxruntime targets:1 depth:1 tf:1 semantic_masks:2
[INFO] [1785993939.434813]: RGB-D vision status: model_ready:onnxruntime targets:1 depth:1 tf:1 semantic_masks:2
[INFO] [1785993951.999829]: RGB-D vision status: model_ready:onnxruntime targets:1 depth:1 tf:1 semantic_masks:2
[INFO] [1785993973.342273]: RGB-D vision status: model_ready:onnxruntime targets:1 depth:1 tf:1 semantic_masks:2
[INFO] [1785993996.457741]: RGB-D vision status: model_ready:onnxruntime targets:1 depth:1 tf:1 semantic_masks:2
[INFO] [1785994009.367994]: RGB-D vision status: model_ready:onnxruntime targets:1 depth:1 tf:1 semantic_masks:2
[INFO] [1785994015.363359]: RGB-D vision status: model_ready:onnxruntime targets:1 depth:1 tf:1 semantic_masks:2
[INFO] [1785994031.581271]: RGB-D vision status: model_ready:onnxruntime targets:1 depth:1 tf:1 semantic_masks:2
[INFO] [1785994041.383044]: RGB-D vision status: model_ready:onnxruntime targets:1 depth:1 tf:1 semantic_masks:2
[INFO] [1785994048.336851]: RGB-D vision status: model_ready:onnxruntime targets:1 depth:1 tf:1 semantic_masks:2
[INFO] [1785994054.251651]: RGB-D vision status: model_ready:onnxruntime targets:1 depth:1 tf:1 semantic_masks:2
[INFO] [1785994074.833583]: RGB-D vision status: model_ready:onnxruntime targets:1 depth:1 tf:1 semantic_masks:2
[INFO] [1785994100.445361]: RGB-D vision status: model_ready:onnxruntime targets:1 depth:1 tf:1 semantic_masks:2
[INFO] [1785994113.584844]: RGB-D vision status: model_ready:onnxruntime targets:1 depth:1 tf:1 semantic_masks:2
[INFO] [1785994171.285361]: RGB-D vision status: model_ready:onnxruntime targets:1 depth:1 tf:1 semantic_masks:2
[INFO] [1785994179.383203]: RGB-D vision status: model_ready:onnxruntime targets:1 depth:1 tf:1 semantic_masks:2
[INFO] [1785994199.138649]: RGB-D vision status: model_ready:onnxruntime targets:1 depth:1 tf:1 semantic_masks:2
[INFO] [1785994223.630346]: RGB-D vision status: model_ready:onnxruntime targets:1 depth:1 tf:1 semantic_masks:2
[INFO] [1785994234.231185]: RGB-D vision status: model_ready:onnxruntime targets:1 depth:1 tf:1 semantic_masks:2
[INFO] [1785994263.195765]: RGB-D vision status: model_ready:onnxruntime targets:1 depth:1 tf:1 semantic_masks:2
[INFO] [1785994268.292897]: RGB-D vision status: model_ready:onnxruntime targets:0 depth:0 tf:0 semantic_masks:1
[INFO] [1785994273.983689]: RGB-D vision status: model_ready:onnxruntime targets:1 depth:1 tf:1 semantic_masks:2
[INFO] [1785994293.417279]: RGB-D vision status: model_ready:onnxruntime targets:1 depth:1 tf:1 semantic_masks:2
[INFO] [1785994304.463589]: RGB-D vision status: model_ready:onnxruntime targets:1 depth:1 tf:1 semantic_masks:2
[INFO] [1785994318.511956]: RGB-D vision status: model_ready:onnxruntime targets:1 depth:1 tf:1 semantic_masks:2
[INFO] [1785994465.754467]: RGB-D vision status: model_ready:onnxruntime targets:1 depth:1 tf:1 semantic_masks:2
[INFO] [1785994490.520318]: RGB-D vision status: model_ready:onnxruntime targets:1 depth:1 tf:1 semantic_masks:2
[INFO] [1785994505.578225]: RGB-D vision status: model_ready:onnxruntime targets:1 depth:1 tf:1 semantic_masks:2
[INFO] [1785994512.102690]: RGB-D vision status: model_ready:onnxruntime targets:1 depth:1 tf:1 semantic_masks:2
[INFO] [1785994517.956655]: RGB-D vision status: model_ready:onnxruntime targets:1 depth:1 tf:1 semantic_masks:2
[INFO] [1785994525.541184]: RGB-D vision status: model_ready:onnxruntime targets:1 depth:1 tf:1 semantic_masks:2
[INFO] [1785994530.628992]: RGB-D vision status: model_ready:onnxruntime targets:0 depth:0 tf:0 semantic_masks:1
[INFO] [1785994539.469491]: RGB-D vision status: model_ready:onnxruntime targets:1 depth:1 tf:1 semantic_masks:2
[INFO] [1785994546.065113]: RGB-D vision status: model_ready:onnxruntime targets:1 depth:1 tf:1 semantic_masks:2
[INFO] [1785994552.367140]: RGB-D vision status: model_ready:onnxruntime targets:1 depth:1 tf:1 semantic_masks:2
[INFO] [1785994560.890500]: RGB-D vision status: model_ready:onnxruntime targets:1 depth:1 tf:1 semantic_masks:2
[INFO] [1785994565.986694]: RGB-D vision status: model_ready:onnxruntime targets:1 depth:1 tf:1 semantic_masks:2
[INFO] [1785994578.749331]: RGB-D vision status: model_ready:onnxruntime targets:1 depth:1 tf:1 semantic_masks:2
[INFO] [1785994584.264796]: RGB-D vision status: model_ready:onnxruntime targets:1 depth:1 tf:1 semantic_masks:2
[INFO] [1785994590.404204]: RGB-D vision status: model_ready:onnxruntime targets:1 depth:1 tf:1 semantic_masks:2
[INFO] [1785994599.313783]: RGB-D vision status: model_ready:onnxruntime targets:1 depth:1 tf:1 semantic_masks:2
[INFO] [1785994606.943197]: RGB-D vision status: model_ready:onnxruntime targets:1 depth:1 tf:1 semantic_masks:2
[INFO] [1785994615.693695]: RGB-D vision status: model_ready:onnxruntime targets:1 depth:1 tf:1 semantic_masks:2
[INFO] [1785994631.765111]: RGB-D vision status: model_ready:onnxruntime targets:1 depth:1 tf:1 semantic_masks:2
[INFO] [1785994639.311017]: RGB-D vision status: model_ready:onnxruntime targets:1 depth:1 tf:1 semantic_masks:2
[INFO] [1785994646.789803]: RGB-D vision status: model_ready:onnxruntime targets:1 depth:1 tf:1 semantic_masks:2
[INFO] [1785994655.248479]: RGB-D vision status: model_ready:onnxruntime targets:1 depth:1 tf:1 semantic_masks:2
[INFO] [1785994660.256634]: RGB-D vision status: model_ready:onnxruntime targets:0 depth:0 tf:0 semantic_masks:1
[INFO] [1785994674.751738]: RGB-D vision status: model_ready:onnxruntime targets:1 depth:1 tf:1 semantic_masks:2
[INFO] [1785994684.090834]: RGB-D vision status: model_ready:onnxruntime targets:1 depth:1 tf:1 semantic_masks:2
[INFO] [1785994691.922563]: RGB-D vision status: model_ready:onnxruntime targets:1 depth:1 tf:1 semantic_masks:2
[INFO] [1785994700.639645]: RGB-D vision status: model_ready:onnxruntime targets:1 depth:1 tf:1 semantic_masks:2
[INFO] [1785994955.085913]: RGB-D vision status: model_ready:onnxruntime targets:1 depth:1 tf:1 semantic_masks:2
[INFO] [1785994977.551182]: RGB-D vision status: model_ready:onnxruntime targets:1 depth:1 tf:1 semantic_masks:2
[INFO] [1785994997.294936]: RGB-D vision status: model_ready:onnxruntime targets:1 depth:1 tf:1 semantic_masks:2
[INFO] [1785995020.847185]: RGB-D vision status: model_ready:onnxruntime targets:1 depth:1 tf:1 semantic_masks:2
[INFO] [1785995027.835712]: RGB-D vision status: model_ready:onnxruntime targets:1 depth:1 tf:1 semantic_masks:2
[INFO] [1785995038.841855]: RGB-D vision status: model_ready:onnxruntime targets:1 depth:1 tf:1 semantic_masks:2
[INFO] [1785995121.439158]: RGB-D vision status: model_ready:onnxruntime targets:1 depth:1 tf:1 semantic_masks:2
[INFO] [1785995142.273956]: RGB-D vision status: model_ready:onnxruntime targets:1 depth:1 tf:1 semantic_masks:2
[INFO] [1785995148.276838]: RGB-D vision status: model_ready:onnxruntime targets:1 depth:1 tf:1 semantic_masks:2
[INFO] [1785995155.498319]: RGB-D vision status: model_ready:onnxruntime targets:1 depth:1 tf:1 semantic_masks:2
[INFO] [1785995171.749014]: RGB-D vision status: model_ready:onnxruntime targets:1 depth:1 tf:1 semantic_masks:2
[INFO] [1785995190.315045]: RGB-D vision status: model_ready:onnxruntime targets:1 depth:1 tf:1 semantic_masks:2
[INFO] [1785995245.043132]: RGB-D vision status: model_ready:onnxruntime targets:1 depth:1 tf:1 semantic_masks:2
[INFO] [1785995268.785264]: RGB-D vision status: model_ready:onnxruntime targets:1 depth:1 tf:1 semantic_masks:2
[INFO] [1785995274.387408]: RGB-D vision status: model_ready:onnxruntime targets:1 depth:1 tf:1 semantic_masks:2
[WARN] [1785995129.467216]: Remote inference recovery probe failed; local inference continues and another probe will run in 5.0 s: [Errno -2] Name or service not known
[WARN] [1785995134.544786]: Remote inference recovery probe failed; local inference continues and another probe will run in 5.0 s: [Errno -2] Name or service not known
[WARN] [1785995139.632933]: Remote inference recovery probe failed; local inference continues and another probe will run in 5.0 s: [Errno -2] Name or service not known
[WARN] [1785995144.815573]: Remote inference recovery probe failed; local inference continues and another probe will run in 5.0 s: [Errno -2] Name or service not known
[WARN] [1785995149.911482]: Remote inference recovery probe failed; local inference continues and another probe will run in 5.0 s: [Errno -2] Name or service not known
[WARN] [1785995155.104681]: Remote inference recovery probe failed; local inference continues and another probe will run in 5.0 s: [Errno -2] Name or service not known
[WARN] [1785995160.242429]: Remote inference recovery probe failed; local inference continues and another probe will run in 5.0 s: [Errno -2] Name or service not known
[WARN] [1785995165.408327]: Remote inference recovery probe failed; local inference continues and another probe will run in 5.0 s: [Errno -2] Name or service not known
[WARN] [1785995170.479241]: Remote inference recovery probe failed; local inference continues and another probe will run in 5.0 s: [Errno -2] Name or service not known
[WARN] [1785995175.590075]: Remote inference recovery probe failed; local inference continues and another probe will run in 5.0 s: [Errno -2] Name or service not known
[WARN] [1785995180.778190]: Remote inference recovery probe failed; local inference continues and another probe will run in 5.0 s: [Errno -2] Name or service not known
[WARN] [1785995185.862688]: Remote inference recovery probe failed; local inference continues and another probe will run in 5.0 s: [Errno -2] Name or service not known
[WARN] [1785995190.985667]: Remote inference recovery probe failed; local inference continues and another probe will run in 5.0 s: [Errno -2] Name or service not known
[WARN] [1785995196.173098]: Remote inference recovery probe failed; local inference continues and another probe will run in 5.0 s: [Errno -2] Name or service not known
[WARN] [1785995201.360142]: Remote inference recovery probe failed; local inference continues and another probe will run in 5.0 s: [Errno -2] Name or service not known
[WARN] [1785995206.516599]: Remote inference recovery probe failed; local inference continues and another probe will run in 5.0 s: [Errno -2] Name or service not known
[WARN] [1785995211.585182]: Remote inference recovery probe failed; local inference continues and another probe will run in 5.0 s: [Errno -2] Name or service not known
[WARN] [1785995216.665314]: Remote inference recovery probe failed; local inference continues and another probe will run in 5.0 s: [Errno -2] Name or service not known
[WARN] [1785995221.754427]: Remote inference recovery probe failed; local inference continues and another probe will run in 5.0 s: [Errno -2] Name or service not known
[WARN] [1785995226.948370]: Remote inference recovery probe failed; local inference continues and another probe will run in 5.0 s: [Errno -2] Name or service not known
[WARN] [1785995232.019630]: Remote inference recovery probe failed; local inference continues and another probe will run in 5.0 s: [Errno -2] Name or service not known
[WARN] [1785995237.147632]: Remote inference recovery probe failed; local inference continues and another probe will run in 5.0 s: [Errno -2] Name or service not known
[WARN] [1785995242.239311]: Remote inference recovery probe failed; local inference continues and another probe will run in 5.0 s: [Errno -2] Name or service not known
[WARN] [1785995247.289933]: Remote inference recovery probe failed; local inference continues and another probe will run in 5.0 s: [Errno -2] Name or service not known
[WARN] [1785995252.348843]: Remote inference recovery probe failed; local inference continues and another probe will run in 5.0 s: [Errno -2] Name or service not known
[WARN] [1785995257.431614]: Remote inference recovery probe failed; local inference continues and another probe will run in 5.0 s: [Errno -2] Name or service not known
[WARN] [1785995262.492105]: Remote inference recovery probe failed; local inference continues and another probe will run in 5.0 s: [Errno -2] Name or service not known
[WARN] [1785995267.584518]: Remote inference recovery probe failed; local inference continues and another probe will run in 5.0 s: [Errno -2] Name or service not known
[WARN] [1785995272.789179]: Remote inference recovery probe failed; local inference continues and another probe will run in 5.0 s: [Errno -2] Name or service not known
[WARN] [1785995277.977596]: Remote inference recovery probe failed; local inference continues and another probe will run in 5.0 s: [Errno -2] Name or service not known
[WARN] [1785995283.050457]: Remote inference recovery probe failed; local inference continues and another probe will run in 5.0 s: [Errno -2] Name or service not known
[WARN] [1785995288.125854]: Remote inference recovery probe failed; local inference continues and another probe will run in 5.0 s: [Errno -2] Name or service not known
[WARN] [1785995293.228866]: Remote inference recovery probe failed; local inference continues and another probe will run in 5.0 s: [Errno -2] Name or service not known
[WARN] [1785995298.421418]: Remote inference recovery probe failed; local inference continues and another probe will run in 5.0 s: [Errno -2] Name or service not known
[WARN] [1785995303.541592]: Remote inference recovery probe failed; local inference continues and another probe will run in 5.0 s: [Errno -2] Name or service not known
[WARN] [1785995308.610023]: Remote inference recovery probe failed; local inference continues and another probe will run in 5.0 s: [Errno -2] Name or service not known
[WARN] [1785995313.670120]: Remote inference recovery probe failed; local inference continues and another probe will run in 5.0 s: [Errno -2] Name or service not known
[WARN] [1785995318.750975]: Remote inference recovery probe failed; local inference continues and another probe will run in 5.0 s: [Errno -2] Name or service not known
[WARN] [1785995323.879767]: Remote inference recovery probe failed; local inference continues and another probe will run in 5.0 s: [Errno -2] Name or service not known
[WARN] [1785995329.120676]: Remote inference recovery probe failed; local inference continues and another probe will run in 5.0 s: [Errno -2] Name or service not known
[WARN] [1785995334.334105]: Remote inference recovery probe failed; local inference continues and another probe will run in 5.0 s: [Errno -2] Name or service not known
[WARN] [1785995339.498754]: Remote inference recovery probe failed; local inference continues and another probe will run in 5.0 s: [Errno -2] Name or service not known
[WARN] [1785995344.637302]: Remote inference recovery probe failed; local inference continues and another probe will run in 5.0 s: [Errno -2] Name or service not known
[WARN] [1785995349.792710]: Remote inference recovery probe failed; local inference continues and another probe will run in 5.0 s: [Errno -2] Name or service not known
[WARN] [1785995354.992459]: Remote inference recovery probe failed; local inference continues and another probe will run in 5.0 s: [Errno -2] Name or service not known
[WARN] [1785995360.195745]: Remote inference recovery probe failed; local inference continues and another probe will run in 5.0 s: [Errno -2] Name or service not known
[WARN] [1785995365.335419]: Remote inference recovery probe failed; local inference continues and another probe will run in 5.0 s: [Errno -2] Name or service not known
[WARN] [1785995370.556319]: Remote inference recovery probe failed; local inference continues and another probe will run in 5.0 s: [Errno -2] Name or service not known
[WARN] [1785995375.740453]: Remote inference recovery probe failed; local inference continues and another probe will run in 5.0 s: [Errno -2] Name or service not known
[WARN] [1785995380.815135]: Remote inference recovery probe failed; local inference continues and another probe will run in 5.0 s: [Errno -2] Name or service not known
[WARN] [1785995385.993504]: Remote inference recovery probe failed; local inference continues and another probe will run in 5.0 s: [Errno -2] Name or service not known
[WARN] [1785995391.021519]: Remote inference recovery probe failed; local inference continues and another probe will run in 5.0 s: [Errno -2] Name or service not known
[WARN] [1785995396.136342]: Remote inference recovery probe failed; local inference continues and another probe will run in 5.0 s: [Errno -2] Name or service not known
[WARN] [1785995401.217917]: Remote inference recovery probe failed; local inference continues and another probe will run in 5.0 s: [Errno -2] Name or service not known
[WARN] [1785995406.292746]: Remote inference recovery probe failed; local inference continues and another probe will run in 5.0 s: [Errno -2] Name or service not known
[WARN] [1785995411.370937]: Remote inference recovery probe failed; local inference continues and another probe will run in 5.0 s: [Errno -2] Name or service not known
[WARN] [1785995416.440316]: Remote inference recovery probe failed; local inference continues and another probe will run in 5.0 s: [Errno -2] Name or service not known
[WARN] [1785995421.538581]: Remote inference recovery probe failed; local inference continues and another probe will run in 5.0 s: [Errno -2] Name or service not known
[WARN] [1785995426.726614]: Remote inference recovery probe failed; local inference continues and another probe will run in 5.0 s: [Errno -2] Name or service not known
[WARN] [1785995431.901737]: Remote inference recovery probe failed; local inference continues and another probe will run in 5.0 s: [Errno -2] Name or service not known
[WARN] [1785995436.999716]: Remote inference recovery probe failed; local inference continues and another probe will run in 5.0 s: [Errno -2] Name or service not known
[WARN] [1785995442.173278]: Remote inference recovery probe failed; local inference continues and another probe will run in 5.0 s: [Errno -2] Name or service not known
[WARN] [1785995447.333028]: Remote inference recovery probe failed; local inference continues and another probe will run in 5.0 s: [Errno -2] Name or service not known
[WARN] [1785995452.402450]: Remote inference recovery probe failed; local inference continues and another probe will run in 5.0 s: [Errno -2] Name or service not known
[WARN] [1785995457.470476]: Remote inference recovery probe failed; local inference continues and another probe will run in 5.0 s: [Errno -2] Name or service not known
[WARN] [1785995462.550620]: Remote inference recovery probe failed; local inference continues and another probe will run in 5.0 s: [Errno -2] Name or service not known
[WARN] [1785995467.767413]: Remote inference recovery probe failed; local inference continues and another probe will run in 5.0 s: [Errno -2] Name or service not known
[WARN] [1785995472.962004]: Remote inference recovery probe failed; local inference continues and another probe will run in 5.0 s: [Errno -2] Name or service not known
[WARN] [1785995478.142872]: Remote inference recovery probe failed; local inference continues and another probe will run in 5.0 s: [Errno -2] Name or service not known
[WARN] [1785995483.202555]: Remote inference recovery probe failed; local inference continues and another probe will run in 5.0 s: [Errno -2] Name or service not known
[WARN] [1785995488.290338]: Remote inference recovery probe failed; local inference continues and another probe will run in 5.0 s: [Errno -2] Name or service not known
[WARN] [1785995493.457994]: Remote inference recovery probe failed; local inference continues and another probe will run in 5.0 s: [Errno -2] Name or service not known
[WARN] [1785995498.563205]: Remote inference recovery probe failed; local inference continues and another probe will run in 5.0 s: [Errno -2] Name or service not known
[WARN] [1785995503.709142]: Remote inference recovery probe failed; local inference continues and another probe will run in 5.0 s: [Errno -2] Name or service not known
[WARN] [1785995508.791329]: Remote inference recovery probe failed; local inference continues and another probe will run in 5.0 s: [Errno -2] Name or service not known
[WARN] [1785995513.854912]: Remote inference recovery probe failed; local inference continues and another probe will run in 5.0 s: [Errno -2] Name or service not known
[WARN] [1785995518.931255]: Remote inference recovery probe failed; local inference continues and another probe will run in 5.0 s: [Errno -2] Name or service not known
[WARN] [1785995524.147766]: Remote inference recovery probe failed; local inference continues and another probe will run in 5.0 s: [Errno -2] Name or service not known
[WARN] [1785995529.352519]: Remote inference recovery probe failed; local inference continues and another probe will run in 5.0 s: [Errno -2] Name or service not known
[WARN] [1785995534.475029]: Remote inference recovery probe failed; local inference continues and another probe will run in 5.0 s: [Errno -2] Name or service not known
[WARN] [1785995539.612676]: Remote inference recovery probe failed; local inference continues and another probe will run in 5.0 s: [Errno -2] Name or service not known
[WARN] [1785995544.683899]: Remote inference recovery probe failed; local inference continues and another probe will run in 5.0 s: [Errno -2] Name or service not known
[WARN] [1785995549.758790]: Remote inference recovery probe failed; local inference continues and another probe will run in 5.0 s: [Errno -2] Name or service not known
[WARN] [1785995554.964012]: Remote inference recovery probe failed; local inference continues and another probe will run in 5.0 s: [Errno -2] Name or service not known
[WARN] [1785995560.079436]: Remote inference recovery probe failed; local inference continues and another probe will run in 5.0 s: [Errno -2] Name or service not known
[WARN] [1785995565.228148]: Remote inference recovery probe failed; local inference continues and another probe will run in 5.0 s: [Errno -2] Name or service not known
[WARN] [1785995570.388073]: Remote inference recovery probe failed; local inference continues and another probe will run in 5.0 s: [Errno -2] Name or service not known
[WARN] [1785995575.597652]: Remote inference recovery probe failed; local inference continues and another probe will run in 5.0 s: [Errno -2] Name or service not known
[WARN] [1785995580.799974]: Remote inference recovery probe failed; local inference continues and another probe will run in 5.0 s: [Errno -2] Name or service not known
[WARN] [1785995585.920639]: Remote inference recovery probe failed; local inference continues and another probe will run in 5.0 s: [Errno -2] Name or service not known
[WARN] [1785995590.963904]: Remote inference recovery probe failed; local inference continues and another probe will run in 5.0 s: [Errno -2] Name or service not known
[WARN] [1785995596.059635]: Remote inference recovery probe failed; local inference continues and another probe will run in 5.0 s: [Errno -2] Name or service not known
[WARN] [1785995601.129035]: Remote inference recovery probe failed; local inference continues and another probe will run in 5.0 s: [Errno -2] Name or service not known
[WARN] [1785995606.225339]: Remote inference recovery probe failed; local inference continues and another probe will run in 5.0 s: [Errno -2] Name or service not known
[WARN] [1785995611.423806]: Remote inference recovery probe failed; local inference continues and another probe will run in 5.0 s: [Errno -2] Name or service not known
[WARN] [1785995616.622177]: Remote inference recovery probe failed; local inference continues and another probe will run in 5.0 s: [Errno -2] Name or service not known
[WARN] [1785995621.825842]: Remote inference recovery probe failed; local inference continues and another probe will run in 5.0 s: [Errno -2] Name or service not known
[WARN] [1785995626.952074]: Remote inference recovery probe failed; local inference continues and another probe will run in 5.0 s: [Errno -2] Name or service not known
[WARN] [1785995632.031314]: Remote inference recovery probe failed; local inference continues and another probe will run in 5.0 s: [Errno -2] Name or service not known
[WARN] [1785995637.159067]: Remote inference recovery probe failed; local inference continues and another probe will run in 5.0 s: [Errno -2] Name or service not known
[WARN] [1785995642.238962]: Remote inference recovery probe failed; local inference continues and another probe will run in 5.0 s: [Errno -2] Name or service not known
[WARN] [1785995647.430122]: Remote inference recovery probe failed; local inference continues and another probe will run in 5.0 s: [Errno -2] Name or service not known
[WARN] [1785995652.494817]: Remote inference recovery probe failed; local inference continues and another probe will run in 5.0 s: [Errno -2] Name or service not known
[WARN] [1785995657.589733]: Remote inference recovery probe failed; local inference continues and another probe will run in 5.0 s: [Errno -2] Name or service not known
[WARN] [1785995662.764566]: Remote inference recovery probe failed; local inference continues and another probe will run in 5.0 s: [Errno -2] Name or service not known
[WARN] [1785995667.914350]: Remote inference recovery probe failed; local inference continues and another probe will run in 5.0 s: [Errno -2] Name or service not known
[WARN] [1785995673.011297]: Remote inference recovery probe failed; local inference continues and another probe will run in 5.0 s: [Errno -2] Name or service not known
[WARN] [1785995678.198666]: Remote inference recovery probe failed; local inference continues and another probe will run in 5.0 s: [Errno -2] Name or service not known
[WARN] [1785995683.269964]: Remote inference recovery probe failed; local inference continues and another probe will run in 5.0 s: [Errno -2] Name or service not known
[WARN] [1785995688.424340]: Remote inference recovery probe failed; local inference continues and another probe will run in 5.0 s: [Errno -2] Name or service not known
[WARN] [1785995693.622841]: Remote inference recovery probe failed; local inference continues and another probe will run in 5.0 s: [Errno -2] Name or service not known
[WARN] [1785995698.741259]: Remote inference recovery probe failed; local inference continues and another probe will run in 5.0 s: [Errno -2] Name or service not known
[WARN] [1785995703.801840]: Remote inference recovery probe failed; local inference continues and another probe will run in 5.0 s: [Errno -2] Name or service not known
[WARN] [1785995708.903536]: Remote inference recovery probe failed; local inference continues and another probe will run in 5.0 s: [Errno -2] Name or service not known
[WARN] [1785995714.090606]: Remote inference recovery probe failed; local inference continues and another probe will run in 5.0 s: [Errno -2] Name or service not known
[WARN] [1785995719.163401]: Remote inference recovery probe failed; local inference continues and another probe will run in 5.0 s: [Errno -2] Name or service not known
[WARN] [1785995724.313461]: Remote inference recovery probe failed; local inference continues and another probe will run in 5.0 s: [Errno -2] Name or service not known
[WARN] [1785995729.422014]: Remote inference recovery probe failed; local inference continues and another probe will run in 5.0 s: [Errno -2] Name or service not known
[WARN] [1785995734.519874]: Remote inference recovery probe failed; local inference continues and another probe will run in 5.0 s: [Errno -2] Name or service not known
[WARN] [1785995739.724456]: Remote inference recovery probe failed; local inference continues and another probe will run in 5.0 s: [Errno -2] Name or service not known
[WARN] [1785995744.867879]: Remote inference recovery probe failed; local inference continues and another probe will run in 5.0 s: [Errno -2] Name or service not known
[WARN] [1785995750.061232]: Remote inference recovery probe failed; local inference continues and another probe will run in 5.0 s: [Errno -2] Name or service not known
[WARN] [1785995755.265195]: Remote inference recovery probe failed; local inference continues and another probe will run in 5.0 s: [Errno -2] Name or service not known
[WARN] [1785995760.472651]: Remote inference recovery probe failed; local inference continues and another probe will run in 5.0 s: [Errno -2] Name or service not known
[WARN] [1785995765.673181]: Remote inference recovery probe failed; local inference continues and another probe will run in 5.0 s: [Errno -2] Name or service not known
[WARN] [1785995770.818519]: Remote inference recovery probe failed; local inference continues and another probe will run in 5.0 s: [Errno -2] Name or service not known
[WARN] [1785995776.017791]: Remote inference recovery probe failed; local inference continues and another probe will run in 5.0 s: [Errno -2] Name or service not known
[WARN] [1785995781.077034]: Remote inference recovery probe failed; local inference continues and another probe will run in 5.0 s: [Errno -2] Name or service not known
[WARN] [1785995786.141091]: Remote inference recovery probe failed; local inference continues and another probe will run in 5.0 s: [Errno -2] Name or service not known
[WARN] [1785995791.329967]: Remote inference recovery probe failed; local inference continues and another probe will run in 5.0 s: [Errno -2] Name or service not known
[WARN] [1785995796.505664]: Remote inference recovery probe failed; local inference continues and another probe will run in 5.0 s: [Errno -2] Name or service not known
[WARN] [1785995801.688828]: Remote inference recovery probe failed; local inference continues and another probe will run in 5.0 s: [Errno -2] Name or service not known
[WARN] [1785995806.766335]: Remote inference recovery probe failed; local inference continues and another probe will run in 5.0 s: [Errno -2] Name or service not known
[WARN] [1785995811.894954]: Remote inference recovery probe failed; local inference continues and another probe will run in 5.0 s: [Errno -2] Name or service not known
[WARN] [1785995816.984787]: Remote inference recovery probe failed; local inference continues and another probe will run in 5.0 s: [Errno -2] Name or service not known
[WARN] [1785995822.183667]: Remote inference recovery probe failed; local inference continues and another probe will run in 5.0 s: [Errno -2] Name or service not known
[WARN] [1785995827.262124]: Remote inference recovery probe failed; local inference continues and another probe will run in 5.0 s: [Errno -2] Name or service not known
[WARN] [1785995832.331598]: Remote inference recovery probe failed; local inference continues and another probe will run in 5.0 s: [Errno -2] Name or service not known
[WARN] [1785995837.405244]: Remote inference recovery probe failed; local inference continues and another probe will run in 5.0 s: [Errno -2] Name or service not known
[WARN] [1785995842.601509]: Remote inference recovery probe failed; local inference continues and another probe will run in 5.0 s: [Errno -2] Name or service not known
[WARN] [1785995847.726422]: Remote inference recovery probe failed; local inference continues and another probe will run in 5.0 s: [Errno -2] Name or service not known
[WARN] [1785995852.806597]: Remote inference recovery probe failed; local inference continues and another probe will run in 5.0 s: [Errno -2] Name or service not known
[WARN] [1785995857.863234]: Remote inference recovery probe failed; local inference continues and another probe will run in 5.0 s: [Errno -2] Name or service not known
[WARN] [1785995863.017348]: Remote inference recovery probe failed; local inference continues and another probe will run in 5.0 s: [Errno -2] Name or service not known
[WARN] [1785995868.081486]: Remote inference recovery probe failed; local inference continues and another probe will run in 5.0 s: [Errno -2] Name or service not known
[WARN] [1785995873.155803]: Remote inference recovery probe failed; local inference continues and another probe will run in 5.0 s: [Errno -2] Name or service not known
[WARN] [1785995878.216841]: Remote inference recovery probe failed; local inference continues and another probe will run in 5.0 s: [Errno -2] Name or service not known
[WARN] [1785995883.298111]: Remote inference recovery probe failed; local inference continues and another probe will run in 5.0 s: [Errno -2] Name or service not known
[WARN] [1785995888.369920]: Remote inference recovery probe failed; local inference continues and another probe will run in 5.0 s: [Errno -2] Name or service not known
[WARN] [1785995893.464535]: Remote inference recovery probe failed; local inference continues and another probe will run in 5.0 s: [Errno -2] Name or service not known
[WARN] [1785995898.577118]: Remote inference recovery probe failed; local inference continues and another probe will run in 5.0 s: [Errno -2] Name or service not known
[WARN] [1785995903.648024]: Remote inference recovery probe failed; local inference continues and another probe will run in 5.0 s: [Errno -2] Name or service not known
[WARN] [1785995908.731347]: Remote inference recovery probe failed; local inference continues and another probe will run in 5.0 s: [Errno -2] Name or service not known
[WARN] [1785995913.864741]: Remote inference recovery probe failed; local inference continues and another probe will run in 5.0 s: [Errno -2] Name or service not known
[WARN] [1785995919.061479]: Remote inference recovery probe failed; local inference continues and another probe will run in 5.0 s: [Errno -2] Name or service not known
[WARN] [1785995924.142286]: Remote inference recovery probe failed; local inference continues and another probe will run in 5.0 s: [Errno -2] Name or service not known
[WARN] [1785995929.334031]: Remote inference recovery probe failed; local inference continues and another probe will run in 5.0 s: [Errno -2] Name or service not known
[WARN] [1785995934.409333]: Remote inference recovery probe failed; local inference continues and another probe will run in 5.0 s: [Errno -2] Name or service not known
[WARN] [1785995939.546047]: Remote inference recovery probe failed; local inference continues and another probe will run in 5.0 s: [Errno -2] Name or service not known
[WARN] [1785995944.638935]: Remote inference recovery probe failed; local inference continues and another probe will run in 5.0 s: [Errno -2] Name or service not known
[WARN] [1785995949.742818]: Remote inference recovery probe failed; local inference continues and another probe will run in 5.0 s: [Errno -2] Name or service not known
[WARN] [1785995954.832736]: Remote inference recovery probe failed; local inference continues and another probe will run in 5.0 s: [Errno -2] Name or service not known
[WARN] [1785995960.001605]: Remote inference recovery probe failed; local inference continues and another probe will run in 5.0 s: [Errno -2] Name or service not known
[WARN] [1785995965.184396]: Remote inference recovery probe failed; local inference continues and another probe will run in 5.0 s: [Errno -2] Name or service not known
[WARN] [1785995970.314884]: Remote inference recovery probe failed; local inference continues and another probe will run in 5.0 s: [Errno -2] Name or service not known
[WARN] [1785995975.435861]: Remote inference recovery probe failed; local inference continues and another probe will run in 5.0 s: [Errno -2] Name or service not known
[WARN] [1785995980.521058]: Remote inference recovery probe failed; local inference continues and another probe will run in 5.0 s: [Errno -2] Name or service not known
[WARN] [1785995985.594554]: Remote inference recovery probe failed; local inference continues and another probe will run in 5.0 s: [Errno -2] Name or service not known
[WARN] [1785995990.667040]: Remote inference recovery probe failed; local inference continues and another probe will run in 5.0 s: [Errno -2] Name or service not known
[WARN] [1785995995.728807]: Remote inference recovery probe failed; local inference continues and another probe will run in 5.0 s: [Errno -2] Name or service not known
[WARN] [1785996000.794055]: Remote inference recovery probe failed; local inference continues and another probe will run in 5.0 s: [Errno -2] Name or service not known
[WARN] [1785996005.896173]: Remote inference recovery probe failed; local inference continues and another probe will run in 5.0 s: [Errno -2] Name or service not known
[WARN] [1785996011.081966]: Remote inference recovery probe failed; local inference continues and another probe will run in 5.0 s: [Errno -2] Name or service not known
[WARN] [1785996016.152167]: Remote inference recovery probe failed; local inference continues and another probe will run in 5.0 s: [Errno -2] Name or service not known
[WARN] [1785996021.371171]: Remote inference recovery probe failed; local inference continues and another probe will run in 5.0 s: [Errno -2] Name or service not known
[WARN] [1785996026.568686]: Remote inference recovery probe failed; local inference continues and another probe will run in 5.0 s: [Errno -2] Name or service not known
[WARN] [1785996031.771209]: Remote inference recovery probe failed; local inference continues and another probe will run in 5.0 s: [Errno -2] Name or service not known
[WARN] [1785996036.886417]: Remote inference recovery probe failed; local inference continues and another probe will run in 5.0 s: [Errno -2] Name or service not known
[WARN] [1785996041.977022]: Remote inference recovery probe failed; local inference continues and another probe will run in 5.0 s: [Errno -2] Name or service not known
[WARN] [1785996047.064020]: Remote inference recovery probe failed; local inference continues and another probe will run in 5.0 s: [Errno -2] Name or service not known
[WARN] [1785996052.196167]: Remote inference recovery probe failed; local inference continues and another probe will run in 5.0 s: [Errno -2] Name or service not known
[WARN] [1785996057.372557]: Remote inference recovery probe failed; local inference continues and another probe will run in 5.0 s: [Errno -2] Name or service not known
[WARN] [1785996062.466370]: Remote inference recovery probe failed; local inference continues and another probe will run in 5.0 s: [Errno -2] Name or service not known
[WARN] [1785996067.628031]: Remote inference recovery probe failed; local inference continues and another probe will run in 5.0 s: [Errno -2] Name or service not known
[WARN] [1785996072.733916]: Remote inference recovery probe failed; local inference continues and another probe will run in 5.0 s: [Errno -2] Name or service not known
[WARN] [1785996077.801873]: Remote inference recovery probe failed; local inference continues and another probe will run in 5.0 s: [Errno -2] Name or service not known
[WARN] [1785996082.935541]: Remote inference recovery probe failed; local inference continues and another probe will run in 5.0 s: [Errno -2] Name or service not known
[WARN] [1785996088.012057]: Remote inference recovery probe failed; local inference continues and another probe will run in 5.0 s: [Errno -2] Name or service not known
[WARN] [1785996093.064441]: Remote inference recovery probe failed; local inference continues and another probe will run in 5.0 s: [Errno -2] Name or service not known
[WARN] [1785996098.245159]: Remote inference recovery probe failed; local inference continues and another probe will run in 5.0 s: [Errno -2] Name or service not known
[WARN] [1785996103.444854]: Remote inference recovery probe failed; local inference continues and another probe will run in 5.0 s: [Errno -2] Name or service not known
[WARN] [1785996108.630493]: Remote inference recovery probe failed; local inference continues and another probe will run in 5.0 s: [Errno -2] Name or service not known
[WARN] [1785996113.679240]: Remote inference recovery probe failed; local inference continues and another probe will run in 5.0 s: [Errno -2] Name or service not known
[WARN] [1785996118.764484]: Remote inference recovery probe failed; local inference continues and another probe will run in 5.0 s: [Errno -2] Name or service not known
[WARN] [1785996123.843832]: Remote inference recovery probe failed; local inference continues and another probe will run in 5.0 s: [Errno -2] Name or service not known
[WARN] [1785996128.907192]: Remote inference recovery probe failed; local inference continues and another probe will run in 5.0 s: [Errno -2] Name or service not known
[WARN] [1785996133.954126]: Remote inference recovery probe failed; local inference continues and another probe will run in 5.0 s: [Errno -2] Name or service not known
[WARN] [1785996139.126625]: Remote inference recovery probe failed; local inference continues and another probe will run in 5.0 s: [Errno -2] Name or service not known
[WARN] [1785996144.186212]: Remote inference recovery probe failed; local inference continues and another probe will run in 5.0 s: [Errno -2] Name or service not known
[WARN] [1785996149.304037]: Remote inference recovery probe failed; local inference continues and another probe will run in 5.0 s: [Errno -2] Name or service not known
[WARN] [1785996154.487465]: Remote inference recovery probe failed; local inference continues and another probe will run in 5.0 s: [Errno -2] Name or service not known
[WARN] [1785996159.686694]: Remote inference recovery probe failed; local inference continues and another probe will run in 5.0 s: [Errno -2] Name or service not known
[WARN] [1785996164.881524]: Remote inference recovery probe failed; local inference continues and another probe will run in 5.0 s: [Errno -2] Name or service not known
[WARN] [1785996170.080182]: Remote inference recovery probe failed; local inference continues and another probe will run in 5.0 s: [Errno -2] Name or service not known
[WARN] [1785996175.157834]: Remote inference recovery probe failed; local inference continues and another probe will run in 5.0 s: [Errno -2] Name or service not known
[WARN] [1785996180.351291]: Remote inference recovery probe failed; local inference continues and another probe will run in 5.0 s: [Errno -2] Name or service not known
[WARN] [1785996185.432720]: Remote inference recovery probe failed; local inference continues and another probe will run in 5.0 s: [Errno -2] Name or service not known
[WARN] [1785996190.631021]: Remote inference recovery probe failed; local inference continues and another probe will run in 5.0 s: [Errno -2] Name or service not known
[WARN] [1785996195.687751]: Remote inference recovery probe failed; local inference continues and another probe will run in 5.0 s: [Errno -2] Name or service not known
[WARN] [1785996200.763360]: Remote inference recovery probe failed; local inference continues and another probe will run in 5.0 s: [Errno -2] Name or service not known
[WARN] [1785996205.865363]: Remote inference recovery probe failed; local inference continues and another probe will run in 5.0 s: [Errno -2] Name or service not known
[WARN] [1785996211.060071]: Remote inference recovery probe failed; local inference continues and another probe will run in 5.0 s: [Errno -2] Name or service not known
[WARN] [1785996216.240788]: Remote inference recovery probe failed; local inference continues and another probe will run in 5.0 s: [Errno -2] Name or service not known
[WARN] [1785996221.397308]: Remote inference recovery probe failed; local inference continues and another probe will run in 5.0 s: [Errno -2] Name or service not known
[WARN] [1785996226.588433]: Remote inference recovery probe failed; local inference continues and another probe will run in 5.0 s: [Errno -2] Name or service not known
[WARN] [1785996231.664787]: Remote inference recovery probe failed; local inference continues and another probe will run in 5.0 s: [Errno -2] Name or service not known
[WARN] [1785996236.738297]: Remote inference recovery probe failed; local inference continues and another probe will run in 5.0 s: [Errno -2] Name or service not known
[WARN] [1785996241.805282]: Remote inference recovery probe failed; local inference continues and another probe will run in 5.0 s: [Errno -2] Name or service not known
[WARN] [1785996246.886986]: Remote inference recovery probe failed; local inference continues and another probe will run in 5.0 s: [Errno -2] Name or service not known
[WARN] [1785996252.074078]: Remote inference recovery probe failed; local inference continues and another probe will run in 5.0 s: [Errno -2] Name or service not known
[WARN] [1785996257.159307]: Remote inference recovery probe failed; local inference continues and another probe will run in 5.0 s: [Errno -2] Name or service not known
[WARN] [1785996262.235007]: Remote inference recovery probe failed; local inference continues and another probe will run in 5.0 s: [Errno -2] Name or service not known
[WARN] [1785996267.377615]: Remote inference recovery probe failed; local inference continues and another probe will run in 5.0 s: [Errno -2] Name or service not known
[WARN] [1785996272.550526]: Remote inference recovery probe failed; local inference continues and another probe will run in 5.0 s: [Errno -2] Name or service not known
[WARN] [1785996277.715674]: Remote inference recovery probe failed; local inference continues and another probe will run in 5.0 s: [Errno -2] Name or service not known
[WARN] [1785996282.861870]: Remote inference recovery probe failed; local inference continues and another probe will run in 5.0 s: [Errno -2] Name or service not known
[WARN] [1785996288.051012]: Remote inference recovery probe failed; local inference continues and another probe will run in 5.0 s: [Errno -2] Name or service not known
[WARN] [1785996293.142534]: Remote inference recovery probe failed; local inference continues and another probe will run in 5.0 s: [Errno -2] Name or service not known
[WARN] [1785996298.331317]: Remote inference recovery probe failed; local inference continues and another probe will run in 5.0 s: [Errno -2] Name or service not known
[WARN] [1785996303.444934]: Remote inference recovery probe failed; local inference continues and another probe will run in 5.0 s: [Errno -2] Name or service not known
[WARN] [1785996308.512425]: Remote inference recovery probe failed; local inference continues and another probe will run in 5.0 s: [Errno -2] Name or service not known
[WARN] [1785996313.705565]: Remote inference recovery probe failed; local inference continues and another probe will run in 5.0 s: [Errno -2] Name or service not known
[WARN] [1785996318.823342]: Remote inference recovery probe failed; local inference continues and another probe will run in 5.0 s: [Errno -2] Name or service not known
[WARN] [1785996323.952757]: Remote inference recovery probe failed; local inference continues and another probe will run in 5.0 s: [Errno -2] Name or service not known
[WARN] [1785996329.136528]: Remote inference recovery probe failed; local inference continues and another probe will run in 5.0 s: [Errno -2] Name or service not known
[WARN] [1785996334.224783]: Remote inference recovery probe failed; local inference continues and another probe will run in 5.0 s: [Errno -2] Name or service not known
[WARN] [1785996339.435849]: Remote inference recovery probe failed; local inference continues and another probe will run in 5.0 s: [Errno -2] Name or service not known
[WARN] [1785996344.610438]: Remote inference recovery probe failed; local inference continues and another probe will run in 5.0 s: [Errno -2] Name or service not known
[WARN] [1785996349.710894]: Remote inference recovery probe failed; local inference continues and another probe will run in 5.0 s: [Errno -2] Name or service not known
[WARN] [1785996354.897611]: Remote inference recovery probe failed; local inference continues and another probe will run in 5.0 s: [Errno -2] Name or service not known
[INFO] [1785995287.606771]: RGB-D vision status: model_ready:onnxruntime targets:1 depth:1 tf:1 semantic_masks:2
[INFO] [1785995292.809804]: RGB-D vision status: model_ready:onnxruntime targets:1 depth:1 tf:1 semantic_masks:2
[INFO] [1785995299.905651]: RGB-D vision status: model_ready:onnxruntime targets:1 depth:1 tf:1 semantic_masks:2
[INFO] [1785995306.344253]: RGB-D vision status: model_ready:onnxruntime targets:1 depth:1 tf:1 semantic_masks:2
[INFO] [1785995364.540436]: RGB-D vision status: model_ready:onnxruntime targets:1 depth:1 tf:1 semantic_masks:2
[INFO] [1785995410.685078]: RGB-D vision status: model_ready:onnxruntime targets:1 depth:1 tf:1 semantic_masks:2
[INFO] [1785995419.221011]: RGB-D vision status: model_ready:onnxruntime targets:1 depth:1 tf:1 semantic_masks:2
[INFO] [1785995424.312317]: RGB-D vision status: model_ready:onnxruntime targets:0 depth:0 tf:0 semantic_masks:1
[INFO] [1785995440.332229]: RGB-D vision status: model_ready:onnxruntime targets:1 depth:1 tf:1 semantic_masks:2
[INFO] [1785995448.664490]: RGB-D vision status: model_ready:onnxruntime targets:1 depth:1 tf:1 semantic_masks:2
[INFO] [1785995468.421359]: RGB-D vision status: model_ready:onnxruntime targets:1 depth:1 tf:1 semantic_masks:2
[INFO] [1785995481.754772]: RGB-D vision status: model_ready:onnxruntime targets:1 depth:1 tf:1 semantic_masks:2
[INFO] [1785995501.869340]: RGB-D vision status: model_ready:onnxruntime targets:1 depth:1 tf:1 semantic_masks:2
[INFO] [1785995510.266166]: RGB-D vision status: model_ready:onnxruntime targets:1 depth:1 tf:1 semantic_masks:2
[INFO] [1785995519.586617]: RGB-D vision status: model_ready:onnxruntime targets:1 depth:1 tf:1 semantic_masks:2
[INFO] [1785995528.530607]: RGB-D vision status: model_ready:onnxruntime targets:1 depth:1 tf:1 semantic_masks:2
[INFO] [1785995550.750877]: RGB-D vision status: model_ready:onnxruntime targets:1 depth:1 tf:1 semantic_masks:2
[INFO] [1785995558.104126]: RGB-D vision status: model_ready:onnxruntime targets:1 depth:1 tf:1 semantic_masks:2
[INFO] [1785995575.722946]: RGB-D vision status: model_ready:onnxruntime targets:1 depth:1 tf:1 semantic_masks:2
[INFO] [1785995582.828435]: RGB-D vision status: model_ready:onnxruntime targets:1 depth:1 tf:1 semantic_masks:2
[INFO] [1785995596.460889]: RGB-D vision status: model_ready:onnxruntime targets:1 depth:1 tf:1 semantic_masks:2
[INFO] [1785995609.550067]: RGB-D vision status: model_ready:onnxruntime targets:1 depth:1 tf:1 semantic_masks:2
[INFO] [1785995619.831732]: RGB-D vision status: model_ready:onnxruntime targets:1 depth:1 tf:1 semantic_masks:2
[INFO] [1785995642.242399]: RGB-D vision status: model_ready:onnxruntime targets:1 depth:1 tf:1 semantic_masks:2
[INFO] [1785995647.310278]: RGB-D vision status: model_ready:onnxruntime targets:0 depth:0 tf:0 semantic_masks:1
[INFO] [1785995671.036445]: RGB-D vision status: model_ready:onnxruntime targets:1 depth:1 tf:1 semantic_masks:2
[INFO] [1785995682.674663]: RGB-D vision status: model_ready:onnxruntime targets:1 depth:1 tf:1 semantic_masks:2
[INFO] [1785995689.759743]: RGB-D vision status: model_ready:onnxruntime targets:1 depth:1 tf:1 semantic_masks:2
[INFO] [1785995700.737691]: RGB-D vision status: model_ready:onnxruntime targets:1 depth:1 tf:1 semantic_masks:2
[INFO] [1785995706.098329]: RGB-D vision status: model_ready:onnxruntime targets:1 depth:1 tf:1 semantic_masks:2
[INFO] [1785995739.449985]: RGB-D vision status: model_ready:onnxruntime targets:1 depth:1 tf:1 semantic_masks:2
[INFO] [1785995767.329403]: RGB-D vision status: model_ready:onnxruntime targets:1 depth:1 tf:1 semantic_masks:2
[INFO] [1785995776.945822]: RGB-D vision status: model_ready:onnxruntime targets:1 depth:1 tf:1 semantic_masks:2
[INFO] [1785995787.094743]: RGB-D vision status: model_ready:onnxruntime targets:1 depth:1 tf:1 semantic_masks:2
[INFO] [1785995800.253134]: RGB-D vision status: model_ready:onnxruntime targets:1 depth:1 tf:1 semantic_masks:2
[INFO] [1785995813.921981]: RGB-D vision status: model_ready:onnxruntime targets:1 depth:1 tf:1 semantic_masks:2
[INFO] [1785995821.775315]: RGB-D vision status: model_ready:onnxruntime targets:1 depth:1 tf:1 semantic_masks:2
[INFO] [1785995829.650326]: RGB-D vision status: model_ready:onnxruntime targets:1 depth:1 tf:1 semantic_masks:2
[INFO] [1785995836.736402]: RGB-D vision status: model_ready:onnxruntime targets:1 depth:1 tf:1 semantic_masks:2
[INFO] [1785995847.049575]: RGB-D vision status: model_ready:onnxruntime targets:1 depth:1 tf:1 semantic_masks:2
[INFO] [1785995852.259771]: RGB-D vision status: model_ready:onnxruntime targets:1 depth:1 tf:1 semantic_masks:2
[INFO] [1785995858.553627]: RGB-D vision status: model_ready:onnxruntime targets:1 depth:1 tf:1 semantic_masks:2
[INFO] [1785995877.437648]: RGB-D vision status: model_ready:onnxruntime targets:1 depth:1 tf:1 semantic_masks:2
[INFO] [1785995888.126990]: RGB-D vision status: model_ready:onnxruntime targets:1 depth:1 tf:1 semantic_masks:2
[INFO] [1785995900.872787]: RGB-D vision status: model_ready:onnxruntime targets:1 depth:1 tf:1 semantic_masks:2
[INFO] [1785995926.488636]: RGB-D vision status: model_ready:onnxruntime targets:1 depth:1 tf:1 semantic_masks:2
[INFO] [1785995937.541669]: RGB-D vision status: model_ready:onnxruntime targets:1 depth:1 tf:1 semantic_masks:2
[INFO] [1785995948.683464]: RGB-D vision status: model_ready:onnxruntime targets:1 depth:1 tf:1 semantic_masks:2
[INFO] [1785995981.997651]: RGB-D vision status: model_ready:onnxruntime targets:1 depth:1 tf:1 semantic_masks:2
[INFO] [1785995995.881592]: RGB-D vision status: model_ready:onnxruntime targets:1 depth:1 tf:1 semantic_masks:2
[INFO] [1785996014.417452]: RGB-D vision status: model_ready:onnxruntime targets:1 depth:1 tf:1 semantic_masks:2
[INFO] [1785996046.796227]: RGB-D vision status: model_ready:onnxruntime targets:1 depth:1 tf:1 semantic_masks:2
[INFO] [1785996055.269183]: RGB-D vision status: model_ready:onnxruntime targets:1 depth:1 tf:1 semantic_masks:2
[INFO] [1785996062.853827]: RGB-D vision status: model_ready:onnxruntime targets:1 depth:1 tf:1 semantic_masks:2
[INFO] [1785996102.518748]: RGB-D vision status: model_ready:onnxruntime targets:1 depth:1 tf:1 semantic_masks:2
[INFO] [1785996110.919101]: RGB-D vision status: model_ready:onnxruntime targets:1 depth:1 tf:1 semantic_masks:2
[INFO] [1785996133.055333]: RGB-D vision status: model_ready:onnxruntime targets:1 depth:1 tf:1 semantic_masks:2
[INFO] [1785996154.886829]: RGB-D vision status: model_ready:onnxruntime targets:1 depth:1 tf:1 semantic_masks:2
[INFO] [1785996163.148863]: RGB-D vision status: model_ready:onnxruntime targets:1 depth:1 tf:1 semantic_masks:2
[INFO] [1785996323.684406]: RGB-D vision status: model_ready:onnxruntime targets:1 depth:1 tf:1 semantic_masks:2
[INFO] [1785996356.374251]: RGB-D vision status: model_ready:onnxruntime targets:1 depth:1 tf:1 semantic_masks:2
[INFO] [1785996381.196792]: RGB-D vision status: model_ready:onnxruntime targets:1 depth:1 tf:1 semantic_masks:2
[INFO] [1785996387.229285]: RGB-D vision status: model_ready:onnxruntime targets:1 depth:1 tf:1 semantic_masks:2
[INFO] [1785996400.739438]: RGB-D vision status: model_ready:onnxruntime targets:1 depth:1 tf:1 semantic_masks:2
[INFO] [1785996413.295576]: RGB-D vision status: model_ready:onnxruntime targets:1 depth:1 tf:1 semantic_masks:2
[INFO] [1785996437.704634]: RGB-D vision status: model_ready:onnxruntime targets:1 depth:1 tf:1 semantic_masks:2
[INFO] [1785996464.804734]: RGB-D vision status: model_ready:onnxruntime targets:1 depth:1 tf:1 semantic_masks:2
[INFO] [1785996489.274768]: RGB-D vision status: model_ready:onnxruntime targets:1 depth:1 tf:1 semantic_masks:2
[INFO] [1785996521.765087]: RGB-D vision status: model_ready:onnxruntime targets:1 depth:1 tf:1 semantic_masks:2
[INFO] [1785996535.848858]: RGB-D vision status: model_ready:onnxruntime targets:1 depth:1 tf:1 semantic_masks:2
[INFO] [1785996583.041681]: RGB-D vision status: model_ready:onnxruntime targets:1 depth:1 tf:1 semantic_masks:2
[INFO] [1785996588.870911]: RGB-D vision status: model_ready:onnxruntime targets:1 depth:1 tf:1 semantic_masks:2
[WARN] [1785996360.058225]: Remote inference recovery probe failed; local inference continues and another probe will run in 5.0 s: [Errno -2] Name or service not known
[WARN] [1785996365.232401]: Remote inference recovery probe failed; local inference continues and another probe will run in 5.0 s: [Errno -2] Name or service not known
[WARN] [1785996370.335749]: Remote inference recovery probe failed; local inference continues and another probe will run in 5.0 s: [Errno -2] Name or service not known
[WARN] [1785996375.392997]: Remote inference recovery probe failed; local inference continues and another probe will run in 5.0 s: [Errno -2] Name or service not known
[WARN] [1785996380.530769]: Remote inference recovery probe failed; local inference continues and another probe will run in 5.0 s: [Errno -2] Name or service not known
[WARN] [1785996385.607358]: Remote inference recovery probe failed; local inference continues and another probe will run in 5.0 s: [Errno -2] Name or service not known
[WARN] [1785996390.661058]: Remote inference recovery probe failed; local inference continues and another probe will run in 5.0 s: [Errno -2] Name or service not known
[WARN] [1785996395.841947]: Remote inference recovery probe failed; local inference continues and another probe will run in 5.0 s: [Errno -2] Name or service not known
[WARN] [1785996401.009032]: Remote inference recovery probe failed; local inference continues and another probe will run in 5.0 s: [Errno -2] Name or service not known
[WARN] [1785996406.083593]: Remote inference recovery probe failed; local inference continues and another probe will run in 5.0 s: [Errno -2] Name or service not known
[WARN] [1785996411.136204]: Remote inference recovery probe failed; local inference continues and another probe will run in 5.0 s: [Errno -2] Name or service not known
[WARN] [1785996416.247020]: Remote inference recovery probe failed; local inference continues and another probe will run in 5.0 s: [Errno -2] Name or service not known
[WARN] [1785996421.422757]: Remote inference recovery probe failed; local inference continues and another probe will run in 5.0 s: [Errno -2] Name or service not known
[WARN] [1785996426.499890]: Remote inference recovery probe failed; local inference continues and another probe will run in 5.0 s: [Errno -2] Name or service not known
[WARN] [1785996431.683563]: Remote inference recovery probe failed; local inference continues and another probe will run in 5.0 s: [Errno -2] Name or service not known
[WARN] [1785996436.784931]: Remote inference recovery probe failed; local inference continues and another probe will run in 5.0 s: [Errno -2] Name or service not known
[WARN] [1785996441.978311]: Remote inference recovery probe failed; local inference continues and another probe will run in 5.0 s: [Errno -2] Name or service not known
[WARN] [1785996447.118048]: Remote inference recovery probe failed; local inference continues and another probe will run in 5.0 s: [Errno -2] Name or service not known
[WARN] [1785996452.183155]: Remote inference recovery probe failed; local inference continues and another probe will run in 5.0 s: [Errno -2] Name or service not known
[WARN] [1785996457.252762]: Remote inference recovery probe failed; local inference continues and another probe will run in 5.0 s: [Errno -2] Name or service not known
[WARN] [1785996462.396071]: Remote inference recovery probe failed; local inference continues and another probe will run in 5.0 s: [Errno -2] Name or service not known
[WARN] [1785996467.483760]: Remote inference recovery probe failed; local inference continues and another probe will run in 5.0 s: [Errno -2] Name or service not known
[WARN] [1785996472.614530]: Remote inference recovery probe failed; local inference continues and another probe will run in 5.0 s: [Errno -2] Name or service not known
[WARN] [1785996477.752145]: Remote inference recovery probe failed; local inference continues and another probe will run in 5.0 s: [Errno -2] Name or service not known
[WARN] [1785996482.801989]: Remote inference recovery probe failed; local inference continues and another probe will run in 5.0 s: [Errno -2] Name or service not known
[WARN] [1785996487.978115]: Remote inference recovery probe failed; local inference continues and another probe will run in 5.0 s: [Errno -2] Name or service not known
[WARN] [1785996493.090352]: Remote inference recovery probe failed; local inference continues and another probe will run in 5.0 s: [Errno -2] Name or service not known
[WARN] [1785996498.210774]: Remote inference recovery probe failed; local inference continues and another probe will run in 5.0 s: [Errno -2] Name or service not known
[WARN] [1785996503.303727]: Remote inference recovery probe failed; local inference continues and another probe will run in 5.0 s: [Errno -2] Name or service not known
[WARN] [1785996508.362428]: Remote inference recovery probe failed; local inference continues and another probe will run in 5.0 s: [Errno -2] Name or service not known
[WARN] [1785996513.504318]: Remote inference recovery probe failed; local inference continues and another probe will run in 5.0 s: [Errno -2] Name or service not known
[WARN] [1785996518.585403]: Remote inference recovery probe failed; local inference continues and another probe will run in 5.0 s: [Errno -2] Name or service not known
[WARN] [1785996523.655375]: Remote inference recovery probe failed; local inference continues and another probe will run in 5.0 s: [Errno -2] Name or service not known
[WARN] [1785996528.721262]: Remote inference recovery probe failed; local inference continues and another probe will run in 5.0 s: [Errno -2] Name or service not known
[WARN] [1785996533.807487]: Remote inference recovery probe failed; local inference continues and another probe will run in 5.0 s: [Errno -2] Name or service not known
[WARN] [1785996538.923053]: Remote inference recovery probe failed; local inference continues and another probe will run in 5.0 s: [Errno -2] Name or service not known
[WARN] [1785996544.057589]: Remote inference recovery probe failed; local inference continues and another probe will run in 5.0 s: [Errno -2] Name or service not known
[WARN] [1785996549.134708]: Remote inference recovery probe failed; local inference continues and another probe will run in 5.0 s: [Errno -2] Name or service not known
[WARN] [1785996554.253644]: Remote inference recovery probe failed; local inference continues and another probe will run in 5.0 s: [Errno -2] Name or service not known
[WARN] [1785996559.406556]: Remote inference recovery probe failed; local inference continues and another probe will run in 5.0 s: [Errno -2] Name or service not known
[WARN] [1785996564.472902]: Remote inference recovery probe failed; local inference continues and another probe will run in 5.0 s: [Errno -2] Name or service not known
[WARN] [1785996569.573424]: Remote inference recovery probe failed; local inference continues and another probe will run in 5.0 s: [Errno -2] Name or service not known
[WARN] [1785996574.772489]: Remote inference recovery probe failed; local inference continues and another probe will run in 5.0 s: [Errno -2] Name or service not known
[WARN] [1785996579.892118]: Remote inference recovery probe failed; local inference continues and another probe will run in 5.0 s: [Errno -2] Name or service not known
[WARN] [1785996585.047011]: Remote inference recovery probe failed; local inference continues and another probe will run in 5.0 s: [Errno -2] Name or service not known
[WARN] [1785996590.196329]: Remote inference recovery probe failed; local inference continues and another probe will run in 5.0 s: [Errno -2] Name or service not known
[WARN] [1785996595.376886]: Remote inference recovery probe failed; local inference continues and another probe will run in 5.0 s: [Errno -2] Name or service not known
[WARN] [1785996600.470303]: Remote inference recovery probe failed; local inference continues and another probe will run in 5.0 s: [Errno -2] Name or service not known
[WARN] [1785996605.590798]: Remote inference recovery probe failed; local inference continues and another probe will run in 5.0 s: [Errno -2] Name or service not known
[WARN] [1785996610.634429]: Remote inference recovery probe failed; local inference continues and another probe will run in 5.0 s: [Errno -2] Name or service not known
[WARN] [1785996615.741450]: Remote inference recovery probe failed; local inference continues and another probe will run in 5.0 s: [Errno -2] Name or service not known
[WARN] [1785996620.917705]: Remote inference recovery probe failed; local inference continues and another probe will run in 5.0 s: [Errno -2] Name or service not known
[WARN] [1785996626.056720]: Remote inference recovery probe failed; local inference continues and another probe will run in 5.0 s: [Errno -2] Name or service not known
[WARN] [1785996631.188229]: Remote inference recovery probe failed; local inference continues and another probe will run in 5.0 s: [Errno -2] Name or service not known
[WARN] [1785996636.364301]: Remote inference recovery probe failed; local inference continues and another probe will run in 5.0 s: [Errno -2] Name or service not known
[WARN] [1785996641.499645]: Remote inference recovery probe failed; local inference continues and another probe will run in 5.0 s: [Errno -2] Name or service not known
[WARN] [1785996646.573328]: Remote inference recovery probe failed; local inference continues and another probe will run in 5.0 s: [Errno -2] Name or service not known
[WARN] [1785996651.706520]: Remote inference recovery probe failed; local inference continues and another probe will run in 5.0 s: [Errno -2] Name or service not known
[WARN] [1785996656.837841]: Remote inference recovery probe failed; local inference continues and another probe will run in 5.0 s: [Errno -2] Name or service not known
[WARN] [1785996661.968184]: Remote inference recovery probe failed; local inference continues and another probe will run in 5.0 s: [Errno -2] Name or service not known
[WARN] [1785996667.056816]: Remote inference recovery probe failed; local inference continues and another probe will run in 5.0 s: [Errno -2] Name or service not known
[WARN] [1785996672.267279]: Remote inference recovery probe failed; local inference continues and another probe will run in 5.0 s: [Errno -2] Name or service not known
[WARN] [1785996677.469792]: Remote inference recovery probe failed; local inference continues and another probe will run in 5.0 s: [Errno -2] Name or service not known
[WARN] [1785996682.645498]: Remote inference recovery probe failed; local inference continues and another probe will run in 5.0 s: [Errno -2] Name or service not known
[WARN] [1785996687.718741]: Remote inference recovery probe failed; local inference continues and another probe will run in 5.0 s: [Errno -2] Name or service not known
[WARN] [1785996692.798985]: Remote inference recovery probe failed; local inference continues and another probe will run in 5.0 s: [Errno -2] Name or service not known
[WARN] [1785996697.865992]: Remote inference recovery probe failed; local inference continues and another probe will run in 5.0 s: [Errno -2] Name or service not known
[WARN] [1785996702.948998]: Remote inference recovery probe failed; local inference continues and another probe will run in 5.0 s: [Errno -2] Name or service not known
[WARN] [1785996708.179139]: Remote inference recovery probe failed; local inference continues and another probe will run in 5.0 s: [Errno -2] Name or service not known
[WARN] [1785996713.350489]: Remote inference recovery probe failed; local inference continues and another probe will run in 5.0 s: [Errno -2] Name or service not known
[WARN] [1785996718.422191]: Remote inference recovery probe failed; local inference continues and another probe will run in 5.0 s: [Errno -2] Name or service not known
[WARN] [1785996723.507908]: Remote inference recovery probe failed; local inference continues and another probe will run in 5.0 s: [Errno -2] Name or service not known
[WARN] [1785996728.603644]: Remote inference recovery probe failed; local inference continues and another probe will run in 5.0 s: [Errno -2] Name or service not known
[WARN] [1785996734.429955]: Remote inference recovery probe failed; local inference continues and another probe will run in 5.0 s: [Errno -2] Name or service not known
[WARN] [1785996739.565367]: Remote inference recovery probe failed; local inference continues and another probe will run in 5.0 s: [Errno -2] Name or service not known
[WARN] [1785996744.618752]: Remote inference recovery probe failed; local inference continues and another probe will run in 5.0 s: [Errno -2] Name or service not known
[WARN] [1785996749.726571]: Remote inference recovery probe failed; local inference continues and another probe will run in 5.0 s: [Errno -2] Name or service not known
[WARN] [1785996754.927763]: Remote inference recovery probe failed; local inference continues and another probe will run in 5.0 s: [Errno -2] Name or service not known
[WARN] [1785996760.124133]: Remote inference recovery probe failed; local inference continues and another probe will run in 5.0 s: [Errno -2] Name or service not known
[WARN] [1785996765.178298]: Remote inference recovery probe failed; local inference continues and another probe will run in 5.0 s: [Errno -2] Name or service not known
[WARN] [1785996770.252237]: Remote inference recovery probe failed; local inference continues and another probe will run in 5.0 s: [Errno -2] Name or service not known
[WARN] [1785996775.398863]: Remote inference recovery probe failed; local inference continues and another probe will run in 5.0 s: [Errno -2] Name or service not known
[WARN] [1785996780.544878]: Remote inference recovery probe failed; local inference continues and another probe will run in 5.0 s: [Errno -2] Name or service not known
[WARN] [1785996785.746263]: Remote inference recovery probe failed; local inference continues and another probe will run in 5.0 s: [Errno -2] Name or service not known
[WARN] [1785996790.840427]: Remote inference recovery probe failed; local inference continues and another probe will run in 5.0 s: [Errno -2] Name or service not known
[WARN] [1785996796.009088]: Remote inference recovery probe failed; local inference continues and another probe will run in 5.0 s: [Errno -2] Name or service not known
[WARN] [1785996801.170875]: Remote inference recovery probe failed; local inference continues and another probe will run in 5.0 s: [Errno -2] Name or service not known
[WARN] [1785996806.300764]: Remote inference recovery probe failed; local inference continues and another probe will run in 5.0 s: [Errno -2] Name or service not known
[WARN] [1785996811.382408]: Remote inference recovery probe failed; local inference continues and another probe will run in 5.0 s: [Errno -2] Name or service not known
[WARN] [1785996816.618992]: Remote inference recovery probe failed; local inference continues and another probe will run in 5.0 s: [Errno -2] Name or service not known
[WARN] [1785996821.709092]: Remote inference recovery probe failed; local inference continues and another probe will run in 5.0 s: [Errno -2] Name or service not known
[WARN] [1785996826.763491]: Remote inference recovery probe failed; local inference continues and another probe will run in 5.0 s: [Errno -2] Name or service not known
[WARN] [1785996831.852926]: Remote inference recovery probe failed; local inference continues and another probe will run in 5.0 s: [Errno -2] Name or service not known
[WARN] [1785996837.011385]: Remote inference recovery probe failed; local inference continues and another probe will run in 5.0 s: [Errno -2] Name or service not known
[WARN] [1785996842.173229]: Remote inference recovery probe failed; local inference continues and another probe will run in 5.0 s: [Errno -2] Name or service not known
[WARN] [1785996847.318863]: Remote inference recovery probe failed; local inference continues and another probe will run in 5.0 s: [Errno -2] Name or service not known
[WARN] [1785996852.405290]: Remote inference recovery probe failed; local inference continues and another probe will run in 5.0 s: [Errno -2] Name or service not known
[WARN] [1785996857.483521]: Remote inference recovery probe failed; local inference continues and another probe will run in 5.0 s: [Errno -2] Name or service not known
[WARN] [1785996862.669098]: Remote inference recovery probe failed; local inference continues and another probe will run in 5.0 s: [Errno -2] Name or service not known
[WARN] [1785996867.731168]: Remote inference recovery probe failed; local inference continues and another probe will run in 5.0 s: [Errno -2] Name or service not known
[WARN] [1785996872.884951]: Remote inference recovery probe failed; local inference continues and another probe will run in 5.0 s: [Errno -2] Name or service not known
[WARN] [1785996877.953291]: Remote inference recovery probe failed; local inference continues and another probe will run in 5.0 s: [Errno -2] Name or service not known
[WARN] [1785996883.076519]: Remote inference recovery probe failed; local inference continues and another probe will run in 5.0 s: [Errno -2] Name or service not known
[WARN] [1785996888.144754]: Remote inference recovery probe failed; local inference continues and another probe will run in 5.0 s: [Errno -2] Name or service not known
[WARN] [1785996893.242523]: Remote inference recovery probe failed; local inference continues and another probe will run in 5.0 s: [Errno -2] Name or service not known
[WARN] [1785996898.439057]: Remote inference recovery probe failed; local inference continues and another probe will run in 5.0 s: [Errno -2] Name or service not known
[WARN] [1785996903.516737]: Remote inference recovery probe failed; local inference continues and another probe will run in 5.0 s: [Errno -2] Name or service not known
[WARN] [1785996908.579151]: Remote inference recovery probe failed; local inference continues and another probe will run in 5.0 s: [Errno -2] Name or service not known
[WARN] [1785996913.658728]: Remote inference recovery probe failed; local inference continues and another probe will run in 5.0 s: [Errno -2] Name or service not known
[WARN] [1785996918.821615]: Remote inference recovery probe failed; local inference continues and another probe will run in 5.0 s: [Errno -2] Name or service not known
[WARN] [1785996923.998595]: Remote inference recovery probe failed; local inference continues and another probe will run in 5.0 s: [Errno -2] Name or service not known
[WARN] [1785996929.134906]: Remote inference recovery probe failed; local inference continues and another probe will run in 5.0 s: [Errno -2] Name or service not known
[WARN] [1785996934.197960]: Remote inference recovery probe failed; local inference continues and another probe will run in 5.0 s: [Errno -2] Name or service not known
[WARN] [1785996939.283079]: Remote inference recovery probe failed; local inference continues and another probe will run in 5.0 s: [Errno -2] Name or service not known
[WARN] [1785996944.481967]: Remote inference recovery probe failed; local inference continues and another probe will run in 5.0 s: [Errno -2] Name or service not known
[WARN] [1785996949.636336]: Remote inference recovery probe failed; local inference continues and another probe will run in 5.0 s: [Errno -2] Name or service not known
[WARN] [1785996954.775066]: Remote inference recovery probe failed; local inference continues and another probe will run in 5.0 s: [Errno -2] Name or service not known
[WARN] [1785996959.892107]: Remote inference recovery probe failed; local inference continues and another probe will run in 5.0 s: [Errno -2] Name or service not known
[WARN] [1785996964.999574]: Remote inference recovery probe failed; local inference continues and another probe will run in 5.0 s: [Errno -2] Name or service not known
[WARN] [1785996970.135539]: Remote inference recovery probe failed; local inference continues and another probe will run in 5.0 s: [Errno -2] Name or service not known
[WARN] [1785996975.316618]: Remote inference recovery probe failed; local inference continues and another probe will run in 5.0 s: [Errno -2] Name or service not known
[WARN] [1785996980.520429]: Remote inference recovery probe failed; local inference continues and another probe will run in 5.0 s: [Errno -2] Name or service not known
[WARN] [1785996985.708906]: Remote inference recovery probe failed; local inference continues and another probe will run in 5.0 s: [Errno -2] Name or service not known
[WARN] [1785996990.798392]: Remote inference recovery probe failed; local inference continues and another probe will run in 5.0 s: [Errno -2] Name or service not known
[WARN] [1785996995.970550]: Remote inference recovery probe failed; local inference continues and another probe will run in 5.0 s: [Errno -2] Name or service not known
[WARN] [1785997001.147852]: Remote inference recovery probe failed; local inference continues and another probe will run in 5.0 s: [Errno -2] Name or service not known
[WARN] [1785997006.273662]: Remote inference recovery probe failed; local inference continues and another probe will run in 5.0 s: [Errno -2] Name or service not known
[WARN] [1785997011.461470]: Remote inference recovery probe failed; local inference continues and another probe will run in 5.0 s: [Errno -2] Name or service not known
[WARN] [1785997016.556352]: Remote inference recovery probe failed; local inference continues and another probe will run in 5.0 s: [Errno -2] Name or service not known
[WARN] [1785997021.692705]: Remote inference recovery probe failed; local inference continues and another probe will run in 5.0 s: [Errno -2] Name or service not known
[WARN] [1785997026.811682]: Remote inference recovery probe failed; local inference continues and another probe will run in 5.0 s: [Errno -2] Name or service not known
[WARN] [1785997031.977923]: Remote inference recovery probe failed; local inference continues and another probe will run in 5.0 s: [Errno -2] Name or service not known
[WARN] [1785997037.214994]: Remote inference recovery probe failed; local inference continues and another probe will run in 5.0 s: [Errno -2] Name or service not known
[WARN] [1785997042.374151]: Remote inference recovery probe failed; local inference continues and another probe will run in 5.0 s: [Errno -2] Name or service not known
[WARN] [1785997047.561476]: Remote inference recovery probe failed; local inference continues and another probe will run in 5.0 s: [Errno -2] Name or service not known
[WARN] [1785997052.632528]: Remote inference recovery probe failed; local inference continues and another probe will run in 5.0 s: [Errno -2] Name or service not known
[WARN] [1785997057.703523]: Remote inference recovery probe failed; local inference continues and another probe will run in 5.0 s: [Errno -2] Name or service not known
[WARN] [1785997062.778730]: Remote inference recovery probe failed; local inference continues and another probe will run in 5.0 s: [Errno -2] Name or service not known
[WARN] [1785997067.863487]: Remote inference recovery probe failed; local inference continues and another probe will run in 5.0 s: [Errno -2] Name or service not known
[WARN] [1785997073.015154]: Remote inference recovery probe failed; local inference continues and another probe will run in 5.0 s: [Errno -2] Name or service not known
[WARN] [1785997078.189202]: Remote inference recovery probe failed; local inference continues and another probe will run in 5.0 s: [Errno -2] Name or service not known
[WARN] [1785997083.266328]: Remote inference recovery probe failed; local inference continues and another probe will run in 5.0 s: [Errno -2] Name or service not known
[WARN] [1785997088.332715]: Remote inference recovery probe failed; local inference continues and another probe will run in 5.0 s: [Errno -2] Name or service not known
[WARN] [1785997093.394567]: Remote inference recovery probe failed; local inference continues and another probe will run in 5.0 s: [Errno -2] Name or service not known
[WARN] [1785997098.493868]: Remote inference recovery probe failed; local inference continues and another probe will run in 5.0 s: [Errno -2] Name or service not known
[WARN] [1785997103.616183]: Remote inference recovery probe failed; local inference continues and another probe will run in 5.0 s: [Errno -2] Name or service not known
[WARN] [1785997108.687423]: Remote inference recovery probe failed; local inference continues and another probe will run in 5.0 s: [Errno -2] Name or service not known
[WARN] [1785997113.762179]: Remote inference recovery probe failed; local inference continues and another probe will run in 5.0 s: [Errno -2] Name or service not known
[WARN] [1785997118.836401]: Remote inference recovery probe failed; local inference continues and another probe will run in 5.0 s: [Errno -2] Name or service not known
[WARN] [1785997123.881532]: Remote inference recovery probe failed; local inference continues and another probe will run in 5.0 s: [Errno -2] Name or service not known
[WARN] [1785997129.048843]: Remote inference recovery probe failed; local inference continues and another probe will run in 5.0 s: [Errno -2] Name or service not known
[WARN] [1785997134.282882]: Remote inference recovery probe failed; local inference continues and another probe will run in 5.0 s: [Errno -2] Name or service not known
[WARN] [1785997139.479752]: Remote inference recovery probe failed; local inference continues and another probe will run in 5.0 s: [Errno -2] Name or service not known
[WARN] [1785997144.586655]: Remote inference recovery probe failed; local inference continues and another probe will run in 5.0 s: [Errno -2] Name or service not known
[WARN] [1785997149.692543]: Remote inference recovery probe failed; local inference continues and another probe will run in 5.0 s: [Errno -2] Name or service not known
[WARN] [1785997154.862284]: Remote inference recovery probe failed; local inference continues and another probe will run in 5.0 s: [Errno -2] Name or service not known
[WARN] [1785997159.989606]: Remote inference recovery probe failed; local inference continues and another probe will run in 5.0 s: [Errno -2] Name or service not known
[WARN] [1785997165.137775]: Remote inference recovery probe failed; local inference continues and another probe will run in 5.0 s: [Errno -2] Name or service not known
[WARN] [1785997170.224988]: Remote inference recovery probe failed; local inference continues and another probe will run in 5.0 s: [Errno -2] Name or service not known
[WARN] [1785997175.427246]: Remote inference recovery probe failed; local inference continues and another probe will run in 5.0 s: [Errno -2] Name or service not known
[WARN] [1785997180.525703]: Remote inference recovery probe failed; local inference continues and another probe will run in 5.0 s: [Errno -2] Name or service not known
[WARN] [1785997185.610100]: Remote inference recovery probe failed; local inference continues and another probe will run in 5.0 s: [Errno -2] Name or service not known
[WARN] [1785997190.699440]: Remote inference recovery probe failed; local inference continues and another probe will run in 5.0 s: [Errno -2] Name or service not known
[WARN] [1785997195.903202]: Remote inference recovery probe failed; local inference continues and another probe will run in 5.0 s: [Errno -2] Name or service not known
[WARN] [1785997201.025675]: Remote inference recovery probe failed; local inference continues and another probe will run in 5.0 s: [Errno -2] Name or service not known
[WARN] [1785997206.154165]: Remote inference recovery probe failed; local inference continues and another probe will run in 5.0 s: [Errno -2] Name or service not known
[WARN] [1785997211.306911]: Remote inference recovery probe failed; local inference continues and another probe will run in 5.0 s: [Errno -2] Name or service not known
[WARN] [1785997216.443431]: Remote inference recovery probe failed; local inference continues and another probe will run in 5.0 s: [Errno -2] Name or service not known
[WARN] [1785997221.508883]: Remote inference recovery probe failed; local inference continues and another probe will run in 5.0 s: [Errno -2] Name or service not known
[WARN] [1785997226.651974]: Remote inference recovery probe failed; local inference continues and another probe will run in 5.0 s: [Errno -2] Name or service not known
[WARN] [1785997231.714600]: Remote inference recovery probe failed; local inference continues and another probe will run in 5.0 s: [Errno -2] Name or service not known
[WARN] [1785997236.811180]: Remote inference recovery probe failed; local inference continues and another probe will run in 5.0 s: [Errno -2] Name or service not known
[WARN] [1785997241.931125]: Remote inference recovery probe failed; local inference continues and another probe will run in 5.0 s: [Errno -2] Name or service not known
[WARN] [1785997247.012705]: Remote inference recovery probe failed; local inference continues and another probe will run in 5.0 s: [Errno -2] Name or service not known
[WARN] [1785997252.149259]: Remote inference recovery probe failed; local inference continues and another probe will run in 5.0 s: [Errno -2] Name or service not known
[WARN] [1785997257.258972]: Remote inference recovery probe failed; local inference continues and another probe will run in 5.0 s: [Errno -2] Name or service not known
[WARN] [1785997262.420141]: Remote inference recovery probe failed; local inference continues and another probe will run in 5.0 s: [Errno -2] Name or service not known
[WARN] [1785997267.554577]: Remote inference recovery probe failed; local inference continues and another probe will run in 5.0 s: [Errno -2] Name or service not known
[WARN] [1785997272.765404]: Remote inference recovery probe failed; local inference continues and another probe will run in 5.0 s: [Errno -2] Name or service not known
[WARN] [1785997277.921877]: Remote inference recovery probe failed; local inference continues and another probe will run in 5.0 s: [Errno -2] Name or service not known
[WARN] [1785997283.086601]: Remote inference recovery probe failed; local inference continues and another probe will run in 5.0 s: [Errno -2] Name or service not known
[WARN] [1785997288.166168]: Remote inference recovery probe failed; local inference continues and another probe will run in 5.0 s: [Errno -2] Name or service not known
[WARN] [1785997293.270010]: Remote inference recovery probe failed; local inference continues and another probe will run in 5.0 s: [Errno -2] Name or service not known
[WARN] [1785997298.457779]: Remote inference recovery probe failed; local inference continues and another probe will run in 5.0 s: [Errno -2] Name or service not known
[WARN] [1785997303.640516]: Remote inference recovery probe failed; local inference continues and another probe will run in 5.0 s: [Errno -2] Name or service not known
[WARN] [1785997308.749569]: Remote inference recovery probe failed; local inference continues and another probe will run in 5.0 s: [Errno -2] Name or service not known
[WARN] [1785997313.928270]: Remote inference recovery probe failed; local inference continues and another probe will run in 5.0 s: [Errno -2] Name or service not known
[WARN] [1785997319.119204]: Remote inference recovery probe failed; local inference continues and another probe will run in 5.0 s: [Errno -2] Name or service not known
[WARN] [1785997324.261367]: Remote inference recovery probe failed; local inference continues and another probe will run in 5.0 s: [Errno -2] Name or service not known
[WARN] [1785997329.328758]: Remote inference recovery probe failed; local inference continues and another probe will run in 5.0 s: [Errno -2] Name or service not known
[WARN] [1785997334.415981]: Remote inference recovery probe failed; local inference continues and another probe will run in 5.0 s: [Errno -2] Name or service not known
[WARN] [1785997339.479653]: Remote inference recovery probe failed; local inference continues and another probe will run in 5.0 s: [Errno -2] Name or service not known
[INFO] [1785996598.047352]: RGB-D vision status: model_ready:onnxruntime targets:1 depth:1 tf:1 semantic_masks:2
[INFO] [1785996625.134857]: RGB-D vision status: model_ready:onnxruntime targets:1 depth:1 tf:1 semantic_masks:2
[INFO] [1785996630.770684]: RGB-D vision status: model_ready:onnxruntime targets:1 depth:1 tf:1 semantic_masks:2
[INFO] [1785996639.342238]: RGB-D vision status: model_ready:onnxruntime targets:1 depth:1 tf:1 semantic_masks:2
[INFO] [1785996646.169785]: RGB-D vision status: model_ready:onnxruntime targets:1 depth:1 tf:1 semantic_masks:2
[INFO] [1785996657.511487]: RGB-D vision status: model_ready:onnxruntime targets:1 depth:1 tf:1 semantic_masks:2
[INFO] [1785996663.969857]: RGB-D vision status: model_ready:onnxruntime targets:1 depth:1 tf:1 semantic_masks:2
[INFO] [1785996669.588407]: RGB-D vision status: model_ready:onnxruntime targets:1 depth:1 tf:1 semantic_masks:2
[INFO] [1785996681.732037]: RGB-D vision status: model_ready:onnxruntime targets:1 depth:1 tf:1 semantic_masks:2
[INFO] [1785996693.993943]: RGB-D vision status: model_ready:onnxruntime targets:1 depth:1 tf:1 semantic_masks:2
[INFO] [1785996699.731776]: RGB-D vision status: model_ready:onnxruntime targets:0 depth:0 tf:0 semantic_masks:1
[INFO] [1785996711.999173]: RGB-D vision status: model_ready:onnxruntime targets:1 depth:1 tf:1 semantic_masks:2
[INFO] [1785996728.354125]: RGB-D vision status: model_ready:onnxruntime targets:1 depth:1 tf:1 semantic_masks:2
[INFO] [1785996735.041657]: RGB-D vision status: model_ready:onnxruntime targets:1 depth:1 tf:1 semantic_masks:2
[INFO] [1785996741.837980]: RGB-D vision status: model_ready:onnxruntime targets:1 depth:1 tf:1 semantic_masks:2
[INFO] [1785996757.730308]: RGB-D vision status: model_ready:onnxruntime targets:1 depth:1 tf:1 semantic_masks:2
[INFO] [1785996771.209883]: RGB-D vision status: model_ready:onnxruntime targets:1 depth:1 tf:1 semantic_masks:2
[INFO] [1785996804.634405]: RGB-D vision status: model_ready:onnxruntime targets:1 depth:1 tf:1 semantic_masks:2
[INFO] [1785996822.101066]: RGB-D vision status: model_ready:onnxruntime targets:1 depth:1 tf:1 semantic_masks:2
[INFO] [1785996831.462981]: RGB-D vision status: model_ready:onnxruntime targets:1 depth:1 tf:1 semantic_masks:2
[INFO] [1785996850.143325]: RGB-D vision status: model_ready:onnxruntime targets:1 depth:1 tf:1 semantic_masks:2
[INFO] [1785996855.873264]: RGB-D vision status: model_ready:onnxruntime targets:1 depth:1 tf:1 semantic_masks:2
[INFO] [1785996874.213551]: RGB-D vision status: model_ready:onnxruntime targets:1 depth:1 tf:1 semantic_masks:2
[INFO] [1785996880.370919]: RGB-D vision status: model_ready:onnxruntime targets:1 depth:1 tf:1 semantic_masks:2
[INFO] [1785996896.855098]: RGB-D vision status: model_ready:onnxruntime targets:1 depth:1 tf:1 semantic_masks:2
[INFO] [1785996902.841345]: RGB-D vision status: model_ready:onnxruntime targets:1 depth:1 tf:1 semantic_masks:2
[INFO] [1785996908.711892]: RGB-D vision status: model_ready:onnxruntime targets:1 depth:1 tf:1 semantic_masks:2
[INFO] [1785996915.123415]: RGB-D vision status: model_ready:onnxruntime targets:1 depth:1 tf:1 semantic_masks:2
[INFO] [1785996922.387008]: RGB-D vision status: model_ready:onnxruntime targets:1 depth:1 tf:1 semantic_masks:2
[INFO] [1785996945.547483]: RGB-D vision status: model_ready:onnxruntime targets:1 depth:1 tf:1 semantic_masks:2
[INFO] [1785996950.704417]: RGB-D vision status: model_ready:onnxruntime targets:1 depth:1 tf:1 semantic_masks:2
[INFO] [1785996963.778929]: RGB-D vision status: model_ready:onnxruntime targets:1 depth:1 tf:1 semantic_masks:2
[INFO] [1785996971.567905]: RGB-D vision status: model_ready:onnxruntime targets:1 depth:1 tf:1 semantic_masks:2
[INFO] [1785996980.524486]: RGB-D vision status: model_ready:onnxruntime targets:1 depth:1 tf:1 semantic_masks:2
[INFO] [1785996987.726368]: RGB-D vision status: model_ready:onnxruntime targets:1 depth:1 tf:1 semantic_masks:2
[INFO] [1785996992.769672]: RGB-D vision status: model_ready:onnxruntime targets:1 depth:1 tf:1 semantic_masks:2
[INFO] [1785996997.854405]: RGB-D vision status: model_ready:onnxruntime targets:0 depth:0 tf:0 semantic_masks:1
[INFO] [1785997006.409593]: RGB-D vision status: model_ready:onnxruntime targets:1 depth:1 tf:1 semantic_masks:2
[INFO] [1785997013.859326]: RGB-D vision status: model_ready:onnxruntime targets:1 depth:1 tf:1 semantic_masks:2
[INFO] [1785997020.141046]: RGB-D vision status: model_ready:onnxruntime targets:1 depth:1 tf:1 semantic_masks:2
[INFO] [1785997026.424999]: RGB-D vision status: model_ready:onnxruntime targets:1 depth:1 tf:1 semantic_masks:2
[INFO] [1785997032.503248]: RGB-D vision status: model_ready:onnxruntime targets:1 depth:1 tf:1 semantic_masks:2
[INFO] [1785997037.689756]: RGB-D vision status: model_ready:onnxruntime targets:1 depth:1 tf:1 semantic_masks:2
[INFO] [1785997045.186905]: RGB-D vision status: model_ready:onnxruntime targets:1 depth:1 tf:1 semantic_masks:2
[INFO] [1785997054.357509]: RGB-D vision status: model_ready:onnxruntime targets:1 depth:1 tf:1 semantic_masks:2
[INFO] [1785997065.850837]: RGB-D vision status: model_ready:onnxruntime targets:1 depth:1 tf:1 semantic_masks:2
[INFO] [1785997077.521505]: RGB-D vision status: model_ready:onnxruntime targets:1 depth:1 tf:1 semantic_masks:2
[INFO] [1785997083.270563]: RGB-D vision status: model_ready:onnxruntime targets:1 depth:1 tf:1 semantic_masks:2
[INFO] [1785997089.542073]: RGB-D vision status: model_ready:onnxruntime targets:1 depth:1 tf:1 semantic_masks:2
[INFO] [1785997104.414098]: RGB-D vision status: model_ready:onnxruntime targets:1 depth:1 tf:1 semantic_masks:2
[INFO] [1785997120.475187]: RGB-D vision status: model_ready:onnxruntime targets:1 depth:1 tf:1 semantic_masks:2
[INFO] [1785997125.935244]: RGB-D vision status: model_ready:onnxruntime targets:1 depth:1 tf:1 semantic_masks:2
[INFO] [1785997140.119771]: RGB-D vision status: model_ready:onnxruntime targets:1 depth:1 tf:1 semantic_masks:2
[INFO] [1785997146.455019]: RGB-D vision status: model_ready:onnxruntime targets:1 depth:1 tf:1 semantic_masks:2
[INFO] [1785997153.933112]: RGB-D vision status: model_ready:onnxruntime targets:1 depth:1 tf:1 semantic_masks:2
[INFO] [1785997162.759251]: RGB-D vision status: model_ready:onnxruntime targets:1 depth:1 tf:1 semantic_masks:2
[INFO] [1785997169.012486]: RGB-D vision status: model_ready:onnxruntime targets:1 depth:1 tf:1 semantic_masks:2
[INFO] [1785997174.602591]: RGB-D vision status: model_ready:onnxruntime targets:1 depth:1 tf:1 semantic_masks:2
[INFO] [1785997198.498694]: RGB-D vision status: model_ready:onnxruntime targets:1 depth:1 tf:1 semantic_masks:2
[INFO] [1785997204.021055]: RGB-D vision status: model_ready:onnxruntime targets:1 depth:1 tf:1 semantic_masks:2
[INFO] [1785997215.337705]: RGB-D vision status: model_ready:onnxruntime targets:1 depth:1 tf:1 semantic_masks:2
[INFO] [1785997235.481788]: RGB-D vision status: model_ready:onnxruntime targets:1 depth:1 tf:1 semantic_masks:2
[INFO] [1785997251.743385]: RGB-D vision status: model_ready:onnxruntime targets:1 depth:1 tf:1 semantic_masks:2
[INFO] [1785997257.536477]: RGB-D vision status: model_ready:onnxruntime targets:1 depth:1 tf:1 semantic_masks:2
[INFO] [1785997263.071152]: RGB-D vision status: model_ready:onnxruntime targets:1 depth:1 tf:1 semantic_masks:2
[INFO] [1785997273.154291]: RGB-D vision status: model_ready:onnxruntime targets:1 depth:1 tf:1 semantic_masks:2
[INFO] [1785997297.902458]: RGB-D vision status: model_ready:onnxruntime targets:1 depth:1 tf:1 semantic_masks:2
[INFO] [1785997311.259309]: RGB-D vision status: model_ready:onnxruntime targets:1 depth:1 tf:1 semantic_masks:2
[INFO] [1785997341.879770]: RGB-D vision status: model_ready:onnxruntime targets:1 depth:1 tf:1 semantic_masks:2
[INFO] [1785997351.880924]: RGB-D vision status: model_ready:onnxruntime targets:1 depth:1 tf:1 semantic_masks:2
[INFO] [1785997356.966805]: RGB-D vision status: model_ready:onnxruntime targets:1 depth:1 tf:1 semantic_masks:2
[INFO] [1785997372.375802]: RGB-D vision status: model_ready:onnxruntime targets:1 depth:1 tf:1 semantic_masks:2
[WARN] [1785997344.559809]: Remote inference recovery probe failed; local inference continues and another probe will run in 5.0 s: [Errno -2] Name or service not known
[WARN] [1785997349.784158]: Remote inference recovery probe failed; local inference continues and another probe will run in 5.0 s: [Errno -2] Name or service not known
[WARN] [1785997354.948587]: Remote inference recovery probe failed; local inference continues and another probe will run in 5.0 s: [Errno -2] Name or service not known
[WARN] [1785997360.096257]: Remote inference recovery probe failed; local inference continues and another probe will run in 5.0 s: [Errno -2] Name or service not known
[WARN] [1785997365.240770]: Remote inference recovery probe failed; local inference continues and another probe will run in 5.0 s: [Errno -2] Name or service not known
[WARN] [1785997370.359983]: Remote inference recovery probe failed; local inference continues and another probe will run in 5.0 s: [Errno -2] Name or service not known
[WARN] [1785997375.444370]: Remote inference recovery probe failed; local inference continues and another probe will run in 5.0 s: [Errno -2] Name or service not known
[WARN] [1785997380.645080]: Remote inference recovery probe failed; local inference continues and another probe will run in 5.0 s: [Errno -2] Name or service not known
[WARN] [1785997385.787901]: Remote inference recovery probe failed; local inference continues and another probe will run in 5.0 s: [Errno -2] Name or service not known
[WARN] [1785997390.859842]: Remote inference recovery probe failed; local inference continues and another probe will run in 5.0 s: [Errno -2] Name or service not known
[WARN] [1785997396.006638]: Remote inference recovery probe failed; local inference continues and another probe will run in 5.0 s: [Errno -2] Name or service not known
[WARN] [1785997401.130464]: Remote inference recovery probe failed; local inference continues and another probe will run in 5.0 s: [Errno -2] Name or service not known
[WARN] [1785997406.190260]: Remote inference recovery probe failed; local inference continues and another probe will run in 5.0 s: [Errno -2] Name or service not known
[WARN] [1785997411.307268]: Remote inference recovery probe failed; local inference continues and another probe will run in 5.0 s: [Errno -2] Name or service not known
[WARN] [1785997416.487237]: Remote inference recovery probe failed; local inference continues and another probe will run in 5.0 s: [Errno -2] Name or service not known
[WARN] [1785997421.739058]: Remote inference recovery probe failed; local inference continues and another probe will run in 5.0 s: [Errno -2] Name or service not known
[WARN] [1785997426.821700]: Remote inference recovery probe failed; local inference continues and another probe will run in 5.0 s: [Errno -2] Name or service not known
[WARN] [1785997431.964298]: Remote inference recovery probe failed; local inference continues and another probe will run in 5.0 s: [Errno -2] Name or service not known
[WARN] [1785997437.155579]: Remote inference recovery probe failed; local inference continues and another probe will run in 5.0 s: [Errno -2] Name or service not known
[WARN] [1785997442.257826]: Remote inference recovery probe failed; local inference continues and another probe will run in 5.0 s: [Errno -2] Name or service not known
[WARN] [1785997447.444793]: Remote inference recovery probe failed; local inference continues and another probe will run in 5.0 s: [Errno -2] Name or service not known
[WARN] [1785997452.582330]: Remote inference recovery probe failed; local inference continues and another probe will run in 5.0 s: [Errno -2] Name or service not known
[WARN] [1785997457.775754]: Remote inference recovery probe failed; local inference continues and another probe will run in 5.0 s: [Errno -2] Name or service not known
[WARN] [1785997462.869493]: Remote inference recovery probe failed; local inference continues and another probe will run in 5.0 s: [Errno -2] Name or service not known
[WARN] [1785997468.087862]: Remote inference recovery probe failed; local inference continues and another probe will run in 5.0 s: [Errno -2] Name or service not known
[WARN] [1785997473.273753]: Remote inference recovery probe failed; local inference continues and another probe will run in 5.0 s: [Errno -2] Name or service not known
[WARN] [1785997478.482097]: Remote inference recovery probe failed; local inference continues and another probe will run in 5.0 s: [Errno -2] Name or service not known
[WARN] [1785997483.668960]: Remote inference recovery probe failed; local inference continues and another probe will run in 5.0 s: [Errno -2] Name or service not known
[WARN] [1785997488.859601]: Remote inference recovery probe failed; local inference continues and another probe will run in 5.0 s: [Errno -2] Name or service not known
[WARN] [1785997493.922714]: Remote inference recovery probe failed; local inference continues and another probe will run in 5.0 s: [Errno -2] Name or service not known
[WARN] [1785997498.997052]: Remote inference recovery probe failed; local inference continues and another probe will run in 5.0 s: [Errno -2] Name or service not known
[WARN] [1785997504.085751]: Remote inference recovery probe failed; local inference continues and another probe will run in 5.0 s: [Errno -2] Name or service not known
[WARN] [1785997509.165372]: Remote inference recovery probe failed; local inference continues and another probe will run in 5.0 s: [Errno -2] Name or service not known
[WARN] [1785997514.364230]: Remote inference recovery probe failed; local inference continues and another probe will run in 5.0 s: [Errno -2] Name or service not known
[WARN] [1785997519.561472]: Remote inference recovery probe failed; local inference continues and another probe will run in 5.0 s: [Errno -2] Name or service not known
[WARN] [1785997524.619819]: Remote inference recovery probe failed; local inference continues and another probe will run in 5.0 s: [Errno -2] Name or service not known
[WARN] [1785997529.772808]: Remote inference recovery probe failed; local inference continues and another probe will run in 5.0 s: [Errno -2] Name or service not known
[WARN] [1785997534.833999]: Remote inference recovery probe failed; local inference continues and another probe will run in 5.0 s: [Errno -2] Name or service not known
[WARN] [1785997539.907019]: Remote inference recovery probe failed; local inference continues and another probe will run in 5.0 s: [Errno -2] Name or service not known
[WARN] [1785997544.979103]: Remote inference recovery probe failed; local inference continues and another probe will run in 5.0 s: [Errno -2] Name or service not known
[WARN] [1785997550.068211]: Remote inference recovery probe failed; local inference continues and another probe will run in 5.0 s: [Errno -2] Name or service not known
[WARN] [1785997555.204033]: Remote inference recovery probe failed; local inference continues and another probe will run in 5.0 s: [Errno -2] Name or service not known
[WARN] [1785997560.363646]: Remote inference recovery probe failed; local inference continues and another probe will run in 5.0 s: [Errno -2] Name or service not known
[WARN] [1785997565.544449]: Remote inference recovery probe failed; local inference continues and another probe will run in 5.0 s: [Errno -2] Name or service not known
[WARN] [1785997570.754684]: Remote inference recovery probe failed; local inference continues and another probe will run in 5.0 s: [Errno -2] Name or service not known
[WARN] [1785997575.932721]: Remote inference recovery probe failed; local inference continues and another probe will run in 5.0 s: [Errno -2] Name or service not known
[WARN] [1785997581.002365]: Remote inference recovery probe failed; local inference continues and another probe will run in 5.0 s: [Errno -2] Name or service not known
[WARN] [1785997586.087637]: Remote inference recovery probe failed; local inference continues and another probe will run in 5.0 s: [Errno -2] Name or service not known
[WARN] [1785997591.160326]: Remote inference recovery probe failed; local inference continues and another probe will run in 5.0 s: [Errno -2] Name or service not known
[WARN] [1785997596.432932]: Remote inference recovery probe failed; local inference continues and another probe will run in 5.0 s: [Errno -2] Name or service not known
[WARN] [1785997601.644253]: Remote inference recovery probe failed; local inference continues and another probe will run in 5.0 s: [Errno -2] Name or service not known
[WARN] [1785997606.874112]: Remote inference recovery probe failed; local inference continues and another probe will run in 5.0 s: [Errno -2] Name or service not known
[WARN] [1785997612.044368]: Remote inference recovery probe failed; local inference continues and another probe will run in 5.0 s: [Errno -2] Name or service not known
[WARN] [1785997617.163623]: Remote inference recovery probe failed; local inference continues and another probe will run in 5.0 s: [Errno -2] Name or service not known
[WARN] [1785997622.321372]: Remote inference recovery probe failed; local inference continues and another probe will run in 5.0 s: [Errno -2] Name or service not known
[WARN] [1785997627.450521]: Remote inference recovery probe failed; local inference continues and another probe will run in 5.0 s: [Errno -2] Name or service not known
[WARN] [1785997632.520199]: Remote inference recovery probe failed; local inference continues and another probe will run in 5.0 s: [Errno -2] Name or service not known
[WARN] [1785997637.621200]: Remote inference recovery probe failed; local inference continues and another probe will run in 5.0 s: [Errno -2] Name or service not known
[WARN] [1785997642.835206]: Remote inference recovery probe failed; local inference continues and another probe will run in 5.0 s: [Errno -2] Name or service not known
[WARN] [1785997648.000121]: Remote inference recovery probe failed; local inference continues and another probe will run in 5.0 s: [Errno -2] Name or service not known
[WARN] [1785997653.075290]: Remote inference recovery probe failed; local inference continues and another probe will run in 5.0 s: [Errno -2] Name or service not known
[WARN] [1785997658.197414]: Remote inference recovery probe failed; local inference continues and another probe will run in 5.0 s: [Errno -2] Name or service not known
[WARN] [1785997663.293718]: Remote inference recovery probe failed; local inference continues and another probe will run in 5.0 s: [Errno -2] Name or service not known
[WARN] [1785997668.436953]: Remote inference recovery probe failed; local inference continues and another probe will run in 5.0 s: [Errno -2] Name or service not known
[WARN] [1785997673.714586]: Remote inference recovery probe failed; local inference continues and another probe will run in 5.0 s: [Errno -2] Name or service not known
[WARN] [1785997678.900668]: Remote inference recovery probe failed; local inference continues and another probe will run in 5.0 s: [Errno -2] Name or service not known
[WARN] [1785997683.995102]: Remote inference recovery probe failed; local inference continues and another probe will run in 5.0 s: [Errno -2] Name or service not known
[WARN] [1785997689.093045]: Remote inference recovery probe failed; local inference continues and another probe will run in 5.0 s: [Errno -2] Name or service not known
[WARN] [1785997694.225736]: Remote inference recovery probe failed; local inference continues and another probe will run in 5.0 s: [Errno -2] Name or service not known
[WARN] [1785997699.249515]: Remote inference recovery probe failed; local inference continues and another probe will run in 5.0 s: [Errno -2] Name or service not known
[WARN] [1785997704.427792]: Remote inference recovery probe failed; local inference continues and another probe will run in 5.0 s: [Errno -2] Name or service not known
[WARN] [1785997709.519776]: Remote inference recovery probe failed; local inference continues and another probe will run in 5.0 s: [Errno -2] Name or service not known
[WARN] [1785997714.583078]: Remote inference recovery probe failed; local inference continues and another probe will run in 5.0 s: [Errno -2] Name or service not known
[WARN] [1785997719.672778]: Remote inference recovery probe failed; local inference continues and another probe will run in 5.0 s: [Errno -2] Name or service not known
[WARN] [1785997724.748776]: Remote inference recovery probe failed; local inference continues and another probe will run in 5.0 s: [Errno -2] Name or service not known
[WARN] [1785997729.873440]: Remote inference recovery probe failed; local inference continues and another probe will run in 5.0 s: [Errno -2] Name or service not known
[WARN] [1785997734.924957]: Remote inference recovery probe failed; local inference continues and another probe will run in 5.0 s: [Errno -2] Name or service not known
[WARN] [1785997740.018229]: Remote inference recovery probe failed; local inference continues and another probe will run in 5.0 s: [Errno -2] Name or service not known
[WARN] [1785997745.064567]: Remote inference recovery probe failed; local inference continues and another probe will run in 5.0 s: [Errno -2] Name or service not known
[WARN] [1785997750.179140]: Remote inference recovery probe failed; local inference continues and another probe will run in 5.0 s: [Errno -2] Name or service not known
[WARN] [1785997755.296871]: Remote inference recovery probe failed; local inference continues and another probe will run in 5.0 s: [Errno -2] Name or service not known
[WARN] [1785997760.368572]: Remote inference recovery probe failed; local inference continues and another probe will run in 5.0 s: [Errno -2] Name or service not known
[WARN] [1785997765.560961]: Remote inference recovery probe failed; local inference continues and another probe will run in 5.0 s: [Errno -2] Name or service not known
[WARN] [1785997770.707126]: Remote inference recovery probe failed; local inference continues and another probe will run in 5.0 s: [Errno -2] Name or service not known
[WARN] [1785997775.757912]: Remote inference recovery probe failed; local inference continues and another probe will run in 5.0 s: [Errno -2] Name or service not known
[WARN] [1785997780.843540]: Remote inference recovery probe failed; local inference continues and another probe will run in 5.0 s: [Errno -2] Name or service not known
[WARN] [1785997786.005184]: Remote inference recovery probe failed; local inference continues and another probe will run in 5.0 s: [Errno -2] Name or service not known
[WARN] [1785997791.132020]: Remote inference recovery probe failed; local inference continues and another probe will run in 5.0 s: [Errno -2] Name or service not known
[WARN] [1785997796.266704]: Remote inference recovery probe failed; local inference continues and another probe will run in 5.0 s: [Errno -2] Name or service not known
[WARN] [1785997801.414464]: Remote inference recovery probe failed; local inference continues and another probe will run in 5.0 s: [Errno -2] Name or service not known
[WARN] [1785997806.601824]: Remote inference recovery probe failed; local inference continues and another probe will run in 5.0 s: [Errno -2] Name or service not known
[WARN] [1785997811.669952]: Remote inference recovery probe failed; local inference continues and another probe will run in 5.0 s: [Errno -2] Name or service not known
[WARN] [1785997816.747054]: Remote inference recovery probe failed; local inference continues and another probe will run in 5.0 s: [Errno -2] Name or service not known
[WARN] [1785997821.943101]: Remote inference recovery probe failed; local inference continues and another probe will run in 5.0 s: [Errno -2] Name or service not known
[WARN] [1785997827.167947]: Remote inference recovery probe failed; local inference continues and another probe will run in 5.0 s: [Errno -2] Name or service not known
[WARN] [1785997832.371728]: Remote inference recovery probe failed; local inference continues and another probe will run in 5.0 s: [Errno -2] Name or service not known
[WARN] [1785997837.605232]: Remote inference recovery probe failed; local inference continues and another probe will run in 5.0 s: [Errno -2] Name or service not known
[WARN] [1785997842.712780]: Remote inference recovery probe failed; local inference continues and another probe will run in 5.0 s: [Errno -2] Name or service not known
[WARN] [1785997847.883990]: Remote inference recovery probe failed; local inference continues and another probe will run in 5.0 s: [Errno -2] Name or service not known
[WARN] [1785997852.994034]: Remote inference recovery probe failed; local inference continues and another probe will run in 5.0 s: [Errno -2] Name or service not known
[WARN] [1785997858.181940]: Remote inference recovery probe failed; local inference continues and another probe will run in 5.0 s: [Errno -2] Name or service not known
[WARN] [1785997863.258442]: Remote inference recovery probe failed; local inference continues and another probe will run in 5.0 s: [Errno -2] Name or service not known
[WARN] [1785997868.460083]: Remote inference recovery probe failed; local inference continues and another probe will run in 5.0 s: [Errno -2] Name or service not known
[WARN] [1785997873.562872]: Remote inference recovery probe failed; local inference continues and another probe will run in 5.0 s: [Errno -2] Name or service not known
[WARN] [1785997878.669551]: Remote inference recovery probe failed; local inference continues and another probe will run in 5.0 s: [Errno -2] Name or service not known
[WARN] [1785997883.748965]: Remote inference recovery probe failed; local inference continues and another probe will run in 5.0 s: [Errno -2] Name or service not known
[WARN] [1785997888.844893]: Remote inference recovery probe failed; local inference continues and another probe will run in 5.0 s: [Errno -2] Name or service not known
[WARN] [1785997894.025798]: Remote inference recovery probe failed; local inference continues and another probe will run in 5.0 s: [Errno -2] Name or service not known
[WARN] [1785997899.137564]: Remote inference recovery probe failed; local inference continues and another probe will run in 5.0 s: [Errno -2] Name or service not known
[WARN] [1785997904.222294]: Remote inference recovery probe failed; local inference continues and another probe will run in 5.0 s: [Errno -2] Name or service not known
[WARN] [1785997909.303639]: Remote inference recovery probe failed; local inference continues and another probe will run in 5.0 s: [Errno -2] Name or service not known
[WARN] [1785997914.499950]: Remote inference recovery probe failed; local inference continues and another probe will run in 5.0 s: [Errno -2] Name or service not known
[WARN] [1785997919.542314]: Remote inference recovery probe failed; local inference continues and another probe will run in 5.0 s: [Errno -2] Name or service not known
[WARN] [1785997924.755755]: Remote inference recovery probe failed; local inference continues and another probe will run in 5.0 s: [Errno -2] Name or service not known
[WARN] [1785997929.840515]: Remote inference recovery probe failed; local inference continues and another probe will run in 5.0 s: [Errno -2] Name or service not known
[WARN] [1785997934.913015]: Remote inference recovery probe failed; local inference continues and another probe will run in 5.0 s: [Errno -2] Name or service not known
[WARN] [1785997940.033882]: Remote inference recovery probe failed; local inference continues and another probe will run in 5.0 s: [Errno -2] Name or service not known
[WARN] [1785997945.123922]: Remote inference recovery probe failed; local inference continues and another probe will run in 5.0 s: [Errno -2] Name or service not known
[WARN] [1785997950.130391]: Remote inference recovery probe failed; local inference continues and another probe will run in 5.0 s: [Errno -2] Name or service not known
[WARN] [1785997955.317416]: Remote inference recovery probe failed; local inference continues and another probe will run in 5.0 s: [Errno -2] Name or service not known
[WARN] [1785997960.380637]: Remote inference recovery probe failed; local inference continues and another probe will run in 5.0 s: [Errno -2] Name or service not known
[WARN] [1785997965.525191]: Remote inference recovery probe failed; local inference continues and another probe will run in 5.0 s: [Errno -2] Name or service not known
[WARN] [1785997970.613752]: Remote inference recovery probe failed; local inference continues and another probe will run in 5.0 s: [Errno -2] Name or service not known
[WARN] [1785997975.807770]: Remote inference recovery probe failed; local inference continues and another probe will run in 5.0 s: [Errno -2] Name or service not known
[WARN] [1785997980.929445]: Remote inference recovery probe failed; local inference continues and another probe will run in 5.0 s: [Errno -2] Name or service not known
[WARN] [1785997986.021153]: Remote inference recovery probe failed; local inference continues and another probe will run in 5.0 s: [Errno -2] Name or service not known
[WARN] [1785997991.084204]: Remote inference recovery probe failed; local inference continues and another probe will run in 5.0 s: [Errno -2] Name or service not known
[WARN] [1785997996.233859]: Remote inference recovery probe failed; local inference continues and another probe will run in 5.0 s: [Errno -2] Name or service not known
[WARN] [1785998001.352532]: Remote inference recovery probe failed; local inference continues and another probe will run in 5.0 s: [Errno -2] Name or service not known
[WARN] [1785998006.508310]: Remote inference recovery probe failed; local inference continues and another probe will run in 5.0 s: [Errno -2] Name or service not known
[WARN] [1785998011.584430]: Remote inference recovery probe failed; local inference continues and another probe will run in 5.0 s: [Errno -2] Name or service not known
[WARN] [1785998016.767477]: Remote inference recovery probe failed; local inference continues and another probe will run in 5.0 s: [Errno -2] Name or service not known
[WARN] [1785998021.859172]: Remote inference recovery probe failed; local inference continues and another probe will run in 5.0 s: [Errno -2] Name or service not known
[WARN] [1785998027.062727]: Remote inference recovery probe failed; local inference continues and another probe will run in 5.0 s: [Errno -2] Name or service not known
[WARN] [1785998032.255656]: Remote inference recovery probe failed; local inference continues and another probe will run in 5.0 s: [Errno -2] Name or service not known
[WARN] [1785998037.325347]: Remote inference recovery probe failed; local inference continues and another probe will run in 5.0 s: [Errno -2] Name or service not known
[WARN] [1785998042.390149]: Remote inference recovery probe failed; local inference continues and another probe will run in 5.0 s: [Errno -2] Name or service not known
[WARN] [1785998047.463250]: Remote inference recovery probe failed; local inference continues and another probe will run in 5.0 s: [Errno -2] Name or service not known
[WARN] [1785998052.664491]: Remote inference recovery probe failed; local inference continues and another probe will run in 5.0 s: [Errno -2] Name or service not known
[WARN] [1785998057.820693]: Remote inference recovery probe failed; local inference continues and another probe will run in 5.0 s: [Errno -2] Name or service not known
[WARN] [1785998062.886400]: Remote inference recovery probe failed; local inference continues and another probe will run in 5.0 s: [Errno -2] Name or service not known
[WARN] [1785998067.953828]: Remote inference recovery probe failed; local inference continues and another probe will run in 5.0 s: [Errno -2] Name or service not known
[WARN] [1785998073.025660]: Remote inference recovery probe failed; local inference continues and another probe will run in 5.0 s: [Errno -2] Name or service not known
[WARN] [1785998078.097962]: Remote inference recovery probe failed; local inference continues and another probe will run in 5.0 s: [Errno -2] Name or service not known
 06/08 06:35:53,928 ERROR [140541781305088] (ds-options.cpp:93) Asic Temperature value is not valid!
 06/08 06:35:54,931 ERROR [140541781305088] (ds-options.cpp:93) Asic Temperature value is not valid!
 06/08 06:35:55,286 ERROR [140541924730624] (ds-options.cpp:93) Asic Temperature value is not valid!
 06/08 06:35:55,933 ERROR [140541781305088] (ds-options.cpp:93) Asic Temperature value is not valid!
[WARN] [1785998083.176190]: Remote inference recovery probe failed; local inference continues and another probe will run in 5.0 s: [Errno -2] Name or service not known
[WARN] [1785998088.250658]: Remote inference recovery probe failed; local inference continues and another probe will run in 5.0 s: [Errno -2] Name or service not known
[WARN] [1785998093.330525]: Remote inference recovery probe failed; local inference continues and another probe will run in 5.0 s: [Errno -2] Name or service not known
[WARN] [1785998098.523198]: Remote inference recovery probe failed; local inference continues and another probe will run in 5.0 s: [Errno -2] Name or service not known
[WARN] [1785998103.579782]: Remote inference recovery probe failed; local inference continues and another probe will run in 5.0 s: [Errno -2] Name or service not known
[WARN] [1785998108.680849]: Remote inference recovery probe failed; local inference continues and another probe will run in 5.0 s: [Errno -2] Name or service not known
[WARN] [1785998113.862732]: Remote inference recovery probe failed; local inference continues and another probe will run in 5.0 s: [Errno -2] Name or service not known
[WARN] [1785998119.015229]: Remote inference recovery probe failed; local inference continues and another probe will run in 5.0 s: [Errno -2] Name or service not known
[WARN] [1785998124.213908]: Remote inference recovery probe failed; local inference continues and another probe will run in 5.0 s: [Errno -2] Name or service not known
[WARN] [1785998129.346097]: Remote inference recovery probe failed; local inference continues and another probe will run in 5.0 s: [Errno -2] Name or service not known
[WARN] [1785998134.556226]: Remote inference recovery probe failed; local inference continues and another probe will run in 5.0 s: [Errno -2] Name or service not known
[WARN] [1785998139.752609]: Remote inference recovery probe failed; local inference continues and another probe will run in 5.0 s: [Errno -2] Name or service not known
[WARN] [1785998144.829097]: Remote inference recovery probe failed; local inference continues and another probe will run in 5.0 s: [Errno -2] Name or service not known
[WARN] [1785998149.903534]: Remote inference recovery probe failed; local inference continues and another probe will run in 5.0 s: [Errno -2] Name or service not known
[WARN] [1785998155.096320]: Remote inference recovery probe failed; local inference continues and another probe will run in 5.0 s: [Errno -2] Name or service not known
[WARN] [1785998160.241626]: Remote inference recovery probe failed; local inference continues and another probe will run in 5.0 s: [Errno -2] Name or service not known
[WARN] [1785998165.419147]: Remote inference recovery probe failed; local inference continues and another probe will run in 5.0 s: [Errno -2] Name or service not known
[WARN] [1785998170.503669]: Remote inference recovery probe failed; local inference continues and another probe will run in 5.0 s: [Errno -2] Name or service not known
[WARN] [1785998175.588997]: Remote inference recovery probe failed; local inference continues and another probe will run in 5.0 s: [Errno -2] Name or service not known
[WARN] [1785998180.792501]: Remote inference recovery probe failed; local inference continues and another probe will run in 5.0 s: [Errno -2] Name or service not known
[WARN] [1785998185.868337]: Remote inference recovery probe failed; local inference continues and another probe will run in 5.0 s: [Errno -2] Name or service not known
[WARN] [1785998191.104138]: Remote inference recovery probe failed; local inference continues and another probe will run in 5.0 s: [Errno -2] Name or service not known
[WARN] [1785998196.235320]: Remote inference recovery probe failed; local inference continues and another probe will run in 5.0 s: [Errno -2] Name or service not known
[WARN] [1785998201.415237]: Remote inference recovery probe failed; local inference continues and another probe will run in 5.0 s: [Errno -2] Name or service not known
[WARN] [1785998206.552098]: Remote inference recovery probe failed; local inference continues and another probe will run in 5.0 s: [Errno -2] Name or service not known
[WARN] [1785998211.684742]: Remote inference recovery probe failed; local inference continues and another probe will run in 5.0 s: [Errno -2] Name or service not known
[WARN] [1785998216.762154]: Remote inference recovery probe failed; local inference continues and another probe will run in 5.0 s: [Errno -2] Name or service not known
[WARN] [1785998221.954142]: Remote inference recovery probe failed; local inference continues and another probe will run in 5.0 s: [Errno -2] Name or service not known
[WARN] [1785998227.106662]: Remote inference recovery probe failed; local inference continues and another probe will run in 5.0 s: [Errno -2] Name or service not known
[WARN] [1785998232.258540]: Remote inference recovery probe failed; local inference continues and another probe will run in 5.0 s: [Errno -2] Name or service not known
[WARN] [1785998237.415682]: Remote inference recovery probe failed; local inference continues and another probe will run in 5.0 s: [Errno -2] Name or service not known
[WARN] [1785998242.517067]: Remote inference recovery probe failed; local inference continues and another probe will run in 5.0 s: [Errno -2] Name or service not known
[WARN] [1785998247.656863]: Remote inference recovery probe failed; local inference continues and another probe will run in 5.0 s: [Errno -2] Name or service not known
[WARN] [1785998252.838312]: Remote inference recovery probe failed; local inference continues and another probe will run in 5.0 s: [Errno -2] Name or service not known
[WARN] [1785998257.901983]: Remote inference recovery probe failed; local inference continues and another probe will run in 5.0 s: [Errno -2] Name or service not known
[WARN] [1785998262.987581]: Remote inference recovery probe failed; local inference continues and another probe will run in 5.0 s: [Errno -2] Name or service not known
[WARN] [1785998268.065547]: Remote inference recovery probe failed; local inference continues and another probe will run in 5.0 s: [Errno -2] Name or service not known
[WARN] [1785998273.143651]: Remote inference recovery probe failed; local inference continues and another probe will run in 5.0 s: [Errno -2] Name or service not known
[WARN] [1785998278.343529]: Remote inference recovery probe failed; local inference continues and another probe will run in 5.0 s: [Errno -2] Name or service not known
[WARN] [1785998283.543298]: Remote inference recovery probe failed; local inference continues and another probe will run in 5.0 s: [Errno -2] Name or service not known
[WARN] [1785998288.680596]: Remote inference recovery probe failed; local inference continues and another probe will run in 5.0 s: [Errno -2] Name or service not known
[WARN] [1785998293.752455]: Remote inference recovery probe failed; local inference continues and another probe will run in 5.0 s: [Errno -2] Name or service not known
[WARN] [1785998298.812712]: Remote inference recovery probe failed; local inference continues and another probe will run in 5.0 s: [Errno -2] Name or service not known
[WARN] [1785998303.904281]: Remote inference recovery probe failed; local inference continues and another probe will run in 5.0 s: [Errno -2] Name or service not known
[WARN] [1785998308.976618]: Remote inference recovery probe failed; local inference continues and another probe will run in 5.0 s: [Errno -2] Name or service not known
[WARN] [1785998314.176210]: Remote inference recovery probe failed; local inference continues and another probe will run in 5.0 s: [Errno -2] Name or service not known
[WARN] [1785998319.381743]: Remote inference recovery probe failed; local inference continues and another probe will run in 5.0 s: [Errno -2] Name or service not known
[WARN] [1785998324.581315]: Remote inference recovery probe failed; local inference continues and another probe will run in 5.0 s: [Errno -2] Name or service not known
[WARN] [1785998329.766537]: Remote inference recovery probe failed; local inference continues and another probe will run in 5.0 s: [Errno -2] Name or service not known
[WARN] [1785998334.833392]: Remote inference recovery probe failed; local inference continues and another probe will run in 5.0 s: [Errno -2] Name or service not known
[WARN] [1785998339.983891]: Remote inference recovery probe failed; local inference continues and another probe will run in 5.0 s: [Errno -2] Name or service not known
[WARN] [1785998345.147178]: Remote inference recovery probe failed; local inference continues and another probe will run in 5.0 s: [Errno -2] Name or service not known
[WARN] [1785998350.315593]: Remote inference recovery probe failed; local inference continues and another probe will run in 5.0 s: [Errno -2] Name or service not known
[WARN] [1785998355.422885]: Remote inference recovery probe failed; local inference continues and another probe will run in 5.0 s: [Errno -2] Name or service not known
[WARN] [1785998360.633837]: Remote inference recovery probe failed; local inference continues and another probe will run in 5.0 s: [Errno -2] Name or service not known
[WARN] [1785998365.815004]: Remote inference recovery probe failed; local inference continues and another probe will run in 5.0 s: [Errno -2] Name or service not known
[WARN] [1785998370.860682]: Remote inference recovery probe failed; local inference continues and another probe will run in 5.0 s: [Errno -2] Name or service not known
[WARN] [1785998375.947620]: Remote inference recovery probe failed; local inference continues and another probe will run in 5.0 s: [Errno -2] Name or service not known
[WARN] [1785998381.025285]: Remote inference recovery probe failed; local inference continues and another probe will run in 5.0 s: [Errno -2] Name or service not known
[WARN] [1785998386.163330]: Remote inference recovery probe failed; local inference continues and another probe will run in 5.0 s: [Errno -2] Name or service not known
[WARN] [1785998391.237547]: Remote inference recovery probe failed; local inference continues and another probe will run in 5.0 s: [Errno -2] Name or service not known
[WARN] [1785998396.367487]: Remote inference recovery probe failed; local inference continues and another probe will run in 5.0 s: [Errno -2] Name or service not known
[WARN] [1785998401.505825]: Remote inference recovery probe failed; local inference continues and another probe will run in 5.0 s: [Errno -2] Name or service not known
[WARN] [1785998406.642938]: Remote inference recovery probe failed; local inference continues and another probe will run in 5.0 s: [Errno -2] Name or service not known
[WARN] [1785998411.806947]: Remote inference recovery probe failed; local inference continues and another probe will run in 5.0 s: [Errno -2] Name or service not known
[WARN] [1785998416.985483]: Remote inference recovery probe failed; local inference continues and another probe will run in 5.0 s: [Errno -2] Name or service not known
[WARN] [1785998422.051092]: Remote inference recovery probe failed; local inference continues and another probe will run in 5.0 s: [Errno -2] Name or service not known
[WARN] [1785998427.219611]: Remote inference recovery probe failed; local inference continues and another probe will run in 5.0 s: [Errno -2] Name or service not known
[WARN] [1785998432.322388]: Remote inference recovery probe failed; local inference continues and another probe will run in 5.0 s: [Errno -2] Name or service not known
[WARN] [1785998437.434803]: Remote inference recovery probe failed; local inference continues and another probe will run in 5.0 s: [Errno -2] Name or service not known
[WARN] [1785998442.609850]: Remote inference recovery probe failed; local inference continues and another probe will run in 5.0 s: [Errno -2] Name or service not known
[WARN] [1785998447.679178]: Remote inference recovery probe failed; local inference continues and another probe will run in 5.0 s: [Errno -2] Name or service not known
[WARN] [1785998452.816942]: Remote inference recovery probe failed; local inference continues and another probe will run in 5.0 s: [Errno -2] Name or service not known
[WARN] [1785998457.941048]: Remote inference recovery probe failed; local inference continues and another probe will run in 5.0 s: [Errno -2] Name or service not known
[WARN] [1785998463.096596]: Remote inference recovery probe failed; local inference continues and another probe will run in 5.0 s: [Errno -2] Name or service not known
[WARN] [1785998468.200680]: Remote inference recovery probe failed; local inference continues and another probe will run in 5.0 s: [Errno -2] Name or service not known
[WARN] [1785998473.370567]: Remote inference recovery probe failed; local inference continues and another probe will run in 5.0 s: [Errno -2] Name or service not known
[WARN] [1785998478.425332]: Remote inference recovery probe failed; local inference continues and another probe will run in 5.0 s: [Errno -2] Name or service not known
[WARN] [1785998483.588971]: Remote inference recovery probe failed; local inference continues and another probe will run in 5.0 s: [Errno -2] Name or service not known
[WARN] [1785998488.694721]: Remote inference recovery probe failed; local inference continues and another probe will run in 5.0 s: [Errno -2] Name or service not known
[WARN] [1785998493.788626]: Remote inference recovery probe failed; local inference continues and another probe will run in 5.0 s: [Errno -2] Name or service not known
[WARN] [1785998498.857205]: Remote inference recovery probe failed; local inference continues and another probe will run in 5.0 s: [Errno -2] Name or service not known
[WARN] [1785998503.989022]: Remote inference recovery probe failed; local inference continues and another probe will run in 5.0 s: [Errno -2] Name or service not known
[WARN] [1785998509.068527]: Remote inference recovery probe failed; local inference continues and another probe will run in 5.0 s: [Errno -2] Name or service not known
[WARN] [1785998514.145441]: Remote inference recovery probe failed; local inference continues and another probe will run in 5.0 s: [Errno -2] Name or service not known
[WARN] [1785998519.397098]: Remote inference recovery probe failed; local inference continues and another probe will run in 5.0 s: [Errno -2] Name or service not known
[WARN] [1785998524.568280]: Remote inference recovery probe failed; local inference continues and another probe will run in 5.0 s: [Errno -2] Name or service not known
[WARN] [1785998529.744376]: Remote inference recovery probe failed; local inference continues and another probe will run in 5.0 s: [Errno -2] Name or service not known
[WARN] [1785998534.905740]: Remote inference recovery probe failed; local inference continues and another probe will run in 5.0 s: [Errno -2] Name or service not known
[WARN] [1785998540.063068]: Remote inference recovery probe failed; local inference continues and another probe will run in 5.0 s: [Errno -2] Name or service not known
[WARN] [1785998545.158166]: Remote inference recovery probe failed; local inference continues and another probe will run in 5.0 s: [Errno -2] Name or service not known
[WARN] [1785998550.289475]: Remote inference recovery probe failed; local inference continues and another probe will run in 5.0 s: [Errno -2] Name or service not known
[WARN] [1785998555.369465]: Remote inference recovery probe failed; local inference continues and another probe will run in 5.0 s: [Errno -2] Name or service not known
[WARN] [1785998560.478753]: Remote inference recovery probe failed; local inference continues and another probe will run in 5.0 s: [Errno -2] Name or service not known
[WARN] [1785998565.585141]: Remote inference recovery probe failed; local inference continues and another probe will run in 5.0 s: [Errno -2] Name or service not known
[WARN] [1785998570.662103]: Remote inference recovery probe failed; local inference continues and another probe will run in 5.0 s: [Errno -2] Name or service not known
 06/08 06:43:15,046 ERROR [140541781305088] (ds-options.cpp:93) Asic Temperature value is not valid!
 06/08 06:43:15,338 ERROR [140541924730624] (ds-options.cpp:93) Asic Temperature value is not valid!
 06/08 06:43:16,048 ERROR [140541781305088] (ds-options.cpp:93) Asic Temperature value is not valid!
 06/08 06:43:17,051 ERROR [140541781305088] (ds-options.cpp:93) Asic Temperature value is not valid!
 06/08 06:43:17,338 ERROR [140541924730624] (ds-options.cpp:93) Asic Temperature value is not valid!
[INFO] [1785997378.675952]: RGB-D vision status: model_ready:onnxruntime targets:1 depth:1 tf:1 semantic_masks:2
[INFO] [1785997393.621460]: RGB-D vision status: model_ready:onnxruntime targets:1 depth:1 tf:1 semantic_masks:2
[INFO] [1785997399.196666]: RGB-D vision status: model_ready:onnxruntime targets:1 depth:1 tf:1 semantic_masks:2
[INFO] [1785997404.740527]: RGB-D vision status: model_ready:onnxruntime targets:1 depth:1 tf:1 semantic_masks:2
[INFO] [1785997409.778316]: RGB-D vision status: model_ready:onnxruntime targets:1 depth:1 tf:1 semantic_masks:2
[INFO] [1785997419.803675]: RGB-D vision status: model_ready:onnxruntime targets:1 depth:1 tf:1 semantic_masks:2
[INFO] [1785997425.348679]: RGB-D vision status: model_ready:onnxruntime targets:1 depth:1 tf:1 semantic_masks:2
[INFO] [1785997430.394176]: RGB-D vision status: model_ready:onnxruntime targets:0 depth:0 tf:0 semantic_masks:1
[INFO] [1785997449.052308]: RGB-D vision status: model_ready:onnxruntime targets:1 depth:1 tf:1 semantic_masks:2
[INFO] [1785997461.803052]: RGB-D vision status: model_ready:onnxruntime targets:1 depth:1 tf:1 semantic_masks:2
[INFO] [1785997468.579769]: RGB-D vision status: model_ready:onnxruntime targets:1 depth:1 tf:1 semantic_masks:2
[INFO] [1785997475.928585]: RGB-D vision status: model_ready:onnxruntime targets:1 depth:1 tf:1 semantic_masks:2
[INFO] [1785997482.872338]: RGB-D vision status: model_ready:onnxruntime targets:2 depth:2 tf:2 semantic_masks:3
[INFO] [1785997490.097395]: RGB-D vision status: model_ready:onnxruntime targets:1 depth:1 tf:1 semantic_masks:2
[INFO] [1785997496.612210]: RGB-D vision status: model_ready:onnxruntime targets:1 depth:1 tf:1 semantic_masks:2
[INFO] [1785997502.384777]: RGB-D vision status: model_ready:onnxruntime targets:1 depth:1 tf:1 semantic_masks:2
[INFO] [1785997509.688481]: RGB-D vision status: model_ready:onnxruntime targets:1 depth:1 tf:1 semantic_masks:2
[INFO] [1785997515.961013]: RGB-D vision status: model_ready:onnxruntime targets:1 depth:1 tf:1 semantic_masks:2
[INFO] [1785997521.295011]: RGB-D vision status: model_ready:onnxruntime targets:1 depth:1 tf:1 semantic_masks:2
[INFO] [1785997526.527336]: RGB-D vision status: model_ready:onnxruntime targets:1 depth:1 tf:1 semantic_masks:2
[INFO] [1785997531.925533]: RGB-D vision status: model_ready:onnxruntime targets:1 depth:1 tf:1 semantic_masks:2
[INFO] [1785997538.177559]: RGB-D vision status: model_ready:onnxruntime targets:1 depth:1 tf:1 semantic_masks:2
[INFO] [1785997543.643268]: RGB-D vision status: model_ready:onnxruntime targets:1 depth:1 tf:1 semantic_masks:2
[INFO] [1785997548.862641]: RGB-D vision status: model_ready:onnxruntime targets:0 depth:0 tf:0 semantic_masks:1
[INFO] [1785997578.210752]: RGB-D vision status: model_ready:onnxruntime targets:1 depth:1 tf:1 semantic_masks:2
[INFO] [1785997583.545725]: RGB-D vision status: model_ready:onnxruntime targets:1 depth:1 tf:1 semantic_masks:2
[INFO] [1785997591.163318]: RGB-D vision status: model_ready:onnxruntime targets:1 depth:1 tf:1 semantic_masks:2
[INFO] [1785997596.821959]: RGB-D vision status: model_ready:onnxruntime targets:1 depth:1 tf:1 semantic_masks:2
[INFO] [1785997607.381778]: RGB-D vision status: model_ready:onnxruntime targets:1 depth:1 tf:1 semantic_masks:2
[INFO] [1785997612.889127]: RGB-D vision status: model_ready:onnxruntime targets:1 depth:1 tf:1 semantic_masks:2
[INFO] [1785997624.113196]: RGB-D vision status: model_ready:onnxruntime targets:1 depth:1 tf:1 semantic_masks:2
[INFO] [1785997637.857561]: RGB-D vision status: model_ready:onnxruntime targets:1 depth:1 tf:1 semantic_masks:2
[INFO] [1785997651.870126]: RGB-D vision status: model_ready:onnxruntime targets:2 depth:2 tf:2 semantic_masks:3
[INFO] [1785997665.234720]: RGB-D vision status: model_ready:onnxruntime targets:1 depth:1 tf:1 semantic_masks:2
[INFO] [1785997670.330939]: RGB-D vision status: model_ready:onnxruntime targets:0 depth:0 tf:0 semantic_masks:1
[INFO] [1785997687.246906]: RGB-D vision status: model_ready:onnxruntime targets:1 depth:1 tf:1 semantic_masks:2
[INFO] [1785997695.295493]: RGB-D vision status: model_ready:onnxruntime targets:1 depth:1 tf:1 semantic_masks:2
[INFO] [1785997702.610946]: RGB-D vision status: model_ready:onnxruntime targets:1 depth:1 tf:1 semantic_masks:2
[INFO] [1785997711.936719]: RGB-D vision status: model_ready:onnxruntime targets:1 depth:1 tf:1 semantic_masks:2
[INFO] [1785997720.494691]: RGB-D vision status: model_ready:onnxruntime targets:1 depth:1 tf:1 semantic_masks:2
[INFO] [1785997725.614040]: RGB-D vision status: model_ready:onnxruntime targets:1 depth:1 tf:1 semantic_masks:2
[INFO] [1785997735.745279]: RGB-D vision status: model_ready:onnxruntime targets:1 depth:1 tf:1 semantic_masks:2
[INFO] [1785997749.469445]: RGB-D vision status: model_ready:onnxruntime targets:1 depth:1 tf:1 semantic_masks:2
[INFO] [1785997761.023108]: RGB-D vision status: model_ready:onnxruntime targets:1 depth:1 tf:1 semantic_masks:2
[INFO] [1785997766.118933]: RGB-D vision status: model_ready:onnxruntime targets:1 depth:1 tf:1 semantic_masks:2
[INFO] [1785997771.121623]: RGB-D vision status: model_ready:onnxruntime targets:0 depth:0 tf:0 semantic_masks:1
[INFO] [1785997810.740511]: RGB-D vision status: model_ready:onnxruntime targets:1 depth:0 tf:0 semantic_masks:2
[INFO] [1785997836.395207]: RGB-D vision status: model_ready:onnxruntime targets:1 depth:1 tf:1 semantic_masks:2
[INFO] [1785997877.364606]: RGB-D vision status: model_ready:onnxruntime targets:1 depth:1 tf:1 semantic_masks:2
[INFO] [1785997883.869317]: RGB-D vision status: model_ready:onnxruntime targets:0 depth:0 tf:0 semantic_masks:2
[INFO] [1785997923.231953]: RGB-D vision status: model_ready:onnxruntime targets:0 depth:0 tf:0 semantic_masks:2
[INFO] [1785997995.170587]: RGB-D vision status: model_ready:onnxruntime targets:0 depth:0 tf:0 semantic_masks:2
[INFO] [1785998053.953465]: RGB-D vision status: model_ready:onnxruntime targets:1 depth:1 tf:1 semantic_masks:2
[INFO] [1785998118.422213]: RGB-D vision status: model_ready:onnxruntime targets:1 depth:1 tf:1 semantic_masks:2
[INFO] [1785998147.104850]: RGB-D vision status: model_ready:onnxruntime targets:1 depth:1 tf:1 semantic_masks:2
[INFO] [1785998296.295055]: RGB-D vision status: model_ready:onnxruntime targets:1 depth:1 tf:1 semantic_masks:2
[INFO] [1785998345.970962]: RGB-D vision status: model_ready:onnxruntime targets:0 depth:0 tf:0 semantic_masks:2
[INFO] [1785998366.073567]: RGB-D vision status: model_ready:onnxruntime targets:0 depth:0 tf:0 semantic_masks:2
[INFO] [1785998371.289856]: RGB-D vision status: model_ready:onnxruntime targets:0 depth:0 tf:0 semantic_masks:2
[INFO] [1785998402.984659]: RGB-D vision status: model_ready:onnxruntime targets:0 depth:0 tf:0 semantic_masks:2
[INFO] [1785998421.544631]: RGB-D vision status: model_ready:onnxruntime targets:1 depth:1 tf:1 semantic_masks:2
[INFO] [1785998482.431046]: RGB-D vision status: model_ready:onnxruntime targets:1 depth:1 tf:1 semantic_masks:2
[INFO] [1785998492.436246]: RGB-D vision status: model_ready:onnxruntime targets:0 depth:0 tf:0 semantic_masks:2
[INFO] [1785998507.345523]: RGB-D vision status: model_ready:onnxruntime targets:1 depth:1 tf:1 semantic_masks:2
[INFO] [1785998518.947717]: RGB-D vision status: model_ready:onnxruntime targets:0 depth:0 tf:0 semantic_masks:2
[INFO] [1785998531.891689]: RGB-D vision status: model_ready:onnxruntime targets:0 depth:0 tf:0 semantic_masks:2
[INFO] [1785998542.752052]: RGB-D vision status: model_ready:onnxruntime targets:0 depth:0 tf:0 semantic_masks:2
[INFO] [1785998550.030750]: RGB-D vision status: model_ready:onnxruntime targets:1 depth:1 tf:1 semantic_masks:2
[INFO] [1785998556.053793]: RGB-D vision status: model_ready:onnxruntime targets:1 depth:1 tf:1 semantic_masks:2
[INFO] [1785998566.409253]: RGB-D vision status: model_ready:onnxruntime targets:1 depth:1 tf:1 semantic_masks:2
[INFO] [1785998589.052507]: RGB-D vision status: model_ready:onnxruntime targets:1 depth:1 tf:1 semantic_masks:2
[INFO] [1785998606.646540]: RGB-D vision status: model_ready:onnxruntime targets:0 depth:0 tf:0 semantic_masks:2
 06/08 06:44:18,206 ERROR [140541781305088] (ds-options.cpp:93) Asic Temperature value is not valid!
 06/08 06:44:19,209 ERROR [140541781305088] (ds-options.cpp:93) Asic Temperature value is not valid!
 06/08 06:44:19,345 ERROR [140541924730624] (ds-options.cpp:93) Asic Temperature value is not valid!
 06/08 06:44:20,211 ERROR [140541781305088] (ds-options.cpp:93) Asic Temperature value is not valid!
[WARN] [1785998575.751743]: Remote inference recovery probe failed; local inference continues and another probe will run in 5.0 s: [Errno -2] Name or service not known
[WARN] [1785998580.922572]: Remote inference recovery probe failed; local inference continues and another probe will run in 5.0 s: [Errno -2] Name or service not known
[WARN] [1785998586.008169]: Remote inference recovery probe failed; local inference continues and another probe will run in 5.0 s: [Errno -2] Name or service not known
[WARN] [1785998591.185256]: Remote inference recovery probe failed; local inference continues and another probe will run in 5.0 s: [Errno -2] Name or service not known
[WARN] [1785998596.388193]: Remote inference recovery probe failed; local inference continues and another probe will run in 5.0 s: [Errno -2] Name or service not known
[WARN] [1785998601.574908]: Remote inference recovery probe failed; local inference continues and another probe will run in 5.0 s: [Errno -2] Name or service not known
[WARN] [1785998606.765053]: Remote inference recovery probe failed; local inference continues and another probe will run in 5.0 s: [Errno -2] Name or service not known
[WARN] [1785998611.939368]: Remote inference recovery probe failed; local inference continues and another probe will run in 5.0 s: [Errno -2] Name or service not known
[WARN] [1785998617.025697]: Remote inference recovery probe failed; local inference continues and another probe will run in 5.0 s: [Errno -2] Name or service not known
[WARN] [1785998622.097259]: Remote inference recovery probe failed; local inference continues and another probe will run in 5.0 s: [Errno -2] Name or service not known
[WARN] [1785998627.182172]: Remote inference recovery probe failed; local inference continues and another probe will run in 5.0 s: [Errno -2] Name or service not known
[WARN] [1785998632.325063]: Remote inference recovery probe failed; local inference continues and another probe will run in 5.0 s: [Errno -2] Name or service not known
[WARN] [1785998637.511747]: Remote inference recovery probe failed; local inference continues and another probe will run in 5.0 s: [Errno -2] Name or service not known
[WARN] [1785998642.571604]: Remote inference recovery probe failed; local inference continues and another probe will run in 5.0 s: [Errno -2] Name or service not known
[WARN] [1785998647.647691]: Remote inference recovery probe failed; local inference continues and another probe will run in 5.0 s: [Errno -2] Name or service not known
[WARN] [1785998652.780418]: Remote inference recovery probe failed; local inference continues and another probe will run in 5.0 s: [Errno -2] Name or service not known
[WARN] [1785998657.853875]: Remote inference recovery probe failed; local inference continues and another probe will run in 5.0 s: [Errno -2] Name or service not known
[WARN] [1785998662.947788]: Remote inference recovery probe failed; local inference continues and another probe will run in 5.0 s: [Errno -2] Name or service not known
[WARN] [1785998668.130483]: Remote inference recovery probe failed; local inference continues and another probe will run in 5.0 s: [Errno -2] Name or service not known
[WARN] [1785998673.249978]: Remote inference recovery probe failed; local inference continues and another probe will run in 5.0 s: [Errno -2] Name or service not known
[WARN] [1785998678.351908]: Remote inference recovery probe failed; local inference continues and another probe will run in 5.0 s: [Errno -2] Name or service not known
[WARN] [1785998683.429279]: Remote inference recovery probe failed; local inference continues and another probe will run in 5.0 s: [Errno -2] Name or service not known
[WARN] [1785998688.504721]: Remote inference recovery probe failed; local inference continues and another probe will run in 5.0 s: [Errno -2] Name or service not known
[WARN] [1785998693.700842]: Remote inference recovery probe failed; local inference continues and another probe will run in 5.0 s: [Errno -2] Name or service not known
[WARN] [1785998698.883484]: Remote inference recovery probe failed; local inference continues and another probe will run in 5.0 s: [Errno -2] Name or service not known
[WARN] [1785998704.036986]: Remote inference recovery probe failed; local inference continues and another probe will run in 5.0 s: [Errno -2] Name or service not known
[WARN] [1785998709.166284]: Remote inference recovery probe failed; local inference continues and another probe will run in 5.0 s: [Errno -2] Name or service not known
[WARN] [1785998714.313730]: Remote inference recovery probe failed; local inference continues and another probe will run in 5.0 s: [Errno -2] Name or service not known
[WARN] [1785998719.382891]: Remote inference recovery probe failed; local inference continues and another probe will run in 5.0 s: [Errno -2] Name or service not known
[WARN] [1785998724.527633]: Remote inference recovery probe failed; local inference continues and another probe will run in 5.0 s: [Errno -2] Name or service not known
[WARN] [1785998729.702705]: Remote inference recovery probe failed; local inference continues and another probe will run in 5.0 s: [Errno -2] Name or service not known
[WARN] [1785998734.784537]: Remote inference recovery probe failed; local inference continues and another probe will run in 5.0 s: [Errno -2] Name or service not known
[WARN] [1785998739.845346]: Remote inference recovery probe failed; local inference continues and another probe will run in 5.0 s: [Errno -2] Name or service not known
[WARN] [1785998744.955085]: Remote inference recovery probe failed; local inference continues and another probe will run in 5.0 s: [Errno -2] Name or service not known
[WARN] [1785998750.061398]: Remote inference recovery probe failed; local inference continues and another probe will run in 5.0 s: [Errno -2] Name or service not known
[WARN] [1785998755.196017]: Remote inference recovery probe failed; local inference continues and another probe will run in 5.0 s: [Errno -2] Name or service not known
[WARN] [1785998760.374148]: Remote inference recovery probe failed; local inference continues and another probe will run in 5.0 s: [Errno -2] Name or service not known
[WARN] [1785998765.543280]: Remote inference recovery probe failed; local inference continues and another probe will run in 5.0 s: [Errno -2] Name or service not known
[WARN] [1785998770.697465]: Remote inference recovery probe failed; local inference continues and another probe will run in 5.0 s: [Errno -2] Name or service not known
[WARN] [1785998775.828896]: Remote inference recovery probe failed; local inference continues and another probe will run in 5.0 s: [Errno -2] Name or service not known
[WARN] [1785998780.913378]: Remote inference recovery probe failed; local inference continues and another probe will run in 5.0 s: [Errno -2] Name or service not known
[WARN] [1785998786.025110]: Remote inference recovery probe failed; local inference continues and another probe will run in 5.0 s: [Errno -2] Name or service not known
[WARN] [1785998791.178329]: Remote inference recovery probe failed; local inference continues and another probe will run in 5.0 s: [Errno -2] Name or service not known
[WARN] [1785998796.248940]: Remote inference recovery probe failed; local inference continues and another probe will run in 5.0 s: [Errno -2] Name or service not known
[WARN] [1785998801.368135]: Remote inference recovery probe failed; local inference continues and another probe will run in 5.0 s: [Errno -2] Name or service not known
[WARN] [1785998806.494146]: Remote inference recovery probe failed; local inference continues and another probe will run in 5.0 s: [Errno -2] Name or service not known
[WARN] [1785998811.727419]: Remote inference recovery probe failed; local inference continues and another probe will run in 5.0 s: [Errno -2] Name or service not known
[WARN] [1785998816.799078]: Remote inference recovery probe failed; local inference continues and another probe will run in 5.0 s: [Errno -2] Name or service not known
[WARN] [1785998821.872350]: Remote inference recovery probe failed; local inference continues and another probe will run in 5.0 s: [Errno -2] Name or service not known
[WARN] [1785998827.013256]: Remote inference recovery probe failed; local inference continues and another probe will run in 5.0 s: [Errno -2] Name or service not known
[WARN] [1785998832.183414]: Remote inference recovery probe failed; local inference continues and another probe will run in 5.0 s: [Errno -2] Name or service not known
[WARN] [1785998837.282332]: Remote inference recovery probe failed; local inference continues and another probe will run in 5.0 s: [Errno -2] Name or service not known
[WARN] [1785998842.420328]: Remote inference recovery probe failed; local inference continues and another probe will run in 5.0 s: [Errno -2] Name or service not known
[WARN] [1785998847.564167]: Remote inference recovery probe failed; local inference continues and another probe will run in 5.0 s: [Errno -2] Name or service not known
[WARN] [1785998852.779936]: Remote inference recovery probe failed; local inference continues and another probe will run in 5.0 s: [Errno -2] Name or service not known
[WARN] [1785998857.973966]: Remote inference recovery probe failed; local inference continues and another probe will run in 5.0 s: [Errno -2] Name or service not known
[WARN] [1785998863.168220]: Remote inference recovery probe failed; local inference continues and another probe will run in 5.0 s: [Errno -2] Name or service not known
[WARN] [1785998868.245165]: Remote inference recovery probe failed; local inference continues and another probe will run in 5.0 s: [Errno -2] Name or service not known
[WARN] [1785998873.437489]: Remote inference recovery probe failed; local inference continues and another probe will run in 5.0 s: [Errno -2] Name or service not known
[WARN] [1785998878.535462]: Remote inference recovery probe failed; local inference continues and another probe will run in 5.0 s: [Errno -2] Name or service not known
[WARN] [1785998883.718031]: Remote inference recovery probe failed; local inference continues and another probe will run in 5.0 s: [Errno -2] Name or service not known
[WARN] [1785998888.796075]: Remote inference recovery probe failed; local inference continues and another probe will run in 5.0 s: [Errno -2] Name or service not known
[WARN] [1785998893.949532]: Remote inference recovery probe failed; local inference continues and another probe will run in 5.0 s: [Errno -2] Name or service not known
[WARN] [1785998899.158244]: Remote inference recovery probe failed; local inference continues and another probe will run in 5.0 s: [Errno -2] Name or service not known
[WARN] [1785998904.288492]: Remote inference recovery probe failed; local inference continues and another probe will run in 5.0 s: [Errno -2] Name or service not known
[WARN] [1785998909.498759]: Remote inference recovery probe failed; local inference continues and another probe will run in 5.0 s: [Errno -2] Name or service not known
[WARN] [1785998914.683588]: Remote inference recovery probe failed; local inference continues and another probe will run in 5.0 s: [Errno -2] Name or service not known
[WARN] [1785998919.808323]: Remote inference recovery probe failed; local inference continues and another probe will run in 5.0 s: [Errno -2] Name or service not known
[WARN] [1785998924.883575]: Remote inference recovery probe failed; local inference continues and another probe will run in 5.0 s: [Errno -2] Name or service not known
[WARN] [1785998929.967208]: Remote inference recovery probe failed; local inference continues and another probe will run in 5.0 s: [Errno -2] Name or service not known
[WARN] [1785998935.122123]: Remote inference recovery probe failed; local inference continues and another probe will run in 5.0 s: [Errno -2] Name or service not known
[WARN] [1785998940.337141]: Remote inference recovery probe failed; local inference continues and another probe will run in 5.0 s: [Errno -2] Name or service not known
[WARN] [1785998945.500845]: Remote inference recovery probe failed; local inference continues and another probe will run in 5.0 s: [Errno -2] Name or service not known
[WARN] [1785998950.561307]: Remote inference recovery probe failed; local inference continues and another probe will run in 5.0 s: [Errno -2] Name or service not known
[WARN] [1785998955.653191]: Remote inference recovery probe failed; local inference continues and another probe will run in 5.0 s: [Errno -2] Name or service not known
[WARN] [1785998960.732665]: Remote inference recovery probe failed; local inference continues and another probe will run in 5.0 s: [Errno -2] Name or service not known
[WARN] [1785998965.910274]: Remote inference recovery probe failed; local inference continues and another probe will run in 5.0 s: [Errno -2] Name or service not known
[WARN] [1785998971.036741]: Remote inference recovery probe failed; local inference continues and another probe will run in 5.0 s: [Errno -2] Name or service not known
[WARN] [1785998976.196354]: Remote inference recovery probe failed; local inference continues and another probe will run in 5.0 s: [Errno -2] Name or service not known
[WARN] [1785998981.267103]: Remote inference recovery probe failed; local inference continues and another probe will run in 5.0 s: [Errno -2] Name or service not known
[WARN] [1785998986.347045]: Remote inference recovery probe failed; local inference continues and another probe will run in 5.0 s: [Errno -2] Name or service not known
[WARN] [1785998991.527749]: Remote inference recovery probe failed; local inference continues and another probe will run in 5.0 s: [Errno -2] Name or service not known
[WARN] [1785998996.669966]: Remote inference recovery probe failed; local inference continues and another probe will run in 5.0 s: [Errno -2] Name or service not known
[WARN] [1785999001.745009]: Remote inference recovery probe failed; local inference continues and another probe will run in 5.0 s: [Errno -2] Name or service not known
[WARN] [1785999006.812803]: Remote inference recovery probe failed; local inference continues and another probe will run in 5.0 s: [Errno -2] Name or service not known
[WARN] [1785999011.890130]: Remote inference recovery probe failed; local inference continues and another probe will run in 5.0 s: [Errno -2] Name or service not known
[WARN] [1785999016.974957]: Remote inference recovery probe failed; local inference continues and another probe will run in 5.0 s: [Errno -2] Name or service not known
[WARN] [1785999022.177802]: Remote inference recovery probe failed; local inference continues and another probe will run in 5.0 s: [Errno -2] Name or service not known
[WARN] [1785999027.241070]: Remote inference recovery probe failed; local inference continues and another probe will run in 5.0 s: [Errno -2] Name or service not known
[WARN] [1785999032.300942]: Remote inference recovery probe failed; local inference continues and another probe will run in 5.0 s: [Errno -2] Name or service not known
[WARN] [1785999037.384339]: Remote inference recovery probe failed; local inference continues and another probe will run in 5.0 s: [Errno -2] Name or service not known
[WARN] [1785999042.461334]: Remote inference recovery probe failed; local inference continues and another probe will run in 5.0 s: [Errno -2] Name or service not known
[WARN] [1785999047.600118]: Remote inference recovery probe failed; local inference continues and another probe will run in 5.0 s: [Errno -2] Name or service not known
[WARN] [1785999052.736344]: Remote inference recovery probe failed; local inference continues and another probe will run in 5.0 s: [Errno -2] Name or service not known
[WARN] [1785999057.791827]: Remote inference recovery probe failed; local inference continues and another probe will run in 5.0 s: [Errno -2] Name or service not known
[WARN] [1785999062.968467]: Remote inference recovery probe failed; local inference continues and another probe will run in 5.0 s: [Errno -2] Name or service not known
[WARN] [1785999068.061926]: Remote inference recovery probe failed; local inference continues and another probe will run in 5.0 s: [Errno -2] Name or service not known
[WARN] [1785999073.161463]: Remote inference recovery probe failed; local inference continues and another probe will run in 5.0 s: [Errno -2] Name or service not known
[WARN] [1785999078.333721]: Remote inference recovery probe failed; local inference continues and another probe will run in 5.0 s: [Errno -2] Name or service not known
[WARN] [1785999083.446956]: Remote inference recovery probe failed; local inference continues and another probe will run in 5.0 s: [Errno -2] Name or service not known
[WARN] [1785999088.639548]: Remote inference recovery probe failed; local inference continues and another probe will run in 5.0 s: [Errno -2] Name or service not known
[WARN] [1785999093.728746]: Remote inference recovery probe failed; local inference continues and another probe will run in 5.0 s: [Errno -2] Name or service not known
[WARN] [1785999098.843313]: Remote inference recovery probe failed; local inference continues and another probe will run in 5.0 s: [Errno -2] Name or service not known
[WARN] [1785999103.916159]: Remote inference recovery probe failed; local inference continues and another probe will run in 5.0 s: [Errno -2] Name or service not known
[WARN] [1785999109.030606]: Remote inference recovery probe failed; local inference continues and another probe will run in 5.0 s: [Errno -2] Name or service not known
[WARN] [1785999114.197782]: Remote inference recovery probe failed; local inference continues and another probe will run in 5.0 s: [Errno -2] Name or service not known
[WARN] [1785999119.301183]: Remote inference recovery probe failed; local inference continues and another probe will run in 5.0 s: [Errno -2] Name or service not known
[WARN] [1785999124.399407]: Remote inference recovery probe failed; local inference continues and another probe will run in 5.0 s: [Errno -2] Name or service not known
[WARN] [1785999129.532820]: Remote inference recovery probe failed; local inference continues and another probe will run in 5.0 s: [Errno -2] Name or service not known
[WARN] [1785999134.691077]: Remote inference recovery probe failed; local inference continues and another probe will run in 5.0 s: [Errno -2] Name or service not known
[WARN] [1785999139.797387]: Remote inference recovery probe failed; local inference continues and another probe will run in 5.0 s: [Errno -2] Name or service not known
[WARN] [1785999144.921701]: Remote inference recovery probe failed; local inference continues and another probe will run in 5.0 s: [Errno -2] Name or service not known
[WARN] [1785999150.074387]: Remote inference recovery probe failed; local inference continues and another probe will run in 5.0 s: [Errno -2] Name or service not known
[WARN] [1785999155.220156]: Remote inference recovery probe failed; local inference continues and another probe will run in 5.0 s: [Errno -2] Name or service not known
[WARN] [1785999160.370510]: Remote inference recovery probe failed; local inference continues and another probe will run in 5.0 s: [Errno -2] Name or service not known
[WARN] [1785999165.570920]: Remote inference recovery probe failed; local inference continues and another probe will run in 5.0 s: [Errno -2] Name or service not known
[WARN] [1785999170.639477]: Remote inference recovery probe failed; local inference continues and another probe will run in 5.0 s: [Errno -2] Name or service not known
[WARN] [1785999175.719913]: Remote inference recovery probe failed; local inference continues and another probe will run in 5.0 s: [Errno -2] Name or service not known
[WARN] [1785999180.910328]: Remote inference recovery probe failed; local inference continues and another probe will run in 5.0 s: [Errno -2] Name or service not known
[WARN] [1785999186.075449]: Remote inference recovery probe failed; local inference continues and another probe will run in 5.0 s: [Errno -2] Name or service not known
[WARN] [1785999191.247724]: Remote inference recovery probe failed; local inference continues and another probe will run in 5.0 s: [Errno -2] Name or service not known
[WARN] [1785999196.323801]: Remote inference recovery probe failed; local inference continues and another probe will run in 5.0 s: [Errno -2] Name or service not known
[WARN] [1785999201.387381]: Remote inference recovery probe failed; local inference continues and another probe will run in 5.0 s: [Errno -2] Name or service not known
[WARN] [1785999206.561634]: Remote inference recovery probe failed; local inference continues and another probe will run in 5.0 s: [Errno -2] Name or service not known
[WARN] [1785999211.748218]: Remote inference recovery probe failed; local inference continues and another probe will run in 5.0 s: [Errno -2] Name or service not known
[WARN] [1785999216.800303]: Remote inference recovery probe failed; local inference continues and another probe will run in 5.0 s: [Errno -2] Name or service not known
[WARN] [1785999221.900871]: Remote inference recovery probe failed; local inference continues and another probe will run in 5.0 s: [Errno -2] Name or service not known
[WARN] [1785999227.101587]: Remote inference recovery probe failed; local inference continues and another probe will run in 5.0 s: [Errno -2] Name or service not known
[WARN] [1785999232.303699]: Remote inference recovery probe failed; local inference continues and another probe will run in 5.0 s: [Errno -2] Name or service not known
[WARN] [1785999237.434442]: Remote inference recovery probe failed; local inference continues and another probe will run in 5.0 s: [Errno -2] Name or service not known
[WARN] [1785999242.524880]: Remote inference recovery probe failed; local inference continues and another probe will run in 5.0 s: [Errno -2] Name or service not known
[WARN] [1785999247.735220]: Remote inference recovery probe failed; local inference continues and another probe will run in 5.0 s: [Errno -2] Name or service not known
[WARN] [1785999252.930273]: Remote inference recovery probe failed; local inference continues and another probe will run in 5.0 s: [Errno -2] Name or service not known
[WARN] [1785999258.045194]: Remote inference recovery probe failed; local inference continues and another probe will run in 5.0 s: [Errno -2] Name or service not known
[WARN] [1785999263.125663]: Remote inference recovery probe failed; local inference continues and another probe will run in 5.0 s: [Errno -2] Name or service not known
[WARN] [1785999268.206198]: Remote inference recovery probe failed; local inference continues and another probe will run in 5.0 s: [Errno -2] Name or service not known
[WARN] [1785999273.385274]: Remote inference recovery probe failed; local inference continues and another probe will run in 5.0 s: [Errno -2] Name or service not known
[WARN] [1785999278.554564]: Remote inference recovery probe failed; local inference continues and another probe will run in 5.0 s: [Errno -2] Name or service not known
[WARN] [1785999283.752940]: Remote inference recovery probe failed; local inference continues and another probe will run in 5.0 s: [Errno -2] Name or service not known
[WARN] [1785999288.961993]: Remote inference recovery probe failed; local inference continues and another probe will run in 5.0 s: [Errno -2] Name or service not known
[WARN] [1785999294.157373]: Remote inference recovery probe failed; local inference continues and another probe will run in 5.0 s: [Errno -2] Name or service not known
[WARN] [1785999299.289513]: Remote inference recovery probe failed; local inference continues and another probe will run in 5.0 s: [Errno -2] Name or service not known
[WARN] [1785999304.347968]: Remote inference recovery probe failed; local inference continues and another probe will run in 5.0 s: [Errno -2] Name or service not known
[WARN] [1785999309.418845]: Remote inference recovery probe failed; local inference continues and another probe will run in 5.0 s: [Errno -2] Name or service not known
[INFO] [1785998645.529337]: RGB-D vision status: model_ready:onnxruntime targets:1 depth:1 tf:1 semantic_masks:2
[INFO] [1785998689.310240]: RGB-D vision status: model_ready:onnxruntime targets:1 depth:1 tf:1 semantic_masks:2
[INFO] [1785998720.041885]: RGB-D vision status: model_ready:onnxruntime targets:0 depth:0 tf:0 semantic_masks:2
[INFO] [1785998771.092788]: RGB-D vision status: model_ready:onnxruntime targets:1 depth:1 tf:1 semantic_masks:2
[INFO] [1785998798.036736]: RGB-D vision status: model_ready:onnxruntime targets:1 depth:1 tf:1 semantic_masks:2
[INFO] [1785998817.843786]: RGB-D vision status: model_ready:onnxruntime targets:1 depth:1 tf:1 semantic_masks:2
[INFO] [1785998831.920062]: RGB-D vision status: model_ready:onnxruntime targets:1 depth:1 tf:1 semantic_masks:2
[INFO] [1785998840.967163]: RGB-D vision status: model_ready:onnxruntime targets:1 depth:1 tf:1 semantic_masks:2
[INFO] [1785998865.021867]: RGB-D vision status: model_ready:onnxruntime targets:1 depth:1 tf:1 semantic_masks:2
[INFO] [1785998887.730302]: RGB-D vision status: model_ready:onnxruntime targets:1 depth:1 tf:1 semantic_masks:2
[INFO] [1785998903.471801]: RGB-D vision status: model_ready:onnxruntime targets:1 depth:1 tf:1 semantic_masks:2
[INFO] [1785998915.622530]: RGB-D vision status: model_ready:onnxruntime targets:1 depth:1 tf:1 semantic_masks:2
[INFO] [1785998932.995713]: RGB-D vision status: model_ready:onnxruntime targets:1 depth:1 tf:1 semantic_masks:2
[INFO] [1785998941.504503]: RGB-D vision status: model_ready:onnxruntime targets:0 depth:0 tf:0 semantic_masks:2
[INFO] [1785998980.340452]: RGB-D vision status: model_ready:onnxruntime targets:0 depth:0 tf:0 semantic_masks:2
[INFO] [1785998994.132880]: RGB-D vision status: model_ready:onnxruntime targets:1 depth:1 tf:1 semantic_masks:2
[INFO] [1785999001.334396]: RGB-D vision status: model_ready:onnxruntime targets:1 depth:1 tf:1 semantic_masks:2
[INFO] [1785999006.433040]: RGB-D vision status: model_ready:onnxruntime targets:1 depth:1 tf:1 semantic_masks:2
[INFO] [1785999022.181492]: RGB-D vision status: model_ready:onnxruntime targets:1 depth:1 tf:1 semantic_masks:2
[INFO] [1785999029.772254]: RGB-D vision status: model_ready:onnxruntime targets:1 depth:1 tf:1 semantic_masks:2
[INFO] [1785999050.931433]: RGB-D vision status: model_ready:onnxruntime targets:1 depth:1 tf:1 semantic_masks:2
[INFO] [1785999103.248978]: RGB-D vision status: model_ready:onnxruntime targets:1 depth:1 tf:1 semantic_masks:2
[INFO] [1785999128.135666]: RGB-D vision status: model_ready:onnxruntime targets:1 depth:1 tf:1 semantic_masks:2
[INFO] [1785999140.600475]: RGB-D vision status: model_ready:onnxruntime targets:1 depth:1 tf:1 semantic_masks:2
[INFO] [1785999146.862050]: RGB-D vision status: model_ready:onnxruntime targets:1 depth:1 tf:1 semantic_masks:2
[INFO] [1785999156.556631]: RGB-D vision status: model_ready:onnxruntime targets:1 depth:1 tf:1 semantic_masks:2
[INFO] [1785999184.586885]: RGB-D vision status: model_ready:onnxruntime targets:1 depth:1 tf:1 semantic_masks:2
[INFO] [1785999195.529955]: RGB-D vision status: model_ready:onnxruntime targets:1 depth:1 tf:1 semantic_masks:2
[INFO] [1785999202.940871]: RGB-D vision status: model_ready:onnxruntime targets:1 depth:1 tf:1 semantic_masks:2
[INFO] [1785999225.519322]: RGB-D vision status: model_ready:onnxruntime targets:1 depth:1 tf:1 semantic_masks:2
[INFO] [1785999233.231262]: RGB-D vision status: model_ready:onnxruntime targets:1 depth:1 tf:1 semantic_masks:2
[INFO] [1785999251.296618]: RGB-D vision status: model_ready:onnxruntime targets:1 depth:1 tf:1 semantic_masks:2
[INFO] [1785999259.260754]: RGB-D vision status: model_ready:onnxruntime targets:1 depth:1 tf:1 semantic_masks:2
[INFO] [1785999266.591354]: RGB-D vision status: model_ready:onnxruntime targets:1 depth:1 tf:1 semantic_masks:2
[INFO] [1785999277.859787]: RGB-D vision status: model_ready:onnxruntime targets:0 depth:0 tf:0 semantic_masks:1
[INFO] [1785999283.631669]: RGB-D vision status: model_ready:onnxruntime targets:1 depth:1 tf:1 semantic_masks:2
[INFO] [1785999288.666542]: RGB-D vision status: model_ready:onnxruntime targets:0 depth:0 tf:0 semantic_masks:1
[INFO] [1785999295.536919]: RGB-D vision status: model_ready:onnxruntime targets:1 depth:1 tf:1 semantic_masks:2
[INFO] [1785999301.034229]: RGB-D vision status: model_ready:onnxruntime targets:1 depth:1 tf:1 semantic_masks:2
[INFO] [1785999306.518211]: RGB-D vision status: model_ready:onnxruntime targets:1 depth:1 tf:1 semantic_masks:2
[INFO] [1785999312.232674]: RGB-D vision status: model_ready:onnxruntime targets:1 depth:1 tf:1 semantic_masks:2
[INFO] [1785999317.307740]: RGB-D vision status: model_ready:onnxruntime targets:1 depth:1 tf:1 semantic_masks:2
[INFO] [1785999323.096472]: RGB-D vision status: model_ready:onnxruntime targets:1 depth:1 tf:1 semantic_masks:2
[INFO] [1785999328.716764]: RGB-D vision status: model_ready:onnxruntime targets:1 depth:1 tf:1 semantic_masks:2
[INFO] [1785999335.255792]: RGB-D vision status: model_ready:onnxruntime targets:1 depth:1 tf:1 semantic_masks:2
[INFO] [1785999341.213173]: RGB-D vision status: model_ready:onnxruntime targets:1 depth:1 tf:1 semantic_masks:2
[INFO] [1785999346.272042]: RGB-D vision status: model_ready:onnxruntime targets:1 depth:1 tf:1 semantic_masks:2
[INFO] [1785999352.737635]: RGB-D vision status: model_ready:onnxruntime targets:1 depth:1 tf:1 semantic_masks:2
[INFO] [1785999357.862459]: RGB-D vision status: model_ready:onnxruntime targets:1 depth:1 tf:1 semantic_masks:2
[INFO] [1785999363.090100]: RGB-D vision status: model_ready:onnxruntime targets:0 depth:0 tf:0 semantic_masks:1
[INFO] [1785999368.298263]: RGB-D vision status: model_ready:onnxruntime targets:1 depth:1 tf:1 semantic_masks:2
[INFO] [1785999374.838761]: RGB-D vision status: model_ready:onnxruntime targets:1 depth:1 tf:1 semantic_masks:2
[INFO] [1785999383.715005]: RGB-D vision status: model_ready:onnxruntime targets:1 depth:1 tf:1 semantic_masks:2
[INFO] [1785999388.793902]: RGB-D vision status: model_ready:onnxruntime targets:0 depth:0 tf:0 semantic_masks:1
[INFO] [1785999394.646966]: RGB-D vision status: model_ready:onnxruntime targets:1 depth:1 tf:1 semantic_masks:2
[INFO] [1785999400.131463]: RGB-D vision status: model_ready:onnxruntime targets:1 depth:1 tf:1 semantic_masks:2
[INFO] [1785999405.858122]: RGB-D vision status: model_ready:onnxruntime targets:1 depth:1 tf:1 semantic_masks:2
[INFO] [1785999411.055084]: RGB-D vision status: model_ready:onnxruntime targets:1 depth:1 tf:1 semantic_masks:2
[INFO] [1785999417.274117]: RGB-D vision status: model_ready:onnxruntime targets:1 depth:1 tf:1 semantic_masks:2
[INFO] [1785999422.359380]: RGB-D vision status: model_ready:onnxruntime targets:1 depth:1 tf:1 semantic_masks:2
[INFO] [1785999429.018143]: RGB-D vision status: model_ready:onnxruntime targets:1 depth:1 tf:1 semantic_masks:2
[INFO] [1785999434.495122]: RGB-D vision status: model_ready:onnxruntime targets:1 depth:1 tf:1 semantic_masks:2
[INFO] [1785999440.022192]: RGB-D vision status: model_ready:onnxruntime targets:1 depth:1 tf:1 semantic_masks:2
[INFO] [1785999446.983174]: RGB-D vision status: model_ready:onnxruntime targets:1 depth:1 tf:1 semantic_masks:2
[INFO] [1785999452.229388]: RGB-D vision status: model_ready:onnxruntime targets:1 depth:1 tf:1 semantic_masks:2
[INFO] [1785999460.123445]: RGB-D vision status: model_ready:onnxruntime targets:1 depth:1 tf:1 semantic_masks:2
[INFO] [1785999465.464189]: RGB-D vision status: model_ready:onnxruntime targets:1 depth:1 tf:1 semantic_masks:2
[INFO] [1785999470.597072]: RGB-D vision status: model_ready:onnxruntime targets:1 depth:1 tf:1 semantic_masks:2
[INFO] [1785999475.666431]: RGB-D vision status: model_ready:onnxruntime targets:0 depth:0 tf:0 semantic_masks:1
[INFO] [1785999484.543442]: RGB-D vision status: model_ready:onnxruntime targets:1 depth:1 tf:1 semantic_masks:2
[INFO] [1785999491.733033]: RGB-D vision status: model_ready:onnxruntime targets:1 depth:1 tf:1 semantic_masks:2
[INFO] [1785999498.425098]: RGB-D vision status: model_ready:onnxruntime targets:1 depth:1 tf:1 semantic_masks:2
[WARN] [1785999314.531248]: Remote inference recovery probe failed; local inference continues and another probe will run in 5.0 s: [Errno -2] Name or service not known
[WARN] [1785999320.441316]: Remote inference recovery probe failed; local inference continues and another probe will run in 5.0 s: [Errno -2] Name or service not known
[WARN] [1785999325.523049]: Remote inference recovery probe failed; local inference continues and another probe will run in 5.0 s: [Errno -2] Name or service not known
[WARN] [1785999330.604882]: Remote inference recovery probe failed; local inference continues and another probe will run in 5.0 s: [Errno -2] Name or service not known
[WARN] [1785999335.727914]: Remote inference recovery probe failed; local inference continues and another probe will run in 5.0 s: [Errno -2] Name or service not known
[WARN] [1785999340.814008]: Remote inference recovery probe failed; local inference continues and another probe will run in 5.0 s: [Errno -2] Name or service not known
[WARN] [1785999345.998330]: Remote inference recovery probe failed; local inference continues and another probe will run in 5.0 s: [Errno -2] Name or service not known
[WARN] [1785999351.079542]: Remote inference recovery probe failed; local inference continues and another probe will run in 5.0 s: [Errno -2] Name or service not known
[WARN] [1785999356.260507]: Remote inference recovery probe failed; local inference continues and another probe will run in 5.0 s: [Errno -2] Name or service not known
[WARN] [1785999361.360831]: Remote inference recovery probe failed; local inference continues and another probe will run in 5.0 s: [Errno -2] Name or service not known
[WARN] [1785999366.573705]: Remote inference recovery probe failed; local inference continues and another probe will run in 5.0 s: [Errno -2] Name or service not known
[WARN] [1785999371.746224]: Remote inference recovery probe failed; local inference continues and another probe will run in 5.0 s: [Errno -2] Name or service not known
[WARN] [1785999376.909329]: Remote inference recovery probe failed; local inference continues and another probe will run in 5.0 s: [Errno -2] Name or service not known
[WARN] [1785999382.087440]: Remote inference recovery probe failed; local inference continues and another probe will run in 5.0 s: [Errno -2] Name or service not known
[WARN] [1785999387.169206]: Remote inference recovery probe failed; local inference continues and another probe will run in 5.0 s: [Errno -2] Name or service not known
[WARN] [1785999392.240645]: Remote inference recovery probe failed; local inference continues and another probe will run in 5.0 s: [Errno -2] Name or service not known
[WARN] [1785999397.329583]: Remote inference recovery probe failed; local inference continues and another probe will run in 5.0 s: [Errno -2] Name or service not known
[WARN] [1785999402.527257]: Remote inference recovery probe failed; local inference continues and another probe will run in 5.0 s: [Errno -2] Name or service not known
[WARN] [1785999407.615768]: Remote inference recovery probe failed; local inference continues and another probe will run in 5.0 s: [Errno -2] Name or service not known
[WARN] [1785999412.796167]: Remote inference recovery probe failed; local inference continues and another probe will run in 5.0 s: [Errno -2] Name or service not known
[WARN] [1785999417.926617]: Remote inference recovery probe failed; local inference continues and another probe will run in 5.0 s: [Errno -2] Name or service not known
[WARN] [1785999423.015847]: Remote inference recovery probe failed; local inference continues and another probe will run in 5.0 s: [Errno -2] Name or service not known
[WARN] [1785999428.195141]: Remote inference recovery probe failed; local inference continues and another probe will run in 5.0 s: [Errno -2] Name or service not known
[WARN] [1785999433.282562]: Remote inference recovery probe failed; local inference continues and another probe will run in 5.0 s: [Errno -2] Name or service not known
[WARN] [1785999438.426114]: Remote inference recovery probe failed; local inference continues and another probe will run in 5.0 s: [Errno -2] Name or service not known
[WARN] [1785999443.490788]: Remote inference recovery probe failed; local inference continues and another probe will run in 5.0 s: [Errno -2] Name or service not known
[WARN] [1785999448.570143]: Remote inference recovery probe failed; local inference continues and another probe will run in 5.0 s: [Errno -2] Name or service not known
[WARN] [1785999453.680218]: Remote inference recovery probe failed; local inference continues and another probe will run in 5.0 s: [Errno -2] Name or service not known
[WARN] [1785999458.777967]: Remote inference recovery probe failed; local inference continues and another probe will run in 5.0 s: [Errno -2] Name or service not known
[WARN] [1785999463.834656]: Remote inference recovery probe failed; local inference continues and another probe will run in 5.0 s: [Errno -2] Name or service not known
[WARN] [1785999468.992311]: Remote inference recovery probe failed; local inference continues and another probe will run in 5.0 s: [Errno -2] Name or service not known
[WARN] [1785999474.189661]: Remote inference recovery probe failed; local inference continues and another probe will run in 5.0 s: [Errno -2] Name or service not known
[WARN] [1785999479.287548]: Remote inference recovery probe failed; local inference continues and another probe will run in 5.0 s: [Errno -2] Name or service not known
[WARN] [1785999484.403886]: Remote inference recovery probe failed; local inference continues and another probe will run in 5.0 s: [Errno -2] Name or service not known
[WARN] [1785999489.606760]: Remote inference recovery probe failed; local inference continues and another probe will run in 5.0 s: [Errno -2] Name or service not known
[WARN] [1785999494.685906]: Remote inference recovery probe failed; local inference continues and another probe will run in 5.0 s: [Errno -2] Name or service not known
[WARN] [1785999499.889763]: Remote inference recovery probe failed; local inference continues and another probe will run in 5.0 s: [Errno -2] Name or service not known
[WARN] [1785999505.080336]: Remote inference recovery probe failed; local inference continues and another probe will run in 5.0 s: [Errno -2] Name or service not known
[WARN] [1785999510.138692]: Remote inference recovery probe failed; local inference continues and another probe will run in 5.0 s: [Errno -2] Name or service not known
[WARN] [1785999515.273406]: Remote inference recovery probe failed; local inference continues and another probe will run in 5.0 s: [Errno -2] Name or service not known
[WARN] [1785999520.362417]: Remote inference recovery probe failed; local inference continues and another probe will run in 5.0 s: [Errno -2] Name or service not known
[WARN] [1785999525.566003]: Remote inference recovery probe failed; local inference continues and another probe will run in 5.0 s: [Errno -2] Name or service not known
[WARN] [1785999530.620464]: Remote inference recovery probe failed; local inference continues and another probe will run in 5.0 s: [Errno -2] Name or service not known
[WARN] [1785999535.779670]: Remote inference recovery probe failed; local inference continues and another probe will run in 5.0 s: [Errno -2] Name or service not known
[WARN] [1785999540.854259]: Remote inference recovery probe failed; local inference continues and another probe will run in 5.0 s: [Errno -2] Name or service not known
[WARN] [1785999545.940346]: Remote inference recovery probe failed; local inference continues and another probe will run in 5.0 s: [Errno -2] Name or service not known
[WARN] [1785999551.066024]: Remote inference recovery probe failed; local inference continues and another probe will run in 5.0 s: [Errno -2] Name or service not known
[WARN] [1785999556.275956]: Remote inference recovery probe failed; local inference continues and another probe will run in 5.0 s: [Errno -2] Name or service not known
[WARN] [1785999561.451359]: Remote inference recovery probe failed; local inference continues and another probe will run in 5.0 s: [Errno -2] Name or service not known
[WARN] [1785999566.519629]: Remote inference recovery probe failed; local inference continues and another probe will run in 5.0 s: [Errno -2] Name or service not known
[WARN] [1785999571.607055]: Remote inference recovery probe failed; local inference continues and another probe will run in 5.0 s: [Errno -2] Name or service not known
[WARN] [1785999576.740093]: Remote inference recovery probe failed; local inference continues and another probe will run in 5.0 s: [Errno -2] Name or service not known
[WARN] [1785999581.818837]: Remote inference recovery probe failed; local inference continues and another probe will run in 5.0 s: [Errno -2] Name or service not known
[WARN] [1785999586.874872]: Remote inference recovery probe failed; local inference continues and another probe will run in 5.0 s: [Errno -2] Name or service not known
[WARN] [1785999592.033807]: Remote inference recovery probe failed; local inference continues and another probe will run in 5.0 s: [Errno -2] Name or service not known
[WARN] [1785999597.162966]: Remote inference recovery probe failed; local inference continues and another probe will run in 5.0 s: [Errno -2] Name or service not known
[WARN] [1785999602.246624]: Remote inference recovery probe failed; local inference continues and another probe will run in 5.0 s: [Errno -2] Name or service not known
[WARN] [1785999607.376325]: Remote inference recovery probe failed; local inference continues and another probe will run in 5.0 s: [Errno -2] Name or service not known
[WARN] [1785999612.450707]: Remote inference recovery probe failed; local inference continues and another probe will run in 5.0 s: [Errno -2] Name or service not known
[WARN] [1785999617.519479]: Remote inference recovery probe failed; local inference continues and another probe will run in 5.0 s: [Errno -2] Name or service not known
[WARN] [1785999622.589329]: Remote inference recovery probe failed; local inference continues and another probe will run in 5.0 s: [Errno -2] Name or service not known
[WARN] [1785999628.454579]: Remote inference recovery probe failed; local inference continues and another probe will run in 5.0 s: [Errno -2] Name or service not known
[WARN] [1785999633.601118]: Remote inference recovery probe failed; local inference continues and another probe will run in 5.0 s: [Errno -2] Name or service not known
[WARN] [1785999638.669911]: Remote inference recovery probe failed; local inference continues and another probe will run in 5.0 s: [Errno -2] Name or service not known
[WARN] [1785999643.753196]: Remote inference recovery probe failed; local inference continues and another probe will run in 5.0 s: [Errno -2] Name or service not known
[WARN] [1785999648.899180]: Remote inference recovery probe failed; local inference continues and another probe will run in 5.0 s: [Errno -2] Name or service not known
[WARN] [1785999654.031657]: Remote inference recovery probe failed; local inference continues and another probe will run in 5.0 s: [Errno -2] Name or service not known
[WARN] [1785999659.175225]: Remote inference recovery probe failed; local inference continues and another probe will run in 5.0 s: [Errno -2] Name or service not known
[WARN] [1785999664.302037]: Remote inference recovery probe failed; local inference continues and another probe will run in 5.0 s: [Errno -2] Name or service not known
[WARN] [1785999669.496784]: Remote inference recovery probe failed; local inference continues and another probe will run in 5.0 s: [Errno -2] Name or service not known
[WARN] [1785999674.551402]: Remote inference recovery probe failed; local inference continues and another probe will run in 5.0 s: [Errno -2] Name or service not known
[WARN] [1785999679.625053]: Remote inference recovery probe failed; local inference continues and another probe will run in 5.0 s: [Errno -2] Name or service not known
[WARN] [1785999684.719238]: Remote inference recovery probe failed; local inference continues and another probe will run in 5.0 s: [Errno -2] Name or service not known
[WARN] [1785999689.861027]: Remote inference recovery probe failed; local inference continues and another probe will run in 5.0 s: [Errno -2] Name or service not known
[WARN] [1785999695.046715]: Remote inference recovery probe failed; local inference continues and another probe will run in 5.0 s: [Errno -2] Name or service not known
[WARN] [1785999700.117425]: Remote inference recovery probe failed; local inference continues and another probe will run in 5.0 s: [Errno -2] Name or service not known
[WARN] [1785999705.204030]: Remote inference recovery probe failed; local inference continues and another probe will run in 5.0 s: [Errno -2] Name or service not known
[WARN] [1785999710.270353]: Remote inference recovery probe failed; local inference continues and another probe will run in 5.0 s: [Errno -2] Name or service not known
[WARN] [1785999715.416885]: Remote inference recovery probe failed; local inference continues and another probe will run in 5.0 s: [Errno -2] Name or service not known
[WARN] [1785999720.616765]: Remote inference recovery probe failed; local inference continues and another probe will run in 5.0 s: [Errno -2] Name or service not known
[WARN] [1785999725.820797]: Remote inference recovery probe failed; local inference continues and another probe will run in 5.0 s: [Errno -2] Name or service not known
[WARN] [1785999730.960915]: Remote inference recovery probe failed; local inference continues and another probe will run in 5.0 s: [Errno -2] Name or service not known
[WARN] [1785999736.137683]: Remote inference recovery probe failed; local inference continues and another probe will run in 5.0 s: [Errno -2] Name or service not known
[WARN] [1785999741.287853]: Remote inference recovery probe failed; local inference continues and another probe will run in 5.0 s: [Errno -2] Name or service not known
[WARN] [1785999746.361557]: Remote inference recovery probe failed; local inference continues and another probe will run in 5.0 s: [Errno -2] Name or service not known
[WARN] [1785999751.532916]: Remote inference recovery probe failed; local inference continues and another probe will run in 5.0 s: [Errno -2] Name or service not known
[WARN] [1785999756.649784]: Remote inference recovery probe failed; local inference continues and another probe will run in 5.0 s: [Errno -2] Name or service not known
[WARN] [1785999761.719115]: Remote inference recovery probe failed; local inference continues and another probe will run in 5.0 s: [Errno -2] Name or service not known
[WARN] [1785999766.794636]: Remote inference recovery probe failed; local inference continues and another probe will run in 5.0 s: [Errno -2] Name or service not known
[WARN] [1785999771.931122]: Remote inference recovery probe failed; local inference continues and another probe will run in 5.0 s: [Errno -2] Name or service not known
[WARN] [1785999777.077491]: Remote inference recovery probe failed; local inference continues and another probe will run in 5.0 s: [Errno -2] Name or service not known
[WARN] [1785999782.261454]: Remote inference recovery probe failed; local inference continues and another probe will run in 5.0 s: [Errno -2] Name or service not known
[WARN] [1785999787.348794]: Remote inference recovery probe failed; local inference continues and another probe will run in 5.0 s: [Errno -2] Name or service not known
[WARN] [1785999792.555288]: Remote inference recovery probe failed; local inference continues and another probe will run in 5.0 s: [Errno -2] Name or service not known
[WARN] [1785999797.689761]: Remote inference recovery probe failed; local inference continues and another probe will run in 5.0 s: [Errno -2] Name or service not known
[WARN] [1785999802.818474]: Remote inference recovery probe failed; local inference continues and another probe will run in 5.0 s: [Errno -2] Name or service not known
[INFO] [1785999503.873550]: RGB-D vision status: model_ready:onnxruntime targets:0 depth:0 tf:0 semantic_masks:1
[INFO] [1785999509.096095]: RGB-D vision status: model_ready:onnxruntime targets:1 depth:1 tf:1 semantic_masks:2
[INFO] [1785999514.509485]: RGB-D vision status: model_ready:onnxruntime targets:1 depth:1 tf:1 semantic_masks:2
[INFO] [1785999520.504830]: RGB-D vision status: model_ready:onnxruntime targets:1 depth:1 tf:1 semantic_masks:2
[INFO] [1785999525.907625]: RGB-D vision status: model_ready:onnxruntime targets:1 depth:1 tf:1 semantic_masks:2
[INFO] [1785999530.919991]: RGB-D vision status: model_ready:onnxruntime targets:1 depth:1 tf:1 semantic_masks:2
[INFO] [1785999537.254169]: RGB-D vision status: model_ready:onnxruntime targets:1 depth:1 tf:1 semantic_masks:2
[INFO] [1785999542.609480]: RGB-D vision status: model_ready:onnxruntime targets:1 depth:1 tf:1 semantic_masks:2
[INFO] [1785999547.871077]: RGB-D vision status: model_ready:onnxruntime targets:1 depth:1 tf:1 semantic_masks:2
[INFO] [1785999553.186488]: RGB-D vision status: model_ready:onnxruntime targets:1 depth:1 tf:1 semantic_masks:2
[INFO] [1785999558.273297]: RGB-D vision status: model_ready:onnxruntime targets:0 depth:0 tf:0 semantic_masks:1
[INFO] [1785999563.613508]: RGB-D vision status: model_ready:onnxruntime targets:1 depth:1 tf:1 semantic_masks:2
[INFO] [1785999569.507816]: RGB-D vision status: model_ready:onnxruntime targets:1 depth:1 tf:1 semantic_masks:2
[INFO] [1785999575.820061]: RGB-D vision status: model_ready:onnxruntime targets:1 depth:1 tf:1 semantic_masks:2
[INFO] [1785999581.290356]: RGB-D vision status: model_ready:onnxruntime targets:1 depth:1 tf:1 semantic_masks:2
[INFO] [1785999587.938122]: RGB-D vision status: model_ready:onnxruntime targets:1 depth:1 tf:1 semantic_masks:2
[INFO] [1785999593.570576]: RGB-D vision status: model_ready:onnxruntime targets:1 depth:1 tf:1 semantic_masks:2
[INFO] [1785999603.854709]: RGB-D vision status: model_ready:onnxruntime targets:1 depth:1 tf:1 semantic_masks:2
[INFO] [1785999609.387067]: RGB-D vision status: model_ready:onnxruntime targets:1 depth:1 tf:1 semantic_masks:2
[INFO] [1785999625.394249]: RGB-D vision status: model_ready:onnxruntime targets:1 depth:1 tf:1 semantic_masks:2
[INFO] [1785999630.923136]: RGB-D vision status: model_ready:onnxruntime targets:1 depth:1 tf:1 semantic_masks:2
[INFO] [1785999637.336191]: RGB-D vision status: model_ready:onnxruntime targets:1 depth:1 tf:1 semantic_masks:2
[INFO] [1785999644.807321]: RGB-D vision status: model_ready:onnxruntime targets:1 depth:1 tf:1 semantic_masks:2
[INFO] [1785999651.749281]: RGB-D vision status: model_ready:onnxruntime targets:1 depth:1 tf:1 semantic_masks:2
[INFO] [1785999660.743445]: RGB-D vision status: model_ready:onnxruntime targets:1 depth:1 tf:1 semantic_masks:2
[INFO] [1785999666.292697]: RGB-D vision status: model_ready:onnxruntime targets:1 depth:1 tf:1 semantic_masks:2
[INFO] [1785999671.909807]: RGB-D vision status: model_ready:onnxruntime targets:1 depth:1 tf:1 semantic_masks:2
[INFO] [1785999677.112548]: RGB-D vision status: model_ready:onnxruntime targets:1 depth:1 tf:1 semantic_masks:2
[INFO] [1785999686.237109]: RGB-D vision status: model_ready:onnxruntime targets:1 depth:1 tf:1 semantic_masks:2
[INFO] [1785999697.344060]: RGB-D vision status: model_ready:onnxruntime targets:1 depth:1 tf:1 semantic_masks:2
[INFO] [1785999702.948440]: RGB-D vision status: model_ready:onnxruntime targets:1 depth:1 tf:1 semantic_masks:2
[INFO] [1785999712.272324]: RGB-D vision status: model_ready:onnxruntime targets:1 depth:1 tf:1 semantic_masks:2
[INFO] [1785999717.556652]: RGB-D vision status: model_ready:onnxruntime targets:1 depth:1 tf:1 semantic_masks:2
[INFO] [1785999723.086972]: RGB-D vision status: model_ready:onnxruntime targets:1 depth:1 tf:1 semantic_masks:2
[INFO] [1785999730.699701]: RGB-D vision status: model_ready:onnxruntime targets:1 depth:1 tf:1 semantic_masks:2
[INFO] [1785999738.786776]: RGB-D vision status: model_ready:onnxruntime targets:1 depth:1 tf:1 semantic_masks:2
[INFO] [1785999743.955251]: RGB-D vision status: model_ready:onnxruntime targets:1 depth:1 tf:1 semantic_masks:2
[INFO] [1785999750.789035]: RGB-D vision status: model_ready:onnxruntime targets:1 depth:1 tf:1 semantic_masks:2
[INFO] [1785999756.138994]: RGB-D vision status: model_ready:onnxruntime targets:0 depth:0 tf:0 semantic_masks:1
[INFO] [1785999761.329541]: RGB-D vision status: model_ready:onnxruntime targets:0 depth:0 tf:0 semantic_masks:1
[INFO] [1785999766.396742]: RGB-D vision status: model_ready:onnxruntime targets:1 depth:1 tf:1 semantic_masks:2
[INFO] [1785999783.455957]: RGB-D vision status: model_ready:onnxruntime targets:1 depth:1 tf:1 semantic_masks:2
[INFO] [1785999788.535599]: RGB-D vision status: model_ready:onnxruntime targets:0 depth:0 tf:0 semantic_masks:1
[INFO] [1785999794.757779]: RGB-D vision status: model_ready:onnxruntime targets:1 depth:1 tf:1 semantic_masks:2
[INFO] [1785999800.231411]: RGB-D vision status: model_ready:onnxruntime targets:1 depth:1 tf:1 semantic_masks:2
[INFO] [1785999808.037009]: RGB-D vision status: model_ready:onnxruntime targets:1 depth:1 tf:1 semantic_masks:2
[INFO] [1785999813.080531]: RGB-D vision status: model_ready:onnxruntime targets:1 depth:1 tf:1 semantic_masks:2
[INFO] [1785999818.232243]: RGB-D vision status: model_ready:onnxruntime targets:0 depth:0 tf:0 semantic_masks:1
[INFO] [1785999823.350370]: RGB-D vision status: model_ready:onnxruntime targets:1 depth:1 tf:1 semantic_masks:2
[INFO] [1785999834.593909]: RGB-D vision status: model_ready:onnxruntime targets:1 depth:1 tf:1 semantic_masks:2
[INFO] [1785999839.791330]: RGB-D vision status: model_ready:onnxruntime targets:1 depth:1 tf:1 semantic_masks:2
[INFO] [1785999846.795918]: RGB-D vision status: model_ready:onnxruntime targets:1 depth:1 tf:1 semantic_masks:2
[INFO] [1785999856.796962]: RGB-D vision status: model_ready:onnxruntime targets:1 depth:1 tf:1 semantic_masks:2
[INFO] [1785999864.454312]: RGB-D vision status: model_ready:onnxruntime targets:1 depth:1 tf:1 semantic_masks:2
[INFO] [1785999876.049586]: RGB-D vision status: model_ready:onnxruntime targets:1 depth:1 tf:1 semantic_masks:2
[INFO] [1785999882.810973]: RGB-D vision status: model_ready:onnxruntime targets:1 depth:1 tf:1 semantic_masks:2
[INFO] [1785999888.974314]: RGB-D vision status: model_ready:onnxruntime targets:1 depth:1 tf:1 semantic_masks:2
[INFO] [1785999896.981642]: RGB-D vision status: model_ready:onnxruntime targets:1 depth:1 tf:1 semantic_masks:2
[INFO] [1785999904.782333]: RGB-D vision status: model_ready:onnxruntime targets:1 depth:1 tf:1 semantic_masks:2
[INFO] [1785999917.582657]: RGB-D vision status: model_ready:onnxruntime targets:1 depth:1 tf:1 semantic_masks:2
[INFO] [1785999924.368567]: RGB-D vision status: model_ready:onnxruntime targets:1 depth:1 tf:1 semantic_masks:2
[INFO] [1785999929.552252]: RGB-D vision status: model_ready:onnxruntime targets:1 depth:1 tf:1 semantic_masks:2
[INFO] [1785999939.254738]: RGB-D vision status: model_ready:onnxruntime targets:1 depth:1 tf:1 semantic_masks:2
[INFO] [1785999948.632370]: RGB-D vision status: model_ready:onnxruntime targets:1 depth:1 tf:1 semantic_masks:2
[INFO] [1785999964.169762]: RGB-D vision status: model_ready:onnxruntime targets:1 depth:1 tf:1 semantic_masks:2
[INFO] [1785999972.769692]: RGB-D vision status: model_ready:onnxruntime targets:1 depth:1 tf:1 semantic_masks:2
[INFO] [1785999986.063884]: RGB-D vision status: model_ready:onnxruntime targets:1 depth:1 tf:1 semantic_masks:2
[INFO] [1785999991.107504]: RGB-D vision status: model_ready:onnxruntime targets:1 depth:1 tf:1 semantic_masks:2
[INFO] [1786000014.398647]: RGB-D vision status: model_ready:onnxruntime targets:1 depth:1 tf:1 semantic_masks:2
[INFO] [1786000020.808124]: RGB-D vision status: model_ready:onnxruntime targets:1 depth:1 tf:1 semantic_masks:2
[INFO] [1786000028.628933]: RGB-D vision status: model_ready:onnxruntime targets:1 depth:1 tf:1 semantic_masks:2
[INFO] [1786000034.054248]: RGB-D vision status: model_ready:onnxruntime targets:1 depth:1 tf:1 semantic_masks:2
[WARN] [1785999807.879975]: Remote inference recovery probe failed; local inference continues and another probe will run in 5.0 s: [Errno -2] Name or service not known
[WARN] [1785999812.975191]: Remote inference recovery probe failed; local inference continues and another probe will run in 5.0 s: [Errno -2] Name or service not known
[WARN] [1785999818.110661]: Remote inference recovery probe failed; local inference continues and another probe will run in 5.0 s: [Errno -2] Name or service not known
[WARN] [1785999823.346433]: Remote inference recovery probe failed; local inference continues and another probe will run in 5.0 s: [Errno -2] Name or service not known
[WARN] [1785999828.448816]: Remote inference recovery probe failed; local inference continues and another probe will run in 5.0 s: [Errno -2] Name or service not known
[WARN] [1785999833.638338]: Remote inference recovery probe failed; local inference continues and another probe will run in 5.0 s: [Errno -2] Name or service not known
[WARN] [1785999838.743864]: Remote inference recovery probe failed; local inference continues and another probe will run in 5.0 s: [Errno -2] Name or service not known
[WARN] [1785999843.854721]: Remote inference recovery probe failed; local inference continues and another probe will run in 5.0 s: [Errno -2] Name or service not known
[WARN] [1785999848.990211]: Remote inference recovery probe failed; local inference continues and another probe will run in 5.0 s: [Errno -2] Name or service not known
[WARN] [1785999854.062595]: Remote inference recovery probe failed; local inference continues and another probe will run in 5.0 s: [Errno -2] Name or service not known
[WARN] [1785999859.190678]: Remote inference recovery probe failed; local inference continues and another probe will run in 5.0 s: [Errno -2] Name or service not known
[WARN] [1785999864.274604]: Remote inference recovery probe failed; local inference continues and another probe will run in 5.0 s: [Errno -2] Name or service not known
[WARN] [1785999869.356645]: Remote inference recovery probe failed; local inference continues and another probe will run in 5.0 s: [Errno -2] Name or service not known
[WARN] [1785999874.558267]: Remote inference recovery probe failed; local inference continues and another probe will run in 5.0 s: [Errno -2] Name or service not known
[WARN] [1785999879.609011]: Remote inference recovery probe failed; local inference continues and another probe will run in 5.0 s: [Errno -2] Name or service not known
[WARN] [1785999884.671556]: Remote inference recovery probe failed; local inference continues and another probe will run in 5.0 s: [Errno -2] Name or service not known
[WARN] [1785999889.777045]: Remote inference recovery probe failed; local inference continues and another probe will run in 5.0 s: [Errno -2] Name or service not known
[WARN] [1785999894.984995]: Remote inference recovery probe failed; local inference continues and another probe will run in 5.0 s: [Errno -2] Name or service not known
[WARN] [1785999900.118073]: Remote inference recovery probe failed; local inference continues and another probe will run in 5.0 s: [Errno -2] Name or service not known
[WARN] [1785999905.294774]: Remote inference recovery probe failed; local inference continues and another probe will run in 5.0 s: [Errno -2] Name or service not known
[WARN] [1785999910.459764]: Remote inference recovery probe failed; local inference continues and another probe will run in 5.0 s: [Errno -2] Name or service not known
[WARN] [1785999915.630070]: Remote inference recovery probe failed; local inference continues and another probe will run in 5.0 s: [Errno -2] Name or service not known
[WARN] [1785999920.725840]: Remote inference recovery probe failed; local inference continues and another probe will run in 5.0 s: [Errno -2] Name or service not known
[WARN] [1785999925.864032]: Remote inference recovery probe failed; local inference continues and another probe will run in 5.0 s: [Errno -2] Name or service not known
[WARN] [1785999931.010376]: Remote inference recovery probe failed; local inference continues and another probe will run in 5.0 s: [Errno -2] Name or service not known
[WARN] [1785999936.212733]: Remote inference recovery probe failed; local inference continues and another probe will run in 5.0 s: [Errno -2] Name or service not known
[WARN] [1785999941.401350]: Remote inference recovery probe failed; local inference continues and another probe will run in 5.0 s: [Errno -2] Name or service not known
[WARN] [1785999946.465432]: Remote inference recovery probe failed; local inference continues and another probe will run in 5.0 s: [Errno -2] Name or service not known
[WARN] [1785999951.541387]: Remote inference recovery probe failed; local inference continues and another probe will run in 5.0 s: [Errno -2] Name or service not known
[WARN] [1785999956.621846]: Remote inference recovery probe failed; local inference continues and another probe will run in 5.0 s: [Errno -2] Name or service not known
[WARN] [1785999961.683438]: Remote inference recovery probe failed; local inference continues and another probe will run in 5.0 s: [Errno -2] Name or service not known
[WARN] [1785999966.822619]: Remote inference recovery probe failed; local inference continues and another probe will run in 5.0 s: [Errno -2] Name or service not known
[WARN] [1785999971.958943]: Remote inference recovery probe failed; local inference continues and another probe will run in 5.0 s: [Errno -2] Name or service not known
[WARN] [1785999977.158060]: Remote inference recovery probe failed; local inference continues and another probe will run in 5.0 s: [Errno -2] Name or service not known
[WARN] [1785999982.330159]: Remote inference recovery probe failed; local inference continues and another probe will run in 5.0 s: [Errno -2] Name or service not known
[WARN] [1785999987.534122]: Remote inference recovery probe failed; local inference continues and another probe will run in 5.0 s: [Errno -2] Name or service not known
[WARN] [1785999992.717692]: Remote inference recovery probe failed; local inference continues and another probe will run in 5.0 s: [Errno -2] Name or service not known
[WARN] [1785999997.793164]: Remote inference recovery probe failed; local inference continues and another probe will run in 5.0 s: [Errno -2] Name or service not known
[WARN] [1786000002.864138]: Remote inference recovery probe failed; local inference continues and another probe will run in 5.0 s: [Errno -2] Name or service not known
[WARN] [1786000007.944469]: Remote inference recovery probe failed; local inference continues and another probe will run in 5.0 s: [Errno -2] Name or service not known
[WARN] [1786000013.065012]: Remote inference recovery probe failed; local inference continues and another probe will run in 5.0 s: [Errno -2] Name or service not known
[WARN] [1786000018.142536]: Remote inference recovery probe failed; local inference continues and another probe will run in 5.0 s: [Errno -2] Name or service not known
[WARN] [1786000023.205345]: Remote inference recovery probe failed; local inference continues and another probe will run in 5.0 s: [Errno -2] Name or service not known
[WARN] [1786000028.351219]: Remote inference recovery probe failed; local inference continues and another probe will run in 5.0 s: [Errno -2] Name or service not known
[WARN] [1786000033.530438]: Remote inference recovery probe failed; local inference continues and another probe will run in 5.0 s: [Errno -2] Name or service not known
[WARN] [1786000038.697561]: Remote inference recovery probe failed; local inference continues and another probe will run in 5.0 s: [Errno -2] Name or service not known
[WARN] [1786000043.764642]: Remote inference recovery probe failed; local inference continues and another probe will run in 5.0 s: [Errno -2] Name or service not known
[WARN] [1786000048.908243]: Remote inference recovery probe failed; local inference continues and another probe will run in 5.0 s: [Errno -2] Name or service not known
[WARN] [1786000053.980319]: Remote inference recovery probe failed; local inference continues and another probe will run in 5.0 s: [Errno -2] Name or service not known
[WARN] [1786000059.162044]: Remote inference recovery probe failed; local inference continues and another probe will run in 5.0 s: [Errno -2] Name or service not known
[WARN] [1786000064.322673]: Remote inference recovery probe failed; local inference continues and another probe will run in 5.0 s: [Errno -2] Name or service not known
[WARN] [1786000069.529295]: Remote inference recovery probe failed; local inference continues and another probe will run in 5.0 s: [Errno -2] Name or service not known
[WARN] [1786000074.752762]: Remote inference recovery probe failed; local inference continues and another probe will run in 5.0 s: [Errno -2] Name or service not known
[WARN] [1786000079.925292]: Remote inference recovery probe failed; local inference continues and another probe will run in 5.0 s: [Errno -2] Name or service not known
[WARN] [1786000085.091873]: Remote inference recovery probe failed; local inference continues and another probe will run in 5.0 s: [Errno -2] Name or service not known
[WARN] [1786000090.272460]: Remote inference recovery probe failed; local inference continues and another probe will run in 5.0 s: [Errno -2] Name or service not known
[WARN] [1786000095.360436]: Remote inference recovery probe failed; local inference continues and another probe will run in 5.0 s: [Errno -2] Name or service not known
[WARN] [1786000100.474830]: Remote inference recovery probe failed; local inference continues and another probe will run in 5.0 s: [Errno -2] Name or service not known
[WARN] [1786000105.594525]: Remote inference recovery probe failed; local inference continues and another probe will run in 5.0 s: [Errno -2] Name or service not known
[WARN] [1786000110.699574]: Remote inference recovery probe failed; local inference continues and another probe will run in 5.0 s: [Errno -2] Name or service not known
[WARN] [1786000115.886399]: Remote inference recovery probe failed; local inference continues and another probe will run in 5.0 s: [Errno -2] Name or service not known
[WARN] [1786000120.956165]: Remote inference recovery probe failed; local inference continues and another probe will run in 5.0 s: [Errno -2] Name or service not known
[WARN] [1786000126.031869]: Remote inference recovery probe failed; local inference continues and another probe will run in 5.0 s: [Errno -2] Name or service not known
[WARN] [1786000131.173742]: Remote inference recovery probe failed; local inference continues and another probe will run in 5.0 s: [Errno -2] Name or service not known
[WARN] [1786000136.316495]: Remote inference recovery probe failed; local inference continues and another probe will run in 5.0 s: [Errno -2] Name or service not known
[WARN] [1786000141.458949]: Remote inference recovery probe failed; local inference continues and another probe will run in 5.0 s: [Errno -2] Name or service not known
[WARN] [1786000146.596016]: Remote inference recovery probe failed; local inference continues and another probe will run in 5.0 s: [Errno -2] Name or service not known
[WARN] [1786000151.787831]: Remote inference recovery probe failed; local inference continues and another probe will run in 5.0 s: [Errno -2] Name or service not known
[WARN] [1786000156.936971]: Remote inference recovery probe failed; local inference continues and another probe will run in 5.0 s: [Errno -2] Name or service not known
[WARN] [1786000162.145315]: Remote inference recovery probe failed; local inference continues and another probe will run in 5.0 s: [Errno -2] Name or service not known
[WARN] [1786000167.325034]: Remote inference recovery probe failed; local inference continues and another probe will run in 5.0 s: [Errno -2] Name or service not known
[WARN] [1786000172.452913]: Remote inference recovery probe failed; local inference continues and another probe will run in 5.0 s: [Errno -2] Name or service not known
[WARN] [1786000177.670637]: Remote inference recovery probe failed; local inference continues and another probe will run in 5.0 s: [Errno -2] Name or service not known
[WARN] [1786000182.862803]: Remote inference recovery probe failed; local inference continues and another probe will run in 5.0 s: [Errno -2] Name or service not known
[WARN] [1786000188.049957]: Remote inference recovery probe failed; local inference continues and another probe will run in 5.0 s: [Errno -2] Name or service not known
[WARN] [1786000193.260515]: Remote inference recovery probe failed; local inference continues and another probe will run in 5.0 s: [Errno -2] Name or service not known
[WARN] [1786000198.498684]: Remote inference recovery probe failed; local inference continues and another probe will run in 5.0 s: [Errno -2] Name or service not known
[WARN] [1786000203.639234]: Remote inference recovery probe failed; local inference continues and another probe will run in 5.0 s: [Errno -2] Name or service not known
[WARN] [1786000208.716294]: Remote inference recovery probe failed; local inference continues and another probe will run in 5.0 s: [Errno -2] Name or service not known
[WARN] [1786000213.776901]: Remote inference recovery probe failed; local inference continues and another probe will run in 5.0 s: [Errno -2] Name or service not known
[WARN] [1786000218.851375]: Remote inference recovery probe failed; local inference continues and another probe will run in 5.0 s: [Errno -2] Name or service not known
[WARN] [1786000223.926271]: Remote inference recovery probe failed; local inference continues and another probe will run in 5.0 s: [Errno -2] Name or service not known
[WARN] [1786000229.023675]: Remote inference recovery probe failed; local inference continues and another probe will run in 5.0 s: [Errno -2] Name or service not known
[WARN] [1786000234.219540]: Remote inference recovery probe failed; local inference continues and another probe will run in 5.0 s: [Errno -2] Name or service not known
[WARN] [1786000239.390530]: Remote inference recovery probe failed; local inference continues and another probe will run in 5.0 s: [Errno -2] Name or service not known
[WARN] [1786000244.487915]: Remote inference recovery probe failed; local inference continues and another probe will run in 5.0 s: [Errno -2] Name or service not known
[WARN] [1786000249.560294]: Remote inference recovery probe failed; local inference continues and another probe will run in 5.0 s: [Errno -2] Name or service not known
[WARN] [1786000254.761277]: Remote inference recovery probe failed; local inference continues and another probe will run in 5.0 s: [Errno -2] Name or service not known
[WARN] [1786000259.956598]: Remote inference recovery probe failed; local inference continues and another probe will run in 5.0 s: [Errno -2] Name or service not known
[WARN] [1786000265.013636]: Remote inference recovery probe failed; local inference continues and another probe will run in 5.0 s: [Errno -2] Name or service not known
[WARN] [1786000270.106624]: Remote inference recovery probe failed; local inference continues and another probe will run in 5.0 s: [Errno -2] Name or service not known
[WARN] [1786000275.251114]: Remote inference recovery probe failed; local inference continues and another probe will run in 5.0 s: [Errno -2] Name or service not known
[WARN] [1786000280.431790]: Remote inference recovery probe failed; local inference continues and another probe will run in 5.0 s: [Errno -2] Name or service not known
[WARN] [1786000285.520636]: Remote inference recovery probe failed; local inference continues and another probe will run in 5.0 s: [Errno -2] Name or service not known
[WARN] [1786000290.652583]: Remote inference recovery probe failed; local inference continues and another probe will run in 5.0 s: [Errno -2] Name or service not known
[WARN] [1786000295.719122]: Remote inference recovery probe failed; local inference continues and another probe will run in 5.0 s: [Errno -2] Name or service not known
[INFO] [1786000039.361233]: RGB-D vision status: model_ready:onnxruntime targets:1 depth:1 tf:1 semantic_masks:2
[INFO] [1786000045.535345]: RGB-D vision status: model_ready:onnxruntime targets:1 depth:1 tf:1 semantic_masks:2
[INFO] [1786000051.845952]: RGB-D vision status: model_ready:onnxruntime targets:1 depth:1 tf:1 semantic_masks:2
[INFO] [1786000057.039309]: RGB-D vision status: model_ready:onnxruntime targets:1 depth:1 tf:1 semantic_masks:2
[INFO] [1786000062.374476]: RGB-D vision status: model_ready:onnxruntime targets:1 depth:1 tf:1 semantic_masks:2
[INFO] [1786000068.070564]: RGB-D vision status: model_ready:onnxruntime targets:0 depth:0 tf:0 semantic_masks:1
[INFO] [1786000074.340038]: RGB-D vision status: model_ready:onnxruntime targets:1 depth:1 tf:1 semantic_masks:2
[INFO] [1786000079.532728]: RGB-D vision status: model_ready:onnxruntime targets:1 depth:1 tf:1 semantic_masks:2
[INFO] [1786000084.613016]: RGB-D vision status: model_ready:onnxruntime targets:0 depth:0 tf:0 semantic_masks:1
[INFO] [1786000092.688626]: RGB-D vision status: model_ready:onnxruntime targets:1 depth:1 tf:1 semantic_masks:2
[INFO] [1786000097.876357]: RGB-D vision status: model_ready:onnxruntime targets:1 depth:1 tf:1 semantic_masks:2
[INFO] [1786000103.931116]: RGB-D vision status: model_ready:onnxruntime targets:1 depth:1 tf:1 semantic_masks:2
[INFO] [1786000108.959254]: RGB-D vision status: model_ready:onnxruntime targets:0 depth:0 tf:0 semantic_masks:1
[INFO] [1786000118.576953]: RGB-D vision status: model_ready:onnxruntime targets:1 depth:1 tf:1 semantic_masks:2
[INFO] [1786000124.031433]: RGB-D vision status: model_ready:onnxruntime targets:1 depth:1 tf:1 semantic_masks:2
[INFO] [1786000129.034235]: RGB-D vision status: model_ready:onnxruntime targets:1 depth:1 tf:1 semantic_masks:2
[INFO] [1786000140.830629]: RGB-D vision status: model_ready:onnxruntime targets:1 depth:1 tf:1 semantic_masks:2
[INFO] [1786000148.064241]: RGB-D vision status: model_ready:onnxruntime targets:1 depth:1 tf:1 semantic_masks:2
[INFO] [1786000154.806221]: RGB-D vision status: model_ready:onnxruntime targets:1 depth:1 tf:1 semantic_masks:2
[INFO] [1786000162.430701]: RGB-D vision status: model_ready:onnxruntime targets:1 depth:1 tf:1 semantic_masks:2
[INFO] [1786000170.024979]: RGB-D vision status: model_ready:onnxruntime targets:1 depth:1 tf:1 semantic_masks:2
[INFO] [1786000192.572321]: RGB-D vision status: model_ready:onnxruntime targets:1 depth:1 tf:1 semantic_masks:2
[INFO] [1786000198.310657]: RGB-D vision status: model_ready:onnxruntime targets:1 depth:1 tf:1 semantic_masks:2
[INFO] [1786000204.447798]: RGB-D vision status: model_ready:onnxruntime targets:1 depth:1 tf:1 semantic_masks:2
[INFO] [1786000211.243494]: RGB-D vision status: model_ready:onnxruntime targets:1 depth:1 tf:1 semantic_masks:2
[INFO] [1786000217.791649]: RGB-D vision status: model_ready:onnxruntime targets:1 depth:1 tf:1 semantic_masks:2
[INFO] [1786000225.703772]: RGB-D vision status: model_ready:onnxruntime targets:1 depth:1 tf:1 semantic_masks:2
[INFO] [1786000236.891707]: RGB-D vision status: model_ready:onnxruntime targets:1 depth:1 tf:1 semantic_masks:2
[INFO] [1786000242.078826]: RGB-D vision status: model_ready:onnxruntime targets:1 depth:1 tf:1 semantic_masks:2
[INFO] [1786000247.159601]: RGB-D vision status: model_ready:onnxruntime targets:0 depth:0 tf:0 semantic_masks:1
[INFO] [1786000252.365262]: RGB-D vision status: model_ready:onnxruntime targets:1 depth:1 tf:1 semantic_masks:2
[INFO] [1786000257.546453]: RGB-D vision status: model_ready:onnxruntime targets:0 depth:0 tf:0 semantic_masks:1
[INFO] [1786000262.615218]: RGB-D vision status: model_ready:onnxruntime targets:0 depth:0 tf:0 semantic_masks:1
[INFO] [1786000267.834661]: RGB-D vision status: model_ready:onnxruntime targets:0 depth:0 tf:0 semantic_masks:1
[INFO] [1786000273.553305]: RGB-D vision status: model_ready:onnxruntime targets:1 depth:1 tf:1 semantic_masks:2
[INFO] [1786000279.919355]: RGB-D vision status: model_ready:onnxruntime targets:1 depth:1 tf:1 semantic_masks:2
[INFO] [1786000285.523856]: RGB-D vision status: model_ready:onnxruntime targets:1 depth:1 tf:1 semantic_masks:2
[INFO] [1786000291.485949]: RGB-D vision status: model_ready:onnxruntime targets:1 depth:1 tf:1 semantic_masks:2
[INFO] [1786000296.658230]: RGB-D vision status: model_ready:onnxruntime targets:0 depth:0 tf:0 semantic_masks:1
[INFO] [1786000301.880568]: RGB-D vision status: model_ready:onnxruntime targets:1 depth:1 tf:1 semantic_masks:2
[INFO] [1786000306.939741]: RGB-D vision status: model_ready:onnxruntime targets:0 depth:0 tf:0 semantic_masks:1
[INFO] [1786000317.401648]: RGB-D vision status: model_ready:onnxruntime targets:1 depth:1 tf:1 semantic_masks:2
[INFO] [1786000324.954664]: RGB-D vision status: model_ready:onnxruntime targets:1 depth:1 tf:1 semantic_masks:2
[INFO] [1786000330.423925]: RGB-D vision status: model_ready:onnxruntime targets:1 depth:1 tf:1 semantic_masks:2
[INFO] [1786000335.693878]: RGB-D vision status: model_ready:onnxruntime targets:1 depth:1 tf:1 semantic_masks:2
[INFO] [1786000340.969474]: RGB-D vision status: model_ready:onnxruntime targets:1 depth:1 tf:1 semantic_masks:2
[INFO] [1786000346.165354]: RGB-D vision status: model_ready:onnxruntime targets:1 depth:1 tf:1 semantic_masks:2
[INFO] [1786000352.046404]: RGB-D vision status: model_ready:onnxruntime targets:0 depth:0 tf:0 semantic_masks:1
[INFO] [1786000357.644510]: RGB-D vision status: model_ready:onnxruntime targets:0 depth:0 tf:0 semantic_masks:1
[INFO] [1786000363.306637]: RGB-D vision status: model_ready:onnxruntime targets:1 depth:1 tf:1 semantic_masks:2
[INFO] [1786000368.335429]: RGB-D vision status: model_ready:onnxruntime targets:0 depth:0 tf:0 semantic_masks:1
[INFO] [1786000374.994647]: RGB-D vision status: model_ready:onnxruntime targets:1 depth:1 tf:1 semantic_masks:2
[INFO] [1786000380.467582]: RGB-D vision status: model_ready:onnxruntime targets:1 depth:1 tf:1 semantic_masks:2
[INFO] [1786000386.341600]: RGB-D vision status: model_ready:onnxruntime targets:1 depth:1 tf:1 semantic_masks:2
[INFO] [1786000391.716733]: RGB-D vision status: model_ready:onnxruntime targets:1 depth:1 tf:1 semantic_masks:2
[INFO] [1786000399.688249]: RGB-D vision status: model_ready:onnxruntime targets:1 depth:1 tf:1 semantic_masks:2
[INFO] [1786000405.370209]: RGB-D vision status: model_ready:onnxruntime targets:1 depth:1 tf:1 semantic_masks:2
[INFO] [1786000410.832333]: RGB-D vision status: model_ready:onnxruntime targets:1 depth:1 tf:1 semantic_masks:2
[INFO] [1786000417.120277]: RGB-D vision status: model_ready:onnxruntime targets:1 depth:1 tf:1 semantic_masks:2
[INFO] [1786000422.180934]: RGB-D vision status: model_ready:onnxruntime targets:1 depth:1 tf:1 semantic_masks:2
[INFO] [1786000440.920697]: RGB-D vision status: model_ready:onnxruntime targets:1 depth:1 tf:1 semantic_masks:2
[INFO] [1786000446.650119]: RGB-D vision status: model_ready:onnxruntime targets:1 depth:1 tf:1 semantic_masks:2
[INFO] [1786000451.694259]: RGB-D vision status: model_ready:onnxruntime targets:1 depth:1 tf:1 semantic_masks:2
[INFO] [1786000457.586693]: RGB-D vision status: model_ready:onnxruntime targets:1 depth:1 tf:1 semantic_masks:2
[INFO] [1786000471.090051]: RGB-D vision status: model_ready:onnxruntime targets:1 depth:1 tf:1 semantic_masks:2
[INFO] [1786000477.886910]: RGB-D vision status: model_ready:onnxruntime targets:1 depth:1 tf:1 semantic_masks:2
[INFO] [1786000483.359288]: RGB-D vision status: model_ready:onnxruntime targets:1 depth:1 tf:1 semantic_masks:2
[INFO] [1786000488.838564]: RGB-D vision status: model_ready:onnxruntime targets:1 depth:1 tf:1 semantic_masks:2
[INFO] [1786000493.957634]: RGB-D vision status: model_ready:onnxruntime targets:0 depth:0 tf:0 semantic_masks:1
[INFO] [1786000500.102409]: RGB-D vision status: model_ready:onnxruntime targets:1 depth:1 tf:1 semantic_masks:2
[INFO] [1786000509.433559]: RGB-D vision status: model_ready:onnxruntime targets:1 depth:1 tf:1 semantic_masks:2
[INFO] [1786000515.595200]: RGB-D vision status: model_ready:onnxruntime targets:1 depth:1 tf:1 semantic_masks:2
[WARN] [1786000300.812870]: Remote inference recovery probe failed; local inference continues and another probe will run in 5.0 s: [Errno -2] Name or service not known
[WARN] [1786000306.025175]: Remote inference recovery probe failed; local inference continues and another probe will run in 5.0 s: [Errno -2] Name or service not known
[WARN] [1786000311.243251]: Remote inference recovery probe failed; local inference continues and another probe will run in 5.0 s: [Errno -2] Name or service not known
[WARN] [1786000316.323108]: Remote inference recovery probe failed; local inference continues and another probe will run in 5.0 s: [Errno -2] Name or service not known
[WARN] [1786000321.411269]: Remote inference recovery probe failed; local inference continues and another probe will run in 5.0 s: [Errno -2] Name or service not known
[WARN] [1786000326.535333]: Remote inference recovery probe failed; local inference continues and another probe will run in 5.0 s: [Errno -2] Name or service not known
[WARN] [1786000331.678569]: Remote inference recovery probe failed; local inference continues and another probe will run in 5.0 s: [Errno -2] Name or service not known
[WARN] [1786000336.746290]: Remote inference recovery probe failed; local inference continues and another probe will run in 5.0 s: [Errno -2] Name or service not known
[WARN] [1786000341.887022]: Remote inference recovery probe failed; local inference continues and another probe will run in 5.0 s: [Errno -2] Name or service not known
[WARN] [1786000346.987457]: Remote inference recovery probe failed; local inference continues and another probe will run in 5.0 s: [Errno -2] Name or service not known
[WARN] [1786000352.174879]: Remote inference recovery probe failed; local inference continues and another probe will run in 5.0 s: [Errno -2] Name or service not known
[WARN] [1786000357.261847]: Remote inference recovery probe failed; local inference continues and another probe will run in 5.0 s: [Errno -2] Name or service not known
[WARN] [1786000362.441867]: Remote inference recovery probe failed; local inference continues and another probe will run in 5.0 s: [Errno -2] Name or service not known
[WARN] [1786000367.676113]: Remote inference recovery probe failed; local inference continues and another probe will run in 5.0 s: [Errno -2] Name or service not known
[WARN] [1786000372.868083]: Remote inference recovery probe failed; local inference continues and another probe will run in 5.0 s: [Errno -2] Name or service not known
[WARN] [1786000377.928728]: Remote inference recovery probe failed; local inference continues and another probe will run in 5.0 s: [Errno -2] Name or service not known
[WARN] [1786000382.977547]: Remote inference recovery probe failed; local inference continues and another probe will run in 5.0 s: [Errno -2] Name or service not known
[WARN] [1786000388.099670]: Remote inference recovery probe failed; local inference continues and another probe will run in 5.0 s: [Errno -2] Name or service not known
[WARN] [1786000393.197808]: Remote inference recovery probe failed; local inference continues and another probe will run in 5.0 s: [Errno -2] Name or service not known
[WARN] [1786000398.339855]: Remote inference recovery probe failed; local inference continues and another probe will run in 5.0 s: [Errno -2] Name or service not known
[WARN] [1786000403.415158]: Remote inference recovery probe failed; local inference continues and another probe will run in 5.0 s: [Errno -2] Name or service not known
[WARN] [1786000408.566886]: Remote inference recovery probe failed; local inference continues and another probe will run in 5.0 s: [Errno -2] Name or service not known
[WARN] [1786000413.814824]: Remote inference recovery probe failed; local inference continues and another probe will run in 5.0 s: [Errno -2] Name or service not known
[WARN] [1786000418.967665]: Remote inference recovery probe failed; local inference continues and another probe will run in 5.0 s: [Errno -2] Name or service not known
[WARN] [1786000424.169815]: Remote inference recovery probe failed; local inference continues and another probe will run in 5.0 s: [Errno -2] Name or service not known
[WARN] [1786000429.259161]: Remote inference recovery probe failed; local inference continues and another probe will run in 5.0 s: [Errno -2] Name or service not known
[WARN] [1786000434.438591]: Remote inference recovery probe failed; local inference continues and another probe will run in 5.0 s: [Errno -2] Name or service not known
[WARN] [1786000439.511030]: Remote inference recovery probe failed; local inference continues and another probe will run in 5.0 s: [Errno -2] Name or service not known
[WARN] [1786000444.650429]: Remote inference recovery probe failed; local inference continues and another probe will run in 5.0 s: [Errno -2] Name or service not known
[WARN] [1786000449.792686]: Remote inference recovery probe failed; local inference continues and another probe will run in 5.0 s: [Errno -2] Name or service not known
[WARN] [1786000454.914274]: Remote inference recovery probe failed; local inference continues and another probe will run in 5.0 s: [Errno -2] Name or service not known
[WARN] [1786000460.017906]: Remote inference recovery probe failed; local inference continues and another probe will run in 5.0 s: [Errno -2] Name or service not known
[WARN] [1786000465.237218]: Remote inference recovery probe failed; local inference continues and another probe will run in 5.0 s: [Errno -2] Name or service not known
[WARN] [1786000470.414574]: Remote inference recovery probe failed; local inference continues and another probe will run in 5.0 s: [Errno -2] Name or service not known
[WARN] [1786000475.617153]: Remote inference recovery probe failed; local inference continues and another probe will run in 5.0 s: [Errno -2] Name or service not known
[WARN] [1786000480.815508]: Remote inference recovery probe failed; local inference continues and another probe will run in 5.0 s: [Errno -2] Name or service not known
[WARN] [1786000485.881927]: Remote inference recovery probe failed; local inference continues and another probe will run in 5.0 s: [Errno -2] Name or service not known
[WARN] [1786000490.951236]: Remote inference recovery probe failed; local inference continues and another probe will run in 5.0 s: [Errno -2] Name or service not known
[WARN] [1786000496.082503]: Remote inference recovery probe failed; local inference continues and another probe will run in 5.0 s: [Errno -2] Name or service not known
[WARN] [1786000501.193441]: Remote inference recovery probe failed; local inference continues and another probe will run in 5.0 s: [Errno -2] Name or service not known
[WARN] [1786000506.357977]: Remote inference recovery probe failed; local inference continues and another probe will run in 5.0 s: [Errno -2] Name or service not known
[WARN] [1786000511.425344]: Remote inference recovery probe failed; local inference continues and another probe will run in 5.0 s: [Errno -2] Name or service not known
[WARN] [1786000516.528465]: Remote inference recovery probe failed; local inference continues and another probe will run in 5.0 s: [Errno -2] Name or service not known
[WARN] [1786000521.723289]: Remote inference recovery probe failed; local inference continues and another probe will run in 5.0 s: [Errno -2] Name or service not known
[WARN] [1786000526.820770]: Remote inference recovery probe failed; local inference continues and another probe will run in 5.0 s: [Errno -2] Name or service not known
[WARN] [1786000532.011478]: Remote inference recovery probe failed; local inference continues and another probe will run in 5.0 s: [Errno -2] Name or service not known
[WARN] [1786000537.213381]: Remote inference recovery probe failed; local inference continues and another probe will run in 5.0 s: [Errno -2] Name or service not known
[WARN] [1786000542.343923]: Remote inference recovery probe failed; local inference continues and another probe will run in 5.0 s: [Errno -2] Name or service not known
[WARN] [1786000547.487543]: Remote inference recovery probe failed; local inference continues and another probe will run in 5.0 s: [Errno -2] Name or service not known
[WARN] [1786000552.683386]: Remote inference recovery probe failed; local inference continues and another probe will run in 5.0 s: [Errno -2] Name or service not known
[WARN] [1786000557.795968]: Remote inference recovery probe failed; local inference continues and another probe will run in 5.0 s: [Errno -2] Name or service not known
[WARN] [1786000562.890275]: Remote inference recovery probe failed; local inference continues and another probe will run in 5.0 s: [Errno -2] Name or service not known
[WARN] [1786000567.955599]: Remote inference recovery probe failed; local inference continues and another probe will run in 5.0 s: [Errno -2] Name or service not known
[WARN] [1786000573.067032]: Remote inference recovery probe failed; local inference continues and another probe will run in 5.0 s: [Errno -2] Name or service not known
[WARN] [1786000578.297368]: Remote inference recovery probe failed; local inference continues and another probe will run in 5.0 s: [Errno -2] Name or service not known
[WARN] [1786000583.448211]: Remote inference recovery probe failed; local inference continues and another probe will run in 5.0 s: [Errno -2] Name or service not known
[WARN] [1786000588.648732]: Remote inference recovery probe failed; local inference continues and another probe will run in 5.0 s: [Errno -2] Name or service not known
[WARN] [1786000593.766725]: Remote inference recovery probe failed; local inference continues and another probe will run in 5.0 s: [Errno -2] Name or service not known
[WARN] [1786000598.846366]: Remote inference recovery probe failed; local inference continues and another probe will run in 5.0 s: [Errno -2] Name or service not known
[WARN] [1786000603.928839]: Remote inference recovery probe failed; local inference continues and another probe will run in 5.0 s: [Errno -2] Name or service not known
[WARN] [1786000608.999601]: Remote inference recovery probe failed; local inference continues and another probe will run in 5.0 s: [Errno -2] Name or service not known
[WARN] [1786000614.188795]: Remote inference recovery probe failed; local inference continues and another probe will run in 5.0 s: [Errno -2] Name or service not known
[WARN] [1786000619.280477]: Remote inference recovery probe failed; local inference continues and another probe will run in 5.0 s: [Errno -2] Name or service not known
[WARN] [1786000624.352727]: Remote inference recovery probe failed; local inference continues and another probe will run in 5.0 s: [Errno -2] Name or service not known
[WARN] [1786000629.489007]: Remote inference recovery probe failed; local inference continues and another probe will run in 5.0 s: [Errno -2] Name or service not known
[WARN] [1786000634.694144]: Remote inference recovery probe failed; local inference continues and another probe will run in 5.0 s: [Errno -2] Name or service not known
[WARN] [1786000639.830377]: Remote inference recovery probe failed; local inference continues and another probe will run in 5.0 s: [Errno -2] Name or service not known
[WARN] [1786000645.035062]: Remote inference recovery probe failed; local inference continues and another probe will run in 5.0 s: [Errno -2] Name or service not known
[WARN] [1786000650.172003]: Remote inference recovery probe failed; local inference continues and another probe will run in 5.0 s: [Errno -2] Name or service not known
[WARN] [1786000655.246420]: Remote inference recovery probe failed; local inference continues and another probe will run in 5.0 s: [Errno -2] Name or service not known
[WARN] [1786000660.358003]: Remote inference recovery probe failed; local inference continues and another probe will run in 5.0 s: [Errno -2] Name or service not known
[WARN] [1786000665.528565]: Remote inference recovery probe failed; local inference continues and another probe will run in 5.0 s: [Errno -2] Name or service not known
[WARN] [1786000670.712586]: Remote inference recovery probe failed; local inference continues and another probe will run in 5.0 s: [Errno -2] Name or service not known
[WARN] [1786000675.779789]: Remote inference recovery probe failed; local inference continues and another probe will run in 5.0 s: [Errno -2] Name or service not known
[WARN] [1786000680.852139]: Remote inference recovery probe failed; local inference continues and another probe will run in 5.0 s: [Errno -2] Name or service not known
[WARN] [1786000685.998914]: Remote inference recovery probe failed; local inference continues and another probe will run in 5.0 s: [Errno -2] Name or service not known
[WARN] [1786000691.075381]: Remote inference recovery probe failed; local inference continues and another probe will run in 5.0 s: [Errno -2] Name or service not known
[WARN] [1786000696.176659]: Remote inference recovery probe failed; local inference continues and another probe will run in 5.0 s: [Errno -2] Name or service not known
[WARN] [1786000701.350205]: Remote inference recovery probe failed; local inference continues and another probe will run in 5.0 s: [Errno -2] Name or service not known
[WARN] [1786000706.550520]: Remote inference recovery probe failed; local inference continues and another probe will run in 5.0 s: [Errno -2] Name or service not known
[WARN] [1786000711.618846]: Remote inference recovery probe failed; local inference continues and another probe will run in 5.0 s: [Errno -2] Name or service not known
[WARN] [1786000716.689313]: Remote inference recovery probe failed; local inference continues and another probe will run in 5.0 s: [Errno -2] Name or service not known
[WARN] [1786000721.759397]: Remote inference recovery probe failed; local inference continues and another probe will run in 5.0 s: [Errno -2] Name or service not known
[WARN] [1786000726.808189]: Remote inference recovery probe failed; local inference continues and another probe will run in 5.0 s: [Errno -2] Name or service not known
[WARN] [1786000731.998126]: Remote inference recovery probe failed; local inference continues and another probe will run in 5.0 s: [Errno -2] Name or service not known
[WARN] [1786000737.184102]: Remote inference recovery probe failed; local inference continues and another probe will run in 5.0 s: [Errno -2] Name or service not known
[WARN] [1786000742.381148]: Remote inference recovery probe failed; local inference continues and another probe will run in 5.0 s: [Errno -2] Name or service not known
[WARN] [1786000747.448337]: Remote inference recovery probe failed; local inference continues and another probe will run in 5.0 s: [Errno -2] Name or service not known
[WARN] [1786000752.500306]: Remote inference recovery probe failed; local inference continues and another probe will run in 5.0 s: [Errno -2] Name or service not known
[WARN] [1786000757.572074]: Remote inference recovery probe failed; local inference continues and another probe will run in 5.0 s: [Errno -2] Name or service not known
[WARN] [1786000762.749527]: Remote inference recovery probe failed; local inference continues and another probe will run in 5.0 s: [Errno -2] Name or service not known
[WARN] [1786000767.942850]: Remote inference recovery probe failed; local inference continues and another probe will run in 5.0 s: [Errno -2] Name or service not known
[WARN] [1786000773.168665]: Remote inference recovery probe failed; local inference continues and another probe will run in 5.0 s: [Errno -2] Name or service not known
[WARN] [1786000778.399256]: Remote inference recovery probe failed; local inference continues and another probe will run in 5.0 s: [Errno -2] Name or service not known
[WARN] [1786000783.491458]: Remote inference recovery probe failed; local inference continues and another probe will run in 5.0 s: [Errno -2] Name or service not known
[WARN] [1786000788.674842]: Remote inference recovery probe failed; local inference continues and another probe will run in 5.0 s: [Errno -2] Name or service not known
[INFO] [1786000520.665082]: RGB-D vision status: model_ready:onnxruntime targets:0 depth:0 tf:0 semantic_masks:1
[INFO] [1786000526.128462]: RGB-D vision status: model_ready:onnxruntime targets:1 depth:1 tf:1 semantic_masks:2
[INFO] [1786000531.596822]: RGB-D vision status: model_ready:onnxruntime targets:1 depth:1 tf:1 semantic_masks:2
[INFO] [1786000538.134229]: RGB-D vision status: model_ready:onnxruntime targets:1 depth:1 tf:1 semantic_masks:2
[INFO] [1786000547.592562]: RGB-D vision status: model_ready:onnxruntime targets:1 depth:1 tf:1 semantic_masks:2
[INFO] [1786000552.926935]: RGB-D vision status: model_ready:onnxruntime targets:0 depth:0 tf:0 semantic_masks:1
[INFO] [1786000568.240172]: RGB-D vision status: model_ready:onnxruntime targets:1 depth:1 tf:1 semantic_masks:2
[INFO] [1786000574.139450]: RGB-D vision status: model_ready:onnxruntime targets:1 depth:1 tf:1 semantic_masks:2
[INFO] [1786000579.154389]: RGB-D vision status: model_ready:onnxruntime targets:0 depth:0 tf:0 semantic_masks:1
[INFO] [1786000584.442588]: RGB-D vision status: model_ready:onnxruntime targets:1 depth:1 tf:1 semantic_masks:2
[INFO] [1786000589.854951]: RGB-D vision status: model_ready:onnxruntime targets:1 depth:1 tf:1 semantic_masks:2
[INFO] [1786000598.177982]: RGB-D vision status: model_ready:onnxruntime targets:1 depth:1 tf:1 semantic_masks:2
[INFO] [1786000603.241618]: RGB-D vision status: model_ready:onnxruntime targets:1 depth:1 tf:1 semantic_masks:2
[INFO] [1786000610.209231]: RGB-D vision status: model_ready:onnxruntime targets:1 depth:1 tf:1 semantic_masks:2
[INFO] [1786000616.629237]: RGB-D vision status: model_ready:onnxruntime targets:1 depth:1 tf:1 semantic_masks:2
[INFO] [1786000623.567824]: RGB-D vision status: model_ready:onnxruntime targets:1 depth:1 tf:1 semantic_masks:2
[INFO] [1786000628.763274]: RGB-D vision status: model_ready:onnxruntime targets:1 depth:1 tf:1 semantic_masks:2
[INFO] [1786000633.861993]: RGB-D vision status: model_ready:onnxruntime targets:0 depth:0 tf:0 semantic_masks:1
[INFO] [1786000639.293342]: RGB-D vision status: model_ready:onnxruntime targets:1 depth:1 tf:1 semantic_masks:2
[INFO] [1786000644.627253]: RGB-D vision status: model_ready:onnxruntime targets:1 depth:1 tf:1 semantic_masks:2
[INFO] [1786000650.437098]: RGB-D vision status: model_ready:onnxruntime targets:1 depth:1 tf:1 semantic_masks:2
[INFO] [1786000656.649107]: RGB-D vision status: model_ready:onnxruntime targets:1 depth:1 tf:1 semantic_masks:2
[INFO] [1786000666.848491]: RGB-D vision status: model_ready:onnxruntime targets:1 depth:1 tf:1 semantic_masks:2
[INFO] [1786000676.574928]: RGB-D vision status: model_ready:onnxruntime targets:1 depth:1 tf:1 semantic_masks:2
[INFO] [1786000683.472486]: RGB-D vision status: model_ready:onnxruntime targets:1 depth:1 tf:1 semantic_masks:2
[INFO] [1786000688.527545]: RGB-D vision status: model_ready:onnxruntime targets:1 depth:1 tf:1 semantic_masks:2
[INFO] [1786000696.594918]: RGB-D vision status: model_ready:onnxruntime targets:1 depth:1 tf:1 semantic_masks:2
[INFO] [1786000701.740629]: RGB-D vision status: model_ready:onnxruntime targets:1 depth:1 tf:1 semantic_masks:2
[INFO] [1786000709.335710]: RGB-D vision status: model_ready:onnxruntime targets:1 depth:1 tf:1 semantic_masks:2
[INFO] [1786000715.497641]: RGB-D vision status: model_ready:onnxruntime targets:1 depth:1 tf:1 semantic_masks:2
[INFO] [1786000721.510178]: RGB-D vision status: model_ready:onnxruntime targets:1 depth:1 tf:1 semantic_masks:2
[INFO] [1786000726.546950]: RGB-D vision status: model_ready:onnxruntime targets:0 depth:0 tf:0 semantic_masks:1
[INFO] [1786000732.515621]: RGB-D vision status: model_ready:onnxruntime targets:1 depth:1 tf:1 semantic_masks:2
[INFO] [1786000737.847375]: RGB-D vision status: model_ready:onnxruntime targets:0 depth:0 tf:0 semantic_masks:1
[INFO] [1786000743.307178]: RGB-D vision status: model_ready:onnxruntime targets:1 depth:1 tf:1 semantic_masks:2
[INFO] [1786000748.527357]: RGB-D vision status: model_ready:onnxruntime targets:0 depth:0 tf:0 semantic_masks:1
[INFO] [1786000754.260366]: RGB-D vision status: model_ready:onnxruntime targets:1 depth:1 tf:1 semantic_masks:2
[INFO] [1786000759.341422]: RGB-D vision status: model_ready:onnxruntime targets:1 depth:1 tf:1 semantic_masks:2
[INFO] [1786000765.918950]: RGB-D vision status: model_ready:onnxruntime targets:1 depth:1 tf:1 semantic_masks:2
[INFO] [1786000772.473383]: RGB-D vision status: model_ready:onnxruntime targets:1 depth:1 tf:1 semantic_masks:2
[INFO] [1786000777.704926]: RGB-D vision status: model_ready:onnxruntime targets:1 depth:1 tf:1 semantic_masks:2
[INFO] [1786000782.877486]: RGB-D vision status: model_ready:onnxruntime targets:1 depth:1 tf:1 semantic_masks:2
[INFO] [1786000788.171006]: RGB-D vision status: model_ready:onnxruntime targets:1 depth:1 tf:1 semantic_masks:2
[INFO] [1786000793.221449]: RGB-D vision status: model_ready:onnxruntime targets:0 depth:0 tf:0 semantic_masks:1
[INFO] [1786000798.248258]: RGB-D vision status: model_ready:onnxruntime targets:0 depth:0 tf:0 semantic_masks:1
[INFO] [1786000803.457156]: RGB-D vision status: model_ready:onnxruntime targets:1 depth:1 tf:1 semantic_masks:2
[INFO] [1786000808.782749]: RGB-D vision status: model_ready:onnxruntime targets:1 depth:1 tf:1 semantic_masks:2
[INFO] [1786000814.098304]: RGB-D vision status: model_ready:onnxruntime targets:1 depth:1 tf:1 semantic_masks:2
[INFO] [1786000819.573043]: RGB-D vision status: model_ready:onnxruntime targets:1 depth:1 tf:1 semantic_masks:2
[INFO] [1786000824.930622]: RGB-D vision status: model_ready:onnxruntime targets:1 depth:1 tf:1 semantic_masks:2
[INFO] [1786000830.197254]: RGB-D vision status: model_ready:onnxruntime targets:1 depth:1 tf:1 semantic_masks:2
[INFO] [1786000835.422891]: RGB-D vision status: model_ready:onnxruntime targets:0 depth:0 tf:0 semantic_masks:1
[INFO] [1786000840.677410]: RGB-D vision status: model_ready:onnxruntime targets:1 depth:1 tf:1 semantic_masks:2
[INFO] [1786000846.190601]: RGB-D vision status: model_ready:onnxruntime targets:1 depth:1 tf:1 semantic_masks:2
[INFO] [1786000851.337089]: RGB-D vision status: model_ready:onnxruntime targets:0 depth:0 tf:0 semantic_masks:1
[INFO] [1786000856.507740]: RGB-D vision status: model_ready:onnxruntime targets:1 depth:1 tf:1 semantic_masks:2
[INFO] [1786000862.767883]: RGB-D vision status: model_ready:onnxruntime targets:1 depth:1 tf:1 semantic_masks:2
[INFO] [1786000869.752649]: RGB-D vision status: model_ready:onnxruntime targets:1 depth:1 tf:1 semantic_masks:2
[INFO] [1786000875.775589]: RGB-D vision status: model_ready:onnxruntime targets:1 depth:1 tf:1 semantic_masks:2
[INFO] [1786000881.236962]: RGB-D vision status: model_ready:onnxruntime targets:1 depth:1 tf:1 semantic_masks:2
[INFO] [1786000887.484719]: RGB-D vision status: model_ready:onnxruntime targets:1 depth:1 tf:1 semantic_masks:2
[INFO] [1786000892.732481]: RGB-D vision status: model_ready:onnxruntime targets:0 depth:0 tf:0 semantic_masks:1
[INFO] [1786000898.055765]: RGB-D vision status: model_ready:onnxruntime targets:1 depth:1 tf:1 semantic_masks:2
[INFO] [1786000904.192854]: RGB-D vision status: model_ready:onnxruntime targets:1 depth:1 tf:1 semantic_masks:2
[INFO] [1786000910.600291]: RGB-D vision status: model_ready:onnxruntime targets:1 depth:1 tf:1 semantic_masks:2
[INFO] [1786000916.712118]: RGB-D vision status: model_ready:onnxruntime targets:1 depth:1 tf:1 semantic_masks:2
[INFO] [1786000922.900245]: RGB-D vision status: model_ready:onnxruntime targets:1 depth:1 tf:1 semantic_masks:2
[INFO] [1786000929.823760]: RGB-D vision status: model_ready:onnxruntime targets:1 depth:1 tf:1 semantic_masks:2
[INFO] [1786000935.402722]: RGB-D vision status: model_ready:onnxruntime targets:1 depth:1 tf:1 semantic_masks:2
[INFO] [1786000940.899292]: RGB-D vision status: model_ready:onnxruntime targets:1 depth:1 tf:1 semantic_masks:2
[INFO] [1786000946.363114]: RGB-D vision status: model_ready:onnxruntime targets:0 depth:0 tf:0 semantic_masks:1
[INFO] [1786000955.648869]: RGB-D vision status: model_ready:onnxruntime targets:1 depth:1 tf:1 semantic_masks:2
[WARN] [1786000793.753762]: Remote inference recovery probe failed; local inference continues and another probe will run in 5.0 s: [Errno -2] Name or service not known
[WARN] [1786000798.903347]: Remote inference recovery probe failed; local inference continues and another probe will run in 5.0 s: [Errno -2] Name or service not known
[WARN] [1786000804.118588]: Remote inference recovery probe failed; local inference continues and another probe will run in 5.0 s: [Errno -2] Name or service not known
[WARN] [1786000809.283536]: Remote inference recovery probe failed; local inference continues and another probe will run in 5.0 s: [Errno -2] Name or service not known
[WARN] [1786000814.375835]: Remote inference recovery probe failed; local inference continues and another probe will run in 5.0 s: [Errno -2] Name or service not known
[WARN] [1786000819.429614]: Remote inference recovery probe failed; local inference continues and another probe will run in 5.0 s: [Errno -2] Name or service not known
[WARN] [1786000824.507595]: Remote inference recovery probe failed; local inference continues and another probe will run in 5.0 s: [Errno -2] Name or service not known
[WARN] [1786000829.653889]: Remote inference recovery probe failed; local inference continues and another probe will run in 5.0 s: [Errno -2] Name or service not known
[WARN] [1786000834.718501]: Remote inference recovery probe failed; local inference continues and another probe will run in 5.0 s: [Errno -2] Name or service not known
[WARN] [1786000839.868305]: Remote inference recovery probe failed; local inference continues and another probe will run in 5.0 s: [Errno -2] Name or service not known
[WARN] [1786000845.007812]: Remote inference recovery probe failed; local inference continues and another probe will run in 5.0 s: [Errno -2] Name or service not known
[WARN] [1786000850.146018]: Remote inference recovery probe failed; local inference continues and another probe will run in 5.0 s: [Errno -2] Name or service not known
[WARN] [1786000855.277918]: Remote inference recovery probe failed; local inference continues and another probe will run in 5.0 s: [Errno -2] Name or service not known
[WARN] [1786000860.352494]: Remote inference recovery probe failed; local inference continues and another probe will run in 5.0 s: [Errno -2] Name or service not known
[WARN] [1786000865.482646]: Remote inference recovery probe failed; local inference continues and another probe will run in 5.0 s: [Errno -2] Name or service not known
[WARN] [1786000870.545238]: Remote inference recovery probe failed; local inference continues and another probe will run in 5.0 s: [Errno -2] Name or service not known
[WARN] [1786000875.635499]: Remote inference recovery probe failed; local inference continues and another probe will run in 5.0 s: [Errno -2] Name or service not known
[WARN] [1786000880.828899]: Remote inference recovery probe failed; local inference continues and another probe will run in 5.0 s: [Errno -2] Name or service not known
[WARN] [1786000885.898196]: Remote inference recovery probe failed; local inference continues and another probe will run in 5.0 s: [Errno -2] Name or service not known
[WARN] [1786000890.988960]: Remote inference recovery probe failed; local inference continues and another probe will run in 5.0 s: [Errno -2] Name or service not known
[WARN] [1786000896.208345]: Remote inference recovery probe failed; local inference continues and another probe will run in 5.0 s: [Errno -2] Name or service not known
[WARN] [1786000901.384300]: Remote inference recovery probe failed; local inference continues and another probe will run in 5.0 s: [Errno -2] Name or service not known
[WARN] [1786000906.441690]: Remote inference recovery probe failed; local inference continues and another probe will run in 5.0 s: [Errno -2] Name or service not known
[WARN] [1786000911.535261]: Remote inference recovery probe failed; local inference continues and another probe will run in 5.0 s: [Errno -2] Name or service not known
[WARN] [1786000916.708916]: Remote inference recovery probe failed; local inference continues and another probe will run in 5.0 s: [Errno -2] Name or service not known
[WARN] [1786000921.833913]: Remote inference recovery probe failed; local inference continues and another probe will run in 5.0 s: [Errno -2] Name or service not known
[WARN] [1786000927.014182]: Remote inference recovery probe failed; local inference continues and another probe will run in 5.0 s: [Errno -2] Name or service not known
[WARN] [1786000932.191152]: Remote inference recovery probe failed; local inference continues and another probe will run in 5.0 s: [Errno -2] Name or service not known
[WARN] [1786000937.286014]: Remote inference recovery probe failed; local inference continues and another probe will run in 5.0 s: [Errno -2] Name or service not known
[WARN] [1786000942.478387]: Remote inference recovery probe failed; local inference continues and another probe will run in 5.0 s: [Errno -2] Name or service not known
[WARN] [1786000947.569986]: Remote inference recovery probe failed; local inference continues and another probe will run in 5.0 s: [Errno -2] Name or service not known
[WARN] [1786000952.693912]: Remote inference recovery probe failed; local inference continues and another probe will run in 5.0 s: [Errno -2] Name or service not known
[WARN] [1786000957.756416]: Remote inference recovery probe failed; local inference continues and another probe will run in 5.0 s: [Errno -2] Name or service not known
[WARN] [1786000962.915759]: Remote inference recovery probe failed; local inference continues and another probe will run in 5.0 s: [Errno -2] Name or service not known
[WARN] [1786000968.051576]: Remote inference recovery probe failed; local inference continues and another probe will run in 5.0 s: [Errno -2] Name or service not known
[WARN] [1786000973.180337]: Remote inference recovery probe failed; local inference continues and another probe will run in 5.0 s: [Errno -2] Name or service not known
[WARN] [1786000978.234314]: Remote inference recovery probe failed; local inference continues and another probe will run in 5.0 s: [Errno -2] Name or service not known
[WARN] [1786000983.327235]: Remote inference recovery probe failed; local inference continues and another probe will run in 5.0 s: [Errno -2] Name or service not known
[WARN] [1786000988.519939]: Remote inference recovery probe failed; local inference continues and another probe will run in 5.0 s: [Errno -2] Name or service not known
[WARN] [1786000993.615514]: Remote inference recovery probe failed; local inference continues and another probe will run in 5.0 s: [Errno -2] Name or service not known
[WARN] [1786000998.806874]: Remote inference recovery probe failed; local inference continues and another probe will run in 5.0 s: [Errno -2] Name or service not known
[WARN] [1786001003.934015]: Remote inference recovery probe failed; local inference continues and another probe will run in 5.0 s: [Errno -2] Name or service not known
[WARN] [1786001009.074210]: Remote inference recovery probe failed; local inference continues and another probe will run in 5.0 s: [Errno -2] Name or service not known
[WARN] [1786001014.128975]: Remote inference recovery probe failed; local inference continues and another probe will run in 5.0 s: [Errno -2] Name or service not known
[WARN] [1786001019.215183]: Remote inference recovery probe failed; local inference continues and another probe will run in 5.0 s: [Errno -2] Name or service not known
[WARN] [1786001024.293019]: Remote inference recovery probe failed; local inference continues and another probe will run in 5.0 s: [Errno -2] Name or service not known
[WARN] [1786001029.374287]: Remote inference recovery probe failed; local inference continues and another probe will run in 5.0 s: [Errno -2] Name or service not known
[WARN] [1786001034.588489]: Remote inference recovery probe failed; local inference continues and another probe will run in 5.0 s: [Errno -2] Name or service not known
[WARN] [1786001039.798976]: Remote inference recovery probe failed; local inference continues and another probe will run in 5.0 s: [Errno -2] Name or service not known
[WARN] [1786001046.699891]: Remote inference recovery probe failed; local inference continues and another probe will run in 5.0 s: [Errno -2] Name or service not known
[WARN] [1786001051.794919]: Remote inference recovery probe failed; local inference continues and another probe will run in 5.0 s: [Errno -2] Name or service not known
[WARN] [1786001056.863224]: Remote inference recovery probe failed; local inference continues and another probe will run in 5.0 s: [Errno -2] Name or service not known
[WARN] [1786001062.084682]: Remote inference recovery probe failed; local inference continues and another probe will run in 5.0 s: [Errno -2] Name or service not known
[WARN] [1786001067.293232]: Remote inference recovery probe failed; local inference continues and another probe will run in 5.0 s: [Errno -2] Name or service not known
[WARN] [1786001072.471327]: Remote inference recovery probe failed; local inference continues and another probe will run in 5.0 s: [Errno -2] Name or service not known
[WARN] [1786001077.609699]: Remote inference recovery probe failed; local inference continues and another probe will run in 5.0 s: [Errno -2] Name or service not known
[WARN] [1786001082.804587]: Remote inference recovery probe failed; local inference continues and another probe will run in 5.0 s: [Errno -2] Name or service not known
[WARN] [1786001087.938360]: Remote inference recovery probe failed; local inference continues and another probe will run in 5.0 s: [Errno -2] Name or service not known
[WARN] [1786001093.029417]: Remote inference recovery probe failed; local inference continues and another probe will run in 5.0 s: [Errno -2] Name or service not known
[WARN] [1786001098.224475]: Remote inference recovery probe failed; local inference continues and another probe will run in 5.0 s: [Errno -2] Name or service not known
[WARN] [1786001103.298468]: Remote inference recovery probe failed; local inference continues and another probe will run in 5.0 s: [Errno -2] Name or service not known
[WARN] [1786001115.702593]: Remote inference recovery probe failed; local inference continues and another probe will run in 5.0 s: [Errno -3] Temporary failure in name resolution
[WARN] [1786001120.778690]: Remote inference recovery probe failed; local inference continues and another probe will run in 5.0 s: [Errno -3] Temporary failure in name resolution
[WARN] [1786001125.912755]: Remote inference recovery probe failed; local inference continues and another probe will run in 5.0 s: [Errno -3] Temporary failure in name resolution
[WARN] [1786001130.987578]: Remote inference recovery probe failed; local inference continues and another probe will run in 5.0 s: [Errno -3] Temporary failure in name resolution
[WARN] [1786001136.061650]: Remote inference recovery probe failed; local inference continues and another probe will run in 5.0 s: [Errno -3] Temporary failure in name resolution
[WARN] [1786001141.196018]: Remote inference recovery probe failed; local inference continues and another probe will run in 5.0 s: [Errno -3] Temporary failure in name resolution
[WARN] [1786001153.680674]: Remote inference recovery probe failed; local inference continues and another probe will run in 5.0 s: [Errno -3] Temporary failure in name resolution
[WARN] [1786001158.890459]: Remote inference recovery probe failed; local inference continues and another probe will run in 5.0 s: [Errno -3] Temporary failure in name resolution
[WARN] [1786001164.093976]: Remote inference recovery probe failed; local inference continues and another probe will run in 5.0 s: [Errno -3] Temporary failure in name resolution
[WARN] [1786001169.274744]: Remote inference recovery probe failed; local inference continues and another probe will run in 5.0 s: [Errno -3] Temporary failure in name resolution
[WARN] [1786001174.452394]: Remote inference recovery probe failed; local inference continues and another probe will run in 5.0 s: [Errno -3] Temporary failure in name resolution
[WARN] [1786001179.637794]: Remote inference recovery probe failed; local inference continues and another probe will run in 5.0 s: [Errno -3] Temporary failure in name resolution
[WARN] [1786001184.751092]: Remote inference recovery probe failed; local inference continues and another probe will run in 5.0 s: [Errno -2] Name or service not known
[WARN] [1786001189.885720]: Remote inference recovery probe failed; local inference continues and another probe will run in 5.0 s: [Errno -2] Name or service not known
[WARN] [1786001195.073153]: Remote inference recovery probe failed; local inference continues and another probe will run in 5.0 s: [Errno -2] Name or service not known
[WARN] [1786001200.245770]: Remote inference recovery probe failed; local inference continues and another probe will run in 5.0 s: [Errno -2] Name or service not known
[WARN] [1786001205.387095]: Remote inference recovery probe failed; local inference continues and another probe will run in 5.0 s: [Errno -2] Name or service not known
[WARN] [1786001210.578998]: Remote inference recovery probe failed; local inference continues and another probe will run in 5.0 s: [Errno -2] Name or service not known
[WARN] [1786001215.635944]: Remote inference recovery probe failed; local inference continues and another probe will run in 5.0 s: [Errno -2] Name or service not known
[WARN] [1786001220.729535]: Remote inference recovery probe failed; local inference continues and another probe will run in 5.0 s: [Errno -2] Name or service not known
[WARN] [1786001225.866944]: Remote inference recovery probe failed; local inference continues and another probe will run in 5.0 s: [Errno -2] Name or service not known
[WARN] [1786001231.108356]: Remote inference recovery probe failed; local inference continues and another probe will run in 5.0 s: [Errno -2] Name or service not known
[WARN] [1786001236.270055]: Remote inference recovery probe failed; local inference continues and another probe will run in 5.0 s: [Errno -2] Name or service not known
[WARN] [1786001241.351571]: Remote inference recovery probe failed; local inference continues and another probe will run in 5.0 s: [Errno -2] Name or service not known
[WARN] [1786001246.537021]: Remote inference recovery probe failed; local inference continues and another probe will run in 5.0 s: [Errno -2] Name or service not known
[WARN] [1786001251.593026]: Remote inference recovery probe failed; local inference continues and another probe will run in 5.0 s: [Errno -2] Name or service not known
[WARN] [1786001256.678049]: Remote inference recovery probe failed; local inference continues and another probe will run in 5.0 s: [Errno -2] Name or service not known
[WARN] [1786001261.757189]: Remote inference recovery probe failed; local inference continues and another probe will run in 5.0 s: [Errno -2] Name or service not known
[WARN] [1786001266.837733]: Remote inference recovery probe failed; local inference continues and another probe will run in 5.0 s: [Errno -2] Name or service not known
[WARN] [1786001271.977727]: Remote inference recovery probe failed; local inference continues and another probe will run in 5.0 s: [Errno -2] Name or service not known
[WARN] [1786001277.183695]: Remote inference recovery probe failed; local inference continues and another probe will run in 5.0 s: [Errno -2] Name or service not known
[WARN] [1786001282.380733]: Remote inference recovery probe failed; local inference continues and another probe will run in 5.0 s: [Errno -2] Name or service not known
[WARN] [1786001287.563773]: Remote inference recovery probe failed; local inference continues and another probe will run in 5.0 s: [Errno -2] Name or service not known
[WARN] [1786001292.688683]: Remote inference recovery probe failed; local inference continues and another probe will run in 5.0 s: [Errno -2] Name or service not known
[INFO] [1786000962.250436]: RGB-D vision status: model_ready:onnxruntime targets:1 depth:1 tf:1 semantic_masks:2
[INFO] [1786000967.787761]: RGB-D vision status: model_ready:onnxruntime targets:1 depth:1 tf:1 semantic_masks:2
[INFO] [1786000977.109843]: RGB-D vision status: model_ready:onnxruntime targets:1 depth:1 tf:1 semantic_masks:2
[INFO] [1786000982.520571]: RGB-D vision status: model_ready:onnxruntime targets:1 depth:1 tf:1 semantic_masks:2
[INFO] [1786000988.269492]: RGB-D vision status: model_ready:onnxruntime targets:1 depth:1 tf:1 semantic_masks:2
[INFO] [1786000994.692955]: RGB-D vision status: model_ready:onnxruntime targets:1 depth:1 tf:1 semantic_masks:2
[INFO] [1786001003.624353]: RGB-D vision status: model_ready:onnxruntime targets:1 depth:1 tf:1 semantic_masks:2
[INFO] [1786001009.201951]: RGB-D vision status: model_ready:onnxruntime targets:1 depth:1 tf:1 semantic_masks:2
[INFO] [1786001017.871512]: RGB-D vision status: model_ready:onnxruntime targets:1 depth:1 tf:1 semantic_masks:2
[INFO] [1786001025.098892]: RGB-D vision status: model_ready:onnxruntime targets:1 depth:1 tf:1 semantic_masks:2
[INFO] [1786001030.166870]: RGB-D vision status: model_ready:onnxruntime targets:0 depth:0 tf:0 semantic_masks:1
[INFO] [1786001035.907379]: RGB-D vision status: model_ready:onnxruntime targets:1 depth:1 tf:1 semantic_masks:2
[INFO] [1786001041.086647]: RGB-D vision status: model_ready:onnxruntime targets:0 depth:0 tf:0 semantic_masks:1
[INFO] [1786001046.176716]: RGB-D vision status: model_ready:onnxruntime targets:1 depth:1 tf:1 semantic_masks:2
[INFO] [1786001051.249700]: RGB-D vision status: model_ready:onnxruntime targets:1 depth:1 tf:1 semantic_masks:2
[INFO] [1786001056.719393]: RGB-D vision status: model_ready:onnxruntime targets:1 depth:1 tf:1 semantic_masks:2
[INFO] [1786001062.719000]: RGB-D vision status: model_ready:onnxruntime targets:1 depth:1 tf:1 semantic_masks:2
[INFO] [1786001069.005342]: RGB-D vision status: model_ready:onnxruntime targets:1 depth:1 tf:1 semantic_masks:2
[INFO] [1786001076.389974]: RGB-D vision status: model_ready:onnxruntime targets:1 depth:1 tf:1 semantic_masks:2
[INFO] [1786001082.014543]: RGB-D vision status: model_ready:onnxruntime targets:1 depth:1 tf:1 semantic_masks:2
[INFO] [1786001087.153554]: RGB-D vision status: model_ready:onnxruntime targets:1 depth:1 tf:1 semantic_masks:2
[INFO] [1786001093.033626]: RGB-D vision status: model_ready:onnxruntime targets:1 depth:1 tf:1 semantic_masks:2
[INFO] [1786001098.357918]: RGB-D vision status: model_ready:onnxruntime targets:1 depth:1 tf:1 semantic_masks:2
[INFO] [1786001108.107384]: RGB-D vision status: model_ready:onnxruntime targets:1 depth:1 tf:1 semantic_masks:2
[INFO] [1786001116.634836]: RGB-D vision status: model_ready:onnxruntime targets:1 depth:1 tf:1 semantic_masks:2
[INFO] [1786001123.412414]: RGB-D vision status: model_ready:onnxruntime targets:1 depth:1 tf:1 semantic_masks:2
[INFO] [1786001130.188044]: RGB-D vision status: model_ready:onnxruntime targets:1 depth:1 tf:1 semantic_masks:2
[INFO] [1786001135.816418]: RGB-D vision status: model_ready:onnxruntime targets:1 depth:1 tf:1 semantic_masks:2
[INFO] [1786001143.182303]: RGB-D vision status: model_ready:onnxruntime targets:1 depth:1 tf:1 semantic_masks:2
[INFO] [1786001150.333318]: RGB-D vision status: model_ready:onnxruntime targets:1 depth:1 tf:1 semantic_masks:2
[INFO] [1786001157.138253]: RGB-D vision status: model_ready:onnxruntime targets:1 depth:1 tf:1 semantic_masks:2
[INFO] [1786001171.016040]: RGB-D vision status: model_ready:onnxruntime targets:1 depth:1 tf:1 semantic_masks:2
[INFO] [1786001176.298134]: RGB-D vision status: model_ready:onnxruntime targets:1 depth:1 tf:1 semantic_masks:2
[INFO] [1786001185.424529]: RGB-D vision status: model_ready:onnxruntime targets:1 depth:1 tf:1 semantic_masks:2
[INFO] [1786001191.696699]: RGB-D vision status: model_ready:onnxruntime targets:1 depth:1 tf:1 semantic_masks:2
[INFO] [1786001197.020895]: RGB-D vision status: model_ready:onnxruntime targets:1 depth:1 tf:1 semantic_masks:2
[INFO] [1786001202.870708]: RGB-D vision status: model_ready:onnxruntime targets:1 depth:1 tf:1 semantic_masks:2
[INFO] [1786001209.373585]: RGB-D vision status: model_ready:onnxruntime targets:1 depth:1 tf:1 semantic_masks:2
[INFO] [1786001214.859021]: RGB-D vision status: model_ready:onnxruntime targets:1 depth:1 tf:1 semantic_masks:2
[INFO] [1786001220.856518]: RGB-D vision status: model_ready:onnxruntime targets:1 depth:1 tf:1 semantic_masks:2
[INFO] [1786001226.267556]: RGB-D vision status: model_ready:onnxruntime targets:1 depth:1 tf:1 semantic_masks:2
[INFO] [1786001234.147679]: RGB-D vision status: model_ready:onnxruntime targets:1 depth:1 tf:1 semantic_masks:2
[INFO] [1786001243.992842]: RGB-D vision status: model_ready:onnxruntime targets:1 depth:1 tf:1 semantic_masks:2
[INFO] [1786001249.588796]: RGB-D vision status: model_ready:onnxruntime targets:1 depth:1 tf:1 semantic_masks:2
[INFO] [1786001254.682943]: RGB-D vision status: model_ready:onnxruntime targets:1 depth:1 tf:1 semantic_masks:2
[INFO] [1786001260.958177]: RGB-D vision status: model_ready:onnxruntime targets:1 depth:1 tf:1 semantic_masks:2
[INFO] [1786001266.312611]: RGB-D vision status: model_ready:onnxruntime targets:1 depth:1 tf:1 semantic_masks:2
[INFO] [1786001272.778152]: RGB-D vision status: model_ready:onnxruntime targets:1 depth:1 tf:1 semantic_masks:2
[INFO] [1786001278.095244]: RGB-D vision status: model_ready:onnxruntime targets:1 depth:1 tf:1 semantic_masks:2
[INFO] [1786001288.366961]: RGB-D vision status: model_ready:onnxruntime targets:1 depth:1 tf:1 semantic_masks:2
[INFO] [1786001293.458702]: RGB-D vision status: model_ready:onnxruntime targets:0 depth:0 tf:0 semantic_masks:1
[INFO] [1786001301.191419]: RGB-D vision status: model_ready:onnxruntime targets:1 depth:1 tf:1 semantic_masks:2
[INFO] [1786001307.854627]: RGB-D vision status: model_ready:onnxruntime targets:1 depth:1 tf:1 semantic_masks:2
[INFO] [1786001312.931977]: RGB-D vision status: model_ready:onnxruntime targets:0 depth:0 tf:0 semantic_masks:1
[INFO] [1786001318.149120]: RGB-D vision status: model_ready:onnxruntime targets:1 depth:1 tf:1 semantic_masks:2
[INFO] [1786001323.286915]: RGB-D vision status: model_ready:onnxruntime targets:0 depth:0 tf:0 semantic_masks:1
[INFO] [1786001328.924281]: RGB-D vision status: model_ready:onnxruntime targets:1 depth:1 tf:1 semantic_masks:2
[INFO] [1786001333.943534]: RGB-D vision status: model_ready:onnxruntime targets:1 depth:1 tf:1 semantic_masks:2
[INFO] [1786001339.229872]: RGB-D vision status: model_ready:onnxruntime targets:0 depth:0 tf:0 semantic_masks:1
[INFO] [1786001344.295166]: RGB-D vision status: model_ready:onnxruntime targets:0 depth:0 tf:0 semantic_masks:1
[INFO] [1786001349.504871]: RGB-D vision status: model_ready:onnxruntime targets:1 depth:1 tf:1 semantic_masks:2
[INFO] [1786001356.333708]: RGB-D vision status: model_ready:onnxruntime targets:1 depth:1 tf:1 semantic_masks:2
[INFO] [1786001361.891630]: RGB-D vision status: model_ready:onnxruntime targets:1 depth:1 tf:1 semantic_masks:2
[INFO] [1786001366.978774]: RGB-D vision status: model_ready:onnxruntime targets:0 depth:0 tf:0 semantic_masks:1
[INFO] [1786001372.184575]: RGB-D vision status: model_ready:onnxruntime targets:1 depth:1 tf:1 semantic_masks:2
[INFO] [1786001378.914710]: RGB-D vision status: model_ready:onnxruntime targets:1 depth:1 tf:1 semantic_masks:2
[INFO] [1786001384.275718]: RGB-D vision status: model_ready:onnxruntime targets:0 depth:0 tf:0 semantic_masks:1
[INFO] [1786001390.324182]: RGB-D vision status: model_ready:onnxruntime targets:1 depth:1 tf:1 semantic_masks:2
[INFO] [1786001395.586836]: RGB-D vision status: model_ready:onnxruntime targets:1 depth:1 tf:1 semantic_masks:2
[INFO] [1786001400.684055]: RGB-D vision status: model_ready:onnxruntime targets:1 depth:1 tf:1 semantic_masks:2
[INFO] [1786001406.268769]: RGB-D vision status: model_ready:onnxruntime targets:1 depth:1 tf:1 semantic_masks:2
[INFO] [1786001411.338137]: RGB-D vision status: model_ready:onnxruntime targets:1 depth:1 tf:1 semantic_masks:2
[WARN] [1786001297.860192]: Remote inference recovery probe failed; local inference continues and another probe will run in 5.0 s: [Errno -2] Name or service not known
[WARN] [1786001303.079402]: Remote inference recovery probe failed; local inference continues and another probe will run in 5.0 s: [Errno -2] Name or service not known
[WARN] [1786001308.260151]: Remote inference recovery probe failed; local inference continues and another probe will run in 5.0 s: [Errno -2] Name or service not known
[WARN] [1786001313.338158]: Remote inference recovery probe failed; local inference continues and another probe will run in 5.0 s: [Errno -2] Name or service not known
[WARN] [1786001318.544291]: Remote inference recovery probe failed; local inference continues and another probe will run in 5.0 s: [Errno -2] Name or service not known
[WARN] [1786001323.689232]: Remote inference recovery probe failed; local inference continues and another probe will run in 5.0 s: [Errno -2] Name or service not known
[WARN] [1786001328.920016]: Remote inference recovery probe failed; local inference continues and another probe will run in 5.0 s: [Errno -2] Name or service not known
[WARN] [1786001334.124866]: Remote inference recovery probe failed; local inference continues and another probe will run in 5.0 s: [Errno -2] Name or service not known
[WARN] [1786001339.228913]: Remote inference recovery probe failed; local inference continues and another probe will run in 5.0 s: [Errno -2] Name or service not known
[WARN] [1786001344.412772]: Remote inference recovery probe failed; local inference continues and another probe will run in 5.0 s: [Errno -2] Name or service not known
[WARN] [1786001349.501569]: Remote inference recovery probe failed; local inference continues and another probe will run in 5.0 s: [Errno -2] Name or service not known
[WARN] [1786001354.706495]: Remote inference recovery probe failed; local inference continues and another probe will run in 5.0 s: [Errno -2] Name or service not known
[WARN] [1786001359.840254]: Remote inference recovery probe failed; local inference continues and another probe will run in 5.0 s: [Errno -2] Name or service not known
[WARN] [1786001365.017577]: Remote inference recovery probe failed; local inference continues and another probe will run in 5.0 s: [Errno -2] Name or service not known
[WARN] [1786001370.219354]: Remote inference recovery probe failed; local inference continues and another probe will run in 5.0 s: [Errno -2] Name or service not known
[WARN] [1786001375.377821]: Remote inference recovery probe failed; local inference continues and another probe will run in 5.0 s: [Errno -2] Name or service not known
[WARN] [1786001380.522170]: Remote inference recovery probe failed; local inference continues and another probe will run in 5.0 s: [Errno -2] Name or service not known
[WARN] [1786001385.596972]: Remote inference recovery probe failed; local inference continues and another probe will run in 5.0 s: [Errno -2] Name or service not known
[WARN] [1786001390.714596]: Remote inference recovery probe failed; local inference continues and another probe will run in 5.0 s: [Errno -2] Name or service not known
[WARN] [1786001395.871179]: Remote inference recovery probe failed; local inference continues and another probe will run in 5.0 s: [Errno -2] Name or service not known
[WARN] [1786001400.942465]: Remote inference recovery probe failed; local inference continues and another probe will run in 5.0 s: [Errno -2] Name or service not known
[WARN] [1786001406.013423]: Remote inference recovery probe failed; local inference continues and another probe will run in 5.0 s: [Errno -2] Name or service not known
[WARN] [1786001411.208467]: Remote inference recovery probe failed; local inference continues and another probe will run in 5.0 s: [Errno -2] Name or service not known
[WARN] [1786001416.306412]: Remote inference recovery probe failed; local inference continues and another probe will run in 5.0 s: [Errno -2] Name or service not known
[WARN] [1786001421.429182]: Remote inference recovery probe failed; local inference continues and another probe will run in 5.0 s: [Errno -2] Name or service not known
[WARN] [1786001426.630202]: Remote inference recovery probe failed; local inference continues and another probe will run in 5.0 s: [Errno -2] Name or service not known
[WARN] [1786001432.483944]: Remote inference recovery probe failed; local inference continues and another probe will run in 5.0 s: [Errno -2] Name or service not known
[WARN] [1786001437.562890]: Remote inference recovery probe failed; local inference continues and another probe will run in 5.0 s: [Errno -2] Name or service not known
[WARN] [1786001442.663153]: Remote inference recovery probe failed; local inference continues and another probe will run in 5.0 s: [Errno -2] Name or service not known
[WARN] [1786001447.847217]: Remote inference recovery probe failed; local inference continues and another probe will run in 5.0 s: [Errno -2] Name or service not known
[WARN] [1786001452.943369]: Remote inference recovery probe failed; local inference continues and another probe will run in 5.0 s: [Errno -2] Name or service not known
[WARN] [1786001458.122742]: Remote inference recovery probe failed; local inference continues and another probe will run in 5.0 s: [Errno -2] Name or service not known
[WARN] [1786001463.324646]: Remote inference recovery probe failed; local inference continues and another probe will run in 5.0 s: [Errno -2] Name or service not known
[WARN] [1786001468.386614]: Remote inference recovery probe failed; local inference continues and another probe will run in 5.0 s: [Errno -2] Name or service not known
[WARN] [1786001473.471555]: Remote inference recovery probe failed; local inference continues and another probe will run in 5.0 s: [Errno -2] Name or service not known
[WARN] [1786001478.598670]: Remote inference recovery probe failed; local inference continues and another probe will run in 5.0 s: [Errno -2] Name or service not known
[WARN] [1786001483.731018]: Remote inference recovery probe failed; local inference continues and another probe will run in 5.0 s: [Errno -2] Name or service not known
[WARN] [1786001488.894676]: Remote inference recovery probe failed; local inference continues and another probe will run in 5.0 s: [Errno -2] Name or service not known
[WARN] [1786001494.078790]: Remote inference recovery probe failed; local inference continues and another probe will run in 5.0 s: [Errno -2] Name or service not known
[WARN] [1786001499.133742]: Remote inference recovery probe failed; local inference continues and another probe will run in 5.0 s: [Errno -2] Name or service not known
[WARN] [1786001504.283079]: Remote inference recovery probe failed; local inference continues and another probe will run in 5.0 s: [Errno -2] Name or service not known
[WARN] [1786001509.377342]: Remote inference recovery probe failed; local inference continues and another probe will run in 5.0 s: [Errno -2] Name or service not known
[WARN] [1786001514.565564]: Remote inference recovery probe failed; local inference continues and another probe will run in 5.0 s: [Errno -2] Name or service not known
[WARN] [1786001519.782889]: Remote inference recovery probe failed; local inference continues and another probe will run in 5.0 s: [Errno -2] Name or service not known
[WARN] [1786001524.970589]: Remote inference recovery probe failed; local inference continues and another probe will run in 5.0 s: [Errno -2] Name or service not known
[WARN] [1786001530.036420]: Remote inference recovery probe failed; local inference continues and another probe will run in 5.0 s: [Errno -2] Name or service not known
[WARN] [1786001535.114027]: Remote inference recovery probe failed; local inference continues and another probe will run in 5.0 s: [Errno -2] Name or service not known
[WARN] [1786001540.261379]: Remote inference recovery probe failed; local inference continues and another probe will run in 5.0 s: [Errno -2] Name or service not known
[WARN] [1786001545.475571]: Remote inference recovery probe failed; local inference continues and another probe will run in 5.0 s: [Errno -2] Name or service not known
[WARN] [1786001550.648526]: Remote inference recovery probe failed; local inference continues and another probe will run in 5.0 s: [Errno -2] Name or service not known
[WARN] [1786001555.730364]: Remote inference recovery probe failed; local inference continues and another probe will run in 5.0 s: [Errno -2] Name or service not known
[WARN] [1786001560.850121]: Remote inference recovery probe failed; local inference continues and another probe will run in 5.0 s: [Errno -2] Name or service not known
[WARN] [1786001566.001221]: Remote inference recovery probe failed; local inference continues and another probe will run in 5.0 s: [Errno -2] Name or service not known
[WARN] [1786001571.089015]: Remote inference recovery probe failed; local inference continues and another probe will run in 5.0 s: [Errno -2] Name or service not known
[WARN] [1786001576.315149]: Remote inference recovery probe failed; local inference continues and another probe will run in 5.0 s: [Errno -2] Name or service not known
[WARN] [1786001581.480976]: Remote inference recovery probe failed; local inference continues and another probe will run in 5.0 s: [Errno -2] Name or service not known
[WARN] [1786001586.625035]: Remote inference recovery probe failed; local inference continues and another probe will run in 5.0 s: [Errno -2] Name or service not known
[WARN] [1786001591.681761]: Remote inference recovery probe failed; local inference continues and another probe will run in 5.0 s: [Errno -2] Name or service not known
[WARN] [1786001596.790366]: Remote inference recovery probe failed; local inference continues and another probe will run in 5.0 s: [Errno -2] Name or service not known
[WARN] [1786001601.913480]: Remote inference recovery probe failed; local inference continues and another probe will run in 5.0 s: [Errno -2] Name or service not known
[WARN] [1786001607.027336]: Remote inference recovery probe failed; local inference continues and another probe will run in 5.0 s: [Errno -2] Name or service not known
[WARN] [1786001612.169182]: Remote inference recovery probe failed; local inference continues and another probe will run in 5.0 s: [Errno -2] Name or service not known
[WARN] [1786001617.245745]: Remote inference recovery probe failed; local inference continues and another probe will run in 5.0 s: [Errno -2] Name or service not known
[WARN] [1786001622.329202]: Remote inference recovery probe failed; local inference continues and another probe will run in 5.0 s: [Errno -2] Name or service not known
[WARN] [1786001627.510702]: Remote inference recovery probe failed; local inference continues and another probe will run in 5.0 s: [Errno -2] Name or service not known
[WARN] [1786001632.603983]: Remote inference recovery probe failed; local inference continues and another probe will run in 5.0 s: [Errno -2] Name or service not known
[WARN] [1786001637.795065]: Remote inference recovery probe failed; local inference continues and another probe will run in 5.0 s: [Errno -2] Name or service not known
[WARN] [1786001642.947436]: Remote inference recovery probe failed; local inference continues and another probe will run in 5.0 s: [Errno -2] Name or service not known
[WARN] [1786001648.111528]: Remote inference recovery probe failed; local inference continues and another probe will run in 5.0 s: [Errno -2] Name or service not known
[WARN] [1786001653.315742]: Remote inference recovery probe failed; local inference continues and another probe will run in 5.0 s: [Errno -2] Name or service not known
[WARN] [1786001658.464803]: Remote inference recovery probe failed; local inference continues and another probe will run in 5.0 s: [Errno -2] Name or service not known
[WARN] [1786001663.558495]: Remote inference recovery probe failed; local inference continues and another probe will run in 5.0 s: [Errno -2] Name or service not known
[WARN] [1786001668.613115]: Remote inference recovery probe failed; local inference continues and another probe will run in 5.0 s: [Errno -2] Name or service not known
[WARN] [1786001673.692794]: Remote inference recovery probe failed; local inference continues and another probe will run in 5.0 s: [Errno -2] Name or service not known
[WARN] [1786001678.767683]: Remote inference recovery probe failed; local inference continues and another probe will run in 5.0 s: [Errno -2] Name or service not known
[WARN] [1786001683.842277]: Remote inference recovery probe failed; local inference continues and another probe will run in 5.0 s: [Errno -2] Name or service not known
[WARN] [1786001688.902692]: Remote inference recovery probe failed; local inference continues and another probe will run in 5.0 s: [Errno -2] Name or service not known
[WARN] [1786001693.990636]: Remote inference recovery probe failed; local inference continues and another probe will run in 5.0 s: [Errno -2] Name or service not known
[WARN] [1786001699.172298]: Remote inference recovery probe failed; local inference continues and another probe will run in 5.0 s: [Errno -2] Name or service not known
[WARN] [1786001704.271345]: Remote inference recovery probe failed; local inference continues and another probe will run in 5.0 s: [Errno -2] Name or service not known
[WARN] [1786001709.508070]: Remote inference recovery probe failed; local inference continues and another probe will run in 5.0 s: [Errno -2] Name or service not known
[WARN] [1786001714.619749]: Remote inference recovery probe failed; local inference continues and another probe will run in 5.0 s: [Errno -2] Name or service not known
[WARN] [1786001719.743447]: Remote inference recovery probe failed; local inference continues and another probe will run in 5.0 s: [Errno -2] Name or service not known
[WARN] [1786001724.940908]: Remote inference recovery probe failed; local inference continues and another probe will run in 5.0 s: [Errno -2] Name or service not known
[WARN] [1786001730.036152]: Remote inference recovery probe failed; local inference continues and another probe will run in 5.0 s: [Errno -2] Name or service not known
[WARN] [1786001735.148876]: Remote inference recovery probe failed; local inference continues and another probe will run in 5.0 s: [Errno -2] Name or service not known
[WARN] [1786001740.271942]: Remote inference recovery probe failed; local inference continues and another probe will run in 5.0 s: [Errno -2] Name or service not known
[WARN] [1786001745.292284]: Remote inference recovery probe failed; local inference continues and another probe will run in 5.0 s: [Errno -2] Name or service not known
[WARN] [1786001750.487967]: Remote inference recovery probe failed; local inference continues and another probe will run in 5.0 s: [Errno -2] Name or service not known
[WARN] [1786001755.562212]: Remote inference recovery probe failed; local inference continues and another probe will run in 5.0 s: [Errno -2] Name or service not known
[WARN] [1786001760.649308]: Remote inference recovery probe failed; local inference continues and another probe will run in 5.0 s: [Errno -2] Name or service not known
[WARN] [1786001765.848872]: Remote inference recovery probe failed; local inference continues and another probe will run in 5.0 s: [Errno -2] Name or service not known
[WARN] [1786001771.064749]: Remote inference recovery probe failed; local inference continues and another probe will run in 5.0 s: [Errno -2] Name or service not known
[WARN] [1786001776.267926]: Remote inference recovery probe failed; local inference continues and another probe will run in 5.0 s: [Errno -2] Name or service not known
[WARN] [1786001781.371156]: Remote inference recovery probe failed; local inference continues and another probe will run in 5.0 s: [Errno -2] Name or service not known
[WARN] [1786001786.528819]: Remote inference recovery probe failed; local inference continues and another probe will run in 5.0 s: [Errno -2] Name or service not known
[INFO] [1786001416.410551]: RGB-D vision status: model_ready:onnxruntime targets:0 depth:0 tf:0 semantic_masks:1
[INFO] [1786001421.698988]: RGB-D vision status: model_ready:onnxruntime targets:1 depth:1 tf:1 semantic_masks:2
[INFO] [1786001426.883865]: RGB-D vision status: model_ready:onnxruntime targets:0 depth:0 tf:0 semantic_masks:1
[INFO] [1786001432.230899]: RGB-D vision status: model_ready:onnxruntime targets:0 depth:0 tf:0 semantic_masks:1
[INFO] [1786001437.306511]: RGB-D vision status: model_ready:onnxruntime targets:1 depth:1 tf:1 semantic_masks:2
[INFO] [1786001442.393181]: RGB-D vision status: model_ready:onnxruntime targets:0 depth:0 tf:0 semantic_masks:1
[INFO] [1786001447.440812]: RGB-D vision status: model_ready:onnxruntime targets:1 depth:1 tf:1 semantic_masks:2
[INFO] [1786001452.538725]: RGB-D vision status: model_ready:onnxruntime targets:1 depth:1 tf:1 semantic_masks:2
[INFO] [1786001457.839694]: RGB-D vision status: model_ready:onnxruntime targets:1 depth:1 tf:1 semantic_masks:2
[INFO] [1786001463.466448]: RGB-D vision status: model_ready:onnxruntime targets:1 depth:1 tf:1 semantic_masks:2
[INFO] [1786001472.145871]: RGB-D vision status: model_ready:onnxruntime targets:1 depth:1 tf:1 semantic_masks:2
[INFO] [1786001477.545561]: RGB-D vision status: model_ready:onnxruntime targets:1 depth:1 tf:1 semantic_masks:2
[INFO] [1786001482.670135]: RGB-D vision status: model_ready:onnxruntime targets:1 depth:1 tf:1 semantic_masks:2
[INFO] [1786001487.886379]: RGB-D vision status: model_ready:onnxruntime targets:1 depth:1 tf:1 semantic_masks:2
[INFO] [1786001494.366777]: RGB-D vision status: model_ready:onnxruntime targets:1 depth:1 tf:1 semantic_masks:2
[INFO] [1786001499.487670]: RGB-D vision status: model_ready:onnxruntime targets:0 depth:0 tf:0 semantic_masks:1
[INFO] [1786001506.024878]: RGB-D vision status: model_ready:onnxruntime targets:1 depth:1 tf:1 semantic_masks:2
[INFO] [1786001515.509720]: RGB-D vision status: model_ready:onnxruntime targets:1 depth:1 tf:1 semantic_masks:2
[INFO] [1786001520.843705]: RGB-D vision status: model_ready:onnxruntime targets:1 depth:1 tf:1 semantic_masks:2
[INFO] [1786001526.310628]: RGB-D vision status: model_ready:onnxruntime targets:1 depth:1 tf:1 semantic_masks:2
[INFO] [1786001531.519244]: RGB-D vision status: model_ready:onnxruntime targets:1 depth:1 tf:1 semantic_masks:2
[INFO] [1786001536.737317]: RGB-D vision status: model_ready:onnxruntime targets:0 depth:0 tf:0 semantic_masks:1
[INFO] [1786001541.882686]: RGB-D vision status: model_ready:onnxruntime targets:0 depth:0 tf:0 semantic_masks:1
[INFO] [1786001546.934856]: RGB-D vision status: model_ready:onnxruntime targets:1 depth:1 tf:1 semantic_masks:2
[INFO] [1786001553.064771]: RGB-D vision status: model_ready:onnxruntime targets:1 depth:1 tf:1 semantic_masks:2
[INFO] [1786001558.131110]: RGB-D vision status: model_ready:onnxruntime targets:1 depth:1 tf:1 semantic_masks:2
[INFO] [1786001564.410952]: RGB-D vision status: model_ready:onnxruntime targets:1 depth:1 tf:1 semantic_masks:2
[INFO] [1786001569.498641]: RGB-D vision status: model_ready:onnxruntime targets:1 depth:1 tf:1 semantic_masks:2
[INFO] [1786001575.475983]: RGB-D vision status: model_ready:onnxruntime targets:1 depth:1 tf:1 semantic_masks:2
[INFO] [1786001580.826337]: RGB-D vision status: model_ready:onnxruntime targets:1 depth:1 tf:1 semantic_masks:2
[INFO] [1786001585.864385]: RGB-D vision status: model_ready:onnxruntime targets:0 depth:0 tf:0 semantic_masks:1
[INFO] [1786001591.820906]: RGB-D vision status: model_ready:onnxruntime targets:1 depth:1 tf:1 semantic_masks:2
[INFO] [1786001596.901628]: RGB-D vision status: model_ready:onnxruntime targets:0 depth:0 tf:0 semantic_masks:1
[INFO] [1786001602.183655]: RGB-D vision status: model_ready:onnxruntime targets:1 depth:1 tf:1 semantic_masks:2
[INFO] [1786001610.385806]: RGB-D vision status: model_ready:onnxruntime targets:1 depth:1 tf:1 semantic_masks:2
[INFO] [1786001615.389372]: RGB-D vision status: model_ready:onnxruntime targets:1 depth:1 tf:1 semantic_masks:2
[INFO] [1786001620.860936]: RGB-D vision status: model_ready:onnxruntime targets:1 depth:1 tf:1 semantic_masks:2
[INFO] [1786001626.324638]: RGB-D vision status: model_ready:onnxruntime targets:1 depth:1 tf:1 semantic_masks:2
[INFO] [1786001631.529402]: RGB-D vision status: model_ready:onnxruntime targets:1 depth:1 tf:1 semantic_masks:2
[INFO] [1786001636.738015]: RGB-D vision status: model_ready:onnxruntime targets:1 depth:1 tf:1 semantic_masks:2
[INFO] [1786001641.878526]: RGB-D vision status: model_ready:onnxruntime targets:1 depth:1 tf:1 semantic_masks:2
[INFO] [1786001646.885308]: RGB-D vision status: model_ready:onnxruntime targets:1 depth:1 tf:1 semantic_masks:2
[INFO] [1786001652.356353]: RGB-D vision status: model_ready:onnxruntime targets:1 depth:1 tf:1 semantic_masks:2
[INFO] [1786001657.935386]: RGB-D vision status: model_ready:onnxruntime targets:1 depth:1 tf:1 semantic_masks:2
[INFO] [1786001663.285456]: RGB-D vision status: model_ready:onnxruntime targets:1 depth:1 tf:1 semantic_masks:2
[INFO] [1786001669.427902]: RGB-D vision status: model_ready:onnxruntime targets:1 depth:1 tf:1 semantic_masks:2
[INFO] [1786001674.642129]: RGB-D vision status: model_ready:onnxruntime targets:1 depth:1 tf:1 semantic_masks:2
[INFO] [1786001681.317730]: RGB-D vision status: model_ready:onnxruntime targets:1 depth:1 tf:1 semantic_masks:2
[INFO] [1786001687.300857]: RGB-D vision status: model_ready:onnxruntime targets:1 depth:1 tf:1 semantic_masks:2
[INFO] [1786001692.545175]: RGB-D vision status: model_ready:onnxruntime targets:1 depth:1 tf:1 semantic_masks:2
[INFO] [1786001697.974215]: RGB-D vision status: model_ready:onnxruntime targets:1 depth:1 tf:1 semantic_masks:2
[INFO] [1786001703.322308]: RGB-D vision status: model_ready:onnxruntime targets:1 depth:1 tf:1 semantic_masks:2
[INFO] [1786001708.669795]: RGB-D vision status: model_ready:onnxruntime targets:1 depth:1 tf:1 semantic_masks:2
[INFO] [1786001716.314564]: RGB-D vision status: model_ready:onnxruntime targets:1 depth:1 tf:1 semantic_masks:2
[INFO] [1786001722.929470]: RGB-D vision status: model_ready:onnxruntime targets:1 depth:1 tf:1 semantic_masks:2
[INFO] [1786001728.025115]: RGB-D vision status: model_ready:onnxruntime targets:0 depth:0 tf:0 semantic_masks:1
[INFO] [1786001733.091192]: RGB-D vision status: model_ready:onnxruntime targets:1 depth:1 tf:1 semantic_masks:2
[INFO] [1786001738.290834]: RGB-D vision status: model_ready:onnxruntime targets:0 depth:0 tf:0 semantic_masks:1
[INFO] [1786001743.357158]: RGB-D vision status: model_ready:onnxruntime targets:0 depth:0 tf:0 semantic_masks:1
[INFO] [1786001748.518326]: RGB-D vision status: model_ready:onnxruntime targets:1 depth:1 tf:1 semantic_masks:2
[INFO] [1786001753.829723]: RGB-D vision status: model_ready:onnxruntime targets:1 depth:1 tf:1 semantic_masks:2
[INFO] [1786001758.906025]: RGB-D vision status: model_ready:onnxruntime targets:0 depth:0 tf:0 semantic_masks:1
[INFO] [1786001764.660230]: RGB-D vision status: model_ready:onnxruntime targets:1 depth:1 tf:1 semantic_masks:2
[INFO] [1786001770.263297]: RGB-D vision status: model_ready:onnxruntime targets:1 depth:1 tf:1 semantic_masks:2
[INFO] [1786001775.454964]: RGB-D vision status: model_ready:onnxruntime targets:1 depth:1 tf:1 semantic_masks:2
[INFO] [1786001780.630763]: RGB-D vision status: model_ready:onnxruntime targets:1 depth:1 tf:1 semantic_masks:2
[INFO] [1786001786.002325]: RGB-D vision status: model_ready:onnxruntime targets:1 depth:1 tf:1 semantic_masks:2
[INFO] [1786001791.219239]: RGB-D vision status: model_ready:onnxruntime targets:1 depth:1 tf:1 semantic_masks:2
[INFO] [1786001797.615381]: RGB-D vision status: model_ready:onnxruntime targets:1 depth:1 tf:1 semantic_masks:2
[INFO] [1786001802.663633]: RGB-D vision status: model_ready:onnxruntime targets:1 depth:1 tf:1 semantic_masks:2
[INFO] [1786001808.286979]: RGB-D vision status: model_ready:onnxruntime targets:1 depth:1 tf:1 semantic_masks:2
[INFO] [1786001814.331704]: RGB-D vision status: model_ready:onnxruntime targets:1 depth:1 tf:1 semantic_masks:2
[WARN] [1786001791.734244]: Remote inference recovery probe failed; local inference continues and another probe will run in 5.0 s: [Errno -2] Name or service not known
[WARN] [1786001796.934301]: Remote inference recovery probe failed; local inference continues and another probe will run in 5.0 s: [Errno -2] Name or service not known
[WARN] [1786001801.991791]: Remote inference recovery probe failed; local inference continues and another probe will run in 5.0 s: [Errno -2] Name or service not known
[WARN] [1786001807.084627]: Remote inference recovery probe failed; local inference continues and another probe will run in 5.0 s: [Errno -2] Name or service not known
[WARN] [1786001812.215726]: Remote inference recovery probe failed; local inference continues and another probe will run in 5.0 s: [Errno -2] Name or service not known
[WARN] [1786001817.290499]: Remote inference recovery probe failed; local inference continues and another probe will run in 5.0 s: [Errno -2] Name or service not known
[WARN] [1786001822.369713]: Remote inference recovery probe failed; local inference continues and another probe will run in 5.0 s: [Errno -2] Name or service not known
[WARN] [1786001827.559159]: Remote inference recovery probe failed; local inference continues and another probe will run in 5.0 s: [Errno -2] Name or service not known
[WARN] [1786001832.675774]: Remote inference recovery probe failed; local inference continues and another probe will run in 5.0 s: [Errno -2] Name or service not known
[WARN] [1786001837.826477]: Remote inference recovery probe failed; local inference continues and another probe will run in 5.0 s: [Errno -2] Name or service not known
[WARN] [1786001842.890288]: Remote inference recovery probe failed; local inference continues and another probe will run in 5.0 s: [Errno -2] Name or service not known
[WARN] [1786001847.975331]: Remote inference recovery probe failed; local inference continues and another probe will run in 5.0 s: [Errno -2] Name or service not known
[WARN] [1786001853.035617]: Remote inference recovery probe failed; local inference continues and another probe will run in 5.0 s: [Errno -2] Name or service not known
[WARN] [1786001858.120411]: Remote inference recovery probe failed; local inference continues and another probe will run in 5.0 s: [Errno -2] Name or service not known
[WARN] [1786001863.278221]: Remote inference recovery probe failed; local inference continues and another probe will run in 5.0 s: [Errno -2] Name or service not known
[WARN] [1786001868.436270]: Remote inference recovery probe failed; local inference continues and another probe will run in 5.0 s: [Errno -2] Name or service not known
[WARN] [1786001873.540877]: Remote inference recovery probe failed; local inference continues and another probe will run in 5.0 s: [Errno -2] Name or service not known
[WARN] [1786001878.738025]: Remote inference recovery probe failed; local inference continues and another probe will run in 5.0 s: [Errno -2] Name or service not known
[WARN] [1786001883.948184]: Remote inference recovery probe failed; local inference continues and another probe will run in 5.0 s: [Errno -2] Name or service not known
[WARN] [1786001889.145115]: Remote inference recovery probe failed; local inference continues and another probe will run in 5.0 s: [Errno -2] Name or service not known
[WARN] [1786001894.270235]: Remote inference recovery probe failed; local inference continues and another probe will run in 5.0 s: [Errno -2] Name or service not known
[WARN] [1786001899.390476]: Remote inference recovery probe failed; local inference continues and another probe will run in 5.0 s: [Errno -2] Name or service not known
[WARN] [1786001904.492815]: Remote inference recovery probe failed; local inference continues and another probe will run in 5.0 s: [Errno -2] Name or service not known
[WARN] [1786001909.705990]: Remote inference recovery probe failed; local inference continues and another probe will run in 5.0 s: [Errno -2] Name or service not known
[WARN] [1786001914.747536]: Remote inference recovery probe failed; local inference continues and another probe will run in 5.0 s: [Errno -2] Name or service not known
[WARN] [1786001919.843553]: Remote inference recovery probe failed; local inference continues and another probe will run in 5.0 s: [Errno -2] Name or service not known
[WARN] [1786001924.978641]: Remote inference recovery probe failed; local inference continues and another probe will run in 5.0 s: [Errno -2] Name or service not known
[WARN] [1786001930.131613]: Remote inference recovery probe failed; local inference continues and another probe will run in 5.0 s: [Errno -2] Name or service not known
[WARN] [1786001935.294937]: Remote inference recovery probe failed; local inference continues and another probe will run in 5.0 s: [Errno -2] Name or service not known
[WARN] [1786001940.456783]: Remote inference recovery probe failed; local inference continues and another probe will run in 5.0 s: [Errno -2] Name or service not known
[WARN] [1786001945.595900]: Remote inference recovery probe failed; local inference continues and another probe will run in 5.0 s: [Errno -2] Name or service not known
[WARN] [1786001950.726919]: Remote inference recovery probe failed; local inference continues and another probe will run in 5.0 s: [Errno -2] Name or service not known
[WARN] [1786001955.785510]: Remote inference recovery probe failed; local inference continues and another probe will run in 5.0 s: [Errno -2] Name or service not known
[WARN] [1786001960.979003]: Remote inference recovery probe failed; local inference continues and another probe will run in 5.0 s: [Errno -2] Name or service not known
[WARN] [1786001966.154327]: Remote inference recovery probe failed; local inference continues and another probe will run in 5.0 s: [Errno -2] Name or service not known
[WARN] [1786001971.357877]: Remote inference recovery probe failed; local inference continues and another probe will run in 5.0 s: [Errno -2] Name or service not known
[WARN] [1786001976.557358]: Remote inference recovery probe failed; local inference continues and another probe will run in 5.0 s: [Errno -2] Name or service not known
[WARN] [1786001981.753262]: Remote inference recovery probe failed; local inference continues and another probe will run in 5.0 s: [Errno -2] Name or service not known
[WARN] [1786001986.830559]: Remote inference recovery probe failed; local inference continues and another probe will run in 5.0 s: [Errno -2] Name or service not known
[WARN] [1786001991.936730]: Remote inference recovery probe failed; local inference continues and another probe will run in 5.0 s: [Errno -2] Name or service not known
[WARN] [1786001997.039070]: Remote inference recovery probe failed; local inference continues and another probe will run in 5.0 s: [Errno -2] Name or service not known
[WARN] [1786002002.226477]: Remote inference recovery probe failed; local inference continues and another probe will run in 5.0 s: [Errno -2] Name or service not known
[WARN] [1786002007.325630]: Remote inference recovery probe failed; local inference continues and another probe will run in 5.0 s: [Errno -2] Name or service not known
[WARN] [1786002012.518679]: Remote inference recovery probe failed; local inference continues and another probe will run in 5.0 s: [Errno -2] Name or service not known
[WARN] [1786002017.715657]: Remote inference recovery probe failed; local inference continues and another probe will run in 5.0 s: [Errno -2] Name or service not known
[WARN] [1786002022.810873]: Remote inference recovery probe failed; local inference continues and another probe will run in 5.0 s: [Errno -2] Name or service not known
[WARN] [1786002028.001076]: Remote inference recovery probe failed; local inference continues and another probe will run in 5.0 s: [Errno -2] Name or service not known
[WARN] [1786002033.079760]: Remote inference recovery probe failed; local inference continues and another probe will run in 5.0 s: [Errno -2] Name or service not known
[INFO] [1786001820.489807]: RGB-D vision status: model_ready:onnxruntime targets:1 depth:1 tf:1 semantic_masks:2
[INFO] [1786001825.570060]: RGB-D vision status: model_ready:onnxruntime targets:0 depth:0 tf:0 semantic_masks:1
[INFO] [1786001830.895540]: RGB-D vision status: model_ready:onnxruntime targets:0 depth:0 tf:0 semantic_masks:1
[INFO] [1786001836.481977]: RGB-D vision status: model_ready:onnxruntime targets:1 depth:1 tf:1 semantic_masks:2
[INFO] [1786001841.774729]: RGB-D vision status: model_ready:onnxruntime targets:1 depth:1 tf:1 semantic_masks:2
[INFO] [1786001846.892899]: RGB-D vision status: model_ready:onnxruntime targets:1 depth:1 tf:1 semantic_masks:2
[INFO] [1786001852.276471]: RGB-D vision status: model_ready:onnxruntime targets:1 depth:1 tf:1 semantic_masks:2
[INFO] [1786001857.855864]: RGB-D vision status: model_ready:onnxruntime targets:0 depth:0 tf:0 semantic_masks:1
[INFO] [1786001864.353099]: RGB-D vision status: model_ready:onnxruntime targets:1 depth:1 tf:1 semantic_masks:2
[INFO] [1786001870.667592]: RGB-D vision status: model_ready:onnxruntime targets:1 depth:1 tf:1 semantic_masks:2
[INFO] [1786001876.073191]: RGB-D vision status: model_ready:onnxruntime targets:1 depth:1 tf:1 semantic_masks:2
[INFO] [1786001881.799547]: RGB-D vision status: model_ready:onnxruntime targets:1 depth:1 tf:1 semantic_masks:2
[INFO] [1786001887.686538]: RGB-D vision status: model_ready:onnxruntime targets:1 depth:1 tf:1 semantic_masks:2
[INFO] [1786001893.284746]: RGB-D vision status: model_ready:onnxruntime targets:1 depth:1 tf:1 semantic_masks:2
[INFO] [1786001898.598118]: RGB-D vision status: model_ready:onnxruntime targets:1 depth:1 tf:1 semantic_masks:2
[INFO] [1786001904.764762]: RGB-D vision status: model_ready:onnxruntime targets:1 depth:1 tf:1 semantic_masks:2
[INFO] [1786001910.502267]: RGB-D vision status: model_ready:onnxruntime targets:1 depth:1 tf:1 semantic_masks:2
[INFO] [1786001915.851552]: RGB-D vision status: model_ready:onnxruntime targets:1 depth:1 tf:1 semantic_masks:2
[INFO] [1786001921.038939]: RGB-D vision status: model_ready:onnxruntime targets:0 depth:0 tf:0 semantic_masks:1
[INFO] [1786001926.711712]: RGB-D vision status: model_ready:onnxruntime targets:1 depth:1 tf:1 semantic_masks:2
[INFO] [1786001933.438373]: RGB-D vision status: model_ready:onnxruntime targets:1 depth:1 tf:1 semantic_masks:2
[INFO] [1786001938.453959]: RGB-D vision status: model_ready:onnxruntime targets:1 depth:1 tf:1 semantic_masks:2
[INFO] [1786001943.729971]: RGB-D vision status: model_ready:onnxruntime targets:1 depth:1 tf:1 semantic_masks:2
[INFO] [1786001949.149355]: RGB-D vision status: model_ready:onnxruntime targets:1 depth:1 tf:1 semantic_masks:2
[INFO] [1786001954.843977]: RGB-D vision status: model_ready:onnxruntime targets:1 depth:1 tf:1 semantic_masks:2
[INFO] [1786001960.983219]: RGB-D vision status: model_ready:onnxruntime targets:1 depth:1 tf:1 semantic_masks:2
[INFO] [1786001970.159349]: RGB-D vision status: model_ready:onnxruntime targets:1 depth:1 tf:1 semantic_masks:2
[INFO] [1786001975.368659]: RGB-D vision status: model_ready:onnxruntime targets:1 depth:1 tf:1 semantic_masks:2
[INFO] [1786001981.356024]: RGB-D vision status: model_ready:onnxruntime targets:1 depth:1 tf:1 semantic_masks:2
[INFO] [1786001988.325930]: RGB-D vision status: model_ready:onnxruntime targets:1 depth:1 tf:1 semantic_masks:2
[INFO] [1786001993.972612]: RGB-D vision status: model_ready:onnxruntime targets:1 depth:1 tf:1 semantic_masks:2
[INFO] [1786002000.749924]: RGB-D vision status: model_ready:onnxruntime targets:1 depth:1 tf:1 semantic_masks:2
[INFO] [1786002006.286815]: RGB-D vision status: model_ready:onnxruntime targets:1 depth:1 tf:1 semantic_masks:2
[INFO] [1786002012.115311]: RGB-D vision status: model_ready:onnxruntime targets:1 depth:1 tf:1 semantic_masks:2
[INFO] [1786002017.463461]: RGB-D vision status: model_ready:onnxruntime targets:1 depth:1 tf:1 semantic_masks:2
[INFO] [1786002022.814560]: RGB-D vision status: model_ready:onnxruntime targets:1 depth:1 tf:1 semantic_masks:2
[INFO] [1786002027.867759]: RGB-D vision status: model_ready:onnxruntime targets:1 depth:1 tf:1 semantic_masks:2
[INFO] [1786002034.407153]: RGB-D vision status: model_ready:onnxruntime targets:1 depth:1 tf:1 semantic_masks:2
[INFO] [1786002040.126176]: RGB-D vision status: model_ready:onnxruntime targets:1 depth:1 tf:1 semantic_masks:2
[INFO] [1786002045.202763]: RGB-D vision status: model_ready:onnxruntime targets:0 depth:0 tf:0 semantic_masks:1
[INFO] [1786002050.564423]: RGB-D vision status: model_ready:onnxruntime targets:1 depth:1 tf:1 semantic_masks:2
[INFO] [1786002056.552320]: RGB-D vision status: model_ready:onnxruntime targets:1 depth:1 tf:1 semantic_masks:2
[INFO] [1786002064.142390]: RGB-D vision status: model_ready:onnxruntime targets:1 depth:1 tf:1 semantic_masks:2
[INFO] [1786002074.063474]: RGB-D vision status: model_ready:onnxruntime targets:1 depth:1 tf:1 semantic_masks:2
[INFO] [1786002080.031244]: RGB-D vision status: model_ready:onnxruntime targets:1 depth:1 tf:1 semantic_masks:2
[INFO] [1786002085.045369]: RGB-D vision status: model_ready:onnxruntime targets:1 depth:1 tf:1 semantic_masks:2
[INFO] [1786002090.225710]: RGB-D vision status: model_ready:onnxruntime targets:0 depth:0 tf:0 semantic_masks:1
[INFO] [1786002095.858471]: RGB-D vision status: model_ready:onnxruntime targets:1 depth:1 tf:1 semantic_masks:2
[INFO] [1786002101.771189]: RGB-D vision status: model_ready:onnxruntime targets:1 depth:1 tf:1 semantic_masks:2
[INFO] [1786002107.733937]: RGB-D vision status: model_ready:onnxruntime targets:1 depth:1 tf:1 semantic_masks:2
[INFO] [1786002113.132961]: RGB-D vision status: model_ready:onnxruntime targets:1 depth:1 tf:1 semantic_masks:2
[INFO] [1786002118.340581]: RGB-D vision status: model_ready:onnxruntime targets:0 depth:0 tf:0 semantic_masks:1
[INFO] [1786002123.407657]: RGB-D vision status: model_ready:onnxruntime targets:1 depth:1 tf:1 semantic_masks:2
[INFO] [1786002129.562178]: RGB-D vision status: model_ready:onnxruntime targets:1 depth:1 tf:1 semantic_masks:2
[INFO] [1786002135.171438]: RGB-D vision status: model_ready:onnxruntime targets:1 depth:1 tf:1 semantic_masks:2
[INFO] [1786002140.498524]: RGB-D vision status: model_ready:onnxruntime targets:1 depth:1 tf:1 semantic_masks:2
[INFO] [1786002146.349039]: RGB-D vision status: model_ready:onnxruntime targets:1 depth:1 tf:1 semantic_masks:2
[INFO] [1786002152.339220]: RGB-D vision status: model_ready:onnxruntime targets:1 depth:1 tf:1 semantic_masks:2
[INFO] [1786002159.224900]: RGB-D vision status: model_ready:onnxruntime targets:1 depth:1 tf:1 semantic_masks:2
[INFO] [1786002164.430825]: RGB-D vision status: model_ready:onnxruntime targets:1 depth:1 tf:1 semantic_masks:2
[INFO] [1786002169.647454]: RGB-D vision status: model_ready:onnxruntime targets:0 depth:0 tf:0 semantic_masks:1
[INFO] [1786002174.987696]: RGB-D vision status: model_ready:onnxruntime targets:1 depth:1 tf:1 semantic_masks:2
[INFO] [1786002181.019080]: RGB-D vision status: model_ready:onnxruntime targets:1 depth:1 tf:1 semantic_masks:2
[INFO] [1786002186.052233]: RGB-D vision status: model_ready:onnxruntime targets:0 depth:0 tf:0 semantic_masks:1
[INFO] [1786002193.962078]: RGB-D vision status: model_ready:onnxruntime targets:1 depth:1 tf:1 semantic_masks:2
[INFO] [1786002199.006755]: RGB-D vision status: model_ready:onnxruntime targets:0 depth:0 tf:0 semantic_masks:1
[INFO] [1786002204.222639]: RGB-D vision status: model_ready:onnxruntime targets:1 depth:1 tf:1 semantic_masks:2
[INFO] [1786002209.439513]: RGB-D vision status: model_ready:onnxruntime targets:1 depth:1 tf:1 semantic_masks:2
[INFO] [1786002214.491445]: RGB-D vision status: model_ready:onnxruntime targets:0 depth:0 tf:0 semantic_masks:1
[INFO] [1786002220.205527]: RGB-D vision status: model_ready:onnxruntime targets:1 depth:1 tf:1 semantic_masks:2
[INFO] [1786002227.144243]: RGB-D vision status: model_ready:onnxruntime targets:1 depth:1 tf:1 semantic_masks:2
[INFO] [1786002232.368479]: RGB-D vision status: model_ready:onnxruntime targets:1 depth:1 tf:1 semantic_masks:2
[WARN] [1786002038.248744]: Remote inference recovery probe failed; local inference continues and another probe will run in 5.0 s: [Errno -2] Name or service not known
[WARN] [1786002043.345912]: Remote inference recovery probe failed; local inference continues and another probe will run in 5.0 s: [Errno -2] Name or service not known
[WARN] [1786002048.553453]: Remote inference recovery probe failed; local inference continues and another probe will run in 5.0 s: [Errno -2] Name or service not known
[WARN] [1786002053.693027]: Remote inference recovery probe failed; local inference continues and another probe will run in 5.0 s: [Errno -2] Name or service not known
[WARN] [1786002058.797532]: Remote inference recovery probe failed; local inference continues and another probe will run in 5.0 s: [Errno -2] Name or service not known
[WARN] [1786002063.883716]: Remote inference recovery probe failed; local inference continues and another probe will run in 5.0 s: [Errno -2] Name or service not known
[WARN] [1786002068.972273]: Remote inference recovery probe failed; local inference continues and another probe will run in 5.0 s: [Errno -2] Name or service not known
[WARN] [1786002074.059917]: Remote inference recovery probe failed; local inference continues and another probe will run in 5.0 s: [Errno -2] Name or service not known
[WARN] [1786002079.234988]: Remote inference recovery probe failed; local inference continues and another probe will run in 5.0 s: [Errno -2] Name or service not known
[WARN] [1786002084.389834]: Remote inference recovery probe failed; local inference continues and another probe will run in 5.0 s: [Errno -2] Name or service not known
[WARN] [1786002089.561689]: Remote inference recovery probe failed; local inference continues and another probe will run in 5.0 s: [Errno -2] Name or service not known
[WARN] [1786002094.632114]: Remote inference recovery probe failed; local inference continues and another probe will run in 5.0 s: [Errno -2] Name or service not known
[WARN] [1786002099.835938]: Remote inference recovery probe failed; local inference continues and another probe will run in 5.0 s: [Errno -2] Name or service not known
[WARN] [1786002104.940507]: Remote inference recovery probe failed; local inference continues and another probe will run in 5.0 s: [Errno -2] Name or service not known
[WARN] [1786002110.131271]: Remote inference recovery probe failed; local inference continues and another probe will run in 5.0 s: [Errno -2] Name or service not known
[WARN] [1786002115.275465]: Remote inference recovery probe failed; local inference continues and another probe will run in 5.0 s: [Errno -2] Name or service not known
[WARN] [1786002120.472469]: Remote inference recovery probe failed; local inference continues and another probe will run in 5.0 s: [Errno -2] Name or service not known
[WARN] [1786002125.533345]: Remote inference recovery probe failed; local inference continues and another probe will run in 5.0 s: [Errno -2] Name or service not known
[WARN] [1786002130.619028]: Remote inference recovery probe failed; local inference continues and another probe will run in 5.0 s: [Errno -2] Name or service not known
[WARN] [1786002135.690360]: Remote inference recovery probe failed; local inference continues and another probe will run in 5.0 s: [Errno -2] Name or service not known
[WARN] [1786002140.792731]: Remote inference recovery probe failed; local inference continues and another probe will run in 5.0 s: [Errno -2] Name or service not known
[WARN] [1786002145.960826]: Remote inference recovery probe failed; local inference continues and another probe will run in 5.0 s: [Errno -2] Name or service not known
[WARN] [1786002151.086333]: Remote inference recovery probe failed; local inference continues and another probe will run in 5.0 s: [Errno -2] Name or service not known
[WARN] [1786002156.165604]: Remote inference recovery probe failed; local inference continues and another probe will run in 5.0 s: [Errno -2] Name or service not known
[WARN] [1786002161.239259]: Remote inference recovery probe failed; local inference continues and another probe will run in 5.0 s: [Errno -2] Name or service not known
[WARN] [1786002166.304750]: Remote inference recovery probe failed; local inference continues and another probe will run in 5.0 s: [Errno -2] Name or service not known
[WARN] [1786002171.411247]: Remote inference recovery probe failed; local inference continues and another probe will run in 5.0 s: [Errno -2] Name or service not known
[WARN] [1786002176.610542]: Remote inference recovery probe failed; local inference continues and another probe will run in 5.0 s: [Errno -2] Name or service not known
[WARN] [1786002181.795096]: Remote inference recovery probe failed; local inference continues and another probe will run in 5.0 s: [Errno -2] Name or service not known
[WARN] [1786002186.881104]: Remote inference recovery probe failed; local inference continues and another probe will run in 5.0 s: [Errno -2] Name or service not known
[WARN] [1786002192.050952]: Remote inference recovery probe failed; local inference continues and another probe will run in 5.0 s: [Errno -2] Name or service not known
[WARN] [1786002197.125597]: Remote inference recovery probe failed; local inference continues and another probe will run in 5.0 s: [Errno -2] Name or service not known
[WARN] [1786002202.216818]: Remote inference recovery probe failed; local inference continues and another probe will run in 5.0 s: [Errno -2] Name or service not known
[WARN] [1786002207.418734]: Remote inference recovery probe failed; local inference continues and another probe will run in 5.0 s: [Errno -2] Name or service not known
[WARN] [1786002212.682721]: Remote inference recovery probe failed; local inference continues and another probe will run in 5.0 s: [Errno -2] Name or service not known
[WARN] [1786002217.818283]: Remote inference recovery probe failed; local inference continues and another probe will run in 5.0 s: [Errno -2] Name or service not known
[WARN] [1786002222.941605]: Remote inference recovery probe failed; local inference continues and another probe will run in 5.0 s: [Errno -2] Name or service not known
[WARN] [1786002228.113710]: Remote inference recovery probe failed; local inference continues and another probe will run in 5.0 s: [Errno -2] Name or service not known
[WARN] [1786002233.288281]: Remote inference recovery probe failed; local inference continues and another probe will run in 5.0 s: [Errno -2] Name or service not known
[WARN] [1786002238.381830]: Remote inference recovery probe failed; local inference continues and another probe will run in 5.0 s: [Errno -2] Name or service not known
[WARN] [1786002243.462399]: Remote inference recovery probe failed; local inference continues and another probe will run in 5.0 s: [Errno -2] Name or service not known
[WARN] [1786002248.643187]: Remote inference recovery probe failed; local inference continues and another probe will run in 5.0 s: [Errno -2] Name or service not known
[WARN] [1786002253.701842]: Remote inference recovery probe failed; local inference continues and another probe will run in 5.0 s: [Errno -2] Name or service not known
[WARN] [1786002258.875877]: Remote inference recovery probe failed; local inference continues and another probe will run in 5.0 s: [Errno -2] Name or service not known
[WARN] [1786002264.054850]: Remote inference recovery probe failed; local inference continues and another probe will run in 5.0 s: [Errno -2] Name or service not known
[WARN] [1786002269.115591]: Remote inference recovery probe failed; local inference continues and another probe will run in 5.0 s: [Errno -2] Name or service not known
[WARN] [1786002274.200120]: Remote inference recovery probe failed; local inference continues and another probe will run in 5.0 s: [Errno -2] Name or service not known
[WARN] [1786002279.291707]: Remote inference recovery probe failed; local inference continues and another probe will run in 5.0 s: [Errno -2] Name or service not known
[WARN] [1786002284.491755]: Remote inference recovery probe failed; local inference continues and another probe will run in 5.0 s: [Errno -2] Name or service not known
[WARN] [1786002289.691422]: Remote inference recovery probe failed; local inference continues and another probe will run in 5.0 s: [Errno -2] Name or service not known
[WARN] [1786002294.755046]: Remote inference recovery probe failed; local inference continues and another probe will run in 5.0 s: [Errno -2] Name or service not known
[WARN] [1786002299.817632]: Remote inference recovery probe failed; local inference continues and another probe will run in 5.0 s: [Errno -2] Name or service not known
[WARN] [1786002304.881899]: Remote inference recovery probe failed; local inference continues and another probe will run in 5.0 s: [Errno -2] Name or service not known
[WARN] [1786002310.037751]: Remote inference recovery probe failed; local inference continues and another probe will run in 5.0 s: [Errno -2] Name or service not known
[WARN] [1786002315.261778]: Remote inference recovery probe failed; local inference continues and another probe will run in 5.0 s: [Errno -2] Name or service not known
[WARN] [1786002320.469215]: Remote inference recovery probe failed; local inference continues and another probe will run in 5.0 s: [Errno -2] Name or service not known
[WARN] [1786002325.642011]: Remote inference recovery probe failed; local inference continues and another probe will run in 5.0 s: [Errno -2] Name or service not known
[WARN] [1786002330.699106]: Remote inference recovery probe failed; local inference continues and another probe will run in 5.0 s: [Errno -2] Name or service not known
[WARN] [1786002335.812557]: Remote inference recovery probe failed; local inference continues and another probe will run in 5.0 s: [Errno -2] Name or service not known
[WARN] [1786002340.985236]: Remote inference recovery probe failed; local inference continues and another probe will run in 5.0 s: [Errno -2] Name or service not known
[WARN] [1786002346.072143]: Remote inference recovery probe failed; local inference continues and another probe will run in 5.0 s: [Errno -2] Name or service not known
[WARN] [1786002351.185796]: Remote inference recovery probe failed; local inference continues and another probe will run in 5.0 s: [Errno -2] Name or service not known
[WARN] [1786002356.281267]: Remote inference recovery probe failed; local inference continues and another probe will run in 5.0 s: [Errno -2] Name or service not known
[WARN] [1786002361.473933]: Remote inference recovery probe failed; local inference continues and another probe will run in 5.0 s: [Errno -2] Name or service not known
[WARN] [1786002366.545311]: Remote inference recovery probe failed; local inference continues and another probe will run in 5.0 s: [Errno -2] Name or service not known
[WARN] [1786002371.602734]: Remote inference recovery probe failed; local inference continues and another probe will run in 5.0 s: [Errno -2] Name or service not known
[WARN] [1786002376.697543]: Remote inference recovery probe failed; local inference continues and another probe will run in 5.0 s: [Errno -2] Name or service not known
[WARN] [1786002381.879636]: Remote inference recovery probe failed; local inference continues and another probe will run in 5.0 s: [Errno -2] Name or service not known
[WARN] [1786002386.969092]: Remote inference recovery probe failed; local inference continues and another probe will run in 5.0 s: [Errno -2] Name or service not known
[WARN] [1786002392.109135]: Remote inference recovery probe failed; local inference continues and another probe will run in 5.0 s: [Errno -2] Name or service not known
[WARN] [1786002397.241218]: Remote inference recovery probe failed; local inference continues and another probe will run in 5.0 s: [Errno -2] Name or service not known
[WARN] [1786002402.302503]: Remote inference recovery probe failed; local inference continues and another probe will run in 5.0 s: [Errno -2] Name or service not known
[WARN] [1786002407.508046]: Remote inference recovery probe failed; local inference continues and another probe will run in 5.0 s: [Errno -2] Name or service not known
[WARN] [1786002412.660600]: Remote inference recovery probe failed; local inference continues and another probe will run in 5.0 s: [Errno -2] Name or service not known
[WARN] [1786002417.838289]: Remote inference recovery probe failed; local inference continues and another probe will run in 5.0 s: [Errno -2] Name or service not known
[WARN] [1786002422.995483]: Remote inference recovery probe failed; local inference continues and another probe will run in 5.0 s: [Errno -2] Name or service not known
[WARN] [1786002428.095041]: Remote inference recovery probe failed; local inference continues and another probe will run in 5.0 s: [Errno -2] Name or service not known
[WARN] [1786002433.271737]: Remote inference recovery probe failed; local inference continues and another probe will run in 5.0 s: [Errno -2] Name or service not known
[WARN] [1786002438.341439]: Remote inference recovery probe failed; local inference continues and another probe will run in 5.0 s: [Errno -2] Name or service not known
[WARN] [1786002443.402603]: Remote inference recovery probe failed; local inference continues and another probe will run in 5.0 s: [Errno -2] Name or service not known
[WARN] [1786002448.541202]: Remote inference recovery probe failed; local inference continues and another probe will run in 5.0 s: [Errno -2] Name or service not known
[WARN] [1786002453.743587]: Remote inference recovery probe failed; local inference continues and another probe will run in 5.0 s: [Errno -2] Name or service not known
[WARN] [1786002459.034351]: Remote inference recovery probe failed; local inference continues and another probe will run in 5.0 s: [Errno -2] Name or service not known
[WARN] [1786002464.254332]: Remote inference recovery probe failed; local inference continues and another probe will run in 5.0 s: [Errno -2] Name or service not known
[WARN] [1786002469.451254]: Remote inference recovery probe failed; local inference continues and another probe will run in 5.0 s: [Errno -2] Name or service not known
[WARN] [1786002474.620064]: Remote inference recovery probe failed; local inference continues and another probe will run in 5.0 s: [Errno -2] Name or service not known
[WARN] [1786002480.409321]: Remote inference recovery probe failed; local inference continues and another probe will run in 5.0 s: [Errno -2] Name or service not known
[WARN] [1786002485.519176]: Remote inference recovery probe failed; local inference continues and another probe will run in 5.0 s: [Errno -2] Name or service not known
[WARN] [1786002490.655589]: Remote inference recovery probe failed; local inference continues and another probe will run in 5.0 s: [Errno -2] Name or service not known
[WARN] [1786002495.787331]: Remote inference recovery probe failed; local inference continues and another probe will run in 5.0 s: [Errno -2] Name or service not known
[WARN] [1786002500.881756]: Remote inference recovery probe failed; local inference continues and another probe will run in 5.0 s: [Errno -2] Name or service not known
[WARN] [1786002506.078233]: Remote inference recovery probe failed; local inference continues and another probe will run in 5.0 s: [Errno -2] Name or service not known
[WARN] [1786002511.139394]: Remote inference recovery probe failed; local inference continues and another probe will run in 5.0 s: [Errno -2] Name or service not known
[WARN] [1786002516.277936]: Remote inference recovery probe failed; local inference continues and another probe will run in 5.0 s: [Errno -2] Name or service not known
[WARN] [1786002521.460728]: Remote inference recovery probe failed; local inference continues and another probe will run in 5.0 s: [Errno -2] Name or service not known
[WARN] [1786002526.583062]: Remote inference recovery probe failed; local inference continues and another probe will run in 5.0 s: [Errno -2] Name or service not known
[INFO] [1786002237.462184]: RGB-D vision status: model_ready:onnxruntime targets:1 depth:1 tf:1 semantic_masks:2
[INFO] [1786002243.192802]: RGB-D vision status: model_ready:onnxruntime targets:1 depth:1 tf:1 semantic_masks:2
[INFO] [1786002249.724892]: RGB-D vision status: model_ready:onnxruntime targets:1 depth:1 tf:1 semantic_masks:2
[INFO] [1786002255.049794]: RGB-D vision status: model_ready:onnxruntime targets:1 depth:1 tf:1 semantic_masks:2
[INFO] [1786002260.326353]: RGB-D vision status: model_ready:onnxruntime targets:1 depth:1 tf:1 semantic_masks:2
[INFO] [1786002272.890622]: RGB-D vision status: model_ready:onnxruntime targets:1 depth:1 tf:1 semantic_masks:2
[INFO] [1786002278.453353]: RGB-D vision status: model_ready:onnxruntime targets:1 depth:1 tf:1 semantic_masks:2
[INFO] [1786002288.326254]: RGB-D vision status: model_ready:onnxruntime targets:1 depth:1 tf:1 semantic_masks:2
[INFO] [1786002293.706776]: RGB-D vision status: model_ready:onnxruntime targets:1 depth:1 tf:1 semantic_masks:2
[INFO] [1786002298.885055]: RGB-D vision status: model_ready:onnxruntime targets:0 depth:0 tf:0 semantic_masks:1
[INFO] [1786002304.080683]: RGB-D vision status: model_ready:onnxruntime targets:1 depth:1 tf:1 semantic_masks:2
[INFO] [1786002317.432597]: RGB-D vision status: model_ready:onnxruntime targets:1 depth:1 tf:1 semantic_masks:2
[INFO] [1786002322.841515]: RGB-D vision status: model_ready:onnxruntime targets:1 depth:1 tf:1 semantic_masks:2
[INFO] [1786002328.193669]: RGB-D vision status: model_ready:onnxruntime targets:1 depth:1 tf:1 semantic_masks:2
[INFO] [1786002333.914999]: RGB-D vision status: model_ready:onnxruntime targets:1 depth:1 tf:1 semantic_masks:2
[INFO] [1786002338.993782]: RGB-D vision status: model_ready:onnxruntime targets:1 depth:1 tf:1 semantic_masks:2
[INFO] [1786002344.073741]: RGB-D vision status: model_ready:onnxruntime targets:0 depth:0 tf:0 semantic_masks:1
[INFO] [1786002350.925653]: RGB-D vision status: model_ready:onnxruntime targets:1 depth:1 tf:1 semantic_masks:2
[INFO] [1786002356.008856]: RGB-D vision status: model_ready:onnxruntime targets:1 depth:1 tf:1 semantic_masks:2
[INFO] [1786002361.053239]: RGB-D vision status: model_ready:onnxruntime targets:1 depth:1 tf:1 semantic_masks:2
[INFO] [1786002366.175106]: RGB-D vision status: model_ready:onnxruntime targets:1 depth:1 tf:1 semantic_masks:2
[INFO] [1786002372.288588]: RGB-D vision status: model_ready:onnxruntime targets:1 depth:1 tf:1 semantic_masks:2
[INFO] [1786002380.427358]: RGB-D vision status: model_ready:onnxruntime targets:1 depth:1 tf:1 semantic_masks:2
[INFO] [1786002389.240935]: RGB-D vision status: model_ready:onnxruntime targets:1 depth:1 tf:1 semantic_masks:2
[INFO] [1786002396.970266]: RGB-D vision status: model_ready:onnxruntime targets:1 depth:1 tf:1 semantic_masks:2
[INFO] [1786002402.446976]: RGB-D vision status: model_ready:onnxruntime targets:1 depth:1 tf:1 semantic_masks:2
[INFO] [1786002409.056188]: RGB-D vision status: model_ready:onnxruntime targets:1 depth:1 tf:1 semantic_masks:2
[INFO] [1786002416.107203]: RGB-D vision status: model_ready:onnxruntime targets:1 depth:1 tf:1 semantic_masks:2
[INFO] [1786002421.786112]: RGB-D vision status: model_ready:onnxruntime targets:1 depth:1 tf:1 semantic_masks:2
[INFO] [1786002427.043991]: RGB-D vision status: model_ready:onnxruntime targets:1 depth:1 tf:1 semantic_masks:2
[INFO] [1786002432.319808]: RGB-D vision status: model_ready:onnxruntime targets:1 depth:1 tf:1 semantic_masks:2
[INFO] [1786002438.219295]: RGB-D vision status: model_ready:onnxruntime targets:1 depth:1 tf:1 semantic_masks:2
[INFO] [1786002443.536247]: RGB-D vision status: model_ready:onnxruntime targets:0 depth:0 tf:0 semantic_masks:1
[INFO] [1786002448.673531]: RGB-D vision status: model_ready:onnxruntime targets:1 depth:1 tf:1 semantic_masks:2
[INFO] [1786002458.240337]: RGB-D vision status: model_ready:onnxruntime targets:1 depth:1 tf:1 semantic_masks:2
[INFO] [1786002463.713783]: RGB-D vision status: model_ready:onnxruntime targets:1 depth:1 tf:1 semantic_masks:2
[INFO] [1786002469.289754]: RGB-D vision status: model_ready:onnxruntime targets:1 depth:1 tf:1 semantic_masks:2
[INFO] [1786002474.369882]: RGB-D vision status: model_ready:onnxruntime targets:0 depth:0 tf:0 semantic_masks:1
[INFO] [1786002479.438679]: RGB-D vision status: model_ready:onnxruntime targets:0 depth:0 tf:0 semantic_masks:1
[INFO] [1786002484.451961]: RGB-D vision status: model_ready:onnxruntime targets:1 depth:1 tf:1 semantic_masks:2
[INFO] [1786002489.790848]: RGB-D vision status: model_ready:onnxruntime targets:0 depth:0 tf:0 semantic_masks:1
[INFO] [1786002495.033637]: RGB-D vision status: model_ready:onnxruntime targets:1 depth:1 tf:1 semantic_masks:2
[INFO] [1786002502.201949]: RGB-D vision status: model_ready:onnxruntime targets:1 depth:1 tf:1 semantic_masks:2
[INFO] [1786002508.478466]: RGB-D vision status: model_ready:onnxruntime targets:1 depth:1 tf:1 semantic_masks:2
[INFO] [1786002513.485822]: RGB-D vision status: model_ready:onnxruntime targets:1 depth:1 tf:1 semantic_masks:2
[INFO] [1786002518.938599]: RGB-D vision status: model_ready:onnxruntime targets:0 depth:0 tf:0 semantic_masks:1
[INFO] [1786002524.024259]: RGB-D vision status: model_ready:onnxruntime targets:1 depth:1 tf:1 semantic_masks:2
[INFO] [1786002529.090487]: RGB-D vision status: model_ready:onnxruntime targets:0 depth:0 tf:0 semantic_masks:1
[INFO] [1786002536.066614]: RGB-D vision status: model_ready:onnxruntime targets:1 depth:1 tf:1 semantic_masks:2
[INFO] [1786002542.307553]: RGB-D vision status: model_ready:onnxruntime targets:1 depth:1 tf:1 semantic_masks:2
[INFO] [1786002548.444025]: RGB-D vision status: model_ready:onnxruntime targets:1 depth:1 tf:1 semantic_masks:2
[INFO] [1786002555.866646]: RGB-D vision status: model_ready:onnxruntime targets:1 depth:1 tf:1 semantic_masks:2
[INFO] [1786002561.062288]: RGB-D vision status: model_ready:onnxruntime targets:1 depth:1 tf:1 semantic_masks:2
[INFO] [1786002566.620756]: RGB-D vision status: model_ready:onnxruntime targets:1 depth:1 tf:1 semantic_masks:2
[INFO] [1786002575.046447]: RGB-D vision status: model_ready:onnxruntime targets:1 depth:1 tf:1 semantic_masks:2
[INFO] [1786002580.307438]: RGB-D vision status: model_ready:onnxruntime targets:1 depth:1 tf:1 semantic_masks:2
[INFO] [1786002585.717860]: RGB-D vision status: model_ready:onnxruntime targets:1 depth:1 tf:1 semantic_masks:2
[INFO] [1786002590.943108]: RGB-D vision status: model_ready:onnxruntime targets:1 depth:1 tf:1 semantic_masks:2
[INFO] [1786002595.945683]: RGB-D vision status: model_ready:onnxruntime targets:0 depth:0 tf:0 semantic_masks:1
[INFO] [1786002600.991942]: RGB-D vision status: model_ready:onnxruntime targets:1 depth:1 tf:1 semantic_masks:2
[INFO] [1786002606.687231]: RGB-D vision status: model_ready:onnxruntime targets:0 depth:0 tf:0 semantic_masks:1
[INFO] [1786002612.583804]: RGB-D vision status: model_ready:onnxruntime targets:0 depth:0 tf:0 semantic_masks:1
[INFO] [1786002617.640857]: RGB-D vision status: model_ready:onnxruntime targets:1 depth:1 tf:1 semantic_masks:2
[INFO] [1786002625.439477]: RGB-D vision status: model_ready:onnxruntime targets:1 depth:1 tf:1 semantic_masks:2
[INFO] [1786002637.858312]: RGB-D vision status: model_ready:onnxruntime targets:1 depth:1 tf:1 semantic_masks:2
[INFO] [1786002642.902755]: RGB-D vision status: model_ready:onnxruntime targets:0 depth:0 tf:0 semantic_masks:1
[INFO] [1786002648.935981]: RGB-D vision status: model_ready:onnxruntime targets:1 depth:1 tf:1 semantic_masks:2
[INFO] [1786002655.462626]: RGB-D vision status: model_ready:onnxruntime targets:1 depth:1 tf:1 semantic_masks:2
[INFO] [1786002660.796818]: RGB-D vision status: model_ready:onnxruntime targets:1 depth:1 tf:1 semantic_masks:2
[INFO] [1786002665.886247]: RGB-D vision status: model_ready:onnxruntime targets:0 depth:0 tf:0 semantic_masks:1
[INFO] [1786002673.096273]: RGB-D vision status: model_ready:onnxruntime targets:1 depth:1 tf:1 semantic_masks:2
[INFO] [1786002678.667473]: RGB-D vision status: model_ready:onnxruntime targets:1 depth:1 tf:1 semantic_masks:2
[WARN] [1786002531.754790]: Remote inference recovery probe failed; local inference continues and another probe will run in 5.0 s: [Errno -2] Name or service not known
[WARN] [1786002536.827037]: Remote inference recovery probe failed; local inference continues and another probe will run in 5.0 s: [Errno -2] Name or service not known
[WARN] [1786002541.899351]: Remote inference recovery probe failed; local inference continues and another probe will run in 5.0 s: [Errno -2] Name or service not known
[WARN] [1786002547.083025]: Remote inference recovery probe failed; local inference continues and another probe will run in 5.0 s: [Errno -2] Name or service not known
[WARN] [1786002552.238283]: Remote inference recovery probe failed; local inference continues and another probe will run in 5.0 s: [Errno -2] Name or service not known
[WARN] [1786002557.304398]: Remote inference recovery probe failed; local inference continues and another probe will run in 5.0 s: [Errno -2] Name or service not known
[WARN] [1786002562.439825]: Remote inference recovery probe failed; local inference continues and another probe will run in 5.0 s: [Errno -2] Name or service not known
[WARN] [1786002567.509147]: Remote inference recovery probe failed; local inference continues and another probe will run in 5.0 s: [Errno -2] Name or service not known
[WARN] [1786002572.643446]: Remote inference recovery probe failed; local inference continues and another probe will run in 5.0 s: [Errno -2] Name or service not known
[WARN] [1786002577.732761]: Remote inference recovery probe failed; local inference continues and another probe will run in 5.0 s: [Errno -2] Name or service not known
[WARN] [1786002582.865473]: Remote inference recovery probe failed; local inference continues and another probe will run in 5.0 s: [Errno -2] Name or service not known
[WARN] [1786002588.021317]: Remote inference recovery probe failed; local inference continues and another probe will run in 5.0 s: [Errno -2] Name or service not known
[WARN] [1786002593.208507]: Remote inference recovery probe failed; local inference continues and another probe will run in 5.0 s: [Errno -2] Name or service not known
[WARN] [1786002598.361502]: Remote inference recovery probe failed; local inference continues and another probe will run in 5.0 s: [Errno -2] Name or service not known
[WARN] [1786002604.434206]: Remote inference recovery probe failed; local inference continues and another probe will run in 5.0 s: [Errno -2] Name or service not known
[WARN] [1786002609.628642]: Remote inference recovery probe failed; local inference continues and another probe will run in 5.0 s: [Errno -2] Name or service not known
[WARN] [1786002614.680007]: Remote inference recovery probe failed; local inference continues and another probe will run in 5.0 s: [Errno -2] Name or service not known
[WARN] [1786002619.777929]: Remote inference recovery probe failed; local inference continues and another probe will run in 5.0 s: [Errno -2] Name or service not known
[WARN] [1786002624.883482]: Remote inference recovery probe failed; local inference continues and another probe will run in 5.0 s: [Errno -2] Name or service not known
[WARN] [1786002630.015373]: Remote inference recovery probe failed; local inference continues and another probe will run in 5.0 s: [Errno -2] Name or service not known
[WARN] [1786002635.097327]: Remote inference recovery probe failed; local inference continues and another probe will run in 5.0 s: [Errno -2] Name or service not known
[WARN] [1786002640.248386]: Remote inference recovery probe failed; local inference continues and another probe will run in 5.0 s: [Errno -2] Name or service not known
[WARN] [1786002645.434664]: Remote inference recovery probe failed; local inference continues and another probe will run in 5.0 s: [Errno -2] Name or service not known
[WARN] [1786002650.526579]: Remote inference recovery probe failed; local inference continues and another probe will run in 5.0 s: [Errno -2] Name or service not known
[WARN] [1786002655.724445]: Remote inference recovery probe failed; local inference continues and another probe will run in 5.0 s: [Errno -2] Name or service not known
[WARN] [1786002660.792956]: Remote inference recovery probe failed; local inference continues and another probe will run in 5.0 s: [Errno -2] Name or service not known
[WARN] [1786002666.680959]: Remote inference recovery probe failed; local inference continues and another probe will run in 5.0 s: [Errno -2] Name or service not known
[WARN] [1786002671.864722]: Remote inference recovery probe failed; local inference continues and another probe will run in 5.0 s: [Errno -2] Name or service not known
[WARN] [1786002676.948121]: Remote inference recovery probe failed; local inference continues and another probe will run in 5.0 s: [Errno -2] Name or service not known
[WARN] [1786002682.090765]: Remote inference recovery probe failed; local inference continues and another probe will run in 5.0 s: [Errno -2] Name or service not known
[WARN] [1786002687.214633]: Remote inference recovery probe failed; local inference continues and another probe will run in 5.0 s: [Errno -2] Name or service not known
[WARN] [1786002692.335930]: Remote inference recovery probe failed; local inference continues and another probe will run in 5.0 s: [Errno -2] Name or service not known
[WARN] [1786002697.426848]: Remote inference recovery probe failed; local inference continues and another probe will run in 5.0 s: [Errno -2] Name or service not known
[WARN] [1786002702.499473]: Remote inference recovery probe failed; local inference continues and another probe will run in 5.0 s: [Errno -2] Name or service not known
[WARN] [1786002707.589635]: Remote inference recovery probe failed; local inference continues and another probe will run in 5.0 s: [Errno -2] Name or service not known
[WARN] [1786002712.752968]: Remote inference recovery probe failed; local inference continues and another probe will run in 5.0 s: [Errno -2] Name or service not known
[WARN] [1786002717.827315]: Remote inference recovery probe failed; local inference continues and another probe will run in 5.0 s: [Errno -2] Name or service not known
[WARN] [1786002722.981318]: Remote inference recovery probe failed; local inference continues and another probe will run in 5.0 s: [Errno -2] Name or service not known
[WARN] [1786002728.137558]: Remote inference recovery probe failed; local inference continues and another probe will run in 5.0 s: [Errno -2] Name or service not known
[WARN] [1786002733.318812]: Remote inference recovery probe failed; local inference continues and another probe will run in 5.0 s: [Errno -2] Name or service not known
[WARN] [1786002738.407749]: Remote inference recovery probe failed; local inference continues and another probe will run in 5.0 s: [Errno -2] Name or service not known
[WARN] [1786002743.602079]: Remote inference recovery probe failed; local inference continues and another probe will run in 5.0 s: [Errno -2] Name or service not known
[WARN] [1786002748.713265]: Remote inference recovery probe failed; local inference continues and another probe will run in 5.0 s: [Errno -2] Name or service not known
[WARN] [1786002753.812533]: Remote inference recovery probe failed; local inference continues and another probe will run in 5.0 s: [Errno -2] Name or service not known
[WARN] [1786002759.024062]: Remote inference recovery probe failed; local inference continues and another probe will run in 5.0 s: [Errno -2] Name or service not known
[WARN] [1786002764.210558]: Remote inference recovery probe failed; local inference continues and another probe will run in 5.0 s: [Errno -2] Name or service not known
[WARN] [1786002769.362967]: Remote inference recovery probe failed; local inference continues and another probe will run in 5.0 s: [Errno -2] Name or service not known
[WARN] [1786002774.416286]: Remote inference recovery probe failed; local inference continues and another probe will run in 5.0 s: [Errno -2] Name or service not known
[WARN] [1786002779.484490]: Remote inference recovery probe failed; local inference continues and another probe will run in 5.0 s: [Errno -2] Name or service not known
[WARN] [1786002784.573606]: Remote inference recovery probe failed; local inference continues and another probe will run in 5.0 s: [Errno -2] Name or service not known
[WARN] [1786002789.782200]: Remote inference recovery probe failed; local inference continues and another probe will run in 5.0 s: [Errno -2] Name or service not known
[WARN] [1786002794.927486]: Remote inference recovery probe failed; local inference continues and another probe will run in 5.0 s: [Errno -2] Name or service not known
[WARN] [1786002800.115299]: Remote inference recovery probe failed; local inference continues and another probe will run in 5.0 s: [Errno -2] Name or service not known
[WARN] [1786002805.199549]: Remote inference recovery probe failed; local inference continues and another probe will run in 5.0 s: [Errno -2] Name or service not known
[WARN] [1786002810.440251]: Remote inference recovery probe failed; local inference continues and another probe will run in 5.0 s: [Errno -2] Name or service not known
[WARN] [1786002815.594024]: Remote inference recovery probe failed; local inference continues and another probe will run in 5.0 s: [Errno -2] Name or service not known
[WARN] [1786002820.647120]: Remote inference recovery probe failed; local inference continues and another probe will run in 5.0 s: [Errno -2] Name or service not known
[WARN] [1786002825.720100]: Remote inference recovery probe failed; local inference continues and another probe will run in 5.0 s: [Errno -2] Name or service not known
[WARN] [1786002830.890754]: Remote inference recovery probe failed; local inference continues and another probe will run in 5.0 s: [Errno -2] Name or service not known
[WARN] [1786002836.067724]: Remote inference recovery probe failed; local inference continues and another probe will run in 5.0 s: [Errno -2] Name or service not known
[WARN] [1786002841.219534]: Remote inference recovery probe failed; local inference continues and another probe will run in 5.0 s: [Errno -2] Name or service not known
[WARN] [1786002846.261084]: Remote inference recovery probe failed; local inference continues and another probe will run in 5.0 s: [Errno -2] Name or service not known
[WARN] [1786002851.364208]: Remote inference recovery probe failed; local inference continues and another probe will run in 5.0 s: [Errno -2] Name or service not known
[WARN] [1786002856.439337]: Remote inference recovery probe failed; local inference continues and another probe will run in 5.0 s: [Errno -2] Name or service not known
[WARN] [1786002861.633788]: Remote inference recovery probe failed; local inference continues and another probe will run in 5.0 s: [Errno -2] Name or service not known
[WARN] [1786002866.683509]: Remote inference recovery probe failed; local inference continues and another probe will run in 5.0 s: [Errno -2] Name or service not known
[WARN] [1786002871.784343]: Remote inference recovery probe failed; local inference continues and another probe will run in 5.0 s: [Errno -2] Name or service not known
[WARN] [1786002876.983263]: Remote inference recovery probe failed; local inference continues and another probe will run in 5.0 s: [Errno -2] Name or service not known
[WARN] [1786002882.096670]: Remote inference recovery probe failed; local inference continues and another probe will run in 5.0 s: [Errno -2] Name or service not known
[WARN] [1786002887.219150]: Remote inference recovery probe failed; local inference continues and another probe will run in 5.0 s: [Errno -2] Name or service not known
[WARN] [1786002892.337162]: Remote inference recovery probe failed; local inference continues and another probe will run in 5.0 s: [Errno -2] Name or service not known
[WARN] [1786002897.513649]: Remote inference recovery probe failed; local inference continues and another probe will run in 5.0 s: [Errno -2] Name or service not known
[WARN] [1786002902.665695]: Remote inference recovery probe failed; local inference continues and another probe will run in 5.0 s: [Errno -2] Name or service not known
[WARN] [1786002907.744321]: Remote inference recovery probe failed; local inference continues and another probe will run in 5.0 s: [Errno -2] Name or service not known
[WARN] [1786002912.931883]: Remote inference recovery probe failed; local inference continues and another probe will run in 5.0 s: [Errno -2] Name or service not known
[WARN] [1786002918.014645]: Remote inference recovery probe failed; local inference continues and another probe will run in 5.0 s: [Errno -2] Name or service not known
[WARN] [1786002923.103925]: Remote inference recovery probe failed; local inference continues and another probe will run in 5.0 s: [Errno -2] Name or service not known
[WARN] [1786002928.273633]: Remote inference recovery probe failed; local inference continues and another probe will run in 5.0 s: [Errno -2] Name or service not known
[WARN] [1786002933.367727]: Remote inference recovery probe failed; local inference continues and another probe will run in 5.0 s: [Errno -2] Name or service not known
[WARN] [1786002938.512609]: Remote inference recovery probe failed; local inference continues and another probe will run in 5.0 s: [Errno -2] Name or service not known
[WARN] [1786002943.702409]: Remote inference recovery probe failed; local inference continues and another probe will run in 5.0 s: [Errno -2] Name or service not known
[WARN] [1786002948.768777]: Remote inference recovery probe failed; local inference continues and another probe will run in 5.0 s: [Errno -2] Name or service not known
[WARN] [1786002953.836115]: Remote inference recovery probe failed; local inference continues and another probe will run in 5.0 s: [Errno -2] Name or service not known
[WARN] [1786002958.914426]: Remote inference recovery probe failed; local inference continues and another probe will run in 5.0 s: [Errno -2] Name or service not known
[WARN] [1786002963.988396]: Remote inference recovery probe failed; local inference continues and another probe will run in 5.0 s: [Errno -2] Name or service not known
[WARN] [1786002969.062541]: Remote inference recovery probe failed; local inference continues and another probe will run in 5.0 s: [Errno -2] Name or service not known
[WARN] [1786002974.284330]: Remote inference recovery probe failed; local inference continues and another probe will run in 5.0 s: [Errno -2] Name or service not known
[WARN] [1786002979.470193]: Remote inference recovery probe failed; local inference continues and another probe will run in 5.0 s: [Errno -2] Name or service not known
[WARN] [1786002984.522096]: Remote inference recovery probe failed; local inference continues and another probe will run in 5.0 s: [Errno -2] Name or service not known
[WARN] [1786002989.625994]: Remote inference recovery probe failed; local inference continues and another probe will run in 5.0 s: [Errno -2] Name or service not known
[WARN] [1786002994.758175]: Remote inference recovery probe failed; local inference continues and another probe will run in 5.0 s: [Errno -2] Name or service not known
[WARN] [1786002999.933293]: Remote inference recovery probe failed; local inference continues and another probe will run in 5.0 s: [Errno -2] Name or service not known
[WARN] [1786003005.024766]: Remote inference recovery probe failed; local inference continues and another probe will run in 5.0 s: [Errno -2] Name or service not known
[WARN] [1786003010.177607]: Remote inference recovery probe failed; local inference continues and another probe will run in 5.0 s: [Errno -2] Name or service not known
[WARN] [1786003015.314774]: Remote inference recovery probe failed; local inference continues and another probe will run in 5.0 s: [Errno -2] Name or service not known
[WARN] [1786003020.497286]: Remote inference recovery probe failed; local inference continues and another probe will run in 5.0 s: [Errno -2] Name or service not known
[INFO] [1786002687.079981]: RGB-D vision status: model_ready:onnxruntime targets:1 depth:1 tf:1 semantic_masks:2
[INFO] [1786002693.050742]: RGB-D vision status: model_ready:onnxruntime targets:1 depth:1 tf:1 semantic_masks:2
[INFO] [1786002698.091363]: RGB-D vision status: model_ready:onnxruntime targets:0 depth:0 tf:0 semantic_masks:1
[INFO] [1786002703.169382]: RGB-D vision status: model_ready:onnxruntime targets:0 depth:0 tf:0 semantic_masks:1
[INFO] [1786002708.214806]: RGB-D vision status: model_ready:onnxruntime targets:0 depth:0 tf:0 semantic_masks:1
[INFO] [1786002714.384960]: RGB-D vision status: model_ready:onnxruntime targets:1 depth:1 tf:1 semantic_masks:2
[INFO] [1786002719.544042]: RGB-D vision status: model_ready:onnxruntime targets:1 depth:1 tf:1 semantic_masks:2
[INFO] [1786002724.598538]: RGB-D vision status: model_ready:onnxruntime targets:0 depth:0 tf:0 semantic_masks:1
[INFO] [1786002729.708465]: RGB-D vision status: model_ready:onnxruntime targets:0 depth:0 tf:0 semantic_masks:1
[INFO] [1786002735.195657]: RGB-D vision status: model_ready:onnxruntime targets:1 depth:1 tf:1 semantic_masks:2
[INFO] [1786002741.347337]: RGB-D vision status: model_ready:onnxruntime targets:1 depth:1 tf:1 semantic_masks:2
[INFO] [1786002746.541228]: RGB-D vision status: model_ready:onnxruntime targets:1 depth:1 tf:1 semantic_masks:2
[INFO] [1786002751.551287]: RGB-D vision status: model_ready:onnxruntime targets:1 depth:1 tf:1 semantic_masks:2
[INFO] [1786002756.639927]: RGB-D vision status: model_ready:onnxruntime targets:0 depth:0 tf:0 semantic_masks:1
[INFO] [1786002761.665836]: RGB-D vision status: model_ready:onnxruntime targets:1 depth:1 tf:1 semantic_masks:2
[INFO] [1786002767.870677]: RGB-D vision status: model_ready:onnxruntime targets:1 depth:1 tf:1 semantic_masks:2
[INFO] [1786002772.989441]: RGB-D vision status: model_ready:onnxruntime targets:0 depth:0 tf:0 semantic_masks:1
[INFO] [1786002778.024453]: RGB-D vision status: model_ready:onnxruntime targets:0 depth:0 tf:0 semantic_masks:1
[INFO] [1786002783.092608]: RGB-D vision status: model_ready:onnxruntime targets:1 depth:1 tf:1 semantic_masks:2
[INFO] [1786002788.311676]: RGB-D vision status: model_ready:onnxruntime targets:0 depth:0 tf:0 semantic_masks:1
[INFO] [1786002793.879310]: RGB-D vision status: model_ready:onnxruntime targets:1 depth:1 tf:1 semantic_masks:2
[INFO] [1786002798.906474]: RGB-D vision status: model_ready:onnxruntime targets:0 depth:0 tf:0 semantic_masks:1
[INFO] [1786002811.468412]: RGB-D vision status: model_ready:onnxruntime targets:1 depth:1 tf:1 semantic_masks:2
[INFO] [1786002819.333731]: RGB-D vision status: model_ready:onnxruntime targets:1 depth:1 tf:1 semantic_masks:2
[INFO] [1786002824.806561]: RGB-D vision status: model_ready:onnxruntime targets:1 depth:1 tf:1 semantic_masks:2
[INFO] [1786002834.604051]: RGB-D vision status: model_ready:onnxruntime targets:1 depth:1 tf:1 semantic_masks:2
[INFO] [1786002843.896407]: RGB-D vision status: model_ready:onnxruntime targets:1 depth:1 tf:1 semantic_masks:2
[INFO] [1786002849.359639]: RGB-D vision status: model_ready:onnxruntime targets:1 depth:1 tf:1 semantic_masks:2
[INFO] [1786002854.562305]: RGB-D vision status: model_ready:onnxruntime targets:1 depth:1 tf:1 semantic_masks:2
[INFO] [1786002863.244233]: RGB-D vision status: model_ready:onnxruntime targets:1 depth:1 tf:1 semantic_masks:2
[INFO] [1786002868.581402]: RGB-D vision status: model_ready:onnxruntime targets:1 depth:1 tf:1 semantic_masks:2
[INFO] [1786002874.749833]: RGB-D vision status: model_ready:onnxruntime targets:0 depth:0 tf:0 semantic_masks:1
[INFO] [1786002880.727518]: RGB-D vision status: model_ready:onnxruntime targets:1 depth:1 tf:1 semantic_masks:2
[INFO] [1786002885.736873]: RGB-D vision status: model_ready:onnxruntime targets:1 depth:1 tf:1 semantic_masks:2
[INFO] [1786002891.540269]: RGB-D vision status: model_ready:onnxruntime targets:1 depth:1 tf:1 semantic_masks:2
[INFO] [1786002898.210080]: RGB-D vision status: model_ready:onnxruntime targets:1 depth:1 tf:1 semantic_masks:2
[INFO] [1786002903.862715]: RGB-D vision status: model_ready:onnxruntime targets:1 depth:1 tf:1 semantic_masks:2
[INFO] [1786002910.144965]: RGB-D vision status: model_ready:onnxruntime targets:1 depth:1 tf:1 semantic_masks:2
[INFO] [1786002917.347689]: RGB-D vision status: model_ready:onnxruntime targets:1 depth:1 tf:1 semantic_masks:2
[INFO] [1786002922.418510]: RGB-D vision status: model_ready:onnxruntime targets:1 depth:1 tf:1 semantic_masks:2
[INFO] [1786002930.419819]: RGB-D vision status: model_ready:onnxruntime targets:1 depth:1 tf:1 semantic_masks:2
[INFO] [1786002939.862207]: RGB-D vision status: model_ready:onnxruntime targets:1 depth:1 tf:1 semantic_masks:2
[INFO] [1786002945.505533]: RGB-D vision status: model_ready:onnxruntime targets:1 depth:1 tf:1 semantic_masks:2
[INFO] [1786002951.562693]: RGB-D vision status: model_ready:onnxruntime targets:1 depth:1 tf:1 semantic_masks:2
[INFO] [1786002957.714931]: RGB-D vision status: model_ready:onnxruntime targets:1 depth:1 tf:1 semantic_masks:2
[INFO] [1786002964.935703]: RGB-D vision status: model_ready:onnxruntime targets:1 depth:1 tf:1 semantic_masks:2
[INFO] [1786002970.016053]: RGB-D vision status: model_ready:onnxruntime targets:0 depth:0 tf:0 semantic_masks:1
[INFO] [1786002975.073534]: RGB-D vision status: model_ready:onnxruntime targets:1 depth:1 tf:1 semantic_masks:2
[INFO] [1786002981.212999]: RGB-D vision status: model_ready:onnxruntime targets:1 depth:1 tf:1 semantic_masks:2
[INFO] [1786002986.528866]: RGB-D vision status: model_ready:onnxruntime targets:1 depth:1 tf:1 semantic_masks:2
[INFO] [1786002992.043766]: RGB-D vision status: model_ready:onnxruntime targets:0 depth:0 tf:0 semantic_masks:1
[INFO] [1786002997.177191]: RGB-D vision status: model_ready:onnxruntime targets:0 depth:0 tf:0 semantic_masks:1
[INFO] [1786003002.229729]: RGB-D vision status: model_ready:onnxruntime targets:1 depth:1 tf:1 semantic_masks:2
[INFO] [1786003007.489219]: RGB-D vision status: model_ready:onnxruntime targets:1 depth:1 tf:1 semantic_masks:2
[INFO] [1786003012.769765]: RGB-D vision status: model_ready:onnxruntime targets:1 depth:1 tf:1 semantic_masks:2
[INFO] [1786003017.837130]: RGB-D vision status: model_ready:onnxruntime targets:1 depth:1 tf:1 semantic_masks:2
[INFO] [1786003030.585932]: RGB-D vision status: model_ready:onnxruntime targets:1 depth:1 tf:1 semantic_masks:2
[INFO] [1786003036.991651]: RGB-D vision status: model_ready:onnxruntime targets:1 depth:1 tf:1 semantic_masks:2
[INFO] [1786003042.742624]: RGB-D vision status: model_ready:onnxruntime targets:0 depth:0 tf:0 semantic_masks:1
[INFO] [1786003048.043101]: RGB-D vision status: model_ready:onnxruntime targets:1 depth:1 tf:1 semantic_masks:2
[INFO] [1786003053.055288]: RGB-D vision status: model_ready:onnxruntime targets:1 depth:1 tf:1 semantic_masks:2
[INFO] [1786003059.193901]: RGB-D vision status: model_ready:onnxruntime targets:1 depth:1 tf:1 semantic_masks:2
[INFO] [1786003065.349718]: RGB-D vision status: model_ready:onnxruntime targets:1 depth:1 tf:1 semantic_masks:2
[INFO] [1786003070.942978]: RGB-D vision status: model_ready:onnxruntime targets:1 depth:1 tf:1 semantic_masks:2
[INFO] [1786003076.961800]: RGB-D vision status: model_ready:onnxruntime targets:1 depth:1 tf:1 semantic_masks:2
[INFO] [1786003082.162921]: RGB-D vision status: model_ready:onnxruntime targets:0 depth:0 tf:0 semantic_masks:1
[INFO] [1786003087.895180]: RGB-D vision status: model_ready:onnxruntime targets:1 depth:1 tf:1 semantic_masks:2
[INFO] [1786003093.490906]: RGB-D vision status: model_ready:onnxruntime targets:1 depth:1 tf:1 semantic_masks:2
[INFO] [1786003099.188478]: RGB-D vision status: model_ready:onnxruntime targets:1 depth:1 tf:1 semantic_masks:2
[INFO] [1786003104.361790]: RGB-D vision status: model_ready:onnxruntime targets:1 depth:1 tf:1 semantic_masks:2
[INFO] [1786003109.408636]: RGB-D vision status: model_ready:onnxruntime targets:0 depth:0 tf:0 semantic_masks:1
[INFO] [1786003116.452252]: RGB-D vision status: model_ready:onnxruntime targets:1 depth:1 tf:1 semantic_masks:2
[WARN] [1786003025.565692]: Remote inference recovery probe failed; local inference continues and another probe will run in 5.0 s: [Errno -2] Name or service not known
[WARN] [1786003030.698587]: Remote inference recovery probe failed; local inference continues and another probe will run in 5.0 s: [Errno -2] Name or service not known
[WARN] [1786003035.803689]: Remote inference recovery probe failed; local inference continues and another probe will run in 5.0 s: [Errno -2] Name or service not known
[WARN] [1786003040.982627]: Remote inference recovery probe failed; local inference continues and another probe will run in 5.0 s: [Errno -2] Name or service not known
[WARN] [1786003046.137157]: Remote inference recovery probe failed; local inference continues and another probe will run in 5.0 s: [Errno -2] Name or service not known
[WARN] [1786003051.250799]: Remote inference recovery probe failed; local inference continues and another probe will run in 5.0 s: [Errno -2] Name or service not known
[WARN] [1786003056.437726]: Remote inference recovery probe failed; local inference continues and another probe will run in 5.0 s: [Errno -2] Name or service not known
[WARN] [1786003061.607772]: Remote inference recovery probe failed; local inference continues and another probe will run in 5.0 s: [Errno -2] Name or service not known
[WARN] [1786003066.687807]: Remote inference recovery probe failed; local inference continues and another probe will run in 5.0 s: [Errno -2] Name or service not known
[WARN] [1786003071.818770]: Remote inference recovery probe failed; local inference continues and another probe will run in 5.0 s: [Errno -2] Name or service not known
[WARN] [1786003076.958268]: Remote inference recovery probe failed; local inference continues and another probe will run in 5.0 s: [Errno -2] Name or service not known
[WARN] [1786003082.062240]: Remote inference recovery probe failed; local inference continues and another probe will run in 5.0 s: [Errno -2] Name or service not known
[WARN] [1786003087.216575]: Remote inference recovery probe failed; local inference continues and another probe will run in 5.0 s: [Errno -2] Name or service not known
[WARN] [1786003092.291483]: Remote inference recovery probe failed; local inference continues and another probe will run in 5.0 s: [Errno -2] Name or service not known
[WARN] [1786003097.452264]: Remote inference recovery probe failed; local inference continues and another probe will run in 5.0 s: [Errno -2] Name or service not known
[WARN] [1786003102.651393]: Remote inference recovery probe failed; local inference continues and another probe will run in 5.0 s: [Errno -2] Name or service not known
[WARN] [1786003107.791857]: Remote inference recovery probe failed; local inference continues and another probe will run in 5.0 s: [Errno -2] Name or service not known
[WARN] [1786003112.981393]: Remote inference recovery probe failed; local inference continues and another probe will run in 5.0 s: [Errno -2] Name or service not known
[WARN] [1786003118.044205]: Remote inference recovery probe failed; local inference continues and another probe will run in 5.0 s: [Errno -2] Name or service not known
[WARN] [1786003123.124447]: Remote inference recovery probe failed; local inference continues and another probe will run in 5.0 s: [Errno -2] Name or service not known
[WARN] [1786003128.208756]: Remote inference recovery probe failed; local inference continues and another probe will run in 5.0 s: [Errno -2] Name or service not known
[WARN] [1786003133.334993]: Remote inference recovery probe failed; local inference continues and another probe will run in 5.0 s: [Errno -2] Name or service not known
[WARN] [1786003138.386430]: Remote inference recovery probe failed; local inference continues and another probe will run in 5.0 s: [Errno -2] Name or service not known
[WARN] [1786003143.481187]: Remote inference recovery probe failed; local inference continues and another probe will run in 5.0 s: [Errno -2] Name or service not known
[WARN] [1786003148.683424]: Remote inference recovery probe failed; local inference continues and another probe will run in 5.0 s: [Errno -2] Name or service not known
[WARN] [1786003153.754490]: Remote inference recovery probe failed; local inference continues and another probe will run in 5.0 s: [Errno -2] Name or service not known
[WARN] [1786003158.896231]: Remote inference recovery probe failed; local inference continues and another probe will run in 5.0 s: [Errno -2] Name or service not known
[WARN] [1786003163.971020]: Remote inference recovery probe failed; local inference continues and another probe will run in 5.0 s: [Errno -2] Name or service not known
[WARN] [1786003169.093607]: Remote inference recovery probe failed; local inference continues and another probe will run in 5.0 s: [Errno -2] Name or service not known
[WARN] [1786003174.167689]: Remote inference recovery probe failed; local inference continues and another probe will run in 5.0 s: [Errno -2] Name or service not known
[WARN] [1786003179.316093]: Remote inference recovery probe failed; local inference continues and another probe will run in 5.0 s: [Errno -2] Name or service not known
[WARN] [1786003184.529373]: Remote inference recovery probe failed; local inference continues and another probe will run in 5.0 s: [Errno -2] Name or service not known
[WARN] [1786003189.742412]: Remote inference recovery probe failed; local inference continues and another probe will run in 5.0 s: [Errno -2] Name or service not known
[WARN] [1786003194.917126]: Remote inference recovery probe failed; local inference continues and another probe will run in 5.0 s: [Errno -2] Name or service not known
[WARN] [1786003199.995345]: Remote inference recovery probe failed; local inference continues and another probe will run in 5.0 s: [Errno -2] Name or service not known
[WARN] [1786003205.044389]: Remote inference recovery probe failed; local inference continues and another probe will run in 5.0 s: [Errno -2] Name or service not known
[WARN] [1786003210.127381]: Remote inference recovery probe failed; local inference continues and another probe will run in 5.0 s: [Errno -2] Name or service not known
[WARN] [1786003215.215731]: Remote inference recovery probe failed; local inference continues and another probe will run in 5.0 s: [Errno -2] Name or service not known
[WARN] [1786003220.352346]: Remote inference recovery probe failed; local inference continues and another probe will run in 5.0 s: [Errno -2] Name or service not known
[WARN] [1786003225.491914]: Remote inference recovery probe failed; local inference continues and another probe will run in 5.0 s: [Errno -2] Name or service not known
[WARN] [1786003230.693617]: Remote inference recovery probe failed; local inference continues and another probe will run in 5.0 s: [Errno -2] Name or service not known
[WARN] [1786003235.886010]: Remote inference recovery probe failed; local inference continues and another probe will run in 5.0 s: [Errno -2] Name or service not known
[WARN] [1786003241.028412]: Remote inference recovery probe failed; local inference continues and another probe will run in 5.0 s: [Errno -2] Name or service not known
[WARN] [1786003246.119547]: Remote inference recovery probe failed; local inference continues and another probe will run in 5.0 s: [Errno -2] Name or service not known
[WARN] [1786003251.217774]: Remote inference recovery probe failed; local inference continues and another probe will run in 5.0 s: [Errno -2] Name or service not known
[WARN] [1786003256.367787]: Remote inference recovery probe failed; local inference continues and another probe will run in 5.0 s: [Errno -2] Name or service not known
[WARN] [1786003261.443571]: Remote inference recovery probe failed; local inference continues and another probe will run in 5.0 s: [Errno -2] Name or service not known
[WARN] [1786003266.567570]: Remote inference recovery probe failed; local inference continues and another probe will run in 5.0 s: [Errno -2] Name or service not known
[WARN] [1786003271.680007]: Remote inference recovery probe failed; local inference continues and another probe will run in 5.0 s: [Errno -2] Name or service not known
[WARN] [1786003276.906551]: Remote inference recovery probe failed; local inference continues and another probe will run in 5.0 s: [Errno -2] Name or service not known
[WARN] [1786003282.127529]: Remote inference recovery probe failed; local inference continues and another probe will run in 5.0 s: [Errno -2] Name or service not known
[WARN] [1786003287.192531]: Remote inference recovery probe failed; local inference continues and another probe will run in 5.0 s: [Errno -2] Name or service not known
[WARN] [1786003292.274327]: Remote inference recovery probe failed; local inference continues and another probe will run in 5.0 s: [Errno -2] Name or service not known
[WARN] [1786003297.412663]: Remote inference recovery probe failed; local inference continues and another probe will run in 5.0 s: [Errno -2] Name or service not known
[WARN] [1786003302.620005]: Remote inference recovery probe failed; local inference continues and another probe will run in 5.0 s: [Errno -2] Name or service not known
[WARN] [1786003307.688043]: Remote inference recovery probe failed; local inference continues and another probe will run in 5.0 s: [Errno -2] Name or service not known
[WARN] [1786003312.756887]: Remote inference recovery probe failed; local inference continues and another probe will run in 5.0 s: [Errno -2] Name or service not known
[WARN] [1786003317.848524]: Remote inference recovery probe failed; local inference continues and another probe will run in 5.0 s: [Errno -2] Name or service not known
[WARN] [1786003323.059485]: Remote inference recovery probe failed; local inference continues and another probe will run in 5.0 s: [Errno -2] Name or service not known
[WARN] [1786003328.301138]: Remote inference recovery probe failed; local inference continues and another probe will run in 5.0 s: [Errno -2] Name or service not known
[WARN] [1786003333.386061]: Remote inference recovery probe failed; local inference continues and another probe will run in 5.0 s: [Errno -2] Name or service not known
[WARN] [1786003338.585557]: Remote inference recovery probe failed; local inference continues and another probe will run in 5.0 s: [Errno -2] Name or service not known
[WARN] [1786003343.789316]: Remote inference recovery probe failed; local inference continues and another probe will run in 5.0 s: [Errno -2] Name or service not known
[WARN] [1786003348.988580]: Remote inference recovery probe failed; local inference continues and another probe will run in 5.0 s: [Errno -2] Name or service not known
[WARN] [1786003354.056688]: Remote inference recovery probe failed; local inference continues and another probe will run in 5.0 s: [Errno -2] Name or service not known
[WARN] [1786003359.115082]: Remote inference recovery probe failed; local inference continues and another probe will run in 5.0 s: [Errno -2] Name or service not known
[WARN] [1786003364.210718]: Remote inference recovery probe failed; local inference continues and another probe will run in 5.0 s: [Errno -2] Name or service not known
[WARN] [1786003369.261208]: Remote inference recovery probe failed; local inference continues and another probe will run in 5.0 s: [Errno -2] Name or service not known
[WARN] [1786003374.396192]: Remote inference recovery probe failed; local inference continues and another probe will run in 5.0 s: [Errno -2] Name or service not known
[WARN] [1786003379.553656]: Remote inference recovery probe failed; local inference continues and another probe will run in 5.0 s: [Errno -2] Name or service not known
[WARN] [1786003384.638869]: Remote inference recovery probe failed; local inference continues and another probe will run in 5.0 s: [Errno -2] Name or service not known
[WARN] [1786003389.819455]: Remote inference recovery probe failed; local inference continues and another probe will run in 5.0 s: [Errno -2] Name or service not known
[WARN] [1786003395.000794]: Remote inference recovery probe failed; local inference continues and another probe will run in 5.0 s: [Errno -2] Name or service not known
[WARN] [1786003400.147001]: Remote inference recovery probe failed; local inference continues and another probe will run in 5.0 s: [Errno -2] Name or service not known
[WARN] [1786003405.233620]: Remote inference recovery probe failed; local inference continues and another probe will run in 5.0 s: [Errno -2] Name or service not known
[WARN] [1786003410.311986]: Remote inference recovery probe failed; local inference continues and another probe will run in 5.0 s: [Errno -2] Name or service not known
[WARN] [1786003415.374657]: Remote inference recovery probe failed; local inference continues and another probe will run in 5.0 s: [Errno -2] Name or service not known
[WARN] [1786003420.445414]: Remote inference recovery probe failed; local inference continues and another probe will run in 5.0 s: [Errno -2] Name or service not known
[WARN] [1786003425.527886]: Remote inference recovery probe failed; local inference continues and another probe will run in 5.0 s: [Errno -2] Name or service not known
[WARN] [1786003430.667796]: Remote inference recovery probe failed; local inference continues and another probe will run in 5.0 s: [Errno -2] Name or service not known
[WARN] [1786003435.804707]: Remote inference recovery probe failed; local inference continues and another probe will run in 5.0 s: [Errno -2] Name or service not known
[WARN] [1786003440.877840]: Remote inference recovery probe failed; local inference continues and another probe will run in 5.0 s: [Errno -2] Name or service not known
[WARN] [1786003446.001424]: Remote inference recovery probe failed; local inference continues and another probe will run in 5.0 s: [Errno -2] Name or service not known
[WARN] [1786003451.072614]: Remote inference recovery probe failed; local inference continues and another probe will run in 5.0 s: [Errno -2] Name or service not known
[WARN] [1786003456.157484]: Remote inference recovery probe failed; local inference continues and another probe will run in 5.0 s: [Errno -2] Name or service not known
[WARN] [1786003461.356733]: Remote inference recovery probe failed; local inference continues and another probe will run in 5.0 s: [Errno -2] Name or service not known
[WARN] [1786003466.426910]: Remote inference recovery probe failed; local inference continues and another probe will run in 5.0 s: [Errno -2] Name or service not known
[WARN] [1786003471.476708]: Remote inference recovery probe failed; local inference continues and another probe will run in 5.0 s: [Errno -2] Name or service not known
[WARN] [1786003476.560354]: Remote inference recovery probe failed; local inference continues and another probe will run in 5.0 s: [Errno -2] Name or service not known
[WARN] [1786003481.642377]: Remote inference recovery probe failed; local inference continues and another probe will run in 5.0 s: [Errno -2] Name or service not known
[WARN] [1786003486.795775]: Remote inference recovery probe failed; local inference continues and another probe will run in 5.0 s: [Errno -2] Name or service not known
[WARN] [1786003491.983032]: Remote inference recovery probe failed; local inference continues and another probe will run in 5.0 s: [Errno -2] Name or service not known
[WARN] [1786003497.171655]: Remote inference recovery probe failed; local inference continues and another probe will run in 5.0 s: [Errno -2] Name or service not known
[WARN] [1786003502.255544]: Remote inference recovery probe failed; local inference continues and another probe will run in 5.0 s: [Errno -2] Name or service not known
[WARN] [1786003507.334227]: Remote inference recovery probe failed; local inference continues and another probe will run in 5.0 s: [Errno -2] Name or service not known
[WARN] [1786003512.532191]: Remote inference recovery probe failed; local inference continues and another probe will run in 5.0 s: [Errno -2] Name or service not known
[INFO] [1786003122.063631]: RGB-D vision status: model_ready:onnxruntime targets:1 depth:1 tf:1 semantic_masks:2
[INFO] [1786003127.131388]: RGB-D vision status: model_ready:onnxruntime targets:0 depth:0 tf:0 semantic_masks:1
[INFO] [1786003132.382480]: RGB-D vision status: model_ready:onnxruntime targets:1 depth:1 tf:1 semantic_masks:2
[INFO] [1786003137.465719]: RGB-D vision status: model_ready:onnxruntime targets:0 depth:0 tf:0 semantic_masks:1
[INFO] [1786003142.676581]: RGB-D vision status: model_ready:onnxruntime targets:0 depth:0 tf:0 semantic_masks:1
[INFO] [1786003148.551009]: RGB-D vision status: model_ready:onnxruntime targets:1 depth:1 tf:1 semantic_masks:2
[INFO] [1786003156.365985]: RGB-D vision status: model_ready:onnxruntime targets:1 depth:1 tf:1 semantic_masks:2
[INFO] [1786003161.409885]: RGB-D vision status: model_ready:onnxruntime targets:0 depth:0 tf:0 semantic_masks:1
[INFO] [1786003166.428665]: RGB-D vision status: model_ready:onnxruntime targets:1 depth:1 tf:1 semantic_masks:2
[INFO] [1786003172.569657]: RGB-D vision status: model_ready:onnxruntime targets:1 depth:1 tf:1 semantic_masks:2
[INFO] [1786003177.974283]: RGB-D vision status: model_ready:onnxruntime targets:1 depth:1 tf:1 semantic_masks:2
[INFO] [1786003185.957807]: RGB-D vision status: model_ready:onnxruntime targets:1 depth:1 tf:1 semantic_masks:2
[INFO] [1786003191.057942]: RGB-D vision status: model_ready:onnxruntime targets:1 depth:1 tf:1 semantic_masks:2
[INFO] [1786003196.648431]: RGB-D vision status: model_ready:onnxruntime targets:1 depth:1 tf:1 semantic_masks:2
[INFO] [1786003202.391115]: RGB-D vision status: model_ready:onnxruntime targets:1 depth:1 tf:1 semantic_masks:2
[INFO] [1786003207.853784]: RGB-D vision status: model_ready:onnxruntime targets:1 depth:1 tf:1 semantic_masks:2
[INFO] [1786003213.346322]: RGB-D vision status: model_ready:onnxruntime targets:1 depth:1 tf:1 semantic_masks:2
[INFO] [1786003218.604361]: RGB-D vision status: model_ready:onnxruntime targets:1 depth:1 tf:1 semantic_masks:2
[INFO] [1786003223.900983]: RGB-D vision status: model_ready:onnxruntime targets:1 depth:1 tf:1 semantic_masks:2
[INFO] [1786003229.250051]: RGB-D vision status: model_ready:onnxruntime targets:0 depth:0 tf:0 semantic_masks:1
[INFO] [1786003234.942367]: RGB-D vision status: model_ready:onnxruntime targets:1 depth:1 tf:1 semantic_masks:2
[INFO] [1786003240.295040]: RGB-D vision status: model_ready:onnxruntime targets:1 depth:1 tf:1 semantic_masks:2
[INFO] [1786003246.122772]: RGB-D vision status: model_ready:onnxruntime targets:1 depth:1 tf:1 semantic_masks:2
[INFO] [1786003251.465414]: RGB-D vision status: model_ready:onnxruntime targets:1 depth:1 tf:1 semantic_masks:2
[INFO] [1786003260.000528]: RGB-D vision status: model_ready:onnxruntime targets:1 depth:1 tf:1 semantic_masks:2
[INFO] [1786003265.100618]: RGB-D vision status: model_ready:onnxruntime targets:0 depth:0 tf:0 semantic_masks:1
[INFO] [1786003270.461217]: RGB-D vision status: model_ready:onnxruntime targets:1 depth:1 tf:1 semantic_masks:2
[INFO] [1786003275.925797]: RGB-D vision status: model_ready:onnxruntime targets:0 depth:0 tf:0 semantic_masks:1
[INFO] [1786003281.138020]: RGB-D vision status: model_ready:onnxruntime targets:1 depth:1 tf:1 semantic_masks:2
[INFO] [1786003288.397138]: RGB-D vision status: model_ready:onnxruntime targets:1 depth:1 tf:1 semantic_masks:2
[INFO] [1786003293.878580]: RGB-D vision status: model_ready:onnxruntime targets:1 depth:1 tf:1 semantic_masks:2
[INFO] [1786003300.354985]: RGB-D vision status: model_ready:onnxruntime targets:1 depth:1 tf:1 semantic_masks:2
[INFO] [1786003305.575552]: RGB-D vision status: model_ready:onnxruntime targets:1 depth:1 tf:1 semantic_masks:2
[INFO] [1786003310.656589]: RGB-D vision status: model_ready:onnxruntime targets:1 depth:1 tf:1 semantic_masks:2
[INFO] [1786003316.093537]: RGB-D vision status: model_ready:onnxruntime targets:1 depth:1 tf:1 semantic_masks:2
[INFO] [1786003322.092431]: RGB-D vision status: model_ready:onnxruntime targets:1 depth:1 tf:1 semantic_masks:2
[INFO] [1786003328.766471]: RGB-D vision status: model_ready:onnxruntime targets:1 depth:1 tf:1 semantic_masks:2
[INFO] [1786003334.715832]: RGB-D vision status: model_ready:onnxruntime targets:1 depth:1 tf:1 semantic_masks:2
[INFO] [1786003340.448822]: RGB-D vision status: model_ready:onnxruntime targets:0 depth:0 tf:0 semantic_masks:1
[INFO] [1786003345.775384]: RGB-D vision status: model_ready:onnxruntime targets:1 depth:1 tf:1 semantic_masks:2
[INFO] [1786003350.993298]: RGB-D vision status: model_ready:onnxruntime targets:1 depth:1 tf:1 semantic_masks:2
[INFO] [1786003356.324706]: RGB-D vision status: model_ready:onnxruntime targets:1 depth:1 tf:1 semantic_masks:2
[INFO] [1786003361.667756]: RGB-D vision status: model_ready:onnxruntime targets:1 depth:1 tf:1 semantic_masks:2
[INFO] [1786003367.934241]: RGB-D vision status: model_ready:onnxruntime targets:1 depth:1 tf:1 semantic_masks:2
[INFO] [1786003373.078648]: RGB-D vision status: model_ready:onnxruntime targets:1 depth:1 tf:1 semantic_masks:2
[INFO] [1786003379.676219]: RGB-D vision status: model_ready:onnxruntime targets:1 depth:1 tf:1 semantic_masks:2
[INFO] [1786003384.754507]: RGB-D vision status: model_ready:onnxruntime targets:0 depth:0 tf:0 semantic_masks:1
[INFO] [1786003390.764370]: RGB-D vision status: model_ready:onnxruntime targets:1 depth:1 tf:1 semantic_masks:2
[INFO] [1786003396.189285]: RGB-D vision status: model_ready:onnxruntime targets:1 depth:1 tf:1 semantic_masks:2
[INFO] [1786003402.951121]: RGB-D vision status: model_ready:onnxruntime targets:1 depth:1 tf:1 semantic_masks:2
[INFO] [1786003408.335445]: RGB-D vision status: model_ready:onnxruntime targets:1 depth:1 tf:1 semantic_masks:2
[INFO] [1786003413.508752]: RGB-D vision status: model_ready:onnxruntime targets:0 depth:0 tf:0 semantic_masks:1
[INFO] [1786003418.581161]: RGB-D vision status: model_ready:onnxruntime targets:1 depth:1 tf:1 semantic_masks:2
[INFO] [1786003423.801814]: RGB-D vision status: model_ready:onnxruntime targets:1 depth:1 tf:1 semantic_masks:2
[INFO] [1786003429.604448]: RGB-D vision status: model_ready:onnxruntime targets:1 depth:1 tf:1 semantic_masks:2
[INFO] [1786003435.009117]: RGB-D vision status: model_ready:onnxruntime targets:0 depth:0 tf:0 semantic_masks:1
[INFO] [1786003441.197119]: RGB-D vision status: model_ready:onnxruntime targets:1 depth:1 tf:1 semantic_masks:2
[INFO] [1786003451.211759]: RGB-D vision status: model_ready:onnxruntime targets:1 depth:1 tf:1 semantic_masks:2
[INFO] [1786003456.284934]: RGB-D vision status: model_ready:onnxruntime targets:0 depth:0 tf:0 semantic_masks:1
[INFO] [1786003461.464605]: RGB-D vision status: model_ready:onnxruntime targets:0 depth:0 tf:0 semantic_masks:1
[INFO] [1786003467.099835]: RGB-D vision status: model_ready:onnxruntime targets:1 depth:1 tf:1 semantic_masks:2
[INFO] [1786003472.992136]: RGB-D vision status: model_ready:onnxruntime targets:0 depth:0 tf:0 semantic_masks:1
[INFO] [1786003479.889924]: RGB-D vision status: model_ready:onnxruntime targets:1 depth:1 tf:1 semantic_masks:2
[INFO] [1786003484.915141]: RGB-D vision status: model_ready:onnxruntime targets:0 depth:0 tf:0 semantic_masks:1
[INFO] [1786003489.920158]: RGB-D vision status: model_ready:onnxruntime targets:1 depth:1 tf:1 semantic_masks:2
[INFO] [1786003495.066854]: RGB-D vision status: model_ready:onnxruntime targets:0 depth:0 tf:0 semantic_masks:1
[INFO] [1786003505.717339]: RGB-D vision status: model_ready:onnxruntime targets:1 depth:1 tf:1 semantic_masks:2
[INFO] [1786003512.795363]: RGB-D vision status: model_ready:onnxruntime targets:1 depth:1 tf:1 semantic_masks:2
[INFO] [1786003518.248168]: RGB-D vision status: model_ready:onnxruntime targets:1 depth:1 tf:1 semantic_masks:2
[INFO] [1786003524.948617]: RGB-D vision status: model_ready:onnxruntime targets:1 depth:1 tf:1 semantic_masks:2
[INFO] [1786003530.094635]: RGB-D vision status: model_ready:onnxruntime targets:1 depth:1 tf:1 semantic_masks:2
[INFO] [1786003535.170852]: RGB-D vision status: model_ready:onnxruntime targets:0 depth:0 tf:0 semantic_masks:1
[WARN] [1786003517.604313]: Remote inference recovery probe failed; local inference continues and another probe will run in 5.0 s: [Errno -2] Name or service not known
[WARN] [1786003522.663756]: Remote inference recovery probe failed; local inference continues and another probe will run in 5.0 s: [Errno -2] Name or service not known
[WARN] [1786003527.828341]: Remote inference recovery probe failed; local inference continues and another probe will run in 5.0 s: [Errno -2] Name or service not known
[WARN] [1786003533.029313]: Remote inference recovery probe failed; local inference continues and another probe will run in 5.0 s: [Errno -2] Name or service not known
[WARN] [1786003538.211270]: Remote inference recovery probe failed; local inference continues and another probe will run in 5.0 s: [Errno -2] Name or service not known
[WARN] [1786003543.291494]: Remote inference recovery probe failed; local inference continues and another probe will run in 5.0 s: [Errno -2] Name or service not known
[WARN] [1786003548.358717]: Remote inference recovery probe failed; local inference continues and another probe will run in 5.0 s: [Errno -2] Name or service not known
[WARN] [1786003553.442379]: Remote inference recovery probe failed; local inference continues and another probe will run in 5.0 s: [Errno -2] Name or service not known
[WARN] [1786003558.642670]: Remote inference recovery probe failed; local inference continues and another probe will run in 5.0 s: [Errno -2] Name or service not known
[WARN] [1786003563.752530]: Remote inference recovery probe failed; local inference continues and another probe will run in 5.0 s: [Errno -2] Name or service not known
[WARN] [1786003568.854678]: Remote inference recovery probe failed; local inference continues and another probe will run in 5.0 s: [Errno -2] Name or service not known
[WARN] [1786003574.066205]: Remote inference recovery probe failed; local inference continues and another probe will run in 5.0 s: [Errno -2] Name or service not known
[WARN] [1786003579.279369]: Remote inference recovery probe failed; local inference continues and another probe will run in 5.0 s: [Errno -2] Name or service not known
[WARN] [1786003584.446912]: Remote inference recovery probe failed; local inference continues and another probe will run in 5.0 s: [Errno -2] Name or service not known
[WARN] [1786003589.596026]: Remote inference recovery probe failed; local inference continues and another probe will run in 5.0 s: [Errno -2] Name or service not known
[WARN] [1786003594.675539]: Remote inference recovery probe failed; local inference continues and another probe will run in 5.0 s: [Errno -2] Name or service not known
[WARN] [1786003599.874894]: Remote inference recovery probe failed; local inference continues and another probe will run in 5.0 s: [Errno -2] Name or service not known
[WARN] [1786003605.010242]: Remote inference recovery probe failed; local inference continues and another probe will run in 5.0 s: [Errno -2] Name or service not known
[WARN] [1786003610.085553]: Remote inference recovery probe failed; local inference continues and another probe will run in 5.0 s: [Errno -2] Name or service not known
[WARN] [1786003615.139243]: Remote inference recovery probe failed; local inference continues and another probe will run in 5.0 s: [Errno -2] Name or service not known
[WARN] [1786003620.318821]: Remote inference recovery probe failed; local inference continues and another probe will run in 5.0 s: [Errno -2] Name or service not known
[WARN] [1786003625.517960]: Remote inference recovery probe failed; local inference continues and another probe will run in 5.0 s: [Errno -2] Name or service not known
[WARN] [1786003630.643197]: Remote inference recovery probe failed; local inference continues and another probe will run in 5.0 s: [Errno -2] Name or service not known
[WARN] [1786003635.775848]: Remote inference recovery probe failed; local inference continues and another probe will run in 5.0 s: [Errno -2] Name or service not known
[WARN] [1786003640.926561]: Remote inference recovery probe failed; local inference continues and another probe will run in 5.0 s: [Errno -2] Name or service not known
[WARN] [1786003646.114939]: Remote inference recovery probe failed; local inference continues and another probe will run in 5.0 s: [Errno -2] Name or service not known
[WARN] [1786003651.189797]: Remote inference recovery probe failed; local inference continues and another probe will run in 5.0 s: [Errno -2] Name or service not known
[WARN] [1786003656.392950]: Remote inference recovery probe failed; local inference continues and another probe will run in 5.0 s: [Errno -2] Name or service not known
[WARN] [1786003661.598443]: Remote inference recovery probe failed; local inference continues and another probe will run in 5.0 s: [Errno -2] Name or service not known
[WARN] [1786003666.799687]: Remote inference recovery probe failed; local inference continues and another probe will run in 5.0 s: [Errno -2] Name or service not known
[WARN] [1786003671.806188]: Remote inference recovery probe failed; local inference continues and another probe will run in 5.0 s: [Errno -2] Name or service not known
[WARN] [1786003676.882357]: Remote inference recovery probe failed; local inference continues and another probe will run in 5.0 s: [Errno -2] Name or service not known
[WARN] [1786003682.010942]: Remote inference recovery probe failed; local inference continues and another probe will run in 5.0 s: [Errno -2] Name or service not known
[WARN] [1786003687.115103]: Remote inference recovery probe failed; local inference continues and another probe will run in 5.0 s: [Errno -2] Name or service not known
[WARN] [1786003692.288743]: Remote inference recovery probe failed; local inference continues and another probe will run in 5.0 s: [Errno -2] Name or service not known
[WARN] [1786003697.367869]: Remote inference recovery probe failed; local inference continues and another probe will run in 5.0 s: [Errno -2] Name or service not known
[WARN] [1786003702.573763]: Remote inference recovery probe failed; local inference continues and another probe will run in 5.0 s: [Errno -2] Name or service not known
[WARN] [1786003707.681538]: Remote inference recovery probe failed; local inference continues and another probe will run in 5.0 s: [Errno -2] Name or service not known
[WARN] [1786003712.814590]: Remote inference recovery probe failed; local inference continues and another probe will run in 5.0 s: [Errno -2] Name or service not known
[WARN] [1786003717.906735]: Remote inference recovery probe failed; local inference continues and another probe will run in 5.0 s: [Errno -2] Name or service not known
[WARN] [1786003722.975248]: Remote inference recovery probe failed; local inference continues and another probe will run in 5.0 s: [Errno -2] Name or service not known
[WARN] [1786003728.055601]: Remote inference recovery probe failed; local inference continues and another probe will run in 5.0 s: [Errno -2] Name or service not known
[WARN] [1786003733.250849]: Remote inference recovery probe failed; local inference continues and another probe will run in 5.0 s: [Errno -2] Name or service not known
[WARN] [1786003738.381856]: Remote inference recovery probe failed; local inference continues and another probe will run in 5.0 s: [Errno -2] Name or service not known
[WARN] [1786003743.474159]: Remote inference recovery probe failed; local inference continues and another probe will run in 5.0 s: [Errno -2] Name or service not known
[WARN] [1786003748.659946]: Remote inference recovery probe failed; local inference continues and another probe will run in 5.0 s: [Errno -2] Name or service not known
[WARN] [1786003753.744314]: Remote inference recovery probe failed; local inference continues and another probe will run in 5.0 s: [Errno -2] Name or service not known
[WARN] [1786003758.833987]: Remote inference recovery probe failed; local inference continues and another probe will run in 5.0 s: [Errno -2] Name or service not known
[INFO] [1786003543.957434]: RGB-D vision status: model_ready:onnxruntime targets:1 depth:1 tf:1 semantic_masks:2
[INFO] [1786003552.237142]: RGB-D vision status: model_ready:onnxruntime targets:1 depth:1 tf:1 semantic_masks:2
[INFO] [1786003558.757293]: RGB-D vision status: model_ready:onnxruntime targets:1 depth:1 tf:1 semantic_masks:2
[INFO] [1786003564.047162]: RGB-D vision status: model_ready:onnxruntime targets:1 depth:1 tf:1 semantic_masks:2
[INFO] [1786003570.445790]: RGB-D vision status: model_ready:onnxruntime targets:1 depth:1 tf:1 semantic_masks:2
[INFO] [1786003576.041134]: RGB-D vision status: model_ready:onnxruntime targets:1 depth:1 tf:1 semantic_masks:2
[INFO] [1786003581.254568]: RGB-D vision status: model_ready:onnxruntime targets:0 depth:0 tf:0 semantic_masks:1
[INFO] [1786003586.258961]: RGB-D vision status: model_ready:onnxruntime targets:0 depth:0 tf:0 semantic_masks:1
[INFO] [1786003591.740681]: RGB-D vision status: model_ready:onnxruntime targets:1 depth:1 tf:1 semantic_masks:2
[INFO] [1786003597.226717]: RGB-D vision status: model_ready:onnxruntime targets:1 depth:1 tf:1 semantic_masks:2
[INFO] [1786003603.324476]: RGB-D vision status: model_ready:onnxruntime targets:1 depth:1 tf:1 semantic_masks:2
[INFO] [1786003608.335161]: RGB-D vision status: model_ready:onnxruntime targets:0 depth:0 tf:0 semantic_masks:1
[INFO] [1786003615.142869]: RGB-D vision status: model_ready:onnxruntime targets:1 depth:1 tf:1 semantic_masks:2
[INFO] [1786003620.199919]: RGB-D vision status: model_ready:onnxruntime targets:1 depth:1 tf:1 semantic_masks:2
[INFO] [1786003625.628536]: RGB-D vision status: model_ready:onnxruntime targets:1 depth:1 tf:1 semantic_masks:2
[INFO] [1786003631.184891]: RGB-D vision status: model_ready:onnxruntime targets:0 depth:0 tf:0 semantic_masks:1
[INFO] [1786003636.318693]: RGB-D vision status: model_ready:onnxruntime targets:1 depth:1 tf:1 semantic_masks:2
[INFO] [1786003641.333287]: RGB-D vision status: model_ready:onnxruntime targets:0 depth:0 tf:0 semantic_masks:1
[INFO] [1786003646.900958]: RGB-D vision status: model_ready:onnxruntime targets:1 depth:1 tf:1 semantic_masks:2
[INFO] [1786003655.581260]: RGB-D vision status: model_ready:onnxruntime targets:1 depth:1 tf:1 semantic_masks:2
[INFO] [1786003660.782183]: RGB-D vision status: model_ready:onnxruntime targets:0 depth:0 tf:0 semantic_masks:1
[INFO] [1786003666.147172]: RGB-D vision status: model_ready:onnxruntime targets:1 depth:1 tf:1 semantic_masks:2
[INFO] [1786003671.212433]: RGB-D vision status: model_ready:onnxruntime targets:0 depth:0 tf:0 semantic_masks:1
[INFO] [1786003677.160803]: RGB-D vision status: model_ready:onnxruntime targets:1 depth:1 tf:1 semantic_masks:2
[INFO] [1786003686.716558]: RGB-D vision status: model_ready:onnxruntime targets:1 depth:1 tf:1 semantic_masks:2
[INFO] [1786003697.751645]: RGB-D vision status: model_ready:onnxruntime targets:1 depth:1 tf:1 semantic_masks:2
[INFO] [1786003702.944827]: RGB-D vision status: model_ready:onnxruntime targets:1 depth:1 tf:1 semantic_masks:2
[INFO] [1786003709.431255]: RGB-D vision status: model_ready:onnxruntime targets:1 depth:1 tf:1 semantic_masks:2
[INFO] [1786003714.855738]: RGB-D vision status: model_ready:onnxruntime targets:1 depth:1 tf:1 semantic_masks:2
[INFO] [1786003720.637941]: RGB-D vision status: model_ready:onnxruntime targets:1 depth:1 tf:1 semantic_masks:2
[INFO] [1786003726.033813]: RGB-D vision status: model_ready:onnxruntime targets:1 depth:1 tf:1 semantic_masks:2
[INFO] [1786003731.255179]: RGB-D vision status: model_ready:onnxruntime targets:0 depth:0 tf:0 semantic_masks:1
[INFO] [1786003737.906758]: RGB-D vision status: model_ready:onnxruntime targets:1 depth:1 tf:1 semantic_masks:2
[INFO] [1786003743.123734]: RGB-D vision status: model_ready:onnxruntime targets:1 depth:1 tf:1 semantic_masks:2
[INFO] [1786003748.151356]: RGB-D vision status: model_ready:onnxruntime targets:1 depth:1 tf:1 semantic_masks:2
[INFO] [1786003753.204008]: RGB-D vision status: model_ready:onnxruntime targets:1 depth:1 tf:1 semantic_masks:2
[INFO] [1786003758.293791]: RGB-D vision status: model_ready:onnxruntime targets:1 depth:1 tf:1 semantic_masks:2
[INFO] [1786003763.416971]: RGB-D vision status: model_ready:onnxruntime targets:1 depth:1 tf:1 semantic_masks:2
[INFO] [1786003772.628969]: RGB-D vision status: model_ready:onnxruntime targets:1 depth:1 tf:1 semantic_masks:2
[INFO] [1786003777.949037]: RGB-D vision status: model_ready:onnxruntime targets:1 depth:1 tf:1 semantic_masks:2
[INFO] [1786003784.921278]: RGB-D vision status: model_ready:onnxruntime targets:1 depth:1 tf:1 semantic_masks:2
[INFO] [1786003790.109799]: RGB-D vision status: model_ready:onnxruntime targets:0 depth:0 tf:0 semantic_masks:1
[INFO] [1786003795.190676]: RGB-D vision status: model_ready:onnxruntime targets:1 depth:1 tf:1 semantic_masks:2
[INFO] [1786003810.003435]: RGB-D vision status: model_ready:onnxruntime targets:1 depth:1 tf:1 semantic_masks:2
[INFO] [1786003815.198712]: RGB-D vision status: model_ready:onnxruntime targets:0 depth:0 tf:0 semantic_masks:1
[INFO] [1786003822.004441]: RGB-D vision status: model_ready:onnxruntime targets:1 depth:1 tf:1 semantic_masks:2
[INFO] [1786003827.289413]: RGB-D vision status: model_ready:onnxruntime targets:1 depth:1 tf:1 semantic_masks:2
[INFO] [1786003832.460113]: RGB-D vision status: model_ready:onnxruntime targets:0 depth:0 tf:0 semantic_masks:1
[INFO] [1786003837.666165]: RGB-D vision status: model_ready:onnxruntime targets:0 depth:0 tf:0 semantic_masks:1
[INFO] [1786003844.225671]: RGB-D vision status: model_ready:onnxruntime targets:1 depth:1 tf:1 semantic_masks:2
[INFO] [1786003849.292759]: RGB-D vision status: model_ready:onnxruntime targets:1 depth:1 tf:1 semantic_masks:2
[INFO] [1786003854.887736]: RGB-D vision status: model_ready:onnxruntime targets:1 depth:1 tf:1 semantic_masks:2
[INFO] [1786003859.957420]: RGB-D vision status: model_ready:onnxruntime targets:1 depth:1 tf:1 semantic_masks:2
[INFO] [1786003865.993667]: RGB-D vision status: model_ready:onnxruntime targets:1 depth:1 tf:1 semantic_masks:2
[INFO] [1786003871.448434]: RGB-D vision status: model_ready:onnxruntime targets:1 depth:1 tf:1 semantic_masks:2
[INFO] [1786003878.009196]: RGB-D vision status: model_ready:onnxruntime targets:1 depth:1 tf:1 semantic_masks:2
[INFO] [1786003883.044607]: RGB-D vision status: model_ready:onnxruntime targets:0 depth:0 tf:0 semantic_masks:1
[INFO] [1786003888.925550]: RGB-D vision status: model_ready:onnxruntime targets:1 depth:1 tf:1 semantic_masks:2
[INFO] [1786003894.390176]: RGB-D vision status: model_ready:onnxruntime targets:1 depth:1 tf:1 semantic_masks:2
[INFO] [1786003899.875996]: RGB-D vision status: model_ready:onnxruntime targets:1 depth:1 tf:1 semantic_masks:2
[INFO] [1786003905.736642]: RGB-D vision status: model_ready:onnxruntime targets:0 depth:0 tf:0 semantic_masks:1
[INFO] [1786003911.623427]: RGB-D vision status: model_ready:onnxruntime targets:1 depth:1 tf:1 semantic_masks:2
[INFO] [1786003918.889859]: RGB-D vision status: model_ready:onnxruntime targets:1 depth:1 tf:1 semantic_masks:2
[INFO] [1786003924.382652]: RGB-D vision status: model_ready:onnxruntime targets:1 depth:1 tf:1 semantic_masks:2
[INFO] [1786003929.634807]: RGB-D vision status: model_ready:onnxruntime targets:1 depth:1 tf:1 semantic_masks:2
[INFO] [1786003935.164285]: RGB-D vision status: model_ready:onnxruntime targets:0 depth:0 tf:0 semantic_masks:1
[INFO] [1786003940.834298]: RGB-D vision status: model_ready:onnxruntime targets:1 depth:1 tf:1 semantic_masks:2
[INFO] [1786003945.915081]: RGB-D vision status: model_ready:onnxruntime targets:1 depth:1 tf:1 semantic_masks:2
[INFO] [1786003951.792762]: RGB-D vision status: model_ready:onnxruntime targets:1 depth:1 tf:1 semantic_masks:2
[INFO] [1786003958.616103]: RGB-D vision status: model_ready:onnxruntime targets:1 depth:1 tf:1 semantic_masks:2
[INFO] [1786003965.528463]: RGB-D vision status: model_ready:onnxruntime targets:1 depth:1 tf:1 semantic_masks:2
[INFO] [1786003970.671765]: RGB-D vision status: model_ready:onnxruntime targets:1 depth:1 tf:1 semantic_masks:2
[WARN] [1786003763.956404]: Remote inference recovery probe failed; local inference continues and another probe will run in 5.0 s: [Errno -2] Name or service not known
[WARN] [1786003769.151244]: Remote inference recovery probe failed; local inference continues and another probe will run in 5.0 s: [Errno -2] Name or service not known
[WARN] [1786003774.222482]: Remote inference recovery probe failed; local inference continues and another probe will run in 5.0 s: [Errno -2] Name or service not known
[WARN] [1786003779.341065]: Remote inference recovery probe failed; local inference continues and another probe will run in 5.0 s: [Errno -2] Name or service not known
[WARN] [1786003784.491079]: Remote inference recovery probe failed; local inference continues and another probe will run in 5.0 s: [Errno -2] Name or service not known
[WARN] [1786003789.569847]: Remote inference recovery probe failed; local inference continues and another probe will run in 5.0 s: [Errno -2] Name or service not known
[WARN] [1786003794.642792]: Remote inference recovery probe failed; local inference continues and another probe will run in 5.0 s: [Errno -2] Name or service not known
[WARN] [1786003799.723962]: Remote inference recovery probe failed; local inference continues and another probe will run in 5.0 s: [Errno -2] Name or service not known
[WARN] [1786003804.934860]: Remote inference recovery probe failed; local inference continues and another probe will run in 5.0 s: [Errno -2] Name or service not known
[WARN] [1786003810.131939]: Remote inference recovery probe failed; local inference continues and another probe will run in 5.0 s: [Errno -2] Name or service not known
[WARN] [1786003815.269166]: Remote inference recovery probe failed; local inference continues and another probe will run in 5.0 s: [Errno -2] Name or service not known
[WARN] [1786003820.403370]: Remote inference recovery probe failed; local inference continues and another probe will run in 5.0 s: [Errno -2] Name or service not known
[WARN] [1786003825.535553]: Remote inference recovery probe failed; local inference continues and another probe will run in 5.0 s: [Errno -2] Name or service not known
[WARN] [1786003830.614777]: Remote inference recovery probe failed; local inference continues and another probe will run in 5.0 s: [Errno -2] Name or service not known
[WARN] [1786003835.790843]: Remote inference recovery probe failed; local inference continues and another probe will run in 5.0 s: [Errno -2] Name or service not known
[WARN] [1786003840.875759]: Remote inference recovery probe failed; local inference continues and another probe will run in 5.0 s: [Errno -2] Name or service not known
[WARN] [1786003845.958404]: Remote inference recovery probe failed; local inference continues and another probe will run in 5.0 s: [Errno -2] Name or service not known
[WARN] [1786003851.062608]: Remote inference recovery probe failed; local inference continues and another probe will run in 5.0 s: [Errno -2] Name or service not known
[WARN] [1786003856.244769]: Remote inference recovery probe failed; local inference continues and another probe will run in 5.0 s: [Errno -2] Name or service not known
[WARN] [1786003861.426060]: Remote inference recovery probe failed; local inference continues and another probe will run in 5.0 s: [Errno -2] Name or service not known
[WARN] [1786003866.512494]: Remote inference recovery probe failed; local inference continues and another probe will run in 5.0 s: [Errno -2] Name or service not known
[WARN] [1786003871.716482]: Remote inference recovery probe failed; local inference continues and another probe will run in 5.0 s: [Errno -2] Name or service not known
[WARN] [1786003876.924532]: Remote inference recovery probe failed; local inference continues and another probe will run in 5.0 s: [Errno -2] Name or service not known
[WARN] [1786003882.112773]: Remote inference recovery probe failed; local inference continues and another probe will run in 5.0 s: [Errno -2] Name or service not known
[WARN] [1786003887.217164]: Remote inference recovery probe failed; local inference continues and another probe will run in 5.0 s: [Errno -2] Name or service not known
[WARN] [1786003892.395539]: Remote inference recovery probe failed; local inference continues and another probe will run in 5.0 s: [Errno -2] Name or service not known
[WARN] [1786003897.589619]: Remote inference recovery probe failed; local inference continues and another probe will run in 5.0 s: [Errno -2] Name or service not known
[WARN] [1786003902.675396]: Remote inference recovery probe failed; local inference continues and another probe will run in 5.0 s: [Errno -2] Name or service not known
[WARN] [1786003907.741899]: Remote inference recovery probe failed; local inference continues and another probe will run in 5.0 s: [Errno -2] Name or service not known
[WARN] [1786003912.804026]: Remote inference recovery probe failed; local inference continues and another probe will run in 5.0 s: [Errno -2] Name or service not known
[WARN] [1786003917.942741]: Remote inference recovery probe failed; local inference continues and another probe will run in 5.0 s: [Errno -2] Name or service not known
[WARN] [1786003923.019648]: Remote inference recovery probe failed; local inference continues and another probe will run in 5.0 s: [Errno -2] Name or service not known
[WARN] [1786003928.139928]: Remote inference recovery probe failed; local inference continues and another probe will run in 5.0 s: [Errno -2] Name or service not known
[WARN] [1786003933.212621]: Remote inference recovery probe failed; local inference continues and another probe will run in 5.0 s: [Errno -2] Name or service not known
[WARN] [1786003938.369693]: Remote inference recovery probe failed; local inference continues and another probe will run in 5.0 s: [Errno -2] Name or service not known
[WARN] [1786003943.504633]: Remote inference recovery probe failed; local inference continues and another probe will run in 5.0 s: [Errno -2] Name or service not known
[WARN] [1786003948.578728]: Remote inference recovery probe failed; local inference continues and another probe will run in 5.0 s: [Errno -2] Name or service not known
[WARN] [1786003953.652838]: Remote inference recovery probe failed; local inference continues and another probe will run in 5.0 s: [Errno -2] Name or service not known
[WARN] [1786003958.745606]: Remote inference recovery probe failed; local inference continues and another probe will run in 5.0 s: [Errno -2] Name or service not known
[WARN] [1786003963.974470]: Remote inference recovery probe failed; local inference continues and another probe will run in 5.0 s: [Errno -2] Name or service not known
[WARN] [1786003969.068757]: Remote inference recovery probe failed; local inference continues and another probe will run in 5.0 s: [Errno -2] Name or service not known
[WARN] [1786003974.287586]: Remote inference recovery probe failed; local inference continues and another probe will run in 5.0 s: [Errno -2] Name or service not known
[WARN] [1786003979.464538]: Remote inference recovery probe failed; local inference continues and another probe will run in 5.0 s: [Errno -2] Name or service not known
[WARN] [1786003984.576645]: Remote inference recovery probe failed; local inference continues and another probe will run in 5.0 s: [Errno -2] Name or service not known
[WARN] [1786003989.686940]: Remote inference recovery probe failed; local inference continues and another probe will run in 5.0 s: [Errno -2] Name or service not known
[WARN] [1786003994.863004]: Remote inference recovery probe failed; local inference continues and another probe will run in 5.0 s: [Errno -2] Name or service not known
[WARN] [1786003999.941669]: Remote inference recovery probe failed; local inference continues and another probe will run in 5.0 s: [Errno -2] Name or service not known
[WARN] [1786004005.004058]: Remote inference recovery probe failed; local inference continues and another probe will run in 5.0 s: [Errno -2] Name or service not known
[WARN] [1786004010.094365]: Remote inference recovery probe failed; local inference continues and another probe will run in 5.0 s: [Errno -2] Name or service not known
[WARN] [1786004015.157467]: Remote inference recovery probe failed; local inference continues and another probe will run in 5.0 s: [Errno -2] Name or service not known
[WARN] [1786004020.236058]: Remote inference recovery probe failed; local inference continues and another probe will run in 5.0 s: [Errno -2] Name or service not known
[WARN] [1786004025.314165]: Remote inference recovery probe failed; local inference continues and another probe will run in 5.0 s: [Errno -2] Name or service not known
[WARN] [1786004030.449888]: Remote inference recovery probe failed; local inference continues and another probe will run in 5.0 s: [Errno -2] Name or service not known
[WARN] [1786004035.592888]: Remote inference recovery probe failed; local inference continues and another probe will run in 5.0 s: [Errno -2] Name or service not known
[WARN] [1786004040.774524]: Remote inference recovery probe failed; local inference continues and another probe will run in 5.0 s: [Errno -2] Name or service not known
[WARN] [1786004045.866336]: Remote inference recovery probe failed; local inference continues and another probe will run in 5.0 s: [Errno -2] Name or service not known
[WARN] [1786004050.985273]: Remote inference recovery probe failed; local inference continues and another probe will run in 5.0 s: [Errno -2] Name or service not known
[WARN] [1786004056.070349]: Remote inference recovery probe failed; local inference continues and another probe will run in 5.0 s: [Errno -2] Name or service not known
[WARN] [1786004061.217011]: Remote inference recovery probe failed; local inference continues and another probe will run in 5.0 s: [Errno -2] Name or service not known
[WARN] [1786004066.280913]: Remote inference recovery probe failed; local inference continues and another probe will run in 5.0 s: [Errno -2] Name or service not known
[WARN] [1786004071.355024]: Remote inference recovery probe failed; local inference continues and another probe will run in 5.0 s: [Errno -2] Name or service not known
[WARN] [1786004076.560476]: Remote inference recovery probe failed; local inference continues and another probe will run in 5.0 s: [Errno -2] Name or service not known
[WARN] [1786004081.753484]: Remote inference recovery probe failed; local inference continues and another probe will run in 5.0 s: [Errno -2] Name or service not known
[WARN] [1786004086.823992]: Remote inference recovery probe failed; local inference continues and another probe will run in 5.0 s: [Errno -2] Name or service not known
[WARN] [1786004091.970338]: Remote inference recovery probe failed; local inference continues and another probe will run in 5.0 s: [Errno -2] Name or service not known
[WARN] [1786004097.149539]: Remote inference recovery probe failed; local inference continues and another probe will run in 5.0 s: [Errno -2] Name or service not known
[WARN] [1786004102.247009]: Remote inference recovery probe failed; local inference continues and another probe will run in 5.0 s: [Errno -2] Name or service not known
[WARN] [1786004107.441575]: Remote inference recovery probe failed; local inference continues and another probe will run in 5.0 s: [Errno -2] Name or service not known
[WARN] [1786004112.538260]: Remote inference recovery probe failed; local inference continues and another probe will run in 5.0 s: [Errno -2] Name or service not known
[WARN] [1786004117.728425]: Remote inference recovery probe failed; local inference continues and another probe will run in 5.0 s: [Errno -2] Name or service not known
[WARN] [1786004122.806856]: Remote inference recovery probe failed; local inference continues and another probe will run in 5.0 s: [Errno -2] Name or service not known
[WARN] [1786004128.000707]: Remote inference recovery probe failed; local inference continues and another probe will run in 5.0 s: [Errno -2] Name or service not known
[WARN] [1786004133.064181]: Remote inference recovery probe failed; local inference continues and another probe will run in 5.0 s: [Errno -2] Name or service not known
[WARN] [1786004138.141051]: Remote inference recovery probe failed; local inference continues and another probe will run in 5.0 s: [Errno -2] Name or service not known
[WARN] [1786004143.259063]: Remote inference recovery probe failed; local inference continues and another probe will run in 5.0 s: [Errno -2] Name or service not known
[WARN] [1786004148.429093]: Remote inference recovery probe failed; local inference continues and another probe will run in 5.0 s: [Errno -2] Name or service not known
[WARN] [1786004153.627642]: Remote inference recovery probe failed; local inference continues and another probe will run in 5.0 s: [Errno -2] Name or service not known
[WARN] [1786004158.828064]: Remote inference recovery probe failed; local inference continues and another probe will run in 5.0 s: [Errno -2] Name or service not known
[WARN] [1786004164.023822]: Remote inference recovery probe failed; local inference continues and another probe will run in 5.0 s: [Errno -2] Name or service not known
[WARN] [1786004169.110857]: Remote inference recovery probe failed; local inference continues and another probe will run in 5.0 s: [Errno -2] Name or service not known
[WARN] [1786004174.169984]: Remote inference recovery probe failed; local inference continues and another probe will run in 5.0 s: [Errno -2] Name or service not known
[WARN] [1786004179.303859]: Remote inference recovery probe failed; local inference continues and another probe will run in 5.0 s: [Errno -2] Name or service not known
[WARN] [1786004184.442893]: Remote inference recovery probe failed; local inference continues and another probe will run in 5.0 s: [Errno -2] Name or service not known
[WARN] [1786004189.518471]: Remote inference recovery probe failed; local inference continues and another probe will run in 5.0 s: [Errno -2] Name or service not known
[WARN] [1786004194.642142]: Remote inference recovery probe failed; local inference continues and another probe will run in 5.0 s: [Errno -2] Name or service not known
[WARN] [1786004199.759219]: Remote inference recovery probe failed; local inference continues and another probe will run in 5.0 s: [Errno -2] Name or service not known
[WARN] [1786004204.929041]: Remote inference recovery probe failed; local inference continues and another probe will run in 5.0 s: [Errno -2] Name or service not known
[WARN] [1786004210.048949]: Remote inference recovery probe failed; local inference continues and another probe will run in 5.0 s: [Errno -2] Name or service not known
[WARN] [1786004215.134854]: Remote inference recovery probe failed; local inference continues and another probe will run in 5.0 s: [Errno -2] Name or service not known
[WARN] [1786004220.212952]: Remote inference recovery probe failed; local inference continues and another probe will run in 5.0 s: [Errno -2] Name or service not known
[WARN] [1786004225.418366]: Remote inference recovery probe failed; local inference continues and another probe will run in 5.0 s: [Errno -2] Name or service not known
[WARN] [1786004230.560992]: Remote inference recovery probe failed; local inference continues and another probe will run in 5.0 s: [Errno -2] Name or service not known
[WARN] [1786004235.629305]: Remote inference recovery probe failed; local inference continues and another probe will run in 5.0 s: [Errno -2] Name or service not known
[WARN] [1786004240.832215]: Remote inference recovery probe failed; local inference continues and another probe will run in 5.0 s: [Errno -2] Name or service not known
[WARN] [1786004246.013640]: Remote inference recovery probe failed; local inference continues and another probe will run in 5.0 s: [Errno -2] Name or service not known
[WARN] [1786004251.187031]: Remote inference recovery probe failed; local inference continues and another probe will run in 5.0 s: [Errno -2] Name or service not known
[INFO] [1786003975.731006]: RGB-D vision status: model_ready:onnxruntime targets:1 depth:1 tf:1 semantic_masks:2
[INFO] [1786003980.934392]: RGB-D vision status: model_ready:onnxruntime targets:0 depth:0 tf:0 semantic_masks:1
[INFO] [1786003986.159044]: RGB-D vision status: model_ready:onnxruntime targets:1 depth:1 tf:1 semantic_masks:2
[INFO] [1786003991.687173]: RGB-D vision status: model_ready:onnxruntime targets:1 depth:1 tf:1 semantic_masks:2
[INFO] [1786003996.900627]: RGB-D vision status: model_ready:onnxruntime targets:1 depth:1 tf:1 semantic_masks:2
[INFO] [1786004003.961879]: RGB-D vision status: model_ready:onnxruntime targets:1 depth:1 tf:1 semantic_masks:2
[INFO] [1786004009.430968]: RGB-D vision status: model_ready:onnxruntime targets:1 depth:1 tf:1 semantic_masks:2
[INFO] [1786004014.771223]: RGB-D vision status: model_ready:onnxruntime targets:1 depth:1 tf:1 semantic_masks:2
[INFO] [1786004020.508318]: RGB-D vision status: model_ready:onnxruntime targets:1 depth:1 tf:1 semantic_masks:2
[INFO] [1786004025.556369]: RGB-D vision status: model_ready:onnxruntime targets:1 depth:1 tf:1 semantic_masks:2
[INFO] [1786004031.182049]: RGB-D vision status: model_ready:onnxruntime targets:0 depth:0 tf:0 semantic_masks:1
[INFO] [1786004036.668723]: RGB-D vision status: model_ready:onnxruntime targets:1 depth:1 tf:1 semantic_masks:2
[INFO] [1786004042.535599]: RGB-D vision status: model_ready:onnxruntime targets:1 depth:1 tf:1 semantic_masks:2
[INFO] [1786004048.137380]: RGB-D vision status: model_ready:onnxruntime targets:1 depth:1 tf:1 semantic_masks:2
[INFO] [1786004053.395659]: RGB-D vision status: model_ready:onnxruntime targets:1 depth:1 tf:1 semantic_masks:2
[INFO] [1786004061.893963]: RGB-D vision status: model_ready:onnxruntime targets:1 depth:1 tf:1 semantic_masks:2
[INFO] [1786004066.943681]: RGB-D vision status: model_ready:onnxruntime targets:1 depth:1 tf:1 semantic_masks:2
[INFO] [1786004072.844660]: RGB-D vision status: model_ready:onnxruntime targets:1 depth:1 tf:1 semantic_masks:2
[INFO] [1786004078.013237]: RGB-D vision status: model_ready:onnxruntime targets:1 depth:1 tf:1 semantic_masks:2
[INFO] [1786004083.094128]: RGB-D vision status: model_ready:onnxruntime targets:0 depth:0 tf:0 semantic_masks:1
[INFO] [1786004088.099926]: RGB-D vision status: model_ready:onnxruntime targets:1 depth:1 tf:1 semantic_masks:2
[INFO] [1786004093.172745]: RGB-D vision status: model_ready:onnxruntime targets:0 depth:0 tf:0 semantic_masks:1
[INFO] [1786004098.229325]: RGB-D vision status: model_ready:onnxruntime targets:0 depth:0 tf:0 semantic_masks:1
[INFO] [1786004104.283139]: RGB-D vision status: model_ready:onnxruntime targets:1 depth:1 tf:1 semantic_masks:2
[INFO] [1786004109.850894]: RGB-D vision status: model_ready:onnxruntime targets:0 depth:0 tf:0 semantic_masks:1
[INFO] [1786004115.595065]: RGB-D vision status: model_ready:onnxruntime targets:1 depth:1 tf:1 semantic_masks:2
[INFO] [1786004120.925625]: RGB-D vision status: model_ready:onnxruntime targets:1 depth:1 tf:1 semantic_masks:2
[INFO] [1786004126.028374]: RGB-D vision status: model_ready:onnxruntime targets:1 depth:1 tf:1 semantic_masks:2
[INFO] [1786004131.207467]: RGB-D vision status: model_ready:onnxruntime targets:0 depth:0 tf:0 semantic_masks:1
[INFO] [1786004136.274029]: RGB-D vision status: model_ready:onnxruntime targets:0 depth:0 tf:0 semantic_masks:1
[INFO] [1786004142.178211]: RGB-D vision status: model_ready:onnxruntime targets:1 depth:0 tf:0 semantic_masks:2
[INFO] [1786004147.354352]: RGB-D vision status: model_ready:onnxruntime targets:1 depth:1 tf:1 semantic_masks:2
[INFO] [1786004152.435093]: RGB-D vision status: model_ready:onnxruntime targets:1 depth:1 tf:1 semantic_masks:2
[INFO] [1786004157.487227]: RGB-D vision status: model_ready:onnxruntime targets:1 depth:1 tf:1 semantic_masks:2
[INFO] [1786004162.514309]: RGB-D vision status: model_ready:onnxruntime targets:0 depth:0 tf:0 semantic_masks:1
[INFO] [1786004168.059528]: RGB-D vision status: model_ready:onnxruntime targets:1 depth:1 tf:1 semantic_masks:2
[INFO] [1786004173.384484]: RGB-D vision status: model_ready:onnxruntime targets:1 depth:1 tf:1 semantic_masks:2
[INFO] [1786004180.974864]: RGB-D vision status: model_ready:onnxruntime targets:1 depth:1 tf:1 semantic_masks:2
[INFO] [1786004186.194069]: RGB-D vision status: model_ready:onnxruntime targets:1 depth:1 tf:1 semantic_masks:2
[INFO] [1786004191.508557]: RGB-D vision status: model_ready:onnxruntime targets:1 depth:1 tf:1 semantic_masks:2
[INFO] [1786004196.594613]: RGB-D vision status: model_ready:onnxruntime targets:1 depth:1 tf:1 semantic_masks:2
[INFO] [1786004202.000293]: RGB-D vision status: model_ready:onnxruntime targets:1 depth:1 tf:1 semantic_masks:2
[INFO] [1786004208.146624]: RGB-D vision status: model_ready:onnxruntime targets:0 depth:0 tf:0 semantic_masks:1
[INFO] [1786004214.353939]: RGB-D vision status: model_ready:onnxruntime targets:1 depth:1 tf:1 semantic_masks:2
[INFO] [1786004219.387548]: RGB-D vision status: model_ready:onnxruntime targets:1 depth:1 tf:1 semantic_masks:2
[INFO] [1786004224.797297]: RGB-D vision status: model_ready:onnxruntime targets:1 depth:1 tf:1 semantic_masks:2
[INFO] [1786004232.420499]: RGB-D vision status: model_ready:onnxruntime targets:1 depth:1 tf:1 semantic_masks:2
[INFO] [1786004237.485287]: RGB-D vision status: model_ready:onnxruntime targets:0 depth:0 tf:0 semantic_masks:1
[INFO] [1786004242.574448]: RGB-D vision status: model_ready:onnxruntime targets:1 depth:1 tf:1 semantic_masks:2
[INFO] [1786004247.774461]: RGB-D vision status: model_ready:onnxruntime targets:1 depth:1 tf:1 semantic_masks:2
[INFO] [1786004252.895567]: RGB-D vision status: model_ready:onnxruntime targets:0 depth:0 tf:0 semantic_masks:1
[INFO] [1786004261.774337]: RGB-D vision status: model_ready:onnxruntime targets:1 depth:1 tf:1 semantic_masks:2
[INFO] [1786004267.103068]: RGB-D vision status: model_ready:onnxruntime targets:1 depth:1 tf:1 semantic_masks:2
[INFO] [1786004272.598346]: RGB-D vision status: model_ready:onnxruntime targets:1 depth:1 tf:1 semantic_masks:2
[INFO] [1786004277.989234]: RGB-D vision status: model_ready:onnxruntime targets:1 depth:1 tf:1 semantic_masks:2
[INFO] [1786004285.129583]: RGB-D vision status: model_ready:onnxruntime targets:1 depth:1 tf:1 semantic_masks:2
[INFO] [1786004299.879132]: RGB-D vision status: model_ready:onnxruntime targets:1 depth:1 tf:1 semantic_masks:2
[INFO] [1786004304.950966]: RGB-D vision status: model_ready:onnxruntime targets:0 depth:0 tf:0 semantic_masks:1
[INFO] [1786004310.294402]: RGB-D vision status: model_ready:onnxruntime targets:1 depth:1 tf:1 semantic_masks:2
[INFO] [1786004315.916324]: RGB-D vision status: model_ready:onnxruntime targets:1 depth:1 tf:1 semantic_masks:2
[INFO] [1786004321.506590]: RGB-D vision status: model_ready:onnxruntime targets:1 depth:1 tf:1 semantic_masks:2
[INFO] [1786004327.780922]: RGB-D vision status: model_ready:onnxruntime targets:1 depth:1 tf:1 semantic_masks:2
[INFO] [1786004333.240278]: RGB-D vision status: model_ready:onnxruntime targets:1 depth:1 tf:1 semantic_masks:2
[INFO] [1786004338.329567]: RGB-D vision status: model_ready:onnxruntime targets:1 depth:1 tf:1 semantic_masks:2
[INFO] [1786004343.395739]: RGB-D vision status: model_ready:onnxruntime targets:1 depth:1 tf:1 semantic_masks:2
[INFO] [1786004348.729926]: RGB-D vision status: model_ready:onnxruntime targets:1 depth:1 tf:1 semantic_masks:2
[INFO] [1786004355.793275]: RGB-D vision status: model_ready:onnxruntime targets:1 depth:1 tf:1 semantic_masks:2
[INFO] [1786004361.598816]: RGB-D vision status: model_ready:onnxruntime targets:1 depth:1 tf:1 semantic_masks:2
[INFO] [1786004367.075195]: RGB-D vision status: model_ready:onnxruntime targets:1 depth:1 tf:1 semantic_masks:2
[INFO] [1786004373.366453]: RGB-D vision status: model_ready:onnxruntime targets:1 depth:1 tf:1 semantic_masks:2
[INFO] [1786004378.689364]: RGB-D vision status: model_ready:onnxruntime targets:0 depth:0 tf:0 semantic_masks:1
[INFO] [1786004383.970432]: RGB-D vision status: model_ready:onnxruntime targets:1 depth:1 tf:1 semantic_masks:2
[WARN] [1786004256.342234]: Remote inference recovery probe failed; local inference continues and another probe will run in 5.0 s: [Errno -2] Name or service not known
[WARN] [1786004261.508828]: Remote inference recovery probe failed; local inference continues and another probe will run in 5.0 s: [Errno -2] Name or service not known
[WARN] [1786004266.589955]: Remote inference recovery probe failed; local inference continues and another probe will run in 5.0 s: [Errno -2] Name or service not known
[WARN] [1786004271.787527]: Remote inference recovery probe failed; local inference continues and another probe will run in 5.0 s: [Errno -2] Name or service not known
[WARN] [1786004276.919958]: Remote inference recovery probe failed; local inference continues and another probe will run in 5.0 s: [Errno -2] Name or service not known
[WARN] [1786004282.098701]: Remote inference recovery probe failed; local inference continues and another probe will run in 5.0 s: [Errno -2] Name or service not known
[WARN] [1786004287.212460]: Remote inference recovery probe failed; local inference continues and another probe will run in 5.0 s: [Errno -2] Name or service not known
[WARN] [1786004292.412342]: Remote inference recovery probe failed; local inference continues and another probe will run in 5.0 s: [Errno -2] Name or service not known
[WARN] [1786004297.542903]: Remote inference recovery probe failed; local inference continues and another probe will run in 5.0 s: [Errno -2] Name or service not known
[WARN] [1786004302.687067]: Remote inference recovery probe failed; local inference continues and another probe will run in 5.0 s: [Errno -2] Name or service not known
[WARN] [1786004307.891272]: Remote inference recovery probe failed; local inference continues and another probe will run in 5.0 s: [Errno -2] Name or service not known
[WARN] [1786004313.083684]: Remote inference recovery probe failed; local inference continues and another probe will run in 5.0 s: [Errno -2] Name or service not known
[WARN] [1786004318.167197]: Remote inference recovery probe failed; local inference continues and another probe will run in 5.0 s: [Errno -2] Name or service not known
[WARN] [1786004323.283068]: Remote inference recovery probe failed; local inference continues and another probe will run in 5.0 s: [Errno -2] Name or service not known
[WARN] [1786004328.441072]: Remote inference recovery probe failed; local inference continues and another probe will run in 5.0 s: [Errno -2] Name or service not known
[WARN] [1786004333.513898]: Remote inference recovery probe failed; local inference continues and another probe will run in 5.0 s: [Errno -2] Name or service not known
[WARN] [1786004338.584680]: Remote inference recovery probe failed; local inference continues and another probe will run in 5.0 s: [Errno -2] Name or service not known
[WARN] [1786004343.678139]: Remote inference recovery probe failed; local inference continues and another probe will run in 5.0 s: [Errno -2] Name or service not known
[WARN] [1786004348.882264]: Remote inference recovery probe failed; local inference continues and another probe will run in 5.0 s: [Errno -2] Name or service not known
[WARN] [1786004354.077197]: Remote inference recovery probe failed; local inference continues and another probe will run in 5.0 s: [Errno -2] Name or service not known
[WARN] [1786004359.195760]: Remote inference recovery probe failed; local inference continues and another probe will run in 5.0 s: [Errno -2] Name or service not known
[WARN] [1786004364.268992]: Remote inference recovery probe failed; local inference continues and another probe will run in 5.0 s: [Errno -2] Name or service not known
[WARN] [1786004369.333607]: Remote inference recovery probe failed; local inference continues and another probe will run in 5.0 s: [Errno -2] Name or service not known
[WARN] [1786004374.410206]: Remote inference recovery probe failed; local inference continues and another probe will run in 5.0 s: [Errno -2] Name or service not known
[WARN] [1786004379.487845]: Remote inference recovery probe failed; local inference continues and another probe will run in 5.0 s: [Errno -2] Name or service not known
[WARN] [1786004384.623717]: Remote inference recovery probe failed; local inference continues and another probe will run in 5.0 s: [Errno -2] Name or service not known
[WARN] [1786004389.718755]: Remote inference recovery probe failed; local inference continues and another probe will run in 5.0 s: [Errno -2] Name or service not known
[WARN] [1786004394.907674]: Remote inference recovery probe failed; local inference continues and another probe will run in 5.0 s: [Errno -2] Name or service not known
[WARN] [1786004400.047758]: Remote inference recovery probe failed; local inference continues and another probe will run in 5.0 s: [Errno -2] Name or service not known
[WARN] [1786004405.244081]: Remote inference recovery probe failed; local inference continues and another probe will run in 5.0 s: [Errno -2] Name or service not known
[WARN] [1786004410.443893]: Remote inference recovery probe failed; local inference continues and another probe will run in 5.0 s: [Errno -2] Name or service not known
[WARN] [1786004415.520174]: Remote inference recovery probe failed; local inference continues and another probe will run in 5.0 s: [Errno -2] Name or service not known
[WARN] [1786004420.725228]: Remote inference recovery probe failed; local inference continues and another probe will run in 5.0 s: [Errno -2] Name or service not known
[WARN] [1786004425.851895]: Remote inference recovery probe failed; local inference continues and another probe will run in 5.0 s: [Errno -2] Name or service not known
[WARN] [1786004430.956260]: Remote inference recovery probe failed; local inference continues and another probe will run in 5.0 s: [Errno -2] Name or service not known
[WARN] [1786004436.180126]: Remote inference recovery probe failed; local inference continues and another probe will run in 5.0 s: [Errno -2] Name or service not known
[WARN] [1786004441.319444]: Remote inference recovery probe failed; local inference continues and another probe will run in 5.0 s: [Errno -2] Name or service not known
[WARN] [1786004446.418374]: Remote inference recovery probe failed; local inference continues and another probe will run in 5.0 s: [Errno -2] Name or service not known
[WARN] [1786004451.500301]: Remote inference recovery probe failed; local inference continues and another probe will run in 5.0 s: [Errno -2] Name or service not known
[WARN] [1786004456.619218]: Remote inference recovery probe failed; local inference continues and another probe will run in 5.0 s: [Errno -2] Name or service not known
[WARN] [1786004461.748250]: Remote inference recovery probe failed; local inference continues and another probe will run in 5.0 s: [Errno -2] Name or service not known
[WARN] [1786004466.883686]: Remote inference recovery probe failed; local inference continues and another probe will run in 5.0 s: [Errno -2] Name or service not known
[WARN] [1786004471.956259]: Remote inference recovery probe failed; local inference continues and another probe will run in 5.0 s: [Errno -2] Name or service not known
[WARN] [1786004477.032186]: Remote inference recovery probe failed; local inference continues and another probe will run in 5.0 s: [Errno -2] Name or service not known
[WARN] [1786004482.147654]: Remote inference recovery probe failed; local inference continues and another probe will run in 5.0 s: [Errno -2] Name or service not known
[WARN] [1786004487.244236]: Remote inference recovery probe failed; local inference continues and another probe will run in 5.0 s: [Errno -2] Name or service not known
[WARN] [1786004492.294514]: Remote inference recovery probe failed; local inference continues and another probe will run in 5.0 s: [Errno -2] Name or service not known
[WARN] [1786004497.443887]: Remote inference recovery probe failed; local inference continues and another probe will run in 5.0 s: [Errno -2] Name or service not known
[WARN] [1786004502.531921]: Remote inference recovery probe failed; local inference continues and another probe will run in 5.0 s: [Errno -2] Name or service not known
[WARN] [1786004507.721129]: Remote inference recovery probe failed; local inference continues and another probe will run in 5.0 s: [Errno -2] Name or service not known
[WARN] [1786004512.865280]: Remote inference recovery probe failed; local inference continues and another probe will run in 5.0 s: [Errno -2] Name or service not known
[WARN] [1786004518.005428]: Remote inference recovery probe failed; local inference continues and another probe will run in 5.0 s: [Errno -2] Name or service not known
[WARN] [1786004523.071277]: Remote inference recovery probe failed; local inference continues and another probe will run in 5.0 s: [Errno -2] Name or service not known
[WARN] [1786004528.140747]: Remote inference recovery probe failed; local inference continues and another probe will run in 5.0 s: [Errno -2] Name or service not known
[WARN] [1786004533.278321]: Remote inference recovery probe failed; local inference continues and another probe will run in 5.0 s: [Errno -2] Name or service not known
[WARN] [1786004538.355084]: Remote inference recovery probe failed; local inference continues and another probe will run in 5.0 s: [Errno -2] Name or service not known
[WARN] [1786004543.481412]: Remote inference recovery probe failed; local inference continues and another probe will run in 5.0 s: [Errno -2] Name or service not known
[WARN] [1786004548.610551]: Remote inference recovery probe failed; local inference continues and another probe will run in 5.0 s: [Errno -2] Name or service not known
[WARN] [1786004553.742097]: Remote inference recovery probe failed; local inference continues and another probe will run in 5.0 s: [Errno -2] Name or service not known
[WARN] [1786004558.895869]: Remote inference recovery probe failed; local inference continues and another probe will run in 5.0 s: [Errno -2] Name or service not known
[WARN] [1786004563.966806]: Remote inference recovery probe failed; local inference continues and another probe will run in 5.0 s: [Errno -2] Name or service not known
[WARN] [1786004569.043514]: Remote inference recovery probe failed; local inference continues and another probe will run in 5.0 s: [Errno -2] Name or service not known
[WARN] [1786004574.126953]: Remote inference recovery probe failed; local inference continues and another probe will run in 5.0 s: [Errno -2] Name or service not known
[WARN] [1786004579.327684]: Remote inference recovery probe failed; local inference continues and another probe will run in 5.0 s: [Errno -2] Name or service not known
[WARN] [1786004584.532128]: Remote inference recovery probe failed; local inference continues and another probe will run in 5.0 s: [Errno -2] Name or service not known
[WARN] [1786004589.732072]: Remote inference recovery probe failed; local inference continues and another probe will run in 5.0 s: [Errno -2] Name or service not known
[WARN] [1786004594.868601]: Remote inference recovery probe failed; local inference continues and another probe will run in 5.0 s: [Errno -2] Name or service not known
[WARN] [1786004599.930751]: Remote inference recovery probe failed; local inference continues and another probe will run in 5.0 s: [Errno -2] Name or service not known
[WARN] [1786004605.087955]: Remote inference recovery probe failed; local inference continues and another probe will run in 5.0 s: [Errno -2] Name or service not known
[WARN] [1786004610.212803]: Remote inference recovery probe failed; local inference continues and another probe will run in 5.0 s: [Errno -2] Name or service not known
[WARN] [1786004615.353521]: Remote inference recovery probe failed; local inference continues and another probe will run in 5.0 s: [Errno -2] Name or service not known
[WARN] [1786004620.558320]: Remote inference recovery probe failed; local inference continues and another probe will run in 5.0 s: [Errno -2] Name or service not known
[WARN] [1786004625.821671]: Remote inference recovery probe failed; local inference continues and another probe will run in 5.0 s: [Errno -2] Name or service not known
[WARN] [1786004630.883550]: Remote inference recovery probe failed; local inference continues and another probe will run in 5.0 s: [Errno -2] Name or service not known
[WARN] [1786004635.955260]: Remote inference recovery probe failed; local inference continues and another probe will run in 5.0 s: [Errno -2] Name or service not known
[WARN] [1786004641.093146]: Remote inference recovery probe failed; local inference continues and another probe will run in 5.0 s: [Errno -2] Name or service not known
[WARN] [1786004646.201107]: Remote inference recovery probe failed; local inference continues and another probe will run in 5.0 s: [Errno -2] Name or service not known
[WARN] [1786004651.371239]: Remote inference recovery probe failed; local inference continues and another probe will run in 5.0 s: [Errno -2] Name or service not known
[WARN] [1786004656.440315]: Remote inference recovery probe failed; local inference continues and another probe will run in 5.0 s: [Errno -2] Name or service not known
[WARN] [1786004661.615255]: Remote inference recovery probe failed; local inference continues and another probe will run in 5.0 s: [Errno -2] Name or service not known
[WARN] [1786004666.726971]: Remote inference recovery probe failed; local inference continues and another probe will run in 5.0 s: [Errno -2] Name or service not known
[WARN] [1786004671.783557]: Remote inference recovery probe failed; local inference continues and another probe will run in 5.0 s: [Errno -2] Name or service not known
[WARN] [1786004676.932882]: Remote inference recovery probe failed; local inference continues and another probe will run in 5.0 s: [Errno -2] Name or service not known
[WARN] [1786004681.992995]: Remote inference recovery probe failed; local inference continues and another probe will run in 5.0 s: [Errno -2] Name or service not known
[WARN] [1786004687.070690]: Remote inference recovery probe failed; local inference continues and another probe will run in 5.0 s: [Errno -2] Name or service not known
[WARN] [1786004692.215438]: Remote inference recovery probe failed; local inference continues and another probe will run in 5.0 s: [Errno -2] Name or service not known
[WARN] [1786004697.287057]: Remote inference recovery probe failed; local inference continues and another probe will run in 5.0 s: [Errno -2] Name or service not known
[WARN] [1786004702.347309]: Remote inference recovery probe failed; local inference continues and another probe will run in 5.0 s: [Errno -2] Name or service not known
[WARN] [1786004707.427341]: Remote inference recovery probe failed; local inference continues and another probe will run in 5.0 s: [Errno -2] Name or service not known
[WARN] [1786004712.500624]: Remote inference recovery probe failed; local inference continues and another probe will run in 5.0 s: [Errno -2] Name or service not known
[WARN] [1786004717.654461]: Remote inference recovery probe failed; local inference continues and another probe will run in 5.0 s: [Errno -2] Name or service not known
[WARN] [1786004722.853289]: Remote inference recovery probe failed; local inference continues and another probe will run in 5.0 s: [Errno -2] Name or service not known
[WARN] [1786004728.066242]: Remote inference recovery probe failed; local inference continues and another probe will run in 5.0 s: [Errno -2] Name or service not known
[WARN] [1786004733.210963]: Remote inference recovery probe failed; local inference continues and another probe will run in 5.0 s: [Errno -2] Name or service not known
[WARN] [1786004738.399733]: Remote inference recovery probe failed; local inference continues and another probe will run in 5.0 s: [Errno -2] Name or service not known
[WARN] [1786004743.581786]: Remote inference recovery probe failed; local inference continues and another probe will run in 5.0 s: [Errno -2] Name or service not known
[INFO] [1786004389.233173]: RGB-D vision status: model_ready:onnxruntime targets:1 depth:1 tf:1 semantic_masks:2
[INFO] [1786004394.362735]: RGB-D vision status: model_ready:onnxruntime targets:1 depth:1 tf:1 semantic_masks:2
[INFO] [1786004399.370316]: RGB-D vision status: model_ready:onnxruntime targets:0 depth:0 tf:0 semantic_masks:1
[INFO] [1786004404.444671]: RGB-D vision status: model_ready:onnxruntime targets:1 depth:1 tf:1 semantic_masks:2
[INFO] [1786004410.447297]: RGB-D vision status: model_ready:onnxruntime targets:1 depth:1 tf:1 semantic_masks:2
[INFO] [1786004416.045397]: RGB-D vision status: model_ready:onnxruntime targets:0 depth:0 tf:0 semantic_masks:1
[INFO] [1786004427.480186]: RGB-D vision status: model_ready:onnxruntime targets:1 depth:1 tf:1 semantic_masks:2
[INFO] [1786004433.079411]: RGB-D vision status: model_ready:onnxruntime targets:1 depth:1 tf:1 semantic_masks:2
[INFO] [1786004438.522749]: RGB-D vision status: model_ready:onnxruntime targets:1 depth:1 tf:1 semantic_masks:2
[INFO] [1786004444.584817]: RGB-D vision status: model_ready:onnxruntime targets:1 depth:1 tf:1 semantic_masks:2
[INFO] [1786004450.951736]: RGB-D vision status: model_ready:onnxruntime targets:1 depth:1 tf:1 semantic_masks:2
[INFO] [1786004456.102952]: RGB-D vision status: model_ready:onnxruntime targets:1 depth:1 tf:1 semantic_masks:2
[INFO] [1786004461.378415]: RGB-D vision status: model_ready:onnxruntime targets:0 depth:0 tf:0 semantic_masks:1
[INFO] [1786004468.219397]: RGB-D vision status: model_ready:onnxruntime targets:1 depth:1 tf:1 semantic_masks:2
[INFO] [1786004473.554175]: RGB-D vision status: model_ready:onnxruntime targets:1 depth:1 tf:1 semantic_masks:2
[INFO] [1786004479.177411]: RGB-D vision status: model_ready:onnxruntime targets:1 depth:1 tf:1 semantic_masks:2
[INFO] [1786004484.446858]: RGB-D vision status: model_ready:onnxruntime targets:0 depth:0 tf:0 semantic_masks:1
[INFO] [1786004490.700399]: RGB-D vision status: model_ready:onnxruntime targets:1 depth:1 tf:1 semantic_masks:2
[INFO] [1786004496.122848]: RGB-D vision status: model_ready:onnxruntime targets:1 depth:1 tf:1 semantic_masks:2
[INFO] [1786004501.190495]: RGB-D vision status: model_ready:onnxruntime targets:0 depth:0 tf:0 semantic_masks:1
[INFO] [1786004506.510433]: RGB-D vision status: model_ready:onnxruntime targets:0 depth:0 tf:0 semantic_masks:1
[INFO] [1786004511.665437]: RGB-D vision status: model_ready:onnxruntime targets:0 depth:0 tf:0 semantic_masks:1
[INFO] [1786004516.684606]: RGB-D vision status: model_ready:onnxruntime targets:1 depth:1 tf:1 semantic_masks:2
[INFO] [1786004521.729640]: RGB-D vision status: model_ready:onnxruntime targets:1 depth:1 tf:1 semantic_masks:2
[INFO] [1786004526.805645]: RGB-D vision status: model_ready:onnxruntime targets:1 depth:1 tf:1 semantic_masks:2
[INFO] [1786004532.282517]: RGB-D vision status: model_ready:onnxruntime targets:1 depth:1 tf:1 semantic_masks:2
[INFO] [1786004537.425629]: RGB-D vision status: model_ready:onnxruntime targets:1 depth:1 tf:1 semantic_masks:2
[INFO] [1786004542.694940]: RGB-D vision status: model_ready:onnxruntime targets:1 depth:1 tf:1 semantic_masks:2
[INFO] [1786004547.963315]: RGB-D vision status: model_ready:onnxruntime targets:0 depth:0 tf:0 semantic_masks:1
[INFO] [1786004553.033595]: RGB-D vision status: model_ready:onnxruntime targets:0 depth:0 tf:0 semantic_masks:1
[INFO] [1786004558.091612]: RGB-D vision status: model_ready:onnxruntime targets:1 depth:1 tf:1 semantic_masks:2
[INFO] [1786004566.510100]: RGB-D vision status: model_ready:onnxruntime targets:1 depth:1 tf:1 semantic_masks:2
[INFO] [1786004571.574256]: RGB-D vision status: model_ready:onnxruntime targets:0 depth:0 tf:0 semantic_masks:1
[INFO] [1786004576.792015]: RGB-D vision status: model_ready:onnxruntime targets:1 depth:1 tf:1 semantic_masks:2
[INFO] [1786004582.128543]: RGB-D vision status: model_ready:onnxruntime targets:1 depth:1 tf:1 semantic_masks:2
[INFO] [1786004587.181354]: RGB-D vision status: model_ready:onnxruntime targets:0 depth:0 tf:0 semantic_masks:1
[INFO] [1786004592.479810]: RGB-D vision status: model_ready:onnxruntime targets:1 depth:1 tf:1 semantic_masks:2
[INFO] [1786004597.660431]: RGB-D vision status: model_ready:onnxruntime targets:1 depth:1 tf:1 semantic_masks:2
[INFO] [1786004602.663027]: RGB-D vision status: model_ready:onnxruntime targets:0 depth:0 tf:0 semantic_masks:1
[INFO] [1786004607.962188]: RGB-D vision status: model_ready:onnxruntime targets:1 depth:1 tf:1 semantic_masks:2
[INFO] [1786004613.958340]: RGB-D vision status: model_ready:onnxruntime targets:1 depth:1 tf:1 semantic_masks:2
[INFO] [1786004626.840138]: RGB-D vision status: model_ready:onnxruntime targets:1 depth:1 tf:1 semantic_masks:2
[INFO] [1786004631.869331]: RGB-D vision status: model_ready:onnxruntime targets:0 depth:0 tf:0 semantic_masks:1
[INFO] [1786004639.173518]: RGB-D vision status: model_ready:onnxruntime targets:1 depth:1 tf:1 semantic_masks:2
[INFO] [1786004644.286560]: RGB-D vision status: model_ready:onnxruntime targets:0 depth:0 tf:0 semantic_masks:1
[INFO] [1786004649.448807]: RGB-D vision status: model_ready:onnxruntime targets:0 depth:0 tf:0 semantic_masks:1
[INFO] [1786004654.581389]: RGB-D vision status: model_ready:onnxruntime targets:1 depth:1 tf:1 semantic_masks:2
[INFO] [1786004660.150457]: RGB-D vision status: model_ready:onnxruntime targets:1 depth:1 tf:1 semantic_masks:2
[INFO] [1786004665.406136]: RGB-D vision status: model_ready:onnxruntime targets:1 depth:1 tf:1 semantic_masks:2
[INFO] [1786004670.579661]: RGB-D vision status: model_ready:onnxruntime targets:1 depth:1 tf:1 semantic_masks:2
[INFO] [1786004676.135114]: RGB-D vision status: model_ready:onnxruntime targets:1 depth:1 tf:1 semantic_masks:2
[INFO] [1786004681.201418]: RGB-D vision status: model_ready:onnxruntime targets:0 depth:0 tf:0 semantic_masks:1
[INFO] [1786004686.331331]: RGB-D vision status: model_ready:onnxruntime targets:1 depth:1 tf:1 semantic_masks:2
[INFO] [1786004692.345460]: RGB-D vision status: model_ready:onnxruntime targets:0 depth:0 tf:0 semantic_masks:1
[INFO] [1786004697.807028]: RGB-D vision status: model_ready:onnxruntime targets:0 depth:0 tf:0 semantic_masks:1
[INFO] [1786004703.024413]: RGB-D vision status: model_ready:onnxruntime targets:0 depth:0 tf:0 semantic_masks:1
[INFO] [1786004708.368858]: RGB-D vision status: model_ready:onnxruntime targets:0 depth:0 tf:0 semantic_masks:1
[INFO] [1786004713.764112]: RGB-D vision status: model_ready:onnxruntime targets:1 depth:1 tf:1 semantic_masks:2
[INFO] [1786004720.717085]: RGB-D vision status: model_ready:onnxruntime targets:1 depth:1 tf:1 semantic_masks:2
[INFO] [1786004727.253137]: RGB-D vision status: model_ready:onnxruntime targets:1 depth:1 tf:1 semantic_masks:2
[INFO] [1786004732.277633]: RGB-D vision status: model_ready:onnxruntime targets:0 depth:0 tf:0 semantic_masks:1
[INFO] [1786004737.862503]: RGB-D vision status: model_ready:onnxruntime targets:0 depth:0 tf:0 semantic_masks:1
[INFO] [1786004743.459172]: RGB-D vision status: model_ready:onnxruntime targets:1 depth:1 tf:1 semantic_masks:2
[INFO] [1786004748.845946]: RGB-D vision status: model_ready:onnxruntime targets:1 depth:1 tf:1 semantic_masks:2
[INFO] [1786004758.870692]: RGB-D vision status: model_ready:onnxruntime targets:1 depth:1 tf:1 semantic_masks:2
[INFO] [1786004764.136706]: RGB-D vision status: model_ready:onnxruntime targets:1 depth:1 tf:1 semantic_masks:2
[INFO] [1786004769.521658]: RGB-D vision status: model_ready:onnxruntime targets:1 depth:1 tf:1 semantic_masks:2
[INFO] [1786004775.373033]: RGB-D vision status: model_ready:onnxruntime targets:1 depth:1 tf:1 semantic_masks:2
[INFO] [1786004780.775729]: RGB-D vision status: model_ready:onnxruntime targets:1 depth:1 tf:1 semantic_masks:2
[INFO] [1786004789.365593]: RGB-D vision status: model_ready:onnxruntime targets:1 depth:1 tf:1 semantic_masks:2
[INFO] [1786004794.511661]: RGB-D vision status: model_ready:onnxruntime targets:0 depth:0 tf:0 semantic_masks:1
[INFO] [1786004800.120509]: RGB-D vision status: model_ready:onnxruntime targets:1 depth:1 tf:1 semantic_masks:2
[WARN] [1786004748.661707]: Remote inference recovery probe failed; local inference continues and another probe will run in 5.0 s: [Errno -2] Name or service not known
[WARN] [1786004753.817480]: Remote inference recovery probe failed; local inference continues and another probe will run in 5.0 s: [Errno -2] Name or service not known
[WARN] [1786004758.993844]: Remote inference recovery probe failed; local inference continues and another probe will run in 5.0 s: [Errno -2] Name or service not known
[WARN] [1786004764.132956]: Remote inference recovery probe failed; local inference continues and another probe will run in 5.0 s: [Errno -2] Name or service not known
[WARN] [1786004769.216932]: Remote inference recovery probe failed; local inference continues and another probe will run in 5.0 s: [Errno -2] Name or service not known
[WARN] [1786004774.301218]: Remote inference recovery probe failed; local inference continues and another probe will run in 5.0 s: [Errno -2] Name or service not known
[WARN] [1786004779.447651]: Remote inference recovery probe failed; local inference continues and another probe will run in 5.0 s: [Errno -2] Name or service not known
[WARN] [1786004784.545540]: Remote inference recovery probe failed; local inference continues and another probe will run in 5.0 s: [Errno -2] Name or service not known
[WARN] [1786004789.633295]: Remote inference recovery probe failed; local inference continues and another probe will run in 5.0 s: [Errno -2] Name or service not known
[WARN] [1786004794.776610]: Remote inference recovery probe failed; local inference continues and another probe will run in 5.0 s: [Errno -2] Name or service not known
[WARN] [1786004799.863306]: Remote inference recovery probe failed; local inference continues and another probe will run in 5.0 s: [Errno -2] Name or service not known
[WARN] [1786004804.976989]: Remote inference recovery probe failed; local inference continues and another probe will run in 5.0 s: [Errno -2] Name or service not known
[WARN] [1786004810.045079]: Remote inference recovery probe failed; local inference continues and another probe will run in 5.0 s: [Errno -2] Name or service not known
[WARN] [1786004815.167554]: Remote inference recovery probe failed; local inference continues and another probe will run in 5.0 s: [Errno -2] Name or service not known
[WARN] [1786004820.298131]: Remote inference recovery probe failed; local inference continues and another probe will run in 5.0 s: [Errno -2] Name or service not known
[WARN] [1786004825.476982]: Remote inference recovery probe failed; local inference continues and another probe will run in 5.0 s: [Errno -2] Name or service not known
[WARN] [1786004830.666331]: Remote inference recovery probe failed; local inference continues and another probe will run in 5.0 s: [Errno -2] Name or service not known
[WARN] [1786004835.801494]: Remote inference recovery probe failed; local inference continues and another probe will run in 5.0 s: [Errno -2] Name or service not known
[WARN] [1786004840.919675]: Remote inference recovery probe failed; local inference continues and another probe will run in 5.0 s: [Errno -2] Name or service not known
[WARN] [1786004846.006042]: Remote inference recovery probe failed; local inference continues and another probe will run in 5.0 s: [Errno -2] Name or service not known
[WARN] [1786004851.085926]: Remote inference recovery probe failed; local inference continues and another probe will run in 5.0 s: [Errno -2] Name or service not known
[WARN] [1786004856.225165]: Remote inference recovery probe failed; local inference continues and another probe will run in 5.0 s: [Errno -2] Name or service not known
[WARN] [1786004861.298655]: Remote inference recovery probe failed; local inference continues and another probe will run in 5.0 s: [Errno -2] Name or service not known
[WARN] [1786004866.433114]: Remote inference recovery probe failed; local inference continues and another probe will run in 5.0 s: [Errno -2] Name or service not known
[WARN] [1786004871.506136]: Remote inference recovery probe failed; local inference continues and another probe will run in 5.0 s: [Errno -2] Name or service not known
[WARN] [1786004876.653733]: Remote inference recovery probe failed; local inference continues and another probe will run in 5.0 s: [Errno -2] Name or service not known
[WARN] [1786004881.848646]: Remote inference recovery probe failed; local inference continues and another probe will run in 5.0 s: [Errno -2] Name or service not known
[WARN] [1786004886.926012]: Remote inference recovery probe failed; local inference continues and another probe will run in 5.0 s: [Errno -2] Name or service not known
[WARN] [1786004892.138540]: Remote inference recovery probe failed; local inference continues and another probe will run in 5.0 s: [Errno -2] Name or service not known
[WARN] [1786004897.347387]: Remote inference recovery probe failed; local inference continues and another probe will run in 5.0 s: [Errno -2] Name or service not known
[WARN] [1786004902.541450]: Remote inference recovery probe failed; local inference continues and another probe will run in 5.0 s: [Errno -2] Name or service not known
[WARN] [1786004907.734220]: Remote inference recovery probe failed; local inference continues and another probe will run in 5.0 s: [Errno -2] Name or service not known
[WARN] [1786004912.828936]: Remote inference recovery probe failed; local inference continues and another probe will run in 5.0 s: [Errno -2] Name or service not known
[WARN] [1786004918.078573]: Remote inference recovery probe failed; local inference continues and another probe will run in 5.0 s: [Errno -2] Name or service not known
[WARN] [1786004923.231477]: Remote inference recovery probe failed; local inference continues and another probe will run in 5.0 s: [Errno -2] Name or service not known
[WARN] [1786004928.369647]: Remote inference recovery probe failed; local inference continues and another probe will run in 5.0 s: [Errno -2] Name or service not known
[WARN] [1786004933.468476]: Remote inference recovery probe failed; local inference continues and another probe will run in 5.0 s: [Errno -2] Name or service not known
[WARN] [1786004938.635056]: Remote inference recovery probe failed; local inference continues and another probe will run in 5.0 s: [Errno -2] Name or service not known
[WARN] [1786004943.867528]: Remote inference recovery probe failed; local inference continues and another probe will run in 5.0 s: [Errno -2] Name or service not known
[WARN] [1786004948.969369]: Remote inference recovery probe failed; local inference continues and another probe will run in 5.0 s: [Errno -2] Name or service not known
[WARN] [1786004954.026768]: Remote inference recovery probe failed; local inference continues and another probe will run in 5.0 s: [Errno -2] Name or service not known
[WARN] [1786004959.120271]: Remote inference recovery probe failed; local inference continues and another probe will run in 5.0 s: [Errno -2] Name or service not known
[WARN] [1786004964.356466]: Remote inference recovery probe failed; local inference continues and another probe will run in 5.0 s: [Errno -2] Name or service not known
[WARN] [1786004969.511881]: Remote inference recovery probe failed; local inference continues and another probe will run in 5.0 s: [Errno -2] Name or service not known
[WARN] [1786004974.595180]: Remote inference recovery probe failed; local inference continues and another probe will run in 5.0 s: [Errno -2] Name or service not known
[WARN] [1786004979.730602]: Remote inference recovery probe failed; local inference continues and another probe will run in 5.0 s: [Errno -2] Name or service not known
[WARN] [1786004984.862443]: Remote inference recovery probe failed; local inference continues and another probe will run in 5.0 s: [Errno -2] Name or service not known
[WARN] [1786004989.926398]: Remote inference recovery probe failed; local inference continues and another probe will run in 5.0 s: [Errno -2] Name or service not known
[INFO] [1786004806.966098]: RGB-D vision status: model_ready:onnxruntime targets:1 depth:1 tf:1 semantic_masks:2
[INFO] [1786004817.710637]: RGB-D vision status: model_ready:onnxruntime targets:1 depth:1 tf:1 semantic_masks:2
[INFO] [1786004823.256502]: RGB-D vision status: model_ready:onnxruntime targets:0 depth:0 tf:0 semantic_masks:1
[INFO] [1786004828.694460]: RGB-D vision status: model_ready:onnxruntime targets:1 depth:1 tf:1 semantic_masks:2
[INFO] [1786004834.412723]: RGB-D vision status: model_ready:onnxruntime targets:1 depth:1 tf:1 semantic_masks:2
[INFO] [1786004839.621317]: RGB-D vision status: model_ready:onnxruntime targets:1 depth:1 tf:1 semantic_masks:2
[INFO] [1786004850.024789]: RGB-D vision status: model_ready:onnxruntime targets:1 depth:1 tf:1 semantic_masks:2
[INFO] [1786004855.432471]: RGB-D vision status: model_ready:onnxruntime targets:1 depth:1 tf:1 semantic_masks:2
[INFO] [1786004862.208982]: RGB-D vision status: model_ready:onnxruntime targets:1 depth:1 tf:1 semantic_masks:2
[INFO] [1786004867.371834]: RGB-D vision status: model_ready:onnxruntime targets:0 depth:0 tf:0 semantic_masks:1
[INFO] [1786004873.368130]: RGB-D vision status: model_ready:onnxruntime targets:0 depth:0 tf:0 semantic_masks:1
[INFO] [1786004878.386055]: RGB-D vision status: model_ready:onnxruntime targets:0 depth:0 tf:0 semantic_masks:1
[INFO] [1786004883.461183]: RGB-D vision status: model_ready:onnxruntime targets:1 depth:1 tf:1 semantic_masks:2
[INFO] [1786004889.093221]: RGB-D vision status: model_ready:onnxruntime targets:1 depth:1 tf:1 semantic_masks:2
[INFO] [1786004894.517967]: RGB-D vision status: model_ready:onnxruntime targets:1 depth:1 tf:1 semantic_masks:2
[INFO] [1786004899.627261]: RGB-D vision status: model_ready:onnxruntime targets:0 depth:0 tf:0 semantic_masks:1
[INFO] [1786004904.939992]: RGB-D vision status: model_ready:onnxruntime targets:0 depth:0 tf:0 semantic_masks:1
[INFO] [1786004910.143038]: RGB-D vision status: model_ready:onnxruntime targets:0 depth:0 tf:0 semantic_masks:1
[INFO] [1786004918.082626]: RGB-D vision status: model_ready:onnxruntime targets:1 depth:1 tf:1 semantic_masks:2
[INFO] [1786004927.089837]: RGB-D vision status: model_ready:onnxruntime targets:1 depth:1 tf:1 semantic_masks:2
[INFO] [1786004932.105777]: RGB-D vision status: model_ready:onnxruntime targets:1 depth:1 tf:1 semantic_masks:2
[INFO] [1786004937.282713]: RGB-D vision status: model_ready:onnxruntime targets:1 depth:1 tf:1 semantic_masks:2
[INFO] [1786004943.308087]: RGB-D vision status: model_ready:onnxruntime targets:1 depth:1 tf:1 semantic_masks:2
[INFO] [1786004948.848202]: RGB-D vision status: model_ready:onnxruntime targets:1 depth:1 tf:1 semantic_masks:2
[INFO] [1786004954.185271]: RGB-D vision status: model_ready:onnxruntime targets:1 depth:1 tf:1 semantic_masks:2
[INFO] [1786004959.251340]: RGB-D vision status: model_ready:onnxruntime targets:0 depth:0 tf:0 semantic_masks:1
[INFO] [1786004964.452709]: RGB-D vision status: model_ready:onnxruntime targets:0 depth:0 tf:0 semantic_masks:1
[INFO] [1786004969.656576]: RGB-D vision status: model_ready:onnxruntime targets:1 depth:1 tf:1 semantic_masks:2
[INFO] [1786004974.731007]: RGB-D vision status: model_ready:onnxruntime targets:0 depth:0 tf:0 semantic_masks:1
[INFO] [1786004980.608630]: RGB-D vision status: model_ready:onnxruntime targets:1 depth:1 tf:1 semantic_masks:2
[INFO] [1786004986.640692]: RGB-D vision status: model_ready:onnxruntime targets:1 depth:1 tf:1 semantic_masks:2
[INFO] [1786004992.461831]: RGB-D vision status: model_ready:onnxruntime targets:1 depth:1 tf:1 semantic_masks:2
[INFO] [1786004998.532787]: RGB-D vision status: model_ready:onnxruntime targets:0 depth:0 tf:0 semantic_masks:1
[INFO] [1786005004.932246]: RGB-D vision status: model_ready:onnxruntime targets:1 depth:1 tf:1 semantic_masks:2
[INFO] [1786005010.151398]: RGB-D vision status: model_ready:onnxruntime targets:1 depth:1 tf:1 semantic_masks:2
[INFO] [1786005015.236096]: RGB-D vision status: model_ready:onnxruntime targets:0 depth:0 tf:0 semantic_masks:1
[INFO] [1786005020.301069]: RGB-D vision status: model_ready:onnxruntime targets:0 depth:0 tf:0 semantic_masks:1
[INFO] [1786005025.578707]: RGB-D vision status: model_ready:onnxruntime targets:1 depth:1 tf:1 semantic_masks:2
[INFO] [1786005039.264914]: RGB-D vision status: model_ready:onnxruntime targets:1 depth:1 tf:1 semantic_masks:2
[INFO] [1786005045.328233]: RGB-D vision status: model_ready:onnxruntime targets:1 depth:1 tf:1 semantic_masks:2
[INFO] [1786005050.530716]: RGB-D vision status: model_ready:onnxruntime targets:0 depth:0 tf:0 semantic_masks:1
[INFO] [1786005056.396752]: RGB-D vision status: model_ready:onnxruntime targets:0 depth:0 tf:0 semantic_masks:1
[INFO] [1786005061.717265]: RGB-D vision status: model_ready:onnxruntime targets:1 depth:1 tf:1 semantic_masks:2
[INFO] [1786005068.096659]: RGB-D vision status: model_ready:onnxruntime targets:1 depth:1 tf:1 semantic_masks:2
[INFO] [1786005073.525827]: RGB-D vision status: model_ready:onnxruntime targets:1 depth:1 tf:1 semantic_masks:2
[INFO] [1786005079.024188]: RGB-D vision status: model_ready:onnxruntime targets:1 depth:1 tf:1 semantic_masks:2
[INFO] [1786005084.150501]: RGB-D vision status: model_ready:onnxruntime targets:1 depth:1 tf:1 semantic_masks:2
[INFO] [1786005089.503180]: RGB-D vision status: model_ready:onnxruntime targets:1 depth:1 tf:1 semantic_masks:2
[INFO] [1786005094.742291]: RGB-D vision status: model_ready:onnxruntime targets:1 depth:1 tf:1 semantic_masks:2
[INFO] [1786005099.960278]: RGB-D vision status: model_ready:onnxruntime targets:0 depth:0 tf:0 semantic_masks:1
[INFO] [1786005105.428997]: RGB-D vision status: model_ready:onnxruntime targets:1 depth:1 tf:1 semantic_masks:2
[INFO] [1786005110.626344]: RGB-D vision status: model_ready:onnxruntime targets:0 depth:0 tf:0 semantic_masks:1
[INFO] [1786005117.582539]: RGB-D vision status: model_ready:onnxruntime targets:1 depth:1 tf:1 semantic_masks:2
[INFO] [1786005123.475814]: RGB-D vision status: model_ready:onnxruntime targets:1 depth:1 tf:1 semantic_masks:2
[INFO] [1786005128.540462]: RGB-D vision status: model_ready:onnxruntime targets:1 depth:1 tf:1 semantic_masks:2
[INFO] [1786005133.917261]: RGB-D vision status: model_ready:onnxruntime targets:0 depth:0 tf:0 semantic_masks:1
[INFO] [1786005139.115441]: RGB-D vision status: model_ready:onnxruntime targets:1 depth:1 tf:1 semantic_masks:2
[INFO] [1786005144.298584]: RGB-D vision status: model_ready:onnxruntime targets:1 depth:1 tf:1 semantic_masks:2
[INFO] [1786005149.666559]: RGB-D vision status: model_ready:onnxruntime targets:1 depth:1 tf:1 semantic_masks:2
[INFO] [1786005154.683344]: RGB-D vision status: model_ready:onnxruntime targets:0 depth:0 tf:0 semantic_masks:1
[INFO] [1786005160.271061]: RGB-D vision status: model_ready:onnxruntime targets:1 depth:1 tf:1 semantic_masks:2
[INFO] [1786005165.358597]: RGB-D vision status: model_ready:onnxruntime targets:0 depth:0 tf:0 semantic_masks:1
[INFO] [1786005170.373581]: RGB-D vision status: model_ready:onnxruntime targets:0 depth:0 tf:0 semantic_masks:1
[INFO] [1786005175.574761]: RGB-D vision status: model_ready:onnxruntime targets:1 depth:1 tf:1 semantic_masks:2
[INFO] [1786005180.986380]: RGB-D vision status: model_ready:onnxruntime targets:1 depth:1 tf:1 semantic_masks:2
[INFO] [1786005186.423574]: RGB-D vision status: model_ready:onnxruntime targets:1 depth:1 tf:1 semantic_masks:2
[INFO] [1786005191.437011]: RGB-D vision status: model_ready:onnxruntime targets:1 depth:1 tf:1 semantic_masks:2
[INFO] [1786005196.526922]: RGB-D vision status: model_ready:onnxruntime targets:1 depth:1 tf:1 semantic_masks:2
[INFO] [1786005202.114752]: RGB-D vision status: model_ready:onnxruntime targets:1 depth:1 tf:1 semantic_masks:2
[INFO] [1786005209.527515]: RGB-D vision status: model_ready:onnxruntime targets:1 depth:1 tf:1 semantic_masks:2
[INFO] [1786005215.604705]: RGB-D vision status: model_ready:onnxruntime targets:0 depth:0 tf:0 semantic_masks:1
[INFO] [1786005220.710421]: RGB-D vision status: model_ready:onnxruntime targets:1 depth:1 tf:1 semantic_masks:2
[WARN] [1786004994.993880]: Remote inference recovery probe failed; local inference continues and another probe will run in 5.0 s: [Errno -2] Name or service not known
[WARN] [1786005000.111763]: Remote inference recovery probe failed; local inference continues and another probe will run in 5.0 s: [Errno -2] Name or service not known
[WARN] [1786005005.205611]: Remote inference recovery probe failed; local inference continues and another probe will run in 5.0 s: [Errno -2] Name or service not known
[WARN] [1786005010.277177]: Remote inference recovery probe failed; local inference continues and another probe will run in 5.0 s: [Errno -2] Name or service not known
[WARN] [1786005015.359976]: Remote inference recovery probe failed; local inference continues and another probe will run in 5.0 s: [Errno -2] Name or service not known
[WARN] [1786005020.428337]: Remote inference recovery probe failed; local inference continues and another probe will run in 5.0 s: [Errno -2] Name or service not known
[WARN] [1786005025.575076]: Remote inference recovery probe failed; local inference continues and another probe will run in 5.0 s: [Errno -2] Name or service not known
[WARN] [1786005030.687831]: Remote inference recovery probe failed; local inference continues and another probe will run in 5.0 s: [Errno -2] Name or service not known
[WARN] [1786005035.851243]: Remote inference recovery probe failed; local inference continues and another probe will run in 5.0 s: [Errno -2] Name or service not known
[WARN] [1786005040.906148]: Remote inference recovery probe failed; local inference continues and another probe will run in 5.0 s: [Errno -2] Name or service not known
[WARN] [1786005045.993068]: Remote inference recovery probe failed; local inference continues and another probe will run in 5.0 s: [Errno -2] Name or service not known
[WARN] [1786005051.171418]: Remote inference recovery probe failed; local inference continues and another probe will run in 5.0 s: [Errno -2] Name or service not known
[WARN] [1786005056.394861]: Remote inference recovery probe failed; local inference continues and another probe will run in 5.0 s: [Errno -2] Name or service not known
[WARN] [1786005061.448883]: Remote inference recovery probe failed; local inference continues and another probe will run in 5.0 s: [Errno -2] Name or service not known
[WARN] [1786005066.615835]: Remote inference recovery probe failed; local inference continues and another probe will run in 5.0 s: [Errno -2] Name or service not known
[WARN] [1786005071.805375]: Remote inference recovery probe failed; local inference continues and another probe will run in 5.0 s: [Errno -2] Name or service not known
[WARN] [1786005076.871638]: Remote inference recovery probe failed; local inference continues and another probe will run in 5.0 s: [Errno -2] Name or service not known
[WARN] [1786005081.960571]: Remote inference recovery probe failed; local inference continues and another probe will run in 5.0 s: [Errno -2] Name or service not known
[WARN] [1786005087.077737]: Remote inference recovery probe failed; local inference continues and another probe will run in 5.0 s: [Errno -2] Name or service not known
[WARN] [1786005092.168519]: Remote inference recovery probe failed; local inference continues and another probe will run in 5.0 s: [Errno -2] Name or service not known
[WARN] [1786005097.322340]: Remote inference recovery probe failed; local inference continues and another probe will run in 5.0 s: [Errno -2] Name or service not known
[WARN] [1786005102.499580]: Remote inference recovery probe failed; local inference continues and another probe will run in 5.0 s: [Errno -2] Name or service not known
[WARN] [1786005107.644140]: Remote inference recovery probe failed; local inference continues and another probe will run in 5.0 s: [Errno -2] Name or service not known
[WARN] [1786005112.706561]: Remote inference recovery probe failed; local inference continues and another probe will run in 5.0 s: [Errno -2] Name or service not known
[WARN] [1786005117.856658]: Remote inference recovery probe failed; local inference continues and another probe will run in 5.0 s: [Errno -2] Name or service not known
[WARN] [1786005123.057260]: Remote inference recovery probe failed; local inference continues and another probe will run in 5.0 s: [Errno -2] Name or service not known
[WARN] [1786005128.130911]: Remote inference recovery probe failed; local inference continues and another probe will run in 5.0 s: [Errno -2] Name or service not known
[WARN] [1786005133.244705]: Remote inference recovery probe failed; local inference continues and another probe will run in 5.0 s: [Errno -2] Name or service not known
[WARN] [1786005138.339443]: Remote inference recovery probe failed; local inference continues and another probe will run in 5.0 s: [Errno -2] Name or service not known
[WARN] [1786005143.451992]: Remote inference recovery probe failed; local inference continues and another probe will run in 5.0 s: [Errno -2] Name or service not known
[WARN] [1786005148.599404]: Remote inference recovery probe failed; local inference continues and another probe will run in 5.0 s: [Errno -2] Name or service not known
[WARN] [1786005153.753288]: Remote inference recovery probe failed; local inference continues and another probe will run in 5.0 s: [Errno -2] Name or service not known
[WARN] [1786005158.986805]: Remote inference recovery probe failed; local inference continues and another probe will run in 5.0 s: [Errno -2] Name or service not known
[WARN] [1786005164.155692]: Remote inference recovery probe failed; local inference continues and another probe will run in 5.0 s: [Errno -2] Name or service not known
[WARN] [1786005169.274938]: Remote inference recovery probe failed; local inference continues and another probe will run in 5.0 s: [Errno -2] Name or service not known
[WARN] [1786005174.365270]: Remote inference recovery probe failed; local inference continues and another probe will run in 5.0 s: [Errno -2] Name or service not known
[WARN] [1786005179.587366]: Remote inference recovery probe failed; local inference continues and another probe will run in 5.0 s: [Errno -2] Name or service not known
[WARN] [1786005184.712218]: Remote inference recovery probe failed; local inference continues and another probe will run in 5.0 s: [Errno -2] Name or service not known
[WARN] [1786005189.849733]: Remote inference recovery probe failed; local inference continues and another probe will run in 5.0 s: [Errno -2] Name or service not known
[WARN] [1786005195.042224]: Remote inference recovery probe failed; local inference continues and another probe will run in 5.0 s: [Errno -2] Name or service not known
[WARN] [1786005200.200557]: Remote inference recovery probe failed; local inference continues and another probe will run in 5.0 s: [Errno -2] Name or service not known
[WARN] [1786005205.382047]: Remote inference recovery probe failed; local inference continues and another probe will run in 5.0 s: [Errno -2] Name or service not known
[WARN] [1786005210.491751]: Remote inference recovery probe failed; local inference continues and another probe will run in 5.0 s: [Errno -2] Name or service not known
[WARN] [1786005215.602883]: Remote inference recovery probe failed; local inference continues and another probe will run in 5.0 s: [Errno -2] Name or service not known
[WARN] [1786005220.706848]: Remote inference recovery probe failed; local inference continues and another probe will run in 5.0 s: [Errno -2] Name or service not known
[WARN] [1786005225.873076]: Remote inference recovery probe failed; local inference continues and another probe will run in 5.0 s: [Errno -2] Name or service not known
[WARN] [1786005231.008198]: Remote inference recovery probe failed; local inference continues and another probe will run in 5.0 s: [Errno -2] Name or service not known
[WARN] [1786005236.125521]: Remote inference recovery probe failed; local inference continues and another probe will run in 5.0 s: [Errno -2] Name or service not known
[WARN] [1786005241.288245]: Remote inference recovery probe failed; local inference continues and another probe will run in 5.0 s: [Errno -2] Name or service not known
[WARN] [1786005246.353410]: Remote inference recovery probe failed; local inference continues and another probe will run in 5.0 s: [Errno -2] Name or service not known
[WARN] [1786005251.558997]: Remote inference recovery probe failed; local inference continues and another probe will run in 5.0 s: [Errno -2] Name or service not known
[WARN] [1786005256.643274]: Remote inference recovery probe failed; local inference continues and another probe will run in 5.0 s: [Errno -2] Name or service not known
[WARN] [1786005261.775638]: Remote inference recovery probe failed; local inference continues and another probe will run in 5.0 s: [Errno -2] Name or service not known
[WARN] [1786005266.887573]: Remote inference recovery probe failed; local inference continues and another probe will run in 5.0 s: [Errno -2] Name or service not known
[WARN] [1786005271.959393]: Remote inference recovery probe failed; local inference continues and another probe will run in 5.0 s: [Errno -2] Name or service not known
[WARN] [1786005277.056667]: Remote inference recovery probe failed; local inference continues and another probe will run in 5.0 s: [Errno -2] Name or service not known
[WARN] [1786005282.109979]: Remote inference recovery probe failed; local inference continues and another probe will run in 5.0 s: [Errno -2] Name or service not known
[WARN] [1786005287.273983]: Remote inference recovery probe failed; local inference continues and another probe will run in 5.0 s: [Errno -2] Name or service not known
[WARN] [1786005292.413127]: Remote inference recovery probe failed; local inference continues and another probe will run in 5.0 s: [Errno -2] Name or service not known
[WARN] [1786005297.596929]: Remote inference recovery probe failed; local inference continues and another probe will run in 5.0 s: [Errno -2] Name or service not known
[WARN] [1786005302.664557]: Remote inference recovery probe failed; local inference continues and another probe will run in 5.0 s: [Errno -2] Name or service not known
[WARN] [1786005307.768893]: Remote inference recovery probe failed; local inference continues and another probe will run in 5.0 s: [Errno -2] Name or service not known
[WARN] [1786005312.949055]: Remote inference recovery probe failed; local inference continues and another probe will run in 5.0 s: [Errno -2] Name or service not known
[WARN] [1786005318.029170]: Remote inference recovery probe failed; local inference continues and another probe will run in 5.0 s: [Errno -2] Name or service not known
[WARN] [1786005323.160454]: Remote inference recovery probe failed; local inference continues and another probe will run in 5.0 s: [Errno -2] Name or service not known
[WARN] [1786005328.312104]: Remote inference recovery probe failed; local inference continues and another probe will run in 5.0 s: [Errno -2] Name or service not known
[WARN] [1786005333.433796]: Remote inference recovery probe failed; local inference continues and another probe will run in 5.0 s: [Errno -2] Name or service not known
[WARN] [1786005338.556164]: Remote inference recovery probe failed; local inference continues and another probe will run in 5.0 s: [Errno -2] Name or service not known
[WARN] [1786005343.636324]: Remote inference recovery probe failed; local inference continues and another probe will run in 5.0 s: [Errno -2] Name or service not known
[WARN] [1786005348.794361]: Remote inference recovery probe failed; local inference continues and another probe will run in 5.0 s: [Errno -2] Name or service not known
[WARN] [1786005353.924294]: Remote inference recovery probe failed; local inference continues and another probe will run in 5.0 s: [Errno -2] Name or service not known
[WARN] [1786005359.003933]: Remote inference recovery probe failed; local inference continues and another probe will run in 5.0 s: [Errno -2] Name or service not known
[WARN] [1786005364.135610]: Remote inference recovery probe failed; local inference continues and another probe will run in 5.0 s: [Errno -2] Name or service not known
[WARN] [1786005369.203385]: Remote inference recovery probe failed; local inference continues and another probe will run in 5.0 s: [Errno -2] Name or service not known
[WARN] [1786005374.294293]: Remote inference recovery probe failed; local inference continues and another probe will run in 5.0 s: [Errno -2] Name or service not known
[WARN] [1786005379.513546]: Remote inference recovery probe failed; local inference continues and another probe will run in 5.0 s: [Errno -2] Name or service not known
[WARN] [1786005384.604259]: Remote inference recovery probe failed; local inference continues and another probe will run in 5.0 s: [Errno -2] Name or service not known
[WARN] [1786005389.677690]: Remote inference recovery probe failed; local inference continues and another probe will run in 5.0 s: [Errno -2] Name or service not known
[WARN] [1786005394.758876]: Remote inference recovery probe failed; local inference continues and another probe will run in 5.0 s: [Errno -2] Name or service not known
[WARN] [1786005399.823935]: Remote inference recovery probe failed; local inference continues and another probe will run in 5.0 s: [Errno -2] Name or service not known
[WARN] [1786005404.975420]: Remote inference recovery probe failed; local inference continues and another probe will run in 5.0 s: [Errno -2] Name or service not known
[WARN] [1786005410.171084]: Remote inference recovery probe failed; local inference continues and another probe will run in 5.0 s: [Errno -2] Name or service not known
[WARN] [1786005415.277138]: Remote inference recovery probe failed; local inference continues and another probe will run in 5.0 s: [Errno -2] Name or service not known
[WARN] [1786005420.431559]: Remote inference recovery probe failed; local inference continues and another probe will run in 5.0 s: [Errno -2] Name or service not known
[WARN] [1786005425.514295]: Remote inference recovery probe failed; local inference continues and another probe will run in 5.0 s: [Errno -2] Name or service not known
[WARN] [1786005430.665262]: Remote inference recovery probe failed; local inference continues and another probe will run in 5.0 s: [Errno -2] Name or service not known
[WARN] [1786005435.846244]: Remote inference recovery probe failed; local inference continues and another probe will run in 5.0 s: [Errno -2] Name or service not known
[WARN] [1786005440.939289]: Remote inference recovery probe failed; local inference continues and another probe will run in 5.0 s: [Errno -2] Name or service not known
[WARN] [1786005446.071721]: Remote inference recovery probe failed; local inference continues and another probe will run in 5.0 s: [Errno -2] Name or service not known
[WARN] [1786005451.174223]: Remote inference recovery probe failed; local inference continues and another probe will run in 5.0 s: [Errno -2] Name or service not known
[WARN] [1786005456.354871]: Remote inference recovery probe failed; local inference continues and another probe will run in 5.0 s: [Errno -2] Name or service not known
[WARN] [1786005461.550935]: Remote inference recovery probe failed; local inference continues and another probe will run in 5.0 s: [Errno -2] Name or service not known
[WARN] [1786005466.619791]: Remote inference recovery probe failed; local inference continues and another probe will run in 5.0 s: [Errno -2] Name or service not known
[WARN] [1786005471.760147]: Remote inference recovery probe failed; local inference continues and another probe will run in 5.0 s: [Errno -2] Name or service not known
[WARN] [1786005476.844421]: Remote inference recovery probe failed; local inference continues and another probe will run in 5.0 s: [Errno -2] Name or service not known
[WARN] [1786005482.035580]: Remote inference recovery probe failed; local inference continues and another probe will run in 5.0 s: [Errno -2] Name or service not known
[INFO] [1786005226.167844]: RGB-D vision status: model_ready:onnxruntime targets:1 depth:1 tf:1 semantic_masks:2
[INFO] [1786005231.270732]: RGB-D vision status: model_ready:onnxruntime targets:0 depth:0 tf:0 semantic_masks:1
[INFO] [1786005237.612137]: RGB-D vision status: model_ready:onnxruntime targets:1 depth:1 tf:1 semantic_masks:2
[INFO] [1786005244.484993]: RGB-D vision status: model_ready:onnxruntime targets:1 depth:1 tf:1 semantic_masks:2
[INFO] [1786005250.024100]: RGB-D vision status: model_ready:onnxruntime targets:1 depth:1 tf:1 semantic_masks:2
[INFO] [1786005255.363701]: RGB-D vision status: model_ready:onnxruntime targets:1 depth:1 tf:1 semantic_masks:2
[INFO] [1786005260.909927]: RGB-D vision status: model_ready:onnxruntime targets:1 depth:1 tf:1 semantic_masks:2
[INFO] [1786005269.976971]: RGB-D vision status: model_ready:onnxruntime targets:1 depth:1 tf:1 semantic_masks:2
[INFO] [1786005275.059208]: RGB-D vision status: model_ready:onnxruntime targets:0 depth:0 tf:0 semantic_masks:1
[INFO] [1786005280.147173]: RGB-D vision status: model_ready:onnxruntime targets:1 depth:1 tf:1 semantic_masks:2
[INFO] [1786005285.332437]: RGB-D vision status: model_ready:onnxruntime targets:1 depth:1 tf:1 semantic_masks:2
[INFO] [1786005294.348956]: RGB-D vision status: model_ready:onnxruntime targets:1 depth:1 tf:1 semantic_masks:2
[INFO] [1786005299.505586]: RGB-D vision status: model_ready:onnxruntime targets:1 depth:1 tf:1 semantic_masks:2
[INFO] [1786005304.957729]: RGB-D vision status: model_ready:onnxruntime targets:0 depth:0 tf:0 semantic_masks:1
[INFO] [1786005311.216120]: RGB-D vision status: model_ready:onnxruntime targets:1 depth:1 tf:1 semantic_masks:2
[INFO] [1786005317.489073]: RGB-D vision status: model_ready:onnxruntime targets:1 depth:1 tf:1 semantic_masks:2
[INFO] [1786005324.353266]: RGB-D vision status: model_ready:onnxruntime targets:1 depth:1 tf:1 semantic_masks:2
[INFO] [1786005330.772695]: RGB-D vision status: model_ready:onnxruntime targets:1 depth:1 tf:1 semantic_masks:2
[INFO] [1786005336.356738]: RGB-D vision status: model_ready:onnxruntime targets:1 depth:1 tf:1 semantic_masks:2
[INFO] [1786005341.507174]: RGB-D vision status: model_ready:onnxruntime targets:0 depth:0 tf:0 semantic_masks:1
[INFO] [1786005346.859089]: RGB-D vision status: model_ready:onnxruntime targets:0 depth:0 tf:0 semantic_masks:1
[INFO] [1786005352.046813]: RGB-D vision status: model_ready:onnxruntime targets:1 depth:1 tf:1 semantic_masks:2
[INFO] [1786005360.675221]: RGB-D vision status: model_ready:onnxruntime targets:1 depth:1 tf:1 semantic_masks:2
[INFO] [1786005365.882227]: RGB-D vision status: model_ready:onnxruntime targets:1 depth:1 tf:1 semantic_masks:2
[INFO] [1786005371.034700]: RGB-D vision status: model_ready:onnxruntime targets:0 depth:0 tf:0 semantic_masks:1
[INFO] [1786005376.416498]: RGB-D vision status: model_ready:onnxruntime targets:0 depth:0 tf:0 semantic_masks:1
[INFO] [1786005391.295107]: RGB-D vision status: model_ready:onnxruntime targets:1 depth:1 tf:1 semantic_masks:2
[INFO] [1786005400.224192]: RGB-D vision status: model_ready:onnxruntime targets:1 depth:1 tf:1 semantic_masks:2
[INFO] [1786005405.244239]: RGB-D vision status: model_ready:onnxruntime targets:0 depth:0 tf:0 semantic_masks:1
[INFO] [1786005411.658578]: RGB-D vision status: model_ready:onnxruntime targets:1 depth:1 tf:1 semantic_masks:2
[INFO] [1786005419.115705]: RGB-D vision status: model_ready:onnxruntime targets:1 depth:1 tf:1 semantic_masks:2
[INFO] [1786005424.744849]: RGB-D vision status: model_ready:onnxruntime targets:1 depth:1 tf:1 semantic_masks:2
[INFO] [1786005429.878254]: RGB-D vision status: model_ready:onnxruntime targets:1 depth:1 tf:1 semantic_masks:2
[INFO] [1786005435.053594]: RGB-D vision status: model_ready:onnxruntime targets:1 depth:1 tf:1 semantic_masks:2
[INFO] [1786005440.802018]: RGB-D vision status: model_ready:onnxruntime targets:1 depth:1 tf:1 semantic_masks:2
[INFO] [1786005446.345511]: RGB-D vision status: model_ready:onnxruntime targets:1 depth:1 tf:1 semantic_masks:2
[INFO] [1786005451.571637]: RGB-D vision status: model_ready:onnxruntime targets:1 depth:1 tf:1 semantic_masks:2
[INFO] [1786005457.005167]: RGB-D vision status: model_ready:onnxruntime targets:1 depth:1 tf:1 semantic_masks:2
[INFO] [1786005462.074188]: RGB-D vision status: model_ready:onnxruntime targets:0 depth:0 tf:0 semantic_masks:1
[INFO] [1786005467.429893]: RGB-D vision status: model_ready:onnxruntime targets:0 depth:0 tf:0 semantic_masks:1
[INFO] [1786005472.442348]: RGB-D vision status: model_ready:onnxruntime targets:1 depth:1 tf:1 semantic_masks:2
[INFO] [1786005477.530603]: RGB-D vision status: model_ready:onnxruntime targets:0 depth:0 tf:0 semantic_masks:1
[INFO] [1786005483.102229]: RGB-D vision status: model_ready:onnxruntime targets:1 depth:1 tf:1 semantic_masks:2
[INFO] [1786005488.186702]: RGB-D vision status: model_ready:onnxruntime targets:1 depth:1 tf:1 semantic_masks:2
[INFO] [1786005493.395784]: RGB-D vision status: model_ready:onnxruntime targets:1 depth:1 tf:1 semantic_masks:2
[INFO] [1786005498.726257]: RGB-D vision status: model_ready:onnxruntime targets:1 depth:1 tf:1 semantic_masks:2
[INFO] [1786005504.203440]: RGB-D vision status: model_ready:onnxruntime targets:1 depth:1 tf:1 semantic_masks:2
[INFO] [1786005509.259089]: RGB-D vision status: model_ready:onnxruntime targets:1 depth:1 tf:1 semantic_masks:2
[INFO] [1786005515.598336]: RGB-D vision status: model_ready:onnxruntime targets:1 depth:1 tf:1 semantic_masks:2
[INFO] [1786005520.703750]: RGB-D vision status: model_ready:onnxruntime targets:0 depth:0 tf:0 semantic_masks:1
[INFO] [1786005525.939209]: RGB-D vision status: model_ready:onnxruntime targets:0 depth:0 tf:0 semantic_masks:1
[INFO] [1786005531.014583]: RGB-D vision status: model_ready:onnxruntime targets:1 depth:1 tf:1 semantic_masks:2
[INFO] [1786005536.621506]: RGB-D vision status: model_ready:onnxruntime targets:0 depth:0 tf:0 semantic_masks:1
[INFO] [1786005541.692600]: RGB-D vision status: model_ready:onnxruntime targets:1 depth:1 tf:1 semantic_masks:2
[INFO] [1786005546.694625]: RGB-D vision status: model_ready:onnxruntime targets:1 depth:1 tf:1 semantic_masks:2
[INFO] [1786005552.374098]: RGB-D vision status: model_ready:onnxruntime targets:1 depth:1 tf:1 semantic_masks:2
[INFO] [1786005557.874401]: RGB-D vision status: model_ready:onnxruntime targets:0 depth:0 tf:0 semantic_masks:1
[INFO] [1786005563.716902]: RGB-D vision status: model_ready:onnxruntime targets:1 depth:1 tf:1 semantic_masks:2
[INFO] [1786005568.981721]: RGB-D vision status: model_ready:onnxruntime targets:0 depth:0 tf:0 semantic_masks:1
[INFO] [1786005574.611570]: RGB-D vision status: model_ready:onnxruntime targets:1 depth:1 tf:1 semantic_masks:2
[INFO] [1786005579.738816]: RGB-D vision status: model_ready:onnxruntime targets:1 depth:1 tf:1 semantic_masks:2
[INFO] [1786005585.018435]: RGB-D vision status: model_ready:onnxruntime targets:1 depth:1 tf:1 semantic_masks:2
[INFO] [1786005590.124619]: RGB-D vision status: model_ready:onnxruntime targets:0 depth:0 tf:0 semantic_masks:1
[INFO] [1786005595.134820]: RGB-D vision status: model_ready:onnxruntime targets:1 depth:1 tf:1 semantic_masks:2
[INFO] [1786005600.532142]: RGB-D vision status: model_ready:onnxruntime targets:0 depth:0 tf:0 semantic_masks:1
[INFO] [1786005605.602513]: RGB-D vision status: model_ready:onnxruntime targets:0 depth:0 tf:0 semantic_masks:1
[INFO] [1786005610.698881]: RGB-D vision status: model_ready:onnxruntime targets:1 depth:1 tf:1 semantic_masks:2
[INFO] [1786005615.920319]: RGB-D vision status: model_ready:onnxruntime targets:0 depth:0 tf:0 semantic_masks:1
[INFO] [1786005620.965429]: RGB-D vision status: model_ready:onnxruntime targets:0 depth:0 tf:0 semantic_masks:1
[INFO] [1786005626.775955]: RGB-D vision status: model_ready:onnxruntime targets:1 depth:1 tf:1 semantic_masks:2
[INFO] [1786005631.783250]: RGB-D vision status: model_ready:onnxruntime targets:0 depth:0 tf:0 semantic_masks:1
[INFO] [1786005636.829149]: RGB-D vision status: model_ready:onnxruntime targets:1 depth:1 tf:1 semantic_masks:2
[WARN] [1786005487.089922]: Remote inference recovery probe failed; local inference continues and another probe will run in 5.0 s: [Errno -2] Name or service not known
[WARN] [1786005492.189273]: Remote inference recovery probe failed; local inference continues and another probe will run in 5.0 s: [Errno -2] Name or service not known
[WARN] [1786005497.258569]: Remote inference recovery probe failed; local inference continues and another probe will run in 5.0 s: [Errno -2] Name or service not known
[WARN] [1786005502.455668]: Remote inference recovery probe failed; local inference continues and another probe will run in 5.0 s: [Errno -2] Name or service not known
[WARN] [1786005507.518166]: Remote inference recovery probe failed; local inference continues and another probe will run in 5.0 s: [Errno -2] Name or service not known
[WARN] [1786005512.591639]: Remote inference recovery probe failed; local inference continues and another probe will run in 5.0 s: [Errno -2] Name or service not known
[WARN] [1786005517.725986]: Remote inference recovery probe failed; local inference continues and another probe will run in 5.0 s: [Errno -2] Name or service not known
[WARN] [1786005522.877612]: Remote inference recovery probe failed; local inference continues and another probe will run in 5.0 s: [Errno -2] Name or service not known
[WARN] [1786005527.934381]: Remote inference recovery probe failed; local inference continues and another probe will run in 5.0 s: [Errno -2] Name or service not known
[WARN] [1786005533.032372]: Remote inference recovery probe failed; local inference continues and another probe will run in 5.0 s: [Errno -2] Name or service not known
[WARN] [1786005538.201274]: Remote inference recovery probe failed; local inference continues and another probe will run in 5.0 s: [Errno -2] Name or service not known
[WARN] [1786005543.272592]: Remote inference recovery probe failed; local inference continues and another probe will run in 5.0 s: [Errno -2] Name or service not known
[WARN] [1786005548.395558]: Remote inference recovery probe failed; local inference continues and another probe will run in 5.0 s: [Errno -2] Name or service not known
[WARN] [1786005553.608491]: Remote inference recovery probe failed; local inference continues and another probe will run in 5.0 s: [Errno -2] Name or service not known
[WARN] [1786005558.772146]: Remote inference recovery probe failed; local inference continues and another probe will run in 5.0 s: [Errno -2] Name or service not known
[WARN] [1786005563.835134]: Remote inference recovery probe failed; local inference continues and another probe will run in 5.0 s: [Errno -2] Name or service not known
[WARN] [1786005568.979168]: Remote inference recovery probe failed; local inference continues and another probe will run in 5.0 s: [Errno -2] Name or service not known
[WARN] [1786005574.042108]: Remote inference recovery probe failed; local inference continues and another probe will run in 5.0 s: [Errno -2] Name or service not known
[WARN] [1786005579.192116]: Remote inference recovery probe failed; local inference continues and another probe will run in 5.0 s: [Errno -2] Name or service not known
[WARN] [1786005584.322123]: Remote inference recovery probe failed; local inference continues and another probe will run in 5.0 s: [Errno -2] Name or service not known
[WARN] [1786005589.458388]: Remote inference recovery probe failed; local inference continues and another probe will run in 5.0 s: [Errno -2] Name or service not known
[WARN] [1786005594.616404]: Remote inference recovery probe failed; local inference continues and another probe will run in 5.0 s: [Errno -2] Name or service not known
[WARN] [1786005599.755296]: Remote inference recovery probe failed; local inference continues and another probe will run in 5.0 s: [Errno -2] Name or service not known
[WARN] [1786005604.932898]: Remote inference recovery probe failed; local inference continues and another probe will run in 5.0 s: [Errno -2] Name or service not known
[WARN] [1786005610.027731]: Remote inference recovery probe failed; local inference continues and another probe will run in 5.0 s: [Errno -2] Name or service not known
[WARN] [1786005615.225894]: Remote inference recovery probe failed; local inference continues and another probe will run in 5.0 s: [Errno -2] Name or service not known
[WARN] [1786005620.285321]: Remote inference recovery probe failed; local inference continues and another probe will run in 5.0 s: [Errno -2] Name or service not known
[WARN] [1786005625.350799]: Remote inference recovery probe failed; local inference continues and another probe will run in 5.0 s: [Errno -2] Name or service not known
[WARN] [1786005630.543582]: Remote inference recovery probe failed; local inference continues and another probe will run in 5.0 s: [Errno -2] Name or service not known
[WARN] [1786005635.635166]: Remote inference recovery probe failed; local inference continues and another probe will run in 5.0 s: [Errno -2] Name or service not known
[WARN] [1786005640.716252]: Remote inference recovery probe failed; local inference continues and another probe will run in 5.0 s: [Errno -2] Name or service not known
[WARN] [1786005645.803046]: Remote inference recovery probe failed; local inference continues and another probe will run in 5.0 s: [Errno -2] Name or service not known
[WARN] [1786005650.986250]: Remote inference recovery probe failed; local inference continues and another probe will run in 5.0 s: [Errno -2] Name or service not known
[WARN] [1786005656.153012]: Remote inference recovery probe failed; local inference continues and another probe will run in 5.0 s: [Errno -2] Name or service not known
[WARN] [1786005661.311367]: Remote inference recovery probe failed; local inference continues and another probe will run in 5.0 s: [Errno -2] Name or service not known
[WARN] [1786005666.416100]: Remote inference recovery probe failed; local inference continues and another probe will run in 5.0 s: [Errno -2] Name or service not known
[WARN] [1786005671.621993]: Remote inference recovery probe failed; local inference continues and another probe will run in 5.0 s: [Errno -2] Name or service not known
[WARN] [1786005676.734220]: Remote inference recovery probe failed; local inference continues and another probe will run in 5.0 s: [Errno -2] Name or service not known
[WARN] [1786005681.838673]: Remote inference recovery probe failed; local inference continues and another probe will run in 5.0 s: [Errno -2] Name or service not known
[WARN] [1786005687.025687]: Remote inference recovery probe failed; local inference continues and another probe will run in 5.0 s: [Errno -2] Name or service not known
[WARN] [1786005692.158226]: Remote inference recovery probe failed; local inference continues and another probe will run in 5.0 s: [Errno -2] Name or service not known
[WARN] [1786005697.262935]: Remote inference recovery probe failed; local inference continues and another probe will run in 5.0 s: [Errno -2] Name or service not known
[WARN] [1786005702.444372]: Remote inference recovery probe failed; local inference continues and another probe will run in 5.0 s: [Errno -2] Name or service not known
[WARN] [1786005707.653906]: Remote inference recovery probe failed; local inference continues and another probe will run in 5.0 s: [Errno -2] Name or service not known
[WARN] [1786005712.837715]: Remote inference recovery probe failed; local inference continues and another probe will run in 5.0 s: [Errno -2] Name or service not known
[WARN] [1786005717.927683]: Remote inference recovery probe failed; local inference continues and another probe will run in 5.0 s: [Errno -2] Name or service not known
[WARN] [1786005723.050940]: Remote inference recovery probe failed; local inference continues and another probe will run in 5.0 s: [Errno -2] Name or service not known
[WARN] [1786005728.118951]: Remote inference recovery probe failed; local inference continues and another probe will run in 5.0 s: [Errno -2] Name or service not known
[WARN] [1786005733.291392]: Remote inference recovery probe failed; local inference continues and another probe will run in 5.0 s: [Errno -2] Name or service not known
[WARN] [1786005738.467844]: Remote inference recovery probe failed; local inference continues and another probe will run in 5.0 s: [Errno -2] Name or service not known
[WARN] [1786005743.619549]: Remote inference recovery probe failed; local inference continues and another probe will run in 5.0 s: [Errno -2] Name or service not known
[WARN] [1786005748.806650]: Remote inference recovery probe failed; local inference continues and another probe will run in 5.0 s: [Errno -2] Name or service not known
[WARN] [1786005753.850814]: Remote inference recovery probe failed; local inference continues and another probe will run in 5.0 s: [Errno -2] Name or service not known
[WARN] [1786005758.937194]: Remote inference recovery probe failed; local inference continues and another probe will run in 5.0 s: [Errno -2] Name or service not known
[WARN] [1786005764.039559]: Remote inference recovery probe failed; local inference continues and another probe will run in 5.0 s: [Errno -2] Name or service not known
[WARN] [1786005769.183770]: Remote inference recovery probe failed; local inference continues and another probe will run in 5.0 s: [Errno -2] Name or service not known
[WARN] [1786005774.294348]: Remote inference recovery probe failed; local inference continues and another probe will run in 5.0 s: [Errno -2] Name or service not known
[WARN] [1786005779.437646]: Remote inference recovery probe failed; local inference continues and another probe will run in 5.0 s: [Errno -2] Name or service not known
[WARN] [1786005784.591536]: Remote inference recovery probe failed; local inference continues and another probe will run in 5.0 s: [Errno -2] Name or service not known
[WARN] [1786005789.836292]: Remote inference recovery probe failed; local inference continues and another probe will run in 5.0 s: [Errno -2] Name or service not known
[WARN] [1786005794.930368]: Remote inference recovery probe failed; local inference continues and another probe will run in 5.0 s: [Errno -2] Name or service not known
[WARN] [1786005800.104922]: Remote inference recovery probe failed; local inference continues and another probe will run in 5.0 s: [Errno -2] Name or service not known
[WARN] [1786005805.182973]: Remote inference recovery probe failed; local inference continues and another probe will run in 5.0 s: [Errno -2] Name or service not known
[WARN] [1786005810.244309]: Remote inference recovery probe failed; local inference continues and another probe will run in 5.0 s: [Errno -2] Name or service not known
[WARN] [1786005815.320556]: Remote inference recovery probe failed; local inference continues and another probe will run in 5.0 s: [Errno -2] Name or service not known
[WARN] [1786005820.416990]: Remote inference recovery probe failed; local inference continues and another probe will run in 5.0 s: [Errno -2] Name or service not known
[WARN] [1786005825.617002]: Remote inference recovery probe failed; local inference continues and another probe will run in 5.0 s: [Errno -2] Name or service not known
[WARN] [1786005830.705776]: Remote inference recovery probe failed; local inference continues and another probe will run in 5.0 s: [Errno -2] Name or service not known
[WARN] [1786005835.888645]: Remote inference recovery probe failed; local inference continues and another probe will run in 5.0 s: [Errno -2] Name or service not known
[WARN] [1786005840.957887]: Remote inference recovery probe failed; local inference continues and another probe will run in 5.0 s: [Errno -2] Name or service not known
[WARN] [1786005846.107149]: Remote inference recovery probe failed; local inference continues and another probe will run in 5.0 s: [Errno -2] Name or service not known
[WARN] [1786005851.242373]: Remote inference recovery probe failed; local inference continues and another probe will run in 5.0 s: [Errno -2] Name or service not known
[WARN] [1786005856.411857]: Remote inference recovery probe failed; local inference continues and another probe will run in 5.0 s: [Errno -2] Name or service not known
[WARN] [1786005861.513008]: Remote inference recovery probe failed; local inference continues and another probe will run in 5.0 s: [Errno -2] Name or service not known
[WARN] [1786005866.577392]: Remote inference recovery probe failed; local inference continues and another probe will run in 5.0 s: [Errno -2] Name or service not known
[WARN] [1786005871.626194]: Remote inference recovery probe failed; local inference continues and another probe will run in 5.0 s: [Errno -2] Name or service not known
[WARN] [1786005876.774053]: Remote inference recovery probe failed; local inference continues and another probe will run in 5.0 s: [Errno -2] Name or service not known
[WARN] [1786005881.858768]: Remote inference recovery probe failed; local inference continues and another probe will run in 5.0 s: [Errno -2] Name or service not known
[WARN] [1786005886.937253]: Remote inference recovery probe failed; local inference continues and another probe will run in 5.0 s: [Errno -2] Name or service not known
[WARN] [1786005892.006515]: Remote inference recovery probe failed; local inference continues and another probe will run in 5.0 s: [Errno -2] Name or service not known
[WARN] [1786005897.087152]: Remote inference recovery probe failed; local inference continues and another probe will run in 5.0 s: [Errno -2] Name or service not known
[WARN] [1786005902.270301]: Remote inference recovery probe failed; local inference continues and another probe will run in 5.0 s: [Errno -2] Name or service not known
[WARN] [1786005907.350337]: Remote inference recovery probe failed; local inference continues and another probe will run in 5.0 s: [Errno -2] Name or service not known
[WARN] [1786005912.460557]: Remote inference recovery probe failed; local inference continues and another probe will run in 5.0 s: [Errno -2] Name or service not known
[WARN] [1786005917.622667]: Remote inference recovery probe failed; local inference continues and another probe will run in 5.0 s: [Errno -2] Name or service not known
[WARN] [1786005922.690386]: Remote inference recovery probe failed; local inference continues and another probe will run in 5.0 s: [Errno -2] Name or service not known
[WARN] [1786005927.765016]: Remote inference recovery probe failed; local inference continues and another probe will run in 5.0 s: [Errno -2] Name or service not known
[WARN] [1786005932.842776]: Remote inference recovery probe failed; local inference continues and another probe will run in 5.0 s: [Errno -2] Name or service not known
[WARN] [1786005937.989761]: Remote inference recovery probe failed; local inference continues and another probe will run in 5.0 s: [Errno -2] Name or service not known
[WARN] [1786005943.114946]: Remote inference recovery probe failed; local inference continues and another probe will run in 5.0 s: [Errno -2] Name or service not known
[WARN] [1786005948.181620]: Remote inference recovery probe failed; local inference continues and another probe will run in 5.0 s: [Errno -2] Name or service not known
[WARN] [1786005953.251684]: Remote inference recovery probe failed; local inference continues and another probe will run in 5.0 s: [Errno -2] Name or service not known
[WARN] [1786005958.380043]: Remote inference recovery probe failed; local inference continues and another probe will run in 5.0 s: [Errno -2] Name or service not known
[WARN] [1786005963.462665]: Remote inference recovery probe failed; local inference continues and another probe will run in 5.0 s: [Errno -2] Name or service not known
[WARN] [1786005968.596154]: Remote inference recovery probe failed; local inference continues and another probe will run in 5.0 s: [Errno -2] Name or service not known
[WARN] [1786005973.702277]: Remote inference recovery probe failed; local inference continues and another probe will run in 5.0 s: [Errno -2] Name or service not known
[INFO] [1786005641.912990]: RGB-D vision status: model_ready:onnxruntime targets:0 depth:0 tf:0 semantic_masks:1
[INFO] [1786005647.936662]: RGB-D vision status: model_ready:onnxruntime targets:1 depth:1 tf:1 semantic_masks:2
[INFO] [1786005653.874039]: RGB-D vision status: model_ready:onnxruntime targets:1 depth:1 tf:1 semantic_masks:2
[INFO] [1786005660.068417]: RGB-D vision status: model_ready:onnxruntime targets:1 depth:1 tf:1 semantic_masks:2
[INFO] [1786005665.341754]: RGB-D vision status: model_ready:onnxruntime targets:1 depth:1 tf:1 semantic_masks:2
[INFO] [1786005671.748923]: RGB-D vision status: model_ready:onnxruntime targets:1 depth:1 tf:1 semantic_masks:2
[INFO] [1786005676.866855]: RGB-D vision status: model_ready:onnxruntime targets:1 depth:1 tf:1 semantic_masks:2
[INFO] [1786005682.704953]: RGB-D vision status: model_ready:onnxruntime targets:1 depth:1 tf:1 semantic_masks:2
[INFO] [1786005687.949628]: RGB-D vision status: model_ready:onnxruntime targets:1 depth:1 tf:1 semantic_masks:2
[INFO] [1786005693.096503]: RGB-D vision status: model_ready:onnxruntime targets:1 depth:1 tf:1 semantic_masks:2
[INFO] [1786005699.102697]: RGB-D vision status: model_ready:onnxruntime targets:1 depth:1 tf:1 semantic_masks:2
[INFO] [1786005704.689045]: RGB-D vision status: model_ready:onnxruntime targets:0 depth:0 tf:0 semantic_masks:1
[INFO] [1786005710.020520]: RGB-D vision status: model_ready:onnxruntime targets:1 depth:1 tf:1 semantic_masks:2
[INFO] [1786005715.042791]: RGB-D vision status: model_ready:onnxruntime targets:0 depth:0 tf:0 semantic_masks:1
[INFO] [1786005720.848097]: RGB-D vision status: model_ready:onnxruntime targets:0 depth:0 tf:0 semantic_masks:1
[INFO] [1786005725.874921]: RGB-D vision status: model_ready:onnxruntime targets:0 depth:0 tf:0 semantic_masks:1
[INFO] [1786005731.582515]: RGB-D vision status: model_ready:onnxruntime targets:1 depth:1 tf:1 semantic_masks:2
[INFO] [1786005736.611307]: RGB-D vision status: model_ready:onnxruntime targets:1 depth:1 tf:1 semantic_masks:2
[INFO] [1786005742.147390]: RGB-D vision status: model_ready:onnxruntime targets:0 depth:0 tf:0 semantic_masks:1
[INFO] [1786005747.482842]: RGB-D vision status: model_ready:onnxruntime targets:1 depth:1 tf:1 semantic_masks:2
[INFO] [1786005753.986807]: RGB-D vision status: model_ready:onnxruntime targets:0 depth:0 tf:0 semantic_masks:1
[INFO] [1786005760.300876]: RGB-D vision status: model_ready:onnxruntime targets:1 depth:1 tf:1 semantic_masks:2
[INFO] [1786005765.573966]: RGB-D vision status: model_ready:onnxruntime targets:1 depth:1 tf:1 semantic_masks:2
[INFO] [1786005770.641481]: RGB-D vision status: model_ready:onnxruntime targets:1 depth:1 tf:1 semantic_masks:2
[INFO] [1786005776.302784]: RGB-D vision status: model_ready:onnxruntime targets:1 depth:1 tf:1 semantic_masks:2
[INFO] [1786005781.452773]: RGB-D vision status: model_ready:onnxruntime targets:0 depth:0 tf:0 semantic_masks:1
[INFO] [1786005787.769841]: RGB-D vision status: model_ready:onnxruntime targets:0 depth:0 tf:0 semantic_masks:1
[INFO] [1786005793.129649]: RGB-D vision status: model_ready:onnxruntime targets:1 depth:1 tf:1 semantic_masks:2
[INFO] [1786005798.265618]: RGB-D vision status: model_ready:onnxruntime targets:0 depth:0 tf:0 semantic_masks:1
[INFO] [1786005803.866654]: RGB-D vision status: model_ready:onnxruntime targets:1 depth:1 tf:1 semantic_masks:2
[INFO] [1786005809.355512]: RGB-D vision status: model_ready:onnxruntime targets:1 depth:1 tf:1 semantic_masks:2
[INFO] [1786005814.672942]: RGB-D vision status: model_ready:onnxruntime targets:1 depth:1 tf:1 semantic_masks:2
[INFO] [1786005820.009859]: RGB-D vision status: model_ready:onnxruntime targets:1 depth:1 tf:1 semantic_masks:2
[INFO] [1786005825.489120]: RGB-D vision status: model_ready:onnxruntime targets:1 depth:1 tf:1 semantic_masks:2
[INFO] [1786005830.543738]: RGB-D vision status: model_ready:onnxruntime targets:0 depth:0 tf:0 semantic_masks:1
[INFO] [1786005836.030113]: RGB-D vision status: model_ready:onnxruntime targets:1 depth:1 tf:1 semantic_masks:2
[INFO] [1786005842.238088]: RGB-D vision status: model_ready:onnxruntime targets:1 depth:1 tf:1 semantic_masks:2
[INFO] [1786005847.435744]: RGB-D vision status: model_ready:onnxruntime targets:0 depth:0 tf:0 semantic_masks:1
[INFO] [1786005852.561618]: RGB-D vision status: model_ready:onnxruntime targets:1 depth:1 tf:1 semantic_masks:2
[INFO] [1786005857.585118]: RGB-D vision status: model_ready:onnxruntime targets:1 depth:1 tf:1 semantic_masks:2
[INFO] [1786005862.591212]: RGB-D vision status: model_ready:onnxruntime targets:0 depth:0 tf:0 semantic_masks:1
[INFO] [1786005867.651643]: RGB-D vision status: model_ready:onnxruntime targets:1 depth:1 tf:1 semantic_masks:2
[INFO] [1786005875.287340]: RGB-D vision status: model_ready:onnxruntime targets:1 depth:1 tf:1 semantic_masks:2
[INFO] [1786005881.611482]: RGB-D vision status: model_ready:onnxruntime targets:1 depth:1 tf:1 semantic_masks:2
[INFO] [1786005888.659772]: RGB-D vision status: model_ready:onnxruntime targets:1 depth:1 tf:1 semantic_masks:2
[INFO] [1786005893.737656]: RGB-D vision status: model_ready:onnxruntime targets:1 depth:1 tf:1 semantic_masks:2
[INFO] [1786005898.822759]: RGB-D vision status: model_ready:onnxruntime targets:0 depth:0 tf:0 semantic_masks:1
[INFO] [1786005904.564682]: RGB-D vision status: model_ready:onnxruntime targets:1 depth:1 tf:1 semantic_masks:2
[INFO] [1786005910.487828]: RGB-D vision status: model_ready:onnxruntime targets:1 depth:1 tf:1 semantic_masks:2
[INFO] [1786005915.504905]: RGB-D vision status: model_ready:onnxruntime targets:0 depth:0 tf:0 semantic_masks:1
[INFO] [1786005920.685273]: RGB-D vision status: model_ready:onnxruntime targets:0 depth:0 tf:0 semantic_masks:1
[INFO] [1786005927.113766]: RGB-D vision status: model_ready:onnxruntime targets:0 depth:0 tf:0 semantic_masks:1
[INFO] [1786005932.442642]: RGB-D vision status: model_ready:onnxruntime targets:0 depth:0 tf:0 semantic_masks:1
[INFO] [1786005937.449457]: RGB-D vision status: model_ready:onnxruntime targets:1 depth:1 tf:1 semantic_masks:2
[INFO] [1786005943.312133]: RGB-D vision status: model_ready:onnxruntime targets:1 depth:1 tf:1 semantic_masks:2
[INFO] [1786005948.516963]: RGB-D vision status: model_ready:onnxruntime targets:1 depth:1 tf:1 semantic_masks:2
[INFO] [1786005953.528647]: RGB-D vision status: model_ready:onnxruntime targets:1 depth:1 tf:1 semantic_masks:2
[INFO] [1786005959.607236]: RGB-D vision status: model_ready:onnxruntime targets:0 depth:0 tf:0 semantic_masks:1
[INFO] [1786005965.800793]: RGB-D vision status: model_ready:onnxruntime targets:1 depth:1 tf:1 semantic_masks:2
[INFO] [1786005970.912392]: RGB-D vision status: model_ready:onnxruntime targets:0 depth:0 tf:0 semantic_masks:1
[INFO] [1786005976.321063]: RGB-D vision status: model_ready:onnxruntime targets:1 depth:1 tf:1 semantic_masks:2
[INFO] [1786005981.800149]: RGB-D vision status: model_ready:onnxruntime targets:1 depth:1 tf:1 semantic_masks:2
[INFO] [1786005987.299008]: RGB-D vision status: model_ready:onnxruntime targets:1 depth:1 tf:1 semantic_masks:2
[INFO] [1786005992.604702]: RGB-D vision status: model_ready:onnxruntime targets:1 depth:1 tf:1 semantic_masks:2
[INFO] [1786005997.891042]: RGB-D vision status: model_ready:onnxruntime targets:1 depth:1 tf:1 semantic_masks:2
[INFO] [1786006004.518908]: RGB-D vision status: model_ready:onnxruntime targets:1 depth:1 tf:1 semantic_masks:2
[INFO] [1786006009.576824]: RGB-D vision status: model_ready:onnxruntime targets:1 depth:1 tf:1 semantic_masks:2
[INFO] [1786006014.653181]: RGB-D vision status: model_ready:onnxruntime targets:0 depth:0 tf:0 semantic_masks:1
[INFO] [1786006019.715271]: RGB-D vision status: model_ready:onnxruntime targets:0 depth:0 tf:0 semantic_masks:1
[INFO] [1786006025.928413]: RGB-D vision status: model_ready:onnxruntime targets:0 depth:0 tf:0 semantic_masks:1
[INFO] [1786006031.069658]: RGB-D vision status: model_ready:onnxruntime targets:1 depth:1 tf:1 semantic_masks:2
[INFO] [1786006036.392251]: RGB-D vision status: model_ready:onnxruntime targets:0 depth:0 tf:0 semantic_masks:1
[WARN] [1786005978.882063]: Remote inference recovery probe failed; local inference continues and another probe will run in 5.0 s: [Errno -2] Name or service not known
[WARN] [1786005983.954294]: Remote inference recovery probe failed; local inference continues and another probe will run in 5.0 s: [Errno -2] Name or service not known
[WARN] [1786005989.006557]: Remote inference recovery probe failed; local inference continues and another probe will run in 5.0 s: [Errno -2] Name or service not known
[WARN] [1786005994.109494]: Remote inference recovery probe failed; local inference continues and another probe will run in 5.0 s: [Errno -2] Name or service not known
[WARN] [1786005999.223603]: Remote inference recovery probe failed; local inference continues and another probe will run in 5.0 s: [Errno -2] Name or service not known
[WARN] [1786006004.350286]: Remote inference recovery probe failed; local inference continues and another probe will run in 5.0 s: [Errno -2] Name or service not known
[WARN] [1786006009.430684]: Remote inference recovery probe failed; local inference continues and another probe will run in 5.0 s: [Errno -2] Name or service not known
[WARN] [1786006014.519200]: Remote inference recovery probe failed; local inference continues and another probe will run in 5.0 s: [Errno -2] Name or service not known
[WARN] [1786006019.580984]: Remote inference recovery probe failed; local inference continues and another probe will run in 5.0 s: [Errno -2] Name or service not known
[WARN] [1786006024.722777]: Remote inference recovery probe failed; local inference continues and another probe will run in 5.0 s: [Errno -2] Name or service not known
[WARN] [1786006029.780751]: Remote inference recovery probe failed; local inference continues and another probe will run in 5.0 s: [Errno -2] Name or service not known
[WARN] [1786006034.904150]: Remote inference recovery probe failed; local inference continues and another probe will run in 5.0 s: [Errno -2] Name or service not known
[WARN] [1786006040.108470]: Remote inference recovery probe failed; local inference continues and another probe will run in 5.0 s: [Errno -2] Name or service not known
[WARN] [1786006045.260610]: Remote inference recovery probe failed; local inference continues and another probe will run in 5.0 s: [Errno -2] Name or service not known
[WARN] [1786006050.352788]: Remote inference recovery probe failed; local inference continues and another probe will run in 5.0 s: [Errno -2] Name or service not known
[WARN] [1786006055.564074]: Remote inference recovery probe failed; local inference continues and another probe will run in 5.0 s: [Errno -2] Name or service not known
[WARN] [1786006060.706806]: Remote inference recovery probe failed; local inference continues and another probe will run in 5.0 s: [Errno -2] Name or service not known
[WARN] [1786006065.832657]: Remote inference recovery probe failed; local inference continues and another probe will run in 5.0 s: [Errno -2] Name or service not known
[WARN] [1786006071.043718]: Remote inference recovery probe failed; local inference continues and another probe will run in 5.0 s: [Errno -2] Name or service not known
[WARN] [1786006076.240329]: Remote inference recovery probe failed; local inference continues and another probe will run in 5.0 s: [Errno -2] Name or service not known
[WARN] [1786006081.424154]: Remote inference recovery probe failed; local inference continues and another probe will run in 5.0 s: [Errno -2] Name or service not known
[WARN] [1786006086.575625]: Remote inference recovery probe failed; local inference continues and another probe will run in 5.0 s: [Errno -2] Name or service not known
[WARN] [1786006091.638358]: Remote inference recovery probe failed; local inference continues and another probe will run in 5.0 s: [Errno -2] Name or service not known
[WARN] [1786006096.713592]: Remote inference recovery probe failed; local inference continues and another probe will run in 5.0 s: [Errno -2] Name or service not known
[WARN] [1786006101.842986]: Remote inference recovery probe failed; local inference continues and another probe will run in 5.0 s: [Errno -2] Name or service not known
[WARN] [1786006107.036823]: Remote inference recovery probe failed; local inference continues and another probe will run in 5.0 s: [Errno -2] Name or service not known
[WARN] [1786006112.181911]: Remote inference recovery probe failed; local inference continues and another probe will run in 5.0 s: [Errno -2] Name or service not known
[WARN] [1786006117.324817]: Remote inference recovery probe failed; local inference continues and another probe will run in 5.0 s: [Errno -2] Name or service not known
[WARN] [1786006122.459485]: Remote inference recovery probe failed; local inference continues and another probe will run in 5.0 s: [Errno -2] Name or service not known
[WARN] [1786006127.596301]: Remote inference recovery probe failed; local inference continues and another probe will run in 5.0 s: [Errno -2] Name or service not known
[WARN] [1786006132.671884]: Remote inference recovery probe failed; local inference continues and another probe will run in 5.0 s: [Errno -2] Name or service not known
[WARN] [1786006137.848821]: Remote inference recovery probe failed; local inference continues and another probe will run in 5.0 s: [Errno -2] Name or service not known
[WARN] [1786006143.001125]: Remote inference recovery probe failed; local inference continues and another probe will run in 5.0 s: [Errno -2] Name or service not known
[WARN] [1786006148.086558]: Remote inference recovery probe failed; local inference continues and another probe will run in 5.0 s: [Errno -2] Name or service not known
[WARN] [1786006153.137443]: Remote inference recovery probe failed; local inference continues and another probe will run in 5.0 s: [Errno -2] Name or service not known
[WARN] [1786006158.248658]: Remote inference recovery probe failed; local inference continues and another probe will run in 5.0 s: [Errno -2] Name or service not known
[WARN] [1786006163.353287]: Remote inference recovery probe failed; local inference continues and another probe will run in 5.0 s: [Errno -2] Name or service not known
[WARN] [1786006168.518173]: Remote inference recovery probe failed; local inference continues and another probe will run in 5.0 s: [Errno -2] Name or service not known
[WARN] [1786006173.608938]: Remote inference recovery probe failed; local inference continues and another probe will run in 5.0 s: [Errno -2] Name or service not known
[WARN] [1786006178.789025]: Remote inference recovery probe failed; local inference continues and another probe will run in 5.0 s: [Errno -2] Name or service not known
[WARN] [1786006183.855533]: Remote inference recovery probe failed; local inference continues and another probe will run in 5.0 s: [Errno -2] Name or service not known
[WARN] [1786006188.933328]: Remote inference recovery probe failed; local inference continues and another probe will run in 5.0 s: [Errno -2] Name or service not known
[WARN] [1786006194.021021]: Remote inference recovery probe failed; local inference continues and another probe will run in 5.0 s: [Errno -2] Name or service not known
[WARN] [1786006199.206055]: Remote inference recovery probe failed; local inference continues and another probe will run in 5.0 s: [Errno -2] Name or service not known
[WARN] [1786006204.292867]: Remote inference recovery probe failed; local inference continues and another probe will run in 5.0 s: [Errno -2] Name or service not known
[WARN] [1786006209.486609]: Remote inference recovery probe failed; local inference continues and another probe will run in 5.0 s: [Errno -2] Name or service not known
[WARN] [1786006214.679638]: Remote inference recovery probe failed; local inference continues and another probe will run in 5.0 s: [Errno -2] Name or service not known
[WARN] [1786006219.748272]: Remote inference recovery probe failed; local inference continues and another probe will run in 5.0 s: [Errno -2] Name or service not known
[INFO] [1786006041.404881]: RGB-D vision status: model_ready:onnxruntime targets:0 depth:0 tf:0 semantic_masks:1
[INFO] [1786006046.589001]: RGB-D vision status: model_ready:onnxruntime targets:1 depth:1 tf:1 semantic_masks:2
[INFO] [1786006051.801720]: RGB-D vision status: model_ready:onnxruntime targets:0 depth:0 tf:0 semantic_masks:1
[INFO] [1786006057.033370]: RGB-D vision status: model_ready:onnxruntime targets:1 depth:1 tf:1 semantic_masks:2
[INFO] [1786006062.107339]: RGB-D vision status: model_ready:onnxruntime targets:1 depth:1 tf:1 semantic_masks:2
[INFO] [1786006067.296975]: RGB-D vision status: model_ready:onnxruntime targets:0 depth:0 tf:0 semantic_masks:1
[INFO] [1786006072.397358]: RGB-D vision status: model_ready:onnxruntime targets:0 depth:0 tf:0 semantic_masks:1
[INFO] [1786006077.443149]: RGB-D vision status: model_ready:onnxruntime targets:1 depth:1 tf:1 semantic_masks:2
[INFO] [1786006082.962289]: RGB-D vision status: model_ready:onnxruntime targets:0 depth:0 tf:0 semantic_masks:1
[INFO] [1786006088.059150]: RGB-D vision status: model_ready:onnxruntime targets:1 depth:1 tf:1 semantic_masks:2
[INFO] [1786006093.386614]: RGB-D vision status: model_ready:onnxruntime targets:0 depth:0 tf:0 semantic_masks:1
[INFO] [1786006099.735418]: RGB-D vision status: model_ready:onnxruntime targets:0 depth:0 tf:0 semantic_masks:1
[INFO] [1786006104.806835]: RGB-D vision status: model_ready:onnxruntime targets:1 depth:1 tf:1 semantic_masks:2
[INFO] [1786006110.204996]: RGB-D vision status: model_ready:onnxruntime targets:0 depth:0 tf:0 semantic_masks:1
[INFO] [1786006115.338030]: RGB-D vision status: model_ready:onnxruntime targets:0 depth:0 tf:0 semantic_masks:1
[INFO] [1786006120.551301]: RGB-D vision status: model_ready:onnxruntime targets:0 depth:0 tf:0 semantic_masks:1
[INFO] [1786006125.607199]: RGB-D vision status: model_ready:onnxruntime targets:0 depth:0 tf:0 semantic_masks:1
[INFO] [1786006131.196617]: RGB-D vision status: model_ready:onnxruntime targets:0 depth:0 tf:0 semantic_masks:1
[INFO] [1786006136.219080]: RGB-D vision status: model_ready:onnxruntime targets:1 depth:1 tf:1 semantic_masks:2
[INFO] [1786006142.228771]: RGB-D vision status: model_ready:onnxruntime targets:0 depth:0 tf:0 semantic_masks:1
[INFO] [1786006147.417659]: RGB-D vision status: model_ready:onnxruntime targets:0 depth:0 tf:0 semantic_masks:1
[INFO] [1786006152.510893]: RGB-D vision status: model_ready:onnxruntime targets:1 depth:1 tf:1 semantic_masks:2
[INFO] [1786006158.110896]: RGB-D vision status: model_ready:onnxruntime targets:0 depth:0 tf:0 semantic_masks:1
[INFO] [1786006164.306865]: RGB-D vision status: model_ready:onnxruntime targets:0 depth:0 tf:0 semantic_masks:1
[INFO] [1786006169.449107]: RGB-D vision status: model_ready:onnxruntime targets:1 depth:1 tf:1 semantic_masks:2
[INFO] [1786006174.778767]: RGB-D vision status: model_ready:onnxruntime targets:0 depth:0 tf:0 semantic_masks:1
[INFO] [1786006179.868135]: RGB-D vision status: model_ready:onnxruntime targets:0 depth:0 tf:0 semantic_masks:1
[INFO] [1786006184.997793]: RGB-D vision status: model_ready:onnxruntime targets:1 depth:1 tf:1 semantic_masks:2
[INFO] [1786006190.003292]: RGB-D vision status: model_ready:onnxruntime targets:0 depth:0 tf:0 semantic_masks:1
[INFO] [1786006196.301130]: RGB-D vision status: model_ready:onnxruntime targets:0 depth:0 tf:0 semantic_masks:1
[INFO] [1786006201.327956]: RGB-D vision status: model_ready:onnxruntime targets:1 depth:1 tf:1 semantic_masks:2
[INFO] [1786006206.691017]: RGB-D vision status: model_ready:onnxruntime targets:1 depth:1 tf:1 semantic_masks:2
[INFO] [1786006211.894619]: RGB-D vision status: model_ready:onnxruntime targets:0 depth:0 tf:0 semantic_masks:1
[INFO] [1786006217.100596]: RGB-D vision status: model_ready:onnxruntime targets:1 depth:1 tf:1 semantic_masks:2
[INFO] [1786006222.299399]: RGB-D vision status: model_ready:onnxruntime targets:1 depth:1 tf:1 semantic_masks:2
[INFO] [1786006227.506486]: RGB-D vision status: model_ready:onnxruntime targets:1 depth:1 tf:1 semantic_masks:2
[INFO] [1786006232.838422]: RGB-D vision status: model_ready:onnxruntime targets:0 depth:0 tf:0 semantic_masks:1
[INFO] [1786006237.903517]: RGB-D vision status: model_ready:onnxruntime targets:0 depth:0 tf:0 semantic_masks:1
[INFO] [1786006243.508905]: RGB-D vision status: model_ready:onnxruntime targets:1 depth:1 tf:1 semantic_masks:2
[INFO] [1786006249.188769]: RGB-D vision status: model_ready:onnxruntime targets:0 depth:0 tf:0 semantic_masks:1
[INFO] [1786006254.265506]: RGB-D vision status: model_ready:onnxruntime targets:1 depth:1 tf:1 semantic_masks:2
[INFO] [1786006260.381472]: RGB-D vision status: model_ready:onnxruntime targets:0 depth:0 tf:0 semantic_masks:1
[INFO] [1786006265.399988]: RGB-D vision status: model_ready:onnxruntime targets:0 depth:0 tf:0 semantic_masks:1
[INFO] [1786006271.276986]: RGB-D vision status: model_ready:onnxruntime targets:1 depth:1 tf:1 semantic_masks:2
[INFO] [1786006276.399386]: RGB-D vision status: model_ready:onnxruntime targets:0 depth:0 tf:0 semantic_masks:1
[INFO] [1786006281.424117]: RGB-D vision status: model_ready:onnxruntime targets:1 depth:1 tf:1 semantic_masks:2
[INFO] [1786006288.299637]: RGB-D vision status: model_ready:onnxruntime targets:0 depth:0 tf:0 semantic_masks:1
[INFO] [1786006293.472531]: RGB-D vision status: model_ready:onnxruntime targets:0 depth:0 tf:0 semantic_masks:1
[INFO] [1786006299.823687]: RGB-D vision status: model_ready:onnxruntime targets:0 depth:0 tf:0 semantic_masks:1
[INFO] [1786006306.770679]: RGB-D vision status: model_ready:onnxruntime targets:0 depth:0 tf:0 semantic_masks:1
[INFO] [1786006315.965857]: RGB-D vision status: model_ready:onnxruntime targets:0 depth:0 tf:0 semantic_masks:1
[INFO] [1786006324.441420]: RGB-D vision status: model_ready:onnxruntime targets:0 depth:0 tf:0 semantic_masks:1
[INFO] [1786006329.449673]: RGB-D vision status: model_ready:onnxruntime targets:0 depth:0 tf:0 semantic_masks:1
[INFO] [1786006340.666807]: RGB-D vision status: model_ready:onnxruntime targets:0 depth:0 tf:0 semantic_masks:1
[INFO] [1786006346.327790]: RGB-D vision status: model_ready:onnxruntime targets:1 depth:1 tf:1 semantic_masks:2
[INFO] [1786006351.541207]: RGB-D vision status: model_ready:onnxruntime targets:1 depth:1 tf:1 semantic_masks:2
[INFO] [1786006356.679659]: RGB-D vision status: model_ready:onnxruntime targets:0 depth:0 tf:0 semantic_masks:1
[INFO] [1786006361.786795]: RGB-D vision status: model_ready:onnxruntime targets:1 depth:1 tf:1 semantic_masks:2
[INFO] [1786006366.816339]: RGB-D vision status: model_ready:onnxruntime targets:0 depth:0 tf:0 semantic_masks:1
[INFO] [1786006372.560464]: RGB-D vision status: model_ready:onnxruntime targets:0 depth:0 tf:0 semantic_masks:1
[INFO] [1786006379.091412]: RGB-D vision status: model_ready:onnxruntime targets:0 depth:0 tf:0 semantic_masks:1
[INFO] [1786006384.577020]: RGB-D vision status: model_ready:onnxruntime targets:1 depth:1 tf:1 semantic_masks:2
[INFO] [1786006389.763629]: RGB-D vision status: model_ready:onnxruntime targets:0 depth:0 tf:0 semantic_masks:1
[INFO] [1786006395.313436]: RGB-D vision status: model_ready:onnxruntime targets:1 depth:1 tf:1 semantic_masks:2
[INFO] [1786006400.386637]: RGB-D vision status: model_ready:onnxruntime targets:1 depth:1 tf:1 semantic_masks:2
[INFO] [1786006405.915576]: RGB-D vision status: model_ready:onnxruntime targets:0 depth:0 tf:0 semantic_masks:1
[INFO] [1786006411.245660]: RGB-D vision status: model_ready:onnxruntime targets:1 depth:1 tf:1 semantic_masks:2
[INFO] [1786006416.336540]: RGB-D vision status: model_ready:onnxruntime targets:1 depth:1 tf:1 semantic_masks:2
[INFO] [1786006421.676175]: RGB-D vision status: model_ready:onnxruntime targets:1 depth:1 tf:1 semantic_masks:2
[INFO] [1786006427.548106]: RGB-D vision status: model_ready:onnxruntime targets:0 depth:0 tf:0 semantic_masks:1
[INFO] [1786006433.079045]: RGB-D vision status: model_ready:onnxruntime targets:1 depth:1 tf:1 semantic_masks:2
[INFO] [1786006438.307230]: RGB-D vision status: model_ready:onnxruntime targets:1 depth:1 tf:1 semantic_masks:2
[WARN] [1786006224.838192]: Remote inference recovery probe failed; local inference continues and another probe will run in 5.0 s: [Errno -2] Name or service not known
[WARN] [1786006230.038455]: Remote inference recovery probe failed; local inference continues and another probe will run in 5.0 s: [Errno -2] Name or service not known
[WARN] [1786006235.224218]: Remote inference recovery probe failed; local inference continues and another probe will run in 5.0 s: [Errno -2] Name or service not known
[WARN] [1786006240.309837]: Remote inference recovery probe failed; local inference continues and another probe will run in 5.0 s: [Errno -2] Name or service not known
[WARN] [1786006245.394255]: Remote inference recovery probe failed; local inference continues and another probe will run in 5.0 s: [Errno -2] Name or service not known
[WARN] [1786006250.523836]: Remote inference recovery probe failed; local inference continues and another probe will run in 5.0 s: [Errno -2] Name or service not known
[WARN] [1786006255.579540]: Remote inference recovery probe failed; local inference continues and another probe will run in 5.0 s: [Errno -2] Name or service not known
[WARN] [1786006260.700160]: Remote inference recovery probe failed; local inference continues and another probe will run in 5.0 s: [Errno -2] Name or service not known
[WARN] [1786006265.807768]: Remote inference recovery probe failed; local inference continues and another probe will run in 5.0 s: [Errno -2] Name or service not known
[WARN] [1786006271.007869]: Remote inference recovery probe failed; local inference continues and another probe will run in 5.0 s: [Errno -2] Name or service not known
[WARN] [1786006276.094549]: Remote inference recovery probe failed; local inference continues and another probe will run in 5.0 s: [Errno -2] Name or service not known
[WARN] [1786006281.281713]: Remote inference recovery probe failed; local inference continues and another probe will run in 5.0 s: [Errno -2] Name or service not known
[WARN] [1786006286.396445]: Remote inference recovery probe failed; local inference continues and another probe will run in 5.0 s: [Errno -2] Name or service not known
[WARN] [1786006291.476390]: Remote inference recovery probe failed; local inference continues and another probe will run in 5.0 s: [Errno -2] Name or service not known
[WARN] [1786006296.639239]: Remote inference recovery probe failed; local inference continues and another probe will run in 5.0 s: [Errno -2] Name or service not known
[WARN] [1786006301.827382]: Remote inference recovery probe failed; local inference continues and another probe will run in 5.0 s: [Errno -2] Name or service not known
[WARN] [1786006306.891544]: Remote inference recovery probe failed; local inference continues and another probe will run in 5.0 s: [Errno -2] Name or service not known
[WARN] [1786006311.975525]: Remote inference recovery probe failed; local inference continues and another probe will run in 5.0 s: [Errno -2] Name or service not known
[WARN] [1786006317.026670]: Remote inference recovery probe failed; local inference continues and another probe will run in 5.0 s: [Errno -2] Name or service not known
[WARN] [1786006322.091852]: Remote inference recovery probe failed; local inference continues and another probe will run in 5.0 s: [Errno -2] Name or service not known
[WARN] [1786006327.199159]: Remote inference recovery probe failed; local inference continues and another probe will run in 5.0 s: [Errno -2] Name or service not known
[WARN] [1786006332.400311]: Remote inference recovery probe failed; local inference continues and another probe will run in 5.0 s: [Errno -2] Name or service not known
[WARN] [1786006337.599205]: Remote inference recovery probe failed; local inference continues and another probe will run in 5.0 s: [Errno -2] Name or service not known
[WARN] [1786006342.701104]: Remote inference recovery probe failed; local inference continues and another probe will run in 5.0 s: [Errno -2] Name or service not known
[WARN] [1786006347.800868]: Remote inference recovery probe failed; local inference continues and another probe will run in 5.0 s: [Errno -2] Name or service not known
[WARN] [1786006352.868165]: Remote inference recovery probe failed; local inference continues and another probe will run in 5.0 s: [Errno -2] Name or service not known
[WARN] [1786006357.991448]: Remote inference recovery probe failed; local inference continues and another probe will run in 5.0 s: [Errno -2] Name or service not known
[WARN] [1786006363.065081]: Remote inference recovery probe failed; local inference continues and another probe will run in 5.0 s: [Errno -2] Name or service not known
[WARN] [1786006368.166261]: Remote inference recovery probe failed; local inference continues and another probe will run in 5.0 s: [Errno -2] Name or service not known
[WARN] [1786006373.347769]: Remote inference recovery probe failed; local inference continues and another probe will run in 5.0 s: [Errno -2] Name or service not known
[WARN] [1786006378.438409]: Remote inference recovery probe failed; local inference continues and another probe will run in 5.0 s: [Errno -2] Name or service not known
[WARN] [1786006383.510342]: Remote inference recovery probe failed; local inference continues and another probe will run in 5.0 s: [Errno -2] Name or service not known
[WARN] [1786006388.693793]: Remote inference recovery probe failed; local inference continues and another probe will run in 5.0 s: [Errno -2] Name or service not known
[WARN] [1786006393.833841]: Remote inference recovery probe failed; local inference continues and another probe will run in 5.0 s: [Errno -2] Name or service not known
[WARN] [1786006398.926518]: Remote inference recovery probe failed; local inference continues and another probe will run in 5.0 s: [Errno -2] Name or service not known
[WARN] [1786006404.075925]: Remote inference recovery probe failed; local inference continues and another probe will run in 5.0 s: [Errno -2] Name or service not known
[WARN] [1786006409.254837]: Remote inference recovery probe failed; local inference continues and another probe will run in 5.0 s: [Errno -2] Name or service not known
[WARN] [1786006414.406429]: Remote inference recovery probe failed; local inference continues and another probe will run in 5.0 s: [Errno -2] Name or service not known
[WARN] [1786006419.531976]: Remote inference recovery probe failed; local inference continues and another probe will run in 5.0 s: [Errno -2] Name or service not known
[WARN] [1786006424.650051]: Remote inference recovery probe failed; local inference continues and another probe will run in 5.0 s: [Errno -2] Name or service not known
[WARN] [1786006429.804704]: Remote inference recovery probe failed; local inference continues and another probe will run in 5.0 s: [Errno -2] Name or service not known
[WARN] [1786006434.959966]: Remote inference recovery probe failed; local inference continues and another probe will run in 5.0 s: [Errno -2] Name or service not known
[WARN] [1786006440.158782]: Remote inference recovery probe failed; local inference continues and another probe will run in 5.0 s: [Errno -2] Name or service not known
[WARN] [1786006445.225634]: Remote inference recovery probe failed; local inference continues and another probe will run in 5.0 s: [Errno -2] Name or service not known
[WARN] [1786006450.291455]: Remote inference recovery probe failed; local inference continues and another probe will run in 5.0 s: [Errno -2] Name or service not known
[WARN] [1786006455.364447]: Remote inference recovery probe failed; local inference continues and another probe will run in 5.0 s: [Errno -2] Name or service not known
[WARN] [1786006460.415008]: Remote inference recovery probe failed; local inference continues and another probe will run in 5.0 s: [Errno -2] Name or service not known
[WARN] [1786006465.526412]: Remote inference recovery probe failed; local inference continues and another probe will run in 5.0 s: [Errno -2] Name or service not known
 06/08 08:55:23,131 ERROR [140541781305088] (ds-options.cpp:93) Asic Temperature value is not valid!
 06/08 08:55:24,134 ERROR [140541781305088] (ds-options.cpp:93) Asic Temperature value is not valid!
 06/08 08:55:24,310 ERROR [140541924730624] (ds-options.cpp:93) Asic Temperature value is not valid!
 06/08 08:55:25,136 ERROR [140541781305088] (ds-options.cpp:93) Asic Temperature value is not valid!
[WARN] [1786006470.717752]: Remote inference recovery probe failed; local inference continues and another probe will run in 5.0 s: [Errno -2] Name or service not known
[WARN] [1786006475.782479]: Remote inference recovery probe failed; local inference continues and another probe will run in 5.0 s: [Errno -2] Name or service not known
[WARN] [1786006480.876402]: Remote inference recovery probe failed; local inference continues and another probe will run in 5.0 s: [Errno -2] Name or service not known
[WARN] [1786006485.987624]: Remote inference recovery probe failed; local inference continues and another probe will run in 5.0 s: [Errno -2] Name or service not known
[WARN] [1786006491.115220]: Remote inference recovery probe failed; local inference continues and another probe will run in 5.0 s: [Errno -2] Name or service not known
[WARN] [1786006496.208742]: Remote inference recovery probe failed; local inference continues and another probe will run in 5.0 s: [Errno -2] Name or service not known
[WARN] [1786006501.335448]: Remote inference recovery probe failed; local inference continues and another probe will run in 5.0 s: [Errno -2] Name or service not known
[WARN] [1786006506.435760]: Remote inference recovery probe failed; local inference continues and another probe will run in 5.0 s: [Errno -2] Name or service not known
[WARN] [1786006511.599312]: Remote inference recovery probe failed; local inference continues and another probe will run in 5.0 s: [Errno -2] Name or service not known
[WARN] [1786006516.680817]: Remote inference recovery probe failed; local inference continues and another probe will run in 5.0 s: [Errno -2] Name or service not known
[WARN] [1786006521.827228]: Remote inference recovery probe failed; local inference continues and another probe will run in 5.0 s: [Errno -2] Name or service not known
[WARN] [1786006526.955662]: Remote inference recovery probe failed; local inference continues and another probe will run in 5.0 s: [Errno -2] Name or service not known
[WARN] [1786006532.035482]: Remote inference recovery probe failed; local inference continues and another probe will run in 5.0 s: [Errno -2] Name or service not known
[WARN] [1786006537.083169]: Remote inference recovery probe failed; local inference continues and another probe will run in 5.0 s: [Errno -2] Name or service not known
[WARN] [1786006542.264198]: Remote inference recovery probe failed; local inference continues and another probe will run in 5.0 s: [Errno -2] Name or service not known
[WARN] [1786006547.458042]: Remote inference recovery probe failed; local inference continues and another probe will run in 5.0 s: [Errno -2] Name or service not known
[WARN] [1786006552.653265]: Remote inference recovery probe failed; local inference continues and another probe will run in 5.0 s: [Errno -2] Name or service not known
[WARN] [1786006557.798680]: Remote inference recovery probe failed; local inference continues and another probe will run in 5.0 s: [Errno -2] Name or service not known
[WARN] [1786006562.923973]: Remote inference recovery probe failed; local inference continues and another probe will run in 5.0 s: [Errno -2] Name or service not known
[WARN] [1786006568.066254]: Remote inference recovery probe failed; local inference continues and another probe will run in 5.0 s: [Errno -2] Name or service not known
[WARN] [1786006573.230536]: Remote inference recovery probe failed; local inference continues and another probe will run in 5.0 s: [Errno -2] Name or service not known
[WARN] [1786006578.425567]: Remote inference recovery probe failed; local inference continues and another probe will run in 5.0 s: [Errno -2] Name or service not known
[WARN] [1786006583.595476]: Remote inference recovery probe failed; local inference continues and another probe will run in 5.0 s: [Errno -2] Name or service not known
[WARN] [1786006588.681226]: Remote inference recovery probe failed; local inference continues and another probe will run in 5.0 s: [Errno -2] Name or service not known
[WARN] [1786006593.805983]: Remote inference recovery probe failed; local inference continues and another probe will run in 5.0 s: [Errno -2] Name or service not known
[WARN] [1786006598.974663]: Remote inference recovery probe failed; local inference continues and another probe will run in 5.0 s: [Errno -2] Name or service not known
[WARN] [1786006604.172065]: Remote inference recovery probe failed; local inference continues and another probe will run in 5.0 s: [Errno -2] Name or service not known
[WARN] [1786006609.280214]: Remote inference recovery probe failed; local inference continues and another probe will run in 5.0 s: [Errno -2] Name or service not known
[WARN] [1786006614.392853]: Remote inference recovery probe failed; local inference continues and another probe will run in 5.0 s: [Errno -2] Name or service not known
[WARN] [1786006619.587825]: Remote inference recovery probe failed; local inference continues and another probe will run in 5.0 s: [Errno -2] Name or service not known
[WARN] [1786006624.797333]: Remote inference recovery probe failed; local inference continues and another probe will run in 5.0 s: [Errno -2] Name or service not known
[WARN] [1786006630.004246]: Remote inference recovery probe failed; local inference continues and another probe will run in 5.0 s: [Errno -2] Name or service not known
[WARN] [1786006635.179227]: Remote inference recovery probe failed; local inference continues and another probe will run in 5.0 s: [Errno -2] Name or service not known
[WARN] [1786006640.240136]: Remote inference recovery probe failed; local inference continues and another probe will run in 5.0 s: [Errno -2] Name or service not known
[WARN] [1786006645.436518]: Remote inference recovery probe failed; local inference continues and another probe will run in 5.0 s: [Errno -2] Name or service not known
[WARN] [1786006650.648233]: Remote inference recovery probe failed; local inference continues and another probe will run in 5.0 s: [Errno -2] Name or service not known
[WARN] [1786006655.737524]: Remote inference recovery probe failed; local inference continues and another probe will run in 5.0 s: [Errno -2] Name or service not known
[WARN] [1786006660.804461]: Remote inference recovery probe failed; local inference continues and another probe will run in 5.0 s: [Errno -2] Name or service not known
[WARN] [1786006665.881012]: Remote inference recovery probe failed; local inference continues and another probe will run in 5.0 s: [Errno -2] Name or service not known
[WARN] [1786006671.087858]: Remote inference recovery probe failed; local inference continues and another probe will run in 5.0 s: [Errno -2] Name or service not known
[WARN] [1786006676.230421]: Remote inference recovery probe failed; local inference continues and another probe will run in 5.0 s: [Errno -2] Name or service not known
[WARN] [1786006681.441031]: Remote inference recovery probe failed; local inference continues and another probe will run in 5.0 s: [Errno -2] Name or service not known
[WARN] [1786006686.656299]: Remote inference recovery probe failed; local inference continues and another probe will run in 5.0 s: [Errno -2] Name or service not known
[WARN] [1786006691.824947]: Remote inference recovery probe failed; local inference continues and another probe will run in 5.0 s: [Errno -2] Name or service not known
[WARN] [1786006696.893429]: Remote inference recovery probe failed; local inference continues and another probe will run in 5.0 s: [Errno -2] Name or service not known
[WARN] [1786006702.059351]: Remote inference recovery probe failed; local inference continues and another probe will run in 5.0 s: [Errno -2] Name or service not known
[WARN] [1786006707.159987]: Remote inference recovery probe failed; local inference continues and another probe will run in 5.0 s: [Errno -2] Name or service not known
[WARN] [1786006712.267327]: Remote inference recovery probe failed; local inference continues and another probe will run in 5.0 s: [Errno -2] Name or service not known
[INFO] [1786006443.751636]: RGB-D vision status: model_ready:onnxruntime targets:0 depth:0 tf:0 semantic_masks:1
[INFO] [1786006448.966618]: RGB-D vision status: model_ready:onnxruntime targets:0 depth:0 tf:0 semantic_masks:1
[INFO] [1786006454.157713]: RGB-D vision status: model_ready:onnxruntime targets:0 depth:0 tf:0 semantic_masks:1
[INFO] [1786006459.901995]: RGB-D vision status: model_ready:onnxruntime targets:0 depth:0 tf:0 semantic_masks:1
[INFO] [1786006465.367674]: RGB-D vision status: model_ready:onnxruntime targets:0 depth:0 tf:0 semantic_masks:1
[INFO] [1786006470.721035]: RGB-D vision status: model_ready:onnxruntime targets:1 depth:1 tf:1 semantic_masks:2
[INFO] [1786006475.784054]: RGB-D vision status: model_ready:onnxruntime targets:0 depth:0 tf:0 semantic_masks:1
[INFO] [1786006481.276343]: RGB-D vision status: model_ready:onnxruntime targets:0 depth:0 tf:0 semantic_masks:1
[INFO] [1786006486.387416]: RGB-D vision status: model_ready:onnxruntime targets:1 depth:1 tf:1 semantic_masks:2
[INFO] [1786006491.511234]: RGB-D vision status: model_ready:onnxruntime targets:1 depth:1 tf:1 semantic_masks:2
[INFO] [1786006496.720569]: RGB-D vision status: model_ready:onnxruntime targets:0 depth:0 tf:0 semantic_masks:1
[INFO] [1786006502.303283]: RGB-D vision status: model_ready:onnxruntime targets:1 depth:1 tf:1 semantic_masks:2
[INFO] [1786006507.869830]: RGB-D vision status: model_ready:onnxruntime targets:0 depth:0 tf:0 semantic_masks:1
[INFO] [1786006512.961524]: RGB-D vision status: model_ready:onnxruntime targets:0 depth:0 tf:0 semantic_masks:1
[INFO] [1786006518.402863]: RGB-D vision status: model_ready:onnxruntime targets:0 depth:0 tf:0 semantic_masks:1
[INFO] [1786006523.413236]: RGB-D vision status: model_ready:onnxruntime targets:0 depth:0 tf:0 semantic_masks:1
[INFO] [1786006529.657138]: RGB-D vision status: model_ready:onnxruntime targets:0 depth:0 tf:0 semantic_masks:1
[INFO] [1786006535.741856]: RGB-D vision status: model_ready:onnxruntime targets:0 depth:0 tf:0 semantic_masks:1
[INFO] [1786006541.046708]: RGB-D vision status: model_ready:onnxruntime targets:1 depth:1 tf:1 semantic_masks:2
[INFO] [1786006546.111594]: RGB-D vision status: model_ready:onnxruntime targets:0 depth:0 tf:0 semantic_masks:1
[INFO] [1786006551.191318]: RGB-D vision status: model_ready:onnxruntime targets:1 depth:1 tf:1 semantic_masks:2
[INFO] [1786006557.662000]: RGB-D vision status: model_ready:onnxruntime targets:0 depth:0 tf:0 semantic_masks:1
[INFO] [1786006562.787389]: RGB-D vision status: model_ready:onnxruntime targets:0 depth:0 tf:0 semantic_masks:1
[INFO] [1786006568.067986]: RGB-D vision status: model_ready:onnxruntime targets:0 depth:0 tf:0 semantic_masks:1
[INFO] [1786006573.233813]: RGB-D vision status: model_ready:onnxruntime targets:1 depth:1 tf:1 semantic_masks:2
[INFO] [1786006579.221830]: RGB-D vision status: model_ready:onnxruntime targets:1 depth:1 tf:1 semantic_masks:2
[INFO] [1786006584.273973]: RGB-D vision status: model_ready:onnxruntime targets:0 depth:0 tf:0 semantic_masks:1
[INFO] [1786006590.879784]: RGB-D vision status: model_ready:onnxruntime targets:0 depth:0 tf:0 semantic_masks:1
[INFO] [1786006596.011425]: RGB-D vision status: model_ready:onnxruntime targets:1 depth:1 tf:1 semantic_masks:2
[INFO] [1786006601.234197]: RGB-D vision status: model_ready:onnxruntime targets:1 depth:1 tf:1 semantic_masks:2
[INFO] [1786006609.434153]: RGB-D vision status: model_ready:onnxruntime targets:1 depth:1 tf:1 semantic_masks:2
[INFO] [1786006615.968297]: RGB-D vision status: model_ready:onnxruntime targets:1 depth:1 tf:1 semantic_masks:2
[INFO] [1786006621.027182]: RGB-D vision status: model_ready:onnxruntime targets:0 depth:0 tf:0 semantic_masks:1
[INFO] [1786006626.117765]: RGB-D vision status: model_ready:onnxruntime targets:1 depth:1 tf:1 semantic_masks:2
[INFO] [1786006632.153697]: RGB-D vision status: model_ready:onnxruntime targets:0 depth:0 tf:0 semantic_masks:1
[INFO] [1786006637.333098]: RGB-D vision status: model_ready:onnxruntime targets:1 depth:1 tf:1 semantic_masks:2
[INFO] [1786006642.457527]: RGB-D vision status: model_ready:onnxruntime targets:0 depth:0 tf:0 semantic_masks:1
[INFO] [1786006647.549595]: RGB-D vision status: model_ready:onnxruntime targets:1 depth:1 tf:1 semantic_masks:2
[INFO] [1786006653.837157]: RGB-D vision status: model_ready:onnxruntime targets:0 depth:0 tf:0 semantic_masks:1
[INFO] [1786006659.870629]: RGB-D vision status: model_ready:onnxruntime targets:1 depth:1 tf:1 semantic_masks:2
[INFO] [1786006665.469849]: RGB-D vision status: model_ready:onnxruntime targets:0 depth:0 tf:0 semantic_masks:1
[INFO] [1786006670.669046]: RGB-D vision status: model_ready:onnxruntime targets:0 depth:0 tf:0 semantic_masks:1
[INFO] [1786006676.088154]: RGB-D vision status: model_ready:onnxruntime targets:1 depth:1 tf:1 semantic_masks:2
[INFO] [1786006681.442605]: RGB-D vision status: model_ready:onnxruntime targets:0 depth:0 tf:0 semantic_masks:1
[INFO] [1786006686.504119]: RGB-D vision status: model_ready:onnxruntime targets:1 depth:1 tf:1 semantic_masks:2
[INFO] [1786006691.826835]: RGB-D vision status: model_ready:onnxruntime targets:0 depth:0 tf:0 semantic_masks:1
[INFO] [1786006696.895402]: RGB-D vision status: model_ready:onnxruntime targets:0 depth:0 tf:0 semantic_masks:1
[INFO] [1786006701.898758]: RGB-D vision status: model_ready:onnxruntime targets:1 depth:1 tf:1 semantic_masks:2
[INFO] [1786006707.392207]: RGB-D vision status: model_ready:onnxruntime targets:1 depth:1 tf:1 semantic_masks:2
[INFO] [1786006712.516328]: RGB-D vision status: model_ready:onnxruntime targets:1 depth:1 tf:1 semantic_masks:2
[INFO] [1786006717.797958]: RGB-D vision status: model_ready:onnxruntime targets:1 depth:1 tf:1 semantic_masks:2
[INFO] [1786006723.400701]: RGB-D vision status: model_ready:onnxruntime targets:0 depth:0 tf:0 semantic_masks:1
[INFO] [1786006728.465439]: RGB-D vision status: model_ready:onnxruntime targets:1 depth:1 tf:1 semantic_masks:2
[INFO] [1786006733.548820]: RGB-D vision status: model_ready:onnxruntime targets:0 depth:0 tf:0 semantic_masks:1
[INFO] [1786006739.626011]: RGB-D vision status: model_ready:onnxruntime targets:0 depth:0 tf:0 semantic_masks:1
[INFO] [1786006744.732422]: RGB-D vision status: model_ready:onnxruntime targets:0 depth:0 tf:0 semantic_masks:1
[INFO] [1786006750.018046]: RGB-D vision status: model_ready:onnxruntime targets:0 depth:0 tf:0 semantic_masks:1
[INFO] [1786006755.083217]: RGB-D vision status: model_ready:onnxruntime targets:1 depth:1 tf:1 semantic_masks:2
[INFO] [1786006760.301443]: RGB-D vision status: model_ready:onnxruntime targets:0 depth:0 tf:0 semantic_masks:1
[INFO] [1786006765.445176]: RGB-D vision status: model_ready:onnxruntime targets:0 depth:0 tf:0 semantic_masks:1
[INFO] [1786006773.975773]: RGB-D vision status: model_ready:onnxruntime targets:0 depth:0 tf:0 semantic_masks:1
[INFO] [1786006780.437900]: RGB-D vision status: model_ready:onnxruntime targets:0 depth:0 tf:0 semantic_masks:1
[INFO] [1786006785.499209]: RGB-D vision status: model_ready:onnxruntime targets:1 depth:1 tf:1 semantic_masks:2
[INFO] [1786006792.078247]: RGB-D vision status: model_ready:onnxruntime targets:0 depth:0 tf:0 semantic_masks:1
[INFO] [1786006797.678394]: RGB-D vision status: model_ready:onnxruntime targets:0 depth:0 tf:0 semantic_masks:1
[INFO] [1786006802.887177]: RGB-D vision status: model_ready:onnxruntime targets:1 depth:1 tf:1 semantic_masks:2
[INFO] [1786006808.099776]: RGB-D vision status: model_ready:onnxruntime targets:0 depth:0 tf:0 semantic_masks:1
[INFO] [1786006814.622599]: RGB-D vision status: model_ready:onnxruntime targets:0 depth:0 tf:0 semantic_masks:1
[INFO] [1786006819.734356]: RGB-D vision status: model_ready:onnxruntime targets:0 depth:0 tf:0 semantic_masks:1
[INFO] [1786006824.754764]: RGB-D vision status: model_ready:onnxruntime targets:1 depth:1 tf:1 semantic_masks:2
[INFO] [1786006831.009402]: RGB-D vision status: model_ready:onnxruntime targets:1 depth:1 tf:1 semantic_masks:2
[INFO] [1786006836.487163]: RGB-D vision status: model_ready:onnxruntime targets:0 depth:0 tf:0 semantic_masks:1
[WARN] [1786006717.388896]: Remote inference recovery probe failed; local inference continues and another probe will run in 5.0 s: [Errno -2] Name or service not known
[WARN] [1786006722.492630]: Remote inference recovery probe failed; local inference continues and another probe will run in 5.0 s: [Errno -2] Name or service not known
[WARN] [1786006727.673105]: Remote inference recovery probe failed; local inference continues and another probe will run in 5.0 s: [Errno -2] Name or service not known
[WARN] [1786006732.875571]: Remote inference recovery probe failed; local inference continues and another probe will run in 5.0 s: [Errno -2] Name or service not known
[WARN] [1786006738.014286]: Remote inference recovery probe failed; local inference continues and another probe will run in 5.0 s: [Errno -2] Name or service not known
[WARN] [1786006743.217895]: Remote inference recovery probe failed; local inference continues and another probe will run in 5.0 s: [Errno -2] Name or service not known
[WARN] [1786006748.405960]: Remote inference recovery probe failed; local inference continues and another probe will run in 5.0 s: [Errno -2] Name or service not known
[WARN] [1786006753.495117]: Remote inference recovery probe failed; local inference continues and another probe will run in 5.0 s: [Errno -2] Name or service not known
[WARN] [1786006758.566571]: Remote inference recovery probe failed; local inference continues and another probe will run in 5.0 s: [Errno -2] Name or service not known
[WARN] [1786006763.628869]: Remote inference recovery probe failed; local inference continues and another probe will run in 5.0 s: [Errno -2] Name or service not known
[WARN] [1786006768.772883]: Remote inference recovery probe failed; local inference continues and another probe will run in 5.0 s: [Errno -2] Name or service not known
[WARN] [1786006773.847446]: Remote inference recovery probe failed; local inference continues and another probe will run in 5.0 s: [Errno -2] Name or service not known
[WARN] [1786006778.955048]: Remote inference recovery probe failed; local inference continues and another probe will run in 5.0 s: [Errno -2] Name or service not known
[WARN] [1786006784.044711]: Remote inference recovery probe failed; local inference continues and another probe will run in 5.0 s: [Errno -2] Name or service not known
[WARN] [1786006789.121914]: Remote inference recovery probe failed; local inference continues and another probe will run in 5.0 s: [Errno -2] Name or service not known
[WARN] [1786006794.179933]: Remote inference recovery probe failed; local inference continues and another probe will run in 5.0 s: [Errno -2] Name or service not known
[WARN] [1786006799.277964]: Remote inference recovery probe failed; local inference continues and another probe will run in 5.0 s: [Errno -2] Name or service not known
[WARN] [1786006804.472817]: Remote inference recovery probe failed; local inference continues and another probe will run in 5.0 s: [Errno -2] Name or service not known
[WARN] [1786006809.671958]: Remote inference recovery probe failed; local inference continues and another probe will run in 5.0 s: [Errno -2] Name or service not known
[WARN] [1786006814.746195]: Remote inference recovery probe failed; local inference continues and another probe will run in 5.0 s: [Errno -2] Name or service not known
[WARN] [1786006819.827080]: Remote inference recovery probe failed; local inference continues and another probe will run in 5.0 s: [Errno -2] Name or service not known
[WARN] [1786006825.023908]: Remote inference recovery probe failed; local inference continues and another probe will run in 5.0 s: [Errno -2] Name or service not known
[WARN] [1786006830.104776]: Remote inference recovery probe failed; local inference continues and another probe will run in 5.0 s: [Errno -2] Name or service not known
[WARN] [1786006835.301988]: Remote inference recovery probe failed; local inference continues and another probe will run in 5.0 s: [Errno -2] Name or service not known
[WARN] [1786006840.435106]: Remote inference recovery probe failed; local inference continues and another probe will run in 5.0 s: [Errno -2] Name or service not known
[WARN] [1786006845.504356]: Remote inference recovery probe failed; local inference continues and another probe will run in 5.0 s: [Errno -2] Name or service not known
[WARN] [1786006850.552737]: Remote inference recovery probe failed; local inference continues and another probe will run in 5.0 s: [Errno -2] Name or service not known
[WARN] [1786006855.674634]: Remote inference recovery probe failed; local inference continues and another probe will run in 5.0 s: [Errno -2] Name or service not known
[WARN] [1786006860.868149]: Remote inference recovery probe failed; local inference continues and another probe will run in 5.0 s: [Errno -2] Name or service not known
[WARN] [1786006865.980645]: Remote inference recovery probe failed; local inference continues and another probe will run in 5.0 s: [Errno -2] Name or service not known
[WARN] [1786006871.065838]: Remote inference recovery probe failed; local inference continues and another probe will run in 5.0 s: [Errno -2] Name or service not known
[WARN] [1786006876.196554]: Remote inference recovery probe failed; local inference continues and another probe will run in 5.0 s: [Errno -2] Name or service not known
[WARN] [1786006881.258302]: Remote inference recovery probe failed; local inference continues and another probe will run in 5.0 s: [Errno -2] Name or service not known
[WARN] [1786006886.333200]: Remote inference recovery probe failed; local inference continues and another probe will run in 5.0 s: [Errno -2] Name or service not known
[WARN] [1786006891.509228]: Remote inference recovery probe failed; local inference continues and another probe will run in 5.0 s: [Errno -2] Name or service not known
[INFO] [1786006841.509856]: RGB-D vision status: model_ready:onnxruntime targets:1 depth:1 tf:1 semantic_masks:2
[INFO] [1786006846.718172]: RGB-D vision status: model_ready:onnxruntime targets:0 depth:0 tf:0 semantic_masks:1
[INFO] [1786006851.903913]: RGB-D vision status: model_ready:onnxruntime targets:1 depth:1 tf:1 semantic_masks:2
[INFO] [1786006858.977328]: RGB-D vision status: model_ready:onnxruntime targets:1 depth:1 tf:1 semantic_masks:2
[INFO] [1786006864.326334]: RGB-D vision status: model_ready:onnxruntime targets:1 depth:1 tf:1 semantic_masks:2
[INFO] [1786006869.490545]: RGB-D vision status: model_ready:onnxruntime targets:1 depth:1 tf:1 semantic_masks:2
[INFO] [1786006874.605760]: RGB-D vision status: model_ready:onnxruntime targets:1 depth:1 tf:1 semantic_masks:2
[INFO] [1786006880.191634]: RGB-D vision status: model_ready:onnxruntime targets:1 depth:1 tf:1 semantic_masks:2
[INFO] [1786006886.335110]: RGB-D vision status: model_ready:onnxruntime targets:0 depth:0 tf:0 semantic_masks:1
... logging to /home/catas/.ros/log/449a013c-9141-11f1-a230-c4c6e661f1ab/roslaunch-catas-12773.log
Checking log directory for disk usage. This may take a while.
Press Ctrl-C to interrupt
Done checking log file disk usage. Usage is <1GB.
]2;/home/catas/ros_ws/src/elfin_vision/launch/citrus_imu.launch
[1mstarted roslaunch server http://127.0.0.1:39269/[0m

SUMMARY
========

PARAMETERS
 * /camera_imu/realsense2_camera/accel_fps: 100
 * /camera_imu/realsense2_camera/accel_frame_id: camera_accel_frame
 * /camera_imu/realsense2_camera/accel_optical_frame_id: camera_accel_opti...
 * /camera_imu/realsense2_camera/align_depth: False
 * /camera_imu/realsense2_camera/aligned_depth_to_color_frame_id: camera_aligned_de...
 * /camera_imu/realsense2_camera/aligned_depth_to_fisheye1_frame_id: camera_aligned_de...
 * /camera_imu/realsense2_camera/aligned_depth_to_fisheye2_frame_id: camera_aligned_de...
 * /camera_imu/realsense2_camera/aligned_depth_to_fisheye_frame_id: camera_aligned_de...
 * /camera_imu/realsense2_camera/aligned_depth_to_infra1_frame_id: camera_aligned_de...
 * /camera_imu/realsense2_camera/aligned_depth_to_infra2_frame_id: camera_aligned_de...
 * /camera_imu/realsense2_camera/allow_no_texture_points: False
 * /camera_imu/realsense2_camera/base_frame_id: camera_link
 * /camera_imu/realsense2_camera/calib_odom_file: 
 * /camera_imu/realsense2_camera/clip_distance: -2.0
 * /camera_imu/realsense2_camera/color_fps: -1
 * /camera_imu/realsense2_camera/color_frame_id: camera_color_frame
 * /camera_imu/realsense2_camera/color_height: -1
 * /camera_imu/realsense2_camera/color_optical_frame_id: camera_color_opti...
 * /camera_imu/realsense2_camera/color_width: -1
 * /camera_imu/realsense2_camera/confidence_fps: -1
 * /camera_imu/realsense2_camera/confidence_height: -1
 * /camera_imu/realsense2_camera/confidence_width: -1
 * /camera_imu/realsense2_camera/depth_fps: -1
 * /camera_imu/realsense2_camera/depth_frame_id: camera_depth_frame
 * /camera_imu/realsense2_camera/depth_height: -1
 * /camera_imu/realsense2_camera/depth_optical_frame_id: camera_depth_opti...
 * /camera_imu/realsense2_camera/depth_width: -1
 * /camera_imu/realsense2_camera/device_type: d455
 * /camera_imu/realsense2_camera/enable_accel: True
 * /camera_imu/realsense2_camera/enable_color: False
 * /camera_imu/realsense2_camera/enable_confidence: False
 * /camera_imu/realsense2_camera/enable_depth: False
 * /camera_imu/realsense2_camera/enable_fisheye1: False
 * /camera_imu/realsense2_camera/enable_fisheye2: False
 * /camera_imu/realsense2_camera/enable_fisheye: False
 * /camera_imu/realsense2_camera/enable_gyro: True
 * /camera_imu/realsense2_camera/enable_infra1: False
 * /camera_imu/realsense2_camera/enable_infra2: False
 * /camera_imu/realsense2_camera/enable_infra: False
 * /camera_imu/realsense2_camera/enable_pointcloud: False
 * /camera_imu/realsense2_camera/enable_pose: False
 * /camera_imu/realsense2_camera/enable_sync: False
 * /camera_imu/realsense2_camera/filters: 
 * /camera_imu/realsense2_camera/fisheye1_frame_id: camera_fisheye1_f...
 * /camera_imu/realsense2_camera/fisheye1_optical_frame_id: camera_fisheye1_o...
 * /camera_imu/realsense2_camera/fisheye2_frame_id: camera_fisheye2_f...
 * /camera_imu/realsense2_camera/fisheye2_optical_frame_id: camera_fisheye2_o...
 * /camera_imu/realsense2_camera/fisheye_fps: -1
 * /camera_imu/realsense2_camera/fisheye_frame_id: camera_fisheye_frame
 * /camera_imu/realsense2_camera/fisheye_height: -1
 * /camera_imu/realsense2_camera/fisheye_optical_frame_id: camera_fisheye_op...
 * /camera_imu/realsense2_camera/fisheye_width: -1
 * /camera_imu/realsense2_camera/gyro_fps: 200
 * /camera_imu/realsense2_camera/gyro_frame_id: camera_gyro_frame
 * /camera_imu/realsense2_camera/gyro_optical_frame_id: camera_gyro_optic...
 * /camera_imu/realsense2_camera/imu_optical_frame_id: camera_imu_optica...
 * /camera_imu/realsense2_camera/infra1_frame_id: camera_infra1_frame
 * /camera_imu/realsense2_camera/infra1_optical_frame_id: camera_infra1_opt...
 * /camera_imu/realsense2_camera/infra2_frame_id: camera_infra2_frame
 * /camera_imu/realsense2_camera/infra2_optical_frame_id: camera_infra2_opt...
 * /camera_imu/realsense2_camera/infra_fps: 30
 * /camera_imu/realsense2_camera/infra_height: 480
 * /camera_imu/realsense2_camera/infra_rgb: False
 * /camera_imu/realsense2_camera/infra_width: 848
 * /camera_imu/realsense2_camera/initial_reset: False
 * /camera_imu/realsense2_camera/json_file_path: 
 * /camera_imu/realsense2_camera/linear_accel_cov: 0.01
 * /camera_imu/realsense2_camera/odom_frame_id: camera_odom_frame
 * /camera_imu/realsense2_camera/ordered_pc: False
 * /camera_imu/realsense2_camera/pointcloud_texture_index: 0
 * /camera_imu/realsense2_camera/pointcloud_texture_stream: RS2_STREAM_COLOR
 * /camera_imu/realsense2_camera/pose_frame_id: camera_pose_frame
 * /camera_imu/realsense2_camera/pose_optical_frame_id: camera_pose_optic...
 * /camera_imu/realsense2_camera/publish_odom_tf: True
 * /camera_imu/realsense2_camera/publish_tf: False
 * /camera_imu/realsense2_camera/reconnect_timeout: 10.0
 * /camera_imu/realsense2_camera/rosbag_filename: 
 * /camera_imu/realsense2_camera/serial_no: 234222302617
 * /camera_imu/realsense2_camera/stereo_module/exposure/1: 7500
 * /camera_imu/realsense2_camera/stereo_module/exposure/2: 1
 * /camera_imu/realsense2_camera/stereo_module/gain/1: 16
 * /camera_imu/realsense2_camera/stereo_module/gain/2: 16
 * /camera_imu/realsense2_camera/tf_publish_rate: 0.0
 * /camera_imu/realsense2_camera/topic_odom_in: odom_in
 * /camera_imu/realsense2_camera/unite_imu_method: none
 * /camera_imu/realsense2_camera/usb_port_id: 2-3
 * /camera_imu/realsense2_camera/wait_for_device_timeout: 15.0
 * /rosdistro: noetic
 * /rosversion: 1.17.4

NODES
  /camera_imu/
    realsense2_camera (nodelet/nodelet)
    realsense2_camera_imu_manager (nodelet/nodelet)

[1mROS_MASTER_URI=http://127.0.0.1:11311[0m
]2;/home/catas/ros_ws/src/elfin_vision/launch/citrus_imu.launch http://127.0.0.1:11311
[1mprocess[camera_imu/realsense2_camera_imu_manager-1]: started with pid [12880][0m
[1mprocess[camera_imu/realsense2_camera-2]: started with pid [12881][0m
[camera_imu/realsense2_camera-2] killing on exit
[camera_imu/realsense2_camera_imu_manager-1] killing on exit
shutting down processing monitor...
... shutting down processing monitor complete
[1mdone[0m
