... logging to /home/catas/.ros/log/06546cc4-964f-11f1-bce8-c4c6e661f1ab/roslaunch-catas-16228.log
Checking log directory for disk usage. This may take a while.
Press Ctrl-C to interrupt
Done checking log file disk usage. Usage is <1GB.
]2;/home/catas/ros_ws/src/elfin_vision/launch/citrus_sensor_runtime.launch
[1mstarted roslaunch server http://127.0.0.1:38667/[0m

SUMMARY
========

PARAMETERS
 * /camera/realsense2_camera/accel_fps: 0
 * /camera/realsense2_camera/accel_frame_id: camera_accel_frame
 * /camera/realsense2_camera/accel_optical_frame_id: camera_accel_opti...
 * /camera/realsense2_camera/align_depth: True
 * /camera/realsense2_camera/aligned_depth_to_color_frame_id: camera_aligned_de...
 * /camera/realsense2_camera/aligned_depth_to_fisheye1_frame_id: camera_aligned_de...
 * /camera/realsense2_camera/aligned_depth_to_fisheye2_frame_id: camera_aligned_de...
 * /camera/realsense2_camera/aligned_depth_to_fisheye_frame_id: camera_aligned_de...
 * /camera/realsense2_camera/aligned_depth_to_infra1_frame_id: camera_aligned_de...
 * /camera/realsense2_camera/aligned_depth_to_infra2_frame_id: camera_aligned_de...
 * /camera/realsense2_camera/allow_no_texture_points: False
 * /camera/realsense2_camera/base_frame_id: camera_link
 * /camera/realsense2_camera/calib_odom_file: 
 * /camera/realsense2_camera/clip_distance: -2.0
 * /camera/realsense2_camera/color_fps: 15
 * /camera/realsense2_camera/color_frame_id: camera_color_frame
 * /camera/realsense2_camera/color_height: 480
 * /camera/realsense2_camera/color_optical_frame_id: camera_color_opti...
 * /camera/realsense2_camera/color_width: 640
 * /camera/realsense2_camera/confidence_fps: -1
 * /camera/realsense2_camera/confidence_height: -1
 * /camera/realsense2_camera/confidence_width: -1
 * /camera/realsense2_camera/depth_fps: 5
 * /camera/realsense2_camera/depth_frame_id: camera_depth_frame
 * /camera/realsense2_camera/depth_height: 480
 * /camera/realsense2_camera/depth_optical_frame_id: camera_depth_opti...
 * /camera/realsense2_camera/depth_width: 640
 * /camera/realsense2_camera/device_type: d435
 * /camera/realsense2_camera/enable_accel: False
 * /camera/realsense2_camera/enable_color: True
 * /camera/realsense2_camera/enable_confidence: False
 * /camera/realsense2_camera/enable_depth: True
 * /camera/realsense2_camera/enable_fisheye1: False
 * /camera/realsense2_camera/enable_fisheye2: False
 * /camera/realsense2_camera/enable_fisheye: False
 * /camera/realsense2_camera/enable_gyro: False
 * /camera/realsense2_camera/enable_infra1: False
 * /camera/realsense2_camera/enable_infra2: False
 * /camera/realsense2_camera/enable_infra: False
 * /camera/realsense2_camera/enable_pointcloud: True
 * /camera/realsense2_camera/enable_pose: False
 * /camera/realsense2_camera/enable_sync: False
 * /camera/realsense2_camera/filters: 
 * /camera/realsense2_camera/fisheye1_frame_id: camera_fisheye1_f...
 * /camera/realsense2_camera/fisheye1_optical_frame_id: camera_fisheye1_o...
 * /camera/realsense2_camera/fisheye2_frame_id: camera_fisheye2_f...
 * /camera/realsense2_camera/fisheye2_optical_frame_id: camera_fisheye2_o...
 * /camera/realsense2_camera/fisheye_fps: -1
 * /camera/realsense2_camera/fisheye_frame_id: camera_fisheye_frame
 * /camera/realsense2_camera/fisheye_height: -1
 * /camera/realsense2_camera/fisheye_optical_frame_id: camera_fisheye_op...
 * /camera/realsense2_camera/fisheye_width: -1
 * /camera/realsense2_camera/gyro_fps: 0
 * /camera/realsense2_camera/gyro_frame_id: camera_gyro_frame
 * /camera/realsense2_camera/gyro_optical_frame_id: camera_gyro_optic...
 * /camera/realsense2_camera/imu_optical_frame_id: camera_imu_optica...
 * /camera/realsense2_camera/infra1_frame_id: camera_infra1_frame
 * /camera/realsense2_camera/infra1_optical_frame_id: camera_infra1_opt...
 * /camera/realsense2_camera/infra2_frame_id: camera_infra2_frame
 * /camera/realsense2_camera/infra2_optical_frame_id: camera_infra2_opt...
 * /camera/realsense2_camera/infra_fps: 30
 * /camera/realsense2_camera/infra_height: 480
 * /camera/realsense2_camera/infra_rgb: False
 * /camera/realsense2_camera/infra_width: 848
 * /camera/realsense2_camera/initial_reset: False
 * /camera/realsense2_camera/json_file_path: 
 * /camera/realsense2_camera/linear_accel_cov: 0.01
 * /camera/realsense2_camera/odom_frame_id: camera_odom_frame
 * /camera/realsense2_camera/ordered_pc: False
 * /camera/realsense2_camera/pointcloud_texture_index: 0
 * /camera/realsense2_camera/pointcloud_texture_stream: RS2_STREAM_ANY
 * /camera/realsense2_camera/pose_frame_id: camera_pose_frame
 * /camera/realsense2_camera/pose_optical_frame_id: camera_pose_optic...
 * /camera/realsense2_camera/publish_odom_tf: True
 * /camera/realsense2_camera/publish_tf: True
 * /camera/realsense2_camera/reconnect_timeout: 6.0
 * /camera/realsense2_camera/rosbag_filename: 
 * /camera/realsense2_camera/serial_no: 233522078111
 * /camera/realsense2_camera/stereo_module/exposure/1: 7500
 * /camera/realsense2_camera/stereo_module/exposure/2: 1
 * /camera/realsense2_camera/stereo_module/gain/1: 16
 * /camera/realsense2_camera/stereo_module/gain/2: 16
 * /camera/realsense2_camera/tf_publish_rate: 0.0
 * /camera/realsense2_camera/topic_odom_in: odom_in
 * /camera/realsense2_camera/unite_imu_method: none
 * /camera/realsense2_camera/usb_port_id: 2-3
 * /camera/realsense2_camera/wait_for_device_timeout: 8.0
 * /elfin_vision/citrus_rgbd_node/backend: onnxruntime
 * /elfin_vision/citrus_rgbd_node/citrus_circle_minimum_arc_deg: 80.0
 * /elfin_vision/citrus_rgbd_node/citrus_circle_minimum_inlier_ratio: 0.3
 * /elfin_vision/citrus_rgbd_node/citrus_circle_residual_px: 2.5
 * /elfin_vision/citrus_rgbd_node/citrus_merge_depth_tolerance_m: 0.025
 * /elfin_vision/citrus_rgbd_node/citrus_merge_gap_radius_ratio: 0.45
 * /elfin_vision/citrus_rgbd_node/citrus_polar_radius_max_m: 0.025
 * /elfin_vision/citrus_rgbd_node/citrus_polar_radius_min_m: 0.022
 * /elfin_vision/citrus_rgbd_node/citrus_radius_max_m: 0.04
 * /elfin_vision/citrus_rgbd_node/citrus_radius_min_m: 0.022
 * /elfin_vision/citrus_rgbd_node/class_names/0: citrus
 * /elfin_vision/citrus_rgbd_node/class_names/1: tree
 * /elfin_vision/citrus_rgbd_node/confidence: 0.35
 * /elfin_vision/citrus_rgbd_node/depth_max_m: 4.0
 * /elfin_vision/citrus_rgbd_node/depth_min_m: 0.2
 * /elfin_vision/citrus_rgbd_node/depth_min_samples: 20
 * /elfin_vision/citrus_rgbd_node/depth_pair_maximum_age_s: 0.35
 * /elfin_vision/citrus_rgbd_node/depth_pair_maximum_delta_s: 0.04
 * /elfin_vision/citrus_rgbd_node/device: auto
 * /elfin_vision/citrus_rgbd_node/engine_path: 
 * /elfin_vision/citrus_rgbd_node/engine_sha256: 
 * /elfin_vision/citrus_rgbd_node/image_size: 640
 * /elfin_vision/citrus_rgbd_node/inference_queue_size: 12
 * /elfin_vision/citrus_rgbd_node/inference_request_match_slop_s: 0.002
 * /elfin_vision/citrus_rgbd_node/iou: 0.45
 * /elfin_vision/citrus_rgbd_node/max_inference_hz: 8.0
 * /elfin_vision/citrus_rgbd_node/model_path: /home/catas/elfin...
 * /elfin_vision/citrus_rgbd_node/model_repo: 
 * /elfin_vision/citrus_rgbd_node/model_sha256: 371c56e82f2452cc9...
 * /elfin_vision/citrus_rgbd_node/publish_annotated_image: False
 * /elfin_vision/citrus_rgbd_node/remote_preferred: False
 * /elfin_vision/citrus_rgbd_node/remote_timeout_s: 0.8
 * /elfin_vision/citrus_rgbd_node/remote_token_file: /home/catas/.conf...
 * /elfin_vision/citrus_rgbd_node/remote_url: http://aiseon.loc...
 * /elfin_vision/citrus_rgbd_node/rgbd_history_size: 18
 * /elfin_vision/citrus_rgbd_node/semantic_class_ids: []
 * /elfin_vision/citrus_rgbd_node/semantic_labels: ['citrus', 'tree']
 * /elfin_vision/citrus_rgbd_node/target_class_ids: []
 * /elfin_vision/citrus_rgbd_node/target_frame: elfin_base_link
 * /elfin_vision/citrus_rgbd_node/target_labels: ['citrus', 'orang...
 * /elfin_vision/citrus_rgbd_node/tf_timeout_s: 0.12
 * /rosdistro: noetic
 * /rosversion: 1.17.4

NODES
  /camera/
    realsense2_camera (nodelet/nodelet)
    realsense2_camera_manager (nodelet/nodelet)
  /elfin_vision/
    citrus_rgbd_node (elfin_vision/citrus_rgbd_node.py)

[1mROS_MASTER_URI=http://127.0.0.1:11311[0m
[0m[INFO] [1786545393.185807804]: Initializing nodelet with 32 worker threads.[0m
[0m[INFO] [1786545393.251398689]: RealSense ROS v2.3.2[0m
[0m[INFO] [1786545393.251421138]: Built with LibRealSense v2.50.0[0m
[0m[INFO] [1786545393.251427997]: Running with LibRealSense v2.50.0[0m
[0m[INFO] [1786545393.272042800]:  [0m
[0m[INFO] [1786545393.354758120]: Device with serial number 233522078111 was found.
[0m
[0m[INFO] [1786545393.354795556]: Device with physical ID 2-3-9 was found.[0m
[0m[INFO] [1786545393.354810188]: Device with name Intel RealSense D435 was found.[0m
[0m[INFO] [1786545393.355125810]: Device with port number 2-3 was found.[0m
[0m[INFO] [1786545393.355153299]: Device USB type: 3.2[0m
[0m[INFO] [1786545393.356216768]: getParameters...[0m
[0m[INFO] [1786545393.375318124]: setupDevice...[0m
[0m[INFO] [1786545393.375347994]: JSON file is not provided[0m
[0m[INFO] [1786545393.375366818]: ROS Node Namespace: camera[0m
[0m[INFO] [1786545393.375384476]: Device Name: Intel RealSense D435[0m
[0m[INFO] [1786545393.375397855]: Device Serial No: 233522078111[0m
[0m[INFO] [1786545393.375411216]: Device physical port: 2-3-9[0m
[0m[INFO] [1786545393.375425097]: Device FW version: 05.17.03.10[0m
[0m[INFO] [1786545393.375437914]: Device Product ID: 0x0B07[0m
[0m[INFO] [1786545393.375461122]: Enable PointCloud: On[0m
[0m[INFO] [1786545393.375486573]: Align Depth: On[0m
[0m[INFO] [1786545393.375498109]: Sync Mode: On[0m
[0m[INFO] [1786545393.375546830]: Device Sensors: [0m
[0m[INFO] [1786545393.457251737]: Stereo Module was found.[0m
[0m[INFO] [1786545393.462999985]: RGB Camera was found.[0m
[0m[INFO] [1786545393.463212082]: Add Filter: pointcloud[0m
[0m[INFO] [1786545393.463506829]: num_filters: 2[0m
[0m[INFO] [1786545393.463513397]: Setting Dynamic reconfig parameters.[0m
hwmon command 0x80( 5 0 0 0 ) failed (response -7= HW not ready)
hwmon command 0x80( 5 0 0 0 ) failed (response -7= HW not ready)
hwmon command 0x80( 5 0 0 0 ) failed (response -7= HW not ready)
hwmon command 0x80( 5 0 0 0 ) failed (response -7= HW not ready)
[0m[INFO] [1786545396.663251076]: Done Setting Dynamic reconfig parameters.[0m
[33m[WARN] [1786545396.663329047]: Given stream configuration is not supported by the device!  Stream: Depth, Stream Index: 0, Width: 640, Height: 480, FPS: 5, Format: Z16[0m
[33m[WARN] [1786545396.663335880]: Using default profile instead.[0m
[0m[INFO] [1786545396.663554945]: depth stream is enabled - width: 848, height: 480, fps: 30, Format: Z16[0m
[0m[INFO] [1786545396.663810849]: color stream is enabled - width: 640, height: 480, fps: 15, Format: RGB8[0m
[0m[INFO] [1786545396.664578717]: setupPublishers...[0m
[0m[INFO] [1786545396.665599833]: Expected frequency for depth = 30.00000[0m
[0m[INFO] [1786545396.679718277]: Expected frequency for color = 15.00000[0m
[0m[INFO] [1786545396.691851401]: Expected frequency for aligned_depth_to_color = 15.00000[0m
[0m[INFO] [1786545396.704649153]: setupStreams...[0m
 12/08 14:36:36,960 WARNING [140413612582656] (messenger-libusb.cpp:42) control_transfer returned error, index: 768, error: Resource temporarily unavailable, number: 11
[0m[INFO] [1786545397.010522660]: SELECTED BASE:Depth, 0[0m
[0m[INFO] [1786545397.015238343]: RealSense Node Is Up![0m
[33m[WARN] [1786545397.080135463]: [0m
 12/08 14:36:37,080 WARNING [140413612582656] (messenger-libusb.cpp:42) control_transfer returned error, index: 768, error: Resource temporarily unavailable, number: 11
[0m[INFO] [1786545397.085754452]: publishing unordered pointcloud.[0m
 12/08 14:36:37,130 WARNING [140413612582656] (messenger-libusb.cpp:42) control_transfer returned error, index: 768, error: Resource temporarily unavailable, number: 11
 12/08 14:36:37,182 WARNING [140413612582656] (messenger-libusb.cpp:42) control_transfer returned error, index: 768, error: Resource temporarily unavailable, number: 11
 12/08 14:36:37,424 WARNING [140413612582656] (messenger-libusb.cpp:42) control_transfer returned error, index: 768, error: Resource temporarily unavailable, number: 11
 12/08 14:36:37,474 WARNING [140413612582656] (messenger-libusb.cpp:42) control_transfer returned error, index: 768, error: Resource temporarily unavailable, number: 11
[WARN] [1786545397.500512]: 开始进行多边形确认 · 多边形确认失败 · rejected=0 · elapsed_ms=1.4
[WARN] [1786545397.624923]: 开始进行多边形确认 · 多边形确认失败 · rejected=0 · elapsed_ms=1.4
[WARN] [1786545397.734879]: 开始进行多边形确认 · 多边形确认失败 · rejected=0 · elapsed_ms=1.4
[WARN] [1786545397.871319]: 开始进行多边形确认 · 多边形确认失败 · rejected=0 · elapsed_ms=1.4
[WARN] [1786545398.006822]: 开始进行多边形确认 · 多边形确认失败 · rejected=0 · elapsed_ms=19.7
[WARN] [1786545398.091612]: 开始进行多边形确认 · 多边形确认失败 · rejected=0 · elapsed_ms=1.2
[WARN] [1786545398.223022]: 开始进行多边形确认 · 多边形确认失败 · rejected=0 · elapsed_ms=1.3
[WARN] [1786545398.362717]: 开始进行多边形确认 · 多边形确认失败 · rejected=0 · elapsed_ms=1.3
[WARN] [1786545398.487446]: 开始进行多边形确认 · 多边形确认失败 · rejected=0 · elapsed_ms=1.2
[WARN] [1786545398.615515]: 开始进行多边形确认 · 多边形确认失败 · rejected=0 · elapsed_ms=1.2
[WARN] [1786545398.737143]: 开始进行多边形确认 · 多边形确认失败 · rejected=0 · elapsed_ms=1.3
[WARN] [1786545398.867110]: 开始进行多边形确认 · 多边形确认失败 · rejected=0 · elapsed_ms=1.5
[WARN] [1786545398.976752]: 开始进行多边形确认 · 多边形确认失败 · rejected=0 · elapsed_ms=1.4
[WARN] [1786545399.101654]: 开始进行多边形确认 · 多边形确认失败 · rejected=0 · elapsed_ms=1.4
[WARN] [1786545399.224139]: 开始进行多边形确认 · 多边形确认失败 · rejected=0 · elapsed_ms=1.3
[WARN] [1786545399.362652]: 开始进行多边形确认 · 多边形确认失败 · rejected=0 · elapsed_ms=1.2
[WARN] [1786545399.481983]: 开始进行多边形确认 · 多边形确认失败 · rejected=0 · elapsed_ms=1.1
[WARN] [1786545399.601867]: 开始进行多边形确认 · 多边形确认失败 · rejected=0 · elapsed_ms=1.2
[WARN] [1786545399.726142]: 开始进行多边形确认 · 多边形确认失败 · rejected=0 · elapsed_ms=1.1
[WARN] [1786545399.851203]: 开始进行多边形确认 · 多边形确认失败 · rejected=0 · elapsed_ms=1.1
[WARN] [1786545399.989081]: 开始进行多边形确认 · 多边形确认失败 · rejected=0 · elapsed_ms=1.1
[WARN] [1786545400.118556]: 开始进行多边形确认 · 多边形确认失败 · rejected=0 · elapsed_ms=1.2
[WARN] [1786545400.234424]: 开始进行多边形确认 · 多边形确认失败 · rejected=0 · elapsed_ms=1.5
[WARN] [1786545400.370966]: 开始进行多边形确认 · 多边形确认失败 · rejected=0 · elapsed_ms=1.2
[WARN] [1786545400.543544]: 开始进行多边形确认 · 多边形确认失败 · rejected=0 · elapsed_ms=1.3
[WARN] [1786545400.613366]: 开始进行多边形确认 · 多边形确认失败 · rejected=0 · elapsed_ms=1.6
[WARN] [1786545400.748594]: 开始进行多边形确认 · 多边形确认失败 · rejected=0 · elapsed_ms=1.4
[WARN] [1786545400.867458]: 开始进行多边形确认 · 多边形确认失败 · rejected=0 · elapsed_ms=1.3
[WARN] [1786545400.979204]: 开始进行多边形确认 · 多边形确认失败 · rejected=0 · elapsed_ms=1.2
[WARN] [1786545401.123229]: 开始进行多边形确认 · 多边形确认失败 · rejected=0 · elapsed_ms=1.2
[WARN] [1786545401.249779]: 开始进行多边形确认 · 多边形确认失败 · rejected=0 · elapsed_ms=1.4
[WARN] [1786545401.376699]: 开始进行多边形确认 · 多边形确认失败 · rejected=0 · elapsed_ms=1.5
[WARN] [1786545401.521769]: 开始进行多边形确认 · 多边形确认失败 · rejected=0 · elapsed_ms=1.4
[WARN] [1786545401.624067]: 开始进行多边形确认 · 多边形确认失败 · rejected=0 · elapsed_ms=1.4
[WARN] [1786545401.742898]: 开始进行多边形确认 · 多边形确认失败 · rejected=0 · elapsed_ms=1.1
[WARN] [1786545401.867979]: 开始进行多边形确认 · 多边形确认失败 · rejected=0 · elapsed_ms=1.2
[WARN] [1786545401.994467]: 开始进行多边形确认 · 多边形确认失败 · rejected=0 · elapsed_ms=1.0
[WARN] [1786545402.124783]: 开始进行多边形确认 · 多边形确认失败 · rejected=0 · elapsed_ms=1.2
[WARN] [1786545402.248319]: 开始进行多边形确认 · 多边形确认失败 · rejected=0 · elapsed_ms=1.3
[WARN] [1786545402.360193]: 开始进行多边形确认 · 多边形确认失败 · rejected=0 · elapsed_ms=1.3
[WARN] [1786545402.516939]: 开始进行多边形确认 · 多边形确认失败 · rejected=0 · elapsed_ms=1.7
[WARN] [1786545402.618176]: 开始进行多边形确认 · 多边形确认失败 · rejected=0 · elapsed_ms=1.2
[WARN] [1786545402.741690]: 开始进行多边形确认 · 多边形确认失败 · rejected=0 · elapsed_ms=1.2
[WARN] [1786545402.865394]: 开始进行多边形确认 · 多边形确认失败 · rejected=0 · elapsed_ms=1.0
[WARN] [1786545403.003507]: 开始进行多边形确认 · 多边形确认失败 · rejected=0 · elapsed_ms=1.3
[WARN] [1786545403.132923]: 开始进行多边形确认 · 多边形确认失败 · rejected=0 · elapsed_ms=1.7
[WARN] [1786545403.263030]: 开始进行多边形确认 · 多边形确认失败 · rejected=0 · elapsed_ms=1.1
[WARN] [1786545403.393469]: 开始进行多边形确认 · 多边形确认失败 · rejected=0 · elapsed_ms=1.5
[WARN] [1786545403.503658]: 开始进行多边形确认 · 多边形确认失败 · rejected=0 · elapsed_ms=1.2
[WARN] [1786545403.643184]: 开始进行多边形确认 · 多边形确认失败 · rejected=0 · elapsed_ms=1.6
[WARN] [1786545403.745527]: 开始进行多边形确认 · 多边形确认失败 · rejected=0 · elapsed_ms=1.1
[WARN] [1786545403.872318]: 开始进行多边形确认 · 多边形确认失败 · rejected=0 · elapsed_ms=1.4
[WARN] [1786545404.003761]: 开始进行多边形确认 · 多边形确认失败 · rejected=0 · elapsed_ms=1.1
[WARN] [1786545404.129785]: 开始进行多边形确认 · 多边形确认失败 · rejected=0 · elapsed_ms=1.1
[WARN] [1786545404.252197]: 开始进行多边形确认 · 多边形确认失败 · rejected=0 · elapsed_ms=1.2
[WARN] [1786545404.370939]: 开始进行多边形确认 · 多边形确认失败 · rejected=0 · elapsed_ms=1.1
[WARN] [1786545404.495978]: 开始进行多边形确认 · 多边形确认失败 · rejected=0 · elapsed_ms=1.1
[WARN] [1786545404.673534]: 开始进行多边形确认 · 多边形确认失败 · rejected=0 · elapsed_ms=1.2
[WARN] [1786545404.756869]: 开始进行多边形确认 · 多边形确认失败 · rejected=0 · elapsed_ms=1.2
[WARN] [1786545404.883799]: 开始进行多边形确认 · 多边形确认失败 · rejected=0 · elapsed_ms=1.1
[WARN] [1786545405.004852]: 开始进行多边形确认 · 多边形确认失败 · rejected=0 · elapsed_ms=1.0
[WARN] [1786545405.132595]: 开始进行多边形确认 · 多边形确认失败 · rejected=0 · elapsed_ms=1.1
[WARN] [1786545405.252440]: 开始进行多边形确认 · 多边形确认失败 · rejected=0 · elapsed_ms=1.1
[WARN] [1786545405.382514]: 开始进行多边形确认 · 多边形确认失败 · rejected=0 · elapsed_ms=1.2
[WARN] [1786545405.503097]: 开始进行多边形确认 · 多边形确认失败 · rejected=0 · elapsed_ms=1.0
[WARN] [1786545405.684584]: 开始进行多边形确认 · 多边形确认失败 · rejected=0 · elapsed_ms=1.3
[WARN] [1786545405.902995]: 开始进行多边形确认 · 多边形确认失败 · rejected=0 · elapsed_ms=1.2
[WARN] [1786545406.015128]: 开始进行多边形确认 · 多边形确认失败 · rejected=0 · elapsed_ms=1.3
[WARN] [1786545406.140845]: 开始进行多边形确认 · 多边形确认失败 · rejected=0 · elapsed_ms=1.1
[WARN] [1786545406.266375]: 开始进行多边形确认 · 多边形确认失败 · rejected=0 · elapsed_ms=1.3
[WARN] [1786545406.391185]: 开始进行多边形确认 · 多边形确认失败 · rejected=0 · elapsed_ms=1.2
[WARN] [1786545406.520686]: 开始进行多边形确认 · 多边形确认失败 · rejected=0 · elapsed_ms=1.2
[INFO] [1786545393.533828]: RGB-D vision status: starting:model_loading
[INFO] [1786545393.617391]: Loaded ONNX citrus model /home/catas/elfin_citrus_data/models/yolo26n_seg_converged_20260806/yolo26n_citrus_tree_best.onnx; classes={0: 'citrus', 1: 'tree'}; providers=['CPUExecutionProvider']
[INFO] [1786545393.618759]: Citrus model loading finished in 0.07 s: model_ready:onnxruntime
[INFO] [1786545397.499235]: 开始进行多边形确认 · detections=1
[INFO] [1786545397.623642]: 开始进行多边形确认 · detections=1
[INFO] [1786545397.733532]: 开始进行多边形确认 · detections=1
[INFO] [1786545397.870015]: 开始进行多边形确认 · detections=1
[INFO] [1786545397.987179]: 开始进行多边形确认 · detections=1
[INFO] [1786545398.090420]: 开始进行多边形确认 · detections=1
[INFO] [1786545398.221793]: 开始进行多边形确认 · detections=1
[INFO] [1786545398.361454]: 开始进行多边形确认 · detections=1
[INFO] [1786545398.486302]: 开始进行多边形确认 · detections=1
[INFO] [1786545398.614363]: 开始进行多边形确认 · detections=1
[INFO] [1786545398.735898]: 开始进行多边形确认 · detections=1
[INFO] [1786545398.865729]: 开始进行多边形确认 · detections=1
[INFO] [1786545398.975372]: 开始进行多边形确认 · detections=1
[INFO] [1786545399.100266]: 开始进行多边形确认 · detections=1
[INFO] [1786545399.222947]: 开始进行多边形确认 · detections=1
[INFO] [1786545399.361468]: 开始进行多边形确认 · detections=1
[INFO] [1786545399.480986]: 开始进行多边形确认 · detections=1
[INFO] [1786545399.600718]: 开始进行多边形确认 · detections=1
[INFO] [1786545399.725056]: 开始进行多边形确认 · detections=1
[INFO] [1786545399.850142]: 开始进行多边形确认 · detections=1
[INFO] [1786545399.988054]: 开始进行多边形确认 · detections=1
[INFO] [1786545400.117428]: 开始进行多边形确认 · detections=1
[INFO] [1786545400.232951]: 开始进行多边形确认 · detections=1
[INFO] [1786545400.369812]: 开始进行多边形确认 · detections=1
[INFO] [1786545400.542336]: 开始进行多边形确认 · detections=1
[INFO] [1786545400.611820]: 开始进行多边形确认 · detections=1
[INFO] [1786545400.747281]: 开始进行多边形确认 · detections=1
[INFO] [1786545400.866237]: 开始进行多边形确认 · detections=1
[INFO] [1786545400.978071]: 开始进行多边形确认 · detections=2
[INFO] [1786545400.980189]: RGB-D vision status: model_ready:onnxruntime targets:0 centers:0 tf:0 rejected:0 merged:0 semantic_masks:2
[INFO] [1786545401.122144]: 开始进行多边形确认 · detections=2
[INFO] [1786545401.248503]: 开始进行多边形确认 · detections=2
[INFO] [1786545401.375335]: 开始进行多边形确认 · detections=2
[INFO] [1786545401.520388]: 开始进行多边形确认 · detections=2
[INFO] [1786545401.622668]: 开始进行多边形确认 · detections=1
[INFO] [1786545401.741912]: 开始进行多边形确认 · detections=1
[INFO] [1786545401.866896]: 开始进行多边形确认 · detections=2
[INFO] [1786545401.993509]: 开始进行多边形确认 · detections=2
[INFO] [1786545402.123674]: 开始进行多边形确认 · detections=2
[INFO] [1786545402.247060]: 开始进行多边形确认 · detections=2
[INFO] [1786545402.358981]: 开始进行多边形确认 · detections=1
[INFO] [1786545402.515266]: 开始进行多边形确认 · detections=1
[INFO] [1786545402.617016]: 开始进行多边形确认 · detections=1
[INFO] [1786545402.740563]: 开始进行多边形确认 · detections=1
[INFO] [1786545402.864420]: 开始进行多边形确认 · detections=1
[INFO] [1786545403.002329]: 开始进行多边形确认 · detections=1
[INFO] [1786545403.131256]: 开始进行多边形确认 · detections=1
[INFO] [1786545403.262044]: 开始进行多边形确认 · detections=1
[INFO] [1786545403.392062]: 开始进行多边形确认 · detections=1
[INFO] [1786545403.502481]: 开始进行多边形确认 · detections=1
[INFO] [1786545403.641585]: 开始进行多边形确认 · detections=1
[INFO] [1786545403.744496]: 开始进行多边形确认 · detections=1
[INFO] [1786545403.870994]: 开始进行多边形确认 · detections=1
[INFO] [1786545404.002667]: 开始进行多边形确认 · detections=1
[INFO] [1786545404.128720]: 开始进行多边形确认 · detections=1
[INFO] [1786545404.251071]: 开始进行多边形确认 · detections=1
[INFO] [1786545404.369865]: 开始进行多边形确认 · detections=1
[INFO] [1786545404.494925]: 开始进行多边形确认 · detections=1
[INFO] [1786545404.672363]: 开始进行多边形确认 · detections=1
[INFO] [1786545404.755721]: 开始进行多边形确认 · detections=1
[INFO] [1786545404.882817]: 开始进行多边形确认 · detections=1
[INFO] [1786545405.003939]: 开始进行多边形确认 · detections=1
[INFO] [1786545405.131580]: 开始进行多边形确认 · detections=1
[INFO] [1786545405.251423]: 开始进行多边形确认 · detections=1
[INFO] [1786545405.381361]: 开始进行多边形确认 · detections=1
[INFO] [1786545405.502163]: 开始进行多边形确认 · detections=1
[INFO] [1786545405.683329]: 开始进行多边形确认 · detections=1
[INFO] [1786545405.901843]: 开始进行多边形确认 · detections=1
[INFO] [1786545406.013935]: 开始进行多边形确认 · detections=1
[INFO] [1786545406.139822]: 开始进行多边形确认 · detections=1
[INFO] [1786545406.265157]: 开始进行多边形确认 · detections=1
[INFO] [1786545406.390089]: 开始进行多边形确认 · detections=1
[INFO] [1786545406.519591]: 开始进行多边形确认 · detections=1
[INFO] [1786545406.641635]: 开始进行多边形确认 · detections=1
[INFO] [1786545406.799816]: 开始进行多边形确认 · detections=1
[INFO] [1786545406.895142]: RGB-D vision status: model_ready:onnxruntime targets:0 centers:0 tf:0 rejected:0 merged:0 semantic_masks:0
[INFO] [1786545407.019010]: 开始进行多边形确认 · detections=1
[INFO] [1786545407.156776]: 开始进行多边形确认 · detections=1
[INFO] [1786545407.392194]: 开始进行多边形确认 · detections=1
[INFO] [1786545407.637252]: 开始进行多边形确认 · detections=1
[INFO] [1786545407.794687]: 开始进行多边形确认 · detections=1
[INFO] [1786545407.905684]: 开始进行多边形确认 · detections=1
[INFO] [1786545408.021305]: 开始进行多边形确认 · detections=1
[INFO] [1786545408.148982]: 开始进行多边形确认 · detections=1
[INFO] [1786545408.245276]: 开始进行多边形确认 · detections=1
[INFO] [1786545408.382349]: 开始进行多边形确认 · detections=1
[INFO] [1786545408.511348]: 开始进行多边形确认 · detections=1
[INFO] [1786545408.644813]: 开始进行多边形确认 · detections=1
[INFO] [1786545408.769191]: 开始进行多边形确认 · detections=1
[INFO] [1786545408.914560]: 开始进行多边形确认 · detections=1
[INFO] [1786545409.024741]: 开始进行多边形确认 · detections=1
[INFO] [1786545409.153530]: 开始进行多边形确认 · detections=1
[INFO] [1786545409.279194]: 开始进行多边形确认 · detections=1
[INFO] [1786545409.406703]: 开始进行多边形确认 · detections=1
[INFO] [1786545409.530222]: 开始进行多边形确认 · detections=1
[INFO] [1786545409.654018]: 开始进行多边形确认 · detections=1
[INFO] [1786545409.774714]: 开始进行多边形确认 · detections=1
[INFO] [1786545409.901411]: 开始进行多边形确认 · detections=1
[INFO] [1786545410.033540]: 开始进行多边形确认 · detections=1
[INFO] [1786545410.156308]: 开始进行多边形确认 · detections=1
[INFO] [1786545410.286261]: 开始进行多边形确认 · detections=1
[INFO] [1786545410.403019]: 开始进行多边形确认 · detections=1
[INFO] [1786545410.531307]: 开始进行多边形确认 · detections=1
[INFO] [1786545410.676740]: 开始进行多边形确认 · detections=1
[INFO] [1786545410.794027]: 开始进行多边形确认 · detections=1
[INFO] [1786545410.923574]: 开始进行多边形确认 · detections=1
[WARN] [1786545406.644105]: 开始进行多边形确认 · 多边形确认失败 · rejected=0 · elapsed_ms=2.6
[WARN] [1786545406.801177]: 开始进行多边形确认 · 多边形确认失败 · rejected=0 · elapsed_ms=1.5
[WARN] [1786545407.020588]: 开始进行多边形确认 · 多边形确认失败 · rejected=0 · elapsed_ms=1.6
[WARN] [1786545407.158157]: 开始进行多边形确认 · 多边形确认失败 · rejected=0 · elapsed_ms=1.5
[WARN] [1786545407.394147]: 开始进行多边形确认 · 多边形确认失败 · rejected=0 · elapsed_ms=2.0
[WARN] [1786545407.638457]: 开始进行多边形确认 · 多边形确认失败 · rejected=0 · elapsed_ms=1.3
[WARN] [1786545407.795949]: 开始进行多边形确认 · 多边形确认失败 · rejected=0 · elapsed_ms=1.3
[WARN] [1786545407.906966]: 开始进行多边形确认 · 多边形确认失败 · rejected=0 · elapsed_ms=1.4
[WARN] [1786545408.022338]: 开始进行多边形确认 · 多边形确认失败 · rejected=0 · elapsed_ms=1.1
[WARN] [1786545408.150334]: 开始进行多边形确认 · 多边形确认失败 · rejected=0 · elapsed_ms=1.4
[WARN] [1786545408.246406]: 开始进行多边形确认 · 多边形确认失败 · rejected=0 · elapsed_ms=1.2
[WARN] [1786545408.383675]: 开始进行多边形确认 · 多边形确认失败 · rejected=0 · elapsed_ms=1.4
[WARN] [1786545408.512724]: 开始进行多边形确认 · 多边形确认失败 · rejected=0 · elapsed_ms=1.5
[WARN] [1786545408.646370]: 开始进行多边形确认 · 多边形确认失败 · rejected=0 · elapsed_ms=1.6
[WARN] [1786545408.770558]: 开始进行多边形确认 · 多边形确认失败 · rejected=0 · elapsed_ms=1.4
[WARN] [1786545408.915950]: 开始进行多边形确认 · 多边形确认失败 · rejected=0 · elapsed_ms=1.5
[WARN] [1786545409.026114]: 开始进行多边形确认 · 多边形确认失败 · rejected=0 · elapsed_ms=1.5
[WARN] [1786545409.154878]: 开始进行多边形确认 · 多边形确认失败 · rejected=0 · elapsed_ms=1.4
[WARN] [1786545409.280483]: 开始进行多边形确认 · 多边形确认失败 · rejected=0 · elapsed_ms=1.4
[WARN] [1786545409.408164]: 开始进行多边形确认 · 多边形确认失败 · rejected=0 · elapsed_ms=1.6
[WARN] [1786545409.531609]: 开始进行多边形确认 · 多边形确认失败 · rejected=0 · elapsed_ms=1.5
[WARN] [1786545409.655434]: 开始进行多边形确认 · 多边形确认失败 · rejected=0 · elapsed_ms=1.5
[WARN] [1786545409.776174]: 开始进行多边形确认 · 多边形确认失败 · rejected=0 · elapsed_ms=1.5
[WARN] [1786545409.902424]: 开始进行多边形确认 · 多边形确认失败 · rejected=0 · elapsed_ms=1.1
[WARN] [1786545410.034784]: 开始进行多边形确认 · 多边形确认失败 · rejected=0 · elapsed_ms=1.3
[WARN] [1786545410.157796]: 开始进行多边形确认 · 多边形确认失败 · rejected=0 · elapsed_ms=1.6
[WARN] [1786545410.287426]: 开始进行多边形确认 · 多边形确认失败 · rejected=0 · elapsed_ms=1.2
[WARN] [1786545410.404195]: 开始进行多边形确认 · 多边形确认失败 · rejected=0 · elapsed_ms=1.3
[WARN] [1786545410.532861]: 开始进行多边形确认 · 多边形确认失败 · rejected=0 · elapsed_ms=1.6
[WARN] [1786545410.678207]: 开始进行多边形确认 · 多边形确认失败 · rejected=0 · elapsed_ms=1.6
[WARN] [1786545410.795190]: 开始进行多边形确认 · 多边形确认失败 · rejected=0 · elapsed_ms=1.3
[WARN] [1786545410.924734]: 开始进行多边形确认 · 多边形确认失败 · rejected=0 · elapsed_ms=1.2
[WARN] [1786545411.070643]: 开始进行多边形确认 · 多边形确认失败 · rejected=0 · elapsed_ms=1.6
[WARN] [1786545411.183565]: 开始进行多边形确认 · 多边形确认失败 · rejected=0 · elapsed_ms=1.6
[WARN] [1786545411.271003]: 开始进行多边形确认 · 多边形确认失败 · rejected=0 · elapsed_ms=1.1
[WARN] [1786545411.401602]: 开始进行多边形确认 · 多边形确认失败 · rejected=0 · elapsed_ms=1.2
[WARN] [1786545411.535318]: 开始进行多边形确认 · 多边形确认失败 · rejected=0 · elapsed_ms=1.1
[WARN] [1786545411.649972]: 开始进行多边形确认 · 多边形确认失败 · rejected=0 · elapsed_ms=1.8
[WARN] [1786545411.769892]: 开始进行多边形确认 · 多边形确认失败 · rejected=0 · elapsed_ms=1.3
[WARN] [1786545411.901599]: 开始进行多边形确认 · 多边形确认失败 · rejected=0 · elapsed_ms=1.3
[WARN] [1786545412.051606]: 开始进行多边形确认 · 多边形确认失败 · rejected=0 · elapsed_ms=1.1
[WARN] [1786545412.150233]: 开始进行多边形确认 · 多边形确认失败 · rejected=0 · elapsed_ms=1.2
[WARN] [1786545412.280593]: 开始进行多边形确认 · 多边形确认失败 · rejected=0 · elapsed_ms=1.2
[WARN] [1786545412.400141]: 开始进行多边形确认 · 多边形确认失败 · rejected=0 · elapsed_ms=2.0
[WARN] [1786545412.526191]: 开始进行多边形确认 · 多边形确认失败 · rejected=0 · elapsed_ms=1.0
[WARN] [1786545412.652141]: 开始进行多边形确认 · 多边形确认失败 · rejected=0 · elapsed_ms=1.3
[WARN] [1786545412.775210]: 开始进行多边形确认 · 多边形确认失败 · rejected=0 · elapsed_ms=1.2
[WARN] [1786545412.903719]: 开始进行多边形确认 · 多边形确认失败 · rejected=0 · elapsed_ms=1.1
[WARN] [1786545413.069320]: 开始进行多边形确认 · 多边形确认失败 · rejected=0 · elapsed_ms=1.6
[WARN] [1786545413.161750]: 开始进行多边形确认 · 多边形确认失败 · rejected=0 · elapsed_ms=1.3
[WARN] [1786545413.290220]: 开始进行多边形确认 · 多边形确认失败 · rejected=0 · elapsed_ms=1.3
[WARN] [1786545413.413854]: 开始进行多边形确认 · 多边形确认失败 · rejected=0 · elapsed_ms=1.4
[WARN] [1786545413.537190]: 开始进行多边形确认 · 多边形确认失败 · rejected=0 · elapsed_ms=1.5
[WARN] [1786545413.664818]: 开始进行多边形确认 · 多边形确认失败 · rejected=0 · elapsed_ms=1.6
[WARN] [1786545413.778244]: 开始进行多边形确认 · 多边形确认失败 · rejected=0 · elapsed_ms=1.5
[WARN] [1786545413.907072]: 开始进行多边形确认 · 多边形确认失败 · rejected=0 · elapsed_ms=1.4
[WARN] [1786545414.039582]: 开始进行多边形确认 · 多边形确认失败 · rejected=0 · elapsed_ms=1.6
[WARN] [1786545414.157956]: 开始进行多边形确认 · 多边形确认失败 · rejected=0 · elapsed_ms=1.4
[WARN] [1786545414.279672]: 开始进行多边形确认 · 多边形确认失败 · rejected=0 · elapsed_ms=1.4
[WARN] [1786545414.413720]: 开始进行多边形确认 · 多边形确认失败 · rejected=0 · elapsed_ms=1.2
[WARN] [1786545414.539593]: 开始进行多边形确认 · 多边形确认失败 · rejected=0 · elapsed_ms=1.2
[WARN] [1786545414.668689]: 开始进行多边形确认 · 多边形确认失败 · rejected=0 · elapsed_ms=1.5
[WARN] [1786545414.800347]: 开始进行多边形确认 · 多边形确认失败 · rejected=0 · elapsed_ms=1.3
[WARN] [1786545414.914357]: 开始进行多边形确认 · 多边形确认失败 · rejected=0 · elapsed_ms=1.3
[WARN] [1786545415.041752]: 开始进行多边形确认 · 多边形确认失败 · rejected=0 · elapsed_ms=1.1
[WARN] [1786545415.163615]: 开始进行多边形确认 · 多边形确认失败 · rejected=0 · elapsed_ms=1.2
[WARN] [1786545415.278173]: 开始进行多边形确认 · 多边形确认失败 · rejected=0 · elapsed_ms=1.2
[WARN] [1786545415.406120]: 开始进行多边形确认 · 多边形确认失败 · rejected=0 · elapsed_ms=1.1
[WARN] [1786545415.525827]: 开始进行多边形确认 · 多边形确认失败 · rejected=0 · elapsed_ms=1.1
[WARN] [1786545415.654223]: 开始进行多边形确认 · 多边形确认失败 · rejected=0 · elapsed_ms=1.7
[WARN] [1786545415.780276]: 开始进行多边形确认 · 多边形确认失败 · rejected=0 · elapsed_ms=1.3
[WARN] [1786545415.907465]: 开始进行多边形确认 · 多边形确认失败 · rejected=0 · elapsed_ms=1.2
[INFO] [1786545411.069193]: 开始进行多边形确认 · detections=1
[INFO] [1786545411.182043]: 开始进行多边形确认 · detections=1
[INFO] [1786545411.269984]: 开始进行多边形确认 · detections=1
[INFO] [1786545411.400428]: 开始进行多边形确认 · detections=1
[INFO] [1786545411.534261]: 开始进行多边形确认 · detections=1
[INFO] [1786545411.648266]: 开始进行多边形确认 · detections=1
[INFO] [1786545411.768659]: 开始进行多边形确认 · detections=1
[INFO] [1786545411.900402]: 开始进行多边形确认 · detections=1
[INFO] [1786545412.050532]: 开始进行多边形确认 · detections=1
[INFO] [1786545412.149082]: 开始进行多边形确认 · detections=1
[INFO] [1786545412.279391]: 开始进行多边形确认 · detections=1
[INFO] [1786545412.398180]: 开始进行多边形确认 · detections=1
[INFO] [1786545412.525214]: 开始进行多边形确认 · detections=1
[INFO] [1786545412.650875]: 开始进行多边形确认 · detections=1
[INFO] [1786545412.774101]: 开始进行多边形确认 · detections=1
[INFO] [1786545412.902698]: 开始进行多边形确认 · detections=1
[INFO] [1786545413.067794]: 开始进行多边形确认 · detections=1
[INFO] [1786545413.160570]: 开始进行多边形确认 · detections=1
[INFO] [1786545413.288967]: 开始进行多边形确认 · detections=1
[INFO] [1786545413.412492]: 开始进行多边形确认 · detections=1
[INFO] [1786545413.535812]: 开始进行多边形确认 · detections=1
[INFO] [1786545413.663250]: 开始进行多边形确认 · detections=1
[INFO] [1786545413.776755]: 开始进行多边形确认 · detections=1
[INFO] [1786545413.905805]: 开始进行多边形确认 · detections=1
[INFO] [1786545414.038098]: 开始进行多边形确认 · detections=1
[INFO] [1786545414.156646]: 开始进行多边形确认 · detections=1
[INFO] [1786545414.278337]: 开始进行多边形确认 · detections=1
[INFO] [1786545414.412552]: 开始进行多边形确认 · detections=1
[INFO] [1786545414.538436]: 开始进行多边形确认 · detections=1
[INFO] [1786545414.667274]: 开始进行多边形确认 · detections=1
[INFO] [1786545414.799114]: 开始进行多边形确认 · detections=1
[INFO] [1786545414.913113]: 开始进行多边形确认 · detections=1
[INFO] [1786545415.040692]: 开始进行多边形确认 · detections=1
[INFO] [1786545415.162457]: 开始进行多边形确认 · detections=1
[INFO] [1786545415.277074]: 开始进行多边形确认 · detections=1
[INFO] [1786545415.405117]: 开始进行多边形确认 · detections=1
[INFO] [1786545415.524838]: 开始进行多边形确认 · detections=1
[INFO] [1786545415.652618]: 开始进行多边形确认 · detections=1
[INFO] [1786545415.779037]: 开始进行多边形确认 · detections=1
[INFO] [1786545415.906338]: 开始进行多边形确认 · detections=1
[INFO] [1786545416.026989]: 开始进行多边形确认 · detections=1
[INFO] [1786545416.182948]: 开始进行多边形确认 · detections=1
[INFO] [1786545416.276423]: 开始进行多边形确认 · detections=1
[INFO] [1786545416.402187]: 开始进行多边形确认 · detections=1
[INFO] [1786545416.522647]: 开始进行多边形确认 · detections=1
[INFO] [1786545416.650875]: 开始进行多边形确认 · detections=1
[INFO] [1786545416.777271]: 开始进行多边形确认 · detections=1
[INFO] [1786545416.909100]: 开始进行多边形确认 · detections=1
[INFO] [1786545417.031398]: RGB-D vision status: model_ready:onnxruntime targets:0 centers:0 tf:0 rejected:0 merged:0 semantic_masks:0
[INFO] [1786545417.159611]: 开始进行多边形确认 · detections=1
[INFO] [1786545417.290217]: 开始进行多边形确认 · detections=1
[INFO] [1786545417.428282]: 开始进行多边形确认 · detections=1
[INFO] [1786545417.551333]: 开始进行多边形确认 · detections=1
[INFO] [1786545417.671832]: 开始进行多边形确认 · detections=1
[INFO] [1786545417.796548]: 开始进行多边形确认 · detections=1
[INFO] [1786545417.926833]: 开始进行多边形确认 · detections=1
[INFO] [1786545418.037663]: 开始进行多边形确认 · detections=1
[INFO] [1786545418.163989]: 开始进行多边形确认 · detections=1
[INFO] [1786545418.304978]: 开始进行多边形确认 · detections=1
[INFO] [1786545418.420830]: 开始进行多边形确认 · detections=1
[INFO] [1786545418.540480]: 开始进行多边形确认 · detections=1
[INFO] [1786545418.674841]: 开始进行多边形确认 · detections=1
[INFO] [1786545418.795329]: 开始进行多边形确认 · detections=1
[INFO] [1786545418.924886]: 开始进行多边形确认 · detections=1
[INFO] [1786545419.054312]: 开始进行多边形确认 · detections=1
[INFO] [1786545419.187449]: 开始进行多边形确认 · detections=1
[INFO] [1786545419.306302]: 开始进行多边形确认 · detections=1
[INFO] [1786545419.431381]: 开始进行多边形确认 · detections=1
[INFO] [1786545419.576701]: 开始进行多边形确认 · detections=1
[INFO] [1786545419.689259]: 开始进行多边形确认 · detections=1
[INFO] [1786545419.815942]: 开始进行多边形确认 · detections=1
[INFO] [1786545419.936002]: 开始进行多边形确认 · detections=1
[INFO] [1786545420.061448]: 开始进行多边形确认 · detections=1
[INFO] [1786545420.190031]: 开始进行多边形确认 · detections=1
[INFO] [1786545420.299041]: 开始进行多边形确认 · detections=1
[INFO] [1786545420.433448]: 开始进行多边形确认 · detections=1
[INFO] [1786545420.594176]: 开始进行多边形确认 · detections=1
[INFO] [1786545420.672037]: 开始进行多边形确认 · detections=1
[INFO] [1786545420.799631]: 开始进行多边形确认 · detections=1
[INFO] [1786545420.925985]: 开始进行多边形确认 · detections=1
[INFO] [1786545421.049599]: 开始进行多边形确认 · detections=1
[INFO] [1786545421.189862]: 开始进行多边形确认 · detections=1
[INFO] [1786545421.294904]: 开始进行多边形确认 · detections=1
[INFO] [1786545421.425330]: 开始进行多边形确认 · detections=1
[INFO] [1786545421.559561]: 开始进行多边形确认 · detections=1
[INFO] [1786545421.688287]: 开始进行多边形确认 · detections=1
[INFO] [1786545421.811525]: 开始进行多边形确认 · detections=1
[INFO] [1786545421.929955]: 开始进行多边形确认 · detections=1
[INFO] [1786545422.056566]: 开始进行多边形确认 · detections=1
[INFO] [1786545422.175896]: 开始进行多边形确认 · detections=1
[INFO] [1786545422.305656]: 开始进行多边形确认 · detections=1
[INFO] [1786545422.438581]: 开始进行多边形确认 · detections=1
[INFO] [1786545422.565052]: 开始进行多边形确认 · detections=1
[INFO] [1786545422.706260]: 开始进行多边形确认 · detections=1
[INFO] [1786545422.816349]: 开始进行多边形确认 · detections=1
[INFO] [1786545422.939748]: 开始进行多边形确认 · detections=1
[INFO] [1786545423.070190]: 开始进行多边形确认 · detections=1
[INFO] [1786545423.201771]: 开始进行多边形确认 · detections=1
[INFO] [1786545423.333577]: 开始进行多边形确认 · detections=1
[INFO] [1786545423.433628]: 开始进行多边形确认 · detections=1
[INFO] [1786545423.560660]: 开始进行多边形确认 · detections=1
[INFO] [1786545423.715176]: 开始进行多边形确认 · detections=1
[INFO] [1786545423.813345]: 开始进行多边形确认 · detections=1
[INFO] [1786545423.935186]: 开始进行多边形确认 · detections=1
[INFO] [1786545424.067297]: 开始进行多边形确认 · detections=1
[INFO] [1786545424.189001]: 开始进行多边形确认 · detections=1
[INFO] [1786545424.317095]: 开始进行多边形确认 · detections=1
[INFO] [1786545424.444450]: 开始进行多边形确认 · detections=1
[INFO] [1786545424.596250]: 开始进行多边形确认 · detections=1
[INFO] [1786545424.724096]: 开始进行多边形确认 · detections=1
[INFO] [1786545424.836413]: 开始进行多边形确认 · detections=1
[INFO] [1786545424.958254]: 开始进行多边形确认 · detections=1
[WARN] [1786545416.027971]: 开始进行多边形确认 · 多边形确认失败 · rejected=0 · elapsed_ms=1.0
[WARN] [1786545416.184305]: 开始进行多边形确认 · 多边形确认失败 · rejected=0 · elapsed_ms=1.4
[WARN] [1786545416.277641]: 开始进行多边形确认 · 多边形确认失败 · rejected=0 · elapsed_ms=1.3
[WARN] [1786545416.403272]: 开始进行多边形确认 · 多边形确认失败 · rejected=0 · elapsed_ms=1.1
[WARN] [1786545416.523736]: 开始进行多边形确认 · 多边形确认失败 · rejected=0 · elapsed_ms=1.2
[WARN] [1786545416.651946]: 开始进行多边形确认 · 多边形确认失败 · rejected=0 · elapsed_ms=1.1
[WARN] [1786545416.778379]: 开始进行多边形确认 · 多边形确认失败 · rejected=0 · elapsed_ms=1.2
[WARN] [1786545416.910184]: 开始进行多边形确认 · 多边形确认失败 · rejected=0 · elapsed_ms=1.2
[WARN] [1786545417.160715]: 开始进行多边形确认 · 多边形确认失败 · rejected=0 · elapsed_ms=1.2
[WARN] [1786545417.291468]: 开始进行多边形确认 · 多边形确认失败 · rejected=0 · elapsed_ms=1.3
[WARN] [1786545417.430433]: 开始进行多边形确认 · 多边形确认失败 · rejected=0 · elapsed_ms=2.2
[WARN] [1786545417.552823]: 开始进行多边形确认 · 多边形确认失败 · rejected=0 · elapsed_ms=1.6
[WARN] [1786545417.672971]: 开始进行多边形确认 · 多边形确认失败 · rejected=0 · elapsed_ms=1.2
[WARN] [1786545417.797624]: 开始进行多边形确认 · 多边形确认失败 · rejected=0 · elapsed_ms=1.1
[WARN] [1786545417.927952]: 开始进行多边形确认 · 多边形确认失败 · rejected=0 · elapsed_ms=1.2
[WARN] [1786545418.038968]: 开始进行多边形确认 · 多边形确认失败 · rejected=0 · elapsed_ms=1.4
[WARN] [1786545418.165324]: 开始进行多边形确认 · 多边形确认失败 · rejected=0 · elapsed_ms=1.4
[WARN] [1786545418.306095]: 开始进行多边形确认 · 多边形确认失败 · rejected=0 · elapsed_ms=1.2
[WARN] [1786545418.421916]: 开始进行多边形确认 · 多边形确认失败 · rejected=0 · elapsed_ms=1.1
[WARN] [1786545418.541609]: 开始进行多边形确认 · 多边形确认失败 · rejected=0 · elapsed_ms=1.2
[WARN] [1786545418.676029]: 开始进行多边形确认 · 多边形确认失败 · rejected=0 · elapsed_ms=1.3
[WARN] [1786545418.796452]: 开始进行多边形确认 · 多边形确认失败 · rejected=0 · elapsed_ms=1.2
[WARN] [1786545418.926275]: 开始进行多边形确认 · 多边形确认失败 · rejected=0 · elapsed_ms=1.4
[WARN] [1786545419.055917]: 开始进行多边形确认 · 多边形确认失败 · rejected=0 · elapsed_ms=1.7
[WARN] [1786545419.188580]: 开始进行多边形确认 · 多边形确认失败 · rejected=0 · elapsed_ms=1.2
[WARN] [1786545419.307383]: 开始进行多边形确认 · 多边形确认失败 · rejected=0 · elapsed_ms=1.1
[WARN] [1786545419.432491]: 开始进行多边形确认 · 多边形确认失败 · rejected=0 · elapsed_ms=1.2
[WARN] [1786545419.578412]: 开始进行多边形确认 · 多边形确认失败 · rejected=0 · elapsed_ms=1.8
[WARN] [1786545419.690386]: 开始进行多边形确认 · 多边形确认失败 · rejected=0 · elapsed_ms=1.2
[WARN] [1786545419.817149]: 开始进行多边形确认 · 多边形确认失败 · rejected=0 · elapsed_ms=1.2
[WARN] [1786545419.937348]: 开始进行多边形确认 · 多边形确认失败 · rejected=0 · elapsed_ms=1.4
[WARN] [1786545420.062651]: 开始进行多边形确认 · 多边形确认失败 · rejected=0 · elapsed_ms=1.3
[WARN] [1786545420.191237]: 开始进行多边形确认 · 多边形确认失败 · rejected=0 · elapsed_ms=1.3
[WARN] [1786545420.300834]: 开始进行多边形确认 · 多边形确认失败 · rejected=0 · elapsed_ms=1.8
[WARN] [1786545420.434464]: 开始进行多边形确认 · 多边形确认失败 · rejected=0 · elapsed_ms=1.1
[WARN] [1786545420.595200]: 开始进行多边形确认 · 多边形确认失败 · rejected=0 · elapsed_ms=1.1
[WARN] [1786545420.673056]: 开始进行多边形确认 · 多边形确认失败 · rejected=0 · elapsed_ms=1.1
[WARN] [1786545420.800766]: 开始进行多边形确认 · 多边形确认失败 · rejected=0 · elapsed_ms=1.2
[WARN] [1786545420.927274]: 开始进行多边形确认 · 多边形确认失败 · rejected=0 · elapsed_ms=1.4
[WARN] [1786545421.051544]: 开始进行多边形确认 · 多边形确认失败 · rejected=0 · elapsed_ms=2.0
[WARN] [1786545421.191400]: 开始进行多边形确认 · 多边形确认失败 · rejected=0 · elapsed_ms=1.6
[WARN] [1786545421.296065]: 开始进行多边形确认 · 多边形确认失败 · rejected=0 · elapsed_ms=1.2
[WARN] [1786545421.426315]: 开始进行多边形确认 · 多边形确认失败 · rejected=0 · elapsed_ms=1.0
[WARN] [1786545421.560786]: 开始进行多边形确认 · 多边形确认失败 · rejected=0 · elapsed_ms=1.3
[WARN] [1786545421.689295]: 开始进行多边形确认 · 多边形确认失败 · rejected=0 · elapsed_ms=1.1
[WARN] [1786545421.812530]: 开始进行多边形确认 · 多边形确认失败 · rejected=0 · elapsed_ms=1.0
[WARN] [1786545421.931088]: 开始进行多边形确认 · 多边形确认失败 · rejected=0 · elapsed_ms=1.2
[WARN] [1786545422.057590]: 开始进行多边形确认 · 多边形确认失败 · rejected=0 · elapsed_ms=1.1
[WARN] [1786545422.177090]: 开始进行多边形确认 · 多边形确认失败 · rejected=0 · elapsed_ms=1.3
[WARN] [1786545422.306745]: 开始进行多边形确认 · 多边形确认失败 · rejected=0 · elapsed_ms=1.1
[WARN] [1786545422.440772]: 开始进行多边形确认 · 多边形确认失败 · rejected=0 · elapsed_ms=2.3
[WARN] [1786545422.566200]: 开始进行多边形确认 · 多边形确认失败 · rejected=0 · elapsed_ms=1.2
[WARN] [1786545422.707755]: 开始进行多边形确认 · 多边形确认失败 · rejected=0 · elapsed_ms=1.6
[WARN] [1786545422.817463]: 开始进行多边形确认 · 多边形确认失败 · rejected=0 · elapsed_ms=1.2
[WARN] [1786545422.940795]: 开始进行多边形确认 · 多边形确认失败 · rejected=0 · elapsed_ms=1.1
[WARN] [1786545423.071374]: 开始进行多边形确认 · 多边形确认失败 · rejected=0 · elapsed_ms=1.2
[WARN] [1786545423.202780]: 开始进行多边形确认 · 多边形确认失败 · rejected=0 · elapsed_ms=1.1
[WARN] [1786545423.335052]: 开始进行多边形确认 · 多边形确认失败 · rejected=0 · elapsed_ms=1.6
[WARN] [1786545423.434613]: 开始进行多边形确认 · 多边形确认失败 · rejected=0 · elapsed_ms=1.0
[WARN] [1786545423.561604]: 开始进行多边形确认 · 多边形确认失败 · rejected=0 · elapsed_ms=1.0
[WARN] [1786545423.716335]: 开始进行多边形确认 · 多边形确认失败 · rejected=0 · elapsed_ms=1.2
[WARN] [1786545423.814355]: 开始进行多边形确认 · 多边形确认失败 · rejected=0 · elapsed_ms=1.1
[WARN] [1786545423.936267]: 开始进行多边形确认 · 多边形确认失败 · rejected=0 · elapsed_ms=1.2
[WARN] [1786545424.068313]: 开始进行多边形确认 · 多边形确认失败 · rejected=0 · elapsed_ms=1.1
[WARN] [1786545424.190104]: 开始进行多边形确认 · 多边形确认失败 · rejected=0 · elapsed_ms=1.2
[WARN] [1786545424.318188]: 开始进行多边形确认 · 多边形确认失败 · rejected=0 · elapsed_ms=1.2
[WARN] [1786545424.445516]: 开始进行多边形确认 · 多边形确认失败 · rejected=0 · elapsed_ms=1.1
[WARN] [1786545424.597526]: 开始进行多边形确认 · 多边形确认失败 · rejected=0 · elapsed_ms=1.4
[WARN] [1786545424.726977]: 开始进行多边形确认 · 多边形确认失败 · rejected=0 · elapsed_ms=2.9
[WARN] [1786545424.837796]: 开始进行多边形确认 · 多边形确认失败 · rejected=0 · elapsed_ms=1.5
[WARN] [1786545424.959700]: 开始进行多边形确认 · 多边形确认失败 · rejected=0 · elapsed_ms=1.5
[WARN] [1786545425.084341]: 开始进行多边形确认 · 多边形确认失败 · rejected=0 · elapsed_ms=1.5
[WARN] [1786545425.209280]: 开始进行多边形确认 · 多边形确认失败 · rejected=0 · elapsed_ms=1.3
[WARN] [1786545425.336370]: 开始进行多边形确认 · 多边形确认失败 · rejected=0 · elapsed_ms=1.6
[WARN] [1786545425.460884]: 开始进行多边形确认 · 多边形确认失败 · rejected=0 · elapsed_ms=1.5
[WARN] [1786545425.589277]: 开始进行多边形确认 · 多边形确认失败 · rejected=0 · elapsed_ms=2.7
[WARN] [1786545425.717882]: 开始进行多边形确认 · 多边形确认失败 · rejected=0 · elapsed_ms=1.2
[WARN] [1786545425.832706]: 开始进行多边形确认 · 多边形确认失败 · rejected=0 · elapsed_ms=1.1
[WARN] [1786545425.950310]: 开始进行多边形确认 · 多边形确认失败 · rejected=0 · elapsed_ms=1.2
[WARN] [1786545426.076151]: 开始进行多边形确认 · 多边形确认失败 · rejected=0 · elapsed_ms=1.1
[WARN] [1786545426.197374]: 开始进行多边形确认 · 多边形确认失败 · rejected=0 · elapsed_ms=1.2
[WARN] [1786545426.324721]: 开始进行多边形确认 · 多边形确认失败 · rejected=0 · elapsed_ms=1.5
[WARN] [1786545426.446546]: 开始进行多边形确认 · 多边形确认失败 · rejected=0 · elapsed_ms=1.0
[WARN] [1786545426.572888]: 开始进行多边形确认 · 多边形确认失败 · rejected=0 · elapsed_ms=1.2
[WARN] [1786545426.693753]: 开始进行多边形确认 · 多边形确认失败 · rejected=0 · elapsed_ms=1.2
[WARN] [1786545426.867922]: 开始进行多边形确认 · 多边形确认失败 · rejected=0 · elapsed_ms=1.5
[WARN] [1786545426.958489]: 开始进行多边形确认 · 多边形确认失败 · rejected=0 · elapsed_ms=1.4
[WARN] [1786545427.083879]: 开始进行多边形确认 · 多边形确认失败 · rejected=0 · elapsed_ms=1.3
[WARN] [1786545427.211864]: 开始进行多边形确认 · 多边形确认失败 · rejected=0 · elapsed_ms=1.4
[WARN] [1786545427.334848]: 开始进行多边形确认 · 多边形确认失败 · rejected=0 · elapsed_ms=1.3
[WARN] [1786545427.444400]: 开始进行多边形确认 · 多边形确认失败 · rejected=0 · elapsed_ms=2.3
[WARN] [1786545427.589232]: 开始进行多边形确认 · 多边形确认失败 · rejected=0 · elapsed_ms=1.8
[WARN] [1786545427.705655]: 开始进行多边形确认 · 多边形确认失败 · rejected=0 · elapsed_ms=1.0
[WARN] [1786545427.829347]: 开始进行多边形确认 · 多边形确认失败 · rejected=0 · elapsed_ms=1.2
[WARN] [1786545427.956827]: 开始进行多边形确认 · 多边形确认失败 · rejected=0 · elapsed_ms=1.1
[WARN] [1786545428.080237]: 开始进行多边形确认 · 多边形确认失败 · rejected=0 · elapsed_ms=1.4
[WARN] [1786545428.207628]: 开始进行多边形确认 · 多边形确认失败 · rejected=0 · elapsed_ms=1.2
[WARN] [1786545428.326924]: 开始进行多边形确认 · 多边形确认失败 · rejected=0 · elapsed_ms=1.2
[WARN] [1786545428.458892]: 开始进行多边形确认 · 多边形确认失败 · rejected=0 · elapsed_ms=1.1
[WARN] [1786545428.582274]: 开始进行多边形确认 · 多边形确认失败 · rejected=0 · elapsed_ms=1.1
[WARN] [1786545428.706656]: 开始进行多边形确认 · 多边形确认失败 · rejected=0 · elapsed_ms=1.2
[WARN] [1786545428.832232]: 开始进行多边形确认 · 多边形确认失败 · rejected=0 · elapsed_ms=1.3
[WARN] [1786545429.003319]: 开始进行多边形确认 · 多边形确认失败 · rejected=0 · elapsed_ms=1.3
[WARN] [1786545429.098024]: 开始进行多边形确认 · 多边形确认失败 · rejected=0 · elapsed_ms=1.6
[WARN] [1786545429.221408]: 开始进行多边形确认 · 多边形确认失败 · rejected=0 · elapsed_ms=2.0
[WARN] [1786545429.350997]: 开始进行多边形确认 · 多边形确认失败 · rejected=0 · elapsed_ms=1.5
[WARN] [1786545429.467905]: 开始进行多边形确认 · 多边形确认失败 · rejected=0 · elapsed_ms=1.5
[WARN] [1786545429.588013]: 开始进行多边形确认 · 多边形确认失败 · rejected=0 · elapsed_ms=1.4
[WARN] [1786545429.698947]: 开始进行多边形确认 · 多边形确认失败 · rejected=0 · elapsed_ms=1.6
[WARN] [1786545429.817819]: 开始进行多边形确认 · 多边形确认失败 · rejected=0 · elapsed_ms=1.4
[WARN] [1786545429.951516]: 开始进行多边形确认 · 多边形确认失败 · rejected=0 · elapsed_ms=1.3
[WARN] [1786545430.092346]: 开始进行多边形确认 · 多边形确认失败 · rejected=0 · elapsed_ms=1.3
[WARN] [1786545430.214091]: 开始进行多边形确认 · 多边形确认失败 · rejected=0 · elapsed_ms=1.5
[WARN] [1786545430.336516]: 开始进行多边形确认 · 多边形确认失败 · rejected=0 · elapsed_ms=1.5
[WARN] [1786545430.481543]: 开始进行多边形确认 · 多边形确认失败 · rejected=0 · elapsed_ms=1.9
[WARN] [1786545430.598100]: 开始进行多边形确认 · 多边形确认失败 · rejected=0 · elapsed_ms=1.4
[WARN] [1786545430.721753]: 开始进行多边形确认 · 多边形确认失败 · rejected=0 · elapsed_ms=1.4
[WARN] [1786545430.831537]: 开始进行多边形确认 · 多边形确认失败 · rejected=0 · elapsed_ms=1.3
[WARN] [1786545430.966789]: 开始进行多边形确认 · 多边形确认失败 · rejected=0 · elapsed_ms=1.4
[WARN] [1786545431.090340]: 开始进行多边形确认 · 多边形确认失败 · rejected=0 · elapsed_ms=1.1
[WARN] [1786545431.223760]: 开始进行多边形确认 · 多边形确认失败 · rejected=0 · elapsed_ms=1.1
[WARN] [1786545431.352071]: 开始进行多边形确认 · 多边形确认失败 · rejected=0 · elapsed_ms=1.2
[WARN] [1786545431.467885]: 开始进行多边形确认 · 多边形确认失败 · rejected=0 · elapsed_ms=1.4
[WARN] [1786545431.584827]: 开始进行多边形确认 · 多边形确认失败 · rejected=0 · elapsed_ms=1.2
[WARN] [1786545431.711060]: 开始进行多边形确认 · 多边形确认失败 · rejected=0 · elapsed_ms=1.3
[WARN] [1786545431.844835]: 开始进行多边形确认 · 多边形确认失败 · rejected=0 · elapsed_ms=1.2
[WARN] [1786545431.997804]: 开始进行多边形确认 · 多边形确认失败 · rejected=0 · elapsed_ms=1.3
[WARN] [1786545432.111784]: 开始进行多边形确认 · 多边形确认失败 · rejected=0 · elapsed_ms=1.5
[WARN] [1786545432.226455]: 开始进行多边形确认 · 多边形确认失败 · rejected=0 · elapsed_ms=1.3
[WARN] [1786545432.352892]: 开始进行多边形确认 · 多边形确认失败 · rejected=0 · elapsed_ms=1.5
[WARN] [1786545432.479917]: 开始进行多边形确认 · 多边形确认失败 · rejected=0 · elapsed_ms=1.4
[WARN] [1786545432.601003]: 开始进行多边形确认 · 多边形确认失败 · rejected=0 · elapsed_ms=1.4
[WARN] [1786545432.728500]: 开始进行多边形确认 · 多边形确认失败 · rejected=0 · elapsed_ms=1.6
[WARN] [1786545432.850057]: 开始进行多边形确认 · 多边形确认失败 · rejected=0 · elapsed_ms=1.4
[WARN] [1786545432.978344]: 开始进行多边形确认 · 多边形确认失败 · rejected=0 · elapsed_ms=1.4
[WARN] [1786545433.123811]: 开始进行多边形确认 · 多边形确认失败 · rejected=0 · elapsed_ms=1.7
[WARN] [1786545433.235656]: 开始进行多边形确认 · 多边形确认失败 · rejected=0 · elapsed_ms=1.6
[WARN] [1786545433.356551]: 开始进行多边形确认 · 多边形确认失败 · rejected=0 · elapsed_ms=1.7
[WARN] [1786545433.481738]: 开始进行多边形确认 · 多边形确认失败 · rejected=0 · elapsed_ms=1.4
[WARN] [1786545433.610918]: 开始进行多边形确认 · 多边形确认失败 · rejected=0 · elapsed_ms=1.3
[WARN] [1786545433.732225]: 开始进行多边形确认 · 多边形确认失败 · rejected=0 · elapsed_ms=1.3
[WARN] [1786545433.966103]: 开始进行多边形确认 · 多边形确认失败 · rejected=0 · elapsed_ms=1.2
[WARN] [1786545434.092973]: 开始进行多边形确认 · 多边形确认失败 · rejected=0 · elapsed_ms=1.7
[WARN] [1786545434.240219]: 开始进行多边形确认 · 多边形确认失败 · rejected=0 · elapsed_ms=1.6
[INFO] [1786545425.082952]: 开始进行多边形确认 · detections=1
[INFO] [1786545425.208067]: 开始进行多边形确认 · detections=1
[INFO] [1786545425.334842]: 开始进行多边形确认 · detections=1
[INFO] [1786545425.459552]: 开始进行多边形确认 · detections=1
[INFO] [1786545425.586616]: 开始进行多边形确认 · detections=1
[INFO] [1786545425.716740]: 开始进行多边形确认 · detections=1
[INFO] [1786545425.831687]: 开始进行多边形确认 · detections=1
[INFO] [1786545425.949161]: 开始进行多边形确认 · detections=1
[INFO] [1786545426.075095]: 开始进行多边形确认 · detections=1
[INFO] [1786545426.196227]: 开始进行多边形确认 · detections=1
[INFO] [1786545426.323285]: 开始进行多边形确认 · detections=1
[INFO] [1786545426.445649]: 开始进行多边形确认 · detections=1
[INFO] [1786545426.571772]: 开始进行多边形确认 · detections=1
[INFO] [1786545426.692624]: 开始进行多边形确认 · detections=1
[INFO] [1786545426.866520]: 开始进行多边形确认 · detections=1
[INFO] [1786545426.957148]: 开始进行多边形确认 · detections=1
[INFO] [1786545427.082676]: 开始进行多边形确认 · detections=1
[INFO] [1786545427.210564]: 开始进行多边形确认 · detections=1
[INFO] [1786545427.333544]: 开始进行多边形确认 · detections=1
[INFO] [1786545427.442208]: 开始进行多边形确认 · detections=1
[INFO] [1786545427.587499]: 开始进行多边形确认 · detections=1
[INFO] [1786545427.704708]: 开始进行多边形确认 · detections=1
[INFO] [1786545427.828151]: 开始进行多边形确认 · detections=1
[INFO] [1786545427.955810]: 开始进行多边形确认 · detections=1
[INFO] [1786545428.078967]: 开始进行多边形确认 · detections=1
[INFO] [1786545428.206522]: 开始进行多边形确认 · detections=1
[INFO] [1786545428.325817]: 开始进行多边形确认 · detections=1
[INFO] [1786545428.457890]: 开始进行多边形确认 · detections=1
[INFO] [1786545428.581220]: 开始进行多边形确认 · detections=1
[INFO] [1786545428.705552]: 开始进行多边形确认 · detections=1
[INFO] [1786545428.831019]: 开始进行多边形确认 · detections=1
[INFO] [1786545429.002092]: 开始进行多边形确认 · detections=1
[INFO] [1786545429.096516]: 开始进行多边形确认 · detections=1
[INFO] [1786545429.219539]: 开始进行多边形确认 · detections=1
[INFO] [1786545429.349567]: 开始进行多边形确认 · detections=1
[INFO] [1786545429.466494]: 开始进行多边形确认 · detections=1
[INFO] [1786545429.586728]: 开始进行多边形确认 · detections=1
[INFO] [1786545429.697342]: 开始进行多边形确认 · detections=1
[INFO] [1786545429.816495]: 开始进行多边形确认 · detections=1
[INFO] [1786545429.950264]: 开始进行多边形确认 · detections=1
[INFO] [1786545430.091167]: 开始进行多边形确认 · detections=1
[INFO] [1786545430.212675]: 开始进行多边形确认 · detections=1
[INFO] [1786545430.335047]: 开始进行多边形确认 · detections=1
[INFO] [1786545430.479730]: 开始进行多边形确认 · detections=1
[INFO] [1786545430.596833]: 开始进行多边形确认 · detections=1
[INFO] [1786545430.720446]: 开始进行多边形确认 · detections=1
[INFO] [1786545430.830349]: 开始进行多边形确认 · detections=1
[INFO] [1786545430.965487]: 开始进行多边形确认 · detections=1
[INFO] [1786545431.089283]: 开始进行多边形确认 · detections=1
[INFO] [1786545431.222748]: 开始进行多边形确认 · detections=1
[INFO] [1786545431.350976]: 开始进行多边形确认 · detections=1
[INFO] [1786545431.466526]: 开始进行多边形确认 · detections=1
[INFO] [1786545431.583704]: 开始进行多边形确认 · detections=1
[INFO] [1786545431.709852]: 开始进行多边形确认 · detections=1
[INFO] [1786545431.843683]: 开始进行多边形确认 · detections=1
[INFO] [1786545431.996547]: 开始进行多边形确认 · detections=1
[INFO] [1786545432.110426]: 开始进行多边形确认 · detections=1
[INFO] [1786545432.225197]: 开始进行多边形确认 · detections=1
[INFO] [1786545432.351534]: 开始进行多边形确认 · detections=1
[INFO] [1786545432.478548]: 开始进行多边形确认 · detections=1
[INFO] [1786545432.599663]: 开始进行多边形确认 · detections=1
[INFO] [1786545432.726943]: 开始进行多边形确认 · detections=1
[INFO] [1786545432.848740]: 开始进行多边形确认 · detections=1
[INFO] [1786545432.977015]: 开始进行多边形确认 · detections=1
[INFO] [1786545433.122182]: 开始进行多边形确认 · detections=1
[INFO] [1786545433.234095]: 开始进行多边形确认 · detections=1
[INFO] [1786545433.354946]: 开始进行多边形确认 · detections=1
[INFO] [1786545433.480407]: 开始进行多边形确认 · detections=1
[INFO] [1786545433.609698]: 开始进行多边形确认 · detections=1
[INFO] [1786545433.731016]: 开始进行多边形确认 · detections=1
[INFO] [1786545433.859578]: RGB-D vision status: model_ready:onnxruntime targets:0 centers:0 tf:0 rejected:0 merged:0 semantic_masks:0
[INFO] [1786545433.965003]: 开始进行多边形确认 · detections=1
[INFO] [1786545434.091334]: 开始进行多边形确认 · detections=1
[INFO] [1786545434.238736]: 开始进行多边形确认 · detections=1
[INFO] [1786545434.351818]: 开始进行多边形确认 · detections=1
[INFO] [1786545434.467968]: 开始进行多边形确认 · detections=1
[INFO] [1786545434.603756]: 开始进行多边形确认 · detections=1
[INFO] [1786545434.731686]: 开始进行多边形确认 · detections=1
[INFO] [1786545434.854810]: 开始进行多边形确认 · detections=1
[INFO] [1786545434.984629]: 开始进行多边形确认 · detections=1
[INFO] [1786545435.110176]: 开始进行多边形确认 · detections=1
[INFO] [1786545435.247602]: 开始进行多边形确认 · detections=1
[INFO] [1786545435.360306]: 开始进行多边形确认 · detections=1
[INFO] [1786545435.487746]: 开始进行多边形确认 · detections=1
[INFO] [1786545435.731070]: 开始进行多边形确认 · detections=1
[INFO] [1786545435.864680]: 开始进行多边形确认 · detections=1
[INFO] [1786545435.984251]: 开始进行多边形确认 · detections=1
[INFO] [1786545436.111000]: 开始进行多边形确认 · detections=1
[INFO] [1786545436.253064]: 开始进行多边形确认 · detections=1
[INFO] [1786545436.377770]: 开始进行多边形确认 · detections=1
[INFO] [1786545436.469074]: 开始进行多边形确认 · detections=1
[INFO] [1786545436.595526]: 开始进行多边形确认 · detections=1
[INFO] [1786545436.717568]: 开始进行多边形确认 · detections=1
[INFO] [1786545436.844168]: 开始进行多边形确认 · detections=1
[INFO] [1786545436.994120]: 开始进行多边形确认 · detections=1
[INFO] [1786545437.116012]: 开始进行多边形确认 · detections=1
[INFO] [1786545437.239813]: 开始进行多边形确认 · detections=1
[INFO] [1786545437.366620]: 开始进行多边形确认 · detections=1
[INFO] [1786545437.497709]: 开始进行多边形确认 · detections=1
[INFO] [1786545437.602914]: 开始进行多边形确认 · detections=1
[INFO] [1786545437.738277]: 开始进行多边形确认 · detections=1
[INFO] [1786545437.858801]: 开始进行多边形确认 · detections=1
[INFO] [1786545437.982232]: 开始进行多边形确认 · detections=1
[INFO] [1786545438.119974]: 开始进行多边形确认 · detections=1
[INFO] [1786545438.240918]: 开始进行多边形确认 · detections=1
[INFO] [1786545438.366789]: 开始进行多边形确认 · detections=1
[INFO] [1786545438.510918]: 开始进行多边形确认 · detections=1
[INFO] [1786545438.618342]: 开始进行多边形确认 · detections=1
[INFO] [1786545438.743437]: 开始进行多边形确认 · detections=1
[INFO] [1786545438.872085]: 开始进行多边形确认 · detections=1
[INFO] [1786545439.007511]: 开始进行多边形确认 · detections=1
[INFO] [1786545439.125005]: 开始进行多边形确认 · detections=1
[WARN] [1786545434.353146]: 开始进行多边形确认 · 多边形确认失败 · rejected=0 · elapsed_ms=1.4
[WARN] [1786545434.469529]: 开始进行多边形确认 · 多边形确认失败 · rejected=0 · elapsed_ms=1.6
[WARN] [1786545434.605046]: 开始进行多边形确认 · 多边形确认失败 · rejected=0 · elapsed_ms=1.4
[WARN] [1786545434.733190]: 开始进行多边形确认 · 多边形确认失败 · rejected=0 · elapsed_ms=1.6
[WARN] [1786545434.856393]: 开始进行多边形确认 · 多边形确认失败 · rejected=0 · elapsed_ms=1.7
[WARN] [1786545434.986076]: 开始进行多边形确认 · 多边形确认失败 · rejected=0 · elapsed_ms=1.5
[WARN] [1786545435.111581]: 开始进行多边形确认 · 多边形确认失败 · rejected=0 · elapsed_ms=1.4
[WARN] [1786545435.254937]: 开始进行多边形确认 · 多边形确认失败 · rejected=0 · elapsed_ms=7.3
[WARN] [1786545435.361658]: 开始进行多边形确认 · 多边形确认失败 · rejected=0 · elapsed_ms=1.4
[WARN] [1786545435.489044]: 开始进行多边形确认 · 多边形确认失败 · rejected=0 · elapsed_ms=1.4
[WARN] [1786545435.732342]: 开始进行多边形确认 · 多边形确认失败 · rejected=0 · elapsed_ms=1.4
[WARN] [1786545435.865875]: 开始进行多边形确认 · 多边形确认失败 · rejected=0 · elapsed_ms=1.3
[WARN] [1786545435.985410]: 开始进行多边形确认 · 多边形确认失败 · rejected=0 · elapsed_ms=1.3
[WARN] [1786545436.112203]: 开始进行多边形确认 · 多边形确认失败 · rejected=0 · elapsed_ms=1.3
[WARN] [1786545436.254570]: 开始进行多边形确认 · 多边形确认失败 · rejected=0 · elapsed_ms=1.6
[WARN] [1786545436.379207]: 开始进行多边形确认 · 多边形确认失败 · rejected=0 · elapsed_ms=1.5
[WARN] [1786545436.470561]: 开始进行多边形确认 · 多边形确认失败 · rejected=0 · elapsed_ms=1.5
[WARN] [1786545436.596651]: 开始进行多边形确认 · 多边形确认失败 · rejected=0 · elapsed_ms=1.2
[WARN] [1786545436.718737]: 开始进行多边形确认 · 多边形确认失败 · rejected=0 · elapsed_ms=1.2
[WARN] [1786545436.845434]: 开始进行多边形确认 · 多边形确认失败 · rejected=0 · elapsed_ms=1.3
[WARN] [1786545436.995472]: 开始进行多边形确认 · 多边形确认失败 · rejected=0 · elapsed_ms=1.5
[WARN] [1786545437.117664]: 开始进行多边形确认 · 多边形确认失败 · rejected=0 · elapsed_ms=1.7
[WARN] [1786545437.241140]: 开始进行多边形确认 · 多边形确认失败 · rejected=0 · elapsed_ms=1.4
[WARN] [1786545437.368001]: 开始进行多边形确认 · 多边形确认失败 · rejected=0 · elapsed_ms=1.4
[WARN] [1786545437.499098]: 开始进行多边形确认 · 多边形确认失败 · rejected=0 · elapsed_ms=1.5
[WARN] [1786545437.604164]: 开始进行多边形确认 · 多边形确认失败 · rejected=0 · elapsed_ms=1.3
[WARN] [1786545437.739647]: 开始进行多边形确认 · 多边形确认失败 · rejected=0 · elapsed_ms=1.4
[WARN] [1786545437.860632]: 开始进行多边形确认 · 多边形确认失败 · rejected=0 · elapsed_ms=1.9
[WARN] [1786545437.983593]: 开始进行多边形确认 · 多边形确认失败 · rejected=0 · elapsed_ms=1.4
[WARN] [1786545438.121611]: 开始进行多边形确认 · 多边形确认失败 · rejected=0 · elapsed_ms=1.7
[WARN] [1786545438.242203]: 开始进行多边形确认 · 多边形确认失败 · rejected=0 · elapsed_ms=1.4
[WARN] [1786545438.367983]: 开始进行多边形确认 · 多边形确认失败 · rejected=0 · elapsed_ms=1.3
[WARN] [1786545438.512339]: 开始进行多边形确认 · 多边形确认失败 · rejected=0 · elapsed_ms=1.5
[WARN] [1786545438.619756]: 开始进行多边形确认 · 多边形确认失败 · rejected=0 · elapsed_ms=1.5
[WARN] [1786545438.744851]: 开始进行多边形确认 · 多边形确认失败 · rejected=0 · elapsed_ms=1.5
[WARN] [1786545438.873229]: 开始进行多边形确认 · 多边形确认失败 · rejected=0 · elapsed_ms=1.2
[WARN] [1786545439.008741]: 开始进行多边形确认 · 多边形确认失败 · rejected=0 · elapsed_ms=1.3
[WARN] [1786545439.144738]: 开始进行多边形确认 · 多边形确认失败 · rejected=0 · elapsed_ms=19.8
[WARN] [1786545439.232084]: 开始进行多边形确认 · 多边形确认失败 · rejected=0 · elapsed_ms=1.3
[WARN] [1786545439.359673]: 开始进行多边形确认 · 多边形确认失败 · rejected=0 · elapsed_ms=1.3
[WARN] [1786545439.517059]: 开始进行多边形确认 · 多边形确认失败 · rejected=0 · elapsed_ms=6.5
[WARN] [1786545439.622712]: 开始进行多边形确认 · 多边形确认失败 · rejected=0 · elapsed_ms=1.4
[WARN] [1786545439.747847]: 开始进行多边形确认 · 多边形确认失败 · rejected=0 · elapsed_ms=1.5
[WARN] [1786545439.864325]: 开始进行多边形确认 · 多边形确认失败 · rejected=0 · elapsed_ms=2.9
[WARN] [1786545439.993991]: 开始进行多边形确认 · 多边形确认失败 · rejected=0 · elapsed_ms=1.5
[WARN] [1786545440.130176]: 开始进行多边形确认 · 多边形确认失败 · rejected=0 · elapsed_ms=1.8
[WARN] [1786545440.241042]: 开始进行多边形确认 · 多边形确认失败 · rejected=0 · elapsed_ms=1.3
[WARN] [1786545440.372829]: 开始进行多边形确认 · 多边形确认失败 · rejected=0 · elapsed_ms=1.2
[WARN] [1786545440.560377]: 开始进行多边形确认 · 多边形确认失败 · rejected=0 · elapsed_ms=1.4
[WARN] [1786545440.619730]: 开始进行多边形确认 · 多边形确认失败 · rejected=0 · elapsed_ms=1.4
[WARN] [1786545440.744410]: 开始进行多边形确认 · 多边形确认失败 · rejected=0 · elapsed_ms=1.1
[WARN] [1786545440.868992]: 开始进行多边形确认 · 多边形确认失败 · rejected=0 · elapsed_ms=1.2
[WARN] [1786545440.995050]: 开始进行多边形确认 · 多边形确认失败 · rejected=0 · elapsed_ms=1.4
[WARN] [1786545441.126719]: 开始进行多边形确认 · 多边形确认失败 · rejected=0 · elapsed_ms=1.4
[WARN] [1786545441.252153]: 开始进行多边形确认 · 多边形确认失败 · rejected=0 · elapsed_ms=1.6
[WARN] [1786545441.372774]: 开始进行多边形确认 · 多边形确认失败 · rejected=0 · elapsed_ms=1.5
[WARN] [1786545441.506017]: 开始进行多边形确认 · 多边形确认失败 · rejected=0 · elapsed_ms=1.3
[WARN] [1786545441.649675]: 开始进行多边形确认 · 多边形确认失败 · rejected=0 · elapsed_ms=1.3
[WARN] [1786545441.762557]: 开始进行多边形确认 · 多边形确认失败 · rejected=0 · elapsed_ms=1.1
[WARN] [1786545441.885557]: 开始进行多边形确认 · 多边形确认失败 · rejected=0 · elapsed_ms=1.3
[WARN] [1786545442.011087]: 开始进行多边形确认 · 多边形确认失败 · rejected=0 · elapsed_ms=1.1
[WARN] [1786545442.134044]: 开始进行多边形确认 · 多边形确认失败 · rejected=0 · elapsed_ms=1.4
[WARN] [1786545442.257504]: 开始进行多边形确认 · 多边形确认失败 · rejected=0 · elapsed_ms=1.3
[WARN] [1786545442.385301]: 开始进行多边形确认 · 多边形确认失败 · rejected=0 · elapsed_ms=1.6
[WARN] [1786545442.507559]: 开始进行多边形确认 · 多边形确认失败 · rejected=0 · elapsed_ms=1.6
[WARN] [1786545442.650982]: 开始进行多边形确认 · 多边形确认失败 · rejected=0 · elapsed_ms=1.6
[WARN] [1786545442.735828]: 开始进行多边形确认 · 多边形确认失败 · rejected=0 · elapsed_ms=1.3
[WARN] [1786545442.858216]: 开始进行多边形确认 · 多边形确认失败 · rejected=0 · elapsed_ms=1.2
[WARN] [1786545442.986320]: 开始进行多边形确认 · 多边形确认失败 · rejected=0 · elapsed_ms=1.6
[WARN] [1786545443.113936]: 开始进行多边形确认 · 多边形确认失败 · rejected=0 · elapsed_ms=1.3
[WARN] [1786545443.242649]: 开始进行多边形确认 · 多边形确认失败 · rejected=0 · elapsed_ms=1.1
[WARN] [1786545443.363183]: 开始进行多边形确认 · 多边形确认失败 · rejected=0 · elapsed_ms=1.2
[WARN] [1786545443.491537]: 开始进行多边形确认 · 多边形确认失败 · rejected=0 · elapsed_ms=1.0
[WARN] [1786545443.677618]: 开始进行多边形确认 · 多边形确认失败 · rejected=0 · elapsed_ms=1.3
[WARN] [1786545443.752502]: 开始进行多边形确认 · 多边形确认失败 · rejected=0 · elapsed_ms=1.3
[WARN] [1786545443.892010]: 开始进行多边形确认 · 多边形确认失败 · rejected=0 · elapsed_ms=1.3
[WARN] [1786545444.011459]: 开始进行多边形确认 · 多边形确认失败 · rejected=0 · elapsed_ms=1.3
[WARN] [1786545444.122372]: 开始进行多边形确认 · 多边形确认失败 · rejected=0 · elapsed_ms=1.1
[WARN] [1786545444.260384]: 开始进行多边形确认 · 多边形确认失败 · rejected=0 · elapsed_ms=1.5
[WARN] [1786545444.389188]: 开始进行多边形确认 · 多边形确认失败 · rejected=0 · elapsed_ms=1.2
[WARN] [1786545444.514822]: 开始进行多边形确认 · 多边形确认失败 · rejected=0 · elapsed_ms=1.4
[WARN] [1786545444.642636]: 开始进行多边形确认 · 多边形确认失败 · rejected=0 · elapsed_ms=3.2
[WARN] [1786545444.878625]: 开始进行多边形确认 · 多边形确认失败 · rejected=0 · elapsed_ms=1.1
[WARN] [1786545445.018780]: 开始进行多边形确认 · 多边形确认失败 · rejected=0 · elapsed_ms=1.5
[WARN] [1786545445.142713]: 开始进行多边形确认 · 多边形确认失败 · rejected=0 · elapsed_ms=1.7
[WARN] [1786545445.271497]: 开始进行多边形确认 · 多边形确认失败 · rejected=0 · elapsed_ms=1.6
[WARN] [1786545445.394109]: 开始进行多边形确认 · 多边形确认失败 · rejected=0 · elapsed_ms=1.4
[WARN] [1786545445.520633]: 开始进行多边形确认 · 多边形确认失败 · rejected=0 · elapsed_ms=1.4
[WARN] [1786545445.625863]: 开始进行多边形确认 · 多边形确认失败 · rejected=0 · elapsed_ms=1.3
[WARN] [1786545445.782543]: 开始进行多边形确认 · 多边形确认失败 · rejected=0 · elapsed_ms=2.4
[WARN] [1786545446.004238]: 开始进行多边形确认 · 多边形确认失败 · rejected=0 · elapsed_ms=1.9
[WARN] [1786545446.123325]: 开始进行多边形确认 · 多边形确认失败 · rejected=0 · elapsed_ms=0.9
[WARN] [1786545446.373030]: 开始进行多边形确认 · 多边形确认失败 · rejected=0 · elapsed_ms=1.2
[WARN] [1786545446.495297]: 开始进行多边形确认 · 多边形确认失败 · rejected=0 · elapsed_ms=1.4
[WARN] [1786545446.636162]: 开始进行多边形确认 · 多边形确认失败 · rejected=0 · elapsed_ms=1.4
[WARN] [1786545446.838353]: 开始进行多边形确认 · 多边形确认失败 · rejected=0 · elapsed_ms=1.5
[WARN] [1786545446.905666]: 开始进行多边形确认 · 多边形确认失败 · rejected=0 · elapsed_ms=1.5
[WARN] [1786545447.033098]: 开始进行多边形确认 · 多边形确认失败 · rejected=0 · elapsed_ms=1.6
[WARN] [1786545447.157616]: 开始进行多边形确认 · 多边形确认失败 · rejected=0 · elapsed_ms=1.4
[WARN] [1786545447.284000]: 开始进行多边形确认 · 多边形确认失败 · rejected=0 · elapsed_ms=1.7
[WARN] [1786545447.405995]: 开始进行多边形确认 · 多边形确认失败 · rejected=0 · elapsed_ms=1.8
[WARN] [1786545447.543022]: 开始进行多边形确认 · 多边形确认失败 · rejected=0 · elapsed_ms=10.2
[WARN] [1786545447.654936]: 开始进行多边形确认 · 多边形确认失败 · rejected=0 · elapsed_ms=1.6
[WARN] [1786545447.914788]: 开始进行多边形确认 · 多边形确认失败 · rejected=0 · elapsed_ms=1.1
[WARN] [1786545448.034886]: 开始进行多边形确认 · 多边形确认失败 · rejected=0 · elapsed_ms=1.3
[WARN] [1786545448.141192]: 开始进行多边形确认 · 多边形确认失败 · rejected=0 · elapsed_ms=1.1
[WARN] [1786545448.272918]: 开始进行多边形确认 · 多边形确认失败 · rejected=0 · elapsed_ms=1.5
[WARN] [1786545448.415444]: 开始进行多边形确认 · 多边形确认失败 · rejected=0 · elapsed_ms=1.7
[WARN] [1786545448.540846]: 开始进行多边形确认 · 多边形确认失败 · rejected=0 · elapsed_ms=1.3
[WARN] [1786545448.666132]: 开始进行多边形确认 · 多边形确认失败 · rejected=0 · elapsed_ms=1.5
[WARN] [1786545448.790757]: 开始进行多边形确认 · 多边形确认失败 · rejected=0 · elapsed_ms=1.3
[WARN] [1786545448.936539]: 开始进行多边形确认 · 多边形确认失败 · rejected=0 · elapsed_ms=1.5
[WARN] [1786545449.027232]: 开始进行多边形确认 · 多边形确认失败 · rejected=0 · elapsed_ms=1.4
[WARN] [1786545449.153433]: 开始进行多边形确认 · 多边形确认失败 · rejected=0 · elapsed_ms=1.5
[WARN] [1786545449.290208]: 开始进行多边形确认 · 多边形确认失败 · rejected=0 · elapsed_ms=1.2
[WARN] [1786545449.403080]: 开始进行多边形确认 · 多边形确认失败 · rejected=0 · elapsed_ms=1.4
[WARN] [1786545449.537465]: 开始进行多边形确认 · 多边形确认失败 · rejected=0 · elapsed_ms=1.6
[WARN] [1786545449.661672]: 开始进行多边形确认 · 多边形确认失败 · rejected=0 · elapsed_ms=1.7
[WARN] [1786545449.789683]: 开始进行多边形确认 · 多边形确认失败 · rejected=0 · elapsed_ms=1.5
[WARN] [1786545449.915152]: 开始进行多边形确认 · 多边形确认失败 · rejected=0 · elapsed_ms=1.7
[WARN] [1786545450.037559]: 开始进行多边形确认 · 多边形确认失败 · rejected=0 · elapsed_ms=1.4
[WARN] [1786545450.157254]: 开始进行多边形确认 · 多边形确认失败 · rejected=0 · elapsed_ms=1.5
[WARN] [1786545450.289264]: 开始进行多边形确认 · 多边形确认失败 · rejected=0 · elapsed_ms=1.3
[WARN] [1786545450.416296]: 开始进行多边形确认 · 多边形确认失败 · rejected=0 · elapsed_ms=1.5
[WARN] [1786545450.544022]: 开始进行多边形确认 · 多边形确认失败 · rejected=0 · elapsed_ms=1.6
[WARN] [1786545450.650869]: 开始进行多边形确认 · 多边形确认失败 · rejected=0 · elapsed_ms=1.6
[WARN] [1786545450.790541]: 开始进行多边形确认 · 多边形确认失败 · rejected=0 · elapsed_ms=1.4
[WARN] [1786545450.913087]: 开始进行多边形确认 · 多边形确认失败 · rejected=0 · elapsed_ms=1.2
[WARN] [1786545451.097369]: 开始进行多边形确认 · 多边形确认失败 · rejected=0 · elapsed_ms=1.4
[WARN] [1786545451.162313]: 开始进行多边形确认 · 多边形确认失败 · rejected=0 · elapsed_ms=1.5
[WARN] [1786545451.284477]: 开始进行多边形确认 · 多边形确认失败 · rejected=0 · elapsed_ms=1.2
[WARN] [1786545451.412434]: 开始进行多边形确认 · 多边形确认失败 · rejected=0 · elapsed_ms=1.6
[WARN] [1786545451.536060]: 开始进行多边形确认 · 多边形确认失败 · rejected=0 · elapsed_ms=1.5
[WARN] [1786545451.683586]: 开始进行多边形确认 · 多边形确认失败 · rejected=0 · elapsed_ms=1.3
[WARN] [1786545451.803605]: 开始进行多边形确认 · 多边形确认失败 · rejected=0 · elapsed_ms=1.5
[WARN] [1786545451.921746]: 开始进行多边形确认 · 多边形确认失败 · rejected=0 · elapsed_ms=1.3
[WARN] [1786545452.047966]: 开始进行多边形确认 · 多边形确认失败 · rejected=0 · elapsed_ms=1.6
[WARN] [1786545452.186794]: 开始进行多边形确认 · 多边形确认失败 · rejected=0 · elapsed_ms=7.8
[WARN] [1786545452.299329]: 开始进行多边形确认 · 多边形确认失败 · rejected=0 · elapsed_ms=1.4
[WARN] [1786545452.447421]: 开始进行多边形确认 · 多边形确认失败 · rejected=0 · elapsed_ms=19.7
[WARN] [1786545452.550129]: 开始进行多边形确认 · 多边形确认失败 · rejected=0 · elapsed_ms=1.6
[WARN] [1786545452.656242]: 开始进行多边形确认 · 多边形确认失败 · rejected=0 · elapsed_ms=1.3
[WARN] [1786545452.784600]: 开始进行多边形确认 · 多边形确认失败 · rejected=0 · elapsed_ms=1.3
[WARN] [1786545452.907987]: 开始进行多边形确认 · 多边形确认失败 · rejected=0 · elapsed_ms=1.4
[INFO] [1786545439.230817]: 开始进行多边形确认 · detections=1
[INFO] [1786545439.358421]: 开始进行多边形确认 · detections=1
[INFO] [1786545439.510560]: 开始进行多边形确认 · detections=1
[INFO] [1786545439.621423]: 开始进行多边形确认 · detections=1
[INFO] [1786545439.746433]: 开始进行多边形确认 · detections=1
[INFO] [1786545439.861442]: 开始进行多边形确认 · detections=1
[INFO] [1786545439.992557]: 开始进行多边形确认 · detections=1
[INFO] [1786545440.128394]: 开始进行多边形确认 · detections=1
[INFO] [1786545440.239836]: 开始进行多边形确认 · detections=1
[INFO] [1786545440.371742]: 开始进行多边形确认 · detections=1
[INFO] [1786545440.559083]: 开始进行多边形确认 · detections=1
[INFO] [1786545440.618419]: 开始进行多边形确认 · detections=1
[INFO] [1786545440.743399]: 开始进行多边形确认 · detections=1
[INFO] [1786545440.867868]: 开始进行多边形确认 · detections=1
[INFO] [1786545440.993708]: 开始进行多边形确认 · detections=1
[INFO] [1786545441.125328]: 开始进行多边形确认 · detections=1
[INFO] [1786545441.250647]: 开始进行多边形确认 · detections=1
[INFO] [1786545441.371363]: 开始进行多边形确认 · detections=1
[INFO] [1786545441.504756]: 开始进行多边形确认 · detections=1
[INFO] [1786545441.648402]: 开始进行多边形确认 · detections=1
[INFO] [1786545441.761516]: 开始进行多边形确认 · detections=1
[INFO] [1786545441.884372]: 开始进行多边形确认 · detections=1
[INFO] [1786545442.010042]: 开始进行多边形确认 · detections=1
[INFO] [1786545442.132717]: 开始进行多边形确认 · detections=1
[INFO] [1786545442.256283]: 开始进行多边形确认 · detections=1
[INFO] [1786545442.383813]: 开始进行多边形确认 · detections=1
[INFO] [1786545442.506038]: 开始进行多边形确认 · detections=1
[INFO] [1786545442.649481]: 开始进行多边形确认 · detections=1
[INFO] [1786545442.734556]: 开始进行多边形确认 · detections=1
[INFO] [1786545442.857051]: 开始进行多边形确认 · detections=1
[INFO] [1786545442.984819]: 开始进行多边形确认 · detections=1
[INFO] [1786545443.112678]: 开始进行多边形确认 · detections=1
[INFO] [1786545443.241606]: 开始进行多边形确认 · detections=1
[INFO] [1786545443.362061]: 开始进行多边形确认 · detections=1
[INFO] [1786545443.490537]: 开始进行多边形确认 · detections=1
[INFO] [1786545443.676366]: 开始进行多边形确认 · detections=1
[INFO] [1786545443.751292]: 开始进行多边形确认 · detections=1
[INFO] [1786545443.890818]: 开始进行多边形确认 · detections=1
[INFO] [1786545444.010200]: 开始进行多边形确认 · detections=1
[INFO] [1786545444.121348]: 开始进行多边形确认 · detections=1
[INFO] [1786545444.258944]: 开始进行多边形确认 · detections=1
[INFO] [1786545444.388026]: 开始进行多边形确认 · detections=1
[INFO] [1786545444.513479]: 开始进行多边形确认 · detections=1
[INFO] [1786545444.639497]: 开始进行多边形确认 · detections=1
[INFO] [1786545444.749204]: RGB-D vision status: model_ready:onnxruntime targets:0 centers:0 tf:0 rejected:0 merged:0 semantic_masks:0
[INFO] [1786545444.877588]: 开始进行多边形确认 · detections=1
[INFO] [1786545445.017367]: 开始进行多边形确认 · detections=1
[INFO] [1786545445.141130]: 开始进行多边形确认 · detections=1
[INFO] [1786545445.269970]: 开始进行多边形确认 · detections=1
[INFO] [1786545445.392830]: 开始进行多边形确认 · detections=1
[INFO] [1786545445.519352]: 开始进行多边形确认 · detections=1
[INFO] [1786545445.624598]: 开始进行多边形确认 · detections=1
[INFO] [1786545445.780212]: 开始进行多边形确认 · detections=1
[INFO] [1786545446.002378]: 开始进行多边形确认 · detections=1
[INFO] [1786545446.122450]: 开始进行多边形确认 · detections=1
[INFO] [1786545446.371846]: 开始进行多边形确认 · detections=1
[INFO] [1786545446.493982]: 开始进行多边形确认 · detections=1
[INFO] [1786545446.634866]: 开始进行多边形确认 · detections=1
[INFO] [1786545446.836920]: 开始进行多边形确认 · detections=1
[INFO] [1786545446.904199]: 开始进行多边形确认 · detections=1
[INFO] [1786545447.031558]: 开始进行多边形确认 · detections=1
[INFO] [1786545447.156287]: 开始进行多边形确认 · detections=1
[INFO] [1786545447.282385]: 开始进行多边形确认 · detections=1
[INFO] [1786545447.404212]: 开始进行多边形确认 · detections=1
[INFO] [1786545447.532875]: 开始进行多边形确认 · detections=1
[INFO] [1786545447.653392]: 开始进行多边形确认 · detections=1
[INFO] [1786545447.913729]: 开始进行多边形确认 · detections=1
[INFO] [1786545448.033713]: 开始进行多边形确认 · detections=1
[INFO] [1786545448.140151]: 开始进行多边形确认 · detections=1
[INFO] [1786545448.271534]: 开始进行多边形确认 · detections=1
[INFO] [1786545448.413759]: 开始进行多边形确认 · detections=1
[INFO] [1786545448.539587]: 开始进行多边形确认 · detections=1
[INFO] [1786545448.664711]: 开始进行多边形确认 · detections=1
[INFO] [1786545448.789564]: 开始进行多边形确认 · detections=1
[INFO] [1786545448.935079]: 开始进行多边形确认 · detections=1
[INFO] [1786545449.025959]: 开始进行多边形确认 · detections=1
[INFO] [1786545449.152027]: 开始进行多边形确认 · detections=1
[INFO] [1786545449.289055]: 开始进行多边形确认 · detections=1
[INFO] [1786545449.401789]: 开始进行多边形确认 · detections=1
[INFO] [1786545449.535988]: 开始进行多边形确认 · detections=1
[INFO] [1786545449.660093]: 开始进行多边形确认 · detections=1
[INFO] [1786545449.788285]: 开始进行多边形确认 · detections=1
[INFO] [1786545449.913523]: 开始进行多边形确认 · detections=1
[INFO] [1786545450.036189]: 开始进行多边形确认 · detections=1
[INFO] [1786545450.155845]: 开始进行多边形确认 · detections=1
[INFO] [1786545450.288053]: 开始进行多边形确认 · detections=1
[INFO] [1786545450.414875]: 开始进行多边形确认 · detections=1
[INFO] [1786545450.542475]: 开始进行多边形确认 · detections=1
[INFO] [1786545450.649388]: 开始进行多边形确认 · detections=1
[INFO] [1786545450.789146]: 开始进行多边形确认 · detections=1
[INFO] [1786545450.911965]: 开始进行多边形确认 · detections=1
[INFO] [1786545451.096087]: 开始进行多边形确认 · detections=1
[INFO] [1786545451.160891]: 开始进行多边形确认 · detections=1
[INFO] [1786545451.283331]: 开始进行多边形确认 · detections=1
[INFO] [1786545451.410945]: 开始进行多边形确认 · detections=1
[INFO] [1786545451.534667]: 开始进行多边形确认 · detections=1
[INFO] [1786545451.682375]: 开始进行多边形确认 · detections=1
[INFO] [1786545451.802194]: 开始进行多边形确认 · detections=1
[INFO] [1786545451.920527]: 开始进行多边形确认 · detections=1
[INFO] [1786545452.046473]: 开始进行多边形确认 · detections=1
[INFO] [1786545452.178983]: 开始进行多边形确认 · detections=1
[INFO] [1786545452.297976]: 开始进行多边形确认 · detections=1
[INFO] [1786545452.427763]: 开始进行多边形确认 · detections=1
[INFO] [1786545452.548558]: 开始进行多边形确认 · detections=1
[INFO] [1786545452.655025]: 开始进行多边形确认 · detections=1
[INFO] [1786545452.783387]: 开始进行多边形确认 · detections=1
[INFO] [1786545452.906687]: 开始进行多边形确认 · detections=1
[INFO] [1786545453.057818]: RGB-D vision status: model_ready:onnxruntime targets:0 centers:0 tf:0 rejected:0 merged:0 semantic_masks:0
[INFO] [1786545453.301874]: 开始进行多边形确认 · detections=1
[INFO] [1786545453.421206]: 开始进行多边形确认 · detections=1
[INFO] [1786545453.546145]: 开始进行多边形确认 · detections=1
[INFO] [1786545453.679693]: 开始进行多边形确认 · detections=1
[WARN] [1786545453.303000]: 开始进行多边形确认 · 多边形确认失败 · rejected=0 · elapsed_ms=1.2
[WARN] [1786545453.422337]: 开始进行多边形确认 · 多边形确认失败 · rejected=0 · elapsed_ms=1.2
[WARN] [1786545453.547438]: 开始进行多边形确认 · 多边形确认失败 · rejected=0 · elapsed_ms=1.4
[WARN] [1786545453.681210]: 开始进行多边形确认 · 多边形确认失败 · rejected=0 · elapsed_ms=1.6
[WARN] [1786545453.811079]: 开始进行多边形确认 · 多边形确认失败 · rejected=0 · elapsed_ms=1.5
[WARN] [1786545453.931709]: 开始进行多边形确认 · 多边形确认失败 · rejected=0 · elapsed_ms=1.5
[WARN] [1786545454.056248]: 开始进行多边形确认 · 多边形确认失败 · rejected=0 · elapsed_ms=1.5
[WARN] [1786545454.182872]: 开始进行多边形确认 · 多边形确认失败 · rejected=0 · elapsed_ms=8.5
[WARN] [1786545454.301607]: 开始进行多边形确认 · 多边形确认失败 · rejected=0 · elapsed_ms=1.3
[WARN] [1786545454.421019]: 开始进行多边形确认 · 多边形确认失败 · rejected=0 · elapsed_ms=1.1
[WARN] [1786545454.550803]: 开始进行多边形确认 · 多边形确认失败 · rejected=0 · elapsed_ms=1.5
[WARN] [1786545454.677657]: 开始进行多边形确认 · 多边形确认失败 · rejected=0 · elapsed_ms=1.5
[WARN] [1786545454.802168]: 开始进行多边形确认 · 多边形确认失败 · rejected=0 · elapsed_ms=1.5
[WARN] [1786545454.928281]: 开始进行多边形确认 · 多边形确认失败 · rejected=0 · elapsed_ms=1.6
[WARN] [1786545455.050416]: 开始进行多边形确认 · 多边形确认失败 · rejected=0 · elapsed_ms=1.5
[WARN] [1786545455.175239]: 开始进行多边形确认 · 多边形确认失败 · rejected=0 · elapsed_ms=1.3
[WARN] [1786545455.293677]: 开始进行多边形确认 · 多边形确认失败 · rejected=0 · elapsed_ms=1.4
[WARN] [1786545455.421834]: 开始进行多边形确认 · 多边形确认失败 · rejected=0 · elapsed_ms=1.2
[WARN] [1786545455.680462]: 开始进行多边形确认 · 多边形确认失败 · rejected=0 · elapsed_ms=1.4
[WARN] [1786545455.800860]: 开始进行多边形确认 · 多边形确认失败 · rejected=0 · elapsed_ms=1.6
[WARN] [1786545455.944227]: 开始进行多边形确认 · 多边形确认失败 · rejected=0 · elapsed_ms=1.3
[WARN] [1786545456.053090]: 开始进行多边形确认 · 多边形确认失败 · rejected=0 · elapsed_ms=1.4
[WARN] [1786545456.189363]: 开始进行多边形确认 · 多边形确认失败 · rejected=0 · elapsed_ms=1.2
[WARN] [1786545456.477204]: 开始进行多边形确认 · 多边形确认失败 · rejected=0 · elapsed_ms=1.5
[WARN] [1786545456.581997]: 开始进行多边形确认 · 多边形确认失败 · rejected=0 · elapsed_ms=1.3
[WARN] [1786545456.704029]: 开始进行多边形确认 · 多边形确认失败 · rejected=0 · elapsed_ms=1.5
[WARN] [1786545456.834941]: 开始进行多边形确认 · 多边形确认失败 · rejected=0 · elapsed_ms=1.4
[WARN] [1786545456.942915]: 开始进行多边形确认 · 多边形确认失败 · rejected=0 · elapsed_ms=2.7
[WARN] [1786545457.069875]: 开始进行多边形确认 · 多边形确认失败 · rejected=0 · elapsed_ms=1.3
[WARN] [1786545457.186473]: 开始进行多边形确认 · 多边形确认失败 · rejected=0 · elapsed_ms=1.3
[WARN] [1786545457.312801]: 开始进行多边形确认 · 多边形确认失败 · rejected=0 · elapsed_ms=1.2
[WARN] [1786545457.497938]: 开始进行多边形确认 · 多边形确认失败 · rejected=0 · elapsed_ms=19.7
[WARN] [1786545457.564248]: 开始进行多边形确认 · 多边形确认失败 · rejected=0 · elapsed_ms=1.4
[WARN] [1786545457.689538]: 开始进行多边形确认 · 多边形确认失败 · rejected=0 · elapsed_ms=1.4
[WARN] [1786545457.808951]: 开始进行多边形确认 · 多边形确认失败 · rejected=0 · elapsed_ms=1.5
[WARN] [1786545457.928076]: 开始进行多边形确认 · 多边形确认失败 · rejected=0 · elapsed_ms=1.4
[WARN] [1786545458.057757]: 开始进行多边形确认 · 多边形确认失败 · rejected=0 · elapsed_ms=1.3
[WARN] [1786545458.181608]: 开始进行多边形确认 · 多边形确认失败 · rejected=0 · elapsed_ms=1.3
[WARN] [1786545458.304998]: 开始进行多边形确认 · 多边形确认失败 · rejected=0 · elapsed_ms=1.3
[WARN] [1786545458.450851]: 开始进行多边形确认 · 多边形确认失败 · rejected=0 · elapsed_ms=7.8
[WARN] [1786545458.577082]: 开始进行多边形确认 · 多边形确认失败 · rejected=0 · elapsed_ms=1.2
[WARN] [1786545458.681414]: 开始进行多边形确认 · 多边形确认失败 · rejected=0 · elapsed_ms=1.2
[WARN] [1786545458.807589]: 开始进行多边形确认 · 多边形确认失败 · rejected=0 · elapsed_ms=1.4
[WARN] [1786545458.936616]: 开始进行多边形确认 · 多边形确认失败 · rejected=0 · elapsed_ms=1.2
[WARN] [1786545459.063921]: 开始进行多边形确认 · 多边形确认失败 · rejected=0 · elapsed_ms=1.1
[WARN] [1786545459.189899]: 开始进行多边形确认 · 多边形确认失败 · rejected=0 · elapsed_ms=1.1
[WARN] [1786545459.320427]: 开始进行多边形确认 · 多边形确认失败 · rejected=0 · elapsed_ms=2.0
[WARN] [1786545459.427414]: 开始进行多边形确认 · 多边形确认失败 · rejected=0 · elapsed_ms=1.1
[WARN] [1786545459.615304]: 开始进行多边形确认 · 多边形确认失败 · rejected=0 · elapsed_ms=1.3
[WARN] [1786545459.684772]: 开始进行多边形确认 · 多边形确认失败 · rejected=0 · elapsed_ms=1.1
[WARN] [1786545459.827718]: 开始进行多边形确认 · 多边形确认失败 · rejected=0 · elapsed_ms=1.3
[WARN] [1786545459.944866]: 开始进行多边形确认 · 多边形确认失败 · rejected=0 · elapsed_ms=1.1
[WARN] [1786545460.090385]: 开始进行多边形确认 · 多边形确认失败 · rejected=0 · elapsed_ms=1.3
[WARN] [1786545460.216812]: 开始进行多边形确认 · 多边形确认失败 · rejected=0 · elapsed_ms=1.5
[WARN] [1786545460.344250]: 开始进行多边形确认 · 多边形确认失败 · rejected=0 · elapsed_ms=1.6
[WARN] [1786545460.443924]: 开始进行多边形确认 · 多边形确认失败 · rejected=0 · elapsed_ms=1.3
[WARN] [1786545460.578424]: 开始进行多边形确认 · 多边形确认失败 · rejected=0 · elapsed_ms=2.9
[WARN] [1786545460.706728]: 开始进行多边形确认 · 多边形确认失败 · rejected=0 · elapsed_ms=1.4
[WARN] [1786545460.824204]: 开始进行多边形确认 · 多边形确认失败 · rejected=0 · elapsed_ms=1.3
[WARN] [1786545460.975672]: 开始进行多边形确认 · 多边形确认失败 · rejected=0 · elapsed_ms=1.5
[WARN] [1786545461.095017]: 开始进行多边形确认 · 多边形确认失败 · rejected=0 · elapsed_ms=1.6
[WARN] [1786545461.218275]: 开始进行多边形确认 · 多边形确认失败 · rejected=0 · elapsed_ms=1.5
[WARN] [1786545461.343440]: 开始进行多边形确认 · 多边形确认失败 · rejected=0 · elapsed_ms=1.6
[WARN] [1786545461.465142]: 开始进行多边形确认 · 多边形确认失败 · rejected=0 · elapsed_ms=1.6
[WARN] [1786545461.600008]: 开始进行多边形确认 · 多边形确认失败 · rejected=0 · elapsed_ms=1.3
[WARN] [1786545461.823193]: 开始进行多边形确认 · 多边形确认失败 · rejected=0 · elapsed_ms=1.1
[WARN] [1786545461.947852]: 开始进行多边形确认 · 多边形确认失败 · rejected=0 · elapsed_ms=1.5
[WARN] [1786545462.079437]: 开始进行多边形确认 · 多边形确认失败 · rejected=0 · elapsed_ms=1.4
[WARN] [1786545462.211711]: 开始进行多边形确认 · 多边形确认失败 · rejected=0 · elapsed_ms=1.4
[WARN] [1786545462.335726]: 开始进行多边形确认 · 多边形确认失败 · rejected=0 · elapsed_ms=1.6
[WARN] [1786545462.455525]: 开始进行多边形确认 · 多边形确认失败 · rejected=0 · elapsed_ms=1.2
[WARN] [1786545462.596346]: 开始进行多边形确认 · 多边形确认失败 · rejected=0 · elapsed_ms=19.6
[INFO] [1786545453.809671]: 开始进行多边形确认 · detections=1
[INFO] [1786545453.930311]: 开始进行多边形确认 · detections=1
[INFO] [1786545454.054810]: 开始进行多边形确认 · detections=1
[INFO] [1786545454.174368]: 开始进行多边形确认 · detections=1
[INFO] [1786545454.300427]: 开始进行多边形确认 · detections=1
[INFO] [1786545454.419981]: 开始进行多边形确认 · detections=1
[INFO] [1786545454.549432]: 开始进行多边形确认 · detections=1
[INFO] [1786545454.676234]: 开始进行多边形确认 · detections=1
[INFO] [1786545454.800724]: 开始进行多边形确认 · detections=1
[INFO] [1786545454.926778]: 开始进行多边形确认 · detections=1
[INFO] [1786545455.048990]: 开始进行多边形确认 · detections=1
[INFO] [1786545455.174021]: 开始进行多边形确认 · detections=1
[INFO] [1786545455.292314]: 开始进行多边形确认 · detections=1
[INFO] [1786545455.420664]: 开始进行多边形确认 · detections=1
[INFO] [1786545455.679150]: 开始进行多边形确认 · detections=1
[INFO] [1786545455.799374]: 开始进行多边形确认 · detections=1
[INFO] [1786545455.943012]: 开始进行多边形确认 · detections=1
[INFO] [1786545456.051783]: 开始进行多边形确认 · detections=1
[INFO] [1786545456.188277]: 开始进行多边形确认 · detections=1
[INFO] [1786545456.475772]: 开始进行多边形确认 · detections=1
[INFO] [1786545456.580791]: 开始进行多边形确认 · detections=1
[INFO] [1786545456.702640]: 开始进行多边形确认 · detections=1
[INFO] [1786545456.833597]: 开始进行多边形确认 · detections=1
[INFO] [1786545456.940208]: 开始进行多边形确认 · detections=1
[INFO] [1786545457.068650]: 开始进行多边形确认 · detections=1
[INFO] [1786545457.185239]: 开始进行多边形确认 · detections=1
[INFO] [1786545457.311669]: 开始进行多边形确认 · detections=1
[INFO] [1786545457.478285]: 开始进行多边形确认 · detections=1
[INFO] [1786545457.562937]: 开始进行多边形确认 · detections=1
[INFO] [1786545457.688139]: 开始进行多边形确认 · detections=1
[INFO] [1786545457.807575]: 开始进行多边形确认 · detections=1
[INFO] [1786545457.926838]: 开始进行多边形确认 · detections=1
[INFO] [1786545458.056530]: 开始进行多边形确认 · detections=1
[INFO] [1786545458.180428]: 开始进行多边形确认 · detections=1
[INFO] [1786545458.303726]: 开始进行多边形确认 · detections=1
[INFO] [1786545458.443127]: 开始进行多边形确认 · detections=1
[INFO] [1786545458.575945]: 开始进行多边形确认 · detections=1
[INFO] [1786545458.680304]: 开始进行多边形确认 · detections=1
[INFO] [1786545458.806319]: 开始进行多边形确认 · detections=1
[INFO] [1786545458.935443]: 开始进行多边形确认 · detections=1
[INFO] [1786545459.062891]: 开始进行多边形确认 · detections=1
[INFO] [1786545459.188827]: 开始进行多边形确认 · detections=1
[INFO] [1786545459.318491]: 开始进行多边形确认 · detections=1
[INFO] [1786545459.426337]: 开始进行多边形确认 · detections=1
[INFO] [1786545459.614111]: 开始进行多边形确认 · detections=1
[INFO] [1786545459.683708]: 开始进行多边形确认 · detections=1
[INFO] [1786545459.826518]: 开始进行多边形确认 · detections=1
[INFO] [1786545459.943871]: 开始进行多边形确认 · detections=1
[INFO] [1786545460.089126]: 开始进行多边形确认 · detections=1
[INFO] [1786545460.215330]: 开始进行多边形确认 · detections=1
[INFO] [1786545460.342735]: 开始进行多边形确认 · detections=1
[INFO] [1786545460.442643]: 开始进行多边形确认 · detections=1
[INFO] [1786545460.575539]: 开始进行多边形确认 · detections=1
[INFO] [1786545460.705357]: 开始进行多边形确认 · detections=1
[INFO] [1786545460.822947]: 开始进行多边形确认 · detections=1
[INFO] [1786545460.974274]: 开始进行多边形确认 · detections=1
[INFO] [1786545461.093494]: 开始进行多边形确认 · detections=1
[INFO] [1786545461.216917]: 开始进行多边形确认 · detections=1
[INFO] [1786545461.341952]: 开始进行多边形确认 · detections=1
[INFO] [1786545461.463663]: 开始进行多边形确认 · detections=1
[INFO] [1786545461.598787]: 开始进行多边形确认 · detections=1
[INFO] [1786545461.725482]: RGB-D vision status: model_ready:onnxruntime targets:0 centers:0 tf:0 rejected:0 merged:0 semantic_masks:0
[INFO] [1786545461.822153]: 开始进行多边形确认 · detections=1
[INFO] [1786545461.946443]: 开始进行多边形确认 · detections=1
[INFO] [1786545462.078114]: 开始进行多边形确认 · detections=1
[INFO] [1786545462.210380]: 开始进行多边形确认 · detections=1
[INFO] [1786545462.334218]: 开始进行多边形确认 · detections=1
[INFO] [1786545462.454380]: 开始进行多边形确认 · detections=1
[INFO] [1786545462.576740]: 开始进行多边形确认 · detections=1
[INFO] [1786545462.710800]: 开始进行多边形确认 · detections=1
[INFO] [1786545462.949752]: 开始进行多边形确认 · detections=1
[INFO] [1786545463.200051]: 开始进行多边形确认 · detections=1
[INFO] [1786545463.327578]: 开始进行多边形确认 · detections=1
[INFO] [1786545463.447124]: 开始进行多边形确认 · detections=1
[INFO] [1786545463.577056]: 开始进行多边形确认 · detections=1
[INFO] [1786545463.700106]: 开始进行多边形确认 · detections=1
[INFO] [1786545463.846576]: 开始进行多边形确认 · detections=1
[INFO] [1786545463.952255]: 开始进行多边形确认 · detections=1
[INFO] [1786545464.065397]: 开始进行多边形确认 · detections=1
[INFO] [1786545464.188531]: 开始进行多边形确认 · detections=1
[INFO] [1786545464.314984]: 开始进行多边形确认 · detections=1
[INFO] [1786545464.441123]: 开始进行多边形确认 · detections=1
[INFO] [1786545464.574014]: 开始进行多边形确认 · detections=1
[INFO] [1786545464.693617]: 开始进行多边形确认 · detections=1
[INFO] [1786545464.889047]: 开始进行多边形确认 · detections=1
[INFO] [1786545464.964144]: 开始进行多边形确认 · detections=1
[INFO] [1786545465.086650]: 开始进行多边形确认 · detections=1
[INFO] [1786545465.210416]: 开始进行多边形确认 · detections=1
[INFO] [1786545465.318594]: 开始进行多边形确认 · detections=1
[INFO] [1786545465.461962]: 开始进行多边形确认 · detections=1
[INFO] [1786545465.580842]: 开始进行多边形确认 · detections=1
[INFO] [1786545465.702186]: 开始进行多边形确认 · detections=1
[INFO] [1786545465.851547]: 开始进行多边形确认 · detections=1
[INFO] [1786545465.974506]: 开始进行多边形确认 · detections=1
[INFO] [1786545466.094276]: 开始进行多边形确认 · detections=1
[INFO] [1786545466.209953]: 开始进行多边形确认 · detections=1
[INFO] [1786545466.339628]: 开始进行多边形确认 · detections=1
[INFO] [1786545466.463078]: 开始进行多边形确认 · detections=1
[INFO] [1786545466.591118]: 开始进行多边形确认 · detections=1
[INFO] [1786545466.715238]: 开始进行多边形确认 · detections=1
[INFO] [1786545466.843835]: 开始进行多边形确认 · detections=1
[INFO] [1786545467.009501]: 开始进行多边形确认 · detections=1
[INFO] [1786545467.078725]: RGB-D vision status: model_ready:onnxruntime targets:0 centers:0 tf:0 rejected:0 merged:0 semantic_masks:0
[INFO] [1786545467.202373]: 开始进行多边形确认 · detections=1
[INFO] [1786545467.332836]: 开始进行多边形确认 · detections=1
[INFO] [1786545467.455943]: 开始进行多边形确认 · detections=1
[INFO] [1786545467.580526]: 开始进行多边形确认 · detections=1
[INFO] [1786545467.721083]: 开始进行多边形确认 · detections=1
[INFO] [1786545467.833590]: 开始进行多边形确认 · detections=1
[INFO] [1786545467.958998]: 开始进行多边形确认 · detections=1
[INFO] [1786545468.111825]: 开始进行多边形确认 · detections=1
[INFO] [1786545468.205763]: 开始进行多边形确认 · detections=1
[WARN] [1786545462.711995]: 开始进行多边形确认 · 多边形确认失败 · rejected=0 · elapsed_ms=1.3
[WARN] [1786545462.951213]: 开始进行多边形确认 · 多边形确认失败 · rejected=0 · elapsed_ms=1.5
[WARN] [1786545463.201296]: 开始进行多边形确认 · 多边形确认失败 · rejected=0 · elapsed_ms=1.3
[WARN] [1786545463.329099]: 开始进行多边形确认 · 多边形确认失败 · rejected=0 · elapsed_ms=1.6
[WARN] [1786545463.448273]: 开始进行多边形确认 · 多边形确认失败 · rejected=0 · elapsed_ms=1.2
[WARN] [1786545463.578129]: 开始进行多边形确认 · 多边形确认失败 · rejected=0 · elapsed_ms=1.1
[WARN] [1786545463.701698]: 开始进行多边形确认 · 多边形确认失败 · rejected=0 · elapsed_ms=1.7
[WARN] [1786545463.847800]: 开始进行多边形确认 · 多边形确认失败 · rejected=0 · elapsed_ms=1.3
[WARN] [1786545463.953473]: 开始进行多边形确认 · 多边形确认失败 · rejected=0 · elapsed_ms=1.3
[WARN] [1786545464.066516]: 开始进行多边形确认 · 多边形确认失败 · rejected=0 · elapsed_ms=1.2
[WARN] [1786545464.189555]: 开始进行多边形确认 · 多边形确认失败 · rejected=0 · elapsed_ms=1.1
[WARN] [1786545464.316083]: 开始进行多边形确认 · 多边形确认失败 · rejected=0 · elapsed_ms=1.2
[WARN] [1786545464.442107]: 开始进行多边形确认 · 多边形确认失败 · rejected=0 · elapsed_ms=1.1
[WARN] [1786545464.575125]: 开始进行多边形确认 · 多边形确认失败 · rejected=0 · elapsed_ms=1.2
[WARN] [1786545464.694634]: 开始进行多边形确认 · 多边形确认失败 · rejected=0 · elapsed_ms=1.1
[WARN] [1786545464.890072]: 开始进行多边形确认 · 多边形确认失败 · rejected=0 · elapsed_ms=1.1
[WARN] [1786545464.965649]: 开始进行多边形确认 · 多边形确认失败 · rejected=0 · elapsed_ms=1.5
[WARN] [1786545465.088004]: 开始进行多边形确认 · 多边形确认失败 · rejected=0 · elapsed_ms=1.4
[WARN] [1786545465.211847]: 开始进行多边形确认 · 多边形确认失败 · rejected=0 · elapsed_ms=1.5
[WARN] [1786545465.319856]: 开始进行多边形确认 · 多边形确认失败 · rejected=0 · elapsed_ms=1.3
[WARN] [1786545465.463025]: 开始进行多边形确认 · 多边形确认失败 · rejected=0 · elapsed_ms=1.1
[WARN] [1786545465.582214]: 开始进行多边形确认 · 多边形确认失败 · rejected=0 · elapsed_ms=1.4
[WARN] [1786545465.703598]: 开始进行多边形确认 · 多边形确认失败 · rejected=0 · elapsed_ms=1.4
[WARN] [1786545465.853078]: 开始进行多边形确认 · 多边形确认失败 · rejected=0 · elapsed_ms=1.6
[WARN] [1786545465.975885]: 开始进行多边形确认 · 多边形确认失败 · rejected=0 · elapsed_ms=1.5
[WARN] [1786545466.095593]: 开始进行多边形确认 · 多边形确认失败 · rejected=0 · elapsed_ms=1.4
[WARN] [1786545466.211143]: 开始进行多边形确认 · 多边形确认失败 · rejected=0 · elapsed_ms=1.3
[WARN] [1786545466.341025]: 开始进行多边形确认 · 多边形确认失败 · rejected=0 · elapsed_ms=1.5
[WARN] [1786545466.464368]: 开始进行多边形确认 · 多边形确认失败 · rejected=0 · elapsed_ms=1.4
[WARN] [1786545466.592422]: 开始进行多边形确认 · 多边形确认失败 · rejected=0 · elapsed_ms=1.4
[WARN] [1786545466.716534]: 开始进行多边形确认 · 多边形确认失败 · rejected=0 · elapsed_ms=1.4
[WARN] [1786545466.845526]: 开始进行多边形确认 · 多边形确认失败 · rejected=0 · elapsed_ms=1.7
[WARN] [1786545467.010875]: 开始进行多边形确认 · 多边形确认失败 · rejected=0 · elapsed_ms=1.5
[WARN] [1786545467.203395]: 开始进行多边形确认 · 多边形确认失败 · rejected=0 · elapsed_ms=1.1
[WARN] [1786545467.334241]: 开始进行多边形确认 · 多边形确认失败 · rejected=0 · elapsed_ms=1.5
[WARN] [1786545467.457304]: 开始进行多边形确认 · 多边形确认失败 · rejected=0 · elapsed_ms=1.4
[WARN] [1786545467.600189]: 开始进行多边形确认 · 多边形确认失败 · rejected=0 · elapsed_ms=19.7
[WARN] [1786545467.722379]: 开始进行多边形确认 · 多边形确认失败 · rejected=0 · elapsed_ms=1.4
[WARN] [1786545467.834823]: 开始进行多边形确认 · 多边形确认失败 · rejected=0 · elapsed_ms=1.3
[WARN] [1786545467.960453]: 开始进行多边形确认 · 多边形确认失败 · rejected=0 · elapsed_ms=1.5
[WARN] [1786545468.113174]: 开始进行多边形确认 · 多边形确认失败 · rejected=0 · elapsed_ms=1.4
[WARN] [1786545468.207161]: 开始进行多边形确认 · 多边形确认失败 · rejected=0 · elapsed_ms=1.5
[WARN] [1786545468.326648]: 开始进行多边形确认 · 多边形确认失败 · rejected=0 · elapsed_ms=1.2
[WARN] [1786545468.452614]: 开始进行多边形确认 · 多边形确认失败 · rejected=0 · elapsed_ms=1.1
[WARN] [1786545468.703994]: 开始进行多边形确认 · 多边形确认失败 · rejected=0 · elapsed_ms=1.0
[WARN] [1786545468.831361]: 开始进行多边形确认 · 多边形确认失败 · rejected=0 · elapsed_ms=1.3
[WARN] [1786545468.960171]: 开始进行多边形确认 · 多边形确认失败 · rejected=0 · elapsed_ms=1.6
[WARN] [1786545469.105263]: 开始进行多边形确认 · 多边形确认失败 · rejected=0 · elapsed_ms=1.3
[WARN] [1786545469.225627]: 开始进行多边形确认 · 多边形确认失败 · rejected=0 · elapsed_ms=1.2
[WARN] [1786545469.336785]: 开始进行多边形确认 · 多边形确认失败 · rejected=0 · elapsed_ms=1.3
[WARN] [1786545469.457451]: 开始进行多边形确认 · 多边形确认失败 · rejected=0 · elapsed_ms=1.3
[WARN] [1786545469.589854]: 开始进行多边形确认 · 多边形确认失败 · rejected=0 · elapsed_ms=1.2
[WARN] [1786545469.726927]: 开始进行多边形确认 · 多边形确认失败 · rejected=0 · elapsed_ms=1.2
[WARN] [1786545469.859849]: 开始进行多边形确认 · 多边形确认失败 · rejected=0 · elapsed_ms=1.5
[WARN] [1786545469.974326]: 开始进行多边形确认 · 多边形确认失败 · rejected=0 · elapsed_ms=1.3
[WARN] [1786545470.099763]: 开始进行多边形确认 · 多边形确认失败 · rejected=0 · elapsed_ms=1.1
[WARN] [1786545470.239055]: 开始进行多边形确认 · 多边形确认失败 · rejected=0 · elapsed_ms=1.2
[WARN] [1786545470.346639]: 开始进行多边形确认 · 多边形确认失败 · rejected=0 · elapsed_ms=1.4
[WARN] [1786545470.471069]: 开始进行多边形确认 · 多边形确认失败 · rejected=0 · elapsed_ms=1.5
[WARN] [1786545470.595160]: 开始进行多边形确认 · 多边形确认失败 · rejected=0 · elapsed_ms=1.1
[WARN] [1786545470.717076]: 开始进行多边形确认 · 多边形确认失败 · rejected=0 · elapsed_ms=1.0
[WARN] [1786545470.845973]: 开始进行多边形确认 · 多边形确认失败 · rejected=0 · elapsed_ms=1.3
[WARN] [1786545470.964765]: 开始进行多边形确认 · 多边形确认失败 · rejected=0 · elapsed_ms=1.2
[WARN] [1786545471.093003]: 开始进行多边形确认 · 多边形确认失败 · rejected=0 · elapsed_ms=1.4
[WARN] [1786545471.249370]: 开始进行多边形确认 · 多边形确认失败 · rejected=0 · elapsed_ms=1.4
[WARN] [1786545471.364531]: 开始进行多边形确认 · 多边形确认失败 · rejected=0 · elapsed_ms=1.2
[WARN] [1786545471.496824]: 开始进行多边形确认 · 多边形确认失败 · rejected=0 · elapsed_ms=1.2
[WARN] [1786545471.619761]: 开始进行多边形确认 · 多边形确认失败 · rejected=0 · elapsed_ms=1.6
[WARN] [1786545471.747846]: 开始进行多边形确认 · 多边形确认失败 · rejected=0 · elapsed_ms=1.4
[WARN] [1786545471.871355]: 开始进行多边形确认 · 多边形确认失败 · rejected=0 · elapsed_ms=1.5
[WARN] [1786545472.004694]: 开始进行多边形确认 · 多边形确认失败 · rejected=0 · elapsed_ms=1.5
[WARN] [1786545472.114770]: 开始进行多边形确认 · 多边形确认失败 · rejected=0 · elapsed_ms=1.3
[WARN] [1786545472.244240]: 开始进行多边形确认 · 多边形确认失败 · rejected=0 · elapsed_ms=1.2
[WARN] [1786545472.397100]: 开始进行多边形确认 · 多边形确认失败 · rejected=0 · elapsed_ms=1.3
[WARN] [1786545472.498763]: 开始进行多边形确认 · 多边形确认失败 · rejected=0 · elapsed_ms=1.2
[WARN] [1786545472.629838]: 开始进行多边形确认 · 多边形确认失败 · rejected=0 · elapsed_ms=20.3
[WARN] [1786545472.750216]: 开始进行多边形确认 · 多边形确认失败 · rejected=0 · elapsed_ms=1.3
[WARN] [1786545472.873831]: 开始进行多边形确认 · 多边形确认失败 · rejected=0 · elapsed_ms=1.4
[WARN] [1786545473.005946]: 开始进行多边形确认 · 多边形确认失败 · rejected=0 · elapsed_ms=1.3
[WARN] [1786545473.133281]: 开始进行多边形确认 · 多边形确认失败 · rejected=0 · elapsed_ms=1.2
[WARN] [1786545473.246979]: 开始进行多边形确认 · 多边形确认失败 · rejected=0 · elapsed_ms=1.0
[WARN] [1786545473.429013]: 开始进行多边形确认 · 多边形确认失败 · rejected=0 · elapsed_ms=1.5
[WARN] [1786545473.502786]: 开始进行多边形确认 · 多边形确认失败 · rejected=0 · elapsed_ms=1.3
[WARN] [1786545473.624132]: 开始进行多边形确认 · 多边形确认失败 · rejected=0 · elapsed_ms=1.4
[WARN] [1786545473.732246]: 开始进行多边形确认 · 多边形确认失败 · rejected=0 · elapsed_ms=1.3
[WARN] [1786545473.851945]: 开始进行多边形确认 · 多边形确认失败 · rejected=0 · elapsed_ms=1.2
[WARN] [1786545473.991824]: 开始进行多边形确认 · 多边形确认失败 · rejected=0 · elapsed_ms=1.0
[WARN] [1786545474.105479]: 开始进行多边形确认 · 多边形确认失败 · rejected=0 · elapsed_ms=1.2
[WARN] [1786545474.234014]: 开始进行多边形确认 · 多边形确认失败 · rejected=0 · elapsed_ms=1.1
[WARN] [1786545474.377002]: 开始进行多边形确认 · 多边形确认失败 · rejected=0 · elapsed_ms=1.5
[WARN] [1786545474.507858]: 开始进行多边形确认 · 多边形确认失败 · rejected=0 · elapsed_ms=1.5
[WARN] [1786545474.734288]: 开始进行多边形确认 · 多边形确认失败 · rejected=0 · elapsed_ms=1.2
[WARN] [1786545474.866991]: 开始进行多边形确认 · 多边形确认失败 · rejected=0 · elapsed_ms=1.4
[WARN] [1786545474.989023]: 开始进行多边形确认 · 多边形确认失败 · rejected=0 · elapsed_ms=1.2
[WARN] [1786545475.132137]: 开始进行多边形确认 · 多边形确认失败 · rejected=0 · elapsed_ms=1.3
[WARN] [1786545475.252084]: 开始进行多边形确认 · 多边形确认失败 · rejected=0 · elapsed_ms=1.3
[WARN] [1786545475.393350]: 开始进行多边形确认 · 多边形确认失败 · rejected=0 · elapsed_ms=1.3
[WARN] [1786545475.624551]: 开始进行多边形确认 · 多边形确认失败 · rejected=0 · elapsed_ms=1.5
[WARN] [1786545475.738812]: 开始进行多边形确认 · 多边形确认失败 · rejected=0 · elapsed_ms=1.4
[WARN] [1786545475.858620]: 开始进行多边形确认 · 多边形确认失败 · rejected=0 · elapsed_ms=1.4
[WARN] [1786545475.989555]: 开始进行多边形确认 · 多边形确认失败 · rejected=0 · elapsed_ms=1.0
[WARN] [1786545476.130553]: 开始进行多边形确认 · 多边形确认失败 · rejected=0 · elapsed_ms=1.4
[WARN] [1786545476.255270]: 开始进行多边形确认 · 多边形确认失败 · rejected=0 · elapsed_ms=1.3
[WARN] [1786545476.385429]: 开始进行多边形确认 · 多边形确认失败 · rejected=0 · elapsed_ms=1.2
[WARN] [1786545476.586133]: 开始进行多边形确认 · 多边形确认失败 · rejected=0 · elapsed_ms=1.4
[WARN] [1786545476.659468]: 开始进行多边形确认 · 多边形确认失败 · rejected=0 · elapsed_ms=1.4
[WARN] [1786545476.781931]: 开始进行多边形确认 · 多边形确认失败 · rejected=0 · elapsed_ms=1.4
[WARN] [1786545476.907049]: 开始进行多边形确认 · 多边形确认失败 · rejected=0 · elapsed_ms=1.4
[WARN] [1786545477.026953]: 开始进行多边形确认 · 多边形确认失败 · rejected=0 · elapsed_ms=1.2
[WARN] [1786545477.150604]: 开始进行多边形确认 · 多边形确认失败 · rejected=0 · elapsed_ms=1.2
[WARN] [1786545477.275292]: 开始进行多边形确认 · 多边形确认失败 · rejected=0 · elapsed_ms=1.0
[WARN] [1786545477.397403]: 开始进行多边形确认 · 多边形确认失败 · rejected=0 · elapsed_ms=1.3
[WARN] [1786545477.559292]: 开始进行多边形确认 · 多边形确认失败 · rejected=0 · elapsed_ms=1.4
[WARN] [1786545477.660991]: 开始进行多边形确认 · 多边形确认失败 · rejected=0 · elapsed_ms=2.4
[WARN] [1786545477.783152]: 开始进行多边形确认 · 多边形确认失败 · rejected=0 · elapsed_ms=1.2
[WARN] [1786545477.907221]: 开始进行多边形确认 · 多边形确认失败 · rejected=0 · elapsed_ms=1.1
[WARN] [1786545478.031096]: 开始进行多边形确认 · 多边形确认失败 · rejected=0 · elapsed_ms=1.3
[WARN] [1786545478.154988]: 开始进行多边形确认 · 多边形确认失败 · rejected=0 · elapsed_ms=1.6
[WARN] [1786545478.286550]: 开始进行多边形确认 · 多边形确认失败 · rejected=0 · elapsed_ms=2.2
[WARN] [1786545478.413387]: 开始进行多边形确认 · 多边形确认失败 · rejected=0 · elapsed_ms=1.2
[WARN] [1786545478.545625]: 开始进行多边形确认 · 多边形确认失败 · rejected=0 · elapsed_ms=1.5
[WARN] [1786545478.671333]: 开始进行多边形确认 · 多边形确认失败 · rejected=0 · elapsed_ms=1.7
[WARN] [1786545478.766165]: 开始进行多边形确认 · 多边形确认失败 · rejected=0 · elapsed_ms=1.4
[WARN] [1786545478.891397]: 开始进行多边形确认 · 多边形确认失败 · rejected=0 · elapsed_ms=1.0
[WARN] [1786545479.018851]: 开始进行多边形确认 · 多边形确认失败 · rejected=0 · elapsed_ms=1.4
[WARN] [1786545479.265854]: 开始进行多边形确认 · 多边形确认失败 · rejected=0 · elapsed_ms=1.1
[WARN] [1786545479.402366]: 开始进行多边形确认 · 多边形确认失败 · rejected=0 · elapsed_ms=1.0
[WARN] [1786545479.527204]: 开始进行多边形确认 · 多边形确认失败 · rejected=0 · elapsed_ms=1.2
[WARN] [1786545479.655293]: 开始进行多边形确认 · 多边形确认失败 · rejected=0 · elapsed_ms=1.4
[WARN] [1786545479.789140]: 开始进行多边形确认 · 多边形确认失败 · rejected=0 · elapsed_ms=0.9
[WARN] [1786545479.902716]: 开始进行多边形确认 · 多边形确认失败 · rejected=0 · elapsed_ms=1.1
[WARN] [1786545480.026611]: 开始进行多边形确认 · 多边形确认失败 · rejected=0 · elapsed_ms=1.5
[WARN] [1786545480.169867]: 开始进行多边形确认 · 多边形确认失败 · rejected=0 · elapsed_ms=1.3
[WARN] [1786545480.289705]: 开始进行多边形确认 · 多边形确认失败 · rejected=0 · elapsed_ms=1.1
[WARN] [1786545480.413269]: 开始进行多边形确认 · 多边形确认失败 · rejected=0 · elapsed_ms=1.3
[WARN] [1786545480.536030]: 开始进行多边形确认 · 多边形确认失败 · rejected=0 · elapsed_ms=1.4
[WARN] [1786545480.814397]: 开始进行多边形确认 · 多边形确认失败 · rejected=0 · elapsed_ms=1.3
[WARN] [1786545480.912818]: 开始进行多边形确认 · 多边形确认失败 · rejected=0 · elapsed_ms=1.4
[WARN] [1786545481.035133]: 开始进行多边形确认 · 多边形确认失败 · rejected=0 · elapsed_ms=1.4
[WARN] [1786545481.163117]: 开始进行多边形确认 · 多边形确认失败 · rejected=0 · elapsed_ms=1.3
[WARN] [1786545481.282689]: 开始进行多边形确认 · 多边形确认失败 · rejected=0 · elapsed_ms=1.3
[WARN] [1786545481.402974]: 开始进行多边形确认 · 多边形确认失败 · rejected=0 · elapsed_ms=1.2
[WARN] [1786545481.532560]: 开始进行多边形确认 · 多边形确认失败 · rejected=0 · elapsed_ms=1.3
[WARN] [1786545481.652478]: 开始进行多边形确认 · 多边形确认失败 · rejected=0 · elapsed_ms=1.3
[INFO] [1786545468.325458]: 开始进行多边形确认 · detections=1
[INFO] [1786545468.451527]: 开始进行多边形确认 · detections=1
[INFO] [1786545468.703067]: 开始进行多边形确认 · detections=1
[INFO] [1786545468.830124]: 开始进行多边形确认 · detections=1
[INFO] [1786545468.958681]: 开始进行多边形确认 · detections=1
[INFO] [1786545469.104048]: 开始进行多边形确认 · detections=1
[INFO] [1786545469.224510]: 开始进行多边形确认 · detections=1
[INFO] [1786545469.335541]: 开始进行多边形确认 · detections=1
[INFO] [1786545469.456235]: 开始进行多边形确认 · detections=1
[INFO] [1786545469.588693]: 开始进行多边形确认 · detections=1
[INFO] [1786545469.725811]: 开始进行多边形确认 · detections=1
[INFO] [1786545469.858404]: 开始进行多边形确认 · detections=1
[INFO] [1786545469.973117]: 开始进行多边形确认 · detections=1
[INFO] [1786545470.098691]: 开始进行多边形确认 · detections=1
[INFO] [1786545470.237953]: 开始进行多边形确认 · detections=1
[INFO] [1786545470.345264]: 开始进行多边形确认 · detections=1
[INFO] [1786545470.469655]: 开始进行多边形确认 · detections=1
[INFO] [1786545470.594096]: 开始进行多边形确认 · detections=1
[INFO] [1786545470.716130]: 开始进行多边形确认 · detections=1
[INFO] [1786545470.844780]: 开始进行多边形确认 · detections=1
[INFO] [1786545470.963588]: 开始进行多边形确认 · detections=1
[INFO] [1786545471.091651]: 开始进行多边形确认 · detections=1
[INFO] [1786545471.248084]: 开始进行多边形确认 · detections=1
[INFO] [1786545471.363381]: 开始进行多边形确认 · detections=1
[INFO] [1786545471.495723]: 开始进行多边形确认 · detections=1
[INFO] [1786545471.618273]: 开始进行多边形确认 · detections=1
[INFO] [1786545471.746501]: 开始进行多边形确认 · detections=1
[INFO] [1786545471.869915]: 开始进行多边形确认 · detections=1
[INFO] [1786545472.003306]: 开始进行多边形确认 · detections=1
[INFO] [1786545472.113562]: 开始进行多边形确认 · detections=1
[INFO] [1786545472.243136]: 开始进行多边形确认 · detections=1
[INFO] [1786545472.395936]: 开始进行多边形确认 · detections=1
[INFO] [1786545472.497659]: 开始进行多边形确认 · detections=1
[INFO] [1786545472.609562]: 开始进行多边形确认 · detections=1
[INFO] [1786545472.749025]: 开始进行多边形确认 · detections=1
[INFO] [1786545472.872538]: 开始进行多边形确认 · detections=1
[INFO] [1786545473.004732]: 开始进行多边形确认 · detections=1
[INFO] [1786545473.132152]: 开始进行多边形确认 · detections=1
[INFO] [1786545473.246012]: 开始进行多边形确认 · detections=1
[INFO] [1786545473.427586]: 开始进行多边形确认 · detections=1
[INFO] [1786545473.501626]: 开始进行多边形确认 · detections=1
[INFO] [1786545473.622844]: 开始进行多边形确认 · detections=1
[INFO] [1786545473.730964]: 开始进行多边形确认 · detections=1
[INFO] [1786545473.850811]: 开始进行多边形确认 · detections=1
[INFO] [1786545473.990871]: 开始进行多边形确认 · detections=1
[INFO] [1786545474.104325]: 开始进行多边形确认 · detections=1
[INFO] [1786545474.232937]: 开始进行多边形确认 · detections=1
[INFO] [1786545474.375561]: 开始进行多边形确认 · detections=1
[INFO] [1786545474.506377]: 开始进行多边形确认 · detections=1
[INFO] [1786545474.605300]: RGB-D vision status: model_ready:onnxruntime targets:0 centers:0 tf:0 rejected:0 merged:0 semantic_masks:0
[INFO] [1786545474.733165]: 开始进行多边形确认 · detections=1
[INFO] [1786545474.865680]: 开始进行多边形确认 · detections=1
[INFO] [1786545474.987894]: 开始进行多边形确认 · detections=1
[INFO] [1786545475.130906]: 开始进行多边形确认 · detections=1
[INFO] [1786545475.250860]: 开始进行多边形确认 · detections=1
[INFO] [1786545475.392164]: 开始进行多边形确认 · detections=1
[INFO] [1786545475.623113]: 开始进行多边形确认 · detections=1
[INFO] [1786545475.737456]: 开始进行多边形确认 · detections=1
[INFO] [1786545475.857325]: 开始进行多边形确认 · detections=1
[INFO] [1786545475.988563]: 开始进行多边形确认 · detections=1
[INFO] [1786545476.129195]: 开始进行多边形确认 · detections=1
[INFO] [1786545476.254026]: 开始进行多边形确认 · detections=1
[INFO] [1786545476.384273]: 开始进行多边形确认 · detections=1
[INFO] [1786545476.584856]: 开始进行多边形确认 · detections=1
[INFO] [1786545476.658190]: 开始进行多边形确认 · detections=1
[INFO] [1786545476.780661]: 开始进行多边形确认 · detections=1
[INFO] [1786545476.905698]: 开始进行多边形确认 · detections=1
[INFO] [1786545477.025839]: 开始进行多边形确认 · detections=1
[INFO] [1786545477.149454]: 开始进行多边形确认 · detections=1
[INFO] [1786545477.274305]: 开始进行多边形确认 · detections=1
[INFO] [1786545477.396191]: 开始进行多边形确认 · detections=1
[INFO] [1786545477.557955]: 开始进行多边形确认 · detections=1
[INFO] [1786545477.658583]: 开始进行多边形确认 · detections=1
[INFO] [1786545477.782011]: 开始进行多边形确认 · detections=1
[INFO] [1786545477.906168]: 开始进行多边形确认 · detections=1
[INFO] [1786545478.029830]: 开始进行多边形确认 · detections=1
[INFO] [1786545478.153511]: 开始进行多边形确认 · detections=1
[INFO] [1786545478.284406]: 开始进行多边形确认 · detections=1
[INFO] [1786545478.412215]: 开始进行多边形确认 · detections=1
[INFO] [1786545478.544238]: 开始进行多边形确认 · detections=1
[INFO] [1786545478.669739]: 开始进行多边形确认 · detections=1
[INFO] [1786545478.764822]: 开始进行多边形确认 · detections=1
[INFO] [1786545478.890511]: 开始进行多边形确认 · detections=1
[INFO] [1786545479.017572]: 开始进行多边形确认 · detections=1
[INFO] [1786545479.264800]: 开始进行多边形确认 · detections=1
[INFO] [1786545479.401448]: 开始进行多边形确认 · detections=1
[INFO] [1786545479.526086]: 开始进行多边形确认 · detections=1
[INFO] [1786545479.654002]: 开始进行多边形确认 · detections=1
[INFO] [1786545479.788291]: 开始进行多边形确认 · detections=1
[INFO] [1786545479.901712]: 开始进行多边形确认 · detections=1
[INFO] [1786545480.025163]: 开始进行多边形确认 · detections=1
[INFO] [1786545480.168614]: 开始进行多边形确认 · detections=1
[INFO] [1786545480.288666]: 开始进行多边形确认 · detections=1
[INFO] [1786545480.411983]: 开始进行多边形确认 · detections=1
[INFO] [1786545480.534709]: 开始进行多边形确认 · detections=1
[INFO] [1786545480.662661]: RGB-D vision status: model_ready:onnxruntime targets:0 centers:0 tf:0 rejected:0 merged:0 semantic_masks:0
[INFO] [1786545480.813161]: 开始进行多边形确认 · detections=1
[INFO] [1786545480.911481]: 开始进行多边形确认 · detections=1
[INFO] [1786545481.033799]: 开始进行多边形确认 · detections=1
[INFO] [1786545481.161891]: 开始进行多边形确认 · detections=1
[INFO] [1786545481.281471]: 开始进行多边形确认 · detections=1
[INFO] [1786545481.401881]: 开始进行多边形确认 · detections=1
[INFO] [1786545481.531318]: 开始进行多边形确认 · detections=1
[INFO] [1786545481.651217]: 开始进行多边形确认 · detections=1
[INFO] [1786545481.778612]: 开始进行多边形确认 · detections=1
[INFO] [1786545481.921330]: 开始进行多边形确认 · detections=1
[INFO] [1786545482.034452]: 开始进行多边形确认 · detections=1
[INFO] [1786545482.164990]: 开始进行多边形确认 · detections=1
[INFO] [1786545482.290908]: 开始进行多边形确认 · detections=1
[INFO] [1786545482.418865]: 开始进行多边形确认 · detections=1
[INFO] [1786545482.532582]: 开始进行多边形确认 · detections=1
[INFO] [1786545482.658510]: 开始进行多边形确认 · detections=1
[WARN] [1786545481.779757]: 开始进行多边形确认 · 多边形确认失败 · rejected=0 · elapsed_ms=1.2
[WARN] [1786545481.922498]: 开始进行多边形确认 · 多边形确认失败 · rejected=0 · elapsed_ms=1.2
[WARN] [1786545482.035690]: 开始进行多边形确认 · 多边形确认失败 · rejected=0 · elapsed_ms=1.3
[WARN] [1786545482.166370]: 开始进行多边形确认 · 多边形确认失败 · rejected=0 · elapsed_ms=1.5
[WARN] [1786545482.292192]: 开始进行多边形确认 · 多边形确认失败 · rejected=0 · elapsed_ms=1.4
[WARN] [1786545482.420021]: 开始进行多边形确认 · 多边形确认失败 · rejected=0 · elapsed_ms=1.2
[WARN] [1786545482.533928]: 开始进行多边形确认 · 多边形确认失败 · rejected=0 · elapsed_ms=1.4
[WARN] [1786545482.659982]: 开始进行多边形确认 · 多边形确认失败 · rejected=0 · elapsed_ms=1.5
[WARN] [1786545482.786166]: 开始进行多边形确认 · 多边形确认失败 · rejected=0 · elapsed_ms=1.3
[WARN] [1786545482.930221]: 开始进行多边形确认 · 多边形确认失败 · rejected=0 · elapsed_ms=2.2
[WARN] [1786545483.037218]: 开始进行多边形确认 · 多边形确认失败 · rejected=0 · elapsed_ms=1.4
[WARN] [1786545483.174357]: 开始进行多边形确认 · 多边形确认失败 · rejected=0 · elapsed_ms=1.4
[WARN] [1786545483.283613]: 开始进行多边形确认 · 多边形确认失败 · rejected=0 · elapsed_ms=1.2
[WARN] [1786545483.410376]: 开始进行多边形确认 · 多边形确认失败 · rejected=0 · elapsed_ms=1.3
[WARN] [1786545483.553428]: 开始进行多边形确认 · 多边形确认失败 · rejected=0 · elapsed_ms=1.4
[WARN] [1786545483.658875]: 开始进行多边形确认 · 多边形确认失败 · rejected=0 · elapsed_ms=1.4
[WARN] [1786545483.783229]: 开始进行多边形确认 · 多边形确认失败 · rejected=0 · elapsed_ms=1.1
[WARN] [1786545483.920248]: 开始进行多边形确认 · 多边形确认失败 · rejected=0 · elapsed_ms=1.9
[WARN] [1786545484.043908]: 开始进行多边形确认 · 多边形确认失败 · rejected=0 · elapsed_ms=1.1
[WARN] [1786545484.153269]: 开始进行多边形确认 · 多边形确认失败 · rejected=0 · elapsed_ms=1.4
[WARN] [1786545484.296105]: 开始进行多边形确认 · 多边形确认失败 · rejected=0 · elapsed_ms=1.5
[WARN] [1786545484.404056]: 开始进行多边形确认 · 多边形确认失败 · rejected=0 · elapsed_ms=1.3
[WARN] [1786545484.540965]: 开始进行多边形确认 · 多边形确认失败 · rejected=0 · elapsed_ms=1.9
[WARN] [1786545484.683239]: 开始进行多边形确认 · 多边形确认失败 · rejected=0 · elapsed_ms=1.2
[WARN] [1786545484.788834]: 开始进行多边形确认 · 多边形确认失败 · rejected=0 · elapsed_ms=1.3
[WARN] [1786545484.922867]: 开始进行多边形确认 · 多边形确认失败 · rejected=0 · elapsed_ms=8.9
[WARN] [1786545485.173942]: 开始进行多边形确认 · 多边形确认失败 · rejected=0 · elapsed_ms=1.6
[WARN] [1786545485.293528]: 开始进行多边形确认 · 多边形确认失败 · rejected=0 · elapsed_ms=1.1
[WARN] [1786545485.424158]: 开始进行多边形确认 · 多边形确认失败 · rejected=0 · elapsed_ms=2.2
[WARN] [1786545485.676298]: 开始进行多边形确认 · 多边形确认失败 · rejected=0 · elapsed_ms=1.3
[WARN] [1786545485.928085]: 开始进行多边形确认 · 多边形确认失败 · rejected=0 · elapsed_ms=1.3
[WARN] [1786545486.080981]: 开始进行多边形确认 · 多边形确认失败 · rejected=0 · elapsed_ms=1.2
[WARN] [1786545486.182518]: 开始进行多边形确认 · 多边形确认失败 · rejected=0 · elapsed_ms=1.1
[WARN] [1786545486.306435]: 开始进行多边形确认 · 多边形确认失败 · rejected=0 · elapsed_ms=1.1
[WARN] [1786545486.433349]: 开始进行多边形确认 · 多边形确认失败 · rejected=0 · elapsed_ms=1.2
[WARN] [1786545486.559351]: 开始进行多边形确认 · 多边形确认失败 · rejected=0 · elapsed_ms=3.0
[WARN] [1786545486.685423]: 开始进行多边形确认 · 多边形确认失败 · rejected=0 · elapsed_ms=1.1
[WARN] [1786545486.804248]: 开始进行多边形确认 · 多边形确认失败 · rejected=0 · elapsed_ms=1.1
[WARN] [1786545486.934872]: 开始进行多边形确认 · 多边形确认失败 · rejected=0 · elapsed_ms=1.1
[WARN] [1786545487.061619]: 开始进行多边形确认 · 多边形确认失败 · rejected=0 · elapsed_ms=1.3
[WARN] [1786545487.204618]: 开始进行多边形确认 · 多边形确认失败 · rejected=0 · elapsed_ms=1.6
[WARN] [1786545487.316617]: 开始进行多边形确认 · 多边形确认失败 · rejected=0 · elapsed_ms=1.4
[WARN] [1786545487.438507]: 开始进行多边形确认 · 多边形确认失败 · rejected=0 · elapsed_ms=1.4
[WARN] [1786545487.560722]: 开始进行多边形确认 · 多边形确认失败 · rejected=0 · elapsed_ms=1.4
[WARN] [1786545487.693391]: 开始进行多边形确认 · 多边形确认失败 · rejected=0 · elapsed_ms=1.3
[WARN] [1786545487.805831]: 开始进行多边形确认 · 多边形确认失败 · rejected=0 · elapsed_ms=1.4
[WARN] [1786545487.932189]: 开始进行多边形确认 · 多边形确认失败 · rejected=0 · elapsed_ms=1.6
[WARN] [1786545488.055806]: 开始进行多边形确认 · 多边形确认失败 · rejected=0 · elapsed_ms=1.5
[WARN] [1786545488.214960]: 开始进行多边形确认 · 多边形确认失败 · rejected=0 · elapsed_ms=1.8
[WARN] [1786545488.308663]: 开始进行多边形确认 · 多边形确认失败 · rejected=0 · elapsed_ms=1.6
[WARN] [1786545488.447716]: 开始进行多边形确认 · 多边形确认失败 · rejected=0 · elapsed_ms=1.2
[WARN] [1786545488.557747]: 开始进行多边形确认 · 多边形确认失败 · rejected=0 · elapsed_ms=1.5
[WARN] [1786545488.689357]: 开始进行多边形确认 · 多边形确认失败 · rejected=0 · elapsed_ms=1.1
[WARN] [1786545488.802883]: 开始进行多边形确认 · 多边形确认失败 · rejected=0 · elapsed_ms=1.1
[WARN] [1786545488.919637]: 开始进行多边形确认 · 多边形确认失败 · rejected=0 · elapsed_ms=1.2
[WARN] [1786545489.040126]: 开始进行多边形确认 · 多边形确认失败 · rejected=0 · elapsed_ms=1.5
[WARN] [1786545489.170575]: 开始进行多边形确认 · 多边形确认失败 · rejected=0 · elapsed_ms=1.3
[WARN] [1786545489.308894]: 开始进行多边形确认 · 多边形确认失败 · rejected=0 · elapsed_ms=1.3
[WARN] [1786545489.420224]: 开始进行多边形确认 · 多边形确认失败 · rejected=0 · elapsed_ms=1.4
[WARN] [1786545489.541199]: 开始进行多边形确认 · 多边形确认失败 · rejected=0 · elapsed_ms=1.2
[WARN] [1786545489.668393]: 开始进行多边形确认 · 多边形确认失败 · rejected=0 · elapsed_ms=1.2
[WARN] [1786545489.794595]: 开始进行多边形确认 · 多边形确认失败 · rejected=0 · elapsed_ms=1.0
[WARN] [1786545489.919813]: 开始进行多边形确认 · 多边形确认失败 · rejected=0 · elapsed_ms=1.3
[WARN] [1786545490.044124]: 开始进行多边形确认 · 多边形确认失败 · rejected=0 · elapsed_ms=1.1
[WARN] [1786545490.174044]: 开始进行多边形确认 · 多边形确认失败 · rejected=0 · elapsed_ms=1.2
[WARN] [1786545490.313851]: 开始进行多边形确认 · 多边形确认失败 · rejected=0 · elapsed_ms=1.2
[WARN] [1786545490.422198]: 开始进行多边形确认 · 多边形确认失败 · rejected=0 · elapsed_ms=1.2
[WARN] [1786545490.548697]: 开始进行多边形确认 · 多边形确认失败 · rejected=0 · elapsed_ms=1.3
[WARN] [1786545490.676006]: 开始进行多边形确认 · 多边形确认失败 · rejected=0 · elapsed_ms=1.2
[WARN] [1786545490.805569]: 开始进行多边形确认 · 多边形确认失败 · rejected=0 · elapsed_ms=1.3
[WARN] [1786545490.931955]: 开始进行多边形确认 · 多边形确认失败 · rejected=0 · elapsed_ms=1.5
[WARN] [1786545491.054921]: 开始进行多边形确认 · 多边形确认失败 · rejected=0 · elapsed_ms=1.5
[INFO] [1786545482.784936]: 开始进行多边形确认 · detections=1
[INFO] [1786545482.928089]: 开始进行多边形确认 · detections=1
[INFO] [1786545483.035926]: 开始进行多边形确认 · detections=1
[INFO] [1786545483.173051]: 开始进行多边形确认 · detections=1
[INFO] [1786545483.282461]: 开始进行多边形确认 · detections=1
[INFO] [1786545483.409111]: 开始进行多边形确认 · detections=1
[INFO] [1786545483.552083]: 开始进行多边形确认 · detections=1
[INFO] [1786545483.657525]: 开始进行多边形确认 · detections=1
[INFO] [1786545483.782219]: 开始进行多边形确认 · detections=1
[INFO] [1786545483.918370]: 开始进行多边形确认 · detections=1
[INFO] [1786545484.042905]: 开始进行多边形确认 · detections=1
[INFO] [1786545484.151885]: 开始进行多边形确认 · detections=1
[INFO] [1786545484.294646]: 开始进行多边形确认 · detections=1
[INFO] [1786545484.402788]: 开始进行多边形确认 · detections=1
[INFO] [1786545484.539143]: 开始进行多边形确认 · detections=1
[INFO] [1786545484.682099]: 开始进行多边形确认 · detections=1
[INFO] [1786545484.787596]: 开始进行多边形确认 · detections=1
[INFO] [1786545484.913948]: 开始进行多边形确认 · detections=1
[INFO] [1786545485.172405]: 开始进行多边形确认 · detections=1
[INFO] [1786545485.292480]: 开始进行多边形确认 · detections=1
[INFO] [1786545485.422011]: 开始进行多边形确认 · detections=1
[INFO] [1786545485.675030]: 开始进行多边形确认 · detections=1
[INFO] [1786545485.677390]: RGB-D vision status: model_ready:onnxruntime targets:0 centers:0 tf:0 rejected:0 merged:0 semantic_masks:1
[INFO] [1786545485.926863]: 开始进行多边形确认 · detections=1
[INFO] [1786545486.079870]: 开始进行多边形确认 · detections=1
[INFO] [1786545486.181476]: 开始进行多边形确认 · detections=1
[INFO] [1786545486.305434]: 开始进行多边形确认 · detections=1
[INFO] [1786545486.432243]: 开始进行多边形确认 · detections=1
[INFO] [1786545486.556339]: 开始进行多边形确认 · detections=1
[INFO] [1786545486.684364]: 开始进行多边形确认 · detections=1
[INFO] [1786545486.803218]: 开始进行多边形确认 · detections=1
[INFO] [1786545486.933808]: 开始进行多边形确认 · detections=1
[INFO] [1786545487.060341]: 开始进行多边形确认 · detections=1
[INFO] [1786545487.203156]: 开始进行多边形确认 · detections=1
[INFO] [1786545487.315295]: 开始进行多边形确认 · detections=1
[INFO] [1786545487.437177]: 开始进行多边形确认 · detections=1
[INFO] [1786545487.559395]: 开始进行多边形确认 · detections=1
[INFO] [1786545487.692134]: 开始进行多边形确认 · detections=1
[INFO] [1786545487.804551]: 开始进行多边形确认 · detections=1
[INFO] [1786545487.930681]: 开始进行多边形确认 · detections=1
[INFO] [1786545488.054426]: 开始进行多边形确认 · detections=1
[INFO] [1786545488.213235]: 开始进行多边形确认 · detections=1
[INFO] [1786545488.307175]: 开始进行多边形确认 · detections=1
[INFO] [1786545488.446558]: 开始进行多边形确认 · detections=1
[INFO] [1786545488.556321]: 开始进行多边形确认 · detections=1
[INFO] [1786545488.688312]: 开始进行多边形确认 · detections=1
[INFO] [1786545488.801790]: 开始进行多边形确认 · detections=1
[INFO] [1786545488.918513]: 开始进行多边形确认 · detections=1
[INFO] [1786545489.038653]: 开始进行多边形确认 · detections=1
[INFO] [1786545489.169341]: 开始进行多边形确认 · detections=1
[INFO] [1786545489.307641]: 开始进行多边形确认 · detections=1
[INFO] [1786545489.418872]: 开始进行多边形确认 · detections=1
[INFO] [1786545489.540010]: 开始进行多边形确认 · detections=1
[INFO] [1786545489.667253]: 开始进行多边形确认 · detections=1
[INFO] [1786545489.793600]: 开始进行多边形确认 · detections=1
[INFO] [1786545489.918563]: 开始进行多边形确认 · detections=1
[INFO] [1786545490.043052]: 开始进行多边形确认 · detections=1
[INFO] [1786545490.172849]: 开始进行多边形确认 · detections=1
[INFO] [1786545490.312693]: 开始进行多边形确认 · detections=1
[INFO] [1786545490.421045]: 开始进行多边形确认 · detections=1
[INFO] [1786545490.547467]: 开始进行多边形确认 · detections=1
[INFO] [1786545490.674921]: 开始进行多边形确认 · detections=1
[INFO] [1786545490.804292]: 开始进行多边形确认 · detections=1
[INFO] [1786545490.930560]: 开始进行多边形确认 · detections=1
[INFO] [1786545491.053544]: 开始进行多边形确认 · detections=1
[INFO] [1786545491.181895]: 开始进行多边形确认 · detections=1
[INFO] [1786545491.300497]: 开始进行多边形确认 · detections=1
[INFO] [1786545491.442398]: 开始进行多边形确认 · detections=1
[INFO] [1786545491.555143]: 开始进行多边形确认 · detections=1
[INFO] [1786545491.681134]: 开始进行多边形确认 · detections=1
[INFO] [1786545491.807970]: 开始进行多边形确认 · detections=1
[INFO] [1786545491.948400]: 开始进行多边形确认 · detections=1
[INFO] [1786545492.063821]: 开始进行多边形确认 · detections=1
[INFO] [1786545492.189306]: 开始进行多边形确认 · detections=1
[INFO] [1786545492.307974]: RGB-D vision status: model_ready:onnxruntime targets:0 centers:0 tf:0 rejected:0 merged:0 semantic_masks:0
[INFO] [1786545492.457870]: 开始进行多边形确认 · detections=1
[INFO] [1786545492.702527]: 开始进行多边形确认 · detections=1
[INFO] [1786545492.825644]: 开始进行多边形确认 · detections=1
[INFO] [1786545492.959136]: 开始进行多边形确认 · detections=1
[INFO] [1786545493.083863]: 开始进行多边形确认 · detections=1
[INFO] [1786545493.204458]: 开始进行多边形确认 · detections=1
[INFO] [1786545493.326746]: 开始进行多边形确认 · detections=1
[INFO] [1786545493.461795]: 开始进行多边形确认 · detections=1
[INFO] [1786545493.592256]: 开始进行多边形确认 · detections=1
[INFO] [1786545493.708848]: 开始进行多边形确认 · detections=1
[INFO] [1786545493.830353]: 开始进行多边形确认 · detections=1
[INFO] [1786545493.960217]: 开始进行多边形确认 · detections=1
[INFO] [1786545494.066669]: 开始进行多边形确认 · detections=1
[INFO] [1786545494.319117]: 开始进行多边形确认 · detections=1
[INFO] [1786545494.451027]: 开始进行多边形确认 · detections=1
[INFO] [1786545494.622684]: 开始进行多边形确认 · detections=1
[INFO] [1786545494.706392]: 开始进行多边形确认 · detections=1
[INFO] [1786545494.813880]: 开始进行多边形确认 · detections=1
[INFO] [1786545494.957294]: 开始进行多边形确认 · detections=1
[INFO] [1786545495.094190]: 开始进行多边形确认 · detections=1
[INFO] [1786545495.216462]: 开始进行多边形确认 · detections=1
[INFO] [1786545495.343116]: 开始进行多边形确认 · detections=1
[INFO] [1786545495.477463]: 开始进行多边形确认 · detections=1
[INFO] [1786545495.595672]: 开始进行多边形确认 · detections=1
[INFO] [1786545495.735083]: 开始进行多边形确认 · detections=1
[INFO] [1786545495.837187]: 开始进行多边形确认 · detections=1
[INFO] [1786545495.963192]: 开始进行多边形确认 · detections=1
[INFO] [1786545496.089196]: 开始进行多边形确认 · detections=1
[INFO] [1786545496.216078]: 开始进行多边形确认 · detections=1
[INFO] [1786545496.334959]: 开始进行多边形确认 · detections=1
[INFO] [1786545496.595371]: 开始进行多边形确认 · detections=1
[INFO] [1786545496.788112]: 开始进行多边形确认 · detections=1
[INFO] [1786545496.873522]: 开始进行多边形确认 · detections=1
[INFO] [1786545496.976242]: 开始进行多边形确认 · detections=1
[INFO] [1786545497.098983]: 开始进行多边形确认 · detections=1
[INFO] [1786545497.228344]: 开始进行多边形确认 · detections=1
[INFO] [1786545497.351240]: 开始进行多边形确认 · detections=1
[WARN] [1786545491.182961]: 开始进行多边形确认 · 多边形确认失败 · rejected=0 · elapsed_ms=1.1
[WARN] [1786545491.302142]: 开始进行多边形确认 · 多边形确认失败 · rejected=0 · elapsed_ms=1.7
[WARN] [1786545491.443577]: 开始进行多边形确认 · 多边形确认失败 · rejected=0 · elapsed_ms=1.2
[WARN] [1786545491.556505]: 开始进行多边形确认 · 多边形确认失败 · rejected=0 · elapsed_ms=1.4
[WARN] [1786545491.682422]: 开始进行多边形确认 · 多边形确认失败 · rejected=0 · elapsed_ms=1.3
[WARN] [1786545491.809184]: 开始进行多边形确认 · 多边形确认失败 · rejected=0 · elapsed_ms=1.3
[WARN] [1786545491.949757]: 开始进行多边形确认 · 多边形确认失败 · rejected=0 · elapsed_ms=1.4
[WARN] [1786545492.065137]: 开始进行多边形确认 · 多边形确认失败 · rejected=0 · elapsed_ms=1.4
[WARN] [1786545492.190339]: 开始进行多边形确认 · 多边形确认失败 · rejected=0 · elapsed_ms=1.1
[WARN] [1786545492.459783]: 开始进行多边形确认 · 多边形确认失败 · rejected=0 · elapsed_ms=2.0
[WARN] [1786545492.704087]: 开始进行多边形确认 · 多边形确认失败 · rejected=0 · elapsed_ms=1.6
[WARN] [1786545492.827166]: 开始进行多边形确认 · 多边形确认失败 · rejected=0 · elapsed_ms=1.6
[WARN] [1786545492.960891]: 开始进行多边形确认 · 多边形确认失败 · rejected=0 · elapsed_ms=1.8
[WARN] [1786545493.085524]: 开始进行多边形确认 · 多边形确认失败 · rejected=0 · elapsed_ms=1.7
[WARN] [1786545493.205823]: 开始进行多边形确认 · 多边形确认失败 · rejected=0 · elapsed_ms=1.4
[WARN] [1786545493.328102]: 开始进行多边形确认 · 多边形确认失败 · rejected=0 · elapsed_ms=1.4
[WARN] [1786545493.463021]: 开始进行多边形确认 · 多边形确认失败 · rejected=0 · elapsed_ms=1.3
[WARN] [1786545493.593660]: 开始进行多边形确认 · 多边形确认失败 · rejected=0 · elapsed_ms=1.4
[WARN] [1786545493.710144]: 开始进行多边形确认 · 多边形确认失败 · rejected=0 · elapsed_ms=1.4
[WARN] [1786545493.831670]: 开始进行多边形确认 · 多边形确认失败 · rejected=0 · elapsed_ms=1.4
[WARN] [1786545493.961608]: 开始进行多边形确认 · 多边形确认失败 · rejected=0 · elapsed_ms=1.5
[WARN] [1786545494.068136]: 开始进行多边形确认 · 多边形确认失败 · rejected=0 · elapsed_ms=1.5
[WARN] [1786545494.320628]: 开始进行多边形确认 · 多边形确认失败 · rejected=0 · elapsed_ms=1.6
[WARN] [1786545494.452495]: 开始进行多边形确认 · 多边形确认失败 · rejected=0 · elapsed_ms=1.5
[WARN] [1786545494.623959]: 开始进行多边形确认 · 多边形确认失败 · rejected=0 · elapsed_ms=1.4
[WARN] [1786545494.707454]: 开始进行多边形确认 · 多边形确认失败 · rejected=0 · elapsed_ms=1.1
[WARN] [1786545494.814756]: 开始进行多边形确认 · 多边形确认失败 · rejected=0 · elapsed_ms=0.9
[WARN] [1786545494.958218]: 开始进行多边形确认 · 多边形确认失败 · rejected=0 · elapsed_ms=1.0
[WARN] [1786545495.095521]: 开始进行多边形确认 · 多边形确认失败 · rejected=0 · elapsed_ms=1.4
[WARN] [1786545495.217904]: 开始进行多边形确认 · 多边形确认失败 · rejected=0 · elapsed_ms=1.5
[WARN] [1786545495.344290]: 开始进行多边形确认 · 多边形确认失败 · rejected=0 · elapsed_ms=1.3
[WARN] [1786545495.478708]: 开始进行多边形确认 · 多边形确认失败 · rejected=0 · elapsed_ms=1.3
[WARN] [1786545495.597103]: 开始进行多边形确认 · 多边形确认失败 · rejected=0 · elapsed_ms=1.5
[WARN] [1786545495.736323]: 开始进行多边形确认 · 多边形确认失败 · rejected=0 · elapsed_ms=1.4
[WARN] [1786545495.838436]: 开始进行多边形确认 · 多边形确认失败 · rejected=0 · elapsed_ms=1.4
[WARN] [1786545495.964612]: 开始进行多边形确认 · 多边形确认失败 · rejected=0 · elapsed_ms=1.5
[WARN] [1786545496.090325]: 开始进行多边形确认 · 多边形确认失败 · rejected=0 · elapsed_ms=1.2
[WARN] [1786545496.217328]: 开始进行多边形确认 · 多边形确认失败 · rejected=0 · elapsed_ms=1.3
[WARN] [1786545496.336152]: 开始进行多边形确认 · 多边形确认失败 · rejected=0 · elapsed_ms=1.3
[WARN] [1786545496.596557]: 开始进行多边形确认 · 多边形确认失败 · rejected=0 · elapsed_ms=1.3
[WARN] [1786545496.789228]: 开始进行多边形确认 · 多边形确认失败 · rejected=0 · elapsed_ms=1.2
[WARN] [1786545496.875851]: 开始进行多边形确认 · 多边形确认失败 · rejected=0 · elapsed_ms=2.4
[WARN] [1786545496.977401]: 开始进行多边形确认 · 多边形确认失败 · rejected=0 · elapsed_ms=1.2
[WARN] [1786545497.100133]: 开始进行多边形确认 · 多边形确认失败 · rejected=0 · elapsed_ms=1.2
[WARN] [1786545497.230750]: 开始进行多边形确认 · 多边形确认失败 · rejected=0 · elapsed_ms=2.4
[WARN] [1786545497.352430]: 开始进行多边形确认 · 多边形确认失败 · rejected=0 · elapsed_ms=1.3
[WARN] [1786545497.483042]: 开始进行多边形确认 · 多边形确认失败 · rejected=0 · elapsed_ms=1.0
[WARN] [1786545497.606117]: 开始进行多边形确认 · 多边形确认失败 · rejected=0 · elapsed_ms=1.3
[WARN] [1786545497.752227]: 开始进行多边形确认 · 多边形确认失败 · rejected=0 · elapsed_ms=1.3
[WARN] [1786545497.871362]: 开始进行多边形确认 · 多边形确认失败 · rejected=0 · elapsed_ms=1.5
[WARN] [1786545497.991253]: 开始进行多边形确认 · 多边形确认失败 · rejected=0 · elapsed_ms=1.0
[WARN] [1786545498.110323]: 开始进行多边形确认 · 多边形确认失败 · rejected=0 · elapsed_ms=1.3
[WARN] [1786545498.240508]: 开始进行多边形确认 · 多边形确认失败 · rejected=0 · elapsed_ms=1.5
[WARN] [1786545498.366715]: 开始进行多边形确认 · 多边形确认失败 · rejected=0 · elapsed_ms=1.2
[WARN] [1786545498.493745]: 开始进行多边形确认 · 多边形确认失败 · rejected=0 · elapsed_ms=1.7
[WARN] [1786545498.600835]: 开始进行多边形确认 · 多边形确认失败 · rejected=0 · elapsed_ms=1.2
[WARN] [1786545498.724778]: 开始进行多边形确认 · 多边形确认失败 · rejected=0 · elapsed_ms=1.0
[WARN] [1786545498.922955]: 开始进行多边形确认 · 多边形确认失败 · rejected=0 · elapsed_ms=1.2
[WARN] [1786545498.989156]: 开始进行多边形确认 · 多边形确认失败 · rejected=0 · elapsed_ms=1.1
[WARN] [1786545499.110003]: 开始进行多边形确认 · 多边形确认失败 · rejected=0 · elapsed_ms=1.5
[WARN] [1786545499.237529]: 开始进行多边形确认 · 多边形确认失败 · rejected=0 · elapsed_ms=1.6
[WARN] [1786545499.372788]: 开始进行多边形确认 · 多边形确认失败 · rejected=0 · elapsed_ms=1.4
[WARN] [1786545499.499057]: 开始进行多边形确认 · 多边形确认失败 · rejected=0 · elapsed_ms=1.6
[WARN] [1786545499.622423]: 开始进行多边形确认 · 多边形确认失败 · rejected=0 · elapsed_ms=1.3
[WARN] [1786545499.748573]: 开始进行多边形确认 · 多边形确认失败 · rejected=0 · elapsed_ms=1.6
[WARN] [1786545499.998698]: 开始进行多边形确认 · 多边形确认失败 · rejected=0 · elapsed_ms=1.5
[WARN] [1786545500.124892]: 开始进行多边形确认 · 多边形确认失败 · rejected=0 · elapsed_ms=1.3
[WARN] [1786545500.245419]: 开始进行多边形确认 · 多边形确认失败 · rejected=0 · elapsed_ms=1.3
[WARN] [1786545500.370747]: 开始进行多边形确认 · 多边形确认失败 · rejected=0 · elapsed_ms=1.3
[WARN] [1786545500.493567]: 开始进行多边形确认 · 多边形确认失败 · rejected=0 · elapsed_ms=1.5
[WARN] [1786545500.735737]: 开始进行多边形确认 · 多边形确认失败 · rejected=0 · elapsed_ms=1.3
[WARN] [1786545500.874779]: 开始进行多边形确认 · 多边形确认失败 · rejected=0 · elapsed_ms=1.4
[WARN] [1786545501.041067]: 开始进行多边形确认 · 多边形确认失败 · rejected=0 · elapsed_ms=1.6
[WARN] [1786545501.128511]: 开始进行多边形确认 · 多边形确认失败 · rejected=0 · elapsed_ms=1.3
[WARN] [1786545501.246922]: 开始进行多边形确认 · 多边形确认失败 · rejected=0 · elapsed_ms=1.5
[WARN] [1786545501.375363]: 开始进行多边形确认 · 多边形确认失败 · rejected=0 · elapsed_ms=1.5
[WARN] [1786545501.502691]: 开始进行多边形确认 · 多边形确认失败 · rejected=0 · elapsed_ms=1.1
[WARN] [1786545501.620582]: 开始进行多边形确认 · 多边形确认失败 · rejected=0 · elapsed_ms=1.3
[WARN] [1786545501.749228]: 开始进行多边形确认 · 多边形确认失败 · rejected=0 · elapsed_ms=1.4
[WARN] [1786545501.858148]: 开始进行多边形确认 · 多边形确认失败 · rejected=0 · elapsed_ms=1.3
[WARN] [1786545502.009453]: 开始进行多边形确认 · 多边形确认失败 · rejected=0 · elapsed_ms=2.2
[WARN] [1786545502.104934]: 开始进行多边形确认 · 多边形确认失败 · rejected=0 · elapsed_ms=1.3
[WARN] [1786545502.237644]: 开始进行多边形确认 · 多边形确认失败 · rejected=0 · elapsed_ms=1.3
[WARN] [1786545502.352218]: 开始进行多边形确认 · 多边形确认失败 · rejected=0 · elapsed_ms=1.2
[WARN] [1786545502.477109]: 开始进行多边形确认 · 多边形确认失败 · rejected=0 · elapsed_ms=1.4
[WARN] [1786545502.605759]: 开始进行多边形确认 · 多边形确认失败 · rejected=0 · elapsed_ms=1.2
[WARN] [1786545502.728785]: 开始进行多边形确认 · 多边形确认失败 · rejected=0 · elapsed_ms=1.1
[WARN] [1786545502.857245]: 开始进行多边形确认 · 多边形确认失败 · rejected=0 · elapsed_ms=1.3
[WARN] [1786545502.988281]: 开始进行多边形确认 · 多边形确认失败 · rejected=0 · elapsed_ms=3.1
[WARN] [1786545503.139033]: 开始进行多边形确认 · 多边形确认失败 · rejected=0 · elapsed_ms=1.4
[WARN] [1786545503.374403]: 开始进行多边形确认 · 多边形确认失败 · rejected=0 · elapsed_ms=1.2
[WARN] [1786545503.496612]: 开始进行多边形确认 · 多边形确认失败 · rejected=0 · elapsed_ms=1.0
[WARN] [1786545503.609499]: 开始进行多边形确认 · 多边形确认失败 · rejected=0 · elapsed_ms=1.2
[WARN] [1786545503.761991]: 开始进行多边形确认 · 多边形确认失败 · rejected=0 · elapsed_ms=2.2
[WARN] [1786545503.857377]: 开始进行多边形确认 · 多边形确认失败 · rejected=0 · elapsed_ms=1.4
[WARN] [1786545503.989759]: 开始进行多边形确认 · 多边形确认失败 · rejected=0 · elapsed_ms=1.2
[WARN] [1786545504.114534]: 开始进行多边形确认 · 多边形确认失败 · rejected=0 · elapsed_ms=1.3
[WARN] [1786545504.248472]: 开始进行多边形确认 · 多边形确认失败 · rejected=0 · elapsed_ms=1.2
[WARN] [1786545504.359821]: 开始进行多边形确认 · 多边形确认失败 · rejected=0 · elapsed_ms=1.2
[WARN] [1786545504.499643]: 开始进行多边形确认 · 多边形确认失败 · rejected=0 · elapsed_ms=1.2
[WARN] [1786545504.619713]: 开始进行多边形确认 · 多边形确认失败 · rejected=0 · elapsed_ms=1.1
[WARN] [1786545504.738189]: 开始进行多边形确认 · 多边形确认失败 · rejected=0 · elapsed_ms=1.3
[WARN] [1786545504.863709]: 开始进行多边形确认 · 多边形确认失败 · rejected=0 · elapsed_ms=1.1
[WARN] [1786545504.991970]: 开始进行多边形确认 · 多边形确认失败 · rejected=0 · elapsed_ms=1.2
[WARN] [1786545505.116314]: 开始进行多边形确认 · 多边形确认失败 · rejected=0 · elapsed_ms=1.3
[WARN] [1786545505.278919]: 开始进行多边形确认 · 多边形确认失败 · rejected=0 · elapsed_ms=5.3
[WARN] [1786545505.357063]: 开始进行多边形确认 · 多边形确认失败 · rejected=0 · elapsed_ms=1.2
[WARN] [1786545505.493917]: 开始进行多边形确认 · 多边形确认失败 · rejected=0 · elapsed_ms=1.1
[WARN] [1786545505.760289]: 开始进行多边形确认 · 多边形确认失败 · rejected=0 · elapsed_ms=1.8
[WARN] [1786545505.890632]: 开始进行多边形确认 · 多边形确认失败 · rejected=0 · elapsed_ms=1.4
[WARN] [1786545506.012320]: 开始进行多边形确认 · 多边形确认失败 · rejected=0 · elapsed_ms=1.3
[WARN] [1786545506.135288]: 开始进行多边形确认 · 多边形确认失败 · rejected=0 · elapsed_ms=1.4
[WARN] [1786545506.282645]: 开始进行多边形确认 · 多边形确认失败 · rejected=0 · elapsed_ms=1.2
[WARN] [1786545506.371356]: 开始进行多边形确认 · 多边形确认失败 · rejected=0 · elapsed_ms=1.5
[WARN] [1786545506.519415]: 开始进行多边形确认 · 多边形确认失败 · rejected=0 · elapsed_ms=1.5
[WARN] [1786545506.765270]: 开始进行多边形确认 · 多边形确认失败 · rejected=0 · elapsed_ms=1.5
[WARN] [1786545506.878948]: 开始进行多边形确认 · 多边形确认失败 · rejected=0 · elapsed_ms=1.5
[WARN] [1786545506.992235]: 开始进行多边形确认 · 多边形确认失败 · rejected=0 · elapsed_ms=1.3
[WARN] [1786545507.134633]: 开始进行多边形确认 · 多边形确认失败 · rejected=0 · elapsed_ms=19.9
[WARN] [1786545507.244772]: 开始进行多边形确认 · 多边形确认失败 · rejected=0 · elapsed_ms=1.5
[WARN] [1786545507.413360]: 开始进行多边形确认 · 多边形确认失败 · rejected=0 · elapsed_ms=1.6
[WARN] [1786545507.512484]: 开始进行多边形确认 · 多边形确认失败 · rejected=0 · elapsed_ms=1.5
[WARN] [1786545507.632606]: 开始进行多边形确认 · 多边形确认失败 · rejected=0 · elapsed_ms=1.5
[WARN] [1786545507.740107]: 开始进行多边形确认 · 多边形确认失败 · rejected=0 · elapsed_ms=1.3
[WARN] [1786545507.868418]: 开始进行多边形确认 · 多边形确认失败 · rejected=0 · elapsed_ms=1.4
[WARN] [1786545508.008654]: 开始进行多边形确认 · 多边形确认失败 · rejected=0 · elapsed_ms=1.2
[WARN] [1786545508.118219]: 开始进行多边形确认 · 多边形确认失败 · rejected=0 · elapsed_ms=1.3
[WARN] [1786545508.264535]: 开始进行多边形确认 · 多边形确认失败 · rejected=0 · elapsed_ms=2.1
[WARN] [1786545508.397165]: 开始进行多边形确认 · 多边形确认失败 · rejected=0 · elapsed_ms=1.3
[WARN] [1786545508.516022]: 开始进行多边形确认 · 多边形确认失败 · rejected=0 · elapsed_ms=1.6
[WARN] [1786545508.634174]: 开始进行多边形确认 · 多边形确认失败 · rejected=0 · elapsed_ms=1.5
[WARN] [1786545508.767439]: 开始进行多边形确认 · 多边形确认失败 · rejected=0 · elapsed_ms=1.5
[WARN] [1786545508.890226]: 开始进行多边形确认 · 多边形确认失败 · rejected=0 · elapsed_ms=1.3
[WARN] [1786545509.015329]: 开始进行多边形确认 · 多边形确认失败 · rejected=0 · elapsed_ms=1.5
[WARN] [1786545509.135644]: 开始进行多边形确认 · 多边形确认失败 · rejected=0 · elapsed_ms=1.7
[WARN] [1786545509.267752]: 开始进行多边形确认 · 多边形确认失败 · rejected=0 · elapsed_ms=1.7
[WARN] [1786545509.397133]: 开始进行多边形确认 · 多边形确认失败 · rejected=0 · elapsed_ms=1.2
[WARN] [1786545509.517063]: 开始进行多边形确认 · 多边形确认失败 · rejected=0 · elapsed_ms=1.4
[WARN] [1786545509.627910]: 开始进行多边形确认 · 多边形确认失败 · rejected=0 · elapsed_ms=1.4
[WARN] [1786545509.751825]: 开始进行多边形确认 · 多边形确认失败 · rejected=0 · elapsed_ms=1.5
[WARN] [1786545509.874213]: 开始进行多边形确认 · 多边形确认失败 · rejected=0 · elapsed_ms=1.4
[WARN] [1786545510.000312]: 开始进行多边形确认 · 多边形确认失败 · rejected=0 · elapsed_ms=1.4
[WARN] [1786545510.132978]: 开始进行多边形确认 · 多边形确认失败 · rejected=0 · elapsed_ms=1.2
[WARN] [1786545510.253758]: 开始进行多边形确认 · 多边形确认失败 · rejected=0 · elapsed_ms=1.4
[INFO] [1786545497.482058]: 开始进行多边形确认 · detections=1
[INFO] [1786545497.604871]: 开始进行多边形确认 · detections=1
[INFO] [1786545497.751022]: 开始进行多边形确认 · detections=1
[INFO] [1786545497.869954]: 开始进行多边形确认 · detections=1
[INFO] [1786545497.990299]: 开始进行多边形确认 · detections=1
[INFO] [1786545498.109113]: 开始进行多边形确认 · detections=1
[INFO] [1786545498.239094]: 开始进行多边形确认 · detections=1
[INFO] [1786545498.365573]: 开始进行多边形确认 · detections=1
[INFO] [1786545498.492133]: 开始进行多边形确认 · detections=1
[INFO] [1786545498.599729]: 开始进行多边形确认 · detections=1
[INFO] [1786545498.723808]: 开始进行多边形确认 · detections=1
[INFO] [1786545498.921788]: 开始进行多边形确认 · detections=1
[INFO] [1786545498.988069]: 开始进行多边形确认 · detections=1
[INFO] [1786545499.108543]: 开始进行多边形确认 · detections=1
[INFO] [1786545499.236016]: 开始进行多边形确认 · detections=1
[INFO] [1786545499.371499]: 开始进行多边形确认 · detections=1
[INFO] [1786545499.497584]: 开始进行多边形确认 · detections=1
[INFO] [1786545499.621178]: 开始进行多边形确认 · detections=1
[INFO] [1786545499.747050]: 开始进行多边形确认 · detections=1
[INFO] [1786545499.907833]: RGB-D vision status: model_ready:onnxruntime targets:0 centers:0 tf:0 rejected:0 merged:0 semantic_masks:0
[INFO] [1786545499.997308]: 开始进行多边形确认 · detections=1
[INFO] [1786545500.123627]: 开始进行多边形确认 · detections=1
[INFO] [1786545500.244205]: 开始进行多边形确认 · detections=1
[INFO] [1786545500.369549]: 开始进行多边形确认 · detections=1
[INFO] [1786545500.492130]: 开始进行多边形确认 · detections=1
[INFO] [1786545500.734541]: 开始进行多边形确认 · detections=1
[INFO] [1786545500.873497]: 开始进行多边形确认 · detections=1
[INFO] [1786545501.039504]: 开始进行多边形确认 · detections=1
[INFO] [1786545501.127314]: 开始进行多边形确认 · detections=1
[INFO] [1786545501.245517]: 开始进行多边形确认 · detections=1
[INFO] [1786545501.373982]: 开始进行多边形确认 · detections=1
[INFO] [1786545501.501625]: 开始进行多边形确认 · detections=1
[INFO] [1786545501.619319]: 开始进行多边形确认 · detections=1
[INFO] [1786545501.747935]: 开始进行多边形确认 · detections=1
[INFO] [1786545501.856886]: 开始进行多边形确认 · detections=1
[INFO] [1786545502.007278]: 开始进行多边形确认 · detections=1
[INFO] [1786545502.103723]: 开始进行多边形确认 · detections=1
[INFO] [1786545502.236420]: 开始进行多边形确认 · detections=1
[INFO] [1786545502.351073]: 开始进行多边形确认 · detections=1
[INFO] [1786545502.475749]: 开始进行多边形确认 · detections=1
[INFO] [1786545502.604655]: 开始进行多边形确认 · detections=1
[INFO] [1786545502.727718]: 开始进行多边形确认 · detections=1
[INFO] [1786545502.856056]: 开始进行多边形确认 · detections=1
[INFO] [1786545502.985229]: 开始进行多边形确认 · detections=1
[INFO] [1786545503.137731]: 开始进行多边形确认 · detections=1
[INFO] [1786545503.373239]: 开始进行多边形确认 · detections=1
[INFO] [1786545503.495651]: 开始进行多边形确认 · detections=1
[INFO] [1786545503.608407]: 开始进行多边形确认 · detections=1
[INFO] [1786545503.759912]: 开始进行多边形确认 · detections=1
[INFO] [1786545503.856045]: 开始进行多边形确认 · detections=1
[INFO] [1786545503.988572]: 开始进行多边形确认 · detections=1
[INFO] [1786545504.113306]: 开始进行多边形确认 · detections=1
[INFO] [1786545504.247311]: 开始进行多边形确认 · detections=1
[INFO] [1786545504.358659]: 开始进行多边形确认 · detections=1
[INFO] [1786545504.498503]: 开始进行多边形确认 · detections=1
[INFO] [1786545504.618620]: 开始进行多边形确认 · detections=1
[INFO] [1786545504.737005]: 开始进行多边形确认 · detections=1
[INFO] [1786545504.862717]: 开始进行多边形确认 · detections=1
[INFO] [1786545504.990814]: 开始进行多边形确认 · detections=1
[INFO] [1786545505.115099]: 开始进行多边形确认 · detections=1
[INFO] [1786545505.273676]: 开始进行多边形确认 · detections=1
[INFO] [1786545505.355900]: 开始进行多边形确认 · detections=1
[INFO] [1786545505.492879]: 开始进行多边形确认 · detections=1
[INFO] [1786545505.626144]: RGB-D vision status: model_ready:onnxruntime targets:0 centers:0 tf:0 rejected:0 merged:0 semantic_masks:0
[INFO] [1786545505.758570]: 开始进行多边形确认 · detections=1
[INFO] [1786545505.889344]: 开始进行多边形确认 · detections=1
[INFO] [1786545506.011068]: 开始进行多边形确认 · detections=1
[INFO] [1786545506.134019]: 开始进行多边形确认 · detections=1
[INFO] [1786545506.281518]: 开始进行多边形确认 · detections=1
[INFO] [1786545506.369895]: 开始进行多边形确认 · detections=1
[INFO] [1786545506.518006]: 开始进行多边形确认 · detections=1
[INFO] [1786545506.763865]: 开始进行多边形确认 · detections=1
[INFO] [1786545506.877539]: 开始进行多边形确认 · detections=1
[INFO] [1786545506.991001]: 开始进行多边形确认 · detections=1
[INFO] [1786545507.114737]: 开始进行多边形确认 · detections=1
[INFO] [1786545507.243341]: 开始进行多边形确认 · detections=1
[INFO] [1786545507.411773]: 开始进行多边形确认 · detections=1
[INFO] [1786545507.511035]: 开始进行多边形确认 · detections=1
[INFO] [1786545507.631137]: 开始进行多边形确认 · detections=1
[INFO] [1786545507.738825]: 开始进行多边形确认 · detections=1
[INFO] [1786545507.867123]: 开始进行多边形确认 · detections=1
[INFO] [1786545508.007473]: 开始进行多边形确认 · detections=1
[INFO] [1786545508.116978]: 开始进行多边形确认 · detections=1
[INFO] [1786545508.262458]: 开始进行多边形确认 · detections=1
[INFO] [1786545508.395943]: 开始进行多边形确认 · detections=1
[INFO] [1786545508.514517]: 开始进行多边形确认 · detections=1
[INFO] [1786545508.632725]: 开始进行多边形确认 · detections=1
[INFO] [1786545508.766027]: 开始进行多边形确认 · detections=1
[INFO] [1786545508.889026]: 开始进行多边形确认 · detections=1
[INFO] [1786545509.013887]: 开始进行多边形确认 · detections=1
[INFO] [1786545509.134045]: 开始进行多边形确认 · detections=1
[INFO] [1786545509.266116]: 开始进行多边形确认 · detections=1
[INFO] [1786545509.396006]: 开始进行多边形确认 · detections=1
[INFO] [1786545509.515730]: 开始进行多边形确认 · detections=1
[INFO] [1786545509.626614]: 开始进行多边形确认 · detections=1
[INFO] [1786545509.750365]: 开始进行多边形确认 · detections=1
[INFO] [1786545509.872860]: 开始进行多边形确认 · detections=1
[INFO] [1786545509.999017]: 开始进行多边形确认 · detections=1
[INFO] [1786545510.131817]: 开始进行多边形确认 · detections=1
[INFO] [1786545510.252428]: 开始进行多边形确认 · detections=1
[INFO] [1786545510.377134]: 开始进行多边形确认 · detections=1
[INFO] [1786545510.510756]: 开始进行多边形确认 · detections=1
[INFO] [1786545510.644913]: 开始进行多边形确认 · detections=1
[INFO] [1786545510.759611]: 开始进行多边形确认 · detections=1
[INFO] [1786545510.890368]: 开始进行多边形确认 · detections=1
[INFO] [1786545511.013250]: 开始进行多边形确认 · detections=1
[INFO] [1786545511.135479]: 开始进行多边形确认 · detections=1
[INFO] [1786545511.277468]: 开始进行多边形确认 · detections=1
[INFO] [1786545511.391099]: 开始进行多边形确认 · detections=1
[INFO] [1786545511.522895]: 开始进行多边形确认 · detections=1
[INFO] [1786545511.643857]: 开始进行多边形确认 · detections=1
[INFO] [1786545511.802425]: 开始进行多边形确认 · detections=1
[WARN] [1786545510.378420]: 开始进行多边形确认 · 多边形确认失败 · rejected=0 · elapsed_ms=1.3
[WARN] [1786545510.511994]: 开始进行多边形确认 · 多边形确认失败 · rejected=0 · elapsed_ms=1.3
[WARN] [1786545510.646274]: 开始进行多边形确认 · 多边形确认失败 · rejected=0 · elapsed_ms=1.4
[WARN] [1786545510.760805]: 开始进行多边形确认 · 多边形确认失败 · rejected=0 · elapsed_ms=1.2
[WARN] [1786545510.891403]: 开始进行多边形确认 · 多边形确认失败 · rejected=0 · elapsed_ms=1.1
[WARN] [1786545511.014407]: 开始进行多边形确认 · 多边形确认失败 · rejected=0 · elapsed_ms=1.2
[WARN] [1786545511.136911]: 开始进行多边形确认 · 多边形确认失败 · rejected=0 · elapsed_ms=1.5
[WARN] [1786545511.278758]: 开始进行多边形确认 · 多边形确认失败 · rejected=0 · elapsed_ms=1.4
[WARN] [1786545511.392233]: 开始进行多边形确认 · 多边形确认失败 · rejected=0 · elapsed_ms=1.2
[WARN] [1786545511.523999]: 开始进行多边形确认 · 多边形确认失败 · rejected=0 · elapsed_ms=1.2
[WARN] [1786545511.645305]: 开始进行多边形确认 · 多边形确认失败 · rejected=0 · elapsed_ms=1.5
[WARN] [1786545511.803808]: 开始进行多边形确认 · 多边形确认失败 · rejected=0 · elapsed_ms=1.4
[WARN] [1786545511.909466]: 开始进行多边形确认 · 多边形确认失败 · rejected=0 · elapsed_ms=1.4
[WARN] [1786545512.024803]: 开始进行多边形确认 · 多边形确认失败 · rejected=0 · elapsed_ms=1.1
[WARN] [1786545512.147469]: 开始进行多边形确认 · 多边形确认失败 · rejected=0 · elapsed_ms=1.2
[WARN] [1786545512.272395]: 开始进行多边形确认 · 多边形确认失败 · rejected=0 · elapsed_ms=1.3
[WARN] [1786545512.395619]: 开始进行多边形确认 · 多边形确认失败 · rejected=0 · elapsed_ms=1.1
[WARN] [1786545512.523451]: 开始进行多边形确认 · 多边形确认失败 · rejected=0 · elapsed_ms=1.0
[WARN] [1786545512.659030]: 开始进行多边形确认 · 多边形确认失败 · rejected=0 · elapsed_ms=1.2
[WARN] [1786545512.774580]: 开始进行多边形确认 · 多边形确认失败 · rejected=0 · elapsed_ms=1.4
[WARN] [1786545512.929370]: 开始进行多边形确认 · 多边形确认失败 · rejected=0 · elapsed_ms=1.4
[WARN] [1786545513.046421]: 开始进行多边形确认 · 多边形确认失败 · rejected=0 · elapsed_ms=1.8
[WARN] [1786545513.172733]: 开始进行多边形确认 · 多边形确认失败 · rejected=0 · elapsed_ms=1.7
[WARN] [1786545513.287145]: 开始进行多边形确认 · 多边形确认失败 · rejected=0 · elapsed_ms=1.4
[WARN] [1786545513.407085]: 开始进行多边形确认 · 多边形确认失败 · rejected=0 · elapsed_ms=1.7
[WARN] [1786545513.532627]: 开始进行多边形确认 · 多边形确认失败 · rejected=0 · elapsed_ms=1.4
[WARN] [1786545513.656030]: 开始进行多边形确认 · 多边形确认失败 · rejected=0 · elapsed_ms=1.4
[WARN] [1786545513.783540]: 开始进行多边形确认 · 多边形确认失败 · rejected=0 · elapsed_ms=1.4
[WARN] [1786545513.934124]: 开始进行多边形确认 · 多边形确认失败 · rejected=0 · elapsed_ms=1.5
[WARN] [1786545514.041415]: 开始进行多边形确认 · 多边形确认失败 · rejected=0 · elapsed_ms=1.5
[WARN] [1786545514.166434]: 开始进行多边形确认 · 多边形确认失败 · rejected=0 · elapsed_ms=1.5
[WARN] [1786545514.306074]: 开始进行多边形确认 · 多边形确认失败 · rejected=0 · elapsed_ms=1.2
[WARN] [1786545514.427141]: 开始进行多边形确认 · 多边形确认失败 · rejected=0 · elapsed_ms=1.5
[WARN] [1786545514.544791]: 开始进行多边形确认 · 多边形确认失败 · rejected=0 · elapsed_ms=1.5
[WARN] [1786545514.672945]: 开始进行多边形确认 · 多边形确认失败 · rejected=0 · elapsed_ms=1.4
[WARN] [1786545514.804199]: 开始进行多边形确认 · 多边形确认失败 · rejected=0 · elapsed_ms=1.3
[WARN] [1786545514.924939]: 开始进行多边形确认 · 多边形确认失败 · rejected=0 · elapsed_ms=1.4
[WARN] [1786545515.034000]: 开始进行多边形确认 · 多边形确认失败 · rejected=0 · elapsed_ms=1.0
[WARN] [1786545515.158278]: 开始进行多边形确认 · 多边形确认失败 · rejected=0 · elapsed_ms=1.2
[WARN] [1786545515.298877]: 开始进行多边形确认 · 多边形确认失败 · rejected=0 · elapsed_ms=1.5
[WARN] [1786545515.404713]: 开始进行多边形确认 · 多边形确认失败 · rejected=0 · elapsed_ms=1.3
[WARN] [1786545515.530334]: 开始进行多边形确认 · 多边形确认失败 · rejected=0 · elapsed_ms=1.2
[WARN] [1786545515.656446]: 开始进行多边形确认 · 多边形确认失败 · rejected=0 · elapsed_ms=1.3
[WARN] [1786545515.998479]: 开始进行多边形确认 · 多边形确认失败 · rejected=0 · elapsed_ms=1.4
[WARN] [1786545516.083036]: 开始进行多边形确认 · 多边形确认失败 · rejected=0 · elapsed_ms=1.2
[WARN] [1786545516.328000]: 开始进行多边形确认 · 多边形确认失败 · rejected=0 · elapsed_ms=1.4
[WARN] [1786545516.460227]: 开始进行多边形确认 · 多边形确认失败 · rejected=0 · elapsed_ms=1.2
[WARN] [1786545516.581750]: 开始进行多边形确认 · 多边形确认失败 · rejected=0 · elapsed_ms=1.2
[WARN] [1786545516.709505]: 开始进行多边形确认 · 多边形确认失败 · rejected=0 · elapsed_ms=1.4
[WARN] [1786545516.834825]: 开始进行多边形确认 · 多边形确认失败 · rejected=0 · elapsed_ms=1.4
[WARN] [1786545517.191581]: 开始进行多边形确认 · 多边形确认失败 · rejected=0 · elapsed_ms=1.2
[WARN] [1786545517.324790]: 开始进行多边形确认 · 多边形确认失败 · rejected=0 · elapsed_ms=1.1
[WARN] [1786545517.434115]: 开始进行多边形确认 · 多边形确认失败 · rejected=0 · elapsed_ms=1.1
[WARN] [1786545517.565479]: 开始进行多边形确认 · 多边形确认失败 · rejected=0 · elapsed_ms=1.1
[WARN] [1786545517.691702]: 开始进行多边形确认 · 多边形确认失败 · rejected=0 · elapsed_ms=1.2
[WARN] [1786545517.816224]: 开始进行多边形确认 · 多边形确认失败 · rejected=0 · elapsed_ms=1.3
[WARN] [1786545517.939474]: 开始进行多边形确认 · 多边形确认失败 · rejected=0 · elapsed_ms=1.1
[WARN] [1786545518.197809]: 开始进行多边形确认 · 多边形确认失败 · rejected=0 · elapsed_ms=1.2
[WARN] [1786545518.325216]: 开始进行多边形确认 · 多边形确认失败 · rejected=0 · elapsed_ms=1.2
[WARN] [1786545518.445121]: 开始进行多边形确认 · 多边形确认失败 · rejected=0 · elapsed_ms=1.3
[WARN] [1786545518.571935]: 开始进行多边形确认 · 多边形确认失败 · rejected=0 · elapsed_ms=1.4
[WARN] [1786545518.696383]: 开始进行多边形确认 · 多边形确认失败 · rejected=0 · elapsed_ms=1.1
[WARN] [1786545518.811804]: 开始进行多边形确认 · 多边形确认失败 · rejected=0 · elapsed_ms=1.0
[WARN] [1786545518.946033]: 开始进行多边形确认 · 多边形确认失败 · rejected=0 · elapsed_ms=1.2
[WARN] [1786545519.071538]: 开始进行多边形确认 · 多边形确认失败 · rejected=0 · elapsed_ms=1.3
[WARN] [1786545519.206401]: 开始进行多边形确认 · 多边形确认失败 · rejected=0 · elapsed_ms=1.4
[WARN] [1786545519.317573]: 开始进行多边形确认 · 多边形确认失败 · rejected=0 · elapsed_ms=1.5
[WARN] [1786545519.441485]: 开始进行多边形确认 · 多边形确认失败 · rejected=0 · elapsed_ms=1.3
[WARN] [1786545519.567461]: 开始进行多边形确认 · 多边形确认失败 · rejected=0 · elapsed_ms=1.3
[WARN] [1786545519.707099]: 开始进行多边形确认 · 多边形确认失败 · rejected=0 · elapsed_ms=1.4
[WARN] [1786545519.830175]: 开始进行多边形确认 · 多边形确认失败 · rejected=0 · elapsed_ms=1.4
[WARN] [1786545519.955390]: 开始进行多边形确认 · 多边形确认失败 · rejected=0 · elapsed_ms=1.4
[INFO] [1786545511.908112]: 开始进行多边形确认 · detections=1
[INFO] [1786545512.023765]: 开始进行多边形确认 · detections=1
[INFO] [1786545512.146371]: 开始进行多边形确认 · detections=1
[INFO] [1786545512.271148]: 开始进行多边形确认 · detections=1
[INFO] [1786545512.394627]: 开始进行多边形确认 · detections=1
[INFO] [1786545512.522520]: 开始进行多边形确认 · detections=1
[INFO] [1786545512.657855]: 开始进行多边形确认 · detections=1
[INFO] [1786545512.773271]: 开始进行多边形确认 · detections=1
[INFO] [1786545512.928102]: 开始进行多边形确认 · detections=1
[INFO] [1786545513.044770]: 开始进行多边形确认 · detections=1
[INFO] [1786545513.171177]: 开始进行多边形确认 · detections=1
[INFO] [1786545513.285782]: 开始进行多边形确认 · detections=1
[INFO] [1786545513.405464]: 开始进行多边形确认 · detections=1
[INFO] [1786545513.531268]: 开始进行多边形确认 · detections=1
[INFO] [1786545513.654677]: 开始进行多边形确认 · detections=1
[INFO] [1786545513.782222]: 开始进行多边形确认 · detections=1
[INFO] [1786545513.932684]: 开始进行多边形确认 · detections=1
[INFO] [1786545514.039976]: 开始进行多边形确认 · detections=1
[INFO] [1786545514.165066]: 开始进行多边形确认 · detections=1
[INFO] [1786545514.304964]: 开始进行多边形确认 · detections=1
[INFO] [1786545514.425706]: 开始进行多边形确认 · detections=1
[INFO] [1786545514.543335]: 开始进行多边形确认 · detections=1
[INFO] [1786545514.671601]: 开始进行多边形确认 · detections=1
[INFO] [1786545514.802915]: 开始进行多边形确认 · detections=1
[INFO] [1786545514.923622]: 开始进行多边形确认 · detections=1
[INFO] [1786545515.033023]: 开始进行多边形确认 · detections=1
[INFO] [1786545515.157105]: 开始进行多边形确认 · detections=1
[INFO] [1786545515.297429]: 开始进行多边形确认 · detections=1
[INFO] [1786545515.403502]: 开始进行多边形确认 · detections=1
[INFO] [1786545515.529145]: 开始进行多边形确认 · detections=1
[INFO] [1786545515.655181]: 开始进行多边形确认 · detections=1
[INFO] [1786545515.778172]: RGB-D vision status: model_ready:onnxruntime targets:0 centers:0 tf:0 rejected:0 merged:0 semantic_masks:0
[INFO] [1786545515.997153]: 开始进行多边形确认 · detections=1
[INFO] [1786545516.081937]: 开始进行多边形确认 · detections=1
[INFO] [1786545516.326708]: 开始进行多边形确认 · detections=1
[INFO] [1786545516.459111]: 开始进行多边形确认 · detections=1
[INFO] [1786545516.580647]: 开始进行多边形确认 · detections=1
[INFO] [1786545516.708205]: 开始进行多边形确认 · detections=1
[INFO] [1786545516.833490]: 开始进行多边形确认 · detections=1
[INFO] [1786545517.190482]: 开始进行多边形确认 · detections=1
[INFO] [1786545517.323753]: 开始进行多边形确认 · detections=1
[INFO] [1786545517.433063]: 开始进行多边形确认 · detections=1
[INFO] [1786545517.564460]: 开始进行多边形确认 · detections=1
[INFO] [1786545517.690577]: 开始进行多边形确认 · detections=1
[INFO] [1786545517.814963]: 开始进行多边形确认 · detections=1
[INFO] [1786545517.938418]: 开始进行多边形确认 · detections=1
[INFO] [1786545518.196704]: 开始进行多边形确认 · detections=1
[INFO] [1786545518.324075]: 开始进行多边形确认 · detections=1
[INFO] [1786545518.443941]: 开始进行多边形确认 · detections=1
[INFO] [1786545518.570585]: 开始进行多边形确认 · detections=1
[INFO] [1786545518.695335]: 开始进行多边形确认 · detections=1
[INFO] [1786545518.810855]: 开始进行多边形确认 · detections=1
[INFO] [1786545518.944864]: 开始进行多边形确认 · detections=1
[INFO] [1786545519.070287]: 开始进行多边形确认 · detections=1
[INFO] [1786545519.205084]: 开始进行多边形确认 · detections=1
[INFO] [1786545519.316124]: 开始进行多边形确认 · detections=1
[INFO] [1786545519.440260]: 开始进行多边形确认 · detections=1
[INFO] [1786545519.566207]: 开始进行多边形确认 · detections=1
[INFO] [1786545519.705812]: 开始进行多边形确认 · detections=1
[INFO] [1786545519.828833]: 开始进行多边形确认 · detections=1
[INFO] [1786545519.954104]: 开始进行多边形确认 · detections=1
[INFO] [1786545520.082140]: 开始进行多边形确认 · detections=1
[INFO] [1786545520.228311]: 开始进行多边形确认 · detections=1
[INFO] [1786545520.329404]: 开始进行多边形确认 · detections=1
[INFO] [1786545520.464950]: 开始进行多边形确认 · detections=1
[INFO] [1786545520.591637]: 开始进行多边形确认 · detections=1
[INFO] [1786545520.708997]: 开始进行多边形确认 · detections=1
[INFO] [1786545520.832850]: 开始进行多边形确认 · detections=1
[INFO] [1786545520.959548]: 开始进行多边形确认 · detections=1
[INFO] [1786545521.085629]: 开始进行多边形确认 · detections=1
[INFO] [1786545521.222204]: 开始进行多边形确认 · detections=1
[INFO] [1786545521.333527]: 开始进行多边形确认 · detections=1
[INFO] [1786545521.458991]: 开始进行多边形确认 · detections=1
[INFO] [1786545521.575963]: 开始进行多边形确认 · detections=1
[INFO] [1786545521.699489]: 开始进行多边形确认 · detections=1
[INFO] [1786545521.824995]: 开始进行多边形确认 · detections=1
[INFO] [1786545521.953019]: 开始进行多边形确认 · detections=1
[INFO] [1786545522.078278]: 开始进行多边形确认 · detections=1
[INFO] [1786545522.209863]: 开始进行多边形确认 · detections=1
[INFO] [1786545522.324358]: 开始进行多边形确认 · detections=1
[INFO] [1786545522.436998]: 开始进行多边形确认 · detections=1
[INFO] [1786545522.565544]: 开始进行多边形确认 · detections=1
[INFO] [1786545522.690105]: 开始进行多边形确认 · detections=1
[INFO] [1786545522.816211]: 开始进行多边形确认 · detections=1
[INFO] [1786545522.939340]: 开始进行多边形确认 · detections=1
[INFO] [1786545523.067834]: 开始进行多边形确认 · detections=1
[INFO] [1786545523.188517]: 开始进行多边形确认 · detections=1
[INFO] [1786545523.342358]: 开始进行多边形确认 · detections=1
[INFO] [1786545523.454744]: 开始进行多边形确认 · detections=1
[INFO] [1786545523.593853]: 开始进行多边形确认 · detections=1
[INFO] [1786545523.702376]: 开始进行多边形确认 · detections=1
[INFO] [1786545523.830927]: 开始进行多边形确认 · detections=1
[INFO] [1786545523.942678]: 开始进行多边形确认 · detections=1
[INFO] [1786545524.071719]: 开始进行多边形确认 · detections=1
[INFO] [1786545524.194133]: 开始进行多边形确认 · detections=1
[INFO] [1786545524.343727]: 开始进行多边形确认 · detections=1
[INFO] [1786545524.445997]: 开始进行多边形确认 · detections=1
[INFO] [1786545524.574327]: 开始进行多边形确认 · detections=1
[INFO] [1786545524.708593]: 开始进行多边形确认 · detections=1
[INFO] [1786545524.839871]: 开始进行多边形确认 · detections=1
[INFO] [1786545524.961425]: 开始进行多边形确认 · detections=1
[INFO] [1786545525.086569]: 开始进行多边形确认 · detections=1
[INFO] [1786545525.210933]: 开始进行多边形确认 · detections=1
[INFO] [1786545525.321952]: 开始进行多边形确认 · detections=1
[INFO] [1786545525.457942]: 开始进行多边形确认 · detections=1
[INFO] [1786545525.583439]: 开始进行多边形确认 · detections=1
[INFO] [1786545525.705799]: 开始进行多边形确认 · detections=1
[INFO] [1786545525.846573]: 开始进行多边形确认 · detections=1
[INFO] [1786545525.973528]: 开始进行多边形确认 · detections=1
[INFO] [1786545526.102349]: 开始进行多边形确认 · detections=1
[INFO] [1786545526.224946]: 开始进行多边形确认 · detections=1
[INFO] [1786545526.349493]: 开始进行多边形确认 · detections=1
[WARN] [1786545520.090807]: 开始进行多边形确认 · 多边形确认失败 · rejected=0 · elapsed_ms=8.7
[WARN] [1786545520.229520]: 开始进行多边形确认 · 多边形确认失败 · rejected=0 · elapsed_ms=1.3
[WARN] [1786545520.330926]: 开始进行多边形确认 · 多边形确认失败 · rejected=0 · elapsed_ms=1.6
[WARN] [1786545520.466465]: 开始进行多边形确认 · 多边形确认失败 · rejected=0 · elapsed_ms=1.6
[WARN] [1786545520.592956]: 开始进行多边形确认 · 多边形确认失败 · rejected=0 · elapsed_ms=1.4
[WARN] [1786545520.710539]: 开始进行多边形确认 · 多边形确认失败 · rejected=0 · elapsed_ms=1.6
[WARN] [1786545520.834210]: 开始进行多边形确认 · 多边形确认失败 · rejected=0 · elapsed_ms=1.5
[WARN] [1786545520.960873]: 开始进行多边形确认 · 多边形确认失败 · rejected=0 · elapsed_ms=1.4
[WARN] [1786545521.086923]: 开始进行多边形确认 · 多边形确认失败 · rejected=0 · elapsed_ms=1.4
[WARN] [1786545521.223780]: 开始进行多边形确认 · 多边形确认失败 · rejected=0 · elapsed_ms=1.7
[WARN] [1786545521.334772]: 开始进行多边形确认 · 多边形确认失败 · rejected=0 · elapsed_ms=1.3
[WARN] [1786545521.460441]: 开始进行多边形确认 · 多边形确认失败 · rejected=0 · elapsed_ms=1.6
[WARN] [1786545521.577416]: 开始进行多边形确认 · 多边形确认失败 · rejected=0 · elapsed_ms=1.5
[WARN] [1786545521.700791]: 开始进行多边形确认 · 多边形确认失败 · rejected=0 · elapsed_ms=1.4
[WARN] [1786545521.826156]: 开始进行多边形确认 · 多边形确认失败 · rejected=0 · elapsed_ms=1.2
[WARN] [1786545521.954365]: 开始进行多边形确认 · 多边形确认失败 · rejected=0 · elapsed_ms=1.4
[WARN] [1786545522.097836]: 开始进行多边形确认 · 多边形确认失败 · rejected=0 · elapsed_ms=19.6
[WARN] [1786545522.211089]: 开始进行多边形确认 · 多边形确认失败 · rejected=0 · elapsed_ms=1.3
[WARN] [1786545522.325513]: 开始进行多边形确认 · 多边形确认失败 · rejected=0 · elapsed_ms=1.2
[WARN] [1786545522.438176]: 开始进行多边形确认 · 多边形确认失败 · rejected=0 · elapsed_ms=1.2
[WARN] [1786545522.566740]: 开始进行多边形确认 · 多边形确认失败 · rejected=0 · elapsed_ms=1.2
[WARN] [1786545522.690954]: 开始进行多边形确认 · 多边形确认失败 · rejected=0 · elapsed_ms=0.9
[WARN] [1786545522.817221]: 开始进行多边形确认 · 多边形确认失败 · rejected=0 · elapsed_ms=1.1
[WARN] [1786545522.940386]: 开始进行多边形确认 · 多边形确认失败 · rejected=0 · elapsed_ms=1.1
[WARN] [1786545523.069218]: 开始进行多边形确认 · 多边形确认失败 · rejected=0 · elapsed_ms=1.5
[WARN] [1786545523.189669]: 开始进行多边形确认 · 多边形确认失败 · rejected=0 · elapsed_ms=1.2
[WARN] [1786545523.343668]: 开始进行多边形确认 · 多边形确认失败 · rejected=0 · elapsed_ms=1.4
[WARN] [1786545523.456269]: 开始进行多边形确认 · 多边形确认失败 · rejected=0 · elapsed_ms=1.6
[WARN] [1786545523.595483]: 开始进行多边形确认 · 多边形确认失败 · rejected=0 · elapsed_ms=1.7
[WARN] [1786545523.703564]: 开始进行多边形确认 · 多边形确认失败 · rejected=0 · elapsed_ms=1.3
[WARN] [1786545523.832453]: 开始进行多边形确认 · 多边形确认失败 · rejected=0 · elapsed_ms=1.6
[WARN] [1786545523.943895]: 开始进行多边形确认 · 多边形确认失败 · rejected=0 · elapsed_ms=1.3
[WARN] [1786545524.073003]: 开始进行多边形确认 · 多边形确认失败 · rejected=0 · elapsed_ms=1.3
[WARN] [1786545524.195293]: 开始进行多边形确认 · 多边形确认失败 · rejected=0 · elapsed_ms=1.2
[WARN] [1786545524.347434]: 开始进行多边形确认 · 多边形确认失败 · rejected=0 · elapsed_ms=3.8
[WARN] [1786545524.447338]: 开始进行多边形确认 · 多边形确认失败 · rejected=0 · elapsed_ms=1.4
[WARN] [1786545524.575743]: 开始进行多边形确认 · 多边形确认失败 · rejected=0 · elapsed_ms=1.5
[WARN] [1786545524.710065]: 开始进行多边形确认 · 多边形确认失败 · rejected=0 · elapsed_ms=1.5
[WARN] [1786545524.841298]: 开始进行多边形确认 · 多边形确认失败 · rejected=0 · elapsed_ms=1.5
[WARN] [1786545524.962888]: 开始进行多边形确认 · 多边形确认失败 · rejected=0 · elapsed_ms=1.6
[WARN] [1786545525.087879]: 开始进行多边形确认 · 多边形确认失败 · rejected=0 · elapsed_ms=1.4
[WARN] [1786545525.212266]: 开始进行多边形确认 · 多边形确认失败 · rejected=0 · elapsed_ms=1.4
[WARN] [1786545525.323214]: 开始进行多边形确认 · 多边形确认失败 · rejected=0 · elapsed_ms=1.3
[WARN] [1786545525.459273]: 开始进行多边形确认 · 多边形确认失败 · rejected=0 · elapsed_ms=1.4
[WARN] [1786545525.584639]: 开始进行多边形确认 · 多边形确认失败 · rejected=0 · elapsed_ms=1.3
[WARN] [1786545525.707078]: 开始进行多边形确认 · 多边形确认失败 · rejected=0 · elapsed_ms=1.3
[WARN] [1786545525.848208]: 开始进行多边形确认 · 多边形确认失败 · rejected=0 · elapsed_ms=1.7
[WARN] [1786545525.974887]: 开始进行多边形确认 · 多边形确认失败 · rejected=0 · elapsed_ms=1.4
[WARN] [1786545526.103762]: 开始进行多边形确认 · 多边形确认失败 · rejected=0 · elapsed_ms=1.5
[WARN] [1786545526.226327]: 开始进行多边形确认 · 多边形确认失败 · rejected=0 · elapsed_ms=1.4
[WARN] [1786545526.350985]: 开始进行多边形确认 · 多边形确认失败 · rejected=0 · elapsed_ms=1.5
[WARN] [1786545526.525660]: 开始进行多边形确认 · 多边形确认失败 · rejected=0 · elapsed_ms=1.4
[WARN] [1786545526.617916]: 开始进行多边形确认 · 多边形确认失败 · rejected=0 · elapsed_ms=1.5
[WARN] [1786545526.738662]: 开始进行多边形确认 · 多边形确认失败 · rejected=0 · elapsed_ms=1.3
[WARN] [1786545526.873291]: 开始进行多边形确认 · 多边形确认失败 · rejected=0 · elapsed_ms=1.4
[WARN] [1786545526.997830]: 开始进行多边形确认 · 多边形确认失败 · rejected=0 · elapsed_ms=1.5
[WARN] [1786545527.142285]: 开始进行多边形确认 · 多边形确认失败 · rejected=0 · elapsed_ms=19.7
[WARN] [1786545527.248980]: 开始进行多边形确认 · 多边形确认失败 · rejected=0 · elapsed_ms=1.6
[WARN] [1786545527.346837]: 开始进行多边形确认 · 多边形确认失败 · rejected=0 · elapsed_ms=1.1
[WARN] [1786545527.503849]: 开始进行多边形确认 · 多边形确认失败 · rejected=0 · elapsed_ms=1.4
[WARN] [1786545527.724646]: 开始进行多边形确认 · 多边形确认失败 · rejected=0 · elapsed_ms=1.0
[WARN] [1786545527.853231]: 开始进行多边形确认 · 多边形确认失败 · rejected=0 · elapsed_ms=1.3
[WARN] [1786545527.994230]: 开始进行多边形确认 · 多边形确认失败 · rejected=0 · elapsed_ms=1.5
[WARN] [1786545528.107188]: 开始进行多边形确认 · 多边形确认失败 · rejected=0 · elapsed_ms=1.4
[WARN] [1786545528.231507]: 开始进行多边形确认 · 多边形确认失败 · rejected=0 · elapsed_ms=1.6
[WARN] [1786545528.341407]: 开始进行多边形确认 · 多边形确认失败 · rejected=0 · elapsed_ms=1.1
[WARN] [1786545528.487291]: 开始进行多边形确认 · 多边形确认失败 · rejected=0 · elapsed_ms=5.7
[WARN] [1786545528.615438]: 开始进行多边形确认 · 多边形确认失败 · rejected=0 · elapsed_ms=1.2
[WARN] [1786545528.726711]: 开始进行多边形确认 · 多边形确认失败 · rejected=0 · elapsed_ms=1.1
[WARN] [1786545528.851399]: 开始进行多边形确认 · 多边形确认失败 · rejected=0 · elapsed_ms=1.6
[WARN] [1786545528.974069]: 开始进行多边形确认 · 多边形确认失败 · rejected=0 · elapsed_ms=1.3
[WARN] [1786545529.110029]: 开始进行多边形确认 · 多边形确认失败 · rejected=0 · elapsed_ms=1.4
[WARN] [1786545529.238334]: 开始进行多边形确认 · 多边形确认失败 · rejected=0 · elapsed_ms=1.5
[WARN] [1786545529.356419]: 开始进行多边形确认 · 多边形确认失败 · rejected=0 · elapsed_ms=1.5
[WARN] [1786545529.497005]: 开始进行多边形确认 · 多边形确认失败 · rejected=0 · elapsed_ms=8.7
[WARN] [1786545529.627460]: 开始进行多边形确认 · 多边形确认失败 · rejected=0 · elapsed_ms=1.4
[WARN] [1786545529.727933]: 开始进行多边形确认 · 多边形确认失败 · rejected=0 · elapsed_ms=1.9
[WARN] [1786545529.856984]: 开始进行多边形确认 · 多边形确认失败 · rejected=0 · elapsed_ms=1.5
[WARN] [1786545529.960613]: 开始进行多边形确认 · 多边形确认失败 · rejected=0 · elapsed_ms=1.3
[WARN] [1786545530.088443]: 开始进行多边形确认 · 多边形确认失败 · rejected=0 · elapsed_ms=1.0
[WARN] [1786545530.212532]: 开始进行多边形确认 · 多边形确认失败 · rejected=0 · elapsed_ms=1.3
[WARN] [1786545530.334667]: 开始进行多边形确认 · 多边形确认失败 · rejected=0 · elapsed_ms=1.3
[WARN] [1786545530.464833]: 开始进行多边形确认 · 多边形确认失败 · rejected=0 · elapsed_ms=1.5
[WARN] [1786545530.642092]: 开始进行多边形确认 · 多边形确认失败 · rejected=0 · elapsed_ms=1.2
[WARN] [1786545530.723516]: 开始进行多边形确认 · 多边形确认失败 · rejected=0 · elapsed_ms=1.4
[WARN] [1786545530.845130]: 开始进行多边形确认 · 多边形确认失败 · rejected=0 · elapsed_ms=1.2
[WARN] [1786545530.978596]: 开始进行多边形确认 · 多边形确认失败 · rejected=0 · elapsed_ms=1.4
[WARN] [1786545531.102857]: 开始进行多边形确认 · 多边形确认失败 · rejected=0 · elapsed_ms=1.2
[WARN] [1786545531.226357]: 开始进行多边形确认 · 多边形确认失败 · rejected=0 · elapsed_ms=1.5
[WARN] [1786545531.340632]: 开始进行多边形确认 · 多边形确认失败 · rejected=0 · elapsed_ms=1.5
[WARN] [1786545531.480302]: 开始进行多边形确认 · 多边形确认失败 · rejected=0 · elapsed_ms=1.6
[WARN] [1786545531.605700]: 开始进行多边形确认 · 多边形确认失败 · rejected=0 · elapsed_ms=1.1
[WARN] [1786545531.745834]: 开始进行多边形确认 · 多边形确认失败 · rejected=0 · elapsed_ms=1.4
[WARN] [1786545531.863734]: 开始进行多边形确认 · 多边形确认失败 · rejected=0 · elapsed_ms=1.3
[WARN] [1786545531.974769]: 开始进行多边形确认 · 多边形确认失败 · rejected=0 · elapsed_ms=1.3
[WARN] [1786545532.116927]: 开始进行多边形确认 · 多边形确认失败 · rejected=0 · elapsed_ms=1.8
[WARN] [1786545532.239837]: 开始进行多边形确认 · 多边形确认失败 · rejected=0 · elapsed_ms=2.3
[WARN] [1786545532.367373]: 开始进行多边形确认 · 多边形确认失败 · rejected=0 · elapsed_ms=1.6
[WARN] [1786545532.494326]: 开始进行多边形确认 · 多边形确认失败 · rejected=0 · elapsed_ms=1.5
[WARN] [1786545532.614587]: 开始进行多边形确认 · 多边形确认失败 · rejected=0 · elapsed_ms=1.6
[WARN] [1786545532.749582]: 开始进行多边形确认 · 多边形确认失败 · rejected=0 · elapsed_ms=1.5
[WARN] [1786545532.866532]: 开始进行多边形确认 · 多边形确认失败 · rejected=0 · elapsed_ms=1.3
[WARN] [1786545532.991383]: 开始进行多边形确认 · 多边形确认失败 · rejected=0 · elapsed_ms=1.7
[WARN] [1786545533.122269]: 开始进行多边形确认 · 多边形确认失败 · rejected=0 · elapsed_ms=2.7
[WARN] [1786545533.223157]: 开始进行多边形确认 · 多边形确认失败 · rejected=0 · elapsed_ms=1.3
[WARN] [1786545533.349953]: 开始进行多边形确认 · 多边形确认失败 · rejected=0 · elapsed_ms=1.3
[WARN] [1786545533.496809]: 开始进行多边形确认 · 多边形确认失败 · rejected=0 · elapsed_ms=1.2
[WARN] [1786545533.618879]: 开始进行多边形确认 · 多边形确认失败 · rejected=0 · elapsed_ms=1.2
[WARN] [1786545533.745648]: 开始进行多边形确认 · 多边形确认失败 · rejected=0 · elapsed_ms=1.3
[WARN] [1786545533.999876]: 开始进行多边形确认 · 多边形确认失败 · rejected=0 · elapsed_ms=1.3
[WARN] [1786545534.128112]: 开始进行多边形确认 · 多边形确认失败 · rejected=0 · elapsed_ms=1.3
[WARN] [1786545534.370778]: 开始进行多边形确认 · 多边形确认失败 · rejected=0 · elapsed_ms=1.4
[WARN] [1786545534.498975]: 开始进行多边形确认 · 多边形确认失败 · rejected=0 · elapsed_ms=1.3
[WARN] [1786545534.621469]: 开始进行多边形确认 · 多边形确认失败 · rejected=0 · elapsed_ms=1.4
[WARN] [1786545534.748637]: 开始进行多边形确认 · 多边形确认失败 · rejected=0 · elapsed_ms=1.3
[WARN] [1786545534.876343]: 开始进行多边形确认 · 多边形确认失败 · rejected=0 · elapsed_ms=1.1
[WARN] [1786545534.980871]: 开始进行多边形确认 · 多边形确认失败 · rejected=0 · elapsed_ms=1.1
[WARN] [1786545535.103117]: 开始进行多边形确认 · 多边形确认失败 · rejected=0 · elapsed_ms=1.1
[WARN] [1786545535.227871]: 开始进行多边形确认 · 多边形确认失败 · rejected=0 · elapsed_ms=1.1
[WARN] [1786545535.353575]: 开始进行多边形确认 · 多边形确认失败 · rejected=0 · elapsed_ms=1.3
[WARN] [1786545535.517052]: 开始进行多边形确认 · 多边形确认失败 · rejected=0 · elapsed_ms=1.5
[WARN] [1786545535.624166]: 开始进行多边形确认 · 多边形确认失败 · rejected=0 · elapsed_ms=1.3
[WARN] [1786545535.749258]: 开始进行多边形确认 · 多边形确认失败 · rejected=0 · elapsed_ms=1.5
[WARN] [1786545535.891385]: 开始进行多边形确认 · 多边形确认失败 · rejected=0 · elapsed_ms=2.6
[WARN] [1786545536.013740]: 开始进行多边形确认 · 多边形确认失败 · rejected=0 · elapsed_ms=1.5
[WARN] [1786545536.131828]: 开始进行多边形确认 · 多边形确认失败 · rejected=0 · elapsed_ms=1.6
[WARN] [1786545536.250451]: 开始进行多边形确认 · 多边形确认失败 · rejected=0 · elapsed_ms=1.6
[WARN] [1786545536.379155]: 开始进行多边形确认 · 多边形确认失败 · rejected=0 · elapsed_ms=1.6
[WARN] [1786545536.502663]: 开始进行多边形确认 · 多边形确认失败 · rejected=0 · elapsed_ms=1.6
[WARN] [1786545536.628319]: 开始进行多边形确认 · 多边形确认失败 · rejected=0 · elapsed_ms=1.5
[WARN] [1786545536.753041]: 开始进行多边形确认 · 多边形确认失败 · rejected=0 · elapsed_ms=1.3
[WARN] [1786545536.862784]: 开始进行多边形确认 · 多边形确认失败 · rejected=0 · elapsed_ms=1.3
[WARN] [1786545537.050038]: 开始进行多边形确认 · 多边形确认失败 · rejected=0 · elapsed_ms=1.6
[WARN] [1786545537.139478]: 开始进行多边形确认 · 多边形确认失败 · rejected=0 · elapsed_ms=1.6
[WARN] [1786545537.265315]: 开始进行多边形确认 · 多边形确认失败 · rejected=0 · elapsed_ms=1.4
[WARN] [1786545537.373462]: 开始进行多边形确认 · 多边形确认失败 · rejected=0 · elapsed_ms=1.5
[WARN] [1786545537.494286]: 开始进行多边形确认 · 多边形确认失败 · rejected=0 · elapsed_ms=1.2
[WARN] [1786545537.613709]: 开始进行多边形确认 · 多边形确认失败 · rejected=0 · elapsed_ms=1.0
[WARN] [1786545537.884770]: 开始进行多边形确认 · 多边形确认失败 · rejected=0 · elapsed_ms=1.2
[WARN] [1786545538.007863]: 开始进行多边形确认 · 多边形确认失败 · rejected=0 · elapsed_ms=1.3
[WARN] [1786545538.162452]: 开始进行多边形确认 · 多边形确认失败 · rejected=0 · elapsed_ms=1.6
[WARN] [1786545538.238292]: 开始进行多边形确认 · 多边形确认失败 · rejected=0 · elapsed_ms=1.5
[WARN] [1786545538.398332]: 开始进行多边形确认 · 多边形确认失败 · rejected=0 · elapsed_ms=1.5
[WARN] [1786545538.519707]: 开始进行多边形确认 · 多边形确认失败 · rejected=0 · elapsed_ms=1.6
[INFO] [1786545526.524361]: 开始进行多边形确认 · detections=1
[INFO] [1786545526.616456]: 开始进行多边形确认 · detections=1
[INFO] [1786545526.737458]: 开始进行多边形确认 · detections=1
[INFO] [1786545526.871995]: 开始进行多边形确认 · detections=1
[INFO] [1786545526.996393]: 开始进行多边形确认 · detections=1
[INFO] [1786545527.122585]: 开始进行多边形确认 · detections=1
[INFO] [1786545527.247475]: 开始进行多边形确认 · detections=1
[INFO] [1786545527.345792]: 开始进行多边形确认 · detections=1
[INFO] [1786545527.502486]: 开始进行多边形确认 · detections=1
[INFO] [1786545527.598037]: RGB-D vision status: model_ready:onnxruntime targets:0 centers:0 tf:0 rejected:0 merged:0 semantic_masks:0
[INFO] [1786545527.723671]: 开始进行多边形确认 · detections=1
[INFO] [1786545527.851955]: 开始进行多边形确认 · detections=1
[INFO] [1786545527.992848]: 开始进行多边形确认 · detections=1
[INFO] [1786545528.105823]: 开始进行多边形确认 · detections=1
[INFO] [1786545528.229989]: 开始进行多边形确认 · detections=1
[INFO] [1786545528.340422]: 开始进行多边形确认 · detections=1
[INFO] [1786545528.481623]: 开始进行多边形确认 · detections=1
[INFO] [1786545528.614295]: 开始进行多边形确认 · detections=1
[INFO] [1786545528.725659]: 开始进行多边形确认 · detections=1
[INFO] [1786545528.849965]: 开始进行多边形确认 · detections=1
[INFO] [1786545528.972802]: 开始进行多边形确认 · detections=1
[INFO] [1786545529.108709]: 开始进行多边形确认 · detections=1
[INFO] [1786545529.236937]: 开始进行多边形确认 · detections=1
[INFO] [1786545529.354970]: 开始进行多边形确认 · detections=1
[INFO] [1786545529.488357]: 开始进行多边形确认 · detections=1
[INFO] [1786545529.626099]: 开始进行多边形确认 · detections=1
[INFO] [1786545529.726081]: 开始进行多边形确认 · detections=1
[INFO] [1786545529.855572]: 开始进行多边形确认 · detections=1
[INFO] [1786545529.959296]: 开始进行多边形确认 · detections=1
[INFO] [1786545530.087492]: 开始进行多边形确认 · detections=1
[INFO] [1786545530.211328]: 开始进行多边形确认 · detections=1
[INFO] [1786545530.333416]: 开始进行多边形确认 · detections=1
[INFO] [1786545530.463413]: 开始进行多边形确认 · detections=1
[INFO] [1786545530.640991]: 开始进行多边形确认 · detections=1
[INFO] [1786545530.722194]: 开始进行多边形确认 · detections=1
[INFO] [1786545530.843959]: 开始进行多边形确认 · detections=1
[INFO] [1786545530.977255]: 开始进行多边形确认 · detections=1
[INFO] [1786545531.101742]: 开始进行多边形确认 · detections=1
[INFO] [1786545531.224982]: 开始进行多边形确认 · detections=1
[INFO] [1786545531.339202]: 开始进行多边形确认 · detections=1
[INFO] [1786545531.478839]: 开始进行多边形确认 · detections=1
[INFO] [1786545531.604675]: 开始进行多边形确认 · detections=1
[INFO] [1786545531.744531]: 开始进行多边形确认 · detections=1
[INFO] [1786545531.862479]: 开始进行多边形确认 · detections=1
[INFO] [1786545531.973501]: 开始进行多边形确认 · detections=1
[INFO] [1786545532.115214]: 开始进行多边形确认 · detections=1
[INFO] [1786545532.237576]: 开始进行多边形确认 · detections=1
[INFO] [1786545532.365865]: 开始进行多边形确认 · detections=1
[INFO] [1786545532.492868]: 开始进行多边形确认 · detections=1
[INFO] [1786545532.613060]: 开始进行多边形确认 · detections=1
[INFO] [1786545532.748116]: 开始进行多边形确认 · detections=1
[INFO] [1786545532.865353]: 开始进行多边形确认 · detections=1
[INFO] [1786545532.989748]: 开始进行多边形确认 · detections=1
[INFO] [1786545533.119675]: 开始进行多边形确认 · detections=1
[INFO] [1786545533.221942]: 开始进行多边形确认 · detections=1
[INFO] [1786545533.348745]: 开始进行多边形确认 · detections=1
[INFO] [1786545533.495694]: 开始进行多边形确认 · detections=1
[INFO] [1786545533.617738]: 开始进行多边形确认 · detections=1
[INFO] [1786545533.744467]: 开始进行多边形确认 · detections=1
[INFO] [1786545533.883580]: RGB-D vision status: model_ready:onnxruntime targets:0 centers:0 tf:0 rejected:0 merged:0 semantic_masks:0
[INFO] [1786545533.998708]: 开始进行多边形确认 · detections=1
[INFO] [1786545534.126893]: 开始进行多边形确认 · detections=1
[INFO] [1786545534.369500]: 开始进行多边形确认 · detections=1
[INFO] [1786545534.497764]: 开始进行多边形确认 · detections=1
[INFO] [1786545534.620173]: 开始进行多边形确认 · detections=1
[INFO] [1786545534.747405]: 开始进行多边形确认 · detections=1
[INFO] [1786545534.875289]: 开始进行多边形确认 · detections=1
[INFO] [1786545534.979779]: 开始进行多边形确认 · detections=1
[INFO] [1786545535.102082]: 开始进行多边形确认 · detections=1
[INFO] [1786545535.226856]: 开始进行多边形确认 · detections=1
[INFO] [1786545535.352348]: 开始进行多边形确认 · detections=1
[INFO] [1786545535.515630]: 开始进行多边形确认 · detections=1
[INFO] [1786545535.622952]: 开始进行多边形确认 · detections=1
[INFO] [1786545535.747890]: 开始进行多边形确认 · detections=1
[INFO] [1786545535.888889]: 开始进行多边形确认 · detections=1
[INFO] [1786545536.012321]: 开始进行多边形确认 · detections=1
[INFO] [1786545536.130299]: 开始进行多边形确认 · detections=1
[INFO] [1786545536.248937]: 开始进行多边形确认 · detections=1
[INFO] [1786545536.377635]: 开始进行多边形确认 · detections=1
[INFO] [1786545536.501184]: 开始进行多边形确认 · detections=1
[INFO] [1786545536.626948]: 开始进行多边形确认 · detections=1
[INFO] [1786545536.751827]: 开始进行多边形确认 · detections=1
[INFO] [1786545536.861501]: 开始进行多边形确认 · detections=1
[INFO] [1786545537.048549]: 开始进行多边形确认 · detections=1
[INFO] [1786545537.137999]: 开始进行多边形确认 · detections=1
[INFO] [1786545537.263963]: 开始进行多边形确认 · detections=1
[INFO] [1786545537.372052]: 开始进行多边形确认 · detections=1
[INFO] [1786545537.493114]: 开始进行多边形确认 · detections=1
[INFO] [1786545537.612735]: 开始进行多边形确认 · detections=1
[INFO] [1786545537.883694]: 开始进行多边形确认 · detections=1
[INFO] [1786545538.006647]: 开始进行多边形确认 · detections=1
[INFO] [1786545538.160925]: 开始进行多边形确认 · detections=1
[INFO] [1786545538.236852]: 开始进行多边形确认 · detections=1
[INFO] [1786545538.396967]: 开始进行多边形确认 · detections=1
[INFO] [1786545538.518211]: 开始进行多边形确认 · detections=1
[INFO] [1786545538.640101]: 开始进行多边形确认 · detections=1
[INFO] [1786545538.760999]: 开始进行多边形确认 · detections=1
[INFO] [1786545538.881822]: 开始进行多边形确认 · detections=1
[INFO] [1786545539.005243]: 开始进行多边形确认 · detections=1
[INFO] [1786545539.134380]: 开始进行多边形确认 · detections=1
[INFO] [1786545539.275432]: 开始进行多边形确认 · detections=1
[INFO] [1786545539.387997]: 开始进行多边形确认 · detections=1
[INFO] [1786545539.509306]: 开始进行多边形确认 · detections=1
[INFO] [1786545539.634685]: RGB-D vision status: model_ready:onnxruntime targets:0 centers:0 tf:0 rejected:0 merged:0 semantic_masks:0
[INFO] [1786545539.750900]: 开始进行多边形确认 · detections=1
[INFO] [1786545539.877495]: 开始进行多边形确认 · detections=1
[INFO] [1786545539.996516]: 开始进行多边形确认 · detections=1
[INFO] [1786545540.124000]: 开始进行多边形确认 · detections=1
[INFO] [1786545540.264791]: 开始进行多边形确认 · detections=1
[INFO] [1786545540.405402]: 开始进行多边形确认 · detections=1
[INFO] [1786545540.517549]: 开始进行多边形确认 · detections=1
[WARN] [1786545538.641395]: 开始进行多边形确认 · 多边形确认失败 · rejected=0 · elapsed_ms=1.4
[WARN] [1786545538.762222]: 开始进行多边形确认 · 多边形确认失败 · rejected=0 · elapsed_ms=1.3
[WARN] [1786545538.883005]: 开始进行多边形确认 · 多边形确认失败 · rejected=0 · elapsed_ms=1.3
[WARN] [1786545539.006807]: 开始进行多边形确认 · 多边形确认失败 · rejected=0 · elapsed_ms=1.6
[WARN] [1786545539.135966]: 开始进行多边形确认 · 多边形确认失败 · rejected=0 · elapsed_ms=1.6
[WARN] [1786545539.276660]: 开始进行多边形确认 · 多边形确认失败 · rejected=0 · elapsed_ms=1.3
[WARN] [1786545539.389233]: 开始进行多边形确认 · 多边形确认失败 · rejected=0 · elapsed_ms=1.3
[WARN] [1786545539.510458]: 开始进行多边形确认 · 多边形确认失败 · rejected=0 · elapsed_ms=1.2
[WARN] [1786545539.752070]: 开始进行多边形确认 · 多边形确认失败 · rejected=0 · elapsed_ms=1.2
[WARN] [1786545539.878632]: 开始进行多边形确认 · 多边形确认失败 · rejected=0 · elapsed_ms=1.2
[WARN] [1786545539.997559]: 开始进行多边形确认 · 多边形确认失败 · rejected=0 · elapsed_ms=1.1
[WARN] [1786545540.127039]: 开始进行多边形确认 · 多边形确认失败 · rejected=0 · elapsed_ms=3.1
[WARN] [1786545540.266026]: 开始进行多边形确认 · 多边形确认失败 · rejected=0 · elapsed_ms=1.3
[WARN] [1786545540.406675]: 开始进行多边形确认 · 多边形确认失败 · rejected=0 · elapsed_ms=1.3
[WARN] [1786545540.519120]: 开始进行多边形确认 · 多边形确认失败 · rejected=0 · elapsed_ms=1.6
[WARN] [1786545540.767665]: 开始进行多边形确认 · 多边形确认失败 · rejected=0 · elapsed_ms=1.4
[WARN] [1786545540.892530]: 开始进行多边形确认 · 多边形确认失败 · rejected=0 · elapsed_ms=1.2
[WARN] [1786545541.015987]: 开始进行多边形确认 · 多边形确认失败 · rejected=0 · elapsed_ms=1.4
[WARN] [1786545541.142877]: 开始进行多边形确认 · 多边形确认失败 · rejected=0 · elapsed_ms=1.2
[WARN] [1786545541.272979]: 开始进行多边形确认 · 多边形确认失败 · rejected=0 · elapsed_ms=1.1
[WARN] [1786545541.387857]: 开始进行多边形确认 · 多边形确认失败 · rejected=0 · elapsed_ms=1.0
[WARN] [1786545541.558367]: 开始进行多边形确认 · 多边形确认失败 · rejected=0 · elapsed_ms=1.4
[WARN] [1786545541.655701]: 开始进行多边形确认 · 多边形确认失败 · rejected=0 · elapsed_ms=1.6
[WARN] [1786545541.779721]: 开始进行多边形确认 · 多边形确认失败 · rejected=0 · elapsed_ms=1.4
[WARN] [1786545541.905549]: 开始进行多边形确认 · 多边形确认失败 · rejected=0 · elapsed_ms=1.4
[WARN] [1786545542.028886]: 开始进行多边形确认 · 多边形确认失败 · rejected=0 · elapsed_ms=1.3
[WARN] [1786545542.153537]: 开始进行多边形确认 · 多边形确认失败 · rejected=0 · elapsed_ms=1.5
[WARN] [1786545542.278151]: 开始进行多边形确认 · 多边形确认失败 · rejected=0 · elapsed_ms=1.2
[WARN] [1786545542.408957]: 开始进行多边形确认 · 多边形确认失败 · rejected=0 · elapsed_ms=1.2
[WARN] [1786545542.571793]: 开始进行多边形确认 · 多边形确认失败 · rejected=0 · elapsed_ms=2.2
[WARN] [1786545542.653544]: 开始进行多边形确认 · 多边形确认失败 · rejected=0 · elapsed_ms=1.4
[WARN] [1786545542.782421]: 开始进行多边形确认 · 多边形确认失败 · rejected=0 · elapsed_ms=1.2
[WARN] [1786545542.907658]: 开始进行多边形确认 · 多边形确认失败 · rejected=0 · elapsed_ms=1.4
[WARN] [1786545543.042539]: 开始进行多边形确认 · 多边形确认失败 · rejected=0 · elapsed_ms=1.7
[WARN] [1786545543.164579]: 开始进行多边形确认 · 多边形确认失败 · rejected=0 · elapsed_ms=1.4
[WARN] [1786545543.292775]: 开始进行多边形确认 · 多边形确认失败 · rejected=0 · elapsed_ms=1.3
[WARN] [1786545543.410035]: 开始进行多边形确认 · 多边形确认失败 · rejected=0 · elapsed_ms=1.4
[WARN] [1786545543.593656]: 开始进行多边形确认 · 多边形确认失败 · rejected=0 · elapsed_ms=1.3
[WARN] [1786545543.650391]: 开始进行多边形确认 · 多边形确认失败 · rejected=0 · elapsed_ms=1.3
[WARN] [1786545543.779698]: 开始进行多边形确认 · 多边形确认失败 · rejected=0 · elapsed_ms=1.3
[WARN] [1786545543.906023]: 开始进行多边形确认 · 多边形确认失败 · rejected=0 · elapsed_ms=1.2
[WARN] [1786545544.025211]: 开始进行多边形确认 · 多边形确认失败 · rejected=0 · elapsed_ms=1.3
[WARN] [1786545544.153985]: 开始进行多边形确认 · 多边形确认失败 · rejected=0 · elapsed_ms=1.3
[WARN] [1786545544.279725]: 开始进行多边形确认 · 多边形确认失败 · rejected=0 · elapsed_ms=1.6
[WARN] [1786545544.404153]: 开始进行多边形确认 · 多边形确认失败 · rejected=0 · elapsed_ms=1.4
[WARN] [1786545544.536682]: 开始进行多边形确认 · 多边形确认失败 · rejected=0 · elapsed_ms=1.4
[WARN] [1786545544.786766]: 开始进行多边形确认 · 多边形确认失败 · rejected=0 · elapsed_ms=1.0
[WARN] [1786545544.906126]: 开始进行多边形确认 · 多边形确认失败 · rejected=0 · elapsed_ms=1.0
[WARN] [1786545545.033687]: 开始进行多边形确认 · 多边形确认失败 · rejected=0 · elapsed_ms=1.2
[WARN] [1786545545.159798]: 开始进行多边形确认 · 多边形确认失败 · rejected=0 · elapsed_ms=1.3
[WARN] [1786545545.409780]: 开始进行多边形确认 · 多边形确认失败 · rejected=0 · elapsed_ms=1.4
[WARN] [1786545545.538116]: 开始进行多边形确认 · 多边形确认失败 · rejected=0 · elapsed_ms=1.6
[WARN] [1786545545.700646]: 开始进行多边形确认 · 多边形确认失败 · rejected=0 · elapsed_ms=1.8
[WARN] [1786545545.807230]: 开始进行多边形确认 · 多边形确认失败 · rejected=0 · elapsed_ms=1.3
[WARN] [1786545545.927485]: 开始进行多边形确认 · 多边形确认失败 · rejected=0 · elapsed_ms=1.6
[WARN] [1786545546.049165]: 开始进行多边形确认 · 多边形确认失败 · rejected=0 · elapsed_ms=1.5
[WARN] [1786545546.176199]: 开始进行多边形确认 · 多边形确认失败 · rejected=0 · elapsed_ms=1.5
[WARN] [1786545546.411428]: 开始进行多边形确认 · 多边形确认失败 · rejected=0 · elapsed_ms=1.3
[WARN] [1786545546.548823]: 开始进行多边形确认 · 多边形确认失败 · rejected=0 · elapsed_ms=1.5
[WARN] [1786545546.695367]: 开始进行多边形确认 · 多边形确认失败 · rejected=0 · elapsed_ms=6.7
[WARN] [1786545546.806594]: 开始进行多边形确认 · 多边形确认失败 · rejected=0 · elapsed_ms=1.3
[WARN] [1786545546.912983]: 开始进行多边形确认 · 多边形确认失败 · rejected=0 · elapsed_ms=1.4
[WARN] [1786545547.040126]: 开始进行多边形确认 · 多边形确认失败 · rejected=0 · elapsed_ms=1.4
[WARN] [1786545547.154236]: 开始进行多边形确认 · 多边形确认失败 · rejected=0 · elapsed_ms=1.5
[WARN] [1786545547.286724]: 开始进行多边形确认 · 多边形确认失败 · rejected=0 · elapsed_ms=1.2
[WARN] [1786545547.406226]: 开始进行多边形确认 · 多边形确认失败 · rejected=0 · elapsed_ms=1.2
[WARN] [1786545547.532567]: 开始进行多边形确认 · 多边形确认失败 · rejected=0 · elapsed_ms=1.3
[WARN] [1786545547.658603]: 开始进行多边形确认 · 多边形确认失败 · rejected=0 · elapsed_ms=2.4
[WARN] [1786545547.796882]: 开始进行多边形确认 · 多边形确认失败 · rejected=0 · elapsed_ms=1.3
[WARN] [1786545547.924593]: 开始进行多边形确认 · 多边形确认失败 · rejected=0 · elapsed_ms=1.7
[WARN] [1786545548.179279]: 开始进行多边形确认 · 多边形确认失败 · rejected=0 · elapsed_ms=1.7
[WARN] [1786545548.278218]: 开始进行多边形确认 · 多边形确认失败 · rejected=0 · elapsed_ms=1.5
[INFO] [1786545540.766335]: 开始进行多边形确认 · detections=1
[INFO] [1786545540.891385]: 开始进行多边形确认 · detections=1
[INFO] [1786545541.014708]: 开始进行多边形确认 · detections=1
[INFO] [1786545541.141785]: 开始进行多边形确认 · detections=1
[INFO] [1786545541.271933]: 开始进行多边形确认 · detections=1
[INFO] [1786545541.386854]: 开始进行多边形确认 · detections=1
[INFO] [1786545541.557105]: 开始进行多边形确认 · detections=1
[INFO] [1786545541.654153]: 开始进行多边形确认 · detections=1
[INFO] [1786545541.778361]: 开始进行多边形确认 · detections=1
[INFO] [1786545541.904191]: 开始进行多边形确认 · detections=1
[INFO] [1786545542.027630]: 开始进行多边形确认 · detections=1
[INFO] [1786545542.152102]: 开始进行多边形确认 · detections=1
[INFO] [1786545542.277024]: 开始进行多边形确认 · detections=1
[INFO] [1786545542.407838]: 开始进行多边形确认 · detections=1
[INFO] [1786545542.569630]: 开始进行多边形确认 · detections=1
[INFO] [1786545542.652239]: 开始进行多边形确认 · detections=1
[INFO] [1786545542.781323]: 开始进行多边形确认 · detections=1
[INFO] [1786545542.906345]: 开始进行多边形确认 · detections=1
[INFO] [1786545543.040926]: 开始进行多边形确认 · detections=1
[INFO] [1786545543.163230]: 开始进行多边形确认 · detections=1
[INFO] [1786545543.291538]: 开始进行多边形确认 · detections=1
[INFO] [1786545543.408682]: 开始进行多边形确认 · detections=1
[INFO] [1786545543.592412]: 开始进行多边形确认 · detections=1
[INFO] [1786545543.649182]: 开始进行多边形确认 · detections=1
[INFO] [1786545543.778401]: 开始进行多边形确认 · detections=1
[INFO] [1786545543.904870]: 开始进行多边形确认 · detections=1
[INFO] [1786545544.024007]: 开始进行多边形确认 · detections=1
[INFO] [1786545544.152780]: 开始进行多边形确认 · detections=1
[INFO] [1786545544.278201]: 开始进行多边形确认 · detections=1
[INFO] [1786545544.402766]: 开始进行多边形确认 · detections=1
[INFO] [1786545544.535277]: 开始进行多边形确认 · detections=1
[INFO] [1786545544.664987]: RGB-D vision status: model_ready:onnxruntime targets:0 centers:0 tf:0 rejected:0 merged:0 semantic_masks:0
[INFO] [1786545544.785794]: 开始进行多边形确认 · detections=1
[INFO] [1786545544.905230]: 开始进行多边形确认 · detections=1
[INFO] [1786545545.032582]: 开始进行多边形确认 · detections=1
[INFO] [1786545545.158599]: 开始进行多边形确认 · detections=1
[INFO] [1786545545.408491]: 开始进行多边形确认 · detections=1
[INFO] [1786545545.536611]: 开始进行多边形确认 · detections=1
[INFO] [1786545545.698898]: 开始进行多边形确认 · detections=1
[INFO] [1786545545.805971]: 开始进行多边形确认 · detections=1
[INFO] [1786545545.925975]: 开始进行多边形确认 · detections=1
[INFO] [1786545546.047776]: 开始进行多边形确认 · detections=1
[INFO] [1786545546.174800]: 开始进行多边形确认 · detections=1
[INFO] [1786545546.410206]: 开始进行多边形确认 · detections=1
[INFO] [1786545546.547402]: 开始进行多边形确认 · detections=1
[INFO] [1786545546.688746]: 开始进行多边形确认 · detections=1
[INFO] [1786545546.805355]: 开始进行多边形确认 · detections=1
[INFO] [1786545546.911672]: 开始进行多边形确认 · detections=1
[INFO] [1786545547.038825]: 开始进行多边形确认 · detections=1
[INFO] [1786545547.152813]: 开始进行多边形确认 · detections=1
[INFO] [1786545547.285541]: 开始进行多边形确认 · detections=1
[INFO] [1786545547.405068]: 开始进行多边形确认 · detections=1
[INFO] [1786545547.531356]: 开始进行多边形确认 · detections=1
[INFO] [1786545547.656243]: 开始进行多边形确认 · detections=1
[INFO] [1786545547.795673]: 开始进行多边形确认 · detections=1
[INFO] [1786545547.922935]: 开始进行多边形确认 · detections=1
[INFO] [1786545548.177663]: 开始进行多边形确认 · detections=1
[INFO] [1786545548.276746]: 开始进行多边形确认 · detections=1
[INFO] [1786545548.423744]: 开始进行多边形确认 · detections=1
[INFO] [1786545548.550099]: 开始进行多边形确认 · detections=1
[INFO] [1786545548.675947]: 开始进行多边形确认 · detections=1
[INFO] [1786545548.809678]: 开始进行多边形确认 · detections=1
[INFO] [1786545548.931828]: 开始进行多边形确认 · detections=1
[INFO] [1786545549.053193]: 开始进行多边形确认 · detections=1
[INFO] [1786545549.182624]: 开始进行多边形确认 · detections=1
[INFO] [1786545549.303497]: 开始进行多边形确认 · detections=1
[INFO] [1786545549.406952]: 开始进行多边形确认 · detections=1
[INFO] [1786545549.535181]: 开始进行多边形确认 · detections=1
[INFO] [1786545549.668319]: 开始进行多边形确认 · detections=1
[INFO] [1786545549.792484]: 开始进行多边形确认 · detections=1
[INFO] [1786545549.916928]: 开始进行多边形确认 · detections=1
[INFO] [1786545550.056337]: 开始进行多边形确认 · detections=1
[INFO] [1786545550.177543]: 开始进行多边形确认 · detections=1
[INFO] [1786545550.308683]: 开始进行多边形确认 · detections=1
[INFO] [1786545550.431341]: 开始进行多边形确认 · detections=1
[INFO] [1786545550.558300]: 开始进行多边形确认 · detections=1
[INFO] [1786545550.688842]: 开始进行多边形确认 · detections=1
[INFO] [1786545550.811326]: RGB-D vision status: model_ready:onnxruntime targets:0 centers:0 tf:0 rejected:0 merged:0 semantic_masks:0
[INFO] [1786545550.960741]: 开始进行多边形确认 · detections=1
[INFO] [1786545551.042346]: 开始进行多边形确认 · detections=1
[INFO] [1786545551.311914]: 开始进行多边形确认 · detections=1
[INFO] [1786545551.441490]: 开始进行多边形确认 · detections=1
[INFO] [1786545551.563574]: 开始进行多边形确认 · detections=1
[INFO] [1786545551.699104]: 开始进行多边形确认 · detections=1
[INFO] [1786545551.815834]: 开始进行多边形确认 · detections=1
[INFO] [1786545551.979888]: 开始进行多边形确认 · detections=1
[INFO] [1786545552.051862]: 开始进行多边形确认 · detections=1
[INFO] [1786545552.175191]: 开始进行多边形确认 · detections=1
[INFO] [1786545552.312081]: 开始进行多边形确认 · detections=1
[INFO] [1786545552.431986]: 开始进行多边形确认 · detections=1
[INFO] [1786545552.556372]: 开始进行多边形确认 · detections=1
[INFO] [1786545552.690544]: 开始进行多边形确认 · detections=1
[INFO] [1786545552.814201]: 开始进行多边形确认 · detections=1
[INFO] [1786545552.943953]: 开始进行多边形确认 · detections=1
[INFO] [1786545553.084002]: 开始进行多边形确认 · detections=1
[INFO] [1786545553.191002]: 开始进行多边形确认 · detections=1
[INFO] [1786545553.315962]: 开始进行多边形确认 · detections=1
[INFO] [1786545553.440800]: 开始进行多边形确认 · detections=1
[INFO] [1786545553.554867]: 开始进行多边形确认 · detections=1
[INFO] [1786545553.686610]: 开始进行多边形确认 · detections=1
[INFO] [1786545553.799394]: 开始进行多边形确认 · detections=1
[INFO] [1786545553.935242]: 开始进行多边形确认 · detections=1
[INFO] [1786545554.088259]: 开始进行多边形确认 · detections=1
[INFO] [1786545554.207783]: 开始进行多边形确认 · detections=1
[INFO] [1786545554.314619]: 开始进行多边形确认 · detections=1
[INFO] [1786545554.437605]: 开始进行多边形确认 · detections=1
[INFO] [1786545554.567816]: 开始进行多边形确认 · detections=1
[INFO] [1786545554.692498]: 开始进行多边形确认 · detections=1
[INFO] [1786545554.815074]: 开始进行多边形确认 · detections=1
[INFO] [1786545554.942822]: 开始进行多边形确认 · detections=1
[INFO] [1786545555.070588]: 开始进行多边形确认 · detections=1
[INFO] [1786545555.218056]: 开始进行多边形确认 · detections=1
[WARN] [1786545548.424857]: 开始进行多边形确认 · 多边形确认失败 · rejected=0 · elapsed_ms=1.2
[WARN] [1786545548.551470]: 开始进行多边形确认 · 多边形确认失败 · rejected=0 · elapsed_ms=1.5
[WARN] [1786545548.677467]: 开始进行多边形确认 · 多边形确认失败 · rejected=0 · elapsed_ms=1.6
[WARN] [1786545548.810952]: 开始进行多边形确认 · 多边形确认失败 · rejected=0 · elapsed_ms=1.3
[WARN] [1786545548.933221]: 开始进行多边形确认 · 多边形确认失败 · rejected=0 · elapsed_ms=1.5
[WARN] [1786545549.054645]: 开始进行多边形确认 · 多边形确认失败 · rejected=0 · elapsed_ms=1.5
[WARN] [1786545549.184021]: 开始进行多边形确认 · 多边形确认失败 · rejected=0 · elapsed_ms=1.5
[WARN] [1786545549.304752]: 开始进行多边形确认 · 多边形确认失败 · rejected=0 · elapsed_ms=1.3
[WARN] [1786545549.408000]: 开始进行多边形确认 · 多边形确认失败 · rejected=0 · elapsed_ms=1.1
[WARN] [1786545549.536372]: 开始进行多边形确认 · 多边形确认失败 · rejected=0 · elapsed_ms=1.3
[WARN] [1786545549.669729]: 开始进行多边形确认 · 多边形确认失败 · rejected=0 · elapsed_ms=1.5
[WARN] [1786545549.793802]: 开始进行多边形确认 · 多边形确认失败 · rejected=0 · elapsed_ms=1.4
[WARN] [1786545549.918269]: 开始进行多边形确认 · 多边形确认失败 · rejected=0 · elapsed_ms=1.4
[WARN] [1786545550.057636]: 开始进行多边形确认 · 多边形确认失败 · rejected=0 · elapsed_ms=1.4
[WARN] [1786545550.178893]: 开始进行多边形确认 · 多边形确认失败 · rejected=0 · elapsed_ms=1.4
[WARN] [1786545550.309870]: 开始进行多边形确认 · 多边形确认失败 · rejected=0 · elapsed_ms=1.3
[WARN] [1786545550.432864]: 开始进行多边形确认 · 多边形确认失败 · rejected=0 · elapsed_ms=1.6
[WARN] [1786545550.559793]: 开始进行多边形确认 · 多边形确认失败 · rejected=0 · elapsed_ms=1.6
[WARN] [1786545550.690020]: 开始进行多边形确认 · 多边形确认失败 · rejected=0 · elapsed_ms=1.3
[WARN] [1786545550.962252]: 开始进行多边形确认 · 多边形确认失败 · rejected=0 · elapsed_ms=1.6
[WARN] [1786545551.043585]: 开始进行多边形确认 · 多边形确认失败 · rejected=0 · elapsed_ms=1.3
[WARN] [1786545551.313170]: 开始进行多边形确认 · 多边形确认失败 · rejected=0 · elapsed_ms=1.3
[WARN] [1786545551.442708]: 开始进行多边形确认 · 多边形确认失败 · rejected=0 · elapsed_ms=1.3
[WARN] [1786545551.564688]: 开始进行多边形确认 · 多边形确认失败 · rejected=0 · elapsed_ms=1.2
[WARN] [1786545551.700379]: 开始进行多边形确认 · 多边形确认失败 · rejected=0 · elapsed_ms=1.3
[WARN] [1786545551.817054]: 开始进行多边形确认 · 多边形确认失败 · rejected=0 · elapsed_ms=1.3
[WARN] [1786545551.986738]: 开始进行多边形确认 · 多边形确认失败 · rejected=0 · elapsed_ms=6.9
[WARN] [1786545552.053737]: 开始进行多边形确认 · 多边形确认失败 · rejected=0 · elapsed_ms=2.0
[WARN] [1786545552.176722]: 开始进行多边形确认 · 多边形确认失败 · rejected=0 · elapsed_ms=1.6
[WARN] [1786545552.313307]: 开始进行多边形确认 · 多边形确认失败 · rejected=0 · elapsed_ms=1.3
[WARN] [1786545552.433161]: 开始进行多边形确认 · 多边形确认失败 · rejected=0 · elapsed_ms=1.3
[WARN] [1786545552.557655]: 开始进行多边形确认 · 多边形确认失败 · rejected=0 · elapsed_ms=1.4
[WARN] [1786545552.692680]: 开始进行多边形确认 · 多边形确认失败 · rejected=0 · elapsed_ms=2.2
[WARN] [1786545552.815553]: 开始进行多边形确认 · 多边形确认失败 · rejected=0 · elapsed_ms=1.4
[WARN] [1786545552.945350]: 开始进行多边形确认 · 多边形确认失败 · rejected=0 · elapsed_ms=1.5
[WARN] [1786545553.085442]: 开始进行多边形确认 · 多边形确认失败 · rejected=0 · elapsed_ms=1.5
[WARN] [1786545553.192163]: 开始进行多边形确认 · 多边形确认失败 · rejected=0 · elapsed_ms=1.2
[WARN] [1786545553.317272]: 开始进行多边形确认 · 多边形确认失败 · rejected=0 · elapsed_ms=1.4
[WARN] [1786545553.441864]: 开始进行多边形确认 · 多边形确认失败 · rejected=0 · elapsed_ms=1.1
[WARN] [1786545553.556090]: 开始进行多边形确认 · 多边形确认失败 · rejected=0 · elapsed_ms=1.3
[WARN] [1786545553.687901]: 开始进行多边形确认 · 多边形确认失败 · rejected=0 · elapsed_ms=1.3
[WARN] [1786545553.800808]: 开始进行多边形确认 · 多边形确认失败 · rejected=0 · elapsed_ms=1.4
[WARN] [1786545553.936489]: 开始进行多边形确认 · 多边形确认失败 · rejected=0 · elapsed_ms=1.3
[WARN] [1786545554.089499]: 开始进行多边形确认 · 多边形确认失败 · rejected=0 · elapsed_ms=1.3
[WARN] [1786545554.208702]: 开始进行多边形确认 · 多边形确认失败 · rejected=0 · elapsed_ms=1.0
[WARN] [1786545554.315856]: 开始进行多边形确认 · 多边形确认失败 · rejected=0 · elapsed_ms=1.3
[WARN] [1786545554.439052]: 开始进行多边形确认 · 多边形确认失败 · rejected=0 · elapsed_ms=1.5
[WARN] [1786545554.569076]: 开始进行多边形确认 · 多边形确认失败 · rejected=0 · elapsed_ms=1.3
[WARN] [1786545554.693624]: 开始进行多边形确认 · 多边形确认失败 · rejected=0 · elapsed_ms=1.2
[WARN] [1786545554.816147]: 开始进行多边形确认 · 多边形确认失败 · rejected=0 · elapsed_ms=1.1
[WARN] [1786545554.943951]: 开始进行多边形确认 · 多边形确认失败 · rejected=0 · elapsed_ms=1.2
[WARN] [1786545555.071654]: 开始进行多边形确认 · 多边形确认失败 · rejected=0 · elapsed_ms=1.2
[WARN] [1786545555.220057]: 开始进行多边形确认 · 多边形确认失败 · rejected=0 · elapsed_ms=2.1
[WARN] [1786545555.310577]: 开始进行多边形确认 · 多边形确认失败 · rejected=0 · elapsed_ms=1.4
[WARN] [1786545555.429705]: 开始进行多边形确认 · 多边形确认失败 · rejected=0 · elapsed_ms=1.3
[WARN] [1786545555.554931]: 开始进行多边形确认 · 多边形确认失败 · rejected=0 · elapsed_ms=1.3
[WARN] [1786545555.705115]: 开始进行多边形确认 · 多边形确认失败 · rejected=0 · elapsed_ms=1.2
[WARN] [1786545555.827613]: 开始进行多边形确认 · 多边形确认失败 · rejected=0 · elapsed_ms=1.4
[WARN] [1786545555.966566]: 开始进行多边形确认 · 多边形确认失败 · rejected=0 · elapsed_ms=1.4
[WARN] [1786545556.089023]: 开始进行多边形确认 · 多边形确认失败 · rejected=0 · elapsed_ms=1.4
[WARN] [1786545556.206398]: 开始进行多边形确认 · 多边形确认失败 · rejected=0 · elapsed_ms=1.4
[WARN] [1786545556.347164]: 开始进行多边形确认 · 多边形确认失败 · rejected=0 · elapsed_ms=1.5
[WARN] [1786545556.442033]: 开始进行多边形确认 · 多边形确认失败 · rejected=0 · elapsed_ms=1.2
[WARN] [1786545556.566236]: 开始进行多边形确认 · 多边形确认失败 · rejected=0 · elapsed_ms=1.3
[WARN] [1786545556.694124]: 开始进行多边形确认 · 多边形确认失败 · rejected=0 · elapsed_ms=1.1
[WARN] [1786545556.815406]: 开始进行多边形确认 · 多边形确认失败 · rejected=0 · elapsed_ms=1.1
[WARN] [1786545556.946036]: 开始进行多边形确认 · 多边形确认失败 · rejected=0 · elapsed_ms=1.3
[WARN] [1786545557.069251]: 开始进行多边形确认 · 多边形确认失败 · rejected=0 · elapsed_ms=1.3
[WARN] [1786545557.199340]: 开始进行多边形确认 · 多边形确认失败 · rejected=0 · elapsed_ms=1.4
[WARN] [1786545557.342415]: 开始进行多边形确认 · 多边形确认失败 · rejected=0 · elapsed_ms=1.4
[WARN] [1786545557.464955]: 开始进行多边形确认 · 多边形确认失败 · rejected=0 · elapsed_ms=1.5
[WARN] [1786545557.586762]: 开始进行多边形确认 · 多边形确认失败 · rejected=0 · elapsed_ms=1.7
[WARN] [1786545557.708953]: 开始进行多边形确认 · 多边形确认失败 · rejected=0 · elapsed_ms=1.4
[WARN] [1786545557.831452]: 开始进行多边形确认 · 多边形确认失败 · rejected=0 · elapsed_ms=1.5
[WARN] [1786545557.955819]: 开始进行多边形确认 · 多边形确认失败 · rejected=0 · elapsed_ms=1.4
[WARN] [1786545558.186166]: 开始进行多边形确认 · 多边形确认失败 · rejected=0 · elapsed_ms=1.3
[WARN] [1786545558.322901]: 开始进行多边形确认 · 多边形确认失败 · rejected=0 · elapsed_ms=5.8
[WARN] [1786545558.462463]: 开始进行多边形确认 · 多边形确认失败 · rejected=0 · elapsed_ms=1.1
[WARN] [1786545558.585782]: 开始进行多边形确认 · 多边形确认失败 · rejected=0 · elapsed_ms=1.4
[WARN] [1786545558.715064]: 开始进行多边形确认 · 多边形确认失败 · rejected=0 · elapsed_ms=1.5
[WARN] [1786545558.839278]: 开始进行多边形确认 · 多边形确认失败 · rejected=0 · elapsed_ms=1.5
[WARN] [1786545558.964251]: 开始进行多边形确认 · 多边形确认失败 · rejected=0 · elapsed_ms=1.4
[WARN] [1786545559.089615]: 开始进行多边形确认 · 多边形确认失败 · rejected=0 · elapsed_ms=1.3
[WARN] [1786545559.219772]: 开始进行多边形确认 · 多边形确认失败 · rejected=0 · elapsed_ms=1.5
[WARN] [1786545559.353487]: 开始进行多边形确认 · 多边形确认失败 · rejected=0 · elapsed_ms=1.2
[WARN] [1786545559.474541]: 开始进行多边形确认 · 多边形确认失败 · rejected=0 · elapsed_ms=1.7
[WARN] [1786545559.575926]: 开始进行多边形确认 · 多边形确认失败 · rejected=0 · elapsed_ms=1.3
[WARN] [1786545559.695226]: 开始进行多边形确认 · 多边形确认失败 · rejected=0 · elapsed_ms=1.3
[WARN] [1786545559.830047]: 开始进行多边形确认 · 多边形确认失败 · rejected=0 · elapsed_ms=1.2
[WARN] [1786545559.941867]: 开始进行多边形确认 · 多边形确认失败 · rejected=0 · elapsed_ms=1.7
[WARN] [1786545560.065264]: 开始进行多边形确认 · 多边形确认失败 · rejected=0 · elapsed_ms=1.2
[WARN] [1786545560.195898]: 开始进行多边形确认 · 多边形确认失败 · rejected=0 · elapsed_ms=1.3
[WARN] [1786545560.318715]: 开始进行多边形确认 · 多边形确认失败 · rejected=0 · elapsed_ms=1.1
[WARN] [1786545560.499946]: 开始进行多边形确认 · 多边形确认失败 · rejected=0 · elapsed_ms=1.6
[WARN] [1786545560.707739]: 开始进行多边形确认 · 多边形确认失败 · rejected=0 · elapsed_ms=1.2
[WARN] [1786545560.834222]: 开始进行多边形确认 · 多边形确认失败 · rejected=0 · elapsed_ms=1.5
[WARN] [1786545560.961961]: 开始进行多边形确认 · 多边形确认失败 · rejected=0 · elapsed_ms=1.5
[WARN] [1786545561.071585]: 开始进行多边形确认 · 多边形确认失败 · rejected=0 · elapsed_ms=1.5
[WARN] [1786545561.200488]: 开始进行多边形确认 · 多边形确认失败 · rejected=0 · elapsed_ms=1.3
[WARN] [1786545561.346148]: 开始进行多边形确认 · 多边形确认失败 · rejected=0 · elapsed_ms=1.4
[WARN] [1786545561.486336]: 开始进行多边形确认 · 多边形确认失败 · rejected=0 · elapsed_ms=1.7
[WARN] [1786545561.606177]: 开始进行多边形确认 · 多边形确认失败 · rejected=0 · elapsed_ms=1.6
[WARN] [1786545561.709240]: 开始进行多边形确认 · 多边形确认失败 · rejected=0 · elapsed_ms=1.6
[WARN] [1786545561.843216]: 开始进行多边形确认 · 多边形确认失败 · rejected=0 · elapsed_ms=1.4
[WARN] [1786545561.961926]: 开始进行多边形确认 · 多边形确认失败 · rejected=0 · elapsed_ms=1.4
[WARN] [1786545562.087269]: 开始进行多边形确认 · 多边形确认失败 · rejected=0 · elapsed_ms=1.4
[WARN] [1786545562.200872]: 开始进行多边形确认 · 多边形确认失败 · rejected=0 · elapsed_ms=1.1
[WARN] [1786545562.329994]: 开始进行多边形确认 · 多边形确认失败 · rejected=0 · elapsed_ms=1.2
[WARN] [1786545562.451501]: 开始进行多边形确认 · 多边形确认失败 · rejected=0 · elapsed_ms=1.3
[WARN] [1786545562.608427]: 开始进行多边形确认 · 多边形确认失败 · rejected=0 · elapsed_ms=1.3
[WARN] [1786545562.702932]: 开始进行多边形确认 · 多边形确认失败 · rejected=0 · elapsed_ms=1.1
[WARN] [1786545562.834940]: 开始进行多边形确认 · 多边形确认失败 · rejected=0 · elapsed_ms=1.2
[WARN] [1786545562.967083]: 开始进行多边形确认 · 多边形确认失败 · rejected=0 · elapsed_ms=1.3
[WARN] [1786545563.117625]: 开始进行多边形确认 · 多边形确认失败 · rejected=0 · elapsed_ms=2.3
[WARN] [1786545563.237800]: 开始进行多边形确认 · 多边形确认失败 · rejected=0 · elapsed_ms=1.5
[WARN] [1786545563.367319]: 开始进行多边形确认 · 多边形确认失败 · rejected=0 · elapsed_ms=1.7
[WARN] [1786545563.489197]: 开始进行多边形确认 · 多边形确认失败 · rejected=0 · elapsed_ms=1.6
[WARN] [1786545563.642715]: 开始进行多边形确认 · 多边形确认失败 · rejected=0 · elapsed_ms=1.3
[WARN] [1786545563.708887]: 开始进行多边形确认 · 多边形确认失败 · rejected=0 · elapsed_ms=1.4
[WARN] [1786545563.835178]: 开始进行多边形确认 · 多边形确认失败 · rejected=0 · elapsed_ms=1.3
[WARN] [1786545563.972808]: 开始进行多边形确认 · 多边形确认失败 · rejected=0 · elapsed_ms=1.4
[WARN] [1786545564.081091]: 开始进行多边形确认 · 多边形确认失败 · rejected=0 · elapsed_ms=1.5
[WARN] [1786545564.207644]: 开始进行多边形确认 · 多边形确认失败 · rejected=0 · elapsed_ms=2.3
[WARN] [1786545564.328360]: 开始进行多边形确认 · 多边形确认失败 · rejected=0 · elapsed_ms=1.4
[WARN] [1786545564.466342]: 开始进行多边形确认 · 多边形确认失败 · rejected=0 · elapsed_ms=1.3
[WARN] [1786545564.610546]: 开始进行多边形确认 · 多边形确认失败 · rejected=0 · elapsed_ms=3.1
[WARN] [1786545564.721557]: 开始进行多边形确认 · 多边形确认失败 · rejected=0 · elapsed_ms=1.3
[WARN] [1786545564.843489]: 开始进行多边形确认 · 多边形确认失败 · rejected=0 · elapsed_ms=1.3
[WARN] [1786545564.988895]: 开始进行多边形确认 · 多边形确认失败 · rejected=0 · elapsed_ms=1.6
[WARN] [1786545565.117147]: 开始进行多边形确认 · 多边形确认失败 · rejected=0 · elapsed_ms=1.6
[WARN] [1786545565.241970]: 开始进行多边形确认 · 多边形确认失败 · rejected=0 · elapsed_ms=1.4
[WARN] [1786545565.369274]: 开始进行多边形确认 · 多边形确认失败 · rejected=0 · elapsed_ms=1.6
[WARN] [1786545565.492534]: 开始进行多边形确认 · 多边形确认失败 · rejected=0 · elapsed_ms=1.3
[WARN] [1786545565.635250]: 开始进行多边形确认 · 多边形确认失败 · rejected=0 · elapsed_ms=1.5
[WARN] [1786545565.747686]: 开始进行多边形确认 · 多边形确认失败 · rejected=0 · elapsed_ms=1.2
[WARN] [1786545565.863564]: 开始进行多边形确认 · 多边形确认失败 · rejected=0 · elapsed_ms=1.3
[WARN] [1786545565.991321]: 开始进行多边形确认 · 多边形确认失败 · rejected=0 · elapsed_ms=1.0
[WARN] [1786545566.105367]: 开始进行多边形确认 · 多边形确认失败 · rejected=0 · elapsed_ms=1.1
[WARN] [1786545566.233370]: 开始进行多边形确认 · 多边形确认失败 · rejected=0 · elapsed_ms=1.2
[WARN] [1786545566.361039]: 开始进行多边形确认 · 多边形确认失败 · rejected=0 · elapsed_ms=1.0
[WARN] [1786545566.472947]: 开始进行多边形确认 · 多边形确认失败 · rejected=0 · elapsed_ms=1.2
[WARN] [1786545566.612726]: 开始进行多边形确认 · 多边形确认失败 · rejected=0 · elapsed_ms=1.5
[WARN] [1786545566.756877]: 开始进行多边形确认 · 多边形确认失败 · rejected=0 · elapsed_ms=1.2
[WARN] [1786545567.005657]: 开始进行多边形确认 · 多边形确认失败 · rejected=0 · elapsed_ms=1.2
[INFO] [1786545555.309272]: 开始进行多边形确认 · detections=1
[INFO] [1786545555.428443]: 开始进行多边形确认 · detections=1
[INFO] [1786545555.553691]: 开始进行多边形确认 · detections=1
[INFO] [1786545555.703990]: 开始进行多边形确认 · detections=1
[INFO] [1786545555.826338]: 开始进行多边形确认 · detections=1
[INFO] [1786545555.965266]: 开始进行多边形确认 · detections=1
[INFO] [1786545556.087714]: 开始进行多边形确认 · detections=1
[INFO] [1786545556.205051]: 开始进行多边形确认 · detections=1
[INFO] [1786545556.345779]: 开始进行多边形确认 · detections=1
[INFO] [1786545556.440865]: 开始进行多边形确认 · detections=1
[INFO] [1786545556.564999]: 开始进行多边形确认 · detections=1
[INFO] [1786545556.693072]: 开始进行多边形确认 · detections=1
[INFO] [1786545556.814333]: 开始进行多边形确认 · detections=1
[INFO] [1786545556.944836]: 开始进行多边形确认 · detections=1
[INFO] [1786545557.067980]: 开始进行多边形确认 · detections=1
[INFO] [1786545557.198024]: 开始进行多边形确认 · detections=1
[INFO] [1786545557.341116]: 开始进行多边形确认 · detections=1
[INFO] [1786545557.463496]: 开始进行多边形确认 · detections=1
[INFO] [1786545557.585149]: 开始进行多边形确认 · detections=1
[INFO] [1786545557.707592]: 开始进行多边形确认 · detections=1
[INFO] [1786545557.830025]: 开始进行多边形确认 · detections=1
[INFO] [1786545557.954474]: 开始进行多边形确认 · detections=1
[INFO] [1786545558.060298]: RGB-D vision status: model_ready:onnxruntime targets:0 centers:0 tf:0 rejected:0 merged:0 semantic_masks:0
[INFO] [1786545558.184875]: 开始进行多边形确认 · detections=1
[INFO] [1786545558.317159]: 开始进行多边形确认 · detections=1
[INFO] [1786545558.461406]: 开始进行多边形确认 · detections=1
[INFO] [1786545558.584480]: 开始进行多边形确认 · detections=1
[INFO] [1786545558.713582]: 开始进行多边形确认 · detections=1
[INFO] [1786545558.837832]: 开始进行多边形确认 · detections=1
[INFO] [1786545558.962921]: 开始进行多边形确认 · detections=1
[INFO] [1786545559.088418]: 开始进行多边形确认 · detections=1
[INFO] [1786545559.218386]: 开始进行多边形确认 · detections=1
[INFO] [1786545559.352353]: 开始进行多边形确认 · detections=1
[INFO] [1786545559.472958]: 开始进行多边形确认 · detections=1
[INFO] [1786545559.574737]: 开始进行多边形确认 · detections=1
[INFO] [1786545559.694019]: 开始进行多边形确认 · detections=1
[INFO] [1786545559.828912]: 开始进行多边形确认 · detections=1
[INFO] [1786545559.940286]: 开始进行多边形确认 · detections=1
[INFO] [1786545560.064110]: 开始进行多边形确认 · detections=1
[INFO] [1786545560.194692]: 开始进行多边形确认 · detections=1
[INFO] [1786545560.317644]: 开始进行多边形确认 · detections=1
[INFO] [1786545560.498392]: 开始进行多边形确认 · detections=1
[INFO] [1786545560.706580]: 开始进行多边形确认 · detections=1
[INFO] [1786545560.832840]: 开始进行多边形确认 · detections=1
[INFO] [1786545560.960519]: 开始进行多边形确认 · detections=1
[INFO] [1786545561.070144]: 开始进行多边形确认 · detections=1
[INFO] [1786545561.199228]: 开始进行多边形确认 · detections=1
[INFO] [1786545561.344883]: 开始进行多边形确认 · detections=1
[INFO] [1786545561.484701]: 开始进行多边形确认 · detections=1
[INFO] [1786545561.604623]: 开始进行多边形确认 · detections=1
[INFO] [1786545561.707741]: 开始进行多边形确认 · detections=1
[INFO] [1786545561.841912]: 开始进行多边形确认 · detections=1
[INFO] [1786545561.960604]: 开始进行多边形确认 · detections=1
[INFO] [1786545562.085996]: 开始进行多边形确认 · detections=1
[INFO] [1786545562.199811]: 开始进行多边形确认 · detections=1
[INFO] [1786545562.328822]: 开始进行多边形确认 · detections=1
[INFO] [1786545562.450288]: 开始进行多边形确认 · detections=1
[INFO] [1786545562.607130]: 开始进行多边形确认 · detections=1
[INFO] [1786545562.701887]: 开始进行多边形确认 · detections=1
[INFO] [1786545562.833792]: 开始进行多边形确认 · detections=1
[INFO] [1786545562.965771]: 开始进行多边形确认 · detections=1
[INFO] [1786545563.115414]: 开始进行多边形确认 · detections=1
[INFO] [1786545563.236383]: 开始进行多边形确认 · detections=1
[INFO] [1786545563.365754]: 开始进行多边形确认 · detections=1
[INFO] [1786545563.487650]: 开始进行多边形确认 · detections=1
[INFO] [1786545563.641501]: 开始进行多边形确认 · detections=1
[INFO] [1786545563.707498]: 开始进行多边形确认 · detections=1
[INFO] [1786545563.833908]: 开始进行多边形确认 · detections=1
[INFO] [1786545563.971509]: 开始进行多边形确认 · detections=1
[INFO] [1786545564.079632]: 开始进行多边形确认 · detections=1
[INFO] [1786545564.205360]: 开始进行多边形确认 · detections=1
[INFO] [1786545564.327025]: 开始进行多边形确认 · detections=1
[INFO] [1786545564.465148]: 开始进行多边形确认 · detections=1
[INFO] [1786545564.607473]: 开始进行多边形确认 · detections=1
[INFO] [1786545564.720292]: 开始进行多边形确认 · detections=1
[INFO] [1786545564.842223]: 开始进行多边形确认 · detections=1
[INFO] [1786545564.987361]: 开始进行多边形确认 · detections=1
[INFO] [1786545565.115592]: 开始进行多边形确认 · detections=1
[INFO] [1786545565.240690]: 开始进行多边形确认 · detections=1
[INFO] [1786545565.367716]: 开始进行多边形确认 · detections=1
[INFO] [1786545565.491317]: 开始进行多边形确认 · detections=1
[INFO] [1786545565.633793]: 开始进行多边形确认 · detections=1
[INFO] [1786545565.746529]: 开始进行多边形确认 · detections=1
[INFO] [1786545565.862304]: 开始进行多边形确认 · detections=1
[INFO] [1786545565.990349]: 开始进行多边形确认 · detections=1
[INFO] [1786545566.104361]: 开始进行多边形确认 · detections=1
[INFO] [1786545566.232253]: 开始进行多边形确认 · detections=1
[INFO] [1786545566.360086]: 开始进行多边形确认 · detections=1
[INFO] [1786545566.471856]: 开始进行多边形确认 · detections=1
[INFO] [1786545566.611205]: 开始进行多边形确认 · detections=1
[INFO] [1786545566.755688]: 开始进行多边形确认 · detections=1
[INFO] [1786545566.878998]: RGB-D vision status: model_ready:onnxruntime targets:0 centers:0 tf:0 rejected:0 merged:0 semantic_masks:0
[INFO] [1786545567.004504]: 开始进行多边形确认 · detections=1
[INFO] [1786545567.135127]: 开始进行多边形确认 · detections=1
[INFO] [1786545567.257949]: 开始进行多边形确认 · detections=1
[INFO] [1786545567.400978]: 开始进行多边形确认 · detections=1
[INFO] [1786545567.523093]: 开始进行多边形确认 · detections=1
[INFO] [1786545567.647764]: 开始进行多边形确认 · detections=1
[INFO] [1786545567.777354]: 开始进行多边形确认 · detections=1
[INFO] [1786545568.017372]: 开始进行多边形确认 · detections=1
[INFO] [1786545568.148628]: 开始进行多边形确认 · detections=1
[INFO] [1786545568.262396]: 开始进行多边形确认 · detections=1
[INFO] [1786545568.402873]: 开始进行多边形确认 · detections=1
[INFO] [1786545568.512938]: 开始进行多边形确认 · detections=1
[INFO] [1786545568.767814]: 开始进行多边形确认 · detections=1
[INFO] [1786545568.957427]: 开始进行多边形确认 · detections=1
[INFO] [1786545569.022424]: 开始进行多边形确认 · detections=1
[INFO] [1786545569.163832]: 开始进行多边形确认 · detections=1
[INFO] [1786545569.274807]: 开始进行多边形确认 · detections=1
[INFO] [1786545569.407063]: 开始进行多边形确认 · detections=1
[INFO] [1786545569.530956]: 开始进行多边形确认 · detections=1
[INFO] [1786545569.652725]: 开始进行多边形确认 · detections=1
[WARN] [1786545567.136439]: 开始进行多边形确认 · 多边形确认失败 · rejected=0 · elapsed_ms=1.4
[WARN] [1786545567.259499]: 开始进行多边形确认 · 多边形确认失败 · rejected=0 · elapsed_ms=1.6
[WARN] [1786545567.402227]: 开始进行多边形确认 · 多边形确认失败 · rejected=0 · elapsed_ms=1.3
[WARN] [1786545567.524423]: 开始进行多边形确认 · 多边形确认失败 · rejected=0 · elapsed_ms=1.4
[WARN] [1786545567.648965]: 开始进行多边形确认 · 多边形确认失败 · rejected=0 · elapsed_ms=1.3
[WARN] [1786545567.779307]: 开始进行多边形确认 · 多边形确认失败 · rejected=0 · elapsed_ms=2.0
[WARN] [1786545568.018688]: 开始进行多边形确认 · 多边形确认失败 · rejected=0 · elapsed_ms=1.4
[WARN] [1786545568.150012]: 开始进行多边形确认 · 多边形确认失败 · rejected=0 · elapsed_ms=1.5
[WARN] [1786545568.263827]: 开始进行多边形确认 · 多边形确认失败 · rejected=0 · elapsed_ms=1.5
[WARN] [1786545568.404914]: 开始进行多边形确认 · 多边形确认失败 · rejected=0 · elapsed_ms=2.2
[WARN] [1786545568.514141]: 开始进行多边形确认 · 多边形确认失败 · rejected=0 · elapsed_ms=1.3
[WARN] [1786545568.769114]: 开始进行多边形确认 · 多边形确认失败 · rejected=0 · elapsed_ms=1.4
[WARN] [1786545568.958744]: 开始进行多边形确认 · 多边形确认失败 · rejected=0 · elapsed_ms=1.4
[WARN] [1786545569.023486]: 开始进行多边形确认 · 多边形确认失败 · rejected=0 · elapsed_ms=1.1
[WARN] [1786545569.165199]: 开始进行多边形确认 · 多边形确认失败 · rejected=0 · elapsed_ms=1.5
[WARN] [1786545569.278107]: 开始进行多边形确认 · 多边形确认失败 · rejected=0 · elapsed_ms=3.3
[WARN] [1786545569.408431]: 开始进行多边形确认 · 多边形确认失败 · rejected=0 · elapsed_ms=1.4
[WARN] [1786545569.532296]: 开始进行多边形确认 · 多边形确认失败 · rejected=0 · elapsed_ms=1.4
[WARN] [1786545569.654187]: 开始进行多边形确认 · 多边形确认失败 · rejected=0 · elapsed_ms=1.6
[WARN] [1786545569.775001]: 开始进行多边形确认 · 多边形确认失败 · rejected=0 · elapsed_ms=1.5
[WARN] [1786545569.899277]: 开始进行多边形确认 · 多边形确认失败 · rejected=0 · elapsed_ms=1.3
[WARN] [1786545570.039907]: 开始进行多边形确认 · 多边形确认失败 · rejected=0 · elapsed_ms=1.4
[WARN] [1786545570.150668]: 开始进行多边形确认 · 多边形确认失败 · rejected=0 · elapsed_ms=1.4
[WARN] [1786545570.277200]: 开始进行多边形确认 · 多边形确认失败 · rejected=0 · elapsed_ms=1.3
[WARN] [1786545570.404028]: 开始进行多边形确认 · 多边形确认失败 · rejected=0 · elapsed_ms=1.3
[WARN] [1786545570.514196]: 开始进行多边形确认 · 多边形确认失败 · rejected=0 · elapsed_ms=1.3
[WARN] [1786545570.639156]: 开始进行多边形确认 · 多边形确认失败 · rejected=0 · elapsed_ms=1.5
[WARN] [1786545570.781208]: 开始进行多边形确认 · 多边形确认失败 · rejected=0 · elapsed_ms=1.2
[WARN] [1786545570.916458]: 开始进行多边形确认 · 多边形确认失败 · rejected=0 · elapsed_ms=1.6
[WARN] [1786545571.095814]: 开始进行多边形确认 · 多边形确认失败 · rejected=0 · elapsed_ms=1.6
[WARN] [1786545571.166077]: 开始进行多边形确认 · 多边形确认失败 · rejected=0 · elapsed_ms=1.5
[WARN] [1786545571.290396]: 开始进行多边形确认 · 多边形确认失败 · rejected=0 · elapsed_ms=1.3
[WARN] [1786545571.422855]: 开始进行多边形确认 · 多边形确认失败 · rejected=0 · elapsed_ms=1.7
[WARN] [1786545571.541694]: 开始进行多边形确认 · 多边形确认失败 · rejected=0 · elapsed_ms=2.5
[WARN] [1786545571.663316]: 开始进行多边形确认 · 多边形确认失败 · rejected=0 · elapsed_ms=1.3
[WARN] [1786545571.789701]: 开始进行多边形确认 · 多边形确认失败 · rejected=0 · elapsed_ms=1.4
[WARN] [1786545571.920847]: 开始进行多边形确认 · 多边形确认失败 · rejected=0 · elapsed_ms=1.3
[WARN] [1786545572.099006]: 开始进行多边形确认 · 多边形确认失败 · rejected=0 · elapsed_ms=1.5
[WARN] [1786545572.166419]: 开始进行多边形确认 · 多边形确认失败 · rejected=0 · elapsed_ms=1.5
[WARN] [1786545572.423102]: 开始进行多边形确认 · 多边形确认失败 · rejected=0 · elapsed_ms=1.5
[WARN] [1786545572.546473]: 开始进行多边形确认 · 多边形确认失败 · rejected=0 · elapsed_ms=2.6
[WARN] [1786545572.673524]: 开始进行多边形确认 · 多边形确认失败 · rejected=0 · elapsed_ms=1.4
[WARN] [1786545572.797088]: 开始进行多边形确认 · 多边形确认失败 · rejected=0 · elapsed_ms=1.5
[WARN] [1786545572.921251]: 开始进行多边形确认 · 多边形确认失败 · rejected=0 · elapsed_ms=1.3
[WARN] [1786545573.048704]: 开始进行多边形确认 · 多边形确认失败 · rejected=0 · elapsed_ms=1.7
[WARN] [1786545573.191031]: 开始进行多边形确认 · 多边形确认失败 · rejected=0 · elapsed_ms=1.3
[WARN] [1786545573.297418]: 开始进行多边形确认 · 多边形确认失败 · rejected=0 · elapsed_ms=1.3
[WARN] [1786545573.424466]: 开始进行多边形确认 · 多边形确认失败 · rejected=0 · elapsed_ms=1.4
[WARN] [1786545573.538638]: 开始进行多边形确认 · 多边形确认失败 · rejected=0 · elapsed_ms=1.7
[WARN] [1786545573.650370]: 开始进行多边形确认 · 多边形确认失败 · rejected=0 · elapsed_ms=1.4
[WARN] [1786545573.807128]: 开始进行多边形确认 · 多边形确认失败 · rejected=0 · elapsed_ms=1.5
[WARN] [1786545573.922615]: 开始进行多边形确认 · 多边形确认失败 · rejected=0 · elapsed_ms=1.2
[WARN] [1786545574.045736]: 开始进行多边形确认 · 多边形确认失败 · rejected=0 · elapsed_ms=1.2
[WARN] [1786545574.184101]: 开始进行多边形确认 · 多边形确认失败 · rejected=0 · elapsed_ms=7.8
[WARN] [1786545574.316479]: 开始进行多边形确认 · 多边形确认失败 · rejected=0 · elapsed_ms=1.6
[WARN] [1786545574.424366]: 开始进行多边形确认 · 多边形确认失败 · rejected=0 · elapsed_ms=1.6
[WARN] [1786545574.551262]: 开始进行多边形确认 · 多边形确认失败 · rejected=0 · elapsed_ms=3.1
[WARN] [1786545574.800092]: 开始进行多边形确认 · 多边形确认失败 · rejected=0 · elapsed_ms=1.5
[WARN] [1786545574.922144]: 开始进行多边形确认 · 多边形确认失败 · rejected=0 · elapsed_ms=1.3
[WARN] [1786545575.049585]: 开始进行多边形确认 · 多边形确认失败 · rejected=0 · elapsed_ms=1.5
[WARN] [1786545575.173545]: 开始进行多边形确认 · 多边形确认失败 · rejected=0 · elapsed_ms=1.4
[WARN] [1786545575.309247]: 开始进行多边形确认 · 多边形确认失败 · rejected=0 · elapsed_ms=1.4
[WARN] [1786545575.422841]: 开始进行多边形确认 · 多边形确认失败 · rejected=0 · elapsed_ms=1.1
[WARN] [1786545575.543033]: 开始进行多边形确认 · 多边形确认失败 · rejected=0 · elapsed_ms=1.1
[WARN] [1786545575.667646]: 开始进行多边形确认 · 多边形确认失败 · rejected=0 · elapsed_ms=1.2
[WARN] [1786545575.816205]: 开始进行多边形确认 · 多边形确认失败 · rejected=0 · elapsed_ms=1.4
[WARN] [1786545575.933649]: 开始进行多边形确认 · 多边形确认失败 · rejected=0 · elapsed_ms=1.4
[WARN] [1786545576.043777]: 开始进行多边形确认 · 多边形确认失败 · rejected=0 · elapsed_ms=1.6
[WARN] [1786545576.170016]: 开始进行多边形确认 · 多边形确认失败 · rejected=0 · elapsed_ms=1.6
[WARN] [1786545576.296254]: 开始进行多边形确认 · 多边形确认失败 · rejected=0 · elapsed_ms=1.4
[WARN] [1786545576.445740]: 开始进行多边形确认 · 多边形确认失败 · rejected=0 · elapsed_ms=1.5
[WARN] [1786545576.552536]: 开始进行多边形确认 · 多边形确认失败 · rejected=0 · elapsed_ms=1.5
[INFO] [1786545569.773605]: 开始进行多边形确认 · detections=1
[INFO] [1786545569.898061]: 开始进行多边形确认 · detections=1
[INFO] [1786545570.038573]: 开始进行多边形确认 · detections=1
[INFO] [1786545570.149340]: 开始进行多边形确认 · detections=1
[INFO] [1786545570.275980]: 开始进行多边形确认 · detections=1
[INFO] [1786545570.402789]: 开始进行多边形确认 · detections=1
[INFO] [1786545570.512934]: 开始进行多边形确认 · detections=1
[INFO] [1786545570.637745]: 开始进行多边形确认 · detections=1
[INFO] [1786545570.780107]: 开始进行多边形确认 · detections=1
[INFO] [1786545570.914989]: 开始进行多边形确认 · detections=1
[INFO] [1786545571.094329]: 开始进行多边形确认 · detections=1
[INFO] [1786545571.164632]: 开始进行多边形确认 · detections=1
[INFO] [1786545571.289173]: 开始进行多边形确认 · detections=1
[INFO] [1786545571.421170]: 开始进行多边形确认 · detections=1
[INFO] [1786545571.539209]: 开始进行多边形确认 · detections=1
[INFO] [1786545571.662072]: 开始进行多边形确认 · detections=1
[INFO] [1786545571.788371]: 开始进行多边形确认 · detections=1
[INFO] [1786545571.919608]: 开始进行多边形确认 · detections=1
[INFO] [1786545572.097569]: 开始进行多边形确认 · detections=1
[INFO] [1786545572.165000]: 开始进行多边形确认 · detections=1
[INFO] [1786545572.291779]: RGB-D vision status: model_ready:onnxruntime targets:0 centers:0 tf:0 rejected:0 merged:0 semantic_masks:0
[INFO] [1786545572.421706]: 开始进行多边形确认 · detections=1
[INFO] [1786545572.543914]: 开始进行多边形确认 · detections=1
[INFO] [1786545572.672207]: 开始进行多边形确认 · detections=1
[INFO] [1786545572.795677]: 开始进行多边形确认 · detections=1
[INFO] [1786545572.920033]: 开始进行多边形确认 · detections=1
[INFO] [1786545573.047068]: 开始进行多边形确认 · detections=1
[INFO] [1786545573.189823]: 开始进行多边形确认 · detections=1
[INFO] [1786545573.296160]: 开始进行多边形确认 · detections=1
[INFO] [1786545573.423138]: 开始进行多边形确认 · detections=1
[INFO] [1786545573.536951]: 开始进行多边形确认 · detections=1
[INFO] [1786545573.649013]: 开始进行多边形确认 · detections=1
[INFO] [1786545573.805724]: 开始进行多边形确认 · detections=1
[INFO] [1786545573.921521]: 开始进行多边形确认 · detections=1
[INFO] [1786545574.044587]: 开始进行多边形确认 · detections=1
[INFO] [1786545574.176364]: 开始进行多边形确认 · detections=1
[INFO] [1786545574.314981]: 开始进行多边形确认 · detections=1
[INFO] [1786545574.422868]: 开始进行多边形确认 · detections=1
[INFO] [1786545574.548275]: 开始进行多边形确认 · detections=1
[INFO] [1786545574.798681]: 开始进行多边形确认 · detections=1
[INFO] [1786545574.920918]: 开始进行多边形确认 · detections=1
[INFO] [1786545575.048188]: 开始进行多边形确认 · detections=1
[INFO] [1786545575.172270]: 开始进行多边形确认 · detections=1
[INFO] [1786545575.307942]: 开始进行多边形确认 · detections=1
[INFO] [1786545575.421778]: 开始进行多边形确认 · detections=1
[INFO] [1786545575.541977]: 开始进行多边形确认 · detections=1
[INFO] [1786545575.666558]: 开始进行多边形确认 · detections=1
[INFO] [1786545575.814905]: 开始进行多边形确认 · detections=1
[INFO] [1786545575.932295]: 开始进行多边形确认 · detections=1
[INFO] [1786545576.042287]: 开始进行多边形确认 · detections=1
[INFO] [1786545576.168499]: 开始进行多边形确认 · detections=1
[INFO] [1786545576.294896]: 开始进行多边形确认 · detections=1
[INFO] [1786545576.444363]: 开始进行多边形确认 · detections=1
[INFO] [1786545576.551130]: 开始进行多边形确认 · detections=1
[INFO] [1786545576.678949]: 开始进行多边形确认 · detections=1
[INFO] [1786545576.802821]: 开始进行多边形确认 · detections=1
[INFO] [1786545577.060096]: 开始进行多边形确认 · detections=1
[INFO] [1786545577.307270]: 开始进行多边形确认 · detections=1
[INFO] [1786545577.309775]: RGB-D vision status: model_ready:onnxruntime targets:0 centers:0 tf:0 rejected:0 merged:0 semantic_masks:1
[INFO] [1786545577.481005]: 开始进行多边形确认 · detections=1
[INFO] [1786545577.564416]: 开始进行多边形确认 · detections=1
[INFO] [1786545577.803894]: 开始进行多边形确认 · detections=1
[INFO] [1786545577.919947]: 开始进行多边形确认 · detections=1
[INFO] [1786545578.044422]: 开始进行多边形确认 · detections=1
[INFO] [1786545578.296625]: 开始进行多边形确认 · detections=1
[INFO] [1786545578.428023]: 开始进行多边形确认 · detections=1
[INFO] [1786545578.578198]: 开始进行多边形确认 · detections=1
[INFO] [1786545578.686816]: 开始进行多边形确认 · detections=1
[INFO] [1786545578.812827]: 开始进行多边形确认 · detections=1
[INFO] [1786545578.939802]: 开始进行多边形确认 · detections=1
[INFO] [1786545579.064422]: 开始进行多边形确认 · detections=1
[INFO] [1786545579.316326]: 开始进行多边形确认 · detections=1
[INFO] [1786545579.447721]: 开始进行多边形确认 · detections=1
[INFO] [1786545579.571046]: 开始进行多边形确认 · detections=1
[INFO] [1786545579.686684]: 开始进行多边形确认 · detections=1
[INFO] [1786545579.807654]: 开始进行多边形确认 · detections=1
[INFO] [1786545579.919775]: 开始进行多边形确认 · detections=1
[INFO] [1786545580.057281]: 开始进行多边形确认 · detections=1
[INFO] [1786545580.165648]: 开始进行多边形确认 · detections=1
[INFO] [1786545580.295685]: 开始进行多边形确认 · detections=1
[INFO] [1786545580.414521]: 开始进行多边形确认 · detections=1
[INFO] [1786545580.593634]: 开始进行多边形确认 · detections=1
[INFO] [1786545580.681027]: 开始进行多边形确认 · detections=1
[INFO] [1786545580.796370]: 开始进行多边形确认 · detections=1
[INFO] [1786545580.915929]: 开始进行多边形确认 · detections=1
[INFO] [1786545581.041137]: 开始进行多边形确认 · detections=1
[INFO] [1786545581.182473]: 开始进行多边形确认 · detections=1
[INFO] [1786545581.292722]: 开始进行多边形确认 · detections=1
[INFO] [1786545581.422123]: 开始进行多边形确认 · detections=1
[INFO] [1786545581.584805]: 开始进行多边形确认 · detections=1
[INFO] [1786545581.671700]: 开始进行多边形确认 · detections=1
[INFO] [1786545581.802478]: 开始进行多边形确认 · detections=1
[INFO] [1786545581.936880]: 开始进行多边形确认 · detections=1
[INFO] [1786545582.060947]: 开始进行多边形确认 · detections=1
[INFO] [1786545582.188818]: 开始进行多边形确认 · detections=1
[INFO] [1786545582.310236]: 开始进行多边形确认 · detections=1
[INFO] [1786545582.437477]: RGB-D vision status: model_ready:onnxruntime targets:0 centers:0 tf:0 rejected:0 merged:0 semantic_masks:0
[INFO] [1786545582.558972]: 开始进行多边形确认 · detections=1
[INFO] [1786545582.712204]: 开始进行多边形确认 · detections=1
[INFO] [1786545582.811887]: 开始进行多边形确认 · detections=1
[INFO] [1786545582.941016]: 开始进行多边形确认 · detections=1
[INFO] [1786545583.063382]: 开始进行多边形确认 · detections=1
[INFO] [1786545583.193068]: 开始进行多边形确认 · detections=1
[INFO] [1786545583.306825]: 开始进行多边形确认 · detections=1
[INFO] [1786545583.435503]: 开始进行多边形确认 · detections=1
[INFO] [1786545583.560355]: 开始进行多边形确认 · detections=1
[INFO] [1786545583.731559]: 开始进行多边形确认 · detections=1
[INFO] [1786545583.802645]: 开始进行多边形确认 · detections=1
[INFO] [1786545583.923032]: 开始进行多边形确认 · detections=1
[INFO] [1786545584.066957]: 开始进行多边形确认 · detections=1
[INFO] [1786545584.197364]: 开始进行多边形确认 · detections=1
[WARN] [1786545576.680726]: 开始进行多边形确认 · 多边形确认失败 · rejected=0 · elapsed_ms=1.9
[WARN] [1786545576.804035]: 开始进行多边形确认 · 多边形确认失败 · rejected=0 · elapsed_ms=1.3
[WARN] [1786545577.061750]: 开始进行多边形确认 · 多边形确认失败 · rejected=0 · elapsed_ms=1.7
[WARN] [1786545577.308630]: 开始进行多边形确认 · 多边形确认失败 · rejected=0 · elapsed_ms=1.4
[WARN] [1786545577.482197]: 开始进行多边形确认 · 多边形确认失败 · rejected=0 · elapsed_ms=1.3
[WARN] [1786545577.565639]: 开始进行多边形确认 · 多边形确认失败 · rejected=0 · elapsed_ms=1.3
[WARN] [1786545577.804945]: 开始进行多边形确认 · 多边形确认失败 · rejected=0 · elapsed_ms=1.1
[WARN] [1786545577.921211]: 开始进行多边形确认 · 多边形确认失败 · rejected=0 · elapsed_ms=1.3
[WARN] [1786545578.045518]: 开始进行多边形确认 · 多边形确认失败 · rejected=0 · elapsed_ms=1.1
[WARN] [1786545578.297691]: 开始进行多边形确认 · 多边形确认失败 · rejected=0 · elapsed_ms=1.1
[WARN] [1786545578.429111]: 开始进行多边形确认 · 多边形确认失败 · rejected=0 · elapsed_ms=1.2
[WARN] [1786545578.579343]: 开始进行多边形确认 · 多边形确认失败 · rejected=0 · elapsed_ms=1.2
[WARN] [1786545578.688013]: 开始进行多边形确认 · 多边形确认失败 · rejected=0 · elapsed_ms=1.3
[WARN] [1786545578.814152]: 开始进行多边形确认 · 多边形确认失败 · rejected=0 · elapsed_ms=1.4
[WARN] [1786545578.941606]: 开始进行多边形确认 · 多边形确认失败 · rejected=0 · elapsed_ms=1.9
[WARN] [1786545579.065998]: 开始进行多边形确认 · 多边形确认失败 · rejected=0 · elapsed_ms=1.7
[WARN] [1786545579.317869]: 开始进行多边形确认 · 多边形确认失败 · rejected=0 · elapsed_ms=1.6
[WARN] [1786545579.449676]: 开始进行多边形确认 · 多边形确认失败 · rejected=0 · elapsed_ms=2.1
[WARN] [1786545579.572289]: 开始进行多边形确认 · 多边形确认失败 · rejected=0 · elapsed_ms=1.3
[WARN] [1786545579.687947]: 开始进行多边形确认 · 多边形确认失败 · rejected=0 · elapsed_ms=1.3
[WARN] [1786545579.809062]: 开始进行多边形确认 · 多边形确认失败 · rejected=0 · elapsed_ms=1.5
[WARN] [1786545579.920759]: 开始进行多边形确认 · 多边形确认失败 · rejected=0 · elapsed_ms=1.0
[WARN] [1786545580.058431]: 开始进行多边形确认 · 多边形确认失败 · rejected=0 · elapsed_ms=1.2
[WARN] [1786545580.166951]: 开始进行多边形确认 · 多边形确认失败 · rejected=0 · elapsed_ms=1.4
[WARN] [1786545580.296999]: 开始进行多边形确认 · 多边形确认失败 · rejected=0 · elapsed_ms=1.4
[WARN] [1786545580.415651]: 开始进行多边形确认 · 多边形确认失败 · rejected=0 · elapsed_ms=1.2
[WARN] [1786545580.594902]: 开始进行多边形确认 · 多边形确认失败 · rejected=0 · elapsed_ms=1.3
[WARN] [1786545580.682334]: 开始进行多边形确认 · 多边形确认失败 · rejected=0 · elapsed_ms=1.4
[WARN] [1786545580.797684]: 开始进行多边形确认 · 多边形确认失败 · rejected=0 · elapsed_ms=1.4
[WARN] [1786545580.917141]: 开始进行多边形确认 · 多边形确认失败 · rejected=0 · elapsed_ms=1.3
[WARN] [1786545581.042263]: 开始进行多边形确认 · 多边形确认失败 · rejected=0 · elapsed_ms=1.2
[WARN] [1786545581.183636]: 开始进行多边形确认 · 多边形确认失败 · rejected=0 · elapsed_ms=1.2
[WARN] [1786545581.293977]: 开始进行多边形确认 · 多边形确认失败 · rejected=0 · elapsed_ms=1.3
[WARN] [1786545581.423404]: 开始进行多边形确认 · 多边形确认失败 · rejected=0 · elapsed_ms=1.3
[WARN] [1786545581.586047]: 开始进行多边形确认 · 多边形确认失败 · rejected=0 · elapsed_ms=1.3
[WARN] [1786545581.672986]: 开始进行多边形确认 · 多边形确认失败 · rejected=0 · elapsed_ms=1.4
[WARN] [1786545581.803791]: 开始进行多边形确认 · 多边形确认失败 · rejected=0 · elapsed_ms=1.4
[WARN] [1786545581.938159]: 开始进行多边形确认 · 多边形确认失败 · rejected=0 · elapsed_ms=1.4
[WARN] [1786545582.061938]: 开始进行多边形确认 · 多边形确认失败 · rejected=0 · elapsed_ms=1.1
[WARN] [1786545582.189809]: 开始进行多边形确认 · 多边形确认失败 · rejected=0 · elapsed_ms=1.0
[WARN] [1786545582.311557]: 开始进行多边形确认 · 多边形确认失败 · rejected=0 · elapsed_ms=1.4
[WARN] [1786545582.560326]: 开始进行多边形确认 · 多边形确认失败 · rejected=0 · elapsed_ms=1.4
[WARN] [1786545582.713533]: 开始进行多边形确认 · 多边形确认失败 · rejected=0 · elapsed_ms=1.4
[WARN] [1786545582.813849]: 开始进行多边形确认 · 多边形确认失败 · rejected=0 · elapsed_ms=2.0
[WARN] [1786545582.942298]: 开始进行多边形确认 · 多边形确认失败 · rejected=0 · elapsed_ms=1.4
[WARN] [1786545583.064748]: 开始进行多边形确认 · 多边形确认失败 · rejected=0 · elapsed_ms=1.4
[WARN] [1786545583.194720]: 开始进行多边形确认 · 多边形确认失败 · rejected=0 · elapsed_ms=1.7
[WARN] [1786545583.308053]: 开始进行多边形确认 · 多边形确认失败 · rejected=0 · elapsed_ms=1.3
[WARN] [1786545583.436734]: 开始进行多边形确认 · 多边形确认失败 · rejected=0 · elapsed_ms=1.3
[WARN] [1786545583.562061]: 开始进行多边形确认 · 多边形确认失败 · rejected=0 · elapsed_ms=1.8
[WARN] [1786545583.732931]: 开始进行多边形确认 · 多边形确认失败 · rejected=0 · elapsed_ms=1.4
[WARN] [1786545583.803689]: 开始进行多边形确认 · 多边形确认失败 · rejected=0 · elapsed_ms=1.1
[WARN] [1786545583.924128]: 开始进行多边形确认 · 多边形确认失败 · rejected=0 · elapsed_ms=1.2
[WARN] [1786545584.068185]: 开始进行多边形确认 · 多边形确认失败 · rejected=0 · elapsed_ms=1.3
[WARN] [1786545584.198555]: 开始进行多边形确认 · 多边形确认失败 · rejected=0 · elapsed_ms=1.3
[WARN] [1786545584.323128]: 开始进行多边形确认 · 多边形确认失败 · rejected=0 · elapsed_ms=1.5
[WARN] [1786545584.440836]: 开始进行多边形确认 · 多边形确认失败 · rejected=0 · elapsed_ms=1.6
[WARN] [1786545584.566710]: 开始进行多边形确认 · 多边形确认失败 · rejected=0 · elapsed_ms=1.4
[WARN] [1786545584.694435]: 开始进行多边形确认 · 多边形确认失败 · rejected=0 · elapsed_ms=1.5
[WARN] [1786545584.875417]: 开始进行多边形确认 · 多边形确认失败 · rejected=0 · elapsed_ms=1.7
[WARN] [1786545584.957525]: 开始进行多边形确认 · 多边形确认失败 · rejected=0 · elapsed_ms=1.6
[WARN] [1786545585.213011]: 开始进行多边形确认 · 多边形确认失败 · rejected=0 · elapsed_ms=1.6
[WARN] [1786545585.335818]: 开始进行多边形确认 · 多边形确认失败 · rejected=0 · elapsed_ms=1.6
[WARN] [1786545585.439853]: 开始进行多边形确认 · 多边形确认失败 · rejected=0 · elapsed_ms=1.5
[WARN] [1786545585.561890]: 开始进行多边形确认 · 多边形确认失败 · rejected=0 · elapsed_ms=1.3
[WARN] [1786545585.690121]: 开始进行多边形确认 · 多边形确认失败 · rejected=0 · elapsed_ms=1.6
[WARN] [1786545585.809328]: 开始进行多边形确认 · 多边形确认失败 · rejected=0 · elapsed_ms=1.4
[WARN] [1786545585.976795]: 开始进行多边形确认 · 多边形确认失败 · rejected=0 · elapsed_ms=1.4
[WARN] [1786545586.081351]: 开始进行多边形确认 · 多边形确认失败 · rejected=0 · elapsed_ms=1.5
[WARN] [1786545586.202056]: 开始进行多边形确认 · 多边形确认失败 · rejected=0 · elapsed_ms=2.0
[WARN] [1786545586.332515]: 开始进行多边形确认 · 多边形确认失败 · rejected=0 · elapsed_ms=1.6
[WARN] [1786545586.463709]: 开始进行多边形确认 · 多边形确认失败 · rejected=0 · elapsed_ms=1.3
[WARN] [1786545586.564961]: 开始进行多边形确认 · 多边形确认失败 · rejected=0 · elapsed_ms=1.2
[WARN] [1786545586.696926]: 开始进行多边形确认 · 多边形确认失败 · rejected=0 · elapsed_ms=1.2
[WARN] [1786545586.830388]: 开始进行多边形确认 · 多边形确认失败 · rejected=0 · elapsed_ms=1.3
[WARN] [1786545586.990560]: 开始进行多边形确认 · 多边形确认失败 · rejected=0 · elapsed_ms=1.4
[WARN] [1786545587.106662]: 开始进行多边形确认 · 多边形确认失败 · rejected=0 · elapsed_ms=1.5
[WARN] [1786545587.234585]: 开始进行多边形确认 · 多边形确认失败 · rejected=0 · elapsed_ms=1.6
[WARN] [1786545587.353329]: 开始进行多边形确认 · 多边形确认失败 · rejected=0 · elapsed_ms=1.4
[WARN] [1786545587.455452]: 开始进行多边形确认 · 多边形确认失败 · rejected=0 · elapsed_ms=1.2
[WARN] [1786545587.580380]: 开始进行多边形确认 · 多边形确认失败 · rejected=0 · elapsed_ms=1.3
[WARN] [1786545587.710059]: 开始进行多边形确认 · 多边形确认失败 · rejected=0 · elapsed_ms=1.2
[WARN] [1786545587.859859]: 开始进行多边形确认 · 多边形确认失败 · rejected=0 · elapsed_ms=1.4
[WARN] [1786545588.007030]: 开始进行多边形确认 · 多边形确认失败 · rejected=0 · elapsed_ms=1.2
[WARN] [1786545588.207387]: 开始进行多边形确认 · 多边形确认失败 · rejected=0 · elapsed_ms=0.9
[WARN] [1786545588.354168]: 开始进行多边形确认 · 多边形确认失败 · rejected=0 · elapsed_ms=1.4
[WARN] [1786545588.469232]: 开始进行多边形确认 · 多边形确认失败 · rejected=0 · elapsed_ms=1.4
[WARN] [1786545588.585936]: 开始进行多边形确认 · 多边形确认失败 · rejected=0 · elapsed_ms=1.4
[WARN] [1786545588.715265]: 开始进行多边形确认 · 多边形确认失败 · rejected=0 · elapsed_ms=1.3
[WARN] [1786545588.840377]: 开始进行多边形确认 · 多边形确认失败 · rejected=0 · elapsed_ms=1.3
[WARN] [1786545588.965540]: 开始进行多边形确认 · 多边形确认失败 · rejected=0 · elapsed_ms=1.3
[WARN] [1786545589.134270]: 开始进行多边形确认 · 多边形确认失败 · rejected=0 · elapsed_ms=1.3
[WARN] [1786545589.207128]: 开始进行多边形确认 · 多边形确认失败 · rejected=0 · elapsed_ms=1.5
[WARN] [1786545589.327462]: 开始进行多边形确认 · 多边形确认失败 · rejected=0 · elapsed_ms=1.6
[WARN] [1786545589.593017]: 开始进行多边形确认 · 多边形确认失败 · rejected=0 · elapsed_ms=1.3
[WARN] [1786545589.709790]: 开始进行多边形确认 · 多边形确认失败 · rejected=0 · elapsed_ms=1.3
[WARN] [1786545589.836410]: 开始进行多边形确认 · 多边形确认失败 · rejected=0 · elapsed_ms=1.2
[WARN] [1786545589.961382]: 开始进行多边形确认 · 多边形确认失败 · rejected=0 · elapsed_ms=1.2
[WARN] [1786545590.104712]: 开始进行多边形确认 · 多边形确认失败 · rejected=0 · elapsed_ms=1.3
[WARN] [1786545590.233335]: 开始进行多边形确认 · 多边形确认失败 · rejected=0 · elapsed_ms=1.5
[WARN] [1786545590.345194]: 开始进行多边形确认 · 多边形确认失败 · rejected=0 · elapsed_ms=1.6
[WARN] [1786545590.593004]: 开始进行多边形确认 · 多边形确认失败 · rejected=0 · elapsed_ms=1.2
[WARN] [1786545590.728397]: 开始进行多边形确认 · 多边形确认失败 · rejected=0 · elapsed_ms=1.5
[WARN] [1786545590.854499]: 开始进行多边形确认 · 多边形确认失败 · rejected=0 · elapsed_ms=1.6
[WARN] [1786545590.979050]: 开始进行多边形确认 · 多边形确认失败 · rejected=0 · elapsed_ms=1.5
[WARN] [1786545591.107980]: 开始进行多边形确认 · 多边形确认失败 · rejected=0 · elapsed_ms=1.4
[WARN] [1786545591.237985]: 开始进行多边形确认 · 多边形确认失败 · rejected=0 · elapsed_ms=1.5
[WARN] [1786545591.350598]: 开始进行多边形确认 · 多边形确认失败 · rejected=0 · elapsed_ms=1.5
[WARN] [1786545591.478186]: 开始进行多边形确认 · 多边形确认失败 · rejected=0 · elapsed_ms=1.5
[WARN] [1786545591.594503]: 开始进行多边形确认 · 多边形确认失败 · rejected=0 · elapsed_ms=1.4
[WARN] [1786545591.719188]: 开始进行多边形确认 · 多边形确认失败 · rejected=0 · elapsed_ms=1.4
[WARN] [1786545591.836405]: 开始进行多边形确认 · 多边形确认失败 · rejected=0 · elapsed_ms=1.5
[WARN] [1786545591.970786]: 开始进行多边形确认 · 多边形确认失败 · rejected=0 · elapsed_ms=1.4
[WARN] [1786545592.106741]: 开始进行多边形确认 · 多边形确认失败 · rejected=0 · elapsed_ms=1.4
[WARN] [1786545592.238752]: 开始进行多边形确认 · 多边形确认失败 · rejected=0 · elapsed_ms=1.5
[WARN] [1786545592.331994]: 开始进行多边形确认 · 多边形确认失败 · rejected=0 · elapsed_ms=1.5
[WARN] [1786545592.456223]: 开始进行多边形确认 · 多边形确认失败 · rejected=0 · elapsed_ms=1.3
[WARN] [1786545592.600393]: 开始进行多边形确认 · 多边形确认失败 · rejected=0 · elapsed_ms=19.6
[WARN] [1786545592.709368]: 开始进行多边形确认 · 多边形确认失败 · rejected=0 · elapsed_ms=1.3
[WARN] [1786545592.832726]: 开始进行多边形确认 · 多边形确认失败 · rejected=0 · elapsed_ms=1.5
[WARN] [1786545592.974783]: 开始进行多边形确认 · 多边形确认失败 · rejected=0 · elapsed_ms=1.4
[WARN] [1786545593.111192]: 开始进行多边形确认 · 多边形确认失败 · rejected=0 · elapsed_ms=1.5
[WARN] [1786545593.237330]: 开始进行多边形确认 · 多边形确认失败 · rejected=0 · elapsed_ms=1.5
[WARN] [1786545593.363214]: 开始进行多边形确认 · 多边形确认失败 · rejected=0 · elapsed_ms=1.4
[WARN] [1786545593.609378]: 开始进行多边形确认 · 多边形确认失败 · rejected=0 · elapsed_ms=1.3
[WARN] [1786545593.860359]: 开始进行多边形确认 · 多边形确认失败 · rejected=0 · elapsed_ms=1.5
[WARN] [1786545593.982511]: 开始进行多边形确认 · 多边形确认失败 · rejected=0 · elapsed_ms=1.3
[WARN] [1786545594.101610]: 开始进行多边形确认 · 多边形确认失败 · rejected=0 · elapsed_ms=1.3
[WARN] [1786545594.222380]: 开始进行多边形确认 · 多边形确认失败 · rejected=0 · elapsed_ms=1.2
[WARN] [1786545594.390190]: 开始进行多边形确认 · 多边形确认失败 · rejected=0 · elapsed_ms=1.8
[WARN] [1786545594.498277]: 开始进行多边形确认 · 多边形确认失败 · rejected=0 · elapsed_ms=1.5
[WARN] [1786545594.607085]: 开始进行多边形确认 · 多边形确认失败 · rejected=0 · elapsed_ms=1.4
[WARN] [1786545594.736873]: 开始进行多边形确认 · 多边形确认失败 · rejected=0 · elapsed_ms=1.3
[WARN] [1786545594.858378]: 开始进行多边形确认 · 多边形确认失败 · rejected=0 · elapsed_ms=1.5
[WARN] [1786545594.995886]: 开始进行多边形确认 · 多边形确认失败 · rejected=0 · elapsed_ms=1.5
[WARN] [1786545595.117952]: 开始进行多边形确认 · 多边形确认失败 · rejected=0 · elapsed_ms=1.3
[WARN] [1786545595.244796]: 开始进行多边形确认 · 多边形确认失败 · rejected=0 · elapsed_ms=1.5
[WARN] [1786545595.403047]: 开始进行多边形确认 · 多边形确认失败 · rejected=0 · elapsed_ms=1.4
[WARN] [1786545595.498842]: 开始进行多边形确认 · 多边形确认失败 · rejected=0 · elapsed_ms=1.6
[WARN] [1786545595.740140]: 开始进行多边形确认 · 多边形确认失败 · rejected=0 · elapsed_ms=1.4
[WARN] [1786545595.866416]: 开始进行多边形确认 · 多边形确认失败 · rejected=0 · elapsed_ms=1.4
[WARN] [1786545596.014093]: 开始进行多边形确认 · 多边形确认失败 · rejected=0 · elapsed_ms=1.5
[WARN] [1786545596.120239]: 开始进行多边形确认 · 多边形确认失败 · rejected=0 · elapsed_ms=1.2
[WARN] [1786545596.244342]: 开始进行多边形确认 · 多边形确认失败 · rejected=0 · elapsed_ms=1.3
[INFO] [1786545584.321699]: 开始进行多边形确认 · detections=1
[INFO] [1786545584.439296]: 开始进行多边形确认 · detections=1
[INFO] [1786545584.565418]: 开始进行多边形确认 · detections=1
[INFO] [1786545584.693050]: 开始进行多边形确认 · detections=1
[INFO] [1786545584.873814]: 开始进行多边形确认 · detections=1
[INFO] [1786545584.956083]: 开始进行多边形确认 · detections=1
[INFO] [1786545585.211491]: 开始进行多边形确认 · detections=1
[INFO] [1786545585.334327]: 开始进行多边形确认 · detections=1
[INFO] [1786545585.438443]: 开始进行多边形确认 · detections=1
[INFO] [1786545585.560612]: 开始进行多边形确认 · detections=1
[INFO] [1786545585.688546]: 开始进行多边形确认 · detections=1
[INFO] [1786545585.808027]: 开始进行多边形确认 · detections=1
[INFO] [1786545585.975433]: 开始进行多边形确认 · detections=1
[INFO] [1786545586.079945]: 开始进行多边形确认 · detections=1
[INFO] [1786545586.200070]: 开始进行多边形确认 · detections=1
[INFO] [1786545586.330952]: 开始进行多边形确认 · detections=1
[INFO] [1786545586.462446]: 开始进行多边形确认 · detections=1
[INFO] [1786545586.563840]: 开始进行多边形确认 · detections=1
[INFO] [1786545586.695773]: 开始进行多边形确认 · detections=1
[INFO] [1786545586.829112]: 开始进行多边形确认 · detections=1
[INFO] [1786545586.989228]: 开始进行多边形确认 · detections=1
[INFO] [1786545587.105305]: 开始进行多边形确认 · detections=1
[INFO] [1786545587.233136]: 开始进行多边形确认 · detections=1
[INFO] [1786545587.352017]: 开始进行多边形确认 · detections=1
[INFO] [1786545587.454349]: 开始进行多边形确认 · detections=1
[INFO] [1786545587.579110]: 开始进行多边形确认 · detections=1
[INFO] [1786545587.708959]: 开始进行多边形确认 · detections=1
[INFO] [1786545587.858568]: 开始进行多边形确认 · detections=1
[INFO] [1786545588.005859]: 开始进行多边形确认 · detections=1
[INFO] [1786545588.085163]: RGB-D vision status: model_ready:onnxruntime targets:0 centers:0 tf:0 rejected:0 merged:0 semantic_masks:0
[INFO] [1786545588.206506]: 开始进行多边形确认 · detections=1
[INFO] [1786545588.352852]: 开始进行多边形确认 · detections=1
[INFO] [1786545588.467912]: 开始进行多边形确认 · detections=1
[INFO] [1786545588.584566]: 开始进行多边形确认 · detections=1
[INFO] [1786545588.714038]: 开始进行多边形确认 · detections=1
[INFO] [1786545588.839147]: 开始进行多边形确认 · detections=1
[INFO] [1786545588.964315]: 开始进行多边形确认 · detections=1
[INFO] [1786545589.133059]: 开始进行多边形确认 · detections=1
[INFO] [1786545589.205737]: 开始进行多边形确认 · detections=1
[INFO] [1786545589.325916]: 开始进行多边形确认 · detections=1
[INFO] [1786545589.591758]: 开始进行多边形确认 · detections=1
[INFO] [1786545589.708505]: 开始进行多边形确认 · detections=1
[INFO] [1786545589.835240]: 开始进行多边形确认 · detections=1
[INFO] [1786545589.960205]: 开始进行多边形确认 · detections=1
[INFO] [1786545590.103534]: 开始进行多边形确认 · detections=1
[INFO] [1786545590.231881]: 开始进行多边形确认 · detections=1
[INFO] [1786545590.343674]: 开始进行多边形确认 · detections=1
[INFO] [1786545590.591872]: 开始进行多边形确认 · detections=1
[INFO] [1786545590.726931]: 开始进行多边形确认 · detections=1
[INFO] [1786545590.853039]: 开始进行多边形确认 · detections=1
[INFO] [1786545590.977677]: 开始进行多边形确认 · detections=1
[INFO] [1786545591.106692]: 开始进行多边形确认 · detections=1
[INFO] [1786545591.236554]: 开始进行多边形确认 · detections=1
[INFO] [1786545591.349223]: 开始进行多边形确认 · detections=1
[INFO] [1786545591.476758]: 开始进行多边形确认 · detections=1
[INFO] [1786545591.593208]: 开始进行多边形确认 · detections=1
[INFO] [1786545591.717855]: 开始进行多边形确认 · detections=1
[INFO] [1786545591.834962]: 开始进行多边形确认 · detections=1
[INFO] [1786545591.969427]: 开始进行多边形确认 · detections=1
[INFO] [1786545592.105365]: 开始进行多边形确认 · detections=1
[INFO] [1786545592.237368]: 开始进行多边形确认 · detections=1
[INFO] [1786545592.330591]: 开始进行多边形确认 · detections=1
[INFO] [1786545592.455004]: 开始进行多边形确认 · detections=1
[INFO] [1786545592.580833]: 开始进行多边形确认 · detections=1
[INFO] [1786545592.708122]: 开始进行多边形确认 · detections=1
[INFO] [1786545592.831246]: 开始进行多边形确认 · detections=1
[INFO] [1786545592.973443]: 开始进行多边形确认 · detections=1
[INFO] [1786545593.109824]: 开始进行多边形确认 · detections=1
[INFO] [1786545593.235876]: 开始进行多边形确认 · detections=1
[INFO] [1786545593.361871]: 开始进行多边形确认 · detections=1
[INFO] [1786545593.481663]: RGB-D vision status: model_ready:onnxruntime targets:0 centers:0 tf:0 rejected:0 merged:0 semantic_masks:0
[INFO] [1786545593.608189]: 开始进行多边形确认 · detections=1
[INFO] [1786545593.858883]: 开始进行多边形确认 · detections=1
[INFO] [1786545593.981263]: 开始进行多边形确认 · detections=1
[INFO] [1786545594.100423]: 开始进行多边形确认 · detections=1
[INFO] [1786545594.221211]: 开始进行多边形确认 · detections=1
[INFO] [1786545594.388491]: 开始进行多边形确认 · detections=1
[INFO] [1786545594.496890]: 开始进行多边形确认 · detections=1
[INFO] [1786545594.605698]: 开始进行多边形确认 · detections=1
[INFO] [1786545594.735695]: 开始进行多边形确认 · detections=1
[INFO] [1786545594.856920]: 开始进行多边形确认 · detections=1
[INFO] [1786545594.994474]: 开始进行多边形确认 · detections=1
[INFO] [1786545595.116685]: 开始进行多边形确认 · detections=1
[INFO] [1786545595.243337]: 开始进行多边形确认 · detections=1
[INFO] [1786545595.401709]: 开始进行多边形确认 · detections=1
[INFO] [1786545595.497388]: 开始进行多边形确认 · detections=1
[INFO] [1786545595.738857]: 开始进行多边形确认 · detections=1
[INFO] [1786545595.865115]: 开始进行多边形确认 · detections=1
[INFO] [1786545596.012651]: 开始进行多边形确认 · detections=1
[INFO] [1786545596.119065]: 开始进行多边形确认 · detections=1
[INFO] [1786545596.243129]: 开始进行多边形确认 · detections=1
[INFO] [1786545596.363860]: 开始进行多边形确认 · detections=1
[INFO] [1786545596.507988]: 开始进行多边形确认 · detections=1
[INFO] [1786545596.603803]: 开始进行多边形确认 · detections=1
[INFO] [1786545596.848395]: 开始进行多边形确认 · detections=1
[INFO] [1786545596.974613]: 开始进行多边形确认 · detections=1
[INFO] [1786545597.099259]: 开始进行多边形确认 · detections=1
[INFO] [1786545597.344619]: 开始进行多边形确认 · detections=1
[INFO] [1786545597.507353]: 开始进行多边形确认 · detections=1
[INFO] [1786545597.618541]: 开始进行多边形确认 · detections=1
[INFO] [1786545597.741318]: 开始进行多边形确认 · detections=1
[INFO] [1786545597.868166]: 开始进行多边形确认 · detections=1
[INFO] [1786545597.994240]: 开始进行多边形确认 · detections=1
[INFO] [1786545598.115608]: 开始进行多边形确认 · detections=1
[INFO] [1786545598.240623]: 开始进行多边形确认 · detections=1
[INFO] [1786545598.366428]: 开始进行多边形确认 · detections=1
[INFO] [1786545598.499483]: RGB-D vision status: model_ready:onnxruntime targets:0 centers:0 tf:0 rejected:0 merged:0 semantic_masks:0
[INFO] [1786545598.648351]: 开始进行多边形确认 · detections=1
[INFO] [1786545598.746815]: 开始进行多边形确认 · detections=1
[INFO] [1786545598.866001]: 开始进行多边形确认 · detections=1
[INFO] [1786545598.991130]: 开始进行多边形确认 · detections=1
[WARN] [1786545596.365252]: 开始进行多边形确认 · 多边形确认失败 · rejected=0 · elapsed_ms=1.5
[WARN] [1786545596.509225]: 开始进行多边形确认 · 多边形确认失败 · rejected=0 · elapsed_ms=1.3
[WARN] [1786545596.605052]: 开始进行多边形确认 · 多边形确认失败 · rejected=0 · elapsed_ms=1.3
[WARN] [1786545596.849719]: 开始进行多边形确认 · 多边形确认失败 · rejected=0 · elapsed_ms=1.4
[WARN] [1786545596.975947]: 开始进行多边形确认 · 多边形确认失败 · rejected=0 · elapsed_ms=1.4
[WARN] [1786545597.100610]: 开始进行多边形确认 · 多边形确认失败 · rejected=0 · elapsed_ms=1.4
[WARN] [1786545597.345923]: 开始进行多边形确认 · 多边形确认失败 · rejected=0 · elapsed_ms=1.4
[WARN] [1786545597.508818]: 开始进行多边形确认 · 多边形确认失败 · rejected=0 · elapsed_ms=1.5
[WARN] [1786545597.638366]: 开始进行多边形确认 · 多边形确认失败 · rejected=0 · elapsed_ms=19.8
[WARN] [1786545597.742600]: 开始进行多边形确认 · 多边形确认失败 · rejected=0 · elapsed_ms=1.3
[WARN] [1786545597.869390]: 开始进行多边形确认 · 多边形确认失败 · rejected=0 · elapsed_ms=1.3
[WARN] [1786545597.995576]: 开始进行多边形确认 · 多边形确认失败 · rejected=0 · elapsed_ms=1.4
[WARN] [1786545598.116881]: 开始进行多边形确认 · 多边形确认失败 · rejected=0 · elapsed_ms=1.4
[WARN] [1786545598.241851]: 开始进行多边形确认 · 多边形确认失败 · rejected=0 · elapsed_ms=1.3
[WARN] [1786545598.367684]: 开始进行多边形确认 · 多边形确认失败 · rejected=0 · elapsed_ms=1.3
[WARN] [1786545598.649766]: 开始进行多边形确认 · 多边形确认失败 · rejected=0 · elapsed_ms=1.5
[WARN] [1786545598.748148]: 开始进行多边形确认 · 多边形确认失败 · rejected=0 · elapsed_ms=1.4
[WARN] [1786545598.867317]: 开始进行多边形确认 · 多边形确认失败 · rejected=0 · elapsed_ms=1.4
[WARN] [1786545598.992268]: 开始进行多边形确认 · 多边形确认失败 · rejected=0 · elapsed_ms=1.2
[WARN] [1786545599.117315]: 开始进行多边形确认 · 多边形确认失败 · rejected=0 · elapsed_ms=1.4
[WARN] [1786545599.259177]: 开始进行多边形确认 · 多边形确认失败 · rejected=0 · elapsed_ms=1.7
[WARN] [1786545599.367900]: 开始进行多边形确认 · 多边形确认失败 · rejected=0 · elapsed_ms=1.5
[WARN] [1786545599.507664]: 开始进行多边形确认 · 多边形确认失败 · rejected=0 · elapsed_ms=1.3
[WARN] [1786545599.664067]: 开始进行多边形确认 · 多边形确认失败 · rejected=0 · elapsed_ms=1.5
[WARN] [1786545599.758574]: 开始进行多边形确认 · 多边形确认失败 · rejected=0 · elapsed_ms=1.9
[WARN] [1786545599.881765]: 开始进行多边形确认 · 多边形确认失败 · rejected=0 · elapsed_ms=1.4
[WARN] [1786545600.010710]: 开始进行多边形确认 · 多边形确认失败 · rejected=0 · elapsed_ms=1.5
[WARN] [1786545600.130339]: 开始进行多边形确认 · 多边形确认失败 · rejected=0 · elapsed_ms=1.5
[WARN] [1786545600.265778]: 开始进行多边形确认 · 多边形确认失败 · rejected=0 · elapsed_ms=1.6
[WARN] [1786545600.367699]: 开始进行多边形确认 · 多边形确认失败 · rejected=0 · elapsed_ms=1.4
[WARN] [1786545600.499854]: 开始进行多边形确认 · 多边形确认失败 · rejected=0 · elapsed_ms=1.6
[WARN] [1786545600.704102]: 开始进行多边形确认 · 多边形确认失败 · rejected=0 · elapsed_ms=1.5
[WARN] [1786545600.896956]: 开始进行多边形确认 · 多边形确认失败 · rejected=0 · elapsed_ms=1.3
[WARN] [1786545601.023408]: 开始进行多边形确认 · 多边形确认失败 · rejected=0 · elapsed_ms=1.3
[WARN] [1786545601.140090]: 开始进行多边形确认 · 多边形确认失败 · rejected=0 · elapsed_ms=1.4
[WARN] [1786545601.275114]: 开始进行多边形确认 · 多边形确认失败 · rejected=0 · elapsed_ms=1.7
[WARN] [1786545601.392823]: 开始进行多边形确认 · 多边形确认失败 · rejected=0 · elapsed_ms=1.0
[WARN] [1786545601.523059]: 开始进行多边形确认 · 多边形确认失败 · rejected=0 · elapsed_ms=1.3
[WARN] [1786545601.644006]: 开始进行多边形确认 · 多边形确认失败 · rejected=0 · elapsed_ms=1.3
[WARN] [1786545601.795237]: 开始进行多边形确认 · 多边形确认失败 · rejected=0 · elapsed_ms=1.3
[WARN] [1786545601.901953]: 开始进行多边形确认 · 多边形确认失败 · rejected=0 · elapsed_ms=1.2
[WARN] [1786545602.029070]: 开始进行多边形确认 · 多边形确认失败 · rejected=0 · elapsed_ms=1.4
[WARN] [1786545602.153266]: 开始进行多边形确认 · 多边形确认失败 · rejected=0 · elapsed_ms=1.5
[WARN] [1786545602.278661]: 开始进行多边形确认 · 多边形确认失败 · rejected=0 · elapsed_ms=1.3
[WARN] [1786545602.408515]: 开始进行多边形确认 · 多边形确认失败 · rejected=0 · elapsed_ms=1.4
[WARN] [1786545602.531848]: 开始进行多边形确认 · 多边形确认失败 · rejected=0 · elapsed_ms=1.5
[WARN] [1786545602.820309]: 开始进行多边形确认 · 多边形确认失败 · rejected=0 · elapsed_ms=20.4
[WARN] [1786545602.908355]: 开始进行多边形确认 · 多边形确认失败 · rejected=0 · elapsed_ms=1.6
[WARN] [1786545603.023837]: 开始进行多边形确认 · 多边形确认失败 · rejected=0 · elapsed_ms=1.5
[WARN] [1786545603.148620]: 开始进行多边形确认 · 多边形确认失败 · rejected=0 · elapsed_ms=1.8
[WARN] [1786545603.272391]: 开始进行多边形确认 · 多边形确认失败 · rejected=0 · elapsed_ms=1.5
[WARN] [1786545603.396854]: 开始进行多边形确认 · 多边形确认失败 · rejected=0 · elapsed_ms=1.5
[WARN] [1786545603.530573]: 开始进行多边形确认 · 多边形确认失败 · rejected=0 · elapsed_ms=1.3
[WARN] [1786545603.648508]: 开始进行多边形确认 · 多边形确认失败 · rejected=0 · elapsed_ms=1.4
[WARN] [1786545603.791554]: 开始进行多边形确认 · 多边形确认失败 · rejected=0 · elapsed_ms=1.5
[WARN] [1786545603.920128]: 开始进行多边形确认 · 多边形确认失败 · rejected=0 · elapsed_ms=1.5
[WARN] [1786545604.021409]: 开始进行多边形确认 · 多边形确认失败 · rejected=0 · elapsed_ms=1.3
[WARN] [1786545604.152423]: 开始进行多边形确认 · 多边形确认失败 · rejected=0 · elapsed_ms=1.4
[WARN] [1786545604.273522]: 开始进行多边形确认 · 多边形确认失败 · rejected=0 · elapsed_ms=1.2
[WARN] [1786545604.398591]: 开始进行多边形确认 · 多边形确认失败 · rejected=0 · elapsed_ms=1.3
[WARN] [1786545604.530096]: 开始进行多边形确认 · 多边形确认失败 · rejected=0 · elapsed_ms=1.3
[WARN] [1786545604.648316]: 开始进行多边形确认 · 多边形确认失败 · rejected=0 · elapsed_ms=1.3
[WARN] [1786545604.777598]: 开始进行多边形确认 · 多边形确认失败 · rejected=0 · elapsed_ms=1.3
[WARN] [1786545604.959042]: 开始进行多边形确认 · 多边形确认失败 · rejected=0 · elapsed_ms=1.6
[WARN] [1786545605.056457]: 开始进行多边形确认 · 多边形确认失败 · rejected=0 · elapsed_ms=1.6
[WARN] [1786545605.176797]: 开始进行多边形确认 · 多边形确认失败 · rejected=0 · elapsed_ms=1.4
[WARN] [1786545605.427319]: 开始进行多边形确认 · 多边形确认失败 · rejected=0 · elapsed_ms=1.4
[WARN] [1786545605.557643]: 开始进行多边形确认 · 多边形确认失败 · rejected=0 · elapsed_ms=1.3
[WARN] [1786545605.668354]: 开始进行多边形确认 · 多边形确认失败 · rejected=0 · elapsed_ms=1.5
[WARN] [1786545605.783100]: 开始进行多边形确认 · 多边形确认失败 · rejected=0 · elapsed_ms=1.3
[WARN] [1786545605.901697]: 开始进行多边形确认 · 多边形确认失败 · rejected=0 · elapsed_ms=1.5
[WARN] [1786545606.066847]: 开始进行多边形确认 · 多边形确认失败 · rejected=0 · elapsed_ms=1.0
[INFO] [1786545599.116003]: 开始进行多边形确认 · detections=1
[INFO] [1786545599.257564]: 开始进行多边形确认 · detections=1
[INFO] [1786545599.366486]: 开始进行多边形确认 · detections=1
[INFO] [1786545599.506478]: 开始进行多边形确认 · detections=1
[INFO] [1786545599.662646]: 开始进行多边形确认 · detections=1
[INFO] [1786545599.756812]: 开始进行多边形确认 · detections=1
[INFO] [1786545599.880403]: 开始进行多边形确认 · detections=1
[INFO] [1786545600.009344]: 开始进行多边形确认 · detections=1
[INFO] [1786545600.128917]: 开始进行多边形确认 · detections=1
[INFO] [1786545600.264188]: 开始进行多边形确认 · detections=1
[INFO] [1786545600.366390]: 开始进行多边形确认 · detections=1
[INFO] [1786545600.498346]: 开始进行多边形确认 · detections=1
[INFO] [1786545600.702660]: 开始进行多边形确认 · detections=1
[INFO] [1786545600.895758]: 开始进行多边形确认 · detections=1
[INFO] [1786545601.022156]: 开始进行多边形确认 · detections=1
[INFO] [1786545601.138718]: 开始进行多边形确认 · detections=1
[INFO] [1786545601.273494]: 开始进行多边形确认 · detections=1
[INFO] [1786545601.391840]: 开始进行多边形确认 · detections=1
[INFO] [1786545601.521818]: 开始进行多边形确认 · detections=1
[INFO] [1786545601.642804]: 开始进行多边形确认 · detections=1
[INFO] [1786545601.793998]: 开始进行多边形确认 · detections=1
[INFO] [1786545601.900807]: 开始进行多边形确认 · detections=1
[INFO] [1786545602.027696]: 开始进行多边形确认 · detections=1
[INFO] [1786545602.151827]: 开始进行多边形确认 · detections=1
[INFO] [1786545602.277457]: 开始进行多边形确认 · detections=1
[INFO] [1786545602.407236]: 开始进行多边形确认 · detections=1
[INFO] [1786545602.530479]: 开始进行多边形确认 · detections=1
[INFO] [1786545602.799946]: 开始进行多边形确认 · detections=1
[INFO] [1786545602.906868]: 开始进行多边形确认 · detections=1
[INFO] [1786545603.022470]: 开始进行多边形确认 · detections=1
[INFO] [1786545603.146945]: 开始进行多边形确认 · detections=1
[INFO] [1786545603.271027]: 开始进行多边形确认 · detections=1
[INFO] [1786545603.395468]: 开始进行多边形确认 · detections=1
[INFO] [1786545603.529383]: 开始进行多边形确认 · detections=1
[INFO] [1786545603.647226]: 开始进行多边形确认 · detections=1
[INFO] [1786545603.790160]: 开始进行多边形确认 · detections=1
[INFO] [1786545603.918667]: 开始进行多边形确认 · detections=1
[INFO] [1786545604.020147]: 开始进行多边形确认 · detections=1
[INFO] [1786545604.151043]: 开始进行多边形确认 · detections=1
[INFO] [1786545604.272351]: 开始进行多边形确认 · detections=1
[INFO] [1786545604.397391]: 开始进行多边形确认 · detections=1
[INFO] [1786545604.528882]: 开始进行多边形确认 · detections=1
[INFO] [1786545604.647089]: 开始进行多边形确认 · detections=1
[INFO] [1786545604.776404]: 开始进行多边形确认 · detections=1
[INFO] [1786545604.957483]: 开始进行多边形确认 · detections=1
[INFO] [1786545605.054976]: 开始进行多边形确认 · detections=1
[INFO] [1786545605.175464]: 开始进行多边形确认 · detections=1
[INFO] [1786545605.302979]: RGB-D vision status: model_ready:onnxruntime targets:0 centers:0 tf:0 rejected:0 merged:0 semantic_masks:0
[INFO] [1786545605.425997]: 开始进行多边形确认 · detections=1
[INFO] [1786545605.556391]: 开始进行多边形确认 · detections=1
[INFO] [1786545605.666926]: 开始进行多边形确认 · detections=1
[INFO] [1786545605.781813]: 开始进行多边形确认 · detections=1
[INFO] [1786545605.900254]: 开始进行多边形确认 · detections=1
[INFO] [1786545606.065872]: 开始进行多边形确认 · detections=1
[INFO] [1786545606.171349]: 开始进行多边形确认 · detections=1
[INFO] [1786545606.293333]: 开始进行多边形确认 · detections=1
[INFO] [1786545606.428620]: 开始进行多边形确认 · detections=1
[INFO] [1786545606.557291]: 开始进行多边形确认 · detections=1
[INFO] [1786545606.681297]: 开始进行多边形确认 · detections=1
[INFO] [1786545606.795907]: 开始进行多边形确认 · detections=1
[INFO] [1786545606.920926]: 开始进行多边形确认 · detections=1
[INFO] [1786545607.064386]: 开始进行多边形确认 · detections=1
[INFO] [1786545607.165050]: 开始进行多边形确认 · detections=1
[INFO] [1786545607.287900]: 开始进行多边形确认 · detections=1
[INFO] [1786545607.401119]: 开始进行多边形确认 · detections=1
[INFO] [1786545607.525261]: 开始进行多边形确认 · detections=1
[INFO] [1786545607.645357]: 开始进行多边形确认 · detections=1
[INFO] [1786545607.780411]: 开始进行多边形确认 · detections=1
[INFO] [1786545607.896027]: 开始进行多边形确认 · detections=1
[INFO] [1786545608.070747]: 开始进行多边形确认 · detections=1
[INFO] [1786545608.166893]: 开始进行多边形确认 · detections=1
[INFO] [1786545608.292244]: 开始进行多边形确认 · detections=1
[INFO] [1786545608.415691]: 开始进行多边形确认 · detections=1
[INFO] [1786545608.541525]: 开始进行多边形确认 · detections=1
[INFO] [1786545608.646848]: 开始进行多边形确认 · detections=1
[INFO] [1786545608.777617]: 开始进行多边形确认 · detections=1
[INFO] [1786545608.898916]: 开始进行多边形确认 · detections=1
[INFO] [1786545609.069290]: 开始进行多边形确认 · detections=1
[INFO] [1786545609.299890]: 开始进行多边形确认 · detections=1
[INFO] [1786545609.441566]: 开始进行多边形确认 · detections=1
[INFO] [1786545609.552734]: 开始进行多边形确认 · detections=1
[INFO] [1786545609.675770]: 开始进行多边形确认 · detections=1
[INFO] [1786545609.790528]: 开始进行多边形确认 · detections=1
[INFO] [1786545609.915346]: 开始进行多边形确认 · detections=1
[INFO] [1786545610.047141]: 开始进行多边形确认 · detections=1
[INFO] [1786545610.197648]: 开始进行多边形确认 · detections=1
[INFO] [1786545610.301021]: 开始进行多边形确认 · detections=1
[INFO] [1786545610.432471]: 开始进行多边形确认 · detections=1
[INFO] [1786545610.556761]: 开始进行多边形确认 · detections=1
[INFO] [1786545610.681118]: 开始进行多边形确认 · detections=1
[INFO] [1786545610.812469]: 开始进行多边形确认 · detections=1
[INFO] [1786545610.931187]: 开始进行多边形确认 · detections=1
[INFO] [1786545611.062133]: 开始进行多边形确认 · detections=1
[INFO] [1786545611.241794]: RGB-D vision status: model_ready:onnxruntime targets:0 centers:0 tf:0 rejected:0 merged:0 semantic_masks:0
[INFO] [1786545611.438688]: 开始进行多边形确认 · detections=1
[INFO] [1786545611.576372]: 开始进行多边形确认 · detections=1
[INFO] [1786545611.682233]: 开始进行多边形确认 · detections=1
[INFO] [1786545611.820473]: 开始进行多边形确认 · detections=1
[INFO] [1786545611.939780]: 开始进行多边形确认 · detections=1
[INFO] [1786545612.183261]: 开始进行多边形确认 · detections=1
[INFO] [1786545612.340293]: 开始进行多边形确认 · detections=1
[INFO] [1786545612.443402]: 开始进行多边形确认 · detections=1
[INFO] [1786545612.555704]: 开始进行多边形确认 · detections=1
[INFO] [1786545612.690394]: 开始进行多边形确认 · detections=1
[INFO] [1786545612.816570]: 开始进行多边形确认 · detections=1
[INFO] [1786545612.949036]: 开始进行多边形确认 · detections=1
[INFO] [1786545613.073817]: 开始进行多边形确认 · detections=1
[INFO] [1786545613.197297]: 开始进行多边形确认 · detections=1
[INFO] [1786545613.384248]: 开始进行多边形确认 · detections=1
[INFO] [1786545613.587427]: 开始进行多边形确认 · detections=1
[INFO] [1786545613.711980]: 开始进行多边形确认 · detections=1
[INFO] [1786545613.837971]: 开始进行多边形确认 · detections=1
[WARN] [1786545606.172703]: 开始进行多边形确认 · 多边形确认失败 · rejected=0 · elapsed_ms=1.4
[WARN] [1786545606.294585]: 开始进行多边形确认 · 多边形确认失败 · rejected=0 · elapsed_ms=1.3
[WARN] [1786545606.429925]: 开始进行多边形确认 · 多边形确认失败 · rejected=0 · elapsed_ms=1.4
[WARN] [1786545606.558494]: 开始进行多边形确认 · 多边形确认失败 · rejected=0 · elapsed_ms=1.3
[WARN] [1786545606.682423]: 开始进行多边形确认 · 多边形确认失败 · rejected=0 · elapsed_ms=1.2
[WARN] [1786545606.797095]: 开始进行多边形确认 · 多边形确认失败 · rejected=0 · elapsed_ms=1.3
[WARN] [1786545606.922108]: 开始进行多边形确认 · 多边形确认失败 · rejected=0 · elapsed_ms=1.3
[WARN] [1786545607.066192]: 开始进行多边形确认 · 多边形确认失败 · rejected=0 · elapsed_ms=1.9
[WARN] [1786545607.166438]: 开始进行多边形确认 · 多边形确认失败 · rejected=0 · elapsed_ms=1.5
[WARN] [1786545607.290077]: 开始进行多边形确认 · 多边形确认失败 · rejected=0 · elapsed_ms=2.3
[WARN] [1786545607.402558]: 开始进行多边形确认 · 多边形确认失败 · rejected=0 · elapsed_ms=1.5
[WARN] [1786545607.526579]: 开始进行多边形确认 · 多边形确认失败 · rejected=0 · elapsed_ms=1.4
[WARN] [1786545607.646647]: 开始进行多边形确认 · 多边形确认失败 · rejected=0 · elapsed_ms=1.4
[WARN] [1786545607.781666]: 开始进行多边形确认 · 多边形确认失败 · rejected=0 · elapsed_ms=1.3
[WARN] [1786545607.915500]: 开始进行多边形确认 · 多边形确认失败 · rejected=0 · elapsed_ms=19.5
[WARN] [1786545608.071977]: 开始进行多边形确认 · 多边形确认失败 · rejected=0 · elapsed_ms=1.3
[WARN] [1786545608.168077]: 开始进行多边形确认 · 多边形确认失败 · rejected=0 · elapsed_ms=1.3
[WARN] [1786545608.293636]: 开始进行多边形确认 · 多边形确认失败 · rejected=0 · elapsed_ms=1.5
[WARN] [1786545608.417045]: 开始进行多边形确认 · 多边形确认失败 · rejected=0 · elapsed_ms=1.4
[WARN] [1786545608.542793]: 开始进行多边形确认 · 多边形确认失败 · rejected=0 · elapsed_ms=1.3
[WARN] [1786545608.647886]: 开始进行多边形确认 · 多边形确认失败 · rejected=0 · elapsed_ms=1.1
[WARN] [1786545608.778785]: 开始进行多边形确认 · 多边形确认失败 · rejected=0 · elapsed_ms=1.2
[WARN] [1786545608.899834]: 开始进行多边形确认 · 多边形确认失败 · rejected=0 · elapsed_ms=1.0
[WARN] [1786545609.070571]: 开始进行多边形确认 · 多边形确认失败 · rejected=0 · elapsed_ms=1.3
[WARN] [1786545609.301461]: 开始进行多边形确认 · 多边形确认失败 · rejected=0 · elapsed_ms=1.6
[WARN] [1786545609.442901]: 开始进行多边形确认 · 多边形确认失败 · rejected=0 · elapsed_ms=1.4
[WARN] [1786545609.554258]: 开始进行多边形确认 · 多边形确认失败 · rejected=0 · elapsed_ms=1.6
[WARN] [1786545609.677105]: 开始进行多边形确认 · 多边形确认失败 · rejected=0 · elapsed_ms=1.4
[WARN] [1786545609.791679]: 开始进行多边形确认 · 多边形确认失败 · rejected=0 · elapsed_ms=1.2
[WARN] [1786545609.916672]: 开始进行多边形确认 · 多边形确认失败 · rejected=0 · elapsed_ms=1.4
[WARN] [1786545610.048405]: 开始进行多边形确认 · 多边形确认失败 · rejected=0 · elapsed_ms=1.3
[WARN] [1786545610.198974]: 开始进行多边形确认 · 多边形确认失败 · rejected=0 · elapsed_ms=1.4
[WARN] [1786545610.301979]: 开始进行多边形确认 · 多边形确认失败 · rejected=0 · elapsed_ms=1.0
[WARN] [1786545610.433797]: 开始进行多边形确认 · 多边形确认失败 · rejected=0 · elapsed_ms=1.4
[WARN] [1786545610.558471]: 开始进行多边形确认 · 多边形确认失败 · rejected=0 · elapsed_ms=1.8
[WARN] [1786545610.682457]: 开始进行多边形确认 · 多边形确认失败 · rejected=0 · elapsed_ms=1.4
[WARN] [1786545610.813936]: 开始进行多边形确认 · 多边形确认失败 · rejected=0 · elapsed_ms=1.5
[WARN] [1786545610.932417]: 开始进行多边形确认 · 多边形确认失败 · rejected=0 · elapsed_ms=1.3
[WARN] [1786545611.063634]: 开始进行多边形确认 · 多边形确认失败 · rejected=0 · elapsed_ms=1.6
[WARN] [1786545611.440184]: 开始进行多边形确认 · 多边形确认失败 · rejected=0 · elapsed_ms=1.6
[WARN] [1786545611.577735]: 开始进行多边形确认 · 多边形确认失败 · rejected=0 · elapsed_ms=1.5
[WARN] [1786545611.683542]: 开始进行多边形确认 · 多边形确认失败 · rejected=0 · elapsed_ms=1.4
[WARN] [1786545611.821851]: 开始进行多边形确认 · 多边形确认失败 · rejected=0 · elapsed_ms=1.5
[WARN] [1786545611.941046]: 开始进行多边形确认 · 多边形确认失败 · rejected=0 · elapsed_ms=1.3
[WARN] [1786545612.184437]: 开始进行多边形确认 · 多边形确认失败 · rejected=0 · elapsed_ms=1.2
[WARN] [1786545612.341552]: 开始进行多边形确认 · 多边形确认失败 · rejected=0 · elapsed_ms=1.3
[WARN] [1786545612.444417]: 开始进行多边形确认 · 多边形确认失败 · rejected=0 · elapsed_ms=1.1
[WARN] [1786545612.556937]: 开始进行多边形确认 · 多边形确认失败 · rejected=0 · elapsed_ms=1.3
[WARN] [1786545612.691689]: 开始进行多边形确认 · 多边形确认失败 · rejected=0 · elapsed_ms=1.4
[WARN] [1786545612.817834]: 开始进行多边形确认 · 多边形确认失败 · rejected=0 · elapsed_ms=1.3
[WARN] [1786545612.968859]: 开始进行多边形确认 · 多边形确认失败 · rejected=0 · elapsed_ms=19.8
[WARN] [1786545613.075148]: 开始进行多边形确认 · 多边形确认失败 · rejected=0 · elapsed_ms=1.4
[WARN] [1786545613.198597]: 开始进行多边形确认 · 多边形确认失败 · rejected=0 · elapsed_ms=1.4
[WARN] [1786545613.385810]: 开始进行多边形确认 · 多边形确认失败 · rejected=0 · elapsed_ms=1.6
[WARN] [1786545613.588508]: 开始进行多边形确认 · 多边形确认失败 · rejected=0 · elapsed_ms=1.2
[WARN] [1786545613.713548]: 开始进行多边形确认 · 多边形确认失败 · rejected=0 · elapsed_ms=1.7
[WARN] [1786545613.839887]: 开始进行多边形确认 · 多边形确认失败 · rejected=0 · elapsed_ms=2.0
[WARN] [1786545613.945927]: 开始进行多边形确认 · 多边形确认失败 · rejected=0 · elapsed_ms=1.2
[WARN] [1786545614.074398]: 开始进行多边形确认 · 多边形确认失败 · rejected=0 · elapsed_ms=1.3
[WARN] [1786545614.202371]: 开始进行多边形确认 · 多边形确认失败 · rejected=0 · elapsed_ms=1.3
[WARN] [1786545614.368244]: 开始进行多边形确认 · 多边形确认失败 · rejected=0 · elapsed_ms=1.3
[WARN] [1786545614.452996]: 开始进行多边形确认 · 多边形确认失败 · rejected=0 · elapsed_ms=1.6
[WARN] [1786545614.590514]: 开始进行多边形确认 · 多边形确认失败 · rejected=0 · elapsed_ms=1.0
[WARN] [1786545614.695250]: 开始进行多边形确认 · 多边形确认失败 · rejected=0 · elapsed_ms=1.3
[WARN] [1786545614.821762]: 开始进行多边形确认 · 多边形确认失败 · rejected=0 · elapsed_ms=1.3
[WARN] [1786545614.951857]: 开始进行多边形确认 · 多边形确认失败 · rejected=0 · elapsed_ms=1.3
[WARN] [1786545615.080804]: 开始进行多边形确认 · 多边形确认失败 · rejected=0 · elapsed_ms=1.4
[WARN] [1786545615.346400]: 开始进行多边形确认 · 多边形确认失败 · rejected=0 · elapsed_ms=1.5
[WARN] [1786545615.488473]: 开始进行多边形确认 · 多边形确认失败 · rejected=0 · elapsed_ms=1.3
[WARN] [1786545615.583235]: 开始进行多边形确认 · 多边形确认失败 · rejected=0 · elapsed_ms=1.1
[WARN] [1786545615.706921]: 开始进行多边形确认 · 多边形确认失败 · rejected=0 · elapsed_ms=1.5
[WARN] [1786545615.831819]: 开始进行多边形确认 · 多边形确认失败 · rejected=0 · elapsed_ms=1.5
[WARN] [1786545615.978318]: 开始进行多边形确认 · 多边形确认失败 · rejected=0 · elapsed_ms=1.7
[WARN] [1786545616.099797]: 开始进行多边形确认 · 多边形确认失败 · rejected=0 · elapsed_ms=1.1
[WARN] [1786545616.214220]: 开始进行多边形确认 · 多边形确认失败 · rejected=0 · elapsed_ms=1.2
[WARN] [1786545616.326769]: 开始进行多边形确认 · 多边形确认失败 · rejected=0 · elapsed_ms=1.2
[WARN] [1786545616.527806]: 开始进行多边形确认 · 多边形确认失败 · rejected=0 · elapsed_ms=1.2
[WARN] [1786545616.603709]: 开始进行多边形确认 · 多边形确认失败 · rejected=0 · elapsed_ms=1.2
[WARN] [1786545616.717473]: 开始进行多边形确认 · 多边形确认失败 · rejected=0 · elapsed_ms=1.3
[WARN] [1786545616.844705]: 开始进行多边形确认 · 多边形确认失败 · rejected=0 · elapsed_ms=2.7
[WARN] [1786545616.970803]: 开始进行多边形确认 · 多边形确认失败 · rejected=0 · elapsed_ms=1.2
[WARN] [1786545617.104740]: 开始进行多边形确认 · 多边形确认失败 · rejected=0 · elapsed_ms=1.5
[WARN] [1786545617.233004]: 开始进行多边形确认 · 多边形确认失败 · rejected=0 · elapsed_ms=1.5
[WARN] [1786545617.360105]: 开始进行多边形确认 · 多边形确认失败 · rejected=0 · elapsed_ms=1.4
[WARN] [1786545617.482090]: 开始进行多边形确认 · 多边形确认失败 · rejected=0 · elapsed_ms=1.3
[WARN] [1786545617.627818]: 开始进行多边形确认 · 多边形确认失败 · rejected=0 · elapsed_ms=1.4
[WARN] [1786545617.717853]: 开始进行多边形确认 · 多边形确认失败 · rejected=0 · elapsed_ms=1.4
[WARN] [1786545617.850230]: 开始进行多边形确认 · 多边形确认失败 · rejected=0 · elapsed_ms=1.7
[WARN] [1786545617.971872]: 开始进行多边形确认 · 多边形确认失败 · rejected=0 · elapsed_ms=1.6
[WARN] [1786545618.084409]: 开始进行多边形确认 · 多边形确认失败 · rejected=0 · elapsed_ms=1.2
[WARN] [1786545618.205459]: 开始进行多边形确认 · 多边形确认失败 · rejected=0 · elapsed_ms=1.1
[WARN] [1786545618.335082]: 开始进行多边形确认 · 多边形确认失败 · rejected=0 · elapsed_ms=1.1
[WARN] [1786545618.464298]: 开始进行多边形确认 · 多边形确认失败 · rejected=0 · elapsed_ms=1.3
[WARN] [1786545618.649773]: 开始进行多边形确认 · 多边形确认失败 · rejected=0 · elapsed_ms=1.4
[WARN] [1786545618.714076]: 开始进行多边形确认 · 多边形确认失败 · rejected=0 · elapsed_ms=1.6
[WARN] [1786545618.845605]: 开始进行多边形确认 · 多边形确认失败 · rejected=0 · elapsed_ms=1.9
[WARN] [1786545618.985020]: 开始进行多边形确认 · 多边形确认失败 · rejected=0 · elapsed_ms=1.2
[WARN] [1786545619.117531]: 开始进行多边形确认 · 多边形确认失败 · rejected=0 · elapsed_ms=1.3
[WARN] [1786545619.231472]: 开始进行多边形确认 · 多边形确认失败 · rejected=0 · elapsed_ms=1.5
[WARN] [1786545619.359327]: 开始进行多边形确认 · 多边形确认失败 · rejected=0 · elapsed_ms=1.6
[WARN] [1786545619.488722]: 开始进行多边形确认 · 多边形确认失败 · rejected=0 · elapsed_ms=1.4
[WARN] [1786545619.616506]: 开始进行多边形确认 · 多边形确认失败 · rejected=0 · elapsed_ms=1.4
[WARN] [1786545619.744566]: 开始进行多边形确认 · 多边形确认失败 · rejected=0 · elapsed_ms=1.4
[WARN] [1786545619.858759]: 开始进行多边形确认 · 多边形确认失败 · rejected=0 · elapsed_ms=1.5
[WARN] [1786545619.971455]: 开始进行多边形确认 · 多边形确认失败 · rejected=0 · elapsed_ms=1.5
[WARN] [1786545620.118231]: 开始进行多边形确认 · 多边形确认失败 · rejected=0 · elapsed_ms=1.4
[WARN] [1786545620.248649]: 开始进行多边形确认 · 多边形确认失败 · rejected=0 · elapsed_ms=1.5
[WARN] [1786545620.374316]: 开始进行多边形确认 · 多边形确认失败 · rejected=0 · elapsed_ms=2.6
[WARN] [1786545620.501688]: 开始进行多边形确认 · 多边形确认失败 · rejected=0 · elapsed_ms=1.4
[WARN] [1786545620.627766]: 开始进行多边形确认 · 多边形确认失败 · rejected=0 · elapsed_ms=1.5
[WARN] [1786545620.756341]: 开始进行多边形确认 · 多边形确认失败 · rejected=0 · elapsed_ms=1.6
[WARN] [1786545620.882667]: 开始进行多边形确认 · 多边形确认失败 · rejected=0 · elapsed_ms=1.4
[WARN] [1786545620.984986]: 开始进行多边形确认 · 多边形确认失败 · rejected=0 · elapsed_ms=1.2
[WARN] [1786545621.117098]: 开始进行多边形确认 · 多边形确认失败 · rejected=0 · elapsed_ms=1.7
[WARN] [1786545621.259267]: 开始进行多边形确认 · 多边形确认失败 · rejected=0 · elapsed_ms=1.6
[WARN] [1786545621.396692]: 开始进行多边形确认 · 多边形确认失败 · rejected=0 · elapsed_ms=1.4
[WARN] [1786545621.505610]: 开始进行多边形确认 · 多边形确认失败 · rejected=0 · elapsed_ms=1.4
[WARN] [1786545621.632229]: 开始进行多边形确认 · 多边形确认失败 · rejected=0 · elapsed_ms=1.6
[WARN] [1786545621.753829]: 开始进行多边形确认 · 多边形确认失败 · rejected=0 · elapsed_ms=1.4
[WARN] [1786545621.894991]: 开始进行多边形确认 · 多边形确认失败 · rejected=0 · elapsed_ms=1.5
[WARN] [1786545622.010880]: 开始进行多边形确认 · 多边形确认失败 · rejected=0 · elapsed_ms=1.2
[WARN] [1786545622.124366]: 开始进行多边形确认 · 多边形确认失败 · rejected=0 · elapsed_ms=1.4
[WARN] [1786545622.249148]: 开始进行多边形确认 · 多边形确认失败 · rejected=0 · elapsed_ms=2.0
[WARN] [1786545622.372197]: 开始进行多边形确认 · 多边形确认失败 · rejected=0 · elapsed_ms=1.4
[WARN] [1786545622.485033]: 开始进行多边形确认 · 多边形确认失败 · rejected=0 · elapsed_ms=1.0
[WARN] [1786545622.617407]: 开始进行多边形确认 · 多边形确认失败 · rejected=0 · elapsed_ms=1.1
[WARN] [1786545622.762275]: 开始进行多边形确认 · 多边形确认失败 · rejected=0 · elapsed_ms=19.7
[WARN] [1786545622.925223]: 开始进行多边形确认 · 多边形确认失败 · rejected=0 · elapsed_ms=1.1
[WARN] [1786545622.989736]: 开始进行多边形确认 · 多边形确认失败 · rejected=0 · elapsed_ms=1.5
[WARN] [1786545623.110834]: 开始进行多边形确认 · 多边形确认失败 · rejected=0 · elapsed_ms=1.3
[WARN] [1786545623.227878]: 开始进行多边形确认 · 多边形确认失败 · rejected=0 · elapsed_ms=1.3
[WARN] [1786545623.490736]: 开始进行多边形确认 · 多边形确认失败 · rejected=0 · elapsed_ms=1.5
[WARN] [1786545623.611932]: 开始进行多边形确认 · 多边形确认失败 · rejected=0 · elapsed_ms=1.5
[WARN] [1786545623.732793]: 开始进行多边形确认 · 多边形确认失败 · rejected=0 · elapsed_ms=1.3
[WARN] [1786545623.856968]: 开始进行多边形确认 · 多边形确认失败 · rejected=0 · elapsed_ms=1.2
[WARN] [1786545624.011445]: 开始进行多边形确认 · 多边形确认失败 · rejected=0 · elapsed_ms=1.3
[WARN] [1786545624.112034]: 开始进行多边形确认 · 多边形确认失败 · rejected=0 · elapsed_ms=3.1
[WARN] [1786545624.247557]: 开始进行多边形确认 · 多边形确认失败 · rejected=0 · elapsed_ms=1.4
[WARN] [1786545624.377349]: 开始进行多边形确认 · 多边形确认失败 · rejected=0 · elapsed_ms=1.6
[WARN] [1786545624.492862]: 开始进行多边形确认 · 多边形确认失败 · rejected=0 · elapsed_ms=1.3
[WARN] [1786545624.623011]: 开始进行多边形确认 · 多边形确认失败 · rejected=0 · elapsed_ms=1.4
[WARN] [1786545624.745596]: 开始进行多边形确认 · 多边形确认失败 · rejected=0 · elapsed_ms=1.6
[WARN] [1786545624.870963]: 开始进行多边形确认 · 多边形确认失败 · rejected=0 · elapsed_ms=1.3
[WARN] [1786545625.050765]: 开始进行多边形确认 · 多边形确认失败 · rejected=0 · elapsed_ms=1.8
[INFO] [1786545613.944806]: 开始进行多边形确认 · detections=1
[INFO] [1786545614.073102]: 开始进行多边形确认 · detections=1
[INFO] [1786545614.201080]: 开始进行多边形确认 · detections=1
[INFO] [1786545614.366973]: 开始进行多边形确认 · detections=1
[INFO] [1786545614.451424]: 开始进行多边形确认 · detections=1
[INFO] [1786545614.589523]: 开始进行多边形确认 · detections=1
[INFO] [1786545614.694016]: 开始进行多边形确认 · detections=1
[INFO] [1786545614.820519]: 开始进行多边形确认 · detections=1
[INFO] [1786545614.950635]: 开始进行多边形确认 · detections=1
[INFO] [1786545615.079417]: 开始进行多边形确认 · detections=1
[INFO] [1786545615.344947]: 开始进行多边形确认 · detections=1
[INFO] [1786545615.487220]: 开始进行多边形确认 · detections=1
[INFO] [1786545615.582207]: 开始进行多边形确认 · detections=1
[INFO] [1786545615.705458]: 开始进行多边形确认 · detections=1
[INFO] [1786545615.830387]: 开始进行多边形确认 · detections=1
[INFO] [1786545615.976685]: 开始进行多边形确认 · detections=1
[INFO] [1786545616.098731]: 开始进行多边形确认 · detections=1
[INFO] [1786545616.213106]: 开始进行多边形确认 · detections=1
[INFO] [1786545616.325609]: 开始进行多边形确认 · detections=1
[INFO] [1786545616.526650]: 开始进行多边形确认 · detections=1
[INFO] [1786545616.602529]: 开始进行多边形确认 · detections=1
[INFO] [1786545616.716251]: 开始进行多边形确认 · detections=1
[INFO] [1786545616.842057]: 开始进行多边形确认 · detections=1
[INFO] [1786545616.969612]: 开始进行多边形确认 · detections=1
[INFO] [1786545617.103332]: 开始进行多边形确认 · detections=1
[INFO] [1786545617.231563]: 开始进行多边形确认 · detections=1
[INFO] [1786545617.358767]: 开始进行多边形确认 · detections=1
[INFO] [1786545617.480849]: 开始进行多边形确认 · detections=1
[INFO] [1786545617.626539]: 开始进行多边形确认 · detections=1
[INFO] [1786545617.716575]: 开始进行多边形确认 · detections=1
[INFO] [1786545617.848613]: 开始进行多边形确认 · detections=1
[INFO] [1786545617.970394]: 开始进行多边形确认 · detections=1
[INFO] [1786545618.083297]: 开始进行多边形确认 · detections=1
[INFO] [1786545618.204427]: 开始进行多边形确认 · detections=1
[INFO] [1786545618.334019]: 开始进行多边形确认 · detections=1
[INFO] [1786545618.463116]: 开始进行多边形确认 · detections=1
[INFO] [1786545618.648437]: 开始进行多边形确认 · detections=1
[INFO] [1786545618.712577]: 开始进行多边形确认 · detections=1
[INFO] [1786545618.843815]: 开始进行多边形确认 · detections=1
[INFO] [1786545618.983932]: 开始进行多边形确认 · detections=1
[INFO] [1786545619.116279]: 开始进行多边形确认 · detections=1
[INFO] [1786545619.230054]: 开始进行多边形确认 · detections=1
[INFO] [1786545619.357801]: 开始进行多边形确认 · detections=1
[INFO] [1786545619.487417]: 开始进行多边形确认 · detections=1
[INFO] [1786545619.615142]: 开始进行多边形确认 · detections=1
[INFO] [1786545619.743308]: 开始进行多边形确认 · detections=1
[INFO] [1786545619.857375]: 开始进行多边形确认 · detections=1
[INFO] [1786545619.969987]: 开始进行多边形确认 · detections=1
[INFO] [1786545620.116911]: 开始进行多边形确认 · detections=1
[INFO] [1786545620.247277]: 开始进行多边形确认 · detections=1
[INFO] [1786545620.371800]: 开始进行多边形确认 · detections=1
[INFO] [1786545620.500403]: 开始进行多边形确认 · detections=1
[INFO] [1786545620.626338]: 开始进行多边形确认 · detections=1
[INFO] [1786545620.754832]: 开始进行多边形确认 · detections=1
[INFO] [1786545620.881374]: 开始进行多边形确认 · detections=1
[INFO] [1786545620.983875]: 开始进行多边形确认 · detections=1
[INFO] [1786545621.115495]: 开始进行多边形确认 · detections=1
[INFO] [1786545621.257747]: 开始进行多边形确认 · detections=1
[INFO] [1786545621.395390]: 开始进行多边形确认 · detections=1
[INFO] [1786545621.504237]: 开始进行多边形确认 · detections=1
[INFO] [1786545621.630725]: 开始进行多边形确认 · detections=1
[INFO] [1786545621.752548]: 开始进行多边形确认 · detections=1
[INFO] [1786545621.893573]: 开始进行多边形确认 · detections=1
[INFO] [1786545622.009741]: 开始进行多边形确认 · detections=1
[INFO] [1786545622.123059]: 开始进行多边形确认 · detections=1
[INFO] [1786545622.247350]: 开始进行多边形确认 · detections=1
[INFO] [1786545622.370864]: 开始进行多边形确认 · detections=1
[INFO] [1786545622.484099]: 开始进行多边形确认 · detections=1
[INFO] [1786545622.616406]: 开始进行多边形确认 · detections=1
[INFO] [1786545622.742596]: 开始进行多边形确认 · detections=1
[INFO] [1786545622.924218]: 开始进行多边形确认 · detections=1
[INFO] [1786545622.988332]: 开始进行多边形确认 · detections=1
[INFO] [1786545623.109649]: 开始进行多边形确认 · detections=1
[INFO] [1786545623.226632]: 开始进行多边形确认 · detections=1
[INFO] [1786545623.354960]: RGB-D vision status: model_ready:onnxruntime targets:0 centers:0 tf:0 rejected:0 merged:0 semantic_masks:0
[INFO] [1786545623.489310]: 开始进行多边形确认 · detections=1
[INFO] [1786545623.610474]: 开始进行多边形确认 · detections=1
[INFO] [1786545623.731496]: 开始进行多边形确认 · detections=1
[INFO] [1786545623.855818]: 开始进行多边形确认 · detections=1
[INFO] [1786545624.010237]: 开始进行多边形确认 · detections=1
[INFO] [1786545624.108921]: 开始进行多边形确认 · detections=1
[INFO] [1786545624.246234]: 开始进行多边形确认 · detections=1
[INFO] [1786545624.375763]: 开始进行多边形确认 · detections=1
[INFO] [1786545624.491582]: 开始进行多边形确认 · detections=1
[INFO] [1786545624.621689]: 开始进行多边形确认 · detections=1
[INFO] [1786545624.744097]: 开始进行多边形确认 · detections=1
[INFO] [1786545624.869717]: 开始进行多边形确认 · detections=1
[INFO] [1786545625.049098]: 开始进行多边形确认 · detections=1
[INFO] [1786545625.126802]: 开始进行多边形确认 · detections=1
[INFO] [1786545625.259582]: 开始进行多边形确认 · detections=1
[INFO] [1786545625.363086]: 开始进行多边形确认 · detections=1
[INFO] [1786545625.483888]: 开始进行多边形确认 · detections=1
[INFO] [1786545625.607993]: 开始进行多边形确认 · detections=1
[INFO] [1786545625.859032]: 开始进行多边形确认 · detections=1
[INFO] [1786545625.978580]: 开始进行多边形确认 · detections=1
[INFO] [1786545626.129865]: 开始进行多边形确认 · detections=1
[INFO] [1786545626.238126]: 开始进行多边形确认 · detections=1
[INFO] [1786545626.372291]: 开始进行多边形确认 · detections=1
[INFO] [1786545626.609490]: 开始进行多边形确认 · detections=1
[INFO] [1786545626.728848]: 开始进行多边形确认 · detections=1
[INFO] [1786545626.862271]: 开始进行多边形确认 · detections=1
[INFO] [1786545626.989486]: 开始进行多边形确认 · detections=1
[INFO] [1786545627.139123]: 开始进行多边形确认 · detections=1
[INFO] [1786545627.257818]: 开始进行多边形确认 · detections=1
[INFO] [1786545627.380270]: 开始进行多边形确认 · detections=1
[INFO] [1786545627.503405]: 开始进行多边形确认 · detections=1
[INFO] [1786545627.631048]: 开始进行多边形确认 · detections=1
[INFO] [1786545627.756567]: 开始进行多边形确认 · detections=1
[INFO] [1786545627.885326]: 开始进行多边形确认 · detections=1
[INFO] [1786545628.001946]: 开始进行多边形确认 · detections=1
[INFO] [1786545628.136457]: 开始进行多边形确认 · detections=1
[INFO] [1786545628.271826]: 开始进行多边形确认 · detections=1
[WARN] [1786545625.128236]: 开始进行多边形确认 · 多边形确认失败 · rejected=0 · elapsed_ms=1.5
[WARN] [1786545625.261351]: 开始进行多边形确认 · 多边形确认失败 · rejected=0 · elapsed_ms=1.8
[WARN] [1786545625.364325]: 开始进行多边形确认 · 多边形确认失败 · rejected=0 · elapsed_ms=1.3
[WARN] [1786545625.485205]: 开始进行多边形确认 · 多边形确认失败 · rejected=0 · elapsed_ms=1.4
[WARN] [1786545625.609252]: 开始进行多边形确认 · 多边形确认失败 · rejected=0 · elapsed_ms=1.3
[WARN] [1786545625.860324]: 开始进行多边形确认 · 多边形确认失败 · rejected=0 · elapsed_ms=1.3
[WARN] [1786545625.979788]: 开始进行多边形确认 · 多边形确认失败 · rejected=0 · elapsed_ms=1.3
[WARN] [1786545626.131255]: 开始进行多边形确认 · 多边形确认失败 · rejected=0 · elapsed_ms=1.5
[WARN] [1786545626.239562]: 开始进行多边形确认 · 多边形确认失败 · rejected=0 · elapsed_ms=1.5
[WARN] [1786545626.373715]: 开始进行多边形确认 · 多边形确认失败 · rejected=0 · elapsed_ms=1.5
[WARN] [1786545626.610805]: 开始进行多边形确认 · 多边形确认失败 · rejected=0 · elapsed_ms=1.4
[WARN] [1786545626.730019]: 开始进行多边形确认 · 多边形确认失败 · rejected=0 · elapsed_ms=1.2
[WARN] [1786545626.863474]: 开始进行多边形确认 · 多边形确认失败 · rejected=0 · elapsed_ms=1.3
[WARN] [1786545626.990736]: 开始进行多边形确认 · 多边形确认失败 · rejected=0 · elapsed_ms=1.3
[WARN] [1786545627.140399]: 开始进行多边形确认 · 多边形确认失败 · rejected=0 · elapsed_ms=1.3
[WARN] [1786545627.259200]: 开始进行多边形确认 · 多边形确认失败 · rejected=0 · elapsed_ms=1.5
[WARN] [1786545627.384267]: 开始进行多边形确认 · 多边形确认失败 · rejected=0 · elapsed_ms=4.1
[WARN] [1786545627.504920]: 开始进行多边形确认 · 多边形确认失败 · rejected=0 · elapsed_ms=1.6
[WARN] [1786545627.632425]: 开始进行多边形确认 · 多边形确认失败 · rejected=0 · elapsed_ms=1.5
[WARN] [1786545627.757993]: 开始进行多边形确认 · 多边形确认失败 · rejected=0 · elapsed_ms=1.5
[WARN] [1786545627.886740]: 开始进行多边形确认 · 多边形确认失败 · rejected=0 · elapsed_ms=1.5
[WARN] [1786545628.003237]: 开始进行多边形确认 · 多边形确认失败 · rejected=0 · elapsed_ms=1.4
[WARN] [1786545628.137874]: 开始进行多边形确认 · 多边形确认失败 · rejected=0 · elapsed_ms=1.5
[WARN] [1786545628.273247]: 开始进行多边形确认 · 多边形确认失败 · rejected=0 · elapsed_ms=1.5
[WARN] [1786545628.387066]: 开始进行多边形确认 · 多边形确认失败 · rejected=0 · elapsed_ms=1.6
[WARN] [1786545628.509059]: 开始进行多边形确认 · 多边形确认失败 · rejected=0 · elapsed_ms=1.6
[WARN] [1786545628.619773]: 开始进行多边形确认 · 多边形确认失败 · rejected=0 · elapsed_ms=1.3
[WARN] [1786545628.744615]: 开始进行多边形确认 · 多边形确认失败 · rejected=0 · elapsed_ms=1.2
[WARN] [1786545628.876810]: 开始进行多边形确认 · 多边形确认失败 · rejected=0 · elapsed_ms=1.6
[WARN] [1786545628.997499]: 开始进行多边形确认 · 多边形确认失败 · rejected=0 · elapsed_ms=1.5
[WARN] [1786545629.128986]: 开始进行多边形确认 · 多边形确认失败 · rejected=0 · elapsed_ms=1.4
[WARN] [1786545629.398862]: 开始进行多边形确认 · 多边形确认失败 · rejected=0 · elapsed_ms=1.5
[WARN] [1786545629.499923]: 开始进行多边形确认 · 多边形确认失败 · rejected=0 · elapsed_ms=1.5
[WARN] [1786545629.624401]: 开始进行多边形确认 · 多边形确认失败 · rejected=0 · elapsed_ms=1.0
[WARN] [1786545629.893686]: 开始进行多边形确认 · 多边形确认失败 · rejected=0 · elapsed_ms=0.9
[WARN] [1786545629.995861]: 开始进行多边形确认 · 多边形确认失败 · rejected=0 · elapsed_ms=1.3
[WARN] [1786545630.131250]: 开始进行多边形确认 · 多边形确认失败 · rejected=0 · elapsed_ms=1.2
[WARN] [1786545630.259898]: 开始进行多边形确认 · 多边形确认失败 · rejected=0 · elapsed_ms=1.3
[WARN] [1786545630.376377]: 开始进行多边形确认 · 多边形确认失败 · rejected=0 · elapsed_ms=1.3
[WARN] [1786545630.522398]: 开始进行多边形确认 · 多边形确认失败 · rejected=0 · elapsed_ms=1.1
[WARN] [1786545630.630816]: 开始进行多边形确认 · 多边形确认失败 · rejected=0 · elapsed_ms=1.2
[WARN] [1786545630.759831]: 开始进行多边形确认 · 多边形确认失败 · rejected=0 · elapsed_ms=1.4
[WARN] [1786545630.884425]: 开始进行多边形确认 · 多边形确认失败 · rejected=0 · elapsed_ms=1.5
[WARN] [1786545631.031452]: 开始进行多边形确认 · 多边形确认失败 · rejected=0 · elapsed_ms=1.9
[WARN] [1786545631.165888]: 开始进行多边形确认 · 多边形确认失败 · rejected=0 · elapsed_ms=1.6
[WARN] [1786545631.294054]: 开始进行多边形确认 · 多边形确认失败 · rejected=0 · elapsed_ms=1.4
[WARN] [1786545631.419309]: 开始进行多边形确认 · 多边形确认失败 · rejected=0 · elapsed_ms=1.6
[WARN] [1786545631.571599]: 开始进行多边形确认 · 多边形确认失败 · rejected=0 · elapsed_ms=1.3
[WARN] [1786545631.652686]: 开始进行多边形确认 · 多边形确认失败 · rejected=0 · elapsed_ms=1.4
[WARN] [1786545631.780954]: 开始进行多边形确认 · 多边形确认失败 · rejected=0 · elapsed_ms=2.4
[WARN] [1786545631.895912]: 开始进行多边形确认 · 多边形确认失败 · rejected=0 · elapsed_ms=1.2
[WARN] [1786545632.020614]: 开始进行多边形确认 · 多边形确认失败 · rejected=0 · elapsed_ms=1.3
[WARN] [1786545632.275020]: 开始进行多边形确认 · 多边形确认失败 · rejected=0 · elapsed_ms=1.3
[WARN] [1786545632.394224]: 开始进行多边形确认 · 多边形确认失败 · rejected=0 · elapsed_ms=1.1
[WARN] [1786545632.557492]: 开始进行多边形确认 · 多边形确认失败 · rejected=0 · elapsed_ms=2.5
[WARN] [1786545632.637507]: 开始进行多边形确认 · 多边形确认失败 · rejected=0 · elapsed_ms=1.4
[WARN] [1786545632.775773]: 开始进行多边形确认 · 多边形确认失败 · rejected=0 · elapsed_ms=1.3
[WARN] [1786545632.891565]: 开始进行多边形确认 · 多边形确认失败 · rejected=0 · elapsed_ms=1.4
[WARN] [1786545633.140052]: 开始进行多边形确认 · 多边形确认失败 · rejected=0 · elapsed_ms=1.4
[WARN] [1786545633.269365]: 开始进行多边形确认 · 多边形确认失败 · rejected=0 · elapsed_ms=1.3
[WARN] [1786545633.390976]: 开始进行多边形确认 · 多边形确认失败 · rejected=0 · elapsed_ms=1.3
[WARN] [1786545633.507039]: 开始进行多边形确认 · 多边形确认失败 · rejected=0 · elapsed_ms=1.3
[WARN] [1786545633.657226]: 开始进行多边形确认 · 多边形确认失败 · rejected=0 · elapsed_ms=1.5
[WARN] [1786545633.905851]: 开始进行多边形确认 · 多边形确认失败 · rejected=0 · elapsed_ms=1.2
[WARN] [1786545634.162134]: 开始进行多边形确认 · 多边形确认失败 · rejected=0 · elapsed_ms=1.4
[WARN] [1786545634.293725]: 开始进行多边形确认 · 多边形确认失败 · rejected=0 · elapsed_ms=1.6
[WARN] [1786545634.411034]: 开始进行多边形确认 · 多边形确认失败 · rejected=0 · elapsed_ms=1.5
[WARN] [1786545634.536962]: 开始进行多边形确认 · 多边形确认失败 · rejected=0 · elapsed_ms=1.4
[WARN] [1786545634.690407]: 开始进行多边形确认 · 多边形确认失败 · rejected=0 · elapsed_ms=1.3
[WARN] [1786545634.792090]: 开始进行多边形确认 · 多边形确认失败 · rejected=0 · elapsed_ms=1.5
[WARN] [1786545634.930251]: 开始进行多边形确认 · 多边形确认失败 · rejected=0 · elapsed_ms=1.6
[WARN] [1786545635.051136]: 开始进行多边形确认 · 多边形确认失败 · rejected=0 · elapsed_ms=1.7
[INFO] [1786545628.385542]: 开始进行多边形确认 · detections=1
[INFO] [1786545628.507579]: 开始进行多边形确认 · detections=1
[INFO] [1786545628.618549]: 开始进行多边形确认 · detections=1
[INFO] [1786545628.743492]: 开始进行多边形确认 · detections=1
[INFO] [1786545628.875304]: 开始进行多边形确认 · detections=1
[INFO] [1786545628.996112]: 开始进行多边形确认 · detections=1
[INFO] [1786545629.127669]: 开始进行多边形确认 · detections=1
[INFO] [1786545629.249029]: RGB-D vision status: model_ready:onnxruntime targets:0 centers:0 tf:0 rejected:0 merged:0 semantic_masks:0
[INFO] [1786545629.397468]: 开始进行多边形确认 · detections=1
[INFO] [1786545629.498495]: 开始进行多边形确认 · detections=1
[INFO] [1786545629.623443]: 开始进行多边形确认 · detections=1
[INFO] [1786545629.892873]: 开始进行多边形确认 · detections=1
[INFO] [1786545629.994626]: 开始进行多边形确认 · detections=1
[INFO] [1786545630.130100]: 开始进行多边形确认 · detections=1
[INFO] [1786545630.258752]: 开始进行多边形确认 · detections=1
[INFO] [1786545630.375139]: 开始进行多边形确认 · detections=1
[INFO] [1786545630.521317]: 开始进行多边形确认 · detections=1
[INFO] [1786545630.629661]: 开始进行多边形确认 · detections=1
[INFO] [1786545630.758460]: 开始进行多边形确认 · detections=1
[INFO] [1786545630.882974]: 开始进行多边形确认 · detections=1
[INFO] [1786545631.029623]: 开始进行多边形确认 · detections=1
[INFO] [1786545631.164379]: 开始进行多边形确认 · detections=1
[INFO] [1786545631.292690]: 开始进行多边形确认 · detections=1
[INFO] [1786545631.417845]: 开始进行多边形确认 · detections=1
[INFO] [1786545631.570378]: 开始进行多边形确认 · detections=1
[INFO] [1786545631.651358]: 开始进行多边形确认 · detections=1
[INFO] [1786545631.778667]: 开始进行多边形确认 · detections=1
[INFO] [1786545631.894732]: 开始进行多边形确认 · detections=1
[INFO] [1786545632.019362]: 开始进行多边形确认 · detections=1
[INFO] [1786545632.273731]: 开始进行多边形确认 · detections=1
[INFO] [1786545632.393198]: 开始进行多边形确认 · detections=1
[INFO] [1786545632.555120]: 开始进行多边形确认 · detections=1
[INFO] [1786545632.636141]: 开始进行多边形确认 · detections=1
[INFO] [1786545632.774483]: 开始进行多边形确认 · detections=1
[INFO] [1786545632.890247]: 开始进行多边形确认 · detections=1
[INFO] [1786545633.138689]: 开始进行多边形确认 · detections=1
[INFO] [1786545633.268157]: 开始进行多边形确认 · detections=1
[INFO] [1786545633.389758]: 开始进行多边形确认 · detections=1
[INFO] [1786545633.505805]: 开始进行多边形确认 · detections=1
[INFO] [1786545633.655738]: 开始进行多边形确认 · detections=1
[INFO] [1786545633.904722]: 开始进行多边形确认 · detections=1
[INFO] [1786545634.160754]: 开始进行多边形确认 · detections=1
[INFO] [1786545634.292192]: 开始进行多边形确认 · detections=1
[INFO] [1786545634.409596]: 开始进行多边形确认 · detections=1
[INFO] [1786545634.535681]: 开始进行多边形确认 · detections=1
[INFO] [1786545634.689190]: 开始进行多边形确认 · detections=1
[INFO] [1786545634.790662]: 开始进行多边形确认 · detections=1
[INFO] [1786545634.928771]: 开始进行多边形确认 · detections=1
[INFO] [1786545635.049492]: 开始进行多边形确认 · detections=1
[INFO] [1786545635.175570]: 开始进行多边形确认 · detections=1
[INFO] [1786545635.302748]: 开始进行多边形确认 · detections=1
[INFO] [1786545635.421624]: 开始进行多边形确认 · detections=1
[INFO] [1786545635.548032]: 开始进行多边形确认 · detections=1
[INFO] [1786545635.689021]: 开始进行多边形确认 · detections=1
[INFO] [1786545635.782900]: 开始进行多边形确认 · detections=1
[INFO] [1786545635.907433]: 开始进行多边形确认 · detections=1
[INFO] [1786545636.033986]: 开始进行多边形确认 · detections=1
[INFO] [1786545636.156355]: 开始进行多边形确认 · detections=1
[INFO] [1786545636.282080]: 开始进行多边形确认 · detections=1
[INFO] [1786545636.408324]: 开始进行多边形确认 · detections=1
[INFO] [1786545636.534235]: 开始进行多边形确认 · detections=1
[INFO] [1786545636.644937]: 开始进行多边形确认 · detections=1
[INFO] [1786545636.799268]: 开始进行多边形确认 · detections=1
[INFO] [1786545636.896851]: 开始进行多边形确认 · detections=1
[INFO] [1786545637.034946]: 开始进行多边形确认 · detections=1
[INFO] [1786545637.150558]: 开始进行多边形确认 · detections=1
[INFO] [1786545637.272679]: 开始进行多边形确认 · detections=1
[INFO] [1786545637.419334]: 开始进行多边形确认 · detections=1
[INFO] [1786545637.541939]: 开始进行多边形确认 · detections=1
[INFO] [1786545637.677451]: 开始进行多边形确认 · detections=1
[INFO] [1786545637.818786]: 开始进行多边形确认 · detections=1
[INFO] [1786545637.922535]: RGB-D vision status: model_ready:onnxruntime targets:0 centers:0 tf:0 rejected:0 merged:0 semantic_masks:0
[INFO] [1786545638.046761]: 开始进行多边形确认 · detections=1
[INFO] [1786545638.176836]: 开始进行多边形确认 · detections=1
[INFO] [1786545638.301274]: 开始进行多边形确认 · detections=1
[INFO] [1786545638.421453]: 开始进行多边形确认 · detections=1
[INFO] [1786545638.565978]: 开始进行多边形确认 · detections=1
[INFO] [1786545638.687247]: 开始进行多边形确认 · detections=1
[INFO] [1786545638.807703]: 开始进行多边形确认 · detections=1
[INFO] [1786545638.928162]: 开始进行多边形确认 · detections=1
[INFO] [1786545639.051997]: 开始进行多边形确认 · detections=1
[INFO] [1786545639.186327]: 开始进行多边形确认 · detections=1
[INFO] [1786545639.311147]: 开始进行多边形确认 · detections=1
[INFO] [1786545639.433526]: 开始进行多边形确认 · detections=1
[INFO] [1786545639.555375]: 开始进行多边形确认 · detections=1
[INFO] [1786545639.683192]: 开始进行多边形确认 · detections=1
[INFO] [1786545639.810808]: 开始进行多边形确认 · detections=1
[INFO] [1786545639.926630]: 开始进行多边形确认 · detections=1
[INFO] [1786545640.073468]: 开始进行多边形确认 · detections=1
[INFO] [1786545640.173873]: 开始进行多边形确认 · detections=1
[INFO] [1786545640.420679]: 开始进行多边形确认 · detections=1
[INFO] [1786545640.544366]: 开始进行多边形确认 · detections=1
[INFO] [1786545640.670454]: 开始进行多边形确认 · detections=1
[INFO] [1786545640.803044]: 开始进行多边形确认 · detections=1
[INFO] [1786545640.931054]: 开始进行多边形确认 · detections=1
[INFO] [1786545641.064368]: 开始进行多边形确认 · detections=1
[INFO] [1786545641.180030]: 开始进行多边形确认 · detections=1
[INFO] [1786545641.309910]: 开始进行多边形确认 · detections=1
[INFO] [1786545641.431499]: 开始进行多边形确认 · detections=1
[INFO] [1786545641.563806]: 开始进行多边形确认 · detections=1
[INFO] [1786545641.676129]: 开始进行多边形确认 · detections=1
[INFO] [1786545641.805619]: 开始进行多边形确认 · detections=1
[INFO] [1786545641.948047]: 开始进行多边形确认 · detections=1
[INFO] [1786545642.058234]: 开始进行多边形确认 · detections=1
[INFO] [1786545642.230626]: 开始进行多边形确认 · detections=1
[INFO] [1786545642.314029]: 开始进行多边形确认 · detections=1
[INFO] [1786545642.562710]: 开始进行多边形确认 · detections=1
[INFO] [1786545642.685553]: 开始进行多边形确认 · detections=1
[INFO] [1786545642.814529]: 开始进行多边形确认 · detections=1
[INFO] [1786545642.952690]: 开始进行多边形确认 · detections=1
[INFO] [1786545643.081730]: 开始进行多边形确认 · detections=1
[INFO] [1786545643.226412]: 开始进行多边形确认 · detections=1
[WARN] [1786545635.177027]: 开始进行多边形确认 · 多边形确认失败 · rejected=0 · elapsed_ms=1.5
[WARN] [1786545635.303863]: 开始进行多边形确认 · 多边形确认失败 · rejected=0 · elapsed_ms=1.2
[WARN] [1786545635.423298]: 开始进行多边形确认 · 多边形确认失败 · rejected=0 · elapsed_ms=1.7
[WARN] [1786545635.549272]: 开始进行多边形确认 · 多边形确认失败 · rejected=0 · elapsed_ms=1.3
[WARN] [1786545635.690234]: 开始进行多边形确认 · 多边形确认失败 · rejected=0 · elapsed_ms=1.3
[WARN] [1786545635.785146]: 开始进行多边形确认 · 多边形确认失败 · rejected=0 · elapsed_ms=2.3
[WARN] [1786545635.908562]: 开始进行多边形确认 · 多边形确认失败 · rejected=0 · elapsed_ms=1.2
[WARN] [1786545636.035164]: 开始进行多边形确认 · 多边形确认失败 · rejected=0 · elapsed_ms=1.2
[WARN] [1786545636.157471]: 开始进行多边形确认 · 多边形确认失败 · rejected=0 · elapsed_ms=1.2
[WARN] [1786545636.283151]: 开始进行多边形确认 · 多边形确认失败 · rejected=0 · elapsed_ms=1.1
[WARN] [1786545636.409351]: 开始进行多边形确认 · 多边形确认失败 · rejected=0 · elapsed_ms=1.1
[WARN] [1786545636.535366]: 开始进行多边形确认 · 多边形确认失败 · rejected=0 · elapsed_ms=1.2
[WARN] [1786545636.646336]: 开始进行多边形确认 · 多边形确认失败 · rejected=0 · elapsed_ms=1.4
[WARN] [1786545636.800716]: 开始进行多边形确认 · 多边形确认失败 · rejected=0 · elapsed_ms=1.5
[WARN] [1786545636.898105]: 开始进行多边形确认 · 多边形确认失败 · rejected=0 · elapsed_ms=1.3
[WARN] [1786545637.036175]: 开始进行多边形确认 · 多边形确认失败 · rejected=0 · elapsed_ms=1.3
[WARN] [1786545637.152026]: 开始进行多边形确认 · 多边形确认失败 · rejected=0 · elapsed_ms=1.5
[WARN] [1786545637.273801]: 开始进行多边形确认 · 多边形确认失败 · rejected=0 · elapsed_ms=1.2
[WARN] [1786545637.421245]: 开始进行多边形确认 · 多边形确认失败 · rejected=0 · elapsed_ms=2.0
[WARN] [1786545637.543413]: 开始进行多边形确认 · 多边形确认失败 · rejected=0 · elapsed_ms=1.6
[WARN] [1786545637.678774]: 开始进行多边形确认 · 多边形确认失败 · rejected=0 · elapsed_ms=1.4
[WARN] [1786545637.820179]: 开始进行多边形确认 · 多边形确认失败 · rejected=0 · elapsed_ms=2.6
[WARN] [1786545638.047990]: 开始进行多边形确认 · 多边形确认失败 · rejected=0 · elapsed_ms=1.3
[WARN] [1786545638.178289]: 开始进行多边形确认 · 多边形确认失败 · rejected=0 · elapsed_ms=1.6
[WARN] [1786545638.302625]: 开始进行多边形确认 · 多边形确认失败 · rejected=0 · elapsed_ms=1.4
[WARN] [1786545638.422775]: 开始进行多边形确认 · 多边形确认失败 · rejected=0 · elapsed_ms=1.4
[WARN] [1786545638.567911]: 开始进行多边形确认 · 多边形确认失败 · rejected=0 · elapsed_ms=2.0
[WARN] [1786545638.688793]: 开始进行多边形确认 · 多边形确认失败 · rejected=0 · elapsed_ms=1.6
[WARN] [1786545638.809074]: 开始进行多边形确认 · 多边形确认失败 · rejected=0 · elapsed_ms=1.4
[WARN] [1786545638.929358]: 开始进行多边形确认 · 多边形确认失败 · rejected=0 · elapsed_ms=1.2
[WARN] [1786545639.053484]: 开始进行多边形确认 · 多边形确认失败 · rejected=0 · elapsed_ms=1.5
[WARN] [1786545639.187979]: 开始进行多边形确认 · 多边形确认失败 · rejected=0 · elapsed_ms=1.7
[WARN] [1786545639.312588]: 开始进行多边形确认 · 多边形确认失败 · rejected=0 · elapsed_ms=1.5
[WARN] [1786545639.434836]: 开始进行多边形确认 · 多边形确认失败 · rejected=0 · elapsed_ms=1.4
[WARN] [1786545639.556844]: 开始进行多边形确认 · 多边形确认失败 · rejected=0 · elapsed_ms=1.5
[WARN] [1786545639.684338]: 开始进行多边形确认 · 多边形确认失败 · rejected=0 · elapsed_ms=1.2
[WARN] [1786545639.812368]: 开始进行多边形确认 · 多边形确认失败 · rejected=0 · elapsed_ms=1.7
[WARN] [1786545639.928022]: 开始进行多边形确认 · 多边形确认失败 · rejected=0 · elapsed_ms=1.5
[WARN] [1786545640.076165]: 开始进行多边形确认 · 多边形确认失败 · rejected=0 · elapsed_ms=2.8
[WARN] [1786545640.175346]: 开始进行多边形确认 · 多边形确认失败 · rejected=0 · elapsed_ms=1.6
[WARN] [1786545640.422123]: 开始进行多边形确认 · 多边形确认失败 · rejected=0 · elapsed_ms=1.5
[WARN] [1786545640.545937]: 开始进行多边形确认 · 多边形确认失败 · rejected=0 · elapsed_ms=1.7
[WARN] [1786545640.671866]: 开始进行多边形确认 · 多边形确认失败 · rejected=0 · elapsed_ms=1.5
[WARN] [1786545640.804284]: 开始进行多边形确认 · 多边形确认失败 · rejected=0 · elapsed_ms=1.3
[WARN] [1786545640.932683]: 开始进行多边形确认 · 多边形确认失败 · rejected=0 · elapsed_ms=1.7
[WARN] [1786545641.065995]: 开始进行多边形确认 · 多边形确认失败 · rejected=0 · elapsed_ms=1.7
[WARN] [1786545641.181623]: 开始进行多边形确认 · 多边形确认失败 · rejected=0 · elapsed_ms=1.7
[WARN] [1786545641.311441]: 开始进行多边形确认 · 多边形确认失败 · rejected=0 · elapsed_ms=1.6
[WARN] [1786545641.432869]: 开始进行多边形确认 · 多边形确认失败 · rejected=0 · elapsed_ms=1.4
[WARN] [1786545641.565503]: 开始进行多边形确认 · 多边形确认失败 · rejected=0 · elapsed_ms=1.7
[WARN] [1786545641.677281]: 开始进行多边形确认 · 多边形确认失败 · rejected=0 · elapsed_ms=1.2
[WARN] [1786545641.806998]: 开始进行多边形确认 · 多边形确认失败 · rejected=0 · elapsed_ms=1.5
[WARN] [1786545641.949588]: 开始进行多边形确认 · 多边形确认失败 · rejected=0 · elapsed_ms=1.6
[WARN] [1786545642.059726]: 开始进行多边形确认 · 多边形确认失败 · rejected=0 · elapsed_ms=1.6
[WARN] [1786545642.232110]: 开始进行多边形确认 · 多边形确认失败 · rejected=0 · elapsed_ms=1.6
[WARN] [1786545642.315557]: 开始进行多边形确认 · 多边形确认失败 · rejected=0 · elapsed_ms=1.6
[WARN] [1786545642.564162]: 开始进行多边形确认 · 多边形确认失败 · rejected=0 · elapsed_ms=1.5
[WARN] [1786545642.686834]: 开始进行多边形确认 · 多边形确认失败 · rejected=0 · elapsed_ms=1.4
[WARN] [1786545642.815950]: 开始进行多边形确认 · 多边形确认失败 · rejected=0 · elapsed_ms=1.5
[WARN] [1786545642.954157]: 开始进行多边形确认 · 多边形确认失败 · rejected=0 · elapsed_ms=1.6
[WARN] [1786545643.083406]: 开始进行多边形确认 · 多边形确认失败 · rejected=0 · elapsed_ms=1.8
[WARN] [1786545643.227829]: 开始进行多边形确认 · 多边形确认失败 · rejected=0 · elapsed_ms=1.5
[WARN] [1786545643.338979]: 开始进行多边形确认 · 多边形确认失败 · rejected=0 · elapsed_ms=1.5
[WARN] [1786545643.451979]: 开始进行多边形确认 · 多边形确认失败 · rejected=0 · elapsed_ms=1.6
[WARN] [1786545643.682532]: 开始进行多边形确认 · 多边形确认失败 · rejected=0 · elapsed_ms=1.0
[WARN] [1786545643.806702]: 开始进行多边形确认 · 多边形确认失败 · rejected=0 · elapsed_ms=1.1
[WARN] [1786545644.066742]: 开始进行多边形确认 · 多边形确认失败 · rejected=0 · elapsed_ms=1.2
[WARN] [1786545644.217660]: 开始进行多边形确认 · 多边形确认失败 · rejected=0 · elapsed_ms=1.5
[WARN] [1786545644.332758]: 开始进行多边形确认 · 多边形确认失败 · rejected=0 · elapsed_ms=1.3
[WARN] [1786545644.452473]: 开始进行多边形确认 · 多边形确认失败 · rejected=0 · elapsed_ms=1.4
[WARN] [1786545644.582658]: 开始进行多边形确认 · 多边形确认失败 · rejected=0 · elapsed_ms=1.4
[WARN] [1786545644.709955]: 开始进行多边形确认 · 多边形确认失败 · rejected=0 · elapsed_ms=1.4
[WARN] [1786545644.835456]: 开始进行多边形确认 · 多边形确认失败 · rejected=0 · elapsed_ms=1.6
[WARN] [1786545644.943640]: 开始进行多边形确认 · 多边形确认失败 · rejected=0 · elapsed_ms=1.6
[WARN] [1786545645.073786]: 开始进行多边形确认 · 多边形确认失败 · rejected=0 · elapsed_ms=1.7
[WARN] [1786545645.210235]: 开始进行多边形确认 · 多边形确认失败 · rejected=0 · elapsed_ms=1.3
[WARN] [1786545645.365511]: 开始进行多边形确认 · 多边形确认失败 · rejected=0 · elapsed_ms=1.3
[WARN] [1786545645.555461]: 开始进行多边形确认 · 多边形确认失败 · rejected=0 · elapsed_ms=1.3
[WARN] [1786545645.817899]: 开始进行多边形确认 · 多边形确认失败 · rejected=0 · elapsed_ms=1.6
[WARN] [1786545645.942708]: 开始进行多边形确认 · 多边形确认失败 · rejected=0 · elapsed_ms=1.5
[WARN] [1786545646.072439]: 开始进行多边形确认 · 多边形确认失败 · rejected=0 · elapsed_ms=1.4
[WARN] [1786545646.192367]: 开始进行多边形确认 · 多边形确认失败 · rejected=0 · elapsed_ms=1.1
[WARN] [1786545646.458144]: 开始进行多边形确认 · 多边形确认失败 · rejected=0 · elapsed_ms=1.7
[WARN] [1786545646.563492]: 开始进行多边形确认 · 多边形确认失败 · rejected=0 · elapsed_ms=1.1
[WARN] [1786545646.695334]: 开始进行多边形确认 · 多边形确认失败 · rejected=0 · elapsed_ms=1.2
[WARN] [1786545646.818935]: 开始进行多边形确认 · 多边形确认失败 · rejected=0 · elapsed_ms=1.2
[WARN] [1786545646.944278]: 开始进行多边形确认 · 多边形确认失败 · rejected=0 · elapsed_ms=1.3
[WARN] [1786545647.056369]: 开始进行多边形确认 · 多边形确认失败 · rejected=0 · elapsed_ms=1.1
[WARN] [1786545647.186296]: 开始进行多边形确认 · 多边形确认失败 · rejected=0 · elapsed_ms=1.4
[WARN] [1786545647.556897]: 开始进行多边形确认 · 多边形确认失败 · rejected=0 · elapsed_ms=1.3
[WARN] [1786545647.684874]: 开始进行多边形确认 · 多边形确认失败 · rejected=0 · elapsed_ms=1.4
[WARN] [1786545647.809148]: 开始进行多边形确认 · 多边形确认失败 · rejected=0 · elapsed_ms=2.2
[WARN] [1786545647.950431]: 开始进行多边形确认 · 多边形确认失败 · rejected=0 · elapsed_ms=1.4
[WARN] [1786545648.055705]: 开始进行多边形确认 · 多边形确认失败 · rejected=0 · elapsed_ms=2.0
[WARN] [1786545648.198483]: 开始进行多边形确认 · 多边形确认失败 · rejected=0 · elapsed_ms=1.6
[WARN] [1786545648.326216]: 开始进行多边形确认 · 多边形确认失败 · rejected=0 · elapsed_ms=1.7
[WARN] [1786545648.456731]: 开始进行多边形确认 · 多边形确认失败 · rejected=0 · elapsed_ms=2.0
[WARN] [1786545648.586198]: 开始进行多边形确认 · 多边形确认失败 · rejected=0 · elapsed_ms=1.6
[WARN] [1786545648.706531]: 开始进行多边形确认 · 多边形确认失败 · rejected=0 · elapsed_ms=1.4
[WARN] [1786545648.830599]: 开始进行多边形确认 · 多边形确认失败 · rejected=0 · elapsed_ms=1.7
[WARN] [1786545648.953916]: 开始进行多边形确认 · 多边形确认失败 · rejected=0 · elapsed_ms=1.4
[WARN] [1786545649.202635]: 开始进行多边形确认 · 多边形确认失败 · rejected=0 · elapsed_ms=1.1
[WARN] [1786545649.313848]: 开始进行多边形确认 · 多边形确认失败 · rejected=0 · elapsed_ms=1.4
[WARN] [1786545649.443934]: 开始进行多边形确认 · 多边形确认失败 · rejected=0 · elapsed_ms=1.7
[WARN] [1786545649.570415]: 开始进行多边形确认 · 多边形确认失败 · rejected=0 · elapsed_ms=1.5
[WARN] [1786545649.829763]: 开始进行多边形确认 · 多边形确认失败 · rejected=0 · elapsed_ms=1.8
[WARN] [1786545649.956363]: 开始进行多边形确认 · 多边形确认失败 · rejected=0 · elapsed_ms=1.8
[WARN] [1786545650.081761]: 开始进行多边形确认 · 多边形确认失败 · rejected=0 · elapsed_ms=1.6
[WARN] [1786545650.217461]: 开始进行多边形确认 · 多边形确认失败 · rejected=0 · elapsed_ms=1.5
[WARN] [1786545650.336036]: 开始进行多边形确认 · 多边形确认失败 · rejected=0 · elapsed_ms=1.8
[WARN] [1786545650.467141]: 开始进行多边形确认 · 多边形确认失败 · rejected=0 · elapsed_ms=1.6
[WARN] [1786545650.607917]: 开始进行多边形确认 · 多边形确认失败 · rejected=0 · elapsed_ms=1.5
[WARN] [1786545650.712860]: 开始进行多边形确认 · 多边形确认失败 · rejected=0 · elapsed_ms=1.2
[WARN] [1786545650.834992]: 开始进行多边形确认 · 多边形确认失败 · rejected=0 · elapsed_ms=1.7
[WARN] [1786545650.966438]: 开始进行多边形确认 · 多边形确认失败 · rejected=0 · elapsed_ms=1.8
[WARN] [1786545651.095966]: 开始进行多边形确认 · 多边形确认失败 · rejected=0 · elapsed_ms=1.5
[WARN] [1786545651.214647]: 开始进行多边形确认 · 多边形确认失败 · rejected=0 · elapsed_ms=1.4
[WARN] [1786545651.342021]: 开始进行多边形确认 · 多边形确认失败 · rejected=0 · elapsed_ms=1.7
[WARN] [1786545651.467684]: 开始进行多边形确认 · 多边形确认失败 · rejected=0 · elapsed_ms=3.1
[WARN] [1786545651.581780]: 开始进行多边形确认 · 多边形确认失败 · rejected=0 · elapsed_ms=1.4
[WARN] [1786545651.705509]: 开始进行多边形确认 · 多边形确认失败 · rejected=0 · elapsed_ms=1.2
[WARN] [1786545651.825370]: 开始进行多边形确认 · 多边形确认失败 · rejected=0 · elapsed_ms=1.1
[WARN] [1786545652.070635]: 开始进行多边形确认 · 多边形确认失败 · rejected=0 · elapsed_ms=1.3
[WARN] [1786545652.210465]: 开始进行多边形确认 · 多边形确认失败 · rejected=0 · elapsed_ms=1.5
[WARN] [1786545652.338958]: 开始进行多边形确认 · 多边形确认失败 · rejected=0 · elapsed_ms=1.4
[WARN] [1786545652.459835]: 开始进行多边形确认 · 多边形确认失败 · rejected=0 · elapsed_ms=3.0
[WARN] [1786545652.574100]: 开始进行多边形确认 · 多边形确认失败 · rejected=0 · elapsed_ms=1.3
[WARN] [1786545652.718236]: 开始进行多边形确认 · 多边形确认失败 · rejected=0 · elapsed_ms=1.3
[WARN] [1786545652.847421]: 开始进行多边形确认 · 多边形确认失败 · rejected=0 · elapsed_ms=1.8
[WARN] [1786545653.083838]: 开始进行多边形确认 · 多边形确认失败 · rejected=0 · elapsed_ms=1.4
[WARN] [1786545653.200081]: 开始进行多边形确认 · 多边形确认失败 · rejected=0 · elapsed_ms=2.4
[WARN] [1786545653.354061]: 开始进行多边形确认 · 多边形确认失败 · rejected=0 · elapsed_ms=1.6
[WARN] [1786545653.468702]: 开始进行多边形确认 · 多边形确认失败 · rejected=0 · elapsed_ms=1.5
[WARN] [1786545653.604163]: 开始进行多边形确认 · 多边形确认失败 · rejected=0 · elapsed_ms=1.3
[WARN] [1786545653.734662]: 开始进行多边形确认 · 多边形确认失败 · rejected=0 · elapsed_ms=2.7
[WARN] [1786545653.853564]: 开始进行多边形确认 · 多边形确认失败 · rejected=0 · elapsed_ms=1.5
[WARN] [1786545653.974495]: 开始进行多边形确认 · 多边形确认失败 · rejected=0 · elapsed_ms=1.3
[WARN] [1786545654.077636]: 开始进行多边形确认 · 多边形确认失败 · rejected=0 · elapsed_ms=1.3
[WARN] [1786545654.226722]: 开始进行多边形确认 · 多边形确认失败 · rejected=0 · elapsed_ms=1.6
[WARN] [1786545654.348519]: 开始进行多边形确认 · 多边形确认失败 · rejected=0 · elapsed_ms=1.8
[WARN] [1786545654.473916]: 开始进行多边形确认 · 多边形确认失败 · rejected=0 · elapsed_ms=1.6
[WARN] [1786545654.582263]: 开始进行多边形确认 · 多边形确认失败 · rejected=0 · elapsed_ms=1.2
[WARN] [1786545654.721157]: 开始进行多边形确认 · 多边形确认失败 · rejected=0 · elapsed_ms=1.5
[WARN] [1786545654.851298]: 开始进行多边形确认 · 多边形确认失败 · rejected=0 · elapsed_ms=2.6
[INFO] [1786545643.337604]: 开始进行多边形确认 · detections=1
[INFO] [1786545643.450505]: 开始进行多边形确认 · detections=1
[INFO] [1786545643.562130]: RGB-D vision status: model_ready:onnxruntime targets:0 centers:0 tf:0 rejected:0 merged:0 semantic_masks:0
[INFO] [1786545643.681556]: 开始进行多边形确认 · detections=1
[INFO] [1786545643.805605]: 开始进行多边形确认 · detections=1
[INFO] [1786545644.065565]: 开始进行多边形确认 · detections=1
[INFO] [1786545644.216226]: 开始进行多边形确认 · detections=1
[INFO] [1786545644.331504]: 开始进行多边形确认 · detections=1
[INFO] [1786545644.451142]: 开始进行多边形确认 · detections=1
[INFO] [1786545644.581387]: 开始进行多边形确认 · detections=1
[INFO] [1786545644.708625]: 开始进行多边形确认 · detections=1
[INFO] [1786545644.833973]: 开始进行多边形确认 · detections=1
[INFO] [1786545644.942100]: 开始进行多边形确认 · detections=1
[INFO] [1786545645.072222]: 开始进行多边形确认 · detections=1
[INFO] [1786545645.208972]: 开始进行多边形确认 · detections=1
[INFO] [1786545645.364256]: 开始进行多边形确认 · detections=1
[INFO] [1786545645.554237]: 开始进行多边形确认 · detections=1
[INFO] [1786545645.816376]: 开始进行多边形确认 · detections=1
[INFO] [1786545645.941334]: 开始进行多边形确认 · detections=1
[INFO] [1786545646.071170]: 开始进行多边形确认 · detections=1
[INFO] [1786545646.191377]: 开始进行多边形确认 · detections=1
[INFO] [1786545646.456467]: 开始进行多边形确认 · detections=1
[INFO] [1786545646.562462]: 开始进行多边形确认 · detections=1
[INFO] [1786545646.694240]: 开始进行多边形确认 · detections=1
[INFO] [1786545646.817793]: 开始进行多边形确认 · detections=1
[INFO] [1786545646.943089]: 开始进行多边形确认 · detections=1
[INFO] [1786545647.055340]: 开始进行多边形确认 · detections=1
[INFO] [1786545647.184962]: 开始进行多边形确认 · detections=1
[INFO] [1786545647.555721]: 开始进行多边形确认 · detections=1
[INFO] [1786545647.683515]: 开始进行多边形确认 · detections=1
[INFO] [1786545647.806947]: 开始进行多边形确认 · detections=1
[INFO] [1786545647.949061]: 开始进行多边形确认 · detections=1
[INFO] [1786545648.053767]: 开始进行多边形确认 · detections=1
[INFO] [1786545648.197004]: 开始进行多边形确认 · detections=1
[INFO] [1786545648.324631]: 开始进行多边形确认 · detections=1
[INFO] [1786545648.454812]: 开始进行多边形确认 · detections=1
[INFO] [1786545648.584675]: 开始进行多边形确认 · detections=1
[INFO] [1786545648.705184]: 开始进行多边形确认 · detections=1
[INFO] [1786545648.829021]: 开始进行多边形确认 · detections=1
[INFO] [1786545648.952645]: 开始进行多边形确认 · detections=1
[INFO] [1786545649.081552]: RGB-D vision status: model_ready:onnxruntime targets:0 centers:0 tf:0 rejected:0 merged:0 semantic_masks:0
[INFO] [1786545649.201588]: 开始进行多边形确认 · detections=1
[INFO] [1786545649.312518]: 开始进行多边形确认 · detections=1
[INFO] [1786545649.442272]: 开始进行多边形确认 · detections=1
[INFO] [1786545649.568976]: 开始进行多边形确认 · detections=1
[INFO] [1786545649.828067]: 开始进行多边形确认 · detections=1
[INFO] [1786545649.954618]: 开始进行多边形确认 · detections=1
[INFO] [1786545650.080223]: 开始进行多边形确认 · detections=1
[INFO] [1786545650.216044]: 开始进行多边形确认 · detections=1
[INFO] [1786545650.334341]: 开始进行多边形确认 · detections=1
[INFO] [1786545650.465611]: 开始进行多边形确认 · detections=1
[INFO] [1786545650.606520]: 开始进行多边形确认 · detections=1
[INFO] [1786545650.711770]: 开始进行多边形确认 · detections=1
[INFO] [1786545650.833281]: 开始进行多边形确认 · detections=1
[INFO] [1786545650.964722]: 开始进行多边形确认 · detections=1
[INFO] [1786545651.094559]: 开始进行多边形确认 · detections=1
[INFO] [1786545651.213361]: 开始进行多边形确认 · detections=1
[INFO] [1786545651.340367]: 开始进行多边形确认 · detections=1
[INFO] [1786545651.464658]: 开始进行多边形确认 · detections=1
[INFO] [1786545651.580492]: 开始进行多边形确认 · detections=1
[INFO] [1786545651.704386]: 开始进行多边形确认 · detections=1
[INFO] [1786545651.824275]: 开始进行多边形确认 · detections=1
[INFO] [1786545652.069395]: 开始进行多边形确认 · detections=1
[INFO] [1786545652.209012]: 开始进行多边形确认 · detections=1
[INFO] [1786545652.337649]: 开始进行多边形确认 · detections=1
[INFO] [1786545652.456855]: 开始进行多边形确认 · detections=1
[INFO] [1786545652.572910]: 开始进行多边形确认 · detections=1
[INFO] [1786545652.716988]: 开始进行多边形确认 · detections=1
[INFO] [1786545652.845705]: 开始进行多边形确认 · detections=1
[INFO] [1786545653.082498]: 开始进行多边形确认 · detections=1
[INFO] [1786545653.197738]: 开始进行多边形确认 · detections=1
[INFO] [1786545653.352585]: 开始进行多边形确认 · detections=1
[INFO] [1786545653.467320]: 开始进行多边形确认 · detections=1
[INFO] [1786545653.602910]: 开始进行多边形确认 · detections=1
[INFO] [1786545653.732058]: 开始进行多边形确认 · detections=1
[INFO] [1786545653.852108]: 开始进行多边形确认 · detections=1
[INFO] [1786545653.973239]: 开始进行多边形确认 · detections=1
[INFO] [1786545654.076397]: 开始进行多边形确认 · detections=1
[INFO] [1786545654.225127]: 开始进行多边形确认 · detections=1
[INFO] [1786545654.346758]: 开始进行多边形确认 · detections=1
[INFO] [1786545654.472443]: 开始进行多边形确认 · detections=1
[INFO] [1786545654.581075]: 开始进行多边形确认 · detections=1
[INFO] [1786545654.719774]: 开始进行多边形确认 · detections=1
[INFO] [1786545654.848712]: 开始进行多边形确认 · detections=1
[INFO] [1786545654.985314]: 开始进行多边形确认 · detections=1
[INFO] [1786545655.090298]: 开始进行多边形确认 · detections=1
[INFO] [1786545655.214518]: 开始进行多边形确认 · detections=1
[INFO] [1786545655.339613]: 开始进行多边形确认 · detections=1
[INFO] [1786545655.457189]: 开始进行多边形确认 · detections=1
[INFO] [1786545655.578451]: 开始进行多边形确认 · detections=1
[INFO] [1786545655.708950]: 开始进行多边形确认 · detections=1
[INFO] [1786545655.829592]: 开始进行多边形确认 · detections=1
[INFO] [1786545656.014946]: 开始进行多边形确认 · detections=1
[INFO] [1786545656.119177]: 开始进行多边形确认 · detections=1
[INFO] [1786545656.219555]: 开始进行多边形确认 · detections=1
[INFO] [1786545656.342378]: 开始进行多边形确认 · detections=1
[INFO] [1786545656.497796]: 开始进行多边形确认 · detections=1
[INFO] [1786545656.617711]: 开始进行多边形确认 · detections=1
[INFO] [1786545656.734030]: 开始进行多边形确认 · detections=1
[INFO] [1786545656.852299]: 开始进行多边形确认 · detections=1
[INFO] [1786545656.984499]: 开始进行多边形确认 · detections=1
[INFO] [1786545657.107176]: 开始进行多边形确认 · detections=1
[INFO] [1786545657.226815]: 开始进行多边形确认 · detections=1
[INFO] [1786545657.349767]: RGB-D vision status: model_ready:onnxruntime targets:0 centers:0 tf:0 rejected:0 merged:0 semantic_masks:0
[INFO] [1786545657.477522]: 开始进行多边形确认 · detections=1
[INFO] [1786545657.600200]: 开始进行多边形确认 · detections=1
[INFO] [1786545657.727311]: 开始进行多边形确认 · detections=1
[INFO] [1786545657.854228]: 开始进行多边形确认 · detections=1
[INFO] [1786545657.978924]: 开始进行多边形确认 · detections=1
[INFO] [1786545658.160551]: 开始进行多边形确认 · detections=1
[INFO] [1786545658.229747]: 开始进行多边形确认 · detections=1
[WARN] [1786545654.986730]: 开始进行多边形确认 · 多边形确认失败 · rejected=0 · elapsed_ms=1.5
[WARN] [1786545655.091769]: 开始进行多边形确认 · 多边形确认失败 · rejected=0 · elapsed_ms=1.5
[WARN] [1786545655.215830]: 开始进行多边形确认 · 多边形确认失败 · rejected=0 · elapsed_ms=1.4
[WARN] [1786545655.341189]: 开始进行多边形确认 · 多边形确认失败 · rejected=0 · elapsed_ms=1.6
[WARN] [1786545655.458535]: 开始进行多边形确认 · 多边形确认失败 · rejected=0 · elapsed_ms=1.4
[WARN] [1786545655.579462]: 开始进行多边形确认 · 多边形确认失败 · rejected=0 · elapsed_ms=1.1
[WARN] [1786545655.710257]: 开始进行多边形确认 · 多边形确认失败 · rejected=0 · elapsed_ms=1.4
[WARN] [1786545655.830763]: 开始进行多边形确认 · 多边形确认失败 · rejected=0 · elapsed_ms=1.2
[WARN] [1786545656.016464]: 开始进行多边形确认 · 多边形确认失败 · rejected=0 · elapsed_ms=1.8
[WARN] [1786545656.120647]: 开始进行多边形确认 · 多边形确认失败 · rejected=0 · elapsed_ms=1.6
[WARN] [1786545656.220780]: 开始进行多边形确认 · 多边形确认失败 · rejected=0 · elapsed_ms=1.3
[WARN] [1786545656.343503]: 开始进行多边形确认 · 多边形确认失败 · rejected=0 · elapsed_ms=1.2
[WARN] [1786545656.499183]: 开始进行多边形确认 · 多边形确认失败 · rejected=0 · elapsed_ms=1.4
[WARN] [1786545656.618978]: 开始进行多边形确认 · 多边形确认失败 · rejected=0 · elapsed_ms=1.3
[WARN] [1786545656.735767]: 开始进行多边形确认 · 多边形确认失败 · rejected=0 · elapsed_ms=1.8
[WARN] [1786545656.853710]: 开始进行多边形确认 · 多边形确认失败 · rejected=0 · elapsed_ms=1.5
[WARN] [1786545656.985882]: 开始进行多边形确认 · 多边形确认失败 · rejected=0 · elapsed_ms=1.5
[WARN] [1786545657.108682]: 开始进行多边形确认 · 多边形确认失败 · rejected=0 · elapsed_ms=1.6
[WARN] [1786545657.228415]: 开始进行多边形确认 · 多边形确认失败 · rejected=0 · elapsed_ms=1.7
[WARN] [1786545657.478904]: 开始进行多边形确认 · 多边形确认失败 · rejected=0 · elapsed_ms=1.5
[WARN] [1786545657.602012]: 开始进行多边形确认 · 多边形确认失败 · rejected=0 · elapsed_ms=1.9
[WARN] [1786545657.728914]: 开始进行多边形确认 · 多边形确认失败 · rejected=0 · elapsed_ms=1.7
[WARN] [1786545657.873937]: 开始进行多边形确认 · 多边形确认失败 · rejected=0 · elapsed_ms=19.7
[WARN] [1786545657.980615]: 开始进行多边形确认 · 多边形确认失败 · rejected=0 · elapsed_ms=1.7
[WARN] [1786545658.161840]: 开始进行多边形确认 · 多边形确认失败 · rejected=0 · elapsed_ms=1.4
[WARN] [1786545658.231325]: 开始进行多边形确认 · 多边形确认失败 · rejected=0 · elapsed_ms=1.6
[WARN] [1786545658.352680]: 开始进行多边形确认 · 多边形确认失败 · rejected=0 · elapsed_ms=1.6
[WARN] [1786545658.481143]: 开始进行多边形确认 · 多边形确认失败 · rejected=0 · elapsed_ms=1.7
[WARN] [1786545658.584249]: 开始进行多边形确认 · 多边形确认失败 · rejected=0 · elapsed_ms=1.2
[WARN] [1786545658.733228]: 开始进行多边形确认 · 多边形确认失败 · rejected=0 · elapsed_ms=1.5
[WARN] [1786545658.851031]: 开始进行多边形确认 · 多边形确认失败 · rejected=0 · elapsed_ms=1.6
[WARN] [1786545658.985214]: 开始进行多边形确认 · 多边形确认失败 · rejected=0 · elapsed_ms=1.4
[WARN] [1786545659.167386]: 开始进行多边形确认 · 多边形确认失败 · rejected=0 · elapsed_ms=1.6
[WARN] [1786545659.228227]: 开始进行多边形确认 · 多边形确认失败 · rejected=0 · elapsed_ms=1.6
[WARN] [1786545659.341995]: 开始进行多边形确认 · 多边形确认失败 · rejected=0 · elapsed_ms=2.0
[WARN] [1786545659.497472]: 开始进行多边形确认 · 多边形确认失败 · rejected=0 · elapsed_ms=1.4
[WARN] [1786545659.619643]: 开始进行多边形确认 · 多边形确认失败 · rejected=0 · elapsed_ms=1.4
[WARN] [1786545659.740391]: 开始进行多边形确认 · 多边形确认失败 · rejected=0 · elapsed_ms=1.5
[WARN] [1786545659.873844]: 开始进行多边形确认 · 多边形确认失败 · rejected=0 · elapsed_ms=1.5
[WARN] [1786545659.993776]: 开始进行多边形确认 · 多边形确认失败 · rejected=0 · elapsed_ms=1.3
[WARN] [1786545660.154537]: 开始进行多边形确认 · 多边形确认失败 · rejected=0 · elapsed_ms=1.5
[WARN] [1786545660.243282]: 开始进行多边形确认 · 多边形确认失败 · rejected=0 · elapsed_ms=1.4
[WARN] [1786545660.363081]: 开始进行多边形确认 · 多边形确认失败 · rejected=0 · elapsed_ms=1.4
[WARN] [1786545660.504036]: 开始进行多边形确认 · 多边形确认失败 · rejected=0 · elapsed_ms=1.5
[WARN] [1786545660.629184]: 开始进行多边形确认 · 多边形确认失败 · rejected=0 · elapsed_ms=1.6
[WARN] [1786545660.752216]: 开始进行多边形确认 · 多边形确认失败 · rejected=0 · elapsed_ms=1.5
[WARN] [1786545660.878407]: 开始进行多边形确认 · 多边形确认失败 · rejected=0 · elapsed_ms=1.8
[WARN] [1786545661.008981]: 开始进行多边形确认 · 多边形确认失败 · rejected=0 · elapsed_ms=1.8
[WARN] [1786545661.129007]: 开始进行多边形确认 · 多边形确认失败 · rejected=0 · elapsed_ms=1.6
[WARN] [1786545661.268633]: 开始进行多边形确认 · 多边形确认失败 · rejected=0 · elapsed_ms=7.2
[WARN] [1786545661.386483]: 开始进行多边形确认 · 多边形确认失败 · rejected=0 · elapsed_ms=1.5
[WARN] [1786545661.500287]: 开始进行多边形确认 · 多边形确认失败 · rejected=0 · elapsed_ms=1.6
[WARN] [1786545661.633792]: 开始进行多边形确认 · 多边形确认失败 · rejected=0 · elapsed_ms=1.3
[WARN] [1786545661.760693]: 开始进行多边形确认 · 多边形确认失败 · rejected=0 · elapsed_ms=1.2
[WARN] [1786545661.893051]: 开始进行多边形确认 · 多边形确认失败 · rejected=0 · elapsed_ms=1.9
[WARN] [1786545662.021390]: 开始进行多边形确认 · 多边形确认失败 · rejected=0 · elapsed_ms=1.2
[WARN] [1786545662.143157]: 开始进行多边形确认 · 多边形确认失败 · rejected=0 · elapsed_ms=1.5
[WARN] [1786545662.272028]: 开始进行多边形确认 · 多边形确认失败 · rejected=0 · elapsed_ms=2.3
[WARN] [1786545662.368398]: 开始进行多边形确认 · 多边形确认失败 · rejected=0 · elapsed_ms=1.4
[WARN] [1786545662.486692]: 开始进行多边形确认 · 多边形确认失败 · rejected=0 · elapsed_ms=1.4
[WARN] [1786545662.623665]: 开始进行多边形确认 · 多边形确认失败 · rejected=0 · elapsed_ms=1.4
[WARN] [1786545662.753222]: 开始进行多边形确认 · 多边形确认失败 · rejected=0 · elapsed_ms=1.6
[WARN] [1786545662.879114]: 开始进行多边形确认 · 多边形确认失败 · rejected=0 · elapsed_ms=1.7
[WARN] [1786545662.997873]: 开始进行多边形确认 · 多边形确认失败 · rejected=0 · elapsed_ms=1.7
[WARN] [1786545663.135791]: 开始进行多边形确认 · 多边形确认失败 · rejected=0 · elapsed_ms=1.6
[WARN] [1786545663.249071]: 开始进行多边形确认 · 多边形确认失败 · rejected=0 · elapsed_ms=1.3
[WARN] [1786545663.382338]: 开始进行多边形确认 · 多边形确认失败 · rejected=0 · elapsed_ms=1.3
[WARN] [1786545663.501092]: 开始进行多边形确认 · 多边形确认失败 · rejected=0 · elapsed_ms=1.2
[WARN] [1786545663.614301]: 开始进行多边形确认 · 多边形确认失败 · rejected=0 · elapsed_ms=1.6
[WARN] [1786545663.744528]: 开始进行多边形确认 · 多边形确认失败 · rejected=0 · elapsed_ms=1.2
[WARN] [1786545663.870302]: 开始进行多边形确认 · 多边形确认失败 · rejected=0 · elapsed_ms=2.0
[WARN] [1786545663.986713]: 开始进行多边形确认 · 多边形确认失败 · rejected=0 · elapsed_ms=1.4
[INFO] [1786545658.351159]: 开始进行多边形确认 · detections=1
[INFO] [1786545658.479461]: 开始进行多边形确认 · detections=1
[INFO] [1786545658.583097]: 开始进行多边形确认 · detections=1
[INFO] [1786545658.731858]: 开始进行多边形确认 · detections=1
[INFO] [1786545658.849534]: 开始进行多边形确认 · detections=1
[INFO] [1786545658.983920]: 开始进行多边形确认 · detections=1
[INFO] [1786545659.165863]: 开始进行多边形确认 · detections=1
[INFO] [1786545659.226707]: 开始进行多边形确认 · detections=1
[INFO] [1786545659.340087]: 开始进行多边形确认 · detections=1
[INFO] [1786545659.496174]: 开始进行多边形确认 · detections=1
[INFO] [1786545659.618304]: 开始进行多边形确认 · detections=1
[INFO] [1786545659.738953]: 开始进行多边形确认 · detections=1
[INFO] [1786545659.872421]: 开始进行多边形确认 · detections=1
[INFO] [1786545659.992546]: 开始进行多边形确认 · detections=1
[INFO] [1786545660.153175]: 开始进行多边形确认 · detections=1
[INFO] [1786545660.241957]: 开始进行多边形确认 · detections=1
[INFO] [1786545660.361702]: 开始进行多边形确认 · detections=1
[INFO] [1786545660.502600]: 开始进行多边形确认 · detections=1
[INFO] [1786545660.627676]: 开始进行多边形确认 · detections=1
[INFO] [1786545660.750859]: 开始进行多边形确认 · detections=1
[INFO] [1786545660.876633]: 开始进行多边形确认 · detections=1
[INFO] [1786545661.007195]: 开始进行多边形确认 · detections=1
[INFO] [1786545661.127537]: 开始进行多边形确认 · detections=1
[INFO] [1786545661.261441]: 开始进行多边形确认 · detections=1
[INFO] [1786545661.385054]: 开始进行多边形确认 · detections=1
[INFO] [1786545661.498823]: 开始进行多边形确认 · detections=1
[INFO] [1786545661.632607]: 开始进行多边形确认 · detections=1
[INFO] [1786545661.759590]: 开始进行多边形确认 · detections=1
[INFO] [1786545661.891285]: 开始进行多边形确认 · detections=1
[INFO] [1786545662.020234]: 开始进行多边形确认 · detections=1
[INFO] [1786545662.141776]: 开始进行多边形确认 · detections=1
[INFO] [1786545662.269761]: 开始进行多边形确认 · detections=1
[INFO] [1786545662.367069]: 开始进行多边形确认 · detections=1
[INFO] [1786545662.485288]: 开始进行多边形确认 · detections=1
[INFO] [1786545662.622340]: 开始进行多边形确认 · detections=1
[INFO] [1786545662.751735]: 开始进行多边形确认 · detections=1
[INFO] [1786545662.877520]: 开始进行多边形确认 · detections=1
[INFO] [1786545662.996296]: 开始进行多边形确认 · detections=1
[INFO] [1786545663.134257]: 开始进行多边形确认 · detections=1
[INFO] [1786545663.247868]: 开始进行多边形确认 · detections=1
[INFO] [1786545663.381155]: 开始进行多边形确认 · detections=1
[INFO] [1786545663.499968]: 开始进行多边形确认 · detections=1
[INFO] [1786545663.612762]: 开始进行多边形确认 · detections=1
[INFO] [1786545663.743390]: 开始进行多边形确认 · detections=1
[INFO] [1786545663.868342]: 开始进行多边形确认 · detections=1
[INFO] [1786545663.985332]: 开始进行多边形确认 · detections=1
[INFO] [1786545664.107124]: 开始进行多边形确认 · detections=1
[INFO] [1786545664.240876]: 开始进行多边形确认 · detections=1
[INFO] [1786545664.385886]: 开始进行多边形确认 · detections=1
[INFO] [1786545664.521931]: 开始进行多边形确认 · detections=1
[INFO] [1786545664.622771]: 开始进行多边形确认 · detections=1
[INFO] [1786545664.728038]: 开始进行多边形确认 · detections=1
[INFO] [1786545664.857249]: 开始进行多边形确认 · detections=1
[INFO] [1786545664.985579]: 开始进行多边形确认 · detections=1
[INFO] [1786545665.127782]: 开始进行多边形确认 · detections=1
[INFO] [1786545665.255327]: 开始进行多边形确认 · detections=1
[INFO] [1786545665.379301]: 开始进行多边形确认 · detections=1
[INFO] [1786545665.536988]: 开始进行多边形确认 · detections=1
[INFO] [1786545665.631581]: 开始进行多边形确认 · detections=1
[INFO] [1786545665.748888]: RGB-D vision status: model_ready:onnxruntime targets:0 centers:0 tf:0 rejected:0 merged:0 semantic_masks:0
[INFO] [1786545665.880160]: 开始进行多边形确认 · detections=1
[INFO] [1786545666.010284]: 开始进行多边形确认 · detections=1
[INFO] [1786545666.136007]: 开始进行多边形确认 · detections=1
[INFO] [1786545666.258859]: 开始进行多边形确认 · detections=1
[INFO] [1786545666.388423]: 开始进行多边形确认 · detections=1
[INFO] [1786545666.520812]: 开始进行多边形确认 · detections=1
[INFO] [1786545666.645879]: 开始进行多边形确认 · detections=1
[INFO] [1786545666.764120]: 开始进行多边形确认 · detections=1
[INFO] [1786545666.884780]: 开始进行多边形确认 · detections=1
[INFO] [1786545667.012088]: 开始进行多边形确认 · detections=1
[INFO] [1786545667.148584]: 开始进行多边形确认 · detections=1
[INFO] [1786545667.276054]: 开始进行多边形确认 · detections=1
[INFO] [1786545667.389761]: 开始进行多边形确认 · detections=1
[INFO] [1786545667.681478]: 开始进行多边形确认 · detections=1
[INFO] [1786545667.763958]: 开始进行多边形确认 · detections=1
[INFO] [1786545667.877776]: 开始进行多边形确认 · detections=1
[INFO] [1786545668.021667]: 开始进行多边形确认 · detections=1
[INFO] [1786545668.276014]: 开始进行多边形确认 · detections=1
[INFO] [1786545668.395759]: 开始进行多边形确认 · detections=1
[INFO] [1786545668.520550]: 开始进行多边形确认 · detections=1
[INFO] [1786545668.644948]: 开始进行多边形确认 · detections=1
[INFO] [1786545668.779939]: 开始进行多边形确认 · detections=1
[INFO] [1786545668.890370]: 开始进行多边形确认 · detections=1
[INFO] [1786545669.017582]: 开始进行多边形确认 · detections=1
[INFO] [1786545669.140387]: 开始进行多边形确认 · detections=1
[INFO] [1786545669.257049]: 开始进行多边形确认 · detections=1
[INFO] [1786545669.375584]: 开始进行多边形确认 · detections=1
[INFO] [1786545669.499127]: 开始进行多边形确认 · detections=1
[INFO] [1786545669.633662]: 开始进行多边形确认 · detections=1
[INFO] [1786545669.902171]: 开始进行多边形确认 · detections=1
[INFO] [1786545670.030654]: 开始进行多边形确认 · detections=1
[INFO] [1786545670.168001]: 开始进行多边形确认 · detections=1
[INFO] [1786545670.290834]: 开始进行多边形确认 · detections=1
[INFO] [1786545670.419267]: 开始进行多边形确认 · detections=1
[INFO] [1786545670.543281]: 开始进行多边形确认 · detections=1
[INFO] [1786545670.668275]: 开始进行多边形确认 · detections=1
[INFO] [1786545670.813182]: 开始进行多边形确认 · detections=1
[INFO] [1786545670.896499]: 开始进行多边形确认 · detections=1
[INFO] [1786545671.036157]: 开始进行多边形确认 · detections=1
[INFO] [1786545671.144962]: 开始进行多边形确认 · detections=1
[INFO] [1786545671.272273]: 开始进行多边形确认 · detections=1
[INFO] [1786545671.392012]: 开始进行多边形确认 · detections=1
[INFO] [1786545671.528466]: 开始进行多边形确认 · detections=1
[INFO] [1786545671.653418]: 开始进行多边形确认 · detections=1
[INFO] [1786545671.834322]: 开始进行多边形确认 · detections=1
[INFO] [1786545671.901686]: 开始进行多边形确认 · detections=1
[INFO] [1786545672.026968]: 开始进行多边形确认 · detections=1
[INFO] [1786545672.157836]: 开始进行多边形确认 · detections=1
[INFO] [1786545672.282071]: 开始进行多边形确认 · detections=1
[INFO] [1786545672.404188]: 开始进行多边形确认 · detections=1
[INFO] [1786545672.532683]: 开始进行多边形确认 · detections=1
[INFO] [1786545672.656004]: 开始进行多边形确认 · detections=1
[WARN] [1786545664.108362]: 开始进行多边形确认 · 多边形确认失败 · rejected=0 · elapsed_ms=1.3
[WARN] [1786545664.241840]: 开始进行多边形确认 · 多边形确认失败 · rejected=0 · elapsed_ms=1.0
[WARN] [1786545664.387232]: 开始进行多边形确认 · 多边形确认失败 · rejected=0 · elapsed_ms=1.4
[WARN] [1786545664.523224]: 开始进行多边形确认 · 多边形确认失败 · rejected=0 · elapsed_ms=1.4
[WARN] [1786545664.624059]: 开始进行多边形确认 · 多边形确认失败 · rejected=0 · elapsed_ms=1.4
[WARN] [1786545664.729223]: 开始进行多边形确认 · 多边形确认失败 · rejected=0 · elapsed_ms=1.2
[WARN] [1786545664.858689]: 开始进行多边形确认 · 多边形确认失败 · rejected=0 · elapsed_ms=1.5
[WARN] [1786545664.986829]: 开始进行多边形确认 · 多边形确认失败 · rejected=0 · elapsed_ms=1.3
[WARN] [1786545665.129001]: 开始进行多边形确认 · 多边形确认失败 · rejected=0 · elapsed_ms=1.3
[WARN] [1786545665.256507]: 开始进行多边形确认 · 多边形确认失败 · rejected=0 · elapsed_ms=1.2
[WARN] [1786545665.381222]: 开始进行多边形确认 · 多边形确认失败 · rejected=0 · elapsed_ms=2.0
[WARN] [1786545665.538363]: 开始进行多边形确认 · 多边形确认失败 · rejected=0 · elapsed_ms=1.4
[WARN] [1786545665.632933]: 开始进行多边形确认 · 多边形确认失败 · rejected=0 · elapsed_ms=1.4
[WARN] [1786545665.881530]: 开始进行多边形确认 · 多边形确认失败 · rejected=0 · elapsed_ms=1.4
[WARN] [1786545666.011458]: 开始进行多边形确认 · 多边形确认失败 · rejected=0 · elapsed_ms=1.2
[WARN] [1786545666.137294]: 开始进行多边形确认 · 多边形确认失败 · rejected=0 · elapsed_ms=1.3
[WARN] [1786545666.260156]: 开始进行多边形确认 · 多边形确认失败 · rejected=0 · elapsed_ms=1.4
[WARN] [1786545666.389752]: 开始进行多边形确认 · 多边形确认失败 · rejected=0 · elapsed_ms=1.4
[WARN] [1786545666.527280]: 开始进行多边形确认 · 多边形确认失败 · rejected=0 · elapsed_ms=6.5
[WARN] [1786545666.647077]: 开始进行多边形确认 · 多边形确认失败 · rejected=0 · elapsed_ms=1.2
[WARN] [1786545666.765224]: 开始进行多边形确认 · 多边形确认失败 · rejected=0 · elapsed_ms=1.2
[WARN] [1786545666.886194]: 开始进行多边形确认 · 多边形确认失败 · rejected=0 · elapsed_ms=1.5
[WARN] [1786545667.013930]: 开始进行多边形确认 · 多边形确认失败 · rejected=0 · elapsed_ms=1.9
[WARN] [1786545667.150172]: 开始进行多边形确认 · 多边形确认失败 · rejected=0 · elapsed_ms=1.7
[WARN] [1786545667.277571]: 开始进行多边形确认 · 多边形确认失败 · rejected=0 · elapsed_ms=1.6
[WARN] [1786545667.391224]: 开始进行多边形确认 · 多边形确认失败 · rejected=0 · elapsed_ms=1.5
[WARN] [1786545667.682775]: 开始进行多边形确认 · 多边形确认失败 · rejected=0 · elapsed_ms=1.3
[WARN] [1786545667.765021]: 开始进行多边形确认 · 多边形确认失败 · rejected=0 · elapsed_ms=1.1
[WARN] [1786545667.879339]: 开始进行多边形确认 · 多边形确认失败 · rejected=0 · elapsed_ms=1.6
[WARN] [1786545668.023055]: 开始进行多边形确认 · 多边形确认失败 · rejected=0 · elapsed_ms=1.5
[WARN] [1786545668.277387]: 开始进行多边形确认 · 多边形确认失败 · rejected=0 · elapsed_ms=1.5
[WARN] [1786545668.397053]: 开始进行多边形确认 · 多边形确认失败 · rejected=0 · elapsed_ms=1.4
[WARN] [1786545668.521928]: 开始进行多边形确认 · 多边形确认失败 · rejected=0 · elapsed_ms=1.4
[WARN] [1786545668.646298]: 开始进行多边形确认 · 多边形确认失败 · rejected=0 · elapsed_ms=1.4
[WARN] [1786545668.781033]: 开始进行多边形确认 · 多边形确认失败 · rejected=0 · elapsed_ms=1.2
[WARN] [1786545668.891755]: 开始进行多边形确认 · 多边形确认失败 · rejected=0 · elapsed_ms=1.5
[WARN] [1786545669.019005]: 开始进行多边形确认 · 多边形确认失败 · rejected=0 · elapsed_ms=1.5
[WARN] [1786545669.142353]: 开始进行多边形确认 · 多边形确认失败 · rejected=0 · elapsed_ms=2.1
[WARN] [1786545669.258587]: 开始进行多边形确认 · 多边形确认失败 · rejected=0 · elapsed_ms=1.6
[WARN] [1786545669.376737]: 开始进行多边形确认 · 多边形确认失败 · rejected=0 · elapsed_ms=1.2
[WARN] [1786545669.500334]: 开始进行多边形确认 · 多边形确认失败 · rejected=0 · elapsed_ms=1.3
[WARN] [1786545669.634956]: 开始进行多边形确认 · 多边形确认失败 · rejected=0 · elapsed_ms=1.3
[WARN] [1786545669.903362]: 开始进行多边形确认 · 多边形确认失败 · rejected=0 · elapsed_ms=1.3
[WARN] [1786545670.032027]: 开始进行多边形确认 · 多边形确认失败 · rejected=0 · elapsed_ms=1.5
[WARN] [1786545670.169524]: 开始进行多边形确认 · 多边形确认失败 · rejected=0 · elapsed_ms=1.6
[WARN] [1786545670.291979]: 开始进行多边形确认 · 多边形确认失败 · rejected=0 · elapsed_ms=1.2
[WARN] [1786545670.420517]: 开始进行多边形确认 · 多边形确认失败 · rejected=0 · elapsed_ms=1.3
[WARN] [1786545670.544624]: 开始进行多边形确认 · 多边形确认失败 · rejected=0 · elapsed_ms=1.4
[WARN] [1786545670.671694]: 开始进行多边形确认 · 多边形确认失败 · rejected=0 · elapsed_ms=3.5
[WARN] [1786545670.814503]: 开始进行多边形确认 · 多边形确认失败 · rejected=0 · elapsed_ms=1.4
[WARN] [1786545670.897666]: 开始进行多边形确认 · 多边形确认失败 · rejected=0 · elapsed_ms=1.2
[WARN] [1786545671.037757]: 开始进行多边形确认 · 多边形确认失败 · rejected=0 · elapsed_ms=1.7
[WARN] [1786545671.146394]: 开始进行多边形确认 · 多边形确认失败 · rejected=0 · elapsed_ms=1.5
[WARN] [1786545671.273758]: 开始进行多边形确认 · 多边形确认失败 · rejected=0 · elapsed_ms=1.6
[WARN] [1786545671.393001]: 开始进行多边形确认 · 多边形确认失败 · rejected=0 · elapsed_ms=1.0
[WARN] [1786545671.529928]: 开始进行多边形确认 · 多边形确认失败 · rejected=0 · elapsed_ms=1.5
[WARN] [1786545671.654958]: 开始进行多边形确认 · 多边形确认失败 · rejected=0 · elapsed_ms=1.6
[WARN] [1786545671.835649]: 开始进行多边形确认 · 多边形确认失败 · rejected=0 · elapsed_ms=1.4
[WARN] [1786545671.902790]: 开始进行多边形确认 · 多边形确认失败 · rejected=0 · elapsed_ms=1.2
[WARN] [1786545672.028370]: 开始进行多边形确认 · 多边形确认失败 · rejected=0 · elapsed_ms=1.5
[WARN] [1786545672.159241]: 开始进行多边形确认 · 多边形确认失败 · rejected=0 · elapsed_ms=1.5
[WARN] [1786545672.283493]: 开始进行多边形确认 · 多边形确认失败 · rejected=0 · elapsed_ms=1.5
[WARN] [1786545672.405382]: 开始进行多边形确认 · 多边形确认失败 · rejected=0 · elapsed_ms=1.3
[WARN] [1786545672.533930]: 开始进行多边形确认 · 多边形确认失败 · rejected=0 · elapsed_ms=1.3
[WARN] [1786545672.657368]: 开始进行多边形确认 · 多边形确认失败 · rejected=0 · elapsed_ms=1.4
[WARN] [1786545672.785479]: 开始进行多边形确认 · 多边形确认失败 · rejected=0 · elapsed_ms=1.3
[WARN] [1786545672.922288]: 开始进行多边形确认 · 多边形确认失败 · rejected=0 · elapsed_ms=1.2
[WARN] [1786545673.033642]: 开始进行多边形确认 · 多边形确认失败 · rejected=0 · elapsed_ms=1.3
[WARN] [1786545673.158410]: 开始进行多边形确认 · 多边形确认失败 · rejected=0 · elapsed_ms=1.3
[WARN] [1786545673.303290]: 开始进行多边形确认 · 多边形确认失败 · rejected=0 · elapsed_ms=1.1
[WARN] [1786545673.429583]: 开始进行多边形确认 · 多边形确认失败 · rejected=0 · elapsed_ms=1.5
[WARN] [1786545673.559527]: 开始进行多边形确认 · 多边形确认失败 · rejected=0 · elapsed_ms=1.5
[WARN] [1786545673.679225]: 开始进行多边形确认 · 多边形确认失败 · rejected=0 · elapsed_ms=2.8
[WARN] [1786545673.817558]: 开始进行多边形确认 · 多边形确认失败 · rejected=0 · elapsed_ms=19.9
[WARN] [1786545673.953480]: 开始进行多边形确认 · 多边形确认失败 · rejected=0 · elapsed_ms=1.2
[WARN] [1786545674.019418]: 开始进行多边形确认 · 多边形确认失败 · rejected=0 · elapsed_ms=1.2
[WARN] [1786545674.141769]: 开始进行多边形确认 · 多边形确认失败 · rejected=0 · elapsed_ms=1.1
[WARN] [1786545674.284423]: 开始进行多边形确认 · 多边形确认失败 · rejected=0 · elapsed_ms=1.3
[WARN] [1786545674.414371]: 开始进行多边形确认 · 多边形确认失败 · rejected=0 · elapsed_ms=1.6
[WARN] [1786545674.534462]: 开始进行多边形确认 · 多边形确认失败 · rejected=0 · elapsed_ms=1.4
[WARN] [1786545674.678939]: 开始进行多边形确认 · 多边形确认失败 · rejected=0 · elapsed_ms=1.6
[WARN] [1786545674.784554]: 开始进行多边形确认 · 多边形确认失败 · rejected=0 · elapsed_ms=1.5
[WARN] [1786545674.950584]: 开始进行多边形确认 · 多边形确认失败 · rejected=0 · elapsed_ms=1.9
[WARN] [1786545675.045246]: 开始进行多边形确认 · 多边形确认失败 · rejected=0 · elapsed_ms=1.9
[WARN] [1786545675.162069]: 开始进行多边形确认 · 多边形确认失败 · rejected=0 · elapsed_ms=1.6
[WARN] [1786545675.405312]: 开始进行多边形确认 · 多边形确认失败 · rejected=0 · elapsed_ms=1.2
[WARN] [1786545675.763891]: 开始进行多边形确认 · 多边形确认失败 · rejected=0 · elapsed_ms=1.1
[WARN] [1786545676.032558]: 开始进行多边形确认 · 多边形确认失败 · rejected=0 · elapsed_ms=1.0
[WARN] [1786545676.160113]: 开始进行多边形确认 · 多边形确认失败 · rejected=0 · elapsed_ms=1.5
[WARN] [1786545676.285848]: 开始进行多边形确认 · 多边形确认失败 · rejected=0 · elapsed_ms=1.4
[WARN] [1786545676.407830]: 开始进行多边形确认 · 多边形确认失败 · rejected=0 · elapsed_ms=1.5
[WARN] [1786545676.542284]: 开始进行多边形确认 · 多边形确认失败 · rejected=0 · elapsed_ms=1.7
[WARN] [1786545676.664164]: 开始进行多边形确认 · 多边形确认失败 · rejected=0 · elapsed_ms=1.6
[WARN] [1786545676.787901]: 开始进行多边形确认 · 多边形确认失败 · rejected=0 · elapsed_ms=1.5
[WARN] [1786545676.906000]: 开始进行多边形确认 · 多边形确认失败 · rejected=0 · elapsed_ms=1.5
[WARN] [1786545677.048378]: 开始进行多边形确认 · 多边形确认失败 · rejected=0 · elapsed_ms=1.4
[WARN] [1786545677.278951]: 开始进行多边形确认 · 多边形确认失败 · rejected=0 · elapsed_ms=1.3
[WARN] [1786545677.402525]: 开始进行多边形确认 · 多边形确认失败 · rejected=0 · elapsed_ms=1.2
[WARN] [1786545677.544510]: 开始进行多边形确认 · 多边形确认失败 · rejected=0 · elapsed_ms=1.5
[WARN] [1786545677.673185]: 开始进行多边形确认 · 多边形确认失败 · rejected=0 · elapsed_ms=1.6
[WARN] [1786545677.797686]: 开始进行多边形确认 · 多边形确认失败 · rejected=0 · elapsed_ms=1.4
[WARN] [1786545677.922651]: 开始进行多边形确认 · 多边形确认失败 · rejected=0 · elapsed_ms=1.2
[WARN] [1786545678.084314]: 开始进行多边形确认 · 多边形确认失败 · rejected=0 · elapsed_ms=2.5
[WARN] [1786545678.175973]: 开始进行多边形确认 · 多边形确认失败 · rejected=0 · elapsed_ms=1.5
[WARN] [1786545678.300387]: 开始进行多边形确认 · 多边形确认失败 · rejected=0 · elapsed_ms=1.6
[WARN] [1786545678.425889]: 开始进行多边形确认 · 多边形确认失败 · rejected=0 · elapsed_ms=1.4
[WARN] [1786545678.551312]: 开始进行多边形确认 · 多边形确认失败 · rejected=0 · elapsed_ms=1.3
[WARN] [1786545678.654773]: 开始进行多边形确认 · 多边形确认失败 · rejected=0 · elapsed_ms=1.4
[WARN] [1786545678.779299]: 开始进行多边形确认 · 多边形确认失败 · rejected=0 · elapsed_ms=1.2
[WARN] [1786545678.908897]: 开始进行多边形确认 · 多边形确认失败 · rejected=0 · elapsed_ms=2.1
[WARN] [1786545679.030970]: 开始进行多边形确认 · 多边形确认失败 · rejected=0 · elapsed_ms=1.2
[WARN] [1786545679.206446]: 开始进行多边形确认 · 多边形确认失败 · rejected=0 · elapsed_ms=1.5
[WARN] [1786545679.291150]: 开始进行多边形确认 · 多边形确认失败 · rejected=0 · elapsed_ms=1.9
[WARN] [1786545679.538065]: 开始进行多边形确认 · 多边形确认失败 · rejected=0 · elapsed_ms=1.6
[WARN] [1786545679.660747]: 开始进行多边形确认 · 多边形确认失败 · rejected=0 · elapsed_ms=1.1
[WARN] [1786545679.803946]: 开始进行多边形确认 · 多边形确认失败 · rejected=0 · elapsed_ms=1.2
[WARN] [1786545679.927638]: 开始进行多边形确认 · 多边形确认失败 · rejected=0 · elapsed_ms=1.3
[WARN] [1786545680.052314]: 开始进行多边形确认 · 多边形确认失败 · rejected=0 · elapsed_ms=1.4
[WARN] [1786545680.178396]: 开始进行多边形确认 · 多边形确认失败 · rejected=0 · elapsed_ms=1.6
[WARN] [1786545680.320116]: 开始进行多边形确认 · 多边形确认失败 · rejected=0 · elapsed_ms=1.4
[WARN] [1786545680.427447]: 开始进行多边形确认 · 多边形确认失败 · rejected=0 · elapsed_ms=1.4
[WARN] [1786545680.564512]: 开始进行多边形确认 · 多边形确认失败 · rejected=0 · elapsed_ms=1.4
[WARN] [1786545680.691884]: 开始进行多边形确认 · 多边形确认失败 · rejected=0 · elapsed_ms=1.6
[WARN] [1786545680.821123]: 开始进行多边形确认 · 多边形确认失败 · rejected=0 · elapsed_ms=1.5
[WARN] [1786545680.942770]: 开始进行多边形确认 · 多边形确认失败 · rejected=0 · elapsed_ms=1.5
[WARN] [1786545681.068623]: 开始进行多边形确认 · 多边形确认失败 · rejected=0 · elapsed_ms=1.5
[WARN] [1786545681.198582]: 开始进行多边形确认 · 多边形确认失败 · rejected=0 · elapsed_ms=1.6
[WARN] [1786545681.334457]: 开始进行多边形确认 · 多边形确认失败 · rejected=0 · elapsed_ms=1.5
[WARN] [1786545681.429235]: 开始进行多边形确认 · 多边形确认失败 · rejected=0 · elapsed_ms=1.2
[WARN] [1786545681.553369]: 开始进行多边形确认 · 多边形确认失败 · rejected=0 · elapsed_ms=1.5
[WARN] [1786545681.693649]: 开始进行多边形确认 · 多边形确认失败 · rejected=0 · elapsed_ms=1.5
[WARN] [1786545681.819040]: 开始进行多边形确认 · 多边形确认失败 · rejected=0 · elapsed_ms=1.5
[WARN] [1786545681.943308]: 开始进行多边形确认 · 多边形确认失败 · rejected=0 · elapsed_ms=1.9
[WARN] [1786545682.170724]: 开始进行多边形确认 · 多边形确认失败 · rejected=0 · elapsed_ms=1.7
[WARN] [1786545682.311937]: 开始进行多边形确认 · 多边形确认失败 · rejected=0 · elapsed_ms=1.7
[WARN] [1786545682.456226]: 开始进行多边形确认 · 多边形确认失败 · rejected=0 · elapsed_ms=1.5
[WARN] [1786545682.541043]: 开始进行多边形确认 · 多边形确认失败 · rejected=0 · elapsed_ms=1.1
[WARN] [1786545682.669688]: 开始进行多边形确认 · 多边形确认失败 · rejected=0 · elapsed_ms=1.5
[WARN] [1786545682.926041]: 开始进行多边形确认 · 多边形确认失败 · rejected=0 · elapsed_ms=1.3
[WARN] [1786545683.051807]: 开始进行多边形确认 · 多边形确认失败 · rejected=0 · elapsed_ms=1.4
[WARN] [1786545683.488686]: 开始进行多边形确认 · 多边形确认失败 · rejected=0 · elapsed_ms=1.5
[WARN] [1786545683.559915]: 开始进行多边形确认 · 多边形确认失败 · rejected=0 · elapsed_ms=1.3
[WARN] [1786545683.692352]: 开始进行多边形确认 · 多边形确认失败 · rejected=0 · elapsed_ms=1.4
[WARN] [1786545683.813862]: 开始进行多边形确认 · 多边形确认失败 · rejected=0 · elapsed_ms=1.4
[INFO] [1786545672.784183]: 开始进行多边形确认 · detections=1
[INFO] [1786545672.921218]: 开始进行多边形确认 · detections=1
[INFO] [1786545673.032423]: 开始进行多边形确认 · detections=1
[INFO] [1786545673.157192]: 开始进行多边形确认 · detections=1
[INFO] [1786545673.302232]: 开始进行多边形确认 · detections=1
[INFO] [1786545673.428155]: 开始进行多边形确认 · detections=1
[INFO] [1786545673.558153]: 开始进行多边形确认 · detections=1
[INFO] [1786545673.676451]: 开始进行多边形确认 · detections=1
[INFO] [1786545673.797701]: 开始进行多边形确认 · detections=1
[INFO] [1786545673.952320]: 开始进行多边形确认 · detections=1
[INFO] [1786545674.018274]: 开始进行多边形确认 · detections=1
[INFO] [1786545674.140745]: 开始进行多边形确认 · detections=1
[INFO] [1786545674.283232]: 开始进行多边形确认 · detections=1
[INFO] [1786545674.412856]: 开始进行多边形确认 · detections=1
[INFO] [1786545674.533129]: 开始进行多边形确认 · detections=1
[INFO] [1786545674.677425]: 开始进行多边形确认 · detections=1
[INFO] [1786545674.783070]: 开始进行多边形确认 · detections=1
[INFO] [1786545674.948729]: 开始进行多边形确认 · detections=1
[INFO] [1786545675.043473]: 开始进行多边形确认 · detections=1
[INFO] [1786545675.160556]: 开始进行多边形确认 · detections=1
[INFO] [1786545675.281108]: RGB-D vision status: model_ready:onnxruntime targets:0 centers:0 tf:0 rejected:0 merged:0 semantic_masks:0
[INFO] [1786545675.404130]: 开始进行多边形确认 · detections=1
[INFO] [1786545675.762809]: 开始进行多边形确认 · detections=1
[INFO] [1786545676.031590]: 开始进行多边形确认 · detections=1
[INFO] [1786545676.158646]: 开始进行多边形确认 · detections=1
[INFO] [1786545676.284513]: 开始进行多边形确认 · detections=1
[INFO] [1786545676.406384]: 开始进行多边形确认 · detections=1
[INFO] [1786545676.540624]: 开始进行多边形确认 · detections=1
[INFO] [1786545676.662679]: 开始进行多边形确认 · detections=1
[INFO] [1786545676.786515]: 开始进行多边形确认 · detections=1
[INFO] [1786545676.904598]: 开始进行多边形确认 · detections=1
[INFO] [1786545677.046999]: 开始进行多边形确认 · detections=1
[INFO] [1786545677.277701]: 开始进行多边形确认 · detections=1
[INFO] [1786545677.401391]: 开始进行多边形确认 · detections=1
[INFO] [1786545677.543067]: 开始进行多边形确认 · detections=1
[INFO] [1786545677.671604]: 开始进行多边形确认 · detections=1
[INFO] [1786545677.796385]: 开始进行多边形确认 · detections=1
[INFO] [1786545677.921520]: 开始进行多边形确认 · detections=1
[INFO] [1786545678.081807]: 开始进行多边形确认 · detections=1
[INFO] [1786545678.174537]: 开始进行多边形确认 · detections=1
[INFO] [1786545678.298839]: 开始进行多边形确认 · detections=1
[INFO] [1786545678.424596]: 开始进行多边形确认 · detections=1
[INFO] [1786545678.550076]: 开始进行多边形确认 · detections=1
[INFO] [1786545678.653458]: 开始进行多边形确认 · detections=1
[INFO] [1786545678.778158]: 开始进行多边形确认 · detections=1
[INFO] [1786545678.906868]: 开始进行多边形确认 · detections=1
[INFO] [1786545679.029820]: 开始进行多边形确认 · detections=1
[INFO] [1786545679.205061]: 开始进行多边形确认 · detections=1
[INFO] [1786545679.289346]: 开始进行多边形确认 · detections=1
[INFO] [1786545679.536471]: 开始进行多边形确认 · detections=1
[INFO] [1786545679.659674]: 开始进行多边形确认 · detections=1
[INFO] [1786545679.802826]: 开始进行多边形确认 · detections=1
[INFO] [1786545679.926467]: 开始进行多边形确认 · detections=1
[INFO] [1786545680.051040]: 开始进行多边形确认 · detections=1
[INFO] [1786545680.176909]: 开始进行多边形确认 · detections=1
[INFO] [1786545680.318853]: 开始进行多边形确认 · detections=1
[INFO] [1786545680.426149]: 开始进行多边形确认 · detections=1
[INFO] [1786545680.563183]: 开始进行多边形确认 · detections=1
[INFO] [1786545680.690369]: 开始进行多边形确认 · detections=1
[INFO] [1786545680.819668]: 开始进行多边形确认 · detections=1
[INFO] [1786545680.941264]: 开始进行多边形确认 · detections=1
[INFO] [1786545681.067229]: 开始进行多边形确认 · detections=1
[INFO] [1786545681.197068]: 开始进行多边形确认 · detections=1
[INFO] [1786545681.333060]: 开始进行多边形确认 · detections=1
[INFO] [1786545681.428061]: 开始进行多边形确认 · detections=1
[INFO] [1786545681.551921]: 开始进行多边形确认 · detections=1
[INFO] [1786545681.692203]: 开始进行多边形确认 · detections=1
[INFO] [1786545681.817560]: 开始进行多边形确认 · detections=1
[INFO] [1786545681.941426]: 开始进行多边形确认 · detections=1
[INFO] [1786545682.057456]: RGB-D vision status: model_ready:onnxruntime targets:0 centers:0 tf:0 rejected:0 merged:0 semantic_masks:0
[INFO] [1786545682.169065]: 开始进行多边形确认 · detections=1
[INFO] [1786545682.310342]: 开始进行多边形确认 · detections=1
[INFO] [1786545682.454756]: 开始进行多边形确认 · detections=1
[INFO] [1786545682.539968]: 开始进行多边形确认 · detections=1
[INFO] [1786545682.668276]: 开始进行多边形确认 · detections=1
[INFO] [1786545682.924790]: 开始进行多边形确认 · detections=1
[INFO] [1786545683.050434]: 开始进行多边形确认 · detections=1
[INFO] [1786545683.487323]: 开始进行多边形确认 · detections=1
[INFO] [1786545683.558676]: 开始进行多边形确认 · detections=1
[INFO] [1786545683.691022]: 开始进行多边形确认 · detections=1
[INFO] [1786545683.812547]: 开始进行多边形确认 · detections=1
[INFO] [1786545684.061906]: 开始进行多边形确认 · detections=1
[INFO] [1786545684.192832]: 开始进行多边形确认 · detections=1
[INFO] [1786545684.313899]: 开始进行多边形确认 · detections=1
[INFO] [1786545684.455130]: 开始进行多边形确认 · detections=1
[INFO] [1786545684.814190]: 开始进行多边形确认 · detections=1
[INFO] [1786545684.954600]: 开始进行多边形确认 · detections=1
[INFO] [1786545685.080597]: 开始进行多边形确认 · detections=1
[INFO] [1786545685.205335]: 开始进行多边形确认 · detections=1
[INFO] [1786545685.327672]: 开始进行多边形确认 · detections=1
[INFO] [1786545685.454636]: 开始进行多边形确认 · detections=1
[INFO] [1786545685.604721]: 开始进行多边形确认 · detections=1
[INFO] [1786545685.701482]: 开始进行多边形确认 · detections=1
[INFO] [1786545685.828975]: 开始进行多边形确认 · detections=1
[INFO] [1786545685.952496]: 开始进行多边形确认 · detections=1
[INFO] [1786545686.061496]: 开始进行多边形确认 · detections=1
[INFO] [1786545686.184092]: 开始进行多边形确认 · detections=1
[INFO] [1786545686.319474]: 开始进行多边形确认 · detections=1
[INFO] [1786545686.597085]: 开始进行多边形确认 · detections=1
[INFO] [1786545686.710602]: 开始进行多边形确认 · detections=1
[INFO] [1786545686.827874]: 开始进行多边形确认 · detections=1
[INFO] [1786545686.961328]: 开始进行多边形确认 · detections=1
[INFO] [1786545687.076772]: 开始进行多边形确认 · detections=1
[INFO] [1786545687.200678]: 开始进行多边形确认 · detections=1
[INFO] [1786545687.306687]: RGB-D vision status: model_ready:onnxruntime targets:0 centers:0 tf:0 rejected:0 merged:0 semantic_masks:0
[INFO] [1786545687.585668]: 开始进行多边形确认 · detections=1
[INFO] [1786545687.687316]: 开始进行多边形确认 · detections=1
[INFO] [1786545687.807078]: 开始进行多边形确认 · detections=1
[INFO] [1786545687.931437]: 开始进行多边形确认 · detections=1
[INFO] [1786545688.076811]: 开始进行多边形确认 · detections=1
[INFO] [1786545688.205038]: 开始进行多边形确认 · detections=1
[WARN] [1786545684.064315]: 开始进行多边形确认 · 多边形确认失败 · rejected=0 · elapsed_ms=2.5
[WARN] [1786545684.193942]: 开始进行多边形确认 · 多边形确认失败 · rejected=0 · elapsed_ms=1.2
[WARN] [1786545684.314937]: 开始进行多边形确认 · 多边形确认失败 · rejected=0 · elapsed_ms=1.1
[WARN] [1786545684.456177]: 开始进行多边形确认 · 多边形确认失败 · rejected=0 · elapsed_ms=1.1
[WARN] [1786545684.815637]: 开始进行多边形确认 · 多边形确认失败 · rejected=0 · elapsed_ms=1.5
[WARN] [1786545684.956296]: 开始进行多边形确认 · 多边形确认失败 · rejected=0 · elapsed_ms=1.8
[WARN] [1786545685.081884]: 开始进行多边形确认 · 多边形确认失败 · rejected=0 · elapsed_ms=1.4
[WARN] [1786545685.206736]: 开始进行多边形确认 · 多边形确认失败 · rejected=0 · elapsed_ms=1.5
[WARN] [1786545685.328893]: 开始进行多边形确认 · 多边形确认失败 · rejected=0 · elapsed_ms=1.3
[WARN] [1786545685.456071]: 开始进行多边形确认 · 多边形确认失败 · rejected=0 · elapsed_ms=1.5
[WARN] [1786545685.606510]: 开始进行多边形确认 · 多边形确认失败 · rejected=0 · elapsed_ms=1.9
[WARN] [1786545685.703065]: 开始进行多边形确认 · 多边形确认失败 · rejected=0 · elapsed_ms=1.6
[WARN] [1786545685.830420]: 开始进行多边形确认 · 多边形确认失败 · rejected=0 · elapsed_ms=1.5
[WARN] [1786545685.955472]: 开始进行多边形确认 · 多边形确认失败 · rejected=0 · elapsed_ms=3.0
[WARN] [1786545686.062717]: 开始进行多边形确认 · 多边形确认失败 · rejected=0 · elapsed_ms=1.3
[WARN] [1786545686.185354]: 开始进行多边形确认 · 多边形确认失败 · rejected=0 · elapsed_ms=1.3
[WARN] [1786545686.320833]: 开始进行多边形确认 · 多边形确认失败 · rejected=0 · elapsed_ms=1.4
[WARN] [1786545686.598225]: 开始进行多边形确认 · 多边形确认失败 · rejected=0 · elapsed_ms=1.2
[WARN] [1786545686.711916]: 开始进行多边形确认 · 多边形确认失败 · rejected=0 · elapsed_ms=1.4
[WARN] [1786545686.829218]: 开始进行多边形确认 · 多边形确认失败 · rejected=0 · elapsed_ms=1.4
[WARN] [1786545686.962813]: 开始进行多边形确认 · 多边形确认失败 · rejected=0 · elapsed_ms=1.6
[WARN] [1786545687.077964]: 开始进行多边形确认 · 多边形确认失败 · rejected=0 · elapsed_ms=1.3
[WARN] [1786545687.202084]: 开始进行多边形确认 · 多边形确认失败 · rejected=0 · elapsed_ms=1.5
[WARN] [1786545687.590931]: 开始进行多边形确认 · 多边形确认失败 · rejected=0 · elapsed_ms=5.3
[WARN] [1786545687.688712]: 开始进行多边形确认 · 多边形确认失败 · rejected=0 · elapsed_ms=1.5
[WARN] [1786545687.808165]: 开始进行多边形确认 · 多边形确认失败 · rejected=0 · elapsed_ms=1.1
[WARN] [1786545687.932644]: 开始进行多边形确认 · 多边形确认失败 · rejected=0 · elapsed_ms=1.3
[WARN] [1786545688.078314]: 开始进行多边形确认 · 多边形确认失败 · rejected=0 · elapsed_ms=1.6
[WARN] [1786545688.206200]: 开始进行多边形确认 · 多边形确认失败 · rejected=0 · elapsed_ms=1.2
[WARN] [1786545688.325005]: 开始进行多边形确认 · 多边形确认失败 · rejected=0 · elapsed_ms=1.3
[WARN] [1786545688.444685]: 开始进行多边形确认 · 多边形确认失败 · rejected=0 · elapsed_ms=1.5
[WARN] [1786545688.573658]: 开始进行多边形确认 · 多边形确认失败 · rejected=0 · elapsed_ms=1.4
[WARN] [1786545688.715933]: 开始进行多边形确认 · 多边形确认失败 · rejected=0 · elapsed_ms=1.1
[WARN] [1786545688.813677]: 开始进行多边形确认 · 多边形确认失败 · rejected=0 · elapsed_ms=1.2
[WARN] [1786545688.957068]: 开始进行多边形确认 · 多边形确认失败 · rejected=0 · elapsed_ms=1.7
[WARN] [1786545689.085473]: 开始进行多边形确认 · 多边形确认失败 · rejected=0 · elapsed_ms=1.6
[WARN] [1786545689.204053]: 开始进行多边形确认 · 多边形确认失败 · rejected=0 · elapsed_ms=1.5
[WARN] [1786545689.327420]: 开始进行多边形确认 · 多边形确认失败 · rejected=0 · elapsed_ms=1.4
[WARN] [1786545689.459888]: 开始进行多边形确认 · 多边形确认失败 · rejected=0 · elapsed_ms=1.5
[WARN] [1786545689.586597]: 开始进行多边形确认 · 多边形确认失败 · rejected=0 · elapsed_ms=1.3
[WARN] [1786545689.722013]: 开始进行多边形确认 · 多边形确认失败 · rejected=0 · elapsed_ms=1.6
[WARN] [1786545689.839444]: 开始进行多边形确认 · 多边形确认失败 · rejected=0 · elapsed_ms=1.7
[WARN] [1786545689.961345]: 开始进行多边形确认 · 多边形确认失败 · rejected=0 · elapsed_ms=1.3
[WARN] [1786545690.083984]: 开始进行多边形确认 · 多边形确认失败 · rejected=0 · elapsed_ms=1.2
[WARN] [1786545690.212058]: 开始进行多边形确认 · 多边形确认失败 · rejected=0 · elapsed_ms=1.3
[WARN] [1786545690.335417]: 开始进行多边形确认 · 多边形确认失败 · rejected=0 · elapsed_ms=1.5
[WARN] [1786545690.468589]: 开始进行多边形确认 · 多边形确认失败 · rejected=0 · elapsed_ms=1.3
[WARN] [1786545690.593492]: 开始进行多边形确认 · 多边形确认失败 · rejected=0 · elapsed_ms=1.4
[WARN] [1786545690.716848]: 开始进行多边形确认 · 多边形确认失败 · rejected=0 · elapsed_ms=1.4
[WARN] [1786545690.849481]: 开始进行多边形确认 · 多边形确认失败 · rejected=0 · elapsed_ms=1.4
[WARN] [1786545690.967665]: 开始进行多边形确认 · 多边形确认失败 · rejected=0 · elapsed_ms=1.4
[WARN] [1786545691.098281]: 开始进行多边形确认 · 多边形确认失败 · rejected=0 · elapsed_ms=1.4
[WARN] [1786545691.245961]: 开始进行多边形确认 · 多边形确认失败 · rejected=0 · elapsed_ms=1.4
[WARN] [1786545691.366929]: 开始进行多边形确认 · 多边形确认失败 · rejected=0 · elapsed_ms=1.4
[WARN] [1786545691.496053]: 开始进行多边形确认 · 多边形确认失败 · rejected=0 · elapsed_ms=1.3
[WARN] [1786545691.637552]: 开始进行多边形确认 · 多边形确认失败 · rejected=0 · elapsed_ms=1.5
[WARN] [1786545691.762715]: 开始进行多边形确认 · 多边形确认失败 · rejected=0 · elapsed_ms=1.4
[WARN] [1786545691.883660]: 开始进行多边形确认 · 多边形确认失败 · rejected=0 · elapsed_ms=1.8
[WARN] [1786545691.993459]: 开始进行多边形确认 · 多边形确认失败 · rejected=0 · elapsed_ms=1.3
[WARN] [1786545692.093289]: 开始进行多边形确认 · 多边形确认失败 · rejected=0 · elapsed_ms=1.2
[WARN] [1786545692.224060]: 开始进行多边形确认 · 多边形确认失败 · rejected=0 · elapsed_ms=1.2
[WARN] [1786545692.369031]: 开始进行多边形确认 · 多边形确认失败 · rejected=0 · elapsed_ms=1.7
[WARN] [1786545692.493712]: 开始进行多边形确认 · 多边形确认失败 · rejected=0 · elapsed_ms=1.6
[WARN] [1786545692.618629]: 开始进行多边形确认 · 多边形确认失败 · rejected=0 · elapsed_ms=1.4
[WARN] [1786545692.745243]: 开始进行多边形确认 · 多边形确认失败 · rejected=0 · elapsed_ms=1.5
[WARN] [1786545692.876770]: 开始进行多边形确认 · 多边形确认失败 · rejected=0 · elapsed_ms=1.7
[WARN] [1786545692.989588]: 开始进行多边形确认 · 多边形确认失败 · rejected=0 · elapsed_ms=1.3
[WARN] [1786545693.098756]: 开始进行多边形确认 · 多边形确认失败 · rejected=0 · elapsed_ms=1.2
[WARN] [1786545693.217840]: 开始进行多边形确认 · 多边形确认失败 · rejected=0 · elapsed_ms=1.1
[WARN] [1786545693.349272]: 开始进行多边形确认 · 多边形确认失败 · rejected=0 · elapsed_ms=1.5
[WARN] [1786545693.499832]: 开始进行多边形确认 · 多边形确认失败 · rejected=0 · elapsed_ms=1.8
[WARN] [1786545693.622056]: 开始进行多边形确认 · 多边形确认失败 · rejected=0 · elapsed_ms=1.2
[INFO] [1786545688.323797]: 开始进行多边形确认 · detections=1
[INFO] [1786545688.443227]: 开始进行多边形确认 · detections=1
[INFO] [1786545688.572504]: 开始进行多边形确认 · detections=1
[INFO] [1786545688.714914]: 开始进行多边形确认 · detections=1
[INFO] [1786545688.812529]: 开始进行多边形确认 · detections=1
[INFO] [1786545688.955445]: 开始进行多边形确认 · detections=1
[INFO] [1786545689.084002]: 开始进行多边形确认 · detections=1
[INFO] [1786545689.202648]: 开始进行多边形确认 · detections=1
[INFO] [1786545689.326096]: 开始进行多边形确认 · detections=1
[INFO] [1786545689.458470]: 开始进行多边形确认 · detections=1
[INFO] [1786545689.585388]: 开始进行多边形确认 · detections=1
[INFO] [1786545689.720489]: 开始进行多边形确认 · detections=1
[INFO] [1786545689.837767]: 开始进行多边形确认 · detections=1
[INFO] [1786545689.960119]: 开始进行多边形确认 · detections=1
[INFO] [1786545690.082878]: 开始进行多边形确认 · detections=1
[INFO] [1786545690.210842]: 开始进行多边形确认 · detections=1
[INFO] [1786545690.334028]: 开始进行多边形确认 · detections=1
[INFO] [1786545690.467356]: 开始进行多边形确认 · detections=1
[INFO] [1786545690.592133]: 开始进行多边形确认 · detections=1
[INFO] [1786545690.715519]: 开始进行多边形确认 · detections=1
[INFO] [1786545690.848179]: 开始进行多边形确认 · detections=1
[INFO] [1786545690.966392]: 开始进行多边形确认 · detections=1
[INFO] [1786545691.096973]: 开始进行多边形确认 · detections=1
[INFO] [1786545691.244692]: 开始进行多边形确认 · detections=1
[INFO] [1786545691.365599]: 开始进行多边形确认 · detections=1
[INFO] [1786545691.494832]: 开始进行多边形确认 · detections=1
[INFO] [1786545691.636118]: 开始进行多边形确认 · detections=1
[INFO] [1786545691.761419]: 开始进行多边形确认 · detections=1
[INFO] [1786545691.881899]: 开始进行多边形确认 · detections=1
[INFO] [1786545691.992278]: 开始进行多边形确认 · detections=1
[INFO] [1786545692.092162]: 开始进行多边形确认 · detections=1
[INFO] [1786545692.222908]: 开始进行多边形确认 · detections=1
[INFO] [1786545692.367392]: 开始进行多边形确认 · detections=1
[INFO] [1786545692.492234]: 开始进行多边形确认 · detections=1
[INFO] [1786545692.617337]: 开始进行多边形确认 · detections=1
[INFO] [1786545692.743859]: 开始进行多边形确认 · detections=1
[INFO] [1786545692.875124]: 开始进行多边形确认 · detections=1
[INFO] [1786545692.988324]: 开始进行多边形确认 · detections=1
[INFO] [1786545693.097646]: 开始进行多边形确认 · detections=1
[INFO] [1786545693.216810]: 开始进行多边形确认 · detections=1
[INFO] [1786545693.347880]: 开始进行多边形确认 · detections=1
[INFO] [1786545693.498123]: 开始进行多边形确认 · detections=1
[INFO] [1786545693.620952]: 开始进行多边形确认 · detections=1
[INFO] [1786545693.737241]: 开始进行多边形确认 · detections=1
[INFO] [1786545693.864691]: 开始进行多边形确认 · detections=1
[INFO] [1786545694.047396]: 开始进行多边形确认 · detections=1
[INFO] [1786545694.110042]: 开始进行多边形确认 · detections=1
[INFO] [1786545694.236317]: 开始进行多边形确认 · detections=1
[INFO] [1786545694.359489]: 开始进行多边形确认 · detections=1
[INFO] [1786545694.482649]: 开始进行多边形确认 · detections=1
[INFO] [1786545694.613917]: 开始进行多边形确认 · detections=1
[INFO] [1786545694.735825]: 开始进行多边形确认 · detections=1
[INFO] [1786545694.862402]: 开始进行多边形确认 · detections=1
[INFO] [1786545694.995924]: 开始进行多边形确认 · detections=1
[INFO] [1786545695.155004]: 开始进行多边形确认 · detections=1
[INFO] [1786545695.267606]: 开始进行多边形确认 · detections=1
[INFO] [1786545695.390860]: 开始进行多边形确认 · detections=1
[INFO] [1786545695.521988]: 开始进行多边形确认 · detections=1
[INFO] [1786545695.641177]: 开始进行多边形确认 · detections=1
[INFO] [1786545695.777116]: 开始进行多边形确认 · detections=1
[INFO] [1786545695.907933]: 开始进行多边形确认 · detections=1
[INFO] [1786545696.021389]: 开始进行多边形确认 · detections=1
[INFO] [1786545696.154938]: 开始进行多边形确认 · detections=1
[INFO] [1786545696.240223]: 开始进行多边形确认 · detections=1
[INFO] [1786545696.366609]: 开始进行多边形确认 · detections=1
[INFO] [1786545696.490765]: 开始进行多边形确认 · detections=1
[INFO] [1786545696.619116]: 开始进行多边形确认 · detections=1
[INFO] [1786545696.745618]: 开始进行多边形确认 · detections=1
[INFO] [1786545696.884616]: 开始进行多边形确认 · detections=1
[INFO] [1786545697.012513]: 开始进行多边形确认 · detections=1
[INFO] [1786545697.146985]: 开始进行多边形确认 · detections=1
[INFO] [1786545697.265768]: 开始进行多边形确认 · detections=1
[INFO] [1786545697.377409]: 开始进行多边形确认 · detections=1
[INFO] [1786545697.501383]: 开始进行多边形确认 · detections=1
[INFO] [1786545697.618635]: 开始进行多边形确认 · detections=1
[INFO] [1786545697.753292]: 开始进行多边形确认 · detections=1
[INFO] [1786545697.870951]: RGB-D vision status: model_ready:onnxruntime targets:0 centers:0 tf:0 rejected:0 merged:0 semantic_masks:0
[INFO] [1786545698.000596]: 开始进行多边形确认 · detections=1
[INFO] [1786545698.121454]: 开始进行多边形确认 · detections=1
[INFO] [1786545698.242113]: 开始进行多边形确认 · detections=1
[INFO] [1786545698.403520]: 开始进行多边形确认 · detections=1
[INFO] [1786545698.508091]: 开始进行多边形确认 · detections=1
[INFO] [1786545698.631752]: 开始进行多边形确认 · detections=1
[INFO] [1786545698.881305]: 开始进行多边形确认 · detections=1
[INFO] [1786545699.005712]: 开始进行多边形确认 · detections=1
[INFO] [1786545699.129885]: 开始进行多边形确认 · detections=1
[INFO] [1786545699.263121]: 开始进行多边形确认 · detections=1
[INFO] [1786545699.399473]: 开始进行多边形确认 · detections=1
[INFO] [1786545699.494051]: 开始进行多边形确认 · detections=1
[INFO] [1786545699.744176]: 开始进行多边形确认 · detections=1
[INFO] [1786545699.868397]: 开始进行多边形确认 · detections=1
[INFO] [1786545699.994681]: 开始进行多边形确认 · detections=1
[INFO] [1786545700.115669]: 开始进行多边形确认 · detections=1
[INFO] [1786545700.241201]: 开始进行多边形确认 · detections=1
[INFO] [1786545700.378467]: 开始进行多边形确认 · detections=1
[INFO] [1786545700.521960]: 开始进行多边形确认 · detections=1
[INFO] [1786545700.618364]: 开始进行多边形确认 · detections=1
[INFO] [1786545700.747365]: 开始进行多边形确认 · detections=1
[INFO] [1786545700.876093]: 开始进行多边形确认 · detections=1
[INFO] [1786545700.998402]: 开始进行多边形确认 · detections=1
[INFO] [1786545701.125420]: 开始进行多边形确认 · detections=1
[INFO] [1786545701.248985]: 开始进行多边形确认 · detections=1
[INFO] [1786545701.374824]: 开始进行多边形确认 · detections=1
[INFO] [1786545701.520479]: 开始进行多边形确认 · detections=1
[INFO] [1786545701.616349]: 开始进行多边形确认 · detections=1
[INFO] [1786545702.033795]: 开始进行多边形确认 · detections=1
[INFO] [1786545702.138800]: 开始进行多边形确认 · detections=1
[INFO] [1786545702.267907]: 开始进行多边形确认 · detections=1
[INFO] [1786545702.391242]: 开始进行多边形确认 · detections=1
[INFO] [1786545702.579419]: 开始进行多边形确认 · detections=1
[INFO] [1786545702.654825]: 开始进行多边形确认 · detections=1
[INFO] [1786545702.761667]: 开始进行多边形确认 · detections=1
[WARN] [1786545693.738537]: 开始进行多边形确认 · 多边形确认失败 · rejected=0 · elapsed_ms=1.4
[WARN] [1786545693.865823]: 开始进行多边形确认 · 多边形确认失败 · rejected=0 · elapsed_ms=1.2
[WARN] [1786545694.049680]: 开始进行多边形确认 · 多边形确认失败 · rejected=0 · elapsed_ms=2.4
[WARN] [1786545694.111541]: 开始进行多边形确认 · 多边形确认失败 · rejected=0 · elapsed_ms=1.5
[WARN] [1786545694.237544]: 开始进行多边形确认 · 多边形确认失败 · rejected=0 · elapsed_ms=1.3
[WARN] [1786545694.361256]: 开始进行多边形确认 · 多边形确认失败 · rejected=0 · elapsed_ms=1.8
[WARN] [1786545694.483892]: 开始进行多边形确认 · 多边形确认失败 · rejected=0 · elapsed_ms=1.3
[WARN] [1786545694.615246]: 开始进行多边形确认 · 多边形确认失败 · rejected=0 · elapsed_ms=1.4
[WARN] [1786545694.737061]: 开始进行多边形确认 · 多边形确认失败 · rejected=0 · elapsed_ms=1.3
[WARN] [1786545694.863440]: 开始进行多边形确认 · 多边形确认失败 · rejected=0 · elapsed_ms=1.1
[WARN] [1786545694.997141]: 开始进行多边形确认 · 多边形确认失败 · rejected=0 · elapsed_ms=1.3
[WARN] [1786545695.156746]: 开始进行多边形确认 · 多边形确认失败 · rejected=0 · elapsed_ms=1.8
[WARN] [1786545695.269072]: 开始进行多边形确认 · 多边形确认失败 · rejected=0 · elapsed_ms=1.6
[WARN] [1786545695.392310]: 开始进行多边形确认 · 多边形确认失败 · rejected=0 · elapsed_ms=1.6
[WARN] [1786545695.523231]: 开始进行多边形确认 · 多边形确认失败 · rejected=0 · elapsed_ms=1.3
[WARN] [1786545695.642600]: 开始进行多边形确认 · 多边形确认失败 · rejected=0 · elapsed_ms=1.5
[WARN] [1786545695.778642]: 开始进行多边形确认 · 多边形确认失败 · rejected=0 · elapsed_ms=1.6
[WARN] [1786545695.909433]: 开始进行多边形确认 · 多边形确认失败 · rejected=0 · elapsed_ms=1.6
[WARN] [1786545696.022722]: 开始进行多边形确认 · 多边形确认失败 · rejected=0 · elapsed_ms=1.4
[WARN] [1786545696.156252]: 开始进行多边形确认 · 多边形确认失败 · rejected=0 · elapsed_ms=1.4
[WARN] [1786545696.241327]: 开始进行多边形确认 · 多边形确认失败 · rejected=0 · elapsed_ms=1.2
[WARN] [1786545696.367898]: 开始进行多边形确认 · 多边形确认失败 · rejected=0 · elapsed_ms=1.4
[WARN] [1786545696.491852]: 开始进行多边形确认 · 多边形确认失败 · rejected=0 · elapsed_ms=1.2
[WARN] [1786545696.620219]: 开始进行多边形确认 · 多边形确认失败 · rejected=0 · elapsed_ms=1.2
[WARN] [1786545696.746734]: 开始进行多边形确认 · 多边形确认失败 · rejected=0 · elapsed_ms=1.2
[WARN] [1786545696.886011]: 开始进行多边形确认 · 多边形确认失败 · rejected=0 · elapsed_ms=1.5
[WARN] [1786545697.014037]: 开始进行多边形确认 · 多边形确认失败 · rejected=0 · elapsed_ms=1.6
[WARN] [1786545697.148584]: 开始进行多边形确认 · 多边形确认失败 · rejected=0 · elapsed_ms=1.7
[WARN] [1786545697.267077]: 开始进行多边形确认 · 多边形确认失败 · rejected=0 · elapsed_ms=1.4
[WARN] [1786545697.378618]: 开始进行多边形确认 · 多边形确认失败 · rejected=0 · elapsed_ms=1.3
[WARN] [1786545697.502618]: 开始进行多边形确认 · 多边形确认失败 · rejected=0 · elapsed_ms=1.3
[WARN] [1786545697.619949]: 开始进行多边形确认 · 多边形确认失败 · rejected=0 · elapsed_ms=1.4
[WARN] [1786545697.754325]: 开始进行多边形确认 · 多边形确认失败 · rejected=0 · elapsed_ms=1.1
[WARN] [1786545698.001720]: 开始进行多边形确认 · 多边形确认失败 · rejected=0 · elapsed_ms=1.2
[WARN] [1786545698.122423]: 开始进行多边形确认 · 多边形确认失败 · rejected=0 · elapsed_ms=1.0
[WARN] [1786545698.244495]: 开始进行多边形确认 · 多边形确认失败 · rejected=0 · elapsed_ms=2.4
[WARN] [1786545698.404706]: 开始进行多边形确认 · 多边形确认失败 · rejected=0 · elapsed_ms=1.3
[WARN] [1786545698.509297]: 开始进行多边形确认 · 多边形确认失败 · rejected=0 · elapsed_ms=1.3
[WARN] [1786545698.632904]: 开始进行多边形确认 · 多边形确认失败 · rejected=0 · elapsed_ms=1.3
[WARN] [1786545698.882454]: 开始进行多边形确认 · 多边形确认失败 · rejected=0 · elapsed_ms=1.2
[WARN] [1786545699.006977]: 开始进行多边形确认 · 多边形确认失败 · rejected=0 · elapsed_ms=1.4
[WARN] [1786545699.131195]: 开始进行多边形确认 · 多边形确认失败 · rejected=0 · elapsed_ms=1.4
[WARN] [1786545699.264487]: 开始进行多边形确认 · 多边形确认失败 · rejected=0 · elapsed_ms=1.5
[WARN] [1786545699.400685]: 开始进行多边形确认 · 多边形确认失败 · rejected=0 · elapsed_ms=1.3
[WARN] [1786545699.495507]: 开始进行多边形确认 · 多边形确认失败 · rejected=0 · elapsed_ms=1.5
[WARN] [1786545699.745383]: 开始进行多边形确认 · 多边形确认失败 · rejected=0 · elapsed_ms=1.3
[WARN] [1786545699.869570]: 开始进行多边形确认 · 多边形确认失败 · rejected=0 · elapsed_ms=1.2
[WARN] [1786545699.995757]: 开始进行多边形确认 · 多边形确认失败 · rejected=0 · elapsed_ms=1.1
[WARN] [1786545700.116781]: 开始进行多边形确认 · 多边形确认失败 · rejected=0 · elapsed_ms=1.2
[WARN] [1786545700.242250]: 开始进行多边形确认 · 多边形确认失败 · rejected=0 · elapsed_ms=1.1
[WARN] [1786545700.379570]: 开始进行多边形确认 · 多边形确认失败 · rejected=0 · elapsed_ms=1.2
[WARN] [1786545700.523080]: 开始进行多边形确认 · 多边形确认失败 · rejected=0 · elapsed_ms=1.2
[WARN] [1786545700.619692]: 开始进行多边形确认 · 多边形确认失败 · rejected=0 · elapsed_ms=1.4
[WARN] [1786545700.748582]: 开始进行多边形确认 · 多边形确认失败 · rejected=0 · elapsed_ms=1.3
[WARN] [1786545700.877413]: 开始进行多边形确认 · 多边形确认失败 · rejected=0 · elapsed_ms=1.4
[WARN] [1786545700.999601]: 开始进行多边形确认 · 多边形确认失败 · rejected=0 · elapsed_ms=1.3
[WARN] [1786545701.127037]: 开始进行多边形确认 · 多边形确认失败 · rejected=0 · elapsed_ms=1.7
[WARN] [1786545701.250262]: 开始进行多边形确认 · 多边形确认失败 · rejected=0 · elapsed_ms=1.3
[WARN] [1786545701.375906]: 开始进行多边形确认 · 多边形确认失败 · rejected=0 · elapsed_ms=1.2
[WARN] [1786545701.521590]: 开始进行多边形确认 · 多边形确认失败 · rejected=0 · elapsed_ms=1.2
[WARN] [1786545701.617509]: 开始进行多边形确认 · 多边形确认失败 · rejected=0 · elapsed_ms=1.2
[WARN] [1786545702.035048]: 开始进行多边形确认 · 多边形确认失败 · rejected=0 · elapsed_ms=1.3
[WARN] [1786545702.140082]: 开始进行多边形确认 · 多边形确认失败 · rejected=0 · elapsed_ms=1.4
[WARN] [1786545702.269187]: 开始进行多边形确认 · 多边形确认失败 · rejected=0 · elapsed_ms=1.4
[WARN] [1786545702.392932]: 开始进行多边形确认 · 多边形确认失败 · rejected=0 · elapsed_ms=1.7
[WARN] [1786545702.581075]: 开始进行多边形确认 · 多边形确认失败 · rejected=0 · elapsed_ms=1.7
[WARN] [1786545702.656212]: 开始进行多边形确认 · 多边形确认失败 · rejected=0 · elapsed_ms=1.5
[WARN] [1786545702.763073]: 开始进行多边形确认 · 多边形确认失败 · rejected=0 · elapsed_ms=1.5
[WARN] [1786545702.893958]: 开始进行多边形确认 · 多边形确认失败 · rejected=0 · elapsed_ms=1.3
[WARN] [1786545703.028994]: 开始进行多边形确认 · 多边形确认失败 · rejected=0 · elapsed_ms=1.6
[WARN] [1786545703.279838]: 开始进行多边形确认 · 多边形确认失败 · rejected=0 · elapsed_ms=1.5
[WARN] [1786545703.405031]: 开始进行多边形确认 · 多边形确认失败 · rejected=0 · elapsed_ms=1.3
[WARN] [1786545703.516054]: 开始进行多边形确认 · 多边形确认失败 · rejected=0 · elapsed_ms=1.1
[WARN] [1786545703.663697]: 开始进行多边形确认 · 多边形确认失败 · rejected=0 · elapsed_ms=1.2
[WARN] [1786545703.763968]: 开始进行多边形确认 · 多边形确认失败 · rejected=0 · elapsed_ms=1.4
[WARN] [1786545703.898183]: 开始进行多边形确认 · 多边形确认失败 · rejected=0 · elapsed_ms=1.4
[WARN] [1786545704.022230]: 开始进行多边形确认 · 多边形确认失败 · rejected=0 · elapsed_ms=1.3
[WARN] [1786545704.274637]: 开始进行多边形确认 · 多边形确认失败 · rejected=0 · elapsed_ms=1.6
[WARN] [1786545704.390228]: 开始进行多边形确认 · 多边形确认失败 · rejected=0 · elapsed_ms=1.4
[WARN] [1786545704.522049]: 开始进行多边形确认 · 多边形确认失败 · rejected=0 · elapsed_ms=1.4
[WARN] [1786545704.721368]: 开始进行多边形确认 · 多边形确认失败 · rejected=0 · elapsed_ms=1.3
[WARN] [1786545704.772792]: 开始进行多边形确认 · 多边形确认失败 · rejected=0 · elapsed_ms=1.4
[WARN] [1786545704.892939]: 开始进行多边形确认 · 多边形确认失败 · rejected=0 · elapsed_ms=1.5
[WARN] [1786545705.142800]: 开始进行多边形确认 · 多边形确认失败 · rejected=0 · elapsed_ms=1.5
[WARN] [1786545705.399230]: 开始进行多边形确认 · 多边形确认失败 · rejected=0 · elapsed_ms=1.5
[WARN] [1786545705.525109]: 开始进行多边形确认 · 多边形确认失败 · rejected=0 · elapsed_ms=1.4
[WARN] [1786545705.654890]: 开始进行多边形确认 · 多边形确认失败 · rejected=0 · elapsed_ms=1.3
[WARN] [1786545705.793212]: 开始进行多边形确认 · 多边形确认失败 · rejected=0 · elapsed_ms=1.2
[WARN] [1786545705.900245]: 开始进行多边形确认 · 多边形确认失败 · rejected=0 · elapsed_ms=2.0
[WARN] [1786545706.037695]: 开始进行多边形确认 · 多边形确认失败 · rejected=0 · elapsed_ms=1.7
[WARN] [1786545706.163969]: 开始进行多边形确认 · 多边形确认失败 · rejected=0 · elapsed_ms=1.9
[WARN] [1786545706.277499]: 开始进行多边形确认 · 多边形确认失败 · rejected=0 · elapsed_ms=1.4
[WARN] [1786545706.396835]: 开始进行多边形确认 · 多边形确认失败 · rejected=0 · elapsed_ms=1.2
[WARN] [1786545706.529097]: 开始进行多边形确认 · 多边形确认失败 · rejected=0 · elapsed_ms=1.5
[WARN] [1786545706.662377]: 开始进行多边形确认 · 多边形确认失败 · rejected=0 · elapsed_ms=1.1
[WARN] [1786545706.816882]: 开始进行多边形确认 · 多边形确认失败 · rejected=0 · elapsed_ms=1.5
[WARN] [1786545706.917808]: 开始进行多边形确认 · 多边形确认失败 · rejected=0 · elapsed_ms=1.3
[WARN] [1786545707.042348]: 开始进行多边形确认 · 多边形确认失败 · rejected=0 · elapsed_ms=1.1
[WARN] [1786545707.172530]: 开始进行多边形确认 · 多边形确认失败 · rejected=0 · elapsed_ms=1.3
[WARN] [1786545707.306253]: 开始进行多边形确认 · 多边形确认失败 · rejected=0 · elapsed_ms=1.3
[WARN] [1786545707.426218]: 开始进行多边形确认 · 多边形确认失败 · rejected=0 · elapsed_ms=1.2
[WARN] [1786545707.552684]: 开始进行多边形确认 · 多边形确认失败 · rejected=0 · elapsed_ms=1.4
[WARN] [1786545707.670181]: 开始进行多边形确认 · 多边形确认失败 · rejected=0 · elapsed_ms=1.3
[WARN] [1786545707.844572]: 开始进行多边形确认 · 多边形确认失败 · rejected=0 · elapsed_ms=1.5
[WARN] [1786545707.946635]: 开始进行多边形确认 · 多边形确认失败 · rejected=0 · elapsed_ms=1.4
[WARN] [1786545708.069723]: 开始进行多边形确认 · 多边形确认失败 · rejected=0 · elapsed_ms=1.4
[WARN] [1786545708.199588]: 开始进行多边形确认 · 多边形确认失败 · rejected=0 · elapsed_ms=1.6
[WARN] [1786545708.307052]: 开始进行多边形确认 · 多边形确认失败 · rejected=0 · elapsed_ms=1.5
[WARN] [1786545708.430297]: 开始进行多边形确认 · 多边形确认失败 · rejected=0 · elapsed_ms=1.3
[WARN] [1786545708.555713]: 开始进行多边形确认 · 多边形确认失败 · rejected=0 · elapsed_ms=1.5
[WARN] [1786545708.680945]: 开始进行多边形确认 · 多边形确认失败 · rejected=0 · elapsed_ms=1.3
[WARN] [1786545708.823417]: 开始进行多边形确认 · 多边形确认失败 · rejected=0 · elapsed_ms=1.6
[WARN] [1786545708.937078]: 开始进行多边形确认 · 多边形确认失败 · rejected=0 · elapsed_ms=1.5
[WARN] [1786545709.054323]: 开始进行多边形确认 · 多边形确认失败 · rejected=0 · elapsed_ms=1.5
[WARN] [1786545709.177409]: 开始进行多边形确认 · 多边形确认失败 · rejected=0 · elapsed_ms=1.5
[WARN] [1786545709.300361]: 开始进行多边形确认 · 多边形确认失败 · rejected=0 · elapsed_ms=1.8
[WARN] [1786545709.425666]: 开始进行多边形确认 · 多边形确认失败 · rejected=0 · elapsed_ms=1.3
[WARN] [1786545709.550357]: 开始进行多边形确认 · 多边形确认失败 · rejected=0 · elapsed_ms=1.3
[WARN] [1786545709.689264]: 开始进行多边形确认 · 多边形确认失败 · rejected=0 · elapsed_ms=1.0
[WARN] [1786545709.830117]: 开始进行多边形确认 · 多边形确认失败 · rejected=0 · elapsed_ms=1.4
[WARN] [1786545709.972798]: 开始进行多边形确认 · 多边形确认失败 · rejected=0 · elapsed_ms=1.6
[WARN] [1786545710.057250]: 开始进行多边形确认 · 多边形确认失败 · rejected=0 · elapsed_ms=1.1
[WARN] [1786545710.182724]: 开始进行多边形确认 · 多边形确认失败 · rejected=0 · elapsed_ms=1.1
[WARN] [1786545710.305394]: 开始进行多边形确认 · 多边形确认失败 · rejected=0 · elapsed_ms=1.3
[WARN] [1786545710.430234]: 开始进行多边形确认 · 多边形确认失败 · rejected=0 · elapsed_ms=1.1
[WARN] [1786545710.557508]: 开始进行多边形确认 · 多边形确认失败 · rejected=0 · elapsed_ms=1.6
[WARN] [1786545710.680797]: 开始进行多边形确认 · 多边形确认失败 · rejected=0 · elapsed_ms=1.1
[WARN] [1786545710.810533]: 开始进行多边形确认 · 多边形确认失败 · rejected=0 · elapsed_ms=1.3
[WARN] [1786545710.972948]: 开始进行多边形确认 · 多边形确认失败 · rejected=0 · elapsed_ms=1.8
[WARN] [1786545711.103429]: 开始进行多边形确认 · 多边形确认失败 · rejected=0 · elapsed_ms=1.4
[WARN] [1786545711.183810]: 开始进行多边形确认 · 多边形确认失败 · rejected=0 · elapsed_ms=1.2
[WARN] [1786545711.306117]: 开始进行多边形确认 · 多边形确认失败 · rejected=0 · elapsed_ms=1.3
[WARN] [1786545711.426875]: 开始进行多边形确认 · 多边形确认失败 · rejected=0 · elapsed_ms=1.4
[WARN] [1786545711.569655]: 开始进行多边形确认 · 多边形确认失败 · rejected=0 · elapsed_ms=19.5
[WARN] [1786545711.815163]: 开始进行多边形确认 · 多边形确认失败 · rejected=0 · elapsed_ms=1.3
[WARN] [1786545711.933171]: 开始进行多边形确认 · 多边形确认失败 · rejected=0 · elapsed_ms=1.5
[WARN] [1786545712.097150]: 开始进行多边形确认 · 多边形确认失败 · rejected=0 · elapsed_ms=1.6
[WARN] [1786545712.202764]: 开始进行多边形确认 · 多边形确认失败 · rejected=0 · elapsed_ms=1.2
[WARN] [1786545712.453902]: 开始进行多边形确认 · 多边形确认失败 · rejected=0 · elapsed_ms=1.2
[WARN] [1786545712.578588]: 开始进行多边形确认 · 多边形确认失败 · rejected=0 · elapsed_ms=1.6
[WARN] [1786545712.693579]: 开始进行多边形确认 · 多边形确认失败 · rejected=0 · elapsed_ms=1.3
[WARN] [1786545712.817076]: 开始进行多边形确认 · 多边形确认失败 · rejected=0 · elapsed_ms=1.4
[WARN] [1786545712.943111]: 开始进行多边形确认 · 多边形确认失败 · rejected=0 · elapsed_ms=1.3
[WARN] [1786545713.087171]: 开始进行多边形确认 · 多边形确认失败 · rejected=0 · elapsed_ms=4.4
[INFO] [1786545702.892723]: 开始进行多边形确认 · detections=1
[INFO] [1786545703.027512]: 开始进行多边形确认 · detections=1
[INFO] [1786545703.151092]: RGB-D vision status: model_ready:onnxruntime targets:0 centers:0 tf:0 rejected:0 merged:0 semantic_masks:0
[INFO] [1786545703.278408]: 开始进行多边形确认 · detections=1
[INFO] [1786545703.403808]: 开始进行多边形确认 · detections=1
[INFO] [1786545703.515061]: 开始进行多边形确认 · detections=1
[INFO] [1786545703.662532]: 开始进行多边形确认 · detections=1
[INFO] [1786545703.762640]: 开始进行多边形确认 · detections=1
[INFO] [1786545703.896850]: 开始进行多边形确认 · detections=1
[INFO] [1786545704.021053]: 开始进行多边形确认 · detections=1
[INFO] [1786545704.273070]: 开始进行多边形确认 · detections=1
[INFO] [1786545704.388857]: 开始进行多边形确认 · detections=1
[INFO] [1786545704.520698]: 开始进行多边形确认 · detections=1
[INFO] [1786545704.720083]: 开始进行多边形确认 · detections=1
[INFO] [1786545704.771421]: 开始进行多边形确认 · detections=1
[INFO] [1786545704.891544]: 开始进行多边形确认 · detections=1
[INFO] [1786545705.141359]: 开始进行多边形确认 · detections=1
[INFO] [1786545705.397787]: 开始进行多边形确认 · detections=1
[INFO] [1786545705.523804]: 开始进行多边形确认 · detections=1
[INFO] [1786545705.653679]: 开始进行多边形确认 · detections=1
[INFO] [1786545705.792103]: 开始进行多边形确认 · detections=1
[INFO] [1786545705.898252]: 开始进行多边形确认 · detections=1
[INFO] [1786545706.036078]: 开始进行多边形确认 · detections=1
[INFO] [1786545706.162158]: 开始进行多边形确认 · detections=1
[INFO] [1786545706.276126]: 开始进行多边形确认 · detections=1
[INFO] [1786545706.395733]: 开始进行多边形确认 · detections=1
[INFO] [1786545706.527629]: 开始进行多边形确认 · detections=1
[INFO] [1786545706.661293]: 开始进行多边形确认 · detections=1
[INFO] [1786545706.815389]: 开始进行多边形确认 · detections=1
[INFO] [1786545706.916551]: 开始进行多边形确认 · detections=1
[INFO] [1786545707.041285]: 开始进行多边形确认 · detections=1
[INFO] [1786545707.171262]: 开始进行多边形确认 · detections=1
[INFO] [1786545707.304992]: 开始进行多边形确认 · detections=1
[INFO] [1786545707.425116]: 开始进行多边形确认 · detections=1
[INFO] [1786545707.551327]: 开始进行多边形确认 · detections=1
[INFO] [1786545707.668964]: 开始进行多边形确认 · detections=1
[INFO] [1786545707.843223]: 开始进行多边形确认 · detections=1
[INFO] [1786545707.945287]: 开始进行多边形确认 · detections=1
[INFO] [1786545708.068358]: 开始进行多边形确认 · detections=1
[INFO] [1786545708.198070]: 开始进行多边形确认 · detections=1
[INFO] [1786545708.305656]: 开始进行多边形确认 · detections=1
[INFO] [1786545708.429083]: 开始进行多边形确认 · detections=1
[INFO] [1786545708.554372]: 开始进行多边形确认 · detections=1
[INFO] [1786545708.679771]: 开始进行多边形确认 · detections=1
[INFO] [1786545708.821881]: 开始进行多边形确认 · detections=1
[INFO] [1786545708.935648]: 开始进行多边形确认 · detections=1
[INFO] [1786545709.052873]: 开始进行多边形确认 · detections=1
[INFO] [1786545709.176057]: 开始进行多边形确认 · detections=1
[INFO] [1786545709.298675]: 开始进行多边形确认 · detections=1
[INFO] [1786545709.424403]: 开始进行多边形确认 · detections=1
[INFO] [1786545709.549080]: 开始进行多边形确认 · detections=1
[INFO] [1786545709.688282]: 开始进行多边形确认 · detections=1
[INFO] [1786545709.828802]: 开始进行多边形确认 · detections=1
[INFO] [1786545709.971327]: 开始进行多边形确认 · detections=1
[INFO] [1786545710.056199]: 开始进行多边形确认 · detections=1
[INFO] [1786545710.181635]: 开始进行多边形确认 · detections=1
[INFO] [1786545710.304189]: 开始进行多边形确认 · detections=1
[INFO] [1786545710.429159]: 开始进行多边形确认 · detections=1
[INFO] [1786545710.555993]: 开始进行多边形确认 · detections=1
[INFO] [1786545710.679700]: 开始进行多边形确认 · detections=1
[INFO] [1786545710.809302]: 开始进行多边形确认 · detections=1
[INFO] [1786545710.971290]: 开始进行多边形确认 · detections=1
[INFO] [1786545711.102173]: 开始进行多边形确认 · detections=1
[INFO] [1786545711.182651]: 开始进行多边形确认 · detections=1
[INFO] [1786545711.304856]: 开始进行多边形确认 · detections=1
[INFO] [1786545711.425577]: 开始进行多边形确认 · detections=1
[INFO] [1786545711.550157]: 开始进行多边形确认 · detections=1
[INFO] [1786545711.689223]: RGB-D vision status: model_ready:onnxruntime targets:0 centers:0 tf:0 rejected:0 merged:0 semantic_masks:0
[INFO] [1786545711.813926]: 开始进行多边形确认 · detections=1
[INFO] [1786545711.931807]: 开始进行多边形确认 · detections=1
[INFO] [1786545712.095660]: 开始进行多边形确认 · detections=1
[INFO] [1786545712.201671]: 开始进行多边形确认 · detections=1
[INFO] [1786545712.452813]: 开始进行多边形确认 · detections=1
[INFO] [1786545712.577128]: 开始进行多边形确认 · detections=1
[INFO] [1786545712.692405]: 开始进行多边形确认 · detections=1
[INFO] [1786545712.815803]: 开始进行多边形确认 · detections=1
[INFO] [1786545712.941914]: 开始进行多边形确认 · detections=1
[INFO] [1786545713.082876]: 开始进行多边形确认 · detections=1
[INFO] [1786545713.207618]: 开始进行多边形确认 · detections=1
[INFO] [1786545713.321508]: 开始进行多边形确认 · detections=1
[INFO] [1786545713.445674]: 开始进行多边形确认 · detections=1
[INFO] [1786545713.571911]: 开始进行多边形确认 · detections=1
[INFO] [1786545713.689363]: 开始进行多边形确认 · detections=1
[INFO] [1786545713.815123]: 开始进行多边形确认 · detections=1
[INFO] [1786545713.932497]: 开始进行多边形确认 · detections=1
[INFO] [1786545714.054657]: 开始进行多边形确认 · detections=1
[INFO] [1786545714.174114]: 开始进行多边形确认 · detections=1
[INFO] [1786545714.325307]: 开始进行多边形确认 · detections=1
[INFO] [1786545714.439033]: 开始进行多边形确认 · detections=1
[INFO] [1786545714.570932]: 开始进行多边形确认 · detections=1
[INFO] [1786545714.681248]: 开始进行多边形确认 · detections=1
[INFO] [1786545714.799726]: 开始进行多边形确认 · detections=1
[INFO] [1786545714.926070]: 开始进行多边形确认 · detections=1
[INFO] [1786545715.049578]: 开始进行多边形确认 · detections=1
[INFO] [1786545715.358703]: 开始进行多边形确认 · detections=1
[INFO] [1786545715.448274]: 开始进行多边形确认 · detections=1
[INFO] [1786545715.554524]: 开始进行多边形确认 · detections=1
[INFO] [1786545715.692342]: 开始进行多边形确认 · detections=1
[INFO] [1786545715.816679]: 开始进行多边形确认 · detections=1
[INFO] [1786545715.936282]: 开始进行多边形确认 · detections=1
[INFO] [1786545716.071982]: 开始进行多边形确认 · detections=1
[INFO] [1786545716.195292]: 开始进行多边形确认 · detections=1
[INFO] [1786545716.312627]: 开始进行多边形确认 · detections=1
[INFO] [1786545716.460449]: 开始进行多边形确认 · detections=1
[INFO] [1786545716.564429]: 开始进行多边形确认 · detections=1
[INFO] [1786545716.701805]: 开始进行多边形确认 · detections=1
[INFO] [1786545716.830687]: 开始进行多边形确认 · detections=1
[INFO] [1786545716.957335]: 开始进行多边形确认 · detections=1
[INFO] [1786545717.085244]: 开始进行多边形确认 · detections=1
[INFO] [1786545717.208269]: 开始进行多边形确认 · detections=1
[INFO] [1786545717.352246]: 开始进行多边形确认 · detections=1
[INFO] [1786545717.471990]: 开始进行多边形确认 · detections=1
[WARN] [1786545713.208929]: 开始进行多边形确认 · 多边形确认失败 · rejected=0 · elapsed_ms=1.4
[WARN] [1786545713.322744]: 开始进行多边形确认 · 多边形确认失败 · rejected=0 · elapsed_ms=1.3
[WARN] [1786545713.447111]: 开始进行多边形确认 · 多边形确认失败 · rejected=0 · elapsed_ms=1.5
[WARN] [1786545713.573191]: 开始进行多边形确认 · 多边形确认失败 · rejected=0 · elapsed_ms=1.4
[WARN] [1786545713.690528]: 开始进行多边形确认 · 多边形确认失败 · rejected=0 · elapsed_ms=1.3
[WARN] [1786545713.816353]: 开始进行多边形确认 · 多边形确认失败 · rejected=0 · elapsed_ms=1.3
[WARN] [1786545713.933552]: 开始进行多边形确认 · 多边形确认失败 · rejected=0 · elapsed_ms=1.1
[WARN] [1786545714.055799]: 开始进行多边形确认 · 多边形确认失败 · rejected=0 · elapsed_ms=1.2
[WARN] [1786545714.175232]: 开始进行多边形确认 · 多边形确认失败 · rejected=0 · elapsed_ms=1.2
[WARN] [1786545714.326400]: 开始进行多边形确认 · 多边形确认失败 · rejected=0 · elapsed_ms=1.2
[WARN] [1786545714.440252]: 开始进行多边形确认 · 多边形确认失败 · rejected=0 · elapsed_ms=1.3
[WARN] [1786545714.573171]: 开始进行多边形确认 · 多边形确认失败 · rejected=0 · elapsed_ms=2.3
[WARN] [1786545714.682292]: 开始进行多边形确认 · 多边形确认失败 · rejected=0 · elapsed_ms=1.1
[WARN] [1786545714.800994]: 开始进行多边形确认 · 多边形确认失败 · rejected=0 · elapsed_ms=1.3
[WARN] [1786545714.927287]: 开始进行多边形确认 · 多边形确认失败 · rejected=0 · elapsed_ms=1.3
[WARN] [1786545715.050757]: 开始进行多边形确认 · 多边形确认失败 · rejected=0 · elapsed_ms=1.2
[WARN] [1786545715.360192]: 开始进行多边形确认 · 多边形确认失败 · rejected=0 · elapsed_ms=1.6
[WARN] [1786545715.449580]: 开始进行多边形确认 · 多边形确认失败 · rejected=0 · elapsed_ms=1.4
[WARN] [1786545715.555700]: 开始进行多边形确认 · 多边形确认失败 · rejected=0 · elapsed_ms=1.2
[WARN] [1786545715.693412]: 开始进行多边形确认 · 多边形确认失败 · rejected=0 · elapsed_ms=1.1
[WARN] [1786545715.817771]: 开始进行多边形确认 · 多边形确认失败 · rejected=0 · elapsed_ms=1.1
[WARN] [1786545715.937420]: 开始进行多边形确认 · 多边形确认失败 · rejected=0 · elapsed_ms=1.2
[WARN] [1786545716.073087]: 开始进行多边形确认 · 多边形确认失败 · rejected=0 · elapsed_ms=1.2
[WARN] [1786545716.196443]: 开始进行多边形确认 · 多边形确认失败 · rejected=0 · elapsed_ms=1.2
[WARN] [1786545716.313983]: 开始进行多边形确认 · 多边形确认失败 · rejected=0 · elapsed_ms=1.4
[WARN] [1786545716.461499]: 开始进行多边形确认 · 多边形确认失败 · rejected=0 · elapsed_ms=1.2
[WARN] [1786545716.583812]: 开始进行多边形确认 · 多边形确认失败 · rejected=0 · elapsed_ms=19.4
[WARN] [1786545716.703133]: 开始进行多边形确认 · 多边形确认失败 · rejected=0 · elapsed_ms=1.4
[WARN] [1786545716.831959]: 开始进行多边形确认 · 多边形确认失败 · rejected=0 · elapsed_ms=1.3
[WARN] [1786545716.958619]: 开始进行多边形确认 · 多边形确认失败 · rejected=0 · elapsed_ms=1.4
[WARN] [1786545717.086710]: 开始进行多边形确认 · 多边形确认失败 · rejected=0 · elapsed_ms=1.5
[WARN] [1786545717.209465]: 开始进行多边形确认 · 多边形确认失败 · rejected=0 · elapsed_ms=1.3
[WARN] [1786545717.353467]: 开始进行多边形确认 · 多边形确认失败 · rejected=0 · elapsed_ms=1.3
[WARN] [1786545717.473151]: 开始进行多边形确认 · 多边形确认失败 · rejected=0 · elapsed_ms=1.2
[WARN] [1786545717.599086]: 开始进行多边形确认 · 多边形确认失败 · rejected=0 · elapsed_ms=1.4
[WARN] [1786545717.711081]: 开始进行多边形确认 · 多边形确认失败 · rejected=0 · elapsed_ms=1.5
[WARN] [1786545717.837247]: 开始进行多边形确认 · 多边形确认失败 · rejected=0 · elapsed_ms=1.5
[WARN] [1786545717.959534]: 开始进行多边形确认 · 多边形确认失败 · rejected=0 · elapsed_ms=1.5
[WARN] [1786545718.095432]: 开始进行多边形确认 · 多边形确认失败 · rejected=0 · elapsed_ms=1.5
[WARN] [1786545718.211637]: 开始进行多边形确认 · 多边形确认失败 · rejected=0 · elapsed_ms=1.4
[WARN] [1786545718.327840]: 开始进行多边形确认 · 多边形确认失败 · rejected=0 · elapsed_ms=1.7
[WARN] [1786545718.534591]: 开始进行多边形确认 · 多边形确认失败 · rejected=0 · elapsed_ms=1.3
[WARN] [1786545718.621794]: 开始进行多边形确认 · 多边形确认失败 · rejected=0 · elapsed_ms=1.2
[WARN] [1786545718.751058]: 开始进行多边形确认 · 多边形确认失败 · rejected=0 · elapsed_ms=1.4
[WARN] [1786545718.854606]: 开始进行多边形确认 · 多边形确认失败 · rejected=0 · elapsed_ms=1.4
[WARN] [1786545718.977962]: 开始进行多边形确认 · 多边形确认失败 · rejected=0 · elapsed_ms=1.4
[WARN] [1786545719.098680]: 开始进行多边形确认 · 多边形确认失败 · rejected=0 · elapsed_ms=1.4
[WARN] [1786545719.224669]: 开始进行多边形确认 · 多边形确认失败 · rejected=0 · elapsed_ms=1.2
[WARN] [1786545719.378078]: 开始进行多边形确认 · 多边形确认失败 · rejected=0 · elapsed_ms=1.4
[WARN] [1786545719.729241]: 开始进行多边形确认 · 多边形确认失败 · rejected=0 · elapsed_ms=1.4
[WARN] [1786545719.851858]: 开始进行多边形确认 · 多边形确认失败 · rejected=0 · elapsed_ms=1.2
[WARN] [1786545719.976044]: 开始进行多边形确认 · 多边形确认失败 · rejected=0 · elapsed_ms=1.3
[WARN] [1786545720.230723]: 开始进行多边形确认 · 多边形确认失败 · rejected=0 · elapsed_ms=1.3
[WARN] [1786545720.356681]: 开始进行多边形确认 · 多边形确认失败 · rejected=0 · elapsed_ms=1.3
[WARN] [1786545720.621839]: 开始进行多边形确认 · 多边形确认失败 · rejected=0 · elapsed_ms=1.4
[WARN] [1786545720.739097]: 开始进行多边形确认 · 多边形确认失败 · rejected=0 · elapsed_ms=1.5
[WARN] [1786545720.868840]: 开始进行多边形确认 · 多边形确认失败 · rejected=0 · elapsed_ms=1.6
[WARN] [1786545720.985113]: 开始进行多边形确认 · 多边形确认失败 · rejected=0 · elapsed_ms=1.6
[WARN] [1786545721.122241]: 开始进行多边形确认 · 多边形确认失败 · rejected=0 · elapsed_ms=1.3
[WARN] [1786545721.370003]: 开始进行多边形确认 · 多边形确认失败 · rejected=0 · elapsed_ms=1.7
[WARN] [1786545721.504463]: 开始进行多边形确认 · 多边形确认失败 · rejected=0 · elapsed_ms=7.4
[WARN] [1786545721.637734]: 开始进行多边形确认 · 多边形确认失败 · rejected=0 · elapsed_ms=19.8
[WARN] [1786545721.713519]: 开始进行多边形确认 · 多边形确认失败 · rejected=0 · elapsed_ms=1.4
[WARN] [1786545721.840146]: 开始进行多边形确认 · 多边形确认失败 · rejected=0 · elapsed_ms=1.4
[WARN] [1786545721.964878]: 开始进行多边形确认 · 多边形确认失败 · rejected=0 · elapsed_ms=1.5
[WARN] [1786545722.089604]: 开始进行多边形确认 · 多边形确认失败 · rejected=0 · elapsed_ms=1.1
[WARN] [1786545722.220693]: 开始进行多边形确认 · 多边形确认失败 · rejected=0 · elapsed_ms=1.6
[WARN] [1786545722.346292]: 开始进行多边形确认 · 多边形确认失败 · rejected=0 · elapsed_ms=1.3
[WARN] [1786545722.471412]: 开始进行多边形确认 · 多边形确认失败 · rejected=0 · elapsed_ms=1.2
[WARN] [1786545722.611100]: 开始进行多边形确认 · 多边形确认失败 · rejected=0 · elapsed_ms=1.6
[WARN] [1786545722.754560]: 开始进行多边形确认 · 多边形确认失败 · rejected=0 · elapsed_ms=1.5
[WARN] [1786545722.860976]: 开始进行多边形确认 · 多边形确认失败 · rejected=0 · elapsed_ms=1.8
[INFO] [1786545717.597800]: 开始进行多边形确认 · detections=1
[INFO] [1786545717.709676]: 开始进行多边形确认 · detections=1
[INFO] [1786545717.835785]: 开始进行多边形确认 · detections=1
[INFO] [1786545717.958070]: 开始进行多边形确认 · detections=1
[INFO] [1786545718.094013]: 开始进行多边形确认 · detections=1
[INFO] [1786545718.210266]: 开始进行多边形确认 · detections=1
[INFO] [1786545718.326242]: 开始进行多边形确认 · detections=1
[INFO] [1786545718.533390]: 开始进行多边形确认 · detections=1
[INFO] [1786545718.620704]: 开始进行多边形确认 · detections=1
[INFO] [1786545718.749759]: 开始进行多边形确认 · detections=1
[INFO] [1786545718.853305]: 开始进行多边形确认 · detections=1
[INFO] [1786545718.976613]: 开始进行多边形确认 · detections=1
[INFO] [1786545719.097367]: 开始进行多边形确认 · detections=1
[INFO] [1786545719.223576]: 开始进行多边形确认 · detections=1
[INFO] [1786545719.376783]: 开始进行多边形确认 · detections=1
[INFO] [1786545719.509703]: RGB-D vision status: model_ready:onnxruntime targets:0 centers:0 tf:0 rejected:0 merged:0 semantic_masks:0
[INFO] [1786545719.727939]: 开始进行多边形确认 · detections=1
[INFO] [1786545719.850690]: 开始进行多边形确认 · detections=1
[INFO] [1786545719.974794]: 开始进行多边形确认 · detections=1
[INFO] [1786545720.229515]: 开始进行多边形确认 · detections=1
[INFO] [1786545720.355484]: 开始进行多边形确认 · detections=1
[INFO] [1786545720.620450]: 开始进行多边形确认 · detections=1
[INFO] [1786545720.737691]: 开始进行多边形确认 · detections=1
[INFO] [1786545720.867306]: 开始进行多边形确认 · detections=1
[INFO] [1786545720.983566]: 开始进行多边形确认 · detections=1
[INFO] [1786545721.120979]: 开始进行多边形确认 · detections=1
[INFO] [1786545721.368369]: 开始进行多边形确认 · detections=1
[INFO] [1786545721.497131]: 开始进行多边形确认 · detections=1
[INFO] [1786545721.617981]: 开始进行多边形确认 · detections=1
[INFO] [1786545721.712173]: 开始进行多边形确认 · detections=1
[INFO] [1786545721.838767]: 开始进行多边形确认 · detections=1
[INFO] [1786545721.963471]: 开始进行多边形确认 · detections=1
[INFO] [1786545722.088546]: 开始进行多边形确认 · detections=1
[INFO] [1786545722.219155]: 开始进行多边形确认 · detections=1
[INFO] [1786545722.345081]: 开始进行多边形确认 · detections=1
[INFO] [1786545722.470236]: 开始进行多边形确认 · detections=1
[INFO] [1786545722.609578]: 开始进行多边形确认 · detections=1
[INFO] [1786545722.753190]: 开始进行多边形确认 · detections=1
[INFO] [1786545722.859223]: 开始进行多边形确认 · detections=1
[INFO] [1786545722.983406]: 开始进行多边形确认 · detections=1
[INFO] [1786545723.112790]: 开始进行多边形确认 · detections=1
[INFO] [1786545723.233197]: 开始进行多边形确认 · detections=1
[INFO] [1786545723.495605]: 开始进行多边形确认 · detections=1
[INFO] [1786545723.617670]: 开始进行多边形确认 · detections=1
[INFO] [1786545723.785208]: 开始进行多边形确认 · detections=1
[INFO] [1786545723.996534]: 开始进行多边形确认 · detections=1
[INFO] [1786545724.119645]: 开始进行多边形确认 · detections=1
[INFO] [1786545724.242357]: 开始进行多边形确认 · detections=1
[INFO] [1786545724.362734]: 开始进行多边形确认 · detections=1
[INFO] [1786545724.491334]: 开始进行多边形确认 · detections=1
[INFO] [1786545724.611542]: 开始进行多边形确认 · detections=1
[INFO] [1786545724.728068]: 开始进行多边形确认 · detections=1
[INFO] [1786545724.872835]: 开始进行多边形确认 · detections=1
[INFO] [1786545724.976276]: 开始进行多边形确认 · detections=1
[INFO] [1786545725.106302]: 开始进行多边形确认 · detections=1
[INFO] [1786545725.227430]: 开始进行多边形确认 · detections=1
[INFO] [1786545725.349860]: 开始进行多边形确认 · detections=1
[INFO] [1786545725.480742]: RGB-D vision status: model_ready:onnxruntime targets:0 centers:0 tf:0 rejected:0 merged:0 semantic_masks:0
[INFO] [1786545725.603942]: 开始进行多边形确认 · detections=1
[INFO] [1786545725.735904]: 开始进行多边形确认 · detections=1
[INFO] [1786545725.983675]: 开始进行多边形确认 · detections=1
[INFO] [1786545726.115731]: 开始进行多边形确认 · detections=1
[INFO] [1786545726.228363]: 开始进行多边形确认 · detections=1
[INFO] [1786545726.376017]: 开始进行多边形确认 · detections=1
[INFO] [1786545726.498356]: 开始进行多边形确认 · detections=1
[INFO] [1786545726.625498]: 开始进行多边形确认 · detections=1
[INFO] [1786545726.746583]: 开始进行多边形确认 · detections=1
[INFO] [1786545727.013851]: 开始进行多边形确认 · detections=1
[INFO] [1786545727.129864]: 开始进行多边形确认 · detections=1
[INFO] [1786545727.253472]: 开始进行多边形确认 · detections=1
[INFO] [1786545727.380062]: 开始进行多边形确认 · detections=1
[INFO] [1786545727.494053]: 开始进行多边形确认 · detections=1
[INFO] [1786545727.610074]: 开始进行多边形确认 · detections=1
[INFO] [1786545727.736776]: 开始进行多边形确认 · detections=1
[INFO] [1786545728.021957]: 开始进行多边形确认 · detections=1
[INFO] [1786545728.134336]: 开始进行多边形确认 · detections=1
[INFO] [1786545728.250401]: 开始进行多边形确认 · detections=1
[INFO] [1786545728.506454]: 开始进行多边形确认 · detections=1
[INFO] [1786545728.637342]: 开始进行多边形确认 · detections=1
[INFO] [1786545728.762017]: 开始进行多边形确认 · detections=1
[INFO] [1786545728.884893]: 开始进行多边形确认 · detections=1
[INFO] [1786545729.013262]: 开始进行多边形确认 · detections=1
[INFO] [1786545729.139409]: 开始进行多边形确认 · detections=1
[INFO] [1786545729.263916]: 开始进行多边形确认 · detections=1
[INFO] [1786545729.386868]: 开始进行多边形确认 · detections=1
[INFO] [1786545729.516911]: 开始进行多边形确认 · detections=1
[INFO] [1786545729.626139]: 开始进行多边形确认 · detections=1
[INFO] [1786545729.747158]: 开始进行多边形确认 · detections=1
[INFO] [1786545729.873097]: 开始进行多边形确认 · detections=1
[INFO] [1786545730.004775]: 开始进行多边形确认 · detections=1
[INFO] [1786545730.176714]: 开始进行多边形确认 · detections=1
[INFO] [1786545730.263136]: 开始进行多边形确认 · detections=1
[INFO] [1786545730.490225]: 开始进行多边形确认 · detections=1
[INFO] [1786545730.492544]: RGB-D vision status: model_ready:onnxruntime targets:0 centers:0 tf:0 rejected:0 merged:0 semantic_masks:1
[INFO] [1786545730.626874]: 开始进行多边形确认 · detections=1
[INFO] [1786545730.737381]: 开始进行多边形确认 · detections=1
[INFO] [1786545730.866014]: 开始进行多边形确认 · detections=1
[INFO] [1786545730.992011]: 开始进行多边形确认 · detections=1
[INFO] [1786545731.115737]: 开始进行多边形确认 · detections=1
[INFO] [1786545731.265626]: 开始进行多边形确认 · detections=1
[INFO] [1786545731.365368]: 开始进行多边形确认 · detections=1
[INFO] [1786545731.494939]: 开始进行多边形确认 · detections=1
[INFO] [1786545731.616398]: 开始进行多边形确认 · detections=1
[INFO] [1786545731.740077]: 开始进行多边形确认 · detections=1
[INFO] [1786545731.877365]: 开始进行多边形确认 · detections=1
[INFO] [1786545731.991537]: 开始进行多边形确认 · detections=1
[INFO] [1786545732.124238]: 开始进行多边形确认 · detections=1
[INFO] [1786545732.419061]: 开始进行多边形确认 · detections=1
[INFO] [1786545732.521693]: 开始进行多边形确认 · detections=1
[INFO] [1786545732.654381]: 开始进行多边形确认 · detections=1
[INFO] [1786545732.772074]: 开始进行多边形确认 · detections=1
[WARN] [1786545722.984979]: 开始进行多边形确认 · 多边形确认失败 · rejected=0 · elapsed_ms=1.7
[WARN] [1786545723.114371]: 开始进行多边形确认 · 多边形确认失败 · rejected=0 · elapsed_ms=1.7
[WARN] [1786545723.234678]: 开始进行多边形确认 · 多边形确认失败 · rejected=0 · elapsed_ms=1.6
[WARN] [1786545723.497215]: 开始进行多边形确认 · 多边形确认失败 · rejected=0 · elapsed_ms=1.7
[WARN] [1786545723.619147]: 开始进行多边形确认 · 多边形确认失败 · rejected=0 · elapsed_ms=1.6
[WARN] [1786545723.786567]: 开始进行多边形确认 · 多边形确认失败 · rejected=0 · elapsed_ms=1.4
[WARN] [1786545723.997869]: 开始进行多边形确认 · 多边形确认失败 · rejected=0 · elapsed_ms=1.4
[WARN] [1786545724.120860]: 开始进行多边形确认 · 多边形确认失败 · rejected=0 · elapsed_ms=1.3
[WARN] [1786545724.243572]: 开始进行多边形确认 · 多边形确认失败 · rejected=0 · elapsed_ms=1.3
[WARN] [1786545724.363821]: 开始进行多边形确认 · 多边形确认失败 · rejected=0 · elapsed_ms=1.2
[WARN] [1786545724.492327]: 开始进行多边形确认 · 多边形确认失败 · rejected=0 · elapsed_ms=1.0
[WARN] [1786545724.612669]: 开始进行多边形确认 · 多边形确认失败 · rejected=0 · elapsed_ms=1.2
[WARN] [1786545724.734814]: 开始进行多边形确认 · 多边形确认失败 · rejected=0 · elapsed_ms=6.8
[WARN] [1786545724.874132]: 开始进行多边形确认 · 多边形确认失败 · rejected=0 · elapsed_ms=1.4
[WARN] [1786545724.978673]: 开始进行多边形确认 · 多边形确认失败 · rejected=0 · elapsed_ms=2.5
[WARN] [1786545725.107558]: 开始进行多边形确认 · 多边形确认失败 · rejected=0 · elapsed_ms=1.3
[WARN] [1786545725.228553]: 开始进行多边形确认 · 多边形确认失败 · rejected=0 · elapsed_ms=1.2
[WARN] [1786545725.351104]: 开始进行多边形确认 · 多边形确认失败 · rejected=0 · elapsed_ms=1.3
[WARN] [1786545725.604970]: 开始进行多边形确认 · 多边形确认失败 · rejected=0 · elapsed_ms=1.1
[WARN] [1786545725.736935]: 开始进行多边形确认 · 多边形确认失败 · rejected=0 · elapsed_ms=1.1
[WARN] [1786545725.984698]: 开始进行多边形确认 · 多边形确认失败 · rejected=0 · elapsed_ms=1.1
[WARN] [1786545726.116869]: 开始进行多边形确认 · 多边形确认失败 · rejected=0 · elapsed_ms=1.2
[WARN] [1786545726.229335]: 开始进行多边形确认 · 多边形确认失败 · rejected=0 · elapsed_ms=1.0
[WARN] [1786545726.377479]: 开始进行多边形确认 · 多边形确认失败 · rejected=0 · elapsed_ms=1.5
[WARN] [1786545726.499618]: 开始进行多边形确认 · 多边形确认失败 · rejected=0 · elapsed_ms=1.4
[WARN] [1786545726.645027]: 开始进行多边形确认 · 多边形确认失败 · rejected=0 · elapsed_ms=19.5
[WARN] [1786545726.747740]: 开始进行多边形确认 · 多边形确认失败 · rejected=0 · elapsed_ms=1.2
[WARN] [1786545727.015178]: 开始进行多边形确认 · 多边形确认失败 · rejected=0 · elapsed_ms=1.4
[WARN] [1786545727.131366]: 开始进行多边形确认 · 多边形确认失败 · rejected=0 · elapsed_ms=1.6
[WARN] [1786545727.254874]: 开始进行多边形确认 · 多边形确认失败 · rejected=0 · elapsed_ms=1.5
[WARN] [1786545727.381469]: 开始进行多边形确认 · 多边形确认失败 · rejected=0 · elapsed_ms=1.5
[WARN] [1786545727.495447]: 开始进行多边形确认 · 多边形确认失败 · rejected=0 · elapsed_ms=1.5
[WARN] [1786545727.611233]: 开始进行多边形确认 · 多边形确认失败 · rejected=0 · elapsed_ms=1.2
[WARN] [1786545727.738095]: 开始进行多边形确认 · 多边形确认失败 · rejected=0 · elapsed_ms=1.4
[WARN] [1786545728.023575]: 开始进行多边形确认 · 多边形确认失败 · rejected=0 · elapsed_ms=1.7
[WARN] [1786545728.135543]: 开始进行多边形确认 · 多边形确认失败 · rejected=0 · elapsed_ms=1.3
[WARN] [1786545728.251818]: 开始进行多边形确认 · 多边形确认失败 · rejected=0 · elapsed_ms=1.5
[WARN] [1786545728.507630]: 开始进行多边形确认 · 多边形确认失败 · rejected=0 · elapsed_ms=1.3
[WARN] [1786545728.638505]: 开始进行多边形确认 · 多边形确认失败 · rejected=0 · elapsed_ms=1.3
[WARN] [1786545728.763296]: 开始进行多边形确认 · 多边形确认失败 · rejected=0 · elapsed_ms=1.4
[WARN] [1786545728.886330]: 开始进行多边形确认 · 多边形确认失败 · rejected=0 · elapsed_ms=1.5
[WARN] [1786545729.014641]: 开始进行多边形确认 · 多边形确认失败 · rejected=0 · elapsed_ms=1.4
[WARN] [1786545729.140724]: 开始进行多边形确认 · 多边形确认失败 · rejected=0 · elapsed_ms=1.4
[WARN] [1786545729.265379]: 开始进行多边形确认 · 多边形确认失败 · rejected=0 · elapsed_ms=1.6
[WARN] [1786545729.388342]: 开始进行多边形确认 · 多边形确认失败 · rejected=0 · elapsed_ms=1.6
[WARN] [1786545729.518077]: 开始进行多边形确认 · 多边形确认失败 · rejected=0 · elapsed_ms=1.3
[WARN] [1786545729.627365]: 开始进行多边形确认 · 多边形确认失败 · rejected=0 · elapsed_ms=1.3
[WARN] [1786545729.748215]: 开始进行多边形确认 · 多边形确认失败 · rejected=0 · elapsed_ms=1.1
[WARN] [1786545729.874107]: 开始进行多边形确认 · 多边形确认失败 · rejected=0 · elapsed_ms=1.1
[WARN] [1786545730.005808]: 开始进行多边形确认 · 多边形确认失败 · rejected=0 · elapsed_ms=1.1
[WARN] [1786545730.178285]: 开始进行多边形确认 · 多边形确认失败 · rejected=0 · elapsed_ms=1.7
[WARN] [1786545730.264702]: 开始进行多边形确认 · 多边形确认失败 · rejected=0 · elapsed_ms=1.6
[WARN] [1786545730.491311]: 开始进行多边形确认 · 多边形确认失败 · rejected=0 · elapsed_ms=1.1
[WARN] [1786545730.628348]: 开始进行多边形确认 · 多边形确认失败 · rejected=0 · elapsed_ms=1.6
[WARN] [1786545730.738886]: 开始进行多边形确认 · 多边形确认失败 · rejected=0 · elapsed_ms=1.6
[WARN] [1786545730.867296]: 开始进行多边形确认 · 多边形确认失败 · rejected=0 · elapsed_ms=1.4
[WARN] [1786545730.993130]: 开始进行多边形确认 · 多边形确认失败 · rejected=0 · elapsed_ms=1.2
[WARN] [1786545731.118834]: 开始进行多边形确认 · 多边形确认失败 · rejected=0 · elapsed_ms=3.1
[WARN] [1786545731.266832]: 开始进行多边形确认 · 多边形确认失败 · rejected=0 · elapsed_ms=1.3
[WARN] [1786545731.366535]: 开始进行多边形确认 · 多边形确认失败 · rejected=0 · elapsed_ms=1.2
[WARN] [1786545731.496106]: 开始进行多边形确认 · 多边形确认失败 · rejected=0 · elapsed_ms=1.2
[WARN] [1786545731.617639]: 开始进行多边形确认 · 多边形确认失败 · rejected=0 · elapsed_ms=1.3
[WARN] [1786545731.759813]: 开始进行多边形确认 · 多边形确认失败 · rejected=0 · elapsed_ms=19.7
[WARN] [1786545731.878503]: 开始进行多边形确认 · 多边形确认失败 · rejected=0 · elapsed_ms=1.2
[WARN] [1786545731.992748]: 开始进行多边形确认 · 多边形确认失败 · rejected=0 · elapsed_ms=1.3
[WARN] [1786545732.125428]: 开始进行多边形确认 · 多边形确认失败 · rejected=0 · elapsed_ms=1.3
[WARN] [1786545732.420207]: 开始进行多边形确认 · 多边形确认失败 · rejected=0 · elapsed_ms=1.2
[WARN] [1786545732.523073]: 开始进行多边形确认 · 多边形确认失败 · rejected=0 · elapsed_ms=1.5
[WARN] [1786545732.655581]: 开始进行多边形确认 · 多边形确认失败 · rejected=0 · elapsed_ms=1.3
[WARN] [1786545732.773440]: 开始进行多边形确认 · 多边形确认失败 · rejected=0 · elapsed_ms=1.5
[WARN] [1786545732.900181]: 开始进行多边形确认 · 多边形确认失败 · rejected=0 · elapsed_ms=1.4
[WARN] [1786545733.022954]: 开始进行多边形确认 · 多边形确认失败 · rejected=0 · elapsed_ms=1.2
[WARN] [1786545733.280516]: 开始进行多边形确认 · 多边形确认失败 · rejected=0 · elapsed_ms=1.5
[WARN] [1786545733.434733]: 开始进行多边形确认 · 多边形确认失败 · rejected=0 · elapsed_ms=1.6
[WARN] [1786545733.523937]: 开始进行多边形确认 · 多边形确认失败 · rejected=0 · elapsed_ms=1.5
[WARN] [1786545733.636442]: 开始进行多边形确认 · 多边形确认失败 · rejected=0 · elapsed_ms=1.6
[WARN] [1786545733.771841]: 开始进行多边形确认 · 多边形确认失败 · rejected=0 · elapsed_ms=1.7
[WARN] [1786545733.900407]: 开始进行多边形确认 · 多边形确认失败 · rejected=0 · elapsed_ms=1.8
[WARN] [1786545734.017225]: 开始进行多边形确认 · 多边形确认失败 · rejected=0 · elapsed_ms=1.5
[WARN] [1786545734.144088]: 开始进行多边形确认 · 多边形确认失败 · rejected=0 · elapsed_ms=1.5
[WARN] [1786545734.268065]: 开始进行多边形确认 · 多边形确认失败 · rejected=0 · elapsed_ms=1.4
[WARN] [1786545734.425235]: 开始进行多边形确认 · 多边形确认失败 · rejected=0 · elapsed_ms=1.5
[WARN] [1786545734.547851]: 开始进行多边形确认 · 多边形确认失败 · rejected=0 · elapsed_ms=1.6
[WARN] [1786545734.653132]: 开始进行多边形确认 · 多边形确认失败 · rejected=0 · elapsed_ms=1.6
[WARN] [1786545734.777071]: 开始进行多边形确认 · 多边形确认失败 · rejected=0 · elapsed_ms=1.5
[WARN] [1786545734.904424]: 开始进行多边形确认 · 多边形确认失败 · rejected=0 · elapsed_ms=1.6
[WARN] [1786545735.031735]: 开始进行多边形确认 · 多边形确认失败 · rejected=0 · elapsed_ms=1.5
[WARN] [1786545735.156712]: 开始进行多边形确认 · 多边形确认失败 · rejected=0 · elapsed_ms=1.5
[WARN] [1786545735.278019]: 开始进行多边形确认 · 多边形确认失败 · rejected=0 · elapsed_ms=1.3
[WARN] [1786545735.414857]: 开始进行多边形确认 · 多边形确认失败 · rejected=0 · elapsed_ms=8.6
[WARN] [1786545735.554027]: 开始进行多边形确认 · 多边形确认失败 · rejected=0 · elapsed_ms=1.3
[WARN] [1786545735.630681]: 开始进行多边形确认 · 多边形确认失败 · rejected=0 · elapsed_ms=1.2
[WARN] [1786545735.906090]: 开始进行多边形确认 · 多边形确认失败 · rejected=0 · elapsed_ms=1.5
[WARN] [1786545736.025513]: 开始进行多边形确认 · 多边形确认失败 · rejected=0 · elapsed_ms=1.3
[WARN] [1786545736.148848]: 开始进行多边形确认 · 多边形确认失败 · rejected=0 · elapsed_ms=1.4
[WARN] [1786545736.278927]: 开始进行多边形确认 · 多边形确认失败 · rejected=0 · elapsed_ms=1.5
[WARN] [1786545736.407200]: 开始进行多边形确认 · 多边形确认失败 · rejected=0 · elapsed_ms=5.1
[WARN] [1786545736.558398]: 开始进行多边形确认 · 多边形确认失败 · rejected=0 · elapsed_ms=1.6
[WARN] [1786545736.657654]: 开始进行多边形确认 · 多边形确认失败 · rejected=0 · elapsed_ms=1.5
[WARN] [1786545736.783693]: 开始进行多边形确认 · 多边形确认失败 · rejected=0 · elapsed_ms=19.8
[WARN] [1786545736.892737]: 开始进行多边形确认 · 多边形确认失败 · rejected=0 · elapsed_ms=1.2
[WARN] [1786545737.010910]: 开始进行多边形确认 · 多边形确认失败 · rejected=0 · elapsed_ms=1.4
[WARN] [1786545737.140337]: 开始进行多边形确认 · 多边形确认失败 · rejected=0 · elapsed_ms=1.5
[WARN] [1786545737.261694]: 开始进行多边形确认 · 多边形确认失败 · rejected=0 · elapsed_ms=1.2
[WARN] [1786545737.390080]: 开始进行多边形确认 · 多边形确认失败 · rejected=0 · elapsed_ms=1.4
[WARN] [1786545737.577684]: 开始进行多边形确认 · 多边形确认失败 · rejected=0 · elapsed_ms=1.5
[WARN] [1786545737.633693]: 开始进行多边形确认 · 多边形确认失败 · rejected=0 · elapsed_ms=1.3
[WARN] [1786545737.776064]: 开始进行多边形确认 · 多边形确认失败 · rejected=0 · elapsed_ms=1.4
[WARN] [1786545737.898485]: 开始进行多边形确认 · 多边形确认失败 · rejected=0 · elapsed_ms=1.5
[WARN] [1786545738.021128]: 开始进行多边形确认 · 多边形确认失败 · rejected=0 · elapsed_ms=1.7
[WARN] [1786545738.145519]: 开始进行多边形确认 · 多边形确认失败 · rejected=0 · elapsed_ms=1.5
[WARN] [1786545738.272354]: 开始进行多边形确认 · 多边形确认失败 · rejected=0 · elapsed_ms=1.5
[WARN] [1786545738.399319]: 开始进行多边形确认 · 多边形确认失败 · rejected=0 · elapsed_ms=1.8
[WARN] [1786545738.678056]: 开始进行多边形确认 · 多边形确认失败 · rejected=0 · elapsed_ms=1.5
[WARN] [1786545738.779840]: 开始进行多边形确认 · 多边形确认失败 · rejected=0 · elapsed_ms=1.5
[WARN] [1786545739.027467]: 开始进行多边形确认 · 多边形确认失败 · rejected=0 · elapsed_ms=1.6
[WARN] [1786545739.160933]: 开始进行多边形确认 · 多边形确认失败 · rejected=0 · elapsed_ms=1.6
[WARN] [1786545739.401858]: 开始进行多边形确认 · 多边形确认失败 · rejected=0 · elapsed_ms=1.1
[WARN] [1786545739.527522]: 开始进行多边形确认 · 多边形确认失败 · rejected=0 · elapsed_ms=1.6
[WARN] [1786545739.678314]: 开始进行多边形确认 · 多边形确认失败 · rejected=0 · elapsed_ms=1.5
[WARN] [1786545739.919118]: 开始进行多边形确认 · 多边形确认失败 · rejected=0 · elapsed_ms=1.3
[WARN] [1786545740.039472]: 开始进行多边形确认 · 多边形确认失败 · rejected=0 · elapsed_ms=1.3
[WARN] [1786545740.166635]: 开始进行多边形确认 · 多边形确认失败 · rejected=0 · elapsed_ms=1.4
[WARN] [1786545740.292459]: 开始进行多边形确认 · 多边形确认失败 · rejected=0 · elapsed_ms=1.1
[WARN] [1786545740.417534]: 开始进行多边形确认 · 多边形确认失败 · rejected=0 · elapsed_ms=1.4
[WARN] [1786545740.675277]: 开始进行多边形确认 · 多边形确认失败 · rejected=0 · elapsed_ms=2.5
[WARN] [1786545740.821658]: 开始进行多边形确认 · 多边形确认失败 · rejected=0 · elapsed_ms=1.6
[WARN] [1786545740.912355]: 开始进行多边形确认 · 多边形确认失败 · rejected=0 · elapsed_ms=1.6
[WARN] [1786545741.033437]: 开始进行多边形确认 · 多边形确认失败 · rejected=0 · elapsed_ms=1.4
[WARN] [1786545741.162076]: 开始进行多边形确认 · 多边形确认失败 · rejected=0 · elapsed_ms=1.4
[WARN] [1786545741.284106]: 开始进行多边形确认 · 多边形确认失败 · rejected=0 · elapsed_ms=1.3
[WARN] [1786545741.410561]: 开始进行多边形确认 · 多边形确认失败 · rejected=0 · elapsed_ms=1.5
[WARN] [1786545741.531776]: 开始进行多边形确认 · 多边形确认失败 · rejected=0 · elapsed_ms=1.7
[WARN] [1786545741.676358]: 开始进行多边形确认 · 多边形确认失败 · rejected=0 · elapsed_ms=1.5
[WARN] [1786545741.823884]: 开始进行多边形确认 · 多边形确认失败 · rejected=0 · elapsed_ms=19.7
[WARN] [1786545741.920141]: 开始进行多边形确认 · 多边形确认失败 · rejected=0 · elapsed_ms=1.7
[WARN] [1786545742.043718]: 开始进行多边形确认 · 多边形确认失败 · rejected=0 · elapsed_ms=1.7
[WARN] [1786545742.168212]: 开始进行多边形确认 · 多边形确认失败 · rejected=0 · elapsed_ms=1.4
[WARN] [1786545742.297688]: 开始进行多边形确认 · 多边形确认失败 · rejected=0 · elapsed_ms=1.5
[WARN] [1786545742.420120]: 开始进行多边形确认 · 多边形确认失败 · rejected=0 · elapsed_ms=1.4
[WARN] [1786545742.546204]: 开始进行多边形确认 · 多边形确认失败 · rejected=0 · elapsed_ms=1.2
[WARN] [1786545742.672402]: 开始进行多边形确认 · 多边形确认失败 · rejected=0 · elapsed_ms=1.5
[WARN] [1786545742.785494]: 开始进行多边形确认 · 多边形确认失败 · rejected=0 · elapsed_ms=1.9
[WARN] [1786545742.930451]: 开始进行多边形确认 · 多边形确认失败 · rejected=0 · elapsed_ms=1.4
[INFO] [1786545732.898908]: 开始进行多边形确认 · detections=1
[INFO] [1786545733.021797]: 开始进行多边形确认 · detections=1
[INFO] [1786545733.279061]: 开始进行多边形确认 · detections=1
[INFO] [1786545733.433176]: 开始进行多边形确认 · detections=1
[INFO] [1786545733.522456]: 开始进行多边形确认 · detections=1
[INFO] [1786545733.634940]: 开始进行多边形确认 · detections=1
[INFO] [1786545733.770202]: 开始进行多边形确认 · detections=1
[INFO] [1786545733.898649]: 开始进行多边形确认 · detections=1
[INFO] [1786545734.015749]: 开始进行多边形确认 · detections=1
[INFO] [1786545734.142669]: 开始进行多边形确认 · detections=1
[INFO] [1786545734.266706]: 开始进行多边形确认 · detections=1
[INFO] [1786545734.423817]: 开始进行多边形确认 · detections=1
[INFO] [1786545734.546362]: 开始进行多边形确认 · detections=1
[INFO] [1786545734.651659]: 开始进行多边形确认 · detections=1
[INFO] [1786545734.775654]: 开始进行多边形确认 · detections=1
[INFO] [1786545734.902955]: 开始进行多边形确认 · detections=1
[INFO] [1786545735.030345]: 开始进行多边形确认 · detections=1
[INFO] [1786545735.155253]: 开始进行多边形确认 · detections=1
[INFO] [1786545735.276828]: 开始进行多边形确认 · detections=1
[INFO] [1786545735.406310]: 开始进行多边形确认 · detections=1
[INFO] [1786545735.552840]: 开始进行多边形确认 · detections=1
[INFO] [1786545735.629509]: 开始进行多边形确认 · detections=1
[INFO] [1786545735.770201]: RGB-D vision status: model_ready:onnxruntime targets:0 centers:0 tf:0 rejected:0 merged:0 semantic_masks:0
[INFO] [1786545735.904670]: 开始进行多边形确认 · detections=1
[INFO] [1786545736.024242]: 开始进行多边形确认 · detections=1
[INFO] [1786545736.147560]: 开始进行多边形确认 · detections=1
[INFO] [1786545736.277525]: 开始进行多边形确认 · detections=1
[INFO] [1786545736.402147]: 开始进行多边形确认 · detections=1
[INFO] [1786545736.556841]: 开始进行多边形确认 · detections=1
[INFO] [1786545736.656252]: 开始进行多边形确认 · detections=1
[INFO] [1786545736.763874]: 开始进行多边形确认 · detections=1
[INFO] [1786545736.891570]: 开始进行多边形确认 · detections=1
[INFO] [1786545737.009552]: 开始进行多边形确认 · detections=1
[INFO] [1786545737.138899]: 开始进行多边形确认 · detections=1
[INFO] [1786545737.260564]: 开始进行多边形确认 · detections=1
[INFO] [1786545737.388760]: 开始进行多边形确认 · detections=1
[INFO] [1786545737.576206]: 开始进行多边形确认 · detections=1
[INFO] [1786545737.632487]: 开始进行多边形确认 · detections=1
[INFO] [1786545737.774741]: 开始进行多边形确认 · detections=1
[INFO] [1786545737.897082]: 开始进行多边形确认 · detections=1
[INFO] [1786545738.019511]: 开始进行多边形确认 · detections=1
[INFO] [1786545738.144063]: 开始进行多边形确认 · detections=1
[INFO] [1786545738.271001]: 开始进行多边形确认 · detections=1
[INFO] [1786545738.397613]: 开始进行多边形确认 · detections=1
[INFO] [1786545738.676681]: 开始进行多边形确认 · detections=1
[INFO] [1786545738.778430]: 开始进行多边形确认 · detections=1
[INFO] [1786545739.025949]: 开始进行多边形确认 · detections=1
[INFO] [1786545739.159411]: 开始进行多边形确认 · detections=1
[INFO] [1786545739.400800]: 开始进行多边形确认 · detections=1
[INFO] [1786545739.526032]: 开始进行多边形确认 · detections=1
[INFO] [1786545739.676903]: 开始进行多边形确认 · detections=1
[INFO] [1786545739.917857]: 开始进行多边形确认 · detections=1
[INFO] [1786545740.038237]: 开始进行多边形确认 · detections=1
[INFO] [1786545740.165355]: 开始进行多边形确认 · detections=1
[INFO] [1786545740.291395]: 开始进行多边形确认 · detections=1
[INFO] [1786545740.416261]: 开始进行多边形确认 · detections=1
[INFO] [1786545740.672828]: 开始进行多边形确认 · detections=1
[INFO] [1786545740.820107]: 开始进行多边形确认 · detections=1
[INFO] [1786545740.910791]: 开始进行多边形确认 · detections=1
[INFO] [1786545741.032178]: 开始进行多边形确认 · detections=1
[INFO] [1786545741.160708]: 开始进行多边形确认 · detections=1
[INFO] [1786545741.282915]: 开始进行多边形确认 · detections=1
[INFO] [1786545741.409104]: 开始进行多边形确认 · detections=1
[INFO] [1786545741.530130]: 开始进行多边形确认 · detections=1
[INFO] [1786545741.674969]: 开始进行多边形确认 · detections=1
[INFO] [1786545741.804132]: 开始进行多边形确认 · detections=1
[INFO] [1786545741.918528]: 开始进行多边形确认 · detections=1
[INFO] [1786545742.042128]: 开始进行多边形确认 · detections=1
[INFO] [1786545742.166876]: 开始进行多边形确认 · detections=1
[INFO] [1786545742.296262]: 开始进行多边形确认 · detections=1
[INFO] [1786545742.418753]: 开始进行多边形确认 · detections=1
[INFO] [1786545742.545040]: 开始进行多边形确认 · detections=1
[INFO] [1786545742.670956]: 开始进行多边形确认 · detections=1
[INFO] [1786545742.783599]: 开始进行多边形确认 · detections=1
[INFO] [1786545742.929060]: 开始进行多边形确认 · detections=1
[INFO] [1786545743.055229]: 开始进行多边形确认 · detections=1
[INFO] [1786545743.184983]: 开始进行多边形确认 · detections=1
[INFO] [1786545743.301065]: 开始进行多边形确认 · detections=1
[INFO] [1786545743.421716]: RGB-D vision status: model_ready:onnxruntime targets:0 centers:0 tf:0 rejected:0 merged:0 semantic_masks:0
[INFO] [1786545743.539212]: 开始进行多边形确认 · detections=1
[INFO] [1786545743.674749]: 开始进行多边形确认 · detections=1
[INFO] [1786545743.800969]: 开始进行多边形确认 · detections=1
[INFO] [1786545743.937693]: 开始进行多边形确认 · detections=1
[INFO] [1786545744.175626]: 开始进行多边形确认 · detections=1
[INFO] [1786545744.276377]: 开始进行多边形确认 · detections=1
[INFO] [1786545744.419659]: 开始进行多边形确认 · detections=1
[INFO] [1786545744.669509]: 开始进行多边形确认 · detections=1
[INFO] [1786545744.794657]: 开始进行多边形确认 · detections=1
[INFO] [1786545744.916015]: 开始进行多边形确认 · detections=1
[INFO] [1786545745.068781]: 开始进行多边形确认 · detections=1
[INFO] [1786545745.171935]: 开始进行多边形确认 · detections=1
[INFO] [1786545745.293717]: 开始进行多边形确认 · detections=1
[INFO] [1786545745.418989]: 开始进行多边形确认 · detections=1
[INFO] [1786545745.536751]: 开始进行多边形确认 · detections=1
[INFO] [1786545745.667458]: 开始进行多边形确认 · detections=1
[INFO] [1786545745.793272]: 开始进行多边形确认 · detections=1
[INFO] [1786545745.919342]: 开始进行多边形确认 · detections=1
[INFO] [1786545746.037441]: 开始进行多边形确认 · detections=1
[INFO] [1786545746.183982]: 开始进行多边形确认 · detections=1
[INFO] [1786545746.289284]: 开始进行多边形确认 · detections=1
[INFO] [1786545746.419896]: 开始进行多边形确认 · detections=1
[INFO] [1786545746.537841]: 开始进行多边形确认 · detections=1
[INFO] [1786545746.667742]: 开始进行多边形确认 · detections=1
[INFO] [1786545746.793338]: 开始进行多边形确认 · detections=1
[INFO] [1786545746.909568]: 开始进行多边形确认 · detections=1
[INFO] [1786545747.037063]: 开始进行多边形确认 · detections=1
[INFO] [1786545747.330972]: 开始进行多边形确认 · detections=1
[INFO] [1786545747.423698]: 开始进行多边形确认 · detections=1
[INFO] [1786545747.567057]: 开始进行多边形确认 · detections=1
[INFO] [1786545747.692756]: 开始进行多边形确认 · detections=1
[INFO] [1786545747.820284]: 开始进行多边形确认 · detections=1
[INFO] [1786545747.948233]: 开始进行多边形确认 · detections=1
[WARN] [1786545743.058040]: 开始进行多边形确认 · 多边形确认失败 · rejected=0 · elapsed_ms=2.9
[WARN] [1786545743.186711]: 开始进行多边形确认 · 多边形确认失败 · rejected=0 · elapsed_ms=1.8
[WARN] [1786545743.302057]: 开始进行多边形确认 · 多边形确认失败 · rejected=0 · elapsed_ms=1.1
[WARN] [1786545743.540382]: 开始进行多边形确认 · 多边形确认失败 · rejected=0 · elapsed_ms=1.2
[WARN] [1786545743.675986]: 开始进行多边形确认 · 多边形确认失败 · rejected=0 · elapsed_ms=1.3
[WARN] [1786545743.802553]: 开始进行多边形确认 · 多边形确认失败 · rejected=0 · elapsed_ms=1.6
[WARN] [1786545743.939232]: 开始进行多边形确认 · 多边形确认失败 · rejected=0 · elapsed_ms=1.6
[WARN] [1786545744.176869]: 开始进行多边形确认 · 多边形确认失败 · rejected=0 · elapsed_ms=1.3
[WARN] [1786545744.277874]: 开始进行多边形确认 · 多边形确认失败 · rejected=0 · elapsed_ms=1.5
[WARN] [1786545744.421035]: 开始进行多边形确认 · 多边形确认失败 · rejected=0 · elapsed_ms=1.5
[WARN] [1786545744.671034]: 开始进行多边形确认 · 多边形确认失败 · rejected=0 · elapsed_ms=1.6
[WARN] [1786545744.796085]: 开始进行多边形确认 · 多边形确认失败 · rejected=0 · elapsed_ms=1.5
[WARN] [1786545744.917109]: 开始进行多边形确认 · 多边形确认失败 · rejected=0 · elapsed_ms=1.1
[WARN] [1786545745.070289]: 开始进行多边形确认 · 多边形确认失败 · rejected=0 · elapsed_ms=1.6
[WARN] [1786545745.173141]: 开始进行多边形确认 · 多边形确认失败 · rejected=0 · elapsed_ms=1.3
[WARN] [1786545745.295176]: 开始进行多边形确认 · 多边形确认失败 · rejected=0 · elapsed_ms=1.5
[WARN] [1786545745.420616]: 开始进行多边形确认 · 多边形确认失败 · rejected=0 · elapsed_ms=1.7
[WARN] [1786545745.537920]: 开始进行多边形确认 · 多边形确认失败 · rejected=0 · elapsed_ms=1.2
[WARN] [1786545745.668813]: 开始进行多边形确认 · 多边形确认失败 · rejected=0 · elapsed_ms=1.4
[WARN] [1786545745.795717]: 开始进行多边形确认 · 多边形确认失败 · rejected=0 · elapsed_ms=2.5
[WARN] [1786545745.921701]: 开始进行多边形确认 · 多边形确认失败 · rejected=0 · elapsed_ms=2.4
[WARN] [1786545746.039024]: 开始进行多边形确认 · 多边形确认失败 · rejected=0 · elapsed_ms=1.6
[WARN] [1786545746.185361]: 开始进行多边形确认 · 多边形确认失败 · rejected=0 · elapsed_ms=1.4
[WARN] [1786545746.290360]: 开始进行多边形确认 · 多边形确认失败 · rejected=0 · elapsed_ms=1.1
[WARN] [1786545746.421031]: 开始进行多边形确认 · 多边形确认失败 · rejected=0 · elapsed_ms=1.2
[WARN] [1786545746.539043]: 开始进行多边形确认 · 多边形确认失败 · rejected=0 · elapsed_ms=1.3
[WARN] [1786545746.668946]: 开始进行多边形确认 · 多边形确认失败 · rejected=0 · elapsed_ms=1.3
[WARN] [1786545746.794284]: 开始进行多边形确认 · 多边形确认失败 · rejected=0 · elapsed_ms=1.0
[WARN] [1786545746.910672]: 开始进行多边形确认 · 多边形确认失败 · rejected=0 · elapsed_ms=1.2
[WARN] [1786545747.038330]: 开始进行多边形确认 · 多边形确认失败 · rejected=0 · elapsed_ms=1.3
[WARN] [1786545747.332320]: 开始进行多边形确认 · 多边形确认失败 · rejected=0 · elapsed_ms=1.4
[WARN] [1786545747.425057]: 开始进行多边形确认 · 多边形确认失败 · rejected=0 · elapsed_ms=1.4
[WARN] [1786545747.568627]: 开始进行多边形确认 · 多边形确认失败 · rejected=0 · elapsed_ms=1.7
[WARN] [1786545747.694235]: 开始进行多边形确认 · 多边形确认失败 · rejected=0 · elapsed_ms=1.6
[WARN] [1786545747.821699]: 开始进行多边形确认 · 多边形确认失败 · rejected=0 · elapsed_ms=1.5
[WARN] [1786545747.949603]: 开始进行多边形确认 · 多边形确认失败 · rejected=0 · elapsed_ms=1.5
[WARN] [1786545748.342325]: 开始进行多边形确认 · 多边形确认失败 · rejected=0 · elapsed_ms=1.3
[WARN] [1786545748.440982]: 开始进行多边形确认 · 多边形确认失败 · rejected=0 · elapsed_ms=1.6
[WARN] [1786545748.548695]: 开始进行多边形确认 · 多边形确认失败 · rejected=0 · elapsed_ms=1.2
[WARN] [1786545748.674618]: 开始进行多边形确认 · 多边形确认失败 · rejected=0 · elapsed_ms=1.6
[WARN] [1786545748.814191]: 开始进行多边形确认 · 多边形确认失败 · rejected=0 · elapsed_ms=1.4
[WARN] [1786545748.939923]: 开始进行多边形确认 · 多边形确认失败 · rejected=0 · elapsed_ms=1.6
[WARN] [1786545749.066395]: 开始进行多边形确认 · 多边形确认失败 · rejected=0 · elapsed_ms=1.7
[WARN] [1786545749.184917]: 开始进行多边形确认 · 多边形确认失败 · rejected=0 · elapsed_ms=1.4
[WARN] [1786545749.431582]: 开始进行多边形确认 · 多边形确认失败 · rejected=0 · elapsed_ms=1.4
[WARN] [1786545749.549716]: 开始进行多边形确认 · 多边形确认失败 · rejected=0 · elapsed_ms=1.5
[WARN] [1786545749.678077]: 开始进行多边形确认 · 多边形确认失败 · rejected=0 · elapsed_ms=1.4
[WARN] [1786545749.803542]: 开始进行多边形确认 · 多边形确认失败 · rejected=0 · elapsed_ms=1.6
[WARN] [1786545749.928470]: 开始进行多边形确认 · 多边形确认失败 · rejected=0 · elapsed_ms=1.7
[WARN] [1786545750.057549]: 开始进行多边形确认 · 多边形确认失败 · rejected=0 · elapsed_ms=1.4
[WARN] [1786545750.177505]: 开始进行多边形确认 · 多边形确认失败 · rejected=0 · elapsed_ms=1.3
[WARN] [1786545750.308407]: 开始进行多边形确认 · 多边形确认失败 · rejected=0 · elapsed_ms=1.1
[WARN] [1786545750.437777]: 开始进行多边形确认 · 多边形确认失败 · rejected=0 · elapsed_ms=1.4
[WARN] [1786545750.553197]: 开始进行多边形确认 · 多边形确认失败 · rejected=0 · elapsed_ms=1.2
[WARN] [1786545750.684521]: 开始进行多边形确认 · 多边形确认失败 · rejected=0 · elapsed_ms=1.1
[WARN] [1786545750.822534]: 开始进行多边形确认 · 多边形确认失败 · rejected=0 · elapsed_ms=1.6
[WARN] [1786545750.956103]: 开始进行多边形确认 · 多边形确认失败 · rejected=0 · elapsed_ms=1.7
[WARN] [1786545751.076879]: 开始进行多边形确认 · 多边形确认失败 · rejected=0 · elapsed_ms=1.5
[WARN] [1786545751.202789]: 开始进行多边形确认 · 多边形确认失败 · rejected=0 · elapsed_ms=1.3
[WARN] [1786545751.317620]: 开始进行多边形确认 · 多边形确认失败 · rejected=0 · elapsed_ms=1.4
[WARN] [1786545751.468448]: 开始进行多边形确认 · 多边形确认失败 · rejected=0 · elapsed_ms=4.8
[WARN] [1786545751.568057]: 开始进行多边形确认 · 多边形确认失败 · rejected=0 · elapsed_ms=1.4
[WARN] [1786545751.701800]: 开始进行多边形确认 · 多边形确认失败 · rejected=0 · elapsed_ms=1.6
[WARN] [1786545751.806402]: 开始进行多边形确认 · 多边形确认失败 · rejected=0 · elapsed_ms=1.4
[WARN] [1786545751.954293]: 开始进行多边形确认 · 多边形确认失败 · rejected=0 · elapsed_ms=19.7
[WARN] [1786545752.070937]: 开始进行多边形确认 · 多边形确认失败 · rejected=0 · elapsed_ms=1.4
[WARN] [1786545752.196784]: 开始进行多边形确认 · 多边形确认失败 · rejected=0 · elapsed_ms=1.3
[WARN] [1786545752.309278]: 开始进行多边形确认 · 多边形确认失败 · rejected=0 · elapsed_ms=1.3
[WARN] [1786545752.434771]: 开始进行多边形确认 · 多边形确认失败 · rejected=0 · elapsed_ms=1.2
[WARN] [1786545752.583648]: 开始进行多边形确认 · 多边形确认失败 · rejected=0 · elapsed_ms=1.7
[WARN] [1786545752.678916]: 开始进行多边形确认 · 多边形确认失败 · rejected=0 · elapsed_ms=1.2
[WARN] [1786545752.810510]: 开始进行多边形确认 · 多边形确认失败 · rejected=0 · elapsed_ms=1.2
[INFO] [1786545748.341058]: 开始进行多边形确认 · detections=1
[INFO] [1786545748.439411]: 开始进行多边形确认 · detections=1
[INFO] [1786545748.547544]: 开始进行多边形确认 · detections=1
[INFO] [1786545748.673090]: 开始进行多边形确认 · detections=1
[INFO] [1786545748.812855]: 开始进行多边形确认 · detections=1
[INFO] [1786545748.938447]: 开始进行多边形确认 · detections=1
[INFO] [1786545749.064800]: 开始进行多边形确认 · detections=1
[INFO] [1786545749.183607]: 开始进行多边形确认 · detections=1
[INFO] [1786545749.354273]: RGB-D vision status: model_ready:onnxruntime targets:0 centers:0 tf:0 rejected:0 merged:0 semantic_masks:0
[INFO] [1786545749.430297]: 开始进行多边形确认 · detections=1
[INFO] [1786545749.548292]: 开始进行多边形确认 · detections=1
[INFO] [1786545749.676772]: 开始进行多边形确认 · detections=1
[INFO] [1786545749.802029]: 开始进行多边形确认 · detections=1
[INFO] [1786545749.926862]: 开始进行多边形确认 · detections=1
[INFO] [1786545750.056221]: 开始进行多边形确认 · detections=1
[INFO] [1786545750.176277]: 开始进行多边形确认 · detections=1
[INFO] [1786545750.307353]: 开始进行多边形确认 · detections=1
[INFO] [1786545750.436465]: 开始进行多边形确认 · detections=1
[INFO] [1786545750.552016]: 开始进行多边形确认 · detections=1
[INFO] [1786545750.683480]: 开始进行多边形确认 · detections=1
[INFO] [1786545750.820950]: 开始进行多边形确认 · detections=1
[INFO] [1786545750.954476]: 开始进行多边形确认 · detections=1
[INFO] [1786545751.075509]: 开始进行多边形确认 · detections=1
[INFO] [1786545751.201577]: 开始进行多边形确认 · detections=1
[INFO] [1786545751.316331]: 开始进行多边形确认 · detections=1
[INFO] [1786545751.463732]: 开始进行多边形确认 · detections=1
[INFO] [1786545751.566669]: 开始进行多边形确认 · detections=1
[INFO] [1786545751.700217]: 开始进行多边形确认 · detections=1
[INFO] [1786545751.805028]: 开始进行多边形确认 · detections=1
[INFO] [1786545751.934589]: 开始进行多边形确认 · detections=1
[INFO] [1786545752.069601]: 开始进行多边形确认 · detections=1
[INFO] [1786545752.195586]: 开始进行多边形确认 · detections=1
[INFO] [1786545752.308066]: 开始进行多边形确认 · detections=1
[INFO] [1786545752.433666]: 开始进行多边形确认 · detections=1
[INFO] [1786545752.582031]: 开始进行多边形确认 · detections=1
[INFO] [1786545752.677761]: 开始进行多边形确认 · detections=1
[INFO] [1786545752.809391]: 开始进行多边形确认 · detections=1
[INFO] [1786545752.939842]: 开始进行多边形确认 · detections=1
[INFO] [1786545753.208031]: 开始进行多边形确认 · detections=1
[INFO] [1786545753.328550]: 开始进行多边形确认 · detections=1
[INFO] [1786545753.434379]: 开始进行多边形确认 · detections=1
[INFO] [1786545753.710814]: 开始进行多边形确认 · detections=1
[INFO] [1786545753.832368]: 开始进行多边形确认 · detections=1
[INFO] [1786545753.958487]: 开始进行多边形确认 · detections=1
[INFO] [1786545754.082094]: 开始进行多边形确认 · detections=1
[INFO] [1786545754.207963]: 开始进行多边形确认 · detections=1
[INFO] [1786545754.330149]: 开始进行多边形确认 · detections=1
[INFO] [1786545754.458502]: 开始进行多边形确认 · detections=1
[INFO] [1786545754.574267]: 开始进行多边形确认 · detections=1
[INFO] [1786545754.715860]: RGB-D vision status: model_ready:onnxruntime targets:0 centers:0 tf:0 rejected:0 merged:0 semantic_masks:0
[INFO] [1786545754.827430]: 开始进行多边形确认 · detections=1
[INFO] [1786545755.077362]: 开始进行多边形确认 · detections=1
[INFO] [1786545755.210858]: 开始进行多边形确认 · detections=1
[INFO] [1786545755.324252]: 开始进行多边形确认 · detections=1
[INFO] [1786545755.450722]: 开始进行多边形确认 · detections=1
[INFO] [1786545755.577971]: 开始进行多边形确认 · detections=1
[INFO] [1786545755.749761]: 开始进行多边形确认 · detections=1
[INFO] [1786545755.842346]: 开始进行多边形确认 · detections=1
[INFO] [1786545755.964171]: 开始进行多边形确认 · detections=1
[INFO] [1786545756.087559]: 开始进行多边形确认 · detections=1
[INFO] [1786545756.220409]: 开始进行多边形确认 · detections=1
[INFO] [1786545756.468263]: 开始进行多边形确认 · detections=1
[INFO] [1786545756.591977]: 开始进行多边形确认 · detections=1
[INFO] [1786545756.719353]: 开始进行多边形确认 · detections=1
[INFO] [1786545756.974645]: 开始进行多边形确认 · detections=1
[INFO] [1786545757.084020]: 开始进行多边形确认 · detections=1
[INFO] [1786545757.213048]: 开始进行多边形确认 · detections=1
[INFO] [1786545757.327704]: 开始进行多边形确认 · detections=1
[INFO] [1786545757.453018]: 开始进行多边形确认 · detections=1
[INFO] [1786545757.602113]: 开始进行多边形确认 · detections=1
[INFO] [1786545757.713424]: 开始进行多边形确认 · detections=1
[INFO] [1786545757.876750]: 开始进行多边形确认 · detections=1
[INFO] [1786545757.945524]: 开始进行多边形确认 · detections=1
[INFO] [1786545758.071673]: 开始进行多边形确认 · detections=1
[INFO] [1786545758.199215]: 开始进行多边形确认 · detections=1
[INFO] [1786545758.465325]: 开始进行多边形确认 · detections=1
[INFO] [1786545758.836195]: 开始进行多边形确认 · detections=1
[INFO] [1786545758.980903]: 开始进行多边形确认 · detections=1
[INFO] [1786545759.092178]: 开始进行多边形确认 · detections=1
[INFO] [1786545759.214567]: 开始进行多边形确认 · detections=1
[INFO] [1786545759.339627]: 开始进行多边形确认 · detections=1
[INFO] [1786545759.453477]: 开始进行多边形确认 · detections=1
[INFO] [1786545759.578183]: 开始进行多边形确认 · detections=1
[INFO] [1786545759.708005]: 开始进行多边形确认 · detections=1
[INFO] [1786545759.834976]: 开始进行多边形确认 · detections=1
[INFO] [1786545760.011789]: 开始进行多边形确认 · detections=1
[INFO] [1786545760.085257]: 开始进行多边形确认 · detections=1
[INFO] [1786545760.210294]: 开始进行多边形确认 · detections=1
[INFO] [1786545760.336296]: 开始进行多边形确认 · detections=1
[INFO] [1786545760.461611]: 开始进行多边形确认 · detections=1
[INFO] [1786545760.589682]: 开始进行多边形确认 · detections=1
[INFO] [1786545760.717003]: RGB-D vision status: model_ready:onnxruntime targets:0 centers:0 tf:0 rejected:0 merged:0 semantic_masks:0
[INFO] [1786545760.840266]: 开始进行多边形确认 · detections=1
[INFO] [1786545760.974403]: 开始进行多边形确认 · detections=1
[INFO] [1786545761.107289]: 开始进行多边形确认 · detections=1
[INFO] [1786545761.223107]: 开始进行多边形确认 · detections=1
[INFO] [1786545761.343176]: 开始进行多边形确认 · detections=1
[INFO] [1786545761.470227]: 开始进行多边形确认 · detections=1
[INFO] [1786545761.593514]: 开始进行多边形确认 · detections=1
[INFO] [1786545761.723931]: 开始进行多边形确认 · detections=1
[INFO] [1786545761.848269]: 开始进行多边形确认 · detections=1
[INFO] [1786545761.979243]: 开始进行多边形确认 · detections=1
[INFO] [1786545762.125098]: 开始进行多边形确认 · detections=1
[INFO] [1786545762.229134]: 开始进行多边形确认 · detections=1
[INFO] [1786545762.346826]: 开始进行多边形确认 · detections=1
[INFO] [1786545762.474801]: 开始进行多边形确认 · detections=1
[INFO] [1786545762.605356]: 开始进行多边形确认 · detections=1
[INFO] [1786545762.731666]: 开始进行多边形确认 · detections=1
[INFO] [1786545762.855821]: 开始进行多边形确认 · detections=1
[INFO] [1786545762.996589]: 开始进行多边形确认 · detections=1
[INFO] [1786545763.106799]: 开始进行多边形确认 · detections=1
[WARN] [1786545752.941127]: 开始进行多边形确认 · 多边形确认失败 · rejected=0 · elapsed_ms=1.3
[WARN] [1786545753.209605]: 开始进行多边形确认 · 多边形确认失败 · rejected=0 · elapsed_ms=1.6
[WARN] [1786545753.330133]: 开始进行多边形确认 · 多边形确认失败 · rejected=0 · elapsed_ms=1.6
[WARN] [1786545753.435658]: 开始进行多边形确认 · 多边形确认失败 · rejected=0 · elapsed_ms=1.3
[WARN] [1786545753.712117]: 开始进行多边形确认 · 多边形确认失败 · rejected=0 · elapsed_ms=1.4
[WARN] [1786545753.833776]: 开始进行多边形确认 · 多边形确认失败 · rejected=0 · elapsed_ms=1.5
[WARN] [1786545753.960016]: 开始进行多边形确认 · 多边形确认失败 · rejected=0 · elapsed_ms=1.6
[WARN] [1786545754.083553]: 开始进行多边形确认 · 多边形确认失败 · rejected=0 · elapsed_ms=1.5
[WARN] [1786545754.209499]: 开始进行多边形确认 · 多边形确认失败 · rejected=0 · elapsed_ms=1.6
[WARN] [1786545754.331654]: 开始进行多边形确认 · 多边形确认失败 · rejected=0 · elapsed_ms=1.6
[WARN] [1786545754.460538]: 开始进行多边形确认 · 多边形确认失败 · rejected=0 · elapsed_ms=2.1
[WARN] [1786545754.575387]: 开始进行多边形确认 · 多边形确认失败 · rejected=0 · elapsed_ms=1.2
[WARN] [1786545754.828781]: 开始进行多边形确认 · 多边形确认失败 · rejected=0 · elapsed_ms=1.4
[WARN] [1786545755.078575]: 开始进行多边形确认 · 多边形确认失败 · rejected=0 · elapsed_ms=1.3
[WARN] [1786545755.212128]: 开始进行多边形确认 · 多边形确认失败 · rejected=0 · elapsed_ms=1.3
[WARN] [1786545755.325625]: 开始进行多边形确认 · 多边形确认失败 · rejected=0 · elapsed_ms=1.4
[WARN] [1786545755.452148]: 开始进行多边形确认 · 多边形确认失败 · rejected=0 · elapsed_ms=1.5
[WARN] [1786545755.579201]: 开始进行多边形确认 · 多边形确认失败 · rejected=0 · elapsed_ms=1.3
[WARN] [1786545755.751265]: 开始进行多边形确认 · 多边形确认失败 · rejected=0 · elapsed_ms=1.6
[WARN] [1786545755.843699]: 开始进行多边形确认 · 多边形确认失败 · rejected=0 · elapsed_ms=1.4
[WARN] [1786545755.965379]: 开始进行多边形确认 · 多边形确认失败 · rejected=0 · elapsed_ms=1.3
[WARN] [1786545756.088883]: 开始进行多边形确认 · 多边形确认失败 · rejected=0 · elapsed_ms=1.4
[WARN] [1786545756.221746]: 开始进行多边形确认 · 多边形确认失败 · rejected=0 · elapsed_ms=1.4
[WARN] [1786545756.469779]: 开始进行多边形确认 · 多边形确认失败 · rejected=0 · elapsed_ms=1.6
[WARN] [1786545756.593335]: 开始进行多边形确认 · 多边形确认失败 · rejected=0 · elapsed_ms=1.4
[WARN] [1786545756.720876]: 开始进行多边形确认 · 多边形确认失败 · rejected=0 · elapsed_ms=1.6
[WARN] [1786545756.976154]: 开始进行多边形确认 · 多边形确认失败 · rejected=0 · elapsed_ms=1.6
[WARN] [1786545757.085120]: 开始进行多边形确认 · 多边形确认失败 · rejected=0 · elapsed_ms=1.2
[WARN] [1786545757.214181]: 开始进行多边形确认 · 多边形确认失败 · rejected=0 · elapsed_ms=1.2
[WARN] [1786545757.328883]: 开始进行多边形确认 · 多边形确认失败 · rejected=0 · elapsed_ms=1.2
[WARN] [1786545757.454440]: 开始进行多边形确认 · 多边形确认失败 · rejected=0 · elapsed_ms=1.5
[WARN] [1786545757.603176]: 开始进行多边形确认 · 多边形确认失败 · rejected=0 · elapsed_ms=1.1
[WARN] [1786545757.714736]: 开始进行多边形确认 · 多边形确认失败 · rejected=0 · elapsed_ms=1.4
[WARN] [1786545757.878190]: 开始进行多边形确认 · 多边形确认失败 · rejected=0 · elapsed_ms=1.5
[WARN] [1786545757.946769]: 开始进行多边形确认 · 多边形确认失败 · rejected=0 · elapsed_ms=1.3
[WARN] [1786545758.072740]: 开始进行多边形确认 · 多边形确认失败 · rejected=0 · elapsed_ms=1.1
[WARN] [1786545758.200410]: 开始进行多边形确认 · 多边形确认失败 · rejected=0 · elapsed_ms=1.2
[WARN] [1786545758.467015]: 开始进行多边形确认 · 多边形确认失败 · rejected=0 · elapsed_ms=1.8
[WARN] [1786545758.837369]: 开始进行多边形确认 · 多边形确认失败 · rejected=0 · elapsed_ms=1.3
[WARN] [1786545758.981911]: 开始进行多边形确认 · 多边形确认失败 · rejected=0 · elapsed_ms=1.1
[WARN] [1786545759.093249]: 开始进行多边形确认 · 多边形确认失败 · rejected=0 · elapsed_ms=1.1
[WARN] [1786545759.215634]: 开始进行多边形确认 · 多边形确认失败 · rejected=0 · elapsed_ms=1.1
[WARN] [1786545759.340939]: 开始进行多边形确认 · 多边形确认失败 · rejected=0 · elapsed_ms=1.4
[WARN] [1786545759.454780]: 开始进行多边形确认 · 多边形确认失败 · rejected=0 · elapsed_ms=1.4
[WARN] [1786545759.579246]: 开始进行多边形确认 · 多边形确认失败 · rejected=0 · elapsed_ms=1.1
[WARN] [1786545759.709145]: 开始进行多边形确认 · 多边形确认失败 · rejected=0 · elapsed_ms=1.2
[WARN] [1786545759.836079]: 开始进行多边形确认 · 多边形确认失败 · rejected=0 · elapsed_ms=1.2
[WARN] [1786545760.012944]: 开始进行多边形确认 · 多边形确认失败 · rejected=0 · elapsed_ms=1.2
[WARN] [1786545760.086383]: 开始进行多边形确认 · 多边形确认失败 · rejected=0 · elapsed_ms=1.2
[WARN] [1786545760.211473]: 开始进行多边形确认 · 多边形确认失败 · rejected=0 · elapsed_ms=1.2
[WARN] [1786545760.337638]: 开始进行多边形确认 · 多边形确认失败 · rejected=0 · elapsed_ms=1.4
[WARN] [1786545760.463798]: 开始进行多边形确认 · 多边形确认失败 · rejected=0 · elapsed_ms=2.2
[WARN] [1786545760.590809]: 开始进行多边形确认 · 多边形确认失败 · rejected=0 · elapsed_ms=1.2
[WARN] [1786545760.841528]: 开始进行多边形确认 · 多边形确认失败 · rejected=0 · elapsed_ms=1.3
[WARN] [1786545760.975880]: 开始进行多边形确认 · 多边形确认失败 · rejected=0 · elapsed_ms=1.5
[WARN] [1786545761.108778]: 开始进行多边形确认 · 多边形确认失败 · rejected=0 · elapsed_ms=1.6
[WARN] [1786545761.224386]: 开始进行多边形确认 · 多边形确认失败 · rejected=0 · elapsed_ms=1.4
[WARN] [1786545761.344560]: 开始进行多边形确认 · 多边形确认失败 · rejected=0 · elapsed_ms=1.4
[WARN] [1786545761.471575]: 开始进行多边形确认 · 多边形确认失败 · rejected=0 · elapsed_ms=1.4
[WARN] [1786545761.594729]: 开始进行多边形确认 · 多边形确认失败 · rejected=0 · elapsed_ms=1.3
[WARN] [1786545761.724993]: 开始进行多边形确认 · 多边形确认失败 · rejected=0 · elapsed_ms=1.1
[WARN] [1786545761.849487]: 开始进行多边形确认 · 多边形确认失败 · rejected=0 · elapsed_ms=1.3
[WARN] [1786545761.980425]: 开始进行多边形确认 · 多边形确认失败 · rejected=0 · elapsed_ms=1.2
[WARN] [1786545762.126209]: 开始进行多边形确认 · 多边形确认失败 · rejected=0 · elapsed_ms=1.2
[WARN] [1786545762.230260]: 开始进行多边形确认 · 多边形确认失败 · rejected=0 · elapsed_ms=1.2
[WARN] [1786545762.347814]: 开始进行多边形确认 · 多边形确认失败 · rejected=0 · elapsed_ms=1.0
[WARN] [1786545762.475857]: 开始进行多边形确认 · 多边形确认失败 · rejected=0 · elapsed_ms=1.1
[WARN] [1786545762.606582]: 开始进行多边形确认 · 多边形确认失败 · rejected=0 · elapsed_ms=1.3
[WARN] [1786545762.732865]: 开始进行多边形确认 · 多边形确认失败 · rejected=0 · elapsed_ms=1.2
[WARN] [1786545762.856944]: 开始进行多边形确认 · 多边形确认失败 · rejected=0 · elapsed_ms=1.2
[WARN] [1786545762.997874]: 开始进行多边形确认 · 多边形确认失败 · rejected=0 · elapsed_ms=1.4
[WARN] [1786545763.108236]: 开始进行多边形确认 · 多边形确认失败 · rejected=0 · elapsed_ms=1.5
[WARN] [1786545763.248706]: 开始进行多边形确认 · 多边形确认失败 · rejected=0 · elapsed_ms=1.6
[WARN] [1786545763.377451]: 开始进行多边形确认 · 多边形确认失败 · rejected=0 · elapsed_ms=1.5
[WARN] [1786545763.623477]: 开始进行多边形确认 · 多边形确认失败 · rejected=0 · elapsed_ms=1.5
[WARN] [1786545763.736663]: 开始进行多边形确认 · 多边形确认失败 · rejected=0 · elapsed_ms=1.7
[WARN] [1786545763.857840]: 开始进行多边形确认 · 多边形确认失败 · rejected=0 · elapsed_ms=1.4
[WARN] [1786545764.017087]: 开始进行多边形确认 · 多边形确认失败 · rejected=0 · elapsed_ms=1.6
[WARN] [1786545764.141381]: 开始进行多边形确认 · 多边形确认失败 · rejected=0 · elapsed_ms=2.1
[WARN] [1786545764.261645]: 开始进行多边形确认 · 多边形确认失败 · rejected=0 · elapsed_ms=2.3
[WARN] [1786545764.387070]: 开始进行多边形确认 · 多边形确认失败 · rejected=0 · elapsed_ms=1.4
[WARN] [1786545764.490128]: 开始进行多边形确认 · 多边形确认失败 · rejected=0 · elapsed_ms=1.3
[WARN] [1786545764.616402]: 开始进行多边形确认 · 多边形确认失败 · rejected=0 · elapsed_ms=1.5
[WARN] [1786545764.747660]: 开始进行多边形确认 · 多边形确认失败 · rejected=0 · elapsed_ms=1.6
[WARN] [1786545764.878516]: 开始进行多边形确认 · 多边形确认失败 · rejected=0 · elapsed_ms=1.5
[WARN] [1786545764.984121]: 开始进行多边形确认 · 多边形确认失败 · rejected=0 · elapsed_ms=1.1
[WARN] [1786545765.106558]: 开始进行多边形确认 · 多边形确认失败 · rejected=0 · elapsed_ms=1.1
[WARN] [1786545765.230804]: 开始进行多边形确认 · 多边形确认失败 · rejected=0 · elapsed_ms=1.3
[WARN] [1786545765.414974]: 开始进行多边形确认 · 多边形确认失败 · rejected=0 · elapsed_ms=1.8
[WARN] [1786545765.499836]: 开始进行多边形确认 · 多边形确认失败 · rejected=0 · elapsed_ms=1.6
[WARN] [1786545765.736449]: 开始进行多边形确认 · 多边形确认失败 · rejected=0 · elapsed_ms=1.1
[WARN] [1786545765.857490]: 开始进行多边形确认 · 多边形确认失败 · rejected=0 · elapsed_ms=1.3
[WARN] [1786545765.984066]: 开始进行多边形确认 · 多边形确认失败 · rejected=0 · elapsed_ms=1.4
[WARN] [1786545766.121431]: 开始进行多边形确认 · 多边形确认失败 · rejected=0 · elapsed_ms=1.4
[WARN] [1786545766.232333]: 开始进行多边形确认 · 多边形确认失败 · rejected=0 · elapsed_ms=1.3
[WARN] [1786545766.358463]: 开始进行多边形确认 · 多边形确认失败 · rejected=0 · elapsed_ms=1.5
[WARN] [1786545766.619347]: 开始进行多边形确认 · 多边形确认失败 · rejected=0 · elapsed_ms=1.4
[WARN] [1786545766.747680]: 开始进行多边形确认 · 多边形确认失败 · rejected=0 · elapsed_ms=1.5
[WARN] [1786545766.880599]: 开始进行多边形确认 · 多边形确认失败 · rejected=0 · elapsed_ms=1.5
[WARN] [1786545767.007470]: 开始进行多边形确认 · 多边形确认失败 · rejected=0 · elapsed_ms=4.4
[WARN] [1786545767.134139]: 开始进行多边形确认 · 多边形确认失败 · rejected=0 · elapsed_ms=1.4
[WARN] [1786545767.255869]: 开始进行多边形确认 · 多边形确认失败 · rejected=0 · elapsed_ms=1.5
[WARN] [1786545767.393152]: 开始进行多边形确认 · 多边形确认失败 · rejected=0 · elapsed_ms=1.3
[WARN] [1786545767.510141]: 开始进行多边形确认 · 多边形确认失败 · rejected=0 · elapsed_ms=1.3
[WARN] [1786545767.609245]: 开始进行多边形确认 · 多边形确认失败 · rejected=0 · elapsed_ms=1.3
[WARN] [1786545767.746200]: 开始进行多边形确认 · 多边形确认失败 · rejected=0 · elapsed_ms=1.4
[WARN] [1786545767.995748]: 开始进行多边形确认 · 多边形确认失败 · rejected=0 · elapsed_ms=1.4
[WARN] [1786545768.122437]: 开始进行多边形确认 · 多边形确认失败 · rejected=0 · elapsed_ms=1.4
[WARN] [1786545768.249329]: 开始进行多边形确认 · 多边形确认失败 · rejected=0 · elapsed_ms=1.6
[WARN] [1786545768.486944]: 开始进行多边形确认 · 多边形确认失败 · rejected=0 · elapsed_ms=8.4
[WARN] [1786545768.619131]: 开始进行多边形确认 · 多边形确认失败 · rejected=0 · elapsed_ms=1.0
[WARN] [1786545768.722824]: 开始进行多边形确认 · 多边形确认失败 · rejected=0 · elapsed_ms=1.0
[WARN] [1786545768.854865]: 开始进行多边形确认 · 多边形确认失败 · rejected=0 · elapsed_ms=1.3
[WARN] [1786545768.984696]: 开始进行多边形确认 · 多边形确认失败 · rejected=0 · elapsed_ms=1.2
[WARN] [1786545769.127825]: 开始进行多边形确认 · 多边形确认失败 · rejected=0 · elapsed_ms=1.4
[WARN] [1786545769.248800]: 开始进行多边形确认 · 多边形确认失败 · rejected=0 · elapsed_ms=1.2
[WARN] [1786545769.373487]: 开始进行多边形确认 · 多边形确认失败 · rejected=0 · elapsed_ms=1.4
[WARN] [1786545769.521527]: 开始进行多边形确认 · 多边形确认失败 · rejected=0 · elapsed_ms=1.5
[WARN] [1786545769.653968]: 开始进行多边形确认 · 多边形确认失败 · rejected=0 · elapsed_ms=1.5
[WARN] [1786545769.879956]: 开始进行多边形确认 · 多边形确认失败 · rejected=0 · elapsed_ms=1.7
[WARN] [1786545770.117453]: 开始进行多边形确认 · 多边形确认失败 · rejected=0 · elapsed_ms=1.2
[WARN] [1786545770.240479]: 开始进行多边形确认 · 多边形确认失败 · rejected=0 · elapsed_ms=1.2
[WARN] [1786545770.372923]: 开始进行多边形确认 · 多边形确认失败 · rejected=0 · elapsed_ms=1.1
[WARN] [1786545770.711982]: 开始进行多边形确认 · 多边形确认失败 · rejected=0 · elapsed_ms=19.7
[WARN] [1786545770.781557]: 开始进行多边形确认 · 多边形确认失败 · rejected=0 · elapsed_ms=1.4
[WARN] [1786545770.915164]: 开始进行多边形确认 · 多边形确认失败 · rejected=0 · elapsed_ms=1.5
[WARN] [1786545771.039703]: 开始进行多边形确认 · 多边形确认失败 · rejected=0 · elapsed_ms=1.5
[WARN] [1786545771.165157]: 开始进行多边形确认 · 多边形确认失败 · rejected=0 · elapsed_ms=1.3
[WARN] [1786545771.283931]: 开始进行多边形确认 · 多边形确认失败 · rejected=0 · elapsed_ms=1.2
[WARN] [1786545771.417808]: 开始进行多边形确认 · 多边形确认失败 · rejected=0 · elapsed_ms=1.5
[WARN] [1786545771.539902]: 开始进行多边形确认 · 多边形确认失败 · rejected=0 · elapsed_ms=1.7
[WARN] [1786545771.671824]: 开始进行多边形确认 · 多边形确认失败 · rejected=0 · elapsed_ms=1.4
[WARN] [1786545771.797172]: 开始进行多边形确认 · 多边形确认失败 · rejected=0 · elapsed_ms=1.5
[WARN] [1786545771.906987]: 开始进行多边形确认 · 多边形确认失败 · rejected=0 · elapsed_ms=1.6
[WARN] [1786545772.033731]: 开始进行多边形确认 · 多边形确认失败 · rejected=0 · elapsed_ms=1.3
[WARN] [1786545772.156710]: 开始进行多边形确认 · 多边形确认失败 · rejected=0 · elapsed_ms=1.7
[WARN] [1786545772.283072]: 开始进行多边形确认 · 多边形确认失败 · rejected=0 · elapsed_ms=1.5
[WARN] [1786545772.413508]: 开始进行多边形确认 · 多边形确认失败 · rejected=0 · elapsed_ms=1.3
[WARN] [1786545772.541606]: 开始进行多边形确认 · 多边形确认失败 · rejected=0 · elapsed_ms=1.6
[WARN] [1786545772.667294]: 开始进行多边形确认 · 多边形确认失败 · rejected=0 · elapsed_ms=1.7
[WARN] [1786545772.803111]: 开始进行多边形确认 · 多边形确认失败 · rejected=0 · elapsed_ms=1.5
[WARN] [1786545772.913225]: 开始进行多边形确认 · 多边形确认失败 · rejected=0 · elapsed_ms=1.5
[WARN] [1786545773.037646]: 开始进行多边形确认 · 多边形确认失败 · rejected=0 · elapsed_ms=1.4
[WARN] [1786545773.166025]: 开始进行多边形确认 · 多边形确认失败 · rejected=0 · elapsed_ms=1.5
[INFO] [1786545763.247238]: 开始进行多边形确认 · detections=1
[INFO] [1786545763.376050]: 开始进行多边形确认 · detections=1
[INFO] [1786545763.622054]: 开始进行多边形确认 · detections=1
[INFO] [1786545763.735016]: 开始进行多边形确认 · detections=1
[INFO] [1786545763.856457]: 开始进行多边形确认 · detections=1
[INFO] [1786545764.015583]: 开始进行多边形确认 · detections=1
[INFO] [1786545764.139330]: 开始进行多边形确认 · detections=1
[INFO] [1786545764.259466]: 开始进行多边形确认 · detections=1
[INFO] [1786545764.385780]: 开始进行多边形确认 · detections=1
[INFO] [1786545764.488881]: 开始进行多边形确认 · detections=1
[INFO] [1786545764.615009]: 开始进行多边形确认 · detections=1
[INFO] [1786545764.746136]: 开始进行多边形确认 · detections=1
[INFO] [1786545764.877028]: 开始进行多边形确认 · detections=1
[INFO] [1786545764.983044]: 开始进行多边形确认 · detections=1
[INFO] [1786545765.105494]: 开始进行多边形确认 · detections=1
[INFO] [1786545765.229610]: 开始进行多边形确认 · detections=1
[INFO] [1786545765.413226]: 开始进行多边形确认 · detections=1
[INFO] [1786545765.498239]: 开始进行多边形确认 · detections=1
[INFO] [1786545765.735353]: 开始进行多边形确认 · detections=1
[INFO] [1786545765.738635]: RGB-D vision status: model_ready:onnxruntime targets:0 centers:0 tf:0 rejected:0 merged:0 semantic_masks:1
[INFO] [1786545765.856255]: 开始进行多边形确认 · detections=1
[INFO] [1786545765.982718]: 开始进行多边形确认 · detections=1
[INFO] [1786545766.120104]: 开始进行多边形确认 · detections=1
[INFO] [1786545766.231117]: 开始进行多边形确认 · detections=1
[INFO] [1786545766.357048]: 开始进行多边形确认 · detections=1
[INFO] [1786545766.618062]: 开始进行多边形确认 · detections=1
[INFO] [1786545766.746282]: 开始进行多边形确认 · detections=1
[INFO] [1786545766.879171]: 开始进行多边形确认 · detections=1
[INFO] [1786545767.003135]: 开始进行多边形确认 · detections=1
[INFO] [1786545767.132826]: 开始进行多边形确认 · detections=1
[INFO] [1786545767.254488]: 开始进行多边形确认 · detections=1
[INFO] [1786545767.391936]: 开始进行多边形确认 · detections=1
[INFO] [1786545767.508902]: 开始进行多边形确认 · detections=1
[INFO] [1786545767.607989]: 开始进行多边形确认 · detections=1
[INFO] [1786545767.744907]: 开始进行多边形确认 · detections=1
[INFO] [1786545767.994392]: 开始进行多边形确认 · detections=1
[INFO] [1786545768.121134]: 开始进行多边形确认 · detections=1
[INFO] [1786545768.247841]: 开始进行多边形确认 · detections=1
[INFO] [1786545768.478583]: 开始进行多边形确认 · detections=1
[INFO] [1786545768.618178]: 开始进行多边形确认 · detections=1
[INFO] [1786545768.721858]: 开始进行多边形确认 · detections=1
[INFO] [1786545768.853639]: 开始进行多边形确认 · detections=1
[INFO] [1786545768.983532]: 开始进行多边形确认 · detections=1
[INFO] [1786545769.126552]: 开始进行多边形确认 · detections=1
[INFO] [1786545769.247692]: 开始进行多边形确认 · detections=1
[INFO] [1786545769.372125]: 开始进行多边形确认 · detections=1
[INFO] [1786545769.520140]: 开始进行多边形确认 · detections=1
[INFO] [1786545769.652524]: 开始进行多边形确认 · detections=1
[INFO] [1786545769.878341]: 开始进行多边形确认 · detections=1
[INFO] [1786545770.116320]: 开始进行多边形确认 · detections=1
[INFO] [1786545770.239365]: 开始进行多边形确认 · detections=1
[INFO] [1786545770.371893]: 开始进行多边形确认 · detections=1
[INFO] [1786545770.692333]: 开始进行多边形确认 · detections=1
[INFO] [1786545770.780239]: 开始进行多边形确认 · detections=1
[INFO] [1786545770.913742]: 开始进行多边形确认 · detections=1
[INFO] [1786545771.038286]: 开始进行多边形确认 · detections=1
[INFO] [1786545771.163893]: 开始进行多边形确认 · detections=1
[INFO] [1786545771.282801]: 开始进行多边形确认 · detections=1
[INFO] [1786545771.416352]: 开始进行多边形确认 · detections=1
[INFO] [1786545771.538296]: 开始进行多边形确认 · detections=1
[INFO] [1786545771.670546]: 开始进行多边形确认 · detections=1
[INFO] [1786545771.795752]: 开始进行多边形确认 · detections=1
[INFO] [1786545771.905433]: 开始进行多边形确认 · detections=1
[INFO] [1786545772.032552]: 开始进行多边形确认 · detections=1
[INFO] [1786545772.155107]: 开始进行多边形确认 · detections=1
[INFO] [1786545772.281611]: 开始进行多边形确认 · detections=1
[INFO] [1786545772.412276]: 开始进行多边形确认 · detections=1
[INFO] [1786545772.540121]: 开始进行多边形确认 · detections=1
[INFO] [1786545772.665699]: 开始进行多边形确认 · detections=1
[INFO] [1786545772.801684]: 开始进行多边形确认 · detections=1
[INFO] [1786545772.911771]: 开始进行多边形确认 · detections=1
[INFO] [1786545773.036327]: 开始进行多边形确认 · detections=1
[INFO] [1786545773.164663]: 开始进行多边形确认 · detections=1
[INFO] [1786545773.286651]: 开始进行多边形确认 · detections=1
[INFO] [1786545773.409376]: 开始进行多边形确认 · detections=1
[INFO] [1786545773.521052]: 开始进行多边形确认 · detections=1
[INFO] [1786545773.655537]: 开始进行多边形确认 · detections=1
[INFO] [1786545773.801782]: 开始进行多边形确认 · detections=1
[INFO] [1786545773.924847]: 开始进行多边形确认 · detections=1
[INFO] [1786545774.041205]: 开始进行多边形确认 · detections=1
[INFO] [1786545774.148945]: 开始进行多边形确认 · detections=1
[INFO] [1786545774.276357]: RGB-D vision status: model_ready:onnxruntime targets:0 centers:0 tf:0 rejected:0 merged:0 semantic_masks:0
[INFO] [1786545774.526510]: 开始进行多边形确认 · detections=1
[INFO] [1786545774.780610]: 开始进行多边形确认 · detections=1
[INFO] [1786545774.926947]: 开始进行多边形确认 · detections=1
[INFO] [1786545775.025870]: 开始进行多边形确认 · detections=1
[INFO] [1786545775.404989]: 开始进行多边形确认 · detections=1
[INFO] [1786545775.524244]: 开始进行多边形确认 · detections=1
[INFO] [1786545775.650422]: 开始进行多边形确认 · detections=1
[INFO] [1786545775.784498]: 开始进行多边形确认 · detections=1
[INFO] [1786545775.928723]: 开始进行多边形确认 · detections=1
[INFO] [1786545776.276152]: 开始进行多边形确认 · detections=1
[INFO] [1786545776.416125]: 开始进行多边形确认 · detections=1
[INFO] [1786545776.549182]: 开始进行多边形确认 · detections=1
[INFO] [1786545776.670789]: 开始进行多边形确认 · detections=1
[INFO] [1786545777.422050]: 开始进行多边形确认 · detections=1
[INFO] [1786545777.543082]: 开始进行多边形确认 · detections=1
[INFO] [1786545777.809901]: 开始进行多边形确认 · detections=1
[INFO] [1786545777.912396]: 开始进行多边形确认 · detections=1
[INFO] [1786545778.103459]: 开始进行多边形确认 · detections=1
[INFO] [1786545778.167356]: 开始进行多边形确认 · detections=1
[INFO] [1786545778.294919]: 开始进行多边形确认 · detections=1
[INFO] [1786545778.417529]: 开始进行多边形确认 · detections=1
[INFO] [1786545778.544412]: 开始进行多边形确认 · detections=1
[INFO] [1786545778.668853]: 开始进行多边形确认 · detections=1
[INFO] [1786545778.792132]: 开始进行多边形确认 · detections=1
[INFO] [1786545779.049536]: 开始进行多边形确认 · detections=1
[INFO] [1786545779.185775]: 开始进行多边形确认 · detections=1
[INFO] [1786545779.325639]: RGB-D vision status: model_ready:onnxruntime targets:0 centers:0 tf:0 rejected:0 merged:0 semantic_masks:0
[INFO] [1786545779.425768]: 开始进行多边形确认 · detections=1
[INFO] [1786545779.555020]: 开始进行多边形确认 · detections=1
[WARN] [1786545773.287995]: 开始进行多边形确认 · 多边形确认失败 · rejected=0 · elapsed_ms=1.4
[WARN] [1786545773.410751]: 开始进行多边形确认 · 多边形确认失败 · rejected=0 · elapsed_ms=1.5
[WARN] [1786545773.522399]: 开始进行多边形确认 · 多边形确认失败 · rejected=0 · elapsed_ms=1.4
[WARN] [1786545773.656800]: 开始进行多边形确认 · 多边形确认失败 · rejected=0 · elapsed_ms=1.3
[WARN] [1786545773.802990]: 开始进行多边形确认 · 多边形确认失败 · rejected=0 · elapsed_ms=1.3
[WARN] [1786545773.926035]: 开始进行多边形确认 · 多边形确认失败 · rejected=0 · elapsed_ms=1.3
[WARN] [1786545774.042367]: 开始进行多边形确认 · 多边形确认失败 · rejected=0 · elapsed_ms=1.2
[WARN] [1786545774.150308]: 开始进行多边形确认 · 多边形确认失败 · rejected=0 · elapsed_ms=1.4
[WARN] [1786545774.527655]: 开始进行多边形确认 · 多边形确认失败 · rejected=0 · elapsed_ms=1.2
[WARN] [1786545774.781914]: 开始进行多边形确认 · 多边形确认失败 · rejected=0 · elapsed_ms=1.4
[WARN] [1786545774.928197]: 开始进行多边形确认 · 多边形确认失败 · rejected=0 · elapsed_ms=1.3
[WARN] [1786545775.027133]: 开始进行多边形确认 · 多边形确认失败 · rejected=0 · elapsed_ms=1.3
[WARN] [1786545775.406447]: 开始进行多边形确认 · 多边形确认失败 · rejected=0 · elapsed_ms=1.5
[WARN] [1786545775.525481]: 开始进行多边形确认 · 多边形确认失败 · rejected=0 · elapsed_ms=1.3
[WARN] [1786545775.651665]: 开始进行多边形确认 · 多边形确认失败 · rejected=0 · elapsed_ms=1.3
[WARN] [1786545775.799090]: 开始进行多边形确认 · 多边形确认失败 · rejected=0 · elapsed_ms=14.6
[WARN] [1786545775.929964]: 开始进行多边形确认 · 多边形确认失败 · rejected=0 · elapsed_ms=1.3
[WARN] [1786545776.277619]: 开始进行多边形确认 · 多边形确认失败 · rejected=0 · elapsed_ms=1.5
[WARN] [1786545776.417517]: 开始进行多边形确认 · 多边形确认失败 · rejected=0 · elapsed_ms=1.5
[WARN] [1786545776.550652]: 开始进行多边形确认 · 多边形确认失败 · rejected=0 · elapsed_ms=1.6
[WARN] [1786545776.672275]: 开始进行多边形确认 · 多边形确认失败 · rejected=0 · elapsed_ms=1.6
[WARN] [1786545777.423538]: 开始进行多边形确认 · 多边形确认失败 · rejected=0 · elapsed_ms=1.6
[WARN] [1786545777.544367]: 开始进行多边形确认 · 多边形确认失败 · rejected=0 · elapsed_ms=1.4
[WARN] [1786545777.810975]: 开始进行多边形确认 · 多边形确认失败 · rejected=0 · elapsed_ms=1.1
[WARN] [1786545777.913460]: 开始进行多边形确认 · 多边形确认失败 · rejected=0 · elapsed_ms=1.1
[WARN] [1786545778.104721]: 开始进行多边形确认 · 多边形确认失败 · rejected=0 · elapsed_ms=1.3
[WARN] [1786545778.168442]: 开始进行多边形确认 · 多边形确认失败 · rejected=0 · elapsed_ms=1.1
[WARN] [1786545778.295969]: 开始进行多边形确认 · 多边形确认失败 · rejected=0 · elapsed_ms=1.1
[WARN] [1786545778.418824]: 开始进行多边形确认 · 多边形确认失败 · rejected=0 · elapsed_ms=1.4
[WARN] [1786545778.547168]: 开始进行多边形确认 · 多边形确认失败 · rejected=0 · elapsed_ms=2.8
[WARN] [1786545778.669986]: 开始进行多边形确认 · 多边形确认失败 · rejected=0 · elapsed_ms=1.2
[WARN] [1786545778.793250]: 开始进行多边形确认 · 多边形确认失败 · rejected=0 · elapsed_ms=1.2
[WARN] [1786545779.051524]: 开始进行多边形确认 · 多边形确认失败 · rejected=0 · elapsed_ms=2.0
[WARN] [1786545779.187294]: 开始进行多边形确认 · 多边形确认失败 · rejected=0 · elapsed_ms=1.6
[WARN] [1786545779.426929]: 开始进行多边形确认 · 多边形确认失败 · rejected=0 · elapsed_ms=1.2
[WARN] [1786545779.556364]: 开始进行多边形确认 · 多边形确认失败 · rejected=0 · elapsed_ms=1.4
[WARN] [1786545779.829871]: 开始进行多边形确认 · 多边形确认失败 · rejected=0 · elapsed_ms=1.4
[WARN] [1786545780.102527]: 开始进行多边形确认 · 多边形确认失败 · rejected=0 · elapsed_ms=1.5
[WARN] [1786545780.196117]: 开始进行多边形确认 · 多边形确认失败 · rejected=0 · elapsed_ms=1.4
[WARN] [1786545780.554064]: 开始进行多边形确认 · 多边形确认失败 · rejected=0 · elapsed_ms=1.6
[WARN] [1786545780.673509]: 开始进行多边形确认 · 多边形确认失败 · rejected=0 · elapsed_ms=1.7
[WARN] [1786545780.804176]: 开始进行多边形确认 · 多边形确认失败 · rejected=0 · elapsed_ms=1.4
[WARN] [1786545781.036336]: 开始进行多边形确认 · 多边形确认失败 · rejected=0 · elapsed_ms=1.6
[WARN] [1786545781.195276]: 开始进行多边形确认 · 多边形确认失败 · rejected=0 · elapsed_ms=2.6
[WARN] [1786545781.292981]: 开始进行多边形确认 · 多边形确认失败 · rejected=0 · elapsed_ms=1.5
[WARN] [1786545781.414286]: 开始进行多边形确认 · 多边形确认失败 · rejected=0 · elapsed_ms=1.5
[WARN] [1786545781.539493]: 开始进行多边形确认 · 多边形确认失败 · rejected=0 · elapsed_ms=1.6
[WARN] [1786545781.663196]: 开始进行多边形确认 · 多边形确认失败 · rejected=0 · elapsed_ms=1.2
[WARN] [1786545781.915854]: 开始进行多边形确认 · 多边形确认失败 · rejected=0 · elapsed_ms=1.3
[WARN] [1786545782.054385]: 开始进行多边形确认 · 多边形确认失败 · rejected=0 · elapsed_ms=1.2
[WARN] [1786545782.184989]: 开始进行多边形确认 · 多边形确认失败 · rejected=0 · elapsed_ms=2.2
[WARN] [1786545782.337474]: 开始进行多边形确认 · 多边形确认失败 · rejected=0 · elapsed_ms=1.4
[WARN] [1786545782.444855]: 开始进行多边形确认 · 多边形确认失败 · rejected=0 · elapsed_ms=1.4
[WARN] [1786545782.551497]: 开始进行多边形确认 · 多边形确认失败 · rejected=0 · elapsed_ms=1.6
[WARN] [1786545782.823515]: 开始进行多边形确认 · 多边形确认失败 · rejected=0 · elapsed_ms=1.5
[WARN] [1786545783.086956]: 开始进行多边形确认 · 多边形确认失败 · rejected=0 · elapsed_ms=1.4
[WARN] [1786545783.207913]: 开始进行多边形确认 · 多边形确认失败 · rejected=0 · elapsed_ms=1.5
[WARN] [1786545783.391926]: 开始进行多边形确认 · 多边形确认失败 · rejected=0 · elapsed_ms=1.2
[WARN] [1786545783.461728]: 开始进行多边形确认 · 多边形确认失败 · rejected=0 · elapsed_ms=1.2
[WARN] [1786545783.606719]: 开始进行多边形确认 · 多边形确认失败 · rejected=0 · elapsed_ms=1.4
[WARN] [1786545783.728847]: 开始进行多边形确认 · 多边形确认失败 · rejected=0 · elapsed_ms=1.5
[WARN] [1786545783.853173]: 开始进行多边形确认 · 多边形确认失败 · rejected=0 · elapsed_ms=1.5
[WARN] [1786545783.977645]: 开始进行多边形确认 · 多边形确认失败 · rejected=0 · elapsed_ms=1.6
[WARN] [1786545784.085806]: 开始进行多边形确认 · 多边形确认失败 · rejected=0 · elapsed_ms=1.4
[WARN] [1786545784.216831]: 开始进行多边形确认 · 多边形确认失败 · rejected=0 · elapsed_ms=1.6
[WARN] [1786545784.393729]: 开始进行多边形确认 · 多边形确认失败 · rejected=0 · elapsed_ms=1.2
[WARN] [1786545784.464899]: 开始进行多边形确认 · 多边形确认失败 · rejected=0 · elapsed_ms=1.2
[WARN] [1786545784.587726]: 开始进行多边形确认 · 多边形确认失败 · rejected=0 · elapsed_ms=0.9
[WARN] [1786545784.729853]: 开始进行多边形确认 · 多边形确认失败 · rejected=0 · elapsed_ms=1.4
[WARN] [1786545784.858489]: 开始进行多边形确认 · 多边形确认失败 · rejected=0 · elapsed_ms=1.4
[WARN] [1786545784.982363]: 开始进行多边形确认 · 多边形确认失败 · rejected=0 · elapsed_ms=1.2
[WARN] [1786545785.103115]: 开始进行多边形确认 · 多边形确认失败 · rejected=0 · elapsed_ms=1.4
[WARN] [1786545785.230981]: 开始进行多边形确认 · 多边形确认失败 · rejected=0 · elapsed_ms=1.5
[WARN] [1786545785.373155]: 开始进行多边形确认 · 多边形确认失败 · rejected=0 · elapsed_ms=2.6
[WARN] [1786545785.720152]: 开始进行多边形确认 · 多边形确认失败 · rejected=0 · elapsed_ms=1.3
[WARN] [1786545785.849388]: 开始进行多边形确认 · 多边形确认失败 · rejected=0 · elapsed_ms=1.3
[WARN] [1786545785.955676]: 开始进行多边形确认 · 多边形确认失败 · rejected=0 · elapsed_ms=1.2
[WARN] [1786545786.096317]: 开始进行多边形确认 · 多边形确认失败 · rejected=0 · elapsed_ms=1.3
[WARN] [1786545786.226874]: 开始进行多边形确认 · 多边形确认失败 · rejected=0 · elapsed_ms=1.4
[WARN] [1786545786.349117]: 开始进行多边形确认 · 多边形确认失败 · rejected=0 · elapsed_ms=1.6
[WARN] [1786545786.507287]: 开始进行多边形确认 · 多边形确认失败 · rejected=0 · elapsed_ms=1.5
[WARN] [1786545786.602804]: 开始进行多边形确认 · 多边形确认失败 · rejected=0 · elapsed_ms=1.5
[WARN] [1786545786.825233]: 开始进行多边形确认 · 多边形确认失败 · rejected=0 · elapsed_ms=1.4
[WARN] [1786545786.955356]: 开始进行多边形确认 · 多边形确认失败 · rejected=0 · elapsed_ms=1.9
[WARN] [1786545787.342345]: 开始进行多边形确认 · 多边形确认失败 · rejected=0 · elapsed_ms=1.1
[WARN] [1786545787.597634]: 开始进行多边形确认 · 多边形确认失败 · rejected=0 · elapsed_ms=1.2
[WARN] [1786545787.716637]: 开始进行多边形确认 · 多边形确认失败 · rejected=0 · elapsed_ms=1.2
[WARN] [1786545787.844293]: 开始进行多边形确认 · 多边形确认失败 · rejected=0 · elapsed_ms=1.2
[WARN] [1786545787.969549]: 开始进行多边形确认 · 多边形确认失败 · rejected=0 · elapsed_ms=1.5
[WARN] [1786545788.096015]: 开始进行多边形确认 · 多边形确认失败 · rejected=0 · elapsed_ms=1.2
[WARN] [1786545788.220230]: 开始进行多边形确认 · 多边形确认失败 · rejected=0 · elapsed_ms=2.4
[WARN] [1786545788.367197]: 开始进行多边形确认 · 多边形确认失败 · rejected=0 · elapsed_ms=1.3
[WARN] [1786545788.505826]: 开始进行多边形确认 · 多边形确认失败 · rejected=0 · elapsed_ms=1.2
[WARN] [1786545788.632641]: 开始进行多边形确认 · 多边形确认失败 · rejected=0 · elapsed_ms=1.8
[WARN] [1786545788.718723]: 开始进行多边形确认 · 多边形确认失败 · rejected=0 · elapsed_ms=1.0
[WARN] [1786545788.969602]: 开始进行多边形确认 · 多边形确认失败 · rejected=0 · elapsed_ms=1.0
[WARN] [1786545789.100301]: 开始进行多边形确认 · 多边形确认失败 · rejected=0 · elapsed_ms=1.6
[WARN] [1786545789.223152]: 开始进行多边形确认 · 多边形确认失败 · rejected=0 · elapsed_ms=1.2
[WARN] [1786545789.345089]: 开始进行多边形确认 · 多边形确认失败 · rejected=0 · elapsed_ms=1.2
[WARN] [1786545789.481319]: 开始进行多边形确认 · 多边形确认失败 · rejected=0 · elapsed_ms=1.4
[WARN] [1786545789.634498]: 开始进行多边形确认 · 多边形确认失败 · rejected=0 · elapsed_ms=1.3
[WARN] [1786545789.759998]: 开始进行多边形确认 · 多边形确认失败 · rejected=0 · elapsed_ms=1.6
[WARN] [1786545789.861932]: 开始进行多边形确认 · 多边形确认失败 · rejected=0 · elapsed_ms=1.2
[WARN] [1786545789.992069]: 开始进行多边形确认 · 多边形确认失败 · rejected=0 · elapsed_ms=1.6
[WARN] [1786545790.117666]: 开始进行多边形确认 · 多边形确认失败 · rejected=0 · elapsed_ms=1.5
[WARN] [1786545790.236478]: 开始进行多边形确认 · 多边形确认失败 · rejected=0 · elapsed_ms=1.1
[WARN] [1786545790.344430]: 开始进行多边形确认 · 多边形确认失败 · rejected=0 · elapsed_ms=1.0
[WARN] [1786545790.470783]: 开始进行多边形确认 · 多边形确认失败 · rejected=0 · elapsed_ms=1.1
[WARN] [1786545790.595817]: 开始进行多边形确认 · 多边形确认失败 · rejected=0 · elapsed_ms=1.3
[WARN] [1786545790.741785]: 开始进行多边形确认 · 多边形确认失败 · rejected=0 · elapsed_ms=1.7
[WARN] [1786545790.853636]: 开始进行多边形确认 · 多边形确认失败 · rejected=0 · elapsed_ms=1.2
[WARN] [1786545790.974257]: 开始进行多边形确认 · 多边形确认失败 · rejected=0 · elapsed_ms=1.4
[WARN] [1786545791.117928]: 开始进行多边形确认 · 多边形确认失败 · rejected=0 · elapsed_ms=1.6
[WARN] [1786545791.224510]: 开始进行多边形确认 · 多边形确认失败 · rejected=0 · elapsed_ms=1.4
[WARN] [1786545791.353724]: 开始进行多边形确认 · 多边形确认失败 · rejected=0 · elapsed_ms=1.4
[WARN] [1786545791.494259]: 开始进行多边形确认 · 多边形确认失败 · rejected=0 · elapsed_ms=1.4
[WARN] [1786545791.617682]: 开始进行多边形确认 · 多边形确认失败 · rejected=0 · elapsed_ms=1.5
[WARN] [1786545791.898707]: 开始进行多边形确认 · 多边形确认失败 · rejected=0 · elapsed_ms=1.6
[WARN] [1786545791.990743]: 开始进行多边形确认 · 多边形确认失败 · rejected=0 · elapsed_ms=1.3
[WARN] [1786545792.115825]: 开始进行多边形确认 · 多边形确认失败 · rejected=0 · elapsed_ms=1.7
[WARN] [1786545792.239660]: 开始进行多边形确认 · 多边形确认失败 · rejected=0 · elapsed_ms=1.5
[WARN] [1786545792.369128]: 开始进行多边形确认 · 多边形确认失败 · rejected=0 · elapsed_ms=2.4
[WARN] [1786545792.619472]: 开始进行多边形确认 · 多边形确认失败 · rejected=0 · elapsed_ms=1.5
[WARN] [1786545792.742991]: 开始进行多边形确认 · 多边形确认失败 · rejected=0 · elapsed_ms=1.4
[WARN] [1786545792.873986]: 开始进行多边形确认 · 多边形确认失败 · rejected=0 · elapsed_ms=1.7
[WARN] [1786545793.010167]: 开始进行多边形确认 · 多边形确认失败 · rejected=0 · elapsed_ms=1.6
[WARN] [1786545793.129529]: 开始进行多边形确认 · 多边形确认失败 · rejected=0 · elapsed_ms=1.5
[WARN] [1786545793.252512]: 开始进行多边形确认 · 多边形确认失败 · rejected=0 · elapsed_ms=1.8
[WARN] [1786545793.376920]: 开始进行多边形确认 · 多边形确认失败 · rejected=0 · elapsed_ms=1.7
[WARN] [1786545793.506043]: 开始进行多边形确认 · 多边形确认失败 · rejected=0 · elapsed_ms=1.5
[WARN] [1786545793.612003]: 开始进行多边形确认 · 多边形确认失败 · rejected=0 · elapsed_ms=1.4
[WARN] [1786545793.725616]: 开始进行多边形确认 · 多边形确认失败 · rejected=0 · elapsed_ms=1.4
[WARN] [1786545793.850216]: 开始进行多边形确认 · 多边形确认失败 · rejected=0 · elapsed_ms=1.5
[WARN] [1786545794.042996]: 开始进行多边形确认 · 多边形确认失败 · rejected=0 · elapsed_ms=1.1
[WARN] [1786545794.115434]: 开始进行多边形确认 · 多边形确认失败 · rejected=0 · elapsed_ms=1.5
[WARN] [1786545794.229052]: 开始进行多边形确认 · 多边形确认失败 · rejected=0 · elapsed_ms=1.4
[WARN] [1786545794.350099]: 开始进行多边形确认 · 多边形确认失败 · rejected=0 · elapsed_ms=1.3
[WARN] [1786545794.475305]: 开始进行多边形确认 · 多边形确认失败 · rejected=0 · elapsed_ms=1.5
[WARN] [1786545794.603210]: 开始进行多边形确认 · 多边形确认失败 · rejected=0 · elapsed_ms=1.4
[WARN] [1786545794.736670]: 开始进行多边形确认 · 多边形确认失败 · rejected=0 · elapsed_ms=1.4
[WARN] [1786545794.862449]: 开始进行多边形确认 · 多边形确认失败 · rejected=0 · elapsed_ms=1.1
[WARN] [1786545794.991879]: 开始进行多边形确认 · 多边形确认失败 · rejected=0 · elapsed_ms=1.2
[WARN] [1786545795.129200]: 开始进行多边形确认 · 多边形确认失败 · rejected=0 · elapsed_ms=1.5
[WARN] [1786545795.243010]: 开始进行多边形确认 · 多边形确认失败 · rejected=0 · elapsed_ms=2.2
[INFO] [1786545779.828498]: 开始进行多边形确认 · detections=1
[INFO] [1786545780.101140]: 开始进行多边形确认 · detections=1
[INFO] [1786545780.194824]: 开始进行多边形确认 · detections=1
[INFO] [1786545780.552567]: 开始进行多边形确认 · detections=1
[INFO] [1786545780.671842]: 开始进行多边形确认 · detections=1
[INFO] [1786545780.802870]: 开始进行多边形确认 · detections=1
[INFO] [1786545781.034851]: 开始进行多边形确认 · detections=1
[INFO] [1786545781.192720]: 开始进行多边形确认 · detections=1
[INFO] [1786545781.291580]: 开始进行多边形确认 · detections=1
[INFO] [1786545781.412814]: 开始进行多边形确认 · detections=1
[INFO] [1786545781.537993]: 开始进行多边形确认 · detections=1
[INFO] [1786545781.662038]: 开始进行多边形确认 · detections=1
[INFO] [1786545781.914593]: 开始进行多边形确认 · detections=1
[INFO] [1786545782.053214]: 开始进行多边形确认 · detections=1
[INFO] [1786545782.182886]: 开始进行多边形确认 · detections=1
[INFO] [1786545782.336135]: 开始进行多边形确认 · detections=1
[INFO] [1786545782.443573]: 开始进行多边形确认 · detections=1
[INFO] [1786545782.549997]: 开始进行多边形确认 · detections=1
[INFO] [1786545782.822117]: 开始进行多边形确认 · detections=1
[INFO] [1786545783.085661]: 开始进行多边形确认 · detections=1
[INFO] [1786545783.206523]: 开始进行多边形确认 · detections=1
[INFO] [1786545783.390797]: 开始进行多边形确认 · detections=1
[INFO] [1786545783.460561]: 开始进行多边形确认 · detections=1
[INFO] [1786545783.605436]: 开始进行多边形确认 · detections=1
[INFO] [1786545783.727475]: 开始进行多边形确认 · detections=1
[INFO] [1786545783.851746]: 开始进行多边形确认 · detections=1
[INFO] [1786545783.976164]: 开始进行多边形确认 · detections=1
[INFO] [1786545784.084431]: 开始进行多边形确认 · detections=1
[INFO] [1786545784.215278]: 开始进行多边形确认 · detections=1
[INFO] [1786545784.392617]: 开始进行多边形确认 · detections=1
[INFO] [1786545784.463796]: 开始进行多边形确认 · detections=1
[INFO] [1786545784.586862]: 开始进行多边形确认 · detections=1
[INFO] [1786545784.728590]: 开始进行多边形确认 · detections=1
[INFO] [1786545784.857162]: 开始进行多边形确认 · detections=1
[INFO] [1786545784.981251]: 开始进行多边形确认 · detections=1
[INFO] [1786545785.101787]: 开始进行多边形确认 · detections=1
[INFO] [1786545785.229609]: 开始进行多边形确认 · detections=1
[INFO] [1786545785.370611]: 开始进行多边形确认 · detections=1
[INFO] [1786545785.481779]: RGB-D vision status: model_ready:onnxruntime targets:0 centers:0 tf:0 rejected:0 merged:0 semantic_masks:0
[INFO] [1786545785.718979]: 开始进行多边形确认 · detections=1
[INFO] [1786545785.848157]: 开始进行多边形确认 · detections=1
[INFO] [1786545785.954515]: 开始进行多边形确认 · detections=1
[INFO] [1786545786.095115]: 开始进行多边形确认 · detections=1
[INFO] [1786545786.225568]: 开始进行多边形确认 · detections=1
[INFO] [1786545786.347594]: 开始进行多边形确认 · detections=1
[INFO] [1786545786.505890]: 开始进行多边形确认 · detections=1
[INFO] [1786545786.601435]: 开始进行多边形确认 · detections=1
[INFO] [1786545786.823923]: 开始进行多边形确认 · detections=1
[INFO] [1786545786.953517]: 开始进行多边形确认 · detections=1
[INFO] [1786545787.341316]: 开始进行多边形确认 · detections=1
[INFO] [1786545787.596501]: 开始进行多边形确认 · detections=1
[INFO] [1786545787.715474]: 开始进行多边形确认 · detections=1
[INFO] [1786545787.843178]: 开始进行多边形确认 · detections=1
[INFO] [1786545787.968145]: 开始进行多边形确认 · detections=1
[INFO] [1786545788.094862]: 开始进行多边形确认 · detections=1
[INFO] [1786545788.217876]: 开始进行多边形确认 · detections=1
[INFO] [1786545788.365987]: 开始进行多边形确认 · detections=1
[INFO] [1786545788.504665]: 开始进行多边形确认 · detections=1
[INFO] [1786545788.630875]: 开始进行多边形确认 · detections=1
[INFO] [1786545788.717784]: 开始进行多边形确认 · detections=1
[INFO] [1786545788.968627]: 开始进行多边形确认 · detections=1
[INFO] [1786545789.098727]: 开始进行多边形确认 · detections=1
[INFO] [1786545789.221989]: 开始进行多边形确认 · detections=1
[INFO] [1786545789.343957]: 开始进行多边形确认 · detections=1
[INFO] [1786545789.480014]: 开始进行多边形确认 · detections=1
[INFO] [1786545789.633272]: 开始进行多边形确认 · detections=1
[INFO] [1786545789.758524]: 开始进行多边形确认 · detections=1
[INFO] [1786545789.860774]: 开始进行多边形确认 · detections=1
[INFO] [1786545789.990516]: 开始进行多边形确认 · detections=1
[INFO] [1786545790.116210]: 开始进行多边形确认 · detections=1
[INFO] [1786545790.235432]: 开始进行多边形确认 · detections=1
[INFO] [1786545790.343462]: 开始进行多边形确认 · detections=1
[INFO] [1786545790.469694]: 开始进行多边形确认 · detections=1
[INFO] [1786545790.594604]: 开始进行多边形确认 · detections=1
[INFO] [1786545790.740209]: 开始进行多边形确认 · detections=1
[INFO] [1786545790.852546]: 开始进行多边形确认 · detections=1
[INFO] [1786545790.972939]: 开始进行多边形确认 · detections=1
[INFO] [1786545791.116495]: 开始进行多边形确认 · detections=1
[INFO] [1786545791.223166]: 开始进行多边形确认 · detections=1
[INFO] [1786545791.352404]: 开始进行多边形确认 · detections=1
[INFO] [1786545791.492943]: 开始进行多边形确认 · detections=1
[INFO] [1786545791.616283]: 开始进行多边形确认 · detections=1
[INFO] [1786545791.737518]: RGB-D vision status: model_ready:onnxruntime targets:0 centers:0 tf:0 rejected:0 merged:0 semantic_masks:0
[INFO] [1786545791.897148]: 开始进行多边形确认 · detections=1
[INFO] [1786545791.989515]: 开始进行多边形确认 · detections=1
[INFO] [1786545792.114238]: 开始进行多边形确认 · detections=1
[INFO] [1786545792.238284]: 开始进行多边形确认 · detections=1
[INFO] [1786545792.366776]: 开始进行多边形确认 · detections=1
[INFO] [1786545792.618006]: 开始进行多边形确认 · detections=1
[INFO] [1786545792.741687]: 开始进行多边形确认 · detections=1
[INFO] [1786545792.872336]: 开始进行多边形确认 · detections=1
[INFO] [1786545793.008617]: 开始进行多边形确认 · detections=1
[INFO] [1786545793.128106]: 开始进行多边形确认 · detections=1
[INFO] [1786545793.250765]: 开始进行多边形确认 · detections=1
[INFO] [1786545793.375262]: 开始进行多边形确认 · detections=1
[INFO] [1786545793.504625]: 开始进行多边形确认 · detections=1
[INFO] [1786545793.610658]: 开始进行多边形确认 · detections=1
[INFO] [1786545793.724309]: 开始进行多边形确认 · detections=1
[INFO] [1786545793.848778]: 开始进行多边形确认 · detections=1
[INFO] [1786545794.041929]: 开始进行多边形确认 · detections=1
[INFO] [1786545794.114012]: 开始进行多边形确认 · detections=1
[INFO] [1786545794.227716]: 开始进行多边形确认 · detections=1
[INFO] [1786545794.348850]: 开始进行多边形确认 · detections=1
[INFO] [1786545794.473912]: 开始进行多边形确认 · detections=1
[INFO] [1786545794.601839]: 开始进行多边形确认 · detections=1
[INFO] [1786545794.735324]: 开始进行多边形确认 · detections=1
[INFO] [1786545794.861392]: 开始进行多边形确认 · detections=1
[INFO] [1786545794.990713]: 开始进行多边形确认 · detections=1
[INFO] [1786545795.127766]: 开始进行多边形确认 · detections=1
[INFO] [1786545795.240851]: 开始进行多边形确认 · detections=1
[INFO] [1786545795.351536]: 开始进行多边形确认 · detections=1
[INFO] [1786545795.482112]: 开始进行多边形确认 · detections=1
[WARN] [1786545795.352816]: 开始进行多边形确认 · 多边形确认失败 · rejected=0 · elapsed_ms=1.3
[WARN] [1786545795.483125]: 开始进行多边形确认 · 多边形确认失败 · rejected=0 · elapsed_ms=1.1
[WARN] [1786545795.602801]: 开始进行多边形确认 · 多边形确认失败 · rejected=0 · elapsed_ms=1.2
[WARN] [1786545795.734501]: 开始进行多边形确认 · 多边形确认失败 · rejected=0 · elapsed_ms=1.4
[WARN] [1786545795.860536]: 开始进行多边形确认 · 多边形确认失败 · rejected=0 · elapsed_ms=1.9
[WARN] [1786545796.004660]: 开始进行多边形确认 · 多边形确认失败 · rejected=0 · elapsed_ms=1.1
[WARN] [1786545796.189336]: 开始进行多边形确认 · 多边形确认失败 · rejected=0 · elapsed_ms=1.2
[WARN] [1786545796.241349]: 开始进行多边形确认 · 多边形确认失败 · rejected=0 · elapsed_ms=1.6
[WARN] [1786545796.385424]: 开始进行多边形确认 · 多边形确认失败 · rejected=0 · elapsed_ms=1.4
[WARN] [1786545796.490942]: 开始进行多边形确认 · 多边形确认失败 · rejected=0 · elapsed_ms=1.3
[WARN] [1786545796.756972]: 开始进行多边形确认 · 多边形确认失败 · rejected=0 · elapsed_ms=1.4
[WARN] [1786545796.886908]: 开始进行多边形确认 · 多边形确认失败 · rejected=0 · elapsed_ms=1.5
[WARN] [1786545796.992308]: 开始进行多边形确认 · 多边形确认失败 · rejected=0 · elapsed_ms=1.4
[WARN] [1786545797.193267]: 开始进行多边形确认 · 多边形确认失败 · rejected=0 · elapsed_ms=1.4
[WARN] [1786545797.268026]: 开始进行多边形确认 · 多边形确认失败 · rejected=0 · elapsed_ms=1.7
[WARN] [1786545797.520423]: 开始进行多边形确认 · 多边形确认失败 · rejected=0 · elapsed_ms=1.9
[WARN] [1786545797.642307]: 开始进行多边形确认 · 多边形确认失败 · rejected=0 · elapsed_ms=1.4
[WARN] [1786545797.769934]: 开始进行多边形确认 · 多边形确认失败 · rejected=0 · elapsed_ms=1.3
[WARN] [1786545797.892478]: 开始进行多边形确认 · 多边形确认失败 · rejected=0 · elapsed_ms=2.7
[WARN] [1786545798.015232]: 开始进行多边形确认 · 多边形确认失败 · rejected=0 · elapsed_ms=1.3
[WARN] [1786545798.164324]: 开始进行多边形确认 · 多边形确认失败 · rejected=0 · elapsed_ms=1.6
[WARN] [1786545798.274805]: 开始进行多边形确认 · 多边形确认失败 · rejected=0 · elapsed_ms=1.4
[WARN] [1786545798.388720]: 开始进行多边形确认 · 多边形确认失败 · rejected=0 · elapsed_ms=1.9
[WARN] [1786545798.506241]: 开始进行多边形确认 · 多边形确认失败 · rejected=0 · elapsed_ms=1.4
[WARN] [1786545798.636310]: 开始进行多边形确认 · 多边形确认失败 · rejected=0 · elapsed_ms=1.3
[WARN] [1786545798.891113]: 开始进行多边形确认 · 多边形确认失败 · rejected=0 · elapsed_ms=1.5
[WARN] [1786545799.013828]: 开始进行多边形确认 · 多边形确认失败 · rejected=0 · elapsed_ms=1.5
[WARN] [1786545799.159244]: 开始进行多边形确认 · 多边形确认失败 · rejected=0 · elapsed_ms=2.4
[WARN] [1786545799.298207]: 开始进行多边形确认 · 多边形确认失败 · rejected=0 · elapsed_ms=2.5
[WARN] [1786545799.399990]: 开始进行多边形确认 · 多边形确认失败 · rejected=0 · elapsed_ms=1.3
[WARN] [1786545799.644348]: 开始进行多边形确认 · 多边形确认失败 · rejected=0 · elapsed_ms=1.4
[WARN] [1786545799.768404]: 开始进行多边形确认 · 多边形确认失败 · rejected=0 · elapsed_ms=1.6
[WARN] [1786545799.896408]: 开始进行多边形确认 · 多边形确认失败 · rejected=0 · elapsed_ms=1.5
[WARN] [1786545800.014305]: 开始进行多边形确认 · 多边形确认失败 · rejected=0 · elapsed_ms=1.2
[WARN] [1786545800.128389]: 开始进行多边形确认 · 多边形确认失败 · rejected=0 · elapsed_ms=1.3
[WARN] [1786545800.299388]: 开始进行多边形确认 · 多边形确认失败 · rejected=0 · elapsed_ms=1.2
[WARN] [1786545800.382291]: 开始进行多边形确认 · 多边形确认失败 · rejected=0 · elapsed_ms=1.0
[WARN] [1786545800.634154]: 开始进行多边形确认 · 多边形确认失败 · rejected=0 · elapsed_ms=1.1
[WARN] [1786545800.755111]: 开始进行多边形确认 · 多边形确认失败 · rejected=0 · elapsed_ms=1.1
[WARN] [1786545800.892049]: 开始进行多边形确认 · 多边形确认失败 · rejected=0 · elapsed_ms=1.4
[WARN] [1786545801.007001]: 开始进行多边形确认 · 多边形确认失败 · rejected=0 · elapsed_ms=1.3
[WARN] [1786545801.147615]: 开始进行多边形确认 · 多边形确认失败 · rejected=0 · elapsed_ms=1.5
[WARN] [1786545801.319611]: 开始进行多边形确认 · 多边形确认失败 · rejected=0 · elapsed_ms=1.6
[WARN] [1786545801.532620]: 开始进行多边形确认 · 多边形确认失败 · rejected=0 · elapsed_ms=1.5
[WARN] [1786545801.638679]: 开始进行多边形确认 · 多边形确认失败 · rejected=0 · elapsed_ms=1.5
[WARN] [1786545801.759059]: 开始进行多边形确认 · 多边形确认失败 · rejected=0 · elapsed_ms=2.9
[WARN] [1786545801.886094]: 开始进行多边形确认 · 多边形确认失败 · rejected=0 · elapsed_ms=1.4
[WARN] [1786545802.005624]: 开始进行多边形确认 · 多边形确认失败 · rejected=0 · elapsed_ms=1.1
[WARN] [1786545802.138214]: 开始进行多边形确认 · 多边形确认失败 · rejected=0 · elapsed_ms=1.2
[WARN] [1786545802.264620]: 开始进行多边形确认 · 多边形确认失败 · rejected=0 · elapsed_ms=1.7
[WARN] [1786545802.636147]: 开始进行多边形确认 · 多边形确认失败 · rejected=0 · elapsed_ms=1.4
[WARN] [1786545802.757854]: 开始进行多边形确认 · 多边形确认失败 · rejected=0 · elapsed_ms=1.2
[WARN] [1786545802.886873]: 开始进行多边形确认 · 多边形确认失败 · rejected=0 · elapsed_ms=1.3
[WARN] [1786545803.036310]: 开始进行多边形确认 · 多边形确认失败 · rejected=0 · elapsed_ms=1.4
[WARN] [1786545803.160721]: 开始进行多边形确认 · 多边形确认失败 · rejected=0 · elapsed_ms=1.7
[WARN] [1786545803.283679]: 开始进行多边形确认 · 多边形确认失败 · rejected=0 · elapsed_ms=1.3
[WARN] [1786545803.439165]: 开始进行多边形确认 · 多边形确认失败 · rejected=0 · elapsed_ms=1.3
[WARN] [1786545803.521248]: 开始进行多边形确认 · 多边形确认失败 · rejected=0 · elapsed_ms=1.4
[WARN] [1786545803.649742]: 开始进行多边形确认 · 多边形确认失败 · rejected=0 · elapsed_ms=1.2
[WARN] [1786545803.772160]: 开始进行多边形确认 · 多边形确认失败 · rejected=0 · elapsed_ms=1.3
[WARN] [1786545803.900994]: 开始进行多边形确认 · 多边形确认失败 · rejected=0 · elapsed_ms=1.3
[WARN] [1786545804.036148]: 开始进行多边形确认 · 多边形确认失败 · rejected=0 · elapsed_ms=1.4
[WARN] [1786545804.164842]: 开始进行多边形确认 · 多边形确认失败 · rejected=0 · elapsed_ms=2.4
[WARN] [1786545804.271026]: 开始进行多边形确认 · 多边形确认失败 · rejected=0 · elapsed_ms=1.1
[WARN] [1786545804.546626]: 开始进行多边形确认 · 多边形确认失败 · rejected=0 · elapsed_ms=1.5
[WARN] [1786545804.661571]: 开始进行多边形确认 · 多边形确认失败 · rejected=0 · elapsed_ms=1.3
[WARN] [1786545804.786527]: 开始进行多边形确认 · 多边形确认失败 · rejected=0 · elapsed_ms=1.5
[WARN] [1786545805.040625]: 开始进行多边形确认 · 多边形确认失败 · rejected=0 · elapsed_ms=1.5
[WARN] [1786545805.159587]: 开始进行多边形确认 · 多边形确认失败 · rejected=0 · elapsed_ms=1.4
[WARN] [1786545805.274963]: 开始进行多边形确认 · 多边形确认失败 · rejected=0 · elapsed_ms=1.7
[WARN] [1786545805.415114]: 开始进行多边形确认 · 多边形确认失败 · rejected=0 · elapsed_ms=1.7
[WARN] [1786545805.536091]: 开始进行多边形确认 · 多边形确认失败 · rejected=0 · elapsed_ms=1.7
[INFO] [1786545795.601616]: 开始进行多边形确认 · detections=1
[INFO] [1786545795.733160]: 开始进行多边形确认 · detections=1
[INFO] [1786545795.858681]: 开始进行多边形确认 · detections=1
[INFO] [1786545796.003670]: 开始进行多边形确认 · detections=1
[INFO] [1786545796.188201]: 开始进行多边形确认 · detections=1
[INFO] [1786545796.239761]: 开始进行多边形确认 · detections=1
[INFO] [1786545796.384137]: 开始进行多边形确认 · detections=1
[INFO] [1786545796.489694]: 开始进行多边形确认 · detections=1
[INFO] [1786545796.755647]: 开始进行多边形确认 · detections=1
[INFO] [1786545796.759046]: RGB-D vision status: model_ready:onnxruntime targets:0 centers:0 tf:0 rejected:0 merged:0 semantic_masks:1
[INFO] [1786545796.885518]: 开始进行多边形确认 · detections=1
[INFO] [1786545796.990994]: 开始进行多边形确认 · detections=1
[INFO] [1786545797.191964]: 开始进行多边形确认 · detections=1
[INFO] [1786545797.266385]: 开始进行多边形确认 · detections=1
[INFO] [1786545797.518596]: 开始进行多边形确认 · detections=1
[INFO] [1786545797.641043]: 开始进行多边形确认 · detections=1
[INFO] [1786545797.768692]: 开始进行多边形确认 · detections=1
[INFO] [1786545797.889924]: 开始进行多边形确认 · detections=1
[INFO] [1786545798.013995]: 开始进行多边形确认 · detections=1
[INFO] [1786545798.162804]: 开始进行多边形确认 · detections=1
[INFO] [1786545798.273486]: 开始进行多边形确认 · detections=1
[INFO] [1786545798.386919]: 开始进行多边形确认 · detections=1
[INFO] [1786545798.504912]: 开始进行多边形确认 · detections=1
[INFO] [1786545798.635118]: 开始进行多边形确认 · detections=1
[INFO] [1786545798.889703]: 开始进行多边形确认 · detections=1
[INFO] [1786545799.012363]: 开始进行多边形确认 · detections=1
[INFO] [1786545799.156927]: 开始进行多边形确认 · detections=1
[INFO] [1786545799.295803]: 开始进行多边形确认 · detections=1
[INFO] [1786545799.398753]: 开始进行多边形确认 · detections=1
[INFO] [1786545799.643025]: 开始进行多边形确认 · detections=1
[INFO] [1786545799.766857]: 开始进行多边形确认 · detections=1
[INFO] [1786545799.894957]: 开始进行多边形确认 · detections=1
[INFO] [1786545800.013201]: 开始进行多边形确认 · detections=1
[INFO] [1786545800.127214]: 开始进行多边形确认 · detections=1
[INFO] [1786545800.298208]: 开始进行多边形确认 · detections=1
[INFO] [1786545800.381332]: 开始进行多边形确认 · detections=1
[INFO] [1786545800.633121]: 开始进行多边形确认 · detections=1
[INFO] [1786545800.754016]: 开始进行多边形确认 · detections=1
[INFO] [1786545800.890661]: 开始进行多边形确认 · detections=1
[INFO] [1786545801.005731]: 开始进行多边形确认 · detections=1
[INFO] [1786545801.146142]: 开始进行多边形确认 · detections=1
[INFO] [1786545801.318106]: 开始进行多边形确认 · detections=1
[INFO] [1786545801.531199]: 开始进行多边形确认 · detections=1
[INFO] [1786545801.637250]: 开始进行多边形确认 · detections=1
[INFO] [1786545801.756161]: 开始进行多边形确认 · detections=1
[INFO] [1786545801.884783]: 开始进行多边形确认 · detections=1
[INFO] [1786545802.004612]: 开始进行多边形确认 · detections=1
[INFO] [1786545802.137094]: 开始进行多边形确认 · detections=1
[INFO] [1786545802.262992]: 开始进行多边形确认 · detections=1
[INFO] [1786545802.396168]: RGB-D vision status: model_ready:onnxruntime targets:0 centers:0 tf:0 rejected:0 merged:0 semantic_masks:0
[INFO] [1786545802.634777]: 开始进行多边形确认 · detections=1
[INFO] [1786545802.756678]: 开始进行多边形确认 · detections=1
[INFO] [1786545802.885617]: 开始进行多边形确认 · detections=1
[INFO] [1786545803.035041]: 开始进行多边形确认 · detections=1
[INFO] [1786545803.159115]: 开始进行多边形确认 · detections=1
[INFO] [1786545803.282455]: 开始进行多边形确认 · detections=1
[INFO] [1786545803.437985]: 开始进行多边形确认 · detections=1
[INFO] [1786545803.519945]: 开始进行多边形确认 · detections=1
[INFO] [1786545803.648632]: 开始进行多边形确认 · detections=1
[INFO] [1786545803.770874]: 开始进行多边形确认 · detections=1
[INFO] [1786545803.899750]: 开始进行多边形确认 · detections=1
[INFO] [1786545804.034856]: 开始进行多边形确认 · detections=1
[INFO] [1786545804.162467]: 开始进行多边形确认 · detections=1
[INFO] [1786545804.270006]: 开始进行多边形确认 · detections=1
[INFO] [1786545804.545238]: 开始进行多边形确认 · detections=1
[INFO] [1786545804.660344]: 开始进行多边形确认 · detections=1
[INFO] [1786545804.785106]: 开始进行多边形确认 · detections=1
[INFO] [1786545805.039213]: 开始进行多边形确认 · detections=1
[INFO] [1786545805.158325]: 开始进行多边形确认 · detections=1
[INFO] [1786545805.273289]: 开始进行多边形确认 · detections=1
[INFO] [1786545805.413497]: 开始进行多边形确认 · detections=1
[INFO] [1786545805.534526]: 开始进行多边形确认 · detections=1
[INFO] [1786545805.666066]: 开始进行多边形确认 · detections=1
[INFO] [1786545805.785949]: 开始进行多边形确认 · detections=1
[INFO] [1786545806.038045]: 开始进行多边形确认 · detections=1
[INFO] [1786545806.168000]: 开始进行多边形确认 · detections=1
[INFO] [1786545806.291054]: 开始进行多边形确认 · detections=1
[INFO] [1786545806.418469]: 开始进行多边形确认 · detections=1
[INFO] [1786545806.541802]: 开始进行多边形确认 · detections=1
[INFO] [1786545806.707573]: 开始进行多边形确认 · detections=1
[INFO] [1786545806.781113]: 开始进行多边形确认 · detections=1
[INFO] [1786545807.019795]: 开始进行多边形确认 · detections=1
[INFO] [1786545807.161339]: 开始进行多边形确认 · detections=1
[INFO] [1786545807.282436]: 开始进行多边形确认 · detections=1
[INFO] [1786545807.414701]: 开始进行多边形确认 · detections=1
[INFO] [1786545807.537666]: 开始进行多边形确认 · detections=1
[INFO] [1786545807.715100]: 开始进行多边形确认 · detections=1
[INFO] [1786545807.788861]: 开始进行多边形确认 · detections=1
[INFO] [1786545807.941969]: 开始进行多边形确认 · detections=1
[INFO] [1786545808.066227]: 开始进行多边形确认 · detections=1
[INFO] [1786545808.187493]: 开始进行多边形确认 · detections=1
[INFO] [1786545808.312183]: 开始进行多边形确认 · detections=1
[INFO] [1786545808.439281]: RGB-D vision status: model_ready:onnxruntime targets:0 centers:0 tf:0 rejected:0 merged:0 semantic_masks:0
[INFO] [1786545808.587404]: 开始进行多边形确认 · detections=1
[INFO] [1786545808.700501]: 开始进行多边形确认 · detections=1
[INFO] [1786545808.811844]: 开始进行多边形确认 · detections=1
[INFO] [1786545808.919132]: 开始进行多边形确认 · detections=1
[INFO] [1786545809.043494]: 开始进行多边形确认 · detections=1
[INFO] [1786545809.172434]: 开始进行多边形确认 · detections=1
[INFO] [1786545809.422361]: 开始进行多边形确认 · detections=1
[INFO] [1786545809.551535]: 开始进行多边形确认 · detections=1
[INFO] [1786545809.670978]: 开始进行多边形确认 · detections=1
[INFO] [1786545809.844958]: 开始进行多边形确认 · detections=1
[INFO] [1786545810.024932]: 开始进行多边形确认 · detections=1
[INFO] [1786545810.172023]: 开始进行多边形确认 · detections=1
[INFO] [1786545810.297534]: 开始进行多边形确认 · detections=1
[INFO] [1786545810.411070]: 开始进行多边形确认 · detections=1
[INFO] [1786545810.559124]: 开始进行多边形确认 · detections=1
[INFO] [1786545811.074764]: 开始进行多边形确认 · detections=1
[INFO] [1786545811.194052]: 开始进行多边形确认 · detections=1
[INFO] [1786545811.321908]: 开始进行多边形确认 · detections=1
[WARN] [1786545805.667604]: 开始进行多边形确认 · 多边形确认失败 · rejected=0 · elapsed_ms=1.6
[WARN] [1786545805.787303]: 开始进行多边形确认 · 多边形确认失败 · rejected=0 · elapsed_ms=1.4
[WARN] [1786545806.039385]: 开始进行多边形确认 · 多边形确认失败 · rejected=0 · elapsed_ms=1.4
[WARN] [1786545806.169204]: 开始进行多边形确认 · 多边形确认失败 · rejected=0 · elapsed_ms=1.3
[WARN] [1786545806.292471]: 开始进行多边形确认 · 多边形确认失败 · rejected=0 · elapsed_ms=1.5
[WARN] [1786545806.419755]: 开始进行多边形确认 · 多边形确认失败 · rejected=0 · elapsed_ms=1.4
[WARN] [1786545806.543249]: 开始进行多边形确认 · 多边形确认失败 · rejected=0 · elapsed_ms=1.5
[WARN] [1786545806.708955]: 开始进行多边形确认 · 多边形确认失败 · rejected=0 · elapsed_ms=1.5
[WARN] [1786545806.782334]: 开始进行多边形确认 · 多边形确认失败 · rejected=0 · elapsed_ms=1.3
[WARN] [1786545807.021346]: 开始进行多边形确认 · 多边形确认失败 · rejected=0 · elapsed_ms=1.6
[WARN] [1786545807.162948]: 开始进行多边形确认 · 多边形确认失败 · rejected=0 · elapsed_ms=1.7
[WARN] [1786545807.283639]: 开始进行多边形确认 · 多边形确认失败 · rejected=0 · elapsed_ms=1.3
[WARN] [1786545807.416030]: 开始进行多边形确认 · 多边形确认失败 · rejected=0 · elapsed_ms=1.4
[WARN] [1786545807.539345]: 开始进行多边形确认 · 多边形确认失败 · rejected=0 · elapsed_ms=1.7
[WARN] [1786545807.716413]: 开始进行多边形确认 · 多边形确认失败 · rejected=0 · elapsed_ms=1.4
[WARN] [1786545807.790008]: 开始进行多边形确认 · 多边形确认失败 · rejected=0 · elapsed_ms=1.2
[WARN] [1786545807.943295]: 开始进行多边形确认 · 多边形确认失败 · rejected=0 · elapsed_ms=1.4
[WARN] [1786545808.067774]: 开始进行多边形确认 · 多边形确认失败 · rejected=0 · elapsed_ms=1.6
[WARN] [1786545808.188662]: 开始进行多边形确认 · 多边形确认失败 · rejected=0 · elapsed_ms=1.3
[WARN] [1786545808.313727]: 开始进行多边形确认 · 多边形确认失败 · rejected=0 · elapsed_ms=1.6
[WARN] [1786545808.588613]: 开始进行多边形确认 · 多边形确认失败 · rejected=0 · elapsed_ms=1.3
[WARN] [1786545808.711166]: 开始进行多边形确认 · 多边形确认失败 · rejected=0 · elapsed_ms=10.7
[WARN] [1786545808.813189]: 开始进行多边形确认 · 多边形确认失败 · rejected=0 · elapsed_ms=1.4
[WARN] [1786545808.920522]: 开始进行多边形确认 · 多边形确认失败 · rejected=0 · elapsed_ms=1.5
[WARN] [1786545809.045002]: 开始进行多边形确认 · 多边形确认失败 · rejected=0 · elapsed_ms=1.6
[WARN] [1786545809.173649]: 开始进行多边形确认 · 多边形确认失败 · rejected=0 · elapsed_ms=1.3
[WARN] [1786545809.423563]: 开始进行多边形确认 · 多边形确认失败 · rejected=0 · elapsed_ms=1.3
[WARN] [1786545809.553063]: 开始进行多边形确认 · 多边形确认失败 · rejected=0 · elapsed_ms=1.6
[WARN] [1786545809.672573]: 开始进行多边形确认 · 多边形确认失败 · rejected=0 · elapsed_ms=1.7
[WARN] [1786545809.846407]: 开始进行多边形确认 · 多边形确认失败 · rejected=0 · elapsed_ms=1.6
[WARN] [1786545810.026025]: 开始进行多边形确认 · 多边形确认失败 · rejected=0 · elapsed_ms=1.1
[WARN] [1786545810.173526]: 开始进行多边形确认 · 多边形确认失败 · rejected=0 · elapsed_ms=1.6
[WARN] [1786545810.299036]: 开始进行多边形确认 · 多边形确认失败 · rejected=0 · elapsed_ms=1.6
[WARN] [1786545810.412207]: 开始进行多边形确认 · 多边形确认失败 · rejected=0 · elapsed_ms=1.2
[WARN] [1786545810.560478]: 开始进行多边形确认 · 多边形确认失败 · rejected=0 · elapsed_ms=1.4
[WARN] [1786545811.076165]: 开始进行多边形确认 · 多边形确认失败 · rejected=0 · elapsed_ms=1.5
[WARN] [1786545811.195410]: 开始进行多边形确认 · 多边形确认失败 · rejected=0 · elapsed_ms=1.4
[WARN] [1786545811.323087]: 开始进行多边形确认 · 多边形确认失败 · rejected=0 · elapsed_ms=1.3
[WARN] [1786545811.550946]: 开始进行多边形确认 · 多边形确认失败 · rejected=0 · elapsed_ms=1.5
[WARN] [1786545811.674915]: 开始进行多边形确认 · 多边形确认失败 · rejected=0 · elapsed_ms=1.1
[WARN] [1786545811.819551]: 开始进行多边形确认 · 多边形确认失败 · rejected=0 · elapsed_ms=1.2
[WARN] [1786545811.976084]: 开始进行多边形确认 · 多边形确认失败 · rejected=0 · elapsed_ms=1.5
[WARN] [1786545812.047574]: 开始进行多边形确认 · 多边形确认失败 · rejected=0 · elapsed_ms=1.1
[WARN] [1786545812.174013]: 开始进行多边形确认 · 多边形确认失败 · rejected=0 · elapsed_ms=1.1
[WARN] [1786545812.307671]: 开始进行多边形确认 · 多边形确认失败 · rejected=0 · elapsed_ms=1.1
[WARN] [1786545812.422253]: 开始进行多边形确认 · 多边形确认失败 · rejected=0 · elapsed_ms=1.1
[WARN] [1786545812.940711]: 开始进行多边形确认 · 多边形确认失败 · rejected=0 · elapsed_ms=19.5
[WARN] [1786545813.067095]: 开始进行多边形确认 · 多边形确认失败 · rejected=0 · elapsed_ms=1.7
[WARN] [1786545813.198006]: 开始进行多边形确认 · 多边形确认失败 · rejected=0 · elapsed_ms=1.5
[WARN] [1786545813.320592]: 开始进行多边形确认 · 多边形确认失败 · rejected=0 · elapsed_ms=2.0
[WARN] [1786545813.424935]: 开始进行多边形确认 · 多边形确认失败 · rejected=0 · elapsed_ms=1.2
[WARN] [1786545813.550035]: 开始进行多边形确认 · 多边形确认失败 · rejected=0 · elapsed_ms=1.3
[WARN] [1786545813.682213]: 开始进行多边形确认 · 多边形确认失败 · rejected=0 · elapsed_ms=1.2
[WARN] [1786545813.800067]: 开始进行多边形确认 · 多边形确认失败 · rejected=0 · elapsed_ms=1.3
[WARN] [1786545813.924722]: 开始进行多边形确认 · 多边形确认失败 · rejected=0 · elapsed_ms=1.6
[WARN] [1786545814.174608]: 开始进行多边形确认 · 多边形确认失败 · rejected=0 · elapsed_ms=1.3
[WARN] [1786545814.295989]: 开始进行多边形确认 · 多边形确认失败 · rejected=0 · elapsed_ms=1.2
[WARN] [1786545814.436144]: 开始进行多边形确认 · 多边形确认失败 · rejected=0 · elapsed_ms=1.6
[WARN] [1786545814.561374]: 开始进行多边形确认 · 多边形确认失败 · rejected=0 · elapsed_ms=1.8
[WARN] [1786545814.690059]: 开始进行多边形确认 · 多边形确认失败 · rejected=0 · elapsed_ms=1.4
[WARN] [1786545814.815126]: 开始进行多边形确认 · 多边形确认失败 · rejected=0 · elapsed_ms=1.4
[WARN] [1786545814.939443]: 开始进行多边形确认 · 多边形确认失败 · rejected=0 · elapsed_ms=1.6
[WARN] [1786545815.111310]: 开始进行多边形确认 · 多边形确认失败 · rejected=0 · elapsed_ms=1.6
[WARN] [1786545815.198763]: 开始进行多边形确认 · 多边形确认失败 · rejected=0 · elapsed_ms=1.8
[WARN] [1786545815.319531]: 开始进行多边形确认 · 多边形确认失败 · rejected=0 · elapsed_ms=1.6
[WARN] [1786545815.423537]: 开始进行多边形确认 · 多边形确认失败 · rejected=0 · elapsed_ms=1.1
[WARN] [1786545815.566139]: 开始进行多边形确认 · 多边形确认失败 · rejected=0 · elapsed_ms=1.8
[WARN] [1786545815.688931]: 开始进行多边形确认 · 多边形确认失败 · rejected=0 · elapsed_ms=1.3
[WARN] [1786545815.813431]: 开始进行多边形确认 · 多边形确认失败 · rejected=0 · elapsed_ms=1.3
[WARN] [1786545815.926463]: 开始进行多边形确认 · 多边形确认失败 · rejected=0 · elapsed_ms=1.2
[WARN] [1786545816.049257]: 开始进行多边形确认 · 多边形确认失败 · rejected=0 · elapsed_ms=1.5
[WARN] [1786545816.216614]: 开始进行多边形确认 · 多边形确认失败 · rejected=0 · elapsed_ms=1.4
[WARN] [1786545816.310057]: 开始进行多边形确认 · 多边形确认失败 · rejected=0 · elapsed_ms=1.2
[WARN] [1786545816.558598]: 开始进行多边形确认 · 多边形确认失败 · rejected=0 · elapsed_ms=1.5
[WARN] [1786545816.684469]: 开始进行多边形确认 · 多边形确认失败 · rejected=0 · elapsed_ms=1.4
[WARN] [1786545816.809016]: 开始进行多边形确认 · 多边形确认失败 · rejected=0 · elapsed_ms=1.9
[WARN] [1786545816.936929]: 开始进行多边形确认 · 多边形确认失败 · rejected=0 · elapsed_ms=1.4
[WARN] [1786545817.174112]: 开始进行多边形确认 · 多边形确认失败 · rejected=0 · elapsed_ms=1.2
[WARN] [1786545817.328700]: 开始进行多边形确认 · 多边形确认失败 · rejected=0 · elapsed_ms=1.6
[WARN] [1786545817.440092]: 开始进行多边形确认 · 多边形确认失败 · rejected=0 · elapsed_ms=1.8
[WARN] [1786545817.692055]: 开始进行多边形确认 · 多边形确认失败 · rejected=0 · elapsed_ms=1.7
[WARN] [1786545817.811399]: 开始进行多边形确认 · 多边形确认失败 · rejected=0 · elapsed_ms=1.5
[WARN] [1786545817.959759]: 开始进行多边形确认 · 多边形确认失败 · rejected=0 · elapsed_ms=19.7
[WARN] [1786545818.066878]: 开始进行多边形确认 · 多边形确认失败 · rejected=0 · elapsed_ms=1.5
[WARN] [1786545818.209494]: 开始进行多边形确认 · 多边形确认失败 · rejected=0 · elapsed_ms=1.4
[WARN] [1786545818.337531]: 开始进行多边形确认 · 多边形确认失败 · rejected=0 · elapsed_ms=1.5
[WARN] [1786545818.448816]: 开始进行多边形确认 · 多边形确认失败 · rejected=0 · elapsed_ms=1.3
[WARN] [1786545818.576483]: 开始进行多边形确认 · 多边形确认失败 · rejected=0 · elapsed_ms=1.9
[WARN] [1786545818.701757]: 开始进行多边形确认 · 多边形确认失败 · rejected=0 · elapsed_ms=1.7
[WARN] [1786545818.823578]: 开始进行多边形确认 · 多边形确认失败 · rejected=0 · elapsed_ms=1.5
[WARN] [1786545818.941297]: 开始进行多边形确认 · 多边形确认失败 · rejected=0 · elapsed_ms=1.5
[WARN] [1786545819.360781]: 开始进行多边形确认 · 多边形确认失败 · rejected=0 · elapsed_ms=1.7
[WARN] [1786545819.435378]: 开始进行多边形确认 · 多边形确认失败 · rejected=0 · elapsed_ms=1.4
[WARN] [1786545819.572769]: 开始进行多边形确认 · 多边形确认失败 · rejected=0 · elapsed_ms=1.4
[WARN] [1786545819.693929]: 开始进行多边形确认 · 多边形确认失败 · rejected=0 · elapsed_ms=1.2
[WARN] [1786545819.817461]: 开始进行多边形确认 · 多边形确认失败 · rejected=0 · elapsed_ms=1.6
[WARN] [1786545820.073288]: 开始进行多边形确认 · 多边形确认失败 · rejected=0 · elapsed_ms=1.4
[WARN] [1786545820.208374]: 开始进行多边形确认 · 多边形确认失败 · rejected=0 · elapsed_ms=1.6
[WARN] [1786545820.312414]: 开始进行多边形确认 · 多边形确认失败 · rejected=0 · elapsed_ms=1.5
[WARN] [1786545820.556271]: 开始进行多边形确认 · 多边形确认失败 · rejected=0 · elapsed_ms=1.2
[WARN] [1786545820.682986]: 开始进行多边形确认 · 多边形确认失败 · rejected=0 · elapsed_ms=1.5
[WARN] [1786545820.954935]: 开始进行多边形确认 · 多边形确认失败 · rejected=0 · elapsed_ms=1.5
[WARN] [1786545821.080094]: 开始进行多边形确认 · 多边形确认失败 · rejected=0 · elapsed_ms=1.4
[WARN] [1786545821.203713]: 开始进行多边形确认 · 多边形确认失败 · rejected=0 · elapsed_ms=1.3
[WARN] [1786545821.328724]: 开始进行多边形确认 · 多边形确认失败 · rejected=0 · elapsed_ms=1.3
[WARN] [1786545821.468753]: 开始进行多边形确认 · 多边形确认失败 · rejected=0 · elapsed_ms=1.5
[WARN] [1786545821.563926]: 开始进行多边形确认 · 多边形确认失败 · rejected=0 · elapsed_ms=1.4
[WARN] [1786545821.690712]: 开始进行多边形确认 · 多边形确认失败 · rejected=0 · elapsed_ms=1.1
[WARN] [1786545821.813900]: 开始进行多边形确认 · 多边形确认失败 · rejected=0 · elapsed_ms=1.3
[WARN] [1786545821.954558]: 开始进行多边形确认 · 多边形确认失败 · rejected=0 · elapsed_ms=1.4
[WARN] [1786545822.080189]: 开始进行多边形确认 · 多边形确认失败 · rejected=0 · elapsed_ms=1.4
[WARN] [1786545822.204334]: 开始进行多边形确认 · 多边形确认失败 · rejected=0 · elapsed_ms=1.2
[WARN] [1786545822.505633]: 开始进行多边形确认 · 多边形确认失败 · rejected=0 · elapsed_ms=1.4
[WARN] [1786545822.587951]: 开始进行多边形确认 · 多边形确认失败 · rejected=0 · elapsed_ms=1.3
[WARN] [1786545822.705513]: 开始进行多边形确认 · 多边形确认失败 · rejected=0 · elapsed_ms=1.2
[WARN] [1786545822.832125]: 开始进行多边形确认 · 多边形确认失败 · rejected=0 · elapsed_ms=1.4
[WARN] [1786545822.986076]: 开始进行多边形确认 · 多边形确认失败 · rejected=0 · elapsed_ms=19.8
[WARN] [1786545823.094985]: 开始进行多边形确认 · 多边形确认失败 · rejected=0 · elapsed_ms=1.7
[WARN] [1786545823.216339]: 开始进行多边形确认 · 多边形确认失败 · rejected=0 · elapsed_ms=1.3
[WARN] [1786545823.344047]: 开始进行多边形确认 · 多边形确认失败 · rejected=0 · elapsed_ms=1.5
[WARN] [1786545823.522186]: 开始进行多边形确认 · 多边形确认失败 · rejected=0 · elapsed_ms=1.6
[WARN] [1786545823.582431]: 开始进行多边形确认 · 多边形确认失败 · rejected=0 · elapsed_ms=3.3
[WARN] [1786545823.720615]: 开始进行多边形确认 · 多边形确认失败 · rejected=0 · elapsed_ms=1.8
[WARN] [1786545823.846710]: 开始进行多边形确认 · 多边形确认失败 · rejected=0 · elapsed_ms=1.6
[WARN] [1786545823.946881]: 开始进行多边形确认 · 多边形确认失败 · rejected=0 · elapsed_ms=1.5
[WARN] [1786545824.070753]: 开始进行多边形确认 · 多边形确认失败 · rejected=0 · elapsed_ms=1.2
[WARN] [1786545824.214743]: 开始进行多边形确认 · 多边形确认失败 · rejected=0 · elapsed_ms=1.2
[WARN] [1786545824.344931]: 开始进行多边形确认 · 多边形确认失败 · rejected=0 · elapsed_ms=1.3
[WARN] [1786545824.470177]: 开始进行多边形确认 · 多边形确认失败 · rejected=0 · elapsed_ms=1.5
[WARN] [1786545824.604604]: 开始进行多边形确认 · 多边形确认失败 · rejected=0 · elapsed_ms=1.1
[WARN] [1786545824.715923]: 开始进行多边形确认 · 多边形确认失败 · rejected=0 · elapsed_ms=1.0
[WARN] [1786545824.836096]: 开始进行多边形确认 · 多边形确认失败 · rejected=0 · elapsed_ms=1.2
[WARN] [1786545824.958526]: 开始进行多边形确认 · 多边形确认失败 · rejected=0 · elapsed_ms=1.2
[WARN] [1786545825.091208]: 开始进行多边形确认 · 多边形确认失败 · rejected=0 · elapsed_ms=1.1
[WARN] [1786545825.218863]: 开始进行多边形确认 · 多边形确认失败 · rejected=0 · elapsed_ms=1.3
[WARN] [1786545825.458238]: 开始进行多边形确认 · 多边形确认失败 · rejected=0 · elapsed_ms=1.2
[WARN] [1786545825.619546]: 开始进行多边形确认 · 多边形确认失败 · rejected=0 · elapsed_ms=1.7
[WARN] [1786545825.725595]: 开始进行多边形确认 · 多边形确认失败 · rejected=0 · elapsed_ms=1.4
[WARN] [1786545825.865766]: 开始进行多边形确认 · 多边形确认失败 · rejected=0 · elapsed_ms=1.7
[WARN] [1786545826.118468]: 开始进行多边形确认 · 多边形确认失败 · rejected=0 · elapsed_ms=1.7
[WARN] [1786545826.232173]: 开始进行多边形确认 · 多边形确认失败 · rejected=0 · elapsed_ms=1.4
[WARN] [1786545826.338943]: 开始进行多边形确认 · 多边形确认失败 · rejected=0 · elapsed_ms=1.5
[WARN] [1786545826.484399]: 开始进行多边形确认 · 多边形确认失败 · rejected=0 · elapsed_ms=1.5
[WARN] [1786545826.652911]: 开始进行多边形确认 · 多边形确认失败 · rejected=0 · elapsed_ms=1.5
[INFO] [1786545811.549472]: 开始进行多边形确认 · detections=1
[INFO] [1786545811.673868]: 开始进行多边形确认 · detections=1
[INFO] [1786545811.818402]: 开始进行多边形确认 · detections=1
[INFO] [1786545811.974727]: 开始进行多边形确认 · detections=1
[INFO] [1786545812.046502]: 开始进行多边形确认 · detections=1
[INFO] [1786545812.172960]: 开始进行多边形确认 · detections=1
[INFO] [1786545812.306653]: 开始进行多边形确认 · detections=1
[INFO] [1786545812.421202]: 开始进行多边形确认 · detections=1
[INFO] [1786545812.921261]: 开始进行多边形确认 · detections=1
[INFO] [1786545813.065458]: 开始进行多边形确认 · detections=1
[INFO] [1786545813.196558]: 开始进行多边形确认 · detections=1
[INFO] [1786545813.318739]: 开始进行多边形确认 · detections=1
[INFO] [1786545813.423825]: 开始进行多边形确认 · detections=1
[INFO] [1786545813.548809]: 开始进行多边形确认 · detections=1
[INFO] [1786545813.681092]: 开始进行多边形确认 · detections=1
[INFO] [1786545813.798797]: 开始进行多边形确认 · detections=1
[INFO] [1786545813.923208]: 开始进行多边形确认 · detections=1
[INFO] [1786545814.059216]: RGB-D vision status: model_ready:onnxruntime targets:0 centers:0 tf:0 rejected:0 merged:0 semantic_masks:0
[INFO] [1786545814.173341]: 开始进行多边形确认 · detections=1
[INFO] [1786545814.294870]: 开始进行多边形确认 · detections=1
[INFO] [1786545814.434620]: 开始进行多边形确认 · detections=1
[INFO] [1786545814.559697]: 开始进行多边形确认 · detections=1
[INFO] [1786545814.688719]: 开始进行多边形确认 · detections=1
[INFO] [1786545814.813816]: 开始进行多边形确认 · detections=1
[INFO] [1786545814.937979]: 开始进行多边形确认 · detections=1
[INFO] [1786545815.109767]: 开始进行多边形确认 · detections=1
[INFO] [1786545815.197008]: 开始进行多边形确认 · detections=1
[INFO] [1786545815.318022]: 开始进行多边形确认 · detections=1
[INFO] [1786545815.422492]: 开始进行多边形确认 · detections=1
[INFO] [1786545815.564422]: 开始进行多边形确认 · detections=1
[INFO] [1786545815.687663]: 开始进行多边形确认 · detections=1
[INFO] [1786545815.812215]: 开始进行多边形确认 · detections=1
[INFO] [1786545815.925291]: 开始进行多边形确认 · detections=1
[INFO] [1786545816.047813]: 开始进行多边形确认 · detections=1
[INFO] [1786545816.215248]: 开始进行多边形确认 · detections=1
[INFO] [1786545816.308888]: 开始进行多边形确认 · detections=1
[INFO] [1786545816.557235]: 开始进行多边形确认 · detections=1
[INFO] [1786545816.683121]: 开始进行多边形确认 · detections=1
[INFO] [1786545816.807252]: 开始进行多边形确认 · detections=1
[INFO] [1786545816.935540]: 开始进行多边形确认 · detections=1
[INFO] [1786545817.172972]: 开始进行多边形确认 · detections=1
[INFO] [1786545817.327178]: 开始进行多边形确认 · detections=1
[INFO] [1786545817.438441]: 开始进行多边形确认 · detections=1
[INFO] [1786545817.690394]: 开始进行多边形确认 · detections=1
[INFO] [1786545817.810024]: 开始进行多边形确认 · detections=1
[INFO] [1786545817.940026]: 开始进行多边形确认 · detections=1
[INFO] [1786545818.065454]: 开始进行多边形确认 · detections=1
[INFO] [1786545818.208165]: 开始进行多边形确认 · detections=1
[INFO] [1786545818.336042]: 开始进行多边形确认 · detections=1
[INFO] [1786545818.447620]: 开始进行多边形确认 · detections=1
[INFO] [1786545818.574760]: 开始进行多边形确认 · detections=1
[INFO] [1786545818.700083]: 开始进行多边形确认 · detections=1
[INFO] [1786545818.822150]: 开始进行多边形确认 · detections=1
[INFO] [1786545818.939831]: 开始进行多边形确认 · detections=1
[INFO] [1786545819.068336]: RGB-D vision status: model_ready:onnxruntime targets:0 centers:0 tf:0 rejected:0 merged:0 semantic_masks:0
[INFO] [1786545819.359216]: 开始进行多边形确认 · detections=1
[INFO] [1786545819.434035]: 开始进行多边形确认 · detections=1
[INFO] [1786545819.571453]: 开始进行多边形确认 · detections=1
[INFO] [1786545819.692760]: 开始进行多边形确认 · detections=1
[INFO] [1786545819.815812]: 开始进行多边形确认 · detections=1
[INFO] [1786545820.071959]: 开始进行多边形确认 · detections=1
[INFO] [1786545820.206851]: 开始进行多边形确认 · detections=1
[INFO] [1786545820.310958]: 开始进行多边形确认 · detections=1
[INFO] [1786545820.555138]: 开始进行多边形确认 · detections=1
[INFO] [1786545820.681580]: 开始进行多边形确认 · detections=1
[INFO] [1786545820.953493]: 开始进行多边形确认 · detections=1
[INFO] [1786545821.078726]: 开始进行多边形确认 · detections=1
[INFO] [1786545821.202451]: 开始进行多边形确认 · detections=1
[INFO] [1786545821.327525]: 开始进行多边形确认 · detections=1
[INFO] [1786545821.467369]: 开始进行多边形确认 · detections=1
[INFO] [1786545821.562583]: 开始进行多边形确认 · detections=1
[INFO] [1786545821.689673]: 开始进行多边形确认 · detections=1
[INFO] [1786545821.812724]: 开始进行多边形确认 · detections=1
[INFO] [1786545821.953267]: 开始进行多边形确认 · detections=1
[INFO] [1786545822.078834]: 开始进行多边形确认 · detections=1
[INFO] [1786545822.203195]: 开始进行多边形确认 · detections=1
[INFO] [1786545822.504363]: 开始进行多边形确认 · detections=1
[INFO] [1786545822.586712]: 开始进行多边形确认 · detections=1
[INFO] [1786545822.704372]: 开始进行多边形确认 · detections=1
[INFO] [1786545822.830817]: 开始进行多边形确认 · detections=1
[INFO] [1786545822.966321]: 开始进行多边形确认 · detections=1
[INFO] [1786545823.093372]: 开始进行多边形确认 · detections=1
[INFO] [1786545823.215121]: 开始进行多边形确认 · detections=1
[INFO] [1786545823.342591]: 开始进行多边形确认 · detections=1
[INFO] [1786545823.520646]: 开始进行多边形确认 · detections=1
[INFO] [1786545823.579180]: 开始进行多边形确认 · detections=1
[INFO] [1786545823.718901]: 开始进行多边形确认 · detections=1
[INFO] [1786545823.845190]: 开始进行多边形确认 · detections=1
[INFO] [1786545823.945479]: 开始进行多边形确认 · detections=1
[INFO] [1786545824.069623]: 开始进行多边形确认 · detections=1
[INFO] [1786545824.213619]: 开始进行多边形确认 · detections=1
[INFO] [1786545824.343697]: 开始进行多边形确认 · detections=1
[INFO] [1786545824.468741]: 开始进行多边形确认 · detections=1
[INFO] [1786545824.603571]: 开始进行多边形确认 · detections=1
[INFO] [1786545824.714950]: 开始进行多边形确认 · detections=1
[INFO] [1786545824.834922]: 开始进行多边形确认 · detections=1
[INFO] [1786545824.957436]: 开始进行多边形确认 · detections=1
[INFO] [1786545825.090165]: 开始进行多边形确认 · detections=1
[INFO] [1786545825.217673]: 开始进行多边形确认 · detections=1
[INFO] [1786545825.341144]: RGB-D vision status: model_ready:onnxruntime targets:0 centers:0 tf:0 rejected:0 merged:0 semantic_masks:0
[INFO] [1786545825.457074]: 开始进行多边形确认 · detections=1
[INFO] [1786545825.617907]: 开始进行多边形确认 · detections=1
[INFO] [1786545825.724295]: 开始进行多边形确认 · detections=1
[INFO] [1786545825.864147]: 开始进行多边形确认 · detections=1
[INFO] [1786545826.116888]: 开始进行多边形确认 · detections=1
[INFO] [1786545826.230881]: 开始进行多边形确认 · detections=1
[INFO] [1786545826.337509]: 开始进行多边形确认 · detections=1
[INFO] [1786545826.483034]: 开始进行多边形确认 · detections=1
[INFO] [1786545826.651547]: 开始进行多边形确认 · detections=1
[INFO] [1786545826.718424]: 开始进行多边形确认 · detections=1
[INFO] [1786545826.842097]: 开始进行多边形确认 · detections=1
[WARN] [1786545826.719755]: 开始进行多边形确认 · 多边形确认失败 · rejected=0 · elapsed_ms=1.4
[WARN] [1786545826.843596]: 开始进行多边形确认 · 多边形确认失败 · rejected=0 · elapsed_ms=1.6
[WARN] [1786545826.958134]: 开始进行多边形确认 · 多边形确认失败 · rejected=0 · elapsed_ms=1.4
[WARN] [1786545827.088716]: 开始进行多边形确认 · 多边形确认失败 · rejected=0 · elapsed_ms=1.6
[WARN] [1786545827.231258]: 开始进行多边形确认 · 多边形确认失败 · rejected=0 · elapsed_ms=1.7
[WARN] [1786545827.356711]: 开始进行多边形确认 · 多边形确认失败 · rejected=0 · elapsed_ms=1.6
[WARN] [1786545827.481179]: 开始进行多边形确认 · 多边形确认失败 · rejected=0 · elapsed_ms=1.3
[WARN] [1786545827.647102]: 开始进行多边形确认 · 多边形确认失败 · rejected=0 · elapsed_ms=2.5
[WARN] [1786545827.733077]: 开始进行多边形确认 · 多边形确认失败 · rejected=0 · elapsed_ms=1.2
[WARN] [1786545827.857888]: 开始进行多边形确认 · 多边形确认失败 · rejected=0 · elapsed_ms=1.5
[WARN] [1786545827.966274]: 开始进行多边形确认 · 多边形确认失败 · rejected=0 · elapsed_ms=1.4
[WARN] [1786545828.117128]: 开始进行多边形确认 · 多边形确认失败 · rejected=0 · elapsed_ms=2.0
[WARN] [1786545828.241450]: 开始进行多边形确认 · 多边形确认失败 · rejected=0 · elapsed_ms=1.5
[WARN] [1786545828.366015]: 开始进行多边形确认 · 多边形确认失败 · rejected=0 · elapsed_ms=1.5
[WARN] [1786545828.492740]: 开始进行多边形确认 · 多边形确认失败 · rejected=0 · elapsed_ms=1.4
[WARN] [1786545828.622372]: 开始进行多边形确认 · 多边形确认失败 · rejected=0 · elapsed_ms=6.7
[WARN] [1786545828.739185]: 开始进行多边形确认 · 多边形确认失败 · rejected=0 · elapsed_ms=1.6
[WARN] [1786545828.834511]: 开始进行多边形确认 · 多边形确认失败 · rejected=0 · elapsed_ms=1.2
[WARN] [1786545828.970402]: 开始进行多边形确认 · 多边形确认失败 · rejected=0 · elapsed_ms=1.3
[WARN] [1786545829.093332]: 开始进行多边形确认 · 多边形确认失败 · rejected=0 · elapsed_ms=1.3
[WARN] [1786545829.223657]: 开始进行多边形确认 · 多边形确认失败 · rejected=0 · elapsed_ms=1.3
[WARN] [1786545829.362308]: 开始进行多边形确认 · 多边形确认失败 · rejected=0 · elapsed_ms=1.2
[WARN] [1786545829.485245]: 开始进行多边形确认 · 多边形确认失败 · rejected=0 · elapsed_ms=1.4
[WARN] [1786545829.611225]: 开始进行多边形确认 · 多边形确认失败 · rejected=0 · elapsed_ms=1.5
[WARN] [1786545829.812997]: 开始进行多边形确认 · 多边形确认失败 · rejected=0 · elapsed_ms=1.2
[WARN] [1786545829.885916]: 开始进行多边形确认 · 多边形确认失败 · rejected=0 · elapsed_ms=1.2
[WARN] [1786545830.014969]: 开始进行多边形确认 · 多边形确认失败 · rejected=0 · elapsed_ms=1.3
[WARN] [1786545830.113972]: 开始进行多边形确认 · 多边形确认失败 · rejected=0 · elapsed_ms=1.6
[WARN] [1786545830.252045]: 开始进行多边形确认 · 多边形确认失败 · rejected=0 · elapsed_ms=1.5
[WARN] [1786545830.402986]: 开始进行多边形确认 · 多边形确认失败 · rejected=0 · elapsed_ms=1.3
[WARN] [1786545830.526586]: 开始进行多边形确认 · 多边形确认失败 · rejected=0 · elapsed_ms=1.4
[WARN] [1786545830.648046]: 开始进行多边形确认 · 多边形确认失败 · rejected=0 · elapsed_ms=1.6
[WARN] [1786545830.803084]: 开始进行多边形确认 · 多边形确认失败 · rejected=0 · elapsed_ms=1.7
[WARN] [1786545831.275094]: 开始进行多边形确认 · 多边形确认失败 · rejected=0 · elapsed_ms=1.4
[WARN] [1786545831.514298]: 开始进行多边形确认 · 多边形确认失败 · rejected=0 · elapsed_ms=2.0
[WARN] [1786545831.661012]: 开始进行多边形确认 · 多边形确认失败 · rejected=0 · elapsed_ms=1.4
[WARN] [1786545831.789270]: 开始进行多边形确认 · 多边形确认失败 · rejected=0 · elapsed_ms=2.0
[WARN] [1786545832.023081]: 开始进行多边形确认 · 多边形确认失败 · rejected=0 · elapsed_ms=1.5
[WARN] [1786545832.148552]: 开始进行多边形确认 · 多边形确认失败 · rejected=0 · elapsed_ms=1.5
[WARN] [1786545832.270927]: 开始进行多边形确认 · 多边形确认失败 · rejected=0 · elapsed_ms=1.5
[WARN] [1786545832.393793]: 开始进行多边形确认 · 多边形确认失败 · rejected=0 · elapsed_ms=1.2
[WARN] [1786545832.521423]: 开始进行多边形确认 · 多边形确认失败 · rejected=0 · elapsed_ms=1.4
[WARN] [1786545832.651612]: 开始进行多边形确认 · 多边形确认失败 · rejected=0 · elapsed_ms=3.7
[WARN] [1786545832.757041]: 开始进行多边形确认 · 多边形确认失败 · rejected=0 · elapsed_ms=1.3
[WARN] [1786545832.895499]: 开始进行多边形确认 · 多边形确认失败 · rejected=0 · elapsed_ms=1.3
[WARN] [1786545833.047007]: 开始进行多边形确认 · 多边形确认失败 · rejected=0 · elapsed_ms=20.0
[WARN] [1786545833.144656]: 开始进行多边形确认 · 多边形确认失败 · rejected=0 · elapsed_ms=1.3
[WARN] [1786545833.267678]: 开始进行多边形确认 · 多边形确认失败 · rejected=0 · elapsed_ms=1.6
[WARN] [1786545833.395335]: 开始进行多边形确认 · 多边形确认失败 · rejected=0 · elapsed_ms=1.5
[WARN] [1786545833.521650]: 开始进行多边形确认 · 多边形确认失败 · rejected=0 · elapsed_ms=1.9
[WARN] [1786545833.646361]: 开始进行多边形确认 · 多边形确认失败 · rejected=0 · elapsed_ms=1.6
[WARN] [1786545833.760360]: 开始进行多边形确认 · 多边形确认失败 · rejected=0 · elapsed_ms=1.6
[WARN] [1786545833.887724]: 开始进行多边形确认 · 多边形确认失败 · rejected=0 · elapsed_ms=1.6
[WARN] [1786545834.037173]: 开始进行多边形确认 · 多边形确认失败 · rejected=0 · elapsed_ms=1.2
[WARN] [1786545834.134412]: 开始进行多边形确认 · 多边形确认失败 · rejected=0 · elapsed_ms=1.2
[WARN] [1786545834.256964]: 开始进行多边形确认 · 多边形确认失败 · rejected=0 · elapsed_ms=1.2
[WARN] [1786545834.393075]: 开始进行多边形确认 · 多边形确认失败 · rejected=0 · elapsed_ms=1.2
[WARN] [1786545834.503067]: 开始进行多边形确认 · 多边形确认失败 · rejected=0 · elapsed_ms=1.5
[WARN] [1786545834.633006]: 开始进行多边形确认 · 多边形确认失败 · rejected=0 · elapsed_ms=1.5
[WARN] [1786545834.757140]: 开始进行多边形确认 · 多边形确认失败 · rejected=0 · elapsed_ms=1.4
[WARN] [1786545834.890828]: 开始进行多边形确认 · 多边形确认失败 · rejected=0 · elapsed_ms=1.2
[WARN] [1786545835.014184]: 开始进行多边形确认 · 多边形确认失败 · rejected=0 · elapsed_ms=2.5
[WARN] [1786545835.144711]: 开始进行多边形确认 · 多边形确认失败 · rejected=0 · elapsed_ms=1.8
[WARN] [1786545835.266237]: 开始进行多边形确认 · 多边形确认失败 · rejected=0 · elapsed_ms=1.3
[WARN] [1786545835.405497]: 开始进行多边形确认 · 多边形确认失败 · rejected=0 · elapsed_ms=1.4
[WARN] [1786545835.523795]: 开始进行多边形确认 · 多边形确认失败 · rejected=0 · elapsed_ms=1.4
[WARN] [1786545835.653387]: 开始进行多边形确认 · 多边形确认失败 · rejected=0 · elapsed_ms=2.8
[WARN] [1786545835.766926]: 开始进行多边形确认 · 多边形确认失败 · rejected=0 · elapsed_ms=1.5
[WARN] [1786545835.900105]: 开始进行多边形确认 · 多边形确认失败 · rejected=0 · elapsed_ms=1.6
[WARN] [1786545836.021809]: 开始进行多边形确认 · 多边形确认失败 · rejected=0 · elapsed_ms=1.9
[WARN] [1786545836.184615]: 开始进行多边形确认 · 多边形确认失败 · rejected=0 · elapsed_ms=1.9
[WARN] [1786545836.407761]: 开始进行多边形确认 · 多边形确认失败 · rejected=0 · elapsed_ms=1.5
[INFO] [1786545826.956812]: 开始进行多边形确认 · detections=1
[INFO] [1786545827.087187]: 开始进行多边形确认 · detections=1
[INFO] [1786545827.229645]: 开始进行多边形确认 · detections=1
[INFO] [1786545827.355195]: 开始进行多边形确认 · detections=1
[INFO] [1786545827.479931]: 开始进行多边形确认 · detections=1
[INFO] [1786545827.644649]: 开始进行多边形确认 · detections=1
[INFO] [1786545827.731952]: 开始进行多边形确认 · detections=1
[INFO] [1786545827.856488]: 开始进行多边形确认 · detections=1
[INFO] [1786545827.964930]: 开始进行多边形确认 · detections=1
[INFO] [1786545828.115256]: 开始进行多边形确认 · detections=1
[INFO] [1786545828.240042]: 开始进行多边形确认 · detections=1
[INFO] [1786545828.364563]: 开始进行多边形确认 · detections=1
[INFO] [1786545828.491429]: 开始进行多边形确认 · detections=1
[INFO] [1786545828.615729]: 开始进行多边形确认 · detections=1
[INFO] [1786545828.737693]: 开始进行多边形确认 · detections=1
[INFO] [1786545828.833353]: 开始进行多边形确认 · detections=1
[INFO] [1786545828.969164]: 开始进行多边形确认 · detections=1
[INFO] [1786545829.092076]: 开始进行多边形确认 · detections=1
[INFO] [1786545829.222454]: 开始进行多边形确认 · detections=1
[INFO] [1786545829.361093]: 开始进行多边形确认 · detections=1
[INFO] [1786545829.483973]: 开始进行多边形确认 · detections=1
[INFO] [1786545829.609816]: 开始进行多边形确认 · detections=1
[INFO] [1786545829.811890]: 开始进行多边形确认 · detections=1
[INFO] [1786545829.884828]: 开始进行多边形确认 · detections=1
[INFO] [1786545830.013703]: 开始进行多边形确认 · detections=1
[INFO] [1786545830.112389]: 开始进行多边形确认 · detections=1
[INFO] [1786545830.250624]: 开始进行多边形确认 · detections=1
[INFO] [1786545830.401727]: 开始进行多边形确认 · detections=1
[INFO] [1786545830.525321]: 开始进行多边形确认 · detections=1
[INFO] [1786545830.646501]: 开始进行多边形确认 · detections=1
[INFO] [1786545830.801426]: 开始进行多边形确认 · detections=1
[INFO] [1786545830.902350]: RGB-D vision status: model_ready:onnxruntime targets:0 centers:0 tf:0 rejected:0 merged:0 semantic_masks:0
[INFO] [1786545831.273730]: 开始进行多边形确认 · detections=1
[INFO] [1786545831.512356]: 开始进行多边形确认 · detections=1
[INFO] [1786545831.659740]: 开始进行多边形确认 · detections=1
[INFO] [1786545831.787367]: 开始进行多边形确认 · detections=1
[INFO] [1786545832.021670]: 开始进行多边形确认 · detections=1
[INFO] [1786545832.147139]: 开始进行多边形确认 · detections=1
[INFO] [1786545832.269524]: 开始进行多边形确认 · detections=1
[INFO] [1786545832.392644]: 开始进行多边形确认 · detections=1
[INFO] [1786545832.520139]: 开始进行多边形确认 · detections=1
[INFO] [1786545832.648009]: 开始进行多边形确认 · detections=1
[INFO] [1786545832.755744]: 开始进行多边形确认 · detections=1
[INFO] [1786545832.894235]: 开始进行多边形确认 · detections=1
[INFO] [1786545833.027036]: 开始进行多边形确认 · detections=1
[INFO] [1786545833.143440]: 开始进行多边形确认 · detections=1
[INFO] [1786545833.266127]: 开始进行多边形确认 · detections=1
[INFO] [1786545833.393940]: 开始进行多边形确认 · detections=1
[INFO] [1786545833.519924]: 开始进行多边形确认 · detections=1
[INFO] [1786545833.644890]: 开始进行多边形确认 · detections=1
[INFO] [1786545833.758836]: 开始进行多边形确认 · detections=1
[INFO] [1786545833.886186]: 开始进行多边形确认 · detections=1
[INFO] [1786545834.036016]: 开始进行多边形确认 · detections=1
[INFO] [1786545834.133283]: 开始进行多边形确认 · detections=1
[INFO] [1786545834.255781]: 开始进行多边形确认 · detections=1
[INFO] [1786545834.391955]: 开始进行多边形确认 · detections=1
[INFO] [1786545834.501671]: 开始进行多边形确认 · detections=1
[INFO] [1786545834.631614]: 开始进行多边形确认 · detections=1
[INFO] [1786545834.755780]: 开始进行多边形确认 · detections=1
[INFO] [1786545834.889713]: 开始进行多边形确认 · detections=1
[INFO] [1786545835.011754]: 开始进行多边形确认 · detections=1
[INFO] [1786545835.142939]: 开始进行多边形确认 · detections=1
[INFO] [1786545835.264975]: 开始进行多边形确认 · detections=1
[INFO] [1786545835.404220]: 开始进行多边形确认 · detections=1
[INFO] [1786545835.522446]: 开始进行多边形确认 · detections=1
[INFO] [1786545835.650644]: 开始进行多边形确认 · detections=1
[INFO] [1786545835.765542]: 开始进行多边形确认 · detections=1
[INFO] [1786545835.898568]: 开始进行多边形确认 · detections=1
[INFO] [1786545836.020021]: 开始进行多边形确认 · detections=1
[INFO] [1786545836.182796]: 开始进行多边形确认 · detections=1
[INFO] [1786545836.271917]: RGB-D vision status: model_ready:onnxruntime targets:0 centers:0 tf:0 rejected:0 merged:0 semantic_masks:0
[INFO] [1786545836.406378]: 开始进行多边形确认 · detections=1
[INFO] [1786545836.514260]: 开始进行多边形确认 · detections=1
[INFO] [1786545836.630027]: 开始进行多边形确认 · detections=1
[INFO] [1786545836.754681]: 开始进行多边形确认 · detections=1
[INFO] [1786545836.882683]: 开始进行多边形确认 · detections=1
[INFO] [1786545837.007966]: 开始进行多边形确认 · detections=1
[INFO] [1786545837.137587]: 开始进行多边形确认 · detections=1
[INFO] [1786545837.290021]: 开始进行多边形确认 · detections=1
[INFO] [1786545837.381943]: 开始进行多边形确认 · detections=1
[INFO] [1786545837.504321]: 开始进行多边形确认 · detections=1
[INFO] [1786545837.631289]: 开始进行多边形确认 · detections=1
[INFO] [1786545837.760163]: 开始进行多边形确认 · detections=1
[INFO] [1786545837.889548]: 开始进行多边形确认 · detections=1
[INFO] [1786545838.024782]: 开始进行多边形确认 · detections=1
[INFO] [1786545838.146646]: 开始进行多边形确认 · detections=1
[INFO] [1786545838.288321]: 开始进行多边形确认 · detections=1
[INFO] [1786545838.402026]: 开始进行多边形确认 · detections=1
[INFO] [1786545838.513708]: 开始进行多边形确认 · detections=1
[INFO] [1786545838.639766]: 开始进行多边形确认 · detections=1
[INFO] [1786545838.765068]: 开始进行多边形确认 · detections=1
[INFO] [1786545839.012452]: 开始进行多边形确认 · detections=1
[INFO] [1786545839.136354]: 开始进行多边形确认 · detections=1
[INFO] [1786545839.457671]: 开始进行多边形确认 · detections=1
[INFO] [1786545839.532779]: 开始进行多边形确认 · detections=1
[INFO] [1786545839.637030]: 开始进行多边形确认 · detections=1
[INFO] [1786545839.887578]: 开始进行多边形确认 · detections=1
[INFO] [1786545840.011248]: 开始进行多边形确认 · detections=1
[INFO] [1786545840.155831]: 开始进行多边形确认 · detections=1
[INFO] [1786545840.281580]: 开始进行多边形确认 · detections=1
[INFO] [1786545840.392477]: 开始进行多边形确认 · detections=1
[INFO] [1786545840.546291]: 开始进行多边形确认 · detections=1
[INFO] [1786545840.788263]: 开始进行多边形确认 · detections=1
[INFO] [1786545840.911902]: 开始进行多边形确认 · detections=1
[INFO] [1786545841.034707]: 开始进行多边形确认 · detections=1
[INFO] [1786545841.161054]: 开始进行多边形确认 · detections=1
[INFO] [1786545841.285888]: 开始进行多边形确认 · detections=1
[INFO] [1786545841.408792]: 开始进行多边形确认 · detections=1
[INFO] [1786545841.586395]: 开始进行多边形确认 · detections=1
[INFO] [1786545841.644849]: 开始进行多边形确认 · detections=1
[INFO] [1786545841.765282]: 开始进行多边形确认 · detections=1
[INFO] [1786545841.899136]: 开始进行多边形确认 · detections=1
[WARN] [1786545836.515643]: 开始进行多边形确认 · 多边形确认失败 · rejected=0 · elapsed_ms=1.4
[WARN] [1786545836.631246]: 开始进行多边形确认 · 多边形确认失败 · rejected=0 · elapsed_ms=1.3
[WARN] [1786545836.755979]: 开始进行多边形确认 · 多边形确认失败 · rejected=0 · elapsed_ms=1.4
[WARN] [1786545836.884116]: 开始进行多边形确认 · 多边形确认失败 · rejected=0 · elapsed_ms=1.5
[WARN] [1786545837.009366]: 开始进行多边形确认 · 多边形确认失败 · rejected=0 · elapsed_ms=1.4
[WARN] [1786545837.138724]: 开始进行多边形确认 · 多边形确认失败 · rejected=0 · elapsed_ms=1.2
[WARN] [1786545837.291021]: 开始进行多边形确认 · 多边形确认失败 · rejected=0 · elapsed_ms=1.1
[WARN] [1786545837.382983]: 开始进行多边形确认 · 多边形确认失败 · rejected=0 · elapsed_ms=1.1
[WARN] [1786545837.505177]: 开始进行多边形确认 · 多边形确认失败 · rejected=0 · elapsed_ms=0.9
[WARN] [1786545837.632744]: 开始进行多边形确认 · 多边形确认失败 · rejected=0 · elapsed_ms=1.5
[WARN] [1786545837.761428]: 开始进行多边形确认 · 多边形确认失败 · rejected=0 · elapsed_ms=1.3
[WARN] [1786545837.890404]: 开始进行多边形确认 · 多边形确认失败 · rejected=0 · elapsed_ms=0.9
[WARN] [1786545838.026077]: 开始进行多边形确认 · 多边形确认失败 · rejected=0 · elapsed_ms=1.4
[WARN] [1786545838.148095]: 开始进行多边形确认 · 多边形确认失败 · rejected=0 · elapsed_ms=1.5
[WARN] [1786545838.292653]: 开始进行多边形确认 · 多边形确认失败 · rejected=0 · elapsed_ms=4.4
[WARN] [1786545838.403454]: 开始进行多边形确认 · 多边形确认失败 · rejected=0 · elapsed_ms=1.5
[WARN] [1786545838.515223]: 开始进行多边形确认 · 多边形确认失败 · rejected=0 · elapsed_ms=1.6
[WARN] [1786545838.641057]: 开始进行多边形确认 · 多边形确认失败 · rejected=0 · elapsed_ms=1.4
[WARN] [1786545838.766265]: 开始进行多边形确认 · 多边形确认失败 · rejected=0 · elapsed_ms=1.3
[WARN] [1786545839.013617]: 开始进行多边形确认 · 多边形确认失败 · rejected=0 · elapsed_ms=1.2
[WARN] [1786545839.137709]: 开始进行多边形确认 · 多边形确认失败 · rejected=0 · elapsed_ms=1.4
[WARN] [1786545839.459317]: 开始进行多边形确认 · 多边形确认失败 · rejected=0 · elapsed_ms=1.7
[WARN] [1786545839.534194]: 开始进行多边形确认 · 多边形确认失败 · rejected=0 · elapsed_ms=1.5
[WARN] [1786545839.638360]: 开始进行多边形确认 · 多边形确认失败 · rejected=0 · elapsed_ms=1.4
[WARN] [1786545839.888877]: 开始进行多边形确认 · 多边形确认失败 · rejected=0 · elapsed_ms=1.4
[WARN] [1786545840.012450]: 开始进行多边形确认 · 多边形确认失败 · rejected=0 · elapsed_ms=1.3
[WARN] [1786545840.157224]: 开始进行多边形确认 · 多边形确认失败 · rejected=0 · elapsed_ms=1.5
[WARN] [1786545840.283237]: 开始进行多边形确认 · 多边形确认失败 · rejected=0 · elapsed_ms=1.7
[WARN] [1786545840.393874]: 开始进行多边形确认 · 多边形确认失败 · rejected=0 · elapsed_ms=1.4
[WARN] [1786545840.547791]: 开始进行多边形确认 · 多边形确认失败 · rejected=0 · elapsed_ms=1.6
[WARN] [1786545840.789884]: 开始进行多边形确认 · 多边形确认失败 · rejected=0 · elapsed_ms=1.7
[WARN] [1786545840.913141]: 开始进行多边形确认 · 多边形确认失败 · rejected=0 · elapsed_ms=1.3
[WARN] [1786545841.035971]: 开始进行多边形确认 · 多边形确认失败 · rejected=0 · elapsed_ms=1.4
[WARN] [1786545841.162349]: 开始进行多边形确认 · 多边形确认失败 · rejected=0 · elapsed_ms=1.4
[WARN] [1786545841.287123]: 开始进行多边形确认 · 多边形确认失败 · rejected=0 · elapsed_ms=1.3
[WARN] [1786545841.410240]: 开始进行多边形确认 · 多边形确认失败 · rejected=0 · elapsed_ms=1.5
[WARN] [1786545841.587882]: 开始进行多边形确认 · 多边形确认失败 · rejected=0 · elapsed_ms=1.6
[WARN] [1786545841.646318]: 开始进行多边形确认 · 多边形确认失败 · rejected=0 · elapsed_ms=1.5
[WARN] [1786545841.766616]: 开始进行多边形确认 · 多边形确认失败 · rejected=0 · elapsed_ms=1.4
[WARN] [1786545841.900385]: 开始进行多边形确认 · 多边形确认失败 · rejected=0 · elapsed_ms=1.3
[WARN] [1786545842.020482]: 开始进行多边形确认 · 多边形确认失败 · rejected=0 · elapsed_ms=1.4
[WARN] [1786545842.146917]: 开始进行多边形确认 · 多边形确认失败 · rejected=0 · elapsed_ms=1.3
[WARN] [1786545842.272614]: 开始进行多边形确认 · 多边形确认失败 · rejected=0 · elapsed_ms=1.4
[WARN] [1786545842.413097]: 开始进行多边形确认 · 多边形确认失败 · rejected=0 · elapsed_ms=1.3
[WARN] [1786545842.543520]: 开始进行多边形确认 · 多边形确认失败 · rejected=0 · elapsed_ms=1.3
[WARN] [1786545842.691378]: 开始进行多边形确认 · 多边形确认失败 · rejected=0 · elapsed_ms=1.3
[WARN] [1786545842.793128]: 开始进行多边形确认 · 多边形确认失败 · rejected=0 · elapsed_ms=1.5
[WARN] [1786545842.914470]: 开始进行多边形确认 · 多边形确认失败 · rejected=0 · elapsed_ms=1.4
[WARN] [1786545843.026870]: 开始进行多边形确认 · 多边形确认失败 · rejected=0 · elapsed_ms=1.3
[WARN] [1786545843.152881]: 开始进行多边形确认 · 多边形确认失败 · rejected=0 · elapsed_ms=1.3
[WARN] [1786545843.277833]: 开始进行多边形确认 · 多边形确认失败 · rejected=0 · elapsed_ms=1.5
[WARN] [1786545843.522720]: 开始进行多边形确认 · 多边形确认失败 · rejected=0 · elapsed_ms=1.1
[WARN] [1786545843.687821]: 开始进行多边形确认 · 多边形确认失败 · rejected=0 · elapsed_ms=1.2
[WARN] [1786545843.782755]: 开始进行多边形确认 · 多边形确认失败 · rejected=0 · elapsed_ms=1.3
[WARN] [1786545843.900321]: 开始进行多边形确认 · 多边形确认失败 · rejected=0 · elapsed_ms=1.4
[WARN] [1786545844.023824]: 开始进行多边形确认 · 多边形确认失败 · rejected=0 · elapsed_ms=1.2
[WARN] [1786545844.154519]: 开始进行多边形确认 · 多边形确认失败 · rejected=0 · elapsed_ms=1.2
[WARN] [1786545844.279622]: 开始进行多边形确认 · 多边形确认失败 · rejected=0 · elapsed_ms=1.3
[WARN] [1786545844.541121]: 开始进行多边形确认 · 多边形确认失败 · rejected=0 · elapsed_ms=1.6
[WARN] [1786545844.702034]: 开始进行多边形确认 · 多边形确认失败 · rejected=0 · elapsed_ms=1.6
[WARN] [1786545844.812930]: 开始进行多边形确认 · 多边形确认失败 · rejected=0 · elapsed_ms=1.6
[WARN] [1786545845.033251]: 开始进行多边形确认 · 多边形确认失败 · rejected=0 · elapsed_ms=1.5
[WARN] [1786545845.157868]: 开始进行多边形确认 · 多边形确认失败 · rejected=0 · elapsed_ms=1.4
[WARN] [1786545845.292618]: 开始进行多边形确认 · 多边形确认失败 · rejected=0 · elapsed_ms=1.4
[WARN] [1786545845.426933]: 开始进行多边形确认 · 多边形确认失败 · rejected=0 · elapsed_ms=1.4
[WARN] [1786545845.555364]: 开始进行多边形确认 · 多边形确认失败 · rejected=0 · elapsed_ms=1.4
[WARN] [1786545845.674433]: 开始进行多边形确认 · 多边形确认失败 · rejected=0 · elapsed_ms=1.4
[WARN] [1786545845.820043]: 开始进行多边形确认 · 多边形确认失败 · rejected=0 · elapsed_ms=1.4
[WARN] [1786545845.929896]: 开始进行多边形确认 · 多边形确认失败 · rejected=0 · elapsed_ms=1.5
[WARN] [1786545846.058620]: 开始进行多边形确认 · 多边形确认失败 · rejected=0 · elapsed_ms=1.8
[WARN] [1786545846.180618]: 开始进行多边形确认 · 多边形确认失败 · rejected=0 · elapsed_ms=1.4
[WARN] [1786545846.302590]: 开始进行多边形确认 · 多边形确认失败 · rejected=0 · elapsed_ms=1.3
[WARN] [1786545846.424468]: 开始进行多边形确认 · 多边形确认失败 · rejected=0 · elapsed_ms=1.5
[WARN] [1786545846.550769]: 开始进行多边形确认 · 多边形确认失败 · rejected=0 · elapsed_ms=1.6
[WARN] [1786545846.692220]: 开始进行多边形确认 · 多边形确认失败 · rejected=0 · elapsed_ms=1.3
[WARN] [1786545846.853414]: 开始进行多边形确认 · 多边形确认失败 · rejected=0 · elapsed_ms=1.8
[WARN] [1786545846.935192]: 开始进行多边形确认 · 多边形确认失败 · rejected=0 · elapsed_ms=1.4
[WARN] [1786545847.066469]: 开始进行多边形确认 · 多边形确认失败 · rejected=0 · elapsed_ms=1.6
[WARN] [1786545847.182745]: 开始进行多边形确认 · 多边形确认失败 · rejected=0 · elapsed_ms=1.3
[WARN] [1786545847.304592]: 开始进行多边形确认 · 多边形确认失败 · rejected=0 · elapsed_ms=1.4
[WARN] [1786545847.427938]: 开始进行多边形确认 · 多边形确认失败 · rejected=0 · elapsed_ms=1.5
[WARN] [1786545847.548824]: 开始进行多边形确认 · 多边形确认失败 · rejected=0 · elapsed_ms=1.3
[WARN] [1786545847.673938]: 开始进行多边形确认 · 多边形确认失败 · rejected=0 · elapsed_ms=1.2
[WARN] [1786545847.927863]: 开始进行多边形确认 · 多边形确认失败 · rejected=0 · elapsed_ms=1.5
[WARN] [1786545848.053890]: 开始进行多边形确认 · 多边形确认失败 · rejected=0 · elapsed_ms=1.6
[WARN] [1786545848.180074]: 开始进行多边形确认 · 多边形确认失败 · rejected=0 · elapsed_ms=1.6
[WARN] [1786545848.306541]: 开始进行多边形确认 · 多边形确认失败 · rejected=0 · elapsed_ms=1.3
[WARN] [1786545848.427339]: 开始进行多边形确认 · 多边形确认失败 · rejected=0 · elapsed_ms=1.4
[WARN] [1786545848.551506]: 开始进行多边形确认 · 多边形确认失败 · rejected=0 · elapsed_ms=1.5
[WARN] [1786545848.678038]: 开始进行多边形确认 · 多边形确认失败 · rejected=0 · elapsed_ms=1.4
[WARN] [1786545848.806124]: 开始进行多边形确认 · 多边形确认失败 · rejected=0 · elapsed_ms=1.3
[WARN] [1786545848.949499]: 开始进行多边形确认 · 多边形确认失败 · rejected=0 · elapsed_ms=1.6
[WARN] [1786545849.058954]: 开始进行多边形确认 · 多边形确认失败 · rejected=0 · elapsed_ms=3.1
[WARN] [1786545849.196771]: 开始进行多边形确认 · 多边形确认失败 · rejected=0 · elapsed_ms=2.9
[WARN] [1786545849.325875]: 开始进行多边形确认 · 多边形确认失败 · rejected=0 · elapsed_ms=2.9
[WARN] [1786545849.433591]: 开始进行多边形确认 · 多边形确认失败 · rejected=0 · elapsed_ms=1.3
[WARN] [1786545849.689239]: 开始进行多边形确认 · 多边形确认失败 · rejected=0 · elapsed_ms=1.6
[WARN] [1786545849.817168]: 开始进行多边形确认 · 多边形确认失败 · rejected=0 · elapsed_ms=1.3
[WARN] [1786545850.019523]: 开始进行多边形确认 · 多边形确认失败 · rejected=0 · elapsed_ms=1.4
[WARN] [1786545850.082486]: 开始进行多边形确认 · 多边形确认失败 · rejected=0 · elapsed_ms=1.1
[WARN] [1786545850.209102]: 开始进行多边形确认 · 多边形确认失败 · rejected=0 · elapsed_ms=1.1
[WARN] [1786545850.333342]: 开始进行多边形确认 · 多边形确认失败 · rejected=0 · elapsed_ms=1.1
[WARN] [1786545850.455123]: 开始进行多边形确认 · 多边形确认失败 · rejected=0 · elapsed_ms=1.3
[WARN] [1786545850.580144]: 开始进行多边形确认 · 多边形确认失败 · rejected=0 · elapsed_ms=1.6
[WARN] [1786545850.829705]: 开始进行多边形确认 · 多边形确认失败 · rejected=0 · elapsed_ms=1.3
[WARN] [1786545850.967204]: 开始进行多边形确认 · 多边形确认失败 · rejected=0 · elapsed_ms=1.6
[WARN] [1786545851.100742]: 开始进行多边形确认 · 多边形确认失败 · rejected=0 · elapsed_ms=1.5
[WARN] [1786545851.208420]: 开始进行多边形确认 · 多边形确认失败 · rejected=0 · elapsed_ms=1.2
[WARN] [1786545851.351234]: 开始进行多边形确认 · 多边形确认失败 · rejected=0 · elapsed_ms=19.8
[WARN] [1786545851.458026]: 开始进行多边形确认 · 多边形确认失败 · rejected=0 · elapsed_ms=1.6
[WARN] [1786545851.603363]: 开始进行多边形确认 · 多边形确认失败 · rejected=0 · elapsed_ms=1.4
[WARN] [1786545851.719836]: 开始进行多边形确认 · 多边形确认失败 · rejected=0 · elapsed_ms=1.4
[WARN] [1786545851.834015]: 开始进行多边形确认 · 多边形确认失败 · rejected=0 · elapsed_ms=1.3
[WARN] [1786545851.978425]: 开始进行多边形确认 · 多边形确认失败 · rejected=0 · elapsed_ms=1.4
[WARN] [1786545852.143560]: 开始进行多边形确认 · 多边形确认失败 · rejected=0 · elapsed_ms=1.6
[WARN] [1786545852.217274]: 开始进行多边形确认 · 多边形确认失败 · rejected=0 · elapsed_ms=1.4
[WARN] [1786545852.338770]: 开始进行多边形确认 · 多边形确认失败 · rejected=0 · elapsed_ms=1.4
[WARN] [1786545852.465716]: 开始进行多边形确认 · 多边形确认失败 · rejected=0 · elapsed_ms=2.9
[WARN] [1786545852.594913]: 开始进行多边形确认 · 多边形确认失败 · rejected=0 · elapsed_ms=1.3
[WARN] [1786545852.735564]: 开始进行多边形确认 · 多边形确认失败 · rejected=0 · elapsed_ms=1.1
[WARN] [1786545852.844197]: 开始进行多边形确认 · 多边形确认失败 · rejected=0 · elapsed_ms=1.2
[WARN] [1786545852.967033]: 开始进行多边形确认 · 多边形确认失败 · rejected=0 · elapsed_ms=1.4
[WARN] [1786545853.251602]: 开始进行多边形确认 · 多边形确认失败 · rejected=0 · elapsed_ms=2.0
[WARN] [1786545853.358889]: 开始进行多边形确认 · 多边形确认失败 · rejected=0 · elapsed_ms=1.8
[WARN] [1786545853.476274]: 开始进行多边形确认 · 多边形确认失败 · rejected=0 · elapsed_ms=1.4
[WARN] [1786545853.605937]: 开始进行多边形确认 · 多边形确认失败 · rejected=0 · elapsed_ms=1.4
[WARN] [1786545853.866174]: 开始进行多边形确认 · 多边形确认失败 · rejected=0 · elapsed_ms=1.3
[WARN] [1786545854.095126]: 开始进行多边形确认 · 多边形确认失败 · rejected=0 · elapsed_ms=1.5
[WARN] [1786545854.259920]: 开始进行多边形确认 · 多边形确认失败 · rejected=0 · elapsed_ms=1.6
[WARN] [1786545854.333359]: 开始进行多边形确认 · 多边形确认失败 · rejected=0 · elapsed_ms=1.5
[WARN] [1786545854.455665]: 开始进行多边形确认 · 多边形确认失败 · rejected=0 · elapsed_ms=1.9
[WARN] [1786545854.602396]: 开始进行多边形确认 · 多边形确认失败 · rejected=0 · elapsed_ms=1.5
[WARN] [1786545854.732007]: 开始进行多边形确认 · 多边形确认失败 · rejected=0 · elapsed_ms=2.6
[WARN] [1786545854.852144]: 开始进行多边形确认 · 多边形确认失败 · rejected=0 · elapsed_ms=1.6
[WARN] [1786545854.974890]: 开始进行多边形确认 · 多边形确认失败 · rejected=0 · elapsed_ms=1.6
[WARN] [1786545855.106643]: 开始进行多边形确认 · 多边形确认失败 · rejected=0 · elapsed_ms=1.8
[WARN] [1786545855.230681]: 开始进行多边形确认 · 多边形确认失败 · rejected=0 · elapsed_ms=1.5
[WARN] [1786545855.481475]: 开始进行多边形确认 · 多边形确认失败 · rejected=0 · elapsed_ms=1.3
[WARN] [1786545855.604006]: 开始进行多边形确认 · 多边形确认失败 · rejected=0 · elapsed_ms=1.6
[WARN] [1786545855.732832]: 开始进行多边形确认 · 多边形确认失败 · rejected=0 · elapsed_ms=1.5
[WARN] [1786545855.853442]: 开始进行多边形确认 · 多边形确认失败 · rejected=0 · elapsed_ms=1.8
[WARN] [1786545855.985055]: 开始进行多边形确认 · 多边形确认失败 · rejected=0 · elapsed_ms=1.5
[WARN] [1786545856.087627]: 开始进行多边形确认 · 多边形确认失败 · rejected=0 · elapsed_ms=1.2
[WARN] [1786545856.222050]: 开始进行多边形确认 · 多边形确认失败 · rejected=0 · elapsed_ms=1.2
[INFO] [1786545842.019138]: 开始进行多边形确认 · detections=1
[INFO] [1786545842.145627]: 开始进行多边形确认 · detections=1
[INFO] [1786545842.271268]: 开始进行多边形确认 · detections=1
[INFO] [1786545842.411870]: 开始进行多边形确认 · detections=1
[INFO] [1786545842.542276]: 开始进行多边形确认 · detections=1
[INFO] [1786545842.690103]: 开始进行多边形确认 · detections=1
[INFO] [1786545842.791692]: 开始进行多边形确认 · detections=1
[INFO] [1786545842.913083]: 开始进行多边形确认 · detections=1
[INFO] [1786545843.025644]: 开始进行多边形确认 · detections=1
[INFO] [1786545843.151666]: 开始进行多边形确认 · detections=1
[INFO] [1786545843.276379]: 开始进行多边形确认 · detections=1
[INFO] [1786545843.396578]: RGB-D vision status: model_ready:onnxruntime targets:0 centers:0 tf:0 rejected:0 merged:0 semantic_masks:0
[INFO] [1786545843.521647]: 开始进行多边形确认 · detections=1
[INFO] [1786545843.686653]: 开始进行多边形确认 · detections=1
[INFO] [1786545843.781503]: 开始进行多边形确认 · detections=1
[INFO] [1786545843.899000]: 开始进行多边形确认 · detections=1
[INFO] [1786545844.022728]: 开始进行多边形确认 · detections=1
[INFO] [1786545844.153379]: 开始进行多边形确认 · detections=1
[INFO] [1786545844.278414]: 开始进行多边形确认 · detections=1
[INFO] [1786545844.539600]: 开始进行多边形确认 · detections=1
[INFO] [1786545844.700501]: 开始进行多边形确认 · detections=1
[INFO] [1786545844.811432]: 开始进行多边形确认 · detections=1
[INFO] [1786545845.031842]: 开始进行多边形确认 · detections=1
[INFO] [1786545845.156560]: 开始进行多边形确认 · detections=1
[INFO] [1786545845.291275]: 开始进行多边形确认 · detections=1
[INFO] [1786545845.425589]: 开始进行多边形确认 · detections=1
[INFO] [1786545845.554059]: 开始进行多边形确认 · detections=1
[INFO] [1786545845.673127]: 开始进行多边形确认 · detections=1
[INFO] [1786545845.818755]: 开始进行多边形确认 · detections=1
[INFO] [1786545845.928487]: 开始进行多边形确认 · detections=1
[INFO] [1786545846.056933]: 开始进行多边形确认 · detections=1
[INFO] [1786545846.179303]: 开始进行多边形确认 · detections=1
[INFO] [1786545846.301378]: 开始进行多边形确认 · detections=1
[INFO] [1786545846.423000]: 开始进行多边形确认 · detections=1
[INFO] [1786545846.549186]: 开始进行多边形确认 · detections=1
[INFO] [1786545846.690983]: 开始进行多边形确认 · detections=1
[INFO] [1786545846.851649]: 开始进行多边形确认 · detections=1
[INFO] [1786545846.933849]: 开始进行多边形确认 · detections=1
[INFO] [1786545847.065001]: 开始进行多边形确认 · detections=1
[INFO] [1786545847.181535]: 开始进行多边形确认 · detections=1
[INFO] [1786545847.303222]: 开始进行多边形确认 · detections=1
[INFO] [1786545847.426506]: 开始进行多边形确认 · detections=1
[INFO] [1786545847.547609]: 开始进行多边形确认 · detections=1
[INFO] [1786545847.672804]: 开始进行多边形确认 · detections=1
[INFO] [1786545847.926497]: 开始进行多边形确认 · detections=1
[INFO] [1786545848.052360]: 开始进行多边形确认 · detections=1
[INFO] [1786545848.178568]: 开始进行多边形确认 · detections=1
[INFO] [1786545848.305294]: 开始进行多边形确认 · detections=1
[INFO] [1786545848.426048]: 开始进行多边形确认 · detections=1
[INFO] [1786545848.550105]: 开始进行多边形确认 · detections=1
[INFO] [1786545848.676698]: 开始进行多边形确认 · detections=1
[INFO] [1786545848.804941]: 开始进行多边形确认 · detections=1
[INFO] [1786545848.947997]: 开始进行多边形确认 · detections=1
[INFO] [1786545849.055926]: 开始进行多边形确认 · detections=1
[INFO] [1786545849.193881]: 开始进行多边形确认 · detections=1
[INFO] [1786545849.323054]: 开始进行多边形确认 · detections=1
[INFO] [1786545849.432339]: 开始进行多边形确认 · detections=1
[INFO] [1786545849.560912]: RGB-D vision status: model_ready:onnxruntime targets:0 centers:0 tf:0 rejected:0 merged:0 semantic_masks:0
[INFO] [1786545849.687737]: 开始进行多边形确认 · detections=1
[INFO] [1786545849.815934]: 开始进行多边形确认 · detections=1
[INFO] [1786545850.018146]: 开始进行多边形确认 · detections=1
[INFO] [1786545850.081493]: 开始进行多边形确认 · detections=1
[INFO] [1786545850.208040]: 开始进行多边形确认 · detections=1
[INFO] [1786545850.332274]: 开始进行多边形确认 · detections=1
[INFO] [1786545850.453911]: 开始进行多边形确认 · detections=1
[INFO] [1786545850.578578]: 开始进行多边形确认 · detections=1
[INFO] [1786545850.828433]: 开始进行多边形确认 · detections=1
[INFO] [1786545850.965675]: 开始进行多边形确认 · detections=1
[INFO] [1786545851.099315]: 开始进行多边形确认 · detections=1
[INFO] [1786545851.207239]: 开始进行多边形确认 · detections=1
[INFO] [1786545851.331426]: 开始进行多边形确认 · detections=1
[INFO] [1786545851.456439]: 开始进行多边形确认 · detections=1
[INFO] [1786545851.602065]: 开始进行多边形确认 · detections=1
[INFO] [1786545851.718557]: 开始进行多边形确认 · detections=1
[INFO] [1786545851.832764]: 开始进行多边形确认 · detections=1
[INFO] [1786545851.977073]: 开始进行多边形确认 · detections=1
[INFO] [1786545852.142040]: 开始进行多边形确认 · detections=1
[INFO] [1786545852.215919]: 开始进行多边形确认 · detections=1
[INFO] [1786545852.337420]: 开始进行多边形确认 · detections=1
[INFO] [1786545852.462719]: 开始进行多边形确认 · detections=1
[INFO] [1786545852.593709]: 开始进行多边形确认 · detections=1
[INFO] [1786545852.734527]: 开始进行多边形确认 · detections=1
[INFO] [1786545852.843060]: 开始进行多边形确认 · detections=1
[INFO] [1786545852.965657]: 开始进行多边形确认 · detections=1
[INFO] [1786545853.249665]: 开始进行多边形确认 · detections=1
[INFO] [1786545853.357196]: 开始进行多边形确认 · detections=1
[INFO] [1786545853.474953]: 开始进行多边形确认 · detections=1
[INFO] [1786545853.604603]: 开始进行多边形确认 · detections=1
[INFO] [1786545853.864912]: 开始进行多边形确认 · detections=1
[INFO] [1786545854.093737]: 开始进行多边形确认 · detections=1
[INFO] [1786545854.258428]: 开始进行多边形确认 · detections=1
[INFO] [1786545854.331919]: 开始进行多边形确认 · detections=1
[INFO] [1786545854.453906]: 开始进行多边形确认 · detections=1
[INFO] [1786545854.600960]: 开始进行多边形确认 · detections=1
[INFO] [1786545854.729491]: 开始进行多边形确认 · detections=1
[INFO] [1786545854.850671]: 开始进行多边形确认 · detections=1
[INFO] [1786545854.973411]: 开始进行多边形确认 · detections=1
[INFO] [1786545855.104840]: 开始进行多边形确认 · detections=1
[INFO] [1786545855.229266]: 开始进行多边形确认 · detections=1
[INFO] [1786545855.357630]: RGB-D vision status: model_ready:onnxruntime targets:0 centers:0 tf:0 rejected:0 merged:0 semantic_masks:0
[INFO] [1786545855.480286]: 开始进行多边形确认 · detections=1
[INFO] [1786545855.602424]: 开始进行多边形确认 · detections=1
[INFO] [1786545855.731384]: 开始进行多边形确认 · detections=1
[INFO] [1786545855.851768]: 开始进行多边形确认 · detections=1
[INFO] [1786545855.983642]: 开始进行多边形确认 · detections=1
[INFO] [1786545856.086469]: 开始进行多边形确认 · detections=1
[INFO] [1786545856.220876]: 开始进行多边形确认 · detections=1
[INFO] [1786545856.584651]: 开始进行多边形确认 · detections=1
[INFO] [1786545856.713916]: 开始进行多边形确认 · detections=1
[INFO] [1786545856.840419]: 开始进行多边形确认 · detections=1
[INFO] [1786545856.964558]: 开始进行多边形确认 · detections=1
[WARN] [1786545856.604289]: 开始进行多边形确认 · 多边形确认失败 · rejected=0 · elapsed_ms=19.7
[WARN] [1786545856.714959]: 开始进行多边形确认 · 多边形确认失败 · rejected=0 · elapsed_ms=1.1
[WARN] [1786545856.842014]: 开始进行多边形确认 · 多边形确认失败 · rejected=0 · elapsed_ms=1.7
[WARN] [1786545856.965558]: 开始进行多边形确认 · 多边形确认失败 · rejected=0 · elapsed_ms=1.1
[WARN] [1786545857.096219]: 开始进行多边形确认 · 多边形确认失败 · rejected=0 · elapsed_ms=1.3
[WARN] [1786545857.232018]: 开始进行多边形确认 · 多边形确认失败 · rejected=0 · elapsed_ms=1.4
[WARN] [1786545857.409930]: 开始进行多边形确认 · 多边形确认失败 · rejected=0 · elapsed_ms=1.6
[WARN] [1786545857.488609]: 开始进行多边形确认 · 多边形确认失败 · rejected=0 · elapsed_ms=1.3
[WARN] [1786545857.614476]: 开始进行多边形确认 · 多边形确认失败 · rejected=0 · elapsed_ms=1.5
[WARN] [1786545857.736107]: 开始进行多边形确认 · 多边形确认失败 · rejected=0 · elapsed_ms=1.6
[WARN] [1786545857.845272]: 开始进行多边形确认 · 多边形确认失败 · rejected=0 · elapsed_ms=1.2
[WARN] [1786545857.972654]: 开始进行多边形确认 · 多边形确认失败 · rejected=0 · elapsed_ms=1.4
[WARN] [1786545858.101547]: 开始进行多边形确认 · 多边形确认失败 · rejected=0 · elapsed_ms=1.4
[WARN] [1786545858.219862]: 开始进行多边形确认 · 多边形确认失败 · rejected=0 · elapsed_ms=1.4
[WARN] [1786545858.343826]: 开始进行多边形确认 · 多边形确认失败 · rejected=0 · elapsed_ms=1.2
[WARN] [1786545858.508328]: 开始进行多边形确认 · 多边形确认失败 · rejected=0 · elapsed_ms=1.6
[WARN] [1786545858.606872]: 开始进行多边形确认 · 多边形确认失败 · rejected=0 · elapsed_ms=1.3
[WARN] [1786545858.721688]: 开始进行多边形确认 · 多边形确认失败 · rejected=0 · elapsed_ms=1.1
[WARN] [1786545858.840974]: 开始进行多边形确认 · 多边形确认失败 · rejected=0 · elapsed_ms=1.1
[WARN] [1786545858.969043]: 开始进行多边形确认 · 多边形确认失败 · rejected=0 · elapsed_ms=1.4
[WARN] [1786545859.093581]: 开始进行多边形确认 · 多边形确认失败 · rejected=0 · elapsed_ms=1.0
[WARN] [1786545859.236144]: 开始进行多边形确认 · 多边形确认失败 · rejected=0 · elapsed_ms=1.3
[WARN] [1786545859.353468]: 开始进行多边形确认 · 多边形确认失败 · rejected=0 · elapsed_ms=1.3
[WARN] [1786545859.500276]: 开始进行多边形确认 · 多边形确认失败 · rejected=0 · elapsed_ms=1.2
[WARN] [1786545859.597680]: 开始进行多边形确认 · 多边形确认失败 · rejected=0 · elapsed_ms=1.2
[WARN] [1786545859.870054]: 开始进行多边形确认 · 多边形确认失败 · rejected=0 · elapsed_ms=1.3
[WARN] [1786545859.990922]: 开始进行多边形确认 · 多边形确认失败 · rejected=0 · elapsed_ms=1.2
[WARN] [1786545860.113650]: 开始进行多边形确认 · 多边形确认失败 · rejected=0 · elapsed_ms=1.4
[WARN] [1786545860.250290]: 开始进行多边形确认 · 多边形确认失败 · rejected=0 · elapsed_ms=1.4
[WARN] [1786545860.372419]: 开始进行多边形确认 · 多边形确认失败 · rejected=0 · elapsed_ms=1.6
[WARN] [1786545860.490853]: 开始进行多边形确认 · 多边形确认失败 · rejected=0 · elapsed_ms=6.1
[WARN] [1786545860.624074]: 开始进行多边形确认 · 多边形确认失败 · rejected=0 · elapsed_ms=1.1
[WARN] [1786545861.002810]: 开始进行多边形确认 · 多边形确认失败 · rejected=0 · elapsed_ms=1.5
[WARN] [1786545861.116507]: 开始进行多边形确认 · 多边形确认失败 · rejected=0 · elapsed_ms=1.8
[WARN] [1786545861.227481]: 开始进行多边形确认 · 多边形确认失败 · rejected=0 · elapsed_ms=1.4
[WARN] [1786545861.353568]: 开始进行多边形确认 · 多边形确认失败 · rejected=0 · elapsed_ms=1.4
[WARN] [1786545861.482924]: 开始进行多边形确认 · 多边形确认失败 · rejected=0 · elapsed_ms=1.1
[WARN] [1786545861.650711]: 开始进行多边形确认 · 多边形确认失败 · rejected=0 · elapsed_ms=19.5
[WARN] [1786545861.737062]: 开始进行多边形确认 · 多边形确认失败 · rejected=0 · elapsed_ms=2.3
[WARN] [1786545861.860020]: 开始进行多边形确认 · 多边形确认失败 · rejected=0 · elapsed_ms=1.2
[WARN] [1786545861.989139]: 开始进行多边形确认 · 多边形确认失败 · rejected=0 · elapsed_ms=1.8
[WARN] [1786545862.115245]: 开始进行多边形确认 · 多边形确认失败 · rejected=0 · elapsed_ms=1.2
[WARN] [1786545862.248900]: 开始进行多边形确认 · 多边形确认失败 · rejected=0 · elapsed_ms=1.2
[WARN] [1786545862.363580]: 开始进行多边形确认 · 多边形确认失败 · rejected=0 · elapsed_ms=1.2
[WARN] [1786545862.486089]: 开始进行多边形确认 · 多边形确认失败 · rejected=0 · elapsed_ms=1.2
[WARN] [1786545862.647602]: 开始进行多边形确认 · 多边形确认失败 · rejected=0 · elapsed_ms=1.7
[WARN] [1786545862.737242]: 开始进行多边形确认 · 多边形确认失败 · rejected=0 · elapsed_ms=1.5
[WARN] [1786545862.987053]: 开始进行多边形确认 · 多边形确认失败 · rejected=0 · elapsed_ms=1.5
[WARN] [1786545863.114365]: 开始进行多边形确认 · 多边形确认失败 · rejected=0 · elapsed_ms=1.3
[WARN] [1786545863.249571]: 开始进行多边形确认 · 多边形确认失败 · rejected=0 · elapsed_ms=1.3
[WARN] [1786545863.368763]: 开始进行多边形确认 · 多边形确认失败 · rejected=0 · elapsed_ms=1.1
[WARN] [1786545863.495577]: 开始进行多边形确认 · 多边形确认失败 · rejected=0 · elapsed_ms=1.3
[WARN] [1786545863.875465]: 开始进行多边形确认 · 多边形确认失败 · rejected=0 · elapsed_ms=1.5
[WARN] [1786545864.011259]: 开始进行多边形确认 · 多边形确认失败 · rejected=0 · elapsed_ms=1.4
[WARN] [1786545864.138588]: 开始进行多边形确认 · 多边形确认失败 · rejected=0 · elapsed_ms=1.4
[WARN] [1786545864.257706]: 开始进行多边形确认 · 多边形确认失败 · rejected=0 · elapsed_ms=1.4
[WARN] [1786545864.646298]: 开始进行多边形确认 · 多边形确认失败 · rejected=0 · elapsed_ms=1.5
[WARN] [1786545864.773955]: 开始进行多边形确认 · 多边形确认失败 · rejected=0 · elapsed_ms=1.3
[WARN] [1786545864.878225]: 开始进行多边形确认 · 多边形确认失败 · rejected=0 · elapsed_ms=1.5
[WARN] [1786545865.266579]: 开始进行多边形确认 · 多边形确认失败 · rejected=0 · elapsed_ms=1.5
[WARN] [1786545865.387591]: 开始进行多边形确认 · 多边形确认失败 · rejected=0 · elapsed_ms=1.3
[WARN] [1786545865.511731]: 开始进行多边形确认 · 多边形确认失败 · rejected=0 · elapsed_ms=1.2
[WARN] [1786545865.634241]: 开始进行多边形确认 · 多边形确认失败 · rejected=0 · elapsed_ms=1.1
[WARN] [1786545865.799994]: 开始进行多边形确认 · 多边形确认失败 · rejected=0 · elapsed_ms=1.4
[WARN] [1786545866.018214]: 开始进行多边形确认 · 多边形确认失败 · rejected=0 · elapsed_ms=1.3
[WARN] [1786545866.270261]: 开始进行多边形确认 · 多边形确认失败 · rejected=0 · elapsed_ms=1.7
[WARN] [1786545866.398789]: 开始进行多边形确认 · 多边形确认失败 · rejected=0 · elapsed_ms=1.4
[WARN] [1786545866.518763]: 开始进行多边形确认 · 多边形确认失败 · rejected=0 · elapsed_ms=1.6
[WARN] [1786545866.665245]: 开始进行多边形确认 · 多边形确认失败 · rejected=0 · elapsed_ms=19.7
[WARN] [1786545866.791337]: 开始进行多边形确认 · 多边形确认失败 · rejected=0 · elapsed_ms=3.2
[WARN] [1786545866.909777]: 开始进行多边形确认 · 多边形确认失败 · rejected=0 · elapsed_ms=1.5
[WARN] [1786545867.120457]: 开始进行多边形确认 · 多边形确认失败 · rejected=0 · elapsed_ms=1.4
[INFO] [1786545857.094933]: 开始进行多边形确认 · detections=1
[INFO] [1786545857.230645]: 开始进行多边形确认 · detections=1
[INFO] [1786545857.408444]: 开始进行多边形确认 · detections=1
[INFO] [1786545857.487412]: 开始进行多边形确认 · detections=1
[INFO] [1786545857.613070]: 开始进行多边形确认 · detections=1
[INFO] [1786545857.734592]: 开始进行多边形确认 · detections=1
[INFO] [1786545857.844152]: 开始进行多边形确认 · detections=1
[INFO] [1786545857.971365]: 开始进行多边形确认 · detections=1
[INFO] [1786545858.100261]: 开始进行多边形确认 · detections=1
[INFO] [1786545858.218487]: 开始进行多边形确认 · detections=1
[INFO] [1786545858.342729]: 开始进行多边形确认 · detections=1
[INFO] [1786545858.506823]: 开始进行多边形确认 · detections=1
[INFO] [1786545858.605674]: 开始进行多边形确认 · detections=1
[INFO] [1786545858.720629]: 开始进行多边形确认 · detections=1
[INFO] [1786545858.839884]: 开始进行多边形确认 · detections=1
[INFO] [1786545858.967761]: 开始进行多边形确认 · detections=1
[INFO] [1786545859.092619]: 开始进行多边形确认 · detections=1
[INFO] [1786545859.234898]: 开始进行多边形确认 · detections=1
[INFO] [1786545859.352229]: 开始进行多边形确认 · detections=1
[INFO] [1786545859.499099]: 开始进行多边形确认 · detections=1
[INFO] [1786545859.596517]: 开始进行多边形确认 · detections=1
[INFO] [1786545859.868826]: 开始进行多边形确认 · detections=1
[INFO] [1786545859.989807]: 开始进行多边形确认 · detections=1
[INFO] [1786545860.112374]: 开始进行多边形确认 · detections=1
[INFO] [1786545860.248990]: 开始进行多边形确认 · detections=1
[INFO] [1786545860.370945]: 开始进行多边形确认 · detections=1
[INFO] [1786545860.484774]: 开始进行多边形确认 · detections=1
[INFO] [1786545860.623111]: 开始进行多边形确认 · detections=1
[INFO] [1786545860.740499]: RGB-D vision status: model_ready:onnxruntime targets:0 centers:0 tf:0 rejected:0 merged:0 semantic_masks:0
[INFO] [1786545861.001405]: 开始进行多边形确认 · detections=1
[INFO] [1786545861.114773]: 开始进行多边形确认 · detections=1
[INFO] [1786545861.226180]: 开始进行多边形确认 · detections=1
[INFO] [1786545861.352187]: 开始进行多边形确认 · detections=1
[INFO] [1786545861.481902]: 开始进行多边形确认 · detections=1
[INFO] [1786545861.631250]: 开始进行多边形确认 · detections=1
[INFO] [1786545861.734829]: 开始进行多边形确认 · detections=1
[INFO] [1786545861.858930]: 开始进行多边形确认 · detections=1
[INFO] [1786545861.987381]: 开始进行多边形确认 · detections=1
[INFO] [1786545862.114113]: 开始进行多边形确认 · detections=1
[INFO] [1786545862.247807]: 开始进行多边形确认 · detections=1
[INFO] [1786545862.362445]: 开始进行多边形确认 · detections=1
[INFO] [1786545862.484926]: 开始进行多边形确认 · detections=1
[INFO] [1786545862.645930]: 开始进行多边形确认 · detections=1
[INFO] [1786545862.735833]: 开始进行多边形确认 · detections=1
[INFO] [1786545862.985645]: 开始进行多边形确认 · detections=1
[INFO] [1786545863.113148]: 开始进行多边形确认 · detections=1
[INFO] [1786545863.248302]: 开始进行多边形确认 · detections=1
[INFO] [1786545863.367740]: 开始进行多边形确认 · detections=1
[INFO] [1786545863.494359]: 开始进行多边形确认 · detections=1
[INFO] [1786545863.874130]: 开始进行多边形确认 · detections=1
[INFO] [1786545864.009916]: 开始进行多边形确认 · detections=1
[INFO] [1786545864.137315]: 开始进行多边形确认 · detections=1
[INFO] [1786545864.256372]: 开始进行多边形确认 · detections=1
[INFO] [1786545864.644904]: 开始进行多边形确认 · detections=1
[INFO] [1786545864.772655]: 开始进行多边形确认 · detections=1
[INFO] [1786545864.876812]: 开始进行多边形确认 · detections=1
[INFO] [1786545865.265190]: 开始进行多边形确认 · detections=1
[INFO] [1786545865.386347]: 开始进行多边形确认 · detections=1
[INFO] [1786545865.510615]: 开始进行多边形确认 · detections=1
[INFO] [1786545865.633250]: 开始进行多边形确认 · detections=1
[INFO] [1786545865.798649]: 开始进行多边形确认 · detections=1
[INFO] [1786545865.892508]: RGB-D vision status: model_ready:onnxruntime targets:0 centers:0 tf:0 rejected:0 merged:0 semantic_masks:0
[INFO] [1786545866.017014]: 开始进行多边形确认 · detections=1
[INFO] [1786545866.268605]: 开始进行多边形确认 · detections=1
[INFO] [1786545866.397432]: 开始进行多边形确认 · detections=1
[INFO] [1786545866.517179]: 开始进行多边形确认 · detections=1
[INFO] [1786545866.645496]: 开始进行多边形确认 · detections=1
[INFO] [1786545866.788224]: 开始进行多边形确认 · detections=1
[INFO] [1786545866.908365]: 开始进行多边形确认 · detections=1
[INFO] [1786545867.119119]: 开始进行多边形确认 · detections=1
[INFO] [1786545867.504405]: 开始进行多边形确认 · detections=1
[INFO] [1786545867.639699]: 开始进行多边形确认 · detections=1
[INFO] [1786545867.764151]: 开始进行多边形确认 · detections=1
[INFO] [1786545867.903216]: 开始进行多边形确认 · detections=1
[INFO] [1786545868.019069]: 开始进行多边形确认 · detections=1
[INFO] [1786545868.119904]: 开始进行多边形确认 · detections=1
[INFO] [1786545868.245012]: 开始进行多边形确认 · detections=1
[INFO] [1786545868.372481]: 开始进行多边形确认 · detections=1
[INFO] [1786545868.504832]: 开始进行多边形确认 · detections=1
[INFO] [1786545868.628264]: 开始进行多边形确认 · detections=1
[INFO] [1786545868.751881]: 开始进行多边形确认 · detections=1
[INFO] [1786545868.932900]: 开始进行多边形确认 · detections=1
[INFO] [1786545869.037231]: 开始进行多边形确认 · detections=1
[INFO] [1786545869.150277]: 开始进行多边形确认 · detections=1
[INFO] [1786545869.280101]: 开始进行多边形确认 · detections=1
[INFO] [1786545869.402584]: 开始进行多边形确认 · detections=1
[INFO] [1786545869.523948]: 开始进行多边形确认 · detections=1
[INFO] [1786545869.653153]: 开始进行多边形确认 · detections=1
[INFO] [1786545869.760178]: 开始进行多边形确认 · detections=1
[INFO] [1786545869.899400]: 开始进行多边形确认 · detections=1
[INFO] [1786545870.144023]: 开始进行多边形确认 · detections=1
[INFO] [1786545870.270386]: 开始进行多边形确认 · detections=1
[INFO] [1786545870.396853]: 开始进行多边形确认 · detections=1
[INFO] [1786545870.521995]: 开始进行多边形确认 · detections=1
[INFO] [1786545870.646966]: 开始进行多边形确认 · detections=1
[INFO] [1786545870.769975]: 开始进行多边形确认 · detections=1
[INFO] [1786545870.895748]: 开始进行多边形确认 · detections=1
[INFO] [1786545871.070736]: 开始进行多边形确认 · detections=1
[INFO] [1786545871.154257]: 开始进行多边形确认 · detections=1
[INFO] [1786545871.277180]: 开始进行多边形确认 · detections=1
[INFO] [1786545871.391719]: 开始进行多边形确认 · detections=1
[INFO] [1786545871.507898]: 开始进行多边形确认 · detections=1
[INFO] [1786545871.632564]: RGB-D vision status: model_ready:onnxruntime targets:0 centers:0 tf:0 rejected:0 merged:0 semantic_masks:0
[INFO] [1786545871.761457]: 开始进行多边形确认 · detections=1
[INFO] [1786545871.895502]: 开始进行多边形确认 · detections=1
[INFO] [1786545872.007693]: 开始进行多边形确认 · detections=1
[INFO] [1786545872.160404]: 开始进行多边形确认 · detections=1
[INFO] [1786545872.287777]: 开始进行多边形确认 · detections=1
[INFO] [1786545872.388457]: 开始进行多边形确认 · detections=1
[INFO] [1786545872.635558]: 开始进行多边形确认 · detections=1
[INFO] [1786545872.766359]: 开始进行多边形确认 · detections=1
[WARN] [1786545867.505673]: 开始进行多边形确认 · 多边形确认失败 · rejected=0 · elapsed_ms=1.3
[WARN] [1786545867.641292]: 开始进行多边形确认 · 多边形确认失败 · rejected=0 · elapsed_ms=1.6
[WARN] [1786545867.765663]: 开始进行多边形确认 · 多边形确认失败 · rejected=0 · elapsed_ms=1.6
[WARN] [1786545867.904573]: 开始进行多边形确认 · 多边形确认失败 · rejected=0 · elapsed_ms=1.4
[WARN] [1786545868.020360]: 开始进行多边形确认 · 多边形确认失败 · rejected=0 · elapsed_ms=1.4
[WARN] [1786545868.121167]: 开始进行多边形确认 · 多边形确认失败 · rejected=0 · elapsed_ms=1.3
[WARN] [1786545868.246206]: 开始进行多边形确认 · 多边形确认失败 · rejected=0 · elapsed_ms=1.3
[WARN] [1786545868.373643]: 开始进行多边形确认 · 多边形确认失败 · rejected=0 · elapsed_ms=1.2
[WARN] [1786545868.505982]: 开始进行多边形确认 · 多边形确认失败 · rejected=0 · elapsed_ms=1.2
[WARN] [1786545868.629461]: 开始进行多边形确认 · 多边形确认失败 · rejected=0 · elapsed_ms=1.3
[WARN] [1786545868.753230]: 开始进行多边形确认 · 多边形确认失败 · rejected=0 · elapsed_ms=1.4
[WARN] [1786545868.934269]: 开始进行多边形确认 · 多边形确认失败 · rejected=0 · elapsed_ms=1.5
[WARN] [1786545869.038703]: 开始进行多边形确认 · 多边形确认失败 · rejected=0 · elapsed_ms=1.5
[WARN] [1786545869.151589]: 开始进行多边形确认 · 多边形确认失败 · rejected=0 · elapsed_ms=1.4
[WARN] [1786545869.281374]: 开始进行多边形确认 · 多边形确认失败 · rejected=0 · elapsed_ms=1.4
[WARN] [1786545869.403914]: 开始进行多边形确认 · 多边形确认失败 · rejected=0 · elapsed_ms=1.4
[WARN] [1786545869.525486]: 开始进行多边形确认 · 多边形确认失败 · rejected=0 · elapsed_ms=1.6
[WARN] [1786545869.654527]: 开始进行多边形确认 · 多边形确认失败 · rejected=0 · elapsed_ms=1.5
[WARN] [1786545869.761767]: 开始进行多边形确认 · 多边形确认失败 · rejected=0 · elapsed_ms=1.6
[WARN] [1786545869.900788]: 开始进行多边形确认 · 多边形确认失败 · rejected=0 · elapsed_ms=1.4
[WARN] [1786545870.145305]: 开始进行多边形确认 · 多边形确认失败 · rejected=0 · elapsed_ms=1.4
[WARN] [1786545870.271626]: 开始进行多边形确认 · 多边形确认失败 · rejected=0 · elapsed_ms=1.3
[WARN] [1786545870.397935]: 开始进行多边形确认 · 多边形确认失败 · rejected=0 · elapsed_ms=1.1
[WARN] [1786545870.523302]: 开始进行多边形确认 · 多边形确认失败 · rejected=0 · elapsed_ms=1.4
[WARN] [1786545870.648248]: 开始进行多边形确认 · 多边形确认失败 · rejected=0 · elapsed_ms=1.3
[WARN] [1786545870.771291]: 开始进行多边形确认 · 多边形确认失败 · rejected=0 · elapsed_ms=1.4
[WARN] [1786545870.897093]: 开始进行多边形确认 · 多边形确认失败 · rejected=0 · elapsed_ms=1.4
[WARN] [1786545871.072246]: 开始进行多边形确认 · 多边形确认失败 · rejected=0 · elapsed_ms=1.6
[WARN] [1786545871.155718]: 开始进行多边形确认 · 多边形确认失败 · rejected=0 · elapsed_ms=1.5
[WARN] [1786545871.280301]: 开始进行多边形确认 · 多边形确认失败 · rejected=0 · elapsed_ms=3.2
[WARN] [1786545871.392966]: 开始进行多边形确认 · 多边形确认失败 · rejected=0 · elapsed_ms=1.3
[WARN] [1786545871.509327]: 开始进行多边形确认 · 多边形确认失败 · rejected=0 · elapsed_ms=1.5
[WARN] [1786545871.763682]: 开始进行多边形确认 · 多边形确认失败 · rejected=0 · elapsed_ms=2.3
[WARN] [1786545871.896725]: 开始进行多边形确认 · 多边形确认失败 · rejected=0 · elapsed_ms=1.3
[WARN] [1786545872.008857]: 开始进行多边形确认 · 多边形确认失败 · rejected=0 · elapsed_ms=1.2
[WARN] [1786545872.161374]: 开始进行多边形确认 · 多边形确认失败 · rejected=0 · elapsed_ms=1.1
[WARN] [1786545872.289121]: 开始进行多边形确认 · 多边形确认失败 · rejected=0 · elapsed_ms=1.4
[WARN] [1786545872.389508]: 开始进行多边形确认 · 多边形确认失败 · rejected=0 · elapsed_ms=1.1
[WARN] [1786545872.636796]: 开始进行多边形确认 · 多边形确认失败 · rejected=0 · elapsed_ms=1.3
[WARN] [1786545872.767756]: 开始进行多边形确认 · 多边形确认失败 · rejected=0 · elapsed_ms=1.5
[WARN] [1786545872.916686]: 开始进行多边形确认 · 多边形确认失败 · rejected=0 · elapsed_ms=1.7
[WARN] [1786545873.175271]: 开始进行多边形确认 · 多边形确认失败 · rejected=0 · elapsed_ms=1.7
[WARN] [1786545873.265944]: 开始进行多边形确认 · 多边形确认失败 · rejected=0 · elapsed_ms=1.4
[WARN] [1786545873.417592]: 开始进行多边形确认 · 多边形确认失败 · rejected=0 · elapsed_ms=1.6
[WARN] [1786545873.659919]: 开始进行多边形确认 · 多边形确认失败 · rejected=0 · elapsed_ms=1.6
[WARN] [1786545873.788893]: 开始进行多边形确认 · 多边形确认失败 · rejected=0 · elapsed_ms=1.3
[WARN] [1786545873.918123]: 开始进行多边形确认 · 多边形确认失败 · rejected=0 · elapsed_ms=1.4
[WARN] [1786545874.024876]: 开始进行多边形确认 · 多边形确认失败 · rejected=0 · elapsed_ms=1.4
[WARN] [1786545874.399288]: 开始进行多边形确认 · 多边形确认失败 · rejected=0 · elapsed_ms=1.4
[WARN] [1786545874.543090]: 开始进行多边形确认 · 多边形确认失败 · rejected=0 · elapsed_ms=1.4
[WARN] [1786545874.665036]: 开始进行多边形确认 · 多边形确认失败 · rejected=0 · elapsed_ms=1.7
[WARN] [1786545874.799507]: 开始进行多边形确认 · 多边形确认失败 · rejected=0 · elapsed_ms=1.6
[WARN] [1786545874.922611]: 开始进行多边形确认 · 多边形确认失败 · rejected=0 · elapsed_ms=1.4
[WARN] [1786545875.044661]: 开始进行多边形确认 · 多边形确认失败 · rejected=0 · elapsed_ms=1.8
[WARN] [1786545875.175645]: 开始进行多边形确认 · 多边形确认失败 · rejected=0 · elapsed_ms=1.5
[WARN] [1786545875.317729]: 开始进行多边形确认 · 多边形确认失败 · rejected=0 · elapsed_ms=1.6
[WARN] [1786545875.538616]: 开始进行多边形确认 · 多边形确认失败 · rejected=0 · elapsed_ms=1.6
[WARN] [1786545875.669634]: 开始进行多边形确认 · 多边形确认失败 · rejected=0 · elapsed_ms=1.5
[WARN] [1786545875.781939]: 开始进行多边形确认 · 多边形确认失败 · rejected=0 · elapsed_ms=1.2
[WARN] [1786545875.918727]: 开始进行多边形确认 · 多边形确认失败 · rejected=0 · elapsed_ms=1.5
[WARN] [1786545876.039233]: 开始进行多边形确认 · 多边形确认失败 · rejected=0 · elapsed_ms=1.5
[WARN] [1786545876.168677]: 开始进行多边形确认 · 多边形确认失败 · rejected=0 · elapsed_ms=1.5
[WARN] [1786545876.305705]: 开始进行多边形确认 · 多边形确认失败 · rejected=0 · elapsed_ms=1.4
[WARN] [1786545876.430257]: 开始进行多边形确认 · 多边形确认失败 · rejected=0 · elapsed_ms=1.6
[WARN] [1786545876.549580]: 开始进行多边形确认 · 多边形确认失败 · rejected=0 · elapsed_ms=1.7
[WARN] [1786545876.668901]: 开始进行多边形确认 · 多边形确认失败 · rejected=0 · elapsed_ms=1.4
[WARN] [1786545876.801956]: 开始进行多边形确认 · 多边形确认失败 · rejected=0 · elapsed_ms=2.4
[WARN] [1786545876.926371]: 开始进行多边形确认 · 多边形确认失败 · rejected=0 · elapsed_ms=1.7
[WARN] [1786545877.051686]: 开始进行多边形确认 · 多边形确认失败 · rejected=0 · elapsed_ms=1.7
[WARN] [1786545877.173796]: 开始进行多边形确认 · 多边形确认失败 · rejected=0 · elapsed_ms=1.6
[WARN] [1786545877.431834]: 开始进行多边形确认 · 多边形确认失败 · rejected=0 · elapsed_ms=1.6
[WARN] [1786545877.533332]: 开始进行多边形确认 · 多边形确认失败 · rejected=0 · elapsed_ms=1.3
[WARN] [1786545877.661055]: 开始进行多边形确认 · 多边形确认失败 · rejected=0 · elapsed_ms=1.4
[WARN] [1786545877.774842]: 开始进行多边形确认 · 多边形确认失败 · rejected=0 · elapsed_ms=1.3
[WARN] [1786545877.914308]: 开始进行多边形确认 · 多边形确认失败 · rejected=0 · elapsed_ms=1.3
[WARN] [1786545878.036674]: 开始进行多边形确认 · 多边形确认失败 · rejected=0 · elapsed_ms=1.3
[WARN] [1786545878.171239]: 开始进行多边形确认 · 多边形确认失败 · rejected=0 · elapsed_ms=1.5
[WARN] [1786545878.304318]: 开始进行多边形确认 · 多边形确认失败 · rejected=0 · elapsed_ms=1.1
[WARN] [1786545878.548176]: 开始进行多边形确认 · 多边形确认失败 · rejected=0 · elapsed_ms=1.3
[WARN] [1786545878.691015]: 开始进行多边形确认 · 多边形确认失败 · rejected=0 · elapsed_ms=1.4
[WARN] [1786545878.815966]: 开始进行多边形确认 · 多边形确认失败 · rejected=0 · elapsed_ms=1.4
[WARN] [1786545878.940368]: 开始进行多边形确认 · 多边形确认失败 · rejected=0 · elapsed_ms=1.8
[WARN] [1786545879.075758]: 开始进行多边形确认 · 多边形确认失败 · rejected=0 · elapsed_ms=1.7
[WARN] [1786545879.199337]: 开始进行多边形确认 · 多边形确认失败 · rejected=0 · elapsed_ms=1.6
[WARN] [1786545879.322682]: 开始进行多边形确认 · 多边形确认失败 · rejected=0 · elapsed_ms=1.5
[WARN] [1786545879.443045]: 开始进行多边形确认 · 多边形确认失败 · rejected=0 · elapsed_ms=1.3
[WARN] [1786545879.593780]: 开始进行多边形确认 · 多边形确认失败 · rejected=0 · elapsed_ms=1.3
[WARN] [1786545879.672836]: 开始进行多边形确认 · 多边形确认失败 · rejected=0 · elapsed_ms=1.3
[WARN] [1786545879.797188]: 开始进行多边形确认 · 多边形确认失败 · rejected=0 · elapsed_ms=1.1
[WARN] [1786545879.931242]: 开始进行多边形确认 · 多边形确认失败 · rejected=0 · elapsed_ms=1.4
[WARN] [1786545880.060168]: 开始进行多边形确认 · 多边形确认失败 · rejected=0 · elapsed_ms=1.5
[WARN] [1786545880.185543]: 开始进行多边形确认 · 多边形确认失败 · rejected=0 · elapsed_ms=1.4
[WARN] [1786545880.309991]: 开始进行多边形确认 · 多边形确认失败 · rejected=0 · elapsed_ms=1.4
[WARN] [1786545880.429574]: 开始进行多边形确认 · 多边形确认失败 · rejected=0 · elapsed_ms=1.3
[WARN] [1786545880.545118]: 开始进行多边形确认 · 多边形确认失败 · rejected=0 · elapsed_ms=1.3
[WARN] [1786545880.720405]: 开始进行多边形确认 · 多边形确认失败 · rejected=0 · elapsed_ms=1.4
[WARN] [1786545880.928625]: 开始进行多边形确认 · 多边形确认失败 · rejected=0 · elapsed_ms=1.2
[WARN] [1786545881.053140]: 开始进行多边形确认 · 多边形确认失败 · rejected=0 · elapsed_ms=1.5
[WARN] [1786545881.191333]: 开始进行多边形确认 · 多边形确认失败 · rejected=0 · elapsed_ms=1.3
[WARN] [1786545881.313557]: 开始进行多边形确认 · 多边形确认失败 · rejected=0 · elapsed_ms=1.3
[WARN] [1786545881.436497]: 开始进行多边形确认 · 多边形确认失败 · rejected=0 · elapsed_ms=1.3
[WARN] [1786545881.564330]: 开始进行多边形确认 · 多边形确认失败 · rejected=0 · elapsed_ms=1.2
[WARN] [1786545881.749651]: 开始进行多边形确认 · 多边形确认失败 · rejected=0 · elapsed_ms=1.4
[WARN] [1786545881.822327]: 开始进行多边形确认 · 多边形确认失败 · rejected=0 · elapsed_ms=2.2
[WARN] [1786545881.943695]: 开始进行多边形确认 · 多边形确认失败 · rejected=0 · elapsed_ms=1.4
[WARN] [1786545882.070193]: 开始进行多边形确认 · 多边形确认失败 · rejected=0 · elapsed_ms=1.4
[WARN] [1786545882.197285]: 开始进行多边形确认 · 多边形确认失败 · rejected=0 · elapsed_ms=1.4
[WARN] [1786545882.322494]: 开始进行多边形确认 · 多边形确认失败 · rejected=0 · elapsed_ms=1.3
[WARN] [1786545882.433825]: 开始进行多边形确认 · 多边形确认失败 · rejected=0 · elapsed_ms=1.3
[WARN] [1786545882.745970]: 开始进行多边形确认 · 多边形确认失败 · rejected=0 · elapsed_ms=1.6
[WARN] [1786545882.826796]: 开始进行多边形确认 · 多边形确认失败 · rejected=0 · elapsed_ms=1.7
[WARN] [1786545882.956180]: 开始进行多边形确认 · 多边形确认失败 · rejected=0 · elapsed_ms=1.6
[WARN] [1786545883.077623]: 开始进行多边形确认 · 多边形确认失败 · rejected=0 · elapsed_ms=1.4
[WARN] [1786545883.208668]: 开始进行多边形确认 · 多边形确认失败 · rejected=0 · elapsed_ms=1.7
[WARN] [1786545883.324546]: 开始进行多边形确认 · 多边形确认失败 · rejected=0 · elapsed_ms=1.5
[WARN] [1786545883.446977]: 开始进行多边形确认 · 多边形确认失败 · rejected=0 · elapsed_ms=1.8
[WARN] [1786545883.697581]: 开始进行多边形确认 · 多边形确认失败 · rejected=0 · elapsed_ms=1.4
[WARN] [1786545883.864535]: 开始进行多边形确认 · 多边形确认失败 · rejected=0 · elapsed_ms=1.4
[WARN] [1786545883.967954]: 开始进行多边形确认 · 多边形确认失败 · rejected=0 · elapsed_ms=1.6
[WARN] [1786545884.197852]: 开始进行多边形确认 · 多边形确认失败 · rejected=0 · elapsed_ms=1.2
[WARN] [1786545884.326911]: 开始进行多边形确认 · 多边形确认失败 · rejected=0 · elapsed_ms=1.3
[WARN] [1786545884.450794]: 开始进行多边形确认 · 多边形确认失败 · rejected=0 · elapsed_ms=1.0
[WARN] [1786545884.573570]: 开始进行多边形确认 · 多边形确认失败 · rejected=0 · elapsed_ms=1.1
[WARN] [1786545884.699705]: 开始进行多边形确认 · 多边形确认失败 · rejected=0 · elapsed_ms=1.4
[WARN] [1786545884.839409]: 开始进行多边形确认 · 多边形确认失败 · rejected=0 · elapsed_ms=1.9
[WARN] [1786545884.955857]: 开始进行多边形确认 · 多边形确认失败 · rejected=0 · elapsed_ms=1.6
[WARN] [1786545885.102139]: 开始进行多边形确认 · 多边形确认失败 · rejected=0 · elapsed_ms=1.5
[WARN] [1786545885.233506]: 开始进行多边形确认 · 多边形确认失败 · rejected=0 · elapsed_ms=1.6
[WARN] [1786545885.358645]: 开始进行多边形确认 · 多边形确认失败 · rejected=0 · elapsed_ms=2.0
[WARN] [1786545885.476018]: 开始进行多边形确认 · 多边形确认失败 · rejected=0 · elapsed_ms=1.7
[WARN] [1786545885.579534]: 开始进行多边形确认 · 多边形确认失败 · rejected=0 · elapsed_ms=1.4
[WARN] [1786545885.699796]: 开始进行多边形确认 · 多边形确认失败 · rejected=0 · elapsed_ms=1.1
[WARN] [1786545885.825106]: 开始进行多边形确认 · 多边形确认失败 · rejected=0 · elapsed_ms=1.3
[WARN] [1786545885.959409]: 开始进行多边形确认 · 多边形确认失败 · rejected=0 · elapsed_ms=1.3
[WARN] [1786545886.089554]: 开始进行多边形确认 · 多边形确认失败 · rejected=0 · elapsed_ms=1.8
[WARN] [1786545886.198667]: 开始进行多边形确认 · 多边形确认失败 · rejected=0 · elapsed_ms=1.2
[WARN] [1786545886.440325]: 开始进行多边形确认 · 多边形确认失败 · rejected=0 · elapsed_ms=1.2
[WARN] [1786545886.576786]: 开始进行多边形确认 · 多边形确认失败 · rejected=0 · elapsed_ms=1.3
[WARN] [1786545886.708616]: 开始进行多边形确认 · 多边形确认失败 · rejected=0 · elapsed_ms=1.2
[WARN] [1786545886.834785]: 开始进行多边形确认 · 多边形确认失败 · rejected=0 · elapsed_ms=1.4
[WARN] [1786545886.980589]: 开始进行多边形确认 · 多边形确认失败 · rejected=0 · elapsed_ms=2.1
[WARN] [1786545887.073496]: 开始进行多边形确认 · 多边形确认失败 · rejected=0 · elapsed_ms=1.3
[WARN] [1786545887.195900]: 开始进行多边形确认 · 多边形确认失败 · rejected=0 · elapsed_ms=1.3
[WARN] [1786545887.315275]: 开始进行多边形确认 · 多边形确认失败 · rejected=0 · elapsed_ms=1.3
[INFO] [1786545872.915041]: 开始进行多边形确认 · detections=1
[INFO] [1786545873.173618]: 开始进行多边形确认 · detections=1
[INFO] [1786545873.264637]: 开始进行多边形确认 · detections=1
[INFO] [1786545873.416066]: 开始进行多边形确认 · detections=1
[INFO] [1786545873.658373]: 开始进行多边形确认 · detections=1
[INFO] [1786545873.787636]: 开始进行多边形确认 · detections=1
[INFO] [1786545873.916857]: 开始进行多边形确认 · detections=1
[INFO] [1786545874.023589]: 开始进行多边形确认 · detections=1
[INFO] [1786545874.397987]: 开始进行多边形确认 · detections=1
[INFO] [1786545874.541744]: 开始进行多边形确认 · detections=1
[INFO] [1786545874.663467]: 开始进行多边形确认 · detections=1
[INFO] [1786545874.797988]: 开始进行多边形确认 · detections=1
[INFO] [1786545874.921252]: 开始进行多边形确认 · detections=1
[INFO] [1786545875.042967]: 开始进行多边形确认 · detections=1
[INFO] [1786545875.174247]: 开始进行多边形确认 · detections=1
[INFO] [1786545875.316144]: 开始进行多边形确认 · detections=1
[INFO] [1786545875.537111]: 开始进行多边形确认 · detections=1
[INFO] [1786545875.668214]: 开始进行多边形确认 · detections=1
[INFO] [1786545875.780779]: 开始进行多边形确认 · detections=1
[INFO] [1786545875.917246]: 开始进行多边形确认 · detections=1
[INFO] [1786545876.037787]: 开始进行多边形确认 · detections=1
[INFO] [1786545876.167293]: 开始进行多边形确认 · detections=1
[INFO] [1786545876.304347]: 开始进行多边形确认 · detections=1
[INFO] [1786545876.428666]: 开始进行多边形确认 · detections=1
[INFO] [1786545876.547936]: 开始进行多边形确认 · detections=1
[INFO] [1786545876.667577]: 开始进行多边形确认 · detections=1
[INFO] [1786545876.799618]: 开始进行多边形确认 · detections=1
[INFO] [1786545876.924667]: 开始进行多边形确认 · detections=1
[INFO] [1786545877.049980]: 开始进行多边形确认 · detections=1
[INFO] [1786545877.172264]: 开始进行多边形确认 · detections=1
[INFO] [1786545877.276785]: RGB-D vision status: model_ready:onnxruntime targets:0 centers:0 tf:0 rejected:0 merged:0 semantic_masks:0
[INFO] [1786545877.430325]: 开始进行多边形确认 · detections=1
[INFO] [1786545877.532112]: 开始进行多边形确认 · detections=1
[INFO] [1786545877.659680]: 开始进行多边形确认 · detections=1
[INFO] [1786545877.773580]: 开始进行多边形确认 · detections=1
[INFO] [1786545877.913038]: 开始进行多边形确认 · detections=1
[INFO] [1786545878.035468]: 开始进行多边形确认 · detections=1
[INFO] [1786545878.169841]: 开始进行多边形确认 · detections=1
[INFO] [1786545878.303228]: 开始进行多边形确认 · detections=1
[INFO] [1786545878.546981]: 开始进行多边形确认 · detections=1
[INFO] [1786545878.689616]: 开始进行多边形确认 · detections=1
[INFO] [1786545878.814661]: 开始进行多边形确认 · detections=1
[INFO] [1786545878.938711]: 开始进行多边形确认 · detections=1
[INFO] [1786545879.074070]: 开始进行多边形确认 · detections=1
[INFO] [1786545879.197762]: 开始进行多边形确认 · detections=1
[INFO] [1786545879.321282]: 开始进行多边形确认 · detections=1
[INFO] [1786545879.441767]: 开始进行多边形确认 · detections=1
[INFO] [1786545879.592562]: 开始进行多边形确认 · detections=1
[INFO] [1786545879.671582]: 开始进行多边形确认 · detections=1
[INFO] [1786545879.796165]: 开始进行多边形确认 · detections=1
[INFO] [1786545879.929896]: 开始进行多边形确认 · detections=1
[INFO] [1786545880.058752]: 开始进行多边形确认 · detections=1
[INFO] [1786545880.184237]: 开始进行多边形确认 · detections=1
[INFO] [1786545880.308666]: 开始进行多边形确认 · detections=1
[INFO] [1786545880.428320]: 开始进行多边形确认 · detections=1
[INFO] [1786545880.543908]: 开始进行多边形确认 · detections=1
[INFO] [1786545880.719044]: 开始进行多边形确认 · detections=1
[INFO] [1786545880.927461]: 开始进行多边形确认 · detections=1
[INFO] [1786545881.051774]: 开始进行多边形确认 · detections=1
[INFO] [1786545881.190156]: 开始进行多边形确认 · detections=1
[INFO] [1786545881.312407]: 开始进行多边形确认 · detections=1
[INFO] [1786545881.435282]: 开始进行多边形确认 · detections=1
[INFO] [1786545881.563161]: 开始进行多边形确认 · detections=1
[INFO] [1786545881.748291]: 开始进行多边形确认 · detections=1
[INFO] [1786545881.820214]: 开始进行多边形确认 · detections=1
[INFO] [1786545881.942385]: 开始进行多边形确认 · detections=1
[INFO] [1786545882.068873]: 开始进行多边形确认 · detections=1
[INFO] [1786545882.195988]: 开始进行多边形确认 · detections=1
[INFO] [1786545882.321316]: 开始进行多边形确认 · detections=1
[INFO] [1786545882.432585]: 开始进行多边形确认 · detections=1
[INFO] [1786545882.563251]: RGB-D vision status: model_ready:onnxruntime targets:0 centers:0 tf:0 rejected:0 merged:0 semantic_masks:0
[INFO] [1786545882.744438]: 开始进行多边形确认 · detections=1
[INFO] [1786545882.825149]: 开始进行多边形确认 · detections=1
[INFO] [1786545882.954638]: 开始进行多边形确认 · detections=1
[INFO] [1786545883.076309]: 开始进行多边形确认 · detections=1
[INFO] [1786545883.207078]: 开始进行多边形确认 · detections=1
[INFO] [1786545883.323165]: 开始进行多边形确认 · detections=1
[INFO] [1786545883.445312]: 开始进行多边形确认 · detections=1
[INFO] [1786545883.696300]: 开始进行多边形确认 · detections=1
[INFO] [1786545883.863198]: 开始进行多边形确认 · detections=1
[INFO] [1786545883.966426]: 开始进行多边形确认 · detections=1
[INFO] [1786545884.196723]: 开始进行多边形确认 · detections=1
[INFO] [1786545884.325644]: 开始进行多边形确认 · detections=1
[INFO] [1786545884.449839]: 开始进行多边形确认 · detections=1
[INFO] [1786545884.572526]: 开始进行多边形确认 · detections=1
[INFO] [1786545884.698333]: 开始进行多边形确认 · detections=1
[INFO] [1786545884.837617]: 开始进行多边形确认 · detections=1
[INFO] [1786545884.954412]: 开始进行多边形确认 · detections=1
[INFO] [1786545885.100765]: 开始进行多边形确认 · detections=1
[INFO] [1786545885.232013]: 开始进行多边形确认 · detections=1
[INFO] [1786545885.356721]: 开始进行多边形确认 · detections=1
[INFO] [1786545885.474443]: 开始进行多边形确认 · detections=1
[INFO] [1786545885.578172]: 开始进行多边形确认 · detections=1
[INFO] [1786545885.698744]: 开始进行多边形确认 · detections=1
[INFO] [1786545885.823876]: 开始进行多边形确认 · detections=1
[INFO] [1786545885.958139]: 开始进行多边形确认 · detections=1
[INFO] [1786545886.087833]: 开始进行多边形确认 · detections=1
[INFO] [1786545886.197499]: 开始进行多边形确认 · detections=1
[INFO] [1786545886.439150]: 开始进行多边形确认 · detections=1
[INFO] [1786545886.575575]: 开始进行多边形确认 · detections=1
[INFO] [1786545886.707492]: 开始进行多边形确认 · detections=1
[INFO] [1786545886.833492]: 开始进行多边形确认 · detections=1
[INFO] [1786545886.978591]: 开始进行多边形确认 · detections=1
[INFO] [1786545887.072240]: 开始进行多边形确认 · detections=1
[INFO] [1786545887.194690]: 开始进行多边形确认 · detections=1
[INFO] [1786545887.314051]: 开始进行多边形确认 · detections=1
[INFO] [1786545887.436921]: 开始进行多边形确认 · detections=1
[INFO] [1786545887.564578]: RGB-D vision status: model_ready:onnxruntime targets:0 centers:0 tf:0 rejected:0 merged:0 semantic_masks:0
[INFO] [1786545887.700678]: 开始进行多边形确认 · detections=1
[INFO] [1786545887.830286]: 开始进行多边形确认 · detections=1
[INFO] [1786545887.959443]: 开始进行多边形确认 · detections=1
[WARN] [1786545887.437992]: 开始进行多边形确认 · 多边形确认失败 · rejected=0 · elapsed_ms=1.1
[WARN] [1786545887.702080]: 开始进行多边形确认 · 多边形确认失败 · rejected=0 · elapsed_ms=1.5
[WARN] [1786545887.831917]: 开始进行多边形确认 · 多边形确认失败 · rejected=0 · elapsed_ms=1.7
[WARN] [1786545887.961167]: 开始进行多边形确认 · 多边形确认失败 · rejected=0 · elapsed_ms=1.8
[WARN] [1786545888.209410]: 开始进行多边形确认 · 多边形确认失败 · rejected=0 · elapsed_ms=1.5
[WARN] [1786545888.457037]: 开始进行多边形确认 · 多边形确认失败 · rejected=0 · elapsed_ms=1.3
[WARN] [1786545888.581494]: 开始进行多边形确认 · 多边形确认失败 · rejected=0 · elapsed_ms=1.3
[WARN] [1786545888.708113]: 开始进行多边形确认 · 多边形确认失败 · rejected=0 · elapsed_ms=1.7
[WARN] [1786545888.829914]: 开始进行多边形确认 · 多边形确认失败 · rejected=0 · elapsed_ms=1.7
[WARN] [1786545888.952857]: 开始进行多边形确认 · 多边形确认失败 · rejected=0 · elapsed_ms=1.6
[WARN] [1786545889.120323]: 开始进行多边形确认 · 多边形确认失败 · rejected=0 · elapsed_ms=1.7
[WARN] [1786545889.217923]: 开始进行多边形确认 · 多边形确认失败 · rejected=0 · elapsed_ms=1.5
[WARN] [1786545889.715317]: 开始进行多边形确认 · 多边形确认失败 · rejected=0 · elapsed_ms=1.4
[WARN] [1786545889.824799]: 开始进行多边形确认 · 多边形确认失败 · rejected=0 · elapsed_ms=1.1
[WARN] [1786545889.948391]: 开始进行多边形确认 · 多边形确认失败 · rejected=0 · elapsed_ms=1.2
[WARN] [1786545890.341639]: 开始进行多边形确认 · 多边形确认失败 · rejected=0 · elapsed_ms=1.3
[WARN] [1786545890.450570]: 开始进行多边形确认 · 多边形确认失败 · rejected=0 · elapsed_ms=1.0
[WARN] [1786545890.574534]: 开始进行多边形确认 · 多边形确认失败 · rejected=0 · elapsed_ms=1.1
[WARN] [1786545890.850083]: 开始进行多边形确认 · 多边形确认失败 · rejected=0 · elapsed_ms=1.7
[WARN] [1786545890.978354]: 开始进行多边形确认 · 多边形确认失败 · rejected=0 · elapsed_ms=1.4
[WARN] [1786545891.108817]: 开始进行多边形确认 · 多边形确认失败 · rejected=0 · elapsed_ms=1.4
[WARN] [1786545891.240737]: 开始进行多边形确认 · 多边形确认失败 · rejected=0 · elapsed_ms=1.4
[WARN] [1786545891.343716]: 开始进行多边形确认 · 多边形确认失败 · rejected=0 · elapsed_ms=1.1
[WARN] [1786545891.461252]: 开始进行多边形确认 · 多边形确认失败 · rejected=0 · elapsed_ms=1.1
[WARN] [1786545891.710003]: 开始进行多边形确认 · 多边形确认失败 · rejected=0 · elapsed_ms=1.1
[WARN] [1786545891.836915]: 开始进行多边形确认 · 多边形确认失败 · rejected=0 · elapsed_ms=1.4
[WARN] [1786545892.351410]: 开始进行多边形确认 · 多边形确认失败 · rejected=0 · elapsed_ms=1.5
[WARN] [1786545892.469422]: 开始进行多边形确认 · 多边形确认失败 · rejected=0 · elapsed_ms=1.2
[WARN] [1786545892.598064]: 开始进行多边形确认 · 多边形确认失败 · rejected=0 · elapsed_ms=1.4
[WARN] [1786545892.730886]: 开始进行多边形确认 · 多边形确认失败 · rejected=0 · elapsed_ms=1.3
[WARN] [1786545892.863453]: 开始进行多边形确认 · 多边形确认失败 · rejected=0 · elapsed_ms=1.3
[WARN] [1786545892.978800]: 开始进行多边形确认 · 多边形确认失败 · rejected=0 · elapsed_ms=1.3
[WARN] [1786545893.112420]: 开始进行多边形确认 · 多边形确认失败 · rejected=0 · elapsed_ms=1.4
[WARN] [1786545893.232421]: 开始进行多边形确认 · 多边形确认失败 · rejected=0 · elapsed_ms=1.3
[WARN] [1786545893.379827]: 开始进行多边形确认 · 多边形确认失败 · rejected=0 · elapsed_ms=1.3
[WARN] [1786545893.487760]: 开始进行多边形确认 · 多边形确认失败 · rejected=0 · elapsed_ms=1.4
[WARN] [1786545893.758835]: 开始进行多边形确认 · 多边形确认失败 · rejected=0 · elapsed_ms=1.8
[WARN] [1786545893.889422]: 开始进行多边形确认 · 多边形确认失败 · rejected=0 · elapsed_ms=3.1
[WARN] [1786545893.993897]: 开始进行多边形确认 · 多边形确认失败 · rejected=0 · elapsed_ms=1.4
[WARN] [1786545894.104101]: 开始进行多边形确认 · 多边形确认失败 · rejected=0 · elapsed_ms=1.3
[WARN] [1786545894.244306]: 开始进行多边形确认 · 多边形确认失败 · rejected=0 · elapsed_ms=1.4
[WARN] [1786545894.611416]: 开始进行多边形确认 · 多边形确认失败 · rejected=0 · elapsed_ms=1.7
[WARN] [1786545894.762016]: 开始进行多边形确认 · 多边形确认失败 · rejected=0 · elapsed_ms=1.6
[WARN] [1786545894.862197]: 开始进行多边形确认 · 多边形确认失败 · rejected=0 · elapsed_ms=1.5
[WARN] [1786545895.006303]: 开始进行多边形确认 · 多边形确认失败 · rejected=0 · elapsed_ms=1.5
[WARN] [1786545895.411523]: 开始进行多边形确认 · 多边形确认失败 · rejected=0 · elapsed_ms=4.9
[WARN] [1786545895.496794]: 开始进行多边形确认 · 多边形确认失败 · rejected=0 · elapsed_ms=1.4
[WARN] [1786545895.611954]: 开始进行多边形确认 · 多边形确认失败 · rejected=0 · elapsed_ms=1.2
[WARN] [1786545895.732640]: 开始进行多边形确认 · 多边形确认失败 · rejected=0 · elapsed_ms=1.2
[WARN] [1786545895.982966]: 开始进行多边形确认 · 多边形确认失败 · rejected=0 · elapsed_ms=1.1
[WARN] [1786545896.103334]: 开始进行多边形确认 · 多边形确认失败 · rejected=0 · elapsed_ms=1.0
[WARN] [1786545896.221582]: 开始进行多边形确认 · 多边形确认失败 · rejected=0 · elapsed_ms=2.4
[WARN] [1786545896.339741]: 开始进行多边形确认 · 多边形确认失败 · rejected=0 · elapsed_ms=1.3
[WARN] [1786545896.484806]: 开始进行多边形确认 · 多边形确认失败 · rejected=0 · elapsed_ms=1.2
[WARN] [1786545896.604564]: 开始进行多边形确认 · 多边形确认失败 · rejected=0 · elapsed_ms=1.2
[WARN] [1786545896.853829]: 开始进行多边形确认 · 多边形确认失败 · rejected=0 · elapsed_ms=1.3
[WARN] [1786545896.983423]: 开始进行多边形确认 · 多边形确认失败 · rejected=0 · elapsed_ms=1.2
[WARN] [1786545897.109702]: 开始进行多边形确认 · 多边形确认失败 · rejected=0 · elapsed_ms=1.3
[WARN] [1786545897.349409]: 开始进行多边形确认 · 多边形确认失败 · rejected=0 · elapsed_ms=1.3
[WARN] [1786545897.643595]: 开始进行多边形确认 · 多边形确认失败 · rejected=0 · elapsed_ms=1.2
[WARN] [1786545897.723641]: 开始进行多边形确认 · 多边形确认失败 · rejected=0 · elapsed_ms=0.8
[WARN] [1786545897.973586]: 开始进行多边形确认 · 多边形确认失败 · rejected=0 · elapsed_ms=1.2
[WARN] [1786545898.126304]: 开始进行多边形确认 · 多边形确认失败 · rejected=0 · elapsed_ms=1.2
[WARN] [1786545898.225595]: 开始进行多边形确认 · 多边形确认失败 · rejected=0 · elapsed_ms=1.5
[WARN] [1786545898.345469]: 开始进行多边形确认 · 多边形确认失败 · rejected=0 · elapsed_ms=1.2
[WARN] [1786545898.472118]: 开始进行多边形确认 · 多边形确认失败 · rejected=0 · elapsed_ms=1.2
[WARN] [1786545898.645759]: 开始进行多边形确认 · 多边形确认失败 · rejected=0 · elapsed_ms=1.2
[WARN] [1786545898.730184]: 开始进行多边形确认 · 多边形确认失败 · rejected=0 · elapsed_ms=1.1
[WARN] [1786545898.858831]: 开始进行多边形确认 · 多边形确认失败 · rejected=0 · elapsed_ms=1.1
[WARN] [1786545898.997880]: 开始进行多边形确认 · 多边形确认失败 · rejected=0 · elapsed_ms=1.4
[WARN] [1786545899.136565]: 开始进行多边形确认 · 多边形确认失败 · rejected=0 · elapsed_ms=1.5
[WARN] [1786545899.251522]: 开始进行多边形确认 · 多边形确认失败 · rejected=0 · elapsed_ms=1.6
[INFO] [1786545888.208037]: 开始进行多边形确认 · detections=1
[INFO] [1786545888.455869]: 开始进行多边形确认 · detections=1
[INFO] [1786545888.580253]: 开始进行多边形确认 · detections=1
[INFO] [1786545888.706489]: 开始进行多边形确认 · detections=1
[INFO] [1786545888.828351]: 开始进行多边形确认 · detections=1
[INFO] [1786545888.951311]: 开始进行多边形确认 · detections=1
[INFO] [1786545889.118724]: 开始进行多边形确认 · detections=1
[INFO] [1786545889.216558]: 开始进行多边形确认 · detections=1
[INFO] [1786545889.714004]: 开始进行多边形确认 · detections=1
[INFO] [1786545889.823741]: 开始进行多边形确认 · detections=1
[INFO] [1786545889.947220]: 开始进行多边形确认 · detections=1
[INFO] [1786545890.340423]: 开始进行多边形确认 · detections=1
[INFO] [1786545890.449647]: 开始进行多边形确认 · detections=1
[INFO] [1786545890.573517]: 开始进行多边形确认 · detections=1
[INFO] [1786545890.848500]: 开始进行多边形确认 · detections=1
[INFO] [1786545890.977052]: 开始进行多边形确认 · detections=1
[INFO] [1786545891.107510]: 开始进行多边形确认 · detections=1
[INFO] [1786545891.239445]: 开始进行多边形确认 · detections=1
[INFO] [1786545891.342639]: 开始进行多边形确认 · detections=1
[INFO] [1786545891.460165]: 开始进行多边形确认 · detections=1
[INFO] [1786545891.708972]: 开始进行多边形确认 · detections=1
[INFO] [1786545891.835634]: 开始进行多边形确认 · detections=1
[INFO] [1786545892.350006]: 开始进行多边形确认 · detections=1
[INFO] [1786545892.468284]: 开始进行多边形确认 · detections=1
[INFO] [1786545892.596681]: 开始进行多边形确认 · detections=1
[INFO] [1786545892.729649]: 开始进行多边形确认 · detections=1
[INFO] [1786545892.862220]: 开始进行多边形确认 · detections=1
[INFO] [1786545892.977544]: 开始进行多边形确认 · detections=1
[INFO] [1786545893.111093]: 开始进行多边形确认 · detections=1
[INFO] [1786545893.231189]: 开始进行多边形确认 · detections=1
[INFO] [1786545893.378556]: 开始进行多边形确认 · detections=1
[INFO] [1786545893.486368]: 开始进行多边形确认 · detections=1
[INFO] [1786545893.632054]: RGB-D vision status: model_ready:onnxruntime targets:0 centers:0 tf:0 rejected:0 merged:0 semantic_masks:0
[INFO] [1786545893.757074]: 开始进行多边形确认 · detections=1
[INFO] [1786545893.886443]: 开始进行多边形确认 · detections=1
[INFO] [1786545893.992593]: 开始进行多边形确认 · detections=1
[INFO] [1786545894.102839]: 开始进行多边形确认 · detections=1
[INFO] [1786545894.243007]: 开始进行多边形确认 · detections=1
[INFO] [1786545894.609720]: 开始进行多边形确认 · detections=1
[INFO] [1786545894.760499]: 开始进行多边形确认 · detections=1
[INFO] [1786545894.860770]: 开始进行多边形确认 · detections=1
[INFO] [1786545895.004961]: 开始进行多边形确认 · detections=1
[INFO] [1786545895.406722]: 开始进行多边形确认 · detections=1
[INFO] [1786545895.495490]: 开始进行多边形确认 · detections=1
[INFO] [1786545895.610802]: 开始进行多边形确认 · detections=1
[INFO] [1786545895.731512]: 开始进行多边形确认 · detections=1
[INFO] [1786545895.981915]: 开始进行多边形确认 · detections=1
[INFO] [1786545896.102347]: 开始进行多边形确认 · detections=1
[INFO] [1786545896.219293]: 开始进行多边形确认 · detections=1
[INFO] [1786545896.338492]: 开始进行多边形确认 · detections=1
[INFO] [1786545896.483677]: 开始进行多边形确认 · detections=1
[INFO] [1786545896.603409]: 开始进行多边形确认 · detections=1
[INFO] [1786545896.852558]: 开始进行多边形确认 · detections=1
[INFO] [1786545896.982305]: 开始进行多边形确认 · detections=1
[INFO] [1786545897.108436]: 开始进行多边形确认 · detections=1
[INFO] [1786545897.348228]: 开始进行多边形确认 · detections=1
[INFO] [1786545897.642464]: 开始进行多边形确认 · detections=1
[INFO] [1786545897.722877]: 开始进行多边形确认 · detections=1
[INFO] [1786545897.972425]: 开始进行多边形确认 · detections=1
[INFO] [1786545898.125148]: 开始进行多边形确认 · detections=1
[INFO] [1786545898.224193]: 开始进行多边形确认 · detections=1
[INFO] [1786545898.344365]: 开始进行多边形确认 · detections=1
[INFO] [1786545898.470971]: 开始进行多边形确认 · detections=1
[INFO] [1786545898.644628]: 开始进行多边形确认 · detections=1
[INFO] [1786545898.729147]: 开始进行多边形确认 · detections=1
[INFO] [1786545898.857757]: 开始进行多边形确认 · detections=1
[INFO] [1786545898.996662]: 开始进行多边形确认 · detections=1
[INFO] [1786545899.135145]: 开始进行多边形确认 · detections=1
[INFO] [1786545899.250033]: 开始进行多边形确认 · detections=1
[INFO] [1786545899.374176]: RGB-D vision status: model_ready:onnxruntime targets:0 centers:0 tf:0 rejected:0 merged:0 semantic_masks:0
[INFO] [1786545899.493985]: 开始进行多边形确认 · detections=1
[INFO] [1786545899.643800]: 开始进行多边形确认 · detections=1
[INFO] [1786545900.012363]: 开始进行多边形确认 · detections=1
[INFO] [1786545900.133487]: 开始进行多边形确认 · detections=1
[INFO] [1786545900.501258]: 开始进行多边形确认 · detections=1
[INFO] [1786545900.631968]: 开始进行多边形确认 · detections=1
[INFO] [1786545900.788749]: 开始进行多边形确认 · detections=1
[INFO] [1786545900.877979]: 开始进行多边形确认 · detections=1
[INFO] [1786545901.010270]: 开始进行多边形确认 · detections=1
[INFO] [1786545901.138600]: 开始进行多边形确认 · detections=1
[INFO] [1786545901.392737]: 开始进行多边形确认 · detections=1
[INFO] [1786545901.515934]: 开始进行多边形确认 · detections=1
[INFO] [1786545901.640213]: 开始进行多边形确认 · detections=1
[INFO] [1786545901.775952]: 开始进行多边形确认 · detections=1
[INFO] [1786545901.890936]: 开始进行多边形确认 · detections=1
[INFO] [1786545902.021920]: 开始进行多边形确认 · detections=1
[INFO] [1786545902.141033]: 开始进行多边形确认 · detections=1
[INFO] [1786545902.272142]: 开始进行多边形确认 · detections=1
[INFO] [1786545902.383875]: 开始进行多边形确认 · detections=1
[INFO] [1786545902.487031]: 开始进行多边形确认 · detections=1
[INFO] [1786545902.637536]: 开始进行多边形确认 · detections=1
[INFO] [1786545902.775264]: 开始进行多边形确认 · detections=1
[INFO] [1786545902.896439]: 开始进行多边形确认 · detections=1
[INFO] [1786545903.002002]: 开始进行多边形确认 · detections=1
[INFO] [1786545903.506438]: 开始进行多边形确认 · detections=1
[INFO] [1786545903.631643]: 开始进行多边形确认 · detections=1
[INFO] [1786545903.744973]: 开始进行多边形确认 · detections=1
[INFO] [1786545903.903787]: 开始进行多边形确认 · detections=1
[INFO] [1786545904.013076]: 开始进行多边形确认 · detections=1
[INFO] [1786545904.123583]: 开始进行多边形确认 · detections=1
[INFO] [1786545904.243858]: 开始进行多边形确认 · detections=1
[INFO] [1786545904.369956]: 开始进行多边形确认 · detections=1
[INFO] [1786545904.492074]: 开始进行多边形确认 · detections=1
[INFO] [1786545904.629043]: 开始进行多边形确认 · detections=1
[INFO] [1786545904.753912]: 开始进行多边形确认 · detections=1
[INFO] [1786545904.901147]: 开始进行多边形确认 · detections=1
[INFO] [1786545905.055553]: RGB-D vision status: model_ready:onnxruntime targets:0 centers:0 tf:0 rejected:0 merged:0 semantic_masks:0
[INFO] [1786545905.266914]: 开始进行多边形确认 · detections=1
[INFO] [1786545905.643252]: 开始进行多边形确认 · detections=1
[INFO] [1786545905.779656]: 开始进行多边形确认 · detections=1
[INFO] [1786545906.065051]: 开始进行多边形确认 · detections=1
[WARN] [1786545899.494988]: 开始进行多边形确认 · 多边形确认失败 · rejected=0 · elapsed_ms=1.0
[WARN] [1786545899.645178]: 开始进行多边形确认 · 多边形确认失败 · rejected=0 · elapsed_ms=1.4
[WARN] [1786545900.013859]: 开始进行多边形确认 · 多边形确认失败 · rejected=0 · elapsed_ms=1.6
[WARN] [1786545900.135053]: 开始进行多边形确认 · 多边形确认失败 · rejected=0 · elapsed_ms=1.6
[WARN] [1786545900.502589]: 开始进行多边形确认 · 多边形确认失败 · rejected=0 · elapsed_ms=1.4
[WARN] [1786545900.633446]: 开始进行多边形确认 · 多边形确认失败 · rejected=0 · elapsed_ms=1.6
[WARN] [1786545900.790142]: 开始进行多边形确认 · 多边形确认失败 · rejected=0 · elapsed_ms=1.5
[WARN] [1786545900.879443]: 开始进行多边形确认 · 多边形确认失败 · rejected=0 · elapsed_ms=1.5
[WARN] [1786545901.011591]: 开始进行多边形确认 · 多边形确认失败 · rejected=0 · elapsed_ms=1.4
[WARN] [1786545901.140577]: 开始进行多边形确认 · 多边形确认失败 · rejected=0 · elapsed_ms=2.0
[WARN] [1786545901.393999]: 开始进行多边形确认 · 多边形确认失败 · rejected=0 · elapsed_ms=1.3
[WARN] [1786545901.517367]: 开始进行多边形确认 · 多边形确认失败 · rejected=0 · elapsed_ms=1.5
[WARN] [1786545901.641690]: 开始进行多边形确认 · 多边形确认失败 · rejected=0 · elapsed_ms=1.6
[WARN] [1786545901.777189]: 开始进行多边形确认 · 多边形确认失败 · rejected=0 · elapsed_ms=1.3
[WARN] [1786545901.892211]: 开始进行多边形确认 · 多边形确认失败 · rejected=0 · elapsed_ms=1.3
[WARN] [1786545902.023254]: 开始进行多边形确认 · 多边形确认失败 · rejected=0 · elapsed_ms=1.4
[WARN] [1786545902.142247]: 开始进行多边形确认 · 多边形确认失败 · rejected=0 · elapsed_ms=1.3
[WARN] [1786545902.273533]: 开始进行多边形确认 · 多边形确认失败 · rejected=0 · elapsed_ms=1.5
[WARN] [1786545902.385089]: 开始进行多边形确认 · 多边形确认失败 · rejected=0 · elapsed_ms=1.3
[WARN] [1786545902.488267]: 开始进行多边形确认 · 多边形确认失败 · rejected=0 · elapsed_ms=1.3
[WARN] [1786545902.638873]: 开始进行多边形确认 · 多边形确认失败 · rejected=0 · elapsed_ms=1.4
[WARN] [1786545902.776917]: 开始进行多边形确认 · 多边形确认失败 · rejected=0 · elapsed_ms=1.7
[WARN] [1786545902.900036]: 开始进行多边形确认 · 多边形确认失败 · rejected=0 · elapsed_ms=3.6
[WARN] [1786545903.003485]: 开始进行多边形确认 · 多边形确认失败 · rejected=0 · elapsed_ms=1.6
[WARN] [1786545903.507779]: 开始进行多边形确认 · 多边形确认失败 · rejected=0 · elapsed_ms=1.4
[WARN] [1786545903.633225]: 开始进行多边形确认 · 多边形确认失败 · rejected=0 · elapsed_ms=1.7
[WARN] [1786545903.746323]: 开始进行多边形确认 · 多边形确认失败 · rejected=0 · elapsed_ms=1.4
[WARN] [1786545903.905280]: 开始进行多边形确认 · 多边形确认失败 · rejected=0 · elapsed_ms=1.6
[WARN] [1786545904.014521]: 开始进行多边形确认 · 多边形确认失败 · rejected=0 · elapsed_ms=1.5
[WARN] [1786545904.124992]: 开始进行多边形确认 · 多边形确认失败 · rejected=0 · elapsed_ms=1.5
[WARN] [1786545904.245249]: 开始进行多边形确认 · 多边形确认失败 · rejected=0 · elapsed_ms=1.5
[WARN] [1786545904.371215]: 开始进行多边形确认 · 多边形确认失败 · rejected=0 · elapsed_ms=1.3
[WARN] [1786545904.493325]: 开始进行多边形确认 · 多边形确认失败 · rejected=0 · elapsed_ms=1.3
[WARN] [1786545904.630671]: 开始进行多边形确认 · 多边形确认失败 · rejected=0 · elapsed_ms=1.7
[WARN] [1786545904.755193]: 开始进行多边形确认 · 多边形确认失败 · rejected=0 · elapsed_ms=1.4
[WARN] [1786545904.902824]: 开始进行多边形确认 · 多边形确认失败 · rejected=0 · elapsed_ms=1.7
[WARN] [1786545905.268200]: 开始进行多边形确认 · 多边形确认失败 · rejected=0 · elapsed_ms=1.4
[WARN] [1786545905.644622]: 开始进行多边形确认 · 多边形确认失败 · rejected=0 · elapsed_ms=1.4
[WARN] [1786545905.781919]: 开始进行多边形确认 · 多边形确认失败 · rejected=0 · elapsed_ms=2.3
[WARN] [1786545906.066534]: 开始进行多边形确认 · 多边形确认失败 · rejected=0 · elapsed_ms=1.6
[WARN] [1786545906.275436]: 开始进行多边形确认 · 多边形确认失败 · rejected=0 · elapsed_ms=1.3
[WARN] [1786545906.393370]: 开始进行多边形确认 · 多边形确认失败 · rejected=0 · elapsed_ms=1.2
[WARN] [1786545906.517767]: 开始进行多边形确认 · 多边形确认失败 · rejected=0 · elapsed_ms=1.3
[WARN] [1786545906.775773]: 开始进行多边形确认 · 多边形确认失败 · rejected=0 · elapsed_ms=1.3
[WARN] [1786545906.900381]: 开始进行多边形确认 · 多边形确认失败 · rejected=0 · elapsed_ms=2.4
[WARN] [1786545907.040112]: 开始进行多边形确认 · 多边形确认失败 · rejected=0 · elapsed_ms=1.6
[WARN] [1786545907.157385]: 开始进行多边形确认 · 多边形确认失败 · rejected=0 · elapsed_ms=1.4
[WARN] [1786545907.305176]: 开始进行多边形确认 · 多边形确认失败 · rejected=0 · elapsed_ms=1.5
[WARN] [1786545907.430401]: 开始进行多边形确认 · 多边形确认失败 · rejected=0 · elapsed_ms=1.9
[WARN] [1786545907.554474]: 开始进行多边形确认 · 多边形确认失败 · rejected=0 · elapsed_ms=1.6
[WARN] [1786545907.800460]: 开始进行多边形确认 · 多边形确认失败 · rejected=0 · elapsed_ms=1.5
[WARN] [1786545907.907215]: 开始进行多边形确认 · 多边形确认失败 · rejected=0 · elapsed_ms=1.4
[WARN] [1786545908.026575]: 开始进行多边形确认 · 多边形确认失败 · rejected=0 · elapsed_ms=1.3
[WARN] [1786545908.419785]: 开始进行多边形确认 · 多边形确认失败 · rejected=0 · elapsed_ms=1.7
[WARN] [1786545908.542598]: 开始进行多边形确认 · 多边形确认失败 · rejected=0 · elapsed_ms=1.3
[WARN] [1786545908.666281]: 开始进行多边形确认 · 多边形确认失败 · rejected=0 · elapsed_ms=1.5
[WARN] [1786545908.915998]: 开始进行多边形确认 · 多边形确认失败 · rejected=0 · elapsed_ms=1.5
[WARN] [1786545909.040318]: 开始进行多边形确认 · 多边形确认失败 · rejected=0 · elapsed_ms=1.5
[WARN] [1786545909.175595]: 开始进行多边形确认 · 多边形确认失败 · rejected=0 · elapsed_ms=1.6
[WARN] [1786545909.412621]: 开始进行多边形确认 · 多边形确认失败 · rejected=0 · elapsed_ms=1.4
[WARN] [1786545909.517320]: 开始进行多边形确认 · 多边形确认失败 · rejected=0 · elapsed_ms=1.3
[WARN] [1786545909.766572]: 开始进行多边形确认 · 多边形确认失败 · rejected=0 · elapsed_ms=1.8
[WARN] [1786545910.013458]: 开始进行多边形确认 · 多边形确认失败 · rejected=0 · elapsed_ms=1.3
[WARN] [1786545910.143597]: 开始进行多边形确认 · 多边形确认失败 · rejected=0 · elapsed_ms=1.5
[WARN] [1786545910.401379]: 开始进行多边形确认 · 多边形确认失败 · rejected=0 · elapsed_ms=1.3
[WARN] [1786545910.534107]: 开始进行多边形确认 · 多边形确认失败 · rejected=0 · elapsed_ms=1.3
[WARN] [1786545910.918295]: 开始进行多边形确认 · 多边形确认失败 · rejected=0 · elapsed_ms=1.3
[WARN] [1786545911.037966]: 开始进行多边形确认 · 多边形确认失败 · rejected=0 · elapsed_ms=1.4
[WARN] [1786545911.172470]: 开始进行多边形确认 · 多边形确认失败 · rejected=0 · elapsed_ms=1.6
[WARN] [1786545911.427806]: 开始进行多边形确认 · 多边形确认失败 · rejected=0 · elapsed_ms=1.6
[WARN] [1786545911.669704]: 开始进行多边形确认 · 多边形确认失败 · rejected=0 · elapsed_ms=1.5
[WARN] [1786545911.791992]: 开始进行多边形确认 · 多边形确认失败 · rejected=0 · elapsed_ms=1.2
[WARN] [1786545911.920101]: 开始进行多边形确认 · 多边形确认失败 · rejected=0 · elapsed_ms=1.5
[WARN] [1786545912.030488]: 开始进行多边形确认 · 多边形确认失败 · rejected=0 · elapsed_ms=1.2
[WARN] [1786545912.151048]: 开始进行多边形确认 · 多边形确认失败 · rejected=0 · elapsed_ms=1.3
[WARN] [1786545912.281239]: 开始进行多边形确认 · 多边形确认失败 · rejected=0 · elapsed_ms=1.3
[WARN] [1786545912.435922]: 开始进行多边形确认 · 多边形确认失败 · rejected=0 · elapsed_ms=1.5
[WARN] [1786545912.520612]: 开始进行多边形确认 · 多边形确认失败 · rejected=0 · elapsed_ms=1.2
[WARN] [1786545912.777064]: 开始进行多边形确认 · 多边形确认失败 · rejected=0 · elapsed_ms=1.6
[WARN] [1786545913.034941]: 开始进行多边形确认 · 多边形确认失败 · rejected=0 · elapsed_ms=2.9
[WARN] [1786545913.175256]: 开始进行多边形确认 · 多边形确认失败 · rejected=0 · elapsed_ms=1.8
[WARN] [1786545913.298316]: 开始进行多边形确认 · 多边形确认失败 · rejected=0 · elapsed_ms=1.4
[WARN] [1786545913.671702]: 开始进行多边形确认 · 多边形确认失败 · rejected=0 · elapsed_ms=1.7
[WARN] [1786545913.777503]: 开始进行多边形确认 · 多边形确认失败 · rejected=0 · elapsed_ms=1.4
[WARN] [1786545913.918478]: 开始进行多边形确认 · 多边形确认失败 · rejected=0 · elapsed_ms=1.6
[WARN] [1786545914.045142]: 开始进行多边形确认 · 多边形确认失败 · rejected=0 · elapsed_ms=1.7
[WARN] [1786545914.195071]: 开始进行多边形确认 · 多边形确认失败 · rejected=0 · elapsed_ms=1.5
[WARN] [1786545914.326182]: 开始进行多边形确认 · 多边形确认失败 · rejected=0 · elapsed_ms=1.5
[WARN] [1786545914.459282]: 开始进行多边形确认 · 多边形确认失败 · rejected=0 · elapsed_ms=7.1
[WARN] [1786545914.810691]: 开始进行多边形确认 · 多边形确认失败 · rejected=0 · elapsed_ms=1.2
[WARN] [1786545914.937891]: 开始进行多边形确认 · 多边形确认失败 · rejected=0 · elapsed_ms=1.5
[WARN] [1786545915.193471]: 开始进行多边形确认 · 多边形确认失败 · rejected=0 · elapsed_ms=1.2
[WARN] [1786545915.436588]: 开始进行多边形确认 · 多边形确认失败 · rejected=0 · elapsed_ms=1.5
[WARN] [1786545915.568838]: 开始进行多边形确认 · 多边形确认失败 · rejected=0 · elapsed_ms=1.7
[WARN] [1786545915.686908]: 开始进行多边形确认 · 多边形确认失败 · rejected=0 · elapsed_ms=1.5
[WARN] [1786545915.800423]: 开始进行多边形确认 · 多边形确认失败 · rejected=0 · elapsed_ms=1.1
[WARN] [1786545915.924111]: 开始进行多边形确认 · 多边形确认失败 · rejected=0 · elapsed_ms=1.1
[WARN] [1786545916.059822]: 开始进行多边形确认 · 多边形确认失败 · rejected=0 · elapsed_ms=1.2
[WARN] [1786545916.184477]: 开始进行多边形确认 · 多边形确认失败 · rejected=0 · elapsed_ms=1.3
[WARN] [1786545916.443863]: 开始进行多边形确认 · 多边形确认失败 · rejected=0 · elapsed_ms=1.2
[WARN] [1786545916.730134]: 开始进行多边形确认 · 多边形确认失败 · rejected=0 · elapsed_ms=1.7
[WARN] [1786545916.830687]: 开始进行多边形确认 · 多边形确认失败 · rejected=0 · elapsed_ms=1.5
[WARN] [1786545916.959657]: 开始进行多边形确认 · 多边形确认失败 · rejected=0 · elapsed_ms=1.6
[WARN] [1786545917.191638]: 开始进行多边形确认 · 多边形确认失败 · rejected=0 · elapsed_ms=1.2
[WARN] [1786545917.311336]: 开始进行多边形确认 · 多边形确认失败 · rejected=0 · elapsed_ms=1.2
[WARN] [1786545917.442427]: 开始进行多边形确认 · 多边形确认失败 · rejected=0 · elapsed_ms=1.2
[WARN] [1786545917.554959]: 开始进行多边形确认 · 多边形确认失败 · rejected=0 · elapsed_ms=1.4
[WARN] [1786545917.683274]: 开始进行多边形确认 · 多边形确认失败 · rejected=0 · elapsed_ms=1.2
[WARN] [1786545917.808423]: 开始进行多边形确认 · 多边形确认失败 · rejected=0 · elapsed_ms=1.2
[WARN] [1786545917.930341]: 开始进行多边形确认 · 多边形确认失败 · rejected=0 · elapsed_ms=1.3
[WARN] [1786545918.050126]: 开始进行多边形确认 · 多边形确认失败 · rejected=0 · elapsed_ms=1.4
[WARN] [1786545918.181490]: 开始进行多边形确认 · 多边形确认失败 · rejected=0 · elapsed_ms=1.3
[WARN] [1786545918.302150]: 开始进行多边形确认 · 多边形确认失败 · rejected=0 · elapsed_ms=1.1
[WARN] [1786545918.427667]: 开始进行多边形确认 · 多边形确认失败 · rejected=0 · elapsed_ms=1.4
[WARN] [1786545918.552657]: 开始进行多边形确认 · 多边形确认失败 · rejected=0 · elapsed_ms=1.5
[WARN] [1786545918.832186]: 开始进行多边形确认 · 多边形确认失败 · rejected=0 · elapsed_ms=1.9
[WARN] [1786545918.956345]: 开始进行多边形确认 · 多边形确认失败 · rejected=0 · elapsed_ms=1.5
[WARN] [1786545919.081144]: 开始进行多边形确认 · 多边形确认失败 · rejected=0 · elapsed_ms=1.6
[WARN] [1786545919.207548]: 开始进行多边形确认 · 多边形确认失败 · rejected=0 · elapsed_ms=1.6
[WARN] [1786545919.327136]: 开始进行多边形确认 · 多边形确认失败 · rejected=0 · elapsed_ms=1.3
[WARN] [1786545919.455854]: 开始进行多边形确认 · 多边形确认失败 · rejected=0 · elapsed_ms=1.7
[WARN] [1786545919.579243]: 开始进行多边形确认 · 多边形确认失败 · rejected=0 · elapsed_ms=1.5
[WARN] [1786545919.707571]: 开始进行多边形确认 · 多边形确认失败 · rejected=0 · elapsed_ms=1.5
[WARN] [1786545919.852021]: 开始进行多边形确认 · 多边形确认失败 · rejected=0 · elapsed_ms=1.7
[WARN] [1786545919.943746]: 开始进行多边形确认 · 多边形确认失败 · rejected=0 · elapsed_ms=1.7
[WARN] [1786545920.065582]: 开始进行多边形确认 · 多边形确认失败 · rejected=0 · elapsed_ms=1.6
[WARN] [1786545920.333493]: 开始进行多边形确认 · 多边形确认失败 · rejected=0 · elapsed_ms=1.4
[WARN] [1786545920.474671]: 开始进行多边形确认 · 多边形确认失败 · rejected=0 · elapsed_ms=19.5
[WARN] [1786545920.689490]: 开始进行多边形确认 · 多边形确认失败 · rejected=0 · elapsed_ms=1.1
[WARN] [1786545920.821011]: 开始进行多边形确认 · 多边形确认失败 · rejected=0 · elapsed_ms=1.3
[WARN] [1786545920.961445]: 开始进行多边形确认 · 多边形确认失败 · rejected=0 · elapsed_ms=1.4
[WARN] [1786545921.202282]: 开始进行多边形确认 · 多边形确认失败 · rejected=0 · elapsed_ms=1.4
[WARN] [1786545921.327807]: 开始进行多边形确认 · 多边形确认失败 · rejected=0 · elapsed_ms=1.2
[WARN] [1786545921.450061]: 开始进行多边形确认 · 多边形确认失败 · rejected=0 · elapsed_ms=1.6
[WARN] [1786545921.685577]: 开始进行多边形确认 · 多边形确认失败 · rejected=0 · elapsed_ms=1.0
[WARN] [1786545921.806330]: 开始进行多边形确认 · 多边形确认失败 · rejected=0 · elapsed_ms=1.1
[WARN] [1786545922.001596]: 开始进行多边形确认 · 多边形确认失败 · rejected=0 · elapsed_ms=1.2
[WARN] [1786545922.064328]: 开始进行多边形确认 · 多边形确认失败 · rejected=0 · elapsed_ms=1.2
[WARN] [1786545922.193427]: 开始进行多边形确认 · 多边形确认失败 · rejected=0 · elapsed_ms=1.2
[WARN] [1786545922.317366]: 开始进行多边形确认 · 多边形确认失败 · rejected=0 · elapsed_ms=1.4
[WARN] [1786545922.444815]: 开始进行多边形确认 · 多边形确认失败 · rejected=0 · elapsed_ms=3.1
[WARN] [1786545922.564286]: 开始进行多边形确认 · 多边形确认失败 · rejected=0 · elapsed_ms=1.1
[WARN] [1786545922.696689]: 开始进行多边形确认 · 多边形确认失败 · rejected=0 · elapsed_ms=1.3
[WARN] [1786545922.975379]: 开始进行多边形确认 · 多边形确认失败 · rejected=0 · elapsed_ms=4.8
[INFO] [1786545906.274212]: 开始进行多边形确认 · detections=1
[INFO] [1786545906.392253]: 开始进行多边形确认 · detections=1
[INFO] [1786545906.516562]: 开始进行多边形确认 · detections=1
[INFO] [1786545906.774527]: 开始进行多边形确认 · detections=1
[INFO] [1786545906.897976]: 开始进行多边形确认 · detections=1
[INFO] [1786545907.038643]: 开始进行多边形确认 · detections=1
[INFO] [1786545907.156108]: 开始进行多边形确认 · detections=1
[INFO] [1786545907.303754]: 开始进行多边形确认 · detections=1
[INFO] [1786545907.428579]: 开始进行多边形确认 · detections=1
[INFO] [1786545907.553009]: 开始进行多边形确认 · detections=1
[INFO] [1786545907.799046]: 开始进行多边形确认 · detections=1
[INFO] [1786545907.905875]: 开始进行多边形确认 · detections=1
[INFO] [1786545908.025342]: 开始进行多边形确认 · detections=1
[INFO] [1786545908.418167]: 开始进行多边形确认 · detections=1
[INFO] [1786545908.541398]: 开始进行多边形确认 · detections=1
[INFO] [1786545908.664844]: 开始进行多边形确认 · detections=1
[INFO] [1786545908.914616]: 开始进行多边形确认 · detections=1
[INFO] [1786545909.038900]: 开始进行多边形确认 · detections=1
[INFO] [1786545909.174056]: 开始进行多边形确认 · detections=1
[INFO] [1786545909.411336]: 开始进行多边形确认 · detections=1
[INFO] [1786545909.516048]: 开始进行多边形确认 · detections=1
[INFO] [1786545909.764795]: 开始进行多边形确认 · detections=1
[INFO] [1786545910.012224]: 开始进行多边形确认 · detections=1
[INFO] [1786545910.142170]: 开始进行多边形确认 · detections=1
[INFO] [1786545910.277810]: RGB-D vision status: model_ready:onnxruntime targets:0 centers:0 tf:0 rejected:0 merged:0 semantic_masks:0
[INFO] [1786545910.400175]: 开始进行多边形确认 · detections=1
[INFO] [1786545910.532811]: 开始进行多边形确认 · detections=1
[INFO] [1786545910.917028]: 开始进行多边形确认 · detections=1
[INFO] [1786545911.036703]: 开始进行多边形确认 · detections=1
[INFO] [1786545911.170969]: 开始进行多边形确认 · detections=1
[INFO] [1786545911.426240]: 开始进行多边形确认 · detections=1
[INFO] [1786545911.668269]: 开始进行多边形确认 · detections=1
[INFO] [1786545911.790882]: 开始进行多边形确认 · detections=1
[INFO] [1786545911.918659]: 开始进行多边形确认 · detections=1
[INFO] [1786545912.029350]: 开始进行多边形确认 · detections=1
[INFO] [1786545912.149838]: 开始进行多边形确认 · detections=1
[INFO] [1786545912.279968]: 开始进行多边形确认 · detections=1
[INFO] [1786545912.434404]: 开始进行多边形确认 · detections=1
[INFO] [1786545912.519469]: 开始进行多边形确认 · detections=1
[INFO] [1786545912.775564]: 开始进行多边形确认 · detections=1
[INFO] [1786545913.032064]: 开始进行多边形确认 · detections=1
[INFO] [1786545913.173543]: 开始进行多边形确认 · detections=1
[INFO] [1786545913.296988]: 开始进行多边形确认 · detections=1
[INFO] [1786545913.670042]: 开始进行多边形确认 · detections=1
[INFO] [1786545913.776160]: 开始进行多边形确认 · detections=1
[INFO] [1786545913.916871]: 开始进行多边形确认 · detections=1
[INFO] [1786545914.043516]: 开始进行多边形确认 · detections=1
[INFO] [1786545914.193648]: 开始进行多边形确认 · detections=1
[INFO] [1786545914.324739]: 开始进行多边形确认 · detections=1
[INFO] [1786545914.452266]: 开始进行多边形确认 · detections=1
[INFO] [1786545914.809560]: 开始进行多边形确认 · detections=1
[INFO] [1786545914.936447]: 开始进行多边形确认 · detections=1
[INFO] [1786545915.192401]: 开始进行多边形确认 · detections=1
[INFO] [1786545915.311032]: RGB-D vision status: model_ready:onnxruntime targets:0 centers:0 tf:0 rejected:0 merged:0 semantic_masks:0
[INFO] [1786545915.435209]: 开始进行多边形确认 · detections=1
[INFO] [1786545915.567254]: 开始进行多边形确认 · detections=1
[INFO] [1786545915.685498]: 开始进行多边形确认 · detections=1
[INFO] [1786545915.799374]: 开始进行多边形确认 · detections=1
[INFO] [1786545915.923112]: 开始进行多边形确认 · detections=1
[INFO] [1786545916.058728]: 开始进行多边形确认 · detections=1
[INFO] [1786545916.183204]: 开始进行多边形确认 · detections=1
[INFO] [1786545916.442731]: 开始进行多边形确认 · detections=1
[INFO] [1786545916.728460]: 开始进行多边形确认 · detections=1
[INFO] [1786545916.829313]: 开始进行多边形确认 · detections=1
[INFO] [1786545916.958139]: 开始进行多边形确认 · detections=1
[INFO] [1786545917.190530]: 开始进行多边形确认 · detections=1
[INFO] [1786545917.310218]: 开始进行多边形确认 · detections=1
[INFO] [1786545917.441339]: 开始进行多边形确认 · detections=1
[INFO] [1786545917.553672]: 开始进行多边形确认 · detections=1
[INFO] [1786545917.682106]: 开始进行多边形确认 · detections=1
[INFO] [1786545917.807285]: 开始进行多边形确认 · detections=1
[INFO] [1786545917.929084]: 开始进行多边形确认 · detections=1
[INFO] [1786545918.048745]: 开始进行多边形确认 · detections=1
[INFO] [1786545918.180225]: 开始进行多边形确认 · detections=1
[INFO] [1786545918.301139]: 开始进行多边形确认 · detections=1
[INFO] [1786545918.426326]: 开始进行多边形确认 · detections=1
[INFO] [1786545918.551255]: 开始进行多边形确认 · detections=1
[INFO] [1786545918.830396]: 开始进行多边形确认 · detections=1
[INFO] [1786545918.954879]: 开始进行多边形确认 · detections=1
[INFO] [1786545919.079670]: 开始进行多边形确认 · detections=1
[INFO] [1786545919.205999]: 开始进行多边形确认 · detections=1
[INFO] [1786545919.325880]: 开始进行多边形确认 · detections=1
[INFO] [1786545919.454252]: 开始进行多边形确认 · detections=1
[INFO] [1786545919.577810]: 开始进行多边形确认 · detections=1
[INFO] [1786545919.706158]: 开始进行多边形确认 · detections=1
[INFO] [1786545919.850420]: 开始进行多边形确认 · detections=1
[INFO] [1786545919.942154]: 开始进行多边形确认 · detections=1
[INFO] [1786545920.064082]: 开始进行多边形确认 · detections=1
[INFO] [1786545920.332216]: 开始进行多边形确认 · detections=1
[INFO] [1786545920.334621]: RGB-D vision status: model_ready:onnxruntime targets:0 centers:0 tf:0 rejected:0 merged:0 semantic_masks:1
[INFO] [1786545920.455126]: 开始进行多边形确认 · detections=1
[INFO] [1786545920.688398]: 开始进行多边形确认 · detections=1
[INFO] [1786545920.819805]: 开始进行多边形确认 · detections=1
[INFO] [1786545920.960161]: 开始进行多边形确认 · detections=1
[INFO] [1786545921.200933]: 开始进行多边形确认 · detections=1
[INFO] [1786545921.326709]: 开始进行多边形确认 · detections=1
[INFO] [1786545921.448579]: 开始进行多边形确认 · detections=1
[INFO] [1786545921.684615]: 开始进行多边形确认 · detections=1
[INFO] [1786545921.805258]: 开始进行多边形确认 · detections=1
[INFO] [1786545922.000465]: 开始进行多边形确认 · detections=1
[INFO] [1786545922.063206]: 开始进行多边形确认 · detections=1
[INFO] [1786545922.192256]: 开始进行多边形确认 · detections=1
[INFO] [1786545922.316058]: 开始进行多边形确认 · detections=1
[INFO] [1786545922.441737]: 开始进行多边形确认 · detections=1
[INFO] [1786545922.563287]: 开始进行多边形确认 · detections=1
[INFO] [1786545922.695470]: 开始进行多边形确认 · detections=1
[INFO] [1786545922.970643]: 开始进行多边形确认 · detections=1
[INFO] [1786545923.081218]: 开始进行多边形确认 · detections=1
[INFO] [1786545923.198660]: 开始进行多边形确认 · detections=1
[INFO] [1786545923.323021]: 开始进行多边形确认 · detections=1
[INFO] [1786545923.448761]: 开始进行多边形确认 · detections=1
[WARN] [1786545923.082387]: 开始进行多边形确认 · 多边形确认失败 · rejected=0 · elapsed_ms=1.2
[WARN] [1786545923.200307]: 开始进行多边形确认 · 多边形确认失败 · rejected=0 · elapsed_ms=1.7
[WARN] [1786545923.324187]: 开始进行多边形确认 · 多边形确认失败 · rejected=0 · elapsed_ms=1.2
[WARN] [1786545923.450217]: 开始进行多边形确认 · 多边形确认失败 · rejected=0 · elapsed_ms=1.5
[WARN] [1786545923.717291]: 开始进行多边形确认 · 多边形确认失败 · rejected=0 · elapsed_ms=1.2
[WARN] [1786545923.844408]: 开始进行多边形确认 · 多边形确认失败 · rejected=0 · elapsed_ms=2.5
[WARN] [1786545924.002821]: 开始进行多边形确认 · 多边形确认失败 · rejected=0 · elapsed_ms=1.3
[WARN] [1786545924.092503]: 开始进行多边形确认 · 多边形确认失败 · rejected=0 · elapsed_ms=1.1
[WARN] [1786545924.231812]: 开始进行多边形确认 · 多边形确认失败 · rejected=0 · elapsed_ms=1.4
[WARN] [1786545924.355121]: 开始进行多边形确认 · 多边形确认失败 · rejected=0 · elapsed_ms=1.4
[WARN] [1786545924.468852]: 开始进行多边形确认 · 多边形确认失败 · rejected=0 · elapsed_ms=1.5
[WARN] [1786545924.595629]: 开始进行多边形确认 · 多边形确认失败 · rejected=0 · elapsed_ms=1.6
[WARN] [1786545924.718105]: 开始进行多边形确认 · 多边形确认失败 · rejected=0 · elapsed_ms=1.5
[WARN] [1786545924.839757]: 开始进行多边形确认 · 多边形确认失败 · rejected=0 · elapsed_ms=1.5
[WARN] [1786545924.969941]: 开始进行多边形确认 · 多边形确认失败 · rejected=0 · elapsed_ms=1.7
[WARN] [1786545925.145663]: 开始进行多边形确认 · 多边形确认失败 · rejected=0 · elapsed_ms=1.3
[WARN] [1786545925.339955]: 开始进行多边形确认 · 多边形确认失败 · rejected=0 · elapsed_ms=1.6
[WARN] [1786545925.460774]: 开始进行多边形确认 · 多边形确认失败 · rejected=0 · elapsed_ms=1.5
[WARN] [1786545925.586550]: 开始进行多边形确认 · 多边形确认失败 · rejected=0 · elapsed_ms=1.5
[WARN] [1786545925.715839]: 开始进行多边形确认 · 多边形确认失败 · rejected=0 · elapsed_ms=1.5
[WARN] [1786545925.976651]: 开始进行多边形确认 · 多边形确认失败 · rejected=0 · elapsed_ms=2.2
[WARN] [1786545926.144341]: 开始进行多边形确认 · 多边形确认失败 · rejected=0 · elapsed_ms=1.5
[WARN] [1786545926.225440]: 开始进行多边形确认 · 多边形确认失败 · rejected=0 · elapsed_ms=1.4
[WARN] [1786545926.347503]: 开始进行多边形确认 · 多边形确认失败 · rejected=0 · elapsed_ms=1.6
[WARN] [1786545926.470772]: 开始进行多边形确认 · 多边形确认失败 · rejected=0 · elapsed_ms=1.5
[WARN] [1786545926.594778]: 开始进行多边形确认 · 多边形确认失败 · rejected=0 · elapsed_ms=1.3
[WARN] [1786545926.847086]: 开始进行多边形确认 · 多边形确认失败 · rejected=0 · elapsed_ms=2.5
[WARN] [1786545926.981239]: 开始进行多边形确认 · 多边形确认失败 · rejected=0 · elapsed_ms=2.6
[WARN] [1786545927.102139]: 开始进行多边形确认 · 多边形确认失败 · rejected=0 · elapsed_ms=1.4
[WARN] [1786545927.211914]: 开始进行多边形确认 · 多边形确认失败 · rejected=0 · elapsed_ms=1.4
[WARN] [1786545927.332648]: 开始进行多边形确认 · 多边形确认失败 · rejected=0 · elapsed_ms=2.2
[WARN] [1786545927.459064]: 开始进行多边形确认 · 多边形确认失败 · rejected=0 · elapsed_ms=1.5
[WARN] [1786545927.603390]: 开始进行多边形确认 · 多边形确认失败 · rejected=0 · elapsed_ms=1.4
[WARN] [1786545927.725905]: 开始进行多边形确认 · 多边形确认失败 · rejected=0 · elapsed_ms=1.3
[WARN] [1786545927.851115]: 开始进行多边形确认 · 多边形确认失败 · rejected=0 · elapsed_ms=1.4
[WARN] [1786545927.985252]: 开始进行多边形确认 · 多边形确认失败 · rejected=0 · elapsed_ms=1.3
[WARN] [1786545928.103442]: 开始进行多边形确认 · 多边形确认失败 · rejected=0 · elapsed_ms=1.4
[WARN] [1786545928.266339]: 开始进行多边形确认 · 多边形确认失败 · rejected=0 · elapsed_ms=1.5
[WARN] [1786545928.353944]: 开始进行多边形确认 · 多边形确认失败 · rejected=0 · elapsed_ms=1.4
[WARN] [1786545928.487797]: 开始进行多边形确认 · 多边形确认失败 · rejected=0 · elapsed_ms=1.6
[WARN] [1786545928.611630]: 开始进行多边形确认 · 多边形确认失败 · rejected=0 · elapsed_ms=1.4
[WARN] [1786545928.732733]: 开始进行多边形确认 · 多边形确认失败 · rejected=0 · elapsed_ms=1.3
[WARN] [1786545928.853352]: 开始进行多边形确认 · 多边形确认失败 · rejected=0 · elapsed_ms=1.5
[WARN] [1786545929.098064]: 开始进行多边形确认 · 多边形确认失败 · rejected=0 · elapsed_ms=1.3
[WARN] [1786545929.230569]: 开始进行多边形确认 · 多边形确认失败 · rejected=0 · elapsed_ms=1.4
[WARN] [1786545929.494141]: 开始进行多边形确认 · 多边形确认失败 · rejected=0 · elapsed_ms=1.5
[WARN] [1786545929.608745]: 开始进行多边形确认 · 多边形确认失败 · rejected=0 · elapsed_ms=1.4
[WARN] [1786545929.739254]: 开始进行多边形确认 · 多边形确认失败 · rejected=0 · elapsed_ms=1.6
[WARN] [1786545929.857722]: 开始进行多边形确认 · 多边形确认失败 · rejected=0 · elapsed_ms=1.4
[WARN] [1786545929.982385]: 开始进行多边形确认 · 多边形确认失败 · rejected=0 · elapsed_ms=1.6
[WARN] [1786545930.110929]: 开始进行多边形确认 · 多边形确认失败 · rejected=0 · elapsed_ms=1.7
[WARN] [1786545930.233853]: 开始进行多边形确认 · 多边形确认失败 · rejected=0 · elapsed_ms=1.6
[WARN] [1786545930.379542]: 开始进行多边形确认 · 多边形确认失败 · rejected=0 · elapsed_ms=1.8
[WARN] [1786545930.485027]: 开始进行多边形确认 · 多边形确认失败 · rejected=0 · elapsed_ms=1.4
[WARN] [1786545930.612844]: 开始进行多边形确认 · 多边形确认失败 · rejected=0 · elapsed_ms=1.5
[WARN] [1786545930.739697]: 开始进行多边形确认 · 多边形确认失败 · rejected=0 · elapsed_ms=1.6
[WARN] [1786545930.863220]: 开始进行多边形确认 · 多边形确认失败 · rejected=0 · elapsed_ms=1.4
[WARN] [1786545930.981959]: 开始进行多边形确认 · 多边形确认失败 · rejected=0 · elapsed_ms=1.4
[WARN] [1786545931.109070]: 开始进行多边形确认 · 多边形确认失败 · rejected=0 · elapsed_ms=1.5
[WARN] [1786545931.241525]: 开始进行多边形确认 · 多边形确认失败 · rejected=0 · elapsed_ms=1.7
[WARN] [1786545931.374462]: 开始进行多边形确认 · 多边形确认失败 · rejected=0 · elapsed_ms=1.5
[WARN] [1786545931.491729]: 开始进行多边形确认 · 多边形确认失败 · rejected=0 · elapsed_ms=1.1
[WARN] [1786545931.604848]: 开始进行多边形确认 · 多边形确认失败 · rejected=0 · elapsed_ms=1.1
[WARN] [1786545931.762149]: 开始进行多边形确认 · 多边形确认失败 · rejected=0 · elapsed_ms=1.2
[WARN] [1786545931.879106]: 开始进行多边形确认 · 多边形确认失败 · rejected=0 · elapsed_ms=1.3
[WARN] [1786545932.003406]: 开始进行多边形确认 · 多边形确认失败 · rejected=0 · elapsed_ms=1.4
[WARN] [1786545932.128106]: 开始进行多边形确认 · 多边形确认失败 · rejected=0 · elapsed_ms=1.7
[WARN] [1786545932.240878]: 开始进行多边形确认 · 多边形确认失败 · rejected=0 · elapsed_ms=1.3
[WARN] [1786545932.529292]: 开始进行多边形确认 · 多边形确认失败 · rejected=0 · elapsed_ms=1.6
[WARN] [1786545932.598187]: 开始进行多边形确认 · 多边形确认失败 · rejected=0 · elapsed_ms=1.3
[WARN] [1786545932.721212]: 开始进行多边形确认 · 多边形确认失败 · rejected=0 · elapsed_ms=1.2
[WARN] [1786545932.849277]: 开始进行多边形确认 · 多边形确认失败 · rejected=0 · elapsed_ms=1.7
[INFO] [1786545923.716163]: 开始进行多边形确认 · detections=1
[INFO] [1786545923.841891]: 开始进行多边形确认 · detections=1
[INFO] [1786545924.001634]: 开始进行多边形确认 · detections=1
[INFO] [1786545924.091434]: 开始进行多边形确认 · detections=1
[INFO] [1786545924.230470]: 开始进行多边形确认 · detections=1
[INFO] [1786545924.353789]: 开始进行多边形确认 · detections=1
[INFO] [1786545924.467364]: 开始进行多边形确认 · detections=1
[INFO] [1786545924.594066]: 开始进行多边形确认 · detections=1
[INFO] [1786545924.716693]: 开始进行多边形确认 · detections=1
[INFO] [1786545924.838291]: 开始进行多边形确认 · detections=1
[INFO] [1786545924.968362]: 开始进行多边形确认 · detections=1
[INFO] [1786545925.144407]: 开始进行多边形确认 · detections=1
[INFO] [1786545925.338497]: 开始进行多边形确认 · detections=1
[INFO] [1786545925.341008]: RGB-D vision status: model_ready:onnxruntime targets:0 centers:0 tf:0 rejected:0 merged:0 semantic_masks:1
[INFO] [1786545925.459411]: 开始进行多边形确认 · detections=1
[INFO] [1786545925.585141]: 开始进行多边形确认 · detections=1
[INFO] [1786545925.714391]: 开始进行多边形确认 · detections=1
[INFO] [1786545925.974503]: 开始进行多边形确认 · detections=1
[INFO] [1786545926.142969]: 开始进行多边形确认 · detections=1
[INFO] [1786545926.224091]: 开始进行多边形确认 · detections=1
[INFO] [1786545926.345953]: 开始进行多边形确认 · detections=1
[INFO] [1786545926.469280]: 开始进行多边形确认 · detections=1
[INFO] [1786545926.593518]: 开始进行多边形确认 · detections=1
[INFO] [1786545926.844631]: 开始进行多边形确认 · detections=1
[INFO] [1786545926.978679]: 开始进行多边形确认 · detections=1
[INFO] [1786545927.100753]: 开始进行多边形确认 · detections=1
[INFO] [1786545927.210597]: 开始进行多边形确认 · detections=1
[INFO] [1786545927.330470]: 开始进行多边形确认 · detections=1
[INFO] [1786545927.457656]: 开始进行多边形确认 · detections=1
[INFO] [1786545927.602115]: 开始进行多边形确认 · detections=1
[INFO] [1786545927.724661]: 开始进行多边形确认 · detections=1
[INFO] [1786545927.849779]: 开始进行多边形确认 · detections=1
[INFO] [1786545927.984030]: 开始进行多边形确认 · detections=1
[INFO] [1786545928.102063]: 开始进行多边形确认 · detections=1
[INFO] [1786545928.264972]: 开始进行多边形确认 · detections=1
[INFO] [1786545928.352591]: 开始进行多边形确认 · detections=1
[INFO] [1786545928.486329]: 开始进行多边形确认 · detections=1
[INFO] [1786545928.610368]: 开始进行多边形确认 · detections=1
[INFO] [1786545928.731484]: 开始进行多边形确认 · detections=1
[INFO] [1786545928.851954]: 开始进行多边形确认 · detections=1
[INFO] [1786545929.096839]: 开始进行多边形确认 · detections=1
[INFO] [1786545929.229217]: 开始进行多边形确认 · detections=1
[INFO] [1786545929.492768]: 开始进行多边形确认 · detections=1
[INFO] [1786545929.607401]: 开始进行多边形确认 · detections=1
[INFO] [1786545929.737770]: 开始进行多边形确认 · detections=1
[INFO] [1786545929.856384]: 开始进行多边形确认 · detections=1
[INFO] [1786545929.980843]: 开始进行多边形确认 · detections=1
[INFO] [1786545930.109363]: 开始进行多边形确认 · detections=1
[INFO] [1786545930.232235]: 开始进行多边形确认 · detections=1
[INFO] [1786545930.377818]: 开始进行多边形确认 · detections=1
[INFO] [1786545930.483729]: 开始进行多边形确认 · detections=1
[INFO] [1786545930.611469]: 开始进行多边形确认 · detections=1
[INFO] [1786545930.738126]: 开始进行多边形确认 · detections=1
[INFO] [1786545930.861912]: 开始进行多边形确认 · detections=1
[INFO] [1786545930.980664]: 开始进行多边形确认 · detections=1
[INFO] [1786545931.107644]: 开始进行多边形确认 · detections=1
[INFO] [1786545931.239923]: 开始进行多边形确认 · detections=1
[INFO] [1786545931.373006]: 开始进行多边形确认 · detections=1
[INFO] [1786545931.490644]: 开始进行多边形确认 · detections=1
[INFO] [1786545931.603812]: 开始进行多边形确认 · detections=1
[INFO] [1786545931.761010]: 开始进行多边形确认 · detections=1
[INFO] [1786545931.877867]: 开始进行多边形确认 · detections=1
[INFO] [1786545932.002126]: 开始进行多边形确认 · detections=1
[INFO] [1786545932.126486]: 开始进行多边形确认 · detections=1
[INFO] [1786545932.239595]: 开始进行多边形确认 · detections=1
[INFO] [1786545932.366849]: RGB-D vision status: model_ready:onnxruntime targets:0 centers:0 tf:0 rejected:0 merged:0 semantic_masks:0
[INFO] [1786545932.527750]: 开始进行多边形确认 · detections=1
[INFO] [1786545932.597001]: 开始进行多边形确认 · detections=1
[INFO] [1786545932.720081]: 开始进行多边形确认 · detections=1
[INFO] [1786545932.847625]: 开始进行多边形确认 · detections=1
[INFO] [1786545932.977666]: 开始进行多边形确认 · detections=1
[INFO] [1786545933.355253]: 开始进行多边形确认 · detections=1
[INFO] [1786545933.744294]: 开始进行多边形确认 · detections=1
[INFO] [1786545933.867676]: 开始进行多边形确认 · detections=1
[INFO] [1786545933.988665]: 开始进行多边形确认 · detections=1
[INFO] [1786545934.107361]: 开始进行多边形确认 · detections=1
[INFO] [1786545934.234456]: 开始进行多边形确认 · detections=1
[INFO] [1786545934.371546]: 开始进行多边形确认 · detections=1
[INFO] [1786545934.513204]: 开始进行多边形确认 · detections=1
[INFO] [1786545934.634390]: 开始进行多边形确认 · detections=1
[INFO] [1786545934.754491]: 开始进行多边形确认 · detections=1
[INFO] [1786545934.873104]: 开始进行多边形确认 · detections=1
[INFO] [1786545935.005350]: 开始进行多边形确认 · detections=1
[INFO] [1786545935.130049]: 开始进行多边形确认 · detections=1
[INFO] [1786545935.261488]: 开始进行多边形确认 · detections=1
[INFO] [1786545935.383107]: 开始进行多边形确认 · detections=1
[INFO] [1786545935.512239]: 开始进行多边形确认 · detections=1
[INFO] [1786545935.759142]: 开始进行多边形确认 · detections=1
[INFO] [1786545935.878973]: 开始进行多边形确认 · detections=1
[INFO] [1786545936.128407]: 开始进行多边形确认 · detections=1
[INFO] [1786545936.240683]: 开始进行多边形确认 · detections=1
[INFO] [1786545936.364026]: 开始进行多边形确认 · detections=1
[INFO] [1786545936.495233]: 开始进行多边形确认 · detections=1
[INFO] [1786545936.624732]: 开始进行多边形确认 · detections=1
[INFO] [1786545936.747977]: 开始进行多边形确认 · detections=1
[INFO] [1786545936.999741]: 开始进行多边形确认 · detections=1
[INFO] [1786545937.120567]: 开始进行多边形确认 · detections=1
[INFO] [1786545937.256811]: 开始进行多边形确认 · detections=1
[INFO] [1786545937.382904]: 开始进行多边形确认 · detections=1
[INFO] [1786545937.510713]: 开始进行多边形确认 · detections=1
[INFO] [1786545937.632253]: 开始进行多边形确认 · detections=1
[INFO] [1786545937.749618]: 开始进行多边形确认 · detections=1
[INFO] [1786545937.871295]: 开始进行多边形确认 · detections=1
[INFO] [1786545937.997332]: 开始进行多边形确认 · detections=1
[INFO] [1786545938.121511]: 开始进行多边形确认 · detections=1
[INFO] [1786545938.232553]: RGB-D vision status: model_ready:onnxruntime targets:0 centers:0 tf:0 rejected:0 merged:0 semantic_masks:0
[INFO] [1786545938.371473]: 开始进行多边形确认 · detections=1
[INFO] [1786545938.866182]: 开始进行多边形确认 · detections=1
[INFO] [1786545938.990582]: 开始进行多边形确认 · detections=1
[INFO] [1786545939.115492]: 开始进行多边形确认 · detections=1
[INFO] [1786545939.242668]: 开始进行多边形确认 · detections=1
[WARN] [1786545932.978988]: 开始进行多边形确认 · 多边形确认失败 · rejected=0 · elapsed_ms=1.4
[WARN] [1786545933.356675]: 开始进行多边形确认 · 多边形确认失败 · rejected=0 · elapsed_ms=1.5
[WARN] [1786545933.745589]: 开始进行多边形确认 · 多边形确认失败 · rejected=0 · elapsed_ms=1.3
[WARN] [1786545933.869160]: 开始进行多边形确认 · 多边形确认失败 · rejected=0 · elapsed_ms=1.5
[WARN] [1786545933.989775]: 开始进行多边形确认 · 多边形确认失败 · rejected=0 · elapsed_ms=1.2
[WARN] [1786545934.108888]: 开始进行多边形确认 · 多边形确认失败 · rejected=0 · elapsed_ms=1.6
[WARN] [1786545934.236036]: 开始进行多边形确认 · 多边形确认失败 · rejected=0 · elapsed_ms=1.7
[WARN] [1786545934.372829]: 开始进行多边形确认 · 多边形确认失败 · rejected=0 · elapsed_ms=1.4
[WARN] [1786545934.514670]: 开始进行多边形确认 · 多边形确认失败 · rejected=0 · elapsed_ms=1.6
[WARN] [1786545934.636075]: 开始进行多边形确认 · 多边形确认失败 · rejected=0 · elapsed_ms=1.8
[WARN] [1786545934.755904]: 开始进行多边形确认 · 多边形确认失败 · rejected=0 · elapsed_ms=1.5
[WARN] [1786545934.874489]: 开始进行多边形确认 · 多边形确认失败 · rejected=0 · elapsed_ms=1.5
[WARN] [1786545935.006810]: 开始进行多边形确认 · 多边形确认失败 · rejected=0 · elapsed_ms=1.5
[WARN] [1786545935.131526]: 开始进行多边形确认 · 多边形确认失败 · rejected=0 · elapsed_ms=1.6
[WARN] [1786545935.263041]: 开始进行多边形确认 · 多边形确认失败 · rejected=0 · elapsed_ms=1.7
[WARN] [1786545935.385320]: 开始进行多边形确认 · 多边形确认失败 · rejected=0 · elapsed_ms=2.3
[WARN] [1786545935.513722]: 开始进行多边形确认 · 多边形确认失败 · rejected=0 · elapsed_ms=1.6
[WARN] [1786545935.760315]: 开始进行多边形确认 · 多边形确认失败 · rejected=0 · elapsed_ms=1.3
[WARN] [1786545935.880494]: 开始进行多边形确认 · 多边形确认失败 · rejected=0 · elapsed_ms=1.6
[WARN] [1786545936.129757]: 开始进行多边形确认 · 多边形确认失败 · rejected=0 · elapsed_ms=1.4
[WARN] [1786545936.242024]: 开始进行多边形确认 · 多边形确认失败 · rejected=0 · elapsed_ms=1.4
[WARN] [1786545936.365003]: 开始进行多边形确认 · 多边形确认失败 · rejected=0 · elapsed_ms=1.0
[WARN] [1786545936.496454]: 开始进行多边形确认 · 多边形确认失败 · rejected=0 · elapsed_ms=1.3
[WARN] [1786545936.625993]: 开始进行多边形确认 · 多边形确认失败 · rejected=0 · elapsed_ms=1.3
[WARN] [1786545936.749190]: 开始进行多边形确认 · 多边形确认失败 · rejected=0 · elapsed_ms=1.3
[WARN] [1786545937.000942]: 开始进行多边形确认 · 多边形确认失败 · rejected=0 · elapsed_ms=1.2
[WARN] [1786545937.122085]: 开始进行多边形确认 · 多边形确认失败 · rejected=0 · elapsed_ms=1.7
[WARN] [1786545937.258131]: 开始进行多边形确认 · 多边形确认失败 · rejected=0 · elapsed_ms=1.4
[WARN] [1786545937.402605]: 开始进行多边形确认 · 多边形确认失败 · rejected=0 · elapsed_ms=19.7
[WARN] [1786545937.512160]: 开始进行多边形确认 · 多边形确认失败 · rejected=0 · elapsed_ms=1.5
[WARN] [1786545937.633662]: 开始进行多边形确认 · 多边形确认失败 · rejected=0 · elapsed_ms=1.5
[WARN] [1786545937.750860]: 开始进行多边形确认 · 多边形确认失败 · rejected=0 · elapsed_ms=1.3
[WARN] [1786545937.872623]: 开始进行多边形确认 · 多边形确认失败 · rejected=0 · elapsed_ms=1.4
[WARN] [1786545937.998533]: 开始进行多边形确认 · 多边形确认失败 · rejected=0 · elapsed_ms=1.3
[WARN] [1786545938.123111]: 开始进行多边形确认 · 多边形确认失败 · rejected=0 · elapsed_ms=1.7
[WARN] [1786545938.372972]: 开始进行多边形确认 · 多边形确认失败 · rejected=0 · elapsed_ms=1.6
[WARN] [1786545938.867388]: 开始进行多边形确认 · 多边形确认失败 · rejected=0 · elapsed_ms=1.3
[WARN] [1786545938.991775]: 开始进行多边形确认 · 多边形确认失败 · rejected=0 · elapsed_ms=1.2
[WARN] [1786545939.116859]: 开始进行多边形确认 · 多边形确认失败 · rejected=0 · elapsed_ms=1.4
[WARN] [1786545939.244064]: 开始进行多边形确认 · 多边形确认失败 · rejected=0 · elapsed_ms=1.4
[WARN] [1786545939.493215]: 开始进行多边形确认 · 多边形确认失败 · rejected=0 · elapsed_ms=1.3
[WARN] [1786545939.748353]: 开始进行多边形确认 · 多边形确认失败 · rejected=0 · elapsed_ms=1.2
[WARN] [1786545939.885960]: 开始进行多边形确认 · 多边形确认失败 · rejected=0 · elapsed_ms=1.3
[WARN] [1786545940.012483]: 开始进行多边形确认 · 多边形确认失败 · rejected=0 · elapsed_ms=1.5
[WARN] [1786545940.138952]: 开始进行多边形确认 · 多边形确认失败 · rejected=0 · elapsed_ms=1.4
[WARN] [1786545940.393227]: 开始进行多边形确认 · 多边形确认失败 · rejected=0 · elapsed_ms=1.3
[WARN] [1786545940.527938]: 开始进行多边形确认 · 多边形确认失败 · rejected=0 · elapsed_ms=1.7
[WARN] [1786545940.781555]: 开始进行多边形确认 · 多边形确认失败 · rejected=0 · elapsed_ms=1.5
[WARN] [1786545940.905355]: 开始进行多边形确认 · 多边形确认失败 · rejected=0 · elapsed_ms=1.4
[WARN] [1786545941.004185]: 开始进行多边形确认 · 多边形确认失败 · rejected=0 · elapsed_ms=1.2
[WARN] [1786545941.120486]: 开始进行多边形确认 · 多边形确认失败 · rejected=0 · elapsed_ms=1.9
[WARN] [1786545941.262087]: 开始进行多边形确认 · 多边形确认失败 · rejected=0 · elapsed_ms=1.7
[WARN] [1786545941.388626]: 开始进行多边形确认 · 多边形确认失败 · rejected=0 · elapsed_ms=1.7
[WARN] [1786545941.636379]: 开始进行多边形确认 · 多边形确认失败 · rejected=0 · elapsed_ms=1.4
[WARN] [1786545941.767744]: 开始进行多边形确认 · 多边形确认失败 · rejected=0 · elapsed_ms=1.5
[WARN] [1786545941.885559]: 开始进行多边形确认 · 多边形确认失败 · rejected=0 · elapsed_ms=1.4
[WARN] [1786545942.022839]: 开始进行多边形确认 · 多边形确认失败 · rejected=0 · elapsed_ms=2.2
[WARN] [1786545942.134760]: 开始进行多边形确认 · 多边形确认失败 · rejected=0 · elapsed_ms=1.4
[WARN] [1786545942.259877]: 开始进行多边形确认 · 多边形确认失败 · rejected=0 · elapsed_ms=1.8
[WARN] [1786545942.506273]: 开始进行多边形确认 · 多边形确认失败 · rejected=0 · elapsed_ms=1.6
[WARN] [1786545942.622885]: 开始进行多边形确认 · 多边形确认失败 · rejected=0 · elapsed_ms=1.3
[WARN] [1786545942.744271]: 开始进行多边形确认 · 多边形确认失败 · rejected=0 · elapsed_ms=1.2
[WARN] [1786545942.875074]: 开始进行多边形确认 · 多边形确认失败 · rejected=0 · elapsed_ms=1.4
[WARN] [1786545943.023240]: 开始进行多边形确认 · 多边形确认失败 · rejected=0 · elapsed_ms=2.5
[WARN] [1786545943.130986]: 开始进行多边形确认 · 多边形确认失败 · rejected=0 · elapsed_ms=1.6
[WARN] [1786545943.251338]: 开始进行多边形确认 · 多边形确认失败 · rejected=0 · elapsed_ms=1.7
[WARN] [1786545943.377299]: 开始进行多边形确认 · 多边形确认失败 · rejected=0 · elapsed_ms=1.4
[WARN] [1786545943.634332]: 开始进行多边形确认 · 多边形确认失败 · rejected=0 · elapsed_ms=1.3
[WARN] [1786545943.771959]: 开始进行多边形确认 · 多边形确认失败 · rejected=0 · elapsed_ms=1.5
[WARN] [1786545943.890423]: 开始进行多边形确认 · 多边形确认失败 · rejected=0 · elapsed_ms=1.3
[WARN] [1786545944.004019]: 开始进行多边形确认 · 多边形确认失败 · rejected=0 · elapsed_ms=1.1
[WARN] [1786545944.156044]: 开始进行多边形确认 · 多边形确认失败 · rejected=0 · elapsed_ms=1.5
[WARN] [1786545944.262346]: 开始进行多边形确认 · 多边形确认失败 · rejected=0 · elapsed_ms=1.3
[WARN] [1786545944.387712]: 开始进行多边形确认 · 多边形确认失败 · rejected=0 · elapsed_ms=1.3
[WARN] [1786545944.513405]: 开始进行多边形确认 · 多边形确认失败 · rejected=0 · elapsed_ms=1.3
[WARN] [1786545944.755688]: 开始进行多边形确认 · 多边形确认失败 · rejected=0 · elapsed_ms=1.4
[WARN] [1786545944.883521]: 开始进行多边形确认 · 多边形确认失败 · rejected=0 · elapsed_ms=1.0
[WARN] [1786545945.010147]: 开始进行多边形确认 · 多边形确认失败 · rejected=0 · elapsed_ms=1.2
[WARN] [1786545945.176633]: 开始进行多边形确认 · 多边形确认失败 · rejected=0 · elapsed_ms=2.3
[WARN] [1786545945.399799]: 开始进行多边形确认 · 多边形确认失败 · rejected=0 · elapsed_ms=1.2
[WARN] [1786545945.528210]: 开始进行多边形确认 · 多边形确认失败 · rejected=0 · elapsed_ms=2.7
[WARN] [1786545945.664417]: 开始进行多边形确认 · 多边形确认失败 · rejected=0 · elapsed_ms=1.3
[WARN] [1786545945.790804]: 开始进行多边形确认 · 多边形确认失败 · rejected=0 · elapsed_ms=3.1
[WARN] [1786545945.905020]: 开始进行多边形确认 · 多边形确认失败 · rejected=0 · elapsed_ms=1.4
[WARN] [1786545946.036649]: 开始进行多边形确认 · 多边形确认失败 · rejected=0 · elapsed_ms=1.4
[WARN] [1786545946.157722]: 开始进行多边形确认 · 多边形确认失败 · rejected=0 · elapsed_ms=1.4
[WARN] [1786545946.299042]: 开始进行多边形确认 · 多边形确认失败 · rejected=0 · elapsed_ms=1.5
[WARN] [1786545946.410818]: 开始进行多边形确认 · 多边形确认失败 · rejected=0 · elapsed_ms=1.6
[WARN] [1786545946.536323]: 开始进行多边形确认 · 多边形确认失败 · rejected=0 · elapsed_ms=1.5
[WARN] [1786545946.663867]: 开始进行多边形确认 · 多边形确认失败 · rejected=0 · elapsed_ms=1.7
[WARN] [1786545946.779790]: 开始进行多边形确认 · 多边形确认失败 · rejected=0 · elapsed_ms=1.4
[WARN] [1786545946.902418]: 开始进行多边形确认 · 多边形确认失败 · rejected=0 · elapsed_ms=1.4
[WARN] [1786545947.027937]: 开始进行多边形确认 · 多边形确认失败 · rejected=0 · elapsed_ms=1.2
[WARN] [1786545947.153437]: 开始进行多边形确认 · 多边形确认失败 · rejected=0 · elapsed_ms=1.5
[WARN] [1786545947.301748]: 开始进行多边形确认 · 多边形确认失败 · rejected=0 · elapsed_ms=1.6
[WARN] [1786545947.417455]: 开始进行多边形确认 · 多边形确认失败 · rejected=0 · elapsed_ms=1.4
[WARN] [1786545947.561944]: 开始进行多边形确认 · 多边形确认失败 · rejected=0 · elapsed_ms=19.7
[WARN] [1786545947.668457]: 开始进行多边形确认 · 多边形确认失败 · rejected=0 · elapsed_ms=1.5
[WARN] [1786545947.767823]: 开始进行多边形确认 · 多边形确认失败 · rejected=0 · elapsed_ms=1.4
[WARN] [1786545947.892833]: 开始进行多边形确认 · 多边形确认失败 · rejected=0 · elapsed_ms=1.1
[WARN] [1786545948.011605]: 开始进行多边形确认 · 多边形确认失败 · rejected=0 · elapsed_ms=1.4
[WARN] [1786545948.147255]: 开始进行多边形确认 · 多边形确认失败 · rejected=0 · elapsed_ms=1.5
[WARN] [1786545948.272377]: 开始进行多边形确认 · 多边形确认失败 · rejected=0 · elapsed_ms=1.4
[WARN] [1786545948.431020]: 开始进行多边形确认 · 多边形确认失败 · rejected=0 · elapsed_ms=1.5
[WARN] [1786545948.541113]: 开始进行多边形确认 · 多边形确认失败 · rejected=0 · elapsed_ms=1.4
[WARN] [1786545948.667030]: 开始进行多边形确认 · 多边形确认失败 · rejected=0 · elapsed_ms=1.5
[WARN] [1786545948.788728]: 开始进行多边形确认 · 多边形确认失败 · rejected=0 · elapsed_ms=1.5
[WARN] [1786545948.916577]: 开始进行多边形确认 · 多边形确认失败 · rejected=0 · elapsed_ms=1.5
[WARN] [1786545949.035125]: 开始进行多边形确认 · 多边形确认失败 · rejected=0 · elapsed_ms=1.2
[WARN] [1786545949.152020]: 开始进行多边形确认 · 多边形确认失败 · rejected=0 · elapsed_ms=1.4
[WARN] [1786545949.288918]: 开始进行多边形确认 · 多边形确认失败 · rejected=0 · elapsed_ms=1.1
[WARN] [1786545949.448179]: 开始进行多边形确认 · 多边形确认失败 · rejected=0 · elapsed_ms=1.8
[WARN] [1786545949.545128]: 开始进行多边形确认 · 多边形确认失败 · rejected=0 · elapsed_ms=1.6
[WARN] [1786545949.669948]: 开始进行多边形确认 · 多边形确认失败 · rejected=0 · elapsed_ms=1.7
[WARN] [1786545949.800739]: 开始进行多边形确认 · 多边形确认失败 · rejected=0 · elapsed_ms=1.8
[WARN] [1786545950.028979]: 开始进行多边形确认 · 多边形确认失败 · rejected=0 · elapsed_ms=1.2
[WARN] [1786545950.164470]: 开始进行多边形确认 · 多边形确认失败 · rejected=0 · elapsed_ms=1.4
[WARN] [1786545950.410871]: 开始进行多边形确认 · 多边形确认失败 · rejected=0 · elapsed_ms=2.4
[WARN] [1786545950.580859]: 开始进行多边形确认 · 多边形确认失败 · rejected=0 · elapsed_ms=1.5
[WARN] [1786545950.670082]: 开始进行多边形确认 · 多边形确认失败 · rejected=0 · elapsed_ms=1.4
[WARN] [1786545950.803398]: 开始进行多边形确认 · 多边形确认失败 · rejected=0 · elapsed_ms=1.5
[WARN] [1786545950.921399]: 开始进行多边形确认 · 多边形确认失败 · rejected=0 · elapsed_ms=1.5
[WARN] [1786545951.048477]: 开始进行多边形确认 · 多边形确认失败 · rejected=0 · elapsed_ms=1.8
[WARN] [1786545951.152920]: 开始进行多边形确认 · 多边形确认失败 · rejected=0 · elapsed_ms=1.4
[WARN] [1786545951.278709]: 开始进行多边形确认 · 多边形确认失败 · rejected=0 · elapsed_ms=1.4
[WARN] [1786545951.432298]: 开始进行多边形确认 · 多边形确认失败 · rejected=0 · elapsed_ms=1.5
[WARN] [1786545951.556229]: 开始进行多边形确认 · 多边形确认失败 · rejected=0 · elapsed_ms=1.8
[WARN] [1786545951.664459]: 开始进行多边形确认 · 多边形确认失败 · rejected=0 · elapsed_ms=3.1
[WARN] [1786545951.771809]: 开始进行多边形确认 · 多边形确认失败 · rejected=0 · elapsed_ms=1.3
[WARN] [1786545951.910341]: 开始进行多边形确认 · 多边形确认失败 · rejected=0 · elapsed_ms=1.2
[WARN] [1786545952.038995]: 开始进行多边形确认 · 多边形确认失败 · rejected=0 · elapsed_ms=1.2
[WARN] [1786545952.168921]: 开始进行多边形确认 · 多边形确认失败 · rejected=0 · elapsed_ms=1.1
[WARN] [1786545952.296868]: 开始进行多边形确认 · 多边形确认失败 · rejected=0 · elapsed_ms=1.3
[WARN] [1786545952.419018]: 开始进行多边形确认 · 多边形确认失败 · rejected=0 · elapsed_ms=1.3
[WARN] [1786545952.615074]: 开始进行多边形确认 · 多边形确认失败 · rejected=0 · elapsed_ms=19.7
[WARN] [1786545952.794255]: 开始进行多边形确认 · 多边形确认失败 · rejected=0 · elapsed_ms=1.4
[WARN] [1786545952.914452]: 开始进行多边形确认 · 多边形确认失败 · rejected=0 · elapsed_ms=1.4
[WARN] [1786545953.045994]: 开始进行多边形确认 · 多边形确认失败 · rejected=0 · elapsed_ms=1.2
[WARN] [1786545953.172942]: 开始进行多边形确认 · 多边形确认失败 · rejected=0 · elapsed_ms=1.6
[WARN] [1786545953.312277]: 开始进行多边形确认 · 多边形确认失败 · rejected=0 · elapsed_ms=1.3
[WARN] [1786545953.435270]: 开始进行多边形确认 · 多边形确认失败 · rejected=0 · elapsed_ms=1.3
[WARN] [1786545953.561332]: 开始进行多边形确认 · 多边形确认失败 · rejected=0 · elapsed_ms=1.1
[WARN] [1786545953.686881]: 开始进行多边形确认 · 多边形确认失败 · rejected=0 · elapsed_ms=1.3
[WARN] [1786545953.812346]: 开始进行多边形确认 · 多边形确认失败 · rejected=0 · elapsed_ms=1.3
[INFO] [1786545939.491930]: 开始进行多边形确认 · detections=1
[INFO] [1786545939.747242]: 开始进行多边形确认 · detections=1
[INFO] [1786545939.884716]: 开始进行多边形确认 · detections=1
[INFO] [1786545940.010996]: 开始进行多边形确认 · detections=1
[INFO] [1786545940.137581]: 开始进行多边形确认 · detections=1
[INFO] [1786545940.391993]: 开始进行多边形确认 · detections=1
[INFO] [1786545940.526281]: 开始进行多边形确认 · detections=1
[INFO] [1786545940.780119]: 开始进行多边形确认 · detections=1
[INFO] [1786545940.903996]: 开始进行多边形确认 · detections=1
[INFO] [1786545941.003056]: 开始进行多边形确认 · detections=1
[INFO] [1786545941.118691]: 开始进行多边形确认 · detections=1
[INFO] [1786545941.260458]: 开始进行多边形确认 · detections=1
[INFO] [1786545941.387038]: 开始进行多边形确认 · detections=1
[INFO] [1786545941.635097]: 开始进行多边形确认 · detections=1
[INFO] [1786545941.766314]: 开始进行多边形确认 · detections=1
[INFO] [1786545941.884193]: 开始进行多边形确认 · detections=1
[INFO] [1786545942.020676]: 开始进行多边形确认 · detections=1
[INFO] [1786545942.133427]: 开始进行多边形确认 · detections=1
[INFO] [1786545942.258125]: 开始进行多边形确认 · detections=1
[INFO] [1786545942.504784]: 开始进行多边形确认 · detections=1
[INFO] [1786545942.621647]: 开始进行多边形确认 · detections=1
[INFO] [1786545942.743100]: 开始进行多边形确认 · detections=1
[INFO] [1786545942.873758]: 开始进行多边形确认 · detections=1
[INFO] [1786545943.020778]: 开始进行多边形确认 · detections=1
[INFO] [1786545943.129431]: 开始进行多边形确认 · detections=1
[INFO] [1786545943.249708]: 开始进行多边形确认 · detections=1
[INFO] [1786545943.375935]: 开始进行多边形确认 · detections=1
[INFO] [1786545943.515283]: RGB-D vision status: model_ready:onnxruntime targets:0 centers:0 tf:0 rejected:0 merged:0 semantic_masks:0
[INFO] [1786545943.633061]: 开始进行多边形确认 · detections=1
[INFO] [1786545943.770604]: 开始进行多边形确认 · detections=1
[INFO] [1786545943.889209]: 开始进行多边形确认 · detections=1
[INFO] [1786545944.002971]: 开始进行多边形确认 · detections=1
[INFO] [1786545944.154657]: 开始进行多边形确认 · detections=1
[INFO] [1786545944.261144]: 开始进行多边形确认 · detections=1
[INFO] [1786545944.386528]: 开始进行多边形确认 · detections=1
[INFO] [1786545944.512176]: 开始进行多边形确认 · detections=1
[INFO] [1786545944.754336]: 开始进行多边形确认 · detections=1
[INFO] [1786545944.882542]: 开始进行多边形确认 · detections=1
[INFO] [1786545945.008985]: 开始进行多边形确认 · detections=1
[INFO] [1786545945.174414]: 开始进行多边形确认 · detections=1
[INFO] [1786545945.398679]: 开始进行多边形确认 · detections=1
[INFO] [1786545945.525557]: 开始进行多边形确认 · detections=1
[INFO] [1786545945.663192]: 开始进行多边形确认 · detections=1
[INFO] [1786545945.787740]: 开始进行多边形确认 · detections=1
[INFO] [1786545945.903705]: 开始进行多边形确认 · detections=1
[INFO] [1786545946.035329]: 开始进行多边形确认 · detections=1
[INFO] [1786545946.156374]: 开始进行多边形确认 · detections=1
[INFO] [1786545946.297636]: 开始进行多边形确认 · detections=1
[INFO] [1786545946.409265]: 开始进行多边形确认 · detections=1
[INFO] [1786545946.534920]: 开始进行多边形确认 · detections=1
[INFO] [1786545946.662250]: 开始进行多边形确认 · detections=1
[INFO] [1786545946.778476]: 开始进行多边形确认 · detections=1
[INFO] [1786545946.901075]: 开始进行多边形确认 · detections=1
[INFO] [1786545947.026832]: 开始进行多边形确认 · detections=1
[INFO] [1786545947.151988]: 开始进行多边形确认 · detections=1
[INFO] [1786545947.300235]: 开始进行多边形确认 · detections=1
[INFO] [1786545947.416108]: 开始进行多边形确认 · detections=1
[INFO] [1786545947.542259]: 开始进行多边形确认 · detections=1
[INFO] [1786545947.667042]: 开始进行多边形确认 · detections=1
[INFO] [1786545947.766439]: 开始进行多边形确认 · detections=1
[INFO] [1786545947.891749]: 开始进行多边形确认 · detections=1
[INFO] [1786545948.010242]: 开始进行多边形确认 · detections=1
[INFO] [1786545948.145878]: 开始进行多边形确认 · detections=1
[INFO] [1786545948.271086]: 开始进行多边形确认 · detections=1
[INFO] [1786545948.429561]: 开始进行多边形确认 · detections=1
[INFO] [1786545948.539812]: 开始进行多边形确认 · detections=1
[INFO] [1786545948.665657]: 开始进行多边形确认 · detections=1
[INFO] [1786545948.787277]: 开始进行多边形确认 · detections=1
[INFO] [1786545948.915169]: 开始进行多边形确认 · detections=1
[INFO] [1786545949.033992]: 开始进行多边形确认 · detections=1
[INFO] [1786545949.150746]: 开始进行多边形确认 · detections=1
[INFO] [1786545949.287865]: 开始进行多边形确认 · detections=1
[INFO] [1786545949.446433]: 开始进行多边形确认 · detections=1
[INFO] [1786545949.543673]: 开始进行多边形确认 · detections=1
[INFO] [1786545949.668251]: 开始进行多边形确认 · detections=1
[INFO] [1786545949.799062]: 开始进行多边形确认 · detections=1
[INFO] [1786545949.898566]: RGB-D vision status: model_ready:onnxruntime targets:0 centers:0 tf:0 rejected:0 merged:0 semantic_masks:0
[INFO] [1786545950.027860]: 开始进行多边形确认 · detections=1
[INFO] [1786545950.163145]: 开始进行多边形确认 · detections=1
[INFO] [1786545950.408571]: 开始进行多边形确认 · detections=1
[INFO] [1786545950.579371]: 开始进行多边形确认 · detections=1
[INFO] [1786545950.668761]: 开始进行多边形确认 · detections=1
[INFO] [1786545950.802006]: 开始进行多边形确认 · detections=1
[INFO] [1786545950.919953]: 开始进行多边形确认 · detections=1
[INFO] [1786545951.046766]: 开始进行多边形确认 · detections=1
[INFO] [1786545951.151601]: 开始进行多边形确认 · detections=1
[INFO] [1786545951.277393]: 开始进行多边形确认 · detections=1
[INFO] [1786545951.430866]: 开始进行多边形确认 · detections=1
[INFO] [1786545951.554541]: 开始进行多边形确认 · detections=1
[INFO] [1786545951.661408]: 开始进行多边形确认 · detections=1
[INFO] [1786545951.770540]: 开始进行多边形确认 · detections=1
[INFO] [1786545951.909204]: 开始进行多边形确认 · detections=1
[INFO] [1786545952.037847]: 开始进行多边形确认 · detections=1
[INFO] [1786545952.167872]: 开始进行多边形确认 · detections=1
[INFO] [1786545952.295619]: 开始进行多边形确认 · detections=1
[INFO] [1786545952.417750]: 开始进行多边形确认 · detections=1
[INFO] [1786545952.595361]: 开始进行多边形确认 · detections=1
[INFO] [1786545952.792951]: 开始进行多边形确认 · detections=1
[INFO] [1786545952.913067]: 开始进行多边形确认 · detections=1
[INFO] [1786545953.044834]: 开始进行多边形确认 · detections=1
[INFO] [1786545953.171398]: 开始进行多边形确认 · detections=1
[INFO] [1786545953.311083]: 开始进行多边形确认 · detections=1
[INFO] [1786545953.434016]: 开始进行多边形确认 · detections=1
[INFO] [1786545953.560308]: 开始进行多边形确认 · detections=1
[INFO] [1786545953.685797]: 开始进行多边形确认 · detections=1
[INFO] [1786545953.811169]: 开始进行多边形确认 · detections=1
[INFO] [1786545953.936623]: 开始进行多边形确认 · detections=1
[INFO] [1786545954.055426]: 开始进行多边形确认 · detections=1
[INFO] [1786545954.168257]: 开始进行多边形确认 · detections=1
[INFO] [1786545954.297658]: 开始进行多边形确认 · detections=1
[INFO] [1786545954.418906]: 开始进行多边形确认 · detections=1
[INFO] [1786545954.759886]: 开始进行多边形确认 · detections=1
[WARN] [1786545953.938109]: 开始进行多边形确认 · 多边形确认失败 · rejected=0 · elapsed_ms=1.5
[WARN] [1786545954.056469]: 开始进行多边形确认 · 多边形确认失败 · rejected=0 · elapsed_ms=1.1
[WARN] [1786545954.169515]: 开始进行多边形确认 · 多边形确认失败 · rejected=0 · elapsed_ms=1.3
[WARN] [1786545954.298907]: 开始进行多边形确认 · 多边形确认失败 · rejected=0 · elapsed_ms=1.3
[WARN] [1786545954.420230]: 开始进行多边形确认 · 多边形确认失败 · rejected=0 · elapsed_ms=1.4
[WARN] [1786545954.761079]: 开始进行多边形确认 · 多边形确认失败 · rejected=0 · elapsed_ms=1.3
[WARN] [1786545954.827209]: 开始进行多边形确认 · 多边形确认失败 · rejected=0 · elapsed_ms=1.3
[WARN] [1786545954.955387]: 开始进行多边形确认 · 多边形确认失败 · rejected=0 · elapsed_ms=1.4
[WARN] [1786545955.094058]: 开始进行多边形确认 · 多边形确认失败 · rejected=0 · elapsed_ms=1.5
[WARN] [1786545955.213144]: 开始进行多边形确认 · 多边形确认失败 · rejected=0 · elapsed_ms=1.2
[WARN] [1786545955.455533]: 开始进行多边形确认 · 多边形确认失败 · rejected=0 · elapsed_ms=1.4
[WARN] [1786545955.720311]: 开始进行多边形确认 · 多边形确认失败 · rejected=0 · elapsed_ms=1.8
[WARN] [1786545955.948104]: 开始进行多边形确认 · 多边形确认失败 · rejected=0 · elapsed_ms=1.4
[WARN] [1786545956.342545]: 开始进行多边形确认 · 多边形确认失败 · rejected=0 · elapsed_ms=1.6
[WARN] [1786545956.473056]: 开始进行多边形确认 · 多边形确认失败 · rejected=0 · elapsed_ms=1.4
[WARN] [1786545956.595856]: 开始进行多边形确认 · 多边形确认失败 · rejected=0 · elapsed_ms=1.5
[WARN] [1786545956.715801]: 开始进行多边形确认 · 多边形确认失败 · rejected=0 · elapsed_ms=1.4
[WARN] [1786545956.877784]: 开始进行多边形确认 · 多边形确认失败 · rejected=0 · elapsed_ms=1.6
[WARN] [1786545956.952919]: 开始进行多边形确认 · 多边形确认失败 · rejected=0 · elapsed_ms=1.6
[WARN] [1786545957.079410]: 开始进行多边形确认 · 多边形确认失败 · rejected=0 · elapsed_ms=1.7
[WARN] [1786545957.219145]: 开始进行多边形确认 · 多边形确认失败 · rejected=0 · elapsed_ms=1.7
[WARN] [1786545957.338196]: 开始进行多边形确认 · 多边形确认失败 · rejected=0 · elapsed_ms=1.6
[WARN] [1786545957.462260]: 开始进行多边形确认 · 多边形确认失败 · rejected=0 · elapsed_ms=1.4
[WARN] [1786545957.589806]: 开始进行多边形确认 · 多边形确认失败 · rejected=0 · elapsed_ms=1.2
[WARN] [1786545957.697476]: 开始进行多边形确认 · 多边形确认失败 · rejected=0 · elapsed_ms=2.3
[WARN] [1786545957.824137]: 开始进行多边形确认 · 多边形确认失败 · rejected=0 · elapsed_ms=1.5
[WARN] [1786545957.975085]: 开始进行多边形确认 · 多边形确认失败 · rejected=0 · elapsed_ms=1.4
[WARN] [1786545958.093183]: 开始进行多边形确认 · 多边形确认失败 · rejected=0 · elapsed_ms=1.6
[WARN] [1786545958.218252]: 开始进行多边形确认 · 多边形确认失败 · rejected=0 · elapsed_ms=1.8
[WARN] [1786545958.593172]: 开始进行多边形确认 · 多边形确认失败 · rejected=0 · elapsed_ms=1.6
[WARN] [1786545958.713992]: 开始进行多边形确认 · 多边形确认失败 · rejected=0 · elapsed_ms=1.8
[WARN] [1786545958.973416]: 开始进行多边形确认 · 多边形确认失败 · rejected=0 · elapsed_ms=1.8
[WARN] [1786545959.088875]: 开始进行多边形确认 · 多边形确认失败 · rejected=0 · elapsed_ms=1.9
[WARN] [1786545959.208073]: 开始进行多边形确认 · 多边形确认失败 · rejected=0 · elapsed_ms=1.5
[WARN] [1786545959.330569]: 开始进行多边形确认 · 多边形确认失败 · rejected=0 · elapsed_ms=1.4
[WARN] [1786545959.606152]: 开始进行多边形确认 · 多边形确认失败 · rejected=0 · elapsed_ms=1.5
[WARN] [1786545959.722308]: 开始进行多边形确认 · 多边形确认失败 · rejected=0 · elapsed_ms=1.2
[WARN] [1786545959.844886]: 开始进行多边形确认 · 多边形确认失败 · rejected=0 · elapsed_ms=1.5
[WARN] [1786545959.976317]: 开始进行多边形确认 · 多边形确认失败 · rejected=0 · elapsed_ms=1.9
[WARN] [1786545960.352293]: 开始进行多边形确认 · 多边形确认失败 · rejected=0 · elapsed_ms=1.4
[WARN] [1786545960.474212]: 开始进行多边形确认 · 多边形确认失败 · rejected=0 · elapsed_ms=1.2
[WARN] [1786545960.602328]: 开始进行多边形确认 · 多边形确认失败 · rejected=0 · elapsed_ms=2.6
[WARN] [1786545960.728436]: 开始进行多边形确认 · 多边形确认失败 · rejected=0 · elapsed_ms=1.3
[WARN] [1786545960.849044]: 开始进行多边形确认 · 多边形确认失败 · rejected=0 · elapsed_ms=1.4
[WARN] [1786545960.977458]: 开始进行多边形确认 · 多边形确认失败 · rejected=0 · elapsed_ms=1.5
[WARN] [1786545961.115896]: 开始进行多边形确认 · 多边形确认失败 · rejected=0 · elapsed_ms=1.4
[WARN] [1786545961.227492]: 开始进行多边形确认 · 多边形确认失败 · rejected=0 · elapsed_ms=1.4
[WARN] [1786545961.354492]: 开始进行多边形确认 · 多边形确认失败 · rejected=0 · elapsed_ms=1.2
[WARN] [1786545961.602425]: 开始进行多边形确认 · 多边形确认失败 · rejected=0 · elapsed_ms=2.4
[WARN] [1786545961.852238]: 开始进行多边形确认 · 多边形确认失败 · rejected=0 · elapsed_ms=1.2
[WARN] [1786545961.975892]: 开始进行多边形确认 · 多边形确认失败 · rejected=0 · elapsed_ms=1.2
[WARN] [1786545962.145056]: 开始进行多边形确认 · 多边形确认失败 · rejected=0 · elapsed_ms=1.4
[WARN] [1786545962.229567]: 开始进行多边形确认 · 多边形确认失败 · rejected=0 · elapsed_ms=1.3
[WARN] [1786545962.342120]: 开始进行多边形确认 · 多边形确认失败 · rejected=0 · elapsed_ms=1.4
[WARN] [1786545962.468544]: 开始进行多边形确认 · 多边形确认失败 · rejected=0 · elapsed_ms=1.4
[WARN] [1786545962.844929]: 开始进行多边形确认 · 多边形确认失败 · rejected=0 · elapsed_ms=2.2
[WARN] [1786545963.098862]: 开始进行多边形确认 · 多边形确认失败 · rejected=0 · elapsed_ms=5.7
[WARN] [1786545963.366255]: 开始进行多边形确认 · 多边形确认失败 · rejected=0 · elapsed_ms=1.4
[WARN] [1786545963.625262]: 开始进行多边形确认 · 多边形确认失败 · rejected=0 · elapsed_ms=1.2
[WARN] [1786545963.743711]: 开始进行多边形确认 · 多边形确认失败 · rejected=0 · elapsed_ms=1.6
[WARN] [1786545963.874710]: 开始进行多边形确认 · 多边形确认失败 · rejected=0 · elapsed_ms=1.5
[WARN] [1786545963.991083]: 开始进行多边形确认 · 多边形确认失败 · rejected=0 · elapsed_ms=1.3
[WARN] [1786545964.138515]: 开始进行多边形确认 · 多边形确认失败 · rejected=0 · elapsed_ms=1.5
[WARN] [1786545964.252337]: 开始进行多边形确认 · 多边形确认失败 · rejected=0 · elapsed_ms=1.7
[WARN] [1786545964.498546]: 开始进行多边形确认 · 多边形确认失败 · rejected=0 · elapsed_ms=1.5
[WARN] [1786545964.622182]: 开始进行多边形确认 · 多边形确认失败 · rejected=0 · elapsed_ms=1.2
[WARN] [1786545964.744634]: 开始进行多边形确认 · 多边形确认失败 · rejected=0 · elapsed_ms=1.3
[WARN] [1786545964.861251]: 开始进行多边形确认 · 多边形确认失败 · rejected=0 · elapsed_ms=1.3
[WARN] [1786545964.989037]: 开始进行多边形确认 · 多边形确认失败 · rejected=0 · elapsed_ms=1.3
[WARN] [1786545965.121278]: 开始进行多边形确认 · 多边形确认失败 · rejected=0 · elapsed_ms=1.3
[WARN] [1786545965.256028]: 开始进行多边形确认 · 多边形确认失败 · rejected=0 · elapsed_ms=1.7
[WARN] [1786545965.359680]: 开始进行多边形确认 · 多边形确认失败 · rejected=0 · elapsed_ms=1.5
[INFO] [1786545954.825963]: 开始进行多边形确认 · detections=1
[INFO] [1786545954.954041]: 开始进行多边形确认 · detections=1
[INFO] [1786545955.092676]: 开始进行多边形确认 · detections=1
[INFO] [1786545955.212037]: 开始进行多边形确认 · detections=1
[INFO] [1786545955.340938]: RGB-D vision status: model_ready:onnxruntime targets:0 centers:0 tf:0 rejected:0 merged:0 semantic_masks:0
[INFO] [1786545955.454252]: 开始进行多边形确认 · detections=1
[INFO] [1786545955.718624]: 开始进行多边形确认 · detections=1
[INFO] [1786545955.946759]: 开始进行多边形确认 · detections=1
[INFO] [1786545956.341038]: 开始进行多边形确认 · detections=1
[INFO] [1786545956.471731]: 开始进行多边形确认 · detections=1
[INFO] [1786545956.594393]: 开始进行多边形确认 · detections=1
[INFO] [1786545956.714491]: 开始进行多边形确认 · detections=1
[INFO] [1786545956.876307]: 开始进行多边形确认 · detections=1
[INFO] [1786545956.951389]: 开始进行多边形确认 · detections=1
[INFO] [1786545957.077858]: 开始进行多边形确认 · detections=1
[INFO] [1786545957.217543]: 开始进行多边形确认 · detections=1
[INFO] [1786545957.336629]: 开始进行多边形确认 · detections=1
[INFO] [1786545957.460931]: 开始进行多边形确认 · detections=1
[INFO] [1786545957.588697]: 开始进行多边形确认 · detections=1
[INFO] [1786545957.695167]: 开始进行多边形确认 · detections=1
[INFO] [1786545957.822701]: 开始进行多边形确认 · detections=1
[INFO] [1786545957.973798]: 开始进行多边形确认 · detections=1
[INFO] [1786545958.091673]: 开始进行多边形确认 · detections=1
[INFO] [1786545958.216478]: 开始进行多边形确认 · detections=1
[INFO] [1786545958.591707]: 开始进行多边形确认 · detections=1
[INFO] [1786545958.712324]: 开始进行多边形确认 · detections=1
[INFO] [1786545958.971671]: 开始进行多边形确认 · detections=1
[INFO] [1786545959.087082]: 开始进行多边形确认 · detections=1
[INFO] [1786545959.206716]: 开始进行多边形确认 · detections=1
[INFO] [1786545959.329265]: 开始进行多边形确认 · detections=1
[INFO] [1786545959.604691]: 开始进行多边形确认 · detections=1
[INFO] [1786545959.721200]: 开始进行多边形确认 · detections=1
[INFO] [1786545959.843467]: 开始进行多边形确认 · detections=1
[INFO] [1786545959.974464]: 开始进行多边形确认 · detections=1
[INFO] [1786545960.350979]: 开始进行多边形确认 · detections=1
[INFO] [1786545960.353300]: RGB-D vision status: model_ready:onnxruntime targets:0 centers:0 tf:0 rejected:0 merged:0 semantic_masks:1
[INFO] [1786545960.473047]: 开始进行多边形确认 · detections=1
[INFO] [1786545960.599828]: 开始进行多边形确认 · detections=1
[INFO] [1786545960.727212]: 开始进行多边形确认 · detections=1
[INFO] [1786545960.847765]: 开始进行多边形确认 · detections=1
[INFO] [1786545960.975995]: 开始进行多边形确认 · detections=1
[INFO] [1786545961.114568]: 开始进行多边形确认 · detections=1
[INFO] [1786545961.226136]: 开始进行多边形确认 · detections=1
[INFO] [1786545961.353309]: 开始进行多边形确认 · detections=1
[INFO] [1786545961.600081]: 开始进行多边形确认 · detections=1
[INFO] [1786545961.851112]: 开始进行多边形确认 · detections=1
[INFO] [1786545961.974789]: 开始进行多边形确认 · detections=1
[INFO] [1786545962.143688]: 开始进行多边形确认 · detections=1
[INFO] [1786545962.228299]: 开始进行多边形确认 · detections=1
[INFO] [1786545962.340738]: 开始进行多边形确认 · detections=1
[INFO] [1786545962.467167]: 开始进行多边形确认 · detections=1
[INFO] [1786545962.842785]: 开始进行多边形确认 · detections=1
[INFO] [1786545963.093197]: 开始进行多边形确认 · detections=1
[INFO] [1786545963.364959]: 开始进行多边形确认 · detections=1
[INFO] [1786545963.624145]: 开始进行多边形确认 · detections=1
[INFO] [1786545963.742195]: 开始进行多边形确认 · detections=1
[INFO] [1786545963.873260]: 开始进行多边形确认 · detections=1
[INFO] [1786545963.989841]: 开始进行多边形确认 · detections=1
[INFO] [1786545964.137076]: 开始进行多边形确认 · detections=1
[INFO] [1786545964.250675]: 开始进行多边形确认 · detections=1
[INFO] [1786545964.497157]: 开始进行多边形确认 · detections=1
[INFO] [1786545964.621114]: 开始进行多边形确认 · detections=1
[INFO] [1786545964.743403]: 开始进行多边形确认 · detections=1
[INFO] [1786545964.860033]: 开始进行多边形确认 · detections=1
[INFO] [1786545964.987840]: 开始进行多边形确认 · detections=1
[INFO] [1786545965.120070]: 开始进行多边形确认 · detections=1
[INFO] [1786545965.254400]: 开始进行多边形确认 · detections=1
[INFO] [1786545965.358255]: 开始进行多边形确认 · detections=1
[INFO] [1786545965.489194]: 开始进行多边形确认 · detections=1
[INFO] [1786545965.629722]: 开始进行多边形确认 · detections=1
[INFO] [1786545965.749865]: RGB-D vision status: model_ready:onnxruntime targets:0 centers:0 tf:0 rejected:0 merged:0 semantic_masks:0
[INFO] [1786545965.869788]: 开始进行多边形确认 · detections=1
[INFO] [1786545965.998153]: 开始进行多边形确认 · detections=1
[INFO] [1786545966.124087]: 开始进行多边形确认 · detections=1
[INFO] [1786545966.284078]: 开始进行多边形确认 · detections=1
[INFO] [1786545966.380261]: 开始进行多边形确认 · detections=1
[INFO] [1786545966.497917]: 开始进行多边形确认 · detections=1
[INFO] [1786545966.623171]: 开始进行多边形确认 · detections=1
[INFO] [1786545966.745268]: 开始进行多边形确认 · detections=1
[INFO] [1786545966.857863]: 开始进行多边形确认 · detections=1
[INFO] [1786545967.106586]: 开始进行多边形确认 · detections=1
[INFO] [1786545967.236282]: 开始进行多边形确认 · detections=1
[INFO] [1786545967.370054]: 开始进行多边形确认 · detections=1
[INFO] [1786545967.482883]: 开始进行多边形确认 · detections=1
[INFO] [1786545967.630459]: 开始进行多边形确认 · detections=1
[INFO] [1786545967.752299]: 开始进行多边形确认 · detections=1
[INFO] [1786545967.876509]: 开始进行多边形确认 · detections=1
[INFO] [1786545968.004659]: 开始进行多边形确认 · detections=1
[INFO] [1786545968.137692]: 开始进行多边形确认 · detections=1
[INFO] [1786545968.264943]: 开始进行多边形确认 · detections=1
[INFO] [1786545968.443661]: 开始进行多边形确认 · detections=1
[INFO] [1786545968.523458]: 开始进行多边形确认 · detections=1
[INFO] [1786545968.639136]: 开始进行多边形确认 · detections=1
[INFO] [1786545968.753921]: 开始进行多边形确认 · detections=1
[INFO] [1786545968.885151]: 开始进行多边形确认 · detections=1
[INFO] [1786545969.022814]: 开始进行多边形确认 · detections=1
[INFO] [1786545969.147344]: 开始进行多边形确认 · detections=1
[INFO] [1786545969.272556]: 开始进行多边形确认 · detections=1
[INFO] [1786545969.385981]: 开始进行多边形确认 · detections=1
[INFO] [1786545969.637181]: 开始进行多边形确认 · detections=1
[INFO] [1786545969.764293]: 开始进行多边形确认 · detections=1
[INFO] [1786545969.894861]: 开始进行多边形确认 · detections=1
[INFO] [1786545970.012769]: 开始进行多边形确认 · detections=1
[INFO] [1786545970.142255]: 开始进行多边形确认 · detections=1
[INFO] [1786545970.274936]: 开始进行多边形确认 · detections=1
[INFO] [1786545970.395853]: 开始进行多边形确认 · detections=1
[INFO] [1786545970.527645]: 开始进行多边形确认 · detections=1
[INFO] [1786545970.637436]: 开始进行多边形确认 · detections=1
[INFO] [1786545970.763191]: RGB-D vision status: model_ready:onnxruntime targets:0 centers:0 tf:0 rejected:0 merged:0 semantic_masks:0
[INFO] [1786545970.887797]: 开始进行多边形确认 · detections=1
[WARN] [1786545965.490228]: 开始进行多边形确认 · 多边形确认失败 · rejected=0 · elapsed_ms=1.1
[WARN] [1786545965.630938]: 开始进行多边形确认 · 多边形确认失败 · rejected=0 · elapsed_ms=1.3
[WARN] [1786545965.870993]: 开始进行多边形确认 · 多边形确认失败 · rejected=0 · elapsed_ms=1.3
[WARN] [1786545965.999526]: 开始进行多边形确认 · 多边形确认失败 · rejected=0 · elapsed_ms=1.4
[WARN] [1786545966.125537]: 开始进行多边形确认 · 多边形确认失败 · rejected=0 · elapsed_ms=1.6
[WARN] [1786545966.285501]: 开始进行多边形确认 · 多边形确认失败 · rejected=0 · elapsed_ms=1.5
[WARN] [1786545966.381814]: 开始进行多边形确认 · 多边形确认失败 · rejected=0 · elapsed_ms=1.6
[WARN] [1786545966.499229]: 开始进行多边形确认 · 多边形确认失败 · rejected=0 · elapsed_ms=1.4
[WARN] [1786545966.624574]: 开始进行多边形确认 · 多边形确认失败 · rejected=0 · elapsed_ms=1.5
[WARN] [1786545966.746619]: 开始进行多边形确认 · 多边形确认失败 · rejected=0 · elapsed_ms=1.4
[WARN] [1786545966.859333]: 开始进行多边形确认 · 多边形确认失败 · rejected=0 · elapsed_ms=1.5
[WARN] [1786545967.107955]: 开始进行多边形确认 · 多边形确认失败 · rejected=0 · elapsed_ms=1.4
[WARN] [1786545967.237566]: 开始进行多边形确认 · 多边形确认失败 · rejected=0 · elapsed_ms=1.3
[WARN] [1786545967.371197]: 开始进行多边形确认 · 多边形确认失败 · rejected=0 · elapsed_ms=1.2
[WARN] [1786545967.484246]: 开始进行多边形确认 · 多边形确认失败 · rejected=0 · elapsed_ms=1.4
[WARN] [1786545967.632029]: 开始进行多边形确认 · 多边形确认失败 · rejected=0 · elapsed_ms=1.7
[WARN] [1786545967.753473]: 开始进行多边形确认 · 多边形确认失败 · rejected=0 · elapsed_ms=1.3
[WARN] [1786545967.877972]: 开始进行多边形确认 · 多边形确认失败 · rejected=0 · elapsed_ms=1.6
[WARN] [1786545968.008068]: 开始进行多边形确认 · 多边形确认失败 · rejected=0 · elapsed_ms=3.4
[WARN] [1786545968.140512]: 开始进行多边形确认 · 多边形确认失败 · rejected=0 · elapsed_ms=2.9
[WARN] [1786545968.266190]: 开始进行多边形确认 · 多边形确认失败 · rejected=0 · elapsed_ms=1.3
[WARN] [1786545968.445114]: 开始进行多边形确认 · 多边形确认失败 · rejected=0 · elapsed_ms=1.5
[WARN] [1786545968.525055]: 开始进行多边形确认 · 多边形确认失败 · rejected=0 · elapsed_ms=1.7
[WARN] [1786545968.640265]: 开始进行多边形确认 · 多边形确认失败 · rejected=0 · elapsed_ms=1.2
[WARN] [1786545968.755553]: 开始进行多边形确认 · 多边形确认失败 · rejected=0 · elapsed_ms=1.7
[WARN] [1786545968.886601]: 开始进行多边形确认 · 多边形确认失败 · rejected=0 · elapsed_ms=1.5
[WARN] [1786545969.024261]: 开始进行多边形确认 · 多边形确认失败 · rejected=0 · elapsed_ms=1.5
[WARN] [1786545969.148903]: 开始进行多边形确认 · 多边形确认失败 · rejected=0 · elapsed_ms=1.6
[WARN] [1786545969.274405]: 开始进行多边形确认 · 多边形确认失败 · rejected=0 · elapsed_ms=1.9
[WARN] [1786545969.387296]: 开始进行多边形确认 · 多边形确认失败 · rejected=0 · elapsed_ms=1.4
[WARN] [1786545969.638651]: 开始进行多边形确认 · 多边形确认失败 · rejected=0 · elapsed_ms=1.5
[WARN] [1786545969.765669]: 开始进行多边形确认 · 多边形确认失败 · rejected=0 · elapsed_ms=1.4
[WARN] [1786545969.895925]: 开始进行多边形确认 · 多边形确认失败 · rejected=0 · elapsed_ms=1.1
[WARN] [1786545970.014034]: 开始进行多边形确认 · 多边形确认失败 · rejected=0 · elapsed_ms=1.4
[WARN] [1786545970.143315]: 开始进行多边形确认 · 多边形确认失败 · rejected=0 · elapsed_ms=1.2
[WARN] [1786545970.276667]: 开始进行多边形确认 · 多边形确认失败 · rejected=0 · elapsed_ms=1.9
[WARN] [1786545970.397277]: 开始进行多边形确认 · 多边形确认失败 · rejected=0 · elapsed_ms=1.5
[WARN] [1786545970.529292]: 开始进行多边形确认 · 多边形确认失败 · rejected=0 · elapsed_ms=1.7
[WARN] [1786545970.638738]: 开始进行多边形确认 · 多边形确认失败 · rejected=0 · elapsed_ms=1.4
[WARN] [1786545970.888887]: 开始进行多边形确认 · 多边形确认失败 · rejected=0 · elapsed_ms=1.2
[WARN] [1786545971.022215]: 开始进行多边形确认 · 多边形确认失败 · rejected=0 · elapsed_ms=1.7
[WARN] [1786545971.147347]: 开始进行多边形确认 · 多边形确认失败 · rejected=0 · elapsed_ms=1.7
[WARN] [1786545971.279551]: 开始进行多边形确认 · 多边形确认失败 · rejected=0 · elapsed_ms=3.3
[WARN] [1786545971.564488]: 开始进行多边形确认 · 多边形确认失败 · rejected=0 · elapsed_ms=1.5
[WARN] [1786545971.648666]: 开始进行多边形确认 · 多边形确认失败 · rejected=0 · elapsed_ms=1.6
[WARN] [1786545971.897547]: 开始进行多边形确认 · 多边形确认失败 · rejected=0 · elapsed_ms=1.4
[WARN] [1786545972.017993]: 开始进行多边形确认 · 多边形确认失败 · rejected=0 · elapsed_ms=1.5
[WARN] [1786545972.149160]: 开始进行多边形确认 · 多边形确认失败 · rejected=0 · elapsed_ms=1.4
[WARN] [1786545972.267959]: 开始进行多边形确认 · 多边形确认失败 · rejected=0 · elapsed_ms=1.4
[WARN] [1786545972.394199]: 开始进行多边形确认 · 多边形确认失败 · rejected=0 · elapsed_ms=2.2
[WARN] [1786545972.531634]: 开始进行多边形确认 · 多边形确认失败 · rejected=0 · elapsed_ms=1.7
[WARN] [1786545972.636167]: 开始进行多边形确认 · 多边形确认失败 · rejected=0 · elapsed_ms=1.3
[WARN] [1786545972.886057]: 开始进行多边形确认 · 多边形确认失败 · rejected=0 · elapsed_ms=1.4
[WARN] [1786545973.026837]: 开始进行多边形确认 · 多边形确认失败 · rejected=0 · elapsed_ms=1.3
[WARN] [1786545973.147514]: 开始进行多边形确认 · 多边形确认失败 · rejected=0 · elapsed_ms=1.5
[WARN] [1786545973.273147]: 开始进行多边形确认 · 多边形确认失败 · rejected=0 · elapsed_ms=1.5
[WARN] [1786545973.403480]: 开始进行多边形确认 · 多边形确认失败 · rejected=0 · elapsed_ms=1.4
[WARN] [1786545973.549520]: 开始进行多边形确认 · 多边形确认失败 · rejected=0 · elapsed_ms=5.3
[WARN] [1786545973.670363]: 开始进行多边形确认 · 多边形确认失败 · rejected=0 · elapsed_ms=1.7
[WARN] [1786545973.775287]: 开始进行多边形确认 · 多边形确认失败 · rejected=0 · elapsed_ms=1.3
[WARN] [1786545973.906936]: 开始进行多边形确认 · 多边形确认失败 · rejected=0 · elapsed_ms=1.3
[WARN] [1786545974.180108]: 开始进行多边形确认 · 多边形确认失败 · rejected=0 · elapsed_ms=1.7
[WARN] [1786545974.302892]: 开始进行多边形确认 · 多边形确认失败 · rejected=0 · elapsed_ms=1.2
[WARN] [1786545974.423887]: 开始进行多边形确认 · 多边形确认失败 · rejected=0 · elapsed_ms=1.1
[WARN] [1786545974.537621]: 开始进行多边形确认 · 多边形确认失败 · rejected=0 · elapsed_ms=1.3
[WARN] [1786545974.792766]: 开始进行多边形确认 · 多边形确认失败 · rejected=0 · elapsed_ms=1.4
[WARN] [1786545974.925180]: 开始进行多边形确认 · 多边形确认失败 · rejected=0 · elapsed_ms=1.4
[WARN] [1786545975.045212]: 开始进行多边形确认 · 多边形确认失败 · rejected=0 · elapsed_ms=1.6
[WARN] [1786545975.287148]: 开始进行多边形确认 · 多边形确认失败 · rejected=0 · elapsed_ms=1.4
[WARN] [1786545975.424888]: 开始进行多边形确认 · 多边形确认失败 · rejected=0 · elapsed_ms=1.5
[WARN] [1786545975.545299]: 开始进行多边形确认 · 多边形确认失败 · rejected=0 · elapsed_ms=1.4
[WARN] [1786545975.680608]: 开始进行多边形确认 · 多边形确认失败 · rejected=0 · elapsed_ms=1.6
[WARN] [1786545975.784434]: 开始进行多边形确认 · 多边形确认失败 · rejected=0 · elapsed_ms=1.2
[WARN] [1786545975.912181]: 开始进行多边形确认 · 多边形确认失败 · rejected=0 · elapsed_ms=1.3
[WARN] [1786545976.043132]: 开始进行多边形确认 · 多边形确认失败 · rejected=0 · elapsed_ms=1.4
[WARN] [1786545976.163705]: 开始进行多边形确认 · 多边形确认失败 · rejected=0 · elapsed_ms=1.3
[WARN] [1786545976.411860]: 开始进行多边形确认 · 多边形确认失败 · rejected=0 · elapsed_ms=3.3
[WARN] [1786545976.530564]: 开始进行多边形确认 · 多边形确认失败 · rejected=0 · elapsed_ms=1.5
[WARN] [1786545976.922136]: 开始进行多边形确认 · 多边形确认失败 · rejected=0 · elapsed_ms=1.7
[WARN] [1786545977.165278]: 开始进行多边形确认 · 多边形确认失败 · rejected=0 · elapsed_ms=1.8
[WARN] [1786545977.269793]: 开始进行多边形确认 · 多边形确认失败 · rejected=0 · elapsed_ms=1.5
[WARN] [1786545977.547282]: 开始进行多边形确认 · 多边形确认失败 · rejected=0 · elapsed_ms=1.8
[WARN] [1786545977.670125]: 开始进行多边形确认 · 多边形确认失败 · rejected=0 · elapsed_ms=1.6
[WARN] [1786545977.799672]: 开始进行多边形确认 · 多边形确认失败 · rejected=0 · elapsed_ms=1.6
[WARN] [1786545977.934053]: 开始进行多边形确认 · 多边形确认失败 · rejected=0 · elapsed_ms=2.2
[WARN] [1786545978.045103]: 开始进行多边形确认 · 多边形确认失败 · rejected=0 · elapsed_ms=1.4
[WARN] [1786545978.151947]: 开始进行多边形确认 · 多边形确认失败 · rejected=0 · elapsed_ms=1.4
[WARN] [1786545978.297073]: 开始进行多边形确认 · 多边形确认失败 · rejected=0 · elapsed_ms=1.4
[WARN] [1786545978.425923]: 开始进行多边形确认 · 多边形确认失败 · rejected=0 · elapsed_ms=1.5
[WARN] [1786545978.549623]: 开始进行多边形确认 · 多边形确认失败 · rejected=0 · elapsed_ms=1.8
[WARN] [1786545978.779697]: 开始进行多边形确认 · 多边形确认失败 · rejected=0 · elapsed_ms=1.4
[WARN] [1786545978.950480]: 开始进行多边形确认 · 多边形确认失败 · rejected=0 · elapsed_ms=1.7
[WARN] [1786545979.047491]: 开始进行多边形确认 · 多边形确认失败 · rejected=0 · elapsed_ms=1.7
[WARN] [1786545979.179538]: 开始进行多边形确认 · 多边形确认失败 · rejected=0 · elapsed_ms=1.7
[WARN] [1786545979.303069]: 开始进行多边形确认 · 多边形确认失败 · rejected=0 · elapsed_ms=1.4
[WARN] [1786545979.675275]: 开始进行多边形确认 · 多边形确认失败 · rejected=0 · elapsed_ms=1.4
[WARN] [1786545979.800058]: 开始进行多边形确认 · 多边形确认失败 · rejected=0 · elapsed_ms=1.5
[WARN] [1786545979.929910]: 开始进行多边形确认 · 多边形确认失败 · rejected=0 · elapsed_ms=1.6
[WARN] [1786545980.061762]: 开始进行多边形确认 · 多边形确认失败 · rejected=0 · elapsed_ms=1.7
[WARN] [1786545980.179105]: 开始进行多边形确认 · 多边形确认失败 · rejected=0 · elapsed_ms=1.7
[WARN] [1786545980.304864]: 开始进行多边形确认 · 多边形确认失败 · rejected=0 · elapsed_ms=1.3
[WARN] [1786545980.426418]: 开始进行多边形确认 · 多边形确认失败 · rejected=0 · elapsed_ms=1.4
[WARN] [1786545980.675445]: 开始进行多边形确认 · 多边形确认失败 · rejected=0 · elapsed_ms=1.4
[WARN] [1786545980.807286]: 开始进行多边形确认 · 多边形确认失败 · rejected=0 · elapsed_ms=1.4
[WARN] [1786545980.926068]: 开始进行多边形确认 · 多边形确认失败 · rejected=0 · elapsed_ms=1.3
[WARN] [1786545981.051080]: 开始进行多边形确认 · 多边形确认失败 · rejected=0 · elapsed_ms=1.3
[WARN] [1786545981.183880]: 开始进行多边形确认 · 多边形确认失败 · rejected=0 · elapsed_ms=1.1
[WARN] [1786545981.290386]: 开始进行多边形确认 · 多边形确认失败 · rejected=0 · elapsed_ms=1.3
[WARN] [1786545981.410703]: 开始进行多边形确认 · 多边形确认失败 · rejected=0 · elapsed_ms=1.4
[WARN] [1786545981.560905]: 开始进行多边形确认 · 多边形确认失败 · rejected=0 · elapsed_ms=1.3
[WARN] [1786545981.683952]: 开始进行多边形确认 · 多边形确认失败 · rejected=0 · elapsed_ms=1.9
[WARN] [1786545981.805424]: 开始进行多边形确认 · 多边形确认失败 · rejected=0 · elapsed_ms=1.4
[WARN] [1786545981.931904]: 开始进行多边形确认 · 多边形确认失败 · rejected=0 · elapsed_ms=1.4
[WARN] [1786545982.289482]: 开始进行多边形确认 · 多边形确认失败 · rejected=0 · elapsed_ms=1.6
[WARN] [1786545982.536370]: 开始进行多边形确认 · 多边形确认失败 · rejected=0 · elapsed_ms=1.2
[WARN] [1786545982.919703]: 开始进行多边形确认 · 多边形确认失败 · rejected=0 · elapsed_ms=1.2
[WARN] [1786545983.045425]: 开始进行多边形确认 · 多边形确认失败 · rejected=0 · elapsed_ms=2.4
[WARN] [1786545983.185055]: 开始进行多边形确认 · 多边形确认失败 · rejected=0 · elapsed_ms=1.4
[WARN] [1786545983.300218]: 开始进行多边形确认 · 多边形确认失败 · rejected=0 · elapsed_ms=1.5
[WARN] [1786545983.562214]: 开始进行多边形确认 · 多边形确认失败 · rejected=0 · elapsed_ms=1.3
[WARN] [1786545983.693386]: 开始进行多边形确认 · 多边形确认失败 · rejected=0 · elapsed_ms=1.5
[WARN] [1786545983.800145]: 开始进行多边形确认 · 多边形确认失败 · rejected=0 · elapsed_ms=1.1
[WARN] [1786545983.924352]: 开始进行多边形确认 · 多边形确认失败 · rejected=0 · elapsed_ms=1.1
[WARN] [1786545984.047400]: 开始进行多边形确认 · 多边形确认失败 · rejected=0 · elapsed_ms=1.3
[WARN] [1786545984.223270]: 开始进行多边形确认 · 多边形确认失败 · rejected=0 · elapsed_ms=1.6
[WARN] [1786545984.317599]: 开始进行多边形确认 · 多边形确认失败 · rejected=0 · elapsed_ms=1.6
[WARN] [1786545984.440205]: 开始进行多边形确认 · 多边形确认失败 · rejected=0 · elapsed_ms=1.5
[WARN] [1786545984.565785]: 开始进行多边形确认 · 多边形确认失败 · rejected=0 · elapsed_ms=1.4
[WARN] [1786545984.690854]: 开始进行多边形确认 · 多边形确认失败 · rejected=0 · elapsed_ms=1.3
[WARN] [1786545984.803216]: 开始进行多边形确认 · 多边形确认失败 · rejected=0 · elapsed_ms=1.4
[WARN] [1786545984.936825]: 开始进行多边形确认 · 多边形确认失败 · rejected=0 · elapsed_ms=1.3
[WARN] [1786545985.069514]: 开始进行多边形确认 · 多边形确认失败 · rejected=0 · elapsed_ms=1.5
[WARN] [1786545985.226831]: 开始进行多边形确认 · 多边形确认失败 · rejected=0 · elapsed_ms=1.3
[WARN] [1786545985.308157]: 开始进行多边形确认 · 多边形确认失败 · rejected=0 · elapsed_ms=1.5
[WARN] [1786545985.695969]: 开始进行多边形确认 · 多边形确认失败 · rejected=0 · elapsed_ms=1.7
[WARN] [1786545985.944343]: 开始进行多边形确认 · 多边形确认失败 · rejected=0 · elapsed_ms=1.2
[WARN] [1786545986.195498]: 开始进行多边形确认 · 多边形确认失败 · rejected=0 · elapsed_ms=1.2
[WARN] [1786545986.326142]: 开始进行多边形确认 · 多边形确认失败 · rejected=0 · elapsed_ms=1.3
[WARN] [1786545986.424883]: 开始进行多边形确认 · 多边形确认失败 · rejected=0 · elapsed_ms=1.1
[WARN] [1786545986.551813]: 开始进行多边形确认 · 多边形确认失败 · rejected=0 · elapsed_ms=1.2
[WARN] [1786545986.698628]: 开始进行多边形确认 · 多边形确认失败 · rejected=0 · elapsed_ms=1.5
[WARN] [1786545986.827370]: 开始进行多边形确认 · 多边形确认失败 · rejected=0 · elapsed_ms=1.7
[WARN] [1786545987.311254]: 开始进行多边形确认 · 多边形确认失败 · rejected=0 · elapsed_ms=1.2
[WARN] [1786545987.451811]: 开始进行多边形确认 · 多边形确认失败 · rejected=0 · elapsed_ms=1.5
[INFO] [1786545971.020594]: 开始进行多边形确认 · detections=1
[INFO] [1786545971.145728]: 开始进行多边形确认 · detections=1
[INFO] [1786545971.276368]: 开始进行多边形确认 · detections=1
[INFO] [1786545971.563048]: 开始进行多边形确认 · detections=1
[INFO] [1786545971.647220]: 开始进行多边形确认 · detections=1
[INFO] [1786545971.896201]: 开始进行多边形确认 · detections=1
[INFO] [1786545972.016545]: 开始进行多边形确认 · detections=1
[INFO] [1786545972.147866]: 开始进行多边形确认 · detections=1
[INFO] [1786545972.266626]: 开始进行多边形确认 · detections=1
[INFO] [1786545972.392061]: 开始进行多边形确认 · detections=1
[INFO] [1786545972.530006]: 开始进行多边形确认 · detections=1
[INFO] [1786545972.634903]: 开始进行多边形确认 · detections=1
[INFO] [1786545972.884726]: 开始进行多边形确认 · detections=1
[INFO] [1786545973.025614]: 开始进行多边形确认 · detections=1
[INFO] [1786545973.146088]: 开始进行多边形确认 · detections=1
[INFO] [1786545973.271692]: 开始进行多边形确认 · detections=1
[INFO] [1786545973.402133]: 开始进行多边形确认 · detections=1
[INFO] [1786545973.544276]: 开始进行多边形确认 · detections=1
[INFO] [1786545973.668793]: 开始进行多边形确认 · detections=1
[INFO] [1786545973.774021]: 开始进行多边形确认 · detections=1
[INFO] [1786545973.905702]: 开始进行多边形确认 · detections=1
[INFO] [1786545974.178540]: 开始进行多边形确认 · detections=1
[INFO] [1786545974.301811]: 开始进行多边形确认 · detections=1
[INFO] [1786545974.422853]: 开始进行多边形确认 · detections=1
[INFO] [1786545974.536404]: 开始进行多边形确认 · detections=1
[INFO] [1786545974.791436]: 开始进行多边形确认 · detections=1
[INFO] [1786545974.923814]: 开始进行多边形确认 · detections=1
[INFO] [1786545975.043689]: 开始进行多边形确认 · detections=1
[INFO] [1786545975.285800]: 开始进行多边形确认 · detections=1
[INFO] [1786545975.423511]: 开始进行多边形确认 · detections=1
[INFO] [1786545975.543949]: 开始进行多边形确认 · detections=1
[INFO] [1786545975.679144]: 开始进行多边形确认 · detections=1
[INFO] [1786545975.783290]: 开始进行多边形确认 · detections=1
[INFO] [1786545975.910927]: 开始进行多边形确认 · detections=1
[INFO] [1786545976.041785]: 开始进行多边形确认 · detections=1
[INFO] [1786545976.162437]: 开始进行多边形确认 · detections=1
[INFO] [1786545976.288405]: RGB-D vision status: model_ready:onnxruntime targets:0 centers:0 tf:0 rejected:0 merged:0 semantic_masks:0
[INFO] [1786545976.408558]: 开始进行多边形确认 · detections=1
[INFO] [1786545976.529136]: 开始进行多边形确认 · detections=1
[INFO] [1786545976.920560]: 开始进行多边形确认 · detections=1
[INFO] [1786545977.163575]: 开始进行多边形确认 · detections=1
[INFO] [1786545977.268382]: 开始进行多边形确认 · detections=1
[INFO] [1786545977.545605]: 开始进行多边形确认 · detections=1
[INFO] [1786545977.668531]: 开始进行多边形确认 · detections=1
[INFO] [1786545977.798126]: 开始进行多边形确认 · detections=1
[INFO] [1786545977.931923]: 开始进行多边形确认 · detections=1
[INFO] [1786545978.043795]: 开始进行多边形确认 · detections=1
[INFO] [1786545978.150636]: 开始进行多边形确认 · detections=1
[INFO] [1786545978.295718]: 开始进行多边形确认 · detections=1
[INFO] [1786545978.424506]: 开始进行多边形确认 · detections=1
[INFO] [1786545978.547906]: 开始进行多边形确认 · detections=1
[INFO] [1786545978.778380]: 开始进行多边形确认 · detections=1
[INFO] [1786545978.948906]: 开始进行多边形确认 · detections=1
[INFO] [1786545979.045861]: 开始进行多边形确认 · detections=1
[INFO] [1786545979.177885]: 开始进行多边形确认 · detections=1
[INFO] [1786545979.301762]: 开始进行多边形确认 · detections=1
[INFO] [1786545979.673987]: 开始进行多边形确认 · detections=1
[INFO] [1786545979.798680]: 开始进行多边形确认 · detections=1
[INFO] [1786545979.928432]: 开始进行多边形确认 · detections=1
[INFO] [1786545980.060192]: 开始进行多边形确认 · detections=1
[INFO] [1786545980.177498]: 开始进行多边形确认 · detections=1
[INFO] [1786545980.303683]: 开始进行多边形确认 · detections=1
[INFO] [1786545980.425100]: 开始进行多边形确认 · detections=1
[INFO] [1786545980.674143]: 开始进行多边形确认 · detections=1
[INFO] [1786545980.805939]: 开始进行多边形确认 · detections=1
[INFO] [1786545980.924809]: 开始进行多边形确认 · detections=1
[INFO] [1786545981.049810]: 开始进行多边形确认 · detections=1
[INFO] [1786545981.182800]: 开始进行多边形确认 · detections=1
[INFO] [1786545981.289186]: 开始进行多边形确认 · detections=1
[INFO] [1786545981.409333]: 开始进行多边形确认 · detections=1
[INFO] [1786545981.559703]: 开始进行多边形确认 · detections=1
[INFO] [1786545981.682132]: 开始进行多边形确认 · detections=1
[INFO] [1786545981.804181]: 开始进行多边形确认 · detections=1
[INFO] [1786545981.930561]: 开始进行多边形确认 · detections=1
[INFO] [1786545982.065952]: RGB-D vision status: model_ready:onnxruntime targets:0 centers:0 tf:0 rejected:0 merged:0 semantic_masks:0
[INFO] [1786545982.287937]: 开始进行多边形确认 · detections=1
[INFO] [1786545982.535233]: 开始进行多边形确认 · detections=1
[INFO] [1786545982.918553]: 开始进行多边形确认 · detections=1
[INFO] [1786545983.043114]: 开始进行多边形确认 · detections=1
[INFO] [1786545983.183738]: 开始进行多边形确认 · detections=1
[INFO] [1786545983.298760]: 开始进行多边形确认 · detections=1
[INFO] [1786545983.561042]: 开始进行多边形确认 · detections=1
[INFO] [1786545983.692019]: 开始进行多边形确认 · detections=1
[INFO] [1786545983.799106]: 开始进行多边形确认 · detections=1
[INFO] [1786545983.923296]: 开始进行多边形确认 · detections=1
[INFO] [1786545984.046148]: 开始进行多边形确认 · detections=1
[INFO] [1786545984.221742]: 开始进行多边形确认 · detections=1
[INFO] [1786545984.316048]: 开始进行多边形确认 · detections=1
[INFO] [1786545984.438802]: 开始进行多边形确认 · detections=1
[INFO] [1786545984.564466]: 开始进行多边形确认 · detections=1
[INFO] [1786545984.689676]: 开始进行多边形确认 · detections=1
[INFO] [1786545984.801849]: 开始进行多边形确认 · detections=1
[INFO] [1786545984.935582]: 开始进行多边形确认 · detections=1
[INFO] [1786545985.068089]: 开始进行多边形确认 · detections=1
[INFO] [1786545985.225580]: 开始进行多边形确认 · detections=1
[INFO] [1786545985.306670]: 开始进行多边形确认 · detections=1
[INFO] [1786545985.694342]: 开始进行多边形确认 · detections=1
[INFO] [1786545985.943212]: 开始进行多边形确认 · detections=1
[INFO] [1786545986.194340]: 开始进行多边形确认 · detections=1
[INFO] [1786545986.324943]: 开始进行多边形确认 · detections=1
[INFO] [1786545986.423887]: 开始进行多边形确认 · detections=1
[INFO] [1786545986.550636]: 开始进行多边形确认 · detections=1
[INFO] [1786545986.697273]: 开始进行多边形确认 · detections=1
[INFO] [1786545986.825800]: 开始进行多边形确认 · detections=1
[INFO] [1786545987.310101]: 开始进行多边形确认 · detections=1
[INFO] [1786545987.312545]: RGB-D vision status: model_ready:onnxruntime targets:0 centers:0 tf:0 rejected:0 merged:0 semantic_masks:1
[INFO] [1786545987.450325]: 开始进行多边形确认 · detections=1
[INFO] [1786545987.561089]: 开始进行多边形确认 · detections=1
[INFO] [1786545987.702160]: 开始进行多边形确认 · detections=1
[INFO] [1786545987.830337]: 开始进行多边形确认 · detections=1
[INFO] [1786545987.935433]: 开始进行多边形确认 · detections=1
[WARN] [1786545987.562159]: 开始进行多边形确认 · 多边形确认失败 · rejected=0 · elapsed_ms=1.1
[WARN] [1786545987.703305]: 开始进行多边形确认 · 多边形确认失败 · rejected=0 · elapsed_ms=1.2
[WARN] [1786545987.831795]: 开始进行多边形确认 · 多边形确认失败 · rejected=0 · elapsed_ms=1.6
[WARN] [1786545987.936686]: 开始进行多边形确认 · 多边形确认失败 · rejected=0 · elapsed_ms=1.3
[WARN] [1786545988.200239]: 开始进行多边形确认 · 多边形确认失败 · rejected=0 · elapsed_ms=2.3
[WARN] [1786545988.331469]: 开始进行多边形确认 · 多边形确认失败 · rejected=0 · elapsed_ms=1.4
[WARN] [1786545988.583448]: 开始进行多边形确认 · 多边形确认失败 · rejected=0 · elapsed_ms=1.4
[WARN] [1786545988.705474]: 开始进行多边形确认 · 多边形确认失败 · rejected=0 · elapsed_ms=1.3
[WARN] [1786545988.961244]: 开始进行多边形确认 · 多边形确认失败 · rejected=0 · elapsed_ms=1.3
[WARN] [1786545989.090433]: 开始进行多边形确认 · 多边形确认失败 · rejected=0 · elapsed_ms=1.6
[WARN] [1786545989.218713]: 开始进行多边形确认 · 多边形确认失败 · rejected=0 · elapsed_ms=1.6
[WARN] [1786545989.339649]: 开始进行多边形确认 · 多边形确认失败 · rejected=0 · elapsed_ms=1.7
[WARN] [1786545989.463638]: 开始进行多边形确认 · 多边形确认失败 · rejected=0 · elapsed_ms=2.0
[WARN] [1786545989.612641]: 开始进行多边形确认 · 多边形确认失败 · rejected=0 · elapsed_ms=1.8
[WARN] [1786545989.714622]: 开始进行多边形确认 · 多边形确认失败 · rejected=0 · elapsed_ms=1.5
[WARN] [1786545989.833567]: 开始进行多边形确认 · 多边形确认失败 · rejected=0 · elapsed_ms=1.4
[WARN] [1786545989.960056]: 开始进行多边形确认 · 多边形确认失败 · rejected=0 · elapsed_ms=1.7
[WARN] [1786545990.092737]: 开始进行多边形确认 · 多边形确认失败 · rejected=0 · elapsed_ms=1.2
[WARN] [1786545990.204697]: 开始进行多边形确认 · 多边形确认失败 · rejected=0 · elapsed_ms=1.1
[WARN] [1786545990.322450]: 开始进行多边形确认 · 多边形确认失败 · rejected=0 · elapsed_ms=1.1
[WARN] [1786545990.445379]: 开始进行多边形确认 · 多边形确认失败 · rejected=0 · elapsed_ms=1.4
[WARN] [1786545990.604767]: 开始进行多边形确认 · 多边形确认失败 · rejected=0 · elapsed_ms=1.5
[WARN] [1786545990.693762]: 开始进行多边形确认 · 多边形确认失败 · rejected=0 · elapsed_ms=1.6
[WARN] [1786545990.814465]: 开始进行多边形确认 · 多边形确认失败 · rejected=0 · elapsed_ms=1.4
[WARN] [1786545990.941407]: 开始进行多边形确认 · 多边形确认失败 · rejected=0 · elapsed_ms=1.5
[WARN] [1786545991.090943]: 开始进行多边形确认 · 多边形确认失败 · rejected=0 · elapsed_ms=2.1
[WARN] [1786545991.338479]: 开始进行多边形确认 · 多边形确认失败 · rejected=0 · elapsed_ms=1.2
[WARN] [1786545991.452590]: 开始进行多边形确认 · 多边形确认失败 · rejected=0 · elapsed_ms=1.1
[WARN] [1786545991.707529]: 开始进行多边形确认 · 多边形确认失败 · rejected=0 · elapsed_ms=1.5
[WARN] [1786545991.817318]: 开始进行多边形确认 · 多边形确认失败 · rejected=0 · elapsed_ms=1.1
[WARN] [1786545991.941980]: 开始进行多边形确认 · 多边形确认失败 · rejected=0 · elapsed_ms=1.3
[WARN] [1786545992.069258]: 开始进行多边形确认 · 多边形确认失败 · rejected=0 · elapsed_ms=1.1
[WARN] [1786545992.200639]: 开始进行多边形确认 · 多边形确认失败 · rejected=0 · elapsed_ms=1.3
[WARN] [1786545992.478143]: 开始进行多边形确认 · 多边形确认失败 · rejected=0 · elapsed_ms=1.3
[WARN] [1786545992.578266]: 开始进行多边形确认 · 多边形确认失败 · rejected=0 · elapsed_ms=1.4
[WARN] [1786545992.722362]: 开始进行多边形确认 · 多边形确认失败 · rejected=0 · elapsed_ms=1.0
[WARN] [1786545992.826659]: 开始进行多边形确认 · 多边形确认失败 · rejected=0 · elapsed_ms=2.4
[WARN] [1786545992.955328]: 开始进行多边形确认 · 多边形确认失败 · rejected=0 · elapsed_ms=1.3
[WARN] [1786545993.081858]: 开始进行多边形确认 · 多边形确认失败 · rejected=0 · elapsed_ms=1.3
[WARN] [1786545993.204834]: 开始进行多边形确认 · 多边形确认失败 · rejected=0 · elapsed_ms=1.4
[WARN] [1786545993.320234]: 开始进行多边形确认 · 多边形确认失败 · rejected=0 · elapsed_ms=1.7
[WARN] [1786545993.447064]: 开始进行多边形确认 · 多边形确认失败 · rejected=0 · elapsed_ms=1.4
[WARN] [1786545993.574611]: 开始进行多边形确认 · 多边形确认失败 · rejected=0 · elapsed_ms=1.1
[WARN] [1786545993.698038]: 开始进行多边形确认 · 多边形确认失败 · rejected=0 · elapsed_ms=1.3
[WARN] [1786545993.852604]: 开始进行多边形确认 · 多边形确认失败 · rejected=0 · elapsed_ms=1.7
[WARN] [1786545993.968299]: 开始进行多边形确认 · 多边形确认失败 · rejected=0 · elapsed_ms=1.5
[WARN] [1786545994.094115]: 开始进行多边形确认 · 多边形确认失败 · rejected=0 · elapsed_ms=1.4
[WARN] [1786545994.203327]: 开始进行多边形确认 · 多边形确认失败 · rejected=0 · elapsed_ms=1.1
[WARN] [1786545994.343003]: 开始进行多边形确认 · 多边形确认失败 · rejected=0 · elapsed_ms=1.2
[WARN] [1786545994.472187]: 开始进行多边形确认 · 多边形确认失败 · rejected=0 · elapsed_ms=1.3
[WARN] [1786545994.609898]: 开始进行多边形确认 · 多边形确认失败 · rejected=0 · elapsed_ms=1.4
[WARN] [1786545994.737174]: 开始进行多边形确认 · 多边形确认失败 · rejected=0 · elapsed_ms=1.5
[WARN] [1786545994.912073]: 开始进行多边形确认 · 多边形确认失败 · rejected=0 · elapsed_ms=1.5
[WARN] [1786545995.116495]: 开始进行多边形确认 · 多边形确认失败 · rejected=0 · elapsed_ms=1.5
[WARN] [1786545995.236617]: 开始进行多边形确认 · 多边形确认失败 · rejected=0 · elapsed_ms=1.7
[WARN] [1786545995.370339]: 开始进行多边形确认 · 多边形确认失败 · rejected=0 · elapsed_ms=1.6
[WARN] [1786545995.488114]: 开始进行多边形确认 · 多边形确认失败 · rejected=0 · elapsed_ms=1.4
[WARN] [1786545995.607538]: 开始进行多边形确认 · 多边形确认失败 · rejected=0 · elapsed_ms=1.3
[WARN] [1786545995.732430]: 开始进行多边形确认 · 多边形确认失败 · rejected=0 · elapsed_ms=1.4
[WARN] [1786545995.857545]: 开始进行多边形确认 · 多边形确认失败 · rejected=0 · elapsed_ms=1.5
[WARN] [1786545996.001952]: 开始进行多边形确认 · 多边形确认失败 · rejected=0 · elapsed_ms=1.4
[WARN] [1786545996.105910]: 开始进行多边形确认 · 多边形确认失败 · rejected=0 · elapsed_ms=1.5
[WARN] [1786545996.231499]: 开始进行多边形确认 · 多边形确认失败 · rejected=0 · elapsed_ms=1.7
[WARN] [1786545996.352163]: 开始进行多边形确认 · 多边形确认失败 · rejected=0 · elapsed_ms=1.6
[WARN] [1786545996.479558]: 开始进行多边形确认 · 多边形确认失败 · rejected=0 · elapsed_ms=1.5
[WARN] [1786545996.605645]: 开始进行多边形确认 · 多边形确认失败 · rejected=0 · elapsed_ms=1.5
[WARN] [1786545996.744212]: 开始进行多边形确认 · 多边形确认失败 · rejected=0 · elapsed_ms=1.6
[WARN] [1786545996.868824]: 开始进行多边形确认 · 多边形确认失败 · rejected=0 · elapsed_ms=1.6
[WARN] [1786545997.032929]: 开始进行多边形确认 · 多边形确认失败 · rejected=0 · elapsed_ms=1.4
[WARN] [1786545997.124564]: 开始进行多边形确认 · 多边形确认失败 · rejected=0 · elapsed_ms=3.3
[WARN] [1786545997.396342]: 开始进行多边形确认 · 多边形确认失败 · rejected=0 · elapsed_ms=1.6
[WARN] [1786545997.521049]: 开始进行多边形确认 · 多边形确认失败 · rejected=0 · elapsed_ms=1.8
[INFO] [1786545988.197969]: 开始进行多边形确认 · detections=1
[INFO] [1786545988.330135]: 开始进行多边形确认 · detections=1
[INFO] [1786545988.582103]: 开始进行多边形确认 · detections=1
[INFO] [1786545988.704250]: 开始进行多边形确认 · detections=1
[INFO] [1786545988.960049]: 开始进行多边形确认 · detections=1
[INFO] [1786545989.088862]: 开始进行多边形确认 · detections=1
[INFO] [1786545989.217169]: 开始进行多边形确认 · detections=1
[INFO] [1786545989.337977]: 开始进行多边形确认 · detections=1
[INFO] [1786545989.461734]: 开始进行多边形确认 · detections=1
[INFO] [1786545989.610984]: 开始进行多边形确认 · detections=1
[INFO] [1786545989.713281]: 开始进行多边形确认 · detections=1
[INFO] [1786545989.832259]: 开始进行多边形确认 · detections=1
[INFO] [1786545989.958432]: 开始进行多边形确认 · detections=1
[INFO] [1786545990.091587]: 开始进行多边形确认 · detections=1
[INFO] [1786545990.203619]: 开始进行多边形确认 · detections=1
[INFO] [1786545990.321395]: 开始进行多边形确认 · detections=1
[INFO] [1786545990.444074]: 开始进行多边形确认 · detections=1
[INFO] [1786545990.603385]: 开始进行多边形确认 · detections=1
[INFO] [1786545990.692242]: 开始进行多边形确认 · detections=1
[INFO] [1786545990.813122]: 开始进行多边形确认 · detections=1
[INFO] [1786545990.939911]: 开始进行多边形确认 · detections=1
[INFO] [1786545991.088983]: 开始进行多边形确认 · detections=1
[INFO] [1786545991.337330]: 开始进行多边形确认 · detections=1
[INFO] [1786545991.451538]: 开始进行多边形确认 · detections=1
[INFO] [1786545991.706089]: 开始进行多边形确认 · detections=1
[INFO] [1786545991.816272]: 开始进行多边形确认 · detections=1
[INFO] [1786545991.940747]: 开始进行多边形确认 · detections=1
[INFO] [1786545992.068254]: 开始进行多边形确认 · detections=1
[INFO] [1786545992.199387]: 开始进行多边形确认 · detections=1
[INFO] [1786545992.335514]: RGB-D vision status: model_ready:onnxruntime targets:0 centers:0 tf:0 rejected:0 merged:0 semantic_masks:0
[INFO] [1786545992.476946]: 开始进行多边形确认 · detections=1
[INFO] [1786545992.576947]: 开始进行多边形确认 · detections=1
[INFO] [1786545992.721411]: 开始进行多边形确认 · detections=1
[INFO] [1786545992.824363]: 开始进行多边形确认 · detections=1
[INFO] [1786545992.954139]: 开始进行多边形确认 · detections=1
[INFO] [1786545993.080599]: 开始进行多边形确认 · detections=1
[INFO] [1786545993.203480]: 开始进行多边形确认 · detections=1
[INFO] [1786545993.318589]: 开始进行多边形确认 · detections=1
[INFO] [1786545993.445742]: 开始进行多边形确认 · detections=1
[INFO] [1786545993.573529]: 开始进行多边形确认 · detections=1
[INFO] [1786545993.696850]: 开始进行多边形确认 · detections=1
[INFO] [1786545993.851035]: 开始进行多边形确认 · detections=1
[INFO] [1786545993.966820]: 开始进行多边形确认 · detections=1
[INFO] [1786545994.092741]: 开始进行多边形确认 · detections=1
[INFO] [1786545994.202273]: 开始进行多边形确认 · detections=1
[INFO] [1786545994.341860]: 开始进行多边形确认 · detections=1
[INFO] [1786545994.470967]: 开始进行多边形确认 · detections=1
[INFO] [1786545994.608555]: 开始进行多边形确认 · detections=1
[INFO] [1786545994.735723]: 开始进行多边形确认 · detections=1
[INFO] [1786545994.910626]: 开始进行多边形确认 · detections=1
[INFO] [1786545995.115014]: 开始进行多边形确认 · detections=1
[INFO] [1786545995.234939]: 开始进行多边形确认 · detections=1
[INFO] [1786545995.368780]: 开始进行多边形确认 · detections=1
[INFO] [1786545995.486778]: 开始进行多边形确认 · detections=1
[INFO] [1786545995.606326]: 开始进行多边形确认 · detections=1
[INFO] [1786545995.731097]: 开始进行多边形确认 · detections=1
[INFO] [1786545995.856128]: 开始进行多边形确认 · detections=1
[INFO] [1786545996.000578]: 开始进行多边形确认 · detections=1
[INFO] [1786545996.104532]: 开始进行多边形确认 · detections=1
[INFO] [1786545996.229897]: 开始进行多边形确认 · detections=1
[INFO] [1786545996.350587]: 开始进行多边形确认 · detections=1
[INFO] [1786545996.478101]: 开始进行多边形确认 · detections=1
[INFO] [1786545996.604202]: 开始进行多边形确认 · detections=1
[INFO] [1786545996.742679]: 开始进行多边形确认 · detections=1
[INFO] [1786545996.867282]: 开始进行多边形确认 · detections=1
[INFO] [1786545997.031566]: 开始进行多边形确认 · detections=1
[INFO] [1786545997.121252]: 开始进行多边形确认 · detections=1
[INFO] [1786545997.394876]: 开始进行多边形确认 · detections=1
[INFO] [1786545997.397881]: RGB-D vision status: model_ready:onnxruntime targets:0 centers:0 tf:0 rejected:0 merged:0 semantic_masks:1
[INFO] [1786545997.519333]: 开始进行多边形确认 · detections=1
[INFO] [1786545997.734321]: 开始进行多边形确认 · detections=1
[INFO] [1786545997.980740]: 开始进行多边形确认 · detections=1
[INFO] [1786545998.140530]: 开始进行多边形确认 · detections=1
[INFO] [1786545998.242841]: 开始进行多边形确认 · detections=1
[INFO] [1786545998.500595]: 开始进行多边形确认 · detections=1
[INFO] [1786545998.623841]: 开始进行多边形确认 · detections=1
[INFO] [1786545998.747877]: 开始进行多边形确认 · detections=1
[INFO] [1786545998.873841]: 开始进行多边形确认 · detections=1
[INFO] [1786545998.999393]: 开始进行多边形确认 · detections=1
[INFO] [1786545999.110503]: 开始进行多边形确认 · detections=1
[INFO] [1786545999.267050]: 开始进行多边形确认 · detections=1
[INFO] [1786545999.357573]: 开始进行多边形确认 · detections=1
[INFO] [1786545999.507485]: 开始进行多边形确认 · detections=1
[INFO] [1786545999.633173]: 开始进行多边形确认 · detections=1
[INFO] [1786545999.752085]: 开始进行多边形确认 · detections=1
[INFO] [1786545999.987444]: 开始进行多边形确认 · detections=1
[INFO] [1786546000.104349]: 开始进行多边形确认 · detections=1
[INFO] [1786546000.240550]: 开始进行多边形确认 · detections=1
[INFO] [1786546000.359450]: 开始进行多边形确认 · detections=1
[INFO] [1786546000.477531]: 开始进行多边形确认 · detections=1
[INFO] [1786546000.622955]: 开始进行多边形确认 · detections=1
[INFO] [1786546000.743258]: 开始进行多边形确认 · detections=1
[INFO] [1786546000.871620]: 开始进行多边形确认 · detections=1
[INFO] [1786546001.000037]: 开始进行多边形确认 · detections=1
[INFO] [1786546001.132946]: 开始进行多边形确认 · detections=1
[INFO] [1786546001.271162]: 开始进行多边形确认 · detections=1
[INFO] [1786546001.366829]: 开始进行多边形确认 · detections=1
[INFO] [1786546001.762809]: 开始进行多边形确认 · detections=1
[INFO] [1786546001.885035]: 开始进行多边形确认 · detections=1
[INFO] [1786546002.011836]: 开始进行多边形确认 · detections=1
[INFO] [1786546002.134942]: 开始进行多边形确认 · detections=1
[INFO] [1786546002.317518]: 开始进行多边形确认 · detections=1
[INFO] [1786546002.398187]: 开始进行多边形确认 · detections=1
[INFO] [1786546002.518023]: 开始进行多边形确认 · detections=1
[INFO] [1786546002.641759]: 开始进行多边形确认 · detections=1
[INFO] [1786546002.769855]: 开始进行多边形确认 · detections=1
[INFO] [1786546002.892027]: RGB-D vision status: model_ready:onnxruntime targets:0 centers:0 tf:0 rejected:0 merged:0 semantic_masks:0
[INFO] [1786546003.018096]: 开始进行多边形确认 · detections=1
[INFO] [1786546003.147761]: 开始进行多边形确认 · detections=1
[INFO] [1786546003.274497]: 开始进行多边形确认 · detections=1
[INFO] [1786546003.404454]: 开始进行多边形确认 · detections=1
[WARN] [1786545997.735883]: 开始进行多边形确认 · 多边形确认失败 · rejected=0 · elapsed_ms=1.6
[WARN] [1786545997.981958]: 开始进行多边形确认 · 多边形确认失败 · rejected=0 · elapsed_ms=1.3
[WARN] [1786545998.141785]: 开始进行多边形确认 · 多边形确认失败 · rejected=0 · elapsed_ms=1.3
[WARN] [1786545998.243992]: 开始进行多边形确认 · 多边形确认失败 · rejected=0 · elapsed_ms=1.2
[WARN] [1786545998.501802]: 开始进行多边形确认 · 多边形确认失败 · rejected=0 · elapsed_ms=1.3
[WARN] [1786545998.625095]: 开始进行多边形确认 · 多边形确认失败 · rejected=0 · elapsed_ms=1.3
[WARN] [1786545998.749334]: 开始进行多边形确认 · 多边形确认失败 · rejected=0 · elapsed_ms=1.5
[WARN] [1786545998.875055]: 开始进行多边形确认 · 多边形确认失败 · rejected=0 · elapsed_ms=1.3
[WARN] [1786545999.000855]: 开始进行多边形确认 · 多边形确认失败 · rejected=0 · elapsed_ms=1.5
[WARN] [1786545999.115512]: 开始进行多边形确认 · 多边形确认失败 · rejected=0 · elapsed_ms=5.1
[WARN] [1786545999.268447]: 开始进行多边形确认 · 多边形确认失败 · rejected=0 · elapsed_ms=1.5
[WARN] [1786545999.359079]: 开始进行多边形确认 · 多边形确认失败 · rejected=0 · elapsed_ms=1.6
[WARN] [1786545999.509218]: 开始进行多边形确认 · 多边形确认失败 · rejected=0 · elapsed_ms=1.8
[WARN] [1786545999.634727]: 开始进行多边形确认 · 多边形确认失败 · rejected=0 · elapsed_ms=1.7
[WARN] [1786545999.753467]: 开始进行多边形确认 · 多边形确认失败 · rejected=0 · elapsed_ms=1.5
[WARN] [1786545999.988850]: 开始进行多边形确认 · 多边形确认失败 · rejected=0 · elapsed_ms=1.5
[WARN] [1786546000.105536]: 开始进行多边形确认 · 多边形确认失败 · rejected=0 · elapsed_ms=1.2
[WARN] [1786546000.241565]: 开始进行多边形确认 · 多边形确认失败 · rejected=0 · elapsed_ms=1.1
[WARN] [1786546000.360854]: 开始进行多边形确认 · 多边形确认失败 · rejected=0 · elapsed_ms=1.5
[WARN] [1786546000.478842]: 开始进行多边形确认 · 多边形确认失败 · rejected=0 · elapsed_ms=1.4
[WARN] [1786546000.624480]: 开始进行多边形确认 · 多边形确认失败 · rejected=0 · elapsed_ms=1.6
[WARN] [1786546000.744521]: 开始进行多边形确认 · 多边形确认失败 · rejected=0 · elapsed_ms=1.3
[WARN] [1786546000.892118]: 开始进行多边形确认 · 多边形确认失败 · rejected=0 · elapsed_ms=20.5
[WARN] [1786546001.001484]: 开始进行多边形确认 · 多边形确认失败 · rejected=0 · elapsed_ms=1.5
[WARN] [1786546001.134394]: 开始进行多边形确认 · 多边形确认失败 · rejected=0 · elapsed_ms=1.5
[WARN] [1786546001.272763]: 开始进行多边形确认 · 多边形确认失败 · rejected=0 · elapsed_ms=1.6
[WARN] [1786546001.368449]: 开始进行多边形确认 · 多边形确认失败 · rejected=0 · elapsed_ms=1.7
[WARN] [1786546001.765924]: 开始进行多边形确认 · 多边形确认失败 · rejected=0 · elapsed_ms=3.2
[WARN] [1786546001.886484]: 开始进行多边形确认 · 多边形确认失败 · rejected=0 · elapsed_ms=1.5
[WARN] [1786546002.013058]: 开始进行多边形确认 · 多边形确认失败 · rejected=0 · elapsed_ms=1.3
[WARN] [1786546002.136440]: 开始进行多边形确认 · 多边形确认失败 · rejected=0 · elapsed_ms=1.5
[WARN] [1786546002.319104]: 开始进行多边形确认 · 多边形确认失败 · rejected=0 · elapsed_ms=1.7
[WARN] [1786546002.399837]: 开始进行多边形确认 · 多边形确认失败 · rejected=0 · elapsed_ms=1.7
[WARN] [1786546002.519816]: 开始进行多边形确认 · 多边形确认失败 · rejected=0 · elapsed_ms=1.8
[WARN] [1786546002.643344]: 开始进行多边形确认 · 多边形确认失败 · rejected=0 · elapsed_ms=1.7
[WARN] [1786546002.771362]: 开始进行多边形确认 · 多边形确认失败 · rejected=0 · elapsed_ms=1.6
[WARN] [1786546003.019632]: 开始进行多边形确认 · 多边形确认失败 · rejected=0 · elapsed_ms=1.6
[WARN] [1786546003.149152]: 开始进行多边形确认 · 多边形确认失败 · rejected=0 · elapsed_ms=1.5
[WARN] [1786546003.276090]: 开始进行多边形确认 · 多边形确认失败 · rejected=0 · elapsed_ms=1.7
[WARN] [1786546003.405871]: 开始进行多边形确认 · 多边形确认失败 · rejected=0 · elapsed_ms=1.5
[WARN] [1786546003.777303]: 开始进行多边形确认 · 多边形确认失败 · rejected=0 · elapsed_ms=1.5
[WARN] [1786546003.875840]: 开始进行多边形确认 · 多边形确认失败 · rejected=0 · elapsed_ms=1.4
[WARN] [1786546004.125020]: 开始进行多边形确认 · 多边形确认失败 · rejected=0 · elapsed_ms=1.3
[WARN] [1786546004.412638]: 开始进行多边形确认 · 多边形确认失败 · rejected=0 · elapsed_ms=1.6
[WARN] [1786546004.564425]: 开始进行多边形确认 · 多边形确认失败 · rejected=0 · elapsed_ms=1.4
[WARN] [1786546004.663300]: 开始进行多边形确认 · 多边形确认失败 · rejected=0 · elapsed_ms=1.4
[WARN] [1786546004.775643]: 开始进行多边形确认 · 多边形确认失败 · rejected=0 · elapsed_ms=1.4
[WARN] [1786546004.898593]: 开始进行多边形确认 · 多边形确认失败 · rejected=0 · elapsed_ms=1.7
[WARN] [1786546005.029322]: 开始进行多边形确认 · 多边形确认失败 · rejected=0 · elapsed_ms=1.6
[WARN] [1786546005.409341]: 开始进行多边形确认 · 多边形确认失败 · rejected=0 · elapsed_ms=1.5
[WARN] [1786546005.573515]: 开始进行多边形确认 · 多边形确认失败 · rejected=0 · elapsed_ms=1.3
[WARN] [1786546005.656898]: 开始进行多边形确认 · 多边形确认失败 · rejected=0 · elapsed_ms=1.1
[WARN] [1786546005.771637]: 开始进行多边形确认 · 多边形确认失败 · rejected=0 · elapsed_ms=1.3
[WARN] [1786546005.897781]: 开始进行多边形确认 · 多边形确认失败 · rejected=0 · elapsed_ms=1.4
[WARN] [1786546006.141649]: 开始进行多边形确认 · 多边形确认失败 · rejected=0 · elapsed_ms=1.2
[WARN] [1786546006.386283]: 开始进行多边形确认 · 多边形确认失败 · rejected=0 · elapsed_ms=1.6
[WARN] [1786546006.501781]: 开始进行多边形确认 · 多边形确认失败 · rejected=0 · elapsed_ms=2.6
[WARN] [1786546006.669026]: 开始进行多边形确认 · 多边形确认失败 · rejected=0 · elapsed_ms=1.4
[WARN] [1786546006.781064]: 开始进行多边形确认 · 多边形确认失败 · rejected=0 · elapsed_ms=1.4
[WARN] [1786546006.909293]: 开始进行多边形确认 · 多边形确认失败 · rejected=0 · elapsed_ms=1.6
[WARN] [1786546007.019102]: 开始进行多边形确认 · 多边形确认失败 · rejected=0 · elapsed_ms=1.4
[WARN] [1786546007.156576]: 开始进行多边形确认 · 多边形确认失败 · rejected=0 · elapsed_ms=1.8
[WARN] [1786546007.285143]: 开始进行多边形确认 · 多边形确认失败 · rejected=0 · elapsed_ms=1.1
[WARN] [1786546007.410228]: 开始进行多边形确认 · 多边形确认失败 · rejected=0 · elapsed_ms=1.2
[WARN] [1786546007.532203]: 开始进行多边形确认 · 多边形确认失败 · rejected=0 · elapsed_ms=1.2
[WARN] [1786546007.681125]: 开始进行多边形确认 · 多边形确认失败 · rejected=0 · elapsed_ms=1.6
[WARN] [1786546007.770515]: 开始进行多边形确认 · 多边形确认失败 · rejected=0 · elapsed_ms=1.4
[WARN] [1786546007.894504]: 开始进行多边形确认 · 多边形确认失败 · rejected=0 · elapsed_ms=1.1
[WARN] [1786546008.024389]: 开始进行多边形确认 · 多边形确认失败 · rejected=0 · elapsed_ms=1.4
[WARN] [1786546008.145797]: 开始进行多边形确认 · 多边形确认失败 · rejected=0 · elapsed_ms=1.3
[WARN] [1786546008.275868]: 开始进行多边形确认 · 多边形确认失败 · rejected=0 · elapsed_ms=1.2
[WARN] [1786546008.412677]: 开始进行多边形确认 · 多边形确认失败 · rejected=0 · elapsed_ms=1.4
[WARN] [1786546008.531104]: 开始进行多边形确认 · 多边形确认失败 · rejected=0 · elapsed_ms=1.5
[WARN] [1786546008.666022]: 开始进行多边形确认 · 多边形确认失败 · rejected=0 · elapsed_ms=1.4
[WARN] [1786546008.799727]: 开始进行多边形确认 · 多边形确认失败 · rejected=0 · elapsed_ms=1.4
[WARN] [1786546008.921112]: 开始进行多边形确认 · 多边形确认失败 · rejected=0 · elapsed_ms=1.2
[WARN] [1786546009.155642]: 开始进行多边形确认 · 多边形确认失败 · rejected=0 · elapsed_ms=1.6
[WARN] [1786546009.282983]: 开始进行多边形确认 · 多边形确认失败 · rejected=0 · elapsed_ms=1.3
[WARN] [1786546009.405974]: 开始进行多边形确认 · 多边形确认失败 · rejected=0 · elapsed_ms=1.2
[WARN] [1786546009.649312]: 开始进行多边形确认 · 多边形确认失败 · rejected=0 · elapsed_ms=1.3
[WARN] [1786546009.831175]: 开始进行多边形确认 · 多边形确认失败 · rejected=0 · elapsed_ms=1.3
[WARN] [1786546009.917952]: 开始进行多边形确认 · 多边形确认失败 · rejected=0 · elapsed_ms=1.3
[WARN] [1786546010.164898]: 开始进行多边形确认 · 多边形确认失败 · rejected=0 · elapsed_ms=1.4
[WARN] [1786546010.417944]: 开始进行多边形确认 · 多边形确认失败 · rejected=0 · elapsed_ms=1.4
[WARN] [1786546010.540596]: 开始进行多边形确认 · 多边形确认失败 · rejected=0 · elapsed_ms=1.3
[WARN] [1786546010.664578]: 开始进行多边形确认 · 多边形确认失败 · rejected=0 · elapsed_ms=1.3
[WARN] [1786546010.868690]: 开始进行多边形确认 · 多边形确认失败 · rejected=0 · elapsed_ms=1.3
[WARN] [1786546010.954969]: 开始进行多边形确认 · 多边形确认失败 · rejected=0 · elapsed_ms=19.9
[WARN] [1786546011.056817]: 开始进行多边形确认 · 多边形确认失败 · rejected=0 · elapsed_ms=1.3
[WARN] [1786546011.176162]: 开始进行多边形确认 · 多边形确认失败 · rejected=0 · elapsed_ms=1.3
[WARN] [1786546011.318536]: 开始进行多边形确认 · 多边形确认失败 · rejected=0 · elapsed_ms=1.4
[WARN] [1786546011.442738]: 开始进行多边形确认 · 多边形确认失败 · rejected=0 · elapsed_ms=1.4
[WARN] [1786546011.565835]: 开始进行多边形确认 · 多边形确认失败 · rejected=0 · elapsed_ms=1.3
[WARN] [1786546011.692116]: 开始进行多边形确认 · 多边形确认失败 · rejected=0 · elapsed_ms=1.5
[WARN] [1786546011.826865]: 开始进行多边形确认 · 多边形确认失败 · rejected=0 · elapsed_ms=1.5
[WARN] [1786546011.958632]: 开始进行多边形确认 · 多边形确认失败 · rejected=0 · elapsed_ms=1.6
[WARN] [1786546012.067178]: 开始进行多边形确认 · 多边形确认失败 · rejected=0 · elapsed_ms=1.8
[WARN] [1786546012.191942]: 开始进行多边形确认 · 多边形确认失败 · rejected=0 · elapsed_ms=1.3
[WARN] [1786546012.315691]: 开始进行多边形确认 · 多边形确认失败 · rejected=0 · elapsed_ms=1.4
[WARN] [1786546012.441798]: 开始进行多边形确认 · 多边形确认失败 · rejected=0 · elapsed_ms=1.6
[WARN] [1786546012.807470]: 开始进行多边形确认 · 多边形确认失败 · rejected=0 · elapsed_ms=1.2
[WARN] [1786546013.074761]: 开始进行多边形确认 · 多边形确认失败 · rejected=0 · elapsed_ms=1.5
[WARN] [1786546013.189989]: 开始进行多边形确认 · 多边形确认失败 · rejected=0 · elapsed_ms=1.2
[WARN] [1786546013.321320]: 开始进行多边形确认 · 多边形确认失败 · rejected=0 · elapsed_ms=1.4
[WARN] [1786546013.447186]: 开始进行多边形确认 · 多边形确认失败 · rejected=0 · elapsed_ms=1.6
[WARN] [1786546013.578721]: 开始进行多边形确认 · 多边形确认失败 · rejected=0 · elapsed_ms=1.5
[WARN] [1786546013.701842]: 开始进行多边形确认 · 多边形确认失败 · rejected=0 · elapsed_ms=1.4
[WARN] [1786546013.829412]: 开始进行多边形确认 · 多边形确认失败 · rejected=0 · elapsed_ms=1.4
[WARN] [1786546013.965944]: 开始进行多边形确认 · 多边形确认失败 · rejected=0 · elapsed_ms=1.7
[WARN] [1786546014.076550]: 开始进行多边形确认 · 多边形确认失败 · rejected=0 · elapsed_ms=1.4
[WARN] [1786546014.200985]: 开始进行多边形确认 · 多边形确认失败 · rejected=0 · elapsed_ms=1.2
[WARN] [1786546014.460144]: 开始进行多边形确认 · 多边形确认失败 · rejected=0 · elapsed_ms=1.3
[WARN] [1786546014.604768]: 开始进行多边形确认 · 多边形确认失败 · rejected=0 · elapsed_ms=1.5
[WARN] [1786546014.695213]: 开始进行多边形确认 · 多边形确认失败 · rejected=0 · elapsed_ms=1.1
[WARN] [1786546014.815628]: 开始进行多边形确认 · 多边形确认失败 · rejected=0 · elapsed_ms=1.3
[WARN] [1786546015.099787]: 开始进行多边形确认 · 多边形确认失败 · rejected=0 · elapsed_ms=1.7
[WARN] [1786546015.344457]: 开始进行多边形确认 · 多边形确认失败 · rejected=0 · elapsed_ms=1.4
[WARN] [1786546015.460109]: 开始进行多边形确认 · 多边形确认失败 · rejected=0 · elapsed_ms=2.2
[WARN] [1786546015.675566]: 开始进行多边形确认 · 多边形确认失败 · rejected=0 · elapsed_ms=1.4
[WARN] [1786546015.948069]: 开始进行多边形确认 · 多边形确认失败 · rejected=0 · elapsed_ms=1.5
[WARN] [1786546016.080656]: 开始进行多边形确认 · 多边形确认失败 · rejected=0 · elapsed_ms=1.9
[WARN] [1786546016.201626]: 开始进行多边形确认 · 多边形确认失败 · rejected=0 · elapsed_ms=1.7
[WARN] [1786546016.317826]: 开始进行多边形确认 · 多边形确认失败 · rejected=0 · elapsed_ms=1.6
[WARN] [1786546016.453031]: 开始进行多边形确认 · 多边形确认失败 · rejected=0 · elapsed_ms=1.3
[WARN] [1786546016.720128]: 开始进行多边形确认 · 多边形确认失败 · rejected=0 · elapsed_ms=1.6
[WARN] [1786546016.831968]: 开始进行多边形确认 · 多边形确认失败 · rejected=0 · elapsed_ms=1.6
[WARN] [1786546017.088833]: 开始进行多边形确认 · 多边形确认失败 · rejected=0 · elapsed_ms=1.9
[WARN] [1786546017.212023]: 开始进行多边形确认 · 多边形确认失败 · rejected=0 · elapsed_ms=1.3
[WARN] [1786546017.311287]: 开始进行多边形确认 · 多边形确认失败 · rejected=0 · elapsed_ms=1.4
[WARN] [1786546017.438323]: 开始进行多边形确认 · 多边形确认失败 · rejected=0 · elapsed_ms=1.3
[WARN] [1786546017.559715]: 开始进行多边形确认 · 多边形确认失败 · rejected=0 · elapsed_ms=1.2
[WARN] [1786546017.690874]: 开始进行多边形确认 · 多边形确认失败 · rejected=0 · elapsed_ms=1.1
[WARN] [1786546017.820065]: 开始进行多边形确认 · 多边形确认失败 · rejected=0 · elapsed_ms=1.3
[WARN] [1786546017.944351]: 开始进行多边形确认 · 多边形确认失败 · rejected=0 · elapsed_ms=1.4
[WARN] [1786546018.138637]: 开始进行多边形确认 · 多边形确认失败 · rejected=0 · elapsed_ms=1.5
[WARN] [1786546018.209727]: 开始进行多边形确认 · 多边形确认失败 · rejected=0 · elapsed_ms=1.4
[WARN] [1786546018.347111]: 开始进行多边形确认 · 多边形确认失败 · rejected=0 · elapsed_ms=1.4
[WARN] [1786546018.447126]: 开始进行多边形确认 · 多边形确认失败 · rejected=0 · elapsed_ms=1.7
[WARN] [1786546018.565840]: 开始进行多边形确认 · 多边形确认失败 · rejected=0 · elapsed_ms=1.4
[WARN] [1786546018.835016]: 开始进行多边形确认 · 多边形确认失败 · rejected=0 · elapsed_ms=1.4
[WARN] [1786546019.094729]: 开始进行多边形确认 · 多边形确认失败 · rejected=0 · elapsed_ms=3.0
[WARN] [1786546019.345014]: 开始进行多边形确认 · 多边形确认失败 · rejected=0 · elapsed_ms=1.5
[WARN] [1786546019.473269]: 开始进行多边形确认 · 多边形确认失败 · rejected=0 · elapsed_ms=1.8
[WARN] [1786546019.702801]: 开始进行多边形确认 · 多边形确认失败 · rejected=0 · elapsed_ms=1.2
[INFO] [1786546003.775871]: 开始进行多边形确认 · detections=1
[INFO] [1786546003.874526]: 开始进行多边形确认 · detections=1
[INFO] [1786546004.123769]: 开始进行多边形确认 · detections=1
[INFO] [1786546004.411128]: 开始进行多边形确认 · detections=1
[INFO] [1786546004.563166]: 开始进行多边形确认 · detections=1
[INFO] [1786546004.661989]: 开始进行多边形确认 · detections=1
[INFO] [1786546004.774350]: 开始进行多边形确认 · detections=1
[INFO] [1786546004.896930]: 开始进行多边形确认 · detections=1
[INFO] [1786546005.027821]: 开始进行多边形确认 · detections=1
[INFO] [1786546005.407926]: 开始进行多边形确认 · detections=1
[INFO] [1786546005.572256]: 开始进行多边形确认 · detections=1
[INFO] [1786546005.655865]: 开始进行多边形确认 · detections=1
[INFO] [1786546005.770428]: 开始进行多边形确认 · detections=1
[INFO] [1786546005.896437]: 开始进行多边形确认 · detections=1
[INFO] [1786546006.140461]: 开始进行多边形确认 · detections=1
[INFO] [1786546006.384727]: 开始进行多边形确认 · detections=1
[INFO] [1786546006.499204]: 开始进行多边形确认 · detections=1
[INFO] [1786546006.667751]: 开始进行多边形确认 · detections=1
[INFO] [1786546006.779780]: 开始进行多边形确认 · detections=1
[INFO] [1786546006.907837]: 开始进行多边形确认 · detections=1
[INFO] [1786546007.017754]: 开始进行多边形确认 · detections=1
[INFO] [1786546007.154938]: 开始进行多边形确认 · detections=1
[INFO] [1786546007.284047]: 开始进行多边形确认 · detections=1
[INFO] [1786546007.409065]: 开始进行多边形确认 · detections=1
[INFO] [1786546007.531088]: 开始进行多边形确认 · detections=1
[INFO] [1786546007.679589]: 开始进行多边形确认 · detections=1
[INFO] [1786546007.769179]: 开始进行多边形确认 · detections=1
[INFO] [1786546007.893458]: 开始进行多边形确认 · detections=1
[INFO] [1786546008.023074]: 开始进行多边形确认 · detections=1
[INFO] [1786546008.144583]: 开始进行多边形确认 · detections=1
[INFO] [1786546008.274671]: 开始进行多边形确认 · detections=1
[INFO] [1786546008.411333]: 开始进行多边形确认 · detections=1
[INFO] [1786546008.529706]: 开始进行多边形确认 · detections=1
[INFO] [1786546008.664694]: 开始进行多边形确认 · detections=1
[INFO] [1786546008.798347]: 开始进行多边形确认 · detections=1
[INFO] [1786546008.920002]: 开始进行多边形确认 · detections=1
[INFO] [1786546009.051293]: RGB-D vision status: model_ready:onnxruntime targets:0 centers:0 tf:0 rejected:0 merged:0 semantic_masks:0
[INFO] [1786546009.154093]: 开始进行多边形确认 · detections=1
[INFO] [1786546009.281734]: 开始进行多边形确认 · detections=1
[INFO] [1786546009.404793]: 开始进行多边形确认 · detections=1
[INFO] [1786546009.648032]: 开始进行多边形确认 · detections=1
[INFO] [1786546009.829984]: 开始进行多边形确认 · detections=1
[INFO] [1786546009.916664]: 开始进行多边形确认 · detections=1
[INFO] [1786546010.163496]: 开始进行多边形确认 · detections=1
[INFO] [1786546010.416585]: 开始进行多边形确认 · detections=1
[INFO] [1786546010.539430]: 开始进行多边形确认 · detections=1
[INFO] [1786546010.663359]: 开始进行多边形确认 · detections=1
[INFO] [1786546010.867443]: 开始进行多边形确认 · detections=1
[INFO] [1786546010.935084]: 开始进行多边形确认 · detections=1
[INFO] [1786546011.055591]: 开始进行多边形确认 · detections=1
[INFO] [1786546011.174928]: 开始进行多边形确认 · detections=1
[INFO] [1786546011.317228]: 开始进行多边形确认 · detections=1
[INFO] [1786546011.441425]: 开始进行多边形确认 · detections=1
[INFO] [1786546011.564646]: 开始进行多边形确认 · detections=1
[INFO] [1786546011.690750]: 开始进行多边形确认 · detections=1
[INFO] [1786546011.825429]: 开始进行多边形确认 · detections=1
[INFO] [1786546011.957078]: 开始进行多边形确认 · detections=1
[INFO] [1786546012.065448]: 开始进行多边形确认 · detections=1
[INFO] [1786546012.190736]: 开始进行多边形确认 · detections=1
[INFO] [1786546012.314333]: 开始进行多边形确认 · detections=1
[INFO] [1786546012.440262]: 开始进行多边形确认 · detections=1
[INFO] [1786546012.806291]: 开始进行多边形确认 · detections=1
[INFO] [1786546013.073343]: 开始进行多边形确认 · detections=1
[INFO] [1786546013.188835]: 开始进行多边形确认 · detections=1
[INFO] [1786546013.320004]: 开始进行多边形确认 · detections=1
[INFO] [1786546013.445632]: 开始进行多边形确认 · detections=1
[INFO] [1786546013.577271]: 开始进行多边形确认 · detections=1
[INFO] [1786546013.700487]: 开始进行多边形确认 · detections=1
[INFO] [1786546013.828067]: 开始进行多边形确认 · detections=1
[INFO] [1786546013.964305]: 开始进行多边形确认 · detections=1
[INFO] [1786546014.075179]: 开始进行多边形确认 · detections=1
[INFO] [1786546014.199900]: 开始进行多边形确认 · detections=1
[INFO] [1786546014.319396]: RGB-D vision status: model_ready:onnxruntime targets:0 centers:0 tf:0 rejected:0 merged:0 semantic_masks:0
[INFO] [1786546014.458946]: 开始进行多边形确认 · detections=1
[INFO] [1786546014.603390]: 开始进行多边形确认 · detections=1
[INFO] [1786546014.694147]: 开始进行多边形确认 · detections=1
[INFO] [1786546014.814342]: 开始进行多边形确认 · detections=1
[INFO] [1786546015.098183]: 开始进行多边形确认 · detections=1
[INFO] [1786546015.343173]: 开始进行多边形确认 · detections=1
[INFO] [1786546015.458028]: 开始进行多边形确认 · detections=1
[INFO] [1786546015.674244]: 开始进行多边形确认 · detections=1
[INFO] [1786546015.946675]: 开始进行多边形确认 · detections=1
[INFO] [1786546016.078802]: 开始进行多边形确认 · detections=1
[INFO] [1786546016.200072]: 开始进行多边形确认 · detections=1
[INFO] [1786546016.316332]: 开始进行多边形确认 · detections=1
[INFO] [1786546016.451833]: 开始进行多边形确认 · detections=1
[INFO] [1786546016.718631]: 开始进行多边形确认 · detections=1
[INFO] [1786546016.830511]: 开始进行多边形确认 · detections=1
[INFO] [1786546017.086964]: 开始进行多边形确认 · detections=1
[INFO] [1786546017.210852]: 开始进行多边形确认 · detections=1
[INFO] [1786546017.309993]: 开始进行多边形确认 · detections=1
[INFO] [1786546017.437140]: 开始进行多边形确认 · detections=1
[INFO] [1786546017.558527]: 开始进行多边形确认 · detections=1
[INFO] [1786546017.689829]: 开始进行多边形确认 · detections=1
[INFO] [1786546017.818860]: 开始进行多边形确认 · detections=1
[INFO] [1786546017.943006]: 开始进行多边形确认 · detections=1
[INFO] [1786546018.137254]: 开始进行多边形确认 · detections=1
[INFO] [1786546018.208414]: 开始进行多边形确认 · detections=1
[INFO] [1786546018.345797]: 开始进行多边形确认 · detections=1
[INFO] [1786546018.445487]: 开始进行多边形确认 · detections=1
[INFO] [1786546018.564471]: 开始进行多边形确认 · detections=1
[INFO] [1786546018.833674]: 开始进行多边形确认 · detections=1
[INFO] [1786546019.091788]: 开始进行多边形确认 · detections=1
[INFO] [1786546019.343650]: 开始进行多边形确认 · detections=1
[INFO] [1786546019.346091]: RGB-D vision status: model_ready:onnxruntime targets:0 centers:0 tf:0 rejected:0 merged:0 semantic_masks:1
[INFO] [1786546019.471565]: 开始进行多边形确认 · detections=1
[INFO] [1786546019.701665]: 开始进行多边形确认 · detections=1
[INFO] [1786546019.846743]: 开始进行多边形确认 · detections=1
[INFO] [1786546019.947727]: 开始进行多边形确认 · detections=1
[INFO] [1786546020.080691]: 开始进行多边形确认 · detections=1
[INFO] [1786546020.198822]: 开始进行多边形确认 · detections=1
[WARN] [1786546019.848130]: 开始进行多边形确认 · 多边形确认失败 · rejected=0 · elapsed_ms=1.5
[WARN] [1786546019.949060]: 开始进行多边形确认 · 多边形确认失败 · rejected=0 · elapsed_ms=1.4
[WARN] [1786546020.081707]: 开始进行多边形确认 · 多边形确认失败 · rejected=0 · elapsed_ms=1.1
[WARN] [1786546020.200902]: 开始进行多边形确认 · 多边形确认失败 · rejected=0 · elapsed_ms=2.1
[WARN] [1786546020.332942]: 开始进行多边形确认 · 多边形确认失败 · rejected=0 · elapsed_ms=1.2
[WARN] [1786546020.452482]: 开始进行多边形确认 · 多边形确认失败 · rejected=0 · elapsed_ms=1.2
[WARN] [1786546020.578399]: 开始进行多边形确认 · 多边形确认失败 · rejected=0 · elapsed_ms=1.8
[WARN] [1786546020.714956]: 开始进行多边形确认 · 多边形确认失败 · rejected=0 · elapsed_ms=1.3
[WARN] [1786546021.088307]: 开始进行多边形确认 · 多边形确认失败 · rejected=0 · elapsed_ms=1.2
[WARN] [1786546021.217948]: 开始进行多边形确认 · 多边形确认失败 · rejected=0 · elapsed_ms=1.4
[WARN] [1786546021.360459]: 开始进行多边形确认 · 多边形确认失败 · rejected=0 · elapsed_ms=1.6
[WARN] [1786546021.468502]: 开始进行多边形确认 · 多边形确认失败 · rejected=0 · elapsed_ms=1.4
[WARN] [1786546021.586616]: 开始进行多边形确认 · 多边形确认失败 · rejected=0 · elapsed_ms=1.3
[WARN] [1786546021.714567]: 开始进行多边形确认 · 多边形确认失败 · rejected=0 · elapsed_ms=1.2
[WARN] [1786546021.835964]: 开始进行多边形确认 · 多边形确认失败 · rejected=0 · elapsed_ms=1.0
[WARN] [1786546021.960016]: 开始进行多边形确认 · 多边形确认失败 · rejected=0 · elapsed_ms=1.7
[WARN] [1786546022.082798]: 开始进行多边形确认 · 多边形确认失败 · rejected=0 · elapsed_ms=1.3
[WARN] [1786546022.219210]: 开始进行多边形确认 · 多边形确认失败 · rejected=0 · elapsed_ms=3.1
[WARN] [1786546022.350841]: 开始进行多边形确认 · 多边形确认失败 · rejected=0 · elapsed_ms=1.4
[WARN] [1786546022.496418]: 开始进行多边形确认 · 多边形确认失败 · rejected=0 · elapsed_ms=19.7
[WARN] [1786546022.598196]: 开始进行多边形确认 · 多边形确认失败 · rejected=0 · elapsed_ms=1.4
[WARN] [1786546022.732150]: 开始进行多边形确认 · 多边形确认失败 · rejected=0 · elapsed_ms=1.7
[WARN] [1786546022.843870]: 开始进行多边形确认 · 多边形确认失败 · rejected=0 · elapsed_ms=1.3
[WARN] [1786546022.974330]: 开始进行多边形确认 · 多边形确认失败 · rejected=0 · elapsed_ms=1.2
[WARN] [1786546023.119793]: 开始进行多边形确认 · 多边形确认失败 · rejected=0 · elapsed_ms=1.7
[WARN] [1786546023.248249]: 开始进行多边形确认 · 多边形确认失败 · rejected=0 · elapsed_ms=3.4
[WARN] [1786546023.425839]: 开始进行多边形确认 · 多边形确认失败 · rejected=0 · elapsed_ms=1.7
[WARN] [1786546023.507710]: 开始进行多边形确认 · 多边形确认失败 · rejected=0 · elapsed_ms=1.5
[WARN] [1786546023.627683]: 开始进行多边形确认 · 多边形确认失败 · rejected=0 · elapsed_ms=1.4
[WARN] [1786546023.758538]: 开始进行多边形确认 · 多边形确认失败 · rejected=0 · elapsed_ms=1.6
[WARN] [1786546023.862003]: 开始进行多边形确认 · 多边形确认失败 · rejected=0 · elapsed_ms=1.3
[WARN] [1786546023.992542]: 开始进行多边形确认 · 多边形确认失败 · rejected=0 · elapsed_ms=1.1
[WARN] [1786546024.112057]: 开始进行多边形确认 · 多边形确认失败 · rejected=0 · elapsed_ms=1.7
[WARN] [1786546024.250654]: 开始进行多边形确认 · 多边形确认失败 · rejected=0 · elapsed_ms=1.7
[WARN] [1786546024.388634]: 开始进行多边形确认 · 多边形确认失败 · rejected=0 · elapsed_ms=1.5
[WARN] [1786546024.522887]: 开始进行多边形确认 · 多边形确认失败 · rejected=0 · elapsed_ms=1.3
[WARN] [1786546024.624205]: 开始进行多边形确认 · 多边形确认失败 · rejected=0 · elapsed_ms=1.2
[WARN] [1786546024.750280]: 开始进行多边形确认 · 多边形确认失败 · rejected=0 · elapsed_ms=1.5
[WARN] [1786546024.866750]: 开始进行多边形确认 · 多边形确认失败 · rejected=0 · elapsed_ms=1.4
[WARN] [1786546024.999430]: 开始进行多边形确认 · 多边形确认失败 · rejected=0 · elapsed_ms=1.5
[WARN] [1786546025.116312]: 开始进行多边形确认 · 多边形确认失败 · rejected=0 · elapsed_ms=1.3
[WARN] [1786546025.253105]: 开始进行多边形确认 · 多边形确认失败 · rejected=0 · elapsed_ms=1.5
[WARN] [1786546025.371853]: 开始进行多边形确认 · 多边形确认失败 · rejected=0 · elapsed_ms=1.5
[WARN] [1786546025.537348]: 开始进行多边形确认 · 多边形确认失败 · rejected=0 · elapsed_ms=1.7
[WARN] [1786546025.637834]: 开始进行多边形确认 · 多边形确认失败 · rejected=0 · elapsed_ms=1.7
[WARN] [1786546025.758339]: 开始进行多边形确认 · 多边形确认失败 · rejected=0 · elapsed_ms=1.4
[WARN] [1786546025.882676]: 开始进行多边形确认 · 多边形确认失败 · rejected=0 · elapsed_ms=1.4
[WARN] [1786546026.006043]: 开始进行多边形确认 · 多边形确认失败 · rejected=0 · elapsed_ms=1.6
[WARN] [1786546026.126812]: 开始进行多边形确认 · 多边形确认失败 · rejected=0 · elapsed_ms=1.5
[WARN] [1786546026.250867]: 开始进行多边形确认 · 多边形确认失败 · rejected=0 · elapsed_ms=1.5
[WARN] [1786546026.368831]: 开始进行多边形确认 · 多边形确认失败 · rejected=0 · elapsed_ms=1.7
[WARN] [1786546026.556062]: 开始进行多边形确认 · 多边形确认失败 · rejected=0 · elapsed_ms=1.5
[WARN] [1786546026.629592]: 开始进行多边形确认 · 多边形确认失败 · rejected=0 · elapsed_ms=1.8
[WARN] [1786546026.746522]: 开始进行多边形确认 · 多边形确认失败 · rejected=0 · elapsed_ms=1.5
[WARN] [1786546026.886734]: 开始进行多边形确认 · 多边形确认失败 · rejected=0 · elapsed_ms=1.4
[WARN] [1786546026.991187]: 开始进行多边形确认 · 多边形确认失败 · rejected=0 · elapsed_ms=1.1
[WARN] [1786546027.124521]: 开始进行多边形确认 · 多边形确认失败 · rejected=0 · elapsed_ms=1.2
[WARN] [1786546027.253789]: 开始进行多边形确认 · 多边形确认失败 · rejected=0 · elapsed_ms=1.7
[WARN] [1786546027.544026]: 开始进行多边形确认 · 多边形确认失败 · rejected=0 · elapsed_ms=19.6
[WARN] [1786546027.624126]: 开始进行多边形确认 · 多边形确认失败 · rejected=0 · elapsed_ms=1.1
[WARN] [1786546027.749516]: 开始进行多边形确认 · 多边形确认失败 · rejected=0 · elapsed_ms=1.2
[WARN] [1786546027.867706]: 开始进行多边形确认 · 多边形确认失败 · rejected=0 · elapsed_ms=1.4
[WARN] [1786546027.997454]: 开始进行多边形确认 · 多边形确认失败 · rejected=0 · elapsed_ms=1.4
[WARN] [1786546028.120067]: 开始进行多边形确认 · 多边形确认失败 · rejected=0 · elapsed_ms=1.8
[WARN] [1786546028.262270]: 开始进行多边形确认 · 多边形确认失败 · rejected=0 · elapsed_ms=2.0
[WARN] [1786546028.371685]: 开始进行多边形确认 · 多边形确认失败 · rejected=0 · elapsed_ms=1.6
[WARN] [1786546028.514851]: 开始进行多边形确认 · 多边形确认失败 · rejected=0 · elapsed_ms=8.2
[WARN] [1786546028.643375]: 开始进行多边形确认 · 多边形确认失败 · rejected=0 · elapsed_ms=1.3
[WARN] [1786546028.876713]: 开始进行多边形确认 · 多边形确认失败 · rejected=0 · elapsed_ms=1.1
[WARN] [1786546029.019504]: 开始进行多边形确认 · 多边形确认失败 · rejected=0 · elapsed_ms=1.3
[WARN] [1786546029.145226]: 开始进行多边形确认 · 多边形确认失败 · rejected=0 · elapsed_ms=1.2
[WARN] [1786546029.273683]: 开始进行多边形确认 · 多边形确认失败 · rejected=0 · elapsed_ms=1.7
[INFO] [1786546020.331783]: 开始进行多边形确认 · detections=1
[INFO] [1786546020.451361]: 开始进行多边形确认 · detections=1
[INFO] [1786546020.576643]: 开始进行多边形确认 · detections=1
[INFO] [1786546020.713701]: 开始进行多边形确认 · detections=1
[INFO] [1786546021.087147]: 开始进行多边形确认 · detections=1
[INFO] [1786546021.216622]: 开始进行多边形确认 · detections=1
[INFO] [1786546021.358887]: 开始进行多边形确认 · detections=1
[INFO] [1786546021.467166]: 开始进行多边形确认 · detections=1
[INFO] [1786546021.585380]: 开始进行多边形确认 · detections=1
[INFO] [1786546021.713449]: 开始进行多边形确认 · detections=1
[INFO] [1786546021.835087]: 开始进行多边形确认 · detections=1
[INFO] [1786546021.958334]: 开始进行多边形确认 · detections=1
[INFO] [1786546022.081578]: 开始进行多边形确认 · detections=1
[INFO] [1786546022.216146]: 开始进行多边形确认 · detections=1
[INFO] [1786546022.349471]: 开始进行多边形确认 · detections=1
[INFO] [1786546022.476703]: 开始进行多边形确认 · detections=1
[INFO] [1786546022.596921]: 开始进行多边形确认 · detections=1
[INFO] [1786546022.730534]: 开始进行多边形确认 · detections=1
[INFO] [1786546022.842659]: 开始进行多边形确认 · detections=1
[INFO] [1786546022.973182]: 开始进行多边形确认 · detections=1
[INFO] [1786546023.118201]: 开始进行多边形确认 · detections=1
[INFO] [1786546023.244894]: 开始进行多边形确认 · detections=1
[INFO] [1786546023.424293]: 开始进行多边形确认 · detections=1
[INFO] [1786546023.506277]: 开始进行多边形确认 · detections=1
[INFO] [1786546023.626409]: 开始进行多边形确认 · detections=1
[INFO] [1786546023.757030]: 开始进行多边形确认 · detections=1
[INFO] [1786546023.860777]: 开始进行多边形确认 · detections=1
[INFO] [1786546023.991488]: 开始进行多边形确认 · detections=1
[INFO] [1786546024.110384]: 开始进行多边形确认 · detections=1
[INFO] [1786546024.249090]: 开始进行多边形确认 · detections=1
[INFO] [1786546024.387190]: 开始进行多边形确认 · detections=1
[INFO] [1786546024.521700]: 开始进行多边形确认 · detections=1
[INFO] [1786546024.623047]: 开始进行多边形确认 · detections=1
[INFO] [1786546024.748856]: 开始进行多边形确认 · detections=1
[INFO] [1786546024.865448]: 开始进行多边形确认 · detections=1
[INFO] [1786546024.997983]: 开始进行多边形确认 · detections=1
[INFO] [1786546025.115035]: 开始进行多边形确认 · detections=1
[INFO] [1786546025.251681]: 开始进行多边形确认 · detections=1
[INFO] [1786546025.370442]: 开始进行多边形确认 · detections=1
[INFO] [1786546025.535774]: 开始进行多边形确认 · detections=1
[INFO] [1786546025.636152]: 开始进行多边形确认 · detections=1
[INFO] [1786546025.757060]: 开始进行多边形确认 · detections=1
[INFO] [1786546025.881305]: 开始进行多边形确认 · detections=1
[INFO] [1786546026.004542]: 开始进行多边形确认 · detections=1
[INFO] [1786546026.125402]: 开始进行多边形确认 · detections=1
[INFO] [1786546026.249457]: 开始进行多边形确认 · detections=1
[INFO] [1786546026.367282]: 开始进行多边形确认 · detections=1
[INFO] [1786546026.554680]: 开始进行多边形确认 · detections=1
[INFO] [1786546026.627875]: 开始进行多边形确认 · detections=1
[INFO] [1786546026.745123]: 开始进行多边形确认 · detections=1
[INFO] [1786546026.885396]: 开始进行多边形确认 · detections=1
[INFO] [1786546026.990140]: 开始进行多边形确认 · detections=1
[INFO] [1786546027.123389]: 开始进行多边形确认 · detections=1
[INFO] [1786546027.252293]: 开始进行多边形确认 · detections=1
[INFO] [1786546027.369022]: RGB-D vision status: model_ready:onnxruntime targets:0 centers:0 tf:0 rejected:0 merged:0 semantic_masks:0
[INFO] [1786546027.524464]: 开始进行多边形确认 · detections=1
[INFO] [1786546027.623057]: 开始进行多边形确认 · detections=1
[INFO] [1786546027.748352]: 开始进行多边形确认 · detections=1
[INFO] [1786546027.866385]: 开始进行多边形确认 · detections=1
[INFO] [1786546027.996114]: 开始进行多边形确认 · detections=1
[INFO] [1786546028.118309]: 开始进行多边形确认 · detections=1
[INFO] [1786546028.260390]: 开始进行多边形确认 · detections=1
[INFO] [1786546028.370144]: 开始进行多边形确认 · detections=1
[INFO] [1786546028.506639]: 开始进行多边形确认 · detections=1
[INFO] [1786546028.642207]: 开始进行多边形确认 · detections=1
[INFO] [1786546028.875632]: 开始进行多边形确认 · detections=1
[INFO] [1786546029.018260]: 开始进行多边形确认 · detections=1
[INFO] [1786546029.144133]: 开始进行多边形确认 · detections=1
[INFO] [1786546029.272058]: 开始进行多边形确认 · detections=1
[INFO] [1786546029.521686]: 开始进行多边形确认 · detections=1
[INFO] [1786546029.753088]: 开始进行多边形确认 · detections=1
[INFO] [1786546029.877367]: 开始进行多边形确认 · detections=1
[INFO] [1786546029.999402]: 开始进行多边形确认 · detections=1
[INFO] [1786546030.121531]: 开始进行多边形确认 · detections=1
[INFO] [1786546030.377373]: 开始进行多边形确认 · detections=1
[INFO] [1786546030.775750]: 开始进行多边形确认 · detections=1
[INFO] [1786546030.875628]: 开始进行多边形确认 · detections=1
[INFO] [1786546031.005338]: 开始进行多边形确认 · detections=1
[INFO] [1786546031.258169]: 开始进行多边形确认 · detections=1
[INFO] [1786546031.385313]: 开始进行多边形确认 · detections=1
[INFO] [1786546031.497070]: 开始进行多边形确认 · detections=1
[INFO] [1786546031.640370]: 开始进行多边形确认 · detections=1
[INFO] [1786546031.772682]: 开始进行多边形确认 · detections=1
[INFO] [1786546031.912453]: 开始进行多边形确认 · detections=1
[INFO] [1786546032.154153]: 开始进行多边形确认 · detections=1
[INFO] [1786546032.269477]: 开始进行多边形确认 · detections=1
[INFO] [1786546032.394458]: 开始进行多边形确认 · detections=1
[INFO] [1786546032.523395]: 开始进行多边形确认 · detections=1
[INFO] [1786546032.643685]: 开始进行多边形确认 · detections=1
[INFO] [1786546032.790481]: 开始进行多边形确认 · detections=1
[INFO] [1786546032.906563]: 开始进行多边形确认 · detections=1
[INFO] [1786546033.027454]: 开始进行多边形确认 · detections=1
[INFO] [1786546033.147884]: 开始进行多边形确认 · detections=1
[INFO] [1786546033.275540]: 开始进行多边形确认 · detections=1
[INFO] [1786546033.402236]: 开始进行多边形确认 · detections=1
[INFO] [1786546033.524531]: 开始进行多边形确认 · detections=1
[INFO] [1786546033.649492]: 开始进行多边形确认 · detections=1
[INFO] [1786546033.782017]: RGB-D vision status: model_ready:onnxruntime targets:0 centers:0 tf:0 rejected:0 merged:0 semantic_masks:0
[INFO] [1786546033.899094]: 开始进行多边形确认 · detections=1
[INFO] [1786546034.018756]: 开始进行多边形确认 · detections=1
[INFO] [1786546034.143872]: 开始进行多边形确认 · detections=1
[INFO] [1786546034.270277]: 开始进行多边形确认 · detections=1
[INFO] [1786546034.415891]: 开始进行多边形确认 · detections=1
[INFO] [1786546034.536361]: 开始进行多边形确认 · detections=1
[INFO] [1786546034.657641]: 开始进行多边形确认 · detections=1
[INFO] [1786546034.768815]: 开始进行多边形确认 · detections=1
[INFO] [1786546034.908625]: 开始进行多边形确认 · detections=1
[INFO] [1786546035.025554]: 开始进行多边形确认 · detections=1
[INFO] [1786546035.148225]: 开始进行多边形确认 · detections=1
[INFO] [1786546035.271901]: 开始进行多边形确认 · detections=1
[INFO] [1786546035.401310]: 开始进行多边形确认 · detections=1
[INFO] [1786546035.536106]: 开始进行多边形确认 · detections=1
[WARN] [1786546029.523094]: 开始进行多边形确认 · 多边形确认失败 · rejected=0 · elapsed_ms=1.5
[WARN] [1786546029.754224]: 开始进行多边形确认 · 多边形确认失败 · rejected=0 · elapsed_ms=1.2
[WARN] [1786546029.878582]: 开始进行多边形确认 · 多边形确认失败 · rejected=0 · elapsed_ms=1.3
[WARN] [1786546030.000633]: 开始进行多边形确认 · 多边形确认失败 · rejected=0 · elapsed_ms=1.3
[WARN] [1786546030.122741]: 开始进行多边形确认 · 多边形确认失败 · rejected=0 · elapsed_ms=1.3
[WARN] [1786546030.378633]: 开始进行多边形确认 · 多边形确认失败 · rejected=0 · elapsed_ms=1.3
[WARN] [1786546030.777164]: 开始进行多边形确认 · 多边形确认失败 · rejected=0 · elapsed_ms=1.5
[WARN] [1786546030.876783]: 开始进行多边形确认 · 多边形确认失败 · rejected=0 · elapsed_ms=1.2
[WARN] [1786546031.006530]: 开始进行多边形确认 · 多边形确认失败 · rejected=0 · elapsed_ms=1.2
[WARN] [1786546031.259444]: 开始进行多边形确认 · 多边形确认失败 · rejected=0 · elapsed_ms=1.3
[WARN] [1786546031.386525]: 开始进行多边形确认 · 多边形确认失败 · rejected=0 · elapsed_ms=1.3
[WARN] [1786546031.498187]: 开始进行多边形确认 · 多边形确认失败 · rejected=0 · elapsed_ms=1.2
[WARN] [1786546031.641363]: 开始进行多边形确认 · 多边形确认失败 · rejected=0 · elapsed_ms=1.0
[WARN] [1786546031.773913]: 开始进行多边形确认 · 多边形确认失败 · rejected=0 · elapsed_ms=1.3
[WARN] [1786546031.913807]: 开始进行多边形确认 · 多边形确认失败 · rejected=0 · elapsed_ms=1.4
[WARN] [1786546032.155515]: 开始进行多边形确认 · 多边形确认失败 · rejected=0 · elapsed_ms=1.4
[WARN] [1786546032.270724]: 开始进行多边形确认 · 多边形确认失败 · rejected=0 · elapsed_ms=1.3
[WARN] [1786546032.395700]: 开始进行多边形确认 · 多边形确认失败 · rejected=0 · elapsed_ms=1.3
[WARN] [1786546032.543181]: 开始进行多边形确认 · 多边形确认失败 · rejected=0 · elapsed_ms=19.8
[WARN] [1786546032.645003]: 开始进行多边形确认 · 多边形确认失败 · rejected=0 · elapsed_ms=1.3
[WARN] [1786546032.791711]: 开始进行多边形确认 · 多边形确认失败 · rejected=0 · elapsed_ms=1.3
[WARN] [1786546032.908010]: 开始进行多边形确认 · 多边形确认失败 · rejected=0 · elapsed_ms=1.5
[WARN] [1786546033.028824]: 开始进行多边形确认 · 多边形确认失败 · rejected=0 · elapsed_ms=1.4
[WARN] [1786546033.149294]: 开始进行多边形确认 · 多边形确认失败 · rejected=0 · elapsed_ms=1.5
[WARN] [1786546033.276805]: 开始进行多边形确认 · 多边形确认失败 · rejected=0 · elapsed_ms=1.3
[WARN] [1786546033.403635]: 开始进行多边形确认 · 多边形确认失败 · rejected=0 · elapsed_ms=1.5
[WARN] [1786546033.525913]: 开始进行多边形确认 · 多边形确认失败 · rejected=0 · elapsed_ms=1.4
[WARN] [1786546033.650762]: 开始进行多边形确认 · 多边形确认失败 · rejected=0 · elapsed_ms=1.3
[WARN] [1786546033.900530]: 开始进行多边形确认 · 多边形确认失败 · rejected=0 · elapsed_ms=1.5
[WARN] [1786546034.020103]: 开始进行多边形确认 · 多边形确认失败 · rejected=0 · elapsed_ms=1.4
[WARN] [1786546034.145128]: 开始进行多边形确认 · 多边形确认失败 · rejected=0 · elapsed_ms=1.3
[WARN] [1786546034.272040]: 开始进行多边形确认 · 多边形确认失败 · rejected=0 · elapsed_ms=1.8
[WARN] [1786546034.417293]: 开始进行多边形确认 · 多边形确认失败 · rejected=0 · elapsed_ms=1.5
[WARN] [1786546034.537744]: 开始进行多边形确认 · 多边形确认失败 · rejected=0 · elapsed_ms=1.5
[WARN] [1786546034.659141]: 开始进行多边形确认 · 多边形确认失败 · rejected=0 · elapsed_ms=1.6
[WARN] [1786546034.769887]: 开始进行多边形确认 · 多边形确认失败 · rejected=0 · elapsed_ms=1.1
[WARN] [1786546034.909957]: 开始进行多边形确认 · 多边形确认失败 · rejected=0 · elapsed_ms=1.4
[WARN] [1786546035.026848]: 开始进行多边形确认 · 多边形确认失败 · rejected=0 · elapsed_ms=1.4
[WARN] [1786546035.149458]: 开始进行多边形确认 · 多边形确认失败 · rejected=0 · elapsed_ms=1.3
[WARN] [1786546035.273247]: 开始进行多边形确认 · 多边形确认失败 · rejected=0 · elapsed_ms=1.4
[WARN] [1786546035.402345]: 开始进行多边形确认 · 多边形确认失败 · rejected=0 · elapsed_ms=1.1
[WARN] [1786546035.537617]: 开始进行多边形确认 · 多边形确认失败 · rejected=0 · elapsed_ms=1.6
[WARN] [1786546035.796750]: 开始进行多边形确认 · 多边形确认失败 · rejected=0 · elapsed_ms=1.5
[WARN] [1786546035.919997]: 开始进行多边形确认 · 多边形确认失败 · rejected=0 · elapsed_ms=1.5
[WARN] [1786546036.044713]: 开始进行多边形确认 · 多边形确认失败 · rejected=0 · elapsed_ms=1.5
[WARN] [1786546036.166700]: 开始进行多边形确认 · 多边形确认失败 · rejected=0 · elapsed_ms=1.6
[WARN] [1786546036.291178]: 开始进行多边形确认 · 多边形确认失败 · rejected=0 · elapsed_ms=1.3
[WARN] [1786546036.413675]: 开始进行多边形确认 · 多边形确认失败 · rejected=0 · elapsed_ms=1.5
[WARN] [1786546036.540644]: 开始进行多边形确认 · 多边形确认失败 · rejected=0 · elapsed_ms=1.8
[WARN] [1786546036.665878]: 开始进行多边形确认 · 多边形确认失败 · rejected=0 · elapsed_ms=1.3
[WARN] [1786546036.792388]: 开始进行多边形确认 · 多边形确认失败 · rejected=0 · elapsed_ms=1.6
[WARN] [1786546036.917195]: 开始进行多边形确认 · 多边形确认失败 · rejected=0 · elapsed_ms=1.4
[WARN] [1786546037.065393]: 开始进行多边形确认 · 多边形确认失败 · rejected=0 · elapsed_ms=1.3
[WARN] [1786546037.154373]: 开始进行多边形确认 · 多边形确认失败 · rejected=0 · elapsed_ms=1.2
[WARN] [1786546037.281179]: 开始进行多边形确认 · 多边形确认失败 · rejected=0 · elapsed_ms=1.3
[WARN] [1786546037.420854]: 开始进行多边形确认 · 多边形确认失败 · rejected=0 · elapsed_ms=1.4
[WARN] [1786546037.546152]: 开始进行多边形确认 · 多边形确认失败 · rejected=0 · elapsed_ms=1.6
[WARN] [1786546037.669585]: 开始进行多边形确认 · 多边形确认失败 · rejected=0 · elapsed_ms=1.5
[WARN] [1786546037.795884]: 开始进行多边形确认 · 多边形确认失败 · rejected=0 · elapsed_ms=1.6
[WARN] [1786546037.925552]: 开始进行多边形确认 · 多边形确认失败 · rejected=0 · elapsed_ms=1.4
[WARN] [1786546038.164998]: 开始进行多边形确认 · 多边形确认失败 · rejected=0 · elapsed_ms=1.4
[WARN] [1786546038.280588]: 开始进行多边形确认 · 多边形确认失败 · rejected=0 · elapsed_ms=1.5
[WARN] [1786546038.411667]: 开始进行多边形确认 · 多边形确认失败 · rejected=0 · elapsed_ms=1.3
[WARN] [1786546038.532595]: 开始进行多边形确认 · 多边形确认失败 · rejected=0 · elapsed_ms=1.3
[WARN] [1786546038.654984]: 开始进行多边形确认 · 多边形确认失败 · rejected=0 · elapsed_ms=1.3
[WARN] [1786546038.785537]: 开始进行多边形确认 · 多边形确认失败 · rejected=0 · elapsed_ms=1.6
[WARN] [1786546038.921365]: 开始进行多边形确认 · 多边形确认失败 · rejected=0 · elapsed_ms=1.4
[WARN] [1786546039.050799]: 开始进行多边形确认 · 多边形确认失败 · rejected=0 · elapsed_ms=1.6
[WARN] [1786546039.224632]: 开始进行多边形确认 · 多边形确认失败 · rejected=0 · elapsed_ms=12.0
[WARN] [1786546039.312666]: 开始进行多边形确认 · 多边形确认失败 · rejected=0 · elapsed_ms=1.5
[WARN] [1786546039.417893]: 开始进行多边形确认 · 多边形确认失败 · rejected=0 · elapsed_ms=1.4
[WARN] [1786546039.541398]: 开始进行多边形确认 · 多边形确认失败 · rejected=0 · elapsed_ms=1.4
[WARN] [1786546039.665071]: 开始进行多边形确认 · 多边形确认失败 · rejected=0 · elapsed_ms=1.5
[WARN] [1786546039.782756]: 开始进行多边形确认 · 多边形确认失败 · rejected=0 · elapsed_ms=1.2
[WARN] [1786546039.905610]: 开始进行多边形确认 · 多边形确认失败 · rejected=0 · elapsed_ms=1.2
[WARN] [1786546040.039284]: 开始进行多边形确认 · 多边形确认失败 · rejected=0 · elapsed_ms=1.4
[WARN] [1786546040.163203]: 开始进行多边形确认 · 多边形确认失败 · rejected=0 · elapsed_ms=1.2
[WARN] [1786546040.329385]: 开始进行多边形确认 · 多边形确认失败 · rejected=0 · elapsed_ms=1.6
[WARN] [1786546040.409621]: 开始进行多边形确认 · 多边形确认失败 · rejected=0 · elapsed_ms=1.1
[WARN] [1786546040.535379]: 开始进行多边形确认 · 多边形确认失败 · rejected=0 · elapsed_ms=1.1
[WARN] [1786546040.660961]: 开始进行多边形确认 · 多边形确认失败 · rejected=0 · elapsed_ms=2.8
[WARN] [1786546040.785771]: 开始进行多边形确认 · 多边形确认失败 · rejected=0 · elapsed_ms=1.3
[WARN] [1786546041.164511]: 开始进行多边形确认 · 多边形确认失败 · rejected=0 · elapsed_ms=1.5
[WARN] [1786546041.536692]: 开始进行多边形确认 · 多边形确认失败 · rejected=0 · elapsed_ms=1.3
[WARN] [1786546041.685428]: 开始进行多边形确认 · 多边形确认失败 · rejected=0 · elapsed_ms=1.4
[WARN] [1786546042.061484]: 开始进行多边形确认 · 多边形确认失败 · rejected=0 · elapsed_ms=1.4
[WARN] [1786546042.186729]: 开始进行多边形确认 · 多边形确认失败 · rejected=0 · elapsed_ms=1.6
[WARN] [1786546042.463395]: 开始进行多边形确认 · 多边形确认失败 · rejected=0 · elapsed_ms=1.5
[WARN] [1786546042.683441]: 开始进行多边形确认 · 多边形确认失败 · rejected=0 · elapsed_ms=2.1
[WARN] [1786546042.803391]: 开始进行多边形确认 · 多边形确认失败 · rejected=0 · elapsed_ms=1.1
[WARN] [1786546042.945245]: 开始进行多边形确认 · 多边形确认失败 · rejected=0 · elapsed_ms=1.6
[WARN] [1786546043.078170]: 开始进行多边形确认 · 多边形确认失败 · rejected=0 · elapsed_ms=1.6
[WARN] [1786546043.209306]: 开始进行多边形确认 · 多边形确认失败 · rejected=0 · elapsed_ms=1.5
[WARN] [1786546043.322111]: 开始进行多边形确认 · 多边形确认失败 · rejected=0 · elapsed_ms=1.6
[WARN] [1786546043.438636]: 开始进行多边形确认 · 多边形确认失败 · rejected=0 · elapsed_ms=1.4
[WARN] [1786546043.683588]: 开始进行多边形确认 · 多边形确认失败 · rejected=0 · elapsed_ms=1.4
[WARN] [1786546043.810495]: 开始进行多边形确认 · 多边形确认失败 · rejected=0 · elapsed_ms=1.3
[WARN] [1786546043.936479]: 开始进行多边形确认 · 多边形确认失败 · rejected=0 · elapsed_ms=1.3
[WARN] [1786546044.060838]: 开始进行多边形确认 · 多边形确认失败 · rejected=0 · elapsed_ms=2.4
[WARN] [1786546044.193144]: 开始进行多边形确认 · 多边形确认失败 · rejected=0 · elapsed_ms=2.9
[WARN] [1786546044.311125]: 开始进行多边形确认 · 多边形确认失败 · rejected=0 · elapsed_ms=1.5
[WARN] [1786546044.692103]: 开始进行多边形确认 · 多边形确认失败 · rejected=0 · elapsed_ms=1.5
[WARN] [1786546044.817579]: 开始进行多边形确认 · 多边形确认失败 · rejected=0 · elapsed_ms=1.5
[WARN] [1786546044.941369]: 开始进行多边形确认 · 多边形确认失败 · rejected=0 · elapsed_ms=1.4
[WARN] [1786546045.189490]: 开始进行多边形确认 · 多边形确认失败 · rejected=0 · elapsed_ms=1.3
[WARN] [1786546045.320422]: 开始进行多边形确认 · 多边形确认失败 · rejected=0 · elapsed_ms=1.7
[WARN] [1786546045.440752]: 开始进行多边形确认 · 多边形确认失败 · rejected=0 · elapsed_ms=1.5
[WARN] [1786546045.571660]: 开始进行多边形确认 · 多边形确认失败 · rejected=0 · elapsed_ms=1.6
[WARN] [1786546045.703504]: 开始进行多边形确认 · 多边形确认失败 · rejected=0 · elapsed_ms=1.3
[WARN] [1786546045.806065]: 开始进行多边形确认 · 多边形确认失败 · rejected=0 · elapsed_ms=1.4
[WARN] [1786546046.178423]: 开始进行多边形确认 · 多边形确认失败 · rejected=0 · elapsed_ms=1.5
[WARN] [1786546046.303746]: 开始进行多边形确认 · 多边形确认失败 · rejected=0 · elapsed_ms=1.3
[WARN] [1786546046.427535]: 开始进行多边形确认 · 多边形确认失败 · rejected=0 · elapsed_ms=1.2
[WARN] [1786546046.558716]: 开始进行多边形确认 · 多边形确认失败 · rejected=0 · elapsed_ms=1.3
[WARN] [1786546046.716526]: 开始进行多边形确认 · 多边形确认失败 · rejected=0 · elapsed_ms=1.4
[WARN] [1786546046.832285]: 开始进行多边形确认 · 多边形确认失败 · rejected=0 · elapsed_ms=1.5
[WARN] [1786546047.073780]: 开始进行多边形确认 · 多边形确认失败 · rejected=0 · elapsed_ms=1.5
[WARN] [1786546047.186131]: 开始进行多边形确认 · 多边形确认失败 · rejected=0 · elapsed_ms=1.3
[WARN] [1786546047.322597]: 开始进行多边形确认 · 多边形确认失败 · rejected=0 · elapsed_ms=1.4
[WARN] [1786546047.444650]: 开始进行多边形确认 · 多边形确认失败 · rejected=0 · elapsed_ms=1.4
[WARN] [1786546047.711025]: 开始进行多边形确认 · 多边形确认失败 · rejected=0 · elapsed_ms=1.5
[WARN] [1786546047.840028]: 开始进行多边形确认 · 多边形确认失败 · rejected=0 · elapsed_ms=1.5
[WARN] [1786546047.959119]: 开始进行多边形确认 · 多边形确认失败 · rejected=0 · elapsed_ms=1.6
[WARN] [1786546048.086232]: 开始进行多边形确认 · 多边形确认失败 · rejected=0 · elapsed_ms=1.2
[WARN] [1786546048.210947]: 开始进行多边形确认 · 多边形确认失败 · rejected=0 · elapsed_ms=1.4
[WARN] [1786546048.335667]: 开始进行多边形确认 · 多边形确认失败 · rejected=0 · elapsed_ms=1.6
[WARN] [1786546048.466873]: 开始进行多边形确认 · 多边形确认失败 · rejected=0 · elapsed_ms=1.8
[WARN] [1786546048.589682]: 开始进行多边形确认 · 多边形确认失败 · rejected=0 · elapsed_ms=1.8
[WARN] [1786546048.857361]: 开始进行多边形确认 · 多边形确认失败 · rejected=0 · elapsed_ms=1.7
[WARN] [1786546048.973376]: 开始进行多边形确认 · 多边形确认失败 · rejected=0 · elapsed_ms=1.7
[WARN] [1786546049.094110]: 开始进行多边形确认 · 多边形确认失败 · rejected=0 · elapsed_ms=1.4
[WARN] [1786546049.217495]: 开始进行多边形确认 · 多边形确认失败 · rejected=0 · elapsed_ms=1.6
[WARN] [1786546049.347479]: 开始进行多边形确认 · 多边形确认失败 · rejected=0 · elapsed_ms=1.9
[WARN] [1786546049.450936]: 开始进行多边形确认 · 多边形确认失败 · rejected=0 · elapsed_ms=1.4
[WARN] [1786546049.577112]: 开始进行多边形确认 · 多边形确认失败 · rejected=0 · elapsed_ms=1.4
[WARN] [1786546049.963449]: 开始进行多边形确认 · 多边形确认失败 · rejected=0 · elapsed_ms=1.4
[WARN] [1786546050.086560]: 开始进行多边形确认 · 多边形确认失败 · rejected=0 · elapsed_ms=1.3
[WARN] [1786546050.323509]: 开始进行多边形确认 · 多边形确认失败 · rejected=0 · elapsed_ms=1.3
[WARN] [1786546050.446257]: 开始进行多边形确认 · 多边形确认失败 · rejected=0 · elapsed_ms=1.4
[WARN] [1786546050.591606]: 开始进行多边形确认 · 多边形确认失败 · rejected=0 · elapsed_ms=1.5
[WARN] [1786546050.721985]: 开始进行多边形确认 · 多边形确认失败 · rejected=0 · elapsed_ms=1.4
[WARN] [1786546050.850782]: 开始进行多边形确认 · 多边形确认失败 · rejected=0 · elapsed_ms=1.6
[WARN] [1786546050.974747]: 开始进行多边形确认 · 多边形确认失败 · rejected=0 · elapsed_ms=1.3
[WARN] [1786546051.213517]: 开始进行多边形确认 · 多边形确认失败 · rejected=0 · elapsed_ms=1.4
[INFO] [1786546035.795245]: 开始进行多边形确认 · detections=1
[INFO] [1786546035.918566]: 开始进行多边形确认 · detections=1
[INFO] [1786546036.043320]: 开始进行多边形确认 · detections=1
[INFO] [1786546036.165204]: 开始进行多边形确认 · detections=1
[INFO] [1786546036.289975]: 开始进行多边形确认 · detections=1
[INFO] [1786546036.412218]: 开始进行多边形确认 · detections=1
[INFO] [1786546036.538877]: 开始进行多边形确认 · detections=1
[INFO] [1786546036.664635]: 开始进行多边形确认 · detections=1
[INFO] [1786546036.790931]: 开始进行多边形确认 · detections=1
[INFO] [1786546036.915844]: 开始进行多边形确认 · detections=1
[INFO] [1786546037.064179]: 开始进行多边形确认 · detections=1
[INFO] [1786546037.153182]: 开始进行多边形确认 · detections=1
[INFO] [1786546037.279922]: 开始进行多边形确认 · detections=1
[INFO] [1786546037.419507]: 开始进行多边形确认 · detections=1
[INFO] [1786546037.544636]: 开始进行多边形确认 · detections=1
[INFO] [1786546037.668157]: 开始进行多边形确认 · detections=1
[INFO] [1786546037.794423]: 开始进行多边形确认 · detections=1
[INFO] [1786546037.924234]: 开始进行多边形确认 · detections=1
[INFO] [1786546038.163708]: 开始进行多边形确认 · detections=1
[INFO] [1786546038.279114]: 开始进行多边形确认 · detections=1
[INFO] [1786546038.410450]: 开始进行多边形确认 · detections=1
[INFO] [1786546038.531355]: 开始进行多边形确认 · detections=1
[INFO] [1786546038.653741]: 开始进行多边形确认 · detections=1
[INFO] [1786546038.783992]: 开始进行多边形确认 · detections=1
[INFO] [1786546038.920103]: 开始进行多边形确认 · detections=1
[INFO] [1786546039.049295]: 开始进行多边形确认 · detections=1
[INFO] [1786546039.212631]: 开始进行多边形确认 · detections=1
[INFO] [1786546039.311236]: 开始进行多边形确认 · detections=1
[INFO] [1786546039.416519]: 开始进行多边形确认 · detections=1
[INFO] [1786546039.540014]: 开始进行多边形确认 · detections=1
[INFO] [1786546039.663643]: 开始进行多边形确认 · detections=1
[INFO] [1786546039.781623]: 开始进行多边形确认 · detections=1
[INFO] [1786546039.904450]: 开始进行多边形确认 · detections=1
[INFO] [1786546040.037969]: 开始进行多边形确认 · detections=1
[INFO] [1786546040.162011]: 开始进行多边形确认 · detections=1
[INFO] [1786546040.327897]: 开始进行多边形确认 · detections=1
[INFO] [1786546040.408541]: 开始进行多边形确认 · detections=1
[INFO] [1786546040.534294]: 开始进行多边形确认 · detections=1
[INFO] [1786546040.658148]: 开始进行多边形确认 · detections=1
[INFO] [1786546040.784493]: 开始进行多边形确认 · detections=1
[INFO] [1786546040.910728]: RGB-D vision status: model_ready:onnxruntime targets:0 centers:0 tf:0 rejected:0 merged:0 semantic_masks:0
[INFO] [1786546041.163056]: 开始进行多边形确认 · detections=1
[INFO] [1786546041.535488]: 开始进行多边形确认 · detections=1
[INFO] [1786546041.684113]: 开始进行多边形确认 · detections=1
[INFO] [1786546042.060191]: 开始进行多边形确认 · detections=1
[INFO] [1786546042.185202]: 开始进行多边形确认 · detections=1
[INFO] [1786546042.461988]: 开始进行多边形确认 · detections=1
[INFO] [1786546042.681321]: 开始进行多边形确认 · detections=1
[INFO] [1786546042.802360]: 开始进行多边形确认 · detections=1
[INFO] [1786546042.943753]: 开始进行多边形确认 · detections=1
[INFO] [1786546043.076652]: 开始进行多边形确认 · detections=1
[INFO] [1786546043.207905]: 开始进行多边形确认 · detections=1
[INFO] [1786546043.320636]: 开始进行多边形确认 · detections=1
[INFO] [1786546043.437303]: 开始进行多边形确认 · detections=1
[INFO] [1786546043.682257]: 开始进行多边形确认 · detections=1
[INFO] [1786546043.809265]: 开始进行多边形确认 · detections=1
[INFO] [1786546043.935194]: 开始进行多边形确认 · detections=1
[INFO] [1786546044.058458]: 开始进行多边形确认 · detections=1
[INFO] [1786546044.190299]: 开始进行多边形确认 · detections=1
[INFO] [1786546044.309639]: 开始进行多边形确认 · detections=1
[INFO] [1786546044.690648]: 开始进行多边形确认 · detections=1
[INFO] [1786546044.816152]: 开始进行多边形确认 · detections=1
[INFO] [1786546044.940089]: 开始进行多边形确认 · detections=1
[INFO] [1786546045.188230]: 开始进行多边形确认 · detections=1
[INFO] [1786546045.318776]: 开始进行多边形确认 · detections=1
[INFO] [1786546045.439302]: 开始进行多边形确认 · detections=1
[INFO] [1786546045.570200]: 开始进行多边形确认 · detections=1
[INFO] [1786546045.702272]: 开始进行多边形确认 · detections=1
[INFO] [1786546045.804784]: 开始进行多边形确认 · detections=1
[INFO] [1786546045.924229]: RGB-D vision status: model_ready:onnxruntime targets:0 centers:0 tf:0 rejected:0 merged:0 semantic_masks:0
[INFO] [1786546046.177030]: 开始进行多边形确认 · detections=1
[INFO] [1786546046.302531]: 开始进行多边形确认 · detections=1
[INFO] [1786546046.426394]: 开始进行多边形确认 · detections=1
[INFO] [1786546046.557471]: 开始进行多边形确认 · detections=1
[INFO] [1786546046.715181]: 开始进行多边形确认 · detections=1
[INFO] [1786546046.830929]: 开始进行多边形确认 · detections=1
[INFO] [1786546047.072345]: 开始进行多边形确认 · detections=1
[INFO] [1786546047.184883]: 开始进行多边形确认 · detections=1
[INFO] [1786546047.321253]: 开始进行多边形确认 · detections=1
[INFO] [1786546047.443347]: 开始进行多边形确认 · detections=1
[INFO] [1786546047.709555]: 开始进行多边形确认 · detections=1
[INFO] [1786546047.838598]: 开始进行多边形确认 · detections=1
[INFO] [1786546047.957599]: 开始进行多边形确认 · detections=1
[INFO] [1786546048.085135]: 开始进行多边形确认 · detections=1
[INFO] [1786546048.209656]: 开始进行多边形确认 · detections=1
[INFO] [1786546048.334177]: 开始进行多边形确认 · detections=1
[INFO] [1786546048.465171]: 开始进行多边形确认 · detections=1
[INFO] [1786546048.587919]: 开始进行多边形确认 · detections=1
[INFO] [1786546048.855803]: 开始进行多边形确认 · detections=1
[INFO] [1786546048.971777]: 开始进行多边形确认 · detections=1
[INFO] [1786546049.092789]: 开始进行多边形确认 · detections=1
[INFO] [1786546049.216007]: 开始进行多边形确认 · detections=1
[INFO] [1786546049.345675]: 开始进行多边形确认 · detections=1
[INFO] [1786546049.449580]: 开始进行多边形确认 · detections=1
[INFO] [1786546049.575755]: 开始进行多边形确认 · detections=1
[INFO] [1786546049.962117]: 开始进行多边形确认 · detections=1
[INFO] [1786546050.085355]: 开始进行多边形确认 · detections=1
[INFO] [1786546050.322294]: 开始进行多边形确认 · detections=1
[INFO] [1786546050.444928]: 开始进行多边形确认 · detections=1
[INFO] [1786546050.590215]: 开始进行多边形确认 · detections=1
[INFO] [1786546050.720597]: 开始进行多边形确认 · detections=1
[INFO] [1786546050.849272]: 开始进行多边形确认 · detections=1
[INFO] [1786546050.973539]: 开始进行多边形确认 · detections=1
[INFO] [1786546051.089655]: RGB-D vision status: model_ready:onnxruntime targets:0 centers:0 tf:0 rejected:0 merged:0 semantic_masks:0
[INFO] [1786546051.212210]: 开始进行多边形确认 · detections=1
[INFO] [1786546051.345423]: 开始进行多边形确认 · detections=1
[INFO] [1786546051.464159]: 开始进行多边形确认 · detections=1
[INFO] [1786546051.589323]: 开始进行多边形确认 · detections=1
[INFO] [1786546051.715571]: 开始进行多边形确认 · detections=1
[INFO] [1786546051.842294]: 开始进行多边形确认 · detections=1
[INFO] [1786546051.973650]: 开始进行多边形确认 · detections=1
[WARN] [1786546051.346991]: 开始进行多边形确认 · 多边形确认失败 · rejected=0 · elapsed_ms=1.6
[WARN] [1786546051.465613]: 开始进行多边形确认 · 多边形确认失败 · rejected=0 · elapsed_ms=1.5
[WARN] [1786546051.590677]: 开始进行多边形确认 · 多边形确认失败 · rejected=0 · elapsed_ms=1.4
[WARN] [1786546051.717090]: 开始进行多边形确认 · 多边形确认失败 · rejected=0 · elapsed_ms=1.6
[WARN] [1786546051.843616]: 开始进行多边形确认 · 多边形确认失败 · rejected=0 · elapsed_ms=1.4
[WARN] [1786546051.975182]: 开始进行多边形确认 · 多边形确认失败 · rejected=0 · elapsed_ms=1.6
[WARN] [1786546052.104586]: 开始进行多边形确认 · 多边形确认失败 · rejected=0 · elapsed_ms=1.6
[WARN] [1786546052.222638]: 开始进行多边形确认 · 多边形确认失败 · rejected=0 · elapsed_ms=1.7
[WARN] [1786546052.347959]: 开始进行多边形确认 · 多边形确认失败 · rejected=0 · elapsed_ms=1.5
[WARN] [1786546052.471344]: 开始进行多边形确认 · 多边形确认失败 · rejected=0 · elapsed_ms=1.8
[WARN] [1786546052.595778]: 开始进行多边形确认 · 多边形确认失败 · rejected=0 · elapsed_ms=2.4
[WARN] [1786546052.733773]: 开始进行多边形确认 · 多边形确认失败 · rejected=0 · elapsed_ms=2.5
[WARN] [1786546052.861242]: 开始进行多边形确认 · 多边形确认失败 · rejected=0 · elapsed_ms=1.6
[WARN] [1786546052.976605]: 开始进行多边形确认 · 多边形确认失败 · rejected=0 · elapsed_ms=1.4
[WARN] [1786546053.131401]: 开始进行多边形确认 · 多边形确认失败 · rejected=0 · elapsed_ms=1.9
[WARN] [1786546053.229752]: 开始进行多边形确认 · 多边形确认失败 · rejected=0 · elapsed_ms=1.5
[WARN] [1786546053.356134]: 开始进行多边形确认 · 多边形确认失败 · rejected=0 · elapsed_ms=1.4
[WARN] [1786546053.605900]: 开始进行多边形确认 · 多边形确认失败 · rejected=0 · elapsed_ms=1.4
[WARN] [1786546053.734260]: 开始进行多边形确认 · 多边形确认失败 · rejected=0 · elapsed_ms=3.2
[WARN] [1786546053.855085]: 开始进行多边形确认 · 多边形确认失败 · rejected=0 · elapsed_ms=1.6
[WARN] [1786546053.984362]: 开始进行多边形确认 · 多边形确认失败 · rejected=0 · elapsed_ms=1.4
[WARN] [1786546054.115414]: 开始进行多边形确认 · 多边形确认失败 · rejected=0 · elapsed_ms=1.6
[WARN] [1786546054.247721]: 开始进行多边形确认 · 多边形确认失败 · rejected=0 · elapsed_ms=1.6
[WARN] [1786546054.351122]: 开始进行多边形确认 · 多边形确认失败 · rejected=0 · elapsed_ms=1.6
[WARN] [1786546054.479004]: 开始进行多边形确认 · 多边形确认失败 · rejected=0 · elapsed_ms=1.7
[WARN] [1786546054.605393]: 开始进行多边形确认 · 多边形确认失败 · rejected=0 · elapsed_ms=1.6
[WARN] [1786546054.718581]: 开始进行多边形确认 · 多边形确认失败 · rejected=0 · elapsed_ms=1.3
[WARN] [1786546054.842135]: 开始进行多边形确认 · 多边形确认失败 · rejected=0 · elapsed_ms=1.3
[WARN] [1786546054.971603]: 开始进行多边形确认 · 多边形确认失败 · rejected=0 · elapsed_ms=1.6
[WARN] [1786546055.260055]: 开始进行多边形确认 · 多边形确认失败 · rejected=0 · elapsed_ms=1.7
[WARN] [1786546055.348990]: 开始进行多边形确认 · 多边形确认失败 · rejected=0 · elapsed_ms=1.7
[WARN] [1786546055.467204]: 开始进行多边形确认 · 多边形确认失败 · rejected=0 · elapsed_ms=1.8
[WARN] [1786546055.607219]: 开始进行多边形确认 · 多边形确认失败 · rejected=0 · elapsed_ms=1.4
[WARN] [1786546055.861475]: 开始进行多边形确认 · 多边形确认失败 · rejected=0 · elapsed_ms=1.6
[WARN] [1786546055.995454]: 开始进行多边形确认 · 多边形确认失败 · rejected=0 · elapsed_ms=1.6
[WARN] [1786546056.241022]: 开始进行多边形确认 · 多边形确认失败 · rejected=0 · elapsed_ms=1.7
[WARN] [1786546056.375070]: 开始进行多边形确认 · 多边形确认失败 · rejected=0 · elapsed_ms=1.6
[WARN] [1786546056.497919]: 开始进行多边形确认 · 多边形确认失败 · rejected=0 · elapsed_ms=1.4
[WARN] [1786546056.608149]: 开始进行多边形确认 · 多边形确认失败 · rejected=0 · elapsed_ms=1.4
[WARN] [1786546056.874790]: 开始进行多边形确认 · 多边形确认失败 · rejected=0 · elapsed_ms=1.3
[WARN] [1786546056.974813]: 开始进行多边形确认 · 多边形确认失败 · rejected=0 · elapsed_ms=1.3
[WARN] [1786546057.102473]: 开始进行多边形确认 · 多边形确认失败 · rejected=0 · elapsed_ms=1.3
[WARN] [1786546057.384137]: 开始进行多边形确认 · 多边形确认失败 · rejected=0 · elapsed_ms=1.4
[WARN] [1786546057.495807]: 开始进行多边形确认 · 多边形确认失败 · rejected=0 · elapsed_ms=1.4
[WARN] [1786546057.616874]: 开始进行多边形确认 · 多边形确认失败 · rejected=0 · elapsed_ms=1.3
[WARN] [1786546057.741263]: 开始进行多边形确认 · 多边形确认失败 · rejected=0 · elapsed_ms=1.5
[WARN] [1786546057.850070]: 开始进行多边形确认 · 多边形确认失败 · rejected=0 · elapsed_ms=1.4
[WARN] [1786546057.985219]: 开始进行多边形确认 · 多边形确认失败 · rejected=0 · elapsed_ms=1.3
[WARN] [1786546058.114461]: 开始进行多边形确认 · 多边形确认失败 · rejected=0 · elapsed_ms=1.3
[WARN] [1786546058.240610]: 开始进行多边形确认 · 多边形确认失败 · rejected=0 · elapsed_ms=1.2
[WARN] [1786546058.376593]: 开始进行多边形确认 · 多边形确认失败 · rejected=0 · elapsed_ms=1.4
[WARN] [1786546058.502687]: 开始进行多边形确认 · 多边形确认失败 · rejected=0 · elapsed_ms=1.3
[WARN] [1786546058.615355]: 开始进行多边形确认 · 多边形确认失败 · rejected=0 · elapsed_ms=1.2
[WARN] [1786546058.738884]: 开始进行多边形确认 · 多边形确认失败 · rejected=0 · elapsed_ms=1.6
[WARN] [1786546058.991129]: 开始进行多边形确认 · 多边形确认失败 · rejected=0 · elapsed_ms=1.3
[WARN] [1786546059.132264]: 开始进行多边形确认 · 多边形确认失败 · rejected=0 · elapsed_ms=1.5
[WARN] [1786546059.252650]: 开始进行多边形确认 · 多边形确认失败 · rejected=0 · elapsed_ms=1.2
[WARN] [1786546059.391656]: 开始进行多边形确认 · 多边形确认失败 · rejected=0 · elapsed_ms=1.6
[WARN] [1786546059.511358]: 开始进行多边形确认 · 多边形确认失败 · rejected=0 · elapsed_ms=1.4
[WARN] [1786546059.628470]: 开始进行多边形确认 · 多边形确认失败 · rejected=0 · elapsed_ms=1.3
[WARN] [1786546059.752052]: 开始进行多边形确认 · 多边形确认失败 · rejected=0 · elapsed_ms=1.3
[WARN] [1786546060.274850]: 开始进行多边形确认 · 多边形确认失败 · rejected=0 · elapsed_ms=1.5
[WARN] [1786546060.559013]: 开始进行多边形确认 · 多边形确认失败 · rejected=0 · elapsed_ms=1.6
[WARN] [1786546060.633084]: 开始进行多边形确认 · 多边形确认失败 · rejected=0 · elapsed_ms=1.5
[WARN] [1786546060.756206]: 开始进行多边形确认 · 多边形确认失败 · rejected=0 · elapsed_ms=1.4
[WARN] [1786546060.884940]: 开始进行多边形确认 · 多边形确认失败 · rejected=0 · elapsed_ms=1.3
[WARN] [1786546061.008568]: 开始进行多边形确认 · 多边形确认失败 · rejected=0 · elapsed_ms=1.7
[WARN] [1786546061.143272]: 开始进行多边形确认 · 多边形确认失败 · rejected=0 · elapsed_ms=1.7
[WARN] [1786546061.249581]: 开始进行多边形确认 · 多边形确认失败 · rejected=0 · elapsed_ms=1.4
[WARN] [1786546061.376036]: 开始进行多边形确认 · 多边形确认失败 · rejected=0 · elapsed_ms=1.3
[WARN] [1786546061.559842]: 开始进行多边形确认 · 多边形确认失败 · rejected=0 · elapsed_ms=1.9
[WARN] [1786546061.643927]: 开始进行多边形确认 · 多边形确认失败 · rejected=0 · elapsed_ms=1.5
[INFO] [1786546052.103042]: 开始进行多边形确认 · detections=1
[INFO] [1786546052.221052]: 开始进行多边形确认 · detections=1
[INFO] [1786546052.346551]: 开始进行多边形确认 · detections=1
[INFO] [1786546052.469617]: 开始进行多边形确认 · detections=1
[INFO] [1786546052.593479]: 开始进行多边形确认 · detections=1
[INFO] [1786546052.731313]: 开始进行多边形确认 · detections=1
[INFO] [1786546052.859740]: 开始进行多边形确认 · detections=1
[INFO] [1786546052.975257]: 开始进行多边形确认 · detections=1
[INFO] [1786546053.129580]: 开始进行多边形确认 · detections=1
[INFO] [1786546053.228371]: 开始进行多边形确认 · detections=1
[INFO] [1786546053.354826]: 开始进行多边形确认 · detections=1
[INFO] [1786546053.604603]: 开始进行多边形确认 · detections=1
[INFO] [1786546053.731134]: 开始进行多边形确认 · detections=1
[INFO] [1786546053.853463]: 开始进行多边形确认 · detections=1
[INFO] [1786546053.983039]: 开始进行多边形确认 · detections=1
[INFO] [1786546054.113899]: 开始进行多边形确认 · detections=1
[INFO] [1786546054.246187]: 开始进行多边形确认 · detections=1
[INFO] [1786546054.349580]: 开始进行多边形确认 · detections=1
[INFO] [1786546054.477434]: 开始进行多边形确认 · detections=1
[INFO] [1786546054.603934]: 开始进行多边形确认 · detections=1
[INFO] [1786546054.717375]: 开始进行多边形确认 · detections=1
[INFO] [1786546054.840887]: 开始进行多边形确认 · detections=1
[INFO] [1786546054.970143]: 开始进行多边形确认 · detections=1
[INFO] [1786546055.258400]: 开始进行多边形确认 · detections=1
[INFO] [1786546055.347356]: 开始进行多边形确认 · detections=1
[INFO] [1786546055.465443]: 开始进行多边形确认 · detections=1
[INFO] [1786546055.605857]: 开始进行多边形确认 · detections=1
[INFO] [1786546055.859860]: 开始进行多边形确认 · detections=1
[INFO] [1786546055.993884]: 开始进行多边形确认 · detections=1
[INFO] [1786546056.113830]: RGB-D vision status: model_ready:onnxruntime targets:0 centers:0 tf:0 rejected:0 merged:0 semantic_masks:0
[INFO] [1786546056.239365]: 开始进行多边形确认 · detections=1
[INFO] [1786546056.373517]: 开始进行多边形确认 · detections=1
[INFO] [1786546056.496578]: 开始进行多边形确认 · detections=1
[INFO] [1786546056.606818]: 开始进行多边形确认 · detections=1
[INFO] [1786546056.873572]: 开始进行多边形确认 · detections=1
[INFO] [1786546056.973588]: 开始进行多边形确认 · detections=1
[INFO] [1786546057.101227]: 开始进行多边形确认 · detections=1
[INFO] [1786546057.382838]: 开始进行多边形确认 · detections=1
[INFO] [1786546057.494478]: 开始进行多边形确认 · detections=1
[INFO] [1786546057.615640]: 开始进行多边形确认 · detections=1
[INFO] [1786546057.739830]: 开始进行多边形确认 · detections=1
[INFO] [1786546057.848731]: 开始进行多边形确认 · detections=1
[INFO] [1786546057.984034]: 开始进行多边形确认 · detections=1
[INFO] [1786546058.113270]: 开始进行多边形确认 · detections=1
[INFO] [1786546058.239421]: 开始进行多边形确认 · detections=1
[INFO] [1786546058.375270]: 开始进行多边形确认 · detections=1
[INFO] [1786546058.501465]: 开始进行多边形确认 · detections=1
[INFO] [1786546058.614250]: 开始进行多边形确认 · detections=1
[INFO] [1786546058.737290]: 开始进行多边形确认 · detections=1
[INFO] [1786546058.989853]: 开始进行多边形确认 · detections=1
[INFO] [1786546059.130864]: 开始进行多边形确认 · detections=1
[INFO] [1786546059.251539]: 开始进行多边形确认 · detections=1
[INFO] [1786546059.390141]: 开始进行多边形确认 · detections=1
[INFO] [1786546059.510062]: 开始进行多边形确认 · detections=1
[INFO] [1786546059.627271]: 开始进行多边形确认 · detections=1
[INFO] [1786546059.750834]: 开始进行多边形确认 · detections=1
[INFO] [1786546060.273450]: 开始进行多边形确认 · detections=1
[INFO] [1786546060.557504]: 开始进行多边形确认 · detections=1
[INFO] [1786546060.631703]: 开始进行多边形确认 · detections=1
[INFO] [1786546060.754951]: 开始进行多边形确认 · detections=1
[INFO] [1786546060.883727]: 开始进行多边形确认 · detections=1
[INFO] [1786546061.006931]: 开始进行多边形确认 · detections=1
[INFO] [1786546061.141711]: 开始进行多边形确认 · detections=1
[INFO] [1786546061.248228]: 开始进行多边形确认 · detections=1
[INFO] [1786546061.374836]: 开始进行多边形确认 · detections=1
[INFO] [1786546061.557973]: 开始进行多边形确认 · detections=1
[INFO] [1786546061.642504]: 开始进行多边形确认 · detections=1
[INFO] [1786546061.757989]: 开始进行多边形确认 · detections=1
[INFO] [1786546061.885976]: 开始进行多边形确认 · detections=1
[INFO] [1786546062.007498]: 开始进行多边形确认 · detections=1
[INFO] [1786546062.120023]: 开始进行多边形确认 · detections=1
[INFO] [1786546062.229943]: 开始进行多边形确认 · detections=1
[INFO] [1786546062.389782]: 开始进行多边形确认 · detections=1
[INFO] [1786546062.514181]: 开始进行多边形确认 · detections=1
[INFO] [1786546062.632221]: 开始进行多边形确认 · detections=1
[INFO] [1786546062.746381]: 开始进行多边形确认 · detections=1
[INFO] [1786546062.874540]: 开始进行多边形确认 · detections=1
[INFO] [1786546062.999512]: 开始进行多边形确认 · detections=1
[INFO] [1786546063.116403]: 开始进行多边形确认 · detections=1
[INFO] [1786546063.238293]: 开始进行多边形确认 · detections=1
[INFO] [1786546063.373884]: RGB-D vision status: model_ready:onnxruntime targets:0 centers:0 tf:0 rejected:0 merged:0 semantic_masks:0
[INFO] [1786546063.645251]: 开始进行多边形确认 · detections=1
[INFO] [1786546063.743017]: 开始进行多边形确认 · detections=1
[INFO] [1786546063.869870]: 开始进行多边形确认 · detections=1
[INFO] [1786546063.999825]: 开始进行多边形确认 · detections=1
[INFO] [1786546064.277124]: 开始进行多边形确认 · detections=1
[INFO] [1786546064.386451]: 开始进行多边形确认 · detections=1
[INFO] [1786546064.533041]: 开始进行多边形确认 · detections=1
[INFO] [1786546064.638085]: 开始进行多边形确认 · detections=1
[INFO] [1786546064.767256]: 开始进行多边形确认 · detections=1
[INFO] [1786546064.907322]: 开始进行多边形确认 · detections=1
[INFO] [1786546065.033917]: 开始进行多边形确认 · detections=1
[INFO] [1786546065.148284]: 开始进行多边形确认 · detections=1
[INFO] [1786546065.275796]: 开始进行多边形确认 · detections=1
[INFO] [1786546065.523062]: 开始进行多边形确认 · detections=1
[INFO] [1786546065.655749]: 开始进行多边形确认 · detections=1
[INFO] [1786546065.778454]: 开始进行多边形确认 · detections=1
[INFO] [1786546065.881071]: 开始进行多边形确认 · detections=1
[INFO] [1786546066.002746]: 开始进行多边形确认 · detections=1
[INFO] [1786546066.128537]: 开始进行多边形确认 · detections=1
[INFO] [1786546066.250238]: 开始进行多边形确认 · detections=1
[INFO] [1786546066.380339]: 开始进行多边形确认 · detections=1
[INFO] [1786546066.514783]: 开始进行多边形确认 · detections=1
[INFO] [1786546066.639181]: 开始进行多边形确认 · detections=1
[INFO] [1786546066.766452]: 开始进行多边形确认 · detections=1
[INFO] [1786546067.020803]: 开始进行多边形确认 · detections=1
[INFO] [1786546067.142040]: 开始进行多边形确认 · detections=1
[INFO] [1786546067.266778]: 开始进行多边形确认 · detections=1
[INFO] [1786546067.376796]: 开始进行多边形确认 · detections=1
[INFO] [1786546067.500209]: 开始进行多边形确认 · detections=1
[INFO] [1786546067.642609]: 开始进行多边形确认 · detections=1
[INFO] [1786546067.759863]: 开始进行多边形确认 · detections=1
[WARN] [1786546061.759555]: 开始进行多边形确认 · 多边形确认失败 · rejected=0 · elapsed_ms=1.6
[WARN] [1786546061.887345]: 开始进行多边形确认 · 多边形确认失败 · rejected=0 · elapsed_ms=1.5
[WARN] [1786546062.008803]: 开始进行多边形确认 · 多边形确认失败 · rejected=0 · elapsed_ms=1.4
[WARN] [1786546062.121384]: 开始进行多边形确认 · 多边形确认失败 · rejected=0 · elapsed_ms=1.4
[WARN] [1786546062.231275]: 开始进行多边形确认 · 多边形确认失败 · rejected=0 · elapsed_ms=1.4
[WARN] [1786546062.391059]: 开始进行多边形确认 · 多边形确认失败 · rejected=0 · elapsed_ms=1.3
[WARN] [1786546062.515604]: 开始进行多边形确认 · 多边形确认失败 · rejected=0 · elapsed_ms=1.5
[WARN] [1786546062.633552]: 开始进行多边形确认 · 多边形确认失败 · rejected=0 · elapsed_ms=1.4
[WARN] [1786546062.747778]: 开始进行多边形确认 · 多边形确认失败 · rejected=0 · elapsed_ms=1.5
[WARN] [1786546062.876130]: 开始进行多边形确认 · 多边形确认失败 · rejected=0 · elapsed_ms=1.7
[WARN] [1786546063.001210]: 开始进行多边形确认 · 多边形确认失败 · rejected=0 · elapsed_ms=1.7
[WARN] [1786546063.117821]: 开始进行多边形确认 · 多边形确认失败 · rejected=0 · elapsed_ms=1.5
[WARN] [1786546063.239697]: 开始进行多边形确认 · 多边形确认失败 · rejected=0 · elapsed_ms=1.5
[WARN] [1786546063.646588]: 开始进行多边形确认 · 多边形确认失败 · rejected=0 · elapsed_ms=1.4
[WARN] [1786546063.744250]: 开始进行多边形确认 · 多边形确认失败 · rejected=0 · elapsed_ms=1.3
[WARN] [1786546063.871105]: 开始进行多边形确认 · 多边形确认失败 · rejected=0 · elapsed_ms=1.3
[WARN] [1786546064.000983]: 开始进行多边形确认 · 多边形确认失败 · rejected=0 · elapsed_ms=1.2
[WARN] [1786546064.278513]: 开始进行多边形确认 · 多边形确认失败 · rejected=0 · elapsed_ms=1.5
[WARN] [1786546064.387858]: 开始进行多边形确认 · 多边形确认失败 · rejected=0 · elapsed_ms=1.4
[WARN] [1786546064.534321]: 开始进行多边形确认 · 多边形确认失败 · rejected=0 · elapsed_ms=1.4
[WARN] [1786546064.639289]: 开始进行多边形确认 · 多边形确认失败 · rejected=0 · elapsed_ms=1.3
[WARN] [1786546064.768439]: 开始进行多边形确认 · 多边形确认失败 · rejected=0 · elapsed_ms=1.2
[WARN] [1786546064.908896]: 开始进行多边形确认 · 多边形确认失败 · rejected=0 · elapsed_ms=1.7
[WARN] [1786546065.035558]: 开始进行多边形确认 · 多边形确认失败 · rejected=0 · elapsed_ms=1.7
[WARN] [1786546065.149890]: 开始进行多边形确认 · 多边形确认失败 · rejected=0 · elapsed_ms=1.7
[WARN] [1786546065.277612]: 开始进行多边形确认 · 多边形确认失败 · rejected=0 · elapsed_ms=1.9
[WARN] [1786546065.524288]: 开始进行多边形确认 · 多边形确认失败 · rejected=0 · elapsed_ms=1.3
[WARN] [1786546065.657213]: 开始进行多边形确认 · 多边形确认失败 · rejected=0 · elapsed_ms=1.5
[WARN] [1786546065.779949]: 开始进行多边形确认 · 多边形确认失败 · rejected=0 · elapsed_ms=1.6
[WARN] [1786546065.882333]: 开始进行多边形确认 · 多边形确认失败 · rejected=0 · elapsed_ms=1.3
[WARN] [1786546066.004048]: 开始进行多边形确认 · 多边形确认失败 · rejected=0 · elapsed_ms=1.4
[WARN] [1786546066.129855]: 开始进行多边形确认 · 多边形确认失败 · rejected=0 · elapsed_ms=1.4
[WARN] [1786546066.251638]: 开始进行多边形确认 · 多边形确认失败 · rejected=0 · elapsed_ms=1.4
[WARN] [1786546066.382059]: 开始进行多边形确认 · 多边形确认失败 · rejected=0 · elapsed_ms=1.7
[WARN] [1786546066.516368]: 开始进行多边形确认 · 多边形确认失败 · rejected=0 · elapsed_ms=1.7
[WARN] [1786546066.641488]: 开始进行多边形确认 · 多边形确认失败 · rejected=0 · elapsed_ms=2.3
[WARN] [1786546066.767930]: 开始进行多边形确认 · 多边形确认失败 · rejected=0 · elapsed_ms=1.6
[WARN] [1786546067.022198]: 开始进行多边形确认 · 多边形确认失败 · rejected=0 · elapsed_ms=1.5
[WARN] [1786546067.144897]: 开始进行多边形确认 · 多边形确认失败 · rejected=0 · elapsed_ms=2.9
[WARN] [1786546067.268258]: 开始进行多边形确认 · 多边形确认失败 · rejected=0 · elapsed_ms=1.5
[WARN] [1786546067.378067]: 开始进行多边形确认 · 多边形确认失败 · rejected=0 · elapsed_ms=1.3
[WARN] [1786546067.501680]: 开始进行多边形确认 · 多边形确认失败 · rejected=0 · elapsed_ms=1.6
[WARN] [1786546067.643782]: 开始进行多边形确认 · 多边形确认失败 · rejected=0 · elapsed_ms=1.2
[WARN] [1786546067.761820]: 开始进行多边形确认 · 多边形确认失败 · rejected=0 · elapsed_ms=2.0
[WARN] [1786546067.916633]: 开始进行多边形确认 · 多边形确认失败 · rejected=0 · elapsed_ms=1.4
[WARN] [1786546068.144189]: 开始进行多边形确认 · 多边形确认失败 · rejected=0 · elapsed_ms=1.6
[WARN] [1786546068.270789]: 开始进行多边形确认 · 多边形确认失败 · rejected=0 · elapsed_ms=1.8
[WARN] [1786546068.396598]: 开始进行多边形确认 · 多边形确认失败 · rejected=0 · elapsed_ms=1.6
[WARN] [1786546068.525765]: 开始进行多边形确认 · 多边形确认失败 · rejected=0 · elapsed_ms=1.6
[WARN] [1786546068.657284]: 开始进行多边形确认 · 多边形确认失败 · rejected=0 · elapsed_ms=1.6
[WARN] [1786546068.783385]: 开始进行多边形确认 · 多边形确认失败 · rejected=0 · elapsed_ms=1.3
[WARN] [1786546068.909951]: 开始进行多边形确认 · 多边形确认失败 · rejected=0 · elapsed_ms=1.6
[WARN] [1786546069.040971]: 开始进行多边形确认 · 多边形确认失败 · rejected=0 · elapsed_ms=1.5
[WARN] [1786546069.138544]: 开始进行多边形确认 · 多边形确认失败 · rejected=0 · elapsed_ms=1.2
[WARN] [1786546069.263766]: 开始进行多边形确认 · 多边形确认失败 · rejected=0 · elapsed_ms=1.4
[WARN] [1786546069.389153]: 开始进行多边形确认 · 多边形确认失败 · rejected=0 · elapsed_ms=1.4
[WARN] [1786546069.509598]: 开始进行多边形确认 · 多边形确认失败 · rejected=0 · elapsed_ms=1.3
[WARN] [1786546069.652599]: 开始进行多边形确认 · 多边形确认失败 · rejected=0 · elapsed_ms=1.3
[WARN] [1786546069.767508]: 开始进行多边形确认 · 多边形确认失败 · rejected=0 · elapsed_ms=1.4
[WARN] [1786546069.914847]: 开始进行多边形确认 · 多边形确认失败 · rejected=0 · elapsed_ms=1.3
[WARN] [1786546070.031929]: 开始进行多边形确认 · 多边形确认失败 · rejected=0 · elapsed_ms=1.6
[WARN] [1786546070.167289]: 开始进行多边形确认 · 多边形确认失败 · rejected=0 · elapsed_ms=1.5
[WARN] [1786546070.280474]: 开始进行多边形确认 · 多边形确认失败 · rejected=0 · elapsed_ms=1.6
[WARN] [1786546070.531193]: 开始进行多边形确认 · 多边形确认失败 · rejected=0 · elapsed_ms=1.5
[WARN] [1786546070.664364]: 开始进行多边形确认 · 多边形确认失败 · rejected=0 · elapsed_ms=1.4
[WARN] [1786546070.788013]: 开始进行多边形确认 · 多边形确认失败 · rejected=0 · elapsed_ms=1.4
[WARN] [1786546070.899235]: 开始进行多边形确认 · 多边形确认失败 · rejected=0 · elapsed_ms=1.3
[WARN] [1786546071.020884]: 开始进行多边形确认 · 多边形确认失败 · rejected=0 · elapsed_ms=1.4
[WARN] [1786546071.280926]: 开始进行多边形确认 · 多边形确认失败 · rejected=0 · elapsed_ms=2.3
[WARN] [1786546071.438045]: 开始进行多边形确认 · 多边形确认失败 · rejected=0 · elapsed_ms=1.7
[WARN] [1786546071.678409]: 开始进行多边形确认 · 多边形确认失败 · rejected=0 · elapsed_ms=2.5
[WARN] [1786546071.786388]: 开始进行多边形确认 · 多边形确认失败 · rejected=0 · elapsed_ms=1.3
[WARN] [1786546071.908829]: 开始进行多边形确认 · 多边形确认失败 · rejected=0 · elapsed_ms=1.3
[WARN] [1786546072.017059]: 开始进行多边形确认 · 多边形确认失败 · rejected=0 · elapsed_ms=1.4
[WARN] [1786546072.389494]: 开始进行多边形确认 · 多边形确认失败 · rejected=0 · elapsed_ms=1.1
[WARN] [1786546072.661975]: 开始进行多边形确认 · 多边形确认失败 · rejected=0 · elapsed_ms=1.7
[WARN] [1786546072.913172]: 开始进行多边形确认 · 多边形确认失败 · rejected=0 · elapsed_ms=1.6
[WARN] [1786546073.034003]: 开始进行多边形确认 · 多边形确认失败 · rejected=0 · elapsed_ms=1.4
[WARN] [1786546073.158466]: 开始进行多边形确认 · 多边形确认失败 · rejected=0 · elapsed_ms=1.8
[WARN] [1786546073.300733]: 开始进行多边形确认 · 多边形确认失败 · rejected=0 · elapsed_ms=1.7
[WARN] [1786546073.418684]: 开始进行多边形确认 · 多边形确认失败 · rejected=0 · elapsed_ms=1.6
[WARN] [1786546073.548611]: 开始进行多边形确认 · 多边形确认失败 · rejected=0 · elapsed_ms=1.9
[WARN] [1786546073.669024]: 开始进行多边形确认 · 多边形确认失败 · rejected=0 · elapsed_ms=1.4
[WARN] [1786546073.798355]: 开始进行多边形确认 · 多边形确认失败 · rejected=0 · elapsed_ms=1.5
[WARN] [1786546073.918912]: 开始进行多边形确认 · 多边形确认失败 · rejected=0 · elapsed_ms=1.7
[WARN] [1786546074.029459]: 开始进行多边形确认 · 多边形确认失败 · rejected=0 · elapsed_ms=1.4
[WARN] [1786546074.155622]: 开始进行多边形确认 · 多边形确认失败 · rejected=0 · elapsed_ms=1.4
[WARN] [1786546074.356322]: 开始进行多边形确认 · 多边形确认失败 · rejected=0 · elapsed_ms=1.7
[WARN] [1786546074.406609]: 开始进行多边形确认 · 多边形确认失败 · rejected=0 · elapsed_ms=1.2
[WARN] [1786546074.524862]: 开始进行多边形确认 · 多边形确认失败 · rejected=0 · elapsed_ms=1.1
[WARN] [1786546074.687334]: 开始进行多边形确认 · 多边形确认失败 · rejected=0 · elapsed_ms=1.2
[WARN] [1786546074.803924]: 开始进行多边形确认 · 多边形确认失败 · rejected=0 · elapsed_ms=1.1
[WARN] [1786546074.930278]: 开始进行多边形确认 · 多边形确认失败 · rejected=0 · elapsed_ms=1.4
[WARN] [1786546075.178873]: 开始进行多边形确认 · 多边形确认失败 · rejected=0 · elapsed_ms=1.4
[WARN] [1786546075.338921]: 开始进行多边形确认 · 多边形确认失败 · rejected=0 · elapsed_ms=8.5
[WARN] [1786546075.443971]: 开始进行多边形确认 · 多边形确认失败 · rejected=0 · elapsed_ms=1.5
[WARN] [1786546075.687454]: 开始进行多边形确认 · 多边形确认失败 · rejected=0 · elapsed_ms=1.8
[WARN] [1786546075.789120]: 开始进行多边形确认 · 多边形确认失败 · rejected=0 · elapsed_ms=1.2
[WARN] [1786546075.920428]: 开始进行多边形确认 · 多边形确认失败 · rejected=0 · elapsed_ms=1.1
[WARN] [1786546076.043223]: 开始进行多边形确认 · 多边形确认失败 · rejected=0 · elapsed_ms=1.0
[WARN] [1786546076.169997]: 开始进行多边形确认 · 多边形确认失败 · rejected=0 · elapsed_ms=1.3
[WARN] [1786546076.291131]: 开始进行多边形确认 · 多边形确认失败 · rejected=0 · elapsed_ms=1.2
[WARN] [1786546076.457951]: 开始进行多边形确认 · 多边形确认失败 · rejected=0 · elapsed_ms=1.7
[WARN] [1786546076.542367]: 开始进行多边形确认 · 多边形确认失败 · rejected=0 · elapsed_ms=1.4
[WARN] [1786546076.685457]: 开始进行多边形确认 · 多边形确认失败 · rejected=0 · elapsed_ms=2.7
[WARN] [1786546076.807601]: 开始进行多边形确认 · 多边形确认失败 · rejected=0 · elapsed_ms=1.4
[WARN] [1786546076.940470]: 开始进行多边形确认 · 多边形确认失败 · rejected=0 · elapsed_ms=1.4
[WARN] [1786546077.064898]: 开始进行多边形确认 · 多边形确认失败 · rejected=0 · elapsed_ms=1.5
[WARN] [1786546077.315225]: 开始进行多边形确认 · 多边形确认失败 · rejected=0 · elapsed_ms=1.5
[WARN] [1786546077.444276]: 开始进行多边形确认 · 多边形确认失败 · rejected=0 · elapsed_ms=1.5
[WARN] [1786546077.567535]: 开始进行多边形确认 · 多边形确认失败 · rejected=0 · elapsed_ms=1.5
[WARN] [1786546077.671216]: 开始进行多边形确认 · 多边形确认失败 · rejected=0 · elapsed_ms=1.4
[WARN] [1786546077.819707]: 开始进行多边形确认 · 多边形确认失败 · rejected=0 · elapsed_ms=1.7
[WARN] [1786546077.940608]: 开始进行多边形确认 · 多边形确认失败 · rejected=0 · elapsed_ms=1.6
[WARN] [1786546078.066252]: 开始进行多边形确认 · 多边形确认失败 · rejected=0 · elapsed_ms=1.3
[WARN] [1786546078.196009]: 开始进行多边形确认 · 多边形确认失败 · rejected=0 · elapsed_ms=1.2
[WARN] [1786546078.320334]: 开始进行多边形确认 · 多边形确认失败 · rejected=0 · elapsed_ms=2.3
[WARN] [1786546078.445808]: 开始进行多边形确认 · 多边形确认失败 · rejected=0 · elapsed_ms=1.6
[WARN] [1786546078.583906]: 开始进行多边形确认 · 多边形确认失败 · rejected=0 · elapsed_ms=1.6
[WARN] [1786546078.699358]: 开始进行多边形确认 · 多边形确认失败 · rejected=0 · elapsed_ms=1.5
[WARN] [1786546078.824902]: 开始进行多边形确认 · 多边形确认失败 · rejected=0 · elapsed_ms=1.4
[WARN] [1786546078.957122]: 开始进行多边形确认 · 多边形确认失败 · rejected=0 · elapsed_ms=1.6
[WARN] [1786546079.206148]: 开始进行多边形确认 · 多边形确认失败 · rejected=0 · elapsed_ms=1.7
[WARN] [1786546079.451025]: 开始进行多边形确认 · 多边形确认失败 · rejected=0 · elapsed_ms=1.7
[WARN] [1786546079.610141]: 开始进行多边形确认 · 多边形确认失败 · rejected=0 · elapsed_ms=1.3
[WARN] [1786546079.687072]: 开始进行多边形确认 · 多边形确认失败 · rejected=0 · elapsed_ms=1.5
[WARN] [1786546079.822753]: 开始进行多边形确认 · 多边形确认失败 · rejected=0 · elapsed_ms=1.5
[WARN] [1786546079.947778]: 开始进行多边形确认 · 多边形确认失败 · rejected=0 · elapsed_ms=1.7
[WARN] [1786546080.317296]: 开始进行多边形确认 · 多边形确认失败 · rejected=0 · elapsed_ms=1.5
[WARN] [1786546080.692827]: 开始进行多边形确认 · 多边形确认失败 · rejected=0 · elapsed_ms=1.2
[WARN] [1786546080.803944]: 开始进行多边形确认 · 多边形确认失败 · rejected=0 · elapsed_ms=1.1
[WARN] [1786546080.928686]: 开始进行多边形确认 · 多边形确认失败 · rejected=0 · elapsed_ms=1.2
[WARN] [1786546081.054692]: 开始进行多边形确认 · 多边形确认失败 · rejected=0 · elapsed_ms=1.5
[WARN] [1786546081.185051]: 开始进行多边形确认 · 多边形确认失败 · rejected=0 · elapsed_ms=1.3
[WARN] [1786546081.449162]: 开始进行多边形确认 · 多边形确认失败 · rejected=0 · elapsed_ms=1.3
[WARN] [1786546081.709428]: 开始进行多边形确认 · 多边形确认失败 · rejected=0 · elapsed_ms=2.1
[WARN] [1786546081.813084]: 开始进行多边形确认 · 多边形确认失败 · rejected=0 · elapsed_ms=1.5
[WARN] [1786546081.943577]: 开始进行多边形确认 · 多边形确认失败 · rejected=0 · elapsed_ms=1.1
[WARN] [1786546082.067095]: 开始进行多边形确认 · 多边形确认失败 · rejected=0 · elapsed_ms=1.2
[WARN] [1786546082.314062]: 开始进行多边形确认 · 多边形确认失败 · rejected=0 · elapsed_ms=1.1
[WARN] [1786546082.562902]: 开始进行多边形确认 · 多边形确认失败 · rejected=0 · elapsed_ms=1.2
[WARN] [1786546082.717833]: 开始进行多边形确认 · 多边形确认失败 · rejected=0 · elapsed_ms=1.4
[WARN] [1786546082.809377]: 开始进行多边形确认 · 多边形确认失败 · rejected=0 · elapsed_ms=1.3
[WARN] [1786546083.057745]: 开始进行多边形确认 · 多边形确认失败 · rejected=0 · elapsed_ms=1.4
[INFO] [1786546067.915333]: 开始进行多边形确认 · detections=1
[INFO] [1786546068.142664]: 开始进行多边形确认 · detections=1
[INFO] [1786546068.269073]: 开始进行多边形确认 · detections=1
[INFO] [1786546068.395069]: 开始进行多边形确认 · detections=1
[INFO] [1786546068.524263]: 开始进行多边形确认 · detections=1
[INFO] [1786546068.655810]: 开始进行多边形确认 · detections=1
[INFO] [1786546068.782121]: 开始进行多边形确认 · detections=1
[INFO] [1786546068.908466]: 开始进行多边形确认 · detections=1
[INFO] [1786546069.039538]: 开始进行多边形确认 · detections=1
[INFO] [1786546069.137395]: 开始进行多边形确认 · detections=1
[INFO] [1786546069.262503]: 开始进行多边形确认 · detections=1
[INFO] [1786546069.387794]: 开始进行多边形确认 · detections=1
[INFO] [1786546069.508341]: 开始进行多边形确认 · detections=1
[INFO] [1786546069.651368]: 开始进行多边形确认 · detections=1
[INFO] [1786546069.766108]: 开始进行多边形确认 · detections=1
[INFO] [1786546069.913612]: 开始进行多边形确认 · detections=1
[INFO] [1786546070.030407]: 开始进行多边形确认 · detections=1
[INFO] [1786546070.165923]: 开始进行多边形确认 · detections=1
[INFO] [1786546070.279011]: 开始进行多边形确认 · detections=1
[INFO] [1786546070.406826]: RGB-D vision status: model_ready:onnxruntime targets:0 centers:0 tf:0 rejected:0 merged:0 semantic_masks:0
[INFO] [1786546070.529730]: 开始进行多边形确认 · detections=1
[INFO] [1786546070.663036]: 开始进行多边形确认 · detections=1
[INFO] [1786546070.786661]: 开始进行多边形确认 · detections=1
[INFO] [1786546070.897959]: 开始进行多边形确认 · detections=1
[INFO] [1786546071.019571]: 开始进行多边形确认 · detections=1
[INFO] [1786546071.278769]: 开始进行多边形确认 · detections=1
[INFO] [1786546071.436487]: 开始进行多边形确认 · detections=1
[INFO] [1786546071.675991]: 开始进行多边形确认 · detections=1
[INFO] [1786546071.785204]: 开始进行多边形确认 · detections=1
[INFO] [1786546071.907580]: 开始进行多边形确认 · detections=1
[INFO] [1786546072.015747]: 开始进行多边形确认 · detections=1
[INFO] [1786546072.388409]: 开始进行多边形确认 · detections=1
[INFO] [1786546072.660351]: 开始进行多边形确认 · detections=1
[INFO] [1786546072.911694]: 开始进行多边形确认 · detections=1
[INFO] [1786546073.032700]: 开始进行多边形确认 · detections=1
[INFO] [1786546073.156800]: 开始进行多边形确认 · detections=1
[INFO] [1786546073.299114]: 开始进行多边形确认 · detections=1
[INFO] [1786546073.417168]: 开始进行多边形确认 · detections=1
[INFO] [1786546073.546893]: 开始进行多边形确认 · detections=1
[INFO] [1786546073.667718]: 开始进行多边形确认 · detections=1
[INFO] [1786546073.796885]: 开始进行多边形确认 · detections=1
[INFO] [1786546073.917339]: 开始进行多边形确认 · detections=1
[INFO] [1786546074.028101]: 开始进行多边形确认 · detections=1
[INFO] [1786546074.154277]: 开始进行多边形确认 · detections=1
[INFO] [1786546074.354707]: 开始进行多边形确认 · detections=1
[INFO] [1786546074.405456]: 开始进行多边形确认 · detections=1
[INFO] [1786546074.523832]: 开始进行多边形确认 · detections=1
[INFO] [1786546074.686204]: 开始进行多边形确认 · detections=1
[INFO] [1786546074.802938]: 开始进行多边形确认 · detections=1
[INFO] [1786546074.928899]: 开始进行多边形确认 · detections=1
[INFO] [1786546075.177558]: 开始进行多边形确认 · detections=1
[INFO] [1786546075.330415]: 开始进行多边形确认 · detections=1
[INFO] [1786546075.442544]: 开始进行多边形确认 · detections=1
[INFO] [1786546075.564011]: RGB-D vision status: model_ready:onnxruntime targets:0 centers:0 tf:0 rejected:0 merged:0 semantic_masks:0
[INFO] [1786546075.685771]: 开始进行多边形确认 · detections=1
[INFO] [1786546075.787963]: 开始进行多边形确认 · detections=1
[INFO] [1786546075.919421]: 开始进行多边形确认 · detections=1
[INFO] [1786546076.042226]: 开始进行多边形确认 · detections=1
[INFO] [1786546076.168818]: 开始进行多边形确认 · detections=1
[INFO] [1786546076.289943]: 开始进行多边形确认 · detections=1
[INFO] [1786546076.456328]: 开始进行多边形确认 · detections=1
[INFO] [1786546076.541069]: 开始进行多边形确认 · detections=1
[INFO] [1786546076.682886]: 开始进行多边形确认 · detections=1
[INFO] [1786546076.806276]: 开始进行多边形确认 · detections=1
[INFO] [1786546076.939195]: 开始进行多边形确认 · detections=1
[INFO] [1786546077.063458]: 开始进行多边形确认 · detections=1
[INFO] [1786546077.313760]: 开始进行多边形确认 · detections=1
[INFO] [1786546077.442898]: 开始进行多边形确认 · detections=1
[INFO] [1786546077.566104]: 开始进行多边形确认 · detections=1
[INFO] [1786546077.669900]: 开始进行多边形确认 · detections=1
[INFO] [1786546077.818094]: 开始进行多边形确认 · detections=1
[INFO] [1786546077.939102]: 开始进行多边形确认 · detections=1
[INFO] [1786546078.064999]: 开始进行多边形确认 · detections=1
[INFO] [1786546078.194890]: 开始进行多边形确认 · detections=1
[INFO] [1786546078.318181]: 开始进行多边形确认 · detections=1
[INFO] [1786546078.444319]: 开始进行多边形确认 · detections=1
[INFO] [1786546078.582402]: 开始进行多边形确认 · detections=1
[INFO] [1786546078.697970]: 开始进行多边形确认 · detections=1
[INFO] [1786546078.823504]: 开始进行多边形确认 · detections=1
[INFO] [1786546078.955513]: 开始进行多边形确认 · detections=1
[INFO] [1786546079.204526]: 开始进行多边形确认 · detections=1
[INFO] [1786546079.449419]: 开始进行多边形确认 · detections=1
[INFO] [1786546079.608897]: 开始进行多边形确认 · detections=1
[INFO] [1786546079.685407]: 开始进行多边形确认 · detections=1
[INFO] [1786546079.821382]: 开始进行多边形确认 · detections=1
[INFO] [1786546079.946200]: 开始进行多边形确认 · detections=1
[INFO] [1786546080.315891]: 开始进行多边形确认 · detections=1
[INFO] [1786546080.691699]: 开始进行多边形确认 · detections=1
[INFO] [1786546080.693776]: RGB-D vision status: model_ready:onnxruntime targets:0 centers:0 tf:0 rejected:0 merged:0 semantic_masks:1
[INFO] [1786546080.802874]: 开始进行多边形确认 · detections=1
[INFO] [1786546080.927518]: 开始进行多边形确认 · detections=1
[INFO] [1786546081.053274]: 开始进行多边形确认 · detections=1
[INFO] [1786546081.183794]: 开始进行多边形确认 · detections=1
[INFO] [1786546081.447909]: 开始进行多边形确认 · detections=1
[INFO] [1786546081.707340]: 开始进行多边形确认 · detections=1
[INFO] [1786546081.811679]: 开始进行多边形确认 · detections=1
[INFO] [1786546081.942573]: 开始进行多边形确认 · detections=1
[INFO] [1786546082.065978]: 开始进行多边形确认 · detections=1
[INFO] [1786546082.313020]: 开始进行多边形确认 · detections=1
[INFO] [1786546082.561756]: 开始进行多边形确认 · detections=1
[INFO] [1786546082.716525]: 开始进行多边形确认 · detections=1
[INFO] [1786546082.808162]: 开始进行多边形确认 · detections=1
[INFO] [1786546083.056463]: 开始进行多边形确认 · detections=1
[INFO] [1786546083.185245]: 开始进行多边形确认 · detections=1
[INFO] [1786546083.305658]: 开始进行多边形确认 · detections=1
[INFO] [1786546083.436872]: 开始进行多边形确认 · detections=1
[INFO] [1786546083.771086]: 开始进行多边形确认 · detections=1
[INFO] [1786546083.845932]: 开始进行多边形确认 · detections=1
[INFO] [1786546083.968200]: 开始进行多边形确认 · detections=1
[INFO] [1786546084.092853]: 开始进行多边形确认 · detections=1
[INFO] [1786546084.222562]: 开始进行多边形确认 · detections=1
[WARN] [1786546083.186439]: 开始进行多边形确认 · 多边形确认失败 · rejected=0 · elapsed_ms=1.3
[WARN] [1786546083.306951]: 开始进行多边形确认 · 多边形确认失败 · rejected=0 · elapsed_ms=1.4
[WARN] [1786546083.438070]: 开始进行多边形确认 · 多边形确认失败 · rejected=0 · elapsed_ms=1.3
[WARN] [1786546083.772539]: 开始进行多边形确认 · 多边形确认失败 · rejected=0 · elapsed_ms=1.5
[WARN] [1786546083.847450]: 开始进行多边形确认 · 多边形确认失败 · rejected=0 · elapsed_ms=1.6
[WARN] [1786546083.969652]: 开始进行多边形确认 · 多边形确认失败 · rejected=0 · elapsed_ms=1.6
[WARN] [1786546084.094271]: 开始进行多边形确认 · 多边形确认失败 · rejected=0 · elapsed_ms=1.5
[WARN] [1786546084.223867]: 开始进行多边形确认 · 多边形确认失败 · rejected=0 · elapsed_ms=1.4
[WARN] [1786546084.344841]: 开始进行多边形确认 · 多边形确认失败 · rejected=0 · elapsed_ms=1.4
[WARN] [1786546084.451558]: 开始进行多边形确认 · 多边形确认失败 · rejected=0 · elapsed_ms=1.3
[WARN] [1786546084.575466]: 开始进行多边形确认 · 多边形确认失败 · rejected=0 · elapsed_ms=1.3
[WARN] [1786546084.708087]: 开始进行多边形确认 · 多边形确认失败 · rejected=0 · elapsed_ms=1.4
[WARN] [1786546084.857531]: 开始进行多边形确认 · 多边形确认失败 · rejected=0 · elapsed_ms=1.3
[WARN] [1786546084.953181]: 开始进行多边形确认 · 多边形确认失败 · rejected=0 · elapsed_ms=1.3
[WARN] [1786546085.216617]: 开始进行多边形确认 · 多边形确认失败 · rejected=0 · elapsed_ms=1.3
[WARN] [1786546085.587074]: 开始进行多边形确认 · 多边形确认失败 · rejected=0 · elapsed_ms=1.5
[WARN] [1786546085.872813]: 开始进行多边形确认 · 多边形确认失败 · rejected=0 · elapsed_ms=5.4
[WARN] [1786546085.982225]: 开始进行多边形确认 · 多边形确认失败 · rejected=0 · elapsed_ms=1.5
[WARN] [1786546086.099919]: 开始进行多边形确认 · 多边形确认失败 · rejected=0 · elapsed_ms=1.5
[WARN] [1786546086.224825]: 开始进行多边形确认 · 多边形确认失败 · rejected=0 · elapsed_ms=1.4
[WARN] [1786546086.348836]: 开始进行多边形确认 · 多边形确认失败 · rejected=0 · elapsed_ms=1.7
[WARN] [1786546086.472699]: 开始进行多边形确认 · 多边形确认失败 · rejected=0 · elapsed_ms=1.6
[WARN] [1786546086.601427]: 开始进行多边形确认 · 多边形确认失败 · rejected=0 · elapsed_ms=1.3
[WARN] [1786546086.727211]: 开始进行多边形确认 · 多边形确认失败 · rejected=0 · elapsed_ms=2.5
[WARN] [1786546086.856998]: 开始进行多边形确认 · 多边形确认失败 · rejected=0 · elapsed_ms=1.5
[WARN] [1786546087.104618]: 开始进行多边形确认 · 多边形确认失败 · rejected=0 · elapsed_ms=1.5
[WARN] [1786546087.214267]: 开始进行多边形确认 · 多边形确认失败 · rejected=0 · elapsed_ms=1.3
[WARN] [1786546087.337393]: 开始进行多边形确认 · 多边形确认失败 · rejected=0 · elapsed_ms=1.5
[WARN] [1786546087.460052]: 开始进行多边形确认 · 多边形确认失败 · rejected=0 · elapsed_ms=1.4
[WARN] [1786546087.714772]: 开始进行多边形确认 · 多边形确认失败 · rejected=0 · elapsed_ms=1.3
[WARN] [1786546087.853255]: 开始进行多边形确认 · 多边形确认失败 · rejected=0 · elapsed_ms=1.6
[WARN] [1786546088.123557]: 开始进行多边形确认 · 多边形确认失败 · rejected=0 · elapsed_ms=1.7
[WARN] [1786546088.222179]: 开始进行多边形确认 · 多边形确认失败 · rejected=0 · elapsed_ms=1.3
[WARN] [1786546088.342077]: 开始进行多边形确认 · 多边形确认失败 · rejected=0 · elapsed_ms=1.5
[WARN] [1786546088.479593]: 开始进行多边形确认 · 多边形确认失败 · rejected=0 · elapsed_ms=1.6
[WARN] [1786546088.596921]: 开始进行多边形确认 · 多边形确认失败 · rejected=0 · elapsed_ms=1.7
[WARN] [1786546088.706607]: 开始进行多边形确认 · 多边形确认失败 · rejected=0 · elapsed_ms=1.4
[WARN] [1786546088.830109]: 开始进行多边形确认 · 多边形确认失败 · rejected=0 · elapsed_ms=1.3
[WARN] [1786546088.972541]: 开始进行多边形确认 · 多边形确认失败 · rejected=0 · elapsed_ms=1.4
[WARN] [1786546089.246504]: 开始进行多边形确认 · 多边形确认失败 · rejected=0 · elapsed_ms=1.8
[WARN] [1786546089.377329]: 开始进行多边形确认 · 多边形确认失败 · rejected=0 · elapsed_ms=1.3
[WARN] [1786546089.509919]: 开始进行多边形确认 · 多边形确认失败 · rejected=0 · elapsed_ms=1.3
[WARN] [1786546089.628993]: 开始进行多边形确认 · 多边形确认失败 · rejected=0 · elapsed_ms=1.4
[WARN] [1786546089.754144]: 开始进行多边形确认 · 多边形确认失败 · rejected=0 · elapsed_ms=3.0
[WARN] [1786546089.876816]: 开始进行多边形确认 · 多边形确认失败 · rejected=0 · elapsed_ms=1.5
[WARN] [1786546090.014880]: 开始进行多边形确认 · 多边形确认失败 · rejected=0 · elapsed_ms=1.3
[WARN] [1786546090.131041]: 开始进行多边形确认 · 多边形确认失败 · rejected=0 · elapsed_ms=1.4
[WARN] [1786546090.293237]: 开始进行多边形确认 · 多边形确认失败 · rejected=0 · elapsed_ms=1.2
[WARN] [1786546090.371876]: 开始进行多边形确认 · 多边形确认失败 · rejected=0 · elapsed_ms=1.3
[WARN] [1786546090.498014]: 开始进行多边形确认 · 多边形确认失败 · rejected=0 · elapsed_ms=1.2
[WARN] [1786546090.748766]: 开始进行多边形确认 · 多边形确认失败 · rejected=0 · elapsed_ms=1.2
[WARN] [1786546091.019770]: 开始进行多边形确认 · 多边形确认失败 · rejected=0 · elapsed_ms=1.6
[WARN] [1786546091.145848]: 开始进行多边形确认 · 多边形确认失败 · rejected=0 · elapsed_ms=1.5
[WARN] [1786546091.287120]: 开始进行多边形确认 · 多边形确认失败 · rejected=0 · elapsed_ms=1.7
[WARN] [1786546091.387847]: 开始进行多边形确认 · 多边形确认失败 · rejected=0 · elapsed_ms=1.4
[WARN] [1786546091.510690]: 开始进行多边形确认 · 多边形确认失败 · rejected=0 · elapsed_ms=1.4
[WARN] [1786546092.279818]: 开始进行多边形确认 · 多边形确认失败 · rejected=0 · elapsed_ms=4.8
[WARN] [1786546092.514583]: 开始进行多边形确认 · 多边形确认失败 · rejected=0 · elapsed_ms=1.5
[WARN] [1786546092.636019]: 开始进行多边形确认 · 多边形确认失败 · rejected=0 · elapsed_ms=1.4
[WARN] [1786546092.762288]: 开始进行多边形确认 · 多边形确认失败 · rejected=0 · elapsed_ms=1.8
[WARN] [1786546093.018556]: 开始进行多边形确认 · 多边形确认失败 · rejected=0 · elapsed_ms=1.6
[WARN] [1786546093.141818]: 开始进行多边形确认 · 多边形确认失败 · rejected=0 · elapsed_ms=1.5
[WARN] [1786546093.272289]: 开始进行多边形确认 · 多边形确认失败 · rejected=0 · elapsed_ms=2.9
[WARN] [1786546093.413227]: 开始进行多边形确认 · 多边形确认失败 · rejected=0 · elapsed_ms=1.4
[WARN] [1786546093.513535]: 开始进行多边形确认 · 多边形确认失败 · rejected=0 · elapsed_ms=1.4
[WARN] [1786546093.618786]: 开始进行多边形确认 · 多边形确认失败 · rejected=0 · elapsed_ms=1.4
[WARN] [1786546093.744228]: 开始进行多边形确认 · 多边形确认失败 · rejected=0 · elapsed_ms=1.2
[WARN] [1786546093.879643]: 开始进行多边形确认 · 多边形确认失败 · rejected=0 · elapsed_ms=1.3
[WARN] [1786546094.139018]: 开始进行多边形确认 · 多边形确认失败 · rejected=0 · elapsed_ms=1.4
[WARN] [1786546094.259406]: 开始进行多边形确认 · 多边形确认失败 · rejected=0 · elapsed_ms=1.5
[WARN] [1786546094.446829]: 开始进行多边形确认 · 多边形确认失败 · rejected=0 · elapsed_ms=1.8
[WARN] [1786546094.517650]: 开始进行多边形确认 · 多边形确认失败 · rejected=0 · elapsed_ms=1.3
[INFO] [1786546084.343498]: 开始进行多边形确认 · detections=1
[INFO] [1786546084.450366]: 开始进行多边形确认 · detections=1
[INFO] [1786546084.574193]: 开始进行多边形确认 · detections=1
[INFO] [1786546084.706792]: 开始进行多边形确认 · detections=1
[INFO] [1786546084.856280]: 开始进行多边形确认 · detections=1
[INFO] [1786546084.951935]: 开始进行多边形确认 · detections=1
[INFO] [1786546085.215383]: 开始进行多边形确认 · detections=1
[INFO] [1786546085.585652]: 开始进行多边形确认 · detections=1
[INFO] [1786546085.711306]: RGB-D vision status: model_ready:onnxruntime targets:0 centers:0 tf:0 rejected:0 merged:0 semantic_masks:0
[INFO] [1786546085.867409]: 开始进行多边形确认 · detections=1
[INFO] [1786546085.980770]: 开始进行多边形确认 · detections=1
[INFO] [1786546086.098510]: 开始进行多边形确认 · detections=1
[INFO] [1786546086.223469]: 开始进行多边形确认 · detections=1
[INFO] [1786546086.347251]: 开始进行多边形确认 · detections=1
[INFO] [1786546086.471212]: 开始进行多边形确认 · detections=1
[INFO] [1786546086.600183]: 开始进行多边形确认 · detections=1
[INFO] [1786546086.724710]: 开始进行多边形确认 · detections=1
[INFO] [1786546086.855556]: 开始进行多边形确认 · detections=1
[INFO] [1786546087.103169]: 开始进行多边形确认 · detections=1
[INFO] [1786546087.212995]: 开始进行多边形确认 · detections=1
[INFO] [1786546087.335992]: 开始进行多边形确认 · detections=1
[INFO] [1786546087.458750]: 开始进行多边形确认 · detections=1
[INFO] [1786546087.713542]: 开始进行多边形确认 · detections=1
[INFO] [1786546087.851793]: 开始进行多边形确认 · detections=1
[INFO] [1786546088.121932]: 开始进行多边形确认 · detections=1
[INFO] [1786546088.220971]: 开始进行多边形确认 · detections=1
[INFO] [1786546088.340661]: 开始进行多边形确认 · detections=1
[INFO] [1786546088.478142]: 开始进行多边形确认 · detections=1
[INFO] [1786546088.595309]: 开始进行多边形确认 · detections=1
[INFO] [1786546088.705246]: 开始进行多边形确认 · detections=1
[INFO] [1786546088.828871]: 开始进行多边形确认 · detections=1
[INFO] [1786546088.971211]: 开始进行多边形确认 · detections=1
[INFO] [1786546089.244786]: 开始进行多边形确认 · detections=1
[INFO] [1786546089.376126]: 开始进行多边形确认 · detections=1
[INFO] [1786546089.508702]: 开始进行多边形确认 · detections=1
[INFO] [1786546089.627658]: 开始进行多边形确认 · detections=1
[INFO] [1786546089.751215]: 开始进行多边形确认 · detections=1
[INFO] [1786546089.875430]: 开始进行多边形确认 · detections=1
[INFO] [1786546090.013647]: 开始进行多边形确认 · detections=1
[INFO] [1786546090.129795]: 开始进行多边形确认 · detections=1
[INFO] [1786546090.292089]: 开始进行多边形确认 · detections=1
[INFO] [1786546090.370656]: 开始进行多边形确认 · detections=1
[INFO] [1786546090.496855]: 开始进行多边形确认 · detections=1
[INFO] [1786546090.747635]: 开始进行多边形确认 · detections=1
[INFO] [1786546090.749505]: RGB-D vision status: model_ready:onnxruntime targets:0 centers:0 tf:0 rejected:0 merged:0 semantic_masks:1
[INFO] [1786546091.018220]: 开始进行多边形确认 · detections=1
[INFO] [1786546091.144395]: 开始进行多边形确认 · detections=1
[INFO] [1786546091.285517]: 开始进行多边形确认 · detections=1
[INFO] [1786546091.386516]: 开始进行多边形确认 · detections=1
[INFO] [1786546091.509331]: 开始进行多边形确认 · detections=1
[INFO] [1786546092.275083]: 开始进行多边形确认 · detections=1
[INFO] [1786546092.513199]: 开始进行多边形确认 · detections=1
[INFO] [1786546092.634700]: 开始进行多边形确认 · detections=1
[INFO] [1786546092.760537]: 开始进行多边形确认 · detections=1
[INFO] [1786546093.017065]: 开始进行多边形确认 · detections=1
[INFO] [1786546093.140410]: 开始进行多边形确认 · detections=1
[INFO] [1786546093.269464]: 开始进行多边形确认 · detections=1
[INFO] [1786546093.411912]: 开始进行多边形确认 · detections=1
[INFO] [1786546093.512230]: 开始进行多边形确认 · detections=1
[INFO] [1786546093.617455]: 开始进行多边形确认 · detections=1
[INFO] [1786546093.743094]: 开始进行多边形确认 · detections=1
[INFO] [1786546093.878403]: 开始进行多边形确认 · detections=1
[INFO] [1786546094.137732]: 开始进行多边形确认 · detections=1
[INFO] [1786546094.257965]: 开始进行多边形确认 · detections=1
[INFO] [1786546094.444978]: 开始进行多边形确认 · detections=1
[INFO] [1786546094.516448]: 开始进行多边形确认 · detections=1
[INFO] [1786546094.639559]: 开始进行多边形确认 · detections=1
[INFO] [1786546094.767609]: 开始进行多边形确认 · detections=1
[INFO] [1786546094.884439]: 开始进行多边形确认 · detections=1
[INFO] [1786546095.025206]: 开始进行多边形确认 · detections=1
[INFO] [1786546095.136431]: 开始进行多边形确认 · detections=1
[INFO] [1786546095.264010]: 开始进行多边形确认 · detections=1
[INFO] [1786546095.651057]: 开始进行多边形确认 · detections=1
[INFO] [1786546095.767432]: 开始进行多边形确认 · detections=1
[INFO] [1786546095.889289]: 开始进行多边形确认 · detections=1
[INFO] [1786546096.017601]: 开始进行多边形确认 · detections=1
[INFO] [1786546096.158985]: 开始进行多边形确认 · detections=1
[INFO] [1786546096.267044]: 开始进行多边形确认 · detections=1
[INFO] [1786546096.398468]: RGB-D vision status: model_ready:onnxruntime targets:0 centers:0 tf:0 rejected:0 merged:0 semantic_masks:0
[INFO] [1786546096.529345]: 开始进行多边形确认 · detections=1
[INFO] [1786546096.885248]: 开始进行多边形确认 · detections=1
[INFO] [1786546097.015917]: 开始进行多边形确认 · detections=1
[INFO] [1786546097.146187]: 开始进行多边形确认 · detections=1
[INFO] [1786546097.261878]: 开始进行多边形确认 · detections=1
[INFO] [1786546097.392880]: 开始进行多边形确认 · detections=1
[INFO] [1786546097.759090]: 开始进行多边形确认 · detections=1
[INFO] [1786546097.889335]: 开始进行多边形确认 · detections=1
[INFO] [1786546098.138845]: 开始进行多边形确认 · detections=1
[INFO] [1786546098.267776]: 开始进行多边形确认 · detections=1
[INFO] [1786546098.537984]: 开始进行多边形确认 · detections=1
[INFO] [1786546098.659577]: 开始进行多边形确认 · detections=1
[INFO] [1786546098.776440]: 开始进行多边形确认 · detections=1
[INFO] [1786546098.914753]: 开始进行多边形确认 · detections=1
[INFO] [1786546099.037139]: 开始进行多边形确认 · detections=1
[INFO] [1786546099.163229]: 开始进行多边形确认 · detections=1
[INFO] [1786546099.282890]: 开始进行多边形确认 · detections=1
[INFO] [1786546099.516107]: 开始进行多边形确认 · detections=1
[INFO] [1786546099.671328]: 开始进行多边形确认 · detections=1
[INFO] [1786546100.019394]: 开始进行多边形确认 · detections=1
[INFO] [1786546100.145994]: 开始进行多边形确认 · detections=1
[INFO] [1786546100.294826]: 开始进行多边形确认 · detections=1
[INFO] [1786546100.408812]: 开始进行多边形确认 · detections=1
[INFO] [1786546100.537398]: 开始进行多边形确认 · detections=1
[INFO] [1786546100.680115]: 开始进行多边形确认 · detections=1
[INFO] [1786546100.783760]: 开始进行多边形确认 · detections=1
[INFO] [1786546101.041700]: 开始进行多边形确认 · detections=1
[INFO] [1786546101.167595]: 开始进行多边形确认 · detections=1
[INFO] [1786546101.280869]: 开始进行多边形确认 · detections=1
[INFO] [1786546101.406788]: 开始进行多边形确认 · detections=1
[INFO] [1786546101.535122]: 开始进行多边形确认 · detections=1
[INFO] [1786546101.688948]: 开始进行多边形确认 · detections=1
[WARN] [1786546094.640942]: 开始进行多边形确认 · 多边形确认失败 · rejected=0 · elapsed_ms=1.5
[WARN] [1786546094.769070]: 开始进行多边形确认 · 多边形确认失败 · rejected=0 · elapsed_ms=1.5
[WARN] [1786546094.885604]: 开始进行多边形确认 · 多边形确认失败 · rejected=0 · elapsed_ms=1.2
[WARN] [1786546095.026522]: 开始进行多边形确认 · 多边形确认失败 · rejected=0 · elapsed_ms=1.4
[WARN] [1786546095.137801]: 开始进行多边形确认 · 多边形确认失败 · rejected=0 · elapsed_ms=1.4
[WARN] [1786546095.265200]: 开始进行多边形确认 · 多边形确认失败 · rejected=0 · elapsed_ms=1.3
[WARN] [1786546095.652436]: 开始进行多边形确认 · 多边形确认失败 · rejected=0 · elapsed_ms=1.4
[WARN] [1786546095.768984]: 开始进行多边形确认 · 多边形确认失败 · rejected=0 · elapsed_ms=1.6
[WARN] [1786546095.890601]: 开始进行多边形确认 · 多边形确认失败 · rejected=0 · elapsed_ms=1.3
[WARN] [1786546096.018822]: 开始进行多边形确认 · 多边形确认失败 · rejected=0 · elapsed_ms=1.3
[WARN] [1786546096.161535]: 开始进行多边形确认 · 多边形确认失败 · rejected=0 · elapsed_ms=2.6
[WARN] [1786546096.268410]: 开始进行多边形确认 · 多边形确认失败 · rejected=0 · elapsed_ms=1.5
[WARN] [1786546096.530580]: 开始进行多边形确认 · 多边形确认失败 · rejected=0 · elapsed_ms=1.3
[WARN] [1786546096.886646]: 开始进行多边形确认 · 多边形确认失败 · rejected=0 · elapsed_ms=1.5
[WARN] [1786546097.017452]: 开始进行多边形确认 · 多边形确认失败 · rejected=0 · elapsed_ms=1.6
[WARN] [1786546097.147892]: 开始进行多边形确认 · 多边形确认失败 · rejected=0 · elapsed_ms=1.8
[WARN] [1786546097.263417]: 开始进行多边形确认 · 多边形确认失败 · rejected=0 · elapsed_ms=1.6
[WARN] [1786546097.394010]: 开始进行多边形确认 · 多边形确认失败 · rejected=0 · elapsed_ms=1.2
[WARN] [1786546097.760437]: 开始进行多边形确认 · 多边形确认失败 · rejected=0 · elapsed_ms=1.4
[WARN] [1786546097.890768]: 开始进行多边形确认 · 多边形确认失败 · rejected=0 · elapsed_ms=1.5
[WARN] [1786546098.140026]: 开始进行多边形确认 · 多边形确认失败 · rejected=0 · elapsed_ms=1.3
[WARN] [1786546098.269132]: 开始进行多边形确认 · 多边形确认失败 · rejected=0 · elapsed_ms=1.4
[WARN] [1786546098.540247]: 开始进行多边形确认 · 多边形确认失败 · rejected=0 · elapsed_ms=2.3
[WARN] [1786546098.660928]: 开始进行多边形确认 · 多边形确认失败 · rejected=0 · elapsed_ms=1.5
[WARN] [1786546098.777631]: 开始进行多边形确认 · 多边形确认失败 · rejected=0 · elapsed_ms=1.3
[WARN] [1786546098.915957]: 开始进行多边形确认 · 多边形确认失败 · rejected=0 · elapsed_ms=1.3
[WARN] [1786546099.038442]: 开始进行多边形确认 · 多边形确认失败 · rejected=0 · elapsed_ms=1.4
[WARN] [1786546099.164599]: 开始进行多边形确认 · 多边形确认失败 · rejected=0 · elapsed_ms=1.5
[WARN] [1786546099.284431]: 开始进行多边形确认 · 多边形确认失败 · rejected=0 · elapsed_ms=1.6
[WARN] [1786546099.517348]: 开始进行多边形确认 · 多边形确认失败 · rejected=0 · elapsed_ms=1.3
[WARN] [1786546099.672720]: 开始进行多边形确认 · 多边形确认失败 · rejected=0 · elapsed_ms=1.5
[WARN] [1786546100.020697]: 开始进行多边形确认 · 多边形确认失败 · rejected=0 · elapsed_ms=1.4
[WARN] [1786546100.147338]: 开始进行多边形确认 · 多边形确认失败 · rejected=0 · elapsed_ms=1.4
[WARN] [1786546100.296265]: 开始进行多边形确认 · 多边形确认失败 · rejected=0 · elapsed_ms=1.5
[WARN] [1786546100.410310]: 开始进行多边形确认 · 多边形确认失败 · rejected=0 · elapsed_ms=1.5
[WARN] [1786546100.538679]: 开始进行多边形确认 · 多边形确认失败 · rejected=0 · elapsed_ms=1.4
[WARN] [1786546100.681308]: 开始进行多边形确认 · 多边形确认失败 · rejected=0 · elapsed_ms=1.3
[WARN] [1786546100.785201]: 开始进行多边形确认 · 多边形确认失败 · rejected=0 · elapsed_ms=1.5
[WARN] [1786546101.043037]: 开始进行多边形确认 · 多边形确认失败 · rejected=0 · elapsed_ms=1.4
[WARN] [1786546101.170179]: 开始进行多边形确认 · 多边形确认失败 · rejected=0 · elapsed_ms=2.7
[WARN] [1786546101.282137]: 开始进行多边形确认 · 多边形确认失败 · rejected=0 · elapsed_ms=1.3
[WARN] [1786546101.407972]: 开始进行多边形确认 · 多边形确认失败 · rejected=0 · elapsed_ms=1.3
[WARN] [1786546101.536171]: 开始进行多边形确认 · 多边形确认失败 · rejected=0 · elapsed_ms=1.1
[WARN] [1786546101.690208]: 开始进行多边形确认 · 多边形确认失败 · rejected=0 · elapsed_ms=1.3
[WARN] [1786546101.811486]: 开始进行多边形确认 · 多边形确认失败 · rejected=0 · elapsed_ms=1.7
[WARN] [1786546102.031329]: 开始进行多边形确认 · 多边形确认失败 · rejected=0 · elapsed_ms=1.2
[WARN] [1786546102.169175]: 开始进行多边形确认 · 多边形确认失败 · rejected=0 · elapsed_ms=1.4
[WARN] [1786546102.294894]: 开始进行多边形确认 · 多边形确认失败 · rejected=0 · elapsed_ms=1.1
[WARN] [1786546102.550809]: 开始进行多边形确认 · 多边形确认失败 · rejected=0 · elapsed_ms=1.3
[WARN] [1786546102.676645]: 开始进行多边形确认 · 多边形确认失败 · rejected=0 · elapsed_ms=1.3
[WARN] [1786546102.857050]: 开始进行多边形确认 · 多边形确认失败 · rejected=0 · elapsed_ms=1.5
[WARN] [1786546102.933581]: 开始进行多边形确认 · 多边形确认失败 · rejected=0 · elapsed_ms=1.4
[WARN] [1786546103.054486]: 开始进行多边形确认 · 多边形确认失败 · rejected=0 · elapsed_ms=1.6
[WARN] [1786546103.181375]: 开始进行多边形确认 · 多边形确认失败 · rejected=0 · elapsed_ms=1.4
[WARN] [1786546103.298021]: 开始进行多边形确认 · 多边形确认失败 · rejected=0 · elapsed_ms=1.2
[WARN] [1786546103.429620]: 开始进行多边形确认 · 多边形确认失败 · rejected=0 · elapsed_ms=1.3
[WARN] [1786546103.567860]: 开始进行多边形确认 · 多边形确认失败 · rejected=0 · elapsed_ms=2.5
[WARN] [1786546103.675032]: 开始进行多边形确认 · 多边形确认失败 · rejected=0 · elapsed_ms=1.3
[WARN] [1786546103.935378]: 开始进行多边形确认 · 多边形确认失败 · rejected=0 · elapsed_ms=1.3
[WARN] [1786546104.049884]: 开始进行多边形确认 · 多边形确认失败 · rejected=0 · elapsed_ms=1.4
[WARN] [1786546104.177628]: 开始进行多边形确认 · 多边形确认失败 · rejected=0 · elapsed_ms=1.4
[WARN] [1786546104.425411]: 开始进行多边形确认 · 多边形确认失败 · rejected=0 · elapsed_ms=1.5
[WARN] [1786546104.552632]: 开始进行多边形确认 · 多边形确认失败 · rejected=0 · elapsed_ms=1.3
[WARN] [1786546104.813193]: 开始进行多边形确认 · 多边形确认失败 · rejected=0 · elapsed_ms=1.4
[WARN] [1786546104.991709]: 开始进行多边形确认 · 多边形确认失败 · rejected=0 · elapsed_ms=1.3
[WARN] [1786546105.053214]: 开始进行多边形确认 · 多边形确认失败 · rejected=0 · elapsed_ms=1.3
[WARN] [1786546105.175917]: 开始进行多边形确认 · 多边形确认失败 · rejected=0 · elapsed_ms=1.3
[WARN] [1786546105.567672]: 开始进行多边形确认 · 多边形确认失败 · rejected=0 · elapsed_ms=1.6
[WARN] [1786546105.941224]: 开始进行多边形确认 · 多边形确认失败 · rejected=0 · elapsed_ms=1.7
[WARN] [1786546106.093790]: 开始进行多边形确认 · 多边形确认失败 · rejected=0 · elapsed_ms=1.5
[WARN] [1786546106.194777]: 开始进行多边形确认 · 多边形确认失败 · rejected=0 · elapsed_ms=1.5
[WARN] [1786546106.441915]: 开始进行多边形确认 · 多边形确认失败 · rejected=0 · elapsed_ms=1.1
[WARN] [1786546106.804286]: 开始进行多边形确认 · 多边形确认失败 · rejected=0 · elapsed_ms=1.0
[WARN] [1786546107.053499]: 开始进行多边形确认 · 多边形确认失败 · rejected=0 · elapsed_ms=1.4
[WARN] [1786546107.205982]: 开始进行多边形确认 · 多边形确认失败 · rejected=0 · elapsed_ms=1.4
[WARN] [1786546107.315178]: 开始进行多边形确认 · 多边形确认失败 · rejected=0 · elapsed_ms=1.8
[WARN] [1786546107.441185]: 开始进行多边形确认 · 多边形确认失败 · rejected=0 · elapsed_ms=2.9
[WARN] [1786546107.562398]: 开始进行多边形确认 · 多边形确认失败 · rejected=0 · elapsed_ms=1.4
[WARN] [1786546107.682278]: 开始进行多边形确认 · 多边形确认失败 · rejected=0 · elapsed_ms=1.5
[WARN] [1786546107.796990]: 开始进行多边形确认 · 多边形确认失败 · rejected=0 · elapsed_ms=1.4
[WARN] [1786546107.924304]: 开始进行多边形确认 · 多边形确认失败 · rejected=0 · elapsed_ms=1.3
[WARN] [1786546108.052449]: 开始进行多边形确认 · 多边形确认失败 · rejected=0 · elapsed_ms=1.3
[WARN] [1786546108.195197]: 开始进行多边形确认 · 多边形确认失败 · rejected=0 · elapsed_ms=1.1
[WARN] [1786546108.304508]: 开始进行多边形确认 · 多边形确认失败 · rejected=0 · elapsed_ms=2.7
[WARN] [1786546108.551854]: 开始进行多边形确认 · 多边形确认失败 · rejected=0 · elapsed_ms=1.2
[WARN] [1786546108.673095]: 开始进行多边形确认 · 多边形确认失败 · rejected=0 · elapsed_ms=1.2
[WARN] [1786546108.944317]: 开始进行多边形确认 · 多边形确认失败 · rejected=0 · elapsed_ms=1.7
[WARN] [1786546109.069819]: 开始进行多边形确认 · 多边形确认失败 · rejected=0 · elapsed_ms=1.5
[WARN] [1786546109.228185]: 开始进行多边形确认 · 多边形确认失败 · rejected=0 · elapsed_ms=4.4
[WARN] [1786546109.322478]: 开始进行多边形确认 · 多边形确认失败 · rejected=0 · elapsed_ms=1.5
[WARN] [1786546109.446566]: 开始进行多边形确认 · 多边形确认失败 · rejected=0 · elapsed_ms=1.4
[WARN] [1786546109.577155]: 开始进行多边形确认 · 多边形确认失败 · rejected=0 · elapsed_ms=1.7
[WARN] [1786546109.702940]: 开始进行多边形确认 · 多边形确认失败 · rejected=0 · elapsed_ms=1.9
[WARN] [1786546109.826285]: 开始进行多边形确认 · 多边形确认失败 · rejected=0 · elapsed_ms=1.3
[WARN] [1786546110.189790]: 开始进行多边形确认 · 多边形确认失败 · rejected=0 · elapsed_ms=1.6
[WARN] [1786546110.434429]: 开始进行多边形确认 · 多边形确认失败 · rejected=0 · elapsed_ms=1.2
[WARN] [1786546110.563112]: 开始进行多边形确认 · 多边形确认失败 · rejected=0 · elapsed_ms=1.2
[WARN] [1786546110.687337]: 开始进行多边形确认 · 多边形确认失败 · rejected=0 · elapsed_ms=1.1
[WARN] [1786546110.944489]: 开始进行多边形确认 · 多边形确认失败 · rejected=0 · elapsed_ms=1.3
[WARN] [1786546111.083455]: 开始进行多边形确认 · 多边形确认失败 · rejected=0 · elapsed_ms=1.4
[WARN] [1786546111.207111]: 开始进行多边形确认 · 多边形确认失败 · rejected=0 · elapsed_ms=1.3
[WARN] [1786546111.363568]: 开始进行多边形确认 · 多边形确认失败 · rejected=0 · elapsed_ms=1.6
[WARN] [1786546111.581732]: 开始进行多边形确认 · 多边形确认失败 · rejected=0 · elapsed_ms=1.4
[WARN] [1786546111.696441]: 开始进行多边形确认 · 多边形确认失败 · rejected=0 · elapsed_ms=1.6
[WARN] [1786546111.834329]: 开始进行多边形确认 · 多边形确认失败 · rejected=0 · elapsed_ms=2.4
[WARN] [1786546111.943059]: 开始进行多边形确认 · 多边形确认失败 · rejected=0 · elapsed_ms=1.6
[WARN] [1786546112.070726]: 开始进行多边形确认 · 多边形确认失败 · rejected=0 · elapsed_ms=1.2
[WARN] [1786546112.198350]: 开始进行多边形确认 · 多边形确认失败 · rejected=0 · elapsed_ms=1.4
[WARN] [1786546112.323868]: 开始进行多边形确认 · 多边形确认失败 · rejected=0 · elapsed_ms=1.5
[WARN] [1786546112.470777]: 开始进行多边形确认 · 多边形确认失败 · rejected=0 · elapsed_ms=1.7
[WARN] [1786546112.584923]: 开始进行多边形确认 · 多边形确认失败 · rejected=0 · elapsed_ms=1.6
[WARN] [1786546112.716962]: 开始进行多边形确认 · 多边形确认失败 · rejected=0 · elapsed_ms=1.4
[WARN] [1786546112.822474]: 开始进行多边形确认 · 多边形确认失败 · rejected=0 · elapsed_ms=1.7
[WARN] [1786546113.098873]: 开始进行多边形确认 · 多边形确认失败 · rejected=0 · elapsed_ms=19.7
[WARN] [1786546113.198521]: 开始进行多边形确认 · 多边形确认失败 · rejected=0 · elapsed_ms=1.2
[WARN] [1786546113.489860]: 开始进行多边形确认 · 多边形确认失败 · rejected=0 · elapsed_ms=1.3
[WARN] [1786546113.589915]: 开始进行多边形确认 · 多边形确认失败 · rejected=0 · elapsed_ms=1.3
[WARN] [1786546113.691953]: 开始进行多边形确认 · 多边形确认失败 · rejected=0 · elapsed_ms=1.2
[WARN] [1786546113.840387]: 开始进行多边形确认 · 多边形确认失败 · rejected=0 · elapsed_ms=3.0
[WARN] [1786546114.087635]: 开始进行多边形确认 · 多边形确认失败 · rejected=0 · elapsed_ms=1.5
[WARN] [1786546114.196859]: 开始进行多边形确认 · 多边形确认失败 · rejected=0 · elapsed_ms=1.3
[WARN] [1786546114.322206]: 开始进行多边形确认 · 多边形确认失败 · rejected=0 · elapsed_ms=2.0
[WARN] [1786546114.545277]: 开始进行多边形确认 · 多边形确认失败 · rejected=0 · elapsed_ms=1.4
[WARN] [1786546114.599245]: 开始进行多边形确认 · 多边形确认失败 · rejected=0 · elapsed_ms=1.3
[WARN] [1786546114.727127]: 开始进行多边形确认 · 多边形确认失败 · rejected=0 · elapsed_ms=1.3
[WARN] [1786546114.856007]: 开始进行多边形确认 · 多边形确认失败 · rejected=0 · elapsed_ms=1.7
[WARN] [1786546114.988397]: 开始进行多边形确认 · 多边形确认失败 · rejected=0 · elapsed_ms=1.4
[WARN] [1786546115.123290]: 开始进行多边形确认 · 多边形确认失败 · rejected=0 · elapsed_ms=1.2
[WARN] [1786546115.251140]: 开始进行多边形确认 · 多边形确认失败 · rejected=0 · elapsed_ms=1.8
[WARN] [1786546115.378867]: 开始进行多边形确认 · 多边形确认失败 · rejected=0 · elapsed_ms=1.6
[WARN] [1786546115.631545]: 开始进行多边形确认 · 多边形确认失败 · rejected=0 · elapsed_ms=1.5
[WARN] [1786546115.747482]: 开始进行多边形确认 · 多边形确认失败 · rejected=0 · elapsed_ms=1.5
[WARN] [1786546115.872892]: 开始进行多边形确认 · 多边形确认失败 · rejected=0 · elapsed_ms=1.5
[WARN] [1786546116.122484]: 开始进行多边形确认 · 多边形确认失败 · rejected=0 · elapsed_ms=1.7
[WARN] [1786546116.251099]: 开始进行多边形确认 · 多边形确认失败 · rejected=0 · elapsed_ms=1.7
[WARN] [1786546116.381602]: 开始进行多边形确认 · 多边形确认失败 · rejected=0 · elapsed_ms=1.4
[WARN] [1786546116.530959]: 开始进行多边形确认 · 多边形确认失败 · rejected=0 · elapsed_ms=9.1
[WARN] [1786546116.750482]: 开始进行多边形确认 · 多边形确认失败 · rejected=0 · elapsed_ms=1.6
[WARN] [1786546116.874078]: 开始进行多边形确认 · 多边形确认失败 · rejected=0 · elapsed_ms=1.7
[WARN] [1786546117.001293]: 开始进行多边形确认 · 多边形确认失败 · rejected=0 · elapsed_ms=1.7
[WARN] [1786546117.130334]: 开始进行多边形确认 · 多边形确认失败 · rejected=0 · elapsed_ms=1.6
[WARN] [1786546117.248058]: 开始进行多边形确认 · 多边形确认失败 · rejected=0 · elapsed_ms=1.8
[WARN] [1786546117.380334]: 开始进行多边形确认 · 多边形确认失败 · rejected=0 · elapsed_ms=1.5
[WARN] [1786546117.506822]: 开始进行多边形确认 · 多边形确认失败 · rejected=0 · elapsed_ms=2.8
[INFO] [1786546101.809847]: 开始进行多边形确认 · detections=1
[INFO] [1786546101.908108]: RGB-D vision status: model_ready:onnxruntime targets:0 centers:0 tf:0 rejected:0 merged:0 semantic_masks:0
[INFO] [1786546102.030191]: 开始进行多边形确认 · detections=1
[INFO] [1786546102.167886]: 开始进行多边形确认 · detections=1
[INFO] [1786546102.293819]: 开始进行多边形确认 · detections=1
[INFO] [1786546102.549588]: 开始进行多边形确认 · detections=1
[INFO] [1786546102.675375]: 开始进行多边形确认 · detections=1
[INFO] [1786546102.855664]: 开始进行多边形确认 · detections=1
[INFO] [1786546102.932251]: 开始进行多边形确认 · detections=1
[INFO] [1786546103.052928]: 开始进行多边形确认 · detections=1
[INFO] [1786546103.180062]: 开始进行多边形确认 · detections=1
[INFO] [1786546103.296875]: 开始进行多边形确认 · detections=1
[INFO] [1786546103.428336]: 开始进行多边形确认 · detections=1
[INFO] [1786546103.565450]: 开始进行多边形确认 · detections=1
[INFO] [1786546103.673783]: 开始进行多边形确认 · detections=1
[INFO] [1786546103.934160]: 开始进行多边形确认 · detections=1
[INFO] [1786546104.048586]: 开始进行多边形确认 · detections=1
[INFO] [1786546104.176303]: 开始进行多边形确认 · detections=1
[INFO] [1786546104.424009]: 开始进行多边形确认 · detections=1
[INFO] [1786546104.551349]: 开始进行多边形确认 · detections=1
[INFO] [1786546104.811907]: 开始进行多边形确认 · detections=1
[INFO] [1786546104.990529]: 开始进行多边形确认 · detections=1
[INFO] [1786546105.051994]: 开始进行多边形确认 · detections=1
[INFO] [1786546105.174740]: 开始进行多边形确认 · detections=1
[INFO] [1786546105.566219]: 开始进行多边形确认 · detections=1
[INFO] [1786546105.939682]: 开始进行多边形确认 · detections=1
[INFO] [1786546106.092404]: 开始进行多边形确认 · detections=1
[INFO] [1786546106.193272]: 开始进行多边形确认 · detections=1
[INFO] [1786546106.440874]: 开始进行多边形确认 · detections=1
[INFO] [1786546106.803384]: 开始进行多边形确认 · detections=1
[INFO] [1786546106.918303]: RGB-D vision status: model_ready:onnxruntime targets:0 centers:0 tf:0 rejected:0 merged:0 semantic_masks:0
[INFO] [1786546107.052121]: 开始进行多边形确认 · detections=1
[INFO] [1786546107.204648]: 开始进行多边形确认 · detections=1
[INFO] [1786546107.313382]: 开始进行多边形确认 · detections=1
[INFO] [1786546107.438396]: 开始进行多边形确认 · detections=1
[INFO] [1786546107.561010]: 开始进行多边形确认 · detections=1
[INFO] [1786546107.680810]: 开始进行多边形确认 · detections=1
[INFO] [1786546107.795608]: 开始进行多边形确认 · detections=1
[INFO] [1786546107.923044]: 开始进行多边形确认 · detections=1
[INFO] [1786546108.051212]: 开始进行多边形确认 · detections=1
[INFO] [1786546108.194136]: 开始进行多边形确认 · detections=1
[INFO] [1786546108.301886]: 开始进行多边形确认 · detections=1
[INFO] [1786546108.550747]: 开始进行多边形确认 · detections=1
[INFO] [1786546108.671935]: 开始进行多边形确认 · detections=1
[INFO] [1786546108.942666]: 开始进行多边形确认 · detections=1
[INFO] [1786546109.068392]: 开始进行多边形确认 · detections=1
[INFO] [1786546109.223825]: 开始进行多边形确认 · detections=1
[INFO] [1786546109.321029]: 开始进行多边形确认 · detections=1
[INFO] [1786546109.445160]: 开始进行多边形确认 · detections=1
[INFO] [1786546109.575562]: 开始进行多边形确认 · detections=1
[INFO] [1786546109.701152]: 开始进行多边形确认 · detections=1
[INFO] [1786546109.825049]: 开始进行多边形确认 · detections=1
[INFO] [1786546110.188273]: 开始进行多边形确认 · detections=1
[INFO] [1786546110.433290]: 开始进行多边形确认 · detections=1
[INFO] [1786546110.561949]: 开始进行多边形确认 · detections=1
[INFO] [1786546110.686277]: 开始进行多边形确认 · detections=1
[INFO] [1786546110.943298]: 开始进行多边形确认 · detections=1
[INFO] [1786546111.082123]: 开始进行多边形确认 · detections=1
[INFO] [1786546111.205893]: 开始进行多边形确认 · detections=1
[INFO] [1786546111.362068]: 开始进行多边形确认 · detections=1
[INFO] [1786546111.580419]: 开始进行多边形确认 · detections=1
[INFO] [1786546111.694900]: 开始进行多边形确认 · detections=1
[INFO] [1786546111.831983]: 开始进行多边形确认 · detections=1
[INFO] [1786546111.941534]: 开始进行多边形确认 · detections=1
[INFO] [1786546112.069552]: 开始进行多边形确认 · detections=1
[INFO] [1786546112.197007]: 开始进行多边形确认 · detections=1
[INFO] [1786546112.322490]: 开始进行多边形确认 · detections=1
[INFO] [1786546112.469109]: 开始进行多边形确认 · detections=1
[INFO] [1786546112.583420]: 开始进行多边形确认 · detections=1
[INFO] [1786546112.715665]: 开始进行多边形确认 · detections=1
[INFO] [1786546112.820863]: 开始进行多边形确认 · detections=1
[INFO] [1786546112.948034]: RGB-D vision status: model_ready:onnxruntime targets:0 centers:0 tf:0 rejected:0 merged:0 semantic_masks:0
[INFO] [1786546113.079194]: 开始进行多边形确认 · detections=1
[INFO] [1786546113.197366]: 开始进行多边形确认 · detections=1
[INFO] [1786546113.488670]: 开始进行多边形确认 · detections=1
[INFO] [1786546113.588646]: 开始进行多边形确认 · detections=1
[INFO] [1786546113.690826]: 开始进行多边形确认 · detections=1
[INFO] [1786546113.837395]: 开始进行多边形确认 · detections=1
[INFO] [1786546114.086215]: 开始进行多边形确认 · detections=1
[INFO] [1786546114.195598]: 开始进行多边形确认 · detections=1
[INFO] [1786546114.320248]: 开始进行多边形确认 · detections=1
[INFO] [1786546114.543949]: 开始进行多边形确认 · detections=1
[INFO] [1786546114.598021]: 开始进行多边形确认 · detections=1
[INFO] [1786546114.725888]: 开始进行多边形确认 · detections=1
[INFO] [1786546114.854383]: 开始进行多边形确认 · detections=1
[INFO] [1786546114.987083]: 开始进行多边形确认 · detections=1
[INFO] [1786546115.122162]: 开始进行多边形确认 · detections=1
[INFO] [1786546115.249449]: 开始进行多边形确认 · detections=1
[INFO] [1786546115.377387]: 开始进行多边形确认 · detections=1
[INFO] [1786546115.630116]: 开始进行多边形确认 · detections=1
[INFO] [1786546115.746033]: 开始进行多边形确认 · detections=1
[INFO] [1786546115.871464]: 开始进行多边形确认 · detections=1
[INFO] [1786546116.120877]: 开始进行多边形确认 · detections=1
[INFO] [1786546116.249505]: 开始进行多边形确认 · detections=1
[INFO] [1786546116.380297]: 开始进行多边形确认 · detections=1
[INFO] [1786546116.521927]: 开始进行多边形确认 · detections=1
[INFO] [1786546116.748978]: 开始进行多边形确认 · detections=1
[INFO] [1786546116.872505]: 开始进行多边形确认 · detections=1
[INFO] [1786546116.999642]: 开始进行多边形确认 · detections=1
[INFO] [1786546117.128829]: 开始进行多边形确认 · detections=1
[INFO] [1786546117.246419]: 开始进行多边形确认 · detections=1
[INFO] [1786546117.378936]: 开始进行多边形确认 · detections=1
[INFO] [1786546117.504065]: 开始进行多边形确认 · detections=1
[INFO] [1786546117.740098]: 开始进行多边形确认 · detections=1
[INFO] [1786546117.857728]: 开始进行多边形确认 · detections=1
[INFO] [1786546117.983275]: 开始进行多边形确认 · detections=1
[INFO] [1786546118.105946]: RGB-D vision status: model_ready:onnxruntime targets:0 centers:0 tf:0 rejected:0 merged:0 semantic_masks:0
[INFO] [1786546118.254227]: 开始进行多边形确认 · detections=1
[INFO] [1786546118.355842]: 开始进行多边形确认 · detections=1
[INFO] [1786546118.499944]: 开始进行多边形确认 · detections=1
[WARN] [1786546117.741310]: 开始进行多边形确认 · 多边形确认失败 · rejected=0 · elapsed_ms=1.3
[WARN] [1786546117.858823]: 开始进行多边形确认 · 多边形确认失败 · rejected=0 · elapsed_ms=1.2
[WARN] [1786546117.984611]: 开始进行多边形确认 · 多边形确认失败 · rejected=0 · elapsed_ms=1.4
[WARN] [1786546118.255625]: 开始进行多边形确认 · 多边形确认失败 · rejected=0 · elapsed_ms=1.5
[WARN] [1786546118.356992]: 开始进行多边形确认 · 多边形确认失败 · rejected=0 · elapsed_ms=1.2
[WARN] [1786546118.501304]: 开始进行多边形确认 · 多边形确认失败 · rejected=0 · elapsed_ms=1.4
[WARN] [1786546118.632524]: 开始进行多边形确认 · 多边形确认失败 · rejected=0 · elapsed_ms=10.5
[WARN] [1786546118.757865]: 开始进行多边形确认 · 多边形确认失败 · rejected=0 · elapsed_ms=1.4
[WARN] [1786546118.865059]: 开始进行多边形确认 · 多边形确认失败 · rejected=0 · elapsed_ms=1.3
[WARN] [1786546118.993776]: 开始进行多边形确认 · 多边形确认失败 · rejected=0 · elapsed_ms=1.5
[WARN] [1786546119.118737]: 开始进行多边形确认 · 多边形确认失败 · rejected=0 · elapsed_ms=1.4
[WARN] [1786546119.370909]: 开始进行多边形确认 · 多边形确认失败 · rejected=0 · elapsed_ms=1.2
[WARN] [1786546119.622260]: 开始进行多边形确认 · 多边形确认失败 · rejected=0 · elapsed_ms=1.2
[WARN] [1786546119.763369]: 开始进行多边形确认 · 多边形确认失败 · rejected=0 · elapsed_ms=1.2
[WARN] [1786546119.899515]: 开始进行多边形确认 · 多边形确认失败 · rejected=0 · elapsed_ms=1.5
[WARN] [1786546120.000880]: 开始进行多边形确认 · 多边形确认失败 · rejected=0 · elapsed_ms=1.5
[WARN] [1786546120.137805]: 开始进行多边形确认 · 多边形确认失败 · rejected=0 · elapsed_ms=1.4
[WARN] [1786546120.388382]: 开始进行多边形确认 · 多边形确认失败 · rejected=0 · elapsed_ms=1.2
[WARN] [1786546120.499910]: 开始进行多边形确认 · 多边形确认失败 · rejected=0 · elapsed_ms=1.4
[WARN] [1786546120.621619]: 开始进行多边形确认 · 多边形确认失败 · rejected=0 · elapsed_ms=1.2
[WARN] [1786546120.748429]: 开始进行多边形确认 · 多边形确认失败 · rejected=0 · elapsed_ms=1.4
[WARN] [1786546120.921352]: 开始进行多边形确认 · 多边形确认失败 · rejected=0 · elapsed_ms=1.7
[WARN] [1786546121.019385]: 开始进行多边形确认 · 多边形确认失败 · rejected=0 · elapsed_ms=1.5
[WARN] [1786546121.143102]: 开始进行多边形确认 · 多边形确认失败 · rejected=0 · elapsed_ms=1.3
[WARN] [1786546121.269239]: 开始进行多边形确认 · 多边形确认失败 · rejected=0 · elapsed_ms=1.1
[WARN] [1786546121.393413]: 开始进行多边形确认 · 多边形确认失败 · rejected=0 · elapsed_ms=1.0
[WARN] [1786546121.502990]: 开始进行多边形确认 · 多边形确认失败 · rejected=0 · elapsed_ms=1.1
[WARN] [1786546121.766294]: 开始进行多边形确认 · 多边形确认失败 · rejected=0 · elapsed_ms=1.4
[WARN] [1786546121.896130]: 开始进行多边形确认 · 多边形确认失败 · rejected=0 · elapsed_ms=1.4
[WARN] [1786546122.029193]: 开始进行多边形确认 · 多边形确认失败 · rejected=0 · elapsed_ms=1.3
[WARN] [1786546122.136126]: 开始进行多边形确认 · 多边形确认失败 · rejected=0 · elapsed_ms=1.3
[WARN] [1786546122.255664]: 开始进行多边形确认 · 多边形确认失败 · rejected=0 · elapsed_ms=1.4
[WARN] [1786546122.393942]: 开始进行多边形确认 · 多边形确认失败 · rejected=0 · elapsed_ms=1.3
[WARN] [1786546122.522433]: 开始进行多边形确认 · 多边形确认失败 · rejected=0 · elapsed_ms=1.6
[WARN] [1786546122.643174]: 开始进行多边形确认 · 多边形确认失败 · rejected=0 · elapsed_ms=1.3
[WARN] [1786546122.769974]: 开始进行多边形确认 · 多边形确认失败 · rejected=0 · elapsed_ms=1.5
[WARN] [1786546122.901355]: 开始进行多边形确认 · 多边形确认失败 · rejected=0 · elapsed_ms=2.2
[WARN] [1786546123.027710]: 开始进行多边形确认 · 多边形确认失败 · rejected=0 · elapsed_ms=1.6
[WARN] [1786546123.163294]: 开始进行多边形确认 · 多边形确认失败 · rejected=0 · elapsed_ms=19.9
[WARN] [1786546123.272997]: 开始进行多边形确认 · 多边形确认失败 · rejected=0 · elapsed_ms=1.7
[WARN] [1786546123.394305]: 开始进行多边形确认 · 多边形确认失败 · rejected=0 · elapsed_ms=1.3
[WARN] [1786546123.516128]: 开始进行多边形确认 · 多边形确认失败 · rejected=0 · elapsed_ms=3.6
[WARN] [1786546123.641567]: 开始进行多边形确认 · 多边形确认失败 · rejected=0 · elapsed_ms=1.4
[WARN] [1786546123.764277]: 开始进行多边形确认 · 多边形确认失败 · rejected=0 · elapsed_ms=1.5
[WARN] [1786546123.890023]: 开始进行多边形确认 · 多边形确认失败 · rejected=0 · elapsed_ms=1.1
[WARN] [1786546124.267739]: 开始进行多边形确认 · 多边形确认失败 · rejected=0 · elapsed_ms=1.5
[WARN] [1786546124.751420]: 开始进行多边形确认 · 多边形确认失败 · rejected=0 · elapsed_ms=1.4
[WARN] [1786546124.875697]: 开始进行多边形确认 · 多边形确认失败 · rejected=0 · elapsed_ms=1.3
[WARN] [1786546125.173531]: 开始进行多边形确认 · 多边形确认失败 · rejected=0 · elapsed_ms=1.5
[WARN] [1786546125.267449]: 开始进行多边形确认 · 多边形确认失败 · rejected=0 · elapsed_ms=1.5
[WARN] [1786546125.393829]: 开始进行多边形确认 · 多边形确认失败 · rejected=0 · elapsed_ms=1.3
[WARN] [1786546125.519341]: 开始进行多边形确认 · 多边形确认失败 · rejected=0 · elapsed_ms=1.5
[WARN] [1786546125.625229]: 开始进行多边形确认 · 多边形确认失败 · rejected=0 · elapsed_ms=1.3
[WARN] [1786546125.760384]: 开始进行多边形确认 · 多边形确认失败 · rejected=0 · elapsed_ms=1.1
[WARN] [1786546125.888030]: 开始进行多边形确认 · 多边形确认失败 · rejected=0 · elapsed_ms=1.1
[WARN] [1786546126.280124]: 开始进行多边形确认 · 多边形确认失败 · rejected=0 · elapsed_ms=1.4
[WARN] [1786546126.382909]: 开始进行多边形确认 · 多边形确认失败 · rejected=0 · elapsed_ms=2.7
[WARN] [1786546126.529974]: 开始进行多边形确认 · 多边形确认失败 · rejected=0 · elapsed_ms=1.4
[WARN] [1786546126.651444]: 开始进行多边形确认 · 多边形确认失败 · rejected=0 · elapsed_ms=1.4
[WARN] [1786546126.776694]: 开始进行多边形确认 · 多边形确认失败 · rejected=0 · elapsed_ms=1.8
[WARN] [1786546126.897066]: 开始进行多边形确认 · 多边形确认失败 · rejected=0 · elapsed_ms=1.5
[WARN] [1786546127.024227]: 开始进行多边形确认 · 多边形确认失败 · rejected=0 · elapsed_ms=1.5
[WARN] [1786546127.166977]: 开始进行多边形确认 · 多边形确认失败 · rejected=0 · elapsed_ms=2.8
[WARN] [1786546127.281395]: 开始进行多边形确认 · 多边形确认失败 · rejected=0 · elapsed_ms=1.3
[WARN] [1786546127.649190]: 开始进行多边形确认 · 多边形确认失败 · rejected=0 · elapsed_ms=2.9
[WARN] [1786546127.773992]: 开始进行多边形确认 · 多边形确认失败 · rejected=0 · elapsed_ms=1.3
[WARN] [1786546127.908898]: 开始进行多边形确认 · 多边形确认失败 · rejected=0 · elapsed_ms=1.3
[WARN] [1786546128.029935]: 开始进行多边形确认 · 多边形确认失败 · rejected=0 · elapsed_ms=1.4
[WARN] [1786546128.138910]: 开始进行多边形确认 · 多边形确认失败 · rejected=0 · elapsed_ms=1.2
[WARN] [1786546128.319201]: 开始进行多边形确认 · 多边形确认失败 · rejected=0 · elapsed_ms=1.8
[WARN] [1786546128.636392]: 开始进行多边形确认 · 多边形确认失败 · rejected=0 · elapsed_ms=1.4
[WARN] [1786546128.766860]: 开始进行多边形确认 · 多边形确认失败 · rejected=0 · elapsed_ms=1.4
[INFO] [1786546118.622034]: 开始进行多边形确认 · detections=1
[INFO] [1786546118.756493]: 开始进行多边形确认 · detections=1
[INFO] [1786546118.863802]: 开始进行多边形确认 · detections=1
[INFO] [1786546118.992389]: 开始进行多边形确认 · detections=1
[INFO] [1786546119.117393]: 开始进行多边形确认 · detections=1
[INFO] [1786546119.369777]: 开始进行多边形确认 · detections=1
[INFO] [1786546119.621131]: 开始进行多边形确认 · detections=1
[INFO] [1786546119.762238]: 开始进行多边形确认 · detections=1
[INFO] [1786546119.898092]: 开始进行多边形确认 · detections=1
[INFO] [1786546119.999409]: 开始进行多边形确认 · detections=1
[INFO] [1786546120.136435]: 开始进行多边形确认 · detections=1
[INFO] [1786546120.387292]: 开始进行多边形确认 · detections=1
[INFO] [1786546120.498610]: 开始进行多边形确认 · detections=1
[INFO] [1786546120.620471]: 开始进行多边形确认 · detections=1
[INFO] [1786546120.747077]: 开始进行多边形确认 · detections=1
[INFO] [1786546120.919797]: 开始进行多边形确认 · detections=1
[INFO] [1786546121.017986]: 开始进行多边形确认 · detections=1
[INFO] [1786546121.141848]: 开始进行多边形确认 · detections=1
[INFO] [1786546121.268157]: 开始进行多边形确认 · detections=1
[INFO] [1786546121.392453]: 开始进行多边形确认 · detections=1
[INFO] [1786546121.501941]: 开始进行多边形确认 · detections=1
[INFO] [1786546121.765026]: 开始进行多边形确认 · detections=1
[INFO] [1786546121.894815]: 开始进行多边形确认 · detections=1
[INFO] [1786546122.027959]: 开始进行多边形确认 · detections=1
[INFO] [1786546122.134883]: 开始进行多边形确认 · detections=1
[INFO] [1786546122.254324]: 开始进行多边形确认 · detections=1
[INFO] [1786546122.392704]: 开始进行多边形确认 · detections=1
[INFO] [1786546122.520923]: 开始进行多边形确认 · detections=1
[INFO] [1786546122.641934]: 开始进行多边形确认 · detections=1
[INFO] [1786546122.768506]: 开始进行多边形确认 · detections=1
[INFO] [1786546122.899268]: 开始进行多边形确认 · detections=1
[INFO] [1786546123.026166]: 开始进行多边形确认 · detections=1
[INFO] [1786546123.143453]: 开始进行多边形确认 · detections=1
[INFO] [1786546123.271376]: 开始进行多边形确认 · detections=1
[INFO] [1786546123.393071]: 开始进行多边形确认 · detections=1
[INFO] [1786546123.512512]: 开始进行多边形确认 · detections=1
[INFO] [1786546123.640216]: 开始进行多边形确认 · detections=1
[INFO] [1786546123.762841]: 开始进行多边形确认 · detections=1
[INFO] [1786546123.888995]: 开始进行多边形确认 · detections=1
[INFO] [1786546124.014880]: RGB-D vision status: model_ready:onnxruntime targets:0 centers:0 tf:0 rejected:0 merged:0 semantic_masks:0
[INFO] [1786546124.266293]: 开始进行多边形确认 · detections=1
[INFO] [1786546124.750074]: 开始进行多边形确认 · detections=1
[INFO] [1786546124.874498]: 开始进行多边形确认 · detections=1
[INFO] [1786546125.172095]: 开始进行多边形确认 · detections=1
[INFO] [1786546125.265949]: 开始进行多边形确认 · detections=1
[INFO] [1786546125.392638]: 开始进行多边形确认 · detections=1
[INFO] [1786546125.517951]: 开始进行多边形确认 · detections=1
[INFO] [1786546125.624017]: 开始进行多边形确认 · detections=1
[INFO] [1786546125.759356]: 开始进行多边形确认 · detections=1
[INFO] [1786546125.886974]: 开始进行多边形确认 · detections=1
[INFO] [1786546126.278776]: 开始进行多边形确认 · detections=1
[INFO] [1786546126.380235]: 开始进行多边形确认 · detections=1
[INFO] [1786546126.528671]: 开始进行多边形确认 · detections=1
[INFO] [1786546126.650095]: 开始进行多边形确认 · detections=1
[INFO] [1786546126.774927]: 开始进行多边形确认 · detections=1
[INFO] [1786546126.895690]: 开始进行多边形确认 · detections=1
[INFO] [1786546127.022812]: 开始进行多边形确认 · detections=1
[INFO] [1786546127.164258]: 开始进行多边形确认 · detections=1
[INFO] [1786546127.280200]: 开始进行多边形确认 · detections=1
[INFO] [1786546127.646382]: 开始进行多边形确认 · detections=1
[INFO] [1786546127.772786]: 开始进行多边形确认 · detections=1
[INFO] [1786546127.907619]: 开始进行多边形确认 · detections=1
[INFO] [1786546128.028644]: 开始进行多边形确认 · detections=1
[INFO] [1786546128.137789]: 开始进行多边形确认 · detections=1
[INFO] [1786546128.317472]: 开始进行多边形确认 · detections=1
[INFO] [1786546128.635067]: 开始进行多边形确认 · detections=1
[INFO] [1786546128.765557]: 开始进行多边形确认 · detections=1
[INFO] [1786546128.907514]: 开始进行多边形确认 · detections=1
[INFO] [1786546129.031794]: 开始进行多边形确认 · detections=1
[INFO] [1786546129.164410]: 开始进行多边形确认 · detections=1
[INFO] [1786546129.295525]: 开始进行多边形确认 · detections=1
[INFO] [1786546129.432856]: 开始进行多边形确认 · detections=1
[INFO] [1786546129.520582]: 开始进行多边形确认 · detections=1
[INFO] [1786546129.657031]: 开始进行多边形确认 · detections=1
[INFO] [1786546129.770932]: 开始进行多边形确认 · detections=1
[INFO] [1786546129.893311]: 开始进行多边形确认 · detections=1
[INFO] [1786546130.021655]: 开始进行多边形确认 · detections=1
[INFO] [1786546130.175591]: RGB-D vision status: model_ready:onnxruntime targets:0 centers:0 tf:0 rejected:0 merged:0 semantic_masks:0
[INFO] [1786546130.288870]: 开始进行多边形确认 · detections=1
[INFO] [1786546130.421953]: 开始进行多边形确认 · detections=1
[INFO] [1786546130.658528]: 开始进行多边形确认 · detections=1
[INFO] [1786546130.793740]: 开始进行多边形确认 · detections=1
[INFO] [1786546130.921986]: 开始进行多边形确认 · detections=1
[INFO] [1786546131.034442]: 开始进行多边形确认 · detections=1
[INFO] [1786546131.175926]: 开始进行多边形确认 · detections=1
[INFO] [1786546131.309083]: 开始进行多边形确认 · detections=1
[INFO] [1786546131.441182]: 开始进行多边形确认 · detections=1
[INFO] [1786546131.558601]: 开始进行多边形确认 · detections=1
[INFO] [1786546131.654827]: 开始进行多边形确认 · detections=1
[INFO] [1786546131.783187]: 开始进行多边形确认 · detections=1
[INFO] [1786546131.929054]: 开始进行多边形确认 · detections=1
[INFO] [1786546132.051667]: 开始进行多边形确认 · detections=1
[INFO] [1786546132.181592]: 开始进行多边形确认 · detections=1
[INFO] [1786546132.282867]: 开始进行多边形确认 · detections=1
[INFO] [1786546132.413118]: 开始进行多边形确认 · detections=1
[INFO] [1786546132.536614]: 开始进行多边形确认 · detections=1
[INFO] [1786546132.765974]: 开始进行多边形确认 · detections=1
[INFO] [1786546132.911361]: 开始进行多边形确认 · detections=1
[INFO] [1786546133.035017]: 开始进行多边形确认 · detections=1
[INFO] [1786546133.300503]: 开始进行多边形确认 · detections=1
[INFO] [1786546133.424313]: 开始进行多边形确认 · detections=1
[INFO] [1786546133.684502]: 开始进行多边形确认 · detections=1
[INFO] [1786546133.794243]: 开始进行多边形确认 · detections=1
[INFO] [1786546133.901952]: 开始进行多边形确认 · detections=1
[INFO] [1786546134.027672]: 开始进行多边形确认 · detections=1
[INFO] [1786546134.160023]: 开始进行多边形确认 · detections=1
[INFO] [1786546134.305400]: 开始进行多边形确认 · detections=1
[INFO] [1786546134.421015]: 开始进行多边形确认 · detections=1
[INFO] [1786546134.552335]: 开始进行多边形确认 · detections=1
[INFO] [1786546134.686350]: 开始进行多边形确认 · detections=1
[INFO] [1786546134.803701]: 开始进行多边形确认 · detections=1
[INFO] [1786546135.035227]: 开始进行多边形确认 · detections=1
[WARN] [1786546128.908928]: 开始进行多边形确认 · 多边形确认失败 · rejected=0 · elapsed_ms=1.5
[WARN] [1786546129.033267]: 开始进行多边形确认 · 多边形确认失败 · rejected=0 · elapsed_ms=1.6
[WARN] [1786546129.165844]: 开始进行多边形确认 · 多边形确认失败 · rejected=0 · elapsed_ms=1.5
[WARN] [1786546129.297071]: 开始进行多边形确认 · 多边形确认失败 · rejected=0 · elapsed_ms=1.6
[WARN] [1786546129.434182]: 开始进行多边形确认 · 多边形确认失败 · rejected=0 · elapsed_ms=1.4
[WARN] [1786546129.522059]: 开始进行多边形确认 · 多边形确认失败 · rejected=0 · elapsed_ms=1.6
[WARN] [1786546129.658536]: 开始进行多边形确认 · 多边形确认失败 · rejected=0 · elapsed_ms=1.6
[WARN] [1786546129.772121]: 开始进行多边形确认 · 多边形确认失败 · rejected=0 · elapsed_ms=1.3
[WARN] [1786546129.894401]: 开始进行多边形确认 · 多边形确认失败 · rejected=0 · elapsed_ms=1.1
[WARN] [1786546130.022734]: 开始进行多边形确认 · 多边形确认失败 · rejected=0 · elapsed_ms=1.1
[WARN] [1786546130.289925]: 开始进行多边形确认 · 多边形确认失败 · rejected=0 · elapsed_ms=1.1
[WARN] [1786546130.423227]: 开始进行多边形确认 · 多边形确认失败 · rejected=0 · elapsed_ms=1.4
[WARN] [1786546130.660414]: 开始进行多边形确认 · 多边形确认失败 · rejected=0 · elapsed_ms=2.0
[WARN] [1786546130.795293]: 开始进行多边形确认 · 多边形确认失败 · rejected=0 · elapsed_ms=1.6
[WARN] [1786546130.923469]: 开始进行多边形确认 · 多边形确认失败 · rejected=0 · elapsed_ms=1.6
[WARN] [1786546131.035634]: 开始进行多边形确认 · 多边形确认失败 · rejected=0 · elapsed_ms=1.2
[WARN] [1786546131.177251]: 开始进行多边形确认 · 多边形确认失败 · rejected=0 · elapsed_ms=1.4
[WARN] [1786546131.311043]: 开始进行多边形确认 · 多边形确认失败 · rejected=0 · elapsed_ms=2.0
[WARN] [1786546131.442298]: 开始进行多边形确认 · 多边形确认失败 · rejected=0 · elapsed_ms=1.2
[WARN] [1786546131.559877]: 开始进行多边形确认 · 多边形确认失败 · rejected=0 · elapsed_ms=1.3
[WARN] [1786546131.656155]: 开始进行多边形确认 · 多边形确认失败 · rejected=0 · elapsed_ms=1.4
[WARN] [1786546131.785106]: 开始进行多边形确认 · 多边形确认失败 · rejected=0 · elapsed_ms=1.9
[WARN] [1786546131.930331]: 开始进行多边形确认 · 多边形确认失败 · rejected=0 · elapsed_ms=1.4
[WARN] [1786546132.054781]: 开始进行多边形确认 · 多边形确认失败 · rejected=0 · elapsed_ms=3.2
[WARN] [1786546132.183046]: 开始进行多边形确认 · 多边形确认失败 · rejected=0 · elapsed_ms=1.6
[WARN] [1786546132.283809]: 开始进行多边形确认 · 多边形确认失败 · rejected=0 · elapsed_ms=1.0
[WARN] [1786546132.414268]: 开始进行多边形确认 · 多边形确认失败 · rejected=0 · elapsed_ms=1.2
[WARN] [1786546132.537761]: 开始进行多边形确认 · 多边形确认失败 · rejected=0 · elapsed_ms=1.2
[WARN] [1786546132.767460]: 开始进行多边形确认 · 多边形确认失败 · rejected=0 · elapsed_ms=1.5
[WARN] [1786546132.912646]: 开始进行多边形确认 · 多边形确认失败 · rejected=0 · elapsed_ms=1.4
[WARN] [1786546133.036308]: 开始进行多边形确认 · 多边形确认失败 · rejected=0 · elapsed_ms=1.4
[WARN] [1786546133.302720]: 开始进行多边形确认 · 多边形确认失败 · rejected=0 · elapsed_ms=2.3
[WARN] [1786546133.425488]: 开始进行多边形确认 · 多边形确认失败 · rejected=0 · elapsed_ms=1.3
[WARN] [1786546133.685684]: 开始进行多边形确认 · 多边形确认失败 · rejected=0 · elapsed_ms=1.3
[WARN] [1786546133.795650]: 开始进行多边形确认 · 多边形确认失败 · rejected=0 · elapsed_ms=1.5
[WARN] [1786546133.903409]: 开始进行多边形确认 · 多边形确认失败 · rejected=0 · elapsed_ms=1.5
[WARN] [1786546134.028827]: 开始进行多边形确认 · 多边形确认失败 · rejected=0 · elapsed_ms=1.2
[WARN] [1786546134.161470]: 开始进行多边形确认 · 多边形确认失败 · rejected=0 · elapsed_ms=1.5
[WARN] [1786546134.306741]: 开始进行多边形确认 · 多边形确认失败 · rejected=0 · elapsed_ms=1.4
[WARN] [1786546134.422187]: 开始进行多边形确认 · 多边形确认失败 · rejected=0 · elapsed_ms=1.2
[WARN] [1786546134.553829]: 开始进行多边形确认 · 多边形确认失败 · rejected=0 · elapsed_ms=1.6
[WARN] [1786546134.687852]: 开始进行多边形确认 · 多边形确认失败 · rejected=0 · elapsed_ms=1.6
[WARN] [1786546134.805012]: 开始进行多边形确认 · 多边形确认失败 · rejected=0 · elapsed_ms=1.4
[WARN] [1786546135.036609]: 开始进行多边形确认 · 多边形确认失败 · rejected=0 · elapsed_ms=1.5
[WARN] [1786546135.159513]: 开始进行多边形确认 · 多边形确认失败 · rejected=0 · elapsed_ms=1.3
[WARN] [1786546135.425874]: 开始进行多边形确认 · 多边形确认失败 · rejected=0 · elapsed_ms=1.4
[WARN] [1786546135.555933]: 开始进行多边形确认 · 多边形确认失败 · rejected=0 · elapsed_ms=1.7
[WARN] [1786546135.695835]: 开始进行多边形确认 · 多边形确认失败 · rejected=0 · elapsed_ms=1.4
[WARN] [1786546135.905948]: 开始进行多边形确认 · 多边形确认失败 · rejected=0 · elapsed_ms=1.2
[WARN] [1786546136.032606]: 开始进行多边形确认 · 多边形确认失败 · rejected=0 · elapsed_ms=1.3
[WARN] [1786546136.292189]: 开始进行多边形确认 · 多边形确认失败 · rejected=0 · elapsed_ms=1.2
[WARN] [1786546136.542670]: 开始进行多边形确认 · 多边形确认失败 · rejected=0 · elapsed_ms=1.2
[WARN] [1786546136.667898]: 开始进行多边形确认 · 多边形确认失败 · rejected=0 · elapsed_ms=1.3
[WARN] [1786546136.829461]: 开始进行多边形确认 · 多边形确认失败 · rejected=0 · elapsed_ms=1.3
[WARN] [1786546136.919014]: 开始进行多边形确认 · 多边形确认失败 · rejected=0 · elapsed_ms=1.4
[WARN] [1786546137.047081]: 开始进行多边形确认 · 多边形确认失败 · rejected=0 · elapsed_ms=1.5
[WARN] [1786546137.173060]: 开始进行多边形确认 · 多边形确认失败 · rejected=0 · elapsed_ms=1.6
[WARN] [1786546137.293365]: 开始进行多边形确认 · 多边形确认失败 · rejected=0 · elapsed_ms=1.2
[WARN] [1786546137.409058]: 开始进行多边形确认 · 多边形确认失败 · rejected=0 · elapsed_ms=1.3
[WARN] [1786546137.533052]: 开始进行多边形确认 · 多边形确认失败 · rejected=0 · elapsed_ms=1.4
[WARN] [1786546137.668783]: 开始进行多边形确认 · 多边形确认失败 · rejected=0 · elapsed_ms=1.6
[WARN] [1786546137.882893]: 开始进行多边形确认 · 多边形确认失败 · rejected=0 · elapsed_ms=1.5
[WARN] [1786546137.951851]: 开始进行多边形确认 · 多边形确认失败 · rejected=0 · elapsed_ms=1.5
[WARN] [1786546138.086418]: 开始进行多边形确认 · 多边形确认失败 · rejected=0 · elapsed_ms=1.4
[WARN] [1786546138.215980]: 开始进行多边形确认 · 多边形确认失败 · rejected=0 · elapsed_ms=1.8
[WARN] [1786546138.306743]: 开始进行多边形确认 · 多边形确认失败 · rejected=0 · elapsed_ms=1.2
[WARN] [1786546138.560462]: 开始进行多边形确认 · 多边形确认失败 · rejected=0 · elapsed_ms=1.8
[WARN] [1786546138.834991]: 开始进行多边形确认 · 多边形确认失败 · rejected=0 · elapsed_ms=2.4
[WARN] [1786546138.941724]: 开始进行多边形确认 · 多边形确认失败 · rejected=0 · elapsed_ms=1.4
[WARN] [1786546139.076321]: 开始进行多边形确认 · 多边形确认失败 · rejected=0 · elapsed_ms=1.6
[WARN] [1786546139.322846]: 开始进行多边形确认 · 多边形确认失败 · rejected=0 · elapsed_ms=1.5
[WARN] [1786546139.571134]: 开始进行多边形确认 · 多边形确认失败 · rejected=0 · elapsed_ms=1.2
[WARN] [1786546139.691190]: 开始进行多边形确认 · 多边形确认失败 · rejected=0 · elapsed_ms=1.1
[WARN] [1786546139.942445]: 开始进行多边形确认 · 多边形确认失败 · rejected=0 · elapsed_ms=1.2
[WARN] [1786546140.059951]: 开始进行多边形确认 · 多边形确认失败 · rejected=0 · elapsed_ms=2.9
[WARN] [1786546140.199746]: 开始进行多边形确认 · 多边形确认失败 · rejected=0 · elapsed_ms=1.4
[WARN] [1786546140.325107]: 开始进行多边形确认 · 多边形确认失败 · rejected=0 · elapsed_ms=1.8
[WARN] [1786546140.451178]: 开始进行多边形确认 · 多边形确认失败 · rejected=0 · elapsed_ms=1.4
[WARN] [1786546140.582072]: 开始进行多边形确认 · 多边形确认失败 · rejected=0 · elapsed_ms=1.3
[WARN] [1786546140.690014]: 开始进行多边形确认 · 多边形确认失败 · rejected=0 · elapsed_ms=1.0
[WARN] [1786546141.005399]: 开始进行多边形确认 · 多边形确认失败 · rejected=0 · elapsed_ms=1.6
[WARN] [1786546141.085837]: 开始进行多边形确认 · 多边形确认失败 · rejected=0 · elapsed_ms=1.5
[WARN] [1786546141.206988]: 开始进行多边形确认 · 多边形确认失败 · rejected=0 · elapsed_ms=1.6
[WARN] [1786546141.339314]: 开始进行多边形确认 · 多边形确认失败 · rejected=0 · elapsed_ms=1.9
[WARN] [1786546141.455553]: 开始进行多边形确认 · 多边形确认失败 · rejected=0 · elapsed_ms=1.7
[WARN] [1786546141.696829]: 开始进行多边形确认 · 多边形确认失败 · rejected=0 · elapsed_ms=1.2
[WARN] [1786546141.823055]: 开始进行多边形确认 · 多边形确认失败 · rejected=0 · elapsed_ms=1.4
[WARN] [1786546142.084479]: 开始进行多边形确认 · 多边形确认失败 · rejected=0 · elapsed_ms=1.6
[WARN] [1786546142.199038]: 开始进行多边形确认 · 多边形确认失败 · rejected=0 · elapsed_ms=1.3
[WARN] [1786546142.325468]: 开始进行多边形确认 · 多边形确认失败 · rejected=0 · elapsed_ms=1.5
[WARN] [1786546142.464097]: 开始进行多边形确认 · 多边形确认失败 · rejected=0 · elapsed_ms=1.5
[WARN] [1786546142.577459]: 开始进行多边形确认 · 多边形确认失败 · rejected=0 · elapsed_ms=1.3
[WARN] [1786546142.704112]: 开始进行多边形确认 · 多边形确认失败 · rejected=0 · elapsed_ms=1.4
[WARN] [1786546142.831026]: 开始进行多边形确认 · 多边形确认失败 · rejected=0 · elapsed_ms=1.5
[WARN] [1786546142.950870]: 开始进行多边形确认 · 多边形确认失败 · rejected=0 · elapsed_ms=1.5
[WARN] [1786546143.081180]: 开始进行多边形确认 · 多边形确认失败 · rejected=0 · elapsed_ms=1.4
[WARN] [1786546143.240672]: 开始进行多边形确认 · 多边形确认失败 · rejected=0 · elapsed_ms=1.5
[WARN] [1786546143.349483]: 开始进行多边形确认 · 多边形确认失败 · rejected=0 · elapsed_ms=1.6
[WARN] [1786546143.469830]: 开始进行多边形确认 · 多边形确认失败 · rejected=0 · elapsed_ms=1.4
[WARN] [1786546143.592224]: 开始进行多边形确认 · 多边形确认失败 · rejected=0 · elapsed_ms=1.2
[WARN] [1786546143.711806]: 开始进行多边形确认 · 多边形确认失败 · rejected=0 · elapsed_ms=1.3
[WARN] [1786546143.837019]: 开始进行多边形确认 · 多边形确认失败 · rejected=0 · elapsed_ms=1.4
[WARN] [1786546143.960006]: 开始进行多边形确认 · 多边形确认失败 · rejected=0 · elapsed_ms=1.3
[WARN] [1786546144.080906]: 开始进行多边形确认 · 多边形确认失败 · rejected=0 · elapsed_ms=1.2
[WARN] [1786546144.217814]: 开始进行多边形确认 · 多边形确认失败 · rejected=0 · elapsed_ms=1.3
[WARN] [1786546144.329530]: 开始进行多边形确认 · 多边形确认失败 · rejected=0 · elapsed_ms=1.6
[WARN] [1786546144.455685]: 开始进行多边形确认 · 多边形确认失败 · rejected=0 · elapsed_ms=1.2
[WARN] [1786546144.583915]: 开始进行多边形确认 · 多边形确认失败 · rejected=0 · elapsed_ms=1.5
[WARN] [1786546144.826715]: 开始进行多边形确认 · 多边形确认失败 · rejected=0 · elapsed_ms=1.4
[WARN] [1786546145.095169]: 开始进行多边形确认 · 多边形确认失败 · rejected=0 · elapsed_ms=1.4
[WARN] [1786546145.267674]: 开始进行多边形确认 · 多边形确认失败 · rejected=0 · elapsed_ms=1.8
[WARN] [1786546145.376878]: 开始进行多边形确认 · 多边形确认失败 · rejected=0 · elapsed_ms=1.5
[WARN] [1786546145.500543]: 开始进行多边形确认 · 多边形确认失败 · rejected=0 · elapsed_ms=1.6
[WARN] [1786546145.611122]: 开始进行多边形确认 · 多边形确认失败 · rejected=0 · elapsed_ms=1.5
[WARN] [1786546145.739734]: 开始进行多边形确认 · 多边形确认失败 · rejected=0 · elapsed_ms=1.7
[WARN] [1786546145.867517]: 开始进行多边形确认 · 多边形确认失败 · rejected=0 · elapsed_ms=1.8
[WARN] [1786546145.987512]: 开始进行多边形确认 · 多边形确认失败 · rejected=0 · elapsed_ms=1.4
[WARN] [1786546146.267517]: 开始进行多边形确认 · 多边形确认失败 · rejected=0 · elapsed_ms=6.1
[WARN] [1786546146.379238]: 开始进行多边形确认 · 多边形确认失败 · rejected=0 · elapsed_ms=1.7
[WARN] [1786546146.475382]: 开始进行多边形确认 · 多边形确认失败 · rejected=0 · elapsed_ms=1.8
[WARN] [1786546146.604078]: 开始进行多边形确认 · 多边形确认失败 · rejected=0 · elapsed_ms=1.5
[WARN] [1786546146.727529]: 开始进行多边形确认 · 多边形确认失败 · rejected=0 · elapsed_ms=1.2
[WARN] [1786546146.853527]: 开始进行多边形确认 · 多边形确认失败 · rejected=0 · elapsed_ms=1.5
[WARN] [1786546146.977689]: 开始进行多边形确认 · 多边形确认失败 · rejected=0 · elapsed_ms=1.5
[WARN] [1786546147.105322]: 开始进行多边形确认 · 多边形确认失败 · rejected=0 · elapsed_ms=1.3
[WARN] [1786546147.229444]: 开始进行多边形确认 · 多边形确认失败 · rejected=0 · elapsed_ms=1.3
[WARN] [1786546147.486807]: 开始进行多边形确认 · 多边形确认失败 · rejected=0 · elapsed_ms=1.2
[WARN] [1786546147.732722]: 开始进行多边形确认 · 多边形确认失败 · rejected=0 · elapsed_ms=1.4
[WARN] [1786546147.855239]: 开始进行多边形确认 · 多边形确认失败 · rejected=0 · elapsed_ms=1.2
[WARN] [1786546148.004686]: 开始进行多边形确认 · 多边形确认失败 · rejected=0 · elapsed_ms=19.4
[WARN] [1786546148.112437]: 开始进行多边形确认 · 多边形确认失败 · rejected=0 · elapsed_ms=1.1
[WARN] [1786546148.238472]: 开始进行多边形确认 · 多边形确认失败 · rejected=0 · elapsed_ms=1.4
[WARN] [1786546148.609539]: 开始进行多边形确认 · 多边形确认失败 · rejected=0 · elapsed_ms=1.5
[WARN] [1786546148.734509]: 开始进行多边形确认 · 多边形确认失败 · rejected=0 · elapsed_ms=1.3
[WARN] [1786546148.861233]: 开始进行多边形确认 · 多边形确认失败 · rejected=0 · elapsed_ms=1.4
[WARN] [1786546148.985992]: 开始进行多边形确认 · 多边形确认失败 · rejected=0 · elapsed_ms=1.5
[WARN] [1786546149.113205]: 开始进行多边形确认 · 多边形确认失败 · rejected=0 · elapsed_ms=1.4
[WARN] [1786546149.235754]: 开始进行多边形确认 · 多边形确认失败 · rejected=0 · elapsed_ms=1.5
[WARN] [1786546149.376364]: 开始进行多边形确认 · 多边形确认失败 · rejected=0 · elapsed_ms=1.7
[WARN] [1786546149.505541]: 开始进行多边形确认 · 多边形确认失败 · rejected=0 · elapsed_ms=3.3
[WARN] [1786546149.637433]: 开始进行多边形确认 · 多边形确认失败 · rejected=0 · elapsed_ms=1.5
[WARN] [1786546149.884116]: 开始进行多边形确认 · 多边形确认失败 · rejected=0 · elapsed_ms=1.3
[WARN] [1786546150.008847]: 开始进行多边形确认 · 多边形确认失败 · rejected=0 · elapsed_ms=1.3
[WARN] [1786546150.267944]: 开始进行多边形确认 · 多边形确认失败 · rejected=0 · elapsed_ms=2.2
[INFO] [1786546135.158273]: 开始进行多边形确认 · detections=1
[INFO] [1786546135.300891]: RGB-D vision status: model_ready:onnxruntime targets:0 centers:0 tf:0 rejected:0 merged:0 semantic_masks:0
[INFO] [1786546135.424576]: 开始进行多边形确认 · detections=1
[INFO] [1786546135.554367]: 开始进行多边形确认 · detections=1
[INFO] [1786546135.694488]: 开始进行多边形确认 · detections=1
[INFO] [1786546135.904770]: 开始进行多边形确认 · detections=1
[INFO] [1786546136.031369]: 开始进行多边形确认 · detections=1
[INFO] [1786546136.291092]: 开始进行多边形确认 · detections=1
[INFO] [1786546136.541537]: 开始进行多边形确认 · detections=1
[INFO] [1786546136.666620]: 开始进行多边形确认 · detections=1
[INFO] [1786546136.828239]: 开始进行多边形确认 · detections=1
[INFO] [1786546136.917637]: 开始进行多边形确认 · detections=1
[INFO] [1786546137.045648]: 开始进行多边形确认 · detections=1
[INFO] [1786546137.171536]: 开始进行多边形确认 · detections=1
[INFO] [1786546137.292210]: 开始进行多边形确认 · detections=1
[INFO] [1786546137.407775]: 开始进行多边形确认 · detections=1
[INFO] [1786546137.531739]: 开始进行多边形确认 · detections=1
[INFO] [1786546137.667199]: 开始进行多边形确认 · detections=1
[INFO] [1786546137.881451]: 开始进行多边形确认 · detections=1
[INFO] [1786546137.950431]: 开始进行多边形确认 · detections=1
[INFO] [1786546138.085094]: 开始进行多边形确认 · detections=1
[INFO] [1786546138.214301]: 开始进行多边形确认 · detections=1
[INFO] [1786546138.305575]: 开始进行多边形确认 · detections=1
[INFO] [1786546138.558757]: 开始进行多边形确认 · detections=1
[INFO] [1786546138.832646]: 开始进行多边形确认 · detections=1
[INFO] [1786546138.940434]: 开始进行多边形确认 · detections=1
[INFO] [1786546139.074780]: 开始进行多边形确认 · detections=1
[INFO] [1786546139.321380]: 开始进行多边形确认 · detections=1
[INFO] [1786546139.569965]: 开始进行多边形确认 · detections=1
[INFO] [1786546139.690135]: 开始进行多边形确认 · detections=1
[INFO] [1786546139.941340]: 开始进行多边形确认 · detections=1
[INFO] [1786546140.057094]: 开始进行多边形确认 · detections=1
[INFO] [1786546140.198429]: 开始进行多边形确认 · detections=1
[INFO] [1786546140.323347]: 开始进行多边形确认 · detections=1
[INFO] [1786546140.449826]: 开始进行多边形确认 · detections=1
[INFO] [1786546140.580877]: 开始进行多边形确认 · detections=1
[INFO] [1786546140.689077]: 开始进行多边形确认 · detections=1
[INFO] [1786546140.808782]: RGB-D vision status: model_ready:onnxruntime targets:0 centers:0 tf:0 rejected:0 merged:0 semantic_masks:0
[INFO] [1786546141.003902]: 开始进行多边形确认 · detections=1
[INFO] [1786546141.084445]: 开始进行多边形确认 · detections=1
[INFO] [1786546141.205406]: 开始进行多边形确认 · detections=1
[INFO] [1786546141.337479]: 开始进行多边形确认 · detections=1
[INFO] [1786546141.453965]: 开始进行多边形确认 · detections=1
[INFO] [1786546141.695742]: 开始进行多边形确认 · detections=1
[INFO] [1786546141.821727]: 开始进行多边形确认 · detections=1
[INFO] [1786546142.082966]: 开始进行多边形确认 · detections=1
[INFO] [1786546142.197790]: 开始进行多边形确认 · detections=1
[INFO] [1786546142.324013]: 开始进行多边形确认 · detections=1
[INFO] [1786546142.462719]: 开始进行多边形确认 · detections=1
[INFO] [1786546142.576288]: 开始进行多边形确认 · detections=1
[INFO] [1786546142.702732]: 开始进行多边形确认 · detections=1
[INFO] [1786546142.829600]: 开始进行多边形确认 · detections=1
[INFO] [1786546142.949386]: 开始进行多边形确认 · detections=1
[INFO] [1786546143.079800]: 开始进行多边形确认 · detections=1
[INFO] [1786546143.239221]: 开始进行多边形确认 · detections=1
[INFO] [1786546143.347957]: 开始进行多边形确认 · detections=1
[INFO] [1786546143.468466]: 开始进行多边形确认 · detections=1
[INFO] [1786546143.591048]: 开始进行多边形确认 · detections=1
[INFO] [1786546143.710540]: 开始进行多边形确认 · detections=1
[INFO] [1786546143.835668]: 开始进行多边形确认 · detections=1
[INFO] [1786546143.958796]: 开始进行多边形确认 · detections=1
[INFO] [1786546144.079745]: 开始进行多边形确认 · detections=1
[INFO] [1786546144.216591]: 开始进行多边形确认 · detections=1
[INFO] [1786546144.328023]: 开始进行多边形确认 · detections=1
[INFO] [1786546144.454520]: 开始进行多边形确认 · detections=1
[INFO] [1786546144.582484]: 开始进行多边形确认 · detections=1
[INFO] [1786546144.825352]: 开始进行多边形确认 · detections=1
[INFO] [1786546145.093789]: 开始进行多边形确认 · detections=1
[INFO] [1786546145.265881]: 开始进行多边形确认 · detections=1
[INFO] [1786546145.375457]: 开始进行多边形确认 · detections=1
[INFO] [1786546145.499042]: 开始进行多边形确认 · detections=1
[INFO] [1786546145.609746]: 开始进行多边形确认 · detections=1
[INFO] [1786546145.738163]: 开始进行多边形确认 · detections=1
[INFO] [1786546145.865793]: 开始进行多边形确认 · detections=1
[INFO] [1786546145.986172]: 开始进行多边形确认 · detections=1
[INFO] [1786546146.112019]: RGB-D vision status: model_ready:onnxruntime targets:0 centers:0 tf:0 rejected:0 merged:0 semantic_masks:0
[INFO] [1786546146.261445]: 开始进行多边形确认 · detections=1
[INFO] [1786546146.377679]: 开始进行多边形确认 · detections=1
[INFO] [1786546146.473671]: 开始进行多边形确认 · detections=1
[INFO] [1786546146.602669]: 开始进行多边形确认 · detections=1
[INFO] [1786546146.726359]: 开始进行多边形确认 · detections=1
[INFO] [1786546146.852130]: 开始进行多边形确认 · detections=1
[INFO] [1786546146.976280]: 开始进行多边形确认 · detections=1
[INFO] [1786546147.104130]: 开始进行多边形确认 · detections=1
[INFO] [1786546147.228192]: 开始进行多边形确认 · detections=1
[INFO] [1786546147.485606]: 开始进行多边形确认 · detections=1
[INFO] [1786546147.731318]: 开始进行多边形确认 · detections=1
[INFO] [1786546147.854108]: 开始进行多边形确认 · detections=1
[INFO] [1786546147.985275]: 开始进行多边形确认 · detections=1
[INFO] [1786546148.111447]: 开始进行多边形确认 · detections=1
[INFO] [1786546148.237126]: 开始进行多边形确认 · detections=1
[INFO] [1786546148.608136]: 开始进行多边形确认 · detections=1
[INFO] [1786546148.733310]: 开始进行多边形确认 · detections=1
[INFO] [1786546148.859926]: 开始进行多边形确认 · detections=1
[INFO] [1786546148.984583]: 开始进行多边形确认 · detections=1
[INFO] [1786546149.111898]: 开始进行多边形确认 · detections=1
[INFO] [1786546149.234313]: 开始进行多边形确认 · detections=1
[INFO] [1786546149.374748]: 开始进行多边形确认 · detections=1
[INFO] [1786546149.502327]: 开始进行多边形确认 · detections=1
[INFO] [1786546149.636025]: 开始进行多边形确认 · detections=1
[INFO] [1786546149.882870]: 开始进行多边形确认 · detections=1
[INFO] [1786546150.007615]: 开始进行多边形确认 · detections=1
[INFO] [1786546150.265828]: 开始进行多边形确认 · detections=1
[INFO] [1786546150.364136]: 开始进行多边形确认 · detections=1
[INFO] [1786546150.491583]: 开始进行多边形确认 · detections=1
[INFO] [1786546150.683338]: 开始进行多边形确认 · detections=1
[INFO] [1786546150.776293]: 开始进行多边形确认 · detections=1
[INFO] [1786546151.016891]: 开始进行多边形确认 · detections=1
[INFO] [1786546151.130264]: 开始进行多边形确认 · detections=1
[INFO] [1786546151.249743]: RGB-D vision status: model_ready:onnxruntime targets:0 centers:0 tf:0 rejected:0 merged:0 semantic_masks:0
[WARN] [1786546150.365230]: 开始进行多边形确认 · 多边形确认失败 · rejected=0 · elapsed_ms=1.2
[WARN] [1786546150.492662]: 开始进行多边形确认 · 多边形确认失败 · rejected=0 · elapsed_ms=1.2
[WARN] [1786546150.684776]: 开始进行多边形确认 · 多边形确认失败 · rejected=0 · elapsed_ms=1.5
[WARN] [1786546150.777476]: 开始进行多边形确认 · 多边形确认失败 · rejected=0 · elapsed_ms=1.3
[WARN] [1786546151.018072]: 开始进行多边形确认 · 多边形确认失败 · rejected=0 · elapsed_ms=1.3
[WARN] [1786546151.131687]: 开始进行多边形确认 · 多边形确认失败 · rejected=0 · elapsed_ms=1.5
[WARN] [1786546151.367849]: 开始进行多边形确认 · 多边形确认失败 · rejected=0 · elapsed_ms=1.4
[WARN] [1786546151.510801]: 开始进行多边形确认 · 多边形确认失败 · rejected=0 · elapsed_ms=1.5
[WARN] [1786546151.621752]: 开始进行多边形确认 · 多边形确认失败 · rejected=0 · elapsed_ms=1.1
[WARN] [1786546151.752382]: 开始进行多边形确认 · 多边形确认失败 · rejected=0 · elapsed_ms=1.8
[WARN] [1786546151.866859]: 开始进行多边形确认 · 多边形确认失败 · rejected=0 · elapsed_ms=1.8
[WARN] [1786546152.005039]: 开始进行多边形确认 · 多边形确认失败 · rejected=0 · elapsed_ms=1.4
[WARN] [1786546152.119319]: 开始进行多边形确认 · 多边形确认失败 · rejected=0 · elapsed_ms=1.5
[WARN] [1786546152.242995]: 开始进行多边形确认 · 多边形确认失败 · rejected=0 · elapsed_ms=1.3
[WARN] [1786546152.386059]: 开始进行多边形确认 · 多边形确认失败 · rejected=0 · elapsed_ms=1.3
[WARN] [1786546152.501146]: 开始进行多边形确认 · 多边形确认失败 · rejected=0 · elapsed_ms=1.1
[WARN] [1786546152.627497]: 开始进行多边形确认 · 多边形确认失败 · rejected=0 · elapsed_ms=1.1
[WARN] [1786546152.758172]: 开始进行多边形确认 · 多边形确认失败 · rejected=0 · elapsed_ms=1.5
[WARN] [1786546152.888374]: 开始进行多边形确认 · 多边形确认失败 · rejected=0 · elapsed_ms=1.4
[WARN] [1786546153.010070]: 开始进行多边形确认 · 多边形确认失败 · rejected=0 · elapsed_ms=2.4
[WARN] [1786546153.131192]: 开始进行多边形确认 · 多边形确认失败 · rejected=0 · elapsed_ms=1.8
[WARN] [1786546153.256823]: 开始进行多边形确认 · 多边形确认失败 · rejected=0 · elapsed_ms=1.3
[WARN] [1786546153.379745]: 开始进行多边形确认 · 多边形确认失败 · rejected=0 · elapsed_ms=1.3
[WARN] [1786546153.504131]: 开始进行多边形确认 · 多边形确认失败 · rejected=0 · elapsed_ms=1.0
[WARN] [1786546153.754441]: 开始进行多边形确认 · 多边形确认失败 · rejected=0 · elapsed_ms=1.4
[WARN] [1786546154.036365]: 开始进行多边形确认 · 多边形确认失败 · rejected=0 · elapsed_ms=1.3
[WARN] [1786546154.165985]: 开始进行多边形确认 · 多边形确认失败 · rejected=0 · elapsed_ms=1.2
[WARN] [1786546154.284570]: 开始进行多边形确认 · 多边形确认失败 · rejected=0 · elapsed_ms=1.4
[WARN] [1786546154.413904]: 开始进行多边形确认 · 多边形确认失败 · rejected=0 · elapsed_ms=1.5
[WARN] [1786546154.547218]: 开始进行多边形确认 · 多边形确认失败 · rejected=0 · elapsed_ms=1.8
[WARN] [1786546154.676809]: 开始进行多边形确认 · 多边形确认失败 · rejected=0 · elapsed_ms=1.7
[WARN] [1786546154.782779]: 开始进行多边形确认 · 多边形确认失败 · rejected=0 · elapsed_ms=1.4
[WARN] [1786546154.940686]: 开始进行多边形确认 · 多边形确认失败 · rejected=0 · elapsed_ms=1.7
[WARN] [1786546155.035407]: 开始进行多边形确认 · 多边形确认失败 · rejected=0 · elapsed_ms=1.7
[WARN] [1786546155.159368]: 开始进行多边形确认 · 多边形确认失败 · rejected=0 · elapsed_ms=1.4
[WARN] [1786546155.288949]: 开始进行多边形确认 · 多边形确认失败 · rejected=0 · elapsed_ms=1.4
[WARN] [1786546155.416157]: 开始进行多边形确认 · 多边形确认失败 · rejected=0 · elapsed_ms=1.4
[WARN] [1786546155.542348]: 开始进行多边形确认 · 多边形确认失败 · rejected=0 · elapsed_ms=1.3
[WARN] [1786546155.685712]: 开始进行多边形确认 · 多边形确认失败 · rejected=0 · elapsed_ms=1.2
[WARN] [1786546155.822469]: 开始进行多边形确认 · 多边形确认失败 · rejected=0 · elapsed_ms=1.3
[WARN] [1786546155.931703]: 开始进行多边形确认 · 多边形确认失败 · rejected=0 · elapsed_ms=1.5
[WARN] [1786546156.046416]: 开始进行多边形确认 · 多边形确认失败 · rejected=0 · elapsed_ms=1.5
[WARN] [1786546156.161908]: 开始进行多边形确认 · 多边形确认失败 · rejected=0 · elapsed_ms=1.5
[WARN] [1786546156.286882]: 开始进行多边形确认 · 多边形确认失败 · rejected=0 · elapsed_ms=1.4
[WARN] [1786546156.411072]: 开始进行多边形确认 · 多边形确认失败 · rejected=0 · elapsed_ms=1.5
[WARN] [1786546156.536555]: 开始进行多边形确认 · 多边形确认失败 · rejected=0 · elapsed_ms=1.5
[WARN] [1786546156.673054]: 开始进行多边形确认 · 多边形确认失败 · rejected=0 · elapsed_ms=1.4
[WARN] [1786546156.799737]: 开始进行多边形确认 · 多边形确认失败 · rejected=0 · elapsed_ms=2.3
[WARN] [1786546156.914911]: 开始进行多边形确认 · 多边形确认失败 · rejected=0 · elapsed_ms=1.3
[WARN] [1786546157.092056]: 开始进行多边形确认 · 多边形确认失败 · rejected=0 · elapsed_ms=1.2
[WARN] [1786546157.182400]: 开始进行多边形确认 · 多边形确认失败 · rejected=0 · elapsed_ms=1.4
[WARN] [1786546157.305639]: 开始进行多边形确认 · 多边形确认失败 · rejected=0 · elapsed_ms=1.5
[WARN] [1786546157.434380]: 开始进行多边形确认 · 多边形确认失败 · rejected=0 · elapsed_ms=1.6
[WARN] [1786546157.556727]: 开始进行多边形确认 · 多边形确认失败 · rejected=0 · elapsed_ms=1.7
[WARN] [1786546157.669750]: 开始进行多边形确认 · 多边形确认失败 · rejected=0 · elapsed_ms=1.5
[WARN] [1786546157.801789]: 开始进行多边形确认 · 多边形确认失败 · rejected=0 · elapsed_ms=1.4
[WARN] [1786546157.912934]: 开始进行多边形确认 · 多边形确认失败 · rejected=0 · elapsed_ms=1.5
[WARN] [1786546158.035799]: 开始进行多边形确认 · 多边形确认失败 · rejected=0 · elapsed_ms=1.5
[WARN] [1786546158.180084]: 开始进行多边形确认 · 多边形确认失败 · rejected=0 · elapsed_ms=1.5
[WARN] [1786546158.298786]: 开始进行多边形确认 · 多边形确认失败 · rejected=0 · elapsed_ms=1.4
[WARN] [1786546158.425409]: 开始进行多边形确认 · 多边形确认失败 · rejected=0 · elapsed_ms=1.7
[WARN] [1786546158.552946]: 开始进行多边形确认 · 多边形确认失败 · rejected=0 · elapsed_ms=1.6
[WARN] [1786546158.679128]: 开始进行多边形确认 · 多边形确认失败 · rejected=0 · elapsed_ms=1.8
[WARN] [1786546158.801378]: 开始进行多边形确认 · 多边形确认失败 · rejected=0 · elapsed_ms=1.2
[WARN] [1786546158.933068]: 开始进行多边形确认 · 多边形确认失败 · rejected=0 · elapsed_ms=1.5
[WARN] [1786546159.063200]: 开始进行多边形确认 · 多边形确认失败 · rejected=0 · elapsed_ms=1.5
[WARN] [1786546159.189337]: 开始进行多边形确认 · 多边形确认失败 · rejected=0 · elapsed_ms=1.4
[WARN] [1786546159.324717]: CITRUS_CENTER reject instances=1 reason=polygon circle inlier ratio 0.11 is below 0.30
[WARN] [1786546159.326028]: 开始进行多边形确认 · 多边形确认失败 · rejected=1 · elapsed_ms=18.9
[WARN] [1786546159.435007]: 开始进行多边形确认 · 多边形确认失败 · rejected=0 · elapsed_ms=1.4
[WARN] [1786546159.554960]: 开始进行多边形确认 · 多边形确认失败 · rejected=0 · elapsed_ms=1.7
[WARN] [1786546159.680394]: 开始进行多边形确认 · 多边形确认失败 · rejected=0 · elapsed_ms=1.7
[INFO] [1786546151.366438]: 开始进行多边形确认 · detections=1
[INFO] [1786546151.509380]: 开始进行多边形确认 · detections=1
[INFO] [1786546151.620663]: 开始进行多边形确认 · detections=1
[INFO] [1786546151.750670]: 开始进行多边形确认 · detections=1
[INFO] [1786546151.865118]: 开始进行多边形确认 · detections=1
[INFO] [1786546152.003745]: 开始进行多边形确认 · detections=1
[INFO] [1786546152.117920]: 开始进行多边形确认 · detections=1
[INFO] [1786546152.241707]: 开始进行多边形确认 · detections=1
[INFO] [1786546152.384844]: 开始进行多边形确认 · detections=1
[INFO] [1786546152.500108]: 开始进行多边形确认 · detections=1
[INFO] [1786546152.626427]: 开始进行多边形确认 · detections=1
[INFO] [1786546152.756752]: 开始进行多边形确认 · detections=1
[INFO] [1786546152.887024]: 开始进行多边形确认 · detections=1
[INFO] [1786546153.007781]: 开始进行多边形确认 · detections=1
[INFO] [1786546153.129421]: 开始进行多边形确认 · detections=1
[INFO] [1786546153.255611]: 开始进行多边形确认 · detections=1
[INFO] [1786546153.378489]: 开始进行多边形确认 · detections=1
[INFO] [1786546153.503171]: 开始进行多边形确认 · detections=1
[INFO] [1786546153.753161]: 开始进行多边形确认 · detections=1
[INFO] [1786546154.035116]: 开始进行多边形确认 · detections=1
[INFO] [1786546154.164902]: 开始进行多边形确认 · detections=1
[INFO] [1786546154.283180]: 开始进行多边形确认 · detections=1
[INFO] [1786546154.412504]: 开始进行多边形确认 · detections=1
[INFO] [1786546154.545536]: 开始进行多边形确认 · detections=1
[INFO] [1786546154.675193]: 开始进行多边形确认 · detections=1
[INFO] [1786546154.781459]: 开始进行多边形确认 · detections=1
[INFO] [1786546154.939038]: 开始进行多边形确认 · detections=1
[INFO] [1786546155.033777]: 开始进行多边形确认 · detections=1
[INFO] [1786546155.158065]: 开始进行多边形确认 · detections=1
[INFO] [1786546155.287611]: 开始进行多边形确认 · detections=1
[INFO] [1786546155.414783]: 开始进行多边形确认 · detections=1
[INFO] [1786546155.541137]: 开始进行多边形确认 · detections=1
[INFO] [1786546155.684563]: 开始进行多边形确认 · detections=1
[INFO] [1786546155.821208]: 开始进行多边形确认 · detections=1
[INFO] [1786546155.930252]: 开始进行多边形确认 · detections=1
[INFO] [1786546156.044932]: 开始进行多边形确认 · detections=1
[INFO] [1786546156.160473]: 开始进行多边形确认 · detections=1
[INFO] [1786546156.285533]: 开始进行多边形确认 · detections=1
[INFO] [1786546156.409634]: 开始进行多边形确认 · detections=1
[INFO] [1786546156.535173]: 开始进行多边形确认 · detections=1
[INFO] [1786546156.671760]: 开始进行多边形确认 · detections=1
[INFO] [1786546156.797456]: 开始进行多边形确认 · detections=1
[INFO] [1786546156.913684]: 开始进行多边形确认 · detections=1
[INFO] [1786546157.090952]: 开始进行多边形确认 · detections=1
[INFO] [1786546157.181114]: 开始进行多边形确认 · detections=1
[INFO] [1786546157.304216]: 开始进行多边形确认 · detections=1
[INFO] [1786546157.432864]: 开始进行多边形确认 · detections=1
[INFO] [1786546157.555057]: 开始进行多边形确认 · detections=1
[INFO] [1786546157.668300]: 开始进行多边形确认 · detections=1
[INFO] [1786546157.800438]: 开始进行多边形确认 · detections=1
[INFO] [1786546157.911461]: 开始进行多边形确认 · detections=1
[INFO] [1786546158.034400]: 开始进行多边形确认 · detections=1
[INFO] [1786546158.178659]: 开始进行多边形确认 · detections=1
[INFO] [1786546158.297465]: 开始进行多边形确认 · detections=1
[INFO] [1786546158.423773]: 开始进行多边形确认 · detections=1
[INFO] [1786546158.551398]: 开始进行多边形确认 · detections=1
[INFO] [1786546158.677411]: 开始进行多边形确认 · detections=1
[INFO] [1786546158.800272]: 开始进行多边形确认 · detections=1
[INFO] [1786546158.931647]: 开始进行多边形确认 · detections=2
[INFO] [1786546158.934326]: RGB-D vision status: model_ready:onnxruntime targets:0 centers:0 tf:0 rejected:0 merged:0 semantic_masks:2
[INFO] [1786546159.061759]: 开始进行多边形确认 · detections=1
[INFO] [1786546159.188008]: 开始进行多边形确认 · detections=1
[INFO] [1786546159.307268]: 开始进行多边形确认 · detections=2
[INFO] [1786546159.433707]: 开始进行多边形确认 · detections=1
[INFO] [1786546159.553390]: 开始进行多边形确认 · detections=1
[INFO] [1786546159.678837]: 开始进行多边形确认 · detections=1
[INFO] [1786546159.807256]: 开始进行多边形确认 · detections=1
[INFO] [1786546159.927628]: 开始进行多边形确认 · detections=1
[INFO] [1786546160.051688]: 开始进行多边形确认 · detections=1
[INFO] [1786546160.208100]: 开始进行多边形确认 · detections=1
[INFO] [1786546160.295798]: 开始进行多边形确认 · detections=1
[INFO] [1786546160.419055]: 开始进行多边形确认 · detections=1
[INFO] [1786546160.558049]: 开始进行多边形确认 · detections=1
[INFO] [1786546160.684198]: 开始进行多边形确认 · detections=1
[INFO] [1786546160.794692]: 开始进行多边形确认 · detections=1
[INFO] [1786546160.932074]: 开始进行多边形确认 · detections=1
[INFO] [1786546161.316223]: 开始进行多边形确认 · detections=1
[INFO] [1786546161.428374]: 开始进行多边形确认 · detections=1
[INFO] [1786546161.555751]: 开始进行多边形确认 · detections=1
[INFO] [1786546161.805773]: 开始进行多边形确认 · detections=1
[INFO] [1786546161.930246]: 开始进行多边形确认 · detections=1
[INFO] [1786546162.055332]: 开始进行多边形确认 · detections=1
[INFO] [1786546162.183624]: 开始进行多边形确认 · detections=1
[INFO] [1786546162.332812]: 开始进行多边形确认 · detections=1
[INFO] [1786546162.437536]: 开始进行多边形确认 · detections=2
[INFO] [1786546162.556607]: 开始进行多边形确认 · detections=2
[INFO] [1786546162.706171]: 开始进行多边形确认 · detections=2
[INFO] [1786546162.810065]: 开始进行多边形确认 · detections=2
[INFO] [1786546162.935479]: 开始进行多边形确认 · detections=2
[INFO] [1786546163.059240]: 开始进行多边形确认 · detections=1
[INFO] [1786546163.190734]: 开始进行多边形确认 · detections=2
[INFO] [1786546163.201778]: CITRUS_CENTER ok pixel=(34,359) depth=0.414 m radius=23.3 mm arc=260 deg error=1.17 px fragments=1
[INFO] [1786546163.202897]: 开始进行多边形确认 · centers=1 · rejected=0 · merged=0 · elapsed_ms=12.2
[INFO] [1786546163.331711]: 开始进行多边形确认 · detections=2
[INFO] [1786546163.447783]: 开始进行多边形确认 · detections=2
[INFO] [1786546163.459420]: 开始进行多边形确认 · centers=1 · rejected=0 · merged=0 · elapsed_ms=11.7
[INFO] [1786546163.555116]: 开始进行多边形确认 · detections=2
[INFO] [1786546163.578086]: 开始进行多边形确认 · centers=1 · rejected=0 · merged=0 · elapsed_ms=23.0
[INFO] [1786546163.693870]: 开始进行多边形确认 · detections=2
[INFO] [1786546163.716490]: 开始进行多边形确认 · centers=1 · rejected=0 · merged=0 · elapsed_ms=22.6
[INFO] [1786546163.818825]: 开始进行多边形确认 · detections=2
[INFO] [1786546163.843307]: 开始进行多边形确认 · centers=1 · rejected=0 · merged=0 · elapsed_ms=24.5
[INFO] [1786546163.939863]: 开始进行多边形确认 · detections=2
[INFO] [1786546163.963609]: 开始进行多边形确认 · centers=1 · rejected=0 · merged=0 · elapsed_ms=23.8
[INFO] [1786546164.067522]: 开始进行多边形确认 · detections=2
[INFO] [1786546164.093378]: 开始进行多边形确认 · centers=1 · rejected=0 · merged=0 · elapsed_ms=25.9
[INFO] [1786546164.196787]: 开始进行多边形确认 · detections=2
[WARN] [1786546159.808847]: 开始进行多边形确认 · 多边形确认失败 · rejected=0 · elapsed_ms=1.7
[WARN] [1786546159.928874]: 开始进行多边形确认 · 多边形确认失败 · rejected=0 · elapsed_ms=1.3
[WARN] [1786546160.053219]: 开始进行多边形确认 · 多边形确认失败 · rejected=0 · elapsed_ms=1.6
[WARN] [1786546160.209566]: 开始进行多边形确认 · 多边形确认失败 · rejected=0 · elapsed_ms=1.6
[WARN] [1786546160.297145]: 开始进行多边形确认 · 多边形确认失败 · rejected=0 · elapsed_ms=1.4
[WARN] [1786546160.420449]: 开始进行多边形确认 · 多边形确认失败 · rejected=0 · elapsed_ms=1.5
[WARN] [1786546160.559375]: 开始进行多边形确认 · 多边形确认失败 · rejected=0 · elapsed_ms=1.4
[WARN] [1786546160.685666]: 开始进行多边形确认 · 多边形确认失败 · rejected=0 · elapsed_ms=1.5
[WARN] [1786546160.796005]: 开始进行多边形确认 · 多边形确认失败 · rejected=0 · elapsed_ms=1.4
[WARN] [1786546160.933342]: 开始进行多边形确认 · 多边形确认失败 · rejected=0 · elapsed_ms=1.3
[WARN] [1786546161.317441]: 开始进行多边形确认 · 多边形确认失败 · rejected=0 · elapsed_ms=1.3
[WARN] [1786546161.429599]: 开始进行多边形确认 · 多边形确认失败 · rejected=0 · elapsed_ms=1.3
[WARN] [1786546161.556964]: 开始进行多边形确认 · 多边形确认失败 · rejected=0 · elapsed_ms=1.3
[WARN] [1786546161.807432]: 开始进行多边形确认 · 多边形确认失败 · rejected=0 · elapsed_ms=1.7
[WARN] [1786546161.931379]: 开始进行多边形确认 · 多边形确认失败 · rejected=0 · elapsed_ms=1.2
[WARN] [1786546162.056557]: 开始进行多边形确认 · 多边形确认失败 · rejected=0 · elapsed_ms=1.3
[WARN] [1786546162.184800]: 开始进行多边形确认 · 多边形确认失败 · rejected=0 · elapsed_ms=1.2
[WARN] [1786546162.334140]: 开始进行多边形确认 · 多边形确认失败 · rejected=0 · elapsed_ms=1.4
[WARN] [1786546162.448259]: CITRUS_CENTER reject instances=0 reason=polygon circle inlier ratio 0.25 is below 0.30
[WARN] [1786546162.449370]: 开始进行多边形确认 · 多边形确认失败 · rejected=1 · elapsed_ms=11.9
[WARN] [1786546162.566064]: 开始进行多边形确认 · 多边形确认失败 · rejected=1 · elapsed_ms=9.5
[WARN] [1786546162.720914]: 开始进行多边形确认 · 多边形确认失败 · rejected=1 · elapsed_ms=14.8
[WARN] [1786546162.825287]: 开始进行多边形确认 · 多边形确认失败 · rejected=1 · elapsed_ms=15.3
[WARN] [1786546162.947240]: 开始进行多边形确认 · 多边形确认失败 · rejected=1 · elapsed_ms=11.8
[WARN] [1786546163.060545]: 开始进行多边形确认 · 多边形确认失败 · rejected=0 · elapsed_ms=1.4
[WARN] [1786546163.348252]: 开始进行多边形确认 · 多边形确认失败 · rejected=1 · elapsed_ms=16.6
[WARN] [1786546164.500628]: CITRUS_CENTER reject instances=0 reason=polygon circle inlier ratio 0.28 is below 0.30
[WARN] [1786546164.501611]: 开始进行多边形确认 · 多边形确认失败 · rejected=1 · elapsed_ms=11.4
[WARN] [1786546164.706419]: 开始进行多边形确认 · 多边形确认失败 · rejected=1 · elapsed_ms=9.8
[WARN] [1786546164.820252]: 开始进行多边形确认 · 多边形确认失败 · rejected=1 · elapsed_ms=11.6
[WARN] [1786546164.941083]: 开始进行多边形确认 · 多边形确认失败 · rejected=0 · elapsed_ms=3.5
[WARN] [1786546165.081302]: 开始进行多边形确认 · 多边形确认失败 · rejected=1 · elapsed_ms=16.2
[WARN] [1786546165.219221]: 开始进行多边形确认 · 多边形确认失败 · rejected=1 · elapsed_ms=10.0
[WARN] [1786546165.315437]: 开始进行多边形确认 · 多边形确认失败 · rejected=0 · elapsed_ms=1.2
[WARN] [1786546165.486873]: 开始进行多边形确认 · 多边形确认失败 · rejected=1 · elapsed_ms=14.3
[WARN] [1786546165.707296]: 开始进行多边形确认 · 多边形确认失败 · rejected=1 · elapsed_ms=13.3
[WARN] [1786546165.827053]: 开始进行多边形确认 · 多边形确认失败 · rejected=1 · elapsed_ms=9.6
[WARN] [1786546165.955746]: 开始进行多边形确认 · 多边形确认失败 · rejected=1 · elapsed_ms=9.6
[WARN] [1786546166.078827]: 开始进行多边形确认 · 多边形确认失败 · rejected=1 · elapsed_ms=11.2
[WARN] [1786546166.203331]: 开始进行多边形确认 · 多边形确认失败 · rejected=1 · elapsed_ms=11.4
[WARN] [1786546166.321590]: 开始进行多边形确认 · 多边形确认失败 · rejected=1 · elapsed_ms=7.8
[WARN] [1786546166.494474]: 开始进行多边形确认 · 多边形确认失败 · rejected=1 · elapsed_ms=10.3
[WARN] [1786546166.570692]: 开始进行多边形确认 · 多边形确认失败 · rejected=0 · elapsed_ms=1.4
[WARN] [1786546166.709924]: CITRUS_CENTER reject instances=1 reason=polygon circle inlier ratio 0.19 is below 0.30
[WARN] [1786546166.711341]: 开始进行多边形确认 · 多边形确认失败 · rejected=1 · elapsed_ms=16.0
[WARN] [1786546166.826803]: 开始进行多边形确认 · 多边形确认失败 · rejected=1 · elapsed_ms=10.5
[WARN] [1786546166.955838]: 开始进行多边形确认 · 多边形确认失败 · rejected=1 · elapsed_ms=13.4
[WARN] [1786546167.110213]: 开始进行多边形确认 · 多边形确认失败 · rejected=1 · elapsed_ms=19.8
[WARN] [1786546167.221812]: 开始进行多边形确认 · 多边形确认失败 · rejected=0 · elapsed_ms=2.0
[WARN] [1786546167.333165]: 开始进行多边形确认 · 多边形确认失败 · rejected=0 · elapsed_ms=1.5
[WARN] [1786546167.486115]: 开始进行多边形确认 · 多边形确认失败 · rejected=1 · elapsed_ms=23.2
[WARN] [1786546167.594216]: 开始进行多边形确认 · 多边形确认失败 · rejected=0 · elapsed_ms=1.4
[WARN] [1786546167.709157]: 开始进行多边形确认 · 多边形确认失败 · rejected=0 · elapsed_ms=1.5
[WARN] [1786546167.848857]: 开始进行多边形确认 · 多边形确认失败 · rejected=1 · elapsed_ms=16.1
[WARN] [1786546167.978148]: 开始进行多边形确认 · 多边形确认失败 · rejected=1 · elapsed_ms=17.4
[WARN] [1786546168.108272]: 开始进行多边形确认 · 多边形确认失败 · rejected=1 · elapsed_ms=17.8
[WARN] [1786546168.354144]: 开始进行多边形确认 · 多边形确认失败 · rejected=1 · elapsed_ms=20.2
[WARN] [1786546168.475310]: 开始进行多边形确认 · 多边形确认失败 · rejected=1 · elapsed_ms=17.9
[WARN] [1786546168.674820]: 开始进行多边形确认 · 多边形确认失败 · rejected=2 · elapsed_ms=48.8
[WARN] [1786546168.763912]: 开始进行多边形确认 · 多边形确认失败 · rejected=0 · elapsed_ms=1.4
[WARN] [1786546169.391350]: 开始进行多边形确认 · 多边形确认失败 · rejected=0 · elapsed_ms=2.3
[WARN] [1786546169.516755]: 开始进行多边形确认 · 多边形确认失败 · rejected=0 · elapsed_ms=1.6
[WARN] [1786546169.675503]: 开始进行多边形确认 · 多边形确认失败 · rejected=0 · elapsed_ms=1.5
[WARN] [1786546169.750857]: 开始进行多边形确认 · 多边形确认失败 · rejected=0 · elapsed_ms=1.7
[WARN] [1786546169.872752]: 开始进行多边形确认 · 多边形确认失败 · rejected=0 · elapsed_ms=1.5
[WARN] [1786546169.997936]: 开始进行多边形确认 · 多边形确认失败 · rejected=0 · elapsed_ms=1.4
[WARN] [1786546170.124818]: 开始进行多边形确认 · 多边形确认失败 · rejected=0 · elapsed_ms=1.2
[WARN] [1786546170.256386]: 开始进行多边形确认 · 多边形确认失败 · rejected=0 · elapsed_ms=1.4
[WARN] [1786546170.401612]: 开始进行多边形确认 · 多边形确认失败 · rejected=0 · elapsed_ms=1.7
[WARN] [1786546170.522236]: 开始进行多边形确认 · 多边形确认失败 · rejected=0 · elapsed_ms=1.5
[WARN] [1786546170.651442]: 开始进行多边形确认 · 多边形确认失败 · rejected=0 · elapsed_ms=1.5
[WARN] [1786546170.769190]: 开始进行多边形确认 · 多边形确认失败 · rejected=0 · elapsed_ms=1.6
[INFO] [1786546164.223167]: 开始进行多边形确认 · centers=1 · rejected=0 · merged=0 · elapsed_ms=26.4
[INFO] [1786546164.333742]: 开始进行多边形确认 · detections=2
[INFO] [1786546164.371566]: 开始进行多边形确认 · centers=1 · rejected=0 · merged=0 · elapsed_ms=37.9
[INFO] [1786546164.490317]: 开始进行多边形确认 · detections=2
[INFO] [1786546164.502467]: RGB-D vision status: model_ready:onnxruntime targets:1 centers:0 tf:0 rejected:1 merged:0 semantic_masks:2
[INFO] [1786546164.564268]: 开始进行多边形确认 · detections=2
[INFO] [1786546164.576402]: 开始进行多边形确认 · centers=1 · rejected=0 · merged=0 · elapsed_ms=12.2
[INFO] [1786546164.696655]: 开始进行多边形确认 · detections=2
[INFO] [1786546164.808718]: 开始进行多边形确认 · detections=2
[INFO] [1786546164.937627]: 开始进行多边形确认 · detections=1
[INFO] [1786546165.065120]: 开始进行多边形确认 · detections=2
[INFO] [1786546165.209305]: 开始进行多边形确认 · detections=2
[INFO] [1786546165.314270]: 开始进行多边形确认 · detections=2
[INFO] [1786546165.472555]: 开始进行多边形确认 · detections=2
[INFO] [1786546165.570130]: 开始进行多边形确认 · detections=3
[INFO] [1786546165.589126]: CITRUS_CENTER ok pixel=(31,237) depth=0.453 m radius=23.3 mm arc=210 deg error=1.11 px fragments=1
[INFO] [1786546165.590181]: 开始进行多边形确认 · centers=1 · rejected=1 · merged=0 · elapsed_ms=20.2
[INFO] [1786546165.694026]: 开始进行多边形确认 · detections=2
[INFO] [1786546165.817500]: 开始进行多边形确认 · detections=3
[INFO] [1786546165.946200]: 开始进行多边形确认 · detections=2
[INFO] [1786546166.067647]: 开始进行多边形确认 · detections=2
[INFO] [1786546166.191989]: 开始进行多边形确认 · detections=2
[INFO] [1786546166.313796]: 开始进行多边形确认 · detections=2
[INFO] [1786546166.484162]: 开始进行多边形确认 · detections=2
[INFO] [1786546166.569389]: 开始进行多边形确认 · detections=1
[INFO] [1786546166.695443]: 开始进行多边形确认 · detections=2
[INFO] [1786546166.816364]: 开始进行多边形确认 · detections=2
[INFO] [1786546166.942412]: 开始进行多边形确认 · detections=2
[INFO] [1786546167.090432]: 开始进行多边形确认 · detections=2
[INFO] [1786546167.219901]: 开始进行多边形确认 · detections=1
[INFO] [1786546167.331746]: 开始进行多边形确认 · detections=1
[INFO] [1786546167.462982]: 开始进行多边形确认 · detections=1
[INFO] [1786546167.592877]: 开始进行多边形确认 · detections=1
[INFO] [1786546167.707757]: 开始进行多边形确认 · detections=1
[INFO] [1786546167.832834]: 开始进行多边形确认 · detections=2
[INFO] [1786546167.960735]: 开始进行多边形确认 · detections=2
[INFO] [1786546168.090491]: 开始进行多边形确认 · detections=1
[INFO] [1786546168.200841]: 开始进行多边形确认 · detections=1
[INFO] [1786546168.219130]: CITRUS_CENTER ok pixel=(36,217) depth=0.435 m radius=36.4 mm arc=271 deg error=0.76 px fragments=1
[INFO] [1786546168.220525]: 开始进行多边形确认 · centers=1 · rejected=0 · merged=0 · elapsed_ms=19.7
[INFO] [1786546168.333971]: 开始进行多边形确认 · detections=2
[INFO] [1786546168.457456]: 开始进行多边形确认 · detections=2
[INFO] [1786546168.626068]: 开始进行多边形确认 · detections=3
[INFO] [1786546168.762661]: 开始进行多边形确认 · detections=1
[INFO] [1786546168.998632]: 开始进行多边形确认 · detections=2
[INFO] [1786546169.011651]: 开始进行多边形确认 · centers=1 · rejected=0 · merged=0 · elapsed_ms=13.1
[INFO] [1786546169.262908]: 开始进行多边形确认 · detections=2
[INFO] [1786546169.283522]: 开始进行多边形确认 · centers=1 · rejected=0 · merged=0 · elapsed_ms=20.6
[INFO] [1786546169.389119]: 开始进行多边形确认 · detections=1
[INFO] [1786546169.515243]: 开始进行多边形确认 · detections=1
[INFO] [1786546169.674097]: 开始进行多边形确认 · detections=1
[INFO] [1786546169.749212]: 开始进行多边形确认 · detections=1
[INFO] [1786546169.871302]: 开始进行多边形确认 · detections=1
[INFO] [1786546169.996549]: 开始进行多边形确认 · detections=1
[INFO] [1786546170.123705]: 开始进行多边形确认 · detections=1
[INFO] [1786546170.255084]: 开始进行多边形确认 · detections=1
[INFO] [1786546170.399971]: 开始进行多边形确认 · detections=1
[INFO] [1786546170.520877]: 开始进行多边形确认 · detections=1
[INFO] [1786546170.650021]: 开始进行多边形确认 · detections=1
[INFO] [1786546170.767706]: 开始进行多边形确认 · detections=1
[INFO] [1786546170.875588]: 开始进行多边形确认 · detections=2
[INFO] [1786546170.878631]: RGB-D vision status: model_ready:onnxruntime targets:0 centers:0 tf:0 rejected:0 merged:0 semantic_masks:2
[INFO] [1786546170.994673]: 开始进行多边形确认 · detections=1
[INFO] [1786546171.134431]: 开始进行多边形确认 · detections=1
[INFO] [1786546171.260092]: 开始进行多边形确认 · detections=1
[INFO] [1786546171.388016]: 开始进行多边形确认 · detections=1
[INFO] [1786546171.508414]: 开始进行多边形确认 · detections=1
[INFO] [1786546171.631066]: 开始进行多边形确认 · detections=1
[INFO] [1786546171.786815]: 开始进行多边形确认 · detections=1
[INFO] [1786546171.869809]: 开始进行多边形确认 · detections=1
[INFO] [1786546172.143453]: 开始进行多边形确认 · detections=1
[INFO] [1786546172.267946]: 开始进行多边形确认 · detections=1
[INFO] [1786546172.395397]: 开始进行多边形确认 · detections=1
[INFO] [1786546172.507548]: 开始进行多边形确认 · detections=1
[INFO] [1786546173.001229]: 开始进行多边形确认 · detections=1
[INFO] [1786546173.262568]: 开始进行多边形确认 · detections=1
[INFO] [1786546173.384950]: 开始进行多边形确认 · detections=1
[INFO] [1786546173.508165]: 开始进行多边形确认 · detections=1
[INFO] [1786546173.896142]: 开始进行多边形确认 · detections=1
[INFO] [1786546174.119041]: 开始进行多边形确认 · detections=1
[INFO] [1786546174.243396]: 开始进行多边形确认 · detections=1
[INFO] [1786546174.367064]: 开始进行多边形确认 · detections=1
[INFO] [1786546174.495896]: 开始进行多边形确认 · detections=1
[INFO] [1786546174.745414]: 开始进行多边形确认 · detections=1
[INFO] [1786546174.907733]: 开始进行多边形确认 · detections=1
[INFO] [1786546175.015634]: 开始进行多边形确认 · detections=1
[INFO] [1786546175.123163]: 开始进行多边形确认 · detections=1
[INFO] [1786546175.246086]: 开始进行多边形确认 · detections=1
[INFO] [1786546175.373908]: 开始进行多边形确认 · detections=1
[INFO] [1786546175.499398]: 开始进行多边形确认 · detections=1
[INFO] [1786546175.621870]: 开始进行多边形确认 · detections=1
[INFO] [1786546175.767630]: 开始进行多边形确认 · detections=1
[INFO] [1786546175.891871]: RGB-D vision status: model_ready:onnxruntime targets:0 centers:0 tf:0 rejected:0 merged:0 semantic_masks:0
[INFO] [1786546176.034883]: 开始进行多边形确认 · detections=1
[INFO] [1786546176.258154]: 开始进行多边形确认 · detections=1
[INFO] [1786546176.399050]: 开始进行多边形确认 · detections=1
[INFO] [1786546176.646232]: 开始进行多边形确认 · detections=1
[INFO] [1786546176.768634]: 开始进行多边形确认 · detections=1
[INFO] [1786546177.035997]: 开始进行多边形确认 · detections=1
[INFO] [1786546177.157743]: 开始进行多边形确认 · detections=2
[INFO] [1786546177.265003]: 开始进行多边形确认 · detections=1
[INFO] [1786546177.381284]: 开始进行多边形确认 · detections=1
[INFO] [1786546177.654816]: 开始进行多边形确认 · detections=1
[INFO] [1786546177.776649]: 开始进行多边形确认 · detections=2
[INFO] [1786546178.016416]: 开始进行多边形确认 · detections=1
[WARN] [1786546170.876849]: 开始进行多边形确认 · 多边形确认失败 · rejected=0 · elapsed_ms=1.3
[WARN] [1786546170.995774]: 开始进行多边形确认 · 多边形确认失败 · rejected=0 · elapsed_ms=1.2
[WARN] [1786546171.135966]: 开始进行多边形确认 · 多边形确认失败 · rejected=0 · elapsed_ms=1.7
[WARN] [1786546171.261527]: 开始进行多边形确认 · 多边形确认失败 · rejected=0 · elapsed_ms=1.5
[WARN] [1786546171.389344]: 开始进行多边形确认 · 多边形确认失败 · rejected=0 · elapsed_ms=1.4
[WARN] [1786546171.509781]: 开始进行多边形确认 · 多边形确认失败 · rejected=0 · elapsed_ms=1.5
[WARN] [1786546171.633605]: 开始进行多边形确认 · 多边形确认失败 · rejected=0 · elapsed_ms=2.6
[WARN] [1786546171.788375]: 开始进行多边形确认 · 多边形确认失败 · rejected=0 · elapsed_ms=1.6
[WARN] [1786546171.870981]: 开始进行多边形确认 · 多边形确认失败 · rejected=0 · elapsed_ms=1.2
[WARN] [1786546172.144924]: 开始进行多边形确认 · 多边形确认失败 · rejected=0 · elapsed_ms=1.6
[WARN] [1786546172.269248]: 开始进行多边形确认 · 多边形确认失败 · rejected=0 · elapsed_ms=1.4
[WARN] [1786546172.396736]: 开始进行多边形确认 · 多边形确认失败 · rejected=0 · elapsed_ms=1.4
[WARN] [1786546172.508886]: 开始进行多边形确认 · 多边形确认失败 · rejected=0 · elapsed_ms=1.4
[WARN] [1786546173.002509]: 开始进行多边形确认 · 多边形确认失败 · rejected=0 · elapsed_ms=1.3
[WARN] [1786546173.263735]: 开始进行多边形确认 · 多边形确认失败 · rejected=0 · elapsed_ms=1.2
[WARN] [1786546173.386313]: 开始进行多边形确认 · 多边形确认失败 · rejected=0 · elapsed_ms=1.4
[WARN] [1786546173.509463]: 开始进行多边形确认 · 多边形确认失败 · rejected=0 · elapsed_ms=1.4
[WARN] [1786546173.897227]: 开始进行多边形确认 · 多边形确认失败 · rejected=0 · elapsed_ms=1.2
[WARN] [1786546174.120624]: 开始进行多边形确认 · 多边形确认失败 · rejected=0 · elapsed_ms=1.6
[WARN] [1786546174.244599]: 开始进行多边形确认 · 多边形确认失败 · rejected=0 · elapsed_ms=1.3
[WARN] [1786546174.368427]: 开始进行多边形确认 · 多边形确认失败 · rejected=0 · elapsed_ms=1.4
[WARN] [1786546174.498142]: 开始进行多边形确认 · 多边形确认失败 · rejected=0 · elapsed_ms=2.3
[WARN] [1786546174.747488]: 开始进行多边形确认 · 多边形确认失败 · rejected=0 · elapsed_ms=2.0
[WARN] [1786546174.909133]: 开始进行多边形确认 · 多边形确认失败 · rejected=0 · elapsed_ms=1.5
[WARN] [1786546175.017414]: 开始进行多边形确认 · 多边形确认失败 · rejected=0 · elapsed_ms=1.9
[WARN] [1786546175.124508]: 开始进行多边形确认 · 多边形确认失败 · rejected=0 · elapsed_ms=1.4
[WARN] [1786546175.247238]: 开始进行多边形确认 · 多边形确认失败 · rejected=0 · elapsed_ms=1.2
[WARN] [1786546175.375433]: 开始进行多边形确认 · 多边形确认失败 · rejected=0 · elapsed_ms=1.6
[WARN] [1786546175.500842]: 开始进行多边形确认 · 多边形确认失败 · rejected=0 · elapsed_ms=1.5
[WARN] [1786546175.623336]: 开始进行多边形确认 · 多边形确认失败 · rejected=0 · elapsed_ms=1.6
[WARN] [1786546175.768938]: 开始进行多边形确认 · 多边形确认失败 · rejected=0 · elapsed_ms=1.4
[WARN] [1786546176.036152]: 开始进行多边形确认 · 多边形确认失败 · rejected=0 · elapsed_ms=1.3
[WARN] [1786546176.259408]: 开始进行多边形确认 · 多边形确认失败 · rejected=0 · elapsed_ms=1.3
[WARN] [1786546176.400363]: 开始进行多边形确认 · 多边形确认失败 · rejected=0 · elapsed_ms=1.4
[WARN] [1786546176.647654]: 开始进行多边形确认 · 多边形确认失败 · rejected=0 · elapsed_ms=1.5
[WARN] [1786546176.770022]: 开始进行多边形确认 · 多边形确认失败 · rejected=0 · elapsed_ms=1.5
[WARN] [1786546177.042978]: 开始进行多边形确认 · 多边形确认失败 · rejected=0 · elapsed_ms=7.0
[WARN] [1786546177.159432]: 开始进行多边形确认 · 多边形确认失败 · rejected=0 · elapsed_ms=1.8
[WARN] [1786546177.266174]: 开始进行多边形确认 · 多边形确认失败 · rejected=0 · elapsed_ms=1.2
[WARN] [1786546177.382552]: 开始进行多边形确认 · 多边形确认失败 · rejected=0 · elapsed_ms=1.3
[WARN] [1786546177.656124]: 开始进行多边形确认 · 多边形确认失败 · rejected=0 · elapsed_ms=1.4
[WARN] [1786546177.777922]: 开始进行多边形确认 · 多边形确认失败 · rejected=0 · elapsed_ms=1.3
[WARN] [1786546178.017956]: 开始进行多边形确认 · 多边形确认失败 · rejected=0 · elapsed_ms=1.6
[WARN] [1786546178.159360]: 开始进行多边形确认 · 多边形确认失败 · rejected=0 · elapsed_ms=1.6
[WARN] [1786546178.273690]: 开始进行多边形确认 · 多边形确认失败 · rejected=0 · elapsed_ms=1.5
[WARN] [1786546178.400406]: 开始进行多边形确认 · 多边形确认失败 · rejected=0 · elapsed_ms=1.4
[WARN] [1786546178.519060]: 开始进行多边形确认 · 多边形确认失败 · rejected=0 · elapsed_ms=1.6
[WARN] [1786546178.643279]: 开始进行多边形确认 · 多边形确认失败 · rejected=0 · elapsed_ms=1.6
[WARN] [1786546178.776480]: 开始进行多边形确认 · 多边形确认失败 · rejected=0 · elapsed_ms=1.6
[WARN] [1786546178.898225]: 开始进行多边形确认 · 多边形确认失败 · rejected=0 · elapsed_ms=1.8
[WARN] [1786546179.007394]: 开始进行多边形确认 · 多边形确认失败 · rejected=0 · elapsed_ms=1.5
[WARN] [1786546179.154543]: 开始进行多边形确认 · 多边形确认失败 · rejected=0 · elapsed_ms=1.6
[WARN] [1786546179.293690]: 开始进行多边形确认 · 多边形确认失败 · rejected=0 · elapsed_ms=1.4
[WARN] [1786546179.409924]: 开始进行多边形确认 · 多边形确认失败 · rejected=0 · elapsed_ms=1.4
[WARN] [1786546179.534621]: 开始进行多边形确认 · 多边形确认失败 · rejected=0 · elapsed_ms=2.3
[WARN] [1786546179.659090]: 开始进行多边形确认 · 多边形确认失败 · rejected=0 · elapsed_ms=1.7
[WARN] [1786546179.787015]: 开始进行多边形确认 · 多边形确认失败 · rejected=0 · elapsed_ms=1.4
[WARN] [1786546179.912382]: 开始进行多边形确认 · 多边形确认失败 · rejected=0 · elapsed_ms=1.4
[WARN] [1786546180.030560]: 开始进行多边形确认 · 多边形确认失败 · rejected=0 · elapsed_ms=1.5
[WARN] [1786546180.140638]: 开始进行多边形确认 · 多边形确认失败 · rejected=0 · elapsed_ms=1.6
[WARN] [1786546180.302370]: 开始进行多边形确认 · 多边形确认失败 · rejected=0 · elapsed_ms=1.3
[WARN] [1786546180.394482]: 开始进行多边形确认 · 多边形确认失败 · rejected=0 · elapsed_ms=1.2
[WARN] [1786546180.531155]: 开始进行多边形确认 · 多边形确认失败 · rejected=0 · elapsed_ms=1.4
[WARN] [1786546180.662297]: 开始进行多边形确认 · 多边形确认失败 · rejected=0 · elapsed_ms=1.5
[WARN] [1786546180.788279]: 开始进行多边形确认 · 多边形确认失败 · rejected=0 · elapsed_ms=1.5
[WARN] [1786546180.916177]: 开始进行多边形确认 · 多边形确认失败 · rejected=0 · elapsed_ms=1.3
[WARN] [1786546181.036099]: 开始进行多边形确认 · 多边形确认失败 · rejected=0 · elapsed_ms=1.5
[WARN] [1786546181.164930]: 开始进行多边形确认 · 多边形确认失败 · rejected=0 · elapsed_ms=1.7
[WARN] [1786546181.299835]: 开始进行多边形确认 · 多边形确认失败 · rejected=0 · elapsed_ms=1.5
[WARN] [1786546181.401250]: 开始进行多边形确认 · 多边形确认失败 · rejected=0 · elapsed_ms=1.5
[WARN] [1786546181.533687]: 开始进行多边形确认 · 多边形确认失败 · rejected=0 · elapsed_ms=1.7
[WARN] [1786546181.661218]: 开始进行多边形确认 · 多边形确认失败 · rejected=0 · elapsed_ms=2.0
[WARN] [1786546181.782756]: 开始进行多边形确认 · 多边形确认失败 · rejected=0 · elapsed_ms=1.3
[WARN] [1786546181.913734]: 开始进行多边形确认 · 多边形确认失败 · rejected=0 · elapsed_ms=1.4
[WARN] [1786546182.038110]: 开始进行多边形确认 · 多边形确认失败 · rejected=0 · elapsed_ms=1.7
[WARN] [1786546182.165261]: 开始进行多边形确认 · 多边形确认失败 · rejected=0 · elapsed_ms=1.6
[WARN] [1786546182.292676]: 开始进行多边形确认 · 多边形确认失败 · rejected=0 · elapsed_ms=1.6
[WARN] [1786546182.418273]: 开始进行多边形确认 · 多边形确认失败 · rejected=0 · elapsed_ms=1.6
[WARN] [1786546182.518757]: 开始进行多边形确认 · 多边形确认失败 · rejected=0 · elapsed_ms=1.5
[WARN] [1786546182.641376]: 开始进行多边形确认 · 多边形确认失败 · rejected=0 · elapsed_ms=1.7
[WARN] [1786546182.775233]: 开始进行多边形确认 · 多边形确认失败 · rejected=0 · elapsed_ms=1.2
[WARN] [1786546182.919296]: 开始进行多边形确认 · 多边形确认失败 · rejected=0 · elapsed_ms=1.6
[WARN] [1786546183.028208]: 开始进行多边形确认 · 多边形确认失败 · rejected=0 · elapsed_ms=1.4
[WARN] [1786546183.149731]: 开始进行多边形确认 · 多边形确认失败 · rejected=0 · elapsed_ms=1.2
[WARN] [1786546183.274628]: 开始进行多边形确认 · 多边形确认失败 · rejected=0 · elapsed_ms=1.1
[WARN] [1786546183.424210]: 开始进行多边形确认 · 多边形确认失败 · rejected=0 · elapsed_ms=2.7
[WARN] [1786546183.529882]: 开始进行多边形确认 · 多边形确认失败 · rejected=0 · elapsed_ms=1.3
[WARN] [1786546183.648990]: 开始进行多边形确认 · 多边形确认失败 · rejected=0 · elapsed_ms=1.3
[WARN] [1786546183.771143]: 开始进行多边形确认 · 多边形确认失败 · rejected=0 · elapsed_ms=1.3
[WARN] [1786546183.900824]: 开始进行多边形确认 · 多边形确认失败 · rejected=0 · elapsed_ms=1.2
[WARN] [1786546184.155314]: 开始进行多边形确认 · 多边形确认失败 · rejected=0 · elapsed_ms=1.4
[WARN] [1786546184.281923]: 开始进行多边形确认 · 多边形确认失败 · rejected=0 · elapsed_ms=1.7
[WARN] [1786546184.583792]: 开始进行多边形确认 · 多边形确认失败 · rejected=0 · elapsed_ms=2.3
[WARN] [1786546184.803271]: 开始进行多边形确认 · 多边形确认失败 · rejected=0 · elapsed_ms=1.3
[WARN] [1786546185.178658]: 开始进行多边形确认 · 多边形确认失败 · rejected=0 · elapsed_ms=1.4
[WARN] [1786546185.304578]: 开始进行多边形确认 · 多边形确认失败 · rejected=0 · elapsed_ms=1.4
[WARN] [1786546185.411552]: 开始进行多边形确认 · 多边形确认失败 · rejected=0 · elapsed_ms=1.2
[WARN] [1786546185.536368]: 开始进行多边形确认 · 多边形确认失败 · rejected=0 · elapsed_ms=1.4
[WARN] [1786546185.676739]: 开始进行多边形确认 · 多边形确认失败 · rejected=0 · elapsed_ms=1.6
[WARN] [1786546185.797589]: 开始进行多边形确认 · 多边形确认失败 · rejected=0 · elapsed_ms=1.3
[WARN] [1786546185.907980]: 开始进行多边形确认 · 多边形确认失败 · rejected=0 · elapsed_ms=1.5
[WARN] [1786546186.032299]: 开始进行多边形确认 · 多边形确认失败 · rejected=0 · elapsed_ms=1.5
[WARN] [1786546186.297282]: 开始进行多边形确认 · 多边形确认失败 · rejected=0 · elapsed_ms=1.2
[WARN] [1786546186.415912]: 开始进行多边形确认 · 多边形确认失败 · rejected=0 · elapsed_ms=1.4
[WARN] [1786546186.676789]: 开始进行多边形确认 · 多边形确认失败 · rejected=0 · elapsed_ms=1.5
[WARN] [1786546186.803898]: 开始进行多边形确认 · 多边形确认失败 · rejected=0 · elapsed_ms=1.6
[WARN] [1786546186.930019]: 开始进行多边形确认 · 多边形确认失败 · rejected=0 · elapsed_ms=1.7
[WARN] [1786546187.055932]: 开始进行多边形确认 · 多边形确认失败 · rejected=0 · elapsed_ms=1.7
[WARN] [1786546187.184668]: 开始进行多边形确认 · 多边形确认失败 · rejected=0 · elapsed_ms=1.4
[WARN] [1786546187.306839]: 开始进行多边形确认 · 多边形确认失败 · rejected=0 · elapsed_ms=1.7
[WARN] [1786546187.433679]: 开始进行多边形确认 · 多边形确认失败 · rejected=0 · elapsed_ms=1.5
[WARN] [1786546187.554134]: 开始进行多边形确认 · 多边形确认失败 · rejected=0 · elapsed_ms=1.3
[WARN] [1786546187.663146]: 开始进行多边形确认 · 多边形确认失败 · rejected=0 · elapsed_ms=1.4
[WARN] [1786546187.797562]: 开始进行多边形确认 · 多边形确认失败 · rejected=0 · elapsed_ms=1.8
[WARN] [1786546187.931507]: 开始进行多边形确认 · 多边形确认失败 · rejected=0 · elapsed_ms=1.4
[WARN] [1786546188.056302]: 开始进行多边形确认 · 多边形确认失败 · rejected=0 · elapsed_ms=1.4
[WARN] [1786546188.187716]: 开始进行多边形确认 · 多边形确认失败 · rejected=0 · elapsed_ms=1.6
[WARN] [1786546188.308601]: 开始进行多边形确认 · 多边形确认失败 · rejected=0 · elapsed_ms=1.2
[WARN] [1786546188.427579]: 开始进行多边形确认 · 多边形确认失败 · rejected=0 · elapsed_ms=1.4
[WARN] [1786546188.559632]: 开始进行多边形确认 · 多边形确认失败 · rejected=0 · elapsed_ms=1.5
[WARN] [1786546188.690490]: 开始进行多边形确认 · 多边形确认失败 · rejected=0 · elapsed_ms=1.5
[WARN] [1786546188.830568]: 开始进行多边形确认 · 多边形确认失败 · rejected=0 · elapsed_ms=1.4
[WARN] [1786546189.045493]: 开始进行多边形确认 · 多边形确认失败 · rejected=0 · elapsed_ms=1.4
[WARN] [1786546189.174426]: 开始进行多边形确认 · 多边形确认失败 · rejected=0 · elapsed_ms=1.4
[WARN] [1786546189.300603]: 开始进行多边形确认 · 多边形确认失败 · rejected=0 · elapsed_ms=1.3
[WARN] [1786546189.420515]: 开始进行多边形确认 · 多边形确认失败 · rejected=0 · elapsed_ms=1.6
[WARN] [1786546189.567306]: 开始进行多边形确认 · 多边形确认失败 · rejected=0 · elapsed_ms=1.2
[WARN] [1786546189.692701]: 开始进行多边形确认 · 多边形确认失败 · rejected=0 · elapsed_ms=2.4
[WARN] [1786546189.811349]: 开始进行多边形确认 · 多边形确认失败 · rejected=0 · elapsed_ms=1.7
[WARN] [1786546189.924839]: 开始进行多边形确认 · 多边形确认失败 · rejected=0 · elapsed_ms=1.2
[WARN] [1786546190.201239]: 开始进行多边形确认 · 多边形确认失败 · rejected=0 · elapsed_ms=2.3
[WARN] [1786546190.331527]: 开始进行多边形确认 · 多边形确认失败 · rejected=0 · elapsed_ms=1.8
[WARN] [1786546190.457317]: 开始进行多边形确认 · 多边形确认失败 · rejected=0 · elapsed_ms=1.2
[WARN] [1786546190.588761]: 开始进行多边形确认 · 多边形确认失败 · rejected=0 · elapsed_ms=1.2
[WARN] [1786546190.708521]: 开始进行多边形确认 · 多边形确认失败 · rejected=0 · elapsed_ms=1.3
[WARN] [1786546190.845168]: 开始进行多边形确认 · 多边形确认失败 · rejected=0 · elapsed_ms=1.4
[WARN] [1786546190.957048]: 开始进行多边形确认 · 多边形确认失败 · rejected=0 · elapsed_ms=1.4
[WARN] [1786546191.071466]: 开始进行多边形确认 · 多边形确认失败 · rejected=0 · elapsed_ms=1.5
[WARN] [1786546191.201564]: 开始进行多边形确认 · 多边形确认失败 · rejected=0 · elapsed_ms=1.5
[WARN] [1786546191.321162]: 开始进行多边形确认 · 多边形确认失败 · rejected=0 · elapsed_ms=1.2
[WARN] [1786546191.451977]: 开始进行多边形确认 · 多边形确认失败 · rejected=0 · elapsed_ms=1.4
[WARN] [1786546191.692384]: 开始进行多边形确认 · 多边形确认失败 · rejected=0 · elapsed_ms=1.3
[WARN] [1786546191.817003]: 开始进行多边形确认 · 多边形确认失败 · rejected=0 · elapsed_ms=1.4
[WARN] [1786546192.071917]: 开始进行多边形确认 · 多边形确认失败 · rejected=0 · elapsed_ms=1.5
[INFO] [1786546178.157895]: 开始进行多边形确认 · detections=2
[INFO] [1786546178.272317]: 开始进行多边形确认 · detections=1
[INFO] [1786546178.399098]: 开始进行多边形确认 · detections=1
[INFO] [1786546178.517531]: 开始进行多边形确认 · detections=2
[INFO] [1786546178.641794]: 开始进行多边形确认 · detections=2
[INFO] [1786546178.774875]: 开始进行多边形确认 · detections=2
[INFO] [1786546178.896469]: 开始进行多边形确认 · detections=2
[INFO] [1786546179.005996]: 开始进行多边形确认 · detections=2
[INFO] [1786546179.152989]: 开始进行多边形确认 · detections=2
[INFO] [1786546179.292400]: 开始进行多边形确认 · detections=2
[INFO] [1786546179.408628]: 开始进行多边形确认 · detections=2
[INFO] [1786546179.532437]: 开始进行多边形确认 · detections=1
[INFO] [1786546179.657455]: 开始进行多边形确认 · detections=2
[INFO] [1786546179.785670]: 开始进行多边形确认 · detections=2
[INFO] [1786546179.911081]: 开始进行多边形确认 · detections=2
[INFO] [1786546180.029173]: 开始进行多边形确认 · detections=2
[INFO] [1786546180.139119]: 开始进行多边形确认 · detections=1
[INFO] [1786546180.301157]: 开始进行多边形确认 · detections=2
[INFO] [1786546180.393317]: 开始进行多边形确认 · detections=2
[INFO] [1786546180.529853]: 开始进行多边形确认 · detections=1
[INFO] [1786546180.660893]: 开始进行多边形确认 · detections=2
[INFO] [1786546180.786880]: 开始进行多边形确认 · detections=2
[INFO] [1786546180.914924]: 开始进行多边形确认 · detections=2
[INFO] [1786546181.034719]: 开始进行多边形确认 · detections=2
[INFO] [1786546181.163360]: 开始进行多边形确认 · detections=2
[INFO] [1786546181.298411]: 开始进行多边形确认 · detections=2
[INFO] [1786546181.399876]: 开始进行多边形确认 · detections=2
[INFO] [1786546181.532060]: 开始进行多边形确认 · detections=1
[INFO] [1786546181.535052]: RGB-D vision status: model_ready:onnxruntime targets:0 centers:0 tf:0 rejected:0 merged:0 semantic_masks:1
[INFO] [1786546181.659271]: 开始进行多边形确认 · detections=2
[INFO] [1786546181.781458]: 开始进行多边形确认 · detections=2
[INFO] [1786546181.912394]: 开始进行多边形确认 · detections=2
[INFO] [1786546182.036482]: 开始进行多边形确认 · detections=2
[INFO] [1786546182.163775]: 开始进行多边形确认 · detections=2
[INFO] [1786546182.291183]: 开始进行多边形确认 · detections=2
[INFO] [1786546182.416761]: 开始进行多边形确认 · detections=2
[INFO] [1786546182.517261]: 开始进行多边形确认 · detections=2
[INFO] [1786546182.639757]: 开始进行多边形确认 · detections=2
[INFO] [1786546182.774133]: 开始进行多边形确认 · detections=2
[INFO] [1786546182.917760]: 开始进行多边形确认 · detections=2
[INFO] [1786546183.026803]: 开始进行多边形确认 · detections=2
[INFO] [1786546183.148544]: 开始进行多边形确认 · detections=2
[INFO] [1786546183.273571]: 开始进行多边形确认 · detections=1
[INFO] [1786546183.421594]: 开始进行多边形确认 · detections=1
[INFO] [1786546183.528697]: 开始进行多边形确认 · detections=1
[INFO] [1786546183.647772]: 开始进行多边形确认 · detections=1
[INFO] [1786546183.769940]: 开始进行多边形确认 · detections=1
[INFO] [1786546183.899662]: 开始进行多边形确认 · detections=1
[INFO] [1786546184.153957]: 开始进行多边形确认 · detections=1
[INFO] [1786546184.280367]: 开始进行多边形确认 · detections=1
[INFO] [1786546184.581491]: 开始进行多边形确认 · detections=1
[INFO] [1786546184.802059]: 开始进行多边形确认 · detections=1
[INFO] [1786546185.177263]: 开始进行多边形确认 · detections=2
[INFO] [1786546185.303290]: 开始进行多边形确认 · detections=1
[INFO] [1786546185.410433]: 开始进行多边形确认 · detections=1
[INFO] [1786546185.534979]: 开始进行多边形确认 · detections=1
[INFO] [1786546185.675256]: 开始进行多边形确认 · detections=1
[INFO] [1786546185.796378]: 开始进行多边形确认 · detections=1
[INFO] [1786546185.906499]: 开始进行多边形确认 · detections=2
[INFO] [1786546186.030906]: 开始进行多边形确认 · detections=1
[INFO] [1786546186.296149]: 开始进行多边形确认 · detections=2
[INFO] [1786546186.414616]: 开始进行多边形确认 · detections=1
[INFO] [1786546186.544473]: RGB-D vision status: model_ready:onnxruntime targets:0 centers:0 tf:0 rejected:0 merged:0 semantic_masks:0
[INFO] [1786546186.675360]: 开始进行多边形确认 · detections=1
[INFO] [1786546186.802382]: 开始进行多边形确认 · detections=1
[INFO] [1786546186.928423]: 开始进行多边形确认 · detections=1
[INFO] [1786546187.054361]: 开始进行多边形确认 · detections=2
[INFO] [1786546187.183309]: 开始进行多边形确认 · detections=1
[INFO] [1786546187.305281]: 开始进行多边形确认 · detections=1
[INFO] [1786546187.432302]: 开始进行多边形确认 · detections=1
[INFO] [1786546187.552882]: 开始进行多边形确认 · detections=1
[INFO] [1786546187.661852]: 开始进行多边形确认 · detections=1
[INFO] [1786546187.795866]: 开始进行多边形确认 · detections=1
[INFO] [1786546187.930209]: 开始进行多边形确认 · detections=1
[INFO] [1786546188.054987]: 开始进行多边形确认 · detections=1
[INFO] [1786546188.186219]: 开始进行多边形确认 · detections=1
[INFO] [1786546188.307443]: 开始进行多边形确认 · detections=1
[INFO] [1786546188.426244]: 开始进行多边形确认 · detections=1
[INFO] [1786546188.558211]: 开始进行多边形确认 · detections=1
[INFO] [1786546188.689097]: 开始进行多边形确认 · detections=1
[INFO] [1786546188.829242]: 开始进行多边形确认 · detections=1
[INFO] [1786546189.044203]: 开始进行多边形确认 · detections=1
[INFO] [1786546189.173058]: 开始进行多边形确认 · detections=1
[INFO] [1786546189.299378]: 开始进行多边形确认 · detections=1
[INFO] [1786546189.418963]: 开始进行多边形确认 · detections=1
[INFO] [1786546189.566134]: 开始进行多边形确认 · detections=1
[INFO] [1786546189.690388]: 开始进行多边形确认 · detections=1
[INFO] [1786546189.809727]: 开始进行多边形确认 · detections=1
[INFO] [1786546189.923666]: 开始进行多边形确认 · detections=1
[INFO] [1786546190.198923]: 开始进行多边形确认 · detections=1
[INFO] [1786546190.329789]: 开始进行多边形确认 · detections=1
[INFO] [1786546190.456200]: 开始进行多边形确认 · detections=1
[INFO] [1786546190.587606]: 开始进行多边形确认 · detections=1
[INFO] [1786546190.707273]: 开始进行多边形确认 · detections=1
[INFO] [1786546190.843877]: 开始进行多边形确认 · detections=2
[INFO] [1786546190.955694]: 开始进行多边形确认 · detections=1
[INFO] [1786546191.070092]: 开始进行多边形确认 · detections=2
[INFO] [1786546191.200050]: 开始进行多边形确认 · detections=2
[INFO] [1786546191.320054]: 开始进行多边形确认 · detections=1
[INFO] [1786546191.450598]: 开始进行多边形确认 · detections=2
[INFO] [1786546191.564881]: RGB-D vision status: model_ready:onnxruntime targets:0 centers:0 tf:0 rejected:0 merged:0 semantic_masks:0
[INFO] [1786546191.691200]: 开始进行多边形确认 · detections=1
[INFO] [1786546191.815654]: 开始进行多边形确认 · detections=1
[INFO] [1786546192.070451]: 开始进行多边形确认 · detections=1
[INFO] [1786546192.186116]: 开始进行多边形确认 · detections=2
[INFO] [1786546192.312224]: 开始进行多边形确认 · detections=1
[INFO] [1786546192.439997]: 开始进行多边形确认 · detections=2
[INFO] [1786546192.560092]: 开始进行多边形确认 · detections=1
[INFO] [1786546192.814770]: 开始进行多边形确认 · detections=1
[INFO] [1786546192.945887]: 开始进行多边形确认 · detections=1
[INFO] [1786546193.080840]: 开始进行多边形确认 · detections=1
[WARN] [1786546192.187274]: 开始进行多边形确认 · 多边形确认失败 · rejected=0 · elapsed_ms=1.2
[WARN] [1786546192.313572]: 开始进行多边形确认 · 多边形确认失败 · rejected=0 · elapsed_ms=1.4
[WARN] [1786546192.441299]: 开始进行多边形确认 · 多边形确认失败 · rejected=0 · elapsed_ms=1.4
[WARN] [1786546192.562230]: 开始进行多边形确认 · 多边形确认失败 · rejected=0 · elapsed_ms=2.2
[WARN] [1786546192.816081]: 开始进行多边形确认 · 多边形确认失败 · rejected=0 · elapsed_ms=1.4
[WARN] [1786546192.947417]: 开始进行多边形确认 · 多边形确认失败 · rejected=0 · elapsed_ms=1.6
[WARN] [1786546193.081810]: 开始进行多边形确认 · 多边形确认失败 · rejected=0 · elapsed_ms=1.0
[WARN] [1786546193.577462]: 开始进行多边形确认 · 多边形确认失败 · rejected=0 · elapsed_ms=1.4
[WARN] [1786546193.703837]: 开始进行多边形确认 · 多边形确认失败 · rejected=0 · elapsed_ms=1.0
[WARN] [1786546193.821996]: 开始进行多边形确认 · 多边形确认失败 · rejected=0 · elapsed_ms=1.1
[WARN] [1786546194.436279]: 开始进行多边形确认 · 多边形确认失败 · rejected=0 · elapsed_ms=1.4
[WARN] [1786546194.584859]: 开始进行多边形确认 · 多边形确认失败 · rejected=0 · elapsed_ms=1.2
[WARN] [1786546194.710529]: 开始进行多边形确认 · 多边形确认失败 · rejected=0 · elapsed_ms=1.5
[WARN] [1786546194.983712]: CITRUS_CENTER reject instances=0 reason=reconstructed citrus radius 19.9 mm is outside 22.0..40.0 mm
[WARN] [1786546194.984870]: 开始进行多边形确认 · 多边形确认失败 · rejected=1 · elapsed_ms=19.4
[WARN] [1786546195.106692]: 开始进行多边形确认 · 多边形确认失败 · rejected=0 · elapsed_ms=1.5
[WARN] [1786546195.234744]: 开始进行多边形确认 · 多边形确认失败 · rejected=1 · elapsed_ms=16.5
[WARN] [1786546195.316962]: 开始进行多边形确认 · 多边形确认失败 · rejected=0 · elapsed_ms=1.2
[WARN] [1786546195.465467]: 开始进行多边形确认 · 多边形确认失败 · rejected=1 · elapsed_ms=21.4
[WARN] [1786546196.093219]: 开始进行多边形确认 · 多边形确认失败 · rejected=0 · elapsed_ms=1.3
[WARN] [1786546196.259297]: 开始进行多边形确认 · 多边形确认失败 · rejected=1 · elapsed_ms=9.7
[WARN] [1786546196.328830]: 开始进行多边形确认 · 多边形确认失败 · rejected=0 · elapsed_ms=1.2
[WARN] [1786546196.454771]: 开始进行多边形确认 · 多边形确认失败 · rejected=0 · elapsed_ms=1.2
[WARN] [1786546196.568841]: 开始进行多边形确认 · 多边形确认失败 · rejected=0 · elapsed_ms=1.4
[WARN] [1786546196.708154]: 开始进行多边形确认 · 多边形确认失败 · rejected=0 · elapsed_ms=1.2
[WARN] [1786546196.831543]: 开始进行多边形确认 · 多边形确认失败 · rejected=0 · elapsed_ms=1.4
[WARN] [1786546196.960568]: 开始进行多边形确认 · 多边形确认失败 · rejected=0 · elapsed_ms=1.0
[WARN] [1786546197.077735]: 开始进行多边形确认 · 多边形确认失败 · rejected=0 · elapsed_ms=1.3
[WARN] [1786546197.355484]: 开始进行多边形确认 · 多边形确认失败 · rejected=0 · elapsed_ms=1.5
[WARN] [1786546197.463082]: 开始进行多边形确认 · 多边形确认失败 · rejected=0 · elapsed_ms=1.3
[WARN] [1786546197.591342]: 开始进行多边形确认 · 多边形确认失败 · rejected=0 · elapsed_ms=1.4
[WARN] [1786546197.717608]: 开始进行多边形确认 · 多边形确认失败 · rejected=0 · elapsed_ms=1.6
[WARN] [1786546197.971459]: 开始进行多边形确认 · 多边形确认失败 · rejected=0 · elapsed_ms=1.5
[WARN] [1786546198.089178]: 开始进行多边形确认 · 多边形确认失败 · rejected=0 · elapsed_ms=1.2
[WARN] [1786546198.240080]: 开始进行多边形确认 · 多边形确认失败 · rejected=0 · elapsed_ms=1.5
[WARN] [1786546198.384055]: 开始进行多边形确认 · 多边形确认失败 · rejected=0 · elapsed_ms=1.2
[WARN] [1786546198.465389]: 开始进行多边形确认 · 多边形确认失败 · rejected=0 · elapsed_ms=1.2
[WARN] [1786546198.590032]: 开始进行多边形确认 · 多边形确认失败 · rejected=0 · elapsed_ms=1.1
[WARN] [1786546198.715831]: 开始进行多边形确认 · 多边形确认失败 · rejected=0 · elapsed_ms=1.2
[WARN] [1786546198.973426]: 开始进行多边形确认 · 多边形确认失败 · rejected=0 · elapsed_ms=1.7
[WARN] [1786546199.089579]: 开始进行多边形确认 · 多边形确认失败 · rejected=0 · elapsed_ms=1.3
[WARN] [1786546199.216348]: 开始进行多边形确认 · 多边形确认失败 · rejected=0 · elapsed_ms=1.3
[WARN] [1786546199.341586]: 开始进行多边形确认 · 多边形确认失败 · rejected=0 · elapsed_ms=1.3
[WARN] [1786546199.479044]: 开始进行多边形确认 · 多边形确认失败 · rejected=0 · elapsed_ms=1.2
[WARN] [1786546199.588963]: 开始进行多边形确认 · 多边形确认失败 · rejected=0 · elapsed_ms=1.0
[WARN] [1786546199.837399]: 开始进行多边形确认 · 多边形确认失败 · rejected=0 · elapsed_ms=1.1
[WARN] [1786546199.960800]: 开始进行多边形确认 · 多边形确认失败 · rejected=0 · elapsed_ms=1.0
[WARN] [1786546200.091907]: 开始进行多边形确认 · 多边形确认失败 · rejected=0 · elapsed_ms=1.3
[WARN] [1786546200.337513]: 开始进行多边形确认 · 多边形确认失败 · rejected=0 · elapsed_ms=1.3
[WARN] [1786546200.489380]: 开始进行多边形确认 · 多边形确认失败 · rejected=0 · elapsed_ms=2.0
[WARN] [1786546200.591223]: 开始进行多边形确认 · 多边形确认失败 · rejected=0 · elapsed_ms=1.2
[WARN] [1786546200.712954]: 开始进行多边形确认 · 多边形确认失败 · rejected=0 · elapsed_ms=1.2
[WARN] [1786546201.112013]: 开始进行多边形确认 · 多边形确认失败 · rejected=0 · elapsed_ms=1.5
[WARN] [1786546201.355543]: 开始进行多边形确认 · 多边形确认失败 · rejected=0 · elapsed_ms=1.5
[WARN] [1786546201.484864]: 开始进行多边形确认 · 多边形确认失败 · rejected=0 · elapsed_ms=1.8
[WARN] [1786546201.624908]: 开始进行多边形确认 · 多边形确认失败 · rejected=0 · elapsed_ms=1.3
[WARN] [1786546201.856191]: 开始进行多边形确认 · 多边形确认失败 · rejected=0 · elapsed_ms=1.6
[WARN] [1786546201.980987]: 开始进行多边形确认 · 多边形确认失败 · rejected=0 · elapsed_ms=1.3
[WARN] [1786546202.106217]: 开始进行多边形确认 · 多边形确认失败 · rejected=0 · elapsed_ms=1.4
[WARN] [1786546202.232447]: 开始进行多边形确认 · 多边形确认失败 · rejected=0 · elapsed_ms=1.6
[WARN] [1786546202.358183]: 开始进行多边形确认 · 多边形确认失败 · rejected=0 · elapsed_ms=1.4
[WARN] [1786546202.501272]: 开始进行多边形确认 · 多边形确认失败 · rejected=0 · elapsed_ms=1.7
[WARN] [1786546202.625720]: 开始进行多边形确认 · 多边形确认失败 · rejected=0 · elapsed_ms=1.6
[WARN] [1786546202.744728]: 开始进行多边形确认 · 多边形确认失败 · rejected=0 · elapsed_ms=1.6
[WARN] [1786546202.869952]: 开始进行多边形确认 · 多边形确认失败 · rejected=0 · elapsed_ms=1.9
[WARN] [1786546202.997119]: 开始进行多边形确认 · 多边形确认失败 · rejected=0 · elapsed_ms=1.3
[WARN] [1786546203.123312]: 开始进行多边形确认 · 多边形确认失败 · rejected=0 · elapsed_ms=1.5
[WARN] [1786546203.247505]: 开始进行多边形确认 · 多边形确认失败 · rejected=0 · elapsed_ms=1.3
[WARN] [1786546203.361028]: 开始进行多边形确认 · 多边形确认失败 · rejected=0 · elapsed_ms=1.3
[WARN] [1786546203.471422]: 开始进行多边形确认 · 多边形确认失败 · rejected=0 · elapsed_ms=1.4
[WARN] [1786546203.650471]: 开始进行多边形确认 · 多边形确认失败 · rejected=0 · elapsed_ms=1.4
[WARN] [1786546203.974933]: 开始进行多边形确认 · 多边形确认失败 · rejected=0 · elapsed_ms=1.2
[INFO] [1786546193.201549]: 开始进行多边形确认 · detections=2
[INFO] [1786546193.215388]: CITRUS_CENTER ok pixel=(29,199) depth=0.295 m radius=25.1 mm arc=249 deg error=0.90 px fragments=1
[INFO] [1786546193.216476]: 开始进行多边形确认 · centers=1 · rejected=0 · merged=0 · elapsed_ms=15.0
[INFO] [1786546193.326935]: 开始进行多边形确认 · detections=2
[INFO] [1786546193.341679]: 开始进行多边形确认 · centers=1 · rejected=0 · merged=0 · elapsed_ms=14.8
[INFO] [1786546193.452367]: 开始进行多边形确认 · detections=3
[INFO] [1786546193.468116]: 开始进行多边形确认 · centers=1 · rejected=0 · merged=0 · elapsed_ms=15.8
[INFO] [1786546193.576183]: 开始进行多边形确认 · detections=1
[INFO] [1786546193.702913]: 开始进行多边形确认 · detections=2
[INFO] [1786546193.820943]: 开始进行多边形确认 · detections=2
[INFO] [1786546193.951885]: 开始进行多边形确认 · detections=3
[INFO] [1786546193.972374]: 开始进行多边形确认 · centers=1 · rejected=0 · merged=0 · elapsed_ms=20.5
[INFO] [1786546194.089144]: 开始进行多边形确认 · detections=3
[INFO] [1786546194.105085]: 开始进行多边形确认 · centers=1 · rejected=0 · merged=0 · elapsed_ms=16.0
[INFO] [1786546194.184122]: 开始进行多边形确认 · detections=1
[INFO] [1786546194.197522]: 开始进行多边形确认 · centers=1 · rejected=0 · merged=0 · elapsed_ms=13.4
[INFO] [1786546194.434964]: 开始进行多边形确认 · detections=1
[INFO] [1786546194.583694]: 开始进行多边形确认 · detections=2
[INFO] [1786546194.709102]: 开始进行多边形确认 · detections=1
[INFO] [1786546194.965609]: 开始进行多边形确认 · detections=1
[INFO] [1786546195.105255]: 开始进行多边形确认 · detections=1
[INFO] [1786546195.218273]: 开始进行多边形确认 · detections=2
[INFO] [1786546195.315816]: 开始进行多边形确认 · detections=1
[INFO] [1786546195.444175]: 开始进行多边形确认 · detections=2
[INFO] [1786546195.588886]: 开始进行多边形确认 · detections=1
[INFO] [1786546195.616749]: CITRUS_CENTER ok pixel=(16,123) depth=0.275 m radius=33.0 mm arc=201 deg error=1.09 px fragments=1
[INFO] [1786546195.618182]: 开始进行多边形确认 · centers=1 · rejected=0 · merged=0 · elapsed_ms=29.4
[INFO] [1786546195.717411]: 开始进行多边形确认 · detections=1
[INFO] [1786546195.743954]: 开始进行多边形确认 · centers=1 · rejected=0 · merged=0 · elapsed_ms=26.6
[INFO] [1786546195.837309]: 开始进行多边形确认 · detections=1
[INFO] [1786546195.862777]: 开始进行多边形确认 · centers=1 · rejected=0 · merged=0 · elapsed_ms=25.5
[INFO] [1786546195.970822]: 开始进行多边形确认 · detections=2
[INFO] [1786546195.996597]: 开始进行多边形确认 · centers=1 · rejected=0 · merged=0 · elapsed_ms=25.8
[INFO] [1786546196.091941]: 开始进行多边形确认 · detections=1
[INFO] [1786546196.249684]: 开始进行多边形确认 · detections=2
[INFO] [1786546196.327695]: 开始进行多边形确认 · detections=1
[INFO] [1786546196.453651]: 开始进行多边形确认 · detections=1
[INFO] [1786546196.567484]: 开始进行多边形确认 · detections=1
[INFO] [1786546196.707000]: 开始进行多边形确认 · detections=1
[INFO] [1786546196.830149]: 开始进行多边形确认 · detections=1
[INFO] [1786546196.959611]: 开始进行多边形确认 · detections=1
[INFO] [1786546197.076512]: 开始进行多边形确认 · detections=1
[INFO] [1786546197.242368]: RGB-D vision status: model_ready:onnxruntime targets:0 centers:0 tf:0 rejected:0 merged:0 semantic_masks:0
[INFO] [1786546197.354047]: 开始进行多边形确认 · detections=1
[INFO] [1786546197.461894]: 开始进行多边形确认 · detections=1
[INFO] [1786546197.590045]: 开始进行多边形确认 · detections=1
[INFO] [1786546197.716079]: 开始进行多边形确认 · detections=1
[INFO] [1786546197.970052]: 开始进行多边形确认 · detections=1
[INFO] [1786546198.088037]: 开始进行多边形确认 · detections=1
[INFO] [1786546198.238667]: 开始进行多边形确认 · detections=1
[INFO] [1786546198.382889]: 开始进行多边形确认 · detections=1
[INFO] [1786546198.464282]: 开始进行多边形确认 · detections=1
[INFO] [1786546198.588991]: 开始进行多边形确认 · detections=1
[INFO] [1786546198.714692]: 开始进行多边形确认 · detections=1
[INFO] [1786546198.971889]: 开始进行多边形确认 · detections=1
[INFO] [1786546199.088390]: 开始进行多边形确认 · detections=1
[INFO] [1786546199.215129]: 开始进行多边形确认 · detections=1
[INFO] [1786546199.340309]: 开始进行多边形确认 · detections=1
[INFO] [1786546199.477890]: 开始进行多边形确认 · detections=1
[INFO] [1786546199.587963]: 开始进行多边形确认 · detections=1
[INFO] [1786546199.836380]: 开始进行多边形确认 · detections=1
[INFO] [1786546199.959811]: 开始进行多边形确认 · detections=1
[INFO] [1786546200.090641]: 开始进行多边形确认 · detections=1
[INFO] [1786546200.336241]: 开始进行多边形确认 · detections=1
[INFO] [1786546200.487456]: 开始进行多边形确认 · detections=1
[INFO] [1786546200.590050]: 开始进行多边形确认 · detections=1
[INFO] [1786546200.711786]: 开始进行多边形确认 · detections=1
[INFO] [1786546201.110651]: 开始进行多边形确认 · detections=1
[INFO] [1786546201.354196]: 开始进行多边形确认 · detections=1
[INFO] [1786546201.483186]: 开始进行多边形确认 · detections=1
[INFO] [1786546201.623731]: 开始进行多边形确认 · detections=1
[INFO] [1786546201.854661]: 开始进行多边形确认 · detections=1
[INFO] [1786546201.979760]: 开始进行多边形确认 · detections=1
[INFO] [1786546202.104866]: 开始进行多边形确认 · detections=1
[INFO] [1786546202.230954]: 开始进行多边形确认 · detections=1
[INFO] [1786546202.356853]: 开始进行多边形确认 · detections=1
[INFO] [1786546202.499707]: 开始进行多边形确认 · detections=1
[INFO] [1786546202.624167]: 开始进行多边形确认 · detections=1
[INFO] [1786546202.743212]: 开始进行多边形确认 · detections=1
[INFO] [1786546202.868214]: 开始进行多边形确认 · detections=1
[INFO] [1786546202.995869]: 开始进行多边形确认 · detections=1
[INFO] [1786546203.121953]: 开始进行多边形确认 · detections=1
[INFO] [1786546203.246238]: 开始进行多边形确认 · detections=1
[INFO] [1786546203.359854]: 开始进行多边形确认 · detections=1
[INFO] [1786546203.470047]: 开始进行多边形确认 · detections=1
[INFO] [1786546203.649094]: 开始进行多边形确认 · detections=1
[INFO] [1786546203.722631]: RGB-D vision status: model_ready:onnxruntime targets:0 centers:0 tf:0 rejected:0 merged:0 semantic_masks:0
[INFO] [1786546203.973848]: 开始进行多边形确认 · detections=1
[INFO] [1786546204.097012]: 开始进行多边形确认 · detections=1
[INFO] [1786546204.244749]: 开始进行多边形确认 · detections=1
[INFO] [1786546204.365385]: 开始进行多边形确认 · detections=1
[INFO] [1786546204.516868]: 开始进行多边形确认 · detections=1
[INFO] [1786546204.621509]: 开始进行多边形确认 · detections=1
[INFO] [1786546204.863622]: 开始进行多边形确认 · detections=1
[INFO] [1786546204.992433]: 开始进行多边形确认 · detections=1
[INFO] [1786546205.266304]: 开始进行多边形确认 · detections=1
[INFO] [1786546205.400853]: 开始进行多边形确认 · detections=1
[INFO] [1786546205.512530]: 开始进行多边形确认 · detections=1
[INFO] [1786546205.631234]: 开始进行多边形确认 · detections=1
[INFO] [1786546205.761279]: 开始进行多边形确认 · detections=1
[INFO] [1786546205.881690]: 开始进行多边形确认 · detections=1
[INFO] [1786546206.001712]: 开始进行多边形确认 · detections=1
[INFO] [1786546206.249777]: 开始进行多边形确认 · detections=1
[INFO] [1786546206.376105]: 开始进行多边形确认 · detections=1
[WARN] [1786546204.097995]: 开始进行多边形确认 · 多边形确认失败 · rejected=0 · elapsed_ms=1.0
[WARN] [1786546204.246102]: 开始进行多边形确认 · 多边形确认失败 · rejected=0 · elapsed_ms=1.4
[WARN] [1786546204.366614]: 开始进行多边形确认 · 多边形确认失败 · rejected=0 · elapsed_ms=1.3
[WARN] [1786546204.518233]: 开始进行多边形确认 · 多边形确认失败 · rejected=0 · elapsed_ms=1.4
[WARN] [1786546204.622900]: 开始进行多边形确认 · 多边形确认失败 · rejected=0 · elapsed_ms=1.5
[WARN] [1786546204.864716]: 开始进行多边形确认 · 多边形确认失败 · rejected=0 · elapsed_ms=1.2
[WARN] [1786546204.993816]: 开始进行多边形确认 · 多边形确认失败 · rejected=0 · elapsed_ms=1.5
[WARN] [1786546205.267703]: 开始进行多边形确认 · 多边形确认失败 · rejected=0 · elapsed_ms=1.5
[WARN] [1786546205.401867]: 开始进行多边形确认 · 多边形确认失败 · rejected=0 · elapsed_ms=1.1
[WARN] [1786546205.513956]: 开始进行多边形确认 · 多边形确认失败 · rejected=0 · elapsed_ms=1.5
[WARN] [1786546205.632593]: 开始进行多边形确认 · 多边形确认失败 · rejected=0 · elapsed_ms=1.4
[WARN] [1786546205.762686]: 开始进行多边形确认 · 多边形确认失败 · rejected=0 · elapsed_ms=1.5
[WARN] [1786546205.882924]: 开始进行多边形确认 · 多边形确认失败 · rejected=0 · elapsed_ms=1.3
[WARN] [1786546206.003031]: 开始进行多边形确认 · 多边形确认失败 · rejected=0 · elapsed_ms=1.4
[WARN] [1786546206.251128]: 开始进行多边形确认 · 多边形确认失败 · rejected=0 · elapsed_ms=1.4
[WARN] [1786546206.377380]: 开始进行多边形确认 · 多边形确认失败 · rejected=0 · elapsed_ms=1.4
[WARN] [1786546206.648470]: 开始进行多边形确认 · 多边形确认失败 · rejected=0 · elapsed_ms=19.8
[WARN] [1786546206.784946]: 开始进行多边形确认 · 多边形确认失败 · rejected=0 · elapsed_ms=1.5
[WARN] [1786546206.901287]: 开始进行多边形确认 · 多边形确认失败 · rejected=0 · elapsed_ms=1.4
[WARN] [1786546207.017639]: 开始进行多边形确认 · 多边形确认失败 · rejected=0 · elapsed_ms=1.3
[WARN] [1786546207.172341]: CITRUS_CENTER reject instances=1 reason=polygon circle inlier ratio 0.29 is below 0.30
[WARN] [1786546207.173693]: 开始进行多边形确认 · 多边形确认失败 · rejected=1 · elapsed_ms=28.9
[WARN] [1786546207.277730]: 开始进行多边形确认 · 多边形确认失败 · rejected=0 · elapsed_ms=1.4
[WARN] [1786546207.387678]: 开始进行多边形确认 · 多边形确认失败 · rejected=0 · elapsed_ms=1.1
[WARN] [1786546207.514496]: 开始进行多边形确认 · 多边形确认失败 · rejected=0 · elapsed_ms=1.6
[WARN] [1786546207.656648]: 开始进行多边形确认 · 多边形确认失败 · rejected=1 · elapsed_ms=23.9
[WARN] [1786546207.744596]: 开始进行多边形确认 · 多边形确认失败 · rejected=0 · elapsed_ms=1.4
[WARN] [1786546207.923897]: 开始进行多边形确认 · 多边形确认失败 · rejected=1 · elapsed_ms=15.6
[WARN] [1786546208.134384]: 开始进行多边形确认 · 多边形确认失败 · rejected=0 · elapsed_ms=1.5
[WARN] [1786546208.261837]: 开始进行多边形确认 · 多边形确认失败 · rejected=0 · elapsed_ms=1.8
[WARN] [1786546208.388906]: 开始进行多边形确认 · 多边形确认失败 · rejected=0 · elapsed_ms=1.4
[WARN] [1786546208.761247]: 开始进行多边形确认 · 多边形确认失败 · rejected=0 · elapsed_ms=1.6
[WARN] [1786546208.905994]: 开始进行多边形确认 · 多边形确认失败 · rejected=0 · elapsed_ms=1.8
[WARN] [1786546209.035694]: 开始进行多边形确认 · 多边形确认失败 · rejected=0 · elapsed_ms=1.5
[WARN] [1786546209.137700]: 开始进行多边形确认 · 多边形确认失败 · rejected=0 · elapsed_ms=1.4
[WARN] [1786546209.374743]: 开始进行多边形确认 · 多边形确认失败 · rejected=0 · elapsed_ms=2.9
[WARN] [1786546209.514522]: 开始进行多边形确认 · 多边形确认失败 · rejected=0 · elapsed_ms=1.5
[WARN] [1786546209.630570]: 开始进行多边形确认 · 多边形确认失败 · rejected=0 · elapsed_ms=1.3
[WARN] [1786546209.738167]: 开始进行多边形确认 · 多边形确认失败 · rejected=0 · elapsed_ms=1.3
[WARN] [1786546209.882127]: 开始进行多边形确认 · 多边形确认失败 · rejected=0 · elapsed_ms=1.1
[WARN] [1786546210.026431]: 开始进行多边形确认 · 多边形确认失败 · rejected=0 · elapsed_ms=1.5
[WARN] [1786546210.258081]: 开始进行多边形确认 · 多边形确认失败 · rejected=0 · elapsed_ms=1.6
[WARN] [1786546210.378172]: 开始进行多边形确认 · 多边形确认失败 · rejected=0 · elapsed_ms=1.7
[WARN] [1786546210.627642]: 开始进行多边形确认 · 多边形确认失败 · rejected=0 · elapsed_ms=1.5
[WARN] [1786546210.745910]: 开始进行多边形确认 · 多边形确认失败 · rejected=0 · elapsed_ms=1.5
[WARN] [1786546210.868988]: 开始进行多边形确认 · 多边形确认失败 · rejected=0 · elapsed_ms=1.2
[WARN] [1786546211.002485]: 开始进行多边形确认 · 多边形确认失败 · rejected=0 · elapsed_ms=1.2
[WARN] [1786546211.153152]: 开始进行多边形确认 · 多边形确认失败 · rejected=0 · elapsed_ms=1.4
[WARN] [1786546211.266025]: 开始进行多边形确认 · 多边形确认失败 · rejected=0 · elapsed_ms=1.6
[WARN] [1786546211.388584]: 开始进行多边形确认 · 多边形确认失败 · rejected=0 · elapsed_ms=1.2
[WARN] [1786546211.503589]: 开始进行多边形确认 · 多边形确认失败 · rejected=0 · elapsed_ms=1.5
[WARN] [1786546211.615933]: 开始进行多边形确认 · 多边形确认失败 · rejected=0 · elapsed_ms=1.2
[WARN] [1786546212.019377]: 开始进行多边形确认 · 多边形确认失败 · rejected=0 · elapsed_ms=19.5
[WARN] [1786546212.148830]: 开始进行多边形确认 · 多边形确认失败 · rejected=0 · elapsed_ms=1.5
[WARN] [1786546212.372117]: 开始进行多边形确认 · 多边形确认失败 · rejected=0 · elapsed_ms=1.4
[WARN] [1786546212.498413]: 开始进行多边形确认 · 多边形确认失败 · rejected=0 · elapsed_ms=1.4
[WARN] [1786546212.750799]: 开始进行多边形确认 · 多边形确认失败 · rejected=0 · elapsed_ms=1.2
[WARN] [1786546212.876567]: 开始进行多边形确认 · 多边形确认失败 · rejected=0 · elapsed_ms=1.3
[WARN] [1786546213.005843]: 开始进行多边形确认 · 多边形确认失败 · rejected=0 · elapsed_ms=1.4
[WARN] [1786546213.285413]: 开始进行多边形确认 · 多边形确认失败 · rejected=0 · elapsed_ms=1.7
[WARN] [1786546213.394674]: 开始进行多边形确认 · 多边形确认失败 · rejected=0 · elapsed_ms=1.5
[WARN] [1786546213.525514]: 开始进行多边形确认 · 多边形确认失败 · rejected=0 · elapsed_ms=1.4
[WARN] [1786546213.771482]: 开始进行多边形确认 · 多边形确认失败 · rejected=0 · elapsed_ms=1.6
[WARN] [1786546213.897440]: 开始进行多边形确认 · 多边形确认失败 · rejected=0 · elapsed_ms=1.7
[WARN] [1786546214.025098]: 开始进行多边形确认 · 多边形确认失败 · rejected=0 · elapsed_ms=1.6
[WARN] [1786546214.146927]: 开始进行多边形确认 · 多边形确认失败 · rejected=0 · elapsed_ms=1.4
[WARN] [1786546214.341252]: 开始进行多边形确认 · 多边形确认失败 · rejected=0 · elapsed_ms=1.6
[WARN] [1786546214.415116]: 开始进行多边形确认 · 多边形确认失败 · rejected=0 · elapsed_ms=1.6
[WARN] [1786546214.664861]: 开始进行多边形确认 · 多边形确认失败 · rejected=0 · elapsed_ms=1.5
[WARN] [1786546214.896153]: 开始进行多边形确认 · 多边形确认失败 · rejected=0 · elapsed_ms=1.2
[WARN] [1786546215.020080]: 开始进行多边形确认 · 多边形确认失败 · rejected=0 · elapsed_ms=1.3
[WARN] [1786546215.148633]: 开始进行多边形确认 · 多边形确认失败 · rejected=0 · elapsed_ms=1.3
[INFO] [1786546206.628720]: 开始进行多边形确认 · detections=1
[INFO] [1786546206.783509]: 开始进行多边形确认 · detections=1
[INFO] [1786546206.899922]: 开始进行多边形确认 · detections=1
[INFO] [1786546207.016373]: 开始进行多边形确认 · detections=1
[INFO] [1786546207.144872]: 开始进行多边形确认 · detections=2
[INFO] [1786546207.276394]: 开始进行多边形确认 · detections=1
[INFO] [1786546207.386602]: 开始进行多边形确认 · detections=1
[INFO] [1786546207.512987]: 开始进行多边形确认 · detections=1
[INFO] [1786546207.632808]: 开始进行多边形确认 · detections=2
[INFO] [1786546207.743298]: 开始进行多边形确认 · detections=1
[INFO] [1786546207.908365]: 开始进行多边形确认 · detections=3
[INFO] [1786546208.009312]: 开始进行多边形确认 · detections=2
[INFO] [1786546208.027629]: CITRUS_CENTER ok pixel=(7,48) depth=0.264 m radius=21.0 mm arc=195 deg error=1.11 px fragments=1
[INFO] [1786546208.028858]: 开始进行多边形确认 · centers=1 · rejected=0 · merged=0 · elapsed_ms=19.6
[INFO] [1786546208.132975]: 开始进行多边形确认 · detections=1
[INFO] [1786546208.260152]: 开始进行多边形确认 · detections=1
[INFO] [1786546208.387537]: 开始进行多边形确认 · detections=1
[INFO] [1786546208.759759]: 开始进行多边形确认 · detections=1
[INFO] [1786546208.762663]: RGB-D vision status: model_ready:onnxruntime targets:0 centers:0 tf:0 rejected:0 merged:0 semantic_masks:1
[INFO] [1786546208.904250]: 开始进行多边形确认 · detections=1
[INFO] [1786546209.034272]: 开始进行多边形确认 · detections=1
[INFO] [1786546209.136376]: 开始进行多边形确认 · detections=1
[INFO] [1786546209.371851]: 开始进行多边形确认 · detections=1
[INFO] [1786546209.513124]: 开始进行多边形确认 · detections=1
[INFO] [1786546209.629339]: 开始进行多边形确认 · detections=1
[INFO] [1786546209.736883]: 开始进行多边形确认 · detections=1
[INFO] [1786546209.881090]: 开始进行多边形确认 · detections=1
[INFO] [1786546210.025031]: 开始进行多边形确认 · detections=1
[INFO] [1786546210.256578]: 开始进行多边形确认 · detections=1
[INFO] [1786546210.376600]: 开始进行多边形确认 · detections=1
[INFO] [1786546210.626230]: 开始进行多边形确认 · detections=1
[INFO] [1786546210.744506]: 开始进行多边形确认 · detections=1
[INFO] [1786546210.867800]: 开始进行多边形确认 · detections=1
[INFO] [1786546211.001328]: 开始进行多边形确认 · detections=1
[INFO] [1786546211.151845]: 开始进行多边形确认 · detections=1
[INFO] [1786546211.264533]: 开始进行多边形确认 · detections=1
[INFO] [1786546211.387492]: 开始进行多边形确认 · detections=1
[INFO] [1786546211.502145]: 开始进行多边形确认 · detections=1
[INFO] [1786546211.614777]: 开始进行多边形确认 · detections=1
[INFO] [1786546211.999835]: 开始进行多边形确认 · detections=1
[INFO] [1786546212.147414]: 开始进行多边形确认 · detections=1
[INFO] [1786546212.370781]: 开始进行多边形确认 · detections=1
[INFO] [1786546212.497145]: 开始进行多边形确认 · detections=1
[INFO] [1786546212.749656]: 开始进行多边形确认 · detections=1
[INFO] [1786546212.875350]: 开始进行多边形确认 · detections=1
[INFO] [1786546213.004534]: 开始进行多边形确认 · detections=1
[INFO] [1786546213.283828]: 开始进行多边形确认 · detections=1
[INFO] [1786546213.393246]: 开始进行多边形确认 · detections=1
[INFO] [1786546213.524144]: 开始进行多边形确认 · detections=1
[INFO] [1786546213.770002]: 开始进行多边形确认 · detections=1
[INFO] [1786546213.772633]: RGB-D vision status: model_ready:onnxruntime targets:0 centers:0 tf:0 rejected:0 merged:0 semantic_masks:1
[INFO] [1786546213.895784]: 开始进行多边形确认 · detections=1
[INFO] [1786546214.023573]: 开始进行多边形确认 · detections=1
[INFO] [1786546214.145559]: 开始进行多边形确认 · detections=1
[INFO] [1786546214.339776]: 开始进行多边形确认 · detections=1
[INFO] [1786546214.413617]: 开始进行多边形确认 · detections=1
[INFO] [1786546214.663430]: 开始进行多边形确认 · detections=1
[INFO] [1786546214.894995]: 开始进行多边形确认 · detections=1
[INFO] [1786546215.018804]: 开始进行多边形确认 · detections=1
[INFO] [1786546215.147414]: 开始进行多边形确认 · detections=1
[INFO] [1786546215.415038]: 开始进行多边形确认 · detections=1
[INFO] [1786546215.521653]: 开始进行多边形确认 · detections=1
[INFO] [1786546215.644186]: 开始进行多边形确认 · detections=1
[INFO] [1786546215.770411]: 开始进行多边形确认 · detections=1
[INFO] [1786546215.895174]: 开始进行多边形确认 · detections=1
[INFO] [1786546216.272878]: 开始进行多边形确认 · detections=1
[INFO] [1786546216.415253]: 开始进行多边形确认 · detections=1
[INFO] [1786546216.790503]: 开始进行多边形确认 · detections=1
[INFO] [1786546216.943232]: 开始进行多边形确认 · detections=1
[INFO] [1786546217.065238]: 开始进行多边形确认 · detections=1
[INFO] [1786546217.169804]: 开始进行多边形确认 · detections=1
[INFO] [1786546217.298972]: 开始进行多边形确认 · detections=1
[INFO] [1786546217.433381]: 开始进行多边形确认 · detections=1
[INFO] [1786546217.555001]: 开始进行多边形确认 · detections=1
[INFO] [1786546217.664176]: 开始进行多边形确认 · detections=1
[INFO] [1786546217.788161]: 开始进行多边形确认 · detections=1
[INFO] [1786546217.912410]: 开始进行多边形确认 · detections=1
[INFO] [1786546218.046606]: 开始进行多边形确认 · detections=1
[INFO] [1786546218.174426]: 开始进行多边形确认 · detections=1
[INFO] [1786546218.298218]: 开始进行多边形确认 · detections=1
[INFO] [1786546218.421289]: 开始进行多边形确认 · detections=1
[INFO] [1786546218.565244]: 开始进行多边形确认 · detections=1
[INFO] [1786546218.654207]: 开始进行多边形确认 · detections=1
[INFO] [1786546218.774131]: 开始进行多边形确认 · detections=1
[INFO] [1786546218.906127]: 开始进行多边形确认 · detections=1
[INFO] [1786546219.039505]: 开始进行多边形确认 · detections=1
[INFO] [1786546219.172091]: 开始进行多边形确认 · detections=1
[INFO] [1786546219.305433]: RGB-D vision status: model_ready:onnxruntime targets:0 centers:0 tf:0 rejected:0 merged:0 semantic_masks:0
[INFO] [1786546219.435452]: 开始进行多边形确认 · detections=1
[INFO] [1786546219.572661]: 开始进行多边形确认 · detections=1
[INFO] [1786546219.677374]: 开始进行多边形确认 · detections=1
[INFO] [1786546219.801452]: 开始进行多边形确认 · detections=2
[INFO] [1786546219.925184]: 开始进行多边形确认 · detections=1
[INFO] [1786546220.057975]: 开始进行多边形确认 · detections=1
[INFO] [1786546220.178380]: 开始进行多边形确认 · detections=1
[INFO] [1786546220.426220]: 开始进行多边形确认 · detections=1
[INFO] [1786546220.579277]: 开始进行多边形确认 · detections=1
[INFO] [1786546220.746797]: 开始进行多边形确认 · detections=1
[INFO] [1786546220.823272]: 开始进行多边形确认 · detections=1
[INFO] [1786546220.953737]: 开始进行多边形确认 · detections=2
[INFO] [1786546221.079590]: 开始进行多边形确认 · detections=1
[INFO] [1786546221.203338]: 开始进行多边形确认 · detections=1
[INFO] [1786546221.447553]: 开始进行多边形确认 · detections=1
[INFO] [1786546221.572906]: 开始进行多边形确认 · detections=1
[INFO] [1786546221.938603]: 开始进行多边形确认 · detections=1
[INFO] [1786546222.199952]: 开始进行多边形确认 · detections=1
[INFO] [1786546222.319485]: 开始进行多边形确认 · detections=1
[INFO] [1786546222.442109]: 开始进行多边形确认 · detections=1
[INFO] [1786546222.561901]: 开始进行多边形确认 · detections=1
[WARN] [1786546215.416205]: 开始进行多边形确认 · 多边形确认失败 · rejected=0 · elapsed_ms=1.2
[WARN] [1786546215.522826]: 开始进行多边形确认 · 多边形确认失败 · rejected=0 · elapsed_ms=1.2
[WARN] [1786546215.645484]: 开始进行多边形确认 · 多边形确认失败 · rejected=0 · elapsed_ms=1.4
[WARN] [1786546215.771816]: 开始进行多边形确认 · 多边形确认失败 · rejected=0 · elapsed_ms=1.5
[WARN] [1786546215.896491]: 开始进行多边形确认 · 多边形确认失败 · rejected=0 · elapsed_ms=1.4
[WARN] [1786546216.273929]: 开始进行多边形确认 · 多边形确认失败 · rejected=0 · elapsed_ms=1.1
[WARN] [1786546216.416652]: 开始进行多边形确认 · 多边形确认失败 · rejected=0 · elapsed_ms=1.5
[WARN] [1786546216.791779]: 开始进行多边形确认 · 多边形确认失败 · rejected=0 · elapsed_ms=1.4
[WARN] [1786546216.944668]: 开始进行多边形确认 · 多边形确认失败 · rejected=0 · elapsed_ms=1.5
[WARN] [1786546217.084891]: 开始进行多边形确认 · 多边形确认失败 · rejected=0 · elapsed_ms=19.7
[WARN] [1786546217.171076]: 开始进行多边形确认 · 多边形确认失败 · rejected=0 · elapsed_ms=1.3
[WARN] [1786546217.300257]: 开始进行多边形确认 · 多边形确认失败 · rejected=0 · elapsed_ms=1.4
[WARN] [1786546217.434645]: 开始进行多边形确认 · 多边形确认失败 · rejected=0 · elapsed_ms=1.3
[WARN] [1786546217.556159]: 开始进行多边形确认 · 多边形确认失败 · rejected=0 · elapsed_ms=1.2
[WARN] [1786546217.665427]: 开始进行多边形确认 · 多边形确认失败 · rejected=0 · elapsed_ms=1.3
[WARN] [1786546217.789604]: 开始进行多边形确认 · 多边形确认失败 · rejected=0 · elapsed_ms=1.5
[WARN] [1786546217.914951]: 开始进行多边形确认 · 多边形确认失败 · rejected=0 · elapsed_ms=2.6
[WARN] [1786546218.048656]: 开始进行多边形确认 · 多边形确认失败 · rejected=0 · elapsed_ms=2.1
[WARN] [1786546218.175917]: 开始进行多边形确认 · 多边形确认失败 · rejected=0 · elapsed_ms=1.6
[WARN] [1786546218.299686]: 开始进行多边形确认 · 多边形确认失败 · rejected=0 · elapsed_ms=1.6
[WARN] [1786546218.422598]: 开始进行多边形确认 · 多边形确认失败 · rejected=0 · elapsed_ms=1.4
[WARN] [1786546218.566632]: 开始进行多边形确认 · 多边形确认失败 · rejected=0 · elapsed_ms=1.4
[WARN] [1786546218.655332]: 开始进行多边形确认 · 多边形确认失败 · rejected=0 · elapsed_ms=1.2
[WARN] [1786546218.775229]: 开始进行多边形确认 · 多边形确认失败 · rejected=0 · elapsed_ms=1.2
[WARN] [1786546218.907258]: 开始进行多边形确认 · 多边形确认失败 · rejected=0 · elapsed_ms=1.2
[WARN] [1786546219.041351]: 开始进行多边形确认 · 多边形确认失败 · rejected=0 · elapsed_ms=1.9
[WARN] [1786546219.173613]: 开始进行多边形确认 · 多边形确认失败 · rejected=0 · elapsed_ms=1.6
[WARN] [1786546219.436959]: 开始进行多边形确认 · 多边形确认失败 · rejected=0 · elapsed_ms=1.6
[WARN] [1786546219.573978]: 开始进行多边形确认 · 多边形确认失败 · rejected=0 · elapsed_ms=1.4
[WARN] [1786546219.678606]: 开始进行多边形确认 · 多边形确认失败 · rejected=0 · elapsed_ms=1.3
[WARN] [1786546219.802583]: 开始进行多边形确认 · 多边形确认失败 · rejected=0 · elapsed_ms=1.2
[WARN] [1786546219.926565]: 开始进行多边形确认 · 多边形确认失败 · rejected=0 · elapsed_ms=1.5
[WARN] [1786546220.059286]: 开始进行多边形确认 · 多边形确认失败 · rejected=0 · elapsed_ms=1.4
[WARN] [1786546220.179733]: 开始进行多边形确认 · 多边形确认失败 · rejected=0 · elapsed_ms=1.4
[WARN] [1786546220.427472]: 开始进行多边形确认 · 多边形确认失败 · rejected=0 · elapsed_ms=1.3
[WARN] [1786546220.580920]: 开始进行多边形确认 · 多边形确认失败 · rejected=0 · elapsed_ms=1.7
[WARN] [1786546220.748039]: 开始进行多边形确认 · 多边形确认失败 · rejected=0 · elapsed_ms=1.3
[WARN] [1786546220.824366]: 开始进行多边形确认 · 多边形确认失败 · rejected=0 · elapsed_ms=1.2
[WARN] [1786546220.955134]: 开始进行多边形确认 · 多边形确认失败 · rejected=0 · elapsed_ms=1.4
[WARN] [1786546221.080912]: 开始进行多边形确认 · 多边形确认失败 · rejected=0 · elapsed_ms=1.4
[WARN] [1786546221.204670]: 开始进行多边形确认 · 多边形确认失败 · rejected=0 · elapsed_ms=1.4
[WARN] [1786546221.448714]: 开始进行多边形确认 · 多边形确认失败 · rejected=0 · elapsed_ms=1.2
[WARN] [1786546221.574062]: 开始进行多边形确认 · 多边形确认失败 · rejected=0 · elapsed_ms=1.2
[WARN] [1786546221.939758]: 开始进行多边形确认 · 多边形确认失败 · rejected=0 · elapsed_ms=1.2
[WARN] [1786546222.219677]: 开始进行多边形确认 · 多边形确认失败 · rejected=0 · elapsed_ms=19.7
[WARN] [1786546222.320845]: 开始进行多边形确认 · 多边形确认失败 · rejected=0 · elapsed_ms=1.4
[WARN] [1786546222.443318]: 开始进行多边形确认 · 多边形确认失败 · rejected=0 · elapsed_ms=1.3
[WARN] [1786546222.562947]: 开始进行多边形确认 · 多边形确认失败 · rejected=0 · elapsed_ms=1.1
[WARN] [1786546222.697158]: 开始进行多边形确认 · 多边形确认失败 · rejected=0 · elapsed_ms=1.5
[WARN] [1786546222.825798]: 开始进行多边形确认 · 多边形确认失败 · rejected=0 · elapsed_ms=1.3
[WARN] [1786546222.937461]: 开始进行多边形确认 · 多边形确认失败 · rejected=0 · elapsed_ms=1.3
[WARN] [1786546223.214314]: 开始进行多边形确认 · 多边形确认失败 · rejected=0 · elapsed_ms=1.3
[WARN] [1786546223.331756]: 开始进行多边形确认 · 多边形确认失败 · rejected=0 · elapsed_ms=1.4
[WARN] [1786546223.458927]: 开始进行多边形确认 · 多边形确认失败 · rejected=0 · elapsed_ms=1.7
[WARN] [1786546223.589639]: 开始进行多边形确认 · 多边形确认失败 · rejected=0 · elapsed_ms=1.8
[WARN] [1786546223.839277]: 开始进行多边形确认 · 多边形确认失败 · rejected=0 · elapsed_ms=1.5
[WARN] [1786546223.956595]: 开始进行多边形确认 · 多边形确认失败 · rejected=0 · elapsed_ms=1.4
[WARN] [1786546224.069093]: 开始进行多边形确认 · 多边形确认失败 · rejected=0 · elapsed_ms=1.3
[WARN] [1786546224.196564]: 开始进行多边形确认 · 多边形确认失败 · rejected=0 · elapsed_ms=1.2
[WARN] [1786546224.335388]: 开始进行多边形确认 · 多边形确认失败 · rejected=0 · elapsed_ms=1.3
[WARN] [1786546224.453670]: 开始进行多边形确认 · 多边形确认失败 · rejected=0 · elapsed_ms=1.4
[WARN] [1786546224.607694]: CITRUS_CENTER reject instances=0 reason=polygon circle inlier ratio 0.21 is below 0.30
[WARN] [1786546224.608906]: 开始进行多边形确认 · 多边形确认失败 · rejected=1 · elapsed_ms=24.1
[WARN] [1786546224.707431]: 开始进行多边形确认 · 多边形确认失败 · rejected=0 · elapsed_ms=1.3
[WARN] [1786546224.836135]: 开始进行多边形确认 · 多边形确认失败 · rejected=0 · elapsed_ms=1.5
[WARN] [1786546224.961878]: 开始进行多边形确认 · 多边形确认失败 · rejected=0 · elapsed_ms=2.5
[WARN] [1786546225.102557]: 开始进行多边形确认 · 多边形确认失败 · rejected=0 · elapsed_ms=1.2
[WARN] [1786546225.466089]: 开始进行多边形确认 · 多边形确认失败 · rejected=1 · elapsed_ms=7.7
[WARN] [1786546225.602344]: 开始进行多边形确认 · 多边形确认失败 · rejected=1 · elapsed_ms=9.8
[WARN] [1786546225.719941]: 开始进行多边形确认 · 多边形确认失败 · rejected=0 · elapsed_ms=1.9
[WARN] [1786546225.842666]: 开始进行多边形确认 · 多边形确认失败 · rejected=0 · elapsed_ms=1.4
[WARN] [1786546225.963492]: 开始进行多边形确认 · 多边形确认失败 · rejected=0 · elapsed_ms=1.3
[WARN] [1786546226.104296]: 开始进行多边形确认 · 多边形确认失败 · rejected=0 · elapsed_ms=1.8
[WARN] [1786546226.346836]: 开始进行多边形确认 · 多边形确认失败 · rejected=0 · elapsed_ms=1.4
[WARN] [1786546226.464457]: 开始进行多边形确认 · 多边形确认失败 · rejected=0 · elapsed_ms=1.4
[WARN] [1786546226.584144]: 开始进行多边形确认 · 多边形确认失败 · rejected=0 · elapsed_ms=1.4
[WARN] [1786546226.724286]: 开始进行多边形确认 · 多边形确认失败 · rejected=0 · elapsed_ms=1.6
[WARN] [1786546226.843922]: 开始进行多边形确认 · 多边形确认失败 · rejected=0 · elapsed_ms=1.7
[WARN] [1786546227.131482]: 开始进行多边形确认 · 多边形确认失败 · rejected=0 · elapsed_ms=1.6
[WARN] [1786546227.227087]: 开始进行多边形确认 · 多边形确认失败 · rejected=0 · elapsed_ms=2.3
[WARN] [1786546227.347167]: 开始进行多边形确认 · 多边形确认失败 · rejected=0 · elapsed_ms=1.5
[WARN] [1786546227.488143]: 开始进行多边形确认 · 多边形确认失败 · rejected=0 · elapsed_ms=1.7
[WARN] [1786546227.615993]: 开始进行多边形确认 · 多边形确认失败 · rejected=0 · elapsed_ms=1.3
[WARN] [1786546227.736088]: 开始进行多边形确认 · 多边形确认失败 · rejected=0 · elapsed_ms=1.5
[WARN] [1786546227.867886]: 开始进行多边形确认 · 多边形确认失败 · rejected=0 · elapsed_ms=1.4
[WARN] [1786546227.984220]: 开始进行多边形确认 · 多边形确认失败 · rejected=0 · elapsed_ms=1.3
[WARN] [1786546228.086176]: 开始进行多边形确认 · 多边形确认失败 · rejected=0 · elapsed_ms=1.5
[WARN] [1786546228.223927]: 开始进行多边形确认 · 多边形确认失败 · rejected=0 · elapsed_ms=1.4
[WARN] [1786546228.339248]: 开始进行多边形确认 · 多边形确认失败 · rejected=0 · elapsed_ms=1.6
[WARN] [1786546228.460331]: 开始进行多边形确认 · 多边形确认失败 · rejected=0 · elapsed_ms=1.1
[WARN] [1786546228.579434]: 开始进行多边形确认 · 多边形确认失败 · rejected=0 · elapsed_ms=1.5
[WARN] [1786546228.713380]: 开始进行多边形确认 · 多边形确认失败 · rejected=0 · elapsed_ms=1.4
[WARN] [1786546228.842755]: 开始进行多边形确认 · 多边形确认失败 · rejected=0 · elapsed_ms=1.2
[WARN] [1786546228.964109]: 开始进行多边形确认 · 多边形确认失败 · rejected=0 · elapsed_ms=1.3
[WARN] [1786546229.091558]: 开始进行多边形确认 · 多边形确认失败 · rejected=0 · elapsed_ms=1.5
[WARN] [1786546229.248105]: 开始进行多边形确认 · 多边形确认失败 · rejected=0 · elapsed_ms=1.4
[WARN] [1786546229.339071]: 开始进行多边形确认 · 多边形确认失败 · rejected=0 · elapsed_ms=1.3
[WARN] [1786546229.594021]: 开始进行多边形确认 · 多边形确认失败 · rejected=0 · elapsed_ms=1.4
[WARN] [1786546229.716848]: 开始进行多边形确认 · 多边形确认失败 · rejected=0 · elapsed_ms=1.3
[WARN] [1786546229.841874]: 开始进行多边形确认 · 多边形确认失败 · rejected=0 · elapsed_ms=1.4
[WARN] [1786546229.973089]: 开始进行多边形确认 · 多边形确认失败 · rejected=0 · elapsed_ms=1.5
[WARN] [1786546230.238303]: 开始进行多边形确认 · 多边形确认失败 · rejected=0 · elapsed_ms=1.6
[WARN] [1786546230.359106]: 开始进行多边形确认 · 多边形确认失败 · rejected=0 · elapsed_ms=1.4
[WARN] [1786546230.722330]: 开始进行多边形确认 · 多边形确认失败 · rejected=0 · elapsed_ms=2.5
[WARN] [1786546230.839616]: 开始进行多边形确认 · 多边形确认失败 · rejected=0 · elapsed_ms=1.7
[WARN] [1786546230.971496]: 开始进行多边形确认 · 多边形确认失败 · rejected=0 · elapsed_ms=1.7
[WARN] [1786546231.103053]: 开始进行多边形确认 · 多边形确认失败 · rejected=0 · elapsed_ms=1.7
[WARN] [1786546231.284301]: 开始进行多边形确认 · 多边形确认失败 · rejected=0 · elapsed_ms=8.8
[WARN] [1786546231.374923]: 开始进行多边形确认 · 多边形确认失败 · rejected=0 · elapsed_ms=1.3
[WARN] [1786546231.467480]: 开始进行多边形确认 · 多边形确认失败 · rejected=0 · elapsed_ms=1.2
[WARN] [1786546231.594157]: 开始进行多边形确认 · 多边形确认失败 · rejected=0 · elapsed_ms=1.3
[WARN] [1786546231.714997]: 开始进行多边形确认 · 多边形确认失败 · rejected=0 · elapsed_ms=1.2
[WARN] [1786546231.842065]: 开始进行多边形确认 · 多边形确认失败 · rejected=0 · elapsed_ms=1.2
[WARN] [1786546231.970714]: 开始进行多边形确认 · 多边形确认失败 · rejected=0 · elapsed_ms=1.1
[WARN] [1786546232.100557]: 开始进行多边形确认 · 多边形确认失败 · rejected=0 · elapsed_ms=1.3
[WARN] [1786546232.241239]: 开始进行多边形确认 · 多边形确认失败 · rejected=0 · elapsed_ms=2.3
[WARN] [1786546232.370987]: 开始进行多边形确认 · 多边形确认失败 · rejected=0 · elapsed_ms=8.3
[WARN] [1786546232.490049]: 开始进行多边形确认 · 多边形确认失败 · rejected=0 · elapsed_ms=1.4
[WARN] [1786546232.615317]: 开始进行多边形确认 · 多边形确认失败 · rejected=0 · elapsed_ms=1.4
[WARN] [1786546232.741156]: 开始进行多边形确认 · 多边形确认失败 · rejected=0 · elapsed_ms=1.5
[WARN] [1786546232.867872]: 开始进行多边形确认 · 多边形确认失败 · rejected=0 · elapsed_ms=1.5
[WARN] [1786546233.237530]: 开始进行多边形确认 · 多边形确认失败 · rejected=0 · elapsed_ms=1.4
[WARN] [1786546233.363460]: 开始进行多边形确认 · 多边形确认失败 · rejected=0 · elapsed_ms=1.6
[WARN] [1786546233.499519]: 开始进行多边形确认 · 多边形确认失败 · rejected=0 · elapsed_ms=1.4
[WARN] [1786546233.595542]: 开始进行多边形确认 · 多边形确认失败 · rejected=0 · elapsed_ms=1.3
[WARN] [1786546233.718257]: 开始进行多边形确认 · 多边形确认失败 · rejected=0 · elapsed_ms=1.2
[WARN] [1786546233.964263]: 开始进行多边形确认 · 多边形确认失败 · rejected=0 · elapsed_ms=1.2
[WARN] [1786546234.103160]: 开始进行多边形确认 · 多边形确认失败 · rejected=0 · elapsed_ms=1.1
[WARN] [1786546234.232445]: 开始进行多边形确认 · 多边形确认失败 · rejected=0 · elapsed_ms=1.2
[WARN] [1786546234.352971]: 开始进行多边形确认 · 多边形确认失败 · rejected=0 · elapsed_ms=1.5
[WARN] [1786546234.513154]: 开始进行多边形确认 · 多边形确认失败 · rejected=0 · elapsed_ms=1.3
[WARN] [1786546234.620546]: 开始进行多边形确认 · 多边形确认失败 · rejected=0 · elapsed_ms=1.3
[WARN] [1786546234.741702]: 开始进行多边形确认 · 多边形确认失败 · rejected=0 · elapsed_ms=1.4
[WARN] [1786546235.026620]: 开始进行多边形确认 · 多边形确认失败 · rejected=0 · elapsed_ms=1.7
[WARN] [1786546235.143066]: 开始进行多边形确认 · 多边形确认失败 · rejected=0 · elapsed_ms=1.6
[WARN] [1786546235.239586]: 开始进行多边形确认 · 多边形确认失败 · rejected=0 · elapsed_ms=1.3
[WARN] [1786546235.518420]: 开始进行多边形确认 · 多边形确认失败 · rejected=0 · elapsed_ms=1.4
[WARN] [1786546235.619426]: 开始进行多边形确认 · 多边形确认失败 · rejected=0 · elapsed_ms=1.3
[WARN] [1786546235.742063]: 开始进行多边形确认 · 多边形确认失败 · rejected=0 · elapsed_ms=1.3
[WARN] [1786546235.865371]: 开始进行多边形确认 · 多边形确认失败 · rejected=0 · elapsed_ms=1.3
[WARN] [1786546235.992909]: 开始进行多边形确认 · 多边形确认失败 · rejected=0 · elapsed_ms=1.4
[WARN] [1786546236.120977]: 开始进行多边形确认 · 多边形确认失败 · rejected=0 · elapsed_ms=1.1
[WARN] [1786546236.243337]: 开始进行多边形确认 · 多边形确认失败 · rejected=0 · elapsed_ms=1.2
[WARN] [1786546236.366816]: 开始进行多边形确认 · 多边形确认失败 · rejected=0 · elapsed_ms=1.5
[INFO] [1786546222.695693]: 开始进行多边形确认 · detections=1
[INFO] [1786546222.824603]: 开始进行多边形确认 · detections=1
[INFO] [1786546222.936218]: 开始进行多边形确认 · detections=1
[INFO] [1786546223.213080]: 开始进行多边形确认 · detections=1
[INFO] [1786546223.330437]: 开始进行多边形确认 · detections=1
[INFO] [1786546223.457300]: 开始进行多边形确认 · detections=1
[INFO] [1786546223.587958]: 开始进行多边形确认 · detections=1
[INFO] [1786546223.837811]: 开始进行多边形确认 · detections=1
[INFO] [1786546223.955193]: 开始进行多边形确认 · detections=1
[INFO] [1786546224.067870]: 开始进行多边形确认 · detections=1
[INFO] [1786546224.195412]: 开始进行多边形确认 · detections=1
[INFO] [1786546224.334153]: 开始进行多边形确认 · detections=1
[INFO] [1786546224.452378]: 开始进行多边形确认 · detections=1
[INFO] [1786546224.584950]: 开始进行多边形确认 · detections=1
[INFO] [1786546224.610384]: RGB-D vision status: model_ready:onnxruntime targets:1 centers:0 tf:0 rejected:1 merged:0 semantic_masks:1
[INFO] [1786546224.706228]: 开始进行多边形确认 · detections=1
[INFO] [1786546224.834724]: 开始进行多边形确认 · detections=1
[INFO] [1786546224.959411]: 开始进行多边形确认 · detections=1
[INFO] [1786546225.101405]: 开始进行多边形确认 · detections=1
[INFO] [1786546225.458437]: 开始进行多边形确认 · detections=2
[INFO] [1786546225.592632]: 开始进行多边形确认 · detections=2
[INFO] [1786546225.718126]: 开始进行多边形确认 · detections=1
[INFO] [1786546225.841365]: 开始进行多边形确认 · detections=1
[INFO] [1786546225.962277]: 开始进行多边形确认 · detections=1
[INFO] [1786546226.102550]: 开始进行多边形确认 · detections=1
[INFO] [1786546226.345502]: 开始进行多边形确认 · detections=1
[INFO] [1786546226.463182]: 开始进行多边形确认 · detections=1
[INFO] [1786546226.582791]: 开始进行多边形确认 · detections=1
[INFO] [1786546226.722850]: 开始进行多边形确认 · detections=1
[INFO] [1786546226.842304]: 开始进行多边形确认 · detections=1
[INFO] [1786546227.130028]: 开始进行多边形确认 · detections=1
[INFO] [1786546227.224880]: 开始进行多边形确认 · detections=1
[INFO] [1786546227.345712]: 开始进行多边形确认 · detections=1
[INFO] [1786546227.486550]: 开始进行多边形确认 · detections=1
[INFO] [1786546227.614744]: 开始进行多边形确认 · detections=1
[INFO] [1786546227.734687]: 开始进行多边形确认 · detections=1
[INFO] [1786546227.866605]: 开始进行多边形确认 · detections=1
[INFO] [1786546227.982988]: 开始进行多边形确认 · detections=1
[INFO] [1786546228.084775]: 开始进行多边形确认 · detections=1
[INFO] [1786546228.222577]: 开始进行多边形确认 · detections=1
[INFO] [1786546228.337766]: 开始进行多边形确认 · detections=1
[INFO] [1786546228.459305]: 开始进行多边形确认 · detections=1
[INFO] [1786546228.578026]: 开始进行多边形确认 · detections=1
[INFO] [1786546228.712023]: 开始进行多边形确认 · detections=1
[INFO] [1786546228.841628]: 开始进行多边形确认 · detections=1
[INFO] [1786546228.962857]: 开始进行多边形确认 · detections=1
[INFO] [1786546229.090147]: 开始进行多边形确认 · detections=1
[INFO] [1786546229.246822]: 开始进行多边形确认 · detections=1
[INFO] [1786546229.337823]: 开始进行多边形确认 · detections=1
[INFO] [1786546229.592728]: 开始进行多边形确认 · detections=1
[INFO] [1786546229.715585]: 开始进行多边形确认 · detections=1
[INFO] [1786546229.840565]: 开始进行多边形确认 · detections=1
[INFO] [1786546229.971655]: 开始进行多边形确认 · detections=1
[INFO] [1786546230.097762]: RGB-D vision status: model_ready:onnxruntime targets:0 centers:0 tf:0 rejected:0 merged:0 semantic_masks:0
[INFO] [1786546230.236823]: 开始进行多边形确认 · detections=1
[INFO] [1786546230.357829]: 开始进行多边形确认 · detections=1
[INFO] [1786546230.719898]: 开始进行多边形确认 · detections=1
[INFO] [1786546230.838026]: 开始进行多边形确认 · detections=1
[INFO] [1786546230.969925]: 开始进行多边形确认 · detections=1
[INFO] [1786546231.101441]: 开始进行多边形确认 · detections=1
[INFO] [1786546231.275527]: 开始进行多边形确认 · detections=1
[INFO] [1786546231.373657]: 开始进行多边形确认 · detections=1
[INFO] [1786546231.466385]: 开始进行多边形确认 · detections=1
[INFO] [1786546231.592929]: 开始进行多边形确认 · detections=1
[INFO] [1786546231.713883]: 开始进行多边形确认 · detections=1
[INFO] [1786546231.840921]: 开始进行多边形确认 · detections=1
[INFO] [1786546231.969650]: 开始进行多边形确认 · detections=1
[INFO] [1786546232.099322]: 开始进行多边形确认 · detections=1
[INFO] [1786546232.239044]: 开始进行多边形确认 · detections=1
[INFO] [1786546232.362757]: 开始进行多边形确认 · detections=1
[INFO] [1786546232.488769]: 开始进行多边形确认 · detections=1
[INFO] [1786546232.613971]: 开始进行多边形确认 · detections=1
[INFO] [1786546232.739784]: 开始进行多边形确认 · detections=1
[INFO] [1786546232.866487]: 开始进行多边形确认 · detections=1
[INFO] [1786546233.236174]: 开始进行多边形确认 · detections=1
[INFO] [1786546233.361976]: 开始进行多边形确认 · detections=1
[INFO] [1786546233.498243]: 开始进行多边形确认 · detections=1
[INFO] [1786546233.594316]: 开始进行多边形确认 · detections=1
[INFO] [1786546233.717077]: 开始进行多边形确认 · detections=1
[INFO] [1786546233.963168]: 开始进行多边形确认 · detections=1
[INFO] [1786546234.102137]: 开始进行多边形确认 · detections=1
[INFO] [1786546234.231293]: 开始进行多边形确认 · detections=1
[INFO] [1786546234.351539]: 开始进行多边形确认 · detections=1
[INFO] [1786546234.511918]: 开始进行多边形确认 · detections=1
[INFO] [1786546234.619354]: 开始进行多边形确认 · detections=1
[INFO] [1786546234.740367]: 开始进行多边形确认 · detections=1
[INFO] [1786546235.024955]: 开始进行多边形确认 · detections=1
[INFO] [1786546235.141565]: 开始进行多边形确认 · detections=1
[INFO] [1786546235.238402]: 开始进行多边形确认 · detections=1
[INFO] [1786546235.365712]: RGB-D vision status: model_ready:onnxruntime targets:0 centers:0 tf:0 rejected:0 merged:0 semantic_masks:0
[INFO] [1786546235.517087]: 开始进行多边形确认 · detections=1
[INFO] [1786546235.618164]: 开始进行多边形确认 · detections=1
[INFO] [1786546235.740820]: 开始进行多边形确认 · detections=1
[INFO] [1786546235.864107]: 开始进行多边形确认 · detections=1
[INFO] [1786546235.991623]: 开始进行多边形确认 · detections=1
[INFO] [1786546236.119940]: 开始进行多边形确认 · detections=1
[INFO] [1786546236.242201]: 开始进行多边形确认 · detections=1
[INFO] [1786546236.365394]: 开始进行多边形确认 · detections=1
[INFO] [1786546236.620216]: 开始进行多边形确认 · detections=1
[INFO] [1786546236.744650]: 开始进行多边形确认 · detections=1
[INFO] [1786546236.872577]: 开始进行多边形确认 · detections=1
[INFO] [1786546236.999452]: 开始进行多边形确认 · detections=1
[INFO] [1786546237.118385]: 开始进行多边形确认 · detections=1
[INFO] [1786546237.372592]: 开始进行多边形确认 · detections=1
[INFO] [1786546237.494754]: 开始进行多边形确认 · detections=1
[INFO] [1786546237.635936]: 开始进行多边形确认 · detections=1
[INFO] [1786546237.748900]: 开始进行多边形确认 · detections=1
[INFO] [1786546237.889553]: 开始进行多边形确认 · detections=1
[INFO] [1786546238.004209]: 开始进行多边形确认 · detections=1
[INFO] [1786546238.233411]: 开始进行多边形确认 · detections=1
[INFO] [1786546238.351469]: 开始进行多边形确认 · detections=1
[WARN] [1786546236.621345]: 开始进行多边形确认 · 多边形确认失败 · rejected=0 · elapsed_ms=1.2
[WARN] [1786546236.745816]: 开始进行多边形确认 · 多边形确认失败 · rejected=0 · elapsed_ms=1.2
[WARN] [1786546236.873761]: 开始进行多边形确认 · 多边形确认失败 · rejected=0 · elapsed_ms=1.3
[WARN] [1786546237.000799]: 开始进行多边形确认 · 多边形确认失败 · rejected=0 · elapsed_ms=1.4
[WARN] [1786546237.120152]: 开始进行多边形确认 · 多边形确认失败 · rejected=0 · elapsed_ms=1.8
[WARN] [1786546237.373758]: 开始进行多边形确认 · 多边形确认失败 · rejected=0 · elapsed_ms=1.3
[WARN] [1786546237.495869]: 开始进行多边形确认 · 多边形确认失败 · rejected=0 · elapsed_ms=1.2
[WARN] [1786546237.637212]: 开始进行多边形确认 · 多边形确认失败 · rejected=0 · elapsed_ms=1.4
[WARN] [1786546237.750070]: 开始进行多边形确认 · 多边形确认失败 · rejected=0 · elapsed_ms=1.2
[WARN] [1786546237.890807]: 开始进行多边形确认 · 多边形确认失败 · rejected=0 · elapsed_ms=1.3
[WARN] [1786546238.005479]: 开始进行多边形确认 · 多边形确认失败 · rejected=0 · elapsed_ms=1.4
[WARN] [1786546238.234605]: 开始进行多边形确认 · 多边形确认失败 · rejected=0 · elapsed_ms=1.3
[WARN] [1786546238.352772]: 开始进行多边形确认 · 多边形确认失败 · rejected=0 · elapsed_ms=1.4
[WARN] [1786546238.481733]: 开始进行多边形确认 · 多边形确认失败 · rejected=0 · elapsed_ms=1.6
[WARN] [1786546238.671912]: 开始进行多边形确认 · 多边形确认失败 · rejected=0 · elapsed_ms=1.4
[WARN] [1786546238.736257]: 开始进行多边形确认 · 多边形确认失败 · rejected=0 · elapsed_ms=1.6
[WARN] [1786546238.866720]: 开始进行多边形确认 · 多边形确认失败 · rejected=0 · elapsed_ms=1.5
[WARN] [1786546239.121915]: 开始进行多边形确认 · 多边形确认失败 · rejected=0 · elapsed_ms=1.1
[WARN] [1786546239.245801]: 开始进行多边形确认 · 多边形确认失败 · rejected=0 · elapsed_ms=1.3
[WARN] [1786546239.373209]: 开始进行多边形确认 · 多边形确认失败 · rejected=0 · elapsed_ms=1.4
[WARN] [1786546239.633089]: 开始进行多边形确认 · 多边形确认失败 · rejected=0 · elapsed_ms=1.3
[WARN] [1786546239.756761]: 开始进行多边形确认 · 多边形确认失败 · rejected=0 · elapsed_ms=1.3
[WARN] [1786546239.867919]: 开始进行多边形确认 · 多边形确认失败 · rejected=0 · elapsed_ms=2.0
[WARN] [1786546240.002114]: 开始进行多边形确认 · 多边形确认失败 · rejected=0 · elapsed_ms=1.4
[WARN] [1786546240.131946]: 开始进行多边形确认 · 多边形确认失败 · rejected=0 · elapsed_ms=1.8
[WARN] [1786546240.253613]: 开始进行多边形确认 · 多边形确认失败 · rejected=0 · elapsed_ms=1.5
[WARN] [1786546240.364874]: 开始进行多边形确认 · 多边形确认失败 · rejected=0 · elapsed_ms=1.5
[WARN] [1786546240.487896]: 开始进行多边形确认 · 多边形确认失败 · rejected=0 · elapsed_ms=1.5
[WARN] [1786546240.614576]: 开始进行多边形确认 · 多边形确认失败 · rejected=0 · elapsed_ms=1.3
[WARN] [1786546240.768955]: 开始进行多边形确认 · 多边形确认失败 · rejected=0 · elapsed_ms=1.6
[WARN] [1786546240.891067]: 开始进行多边形确认 · 多边形确认失败 · rejected=0 · elapsed_ms=1.4
[WARN] [1786546240.995926]: 开始进行多边形确认 · 多边形确认失败 · rejected=0 · elapsed_ms=1.8
[WARN] [1786546241.125858]: 开始进行多边形确认 · 多边形确认失败 · rejected=0 · elapsed_ms=1.6
[WARN] [1786546241.254538]: 开始进行多边形确认 · 多边形确认失败 · rejected=0 · elapsed_ms=1.7
[WARN] [1786546241.496030]: 开始进行多边形确认 · 多边形确认失败 · rejected=0 · elapsed_ms=1.4
[WARN] [1786546241.616818]: 开始进行多边形确认 · 多边形确认失败 · rejected=0 · elapsed_ms=1.5
[WARN] [1786546241.752311]: 开始进行多边形确认 · 多边形确认失败 · rejected=0 · elapsed_ms=1.4
[WARN] [1786546241.903898]: 开始进行多边形确认 · 多边形确认失败 · rejected=0 · elapsed_ms=1.2
[WARN] [1786546241.996362]: 开始进行多边形确认 · 多边形确认失败 · rejected=0 · elapsed_ms=2.2
[WARN] [1786546242.136812]: 开始进行多边形确认 · 多边形确认失败 · rejected=0 · elapsed_ms=2.9
[WARN] [1786546242.265002]: 开始进行多边形确认 · 多边形确认失败 · rejected=0 · elapsed_ms=1.7
[WARN] [1786546242.393071]: 开始进行多边形确认 · 多边形确认失败 · rejected=0 · elapsed_ms=1.4
[WARN] [1786546242.510614]: 开始进行多边形确认 · 多边形确认失败 · rejected=0 · elapsed_ms=1.5
[WARN] [1786546242.640326]: 开始进行多边形确认 · 多边形确认失败 · rejected=0 · elapsed_ms=1.2
[WARN] [1786546242.762341]: 开始进行多边形确认 · 多边形确认失败 · rejected=0 · elapsed_ms=1.3
[WARN] [1786546242.898179]: 开始进行多边形确认 · 多边形确认失败 · rejected=0 · elapsed_ms=1.5
[WARN] [1786546243.032197]: 开始进行多边形确认 · 多边形确认失败 · rejected=0 · elapsed_ms=1.3
[WARN] [1786546243.125451]: 开始进行多边形确认 · 多边形确认失败 · rejected=0 · elapsed_ms=1.3
[WARN] [1786546243.246473]: 开始进行多边形确认 · 多边形确认失败 · rejected=0 · elapsed_ms=1.6
[WARN] [1786546243.513866]: 开始进行多边形确认 · 多边形确认失败 · rejected=0 · elapsed_ms=1.3
[WARN] [1786546243.637784]: 开始进行多边形确认 · 多边形确认失败 · rejected=0 · elapsed_ms=1.1
[WARN] [1786546243.757815]: 开始进行多边形确认 · 多边形确认失败 · rejected=0 · elapsed_ms=1.1
[WARN] [1786546243.892991]: 开始进行多边形确认 · 多边形确认失败 · rejected=0 · elapsed_ms=1.3
[WARN] [1786546244.075865]: 开始进行多边形确认 · 多边形确认失败 · rejected=0 · elapsed_ms=1.3
[WARN] [1786546244.266506]: 开始进行多边形确认 · 多边形确认失败 · rejected=0 · elapsed_ms=1.6
[WARN] [1786546244.395456]: 开始进行多边形确认 · 多边形确认失败 · rejected=0 · elapsed_ms=1.3
[WARN] [1786546244.526369]: 开始进行多边形确认 · 多边形确认失败 · rejected=0 · elapsed_ms=1.4
[WARN] [1786546244.643909]: 开始进行多边形确认 · 多边形确认失败 · rejected=0 · elapsed_ms=1.5
[WARN] [1786546244.753648]: 开始进行多边形确认 · 多边形确认失败 · rejected=0 · elapsed_ms=1.2
[WARN] [1786546244.878900]: 开始进行多边形确认 · 多边形确认失败 · rejected=0 · elapsed_ms=1.2
[WARN] [1786546245.026807]: 开始进行多边形确认 · 多边形确认失败 · rejected=0 · elapsed_ms=1.4
[WARN] [1786546245.157888]: 开始进行多边形确认 · 多边形确认失败 · rejected=0 · elapsed_ms=1.5
[WARN] [1786546245.901125]: 开始进行多边形确认 · 多边形确认失败 · rejected=0 · elapsed_ms=1.2
[WARN] [1786546246.169756]: 开始进行多边形确认 · 多边形确认失败 · rejected=0 · elapsed_ms=1.4
[WARN] [1786546246.274751]: 开始进行多边形确认 · 多边形确认失败 · rejected=0 · elapsed_ms=1.2
[WARN] [1786546246.408129]: 开始进行多边形确认 · 多边形确认失败 · rejected=0 · elapsed_ms=1.4
[WARN] [1786546246.652308]: 开始进行多边形确认 · 多边形确认失败 · rejected=0 · elapsed_ms=1.5
[WARN] [1786546246.776933]: 开始进行多边形确认 · 多边形确认失败 · rejected=0 · elapsed_ms=1.2
[WARN] [1786546246.917025]: 开始进行多边形确认 · 多边形确认失败 · rejected=0 · elapsed_ms=19.8
[WARN] [1786546247.023253]: 开始进行多边形确认 · 多边形确认失败 · rejected=0 · elapsed_ms=1.5
[WARN] [1786546247.269705]: 开始进行多边形确认 · 多边形确认失败 · rejected=0 · elapsed_ms=1.7
[WARN] [1786546247.536400]: 开始进行多边形确认 · 多边形确认失败 · rejected=0 · elapsed_ms=1.8
[INFO] [1786546238.480167]: 开始进行多边形确认 · detections=1
[INFO] [1786546238.670504]: 开始进行多边形确认 · detections=1
[INFO] [1786546238.734783]: 开始进行多边形确认 · detections=1
[INFO] [1786546238.865321]: 开始进行多边形确认 · detections=1
[INFO] [1786546239.120914]: 开始进行多边形确认 · detections=1
[INFO] [1786546239.244544]: 开始进行多边形确认 · detections=1
[INFO] [1786546239.371893]: 开始进行多边形确认 · detections=1
[INFO] [1786546239.631822]: 开始进行多边形确认 · detections=1
[INFO] [1786546239.755527]: 开始进行多边形确认 · detections=1
[INFO] [1786546239.865953]: 开始进行多边形确认 · detections=1
[INFO] [1786546240.000806]: 开始进行多边形确认 · detections=1
[INFO] [1786546240.130211]: 开始进行多边形确认 · detections=1
[INFO] [1786546240.252258]: 开始进行多边形确认 · detections=1
[INFO] [1786546240.363454]: 开始进行多边形确认 · detections=1
[INFO] [1786546240.486498]: 开始进行多边形确认 · detections=1
[INFO] [1786546240.613339]: 开始进行多边形确认 · detections=1
[INFO] [1786546240.767456]: 开始进行多边形确认 · detections=1
[INFO] [1786546240.889792]: 开始进行多边形确认 · detections=1
[INFO] [1786546240.994206]: 开始进行多边形确认 · detections=1
[INFO] [1786546241.124359]: 开始进行多边形确认 · detections=1
[INFO] [1786546241.252932]: 开始进行多边形确认 · detections=1
[INFO] [1786546241.385288]: RGB-D vision status: model_ready:onnxruntime targets:0 centers:0 tf:0 rejected:0 merged:0 semantic_masks:0
[INFO] [1786546241.494739]: 开始进行多边形确认 · detections=1
[INFO] [1786546241.615394]: 开始进行多边形确认 · detections=1
[INFO] [1786546241.750992]: 开始进行多边形确认 · detections=1
[INFO] [1786546241.902767]: 开始进行多边形确认 · detections=1
[INFO] [1786546241.994170]: 开始进行多边形确认 · detections=1
[INFO] [1786546242.133949]: 开始进行多边形确认 · detections=1
[INFO] [1786546242.263414]: 开始进行多边形确认 · detections=1
[INFO] [1786546242.391754]: 开始进行多边形确认 · detections=1
[INFO] [1786546242.509191]: 开始进行多边形确认 · detections=1
[INFO] [1786546242.639174]: 开始进行多边形确认 · detections=1
[INFO] [1786546242.761072]: 开始进行多边形确认 · detections=1
[INFO] [1786546242.896750]: 开始进行多边形确认 · detections=1
[INFO] [1786546243.030956]: 开始进行多边形确认 · detections=1
[INFO] [1786546243.124190]: 开始进行多边形确认 · detections=1
[INFO] [1786546243.244915]: 开始进行多边形确认 · detections=1
[INFO] [1786546243.512650]: 开始进行多边形确认 · detections=1
[INFO] [1786546243.636738]: 开始进行多边形确认 · detections=1
[INFO] [1786546243.756821]: 开始进行多边形确认 · detections=1
[INFO] [1786546243.891816]: 开始进行多边形确认 · detections=1
[INFO] [1786546244.074616]: 开始进行多边形确认 · detections=1
[INFO] [1786546244.265013]: 开始进行多边形确认 · detections=1
[INFO] [1786546244.394190]: 开始进行多边形确认 · detections=1
[INFO] [1786546244.525055]: 开始进行多边形确认 · detections=1
[INFO] [1786546244.642476]: 开始进行多边形确认 · detections=1
[INFO] [1786546244.752517]: 开始进行多边形确认 · detections=1
[INFO] [1786546244.877729]: 开始进行多边形确认 · detections=1
[INFO] [1786546245.025489]: 开始进行多边形确认 · detections=1
[INFO] [1786546245.156512]: 开始进行多边形确认 · detections=1
[INFO] [1786546245.900024]: 开始进行多边形确认 · detections=1
[INFO] [1786546246.168459]: 开始进行多边形确认 · detections=1
[INFO] [1786546246.273624]: 开始进行多边形确认 · detections=1
[INFO] [1786546246.406860]: 开始进行多边形确认 · detections=1
[INFO] [1786546246.527583]: RGB-D vision status: model_ready:onnxruntime targets:0 centers:0 tf:0 rejected:0 merged:0 semantic_masks:0
[INFO] [1786546246.650872]: 开始进行多边形确认 · detections=1
[INFO] [1786546246.775770]: 开始进行多边形确认 · detections=1
[INFO] [1786546246.897198]: 开始进行多边形确认 · detections=1
[INFO] [1786546247.021876]: 开始进行多边形确认 · detections=1
[INFO] [1786546247.268088]: 开始进行多边形确认 · detections=2
[INFO] [1786546247.534680]: 开始进行多边形确认 · detections=1
[INFO] [1786546247.661013]: 开始进行多边形确认 · detections=1
[INFO] [1786546247.779443]: 开始进行多边形确认 · detections=1
[INFO] [1786546247.907431]: 开始进行多边形确认 · detections=1
[INFO] [1786546248.030338]: 开始进行多边形确认 · detections=1
[INFO] [1786546248.169207]: 开始进行多边形确认 · detections=1
[INFO] [1786546248.410802]: 开始进行多边形确认 · detections=1
[INFO] [1786546248.663693]: 开始进行多边形确认 · detections=1
[INFO] [1786546248.787020]: 开始进行多边形确认 · detections=1
[INFO] [1786546248.927409]: 开始进行多边形确认 · detections=1
[INFO] [1786546249.042396]: 开始进行多边形确认 · detections=1
[INFO] [1786546249.145848]: 开始进行多边形确认 · detections=1
[INFO] [1786546249.338231]: 开始进行多边形确认 · detections=1
[INFO] [1786546249.530946]: 开始进行多边形确认 · detections=1
[INFO] [1786546249.682283]: 开始进行多边形确认 · detections=1
[INFO] [1786546249.785293]: 开始进行多边形确认 · detections=1
[INFO] [1786546249.909883]: 开始进行多边形确认 · detections=1
[INFO] [1786546250.028673]: 开始进行多边形确认 · detections=1
[INFO] [1786546250.156624]: 开始进行多边形确认 · detections=1
[INFO] [1786546250.281550]: 开始进行多边形确认 · detections=1
[INFO] [1786546250.429650]: 开始进行多边形确认 · detections=2
[INFO] [1786546250.544929]: 开始进行多边形确认 · detections=1
[INFO] [1786546250.675935]: 开始进行多边形确认 · detections=1
[INFO] [1786546250.799773]: 开始进行多边形确认 · detections=1
[INFO] [1786546250.925442]: 开始进行多边形确认 · detections=1
[INFO] [1786546251.046746]: 开始进行多边形确认 · detections=2
[INFO] [1786546251.162811]: 开始进行多边形确认 · detections=1
[INFO] [1786546251.296372]: 开始进行多边形确认 · detections=1
[INFO] [1786546251.437539]: 开始进行多边形确认 · detections=2
[INFO] [1786546251.550120]: 开始进行多边形确认 · detections=2
[INFO] [1786546251.671583]: RGB-D vision status: model_ready:onnxruntime targets:0 centers:0 tf:0 rejected:0 merged:0 semantic_masks:0
[INFO] [1786546251.921532]: 开始进行多边形确认 · detections=1
[INFO] [1786546252.043768]: 开始进行多边形确认 · detections=1
[INFO] [1786546252.169691]: 开始进行多边形确认 · detections=1
[INFO] [1786546252.297107]: 开始进行多边形确认 · detections=1
[INFO] [1786546252.426124]: 开始进行多边形确认 · detections=1
[INFO] [1786546252.562084]: 开始进行多边形确认 · detections=1
[INFO] [1786546252.784370]: 开始进行多边形确认 · detections=1
[INFO] [1786546252.907203]: 开始进行多边形确认 · detections=1
[INFO] [1786546253.029909]: 开始进行多边形确认 · detections=1
[INFO] [1786546253.154366]: 开始进行多边形确认 · detections=1
[INFO] [1786546253.670541]: 开始进行多边形确认 · detections=1
[INFO] [1786546253.794511]: 开始进行多边形确认 · detections=1
[INFO] [1786546254.038949]: 开始进行多边形确认 · detections=1
[INFO] [1786546254.294578]: 开始进行多边形确认 · detections=1
[INFO] [1786546254.580988]: 开始进行多边形确认 · detections=1
[INFO] [1786546254.662499]: 开始进行多边形确认 · detections=1
[INFO] [1786546254.789135]: 开始进行多边形确认 · detections=1
[INFO] [1786546255.065192]: 开始进行多边形确认 · detections=1
[INFO] [1786546255.182225]: 开始进行多边形确认 · detections=1
[INFO] [1786546255.336199]: 开始进行多边形确认 · detections=1
[WARN] [1786546247.662601]: 开始进行多边形确认 · 多边形确认失败 · rejected=0 · elapsed_ms=1.6
[WARN] [1786546247.780966]: 开始进行多边形确认 · 多边形确认失败 · rejected=0 · elapsed_ms=1.6
[WARN] [1786546247.908793]: 开始进行多边形确认 · 多边形确认失败 · rejected=0 · elapsed_ms=1.5
[WARN] [1786546248.031760]: 开始进行多边形确认 · 多边形确认失败 · rejected=0 · elapsed_ms=1.5
[WARN] [1786546248.170799]: 开始进行多边形确认 · 多边形确认失败 · rejected=0 · elapsed_ms=1.7
[WARN] [1786546248.412378]: 开始进行多边形确认 · 多边形确认失败 · rejected=0 · elapsed_ms=1.6
[WARN] [1786546248.665174]: 开始进行多边形确认 · 多边形确认失败 · rejected=0 · elapsed_ms=1.5
[WARN] [1786546248.788743]: 开始进行多边形确认 · 多边形确认失败 · rejected=0 · elapsed_ms=1.8
[WARN] [1786546248.928995]: 开始进行多边形确认 · 多边形确认失败 · rejected=0 · elapsed_ms=1.7
[WARN] [1786546249.043829]: 开始进行多边形确认 · 多边形确认失败 · rejected=0 · elapsed_ms=1.5
[WARN] [1786546249.147390]: 开始进行多边形确认 · 多边形确认失败 · rejected=0 · elapsed_ms=1.6
[WARN] [1786546249.339981]: 开始进行多边形确认 · 多边形确认失败 · rejected=0 · elapsed_ms=1.9
[WARN] [1786546249.532285]: 开始进行多边形确认 · 多边形确认失败 · rejected=0 · elapsed_ms=1.4
[WARN] [1786546249.683634]: 开始进行多边形确认 · 多边形确认失败 · rejected=0 · elapsed_ms=1.4
[WARN] [1786546249.786802]: 开始进行多边形确认 · 多边形确认失败 · rejected=0 · elapsed_ms=1.5
[WARN] [1786546249.911155]: 开始进行多边形确认 · 多边形确认失败 · rejected=0 · elapsed_ms=1.3
[WARN] [1786546250.029855]: 开始进行多边形确认 · 多边形确认失败 · rejected=0 · elapsed_ms=1.2
[WARN] [1786546250.157896]: 开始进行多边形确认 · 多边形确认失败 · rejected=0 · elapsed_ms=1.3
[WARN] [1786546250.282720]: 开始进行多边形确认 · 多边形确认失败 · rejected=0 · elapsed_ms=1.2
[WARN] [1786546250.431180]: 开始进行多边形确认 · 多边形确认失败 · rejected=0 · elapsed_ms=1.6
[WARN] [1786546250.546205]: 开始进行多边形确认 · 多边形确认失败 · rejected=0 · elapsed_ms=1.4
[WARN] [1786546250.677526]: 开始进行多边形确认 · 多边形确认失败 · rejected=0 · elapsed_ms=1.7
[WARN] [1786546250.802196]: 开始进行多边形确认 · 多边形确认失败 · rejected=0 · elapsed_ms=2.5
[WARN] [1786546250.926807]: 开始进行多边形确认 · 多边形确认失败 · rejected=0 · elapsed_ms=1.5
[WARN] [1786546251.048318]: 开始进行多边形确认 · 多边形确认失败 · rejected=0 · elapsed_ms=1.6
[WARN] [1786546251.163997]: 开始进行多边形确认 · 多边形确认失败 · rejected=0 · elapsed_ms=1.3
[WARN] [1786546251.297533]: 开始进行多边形确认 · 多边形确认失败 · rejected=0 · elapsed_ms=1.2
[WARN] [1786546251.438957]: 开始进行多边形确认 · 多边形确认失败 · rejected=0 · elapsed_ms=2.1
[WARN] [1786546251.551183]: 开始进行多边形确认 · 多边形确认失败 · rejected=0 · elapsed_ms=1.1
[WARN] [1786546251.941185]: 开始进行多边形确认 · 多边形确认失败 · rejected=0 · elapsed_ms=19.7
[WARN] [1786546252.044943]: 开始进行多边形确认 · 多边形确认失败 · rejected=0 · elapsed_ms=1.3
[WARN] [1786546252.171206]: 开始进行多边形确认 · 多边形确认失败 · rejected=0 · elapsed_ms=1.6
[WARN] [1786546252.298495]: 开始进行多边形确认 · 多边形确认失败 · rejected=0 · elapsed_ms=1.5
[WARN] [1786546252.427498]: 开始进行多边形确认 · 多边形确认失败 · rejected=0 · elapsed_ms=1.5
[WARN] [1786546252.563161]: 开始进行多边形确认 · 多边形确认失败 · rejected=0 · elapsed_ms=1.1
[WARN] [1786546252.785739]: 开始进行多边形确认 · 多边形确认失败 · rejected=0 · elapsed_ms=1.4
[WARN] [1786546252.908684]: 开始进行多边形确认 · 多边形确认失败 · rejected=0 · elapsed_ms=1.6
[WARN] [1786546253.031361]: 开始进行多边形确认 · 多边形确认失败 · rejected=0 · elapsed_ms=1.5
[WARN] [1786546253.155909]: 开始进行多边形确认 · 多边形确认失败 · rejected=0 · elapsed_ms=1.6
[WARN] [1786546253.672107]: 开始进行多边形确认 · 多边形确认失败 · rejected=0 · elapsed_ms=1.6
[WARN] [1786546253.796248]: 开始进行多边形确认 · 多边形确认失败 · rejected=0 · elapsed_ms=1.8
[WARN] [1786546254.040374]: 开始进行多边形确认 · 多边形确认失败 · rejected=0 · elapsed_ms=1.5
[WARN] [1786546254.295972]: 开始进行多边形确认 · 多边形确认失败 · rejected=0 · elapsed_ms=1.5
[WARN] [1786546254.582775]: 开始进行多边形确认 · 多边形确认失败 · rejected=0 · elapsed_ms=1.8
[WARN] [1786546254.663771]: 开始进行多边形确认 · 多边形确认失败 · rejected=0 · elapsed_ms=1.3
[WARN] [1786546254.790322]: 开始进行多边形确认 · 多边形确认失败 · rejected=0 · elapsed_ms=1.2
[WARN] [1786546255.066647]: 开始进行多边形确认 · 多边形确认失败 · rejected=0 · elapsed_ms=1.6
[WARN] [1786546255.183592]: 开始进行多边形确认 · 多边形确认失败 · rejected=0 · elapsed_ms=1.5
[WARN] [1786546255.337806]: 开始进行多边形确认 · 多边形确认失败 · rejected=0 · elapsed_ms=1.7
[WARN] [1786546255.436252]: 开始进行多边形确认 · 多边形确认失败 · rejected=0 · elapsed_ms=1.5
[WARN] [1786546255.640527]: 开始进行多边形确认 · 多边形确认失败 · rejected=0 · elapsed_ms=1.6
[WARN] [1786546255.713288]: 开始进行多边形确认 · 多边形确认失败 · rejected=0 · elapsed_ms=1.6
[WARN] [1786546255.816048]: 开始进行多边形确认 · 多边形确认失败 · rejected=0 · elapsed_ms=1.2
[WARN] [1786546255.935921]: 开始进行多边形确认 · 多边形确认失败 · rejected=0 · elapsed_ms=1.7
[WARN] [1786546256.082314]: 开始进行多边形确认 · 多边形确认失败 · rejected=0 · elapsed_ms=1.4
[WARN] [1786546256.199329]: 开始进行多边形确认 · 多边形确认失败 · rejected=0 · elapsed_ms=1.6
[WARN] [1786546256.322029]: 开始进行多边形确认 · 多边形确认失败 · rejected=0 · elapsed_ms=1.5
[WARN] [1786546256.608120]: 开始进行多边形确认 · 多边形确认失败 · rejected=0 · elapsed_ms=1.9
[WARN] [1786546256.710166]: 开始进行多边形确认 · 多边形确认失败 · rejected=0 · elapsed_ms=1.3
[WARN] [1786546256.823761]: 开始进行多边形确认 · 多边形确认失败 · rejected=0 · elapsed_ms=1.4
[WARN] [1786546256.968739]: 开始进行多边形确认 · 多边形确认失败 · rejected=0 · elapsed_ms=19.9
[WARN] [1786546257.086749]: 开始进行多边形确认 · 多边形确认失败 · rejected=0 · elapsed_ms=1.6
[WARN] [1786546257.211996]: 开始进行多边形确认 · 多边形确认失败 · rejected=0 · elapsed_ms=1.7
[WARN] [1786546257.458652]: 开始进行多边形确认 · 多边形确认失败 · rejected=0 · elapsed_ms=1.7
[WARN] [1786546257.581813]: 开始进行多边形确认 · 多边形确认失败 · rejected=0 · elapsed_ms=2.0
[WARN] [1786546257.753606]: 开始进行多边形确认 · 多边形确认失败 · rejected=0 · elapsed_ms=1.3
[WARN] [1786546257.842659]: 开始进行多边形确认 · 多边形确认失败 · rejected=0 · elapsed_ms=1.1
[WARN] [1786546258.326159]: 开始进行多边形确认 · 多边形确认失败 · rejected=0 · elapsed_ms=1.2
[WARN] [1786546258.840855]: 开始进行多边形确认 · 多边形确认失败 · rejected=0 · elapsed_ms=1.2
[WARN] [1786546258.973799]: 开始进行多边形确认 · 多边形确认失败 · rejected=0 · elapsed_ms=1.5
[WARN] [1786546259.084600]: 开始进行多边形确认 · 多边形确认失败 · rejected=0 · elapsed_ms=1.2
[WARN] [1786546259.219131]: 开始进行多边形确认 · 多边形确认失败 · rejected=0 · elapsed_ms=1.6
[WARN] [1786546259.345674]: 开始进行多边形确认 · 多边形确认失败 · rejected=0 · elapsed_ms=1.4
[WARN] [1786546259.484319]: 开始进行多边形确认 · 多边形确认失败 · rejected=0 · elapsed_ms=1.2
[WARN] [1786546259.613768]: 开始进行多边形确认 · 多边形确认失败 · rejected=0 · elapsed_ms=1.5
[WARN] [1786546259.730053]: 开始进行多边形确认 · 多边形确认失败 · rejected=0 · elapsed_ms=1.4
[WARN] [1786546259.876307]: 开始进行多边形确认 · 多边形确认失败 · rejected=0 · elapsed_ms=1.8
[WARN] [1786546259.968956]: 开始进行多边形确认 · 多边形确认失败 · rejected=0 · elapsed_ms=1.6
[WARN] [1786546260.121806]: 开始进行多边形确认 · 多边形确认失败 · rejected=0 · elapsed_ms=1.2
[WARN] [1786546260.236104]: 开始进行多边形确认 · 多边形确认失败 · rejected=0 · elapsed_ms=1.5
[WARN] [1786546260.358383]: 开始进行多边形确认 · 多边形确认失败 · rejected=0 · elapsed_ms=1.6
[WARN] [1786546260.481954]: 开始进行多边形确认 · 多边形确认失败 · rejected=0 · elapsed_ms=1.4
[WARN] [1786546260.596068]: 开始进行多边形确认 · 多边形确认失败 · rejected=0 · elapsed_ms=1.3
[WARN] [1786546260.718608]: 开始进行多边形确认 · 多边形确认失败 · rejected=0 · elapsed_ms=1.2
[WARN] [1786546260.856533]: 开始进行多边形确认 · 多边形确认失败 · rejected=0 · elapsed_ms=5.5
[WARN] [1786546260.981880]: 开始进行多边形确认 · 多边形确认失败 · rejected=0 · elapsed_ms=1.1
[WARN] [1786546261.101401]: 开始进行多边形确认 · 多边形确认失败 · rejected=0 · elapsed_ms=1.4
[WARN] [1786546261.215796]: 开始进行多边形确认 · 多边形确认失败 · rejected=0 · elapsed_ms=1.6
[WARN] [1786546261.347100]: 开始进行多边形确认 · 多边形确认失败 · rejected=0 · elapsed_ms=3.3
[WARN] [1786546261.483875]: 开始进行多边形确认 · 多边形确认失败 · rejected=0 · elapsed_ms=1.5
[WARN] [1786546261.587946]: 开始进行多边形确认 · 多边形确认失败 · rejected=0 · elapsed_ms=1.3
[WARN] [1786546262.112384]: 开始进行多边形确认 · 多边形确认失败 · rejected=0 · elapsed_ms=19.6
[WARN] [1786546262.213343]: 开始进行多边形确认 · 多边形确认失败 · rejected=0 · elapsed_ms=1.8
[WARN] [1786546262.335215]: 开始进行多边形确认 · 多边形确认失败 · rejected=0 · elapsed_ms=1.3
[WARN] [1786546262.604635]: 开始进行多边形确认 · 多边形确认失败 · rejected=0 · elapsed_ms=1.4
[WARN] [1786546262.725498]: 开始进行多边形确认 · 多边形确认失败 · rejected=0 · elapsed_ms=1.4
[WARN] [1786546262.850781]: 开始进行多边形确认 · 多边形确认失败 · rejected=0 · elapsed_ms=1.4
[WARN] [1786546262.980250]: 开始进行多边形确认 · 多边形确认失败 · rejected=0 · elapsed_ms=1.4
[WARN] [1786546263.122457]: 开始进行多边形确认 · 多边形确认失败 · rejected=0 · elapsed_ms=1.1
[WARN] [1786546263.241636]: 开始进行多边形确认 · 多边形确认失败 · rejected=0 · elapsed_ms=2.0
[WARN] [1786546263.351460]: 开始进行多边形确认 · 多边形确认失败 · rejected=0 · elapsed_ms=1.8
[WARN] [1786546263.474916]: 开始进行多边形确认 · 多边形确认失败 · rejected=0 · elapsed_ms=1.3
[WARN] [1786546263.595597]: 开始进行多边形确认 · 多边形确认失败 · rejected=0 · elapsed_ms=1.3
[WARN] [1786546263.722406]: 开始进行多边形确认 · 多边形确认失败 · rejected=0 · elapsed_ms=1.1
[WARN] [1786546263.839126]: 开始进行多边形确认 · 多边形确认失败 · rejected=0 · elapsed_ms=1.3
[WARN] [1786546263.982008]: 开始进行多边形确认 · 多边形确认失败 · rejected=0 · elapsed_ms=1.1
[WARN] [1786546264.110972]: 开始进行多边形确认 · 多边形确认失败 · rejected=0 · elapsed_ms=1.7
[WARN] [1786546264.237113]: 开始进行多边形确认 · 多边形确认失败 · rejected=0 · elapsed_ms=1.4
[WARN] [1786546264.363555]: 开始进行多边形确认 · 多边形确认失败 · rejected=0 · elapsed_ms=1.4
[WARN] [1786546264.490537]: 开始进行多边形确认 · 多边形确认失败 · rejected=0 · elapsed_ms=1.3
[WARN] [1786546264.614685]: 开始进行多边形确认 · 多边形确认失败 · rejected=0 · elapsed_ms=1.6
[WARN] [1786546264.752693]: 开始进行多边形确认 · 多边形确认失败 · rejected=0 · elapsed_ms=1.4
[WARN] [1786546265.004724]: 开始进行多边形确认 · 多边形确认失败 · rejected=0 · elapsed_ms=1.3
[WARN] [1786546265.168260]: 开始进行多边形确认 · 多边形确认失败 · rejected=0 · elapsed_ms=1.5
[WARN] [1786546265.249100]: 开始进行多边形确认 · 多边形确认失败 · rejected=0 · elapsed_ms=1.5
[WARN] [1786546265.613550]: 开始进行多边形确认 · 多边形确认失败 · rejected=0 · elapsed_ms=1.5
[WARN] [1786546265.751338]: 开始进行多边形确认 · 多边形确认失败 · rejected=0 · elapsed_ms=1.4
[WARN] [1786546265.852764]: 开始进行多边形确认 · 多边形确认失败 · rejected=0 · elapsed_ms=1.3
[WARN] [1786546265.980247]: 开始进行多边形确认 · 多边形确认失败 · rejected=0 · elapsed_ms=1.2
[WARN] [1786546266.108131]: 开始进行多边形确认 · 多边形确认失败 · rejected=0 · elapsed_ms=1.3
[WARN] [1786546266.238087]: 开始进行多边形确认 · 多边形确认失败 · rejected=0 · elapsed_ms=1.4
[WARN] [1786546266.354773]: 开始进行多边形确认 · 多边形确认失败 · rejected=0 · elapsed_ms=1.3
[WARN] [1786546266.480332]: 开始进行多边形确认 · 多边形确认失败 · rejected=0 · elapsed_ms=1.7
[WARN] [1786546266.599381]: 开始进行多边形确认 · 多边形确认失败 · rejected=0 · elapsed_ms=1.3
[WARN] [1786546266.724580]: 开始进行多边形确认 · 多边形确认失败 · rejected=0 · elapsed_ms=1.3
[WARN] [1786546266.855529]: 开始进行多边形确认 · 多边形确认失败 · rejected=0 · elapsed_ms=1.3
[WARN] [1786546266.979170]: 开始进行多边形确认 · 多边形确认失败 · rejected=0 · elapsed_ms=1.4
[WARN] [1786546267.126239]: 开始进行多边形确认 · 多边形确认失败 · rejected=0 · elapsed_ms=19.5
[WARN] [1786546267.249634]: 开始进行多边形确认 · 多边形确认失败 · rejected=0 · elapsed_ms=1.5
[WARN] [1786546267.499150]: 开始进行多边形确认 · 多边形确认失败 · rejected=0 · elapsed_ms=1.5
[WARN] [1786546267.865143]: 开始进行多边形确认 · 多边形确认失败 · rejected=0 · elapsed_ms=1.3
[WARN] [1786546267.981298]: 开始进行多边形确认 · 多边形确认失败 · rejected=0 · elapsed_ms=1.2
[WARN] [1786546268.113471]: 开始进行多边形确认 · 多边形确认失败 · rejected=0 · elapsed_ms=2.8
[WARN] [1786546268.249849]: 开始进行多边形确认 · 多边形确认失败 · rejected=0 · elapsed_ms=1.7
[WARN] [1786546268.370808]: 开始进行多边形确认 · 多边形确认失败 · rejected=0 · elapsed_ms=1.6
[WARN] [1786546268.494263]: 开始进行多边形确认 · 多边形确认失败 · rejected=0 · elapsed_ms=1.5
[WARN] [1786546268.624258]: 开始进行多边形确认 · 多边形确认失败 · rejected=0 · elapsed_ms=1.5
[WARN] [1786546268.729320]: 开始进行多边形确认 · 多边形确认失败 · rejected=0 · elapsed_ms=1.6
[WARN] [1786546268.864060]: 开始进行多边形确认 · 多边形确认失败 · rejected=0 · elapsed_ms=1.5
[WARN] [1786546268.988707]: 开始进行多边形确认 · 多边形确认失败 · rejected=0 · elapsed_ms=1.7
[WARN] [1786546269.131980]: 开始进行多边形确认 · 多边形确认失败 · rejected=0 · elapsed_ms=1.6
[WARN] [1786546269.291546]: 开始进行多边形确认 · 多边形确认失败 · rejected=0 · elapsed_ms=1.6
[WARN] [1786546269.380476]: 开始进行多边形确认 · 多边形确认失败 · rejected=0 · elapsed_ms=1.6
[WARN] [1786546269.498420]: 开始进行多边形确认 · 多边形确认失败 · rejected=0 · elapsed_ms=1.4
[INFO] [1786546255.434905]: 开始进行多边形确认 · detections=1
[INFO] [1786546255.638977]: 开始进行多边形确认 · detections=1
[INFO] [1786546255.711776]: 开始进行多边形确认 · detections=1
[INFO] [1786546255.814887]: 开始进行多边形确认 · detections=1
[INFO] [1786546255.934244]: 开始进行多边形确认 · detections=1
[INFO] [1786546256.080988]: 开始进行多边形确认 · detections=1
[INFO] [1786546256.197787]: 开始进行多边形确认 · detections=1
[INFO] [1786546256.320537]: 开始进行多边形确认 · detections=1
[INFO] [1786546256.606172]: 开始进行多边形确认 · detections=1
[INFO] [1786546256.708951]: 开始进行多边形确认 · detections=1
[INFO] [1786546256.822427]: 开始进行多边形确认 · detections=1
[INFO] [1786546256.948813]: 开始进行多边形确认 · detections=1
[INFO] [1786546257.085271]: 开始进行多边形确认 · detections=1
[INFO] [1786546257.210419]: 开始进行多边形确认 · detections=1
[INFO] [1786546257.329349]: RGB-D vision status: model_ready:onnxruntime targets:0 centers:0 tf:0 rejected:0 merged:0 semantic_masks:0
[INFO] [1786546257.457039]: 开始进行多边形确认 · detections=1
[INFO] [1786546257.579830]: 开始进行多边形确认 · detections=1
[INFO] [1786546257.752413]: 开始进行多边形确认 · detections=1
[INFO] [1786546257.841645]: 开始进行多边形确认 · detections=1
[INFO] [1786546258.324972]: 开始进行多边形确认 · detections=1
[INFO] [1786546258.839758]: 开始进行多边形确认 · detections=1
[INFO] [1786546258.972373]: 开始进行多边形确认 · detections=1
[INFO] [1786546259.083440]: 开始进行多边形确认 · detections=1
[INFO] [1786546259.217627]: 开始进行多边形确认 · detections=1
[INFO] [1786546259.344349]: 开始进行多边形确认 · detections=1
[INFO] [1786546259.483171]: 开始进行多边形确认 · detections=1
[INFO] [1786546259.612355]: 开始进行多边形确认 · detections=1
[INFO] [1786546259.728737]: 开始进行多边形确认 · detections=1
[INFO] [1786546259.874608]: 开始进行多边形确认 · detections=1
[INFO] [1786546259.967504]: 开始进行多边形确认 · detections=1
[INFO] [1786546260.120661]: 开始进行多边形确认 · detections=1
[INFO] [1786546260.234706]: 开始进行多边形确认 · detections=1
[INFO] [1786546260.356904]: 开始进行多边形确认 · detections=1
[INFO] [1786546260.480663]: 开始进行多边形确认 · detections=1
[INFO] [1786546260.594884]: 开始进行多边形确认 · detections=1
[INFO] [1786546260.717425]: 开始进行多边形确认 · detections=1
[INFO] [1786546260.851029]: 开始进行多边形确认 · detections=1
[INFO] [1786546260.980855]: 开始进行多边形确认 · detections=1
[INFO] [1786546261.100044]: 开始进行多边形确认 · detections=1
[INFO] [1786546261.214251]: 开始进行多边形确认 · detections=1
[INFO] [1786546261.343800]: 开始进行多边形确认 · detections=1
[INFO] [1786546261.482466]: 开始进行多边形确认 · detections=1
[INFO] [1786546261.586686]: 开始进行多边形确认 · detections=1
[INFO] [1786546262.092808]: 开始进行多边形确认 · detections=1
[INFO] [1786546262.211566]: 开始进行多边形确认 · detections=1
[INFO] [1786546262.333924]: 开始进行多边形确认 · detections=1
[INFO] [1786546262.456998]: RGB-D vision status: model_ready:onnxruntime targets:0 centers:0 tf:0 rejected:0 merged:0 semantic_masks:0
[INFO] [1786546262.603316]: 开始进行多边形确认 · detections=1
[INFO] [1786546262.724175]: 开始进行多边形确认 · detections=1
[INFO] [1786546262.849470]: 开始进行多边形确认 · detections=1
[INFO] [1786546262.978904]: 开始进行多边形确认 · detections=1
[INFO] [1786546263.121396]: 开始进行多边形确认 · detections=1
[INFO] [1786546263.239717]: 开始进行多边形确认 · detections=1
[INFO] [1786546263.349712]: 开始进行多边形确认 · detections=1
[INFO] [1786546263.473709]: 开始进行多边形确认 · detections=1
[INFO] [1786546263.594387]: 开始进行多边形确认 · detections=1
[INFO] [1786546263.721366]: 开始进行多边形确认 · detections=1
[INFO] [1786546263.837865]: 开始进行多边形确认 · detections=1
[INFO] [1786546263.980914]: 开始进行多边形确认 · detections=1
[INFO] [1786546264.109332]: 开始进行多边形确认 · detections=1
[INFO] [1786546264.235748]: 开始进行多边形确认 · detections=1
[INFO] [1786546264.362160]: 开始进行多边形确认 · detections=1
[INFO] [1786546264.489283]: 开始进行多边形确认 · detections=1
[INFO] [1786546264.613166]: 开始进行多边形确认 · detections=1
[INFO] [1786546264.751374]: 开始进行多边形确认 · detections=1
[INFO] [1786546265.003525]: 开始进行多边形确认 · detections=1
[INFO] [1786546265.166912]: 开始进行多边形确认 · detections=1
[INFO] [1786546265.247656]: 开始进行多边形确认 · detections=1
[INFO] [1786546265.612091]: 开始进行多边形确认 · detections=1
[INFO] [1786546265.750064]: 开始进行多边形确认 · detections=1
[INFO] [1786546265.851502]: 开始进行多边形确认 · detections=1
[INFO] [1786546265.979151]: 开始进行多边形确认 · detections=1
[INFO] [1786546266.106845]: 开始进行多边形确认 · detections=1
[INFO] [1786546266.236738]: 开始进行多边形确认 · detections=1
[INFO] [1786546266.353541]: 开始进行多边形确认 · detections=1
[INFO] [1786546266.478734]: 开始进行多边形确认 · detections=1
[INFO] [1786546266.598157]: 开始进行多边形确认 · detections=1
[INFO] [1786546266.723384]: 开始进行多边形确认 · detections=1
[INFO] [1786546266.854299]: 开始进行多边形确认 · detections=1
[INFO] [1786546266.977816]: 开始进行多边形确认 · detections=1
[INFO] [1786546267.106710]: 开始进行多边形确认 · detections=1
[INFO] [1786546267.248225]: 开始进行多边形确认 · detections=1
[INFO] [1786546267.497692]: 开始进行多边形确认 · detections=1
[INFO] [1786546267.500724]: RGB-D vision status: model_ready:onnxruntime targets:0 centers:0 tf:0 rejected:0 merged:0 semantic_masks:1
[INFO] [1786546267.863868]: 开始进行多边形确认 · detections=1
[INFO] [1786546267.980156]: 开始进行多边形确认 · detections=1
[INFO] [1786546268.112107]: 开始进行多边形确认 · detections=1
[INFO] [1786546268.248293]: 开始进行多边形确认 · detections=1
[INFO] [1786546268.369296]: 开始进行多边形确认 · detections=1
[INFO] [1786546268.492871]: 开始进行多边形确认 · detections=1
[INFO] [1786546268.622812]: 开始进行多边形确认 · detections=1
[INFO] [1786546268.727725]: 开始进行多边形确认 · detections=1
[INFO] [1786546268.862591]: 开始进行多边形确认 · detections=2
[INFO] [1786546268.987118]: 开始进行多边形确认 · detections=1
[INFO] [1786546269.130427]: 开始进行多边形确认 · detections=1
[INFO] [1786546269.290046]: 开始进行多边形确认 · detections=1
[INFO] [1786546269.378897]: 开始进行多边形确认 · detections=1
[INFO] [1786546269.497094]: 开始进行多边形确认 · detections=1
[INFO] [1786546269.748104]: 开始进行多边形确认 · detections=1
[INFO] [1786546269.871152]: 开始进行多边形确认 · detections=1
[INFO] [1786546269.999197]: 开始进行多边形确认 · detections=1
[INFO] [1786546270.130488]: 开始进行多边形确认 · detections=1
[INFO] [1786546270.410861]: 开始进行多边形确认 · detections=1
[INFO] [1786546270.511280]: 开始进行多边形确认 · detections=1
[INFO] [1786546270.635573]: 开始进行多边形确认 · detections=1
[INFO] [1786546270.761050]: 开始进行多边形确认 · detections=1
[INFO] [1786546270.875653]: 开始进行多边形确认 · detections=1
[INFO] [1786546271.000129]: 开始进行多边形确认 · detections=1
[INFO] [1786546271.128413]: 开始进行多边形确认 · detections=1
[INFO] [1786546271.247432]: 开始进行多边形确认 · detections=1
[INFO] [1786546271.385085]: 开始进行多边形确认 · detections=1
[WARN] [1786546269.749286]: 开始进行多边形确认 · 多边形确认失败 · rejected=0 · elapsed_ms=1.2
[WARN] [1786546269.872499]: 开始进行多边形确认 · 多边形确认失败 · rejected=0 · elapsed_ms=1.4
[WARN] [1786546270.000475]: 开始进行多边形确认 · 多边形确认失败 · rejected=0 · elapsed_ms=1.3
[WARN] [1786546270.131824]: 开始进行多边形确认 · 多边形确认失败 · rejected=0 · elapsed_ms=1.4
[WARN] [1786546270.413005]: 开始进行多边形确认 · 多边形确认失败 · rejected=0 · elapsed_ms=2.2
[WARN] [1786546270.512676]: 开始进行多边形确认 · 多边形确认失败 · rejected=0 · elapsed_ms=1.5
[WARN] [1786546270.636716]: 开始进行多边形确认 · 多边形确认失败 · rejected=0 · elapsed_ms=1.2
[WARN] [1786546270.762431]: 开始进行多边形确认 · 多边形确认失败 · rejected=0 · elapsed_ms=1.5
[WARN] [1786546270.876745]: 开始进行多边形确认 · 多边形确认失败 · rejected=0 · elapsed_ms=1.2
[WARN] [1786546271.001404]: 开始进行多边形确认 · 多边形确认失败 · rejected=0 · elapsed_ms=1.3
[WARN] [1786546271.129530]: 开始进行多边形确认 · 多边形确认失败 · rejected=0 · elapsed_ms=1.2
[WARN] [1786546271.248790]: 开始进行多边形确认 · 多边形确认失败 · rejected=0 · elapsed_ms=1.4
[WARN] [1786546271.386366]: 开始进行多边形确认 · 多边形确认失败 · rejected=0 · elapsed_ms=1.4
[WARN] [1786546271.642415]: 开始进行多边形确认 · 多边形确认失败 · rejected=0 · elapsed_ms=1.9
[WARN] [1786546271.766949]: 开始进行多边形确认 · 多边形确认失败 · rejected=0 · elapsed_ms=1.5
[WARN] [1786546271.893241]: 开始进行多边形确认 · 多边形确认失败 · rejected=0 · elapsed_ms=1.8
[WARN] [1786546272.017871]: 开始进行多边形确认 · 多边形确认失败 · rejected=0 · elapsed_ms=1.6
[WARN] [1786546272.157861]: 开始进行多边形确认 · 多边形确认失败 · rejected=0 · elapsed_ms=20.0
[WARN] [1786546272.259908]: 开始进行多边形确认 · 多边形确认失败 · rejected=0 · elapsed_ms=1.4
[WARN] [1786546272.772426]: 开始进行多边形确认 · 多边形确认失败 · rejected=0 · elapsed_ms=1.7
[WARN] [1786546272.879668]: 开始进行多边形确认 · 多边形确认失败 · rejected=0 · elapsed_ms=1.4
[WARN] [1786546273.023818]: 开始进行多边形确认 · 多边形确认失败 · rejected=0 · elapsed_ms=1.5
[WARN] [1786546273.152302]: 开始进行多边形确认 · 多边形确认失败 · rejected=0 · elapsed_ms=2.1
[WARN] [1786546273.277711]: 开始进行多边形确认 · 多边形确认失败 · rejected=0 · elapsed_ms=1.4
[WARN] [1786546273.394531]: 开始进行多边形确认 · 多边形确认失败 · rejected=0 · elapsed_ms=1.2
[WARN] [1786546273.546973]: 开始进行多边形确认 · 多边形确认失败 · rejected=0 · elapsed_ms=1.5
[WARN] [1786546273.639693]: 开始进行多边形确认 · 多边形确认失败 · rejected=0 · elapsed_ms=1.4
[WARN] [1786546273.770807]: 开始进行多边形确认 · 多边形确认失败 · rejected=0 · elapsed_ms=1.4
[WARN] [1786546273.895868]: 开始进行多边形确认 · 多边形确认失败 · rejected=0 · elapsed_ms=1.2
[WARN] [1786546274.020551]: 开始进行多边形确认 · 多边形确认失败 · rejected=0 · elapsed_ms=1.4
[WARN] [1786546274.146420]: 开始进行多边形确认 · 多边形确认失败 · rejected=0 · elapsed_ms=1.1
[WARN] [1786546274.276118]: 开始进行多边形确认 · 多边形确认失败 · rejected=0 · elapsed_ms=1.1
[WARN] [1786546274.550057]: 开始进行多边形确认 · 多边形确认失败 · rejected=0 · elapsed_ms=1.3
[WARN] [1786546274.652394]: 开始进行多边形确认 · 多边形确认失败 · rejected=0 · elapsed_ms=1.5
[WARN] [1786546274.777600]: 开始进行多边形确认 · 多边形确认失败 · rejected=0 · elapsed_ms=1.4
[WARN] [1786546274.902359]: 开始进行多边形确认 · 多边形确认失败 · rejected=0 · elapsed_ms=1.2
[WARN] [1786546275.175691]: 开始进行多边形确认 · 多边形确认失败 · rejected=0 · elapsed_ms=1.5
[WARN] [1786546275.299638]: 开始进行多边形确认 · 多边形确认失败 · rejected=0 · elapsed_ms=1.5
[WARN] [1786546275.399358]: 开始进行多边形确认 · 多边形确认失败 · rejected=0 · elapsed_ms=1.3
[WARN] [1786546275.530367]: 开始进行多边形确认 · 多边形确认失败 · rejected=0 · elapsed_ms=1.4
[WARN] [1786546275.665879]: 开始进行多边形确认 · 多边形确认失败 · rejected=0 · elapsed_ms=1.3
[WARN] [1786546275.780920]: 开始进行多边形确认 · 多边形确认失败 · rejected=0 · elapsed_ms=1.2
[WARN] [1786546275.901007]: 开始进行多边形确认 · 多边形确认失败 · rejected=0 · elapsed_ms=1.2
[WARN] [1786546276.032581]: 开始进行多边形确认 · 多边形确认失败 · rejected=0 · elapsed_ms=1.2
[WARN] [1786546276.159099]: 开始进行多边形确认 · 多边形确认失败 · rejected=0 · elapsed_ms=1.4
[WARN] [1786546276.303032]: 开始进行多边形确认 · 多边形确认失败 · rejected=0 · elapsed_ms=1.6
[WARN] [1786546276.426553]: 开始进行多边形确认 · 多边形确认失败 · rejected=0 · elapsed_ms=1.4
[WARN] [1786546276.558426]: 开始进行多边形确认 · 多边形确认失败 · rejected=0 · elapsed_ms=3.9
[WARN] [1786546276.792871]: 开始进行多边形确认 · 多边形确认失败 · rejected=0 · elapsed_ms=1.1
[WARN] [1786546277.167703]: 开始进行多边形确认 · 多边形确认失败 · rejected=0 · elapsed_ms=1.6
[WARN] [1786546277.417689]: 开始进行多边形确认 · 多边形确认失败 · rejected=0 · elapsed_ms=1.6
[WARN] [1786546277.670652]: 开始进行多边形确认 · 多边形确认失败 · rejected=0 · elapsed_ms=1.6
[WARN] [1786546277.921066]: 开始进行多边形确认 · 多边形确认失败 · rejected=0 · elapsed_ms=1.3
[WARN] [1786546278.035644]: 开始进行多边形确认 · 多边形确认失败 · rejected=0 · elapsed_ms=1.4
[WARN] [1786546278.164155]: 开始进行多边形确认 · 多边形确认失败 · rejected=0 · elapsed_ms=1.6
[WARN] [1786546278.419998]: 开始进行多边形确认 · 多边形确认失败 · rejected=0 · elapsed_ms=1.5
[WARN] [1786546278.545665]: 开始进行多边形确认 · 多边形确认失败 · rejected=0 · elapsed_ms=1.5
[WARN] [1786546278.668777]: 开始进行多边形确认 · 多边形确认失败 · rejected=0 · elapsed_ms=1.4
[WARN] [1786546278.797385]: 开始进行多边形确认 · 多边形确认失败 · rejected=0 · elapsed_ms=1.4
[WARN] [1786546279.052368]: 开始进行多边形确认 · 多边形确认失败 · rejected=0 · elapsed_ms=1.5
[WARN] [1786546279.177202]: 开始进行多边形确认 · 多边形确认失败 · rejected=0 · elapsed_ms=1.3
[WARN] [1786546279.302653]: 开始进行多边形确认 · 多边形确认失败 · rejected=0 · elapsed_ms=1.3
[WARN] [1786546279.428322]: 开始进行多边形确认 · 多边形确认失败 · rejected=0 · elapsed_ms=1.5
[WARN] [1786546279.555524]: 开始进行多边形确认 · 多边形确认失败 · rejected=0 · elapsed_ms=1.6
[WARN] [1786546279.677685]: 开始进行多边形确认 · 多边形确认失败 · rejected=0 · elapsed_ms=1.4
[WARN] [1786546279.809663]: 开始进行多边形确认 · 多边形确认失败 · rejected=0 · elapsed_ms=1.8
[WARN] [1786546279.933630]: 开始进行多边形确认 · 多边形确认失败 · rejected=0 · elapsed_ms=1.4
[WARN] [1786546280.027607]: 开始进行多边形确认 · 多边形确认失败 · rejected=0 · elapsed_ms=1.3
[WARN] [1786546280.153318]: 开始进行多边形确认 · 多边形确认失败 · rejected=0 · elapsed_ms=1.3
[WARN] [1786546280.289185]: 开始进行多边形确认 · 多边形确认失败 · rejected=0 · elapsed_ms=1.4
[WARN] [1786546280.433612]: 开始进行多边形确认 · 多边形确认失败 · rejected=0 · elapsed_ms=1.5
[WARN] [1786546280.561262]: 开始进行多边形确认 · 多边形确认失败 · rejected=0 · elapsed_ms=1.9
[INFO] [1786546271.640615]: 开始进行多边形确认 · detections=1
[INFO] [1786546271.765572]: 开始进行多边形确认 · detections=1
[INFO] [1786546271.891535]: 开始进行多边形确认 · detections=1
[INFO] [1786546272.016381]: 开始进行多边形确认 · detections=1
[INFO] [1786546272.137921]: 开始进行多边形确认 · detections=1
[INFO] [1786546272.258593]: 开始进行多边形确认 · detections=1
[INFO] [1786546272.770793]: 开始进行多边形确认 · detections=1
[INFO] [1786546272.773708]: RGB-D vision status: model_ready:onnxruntime targets:0 centers:0 tf:0 rejected:0 merged:0 semantic_masks:1
[INFO] [1786546272.878304]: 开始进行多边形确认 · detections=1
[INFO] [1786546273.022391]: 开始进行多边形确认 · detections=1
[INFO] [1786546273.150330]: 开始进行多边形确认 · detections=1
[INFO] [1786546273.276309]: 开始进行多边形确认 · detections=1
[INFO] [1786546273.393370]: 开始进行多边形确认 · detections=1
[INFO] [1786546273.545531]: 开始进行多边形确认 · detections=1
[INFO] [1786546273.638434]: 开始进行多边形确认 · detections=1
[INFO] [1786546273.769463]: 开始进行多边形确认 · detections=1
[INFO] [1786546273.894678]: 开始进行多边形确认 · detections=1
[INFO] [1786546274.019223]: 开始进行多边形确认 · detections=1
[INFO] [1786546274.145338]: 开始进行多边形确认 · detections=1
[INFO] [1786546274.275052]: 开始进行多边形确认 · detections=1
[INFO] [1786546274.548839]: 开始进行多边形确认 · detections=1
[INFO] [1786546274.651011]: 开始进行多边形确认 · detections=1
[INFO] [1786546274.776319]: 开始进行多边形确认 · detections=1
[INFO] [1786546274.901214]: 开始进行多边形确认 · detections=1
[INFO] [1786546275.174308]: 开始进行多边形确认 · detections=1
[INFO] [1786546275.298212]: 开始进行多边形确认 · detections=1
[INFO] [1786546275.398115]: 开始进行多边形确认 · detections=1
[INFO] [1786546275.529002]: 开始进行多边形确认 · detections=1
[INFO] [1786546275.664612]: 开始进行多边形确认 · detections=1
[INFO] [1786546275.779746]: 开始进行多边形确认 · detections=1
[INFO] [1786546275.899874]: 开始进行多边形确认 · detections=1
[INFO] [1786546276.031478]: 开始进行多边形确认 · detections=1
[INFO] [1786546276.157764]: 开始进行多边形确认 · detections=1
[INFO] [1786546276.301491]: 开始进行多边形确认 · detections=1
[INFO] [1786546276.425199]: 开始进行多边形确认 · detections=1
[INFO] [1786546276.554575]: 开始进行多边形确认 · detections=1
[INFO] [1786546276.791831]: 开始进行多边形确认 · detections=1
[INFO] [1786546277.166198]: 开始进行多边形确认 · detections=1
[INFO] [1786546277.416143]: 开始进行多边形确认 · detections=1
[INFO] [1786546277.669150]: 开始进行多边形确认 · detections=1
[INFO] [1786546277.802298]: RGB-D vision status: model_ready:onnxruntime targets:0 centers:0 tf:0 rejected:0 merged:0 semantic_masks:0
[INFO] [1786546277.919829]: 开始进行多边形确认 · detections=1
[INFO] [1786546278.034295]: 开始进行多边形确认 · detections=1
[INFO] [1786546278.162625]: 开始进行多边形确认 · detections=1
[INFO] [1786546278.418628]: 开始进行多边形确认 · detections=1
[INFO] [1786546278.544215]: 开始进行多边形确认 · detections=1
[INFO] [1786546278.667444]: 开始进行多边形确认 · detections=1
[INFO] [1786546278.796027]: 开始进行多边形确认 · detections=1
[INFO] [1786546279.050992]: 开始进行多边形确认 · detections=1
[INFO] [1786546279.175928]: 开始进行多边形确认 · detections=1
[INFO] [1786546279.301399]: 开始进行多边形确认 · detections=1
[INFO] [1786546279.426861]: 开始进行多边形确认 · detections=1
[INFO] [1786546279.554045]: 开始进行多边形确认 · detections=1
[INFO] [1786546279.676416]: 开始进行多边形确认 · detections=1
[INFO] [1786546279.808038]: 开始进行多边形确认 · detections=1
[INFO] [1786546279.932329]: 开始进行多边形确认 · detections=1
[INFO] [1786546280.026346]: 开始进行多边形确认 · detections=1
[INFO] [1786546280.152064]: 开始进行多边形确认 · detections=1
[INFO] [1786546280.287783]: 开始进行多边形确认 · detections=1
[INFO] [1786546280.432200]: 开始进行多边形确认 · detections=1
[INFO] [1786546280.559458]: 开始进行多边形确认 · detections=1
[INFO] [1786546280.684227]: 开始进行多边形确认 · detections=1
[INFO] [1786546280.813811]: 开始进行多边形确认 · detections=1
[INFO] [1786546281.040976]: 开始进行多边形确认 · detections=1
[INFO] [1786546281.168070]: 开始进行多边形确认 · detections=1
[INFO] [1786546281.560866]: 开始进行多边形确认 · detections=1
[INFO] [1786546281.933535]: 开始进行多边形确认 · detections=1
[INFO] [1786546282.048801]: 开始进行多边形确认 · detections=1
[INFO] [1786546282.299368]: 开始进行多边形确认 · detections=1
[INFO] [1786546282.418066]: 开始进行多边形确认 · detections=1
[INFO] [1786546282.544540]: 开始进行多边形确认 · detections=1
[INFO] [1786546282.668772]: 开始进行多边形确认 · detections=1
[INFO] [1786546282.795371]: 开始进行多边形确认 · detections=1
[INFO] [1786546282.910186]: 开始进行多边形确认 · detections=1
[INFO] [1786546283.064556]: 开始进行多边形确认 · detections=1
[INFO] [1786546283.174656]: 开始进行多边形确认 · detections=1
[INFO] [1786546283.307960]: RGB-D vision status: model_ready:onnxruntime targets:0 centers:0 tf:0 rejected:0 merged:0 semantic_masks:0
[INFO] [1786546283.438638]: 开始进行多边形确认 · detections=1
[INFO] [1786546283.550711]: 开始进行多边形确认 · detections=1
[INFO] [1786546283.676449]: 开始进行多边形确认 · detections=1
[INFO] [1786546283.799546]: 开始进行多边形确认 · detections=1
[INFO] [1786546283.930635]: 开始进行多边形确认 · detections=1
[INFO] [1786546284.058364]: 开始进行多边形确认 · detections=1
[INFO] [1786546284.176950]: 开始进行多边形确认 · detections=1
[INFO] [1786546284.547236]: 开始进行多边形确认 · detections=1
[INFO] [1786546284.678042]: 开始进行多边形确认 · detections=1
[INFO] [1786546284.795779]: 开始进行多边形确认 · detections=1
[INFO] [1786546284.932921]: 开始进行多边形确认 · detections=1
[INFO] [1786546285.086838]: 开始进行多边形确认 · detections=1
[INFO] [1786546285.178239]: 开始进行多边形确认 · detections=1
[INFO] [1786546285.300924]: 开始进行多边形确认 · detections=1
[INFO] [1786546285.420409]: 开始进行多边形确认 · detections=1
[INFO] [1786546285.554343]: 开始进行多边形确认 · detections=1
[INFO] [1786546285.693658]: 开始进行多边形确认 · detections=1
[INFO] [1786546285.812740]: 开始进行多边形确认 · detections=1
[INFO] [1786546285.929798]: 开始进行多边形确认 · detections=1
[INFO] [1786546286.190718]: 开始进行多边形确认 · detections=1
[INFO] [1786546286.314241]: 开始进行多边形确认 · detections=1
[INFO] [1786546286.552983]: 开始进行多边形确认 · detections=1
[INFO] [1786546286.676239]: 开始进行多边形确认 · detections=1
[INFO] [1786546286.801884]: 开始进行多边形确认 · detections=1
[INFO] [1786546286.931519]: 开始进行多边形确认 · detections=1
[INFO] [1786546287.198091]: 开始进行多边形确认 · detections=1
[INFO] [1786546287.351187]: 开始进行多边形确认 · detections=1
[INFO] [1786546287.463159]: 开始进行多边形确认 · detections=1
[INFO] [1786546287.588223]: 开始进行多边形确认 · detections=1
[INFO] [1786546287.842565]: 开始进行多边形确认 · detections=1
[INFO] [1786546287.969408]: 开始进行多边形确认 · detections=1
[INFO] [1786546288.072715]: 开始进行多边形确认 · detections=1
[INFO] [1786546288.226013]: 开始进行多边形确认 · detections=1
[INFO] [1786546288.322284]: 开始进行多边形确认 · detections=1
[WARN] [1786546280.685615]: 开始进行多边形确认 · 多边形确认失败 · rejected=0 · elapsed_ms=1.5
[WARN] [1786546280.818944]: 开始进行多边形确认 · 多边形确认失败 · rejected=0 · elapsed_ms=5.2
[WARN] [1786546281.042158]: 开始进行多边形确认 · 多边形确认失败 · rejected=0 · elapsed_ms=1.3
[WARN] [1786546281.169416]: 开始进行多边形确认 · 多边形确认失败 · rejected=0 · elapsed_ms=1.4
[WARN] [1786546281.562357]: 开始进行多边形确认 · 多边形确认失败 · rejected=0 · elapsed_ms=1.6
[WARN] [1786546281.953304]: 开始进行多边形确认 · 多边形确认失败 · rejected=0 · elapsed_ms=19.7
[WARN] [1786546282.050223]: 开始进行多边形确认 · 多边形确认失败 · rejected=0 · elapsed_ms=1.5
[WARN] [1786546282.300691]: 开始进行多边形确认 · 多边形确认失败 · rejected=0 · elapsed_ms=1.4
[WARN] [1786546282.419351]: 开始进行多边形确认 · 多边形确认失败 · rejected=0 · elapsed_ms=1.3
[WARN] [1786546282.545755]: 开始进行多边形确认 · 多边形确认失败 · rejected=0 · elapsed_ms=1.3
[WARN] [1786546282.669985]: 开始进行多边形确认 · 多边形确认失败 · rejected=0 · elapsed_ms=1.3
[WARN] [1786546282.796529]: 开始进行多边形确认 · 多边形确认失败 · rejected=0 · elapsed_ms=1.3
[WARN] [1786546282.911519]: 开始进行多边形确认 · 多边形确认失败 · rejected=0 · elapsed_ms=1.4
[WARN] [1786546283.066150]: 开始进行多边形确认 · 多边形确认失败 · rejected=0 · elapsed_ms=1.6
[WARN] [1786546283.176188]: 开始进行多边形确认 · 多边形确认失败 · rejected=0 · elapsed_ms=1.6
[WARN] [1786546283.440148]: 开始进行多边形确认 · 多边形确认失败 · rejected=0 · elapsed_ms=1.6
[WARN] [1786546283.552188]: 开始进行多边形确认 · 多边形确认失败 · rejected=0 · elapsed_ms=1.5
[WARN] [1786546283.677525]: 开始进行多边形确认 · 多边形确认失败 · rejected=0 · elapsed_ms=1.1
[WARN] [1786546283.800985]: 开始进行多边形确认 · 多边形确认失败 · rejected=0 · elapsed_ms=1.5
[WARN] [1786546283.932014]: 开始进行多边形确认 · 多边形确认失败 · rejected=0 · elapsed_ms=1.4
[WARN] [1786546284.059464]: 开始进行多边形确认 · 多边形确认失败 · rejected=0 · elapsed_ms=1.2
[WARN] [1786546284.178108]: 开始进行多边形确认 · 多边形确认失败 · rejected=0 · elapsed_ms=1.2
[WARN] [1786546284.548412]: 开始进行多边形确认 · 多边形确认失败 · rejected=0 · elapsed_ms=1.2
[WARN] [1786546284.679653]: 开始进行多边形确认 · 多边形确认失败 · rejected=0 · elapsed_ms=1.7
[WARN] [1786546284.796961]: 开始进行多边形确认 · 多边形确认失败 · rejected=0 · elapsed_ms=1.3
[WARN] [1786546284.934094]: 开始进行多边形确认 · 多边形确认失败 · rejected=0 · elapsed_ms=1.3
[WARN] [1786546285.088209]: 开始进行多边形确认 · 多边形确认失败 · rejected=0 · elapsed_ms=1.5
[WARN] [1786546285.179788]: 开始进行多边形确认 · 多边形确认失败 · rejected=0 · elapsed_ms=1.6
[WARN] [1786546285.302455]: 开始进行多边形确认 · 多边形确认失败 · rejected=0 · elapsed_ms=1.6
[WARN] [1786546285.421532]: 开始进行多边形确认 · 多边形确认失败 · rejected=0 · elapsed_ms=1.2
[WARN] [1786546285.555594]: 开始进行多边形确认 · 多边形确认失败 · rejected=0 · elapsed_ms=1.3
[WARN] [1786546285.696220]: 开始进行多边形确认 · 多边形确认失败 · rejected=0 · elapsed_ms=2.6
[WARN] [1786546285.814186]: 开始进行多边形确认 · 多边形确认失败 · rejected=0 · elapsed_ms=1.5
[WARN] [1786546285.930994]: 开始进行多边形确认 · 多边形确认失败 · rejected=0 · elapsed_ms=1.2
[WARN] [1786546286.191864]: 开始进行多边形确认 · 多边形确认失败 · rejected=0 · elapsed_ms=1.2
[WARN] [1786546286.315333]: 开始进行多边形确认 · 多边形确认失败 · rejected=0 · elapsed_ms=1.1
[WARN] [1786546286.554070]: 开始进行多边形确认 · 多边形确认失败 · rejected=0 · elapsed_ms=1.1
[WARN] [1786546286.677697]: 开始进行多边形确认 · 多边形确认失败 · rejected=0 · elapsed_ms=1.5
[WARN] [1786546286.803102]: 开始进行多边形确认 · 多边形确认失败 · rejected=0 · elapsed_ms=1.3
[WARN] [1786546286.933014]: 开始进行多边形确认 · 多边形确认失败 · rejected=0 · elapsed_ms=1.6
[WARN] [1786546287.199528]: 开始进行多边形确认 · 多边形确认失败 · rejected=0 · elapsed_ms=1.5
[WARN] [1786546287.352739]: 开始进行多边形确认 · 多边形确认失败 · rejected=0 · elapsed_ms=1.6
[WARN] [1786546287.464631]: 开始进行多边形确认 · 多边形确认失败 · rejected=0 · elapsed_ms=1.5
[WARN] [1786546287.589621]: 开始进行多边形确认 · 多边形确认失败 · rejected=0 · elapsed_ms=1.5
[WARN] [1786546287.843758]: 开始进行多边形确认 · 多边形确认失败 · rejected=0 · elapsed_ms=1.3
[WARN] [1786546287.970835]: 开始进行多边形确认 · 多边形确认失败 · rejected=0 · elapsed_ms=1.5
[WARN] [1786546288.073998]: 开始进行多边形确认 · 多边形确认失败 · rejected=0 · elapsed_ms=1.3
[WARN] [1786546288.227268]: 开始进行多边形确认 · 多边形确认失败 · rejected=0 · elapsed_ms=1.3
[WARN] [1786546288.323345]: 开始进行多边形确认 · 多边形确认失败 · rejected=0 · elapsed_ms=1.1
[WARN] [1786546288.443384]: 开始进行多边形确认 · 多边形确认失败 · rejected=0 · elapsed_ms=1.8
[WARN] [1786546288.726590]: 开始进行多边形确认 · 多边形确认失败 · rejected=0 · elapsed_ms=1.5
[WARN] [1786546288.849765]: 开始进行多边形确认 · 多边形确认失败 · rejected=0 · elapsed_ms=1.6
[WARN] [1786546288.975405]: 开始进行多边形确认 · 多边形确认失败 · rejected=0 · elapsed_ms=1.6
[WARN] [1786546289.079852]: 开始进行多边形确认 · 多边形确认失败 · rejected=0 · elapsed_ms=1.5
[WARN] [1786546289.215192]: 开始进行多边形确认 · 多边形确认失败 · rejected=0 · elapsed_ms=2.0
[WARN] [1786546289.351597]: 开始进行多边形确认 · 多边形确认失败 · rejected=0 · elapsed_ms=1.7
[WARN] [1786546289.588133]: 开始进行多边形确认 · 多边形确认失败 · rejected=0 · elapsed_ms=1.5
[WARN] [1786546289.719805]: 开始进行多边形确认 · 多边形确认失败 · rejected=0 · elapsed_ms=1.7
[WARN] [1786546289.830642]: 开始进行多边形确认 · 多边形确认失败 · rejected=0 · elapsed_ms=1.5
[WARN] [1786546290.081662]: 开始进行多边形确认 · 多边形确认失败 · rejected=0 · elapsed_ms=1.4
[WARN] [1786546290.211871]: 开始进行多边形确认 · 多边形确认失败 · rejected=0 · elapsed_ms=1.6
[WARN] [1786546290.354116]: 开始进行多边形确认 · 多边形确认失败 · rejected=0 · elapsed_ms=1.7
[WARN] [1786546290.590196]: 开始进行多边形确认 · 多边形确认失败 · rejected=0 · elapsed_ms=1.4
[WARN] [1786546290.954221]: 开始进行多边形确认 · 多边形确认失败 · rejected=0 · elapsed_ms=1.5
[WARN] [1786546291.092087]: 开始进行多边形确认 · 多边形确认失败 · rejected=0 · elapsed_ms=1.5
[WARN] [1786546291.220828]: 开始进行多边形确认 · 多边形确认失败 · rejected=0 · elapsed_ms=1.3
[WARN] [1786546291.357139]: 开始进行多边形确认 · 多边形确认失败 · rejected=0 · elapsed_ms=1.5
[WARN] [1786546291.480774]: 开始进行多边形确认 · 多边形确认失败 · rejected=0 · elapsed_ms=1.4
[WARN] [1786546291.593869]: 开始进行多边形确认 · 多边形确认失败 · rejected=0 · elapsed_ms=1.4
[WARN] [1786546291.852354]: 开始进行多边形确认 · 多边形确认失败 · rejected=0 · elapsed_ms=1.4
[WARN] [1786546292.105439]: 开始进行多边形确认 · 多边形确认失败 · rejected=0 · elapsed_ms=1.3
[WARN] [1786546292.353445]: 开始进行多边形确认 · 多边形确认失败 · rejected=0 · elapsed_ms=1.5
[WARN] [1786546292.523254]: 开始进行多边形确认 · 多边形确认失败 · rejected=0 · elapsed_ms=1.3
[WARN] [1786546292.615744]: 开始进行多边形确认 · 多边形确认失败 · rejected=0 · elapsed_ms=1.4
[WARN] [1786546292.732270]: 开始进行多边形确认 · 多边形确认失败 · rejected=0 · elapsed_ms=1.5
[WARN] [1786546292.860282]: 开始进行多边形确认 · 多边形确认失败 · rejected=0 · elapsed_ms=1.6
[WARN] [1786546292.989123]: 开始进行多边形确认 · 多边形确认失败 · rejected=0 · elapsed_ms=1.6
[WARN] [1786546293.123338]: 开始进行多边形确认 · 多边形确认失败 · rejected=0 · elapsed_ms=1.5
[WARN] [1786546293.229241]: 开始进行多边形确认 · 多边形确认失败 · rejected=0 · elapsed_ms=1.8
[WARN] [1786546293.606483]: 开始进行多边形确认 · 多边形确认失败 · rejected=0 · elapsed_ms=1.5
[WARN] [1786546293.718896]: 开始进行多边形确认 · 多边形确认失败 · rejected=0 · elapsed_ms=1.3
[WARN] [1786546294.103140]: 开始进行多边形确认 · 多边形确认失败 · rejected=0 · elapsed_ms=1.6
[WARN] [1786546294.228484]: 开始进行多边形确认 · 多边形确认失败 · rejected=0 · elapsed_ms=1.5
[WARN] [1786546294.353229]: 开始进行多边形确认 · 多边形确认失败 · rejected=0 · elapsed_ms=1.6
[WARN] [1786546294.490992]: 开始进行多边形确认 · 多边形确认失败 · rejected=0 · elapsed_ms=10.0
[WARN] [1786546294.615388]: 开始进行多边形确认 · 多边形确认失败 · rejected=0 · elapsed_ms=1.2
[WARN] [1786546294.709908]: 开始进行多边形确认 · 多边形确认失败 · rejected=0 · elapsed_ms=1.2
[WARN] [1786546294.836843]: 开始进行多边形确认 · 多边形确认失败 · rejected=0 · elapsed_ms=1.4
[WARN] [1786546294.974345]: 开始进行多边形确认 · 多边形确认失败 · rejected=0 · elapsed_ms=1.6
[WARN] [1786546295.105608]: 开始进行多边形确认 · 多边形确认失败 · rejected=0 · elapsed_ms=1.5
[WARN] [1786546295.222153]: 开始进行多边形确认 · 多边形确认失败 · rejected=0 · elapsed_ms=1.2
[WARN] [1786546295.460866]: 开始进行多边形确认 · 多边形确认失败 · rejected=0 · elapsed_ms=1.6
[WARN] [1786546295.834509]: 开始进行多边形确认 · 多边形确认失败 · rejected=0 · elapsed_ms=3.4
[WARN] [1786546295.957714]: 开始进行多边形确认 · 多边形确认失败 · rejected=0 · elapsed_ms=1.5
[WARN] [1786546296.081328]: 开始进行多边形确认 · 多边形确认失败 · rejected=0 · elapsed_ms=1.1
[WARN] [1786546296.341812]: 开始进行多边形确认 · 多边形确认失败 · rejected=0 · elapsed_ms=0.9
[WARN] [1786546296.467875]: 开始进行多边形确认 · 多边形确认失败 · rejected=0 · elapsed_ms=1.0
[WARN] [1786546296.847151]: 开始进行多边形确认 · 多边形确认失败 · rejected=0 · elapsed_ms=1.8
[WARN] [1786546296.992066]: 开始进行多边形确认 · 多边形确认失败 · rejected=0 · elapsed_ms=1.6
[WARN] [1786546297.115132]: 开始进行多边形确认 · 多边形确认失败 · rejected=0 · elapsed_ms=1.5
[WARN] [1786546297.232765]: 开始进行多边形确认 · 多边形确认失败 · rejected=0 · elapsed_ms=1.5
[WARN] [1786546297.369240]: 开始进行多边形确认 · 多边形确认失败 · rejected=0 · elapsed_ms=1.5
[WARN] [1786546297.490018]: 开始进行多边形确认 · 多边形确认失败 · rejected=0 · elapsed_ms=1.4
[WARN] [1786546297.602147]: 开始进行多边形确认 · 多边形确认失败 · rejected=0 · elapsed_ms=1.5
[WARN] [1786546297.790869]: 开始进行多边形确认 · 多边形确认失败 · rejected=0 · elapsed_ms=1.3
[WARN] [1786546297.852104]: 开始进行多边形确认 · 多边形确认失败 · rejected=0 · elapsed_ms=1.5
[WARN] [1786546297.993376]: 开始进行多边形确认 · 多边形确认失败 · rejected=0 · elapsed_ms=1.5
[WARN] [1786546298.120960]: 开始进行多边形确认 · 多边形确认失败 · rejected=0 · elapsed_ms=1.5
[WARN] [1786546298.241975]: 开始进行多边形确认 · 多边形确认失败 · rejected=0 · elapsed_ms=1.5
[WARN] [1786546298.369504]: 开始进行多边形确认 · 多边形确认失败 · rejected=0 · elapsed_ms=1.7
[WARN] [1786546298.488261]: 开始进行多边形确认 · 多边形确认失败 · rejected=0 · elapsed_ms=1.5
[WARN] [1786546298.613504]: 开始进行多边形确认 · 多边形确认失败 · rejected=0 · elapsed_ms=1.6
[WARN] [1786546298.746665]: 开始进行多边形确认 · 多边形确认失败 · rejected=0 · elapsed_ms=1.6
[WARN] [1786546298.863171]: 开始进行多边形确认 · 多边形确认失败 · rejected=0 · elapsed_ms=1.4
[WARN] [1786546298.978595]: 开始进行多边形确认 · 多边形确认失败 · rejected=0 · elapsed_ms=1.6
[WARN] [1786546299.108194]: 开始进行多边形确认 · 多边形确认失败 · rejected=0 · elapsed_ms=1.3
[WARN] [1786546299.239195]: 开始进行多边形确认 · 多边形确认失败 · rejected=0 · elapsed_ms=1.4
[WARN] [1786546299.376044]: 开始进行多边形确认 · 多边形确认失败 · rejected=0 · elapsed_ms=1.9
[WARN] [1786546299.523542]: 开始进行多边形确认 · 多边形确认失败 · rejected=0 · elapsed_ms=21.0
[WARN] [1786546299.755893]: 开始进行多边形确认 · 多边形确认失败 · rejected=0 · elapsed_ms=1.9
[WARN] [1786546299.873531]: 开始进行多边形确认 · 多边形确认失败 · rejected=0 · elapsed_ms=1.1
[WARN] [1786546299.975288]: 开始进行多边形确认 · 多边形确认失败 · rejected=0 · elapsed_ms=1.5
[WARN] [1786546300.096149]: 开始进行多边形确认 · 多边形确认失败 · rejected=0 · elapsed_ms=1.3
[WARN] [1786546300.217289]: 开始进行多边形确认 · 多边形确认失败 · rejected=0 · elapsed_ms=1.4
[WARN] [1786546300.344484]: 开始进行多边形确认 · 多边形确认失败 · rejected=0 · elapsed_ms=1.4
[WARN] [1786546300.477878]: 开始进行多边形确认 · 多边形确认失败 · rejected=0 · elapsed_ms=1.6
[WARN] [1786546300.616663]: 开始进行多边形确认 · 多边形确认失败 · rejected=0 · elapsed_ms=1.6
[WARN] [1786546300.742172]: 开始进行多边形确认 · 多边形确认失败 · rejected=0 · elapsed_ms=1.5
[WARN] [1786546300.926140]: 开始进行多边形确认 · 多边形确认失败 · rejected=0 · elapsed_ms=1.4
[WARN] [1786546300.987266]: 开始进行多边形确认 · 多边形确认失败 · rejected=0 · elapsed_ms=1.4
[WARN] [1786546301.107588]: 开始进行多边形确认 · 多边形确认失败 · rejected=0 · elapsed_ms=2.5
[WARN] [1786546301.250121]: 开始进行多边形确认 · 多边形确认失败 · rejected=0 · elapsed_ms=1.6
[WARN] [1786546301.353219]: 开始进行多边形确认 · 多边形确认失败 · rejected=0 · elapsed_ms=1.6
[WARN] [1786546301.482871]: 开始进行多边形确认 · 多边形确认失败 · rejected=0 · elapsed_ms=1.3
[WARN] [1786546301.609320]: 开始进行多边形确认 · 多边形确认失败 · rejected=0 · elapsed_ms=1.3
[WARN] [1786546301.854175]: 开始进行多边形确认 · 多边形确认失败 · rejected=0 · elapsed_ms=1.1
[WARN] [1786546302.007228]: 开始进行多边形确认 · 多边形确认失败 · rejected=0 · elapsed_ms=1.5
[WARN] [1786546302.113868]: 开始进行多边形确认 · 多边形确认失败 · rejected=0 · elapsed_ms=1.5
[WARN] [1786546302.245184]: 开始进行多边形确认 · 多边形确认失败 · rejected=0 · elapsed_ms=1.8
[WARN] [1786546302.366583]: 开始进行多边形确认 · 多边形确认失败 · rejected=0 · elapsed_ms=1.4
[WARN] [1786546302.501143]: 开始进行多边形确认 · 多边形确认失败 · rejected=0 · elapsed_ms=1.4
[WARN] [1786546302.621454]: 开始进行多边形确认 · 多边形确认失败 · rejected=0 · elapsed_ms=1.5
[WARN] [1786546302.746485]: 开始进行多边形确认 · 多边形确认失败 · rejected=0 · elapsed_ms=1.4
[WARN] [1786546302.854738]: 开始进行多边形确认 · 多边形确认失败 · rejected=0 · elapsed_ms=1.1
[INFO] [1786546288.441599]: 开始进行多边形确认 · detections=1
[INFO] [1786546288.593356]: RGB-D vision status: model_ready:onnxruntime targets:0 centers:0 tf:0 rejected:0 merged:0 semantic_masks:0
[INFO] [1786546288.725194]: 开始进行多边形确认 · detections=1
[INFO] [1786546288.848301]: 开始进行多边形确认 · detections=1
[INFO] [1786546288.973900]: 开始进行多边形确认 · detections=1
[INFO] [1786546289.078355]: 开始进行多边形确认 · detections=1
[INFO] [1786546289.213298]: 开始进行多边形确认 · detections=1
[INFO] [1786546289.350016]: 开始进行多边形确认 · detections=1
[INFO] [1786546289.586750]: 开始进行多边形确认 · detections=1
[INFO] [1786546289.718151]: 开始进行多边形确认 · detections=1
[INFO] [1786546289.829172]: 开始进行多边形确认 · detections=1
[INFO] [1786546290.080369]: 开始进行多边形确认 · detections=1
[INFO] [1786546290.210406]: 开始进行多边形确认 · detections=1
[INFO] [1786546290.352530]: 开始进行多边形确认 · detections=1
[INFO] [1786546290.588877]: 开始进行多边形确认 · detections=1
[INFO] [1786546290.952739]: 开始进行多边形确认 · detections=1
[INFO] [1786546291.090683]: 开始进行多边形确认 · detections=1
[INFO] [1786546291.219591]: 开始进行多边形确认 · detections=1
[INFO] [1786546291.355779]: 开始进行多边形确认 · detections=1
[INFO] [1786546291.479472]: 开始进行多边形确认 · detections=1
[INFO] [1786546291.592535]: 开始进行多边形确认 · detections=1
[INFO] [1786546291.851022]: 开始进行多边形确认 · detections=1
[INFO] [1786546292.104200]: 开始进行多边形确认 · detections=1
[INFO] [1786546292.352060]: 开始进行多边形确认 · detections=1
[INFO] [1786546292.522007]: 开始进行多边形确认 · detections=1
[INFO] [1786546292.614439]: 开始进行多边形确认 · detections=1
[INFO] [1786546292.730894]: 开始进行多边形确认 · detections=1
[INFO] [1786546292.858781]: 开始进行多边形确认 · detections=1
[INFO] [1786546292.987643]: 开始进行多边形确认 · detections=1
[INFO] [1786546293.121953]: 开始进行多边形确认 · detections=1
[INFO] [1786546293.227538]: 开始进行多边形确认 · detections=1
[INFO] [1786546293.605079]: 开始进行多边形确认 · detections=1
[INFO] [1786546293.607593]: RGB-D vision status: model_ready:onnxruntime targets:0 centers:0 tf:0 rejected:0 merged:0 semantic_masks:1
[INFO] [1786546293.717659]: 开始进行多边形确认 · detections=1
[INFO] [1786546294.101643]: 开始进行多边形确认 · detections=1
[INFO] [1786546294.227117]: 开始进行多边形确认 · detections=1
[INFO] [1786546294.351726]: 开始进行多边形确认 · detections=1
[INFO] [1786546294.480990]: 开始进行多边形确认 · detections=1
[INFO] [1786546294.614254]: 开始进行多边形确认 · detections=1
[INFO] [1786546294.708838]: 开始进行多边形确认 · detections=1
[INFO] [1786546294.835513]: 开始进行多边形确认 · detections=1
[INFO] [1786546294.972818]: 开始进行多边形确认 · detections=1
[INFO] [1786546295.104197]: 开始进行多边形确认 · detections=1
[INFO] [1786546295.221021]: 开始进行多边形确认 · detections=1
[INFO] [1786546295.459334]: 开始进行多边形确认 · detections=1
[INFO] [1786546295.831108]: 开始进行多边形确认 · detections=1
[INFO] [1786546295.956288]: 开始进行多边形确认 · detections=1
[INFO] [1786546296.080225]: 开始进行多边形确认 · detections=1
[INFO] [1786546296.340936]: 开始进行多边形确认 · detections=1
[INFO] [1786546296.466975]: 开始进行多边形确认 · detections=1
[INFO] [1786546296.845459]: 开始进行多边形确认 · detections=1
[INFO] [1786546296.990550]: 开始进行多边形确认 · detections=1
[INFO] [1786546297.113744]: 开始进行多边形确认 · detections=1
[INFO] [1786546297.231401]: 开始进行多边形确认 · detections=1
[INFO] [1786546297.367844]: 开始进行多边形确认 · detections=1
[INFO] [1786546297.488660]: 开始进行多边形确认 · detections=1
[INFO] [1786546297.600749]: 开始进行多边形确认 · detections=1
[INFO] [1786546297.789678]: 开始进行多边形确认 · detections=1
[INFO] [1786546297.850619]: 开始进行多边形确认 · detections=1
[INFO] [1786546297.991945]: 开始进行多边形确认 · detections=1
[INFO] [1786546298.119541]: 开始进行多边形确认 · detections=1
[INFO] [1786546298.240610]: 开始进行多边形确认 · detections=1
[INFO] [1786546298.367918]: 开始进行多边形确认 · detections=1
[INFO] [1786546298.486846]: 开始进行多边形确认 · detections=1
[INFO] [1786546298.611977]: 开始进行多边形确认 · detections=1
[INFO] [1786546298.745101]: 开始进行多边形确认 · detections=1
[INFO] [1786546298.861863]: 开始进行多边形确认 · detections=1
[INFO] [1786546298.977105]: 开始进行多边形确认 · detections=1
[INFO] [1786546299.106932]: 开始进行多边形确认 · detections=1
[INFO] [1786546299.237887]: 开始进行多边形确认 · detections=1
[INFO] [1786546299.374244]: 开始进行多边形确认 · detections=1
[INFO] [1786546299.502615]: 开始进行多边形确认 · detections=1
[INFO] [1786546299.619305]: RGB-D vision status: model_ready:onnxruntime targets:0 centers:0 tf:0 rejected:0 merged:0 semantic_masks:0
[INFO] [1786546299.754109]: 开始进行多边形确认 · detections=1
[INFO] [1786546299.872463]: 开始进行多边形确认 · detections=1
[INFO] [1786546299.973878]: 开始进行多边形确认 · detections=1
[INFO] [1786546300.094912]: 开始进行多边形确认 · detections=1
[INFO] [1786546300.215971]: 开始进行多边形确认 · detections=1
[INFO] [1786546300.343172]: 开始进行多边形确认 · detections=1
[INFO] [1786546300.476346]: 开始进行多边形确认 · detections=1
[INFO] [1786546300.615163]: 开始进行多边形确认 · detections=1
[INFO] [1786546300.740744]: 开始进行多边形确认 · detections=1
[INFO] [1786546300.924783]: 开始进行多边形确认 · detections=1
[INFO] [1786546300.985919]: 开始进行多边形确认 · detections=1
[INFO] [1786546301.105142]: 开始进行多边形确认 · detections=1
[INFO] [1786546301.248626]: 开始进行多边形确认 · detections=1
[INFO] [1786546301.351642]: 开始进行多边形确认 · detections=1
[INFO] [1786546301.481635]: 开始进行多边形确认 · detections=1
[INFO] [1786546301.608042]: 开始进行多边形确认 · detections=1
[INFO] [1786546301.853101]: 开始进行多边形确认 · detections=1
[INFO] [1786546302.005828]: 开始进行多边形确认 · detections=1
[INFO] [1786546302.112428]: 开始进行多边形确认 · detections=1
[INFO] [1786546302.243472]: 开始进行多边形确认 · detections=1
[INFO] [1786546302.365226]: 开始进行多边形确认 · detections=1
[INFO] [1786546302.499808]: 开始进行多边形确认 · detections=1
[INFO] [1786546302.620017]: 开始进行多边形确认 · detections=1
[INFO] [1786546302.745162]: 开始进行多边形确认 · detections=1
[INFO] [1786546302.853663]: 开始进行多边形确认 · detections=1
[INFO] [1786546303.112036]: 开始进行多边形确认 · detections=1
[INFO] [1786546303.230153]: 开始进行多边形确认 · detections=1
[INFO] [1786546303.366318]: 开始进行多边形确认 · detections=1
[INFO] [1786546303.490242]: 开始进行多边形确认 · detections=1
[INFO] [1786546303.634687]: 开始进行多边形确认 · detections=1
[INFO] [1786546303.739552]: 开始进行多边形确认 · detections=1
[INFO] [1786546303.880421]: 开始进行多边形确认 · detections=1
[INFO] [1786546304.005252]: 开始进行多边形确认 · detections=1
[INFO] [1786546304.130248]: 开始进行多边形确认 · detections=1
[INFO] [1786546304.245480]: 开始进行多边形确认 · detections=1
[INFO] [1786546304.357996]: 开始进行多边形确认 · detections=1
[INFO] [1786546304.483061]: 开始进行多边形确认 · detections=1
[INFO] [1786546304.611579]: 开始进行多边形确认 · detections=1
[WARN] [1786546303.113514]: 开始进行多边形确认 · 多边形确认失败 · rejected=0 · elapsed_ms=1.5
[WARN] [1786546303.231292]: 开始进行多边形确认 · 多边形确认失败 · rejected=0 · elapsed_ms=1.2
[WARN] [1786546303.367428]: 开始进行多边形确认 · 多边形确认失败 · rejected=0 · elapsed_ms=1.2
[WARN] [1786546303.491588]: 开始进行多边形确认 · 多边形确认失败 · rejected=0 · elapsed_ms=1.4
[WARN] [1786546303.635798]: 开始进行多边形确认 · 多边形确认失败 · rejected=0 · elapsed_ms=1.2
[WARN] [1786546303.740585]: 开始进行多边形确认 · 多边形确认失败 · rejected=0 · elapsed_ms=1.1
[WARN] [1786546303.881808]: 开始进行多边形确认 · 多边形确认失败 · rejected=0 · elapsed_ms=1.5
[WARN] [1786546304.006606]: 开始进行多边形确认 · 多边形确认失败 · rejected=0 · elapsed_ms=1.4
[WARN] [1786546304.131597]: 开始进行多边形确认 · 多边形确认失败 · rejected=0 · elapsed_ms=1.4
[WARN] [1786546304.246575]: 开始进行多边形确认 · 多边形确认失败 · rejected=0 · elapsed_ms=1.2
[WARN] [1786546304.359222]: 开始进行多边形确认 · 多边形确认失败 · rejected=0 · elapsed_ms=1.3
[WARN] [1786546304.484241]: 开始进行多边形确认 · 多边形确认失败 · rejected=0 · elapsed_ms=1.2
[WARN] [1786546304.631508]: 开始进行多边形确认 · 多边形确认失败 · rejected=0 · elapsed_ms=19.9
[WARN] [1786546304.741902]: 开始进行多边形确认 · 多边形确认失败 · rejected=0 · elapsed_ms=1.2
[WARN] [1786546304.869622]: 开始进行多边形确认 · 多边形确认失败 · rejected=0 · elapsed_ms=1.4
[WARN] [1786546305.140878]: 开始进行多边形确认 · 多边形确认失败 · rejected=0 · elapsed_ms=1.5
[WARN] [1786546305.493029]: 开始进行多边形确认 · 多边形确认失败 · rejected=0 · elapsed_ms=1.2
[WARN] [1786546305.622220]: 开始进行多边形确认 · 多边形确认失败 · rejected=0 · elapsed_ms=1.3
[WARN] [1786546305.749412]: 开始进行多边形确认 · 多边形确认失败 · rejected=0 · elapsed_ms=1.2
[WARN] [1786546305.881762]: 开始进行多边形确认 · 多边形确认失败 · rejected=0 · elapsed_ms=1.2
[WARN] [1786546306.006812]: 开始进行多边形确认 · 多边形确认失败 · rejected=0 · elapsed_ms=1.2
[WARN] [1786546306.274240]: 开始进行多边形确认 · 多边形确认失败 · rejected=0 · elapsed_ms=1.2
[WARN] [1786546306.369789]: 开始进行多边形确认 · 多边形确认失败 · rejected=0 · elapsed_ms=1.5
[WARN] [1786546306.514290]: 开始进行多边形确认 · 多边形确认失败 · rejected=0 · elapsed_ms=1.4
[WARN] [1786546306.649184]: 开始进行多边形确认 · 多边形确认失败 · rejected=0 · elapsed_ms=1.5
[WARN] [1786546306.786599]: 开始进行多边形确认 · 多边形确认失败 · rejected=0 · elapsed_ms=1.3
[WARN] [1786546306.909084]: 开始进行多边形确认 · 多边形确认失败 · rejected=0 · elapsed_ms=1.6
[WARN] [1786546307.024937]: 开始进行多边形确认 · 多边形确认失败 · rejected=0 · elapsed_ms=1.4
[WARN] [1786546307.145678]: 开始进行多边形确认 · 多边形确认失败 · rejected=0 · elapsed_ms=1.5
[WARN] [1786546307.401959]: 开始进行多边形确认 · 多边形确认失败 · rejected=0 · elapsed_ms=1.4
[WARN] [1786546307.519312]: 开始进行多边形确认 · 多边形确认失败 · rejected=0 · elapsed_ms=1.5
[WARN] [1786546308.020092]: 开始进行多边形确认 · 多边形确认失败 · rejected=0 · elapsed_ms=1.6
[WARN] [1786546308.127224]: 开始进行多边形确认 · 多边形确认失败 · rejected=0 · elapsed_ms=1.3
[WARN] [1786546308.266944]: 开始进行多边形确认 · 多边形确认失败 · rejected=0 · elapsed_ms=1.4
[WARN] [1786546308.424416]: 开始进行多边形确认 · 多边形确认失败 · rejected=0 · elapsed_ms=1.5
[WARN] [1786546308.517324]: 开始进行多边形确认 · 多边形确认失败 · rejected=0 · elapsed_ms=1.5
[WARN] [1786546308.643778]: 开始进行多边形确认 · 多边形确认失败 · rejected=0 · elapsed_ms=2.5
[WARN] [1786546308.767730]: 开始进行多边形确认 · 多边形确认失败 · rejected=0 · elapsed_ms=1.1
[WARN] [1786546308.883317]: 开始进行多边形确认 · 多边形确认失败 · rejected=0 · elapsed_ms=1.1
[WARN] [1786546309.019709]: 开始进行多边形确认 · 多边形确认失败 · rejected=0 · elapsed_ms=1.4
[WARN] [1786546309.139702]: 开始进行多边形确认 · 多边形确认失败 · rejected=0 · elapsed_ms=1.5
[WARN] [1786546309.285576]: 开始进行多边形确认 · 多边形确认失败 · rejected=0 · elapsed_ms=1.5
[WARN] [1786546309.463809]: 开始进行多边形确认 · 多边形确认失败 · rejected=0 · elapsed_ms=1.6
[WARN] [1786546309.544549]: 开始进行多边形确认 · 多边形确认失败 · rejected=0 · elapsed_ms=1.5
[WARN] [1786546309.677813]: 开始进行多边形确认 · 多边形确认失败 · rejected=0 · elapsed_ms=20.0
[WARN] [1786546309.788706]: 开始进行多边形确认 · 多边形确认失败 · rejected=0 · elapsed_ms=1.3
[WARN] [1786546309.908966]: 开始进行多边形确认 · 多边形确认失败 · rejected=0 · elapsed_ms=1.6
[WARN] [1786546310.017041]: 开始进行多边形确认 · 多边形确认失败 · rejected=0 · elapsed_ms=1.2
[WARN] [1786546310.144684]: 开始进行多边形确认 · 多边形确认失败 · rejected=0 · elapsed_ms=1.1
[WARN] [1786546310.271532]: 开始进行多边形确认 · 多边形确认失败 · rejected=0 · elapsed_ms=1.3
[WARN] [1786546310.563316]: 开始进行多边形确认 · 多边形确认失败 · rejected=0 · elapsed_ms=1.5
[WARN] [1786546310.803139]: 开始进行多边形确认 · 多边形确认失败 · rejected=0 · elapsed_ms=1.2
[WARN] [1786546310.917265]: 开始进行多边形确认 · 多边形确认失败 · rejected=0 · elapsed_ms=1.6
[WARN] [1786546311.168976]: 开始进行多边形确认 · 多边形确认失败 · rejected=0 · elapsed_ms=1.6
[WARN] [1786546311.298583]: 开始进行多边形确认 · 多边形确认失败 · rejected=0 · elapsed_ms=1.8
[WARN] [1786546311.424052]: 开始进行多边形确认 · 多边形确认失败 · rejected=0 · elapsed_ms=1.2
[WARN] [1786546311.567688]: 开始进行多边形确认 · 多边形确认失败 · rejected=0 · elapsed_ms=1.7
[WARN] [1786546311.671991]: 开始进行多边形确认 · 多边形确认失败 · rejected=0 · elapsed_ms=1.3
[WARN] [1786546311.920818]: 开始进行多边形确认 · 多边形确认失败 · rejected=0 · elapsed_ms=1.6
[WARN] [1786546312.037592]: 开始进行多边形确认 · 多边形确认失败 · rejected=0 · elapsed_ms=1.6
[WARN] [1786546312.292567]: 开始进行多边形确认 · 多边形确认失败 · rejected=0 · elapsed_ms=1.3
[WARN] [1786546312.415134]: 开始进行多边形确认 · 多边形确认失败 · rejected=0 · elapsed_ms=1.3
[WARN] [1786546312.598447]: 开始进行多边形确认 · 多边形确认失败 · rejected=0 · elapsed_ms=1.3
[WARN] [1786546312.670821]: 开始进行多边形确认 · 多边形确认失败 · rejected=0 · elapsed_ms=1.4
[WARN] [1786546312.789904]: 开始进行多边形确认 · 多边形确认失败 · rejected=0 · elapsed_ms=1.3
[WARN] [1786546312.921515]: 开始进行多边形确认 · 多边形确认失败 · rejected=0 · elapsed_ms=1.4
[WARN] [1786546313.056016]: 开始进行多边形确认 · 多边形确认失败 · rejected=0 · elapsed_ms=1.6
[WARN] [1786546313.177159]: 开始进行多边形确认 · 多边形确认失败 · rejected=0 · elapsed_ms=1.5
[WARN] [1786546313.282262]: 开始进行多边形确认 · 多边形确认失败 · rejected=0 · elapsed_ms=1.1
[WARN] [1786546313.401992]: 开始进行多边形确认 · 多边形确认失败 · rejected=0 · elapsed_ms=1.1
[WARN] [1786546313.534541]: 开始进行多边形确认 · 多边形确认失败 · rejected=0 · elapsed_ms=1.3
[WARN] [1786546313.685212]: 开始进行多边形确认 · 多边形确认失败 · rejected=0 · elapsed_ms=1.3
[INFO] [1786546304.740720]: 开始进行多边形确认 · detections=1
[INFO] [1786546304.868341]: 开始进行多边形确认 · detections=1
[INFO] [1786546304.990116]: RGB-D vision status: model_ready:onnxruntime targets:0 centers:0 tf:0 rejected:0 merged:0 semantic_masks:0
[INFO] [1786546305.139466]: 开始进行多边形确认 · detections=1
[INFO] [1786546305.491911]: 开始进行多边形确认 · detections=1
[INFO] [1786546305.621015]: 开始进行多边形确认 · detections=1
[INFO] [1786546305.748222]: 开始进行多边形确认 · detections=1
[INFO] [1786546305.880596]: 开始进行多边形确认 · detections=1
[INFO] [1786546306.005712]: 开始进行多边形确认 · detections=1
[INFO] [1786546306.273064]: 开始进行多边形确认 · detections=1
[INFO] [1786546306.368355]: 开始进行多边形确认 · detections=1
[INFO] [1786546306.513001]: 开始进行多边形确认 · detections=1
[INFO] [1786546306.647789]: 开始进行多边形确认 · detections=1
[INFO] [1786546306.785369]: 开始进行多边形确认 · detections=1
[INFO] [1786546306.907591]: 开始进行多边形确认 · detections=1
[INFO] [1786546307.023669]: 开始进行多边形确认 · detections=1
[INFO] [1786546307.144240]: 开始进行多边形确认 · detections=1
[INFO] [1786546307.400679]: 开始进行多边形确认 · detections=1
[INFO] [1786546307.517899]: 开始进行多边形确认 · detections=1
[INFO] [1786546308.018550]: 开始进行多边形确认 · detections=1
[INFO] [1786546308.125941]: 开始进行多边形确认 · detections=1
[INFO] [1786546308.265604]: 开始进行多边形确认 · detections=1
[INFO] [1786546308.422982]: 开始进行多边形确认 · detections=1
[INFO] [1786546308.515868]: 开始进行多边形确认 · detections=1
[INFO] [1786546308.641362]: 开始进行多边形确认 · detections=1
[INFO] [1786546308.766711]: 开始进行多边形确认 · detections=1
[INFO] [1786546308.882239]: 开始进行多边形确认 · detections=1
[INFO] [1786546309.018401]: 开始进行多边形确认 · detections=1
[INFO] [1786546309.138225]: 开始进行多边形确认 · detections=1
[INFO] [1786546309.284125]: 开始进行多边形确认 · detections=1
[INFO] [1786546309.462350]: 开始进行多边形确认 · detections=1
[INFO] [1786546309.543180]: 开始进行多边形确认 · detections=1
[INFO] [1786546309.657863]: 开始进行多边形确认 · detections=1
[INFO] [1786546309.787514]: 开始进行多边形确认 · detections=1
[INFO] [1786546309.907429]: 开始进行多边形确认 · detections=1
[INFO] [1786546310.015885]: 开始进行多边形确认 · detections=1
[INFO] [1786546310.143625]: 开始进行多边形确认 · detections=1
[INFO] [1786546310.270278]: 开始进行多边形确认 · detections=1
[INFO] [1786546310.389314]: RGB-D vision status: model_ready:onnxruntime targets:0 centers:0 tf:0 rejected:0 merged:0 semantic_masks:0
[INFO] [1786546310.561877]: 开始进行多边形确认 · detections=1
[INFO] [1786546310.802009]: 开始进行多边形确认 · detections=1
[INFO] [1786546310.915755]: 开始进行多边形确认 · detections=1
[INFO] [1786546311.167438]: 开始进行多边形确认 · detections=1
[INFO] [1786546311.296853]: 开始进行多边形确认 · detections=1
[INFO] [1786546311.422909]: 开始进行多边形确认 · detections=1
[INFO] [1786546311.566107]: 开始进行多边形确认 · detections=1
[INFO] [1786546311.670771]: 开始进行多边形确认 · detections=1
[INFO] [1786546311.919339]: 开始进行多边形确认 · detections=1
[INFO] [1786546312.036108]: 开始进行多边形确认 · detections=1
[INFO] [1786546312.291328]: 开始进行多边形确认 · detections=1
[INFO] [1786546312.413960]: 开始进行多边形确认 · detections=1
[INFO] [1786546312.597178]: 开始进行多边形确认 · detections=1
[INFO] [1786546312.669514]: 开始进行多边形确认 · detections=1
[INFO] [1786546312.788677]: 开始进行多边形确认 · detections=1
[INFO] [1786546312.920190]: 开始进行多边形确认 · detections=1
[INFO] [1786546313.054497]: 开始进行多边形确认 · detections=1
[INFO] [1786546313.175730]: 开始进行多边形确认 · detections=1
[INFO] [1786546313.281188]: 开始进行多边形确认 · detections=1
[INFO] [1786546313.400939]: 开始进行多边形确认 · detections=1
[INFO] [1786546313.533285]: 开始进行多边形确认 · detections=1
[INFO] [1786546313.683947]: 开始进行多边形确认 · detections=1
[INFO] [1786546313.915731]: 开始进行多边形确认 · detections=1
[INFO] [1786546314.027696]: 开始进行多边形确认 · detections=1
[INFO] [1786546314.285756]: 开始进行多边形确认 · detections=1
[INFO] [1786546314.408859]: 开始进行多边形确认 · detections=1
[INFO] [1786546314.538639]: 开始进行多边形确认 · detections=1
[INFO] [1786546314.675885]: 开始进行多边形确认 · detections=1
[INFO] [1786546314.811001]: 开始进行多边形确认 · detections=1
[INFO] [1786546314.927110]: 开始进行多边形确认 · detections=1
[INFO] [1786546315.311782]: 开始进行多边形确认 · detections=1
[INFO] [1786546315.431906]: 开始进行多边形确认 · detections=1
[INFO] [1786546315.556250]: 开始进行多边形确认 · detections=1
[INFO] [1786546315.687677]: 开始进行多边形确认 · detections=1
[INFO] [1786546315.815814]: 开始进行多边形确认 · detections=1
[INFO] [1786546315.935184]: 开始进行多边形确认 · detections=1
[INFO] [1786546316.057882]: 开始进行多边形确认 · detections=1
[INFO] [1786546316.178495]: 开始进行多边形确认 · detections=1
[INFO] [1786546316.308458]: 开始进行多边形确认 · detections=1
[INFO] [1786546316.455788]: 开始进行多边形确认 · detections=1
[INFO] [1786546316.540490]: 开始进行多边形确认 · detections=1
[INFO] [1786546316.664829]: 开始进行多边形确认 · detections=1
[INFO] [1786546316.828061]: 开始进行多边形确认 · detections=1
[INFO] [1786546316.923262]: 开始进行多边形确认 · detections=1
[INFO] [1786546317.044429]: 开始进行多边形确认 · detections=1
[INFO] [1786546317.190379]: 开始进行多边形确认 · detections=1
[INFO] [1786546317.318027]: 开始进行多边形确认 · detections=1
[INFO] [1786546317.452529]: 开始进行多边形确认 · detections=1
[INFO] [1786546317.575221]: 开始进行多边形确认 · detections=1
[INFO] [1786546317.701396]: 开始进行多边形确认 · detections=1
[INFO] [1786546317.848534]: RGB-D vision status: model_ready:onnxruntime targets:0 centers:0 tf:0 rejected:0 merged:0 semantic_masks:0
[INFO] [1786546317.939499]: 开始进行多边形确认 · detections=1
[INFO] [1786546318.051595]: 开始进行多边形确认 · detections=1
[INFO] [1786546318.306629]: 开始进行多边形确认 · detections=1
[INFO] [1786546318.427165]: 开始进行多边形确认 · detections=1
[INFO] [1786546318.542087]: 开始进行多边形确认 · detections=1
[INFO] [1786546318.794600]: 开始进行多边形确认 · detections=1
[INFO] [1786546318.935135]: 开始进行多边形确认 · detections=1
[INFO] [1786546319.043534]: 开始进行多边形确认 · detections=1
[INFO] [1786546319.192965]: 开始进行多边形确认 · detections=1
[INFO] [1786546319.319336]: 开始进行多边形确认 · detections=1
[INFO] [1786546319.431271]: 开始进行多边形确认 · detections=1
[INFO] [1786546319.555927]: 开始进行多边形确认 · detections=1
[INFO] [1786546319.800424]: 开始进行多边形确认 · detections=1
[INFO] [1786546319.962160]: 开始进行多边形确认 · detections=1
[INFO] [1786546320.066163]: 开始进行多边形确认 · detections=1
[INFO] [1786546320.187598]: 开始进行多边形确认 · detections=1
[INFO] [1786546320.300072]: 开始进行多边形确认 · detections=1
[INFO] [1786546320.429749]: 开始进行多边形确认 · detections=1
[INFO] [1786546320.551788]: 开始进行多边形确认 · detections=1
[INFO] [1786546320.682013]: 开始进行多边形确认 · detections=1
[INFO] [1786546320.801807]: 开始进行多边形确认 · detections=1
[WARN] [1786546313.917039]: 开始进行多边形确认 · 多边形确认失败 · rejected=0 · elapsed_ms=1.4
[WARN] [1786546314.028901]: 开始进行多边形确认 · 多边形确认失败 · rejected=0 · elapsed_ms=1.3
[WARN] [1786546314.286999]: 开始进行多边形确认 · 多边形确认失败 · rejected=0 · elapsed_ms=1.3
[WARN] [1786546314.409925]: 开始进行多边形确认 · 多边形确认失败 · rejected=0 · elapsed_ms=1.1
[WARN] [1786546314.539918]: 开始进行多边形确认 · 多边形确认失败 · rejected=0 · elapsed_ms=1.3
[WARN] [1786546314.698912]: 开始进行多边形确认 · 多边形确认失败 · rejected=0 · elapsed_ms=23.0
[WARN] [1786546314.812336]: 开始进行多边形确认 · 多边形确认失败 · rejected=0 · elapsed_ms=1.4
[WARN] [1786546314.928385]: 开始进行多边形确认 · 多边形确认失败 · rejected=0 · elapsed_ms=1.4
[WARN] [1786546315.313238]: 开始进行多边形确认 · 多边形确认失败 · rejected=0 · elapsed_ms=1.6
[WARN] [1786546315.433357]: 开始进行多边形确认 · 多边形确认失败 · rejected=0 · elapsed_ms=1.5
[WARN] [1786546315.557652]: 开始进行多边形确认 · 多边形确认失败 · rejected=0 · elapsed_ms=1.5
[WARN] [1786546315.694645]: 开始进行多边形确认 · 多边形确认失败 · rejected=0 · elapsed_ms=7.0
[WARN] [1786546315.817229]: 开始进行多边形确认 · 多边形确认失败 · rejected=0 · elapsed_ms=1.5
[WARN] [1786546315.936487]: 开始进行多边形确认 · 多边形确认失败 · rejected=0 · elapsed_ms=1.4
[WARN] [1786546316.059408]: 开始进行多边形确认 · 多边形确认失败 · rejected=0 · elapsed_ms=1.6
[WARN] [1786546316.181213]: 开始进行多边形确认 · 多边形确认失败 · rejected=0 · elapsed_ms=2.7
[WARN] [1786546316.309875]: 开始进行多边形确认 · 多边形确认失败 · rejected=0 · elapsed_ms=1.5
[WARN] [1786546316.457176]: 开始进行多边形确认 · 多边形确认失败 · rejected=0 · elapsed_ms=1.5
[WARN] [1786546316.542026]: 开始进行多边形确认 · 多边形确认失败 · rejected=0 · elapsed_ms=1.6
[WARN] [1786546316.666251]: 开始进行多边形确认 · 多边形确认失败 · rejected=0 · elapsed_ms=1.5
[WARN] [1786546316.829477]: 开始进行多边形确认 · 多边形确认失败 · rejected=0 · elapsed_ms=1.5
[WARN] [1786546316.924263]: 开始进行多边形确认 · 多边形确认失败 · rejected=0 · elapsed_ms=1.1
[WARN] [1786546317.046222]: 开始进行多边形确认 · 多边形确认失败 · rejected=0 · elapsed_ms=1.9
[WARN] [1786546317.191757]: 开始进行多边形确认 · 多边形确认失败 · rejected=0 · elapsed_ms=1.5
[WARN] [1786546317.319621]: 开始进行多边形确认 · 多边形确认失败 · rejected=0 · elapsed_ms=1.7
[WARN] [1786546317.454048]: 开始进行多边形确认 · 多边形确认失败 · rejected=0 · elapsed_ms=1.6
[WARN] [1786546317.577552]: 开始进行多边形确认 · 多边形确认失败 · rejected=0 · elapsed_ms=2.3
[WARN] [1786546317.702557]: 开始进行多边形确认 · 多边形确认失败 · rejected=0 · elapsed_ms=1.3
[WARN] [1786546317.940737]: 开始进行多边形确认 · 多边形确认失败 · rejected=0 · elapsed_ms=1.3
[WARN] [1786546318.052774]: 开始进行多边形确认 · 多边形确认失败 · rejected=0 · elapsed_ms=1.2
[WARN] [1786546318.307961]: 开始进行多边形确认 · 多边形确认失败 · rejected=0 · elapsed_ms=1.4
[WARN] [1786546318.428443]: 开始进行多边形确认 · 多边形确认失败 · rejected=0 · elapsed_ms=1.4
[WARN] [1786546318.543222]: 开始进行多边形确认 · 多边形确认失败 · rejected=0 · elapsed_ms=1.2
[WARN] [1786546318.799233]: 开始进行多边形确认 · 多边形确认失败 · rejected=0 · elapsed_ms=4.7
[WARN] [1786546318.936418]: 开始进行多边形确认 · 多边形确认失败 · rejected=0 · elapsed_ms=1.4
[WARN] [1786546319.044994]: 开始进行多边形确认 · 多边形确认失败 · rejected=0 · elapsed_ms=1.5
[WARN] [1786546319.194317]: 开始进行多边形确认 · 多边形确认失败 · rejected=0 · elapsed_ms=1.4
[WARN] [1786546319.320824]: 开始进行多边形确认 · 多边形确认失败 · rejected=0 · elapsed_ms=1.6
[WARN] [1786546319.432638]: 开始进行多边形确认 · 多边形确认失败 · rejected=0 · elapsed_ms=1.4
[WARN] [1786546319.557576]: 开始进行多边形确认 · 多边形确认失败 · rejected=0 · elapsed_ms=1.7
[WARN] [1786546319.819965]: 开始进行多边形确认 · 多边形确认失败 · rejected=0 · elapsed_ms=19.5
[WARN] [1786546319.963622]: 开始进行多边形确认 · 多边形确认失败 · rejected=0 · elapsed_ms=1.5
[WARN] [1786546320.067830]: 开始进行多边形确认 · 多边形确认失败 · rejected=0 · elapsed_ms=1.7
[WARN] [1786546320.188966]: 开始进行多边形确认 · 多边形确认失败 · rejected=0 · elapsed_ms=1.4
[WARN] [1786546320.301272]: 开始进行多边形确认 · 多边形确认失败 · rejected=0 · elapsed_ms=1.3
[WARN] [1786546320.430945]: 开始进行多边形确认 · 多边形确认失败 · rejected=0 · elapsed_ms=1.3
[WARN] [1786546320.553069]: 开始进行多边形确认 · 多边形确认失败 · rejected=0 · elapsed_ms=1.3
[WARN] [1786546320.683360]: 开始进行多边形确认 · 多边形确认失败 · rejected=0 · elapsed_ms=1.4
[WARN] [1786546320.802945]: 开始进行多边形确认 · 多边形确认失败 · rejected=0 · elapsed_ms=1.2
[WARN] [1786546320.926987]: 开始进行多边形确认 · 多边形确认失败 · rejected=0 · elapsed_ms=1.3
[WARN] [1786546321.092601]: 开始进行多边形确认 · 多边形确认失败 · rejected=0 · elapsed_ms=1.6
[WARN] [1786546321.201553]: 开始进行多边形确认 · 多边形确认失败 · rejected=0 · elapsed_ms=1.5
[WARN] [1786546321.457828]: 开始进行多边形确认 · 多边形确认失败 · rejected=0 · elapsed_ms=1.5
[WARN] [1786546321.584320]: 开始进行多边形确认 · 多边形确认失败 · rejected=0 · elapsed_ms=1.4
[WARN] [1786546321.705472]: 开始进行多边形确认 · 多边形确认失败 · rejected=0 · elapsed_ms=1.5
[WARN] [1786546321.829740]: 开始进行多边形确认 · 多边形确认失败 · rejected=0 · elapsed_ms=1.5
[WARN] [1786546322.213416]: 开始进行多边形确认 · 多边形确认失败 · rejected=0 · elapsed_ms=1.7
[WARN] [1786546322.323973]: 开始进行多边形确认 · 多边形确认失败 · rejected=0 · elapsed_ms=1.5
[WARN] [1786546322.458989]: 开始进行多边形确认 · 多边形确认失败 · rejected=0 · elapsed_ms=1.2
[WARN] [1786546322.589833]: 开始进行多边形确认 · 多边形确认失败 · rejected=0 · elapsed_ms=1.5
[WARN] [1786546322.711195]: 开始进行多边形确认 · 多边形确认失败 · rejected=0 · elapsed_ms=1.2
[WARN] [1786546322.837063]: 开始进行多边形确认 · 多边形确认失败 · rejected=0 · elapsed_ms=1.6
[WARN] [1786546322.956624]: 开始进行多边形确认 · 多边形确认失败 · rejected=0 · elapsed_ms=1.4
[WARN] [1786546323.127178]: 开始进行多边形确认 · 多边形确认失败 · rejected=0 · elapsed_ms=1.4
[WARN] [1786546323.210933]: 开始进行多边形确认 · 多边形确认失败 · rejected=0 · elapsed_ms=1.4
[WARN] [1786546323.472572]: 开始进行多边形确认 · 多边形确认失败 · rejected=0 · elapsed_ms=1.4
[WARN] [1786546323.596589]: 开始进行多边形确认 · 多边形确认失败 · rejected=0 · elapsed_ms=1.6
[WARN] [1786546323.720407]: 开始进行多边形确认 · 多边形确认失败 · rejected=0 · elapsed_ms=1.5
[WARN] [1786546323.844666]: 开始进行多边形确认 · 多边形确认失败 · rejected=0 · elapsed_ms=1.5
[WARN] [1786546323.970568]: 开始进行多边形确认 · 多边形确认失败 · rejected=0 · elapsed_ms=1.9
[WARN] [1786546324.108307]: 开始进行多边形确认 · 多边形确认失败 · rejected=0 · elapsed_ms=1.6
[WARN] [1786546324.231853]: 开始进行多边形确认 · 多边形确认失败 · rejected=0 · elapsed_ms=1.4
[INFO] [1786546320.925692]: 开始进行多边形确认 · detections=1
[INFO] [1786546321.091134]: 开始进行多边形确认 · detections=1
[INFO] [1786546321.200173]: 开始进行多边形确认 · detections=1
[INFO] [1786546321.456464]: 开始进行多边形确认 · detections=1
[INFO] [1786546321.582994]: 开始进行多边形确认 · detections=1
[INFO] [1786546321.704055]: 开始进行多边形确认 · detections=1
[INFO] [1786546321.828285]: 开始进行多边形确认 · detections=1
[INFO] [1786546322.211762]: 开始进行多边形确认 · detections=1
[INFO] [1786546322.322586]: 开始进行多边形确认 · detections=1
[INFO] [1786546322.457835]: 开始进行多边形确认 · detections=1
[INFO] [1786546322.588453]: 开始进行多边形确认 · detections=1
[INFO] [1786546322.710025]: 开始进行多边形确认 · detections=1
[INFO] [1786546322.835559]: 开始进行多边形确认 · detections=1
[INFO] [1786546322.955281]: 开始进行多边形确认 · detections=1
[INFO] [1786546323.125831]: 开始进行多边形确认 · detections=1
[INFO] [1786546323.209625]: 开始进行多边形确认 · detections=1
[INFO] [1786546323.327575]: RGB-D vision status: model_ready:onnxruntime targets:0 centers:0 tf:0 rejected:0 merged:0 semantic_masks:0
[INFO] [1786546323.471246]: 开始进行多边形确认 · detections=1
[INFO] [1786546323.595038]: 开始进行多边形确认 · detections=1
[INFO] [1786546323.719010]: 开始进行多边形确认 · detections=1
[INFO] [1786546323.843261]: 开始进行多边形确认 · detections=1
[INFO] [1786546323.968805]: 开始进行多边形确认 · detections=1
[INFO] [1786546324.106773]: 开始进行多边形确认 · detections=1
[INFO] [1786546324.230522]: 开始进行多边形确认 · detections=1
[INFO] [1786546324.346233]: 开始进行多边形确认 · detections=1
[INFO] [1786546324.479261]: 开始进行多边形确认 · detections=1
[INFO] [1786546324.715049]: 开始进行多边形确认 · detections=1
[INFO] [1786546324.841208]: 开始进行多边形确认 · detections=1
[INFO] [1786546324.955858]: 开始进行多边形确认 · detections=1
[INFO] [1786546325.082328]: 开始进行多边形确认 · detections=1
[INFO] [1786546325.221290]: 开始进行多边形确认 · detections=1
[INFO] [1786546325.331201]: 开始进行多边形确认 · detections=1
[INFO] [1786546325.462447]: 开始进行多边形确认 · detections=1
[INFO] [1786546325.580520]: 开始进行多边形确认 · detections=1
[INFO] [1786546325.709625]: 开始进行多边形确认 · detections=1
[INFO] [1786546325.836594]: 开始进行多边形确认 · detections=1
[INFO] [1786546325.961529]: 开始进行多边形确认 · detections=1
[INFO] [1786546326.086051]: 开始进行多边形确认 · detections=1
[INFO] [1786546326.213392]: 开始进行多边形确认 · detections=1
[INFO] [1786546326.371053]: 开始进行多边形确认 · detections=1
[INFO] [1786546326.459311]: 开始进行多边形确认 · detections=1
[INFO] [1786546326.600204]: 开始进行多边形确认 · detections=1
[INFO] [1786546326.725865]: 开始进行多边形确认 · detections=1
[INFO] [1786546326.853191]: 开始进行多边形确认 · detections=1
[INFO] [1786546326.963928]: 开始进行多边形确认 · detections=1
[INFO] [1786546327.091289]: 开始进行多边形确认 · detections=2
[INFO] [1786546327.103258]: CITRUS_CENTER ok pixel=(302,511) depth=0.447 m radius=33.6 mm arc=89 deg error=0.41 px fragments=1
[INFO] [1786546327.104576]: 开始进行多边形确认 · centers=1 · rejected=0 · merged=0 · elapsed_ms=13.3
[INFO] [1786546327.222339]: 开始进行多边形确认 · detections=2
[INFO] [1786546327.231817]: 开始进行多边形确认 · centers=1 · rejected=0 · merged=0 · elapsed_ms=9.5
[INFO] [1786546327.411568]: 开始进行多边形确认 · detections=2
[INFO] [1786546327.420582]: 开始进行多边形确认 · centers=1 · rejected=0 · merged=0 · elapsed_ms=9.1
[INFO] [1786546327.491452]: 开始进行多边形确认 · detections=2
[INFO] [1786546327.500963]: 开始进行多边形确认 · centers=1 · rejected=0 · merged=0 · elapsed_ms=9.5
[INFO] [1786546327.607590]: 开始进行多边形确认 · detections=2
[INFO] [1786546327.615388]: 开始进行多边形确认 · centers=1 · rejected=0 · merged=0 · elapsed_ms=7.8
[INFO] [1786546327.731263]: 开始进行多边形确认 · detections=2
[INFO] [1786546327.737947]: 开始进行多边形确认 · centers=1 · rejected=0 · merged=0 · elapsed_ms=6.7
[INFO] [1786546327.862084]: 开始进行多边形确认 · detections=2
[INFO] [1786546327.869333]: 开始进行多边形确认 · centers=1 · rejected=0 · merged=0 · elapsed_ms=7.3
[INFO] [1786546327.988946]: 开始进行多边形确认 · detections=2
[INFO] [1786546327.996242]: 开始进行多边形确认 · centers=1 · rejected=0 · merged=0 · elapsed_ms=7.3
[INFO] [1786546328.114961]: 开始进行多边形确认 · detections=3
[INFO] [1786546328.126879]: 开始进行多边形确认 · centers=1 · rejected=0 · merged=0 · elapsed_ms=12.0
[INFO] [1786546328.240186]: 开始进行多边形确认 · detections=2
[INFO] [1786546328.247782]: 开始进行多边形确认 · centers=1 · rejected=0 · merged=0 · elapsed_ms=7.6
[INFO] [1786546328.369465]: 开始进行多边形确认 · detections=2
[INFO] [1786546328.373622]: RGB-D vision status: model_ready:onnxruntime targets:1 centers:0 tf:0 rejected:1 merged:0 semantic_masks:2
[INFO] [1786546328.495365]: 开始进行多边形确认 · detections=2
[INFO] [1786546328.615146]: 开始进行多边形确认 · detections=2
[INFO] [1786546328.737862]: 开始进行多边形确认 · detections=2
[INFO] [1786546328.866456]: 开始进行多边形确认 · detections=2
[INFO] [1786546328.877474]: 开始进行多边形确认 · centers=1 · rejected=0 · merged=0 · elapsed_ms=11.1
[INFO] [1786546329.006520]: 开始进行多边形确认 · detections=2
[INFO] [1786546329.018880]: 开始进行多边形确认 · centers=1 · rejected=0 · merged=0 · elapsed_ms=12.4
[INFO] [1786546329.129195]: 开始进行多边形确认 · detections=2
[INFO] [1786546329.147587]: CITRUS_CENTER ok pixel=(302,483) depth=0.332 m radius=25.0 mm arc=168 deg error=0.78 px fragments=1
[INFO] [1786546329.149041]: 开始进行多边形确认 · centers=1 · rejected=0 · merged=0 · elapsed_ms=19.9
[INFO] [1786546329.245740]: 开始进行多边形确认 · detections=2
[INFO] [1786546329.270770]: 开始进行多边形确认 · centers=1 · rejected=0 · merged=0 · elapsed_ms=25.1
[INFO] [1786546329.386391]: 开始进行多边形确认 · detections=2
[INFO] [1786546329.430953]: 开始进行多边形确认 · centers=1 · rejected=0 · merged=0 · elapsed_ms=44.6
[INFO] [1786546329.519219]: 开始进行多边形确认 · detections=2
[INFO] [1786546329.543465]: 开始进行多边形确认 · centers=1 · rejected=0 · merged=0 · elapsed_ms=24.3
[INFO] [1786546329.626623]: 开始进行多边形确认 · detections=2
[INFO] [1786546329.648766]: 开始进行多边形确认 · centers=1 · rejected=0 · merged=0 · elapsed_ms=22.2
[INFO] [1786546329.754035]: 开始进行多边形确认 · detections=2
[INFO] [1786546329.783676]: 开始进行多边形确认 · centers=1 · rejected=0 · merged=0 · elapsed_ms=29.7
[INFO] [1786546329.879920]: 开始进行多边形确认 · detections=2
[INFO] [1786546329.927451]: 开始进行多边形确认 · centers=1 · rejected=0 · merged=0 · elapsed_ms=47.6
[INFO] [1786546330.006728]: 开始进行多边形确认 · detections=2
[INFO] [1786546330.035112]: 开始进行多边形确认 · centers=1 · rejected=0 · merged=0 · elapsed_ms=28.4
[INFO] [1786546330.131488]: 开始进行多边形确认 · detections=3
[INFO] [1786546330.168597]: 开始进行多边形确认 · centers=1 · rejected=1 · merged=0 · elapsed_ms=37.1
[INFO] [1786546330.255700]: 开始进行多边形确认 · detections=2
[INFO] [1786546330.285410]: 开始进行多边形确认 · centers=1 · rejected=0 · merged=0 · elapsed_ms=29.8
[INFO] [1786546330.383029]: 开始进行多边形确认 · detections=4
[INFO] [1786546330.426385]: 开始进行多边形确认 · centers=1 · rejected=2 · merged=0 · elapsed_ms=43.5
[INFO] [1786546330.540934]: 开始进行多边形确认 · detections=3
[INFO] [1786546330.564866]: 开始进行多边形确认 · centers=1 · rejected=1 · merged=0 · elapsed_ms=24.0
[INFO] [1786546330.640306]: 开始进行多边形确认 · detections=6
[INFO] [1786546330.734859]: 开始进行多边形确认 · centers=1 · rejected=3 · merged=1 · elapsed_ms=94.6
[INFO] [1786546330.792351]: 开始进行多边形确认 · detections=4
[INFO] [1786546330.818801]: 开始进行多边形确认 · centers=1 · rejected=2 · merged=0 · elapsed_ms=26.5
[INFO] [1786546330.935994]: 开始进行多边形确认 · detections=4
[INFO] [1786546330.982225]: 开始进行多边形确认 · centers=2 · rejected=1 · merged=0 · elapsed_ms=46.3
[INFO] [1786546331.066986]: 开始进行多边形确认 · detections=5
[INFO] [1786546331.149715]: CITRUS_CENTER ok pixel=(338,419) depth=0.437 m radius=27.4 mm arc=331 deg error=0.93 px fragments=2
[INFO] [1786546331.151273]: 开始进行多边形确认 · centers=1 · rejected=2 · merged=1 · elapsed_ms=84.4
[INFO] [1786546331.225181]: 开始进行多边形确认 · detections=4
[INFO] [1786546331.298495]: 开始进行多边形确认 · centers=1 · rejected=1 · merged=1 · elapsed_ms=73.4
[INFO] [1786546331.372451]: 开始进行多边形确认 · detections=3
[INFO] [1786546331.450676]: 开始进行多边形确认 · centers=1 · rejected=0 · merged=1 · elapsed_ms=78.3
[INFO] [1786546331.552644]: 开始进行多边形确认 · detections=2
[INFO] [1786546331.564602]: 开始进行多边形确认 · centers=1 · rejected=0 · merged=0 · elapsed_ms=12.0
[INFO] [1786546331.641098]: 开始进行多边形确认 · detections=3
[INFO] [1786546331.663685]: 开始进行多边形确认 · centers=2 · rejected=0 · merged=0 · elapsed_ms=22.6
[INFO] [1786546331.767373]: 开始进行多边形确认 · detections=4
[INFO] [1786546331.799578]: 开始进行多边形确认 · centers=2 · rejected=0 · merged=1 · elapsed_ms=32.2
[INFO] [1786546331.897736]: 开始进行多边形确认 · detections=4
[INFO] [1786546331.930809]: 开始进行多边形确认 · centers=2 · rejected=0 · merged=1 · elapsed_ms=33.1
[INFO] [1786546332.020276]: 开始进行多边形确认 · detections=3
[INFO] [1786546332.054795]: 开始进行多边形确认 · centers=2 · rejected=0 · merged=0 · elapsed_ms=34.5
[INFO] [1786546332.171683]: 开始进行多边形确认 · detections=2
[INFO] [1786546332.195422]: 开始进行多边形确认 · centers=1 · rejected=0 · merged=0 · elapsed_ms=23.8
[INFO] [1786546332.274901]: 开始进行多边形确认 · detections=2
[INFO] [1786546332.289297]: 开始进行多边形确认 · centers=1 · rejected=0 · merged=0 · elapsed_ms=14.4
[INFO] [1786546332.407707]: 开始进行多边形确认 · detections=3
[INFO] [1786546332.435697]: 开始进行多边形确认 · centers=1 · rejected=0 · merged=1 · elapsed_ms=28.0
[INFO] [1786546332.545702]: 开始进行多边形确认 · detections=3
[INFO] [1786546332.594051]: 开始进行多边形确认 · centers=1 · rejected=0 · merged=1 · elapsed_ms=48.4
[INFO] [1786546332.674809]: 开始进行多边形确认 · detections=3
[INFO] [1786546332.699586]: 开始进行多边形确认 · centers=1 · rejected=0 · merged=1 · elapsed_ms=24.9
[INFO] [1786546332.792324]: 开始进行多边形确认 · detections=3
[INFO] [1786546332.818637]: 开始进行多边形确认 · centers=1 · rejected=0 · merged=1 · elapsed_ms=26.4
[INFO] [1786546332.933410]: 开始进行多边形确认 · detections=3
[INFO] [1786546332.968014]: 开始进行多边形确认 · centers=1 · rejected=1 · merged=0 · elapsed_ms=34.7
[INFO] [1786546333.066288]: 开始进行多边形确认 · detections=3
[INFO] [1786546333.103362]: 开始进行多边形确认 · centers=1 · rejected=1 · merged=0 · elapsed_ms=37.2
[INFO] [1786546333.183830]: 开始进行多边形确认 · detections=3
[INFO] [1786546333.211320]: CITRUS_CENTER ok pixel=(359,424) depth=0.324 m radius=22.9 mm arc=225 deg error=1.07 px fragments=1
[INFO] [1786546333.212788]: 开始进行多边形确认 · centers=1 · rejected=1 · merged=0 · elapsed_ms=29.0
[INFO] [1786546333.295158]: 开始进行多边形确认 · detections=3
[INFO] [1786546333.312946]: 开始进行多边形确认 · centers=1 · rejected=1 · merged=0 · elapsed_ms=17.8
[INFO] [1786546333.425198]: 开始进行多边形确认 · detections=3
[INFO] [1786546333.448224]: 开始进行多边形确认 · centers=1 · rejected=1 · merged=0 · elapsed_ms=23.0
[INFO] [1786546333.547713]: 开始进行多边形确认 · detections=3
[INFO] [1786546333.579474]: 开始进行多边形确认 · centers=1 · rejected=1 · merged=0 · elapsed_ms=31.8
[INFO] [1786546333.694523]: 开始进行多边形确认 · detections=3
[INFO] [1786546333.731568]: 开始进行多边形确认 · centers=1 · rejected=1 · merged=0 · elapsed_ms=37.1
[INFO] [1786546333.802468]: 开始进行多边形确认 · detections=3
[INFO] [1786546333.836629]: 开始进行多边形确认 · centers=1 · rejected=1 · merged=0 · elapsed_ms=34.2
[INFO] [1786546333.923313]: 开始进行多边形确认 · detections=3
[INFO] [1786546333.962730]: 开始进行多边形确认 · centers=1 · rejected=1 · merged=0 · elapsed_ms=39.5
[INFO] [1786546334.053087]: 开始进行多边形确认 · detections=3
[INFO] [1786546334.091362]: 开始进行多边形确认 · centers=1 · rejected=1 · merged=0 · elapsed_ms=38.4
[INFO] [1786546334.178169]: 开始进行多边形确认 · detections=3
[INFO] [1786546334.216086]: 开始进行多边形确认 · centers=1 · rejected=1 · merged=0 · elapsed_ms=38.0
[INFO] [1786546334.301968]: 开始进行多边形确认 · detections=3
[INFO] [1786546334.340786]: 开始进行多边形确认 · centers=1 · rejected=1 · merged=0 · elapsed_ms=38.9
[INFO] [1786546334.431092]: 开始进行多边形确认 · detections=3
[INFO] [1786546334.465566]: 开始进行多边形确认 · centers=1 · rejected=1 · merged=0 · elapsed_ms=34.6
[INFO] [1786546334.548683]: 开始进行多边形确认 · detections=3
[INFO] [1786546334.594950]: 开始进行多边形确认 · centers=1 · rejected=1 · merged=0 · elapsed_ms=46.3
[INFO] [1786546334.694057]: 开始进行多边形确认 · detections=3
[INFO] [1786546334.711202]: 开始进行多边形确认 · centers=1 · rejected=1 · merged=0 · elapsed_ms=17.2
[INFO] [1786546334.778666]: 开始进行多边形确认 · detections=3
[INFO] [1786546334.797920]: 开始进行多边形确认 · centers=1 · rejected=1 · merged=0 · elapsed_ms=19.3
[INFO] [1786546334.900085]: 开始进行多边形确认 · detections=3
[INFO] [1786546334.950019]: 开始进行多边形确认 · centers=1 · rejected=1 · merged=0 · elapsed_ms=49.9
[INFO] [1786546335.057925]: 开始进行多边形确认 · detections=3
[INFO] [1786546335.099899]: 开始进行多边形确认 · centers=1 · rejected=1 · merged=0 · elapsed_ms=42.1
[INFO] [1786546335.200211]: 开始进行多边形确认 · detections=3
[INFO] [1786546335.241625]: CITRUS_CENTER ok pixel=(358,423) depth=0.324 m radius=22.8 mm arc=234 deg error=0.89 px fragments=1
[INFO] [1786546335.243028]: 开始进行多边形确认 · centers=1 · rejected=1 · merged=0 · elapsed_ms=43.0
[INFO] [1786546335.331140]: 开始进行多边形确认 · detections=3
[INFO] [1786546335.375106]: 开始进行多边形确认 · centers=1 · rejected=1 · merged=0 · elapsed_ms=44.0
[INFO] [1786546335.457692]: 开始进行多边形确认 · detections=3
[INFO] [1786546335.480104]: 开始进行多边形确认 · centers=1 · rejected=1 · merged=0 · elapsed_ms=22.6
[INFO] [1786546335.565425]: 开始进行多边形确认 · detections=3
[INFO] [1786546335.588677]: 开始进行多边形确认 · centers=1 · rejected=1 · merged=0 · elapsed_ms=23.3
[INFO] [1786546335.696447]: 开始进行多边形确认 · detections=3
[INFO] [1786546335.723809]: 开始进行多边形确认 · centers=1 · rejected=1 · merged=0 · elapsed_ms=27.4
[INFO] [1786546335.840482]: 开始进行多边形确认 · detections=3
[INFO] [1786546335.873053]: 开始进行多边形确认 · centers=1 · rejected=1 · merged=0 · elapsed_ms=32.6
[INFO] [1786546335.942716]: 开始进行多边形确认 · detections=3
[INFO] [1786546335.962494]: 开始进行多边形确认 · centers=1 · rejected=1 · merged=0 · elapsed_ms=19.8
[INFO] [1786546336.070320]: 开始进行多边形确认 · detections=3
[INFO] [1786546336.091808]: 开始进行多边形确认 · centers=1 · rejected=1 · merged=0 · elapsed_ms=21.5
[INFO] [1786546336.209979]: 开始进行多边形确认 · detections=3
[INFO] [1786546336.227839]: 开始进行多边形确认 · centers=1 · rejected=1 · merged=0 · elapsed_ms=17.9
[INFO] [1786546336.316033]: 开始进行多边形确认 · detections=3
[INFO] [1786546336.336277]: 开始进行多边形确认 · centers=1 · rejected=1 · merged=0 · elapsed_ms=20.3
[INFO] [1786546336.445727]: 开始进行多边形确认 · detections=3
[INFO] [1786546336.467905]: 开始进行多边形确认 · centers=1 · rejected=1 · merged=0 · elapsed_ms=22.2
[INFO] [1786546336.571142]: 开始进行多边形确认 · detections=3
[INFO] [1786546336.589966]: 开始进行多边形确认 · centers=1 · rejected=1 · merged=0 · elapsed_ms=18.9
[INFO] [1786546336.694723]: 开始进行多边形确认 · detections=3
[INFO] [1786546336.713471]: 开始进行多边形确认 · centers=1 · rejected=1 · merged=0 · elapsed_ms=18.8
[INFO] [1786546336.834219]: 开始进行多边形确认 · detections=3
[INFO] [1786546336.893613]: 开始进行多边形确认 · centers=1 · rejected=1 · merged=0 · elapsed_ms=59.4
[INFO] [1786546336.957706]: 开始进行多边形确认 · detections=3
[INFO] [1786546336.977352]: 开始进行多边形确认 · centers=1 · rejected=1 · merged=0 · elapsed_ms=19.7
[INFO] [1786546337.070470]: 开始进行多边形确认 · detections=3
[INFO] [1786546337.093443]: 开始进行多边形确认 · centers=1 · rejected=0 · merged=1 · elapsed_ms=23.0
[INFO] [1786546337.094791]: RGB-D vision status: model_ready:onnxruntime targets:1 centers:1 tf:1 rejected:0 merged:1 semantic_masks:3
[INFO] [1786546337.198820]: 开始进行多边形确认 · detections=3
[INFO] [1786546337.321502]: 开始进行多边形确认 · detections=3
[INFO] [1786546337.342662]: CITRUS_CENTER ok pixel=(358,422) depth=0.324 m radius=22.6 mm arc=241 deg error=0.87 px fragments=1
[INFO] [1786546337.343956]: 开始进行多边形确认 · centers=1 · rejected=1 · merged=0 · elapsed_ms=22.5
[INFO] [1786546337.459404]: 开始进行多边形确认 · detections=3
[INFO] [1786546337.501608]: 开始进行多边形确认 · centers=1 · rejected=1 · merged=0 · elapsed_ms=42.3
[INFO] [1786546337.593163]: 开始进行多边形确认 · detections=3
[INFO] [1786546337.632179]: 开始进行多边形确认 · centers=1 · rejected=1 · merged=0 · elapsed_ms=39.1
[INFO] [1786546337.716249]: 开始进行多边形确认 · detections=3
[INFO] [1786546337.753407]: 开始进行多边形确认 · centers=1 · rejected=1 · merged=0 · elapsed_ms=37.2
[INFO] [1786546337.832177]: 开始进行多边形确认 · detections=3
[INFO] [1786546337.868111]: 开始进行多边形确认 · centers=1 · rejected=1 · merged=0 · elapsed_ms=36.0
[INFO] [1786546338.018083]: 开始进行多边形确认 · detections=3
[INFO] [1786546338.054997]: 开始进行多边形确认 · centers=1 · rejected=1 · merged=0 · elapsed_ms=37.0
[INFO] [1786546338.132487]: 开始进行多边形确认 · detections=3
[INFO] [1786546338.176228]: 开始进行多边形确认 · centers=1 · rejected=1 · merged=0 · elapsed_ms=43.8
[INFO] [1786546338.257179]: 开始进行多边形确认 · detections=3
[INFO] [1786546338.303633]: 开始进行多边形确认 · centers=2 · rejected=0 · merged=0 · elapsed_ms=46.5
[INFO] [1786546338.381736]: 开始进行多边形确认 · detections=3
[INFO] [1786546338.418354]: 开始进行多边形确认 · centers=1 · rejected=1 · merged=0 · elapsed_ms=36.6
[INFO] [1786546338.504551]: 开始进行多边形确认 · detections=3
[INFO] [1786546338.544956]: 开始进行多边形确认 · centers=1 · rejected=1 · merged=0 · elapsed_ms=40.4
[INFO] [1786546338.628958]: 开始进行多边形确认 · detections=3
[INFO] [1786546338.669881]: 开始进行多边形确认 · centers=1 · rejected=0 · merged=1 · elapsed_ms=41.0
[INFO] [1786546338.733108]: 开始进行多边形确认 · detections=3
[INFO] [1786546338.752049]: 开始进行多边形确认 · centers=1 · rejected=1 · merged=0 · elapsed_ms=19.0
[INFO] [1786546338.882957]: 开始进行多边形确认 · detections=3
[INFO] [1786546338.925069]: 开始进行多边形确认 · centers=1 · rejected=1 · merged=0 · elapsed_ms=42.2
[INFO] [1786546339.033078]: 开始进行多边形确认 · detections=3
[INFO] [1786546339.077542]: 开始进行多边形确认 · centers=1 · rejected=1 · merged=0 · elapsed_ms=44.5
[INFO] [1786546339.152652]: 开始进行多边形确认 · detections=3
[INFO] [1786546339.193014]: 开始进行多边形确认 · centers=1 · rejected=1 · merged=0 · elapsed_ms=40.4
[INFO] [1786546339.288224]: 开始进行多边形确认 · detections=3
[INFO] [1786546339.416046]: 开始进行多边形确认 · detections=3
[INFO] [1786546339.452353]: CITRUS_CENTER ok pixel=(352,422) depth=0.326 m radius=20.2 mm arc=294 deg error=0.82 px fragments=1
[INFO] [1786546339.453771]: 开始进行多边形确认 · centers=1 · rejected=1 · merged=0 · elapsed_ms=37.8
[INFO] [1786546339.542232]: 开始进行多边形确认 · detections=3
[INFO] [1786546339.576008]: 开始进行多边形确认 · centers=1 · rejected=1 · merged=0 · elapsed_ms=33.9
[INFO] [1786546339.668115]: 开始进行多边形确认 · detections=3
[INFO] [1786546339.707089]: 开始进行多边形确认 · centers=1 · rejected=1 · merged=0 · elapsed_ms=39.1
[INFO] [1786546339.799602]: 开始进行多边形确认 · detections=3
[INFO] [1786546339.834292]: 开始进行多边形确认 · centers=1 · rejected=1 · merged=0 · elapsed_ms=34.7
[INFO] [1786546339.928577]: 开始进行多边形确认 · detections=3
[INFO] [1786546340.075642]: 开始进行多边形确认 · detections=3
[INFO] [1786546340.121266]: 开始进行多边形确认 · centers=1 · rejected=1 · merged=0 · elapsed_ms=45.7
[INFO] [1786546340.215005]: 开始进行多边形确认 · detections=3
[INFO] [1786546340.254229]: 开始进行多边形确认 · centers=1 · rejected=1 · merged=0 · elapsed_ms=39.3
[INFO] [1786546340.340629]: 开始进行多边形确认 · detections=3
[INFO] [1786546340.377931]: 开始进行多边形确认 · centers=1 · rejected=1 · merged=0 · elapsed_ms=37.4
[INFO] [1786546340.479615]: 开始进行多边形确认 · detections=3
[INFO] [1786546340.515253]: 开始进行多边形确认 · centers=1 · rejected=1 · merged=0 · elapsed_ms=35.7
[INFO] [1786546340.600559]: 开始进行多边形确认 · detections=3
[INFO] [1786546340.635922]: 开始进行多边形确认 · centers=1 · rejected=1 · merged=0 · elapsed_ms=35.4
[INFO] [1786546340.701617]: 开始进行多边形确认 · detections=3
[INFO] [1786546340.720678]: 开始进行多边形确认 · centers=1 · rejected=1 · merged=0 · elapsed_ms=19.1
[INFO] [1786546340.823829]: 开始进行多边形确认 · detections=3
[INFO] [1786546340.843011]: 开始进行多边形确认 · centers=1 · rejected=1 · merged=0 · elapsed_ms=19.2
[INFO] [1786546340.951792]: 开始进行多边形确认 · detections=3
[INFO] [1786546341.129807]: 开始进行多边形确认 · detections=3
[INFO] [1786546341.154384]: 开始进行多边形确认 · centers=1 · rejected=1 · merged=0 · elapsed_ms=24.7
[INFO] [1786546341.215723]: 开始进行多边形确认 · detections=3
[INFO] [1786546341.238548]: 开始进行多边形确认 · centers=1 · rejected=1 · merged=0 · elapsed_ms=22.9
[INFO] [1786546341.328522]: 开始进行多边形确认 · detections=3
[INFO] [1786546341.349658]: 开始进行多边形确认 · centers=1 · rejected=1 · merged=0 · elapsed_ms=21.2
[INFO] [1786546341.471234]: 开始进行多边形确认 · detections=3
[INFO] [1786546341.496007]: CITRUS_CENTER ok pixel=(353,420) depth=0.325 m radius=21.0 mm arc=292 deg error=0.65 px fragments=2
[INFO] [1786546341.497467]: 开始进行多边形确认 · centers=1 · rejected=0 · merged=1 · elapsed_ms=26.3
[INFO] [1786546341.582496]: 开始进行多边形确认 · detections=3
[INFO] [1786546341.604864]: 开始进行多边形确认 · centers=1 · rejected=1 · merged=0 · elapsed_ms=22.4
[INFO] [1786546341.705031]: 开始进行多边形确认 · detections=3
[INFO] [1786546341.725027]: 开始进行多边形确认 · centers=1 · rejected=1 · merged=0 · elapsed_ms=20.0
[INFO] [1786546341.842265]: 开始进行多边形确认 · detections=3
[INFO] [1786546341.879498]: 开始进行多边形确认 · centers=1 · rejected=1 · merged=0 · elapsed_ms=37.3
[INFO] [1786546341.984076]: 开始进行多边形确认 · detections=4
[INFO] [1786546342.057169]: 开始进行多边形确认 · centers=1 · rejected=2 · merged=0 · elapsed_ms=73.2
[INFO] [1786546342.150102]: 开始进行多边形确认 · detections=3
[INFO] [1786546342.198867]: 开始进行多边形确认 · centers=1 · rejected=1 · merged=0 · elapsed_ms=48.8
[INFO] [1786546342.203282]: RGB-D vision status: model_ready:onnxruntime targets:2 centers:1 tf:1 rejected:1 merged:0 semantic_masks:3
[INFO] [1786546342.284497]: 开始进行多边形确认 · detections=3
[INFO] [1786546342.306000]: 开始进行多边形确认 · centers=1 · rejected=1 · merged=0 · elapsed_ms=21.6
[INFO] [1786546342.399043]: 开始进行多边形确认 · detections=2
[INFO] [1786546342.414238]: 开始进行多边形确认 · centers=1 · rejected=0 · merged=0 · elapsed_ms=15.3
[INFO] [1786546342.523007]: 开始进行多边形确认 · detections=4
[INFO] [1786546342.595792]: 开始进行多边形确认 · centers=1 · rejected=2 · merged=0 · elapsed_ms=72.8
[INFO] [1786546342.681370]: 开始进行多边形确认 · detections=3
[INFO] [1786546342.715497]: 开始进行多边形确认 · centers=1 · rejected=1 · merged=0 · elapsed_ms=34.2
[INFO] [1786546342.812696]: 开始进行多边形确认 · detections=3
[INFO] [1786546342.846235]: 开始进行多边形确认 · centers=1 · rejected=1 · merged=0 · elapsed_ms=33.6
[INFO] [1786546342.936928]: 开始进行多边形确认 · detections=3
[INFO] [1786546342.973596]: 开始进行多边形确认 · centers=1 · rejected=1 · merged=0 · elapsed_ms=36.7
[INFO] [1786546343.047789]: 开始进行多边形确认 · detections=4
[INFO] [1786546343.090977]: 开始进行多边形确认 · centers=1 · rejected=2 · merged=0 · elapsed_ms=43.2
[INFO] [1786546343.181238]: 开始进行多边形确认 · detections=3
[INFO] [1786546343.222663]: 开始进行多边形确认 · centers=1 · rejected=1 · merged=0 · elapsed_ms=41.5
[INFO] [1786546343.313279]: 开始进行多边形确认 · detections=3
[INFO] [1786546343.342640]: 开始进行多边形确认 · centers=1 · rejected=0 · merged=1 · elapsed_ms=29.3
[INFO] [1786546343.417157]: 开始进行多边形确认 · detections=3
[INFO] [1786546343.437396]: 开始进行多边形确认 · centers=1 · rejected=1 · merged=0 · elapsed_ms=20.3
[INFO] [1786546343.541107]: 开始进行多边形确认 · detections=4
[INFO] [1786546343.577969]: CITRUS_CENTER ok pixel=(352,424) depth=0.335 m radius=20.2 mm arc=294 deg error=1.05 px fragments=1
[INFO] [1786546343.579400]: 开始进行多边形确认 · centers=1 · rejected=2 · merged=0 · elapsed_ms=38.4
[INFO] [1786546343.671865]: 开始进行多边形确认 · detections=3
[INFO] [1786546343.695325]: 开始进行多边形确认 · centers=1 · rejected=1 · merged=0 · elapsed_ms=23.6
[INFO] [1786546343.794469]: 开始进行多边形确认 · detections=4
[INFO] [1786546343.816661]: 开始进行多边形确认 · centers=1 · rejected=1 · merged=0 · elapsed_ms=22.2
[INFO] [1786546343.917993]: 开始进行多边形确认 · detections=3
[INFO] [1786546343.939509]: 开始进行多边形确认 · centers=1 · rejected=1 · merged=0 · elapsed_ms=21.6
[INFO] [1786546344.045330]: 开始进行多边形确认 · detections=3
[INFO] [1786546344.070281]: 开始进行多边形确认 · centers=1 · rejected=0 · merged=1 · elapsed_ms=25.0
[INFO] [1786546344.161115]: 开始进行多边形确认 · detections=3
[INFO] [1786546344.181036]: 开始进行多边形确认 · centers=1 · rejected=1 · merged=0 · elapsed_ms=20.0
[INFO] [1786546344.290500]: 开始进行多边形确认 · detections=3
[INFO] [1786546344.312154]: 开始进行多边形确认 · centers=1 · rejected=1 · merged=0 · elapsed_ms=21.7
[INFO] [1786546344.445209]: 开始进行多边形确认 · detections=3
[INFO] [1786546344.484291]: 开始进行多边形确认 · centers=1 · rejected=1 · merged=0 · elapsed_ms=39.1
[INFO] [1786546344.550585]: 开始进行多边形确认 · detections=3
[INFO] [1786546344.570340]: 开始进行多边形确认 · centers=1 · rejected=1 · merged=0 · elapsed_ms=19.8
[INFO] [1786546344.679679]: 开始进行多边形确认 · detections=3
[INFO] [1786546344.698938]: 开始进行多边形确认 · centers=1 · rejected=1 · merged=0 · elapsed_ms=19.3
[INFO] [1786546344.798461]: 开始进行多边形确认 · detections=3
[INFO] [1786546344.818513]: 开始进行多边形确认 · centers=1 · rejected=1 · merged=0 · elapsed_ms=20.1
[INFO] [1786546344.930624]: 开始进行多边形确认 · detections=3
[INFO] [1786546344.971297]: 开始进行多边形确认 · centers=1 · rejected=1 · merged=0 · elapsed_ms=40.7
[INFO] [1786546345.075824]: 开始进行多边形确认 · detections=3
[INFO] [1786546345.110199]: 开始进行多边形确认 · centers=1 · rejected=1 · merged=0 · elapsed_ms=34.4
[INFO] [1786546345.206992]: 开始进行多边形确认 · detections=3
[INFO] [1786546345.239797]: 开始进行多边形确认 · centers=1 · rejected=1 · merged=0 · elapsed_ms=32.9
[INFO] [1786546345.321475]: 开始进行多边形确认 · detections=3
[INFO] [1786546345.371835]: 开始进行多边形确认 · centers=1 · rejected=1 · merged=0 · elapsed_ms=50.4
[INFO] [1786546345.456192]: 开始进行多边形确认 · detections=3
[INFO] [1786546345.482881]: 开始进行多边形确认 · centers=1 · rejected=1 · merged=0 · elapsed_ms=26.8
[INFO] [1786546345.560283]: 开始进行多边形确认 · detections=3
[INFO] [1786546345.580984]: CITRUS_CENTER ok pixel=(359,422) depth=0.325 m radius=22.7 mm arc=236 deg error=0.92 px fragments=1
[INFO] [1786546345.582037]: 开始进行多边形确认 · centers=1 · rejected=1 · merged=0 · elapsed_ms=21.8
[INFO] [1786546345.679170]: 开始进行多边形确认 · detections=3
[INFO] [1786546345.701684]: 开始进行多边形确认 · centers=1 · rejected=1 · merged=0 · elapsed_ms=22.6
[INFO] [1786546345.816577]: 开始进行多边形确认 · detections=3
[INFO] [1786546345.853102]: 开始进行多边形确认 · centers=1 · rejected=1 · merged=0 · elapsed_ms=36.5
[INFO] [1786546345.941480]: 开始进行多边形确认 · detections=3
[INFO] [1786546345.978465]: 开始进行多边形确认 · centers=1 · rejected=1 · merged=0 · elapsed_ms=37.0
[INFO] [1786546346.089519]: 开始进行多边形确认 · detections=3
[INFO] [1786546346.123797]: 开始进行多边形确认 · centers=1 · rejected=1 · merged=0 · elapsed_ms=34.3
[INFO] [1786546346.214370]: 开始进行多边形确认 · detections=3
[INFO] [1786546346.248499]: 开始进行多边形确认 · centers=1 · rejected=1 · merged=0 · elapsed_ms=34.2
[INFO] [1786546346.340517]: 开始进行多边形确认 · detections=3
[INFO] [1786546346.380464]: 开始进行多边形确认 · centers=1 · rejected=1 · merged=0 · elapsed_ms=40.0
[INFO] [1786546346.518726]: 开始进行多边形确认 · detections=3
[INFO] [1786546346.557221]: 开始进行多边形确认 · centers=1 · rejected=1 · merged=0 · elapsed_ms=38.6
[INFO] [1786546346.636917]: 开始进行多边形确认 · detections=3
[INFO] [1786546346.676992]: 开始进行多边形确认 · centers=1 · rejected=1 · merged=0 · elapsed_ms=40.1
[INFO] [1786546346.761477]: 开始进行多边形确认 · detections=3
[INFO] [1786546346.799482]: 开始进行多边形确认 · centers=1 · rejected=1 · merged=0 · elapsed_ms=38.0
[INFO] [1786546346.885036]: 开始进行多边形确认 · detections=3
[INFO] [1786546346.922748]: 开始进行多边形确认 · centers=1 · rejected=1 · merged=0 · elapsed_ms=37.7
[INFO] [1786546347.003172]: 开始进行多边形确认 · detections=3
[INFO] [1786546347.014810]: 开始进行多边形确认 · centers=1 · rejected=1 · merged=0 · elapsed_ms=11.7
[INFO] [1786546347.136012]: 开始进行多边形确认 · detections=4
[INFO] [1786546347.213230]: 开始进行多边形确认 · centers=1 · rejected=1 · merged=1 · elapsed_ms=77.3
[INFO] [1786546347.215096]: RGB-D vision status: model_ready:onnxruntime targets:2 centers:1 tf:1 rejected:1 merged:1 semantic_masks:4
[INFO] [1786546347.290860]: 开始进行多边形确认 · detections=3
[INFO] [1786546347.325479]: 开始进行多边形确认 · centers=1 · rejected=1 · merged=0 · elapsed_ms=34.7
[INFO] [1786546347.419573]: 开始进行多边形确认 · detections=3
[INFO] [1786546347.479140]: 开始进行多边形确认 · centers=1 · rejected=1 · merged=0 · elapsed_ms=59.6
[INFO] [1786546347.573039]: 开始进行多边形确认 · detections=3
[INFO] [1786546347.613431]: CITRUS_CENTER ok pixel=(359,422) depth=0.325 m radius=22.8 mm arc=235 deg error=1.13 px fragments=1
[INFO] [1786546347.615300]: 开始进行多边形确认 · centers=1 · rejected=1 · merged=0 · elapsed_ms=42.4
[INFO] [1786546347.688682]: 开始进行多边形确认 · detections=3
[INFO] [1786546347.709918]: 开始进行多边形确认 · centers=1 · rejected=1 · merged=0 · elapsed_ms=21.3
[INFO] [1786546347.812013]: 开始进行多边形确认 · detections=3
[INFO] [1786546347.846887]: 开始进行多边形确认 · centers=1 · rejected=1 · merged=0 · elapsed_ms=34.9
[INFO] [1786546347.938775]: 开始进行多边形确认 · detections=3
[INFO] [1786546347.976165]: 开始进行多边形确认 · centers=1 · rejected=1 · merged=0 · elapsed_ms=37.5
[INFO] [1786546348.065451]: 开始进行多边形确认 · detections=3
[INFO] [1786546348.103697]: 开始进行多边形确认 · centers=1 · rejected=1 · merged=0 · elapsed_ms=38.3
[INFO] [1786546348.181157]: 开始进行多边形确认 · detections=3
[INFO] [1786546348.206265]: 开始进行多边形确认 · centers=1 · rejected=1 · merged=0 · elapsed_ms=25.1
[INFO] [1786546348.298365]: 开始进行多边形确认 · detections=3
[INFO] [1786546348.323308]: 开始进行多边形确认 · centers=1 · rejected=1 · merged=0 · elapsed_ms=25.0
[INFO] [1786546348.428316]: 开始进行多边形确认 · detections=3
[INFO] [1786546348.452433]: 开始进行多边形确认 · centers=1 · rejected=1 · merged=0 · elapsed_ms=24.2
[INFO] [1786546348.594458]: 开始进行多边形确认 · detections=3
[INFO] [1786546348.635398]: 开始进行多边形确认 · centers=1 · rejected=1 · merged=0 · elapsed_ms=41.0
[INFO] [1786546348.710244]: 开始进行多边形确认 · detections=3
[INFO] [1786546348.748770]: 开始进行多边形确认 · centers=1 · rejected=1 · merged=0 · elapsed_ms=38.6
[INFO] [1786546348.837896]: 开始进行多边形确认 · detections=3
[INFO] [1786546348.874571]: 开始进行多边形确认 · centers=1 · rejected=1 · merged=0 · elapsed_ms=36.7
[INFO] [1786546348.955216]: 开始进行多边形确认 · detections=3
[INFO] [1786546348.996172]: 开始进行多边形确认 · centers=1 · rejected=0 · merged=1 · elapsed_ms=41.0
[INFO] [1786546349.086029]: 开始进行多边形确认 · detections=3
[INFO] [1786546349.198810]: 开始进行多边形确认 · detections=3
[INFO] [1786546349.223163]: 开始进行多边形确认 · centers=1 · rejected=1 · merged=0 · elapsed_ms=24.4
[INFO] [1786546349.328176]: 开始进行多边形确认 · detections=3
[INFO] [1786546349.354557]: 开始进行多边形确认 · centers=1 · rejected=1 · merged=0 · elapsed_ms=26.4
[INFO] [1786546349.452986]: 开始进行多边形确认 · detections=3
[INFO] [1786546349.486515]: 开始进行多边形确认 · centers=1 · rejected=1 · merged=0 · elapsed_ms=33.5
[INFO] [1786546349.582811]: 开始进行多边形确认 · detections=3
[INFO] [1786546349.616255]: CITRUS_CENTER ok pixel=(359,424) depth=0.324 m radius=23.2 mm arc=217 deg error=1.18 px fragments=1
[INFO] [1786546349.618188]: 开始进行多边形确认 · centers=1 · rejected=1 · merged=0 · elapsed_ms=35.5
[INFO] [1786546349.704986]: 开始进行多边形确认 · detections=3
[INFO] [1786546349.724235]: 开始进行多边形确认 · centers=1 · rejected=1 · merged=0 · elapsed_ms=19.2
[INFO] [1786546349.816720]: 开始进行多边形确认 · detections=3
[INFO] [1786546349.836017]: 开始进行多边形确认 · centers=1 · rejected=1 · merged=0 · elapsed_ms=19.4
[INFO] [1786546349.949296]: 开始进行多边形确认 · detections=3
[INFO] [1786546349.967155]: 开始进行多边形确认 · centers=1 · rejected=1 · merged=0 · elapsed_ms=17.9
[INFO] [1786546350.060892]: 开始进行多边形确认 · detections=3
[INFO] [1786546350.080797]: 开始进行多边形确认 · centers=1 · rejected=1 · merged=0 · elapsed_ms=19.9
[INFO] [1786546350.190104]: 开始进行多边形确认 · detections=3
[INFO] [1786546350.210405]: 开始进行多边形确认 · centers=1 · rejected=1 · merged=0 · elapsed_ms=20.3
[INFO] [1786546350.313285]: 开始进行多边形确认 · detections=3
[INFO] [1786546350.331210]: 开始进行多边形确认 · centers=1 · rejected=1 · merged=0 · elapsed_ms=17.9
[INFO] [1786546350.442394]: 开始进行多边形确认 · detections=3
[INFO] [1786546350.454033]: 开始进行多边形确认 · centers=1 · rejected=1 · merged=0 · elapsed_ms=11.7
[INFO] [1786546350.582382]: 开始进行多边形确认 · detections=3
[INFO] [1786546350.620725]: 开始进行多边形确认 · centers=1 · rejected=1 · merged=0 · elapsed_ms=38.4
[INFO] [1786546350.761107]: 开始进行多边形确认 · detections=3
[INFO] [1786546350.804054]: 开始进行多边形确认 · centers=1 · rejected=1 · merged=0 · elapsed_ms=43.0
[INFO] [1786546350.880039]: 开始进行多边形确认 · detections=3
[INFO] [1786546350.915272]: 开始进行多边形确认 · centers=1 · rejected=1 · merged=0 · elapsed_ms=35.3
[INFO] [1786546351.007685]: 开始进行多边形确认 · detections=3
[INFO] [1786546351.042826]: 开始进行多边形确认 · centers=1 · rejected=1 · merged=0 · elapsed_ms=35.2
[INFO] [1786546351.140825]: 开始进行多边形确认 · detections=3
[INFO] [1786546351.183546]: 开始进行多边形确认 · centers=1 · rejected=0 · merged=1 · elapsed_ms=42.8
[INFO] [1786546351.274423]: 开始进行多边形确认 · detections=3
[INFO] [1786546351.311257]: 开始进行多边形确认 · centers=1 · rejected=1 · merged=0 · elapsed_ms=36.9
[INFO] [1786546351.401726]: 开始进行多边形确认 · detections=3
[INFO] [1786546351.441616]: 开始进行多边形确认 · centers=1 · rejected=1 · merged=0 · elapsed_ms=39.9
[INFO] [1786546351.530728]: 开始进行多边形确认 · detections=3
[INFO] [1786546351.553933]: 开始进行多边形确认 · centers=1 · rejected=1 · merged=0 · elapsed_ms=23.3
[INFO] [1786546351.644913]: 开始进行多边形确认 · detections=3
[INFO] [1786546351.703984]: CITRUS_CENTER ok pixel=(359,422) depth=0.324 m radius=22.7 mm arc=236 deg error=0.77 px fragments=1
[INFO] [1786546351.706441]: 开始进行多边形确认 · centers=1 · rejected=1 · merged=0 · elapsed_ms=61.6
[INFO] [1786546351.791193]: 开始进行多边形确认 · detections=3
[INFO] [1786546351.810647]: 开始进行多边形确认 · centers=1 · rejected=1 · merged=0 · elapsed_ms=19.5
[INFO] [1786546351.903154]: 开始进行多边形确认 · detections=3
[INFO] [1786546351.941018]: 开始进行多边形确认 · centers=1 · rejected=1 · merged=0 · elapsed_ms=37.9
[INFO] [1786546352.014893]: 开始进行多边形确认 · detections=3
[INFO] [1786546352.052693]: 开始进行多边形确认 · centers=1 · rejected=1 · merged=0 · elapsed_ms=37.9
[WARN] [1786546324.347929]: 开始进行多边形确认 · 多边形确认失败 · rejected=0 · elapsed_ms=1.8
[WARN] [1786546324.480705]: 开始进行多边形确认 · 多边形确认失败 · rejected=0 · elapsed_ms=1.5
[WARN] [1786546324.716448]: 开始进行多边形确认 · 多边形确认失败 · rejected=0 · elapsed_ms=1.5
[WARN] [1786546324.860837]: 开始进行多边形确认 · 多边形确认失败 · rejected=0 · elapsed_ms=19.6
[WARN] [1786546324.957069]: 开始进行多边形确认 · 多边形确认失败 · rejected=0 · elapsed_ms=1.3
[WARN] [1786546325.083422]: 开始进行多边形确认 · 多边形确认失败 · rejected=0 · elapsed_ms=1.3
[WARN] [1786546325.222524]: 开始进行多边形确认 · 多边形确认失败 · rejected=0 · elapsed_ms=1.3
[WARN] [1786546325.332384]: 开始进行多边形确认 · 多边形确认失败 · rejected=0 · elapsed_ms=1.2
[WARN] [1786546325.463760]: 开始进行多边形确认 · 多边形确认失败 · rejected=0 · elapsed_ms=1.4
[WARN] [1786546325.581877]: 开始进行多边形确认 · 多边形确认失败 · rejected=0 · elapsed_ms=1.4
[WARN] [1786546325.711034]: 开始进行多边形确认 · 多边形确认失败 · rejected=0 · elapsed_ms=1.5
[WARN] [1786546325.838005]: 开始进行多边形确认 · 多边形确认失败 · rejected=0 · elapsed_ms=1.5
[WARN] [1786546325.962864]: 开始进行多边形确认 · 多边形确认失败 · rejected=0 · elapsed_ms=1.4
[WARN] [1786546326.087585]: 开始进行多边形确认 · 多边形确认失败 · rejected=0 · elapsed_ms=1.6
[WARN] [1786546326.214691]: 开始进行多边形确认 · 多边形确认失败 · rejected=0 · elapsed_ms=1.4
[WARN] [1786546326.372389]: 开始进行多边形确认 · 多边形确认失败 · rejected=0 · elapsed_ms=1.4
[WARN] [1786546326.460592]: 开始进行多边形确认 · 多边形确认失败 · rejected=0 · elapsed_ms=1.3
[WARN] [1786546326.602193]: 开始进行多边形确认 · 多边形确认失败 · rejected=0 · elapsed_ms=2.1
[WARN] [1786546326.727211]: 开始进行多边形确认 · 多边形确认失败 · rejected=0 · elapsed_ms=1.5
[WARN] [1786546326.855001]: 开始进行多边形确认 · 多边形确认失败 · rejected=0 · elapsed_ms=1.9
[WARN] [1786546326.965294]: 开始进行多边形确认 · 多边形确认失败 · rejected=0 · elapsed_ms=1.4
[WARN] [1786546328.371674]: CITRUS_CENTER reject instances=1 reason=polygon has only 6 valid depth samples
[WARN] [1786546328.372553]: 开始进行多边形确认 · 多边形确认失败 · rejected=1 · elapsed_ms=3.2
[WARN] [1786546328.496485]: 开始进行多边形确认 · 多边形确认失败 · rejected=0 · elapsed_ms=1.2
[WARN] [1786546328.617055]: 开始进行多边形确认 · 多边形确认失败 · rejected=1 · elapsed_ms=2.0
[WARN] [1786546328.739707]: 开始进行多边形确认 · 多边形确认失败 · rejected=1 · elapsed_ms=1.9
[WARN] [1786546330.424957]: CITRUS_CENTER reject instances=2 reason=reconstructed citrus radius 46.1 mm is outside 22.0..40.0 mm
[WARN] [1786546332.966665]: CITRUS_CENTER reject instances=2 reason=reconstructed citrus radius 45.8 mm is outside 22.0..40.0 mm
[WARN] [1786546335.098480]: CITRUS_CENTER reject instances=2 reason=reconstructed citrus radius 46.2 mm is outside 22.0..40.0 mm
[WARN] [1786546337.218383]: CITRUS_CENTER reject instances=1 reason=reconstructed citrus radius 19.8 mm is outside 22.0..40.0 mm
[WARN] [1786546337.219970]: 开始进行多边形确认 · 多边形确认失败 · rejected=2 · elapsed_ms=21.2
[WARN] [1786546339.324454]: CITRUS_CENTER reject instances=1 reason=reconstructed citrus radius 46.7 mm is outside 22.0..40.0 mm
[WARN] [1786546339.325803]: 开始进行多边形确认 · 多边形确认失败 · rejected=2 · elapsed_ms=37.7
[WARN] [1786546339.979811]: 开始进行多边形确认 · 多边形确认失败 · rejected=2 · elapsed_ms=51.3
[WARN] [1786546340.972289]: 开始进行多边形确认 · 多边形确认失败 · rejected=2 · elapsed_ms=20.5
[WARN] [1786546341.348549]: CITRUS_CENTER reject instances=2 reason=reconstructed citrus radius 46.3 mm is outside 22.0..40.0 mm
[WARN] [1786546343.436166]: CITRUS_CENTER reject instances=2 reason=reconstructed citrus radius 46.5 mm is outside 22.0..40.0 mm
[WARN] [1786546345.481815]: CITRUS_CENTER reject instances=2 reason=reconstructed citrus radius 46.5 mm is outside 22.0..40.0 mm
[WARN] [1786546347.614549]: CITRUS_CENTER reject instances=2 reason=reconstructed citrus radius 45.5 mm is outside 22.0..40.0 mm
[WARN] [1786546349.106284]: 开始进行多边形确认 · 多边形确认失败 · rejected=2 · elapsed_ms=20.3
[WARN] [1786546349.617498]: CITRUS_CENTER reject instances=2 reason=reconstructed citrus radius 46.6 mm is outside 22.0..40.0 mm
[WARN] [1786546351.705455]: CITRUS_CENTER reject instances=2 reason=reconstructed citrus radius 44.7 mm is outside 22.0..40.0 mm
[WARN] [1786546353.917325]: CITRUS_CENTER reject instances=2 reason=reconstructed citrus radius 45.2 mm is outside 22.0..40.0 mm
[WARN] [1786546355.937027]: CITRUS_CENTER reject instances=2 reason=reconstructed citrus radius 45.4 mm is outside 22.0..40.0 mm
[WARN] [1786546356.183337]: 开始进行多边形确认 · 多边形确认失败 · rejected=2 · elapsed_ms=38.5
[INFO] [1786546352.172664]: 开始进行多边形确认 · detections=3
[INFO] [1786546352.213280]: 开始进行多边形确认 · centers=1 · rejected=1 · merged=0 · elapsed_ms=40.7
[INFO] [1786546352.303827]: 开始进行多边形确认 · detections=3
[INFO] [1786546352.339670]: 开始进行多边形确认 · centers=1 · rejected=1 · merged=0 · elapsed_ms=35.9
[INFO] [1786546352.432292]: 开始进行多边形确认 · detections=3
[INFO] [1786546352.471799]: 开始进行多边形确认 · centers=1 · rejected=1 · merged=0 · elapsed_ms=39.6
[INFO] [1786546352.557140]: 开始进行多边形确认 · detections=3
[INFO] [1786546352.596620]: 开始进行多边形确认 · centers=1 · rejected=1 · merged=0 · elapsed_ms=39.6
[INFO] [1786546352.688627]: 开始进行多边形确认 · detections=3
[INFO] [1786546352.719333]: 开始进行多边形确认 · centers=1 · rejected=1 · merged=0 · elapsed_ms=30.8
[INFO] [1786546352.862439]: 开始进行多边形确认 · detections=3
[INFO] [1786546352.902367]: 开始进行多边形确认 · centers=1 · rejected=1 · merged=0 · elapsed_ms=40.0
[INFO] [1786546352.994612]: 开始进行多边形确认 · detections=3
[INFO] [1786546353.036618]: 开始进行多边形确认 · centers=1 · rejected=1 · merged=0 · elapsed_ms=42.1
[INFO] [1786546353.118404]: 开始进行多边形确认 · detections=3
[INFO] [1786546353.160526]: 开始进行多边形确认 · centers=1 · rejected=1 · merged=0 · elapsed_ms=42.2
[INFO] [1786546353.243607]: 开始进行多边形确认 · detections=3
[INFO] [1786546353.264112]: 开始进行多边形确认 · centers=1 · rejected=1 · merged=0 · elapsed_ms=20.5
[INFO] [1786546353.370616]: 开始进行多边形确认 · detections=3
[INFO] [1786546353.406445]: 开始进行多边形确认 · centers=1 · rejected=1 · merged=0 · elapsed_ms=35.9
[INFO] [1786546353.497575]: 开始进行多边形确认 · detections=3
[INFO] [1786546353.532828]: 开始进行多边形确认 · centers=1 · rejected=1 · merged=0 · elapsed_ms=35.3
[INFO] [1786546353.611200]: 开始进行多边形确认 · detections=3
[INFO] [1786546353.653081]: 开始进行多边形确认 · centers=1 · rejected=1 · merged=0 · elapsed_ms=42.0
[INFO] [1786546353.742361]: 开始进行多边形确认 · detections=2
[INFO] [1786546353.780223]: CITRUS_CENTER ok pixel=(352,421) depth=0.429 m radius=27.2 mm arc=296 deg error=0.86 px fragments=1
[INFO] [1786546353.786830]: 开始进行多边形确认 · centers=1 · rejected=0 · merged=0 · elapsed_ms=44.5
[INFO] [1786546353.790059]: RGB-D vision status: model_ready:onnxruntime targets:1 centers:1 tf:1 rejected:0 merged:0 semantic_masks:2
[INFO] [1786546353.879783]: 开始进行多边形确认 · detections=3
[INFO] [1786546353.919193]: 开始进行多边形确认 · centers=1 · rejected=1 · merged=0 · elapsed_ms=39.5
[INFO] [1786546353.995975]: 开始进行多边形确认 · detections=3
[INFO] [1786546354.041225]: 开始进行多边形确认 · centers=1 · rejected=1 · merged=0 · elapsed_ms=45.3
[INFO] [1786546354.120831]: 开始进行多边形确认 · detections=3
[INFO] [1786546354.167160]: 开始进行多边形确认 · centers=1 · rejected=1 · merged=0 · elapsed_ms=46.4
[INFO] [1786546354.242892]: 开始进行多边形确认 · detections=3
[INFO] [1786546354.284384]: 开始进行多边形确认 · centers=1 · rejected=1 · merged=0 · elapsed_ms=41.5
[INFO] [1786546354.369612]: 开始进行多边形确认 · detections=4
[INFO] [1786546354.404871]: 开始进行多边形确认 · centers=1 · rejected=1 · merged=0 · elapsed_ms=35.3
[INFO] [1786546354.492798]: 开始进行多边形确认 · detections=3
[INFO] [1786546354.527260]: 开始进行多边形确认 · centers=1 · rejected=1 · merged=0 · elapsed_ms=34.5
[INFO] [1786546354.612905]: 开始进行多边形确认 · detections=3
[INFO] [1786546354.646476]: 开始进行多边形确认 · centers=1 · rejected=1 · merged=0 · elapsed_ms=33.6
[INFO] [1786546354.733109]: 开始进行多边形确认 · detections=3
[INFO] [1786546354.774114]: 开始进行多边形确认 · centers=1 · rejected=1 · merged=0 · elapsed_ms=41.0
[INFO] [1786546354.891037]: 开始进行多边形确认 · detections=3
[INFO] [1786546354.921755]: 开始进行多边形确认 · centers=1 · rejected=1 · merged=0 · elapsed_ms=30.8
[INFO] [1786546354.999391]: 开始进行多边形确认 · detections=3
[INFO] [1786546355.045592]: 开始进行多边形确认 · centers=1 · rejected=0 · merged=1 · elapsed_ms=46.3
[INFO] [1786546355.127029]: 开始进行多边形确认 · detections=3
[INFO] [1786546355.165426]: 开始进行多边形确认 · centers=1 · rejected=1 · merged=0 · elapsed_ms=38.4
[INFO] [1786546355.250095]: 开始进行多边形确认 · detections=3
[INFO] [1786546355.291425]: 开始进行多边形确认 · centers=1 · rejected=1 · merged=0 · elapsed_ms=41.4
[INFO] [1786546355.370846]: 开始进行多边形确认 · detections=3
[INFO] [1786546355.405410]: 开始进行多边形确认 · centers=1 · rejected=1 · merged=0 · elapsed_ms=34.6
[INFO] [1786546355.494414]: 开始进行多边形确认 · detections=3
[INFO] [1786546355.528320]: 开始进行多边形确认 · centers=1 · rejected=1 · merged=0 · elapsed_ms=33.9
[INFO] [1786546355.608351]: 开始进行多边形确认 · detections=3
[INFO] [1786546355.632142]: 开始进行多边形确认 · centers=1 · rejected=1 · merged=0 · elapsed_ms=23.8
[INFO] [1786546355.732515]: 开始进行多边形确认 · detections=3
[INFO] [1786546355.764198]: 开始进行多边形确认 · centers=1 · rejected=1 · merged=0 · elapsed_ms=31.7
[INFO] [1786546355.884897]: 开始进行多边形确认 · detections=3
[INFO] [1786546355.935685]: CITRUS_CENTER ok pixel=(353,421) depth=0.429 m radius=26.5 mm arc=293 deg error=0.84 px fragments=1
[INFO] [1786546355.937857]: 开始进行多边形确认 · centers=1 · rejected=1 · merged=0 · elapsed_ms=53.1
[INFO] [1786546356.023849]: 开始进行多边形确认 · detections=4
[INFO] [1786546356.046181]: 开始进行多边形确认 · centers=1 · rejected=2 · merged=0 · elapsed_ms=22.4
[INFO] [1786546356.144899]: 开始进行多边形确认 · detections=3
[INFO] [1786546356.256034]: 开始进行多边形确认 · detections=3
[INFO] [1786546356.276242]: 开始进行多边形确认 · centers=1 · rejected=1 · merged=0 · elapsed_ms=20.3
]2;/home/catas/ros_ws/src/elfin_vision/launch/citrus_sensor_runtime.launch http://127.0.0.1:11311
[1mprocess[camera/realsense2_camera_manager-1]: started with pid [16278][0m
[1mprocess[camera/realsense2_camera-2]: started with pid [16279][0m
[1mprocess[elfin_vision/citrus_rgbd_node-3]: started with pid [16280][0m
[elfin_vision/citrus_rgbd_node-3] killing on exit
[camera/realsense2_camera-2] killing on exit
[camera/realsense2_camera_manager-1] killing on exit
shutting down processing monitor...
... shutting down processing monitor complete
[1mdone[0m
