... logging to /home/catas/.ros/log/4154ed42-9782-11f1-bce8-c4c6e661f1ab/roslaunch-catas-8450.log
Checking log directory for disk usage. This may take a while.
Press Ctrl-C to interrupt
]2;/home/catas/ros_ws/src/elfin_vision/launch/citrus_sensor_runtime.launch
[1mstarted roslaunch server http://127.0.0.1:40135/[0m

SUMMARY
========

PARAMETERS
 * /camera/realsense2_camera/accel_fps: 0
 * /camera/realsense2_camera/accel_frame_id: camera_accel_frame
 * /camera/realsense2_camera/accel_optical_frame_id: camera_accel_opti...
 * /camera/realsense2_camera/align_depth: True
 * /camera/realsense2_camera/aligned_depth_to_color_frame_id: camera_aligned_de...
 * /camera/realsense2_camera/aligned_depth_to_fisheye1_frame_id: camera_aligned_de...
 * /camera/realsense2_camera/aligned_depth_to_fisheye2_frame_id: camera_aligned_de...
 * /camera/realsense2_camera/aligned_depth_to_fisheye_frame_id: camera_aligned_de...
 * /camera/realsense2_camera/aligned_depth_to_infra1_frame_id: camera_aligned_de...
 * /camera/realsense2_camera/aligned_depth_to_infra2_frame_id: camera_aligned_de...
 * /camera/realsense2_camera/allow_no_texture_points: False
 * /camera/realsense2_camera/base_frame_id: camera_link
 * /camera/realsense2_camera/calib_odom_file: 
 * /camera/realsense2_camera/clip_distance: -2.0
 * /camera/realsense2_camera/color_fps: 15
 * /camera/realsense2_camera/color_frame_id: camera_color_frame
 * /camera/realsense2_camera/color_height: 480
 * /camera/realsense2_camera/color_optical_frame_id: camera_color_opti...
 * /camera/realsense2_camera/color_width: 640
 * /camera/realsense2_camera/confidence_fps: -1
 * /camera/realsense2_camera/confidence_height: -1
 * /camera/realsense2_camera/confidence_width: -1
 * /camera/realsense2_camera/depth_fps: 5
 * /camera/realsense2_camera/depth_frame_id: camera_depth_frame
 * /camera/realsense2_camera/depth_height: 480
 * /camera/realsense2_camera/depth_optical_frame_id: camera_depth_opti...
 * /camera/realsense2_camera/depth_width: 640
 * /camera/realsense2_camera/device_type: d435
 * /camera/realsense2_camera/enable_accel: False
 * /camera/realsense2_camera/enable_color: True
 * /camera/realsense2_camera/enable_confidence: False
 * /camera/realsense2_camera/enable_depth: True
 * /camera/realsense2_camera/enable_fisheye1: False
 * /camera/realsense2_camera/enable_fisheye2: False
 * /camera/realsense2_camera/enable_fisheye: False
 * /camera/realsense2_camera/enable_gyro: False
 * /camera/realsense2_camera/enable_infra1: False
 * /camera/realsense2_camera/enable_infra2: False
 * /camera/realsense2_camera/enable_infra: False
 * /camera/realsense2_camera/enable_pointcloud: True
 * /camera/realsense2_camera/enable_pose: False
 * /camera/realsense2_camera/enable_sync: False
 * /camera/realsense2_camera/filters: 
 * /camera/realsense2_camera/fisheye1_frame_id: camera_fisheye1_f...
 * /camera/realsense2_camera/fisheye1_optical_frame_id: camera_fisheye1_o...
 * /camera/realsense2_camera/fisheye2_frame_id: camera_fisheye2_f...
 * /camera/realsense2_camera/fisheye2_optical_frame_id: camera_fisheye2_o...
 * /camera/realsense2_camera/fisheye_fps: -1
 * /camera/realsense2_camera/fisheye_frame_id: camera_fisheye_frame
 * /camera/realsense2_camera/fisheye_height: -1
 * /camera/realsense2_camera/fisheye_optical_frame_id: camera_fisheye_op...
 * /camera/realsense2_camera/fisheye_width: -1
 * /camera/realsense2_camera/gyro_fps: 0
 * /camera/realsense2_camera/gyro_frame_id: camera_gyro_frame
 * /camera/realsense2_camera/gyro_optical_frame_id: camera_gyro_optic...
 * /camera/realsense2_camera/imu_optical_frame_id: camera_imu_optica...
 * /camera/realsense2_camera/infra1_frame_id: camera_infra1_frame
 * /camera/realsense2_camera/infra1_optical_frame_id: camera_infra1_opt...
 * /camera/realsense2_camera/infra2_frame_id: camera_infra2_frame
 * /camera/realsense2_camera/infra2_optical_frame_id: camera_infra2_opt...
 * /camera/realsense2_camera/infra_fps: 30
 * /camera/realsense2_camera/infra_height: 480
 * /camera/realsense2_camera/infra_rgb: False
 * /camera/realsense2_camera/infra_width: 848
 * /camera/realsense2_camera/initial_reset: False
 * /camera/realsense2_camera/json_file_path: 
 * /camera/realsense2_camera/linear_accel_cov: 0.01
 * /camera/realsense2_camera/odom_frame_id: camera_odom_frame
 * /camera/realsense2_camera/ordered_pc: False
 * /camera/realsense2_camera/pointcloud_texture_index: 0
 * /camera/realsense2_camera/pointcloud_texture_stream: RS2_STREAM_ANY
 * /camera/realsense2_camera/pose_frame_id: camera_pose_frame
 * /camera/realsense2_camera/pose_optical_frame_id: camera_pose_optic...
 * /camera/realsense2_camera/publish_odom_tf: True
 * /camera/realsense2_camera/publish_tf: True
 * /camera/realsense2_camera/reconnect_timeout: 6.0
 * /camera/realsense2_camera/rosbag_filename: 
 * /camera/realsense2_camera/serial_no: 233522078111
 * /camera/realsense2_camera/stereo_module/exposure/1: 7500
 * /camera/realsense2_camera/stereo_module/exposure/2: 1
 * /camera/realsense2_camera/stereo_module/gain/1: 16
 * /camera/realsense2_camera/stereo_module/gain/2: 16
 * /camera/realsense2_camera/tf_publish_rate: 0.0
 * /camera/realsense2_camera/topic_odom_in: odom_in
 * /camera/realsense2_camera/unite_imu_method: none
 * /camera/realsense2_camera/usb_port_id: 2-3
 * /camera/realsense2_camera/wait_for_device_timeout: 8.0
 * /elfin_vision/citrus_rgbd_node/backend: onnxruntime
 * /elfin_vision/citrus_rgbd_node/citrus_circle_minimum_arc_deg: 80.0
 * /elfin_vision/citrus_rgbd_node/citrus_circle_minimum_inlier_ratio: 0.3
 * /elfin_vision/citrus_rgbd_node/citrus_circle_residual_px: 2.5
 * /elfin_vision/citrus_rgbd_node/citrus_merge_depth_tolerance_m: 0.025
 * /elfin_vision/citrus_rgbd_node/citrus_merge_gap_radius_ratio: 0.45
 * /elfin_vision/citrus_rgbd_node/citrus_polar_radius_max_m: 0.025
 * /elfin_vision/citrus_rgbd_node/citrus_polar_radius_min_m: 0.022
 * /elfin_vision/citrus_rgbd_node/citrus_radius_max_m: 0.04
 * /elfin_vision/citrus_rgbd_node/citrus_radius_min_m: 0.022
 * /elfin_vision/citrus_rgbd_node/class_names/0: citrus
 * /elfin_vision/citrus_rgbd_node/class_names/1: tree
 * /elfin_vision/citrus_rgbd_node/confidence: 0.35
 * /elfin_vision/citrus_rgbd_node/depth_max_m: 4.0
 * /elfin_vision/citrus_rgbd_node/depth_min_m: 0.2
 * /elfin_vision/citrus_rgbd_node/depth_min_samples: 20
 * /elfin_vision/citrus_rgbd_node/depth_pair_maximum_age_s: 0.35
 * /elfin_vision/citrus_rgbd_node/depth_pair_maximum_delta_s: 0.04
 * /elfin_vision/citrus_rgbd_node/device: auto
 * /elfin_vision/citrus_rgbd_node/engine_path: 
 * /elfin_vision/citrus_rgbd_node/engine_sha256: 
 * /elfin_vision/citrus_rgbd_node/image_size: 640
 * /elfin_vision/citrus_rgbd_node/inference_queue_size: 12
 * /elfin_vision/citrus_rgbd_node/inference_request_match_slop_s: 0.002
 * /elfin_vision/citrus_rgbd_node/iou: 0.45
 * /elfin_vision/citrus_rgbd_node/max_inference_hz: 8.0
 * /elfin_vision/citrus_rgbd_node/model_path: /home/catas/elfin...
 * /elfin_vision/citrus_rgbd_node/model_repo: 
 * /elfin_vision/citrus_rgbd_node/model_sha256: 371c56e82f2452cc9...
 * /elfin_vision/citrus_rgbd_node/publish_annotated_image: False
 * /elfin_vision/citrus_rgbd_node/remote_preferred: False
 * /elfin_vision/citrus_rgbd_node/remote_timeout_s: 0.8
 * /elfin_vision/citrus_rgbd_node/remote_token_file: /home/catas/.conf...
 * /elfin_vision/citrus_rgbd_node/remote_url: http://aiseon.loc...
 * /elfin_vision/citrus_rgbd_node/rgbd_history_size: 18
 * /elfin_vision/citrus_rgbd_node/semantic_class_ids: []
 * /elfin_vision/citrus_rgbd_node/semantic_labels: ['citrus', 'tree']
 * /elfin_vision/citrus_rgbd_node/target_class_ids: []
 * /elfin_vision/citrus_rgbd_node/target_frame: elfin_base_link
 * /elfin_vision/citrus_rgbd_node/target_labels: ['citrus', 'orang...
 * /elfin_vision/citrus_rgbd_node/tf_timeout_s: 0.12
 * /rosdistro: noetic
 * /rosversion: 1.17.4

NODES
  /camera/
    realsense2_camera (nodelet/nodelet)
    realsense2_camera_manager (nodelet/nodelet)
  /elfin_vision/
    citrus_rgbd_node (elfin_vision/citrus_rgbd_node.py)

[1mROS_MASTER_URI=http://127.0.0.1:11311[0m
]2;/home/catas/ros_ws/src/elfin_vision/launch/citrus_sensor_runtime.launch http://127.0.0.1:11311
[0m[INFO] [1786676332.908764874]: Initializing nodelet with 32 worker threads.[0m
[0m[INFO] [1786676332.966936534]: RealSense ROS v2.3.2[0m
[0m[INFO] [1786676332.966957634]: Built with LibRealSense v2.50.0[0m
[0m[INFO] [1786676332.966963366]: Running with LibRealSense v2.50.0[0m
[0m[INFO] [1786676332.988461986]:  [0m
[0m[INFO] [1786676333.083584675]: Device with serial number 233522078111 was found.
[0m
[0m[INFO] [1786676333.083618858]: Device with physical ID 2-3-10 was found.[0m
[0m[INFO] [1786676333.083631040]: Device with name Intel RealSense D435 was found.[0m
[0m[INFO] [1786676333.083909285]: Device with port number 2-3 was found.[0m
[0m[INFO] [1786676333.083935106]: Device USB type: 3.2[0m
[0m[INFO] [1786676333.085460193]: getParameters...[0m
[0m[INFO] [1786676333.107966401]: setupDevice...[0m
[0m[INFO] [1786676333.107989202]: JSON file is not provided[0m
[0m[INFO] [1786676333.107999824]: ROS Node Namespace: camera[0m
[0m[INFO] [1786676333.108012137]: Device Name: Intel RealSense D435[0m
[0m[INFO] [1786676333.108021640]: Device Serial No: 233522078111[0m
[0m[INFO] [1786676333.108036641]: Device physical port: 2-3-10[0m
[0m[INFO] [1786676333.108047277]: Device FW version: 05.17.03.10[0m
[0m[INFO] [1786676333.108060821]: Device Product ID: 0x0B07[0m
[0m[INFO] [1786676333.108070135]: Enable PointCloud: On[0m
[0m[INFO] [1786676333.108079192]: Align Depth: On[0m
[0m[INFO] [1786676333.108088352]: Sync Mode: On[0m
[0m[INFO] [1786676333.108127002]: Device Sensors: [0m
[0m[INFO] [1786676333.235105725]: Stereo Module was found.[0m
[0m[INFO] [1786676333.243544002]: RGB Camera was found.[0m
[0m[INFO] [1786676333.243836117]: Add Filter: pointcloud[0m
[0m[INFO] [1786676333.244225655]: num_filters: 2[0m
[0m[INFO] [1786676333.244242423]: Setting Dynamic reconfig parameters.[0m
hwmon command 0x80( 5 0 0 0 ) failed (response -7= HW not ready)
hwmon command 0x80( 5 0 0 0 ) failed (response -7= HW not ready)
hwmon command 0x80( 5 0 0 0 ) failed (response -7= HW not ready)
hwmon command 0x80( 5 0 0 0 ) failed (response -7= HW not ready)
[0m[INFO] [1786676336.041215562]: Done Setting Dynamic reconfig parameters.[0m
[33m[WARN] [1786676336.041297403]: Given stream configuration is not supported by the device!  Stream: Depth, Stream Index: 0, Width: 640, Height: 480, FPS: 5, Format: Z16[0m
[33m[WARN] [1786676336.041304178]: Using default profile instead.[0m
[0m[INFO] [1786676336.041519041]: depth stream is enabled - width: 848, height: 480, fps: 30, Format: Z16[0m
[0m[INFO] [1786676336.041759724]: color stream is enabled - width: 640, height: 480, fps: 15, Format: RGB8[0m
[0m[INFO] [1786676336.042480676]: setupPublishers...[0m
[0m[INFO] [1786676336.043869690]: Expected frequency for depth = 30.00000[0m
[0m[INFO] [1786676336.064269170]: Expected frequency for color = 15.00000[0m
[0m[INFO] [1786676336.074939665]: Expected frequency for aligned_depth_to_color = 15.00000[0m
[0m[INFO] [1786676336.081310937]: setupStreams...[0m
 14/08 02:58:56,338 WARNING [140530207049472] (messenger-libusb.cpp:42) control_transfer returned error, index: 768, error: Resource temporarily unavailable, number: 11
[0m[INFO] [1786676336.388942218]: SELECTED BASE:Depth, 0[0m
[0m[INFO] [1786676336.393748903]: RealSense Node Is Up![0m
[33m[WARN] [1786676336.457600257]: [0m
 14/08 02:58:56,458 WARNING [140530207049472] (messenger-libusb.cpp:42) control_transfer returned error, index: 768, error: Resource temporarily unavailable, number: 11
[0m[INFO] [1786676336.464485103]: publishing unordered pointcloud.[0m
 14/08 02:58:56,508 WARNING [140530207049472] (messenger-libusb.cpp:42) control_transfer returned error, index: 768, error: Resource temporarily unavailable, number: 11
 14/08 02:58:56,558 WARNING [140530207049472] (messenger-libusb.cpp:42) control_transfer returned error, index: 768, error: Resource temporarily unavailable, number: 11
 14/08 02:58:56,805 WARNING [140530207049472] (messenger-libusb.cpp:42) control_transfer returned error, index: 768, error: Resource temporarily unavailable, number: 11
 14/08 02:58:56,856 WARNING [140530207049472] (messenger-libusb.cpp:42) control_transfer returned error, index: 768, error: Resource temporarily unavailable, number: 11
 14/08 02:58:56,906 WARNING [140530207049472] (messenger-libusb.cpp:42) control_transfer returned error, index: 768, error: Resource temporarily unavailable, number: 11
[INFO] [1786676333.220190]: RGB-D vision status: starting:model_loading
[INFO] [1786676333.312311]: Loaded ONNX citrus model /home/catas/elfin_citrus_data/models/yolo26n_seg_converged_20260806/yolo26n_citrus_tree_best.onnx; classes={0: 'citrus', 1: 'tree'}; providers=['CPUExecutionProvider']
[INFO] [1786676333.313697]: Citrus model loading finished in 0.09 s: model_ready:onnxruntime
[INFO] [1786676336.906219]: 开始进行多边形确认 · detections=2
[INFO] [1786676337.009288]: 开始进行多边形确认 · detections=2
[INFO] [1786676337.034371]: CITRUS_CENTER ok pixel=(470,232) depth=0.601 m radius=25.8 mm arc=282 deg error=0.68 px fragments=1
[INFO] [1786676337.035569]: 开始进行多边形确认 · centers=1 · rejected=0 · merged=0 · elapsed_ms=26.3
[INFO] [1786676337.118246]: 开始进行多边形确认 · detections=2
[INFO] [1786676337.141352]: 开始进行多边形确认 · centers=1 · rejected=0 · merged=0 · elapsed_ms=23.1
[INFO] [1786676337.243927]: 开始进行多边形确认 · detections=2
[INFO] [1786676337.267179]: 开始进行多边形确认 · centers=1 · rejected=0 · merged=0 · elapsed_ms=23.3
[INFO] [1786676337.376474]: 开始进行多边形确认 · detections=2
[INFO] [1786676337.398546]: 开始进行多边形确认 · centers=1 · rejected=0 · merged=0 · elapsed_ms=22.1
[INFO] [1786676337.496064]: 开始进行多边形确认 · detections=2
[INFO] [1786676337.518675]: 开始进行多边形确认 · centers=1 · rejected=0 · merged=0 · elapsed_ms=22.6
[INFO] [1786676337.625059]: 开始进行多边形确认 · detections=2
[INFO] [1786676337.648471]: 开始进行多边形确认 · centers=1 · rejected=0 · merged=0 · elapsed_ms=23.4
[INFO] [1786676337.778952]: 开始进行多边形确认 · detections=2
[INFO] [1786676337.804053]: 开始进行多边形确认 · centers=1 · rejected=0 · merged=0 · elapsed_ms=25.1
[INFO] [1786676337.875780]: 开始进行多边形确认 · detections=2
[INFO] [1786676337.901255]: 开始进行多边形确认 · centers=1 · rejected=0 · merged=0 · elapsed_ms=25.5
[INFO] [1786676338.003842]: 开始进行多边形确认 · detections=2
[INFO] [1786676338.029218]: 开始进行多边形确认 · centers=1 · rejected=0 · merged=0 · elapsed_ms=25.4
[INFO] [1786676338.120120]: 开始进行多边形确认 · detections=2
[INFO] [1786676338.143471]: 开始进行多边形确认 · centers=1 · rejected=0 · merged=0 · elapsed_ms=23.4
[INFO] [1786676338.242919]: 开始进行多边形确认 · detections=2
[INFO] [1786676338.266348]: 开始进行多边形确认 · centers=1 · rejected=0 · merged=0 · elapsed_ms=23.5
[INFO] [1786676338.376207]: 开始进行多边形确认 · detections=2
[INFO] [1786676338.400388]: 开始进行多边形确认 · centers=1 · rejected=0 · merged=0 · elapsed_ms=24.2
[INFO] [1786676338.496294]: 开始进行多边形确认 · detections=2
[INFO] [1786676338.519507]: 开始进行多边形确认 · centers=1 · rejected=0 · merged=0 · elapsed_ms=23.2
[INFO] [1786676338.619735]: 开始进行多边形确认 · detections=2
[INFO] [1786676338.630334]: 开始进行多边形确认 · centers=1 · rejected=0 · merged=0 · elapsed_ms=10.6
[INFO] [1786676338.724315]: 开始进行多边形确认 · detections=2
[INFO] [1786676338.735805]: 开始进行多边形确认 · centers=1 · rejected=0 · merged=0 · elapsed_ms=11.5
[INFO] [1786676338.880150]: 开始进行多边形确认 · detections=2
[INFO] [1786676338.894263]: 开始进行多边形确认 · centers=1 · rejected=0 · merged=0 · elapsed_ms=14.1
[INFO] [1786676338.977726]: 开始进行多边形确认 · detections=2
[INFO] [1786676338.990325]: 开始进行多边形确认 · centers=1 · rejected=0 · merged=0 · elapsed_ms=12.7
[INFO] [1786676339.100891]: 开始进行多边形确认 · detections=2
[INFO] [1786676339.112178]: CITRUS_CENTER ok pixel=(469,232) depth=0.595 m radius=25.2 mm arc=286 deg error=0.61 px fragments=1
[INFO] [1786676339.113086]: 开始进行多边形确认 · centers=1 · rejected=0 · merged=0 · elapsed_ms=12.3
[INFO] [1786676339.233655]: 开始进行多边形确认 · detections=2
[INFO] [1786676339.244316]: 开始进行多边形确认 · centers=1 · rejected=0 · merged=0 · elapsed_ms=10.7
[INFO] [1786676339.354527]: 开始进行多边形确认 · detections=2
[INFO] [1786676339.365941]: 开始进行多边形确认 · centers=1 · rejected=0 · merged=0 · elapsed_ms=11.4
[INFO] [1786676339.477713]: 开始进行多边形确认 · detections=2
[INFO] [1786676339.500626]: 开始进行多边形确认 · centers=1 · rejected=0 · merged=0 · elapsed_ms=22.9
[INFO] [1786676339.627141]: 开始进行多边形确认 · detections=2
[INFO] [1786676339.651600]: 开始进行多边形确认 · centers=1 · rejected=0 · merged=0 · elapsed_ms=24.5
[INFO] [1786676339.742344]: 开始进行多边形确认 · detections=2
[INFO] [1786676339.755172]: 开始进行多边形确认 · centers=1 · rejected=0 · merged=0 · elapsed_ms=12.8
[INFO] [1786676339.889494]: 开始进行多边形确认 · detections=2
[INFO] [1786676339.907686]: 开始进行多边形确认 · centers=1 · rejected=0 · merged=0 · elapsed_ms=18.2
[INFO] [1786676340.002667]: 开始进行多边形确认 · detections=2
[INFO] [1786676340.028095]: 开始进行多边形确认 · centers=1 · rejected=0 · merged=0 · elapsed_ms=25.5
[INFO] [1786676340.116263]: 开始进行多边形确认 · detections=2
[INFO] [1786676340.127491]: 开始进行多边形确认 · centers=1 · rejected=0 · merged=0 · elapsed_ms=11.3
[INFO] [1786676340.251210]: 开始进行多边形确认 · detections=2
[INFO] [1786676340.274829]: 开始进行多边形确认 · centers=1 · rejected=0 · merged=0 · elapsed_ms=23.7
[INFO] [1786676340.382127]: 开始进行多边形确认 · detections=2
[INFO] [1786676340.404943]: 开始进行多边形确认 · centers=1 · rejected=0 · merged=0 · elapsed_ms=22.8
[INFO] [1786676340.501837]: 开始进行多边形确认 · detections=2
[INFO] [1786676340.525390]: 开始进行多边形确认 · centers=1 · rejected=0 · merged=0 · elapsed_ms=23.6
[INFO] [1786676340.629803]: 开始进行多边形确认 · detections=2
[INFO] [1786676340.653939]: 开始进行多边形确认 · centers=1 · rejected=0 · merged=0 · elapsed_ms=24.2
[INFO] [1786676340.754014]: 开始进行多边形确认 · detections=2
[INFO] [1786676340.765827]: 开始进行多边形确认 · centers=1 · rejected=0 · merged=0 · elapsed_ms=11.9
[INFO] [1786676340.875126]: 开始进行多边形确认 · detections=2
[INFO] [1786676340.907410]: 开始进行多边形确认 · centers=1 · rejected=0 · merged=0 · elapsed_ms=32.3
[INFO] [1786676340.993759]: 开始进行多边形确认 · detections=3
[INFO] [1786676341.004777]: 开始进行多边形确认 · centers=1 · rejected=0 · merged=0 · elapsed_ms=11.1
[INFO] [1786676341.006076]: RGB-D vision status: model_ready:onnxruntime targets:1 centers:1 tf:1 rejected:0 merged:0 semantic_masks:3
[INFO] [1786676341.122118]: 开始进行多边形确认 · detections=2
[INFO] [1786676341.132915]: CITRUS_CENTER ok pixel=(470,233) depth=0.595 m radius=26.2 mm arc=281 deg error=0.81 px fragments=1
[INFO] [1786676341.134017]: 开始进行多边形确认 · centers=1 · rejected=0 · merged=0 · elapsed_ms=12.0
[INFO] [1786676341.254272]: 开始进行多边形确认 · detections=2
[INFO] [1786676341.266639]: 开始进行多边形确认 · centers=1 · rejected=0 · merged=0 · elapsed_ms=12.4
[INFO] [1786676341.368213]: 开始进行多边形确认 · detections=2
[INFO] [1786676341.379014]: 开始进行多边形确认 · centers=1 · rejected=0 · merged=0 · elapsed_ms=10.8
[INFO] [1786676341.492944]: 开始进行多边形确认 · detections=2
[INFO] [1786676341.503489]: 开始进行多边形确认 · centers=1 · rejected=0 · merged=0 · elapsed_ms=10.6
[INFO] [1786676341.632786]: 开始进行多边形确认 · detections=2
[INFO] [1786676341.643932]: 开始进行多边形确认 · centers=1 · rejected=0 · merged=0 · elapsed_ms=11.2
[INFO] [1786676341.743151]: 开始进行多边形确认 · detections=3
[INFO] [1786676341.756086]: 开始进行多边形确认 · centers=1 · rejected=0 · merged=0 · elapsed_ms=13.0
[INFO] [1786676341.864784]: 开始进行多边形确认 · detections=2
[INFO] [1786676341.875422]: 开始进行多边形确认 · centers=1 · rejected=0 · merged=0 · elapsed_ms=10.7
[INFO] [1786676341.993903]: 开始进行多边形确认 · detections=2
[INFO] [1786676342.014061]: 开始进行多边形确认 · centers=1 · rejected=0 · merged=0 · elapsed_ms=20.2
[INFO] [1786676342.117491]: 开始进行多边形确认 · detections=2
[INFO] [1786676342.128650]: 开始进行多边形确认 · centers=1 · rejected=0 · merged=0 · elapsed_ms=11.2
[INFO] [1786676342.248991]: 开始进行多边形确认 · detections=2
[INFO] [1786676342.261513]: 开始进行多边形确认 · centers=1 · rejected=0 · merged=0 · elapsed_ms=12.6
[INFO] [1786676342.368591]: 开始进行多边形确认 · detections=2
[INFO] [1786676342.379441]: 开始进行多边形确认 · centers=1 · rejected=0 · merged=0 · elapsed_ms=10.9
[INFO] [1786676342.490432]: 开始进行多边形确认 · detections=2
[INFO] [1786676342.501267]: 开始进行多边形确认 · centers=1 · rejected=0 · merged=0 · elapsed_ms=10.9
[INFO] [1786676342.613604]: 开始进行多边形确认 · detections=3
[INFO] [1786676342.645604]: 开始进行多边形确认 · centers=2 · rejected=0 · merged=0 · elapsed_ms=32.0
[INFO] [1786676342.756580]: 开始进行多边形确认 · detections=3
[INFO] [1786676342.788507]: 开始进行多边形确认 · centers=1 · rejected=1 · merged=0 · elapsed_ms=32.0
[INFO] [1786676342.883527]: 开始进行多边形确认 · detections=2
[INFO] [1786676342.907912]: 开始进行多边形确认 · centers=1 · rejected=0 · merged=0 · elapsed_ms=24.4
[INFO] [1786676343.005226]: 开始进行多边形确认 · detections=2
[INFO] [1786676343.031384]: 开始进行多边形确认 · centers=1 · rejected=0 · merged=0 · elapsed_ms=26.2
[INFO] [1786676343.169923]: 开始进行多边形确认 · detections=3
[INFO] [1786676343.198771]: CITRUS_CENTER ok pixel=(470,233) depth=0.596 m radius=26.5 mm arc=281 deg error=0.75 px fragments=1
[INFO] [1786676343.199763]: 开始进行多边形确认 · centers=1 · rejected=0 · merged=0 · elapsed_ms=29.9
[INFO] [1786676343.249762]: 开始进行多边形确认 · detections=2
[INFO] [1786676343.263443]: 开始进行多边形确认 · centers=1 · rejected=0 · merged=0 · elapsed_ms=13.7
[INFO] [1786676343.377409]: 开始进行多边形确认 · detections=3
[INFO] [1786676343.391518]: 开始进行多边形确认 · centers=1 · rejected=0 · merged=0 · elapsed_ms=14.2
[INFO] [1786676343.498790]: 开始进行多边形确认 · detections=2
[INFO] [1786676343.512603]: 开始进行多边形确认 · centers=1 · rejected=0 · merged=0 · elapsed_ms=13.9
[INFO] [1786676343.627240]: 开始进行多边形确认 · detections=3
[INFO] [1786676343.641095]: 开始进行多边形确认 · centers=1 · rejected=0 · merged=0 · elapsed_ms=13.9
[INFO] [1786676343.748348]: 开始进行多边形确认 · detections=2
[INFO] [1786676343.764282]: 开始进行多边形确认 · centers=1 · rejected=0 · merged=0 · elapsed_ms=16.0
[INFO] [1786676343.878229]: 开始进行多边形确认 · detections=2
[INFO] [1786676343.892932]: 开始进行多边形确认 · centers=1 · rejected=0 · merged=0 · elapsed_ms=14.7
[INFO] [1786676343.996181]: 开始进行多边形确认 · detections=3
[INFO] [1786676344.014202]: 开始进行多边形确认 · centers=1 · rejected=1 · merged=0 · elapsed_ms=18.1
[INFO] [1786676344.127104]: 开始进行多边形确认 · detections=2
[INFO] [1786676344.143182]: 开始进行多边形确认 · centers=1 · rejected=0 · merged=0 · elapsed_ms=16.1
[INFO] [1786676344.277405]: 开始进行多边形确认 · detections=3
[INFO] [1786676344.302279]: 开始进行多边形确认 · centers=1 · rejected=0 · merged=0 · elapsed_ms=24.9
[INFO] [1786676344.386306]: 开始进行多边形确认 · detections=2
[INFO] [1786676344.408845]: 开始进行多边形确认 · centers=1 · rejected=0 · merged=0 · elapsed_ms=22.6
[INFO] [1786676344.503842]: 开始进行多边形确认 · detections=4
[INFO] [1786676344.515660]: 开始进行多边形确认 · centers=1 · rejected=0 · merged=0 · elapsed_ms=11.8
[INFO] [1786676344.625329]: 开始进行多边形确认 · detections=4
[INFO] [1786676344.641898]: 开始进行多边形确认 · centers=2 · rejected=0 · merged=0 · elapsed_ms=16.6
[INFO] [1786676344.746024]: 开始进行多边形确认 · detections=3
[INFO] [1786676344.758500]: 开始进行多边形确认 · centers=1 · rejected=0 · merged=0 · elapsed_ms=12.5
[INFO] [1786676344.881786]: 开始进行多边形确认 · detections=3
[INFO] [1786676344.893819]: 开始进行多边形确认 · centers=1 · rejected=0 · merged=0 · elapsed_ms=12.1
[INFO] [1786676345.016371]: 开始进行多边形确认 · detections=3
[INFO] [1786676345.043854]: 开始进行多边形确认 · centers=1 · rejected=0 · merged=0 · elapsed_ms=27.5
[INFO] [1786676345.144443]: 开始进行多边形确认 · detections=3
[INFO] [1786676345.178549]: 开始进行多边形确认 · centers=1 · rejected=1 · merged=0 · elapsed_ms=34.2
[INFO] [1786676345.276651]: 开始进行多边形确认 · detections=3
[INFO] [1786676345.298661]: CITRUS_CENTER ok pixel=(470,233) depth=0.597 m radius=26.8 mm arc=280 deg error=0.88 px fragments=1
[INFO] [1786676345.299875]: 开始进行多边形确认 · centers=1 · rejected=0 · merged=0 · elapsed_ms=23.3
[INFO] [1786676345.403443]: 开始进行多边形确认 · detections=4
[INFO] [1786676345.430127]: 开始进行多边形确认 · centers=1 · rejected=0 · merged=0 · elapsed_ms=26.7
[INFO] [1786676345.520989]: 开始进行多边形确认 · detections=3
[INFO] [1786676345.546345]: 开始进行多边形确认 · centers=1 · rejected=0 · merged=0 · elapsed_ms=25.4
[INFO] [1786676345.650482]: 开始进行多边形确认 · detections=3
[INFO] [1786676345.674954]: 开始进行多边形确认 · centers=1 · rejected=0 · merged=0 · elapsed_ms=24.5
[INFO] [1786676345.775393]: 开始进行多边形确认 · detections=3
[INFO] [1786676345.799810]: 开始进行多边形确认 · centers=1 · rejected=0 · merged=0 · elapsed_ms=24.4
[INFO] [1786676345.900665]: 开始进行多边形确认 · detections=2
[INFO] [1786676345.924027]: 开始进行多边形确认 · centers=1 · rejected=0 · merged=0 · elapsed_ms=23.4
[INFO] [1786676346.021510]: 开始进行多边形确认 · detections=3
[INFO] [1786676346.034895]: 开始进行多边形确认 · centers=1 · rejected=0 · merged=0 · elapsed_ms=13.5
[INFO] [1786676346.036514]: RGB-D vision status: model_ready:onnxruntime targets:1 centers:1 tf:1 rejected:0 merged:0 semantic_masks:3
[INFO] [1786676346.148354]: 开始进行多边形确认 · detections=3
[INFO] [1786676346.173661]: 开始进行多边形确认 · centers=1 · rejected=0 · merged=0 · elapsed_ms=25.4
[INFO] [1786676346.285475]: 开始进行多边形确认 · detections=4
[INFO] [1786676346.330001]: 开始进行多边形确认 · centers=1 · rejected=1 · merged=0 · elapsed_ms=44.6
[INFO] [1786676346.390398]: 开始进行多边形确认 · detections=4
[INFO] [1786676346.405413]: 开始进行多边形确认 · centers=1 · rejected=1 · merged=0 · elapsed_ms=15.1
[INFO] [1786676346.500975]: 开始进行多边形确认 · detections=2
[INFO] [1786676346.511706]: 开始进行多边形确认 · centers=1 · rejected=0 · merged=0 · elapsed_ms=10.8
[INFO] [1786676346.637060]: 开始进行多边形确认 · detections=4
[INFO] [1786676346.653393]: 开始进行多边形确认 · centers=1 · rejected=1 · merged=0 · elapsed_ms=16.4
[INFO] [1786676346.751612]: 开始进行多边形确认 · detections=4
[INFO] [1786676346.778812]: 开始进行多边形确认 · centers=1 · rejected=0 · merged=0 · elapsed_ms=27.2
[INFO] [1786676346.908543]: 开始进行多边形确认 · detections=3
[INFO] [1786676346.933224]: 开始进行多边形确认 · centers=1 · rejected=0 · merged=0 · elapsed_ms=24.7
[INFO] [1786676347.026807]: 开始进行多边形确认 · detections=3
[INFO] [1786676347.051084]: 开始进行多边形确认 · centers=1 · rejected=0 · merged=0 · elapsed_ms=24.3
[INFO] [1786676347.161320]: 开始进行多边形确认 · detections=3
[INFO] [1786676347.185072]: 开始进行多边形确认 · centers=1 · rejected=0 · merged=0 · elapsed_ms=23.8
[INFO] [1786676347.276830]: 开始进行多边形确认 · detections=2
[INFO] [1786676347.302996]: CITRUS_CENTER ok pixel=(470,233) depth=0.594 m radius=26.4 mm arc=281 deg error=0.72 px fragments=1
[INFO] [1786676347.303935]: 开始进行多边形确认 · centers=1 · rejected=0 · merged=0 · elapsed_ms=27.2
[INFO] [1786676347.433261]: 开始进行多边形确认 · detections=2
[INFO] [1786676347.458678]: 开始进行多边形确认 · centers=1 · rejected=0 · merged=0 · elapsed_ms=25.5
[INFO] [1786676347.531326]: 开始进行多边形确认 · detections=2
[INFO] [1786676347.558468]: 开始进行多边形确认 · centers=1 · rejected=0 · merged=0 · elapsed_ms=27.1
[INFO] [1786676347.652602]: 开始进行多边形确认 · detections=2
[INFO] [1786676347.677545]: 开始进行多边形确认 · centers=1 · rejected=0 · merged=0 · elapsed_ms=25.0
[INFO] [1786676347.781485]: 开始进行多边形确认 · detections=3
[INFO] [1786676347.805830]: 开始进行多边形确认 · centers=1 · rejected=0 · merged=0 · elapsed_ms=24.4
[INFO] [1786676347.895290]: 开始进行多边形确认 · detections=2
[INFO] [1786676347.907619]: 开始进行多边形确认 · centers=1 · rejected=0 · merged=0 · elapsed_ms=12.4
[INFO] [1786676348.030161]: 开始进行多边形确认 · detections=4
[INFO] [1786676348.047700]: 开始进行多边形确认 · centers=1 · rejected=1 · merged=0 · elapsed_ms=17.6
[INFO] [1786676348.147603]: 开始进行多边形确认 · detections=3
[INFO] [1786676348.164042]: 开始进行多边形确认 · centers=1 · rejected=0 · merged=0 · elapsed_ms=16.4
[INFO] [1786676348.277574]: 开始进行多边形确认 · detections=2
[INFO] [1786676348.302568]: 开始进行多边形确认 · centers=1 · rejected=0 · merged=0 · elapsed_ms=25.0
[INFO] [1786676348.427557]: 开始进行多边形确认 · detections=3
[INFO] [1786676348.457630]: 开始进行多边形确认 · centers=1 · rejected=0 · merged=0 · elapsed_ms=30.1
[INFO] [1786676348.533858]: 开始进行多边形确认 · detections=3
[INFO] [1786676348.560690]: 开始进行多边形确认 · centers=1 · rejected=0 · merged=0 · elapsed_ms=26.8
[INFO] [1786676348.653327]: 开始进行多边形确认 · detections=2
[INFO] [1786676348.679063]: 开始进行多边形确认 · centers=1 · rejected=0 · merged=0 · elapsed_ms=25.8
[INFO] [1786676348.781712]: 开始进行多边形确认 · detections=2
[INFO] [1786676348.806678]: 开始进行多边形确认 · centers=1 · rejected=0 · merged=0 · elapsed_ms=25.0
[INFO] [1786676348.911603]: 开始进行多边形确认 · detections=4
[INFO] [1786676348.942420]: 开始进行多边形确认 · centers=1 · rejected=1 · merged=0 · elapsed_ms=30.8
[INFO] [1786676349.029108]: 开始进行多边形确认 · detections=2
[INFO] [1786676349.054044]: 开始进行多边形确认 · centers=1 · rejected=0 · merged=0 · elapsed_ms=25.0
[INFO] [1786676349.161071]: 开始进行多边形确认 · detections=3
[INFO] [1786676349.186641]: 开始进行多边形确认 · centers=1 · rejected=0 · merged=0 · elapsed_ms=25.6
[INFO] [1786676349.281132]: 开始进行多边形确认 · detections=3
[INFO] [1786676349.306261]: CITRUS_CENTER ok pixel=(470,233) depth=0.595 m radius=26.7 mm arc=279 deg error=0.86 px fragments=1
[INFO] [1786676349.307228]: 开始进行多边形确认 · centers=1 · rejected=0 · merged=0 · elapsed_ms=26.2
[INFO] [1786676349.408632]: 开始进行多边形确认 · detections=3
[INFO] [1786676349.427572]: 开始进行多边形确认 · centers=1 · rejected=0 · merged=0 · elapsed_ms=19.0
[INFO] [1786676349.538103]: 开始进行多边形确认 · detections=4
[INFO] [1786676349.564069]: 开始进行多边形确认 · centers=1 · rejected=1 · merged=0 · elapsed_ms=26.0
[INFO] [1786676349.666167]: 开始进行多边形确认 · detections=3
[INFO] [1786676349.678018]: 开始进行多边形确认 · centers=1 · rejected=0 · merged=0 · elapsed_ms=11.9
[INFO] [1786676349.768085]: 开始进行多边形确认 · detections=3
[INFO] [1786676349.779946]: 开始进行多边形确认 · centers=1 · rejected=0 · merged=0 · elapsed_ms=11.9
[INFO] [1786676349.893020]: 开始进行多边形确认 · detections=4
[INFO] [1786676349.908641]: 开始进行多边形确认 · centers=1 · rejected=1 · merged=0 · elapsed_ms=15.7
[INFO] [1786676350.009131]: 开始进行多边形确认 · detections=3
[INFO] [1786676350.023290]: 开始进行多边形确认 · centers=1 · rejected=0 · merged=0 · elapsed_ms=14.2
[INFO] [1786676350.137378]: 开始进行多边形确认 · detections=3
[INFO] [1786676350.154400]: 开始进行多边形确认 · centers=1 · rejected=0 · merged=0 · elapsed_ms=17.1
[INFO] [1786676350.264631]: 开始进行多边形确认 · detections=3
[INFO] [1786676350.277072]: 开始进行多边形确认 · centers=1 · rejected=0 · merged=0 · elapsed_ms=12.5
[INFO] [1786676350.399674]: 开始进行多边形确认 · detections=3
[INFO] [1786676350.412428]: 开始进行多边形确认 · centers=1 · rejected=0 · merged=0 · elapsed_ms=12.8
[INFO] [1786676350.527427]: 开始进行多边形确认 · detections=3
[INFO] [1786676350.560992]: 开始进行多边形确认 · centers=1 · rejected=0 · merged=0 · elapsed_ms=33.6
[INFO] [1786676350.659952]: 开始进行多边形确认 · detections=3
[INFO] [1786676350.671017]: 开始进行多边形确认 · centers=1 · rejected=0 · merged=0 · elapsed_ms=11.1
[INFO] [1786676350.774174]: 开始进行多边形确认 · detections=4
[INFO] [1786676350.786854]: 开始进行多边形确认 · centers=1 · rejected=0 · merged=0 · elapsed_ms=12.7
[INFO] [1786676350.897686]: 开始进行多边形确认 · detections=3
[INFO] [1786676350.910820]: 开始进行多边形确认 · centers=1 · rejected=0 · merged=0 · elapsed_ms=13.2
[INFO] [1786676351.014104]: 开始进行多边形确认 · detections=3
[INFO] [1786676351.032970]: 开始进行多边形确认 · centers=1 · rejected=0 · merged=0 · elapsed_ms=18.9
[INFO] [1786676351.146400]: 开始进行多边形确认 · detections=2
[INFO] [1786676351.176955]: 开始进行多边形确认 · centers=1 · rejected=0 · merged=0 · elapsed_ms=30.6
[INFO] [1786676351.178185]: RGB-D vision status: model_ready:onnxruntime targets:1 centers:1 tf:1 rejected:0 merged:0 semantic_masks:2
[INFO] [1786676351.283780]: 开始进行多边形确认 · detections=3
[INFO] [1786676351.309090]: CITRUS_CENTER ok pixel=(469,233) depth=0.593 m radius=25.8 mm arc=286 deg error=0.48 px fragments=1
[INFO] [1786676351.310019]: 开始进行多边形确认 · centers=1 · rejected=0 · merged=0 · elapsed_ms=26.3
[INFO] [1786676351.413524]: 开始进行多边形确认 · detections=3
[INFO] [1786676351.440351]: 开始进行多边形确认 · centers=1 · rejected=0 · merged=0 · elapsed_ms=26.9
[INFO] [1786676351.541520]: 开始进行多边形确认 · detections=4
[INFO] [1786676351.578451]: 开始进行多边形确认 · centers=1 · rejected=0 · merged=0 · elapsed_ms=37.0
[INFO] [1786676351.688457]: 开始进行多边形确认 · detections=4
[INFO] [1786676351.715432]: 开始进行多边形确认 · centers=1 · rejected=0 · merged=0 · elapsed_ms=27.0
[INFO] [1786676351.779611]: 开始进行多边形确认 · detections=2
[INFO] [1786676351.803347]: 开始进行多边形确认 · centers=1 · rejected=0 · merged=0 · elapsed_ms=23.8
[INFO] [1786676351.903539]: 开始进行多边形确认 · detections=3
[INFO] [1786676351.927122]: 开始进行多边形确认 · centers=1 · rejected=0 · merged=0 · elapsed_ms=23.6
[INFO] [1786676352.026655]: 开始进行多边形确认 · detections=2
[INFO] [1786676352.053146]: 开始进行多边形确认 · centers=1 · rejected=0 · merged=0 · elapsed_ms=26.5
[INFO] [1786676352.154757]: 开始进行多边形确认 · detections=2
[INFO] [1786676352.178617]: 开始进行多边形确认 · centers=1 · rejected=0 · merged=0 · elapsed_ms=24.0
[INFO] [1786676352.282496]: 开始进行多边形确认 · detections=2
[INFO] [1786676352.307920]: 开始进行多边形确认 · centers=1 · rejected=0 · merged=0 · elapsed_ms=25.5
[INFO] [1786676352.391715]: 开始进行多边形确认 · detections=3
[INFO] [1786676352.420830]: 开始进行多边形确认 · centers=1 · rejected=0 · merged=0 · elapsed_ms=29.1
[INFO] [1786676352.515368]: 开始进行多边形确认 · detections=2
[INFO] [1786676352.526089]: 开始进行多边形确认 · centers=1 · rejected=0 · merged=0 · elapsed_ms=10.8
[INFO] [1786676352.687285]: 开始进行多边形确认 · detections=4
[INFO] [1786676352.714983]: 开始进行多边形确认 · centers=1 · rejected=0 · merged=0 · elapsed_ms=27.8
[INFO] [1786676352.782915]: 开始进行多边形确认 · detections=2
[INFO] [1786676352.809965]: 开始进行多边形确认 · centers=1 · rejected=0 · merged=0 · elapsed_ms=27.1
[INFO] [1786676352.903322]: 开始进行多边形确认 · detections=3
[INFO] [1786676352.930155]: 开始进行多边形确认 · centers=1 · rejected=0 · merged=0 · elapsed_ms=26.9
[INFO] [1786676353.026917]: 开始进行多边形确认 · detections=3
[INFO] [1786676353.055218]: 开始进行多边形确认 · centers=1 · rejected=0 · merged=0 · elapsed_ms=28.4
[INFO] [1786676353.144397]: 开始进行多边形确认 · detections=4
[INFO] [1786676353.157967]: 开始进行多边形确认 · centers=1 · rejected=0 · merged=0 · elapsed_ms=13.6
[INFO] [1786676353.270159]: 开始进行多边形确认 · detections=2
[INFO] [1786676353.285483]: 开始进行多边形确认 · centers=1 · rejected=0 · merged=0 · elapsed_ms=15.4
[INFO] [1786676353.410158]: 开始进行多边形确认 · detections=4
[INFO] [1786676353.449243]: CITRUS_CENTER ok pixel=(470,233) depth=0.595 m radius=26.7 mm arc=280 deg error=0.87 px fragments=1
[INFO] [1786676353.451222]: 开始进行多边形确认 · centers=1 · rejected=1 · merged=0 · elapsed_ms=41.2
[INFO] [1786676353.534849]: 开始进行多边形确认 · detections=3
[INFO] [1786676353.566876]: 开始进行多边形确认 · centers=1 · rejected=0 · merged=0 · elapsed_ms=32.1
[INFO] [1786676353.677657]: 开始进行多边形确认 · detections=3
[INFO] [1786676353.709642]: 开始进行多边形确认 · centers=1 · rejected=0 · merged=0 · elapsed_ms=32.0
[INFO] [1786676353.781598]: 开始进行多边形确认 · detections=4
[INFO] [1786676353.796227]: 开始进行多边形确认 · centers=1 · rejected=0 · merged=0 · elapsed_ms=14.7
[INFO] [1786676353.896066]: 开始进行多边形确认 · detections=2
[INFO] [1786676353.916013]: 开始进行多边形确认 · centers=1 · rejected=0 · merged=0 · elapsed_ms=20.0
[INFO] [1786676354.019854]: 开始进行多边形确认 · detections=3
[INFO] [1786676354.034460]: 开始进行多边形确认 · centers=1 · rejected=0 · merged=0 · elapsed_ms=14.6
[INFO] [1786676354.159494]: 开始进行多边形确认 · detections=3
[INFO] [1786676354.173948]: 开始进行多边形确认 · centers=1 · rejected=0 · merged=0 · elapsed_ms=14.5
[INFO] [1786676354.274511]: 开始进行多边形确认 · detections=3
[INFO] [1786676354.286303]: 开始进行多边形确认 · centers=1 · rejected=0 · merged=0 · elapsed_ms=11.8
[INFO] [1786676354.414268]: 开始进行多边形确认 · detections=2
[INFO] [1786676354.440643]: 开始进行多边形确认 · centers=1 · rejected=0 · merged=0 · elapsed_ms=26.4
[INFO] [1786676354.532219]: 开始进行多边形确认 · detections=4
[INFO] [1786676354.566689]: 开始进行多边形确认 · centers=2 · rejected=0 · merged=0 · elapsed_ms=34.5
[INFO] [1786676354.661182]: 开始进行多边形确认 · detections=3
[INFO] [1786676354.686367]: 开始进行多边形确认 · centers=1 · rejected=0 · merged=0 · elapsed_ms=25.2
[INFO] [1786676354.849131]: 开始进行多边形确认 · detections=4
[INFO] [1786676354.875749]: 开始进行多边形确认 · centers=1 · rejected=0 · merged=0 · elapsed_ms=26.7
[INFO] [1786676354.942286]: 开始进行多边形确认 · detections=2
[INFO] [1786676354.971151]: 开始进行多边形确认 · centers=1 · rejected=0 · merged=0 · elapsed_ms=28.9
[INFO] [1786676355.054492]: 开始进行多边形确认 · detections=2
[INFO] [1786676355.067091]: 开始进行多边形确认 · centers=1 · rejected=0 · merged=0 · elapsed_ms=12.7
[INFO] [1786676355.173731]: 开始进行多边形确认 · detections=3
[INFO] [1786676355.184925]: 开始进行多边形确认 · centers=1 · rejected=0 · merged=0 · elapsed_ms=11.2
[INFO] [1786676355.299517]: 开始进行多边形确认 · detections=4
[INFO] [1786676355.317436]: 开始进行多边形确认 · centers=2 · rejected=0 · merged=0 · elapsed_ms=18.0
[INFO] [1786676355.428541]: 开始进行多边形确认 · detections=3
[INFO] [1786676355.443134]: 开始进行多边形确认 · centers=1 · rejected=0 · merged=0 · elapsed_ms=14.6
[INFO] [1786676355.547846]: 开始进行多边形确认 · detections=2
[INFO] [1786676355.561051]: CITRUS_CENTER ok pixel=(478,244) depth=0.596 m radius=26.3 mm arc=287 deg error=0.66 px fragments=1
[INFO] [1786676355.562126]: 开始进行多边形确认 · centers=1 · rejected=0 · merged=0 · elapsed_ms=14.3
[INFO] [1786676355.669652]: 开始进行多边形确认 · detections=2
[INFO] [1786676355.682472]: 开始进行多边形确认 · centers=1 · rejected=0 · merged=0 · elapsed_ms=12.9
[INFO] [1786676355.810213]: 开始进行多边形确认 · detections=2
[INFO] [1786676355.833911]: 开始进行多边形确认 · centers=1 · rejected=0 · merged=0 · elapsed_ms=23.7
[INFO] [1786676355.940104]: 开始进行多边形确认 · detections=2
[INFO] [1786676355.967651]: 开始进行多边形确认 · centers=1 · rejected=0 · merged=0 · elapsed_ms=27.6
[INFO] [1786676356.073126]: 开始进行多边形确认 · detections=2
[INFO] [1786676356.084749]: 开始进行多边形确认 · centers=1 · rejected=0 · merged=0 · elapsed_ms=11.7
[INFO] [1786676356.127980]: 开始进行多边形确认 · detections=2
[INFO] [1786676356.140605]: 开始进行多边形确认 · centers=1 · rejected=0 · merged=0 · elapsed_ms=12.7
[INFO] [1786676356.196237]: 开始进行多边形确认 · detections=3
[INFO] [1786676356.218935]: 开始进行多边形确认 · centers=1 · rejected=0 · merged=0 · elapsed_ms=22.7
[INFO] [1786676356.220642]: RGB-D vision status: model_ready:onnxruntime targets:1 centers:1 tf:1 rejected:0 merged:0 semantic_masks:3
[INFO] [1786676356.321701]: 开始进行多边形确认 · detections=2
[INFO] [1786676356.345621]: 开始进行多边形确认 · centers=1 · rejected=0 · merged=0 · elapsed_ms=24.0
[INFO] [1786676356.443672]: 开始进行多边形确认 · detections=2
[INFO] [1786676356.466698]: 开始进行多边形确认 · centers=1 · rejected=0 · merged=0 · elapsed_ms=23.1
[INFO] [1786676356.569475]: 开始进行多边形确认 · detections=2
[INFO] [1786676356.595065]: 开始进行多边形确认 · centers=1 · rejected=0 · merged=0 · elapsed_ms=25.6
[INFO] [1786676356.696145]: 开始进行多边形确认 · detections=2
[INFO] [1786676356.719722]: 开始进行多边形确认 · centers=1 · rejected=0 · merged=0 · elapsed_ms=23.6
[INFO] [1786676356.823332]: 开始进行多边形确认 · detections=2
[INFO] [1786676356.851042]: 开始进行多边形确认 · centers=1 · rejected=0 · merged=0 · elapsed_ms=27.7
[INFO] [1786676356.974486]: 开始进行多边形确认 · detections=2
[INFO] [1786676356.990292]: 开始进行多边形确认 · centers=1 · rejected=0 · merged=0 · elapsed_ms=15.9
[INFO] [1786676357.071971]: 开始进行多边形确认 · detections=2
[INFO] [1786676357.088006]: 开始进行多边形确认 · centers=1 · rejected=0 · merged=0 · elapsed_ms=16.1
[INFO] [1786676357.195734]: 开始进行多边形确认 · detections=2
[INFO] [1786676357.212163]: 开始进行多边形确认 · centers=1 · rejected=0 · merged=0 · elapsed_ms=16.5
[INFO] [1786676357.318655]: 开始进行多边形确认 · detections=2
[INFO] [1786676357.334625]: 开始进行多边形确认 · centers=1 · rejected=0 · merged=0 · elapsed_ms=16.0
[INFO] [1786676357.441084]: 开始进行多边形确认 · detections=2
[INFO] [1786676357.453706]: 开始进行多边形确认 · centers=1 · rejected=0 · merged=0 · elapsed_ms=12.7
[INFO] [1786676357.572465]: 开始进行多边形确认 · detections=2
[INFO] [1786676357.596943]: CITRUS_CENTER ok pixel=(464,291) depth=0.609 m radius=23.9 mm arc=287 deg error=0.64 px fragments=1
[INFO] [1786676357.597859]: 开始进行多边形确认 · centers=1 · rejected=0 · merged=0 · elapsed_ms=25.5
[INFO] [1786676357.701173]: 开始进行多边形确认 · detections=2
[INFO] [1786676357.724980]: 开始进行多边形确认 · centers=1 · rejected=0 · merged=0 · elapsed_ms=23.9
[INFO] [1786676357.822311]: 开始进行多边形确认 · detections=2
[INFO] [1786676357.847246]: 开始进行多边形确认 · centers=1 · rejected=0 · merged=0 · elapsed_ms=25.0
[INFO] [1786676357.969672]: 开始进行多边形确认 · detections=2
[INFO] [1786676357.982860]: 开始进行多边形确认 · centers=1 · rejected=0 · merged=0 · elapsed_ms=13.2
[INFO] [1786676358.074967]: 开始进行多边形确认 · detections=2
[INFO] [1786676358.087087]: 开始进行多边形确认 · centers=1 · rejected=0 · merged=0 · elapsed_ms=12.2
[INFO] [1786676358.202497]: 开始进行多边形确认 · detections=2
[INFO] [1786676358.214607]: 开始进行多边形确认 · centers=1 · rejected=0 · merged=0 · elapsed_ms=12.2
[INFO] [1786676358.324659]: 开始进行多边形确认 · detections=2
[INFO] [1786676358.336656]: 开始进行多边形确认 · centers=1 · rejected=0 · merged=0 · elapsed_ms=12.0
[INFO] [1786676358.456605]: 开始进行多边形确认 · detections=2
[INFO] [1786676358.480987]: 开始进行多边形确认 · centers=1 · rejected=0 · merged=0 · elapsed_ms=24.4
[INFO] [1786676358.590427]: 开始进行多边形确认 · detections=2
[INFO] [1786676358.614293]: 开始进行多边形确认 · centers=1 · rejected=0 · merged=0 · elapsed_ms=23.9
[INFO] [1786676358.716182]: 开始进行多边形确认 · detections=2
[INFO] [1786676358.740764]: 开始进行多边形确认 · centers=1 · rejected=0 · merged=0 · elapsed_ms=24.6
[INFO] [1786676358.846934]: 开始进行多边形确认 · detections=2
[INFO] [1786676358.870647]: 开始进行多边形确认 · centers=1 · rejected=0 · merged=0 · elapsed_ms=23.8
[INFO] [1786676358.973762]: 开始进行多边形确认 · detections=2
[INFO] [1786676359.004493]: 开始进行多边形确认 · centers=1 · rejected=0 · merged=0 · elapsed_ms=30.8
[INFO] [1786676359.093509]: 开始进行多边形确认 · detections=2
[INFO] [1786676359.119226]: 开始进行多边形确认 · centers=1 · rejected=0 · merged=0 · elapsed_ms=25.8
[INFO] [1786676359.218170]: 开始进行多边形确认 · detections=2
[INFO] [1786676359.243931]: 开始进行多边形确认 · centers=1 · rejected=0 · merged=0 · elapsed_ms=25.8
[INFO] [1786676359.322947]: 开始进行多边形确认 · detections=2
[INFO] [1786676359.334111]: 开始进行多边形确认 · centers=1 · rejected=0 · merged=0 · elapsed_ms=11.2
[INFO] [1786676359.451989]: 开始进行多边形确认 · detections=2
[INFO] [1786676359.463919]: 开始进行多边形确认 · centers=1 · rejected=0 · merged=0 · elapsed_ms=12.0
[INFO] [1786676359.575855]: 开始进行多边形确认 · detections=2
[INFO] [1786676359.587978]: 开始进行多边形确认 · centers=1 · rejected=0 · merged=0 · elapsed_ms=12.2
[INFO] [1786676359.703658]: 开始进行多边形确认 · detections=2
[INFO] [1786676359.715407]: CITRUS_CENTER ok pixel=(466,291) depth=0.610 m radius=24.4 mm arc=284 deg error=0.76 px fragments=1
[INFO] [1786676359.716697]: 开始进行多边形确认 · centers=1 · rejected=0 · merged=0 · elapsed_ms=13.1
[INFO] [1786676359.818288]: 开始进行多边形确认 · detections=2
[INFO] [1786676359.829784]: 开始进行多边形确认 · centers=1 · rejected=0 · merged=0 · elapsed_ms=11.5
[INFO] [1786676359.943395]: 开始进行多边形确认 · detections=2
[INFO] [1786676359.970480]: 开始进行多边形确认 · centers=1 · rejected=0 · merged=0 · elapsed_ms=27.1
[INFO] [1786676360.109176]: 开始进行多边形确认 · detections=2
[INFO] [1786676360.132945]: 开始进行多边形确认 · centers=1 · rejected=0 · merged=0 · elapsed_ms=23.8
[INFO] [1786676360.206025]: 开始进行多边形确认 · detections=2
[INFO] [1786676360.230468]: 开始进行多边形确认 · centers=1 · rejected=0 · merged=0 · elapsed_ms=24.5
[INFO] [1786676360.315500]: 开始进行多边形确认 · detections=2
[INFO] [1786676360.327056]: 开始进行多边形确认 · centers=1 · rejected=0 · merged=0 · elapsed_ms=11.6
[INFO] [1786676360.445665]: 开始进行多边形确认 · detections=1
[INFO] [1786676360.457034]: 开始进行多边形确认 · centers=1 · rejected=0 · merged=0 · elapsed_ms=11.4
[INFO] [1786676360.579311]: 开始进行多边形确认 · detections=2
[INFO] [1786676360.593304]: 开始进行多边形确认 · centers=1 · rejected=0 · merged=0 · elapsed_ms=14.0
[INFO] [1786676360.657328]: 开始进行多边形确认 · detections=3
[INFO] [1786676360.668384]: 开始进行多边形确认 · centers=1 · rejected=0 · merged=0 · elapsed_ms=11.1
[INFO] [1786676360.726649]: 开始进行多边形确认 · detections=2
[INFO] [1786676360.748273]: 开始进行多边形确认 · centers=1 · rejected=0 · merged=0 · elapsed_ms=21.7
[INFO] [1786676360.836548]: 开始进行多边形确认 · detections=3
[INFO] [1786676360.858281]: 开始进行多边形确认 · centers=1 · rejected=0 · merged=0 · elapsed_ms=21.8
[INFO] [1786676360.957563]: 开始进行多边形确认 · detections=3
[INFO] [1786676360.990917]: 开始进行多边形确认 · centers=1 · rejected=0 · merged=0 · elapsed_ms=33.4
[INFO] [1786676361.108654]: 开始进行多边形确认 · detections=3
[INFO] [1786676361.132054]: 开始进行多边形确认 · centers=1 · rejected=0 · merged=0 · elapsed_ms=23.4
[INFO] [1786676361.212063]: 开始进行多边形确认 · detections=3
[INFO] [1786676361.237135]: 开始进行多边形确认 · centers=1 · rejected=0 · merged=0 · elapsed_ms=25.1
[INFO] [1786676361.330778]: 开始进行多边形确认 · detections=3
[INFO] [1786676361.352433]: 开始进行多边形确认 · centers=1 · rejected=0 · merged=0 · elapsed_ms=21.7
[INFO] [1786676361.456707]: 开始进行多边形确认 · detections=3
[INFO] [1786676361.478601]: 开始进行多边形确认 · centers=1 · rejected=0 · merged=0 · elapsed_ms=21.9
[INFO] [1786676361.586036]: 开始进行多边形确认 · detections=3
[INFO] [1786676361.610277]: 开始进行多边形确认 · centers=1 · rejected=0 · merged=0 · elapsed_ms=24.3
[INFO] [1786676361.707078]: 开始进行多边形确认 · detections=3
[INFO] [1786676361.728076]: CITRUS_CENTER ok pixel=(402,297) depth=0.579 m radius=30.8 mm arc=233 deg error=1.24 px fragments=1
[INFO] [1786676361.729183]: 开始进行多边形确认 · centers=1 · rejected=0 · merged=0 · elapsed_ms=22.2
[INFO] [1786676361.835046]: 开始进行多边形确认 · detections=3
[INFO] [1786676361.858312]: 开始进行多边形确认 · centers=1 · rejected=0 · merged=0 · elapsed_ms=23.3
[INFO] [1786676361.963387]: 开始进行多边形确认 · detections=3
[INFO] [1786676361.987060]: 开始进行多边形确认 · centers=1 · rejected=0 · merged=0 · elapsed_ms=23.7
[INFO] [1786676362.098564]: 开始进行多边形确认 · detections=3
[INFO] [1786676362.127469]: 开始进行多边形确认 · centers=1 · rejected=0 · merged=0 · elapsed_ms=28.9
[INFO] [1786676362.225889]: 开始进行多边形确认 · detections=3
[INFO] [1786676362.250634]: 开始进行多边形确认 · centers=1 · rejected=0 · merged=0 · elapsed_ms=24.8
[INFO] [1786676362.345911]: 开始进行多边形确认 · detections=3
[INFO] [1786676362.370205]: 开始进行多边形确认 · centers=1 · rejected=0 · merged=0 · elapsed_ms=24.3
[INFO] [1786676362.471233]: 开始进行多边形确认 · detections=3
[INFO] [1786676362.496212]: 开始进行多边形确认 · centers=1 · rejected=0 · merged=0 · elapsed_ms=25.0
[INFO] [1786676362.604908]: 开始进行多边形确认 · detections=3
[INFO] [1786676362.626200]: 开始进行多边形确认 · centers=1 · rejected=0 · merged=0 · elapsed_ms=21.3
[INFO] [1786676362.718069]: 开始进行多边形确认 · detections=3
[INFO] [1786676362.739694]: 开始进行多边形确认 · centers=1 · rejected=0 · merged=0 · elapsed_ms=21.6
[INFO] [1786676362.856469]: 开始进行多边形确认 · detections=3
[INFO] [1786676362.881327]: 开始进行多边形确认 · centers=1 · rejected=0 · merged=0 · elapsed_ms=24.9
[INFO] [1786676362.969001]: 开始进行多边形确认 · detections=3
[INFO] [1786676362.990072]: 开始进行多边形确认 · centers=1 · rejected=0 · merged=0 · elapsed_ms=21.1
[INFO] [1786676363.099378]: 开始进行多边形确认 · detections=3
[INFO] [1786676363.124314]: 开始进行多边形确认 · centers=1 · rejected=0 · merged=0 · elapsed_ms=25.0
[INFO] [1786676363.248970]: 开始进行多边形确认 · detections=3
[INFO] [1786676363.272130]: 开始进行多边形确认 · centers=1 · rejected=0 · merged=0 · elapsed_ms=23.2
[INFO] [1786676363.356875]: 开始进行多边形确认 · detections=3
[INFO] [1786676363.382420]: 开始进行多边形确认 · centers=1 · rejected=0 · merged=0 · elapsed_ms=25.6
[INFO] [1786676363.478545]: 开始进行多边形确认 · detections=3
[INFO] [1786676363.502417]: 开始进行多边形确认 · centers=1 · rejected=0 · merged=0 · elapsed_ms=23.9
[INFO] [1786676363.594436]: 开始进行多边形确认 · detections=3
[INFO] [1786676363.605609]: 开始进行多边形确认 · centers=1 · rejected=0 · merged=0 · elapsed_ms=11.2
[INFO] [1786676363.722461]: 开始进行多边形确认 · detections=3
[INFO] [1786676363.734504]: CITRUS_CENTER ok pixel=(403,296) depth=0.579 m radius=30.7 mm arc=238 deg error=1.06 px fragments=1
[INFO] [1786676363.735452]: 开始进行多边形确认 · centers=1 · rejected=0 · merged=0 · elapsed_ms=13.1
[INFO] [1786676363.848793]: 开始进行多边形确认 · detections=3
[INFO] [1786676363.859878]: 开始进行多边形确认 · centers=1 · rejected=0 · merged=0 · elapsed_ms=11.1
[INFO] [1786676363.973270]: 开始进行多边形确认 · detections=3
[INFO] [1786676363.984705]: 开始进行多边形确认 · centers=1 · rejected=0 · merged=0 · elapsed_ms=11.5
[INFO] [1786676364.093729]: 开始进行多边形确认 · detections=3
[INFO] [1786676364.107126]: 开始进行多边形确认 · centers=1 · rejected=0 · merged=0 · elapsed_ms=13.4
[INFO] [1786676364.238804]: 开始进行多边形确认 · detections=3
[INFO] [1786676364.262333]: 开始进行多边形确认 · centers=1 · rejected=0 · merged=0 · elapsed_ms=23.6
[INFO] [1786676364.350730]: 开始进行多边形确认 · detections=3
[INFO] [1786676364.374489]: 开始进行多边形确认 · centers=1 · rejected=0 · merged=0 · elapsed_ms=23.8
[INFO] [1786676364.474631]: 开始进行多边形确认 · detections=3
[INFO] [1786676364.496990]: 开始进行多边形确认 · centers=1 · rejected=0 · merged=0 · elapsed_ms=22.4
[INFO] [1786676364.595598]: 开始进行多边形确认 · detections=3
[INFO] [1786676364.617557]: 开始进行多边形确认 · centers=1 · rejected=0 · merged=0 · elapsed_ms=22.0
[INFO] [1786676364.705585]: 开始进行多边形确认 · detections=3
[INFO] [1786676364.716984]: 开始进行多边形确认 · centers=1 · rejected=0 · merged=0 · elapsed_ms=11.4
[INFO] [1786676364.832697]: 开始进行多边形确认 · detections=3
[INFO] [1786676364.844015]: 开始进行多边形确认 · centers=1 · rejected=0 · merged=0 · elapsed_ms=11.4
[INFO] [1786676364.955494]: 开始进行多边形确认 · detections=3
[INFO] [1786676364.965615]: 开始进行多边形确认 · centers=1 · rejected=0 · merged=0 · elapsed_ms=10.1
[INFO] [1786676365.097718]: 开始进行多边形确认 · detections=2
[INFO] [1786676365.109000]: 开始进行多边形确认 · centers=1 · rejected=0 · merged=0 · elapsed_ms=11.3
[INFO] [1786676365.110090]: RGB-D vision status: model_ready:onnxruntime targets:1 centers:1 tf:1 rejected:0 merged:0 semantic_masks:2
[INFO] [1786676365.238088]: 开始进行多边形确认 · detections=2
[INFO] [1786676365.258064]: 开始进行多边形确认 · centers=1 · rejected=0 · merged=0 · elapsed_ms=20.0
[INFO] [1786676365.353992]: 开始进行多边形确认 · detections=2
[INFO] [1786676365.364435]: 开始进行多边形确认 · centers=1 · rejected=0 · merged=0 · elapsed_ms=10.5
[INFO] [1786676365.475325]: 开始进行多边形确认 · detections=2
[INFO] [1786676365.486248]: 开始进行多边形确认 · centers=1 · rejected=0 · merged=0 · elapsed_ms=11.0
[INFO] [1786676365.600825]: 开始进行多边形确认 · detections=2
[INFO] [1786676365.611650]: 开始进行多边形确认 · centers=1 · rejected=0 · merged=0 · elapsed_ms=10.9
[INFO] [1786676365.728514]: 开始进行多边形确认 · detections=2
[INFO] [1786676365.738009]: CITRUS_CENTER ok pixel=(323,300) depth=0.578 m radius=26.7 mm arc=281 deg error=0.96 px fragments=1
[INFO] [1786676365.738910]: 开始进行多边形确认 · centers=1 · rejected=0 · merged=0 · elapsed_ms=10.4
[INFO] [1786676365.788217]: 开始进行多边形确认 · detections=2
[INFO] [1786676365.798017]: 开始进行多边形确认 · centers=1 · rejected=0 · merged=0 · elapsed_ms=9.8
[INFO] [1786676365.864882]: 开始进行多边形确认 · detections=2
[INFO] [1786676365.887289]: 开始进行多边形确认 · centers=1 · rejected=0 · merged=0 · elapsed_ms=22.4
[INFO] [1786676365.992853]: 开始进行多边形确认 · detections=2
[INFO] [1786676366.014993]: 开始进行多边形确认 · centers=1 · rejected=0 · merged=0 · elapsed_ms=22.2
[INFO] [1786676366.116265]: 开始进行多边形确认 · detections=2
[INFO] [1786676366.127031]: 开始进行多边形确认 · centers=1 · rejected=0 · merged=0 · elapsed_ms=10.9
[INFO] [1786676366.229104]: 开始进行多边形确认 · detections=2
[INFO] [1786676366.250839]: 开始进行多边形确认 · centers=1 · rejected=0 · merged=0 · elapsed_ms=21.7
[INFO] [1786676366.377562]: 开始进行多边形确认 · detections=2
[INFO] [1786676366.399591]: 开始进行多边形确认 · centers=1 · rejected=0 · merged=0 · elapsed_ms=22.1
[INFO] [1786676366.477963]: 开始进行多边形确认 · detections=2
[INFO] [1786676366.499500]: 开始进行多边形确认 · centers=1 · rejected=0 · merged=0 · elapsed_ms=21.6
[INFO] [1786676366.606608]: 开始进行多边形确认 · detections=2
[INFO] [1786676366.629408]: 开始进行多边形确认 · centers=1 · rejected=0 · merged=0 · elapsed_ms=22.8
[INFO] [1786676366.734676]: 开始进行多边形确认 · detections=2
[INFO] [1786676366.755832]: 开始进行多边形确认 · centers=1 · rejected=0 · merged=0 · elapsed_ms=21.2
[INFO] [1786676366.853677]: 开始进行多边形确认 · detections=2
[INFO] [1786676366.875832]: 开始进行多边形确认 · centers=1 · rejected=0 · merged=0 · elapsed_ms=22.2
[INFO] [1786676366.977381]: 开始进行多边形确认 · detections=2
[INFO] [1786676366.997555]: 开始进行多边形确认 · centers=1 · rejected=0 · merged=0 · elapsed_ms=20.2
[INFO] [1786676367.104939]: 开始进行多边形确认 · detections=2
[INFO] [1786676367.125400]: 开始进行多边形确认 · centers=1 · rejected=0 · merged=0 · elapsed_ms=20.5
[INFO] [1786676367.227813]: 开始进行多边形确认 · detections=2
[INFO] [1786676367.250713]: 开始进行多边形确认 · centers=1 · rejected=0 · merged=0 · elapsed_ms=22.9
[INFO] [1786676367.401105]: 开始进行多边形确认 · detections=2
[INFO] [1786676367.426612]: 开始进行多边形确认 · centers=1 · rejected=0 · merged=0 · elapsed_ms=25.5
[INFO] [1786676367.493810]: 开始进行多边形确认 · detections=2
[INFO] [1786676367.517421]: 开始进行多边形确认 · centers=1 · rejected=0 · merged=0 · elapsed_ms=23.6
[INFO] [1786676367.612178]: 开始进行多边形确认 · detections=2
[INFO] [1786676367.634417]: 开始进行多边形确认 · centers=1 · rejected=0 · merged=0 · elapsed_ms=22.3
[INFO] [1786676367.737499]: 开始进行多边形确认 · detections=2
[INFO] [1786676367.757174]: CITRUS_CENTER ok pixel=(317,295) depth=0.560 m radius=26.5 mm arc=304 deg error=0.90 px fragments=1
[INFO] [1786676367.758103]: 开始进行多边形确认 · centers=1 · rejected=0 · merged=0 · elapsed_ms=20.7
[INFO] [1786676367.863397]: 开始进行多边形确认 · detections=2
[INFO] [1786676367.884441]: 开始进行多边形确认 · centers=1 · rejected=0 · merged=0 · elapsed_ms=21.1
[INFO] [1786676367.989621]: 开始进行多边形确认 · detections=2
[INFO] [1786676368.010248]: 开始进行多边形确认 · centers=1 · rejected=0 · merged=0 · elapsed_ms=20.7
[INFO] [1786676368.121556]: 开始进行多边形确认 · detections=2
[INFO] [1786676368.142616]: 开始进行多边形确认 · centers=1 · rejected=0 · merged=0 · elapsed_ms=21.1
[INFO] [1786676368.243835]: 开始进行多边形确认 · detections=2
[INFO] [1786676368.266209]: 开始进行多边形确认 · centers=1 · rejected=0 · merged=0 · elapsed_ms=22.4
[INFO] [1786676368.392149]: 开始进行多边形确认 · detections=2
[INFO] [1786676368.416414]: 开始进行多边形确认 · centers=1 · rejected=0 · merged=0 · elapsed_ms=24.3
[INFO] [1786676368.499770]: 开始进行多边形确认 · detections=2
[INFO] [1786676368.523744]: 开始进行多边形确认 · centers=1 · rejected=0 · merged=0 · elapsed_ms=24.0
[INFO] [1786676368.622691]: 开始进行多边形确认 · detections=2
[INFO] [1786676368.645204]: 开始进行多边形确认 · centers=1 · rejected=0 · merged=0 · elapsed_ms=22.6
[INFO] [1786676368.741232]: 开始进行多边形确认 · detections=2
[INFO] [1786676368.761445]: 开始进行多边形确认 · centers=1 · rejected=0 · merged=0 · elapsed_ms=20.3
[INFO] [1786676368.868440]: 开始进行多边形确认 · detections=2
[INFO] [1786676368.888248]: 开始进行多边形确认 · centers=1 · rejected=0 · merged=0 · elapsed_ms=19.8
[INFO] [1786676368.988911]: 开始进行多边形确认 · detections=2
[INFO] [1786676368.999073]: 开始进行多边形确认 · centers=1 · rejected=0 · merged=0 · elapsed_ms=10.2
[INFO] [1786676369.117072]: 开始进行多边形确认 · detections=2
[INFO] [1786676369.135970]: 开始进行多边形确认 · centers=1 · rejected=0 · merged=0 · elapsed_ms=18.9
[INFO] [1786676369.238014]: 开始进行多边形确认 · detections=2
[INFO] [1786676369.258948]: 开始进行多边形确认 · centers=1 · rejected=0 · merged=0 · elapsed_ms=21.0
[INFO] [1786676369.371260]: 开始进行多边形确认 · detections=2
[INFO] [1786676369.393117]: 开始进行多边形确认 · centers=1 · rejected=0 · merged=0 · elapsed_ms=21.9
[INFO] [1786676369.511082]: 开始进行多边形确认 · detections=2
[INFO] [1786676369.533964]: 开始进行多边形确认 · centers=1 · rejected=0 · merged=0 · elapsed_ms=22.9
[INFO] [1786676369.604716]: 开始进行多边形确认 · detections=2
[INFO] [1786676369.616106]: 开始进行多边形确认 · centers=1 · rejected=0 · merged=0 · elapsed_ms=11.4
[INFO] [1786676369.727403]: 开始进行多边形确认 · detections=2
[INFO] [1786676369.738020]: 开始进行多边形确认 · centers=1 · rejected=0 · merged=0 · elapsed_ms=10.6
[INFO] [1786676369.852431]: 开始进行多边形确认 · detections=2
[INFO] [1786676369.862942]: CITRUS_CENTER ok pixel=(316,295) depth=0.560 m radius=26.6 mm arc=299 deg error=0.89 px fragments=1
[INFO] [1786676369.864108]: 开始进行多边形确认 · centers=1 · rejected=0 · merged=0 · elapsed_ms=11.7
[INFO] [1786676369.978628]: 开始进行多边形确认 · detections=2
[INFO] [1786676369.989288]: 开始进行多边形确认 · centers=1 · rejected=0 · merged=0 · elapsed_ms=10.7
[INFO] [1786676370.101386]: 开始进行多边形确认 · detections=2
[INFO] [1786676370.113660]: 开始进行多边形确认 · centers=1 · rejected=0 · merged=0 · elapsed_ms=12.3
[INFO] [1786676370.225340]: 开始进行多边形确认 · detections=3
[INFO] [1786676370.237014]: 开始进行多边形确认 · centers=1 · rejected=0 · merged=0 · elapsed_ms=11.7
[INFO] [1786676370.238595]: RGB-D vision status: model_ready:onnxruntime targets:1 centers:1 tf:1 rejected:0 merged:0 semantic_masks:3
[INFO] [1786676370.374534]: 开始进行多边形确认 · detections=2
[INFO] [1786676370.394013]: 开始进行多边形确认 · centers=1 · rejected=0 · merged=0 · elapsed_ms=19.5
[INFO] [1786676370.519497]: 开始进行多边形确认 · detections=3
[INFO] [1786676370.541815]: 开始进行多边形确认 · centers=1 · rejected=0 · merged=0 · elapsed_ms=22.3
[INFO] [1786676370.624146]: 开始进行多边形确认 · detections=2
[INFO] [1786676370.645372]: 开始进行多边形确认 · centers=1 · rejected=0 · merged=0 · elapsed_ms=21.3
[INFO] [1786676370.736889]: 开始进行多边形确认 · detections=1
[INFO] [1786676370.746035]: 开始进行多边形确认 · centers=1 · rejected=0 · merged=0 · elapsed_ms=9.2
[INFO] [1786676370.860715]: 开始进行多边形确认 · detections=3
[INFO] [1786676370.912349]: 开始进行多边形确认 · centers=1 · rejected=0 · merged=1 · elapsed_ms=51.6
[INFO] [1786676370.978687]: 开始进行多边形确认 · detections=2
[INFO] [1786676370.999217]: 开始进行多边形确认 · centers=1 · rejected=0 · merged=0 · elapsed_ms=20.6
[INFO] [1786676371.070010]: 开始进行多边形确认 · detections=3
[INFO] [1786676371.123606]: 开始进行多边形确认 · centers=1 · rejected=0 · merged=1 · elapsed_ms=53.6
[INFO] [1786676371.188240]: 开始进行多边形确认 · detections=3
[INFO] [1786676371.241183]: 开始进行多边形确认 · centers=1 · rejected=0 · merged=1 · elapsed_ms=53.0
[INFO] [1786676371.310764]: 开始进行多边形确认 · detections=3
[INFO] [1786676371.366130]: 开始进行多边形确认 · centers=1 · rejected=0 · merged=1 · elapsed_ms=55.4
[INFO] [1786676371.436963]: 开始进行多边形确认 · detections=3
[INFO] [1786676371.494034]: 开始进行多边形确认 · centers=1 · rejected=0 · merged=1 · elapsed_ms=57.1
[INFO] [1786676371.567456]: 开始进行多边形确认 · detections=3
[INFO] [1786676371.628654]: 开始进行多边形确认 · centers=1 · rejected=0 · merged=1 · elapsed_ms=61.2
[INFO] [1786676371.735950]: 开始进行多边形确认 · detections=3
[INFO] [1786676371.776009]: 开始进行多边形确认 · centers=1 · rejected=0 · merged=1 · elapsed_ms=40.1
[INFO] [1786676371.854080]: 开始进行多边形确认 · detections=3
[INFO] [1786676371.910069]: CITRUS_CENTER ok pixel=(232,294) depth=0.559 m radius=23.1 mm arc=297 deg error=0.88 px fragments=2
[INFO] [1786676371.911091]: 开始进行多边形确认 · centers=1 · rejected=0 · merged=1 · elapsed_ms=57.1
[INFO] [1786676371.993419]: 开始进行多边形确认 · detections=3
[INFO] [1786676372.046728]: 开始进行多边形确认 · centers=1 · rejected=0 · merged=1 · elapsed_ms=53.3
[INFO] [1786676372.126545]: 开始进行多边形确认 · detections=3
[INFO] [1786676372.180420]: 开始进行多边形确认 · centers=1 · rejected=0 · merged=1 · elapsed_ms=53.9
[INFO] [1786676372.260112]: 开始进行多边形确认 · detections=3
[INFO] [1786676372.315324]: 开始进行多边形确认 · centers=1 · rejected=0 · merged=1 · elapsed_ms=55.2
[INFO] [1786676372.393191]: 开始进行多边形确认 · detections=3
[INFO] [1786676372.439864]: 开始进行多边形确认 · centers=1 · rejected=0 · merged=1 · elapsed_ms=46.7
[INFO] [1786676372.505101]: 开始进行多边形确认 · detections=3
[INFO] [1786676372.531134]: 开始进行多边形确认 · centers=1 · rejected=0 · merged=1 · elapsed_ms=26.1
[INFO] [1786676372.625416]: 开始进行多边形确认 · detections=3
[INFO] [1786676372.654583]: 开始进行多边形确认 · centers=1 · rejected=0 · merged=1 · elapsed_ms=29.2
[INFO] [1786676372.795039]: 开始进行多边形确认 · detections=3
[INFO] [1786676372.849591]: 开始进行多边形确认 · centers=1 · rejected=0 · merged=1 · elapsed_ms=54.6
[INFO] [1786676372.931065]: 开始进行多边形确认 · detections=3
[INFO] [1786676372.984219]: 开始进行多边形确认 · centers=1 · rejected=0 · merged=1 · elapsed_ms=53.2
[INFO] [1786676373.042669]: 开始进行多边形确认 · detections=3
[INFO] [1786676373.071074]: 开始进行多边形确认 · centers=1 · rejected=0 · merged=1 · elapsed_ms=28.4
[INFO] [1786676373.175408]: 开始进行多边形确认 · detections=3
[INFO] [1786676373.202566]: 开始进行多边形确认 · centers=1 · rejected=0 · merged=1 · elapsed_ms=27.2
[INFO] [1786676373.295177]: 开始进行多边形确认 · detections=3
[INFO] [1786676373.323370]: 开始进行多边形确认 · centers=1 · rejected=0 · merged=1 · elapsed_ms=28.2
[INFO] [1786676373.418439]: 开始进行多边形确认 · detections=3
[INFO] [1786676373.448858]: 开始进行多边形确认 · centers=1 · rejected=0 · merged=1 · elapsed_ms=30.4
[INFO] [1786676373.540743]: 开始进行多边形确认 · detections=4
[INFO] [1786676373.568033]: 开始进行多边形确认 · centers=1 · rejected=0 · merged=1 · elapsed_ms=27.3
[INFO] [1786676373.662610]: 开始进行多边形确认 · detections=3
[INFO] [1786676373.690452]: 开始进行多边形确认 · centers=1 · rejected=0 · merged=1 · elapsed_ms=27.9
[INFO] [1786676373.862294]: 开始进行多边形确认 · detections=3
[INFO] [1786676373.916839]: CITRUS_CENTER ok pixel=(233,293) depth=0.560 m radius=23.1 mm arc=298 deg error=0.92 px fragments=2
[INFO] [1786676373.918011]: 开始进行多边形确认 · centers=1 · rejected=0 · merged=1 · elapsed_ms=55.8
[INFO] [1786676373.965481]: 开始进行多边形确认 · detections=3
[INFO] [1786676373.998062]: 开始进行多边形确认 · centers=1 · rejected=0 · merged=1 · elapsed_ms=32.6
[INFO] [1786676374.093220]: 开始进行多边形确认 · detections=3
[INFO] [1786676374.122638]: 开始进行多边形确认 · centers=1 · rejected=0 · merged=1 · elapsed_ms=29.5
[INFO] [1786676374.220831]: 开始进行多边形确认 · detections=3
[INFO] [1786676374.253138]: 开始进行多边形确认 · centers=1 · rejected=0 · merged=1 · elapsed_ms=32.3
[INFO] [1786676374.342167]: 开始进行多边形确认 · detections=3
[INFO] [1786676374.369208]: 开始进行多边形确认 · centers=1 · rejected=0 · merged=1 · elapsed_ms=27.1
[INFO] [1786676374.475470]: 开始进行多边形确认 · detections=3
[INFO] [1786676374.499874]: 开始进行多边形确认 · centers=1 · rejected=0 · merged=1 · elapsed_ms=24.5
[INFO] [1786676374.589157]: 开始进行多边形确认 · detections=1
[INFO] [1786676374.600654]: 开始进行多边形确认 · centers=1 · rejected=0 · merged=0 · elapsed_ms=11.6
[INFO] [1786676374.756359]: 开始进行多边形确认 · detections=2
[INFO] [1786676374.788835]: 开始进行多边形确认 · centers=1 · rejected=0 · merged=0 · elapsed_ms=32.5
[INFO] [1786676374.869446]: 开始进行多边形确认 · detections=2
[INFO] [1786676374.894954]: 开始进行多边形确认 · centers=1 · rejected=0 · merged=0 · elapsed_ms=25.5
[INFO] [1786676374.961116]: 开始进行多边形确认 · detections=1
[INFO] [1786676375.036875]: 开始进行多边形确认 · detections=2
[INFO] [1786676375.148396]: 开始进行多边形确认 · detections=1
[INFO] [1786676375.258678]: 开始进行多边形确认 · detections=1
[INFO] [1786676375.394136]: 开始进行多边形确认 · detections=1
[INFO] [1786676375.528022]: 开始进行多边形确认 · detections=1
[INFO] [1786676375.649704]: 开始进行多边形确认 · detections=1
[INFO] [1786676375.783913]: 开始进行多边形确认 · detections=1
[INFO] [1786676375.906350]: 开始进行多边形确认 · detections=1
[INFO] [1786676376.019691]: 开始进行多边形确认 · detections=1
[INFO] [1786676376.155466]: 开始进行多边形确认 · detections=1
[INFO] [1786676376.269071]: 开始进行多边形确认 · detections=1
[INFO] [1786676376.396462]: 开始进行多边形确认 · detections=1
[INFO] [1786676376.516986]: 开始进行多边形确认 · detections=1
[INFO] [1786676376.654638]: 开始进行多边形确认 · detections=1
[INFO] [1786676376.784463]: 开始进行多边形确认 · detections=1
[INFO] [1786676376.954262]: 开始进行多边形确认 · detections=1
[INFO] [1786676377.034118]: 开始进行多边形确认 · detections=1
[INFO] [1786676377.157918]: 开始进行多边形确认 · detections=1
[INFO] [1786676377.283023]: 开始进行多边形确认 · detections=1
[INFO] [1786676377.407806]: 开始进行多边形确认 · detections=1
[INFO] [1786676377.524294]: 开始进行多边形确认 · detections=1
[INFO] [1786676377.660714]: 开始进行多边形确认 · detections=1
[INFO] [1786676377.791243]: 开始进行多边形确认 · detections=1
[INFO] [1786676377.913476]: 开始进行多边形确认 · detections=1
[INFO] [1786676378.055427]: 开始进行多边形确认 · detections=1
[INFO] [1786676378.158422]: 开始进行多边形确认 · detections=1
[INFO] [1786676378.284156]: 开始进行多边形确认 · detections=1
[INFO] [1786676378.409088]: 开始进行多边形确认 · detections=1
[INFO] [1786676378.534350]: 开始进行多边形确认 · detections=1
[INFO] [1786676378.670789]: 开始进行多边形确认 · detections=1
[INFO] [1786676378.787590]: 开始进行多边形确认 · detections=1
[INFO] [1786676378.914037]: 开始进行多边形确认 · detections=1
[INFO] [1786676379.043690]: 开始进行多边形确认 · detections=1
[INFO] [1786676379.149558]: 开始进行多边形确认 · detections=1
[INFO] [1786676379.272992]: 开始进行多边形确认 · detections=1
[INFO] [1786676379.396786]: 开始进行多边形确认 · detections=2
[INFO] [1786676379.409971]: CITRUS_CENTER ok pixel=(167,274) depth=0.608 m radius=25.9 mm arc=333 deg error=1.20 px fragments=1
[INFO] [1786676379.411049]: 开始进行多边形确认 · centers=1 · rejected=0 · merged=0 · elapsed_ms=14.3
[INFO] [1786676379.411874]: RGB-D vision status: model_ready:onnxruntime targets:1 centers:1 tf:1 rejected:0 merged:0 semantic_masks:2
[INFO] [1786676379.524197]: 开始进行多边形确认 · detections=2
[INFO] [1786676379.536752]: 开始进行多边形确认 · centers=1 · rejected=0 · merged=0 · elapsed_ms=12.6
[INFO] [1786676379.640357]: 开始进行多边形确认 · detections=2
[INFO] [1786676379.655592]: 开始进行多边形确认 · centers=1 · rejected=0 · merged=0 · elapsed_ms=15.3
[INFO] [1786676379.705948]: 开始进行多边形确认 · detections=2
[INFO] [1786676379.721988]: 开始进行多边形确认 · centers=1 · rejected=0 · merged=0 · elapsed_ms=16.1
[INFO] [1786676379.776912]: 开始进行多边形确认 · detections=2
[INFO] [1786676379.791666]: 开始进行多边形确认 · centers=1 · rejected=0 · merged=0 · elapsed_ms=14.8
[INFO] [1786676379.910963]: 开始进行多边形确认 · detections=2
[INFO] [1786676379.926019]: 开始进行多边形确认 · centers=1 · rejected=0 · merged=0 · elapsed_ms=15.1
[INFO] [1786676380.043549]: 开始进行多边形确认 · detections=2
[INFO] [1786676380.068555]: 开始进行多边形确认 · centers=1 · rejected=0 · merged=0 · elapsed_ms=25.1
[INFO] [1786676380.162486]: 开始进行多边形确认 · detections=2
[INFO] [1786676380.175775]: 开始进行多边形确认 · centers=1 · rejected=0 · merged=0 · elapsed_ms=13.3
[INFO] [1786676380.294277]: 开始进行多边形确认 · detections=2
[INFO] [1786676380.323105]: 开始进行多边形确认 · centers=1 · rejected=0 · merged=0 · elapsed_ms=28.9
[INFO] [1786676380.418556]: 开始进行多边形确认 · detections=2
[INFO] [1786676380.444980]: 开始进行多边形确认 · centers=1 · rejected=0 · merged=0 · elapsed_ms=26.5
[INFO] [1786676380.542203]: 开始进行多边形确认 · detections=2
[INFO] [1786676380.569413]: 开始进行多边形确认 · centers=1 · rejected=0 · merged=0 · elapsed_ms=27.2
[INFO] [1786676380.663401]: 开始进行多边形确认 · detections=2
[INFO] [1786676380.688811]: 开始进行多边形确认 · centers=1 · rejected=0 · merged=0 · elapsed_ms=25.5
[INFO] [1786676380.789163]: 开始进行多边形确认 · detections=2
[INFO] [1786676380.815381]: 开始进行多边形确认 · centers=1 · rejected=0 · merged=0 · elapsed_ms=26.3
[INFO] [1786676380.912241]: 开始进行多边形确认 · detections=2
[INFO] [1786676380.938726]: 开始进行多边形确认 · centers=1 · rejected=0 · merged=0 · elapsed_ms=26.5
[INFO] [1786676381.045422]: 开始进行多边形确认 · detections=2
[INFO] [1786676381.071499]: 开始进行多边形确认 · centers=1 · rejected=0 · merged=0 · elapsed_ms=26.1
[INFO] [1786676381.178342]: 开始进行多边形确认 · detections=2
[INFO] [1786676381.216218]: 开始进行多边形确认 · centers=1 · rejected=0 · merged=0 · elapsed_ms=37.9
[INFO] [1786676381.296691]: 开始进行多边形确认 · detections=2
[INFO] [1786676381.323132]: 开始进行多边形确认 · centers=1 · rejected=0 · merged=0 · elapsed_ms=26.5
[INFO] [1786676381.417466]: 开始进行多边形确认 · detections=2
[INFO] [1786676381.441912]: CITRUS_CENTER ok pixel=(171,234) depth=0.596 m radius=26.7 mm arc=324 deg error=1.29 px fragments=1
[INFO] [1786676381.444497]: 开始进行多边形确认 · centers=1 · rejected=0 · merged=0 · elapsed_ms=27.1
[INFO] [1786676381.549072]: 开始进行多边形确认 · detections=2
[INFO] [1786676381.573841]: 开始进行多边形确认 · centers=1 · rejected=0 · merged=0 · elapsed_ms=24.8
[INFO] [1786676381.673937]: 开始进行多边形确认 · detections=2
[INFO] [1786676381.700310]: 开始进行多边形确认 · centers=1 · rejected=0 · merged=0 · elapsed_ms=26.4
[INFO] [1786676381.797567]: 开始进行多边形确认 · detections=2
[INFO] [1786676381.823672]: 开始进行多边形确认 · centers=1 · rejected=0 · merged=0 · elapsed_ms=26.1
[INFO] [1786676381.920730]: 开始进行多边形确认 · detections=1
[INFO] [1786676381.946517]: 开始进行多边形确认 · centers=1 · rejected=0 · merged=0 · elapsed_ms=25.8
[INFO] [1786676382.047068]: 开始进行多边形确认 · detections=2
[INFO] [1786676382.076087]: 开始进行多边形确认 · centers=1 · rejected=0 · merged=0 · elapsed_ms=29.1
[INFO] [1786676382.180097]: 开始进行多边形确认 · detections=2
[INFO] [1786676382.213090]: 开始进行多边形确认 · centers=1 · rejected=0 · merged=0 · elapsed_ms=33.0
[INFO] [1786676382.299383]: 开始进行多边形确认 · detections=1
[INFO] [1786676382.326165]: 开始进行多边形确认 · centers=1 · rejected=0 · merged=0 · elapsed_ms=26.8
[INFO] [1786676382.427283]: 开始进行多边形确认 · detections=2
[INFO] [1786676382.454916]: 开始进行多边形确认 · centers=1 · rejected=0 · merged=0 · elapsed_ms=27.7
[INFO] [1786676382.549283]: 开始进行多边形确认 · detections=2
[INFO] [1786676382.575498]: 开始进行多边形确认 · centers=1 · rejected=0 · merged=0 · elapsed_ms=26.3
[INFO] [1786676382.679280]: 开始进行多边形确认 · detections=2
[INFO] [1786676382.705546]: 开始进行多边形确认 · centers=1 · rejected=0 · merged=0 · elapsed_ms=26.3
[INFO] [1786676382.802300]: 开始进行多边形确认 · detections=2
[INFO] [1786676382.827259]: 开始进行多边形确认 · centers=1 · rejected=0 · merged=0 · elapsed_ms=25.0
[INFO] [1786676382.923037]: 开始进行多边形确认 · detections=3
[INFO] [1786676382.948050]: 开始进行多边形确认 · centers=1 · rejected=0 · merged=0 · elapsed_ms=25.0
[INFO] [1786676383.051137]: 开始进行多边形确认 · detections=2
[INFO] [1786676383.076993]: 开始进行多边形确认 · centers=1 · rejected=0 · merged=0 · elapsed_ms=25.9
[INFO] [1786676383.202385]: 开始进行多边形确认 · detections=1
[INFO] [1786676383.238631]: 开始进行多边形确认 · centers=1 · rejected=0 · merged=0 · elapsed_ms=36.2
[INFO] [1786676383.314773]: 开始进行多边形确认 · detections=2
[INFO] [1786676383.328880]: 开始进行多边形确认 · centers=1 · rejected=0 · merged=0 · elapsed_ms=14.2
[INFO] [1786676383.413794]: 开始进行多边形确认 · detections=2
[INFO] [1786676383.425449]: 开始进行多边形确认 · centers=1 · rejected=0 · merged=0 · elapsed_ms=11.7
[INFO] [1786676383.540719]: 开始进行多边形确认 · detections=2
[INFO] [1786676383.552528]: CITRUS_CENTER ok pixel=(172,234) depth=0.596 m radius=26.7 mm arc=320 deg error=1.14 px fragments=1
[INFO] [1786676383.553487]: 开始进行多边形确认 · centers=1 · rejected=0 · merged=0 · elapsed_ms=12.8
[INFO] [1786676383.677678]: 开始进行多边形确认 · detections=1
[INFO] [1786676383.689162]: 开始进行多边形确认 · centers=1 · rejected=0 · merged=0 · elapsed_ms=11.5
[INFO] [1786676383.795755]: 开始进行多边形确认 · detections=3
[INFO] [1786676383.808286]: 开始进行多边形确认 · centers=1 · rejected=0 · merged=0 · elapsed_ms=12.6
[INFO] [1786676383.911454]: 开始进行多边形确认 · detections=2
[INFO] [1786676383.924970]: 开始进行多边形确认 · centers=1 · rejected=0 · merged=0 · elapsed_ms=13.5
[INFO] [1786676384.042586]: 开始进行多边形确认 · detections=2
[INFO] [1786676384.056879]: 开始进行多边形确认 · centers=1 · rejected=0 · merged=0 · elapsed_ms=14.3
[INFO] [1786676384.160205]: 开始进行多边形确认 · detections=2
[INFO] [1786676384.171636]: 开始进行多边形确认 · centers=1 · rejected=0 · merged=0 · elapsed_ms=11.4
[INFO] [1786676384.336921]: 开始进行多边形确认 · detections=2
[INFO] [1786676384.349587]: 开始进行多边形确认 · centers=1 · rejected=0 · merged=0 · elapsed_ms=12.7
[INFO] [1786676384.419815]: 开始进行多边形确认 · detections=2
[INFO] [1786676384.430946]: 开始进行多边形确认 · centers=1 · rejected=0 · merged=0 · elapsed_ms=11.1
[INFO] [1786676384.554651]: 开始进行多边形确认 · detections=3
[INFO] [1786676384.592649]: 开始进行多边形确认 · centers=1 · rejected=0 · merged=1 · elapsed_ms=38.0
[INFO] [1786676384.594433]: RGB-D vision status: model_ready:onnxruntime targets:1 centers:1 tf:1 rejected:0 merged:1 semantic_masks:3
[INFO] [1786676384.663606]: 开始进行多边形确认 · detections=2
[INFO] [1786676384.685685]: 开始进行多边形确认 · centers=1 · rejected=0 · merged=0 · elapsed_ms=22.1
[INFO] [1786676384.754285]: 开始进行多边形确认 · detections=2
[INFO] [1786676384.764541]: 开始进行多边形确认 · centers=1 · rejected=0 · merged=0 · elapsed_ms=10.3
[INFO] [1786676384.855596]: 开始进行多边形确认 · detections=2
[INFO] [1786676384.865337]: 开始进行多边形确认 · centers=1 · rejected=0 · merged=0 · elapsed_ms=9.8
[INFO] [1786676384.987299]: 开始进行多边形确认 · detections=3
[INFO] [1786676385.011171]: 开始进行多边形确认 · centers=1 · rejected=0 · merged=0 · elapsed_ms=23.9
[INFO] [1786676385.120155]: 开始进行多边形确认 · detections=2
[INFO] [1786676385.133480]: 开始进行多边形确认 · centers=1 · rejected=0 · merged=0 · elapsed_ms=13.4
[INFO] [1786676385.237640]: 开始进行多边形确认 · detections=3
[INFO] [1786676385.288918]: 开始进行多边形确认 · centers=1 · rejected=0 · merged=1 · elapsed_ms=51.3
[INFO] [1786676385.397524]: 开始进行多边形确认 · detections=3
[INFO] [1786676385.468077]: 开始进行多边形确认 · centers=1 · rejected=0 · merged=1 · elapsed_ms=70.6
[INFO] [1786676385.525125]: 开始进行多边形确认 · detections=2
[INFO] [1786676385.546381]: 开始进行多边形确认 · centers=1 · rejected=0 · merged=0 · elapsed_ms=21.3
[INFO] [1786676385.646158]: 开始进行多边形确认 · detections=2
[INFO] [1786676385.668939]: CITRUS_CENTER ok pixel=(243,240) depth=0.568 m radius=25.5 mm arc=314 deg error=0.58 px fragments=1
[INFO] [1786676385.669998]: 开始进行多边形确认 · centers=1 · rejected=0 · merged=0 · elapsed_ms=23.9
[INFO] [1786676385.770324]: 开始进行多边形确认 · detections=2
[INFO] [1786676385.796333]: 开始进行多边形确认 · centers=1 · rejected=0 · merged=0 · elapsed_ms=26.1
[INFO] [1786676385.895435]: 开始进行多边形确认 · detections=2
[INFO] [1786676385.916861]: 开始进行多边形确认 · centers=1 · rejected=0 · merged=0 · elapsed_ms=21.4
[INFO] [1786676386.030809]: 开始进行多边形确认 · detections=2
[INFO] [1786676386.054313]: 开始进行多边形确认 · centers=1 · rejected=0 · merged=0 · elapsed_ms=23.6
[INFO] [1786676386.142133]: 开始进行多边形确认 · detections=4
[INFO] [1786676386.163297]: 开始进行多边形确认 · centers=1 · rejected=2 · merged=0 · elapsed_ms=21.2
[INFO] [1786676386.268988]: 开始进行多边形确认 · detections=4
[INFO] [1786676386.286626]: 开始进行多边形确认 · centers=1 · rejected=2 · merged=0 · elapsed_ms=17.7
[INFO] [1786676386.417908]: 开始进行多边形确认 · detections=4
[INFO] [1786676386.438410]: 开始进行多边形确认 · centers=1 · rejected=2 · merged=0 · elapsed_ms=20.5
[INFO] [1786676386.521688]: 开始进行多边形确认 · detections=5
[INFO] [1786676386.538590]: 开始进行多边形确认 · centers=1 · rejected=2 · merged=0 · elapsed_ms=16.9
[INFO] [1786676386.641964]: 开始进行多边形确认 · detections=4
[INFO] [1786676386.656402]: 开始进行多边形确认 · centers=1 · rejected=1 · merged=0 · elapsed_ms=14.5
[INFO] [1786676386.773498]: 开始进行多边形确认 · detections=3
[INFO] [1786676386.794250]: 开始进行多边形确认 · centers=2 · rejected=0 · merged=0 · elapsed_ms=20.8
[INFO] [1786676386.893942]: 开始进行多边形确认 · detections=4
[INFO] [1786676386.913834]: 开始进行多边形确认 · centers=2 · rejected=1 · merged=0 · elapsed_ms=19.9
[INFO] [1786676387.026822]: 开始进行多边形确认 · detections=4
[INFO] [1786676387.045749]: 开始进行多边形确认 · centers=2 · rejected=1 · merged=0 · elapsed_ms=18.9
[INFO] [1786676387.152440]: 开始进行多边形确认 · detections=3
[INFO] [1786676387.163292]: 开始进行多边形确认 · centers=1 · rejected=1 · merged=0 · elapsed_ms=10.7
[INFO] [1786676387.290199]: 开始进行多边形确认 · detections=4
[INFO] [1786676387.329770]: 开始进行多边形确认 · centers=2 · rejected=2 · merged=0 · elapsed_ms=39.6
[INFO] [1786676387.420006]: 开始进行多边形确认 · detections=5
[INFO] [1786676387.521578]: 开始进行多边形确认 · centers=2 · rejected=1 · merged=1 · elapsed_ms=101.6
[INFO] [1786676387.593114]: 开始进行多边形确认 · detections=4
[INFO] [1786676387.628211]: 开始进行多边形确认 · centers=2 · rejected=1 · merged=0 · elapsed_ms=35.2
[INFO] [1786676387.715615]: 开始进行多边形确认 · detections=4
[INFO] [1786676387.733534]: CITRUS_CENTER ok pixel=(243,240) depth=0.567 m radius=25.4 mm arc=315 deg error=0.60 px fragments=1
[INFO] [1786676387.734635]: 开始进行多边形确认 · centers=2 · rejected=1 · merged=0 · elapsed_ms=19.1
[INFO] [1786676387.844347]: 开始进行多边形确认 · detections=4
[INFO] [1786676387.881843]: 开始进行多边形确认 · centers=2 · rejected=1 · merged=0 · elapsed_ms=37.5
[INFO] [1786676387.966273]: 开始进行多边形确认 · detections=4
[INFO] [1786676388.048438]: 开始进行多边形确认 · centers=2 · rejected=0 · merged=1 · elapsed_ms=82.2
[INFO] [1786676388.125473]: 开始进行多边形确认 · detections=5
[INFO] [1786676388.204877]: 开始进行多边形确认 · centers=2 · rejected=1 · merged=1 · elapsed_ms=79.5
[INFO] [1786676388.276403]: 开始进行多边形确认 · detections=3
[INFO] [1786676388.298431]: 开始进行多边形确认 · centers=1 · rejected=1 · merged=0 · elapsed_ms=22.1
[INFO] [1786676388.404806]: 开始进行多边形确认 · detections=4
[INFO] [1786676388.468013]: 开始进行多边形确认 · centers=1 · rejected=1 · merged=1 · elapsed_ms=63.2
[INFO] [1786676388.562662]: 开始进行多边形确认 · detections=3
[INFO] [1786676388.590118]: 开始进行多边形确认 · centers=1 · rejected=1 · merged=0 · elapsed_ms=27.5
[INFO] [1786676388.655022]: 开始进行多边形确认 · detections=3
[INFO] [1786676388.666798]: 开始进行多边形确认 · centers=1 · rejected=1 · merged=0 · elapsed_ms=11.8
[INFO] [1786676388.767239]: 开始进行多边形确认 · detections=4
[INFO] [1786676388.788186]: 开始进行多边形确认 · centers=2 · rejected=1 · merged=0 · elapsed_ms=21.0
[INFO] [1786676388.895385]: 开始进行多边形确认 · detections=4
[INFO] [1786676388.913825]: 开始进行多边形确认 · centers=2 · rejected=1 · merged=0 · elapsed_ms=18.5
[INFO] [1786676389.023360]: 开始进行多边形确认 · detections=4
[INFO] [1786676389.061078]: 开始进行多边形确认 · centers=2 · rejected=1 · merged=0 · elapsed_ms=37.7
[INFO] [1786676389.150820]: 开始进行多边形确认 · detections=4
[INFO] [1786676389.166547]: 开始进行多边形确认 · centers=2 · rejected=1 · merged=0 · elapsed_ms=15.8
[INFO] [1786676389.266815]: 开始进行多边形确认 · detections=4
[INFO] [1786676389.278767]: 开始进行多边形确认 · centers=1 · rejected=2 · merged=0 · elapsed_ms=12.0
[INFO] [1786676389.393398]: 开始进行多边形确认 · detections=2
[INFO] [1786676389.404354]: 开始进行多边形确认 · centers=1 · rejected=0 · merged=0 · elapsed_ms=11.0
[INFO] [1786676389.517403]: 开始进行多边形确认 · detections=1
[INFO] [1786676389.530791]: 开始进行多边形确认 · centers=1 · rejected=0 · merged=0 · elapsed_ms=13.4
[INFO] [1786676389.658740]: 开始进行多边形确认 · detections=2
[INFO] [1786676389.670758]: 开始进行多边形确认 · centers=1 · rejected=0 · merged=0 · elapsed_ms=12.1
[INFO] [1786676389.673064]: RGB-D vision status: model_ready:onnxruntime targets:1 centers:1 tf:1 rejected:0 merged:0 semantic_masks:2
[INFO] [1786676389.782525]: 开始进行多边形确认 · detections=2
[INFO] [1786676389.805672]: CITRUS_CENTER ok pixel=(292,240) depth=0.562 m radius=24.3 mm arc=277 deg error=1.00 px fragments=1
[INFO] [1786676389.806638]: 开始进行多边形确认 · centers=1 · rejected=0 · merged=0 · elapsed_ms=24.2
[INFO] [1786676389.914626]: 开始进行多边形确认 · detections=2
[INFO] [1786676389.936855]: 开始进行多边形确认 · centers=1 · rejected=0 · merged=0 · elapsed_ms=22.3
[INFO] [1786676390.034692]: 开始进行多边形确认 · detections=2
[INFO] [1786676390.059965]: 开始进行多边形确认 · centers=1 · rejected=0 · merged=0 · elapsed_ms=25.3
[INFO] [1786676390.107742]: 开始进行多边形确认 · detections=2
[INFO] [1786676390.119004]: 开始进行多边形确认 · centers=1 · rejected=0 · merged=0 · elapsed_ms=11.3
[INFO] [1786676390.186745]: 开始进行多边形确认 · detections=2
[INFO] [1786676390.208545]: 开始进行多边形确认 · centers=1 · rejected=0 · merged=0 · elapsed_ms=21.9
[INFO] [1786676390.309428]: 开始进行多边形确认 · detections=2
[INFO] [1786676390.330682]: 开始进行多边形确认 · centers=1 · rejected=0 · merged=0 · elapsed_ms=21.3
[INFO] [1786676390.430198]: 开始进行多边形确认 · detections=2
[INFO] [1786676390.454622]: 开始进行多边形确认 · centers=1 · rejected=0 · merged=0 · elapsed_ms=24.4
[INFO] [1786676390.556998]: 开始进行多边形确认 · detections=2
[INFO] [1786676390.579112]: 开始进行多边形确认 · centers=1 · rejected=0 · merged=0 · elapsed_ms=22.1
[INFO] [1786676390.729401]: 开始进行多边形确认 · detections=2
[INFO] [1786676390.752449]: 开始进行多边形确认 · centers=1 · rejected=0 · merged=0 · elapsed_ms=23.1
[INFO] [1786676390.822550]: 开始进行多边形确认 · detections=2
[INFO] [1786676390.845589]: 开始进行多边形确认 · centers=1 · rejected=0 · merged=0 · elapsed_ms=23.1
[INFO] [1786676390.944116]: 开始进行多边形确认 · detections=2
[INFO] [1786676390.964000]: 开始进行多边形确认 · centers=1 · rejected=0 · merged=0 · elapsed_ms=19.9
[INFO] [1786676391.074706]: 开始进行多边形确认 · detections=2
[INFO] [1786676391.095253]: 开始进行多边形确认 · centers=1 · rejected=0 · merged=0 · elapsed_ms=20.6
[INFO] [1786676391.195879]: 开始进行多边形确认 · detections=2
[INFO] [1786676391.215914]: 开始进行多边形确认 · centers=1 · rejected=0 · merged=0 · elapsed_ms=20.1
[INFO] [1786676391.310613]: 开始进行多边形确认 · detections=2
[INFO] [1786676391.322886]: 开始进行多边形确认 · centers=1 · rejected=0 · merged=0 · elapsed_ms=12.3
[INFO] [1786676391.436669]: 开始进行多边形确认 · detections=2
[INFO] [1786676391.447850]: 开始进行多边形确认 · centers=1 · rejected=0 · merged=0 · elapsed_ms=11.2
[INFO] [1786676391.559919]: 开始进行多边形确认 · detections=2
[INFO] [1786676391.569494]: 开始进行多边形确认 · centers=1 · rejected=0 · merged=0 · elapsed_ms=9.6
[INFO] [1786676391.713771]: 开始进行多边形确认 · detections=2
[INFO] [1786676391.742839]: 开始进行多边形确认 · centers=1 · rejected=0 · merged=0 · elapsed_ms=29.1
[INFO] [1786676391.841652]: 开始进行多边形确认 · detections=2
[INFO] [1786676391.866076]: CITRUS_CENTER ok pixel=(316,245) depth=0.549 m radius=26.9 mm arc=288 deg error=0.82 px fragments=1
[INFO] [1786676391.867026]: 开始进行多边形确认 · centers=1 · rejected=0 · merged=0 · elapsed_ms=25.5
[INFO] [1786676391.955459]: 开始进行多边形确认 · detections=3
[INFO] [1786676391.982608]: 开始进行多边形确认 · centers=2 · rejected=0 · merged=0 · elapsed_ms=27.2
[INFO] [1786676392.090716]: 开始进行多边形确认 · detections=3
[INFO] [1786676392.120260]: 开始进行多边形确认 · centers=2 · rejected=0 · merged=0 · elapsed_ms=29.6
[INFO] [1786676392.207644]: 开始进行多边形确认 · detections=2
[INFO] [1786676392.227672]: 开始进行多边形确认 · centers=1 · rejected=0 · merged=0 · elapsed_ms=20.0
[INFO] [1786676392.332476]: 开始进行多边形确认 · detections=2
[INFO] [1786676392.352628]: 开始进行多边形确认 · centers=1 · rejected=0 · merged=0 · elapsed_ms=20.2
[INFO] [1786676392.459544]: 开始进行多边形确认 · detections=2
[INFO] [1786676392.479086]: 开始进行多边形确认 · centers=1 · rejected=0 · merged=0 · elapsed_ms=19.6
[INFO] [1786676392.563471]: 开始进行多边形确认 · detections=2
[INFO] [1786676392.573609]: 开始进行多边形确认 · centers=1 · rejected=0 · merged=0 · elapsed_ms=10.2
[INFO] [1786676392.696742]: 开始进行多边形确认 · detections=2
[INFO] [1786676392.722366]: 开始进行多边形确认 · centers=1 · rejected=0 · merged=0 · elapsed_ms=25.6
[INFO] [1786676392.849467]: 开始进行多边形确认 · detections=2
[INFO] [1786676392.872848]: 开始进行多边形确认 · centers=1 · rejected=0 · merged=0 · elapsed_ms=23.4
[INFO] [1786676392.954451]: 开始进行多边形确认 · detections=2
[INFO] [1786676392.975019]: 开始进行多边形确认 · centers=1 · rejected=0 · merged=0 · elapsed_ms=20.6
[INFO] [1786676393.073654]: 开始进行多边形确认 · detections=2
[INFO] [1786676393.093370]: 开始进行多边形确认 · centers=1 · rejected=0 · merged=0 · elapsed_ms=19.8
[INFO] [1786676393.196166]: 开始进行多边形确认 · detections=2
[INFO] [1786676393.216280]: 开始进行多边形确认 · centers=1 · rejected=0 · merged=0 · elapsed_ms=20.2
[INFO] [1786676393.328215]: 开始进行多边形确认 · detections=2
[INFO] [1786676393.337198]: 开始进行多边形确认 · centers=1 · rejected=0 · merged=0 · elapsed_ms=9.1
[INFO] [1786676393.436316]: 开始进行多边形确认 · detections=3
[INFO] [1786676393.445820]: 开始进行多边形确认 · centers=1 · rejected=0 · merged=0 · elapsed_ms=9.5
[INFO] [1786676393.565859]: 开始进行多边形确认 · detections=2
[INFO] [1786676393.575164]: 开始进行多边形确认 · centers=1 · rejected=0 · merged=0 · elapsed_ms=9.3
[INFO] [1786676393.694643]: 开始进行多边形确认 · detections=2
[INFO] [1786676393.703944]: 开始进行多边形确认 · centers=1 · rejected=0 · merged=0 · elapsed_ms=9.3
[INFO] [1786676393.873996]: 开始进行多边形确认 · detections=2
[INFO] [1786676393.886372]: CITRUS_CENTER ok pixel=(316,245) depth=0.549 m radius=27.0 mm arc=286 deg error=0.84 px fragments=1
[INFO] [1786676393.887329]: 开始进行多边形确认 · centers=1 · rejected=0 · merged=0 · elapsed_ms=13.4
[INFO] [1786676393.949778]: 开始进行多边形确认 · detections=2
[INFO] [1786676393.960679]: 开始进行多边形确认 · centers=1 · rejected=0 · merged=0 · elapsed_ms=10.9
[INFO] [1786676394.069170]: 开始进行多边形确认 · detections=2
[INFO] [1786676394.079571]: 开始进行多边形确认 · centers=1 · rejected=0 · merged=0 · elapsed_ms=10.4
[INFO] [1786676394.187911]: 开始进行多边形确认 · detections=2
[INFO] [1786676394.199589]: 开始进行多边形确认 · centers=1 · rejected=0 · merged=0 · elapsed_ms=11.7
[INFO] [1786676394.314591]: 开始进行多边形确认 · detections=2
[INFO] [1786676394.331821]: 开始进行多边形确认 · centers=1 · rejected=0 · merged=0 · elapsed_ms=17.2
[INFO] [1786676394.443031]: 开始进行多边形确认 · detections=2
[INFO] [1786676394.453252]: 开始进行多边形确认 · centers=1 · rejected=0 · merged=0 · elapsed_ms=10.3
[INFO] [1786676394.574673]: 开始进行多边形确认 · detections=2
[INFO] [1786676394.587725]: 开始进行多边形确认 · centers=1 · rejected=0 · merged=0 · elapsed_ms=13.1
[INFO] [1786676394.707502]: 开始进行多边形确认 · detections=3
[INFO] [1786676394.730338]: 开始进行多边形确认 · centers=1 · rejected=0 · merged=0 · elapsed_ms=22.8
[INFO] [1786676394.731768]: RGB-D vision status: model_ready:onnxruntime targets:1 centers:1 tf:1 rejected:0 merged:0 semantic_masks:3
[INFO] [1786676394.874310]: 开始进行多边形确认 · detections=2
[INFO] [1786676394.895353]: 开始进行多边形确认 · centers=1 · rejected=0 · merged=0 · elapsed_ms=21.1
[INFO] [1786676394.963357]: 开始进行多边形确认 · detections=2
[INFO] [1786676394.986026]: 开始进行多边形确认 · centers=1 · rejected=0 · merged=0 · elapsed_ms=22.7
[INFO] [1786676395.082369]: 开始进行多边形确认 · detections=2
[INFO] [1786676395.092848]: 开始进行多边形确认 · centers=1 · rejected=0 · merged=0 · elapsed_ms=10.5
[INFO] [1786676395.198177]: 开始进行多边形确认 · detections=2
[INFO] [1786676395.230064]: 开始进行多边形确认 · centers=1 · rejected=0 · merged=0 · elapsed_ms=31.9
[INFO] [1786676395.326235]: 开始进行多边形确认 · detections=2
[INFO] [1786676395.335876]: 开始进行多边形确认 · centers=1 · rejected=0 · merged=0 · elapsed_ms=9.7
[INFO] [1786676395.449465]: 开始进行多边形确认 · detections=2
[INFO] [1786676395.460975]: 开始进行多边形确认 · centers=1 · rejected=0 · merged=0 · elapsed_ms=11.5
[INFO] [1786676395.577225]: 开始进行多边形确认 · detections=2
[INFO] [1786676395.587889]: 开始进行多边形确认 · centers=1 · rejected=0 · merged=0 · elapsed_ms=10.7
[INFO] [1786676395.699331]: 开始进行多边形确认 · detections=2
[INFO] [1786676395.709810]: 开始进行多边形确认 · centers=1 · rejected=0 · merged=0 · elapsed_ms=10.5
[INFO] [1786676395.845602]: 开始进行多边形确认 · detections=2
[INFO] [1786676395.878765]: 开始进行多边形确认 · centers=1 · rejected=0 · merged=0 · elapsed_ms=33.2
[INFO] [1786676395.968730]: 开始进行多边形确认 · detections=2
 14/08 03:00:01,002 WARNING [140530207049472] (messenger-libusb.cpp:42) control_transfer returned error, index: 768, error: Resource temporarily unavailable, number: 11
[INFO] [1786676395.993193]: CITRUS_CENTER ok pixel=(371,249) depth=0.575 m radius=30.7 mm arc=243 deg error=1.37 px fragments=1
[INFO] [1786676395.994224]: 开始进行多边形确认 · centers=1 · rejected=0 · merged=0 · elapsed_ms=25.6
[INFO] [1786676396.111615]: 开始进行多边形确认 · detections=3
[INFO] [1786676396.137015]: 开始进行多边形确认 · centers=1 · rejected=0 · merged=0 · elapsed_ms=25.4
[INFO] [1786676396.209419]: 开始进行多边形确认 · detections=2
[INFO] [1786676396.233454]: 开始进行多边形确认 · centers=1 · rejected=0 · merged=0 · elapsed_ms=24.1
[INFO] [1786676396.336455]: 开始进行多边形确认 · detections=2
[INFO] [1786676396.360182]: 开始进行多边形确认 · centers=1 · rejected=0 · merged=0 · elapsed_ms=23.8
[INFO] [1786676396.424451]: 开始进行多边形确认 · detections=3
[INFO] [1786676396.446206]: 开始进行多边形确认 · centers=1 · rejected=0 · merged=0 · elapsed_ms=21.8
[INFO] [1786676396.510760]: 开始进行多边形确认 · detections=2
[INFO] [1786676396.535533]: 开始进行多边形确认 · centers=1 · rejected=0 · merged=0 · elapsed_ms=24.8
[INFO] [1786676396.633424]: 开始进行多边形确认 · detections=2
[INFO] [1786676396.659900]: 开始进行多边形确认 · centers=1 · rejected=0 · merged=0 · elapsed_ms=26.5
[INFO] [1786676396.761222]: 开始进行多边形确认 · detections=2
[INFO] [1786676396.786217]: 开始进行多边形确认 · centers=1 · rejected=0 · merged=0 · elapsed_ms=25.0
[INFO] [1786676396.887409]: 开始进行多边形确认 · detections=2
[INFO] [1786676396.914957]: 开始进行多边形确认 · centers=1 · rejected=0 · merged=0 · elapsed_ms=27.5
[INFO] [1786676397.004926]: 开始进行多边形确认 · detections=2
[INFO] [1786676397.017211]: 开始进行多边形确认 · centers=1 · rejected=0 · merged=0 · elapsed_ms=12.3
[INFO] [1786676397.135960]: 开始进行多边形确认 · detections=2
[INFO] [1786676397.158412]: 开始进行多边形确认 · centers=1 · rejected=0 · merged=0 · elapsed_ms=22.5
[INFO] [1786676397.258946]: 开始进行多边形确认 · detections=2
[INFO] [1786676397.282391]: 开始进行多边形确认 · centers=1 · rejected=0 · merged=0 · elapsed_ms=23.5
[INFO] [1786676397.383132]: 开始进行多边形确认 · detections=2
[INFO] [1786676397.406716]: 开始进行多边形确认 · centers=1 · rejected=0 · merged=0 · elapsed_ms=23.6
[INFO] [1786676397.512534]: 开始进行多边形确认 · detections=2
[INFO] [1786676397.536437]: 开始进行多边形确认 · centers=1 · rejected=0 · merged=0 · elapsed_ms=23.9
[INFO] [1786676397.631346]: 开始进行多边形确认 · detections=2
[INFO] [1786676397.653821]: 开始进行多边形确认 · centers=1 · rejected=0 · merged=0 · elapsed_ms=22.5
[INFO] [1786676397.751526]: 开始进行多边形确认 · detections=2
[INFO] [1786676397.772637]: 开始进行多边形确认 · centers=1 · rejected=0 · merged=0 · elapsed_ms=21.1
[INFO] [1786676397.888964]: 开始进行多边形确认 · detections=2
[INFO] [1786676397.915462]: 开始进行多边形确认 · centers=1 · rejected=0 · merged=0 · elapsed_ms=26.5
[INFO] [1786676398.029197]: 开始进行多边形确认 · detections=2
[INFO] [1786676398.053706]: CITRUS_CENTER ok pixel=(404,243) depth=0.563 m radius=30.8 mm arc=230 deg error=1.06 px fragments=1
[INFO] [1786676398.055041]: 开始进行多边形确认 · centers=1 · rejected=0 · merged=0 · elapsed_ms=25.9
[INFO] [1786676398.138649]: 开始进行多边形确认 · detections=2
[INFO] [1786676398.162349]: 开始进行多边形确认 · centers=1 · rejected=0 · merged=0 · elapsed_ms=23.7
[INFO] [1786676398.264291]: 开始进行多边形确认 · detections=2
[INFO] [1786676398.286862]: 开始进行多边形确认 · centers=1 · rejected=0 · merged=0 · elapsed_ms=22.6
[INFO] [1786676398.388325]: 开始进行多边形确认 · detections=2
[INFO] [1786676398.412377]: 开始进行多边形确认 · centers=1 · rejected=0 · merged=0 · elapsed_ms=24.1
[INFO] [1786676398.518590]: 开始进行多边形确认 · detections=2
[INFO] [1786676398.542576]: 开始进行多边形确认 · centers=1 · rejected=0 · merged=0 · elapsed_ms=24.0
[INFO] [1786676398.638952]: 开始进行多边形确认 · detections=2
[INFO] [1786676398.662754]: 开始进行多边形确认 · centers=1 · rejected=0 · merged=0 · elapsed_ms=23.8
[INFO] [1786676398.771674]: 开始进行多边形确认 · detections=2
[INFO] [1786676398.798433]: 开始进行多边形确认 · centers=1 · rejected=0 · merged=0 · elapsed_ms=26.8
[INFO] [1786676398.897534]: 开始进行多边形确认 · detections=2
[INFO] [1786676398.923271]: 开始进行多边形确认 · centers=1 · rejected=0 · merged=0 · elapsed_ms=25.8
[INFO] [1786676399.008098]: 开始进行多边形确认 · detections=2
[INFO] [1786676399.036104]: 开始进行多边形确认 · centers=1 · rejected=0 · merged=0 · elapsed_ms=28.0
[INFO] [1786676399.158137]: 开始进行多边形确认 · detections=2
[INFO] [1786676399.183019]: 开始进行多边形确认 · centers=1 · rejected=0 · merged=0 · elapsed_ms=24.9
[INFO] [1786676399.268197]: 开始进行多边形确认 · detections=2
[INFO] [1786676399.290710]: 开始进行多边形确认 · centers=1 · rejected=0 · merged=0 · elapsed_ms=22.6
[INFO] [1786676399.389742]: 开始进行多边形确认 · detections=2
[INFO] [1786676399.413280]: 开始进行多边形确认 · centers=1 · rejected=0 · merged=0 · elapsed_ms=23.6
[INFO] [1786676399.517242]: 开始进行多边形确认 · detections=2
[INFO] [1786676399.539892]: 开始进行多边形确认 · centers=1 · rejected=0 · merged=0 · elapsed_ms=22.7
[INFO] [1786676399.646343]: 开始进行多边形确认 · detections=2
[INFO] [1786676399.673082]: 开始进行多边形确认 · centers=1 · rejected=0 · merged=0 · elapsed_ms=26.8
[INFO] [1786676399.771611]: 开始进行多边形确认 · detections=2
[INFO] [1786676399.797606]: 开始进行多边形确认 · centers=1 · rejected=0 · merged=0 · elapsed_ms=26.0
[INFO] [1786676399.899126]: 开始进行多边形确认 · detections=2
[INFO] [1786676399.920608]: 开始进行多边形确认 · centers=1 · rejected=0 · merged=0 · elapsed_ms=21.5
[INFO] [1786676400.015723]: 开始进行多边形确认 · detections=2
[INFO] [1786676400.043169]: 开始进行多边形确认 · centers=1 · rejected=0 · merged=0 · elapsed_ms=27.5
[INFO] [1786676400.167749]: 开始进行多边形确认 · detections=2
[INFO] [1786676400.192655]: CITRUS_CENTER ok pixel=(404,244) depth=0.562 m radius=30.9 mm arc=231 deg error=0.95 px fragments=1
[INFO] [1786676400.195016]: 开始进行多边形确认 · centers=1 · rejected=0 · merged=0 · elapsed_ms=27.3
[INFO] [1786676400.272048]: 开始进行多边形确认 · detections=2
[INFO] [1786676400.294423]: 开始进行多边形确认 · centers=1 · rejected=0 · merged=0 · elapsed_ms=22.4
[INFO] [1786676400.383670]: 开始进行多边形确认 · detections=2
[INFO] [1786676400.399912]: 开始进行多边形确认 · centers=1 · rejected=0 · merged=0 · elapsed_ms=16.3
[INFO] [1786676400.496893]: 开始进行多边形确认 · detections=2
[INFO] [1786676400.507912]: 开始进行多边形确认 · centers=1 · rejected=0 · merged=0 · elapsed_ms=11.1
[INFO] [1786676400.620238]: 开始进行多边形确认 · detections=2
[INFO] [1786676400.631037]: 开始进行多边形确认 · centers=1 · rejected=0 · merged=0 · elapsed_ms=10.8
[INFO] [1786676400.769048]: 开始进行多边形确认 · detections=2
[INFO] [1786676400.793404]: 开始进行多边形确认 · centers=1 · rejected=0 · merged=0 · elapsed_ms=24.4
[INFO] [1786676400.898178]: 开始进行多边形确认 · detections=2
[INFO] [1786676400.918888]: 开始进行多边形确认 · centers=1 · rejected=0 · merged=0 · elapsed_ms=20.7
[INFO] [1786676401.016447]: 开始进行多边形确认 · detections=2
[INFO] [1786676401.038176]: 开始进行多边形确认 · centers=1 · rejected=0 · merged=0 · elapsed_ms=21.8
[INFO] [1786676401.147466]: 开始进行多边形确认 · detections=2
[INFO] [1786676401.169369]: 开始进行多边形确认 · centers=1 · rejected=0 · merged=0 · elapsed_ms=22.0
[INFO] [1786676401.271117]: 开始进行多边形确认 · detections=2
[INFO] [1786676401.284675]: 开始进行多边形确认 · centers=1 · rejected=0 · merged=0 · elapsed_ms=13.6
[INFO] [1786676401.378358]: 开始进行多边形确认 · detections=2
[INFO] [1786676401.393226]: 开始进行多边形确认 · centers=1 · rejected=0 · merged=0 · elapsed_ms=14.9
[INFO] [1786676401.502916]: 开始进行多边形确认 · detections=2
[INFO] [1786676401.534007]: 开始进行多边形确认 · centers=1 · rejected=0 · merged=0 · elapsed_ms=31.1
[INFO] [1786676401.623339]: 开始进行多边形确认 · detections=2
[INFO] [1786676401.634914]: 开始进行多边形确认 · centers=1 · rejected=0 · merged=0 · elapsed_ms=11.6
[INFO] [1786676401.758767]: 开始进行多边形确认 · detections=2
[INFO] [1786676401.772338]: 开始进行多边形确认 · centers=1 · rejected=0 · merged=0 · elapsed_ms=13.6
[INFO] [1786676401.839013]: 开始进行多边形确认 · detections=4
[INFO] [1786676401.867436]: 开始进行多边形确认 · centers=2 · rejected=1 · merged=0 · elapsed_ms=28.5
[INFO] [1786676401.868169]: RGB-D vision status: model_ready:onnxruntime targets:3 centers:2 tf:2 rejected:1 merged:0 semantic_masks:4
[INFO] [1786676401.906058]: 开始进行多边形确认 · detections=2
[INFO] [1786676401.916891]: 开始进行多边形确认 · centers=1 · rejected=0 · merged=0 · elapsed_ms=10.9
[INFO] [1786676402.015524]: 开始进行多边形确认 · detections=3
[INFO] [1786676402.039423]: 开始进行多边形确认 · centers=1 · rejected=0 · merged=0 · elapsed_ms=23.9
[INFO] [1786676402.141262]: 开始进行多边形确认 · detections=5
[INFO] [1786676402.186685]: 开始进行多边形确认 · centers=2 · rejected=1 · merged=0 · elapsed_ms=45.5
[INFO] [1786676402.296876]: 开始进行多边形确认 · detections=4
[INFO] [1786676402.336862]: CITRUS_CENTER ok pixel=(470,233) depth=0.592 m radius=26.5 mm arc=277 deg error=0.85 px fragments=1
[INFO] [1786676402.337975]: 开始进行多边形确认 · centers=2 · rejected=1 · merged=0 · elapsed_ms=41.2
[INFO] [1786676402.380731]: 开始进行多边形确认 · detections=4
[INFO] [1786676402.402593]: 开始进行多边形确认 · centers=1 · rejected=2 · merged=0 · elapsed_ms=21.9
[INFO] [1786676402.511828]: 开始进行多边形确认 · detections=4
[INFO] [1786676402.533718]: 开始进行多边形确认 · centers=2 · rejected=1 · merged=0 · elapsed_ms=21.9
[INFO] [1786676402.632943]: 开始进行多边形确认 · detections=5
[INFO] [1786676402.654307]: 开始进行多边形确认 · centers=2 · rejected=1 · merged=0 · elapsed_ms=21.4
[INFO] [1786676402.760318]: 开始进行多边形确认 · detections=3
[INFO] [1786676402.782103]: 开始进行多边形确认 · centers=1 · rejected=1 · merged=0 · elapsed_ms=21.8
[INFO] [1786676402.907022]: 开始进行多边形确认 · detections=5
[INFO] [1786676402.927649]: 开始进行多边形确认 · centers=2 · rejected=1 · merged=0 · elapsed_ms=20.7
[INFO] [1786676403.014009]: 开始进行多边形确认 · detections=4
[INFO] [1786676403.029205]: 开始进行多边形确认 · centers=1 · rejected=1 · merged=0 · elapsed_ms=15.2
[INFO] [1786676403.135159]: 开始进行多边形确认 · detections=4
[INFO] [1786676403.154614]: 开始进行多边形确认 · centers=2 · rejected=1 · merged=0 · elapsed_ms=19.5
[INFO] [1786676403.276056]: 开始进行多边形确认 · detections=4
[INFO] [1786676403.302291]: 开始进行多边形确认 · centers=1 · rejected=1 · merged=0 · elapsed_ms=26.3
[INFO] [1786676403.435741]: 开始进行多边形确认 · detections=5
[INFO] [1786676403.476838]: 开始进行多边形确认 · centers=2 · rejected=1 · merged=0 · elapsed_ms=41.2
[INFO] [1786676403.538269]: 开始进行多边形确认 · detections=4
[INFO] [1786676403.558931]: 开始进行多边形确认 · centers=2 · rejected=1 · merged=0 · elapsed_ms=20.7
[INFO] [1786676403.657500]: 开始进行多边形确认 · detections=4
[INFO] [1786676403.680833]: 开始进行多边形确认 · centers=3 · rejected=0 · merged=0 · elapsed_ms=23.4
[INFO] [1786676403.786143]: 开始进行多边形确认 · detections=5
[INFO] [1786676403.807295]: 开始进行多边形确认 · centers=2 · rejected=1 · merged=0 · elapsed_ms=21.2
[INFO] [1786676403.911515]: 开始进行多边形确认 · detections=4
[INFO] [1786676403.927249]: 开始进行多边形确认 · centers=2 · rejected=0 · merged=0 · elapsed_ms=15.7
[INFO] [1786676404.033625]: 开始进行多边形确认 · detections=4
[INFO] [1786676404.054830]: 开始进行多边形确认 · centers=2 · rejected=1 · merged=0 · elapsed_ms=21.3
[INFO] [1786676404.164709]: 开始进行多边形确认 · detections=4
[INFO] [1786676404.204435]: 开始进行多边形确认 · centers=1 · rejected=2 · merged=0 · elapsed_ms=39.8
[INFO] [1786676404.290422]: 开始进行多边形确认 · detections=4
[INFO] [1786676404.328123]: 开始进行多边形确认 · centers=2 · rejected=1 · merged=0 · elapsed_ms=37.7
[INFO] [1786676404.429801]: 开始进行多边形确认 · detections=5
[INFO] [1786676404.449585]: CITRUS_CENTER ok pixel=(470,233) depth=0.592 m radius=26.0 mm arc=280 deg error=0.57 px fragments=1
[INFO] [1786676404.450978]: 开始进行多边形确认 · centers=2 · rejected=1 · merged=0 · elapsed_ms=21.2
[INFO] [1786676404.536870]: 开始进行多边形确认 · detections=5
[INFO] [1786676404.556570]: 开始进行多边形确认 · centers=1 · rejected=2 · merged=0 · elapsed_ms=19.7
[INFO] [1786676404.663817]: 开始进行多边形确认 · detections=3
[INFO] [1786676404.680597]: 开始进行多边形确认 · centers=1 · rejected=1 · merged=0 · elapsed_ms=16.8
[INFO] [1786676404.775644]: 开始进行多边形确认 · detections=3
[INFO] [1786676404.792847]: 开始进行多边形确认 · centers=1 · rejected=1 · merged=0 · elapsed_ms=17.2
[INFO] [1786676404.912916]: 开始进行多边形确认 · detections=4
[INFO] [1786676404.935461]: 开始进行多边形确认 · centers=2 · rejected=1 · merged=0 · elapsed_ms=22.6
[INFO] [1786676405.034256]: 开始进行多边形确认 · detections=5
[INFO] [1786676405.057337]: 开始进行多边形确认 · centers=1 · rejected=2 · merged=0 · elapsed_ms=23.1
[INFO] [1786676405.162929]: 开始进行多边形确认 · detections=4
[INFO] [1786676405.186593]: 开始进行多边形确认 · centers=2 · rejected=1 · merged=0 · elapsed_ms=23.7
[INFO] [1786676405.283971]: 开始进行多边形确认 · detections=3
[INFO] [1786676405.298905]: 开始进行多边形确认 · centers=1 · rejected=1 · merged=0 · elapsed_ms=15.0
[INFO] [1786676405.441540]: 开始进行多边形确认 · detections=4
[INFO] [1786676405.487380]: 开始进行多边形确认 · centers=2 · rejected=1 · merged=0 · elapsed_ms=45.9
[INFO] [1786676405.562855]: 开始进行多边形确认 · detections=4
[INFO] [1786676405.607549]: 开始进行多边形确认 · centers=3 · rejected=0 · merged=0 · elapsed_ms=44.7
[INFO] [1786676405.688111]: 开始进行多边形确认 · detections=5
[INFO] [1786676405.730261]: 开始进行多边形确认 · centers=1 · rejected=2 · merged=0 · elapsed_ms=42.2
[INFO] [1786676405.809351]: 开始进行多边形确认 · detections=5
[INFO] [1786676405.850530]: 开始进行多边形确认 · centers=3 · rejected=0 · merged=0 · elapsed_ms=41.2
[INFO] [1786676405.930768]: 开始进行多边形确认 · detections=4
[INFO] [1786676405.976978]: 开始进行多边形确认 · centers=1 · rejected=2 · merged=0 · elapsed_ms=46.3
[INFO] [1786676406.059180]: 开始进行多边形确认 · detections=4
[INFO] [1786676406.102071]: 开始进行多边形确认 · centers=2 · rejected=1 · merged=0 · elapsed_ms=43.0
[INFO] [1786676406.168727]: 开始进行多边形确认 · detections=4
[INFO] [1786676406.189704]: 开始进行多边形确认 · centers=1 · rejected=2 · merged=0 · elapsed_ms=21.0
[INFO] [1786676406.292819]: 开始进行多边形确认 · detections=4
[INFO] [1786676406.313673]: 开始进行多边形确认 · centers=1 · rejected=2 · merged=0 · elapsed_ms=20.9
[INFO] [1786676406.470036]: 开始进行多边形确认 · detections=4
[INFO] [1786676406.511247]: CITRUS_CENTER ok pixel=(471,233) depth=0.592 m radius=26.4 mm arc=276 deg error=0.73 px fragments=1
[INFO] [1786676406.512574]: 开始进行多边形确认 · centers=1 · rejected=2 · merged=0 · elapsed_ms=42.6
[INFO] [1786676406.592138]: 开始进行多边形确认 · detections=4
[INFO] [1786676406.636035]: 开始进行多边形确认 · centers=2 · rejected=1 · merged=0 · elapsed_ms=43.9
[INFO] [1786676406.758738]: 开始进行多边形确认 · detections=4
[INFO] [1786676406.797596]: 开始进行多边形确认 · centers=2 · rejected=1 · merged=0 · elapsed_ms=38.9
[INFO] [1786676406.885233]: 开始进行多边形确认 · detections=4
[INFO] [1786676406.921510]: 开始进行多边形确认 · centers=1 · rejected=2 · merged=0 · elapsed_ms=36.3
[INFO] [1786676406.923475]: RGB-D vision status: model_ready:onnxruntime targets:3 centers:1 tf:1 rejected:2 merged:0 semantic_masks:4
[INFO] [1786676407.071270]: 开始进行多边形确认 · detections=5
[INFO] [1786676407.129621]: 开始进行多边形确认 · centers=2 · rejected=1 · merged=0 · elapsed_ms=58.4
[INFO] [1786676407.238293]: 开始进行多边形确认 · detections=4
[INFO] [1786676407.284319]: 开始进行多边形确认 · centers=1 · rejected=2 · merged=0 · elapsed_ms=46.1
[INFO] [1786676407.358027]: 开始进行多边形确认 · detections=4
[INFO] [1786676407.402185]: 开始进行多边形确认 · centers=2 · rejected=1 · merged=0 · elapsed_ms=44.2
[INFO] [1786676407.479809]: 开始进行多边形确认 · detections=4
[INFO] [1786676407.541232]: 开始进行多边形确认 · centers=2 · rejected=1 · merged=0 · elapsed_ms=61.4
[INFO] [1786676407.623005]: 开始进行多边形确认 · detections=3
[INFO] [1786676407.639560]: 开始进行多边形确认 · centers=1 · rejected=1 · merged=0 · elapsed_ms=16.6
[INFO] [1786676407.710603]: 开始进行多边形确认 · detections=4
[INFO] [1786676407.731699]: 开始进行多边形确认 · centers=1 · rejected=2 · merged=0 · elapsed_ms=21.1
[INFO] [1786676407.847672]: 开始进行多边形确认 · detections=4
[INFO] [1786676407.865456]: 开始进行多边形确认 · centers=1 · rejected=1 · merged=0 · elapsed_ms=17.8
[INFO] [1786676407.970961]: 开始进行多边形确认 · detections=5
[INFO] [1786676407.993618]: 开始进行多边形确认 · centers=2 · rejected=1 · merged=0 · elapsed_ms=22.7
[INFO] [1786676408.098211]: 开始进行多边形确认 · detections=5
[INFO] [1786676408.120815]: 开始进行多边形确认 · centers=2 · rejected=1 · merged=0 · elapsed_ms=22.6
[INFO] [1786676408.223329]: 开始进行多边形确认 · detections=5
[INFO] [1786676408.245892]: 开始进行多边形确认 · centers=1 · rejected=2 · merged=0 · elapsed_ms=22.6
[INFO] [1786676408.347484]: 开始进行多边形确认 · detections=4
[INFO] [1786676408.370013]: 开始进行多边形确认 · centers=3 · rejected=0 · merged=0 · elapsed_ms=22.5
[INFO] [1786676408.475435]: 开始进行多边形确认 · detections=4
[INFO] [1786676408.514656]: CITRUS_CENTER ok pixel=(471,233) depth=0.591 m radius=26.4 mm arc=276 deg error=0.74 px fragments=1
[INFO] [1786676408.515993]: 开始进行多边形确认 · centers=2 · rejected=1 · merged=0 · elapsed_ms=40.6
[INFO] [1786676408.617142]: 开始进行多边形确认 · detections=5
[INFO] [1786676408.660280]: 开始进行多边形确认 · centers=2 · rejected=1 · merged=0 · elapsed_ms=43.2
[INFO] [1786676408.728072]: 开始进行多边形确认 · detections=4
[INFO] [1786676408.770315]: 开始进行多边形确认 · centers=2 · rejected=1 · merged=0 · elapsed_ms=42.3
[INFO] [1786676408.853884]: 开始进行多边形确认 · detections=5
[INFO] [1786676408.881716]: 开始进行多边形确认 · centers=2 · rejected=1 · merged=0 · elapsed_ms=27.9
[INFO] [1786676408.963961]: 开始进行多边形确认 · detections=4
[INFO] [1786676408.985521]: 开始进行多边形确认 · centers=2 · rejected=1 · merged=0 · elapsed_ms=21.6
[INFO] [1786676409.092948]: 开始进行多边形确认 · detections=5
[INFO] [1786676409.113755]: 开始进行多边形确认 · centers=1 · rejected=2 · merged=0 · elapsed_ms=20.8
[INFO] [1786676409.214433]: 开始进行多边形确认 · detections=4
[INFO] [1786676409.230275]: 开始进行多边形确认 · centers=1 · rejected=1 · merged=0 · elapsed_ms=15.9
[INFO] [1786676409.355771]: 开始进行多边形确认 · detections=4
[INFO] [1786676409.398155]: 开始进行多边形确认 · centers=2 · rejected=1 · merged=0 · elapsed_ms=42.4
[INFO] [1786676409.490289]: 开始进行多边形确认 · detections=5
[INFO] [1786676409.529804]: 开始进行多边形确认 · centers=1 · rejected=2 · merged=0 · elapsed_ms=39.5
[INFO] [1786676409.628013]: 开始进行多边形确认 · detections=4
[INFO] [1786676409.658299]: 开始进行多边形确认 · centers=1 · rejected=1 · merged=0 · elapsed_ms=30.3
[INFO] [1786676409.719952]: 开始进行多边形确认 · detections=5
[INFO] [1786676409.742489]: 开始进行多边形确认 · centers=1 · rejected=2 · merged=0 · elapsed_ms=22.6
[INFO] [1786676409.842440]: 开始进行多边形确认 · detections=4
[INFO] [1786676409.864391]: 开始进行多边形确认 · centers=2 · rejected=1 · merged=0 · elapsed_ms=22.0
[INFO] [1786676409.972615]: 开始进行多边形确认 · detections=4
[INFO] [1786676409.994576]: 开始进行多边形确认 · centers=1 · rejected=2 · merged=0 · elapsed_ms=22.0
[INFO] [1786676410.110517]: 开始进行多边形确认 · detections=4
[INFO] [1786676410.155105]: 开始进行多边形确认 · centers=1 · rejected=2 · merged=0 · elapsed_ms=44.7
[INFO] [1786676410.232228]: 开始进行多边形确认 · detections=3
[INFO] [1786676410.266761]: 开始进行多边形确认 · centers=1 · rejected=1 · merged=0 · elapsed_ms=34.6
[INFO] [1786676410.361680]: 开始进行多边形确认 · detections=4
[INFO] [1786676410.395025]: 开始进行多边形确认 · centers=1 · rejected=1 · merged=0 · elapsed_ms=33.4
[INFO] [1786676410.490241]: 开始进行多边形确认 · detections=4
[INFO] [1786676410.523151]: CITRUS_CENTER ok pixel=(470,233) depth=0.590 m radius=25.7 mm arc=281 deg error=0.56 px fragments=1
[INFO] [1786676410.524316]: 开始进行多边形确认 · centers=2 · rejected=0 · merged=0 · elapsed_ms=34.1
[INFO] [1786676410.611163]: 开始进行多边形确认 · detections=3
[INFO] [1786676410.649379]: 开始进行多边形确认 · centers=2 · rejected=0 · merged=0 · elapsed_ms=38.2
[INFO] [1786676410.755553]: 开始进行多边形确认 · detections=3
[INFO] [1786676410.788258]: 开始进行多边形确认 · centers=2 · rejected=0 · merged=0 · elapsed_ms=32.7
[INFO] [1786676410.868678]: 开始进行多边形确认 · detections=3
[INFO] [1786676410.905248]: 开始进行多边形确认 · centers=1 · rejected=1 · merged=0 · elapsed_ms=36.6
[INFO] [1786676410.993727]: 开始进行多边形确认 · detections=4
[INFO] [1786676411.030539]: 开始进行多边形确认 · centers=2 · rejected=0 · merged=0 · elapsed_ms=36.9
[INFO] [1786676411.116125]: 开始进行多边形确认 · detections=3
[INFO] [1786676411.153714]: 开始进行多边形确认 · centers=2 · rejected=0 · merged=0 · elapsed_ms=37.6
[INFO] [1786676411.243115]: 开始进行多边形确认 · detections=3
[INFO] [1786676411.279577]: 开始进行多边形确认 · centers=1 · rejected=1 · merged=0 · elapsed_ms=36.5
[INFO] [1786676411.363937]: 开始进行多边形确认 · detections=4
[INFO] [1786676411.396731]: 开始进行多边形确认 · centers=1 · rejected=1 · merged=0 · elapsed_ms=32.8
[INFO] [1786676411.495554]: 开始进行多边形确认 · detections=5
[INFO] [1786676411.539000]: 开始进行多边形确认 · centers=2 · rejected=1 · merged=0 · elapsed_ms=43.5
[INFO] [1786676411.615740]: 开始进行多边形确认 · detections=4
[INFO] [1786676411.656779]: 开始进行多边形确认 · centers=1 · rejected=2 · merged=0 · elapsed_ms=41.1
[INFO] [1786676411.780213]: 开始进行多边形确认 · detections=6
[INFO] [1786676411.827839]: 开始进行多边形确认 · centers=2 · rejected=1 · merged=0 · elapsed_ms=47.7
[INFO] [1786676411.909134]: 开始进行多边形确认 · detections=4
[INFO] [1786676411.952676]: 开始进行多边形确认 · centers=2 · rejected=1 · merged=0 · elapsed_ms=43.6
[INFO] [1786676411.954777]: RGB-D vision status: model_ready:onnxruntime targets:3 centers:2 tf:2 rejected:1 merged:0 semantic_masks:4
[INFO] [1786676412.040852]: 开始进行多边形确认 · detections=4
[INFO] [1786676412.083944]: 开始进行多边形确认 · centers=2 · rejected=1 · merged=0 · elapsed_ms=43.1
[INFO] [1786676412.170219]: 开始进行多边形确认 · detections=4
[INFO] [1786676412.208192]: 开始进行多边形确认 · centers=1 · rejected=2 · merged=0 · elapsed_ms=38.1
[INFO] [1786676412.272234]: 开始进行多边形确认 · detections=5
[INFO] [1786676412.311963]: 开始进行多边形确认 · centers=2 · rejected=1 · merged=0 · elapsed_ms=39.8
[INFO] [1786676412.419905]: 开始进行多边形确认 · detections=4
[INFO] [1786676412.453739]: 开始进行多边形确认 · centers=1 · rejected=1 · merged=0 · elapsed_ms=33.9
[INFO] [1786676412.546208]: 开始进行多边形确认 · detections=5
[INFO] [1786676412.587472]: CITRUS_CENTER ok pixel=(470,233) depth=0.592 m radius=26.2 mm arc=280 deg error=0.65 px fragments=1
[INFO] [1786676412.588712]: 开始进行多边形确认 · centers=2 · rejected=1 · merged=0 · elapsed_ms=42.6
[INFO] [1786676412.672226]: 开始进行多边形确认 · detections=5
[INFO] [1786676412.713940]: 开始进行多边形确认 · centers=1 · rejected=2 · merged=0 · elapsed_ms=41.8
[INFO] [1786676412.798608]: 开始进行多边形确认 · detections=5
[INFO] [1786676412.852644]: 开始进行多边形确认 · centers=2 · rejected=1 · merged=0 · elapsed_ms=54.1
[INFO] [1786676412.927175]: 开始进行多边形确认 · detections=5
[INFO] [1786676412.972327]: 开始进行多边形确认 · centers=3 · rejected=0 · merged=0 · elapsed_ms=45.2
[INFO] [1786676413.050122]: 开始进行多边形确认 · detections=5
[INFO] [1786676413.082553]: 开始进行多边形确认 · centers=3 · rejected=0 · merged=0 · elapsed_ms=32.5
[INFO] [1786676413.171360]: 开始进行多边形确认 · detections=4
[INFO] [1786676413.206404]: 开始进行多边形确认 · centers=1 · rejected=1 · merged=0 · elapsed_ms=35.1
[INFO] [1786676413.297004]: 开始进行多边形确认 · detections=4
[INFO] [1786676413.329570]: 开始进行多边形确认 · centers=1 · rejected=1 · merged=0 · elapsed_ms=32.6
[INFO] [1786676413.418497]: 开始进行多边形确认 · detections=4
[INFO] [1786676413.453666]: 开始进行多边形确认 · centers=1 · rejected=2 · merged=0 · elapsed_ms=35.2
[INFO] [1786676413.534107]: 开始进行多边形确认 · detections=3
[INFO] [1786676413.575333]: 开始进行多边形确认 · centers=1 · rejected=1 · merged=0 · elapsed_ms=41.3
[INFO] [1786676413.682107]: 开始进行多边形确认 · detections=4
[INFO] [1786676413.702555]: 开始进行多边形确认 · centers=1 · rejected=1 · merged=0 · elapsed_ms=20.5
[INFO] [1786676413.826407]: 开始进行多边形确认 · detections=5
[INFO] [1786676413.874383]: 开始进行多边形确认 · centers=1 · rejected=2 · merged=0 · elapsed_ms=48.0
[INFO] [1786676413.942987]: 开始进行多边形确认 · detections=3
[INFO] [1786676413.976964]: 开始进行多边形确认 · centers=1 · rejected=1 · merged=0 · elapsed_ms=34.0
[INFO] [1786676414.066102]: 开始进行多边形确认 · detections=5
[INFO] [1786676414.110718]: 开始进行多边形确认 · centers=2 · rejected=1 · merged=0 · elapsed_ms=44.6
[INFO] [1786676414.190249]: 开始进行多边形确认 · detections=4
[INFO] [1786676414.224851]: 开始进行多边形确认 · centers=1 · rejected=1 · merged=0 · elapsed_ms=34.7
[INFO] [1786676414.313328]: 开始进行多边形确认 · detections=4
[INFO] [1786676414.338066]: 开始进行多边形确认 · centers=1 · rejected=2 · merged=0 · elapsed_ms=24.8
[INFO] [1786676414.432606]: 开始进行多边形确认 · detections=5
[INFO] [1786676414.454995]: 开始进行多边形确认 · centers=2 · rejected=1 · merged=0 · elapsed_ms=22.4
[INFO] [1786676414.560762]: 开始进行多边形确认 · detections=5
[INFO] [1786676414.583687]: 开始进行多边形确认 · centers=2 · rejected=1 · merged=0 · elapsed_ms=23.0
[INFO] [1786676414.690784]: 开始进行多边形确认 · detections=5
[INFO] [1786676414.728516]: CITRUS_CENTER ok pixel=(471,233) depth=0.590 m radius=26.3 mm arc=276 deg error=0.74 px fragments=1
[INFO] [1786676414.729804]: 开始进行多边形确认 · centers=1 · rejected=2 · merged=0 · elapsed_ms=39.1
[INFO] [1786676414.809549]: 开始进行多边形确认 · detections=5
[INFO] [1786676414.853313]: 开始进行多边形确认 · centers=1 · rejected=2 · merged=0 · elapsed_ms=43.8
[INFO] [1786676414.959049]: 开始进行多边形确认 · detections=5
[INFO] [1786676415.009916]: 开始进行多边形确认 · centers=2 · rejected=1 · merged=0 · elapsed_ms=50.9
[INFO] [1786676415.076349]: 开始进行多边形确认 · detections=4
[INFO] [1786676415.118542]: 开始进行多边形确认 · centers=1 · rejected=2 · merged=0 · elapsed_ms=42.2
[INFO] [1786676415.203050]: 开始进行多边形确认 · detections=4
[INFO] [1786676415.238257]: 开始进行多边形确认 · centers=1 · rejected=1 · merged=0 · elapsed_ms=35.3
[INFO] [1786676415.319567]: 开始进行多边形确认 · detections=4
[INFO] [1786676415.352559]: 开始进行多边形确认 · centers=2 · rejected=1 · merged=0 · elapsed_ms=33.0
[INFO] [1786676415.430466]: 开始进行多边形确认 · detections=3
[INFO] [1786676415.452765]: 开始进行多边形确认 · centers=1 · rejected=1 · merged=0 · elapsed_ms=22.3
[INFO] [1786676415.555878]: 开始进行多边形确认 · detections=4
[INFO] [1786676415.572734]: 开始进行多边形确认 · centers=1 · rejected=1 · merged=0 · elapsed_ms=16.9
[INFO] [1786676415.679836]: 开始进行多边形确认 · detections=4
[INFO] [1786676415.696823]: 开始进行多边形确认 · centers=2 · rejected=0 · merged=0 · elapsed_ms=17.0
[INFO] [1786676415.800300]: 开始进行多边形确认 · detections=3
[INFO] [1786676415.819272]: 开始进行多边形确认 · centers=2 · rejected=0 · merged=0 · elapsed_ms=19.0
[INFO] [1786676415.956509]: 开始进行多边形确认 · detections=3
[INFO] [1786676415.987748]: 开始进行多边形确认 · centers=1 · rejected=1 · merged=0 · elapsed_ms=31.3
[INFO] [1786676416.053103]: 开始进行多边形确认 · detections=3
[INFO] [1786676416.071878]: 开始进行多边形确认 · centers=2 · rejected=0 · merged=0 · elapsed_ms=18.8
[INFO] [1786676416.189286]: 开始进行多边形确认 · detections=3
[INFO] [1786676416.210643]: 开始进行多边形确认 · centers=2 · rejected=0 · merged=0 · elapsed_ms=21.4
[INFO] [1786676416.303093]: 开始进行多边形确认 · detections=3
[INFO] [1786676416.326963]: 开始进行多边形确认 · centers=2 · rejected=0 · merged=0 · elapsed_ms=23.9
[INFO] [1786676416.427496]: 开始进行多边形确认 · detections=4
[INFO] [1786676416.444958]: 开始进行多边形确认 · centers=1 · rejected=1 · merged=0 · elapsed_ms=17.5
[INFO] [1786676416.563704]: 开始进行多边形确认 · detections=3
[INFO] [1786676416.575450]: 开始进行多边形确认 · centers=1 · rejected=0 · merged=0 · elapsed_ms=11.8
[INFO] [1786676416.680511]: 开始进行多边形确认 · detections=3
[INFO] [1786676416.692164]: 开始进行多边形确认 · centers=1 · rejected=0 · merged=0 · elapsed_ms=11.7
[INFO] [1786676416.805250]: 开始进行多边形确认 · detections=4
[INFO] [1786676416.822015]: CITRUS_CENTER ok pixel=(470,233) depth=0.594 m radius=26.3 mm arc=280 deg error=0.66 px fragments=1
[INFO] [1786676416.822992]: 开始进行多边形确认 · centers=1 · rejected=1 · merged=0 · elapsed_ms=17.8
[INFO] [1786676416.943139]: 开始进行多边形确认 · detections=4
[INFO] [1786676416.973043]: 开始进行多边形确认 · centers=2 · rejected=0 · merged=0 · elapsed_ms=29.9
[INFO] [1786676416.975150]: RGB-D vision status: model_ready:onnxruntime targets:2 centers:2 tf:2 rejected:0 merged:0 semantic_masks:4
[INFO] [1786676417.075284]: 开始进行多边形确认 · detections=4
[INFO] [1786676417.107081]: 开始进行多边形确认 · centers=1 · rejected=1 · merged=0 · elapsed_ms=31.8
[INFO] [1786676417.199151]: 开始进行多边形确认 · detections=4
[INFO] [1786676417.232395]: 开始进行多边形确认 · centers=1 · rejected=1 · merged=0 · elapsed_ms=33.3
[INFO] [1786676417.322407]: 开始进行多边形确认 · detections=4
[INFO] [1786676417.337886]: 开始进行多边形确认 · centers=2 · rejected=0 · merged=0 · elapsed_ms=15.5
[INFO] [1786676417.438829]: 开始进行多边形确认 · detections=4
[INFO] [1786676417.456114]: 开始进行多边形确认 · centers=2 · rejected=0 · merged=0 · elapsed_ms=17.3
[INFO] [1786676417.564456]: 开始进行多边形确认 · detections=4
[INFO] [1786676417.579959]: 开始进行多边形确认 · centers=2 · rejected=0 · merged=0 · elapsed_ms=15.6
[INFO] [1786676417.691245]: 开始进行多边形确认 · detections=4
[INFO] [1786676417.706082]: 开始进行多边形确认 · centers=1 · rejected=1 · merged=0 · elapsed_ms=14.9
[INFO] [1786676417.809182]: 开始进行多边形确认 · detections=3
[INFO] [1786676417.820319]: 开始进行多边形确认 · centers=1 · rejected=0 · merged=0 · elapsed_ms=11.2
[INFO] [1786676417.949980]: 开始进行多边形确认 · detections=4
[INFO] [1786676417.974374]: 开始进行多边形确认 · centers=2 · rejected=0 · merged=0 · elapsed_ms=24.4
[INFO] [1786676418.095872]: 开始进行多边形确认 · detections=4
[INFO] [1786676418.127715]: 开始进行多边形确认 · centers=1 · rejected=1 · merged=0 · elapsed_ms=31.9
[INFO] [1786676418.201406]: 开始进行多边形确认 · detections=4
[INFO] [1786676418.221447]: 开始进行多边形确认 · centers=2 · rejected=0 · merged=0 · elapsed_ms=20.1
[INFO] [1786676418.326537]: 开始进行多边形确认 · detections=3
[INFO] [1786676418.353261]: 开始进行多边形确认 · centers=1 · rejected=0 · merged=0 · elapsed_ms=26.7
[INFO] [1786676418.454189]: 开始进行多边形确认 · detections=4
[INFO] [1786676418.488913]: 开始进行多边形确认 · centers=1 · rejected=1 · merged=0 · elapsed_ms=34.8
[INFO] [1786676418.583352]: 开始进行多边形确认 · detections=4
[INFO] [1786676418.619102]: 开始进行多边形确认 · centers=1 · rejected=1 · merged=0 · elapsed_ms=35.8
[INFO] [1786676418.701059]: 开始进行多边形确认 · detections=2
[INFO] [1786676418.711950]: 开始进行多边形确认 · centers=1 · rejected=0 · merged=0 · elapsed_ms=10.9
[INFO] [1786676418.821891]: 开始进行多边形确认 · detections=4
[INFO] [1786676418.838936]: CITRUS_CENTER ok pixel=(476,236) depth=0.592 m radius=31.0 mm arc=204 deg error=0.82 px fragments=1
[INFO] [1786676418.840191]: 开始进行多边形确认 · centers=2 · rejected=0 · merged=0 · elapsed_ms=18.4
[INFO] [1786676418.945589]: 开始进行多边形确认 · detections=3
[INFO] [1786676418.959010]: 开始进行多边形确认 · centers=1 · rejected=0 · merged=0 · elapsed_ms=13.5
[INFO] [1786676419.084288]: 开始进行多边形确认 · detections=4
[INFO] [1786676419.112273]: 开始进行多边形确认 · centers=2 · rejected=0 · merged=0 · elapsed_ms=28.0
[INFO] [1786676419.226648]: 开始进行多边形确认 · detections=3
[INFO] [1786676419.249932]: 开始进行多边形确认 · centers=1 · rejected=0 · merged=0 · elapsed_ms=23.3
[INFO] [1786676419.330782]: 开始进行多边形确认 · detections=4
[INFO] [1786676419.365741]: 开始进行多边形确认 · centers=2 · rejected=0 · merged=0 · elapsed_ms=35.0
[INFO] [1786676419.458862]: 开始进行多边形确认 · detections=3
[INFO] [1786676419.487181]: 开始进行多边形确认 · centers=1 · rejected=0 · merged=0 · elapsed_ms=28.4
[INFO] [1786676419.585295]: 开始进行多边形确认 · detections=4
[INFO] [1786676419.619680]: 开始进行多边形确认 · centers=1 · rejected=1 · merged=0 · elapsed_ms=34.4
[INFO] [1786676419.708030]: 开始进行多边形确认 · detections=3
[INFO] [1786676419.741004]: 开始进行多边形确认 · centers=1 · rejected=1 · merged=0 · elapsed_ms=33.0
[INFO] [1786676419.834320]: 开始进行多边形确认 · detections=4
[INFO] [1786676419.866714]: 开始进行多边形确认 · centers=2 · rejected=0 · merged=0 · elapsed_ms=32.4
[INFO] [1786676419.958880]: 开始进行多边形确认 · detections=4
[INFO] [1786676419.990329]: 开始进行多边形确认 · centers=2 · rejected=0 · merged=0 · elapsed_ms=31.5
[INFO] [1786676420.084706]: 开始进行多边形确认 · detections=4
[INFO] [1786676420.116181]: 开始进行多边形确认 · centers=1 · rejected=1 · merged=0 · elapsed_ms=31.5
[INFO] [1786676420.212448]: 开始进行多边形确认 · detections=3
[INFO] [1786676420.264618]: 开始进行多边形确认 · centers=1 · rejected=1 · merged=0 · elapsed_ms=52.2
[INFO] [1786676420.317489]: 开始进行多边形确认 · detections=3
[INFO] [1786676420.354330]: 开始进行多边形确认 · centers=1 · rejected=1 · merged=0 · elapsed_ms=37.1
[INFO] [1786676420.459410]: 开始进行多边形确认 · detections=3
[INFO] [1786676420.494399]: 开始进行多边形确认 · centers=2 · rejected=0 · merged=0 · elapsed_ms=35.0
[INFO] [1786676420.581072]: 开始进行多边形确认 · detections=3
[INFO] [1786676420.619698]: 开始进行多边形确认 · centers=1 · rejected=1 · merged=0 · elapsed_ms=38.7
[INFO] [1786676420.703434]: 开始进行多边形确认 · detections=3
[INFO] [1786676420.734641]: 开始进行多边形确认 · centers=1 · rejected=1 · merged=0 · elapsed_ms=31.3
[INFO] [1786676420.835378]: 开始进行多边形确认 · detections=3
[INFO] [1786676420.871230]: CITRUS_CENTER ok pixel=(469,233) depth=0.593 m radius=25.8 mm arc=284 deg error=0.47 px fragments=1
[INFO] [1786676420.872725]: 开始进行多边形确认 · centers=1 · rejected=1 · merged=0 · elapsed_ms=37.4
[INFO] [1786676420.954851]: 开始进行多边形确认 · detections=4
[INFO] [1786676420.986544]: 开始进行多边形确认 · centers=2 · rejected=0 · merged=0 · elapsed_ms=31.8
[INFO] [1786676421.080745]: 开始进行多边形确认 · detections=4
[INFO] [1786676421.101624]: 开始进行多边形确认 · centers=2 · rejected=1 · merged=0 · elapsed_ms=20.9
[INFO] [1786676421.209338]: 开始进行多边形确认 · detections=4
[INFO] [1786676421.263660]: 开始进行多边形确认 · centers=1 · rejected=2 · merged=0 · elapsed_ms=54.4
[INFO] [1786676421.313920]: 开始进行多边形确认 · detections=3
[INFO] [1786676421.330615]: 开始进行多边形确认 · centers=2 · rejected=0 · merged=0 · elapsed_ms=16.7
[INFO] [1786676421.442581]: 开始进行多边形确认 · detections=4
[INFO] [1786676421.464233]: 开始进行多边形确认 · centers=3 · rejected=0 · merged=0 · elapsed_ms=21.7
[INFO] [1786676421.567985]: 开始进行多边形确认 · detections=4
[INFO] [1786676421.587620]: 开始进行多边形确认 · centers=1 · rejected=2 · merged=0 · elapsed_ms=19.7
[INFO] [1786676421.692964]: 开始进行多边形确认 · detections=5
[INFO] [1786676421.712560]: 开始进行多边形确认 · centers=2 · rejected=1 · merged=0 · elapsed_ms=19.6
[INFO] [1786676421.823171]: 开始进行多边形确认 · detections=4
[INFO] [1786676421.844098]: 开始进行多边形确认 · centers=2 · rejected=1 · merged=0 · elapsed_ms=21.0
[INFO] [1786676421.952846]: 开始进行多边形确认 · detections=4
[INFO] [1786676421.974408]: 开始进行多边形确认 · centers=2 · rejected=1 · merged=0 · elapsed_ms=21.6
[INFO] [1786676422.083081]: 开始进行多边形确认 · detections=4
[INFO] [1786676422.102700]: 开始进行多边形确认 · centers=2 · rejected=1 · merged=0 · elapsed_ms=19.7
[INFO] [1786676422.260492]: 开始进行多边形确认 · detections=4
[INFO] [1786676422.304482]: 开始进行多边形确认 · centers=3 · rejected=0 · merged=0 · elapsed_ms=44.0
[INFO] [1786676422.305958]: RGB-D vision status: model_ready:onnxruntime targets:3 centers:3 tf:3 rejected:0 merged:0 semantic_masks:4
[INFO] [1786676422.366807]: 开始进行多边形确认 · detections=5
[INFO] [1786676422.406359]: 开始进行多边形确认 · centers=2 · rejected=1 · merged=0 · elapsed_ms=39.7
[INFO] [1786676422.493993]: 开始进行多边形确认 · detections=5
[INFO] [1786676422.513568]: 开始进行多边形确认 · centers=2 · rejected=1 · merged=0 · elapsed_ms=19.6
[INFO] [1786676422.609361]: 开始进行多边形确认 · detections=5
[INFO] [1786676422.660264]: 开始进行多边形确认 · centers=2 · rejected=1 · merged=0 · elapsed_ms=51.0
[INFO] [1786676422.732600]: 开始进行多边形确认 · detections=5
[INFO] [1786676422.778593]: 开始进行多边形确认 · centers=1 · rejected=2 · merged=0 · elapsed_ms=46.0
[INFO] [1786676422.849380]: 开始进行多边形确认 · detections=5
[INFO] [1786676422.876142]: CITRUS_CENTER ok pixel=(470,233) depth=0.593 m radius=25.9 mm arc=281 deg error=0.55 px fragments=1
[INFO] [1786676422.877343]: 开始进行多边形确认 · centers=2 · rejected=1 · merged=0 · elapsed_ms=28.0
[INFO] [1786676422.981829]: 开始进行多边形确认 · detections=6
[INFO] [1786676423.003805]: 开始进行多边形确认 · centers=2 · rejected=1 · merged=0 · elapsed_ms=22.0
[INFO] [1786676423.107459]: 开始进行多边形确认 · detections=4
[INFO] [1786676423.157965]: 开始进行多边形确认 · centers=1 · rejected=2 · merged=0 · elapsed_ms=50.5
[INFO] [1786676423.235825]: 开始进行多边形确认 · detections=5
[INFO] [1786676423.298790]: 开始进行多边形确认 · centers=2 · rejected=1 · merged=0 · elapsed_ms=63.0
[INFO] [1786676423.376083]: 开始进行多边形确认 · detections=5
[INFO] [1786676423.396787]: 开始进行多边形确认 · centers=2 · rejected=1 · merged=0 · elapsed_ms=20.8
[INFO] [1786676423.481070]: 开始进行多边形确认 · detections=3
[INFO] [1786676423.497017]: 开始进行多边形确认 · centers=1 · rejected=1 · merged=0 · elapsed_ms=16.0
[INFO] [1786676423.601966]: 开始进行多边形确认 · detections=6
[INFO] [1786676423.624715]: 开始进行多边形确认 · centers=2 · rejected=1 · merged=0 · elapsed_ms=22.8
[INFO] [1786676423.747204]: 开始进行多边形确认 · detections=4
[INFO] [1786676423.785582]: 开始进行多边形确认 · centers=2 · rejected=1 · merged=0 · elapsed_ms=38.4
[INFO] [1786676423.874249]: 开始进行多边形确认 · detections=5
[INFO] [1786676423.896544]: 开始进行多边形确认 · centers=3 · rejected=0 · merged=0 · elapsed_ms=22.4
[INFO] [1786676423.986391]: 开始进行多边形确认 · detections=4
[INFO] [1786676424.006550]: 开始进行多边形确认 · centers=3 · rejected=0 · merged=0 · elapsed_ms=20.2
[INFO] [1786676424.099944]: 开始进行多边形确认 · detections=4
[INFO] [1786676424.120580]: 开始进行多边形确认 · centers=2 · rejected=1 · merged=0 · elapsed_ms=20.7
[INFO] [1786676424.224674]: 开始进行多边形确认 · detections=4
[INFO] [1786676424.247218]: 开始进行多边形确认 · centers=2 · rejected=1 · merged=0 · elapsed_ms=22.6
[INFO] [1786676424.364571]: 开始进行多边形确认 · detections=4
[INFO] [1786676424.404634]: 开始进行多边形确认 · centers=2 · rejected=1 · merged=0 · elapsed_ms=40.1
[INFO] [1786676424.474955]: 开始进行多边形确认 · detections=5
[INFO] [1786676424.498488]: 开始进行多边形确认 · centers=2 · rejected=1 · merged=0 · elapsed_ms=23.6
[INFO] [1786676424.595083]: 开始进行多边形确认 · detections=4
[INFO] [1786676424.617300]: 开始进行多边形确认 · centers=1 · rejected=2 · merged=0 · elapsed_ms=22.2
[INFO] [1786676424.729329]: 开始进行多边形确认 · detections=5
[INFO] [1786676424.756448]: 开始进行多边形确认 · centers=1 · rejected=3 · merged=0 · elapsed_ms=27.2
[INFO] [1786676424.851943]: 开始进行多边形确认 · detections=3
[INFO] [1786676424.871599]: 开始进行多边形确认 · centers=1 · rejected=1 · merged=0 · elapsed_ms=19.7
[INFO] [1786676424.987566]: 开始进行多边形确认 · detections=4
[INFO] [1786676425.019233]: CITRUS_CENTER ok pixel=(470,233) depth=0.595 m radius=26.1 mm arc=280 deg error=0.54 px fragments=1
[INFO] [1786676425.020419]: 开始进行多边形确认 · centers=1 · rejected=1 · merged=0 · elapsed_ms=32.9
[INFO] [1786676425.110579]: 开始进行多边形确认 · detections=3
[INFO] [1786676425.142156]: 开始进行多边形确认 · centers=2 · rejected=0 · merged=0 · elapsed_ms=31.6
[INFO] [1786676425.246183]: 开始进行多边形确认 · detections=5
[INFO] [1786676425.287507]: 开始进行多边形确认 · centers=1 · rejected=2 · merged=0 · elapsed_ms=41.4
[INFO] [1786676425.397067]: 开始进行多边形确认 · detections=4
[INFO] [1786676425.448011]: 开始进行多边形确认 · centers=3 · rejected=0 · merged=0 · elapsed_ms=51.0
[INFO] [1786676425.503661]: 开始进行多边形确认 · detections=4
[INFO] [1786676425.543926]: 开始进行多边形确认 · centers=3 · rejected=0 · merged=0 · elapsed_ms=40.3
[INFO] [1786676425.623515]: 开始进行多边形确认 · detections=3
[INFO] [1786676425.659300]: 开始进行多边形确认 · centers=1 · rejected=1 · merged=0 · elapsed_ms=35.8
[INFO] [1786676425.752376]: 开始进行多边形确认 · detections=5
[INFO] [1786676425.791273]: 开始进行多边形确认 · centers=1 · rejected=2 · merged=0 · elapsed_ms=39.0
[INFO] [1786676425.883068]: 开始进行多边形确认 · detections=5
[INFO] [1786676425.921952]: 开始进行多边形确认 · centers=1 · rejected=2 · merged=0 · elapsed_ms=39.0
[INFO] [1786676426.000227]: 开始进行多边形确认 · detections=3
[INFO] [1786676426.032174]: 开始进行多边形确认 · centers=1 · rejected=1 · merged=0 · elapsed_ms=32.0
[INFO] [1786676426.130704]: 开始进行多边形确认 · detections=5
[INFO] [1786676426.174995]: 开始进行多边形确认 · centers=1 · rejected=2 · merged=0 · elapsed_ms=44.4
[INFO] [1786676426.236965]: 开始进行多边形确认 · detections=4
[INFO] [1786676426.258383]: 开始进行多边形确认 · centers=1 · rejected=2 · merged=0 · elapsed_ms=21.5
[INFO] [1786676426.389098]: 开始进行多边形确认 · detections=3
[INFO] [1786676426.433372]: 开始进行多边形确认 · centers=1 · rejected=1 · merged=0 · elapsed_ms=44.3
[INFO] [1786676426.508236]: 开始进行多边形确认 · detections=3
[INFO] [1786676426.539818]: 开始进行多边形确认 · centers=1 · rejected=1 · merged=0 · elapsed_ms=31.6
[INFO] [1786676426.637469]: 开始进行多边形确认 · detections=3
[INFO] [1786676426.669939]: 开始进行多边形确认 · centers=1 · rejected=1 · merged=0 · elapsed_ms=32.5
[INFO] [1786676426.758391]: 开始进行多边形确认 · detections=4
[INFO] [1786676426.791459]: 开始进行多边形确认 · centers=1 · rejected=1 · merged=0 · elapsed_ms=33.2
[INFO] [1786676426.889592]: 开始进行多边形确认 · detections=4
[INFO] [1786676426.923237]: 开始进行多边形确认 · centers=1 · rejected=1 · merged=0 · elapsed_ms=33.7
[INFO] [1786676427.006692]: 开始进行多边形确认 · detections=4
[INFO] [1786676427.039692]: CITRUS_CENTER ok pixel=(470,233) depth=0.596 m radius=26.0 mm arc=281 deg error=0.55 px fragments=1
[INFO] [1786676427.040783]: 开始进行多边形确认 · centers=1 · rejected=1 · merged=0 · elapsed_ms=34.2
[INFO] [1786676427.135770]: 开始进行多边形确认 · detections=4
[INFO] [1786676427.169300]: 开始进行多边形确认 · centers=2 · rejected=0 · merged=0 · elapsed_ms=33.6
[INFO] [1786676427.260222]: 开始进行多边形确认 · detections=5
[INFO] [1786676427.300670]: 开始进行多边形确认 · centers=2 · rejected=1 · merged=0 · elapsed_ms=40.5
[INFO] [1786676427.371059]: 开始进行多边形确认 · detections=5
[INFO] [1786676427.392211]: 开始进行多边形确认 · centers=1 · rejected=2 · merged=0 · elapsed_ms=21.2
[INFO] [1786676427.393477]: RGB-D vision status: model_ready:onnxruntime targets:3 centers:1 tf:1 rejected:2 merged:0 semantic_masks:5
[INFO] [1786676427.498603]: 开始进行多边形确认 · detections=4
[INFO] [1786676427.544372]: 开始进行多边形确认 · centers=1 · rejected=1 · merged=0 · elapsed_ms=45.8
[INFO] [1786676427.649991]: 开始进行多边形确认 · detections=4
[INFO] [1786676427.694706]: 开始进行多边形确认 · centers=1 · rejected=2 · merged=0 · elapsed_ms=44.8
[INFO] [1786676427.773449]: 开始进行多边形确认 · detections=5
[INFO] [1786676427.812504]: 开始进行多边形确认 · centers=1 · rejected=2 · merged=0 · elapsed_ms=39.1
[INFO] [1786676427.897834]: 开始进行多边形确认 · detections=4
[INFO] [1786676427.928895]: 开始进行多边形确认 · centers=1 · rejected=1 · merged=0 · elapsed_ms=31.1
[INFO] [1786676428.015630]: 开始进行多边形确认 · detections=5
[INFO] [1786676428.037741]: 开始进行多边形确认 · centers=1 · rejected=2 · merged=0 · elapsed_ms=22.2
[INFO] [1786676428.138502]: 开始进行多边形确认 · detections=5
[INFO] [1786676428.182866]: 开始进行多边形确认 · centers=1 · rejected=2 · merged=0 · elapsed_ms=44.4
[INFO] [1786676428.268247]: 开始进行多边形确认 · detections=5
[INFO] [1786676428.309157]: 开始进行多边形确认 · centers=1 · rejected=2 · merged=0 · elapsed_ms=41.0
[INFO] [1786676428.392226]: 开始进行多边形确认 · detections=5
[INFO] [1786676428.433162]: 开始进行多边形确认 · centers=1 · rejected=2 · merged=0 · elapsed_ms=41.0
[INFO] [1786676428.514072]: 开始进行多边形确认 · detections=5
[INFO] [1786676428.556485]: 开始进行多边形确认 · centers=2 · rejected=1 · merged=0 · elapsed_ms=42.4
[INFO] [1786676428.690526]: 开始进行多边形确认 · detections=5
[INFO] [1786676428.731399]: 开始进行多边形确认 · centers=2 · rejected=1 · merged=0 · elapsed_ms=40.9
[INFO] [1786676428.801568]: 开始进行多边形确认 · detections=4
[INFO] [1786676428.834924]: 开始进行多边形确认 · centers=1 · rejected=1 · merged=0 · elapsed_ms=33.4
[INFO] [1786676428.922393]: 开始进行多边形确认 · detections=5
[INFO] [1786676428.965498]: 开始进行多边形确认 · centers=3 · rejected=0 · merged=0 · elapsed_ms=43.1
[INFO] [1786676429.044394]: 开始进行多边形确认 · detections=4
[INFO] [1786676429.086320]: CITRUS_CENTER ok pixel=(469,233) depth=0.593 m radius=25.7 mm arc=284 deg error=0.47 px fragments=1
[INFO] [1786676429.087567]: 开始进行多边形确认 · centers=2 · rejected=1 · merged=0 · elapsed_ms=43.3
[INFO] [1786676429.172890]: 开始进行多边形确认 · detections=4
[INFO] [1786676429.211538]: 开始进行多边形确认 · centers=1 · rejected=2 · merged=0 · elapsed_ms=38.7
[INFO] [1786676429.295194]: 开始进行多边形确认 · detections=5
[INFO] [1786676429.332812]: 开始进行多边形确认 · centers=2 · rejected=1 · merged=0 · elapsed_ms=37.6
[INFO] [1786676429.418707]: 开始进行多边形确认 · detections=4
[INFO] [1786676429.452364]: 开始进行多边形确认 · centers=2 · rejected=0 · merged=0 · elapsed_ms=33.7
[INFO] [1786676429.525687]: 开始进行多边形确认 · detections=5
[INFO] [1786676429.545675]: 开始进行多边形确认 · centers=2 · rejected=1 · merged=0 · elapsed_ms=20.0
[INFO] [1786676429.652750]: 开始进行多边形确认 · detections=4
[INFO] [1786676429.693138]: 开始进行多边形确认 · centers=1 · rejected=1 · merged=0 · elapsed_ms=40.4
[INFO] [1786676429.790447]: 开始进行多边形确认 · detections=5
[INFO] [1786676429.830245]: 开始进行多边形确认 · centers=1 · rejected=2 · merged=0 · elapsed_ms=39.8
[INFO] [1786676429.912805]: 开始进行多边形确认 · detections=4
[INFO] [1786676429.943767]: 开始进行多边形确认 · centers=1 · rejected=1 · merged=0 · elapsed_ms=31.0
[INFO] [1786676430.040010]: 开始进行多边形确认 · detections=4
[INFO] [1786676430.090611]: 开始进行多边形确认 · centers=1 · rejected=1 · merged=0 · elapsed_ms=50.7
[INFO] [1786676430.164208]: 开始进行多边形确认 · detections=4
[INFO] [1786676430.185629]: 开始进行多边形确认 · centers=1 · rejected=2 · merged=0 · elapsed_ms=21.5
[INFO] [1786676430.273461]: 开始进行多边形确认 · detections=4
[INFO] [1786676430.296291]: 开始进行多边形确认 · centers=1 · rejected=2 · merged=0 · elapsed_ms=22.9
[INFO] [1786676430.398659]: 开始进行多边形确认 · detections=4
[INFO] [1786676430.423443]: 开始进行多边形确认 · centers=1 · rejected=2 · merged=0 · elapsed_ms=24.8
[INFO] [1786676430.524057]: 开始进行多边形确认 · detections=5
[INFO] [1786676430.550902]: 开始进行多边形确认 · centers=2 · rejected=1 · merged=0 · elapsed_ms=26.8
[INFO] [1786676430.656427]: 开始进行多边形确认 · detections=4
[INFO] [1786676430.679043]: 开始进行多边形确认 · centers=2 · rejected=1 · merged=0 · elapsed_ms=22.7
[INFO] [1786676430.813449]: 开始进行多边形确认 · detections=4
[INFO] [1786676430.841009]: 开始进行多边形确认 · centers=1 · rejected=2 · merged=0 · elapsed_ms=27.6
[INFO] [1786676430.907512]: 开始进行多边形确认 · detections=5
[INFO] [1786676430.927431]: 开始进行多边形确认 · centers=2 · rejected=1 · merged=0 · elapsed_ms=20.0
[INFO] [1786676431.031596]: 开始进行多边形确认 · detections=4
[INFO] [1786676431.052995]: 开始进行多边形确认 · centers=2 · rejected=1 · merged=0 · elapsed_ms=21.4
[INFO] [1786676431.167421]: 开始进行多边形确认 · detections=4
[INFO] [1786676431.189935]: CITRUS_CENTER ok pixel=(470,233) depth=0.593 m radius=25.9 mm arc=281 deg error=0.54 px fragments=1
[INFO] [1786676431.190983]: 开始进行多边形确认 · centers=1 · rejected=2 · merged=0 · elapsed_ms=23.8
[INFO] [1786676431.293522]: 开始进行多边形确认 · detections=4
[INFO] [1786676431.315419]: 开始进行多边形确认 · centers=2 · rejected=1 · merged=0 · elapsed_ms=21.9
[INFO] [1786676431.418969]: 开始进行多边形确认 · detections=4
[INFO] [1786676431.437004]: 开始进行多边形确认 · centers=1 · rejected=1 · merged=0 · elapsed_ms=18.3
[INFO] [1786676431.536290]: 开始进行多边形确认 · detections=5
[INFO] [1786676431.558665]: 开始进行多边形确认 · centers=1 · rejected=2 · merged=0 · elapsed_ms=22.4
[INFO] [1786676431.671157]: 开始进行多边形确认 · detections=4
[INFO] [1786676431.689071]: 开始进行多边形确认 · centers=1 · rejected=1 · merged=0 · elapsed_ms=18.0
[INFO] [1786676431.800288]: 开始进行多边形确认 · detections=4
[INFO] [1786676431.843410]: 开始进行多边形确认 · centers=2 · rejected=0 · merged=0 · elapsed_ms=43.1
[INFO] [1786676431.943759]: 开始进行多边形确认 · detections=3
[INFO] [1786676431.978857]: 开始进行多边形确认 · centers=2 · rejected=0 · merged=0 · elapsed_ms=35.1
[INFO] [1786676432.058098]: 开始进行多边形确认 · detections=4
[INFO] [1786676432.092566]: 开始进行多边形确认 · centers=2 · rejected=0 · merged=0 · elapsed_ms=34.5
[INFO] [1786676432.182836]: 开始进行多边形确认 · detections=3
[INFO] [1786676432.217698]: 开始进行多边形确认 · centers=2 · rejected=0 · merged=0 · elapsed_ms=34.9
[INFO] [1786676432.309346]: 开始进行多边形确认 · detections=3
[INFO] [1786676432.341495]: 开始进行多边形确认 · centers=1 · rejected=1 · merged=0 · elapsed_ms=32.2
[INFO] [1786676432.425676]: 开始进行多边形确认 · detections=4
[INFO] [1786676432.456878]: 开始进行多边形确认 · centers=2 · rejected=0 · merged=0 · elapsed_ms=31.2
[INFO] [1786676432.458220]: RGB-D vision status: model_ready:onnxruntime targets:2 centers:2 tf:2 rejected:0 merged:0 semantic_masks:4
[INFO] [1786676432.546690]: 开始进行多边形确认 · detections=3
[INFO] [1786676432.579637]: 开始进行多边形确认 · centers=1 · rejected=1 · merged=0 · elapsed_ms=33.0
[INFO] [1786676432.676263]: 开始进行多边形确认 · detections=3
[INFO] [1786676432.709598]: 开始进行多边形确认 · centers=1 · rejected=1 · merged=0 · elapsed_ms=33.4
[INFO] [1786676432.798243]: 开始进行多边形确认 · detections=4
[INFO] [1786676432.838268]: 开始进行多边形确认 · centers=2 · rejected=1 · merged=0 · elapsed_ms=40.1
[INFO] [1786676432.943141]: 开始进行多边形确认 · detections=4
[INFO] [1786676433.004127]: 开始进行多边形确认 · centers=1 · rejected=2 · merged=0 · elapsed_ms=61.1
[INFO] [1786676433.070906]: 开始进行多边形确认 · detections=4
[INFO] [1786676433.106895]: 开始进行多边形确认 · centers=1 · rejected=2 · merged=0 · elapsed_ms=36.1
[INFO] [1786676433.178920]: 开始进行多边形确认 · detections=4
[INFO] [1786676433.197535]: CITRUS_CENTER ok pixel=(476,236) depth=0.594 m radius=31.1 mm arc=202 deg error=0.76 px fragments=1
[INFO] [1786676433.198446]: 开始进行多边形确认 · centers=1 · rejected=2 · merged=0 · elapsed_ms=19.6
[INFO] [1786676433.300760]: 开始进行多边形确认 · detections=5
[INFO] [1786676433.318959]: 开始进行多边形确认 · centers=2 · rejected=1 · merged=0 · elapsed_ms=18.2
[INFO] [1786676433.433125]: 开始进行多边形确认 · detections=4
[INFO] [1786676433.454946]: 开始进行多边形确认 · centers=1 · rejected=2 · merged=0 · elapsed_ms=21.8
[INFO] [1786676433.558342]: 开始进行多边形确认 · detections=5
[INFO] [1786676433.579325]: 开始进行多边形确认 · centers=1 · rejected=2 · merged=0 · elapsed_ms=21.0
[INFO] [1786676433.689762]: 开始进行多边形确认 · detections=5
[INFO] [1786676433.710638]: 开始进行多边形确认 · centers=2 · rejected=1 · merged=0 · elapsed_ms=20.9
[INFO] [1786676433.809152]: 开始进行多边形确认 · detections=5
[INFO] [1786676433.842836]: 开始进行多边形确认 · centers=1 · rejected=2 · merged=0 · elapsed_ms=33.7
[INFO] [1786676433.946609]: 开始进行多边形确认 · detections=3
[INFO] [1786676433.983070]: 开始进行多边形确认 · centers=1 · rejected=1 · merged=0 · elapsed_ms=36.5
[INFO] [1786676434.086174]: 开始进行多边形确认 · detections=5
[INFO] [1786676434.108316]: 开始进行多边形确认 · centers=2 · rejected=1 · merged=0 · elapsed_ms=22.2
[INFO] [1786676434.178609]: 开始进行多边形确认 · detections=4
[INFO] [1786676434.196607]: 开始进行多边形确认 · centers=1 · rejected=1 · merged=0 · elapsed_ms=18.1
[INFO] [1786676434.298737]: 开始进行多边形确认 · detections=4
[INFO] [1786676434.321883]: 开始进行多边形确认 · centers=1 · rejected=2 · merged=0 · elapsed_ms=23.2
[INFO] [1786676434.427759]: 开始进行多边形确认 · detections=5
[INFO] [1786676434.450830]: 开始进行多边形确认 · centers=2 · rejected=1 · merged=0 · elapsed_ms=23.1
[INFO] [1786676434.554253]: 开始进行多边形确认 · detections=5
[INFO] [1786676434.594993]: 开始进行多边形确认 · centers=1 · rejected=2 · merged=0 · elapsed_ms=40.8
[INFO] [1786676434.692457]: 开始进行多边形确认 · detections=5
[INFO] [1786676434.730314]: 开始进行多边形确认 · centers=2 · rejected=1 · merged=0 · elapsed_ms=37.9
[INFO] [1786676434.809460]: 开始进行多边形确认 · detections=5
[INFO] [1786676434.851107]: 开始进行多边形确认 · centers=2 · rejected=1 · merged=0 · elapsed_ms=41.7
[INFO] [1786676434.940108]: 开始进行多边形确认 · detections=4
[INFO] [1786676434.975873]: 开始进行多边形确认 · centers=2 · rejected=1 · merged=0 · elapsed_ms=35.8
[INFO] [1786676435.093423]: 开始进行多边形确认 · detections=4
[INFO] [1786676435.136212]: 开始进行多边形确认 · centers=1 · rejected=2 · merged=0 · elapsed_ms=42.9
[INFO] [1786676435.194921]: 开始进行多边形确认 · detections=3
[INFO] [1786676435.221592]: CITRUS_CENTER ok pixel=(471,233) depth=0.593 m radius=26.5 mm arc=276 deg error=0.71 px fragments=1
[INFO] [1786676435.222516]: 开始进行多边形确认 · centers=1 · rejected=0 · merged=0 · elapsed_ms=27.7
[INFO] [1786676435.312536]: 开始进行多边形确认 · detections=3
[INFO] [1786676435.345861]: 开始进行多边形确认 · centers=2 · rejected=0 · merged=0 · elapsed_ms=33.4
[INFO] [1786676435.435616]: 开始进行多边形确认 · detections=3
[INFO] [1786676435.452080]: 开始进行多边形确认 · centers=2 · rejected=0 · merged=0 · elapsed_ms=16.5
[INFO] [1786676435.560979]: 开始进行多边形确认 · detections=3
[INFO] [1786676435.579989]: 开始进行多边形确认 · centers=2 · rejected=0 · merged=0 · elapsed_ms=19.0
[INFO] [1786676435.686687]: 开始进行多边形确认 · detections=4
[INFO] [1786676435.703856]: 开始进行多边形确认 · centers=1 · rejected=1 · merged=0 · elapsed_ms=17.2
[INFO] [1786676435.812873]: 开始进行多边形确认 · detections=5
[INFO] [1786676435.836326]: 开始进行多边形确认 · centers=2 · rejected=1 · merged=0 · elapsed_ms=23.5
[INFO] [1786676435.943815]: 开始进行多边形确认 · detections=4
[INFO] [1786676435.977605]: 开始进行多边形确认 · centers=1 · rejected=1 · merged=0 · elapsed_ms=33.9
[INFO] [1786676436.077007]: 开始进行多边形确认 · detections=5
[INFO] [1786676436.130336]: 开始进行多边形确认 · centers=2 · rejected=1 · merged=0 · elapsed_ms=53.3
[INFO] [1786676436.197589]: 开始进行多边形确认 · detections=5
[INFO] [1786676436.240665]: 开始进行多边形确认 · centers=2 · rejected=1 · merged=0 · elapsed_ms=43.1
[INFO] [1786676436.317193]: 开始进行多边形确认 · detections=5
[INFO] [1786676436.362634]: 开始进行多边形确认 · centers=2 · rejected=1 · merged=0 · elapsed_ms=45.5
[INFO] [1786676436.443301]: 开始进行多边形确认 · detections=4
[INFO] [1786676436.475255]: 开始进行多边形确认 · centers=1 · rejected=1 · merged=0 · elapsed_ms=32.0
[INFO] [1786676436.568559]: 开始进行多边形确认 · detections=5
[INFO] [1786676436.606322]: 开始进行多边形确认 · centers=1 · rejected=2 · merged=0 · elapsed_ms=37.8
[INFO] [1786676436.695688]: 开始进行多边形确认 · detections=5
[INFO] [1786676436.734095]: 开始进行多边形确认 · centers=2 · rejected=1 · merged=0 · elapsed_ms=38.4
[INFO] [1786676436.814980]: 开始进行多边形确认 · detections=4
[INFO] [1786676436.838276]: 开始进行多边形确认 · centers=1 · rejected=2 · merged=0 · elapsed_ms=23.4
[INFO] [1786676436.947932]: 开始进行多边形确认 · detections=4
[INFO] [1786676436.974146]: 开始进行多边形确认 · centers=1 · rejected=1 · merged=0 · elapsed_ms=26.3
[INFO] [1786676437.070552]: 开始进行多边形确认 · detections=5
[INFO] [1786676437.096325]: 开始进行多边形确认 · centers=3 · rejected=0 · merged=0 · elapsed_ms=25.8
[INFO] [1786676437.232188]: 开始进行多边形确认 · detections=5
[INFO] [1786676437.256484]: CITRUS_CENTER ok pixel=(471,233) depth=0.591 m radius=26.4 mm arc=278 deg error=0.70 px fragments=1
[INFO] [1786676437.257591]: 开始进行多边形确认 · centers=3 · rejected=0 · merged=0 · elapsed_ms=25.5
[INFO] [1786676437.316144]: 开始进行多边形确认 · detections=5
[INFO] [1786676437.338217]: 开始进行多边形确认 · centers=1 · rejected=2 · merged=0 · elapsed_ms=22.1
[INFO] [1786676437.440126]: 开始进行多边形确认 · detections=4
[INFO] [1786676437.462198]: 开始进行多边形确认 · centers=2 · rejected=1 · merged=0 · elapsed_ms=22.1
[INFO] [1786676437.463994]: RGB-D vision status: model_ready:onnxruntime targets:3 centers:2 tf:2 rejected:1 merged:0 semantic_masks:4
[INFO] [1786676437.564504]: 开始进行多边形确认 · detections=4
[INFO] [1786676437.585724]: 开始进行多边形确认 · centers=1 · rejected=2 · merged=0 · elapsed_ms=21.3
[INFO] [1786676437.694495]: 开始进行多边形确认 · detections=5
[INFO] [1786676437.715645]: 开始进行多边形确认 · centers=2 · rejected=1 · merged=0 · elapsed_ms=21.2
[INFO] [1786676437.819044]: 开始进行多边形确认 · detections=5
[INFO] [1786676437.843948]: 开始进行多边形确认 · centers=2 · rejected=1 · merged=0 · elapsed_ms=24.9
[INFO] [1786676437.946045]: 开始进行多边形确认 · detections=6
[INFO] [1786676437.971543]: 开始进行多边形确认 · centers=2 · rejected=1 · merged=0 · elapsed_ms=25.5
[INFO] [1786676438.071315]: 开始进行多边形确认 · detections=5
[INFO] [1786676438.094538]: 开始进行多边形确认 · centers=3 · rejected=0 · merged=0 · elapsed_ms=23.2
[INFO] [1786676438.210332]: 开始进行多边形确认 · detections=4
[INFO] [1786676438.238887]: 开始进行多边形确认 · centers=2 · rejected=1 · merged=0 · elapsed_ms=28.6
[INFO] [1786676438.335681]: 开始进行多边形确认 · detections=5
[INFO] [1786676438.360209]: 开始进行多边形确认 · centers=2 · rejected=1 · merged=0 · elapsed_ms=24.6
[INFO] [1786676438.449048]: 开始进行多边形确认 · detections=5
[INFO] [1786676438.472279]: 开始进行多边形确认 · centers=2 · rejected=1 · merged=0 · elapsed_ms=23.3
[INFO] [1786676438.570235]: 开始进行多边形确认 · detections=4
[INFO] [1786676438.593847]: 开始进行多边形确认 · centers=1 · rejected=2 · merged=0 · elapsed_ms=23.6
[INFO] [1786676438.699576]: 开始进行多边形确认 · detections=4
[INFO] [1786676438.721841]: 开始进行多边形确认 · centers=1 · rejected=2 · merged=0 · elapsed_ms=22.3
[INFO] [1786676438.830153]: 开始进行多边形确认 · detections=4
[INFO] [1786676438.856792]: 开始进行多边形确认 · centers=1 · rejected=1 · merged=0 · elapsed_ms=26.6
[INFO] [1786676438.959730]: 开始进行多边形确认 · detections=4
[INFO] [1786676438.977856]: 开始进行多边形确认 · centers=1 · rejected=1 · merged=0 · elapsed_ms=18.2
[INFO] [1786676439.083293]: 开始进行多边形确认 · detections=3
[INFO] [1786676439.100035]: 开始进行多边形确认 · centers=1 · rejected=1 · merged=0 · elapsed_ms=16.8
[INFO] [1786676439.205320]: 开始进行多边形确认 · detections=4
[INFO] [1786676439.237121]: 开始进行多边形确认 · centers=1 · rejected=1 · merged=0 · elapsed_ms=31.8
[INFO] [1786676439.347195]: 开始进行多边形确认 · detections=3
[INFO] [1786676439.381092]: CITRUS_CENTER ok pixel=(470,233) depth=0.591 m radius=26.3 mm arc=276 deg error=0.75 px fragments=1
[INFO] [1786676439.382987]: 开始进行多边形确认 · centers=1 · rejected=1 · merged=0 · elapsed_ms=35.9
[INFO] [1786676439.462415]: 开始进行多边形确认 · detections=3
[INFO] [1786676439.498470]: 开始进行多边形确认 · centers=1 · rejected=1 · merged=0 · elapsed_ms=36.1
[INFO] [1786676439.585137]: 开始进行多边形确认 · detections=3
[INFO] [1786676439.616305]: 开始进行多边形确认 · centers=2 · rejected=0 · merged=0 · elapsed_ms=31.2
[INFO] [1786676439.712045]: 开始进行多边形确认 · detections=3
[INFO] [1786676439.743633]: 开始进行多边形确认 · centers=1 · rejected=1 · merged=0 · elapsed_ms=31.6
[INFO] [1786676439.837109]: 开始进行多边形确认 · detections=3
[INFO] [1786676439.868863]: 开始进行多边形确认 · centers=2 · rejected=0 · merged=0 · elapsed_ms=31.8
[INFO] [1786676439.967077]: 开始进行多边形确认 · detections=3
[INFO] [1786676439.998204]: 开始进行多边形确认 · centers=1 · rejected=1 · merged=0 · elapsed_ms=31.2
[INFO] [1786676440.082640]: 开始进行多边形确认 · detections=4
[INFO] [1786676440.114298]: 开始进行多边形确认 · centers=1 · rejected=1 · merged=0 · elapsed_ms=31.7
[INFO] [1786676440.216387]: 开始进行多边形确认 · detections=5
[INFO] [1786676440.268209]: 开始进行多边形确认 · centers=2 · rejected=1 · merged=0 · elapsed_ms=51.9
[INFO] [1786676440.369343]: 开始进行多边形确认 · detections=4
[INFO] [1786676440.388165]: 开始进行多边形确认 · centers=2 · rejected=1 · merged=0 · elapsed_ms=18.9
[INFO] [1786676440.470189]: 开始进行多边形确认 · detections=5
[INFO] [1786676440.491443]: 开始进行多边形确认 · centers=2 · rejected=1 · merged=0 · elapsed_ms=21.3
[INFO] [1786676440.583693]: 开始进行多边形确认 · detections=5
[INFO] [1786676440.602167]: 开始进行多边形确认 · centers=2 · rejected=1 · merged=0 · elapsed_ms=18.5
[INFO] [1786676440.708104]: 开始进行多边形确认 · detections=6
[INFO] [1786676440.727035]: 开始进行多边形确认 · centers=2 · rejected=1 · merged=0 · elapsed_ms=19.0
[INFO] [1786676440.832721]: 开始进行多边形确认 · detections=5
[INFO] [1786676440.849360]: 开始进行多边形确认 · centers=1 · rejected=1 · merged=0 · elapsed_ms=16.7
[INFO] [1786676440.961450]: 开始进行多边形确认 · detections=3
[INFO] [1786676440.989392]: 开始进行多边形确认 · centers=1 · rejected=1 · merged=0 · elapsed_ms=28.0
[INFO] [1786676441.095955]: 开始进行多边形确认 · detections=4
[INFO] [1786676441.127228]: 开始进行多边形确认 · centers=1 · rejected=1 · merged=0 · elapsed_ms=31.3
[INFO] [1786676441.224361]: 开始进行多边形确认 · detections=3
[INFO] [1786676441.262926]: 开始进行多边形确认 · centers=1 · rejected=1 · merged=0 · elapsed_ms=38.6
[INFO] [1786676441.385796]: 开始进行多边形确认 · detections=4
[INFO] [1786676441.421525]: CITRUS_CENTER ok pixel=(476,235) depth=0.593 m radius=30.5 mm arc=212 deg error=0.95 px fragments=1
[INFO] [1786676441.423642]: 开始进行多边形确认 · centers=1 · rejected=1 · merged=0 · elapsed_ms=37.9
[INFO] [1786676441.493059]: 开始进行多边形确认 · detections=4
[INFO] [1786676441.526226]: 开始进行多边形确认 · centers=1 · rejected=1 · merged=0 · elapsed_ms=33.2
[INFO] [1786676441.596768]: 开始进行多边形确认 · detections=3
[INFO] [1786676441.613240]: 开始进行多边形确认 · centers=1 · rejected=1 · merged=0 · elapsed_ms=16.5
[INFO] [1786676441.742033]: 开始进行多边形确认 · detections=4
[INFO] [1786676441.776723]: 开始进行多边形确认 · centers=2 · rejected=0 · merged=0 · elapsed_ms=34.8
[INFO] [1786676441.849740]: 开始进行多边形确认 · detections=4
[INFO] [1786676441.867276]: 开始进行多边形确认 · centers=1 · rejected=1 · merged=0 · elapsed_ms=17.6
[INFO] [1786676441.984889]: 开始进行多边形确认 · detections=3
[INFO] [1786676442.003546]: 开始进行多边形确认 · centers=2 · rejected=0 · merged=0 · elapsed_ms=18.7
[INFO] [1786676442.091552]: 开始进行多边形确认 · detections=4
[INFO] [1786676442.108833]: 开始进行多边形确认 · centers=1 · rejected=1 · merged=0 · elapsed_ms=17.3
[INFO] [1786676442.223151]: 开始进行多边形确认 · detections=4
[INFO] [1786676442.240354]: 开始进行多边形确认 · centers=2 · rejected=0 · merged=0 · elapsed_ms=17.2
[INFO] [1786676442.347361]: 开始进行多边形确认 · detections=3
[INFO] [1786676442.389298]: 开始进行多边形确认 · centers=1 · rejected=1 · merged=0 · elapsed_ms=42.0
[INFO] [1786676442.504398]: 开始进行多边形确认 · detections=4
[INFO] [1786676442.536705]: 开始进行多边形确认 · centers=2 · rejected=0 · merged=0 · elapsed_ms=32.4
[INFO] [1786676442.538072]: RGB-D vision status: model_ready:onnxruntime targets:2 centers:2 tf:2 rejected:0 merged:0 semantic_masks:4
[INFO] [1786676442.610314]: 开始进行多边形确认 · detections=4
[INFO] [1786676442.637196]: 开始进行多边形确认 · centers=1 · rejected=1 · merged=0 · elapsed_ms=26.9
[INFO] [1786676442.753256]: 开始进行多边形确认 · detections=3
[INFO] [1786676442.786654]: 开始进行多边形确认 · centers=2 · rejected=0 · merged=0 · elapsed_ms=33.5
[INFO] [1786676442.878277]: 开始进行多边形确认 · detections=3
[INFO] [1786676442.910171]: 开始进行多边形确认 · centers=1 · rejected=1 · merged=0 · elapsed_ms=31.9
[INFO] [1786676443.007626]: 开始进行多边形确认 · detections=4
[INFO] [1786676443.039491]: 开始进行多边形确认 · centers=1 · rejected=1 · merged=0 · elapsed_ms=31.9
[INFO] [1786676443.120602]: 开始进行多边形确认 · detections=3
[INFO] [1786676443.134425]: 开始进行多边形确认 · centers=2 · rejected=0 · merged=0 · elapsed_ms=13.9
[INFO] [1786676443.258393]: 开始进行多边形确认 · detections=3
[INFO] [1786676443.290200]: 开始进行多边形确认 · centers=2 · rejected=0 · merged=0 · elapsed_ms=31.8
[INFO] [1786676443.382645]: 开始进行多边形确认 · detections=3
[INFO] [1786676443.421235]: 开始进行多边形确认 · centers=2 · rejected=0 · merged=0 · elapsed_ms=38.6
[INFO] [1786676443.529688]: 开始进行多边形确认 · detections=4
[INFO] [1786676443.564881]: CITRUS_CENTER ok pixel=(470,233) depth=0.593 m radius=26.4 mm arc=280 deg error=0.65 px fragments=1
[INFO] [1786676443.566324]: 开始进行多边形确认 · centers=2 · rejected=0 · merged=0 · elapsed_ms=36.7
[INFO] [1786676443.630155]: 开始进行多边形确认 · detections=4
[INFO] [1786676443.666039]: 开始进行多边形确认 · centers=1 · rejected=1 · merged=0 · elapsed_ms=36.0
[INFO] [1786676443.753181]: 开始进行多边形确认 · detections=3
[INFO] [1786676443.774222]: 开始进行多边形确认 · centers=2 · rejected=0 · merged=0 · elapsed_ms=21.1
[INFO] [1786676443.868342]: 开始进行多边形确认 · detections=3
[INFO] [1786676443.885067]: 开始进行多边形确认 · centers=2 · rejected=0 · merged=0 · elapsed_ms=16.8
[INFO] [1786676443.995521]: 开始进行多边形确认 · detections=2
[INFO] [1786676444.007292]: 开始进行多边形确认 · centers=1 · rejected=0 · merged=0 · elapsed_ms=11.8
[INFO] [1786676444.123378]: 开始进行多边形确认 · detections=3
[INFO] [1786676444.166352]: 开始进行多边形确认 · centers=2 · rejected=0 · merged=0 · elapsed_ms=43.0
[INFO] [1786676444.250482]: 开始进行多边形确认 · detections=4
[INFO] [1786676444.265875]: 开始进行多边形确认 · centers=2 · rejected=0 · merged=0 · elapsed_ms=15.4
[INFO] [1786676444.369296]: 开始进行多边形确认 · detections=3
[INFO] [1786676444.385342]: 开始进行多边形确认 · centers=1 · rejected=1 · merged=0 · elapsed_ms=16.1
[INFO] [1786676444.492015]: 开始进行多边形确认 · detections=3
[INFO] [1786676444.519033]: 开始进行多边形确认 · centers=2 · rejected=0 · merged=0 · elapsed_ms=27.0
[INFO] [1786676444.617624]: 开始进行多边形确认 · detections=4
[INFO] [1786676444.636600]: 开始进行多边形确认 · centers=2 · rejected=0 · merged=0 · elapsed_ms=19.0
[INFO] [1786676444.729917]: 开始进行多边形确认 · detections=3
[INFO] [1786676444.746347]: 开始进行多边形确认 · centers=2 · rejected=0 · merged=0 · elapsed_ms=16.5
[INFO] [1786676444.868660]: 开始进行多边形确认 · detections=3
[INFO] [1786676444.884197]: 开始进行多边形确认 · centers=2 · rejected=0 · merged=0 · elapsed_ms=15.6
[INFO] [1786676444.986479]: 开始进行多边形确认 · detections=4
[INFO] [1786676445.000637]: 开始进行多边形确认 · centers=2 · rejected=0 · merged=0 · elapsed_ms=14.2
[INFO] [1786676445.107783]: 开始进行多边形确认 · detections=3
[INFO] [1786676445.120563]: 开始进行多边形确认 · centers=1 · rejected=0 · merged=0 · elapsed_ms=12.8
[INFO] [1786676445.241451]: 开始进行多边形确认 · detections=4
[INFO] [1786676445.257507]: 开始进行多边形确认 · centers=2 · rejected=0 · merged=0 · elapsed_ms=16.1
[INFO] [1786676445.377287]: 开始进行多边形确认 · detections=4
[INFO] [1786676445.394790]: 开始进行多边形确认 · centers=2 · rejected=0 · merged=0 · elapsed_ms=17.6
[INFO] [1786676445.487363]: 开始进行多边形确认 · detections=3
[INFO] [1786676445.505258]: 开始进行多边形确认 · centers=1 · rejected=1 · merged=0 · elapsed_ms=17.9
[INFO] [1786676445.678691]: 开始进行多边形确认 · detections=4
[INFO] [1786676445.700511]: CITRUS_CENTER ok pixel=(476,235) depth=0.594 m radius=30.7 mm arc=211 deg error=1.04 px fragments=1
[INFO] [1786676445.701555]: 开始进行多边形确认 · centers=2 · rejected=0 · merged=0 · elapsed_ms=22.9
[INFO] [1786676445.744369]: 开始进行多边形确认 · detections=3
[INFO] [1786676445.762954]: 开始进行多边形确认 · centers=1 · rejected=1 · merged=0 · elapsed_ms=18.7
[INFO] [1786676445.864244]: 开始进行多边形确认 · detections=3
[INFO] [1786676445.879110]: 开始进行多边形确认 · centers=2 · rejected=0 · merged=0 · elapsed_ms=14.9
[INFO] [1786676446.005151]: 开始进行多边形确认 · detections=3
[INFO] [1786676446.031157]: 开始进行多边形确认 · centers=1 · rejected=0 · merged=0 · elapsed_ms=26.0
[INFO] [1786676446.127070]: 开始进行多边形确认 · detections=3
[INFO] [1786676446.160117]: 开始进行多边形确认 · centers=1 · rejected=1 · merged=0 · elapsed_ms=33.1
[INFO] [1786676446.264473]: 开始进行多边形确认 · detections=4
[INFO] [1786676446.298397]: 开始进行多边形确认 · centers=2 · rejected=0 · merged=0 · elapsed_ms=34.0
[INFO] [1786676446.380601]: 开始进行多边形确认 · detections=4
[INFO] [1786676446.411499]: 开始进行多边形确认 · centers=2 · rejected=0 · merged=0 · elapsed_ms=30.9
[INFO] [1786676446.497856]: 开始进行多边形确认 · detections=4
[INFO] [1786676446.513506]: 开始进行多边形确认 · centers=2 · rejected=0 · merged=0 · elapsed_ms=15.7
[INFO] [1786676446.620106]: 开始进行多边形确认 · detections=4
[INFO] [1786676446.680660]: 开始进行多边形确认 · centers=1 · rejected=1 · merged=0 · elapsed_ms=60.5
[INFO] [1786676446.769572]: 开始进行多边形确认 · detections=3
[INFO] [1786676446.800093]: 开始进行多边形确认 · centers=1 · rejected=1 · merged=0 · elapsed_ms=30.6
[INFO] [1786676446.876611]: 开始进行多边形确认 · detections=3
[INFO] [1786676446.893282]: 开始进行多边形确认 · centers=2 · rejected=0 · merged=0 · elapsed_ms=16.7
[INFO] [1786676446.994992]: 开始进行多边形确认 · detections=3
[INFO] [1786676447.011294]: 开始进行多边形确认 · centers=2 · rejected=0 · merged=0 · elapsed_ms=16.3
[INFO] [1786676447.124608]: 开始进行多边形确认 · detections=3
[INFO] [1786676447.141124]: 开始进行多边形确认 · centers=2 · rejected=0 · merged=0 · elapsed_ms=16.5
[INFO] [1786676447.249750]: 开始进行多边形确认 · detections=2
[INFO] [1786676447.261667]: 开始进行多边形确认 · centers=1 · rejected=0 · merged=0 · elapsed_ms=12.0
[INFO] [1786676447.391704]: 开始进行多边形确认 · detections=4
[INFO] [1786676447.423302]: 开始进行多边形确认 · centers=2 · rejected=0 · merged=0 · elapsed_ms=31.6
[INFO] [1786676447.519066]: 开始进行多边形确认 · detections=3
[INFO] [1786676447.550476]: 开始进行多边形确认 · centers=2 · rejected=0 · merged=0 · elapsed_ms=31.4
[INFO] [1786676447.552490]: RGB-D vision status: model_ready:onnxruntime targets:2 centers:2 tf:2 rejected:0 merged:0 semantic_masks:3
[INFO] [1786676447.643258]: 开始进行多边形确认 · detections=4
[INFO] [1786676447.675675]: 开始进行多边形确认 · centers=2 · rejected=0 · merged=0 · elapsed_ms=32.4
[INFO] [1786676447.817585]: 开始进行多边形确认 · detections=3
[INFO] [1786676447.858291]: CITRUS_CENTER ok pixel=(469,233) depth=0.594 m radius=25.8 mm arc=284 deg error=0.55 px fragments=1
[WARN] [1786676336.907422]: CITRUS_CENTER reject instances=1 reason=aligned depth unavailable
[WARN] [1786676336.908071]: 开始进行多边形确认 · 多边形确认失败 · rejected=1 · elapsed_ms=2.0
[WARN] [1786676342.787549]: CITRUS_CENTER reject instances=2 reason=reconstructed citrus radius 19.5 mm is outside 22.0..40.0 mm
[WARN] [1786676345.177654]: CITRUS_CENTER reject instances=2 reason=reconstructed citrus radius 19.4 mm is outside 22.0..40.0 mm
[WARN] [1786676348.046751]: CITRUS_CENTER reject instances=3 reason=reconstructed citrus radius 19.5 mm is outside 22.0..40.0 mm
[WARN] [1786676353.450457]: CITRUS_CENTER reject instances=3 reason=reconstructed citrus radius 19.5 mm is outside 22.0..40.0 mm
[WARN] [1786676374.962473]: 开始进行多边形确认 · 多边形确认失败 · rejected=0 · elapsed_ms=1.4
[WARN] [1786676375.038144]: 开始进行多边形确认 · 多边形确认失败 · rejected=0 · elapsed_ms=1.4
[WARN] [1786676375.149240]: 开始进行多边形确认 · 多边形确认失败 · rejected=0 · elapsed_ms=0.9
[WARN] [1786676375.259871]: 开始进行多边形确认 · 多边形确认失败 · rejected=0 · elapsed_ms=1.3
[WARN] [1786676375.395176]: 开始进行多边形确认 · 多边形确认失败 · rejected=0 · elapsed_ms=1.1
[WARN] [1786676375.528912]: 开始进行多边形确认 · 多边形确认失败 · rejected=0 · elapsed_ms=0.9
[WARN] [1786676375.650951]: 开始进行多边形确认 · 多边形确认失败 · rejected=0 · elapsed_ms=1.3
[WARN] [1786676375.785632]: 开始进行多边形确认 · 多边形确认失败 · rejected=0 · elapsed_ms=1.8
[WARN] [1786676375.907617]: 开始进行多边形确认 · 多边形确认失败 · rejected=0 · elapsed_ms=1.3
[WARN] [1786676376.020785]: 开始进行多边形确认 · 多边形确认失败 · rejected=0 · elapsed_ms=1.1
[WARN] [1786676376.156734]: 开始进行多边形确认 · 多边形确认失败 · rejected=0 · elapsed_ms=1.3
[WARN] [1786676376.270379]: 开始进行多边形确认 · 多边形确认失败 · rejected=0 · elapsed_ms=1.4
[WARN] [1786676376.397637]: 开始进行多边形确认 · 多边形确认失败 · rejected=0 · elapsed_ms=1.2
[WARN] [1786676376.518186]: 开始进行多边形确认 · 多边形确认失败 · rejected=0 · elapsed_ms=1.2
[WARN] [1786676376.655624]: 开始进行多边形确认 · 多边形确认失败 · rejected=0 · elapsed_ms=1.1
[WARN] [1786676376.785530]: 开始进行多边形确认 · 多边形确认失败 · rejected=0 · elapsed_ms=1.1
[WARN] [1786676376.957135]: 开始进行多边形确认 · 多边形确认失败 · rejected=0 · elapsed_ms=2.9
[WARN] [1786676377.035584]: 开始进行多边形确认 · 多边形确认失败 · rejected=0 · elapsed_ms=1.6
[WARN] [1786676377.159111]: 开始进行多边形确认 · 多边形确认失败 · rejected=0 · elapsed_ms=1.3
[WARN] [1786676377.284080]: 开始进行多边形确认 · 多边形确认失败 · rejected=0 · elapsed_ms=1.1
[WARN] [1786676377.408732]: 开始进行多边形确认 · 多边形确认失败 · rejected=0 · elapsed_ms=1.0
[WARN] [1786676377.525522]: 开始进行多边形确认 · 多边形确认失败 · rejected=0 · elapsed_ms=1.3
[WARN] [1786676377.662024]: 开始进行多边形确认 · 多边形确认失败 · rejected=0 · elapsed_ms=1.4
[WARN] [1786676377.792690]: 开始进行多边形确认 · 多边形确认失败 · rejected=0 · elapsed_ms=1.5
[WARN] [1786676377.914629]: 开始进行多边形确认 · 多边形确认失败 · rejected=0 · elapsed_ms=1.2
[WARN] [1786676378.056820]: 开始进行多边形确认 · 多边形确认失败 · rejected=0 · elapsed_ms=1.5
[WARN] [1786676378.159662]: 开始进行多边形确认 · 多边形确认失败 · rejected=0 · elapsed_ms=1.3
[WARN] [1786676378.285339]: 开始进行多边形确认 · 多边形确认失败 · rejected=0 · elapsed_ms=1.3
[WARN] [1786676378.410259]: 开始进行多边形确认 · 多边形确认失败 · rejected=0 · elapsed_ms=1.2
[WARN] [1786676378.535547]: 开始进行多边形确认 · 多边形确认失败 · rejected=0 · elapsed_ms=1.3
[WARN] [1786676378.672273]: 开始进行多边形确认 · 多边形确认失败 · rejected=0 · elapsed_ms=1.6
[WARN] [1786676378.788768]: 开始进行多边形确认 · 多边形确认失败 · rejected=0 · elapsed_ms=1.2
[WARN] [1786676378.915175]: 开始进行多边形确认 · 多边形确认失败 · rejected=0 · elapsed_ms=1.2
[WARN] [1786676379.045841]: 开始进行多边形确认 · 多边形确认失败 · rejected=0 · elapsed_ms=2.2
[WARN] [1786676379.150784]: 开始进行多边形确认 · 多边形确认失败 · rejected=0 · elapsed_ms=1.3
[WARN] [1786676379.274091]: 开始进行多边形确认 · 多边形确认失败 · rejected=0 · elapsed_ms=1.2
[WARN] [1786676386.162012]: CITRUS_CENTER reject instances=2 reason=polygon has only 0 valid depth samples
[WARN] [1786676388.203425]: CITRUS_CENTER reject instances=2 reason=polygon has only 0 valid depth samples
[WARN] [1786676401.866466]: CITRUS_CENTER reject instances=2 reason=reconstructed citrus radius 19.6 mm is outside 22.0..40.0 mm
[WARN] [1786676404.053872]: CITRUS_CENTER reject instances=3 reason=reconstructed citrus radius 19.8 mm is outside 22.0..40.0 mm
[WARN] [1786676406.101016]: CITRUS_CENTER reject instances=2 reason=reconstructed citrus radius 19.6 mm is outside 22.0..40.0 mm
[WARN] [1786676408.119529]: CITRUS_CENTER reject instances=2 reason=reconstructed citrus radius 19.9 mm is outside 22.0..40.0 mm
[WARN] [1786676410.153922]: CITRUS_CENTER reject instances=2 reason=reconstructed citrus radius 19.8 mm is outside 22.0..40.0 mm
[WARN] [1786676412.207134]: CITRUS_CENTER reject instances=2 reason=reconstructed citrus radius 19.5 mm is outside 22.0..40.0 mm
[WARN] [1786676414.223833]: CITRUS_CENTER reject instances=2 reason=reconstructed citrus radius 19.6 mm is outside 22.0..40.0 mm
[WARN] [1786676416.443955]: CITRUS_CENTER reject instances=2 reason=reconstructed citrus radius 19.5 mm is outside 22.0..40.0 mm
[WARN] [1786676418.487760]: CITRUS_CENTER reject instances=3 reason=reconstructed citrus radius 19.8 mm is outside 22.0..40.0 mm
[WARN] [1786676420.618560]: CITRUS_CENTER reject instances=2 reason=reconstructed citrus radius 19.5 mm is outside 22.0..40.0 mm
[WARN] [1786676422.658832]: CITRUS_CENTER reject instances=2 reason=reconstructed citrus radius 19.4 mm is outside 22.0..40.0 mm
[WARN] [1786676424.755313]: CITRUS_CENTER reject instances=2 reason=reconstructed citrus radius 19.6 mm is outside 22.0..40.0 mm
[WARN] [1786676426.790552]: CITRUS_CENTER reject instances=2 reason=reconstructed citrus radius 19.8 mm is outside 22.0..40.0 mm
[WARN] [1786676428.834006]: CITRUS_CENTER reject instances=2 reason=reconstructed citrus radius 19.4 mm is outside 22.0..40.0 mm
[WARN] [1786676430.839895]: CITRUS_CENTER reject instances=2 reason=reconstructed citrus radius 19.1 mm is outside 22.0..40.0 mm
[WARN] [1786676433.002852]: CITRUS_CENTER reject instances=2 reason=reconstructed citrus radius 19.2 mm is outside 22.0..40.0 mm
[WARN] [1786676435.135124]: CITRUS_CENTER reject instances=2 reason=reconstructed citrus radius 19.5 mm is outside 22.0..40.0 mm
[WARN] [1786676437.337187]: CITRUS_CENTER reject instances=2 reason=reconstructed citrus radius 19.4 mm is outside 22.0..40.0 mm
[WARN] [1786676439.382341]: CITRUS_CENTER reject instances=2 reason=reconstructed citrus radius 19.5 mm is outside 22.0..40.0 mm
[WARN] [1786676441.422837]: CITRUS_CENTER reject instances=2 reason=reconstructed citrus radius 19.5 mm is outside 22.0..40.0 mm
[WARN] [1786676443.665015]: CITRUS_CENTER reject instances=2 reason=reconstructed citrus radius 19.3 mm is outside 22.0..40.0 mm
[WARN] [1786676445.762008]: CITRUS_CENTER reject instances=2 reason=reconstructed citrus radius 19.8 mm is outside 22.0..40.0 mm
[WARN] [1786676447.859502]: CITRUS_CENTER reject instances=2 reason=reconstructed citrus radius 19.4 mm is outside 22.0..40.0 mm
[WARN] [1786676449.984680]: CITRUS_CENTER reject instances=2 reason=reconstructed citrus radius 19.9 mm is outside 22.0..40.0 mm
[INFO] [1786676447.860349]: 开始进行多边形确认 · centers=1 · rejected=1 · merged=0 · elapsed_ms=42.9
[INFO] [1786676447.927929]: 开始进行多边形确认 · detections=3
[INFO] [1786676447.965002]: 开始进行多边形确认 · centers=1 · rejected=1 · merged=0 · elapsed_ms=37.1
[INFO] [1786676448.051928]: 开始进行多边形确认 · detections=4
[INFO] [1786676448.068948]: 开始进行多边形确认 · centers=2 · rejected=0 · merged=0 · elapsed_ms=17.1
[INFO] [1786676448.175147]: 开始进行多边形确认 · detections=3
[INFO] [1786676448.207198]: 开始进行多边形确认 · centers=1 · rejected=1 · merged=0 · elapsed_ms=32.1
[INFO] [1786676448.295599]: 开始进行多边形确认 · detections=3
[INFO] [1786676448.326383]: 开始进行多边形确认 · centers=1 · rejected=1 · merged=0 · elapsed_ms=30.8
[INFO] [1786676448.419147]: 开始进行多边形确认 · detections=4
[INFO] [1786676448.455642]: 开始进行多边形确认 · centers=2 · rejected=0 · merged=0 · elapsed_ms=36.5
[INFO] [1786676448.544257]: 开始进行多边形确认 · detections=3
[INFO] [1786676448.555161]: 开始进行多边形确认 · centers=1 · rejected=0 · merged=0 · elapsed_ms=10.9
[INFO] [1786676448.666211]: 开始进行多边形确认 · detections=3
[INFO] [1786676448.681729]: 开始进行多边形确认 · centers=2 · rejected=0 · merged=0 · elapsed_ms=15.5
[INFO] [1786676448.799271]: 开始进行多边形确认 · detections=4
[INFO] [1786676448.830982]: 开始进行多边形确认 · centers=2 · rejected=0 · merged=0 · elapsed_ms=31.7
[INFO] [1786676448.929346]: 开始进行多边形确认 · detections=3
[INFO] [1786676448.967936]: 开始进行多边形确认 · centers=2 · rejected=0 · merged=0 · elapsed_ms=38.6
[INFO] [1786676449.046588]: 开始进行多边形确认 · detections=4
[INFO] [1786676449.061454]: 开始进行多边形确认 · centers=1 · rejected=1 · merged=0 · elapsed_ms=14.9
[INFO] [1786676449.165205]: 开始进行多边形确认 · detections=2
[INFO] [1786676449.177890]: 开始进行多边形确认 · centers=1 · rejected=0 · merged=0 · elapsed_ms=12.7
[INFO] [1786676449.283526]: 开始进行多边形确认 · detections=3
[INFO] [1786676449.297259]: 开始进行多边形确认 · centers=1 · rejected=0 · merged=0 · elapsed_ms=13.8
[INFO] [1786676449.405937]: 开始进行多边形确认 · detections=3
[INFO] [1786676449.417029]: 开始进行多边形确认 · centers=1 · rejected=0 · merged=0 · elapsed_ms=11.1
[INFO] [1786676449.536115]: 开始进行多边形确认 · detections=4
[INFO] [1786676449.551519]: 开始进行多边形确认 · centers=1 · rejected=1 · merged=0 · elapsed_ms=15.5
[INFO] [1786676449.667895]: 开始进行多边形确认 · detections=4
[INFO] [1786676449.682921]: 开始进行多边形确认 · centers=1 · rejected=1 · merged=0 · elapsed_ms=15.0
[INFO] [1786676449.786413]: 开始进行多边形确认 · detections=5
[INFO] [1786676449.805536]: 开始进行多边形确认 · centers=3 · rejected=0 · merged=0 · elapsed_ms=19.2
[INFO] [1786676449.965886]: 开始进行多边形确认 · detections=4
[INFO] [1786676449.983030]: CITRUS_CENTER ok pixel=(476,235) depth=0.591 m radius=30.5 mm arc=212 deg error=0.98 px fragments=1
[INFO] [1786676449.985366]: 开始进行多边形确认 · centers=1 · rejected=1 · merged=0 · elapsed_ms=19.6
[INFO] [1786676450.034164]: 开始进行多边形确认 · detections=5
[INFO] [1786676450.074893]: 开始进行多边形确认 · centers=2 · rejected=1 · merged=0 · elapsed_ms=40.8
[INFO] [1786676450.180000]: 开始进行多边形确认 · detections=4
[INFO] [1786676450.214009]: 开始进行多边形确认 · centers=1 · rejected=1 · merged=0 · elapsed_ms=34.0
[INFO] [1786676450.293926]: 开始进行多边形确认 · detections=5
[INFO] [1786676450.332079]: 开始进行多边形确认 · centers=2 · rejected=1 · merged=0 · elapsed_ms=38.2
[INFO] [1786676450.419729]: 开始进行多边形确认 · detections=5
[INFO] [1786676450.462822]: 开始进行多边形确认 · centers=1 · rejected=2 · merged=0 · elapsed_ms=43.1
[INFO] [1786676450.543675]: 开始进行多边形确认 · detections=4
[INFO] [1786676450.577569]: 开始进行多边形确认 · centers=1 · rejected=1 · merged=0 · elapsed_ms=33.9
[INFO] [1786676450.680821]: 开始进行多边形确认 · detections=5
[INFO] [1786676450.723468]: 开始进行多边形确认 · centers=1 · rejected=2 · merged=0 · elapsed_ms=42.7
[INFO] [1786676450.806567]: 开始进行多边形确认 · detections=4
[INFO] [1786676450.840312]: 开始进行多边形确认 · centers=1 · rejected=1 · merged=0 · elapsed_ms=33.7
[INFO] [1786676450.931635]: 开始进行多边形确认 · detections=5
[INFO] [1786676450.984858]: 开始进行多边形确认 · centers=1 · rejected=2 · merged=0 · elapsed_ms=53.3
[INFO] [1786676451.063257]: 开始进行多边形确认 · detections=3
[INFO] [1786676451.094104]: 开始进行多边形确认 · centers=1 · rejected=1 · merged=0 · elapsed_ms=30.9
[INFO] [1786676451.179787]: 开始进行多边形确认 · detections=5
[INFO] [1786676451.207193]: 开始进行多边形确认 · centers=1 · rejected=2 · merged=0 · elapsed_ms=27.5
[INFO] [1786676451.286118]: 开始进行多边形确认 · detections=4
[INFO] [1786676451.307992]: 开始进行多边形确认 · centers=2 · rejected=1 · merged=0 · elapsed_ms=21.9
[INFO] [1786676451.408085]: 开始进行多边形确认 · detections=5
[INFO] [1786676451.429031]: 开始进行多边形确认 · centers=1 · rejected=2 · merged=0 · elapsed_ms=21.0
[INFO] [1786676451.536206]: 开始进行多边形确认 · detections=3
[INFO] [1786676451.554992]: 开始进行多边形确认 · centers=2 · rejected=0 · merged=0 · elapsed_ms=18.8
[INFO] [1786676451.669804]: 开始进行多边形确认 · detections=4
[INFO] [1786676451.688346]: 开始进行多边形确认 · centers=2 · rejected=0 · merged=0 · elapsed_ms=18.6
[INFO] [1786676451.797489]: 开始进行多边形确认 · detections=3
[INFO] [1786676451.814357]: 开始进行多边形确认 · centers=2 · rejected=0 · merged=0 · elapsed_ms=16.9
[INFO] [1786676451.923757]: 开始进行多边形确认 · detections=3
[INFO] [1786676451.973993]: 开始进行多边形确认 · centers=2 · rejected=0 · merged=0 · elapsed_ms=50.3
[INFO] [1786676452.067413]: 开始进行多边形确认 · detections=3
[INFO] [1786676452.100580]: CITRUS_CENTER ok pixel=(476,236) depth=0.592 m radius=31.0 mm arc=202 deg error=0.78 px fragments=1
[INFO] [1786676452.102669]: 开始进行多边形确认 · centers=1 · rejected=1 · merged=0 · elapsed_ms=35.4
[INFO] [1786676452.186972]: 开始进行多边形确认 · detections=4
[INFO] [1786676452.220505]: 开始进行多边形确认 · centers=2 · rejected=0 · merged=0 · elapsed_ms=33.6
[INFO] [1786676452.307405]: 开始进行多边形确认 · detections=4
[INFO] [1786676452.322255]: 开始进行多边形确认 · centers=2 · rejected=0 · merged=0 · elapsed_ms=14.9
[INFO] [1786676452.413509]: 开始进行多边形确认 · detections=4
[INFO] [1786676452.431352]: 开始进行多边形确认 · centers=2 · rejected=0 · merged=0 · elapsed_ms=17.9
[INFO] [1786676452.545812]: 开始进行多边形确认 · detections=4
[INFO] [1786676452.561892]: 开始进行多边形确认 · centers=2 · rejected=0 · merged=0 · elapsed_ms=16.0
[INFO] [1786676452.687342]: 开始进行多边形确认 · detections=4
[INFO] [1786676452.721427]: 开始进行多边形确认 · centers=2 · rejected=0 · merged=0 · elapsed_ms=34.1
[INFO] [1786676452.808033]: 开始进行多边形确认 · detections=4
[INFO] [1786676452.841154]: 开始进行多边形确认 · centers=1 · rejected=1 · merged=0 · elapsed_ms=33.1
[INFO] [1786676452.842348]: RGB-D vision status: model_ready:onnxruntime targets:2 centers:1 tf:1 rejected:1 merged:0 semantic_masks:4
[INFO] [1786676452.936564]: 开始进行多边形确认 · detections=5
[INFO] [1786676452.979455]: 开始进行多边形确认 · centers=2 · rejected=1 · merged=0 · elapsed_ms=42.9
[INFO] [1786676453.046262]: 开始进行多边形确认 · detections=5
[INFO] [1786676453.082891]: 开始进行多边形确认 · centers=2 · rejected=1 · merged=0 · elapsed_ms=36.7
[INFO] [1786676453.204431]: 开始进行多边形确认 · detections=4
[INFO] [1786676453.255227]: 开始进行多边形确认 · centers=1 · rejected=2 · merged=0 · elapsed_ms=50.8
[INFO] [1786676453.328319]: 开始进行多边形确认 · detections=5
[INFO] [1786676453.369631]: 开始进行多边形确认 · centers=2 · rejected=1 · merged=0 · elapsed_ms=41.3
[INFO] [1786676453.449075]: 开始进行多边形确认 · detections=5
[INFO] [1786676453.491665]: 开始进行多边形确认 · centers=2 · rejected=1 · merged=0 · elapsed_ms=42.6
[INFO] [1786676453.577451]: 开始进行多边形确认 · detections=4
[INFO] [1786676453.597904]: 开始进行多边形确认 · centers=1 · rejected=2 · merged=0 · elapsed_ms=20.5
[INFO] [1786676453.685153]: 开始进行多边形确认 · detections=5
[INFO] [1786676453.707068]: 开始进行多边形确认 · centers=1 · rejected=2 · merged=0 · elapsed_ms=21.9
[INFO] [1786676453.800544]: 开始进行多边形确认 · detections=5
[INFO] [1786676453.819670]: 开始进行多边形确认 · centers=1 · rejected=2 · merged=0 · elapsed_ms=19.2
[INFO] [1786676453.937374]: 开始进行多边形确认 · detections=5
[INFO] [1786676453.957291]: 开始进行多边形确认 · centers=2 · rejected=1 · merged=0 · elapsed_ms=19.9
[INFO] [1786676454.073009]: 开始进行多边形确认 · detections=5
[INFO] [1786676454.122930]: CITRUS_CENTER ok pixel=(471,233) depth=0.591 m radius=26.4 mm arc=276 deg error=0.73 px fragments=1
[INFO] [1786676454.124939]: 开始进行多边形确认 · centers=1 · rejected=2 · merged=0 · elapsed_ms=52.0
[INFO] [1786676454.207632]: 开始进行多边形确认 · detections=5
[INFO] [1786676454.252553]: 开始进行多边形确认 · centers=2 · rejected=1 · merged=0 · elapsed_ms=45.0
[INFO] [1786676454.316568]: 开始进行多边形确认 · detections=5
[INFO] [1786676454.339480]: 开始进行多边形确认 · centers=2 · rejected=1 · merged=0 · elapsed_ms=23.0
[INFO] [1786676454.434785]: 开始进行多边形确认 · detections=5
[INFO] [1786676454.460415]: 开始进行多边形确认 · centers=3 · rejected=0 · merged=0 · elapsed_ms=25.7
[INFO] [1786676454.564693]: 开始进行多边形确认 · detections=5
[INFO] [1786676454.603141]: 开始进行多边形确认 · centers=1 · rejected=2 · merged=0 · elapsed_ms=38.5
[INFO] [1786676454.688565]: 开始进行多边形确认 · detections=4
[INFO] [1786676454.730577]: 开始进行多边形确认 · centers=1 · rejected=2 · merged=0 · elapsed_ms=42.0
[INFO] [1786676454.810961]: 开始进行多边形确认 · detections=4
[INFO] [1786676454.844717]: 开始进行多边形确认 · centers=1 · rejected=1 · merged=0 · elapsed_ms=33.8
[INFO] [1786676454.944089]: 开始进行多边形确认 · detections=5
[INFO] [1786676454.987848]: 开始进行多边形确认 · centers=1 · rejected=2 · merged=0 · elapsed_ms=43.8
[INFO] [1786676455.062432]: 开始进行多边形确认 · detections=5
[INFO] [1786676455.102213]: 开始进行多边形确认 · centers=1 · rejected=2 · merged=0 · elapsed_ms=39.8
[INFO] [1786676455.189121]: 开始进行多边形确认 · detections=5
[INFO] [1786676455.235791]: 开始进行多边形确认 · centers=3 · rejected=0 · merged=0 · elapsed_ms=46.7
[INFO] [1786676455.336464]: 开始进行多边形确认 · detections=5
[INFO] [1786676455.374202]: 开始进行多边形确认 · centers=1 · rejected=2 · merged=0 · elapsed_ms=37.8
[INFO] [1786676455.431500]: 开始进行多边形确认 · detections=5
[INFO] [1786676455.456057]: 开始进行多边形确认 · centers=2 · rejected=1 · merged=0 · elapsed_ms=24.6
[INFO] [1786676455.556390]: 开始进行多边形确认 · detections=5
[INFO] [1786676455.579430]: 开始进行多边形确认 · centers=2 · rejected=1 · merged=0 · elapsed_ms=23.1
[INFO] [1786676455.681737]: 开始进行多边形确认 · detections=5
[INFO] [1786676455.705225]: 开始进行多边形确认 · centers=3 · rejected=0 · merged=0 · elapsed_ms=23.5
[INFO] [1786676455.799933]: 开始进行多边形确认 · detections=5
[INFO] [1786676455.821210]: 开始进行多边形确认 · centers=2 · rejected=1 · merged=0 · elapsed_ms=21.3
[INFO] [1786676455.930144]: 开始进行多边形确认 · detections=5
[INFO] [1786676455.951710]: 开始进行多边形确认 · centers=2 · rejected=1 · merged=0 · elapsed_ms=21.6
[INFO] [1786676456.060340]: 开始进行多边形确认 · detections=5
[INFO] [1786676456.081952]: 开始进行多边形确认 · centers=1 · rejected=2 · merged=0 · elapsed_ms=21.6
[INFO] [1786676456.177539]: 开始进行多边形确认 · detections=4
[INFO] [1786676456.194150]: CITRUS_CENTER ok pixel=(470,233) depth=0.593 m radius=26.4 mm arc=280 deg error=0.62 px fragments=1
[INFO] [1786676456.195009]: 开始进行多边形确认 · centers=2 · rejected=0 · merged=0 · elapsed_ms=17.5
[INFO] [1786676456.348671]: 开始进行多边形确认 · detections=4
[INFO] [1786676456.387411]: 开始进行多边形确认 · centers=1 · rejected=1 · merged=0 · elapsed_ms=38.8
[INFO] [1786676456.450245]: 开始进行多边形确认 · detections=3
[INFO] [1786676456.483517]: 开始进行多边形确认 · centers=1 · rejected=1 · merged=0 · elapsed_ms=33.3
[INFO] [1786676456.559929]: 开始进行多边形确认 · detections=4
[INFO] [1786676456.579110]: 开始进行多边形确认 · centers=1 · rejected=1 · merged=0 · elapsed_ms=19.2
[INFO] [1786676456.692266]: 开始进行多边形确认 · detections=2
[INFO] [1786676456.717471]: 开始进行多边形确认 · centers=1 · rejected=0 · merged=0 · elapsed_ms=25.2
[INFO] [1786676456.816934]: 开始进行多边形确认 · detections=2
[INFO] [1786676456.843032]: 开始进行多边形确认 · centers=1 · rejected=0 · merged=0 · elapsed_ms=26.1
[INFO] [1786676456.951548]: 开始进行多边形确认 · detections=3
[INFO] [1786676456.987034]: 开始进行多边形确认 · centers=1 · rejected=1 · merged=0 · elapsed_ms=35.5
[INFO] [1786676457.059315]: 开始进行多边形确认 · detections=4
[INFO] [1786676457.076739]: 开始进行多边形确认 · centers=2 · rejected=0 · merged=0 · elapsed_ms=17.5
[INFO] [1786676457.195639]: 开始进行多边形确认 · detections=3
[INFO] [1786676457.228009]: 开始进行多边形确认 · centers=1 · rejected=1 · merged=0 · elapsed_ms=32.4
[INFO] [1786676457.323753]: 开始进行多边形确认 · detections=4
[INFO] [1786676457.354550]: 开始进行多边形确认 · centers=2 · rejected=0 · merged=0 · elapsed_ms=31.0
[INFO] [1786676457.446396]: 开始进行多边形确认 · detections=3
[INFO] [1786676457.465163]: 开始进行多边形确认 · centers=2 · rejected=0 · merged=0 · elapsed_ms=18.8
[INFO] [1786676457.561334]: 开始进行多边形确认 · detections=2
[INFO] [1786676457.585198]: 开始进行多边形确认 · centers=1 · rejected=0 · merged=0 · elapsed_ms=24.0
[INFO] [1786676457.680492]: 开始进行多边形确认 · detections=3
[INFO] [1786676457.692985]: 开始进行多边形确认 · centers=1 · rejected=0 · merged=0 · elapsed_ms=12.5
[INFO] [1786676457.804586]: 开始进行多边形确认 · detections=3
[INFO] [1786676457.816587]: 开始进行多边形确认 · centers=1 · rejected=0 · merged=0 · elapsed_ms=12.0
[INFO] [1786676457.933632]: 开始进行多边形确认 · detections=5
[INFO] [1786676457.951250]: 开始进行多边形确认 · centers=1 · rejected=1 · merged=0 · elapsed_ms=17.7
[INFO] [1786676457.953003]: RGB-D vision status: model_ready:onnxruntime targets:2 centers:1 tf:1 rejected:1 merged:0 semantic_masks:5
[INFO] [1786676458.072628]: 开始进行多边形确认 · detections=4
[INFO] [1786676458.106170]: 开始进行多边形确认 · centers=1 · rejected=1 · merged=0 · elapsed_ms=33.6
[INFO] [1786676458.197474]: 开始进行多边形确认 · detections=3
[INFO] [1786676458.222997]: CITRUS_CENTER ok pixel=(471,233) depth=0.593 m radius=26.5 mm arc=276 deg error=0.70 px fragments=1
[INFO] [1786676458.224047]: 开始进行多边形确认 · centers=1 · rejected=0 · merged=0 · elapsed_ms=26.7
[INFO] [1786676458.324820]: 开始进行多边形确认 · detections=3
[INFO] [1786676458.357973]: 开始进行多边形确认 · centers=1 · rejected=0 · merged=0 · elapsed_ms=33.2
[INFO] [1786676458.483283]: 开始进行多边形确认 · detections=4
[INFO] [1786676458.505116]: 开始进行多边形确认 · centers=1 · rejected=1 · merged=0 · elapsed_ms=21.9
[INFO] [1786676458.573149]: 开始进行多边形确认 · detections=3
[INFO] [1786676458.584969]: 开始进行多边形确认 · centers=1 · rejected=0 · merged=0 · elapsed_ms=11.9
[INFO] [1786676458.705884]: 开始进行多边形确认 · detections=2
[INFO] [1786676458.718383]: 开始进行多边形确认 · centers=1 · rejected=0 · merged=0 · elapsed_ms=12.5
[INFO] [1786676458.822591]: 开始进行多边形确认 · detections=3
[INFO] [1786676458.840655]: 开始进行多边形确认 · centers=1 · rejected=1 · merged=0 · elapsed_ms=18.1
[INFO] [1786676458.955951]: 开始进行多边形确认 · detections=4
[INFO] [1786676458.975333]: 开始进行多边形确认 · centers=2 · rejected=0 · merged=0 · elapsed_ms=19.4
[INFO] [1786676459.079439]: 开始进行多边形确认 · detections=4
[INFO] [1786676459.097902]: 开始进行多边形确认 · centers=1 · rejected=2 · merged=0 · elapsed_ms=18.5
[INFO] [1786676459.222088]: 开始进行多边形确认 · detections=3
[INFO] [1786676459.256067]: 开始进行多边形确认 · centers=1 · rejected=1 · merged=0 · elapsed_ms=34.0
[INFO] [1786676459.346772]: 开始进行多边形确认 · detections=4
[INFO] [1786676459.381542]: 开始进行多边形确认 · centers=1 · rejected=1 · merged=0 · elapsed_ms=34.8
[INFO] [1786676459.509303]: 开始进行多边形确认 · detections=4
[INFO] [1786676459.542900]: 开始进行多边形确认 · centers=1 · rejected=1 · merged=0 · elapsed_ms=33.6
[INFO] [1786676459.607983]: 开始进行多边形确认 · detections=4
[INFO] [1786676459.640490]: 开始进行多边形确认 · centers=1 · rejected=1 · merged=0 · elapsed_ms=32.5
[INFO] [1786676459.732381]: 开始进行多边形确认 · detections=5
[INFO] [1786676459.776940]: 开始进行多边形确认 · centers=2 · rejected=1 · merged=0 · elapsed_ms=44.6
[INFO] [1786676459.859460]: 开始进行多边形确认 · detections=3
[INFO] [1786676459.888945]: 开始进行多边形确认 · centers=1 · rejected=1 · merged=0 · elapsed_ms=29.5
[INFO] [1786676459.987140]: 开始进行多边形确认 · detections=4
[INFO] [1786676460.018819]: 开始进行多边形确认 · centers=1 · rejected=1 · merged=0 · elapsed_ms=31.8
[INFO] [1786676460.110014]: 开始进行多边形确认 · detections=5
[INFO] [1786676460.154100]: 开始进行多边形确认 · centers=1 · rejected=2 · merged=0 · elapsed_ms=44.1
[INFO] [1786676460.235189]: 开始进行多边形确认 · detections=5
[INFO] [1786676460.280799]: CITRUS_CENTER ok pixel=(471,233) depth=0.592 m radius=26.4 mm arc=278 deg error=0.73 px fragments=1
[INFO] [1786676460.281945]: 开始进行多边形确认 · centers=2 · rejected=1 · merged=0 · elapsed_ms=46.9
[INFO] [1786676460.362505]: 开始进行多边形确认 · detections=3
[INFO] [1786676460.395700]: 开始进行多边形确认 · centers=1 · rejected=1 · merged=0 · elapsed_ms=33.3
[INFO] [1786676460.522495]: 开始进行多边形确认 · detections=5
[INFO] [1786676460.572529]: 开始进行多边形确认 · centers=2 · rejected=1 · merged=0 · elapsed_ms=50.1
[INFO] [1786676460.644540]: 开始进行多边形确认 · detections=5
[INFO] [1786676460.682524]: 开始进行多边形确认 · centers=1 · rejected=2 · merged=0 · elapsed_ms=38.0
[INFO] [1786676460.775045]: 开始进行多边形确认 · detections=5
[INFO] [1786676460.795746]: 开始进行多边形确认 · centers=1 · rejected=2 · merged=0 · elapsed_ms=20.7
[INFO] [1786676460.877689]: 开始进行多边形确认 · detections=5
[INFO] [1786676460.900026]: 开始进行多边形确认 · centers=2 · rejected=1 · merged=0 · elapsed_ms=22.4
[INFO] [1786676461.003630]: 开始进行多边形确认 · detections=5
[INFO] [1786676461.022652]: 开始进行多边形确认 · centers=1 · rejected=2 · merged=0 · elapsed_ms=19.1
[INFO] [1786676461.137767]: 开始进行多边形确认 · detections=5
[INFO] [1786676461.180864]: 开始进行多边形确认 · centers=1 · rejected=2 · merged=0 · elapsed_ms=43.1
[INFO] [1786676461.266206]: 开始进行多边形确认 · detections=4
[INFO] [1786676461.298788]: 开始进行多边形确认 · centers=1 · rejected=1 · merged=0 · elapsed_ms=32.6
[INFO] [1786676461.392522]: 开始进行多边形确认 · detections=4
[INFO] [1786676461.422309]: 开始进行多边形确认 · centers=1 · rejected=1 · merged=0 · elapsed_ms=29.8
[INFO] [1786676461.581597]: 开始进行多边形确认 · detections=4
[INFO] [1786676461.600702]: 开始进行多边形确认 · centers=1 · rejected=1 · merged=0 · elapsed_ms=19.2
[INFO] [1786676461.668497]: 开始进行多边形确认 · detections=4
[INFO] [1786676461.686201]: 开始进行多边形确认 · centers=1 · rejected=1 · merged=0 · elapsed_ms=17.7
[INFO] [1786676461.780633]: 开始进行多边形确认 · detections=4
[INFO] [1786676461.796576]: 开始进行多边形确认 · centers=2 · rejected=0 · merged=0 · elapsed_ms=16.0
[INFO] [1786676461.895197]: 开始进行多边形确认 · detections=4
[INFO] [1786676461.914110]: 开始进行多边形确认 · centers=1 · rejected=1 · merged=0 · elapsed_ms=18.9
[INFO] [1786676462.026671]: 开始进行多边形确认 · detections=5
[INFO] [1786676462.050570]: 开始进行多边形确认 · centers=1 · rejected=2 · merged=0 · elapsed_ms=23.9
[INFO] [1786676462.152004]: 开始进行多边形确认 · detections=5
[INFO] [1786676462.177618]: 开始进行多边形确认 · centers=2 · rejected=1 · merged=0 · elapsed_ms=25.6
[INFO] [1786676462.279249]: 开始进行多边形确认 · detections=5
[INFO] [1786676462.300090]: CITRUS_CENTER ok pixel=(470,233) depth=0.594 m radius=26.2 mm arc=280 deg error=0.63 px fragments=1
[INFO] [1786676462.301123]: 开始进行多边形确认 · centers=2 · rejected=1 · merged=0 · elapsed_ms=21.9
[INFO] [1786676462.398668]: 开始进行多边形确认 · detections=4
[INFO] [1786676462.417298]: 开始进行多边形确认 · centers=2 · rejected=1 · merged=0 · elapsed_ms=18.7
[INFO] [1786676462.547046]: 开始进行多边形确认 · detections=5
[INFO] [1786676462.584088]: 开始进行多边形确认 · centers=2 · rejected=1 · merged=0 · elapsed_ms=37.1
[INFO] [1786676462.667198]: 开始进行多边形确认 · detections=5
[INFO] [1786676462.685479]: 开始进行多边形确认 · centers=2 · rejected=1 · merged=0 · elapsed_ms=18.3
[INFO] [1786676462.781644]: 开始进行多边形确认 · detections=6
[INFO] [1786676462.803112]: 开始进行多边形确认 · centers=2 · rejected=2 · merged=0 · elapsed_ms=21.5
[INFO] [1786676462.916949]: 开始进行多边形确认 · detections=5
[INFO] [1786676462.958441]: 开始进行多边形确认 · centers=2 · rejected=1 · merged=0 · elapsed_ms=41.5
[INFO] [1786676462.960532]: RGB-D vision status: model_ready:onnxruntime targets:3 centers:2 tf:2 rejected:1 merged:0 semantic_masks:5
[INFO] [1786676463.043988]: 开始进行多边形确认 · detections=5
[INFO] [1786676463.085110]: 开始进行多边形确认 · centers=3 · rejected=0 · merged=0 · elapsed_ms=41.2
[INFO] [1786676463.167187]: 开始进行多边形确认 · detections=4
[INFO] [1786676463.187358]: 开始进行多边形确认 · centers=3 · rejected=0 · merged=0 · elapsed_ms=20.2
[INFO] [1786676463.283065]: 开始进行多边形确认 · detections=5
[INFO] [1786676463.302101]: 开始进行多边形确认 · centers=2 · rejected=1 · merged=0 · elapsed_ms=19.1
[INFO] [1786676463.400871]: 开始进行多边形确认 · detections=6
[INFO] [1786676463.422167]: 开始进行多边形确认 · centers=1 · rejected=3 · merged=0 · elapsed_ms=21.3
[INFO] [1786676463.535783]: 开始进行多边形确认 · detections=5
[INFO] [1786676463.584602]: 开始进行多边形确认 · centers=2 · rejected=1 · merged=0 · elapsed_ms=48.8
[INFO] [1786676463.685762]: 开始进行多边形确认 · detections=5
[INFO] [1786676463.727344]: 开始进行多边形确认 · centers=2 · rejected=1 · merged=0 · elapsed_ms=41.6
[INFO] [1786676463.800415]: 开始进行多边形确认 · detections=4
[INFO] [1786676463.841777]: 开始进行多边形确认 · centers=2 · rejected=1 · merged=0 · elapsed_ms=41.4
[INFO] [1786676463.922055]: 开始进行多边形确认 · detections=4
[INFO] [1786676463.962238]: 开始进行多边形确认 · centers=3 · rejected=0 · merged=0 · elapsed_ms=40.2
[INFO] [1786676464.032595]: 开始进行多边形确认 · detections=5
[INFO] [1786676464.053828]: 开始进行多边形确认 · centers=3 · rejected=0 · merged=0 · elapsed_ms=21.3
[INFO] [1786676464.153326]: 开始进行多边形确认 · detections=4
[INFO] [1786676464.176373]: 开始进行多边形确认 · centers=2 · rejected=1 · merged=0 · elapsed_ms=23.1
[INFO] [1786676464.282998]: 开始进行多边形确认 · detections=5
[INFO] [1786676464.312847]: CITRUS_CENTER ok pixel=(471,233) depth=0.593 m radius=26.4 mm arc=278 deg error=0.72 px fragments=1
[INFO] [1786676464.314281]: 开始进行多边形确认 · centers=2 · rejected=1 · merged=0 · elapsed_ms=31.3
[INFO] [1786676464.406142]: 开始进行多边形确认 · detections=5
[INFO] [1786676464.425363]: 开始进行多边形确认 · centers=1 · rejected=2 · merged=0 · elapsed_ms=19.3
[INFO] [1786676464.543281]: 开始进行多边形确认 · detections=5
[INFO] [1786676464.562863]: 开始进行多边形确认 · centers=2 · rejected=1 · merged=0 · elapsed_ms=19.6
[INFO] [1786676464.668156]: 开始进行多边形确认 · detections=4
[INFO] [1786676464.725792]: 开始进行多边形确认 · centers=1 · rejected=2 · merged=0 · elapsed_ms=57.7
[INFO] [1786676464.825631]: 开始进行多边形确认 · detections=5
[INFO] [1786676464.866498]: 开始进行多边形确认 · centers=1 · rejected=2 · merged=0 · elapsed_ms=40.8
[INFO] [1786676464.948940]: 开始进行多边形确认 · detections=4
[INFO] [1786676464.982063]: 开始进行多边形确认 · centers=1 · rejected=1 · merged=0 · elapsed_ms=33.2
[INFO] [1786676465.078390]: 开始进行多边形确认 · detections=5
[INFO] [1786676465.099035]: 开始进行多边形确认 · centers=1 · rejected=2 · merged=0 · elapsed_ms=20.7
[INFO] [1786676465.192278]: 开始进行多边形确认 · detections=4
[INFO] [1786676465.229569]: 开始进行多边形确认 · centers=1 · rejected=2 · merged=0 · elapsed_ms=37.3
[INFO] [1786676465.304534]: 开始进行多边形确认 · detections=4
[INFO] [1786676465.325150]: 开始进行多边形确认 · centers=1 · rejected=1 · merged=0 · elapsed_ms=20.7
[INFO] [1786676465.428853]: 开始进行多边形确认 · detections=5
[INFO] [1786676465.451832]: 开始进行多边形确认 · centers=2 · rejected=1 · merged=0 · elapsed_ms=23.0
[INFO] [1786676465.554243]: 开始进行多边形确认 · detections=4
[INFO] [1786676465.578796]: 开始进行多边形确认 · centers=1 · rejected=2 · merged=0 · elapsed_ms=24.6
[INFO] [1786676465.684265]: 开始进行多边形确认 · detections=5
[INFO] [1786676465.707687]: 开始进行多边形确认 · centers=2 · rejected=1 · merged=0 · elapsed_ms=23.5
[INFO] [1786676465.825543]: 开始进行多边形确认 · detections=5
[INFO] [1786676465.850463]: 开始进行多边形确认 · centers=2 · rejected=1 · merged=0 · elapsed_ms=25.0
[INFO] [1786676465.926853]: 开始进行多边形确认 · detections=5
[INFO] [1786676465.946027]: 开始进行多边形确认 · centers=1 · rejected=2 · merged=0 · elapsed_ms=19.2
[INFO] [1786676466.080078]: 开始进行多边形确认 · detections=5
[INFO] [1786676466.120369]: 开始进行多边形确认 · centers=1 · rejected=2 · merged=0 · elapsed_ms=40.3
[INFO] [1786676466.199746]: 开始进行多边形确认 · detections=5
[INFO] [1786676466.242473]: 开始进行多边形确认 · centers=3 · rejected=0 · merged=0 · elapsed_ms=42.7
[INFO] [1786676466.329434]: 开始进行多边形确认 · detections=5
[INFO] [1786676466.353067]: CITRUS_CENTER ok pixel=(470,233) depth=0.593 m radius=26.4 mm arc=280 deg error=0.61 px fragments=1
[INFO] [1786676466.354170]: 开始进行多边形确认 · centers=1 · rejected=2 · merged=0 · elapsed_ms=24.8
[INFO] [1786676466.459468]: 开始进行多边形确认 · detections=6
[INFO] [1786676466.500446]: 开始进行多边形确认 · centers=1 · rejected=2 · merged=0 · elapsed_ms=41.0
[INFO] [1786676466.587876]: 开始进行多边形确认 · detections=3
[INFO] [1786676466.619310]: 开始进行多边形确认 · centers=1 · rejected=1 · merged=0 · elapsed_ms=31.5
[INFO] [1786676466.724702]: 开始进行多边形确认 · detections=5
[INFO] [1786676466.770819]: 开始进行多边形确认 · centers=2 · rejected=1 · merged=0 · elapsed_ms=46.2
[INFO] [1786676466.852658]: 开始进行多边形确认 · detections=5
[INFO] [1786676466.874184]: 开始进行多边形确认 · centers=1 · rejected=2 · merged=0 · elapsed_ms=21.6
[INFO] [1786676466.957930]: 开始进行多边形确认 · detections=5
[INFO] [1786676466.979714]: 开始进行多边形确认 · centers=1 · rejected=2 · merged=0 · elapsed_ms=21.8
[INFO] [1786676467.078670]: 开始进行多边形确认 · detections=5
[INFO] [1786676467.097682]: 开始进行多边形确认 · centers=1 · rejected=2 · merged=0 · elapsed_ms=19.0
[INFO] [1786676467.204608]: 开始进行多边形确认 · detections=5
[INFO] [1786676467.223631]: 开始进行多边形确认 · centers=2 · rejected=1 · merged=0 · elapsed_ms=19.1
[INFO] [1786676467.323210]: 开始进行多边形确认 · detections=5
[INFO] [1786676467.343281]: 开始进行多边形确认 · centers=1 · rejected=2 · merged=0 · elapsed_ms=20.1
[INFO] [1786676467.467427]: 开始进行多边形确认 · detections=4
[INFO] [1786676467.499751]: 开始进行多边形确认 · centers=1 · rejected=1 · merged=0 · elapsed_ms=32.4
[INFO] [1786676467.595430]: 开始进行多边形确认 · detections=4
[INFO] [1786676467.609703]: 开始进行多边形确认 · centers=1 · rejected=1 · merged=0 · elapsed_ms=14.3
[INFO] [1786676467.698681]: 开始进行多边形确认 · detections=5
[INFO] [1786676467.718373]: 开始进行多边形确认 · centers=2 · rejected=1 · merged=0 · elapsed_ms=19.7
[INFO] [1786676467.853439]: 开始进行多边形确认 · detections=4
[INFO] [1786676467.894627]: 开始进行多边形确认 · centers=1 · rejected=1 · merged=0 · elapsed_ms=41.2
[INFO] [1786676467.962504]: 开始进行多边形确认 · detections=4
[INFO] [1786676468.005302]: 开始进行多边形确认 · centers=2 · rejected=1 · merged=0 · elapsed_ms=42.8
[INFO] [1786676468.006771]: RGB-D vision status: model_ready:onnxruntime targets:3 centers:2 tf:2 rejected:1 merged:0 semantic_masks:4
[INFO] [1786676468.084033]: 开始进行多边形确认 · detections=5
[INFO] [1786676468.107234]: 开始进行多边形确认 · centers=1 · rejected=2 · merged=0 · elapsed_ms=23.2
[INFO] [1786676468.208658]: 开始进行多边形确认 · detections=4
[INFO] [1786676468.229128]: 开始进行多边形确认 · centers=1 · rejected=1 · merged=0 · elapsed_ms=20.5
[INFO] [1786676468.334161]: 开始进行多边形确认 · detections=5
[INFO] [1786676468.355705]: CITRUS_CENTER ok pixel=(471,233) depth=0.592 m radius=26.4 mm arc=276 deg error=0.73 px fragments=1
[INFO] [1786676468.356714]: 开始进行多边形确认 · centers=1 · rejected=2 · merged=0 · elapsed_ms=22.6
[INFO] [1786676468.446934]: 开始进行多边形确认 · detections=4
[INFO] [1786676468.464050]: 开始进行多边形确认 · centers=1 · rejected=1 · merged=0 · elapsed_ms=17.1
[INFO] [1786676468.581751]: 开始进行多边形确认 · detections=5
[INFO] [1786676468.603841]: 开始进行多边形确认 · centers=3 · rejected=0 · merged=0 · elapsed_ms=22.1
[INFO] [1786676468.703943]: 开始进行多边形确认 · detections=5
[INFO] [1786676468.727979]: 开始进行多边形确认 · centers=1 · rejected=2 · merged=0 · elapsed_ms=24.1
[INFO] [1786676468.828696]: 开始进行多边形确认 · detections=4
[INFO] [1786676468.854004]: 开始进行多边形确认 · centers=1 · rejected=2 · merged=0 · elapsed_ms=25.4
[INFO] [1786676468.966614]: 开始进行多边形确认 · detections=5
[INFO] [1786676469.005337]: 开始进行多边形确认 · centers=2 · rejected=1 · merged=0 · elapsed_ms=38.8
[INFO] [1786676469.094308]: 开始进行多边形确认 · detections=5
[INFO] [1786676469.136820]: 开始进行多边形确认 · centers=1 · rejected=2 · merged=0 · elapsed_ms=42.5
[INFO] [1786676469.214406]: 开始进行多边形确认 · detections=5
[INFO] [1786676469.253185]: 开始进行多边形确认 · centers=2 · rejected=1 · merged=0 · elapsed_ms=38.8
[INFO] [1786676469.319973]: 开始进行多边形确认 · detections=5
[INFO] [1786676469.342992]: 开始进行多边形确认 · centers=1 · rejected=2 · merged=0 · elapsed_ms=23.0
[INFO] [1786676469.448087]: 开始进行多边形确认 · detections=5
[INFO] [1786676469.471061]: 开始进行多边形确认 · centers=2 · rejected=1 · merged=0 · elapsed_ms=23.0
[INFO] [1786676469.582755]: 开始进行多边形确认 · detections=5
[INFO] [1786676469.602369]: 开始进行多边形确认 · centers=1 · rejected=2 · merged=0 · elapsed_ms=19.7
[INFO] [1786676469.696349]: 开始进行多边形确认 · detections=5
[INFO] [1786676469.717584]: 开始进行多边形确认 · centers=2 · rejected=1 · merged=0 · elapsed_ms=21.3
[INFO] [1786676469.825693]: 开始进行多边形确认 · detections=5
[INFO] [1786676469.869349]: 开始进行多边形确认 · centers=3 · rejected=0 · merged=0 · elapsed_ms=43.7
[INFO] [1786676469.955499]: 开始进行多边形确认 · detections=4
[INFO] [1786676469.981160]: 开始进行多边形确认 · centers=2 · rejected=1 · merged=0 · elapsed_ms=25.7
[INFO] [1786676470.107844]: 开始进行多边形确认 · detections=5
[INFO] [1786676470.135925]: 开始进行多边形确认 · centers=1 · rejected=2 · merged=0 · elapsed_ms=28.1
[INFO] [1786676470.196978]: 开始进行多边形确认 · detections=5
[INFO] [1786676470.218801]: 开始进行多边形确认 · centers=2 · rejected=1 · merged=0 · elapsed_ms=21.9
[INFO] [1786676470.331977]: 开始进行多边形确认 · detections=5
[INFO] [1786676470.357298]: CITRUS_CENTER ok pixel=(470,233) depth=0.593 m radius=25.9 mm arc=281 deg error=0.55 px fragments=1
[INFO] [1786676470.358649]: 开始进行多边形确认 · centers=2 · rejected=1 · merged=0 · elapsed_ms=26.7
[INFO] [1786676470.457019]: 开始进行多边形确认 · detections=5
[INFO] [1786676470.479709]: 开始进行多边形确认 · centers=2 · rejected=1 · merged=0 · elapsed_ms=22.7
[INFO] [1786676470.572833]: 开始进行多边形确认 · detections=4
[INFO] [1786676470.594265]: 开始进行多边形确认 · centers=2 · rejected=1 · merged=0 · elapsed_ms=21.5
[INFO] [1786676470.696421]: 开始进行多边形确认 · detections=2
[INFO] [1786676470.708660]: 开始进行多边形确认 · centers=1 · rejected=0 · merged=0 · elapsed_ms=12.3
[INFO] [1786676470.821590]: 开始进行多边形确认 · detections=3
[INFO] [1786676470.835360]: 开始进行多边形确认 · centers=1 · rejected=0 · merged=0 · elapsed_ms=13.8
[INFO] [1786676470.943326]: 开始进行多边形确认 · detections=2
[INFO] [1786676470.955121]: 开始进行多边形确认 · centers=1 · rejected=0 · merged=0 · elapsed_ms=11.8
[INFO] [1786676471.101552]: 开始进行多边形确认 · detections=3
[INFO] [1786676471.125476]: 开始进行多边形确认 · centers=1 · rejected=0 · merged=0 · elapsed_ms=24.0
[INFO] [1786676471.195720]: 开始进行多边形确认 · detections=2
[INFO] [1786676471.206788]: 开始进行多边形确认 · centers=1 · rejected=0 · merged=0 · elapsed_ms=11.1
[INFO] [1786676471.248879]: 开始进行多边形确认 · detections=2
[INFO] [1786676471.261633]: 开始进行多边形确认 · centers=1 · rejected=0 · merged=0 · elapsed_ms=12.8
[INFO] [1786676471.321108]: 开始进行多边形确认 · detections=2
[INFO] [1786676471.333373]: 开始进行多边形确认 · centers=1 · rejected=0 · merged=0 · elapsed_ms=12.3
[INFO] [1786676471.450457]: 开始进行多边形确认 · detections=2
[INFO] [1786676471.463569]: 开始进行多边形确认 · centers=1 · rejected=0 · merged=0 · elapsed_ms=13.1
[INFO] [1786676471.573642]: 开始进行多边形确认 · detections=2
[INFO] [1786676471.586158]: 开始进行多边形确认 · centers=1 · rejected=0 · merged=0 · elapsed_ms=12.6
[INFO] [1786676471.706571]: 开始进行多边形确认 · detections=2
[INFO] [1786676471.721722]: 开始进行多边形确认 · centers=1 · rejected=0 · merged=0 · elapsed_ms=15.2
[INFO] [1786676471.838076]: 开始进行多边形确认 · detections=2
[INFO] [1786676471.866732]: 开始进行多边形确认 · centers=1 · rejected=0 · merged=0 · elapsed_ms=28.7
[INFO] [1786676471.961202]: 开始进行多边形确认 · detections=2
[INFO] [1786676471.987733]: 开始进行多边形确认 · centers=1 · rejected=0 · merged=0 · elapsed_ms=26.6
[INFO] [1786676472.099468]: 开始进行多边形确认 · detections=2
[INFO] [1786676472.131508]: 开始进行多边形确认 · centers=1 · rejected=0 · merged=0 · elapsed_ms=32.1
[INFO] [1786676472.227467]: 开始进行多边形确认 · detections=2
[INFO] [1786676472.254748]: 开始进行多边形确认 · centers=1 · rejected=0 · merged=0 · elapsed_ms=27.3
[INFO] [1786676472.348234]: 开始进行多边形确认 · detections=2
[INFO] [1786676472.373740]: CITRUS_CENTER ok pixel=(465,291) depth=0.610 m radius=24.2 mm arc=283 deg error=0.72 px fragments=1
[INFO] [1786676472.375475]: 开始进行多边形确认 · centers=1 · rejected=0 · merged=0 · elapsed_ms=27.3
[INFO] [1786676472.472172]: 开始进行多边形确认 · detections=2
[INFO] [1786676472.495527]: 开始进行多边形确认 · centers=1 · rejected=0 · merged=0 · elapsed_ms=23.4
[INFO] [1786676472.597194]: 开始进行多边形确认 · detections=2
[INFO] [1786676472.621513]: 开始进行多边形确认 · centers=1 · rejected=0 · merged=0 · elapsed_ms=24.3
[INFO] [1786676472.720729]: 开始进行多边形确认 · detections=2
[INFO] [1786676472.732074]: 开始进行多边形确认 · centers=1 · rejected=0 · merged=0 · elapsed_ms=11.4
[INFO] [1786676472.846380]: 开始进行多边形确认 · detections=2
[INFO] [1786676472.869599]: 开始进行多边形确认 · centers=1 · rejected=0 · merged=0 · elapsed_ms=23.3
[INFO] [1786676472.979999]: 开始进行多边形确认 · detections=2
[INFO] [1786676473.004232]: 开始进行多边形确认 · centers=1 · rejected=0 · merged=0 · elapsed_ms=24.3
[INFO] [1786676473.102938]: 开始进行多边形确认 · detections=2
[INFO] [1786676473.134953]: 开始进行多边形确认 · centers=1 · rejected=0 · merged=0 · elapsed_ms=32.0
[INFO] [1786676473.249825]: 开始进行多边形确认 · detections=2
[INFO] [1786676473.273405]: 开始进行多边形确认 · centers=1 · rejected=0 · merged=0 · elapsed_ms=23.6
[INFO] [1786676473.347389]: 开始进行多边形确认 · detections=2
[INFO] [1786676473.358833]: 开始进行多边形确认 · centers=1 · rejected=0 · merged=0 · elapsed_ms=11.5
[INFO] [1786676473.476452]: 开始进行多边形确认 · detections=2
[INFO] [1786676473.488222]: 开始进行多边形确认 · centers=1 · rejected=0 · merged=0 · elapsed_ms=11.8
[INFO] [1786676473.603192]: 开始进行多边形确认 · detections=2
[INFO] [1786676473.614526]: 开始进行多边形确认 · centers=1 · rejected=0 · merged=0 · elapsed_ms=11.4
[INFO] [1786676473.725099]: 开始进行多边形确认 · detections=2
[INFO] [1786676473.736565]: 开始进行多边形确认 · centers=1 · rejected=0 · merged=0 · elapsed_ms=11.5
[INFO] [1786676473.852341]: 开始进行多边形确认 · detections=2
[INFO] [1786676473.863257]: 开始进行多边形确认 · centers=1 · rejected=0 · merged=0 · elapsed_ms=10.9
[INFO] [1786676473.989217]: 开始进行多边形确认 · detections=2
[INFO] [1786676474.000340]: 开始进行多边形确认 · centers=1 · rejected=0 · merged=0 · elapsed_ms=11.2
[INFO] [1786676474.102981]: 开始进行多边形确认 · detections=2
[INFO] [1786676474.116130]: 开始进行多边形确认 · centers=1 · rejected=0 · merged=0 · elapsed_ms=13.2
[INFO] [1786676474.261871]: 开始进行多边形确认 · detections=2
[INFO] [1786676474.285278]: 开始进行多边形确认 · centers=1 · rejected=0 · merged=0 · elapsed_ms=23.4
[INFO] [1786676474.362821]: 开始进行多边形确认 · detections=2
[INFO] [1786676474.388839]: CITRUS_CENTER ok pixel=(465,291) depth=0.610 m radius=24.1 mm arc=283 deg error=0.72 px fragments=1
[INFO] [1786676474.390157]: 开始进行多边形确认 · centers=1 · rejected=0 · merged=0 · elapsed_ms=27.4
[INFO] [1786676474.488969]: 开始进行多边形确认 · detections=2
[INFO] [1786676474.513038]: 开始进行多边形确认 · centers=1 · rejected=0 · merged=0 · elapsed_ms=24.1
[INFO] [1786676474.612916]: 开始进行多边形确认 · detections=2
[INFO] [1786676474.636431]: 开始进行多边形确认 · centers=1 · rejected=0 · merged=0 · elapsed_ms=23.5
[INFO] [1786676474.740098]: 开始进行多边形确认 · detections=2
[INFO] [1786676474.763501]: 开始进行多边形确认 · centers=1 · rejected=0 · merged=0 · elapsed_ms=23.4
[INFO] [1786676474.853826]: 开始进行多边形确认 · detections=1
[INFO] [1786676474.866229]: 开始进行多边形确认 · centers=1 · rejected=0 · merged=0 · elapsed_ms=12.5
[INFO] [1786676474.867408]: RGB-D vision status: model_ready:onnxruntime targets:1 centers:1 tf:1 rejected:0 merged:0 semantic_masks:1
[INFO] [1786676474.988897]: 开始进行多边形确认 · detections=1
[INFO] [1786676475.116072]: 开始进行多边形确认 · detections=2
[INFO] [1786676475.138583]: 开始进行多边形确认 · centers=1 · rejected=0 · merged=0 · elapsed_ms=22.6
[INFO] [1786676475.244976]: 开始进行多边形确认 · detections=2
[INFO] [1786676475.274277]: 开始进行多边形确认 · centers=1 · rejected=0 · merged=0 · elapsed_ms=29.3
[INFO] [1786676475.373486]: 开始进行多边形确认 · detections=3
[INFO] [1786676475.398424]: 开始进行多边形确认 · centers=1 · rejected=0 · merged=0 · elapsed_ms=25.0
[INFO] [1786676475.465883]: 开始进行多边形确认 · detections=3
[INFO] [1786676475.492919]: 开始进行多边形确认 · centers=1 · rejected=0 · merged=0 · elapsed_ms=27.1
[INFO] [1786676475.595901]: 开始进行多边形确认 · detections=3
[INFO] [1786676475.622190]: 开始进行多边形确认 · centers=1 · rejected=0 · merged=0 · elapsed_ms=26.3
[INFO] [1786676475.725648]: 开始进行多边形确认 · detections=3
[INFO] [1786676475.749703]: 开始进行多边形确认 · centers=1 · rejected=0 · merged=0 · elapsed_ms=24.1
[INFO] [1786676475.843464]: 开始进行多边形确认 · detections=3
[INFO] [1786676475.867531]: 开始进行多边形确认 · centers=1 · rejected=0 · merged=0 · elapsed_ms=24.1
[INFO] [1786676475.967235]: 开始进行多边形确认 · detections=3
[INFO] [1786676475.992423]: 开始进行多边形确认 · centers=1 · rejected=0 · merged=0 · elapsed_ms=25.2
[INFO] [1786676476.093409]: 开始进行多边形确认 · detections=3
[INFO] [1786676476.117550]: 开始进行多边形确认 · centers=1 · rejected=0 · merged=0 · elapsed_ms=24.2
[INFO] [1786676476.222871]: 开始进行多边形确认 · detections=3
[INFO] [1786676476.245442]: 开始进行多边形确认 · centers=1 · rejected=0 · merged=0 · elapsed_ms=22.6
[INFO] [1786676476.357957]: 开始进行多边形确认 · detections=3
[INFO] [1786676476.376568]: 开始进行多边形确认 · centers=1 · rejected=0 · merged=0 · elapsed_ms=18.7
[INFO] [1786676476.457475]: 开始进行多边形确认 · detections=3
[INFO] [1786676476.467528]: CITRUS_CENTER ok pixel=(403,297) depth=0.578 m radius=31.1 mm arc=229 deg error=1.05 px fragments=1
[INFO] [1786676476.468410]: 开始进行多边形确认 · centers=1 · rejected=0 · merged=0 · elapsed_ms=11.0
[INFO] [1786676476.587331]: 开始进行多边形确认 · detections=3
[INFO] [1786676476.598839]: 开始进行多边形确认 · centers=1 · rejected=0 · merged=0 · elapsed_ms=11.6
[INFO] [1786676476.705892]: 开始进行多边形确认 · detections=3
[INFO] [1786676476.718220]: 开始进行多边形确认 · centers=1 · rejected=0 · merged=0 · elapsed_ms=12.3
[INFO] [1786676476.831220]: 开始进行多边形确认 · detections=3
[INFO] [1786676476.841624]: 开始进行多边形确认 · centers=1 · rejected=0 · merged=0 · elapsed_ms=10.4
[INFO] [1786676476.957720]: 开始进行多边形确认 · detections=3
[INFO] [1786676476.968305]: 开始进行多边形确认 · centers=1 · rejected=0 · merged=0 · elapsed_ms=10.6
[INFO] [1786676477.101151]: 开始进行多边形确认 · detections=3
[INFO] [1786676477.115479]: 开始进行多边形确认 · centers=1 · rejected=0 · merged=0 · elapsed_ms=14.4
[INFO] [1786676477.209358]: 开始进行多边形确认 · detections=3
[INFO] [1786676477.220084]: 开始进行多边形确认 · centers=1 · rejected=0 · merged=0 · elapsed_ms=10.8
[INFO] [1786676477.336824]: 开始进行多边形确认 · detections=3
[INFO] [1786676477.365514]: 开始进行多边形确认 · centers=1 · rejected=0 · merged=0 · elapsed_ms=28.7
[INFO] [1786676477.484789]: 开始进行多边形确认 · detections=3
[INFO] [1786676477.507922]: 开始进行多边形确认 · centers=1 · rejected=0 · merged=0 · elapsed_ms=23.2
[INFO] [1786676477.619238]: 开始进行多边形确认 · detections=3
[INFO] [1786676477.641047]: 开始进行多边形确认 · centers=1 · rejected=0 · merged=0 · elapsed_ms=21.8
[INFO] [1786676477.736711]: 开始进行多边形确认 · detections=3
[INFO] [1786676477.759251]: 开始进行多边形确认 · centers=1 · rejected=0 · merged=0 · elapsed_ms=22.6
[INFO] [1786676477.866439]: 开始进行多边形确认 · detections=3
[INFO] [1786676477.888463]: 开始进行多边形确认 · centers=1 · rejected=0 · merged=0 · elapsed_ms=22.0
[INFO] [1786676477.990358]: 开始进行多边形确认 · detections=3
[INFO] [1786676478.011338]: 开始进行多边形确认 · centers=1 · rejected=0 · merged=0 · elapsed_ms=21.0
[INFO] [1786676478.114958]: 开始进行多边形确认 · detections=3
[INFO] [1786676478.138153]: 开始进行多边形确认 · centers=1 · rejected=0 · merged=0 · elapsed_ms=23.2
[INFO] [1786676478.234342]: 开始进行多边形确认 · detections=3
[INFO] [1786676478.247085]: 开始进行多边形确认 · centers=1 · rejected=0 · merged=0 · elapsed_ms=12.8
[INFO] [1786676478.350398]: 开始进行多边形确认 · detections=3
[INFO] [1786676478.371034]: 开始进行多边形确认 · centers=1 · rejected=0 · merged=0 · elapsed_ms=20.7
[INFO] [1786676478.475971]: 开始进行多边形确认 · detections=3
[INFO] [1786676478.487528]: CITRUS_CENTER ok pixel=(402,297) depth=0.578 m radius=30.7 mm arc=233 deg error=1.24 px fragments=1
[INFO] [1786676478.488549]: 开始进行多边形确认 · centers=1 · rejected=0 · merged=0 · elapsed_ms=12.6
[INFO] [1786676478.594929]: 开始进行多边形确认 · detections=3
[INFO] [1786676478.608237]: 开始进行多边形确认 · centers=1 · rejected=0 · merged=0 · elapsed_ms=13.4
[INFO] [1786676478.719235]: 开始进行多边形确认 · detections=3
[INFO] [1786676478.730443]: 开始进行多边形确认 · centers=1 · rejected=0 · merged=0 · elapsed_ms=11.2
[INFO] [1786676478.838962]: 开始进行多边形确认 · detections=3
[INFO] [1786676478.864386]: 开始进行多边形确认 · centers=1 · rejected=0 · merged=0 · elapsed_ms=25.5
[INFO] [1786676478.974077]: 开始进行多边形确认 · detections=3
[INFO] [1786676478.998177]: 开始进行多边形确认 · centers=1 · rejected=0 · merged=0 · elapsed_ms=24.1
[INFO] [1786676479.105293]: 开始进行多边形确认 · detections=3
[INFO] [1786676479.128516]: 开始进行多边形确认 · centers=1 · rejected=0 · merged=0 · elapsed_ms=23.3
[INFO] [1786676479.224840]: 开始进行多边形确认 · detections=3
[INFO] [1786676479.246680]: 开始进行多边形确认 · centers=1 · rejected=0 · merged=0 · elapsed_ms=21.9
[INFO] [1786676479.342313]: 开始进行多边形确认 · detections=2
[INFO] [1786676479.352876]: 开始进行多边形确认 · centers=1 · rejected=0 · merged=0 · elapsed_ms=10.6
[INFO] [1786676479.491358]: 开始进行多边形确认 · detections=2
[INFO] [1786676479.510761]: 开始进行多边形确认 · centers=1 · rejected=0 · merged=0 · elapsed_ms=19.4
[INFO] [1786676479.596038]: 开始进行多边形确认 · detections=2
[INFO] [1786676479.607924]: 开始进行多边形确认 · centers=1 · rejected=0 · merged=0 · elapsed_ms=11.9
[INFO] [1786676479.726159]: 开始进行多边形确认 · detections=2
[INFO] [1786676479.747630]: 开始进行多边形确认 · centers=1 · rejected=0 · merged=0 · elapsed_ms=21.5
[INFO] [1786676479.853186]: 开始进行多边形确认 · detections=2
[INFO] [1786676479.876146]: 开始进行多边形确认 · centers=1 · rejected=0 · merged=0 · elapsed_ms=23.0
[INFO] [1786676479.979489]: 开始进行多边形确认 · detections=2
[INFO] [1786676480.004350]: 开始进行多边形确认 · centers=1 · rejected=0 · merged=0 · elapsed_ms=24.9
[INFO] [1786676480.108383]: 开始进行多边形确认 · detections=2
[INFO] [1786676480.130012]: 开始进行多边形确认 · centers=1 · rejected=0 · merged=0 · elapsed_ms=21.7
[INFO] [1786676480.196630]: 开始进行多边形确认 · detections=2
[INFO] [1786676480.215192]: 开始进行多边形确认 · centers=1 · rejected=0 · merged=0 · elapsed_ms=18.6
[INFO] [1786676480.280989]: 开始进行多边形确认 · detections=2
[INFO] [1786676480.300778]: 开始进行多边形确认 · centers=1 · rejected=0 · merged=0 · elapsed_ms=19.8
[INFO] [1786676480.408366]: 开始进行多边形确认 · detections=3
[INFO] [1786676480.431009]: 开始进行多边形确认 · centers=1 · rejected=0 · merged=0 · elapsed_ms=22.7
[INFO] [1786676480.432533]: RGB-D vision status: model_ready:onnxruntime targets:1 centers:1 tf:1 rejected:0 merged:0 semantic_masks:3
[INFO] [1786676480.591103]: 开始进行多边形确认 · detections=4
[INFO] [1786676480.618080]: CITRUS_CENTER ok pixel=(317,295) depth=0.560 m radius=27.2 mm arc=285 deg error=0.84 px fragments=1
[INFO] [1786676480.620348]: 开始进行多边形确认 · centers=1 · rejected=1 · merged=0 · elapsed_ms=29.3
[INFO] [1786676480.688064]: 开始进行多边形确认 · detections=3
[INFO] [1786676480.711776]: 开始进行多边形确认 · centers=1 · rejected=0 · merged=0 · elapsed_ms=23.7
[INFO] [1786676480.808795]: 开始进行多边形确认 · detections=2
[INFO] [1786676480.830251]: 开始进行多边形确认 · centers=1 · rejected=0 · merged=0 · elapsed_ms=21.5
[INFO] [1786676480.938863]: 开始进行多边形确认 · detections=2
[INFO] [1786676480.960329]: 开始进行多边形确认 · centers=1 · rejected=0 · merged=0 · elapsed_ms=21.5
[INFO] [1786676481.064964]: 开始进行多边形确认 · detections=2
[INFO] [1786676481.088178]: 开始进行多边形确认 · centers=1 · rejected=0 · merged=0 · elapsed_ms=23.2
[INFO] [1786676481.191993]: 开始进行多边形确认 · detections=2
[INFO] [1786676481.212622]: 开始进行多边形确认 · centers=1 · rejected=0 · merged=0 · elapsed_ms=20.7
[INFO] [1786676481.316200]: 开始进行多边形确认 · detections=2
[INFO] [1786676481.337810]: 开始进行多边形确认 · centers=1 · rejected=0 · merged=0 · elapsed_ms=21.7
[INFO] [1786676481.440875]: 开始进行多边形确认 · detections=2
[INFO] [1786676481.463495]: 开始进行多边形确认 · centers=1 · rejected=0 · merged=0 · elapsed_ms=22.7
[INFO] [1786676481.591697]: 开始进行多边形确认 · detections=2
[INFO] [1786676481.617929]: 开始进行多边形确认 · centers=1 · rejected=0 · merged=0 · elapsed_ms=26.3
[INFO] [1786676481.695726]: 开始进行多边形确认 · detections=2
[INFO] [1786676481.716164]: 开始进行多边形确认 · centers=1 · rejected=0 · merged=0 · elapsed_ms=20.4
[INFO] [1786676481.810573]: 开始进行多边形确认 · detections=2
[INFO] [1786676481.829837]: 开始进行多边形确认 · centers=1 · rejected=0 · merged=0 · elapsed_ms=19.3
[INFO] [1786676481.935483]: 开始进行多边形确认 · detections=2
[INFO] [1786676481.957179]: 开始进行多边形确认 · centers=1 · rejected=0 · merged=0 · elapsed_ms=21.7
[INFO] [1786676482.060416]: 开始进行多边形确认 · detections=2
[INFO] [1786676482.081455]: 开始进行多边形确认 · centers=1 · rejected=0 · merged=0 · elapsed_ms=21.1
[INFO] [1786676482.191270]: 开始进行多边形确认 · detections=2
[INFO] [1786676482.209822]: 开始进行多边形确认 · centers=1 · rejected=0 · merged=0 · elapsed_ms=18.6
[INFO] [1786676482.317149]: 开始进行多边形确认 · detections=2
[INFO] [1786676482.339729]: 开始进行多边形确认 · centers=1 · rejected=0 · merged=0 · elapsed_ms=22.6
[INFO] [1786676482.429802]: 开始进行多边形确认 · detections=2
[INFO] [1786676482.452848]: 开始进行多边形确认 · centers=1 · rejected=0 · merged=0 · elapsed_ms=23.1
[INFO] [1786676482.555248]: 开始进行多边形确认 · detections=2
[INFO] [1786676482.577987]: 开始进行多边形确认 · centers=1 · rejected=0 · merged=0 · elapsed_ms=22.8
[INFO] [1786676482.739663]: 开始进行多边形确认 · detections=2
[INFO] [1786676482.760408]: CITRUS_CENTER ok pixel=(317,295) depth=0.561 m radius=26.6 mm arc=300 deg error=0.87 px fragments=1
[INFO] [1786676482.761478]: 开始进行多边形确认 · centers=1 · rejected=0 · merged=0 · elapsed_ms=21.9
[INFO] [1786676482.827380]: 开始进行多边形确认 · detections=2
[INFO] [1786676482.847564]: 开始进行多边形确认 · centers=1 · rejected=0 · merged=0 · elapsed_ms=20.2
[INFO] [1786676482.951891]: 开始进行多边形确认 · detections=2
[INFO] [1786676482.974366]: 开始进行多边形确认 · centers=1 · rejected=0 · merged=0 · elapsed_ms=22.5
[INFO] [1786676483.074458]: 开始进行多边形确认 · detections=2
[INFO] [1786676483.094516]: 开始进行多边形确认 · centers=1 · rejected=0 · merged=0 · elapsed_ms=20.1
[INFO] [1786676483.213372]: 开始进行多边形确认 · detections=2
[INFO] [1786676483.231727]: 开始进行多边形确认 · centers=1 · rejected=0 · merged=0 · elapsed_ms=18.4
[INFO] [1786676483.326358]: 开始进行多边形确认 · detections=2
[INFO] [1786676483.346135]: 开始进行多边形确认 · centers=1 · rejected=0 · merged=0 · elapsed_ms=19.8
[INFO] [1786676483.449149]: 开始进行多边形确认 · detections=2
[INFO] [1786676483.472526]: 开始进行多边形确认 · centers=1 · rejected=0 · merged=0 · elapsed_ms=23.4
[INFO] [1786676483.578111]: 开始进行多边形确认 · detections=2
[INFO] [1786676483.603438]: 开始进行多边形确认 · centers=1 · rejected=0 · merged=0 · elapsed_ms=25.3
[INFO] [1786676483.728717]: 开始进行多边形确认 · detections=2
[INFO] [1786676483.750793]: 开始进行多边形确认 · centers=1 · rejected=0 · merged=0 · elapsed_ms=22.1
[INFO] [1786676483.827861]: 开始进行多边形确认 · detections=2
[INFO] [1786676483.847775]: 开始进行多边形确认 · centers=1 · rejected=0 · merged=0 · elapsed_ms=19.9
[INFO] [1786676483.955530]: 开始进行多边形确认 · detections=2
[INFO] [1786676483.976655]: 开始进行多边形确认 · centers=1 · rejected=0 · merged=0 · elapsed_ms=21.1
[INFO] [1786676484.082067]: 开始进行多边形确认 · detections=2
[INFO] [1786676484.101767]: 开始进行多边形确认 · centers=1 · rejected=0 · merged=0 · elapsed_ms=19.7
[WARN] [1786676452.101789]: CITRUS_CENTER reject instances=2 reason=reconstructed citrus radius 19.5 mm is outside 22.0..40.0 mm
[WARN] [1786676454.124122]: CITRUS_CENTER reject instances=2 reason=reconstructed citrus radius 19.1 mm is outside 22.0..40.0 mm
[WARN] [1786676456.386368]: CITRUS_CENTER reject instances=3 reason=reconstructed citrus radius 19.5 mm is outside 22.0..40.0 mm
[WARN] [1786676458.504111]: CITRUS_CENTER reject instances=3 reason=reconstructed citrus radius 19.9 mm is outside 22.0..40.0 mm
[WARN] [1786676460.571348]: CITRUS_CENTER reject instances=4 reason=reconstructed citrus radius 19.6 mm is outside 22.0..40.0 mm
[WARN] [1786676462.582376]: CITRUS_CENTER reject instances=2 reason=reconstructed citrus radius 19.5 mm is outside 22.0..40.0 mm
[WARN] [1786676464.724597]: CITRUS_CENTER reject instances=2 reason=reconstructed citrus radius 19.1 mm is outside 22.0..40.0 mm
[WARN] [1786676466.769300]: CITRUS_CENTER reject instances=2 reason=reconstructed citrus radius 19.9 mm is outside 22.0..40.0 mm
[WARN] [1786676468.852975]: CITRUS_CENTER reject instances=2 reason=reconstructed citrus radius 19.8 mm is outside 22.0..40.0 mm
[WARN] [1786676474.990235]: 开始进行多边形确认 · 多边形确认失败 · rejected=0 · elapsed_ms=1.4
[WARN] [1786676480.619265]: CITRUS_CENTER reject instances=1 reason=polygon circle inlier ratio 0.18 is below 0.30
[INFO] [1786676484.204566]: 开始进行多边形确认 · detections=2
[INFO] [1786676484.226225]: 开始进行多边形确认 · centers=1 · rejected=0 · merged=0 · elapsed_ms=21.7
[INFO] [1786676484.331902]: 开始进行多边形确认 · detections=2
[INFO] [1786676484.353735]: 开始进行多边形确认 · centers=1 · rejected=0 · merged=0 · elapsed_ms=21.9
[INFO] [1786676484.459219]: 开始进行多边形确认 · detections=2
[INFO] [1786676484.478583]: 开始进行多边形确认 · centers=1 · rejected=0 · merged=0 · elapsed_ms=19.4
[INFO] [1786676484.579179]: 开始进行多边形确认 · detections=2
[INFO] [1786676484.599884]: 开始进行多边形确认 · centers=1 · rejected=0 · merged=0 · elapsed_ms=20.7
[INFO] [1786676484.723317]: 开始进行多边形确认 · detections=2
[INFO] [1786676484.746318]: 开始进行多边形确认 · centers=1 · rejected=0 · merged=0 · elapsed_ms=23.1
[INFO] [1786676484.827628]: 开始进行多边形确认 · detections=2
[INFO] [1786676484.836865]: CITRUS_CENTER ok pixel=(261,297) depth=0.576 m radius=24.8 mm arc=258 deg error=0.91 px fragments=1
[INFO] [1786676484.837768]: 开始进行多边形确认 · centers=1 · rejected=0 · merged=0 · elapsed_ms=10.2
[INFO] [1786676484.951424]: 开始进行多边形确认 · detections=1
[INFO] [1786676484.961673]: 开始进行多边形确认 · centers=1 · rejected=0 · merged=0 · elapsed_ms=10.3
[INFO] [1786676485.018785]: 开始进行多边形确认 · detections=3
[INFO] [1786676485.045473]: 开始进行多边形确认 · centers=1 · rejected=0 · merged=1 · elapsed_ms=26.7
[INFO] [1786676485.091631]: 开始进行多边形确认 · detections=4
[INFO] [1786676485.115156]: 开始进行多边形确认 · centers=1 · rejected=0 · merged=1 · elapsed_ms=23.6
[INFO] [1786676485.216117]: 开始进行多边形确认 · detections=3
[INFO] [1786676485.248687]: 开始进行多边形确认 · centers=1 · rejected=0 · merged=1 · elapsed_ms=32.6
[INFO] [1786676485.351685]: 开始进行多边形确认 · detections=3
[INFO] [1786676485.378761]: 开始进行多边形确认 · centers=1 · rejected=0 · merged=1 · elapsed_ms=27.1
[INFO] [1786676485.478310]: 开始进行多边形确认 · detections=3
[INFO] [1786676485.543689]: 开始进行多边形确认 · centers=1 · rejected=0 · merged=1 · elapsed_ms=65.4
[INFO] [1786676485.621489]: 开始进行多边形确认 · detections=3
[INFO] [1786676485.687823]: 开始进行多边形确认 · centers=1 · rejected=0 · merged=1 · elapsed_ms=66.4
[INFO] [1786676485.762430]: 开始进行多边形确认 · detections=3
[INFO] [1786676485.825884]: 开始进行多边形确认 · centers=1 · rejected=0 · merged=1 · elapsed_ms=63.5
[INFO] [1786676485.902271]: 开始进行多边形确认 · detections=3
[INFO] [1786676485.953327]: 开始进行多边形确认 · centers=1 · rejected=0 · merged=1 · elapsed_ms=51.1
[31mWARNING: disk usage in log directory [/home/catas/.ros/log] is over 1GB.
It's recommended that you use the 'rosclean' command.[0m
[1mprocess[camera/realsense2_camera_manager-1]: started with pid [8499][0m
[1mprocess[camera/realsense2_camera-2]: started with pid [8500][0m
[1mprocess[elfin_vision/citrus_rgbd_node-3]: started with pid [8501][0m
[elfin_vision/citrus_rgbd_node-3] killing on exit
[camera/realsense2_camera-2] killing on exit
[camera/realsense2_camera_manager-1] killing on exit
shutting down processing monitor...
... shutting down processing monitor complete
[1mdone[0m
