... logging to /home/catas/.ros/log/06546cc4-964f-11f1-bce8-c4c6e661f1ab/roslaunch-catas-5905.log
Checking log directory for disk usage. This may take a while.
Press Ctrl-C to interrupt
Done checking log file disk usage. Usage is <1GB.
]2;/home/catas/ros_ws/src/elfin_vision/launch/citrus_sensor_runtime.launch
[1mstarted roslaunch server http://127.0.0.1:37113/[0m

SUMMARY
========

PARAMETERS
 * /camera/realsense2_camera/accel_fps: 0
 * /camera/realsense2_camera/accel_frame_id: camera_accel_frame
 * /camera/realsense2_camera/accel_optical_frame_id: camera_accel_opti...
 * /camera/realsense2_camera/align_depth: True
 * /camera/realsense2_camera/aligned_depth_to_color_frame_id: camera_aligned_de...
 * /camera/realsense2_camera/aligned_depth_to_fisheye1_frame_id: camera_aligned_de...
 * /camera/realsense2_camera/aligned_depth_to_fisheye2_frame_id: camera_aligned_de...
 * /camera/realsense2_camera/aligned_depth_to_fisheye_frame_id: camera_aligned_de...
 * /camera/realsense2_camera/aligned_depth_to_infra1_frame_id: camera_aligned_de...
 * /camera/realsense2_camera/aligned_depth_to_infra2_frame_id: camera_aligned_de...
 * /camera/realsense2_camera/allow_no_texture_points: False
 * /camera/realsense2_camera/base_frame_id: camera_link
 * /camera/realsense2_camera/calib_odom_file: 
 * /camera/realsense2_camera/clip_distance: -2.0
 * /camera/realsense2_camera/color_fps: 15
 * /camera/realsense2_camera/color_frame_id: camera_color_frame
 * /camera/realsense2_camera/color_height: 480
 * /camera/realsense2_camera/color_optical_frame_id: camera_color_opti...
 * /camera/realsense2_camera/color_width: 640
 * /camera/realsense2_camera/confidence_fps: -1
 * /camera/realsense2_camera/confidence_height: -1
 * /camera/realsense2_camera/confidence_width: -1
 * /camera/realsense2_camera/depth_fps: 5
 * /camera/realsense2_camera/depth_frame_id: camera_depth_frame
 * /camera/realsense2_camera/depth_height: 480
 * /camera/realsense2_camera/depth_optical_frame_id: camera_depth_opti...
 * /camera/realsense2_camera/depth_width: 640
 * /camera/realsense2_camera/device_type: d435
 * /camera/realsense2_camera/enable_accel: False
 * /camera/realsense2_camera/enable_color: True
 * /camera/realsense2_camera/enable_confidence: False
 * /camera/realsense2_camera/enable_depth: True
 * /camera/realsense2_camera/enable_fisheye1: False
 * /camera/realsense2_camera/enable_fisheye2: False
 * /camera/realsense2_camera/enable_fisheye: False
 * /camera/realsense2_camera/enable_gyro: False
 * /camera/realsense2_camera/enable_infra1: False
 * /camera/realsense2_camera/enable_infra2: False
 * /camera/realsense2_camera/enable_infra: False
 * /camera/realsense2_camera/enable_pointcloud: True
 * /camera/realsense2_camera/enable_pose: False
 * /camera/realsense2_camera/enable_sync: False
 * /camera/realsense2_camera/filters: 
 * /camera/realsense2_camera/fisheye1_frame_id: camera_fisheye1_f...
 * /camera/realsense2_camera/fisheye1_optical_frame_id: camera_fisheye1_o...
 * /camera/realsense2_camera/fisheye2_frame_id: camera_fisheye2_f...
 * /camera/realsense2_camera/fisheye2_optical_frame_id: camera_fisheye2_o...
 * /camera/realsense2_camera/fisheye_fps: -1
 * /camera/realsense2_camera/fisheye_frame_id: camera_fisheye_frame
 * /camera/realsense2_camera/fisheye_height: -1
 * /camera/realsense2_camera/fisheye_optical_frame_id: camera_fisheye_op...
 * /camera/realsense2_camera/fisheye_width: -1
 * /camera/realsense2_camera/gyro_fps: 0
 * /camera/realsense2_camera/gyro_frame_id: camera_gyro_frame
 * /camera/realsense2_camera/gyro_optical_frame_id: camera_gyro_optic...
 * /camera/realsense2_camera/imu_optical_frame_id: camera_imu_optica...
 * /camera/realsense2_camera/infra1_frame_id: camera_infra1_frame
 * /camera/realsense2_camera/infra1_optical_frame_id: camera_infra1_opt...
 * /camera/realsense2_camera/infra2_frame_id: camera_infra2_frame
 * /camera/realsense2_camera/infra2_optical_frame_id: camera_infra2_opt...
 * /camera/realsense2_camera/infra_fps: 30
 * /camera/realsense2_camera/infra_height: 480
 * /camera/realsense2_camera/infra_rgb: False
 * /camera/realsense2_camera/infra_width: 848
 * /camera/realsense2_camera/initial_reset: False
 * /camera/realsense2_camera/json_file_path: 
 * /camera/realsense2_camera/linear_accel_cov: 0.01
 * /camera/realsense2_camera/odom_frame_id: camera_odom_frame
 * /camera/realsense2_camera/ordered_pc: False
 * /camera/realsense2_camera/pointcloud_texture_index: 0
 * /camera/realsense2_camera/pointcloud_texture_stream: RS2_STREAM_ANY
 * /camera/realsense2_camera/pose_frame_id: camera_pose_frame
 * /camera/realsense2_camera/pose_optical_frame_id: camera_pose_optic...
 * /camera/realsense2_camera/publish_odom_tf: True
 * /camera/realsense2_camera/publish_tf: True
 * /camera/realsense2_camera/reconnect_timeout: 6.0
 * /camera/realsense2_camera/rosbag_filename: 
 * /camera/realsense2_camera/serial_no: 233522078111
 * /camera/realsense2_camera/stereo_module/exposure/1: 7500
 * /camera/realsense2_camera/stereo_module/exposure/2: 1
 * /camera/realsense2_camera/stereo_module/gain/1: 16
 * /camera/realsense2_camera/stereo_module/gain/2: 16
 * /camera/realsense2_camera/tf_publish_rate: 0.0
 * /camera/realsense2_camera/topic_odom_in: odom_in
 * /camera/realsense2_camera/unite_imu_method: none
 * /camera/realsense2_camera/usb_port_id: 2-3
 * /camera/realsense2_camera/wait_for_device_timeout: 8.0
 * /elfin_vision/citrus_rgbd_node/backend: onnxruntime
 * /elfin_vision/citrus_rgbd_node/citrus_circle_minimum_arc_deg: 80.0
 * /elfin_vision/citrus_rgbd_node/citrus_circle_minimum_inlier_ratio: 0.3
 * /elfin_vision/citrus_rgbd_node/citrus_circle_residual_px: 2.5
 * /elfin_vision/citrus_rgbd_node/citrus_merge_depth_tolerance_m: 0.025
 * /elfin_vision/citrus_rgbd_node/citrus_merge_gap_radius_ratio: 0.45
 * /elfin_vision/citrus_rgbd_node/citrus_polar_radius_max_m: 0.025
 * /elfin_vision/citrus_rgbd_node/citrus_polar_radius_min_m: 0.022
 * /elfin_vision/citrus_rgbd_node/citrus_radius_max_m: 0.033
 * /elfin_vision/citrus_rgbd_node/citrus_radius_min_m: 0.022
 * /elfin_vision/citrus_rgbd_node/class_names/0: citrus
 * /elfin_vision/citrus_rgbd_node/class_names/1: tree
 * /elfin_vision/citrus_rgbd_node/confidence: 0.35
 * /elfin_vision/citrus_rgbd_node/depth_max_m: 4.0
 * /elfin_vision/citrus_rgbd_node/depth_min_m: 0.2
 * /elfin_vision/citrus_rgbd_node/depth_min_samples: 20
 * /elfin_vision/citrus_rgbd_node/depth_pair_maximum_age_s: 0.35
 * /elfin_vision/citrus_rgbd_node/depth_pair_maximum_delta_s: 0.04
 * /elfin_vision/citrus_rgbd_node/device: auto
 * /elfin_vision/citrus_rgbd_node/engine_path: 
 * /elfin_vision/citrus_rgbd_node/engine_sha256: 
 * /elfin_vision/citrus_rgbd_node/image_size: 640
 * /elfin_vision/citrus_rgbd_node/inference_queue_size: 12
 * /elfin_vision/citrus_rgbd_node/inference_request_match_slop_s: 0.002
 * /elfin_vision/citrus_rgbd_node/iou: 0.45
 * /elfin_vision/citrus_rgbd_node/max_inference_hz: 8.0
 * /elfin_vision/citrus_rgbd_node/model_path: /home/catas/elfin...
 * /elfin_vision/citrus_rgbd_node/model_repo: 
 * /elfin_vision/citrus_rgbd_node/model_sha256: 371c56e82f2452cc9...
 * /elfin_vision/citrus_rgbd_node/publish_annotated_image: False
 * /elfin_vision/citrus_rgbd_node/remote_preferred: False
 * /elfin_vision/citrus_rgbd_node/remote_timeout_s: 0.8
 * /elfin_vision/citrus_rgbd_node/remote_token_file: /home/catas/.conf...
 * /elfin_vision/citrus_rgbd_node/remote_url: http://aiseon.loc...
 * /elfin_vision/citrus_rgbd_node/rgbd_history_size: 18
 * /elfin_vision/citrus_rgbd_node/semantic_class_ids: []
 * /elfin_vision/citrus_rgbd_node/semantic_labels: ['citrus', 'tree']
 * /elfin_vision/citrus_rgbd_node/target_class_ids: []
 * /elfin_vision/citrus_rgbd_node/target_frame: elfin_base_link
 * /elfin_vision/citrus_rgbd_node/target_labels: ['citrus', 'orang...
 * /rosdistro: noetic
 * /rosversion: 1.17.4

NODES
  /camera/
    realsense2_camera (nodelet/nodelet)
    realsense2_camera_manager (nodelet/nodelet)
  /elfin_vision/
    citrus_rgbd_node (elfin_vision/citrus_rgbd_node.py)

[1mROS_MASTER_URI=http://127.0.0.1:11311[0m
]2;/home/catas/ros_ws/src/elfin_vision/launch/citrus_sensor_runtime.launch http://127.0.0.1:11311
[0m[INFO] [1786540825.417170346]: Initializing nodelet with 32 worker threads.[0m
[0m[INFO] [1786540825.511928999]: RealSense ROS v2.3.2[0m
[0m[INFO] [1786540825.511954275]: Built with LibRealSense v2.50.0[0m
[0m[INFO] [1786540825.511965881]: Running with LibRealSense v2.50.0[0m
[0m[INFO] [1786540825.534120486]:  [0m
[0m[INFO] [1786540825.619114723]: Device with serial number 233522078111 was found.
[0m
[0m[INFO] [1786540825.619147488]: Device with physical ID 2-3-9 was found.[0m
[0m[INFO] [1786540825.619159452]: Device with name Intel RealSense D435 was found.[0m
[0m[INFO] [1786540825.619459251]: Device with port number 2-3 was found.[0m
[0m[INFO] [1786540825.619486651]: Device USB type: 3.2[0m
[0m[INFO] [1786540825.621426663]: getParameters...[0m
[0m[INFO] [1786540825.644256262]: setupDevice...[0m
[0m[INFO] [1786540825.644276572]: JSON file is not provided[0m
[0m[INFO] [1786540825.644285988]: ROS Node Namespace: camera[0m
[0m[INFO] [1786540825.644297888]: Device Name: Intel RealSense D435[0m
[0m[INFO] [1786540825.644305849]: Device Serial No: 233522078111[0m
[0m[INFO] [1786540825.644321086]: Device physical port: 2-3-9[0m
[0m[INFO] [1786540825.644329094]: Device FW version: 05.17.03.10[0m
[0m[INFO] [1786540825.644337092]: Device Product ID: 0x0B07[0m
[0m[INFO] [1786540825.644344691]: Enable PointCloud: On[0m
[0m[INFO] [1786540825.644353582]: Align Depth: On[0m
[0m[INFO] [1786540825.644361452]: Sync Mode: On[0m
[0m[INFO] [1786540825.644405111]: Device Sensors: [0m
[0m[INFO] [1786540825.744745216]: Stereo Module was found.[0m
[0m[INFO] [1786540825.752550531]: RGB Camera was found.[0m
[0m[INFO] [1786540825.752820576]: Add Filter: pointcloud[0m
[0m[INFO] [1786540825.753259436]: num_filters: 2[0m
[0m[INFO] [1786540825.753277799]: Setting Dynamic reconfig parameters.[0m
hwmon command 0x80( 5 0 0 0 ) failed (response -7= HW not ready)
hwmon command 0x80( 5 0 0 0 ) failed (response -7= HW not ready)
hwmon command 0x80( 5 0 0 0 ) failed (response -7= HW not ready)
hwmon command 0x80( 5 0 0 0 ) failed (response -7= HW not ready)
[0m[INFO] [1786540828.879610291]: Done Setting Dynamic reconfig parameters.[0m
[33m[WARN] [1786540828.879724313]: Given stream configuration is not supported by the device!  Stream: Depth, Stream Index: 0, Width: 640, Height: 480, FPS: 5, Format: Z16[0m
[33m[WARN] [1786540828.879735829]: Using default profile instead.[0m
[0m[INFO] [1786540828.880055759]: depth stream is enabled - width: 848, height: 480, fps: 30, Format: Z16[0m
[0m[INFO] [1786540828.880418309]: color stream is enabled - width: 640, height: 480, fps: 15, Format: RGB8[0m
[0m[INFO] [1786540828.881563449]: setupPublishers...[0m
[0m[INFO] [1786540828.883502102]: Expected frequency for depth = 30.00000[0m
[0m[INFO] [1786540828.911529366]: Expected frequency for color = 15.00000[0m
[0m[INFO] [1786540828.919677423]: Expected frequency for aligned_depth_to_color = 15.00000[0m
[0m[INFO] [1786540828.925613056]: setupStreams...[0m
 12/08 13:20:29,115 WARNING [140120722458368] (messenger-libusb.cpp:42) control_transfer returned error, index: 768, error: Resource temporarily unavailable, number: 11
[0m[INFO] [1786540829.166187591]: SELECTED BASE:Depth, 0[0m
[0m[INFO] [1786540829.170437933]: RealSense Node Is Up![0m
[33m[WARN] [1786540829.235715694]: [0m
 12/08 13:20:29,236 WARNING [140120722458368] (messenger-libusb.cpp:42) control_transfer returned error, index: 768, error: Resource temporarily unavailable, number: 11
[0m[INFO] [1786540829.242206444]: publishing unordered pointcloud.[0m
 12/08 13:20:29,286 WARNING [140120722458368] (messenger-libusb.cpp:42) control_transfer returned error, index: 768, error: Resource temporarily unavailable, number: 11
 12/08 13:20:29,337 WARNING [140120722458368] (messenger-libusb.cpp:42) control_transfer returned error, index: 768, error: Resource temporarily unavailable, number: 11
 12/08 13:20:29,387 WARNING [140120722458368] (messenger-libusb.cpp:42) control_transfer returned error, index: 768, error: Resource temporarily unavailable, number: 11
 12/08 13:20:29,607 WARNING [140120722458368] (messenger-libusb.cpp:42) control_transfer returned error, index: 768, error: Resource temporarily unavailable, number: 11
 12/08 13:20:29,658 WARNING [140120722458368] (messenger-libusb.cpp:42) control_transfer returned error, index: 768, error: Resource temporarily unavailable, number: 11
 12/08 13:20:29,708 WARNING [140120722458368] (messenger-libusb.cpp:42) control_transfer returned error, index: 768, error: Resource temporarily unavailable, number: 11
 12/08 13:20:29,759 WARNING [140120722458368] (messenger-libusb.cpp:42) control_transfer returned error, index: 768, error: Resource temporarily unavailable, number: 11
[WARN] [1786540829.689766]: 开始进行多边形确认 · 多边形确认失败 · rejected=0 · elapsed_ms=1.5
[WARN] [1786540829.816378]: 开始进行多边形确认 · 多边形确认失败 · rejected=0 · elapsed_ms=1.6
[WARN] [1786540829.935014]: 开始进行多边形确认 · 多边形确认失败 · rejected=0 · elapsed_ms=1.3
[WARN] [1786540830.046636]: 开始进行多边形确认 · 多边形确认失败 · rejected=0 · elapsed_ms=1.0
[WARN] [1786540830.161647]: 开始进行多边形确认 · 多边形确认失败 · rejected=0 · elapsed_ms=1.0
[WARN] [1786540830.297434]: 开始进行多边形确认 · 多边形确认失败 · rejected=0 · elapsed_ms=1.0
[WARN] [1786540830.447822]: 开始进行多边形确认 · 多边形确认失败 · rejected=0 · elapsed_ms=1.1
[WARN] [1786540830.537349]: 开始进行多边形确认 · 多边形确认失败 · rejected=0 · elapsed_ms=1.1
[WARN] [1786540830.665187]: 开始进行多边形确认 · 多边形确认失败 · rejected=0 · elapsed_ms=1.0
[WARN] [1786540830.788340]: 开始进行多边形确认 · 多边形确认失败 · rejected=0 · elapsed_ms=1.3
[WARN] [1786540830.917884]: 开始进行多边形确认 · 多边形确认失败 · rejected=0 · elapsed_ms=1.0
[WARN] [1786540831.034757]: 开始进行多边形确认 · 多边形确认失败 · rejected=0 · elapsed_ms=0.9
[WARN] [1786540831.179153]: 开始进行多边形确认 · 多边形确认失败 · rejected=0 · elapsed_ms=1.1
[WARN] [1786540831.283466]: 开始进行多边形确认 · 多边形确认失败 · rejected=0 · elapsed_ms=1.0
[WARN] [1786540831.427134]: 开始进行多边形确认 · 多边形确认失败 · rejected=0 · elapsed_ms=2.0
[WARN] [1786540831.537678]: 开始进行多边形确认 · 多边形确认失败 · rejected=0 · elapsed_ms=1.2
[WARN] [1786540831.658967]: 开始进行多边形确认 · 多边形确认失败 · rejected=0 · elapsed_ms=1.2
[WARN] [1786540831.789525]: 开始进行多边形确认 · 多边形确认失败 · rejected=0 · elapsed_ms=1.1
[WARN] [1786540831.911372]: 开始进行多边形确认 · 多边形确认失败 · rejected=0 · elapsed_ms=1.1
[WARN] [1786540832.036665]: 开始进行多边形确认 · 多边形确认失败 · rejected=0 · elapsed_ms=1.2
[WARN] [1786540832.163905]: 开始进行多边形确认 · 多边形确认失败 · rejected=0 · elapsed_ms=1.1
[WARN] [1786540832.286407]: 开始进行多边形确认 · 多边形确认失败 · rejected=0 · elapsed_ms=1.9
[WARN] [1786540832.413778]: 开始进行多边形确认 · 多边形确认失败 · rejected=0 · elapsed_ms=0.9
[WARN] [1786540832.612776]: 开始进行多边形确认 · 多边形确认失败 · rejected=0 · elapsed_ms=1.3
[WARN] [1786540832.677947]: 开始进行多边形确认 · 多边形确认失败 · rejected=0 · elapsed_ms=1.0
[WARN] [1786540832.803783]: 开始进行多边形确认 · 多边形确认失败 · rejected=0 · elapsed_ms=1.5
[WARN] [1786540832.922430]: 开始进行多边形确认 · 多边形确认失败 · rejected=0 · elapsed_ms=1.2
[WARN] [1786540833.065888]: 开始进行多边形确认 · 多边形确认失败 · rejected=0 · elapsed_ms=1.4
[WARN] [1786540833.174283]: 开始进行多边形确认 · 多边形确认失败 · rejected=0 · elapsed_ms=1.0
[WARN] [1786540833.299909]: 开始进行多边形确认 · 多边形确认失败 · rejected=0 · elapsed_ms=1.6
[WARN] [1786540833.434878]: 开始进行多边形确认 · 多边形确认失败 · rejected=0 · elapsed_ms=1.2
[WARN] [1786540833.607299]: 开始进行多边形确认 · 多边形确认失败 · rejected=0 · elapsed_ms=1.3
[WARN] [1786540833.662677]: 开始进行多边形确认 · 多边形确认失败 · rejected=0 · elapsed_ms=0.9
[WARN] [1786540833.800615]: 开始进行多边形确认 · 多边形确认失败 · rejected=0 · elapsed_ms=1.2
[WARN] [1786540833.931051]: 开始进行多边形确认 · 多边形确认失败 · rejected=0 · elapsed_ms=1.4
[WARN] [1786540834.048839]: 开始进行多边形确认 · 多边形确认失败 · rejected=0 · elapsed_ms=1.6
[WARN] [1786540834.192216]: 开始进行多边形确认 · 多边形确认失败 · rejected=0 · elapsed_ms=1.3
[WARN] [1786540834.298901]: 开始进行多边形确认 · 多边形确认失败 · rejected=0 · elapsed_ms=1.3
[WARN] [1786540834.419228]: 开始进行多边形确认 · 多边形确认失败 · rejected=0 · elapsed_ms=1.2
[WARN] [1786540834.541373]: 开始进行多边形确认 · 多边形确认失败 · rejected=0 · elapsed_ms=1.1
[WARN] [1786540834.698753]: 开始进行多边形确认 · 多边形确认失败 · rejected=0 · elapsed_ms=1.5
[WARN] [1786540834.790904]: 开始进行多边形确认 · 多边形确认失败 · rejected=0 · elapsed_ms=1.1
[WARN] [1786540834.931334]: 开始进行多边形确认 · 多边形确认失败 · rejected=0 · elapsed_ms=1.5
[WARN] [1786540835.082763]: 开始进行多边形确认 · 多边形确认失败 · rejected=0 · elapsed_ms=19.6
[WARN] [1786540835.184652]: 开始进行多边形确认 · 多边形确认失败 · rejected=0 · elapsed_ms=1.3
[WARN] [1786540835.305627]: 开始进行多边形确认 · 多边形确认失败 · rejected=0 · elapsed_ms=1.2
[WARN] [1786540835.428433]: 开始进行多边形确认 · 多边形确认失败 · rejected=0 · elapsed_ms=1.2
[WARN] [1786540835.569366]: 开始进行多边形确认 · 多边形确认失败 · rejected=0 · elapsed_ms=1.4
[WARN] [1786540835.694219]: 开始进行多边形确认 · 多边形确认失败 · rejected=0 · elapsed_ms=1.2
[WARN] [1786540835.803360]: 开始进行多边形确认 · 多边形确认失败 · rejected=0 · elapsed_ms=1.2
[WARN] [1786540835.913723]: 开始进行多边形确认 · 多边形确认失败 · rejected=0 · elapsed_ms=1.2
[WARN] [1786540836.038297]: 开始进行多边形确认 · 多边形确认失败 · rejected=0 · elapsed_ms=1.2
[WARN] [1786540836.185062]: 开始进行多边形确认 · 多边形确认失败 · rejected=0 · elapsed_ms=1.0
[WARN] [1786540836.308915]: 开始进行多边形确认 · 多边形确认失败 · rejected=0 · elapsed_ms=1.5
[WARN] [1786540836.436454]: 开始进行多边形确认 · 多边形确认失败 · rejected=0 · elapsed_ms=1.3
[WARN] [1786540836.559785]: 开始进行多边形确认 · 多边形确认失败 · rejected=0 · elapsed_ms=2.0
[WARN] [1786540836.682958]: 开始进行多边形确认 · 多边形确认失败 · rejected=0 · elapsed_ms=1.0
[WARN] [1786540836.831829]: 开始进行多边形确认 · 多边形确认失败 · rejected=0 · elapsed_ms=1.3
[WARN] [1786540836.927178]: 开始进行多边形确认 · 多边形确认失败 · rejected=0 · elapsed_ms=1.1
[WARN] [1786540837.057253]: 开始进行多边形确认 · 多边形确认失败 · rejected=0 · elapsed_ms=1.0
[WARN] [1786540837.184551]: 开始进行多边形确认 · 多边形确认失败 · rejected=0 · elapsed_ms=0.9
[WARN] [1786540837.309702]: 开始进行多边形确认 · 多边形确认失败 · rejected=0 · elapsed_ms=0.9
[WARN] [1786540837.432252]: 开始进行多边形确认 · 多边形确认失败 · rejected=0 · elapsed_ms=1.0
[WARN] [1786540837.560822]: 开始进行多边形确认 · 多边形确认失败 · rejected=0 · elapsed_ms=1.0
[WARN] [1786540837.680224]: 开始进行多边形确认 · 多边形确认失败 · rejected=0 · elapsed_ms=1.3
[WARN] [1786540837.849152]: 开始进行多边形确认 · 多边形确认失败 · rejected=0 · elapsed_ms=1.3
[WARN] [1786540837.935084]: 开始进行多边形确认 · 多边形确认失败 · rejected=0 · elapsed_ms=1.2
[WARN] [1786540838.055403]: 开始进行多边形确认 · 多边形确认失败 · rejected=0 · elapsed_ms=1.1
[WARN] [1786540838.182596]: 开始进行多边形确认 · 多边形确认失败 · rejected=0 · elapsed_ms=0.9
[WARN] [1786540838.312409]: 开始进行多边形确认 · 多边形确认失败 · rejected=0 · elapsed_ms=1.6
[WARN] [1786540838.447090]: 开始进行多边形确认 · 多边形确认失败 · rejected=0 · elapsed_ms=1.3
[WARN] [1786540838.566628]: 开始进行多边形确认 · 多边形确认失败 · rejected=0 · elapsed_ms=1.3
[INFO] [1786540825.705820]: RGB-D vision status: starting:model_loading
[INFO] [1786540825.779007]: Loaded ONNX citrus model /home/catas/elfin_citrus_data/models/yolo26n_seg_converged_20260806/yolo26n_citrus_tree_best.onnx; classes={0: 'citrus', 1: 'tree'}; providers=['CPUExecutionProvider']
[INFO] [1786540825.780416]: Citrus model loading finished in 0.06 s: model_ready:onnxruntime
[INFO] [1786540829.688390]: 开始进行多边形确认 · detections=2
[INFO] [1786540829.814872]: 开始进行多边形确认 · detections=1
[INFO] [1786540829.933764]: 开始进行多边形确认 · detections=1
[INFO] [1786540830.045676]: 开始进行多边形确认 · detections=1
[INFO] [1786540830.160700]: 开始进行多边形确认 · detections=2
[INFO] [1786540830.296443]: 开始进行多边形确认 · detections=2
[INFO] [1786540830.446784]: 开始进行多边形确认 · detections=1
[INFO] [1786540830.536340]: 开始进行多边形确认 · detections=2
[INFO] [1786540830.664274]: 开始进行多边形确认 · detections=2
[INFO] [1786540830.787106]: 开始进行多边形确认 · detections=2
[INFO] [1786540830.916974]: 开始进行多边形确认 · detections=2
[INFO] [1786540831.033904]: 开始进行多边形确认 · detections=2
[INFO] [1786540831.178074]: 开始进行多边形确认 · detections=2
[INFO] [1786540831.282522]: 开始进行多边形确认 · detections=2
[INFO] [1786540831.425163]: 开始进行多边形确认 · detections=2
[INFO] [1786540831.536468]: 开始进行多边形确认 · detections=2
[INFO] [1786540831.657746]: 开始进行多边形确认 · detections=1
[INFO] [1786540831.659886]: RGB-D vision status: model_ready:onnxruntime targets:0 centers:0 tf:0 rejected:0 merged:0 semantic_masks:1
[INFO] [1786540831.788478]: 开始进行多边形确认 · detections=2
[INFO] [1786540831.910372]: 开始进行多边形确认 · detections=3
[INFO] [1786540832.035548]: 开始进行多边形确认 · detections=3
[INFO] [1786540832.162887]: 开始进行多边形确认 · detections=3
[INFO] [1786540832.284652]: 开始进行多边形确认 · detections=3
[INFO] [1786540832.412909]: 开始进行多边形确认 · detections=2
[INFO] [1786540832.611625]: 开始进行多边形确认 · detections=3
[INFO] [1786540832.677037]: 开始进行多边形确认 · detections=2
[INFO] [1786540832.802343]: 开始进行多边形确认 · detections=2
[INFO] [1786540832.921315]: 开始进行多边形确认 · detections=2
[INFO] [1786540833.064533]: 开始进行多边形确认 · detections=2
[INFO] [1786540833.173342]: 开始进行多边形确认 · detections=1
[INFO] [1786540833.298337]: 开始进行多边形确认 · detections=1
[INFO] [1786540833.433726]: 开始进行多边形确认 · detections=1
[INFO] [1786540833.606107]: 开始进行多边形确认 · detections=1
[INFO] [1786540833.661842]: 开始进行多边形确认 · detections=1
[INFO] [1786540833.799486]: 开始进行多边形确认 · detections=2
[INFO] [1786540833.929677]: 开始进行多边形确认 · detections=1
[INFO] [1786540834.047328]: 开始进行多边形确认 · detections=2
[INFO] [1786540834.191011]: 开始进行多边形确认 · detections=1
[INFO] [1786540834.297638]: 开始进行多边形确认 · detections=2
[INFO] [1786540834.418080]: 开始进行多边形确认 · detections=2
[INFO] [1786540834.540322]: 开始进行多边形确认 · detections=2
[INFO] [1786540834.697293]: 开始进行多边形确认 · detections=2
[INFO] [1786540834.789804]: 开始进行多边形确认 · detections=2
[INFO] [1786540834.929854]: 开始进行多边形确认 · detections=2
[INFO] [1786540835.063183]: 开始进行多边形确认 · detections=2
[INFO] [1786540835.183465]: 开始进行多边形确认 · detections=2
[INFO] [1786540835.304488]: 开始进行多边形确认 · detections=2
[INFO] [1786540835.427307]: 开始进行多边形确认 · detections=2
[INFO] [1786540835.568054]: 开始进行多边形确认 · detections=1
[INFO] [1786540835.693107]: 开始进行多边形确认 · detections=2
[INFO] [1786540835.802201]: 开始进行多边形确认 · detections=1
[INFO] [1786540835.912576]: 开始进行多边形确认 · detections=1
[INFO] [1786540836.037103]: 开始进行多边形确认 · detections=1
[INFO] [1786540836.184095]: 开始进行多边形确认 · detections=2
[INFO] [1786540836.307538]: 开始进行多边形确认 · detections=1
[INFO] [1786540836.435237]: 开始进行多边形确认 · detections=1
[INFO] [1786540836.557865]: 开始进行多边形确认 · detections=1
[INFO] [1786540836.682066]: 开始进行多边形确认 · detections=2
[INFO] [1786540836.683935]: RGB-D vision status: model_ready:onnxruntime targets:0 centers:0 tf:0 rejected:0 merged:0 semantic_masks:2
[INFO] [1786540836.830552]: 开始进行多边形确认 · detections=2
[INFO] [1786540836.926176]: 开始进行多边形确认 · detections=1
[INFO] [1786540837.056305]: 开始进行多边形确认 · detections=2
[INFO] [1786540837.183670]: 开始进行多边形确认 · detections=2
[INFO] [1786540837.308826]: 开始进行多边形确认 · detections=2
[INFO] [1786540837.431312]: 开始进行多边形确认 · detections=2
[INFO] [1786540837.559840]: 开始进行多边形确认 · detections=2
[INFO] [1786540837.678999]: 开始进行多边形确认 · detections=2
[INFO] [1786540837.847970]: 开始进行多边形确认 · detections=1
[INFO] [1786540837.933932]: 开始进行多边形确认 · detections=2
[INFO] [1786540838.054373]: 开始进行多边形确认 · detections=1
[INFO] [1786540838.181725]: 开始进行多边形确认 · detections=2
[INFO] [1786540838.310853]: 开始进行多边形确认 · detections=1
[INFO] [1786540838.445828]: 开始进行多边形确认 · detections=2
[INFO] [1786540838.565403]: 开始进行多边形确认 · detections=2
[INFO] [1786540838.689299]: 开始进行多边形确认 · detections=2
[INFO] [1786540838.815362]: 开始进行多边形确认 · detections=1
[INFO] [1786540838.959077]: 开始进行多边形确认 · detections=1
[INFO] [1786540839.073142]: 开始进行多边形确认 · detections=1
[INFO] [1786540839.203042]: 开始进行多边形确认 · detections=2
[INFO] [1786540839.328356]: 开始进行多边形确认 · detections=1
[INFO] [1786540839.435552]: 开始进行多边形确认 · detections=2
[INFO] [1786540839.579757]: 开始进行多边形确认 · detections=2
[INFO] [1786540839.694857]: 开始进行多边形确认 · detections=1
[INFO] [1786540839.817296]: 开始进行多边形确认 · detections=1
[INFO] [1786540839.956041]: 开始进行多边形确认 · detections=1
[INFO] [1786540840.069927]: 开始进行多边形确认 · detections=1
[INFO] [1786540840.198306]: 开始进行多边形确认 · detections=1
[INFO] [1786540840.320374]: 开始进行多边形确认 · detections=1
[INFO] [1786540840.457972]: 开始进行多边形确认 · detections=1
[INFO] [1786540840.574376]: 开始进行多边形确认 · detections=1
[INFO] [1786540840.701226]: 开始进行多边形确认 · detections=2
[INFO] [1786540840.834901]: 开始进行多边形确认 · detections=2
[INFO] [1786540840.948212]: 开始进行多边形确认 · detections=2
[INFO] [1786540841.081022]: 开始进行多边形确认 · detections=2
[INFO] [1786540841.201258]: 开始进行多边形确认 · detections=2
[INFO] [1786540841.327344]: 开始进行多边形确认 · detections=1
[INFO] [1786540841.455714]: 开始进行多边形确认 · detections=1
[INFO] [1786540841.580729]: 开始进行多边形确认 · detections=1
[INFO] [1786540841.700139]: RGB-D vision status: model_ready:onnxruntime targets:0 centers:0 tf:0 rejected:0 merged:0 semantic_masks:0
[INFO] [1786540841.830699]: 开始进行多边形确认 · detections=1
[INFO] [1786540841.948990]: 开始进行多边形确认 · detections=1
[INFO] [1786540842.099827]: 开始进行多边形确认 · detections=1
[INFO] [1786540842.455606]: 开始进行多边形确认 · detections=1
[INFO] [1786540842.584102]: 开始进行多边形确认 · detections=1
[INFO] [1786540842.708692]: 开始进行多边形确认 · detections=1
[WARN] [1786540838.690186]: 开始进行多边形确认 · 多边形确认失败 · rejected=0 · elapsed_ms=0.9
[WARN] [1786540838.816427]: 开始进行多边形确认 · 多边形确认失败 · rejected=0 · elapsed_ms=1.1
[WARN] [1786540838.961560]: 开始进行多边形确认 · 多边形确认失败 · rejected=0 · elapsed_ms=2.5
[WARN] [1786540839.074169]: 开始进行多边形确认 · 多边形确认失败 · rejected=0 · elapsed_ms=1.1
[WARN] [1786540839.204141]: 开始进行多边形确认 · 多边形确认失败 · rejected=0 · elapsed_ms=1.2
[WARN] [1786540839.329354]: 开始进行多边形确认 · 多边形确认失败 · rejected=0 · elapsed_ms=1.1
[WARN] [1786540839.436541]: 开始进行多边形确认 · 多边形确认失败 · rejected=0 · elapsed_ms=1.1
[WARN] [1786540839.581047]: 开始进行多边形确认 · 多边形确认失败 · rejected=0 · elapsed_ms=1.4
[WARN] [1786540839.696020]: 开始进行多边形确认 · 多边形确认失败 · rejected=0 · elapsed_ms=1.3
[WARN] [1786540839.818627]: 开始进行多边形确认 · 多边形确认失败 · rejected=0 · elapsed_ms=1.4
[WARN] [1786540839.957524]: 开始进行多边形确认 · 多边形确认失败 · rejected=0 · elapsed_ms=1.6
[WARN] [1786540840.085558]: 开始进行多边形确认 · 多边形确认失败 · rejected=0 · elapsed_ms=15.7
[WARN] [1786540840.199388]: 开始进行多边形确认 · 多边形确认失败 · rejected=0 · elapsed_ms=1.2
[WARN] [1786540840.321379]: 开始进行多边形确认 · 多边形确认失败 · rejected=0 · elapsed_ms=1.1
[WARN] [1786540840.459291]: 开始进行多边形确认 · 多边形确认失败 · rejected=0 · elapsed_ms=1.4
[WARN] [1786540840.575952]: 开始进行多边形确认 · 多边形确认失败 · rejected=0 · elapsed_ms=1.6
[WARN] [1786540840.702415]: 开始进行多边形确认 · 多边形确认失败 · rejected=0 · elapsed_ms=1.2
[WARN] [1786540840.836240]: 开始进行多边形确认 · 多边形确认失败 · rejected=0 · elapsed_ms=1.4
[WARN] [1786540840.949460]: 开始进行多边形确认 · 多边形确认失败 · rejected=0 · elapsed_ms=1.4
[WARN] [1786540841.082136]: 开始进行多边形确认 · 多边形确认失败 · rejected=0 · elapsed_ms=1.2
[WARN] [1786540841.202430]: 开始进行多边形确认 · 多边形确认失败 · rejected=0 · elapsed_ms=1.2
[WARN] [1786540841.328455]: 开始进行多边形确认 · 多边形确认失败 · rejected=0 · elapsed_ms=1.2
[WARN] [1786540841.456928]: 开始进行多边形确认 · 多边形确认失败 · rejected=0 · elapsed_ms=1.3
[WARN] [1786540841.582221]: 开始进行多边形确认 · 多边形确认失败 · rejected=0 · elapsed_ms=1.5
[WARN] [1786540841.832088]: 开始进行多边形确认 · 多边形确认失败 · rejected=0 · elapsed_ms=1.5
[WARN] [1786540841.950147]: 开始进行多边形确认 · 多边形确认失败 · rejected=0 · elapsed_ms=1.2
[WARN] [1786540842.100938]: 开始进行多边形确认 · 多边形确认失败 · rejected=0 · elapsed_ms=1.2
[WARN] [1786540842.456796]: 开始进行多边形确认 · 多边形确认失败 · rejected=0 · elapsed_ms=1.3
[WARN] [1786540842.585280]: 开始进行多边形确认 · 多边形确认失败 · rejected=0 · elapsed_ms=1.2
[WARN] [1786540842.709957]: 开始进行多边形确认 · 多边形确认失败 · rejected=0 · elapsed_ms=1.3
[WARN] [1786540842.838956]: 开始进行多边形确认 · 多边形确认失败 · rejected=0 · elapsed_ms=1.4
[WARN] [1786540842.961449]: 开始进行多边形确认 · 多边形确认失败 · rejected=0 · elapsed_ms=2.3
[WARN] [1786540843.094750]: 开始进行多边形确认 · 多边形确认失败 · rejected=0 · elapsed_ms=1.5
[WARN] [1786540843.219939]: 开始进行多边形确认 · 多边形确认失败 · rejected=0 · elapsed_ms=1.5
[WARN] [1786540843.335849]: 开始进行多边形确认 · 多边形确认失败 · rejected=0 · elapsed_ms=1.2
[WARN] [1786540843.482148]: 开始进行多边形确认 · 多边形确认失败 · rejected=0 · elapsed_ms=1.0
[WARN] [1786540843.592309]: 开始进行多边形确认 · 多边形确认失败 · rejected=0 · elapsed_ms=1.0
[WARN] [1786540843.709804]: 开始进行多边形确认 · 多边形确认失败 · rejected=0 · elapsed_ms=1.0
[WARN] [1786540843.848199]: 开始进行多边形确认 · 多边形确认失败 · rejected=0 · elapsed_ms=1.0
[WARN] [1786540843.964622]: 开始进行多边形确认 · 多边形确认失败 · rejected=0 · elapsed_ms=0.9
[WARN] [1786540844.084196]: 开始进行多边形确认 · 多边形确认失败 · rejected=0 · elapsed_ms=0.9
[WARN] [1786540844.221681]: 开始进行多边形确认 · 多边形确认失败 · rejected=0 · elapsed_ms=1.2
[WARN] [1786540844.332488]: 开始进行多边形确认 · 多边形确认失败 · rejected=0 · elapsed_ms=1.1
[WARN] [1786540844.462830]: 开始进行多边形确认 · 多边形确认失败 · rejected=0 · elapsed_ms=1.0
[WARN] [1786540844.581543]: 开始进行多边形确认 · 多边形确认失败 · rejected=0 · elapsed_ms=1.0
[WARN] [1786540844.710564]: 开始进行多边形确认 · 多边形确认失败 · rejected=0 · elapsed_ms=1.0
[WARN] [1786540844.838790]: 开始进行多边形确认 · 多边形确认失败 · rejected=0 · elapsed_ms=1.1
[WARN] [1786540844.954419]: 开始进行多边形确认 · 多边形确认失败 · rejected=0 · elapsed_ms=1.0
[WARN] [1786540845.077427]: 开始进行多边形确认 · 多边形确认失败 · rejected=0 · elapsed_ms=1.4
[WARN] [1786540845.226235]: 开始进行多边形确认 · 多边形确认失败 · rejected=0 · elapsed_ms=1.1
[WARN] [1786540845.329881]: 开始进行多边形确认 · 多边形确认失败 · rejected=0 · elapsed_ms=1.0
[WARN] [1786540845.455634]: 开始进行多边形确认 · 多边形确认失败 · rejected=0 · elapsed_ms=1.0
[WARN] [1786540845.592720]: 开始进行多边形确认 · 多边形确认失败 · rejected=0 · elapsed_ms=1.1
[WARN] [1786540845.966980]: 开始进行多边形确认 · 多边形确认失败 · rejected=0 · elapsed_ms=1.1
[WARN] [1786540846.095959]: 开始进行多边形确认 · 多边形确认失败 · rejected=0 · elapsed_ms=1.4
[WARN] [1786540846.344352]: 开始进行多边形确认 · 多边形确认失败 · rejected=0 · elapsed_ms=0.9
[WARN] [1786540846.468289]: 开始进行多边形确认 · 多边形确认失败 · rejected=0 · elapsed_ms=1.0
[WARN] [1786540846.838856]: 开始进行多边形确认 · 多边形确认失败 · rejected=0 · elapsed_ms=1.4
[WARN] [1786540846.967913]: 开始进行多边形确认 · 多边形确认失败 · rejected=0 · elapsed_ms=1.1
[WARN] [1786540847.379851]: 开始进行多边形确认 · 多边形确认失败 · rejected=0 · elapsed_ms=1.4
[WARN] [1786540847.479481]: 开始进行多边形确认 · 多边形确认失败 · rejected=0 · elapsed_ms=1.3
[WARN] [1786540847.609255]: 开始进行多边形确认 · 多边形确认失败 · rejected=0 · elapsed_ms=1.3
[WARN] [1786540847.730773]: 开始进行多边形确认 · 多边形确认失败 · rejected=0 · elapsed_ms=1.3
[WARN] [1786540847.879768]: 开始进行多边形确认 · 多边形确认失败 · rejected=0 · elapsed_ms=1.2
[WARN] [1786540847.987463]: 开始进行多边形确认 · 多边形确认失败 · rejected=0 · elapsed_ms=1.4
[WARN] [1786540848.104149]: 开始进行多边形确认 · 多边形确认失败 · rejected=0 · elapsed_ms=1.2
[WARN] [1786540848.238189]: 开始进行多边形确认 · 多边形确认失败 · rejected=0 · elapsed_ms=1.5
[WARN] [1786540848.408175]: 开始进行多边形确认 · 多边形确认失败 · rejected=0 · elapsed_ms=1.4
[WARN] [1786540848.476856]: 开始进行多边形确认 · 多边形确认失败 · rejected=0 · elapsed_ms=1.4
[WARN] [1786540848.595757]: 开始进行多边形确认 · 多边形确认失败 · rejected=0 · elapsed_ms=1.1
[WARN] [1786540848.726358]: 开始进行多边形确认 · 多边形确认失败 · rejected=0 · elapsed_ms=1.4
[WARN] [1786540848.864452]: 开始进行多边形确认 · 多边形确认失败 · rejected=0 · elapsed_ms=1.2
[INFO] [1786540842.837591]: 开始进行多边形确认 · detections=1
[INFO] [1786540842.959207]: 开始进行多边形确认 · detections=1
[INFO] [1786540843.093368]: 开始进行多边形确认 · detections=1
[INFO] [1786540843.218571]: 开始进行多边形确认 · detections=1
[INFO] [1786540843.334748]: 开始进行多边形确认 · detections=1
[INFO] [1786540843.481269]: 开始进行多边形确认 · detections=1
[INFO] [1786540843.591348]: 开始进行多边形确认 · detections=1
[INFO] [1786540843.708869]: 开始进行多边形确认 · detections=1
[INFO] [1786540843.847245]: 开始进行多边形确认 · detections=1
[INFO] [1786540843.963769]: 开始进行多边形确认 · detections=1
[INFO] [1786540844.083354]: 开始进行多边形确认 · detections=1
[INFO] [1786540844.220583]: 开始进行多边形确认 · detections=1
[INFO] [1786540844.331416]: 开始进行多边形确认 · detections=1
[INFO] [1786540844.461868]: 开始进行多边形确认 · detections=1
[INFO] [1786540844.580633]: 开始进行多边形确认 · detections=1
[INFO] [1786540844.709599]: 开始进行多边形确认 · detections=1
[INFO] [1786540844.837710]: 开始进行多边形确认 · detections=1
[INFO] [1786540844.953448]: 开始进行多边形确认 · detections=1
[INFO] [1786540845.076061]: 开始进行多边形确认 · detections=1
[INFO] [1786540845.225145]: 开始进行多边形确认 · detections=2
[INFO] [1786540845.328913]: 开始进行多边形确认 · detections=2
[INFO] [1786540845.454642]: 开始进行多边形确认 · detections=1
[INFO] [1786540845.591642]: 开始进行多边形确认 · detections=1
[INFO] [1786540845.965932]: 开始进行多边形确认 · detections=1
[INFO] [1786540846.094604]: 开始进行多边形确认 · detections=1
[INFO] [1786540846.343478]: 开始进行多边形确认 · detections=2
[INFO] [1786540846.467387]: 开始进行多边形确认 · detections=1
[INFO] [1786540846.837547]: 开始进行多边形确认 · detections=1
[INFO] [1786540846.840423]: RGB-D vision status: model_ready:onnxruntime targets:0 centers:0 tf:0 rejected:0 merged:0 semantic_masks:1
[INFO] [1786540846.966868]: 开始进行多边形确认 · detections=1
[INFO] [1786540847.378519]: 开始进行多边形确认 · detections=1
[INFO] [1786540847.478256]: 开始进行多边形确认 · detections=2
[INFO] [1786540847.608043]: 开始进行多边形确认 · detections=3
[INFO] [1786540847.729566]: 开始进行多边形确认 · detections=1
[INFO] [1786540847.878626]: 开始进行多边形确认 · detections=1
[INFO] [1786540847.986131]: 开始进行多边形确认 · detections=3
[INFO] [1786540848.102985]: 开始进行多边形确认 · detections=1
[INFO] [1786540848.236813]: 开始进行多边形确认 · detections=1
[INFO] [1786540848.406883]: 开始进行多边形确认 · detections=2
[INFO] [1786540848.475522]: 开始进行多边形确认 · detections=2
[INFO] [1786540848.594662]: 开始进行多边形确认 · detections=1
[INFO] [1786540848.725055]: 开始进行多边形确认 · detections=1
[INFO] [1786540848.863319]: 开始进行多边形确认 · detections=2
[INFO] [1786540848.979971]: 开始进行多边形确认 · detections=1
[INFO] [1786540849.104225]: 开始进行多边形确认 · detections=1
[INFO] [1786540849.244241]: 开始进行多边形确认 · detections=1
[INFO] [1786540849.365637]: 开始进行多边形确认 · detections=1
[INFO] [1786540849.520982]: 开始进行多边形确认 · detections=1
[INFO] [1786540849.601198]: 开始进行多边形确认 · detections=2
[INFO] [1786540849.750227]: 开始进行多边形确认 · detections=1
[INFO] [1786540849.868114]: 开始进行多边形确认 · detections=2
[INFO] [1786540849.987345]: 开始进行多边形确认 · detections=3
[INFO] [1786540850.108982]: 开始进行多边形确认 · detections=1
[INFO] [1786540850.239519]: 开始进行多边形确认 · detections=1
[INFO] [1786540850.361268]: 开始进行多边形确认 · detections=1
[INFO] [1786540850.516743]: 开始进行多边形确认 · detections=1
[INFO] [1786540850.603555]: 开始进行多边形确认 · detections=1
[INFO] [1786540850.733024]: 开始进行多边形确认 · detections=1
[INFO] [1786540850.860435]: 开始进行多边形确认 · detections=1
[INFO] [1786540851.114099]: 开始进行多边形确认 · detections=1
[INFO] [1786540851.228796]: 开始进行多边形确认 · detections=1
[INFO] [1786540851.362996]: 开始进行多边形确认 · detections=1
[INFO] [1786540851.631433]: 开始进行多边形确认 · detections=1
[INFO] [1786540851.765301]: 开始进行多边形确认 · detections=1
[INFO] [1786540851.890161]: 开始进行多边形确认 · detections=1
[INFO] [1786540852.003667]: 开始进行多边形确认 · detections=1
[INFO] [1786540852.137348]: 开始进行多边形确认 · detections=2
[INFO] [1786540852.139877]: RGB-D vision status: model_ready:onnxruntime targets:0 centers:0 tf:0 rejected:0 merged:0 semantic_masks:2
[INFO] [1786540852.257779]: 开始进行多边形确认 · detections=1
[INFO] [1786540852.369969]: 开始进行多边形确认 · detections=2
[INFO] [1786540852.695127]: 开始进行多边形确认 · detections=1
[INFO] [1786540852.894312]: 开始进行多边形确认 · detections=1
[INFO] [1786540853.017229]: 开始进行多边形确认 · detections=2
[INFO] [1786540853.127426]: 开始进行多边形确认 · detections=2
[INFO] [1786540853.251211]: 开始进行多边形确认 · detections=1
[INFO] [1786540853.372496]: 开始进行多边形确认 · detections=1
[INFO] [1786540853.512559]: 开始进行多边形确认 · detections=3
[INFO] [1786540853.643835]: 开始进行多边形确认 · detections=1
[INFO] [1786540853.778502]: 开始进行多边形确认 · detections=1
[INFO] [1786540853.873041]: 开始进行多边形确认 · detections=1
[INFO] [1786540854.001426]: 开始进行多边形确认 · detections=2
[INFO] [1786540854.131049]: 开始进行多边形确认 · detections=2
[INFO] [1786540854.257554]: 开始进行多边形确认 · detections=1
[INFO] [1786540854.365386]: 开始进行多边形确认 · detections=2
[INFO] [1786540854.490260]: 开始进行多边形确认 · detections=1
[INFO] [1786540854.786207]: 开始进行多边形确认 · detections=2
[INFO] [1786540854.873899]: 开始进行多边形确认 · detections=1
[INFO] [1786540855.507628]: 开始进行多边形确认 · detections=1
[INFO] [1786540855.628884]: 开始进行多边形确认 · detections=2
[INFO] [1786540855.749339]: 开始进行多边形确认 · detections=1
[INFO] [1786540855.893925]: 开始进行多边形确认 · detections=1
[INFO] [1786540856.009933]: 开始进行多边形确认 · detections=1
[INFO] [1786540856.132100]: 开始进行多边形确认 · detections=1
[INFO] [1786540856.904536]: 开始进行多边形确认 · detections=1
[INFO] [1786540857.251581]: 开始进行多边形确认 · detections=1
[INFO] [1786540857.254188]: RGB-D vision status: model_ready:onnxruntime targets:0 centers:0 tf:0 rejected:0 merged:0 semantic_masks:1
[INFO] [1786540857.389314]: 开始进行多边形确认 · detections=1
[INFO] [1786540857.513630]: 开始进行多边形确认 · detections=1
[INFO] [1786540857.644650]: 开始进行多边形确认 · detections=1
[INFO] [1786540857.767232]: 开始进行多边形确认 · detections=1
[INFO] [1786540857.915749]: 开始进行多边形确认 · detections=1
[INFO] [1786540858.020218]: 开始进行多边形确认 · detections=1
[INFO] [1786540858.141129]: 开始进行多边形确认 · detections=1
[INFO] [1786540858.268780]: 开始进行多边形确认 · detections=1
[INFO] [1786540858.391644]: 开始进行多边形确认 · detections=1
[INFO] [1786540858.648624]: 开始进行多边形确认 · detections=1
[INFO] [1786540859.667507]: 开始进行多边形确认 · detections=1
[INFO] [1786540859.782450]: 开始进行多边形确认 · detections=1
[INFO] [1786540859.794991]: CITRUS_CENTER ok pixel=(104,396) depth=3.013 m radius=32.8 mm arc=297 deg error=1.09 px fragments=1
[WARN] [1786540848.980978]: 开始进行多边形确认 · 多边形确认失败 · rejected=0 · elapsed_ms=1.0
[WARN] [1786540849.105396]: 开始进行多边形确认 · 多边形确认失败 · rejected=0 · elapsed_ms=1.2
[WARN] [1786540849.245482]: 开始进行多边形确认 · 多边形确认失败 · rejected=0 · elapsed_ms=1.3
[WARN] [1786540849.368836]: 开始进行多边形确认 · 多边形确认失败 · rejected=0 · elapsed_ms=3.3
[WARN] [1786540849.522115]: 开始进行多边形确认 · 多边形确认失败 · rejected=0 · elapsed_ms=1.2
[WARN] [1786540849.602520]: 开始进行多边形确认 · 多边形确认失败 · rejected=0 · elapsed_ms=1.4
[WARN] [1786540849.751578]: 开始进行多边形确认 · 多边形确认失败 · rejected=0 · elapsed_ms=1.4
[WARN] [1786540849.869306]: 开始进行多边形确认 · 多边形确认失败 · rejected=0 · elapsed_ms=1.3
[WARN] [1786540849.988572]: 开始进行多边形确认 · 多边形确认失败 · rejected=0 · elapsed_ms=1.3
[WARN] [1786540850.111339]: 开始进行多边形确认 · 多边形确认失败 · rejected=0 · elapsed_ms=2.4
[WARN] [1786540850.240684]: 开始进行多边形确认 · 多边形确认失败 · rejected=0 · elapsed_ms=1.3
[WARN] [1786540850.362266]: 开始进行多边形确认 · 多边形确认失败 · rejected=0 · elapsed_ms=1.1
[WARN] [1786540850.518289]: 开始进行多边形确认 · 多边形确认失败 · rejected=0 · elapsed_ms=1.7
[WARN] [1786540850.604600]: 开始进行多边形确认 · 多边形确认失败 · rejected=0 · elapsed_ms=1.1
[WARN] [1786540850.733999]: 开始进行多边形确认 · 多边形确认失败 · rejected=0 · elapsed_ms=1.0
[WARN] [1786540850.861520]: 开始进行多边形确认 · 多边形确认失败 · rejected=0 · elapsed_ms=1.2
[WARN] [1786540851.115105]: 开始进行多边形确认 · 多边形确认失败 · rejected=0 · elapsed_ms=1.1
[WARN] [1786540851.230063]: 开始进行多边形确认 · 多边形确认失败 · rejected=0 · elapsed_ms=1.3
[WARN] [1786540851.364094]: 开始进行多边形确认 · 多边形确认失败 · rejected=0 · elapsed_ms=1.1
[WARN] [1786540851.633071]: 开始进行多边形确认 · 多边形确认失败 · rejected=0 · elapsed_ms=1.7
[WARN] [1786540851.767421]: 开始进行多边形确认 · 多边形确认失败 · rejected=0 · elapsed_ms=2.2
[WARN] [1786540851.891653]: 开始进行多边形确认 · 多边形确认失败 · rejected=0 · elapsed_ms=1.6
[WARN] [1786540852.004838]: 开始进行多边形确认 · 多边形确认失败 · rejected=0 · elapsed_ms=1.2
[WARN] [1786540852.138475]: 开始进行多边形确认 · 多边形确认失败 · rejected=0 · elapsed_ms=1.2
[WARN] [1786540852.258916]: 开始进行多边形确认 · 多边形确认失败 · rejected=0 · elapsed_ms=1.2
[WARN] [1786540852.371393]: 开始进行多边形确认 · 多边形确认失败 · rejected=0 · elapsed_ms=1.5
[WARN] [1786540852.696392]: 开始进行多边形确认 · 多边形确认失败 · rejected=0 · elapsed_ms=1.3
[WARN] [1786540852.895591]: 开始进行多边形确认 · 多边形确认失败 · rejected=0 · elapsed_ms=1.4
[WARN] [1786540853.018291]: 开始进行多边形确认 · 多边形确认失败 · rejected=0 · elapsed_ms=1.1
[WARN] [1786540853.128447]: 开始进行多边形确认 · 多边形确认失败 · rejected=0 · elapsed_ms=1.1
[WARN] [1786540853.252204]: 开始进行多边形确认 · 多边形确认失败 · rejected=0 · elapsed_ms=1.1
[WARN] [1786540853.373457]: 开始进行多边形确认 · 多边形确认失败 · rejected=0 · elapsed_ms=1.0
[WARN] [1786540853.513792]: 开始进行多边形确认 · 多边形确认失败 · rejected=0 · elapsed_ms=1.3
[WARN] [1786540853.645021]: 开始进行多边形确认 · 多边形确认失败 · rejected=0 · elapsed_ms=1.3
[WARN] [1786540853.780232]: 开始进行多边形确认 · 多边形确认失败 · rejected=0 · elapsed_ms=1.8
[WARN] [1786540853.874308]: 开始进行多边形确认 · 多边形确认失败 · rejected=0 · elapsed_ms=1.3
[WARN] [1786540854.002805]: 开始进行多边形确认 · 多边形确认失败 · rejected=0 · elapsed_ms=1.5
[WARN] [1786540854.132673]: 开始进行多边形确认 · 多边形确认失败 · rejected=0 · elapsed_ms=1.7
[WARN] [1786540854.258995]: 开始进行多边形确认 · 多边形确认失败 · rejected=0 · elapsed_ms=1.5
[WARN] [1786540854.366282]: 开始进行多边形确认 · 多边形确认失败 · rejected=0 · elapsed_ms=1.0
[WARN] [1786540854.491052]: 开始进行多边形确认 · 多边形确认失败 · rejected=0 · elapsed_ms=0.9
[WARN] [1786540854.787430]: 开始进行多边形确认 · 多边形确认失败 · rejected=0 · elapsed_ms=1.3
[WARN] [1786540854.875272]: 开始进行多边形确认 · 多边形确认失败 · rejected=0 · elapsed_ms=1.4
[WARN] [1786540855.527151]: 开始进行多边形确认 · 多边形确认失败 · rejected=0 · elapsed_ms=19.6
[WARN] [1786540855.629850]: 开始进行多边形确认 · 多边形确认失败 · rejected=0 · elapsed_ms=1.0
[WARN] [1786540855.750279]: 开始进行多边形确认 · 多边形确认失败 · rejected=0 · elapsed_ms=1.0
[WARN] [1786540855.895089]: 开始进行多边形确认 · 多边形确认失败 · rejected=0 · elapsed_ms=1.3
[WARN] [1786540856.011042]: 开始进行多边形确认 · 多边形确认失败 · rejected=0 · elapsed_ms=1.2
[WARN] [1786540856.133327]: 开始进行多边形确认 · 多边形确认失败 · rejected=0 · elapsed_ms=1.3
[WARN] [1786540856.906418]: 开始进行多边形确认 · 多边形确认失败 · rejected=0 · elapsed_ms=1.9
[WARN] [1786540857.252782]: 开始进行多边形确认 · 多边形确认失败 · rejected=0 · elapsed_ms=1.3
[WARN] [1786540857.390351]: 开始进行多边形确认 · 多边形确认失败 · rejected=0 · elapsed_ms=1.1
[WARN] [1786540857.514723]: 开始进行多边形确认 · 多边形确认失败 · rejected=0 · elapsed_ms=1.2
[WARN] [1786540857.645766]: 开始进行多边形确认 · 多边形确认失败 · rejected=0 · elapsed_ms=1.2
[WARN] [1786540857.768305]: 开始进行多边形确认 · 多边形确认失败 · rejected=0 · elapsed_ms=1.1
[WARN] [1786540857.917001]: 开始进行多边形确认 · 多边形确认失败 · rejected=0 · elapsed_ms=1.3
[WARN] [1786540858.021487]: 开始进行多边形确认 · 多边形确认失败 · rejected=0 · elapsed_ms=1.3
[WARN] [1786540858.142306]: 开始进行多边形确认 · 多边形确认失败 · rejected=0 · elapsed_ms=1.3
[WARN] [1786540858.269929]: 开始进行多边形确认 · 多边形确认失败 · rejected=0 · elapsed_ms=1.2
[WARN] [1786540858.392720]: 开始进行多边形确认 · 多边形确认失败 · rejected=0 · elapsed_ms=1.2
[WARN] [1786540858.649935]: 开始进行多边形确认 · 多边形确认失败 · rejected=0 · elapsed_ms=1.4
[WARN] [1786540859.679445]: CITRUS_CENTER reject instances=0 reason=reconstructed citrus radius 38.1 mm is outside 22.0..33.0 mm
[WARN] [1786540859.680422]: 开始进行多边形确认 · 多边形确认失败 · rejected=1 · elapsed_ms=13.0
[WARN] [1786540860.034319]: 开始进行多边形确认 · 多边形确认失败 · rejected=0 · elapsed_ms=1.4
[WARN] [1786540860.184240]: 开始进行多边形确认 · 多边形确认失败 · rejected=0 · elapsed_ms=1.3
[WARN] [1786540860.294057]: 开始进行多边形确认 · 多边形确认失败 · rejected=1 · elapsed_ms=13.3
[WARN] [1786540860.784655]: 开始进行多边形确认 · 多边形确认失败 · rejected=0 · elapsed_ms=2.4
[WARN] [1786540861.285465]: 开始进行多边形确认 · 多边形确认失败 · rejected=0 · elapsed_ms=1.0
[WARN] [1786540861.411850]: 开始进行多边形确认 · 多边形确认失败 · rejected=0 · elapsed_ms=1.0
[WARN] [1786540861.535456]: 开始进行多边形确认 · 多边形确认失败 · rejected=0 · elapsed_ms=1.1
[WARN] [1786540861.658987]: 开始进行多边形确认 · 多边形确认失败 · rejected=0 · elapsed_ms=1.0
[WARN] [1786540862.041613]: CITRUS_CENTER reject instances=1 reason=reconstructed citrus radius 20.4 mm is outside 22.0..33.0 mm
 12/08 13:21:03,836 WARNING [140120722458368] (messenger-libusb.cpp:42) control_transfer returned error, index: 768, error: Resource temporarily unavailable, number: 11
[INFO] [1786540859.795715]: 开始进行多边形确认 · centers=1 · rejected=0 · merged=0 · elapsed_ms=13.3
[INFO] [1786540859.910327]: 开始进行多边形确认 · detections=2
[INFO] [1786540859.922888]: 开始进行多边形确认 · centers=1 · rejected=0 · merged=0 · elapsed_ms=12.6
[INFO] [1786540860.033035]: 开始进行多边形确认 · detections=1
[INFO] [1786540860.182989]: 开始进行多边形确认 · detections=1
[INFO] [1786540860.280781]: 开始进行多边形确认 · detections=2
[INFO] [1786540860.782368]: 开始进行多边形确认 · detections=1
[INFO] [1786540861.284463]: 开始进行多边形确认 · detections=1
[INFO] [1786540861.410867]: 开始进行多边形确认 · detections=1
[INFO] [1786540861.534399]: 开始进行多边形确认 · detections=2
[INFO] [1786540861.657986]: 开始进行多边形确认 · detections=2
[INFO] [1786540861.786315]: 开始进行多边形确认 · detections=2
[INFO] [1786540861.792453]: 开始进行多边形确认 · centers=1 · rejected=0 · merged=0 · elapsed_ms=6.2
[INFO] [1786540861.905473]: 开始进行多边形确认 · detections=3
[INFO] [1786540861.924282]: CITRUS_CENTER ok pixel=(650,441) depth=0.546 m radius=28.1 mm arc=101 deg error=0.79 px fragments=1
[INFO] [1786540861.925381]: 开始进行多边形确认 · centers=2 · rejected=0 · merged=0 · elapsed_ms=20.0
[INFO] [1786540862.034368]: 开始进行多边形确认 · detections=3
[INFO] [1786540862.156737]: 开始进行多边形确认 · detections=2
[INFO] [1786540862.166895]: 开始进行多边形确认 · centers=1 · rejected=0 · merged=0 · elapsed_ms=10.2
[INFO] [1786540862.282984]: 开始进行多边形确认 · detections=4
[INFO] [1786540862.301349]: 开始进行多边形确认 · centers=1 · rejected=1 · merged=0 · elapsed_ms=18.4
[INFO] [1786540862.303177]: RGB-D vision status: model_ready:onnxruntime targets:2 centers:1 tf:1 rejected:1 merged:0 semantic_masks:4
[INFO] [1786540862.401584]: 开始进行多边形确认 · detections=4
[INFO] [1786540862.417722]: 开始进行多边形确认 · centers=1 · rejected=0 · merged=1 · elapsed_ms=16.2
[INFO] [1786540862.526135]: 开始进行多边形确认 · detections=3
[INFO] [1786540862.531410]: 开始进行多边形确认 · centers=1 · rejected=0 · merged=0 · elapsed_ms=5.3
[INFO] [1786540862.646608]: 开始进行多边形确认 · detections=3
[INFO] [1786540862.652802]: 开始进行多边形确认 · centers=1 · rejected=0 · merged=0 · elapsed_ms=6.3
[INFO] [1786540862.771520]: 开始进行多边形确认 · detections=4
[INFO] [1786540862.805023]: 开始进行多边形确认 · centers=1 · rejected=0 · merged=1 · elapsed_ms=33.5
[INFO] [1786540862.916250]: 开始进行多边形确认 · detections=4
[INFO] [1786540862.927706]: 开始进行多边形确认 · centers=1 · rejected=0 · merged=0 · elapsed_ms=11.5
[INFO] [1786540863.045290]: 开始进行多边形确认 · detections=5
[INFO] [1786540863.077466]: 开始进行多边形确认 · centers=1 · rejected=0 · merged=1 · elapsed_ms=32.2
[INFO] [1786540863.165910]: 开始进行多边形确认 · detections=4
[INFO] [1786540863.200531]: 开始进行多边形确认 · centers=1 · rejected=0 · merged=1 · elapsed_ms=34.6
[INFO] [1786540863.317990]: 开始进行多边形确认 · detections=3
[INFO] [1786540863.329895]: 开始进行多边形确认 · centers=1 · rejected=0 · merged=0 · elapsed_ms=12.0
[INFO] [1786540863.413980]: 开始进行多边形确认 · detections=3
[INFO] [1786540863.424110]: 开始进行多边形确认 · centers=1 · rejected=0 · merged=0 · elapsed_ms=10.2
[INFO] [1786540863.537981]: 开始进行多边形确认 · detections=3
[INFO] [1786540863.550682]: 开始进行多边形确认 · centers=1 · rejected=0 · merged=0 · elapsed_ms=12.8
[INFO] [1786540863.666511]: 开始进行多边形确认 · detections=3
[INFO] [1786540863.711033]: 开始进行多边形确认 · centers=1 · rejected=0 · merged=1 · elapsed_ms=44.5
[INFO] [1786540863.787113]: 开始进行多边形确认 · detections=1
[INFO] [1786540863.925668]: 开始进行多边形确认 · detections=1
[INFO] [1786540864.045451]: 开始进行多边形确认 · detections=2
[INFO] [1786540864.156366]: 开始进行多边形确认 · detections=1
[INFO] [1786540864.296783]: 开始进行多边形确认 · detections=1
[INFO] [1786540864.422380]: 开始进行多边形确认 · detections=2
[INFO] [1786540864.537964]: 开始进行多边形确认 · detections=2
[INFO] [1786540864.663880]: 开始进行多边形确认 · detections=1
[INFO] [1786540864.792077]: 开始进行多边形确认 · detections=1
[INFO] [1786540864.920995]: 开始进行多边形确认 · detections=1
[INFO] [1786540865.065561]: 开始进行多边形确认 · detections=1
[INFO] [1786540865.193856]: 开始进行多边形确认 · detections=1
[INFO] [1786540865.301786]: 开始进行多边形确认 · detections=1
[INFO] [1786540865.445538]: 开始进行多边形确认 · detections=1
[INFO] [1786540865.550063]: 开始进行多边形确认 · detections=2
[INFO] [1786540865.571618]: CITRUS_CENTER ok pixel=(187,368) depth=0.609 m radius=30.6 mm arc=213 deg error=0.60 px fragments=1
[INFO] [1786540865.572670]: 开始进行多边形确认 · centers=1 · rejected=0 · merged=0 · elapsed_ms=22.7
[INFO] [1786540865.667025]: 开始进行多边形确认 · detections=1
[INFO] [1786540865.798061]: 开始进行多边形确认 · detections=1
[INFO] [1786540866.036312]: 开始进行多边形确认 · detections=3
[INFO] [1786540866.057517]: 开始进行多边形确认 · centers=1 · rejected=0 · merged=0 · elapsed_ms=21.2
[INFO] [1786540866.173343]: 开始进行多边形确认 · detections=2
[INFO] [1786540866.300689]: 开始进行多边形确认 · detections=2
[INFO] [1786540866.423512]: 开始进行多边形确认 · detections=2
[INFO] [1786540866.451475]: 开始进行多边形确认 · centers=1 · rejected=0 · merged=0 · elapsed_ms=28.0
[INFO] [1786540866.537136]: 开始进行多边形确认 · detections=2
[INFO] [1786540866.547551]: 开始进行多边形确认 · centers=1 · rejected=0 · merged=0 · elapsed_ms=10.4
[INFO] [1786540866.660228]: 开始进行多边形确认 · detections=2
[INFO] [1786540866.671192]: 开始进行多边形确认 · centers=1 · rejected=0 · merged=0 · elapsed_ms=11.0
[INFO] [1786540866.804695]: 开始进行多边形确认 · detections=2
[INFO] [1786540866.814739]: 开始进行多边形确认 · centers=1 · rejected=0 · merged=0 · elapsed_ms=10.1
[INFO] [1786540866.915104]: 开始进行多边形确认 · detections=2
[INFO] [1786540866.925079]: 开始进行多边形确认 · centers=1 · rejected=0 · merged=0 · elapsed_ms=10.0
[INFO] [1786540867.032863]: 开始进行多边形确认 · detections=2
[INFO] [1786540867.051218]: 开始进行多边形确认 · centers=1 · rejected=0 · merged=0 · elapsed_ms=18.4
[INFO] [1786540867.179150]: 开始进行多边形确认 · detections=2
[INFO] [1786540867.199412]: 开始进行多边形确认 · centers=1 · rejected=0 · merged=0 · elapsed_ms=20.3
[INFO] [1786540867.298032]: 开始进行多边形确认 · detections=2
[INFO] [1786540867.310709]: 开始进行多边形确认 · centers=1 · rejected=0 · merged=0 · elapsed_ms=12.7
[INFO] [1786540867.417720]: 开始进行多边形确认 · detections=2
[INFO] [1786540867.428217]: 开始进行多边形确认 · centers=1 · rejected=0 · merged=0 · elapsed_ms=10.5
[INFO] [1786540867.569450]: 开始进行多边形确认 · detections=1
[INFO] [1786540867.571830]: RGB-D vision status: model_ready:onnxruntime targets:0 centers:0 tf:0 rejected:0 merged:0 semantic_masks:1
[INFO] [1786540867.683520]: 开始进行多边形确认 · detections=1
[INFO] [1786540867.797809]: 开始进行多边形确认 · detections=2
[INFO] [1786540867.820307]: CITRUS_CENTER ok pixel=(161,371) depth=0.608 m radius=31.7 mm arc=201 deg error=0.78 px fragments=1
[INFO] [1786540867.821149]: 开始进行多边形确认 · centers=1 · rejected=0 · merged=0 · elapsed_ms=23.4
[INFO] [1786540867.922889]: 开始进行多边形确认 · detections=3
[INFO] [1786540867.947707]: 开始进行多边形确认 · centers=1 · rejected=1 · merged=0 · elapsed_ms=24.8
[INFO] [1786540868.050825]: 开始进行多边形确认 · detections=3
[INFO] [1786540868.075398]: 开始进行多边形确认 · centers=1 · rejected=1 · merged=0 · elapsed_ms=24.7
[INFO] [1786540868.176272]: 开始进行多边形确认 · detections=3
[INFO] [1786540868.201940]: 开始进行多边形确认 · centers=1 · rejected=1 · merged=0 · elapsed_ms=25.7
[INFO] [1786540868.299401]: 开始进行多边形确认 · detections=3
[INFO] [1786540868.326105]: 开始进行多边形确认 · centers=1 · rejected=1 · merged=0 · elapsed_ms=26.8
[INFO] [1786540868.422626]: 开始进行多边形确认 · detections=3
[INFO] [1786540868.450395]: 开始进行多边形确认 · centers=1 · rejected=1 · merged=0 · elapsed_ms=27.8
[INFO] [1786540868.549836]: 开始进行多边形确认 · detections=3
[INFO] [1786540868.575237]: 开始进行多边形确认 · centers=1 · rejected=1 · merged=0 · elapsed_ms=25.4
[INFO] [1786540868.680445]: 开始进行多边形确认 · detections=3
[INFO] [1786540868.710343]: 开始进行多边形确认 · centers=1 · rejected=1 · merged=0 · elapsed_ms=29.9
[INFO] [1786540868.813701]: 开始进行多边形确认 · detections=3
[INFO] [1786540868.839639]: 开始进行多边形确认 · centers=1 · rejected=1 · merged=0 · elapsed_ms=26.0
[INFO] [1786540868.932215]: 开始进行多边形确认 · detections=3
[INFO] [1786540868.958126]: 开始进行多边形确认 · centers=1 · rejected=1 · merged=0 · elapsed_ms=25.9
[INFO] [1786540869.054254]: 开始进行多边形确认 · detections=3
[INFO] [1786540869.079609]: 开始进行多边形确认 · centers=1 · rejected=1 · merged=0 · elapsed_ms=25.4
[INFO] [1786540869.178739]: 开始进行多边形确认 · detections=3
[INFO] [1786540869.205147]: 开始进行多边形确认 · centers=1 · rejected=1 · merged=0 · elapsed_ms=26.5
[INFO] [1786540869.308639]: 开始进行多边形确认 · detections=3
[INFO] [1786540869.335907]: 开始进行多边形确认 · centers=1 · rejected=1 · merged=0 · elapsed_ms=27.3
[INFO] [1786540869.431221]: 开始进行多边形确认 · detections=3
[INFO] [1786540869.451157]: 开始进行多边形确认 · centers=1 · rejected=1 · merged=0 · elapsed_ms=20.0
[INFO] [1786540869.544599]: 开始进行多边形确认 · detections=3
[INFO] [1786540869.557490]: 开始进行多边形确认 · centers=1 · rejected=1 · merged=0 · elapsed_ms=12.9
[INFO] [1786540869.673776]: 开始进行多边形确认 · detections=3
[INFO] [1786540869.696496]: 开始进行多边形确认 · centers=1 · rejected=1 · merged=0 · elapsed_ms=22.7
[INFO] [1786540869.813797]: 开始进行多边形确认 · detections=3
[INFO] [1786540869.826650]: CITRUS_CENTER ok pixel=(194,368) depth=0.617 m radius=30.0 mm arc=216 deg error=0.91 px fragments=1
[INFO] [1786540869.827818]: 开始进行多边形确认 · centers=1 · rejected=1 · merged=0 · elapsed_ms=14.1
[INFO] [1786540869.933221]: 开始进行多边形确认 · detections=3
[INFO] [1786540869.948809]: 开始进行多边形确认 · centers=1 · rejected=1 · merged=0 · elapsed_ms=15.6
[INFO] [1786540870.054139]: 开始进行多边形确认 · detections=3
[INFO] [1786540870.070443]: 开始进行多边形确认 · centers=1 · rejected=1 · merged=0 · elapsed_ms=16.4
[INFO] [1786540870.185937]: 开始进行多边形确认 · detections=3
[INFO] [1786540870.199238]: 开始进行多边形确认 · centers=1 · rejected=1 · merged=0 · elapsed_ms=13.3
[INFO] [1786540870.304278]: 开始进行多边形确认 · detections=3
[INFO] [1786540870.321176]: 开始进行多边形确认 · centers=1 · rejected=1 · merged=0 · elapsed_ms=16.9
[INFO] [1786540870.430328]: 开始进行多边形确认 · detections=3
[INFO] [1786540870.445489]: 开始进行多边形确认 · centers=1 · rejected=1 · merged=0 · elapsed_ms=15.2
[INFO] [1786540870.571898]: 开始进行多边形确认 · detections=3
[INFO] [1786540870.600359]: 开始进行多边形确认 · centers=1 · rejected=1 · merged=0 · elapsed_ms=28.5
[INFO] [1786540870.690098]: 开始进行多边形确认 · detections=2
[INFO] [1786540870.850828]: 开始进行多边形确认 · detections=2
[INFO] [1786540870.935333]: 开始进行多边形确认 · detections=3
[INFO] [1786540870.954664]: 开始进行多边形确认 · centers=1 · rejected=1 · merged=0 · elapsed_ms=19.3
[INFO] [1786540871.065199]: 开始进行多边形确认 · detections=4
[INFO] [1786540871.099457]: 开始进行多边形确认 · centers=2 · rejected=1 · merged=0 · elapsed_ms=34.3
[INFO] [1786540871.186393]: 开始进行多边形确认 · detections=3
[INFO] [1786540871.208679]: 开始进行多边形确认 · centers=1 · rejected=1 · merged=0 · elapsed_ms=22.3
[INFO] [1786540871.316128]: 开始进行多边形确认 · detections=4
[INFO] [1786540871.389020]: 开始进行多边形确认 · centers=2 · rejected=1 · merged=0 · elapsed_ms=72.9
[INFO] [1786540871.446642]: 开始进行多边形确认 · detections=3
[INFO] [1786540871.579022]: 开始进行多边形确认 · detections=3
[INFO] [1786540871.600836]: 开始进行多边形确认 · centers=1 · rejected=1 · merged=0 · elapsed_ms=21.9
[INFO] [1786540871.699606]: 开始进行多边形确认 · detections=2
[INFO] [1786540871.719604]: 开始进行多边形确认 · centers=1 · rejected=0 · merged=0 · elapsed_ms=20.0
[INFO] [1786540871.834063]: 开始进行多边形确认 · detections=3
[INFO] [1786540871.957049]: 开始进行多边形确认 · detections=4
[INFO] [1786540872.011985]: CITRUS_CENTER ok pixel=(408,352) depth=0.683 m radius=23.5 mm arc=287 deg error=0.71 px fragments=1
[INFO] [1786540872.013173]: 开始进行多边形确认 · centers=2 · rejected=1 · merged=0 · elapsed_ms=56.2
[INFO] [1786540872.080469]: 开始进行多边形确认 · detections=4
[INFO] [1786540872.125116]: 开始进行多边形确认 · centers=2 · rejected=1 · merged=0 · elapsed_ms=44.7
[INFO] [1786540872.202006]: 开始进行多边形确认 · detections=3
[INFO] [1786540872.216685]: 开始进行多边形确认 · centers=1 · rejected=1 · merged=0 · elapsed_ms=14.7
[INFO] [1786540872.328732]: 开始进行多边形确认 · detections=3
[INFO] [1786540872.345393]: 开始进行多边形确认 · centers=1 · rejected=1 · merged=0 · elapsed_ms=16.8
[INFO] [1786540872.450718]: 开始进行多边形确认 · detections=4
[INFO] [1786540872.472629]: 开始进行多边形确认 · centers=1 · rejected=2 · merged=0 · elapsed_ms=21.9
[INFO] [1786540872.571597]: 开始进行多边形确认 · detections=4
[INFO] [1786540872.597690]: 开始进行多边形确认 · centers=2 · rejected=1 · merged=0 · elapsed_ms=26.1
[INFO] [1786540872.598855]: RGB-D vision status: model_ready:onnxruntime targets:3 centers:2 tf:2 rejected:1 merged:0 semantic_masks:4
[INFO] [1786540872.692031]: 开始进行多边形确认 · detections=4
[INFO] [1786540872.714053]: 开始进行多边形确认 · centers=2 · rejected=1 · merged=0 · elapsed_ms=22.0
[INFO] [1786540872.816375]: 开始进行多边形确认 · detections=4
[INFO] [1786540872.840285]: 开始进行多边形确认 · centers=1 · rejected=2 · merged=0 · elapsed_ms=24.0
[INFO] [1786540872.942893]: 开始进行多边形确认 · detections=4
[INFO] [1786540872.986483]: 开始进行多边形确认 · centers=2 · rejected=1 · merged=0 · elapsed_ms=43.6
[INFO] [1786540873.090461]: 开始进行多边形确认 · detections=3
[INFO] [1786540873.122348]: 开始进行多边形确认 · centers=1 · rejected=1 · merged=0 · elapsed_ms=31.9
[INFO] [1786540873.201997]: 开始进行多边形确认 · detections=4
[INFO] [1786540873.246688]: 开始进行多边形确认 · centers=2 · rejected=1 · merged=0 · elapsed_ms=44.7
[INFO] [1786540873.340413]: 开始进行多边形确认 · detections=4
[INFO] [1786540873.385335]: 开始进行多边形确认 · centers=2 · rejected=1 · merged=0 · elapsed_ms=45.0
[INFO] [1786540873.457485]: 开始进行多边形确认 · detections=4
[INFO] [1786540873.500740]: 开始进行多边形确认 · centers=2 · rejected=1 · merged=0 · elapsed_ms=43.3
[INFO] [1786540873.595688]: 开始进行多边形确认 · detections=3
[INFO] [1786540873.623431]: 开始进行多边形确认 · centers=1 · rejected=1 · merged=0 · elapsed_ms=27.8
[INFO] [1786540873.690618]: 开始进行多边形确认 · detections=3
[INFO] [1786540873.709000]: 开始进行多边形确认 · centers=2 · rejected=0 · merged=0 · elapsed_ms=18.4
[INFO] [1786540873.819992]: 开始进行多边形确认 · detections=3
[INFO] [1786540873.841599]: 开始进行多边形确认 · centers=2 · rejected=0 · merged=0 · elapsed_ms=21.6
[INFO] [1786540873.953935]: 开始进行多边形确认 · detections=4
[INFO] [1786540873.997371]: 开始进行多边形确认 · centers=2 · rejected=1 · merged=0 · elapsed_ms=43.5
[INFO] [1786540874.076591]: 开始进行多边形确认 · detections=3
[INFO] [1786540874.095920]: CITRUS_CENTER ok pixel=(125,320) depth=0.623 m radius=24.6 mm arc=263 deg error=0.73 px fragments=1
[INFO] [1786540874.097273]: 开始进行多边形确认 · centers=2 · rejected=0 · merged=0 · elapsed_ms=20.7
[INFO] [1786540874.209422]: 开始进行多边形确认 · detections=3
[INFO] [1786540874.229662]: 开始进行多边形确认 · centers=2 · rejected=0 · merged=0 · elapsed_ms=20.3
[INFO] [1786540874.334220]: 开始进行多边形确认 · detections=3
[INFO] [1786540874.374411]: 开始进行多边形确认 · centers=2 · rejected=0 · merged=0 · elapsed_ms=40.2
[INFO] [1786540874.453935]: 开始进行多边形确认 · detections=3
[INFO] [1786540874.492985]: 开始进行多边形确认 · centers=2 · rejected=0 · merged=0 · elapsed_ms=39.1
[INFO] [1786540874.588091]: 开始进行多边形确认 · detections=3
[INFO] [1786540874.630837]: 开始进行多边形确认 · centers=2 · rejected=0 · merged=0 · elapsed_ms=42.8
[INFO] [1786540874.704800]: 开始进行多边形确认 · detections=3
[INFO] [1786540874.745910]: 开始进行多边形确认 · centers=2 · rejected=0 · merged=0 · elapsed_ms=41.2
[INFO] [1786540874.841146]: 开始进行多边形确认 · detections=3
[INFO] [1786540874.882301]: 开始进行多边形确认 · centers=2 · rejected=0 · merged=0 · elapsed_ms=41.2
[INFO] [1786540874.949618]: 开始进行多边形确认 · detections=3
[INFO] [1786540874.991787]: 开始进行多边形确认 · centers=2 · rejected=0 · merged=0 · elapsed_ms=42.2
[INFO] [1786540875.135155]: 开始进行多边形确认 · detections=3
[INFO] [1786540875.172514]: 开始进行多边形确认 · centers=2 · rejected=0 · merged=0 · elapsed_ms=37.4
[INFO] [1786540875.237094]: 开始进行多边形确认 · detections=3
[INFO] [1786540875.276744]: 开始进行多边形确认 · centers=2 · rejected=0 · merged=0 · elapsed_ms=39.7
[INFO] [1786540875.360817]: 开始进行多边形确认 · detections=3
[INFO] [1786540875.400773]: 开始进行多边形确认 · centers=2 · rejected=0 · merged=0 · elapsed_ms=40.0
[INFO] [1786540875.484352]: 开始进行多边形确认 · detections=3
[INFO] [1786540875.524963]: 开始进行多边形确认 · centers=2 · rejected=0 · merged=0 · elapsed_ms=40.6
[INFO] [1786540875.621416]: 开始进行多边形确认 · detections=3
[INFO] [1786540875.660746]: 开始进行多边形确认 · centers=2 · rejected=0 · merged=0 · elapsed_ms=39.4
[INFO] [1786540875.746932]: 开始进行多边形确认 · detections=3
[INFO] [1786540875.785230]: 开始进行多边形确认 · centers=2 · rejected=0 · merged=0 · elapsed_ms=38.3
[INFO] [1786540875.869162]: 开始进行多边形确认 · detections=3
[INFO] [1786540875.886358]: 开始进行多边形确认 · centers=2 · rejected=0 · merged=0 · elapsed_ms=17.2
[INFO] [1786540875.993596]: 开始进行多边形确认 · detections=4
[INFO] [1786540876.064902]: 开始进行多边形确认 · centers=2 · rejected=0 · merged=1 · elapsed_ms=71.3
[INFO] [1786540876.161294]: 开始进行多边形确认 · detections=3
[INFO] [1786540876.201721]: CITRUS_CENTER ok pixel=(127,322) depth=0.624 m radius=28.1 mm arc=246 deg error=1.38 px fragments=1
[INFO] [1786540876.203230]: 开始进行多边形确认 · centers=2 · rejected=0 · merged=0 · elapsed_ms=42.0
[INFO] [1786540876.276967]: 开始进行多边形确认 · detections=3
[INFO] [1786540876.314889]: 开始进行多边形确认 · centers=2 · rejected=0 · merged=0 · elapsed_ms=37.9
[INFO] [1786540876.396502]: 开始进行多边形确认 · detections=4
[INFO] [1786540876.430352]: 开始进行多边形确认 · centers=2 · rejected=0 · merged=1 · elapsed_ms=33.9
[INFO] [1786540876.504404]: 开始进行多边形确认 · detections=3
[INFO] [1786540876.524767]: 开始进行多边形确认 · centers=2 · rejected=0 · merged=0 · elapsed_ms=20.4
[INFO] [1786540876.625713]: 开始进行多边形确认 · detections=3
[INFO] [1786540876.642003]: 开始进行多边形确认 · centers=2 · rejected=0 · merged=0 · elapsed_ms=16.3
[INFO] [1786540876.758731]: 开始进行多边形确认 · detections=3
[INFO] [1786540876.774176]: 开始进行多边形确认 · centers=2 · rejected=0 · merged=0 · elapsed_ms=15.5
[INFO] [1786540876.874623]: 开始进行多边形确认 · detections=4
[INFO] [1786540876.907541]: 开始进行多边形确认 · centers=2 · rejected=0 · merged=1 · elapsed_ms=33.0
[INFO] [1786540877.002143]: 开始进行多边形确认 · detections=3
[INFO] [1786540877.020426]: 开始进行多边形确认 · centers=2 · rejected=0 · merged=0 · elapsed_ms=18.3
[INFO] [1786540877.213602]: 开始进行多边形确认 · detections=3
[INFO] [1786540877.232860]: 开始进行多边形确认 · centers=2 · rejected=0 · merged=0 · elapsed_ms=19.3
[INFO] [1786540877.286904]: 开始进行多边形确认 · detections=3
[INFO] [1786540877.306724]: 开始进行多边形确认 · centers=2 · rejected=0 · merged=0 · elapsed_ms=19.8
[INFO] [1786540877.406689]: 开始进行多边形确认 · detections=3
[INFO] [1786540877.425540]: 开始进行多边形确认 · centers=2 · rejected=0 · merged=0 · elapsed_ms=18.9
[INFO] [1786540877.535865]: 开始进行多边形确认 · detections=3
[INFO] [1786540877.555416]: 开始进行多边形确认 · centers=2 · rejected=0 · merged=0 · elapsed_ms=19.6
[INFO] [1786540877.655484]: 开始进行多边形确认 · detections=3
[INFO] [1786540877.671991]: 开始进行多边形确认 · centers=2 · rejected=0 · merged=0 · elapsed_ms=16.6
[INFO] [1786540877.781226]: 开始进行多边形确认 · detections=3
[INFO] [1786540877.803771]: 开始进行多边形确认 · centers=2 · rejected=0 · merged=0 · elapsed_ms=22.5
[INFO] [1786540877.902328]: 开始进行多边形确认 · detections=3
[INFO] [1786540877.925742]: 开始进行多边形确认 · centers=2 · rejected=0 · merged=0 · elapsed_ms=23.4
[INFO] [1786540878.029035]: 开始进行多边形确认 · detections=3
[INFO] [1786540878.048170]: 开始进行多边形确认 · centers=2 · rejected=0 · merged=0 · elapsed_ms=19.2
[INFO] [1786540878.155439]: 开始进行多边形确认 · detections=3
[INFO] [1786540878.188161]: 开始进行多边形确认 · centers=2 · rejected=0 · merged=0 · elapsed_ms=32.7
[INFO] [1786540878.289191]: 开始进行多边形确认 · detections=3
[INFO] [1786540878.331161]: CITRUS_CENTER ok pixel=(127,323) depth=0.625 m radius=28.5 mm arc=232 deg error=1.14 px fragments=1
[INFO] [1786540878.332649]: 开始进行多边形确认 · centers=2 · rejected=0 · merged=0 · elapsed_ms=43.5
[INFO] [1786540878.406781]: 开始进行多边形确认 · detections=4
[INFO] [1786540878.428173]: 开始进行多边形确认 · centers=2 · rejected=1 · merged=0 · elapsed_ms=21.4
[INFO] [1786540878.429125]: RGB-D vision status: model_ready:onnxruntime targets:3 centers:2 tf:2 rejected:1 merged:0 semantic_masks:4
[INFO] [1786540878.547995]: 开始进行多边形确认 · detections=4
[INFO] [1786540878.592532]: 开始进行多边形确认 · centers=2 · rejected=1 · merged=0 · elapsed_ms=44.6
[INFO] [1786540878.666421]: 开始进行多边形确认 · detections=3
[INFO] [1786540878.703765]: 开始进行多边形确认 · centers=2 · rejected=0 · merged=0 · elapsed_ms=37.4
[INFO] [1786540878.796528]: 开始进行多边形确认 · detections=4
[INFO] [1786540878.839585]: 开始进行多边形确认 · centers=2 · rejected=1 · merged=0 · elapsed_ms=43.1
[INFO] [1786540878.917947]: 开始进行多边形确认 · detections=3
[INFO] [1786540878.958045]: 开始进行多边形确认 · centers=2 · rejected=0 · merged=0 · elapsed_ms=40.1
[INFO] [1786540879.048858]: 开始进行多边形确认 · detections=3
[INFO] [1786540879.091039]: 开始进行多边形确认 · centers=2 · rejected=0 · merged=0 · elapsed_ms=42.2
[INFO] [1786540879.169459]: 开始进行多边形确认 · detections=3
[INFO] [1786540879.210122]: 开始进行多边形确认 · centers=2 · rejected=0 · merged=0 · elapsed_ms=40.7
[INFO] [1786540879.324800]: 开始进行多边形确认 · detections=3
[INFO] [1786540879.367498]: 开始进行多边形确认 · centers=2 · rejected=0 · merged=0 · elapsed_ms=42.7
[INFO] [1786540879.433395]: 开始进行多边形确认 · detections=3
[INFO] [1786540879.473820]: 开始进行多边形确认 · centers=2 · rejected=0 · merged=0 · elapsed_ms=40.5
[INFO] [1786540879.559738]: 开始进行多边形确认 · detections=3
[INFO] [1786540879.601248]: 开始进行多边形确认 · centers=2 · rejected=0 · merged=0 · elapsed_ms=41.5
[INFO] [1786540879.684725]: 开始进行多边形确认 · detections=4
[INFO] [1786540879.726686]: 开始进行多边形确认 · centers=2 · rejected=1 · merged=0 · elapsed_ms=42.0
[INFO] [1786540879.804233]: 开始进行多边形确认 · detections=4
[INFO] [1786540879.824945]: 开始进行多边形确认 · centers=2 · rejected=1 · merged=0 · elapsed_ms=20.7
[INFO] [1786540879.914951]: 开始进行多边形确认 · detections=5
[INFO] [1786540879.948533]: 开始进行多边形确认 · centers=2 · rejected=1 · merged=1 · elapsed_ms=33.6
[INFO] [1786540880.037394]: 开始进行多边形确认 · detections=4
[INFO] [1786540880.061459]: 开始进行多边形确认 · centers=2 · rejected=1 · merged=0 · elapsed_ms=24.0
[INFO] [1786540880.185258]: 开始进行多边形确认 · detections=4
[INFO] [1786540880.224873]: 开始进行多边形确认 · centers=2 · rejected=1 · merged=0 · elapsed_ms=39.7
[INFO] [1786540880.317185]: 开始进行多边形确认 · detections=4
[INFO] [1786540880.370706]: CITRUS_CENTER ok pixel=(127,324) depth=0.625 m radius=28.4 mm arc=224 deg error=1.33 px fragments=1
[INFO] [1786540880.372252]: 开始进行多边形确认 · centers=2 · rejected=1 · merged=0 · elapsed_ms=55.2
[INFO] [1786540880.440814]: 开始进行多边形确认 · detections=5
[INFO] [1786540880.479899]: 开始进行多边形确认 · centers=2 · rejected=1 · merged=1 · elapsed_ms=39.2
[INFO] [1786540880.542356]: 开始进行多边形确认 · detections=4
[INFO] [1786540880.562577]: 开始进行多边形确认 · centers=2 · rejected=1 · merged=0 · elapsed_ms=20.3
[INFO] [1786540880.670218]: 开始进行多边形确认 · detections=4
[INFO] [1786540880.690072]: 开始进行多边形确认 · centers=2 · rejected=1 · merged=0 · elapsed_ms=19.9
[INFO] [1786540880.807616]: 开始进行多边形确认 · detections=3
[INFO] [1786540880.825455]: 开始进行多边形确认 · centers=2 · rejected=0 · merged=0 · elapsed_ms=17.8
[INFO] [1786540880.953112]: 开始进行多边形确认 · detections=4
[INFO] [1786540880.971562]: 开始进行多边形确认 · centers=2 · rejected=1 · merged=0 · elapsed_ms=18.5
[INFO] [1786540881.053133]: 开始进行多边形确认 · detections=4
[INFO] [1786540881.073748]: 开始进行多边形确认 · centers=2 · rejected=1 · merged=0 · elapsed_ms=20.7
[INFO] [1786540881.179770]: 开始进行多边形确认 · detections=4
[INFO] [1786540881.200405]: 开始进行多边形确认 · centers=2 · rejected=1 · merged=0 · elapsed_ms=20.7
[INFO] [1786540881.308043]: 开始进行多边形确认 · detections=4
[INFO] [1786540881.344003]: 开始进行多边形确认 · centers=2 · rejected=1 · merged=0 · elapsed_ms=36.0
[INFO] [1786540881.443928]: 开始进行多边形确认 · detections=4
[INFO] [1786540881.488895]: 开始进行多边形确认 · centers=2 · rejected=1 · merged=0 · elapsed_ms=45.0
[INFO] [1786540881.563599]: 开始进行多边形确认 · detections=4
[INFO] [1786540881.608945]: 开始进行多边形确认 · centers=2 · rejected=1 · merged=0 · elapsed_ms=45.4
[INFO] [1786540881.673682]: 开始进行多边形确认 · detections=3
[INFO] [1786540881.692419]: 开始进行多边形确认 · centers=2 · rejected=0 · merged=0 · elapsed_ms=18.8
[INFO] [1786540881.803550]: 开始进行多边形确认 · detections=4
[INFO] [1786540881.821990]: 开始进行多边形确认 · centers=2 · rejected=1 · merged=0 · elapsed_ms=18.5
[INFO] [1786540881.927524]: 开始进行多边形确认 · detections=4
[INFO] [1786540881.948359]: 开始进行多边形确认 · centers=2 · rejected=1 · merged=0 · elapsed_ms=20.8
[INFO] [1786540882.049042]: 开始进行多边形确认 · detections=4
[INFO] [1786540882.076652]: 开始进行多边形确认 · centers=2 · rejected=1 · merged=0 · elapsed_ms=27.7
[INFO] [1786540882.177386]: 开始进行多边形确认 · detections=4
[INFO] [1786540882.202873]: 开始进行多边形确认 · centers=2 · rejected=1 · merged=0 · elapsed_ms=25.5
[INFO] [1786540882.313676]: 开始进行多边形确认 · detections=4
[INFO] [1786540882.339431]: 开始进行多边形确认 · centers=2 · rejected=1 · merged=0 · elapsed_ms=25.8
[INFO] [1786540882.451920]: 开始进行多边形确认 · detections=4
[INFO] [1786540882.508414]: CITRUS_CENTER ok pixel=(127,323) depth=0.625 m radius=28.6 mm arc=232 deg error=1.10 px fragments=1
[INFO] [1786540882.510643]: 开始进行多边形确认 · centers=2 · rejected=1 · merged=0 · elapsed_ms=58.9
[INFO] [1786540882.569311]: 开始进行多边形确认 · detections=4
[INFO] [1786540882.591136]: 开始进行多边形确认 · centers=2 · rejected=1 · merged=0 · elapsed_ms=21.9
[INFO] [1786540882.692645]: 开始进行多边形确认 · detections=4
[INFO] [1786540882.738699]: 开始进行多边形确认 · centers=2 · rejected=1 · merged=0 · elapsed_ms=46.1
[INFO] [1786540882.839897]: 开始进行多边形确认 · detections=4
[INFO] [1786540882.889421]: 开始进行多边形确认 · centers=2 · rejected=1 · merged=0 · elapsed_ms=49.6
[INFO] [1786540882.979442]: 开始进行多边形确认 · detections=4
[INFO] [1786540883.023183]: 开始进行多边形确认 · centers=2 · rejected=1 · merged=0 · elapsed_ms=43.8
[INFO] [1786540883.109881]: 开始进行多边形确认 · detections=4
[INFO] [1786540883.153932]: 开始进行多边形确认 · centers=2 · rejected=1 · merged=0 · elapsed_ms=44.1
[INFO] [1786540883.236763]: 开始进行多边形确认 · detections=3
[INFO] [1786540883.278809]: 开始进行多边形确认 · centers=2 · rejected=0 · merged=0 · elapsed_ms=42.1
[INFO] [1786540883.360730]: 开始进行多边形确认 · detections=4
[INFO] [1786540883.410670]: 开始进行多边形确认 · centers=2 · rejected=1 · merged=0 · elapsed_ms=50.0
[INFO] [1786540883.507046]: 开始进行多边形确认 · detections=4
[INFO] [1786540883.566952]: 开始进行多边形确认 · centers=2 · rejected=1 · merged=0 · elapsed_ms=59.9
[INFO] [1786540883.651190]: 开始进行多边形确认 · detections=4
[INFO] [1786540883.694576]: 开始进行多边形确认 · centers=2 · rejected=1 · merged=0 · elapsed_ms=43.4
[INFO] [1786540883.749213]: 开始进行多边形确认 · detections=4
[INFO] [1786540883.795936]: 开始进行多边形确认 · centers=2 · rejected=1 · merged=0 · elapsed_ms=46.7
[INFO] [1786540883.882014]: 开始进行多边形确认 · detections=4
[INFO] [1786540883.926004]: 开始进行多边形确认 · centers=2 · rejected=1 · merged=0 · elapsed_ms=44.0
[INFO] [1786540883.999302]: 开始进行多边形确认 · detections=4
[INFO] [1786540884.040506]: 开始进行多边形确认 · centers=2 · rejected=1 · merged=0 · elapsed_ms=41.2
[INFO] [1786540884.130843]: 开始进行多边形确认 · detections=4
[INFO] [1786540884.170312]: 开始进行多边形确认 · centers=2 · rejected=1 · merged=0 · elapsed_ms=39.5
[INFO] [1786540884.250623]: 开始进行多边形确认 · detections=4
[INFO] [1786540884.296467]: 开始进行多边形确认 · centers=2 · rejected=1 · merged=0 · elapsed_ms=45.9
[INFO] [1786540884.369550]: 开始进行多边形确认 · detections=4
[INFO] [1786540884.394081]: 开始进行多边形确认 · centers=2 · rejected=1 · merged=0 · elapsed_ms=24.6
[INFO] [1786540884.494525]: 开始进行多边形确认 · detections=4
[INFO] [1786540884.517118]: CITRUS_CENTER ok pixel=(126,320) depth=0.626 m radius=28.8 mm arc=267 deg error=0.81 px fragments=1
[INFO] [1786540884.518892]: 开始进行多边形确认 · centers=2 · rejected=1 · merged=0 · elapsed_ms=24.5
[INFO] [1786540884.630539]: 开始进行多边形确认 · detections=4
[INFO] [1786540884.665299]: 开始进行多边形确认 · centers=2 · rejected=1 · merged=0 · elapsed_ms=34.8
[INFO] [1786540884.760445]: 开始进行多边形确认 · detections=4
[INFO] [1786540884.805275]: 开始进行多边形确认 · centers=2 · rejected=1 · merged=0 · elapsed_ms=44.9
[INFO] [1786540884.879794]: 开始进行多边形确认 · detections=4
[INFO] [1786540884.900460]: 开始进行多边形确认 · centers=2 · rejected=1 · merged=0 · elapsed_ms=20.7
[INFO] [1786540884.988590]: 开始进行多边形确认 · detections=4
[INFO] [1786540885.011669]: 开始进行多边形确认 · centers=2 · rejected=1 · merged=0 · elapsed_ms=23.1
[INFO] [1786540885.115283]: 开始进行多边形确认 · detections=4
[INFO] [1786540885.136610]: 开始进行多边形确认 · centers=2 · rejected=1 · merged=0 · elapsed_ms=21.4
[INFO] [1786540885.253644]: 开始进行多边形确认 · detections=4
[INFO] [1786540885.276307]: 开始进行多边形确认 · centers=2 · rejected=1 · merged=0 · elapsed_ms=22.7
[INFO] [1786540885.382225]: 开始进行多边形确认 · detections=4
[INFO] [1786540885.403659]: 开始进行多边形确认 · centers=2 · rejected=1 · merged=0 · elapsed_ms=21.5
[INFO] [1786540885.503636]: 开始进行多边形确认 · detections=4
[INFO] [1786540885.521920]: 开始进行多边形确认 · centers=2 · rejected=1 · merged=0 · elapsed_ms=18.3
[INFO] [1786540885.641264]: 开始进行多边形确认 · detections=3
[INFO] [1786540885.674358]: 开始进行多边形确认 · centers=2 · rejected=0 · merged=0 · elapsed_ms=33.1
[INFO] [1786540885.676612]: RGB-D vision status: model_ready:onnxruntime targets:2 centers:2 tf:2 rejected:0 merged:0 semantic_masks:3
[INFO] [1786540885.780243]: 开始进行多边形确认 · detections=4
[INFO] [1786540885.805670]: 开始进行多边形确认 · centers=2 · rejected=1 · merged=0 · elapsed_ms=25.5
[INFO] [1786540885.892005]: 开始进行多边形确认 · detections=4
[INFO] [1786540885.915723]: 开始进行多边形确认 · centers=2 · rejected=1 · merged=0 · elapsed_ms=23.8
[INFO] [1786540885.993618]: 开始进行多边形确认 · detections=4
[INFO] [1786540886.015191]: 开始进行多边形确认 · centers=2 · rejected=1 · merged=0 · elapsed_ms=21.6
[INFO] [1786540886.117770]: 开始进行多边形确认 · detections=3
[INFO] [1786540886.139262]: 开始进行多边形确认 · centers=2 · rejected=0 · merged=0 · elapsed_ms=21.5
[INFO] [1786540886.240138]: 开始进行多边形确认 · detections=4
[INFO] [1786540886.266327]: 开始进行多边形确认 · centers=2 · rejected=1 · merged=0 · elapsed_ms=26.2
[INFO] [1786540886.373461]: 开始进行多边形确认 · detections=4
[INFO] [1786540886.397369]: 开始进行多边形确认 · centers=2 · rejected=1 · merged=0 · elapsed_ms=23.9
[INFO] [1786540886.496341]: 开始进行多边形确认 · detections=4
[INFO] [1786540886.517117]: CITRUS_CENTER ok pixel=(126,322) depth=0.627 m radius=28.7 mm arc=245 deg error=1.08 px fragments=1
[INFO] [1786540886.518144]: 开始进行多边形确认 · centers=2 · rejected=1 · merged=0 · elapsed_ms=21.9
[INFO] [1786540886.623285]: 开始进行多边形确认 · detections=4
[INFO] [1786540886.644586]: 开始进行多边形确认 · centers=2 · rejected=1 · merged=0 · elapsed_ms=21.3
[INFO] [1786540886.755892]: 开始进行多边形确认 · detections=3
[INFO] [1786540886.789708]: 开始进行多边形确认 · centers=2 · rejected=0 · merged=0 · elapsed_ms=33.9
[INFO] [1786540886.889976]: 开始进行多边形确认 · detections=4
[INFO] [1786540886.915560]: 开始进行多边形确认 · centers=2 · rejected=1 · merged=0 · elapsed_ms=25.6
[INFO] [1786540887.016736]: 开始进行多边形确认 · detections=4
[INFO] [1786540887.059740]: 开始进行多边形确认 · centers=2 · rejected=1 · merged=0 · elapsed_ms=43.0
[INFO] [1786540887.137172]: 开始进行多边形确认 · detections=4
[INFO] [1786540887.180974]: 开始进行多边形确认 · centers=2 · rejected=1 · merged=0 · elapsed_ms=43.8
[INFO] [1786540887.264018]: 开始进行多边形确认 · detections=3
[INFO] [1786540887.292762]: 开始进行多边形确认 · centers=2 · rejected=0 · merged=0 · elapsed_ms=28.8
[INFO] [1786540887.378451]: 开始进行多边形确认 · detections=4
[INFO] [1786540887.403089]: 开始进行多边形确认 · centers=2 · rejected=1 · merged=0 · elapsed_ms=24.7
[INFO] [1786540887.499767]: 开始进行多边形确认 · detections=4
[INFO] [1786540887.521513]: 开始进行多边形确认 · centers=2 · rejected=1 · merged=0 · elapsed_ms=21.7
[INFO] [1786540887.641664]: 开始进行多边形确认 · detections=4
[INFO] [1786540887.666631]: 开始进行多边形确认 · centers=2 · rejected=1 · merged=0 · elapsed_ms=25.0
[INFO] [1786540887.758459]: 开始进行多边形确认 · detections=3
[INFO] [1786540887.797331]: 开始进行多边形确认 · centers=2 · rejected=0 · merged=0 · elapsed_ms=38.9
[INFO] [1786540887.923502]: 开始进行多边形确认 · detections=4
[INFO] [1786540887.957962]: 开始进行多边形确认 · centers=2 · rejected=1 · merged=0 · elapsed_ms=34.5
[INFO] [1786540888.020096]: 开始进行多边形确认 · detections=4
[INFO] [1786540888.062564]: 开始进行多边形确认 · centers=2 · rejected=1 · merged=0 · elapsed_ms=42.5
[INFO] [1786540888.143813]: 开始进行多边形确认 · detections=4
[INFO] [1786540888.183809]: 开始进行多边形确认 · centers=2 · rejected=1 · merged=0 · elapsed_ms=40.0
[INFO] [1786540888.278739]: 开始进行多边形确认 · detections=4
[INFO] [1786540888.320799]: 开始进行多边形确认 · centers=2 · rejected=1 · merged=0 · elapsed_ms=42.1
[INFO] [1786540888.394505]: 开始进行多边形确认 · detections=3
[INFO] [1786540888.430873]: 开始进行多边形确认 · centers=2 · rejected=0 · merged=0 · elapsed_ms=36.4
[INFO] [1786540888.515510]: 开始进行多边形确认 · detections=3
[INFO] [1786540888.555726]: CITRUS_CENTER ok pixel=(127,324) depth=0.626 m radius=28.8 mm arc=222 deg error=1.05 px fragments=1
[INFO] [1786540888.557263]: 开始进行多边形确认 · centers=2 · rejected=0 · merged=0 · elapsed_ms=41.8
[INFO] [1786540888.644632]: 开始进行多边形确认 · detections=4
[INFO] [1786540888.687134]: 开始进行多边形确认 · centers=2 · rejected=1 · merged=0 · elapsed_ms=42.6
[INFO] [1786540888.750166]: 开始进行多边形确认 · detections=4
[INFO] [1786540888.769897]: 开始进行多边形确认 · centers=2 · rejected=1 · merged=0 · elapsed_ms=19.8
[INFO] [1786540888.883233]: 开始进行多边形确认 · detections=4
[INFO] [1786540888.919791]: 开始进行多边形确认 · centers=2 · rejected=1 · merged=0 · elapsed_ms=36.6
[INFO] [1786540889.028041]: 开始进行多边形确认 · detections=4
[INFO] [1786540889.047520]: 开始进行多边形确认 · centers=2 · rejected=1 · merged=0 · elapsed_ms=19.5
[INFO] [1786540889.128787]: 开始进行多边形确认 · detections=4
[INFO] [1786540889.151592]: 开始进行多边形确认 · centers=2 · rejected=1 · merged=0 · elapsed_ms=22.9
[INFO] [1786540889.270581]: 开始进行多边形确认 · detections=4
[INFO] [1786540889.310984]: 开始进行多边形确认 · centers=2 · rejected=1 · merged=0 · elapsed_ms=40.4
[INFO] [1786540889.415769]: 开始进行多边形确认 · detections=4
[INFO] [1786540889.457055]: 开始进行多边形确认 · centers=2 · rejected=1 · merged=0 · elapsed_ms=41.3
[INFO] [1786540889.532244]: 开始进行多边形确认 · detections=4
[INFO] [1786540889.553047]: 开始进行多边形确认 · centers=2 · rejected=1 · merged=0 · elapsed_ms=20.8
[INFO] [1786540889.654925]: 开始进行多边形确认 · detections=4
[INFO] [1786540889.680155]: 开始进行多边形确认 · centers=2 · rejected=1 · merged=0 · elapsed_ms=25.3
[INFO] [1786540889.754391]: 开始进行多边形确认 · detections=4
[INFO] [1786540889.775526]: 开始进行多边形确认 · centers=2 · rejected=1 · merged=0 · elapsed_ms=21.2
[INFO] [1786540889.883842]: 开始进行多边形确认 · detections=5
[INFO] [1786540889.920867]: 开始进行多边形确认 · centers=2 · rejected=1 · merged=1 · elapsed_ms=37.1
[INFO] [1786540890.019905]: 开始进行多边形确认 · detections=4
[INFO] [1786540890.073207]: 开始进行多边形确认 · centers=2 · rejected=1 · merged=0 · elapsed_ms=53.3
[INFO] [1786540890.171093]: 开始进行多边形确认 · detections=4
[INFO] [1786540890.216635]: 开始进行多边形确认 · centers=2 · rejected=1 · merged=0 · elapsed_ms=45.6
[INFO] [1786540890.275259]: 开始进行多边形确认 · detections=4
[INFO] [1786540890.316973]: 开始进行多边形确认 · centers=2 · rejected=1 · merged=0 · elapsed_ms=41.7
[INFO] [1786540890.405995]: 开始进行多边形确认 · detections=4
[INFO] [1786540890.446947]: 开始进行多边形确认 · centers=2 · rejected=1 · merged=0 · elapsed_ms=41.0
[INFO] [1786540890.522565]: 开始进行多边形确认 · detections=4
[INFO] [1786540890.544559]: 开始进行多边形确认 · centers=2 · rejected=1 · merged=0 · elapsed_ms=22.0
[INFO] [1786540890.647391]: 开始进行多边形确认 · detections=4
[INFO] [1786540890.684217]: CITRUS_CENTER ok pixel=(127,323) depth=0.625 m radius=28.6 mm arc=226 deg error=1.13 px fragments=1
[INFO] [1786540890.685546]: 开始进行多边形确认 · centers=2 · rejected=1 · merged=0 · elapsed_ms=38.2
[INFO] [1786540890.780948]: 开始进行多边形确认 · detections=4
[INFO] [1786540890.809793]: 开始进行多边形确认 · centers=2 · rejected=1 · merged=0 · elapsed_ms=28.9
[INFO] [1786540890.909455]: 开始进行多边形确认 · detections=3
[INFO] [1786540890.936812]: 开始进行多边形确认 · centers=2 · rejected=0 · merged=0 · elapsed_ms=27.4
[INFO] [1786540890.937990]: RGB-D vision status: model_ready:onnxruntime targets:2 centers:2 tf:2 rejected:0 merged:0 semantic_masks:3
[INFO] [1786540891.035227]: 开始进行多边形确认 · detections=4
[INFO] [1786540891.090261]: 开始进行多边形确认 · centers=2 · rejected=1 · merged=0 · elapsed_ms=55.1
[INFO] [1786540891.180020]: 开始进行多边形确认 · detections=4
[INFO] [1786540891.210921]: 开始进行多边形确认 · centers=2 · rejected=1 · merged=0 · elapsed_ms=30.9
[INFO] [1786540891.302429]: 开始进行多边形确认 · detections=3
[INFO] [1786540891.343438]: 开始进行多边形确认 · centers=2 · rejected=0 · merged=0 · elapsed_ms=41.0
[INFO] [1786540891.421232]: 开始进行多边形确认 · detections=3
[INFO] [1786540891.457771]: 开始进行多边形确认 · centers=2 · rejected=0 · merged=0 · elapsed_ms=36.6
[INFO] [1786540891.553838]: 开始进行多边形确认 · detections=4
[INFO] [1786540891.599419]: 开始进行多边形确认 · centers=2 · rejected=1 · merged=0 · elapsed_ms=45.6
[INFO] [1786540891.676034]: 开始进行多边形确认 · detections=3
[INFO] [1786540891.696082]: 开始进行多边形确认 · centers=2 · rejected=0 · merged=0 · elapsed_ms=20.1
[INFO] [1786540891.780005]: 开始进行多边形确认 · detections=3
[INFO] [1786540891.805180]: 开始进行多边形确认 · centers=2 · rejected=0 · merged=0 · elapsed_ms=25.2
[INFO] [1786540891.904471]: 开始进行多边形确认 · detections=3
[INFO] [1786540891.928580]: 开始进行多边形确认 · centers=2 · rejected=0 · merged=0 · elapsed_ms=24.1
[INFO] [1786540892.031343]: 开始进行多边形确认 · detections=3
[INFO] [1786540892.054224]: 开始进行多边形确认 · centers=2 · rejected=0 · merged=0 · elapsed_ms=22.9
[INFO] [1786540892.208604]: 开始进行多边形确认 · detections=3
[INFO] [1786540892.255040]: 开始进行多边形确认 · centers=2 · rejected=0 · merged=0 · elapsed_ms=46.5
[INFO] [1786540892.336504]: 开始进行多边形确认 · detections=4
[INFO] [1786540892.412947]: 开始进行多边形确认 · centers=2 · rejected=0 · merged=1 · elapsed_ms=76.5
[INFO] [1786540892.468166]: 开始进行多边形确认 · detections=3
[INFO] [1786540892.492168]: 开始进行多边形确认 · centers=2 · rejected=0 · merged=0 · elapsed_ms=24.0
[INFO] [1786540892.595386]: 开始进行多边形确认 · detections=3
[INFO] [1786540892.620351]: 开始进行多边形确认 · centers=2 · rejected=0 · merged=0 · elapsed_ms=25.0
[INFO] [1786540892.717496]: 开始进行多边形确认 · detections=3
[INFO] [1786540892.741465]: CITRUS_CENTER ok pixel=(262,315) depth=0.652 m radius=26.7 mm arc=276 deg error=0.73 px fragments=1
[INFO] [1786540892.742701]: 开始进行多边形确认 · centers=2 · rejected=0 · merged=0 · elapsed_ms=25.3
[INFO] [1786540892.845652]: 开始进行多边形确认 · detections=3
[INFO] [1786540892.875413]: 开始进行多边形确认 · centers=2 · rejected=0 · merged=0 · elapsed_ms=29.8
[INFO] [1786540892.966591]: 开始进行多边形确认 · detections=3
[INFO] [1786540892.988504]: 开始进行多边形确认 · centers=2 · rejected=0 · merged=0 · elapsed_ms=21.9
[INFO] [1786540893.095962]: 开始进行多边形确认 · detections=3
[INFO] [1786540893.118440]: 开始进行多边形确认 · centers=2 · rejected=0 · merged=0 · elapsed_ms=22.5
[INFO] [1786540893.225530]: 开始进行多边形确认 · detections=3
[INFO] [1786540893.268195]: 开始进行多边形确认 · centers=2 · rejected=0 · merged=0 · elapsed_ms=42.7
[INFO] [1786540893.365256]: 开始进行多边形确认 · detections=3
[INFO] [1786540893.393545]: 开始进行多边形确认 · centers=2 · rejected=0 · merged=0 · elapsed_ms=28.3
[INFO] [1786540893.462220]: 开始进行多边形确认 · detections=3
[INFO] [1786540893.508861]: 开始进行多边形确认 · centers=2 · rejected=0 · merged=0 · elapsed_ms=46.7
[INFO] [1786540893.603544]: 开始进行多边形确认 · detections=3
[INFO] [1786540893.649271]: 开始进行多边形确认 · centers=2 · rejected=0 · merged=0 · elapsed_ms=45.8
[INFO] [1786540893.711811]: 开始进行多边形确认 · detections=3
[INFO] [1786540893.740604]: 开始进行多边形确认 · centers=2 · rejected=0 · merged=0 · elapsed_ms=28.8
[INFO] [1786540893.844931]: 开始进行多边形确认 · detections=3
[INFO] [1786540893.872887]: 开始进行多边形确认 · centers=2 · rejected=0 · merged=0 · elapsed_ms=28.0
[INFO] [1786540893.966512]: 开始进行多边形确认 · detections=3
[INFO] [1786540893.993022]: 开始进行多边形确认 · centers=2 · rejected=0 · merged=0 · elapsed_ms=26.5
[INFO] [1786540894.099266]: 开始进行多边形确认 · detections=3
[INFO] [1786540894.124773]: 开始进行多边形确认 · centers=2 · rejected=0 · merged=0 · elapsed_ms=25.5
[INFO] [1786540894.220419]: 开始进行多边形确认 · detections=3
[INFO] [1786540894.242627]: 开始进行多边形确认 · centers=2 · rejected=0 · merged=0 · elapsed_ms=22.3
[INFO] [1786540894.355718]: 开始进行多边形确认 · detections=3
[INFO] [1786540894.401148]: 开始进行多边形确认 · centers=2 · rejected=0 · merged=0 · elapsed_ms=45.5
[INFO] [1786540894.491985]: 开始进行多边形确认 · detections=3
[INFO] [1786540894.540457]: 开始进行多边形确认 · centers=2 · rejected=0 · merged=0 · elapsed_ms=48.5
[INFO] [1786540894.600427]: 开始进行多边形确认 · detections=3
[INFO] [1786540894.648643]: 开始进行多边形确认 · centers=2 · rejected=0 · merged=0 · elapsed_ms=48.3
[INFO] [1786540894.726938]: 开始进行多边形确认 · detections=3
[INFO] [1786540894.751113]: CITRUS_CENTER ok pixel=(231,318) depth=0.651 m radius=27.4 mm arc=249 deg error=1.06 px fragments=1
[INFO] [1786540894.752192]: 开始进行多边形确认 · centers=2 · rejected=0 · merged=0 · elapsed_ms=25.3
[INFO] [1786540894.835773]: 开始进行多边形确认 · detections=3
[INFO] [1786540894.864890]: 开始进行多边形确认 · centers=2 · rejected=0 · merged=0 · elapsed_ms=29.1
[INFO] [1786540894.978470]: 开始进行多边形确认 · detections=3
[INFO] [1786540895.005061]: 开始进行多边形确认 · centers=2 · rejected=0 · merged=0 · elapsed_ms=26.6
[INFO] [1786540895.087003]: 开始进行多边形确认 · detections=3
[INFO] [1786540895.111612]: 开始进行多边形确认 · centers=2 · rejected=0 · merged=0 · elapsed_ms=24.6
[INFO] [1786540895.219806]: 开始进行多边形确认 · detections=3
[INFO] [1786540895.244515]: 开始进行多边形确认 · centers=2 · rejected=0 · merged=0 · elapsed_ms=24.7
[INFO] [1786540895.351961]: 开始进行多边形确认 · detections=3
[INFO] [1786540895.379449]: 开始进行多边形确认 · centers=2 · rejected=0 · merged=0 · elapsed_ms=27.5
[INFO] [1786540895.546821]: 开始进行多边形确认 · detections=3
[INFO] [1786540895.594534]: 开始进行多边形确认 · centers=2 · rejected=0 · merged=0 · elapsed_ms=47.7
[INFO] [1786540895.681276]: 开始进行多边形确认 · detections=3
[INFO] [1786540895.728838]: 开始进行多边形确认 · centers=2 · rejected=0 · merged=0 · elapsed_ms=47.6
[INFO] [1786540895.789612]: 开始进行多边形确认 · detections=3
[INFO] [1786540895.832886]: 开始进行多边形确认 · centers=2 · rejected=0 · merged=0 · elapsed_ms=43.3
[INFO] [1786540895.915243]: 开始进行多边形确认 · detections=3
[INFO] [1786540895.965836]: 开始进行多边形确认 · centers=2 · rejected=0 · merged=0 · elapsed_ms=50.6
[INFO] [1786540896.036950]: 开始进行多边形确认 · detections=3
[INFO] [1786540896.087571]: 开始进行多边形确认 · centers=2 · rejected=0 · merged=0 · elapsed_ms=50.7
[INFO] [1786540896.171532]: 开始进行多边形确认 · detections=3
[INFO] [1786540896.202832]: 开始进行多边形确认 · centers=2 · rejected=0 · merged=0 · elapsed_ms=31.3
[INFO] [1786540896.290231]: 开始进行多边形确认 · detections=3
[INFO] [1786540896.339186]: 开始进行多边形确认 · centers=2 · rejected=0 · merged=0 · elapsed_ms=49.0
[INFO] [1786540896.406831]: 开始进行多边形确认 · detections=3
[INFO] [1786540896.462758]: 开始进行多边形确认 · centers=2 · rejected=0 · merged=0 · elapsed_ms=55.9
[INFO] [1786540896.566684]: 开始进行多边形确认 · detections=3
[INFO] [1786540896.593834]: 开始进行多边形确认 · centers=2 · rejected=0 · merged=0 · elapsed_ms=27.2
[INFO] [1786540896.666097]: 开始进行多边形确认 · detections=3
[INFO] [1786540896.695924]: 开始进行多边形确认 · centers=2 · rejected=0 · merged=0 · elapsed_ms=29.8
[INFO] [1786540896.786339]: 开始进行多边形确认 · detections=3
[INFO] [1786540896.814945]: CITRUS_CENTER ok pixel=(231,318) depth=0.651 m radius=27.8 mm arc=234 deg error=0.96 px fragments=1
[INFO] [1786540896.816020]: 开始进行多边形确认 · centers=2 · rejected=0 · merged=0 · elapsed_ms=29.8
[INFO] [1786540896.913073]: 开始进行多边形确认 · detections=3
[INFO] [1786540896.941407]: 开始进行多边形确认 · centers=2 · rejected=0 · merged=0 · elapsed_ms=28.3
[INFO] [1786540897.037171]: 开始进行多边形确认 · detections=3
[INFO] [1786540897.070910]: 开始进行多边形确认 · centers=2 · rejected=0 · merged=0 · elapsed_ms=33.7
[INFO] [1786540897.183280]: 开始进行多边形确认 · detections=3
[INFO] [1786540897.214304]: 开始进行多边形确认 · centers=2 · rejected=0 · merged=0 · elapsed_ms=31.1
[INFO] [1786540897.282442]: 开始进行多边形确认 · detections=3
[INFO] [1786540897.304548]: 开始进行多边形确认 · centers=2 · rejected=0 · merged=0 · elapsed_ms=22.1
[INFO] [1786540897.421318]: 开始进行多边形确认 · detections=3
[INFO] [1786540897.468723]: 开始进行多边形确认 · centers=2 · rejected=0 · merged=0 · elapsed_ms=47.4
[INFO] [1786540897.547800]: 开始进行多边形确认 · detections=3
[INFO] [1786540897.602088]: 开始进行多边形确认 · centers=2 · rejected=0 · merged=0 · elapsed_ms=54.3
[INFO] [1786540897.709456]: 开始进行多边形确认 · detections=3
[INFO] [1786540897.743896]: 开始进行多边形确认 · centers=2 · rejected=0 · merged=0 · elapsed_ms=34.5
[INFO] [1786540897.804174]: 开始进行多边形确认 · detections=3
[INFO] [1786540897.829141]: 开始进行多边形确认 · centers=2 · rejected=0 · merged=0 · elapsed_ms=25.0
[INFO] [1786540897.920107]: 开始进行多边形确认 · detections=3
[INFO] [1786540897.945521]: 开始进行多边形确认 · centers=2 · rejected=0 · merged=0 · elapsed_ms=25.5
[INFO] [1786540898.041995]: 开始进行多边形确认 · detections=3
[INFO] [1786540898.068494]: 开始进行多边形确认 · centers=2 · rejected=0 · merged=0 · elapsed_ms=26.5
[INFO] [1786540898.189144]: 开始进行多边形确认 · detections=3
[INFO] [1786540898.237000]: 开始进行多边形确认 · centers=2 · rejected=0 · merged=0 · elapsed_ms=47.9
[INFO] [1786540898.308304]: 开始进行多边形确认 · detections=3
[INFO] [1786540898.342896]: 开始进行多边形确认 · centers=2 · rejected=0 · merged=0 · elapsed_ms=34.7
[INFO] [1786540898.424648]: 开始进行多边形确认 · detections=3
[INFO] [1786540898.448650]: 开始进行多边形确认 · centers=2 · rejected=0 · merged=0 · elapsed_ms=24.0
[INFO] [1786540898.548878]: 开始进行多边形确认 · detections=3
[INFO] [1786540898.573672]: 开始进行多边形确认 · centers=2 · rejected=0 · merged=0 · elapsed_ms=24.8
[INFO] [1786540898.718485]: 开始进行多边形确认 · detections=3
[INFO] [1786540898.771280]: 开始进行多边形确认 · centers=2 · rejected=0 · merged=0 · elapsed_ms=52.9
[INFO] [1786540898.852591]: 开始进行多边形确认 · detections=3
[INFO] [1786540898.901393]: CITRUS_CENTER ok pixel=(231,317) depth=0.651 m radius=27.1 mm arc=254 deg error=1.09 px fragments=1
[INFO] [1786540898.902307]: 开始进行多边形确认 · centers=2 · rejected=0 · merged=0 · elapsed_ms=49.8
[INFO] [1786540898.961337]: 开始进行多边形确认 · detections=3
[INFO] [1786540898.988722]: 开始进行多边形确认 · centers=2 · rejected=0 · merged=0 · elapsed_ms=27.4
[INFO] [1786540899.098595]: 开始进行多边形确认 · detections=3
[INFO] [1786540899.137345]: 开始进行多边形确认 · centers=2 · rejected=0 · merged=0 · elapsed_ms=38.8
[INFO] [1786540899.204235]: 开始进行多边形确认 · detections=3
[INFO] [1786540899.227523]: 开始进行多边形确认 · centers=2 · rejected=0 · merged=0 · elapsed_ms=23.3
[INFO] [1786540899.326129]: 开始进行多边形确认 · detections=3
[INFO] [1786540899.376993]: 开始进行多边形确认 · centers=2 · rejected=0 · merged=0 · elapsed_ms=50.9
[INFO] [1786540899.454998]: 开始进行多边形确认 · detections=4
[INFO] [1786540899.533937]: 开始进行多边形确认 · centers=2 · rejected=0 · merged=1 · elapsed_ms=78.9
[INFO] [1786540899.535601]: RGB-D vision status: model_ready:onnxruntime targets:2 centers:2 tf:2 rejected:0 merged:1 semantic_masks:4
[INFO] [1786540899.605919]: 开始进行多边形确认 · detections=3
[INFO] [1786540899.663610]: 开始进行多边形确认 · centers=2 · rejected=0 · merged=0 · elapsed_ms=57.7
[INFO] [1786540899.750721]: 开始进行多边形确认 · detections=3
[INFO] [1786540899.803695]: 开始进行多边形确认 · centers=2 · rejected=0 · merged=0 · elapsed_ms=53.0
[INFO] [1786540899.882894]: 开始进行多边形确认 · detections=3
[INFO] [1786540899.931663]: 开始进行多边形确认 · centers=2 · rejected=0 · merged=0 · elapsed_ms=48.8
[INFO] [1786540899.996067]: 开始进行多边形确认 · detections=3
[INFO] [1786540900.026130]: 开始进行多边形确认 · centers=2 · rejected=0 · merged=0 · elapsed_ms=30.1
[INFO] [1786540900.111420]: 开始进行多边形确认 · detections=3
[INFO] [1786540900.149255]: 开始进行多边形确认 · centers=2 · rejected=0 · merged=0 · elapsed_ms=37.9
[INFO] [1786540900.242343]: 开始进行多边形确认 · detections=3
[INFO] [1786540900.269097]: 开始进行多边形确认 · centers=2 · rejected=0 · merged=0 · elapsed_ms=26.8
[INFO] [1786540900.367412]: 开始进行多边形确认 · detections=3
[INFO] [1786540900.394188]: 开始进行多边形确认 · centers=2 · rejected=0 · merged=0 · elapsed_ms=26.8
[INFO] [1786540900.480618]: 开始进行多边形确认 · detections=3
[INFO] [1786540900.506412]: 开始进行多边形确认 · centers=2 · rejected=0 · merged=0 · elapsed_ms=25.8
[INFO] [1786540900.606266]: 开始进行多边形确认 · detections=3
[INFO] [1786540900.638203]: 开始进行多边形确认 · centers=2 · rejected=0 · merged=0 · elapsed_ms=32.0
[INFO] [1786540900.757446]: 开始进行多边形确认 · detections=3
[INFO] [1786540900.789583]: 开始进行多边形确认 · centers=2 · rejected=0 · merged=0 · elapsed_ms=32.2
[INFO] [1786540900.857069]: 开始进行多边形确认 · detections=3
[INFO] [1786540900.889126]: 开始进行多边形确认 · centers=2 · rejected=0 · merged=0 · elapsed_ms=32.1
[INFO] [1786540900.995425]: 开始进行多边形确认 · detections=3
[INFO] [1786540901.044591]: CITRUS_CENTER ok pixel=(237,315) depth=0.651 m radius=26.9 mm arc=279 deg error=0.74 px fragments=1
[INFO] [1786540901.045911]: 开始进行多边形确认 · centers=2 · rejected=0 · merged=0 · elapsed_ms=50.6
[INFO] [1786540901.115364]: 开始进行多边形确认 · detections=3
[INFO] [1786540901.169224]: 开始进行多边形确认 · centers=2 · rejected=0 · merged=0 · elapsed_ms=53.9
[INFO] [1786540901.236202]: 开始进行多边形确认 · detections=3
[INFO] [1786540901.259314]: 开始进行多边形确认 · centers=2 · rejected=0 · merged=0 · elapsed_ms=23.1
[INFO] [1786540901.359543]: 开始进行多边形确认 · detections=3
[INFO] [1786540901.411876]: 开始进行多边形确认 · centers=2 · rejected=0 · merged=0 · elapsed_ms=52.4
[INFO] [1786540901.474647]: 开始进行多边形确认 · detections=3
[INFO] [1786540901.499011]: 开始进行多边形确认 · centers=2 · rejected=0 · merged=0 · elapsed_ms=24.4
[INFO] [1786540901.603908]: 开始进行多边形确认 · detections=3
[INFO] [1786540901.628303]: 开始进行多边形确认 · centers=2 · rejected=0 · merged=0 · elapsed_ms=24.4
[INFO] [1786540901.748566]: 开始进行多边形确认 · detections=3
[INFO] [1786540901.792144]: 开始进行多边形确认 · centers=2 · rejected=0 · merged=0 · elapsed_ms=43.6
[INFO] [1786540901.850315]: 开始进行多边形确认 · detections=3
[INFO] [1786540901.878280]: 开始进行多边形确认 · centers=2 · rejected=0 · merged=0 · elapsed_ms=28.0
[INFO] [1786540901.976583]: 开始进行多边形确认 · detections=3
[INFO] [1786540902.004879]: 开始进行多边形确认 · centers=2 · rejected=0 · merged=0 · elapsed_ms=28.3
[INFO] [1786540902.114526]: 开始进行多边形确认 · detections=3
[INFO] [1786540902.165696]: 开始进行多边形确认 · centers=2 · rejected=0 · merged=0 · elapsed_ms=51.2
[INFO] [1786540902.245291]: 开始进行多边形确认 · detections=3
[INFO] [1786540902.295287]: 开始进行多边形确认 · centers=2 · rejected=0 · merged=0 · elapsed_ms=50.0
[INFO] [1786540902.363754]: 开始进行多边形确认 · detections=3
[INFO] [1786540902.416345]: 开始进行多边形确认 · centers=2 · rejected=0 · merged=0 · elapsed_ms=52.6
[INFO] [1786540902.491273]: 开始进行多边形确认 · detections=3
[INFO] [1786540902.543107]: 开始进行多边形确认 · centers=2 · rejected=0 · merged=0 · elapsed_ms=51.8
[INFO] [1786540902.616744]: 开始进行多边形确认 · detections=4
[INFO] [1786540902.675107]: 开始进行多边形确认 · centers=2 · rejected=1 · merged=0 · elapsed_ms=58.5
[INFO] [1786540902.747758]: 开始进行多边形确认 · detections=3
[INFO] [1786540902.816485]: 开始进行多边形确认 · centers=2 · rejected=0 · merged=0 · elapsed_ms=68.8
[INFO] [1786540902.874306]: 开始进行多边形确认 · detections=3
[INFO] [1786540902.923108]: 开始进行多边形确认 · centers=2 · rejected=0 · merged=0 · elapsed_ms=48.9
[INFO] [1786540902.999295]: 开始进行多边形确认 · detections=3
[INFO] [1786540903.051448]: CITRUS_CENTER ok pixel=(237,315) depth=0.652 m radius=26.9 mm arc=285 deg error=0.72 px fragments=1
[INFO] [1786540903.053281]: 开始进行多边形确认 · centers=2 · rejected=0 · merged=0 · elapsed_ms=54.0
[INFO] [1786540903.119113]: 开始进行多边形确认 · detections=3
[INFO] [1786540903.171134]: 开始进行多边形确认 · centers=2 · rejected=0 · merged=0 · elapsed_ms=52.1
[INFO] [1786540903.243286]: 开始进行多边形确认 · detections=3
[INFO] [1786540903.293698]: 开始进行多边形确认 · centers=2 · rejected=0 · merged=0 · elapsed_ms=50.5
[INFO] [1786540903.371850]: 开始进行多边形确认 · detections=3
[INFO] [1786540903.423752]: 开始进行多边形确认 · centers=2 · rejected=0 · merged=0 · elapsed_ms=52.0
[INFO] [1786540903.497635]: 开始进行多边形确认 · detections=3
[INFO] [1786540903.549760]: 开始进行多边形确认 · centers=2 · rejected=0 · merged=0 · elapsed_ms=52.2
[INFO] [1786540903.623973]: 开始进行多边形确认 · detections=3
[INFO] [1786540903.656219]: 开始进行多边形确认 · centers=2 · rejected=0 · merged=0 · elapsed_ms=32.3
[INFO] [1786540903.735286]: 开始进行多边形确认 · detections=3
[INFO] [1786540903.777268]: 开始进行多边形确认 · centers=2 · rejected=0 · merged=0 · elapsed_ms=42.0
[INFO] [1786540903.905707]: 开始进行多边形确认 · detections=2
[INFO] [1786540903.925485]: 开始进行多边形确认 · centers=1 · rejected=0 · merged=0 · elapsed_ms=19.8
[INFO] [1786540904.007402]: 开始进行多边形确认 · detections=4
[INFO] [1786540904.068943]: 开始进行多边形确认 · centers=2 · rejected=1 · merged=0 · elapsed_ms=61.6
[INFO] [1786540904.118067]: 开始进行多边形确认 · detections=4
[INFO] [1786540904.153286]: 开始进行多边形确认 · centers=2 · rejected=1 · merged=0 · elapsed_ms=35.2
[INFO] [1786540904.262118]: 开始进行多边形确认 · detections=4
[INFO] [1786540904.321364]: 开始进行多边形确认 · centers=2 · rejected=1 · merged=0 · elapsed_ms=59.3
[INFO] [1786540904.379484]: 开始进行多边形确认 · detections=3
[INFO] [1786540904.430576]: 开始进行多边形确认 · centers=2 · rejected=0 · merged=0 · elapsed_ms=51.1
[INFO] [1786540904.501350]: 开始进行多边形确认 · detections=3
[INFO] [1786540904.523741]: 开始进行多边形确认 · centers=2 · rejected=0 · merged=0 · elapsed_ms=22.4
[INFO] [1786540904.615367]: 开始进行多边形确认 · detections=3
[INFO] [1786540904.641124]: 开始进行多边形确认 · centers=2 · rejected=0 · merged=0 · elapsed_ms=25.8
[INFO] [1786540904.751164]: 开始进行多边形确认 · detections=3
[INFO] [1786540904.774143]: 开始进行多边形确认 · centers=2 · rejected=0 · merged=0 · elapsed_ms=23.0
[INFO] [1786540904.869172]: 开始进行多边形确认 · detections=4
[INFO] [1786540904.909228]: 开始进行多边形确认 · centers=2 · rejected=0 · merged=0 · elapsed_ms=40.2
[INFO] [1786540904.910766]: RGB-D vision status: model_ready:onnxruntime targets:2 centers:2 tf:2 rejected:0 merged:0 semantic_masks:4
[INFO] [1786540905.022335]: 开始进行多边形确认 · detections=3
[INFO] [1786540905.070618]: CITRUS_CENTER ok pixel=(237,318) depth=0.651 m radius=26.5 mm arc=260 deg error=0.99 px fragments=1
[INFO] [1786540905.073450]: 开始进行多边形确认 · centers=2 · rejected=0 · merged=0 · elapsed_ms=51.2
[INFO] [1786540905.137805]: 开始进行多边形确认 · detections=3
[INFO] [1786540905.161249]: 开始进行多边形确认 · centers=2 · rejected=0 · merged=0 · elapsed_ms=23.5
[INFO] [1786540905.251417]: 开始进行多边形确认 · detections=3
[INFO] [1786540905.277812]: 开始进行多边形确认 · centers=2 · rejected=0 · merged=0 · elapsed_ms=26.4
[INFO] [1786540905.371336]: 开始进行多边形确认 · detections=3
[INFO] [1786540905.399128]: 开始进行多边形确认 · centers=2 · rejected=0 · merged=0 · elapsed_ms=27.8
[INFO] [1786540905.489643]: 开始进行多边形确认 · detections=3
[INFO] [1786540905.516623]: 开始进行多边形确认 · centers=2 · rejected=0 · merged=0 · elapsed_ms=27.0
[INFO] [1786540905.613354]: 开始进行多边形确认 · detections=3
[INFO] [1786540905.638107]: 开始进行多边形确认 · centers=2 · rejected=0 · merged=0 · elapsed_ms=24.8
[INFO] [1786540905.751630]: 开始进行多边形确认 · detections=3
[INFO] [1786540905.798455]: 开始进行多边形确认 · centers=2 · rejected=0 · merged=0 · elapsed_ms=46.9
[INFO] [1786540905.878256]: 开始进行多边形确认 · detections=3
[INFO] [1786540905.926649]: 开始进行多边形确认 · centers=2 · rejected=0 · merged=0 · elapsed_ms=48.4
[INFO] [1786540906.025881]: 开始进行多边形确认 · detections=3
[INFO] [1786540906.090786]: 开始进行多边形确认 · centers=2 · rejected=0 · merged=0 · elapsed_ms=64.9
[INFO] [1786540906.150826]: 开始进行多边形确认 · detections=3
[INFO] [1786540906.202585]: 开始进行多边形确认 · centers=2 · rejected=0 · merged=0 · elapsed_ms=51.8
[INFO] [1786540906.267111]: 开始进行多边形确认 · detections=3
[INFO] [1786540906.317588]: 开始进行多边形确认 · centers=2 · rejected=0 · merged=0 · elapsed_ms=50.5
[INFO] [1786540906.380483]: 开始进行多边形确认 · detections=4
[INFO] [1786540906.418853]: 开始进行多边形确认 · centers=3 · rejected=0 · merged=0 · elapsed_ms=38.4
[INFO] [1786540906.525956]: 开始进行多边形确认 · detections=3
[INFO] [1786540906.554102]: 开始进行多边形确认 · centers=2 · rejected=0 · merged=0 · elapsed_ms=28.2
[INFO] [1786540906.645960]: 开始进行多边形确认 · detections=3
[INFO] [1786540906.676888]: 开始进行多边形确认 · centers=2 · rejected=0 · merged=0 · elapsed_ms=31.0
[INFO] [1786540906.767022]: 开始进行多边形确认 · detections=3
[INFO] [1786540906.794044]: 开始进行多边形确认 · centers=2 · rejected=0 · merged=0 · elapsed_ms=27.1
[INFO] [1786540906.887681]: 开始进行多边形确认 · detections=3
[INFO] [1786540906.915193]: 开始进行多边形确认 · centers=2 · rejected=0 · merged=0 · elapsed_ms=27.5
[INFO] [1786540907.059067]: 开始进行多边形确认 · detections=3
[INFO] [1786540907.113429]: CITRUS_CENTER ok pixel=(236,315) depth=0.651 m radius=27.2 mm arc=285 deg error=0.65 px fragments=1
[INFO] [1786540907.115166]: 开始进行多边形确认 · centers=2 · rejected=0 · merged=0 · elapsed_ms=56.2
[INFO] [1786540907.175725]: 开始进行多边形确认 · detections=3
[INFO] [1786540907.217185]: 开始进行多边形确认 · centers=2 · rejected=0 · merged=0 · elapsed_ms=41.5
[INFO] [1786540907.302104]: 开始进行多边形确认 · detections=3
[INFO] [1786540907.327340]: 开始进行多边形确认 · centers=2 · rejected=0 · merged=0 · elapsed_ms=25.3
[INFO] [1786540907.421052]: 开始进行多边形确认 · detections=3
[INFO] [1786540907.446489]: 开始进行多边形确认 · centers=2 · rejected=0 · merged=0 · elapsed_ms=25.5
[INFO] [1786540907.549266]: 开始进行多边形确认 · detections=3
[INFO] [1786540907.575667]: 开始进行多边形确认 · centers=2 · rejected=0 · merged=0 · elapsed_ms=26.5
[INFO] [1786540907.671568]: 开始进行多边形确认 · detections=3
[INFO] [1786540907.699912]: 开始进行多边形确认 · centers=2 · rejected=0 · merged=0 · elapsed_ms=28.4
[INFO] [1786540907.794420]: 开始进行多边形确认 · detections=3
[INFO] [1786540907.821120]: 开始进行多边形确认 · centers=2 · rejected=0 · merged=0 · elapsed_ms=26.7
[INFO] [1786540907.921537]: 开始进行多边形确认 · detections=3
[INFO] [1786540907.952914]: 开始进行多边形确认 · centers=2 · rejected=0 · merged=0 · elapsed_ms=31.4
[INFO] [1786540908.071386]: 开始进行多边形确认 · detections=3
[INFO] [1786540908.122088]: 开始进行多边形确认 · centers=2 · rejected=0 · merged=0 · elapsed_ms=50.8
[INFO] [1786540908.179945]: 开始进行多边形确认 · detections=3
[INFO] [1786540908.209491]: 开始进行多边形确认 · centers=2 · rejected=0 · merged=0 · elapsed_ms=29.6
[INFO] [1786540908.298569]: 开始进行多边形确认 · detections=3
[INFO] [1786540908.325673]: 开始进行多边形确认 · centers=2 · rejected=0 · merged=0 · elapsed_ms=27.2
[INFO] [1786540908.439449]: 开始进行多边形确认 · detections=3
[INFO] [1786540908.488618]: 开始进行多边形确认 · centers=2 · rejected=0 · merged=0 · elapsed_ms=49.2
[INFO] [1786540908.567698]: 开始进行多边形确认 · detections=3
[INFO] [1786540908.619996]: 开始进行多边形确认 · centers=2 · rejected=0 · merged=0 · elapsed_ms=52.3
[INFO] [1786540908.690704]: 开始进行多边形确认 · detections=3
[INFO] [1786540908.737831]: 开始进行多边形确认 · centers=2 · rejected=0 · merged=0 · elapsed_ms=47.2
[INFO] [1786540908.819405]: 开始进行多边形确认 · detections=3
[INFO] [1786540908.867747]: 开始进行多边形确认 · centers=2 · rejected=0 · merged=0 · elapsed_ms=48.4
[INFO] [1786540908.958610]: 开始进行多边形确认 · detections=3
[INFO] [1786540909.008199]: 开始进行多边形确认 · centers=2 · rejected=0 · merged=0 · elapsed_ms=49.6
[INFO] [1786540909.064645]: 开始进行多边形确认 · detections=3
[INFO] [1786540909.125483]: CITRUS_CENTER ok pixel=(237,315) depth=0.651 m radius=26.9 mm arc=286 deg error=0.64 px fragments=1
[INFO] [1786540909.126821]: 开始进行多边形确认 · centers=2 · rejected=0 · merged=0 · elapsed_ms=62.2
[INFO] [1786540909.234316]: 开始进行多边形确认 · detections=3
[INFO] [1786540909.262096]: 开始进行多边形确认 · centers=2 · rejected=0 · merged=0 · elapsed_ms=27.8
[INFO] [1786540909.324706]: 开始进行多边形确认 · detections=3
[INFO] [1786540909.351842]: 开始进行多边形确认 · centers=2 · rejected=0 · merged=0 · elapsed_ms=27.2
[INFO] [1786540909.457641]: 开始进行多边形确认 · detections=3
[INFO] [1786540909.486541]: 开始进行多边形确认 · centers=2 · rejected=0 · merged=0 · elapsed_ms=29.0
[INFO] [1786540909.573364]: 开始进行多边形确认 · detections=3
[INFO] [1786540909.598782]: 开始进行多边形确认 · centers=2 · rejected=0 · merged=0 · elapsed_ms=25.4
[INFO] [1786540909.699697]: 开始进行多边形确认 · detections=3
[INFO] [1786540909.724591]: 开始进行多边形确认 · centers=2 · rejected=0 · merged=0 · elapsed_ms=24.9
[INFO] [1786540909.820132]: 开始进行多边形确认 · detections=3
[INFO] [1786540909.848258]: 开始进行多边形确认 · centers=2 · rejected=0 · merged=0 · elapsed_ms=28.2
[INFO] [1786540909.948788]: 开始进行多边形确认 · detections=3
[INFO] [1786540909.975069]: 开始进行多边形确认 · centers=2 · rejected=0 · merged=0 · elapsed_ms=26.3
[INFO] [1786540910.064553]: 开始进行多边形确认 · detections=3
[INFO] [1786540910.105837]: 开始进行多边形确认 · centers=2 · rejected=0 · merged=0 · elapsed_ms=41.3
[INFO] [1786540910.217877]: 开始进行多边形确认 · detections=3
 12/08 13:21:56,426 ERROR [140119617042176] (ds5-options.cpp:88) Asic Temperature value is not valid!
 12/08 13:21:57,429 ERROR [140119617042176] (ds5-options.cpp:88) Asic Temperature value is not valid!
[INFO] [1786540910.285213]: 开始进行多边形确认 · centers=2 · rejected=0 · merged=0 · elapsed_ms=67.4
[INFO] [1786540910.348360]: 开始进行多边形确认 · detections=3
[INFO] [1786540910.382219]: 开始进行多边形确认 · centers=2 · rejected=0 · merged=0 · elapsed_ms=33.9
[INFO] [1786540910.475121]: 开始进行多边形确认 · detections=3
[INFO] [1786540910.501036]: 开始进行多边形确认 · centers=2 · rejected=0 · merged=0 · elapsed_ms=26.0
[INFO] [1786540910.595623]: 开始进行多边形确认 · detections=3
[INFO] [1786540910.622874]: 开始进行多边形确认 · centers=2 · rejected=0 · merged=0 · elapsed_ms=27.3
[INFO] [1786540910.713932]: 开始进行多边形确认 · detections=3
[INFO] [1786540910.739777]: 开始进行多边形确认 · centers=2 · rejected=0 · merged=0 · elapsed_ms=25.9
[INFO] [1786540910.838563]: 开始进行多边形确认 · detections=3
[INFO] [1786540910.863271]: 开始进行多边形确认 · centers=2 · rejected=0 · merged=0 · elapsed_ms=24.7
[INFO] [1786540910.967136]: 开始进行多边形确认 · detections=3
[INFO] [1786540910.993735]: 开始进行多边形确认 · centers=2 · rejected=0 · merged=0 · elapsed_ms=26.6
[INFO] [1786540911.088339]: 开始进行多边形确认 · detections=1
[INFO] [1786540911.090466]: RGB-D vision status: model_ready:onnxruntime targets:0 centers:0 tf:0 rejected:0 merged:0 semantic_masks:1
[INFO] [1786540911.255202]: 开始进行多边形确认 · detections=1
[INFO] [1786540911.341103]: 开始进行多边形确认 · detections=2
[INFO] [1786540911.364472]: CITRUS_CENTER ok pixel=(337,278) depth=0.565 m radius=29.5 mm arc=206 deg error=0.90 px fragments=1
[INFO] [1786540911.365449]: 开始进行多边形确认 · centers=1 · rejected=0 · merged=0 · elapsed_ms=24.4
[INFO] [1786540911.483965]: 开始进行多边形确认 · detections=2
[INFO] [1786540911.501206]: 开始进行多边形确认 · centers=1 · rejected=0 · merged=0 · elapsed_ms=17.3
[INFO] [1786540911.613319]: 开始进行多边形确认 · detections=3
[INFO] [1786540911.637960]: 开始进行多边形确认 · centers=1 · rejected=0 · merged=0 · elapsed_ms=24.6
[INFO] [1786540911.725684]: 开始进行多边形确认 · detections=2
[INFO] [1786540911.739532]: 开始进行多边形确认 · centers=1 · rejected=0 · merged=0 · elapsed_ms=13.9
[INFO] [1786540911.844668]: 开始进行多边形确认 · detections=2
[INFO] [1786540911.868802]: 开始进行多边形确认 · centers=1 · rejected=0 · merged=0 · elapsed_ms=24.2
[INFO] [1786540911.973269]: 开始进行多边形确认 · detections=2
[INFO] [1786540912.100128]: 开始进行多边形确认 · detections=1
[INFO] [1786540912.216256]: 开始进行多边形确认 · detections=1
[INFO] [1786540912.369959]: 开始进行多边形确认 · detections=1
[INFO] [1786540912.450365]: 开始进行多边形确认 · detections=2
[INFO] [1786540912.576938]: 开始进行多边形确认 · detections=3
[INFO] [1786540912.593218]: 开始进行多边形确认 · centers=1 · rejected=0 · merged=1 · elapsed_ms=16.3
[INFO] [1786540912.714171]: 开始进行多边形确认 · detections=3
[INFO] [1786540912.741311]: 开始进行多边形确认 · centers=1 · rejected=0 · merged=1 · elapsed_ms=27.2
[INFO] [1786540912.838364]: 开始进行多边形确认 · detections=3
[INFO] [1786540912.852252]: 开始进行多边形确认 · centers=1 · rejected=0 · merged=1 · elapsed_ms=13.9
[INFO] [1786540912.982131]: 开始进行多边形确认 · detections=3
[INFO] [1786540913.010415]: 开始进行多边形确认 · centers=1 · rejected=0 · merged=1 · elapsed_ms=28.3
[INFO] [1786540913.105866]: 开始进行多边形确认 · detections=3
[INFO] [1786540913.131950]: 开始进行多边形确认 · centers=1 · rejected=0 · merged=1 · elapsed_ms=26.1
[INFO] [1786540913.242296]: 开始进行多边形确认 · detections=2
[INFO] [1786540913.371514]: 开始进行多边形确认 · detections=2
[INFO] [1786540913.488377]: 开始进行多边形确认 · detections=2
[INFO] [1786540913.601018]: 开始进行多边形确认 · detections=2
[INFO] [1786540913.734081]: 开始进行多边形确认 · detections=2
[INFO] [1786540913.862793]: 开始进行多边形确认 · detections=2
[INFO] [1786540913.992269]: 开始进行多边形确认 · detections=3
[INFO] [1786540914.021149]: CITRUS_CENTER ok pixel=(409,489) depth=0.308 m radius=31.7 mm arc=117 deg error=0.44 px fragments=2
[INFO] [1786540914.022223]: 开始进行多边形确认 · centers=1 · rejected=0 · merged=1 · elapsed_ms=30.0
[INFO] [1786540914.109865]: 开始进行多边形确认 · detections=2
[INFO] [1786540914.115518]: 开始进行多边形确认 · centers=1 · rejected=0 · merged=0 · elapsed_ms=5.7
[INFO] [1786540914.227015]: 开始进行多边形确认 · detections=2
[INFO] [1786540914.233164]: 开始进行多边形确认 · centers=1 · rejected=0 · merged=0 · elapsed_ms=6.2
[INFO] [1786540914.346813]: 开始进行多边形确认 · detections=3
[INFO] [1786540914.371856]: 开始进行多边形确认 · centers=1 · rejected=0 · merged=1 · elapsed_ms=25.1
[INFO] [1786540914.483427]: 开始进行多边形确认 · detections=2
[INFO] [1786540914.593890]: 开始进行多边形确认 · detections=2
[INFO] [1786540914.601126]: 开始进行多边形确认 · centers=1 · rejected=0 · merged=0 · elapsed_ms=7.3
[INFO] [1786540914.724048]: 开始进行多边形确认 · detections=2
[INFO] [1786540914.729343]: 开始进行多边形确认 · centers=1 · rejected=0 · merged=0 · elapsed_ms=5.3
[INFO] [1786540914.850211]: 开始进行多边形确认 · detections=3
[INFO] [1786540914.857479]: 开始进行多边形确认 · centers=1 · rejected=0 · merged=0 · elapsed_ms=7.3
[INFO] [1786540914.969482]: 开始进行多边形确认 · detections=2
[INFO] [1786540914.976276]: 开始进行多边形确认 · centers=1 · rejected=0 · merged=0 · elapsed_ms=6.9
[INFO] [1786540915.097415]: 开始进行多边形确认 · detections=3
[INFO] [1786540915.222107]: 开始进行多边形确认 · detections=2
[INFO] [1786540915.349239]: 开始进行多边形确认 · detections=3
[INFO] [1786540915.365374]: 开始进行多边形确认 · centers=1 · rejected=0 · merged=1 · elapsed_ms=16.2
[INFO] [1786540915.508418]: 开始进行多边形确认 · detections=3
[INFO] [1786540915.524457]: 开始进行多边形确认 · centers=1 · rejected=0 · merged=1 · elapsed_ms=16.1
[INFO] [1786540915.600857]: 开始进行多边形确认 · detections=3
[INFO] [1786540915.616305]: 开始进行多边形确认 · centers=1 · rejected=0 · merged=1 · elapsed_ms=15.5
[INFO] [1786540915.733145]: 开始进行多边形确认 · detections=3
[INFO] [1786540915.758607]: 开始进行多边形确认 · centers=1 · rejected=0 · merged=1 · elapsed_ms=25.5
[INFO] [1786540915.855198]: 开始进行多边形确认 · detections=3
[INFO] [1786540915.882845]: 开始进行多边形确认 · centers=1 · rejected=0 · merged=1 · elapsed_ms=27.7
[INFO] [1786540915.992734]: 开始进行多边形确认 · detections=1
[INFO] [1786540916.116312]: 开始进行多边形确认 · detections=1
[INFO] [1786540916.244062]: 开始进行多边形确认 · detections=1
[INFO] [1786540916.352299]: 开始进行多边形确认 · detections=1
[INFO] [1786540916.498701]: 开始进行多边形确认 · detections=1
[INFO] [1786540916.614734]: 开始进行多边形确认 · detections=1
[INFO] [1786540916.738596]: 开始进行多边形确认 · detections=1
[INFO] [1786540916.867657]: 开始进行多边形确认 · detections=1
[INFO] [1786540916.995853]: 开始进行多边形确认 · detections=1
[INFO] [1786540917.117356]: 开始进行多边形确认 · detections=1
[INFO] [1786540917.240969]: 开始进行多边形确认 · detections=1
[INFO] [1786540917.361452]: 开始进行多边形确认 · detections=1
[INFO] [1786540917.488926]: 开始进行多边形确认 · detections=1
[INFO] [1786540917.629934]: 开始进行多边形确认 · detections=1
[INFO] [1786540917.737263]: 开始进行多边形确认 · detections=1
[WARN] [1786540862.042773]: 开始进行多边形确认 · 多边形确认失败 · rejected=1 · elapsed_ms=8.4
[WARN] [1786540863.788188]: 开始进行多边形确认 · 多边形确认失败 · rejected=0 · elapsed_ms=1.2
[WARN] [1786540863.927064]: 开始进行多边形确认 · 多边形确认失败 · rejected=0 · elapsed_ms=1.5
[WARN] [1786540864.046555]: 开始进行多边形确认 · 多边形确认失败 · rejected=0 · elapsed_ms=1.2
[WARN] [1786540864.157554]: 开始进行多边形确认 · 多边形确认失败 · rejected=0 · elapsed_ms=1.3
[WARN] [1786540864.304360]: 开始进行多边形确认 · 多边形确认失败 · rejected=0 · elapsed_ms=7.6
[WARN] [1786540864.423393]: 开始进行多边形确认 · 多边形确认失败 · rejected=0 · elapsed_ms=1.1
[WARN] [1786540864.539315]: 开始进行多边形确认 · 多边形确认失败 · rejected=0 · elapsed_ms=1.4
[WARN] [1786540864.665136]: 开始进行多边形确认 · 多边形确认失败 · rejected=0 · elapsed_ms=1.3
[WARN] [1786540864.793350]: 开始进行多边形确认 · 多边形确认失败 · rejected=0 · elapsed_ms=1.3
[WARN] [1786540864.922189]: 开始进行多边形确认 · 多边形确认失败 · rejected=0 · elapsed_ms=1.2
[WARN] [1786540865.066602]: 开始进行多边形确认 · 多边形确认失败 · rejected=0 · elapsed_ms=1.1
[WARN] [1786540865.194883]: 开始进行多边形确认 · 多边形确认失败 · rejected=0 · elapsed_ms=1.1
[WARN] [1786540865.302763]: 开始进行多边形确认 · 多边形确认失败 · rejected=0 · elapsed_ms=1.0
[WARN] [1786540865.446932]: 开始进行多边形确认 · 多边形确认失败 · rejected=0 · elapsed_ms=1.5
[WARN] [1786540865.668024]: 开始进行多边形确认 · 多边形确认失败 · rejected=0 · elapsed_ms=1.1
[WARN] [1786540865.817608]: 开始进行多边形确认 · 多边形确认失败 · rejected=0 · elapsed_ms=19.6
[WARN] [1786540866.194185]: CITRUS_CENTER reject instances=1 reason=reconstructed citrus radius 37.4 mm is outside 22.0..33.0 mm
[WARN] [1786540866.195140]: 开始进行多边形确认 · 多边形确认失败 · rejected=1 · elapsed_ms=21.9
[WARN] [1786540866.314096]: 开始进行多边形确认 · 多边形确认失败 · rejected=1 · elapsed_ms=13.5
[WARN] [1786540867.570741]: 开始进行多边形确认 · 多边形确认失败 · rejected=0 · elapsed_ms=1.4
[WARN] [1786540867.684594]: 开始进行多边形确认 · 多边形确认失败 · rejected=0 · elapsed_ms=1.1
[WARN] [1786540868.200875]: CITRUS_CENTER reject instances=2 reason=polygon circle inlier ratio 0.16 is below 0.30
[WARN] [1786540870.320284]: CITRUS_CENTER reject instances=2 reason=polygon circle inlier ratio 0.16 is below 0.30
[WARN] [1786540870.695950]: 开始进行多边形确认 · 多边形确认失败 · rejected=1 · elapsed_ms=5.9
[WARN] [1786540870.856377]: 开始进行多边形确认 · 多边形确认失败 · rejected=1 · elapsed_ms=5.6
[WARN] [1786540871.471197]: 开始进行多边形确认 · 多边形确认失败 · rejected=2 · elapsed_ms=24.6
[WARN] [1786540871.860014]: 开始进行多边形确认 · 多边形确认失败 · rejected=2 · elapsed_ms=26.0
[WARN] [1786540872.344279]: CITRUS_CENTER reject instances=1 reason=polygon circle inlier ratio 0.18 is below 0.30
[WARN] [1786540878.427203]: CITRUS_CENTER reject instances=3 reason=polygon circle inlier ratio 0.17 is below 0.30
[WARN] [1786540880.478869]: CITRUS_CENTER reject instances=4 reason=polygon circle inlier ratio 0.17 is below 0.30
[WARN] [1786540882.509884]: CITRUS_CENTER reject instances=3 reason=polygon circle inlier ratio 0.17 is below 0.30
[WARN] [1786540884.518358]: CITRUS_CENTER reject instances=3 reason=polygon circle inlier ratio 0.17 is below 0.30
[WARN] [1786540886.643518]: CITRUS_CENTER reject instances=3 reason=polygon circle inlier ratio 0.17 is below 0.30
[WARN] [1786540888.685951]: CITRUS_CENTER reject instances=3 reason=polygon circle inlier ratio 0.17 is below 0.30
[WARN] [1786540890.808739]: CITRUS_CENTER reject instances=3 reason=polygon circle inlier ratio 0.17 is below 0.30
[WARN] [1786540902.673995]: CITRUS_CENTER reject instances=3 reason=reconstructed citrus radius 20.3 mm is outside 22.0..33.0 mm
[WARN] [1786540911.089333]: 开始进行多边形确认 · 多边形确认失败 · rejected=0 · elapsed_ms=1.0
[WARN] [1786540911.256260]: 开始进行多边形确认 · 多边形确认失败 · rejected=0 · elapsed_ms=1.1
[WARN] [1786540911.994687]: CITRUS_CENTER reject instances=1 reason=reconstructed citrus radius 34.0 mm is outside 22.0..33.0 mm
[WARN] [1786540911.995928]: 开始进行多边形确认 · 多边形确认失败 · rejected=1 · elapsed_ms=22.7
[WARN] [1786540912.101403]: 开始进行多边形确认 · 多边形确认失败 · rejected=0 · elapsed_ms=1.3
[WARN] [1786540912.217461]: 开始进行多边形确认 · 多边形确认失败 · rejected=0 · elapsed_ms=1.2
[WARN] [1786540912.371259]: 开始进行多边形确认 · 多边形确认失败 · rejected=0 · elapsed_ms=1.4
[WARN] [1786540912.456608]: 开始进行多边形确认 · 多边形确认失败 · rejected=1 · elapsed_ms=6.3
[WARN] [1786540913.250516]: 开始进行多边形确认 · 多边形确认失败 · rejected=1 · elapsed_ms=8.3
[WARN] [1786540913.382539]: 开始进行多边形确认 · 多边形确认失败 · rejected=1 · elapsed_ms=11.0
[WARN] [1786540913.497179]: 开始进行多边形确认 · 多边形确认失败 · rejected=1 · elapsed_ms=8.8
[WARN] [1786540913.611815]: 开始进行多边形确认 · 多边形确认失败 · rejected=1 · elapsed_ms=10.8
[WARN] [1786540913.744165]: 开始进行多边形确认 · 多边形确认失败 · rejected=1 · elapsed_ms=10.1
[WARN] [1786540913.871258]: 开始进行多边形确认 · 多边形确认失败 · rejected=1 · elapsed_ms=8.5
[WARN] [1786540914.489090]: CITRUS_CENTER reject instances=1 reason=visible citrus arc 79.5 deg is below 80.0 deg
[WARN] [1786540914.490155]: 开始进行多边形确认 · 多边形确认失败 · rejected=1 · elapsed_ms=6.8
[WARN] [1786540915.111026]: 开始进行多边形确认 · 多边形确认失败 · rejected=2 · elapsed_ms=13.6
[WARN] [1786540915.223885]: 开始进行多边形确认 · 多边形确认失败 · rejected=1 · elapsed_ms=1.8
[WARN] [1786540915.993956]: 开始进行多边形确认 · 多边形确认失败 · rejected=0 · elapsed_ms=1.3
[WARN] [1786540916.117630]: 开始进行多边形确认 · 多边形确认失败 · rejected=0 · elapsed_ms=1.4
[WARN] [1786540916.245278]: 开始进行多边形确认 · 多边形确认失败 · rejected=0 · elapsed_ms=1.3
[WARN] [1786540916.353471]: 开始进行多边形确认 · 多边形确认失败 · rejected=0 · elapsed_ms=1.3
[WARN] [1786540916.500199]: 开始进行多边形确认 · 多边形确认失败 · rejected=0 · elapsed_ms=1.6
[WARN] [1786540916.615964]: 开始进行多边形确认 · 多边形确认失败 · rejected=0 · elapsed_ms=1.3
[WARN] [1786540916.739848]: 开始进行多边形确认 · 多边形确认失败 · rejected=0 · elapsed_ms=1.3
[WARN] [1786540916.868862]: 开始进行多边形确认 · 多边形确认失败 · rejected=0 · elapsed_ms=1.3
[WARN] [1786540916.997202]: 开始进行多边形确认 · 多边形确认失败 · rejected=0 · elapsed_ms=1.4
[WARN] [1786540917.118595]: 开始进行多边形确认 · 多边形确认失败 · rejected=0 · elapsed_ms=1.3
[WARN] [1786540917.242165]: 开始进行多边形确认 · 多边形确认失败 · rejected=0 · elapsed_ms=1.3
[WARN] [1786540917.362751]: 开始进行多边形确认 · 多边形确认失败 · rejected=0 · elapsed_ms=1.3
[WARN] [1786540917.490359]: 开始进行多边形确认 · 多边形确认失败 · rejected=0 · elapsed_ms=1.5
[WARN] [1786540917.630982]: 开始进行多边形确认 · 多边形确认失败 · rejected=0 · elapsed_ms=1.1
[WARN] [1786540917.738330]: 开始进行多边形确认 · 多边形确认失败 · rejected=0 · elapsed_ms=1.2
[WARN] [1786540917.864364]: 开始进行多边形确认 · 多边形确认失败 · rejected=0 · elapsed_ms=1.3
 12/08 13:21:58,432 ERROR [140119617042176] (ds5-options.cpp:88) Asic Temperature value is not valid!
[WARN] [1786540918.001623]: 开始进行多边形确认 · 多边形确认失败 · rejected=0 · elapsed_ms=1.3
[WARN] [1786540918.126954]: CITRUS_CENTER reject instances=1 reason=visible citrus arc 71.6 deg is below 80.0 deg
[WARN] [1786540918.128081]: 开始进行多边形确认 · 多边形确认失败 · rejected=1 · elapsed_ms=7.7
[WARN] [1786540918.239384]: 开始进行多边形确认 · 多边形确认失败 · rejected=0 · elapsed_ms=1.0
[WARN] [1786540918.360396]: 开始进行多边形确认 · 多边形确认失败 · rejected=1 · elapsed_ms=4.5
[WARN] [1786540918.485853]: 开始进行多边形确认 · 多边形确认失败 · rejected=1 · elapsed_ms=4.6
[WARN] [1786540918.615926]: 开始进行多边形确认 · 多边形确认失败 · rejected=2 · elapsed_ms=15.7
[WARN] [1786540918.736595]: 开始进行多边形确认 · 多边形确认失败 · rejected=1 · elapsed_ms=5.3
[WARN] [1786540918.854099]: 开始进行多边形确认 · 多边形确认失败 · rejected=1 · elapsed_ms=4.4
[WARN] [1786540918.984666]: 开始进行多边形确认 · 多边形确认失败 · rejected=1 · elapsed_ms=4.3
[WARN] [1786540919.102256]: 开始进行多边形确认 · 多边形确认失败 · rejected=1 · elapsed_ms=4.3
[WARN] [1786540919.229461]: 开始进行多边形确认 · 多边形确认失败 · rejected=1 · elapsed_ms=4.3
[WARN] [1786540919.354285]: 开始进行多边形确认 · 多边形确认失败 · rejected=1 · elapsed_ms=4.0
[WARN] [1786540919.486854]: 开始进行多边形确认 · 多边形确认失败 · rejected=2 · elapsed_ms=11.9
[WARN] [1786540919.608100]: 开始进行多边形确认 · 多边形确认失败 · rejected=1 · elapsed_ms=4.7
[WARN] [1786540919.762652]: 开始进行多边形确认 · 多边形确认失败 · rejected=1 · elapsed_ms=6.8
[WARN] [1786540919.868027]: 开始进行多边形确认 · 多边形确认失败 · rejected=1 · elapsed_ms=6.8
[WARN] [1786540919.996524]: 开始进行多边形确认 · 多边形确认失败 · rejected=1 · elapsed_ms=6.8
[WARN] [1786540920.135898]: CITRUS_CENTER reject instances=1 reason=visible citrus arc 45.7 deg is below 80.0 deg
[WARN] [1786540920.137301]: 开始进行多边形确认 · 多边形确认失败 · rejected=2 · elapsed_ms=18.3
[WARN] [1786540920.259664]: 开始进行多边形确认 · 多边形确认失败 · rejected=2 · elapsed_ms=15.8
[WARN] [1786540920.360776]: 开始进行多边形确认 · 多边形确认失败 · rejected=1 · elapsed_ms=4.5
[WARN] [1786540920.509925]: 开始进行多边形确认 · 多边形确认失败 · rejected=2 · elapsed_ms=15.5
[WARN] [1786540920.632815]: 开始进行多边形确认 · 多边形确认失败 · rejected=2 · elapsed_ms=16.0
[WARN] [1786540920.745902]: 开始进行多边形确认 · 多边形确认失败 · rejected=1 · elapsed_ms=4.2
[WARN] [1786540920.861886]: 开始进行多边形确认 · 多边形确认失败 · rejected=1 · elapsed_ms=5.3
[WARN] [1786540920.994274]: 开始进行多边形确认 · 多边形确认失败 · rejected=1 · elapsed_ms=4.8
[WARN] [1786540921.123922]: 开始进行多边形确认 · 多边形确认失败 · rejected=1 · elapsed_ms=6.8
[WARN] [1786540921.255568]: 开始进行多边形确认 · 多边形确认失败 · rejected=1 · elapsed_ms=8.1
[WARN] [1786540921.398095]: 开始进行多边形确认 · 多边形确认失败 · rejected=2 · elapsed_ms=16.9
[WARN] [1786540921.502121]: 开始进行多边形确认 · 多边形确认失败 · rejected=1 · elapsed_ms=7.0
[WARN] [1786540921.626542]: 开始进行多边形确认 · 多边形确认失败 · rejected=1 · elapsed_ms=6.9
[WARN] [1786540921.759920]: 开始进行多边形确认 · 多边形确认失败 · rejected=1 · elapsed_ms=6.6
[WARN] [1786540921.887474]: 开始进行多边形确认 · 多边形确认失败 · rejected=2 · elapsed_ms=12.9
[WARN] [1786540921.990224]: 开始进行多边形确认 · 多边形确认失败 · rejected=1 · elapsed_ms=4.0
[WARN] [1786540922.122815]: 开始进行多边形确认 · 多边形确认失败 · rejected=2 · elapsed_ms=8.8
[WARN] [1786540922.252100]: CITRUS_CENTER reject instances=1 reason=visible citrus arc 47.4 deg is below 80.0 deg
[WARN] [1786540922.253009]: 开始进行多边形确认 · 多边形确认失败 · rejected=2 · elapsed_ms=9.0
[WARN] [1786540922.379326]: 开始进行多边形确认 · 多边形确认失败 · rejected=2 · elapsed_ms=8.8
[WARN] [1786540922.508879]: 开始进行多边形确认 · 多边形确认失败 · rejected=2 · elapsed_ms=13.8
[WARN] [1786540922.635863]: 开始进行多边形确认 · 多边形确认失败 · rejected=2 · elapsed_ms=9.2
[WARN] [1786540922.757227]: 开始进行多边形确认 · 多边形确认失败 · rejected=1 · elapsed_ms=4.3
[WARN] [1786540922.891179]: 开始进行多边形确认 · 多边形确认失败 · rejected=2 · elapsed_ms=10.4
[WARN] [1786540923.003147]: 开始进行多边形确认 · 多边形确认失败 · rejected=1 · elapsed_ms=4.2
[WARN] [1786540923.135732]: 开始进行多边形确认 · 多边形确认失败 · rejected=1 · elapsed_ms=4.1
[WARN] [1786540923.277279]: 开始进行多边形确认 · 多边形确认失败 · rejected=2 · elapsed_ms=15.5
[WARN] [1786540923.413123]: 开始进行多边形确认 · 多边形确认失败 · rejected=2 · elapsed_ms=15.7
[WARN] [1786540923.508180]: 开始进行多边形确认 · 多边形确认失败 · rejected=1 · elapsed_ms=5.7
[WARN] [1786540923.637766]: 开始进行多边形确认 · 多边形确认失败 · rejected=2 · elapsed_ms=9.4
[WARN] [1786540923.758742]: 开始进行多边形确认 · 多边形确认失败 · rejected=2 · elapsed_ms=10.1
[WARN] [1786540923.875969]: 开始进行多边形确认 · 多边形确认失败 · rejected=1 · elapsed_ms=4.7
[WARN] [1786540924.000826]: 开始进行多边形确认 · 多边形确认失败 · rejected=1 · elapsed_ms=5.0
[WARN] [1786540924.143689]: 开始进行多边形确认 · 多边形确认失败 · rejected=2 · elapsed_ms=12.9
[WARN] [1786540924.260943]: CITRUS_CENTER reject instances=1 reason=visible citrus arc 70.9 deg is below 80.0 deg
[WARN] [1786540924.261700]: 开始进行多边形确认 · 多边形确认失败 · rejected=1 · elapsed_ms=5.0
[WARN] [1786540924.392278]: 开始进行多边形确认 · 多边形确认失败 · rejected=1 · elapsed_ms=8.0
[WARN] [1786540924.508950]: 开始进行多边形确认 · 多边形确认失败 · rejected=1 · elapsed_ms=3.9
[WARN] [1786540924.636886]: 开始进行多边形确认 · 多边形确认失败 · rejected=1 · elapsed_ms=4.5
[WARN] [1786540924.769158]: 开始进行多边形确认 · 多边形确认失败 · rejected=2 · elapsed_ms=9.9
[WARN] [1786540924.899328]: 开始进行多边形确认 · 多边形确认失败 · rejected=2 · elapsed_ms=9.2
[WARN] [1786540925.033113]: 开始进行多边形确认 · 多边形确认失败 · rejected=1 · elapsed_ms=7.3
[WARN] [1786540925.143213]: 开始进行多边形确认 · 多边形确认失败 · rejected=1 · elapsed_ms=6.9
[WARN] [1786540925.267256]: 开始进行多边形确认 · 多边形确认失败 · rejected=1 · elapsed_ms=8.0
[WARN] [1786540925.398815]: 开始进行多边形确认 · 多边形确认失败 · rejected=1 · elapsed_ms=7.5
[WARN] [1786540925.506350]: 开始进行多边形确认 · 多边形确认失败 · rejected=2 · elapsed_ms=8.6
[WARN] [1786540925.638960]: 开始进行多边形确认 · 多边形确认失败 · rejected=2 · elapsed_ms=9.1
[WARN] [1786540925.757361]: 开始进行多边形确认 · 多边形确认失败 · rejected=1 · elapsed_ms=3.8
[WARN] [1786540925.882127]: 开始进行多边形确认 · 多边形确认失败 · rejected=1 · elapsed_ms=4.1
[WARN] [1786540926.063072]: 开始进行多边形确认 · 多边形确认失败 · rejected=1 · elapsed_ms=8.6
[WARN] [1786540926.143305]: 开始进行多边形确认 · 多边形确认失败 · rejected=0 · elapsed_ms=1.1
[WARN] [1786540926.268968]: 开始进行多边形确认 · 多边形确认失败 · rejected=0 · elapsed_ms=1.4
[WARN] [1786540926.401753]: 开始进行多边形确认 · 多边形确认失败 · rejected=0 · elapsed_ms=1.3
[INFO] [1786540917.863141]: 开始进行多边形确认 · detections=1
[INFO] [1786540918.000407]: 开始进行多边形确认 · detections=1
[INFO] [1786540918.120422]: 开始进行多边形确认 · detections=2
[INFO] [1786540918.129151]: RGB-D vision status: model_ready:onnxruntime targets:1 centers:0 tf:0 rejected:1 merged:0 semantic_masks:2
[INFO] [1786540918.238405]: 开始进行多边形确认 · detections=1
[INFO] [1786540918.355977]: 开始进行多边形确认 · detections=2
[INFO] [1786540918.481277]: 开始进行多边形确认 · detections=2
[INFO] [1786540918.600271]: 开始进行多边形确认 · detections=3
[INFO] [1786540918.731362]: 开始进行多边形确认 · detections=2
[INFO] [1786540918.849788]: 开始进行多边形确认 · detections=2
[INFO] [1786540918.980385]: 开始进行多边形确认 · detections=2
[INFO] [1786540919.098018]: 开始进行多边形确认 · detections=2
[INFO] [1786540919.225183]: 开始进行多边形确认 · detections=2
[INFO] [1786540919.350311]: 开始进行多边形确认 · detections=2
[INFO] [1786540919.474936]: 开始进行多边形确认 · detections=3
[INFO] [1786540919.603511]: 开始进行多边形确认 · detections=2
[INFO] [1786540919.755899]: 开始进行多边形确认 · detections=2
[INFO] [1786540919.861294]: 开始进行多边形确认 · detections=2
[INFO] [1786540919.989818]: 开始进行多边形确认 · detections=2
[INFO] [1786540920.119034]: 开始进行多边形确认 · detections=3
[INFO] [1786540920.243862]: 开始进行多边形确认 · detections=3
[INFO] [1786540920.356356]: 开始进行多边形确认 · detections=2
[INFO] [1786540920.494493]: 开始进行多边形确认 · detections=3
[INFO] [1786540920.616898]: 开始进行多边形确认 · detections=3
[INFO] [1786540920.741733]: 开始进行多边形确认 · detections=2
[INFO] [1786540920.856613]: 开始进行多边形确认 · detections=2
[INFO] [1786540920.989482]: 开始进行多边形确认 · detections=2
[INFO] [1786540921.117196]: 开始进行多边形确认 · detections=2
[INFO] [1786540921.247477]: 开始进行多边形确认 · detections=2
[INFO] [1786540921.381268]: 开始进行多边形确认 · detections=3
[INFO] [1786540921.495156]: 开始进行多边形确认 · detections=2
[INFO] [1786540921.619704]: 开始进行多边形确认 · detections=2
[INFO] [1786540921.753395]: 开始进行多边形确认 · detections=2
[INFO] [1786540921.874647]: 开始进行多边形确认 · detections=3
[INFO] [1786540921.986255]: 开始进行多边形确认 · detections=2
[INFO] [1786540922.114079]: 开始进行多边形确认 · detections=3
[INFO] [1786540922.244063]: 开始进行多边形确认 · detections=3
[INFO] [1786540922.370612]: 开始进行多边形确认 · detections=3
[INFO] [1786540922.495136]: 开始进行多边形确认 · detections=3
[INFO] [1786540922.626701]: 开始进行多边形确认 · detections=3
[INFO] [1786540922.753009]: 开始进行多边形确认 · detections=2
[INFO] [1786540922.880864]: 开始进行多边形确认 · detections=3
[INFO] [1786540922.999044]: 开始进行多边形确认 · detections=2
[INFO] [1786540923.131699]: 开始进行多边形确认 · detections=2
[INFO] [1786540923.261771]: 开始进行多边形确认 · detections=3
[INFO] [1786540923.278509]: RGB-D vision status: model_ready:onnxruntime targets:2 centers:0 tf:0 rejected:2 merged:0 semantic_masks:3
[INFO] [1786540923.397460]: 开始进行多边形确认 · detections=3
[INFO] [1786540923.502564]: 开始进行多边形确认 · detections=2
[INFO] [1786540923.628392]: 开始进行多边形确认 · detections=3
[INFO] [1786540923.748682]: 开始进行多边形确认 · detections=3
[INFO] [1786540923.871305]: 开始进行多边形确认 · detections=2
[INFO] [1786540923.995880]: 开始进行多边形确认 · detections=2
[INFO] [1786540924.130839]: 开始进行多边形确认 · detections=3
[INFO] [1786540924.256798]: 开始进行多边形确认 · detections=2
[INFO] [1786540924.384309]: 开始进行多边形确认 · detections=2
[INFO] [1786540924.505109]: 开始进行多边形确认 · detections=2
[INFO] [1786540924.632409]: 开始进行多边形确认 · detections=2
[INFO] [1786540924.759276]: 开始进行多边形确认 · detections=3
[INFO] [1786540924.890207]: 开始进行多边形确认 · detections=3
[INFO] [1786540925.025885]: 开始进行多边形确认 · detections=2
[INFO] [1786540925.136376]: 开始进行多边形确认 · detections=2
[INFO] [1786540925.259358]: 开始进行多边形确认 · detections=2
[INFO] [1786540925.391351]: 开始进行多边形确认 · detections=2
[INFO] [1786540925.497806]: 开始进行多边形确认 · detections=3
[INFO] [1786540925.629886]: 开始进行多边形确认 · detections=3
[INFO] [1786540925.753572]: 开始进行多边形确认 · detections=2
[INFO] [1786540925.878048]: 开始进行多边形确认 · detections=2
[INFO] [1786540926.054475]: 开始进行多边形确认 · detections=2
[INFO] [1786540926.142276]: 开始进行多边形确认 · detections=1
[INFO] [1786540926.267648]: 开始进行多边形确认 · detections=1
[INFO] [1786540926.400504]: 开始进行多边形确认 · detections=1
[INFO] [1786540926.518660]: 开始进行多边形确认 · detections=2
[INFO] [1786540926.655469]: 开始进行多边形确认 · detections=3
[INFO] [1786540926.783014]: 开始进行多边形确认 · detections=1
[INFO] [1786540926.892092]: 开始进行多边形确认 · detections=1
[INFO] [1786540927.058120]: 开始进行多边形确认 · detections=1
[INFO] [1786540927.148322]: 开始进行多边形确认 · detections=1
[INFO] [1786540927.286654]: 开始进行多边形确认 · detections=1
[INFO] [1786540927.404443]: 开始进行多边形确认 · detections=1
[INFO] [1786540927.525558]: 开始进行多边形确认 · detections=1
[INFO] [1786540927.643648]: 开始进行多边形确认 · detections=1
[INFO] [1786540927.769959]: 开始进行多边形确认 · detections=1
[INFO] [1786540927.893425]: 开始进行多边形确认 · detections=1
[INFO] [1786540928.018823]: 开始进行多边形确认 · detections=1
[INFO] [1786540928.171870]: 开始进行多边形确认 · detections=1
[INFO] [1786540928.272253]: 开始进行多边形确认 · detections=1
[INFO] [1786540928.400570]: 开始进行多边形确认 · detections=1
[INFO] [1786540928.513888]: 开始进行多边形确认 · detections=1
[INFO] [1786540928.637734]: 开始进行多边形确认 · detections=1
[INFO] [1786540928.761955]: 开始进行多边形确认 · detections=1
[INFO] [1786540928.883923]: 开始进行多边形确认 · detections=1
[INFO] [1786540929.006838]: 开始进行多边形确认 · detections=1
[INFO] [1786540929.147808]: 开始进行多边形确认 · detections=1
[INFO] [1786540929.270387]: 开始进行多边形确认 · detections=1
[INFO] [1786540929.398348]: 开始进行多边形确认 · detections=1
[INFO] [1786540929.527918]: 开始进行多边形确认 · detections=1
[INFO] [1786540929.643010]: 开始进行多边形确认 · detections=1
[INFO] [1786540929.782805]: 开始进行多边形确认 · detections=1
[INFO] [1786540929.899175]: 开始进行多边形确认 · detections=1
[INFO] [1786540930.026098]: 开始进行多边形确认 · detections=1
[INFO] [1786540930.147922]: 开始进行多边形确认 · detections=1
[INFO] [1786540930.298314]: 开始进行多边形确认 · detections=1
[INFO] [1786540930.392420]: 开始进行多边形确认 · detections=1
[INFO] [1786540930.537306]: 开始进行多边形确认 · detections=1
[INFO] [1786540930.647739]: 开始进行多边形确认 · detections=1
[INFO] [1786540930.772816]: 开始进行多边形确认 · detections=1
[INFO] [1786540930.898317]: 开始进行多边形确认 · detections=1
[INFO] [1786540931.031703]: 开始进行多边形确认 · detections=1
[INFO] [1786540931.166430]: 开始进行多边形确认 · detections=1
[INFO] [1786540931.304403]: 开始进行多边形确认 · detections=1
[INFO] [1786540931.430907]: 开始进行多边形确认 · detections=1
[INFO] [1786540931.538896]: 开始进行多边形确认 · detections=1
[INFO] [1786540931.666003]: 开始进行多边形确认 · detections=1
[INFO] [1786540931.802852]: 开始进行多边形确认 · detections=1
[INFO] [1786540931.930037]: 开始进行多边形确认 · detections=1
[INFO] [1786540932.043757]: 开始进行多边形确认 · detections=1
[INFO] [1786540932.166893]: 开始进行多边形确认 · detections=1
[INFO] [1786540932.289897]: 开始进行多边形确认 · detections=1
[INFO] [1786540932.431045]: 开始进行多边形确认 · detections=1
[INFO] [1786540932.537941]: 开始进行多边形确认 · detections=1
[INFO] [1786540932.662121]: 开始进行多边形确认 · detections=1
[INFO] [1786540932.789476]: 开始进行多边形确认 · detections=1
[INFO] [1786540932.913525]: 开始进行多边形确认 · detections=1
[INFO] [1786540933.030434]: 开始进行多边形确认 · detections=1
[INFO] [1786540933.153547]: 开始进行多边形确认 · detections=1
[INFO] [1786540933.280597]: 开始进行多边形确认 · detections=2
[INFO] [1786540933.289372]: RGB-D vision status: model_ready:onnxruntime targets:1 centers:0 tf:0 rejected:1 merged:0 semantic_masks:2
[INFO] [1786540933.406948]: 开始进行多边形确认 · detections=2
[INFO] [1786540933.439141]: CITRUS_CENTER ok pixel=(425,408) depth=0.327 m radius=26.1 mm arc=299 deg error=1.08 px fragments=1
[INFO] [1786540933.440293]: 开始进行多边形确认 · centers=1 · rejected=0 · merged=0 · elapsed_ms=33.4
[INFO] [1786540933.547064]: 开始进行多边形确认 · detections=2
[INFO] [1786540933.574704]: 开始进行多边形确认 · centers=1 · rejected=0 · merged=0 · elapsed_ms=27.7
[INFO] [1786540933.673359]: 开始进行多边形确认 · detections=2
[INFO] [1786540933.700741]: 开始进行多边形确认 · centers=1 · rejected=0 · merged=0 · elapsed_ms=27.4
[INFO] [1786540933.800790]: 开始进行多边形确认 · detections=2
[INFO] [1786540933.826075]: 开始进行多边形确认 · centers=1 · rejected=0 · merged=0 · elapsed_ms=25.3
[INFO] [1786540933.917925]: 开始进行多边形确认 · detections=2
[INFO] [1786540933.931365]: 开始进行多边形确认 · centers=1 · rejected=0 · merged=0 · elapsed_ms=13.5
[INFO] [1786540934.036639]: 开始进行多边形确认 · detections=2
[INFO] [1786540934.048832]: 开始进行多边形确认 · centers=1 · rejected=0 · merged=0 · elapsed_ms=12.2
[INFO] [1786540934.167765]: 开始进行多边形确认 · detections=3
[INFO] [1786540934.185971]: 开始进行多边形确认 · centers=2 · rejected=0 · merged=0 · elapsed_ms=18.2
[INFO] [1786540934.294304]: 开始进行多边形确认 · detections=3
[INFO] [1786540934.322460]: 开始进行多边形确认 · centers=2 · rejected=0 · merged=0 · elapsed_ms=28.2
[INFO] [1786540934.414559]: 开始进行多边形确认 · detections=2
[INFO] [1786540934.442824]: 开始进行多边形确认 · centers=1 · rejected=0 · merged=0 · elapsed_ms=28.3
[INFO] [1786540934.561522]: 开始进行多边形确认 · detections=2
[INFO] [1786540934.587740]: 开始进行多边形确认 · centers=1 · rejected=0 · merged=0 · elapsed_ms=26.3
[INFO] [1786540934.674067]: 开始进行多边形确认 · detections=4
[INFO] [1786540934.717786]: 开始进行多边形确认 · centers=2 · rejected=0 · merged=0 · elapsed_ms=43.7
[INFO] [1786540934.780154]: 开始进行多边形确认 · detections=4
[INFO] [1786540934.833135]: 开始进行多边形确认 · centers=2 · rejected=0 · merged=1 · elapsed_ms=53.0
[INFO] [1786540934.906868]: 开始进行多边形确认 · detections=4
[INFO] [1786540934.958525]: 开始进行多边形确认 · centers=2 · rejected=0 · merged=1 · elapsed_ms=51.7
[INFO] [1786540935.030154]: 开始进行多边形确认 · detections=4
[INFO] [1786540935.075131]: 开始进行多边形确认 · centers=2 · rejected=0 · merged=1 · elapsed_ms=45.0
[INFO] [1786540935.159538]: 开始进行多边形确认 · detections=4
[INFO] [1786540935.207602]: 开始进行多边形确认 · centers=2 · rejected=0 · merged=1 · elapsed_ms=48.1
[INFO] [1786540935.290845]: 开始进行多边形确认 · detections=4
[INFO] [1786540935.337140]: 开始进行多边形确认 · centers=2 · rejected=0 · merged=1 · elapsed_ms=46.3
[INFO] [1786540935.423201]: 开始进行多边形确认 · detections=4
[INFO] [1786540935.498969]: CITRUS_CENTER ok pixel=(461,359) depth=0.664 m radius=22.3 mm arc=302 deg error=0.89 px fragments=1
[INFO] [1786540935.500390]: 开始进行多边形确认 · centers=2 · rejected=0 · merged=1 · elapsed_ms=77.2
[INFO] [1786540935.578847]: 开始进行多边形确认 · detections=4
[INFO] [1786540935.628650]: 开始进行多边形确认 · centers=2 · rejected=0 · merged=1 · elapsed_ms=49.8
[INFO] [1786540935.683914]: 开始进行多边形确认 · detections=4
[INFO] [1786540935.742872]: 开始进行多边形确认 · centers=2 · rejected=0 · merged=1 · elapsed_ms=59.0
[INFO] [1786540935.799310]: 开始进行多边形确认 · detections=4
[INFO] [1786540935.854971]: 开始进行多边形确认 · centers=2 · rejected=0 · merged=1 · elapsed_ms=55.7
[INFO] [1786540935.924174]: 开始进行多边形确认 · detections=4
[INFO] [1786540935.979172]: 开始进行多边形确认 · centers=2 · rejected=0 · merged=1 · elapsed_ms=55.0
[INFO] [1786540936.048339]: 开始进行多边形确认 · detections=4
[INFO] [1786540936.105607]: 开始进行多边形确认 · centers=2 · rejected=0 · merged=1 · elapsed_ms=57.3
[INFO] [1786540936.171571]: 开始进行多边形确认 · detections=4
[INFO] [1786540936.221045]: 开始进行多边形确认 · centers=2 · rejected=0 · merged=1 · elapsed_ms=49.5
[INFO] [1786540936.298820]: 开始进行多边形确认 · detections=4
[INFO] [1786540936.352706]: 开始进行多边形确认 · centers=2 · rejected=0 · merged=1 · elapsed_ms=53.9
[INFO] [1786540936.426364]: 开始进行多边形确认 · detections=4
[INFO] [1786540936.477200]: 开始进行多边形确认 · centers=2 · rejected=0 · merged=1 · elapsed_ms=50.9
[INFO] [1786540936.588975]: 开始进行多边形确认 · detections=4
[INFO] [1786540936.690438]: 开始进行多边形确认 · centers=2 · rejected=0 · merged=1 · elapsed_ms=101.5
[INFO] [1786540936.772886]: 开始进行多边形确认 · detections=4
[INFO] [1786540936.862216]: 开始进行多边形确认 · centers=2 · rejected=0 · merged=1 · elapsed_ms=89.3
[INFO] [1786540936.923796]: 开始进行多边形确认 · detections=3
[INFO] [1786540936.953857]: 开始进行多边形确认 · centers=2 · rejected=0 · merged=0 · elapsed_ms=30.1
[INFO] [1786540937.067234]: 开始进行多边形确认 · detections=3
[INFO] [1786540937.111157]: 开始进行多边形确认 · centers=2 · rejected=0 · merged=0 · elapsed_ms=44.0
[INFO] [1786540937.172890]: 开始进行多边形确认 · detections=3
[INFO] [1786540937.196466]: 开始进行多边形确认 · centers=2 · rejected=0 · merged=0 · elapsed_ms=23.6
[INFO] [1786540937.313588]: 开始进行多边形确认 · detections=3
[INFO] [1786540937.362810]: 开始进行多边形确认 · centers=2 · rejected=0 · merged=0 · elapsed_ms=49.2
[INFO] [1786540937.437037]: 开始进行多边形确认 · detections=3
[INFO] [1786540937.484850]: 开始进行多边形确认 · centers=2 · rejected=0 · merged=0 · elapsed_ms=47.8
[INFO] [1786540937.568504]: 开始进行多边形确认 · detections=3
[INFO] [1786540937.627552]: CITRUS_CENTER ok pixel=(280,284) depth=0.516 m radius=25.1 mm arc=312 deg error=0.94 px fragments=1
[INFO] [1786540937.628944]: 开始进行多边形确认 · centers=2 · rejected=0 · merged=0 · elapsed_ms=60.5
[INFO] [1786540937.703920]: 开始进行多边形确认 · detections=2
[INFO] [1786540937.725684]: 开始进行多边形确认 · centers=1 · rejected=0 · merged=0 · elapsed_ms=21.8
[INFO] [1786540937.832015]: 开始进行多边形确认 · detections=2
[INFO] [1786540937.856578]: 开始进行多边形确认 · centers=1 · rejected=0 · merged=0 · elapsed_ms=24.6
[INFO] [1786540937.954943]: 开始进行多边形确认 · detections=2
[WARN] [1786540926.524539]: CITRUS_CENTER reject instances=1 reason=polygon circle inlier ratio 0.08 is below 0.30
[WARN] [1786540926.525683]: 开始进行多边形确认 · 多边形确认失败 · rejected=1 · elapsed_ms=7.1
[WARN] [1786540926.661741]: 开始进行多边形确认 · 多边形确认失败 · rejected=2 · elapsed_ms=6.3
[WARN] [1786540926.784314]: 开始进行多边形确认 · 多边形确认失败 · rejected=0 · elapsed_ms=1.4
[WARN] [1786540926.893434]: 开始进行多边形确认 · 多边形确认失败 · rejected=0 · elapsed_ms=1.4
[WARN] [1786540927.059277]: 开始进行多边形确认 · 多边形确认失败 · rejected=0 · elapsed_ms=1.2
[WARN] [1786540927.149584]: 开始进行多边形确认 · 多边形确认失败 · rejected=0 · elapsed_ms=1.3
[WARN] [1786540927.288612]: 开始进行多边形确认 · 多边形确认失败 · rejected=0 · elapsed_ms=2.0
[WARN] [1786540927.405589]: 开始进行多边形确认 · 多边形确认失败 · rejected=0 · elapsed_ms=1.2
[WARN] [1786540927.526738]: 开始进行多边形确认 · 多边形确认失败 · rejected=0 · elapsed_ms=1.2
[WARN] [1786540927.645054]: 开始进行多边形确认 · 多边形确认失败 · rejected=0 · elapsed_ms=1.5
[WARN] [1786540927.771302]: 开始进行多边形确认 · 多边形确认失败 · rejected=0 · elapsed_ms=1.4
[WARN] [1786540927.894658]: 开始进行多边形确认 · 多边形确认失败 · rejected=0 · elapsed_ms=1.3
[WARN] [1786540928.021616]: 开始进行多边形确认 · 多边形确认失败 · rejected=0 · elapsed_ms=2.8
[WARN] [1786540928.173270]: 开始进行多边形确认 · 多边形确认失败 · rejected=0 · elapsed_ms=1.5
[WARN] [1786540928.273278]: 开始进行多边形确认 · 多边形确认失败 · rejected=0 · elapsed_ms=1.1
[WARN] [1786540928.401429]: 开始进行多边形确认 · 多边形确认失败 · rejected=0 · elapsed_ms=0.9
[WARN] [1786540928.514974]: 开始进行多边形确认 · 多边形确认失败 · rejected=0 · elapsed_ms=1.1
[WARN] [1786540928.639166]: 开始进行多边形确认 · 多边形确认失败 · rejected=0 · elapsed_ms=1.5
[WARN] [1786540928.763259]: 开始进行多边形确认 · 多边形确认失败 · rejected=0 · elapsed_ms=1.4
[WARN] [1786540928.884946]: 开始进行多边形确认 · 多边形确认失败 · rejected=0 · elapsed_ms=1.1
[WARN] [1786540929.007916]: 开始进行多边形确认 · 多边形确认失败 · rejected=0 · elapsed_ms=1.1
[WARN] [1786540929.148885]: 开始进行多边形确认 · 多边形确认失败 · rejected=0 · elapsed_ms=1.1
[WARN] [1786540929.271527]: 开始进行多边形确认 · 多边形确认失败 · rejected=0 · elapsed_ms=1.2
[WARN] [1786540929.399570]: 开始进行多边形确认 · 多边形确认失败 · rejected=0 · elapsed_ms=1.3
[WARN] [1786540929.529171]: 开始进行多边形确认 · 多边形确认失败 · rejected=0 · elapsed_ms=1.3
[WARN] [1786540929.644193]: 开始进行多边形确认 · 多边形确认失败 · rejected=0 · elapsed_ms=1.3
[WARN] [1786540929.783930]: 开始进行多边形确认 · 多边形确认失败 · rejected=0 · elapsed_ms=1.2
[WARN] [1786540929.900138]: 开始进行多边形确认 · 多边形确认失败 · rejected=0 · elapsed_ms=1.0
[WARN] [1786540930.027468]: 开始进行多边形确认 · 多边形确认失败 · rejected=0 · elapsed_ms=1.4
[WARN] [1786540930.149331]: 开始进行多边形确认 · 多边形确认失败 · rejected=0 · elapsed_ms=1.5
[WARN] [1786540930.299585]: 开始进行多边形确认 · 多边形确认失败 · rejected=0 · elapsed_ms=1.3
[WARN] [1786540930.393651]: 开始进行多边形确认 · 多边形确认失败 · rejected=0 · elapsed_ms=1.3
[WARN] [1786540930.538537]: 开始进行多边形确认 · 多边形确认失败 · rejected=0 · elapsed_ms=1.3
[WARN] [1786540930.648815]: 开始进行多边形确认 · 多边形确认失败 · rejected=0 · elapsed_ms=1.1
[WARN] [1786540930.774011]: 开始进行多边形确认 · 多边形确认失败 · rejected=0 · elapsed_ms=1.2
[WARN] [1786540930.899464]: 开始进行多边形确认 · 多边形确认失败 · rejected=0 · elapsed_ms=1.2
[WARN] [1786540931.032766]: 开始进行多边形确认 · 多边形确认失败 · rejected=0 · elapsed_ms=1.1
[WARN] [1786540931.167550]: 开始进行多边形确认 · 多边形确认失败 · rejected=0 · elapsed_ms=1.2
[WARN] [1786540931.305475]: 开始进行多边形确认 · 多边形确认失败 · rejected=0 · elapsed_ms=1.1
[WARN] [1786540931.432302]: 开始进行多边形确认 · 多边形确认失败 · rejected=0 · elapsed_ms=1.5
[WARN] [1786540931.540445]: 开始进行多边形确认 · 多边形确认失败 · rejected=0 · elapsed_ms=1.6
[WARN] [1786540931.667467]: 开始进行多边形确认 · 多边形确认失败 · rejected=0 · elapsed_ms=1.5
[WARN] [1786540931.822392]: 开始进行多边形确认 · 多边形确认失败 · rejected=0 · elapsed_ms=19.5
[WARN] [1786540931.930970]: 开始进行多边形确认 · 多边形确认失败 · rejected=0 · elapsed_ms=1.0
[WARN] [1786540932.044846]: 开始进行多边形确认 · 多边形确认失败 · rejected=0 · elapsed_ms=1.2
[WARN] [1786540932.167878]: 开始进行多边形确认 · 多边形确认失败 · rejected=0 · elapsed_ms=1.1
[WARN] [1786540932.291450]: 开始进行多边形确认 · 多边形确认失败 · rejected=0 · elapsed_ms=1.6
[WARN] [1786540932.432034]: 开始进行多边形确认 · 多边形确认失败 · rejected=0 · elapsed_ms=1.0
[WARN] [1786540932.538990]: 开始进行多边形确认 · 多边形确认失败 · rejected=0 · elapsed_ms=1.1
[WARN] [1786540932.662946]: 开始进行多边形确认 · 多边形确认失败 · rejected=0 · elapsed_ms=0.9
[WARN] [1786540932.790918]: 开始进行多边形确认 · 多边形确认失败 · rejected=0 · elapsed_ms=1.5
[WARN] [1786540932.914592]: 开始进行多边形确认 · 多边形确认失败 · rejected=0 · elapsed_ms=1.1
[WARN] [1786540933.031582]: 开始进行多边形确认 · 多边形确认失败 · rejected=0 · elapsed_ms=1.2
[WARN] [1786540933.154720]: 开始进行多边形确认 · 多边形确认失败 · rejected=0 · elapsed_ms=1.2
[WARN] [1786540933.287145]: CITRUS_CENTER reject instances=1 reason=reconstructed citrus radius 20.7 mm is outside 22.0..33.0 mm
[WARN] [1786540933.288139]: 开始进行多边形确认 · 多边形确认失败 · rejected=1 · elapsed_ms=7.6
[WARN] [1786540938.326314]: 开始进行多边形确认 · 多边形确认失败 · rejected=0 · elapsed_ms=1.0
[WARN] [1786540938.457675]: 开始进行多边形确认 · 多边形确认失败 · rejected=0 · elapsed_ms=1.5
[WARN] [1786540938.578134]: 开始进行多边形确认 · 多边形确认失败 · rejected=0 · elapsed_ms=1.2
[WARN] [1786540938.698605]: 开始进行多边形确认 · 多边形确认失败 · rejected=0 · elapsed_ms=1.1
[WARN] [1786540938.831230]: 开始进行多边形确认 · 多边形确认失败 · rejected=0 · elapsed_ms=1.1
[WARN] [1786540938.960841]: 开始进行多边形确认 · 多边形确认失败 · rejected=0 · elapsed_ms=1.3
[WARN] [1786540939.076965]: 开始进行多边形确认 · 多边形确认失败 · rejected=0 · elapsed_ms=1.3
[WARN] [1786540939.201728]: 开始进行多边形确认 · 多边形确认失败 · rejected=0 · elapsed_ms=1.7
[WARN] [1786540939.338590]: 开始进行多边形确认 · 多边形确认失败 · rejected=0 · elapsed_ms=1.3
[WARN] [1786540939.466701]: 开始进行多边形确认 · 多边形确认失败 · rejected=0 · elapsed_ms=1.0
[WARN] [1786540939.592251]: 开始进行多边形确认 · 多边形确认失败 · rejected=0 · elapsed_ms=1.2
[WARN] [1786540939.737889]: 开始进行多边形确认 · 多边形确认失败 · rejected=0 · elapsed_ms=1.7
[WARN] [1786540939.848682]: 开始进行多边形确认 · 多边形确认失败 · rejected=0 · elapsed_ms=1.3
[WARN] [1786540939.973355]: 开始进行多边形确认 · 多边形确认失败 · rejected=0 · elapsed_ms=1.2
[WARN] [1786540940.227102]: 开始进行多边形确认 · 多边形确认失败 · rejected=0 · elapsed_ms=1.4
[INFO] [1786540937.968176]: 开始进行多边形确认 · centers=1 · rejected=0 · merged=0 · elapsed_ms=13.3
[INFO] [1786540938.055933]: 开始进行多边形确认 · detections=2
[INFO] [1786540938.082464]: 开始进行多边形确认 · centers=1 · rejected=0 · merged=0 · elapsed_ms=26.6
[INFO] [1786540938.188958]: 开始进行多边形确认 · detections=5
[INFO] [1786540938.285178]: 开始进行多边形确认 · centers=2 · rejected=0 · merged=2 · elapsed_ms=96.3
[INFO] [1786540938.325287]: 开始进行多边形确认 · detections=1
[INFO] [1786540938.327304]: RGB-D vision status: model_ready:onnxruntime targets:0 centers:0 tf:0 rejected:0 merged:0 semantic_masks:1
[INFO] [1786540938.456188]: 开始进行多边形确认 · detections=1
[INFO] [1786540938.577014]: 开始进行多边形确认 · detections=2
[INFO] [1786540938.697514]: 开始进行多边形确认 · detections=1
[INFO] [1786540938.830143]: 开始进行多边形确认 · detections=2
[INFO] [1786540938.959592]: 开始进行多边形确认 · detections=1
[INFO] [1786540939.075673]: 开始进行多边形确认 · detections=1
[INFO] [1786540939.200029]: 开始进行多边形确认 · detections=1
[INFO] [1786540939.337361]: 开始进行多边形确认 · detections=1
[INFO] [1786540939.465783]: 开始进行多边形确认 · detections=1
[INFO] [1786540939.591144]: 开始进行多边形确认 · detections=1
[INFO] [1786540939.736268]: 开始进行多边形确认 · detections=1
[INFO] [1786540939.847481]: 开始进行多边形确认 · detections=1
[INFO] [1786540939.972222]: 开始进行多边形确认 · detections=1
[INFO] [1786540940.225750]: 开始进行多边形确认 · detections=1
[INFO] [1786540940.350009]: 开始进行多边形确认 · detections=1
[INFO] [1786540940.602022]: 开始进行多边形确认 · detections=1
[INFO] [1786540941.214184]: 开始进行多边形确认 · detections=1
[INFO] [1786540941.330304]: 开始进行多边形确认 · detections=1
[INFO] [1786540941.465032]: 开始进行多边形确认 · detections=1
[INFO] [1786540941.584789]: 开始进行多边形确认 · detections=1
[INFO] [1786540941.723371]: 开始进行多边形确认 · detections=1
[INFO] [1786540942.086413]: 开始进行多边形确认 · detections=1
[INFO] [1786540942.220847]: 开始进行多边形确认 · detections=1
[INFO] [1786540942.604025]: 开始进行多边形确认 · detections=1
[INFO] [1786540943.102134]: 开始进行多边形确认 · detections=1
[INFO] [1786540943.240062]: 开始进行多边形确认 · detections=1
[INFO] [1786540943.356104]: 开始进行多边形确认 · detections=1
[INFO] [1786540943.482396]: 开始进行多边形确认 · detections=1
[INFO] [1786540943.610835]: 开始进行多边形确认 · detections=1
[INFO] [1786540943.749049]: 开始进行多边形确认 · detections=1
[INFO] [1786540943.870190]: 开始进行多边形确认 · detections=1
[INFO] [1786540944.041826]: 开始进行多边形确认 · detections=1
[INFO] [1786540944.122786]: 开始进行多边形确认 · detections=1
[INFO] [1786540944.246059]: 开始进行多边形确认 · detections=1
[INFO] [1786540944.369683]: 开始进行多边形确认 · detections=1
[INFO] [1786540944.496495]: 开始进行多边形确认 · detections=1
[INFO] [1786540944.612809]: 开始进行多边形确认 · detections=1
[INFO] [1786540944.721727]: 开始进行多边形确认 · detections=1
[INFO] [1786540944.855054]: 开始进行多边形确认 · detections=1
[INFO] [1786540944.989501]: 开始进行多边形确认 · detections=1
[INFO] [1786540945.126719]: 开始进行多边形确认 · detections=1
[INFO] [1786540945.235457]: 开始进行多边形确认 · detections=2
[INFO] [1786540945.237769]: RGB-D vision status: model_ready:onnxruntime targets:0 centers:0 tf:0 rejected:0 merged:0 semantic_masks:2
[INFO] [1786540945.356475]: 开始进行多边形确认 · detections=3
[INFO] [1786540945.502281]: 开始进行多边形确认 · detections=1
[INFO] [1786540945.624344]: 开始进行多边形确认 · detections=1
[INFO] [1786540945.738780]: 开始进行多边形确认 · detections=1
[INFO] [1786540945.902006]: 开始进行多边形确认 · detections=2
[INFO] [1786540945.912182]: CITRUS_CENTER ok pixel=(518,408) depth=0.450 m radius=30.4 mm arc=81 deg error=0.77 px fragments=1
[INFO] [1786540945.912939]: 开始进行多边形确认 · centers=1 · rejected=0 · merged=0 · elapsed_ms=11.0
[INFO] [1786540946.009973]: 开始进行多边形确认 · detections=2
[INFO] [1786540946.124452]: 开始进行多边形确认 · detections=2
[INFO] [1786540946.261637]: 开始进行多边形确认 · detections=2
[INFO] [1786540946.357846]: 开始进行多边形确认 · detections=3
[INFO] [1786540946.376717]: 开始进行多边形确认 · centers=1 · rejected=1 · merged=0 · elapsed_ms=18.9
[INFO] [1786540946.497019]: 开始进行多边形确认 · detections=3
[INFO] [1786540946.515823]: 开始进行多边形确认 · centers=1 · rejected=1 · merged=0 · elapsed_ms=18.8
[INFO] [1786540946.614882]: 开始进行多边形确认 · detections=3
[INFO] [1786540946.634435]: 开始进行多边形确认 · centers=2 · rejected=0 · merged=0 · elapsed_ms=19.6
[INFO] [1786540946.734776]: 开始进行多边形确认 · detections=3
[INFO] [1786540946.752396]: 开始进行多边形确认 · centers=1 · rejected=1 · merged=0 · elapsed_ms=17.6
[INFO] [1786540946.860182]: 开始进行多边形确认 · detections=3
[INFO] [1786540946.883945]: 开始进行多边形确认 · centers=1 · rejected=1 · merged=0 · elapsed_ms=23.8
[INFO] [1786540947.001992]: 开始进行多边形确认 · detections=4
[INFO] [1786540947.065975]: 开始进行多边形确认 · centers=2 · rejected=1 · merged=0 · elapsed_ms=64.0
[INFO] [1786540947.132966]: 开始进行多边形确认 · detections=4
[INFO] [1786540947.184428]: 开始进行多边形确认 · centers=1 · rejected=2 · merged=0 · elapsed_ms=51.5
[INFO] [1786540947.307749]: 开始进行多边形确认 · detections=3
[INFO] [1786540947.354587]: 开始进行多边形确认 · centers=2 · rejected=0 · merged=0 · elapsed_ms=46.9
[INFO] [1786540947.429492]: 开始进行多边形确认 · detections=3
[INFO] [1786540947.478907]: 开始进行多边形确认 · centers=1 · rejected=1 · merged=0 · elapsed_ms=49.5
[INFO] [1786540947.560281]: 开始进行多边形确认 · detections=3
[INFO] [1786540947.600451]: 开始进行多边形确认 · centers=1 · rejected=1 · merged=0 · elapsed_ms=40.2
[INFO] [1786540947.660489]: 开始进行多边形确认 · detections=3
[INFO] [1786540947.684098]: 开始进行多边形确认 · centers=1 · rejected=1 · merged=0 · elapsed_ms=23.7
[INFO] [1786540947.786557]: 开始进行多边形确认 · detections=3
[INFO] [1786540947.808891]: 开始进行多边形确认 · centers=1 · rejected=1 · merged=0 · elapsed_ms=22.4
[INFO] [1786540947.912297]: 开始进行多边形确认 · detections=3
[INFO] [1786540947.934274]: CITRUS_CENTER ok pixel=(463,359) depth=0.663 m radius=24.2 mm arc=304 deg error=0.65 px fragments=1
[INFO] [1786540947.935287]: 开始进行多边形确认 · centers=1 · rejected=1 · merged=0 · elapsed_ms=23.1
[INFO] [1786540948.038839]: 开始进行多边形确认 · detections=3
[INFO] [1786540948.063352]: 开始进行多边形确认 · centers=1 · rejected=1 · merged=0 · elapsed_ms=24.6
[INFO] [1786540948.175770]: 开始进行多边形确认 · detections=3
[INFO] [1786540948.212538]: 开始进行多边形确认 · centers=1 · rejected=1 · merged=0 · elapsed_ms=36.8
[INFO] [1786540948.329919]: 开始进行多边形确认 · detections=3
[INFO] [1786540948.357571]: 开始进行多边形确认 · centers=1 · rejected=1 · merged=0 · elapsed_ms=27.7
[INFO] [1786540948.416578]: 开始进行多边形确认 · detections=3
[INFO] [1786540948.443359]: 开始进行多边形确认 · centers=1 · rejected=1 · merged=0 · elapsed_ms=26.8
[INFO] [1786540948.539859]: 开始进行多边形确认 · detections=3
[INFO] [1786540948.566939]: 开始进行多边形确认 · centers=1 · rejected=1 · merged=0 · elapsed_ms=27.1
[WARN] [1786540940.351474]: 开始进行多边形确认 · 多边形确认失败 · rejected=0 · elapsed_ms=1.5
[WARN] [1786540940.603057]: 开始进行多边形确认 · 多边形确认失败 · rejected=0 · elapsed_ms=1.1
[WARN] [1786540941.215043]: 开始进行多边形确认 · 多边形确认失败 · rejected=0 · elapsed_ms=0.9
[WARN] [1786540941.331228]: 开始进行多边形确认 · 多边形确认失败 · rejected=0 · elapsed_ms=1.0
[WARN] [1786540941.465804]: 开始进行多边形确认 · 多边形确认失败 · rejected=0 · elapsed_ms=0.8
[WARN] [1786540941.585607]: 开始进行多边形确认 · 多边形确认失败 · rejected=0 · elapsed_ms=0.9
[WARN] [1786540941.724709]: 开始进行多边形确认 · 多边形确认失败 · rejected=0 · elapsed_ms=1.4
[WARN] [1786540942.087520]: 开始进行多边形确认 · 多边形确认失败 · rejected=0 · elapsed_ms=1.2
[WARN] [1786540942.221771]: 开始进行多边形确认 · 多边形确认失败 · rejected=0 · elapsed_ms=1.0
[WARN] [1786540942.605321]: 开始进行多边形确认 · 多边形确认失败 · rejected=0 · elapsed_ms=1.3
[WARN] [1786540943.103326]: 开始进行多边形确认 · 多边形确认失败 · rejected=0 · elapsed_ms=1.3
[WARN] [1786540943.241644]: 开始进行多边形确认 · 多边形确认失败 · rejected=0 · elapsed_ms=1.7
[WARN] [1786540943.357111]: 开始进行多边形确认 · 多边形确认失败 · rejected=0 · elapsed_ms=1.1
[WARN] [1786540943.483521]: 开始进行多边形确认 · 多边形确认失败 · rejected=0 · elapsed_ms=1.2
[WARN] [1786540943.612104]: 开始进行多边形确认 · 多边形确认失败 · rejected=0 · elapsed_ms=1.3
[WARN] [1786540943.750536]: 开始进行多边形确认 · 多边形确认失败 · rejected=0 · elapsed_ms=1.5
[WARN] [1786540943.871606]: 开始进行多边形确认 · 多边形确认失败 · rejected=0 · elapsed_ms=1.5
[WARN] [1786540944.043428]: 开始进行多边形确认 · 多边形确认失败 · rejected=0 · elapsed_ms=1.7
[WARN] [1786540944.123979]: 开始进行多边形确认 · 多边形确认失败 · rejected=0 · elapsed_ms=1.3
[WARN] [1786540944.247422]: 开始进行多边形确认 · 多边形确认失败 · rejected=0 · elapsed_ms=1.5
[WARN] [1786540944.371044]: 开始进行多边形确认 · 多边形确认失败 · rejected=0 · elapsed_ms=1.4
[WARN] [1786540944.497653]: 开始进行多边形确认 · 多边形确认失败 · rejected=0 · elapsed_ms=1.2
[WARN] [1786540944.614059]: 开始进行多边形确认 · 多边形确认失败 · rejected=0 · elapsed_ms=1.3
[WARN] [1786540944.722836]: 开始进行多边形确认 · 多边形确认失败 · rejected=0 · elapsed_ms=1.2
[WARN] [1786540944.856107]: 开始进行多边形确认 · 多边形确认失败 · rejected=0 · elapsed_ms=1.1
[WARN] [1786540944.990620]: 开始进行多边形确认 · 多边形确认失败 · rejected=0 · elapsed_ms=1.2
[WARN] [1786540945.128222]: 开始进行多边形确认 · 多边形确认失败 · rejected=0 · elapsed_ms=1.6
[WARN] [1786540945.236608]: 开始进行多边形确认 · 多边形确认失败 · rejected=0 · elapsed_ms=1.2
[WARN] [1786540945.357579]: 开始进行多边形确认 · 多边形确认失败 · rejected=0 · elapsed_ms=1.2
[WARN] [1786540945.503666]: 开始进行多边形确认 · 多边形确认失败 · rejected=0 · elapsed_ms=1.5
[WARN] [1786540945.625382]: 开始进行多边形确认 · 多边形确认失败 · rejected=0 · elapsed_ms=1.1
[WARN] [1786540945.740010]: 开始进行多边形确认 · 多边形确认失败 · rejected=0 · elapsed_ms=1.3
[WARN] [1786540946.020240]: CITRUS_CENTER reject instances=1 reason=reconstructed citrus radius 20.3 mm is outside 22.0..33.0 mm
[WARN] [1786540946.021208]: 开始进行多边形确认 · 多边形确认失败 · rejected=1 · elapsed_ms=11.3
[WARN] [1786540946.138168]: 开始进行多边形确认 · 多边形确认失败 · rejected=1 · elapsed_ms=13.7
[WARN] [1786540946.268015]: 开始进行多边形确认 · 多边形确认失败 · rejected=1 · elapsed_ms=6.4
[WARN] [1786540948.062089]: CITRUS_CENTER reject instances=0 reason=reconstructed citrus radius 19.4 mm is outside 22.0..33.0 mm
[WARN] [1786540949.443722]: 开始进行多边形确认 · 多边形确认失败 · rejected=0 · elapsed_ms=1.4
[WARN] [1786540949.556866]: 开始进行多边形确认 · 多边形确认失败 · rejected=0 · elapsed_ms=1.5
[WARN] [1786540949.811536]: 开始进行多边形确认 · 多边形确认失败 · rejected=1 · elapsed_ms=11.4
[WARN] [1786540949.932359]: 开始进行多边形确认 · 多边形确认失败 · rejected=1 · elapsed_ms=11.1
[WARN] [1786540950.174776]: 开始进行多边形确认 · 多边形确认失败 · rejected=0 · elapsed_ms=1.4
[WARN] [1786540950.451217]: CITRUS_CENTER reject instances=1 reason=polygon has only 16 valid depth samples
[WARN] [1786540950.451994]: 开始进行多边形确认 · 多边形确认失败 · rejected=2 · elapsed_ms=6.7
[WARN] [1786540950.542769]: 开始进行多边形确认 · 多边形确认失败 · rejected=2 · elapsed_ms=10.3
[WARN] [1786540950.672855]: 开始进行多边形确认 · 多边形确认失败 · rejected=3 · elapsed_ms=17.6
[WARN] [1786540950.836634]: 开始进行多边形确认 · 多边形确认失败 · rejected=3 · elapsed_ms=26.3
[WARN] [1786540950.941402]: 开始进行多边形确认 · 多边形确认失败 · rejected=2 · elapsed_ms=15.5
[WARN] [1786540951.076438]: 开始进行多边形确认 · 多边形确认失败 · rejected=2 · elapsed_ms=16.7
[WARN] [1786540951.198550]: 开始进行多边形确认 · 多边形确认失败 · rejected=2 · elapsed_ms=16.6
[WARN] [1786540951.327981]: 开始进行多边形确认 · 多边形确认失败 · rejected=2 · elapsed_ms=16.9
[WARN] [1786540951.476861]: 开始进行多边形确认 · 多边形确认失败 · rejected=3 · elapsed_ms=34.5
[WARN] [1786540951.583663]: 开始进行多边形确认 · 多边形确认失败 · rejected=2 · elapsed_ms=20.7
[WARN] [1786540951.694018]: 开始进行多边形确认 · 多边形确认失败 · rejected=2 · elapsed_ms=16.0
[WARN] [1786540951.830681]: 开始进行多边形确认 · 多边形确认失败 · rejected=2 · elapsed_ms=17.6
[WARN] [1786540951.934921]: 开始进行多边形确认 · 多边形确认失败 · rejected=3 · elapsed_ms=16.3
[WARN] [1786540952.055994]: 开始进行多边形确认 · 多边形确认失败 · rejected=2 · elapsed_ms=9.9
[WARN] [1786540952.176327]: 开始进行多边形确认 · 多边形确认失败 · rejected=2 · elapsed_ms=10.6
[WARN] [1786540952.310874]: 开始进行多边形确认 · 多边形确认失败 · rejected=2 · elapsed_ms=16.5
[WARN] [1786540952.447225]: 开始进行多边形确认 · 多边形确认失败 · rejected=1 · elapsed_ms=8.8
[WARN] [1786540952.589303]: CITRUS_CENTER reject instances=1 reason=reconstructed citrus radius 19.8 mm is outside 22.0..33.0 mm
[WARN] [1786540952.590530]: 开始进行多边形确认 · 多边形确认失败 · rejected=1 · elapsed_ms=12.3
[WARN] [1786540952.696254]: 开始进行多边形确认 · 多边形确认失败 · rejected=1 · elapsed_ms=9.8
[WARN] [1786540952.808732]: 开始进行多边形确认 · 多边形确认失败 · rejected=1 · elapsed_ms=9.1
[WARN] [1786540952.923849]: 开始进行多边形确认 · 多边形确认失败 · rejected=0 · elapsed_ms=1.2
[WARN] [1786540953.052003]: 开始进行多边形确认 · 多边形确认失败 · rejected=0 · elapsed_ms=1.2
[WARN] [1786540953.173661]: 开始进行多边形确认 · 多边形确认失败 · rejected=0 · elapsed_ms=1.6
[WARN] [1786540953.303614]: 开始进行多边形确认 · 多边形确认失败 · rejected=0 · elapsed_ms=2.2
[WARN] [1786540953.422670]: 开始进行多边形确认 · 多边形确认失败 · rejected=0 · elapsed_ms=1.1
[WARN] [1786540953.566118]: 开始进行多边形确认 · 多边形确认失败 · rejected=1 · elapsed_ms=10.9
[WARN] [1786540953.670308]: 开始进行多边形确认 · 多边形确认失败 · rejected=1 · elapsed_ms=4.2
[INFO] [1786540948.666162]: 开始进行多边形确认 · detections=3
[INFO] [1786540948.691262]: 开始进行多边形确认 · centers=1 · rejected=1 · merged=0 · elapsed_ms=25.1
[INFO] [1786540948.802075]: 开始进行多边形确认 · detections=3
[INFO] [1786540948.847464]: 开始进行多边形确认 · centers=1 · rejected=1 · merged=0 · elapsed_ms=45.4
[INFO] [1786540948.912175]: 开始进行多边形确认 · detections=3
[INFO] [1786540948.935593]: 开始进行多边形确认 · centers=1 · rejected=1 · merged=0 · elapsed_ms=23.5
[INFO] [1786540949.047799]: 开始进行多边形确认 · detections=3
[INFO] [1786540949.091681]: 开始进行多边形确认 · centers=1 · rejected=1 · merged=0 · elapsed_ms=43.9
[INFO] [1786540949.170359]: 开始进行多边形确认 · detections=3
[INFO] [1786540949.191954]: 开始进行多边形确认 · centers=1 · rejected=1 · merged=0 · elapsed_ms=21.6
[INFO] [1786540949.283511]: 开始进行多边形确认 · detections=3
[INFO] [1786540949.312686]: 开始进行多边形确认 · centers=1 · rejected=1 · merged=0 · elapsed_ms=29.2
[INFO] [1786540949.442399]: 开始进行多边形确认 · detections=1
[INFO] [1786540949.555435]: 开始进行多边形确认 · detections=1
[INFO] [1786540949.658394]: 开始进行多边形确认 · detections=2
[INFO] [1786540949.669220]: 开始进行多边形确认 · centers=1 · rejected=0 · merged=0 · elapsed_ms=10.8
[INFO] [1786540949.800208]: 开始进行多边形确认 · detections=2
[INFO] [1786540949.921286]: 开始进行多边形确认 · detections=2
[INFO] [1786540950.053139]: 开始进行多边形确认 · detections=2
[INFO] [1786540950.083357]: CITRUS_CENTER ok pixel=(356,372) depth=0.447 m radius=32.5 mm arc=82 deg error=1.14 px fragments=1
[INFO] [1786540950.084379]: 开始进行多边形确认 · centers=1 · rejected=0 · merged=0 · elapsed_ms=31.3
[INFO] [1786540950.173451]: 开始进行多边形确认 · detections=1
[INFO] [1786540950.306181]: 开始进行多边形确认 · detections=2
[INFO] [1786540950.319564]: 开始进行多边形确认 · centers=1 · rejected=0 · merged=0 · elapsed_ms=13.4
[INFO] [1786540950.321492]: RGB-D vision status: model_ready:onnxruntime targets:1 centers:1 tf:1 rejected:0 merged:0 semantic_masks:2
[INFO] [1786540950.445392]: 开始进行多边形确认 · detections=3
[INFO] [1786540950.532496]: 开始进行多边形确认 · detections=3
[INFO] [1786540950.655268]: 开始进行多边形确认 · detections=4
[INFO] [1786540950.810321]: 开始进行多边形确认 · detections=4
[INFO] [1786540950.925963]: 开始进行多边形确认 · detections=3
[INFO] [1786540951.059773]: 开始进行多边形确认 · detections=3
[INFO] [1786540951.181990]: 开始进行多边形确认 · detections=3
[INFO] [1786540951.311136]: 开始进行多边形确认 · detections=3
[INFO] [1786540951.442380]: 开始进行多边形确认 · detections=4
[INFO] [1786540951.562977]: 开始进行多边形确认 · detections=3
[INFO] [1786540951.678047]: 开始进行多边形确认 · detections=3
[INFO] [1786540951.813111]: 开始进行多边形确认 · detections=3
[INFO] [1786540951.918612]: 开始进行多边形确认 · detections=4
[INFO] [1786540952.046153]: 开始进行多边形确认 · detections=3
[INFO] [1786540952.165751]: 开始进行多边形确认 · detections=3
[INFO] [1786540952.294396]: 开始进行多边形确认 · detections=3
[INFO] [1786540952.438463]: 开始进行多边形确认 · detections=2
[INFO] [1786540952.578326]: 开始进行多边形确认 · detections=2
[INFO] [1786540952.686517]: 开始进行多边形确认 · detections=2
[INFO] [1786540952.799654]: 开始进行多边形确认 · detections=2
[INFO] [1786540952.922679]: 开始进行多边形确认 · detections=1
[INFO] [1786540953.050936]: 开始进行多边形确认 · detections=1
[INFO] [1786540953.172137]: 开始进行多边形确认 · detections=2
[INFO] [1786540953.301522]: 开始进行多边形确认 · detections=2
[INFO] [1786540953.421601]: 开始进行多边形确认 · detections=2
[INFO] [1786540953.555262]: 开始进行多边形确认 · detections=3
[INFO] [1786540953.666143]: 开始进行多边形确认 · detections=3
[INFO] [1786540953.791175]: 开始进行多边形确认 · detections=2
[INFO] [1786540953.916368]: 开始进行多边形确认 · detections=3
[INFO] [1786540954.042816]: 开始进行多边形确认 · detections=3
[INFO] [1786540954.168941]: 开始进行多边形确认 · detections=2
[INFO] [1786540954.308158]: 开始进行多边形确认 · detections=2
[INFO] [1786540954.424042]: 开始进行多边形确认 · detections=1
[INFO] [1786540954.554924]: 开始进行多边形确认 · detections=1
[INFO] [1786540954.694137]: 开始进行多边形确认 · detections=1
[INFO] [1786540954.799555]: 开始进行多边形确认 · detections=1
[INFO] [1786540954.926057]: 开始进行多边形确认 · detections=1
[INFO] [1786540955.050015]: 开始进行多边形确认 · detections=1
[INFO] [1786540955.184362]: 开始进行多边形确认 · detections=2
[INFO] [1786540955.302632]: 开始进行多边形确认 · detections=2
[INFO] [1786540955.414060]: 开始进行多边形确认 · detections=2
[INFO] [1786540955.540761]: 开始进行多边形确认 · detections=2
[INFO] [1786540955.673324]: 开始进行多边形确认 · detections=2
[INFO] [1786540955.791888]: 开始进行多边形确认 · detections=2
[INFO] [1786540955.928281]: 开始进行多边形确认 · detections=2
[INFO] [1786540956.054501]: 开始进行多边形确认 · detections=2
[INFO] [1786540956.180690]: 开始进行多边形确认 · detections=2
[INFO] [1786540956.301224]: 开始进行多边形确认 · detections=2
[INFO] [1786540956.418837]: 开始进行多边形确认 · detections=2
[INFO] [1786540956.563928]: 开始进行多边形确认 · detections=2
[INFO] [1786540956.692396]: 开始进行多边形确认 · detections=2
[INFO] [1786540956.812143]: 开始进行多边形确认 · detections=2
[INFO] [1786540956.937436]: 开始进行多边形确认 · detections=2
[INFO] [1786540957.074150]: 开始进行多边形确认 · detections=2
[INFO] [1786540957.194274]: 开始进行多边形确认 · detections=2
[INFO] [1786540957.318472]: 开始进行多边形确认 · detections=2
[INFO] [1786540957.427352]: 开始进行多边形确认 · detections=2
[INFO] [1786540957.550783]: 开始进行多边形确认 · detections=1
[INFO] [1786540957.552705]: RGB-D vision status: model_ready:onnxruntime targets:0 centers:0 tf:0 rejected:0 merged:0 semantic_masks:1
[INFO] [1786540957.678933]: 开始进行多边形确认 · detections=2
[INFO] [1786540957.854937]: 开始进行多边形确认 · detections=2
[INFO] [1786540957.933612]: 开始进行多边形确认 · detections=2
[INFO] [1786540958.079306]: 开始进行多边形确认 · detections=2
[INFO] [1786540958.194969]: 开始进行多边形确认 · detections=2
[INFO] [1786540958.322663]: 开始进行多边形确认 · detections=2
[INFO] [1786540958.441840]: 开始进行多边形确认 · detections=2
[INFO] [1786540958.552161]: 开始进行多边形确认 · detections=2
[INFO] [1786540958.694632]: 开始进行多边形确认 · detections=2
[INFO] [1786540958.809347]: 开始进行多边形确认 · detections=2
[INFO] [1786540958.937215]: 开始进行多边形确认 · detections=2
[INFO] [1786540959.061664]: 开始进行多边形确认 · detections=2
[INFO] [1786540959.187915]: 开始进行多边形确认 · detections=2
[INFO] [1786540959.313119]: 开始进行多边形确认 · detections=2
[INFO] [1786540959.445135]: 开始进行多边形确认 · detections=2
[INFO] [1786540959.565701]: 开始进行多边形确认 · detections=2
[INFO] [1786540959.696930]: 开始进行多边形确认 · detections=2
[INFO] [1786540959.825258]: 开始进行多边形确认 · detections=2
[INFO] [1786540959.968549]: 开始进行多边形确认 · detections=2
[INFO] [1786540960.070472]: 开始进行多边形确认 · detections=2
[INFO] [1786540960.198620]: 开始进行多边形确认 · detections=2
[INFO] [1786540960.331573]: 开始进行多边形确认 · detections=2
[WARN] [1786540953.792281]: 开始进行多边形确认 · 多边形确认失败 · rejected=0 · elapsed_ms=1.2
[WARN] [1786540953.920681]: 开始进行多边形确认 · 多边形确认失败 · rejected=1 · elapsed_ms=4.4
[WARN] [1786540954.047514]: 开始进行多边形确认 · 多边形确认失败 · rejected=1 · elapsed_ms=4.7
[WARN] [1786540954.169982]: 开始进行多边形确认 · 多边形确认失败 · rejected=0 · elapsed_ms=1.1
[WARN] [1786540954.309299]: 开始进行多边形确认 · 多边形确认失败 · rejected=0 · elapsed_ms=1.2
[WARN] [1786540954.425109]: 开始进行多边形确认 · 多边形确认失败 · rejected=0 · elapsed_ms=1.1
[WARN] [1786540954.556358]: 开始进行多边形确认 · 多边形确认失败 · rejected=0 · elapsed_ms=1.5
[WARN] [1786540954.695541]: 开始进行多边形确认 · 多边形确认失败 · rejected=0 · elapsed_ms=1.5
[WARN] [1786540954.800847]: 开始进行多边形确认 · 多边形确认失败 · rejected=0 · elapsed_ms=1.4
[WARN] [1786540954.927370]: 开始进行多边形确认 · 多边形确认失败 · rejected=0 · elapsed_ms=1.4
[WARN] [1786540955.052244]: 开始进行多边形确认 · 多边形确认失败 · rejected=0 · elapsed_ms=2.3
[WARN] [1786540955.185317]: 开始进行多边形确认 · 多边形确认失败 · rejected=0 · elapsed_ms=1.0
[WARN] [1786540955.303810]: 开始进行多边形确认 · 多边形确认失败 · rejected=0 · elapsed_ms=1.3
[WARN] [1786540955.415219]: 开始进行多边形确认 · 多边形确认失败 · rejected=0 · elapsed_ms=1.2
[WARN] [1786540955.541801]: 开始进行多边形确认 · 多边形确认失败 · rejected=0 · elapsed_ms=1.1
[WARN] [1786540955.674466]: 开始进行多边形确认 · 多边形确认失败 · rejected=0 · elapsed_ms=1.2
[WARN] [1786540955.793034]: 开始进行多边形确认 · 多边形确认失败 · rejected=0 · elapsed_ms=1.2
[WARN] [1786540955.929242]: 开始进行多边形确认 · 多边形确认失败 · rejected=0 · elapsed_ms=1.0
[WARN] [1786540956.055558]: 开始进行多边形确认 · 多边形确认失败 · rejected=0 · elapsed_ms=1.1
[WARN] [1786540956.181554]: 开始进行多边形确认 · 多边形确认失败 · rejected=0 · elapsed_ms=0.9
[WARN] [1786540956.302181]: 开始进行多边形确认 · 多边形确认失败 · rejected=0 · elapsed_ms=1.0
[WARN] [1786540956.419855]: 开始进行多边形确认 · 多边形确认失败 · rejected=0 · elapsed_ms=1.1
[WARN] [1786540956.565110]: 开始进行多边形确认 · 多边形确认失败 · rejected=0 · elapsed_ms=1.3
[WARN] [1786540956.693585]: 开始进行多边形确认 · 多边形确认失败 · rejected=0 · elapsed_ms=1.3
[WARN] [1786540956.813132]: 开始进行多边形确认 · 多边形确认失败 · rejected=0 · elapsed_ms=1.0
[WARN] [1786540956.938631]: 开始进行多边形确认 · 多边形确认失败 · rejected=0 · elapsed_ms=1.3
[WARN] [1786540957.075409]: 开始进行多边形确认 · 多边形确认失败 · rejected=0 · elapsed_ms=1.3
[WARN] [1786540957.195435]: 开始进行多边形确认 · 多边形确认失败 · rejected=0 · elapsed_ms=1.2
[WARN] [1786540957.319649]: 开始进行多边形确认 · 多边形确认失败 · rejected=0 · elapsed_ms=1.3
[WARN] [1786540957.428497]: 开始进行多边形确认 · 多边形确认失败 · rejected=0 · elapsed_ms=1.2
[WARN] [1786540957.551797]: 开始进行多边形确认 · 多边形确认失败 · rejected=0 · elapsed_ms=1.1
[WARN] [1786540957.679854]: 开始进行多边形确认 · 多边形确认失败 · rejected=0 · elapsed_ms=1.0
[WARN] [1786540957.856314]: 开始进行多边形确认 · 多边形确认失败 · rejected=0 · elapsed_ms=1.4
[WARN] [1786540957.934858]: 开始进行多边形确认 · 多边形确认失败 · rejected=0 · elapsed_ms=1.3
[WARN] [1786540958.080394]: 开始进行多边形确认 · 多边形确认失败 · rejected=0 · elapsed_ms=1.2
[WARN] [1786540958.196355]: 开始进行多边形确认 · 多边形确认失败 · rejected=0 · elapsed_ms=1.5
[WARN] [1786540958.323914]: 开始进行多边形确认 · 多边形确认失败 · rejected=0 · elapsed_ms=1.3
[WARN] [1786540958.443198]: 开始进行多边形确认 · 多边形确认失败 · rejected=0 · elapsed_ms=1.4
[WARN] [1786540958.553450]: 开始进行多边形确认 · 多边形确认失败 · rejected=0 · elapsed_ms=1.3
[WARN] [1786540958.695954]: 开始进行多边形确认 · 多边形确认失败 · rejected=0 · elapsed_ms=1.4
[WARN] [1786540958.810406]: 开始进行多边形确认 · 多边形确认失败 · rejected=0 · elapsed_ms=1.1
[WARN] [1786540958.938282]: 开始进行多边形确认 · 多边形确认失败 · rejected=0 · elapsed_ms=1.2
[WARN] [1786540959.062715]: 开始进行多边形确认 · 多边形确认失败 · rejected=0 · elapsed_ms=1.1
[WARN] [1786540959.189587]: 开始进行多边形确认 · 多边形确认失败 · rejected=0 · elapsed_ms=1.7
[WARN] [1786540959.314234]: 开始进行多边形确认 · 多边形确认失败 · rejected=0 · elapsed_ms=1.2
[WARN] [1786540959.446284]: 开始进行多边形确认 · 多边形确认失败 · rejected=0 · elapsed_ms=1.2
[WARN] [1786540959.567121]: 开始进行多边形确认 · 多边形确认失败 · rejected=0 · elapsed_ms=1.5
[WARN] [1786540959.698301]: 开始进行多边形确认 · 多边形确认失败 · rejected=0 · elapsed_ms=1.5
[WARN] [1786540959.826427]: 开始进行多边形确认 · 多边形确认失败 · rejected=0 · elapsed_ms=1.2
[WARN] [1786540959.969823]: 开始进行多边形确认 · 多边形确认失败 · rejected=0 · elapsed_ms=1.4
[WARN] [1786540960.072621]: 开始进行多边形确认 · 多边形确认失败 · rejected=0 · elapsed_ms=2.1
[WARN] [1786540960.199940]: 开始进行多边形确认 · 多边形确认失败 · rejected=0 · elapsed_ms=1.4
[WARN] [1786540960.332881]: 开始进行多边形确认 · 多边形确认失败 · rejected=0 · elapsed_ms=1.4
[WARN] [1786540960.450670]: 开始进行多边形确认 · 多边形确认失败 · rejected=0 · elapsed_ms=1.5
[WARN] [1786540960.572800]: 开始进行多边形确认 · 多边形确认失败 · rejected=0 · elapsed_ms=1.4
[WARN] [1786540960.697844]: 开始进行多边形确认 · 多边形确认失败 · rejected=0 · elapsed_ms=1.4
[WARN] [1786540960.822417]: 开始进行多边形确认 · 多边形确认失败 · rejected=0 · elapsed_ms=1.2
[WARN] [1786540960.953199]: 开始进行多边形确认 · 多边形确认失败 · rejected=0 · elapsed_ms=1.3
[WARN] [1786540961.075327]: 开始进行多边形确认 · 多边形确认失败 · rejected=0 · elapsed_ms=1.5
[WARN] [1786540961.212671]: 开始进行多边形确认 · 多边形确认失败 · rejected=0 · elapsed_ms=1.0
[WARN] [1786540961.332175]: 开始进行多边形确认 · 多边形确认失败 · rejected=0 · elapsed_ms=1.2
[WARN] [1786540961.456107]: 开始进行多边形确认 · 多边形确认失败 · rejected=0 · elapsed_ms=1.2
[WARN] [1786540961.576432]: 开始进行多边形确认 · 多边形确认失败 · rejected=0 · elapsed_ms=1.1
[WARN] [1786540961.687648]: 开始进行多边形确认 · 多边形确认失败 · rejected=0 · elapsed_ms=0.9
[WARN] [1786540961.812054]: 开始进行多边形确认 · 多边形确认失败 · rejected=0 · elapsed_ms=1.2
[WARN] [1786540961.939748]: 开始进行多边形确认 · 多边形确认失败 · rejected=0 · elapsed_ms=1.2
[WARN] [1786540962.080412]: 开始进行多边形确认 · 多边形确认失败 · rejected=0 · elapsed_ms=1.2
[WARN] [1786540962.218881]: 开始进行多边形确认 · 多边形确认失败 · rejected=0 · elapsed_ms=4.7
[WARN] [1786540962.340954]: 开始进行多边形确认 · 多边形确认失败 · rejected=0 · elapsed_ms=1.6
[WARN] [1786540962.460641]: 开始进行多边形确认 · 多边形确认失败 · rejected=0 · elapsed_ms=1.6
[WARN] [1786540962.568401]: 开始进行多边形确认 · 多边形确认失败 · rejected=0 · elapsed_ms=1.5
[WARN] [1786540962.720416]: 开始进行多边形确认 · 多边形确认失败 · rejected=0 · elapsed_ms=1.3
[WARN] [1786540962.841115]: 开始进行多边形确认 · 多边形确认失败 · rejected=0 · elapsed_ms=1.0
[WARN] [1786540962.954312]: 开始进行多边形确认 · 多边形确认失败 · rejected=0 · elapsed_ms=1.0
[WARN] [1786540963.071757]: 开始进行多边形确认 · 多边形确认失败 · rejected=0 · elapsed_ms=1.3
[WARN] [1786540963.200355]: 开始进行多边形确认 · 多边形确认失败 · rejected=0 · elapsed_ms=1.2
[WARN] [1786540963.335824]: 开始进行多边形确认 · 多边形确认失败 · rejected=0 · elapsed_ms=1.1
[WARN] [1786540963.456358]: 开始进行多边形确认 · 多边形确认失败 · rejected=0 · elapsed_ms=1.1
[WARN] [1786540963.573097]: 开始进行多边形确认 · 多边形确认失败 · rejected=0 · elapsed_ms=1.1
[WARN] [1786540963.716420]: 开始进行多边形确认 · 多边形确认失败 · rejected=0 · elapsed_ms=1.2
[WARN] [1786540963.851447]: 开始进行多边形确认 · 多边形确认失败 · rejected=0 · elapsed_ms=1.3
[WARN] [1786540963.982847]: 开始进行多边形确认 · 多边形确认失败 · rejected=0 · elapsed_ms=1.0
[WARN] [1786540964.088252]: 开始进行多边形确认 · 多边形确认失败 · rejected=0 · elapsed_ms=1.5
[WARN] [1786540964.209988]: 开始进行多边形确认 · 多边形确认失败 · rejected=0 · elapsed_ms=1.4
[WARN] [1786540964.394562]: 开始进行多边形确认 · 多边形确认失败 · rejected=0 · elapsed_ms=1.4
[WARN] [1786540964.470314]: 开始进行多边形确认 · 多边形确认失败 · rejected=0 · elapsed_ms=1.5
[WARN] [1786540964.593451]: 开始进行多边形确认 · 多边形确认失败 · rejected=0 · elapsed_ms=1.4
[WARN] [1786540964.706138]: 开始进行多边形确认 · 多边形确认失败 · rejected=0 · elapsed_ms=1.4
[WARN] [1786540964.843715]: 开始进行多边形确认 · 多边形确认失败 · rejected=0 · elapsed_ms=1.3
[WARN] [1786540964.974443]: CITRUS_CENTER reject instances=1 reason=polygon has only 0 valid depth samples
[WARN] [1786540964.975064]: 开始进行多边形确认 · 多边形确认失败 · rejected=1 · elapsed_ms=2.5
[WARN] [1786540965.103629]: 开始进行多边形确认 · 多边形确认失败 · rejected=1 · elapsed_ms=2.1
[WARN] [1786540965.229564]: 开始进行多边形确认 · 多边形确认失败 · rejected=1 · elapsed_ms=6.1
[WARN] [1786540965.364773]: 开始进行多边形确认 · 多边形确认失败 · rejected=1 · elapsed_ms=2.0
[WARN] [1786540965.478059]: 开始进行多边形确认 · 多边形确认失败 · rejected=1 · elapsed_ms=6.3
[WARN] [1786540965.601753]: 开始进行多边形确认 · 多边形确认失败 · rejected=1 · elapsed_ms=2.3
[WARN] [1786540965.720319]: 开始进行多边形确认 · 多边形确认失败 · rejected=1 · elapsed_ms=1.9
[WARN] [1786540965.844236]: 开始进行多边形确认 · 多边形确认失败 · rejected=1 · elapsed_ms=2.2
[WARN] [1786540965.970150]: 开始进行多边形确认 · 多边形确认失败 · rejected=1 · elapsed_ms=1.9
[WARN] [1786540966.112908]: 开始进行多边形确认 · 多边形确认失败 · rejected=1 · elapsed_ms=6.7
[WARN] [1786540966.218969]: 开始进行多边形确认 · 多边形确认失败 · rejected=1 · elapsed_ms=2.1
[WARN] [1786540966.361994]: 开始进行多边形确认 · 多边形确认失败 · rejected=1 · elapsed_ms=2.4
[WARN] [1786540966.483683]: 开始进行多边形确认 · 多边形确认失败 · rejected=1 · elapsed_ms=1.6
[WARN] [1786540966.595104]: 开始进行多边形确认 · 多边形确认失败 · rejected=1 · elapsed_ms=1.9
[WARN] [1786540966.721409]: 开始进行多边形确认 · 多边形确认失败 · rejected=1 · elapsed_ms=1.5
[WARN] [1786540966.844442]: 开始进行多边形确认 · 多边形确认失败 · rejected=1 · elapsed_ms=4.2
[WARN] [1786540966.972974]: 开始进行多边形确认 · 多边形确认失败 · rejected=1 · elapsed_ms=2.0
[WARN] [1786540967.105339]: CITRUS_CENTER reject instances=1 reason=visible citrus arc 60.2 deg is below 80.0 deg
[WARN] [1786540967.106377]: 开始进行多边形确认 · 多边形确认失败 · rejected=1 · elapsed_ms=6.3
[WARN] [1786540967.217590]: 开始进行多边形确认 · 多边形确认失败 · rejected=1 · elapsed_ms=3.6
[WARN] [1786540967.337201]: 开始进行多边形确认 · 多边形确认失败 · rejected=1 · elapsed_ms=3.5
[WARN] [1786540967.519861]: 开始进行多边形确认 · 多边形确认失败 · rejected=1 · elapsed_ms=2.2
[WARN] [1786540967.608130]: 开始进行多边形确认 · 多边形确认失败 · rejected=1 · elapsed_ms=6.8
[WARN] [1786540967.723826]: 开始进行多边形确认 · 多边形确认失败 · rejected=1 · elapsed_ms=5.4
[WARN] [1786540967.850306]: 开始进行多边形确认 · 多边形确认失败 · rejected=1 · elapsed_ms=6.6
[WARN] [1786540967.969777]: 开始进行多边形确认 · 多边形确认失败 · rejected=1 · elapsed_ms=2.0
[WARN] [1786540968.097523]: 开始进行多边形确认 · 多边形确认失败 · rejected=1 · elapsed_ms=1.7
[WARN] [1786540968.222162]: 开始进行多边形确认 · 多边形确认失败 · rejected=1 · elapsed_ms=4.9
[WARN] [1786540968.352070]: 开始进行多边形确认 · 多边形确认失败 · rejected=1 · elapsed_ms=2.0
[WARN] [1786540968.480414]: 开始进行多边形确认 · 多边形确认失败 · rejected=1 · elapsed_ms=2.0
[WARN] [1786540968.622644]: 开始进行多边形确认 · 多边形确认失败 · rejected=1 · elapsed_ms=2.0
[WARN] [1786540968.740287]: 开始进行多边形确认 · 多边形确认失败 · rejected=1 · elapsed_ms=6.6
[WARN] [1786540968.843413]: 开始进行多边形确认 · 多边形确认失败 · rejected=1 · elapsed_ms=1.8
[WARN] [1786540968.970260]: 开始进行多边形确认 · 多边形确认失败 · rejected=1 · elapsed_ms=1.8
[WARN] [1786540969.089850]: 开始进行多边形确认 · 多边形确认失败 · rejected=1 · elapsed_ms=1.9
[WARN] [1786540969.216712]: CITRUS_CENTER reject instances=1 reason=polygon has only 18 valid depth samples
[WARN] [1786540969.217472]: 开始进行多边形确认 · 多边形确认失败 · rejected=1 · elapsed_ms=2.7
[WARN] [1786540969.348516]: 开始进行多边形确认 · 多边形确认失败 · rejected=1 · elapsed_ms=1.8
[WARN] [1786540969.472598]: 开始进行多边形确认 · 多边形确认失败 · rejected=1 · elapsed_ms=4.4
[WARN] [1786540969.616127]: 开始进行多边形确认 · 多边形确认失败 · rejected=1 · elapsed_ms=2.4
[WARN] [1786540969.724375]: 开始进行多边形确认 · 多边形确认失败 · rejected=1 · elapsed_ms=4.3
[WARN] [1786540969.846399]: 开始进行多边形确认 · 多边形确认失败 · rejected=1 · elapsed_ms=1.7
[WARN] [1786540969.974264]: 开始进行多边形确认 · 多边形确认失败 · rejected=1 · elapsed_ms=4.1
[WARN] [1786540970.104004]: 开始进行多边形确认 · 多边形确认失败 · rejected=1 · elapsed_ms=1.8
[WARN] [1786540970.226933]: 开始进行多边形确认 · 多边形确认失败 · rejected=1 · elapsed_ms=3.9
[WARN] [1786540970.373473]: 开始进行多边形确认 · 多边形确认失败 · rejected=1 · elapsed_ms=2.5
[WARN] [1786540970.491059]: 开始进行多边形确认 · 多边形确认失败 · rejected=1 · elapsed_ms=4.5
[WARN] [1786540970.617577]: 开始进行多边形确认 · 多边形确认失败 · rejected=1 · elapsed_ms=7.9
[WARN] [1786540970.756045]: 开始进行多边形确认 · 多边形确认失败 · rejected=1 · elapsed_ms=1.9
[WARN] [1786540970.872778]: 开始进行多边形确认 · 多边形确认失败 · rejected=1 · elapsed_ms=2.1
[WARN] [1786540970.996650]: 开始进行多边形确认 · 多边形确认失败 · rejected=1 · elapsed_ms=6.6
[WARN] [1786540971.123278]: 开始进行多边形确认 · 多边形确认失败 · rejected=1 · elapsed_ms=8.5
[WARN] [1786540971.234177]: 开始进行多边形确认 · 多边形确认失败 · rejected=0 · elapsed_ms=1.6
[WARN] [1786540971.365660]: 开始进行多边形确认 · 多边形确认失败 · rejected=0 · elapsed_ms=1.5
[INFO] [1786540960.449240]: 开始进行多边形确认 · detections=2
[INFO] [1786540960.571482]: 开始进行多边形确认 · detections=2
[INFO] [1786540960.696544]: 开始进行多边形确认 · detections=2
[INFO] [1786540960.821263]: 开始进行多边形确认 · detections=2
[INFO] [1786540960.951965]: 开始进行多边形确认 · detections=2
[INFO] [1786540961.073900]: 开始进行多边形确认 · detections=2
[INFO] [1786540961.211713]: 开始进行多边形确认 · detections=2
[INFO] [1786540961.331013]: 开始进行多边形确认 · detections=2
[INFO] [1786540961.455042]: 开始进行多边形确认 · detections=2
[INFO] [1786540961.575455]: 开始进行多边形确认 · detections=2
[INFO] [1786540961.686822]: 开始进行多边形确认 · detections=1
[INFO] [1786540961.810897]: 开始进行多边形确认 · detections=2
[INFO] [1786540961.938639]: 开始进行多边形确认 · detections=2
[INFO] [1786540962.079287]: 开始进行多边形确认 · detections=2
[INFO] [1786540962.214210]: 开始进行多边形确认 · detections=2
[INFO] [1786540962.339453]: 开始进行多边形确认 · detections=2
[INFO] [1786540962.459134]: 开始进行多边形确认 · detections=2
[INFO] [1786540962.566984]: 开始进行多边形确认 · detections=2
[INFO] [1786540962.719229]: 开始进行多边形确认 · detections=2
[INFO] [1786540962.840141]: 开始进行多边形确认 · detections=2
[INFO] [1786540962.953350]: 开始进行多边形确认 · detections=2
[INFO] [1786540963.070562]: 开始进行多边形确认 · detections=2
[INFO] [1786540963.199251]: 开始进行多边形确认 · detections=2
[INFO] [1786540963.334766]: 开始进行多边形确认 · detections=2
[INFO] [1786540963.455339]: 开始进行多边形确认 · detections=2
[INFO] [1786540963.572024]: 开始进行多边形确认 · detections=2
[INFO] [1786540963.715319]: 开始进行多边形确认 · detections=2
[INFO] [1786540963.850174]: 开始进行多边形确认 · detections=2
[INFO] [1786540963.981889]: 开始进行多边形确认 · detections=2
[INFO] [1786540964.086784]: 开始进行多边形确认 · detections=1
[INFO] [1786540964.089536]: RGB-D vision status: model_ready:onnxruntime targets:0 centers:0 tf:0 rejected:0 merged:0 semantic_masks:1
[INFO] [1786540964.208684]: 开始进行多边形确认 · detections=1
[INFO] [1786540964.393282]: 开始进行多边形确认 · detections=1
[INFO] [1786540964.468909]: 开始进行多边形确认 · detections=1
[INFO] [1786540964.592086]: 开始进行多边形确认 · detections=1
[INFO] [1786540964.704781]: 开始进行多边形确认 · detections=1
[INFO] [1786540964.842507]: 开始进行多边形确认 · detections=1
[INFO] [1786540964.972661]: 开始进行多边形确认 · detections=2
[INFO] [1786540965.101614]: 开始进行多边形确认 · detections=2
[INFO] [1786540965.223579]: 开始进行多边形确认 · detections=2
[INFO] [1786540965.362791]: 开始进行多边形确认 · detections=2
[INFO] [1786540965.471851]: 开始进行多边形确认 · detections=2
[INFO] [1786540965.599535]: 开始进行多边形确认 · detections=2
[INFO] [1786540965.718445]: 开始进行多边形确认 · detections=2
[INFO] [1786540965.842128]: 开始进行多边形确认 · detections=2
[INFO] [1786540965.968364]: 开始进行多边形确认 · detections=2
[INFO] [1786540966.106240]: 开始进行多边形确认 · detections=2
[INFO] [1786540966.216983]: 开始进行多边形确认 · detections=2
[INFO] [1786540966.359701]: 开始进行多边形确认 · detections=2
[INFO] [1786540966.482131]: 开始进行多边形确认 · detections=2
[INFO] [1786540966.593280]: 开始进行多边形确认 · detections=2
[INFO] [1786540966.719930]: 开始进行多边形确认 · detections=2
[INFO] [1786540966.840284]: 开始进行多边形确认 · detections=2
[INFO] [1786540966.971032]: 开始进行多边形确认 · detections=2
[INFO] [1786540967.100123]: 开始进行多边形确认 · detections=2
[INFO] [1786540967.214016]: 开始进行多边形确认 · detections=2
[INFO] [1786540967.333707]: 开始进行多边形确认 · detections=2
[INFO] [1786540967.517761]: 开始进行多边形确认 · detections=2
[INFO] [1786540967.601402]: 开始进行多边形确认 · detections=2
[INFO] [1786540967.718488]: 开始进行多边形确认 · detections=2
[INFO] [1786540967.843731]: 开始进行多边形确认 · detections=2
[INFO] [1786540967.967833]: 开始进行多边形确认 · detections=2
[INFO] [1786540968.095906]: 开始进行多边形确认 · detections=2
[INFO] [1786540968.217321]: 开始进行多边形确认 · detections=2
[INFO] [1786540968.350111]: 开始进行多边形确认 · detections=2
[INFO] [1786540968.478435]: 开始进行多边形确认 · detections=2
[INFO] [1786540968.620679]: 开始进行多边形确认 · detections=2
[INFO] [1786540968.733779]: 开始进行多边形确认 · detections=2
[INFO] [1786540968.841696]: 开始进行多边形确认 · detections=2
[INFO] [1786540968.968551]: 开始进行多边形确认 · detections=2
[INFO] [1786540969.088045]: 开始进行多边形确认 · detections=2
[INFO] [1786540969.214862]: 开始进行多边形确认 · detections=2
[INFO] [1786540969.346827]: 开始进行多边形确认 · detections=2
[INFO] [1786540969.468222]: 开始进行多边形确认 · detections=2
[INFO] [1786540969.613747]: 开始进行多边形确认 · detections=2
[INFO] [1786540969.720098]: 开始进行多边形确认 · detections=2
[INFO] [1786540969.844760]: 开始进行多边形确认 · detections=2
[INFO] [1786540969.970224]: 开始进行多边形确认 · detections=2
[INFO] [1786540970.102270]: 开始进行多边形确认 · detections=2
[INFO] [1786540970.223063]: 开始进行多边形确认 · detections=2
[INFO] [1786540970.371024]: 开始进行多边形确认 · detections=2
[INFO] [1786540970.486565]: 开始进行多边形确认 · detections=2
[INFO] [1786540970.609737]: 开始进行多边形确认 · detections=2
[INFO] [1786540970.754174]: 开始进行多边形确认 · detections=2
[INFO] [1786540970.870731]: 开始进行多边形确认 · detections=2
[INFO] [1786540970.990121]: 开始进行多边形确认 · detections=2
[INFO] [1786540971.114886]: 开始进行多边形确认 · detections=2
[INFO] [1786540971.232609]: 开始进行多边形确认 · detections=1
[INFO] [1786540971.235717]: RGB-D vision status: model_ready:onnxruntime targets:0 centers:0 tf:0 rejected:0 merged:0 semantic_masks:1
[INFO] [1786540971.364176]: 开始进行多边形确认 · detections=1
[INFO] [1786540971.501140]: 开始进行多边形确认 · detections=2
[INFO] [1786540971.620454]: 开始进行多边形确认 · detections=1
[INFO] [1786540971.764872]: 开始进行多边形确认 · detections=2
[INFO] [1786540971.780886]: CITRUS_CENTER ok pixel=(426,320) depth=0.471 m radius=27.0 mm arc=150 deg error=0.79 px fragments=1
[INFO] [1786540971.781964]: 开始进行多边形确认 · centers=1 · rejected=0 · merged=0 · elapsed_ms=17.2
[INFO] [1786540971.876888]: 开始进行多边形确认 · detections=1
[INFO] [1786540971.996407]: 开始进行多边形确认 · detections=1
[INFO] [1786540972.123220]: 开始进行多边形确认 · detections=3
[INFO] [1786540972.127760]: 开始进行多边形确认 · centers=1 · rejected=0 · merged=0 · elapsed_ms=4.6
[INFO] [1786540972.234490]: 开始进行多边形确认 · detections=1
[INFO] [1786540972.376059]: 开始进行多边形确认 · detections=1
[INFO] [1786540972.500376]: 开始进行多边形确认 · detections=1
[INFO] [1786540972.631032]: 开始进行多边形确认 · detections=2
[INFO] [1786540972.663314]: 开始进行多边形确认 · centers=1 · rejected=0 · merged=0 · elapsed_ms=32.3
[INFO] [1786540972.784919]: 开始进行多边形确认 · detections=3
[INFO] [1786540972.830315]: 开始进行多边形确认 · centers=1 · rejected=1 · merged=0 · elapsed_ms=45.5
[INFO] [1786540972.901192]: 开始进行多边形确认 · detections=3
[INFO] [1786540972.942012]: 开始进行多边形确认 · centers=1 · rejected=1 · merged=0 · elapsed_ms=40.9
 12/08 13:23:02,964 WARNING [140120722458368] (messenger-libusb.cpp:42) control_transfer returned error, index: 768, error: Resource temporarily unavailable, number: 11
[INFO] [1786540973.009004]: 开始进行多边形确认 · detections=3
[INFO] [1786540973.055490]: 开始进行多边形确认 · centers=1 · rejected=1 · merged=0 · elapsed_ms=46.5
[INFO] [1786540973.147699]: 开始进行多边形确认 · detections=3
[INFO] [1786540973.195609]: 开始进行多边形确认 · centers=1 · rejected=1 · merged=0 · elapsed_ms=47.9
[INFO] [1786540973.262804]: 开始进行多边形确认 · detections=3
[INFO] [1786540973.303019]: 开始进行多边形确认 · centers=1 · rejected=1 · merged=0 · elapsed_ms=40.3
[INFO] [1786540973.401142]: 开始进行多边形确认 · detections=3
[INFO] [1786540973.441193]: 开始进行多边形确认 · centers=1 · rejected=1 · merged=0 · elapsed_ms=40.1
[INFO] [1786540973.509577]: 开始进行多边形确认 · detections=3
[INFO] [1786540973.559432]: 开始进行多边形确认 · centers=1 · rejected=1 · merged=0 · elapsed_ms=49.9
[INFO] [1786540973.647493]: 开始进行多边形确认 · detections=3
[INFO] [1786540973.691194]: 开始进行多边形确认 · centers=1 · rejected=1 · merged=0 · elapsed_ms=43.7
[INFO] [1786540973.787594]: 开始进行多边形确认 · detections=3
[INFO] [1786540973.841510]: CITRUS_CENTER ok pixel=(462,358) depth=0.663 m radius=23.2 mm arc=302 deg error=0.68 px fragments=1
[INFO] [1786540973.842913]: 开始进行多边形确认 · centers=1 · rejected=1 · merged=0 · elapsed_ms=55.4
[INFO] [1786540973.911822]: 开始进行多边形确认 · detections=3
[INFO] [1786540973.956588]: 开始进行多边形确认 · centers=1 · rejected=1 · merged=0 · elapsed_ms=44.8
[INFO] [1786540974.030567]: 开始进行多边形确认 · detections=3
[INFO] [1786540974.073797]: 开始进行多边形确认 · centers=1 · rejected=1 · merged=0 · elapsed_ms=43.3
[INFO] [1786540974.158082]: 开始进行多边形确认 · detections=3
[INFO] [1786540974.196957]: 开始进行多边形确认 · centers=1 · rejected=1 · merged=0 · elapsed_ms=38.9
[INFO] [1786540974.271705]: 开始进行多边形确认 · detections=3
[INFO] [1786540974.298296]: 开始进行多边形确认 · centers=1 · rejected=1 · merged=0 · elapsed_ms=26.6
[INFO] [1786540974.407726]: 开始进行多边形确认 · detections=3
[INFO] [1786540974.431561]: 开始进行多边形确认 · centers=1 · rejected=1 · merged=0 · elapsed_ms=23.9
[INFO] [1786540974.526049]: 开始进行多边形确认 · detections=3
[INFO] [1786540974.551363]: 开始进行多边形确认 · centers=1 · rejected=1 · merged=0 · elapsed_ms=25.4
[INFO] [1786540974.663064]: 开始进行多边形确认 · detections=3
[INFO] [1786540974.705497]: 开始进行多边形确认 · centers=1 · rejected=1 · merged=0 · elapsed_ms=42.5
[INFO] [1786540974.795020]: 开始进行多边形确认 · detections=3
[INFO] [1786540974.855993]: 开始进行多边形确认 · centers=1 · rejected=1 · merged=0 · elapsed_ms=61.0
[INFO] [1786540974.905382]: 开始进行多边形确认 · detections=3
[INFO] [1786540974.930212]: 开始进行多边形确认 · centers=2 · rejected=0 · merged=0 · elapsed_ms=24.9
[INFO] [1786540975.024815]: 开始进行多边形确认 · detections=3
[INFO] [1786540975.049258]: 开始进行多边形确认 · centers=1 · rejected=1 · merged=0 · elapsed_ms=24.5
[INFO] [1786540975.151749]: 开始进行多边形确认 · detections=1
[INFO] [1786540975.396711]: 开始进行多边形确认 · detections=2
[INFO] [1786540975.527278]: 开始进行多边形确认 · detections=1
[INFO] [1786540975.670515]: 开始进行多边形确认 · detections=2
[INFO] [1786540975.806528]: 开始进行多边形确认 · detections=1
[INFO] [1786540975.926235]: 开始进行多边形确认 · detections=2
[INFO] [1786540976.189256]: 开始进行多边形确认 · detections=1
[INFO] [1786540976.303325]: RGB-D vision status: model_ready:onnxruntime targets:0 centers:0 tf:0 rejected:0 merged:0 semantic_masks:0
[INFO] [1786540976.414613]: 开始进行多边形确认 · detections=1
[INFO] [1786540976.548470]: 开始进行多边形确认 · detections=1
[INFO] [1786540976.787308]: 开始进行多边形确认 · detections=1
[INFO] [1786540976.918535]: 开始进行多边形确认 · detections=2
[INFO] [1786540977.047462]: 开始进行多边形确认 · detections=2
[INFO] [1786540977.165122]: 开始进行多边形确认 · detections=1
[INFO] [1786540977.296055]: 开始进行多边形确认 · detections=1
[INFO] [1786540977.421007]: 开始进行多边形确认 · detections=1
[INFO] [1786540977.555101]: 开始进行多边形确认 · detections=1
[INFO] [1786540977.679218]: 开始进行多边形确认 · detections=1
[INFO] [1786540977.797558]: 开始进行多边形确认 · detections=1
[INFO] [1786540977.917659]: 开始进行多边形确认 · detections=1
[INFO] [1786540978.043550]: 开始进行多边形确认 · detections=1
[INFO] [1786540978.168363]: 开始进行多边形确认 · detections=1
[INFO] [1786540978.294655]: 开始进行多边形确认 · detections=2
[INFO] [1786540978.421630]: 开始进行多边形确认 · detections=1
[INFO] [1786540978.531179]: 开始进行多边形确认 · detections=1
[INFO] [1786540978.662429]: 开始进行多边形确认 · detections=1
[INFO] [1786540978.787566]: 开始进行多边形确认 · detections=1
[INFO] [1786540978.911621]: 开始进行多边形确认 · detections=1
[INFO] [1786540979.034785]: 开始进行多边形确认 · detections=1
[INFO] [1786540979.173798]: 开始进行多边形确认 · detections=1
[INFO] [1786540979.291832]: 开始进行多边形确认 · detections=1
[INFO] [1786540979.424555]: 开始进行多边形确认 · detections=1
[INFO] [1786540979.556283]: 开始进行多边形确认 · detections=1
[INFO] [1786540979.671805]: 开始进行多边形确认 · detections=1
[INFO] [1786540979.795307]: 开始进行多边形确认 · detections=1
[INFO] [1786540979.912557]: 开始进行多边形确认 · detections=1
[INFO] [1786540980.051721]: 开始进行多边形确认 · detections=1
[INFO] [1786540980.165299]: 开始进行多边形确认 · detections=1
[INFO] [1786540980.290204]: 开始进行多边形确认 · detections=1
[INFO] [1786540980.418854]: 开始进行多边形确认 · detections=1
[INFO] [1786540980.538181]: 开始进行多边形确认 · detections=1
[INFO] [1786540980.667592]: 开始进行多边形确认 · detections=1
[INFO] [1786540980.794401]: 开始进行多边形确认 · detections=1
[INFO] [1786540980.926216]: 开始进行多边形确认 · detections=1
[INFO] [1786540981.063454]: 开始进行多边形确认 · detections=1
[INFO] [1786540981.173575]: 开始进行多边形确认 · detections=1
[INFO] [1786540981.312753]: 开始进行多边形确认 · detections=1
[INFO] [1786540981.444256]: 开始进行多边形确认 · detections=1
[INFO] [1786540981.568106]: 开始进行多边形确认 · detections=1
[INFO] [1786540981.692005]: 开始进行多边形确认 · detections=1
[INFO] [1786540981.816720]: 开始进行多边形确认 · detections=1
[INFO] [1786540981.945919]: 开始进行多边形确认 · detections=1
[INFO] [1786540982.074425]: 开始进行多边形确认 · detections=1
[INFO] [1786540982.196532]: 开始进行多边形确认 · detections=1
[INFO] [1786540982.319475]: 开始进行多边形确认 · detections=1
[INFO] [1786540982.446083]: 开始进行多边形确认 · detections=1
[INFO] [1786540982.573599]: 开始进行多边形确认 · detections=1
[INFO] [1786540982.699411]: 开始进行多边形确认 · detections=1
[INFO] [1786540982.824627]: 开始进行多边形确认 · detections=1
[INFO] [1786540982.957790]: 开始进行多边形确认 · detections=1
[INFO] [1786540983.074805]: 开始进行多边形确认 · detections=1
[INFO] [1786540983.187716]: RGB-D vision status: model_ready:onnxruntime targets:0 centers:0 tf:0 rejected:0 merged:0 semantic_masks:0
[INFO] [1786540983.311213]: 开始进行多边形确认 · detections=1
[INFO] [1786540984.441609]: 开始进行多边形确认 · detections=1
[INFO] [1786540984.557163]: 开始进行多边形确认 · detections=1
[INFO] [1786540984.815363]: 开始进行多边形确认 · detections=3
[WARN] [1786540971.502702]: 开始进行多边形确认 · 多边形确认失败 · rejected=0 · elapsed_ms=1.6
[WARN] [1786540971.621754]: 开始进行多边形确认 · 多边形确认失败 · rejected=0 · elapsed_ms=1.4
[WARN] [1786540971.877996]: 开始进行多边形确认 · 多边形确认失败 · rejected=0 · elapsed_ms=1.2
[WARN] [1786540971.997620]: 开始进行多边形确认 · 多边形确认失败 · rejected=0 · elapsed_ms=1.3
[WARN] [1786540972.235821]: 开始进行多边形确认 · 多边形确认失败 · rejected=0 · elapsed_ms=1.4
[WARN] [1786540972.377374]: 开始进行多边形确认 · 多边形确认失败 · rejected=0 · elapsed_ms=1.4
[WARN] [1786540972.501610]: 开始进行多边形确认 · 多边形确认失败 · rejected=0 · elapsed_ms=1.3
[WARN] [1786540972.828947]: CITRUS_CENTER reject instances=1 reason=reconstructed citrus radius 19.5 mm is outside 22.0..33.0 mm
[WARN] [1786540974.854368]: CITRUS_CENTER reject instances=2 reason=reconstructed citrus radius 19.5 mm is outside 22.0..33.0 mm
[WARN] [1786540975.153072]: 开始进行多边形确认 · 多边形确认失败 · rejected=0 · elapsed_ms=1.4
[WARN] [1786540975.397909]: 开始进行多边形确认 · 多边形确认失败 · rejected=0 · elapsed_ms=1.3
[WARN] [1786540975.528316]: 开始进行多边形确认 · 多边形确认失败 · rejected=0 · elapsed_ms=1.1
[WARN] [1786540975.671681]: 开始进行多边形确认 · 多边形确认失败 · rejected=0 · elapsed_ms=1.2
[WARN] [1786540975.807883]: 开始进行多边形确认 · 多边形确认失败 · rejected=0 · elapsed_ms=1.4
[WARN] [1786540975.927639]: 开始进行多边形确认 · 多边形确认失败 · rejected=0 · elapsed_ms=1.4
[WARN] [1786540976.190600]: 开始进行多边形确认 · 多边形确认失败 · rejected=0 · elapsed_ms=1.4
[WARN] [1786540976.415871]: 开始进行多边形确认 · 多边形确认失败 · rejected=0 · elapsed_ms=1.3
[WARN] [1786540976.549787]: 开始进行多边形确认 · 多边形确认失败 · rejected=0 · elapsed_ms=1.4
[WARN] [1786540976.789049]: 开始进行多边形确认 · 多边形确认失败 · rejected=0 · elapsed_ms=1.8
[WARN] [1786540976.919913]: 开始进行多边形确认 · 多边形确认失败 · rejected=0 · elapsed_ms=1.4
[WARN] [1786540977.048952]: 开始进行多边形确认 · 多边形确认失败 · rejected=0 · elapsed_ms=1.6
[WARN] [1786540977.166710]: 开始进行多边形确认 · 多边形确认失败 · rejected=0 · elapsed_ms=1.6
[WARN] [1786540977.297671]: 开始进行多边形确认 · 多边形确认失败 · rejected=0 · elapsed_ms=1.7
[WARN] [1786540977.422218]: 开始进行多边形确认 · 多边形确认失败 · rejected=0 · elapsed_ms=1.3
[WARN] [1786540977.556299]: 开始进行多边形确认 · 多边形确认失败 · rejected=0 · elapsed_ms=1.3
[WARN] [1786540977.680253]: 开始进行多边形确认 · 多边形确认失败 · rejected=0 · elapsed_ms=1.1
[WARN] [1786540977.798705]: 开始进行多边形确认 · 多边形确认失败 · rejected=0 · elapsed_ms=1.2
[WARN] [1786540977.918912]: 开始进行多边形确认 · 多边形确认失败 · rejected=0 · elapsed_ms=1.3
[WARN] [1786540978.044855]: 开始进行多边形确认 · 多边形确认失败 · rejected=0 · elapsed_ms=1.4
[WARN] [1786540978.169734]: 开始进行多边形确认 · 多边形确认失败 · rejected=0 · elapsed_ms=1.4
[WARN] [1786540978.295702]: 开始进行多边形确认 · 多边形确认失败 · rejected=0 · elapsed_ms=1.1
[WARN] [1786540978.422743]: 开始进行多边形确认 · 多边形确认失败 · rejected=0 · elapsed_ms=1.2
[WARN] [1786540978.532213]: 开始进行多边形确认 · 多边形确认失败 · rejected=0 · elapsed_ms=1.1
[WARN] [1786540978.663380]: 开始进行多边形确认 · 多边形确认失败 · rejected=0 · elapsed_ms=1.0
[WARN] [1786540978.789451]: 开始进行多边形确认 · 多边形确认失败 · rejected=0 · elapsed_ms=1.9
[WARN] [1786540978.912802]: 开始进行多边形确认 · 多边形确认失败 · rejected=0 · elapsed_ms=1.2
[WARN] [1786540979.035937]: 开始进行多边形确认 · 多边形确认失败 · rejected=0 · elapsed_ms=1.2
[WARN] [1786540979.174903]: 开始进行多边形确认 · 多边形确认失败 · rejected=0 · elapsed_ms=1.2
[WARN] [1786540979.292976]: 开始进行多边形确认 · 多边形确认失败 · rejected=0 · elapsed_ms=1.2
[WARN] [1786540979.425654]: 开始进行多边形确认 · 多边形确认失败 · rejected=0 · elapsed_ms=1.2
[WARN] [1786540979.557504]: 开始进行多边形确认 · 多边形确认失败 · rejected=0 · elapsed_ms=1.3
[WARN] [1786540979.673043]: 开始进行多边形确认 · 多边形确认失败 · rejected=0 · elapsed_ms=1.3
[WARN] [1786540979.796492]: 开始进行多边形确认 · 多边形确认失败 · rejected=0 · elapsed_ms=1.2
[WARN] [1786540979.913737]: 开始进行多边形确认 · 多边形确认失败 · rejected=0 · elapsed_ms=1.3
[WARN] [1786540980.053206]: 开始进行多边形确认 · 多边形确认失败 · rejected=0 · elapsed_ms=1.6
[WARN] [1786540980.166336]: 开始进行多边形确认 · 多边形确认失败 · rejected=0 · elapsed_ms=1.1
[WARN] [1786540980.291201]: 开始进行多边形确认 · 多边形确认失败 · rejected=0 · elapsed_ms=1.1
[WARN] [1786540980.420083]: 开始进行多边形确认 · 多边形确认失败 · rejected=0 · elapsed_ms=1.3
[WARN] [1786540980.539198]: 开始进行多边形确认 · 多边形确认失败 · rejected=0 · elapsed_ms=1.1
[WARN] [1786540980.669004]: 开始进行多边形确认 · 多边形确认失败 · rejected=0 · elapsed_ms=1.5
[WARN] [1786540980.795640]: 开始进行多边形确认 · 多边形确认失败 · rejected=0 · elapsed_ms=1.3
[WARN] [1786540980.927600]: 开始进行多边形确认 · 多边形确认失败 · rejected=0 · elapsed_ms=1.4
[WARN] [1786540981.064613]: 开始进行多边形确认 · 多边形确认失败 · rejected=0 · elapsed_ms=1.2
[WARN] [1786540981.174496]: 开始进行多边形确认 · 多边形确认失败 · rejected=0 · elapsed_ms=1.0
[WARN] [1786540981.313800]: 开始进行多边形确认 · 多边形确认失败 · rejected=0 · elapsed_ms=1.1
[WARN] [1786540981.445626]: 开始进行多边形确认 · 多边形确认失败 · rejected=0 · elapsed_ms=1.5
[WARN] [1786540981.569238]: 开始进行多边形确认 · 多边形确认失败 · rejected=0 · elapsed_ms=1.2
[WARN] [1786540981.693472]: 开始进行多边形确认 · 多边形确认失败 · rejected=0 · elapsed_ms=1.5
[WARN] [1786540981.818200]: 开始进行多边形确认 · 多边形确认失败 · rejected=0 · elapsed_ms=1.5
[WARN] [1786540981.946973]: 开始进行多边形确认 · 多边形确认失败 · rejected=0 · elapsed_ms=1.1
[WARN] [1786540982.075739]: 开始进行多边形确认 · 多边形确认失败 · rejected=0 · elapsed_ms=1.4
[WARN] [1786540982.197666]: 开始进行多边形确认 · 多边形确认失败 · rejected=0 · elapsed_ms=1.2
[WARN] [1786540982.320727]: 开始进行多边形确认 · 多边形确认失败 · rejected=0 · elapsed_ms=1.3
[WARN] [1786540982.447314]: 开始进行多边形确认 · 多边形确认失败 · rejected=0 · elapsed_ms=1.3
[WARN] [1786540982.574889]: 开始进行多边形确认 · 多边形确认失败 · rejected=0 · elapsed_ms=1.4
[WARN] [1786540982.700496]: 开始进行多边形确认 · 多边形确认失败 · rejected=0 · elapsed_ms=1.1
[WARN] [1786540982.825868]: 开始进行多边形确认 · 多边形确认失败 · rejected=0 · elapsed_ms=1.3
[WARN] [1786540982.959312]: 开始进行多边形确认 · 多边形确认失败 · rejected=0 · elapsed_ms=1.5
[WARN] [1786540983.076084]: 开始进行多边形确认 · 多边形确认失败 · rejected=0 · elapsed_ms=1.4
[WARN] [1786540983.312597]: 开始进行多边形确认 · 多边形确认失败 · rejected=0 · elapsed_ms=1.5
[WARN] [1786540984.442673]: 开始进行多边形确认 · 多边形确认失败 · rejected=0 · elapsed_ms=1.1
[WARN] [1786540984.558417]: 开始进行多边形确认 · 多边形确认失败 · rejected=0 · elapsed_ms=1.3
[INFO] [1786540984.839097]: CITRUS_CENTER ok pixel=(462,358) depth=0.661 m radius=23.4 mm arc=301 deg error=0.57 px fragments=1
[INFO] [1786540984.840939]: 开始进行多边形确认 · centers=1 · rejected=1 · merged=0 · elapsed_ms=25.6
[INFO] [1786540984.937099]: 开始进行多边形确认 · detections=3
[INFO] [1786540984.964496]: 开始进行多边形确认 · centers=1 · rejected=1 · merged=0 · elapsed_ms=27.4
[INFO] [1786540985.068548]: 开始进行多边形确认 · detections=3
[INFO] [1786540985.094357]: 开始进行多边形确认 · centers=1 · rejected=1 · merged=0 · elapsed_ms=25.8
[INFO] [1786540985.205336]: 开始进行多边形确认 · detections=3
[INFO] [1786540985.246928]: 开始进行多边形确认 · centers=1 · rejected=1 · merged=0 · elapsed_ms=41.7
[INFO] [1786540985.307966]: 开始进行多边形确认 · detections=3
[INFO] [1786540985.332690]: 开始进行多边形确认 · centers=1 · rejected=1 · merged=0 · elapsed_ms=24.8
[INFO] [1786540985.434342]: 开始进行多边形确认 · detections=3
[INFO] [1786540985.461612]: 开始进行多边形确认 · centers=1 · rejected=1 · merged=0 · elapsed_ms=27.3
[INFO] [1786540985.564070]: 开始进行多边形确认 · detections=3
[INFO] [1786540985.586884]: 开始进行多边形确认 · centers=1 · rejected=1 · merged=0 · elapsed_ms=22.9
[INFO] [1786540985.688090]: 开始进行多边形确认 · detections=3
[INFO] [1786540985.763717]: 开始进行多边形确认 · centers=1 · rejected=1 · merged=0 · elapsed_ms=75.7
[INFO] [1786540985.838703]: 开始进行多边形确认 · detections=3
[INFO] [1786540985.870440]: 开始进行多边形确认 · centers=1 · rejected=1 · merged=0 · elapsed_ms=31.8
[INFO] [1786540985.940334]: 开始进行多边形确认 · detections=3
[INFO] [1786540985.964732]: 开始进行多边形确认 · centers=1 · rejected=1 · merged=0 · elapsed_ms=24.4
[INFO] [1786540986.068456]: 开始进行多边形确认 · detections=3
[INFO] [1786540986.093386]: 开始进行多边形确认 · centers=1 · rejected=1 · merged=0 · elapsed_ms=25.0
[INFO] [1786540986.193951]: 开始进行多边形确认 · detections=3
[INFO] [1786540986.235039]: 开始进行多边形确认 · centers=1 · rejected=1 · merged=0 · elapsed_ms=41.1
[INFO] [1786540986.321874]: 开始进行多边形确认 · detections=3
[INFO] [1786540986.348184]: 开始进行多边形确认 · centers=1 · rejected=1 · merged=0 · elapsed_ms=26.4
[INFO] [1786540986.441864]: 开始进行多边形确认 · detections=3
[INFO] [1786540986.467699]: 开始进行多边形确认 · centers=1 · rejected=1 · merged=0 · elapsed_ms=25.9
[INFO] [1786540986.577689]: 开始进行多边形确认 · detections=3
[INFO] [1786540986.603378]: 开始进行多边形确认 · centers=1 · rejected=1 · merged=0 · elapsed_ms=25.7
[INFO] [1786540986.687941]: 开始进行多边形确认 · detections=3
[INFO] [1786540986.721310]: 开始进行多边形确认 · centers=1 · rejected=1 · merged=0 · elapsed_ms=33.4
[INFO] [1786540986.845693]: 开始进行多边形确认 · detections=3
[INFO] [1786540986.890180]: CITRUS_CENTER ok pixel=(460,358) depth=0.664 m radius=22.7 mm arc=300 deg error=0.94 px fragments=1
[INFO] [1786540986.892455]: 开始进行多边形确认 · centers=1 · rejected=1 · merged=0 · elapsed_ms=46.8
[INFO] [1786540986.964187]: 开始进行多边形确认 · detections=3
[INFO] [1786540987.010358]: 开始进行多边形确认 · centers=1 · rejected=1 · merged=0 · elapsed_ms=46.2
[INFO] [1786540987.091585]: 开始进行多边形确认 · detections=3
[INFO] [1786540987.137685]: 开始进行多边形确认 · centers=1 · rejected=1 · merged=0 · elapsed_ms=46.1
[INFO] [1786540987.212812]: 开始进行多边形确认 · detections=3
[INFO] [1786540987.252032]: 开始进行多边形确认 · centers=1 · rejected=1 · merged=0 · elapsed_ms=39.2
[INFO] [1786540987.326847]: 开始进行多边形确认 · detections=3
[INFO] [1786540987.364398]: 开始进行多边形确认 · centers=1 · rejected=1 · merged=0 · elapsed_ms=37.6
[INFO] [1786540987.460013]: 开始进行多边形确认 · detections=3
[INFO] [1786540987.500754]: 开始进行多边形确认 · centers=1 · rejected=1 · merged=0 · elapsed_ms=40.8
[INFO] [1786540987.581226]: 开始进行多边形确认 · detections=3
[INFO] [1786540987.624609]: 开始进行多边形确认 · centers=1 · rejected=1 · merged=0 · elapsed_ms=43.4
[INFO] [1786540987.709883]: 开始进行多边形确认 · detections=3
[INFO] [1786540987.750287]: 开始进行多边形确认 · centers=1 · rejected=1 · merged=0 · elapsed_ms=40.4
[INFO] [1786540987.838035]: 开始进行多边形确认 · detections=3
[INFO] [1786540987.892364]: 开始进行多边形确认 · centers=1 · rejected=1 · merged=0 · elapsed_ms=54.3
[INFO] [1786540987.973378]: 开始进行多边形确认 · detections=3
[INFO] [1786540988.017903]: 开始进行多边形确认 · centers=1 · rejected=1 · merged=0 · elapsed_ms=44.6
[INFO] [1786540988.085772]: 开始进行多边形确认 · detections=3
[INFO] [1786540988.128715]: 开始进行多边形确认 · centers=1 · rejected=1 · merged=0 · elapsed_ms=43.0
[INFO] [1786540988.212887]: 开始进行多边形确认 · detections=3
[INFO] [1786540988.251456]: 开始进行多边形确认 · centers=1 · rejected=1 · merged=0 · elapsed_ms=38.6
[INFO] [1786540988.328390]: 开始进行多边形确认 · detections=3
[INFO] [1786540988.372245]: 开始进行多边形确认 · centers=1 · rejected=1 · merged=0 · elapsed_ms=43.9
[INFO] [1786540988.455522]: 开始进行多边形确认 · detections=3
[INFO] [1786540988.498340]: 开始进行多边形确认 · centers=1 · rejected=1 · merged=0 · elapsed_ms=42.9
[INFO] [1786540988.582463]: 开始进行多边形确认 · detections=1
[INFO] [1786540988.584869]: RGB-D vision status: model_ready:onnxruntime targets:0 centers:0 tf:0 rejected:0 merged:0 semantic_masks:1
[INFO] [1786540991.832202]: 开始进行多边形确认 · detections=1
[INFO] [1786540991.975596]: 开始进行多边形确认 · detections=1
[INFO] [1786540992.098185]: 开始进行多边形确认 · detections=1
[INFO] [1786540992.228041]: 开始进行多边形确认 · detections=1
[INFO] [1786540992.352121]: 开始进行多边形确认 · detections=1
[INFO] [1786540992.473210]: 开始进行多边形确认 · detections=1
[INFO] [1786540992.596882]: 开始进行多边形确认 · detections=1
[INFO] [1786540992.726933]: 开始进行多边形确认 · detections=1
[INFO] [1786540992.837746]: 开始进行多边形确认 · detections=1
[INFO] [1786540992.958349]: 开始进行多边形确认 · detections=1
[INFO] [1786540993.099017]: 开始进行多边形确认 · detections=1
[INFO] [1786540993.210897]: 开始进行多边形确认 · detections=1
[INFO] [1786540993.342889]: 开始进行多边形确认 · detections=1
[INFO] [1786540993.462175]: 开始进行多边形确认 · detections=1
[INFO] [1786540993.602961]: 开始进行多边形确认 · detections=1
[INFO] [1786540993.722845]: 开始进行多边形确认 · detections=1
[INFO] [1786540993.851595]: 开始进行多边形确认 · detections=1
[INFO] [1786540993.980871]: 开始进行多边形确认 · detections=1
[INFO] [1786540994.107151]: 开始进行多边形确认 · detections=1
[INFO] [1786540994.228599]: 开始进行多边形确认 · detections=1
[INFO] [1786540994.371851]: 开始进行多边形确认 · detections=1
[INFO] [1786540994.479529]: 开始进行多边形确认 · detections=1
[INFO] [1786540994.604184]: 开始进行多边形确认 · detections=1
[INFO] [1786540994.727315]: 开始进行多边形确认 · detections=1
[INFO] [1786540994.851272]: RGB-D vision status: model_ready:onnxruntime targets:0 centers:0 tf:0 rejected:0 merged:0 semantic_masks:0
[INFO] [1786540994.979826]: 开始进行多边形确认 · detections=1
[INFO] [1786540995.106119]: 开始进行多边形确认 · detections=1
[INFO] [1786540995.232300]: 开始进行多边形确认 · detections=1
[INFO] [1786540995.359713]: 开始进行多边形确认 · detections=1
[WARN] [1786540984.840259]: CITRUS_CENTER reject instances=1 reason=reconstructed citrus radius 19.4 mm is outside 22.0..33.0 mm
[WARN] [1786540986.891415]: CITRUS_CENTER reject instances=1 reason=reconstructed citrus radius 19.4 mm is outside 22.0..33.0 mm
[WARN] [1786540988.583817]: 开始进行多边形确认 · 多边形确认失败 · rejected=0 · elapsed_ms=1.4
[WARN] [1786540991.833483]: 开始进行多边形确认 · 多边形确认失败 · rejected=0 · elapsed_ms=1.3
[WARN] [1786540991.977023]: 开始进行多边形确认 · 多边形确认失败 · rejected=0 · elapsed_ms=1.5
[WARN] [1786540992.099323]: 开始进行多边形确认 · 多边形确认失败 · rejected=0 · elapsed_ms=1.2
[WARN] [1786540992.229064]: 开始进行多边形确认 · 多边形确认失败 · rejected=0 · elapsed_ms=1.1
[WARN] [1786540992.353361]: 开始进行多边形确认 · 多边形确认失败 · rejected=0 · elapsed_ms=1.3
[WARN] [1786540992.474365]: 开始进行多边形确认 · 多边形确认失败 · rejected=0 · elapsed_ms=1.2
[WARN] [1786540992.598089]: 开始进行多边形确认 · 多边形确认失败 · rejected=0 · elapsed_ms=1.3
[WARN] [1786540992.728499]: 开始进行多边形确认 · 多边形确认失败 · rejected=0 · elapsed_ms=1.6
[WARN] [1786540992.838850]: 开始进行多边形确认 · 多边形确认失败 · rejected=0 · elapsed_ms=1.2
[WARN] [1786540992.959555]: 开始进行多边形确认 · 多边形确认失败 · rejected=0 · elapsed_ms=1.3
[WARN] [1786540993.100302]: 开始进行多边形确认 · 多边形确认失败 · rejected=0 · elapsed_ms=1.3
[WARN] [1786540993.212226]: 开始进行多边形确认 · 多边形确认失败 · rejected=0 · elapsed_ms=1.4
[WARN] [1786540993.344004]: 开始进行多边形确认 · 多边形确认失败 · rejected=0 · elapsed_ms=1.2
[WARN] [1786540993.463344]: 开始进行多边形确认 · 多边形确认失败 · rejected=0 · elapsed_ms=1.2
[WARN] [1786540993.604365]: 开始进行多边形确认 · 多边形确认失败 · rejected=0 · elapsed_ms=1.5
[WARN] [1786540993.724139]: 开始进行多边形确认 · 多边形确认失败 · rejected=0 · elapsed_ms=1.3
[WARN] [1786540993.852826]: 开始进行多边形确认 · 多边形确认失败 · rejected=0 · elapsed_ms=1.3
[WARN] [1786540993.982005]: 开始进行多边形确认 · 多边形确认失败 · rejected=0 · elapsed_ms=1.2
[WARN] [1786540994.108334]: 开始进行多边形确认 · 多边形确认失败 · rejected=0 · elapsed_ms=1.3
[WARN] [1786540994.229712]: 开始进行多边形确认 · 多边形确认失败 · rejected=0 · elapsed_ms=1.2
[WARN] [1786540994.373051]: 开始进行多边形确认 · 多边形确认失败 · rejected=0 · elapsed_ms=1.3
[WARN] [1786540994.480766]: 开始进行多边形确认 · 多边形确认失败 · rejected=0 · elapsed_ms=1.3
[WARN] [1786540994.605344]: 开始进行多边形确认 · 多边形确认失败 · rejected=0 · elapsed_ms=1.2
[WARN] [1786540994.728433]: 开始进行多边形确认 · 多边形确认失败 · rejected=0 · elapsed_ms=1.2
[WARN] [1786540994.980709]: 开始进行多边形确认 · 多边形确认失败 · rejected=0 · elapsed_ms=0.9
[WARN] [1786540995.107119]: 开始进行多边形确认 · 多边形确认失败 · rejected=0 · elapsed_ms=1.1
[WARN] [1786540995.233276]: 开始进行多边形确认 · 多边形确认失败 · rejected=0 · elapsed_ms=1.0
[WARN] [1786540995.360813]: 开始进行多边形确认 · 多边形确认失败 · rejected=0 · elapsed_ms=1.2
[WARN] [1786540995.470803]: 开始进行多边形确认 · 多边形确认失败 · rejected=0 · elapsed_ms=1.2
[WARN] [1786540995.597469]: 开始进行多边形确认 · 多边形确认失败 · rejected=0 · elapsed_ms=1.4
[WARN] [1786540995.725709]: 开始进行多边形确认 · 多边形确认失败 · rejected=0 · elapsed_ms=1.2
[WARN] [1786540995.861534]: 开始进行多边形确认 · 多边形确认失败 · rejected=0 · elapsed_ms=1.0
[WARN] [1786540995.988201]: 开始进行多边形确认 · 多边形确认失败 · rejected=0 · elapsed_ms=1.1
[WARN] [1786540996.125179]: 开始进行多边形确认 · 多边形确认失败 · rejected=0 · elapsed_ms=1.0
[WARN] [1786540996.239975]: 开始进行多边形确认 · 多边形确认失败 · rejected=0 · elapsed_ms=1.1
[WARN] [1786540996.370134]: 开始进行多边形确认 · 多边形确认失败 · rejected=0 · elapsed_ms=1.2
[WARN] [1786540996.481758]: 开始进行多边形确认 · 多边形确认失败 · rejected=0 · elapsed_ms=1.0
[WARN] [1786540996.611079]: 开始进行多边形确认 · 多边形确认失败 · rejected=0 · elapsed_ms=1.2
[WARN] [1786540996.733227]: 开始进行多边形确认 · 多边形确认失败 · rejected=0 · elapsed_ms=1.2
[WARN] [1786540996.859923]: 开始进行多边形确认 · 多边形确认失败 · rejected=0 · elapsed_ms=1.8
[WARN] [1786540996.987033]: 开始进行多边形确认 · 多边形确认失败 · rejected=0 · elapsed_ms=1.1
[WARN] [1786540997.106844]: 开始进行多边形确认 · 多边形确认失败 · rejected=0 · elapsed_ms=1.0
[WARN] [1786540997.255278]: 开始进行多边形确认 · 多边形确认失败 · rejected=0 · elapsed_ms=1.4
[WARN] [1786540997.380913]: 开始进行多边形确认 · 多边形确认失败 · rejected=0 · elapsed_ms=1.1
[WARN] [1786540997.505956]: 开始进行多边形确认 · 多边形确认失败 · rejected=0 · elapsed_ms=1.2
[WARN] [1786540997.617593]: 开始进行多边形确认 · 多边形确认失败 · rejected=0 · elapsed_ms=1.2
[WARN] [1786540997.746239]: 开始进行多边形确认 · 多边形确认失败 · rejected=0 · elapsed_ms=1.1
[WARN] [1786540997.878445]: 开始进行多边形确认 · 多边形确认失败 · rejected=0 · elapsed_ms=1.1
[WARN] [1786540998.007443]: 开始进行多边形确认 · 多边形确认失败 · rejected=0 · elapsed_ms=1.6
[WARN] [1786540998.120789]: 开始进行多边形确认 · 多边形确认失败 · rejected=0 · elapsed_ms=1.1
[WARN] [1786540998.242060]: 开始进行多边形确认 · 多边形确认失败 · rejected=0 · elapsed_ms=1.0
[WARN] [1786540998.368966]: 开始进行多边形确认 · 多边形确认失败 · rejected=0 · elapsed_ms=1.2
[WARN] [1786540998.493106]: 开始进行多边形确认 · 多边形确认失败 · rejected=0 · elapsed_ms=0.9
[WARN] [1786541002.099886]: CITRUS_CENTER reject instances=2 reason=reconstructed citrus radius 19.4 mm is outside 22.0..33.0 mm
[WARN] [1786541004.108192]: CITRUS_CENTER reject instances=2 reason=reconstructed citrus radius 19.4 mm is outside 22.0..33.0 mm
[WARN] [1786541008.060596]: 开始进行多边形确认 · 多边形确认失败 · rejected=0 · elapsed_ms=1.4
[WARN] [1786541008.170403]: 开始进行多边形确认 · 多边形确认失败 · rejected=0 · elapsed_ms=1.1
[WARN] [1786541008.292877]: 开始进行多边形确认 · 多边形确认失败 · rejected=0 · elapsed_ms=1.3
[WARN] [1786541008.421724]: 开始进行多边形确认 · 多边形确认失败 · rejected=0 · elapsed_ms=0.9
[WARN] [1786541008.548913]: 开始进行多边形确认 · 多边形确认失败 · rejected=0 · elapsed_ms=2.4
[WARN] [1786541008.669632]: 开始进行多边形确认 · 多边形确认失败 · rejected=0 · elapsed_ms=1.1
[WARN] [1786541008.792938]: 开始进行多边形确认 · 多边形确认失败 · rejected=0 · elapsed_ms=1.4
[WARN] [1786541008.918509]: 开始进行多边形确认 · 多边形确认失败 · rejected=0 · elapsed_ms=1.0
[WARN] [1786541009.055148]: 开始进行多边形确认 · 多边形确认失败 · rejected=0 · elapsed_ms=1.2
[WARN] [1786541009.186284]: 开始进行多边形确认 · 多边形确认失败 · rejected=0 · elapsed_ms=1.2
[WARN] [1786541009.299590]: 开始进行多边形确认 · 多边形确认失败 · rejected=0 · elapsed_ms=1.3
[WARN] [1786541009.445129]: 开始进行多边形确认 · 多边形确认失败 · rejected=0 · elapsed_ms=1.4
[WARN] [1786541009.579634]: 开始进行多边形确认 · 多边形确认失败 · rejected=0 · elapsed_ms=1.4
[INFO] [1786540995.469675]: 开始进行多边形确认 · detections=1
[INFO] [1786540995.596133]: 开始进行多边形确认 · detections=1
[INFO] [1786540995.724568]: 开始进行多边形确认 · detections=1
[INFO] [1786540995.860581]: 开始进行多边形确认 · detections=1
[INFO] [1786540995.987112]: 开始进行多边形确认 · detections=1
[INFO] [1786540996.124215]: 开始进行多边形确认 · detections=1
[INFO] [1786540996.238944]: 开始进行多边形确认 · detections=1
[INFO] [1786540996.368983]: 开始进行多边形确认 · detections=1
[INFO] [1786540996.480773]: 开始进行多边形确认 · detections=1
[INFO] [1786540996.609932]: 开始进行多边形确认 · detections=1
[INFO] [1786540996.732061]: 开始进行多边形确认 · detections=1
[INFO] [1786540996.858142]: 开始进行多边形确认 · detections=1
[INFO] [1786540996.986027]: 开始进行多边形确认 · detections=2
[INFO] [1786540997.105898]: 开始进行多边形确认 · detections=1
[INFO] [1786540997.253985]: 开始进行多边形确认 · detections=1
[INFO] [1786540997.379924]: 开始进行多边形确认 · detections=1
[INFO] [1786540997.504843]: 开始进行多边形确认 · detections=1
[INFO] [1786540997.616442]: 开始进行多边形确认 · detections=1
[INFO] [1786540997.745157]: 开始进行多边形确认 · detections=1
[INFO] [1786540997.877396]: 开始进行多边形确认 · detections=1
[INFO] [1786540998.005939]: 开始进行多边形确认 · detections=2
[INFO] [1786540998.119708]: 开始进行多边形确认 · detections=1
[INFO] [1786540998.241073]: 开始进行多边形确认 · detections=1
[INFO] [1786540998.367828]: 开始进行多边形确认 · detections=1
[INFO] [1786540998.492282]: 开始进行多边形确认 · detections=1
[INFO] [1786541002.049566]: 开始进行多边形确认 · detections=3
[INFO] [1786541002.098553]: CITRUS_CENTER ok pixel=(462,359) depth=0.664 m radius=22.8 mm arc=303 deg error=0.85 px fragments=1
[INFO] [1786541002.100705]: 开始进行多边形确认 · centers=1 · rejected=1 · merged=0 · elapsed_ms=51.3
[INFO] [1786541002.101593]: RGB-D vision status: model_ready:onnxruntime targets:2 centers:1 tf:1 rejected:1 merged:0 semantic_masks:3
[INFO] [1786541002.170303]: 开始进行多边形确认 · detections=3
[INFO] [1786541002.215489]: 开始进行多边形确认 · centers=1 · rejected=1 · merged=0 · elapsed_ms=45.2
[INFO] [1786541002.282126]: 开始进行多边形确认 · detections=2
[INFO] [1786541002.305206]: 开始进行多边形确认 · centers=1 · rejected=1 · merged=0 · elapsed_ms=23.1
[INFO] [1786541002.403938]: 开始进行多边形确认 · detections=3
[INFO] [1786541002.430711]: 开始进行多边形确认 · centers=1 · rejected=1 · merged=0 · elapsed_ms=26.8
[INFO] [1786541002.526750]: 开始进行多边形确认 · detections=3
[INFO] [1786541002.554058]: 开始进行多边形确认 · centers=1 · rejected=1 · merged=0 · elapsed_ms=27.3
[INFO] [1786541002.659732]: 开始进行多边形确认 · detections=3
[INFO] [1786541002.689440]: 开始进行多边形确认 · centers=1 · rejected=1 · merged=0 · elapsed_ms=29.8
[INFO] [1786541002.785002]: 开始进行多边形确认 · detections=3
[INFO] [1786541002.808230]: 开始进行多边形确认 · centers=1 · rejected=1 · merged=0 · elapsed_ms=23.3
[INFO] [1786541002.906948]: 开始进行多边形确认 · detections=3
[INFO] [1786541002.930678]: 开始进行多边形确认 · centers=1 · rejected=1 · merged=0 · elapsed_ms=23.7
[INFO] [1786541003.061234]: 开始进行多边形确认 · detections=3
[INFO] [1786541003.092999]: 开始进行多边形确认 · centers=1 · rejected=1 · merged=0 · elapsed_ms=31.8
[INFO] [1786541003.152659]: 开始进行多边形确认 · detections=3
[INFO] [1786541003.176760]: 开始进行多边形确认 · centers=1 · rejected=1 · merged=0 · elapsed_ms=24.1
[INFO] [1786541003.286295]: 开始进行多边形确认 · detections=3
[INFO] [1786541003.309903]: 开始进行多边形确认 · centers=1 · rejected=1 · merged=0 · elapsed_ms=23.6
[INFO] [1786541003.411934]: 开始进行多边形确认 · detections=3
[INFO] [1786541003.435450]: 开始进行多边形确认 · centers=1 · rejected=1 · merged=0 · elapsed_ms=23.6
[INFO] [1786541003.527419]: 开始进行多边形确认 · detections=3
[INFO] [1786541003.551503]: 开始进行多边形确认 · centers=1 · rejected=1 · merged=0 · elapsed_ms=24.1
[INFO] [1786541003.655669]: 开始进行多边形确认 · detections=3
[INFO] [1786541003.680336]: 开始进行多边形确认 · centers=1 · rejected=1 · merged=0 · elapsed_ms=24.7
[INFO] [1786541003.781150]: 开始进行多边形确认 · detections=3
[INFO] [1786541003.802988]: 开始进行多边形确认 · centers=1 · rejected=1 · merged=0 · elapsed_ms=21.9
[INFO] [1786541003.909568]: 开始进行多边形确认 · detections=3
[INFO] [1786541003.951376]: 开始进行多边形确认 · centers=1 · rejected=1 · merged=0 · elapsed_ms=41.8
[INFO] [1786541004.054284]: 开始进行多边形确认 · detections=3
[INFO] [1786541004.106745]: CITRUS_CENTER ok pixel=(462,359) depth=0.664 m radius=22.7 mm arc=299 deg error=0.66 px fragments=1
[INFO] [1786541004.109221]: 开始进行多边形确认 · centers=1 · rejected=1 · merged=0 · elapsed_ms=55.0
[INFO] [1786541004.188718]: 开始进行多边形确认 · detections=3
[INFO] [1786541004.231811]: 开始进行多边形确认 · centers=1 · rejected=1 · merged=0 · elapsed_ms=43.1
[INFO] [1786541004.295341]: 开始进行多边形确认 · detections=3
[INFO] [1786541004.335761]: 开始进行多边形确认 · centers=1 · rejected=1 · merged=0 · elapsed_ms=40.5
[INFO] [1786541004.417862]: 开始进行多边形确认 · detections=3
[INFO] [1786541004.460273]: 开始进行多边形确认 · centers=1 · rejected=1 · merged=0 · elapsed_ms=42.5
[INFO] [1786541004.543782]: 开始进行多边形确认 · detections=3
[INFO] [1786541004.584576]: 开始进行多边形确认 · centers=1 · rejected=1 · merged=0 · elapsed_ms=40.9
[INFO] [1786541004.680569]: 开始进行多边形确认 · detections=3
[INFO] [1786541004.727630]: 开始进行多边形确认 · centers=1 · rejected=1 · merged=0 · elapsed_ms=47.1
[INFO] [1786541008.059275]: 开始进行多边形确认 · detections=1
[INFO] [1786541008.061984]: RGB-D vision status: model_ready:onnxruntime targets:0 centers:0 tf:0 rejected:0 merged:0 semantic_masks:1
[INFO] [1786541008.169362]: 开始进行多边形确认 · detections=1
[INFO] [1786541008.291682]: 开始进行多边形确认 · detections=1
[INFO] [1786541008.420905]: 开始进行多边形确认 · detections=1
[INFO] [1786541008.546530]: 开始进行多边形确认 · detections=1
[INFO] [1786541008.668566]: 开始进行多边形确认 · detections=1
[INFO] [1786541008.791550]: 开始进行多边形确认 · detections=1
[INFO] [1786541008.917545]: 开始进行多边形确认 · detections=1
[INFO] [1786541009.053983]: 开始进行多边形确认 · detections=1
[INFO] [1786541009.185167]: 开始进行多边形确认 · detections=1
[INFO] [1786541009.298316]: 开始进行多边形确认 · detections=1
[INFO] [1786541009.443852]: 开始进行多边形确认 · detections=1
[INFO] [1786541009.578339]: 开始进行多边形确认 · detections=1
[INFO] [1786541009.689461]: 开始进行多边形确认 · detections=1
[INFO] [1786541009.814240]: 开始进行多边形确认 · detections=1
[INFO] [1786541009.936975]: 开始进行多边形确认 · detections=1
[INFO] [1786541010.062681]: 开始进行多边形确认 · detections=1
[INFO] [1786541010.190721]: 开始进行多边形确认 · detections=1
[INFO] [1786541010.311436]: 开始进行多边形确认 · detections=1
[INFO] [1786541010.441885]: 开始进行多边形确认 · detections=1
[INFO] [1786541010.554835]: 开始进行多边形确认 · detections=1
[INFO] [1786541010.713465]: 开始进行多边形确认 · detections=1
[INFO] [1786541010.815362]: 开始进行多边形确认 · detections=1
[INFO] [1786541010.940069]: 开始进行多边形确认 · detections=1
[INFO] [1786541011.061123]: 开始进行多边形确认 · detections=1
[INFO] [1786541011.196535]: 开始进行多边形确认 · detections=1
[INFO] [1786541011.317504]: 开始进行多边形确认 · detections=1
[INFO] [1786541011.447726]: 开始进行多边形确认 · detections=1
[INFO] [1786541011.550136]: 开始进行多边形确认 · detections=1
[INFO] [1786541011.680152]: 开始进行多边形确认 · detections=1
[INFO] [1786541011.817724]: 开始进行多边形确认 · detections=1
[INFO] [1786541011.944442]: 开始进行多边形确认 · detections=1
[INFO] [1786541012.067660]: 开始进行多边形确认 · detections=1
[INFO] [1786541012.188349]: 开始进行多边形确认 · detections=1
[INFO] [1786541012.302817]: 开始进行多边形确认 · detections=1
[INFO] [1786541012.429999]: 开始进行多边形确认 · detections=1
[INFO] [1786541012.566920]: 开始进行多边形确认 · detections=1
[INFO] [1786541012.752064]: 开始进行多边形确认 · detections=1
[INFO] [1786541012.823756]: 开始进行多边形确认 · detections=1
[INFO] [1786541012.968301]: 开始进行多边形确认 · detections=1
[INFO] [1786541013.095116]: 开始进行多边形确认 · detections=1
[INFO] [1786541013.225301]: 开始进行多边形确认 · detections=1
[INFO] [1786541013.343749]: 开始进行多边形确认 · detections=1
[INFO] [1786541013.446587]: 开始进行多边形确认 · detections=1
[INFO] [1786541013.570398]: 开始进行多边形确认 · detections=1
[INFO] [1786541013.699204]: 开始进行多边形确认 · detections=2
[INFO] [1786541013.701010]: RGB-D vision status: model_ready:onnxruntime targets:0 centers:0 tf:0 rejected:0 merged:0 semantic_masks:2
[INFO] [1786541013.833191]: 开始进行多边形确认 · detections=2
[INFO] [1786541013.964054]: 开始进行多边形确认 · detections=1
[INFO] [1786541014.080865]: 开始进行多边形确认 · detections=1
[INFO] [1786541014.193995]: 开始进行多边形确认 · detections=1
[INFO] [1786541014.310725]: 开始进行多边形确认 · detections=1
[INFO] [1786541014.436819]: 开始进行多边形确认 · detections=2
[INFO] [1786541014.559409]: 开始进行多边形确认 · detections=1
[INFO] [1786541014.866458]: 开始进行多边形确认 · detections=1
[INFO] [1786541017.943792]: 开始进行多边形确认 · detections=1
[INFO] [1786541018.110589]: 开始进行多边形确认 · detections=2
[INFO] [1786541018.134563]: CITRUS_CENTER ok pixel=(462,360) depth=0.657 m radius=23.4 mm arc=294 deg error=0.74 px fragments=1
[INFO] [1786541018.135837]: 开始进行多边形确认 · centers=1 · rejected=0 · merged=0 · elapsed_ms=25.3
[INFO] [1786541018.214195]: 开始进行多边形确认 · detections=3
[INFO] [1786541018.260303]: 开始进行多边形确认 · centers=1 · rejected=1 · merged=0 · elapsed_ms=46.1
[INFO] [1786541018.339056]: 开始进行多边形确认 · detections=3
[INFO] [1786541018.381700]: 开始进行多边形确认 · centers=1 · rejected=1 · merged=0 · elapsed_ms=42.7
[INFO] [1786541018.463332]: 开始进行多边形确认 · detections=3
[INFO] [1786541018.488473]: 开始进行多边形确认 · centers=1 · rejected=1 · merged=0 · elapsed_ms=25.2
[INFO] [1786541018.575451]: 开始进行多边形确认 · detections=3
[INFO] [1786541018.599453]: 开始进行多边形确认 · centers=1 · rejected=1 · merged=0 · elapsed_ms=24.0
[INFO] [1786541018.703154]: 开始进行多边形确认 · detections=3
[INFO] [1786541018.726624]: 开始进行多边形确认 · centers=1 · rejected=1 · merged=0 · elapsed_ms=23.5
[INFO] [1786541018.828462]: 开始进行多边形确认 · detections=3
[INFO] [1786541018.851116]: 开始进行多边形确认 · centers=1 · rejected=1 · merged=0 · elapsed_ms=22.7
[INFO] [1786541018.961475]: 开始进行多边形确认 · detections=3
[INFO] [1786541018.984743]: 开始进行多边形确认 · centers=1 · rejected=1 · merged=0 · elapsed_ms=23.3
[INFO] [1786541019.119540]: 开始进行多边形确认 · detections=3
[INFO] [1786541019.154342]: 开始进行多边形确认 · centers=1 · rejected=1 · merged=0 · elapsed_ms=34.9
[INFO] [1786541019.213581]: 开始进行多边形确认 · detections=3
[INFO] [1786541019.243376]: 开始进行多边形确认 · centers=1 · rejected=1 · merged=0 · elapsed_ms=29.8
[INFO] [1786541019.348148]: 开始进行多边形确认 · detections=3
[INFO] [1786541019.373192]: 开始进行多边形确认 · centers=1 · rejected=1 · merged=0 · elapsed_ms=25.1
[INFO] [1786541019.469793]: 开始进行多边形确认 · detections=3
[INFO] [1786541019.494698]: 开始进行多边形确认 · centers=1 · rejected=1 · merged=0 · elapsed_ms=24.9
[INFO] [1786541019.588576]: 开始进行多边形确认 · detections=3
[INFO] [1786541019.615051]: 开始进行多边形确认 · centers=1 · rejected=1 · merged=0 · elapsed_ms=26.5
[INFO] [1786541019.717740]: 开始进行多边形确认 · detections=3
[INFO] [1786541019.747600]: 开始进行多边形确认 · centers=1 · rejected=1 · merged=0 · elapsed_ms=29.9
[INFO] [1786541019.840162]: 开始进行多边形确认 · detections=3
[INFO] [1786541019.863762]: 开始进行多边形确认 · centers=1 · rejected=1 · merged=0 · elapsed_ms=23.6
[INFO] [1786541019.958353]: 开始进行多边形确认 · detections=3
[INFO] [1786541019.982848]: 开始进行多边形确认 · centers=1 · rejected=1 · merged=0 · elapsed_ms=24.5
[INFO] [1786541020.090836]: 开始进行多边形确认 · detections=3
[INFO] [1786541020.129488]: 开始进行多边形确认 · centers=1 · rejected=1 · merged=0 · elapsed_ms=38.7
[INFO] [1786541020.248945]: 开始进行多边形确认 · detections=3
[INFO] [1786541020.295599]: CITRUS_CENTER ok pixel=(464,359) depth=0.663 m radius=23.9 mm arc=304 deg error=0.82 px fragments=1
[INFO] [1786541020.297805]: 开始进行多边形确认 · centers=1 · rejected=1 · merged=0 · elapsed_ms=48.9
[INFO] [1786541020.361780]: 开始进行多边形确认 · detections=3
[INFO] [1786541020.402815]: 开始进行多边形确认 · centers=1 · rejected=1 · merged=0 · elapsed_ms=41.1
[INFO] [1786541020.488999]: 开始进行多边形确认 · detections=3
[INFO] [1786541020.516990]: 开始进行多边形确认 · centers=1 · rejected=1 · merged=0 · elapsed_ms=28.1
[INFO] [1786541020.604865]: 开始进行多边形确认 · detections=3
[INFO] [1786541020.632474]: 开始进行多边形确认 · centers=1 · rejected=1 · merged=0 · elapsed_ms=27.6
[INFO] [1786541020.731422]: 开始进行多边形确认 · detections=3
[INFO] [1786541020.758580]: 开始进行多边形确认 · centers=1 · rejected=1 · merged=0 · elapsed_ms=27.2
[INFO] [1786541020.870823]: 开始进行多边形确认 · detections=3
[INFO] [1786541020.895165]: 开始进行多边形确认 · centers=1 · rejected=1 · merged=0 · elapsed_ms=24.4
[INFO] [1786541020.980541]: 开始进行多边形确认 · detections=3
[INFO] [1786541021.004957]: 开始进行多边形确认 · centers=1 · rejected=1 · merged=0 · elapsed_ms=24.4
[INFO] [1786541021.106791]: 开始进行多边形确认 · detections=3
[INFO] [1786541021.163071]: 开始进行多边形确认 · centers=1 · rejected=1 · merged=0 · elapsed_ms=56.3
[INFO] [1786541021.246733]: 开始进行多边形确认 · detections=3
[INFO] [1786541021.273310]: 开始进行多边形确认 · centers=1 · rejected=1 · merged=0 · elapsed_ms=26.6
[INFO] [1786541021.346043]: 开始进行多边形确认 · detections=3
[INFO] [1786541021.377032]: 开始进行多边形确认 · centers=1 · rejected=1 · merged=0 · elapsed_ms=31.0
[INFO] [1786541021.471389]: 开始进行多边形确认 · detections=2
[INFO] [1786541021.483654]: 开始进行多边形确认 · centers=1 · rejected=0 · merged=0 · elapsed_ms=12.3
[INFO] [1786541021.487211]: RGB-D vision status: model_ready:onnxruntime targets:1 centers:1 tf:1 rejected:0 merged:0 semantic_masks:2
[INFO] [1786541021.588203]: 开始进行多边形确认 · detections=1
[INFO] [1786541021.723257]: 开始进行多边形确认 · detections=1
[INFO] [1786541021.845724]: 开始进行多边形确认 · detections=1
[WARN] [1786541009.690962]: 开始进行多边形确认 · 多边形确认失败 · rejected=0 · elapsed_ms=1.6
[WARN] [1786541009.815515]: 开始进行多边形确认 · 多边形确认失败 · rejected=0 · elapsed_ms=1.3
[WARN] [1786541009.938282]: 开始进行多边形确认 · 多边形确认失败 · rejected=0 · elapsed_ms=1.4
[WARN] [1786541010.063870]: 开始进行多边形确认 · 多边形确认失败 · rejected=0 · elapsed_ms=1.3
[WARN] [1786541010.192132]: 开始进行多边形确认 · 多边形确认失败 · rejected=0 · elapsed_ms=1.5
[WARN] [1786541010.312628]: 开始进行多边形确认 · 多边形确认失败 · rejected=0 · elapsed_ms=1.3
[WARN] [1786541010.443219]: 开始进行多边形确认 · 多边形确认失败 · rejected=0 · elapsed_ms=1.4
[WARN] [1786541010.559599]: 开始进行多边形确认 · 多边形确认失败 · rejected=0 · elapsed_ms=4.8
[WARN] [1786541010.714973]: 开始进行多边形确认 · 多边形确认失败 · rejected=0 · elapsed_ms=1.6
[WARN] [1786541010.816492]: 开始进行多边形确认 · 多边形确认失败 · rejected=0 · elapsed_ms=1.2
[WARN] [1786541010.941200]: 开始进行多边形确认 · 多边形确认失败 · rejected=0 · elapsed_ms=1.2
[WARN] [1786541011.062143]: 开始进行多边形确认 · 多边形确认失败 · rejected=0 · elapsed_ms=1.1
[WARN] [1786541011.197709]: 开始进行多边形确认 · 多边形确认失败 · rejected=0 · elapsed_ms=1.3
[WARN] [1786541011.318755]: 开始进行多边形确认 · 多边形确认失败 · rejected=0 · elapsed_ms=1.3
[WARN] [1786541011.448897]: 开始进行多边形确认 · 多边形确认失败 · rejected=0 · elapsed_ms=1.2
[WARN] [1786541011.551535]: 开始进行多边形确认 · 多边形确认失败 · rejected=0 · elapsed_ms=1.4
[WARN] [1786541011.681336]: 开始进行多边形确认 · 多边形确认失败 · rejected=0 · elapsed_ms=1.2
[WARN] [1786541011.818877]: 开始进行多边形确认 · 多边形确认失败 · rejected=0 · elapsed_ms=1.2
[WARN] [1786541011.945773]: 开始进行多边形确认 · 多边形确认失败 · rejected=0 · elapsed_ms=1.4
[WARN] [1786541012.068789]: 开始进行多边形确认 · 多边形确认失败 · rejected=0 · elapsed_ms=1.2
[WARN] [1786541012.189573]: 开始进行多边形确认 · 多边形确认失败 · rejected=0 · elapsed_ms=1.3
[WARN] [1786541012.303934]: 开始进行多边形确认 · 多边形确认失败 · rejected=0 · elapsed_ms=1.2
[WARN] [1786541012.431239]: 开始进行多边形确认 · 多边形确认失败 · rejected=0 · elapsed_ms=1.3
[WARN] [1786541012.568111]: 开始进行多边形确认 · 多边形确认失败 · rejected=0 · elapsed_ms=1.3
[WARN] [1786541012.753480]: 开始进行多边形确认 · 多边形确认失败 · rejected=0 · elapsed_ms=1.5
[WARN] [1786541012.824931]: 开始进行多边形确认 · 多边形确认失败 · rejected=0 · elapsed_ms=1.2
[WARN] [1786541012.969784]: 开始进行多边形确认 · 多边形确认失败 · rejected=0 · elapsed_ms=1.6
[WARN] [1786541013.096494]: 开始进行多边形确认 · 多边形确认失败 · rejected=0 · elapsed_ms=1.5
[WARN] [1786541013.226630]: 开始进行多边形确认 · 多边形确认失败 · rejected=0 · elapsed_ms=1.4
[WARN] [1786541013.344830]: 开始进行多边形确认 · 多边形确认失败 · rejected=0 · elapsed_ms=1.2
[WARN] [1786541013.447808]: 开始进行多边形确认 · 多边形确认失败 · rejected=0 · elapsed_ms=1.3
[WARN] [1786541013.571691]: 开始进行多边形确认 · 多边形确认失败 · rejected=0 · elapsed_ms=1.3
[WARN] [1786541013.700249]: 开始进行多边形确认 · 多边形确认失败 · rejected=0 · elapsed_ms=1.1
[WARN] [1786541013.834462]: 开始进行多边形确认 · 多边形确认失败 · rejected=0 · elapsed_ms=1.4
[WARN] [1786541013.965362]: 开始进行多边形确认 · 多边形确认失败 · rejected=0 · elapsed_ms=1.4
[WARN] [1786541014.081817]: 开始进行多边形确认 · 多边形确认失败 · rejected=0 · elapsed_ms=1.0
[WARN] [1786541014.195037]: 开始进行多边形确认 · 多边形确认失败 · rejected=0 · elapsed_ms=1.1
[WARN] [1786541014.311671]: 开始进行多边形确认 · 多边形确认失败 · rejected=0 · elapsed_ms=1.0
[WARN] [1786541014.437867]: 开始进行多边形确认 · 多边形确认失败 · rejected=0 · elapsed_ms=1.1
[WARN] [1786541014.560481]: 开始进行多边形确认 · 多边形确认失败 · rejected=0 · elapsed_ms=1.1
[WARN] [1786541014.867749]: 开始进行多边形确认 · 多边形确认失败 · rejected=0 · elapsed_ms=1.4
[WARN] [1786541017.944871]: 开始进行多边形确认 · 多边形确认失败 · rejected=0 · elapsed_ms=1.1
[WARN] [1786541018.258611]: CITRUS_CENTER reject instances=2 reason=reconstructed citrus radius 19.4 mm is outside 22.0..33.0 mm
[WARN] [1786541020.296910]: CITRUS_CENTER reject instances=2 reason=reconstructed citrus radius 19.6 mm is outside 22.0..33.0 mm
[WARN] [1786541021.589234]: 开始进行多边形确认 · 多边形确认失败 · rejected=0 · elapsed_ms=1.1
[WARN] [1786541021.724298]: 开始进行多边形确认 · 多边形确认失败 · rejected=0 · elapsed_ms=1.1
[WARN] [1786541021.846854]: 开始进行多边形确认 · 多边形确认失败 · rejected=0 · elapsed_ms=1.2
[WARN] [1786541021.976214]: 开始进行多边形确认 · 多边形确认失败 · rejected=0 · elapsed_ms=1.3
[WARN] [1786541022.096472]: 开始进行多边形确认 · 多边形确认失败 · rejected=0 · elapsed_ms=1.3
[WARN] [1786541022.366325]: 开始进行多边形确认 · 多边形确认失败 · rejected=0 · elapsed_ms=1.2
[WARN] [1786541022.489495]: 开始进行多边形确认 · 多边形确认失败 · rejected=0 · elapsed_ms=1.2
[WARN] [1786541022.614099]: 开始进行多边形确认 · 多边形确认失败 · rejected=0 · elapsed_ms=1.2
[WARN] [1786541022.745775]: 开始进行多边形确认 · 多边形确认失败 · rejected=0 · elapsed_ms=1.4
[WARN] [1786541022.866310]: 开始进行多边形确认 · 多边形确认失败 · rejected=0 · elapsed_ms=1.3
[WARN] [1786541023.000901]: 开始进行多边形确认 · 多边形确认失败 · rejected=0 · elapsed_ms=1.2
[WARN] [1786541023.122364]: 开始进行多边形确认 · 多边形确认失败 · rejected=0 · elapsed_ms=1.4
[WARN] [1786541023.246761]: 开始进行多边形确认 · 多边形确认失败 · rejected=0 · elapsed_ms=1.4
[WARN] [1786541023.384828]: 开始进行多边形确认 · 多边形确认失败 · rejected=0 · elapsed_ms=1.3
[WARN] [1786541023.498966]: 开始进行多边形确认 · 多边形确认失败 · rejected=0 · elapsed_ms=1.3
[WARN] [1786541023.620466]: 开始进行多边形确认 · 多边形确认失败 · rejected=0 · elapsed_ms=1.2
[WARN] [1786541023.745701]: 开始进行多边形确认 · 多边形确认失败 · rejected=0 · elapsed_ms=1.5
[WARN] [1786541023.870103]: 开始进行多边形确认 · 多边形确认失败 · rejected=0 · elapsed_ms=1.2
[WARN] [1786541023.998720]: 开始进行多边形确认 · 多边形确认失败 · rejected=0 · elapsed_ms=1.4
[WARN] [1786541024.146374]: CITRUS_CENTER reject instances=2 reason=polygon circle inlier ratio 0.17 is below 0.30
[WARN] [1786541024.147449]: 开始进行多边形确认 · 多边形确认失败 · rejected=1 · elapsed_ms=7.3
[WARN] [1786541024.271280]: 开始进行多边形确认 · 多边形确认失败 · rejected=0 · elapsed_ms=1.5
[WARN] [1786541024.397380]: 开始进行多边形确认 · 多边形确认失败 · rejected=0 · elapsed_ms=1.3
[WARN] [1786541024.513695]: 开始进行多边形确认 · 多边形确认失败 · rejected=0 · elapsed_ms=1.4
[WARN] [1786541024.638918]: 开始进行多边形确认 · 多边形确认失败 · rejected=0 · elapsed_ms=1.4
[WARN] [1786541024.767048]: 开始进行多边形确认 · 多边形确认失败 · rejected=0 · elapsed_ms=1.4
[WARN] [1786541024.891513]: 开始进行多边形确认 · 多边形确认失败 · rejected=0 · elapsed_ms=1.5
[WARN] [1786541025.013025]: 开始进行多边形确认 · 多边形确认失败 · rejected=0 · elapsed_ms=1.4
[INFO] [1786541021.974905]: 开始进行多边形确认 · detections=1
[INFO] [1786541022.095257]: 开始进行多边形确认 · detections=2
[INFO] [1786541022.365222]: 开始进行多边形确认 · detections=1
[INFO] [1786541022.488409]: 开始进行多边形确认 · detections=2
[INFO] [1786541022.612978]: 开始进行多边形确认 · detections=3
[INFO] [1786541022.744434]: 开始进行多边形确认 · detections=4
[INFO] [1786541022.865068]: 开始进行多边形确认 · detections=3
[INFO] [1786541022.999742]: 开始进行多边形确认 · detections=3
[INFO] [1786541023.121034]: 开始进行多边形确认 · detections=3
[INFO] [1786541023.245381]: 开始进行多边形确认 · detections=3
[INFO] [1786541023.383612]: 开始进行多边形确认 · detections=1
[INFO] [1786541023.497792]: 开始进行多边形确认 · detections=1
[INFO] [1786541023.619345]: 开始进行多边形确认 · detections=3
[INFO] [1786541023.744344]: 开始进行多边形确认 · detections=2
[INFO] [1786541023.868973]: 开始进行多边形确认 · detections=2
[INFO] [1786541023.997385]: 开始进行多边形确认 · detections=1
[INFO] [1786541024.140238]: 开始进行多边形确认 · detections=3
[INFO] [1786541024.269903]: 开始进行多边形确认 · detections=2
[INFO] [1786541024.396121]: 开始进行多边形确认 · detections=1
[INFO] [1786541024.512348]: 开始进行多边形确认 · detections=1
[INFO] [1786541024.637612]: 开始进行多边形确认 · detections=1
[INFO] [1786541024.765711]: 开始进行多边形确认 · detections=1
[INFO] [1786541024.890115]: 开始进行多边形确认 · detections=1
[INFO] [1786541025.011757]: 开始进行多边形确认 · detections=1
[INFO] [1786541025.141227]: 开始进行多边形确认 · detections=1
[INFO] [1786541025.276191]: 开始进行多边形确认 · detections=3
[INFO] [1786541025.423278]: 开始进行多边形确认 · detections=2
[INFO] [1786541025.504064]: 开始进行多边形确认 · detections=3
[INFO] [1786541025.627112]: 开始进行多边形确认 · detections=2
[INFO] [1786541025.756299]: 开始进行多边形确认 · detections=1
[INFO] [1786541025.882561]: 开始进行多边形确认 · detections=2
[INFO] [1786541025.907079]: CITRUS_CENTER ok pixel=(43,461) depth=0.858 m radius=27.2 mm arc=296 deg error=1.09 px fragments=1
[INFO] [1786541025.908158]: 开始进行多边形确认 · centers=1 · rejected=0 · merged=0 · elapsed_ms=25.7
[INFO] [1786541026.007192]: 开始进行多边形确认 · detections=1
[INFO] [1786541026.130427]: 开始进行多边形确认 · detections=1
[INFO] [1786541026.262124]: 开始进行多边形确认 · detections=2
[INFO] [1786541026.366780]: 开始进行多边形确认 · detections=2
[INFO] [1786541026.377950]: 开始进行多边形确认 · centers=1 · rejected=0 · merged=0 · elapsed_ms=11.2
[INFO] [1786541026.530707]: 开始进行多边形确认 · detections=2
[INFO] [1786541026.532980]: RGB-D vision status: model_ready:onnxruntime targets:0 centers:0 tf:0 rejected:0 merged:0 semantic_masks:2
[INFO] [1786541026.630447]: 开始进行多边形确认 · detections=3
[INFO] [1786541026.755751]: 开始进行多边形确认 · detections=1
[INFO] [1786541026.766894]: 开始进行多边形确认 · centers=1 · rejected=0 · merged=0 · elapsed_ms=11.2
[INFO] [1786541026.876415]: 开始进行多边形确认 · detections=2
[INFO] [1786541027.009249]: 开始进行多边形确认 · detections=2
[INFO] [1786541027.119619]: 开始进行多边形确认 · detections=3
[INFO] [1786541027.245978]: 开始进行多边形确认 · detections=1
[INFO] [1786541027.379715]: 开始进行多边形确认 · detections=2
[INFO] [1786541027.517526]: 开始进行多边形确认 · detections=3
[INFO] [1786541027.630214]: 开始进行多边形确认 · detections=3
[INFO] [1786541027.738253]: 开始进行多边形确认 · detections=3
[INFO] [1786541027.865400]: 开始进行多边形确认 · detections=3
[INFO] [1786541028.006997]: 开始进行多边形确认 · detections=3
[INFO] [1786541028.131058]: 开始进行多边形确认 · detections=2
[INFO] [1786541028.261459]: 开始进行多边形确认 · detections=3
[INFO] [1786541028.366937]: 开始进行多边形确认 · detections=3
[INFO] [1786541028.529126]: 开始进行多边形确认 · detections=2
[INFO] [1786541028.622634]: 开始进行多边形确认 · detections=2
[INFO] [1786541028.754360]: 开始进行多边形确认 · detections=3
[INFO] [1786541028.873143]: 开始进行多边形确认 · detections=3
[INFO] [1786541028.999666]: 开始进行多边形确认 · detections=2
[INFO] [1786541029.111220]: 开始进行多边形确认 · detections=1
[INFO] [1786541029.257541]: 开始进行多边形确认 · detections=3
[INFO] [1786541029.385512]: 开始进行多边形确认 · detections=2
[INFO] [1786541029.518373]: 开始进行多边形确认 · detections=2
[INFO] [1786541029.656203]: 开始进行多边形确认 · detections=1
[INFO] [1786541029.759243]: 开始进行多边形确认 · detections=1
[INFO] [1786541029.887734]: 开始进行多边形确认 · detections=1
[INFO] [1786541030.011362]: 开始进行多边形确认 · detections=2
[INFO] [1786541030.137743]: 开始进行多边形确认 · detections=1
[INFO] [1786541030.265898]: 开始进行多边形确认 · detections=1
[INFO] [1786541030.392920]: 开始进行多边形确认 · detections=1
[INFO] [1786541030.528019]: 开始进行多边形确认 · detections=1
[INFO] [1786541030.670075]: 开始进行多边形确认 · detections=1
[INFO] [1786541030.771151]: 开始进行多边形确认 · detections=3
[INFO] [1786541030.890877]: 开始进行多边形确认 · detections=1
[INFO] [1786541031.139344]: 开始进行多边形确认 · detections=2
[INFO] [1786541031.275225]: 开始进行多边形确认 · detections=3
[INFO] [1786541031.394963]: 开始进行多边形确认 · detections=2
[INFO] [1786541031.642757]: 开始进行多边形确认 · detections=2
[INFO] [1786541031.650645]: RGB-D vision status: model_ready:onnxruntime targets:1 centers:0 tf:0 rejected:1 merged:0 semantic_masks:2
[INFO] [1786541031.781399]: 开始进行多边形确认 · detections=2
[INFO] [1786541031.790668]: CITRUS_CENTER ok pixel=(337,448) depth=0.919 m radius=33.9 mm arc=303 deg error=0.76 px fragments=1
[INFO] [1786541031.791776]: 开始进行多边形确认 · centers=1 · rejected=0 · merged=0 · elapsed_ms=10.4
[INFO] [1786541031.882679]: 开始进行多边形确认 · detections=1
[INFO] [1786541032.010758]: 开始进行多边形确认 · detections=2
[INFO] [1786541032.133228]: 开始进行多边形确认 · detections=1
[INFO] [1786541032.267196]: 开始进行多边形确认 · detections=1
[INFO] [1786541032.390658]: 开始进行多边形确认 · detections=1
[INFO] [1786541032.507673]: 开始进行多边形确认 · detections=1
[INFO] [1786541032.630160]: 开始进行多边形确认 · detections=2
[INFO] [1786541032.820383]: 开始进行多边形确认 · detections=2
[INFO] [1786541032.888765]: 开始进行多边形确认 · detections=2
[INFO] [1786541033.012392]: 开始进行多边形确认 · detections=2
[INFO] [1786541033.027477]: 开始进行多边形确认 · centers=1 · rejected=0 · merged=0 · elapsed_ms=15.1
[INFO] [1786541033.135195]: 开始进行多边形确认 · detections=2
[INFO] [1786541033.147107]: 开始进行多边形确认 · centers=1 · rejected=0 · merged=0 · elapsed_ms=11.9
[INFO] [1786541033.274543]: 开始进行多边形确认 · detections=4
[INFO] [1786541033.301615]: 开始进行多边形确认 · centers=2 · rejected=1 · merged=0 · elapsed_ms=27.2
[INFO] [1786541033.390047]: 开始进行多边形确认 · detections=3
[INFO] [1786541033.403989]: 开始进行多边形确认 · centers=1 · rejected=1 · merged=0 · elapsed_ms=14.0
[INFO] [1786541033.519338]: 开始进行多边形确认 · detections=2
[INFO] [1786541033.531698]: 开始进行多边形确认 · centers=1 · rejected=0 · merged=0 · elapsed_ms=12.4
[INFO] [1786541033.653159]: 开始进行多边形确认 · detections=2
[INFO] [1786541033.664601]: 开始进行多边形确认 · centers=1 · rejected=0 · merged=0 · elapsed_ms=11.5
[INFO] [1786541033.841342]: 开始进行多边形确认 · detections=3
[INFO] [1786541033.870195]: CITRUS_CENTER ok pixel=(339,456) depth=0.908 m radius=32.3 mm arc=356 deg error=0.51 px fragments=1
[INFO] [1786541033.871186]: 开始进行多边形确认 · centers=1 · rejected=0 · merged=0 · elapsed_ms=29.9
[INFO] [1786541033.926248]: 开始进行多边形确认 · detections=2
[INFO] [1786541033.951163]: 开始进行多边形确认 · centers=1 · rejected=0 · merged=0 · elapsed_ms=25.0
[INFO] [1786541034.056459]: 开始进行多边形确认 · detections=2
[INFO] [1786541034.082761]: 开始进行多边形确认 · centers=1 · rejected=0 · merged=0 · elapsed_ms=26.3
[INFO] [1786541034.158036]: 开始进行多边形确认 · detections=3
[INFO] [1786541034.171797]: 开始进行多边形确认 · centers=1 · rejected=0 · merged=0 · elapsed_ms=13.8
[INFO] [1786541034.290700]: 开始进行多边形确认 · detections=3
[INFO] [1786541034.306993]: 开始进行多边形确认 · centers=1 · rejected=0 · merged=0 · elapsed_ms=16.3
[INFO] [1786541034.412845]: 开始进行多边形确认 · detections=3
[INFO] [1786541034.425918]: 开始进行多边形确认 · centers=1 · rejected=0 · merged=0 · elapsed_ms=13.1
[INFO] [1786541034.535851]: 开始进行多边形确认 · detections=3
[INFO] [1786541034.548607]: 开始进行多边形确认 · centers=1 · rejected=0 · merged=0 · elapsed_ms=12.8
[INFO] [1786541034.665204]: 开始进行多边形确认 · detections=3
[INFO] [1786541034.678212]: 开始进行多边形确认 · centers=1 · rejected=0 · merged=0 · elapsed_ms=13.1
[INFO] [1786541034.804441]: 开始进行多边形确认 · detections=3
[INFO] [1786541034.840938]: 开始进行多边形确认 · centers=1 · rejected=0 · merged=0 · elapsed_ms=36.5
[INFO] [1786541034.947390]: 开始进行多边形确认 · detections=3
[INFO] [1786541034.974571]: 开始进行多边形确认 · centers=1 · rejected=0 · merged=0 · elapsed_ms=27.2
[INFO] [1786541035.073018]: 开始进行多边形确认 · detections=3
[INFO] [1786541035.100602]: 开始进行多边形确认 · centers=1 · rejected=0 · merged=0 · elapsed_ms=27.6
[INFO] [1786541035.189240]: 开始进行多边形确认 · detections=3
[INFO] [1786541035.200842]: 开始进行多边形确认 · centers=1 · rejected=0 · merged=0 · elapsed_ms=11.6
[INFO] [1786541035.306026]: 开始进行多边形确认 · detections=3
[INFO] [1786541035.332868]: 开始进行多边形确认 · centers=1 · rejected=0 · merged=0 · elapsed_ms=26.9
[INFO] [1786541035.447981]: 开始进行多边形确认 · detections=3
[INFO] [1786541035.472859]: 开始进行多边形确认 · centers=1 · rejected=0 · merged=0 · elapsed_ms=24.9
[INFO] [1786541035.576690]: 开始进行多边形确认 · detections=3
[INFO] [1786541035.588244]: 开始进行多边形确认 · centers=1 · rejected=0 · merged=0 · elapsed_ms=11.6
[INFO] [1786541035.677005]: 开始进行多边形确认 · detections=3
[INFO] [1786541035.688639]: 开始进行多边形确认 · centers=1 · rejected=0 · merged=0 · elapsed_ms=11.7
[INFO] [1786541035.797655]: 开始进行多边形确认 · detections=3
[INFO] [1786541035.809723]: 开始进行多边形确认 · centers=1 · rejected=0 · merged=0 · elapsed_ms=12.1
[INFO] [1786541035.996575]: 开始进行多边形确认 · detections=3
[INFO] [1786541036.021899]: CITRUS_CENTER ok pixel=(339,456) depth=0.906 m radius=32.3 mm arc=356 deg error=0.50 px fragments=1
[INFO] [1786541036.023066]: 开始进行多边形确认 · centers=1 · rejected=0 · merged=0 · elapsed_ms=26.6
[INFO] [1786541036.079641]: 开始进行多边形确认 · detections=3
[INFO] [1786541036.106469]: 开始进行多边形确认 · centers=1 · rejected=0 · merged=0 · elapsed_ms=26.9
[INFO] [1786541036.204515]: 开始进行多边形确认 · detections=3
[INFO] [1786541036.229835]: 开始进行多边形确认 · centers=1 · rejected=0 · merged=0 · elapsed_ms=25.4
[INFO] [1786541036.316098]: 开始进行多边形确认 · detections=3
[INFO] [1786541036.328190]: 开始进行多边形确认 · centers=1 · rejected=0 · merged=0 · elapsed_ms=12.2
[INFO] [1786541036.443104]: 开始进行多边形确认 · detections=3
[INFO] [1786541036.455036]: 开始进行多边形确认 · centers=1 · rejected=0 · merged=0 · elapsed_ms=12.0
[INFO] [1786541036.566122]: 开始进行多边形确认 · detections=3
[INFO] [1786541036.582006]: 开始进行多边形确认 · centers=1 · rejected=0 · merged=0 · elapsed_ms=15.9
[INFO] [1786541036.691571]: 开始进行多边形确认 · detections=3
[INFO] [1786541036.706077]: 开始进行多边形确认 · centers=1 · rejected=0 · merged=0 · elapsed_ms=14.6
[INFO] [1786541036.817353]: 开始进行多边形确认 · detections=3
[INFO] [1786541036.830552]: 开始进行多边形确认 · centers=1 · rejected=0 · merged=0 · elapsed_ms=13.2
[INFO] [1786541036.956467]: 开始进行多边形确认 · detections=3
[INFO] [1786541036.987959]: 开始进行多边形确认 · centers=1 · rejected=0 · merged=0 · elapsed_ms=31.5
[INFO] [1786541037.092186]: 开始进行多边形确认 · detections=3
[INFO] [1786541037.119677]: 开始进行多边形确认 · centers=1 · rejected=0 · merged=0 · elapsed_ms=27.5
[INFO] [1786541037.214620]: 开始进行多边形确认 · detections=3
[INFO] [1786541037.242316]: 开始进行多边形确认 · centers=1 · rejected=0 · merged=0 · elapsed_ms=27.7
[INFO] [1786541037.338870]: 开始进行多边形确认 · detections=3
[INFO] [1786541037.363983]: 开始进行多边形确认 · centers=1 · rejected=0 · merged=0 · elapsed_ms=25.1
[INFO] [1786541037.465144]: 开始进行多边形确认 · detections=3
[INFO] [1786541037.489980]: 开始进行多边形确认 · centers=1 · rejected=0 · merged=0 · elapsed_ms=24.9
[INFO] [1786541037.598847]: 开始进行多边形确认 · detections=3
[INFO] [1786541037.624813]: 开始进行多边形确认 · centers=1 · rejected=0 · merged=0 · elapsed_ms=26.0
[INFO] [1786541037.712550]: 开始进行多边形确认 · detections=3
[INFO] [1786541037.738489]: 开始进行多边形确认 · centers=1 · rejected=0 · merged=0 · elapsed_ms=26.0
[INFO] [1786541037.839650]: 开始进行多边形确认 · detections=3
[INFO] [1786541037.864799]: 开始进行多边形确认 · centers=1 · rejected=0 · merged=0 · elapsed_ms=25.2
[INFO] [1786541037.954113]: 开始进行多边形确认 · detections=3
[INFO] [1786541037.965656]: 开始进行多边形确认 · centers=1 · rejected=0 · merged=0 · elapsed_ms=11.6
[INFO] [1786541038.076514]: 开始进行多边形确认 · detections=3
[INFO] [1786541038.088283]: CITRUS_CENTER ok pixel=(339,456) depth=0.906 m radius=32.3 mm arc=356 deg error=0.49 px fragments=1
[INFO] [1786541038.089069]: 开始进行多边形确认 · centers=1 · rejected=0 · merged=0 · elapsed_ms=12.6
[INFO] [1786541038.251898]: 开始进行多边形确认 · detections=3
[INFO] [1786541038.264979]: 开始进行多边形确认 · centers=1 · rejected=0 · merged=0 · elapsed_ms=13.1
[INFO] [1786541038.336457]: 开始进行多边形确认 · detections=3
[INFO] [1786541038.349229]: 开始进行多边形确认 · centers=1 · rejected=0 · merged=0 · elapsed_ms=12.8
[INFO] [1786541038.455402]: 开始进行多边形确认 · detections=2
[INFO] [1786541038.468509]: 开始进行多边形确认 · centers=1 · rejected=0 · merged=0 · elapsed_ms=13.1
[INFO] [1786541038.469765]: RGB-D vision status: model_ready:onnxruntime targets:1 centers:1 tf:1 rejected:0 merged:0 semantic_masks:2
[INFO] [1786541038.583236]: 开始进行多边形确认 · detections=3
[INFO] [1786541038.596046]: 开始进行多边形确认 · centers=1 · rejected=0 · merged=0 · elapsed_ms=12.9
[INFO] [1786541038.707822]: 开始进行多边形确认 · detections=2
[INFO] [1786541038.719906]: 开始进行多边形确认 · centers=1 · rejected=0 · merged=0 · elapsed_ms=12.1
[INFO] [1786541038.834218]: 开始进行多边形确认 · detections=2
[INFO] [1786541038.849007]: 开始进行多边形确认 · centers=1 · rejected=0 · merged=0 · elapsed_ms=14.8
[INFO] [1786541038.958329]: 开始进行多边形确认 · detections=2
[INFO] [1786541038.972574]: 开始进行多边形确认 · centers=1 · rejected=0 · merged=0 · elapsed_ms=14.3
[INFO] [1786541039.087381]: 开始进行多边形确认 · detections=2
[INFO] [1786541039.101300]: 开始进行多边形确认 · centers=1 · rejected=0 · merged=0 · elapsed_ms=13.9
[INFO] [1786541039.204122]: 开始进行多边形确认 · detections=3
[INFO] [1786541039.255903]: 开始进行多边形确认 · centers=1 · rejected=0 · merged=0 · elapsed_ms=51.8
[INFO] [1786541039.350161]: 开始进行多边形确认 · detections=3
[INFO] [1786541039.379636]: 开始进行多边形确认 · centers=1 · rejected=0 · merged=0 · elapsed_ms=29.5
[INFO] [1786541039.464150]: 开始进行多边形确认 · detections=3
[INFO] [1786541039.491275]: 开始进行多边形确认 · centers=1 · rejected=0 · merged=0 · elapsed_ms=27.2
[INFO] [1786541039.596022]: 开始进行多边形确认 · detections=3
[INFO] [1786541039.621534]: 开始进行多边形确认 · centers=1 · rejected=0 · merged=0 · elapsed_ms=25.6
[INFO] [1786541039.713250]: 开始进行多边形确认 · detections=3
[INFO] [1786541039.737653]: 开始进行多边形确认 · centers=1 · rejected=0 · merged=0 · elapsed_ms=24.4
[INFO] [1786541039.841403]: 开始进行多边形确认 · detections=3
[INFO] [1786541039.866635]: 开始进行多边形确认 · centers=1 · rejected=0 · merged=0 · elapsed_ms=25.3
[INFO] [1786541039.978589]: 开始进行多边形确认 · detections=3
[INFO] [1786541040.002119]: 开始进行多边形确认 · centers=1 · rejected=0 · merged=0 · elapsed_ms=23.6
[INFO] [1786541040.112796]: 开始进行多边形确认 · detections=3
[INFO] [1786541040.136606]: CITRUS_CENTER ok pixel=(339,456) depth=0.905 m radius=32.0 mm arc=356 deg error=0.53 px fragments=1
[INFO] [1786541040.137728]: 开始进行多边形确认 · centers=1 · rejected=0 · merged=0 · elapsed_ms=25.0
[INFO] [1786541040.225236]: 开始进行多边形确认 · detections=3
[INFO] [1786541040.251504]: 开始进行多边形确认 · centers=1 · rejected=0 · merged=0 · elapsed_ms=26.3
[INFO] [1786541040.398137]: 开始进行多边形确认 · detections=3
[INFO] [1786541040.412210]: 开始进行多边形确认 · centers=1 · rejected=0 · merged=0 · elapsed_ms=14.1
[INFO] [1786541040.470339]: 开始进行多边形确认 · detections=3
[INFO] [1786541040.483210]: 开始进行多边形确认 · centers=1 · rejected=0 · merged=0 · elapsed_ms=12.9
[INFO] [1786541040.595670]: 开始进行多边形确认 · detections=3
[INFO] [1786541040.608865]: 开始进行多边形确认 · centers=1 · rejected=0 · merged=0 · elapsed_ms=13.2
[INFO] [1786541040.714291]: 开始进行多边形确认 · detections=3
[INFO] [1786541040.726246]: 开始进行多边形确认 · centers=1 · rejected=0 · merged=0 · elapsed_ms=12.0
[INFO] [1786541040.837103]: 开始进行多边形确认 · detections=3
[INFO] [1786541040.850800]: 开始进行多边形确认 · centers=1 · rejected=0 · merged=0 · elapsed_ms=13.7
[INFO] [1786541040.963091]: 开始进行多边形确认 · detections=3
[INFO] [1786541040.976951]: 开始进行多边形确认 · centers=1 · rejected=0 · merged=0 · elapsed_ms=13.9
[INFO] [1786541041.091274]: 开始进行多边形确认 · detections=3
[INFO] [1786541041.105200]: 开始进行多边形确认 · centers=1 · rejected=0 · merged=0 · elapsed_ms=13.9
[INFO] [1786541041.211012]: 开始进行多边形确认 · detections=3
[INFO] [1786541041.222015]: 开始进行多边形确认 · centers=1 · rejected=0 · merged=0 · elapsed_ms=11.1
[INFO] [1786541041.352505]: 开始进行多边形确认 · detections=3
[INFO] [1786541041.372582]: 开始进行多边形确认 · centers=1 · rejected=0 · merged=0 · elapsed_ms=20.1
[INFO] [1786541041.462042]: 开始进行多边形确认 · detections=3
[INFO] [1786541041.474515]: 开始进行多边形确认 · centers=1 · rejected=0 · merged=0 · elapsed_ms=12.5
[INFO] [1786541041.589318]: 开始进行多边形确认 · detections=3
[INFO] [1786541041.602119]: 开始进行多边形确认 · centers=1 · rejected=0 · merged=0 · elapsed_ms=12.8
[INFO] [1786541041.713758]: 开始进行多边形确认 · detections=3
[INFO] [1786541041.741529]: 开始进行多边形确认 · centers=1 · rejected=0 · merged=0 · elapsed_ms=27.9
[INFO] [1786541041.858550]: 开始进行多边形确认 · detections=3
[INFO] [1786541041.886692]: 开始进行多边形确认 · centers=1 · rejected=0 · merged=0 · elapsed_ms=28.2
[INFO] [1786541041.977106]: 开始进行多边形确认 · detections=3
[INFO] [1786541042.003147]: 开始进行多边形确认 · centers=1 · rejected=0 · merged=0 · elapsed_ms=26.1
[INFO] [1786541042.114603]: 开始进行多边形确认 · detections=3
[INFO] [1786541042.140748]: CITRUS_CENTER ok pixel=(339,456) depth=0.904 m radius=32.2 mm arc=356 deg error=0.51 px fragments=1
[INFO] [1786541042.141942]: 开始进行多边形确认 · centers=1 · rejected=0 · merged=0 · elapsed_ms=27.4
[INFO] [1786541042.235474]: 开始进行多边形确认 · detections=3
[INFO] [1786541042.249785]: 开始进行多边形确认 · centers=1 · rejected=0 · merged=0 · elapsed_ms=14.3
[INFO] [1786541042.382824]: 开始进行多边形确认 · detections=3
[INFO] [1786541042.409431]: 开始进行多边形确认 · centers=1 · rejected=0 · merged=0 · elapsed_ms=26.6
[INFO] [1786541042.481263]: 开始进行多边形确认 · detections=3
[INFO] [1786541042.507210]: 开始进行多边形确认 · centers=1 · rejected=0 · merged=0 · elapsed_ms=26.0
[INFO] [1786541042.614818]: 开始进行多边形确认 · detections=3
[INFO] [1786541042.643067]: 开始进行多边形确认 · centers=1 · rejected=0 · merged=0 · elapsed_ms=28.3
[INFO] [1786541042.737487]: 开始进行多边形确认 · detections=3
[INFO] [1786541042.763807]: 开始进行多边形确认 · centers=1 · rejected=0 · merged=0 · elapsed_ms=26.4
[INFO] [1786541042.861629]: 开始进行多边形确认 · detections=3
[INFO] [1786541042.887491]: 开始进行多边形确认 · centers=1 · rejected=0 · merged=0 · elapsed_ms=25.9
[INFO] [1786541042.982916]: 开始进行多边形确认 · detections=3
[INFO] [1786541043.006799]: 开始进行多边形确认 · centers=1 · rejected=0 · merged=0 · elapsed_ms=23.9
[INFO] [1786541043.115424]: 开始进行多边形确认 · detections=3
[INFO] [1786541043.144479]: 开始进行多边形确认 · centers=1 · rejected=0 · merged=0 · elapsed_ms=29.1
[INFO] [1786541043.239732]: 开始进行多边形确认 · detections=3
[INFO] [1786541043.265997]: 开始进行多边形确认 · centers=1 · rejected=0 · merged=0 · elapsed_ms=26.3
[INFO] [1786541043.371169]: 开始进行多边形确认 · detections=3
[INFO] [1786541043.398072]: 开始进行多边形确认 · centers=1 · rejected=0 · merged=0 · elapsed_ms=27.0
[INFO] [1786541043.495378]: 开始进行多边形确认 · detections=3
[INFO] [1786541043.513116]: 开始进行多边形确认 · centers=1 · rejected=0 · merged=0 · elapsed_ms=17.7
[INFO] [1786541043.603623]: 开始进行多边形确认 · detections=3
[INFO] [1786541043.620656]: 开始进行多边形确认 · centers=1 · rejected=0 · merged=0 · elapsed_ms=17.1
[INFO] [1786541043.719091]: 开始进行多边形确认 · detections=3
[INFO] [1786541043.733308]: 开始进行多边形确认 · centers=1 · rejected=0 · merged=0 · elapsed_ms=14.3
[INFO] [1786541043.849810]: 开始进行多边形确认 · detections=3
[INFO] [1786541043.881091]: 开始进行多边形确认 · centers=1 · rejected=0 · merged=0 · elapsed_ms=31.3
[INFO] [1786541043.982860]: 开始进行多边形确认 · detections=3
[INFO] [1786541044.007580]: 开始进行多边形确认 · centers=1 · rejected=0 · merged=0 · elapsed_ms=24.8
[INFO] [1786541044.115329]: 开始进行多边形确认 · detections=2
[INFO] [1786541044.139433]: 开始进行多边形确认 · centers=1 · rejected=0 · merged=0 · elapsed_ms=24.2
 12/08 13:24:08,817 ERROR [140119617042176] (ds5-options.cpp:88) Asic Temperature value is not valid!
 12/08 13:24:09,820 ERROR [140119617042176] (ds5-options.cpp:88) Asic Temperature value is not valid!
[WARN] [1786541025.142390]: 开始进行多边形确认 · 多边形确认失败 · rejected=0 · elapsed_ms=1.2
[WARN] [1786541025.277253]: 开始进行多边形确认 · 多边形确认失败 · rejected=0 · elapsed_ms=1.1
[WARN] [1786541025.425430]: 开始进行多边形确认 · 多边形确认失败 · rejected=0 · elapsed_ms=2.2
[WARN] [1786541025.510909]: 开始进行多边形确认 · 多边形确认失败 · rejected=1 · elapsed_ms=6.9
[WARN] [1786541025.633481]: 开始进行多边形确认 · 多边形确认失败 · rejected=1 · elapsed_ms=6.4
[WARN] [1786541025.757821]: 开始进行多边形确认 · 多边形确认失败 · rejected=0 · elapsed_ms=1.6
[WARN] [1786541026.008670]: 开始进行多边形确认 · 多边形确认失败 · rejected=0 · elapsed_ms=1.6
[WARN] [1786541026.131520]: 开始进行多边形确认 · 多边形确认失败 · rejected=0 · elapsed_ms=1.2
[WARN] [1786541026.263429]: 开始进行多边形确认 · 多边形确认失败 · rejected=0 · elapsed_ms=1.4
[WARN] [1786541026.532094]: 开始进行多边形确认 · 多边形确认失败 · rejected=0 · elapsed_ms=1.5
[WARN] [1786541026.631740]: 开始进行多边形确认 · 多边形确认失败 · rejected=0 · elapsed_ms=1.4
[WARN] [1786541026.884022]: CITRUS_CENTER reject instances=1 reason=reconstructed citrus radius 37.8 mm is outside 22.0..33.0 mm
[WARN] [1786541026.885033]: 开始进行多边形确认 · 多边形确认失败 · rejected=1 · elapsed_ms=8.7
[WARN] [1786541027.017106]: 开始进行多边形确认 · 多边形确认失败 · rejected=1 · elapsed_ms=7.9
[WARN] [1786541027.126090]: 开始进行多边形确认 · 多边形确认失败 · rejected=1 · elapsed_ms=6.5
[WARN] [1786541027.253729]: 开始进行多边形确认 · 多边形确认失败 · rejected=1 · elapsed_ms=7.8
[WARN] [1786541027.387973]: 开始进行多边形确认 · 多边形确认失败 · rejected=1 · elapsed_ms=8.3
[WARN] [1786541027.530153]: 开始进行多边形确认 · 多边形确认失败 · rejected=2 · elapsed_ms=12.7
[WARN] [1786541027.641250]: 开始进行多边形确认 · 多边形确认失败 · rejected=2 · elapsed_ms=11.1
[WARN] [1786541027.745115]: 开始进行多边形确认 · 多边形确认失败 · rejected=2 · elapsed_ms=6.9
[WARN] [1786541027.872138]: 开始进行多边形确认 · 多边形确认失败 · rejected=2 · elapsed_ms=6.8
[WARN] [1786541028.017616]: 开始进行多边形确认 · 多边形确认失败 · rejected=2 · elapsed_ms=10.6
[WARN] [1786541028.137745]: 开始进行多边形确认 · 多边形确认失败 · rejected=1 · elapsed_ms=6.7
[WARN] [1786541028.273641]: 开始进行多边形确认 · 多边形确认失败 · rejected=2 · elapsed_ms=12.2
[WARN] [1786541028.374407]: 开始进行多边形确认 · 多边形确认失败 · rejected=2 · elapsed_ms=7.5
[WARN] [1786541028.536184]: 开始进行多边形确认 · 多边形确认失败 · rejected=1 · elapsed_ms=7.1
[WARN] [1786541028.636792]: 开始进行多边形确认 · 多边形确认失败 · rejected=2 · elapsed_ms=14.2
[WARN] [1786541028.768224]: 开始进行多边形确认 · 多边形确认失败 · rejected=2 · elapsed_ms=13.9
[WARN] [1786541028.879189]: 开始进行多边形确认 · 多边形确认失败 · rejected=1 · elapsed_ms=6.1
[WARN] [1786541029.006392]: CITRUS_CENTER reject instances=0 reason=polygon circle inlier ratio 0.14 is below 0.30
[WARN] [1786541029.007676]: 开始进行多边形确认 · 多边形确认失败 · rejected=1 · elapsed_ms=8.1
[WARN] [1786541029.116580]: 开始进行多边形确认 · 多边形确认失败 · rejected=1 · elapsed_ms=5.4
[WARN] [1786541029.258814]: 开始进行多边形确认 · 多边形确认失败 · rejected=0 · elapsed_ms=1.4
[WARN] [1786541029.386767]: 开始进行多边形确认 · 多边形确认失败 · rejected=0 · elapsed_ms=1.3
[WARN] [1786541029.519679]: 开始进行多边形确认 · 多边形确认失败 · rejected=0 · elapsed_ms=1.4
[WARN] [1786541029.657587]: 开始进行多边形确认 · 多边形确认失败 · rejected=0 · elapsed_ms=1.5
[WARN] [1786541029.760408]: 开始进行多边形确认 · 多边形确认失败 · rejected=0 · elapsed_ms=1.2
[WARN] [1786541029.889282]: 开始进行多边形确认 · 多边形确认失败 · rejected=0 · elapsed_ms=1.6
[WARN] [1786541030.012988]: 开始进行多边形确认 · 多边形确认失败 · rejected=0 · elapsed_ms=1.7
[WARN] [1786541030.139144]: 开始进行多边形确认 · 多边形确认失败 · rejected=0 · elapsed_ms=1.4
[WARN] [1786541030.267405]: 开始进行多边形确认 · 多边形确认失败 · rejected=0 · elapsed_ms=1.6
[WARN] [1786541030.394149]: 开始进行多边形确认 · 多边形确认失败 · rejected=0 · elapsed_ms=1.3
[WARN] [1786541030.529330]: 开始进行多边形确认 · 多边形确认失败 · rejected=0 · elapsed_ms=1.4
[WARN] [1786541030.671301]: 开始进行多边形确认 · 多边形确认失败 · rejected=0 · elapsed_ms=1.3
[WARN] [1786541030.772485]: 开始进行多边形确认 · 多边形确认失败 · rejected=0 · elapsed_ms=1.4
[WARN] [1786541030.892133]: 开始进行多边形确认 · 多边形确认失败 · rejected=0 · elapsed_ms=1.4
[WARN] [1786541031.140606]: 开始进行多边形确认 · 多边形确认失败 · rejected=0 · elapsed_ms=1.4
[WARN] [1786541031.282946]: CITRUS_CENTER reject instances=0 reason=polygon circle inlier ratio 0.18 is below 0.30
[WARN] [1786541031.284098]: 开始进行多边形确认 · 多边形确认失败 · rejected=1 · elapsed_ms=9.0
[WARN] [1786541031.396209]: 开始进行多边形确认 · 多边形确认失败 · rejected=0 · elapsed_ms=1.4
[WARN] [1786541031.649492]: 开始进行多边形确认 · 多边形确认失败 · rejected=1 · elapsed_ms=6.8
[WARN] [1786541031.883626]: 开始进行多边形确认 · 多边形确认失败 · rejected=0 · elapsed_ms=1.0
[WARN] [1786541032.014647]: 开始进行多边形确认 · 多边形确认失败 · rejected=1 · elapsed_ms=4.0
[WARN] [1786541032.134210]: 开始进行多边形确认 · 多边形确认失败 · rejected=0 · elapsed_ms=1.0
[WARN] [1786541032.268281]: 开始进行多边形确认 · 多边形确认失败 · rejected=0 · elapsed_ms=1.1
[WARN] [1786541032.392068]: 开始进行多边形确认 · 多边形确认失败 · rejected=0 · elapsed_ms=1.5
[WARN] [1786541032.508677]: 开始进行多边形确认 · 多边形确认失败 · rejected=0 · elapsed_ms=1.1
[WARN] [1786541032.634058]: 开始进行多边形确认 · 多边形确认失败 · rejected=1 · elapsed_ms=3.9
[WARN] [1786541032.824862]: 开始进行多边形确认 · 多边形确认失败 · rejected=1 · elapsed_ms=4.5
[WARN] [1786541032.893140]: 开始进行多边形确认 · 多边形确认失败 · rejected=1 · elapsed_ms=4.4
[WARN] [1786541033.300528]: CITRUS_CENTER reject instances=1 reason=polygon circle inlier ratio 0.30 is below 0.30
[WARN] [1786541045.501861]: 开始进行多边形确认 · 多边形确认失败 · rejected=0 · elapsed_ms=1.9
[WARN] [1786541048.756496]: 开始进行多边形确认 · 多边形确认失败 · rejected=0 · elapsed_ms=1.3
[WARN] [1786541048.878516]: 开始进行多边形确认 · 多边形确认失败 · rejected=0 · elapsed_ms=2.3
[WARN] [1786541048.989028]: 开始进行多边形确认 · 多边形确认失败 · rejected=0 · elapsed_ms=1.2
[WARN] [1786541049.238233]: 开始进行多边形确认 · 多边形确认失败 · rejected=0 · elapsed_ms=1.2
[WARN] [1786541049.369977]: 开始进行多边形确认 · 多边形确认失败 · rejected=0 · elapsed_ms=1.1
[WARN] [1786541049.503708]: 开始进行多边形确认 · 多边形确认失败 · rejected=0 · elapsed_ms=1.2
[WARN] [1786541049.634036]: 开始进行多边形确认 · 多边形确认失败 · rejected=0 · elapsed_ms=1.5
[WARN] [1786541049.754360]: 开始进行多边形确认 · 多边形确认失败 · rejected=0 · elapsed_ms=1.5
[WARN] [1786541049.895761]: 开始进行多边形确认 · 多边形确认失败 · rejected=0 · elapsed_ms=1.4
[WARN] [1786541050.013188]: 开始进行多边形确认 · 多边形确认失败 · rejected=0 · elapsed_ms=1.5
 12/08 13:24:10,823 ERROR [140119617042176] (ds5-options.cpp:88) Asic Temperature value is not valid!
[INFO] [1786541044.140707]: RGB-D vision status: model_ready:onnxruntime targets:1 centers:1 tf:1 rejected:0 merged:0 semantic_masks:2
[INFO] [1786541044.232688]: 开始进行多边形确认 · detections=3
[INFO] [1786541044.246883]: CITRUS_CENTER ok pixel=(339,456) depth=0.905 m radius=32.2 mm arc=356 deg error=0.48 px fragments=1
[INFO] [1786541044.247797]: 开始进行多边形确认 · centers=1 · rejected=0 · merged=0 · elapsed_ms=15.2
[INFO] [1786541044.366204]: 开始进行多边形确认 · detections=3
[INFO] [1786541044.393790]: 开始进行多边形确认 · centers=1 · rejected=0 · merged=0 · elapsed_ms=27.6
[INFO] [1786541044.529952]: 开始进行多边形确认 · detections=3
[INFO] [1786541044.560048]: 开始进行多边形确认 · centers=1 · rejected=0 · merged=0 · elapsed_ms=30.1
[INFO] [1786541044.630496]: 开始进行多边形确认 · detections=3
[INFO] [1786541044.643697]: 开始进行多边形确认 · centers=1 · rejected=0 · merged=0 · elapsed_ms=13.3
[INFO] [1786541044.736091]: 开始进行多边形确认 · detections=3
[INFO] [1786541044.748990]: 开始进行多边形确认 · centers=1 · rejected=0 · merged=0 · elapsed_ms=12.9
[INFO] [1786541044.859179]: 开始进行多边形确认 · detections=3
[INFO] [1786541044.875499]: 开始进行多边形确认 · centers=1 · rejected=0 · merged=0 · elapsed_ms=16.4
[INFO] [1786541044.980853]: 开始进行多边形确认 · detections=3
[INFO] [1786541044.992838]: 开始进行多边形确认 · centers=1 · rejected=0 · merged=0 · elapsed_ms=12.0
[INFO] [1786541045.108486]: 开始进行多边形确认 · detections=3
[INFO] [1786541045.123703]: 开始进行多边形确认 · centers=1 · rejected=0 · merged=0 · elapsed_ms=15.3
[INFO] [1786541045.244549]: 开始进行多边形确认 · detections=3
[INFO] [1786541045.268871]: 开始进行多边形确认 · centers=1 · rejected=0 · merged=0 · elapsed_ms=24.4
[INFO] [1786541045.499994]: 开始进行多边形确认 · detections=2
[INFO] [1786541048.755312]: 开始进行多边形确认 · detections=1
[INFO] [1786541048.876285]: 开始进行多边形确认 · detections=1
[INFO] [1786541048.987935]: 开始进行多边形确认 · detections=1
[INFO] [1786541049.142015]: RGB-D vision status: model_ready:onnxruntime targets:0 centers:0 tf:0 rejected:0 merged:0 semantic_masks:0
[INFO] [1786541049.237068]: 开始进行多边形确认 · detections=1
[INFO] [1786541049.368923]: 开始进行多边形确认 · detections=2
[INFO] [1786541049.502538]: 开始进行多边形确认 · detections=1
[INFO] [1786541049.632574]: 开始进行多边形确认 · detections=1
[INFO] [1786541049.752986]: 开始进行多边形确认 · detections=1
[INFO] [1786541049.894465]: 开始进行多边形确认 · detections=1
[INFO] [1786541050.011803]: 开始进行多边形确认 · detections=1
[INFO] [1786541050.144177]: 开始进行多边形确认 · detections=2
[INFO] [1786541050.258458]: 开始进行多边形确认 · detections=2
[INFO] [1786541050.385425]: 开始进行多边形确认 · detections=3
[INFO] [1786541050.515369]: 开始进行多边形确认 · detections=3
[INFO] [1786541050.640565]: 开始进行多边形确认 · detections=2
[INFO] [1786541050.764293]: 开始进行多边形确认 · detections=3
[INFO] [1786541050.887116]: 开始进行多边形确认 · detections=3
[INFO] [1786541051.013885]: 开始进行多边形确认 · detections=3
[INFO] [1786541051.161308]: 开始进行多边形确认 · detections=3
[INFO] [1786541051.260041]: 开始进行多边形确认 · detections=2
[INFO] [1786541051.399616]: 开始进行多边形确认 · detections=2
[INFO] [1786541051.524599]: 开始进行多边形确认 · detections=2
[INFO] [1786541051.636962]: 开始进行多边形确认 · detections=2
[INFO] [1786541051.761655]: 开始进行多边形确认 · detections=1
[INFO] [1786541051.881586]: 开始进行多边形确认 · detections=2
[INFO] [1786541052.005280]: 开始进行多边形确认 · detections=3
[INFO] [1786541052.152638]: 开始进行多边形确认 · detections=1
[INFO] [1786541052.249155]: 开始进行多边形确认 · detections=3
[INFO] [1786541052.390448]: 开始进行多边形确认 · detections=2
[INFO] [1786541052.534110]: 开始进行多边形确认 · detections=2
[INFO] [1786541052.645645]: 开始进行多边形确认 · detections=3
[INFO] [1786541052.775059]: 开始进行多边形确认 · detections=2
[INFO] [1786541052.900106]: 开始进行多边形确认 · detections=2
[INFO] [1786541053.015518]: 开始进行多边形确认 · detections=2
[INFO] [1786541053.155018]: 开始进行多边形确认 · detections=2
[INFO] [1786541053.274472]: 开始进行多边形确认 · detections=1
[INFO] [1786541053.399047]: 开始进行多边形确认 · detections=2
[INFO] [1786541053.519572]: 开始进行多边形确认 · detections=1
[INFO] [1786541053.642543]: 开始进行多边形确认 · detections=2
[INFO] [1786541053.770452]: 开始进行多边形确认 · detections=2
[INFO] [1786541053.897153]: 开始进行多边形确认 · detections=2
[INFO] [1786541054.007472]: 开始进行多边形确认 · detections=1
[INFO] [1786541054.144653]: 开始进行多边形确认 · detections=1
[INFO] [1786541054.283259]: 开始进行多边形确认 · detections=2
[INFO] [1786541054.285408]: RGB-D vision status: model_ready:onnxruntime targets:0 centers:0 tf:0 rejected:0 merged:0 semantic_masks:2
[INFO] [1786541054.400772]: 开始进行多边形确认 · detections=2
[INFO] [1786541054.539744]: 开始进行多边形确认 · detections=2
[INFO] [1786541054.660480]: 开始进行多边形确认 · detections=2
[INFO] [1786541054.785523]: 开始进行多边形确认 · detections=3
[INFO] [1786541054.910990]: 开始进行多边形确认 · detections=1
[INFO] [1786541055.021621]: 开始进行多边形确认 · detections=3
[INFO] [1786541055.147988]: 开始进行多边形确认 · detections=4
[INFO] [1786541055.305999]: 开始进行多边形确认 · detections=3
[INFO] [1786541055.413277]: 开始进行多边形确认 · detections=2
[INFO] [1786541055.534959]: 开始进行多边形确认 · detections=1
[INFO] [1786541055.661674]: 开始进行多边形确认 · detections=1
[INFO] [1786541055.786680]: 开始进行多边形确认 · detections=2
[INFO] [1786541055.910393]: 开始进行多边形确认 · detections=2
[INFO] [1786541056.033799]: 开始进行多边形确认 · detections=3
[INFO] [1786541056.161190]: 开始进行多边形确认 · detections=1
[INFO] [1786541056.291634]: 开始进行多边形确认 · detections=1
[INFO] [1786541056.424144]: 开始进行多边形确认 · detections=1
[INFO] [1786541056.532458]: 开始进行多边形确认 · detections=1
[INFO] [1786541056.658986]: 开始进行多边形确认 · detections=1
[INFO] [1786541056.786172]: 开始进行多边形确认 · detections=1
[INFO] [1786541056.905615]: 开始进行多边形确认 · detections=1
[INFO] [1786541057.154657]: 开始进行多边形确认 · detections=2
[INFO] [1786541057.281742]: 开始进行多边形确认 · detections=1
[INFO] [1786541057.423308]: 开始进行多边形确认 · detections=1
[INFO] [1786541060.684290]: 开始进行多边形确认 · detections=1
[INFO] [1786541060.687170]: RGB-D vision status: model_ready:onnxruntime targets:0 centers:0 tf:0 rejected:0 merged:0 semantic_masks:1
[INFO] [1786541060.802384]: 开始进行多边形确认 · detections=1
[INFO] [1786541060.926939]: 开始进行多边形确认 · detections=2
[INFO] [1786541060.950470]: CITRUS_CENTER ok pixel=(339,457) depth=0.907 m radius=32.2 mm arc=356 deg error=0.57 px fragments=1
[INFO] [1786541060.951680]: 开始进行多边形确认 · centers=1 · rejected=0 · merged=0 · elapsed_ms=24.8
[INFO] [1786541061.062938]: 开始进行多边形确认 · detections=3
[INFO] [1786541061.088400]: 开始进行多边形确认 · centers=1 · rejected=0 · merged=0 · elapsed_ms=25.5
[INFO] [1786541061.179677]: 开始进行多边形确认 · detections=4
[INFO] [1786541061.207926]: 开始进行多边形确认 · centers=1 · rejected=0 · merged=0 · elapsed_ms=28.3
[WARN] [1786541050.145563]: 开始进行多边形确认 · 多边形确认失败 · rejected=0 · elapsed_ms=1.5
[WARN] [1786541050.259824]: 开始进行多边形确认 · 多边形确认失败 · rejected=0 · elapsed_ms=1.4
[WARN] [1786541050.386857]: 开始进行多边形确认 · 多边形确认失败 · rejected=0 · elapsed_ms=1.5
[WARN] [1786541050.516459]: 开始进行多边形确认 · 多边形确认失败 · rejected=0 · elapsed_ms=1.2
[WARN] [1786541050.641806]: 开始进行多边形确认 · 多边形确认失败 · rejected=0 · elapsed_ms=1.3
[WARN] [1786541050.765391]: 开始进行多边形确认 · 多边形确认失败 · rejected=0 · elapsed_ms=1.2
[WARN] [1786541050.888211]: 开始进行多边形确认 · 多边形确认失败 · rejected=0 · elapsed_ms=1.2
[WARN] [1786541051.015074]: 开始进行多边形确认 · 多边形确认失败 · rejected=0 · elapsed_ms=1.3
[WARN] [1786541051.162573]: 开始进行多边形确认 · 多边形确认失败 · rejected=0 · elapsed_ms=1.3
[WARN] [1786541051.261338]: 开始进行多边形确认 · 多边形确认失败 · rejected=0 · elapsed_ms=1.4
[WARN] [1786541051.400816]: 开始进行多边形确认 · 多边形确认失败 · rejected=0 · elapsed_ms=1.3
[WARN] [1786541051.525684]: 开始进行多边形确认 · 多边形确认失败 · rejected=0 · elapsed_ms=1.2
[WARN] [1786541051.638342]: 开始进行多边形确认 · 多边形确认失败 · rejected=0 · elapsed_ms=1.5
[WARN] [1786541051.762878]: 开始进行多边形确认 · 多边形确认失败 · rejected=0 · elapsed_ms=1.3
[WARN] [1786541051.882643]: 开始进行多边形确认 · 多边形确认失败 · rejected=0 · elapsed_ms=1.1
[WARN] [1786541052.006454]: 开始进行多边形确认 · 多边形确认失败 · rejected=0 · elapsed_ms=1.2
[WARN] [1786541052.153966]: 开始进行多边形确认 · 多边形确认失败 · rejected=0 · elapsed_ms=1.4
[WARN] [1786541052.250385]: 开始进行多边形确认 · 多边形确认失败 · rejected=0 · elapsed_ms=1.3
[WARN] [1786541052.391943]: 开始进行多边形确认 · 多边形确认失败 · rejected=0 · elapsed_ms=1.6
[WARN] [1786541052.535379]: 开始进行多边形确认 · 多边形确认失败 · rejected=0 · elapsed_ms=1.3
[WARN] [1786541052.646960]: 开始进行多边形确认 · 多边形确认失败 · rejected=0 · elapsed_ms=1.4
[WARN] [1786541052.776338]: 开始进行多边形确认 · 多边形确认失败 · rejected=0 · elapsed_ms=1.4
[WARN] [1786541052.901321]: 开始进行多边形确认 · 多边形确认失败 · rejected=0 · elapsed_ms=1.3
[WARN] [1786541053.016719]: 开始进行多边形确认 · 多边形确认失败 · rejected=0 · elapsed_ms=1.3
[WARN] [1786541053.156296]: 开始进行多边形确认 · 多边形确认失败 · rejected=0 · elapsed_ms=1.4
[WARN] [1786541053.275744]: 开始进行多边形确认 · 多边形确认失败 · rejected=0 · elapsed_ms=1.3
[WARN] [1786541053.400353]: 开始进行多边形确认 · 多边形确认失败 · rejected=0 · elapsed_ms=1.4
[WARN] [1786541053.520945]: 开始进行多边形确认 · 多边形确认失败 · rejected=0 · elapsed_ms=1.4
[WARN] [1786541053.643758]: 开始进行多边形确认 · 多边形确认失败 · rejected=0 · elapsed_ms=1.3
[WARN] [1786541053.771774]: 开始进行多边形确认 · 多边形确认失败 · rejected=0 · elapsed_ms=1.4
[WARN] [1786541053.899339]: 开始进行多边形确认 · 多边形确认失败 · rejected=0 · elapsed_ms=2.2
[WARN] [1786541054.008666]: 开始进行多边形确认 · 多边形确认失败 · rejected=0 · elapsed_ms=1.3
[WARN] [1786541054.146199]: 开始进行多边形确认 · 多边形确认失败 · rejected=0 · elapsed_ms=1.6
[WARN] [1786541054.284387]: 开始进行多边形确认 · 多边形确认失败 · rejected=0 · elapsed_ms=1.2
[WARN] [1786541054.401982]: 开始进行多边形确认 · 多边形确认失败 · rejected=0 · elapsed_ms=1.3
[WARN] [1786541054.541182]: 开始进行多边形确认 · 多边形确认失败 · rejected=0 · elapsed_ms=1.5
[WARN] [1786541054.661846]: 开始进行多边形确认 · 多边形确认失败 · rejected=0 · elapsed_ms=1.4
[WARN] [1786541054.786644]: 开始进行多边形确认 · 多边形确认失败 · rejected=0 · elapsed_ms=1.2
[WARN] [1786541054.912316]: 开始进行多边形确认 · 多边形确认失败 · rejected=0 · elapsed_ms=1.4
[WARN] [1786541055.022566]: 开始进行多边形确认 · 多边形确认失败 · rejected=0 · elapsed_ms=1.0
[WARN] [1786541055.149038]: 开始进行多边形确认 · 多边形确认失败 · rejected=0 · elapsed_ms=1.1
[WARN] [1786541055.307282]: 开始进行多边形确认 · 多边形确认失败 · rejected=0 · elapsed_ms=1.3
[WARN] [1786541055.414512]: 开始进行多边形确认 · 多边形确认失败 · rejected=0 · elapsed_ms=1.3
[WARN] [1786541055.536003]: 开始进行多边形确认 · 多边形确认失败 · rejected=0 · elapsed_ms=1.1
[WARN] [1786541055.662686]: 开始进行多边形确认 · 多边形确认失败 · rejected=0 · elapsed_ms=1.1
[WARN] [1786541055.787802]: 开始进行多边形确认 · 多边形确认失败 · rejected=0 · elapsed_ms=1.2
[WARN] [1786541055.911915]: 开始进行多边形确认 · 多边形确认失败 · rejected=0 · elapsed_ms=1.6
[WARN] [1786541056.034974]: 开始进行多边形确认 · 多边形确认失败 · rejected=0 · elapsed_ms=1.3
[WARN] [1786541056.162510]: 开始进行多边形确认 · 多边形确认失败 · rejected=0 · elapsed_ms=1.4
[WARN] [1786541056.293000]: 开始进行多边形确认 · 多边形确认失败 · rejected=0 · elapsed_ms=1.4
[WARN] [1786541056.425231]: 开始进行多边形确认 · 多边形确认失败 · rejected=0 · elapsed_ms=1.2
[WARN] [1786541056.533578]: 开始进行多边形确认 · 多边形确认失败 · rejected=0 · elapsed_ms=1.2
[WARN] [1786541056.660106]: 开始进行多边形确认 · 多边形确认失败 · rejected=0 · elapsed_ms=1.2
[WARN] [1786541056.787213]: 开始进行多边形确认 · 多边形确认失败 · rejected=0 · elapsed_ms=1.1
[WARN] [1786541056.906598]: 开始进行多边形确认 · 多边形确认失败 · rejected=0 · elapsed_ms=1.0
[WARN] [1786541057.155681]: 开始进行多边形确认 · 多边形确认失败 · rejected=0 · elapsed_ms=1.1
[WARN] [1786541057.282880]: 开始进行多边形确认 · 多边形确认失败 · rejected=0 · elapsed_ms=1.2
[WARN] [1786541057.424637]: 开始进行多边形确认 · 多边形确认失败 · rejected=0 · elapsed_ms=1.4
[WARN] [1786541060.685641]: 开始进行多边形确认 · 多边形确认失败 · rejected=0 · elapsed_ms=1.4
[WARN] [1786541060.803763]: 开始进行多边形确认 · 多边形确认失败 · rejected=0 · elapsed_ms=1.4
[WARN] [1786541063.901963]: CITRUS_CENTER reject instances=1 reason=polygon circle inlier ratio 0.11 is below 0.30
[WARN] [1786541064.492116]: 开始进行多边形确认 · 多边形确认失败 · rejected=0 · elapsed_ms=1.2
[WARN] [1786541064.614959]: 开始进行多边形确认 · 多边形确认失败 · rejected=0 · elapsed_ms=1.4
[WARN] [1786541065.525303]: 开始进行多边形确认 · 多边形确认失败 · rejected=0 · elapsed_ms=19.5
[WARN] [1786541065.635676]: 开始进行多边形确认 · 多边形确认失败 · rejected=0 · elapsed_ms=1.4
[WARN] [1786541065.768380]: 开始进行多边形确认 · 多边形确认失败 · rejected=0 · elapsed_ms=1.3
[WARN] [1786541066.022540]: 开始进行多边形确认 · 多边形确认失败 · rejected=0 · elapsed_ms=1.1
[WARN] [1786541066.231953]: 开始进行多边形确认 · 多边形确认失败 · rejected=0 · elapsed_ms=1.4
[WARN] [1786541066.615025]: 开始进行多边形确认 · 多边形确认失败 · rejected=0 · elapsed_ms=1.4
[WARN] [1786541066.747050]: 开始进行多边形确认 · 多边形确认失败 · rejected=0 · elapsed_ms=1.4
[WARN] [1786541066.864725]: 开始进行多边形确认 · 多边形确认失败 · rejected=0 · elapsed_ms=1.5
[WARN] [1786541067.241767]: 开始进行多边形确认 · 多边形确认失败 · rejected=0 · elapsed_ms=1.4
[INFO] [1786541061.310630]: 开始进行多边形确认 · detections=6
[INFO] [1786541061.338964]: 开始进行多边形确认 · centers=1 · rejected=0 · merged=0 · elapsed_ms=28.3
[INFO] [1786541061.435184]: 开始进行多边形确认 · detections=4
[INFO] [1786541061.463174]: 开始进行多边形确认 · centers=1 · rejected=0 · merged=0 · elapsed_ms=28.0
[INFO] [1786541061.561947]: 开始进行多边形确认 · detections=4
[INFO] [1786541061.588734]: 开始进行多边形确认 · centers=1 · rejected=0 · merged=0 · elapsed_ms=26.8
[INFO] [1786541061.763485]: 开始进行多边形确认 · detections=5
[INFO] [1786541061.794719]: 开始进行多边形确认 · centers=1 · rejected=0 · merged=0 · elapsed_ms=31.2
[INFO] [1786541061.850971]: 开始进行多边形确认 · detections=4
[INFO] [1786541061.870249]: 开始进行多边形确认 · centers=1 · rejected=0 · merged=0 · elapsed_ms=19.3
[INFO] [1786541061.978847]: 开始进行多边形确认 · detections=3
[INFO] [1786541061.999949]: 开始进行多边形确认 · centers=1 · rejected=0 · merged=0 · elapsed_ms=21.1
[INFO] [1786541062.112613]: 开始进行多边形确认 · detections=5
[INFO] [1786541062.131534]: 开始进行多边形确认 · centers=1 · rejected=0 · merged=0 · elapsed_ms=19.0
[INFO] [1786541062.232016]: 开始进行多边形确认 · detections=4
[INFO] [1786541062.247888]: 开始进行多边形确认 · centers=1 · rejected=0 · merged=0 · elapsed_ms=15.9
[INFO] [1786541062.372077]: 开始进行多边形确认 · detections=5
[INFO] [1786541062.391256]: 开始进行多边形确认 · centers=1 · rejected=0 · merged=0 · elapsed_ms=19.2
[INFO] [1786541062.479206]: 开始进行多边形确认 · detections=3
[INFO] [1786541062.492298]: 开始进行多边形确认 · centers=1 · rejected=0 · merged=0 · elapsed_ms=13.1
[INFO] [1786541062.605224]: 开始进行多边形确认 · detections=4
[INFO] [1786541062.618427]: 开始进行多边形确认 · centers=1 · rejected=0 · merged=0 · elapsed_ms=13.2
[INFO] [1786541062.731089]: 开始进行多边形确认 · detections=4
[INFO] [1786541062.751656]: 开始进行多边形确认 · centers=1 · rejected=0 · merged=0 · elapsed_ms=20.6
[INFO] [1786541062.881801]: 开始进行多边形确认 · detections=5
[INFO] [1786541062.897891]: 开始进行多边形确认 · centers=1 · rejected=0 · merged=0 · elapsed_ms=16.1
[INFO] [1786541062.978764]: 开始进行多边形确认 · detections=3
[INFO] [1786541062.995323]: CITRUS_CENTER ok pixel=(339,457) depth=0.907 m radius=32.2 mm arc=356 deg error=0.59 px fragments=1
[INFO] [1786541062.996519]: 开始进行多边形确认 · centers=1 · rejected=0 · merged=0 · elapsed_ms=17.8
[INFO] [1786541063.108744]: 开始进行多边形确认 · detections=4
[INFO] [1786541063.123685]: 开始进行多边形确认 · centers=1 · rejected=0 · merged=0 · elapsed_ms=15.0
[INFO] [1786541063.243244]: 开始进行多边形确认 · detections=2
[INFO] [1786541063.271494]: 开始进行多边形确认 · centers=1 · rejected=0 · merged=0 · elapsed_ms=28.3
[INFO] [1786541063.367423]: 开始进行多边形确认 · detections=2
[INFO] [1786541063.395556]: 开始进行多边形确认 · centers=1 · rejected=0 · merged=0 · elapsed_ms=28.1
[INFO] [1786541063.482899]: 开始进行多边形确认 · detections=3
[INFO] [1786541063.494076]: 开始进行多边形确认 · centers=1 · rejected=0 · merged=0 · elapsed_ms=11.2
[INFO] [1786541063.593587]: 开始进行多边形确认 · detections=4
[INFO] [1786541063.605708]: 开始进行多边形确认 · centers=1 · rejected=0 · merged=0 · elapsed_ms=12.2
[INFO] [1786541063.719453]: 开始进行多边形确认 · detections=3
[INFO] [1786541063.730504]: 开始进行多边形确认 · centers=1 · rejected=0 · merged=0 · elapsed_ms=11.1
[INFO] [1786541063.868749]: 开始进行多边形确认 · detections=5
[INFO] [1786541063.903026]: 开始进行多边形确认 · centers=1 · rejected=1 · merged=0 · elapsed_ms=34.4
[INFO] [1786541063.986292]: 开始进行多边形确认 · detections=2
[INFO] [1786541064.011795]: 开始进行多边形确认 · centers=1 · rejected=0 · merged=0 · elapsed_ms=25.5
[INFO] [1786541064.119437]: 开始进行多边形确认 · detections=2
[INFO] [1786541064.147545]: 开始进行多边形确认 · centers=1 · rejected=0 · merged=0 · elapsed_ms=28.2
[INFO] [1786541064.238948]: 开始进行多边形确认 · detections=2
[INFO] [1786541064.266229]: 开始进行多边形确认 · centers=1 · rejected=0 · merged=0 · elapsed_ms=27.3
[INFO] [1786541064.366258]: 开始进行多边形确认 · detections=3
[INFO] [1786541064.390227]: 开始进行多边形确认 · centers=1 · rejected=0 · merged=0 · elapsed_ms=24.0
[INFO] [1786541064.490977]: 开始进行多边形确认 · detections=2
[INFO] [1786541064.613602]: 开始进行多边形确认 · detections=1
[INFO] [1786541065.505854]: 开始进行多边形确认 · detections=3
[INFO] [1786541065.634298]: 开始进行多边形确认 · detections=2
[INFO] [1786541065.767203]: 开始进行多边形确认 · detections=1
[INFO] [1786541065.769531]: RGB-D vision status: model_ready:onnxruntime targets:0 centers:0 tf:0 rejected:0 merged:0 semantic_masks:1
[INFO] [1786541066.021509]: 开始进行多边形确认 · detections=1
[INFO] [1786541066.230639]: 开始进行多边形确认 · detections=1
[INFO] [1786541066.613718]: 开始进行多边形确认 · detections=1
[INFO] [1786541066.745712]: 开始进行多边形确认 · detections=2
[INFO] [1786541066.863333]: 开始进行多边形确认 · detections=1
[INFO] [1786541067.240467]: 开始进行多边形确认 · detections=1
[INFO] [1786541067.494143]: 开始进行多边形确认 · detections=1
[INFO] [1786541067.618196]: 开始进行多边形确认 · detections=2
[INFO] [1786541067.746005]: 开始进行多边形确认 · detections=2
[INFO] [1786541067.882716]: 开始进行多边形确认 · detections=2
[INFO] [1786541067.896031]: CITRUS_CENTER ok pixel=(440,305) depth=1.143 m radius=33.8 mm arc=276 deg error=0.58 px fragments=1
[INFO] [1786541067.897212]: 开始进行多边形确认 · centers=1 · rejected=0 · merged=0 · elapsed_ms=14.6
[INFO] [1786541068.002610]: 开始进行多边形确认 · detections=4
[INFO] [1786541068.122647]: 开始进行多边形确认 · detections=3
[INFO] [1786541068.248892]: 开始进行多边形确认 · detections=2
[INFO] [1786541068.412312]: 开始进行多边形确认 · detections=1
[INFO] [1786541068.483176]: 开始进行多边形确认 · detections=1
[INFO] [1786541068.611300]: 开始进行多边形确认 · detections=1
[INFO] [1786541068.733518]: 开始进行多边形确认 · detections=1
[INFO] [1786541068.874168]: 开始进行多边形确认 · detections=2
[INFO] [1786541068.983242]: 开始进行多边形确认 · detections=3
[INFO] [1786541069.114206]: 开始进行多边形确认 · detections=1
[INFO] [1786541069.233058]: 开始进行多边形确认 · detections=2
[INFO] [1786541069.367893]: 开始进行多边形确认 · detections=1
[INFO] [1786541069.494221]: 开始进行多边形确认 · detections=2
[INFO] [1786541069.623474]: 开始进行多边形确认 · detections=2
[INFO] [1786541069.761185]: 开始进行多边形确认 · detections=1
[INFO] [1786541069.869587]: 开始进行多边形确认 · detections=1
[INFO] [1786541069.996690]: 开始进行多边形确认 · detections=2
[INFO] [1786541070.123925]: 开始进行多边形确认 · detections=2
[INFO] [1786541070.376576]: 开始进行多边形确认 · detections=1
[INFO] [1786541070.543091]: 开始进行多边形确认 · detections=1
[INFO] [1786541070.759986]: 开始进行多边形确认 · detections=2
[INFO] [1786541070.890124]: 开始进行多边形确认 · detections=1
[INFO] [1786541070.892967]: RGB-D vision status: model_ready:onnxruntime targets:0 centers:0 tf:0 rejected:0 merged:0 semantic_masks:1
[INFO] [1786541071.008473]: 开始进行多边形确认 · detections=2
[INFO] [1786541071.133784]: 开始进行多边形确认 · detections=2
[INFO] [1786541071.250926]: 开始进行多边形确认 · detections=1
[WARN] [1786541067.495282]: 开始进行多边形确认 · 多边形确认失败 · rejected=0 · elapsed_ms=1.2
[WARN] [1786541067.624921]: CITRUS_CENTER reject instances=1 reason=polygon circle inlier ratio 0.27 is below 0.30
[WARN] [1786541067.626230]: 开始进行多边形确认 · 多边形确认失败 · rejected=1 · elapsed_ms=8.1
[WARN] [1786541067.751769]: 开始进行多边形确认 · 多边形确认失败 · rejected=1 · elapsed_ms=5.8
[WARN] [1786541068.022709]: 开始进行多边形确认 · 多边形确认失败 · rejected=3 · elapsed_ms=20.1
[WARN] [1786541068.142746]: 开始进行多边形确认 · 多边形确认失败 · rejected=2 · elapsed_ms=20.2
[WARN] [1786541068.256187]: 开始进行多边形确认 · 多边形确认失败 · rejected=1 · elapsed_ms=7.3
[WARN] [1786541068.413556]: 开始进行多边形确认 · 多边形确认失败 · rejected=0 · elapsed_ms=1.3
[WARN] [1786541068.487054]: 开始进行多边形确认 · 多边形确认失败 · rejected=1 · elapsed_ms=3.9
[WARN] [1786541068.615464]: 开始进行多边形确认 · 多边形确认失败 · rejected=1 · elapsed_ms=4.2
[WARN] [1786541068.734596]: 开始进行多边形确认 · 多边形确认失败 · rejected=0 · elapsed_ms=1.1
[WARN] [1786541068.875429]: 开始进行多边形确认 · 多边形确认失败 · rejected=0 · elapsed_ms=1.3
[WARN] [1786541068.989275]: 开始进行多边形确认 · 多边形确认失败 · rejected=1 · elapsed_ms=6.1
[WARN] [1786541069.119301]: 开始进行多边形确认 · 多边形确认失败 · rejected=1 · elapsed_ms=5.1
[WARN] [1786541069.237106]: 开始进行多边形确认 · 多边形确认失败 · rejected=1 · elapsed_ms=4.1
[WARN] [1786541069.369156]: 开始进行多边形确认 · 多边形确认失败 · rejected=0 · elapsed_ms=1.3
[WARN] [1786541069.495367]: 开始进行多边形确认 · 多边形确认失败 · rejected=0 · elapsed_ms=1.2
[WARN] [1786541069.624434]: 开始进行多边形确认 · 多边形确认失败 · rejected=0 · elapsed_ms=1.0
[WARN] [1786541069.762421]: 开始进行多边形确认 · 多边形确认失败 · rejected=0 · elapsed_ms=1.3
[WARN] [1786541069.870789]: 开始进行多边形确认 · 多边形确认失败 · rejected=0 · elapsed_ms=1.3
[WARN] [1786541069.997832]: 开始进行多边形确认 · 多边形确认失败 · rejected=0 · elapsed_ms=1.2
[WARN] [1786541070.125456]: 开始进行多边形确认 · 多边形确认失败 · rejected=0 · elapsed_ms=1.6
[WARN] [1786541070.377844]: 开始进行多边形确认 · 多边形确认失败 · rejected=0 · elapsed_ms=1.3
[WARN] [1786541070.546114]: 开始进行多边形确认 · 多边形确认失败 · rejected=0 · elapsed_ms=3.1
[WARN] [1786541070.761466]: 开始进行多边形确认 · 多边形确认失败 · rejected=0 · elapsed_ms=1.5
[WARN] [1786541070.891651]: 开始进行多边形确认 · 多边形确认失败 · rejected=0 · elapsed_ms=1.6
[WARN] [1786541071.010092]: 开始进行多边形确认 · 多边形确认失败 · rejected=0 · elapsed_ms=1.7
[WARN] [1786541071.135196]: 开始进行多边形确认 · 多边形确认失败 · rejected=0 · elapsed_ms=1.5
[WARN] [1786541071.252290]: 开始进行多边形确认 · 多边形确认失败 · rejected=0 · elapsed_ms=1.5
[WARN] [1786541071.366931]: 开始进行多边形确认 · 多边形确认失败 · rejected=0 · elapsed_ms=1.1
[WARN] [1786541071.622990]: 开始进行多边形确认 · 多边形确认失败 · rejected=0 · elapsed_ms=1.2
[WARN] [1786541071.754767]: 开始进行多边形确认 · 多边形确认失败 · rejected=0 · elapsed_ms=1.4
[WARN] [1786541071.873638]: 开始进行多边形确认 · 多边形确认失败 · rejected=0 · elapsed_ms=1.3
[WARN] [1786541072.125938]: 开始进行多边形确认 · 多边形确认失败 · rejected=0 · elapsed_ms=1.3
[WARN] [1786541072.245096]: 开始进行多边形确认 · 多边形确认失败 · rejected=0 · elapsed_ms=1.4
[WARN] [1786541072.493288]: 开始进行多边形确认 · 多边形确认失败 · rejected=0 · elapsed_ms=1.1
[WARN] [1786541072.625258]: 开始进行多边形确认 · 多边形确认失败 · rejected=0 · elapsed_ms=1.4
[WARN] [1786541072.755917]: 开始进行多边形确认 · 多边形确认失败 · rejected=0 · elapsed_ms=1.3
[WARN] [1786541072.997079]: 开始进行多边形确认 · 多边形确认失败 · rejected=0 · elapsed_ms=2.8
[WARN] [1786541073.126741]: 开始进行多边形确认 · 多边形确认失败 · rejected=0 · elapsed_ms=1.3
[WARN] [1786541073.253625]: 开始进行多边形确认 · 多边形确认失败 · rejected=0 · elapsed_ms=1.1
[WARN] [1786541073.372615]: 开始进行多边形确认 · 多边形确认失败 · rejected=0 · elapsed_ms=1.2
[WARN] [1786541073.507869]: 开始进行多边形确认 · 多边形确认失败 · rejected=0 · elapsed_ms=1.4
[WARN] [1786541073.643816]: 开始进行多边形确认 · 多边形确认失败 · rejected=0 · elapsed_ms=1.5
[WARN] [1786541073.789078]: 开始进行多边形确认 · 多边形确认失败 · rejected=0 · elapsed_ms=1.3
[WARN] [1786541073.877266]: 开始进行多边形确认 · 多边形确认失败 · rejected=0 · elapsed_ms=1.2
[WARN] [1786541074.258548]: CITRUS_CENTER reject instances=1 reason=polygon circle inlier ratio 0.10 is below 0.30
[WARN] [1786541074.259470]: 开始进行多边形确认 · 多边形确认失败 · rejected=1 · elapsed_ms=4.9
[WARN] [1786541074.378004]: 开始进行多边形确认 · 多边形确认失败 · rejected=0 · elapsed_ms=1.0
[WARN] [1786541074.520692]: 开始进行多边形确认 · 多边形确认失败 · rejected=1 · elapsed_ms=4.2
[WARN] [1786541074.802436]: 开始进行多边形确认 · 多边形确认失败 · rejected=2 · elapsed_ms=9.5
[WARN] [1786541074.904285]: 开始进行多边形确认 · 多边形确认失败 · rejected=2 · elapsed_ms=7.1
[WARN] [1786541075.025340]: 开始进行多边形确认 · 多边形确认失败 · rejected=2 · elapsed_ms=6.6
[WARN] [1786541075.155065]: 开始进行多边形确认 · 多边形确认失败 · rejected=0 · elapsed_ms=1.1
[WARN] [1786541075.278338]: 开始进行多边形确认 · 多边形确认失败 · rejected=1 · elapsed_ms=8.0
[WARN] [1786541075.402258]: 开始进行多边形确认 · 多边形确认失败 · rejected=1 · elapsed_ms=6.6
[WARN] [1786541075.521405]: 开始进行多边形确认 · 多边形确认失败 · rejected=1 · elapsed_ms=7.8
[WARN] [1786541075.680330]: 开始进行多边形确认 · 多边形确认失败 · rejected=2 · elapsed_ms=23.5
[WARN] [1786541075.788811]: 开始进行多边形确认 · 多边形确认失败 · rejected=1 · elapsed_ms=8.6
[WARN] [1786541076.284902]: 开始进行多边形确认 · 多边形确认失败 · rejected=0 · elapsed_ms=1.1
[WARN] [1786541076.406315]: CITRUS_CENTER reject instances=0 reason=polygon circle inlier ratio 0.13 is below 0.30
[WARN] [1786541076.407562]: 开始进行多边形确认 · 多边形确认失败 · rejected=1 · elapsed_ms=7.5
[WARN] [1786541076.537285]: 开始进行多边形确认 · 多边形确认失败 · rejected=1 · elapsed_ms=6.0
[WARN] [1786541076.658822]: 开始进行多边形确认 · 多边形确认失败 · rejected=0 · elapsed_ms=1.5
[WARN] [1786541076.781692]: 开始进行多边形确认 · 多边形确认失败 · rejected=0 · elapsed_ms=1.5
[WARN] [1786541077.046090]: 开始进行多边形确认 · 多边形确认失败 · rejected=0 · elapsed_ms=1.6
[WARN] [1786541077.152740]: 开始进行多边形确认 · 多边形确认失败 · rejected=0 · elapsed_ms=1.3
[WARN] [1786541077.414023]: 开始进行多边形确认 · 多边形确认失败 · rejected=0 · elapsed_ms=1.4
[WARN] [1786541077.531425]: 开始进行多边形确认 · 多边形确认失败 · rejected=0 · elapsed_ms=1.6
[WARN] [1786541077.784031]: 开始进行多边形确认 · 多边形确认失败 · rejected=0 · elapsed_ms=1.4
[WARN] [1786541077.912628]: 开始进行多边形确认 · 多边形确认失败 · rejected=0 · elapsed_ms=1.5
[WARN] [1786541078.152212]: 开始进行多边形确认 · 多边形确认失败 · rejected=0 · elapsed_ms=1.3
[INFO] [1786541071.365857]: 开始进行多边形确认 · detections=1
[INFO] [1786541071.621840]: 开始进行多边形确认 · detections=1
[INFO] [1786541071.753417]: 开始进行多边形确认 · detections=1
[INFO] [1786541071.872377]: 开始进行多边形确认 · detections=1
[INFO] [1786541072.124674]: 开始进行多边形确认 · detections=2
[INFO] [1786541072.243710]: 开始进行多边形确认 · detections=3
[INFO] [1786541072.492278]: 开始进行多边形确认 · detections=2
[INFO] [1786541072.623952]: 开始进行多边形确认 · detections=1
[INFO] [1786541072.754624]: 开始进行多边形确认 · detections=1
[INFO] [1786541072.994335]: 开始进行多边形确认 · detections=1
[INFO] [1786541073.125538]: 开始进行多边形确认 · detections=1
[INFO] [1786541073.252560]: 开始进行多边形确认 · detections=2
[INFO] [1786541073.371500]: 开始进行多边形确认 · detections=1
[INFO] [1786541073.506565]: 开始进行多边形确认 · detections=3
[INFO] [1786541073.642431]: 开始进行多边形确认 · detections=2
[INFO] [1786541073.787786]: 开始进行多边形确认 · detections=2
[INFO] [1786541073.876088]: 开始进行多边形确认 · detections=1
[INFO] [1786541074.254612]: 开始进行多边形确认 · detections=3
[INFO] [1786541074.377022]: 开始进行多边形确认 · detections=1
[INFO] [1786541074.516578]: 开始进行多边形确认 · detections=2
[INFO] [1786541074.793047]: 开始进行多边形确认 · detections=2
[INFO] [1786541074.897254]: 开始进行多边形确认 · detections=4
[INFO] [1786541075.018778]: 开始进行多边形确认 · detections=3
[INFO] [1786541075.153976]: 开始进行多边形确认 · detections=2
[INFO] [1786541075.270355]: 开始进行多边形确认 · detections=3
[INFO] [1786541075.395665]: 开始进行多边形确认 · detections=1
[INFO] [1786541075.513666]: 开始进行多边形确认 · detections=2
[INFO] [1786541075.656917]: 开始进行多边形确认 · detections=2
[INFO] [1786541075.780231]: 开始进行多边形确认 · detections=2
[INFO] [1786541075.912627]: 开始进行多边形确认 · detections=2
[INFO] [1786541075.934716]: CITRUS_CENTER ok pixel=(649,441) depth=0.933 m radius=33.9 mm arc=118 deg error=1.05 px fragments=1
[INFO] [1786541075.935982]: 开始进行多边形确认 · centers=1 · rejected=1 · merged=0 · elapsed_ms=23.4
[INFO] [1786541075.937288]: RGB-D vision status: model_ready:onnxruntime targets:2 centers:1 tf:1 rejected:1 merged:0 semantic_masks:2
[INFO] [1786541076.283836]: 开始进行多边形确认 · detections=1
[INFO] [1786541076.400122]: 开始进行多边形确认 · detections=2
[INFO] [1786541076.531332]: 开始进行多边形确认 · detections=1
[INFO] [1786541076.657401]: 开始进行多边形确认 · detections=1
[INFO] [1786541076.780261]: 开始进行多边形确认 · detections=1
[INFO] [1786541077.044604]: 开始进行多边形确认 · detections=2
[INFO] [1786541077.151484]: 开始进行多边形确认 · detections=1
[INFO] [1786541077.412716]: 开始进行多边形确认 · detections=1
[INFO] [1786541077.529887]: 开始进行多边形确认 · detections=2
[INFO] [1786541077.782726]: 开始进行多边形确认 · detections=1
[INFO] [1786541077.911259]: 开始进行多边形确认 · detections=1
[INFO] [1786541078.151003]: 开始进行多边形确认 · detections=1
[INFO] [1786541078.279371]: 开始进行多边形确认 · detections=1
[INFO] [1786541078.391110]: 开始进行多边形确认 · detections=1
[INFO] [1786541078.519298]: 开始进行多边形确认 · detections=1
[INFO] [1786541078.642905]: 开始进行多边形确认 · detections=1
[INFO] [1786541078.764741]: 开始进行多边形确认 · detections=1
[INFO] [1786541078.890166]: 开始进行多边形确认 · detections=2
[INFO] [1786541079.031123]: 开始进行多边形确认 · detections=1
[INFO] [1786541079.174586]: 开始进行多边形确认 · detections=2
[INFO] [1786541079.294677]: 开始进行多边形确认 · detections=1
[INFO] [1786541079.415377]: 开始进行多边形确认 · detections=1
[INFO] [1786541079.534918]: 开始进行多边形确认 · detections=2
[INFO] [1786541079.656900]: 开始进行多边形确认 · detections=2
[INFO] [1786541079.787494]: 开始进行多边形确认 · detections=2
[INFO] [1786541079.908665]: 开始进行多边形确认 · detections=1
[INFO] [1786541080.038361]: 开始进行多边形确认 · detections=2
[INFO] [1786541080.158271]: 开始进行多边形确认 · detections=2
[INFO] [1786541080.307477]: 开始进行多边形确认 · detections=2
[INFO] [1786541080.423945]: 开始进行多边形确认 · detections=2
[INFO] [1786541080.539099]: 开始进行多边形确认 · detections=1
[INFO] [1786541080.656701]: 开始进行多边形确认 · detections=1
[INFO] [1786541080.784616]: 开始进行多边形确认 · detections=2
[INFO] [1786541080.920786]: 开始进行多边形确认 · detections=1
[INFO] [1786541081.042562]: RGB-D vision status: model_ready:onnxruntime targets:0 centers:0 tf:0 rejected:0 merged:0 semantic_masks:0
[INFO] [1786541081.170815]: 开始进行多边形确认 · detections=1
[INFO] [1786541081.344567]: 开始进行多边形确认 · detections=2
[INFO] [1786541081.417730]: 开始进行多边形确认 · detections=2
[INFO] [1786541081.543488]: 开始进行多边形确认 · detections=2
[INFO] [1786541081.666252]: 开始进行多边形确认 · detections=2
[INFO] [1786541081.791782]: 开始进行多边形确认 · detections=1
[INFO] [1786541081.923745]: 开始进行多边形确认 · detections=3
[INFO] [1786541082.045181]: 开始进行多边形确认 · detections=1
[INFO] [1786541082.171709]: 开始进行多边形确认 · detections=2
[INFO] [1786541082.297597]: 开始进行多边形确认 · detections=2
[INFO] [1786541082.435767]: 开始进行多边形确认 · detections=3
[INFO] [1786541082.551244]: 开始进行多边形确认 · detections=2
[INFO] [1786541082.678886]: 开始进行多边形确认 · detections=3
[INFO] [1786541082.790955]: 开始进行多边形确认 · detections=2
[INFO] [1786541082.926264]: 开始进行多边形确认 · detections=3
[INFO] [1786541083.048780]: 开始进行多边形确认 · detections=2
[INFO] [1786541083.181737]: 开始进行多边形确认 · detections=1
[INFO] [1786541083.301509]: 开始进行多边形确认 · detections=2
[INFO] [1786541083.462681]: 开始进行多边形确认 · detections=3
[INFO] [1786541083.549917]: 开始进行多边形确认 · detections=2
[INFO] [1786541083.677197]: 开始进行多边形确认 · detections=2
[INFO] [1786541083.800204]: 开始进行多边形确认 · detections=2
[INFO] [1786541083.921908]: 开始进行多边形确认 · detections=2
[INFO] [1786541084.056345]: 开始进行多边形确认 · detections=2
[INFO] [1786541084.179724]: 开始进行多边形确认 · detections=2
[INFO] [1786541084.300743]: 开始进行多边形确认 · detections=3
[INFO] [1786541084.428536]: 开始进行多边形确认 · detections=2
[INFO] [1786541084.568739]: 开始进行多边形确认 · detections=3
[INFO] [1786541084.682567]: 开始进行多边形确认 · detections=1
[INFO] [1786541084.803473]: 开始进行多边形确认 · detections=2
[INFO] [1786541084.924663]: 开始进行多边形确认 · detections=1
[INFO] [1786541085.053660]: 开始进行多边形确认 · detections=1
[INFO] [1786541085.171968]: 开始进行多边形确认 · detections=2
[INFO] [1786541085.296532]: 开始进行多边形确认 · detections=2
[INFO] [1786541085.414909]: 开始进行多边形确认 · detections=2
[INFO] [1786541085.569917]: 开始进行多边形确认 · detections=2
[INFO] [1786541085.683393]: 开始进行多边形确认 · detections=3
[INFO] [1786541085.807473]: 开始进行多边形确认 · detections=3
[INFO] [1786541085.942202]: 开始进行多边形确认 · detections=1
[INFO] [1786541086.055146]: 开始进行多边形确认 · detections=2
[INFO] [1786541086.057669]: RGB-D vision status: model_ready:onnxruntime targets:0 centers:0 tf:0 rejected:0 merged:0 semantic_masks:2
[WARN] [1786541078.280333]: 开始进行多边形确认 · 多边形确认失败 · rejected=0 · elapsed_ms=1.0
[WARN] [1786541078.392211]: 开始进行多边形确认 · 多边形确认失败 · rejected=0 · elapsed_ms=1.2
[WARN] [1786541078.520451]: 开始进行多边形确认 · 多边形确认失败 · rejected=0 · elapsed_ms=1.2
[WARN] [1786541078.644435]: 开始进行多边形确认 · 多边形确认失败 · rejected=0 · elapsed_ms=1.6
[WARN] [1786541078.765682]: 开始进行多边形确认 · 多边形确认失败 · rejected=0 · elapsed_ms=1.0
[WARN] [1786541078.891562]: 开始进行多边形确认 · 多边形确认失败 · rejected=0 · elapsed_ms=1.4
[WARN] [1786541079.032219]: 开始进行多边形确认 · 多边形确认失败 · rejected=0 · elapsed_ms=1.2
[WARN] [1786541079.175862]: 开始进行多边形确认 · 多边形确认失败 · rejected=0 · elapsed_ms=1.4
[WARN] [1786541079.295922]: 开始进行多边形确认 · 多边形确认失败 · rejected=0 · elapsed_ms=1.3
[WARN] [1786541079.416706]: 开始进行多边形确认 · 多边形确认失败 · rejected=0 · elapsed_ms=1.4
[WARN] [1786541079.536226]: 开始进行多边形确认 · 多边形确认失败 · rejected=0 · elapsed_ms=1.4
[WARN] [1786541079.658197]: 开始进行多边形确认 · 多边形确认失败 · rejected=0 · elapsed_ms=1.4
[WARN] [1786541079.788735]: 开始进行多边形确认 · 多边形确认失败 · rejected=0 · elapsed_ms=1.3
[WARN] [1786541079.909892]: 开始进行多边形确认 · 多边形确认失败 · rejected=0 · elapsed_ms=1.3
[WARN] [1786541080.039522]: 开始进行多边形确认 · 多边形确认失败 · rejected=0 · elapsed_ms=1.2
[WARN] [1786541080.159650]: 开始进行多边形确认 · 多边形确认失败 · rejected=0 · elapsed_ms=1.5
[WARN] [1786541080.308853]: 开始进行多边形确认 · 多边形确认失败 · rejected=0 · elapsed_ms=1.5
[WARN] [1786541080.425158]: 开始进行多边形确认 · 多边形确认失败 · rejected=0 · elapsed_ms=1.3
[WARN] [1786541080.540481]: 开始进行多边形确认 · 多边形确认失败 · rejected=0 · elapsed_ms=1.5
[WARN] [1786541080.658135]: 开始进行多边形确认 · 多边形确认失败 · rejected=0 · elapsed_ms=1.5
[WARN] [1786541080.785817]: 开始进行多边形确认 · 多边形确认失败 · rejected=0 · elapsed_ms=1.3
[WARN] [1786541080.921955]: 开始进行多边形确认 · 多边形确认失败 · rejected=0 · elapsed_ms=1.3
[WARN] [1786541081.172137]: 开始进行多边形确认 · 多边形确认失败 · rejected=0 · elapsed_ms=1.4
[WARN] [1786541081.345668]: 开始进行多边形确认 · 多边形确认失败 · rejected=0 · elapsed_ms=1.2
[WARN] [1786541081.418928]: 开始进行多边形确认 · 多边形确认失败 · rejected=0 · elapsed_ms=1.3
[WARN] [1786541081.544672]: 开始进行多边形确认 · 多边形确认失败 · rejected=0 · elapsed_ms=1.3
[WARN] [1786541081.668593]: 开始进行多边形确认 · 多边形确认失败 · rejected=0 · elapsed_ms=2.4
[WARN] [1786541081.793143]: 开始进行多边形确认 · 多边形确认失败 · rejected=0 · elapsed_ms=1.4
[WARN] [1786541081.924982]: 开始进行多边形确认 · 多边形确认失败 · rejected=0 · elapsed_ms=1.3
[WARN] [1786541082.046542]: 开始进行多边形确认 · 多边形确认失败 · rejected=0 · elapsed_ms=1.4
[WARN] [1786541082.173119]: 开始进行多边形确认 · 多边形确认失败 · rejected=0 · elapsed_ms=1.5
[WARN] [1786541082.298867]: 开始进行多边形确认 · 多边形确认失败 · rejected=0 · elapsed_ms=1.3
[WARN] [1786541082.437104]: 开始进行多边形确认 · 多边形确认失败 · rejected=0 · elapsed_ms=1.4
[WARN] [1786541082.552188]: 开始进行多边形确认 · 多边形确认失败 · rejected=0 · elapsed_ms=1.0
[WARN] [1786541082.679880]: 开始进行多边形确认 · 多边形确认失败 · rejected=0 · elapsed_ms=1.1
[WARN] [1786541082.792055]: 开始进行多边形确认 · 多边形确认失败 · rejected=0 · elapsed_ms=1.2
[WARN] [1786541082.927833]: 开始进行多边形确认 · 多边形确认失败 · rejected=0 · elapsed_ms=1.6
[WARN] [1786541083.050095]: 开始进行多边形确认 · 多边形确认失败 · rejected=0 · elapsed_ms=1.4
[WARN] [1786541083.182997]: 开始进行多边形确认 · 多边形确认失败 · rejected=0 · elapsed_ms=1.3
[WARN] [1786541083.302552]: 开始进行多边形确认 · 多边形确认失败 · rejected=0 · elapsed_ms=1.1
[WARN] [1786541083.463769]: 开始进行多边形确认 · 多边形确认失败 · rejected=0 · elapsed_ms=1.2
[WARN] [1786541083.551671]: 开始进行多边形确认 · 多边形确认失败 · rejected=0 · elapsed_ms=1.8
[WARN] [1786541083.678286]: 开始进行多边形确认 · 多边形确认失败 · rejected=0 · elapsed_ms=1.2
[WARN] [1786541083.801489]: 开始进行多边形确认 · 多边形确认失败 · rejected=0 · elapsed_ms=1.4
[WARN] [1786541083.923464]: 开始进行多边形确认 · 多边形确认失败 · rejected=0 · elapsed_ms=1.6
[WARN] [1786541084.057542]: 开始进行多边形确认 · 多边形确认失败 · rejected=0 · elapsed_ms=1.3
[WARN] [1786541084.180968]: 开始进行多边形确认 · 多边形确认失败 · rejected=0 · elapsed_ms=1.3
[WARN] [1786541084.301746]: 开始进行多边形确认 · 多边形确认失败 · rejected=0 · elapsed_ms=1.1
[WARN] [1786541084.435217]: 开始进行多边形确认 · 多边形确认失败 · rejected=0 · elapsed_ms=6.8
[WARN] [1786541084.569879]: 开始进行多边形确认 · 多边形确认失败 · rejected=0 · elapsed_ms=1.2
[WARN] [1786541084.683893]: 开始进行多边形确认 · 多边形确认失败 · rejected=0 · elapsed_ms=1.4
[WARN] [1786541084.804528]: 开始进行多边形确认 · 多边形确认失败 · rejected=0 · elapsed_ms=1.1
[WARN] [1786541084.926009]: 开始进行多边形确认 · 多边形确认失败 · rejected=0 · elapsed_ms=1.4
[WARN] [1786541085.054722]: 开始进行多边形确认 · 多边形确认失败 · rejected=0 · elapsed_ms=1.1
[WARN] [1786541085.173040]: 开始进行多边形确认 · 多边形确认失败 · rejected=0 · elapsed_ms=1.1
[WARN] [1786541085.297614]: 开始进行多边形确认 · 多边形确认失败 · rejected=0 · elapsed_ms=1.1
[WARN] [1786541085.416065]: 开始进行多边形确认 · 多边形确认失败 · rejected=0 · elapsed_ms=1.2
[WARN] [1786541085.571027]: 开始进行多边形确认 · 多边形确认失败 · rejected=0 · elapsed_ms=1.2
[WARN] [1786541085.684458]: 开始进行多边形确认 · 多边形确认失败 · rejected=0 · elapsed_ms=1.1
[WARN] [1786541085.808987]: 开始进行多边形确认 · 多边形确认失败 · rejected=0 · elapsed_ms=1.6
[WARN] [1786541085.943489]: 开始进行多边形确认 · 多边形确认失败 · rejected=0 · elapsed_ms=1.4
[WARN] [1786541086.056535]: 开始进行多边形确认 · 多边形确认失败 · rejected=0 · elapsed_ms=1.5
[WARN] [1786541086.192856]: 开始进行多边形确认 · 多边形确认失败 · rejected=0 · elapsed_ms=1.3
[WARN] [1786541086.312584]: 开始进行多边形确认 · 多边形确认失败 · rejected=0 · elapsed_ms=1.5
[WARN] [1786541086.436108]: 开始进行多边形确认 · 多边形确认失败 · rejected=0 · elapsed_ms=1.5
[WARN] [1786541086.576545]: 开始进行多边形确认 · 多边形确认失败 · rejected=0 · elapsed_ms=1.4
[WARN] [1786541086.701756]: 开始进行多边形确认 · 多边形确认失败 · rejected=0 · elapsed_ms=1.5
[WARN] [1786541086.809572]: 开始进行多边形确认 · 多边形确认失败 · rejected=0 · elapsed_ms=1.2
[WARN] [1786541086.938023]: 开始进行多边形确认 · 多边形确认失败 · rejected=0 · elapsed_ms=2.5
[WARN] [1786541087.058054]: 开始进行多边形确认 · 多边形确认失败 · rejected=0 · elapsed_ms=1.3
[WARN] [1786541087.192295]: 开始进行多边形确认 · 多边形确认失败 · rejected=0 · elapsed_ms=1.5
[WARN] [1786541087.312405]: 开始进行多边形确认 · 多边形确认失败 · rejected=0 · elapsed_ms=1.8
[WARN] [1786541087.439933]: 开始进行多边形确认 · 多边形确认失败 · rejected=0 · elapsed_ms=1.4
[WARN] [1786541087.563529]: 开始进行多边形确认 · 多边形确认失败 · rejected=0 · elapsed_ms=1.1
[WARN] [1786541087.719721]: 开始进行多边形确认 · 多边形确认失败 · rejected=0 · elapsed_ms=1.7
[WARN] [1786541087.813751]: 开始进行多边形确认 · 多边形确认失败 · rejected=0 · elapsed_ms=1.4
[WARN] [1786541087.931878]: 开始进行多边形确认 · 多边形确认失败 · rejected=0 · elapsed_ms=1.6
[WARN] [1786541088.046011]: 开始进行多边形确认 · 多边形确认失败 · rejected=0 · elapsed_ms=1.4
[WARN] [1786541088.180863]: 开始进行多边形确认 · 多边形确认失败 · rejected=0 · elapsed_ms=1.2
[WARN] [1786541088.299879]: 开始进行多边形确认 · 多边形确认失败 · rejected=0 · elapsed_ms=1.3
[WARN] [1786541088.423000]: 开始进行多边形确认 · 多边形确认失败 · rejected=0 · elapsed_ms=1.3
[WARN] [1786541088.549629]: 开始进行多边形确认 · 多边形确认失败 · rejected=0 · elapsed_ms=1.5
[WARN] [1786541088.735066]: 开始进行多边形确认 · 多边形确认失败 · rejected=0 · elapsed_ms=1.3
[WARN] [1786541088.925471]: 开始进行多边形确认 · 多边形确认失败 · rejected=0 · elapsed_ms=1.2
[WARN] [1786541089.060318]: 开始进行多边形确认 · 多边形确认失败 · rejected=0 · elapsed_ms=1.4
[WARN] [1786541089.194011]: 开始进行多边形确认 · 多边形确认失败 · rejected=0 · elapsed_ms=1.7
[WARN] [1786541089.319417]: 开始进行多边形确认 · 多边形确认失败 · rejected=0 · elapsed_ms=1.7
[WARN] [1786541089.442480]: 开始进行多边形确认 · 多边形确认失败 · rejected=0 · elapsed_ms=1.5
[WARN] [1786541089.567868]: 开始进行多边形确认 · 多边形确认失败 · rejected=0 · elapsed_ms=1.6
[WARN] [1786541089.698005]: 开始进行多边形确认 · 多边形确认失败 · rejected=0 · elapsed_ms=1.5
[WARN] [1786541089.844089]: 开始进行多边形确认 · 多边形确认失败 · rejected=0 · elapsed_ms=1.3
[WARN] [1786541089.956218]: 开始进行多边形确认 · 多边形确认失败 · rejected=0 · elapsed_ms=1.5
[WARN] [1786541090.078505]: 开始进行多边形确认 · 多边形确认失败 · rejected=0 · elapsed_ms=1.3
[WARN] [1786541090.214451]: 开始进行多边形确认 · 多边形确认失败 · rejected=0 · elapsed_ms=1.5
[WARN] [1786541090.329381]: 开始进行多边形确认 · 多边形确认失败 · rejected=0 · elapsed_ms=1.3
[WARN] [1786541090.453971]: 开始进行多边形确认 · 多边形确认失败 · rejected=0 · elapsed_ms=1.5
[WARN] [1786541090.579279]: 开始进行多边形确认 · 多边形确认失败 · rejected=0 · elapsed_ms=1.4
[WARN] [1786541090.705202]: 开始进行多边形确认 · 多边形确认失败 · rejected=0 · elapsed_ms=1.4
[WARN] [1786541090.830779]: 开始进行多边形确认 · 多边形确认失败 · rejected=0 · elapsed_ms=1.6
[WARN] [1786541090.968930]: 开始进行多边形确认 · 多边形确认失败 · rejected=0 · elapsed_ms=1.5
[WARN] [1786541091.067286]: 开始进行多边形确认 · 多边形确认失败 · rejected=0 · elapsed_ms=1.3
[WARN] [1786541091.196236]: 开始进行多边形确认 · 多边形确认失败 · rejected=0 · elapsed_ms=1.4
[WARN] [1786541091.317863]: 开始进行多边形确认 · 多边形确认失败 · rejected=0 · elapsed_ms=1.6
[WARN] [1786541091.557175]: 开始进行多边形确认 · 多边形确认失败 · rejected=0 · elapsed_ms=1.1
[WARN] [1786541091.683888]: 开始进行多边形确认 · 多边形确认失败 · rejected=0 · elapsed_ms=1.0
[WARN] [1786541091.812627]: 开始进行多边形确认 · 多边形确认失败 · rejected=0 · elapsed_ms=1.3
[WARN] [1786541091.956814]: 开始进行多边形确认 · 多边形确认失败 · rejected=0 · elapsed_ms=1.6
[WARN] [1786541092.064534]: 开始进行多边形确认 · 多边形确认失败 · rejected=0 · elapsed_ms=1.5
[WARN] [1786541092.205311]: 开始进行多边形确认 · 多边形确认失败 · rejected=0 · elapsed_ms=2.3
[WARN] [1786541092.326126]: 开始进行多边形确认 · 多边形确认失败 · rejected=0 · elapsed_ms=1.3
[WARN] [1786541092.453578]: 开始进行多边形确认 · 多边形确认失败 · rejected=0 · elapsed_ms=1.7
[WARN] [1786541092.580374]: 开始进行多边形确认 · 多边形确认失败 · rejected=0 · elapsed_ms=1.6
[WARN] [1786541092.704137]: 开始进行多边形确认 · 多边形确认失败 · rejected=0 · elapsed_ms=1.4
[WARN] [1786541092.827964]: 开始进行多边形确认 · 多边形确认失败 · rejected=0 · elapsed_ms=1.2
[WARN] [1786541093.001047]: 开始进行多边形确认 · 多边形确认失败 · rejected=0 · elapsed_ms=1.5
[WARN] [1786541093.078690]: 开始进行多边形确认 · 多边形确认失败 · rejected=0 · elapsed_ms=1.3
[WARN] [1786541093.207297]: 开始进行多边形确认 · 多边形确认失败 · rejected=0 · elapsed_ms=1.7
[WARN] [1786541093.332686]: 开始进行多边形确认 · 多边形确认失败 · rejected=0 · elapsed_ms=1.4
[WARN] [1786541093.458980]: 开始进行多边形确认 · 多边形确认失败 · rejected=0 · elapsed_ms=1.4
[WARN] [1786541093.583489]: 开始进行多边形确认 · 多边形确认失败 · rejected=0 · elapsed_ms=1.2
[WARN] [1786541093.712522]: 开始进行多边形确认 · 多边形确认失败 · rejected=0 · elapsed_ms=1.4
[WARN] [1786541093.837214]: 开始进行多边形确认 · 多边形确认失败 · rejected=0 · elapsed_ms=1.5
[WARN] [1786541093.968637]: 开始进行多边形确认 · 多边形确认失败 · rejected=0 · elapsed_ms=1.4
[WARN] [1786541094.095820]: 开始进行多边形确认 · 多边形确认失败 · rejected=0 · elapsed_ms=1.4
[WARN] [1786541094.210070]: 开始进行多边形确认 · 多边形确认失败 · rejected=0 · elapsed_ms=1.5
[WARN] [1786541094.336316]: 开始进行多边形确认 · 多边形确认失败 · rejected=0 · elapsed_ms=1.4
[WARN] [1786541094.458102]: 开始进行多边形确认 · 多边形确认失败 · rejected=0 · elapsed_ms=1.4
[WARN] [1786541094.584324]: 开始进行多边形确认 · 多边形确认失败 · rejected=0 · elapsed_ms=1.3
[WARN] [1786541094.707438]: 开始进行多边形确认 · 多边形确认失败 · rejected=0 · elapsed_ms=1.4
[WARN] [1786541094.835673]: 开始进行多边形确认 · 多边形确认失败 · rejected=0 · elapsed_ms=1.3
[WARN] [1786541094.955319]: 开始进行多边形确认 · 多边形确认失败 · rejected=0 · elapsed_ms=1.5
[WARN] [1786541095.124092]: 开始进行多边形确认 · 多边形确认失败 · rejected=0 · elapsed_ms=1.2
[WARN] [1786541095.218246]: 开始进行多边形确认 · 多边形确认失败 · rejected=0 · elapsed_ms=1.4
[WARN] [1786541095.449280]: 开始进行多边形确认 · 多边形确认失败 · rejected=0 · elapsed_ms=1.3
[WARN] [1786541095.573198]: 开始进行多边形确认 · 多边形确认失败 · rejected=0 · elapsed_ms=1.4
[WARN] [1786541095.697823]: 开始进行多边形确认 · 多边形确认失败 · rejected=0 · elapsed_ms=1.3
[WARN] [1786541095.821228]: 开始进行多边形确认 · 多边形确认失败 · rejected=0 · elapsed_ms=1.3
[WARN] [1786541095.953222]: 开始进行多边形确认 · 多边形确认失败 · rejected=0 · elapsed_ms=1.2
[WARN] [1786541096.103042]: 开始进行多边形确认 · 多边形确认失败 · rejected=0 · elapsed_ms=2.0
[WARN] [1786541096.204389]: 开始进行多边形确认 · 多边形确认失败 · rejected=0 · elapsed_ms=1.2
[WARN] [1786541096.337591]: 开始进行多边形确认 · 多边形确认失败 · rejected=0 · elapsed_ms=1.2
[WARN] [1786541096.449381]: 开始进行多边形确认 · 多边形确认失败 · rejected=0 · elapsed_ms=1.4
[WARN] [1786541096.579061]: 开始进行多边形确认 · 多边形确认失败 · rejected=0 · elapsed_ms=1.0
[WARN] [1786541096.707542]: 开始进行多边形确认 · 多边形确认失败 · rejected=0 · elapsed_ms=1.3
[INFO] [1786541086.191668]: 开始进行多边形确认 · detections=2
[INFO] [1786541086.311182]: 开始进行多边形确认 · detections=2
[INFO] [1786541086.434664]: 开始进行多边形确认 · detections=2
[INFO] [1786541086.575187]: 开始进行多边形确认 · detections=1
[INFO] [1786541086.700408]: 开始进行多边形确认 · detections=3
[INFO] [1786541086.808421]: 开始进行多边形确认 · detections=2
[INFO] [1786541086.935569]: 开始进行多边形确认 · detections=2
[INFO] [1786541087.056799]: 开始进行多边形确认 · detections=2
[INFO] [1786541087.190915]: 开始进行多边形确认 · detections=2
[INFO] [1786541087.310669]: 开始进行多边形确认 · detections=2
[INFO] [1786541087.438616]: 开始进行多边形确认 · detections=2
[INFO] [1786541087.562482]: 开始进行多边形确认 · detections=3
[INFO] [1786541087.718118]: 开始进行多边形确认 · detections=2
[INFO] [1786541087.812453]: 开始进行多边形确认 · detections=2
[INFO] [1786541087.930328]: 开始进行多边形确认 · detections=1
[INFO] [1786541088.044631]: 开始进行多边形确认 · detections=2
[INFO] [1786541088.179705]: 开始进行多边形确认 · detections=2
[INFO] [1786541088.298639]: 开始进行多边形确认 · detections=3
[INFO] [1786541088.421741]: 开始进行多边形确认 · detections=2
[INFO] [1786541088.548227]: 开始进行多边形确认 · detections=3
[INFO] [1786541088.733810]: 开始进行多边形确认 · detections=1
[INFO] [1786541088.924365]: 开始进行多边形确认 · detections=2
[INFO] [1786541089.058932]: 开始进行多边形确认 · detections=2
[INFO] [1786541089.192384]: 开始进行多边形确认 · detections=3
[INFO] [1786541089.317735]: 开始进行多边形确认 · detections=2
[INFO] [1786541089.441053]: 开始进行多边形确认 · detections=1
[INFO] [1786541089.566297]: 开始进行多边形确认 · detections=2
[INFO] [1786541089.696623]: 开始进行多边形确认 · detections=3
[INFO] [1786541089.842848]: 开始进行多边形确认 · detections=2
[INFO] [1786541089.954793]: 开始进行多边形确认 · detections=1
[INFO] [1786541090.077235]: 开始进行多边形确认 · detections=1
[INFO] [1786541090.213059]: 开始进行多边形确认 · detections=2
[INFO] [1786541090.328109]: 开始进行多边形确认 · detections=2
[INFO] [1786541090.452578]: 开始进行多边形确认 · detections=3
[INFO] [1786541090.577989]: 开始进行多边形确认 · detections=2
[INFO] [1786541090.703891]: 开始进行多边形确认 · detections=2
[INFO] [1786541090.829235]: 开始进行多边形确认 · detections=1
[INFO] [1786541090.967524]: 开始进行多边形确认 · detections=2
[INFO] [1786541091.066066]: 开始进行多边形确认 · detections=2
[INFO] [1786541091.194925]: 开始进行多边形确认 · detections=3
[INFO] [1786541091.197382]: RGB-D vision status: model_ready:onnxruntime targets:0 centers:0 tf:0 rejected:0 merged:0 semantic_masks:3
[INFO] [1786541091.316317]: 开始进行多边形确认 · detections=2
[INFO] [1786541091.556112]: 开始进行多边形确认 · detections=1
[INFO] [1786541091.682925]: 开始进行多边形确认 · detections=2
[INFO] [1786541091.811437]: 开始进行多边形确认 · detections=3
[INFO] [1786541091.955353]: 开始进行多边形确认 · detections=1
[INFO] [1786541092.063131]: 开始进行多边形确认 · detections=2
[INFO] [1786541092.203069]: 开始进行多边形确认 · detections=3
[INFO] [1786541092.324912]: 开始进行多边形确认 · detections=1
[INFO] [1786541092.451967]: 开始进行多边形确认 · detections=1
[INFO] [1786541092.578877]: 开始进行多边形确认 · detections=3
[INFO] [1786541092.702800]: 开始进行多边形确认 · detections=3
[INFO] [1786541092.826841]: 开始进行多边形确认 · detections=2
[INFO] [1786541092.999635]: 开始进行多边形确认 · detections=2
[INFO] [1786541093.077455]: 开始进行多边形确认 · detections=1
[INFO] [1786541093.205688]: 开始进行多边形确认 · detections=2
[INFO] [1786541093.331342]: 开始进行多边形确认 · detections=3
[INFO] [1786541093.457677]: 开始进行多边形确认 · detections=2
[INFO] [1786541093.582380]: 开始进行多边形确认 · detections=2
[INFO] [1786541093.711176]: 开始进行多边形确认 · detections=2
[INFO] [1786541093.835803]: 开始进行多边形确认 · detections=2
[INFO] [1786541093.967294]: 开始进行多边形确认 · detections=2
[INFO] [1786541094.094503]: 开始进行多边形确认 · detections=3
[INFO] [1786541094.208658]: 开始进行多边形确认 · detections=1
[INFO] [1786541094.335017]: 开始进行多边形确认 · detections=2
[INFO] [1786541094.456795]: 开始进行多边形确认 · detections=2
[INFO] [1786541094.583040]: 开始进行多边形确认 · detections=2
[INFO] [1786541094.706156]: 开始进行多边形确认 · detections=1
[INFO] [1786541094.834475]: 开始进行多边形确认 · detections=2
[INFO] [1786541094.953909]: 开始进行多边形确认 · detections=1
[INFO] [1786541095.123000]: 开始进行多边形确认 · detections=3
[INFO] [1786541095.216904]: 开始进行多边形确认 · detections=2
[INFO] [1786541095.448046]: 开始进行多边形确认 · detections=3
[INFO] [1786541095.571867]: 开始进行多边形确认 · detections=2
[INFO] [1786541095.696551]: 开始进行多边形确认 · detections=2
[INFO] [1786541095.819999]: 开始进行多边形确认 · detections=3
[INFO] [1786541095.952091]: 开始进行多边形确认 · detections=2
[INFO] [1786541096.101100]: 开始进行多边形确认 · detections=2
[INFO] [1786541096.203283]: 开始进行多边形确认 · detections=2
[INFO] [1786541096.336463]: 开始进行多边形确认 · detections=1
[INFO] [1786541096.338927]: RGB-D vision status: model_ready:onnxruntime targets:0 centers:0 tf:0 rejected:0 merged:0 semantic_masks:1
[INFO] [1786541096.448086]: 开始进行多边形确认 · detections=1
[INFO] [1786541096.578083]: 开始进行多边形确认 · detections=2
[INFO] [1786541096.706341]: 开始进行多边形确认 · detections=2
[INFO] [1786541096.827957]: 开始进行多边形确认 · detections=2
[INFO] [1786541096.964832]: 开始进行多边形确认 · detections=2
[INFO] [1786541097.108553]: 开始进行多边形确认 · detections=3
[INFO] [1786541097.328418]: 开始进行多边形确认 · detections=1
[INFO] [1786541097.456960]: 开始进行多边形确认 · detections=1
[INFO] [1786541097.580661]: 开始进行多边形确认 · detections=2
[INFO] [1786541097.707169]: 开始进行多边形确认 · detections=2
[INFO] [1786541097.832015]: 开始进行多边形确认 · detections=2
[INFO] [1786541097.961664]: 开始进行多边形确认 · detections=2
[INFO] [1786541098.086108]: 开始进行多边形确认 · detections=2
[INFO] [1786541098.266667]: 开始进行多边形确认 · detections=1
[INFO] [1786541098.337442]: 开始进行多边形确认 · detections=2
[INFO] [1786541098.452547]: 开始进行多边形确认 · detections=2
[INFO] [1786541098.583796]: 开始进行多边形确认 · detections=2
[INFO] [1786541098.720197]: 开始进行多边形确认 · detections=2
[INFO] [1786541098.971399]: 开始进行多边形确认 · detections=2
[INFO] [1786541099.100957]: 开始进行多边形确认 · detections=2
[INFO] [1786541099.231136]: 开始进行多边形确认 · detections=1
[INFO] [1786541099.376008]: 开始进行多边形确认 · detections=2
[INFO] [1786541099.489442]: 开始进行多边形确认 · detections=1
[INFO] [1786541099.599533]: 开始进行多边形确认 · detections=2
[INFO] [1786541100.104878]: 开始进行多边形确认 · detections=2
[INFO] [1786541100.241374]: 开始进行多边形确认 · detections=2
[INFO] [1786541100.376911]: 开始进行多边形确认 · detections=2
[INFO] [1786541100.476456]: 开始进行多边形确认 · detections=1
[INFO] [1786541100.607601]: 开始进行多边形确认 · detections=2
[INFO] [1786541100.724760]: 开始进行多边形确认 · detections=2
[INFO] [1786541100.845880]: 开始进行多边形确认 · detections=2
[INFO] [1786541100.973568]: 开始进行多边形确认 · detections=1
[INFO] [1786541101.092367]: 开始进行多边形确认 · detections=1
[INFO] [1786541101.217314]: 开始进行多边形确认 · detections=2
[INFO] [1786541101.378213]: 开始进行多边形确认 · detections=1
[INFO] [1786541101.380710]: RGB-D vision status: model_ready:onnxruntime targets:0 centers:0 tf:0 rejected:0 merged:0 semantic_masks:1
[INFO] [1786541101.469348]: 开始进行多边形确认 · detections=1
[INFO] [1786541101.592428]: 开始进行多边形确认 · detections=1
[INFO] [1786541101.718597]: 开始进行多边形确认 · detections=1
[INFO] [1786541101.861014]: 开始进行多边形确认 · detections=1
[INFO] [1786541102.004514]: 开始进行多边形确认 · detections=3
[INFO] [1786541102.114166]: 开始进行多边形确认 · detections=2
[INFO] [1786541102.249667]: 开始进行多边形确认 · detections=2
[INFO] [1786541102.367361]: 开始进行多边形确认 · detections=2
[INFO] [1786541102.616354]: 开始进行多边形确认 · detections=3
[INFO] [1786541102.747830]: 开始进行多边形确认 · detections=2
[INFO] [1786541102.867032]: 开始进行多边形确认 · detections=2
[INFO] [1786541103.106143]: 开始进行多边形确认 · detections=1
[INFO] [1786541103.229131]: 开始进行多边形确认 · detections=2
[INFO] [1786541103.359169]: 开始进行多边形确认 · detections=1
[INFO] [1786541103.543233]: 开始进行多边形确认 · detections=4
[INFO] [1786541103.568576]: CITRUS_CENTER ok pixel=(309,483) depth=0.265 m radius=31.7 mm arc=165 deg error=1.21 px fragments=1
[INFO] [1786541103.569583]: 开始进行多边形确认 · centers=1 · rejected=0 · merged=0 · elapsed_ms=26.5
[INFO] [1786541103.641508]: 开始进行多边形确认 · detections=5
[INFO] [1786541103.674727]: 开始进行多边形确认 · centers=1 · rejected=1 · merged=0 · elapsed_ms=33.3
[INFO] [1786541103.754372]: 开始进行多边形确认 · detections=4
[INFO] [1786541103.771024]: 开始进行多边形确认 · centers=1 · rejected=0 · merged=0 · elapsed_ms=16.7
[INFO] [1786541103.873978]: 开始进行多边形确认 · detections=4
[INFO] [1786541103.929672]: 开始进行多边形确认 · centers=1 · rejected=0 · merged=1 · elapsed_ms=55.7
[INFO] [1786541103.994850]: 开始进行多边形确认 · detections=2
[INFO] [1786541104.045532]: 开始进行多边形确认 · centers=1 · rejected=0 · merged=1 · elapsed_ms=50.7
[INFO] [1786541104.118927]: 开始进行多边形确认 · detections=3
[INFO] [1786541104.132785]: 开始进行多边形确认 · centers=1 · rejected=0 · merged=0 · elapsed_ms=13.9
[INFO] [1786541104.242974]: 开始进行多边形确认 · detections=2
[INFO] [1786541104.257940]: 开始进行多边形确认 · centers=1 · rejected=0 · merged=0 · elapsed_ms=15.0
[INFO] [1786541104.368993]: 开始进行多边形确认 · detections=2
[INFO] [1786541104.383163]: 开始进行多边形确认 · centers=1 · rejected=0 · merged=0 · elapsed_ms=14.2
[INFO] [1786541104.505702]: 开始进行多边形确认 · detections=3
[INFO] [1786541104.542060]: 开始进行多边形确认 · centers=1 · rejected=0 · merged=0 · elapsed_ms=36.4
[INFO] [1786541104.641481]: 开始进行多边形确认 · detections=4
[INFO] [1786541104.656671]: 开始进行多边形确认 · centers=1 · rejected=0 · merged=0 · elapsed_ms=15.2
[INFO] [1786541104.755816]: 开始进行多边形确认 · detections=5
[INFO] [1786541104.774007]: 开始进行多边形确认 · centers=1 · rejected=0 · merged=0 · elapsed_ms=18.3
[INFO] [1786541104.872606]: 开始进行多边形确认 · detections=4
[INFO] [1786541104.889704]: 开始进行多边形确认 · centers=1 · rejected=0 · merged=0 · elapsed_ms=17.1
[INFO] [1786541105.021695]: 开始进行多边形确认 · detections=4
[INFO] [1786541105.045634]: 开始进行多边形确认 · centers=1 · rejected=0 · merged=0 · elapsed_ms=24.0
[INFO] [1786541105.141001]: 开始进行多边形确认 · detections=5
[INFO] [1786541105.165424]: 开始进行多边形确认 · centers=1 · rejected=0 · merged=0 · elapsed_ms=24.5
[INFO] [1786541105.276256]: 开始进行多边形确认 · detections=4
[INFO] [1786541105.304260]: 开始进行多边形确认 · centers=1 · rejected=0 · merged=0 · elapsed_ms=28.1
[INFO] [1786541105.399400]: 开始进行多边形确认 · detections=4
[INFO] [1786541105.427143]: 开始进行多边形确认 · centers=1 · rejected=0 · merged=0 · elapsed_ms=27.8
[INFO] [1786541105.527545]: 开始进行多边形确认 · detections=4
[INFO] [1786541105.568179]: 开始进行多边形确认 · centers=1 · rejected=0 · merged=0 · elapsed_ms=40.7
[INFO] [1786541105.662584]: 开始进行多边形确认 · detections=5
[INFO] [1786541105.691041]: CITRUS_CENTER ok pixel=(311,324) depth=0.329 m radius=30.4 mm arc=302 deg error=0.80 px fragments=1
[INFO] [1786541105.692458]: 开始进行多边形确认 · centers=1 · rejected=0 · merged=0 · elapsed_ms=29.9
[INFO] [1786541105.772938]: 开始进行多边形确认 · detections=4
[INFO] [1786541105.786555]: 开始进行多边形确认 · centers=1 · rejected=0 · merged=0 · elapsed_ms=13.7
[INFO] [1786541105.905210]: 开始进行多边形确认 · detections=2
[INFO] [1786541105.930592]: 开始进行多边形确认 · centers=1 · rejected=0 · merged=0 · elapsed_ms=25.4
[INFO] [1786541106.028435]: 开始进行多边形确认 · detections=5
[INFO] [1786541106.053185]: 开始进行多边形确认 · centers=1 · rejected=0 · merged=0 · elapsed_ms=24.8
[INFO] [1786541106.162864]: 开始进行多边形确认 · detections=4
[INFO] [1786541106.189447]: 开始进行多边形确认 · centers=1 · rejected=0 · merged=0 · elapsed_ms=26.6
[INFO] [1786541106.285462]: 开始进行多边形确认 · detections=4
[INFO] [1786541106.312690]: 开始进行多边形确认 · centers=1 · rejected=0 · merged=0 · elapsed_ms=27.3
[INFO] [1786541106.406287]: 开始进行多边形确认 · detections=4
[INFO] [1786541106.436558]: 开始进行多边形确认 · centers=1 · rejected=0 · merged=0 · elapsed_ms=30.3
[INFO] [1786541106.528514]: 开始进行多边形确认 · detections=4
[INFO] [1786541106.557556]: 开始进行多边形确认 · centers=1 · rejected=0 · merged=0 · elapsed_ms=29.1
[INFO] [1786541106.697371]: 开始进行多边形确认 · detections=4
[INFO] [1786541106.711672]: 开始进行多边形确认 · centers=1 · rejected=0 · merged=0 · elapsed_ms=14.4
[INFO] [1786541106.781377]: 开始进行多边形确认 · detections=4
[INFO] [1786541106.795785]: 开始进行多边形确认 · centers=1 · rejected=0 · merged=0 · elapsed_ms=14.5
[INFO] [1786541106.896626]: 开始进行多边形确认 · detections=4
[INFO] [1786541106.913487]: 开始进行多边形确认 · centers=1 · rejected=0 · merged=0 · elapsed_ms=16.9
[INFO] [1786541107.020106]: 开始进行多边形确认 · detections=4
[INFO] [1786541107.033913]: 开始进行多边形确认 · centers=1 · rejected=0 · merged=0 · elapsed_ms=13.9
[INFO] [1786541107.139908]: 开始进行多边形确认 · detections=5
[INFO] [1786541107.158710]: 开始进行多边形确认 · centers=1 · rejected=0 · merged=0 · elapsed_ms=18.8
[INFO] [1786541107.159916]: RGB-D vision status: model_ready:onnxruntime targets:1 centers:1 tf:1 rejected:0 merged:0 semantic_masks:5
[INFO] [1786541107.265460]: 开始进行多边形确认 · detections=4
[INFO] [1786541107.279704]: 开始进行多边形确认 · centers=1 · rejected=0 · merged=0 · elapsed_ms=14.3
[INFO] [1786541107.394103]: 开始进行多边形确认 · detections=4
[INFO] [1786541107.408308]: 开始进行多边形确认 · centers=1 · rejected=0 · merged=0 · elapsed_ms=14.3
[INFO] [1786541107.516709]: 开始进行多边形确认 · detections=4
[INFO] [1786541107.533305]: 开始进行多边形确认 · centers=1 · rejected=0 · merged=0 · elapsed_ms=16.6
[INFO] [1786541107.692632]: 开始进行多边形确认 · detections=4
[INFO] [1786541107.707259]: CITRUS_CENTER ok pixel=(312,270) depth=0.327 m radius=30.9 mm arc=304 deg error=0.70 px fragments=1
[INFO] [1786541107.708369]: 开始进行多边形确认 · centers=1 · rejected=0 · merged=0 · elapsed_ms=15.8
[INFO] [1786541107.770318]: 开始进行多边形确认 · detections=4
[INFO] [1786541107.786687]: 开始进行多边形确认 · centers=1 · rejected=0 · merged=0 · elapsed_ms=16.4
[INFO] [1786541107.897918]: 开始进行多边形确认 · detections=5
[INFO] [1786541107.911546]: 开始进行多边形确认 · centers=1 · rejected=0 · merged=0 · elapsed_ms=13.6
[INFO] [1786541108.019657]: 开始进行多边形确认 · detections=4
[INFO] [1786541108.040462]: 开始进行多边形确认 · centers=1 · rejected=0 · merged=0 · elapsed_ms=20.8
[INFO] [1786541108.157637]: 开始进行多边形确认 · detections=4
[INFO] [1786541108.182824]: 开始进行多边形确认 · centers=1 · rejected=0 · merged=0 · elapsed_ms=25.2
[INFO] [1786541108.286500]: 开始进行多边形确认 · detections=4
[INFO] [1786541108.312907]: 开始进行多边形确认 · centers=1 · rejected=0 · merged=0 · elapsed_ms=26.5
[INFO] [1786541108.407405]: 开始进行多边形确认 · detections=4
[INFO] [1786541108.434716]: 开始进行多边形确认 · centers=1 · rejected=0 · merged=0 · elapsed_ms=27.4
[INFO] [1786541108.533094]: 开始进行多边形确认 · detections=4
[INFO] [1786541108.554344]: 开始进行多边形确认 · centers=1 · rejected=0 · merged=0 · elapsed_ms=21.3
[INFO] [1786541108.640856]: 开始进行多边形确认 · detections=4
[INFO] [1786541108.661473]: 开始进行多边形确认 · centers=1 · rejected=0 · merged=0 · elapsed_ms=20.6
[INFO] [1786541108.812660]: 开始进行多边形确认 · detections=4
[INFO] [1786541108.839043]: 开始进行多边形确认 · centers=1 · rejected=0 · merged=0 · elapsed_ms=26.5
[INFO] [1786541108.905227]: 开始进行多边形确认 · detections=4
[INFO] [1786541108.930201]: 开始进行多边形确认 · centers=1 · rejected=0 · merged=0 · elapsed_ms=25.0
[INFO] [1786541109.039789]: 开始进行多边形确认 · detections=4
[INFO] [1786541109.067218]: 开始进行多边形确认 · centers=1 · rejected=0 · merged=0 · elapsed_ms=27.5
[INFO] [1786541109.154718]: 开始进行多边形确认 · detections=4
[INFO] [1786541109.181026]: 开始进行多边形确认 · centers=1 · rejected=0 · merged=0 · elapsed_ms=26.4
[INFO] [1786541109.263609]: 开始进行多边形确认 · detections=4
[INFO] [1786541109.279242]: 开始进行多边形确认 · centers=1 · rejected=0 · merged=0 · elapsed_ms=15.7
[INFO] [1786541109.421795]: 开始进行多边形确认 · detections=4
[INFO] [1786541109.435313]: 开始进行多边形确认 · centers=1 · rejected=0 · merged=0 · elapsed_ms=13.6
[INFO] [1786541109.523437]: 开始进行多边形确认 · detections=4
[INFO] [1786541109.536301]: 开始进行多边形确认 · centers=1 · rejected=0 · merged=0 · elapsed_ms=12.9
[INFO] [1786541109.644530]: 开始进行多边形确认 · detections=4
[INFO] [1786541109.656614]: 开始进行多边形确认 · centers=1 · rejected=0 · merged=0 · elapsed_ms=12.1
[INFO] [1786541109.828455]: 开始进行多边形确认 · detections=4
[INFO] [1786541109.853953]: CITRUS_CENTER ok pixel=(312,269) depth=0.327 m radius=30.9 mm arc=305 deg error=0.74 px fragments=1
[INFO] [1786541109.854952]: 开始进行多边形确认 · centers=1 · rejected=0 · merged=0 · elapsed_ms=26.6
[INFO] [1786541109.925620]: 开始进行多边形确认 · detections=4
[INFO] [1786541109.950576]: 开始进行多边形确认 · centers=1 · rejected=0 · merged=0 · elapsed_ms=25.0
[INFO] [1786541110.052644]: 开始进行多边形确认 · detections=4
[INFO] [1786541110.078732]: 开始进行多边形确认 · centers=1 · rejected=0 · merged=0 · elapsed_ms=26.1
[INFO] [1786541110.175479]: 开始进行多边形确认 · detections=4
[INFO] [1786541110.200875]: 开始进行多边形确认 · centers=1 · rejected=0 · merged=0 · elapsed_ms=25.5
[INFO] [1786541110.282515]: 开始进行多边形确认 · detections=4
[INFO] [1786541110.311439]: 开始进行多边形确认 · centers=1 · rejected=0 · merged=0 · elapsed_ms=28.9
[INFO] [1786541110.425605]: 开始进行多边形确认 · detections=4
[INFO] [1786541110.450699]: 开始进行多边形确认 · centers=1 · rejected=0 · merged=0 · elapsed_ms=25.1
[INFO] [1786541110.538626]: 开始进行多边形确认 · detections=4
[INFO] [1786541110.568289]: 开始进行多边形确认 · centers=1 · rejected=0 · merged=0 · elapsed_ms=29.7
[INFO] [1786541110.678347]: 开始进行多边形确认 · detections=4
[INFO] [1786541110.705969]: 开始进行多边形确认 · centers=1 · rejected=0 · merged=0 · elapsed_ms=27.7
[INFO] [1786541110.850345]: 开始进行多边形确认 · detections=4
[INFO] [1786541110.877697]: 开始进行多边形确认 · centers=1 · rejected=0 · merged=0 · elapsed_ms=27.4
[INFO] [1786541110.946017]: 开始进行多边形确认 · detections=4
[INFO] [1786541110.976024]: 开始进行多边形确认 · centers=1 · rejected=0 · merged=0 · elapsed_ms=30.0
[INFO] [1786541111.070272]: 开始进行多边形确认 · detections=4
[INFO] [1786541111.097704]: 开始进行多边形确认 · centers=1 · rejected=0 · merged=0 · elapsed_ms=27.5
[INFO] [1786541111.178186]: 开始进行多边形确认 · detections=4
[INFO] [1786541111.189690]: 开始进行多边形确认 · centers=1 · rejected=0 · merged=0 · elapsed_ms=11.5
[INFO] [1786541111.306392]: 开始进行多边形确认 · detections=4
[INFO] [1786541111.318461]: 开始进行多边形确认 · centers=1 · rejected=0 · merged=0 · elapsed_ms=12.1
[INFO] [1786541111.423760]: 开始进行多边形确认 · detections=4
[INFO] [1786541111.447438]: 开始进行多边形确认 · centers=1 · rejected=0 · merged=0 · elapsed_ms=23.7
[INFO] [1786541111.565126]: 开始进行多边形确认 · detections=4
[INFO] [1786541111.591819]: 开始进行多边形确认 · centers=1 · rejected=0 · merged=0 · elapsed_ms=26.7
[INFO] [1786541111.686906]: 开始进行多边形确认 · detections=4
[INFO] [1786541111.713388]: 开始进行多边形确认 · centers=1 · rejected=0 · merged=0 · elapsed_ms=26.5
[INFO] [1786541111.841124]: 开始进行多边形确认 · detections=4
[INFO] [1786541111.878994]: CITRUS_CENTER ok pixel=(312,270) depth=0.327 m radius=30.7 mm arc=305 deg error=0.81 px fragments=1
[INFO] [1786541111.880764]: 开始进行多边形确认 · centers=1 · rejected=0 · merged=0 · elapsed_ms=39.7
[INFO] [1786541111.950721]: 开始进行多边形确认 · detections=4
[INFO] [1786541111.977623]: 开始进行多边形确认 · centers=1 · rejected=0 · merged=0 · elapsed_ms=26.9
[INFO] [1786541112.069084]: 开始进行多边形确认 · detections=4
[INFO] [1786541112.096350]: 开始进行多边形确认 · centers=1 · rejected=0 · merged=0 · elapsed_ms=27.3
[INFO] [1786541112.196028]: 开始进行多边形确认 · detections=4
[INFO] [1786541112.223298]: 开始进行多边形确认 · centers=1 · rejected=0 · merged=0 · elapsed_ms=27.3
[INFO] [1786541112.332271]: 开始进行多边形确认 · detections=4
[INFO] [1786541112.355429]: 开始进行多边形确认 · centers=1 · rejected=0 · merged=0 · elapsed_ms=23.2
[INFO] [1786541112.440515]: 开始进行多边形确认 · detections=4
[INFO] [1786541112.452542]: 开始进行多边形确认 · centers=1 · rejected=0 · merged=0 · elapsed_ms=12.1
[INFO] [1786541112.555769]: 开始进行多边形确认 · detections=4
[INFO] [1786541112.570160]: 开始进行多边形确认 · centers=1 · rejected=0 · merged=0 · elapsed_ms=14.4
[INFO] [1786541112.675549]: 开始进行多边形确认 · detections=4
[INFO] [1786541112.704692]: 开始进行多边形确认 · centers=1 · rejected=0 · merged=0 · elapsed_ms=29.2
[INFO] [1786541112.819446]: 开始进行多边形确认 · detections=4
[INFO] [1786541112.831403]: 开始进行多边形确认 · centers=1 · rejected=0 · merged=0 · elapsed_ms=12.0
[INFO] [1786541112.993737]: 开始进行多边形确认 · detections=4
[INFO] [1786541113.024715]: 开始进行多边形确认 · centers=1 · rejected=0 · merged=0 · elapsed_ms=31.0
[INFO] [1786541113.107295]: 开始进行多边形确认 · detections=4
[INFO] [1786541113.131440]: 开始进行多边形确认 · centers=1 · rejected=0 · merged=0 · elapsed_ms=24.2
[INFO] [1786541113.212153]: 开始进行多边形确认 · detections=4
[INFO] [1786541113.227819]: 开始进行多边形确认 · centers=1 · rejected=0 · merged=0 · elapsed_ms=15.7
[INFO] [1786541113.363606]: 开始进行多边形确认 · detections=4
[INFO] [1786541113.390594]: 开始进行多边形确认 · centers=1 · rejected=0 · merged=0 · elapsed_ms=27.0
[INFO] [1786541113.457844]: 开始进行多边形确认 · detections=4
[INFO] [1786541113.470560]: 开始进行多边形确认 · centers=1 · rejected=0 · merged=0 · elapsed_ms=12.7
[INFO] [1786541113.591375]: 开始进行多边形确认 · detections=5
[INFO] [1786541113.604863]: 开始进行多边形确认 · centers=1 · rejected=0 · merged=0 · elapsed_ms=13.5
[INFO] [1786541113.606285]: RGB-D vision status: model_ready:onnxruntime targets:1 centers:1 tf:1 rejected:0 merged:0 semantic_masks:5
[INFO] [1786541113.712640]: 开始进行多边形确认 · detections=4
[INFO] [1786541113.725928]: 开始进行多边形确认 · centers=1 · rejected=0 · merged=0 · elapsed_ms=13.3
[INFO] [1786541113.846903]: 开始进行多边形确认 · detections=4
[INFO] [1786541113.860435]: 开始进行多边形确认 · centers=1 · rejected=0 · merged=0 · elapsed_ms=13.6
[INFO] [1786541113.969902]: 开始进行多边形确认 · detections=4
[INFO] [1786541113.993284]: CITRUS_CENTER ok pixel=(312,270) depth=0.327 m radius=30.9 mm arc=305 deg error=0.72 px fragments=1
[INFO] [1786541113.994380]: 开始进行多边形确认 · centers=1 · rejected=0 · merged=0 · elapsed_ms=24.5
[INFO] [1786541114.106300]: 开始进行多边形确认 · detections=4
[INFO] [1786541114.122863]: 开始进行多边形确认 · centers=1 · rejected=0 · merged=0 · elapsed_ms=16.6
[INFO] [1786541114.213932]: 开始进行多边形确认 · detections=4
[INFO] [1786541114.228691]: 开始进行多边形确认 · centers=1 · rejected=0 · merged=0 · elapsed_ms=14.8
[INFO] [1786541114.339194]: 开始进行多边形确认 · detections=4
[INFO] [1786541114.356281]: 开始进行多边形确认 · centers=1 · rejected=0 · merged=0 · elapsed_ms=17.1
[INFO] [1786541114.473447]: 开始进行多边形确认 · detections=4
[INFO] [1786541114.499398]: 开始进行多边形确认 · centers=1 · rejected=0 · merged=0 · elapsed_ms=26.0
[INFO] [1786541114.595469]: 开始进行多边形确认 · detections=4
[INFO] [1786541114.623251]: 开始进行多边形确认 · centers=1 · rejected=0 · merged=0 · elapsed_ms=27.8
[INFO] [1786541114.722361]: 开始进行多边形确认 · detections=4
[INFO] [1786541114.747004]: 开始进行多边形确认 · centers=1 · rejected=0 · merged=0 · elapsed_ms=24.7
[INFO] [1786541114.848233]: 开始进行多边形确认 · detections=4
[INFO] [1786541114.874807]: 开始进行多边形确认 · centers=1 · rejected=0 · merged=0 · elapsed_ms=26.6
[INFO] [1786541114.964804]: 开始进行多边形确认 · detections=4
[INFO] [1786541114.992822]: 开始进行多边形确认 · centers=1 · rejected=0 · merged=0 · elapsed_ms=28.1
[INFO] [1786541115.111366]: 开始进行多边形确认 · detections=4
[INFO] [1786541115.139029]: 开始进行多边形确认 · centers=1 · rejected=0 · merged=0 · elapsed_ms=27.7
[INFO] [1786541115.220721]: 开始进行多边形确认 · detections=4
[INFO] [1786541115.248127]: 开始进行多边形确认 · centers=1 · rejected=0 · merged=0 · elapsed_ms=27.5
[INFO] [1786541115.339661]: 开始进行多边形确认 · detections=4
[INFO] [1786541115.354462]: 开始进行多边形确认 · centers=1 · rejected=0 · merged=0 · elapsed_ms=14.8
[INFO] [1786541115.492924]: 开始进行多边形确认 · detections=4
[INFO] [1786541115.516668]: 开始进行多边形确认 · centers=1 · rejected=0 · merged=0 · elapsed_ms=23.8
[INFO] [1786541115.603458]: 开始进行多边形确认 · detections=5
[INFO] [1786541115.632644]: 开始进行多边形确认 · centers=1 · rejected=0 · merged=0 · elapsed_ms=29.2
[INFO] [1786541115.727149]: 开始进行多边形确认 · detections=4
[INFO] [1786541115.752273]: 开始进行多边形确认 · centers=1 · rejected=0 · merged=0 · elapsed_ms=25.1
[INFO] [1786541115.862067]: 开始进行多边形确认 · detections=4
[INFO] [1786541115.887332]: 开始进行多边形确认 · centers=1 · rejected=0 · merged=0 · elapsed_ms=25.3
[INFO] [1786541115.976014]: 开始进行多边形确认 · detections=4
[INFO] [1786541116.002535]: CITRUS_CENTER ok pixel=(312,270) depth=0.327 m radius=30.9 mm arc=304 deg error=0.76 px fragments=1
[INFO] [1786541116.003566]: 开始进行多边形确认 · centers=1 · rejected=0 · merged=0 · elapsed_ms=27.6
[INFO] [1786541116.140406]: 开始进行多边形确认 · detections=4
[INFO] [1786541116.171695]: 开始进行多边形确认 · centers=1 · rejected=0 · merged=0 · elapsed_ms=31.4
[INFO] [1786541116.244317]: 开始进行多边形确认 · detections=4
[INFO] [1786541116.271468]: 开始进行多边形确认 · centers=1 · rejected=0 · merged=0 · elapsed_ms=27.2
[INFO] [1786541116.371220]: 开始进行多边形确认 · detections=4
[INFO] [1786541116.397586]: 开始进行多边形确认 · centers=1 · rejected=0 · merged=0 · elapsed_ms=26.4
[INFO] [1786541116.483326]: 开始进行多边形确认 · detections=4
[INFO] [1786541116.505538]: 开始进行多边形确认 · centers=1 · rejected=0 · merged=0 · elapsed_ms=22.2
[INFO] [1786541116.617699]: 开始进行多边形确认 · detections=4
[INFO] [1786541116.647033]: 开始进行多边形确认 · centers=1 · rejected=0 · merged=0 · elapsed_ms=29.4
[INFO] [1786541116.737549]: 开始进行多边形确认 · detections=4
[INFO] [1786541116.767766]: 开始进行多边形确认 · centers=1 · rejected=0 · merged=0 · elapsed_ms=30.3
[INFO] [1786541116.868691]: 开始进行多边形确认 · detections=4
[INFO] [1786541116.898315]: 开始进行多边形确认 · centers=1 · rejected=0 · merged=0 · elapsed_ms=29.6
[INFO] [1786541117.000429]: 开始进行多边形确认 · detections=4
[INFO] [1786541117.029119]: 开始进行多边形确认 · centers=1 · rejected=0 · merged=0 · elapsed_ms=28.7
[INFO] [1786541117.112209]: 开始进行多边形确认 · detections=4
[INFO] [1786541117.133767]: 开始进行多边形确认 · centers=1 · rejected=0 · merged=0 · elapsed_ms=21.6
[INFO] [1786541117.267742]: 开始进行多边形确认 · detections=4
[INFO] [1786541117.296981]: 开始进行多边形确认 · centers=1 · rejected=0 · merged=0 · elapsed_ms=29.3
[INFO] [1786541117.353417]: 开始进行多边形确认 · detections=4
[INFO] [1786541117.367131]: 开始进行多边形确认 · centers=1 · rejected=0 · merged=0 · elapsed_ms=13.8
[INFO] [1786541117.482599]: 开始进行多边形确认 · detections=4
[INFO] [1786541117.496566]: 开始进行多边形确认 · centers=1 · rejected=0 · merged=0 · elapsed_ms=14.0
[INFO] [1786541117.606917]: 开始进行多边形确认 · detections=4
[INFO] [1786541117.619681]: 开始进行多边形确认 · centers=1 · rejected=0 · merged=0 · elapsed_ms=12.8
[INFO] [1786541117.739406]: 开始进行多边形确认 · detections=4
[INFO] [1786541117.752497]: 开始进行多边形确认 · centers=1 · rejected=0 · merged=0 · elapsed_ms=13.1
[INFO] [1786541117.862086]: 开始进行多边形确认 · detections=4
[INFO] [1786541117.876226]: 开始进行多边形确认 · centers=1 · rejected=0 · merged=0 · elapsed_ms=14.2
[INFO] [1786541117.977841]: 开始进行多边形确认 · detections=4
[INFO] [1786541117.989856]: 开始进行多边形确认 · centers=1 · rejected=0 · merged=0 · elapsed_ms=12.0
[INFO] [1786541118.103412]: 开始进行多边形确认 · detections=4
[INFO] [1786541118.116447]: CITRUS_CENTER ok pixel=(312,269) depth=0.327 m radius=30.9 mm arc=305 deg error=0.77 px fragments=1
[INFO] [1786541118.117292]: 开始进行多边形确认 · centers=1 · rejected=0 · merged=0 · elapsed_ms=13.9
[INFO] [1786541118.292467]: 开始进行多边形确认 · detections=4
[INFO] [1786541118.320701]: 开始进行多边形确认 · centers=1 · rejected=0 · merged=0 · elapsed_ms=28.3
[INFO] [1786541118.392943]: 开始进行多边形确认 · detections=4
[INFO] [1786541118.417996]: 开始进行多边形确认 · centers=1 · rejected=0 · merged=0 · elapsed_ms=25.1
[INFO] [1786541118.518773]: 开始进行多边形确认 · detections=5
[INFO] [1786541118.544926]: 开始进行多边形确认 · centers=1 · rejected=0 · merged=0 · elapsed_ms=26.2
[INFO] [1786541118.641479]: 开始进行多边形确认 · detections=4
[INFO] [1786541118.670024]: 开始进行多边形确认 · centers=1 · rejected=0 · merged=0 · elapsed_ms=28.6
[INFO] [1786541118.671959]: RGB-D vision status: model_ready:onnxruntime targets:1 centers:1 tf:1 rejected:0 merged:0 semantic_masks:4
[INFO] [1786541118.755646]: 开始进行多边形确认 · detections=4
[INFO] [1786541118.781179]: 开始进行多边形确认 · centers=1 · rejected=0 · merged=0 · elapsed_ms=25.6
[INFO] [1786541118.895874]: 开始进行多边形确认 · detections=4
[INFO] [1786541118.920977]: 开始进行多边形确认 · centers=1 · rejected=0 · merged=0 · elapsed_ms=25.2
[INFO] [1786541119.015218]: 开始进行多边形确认 · detections=4
[INFO] [1786541119.041791]: 开始进行多边形确认 · centers=1 · rejected=0 · merged=0 · elapsed_ms=26.6
[INFO] [1786541119.143039]: 开始进行多边形确认 · detections=4
[INFO] [1786541119.172972]: 开始进行多边形确认 · centers=1 · rejected=0 · merged=0 · elapsed_ms=30.0
[INFO] [1786541119.279061]: 开始进行多边形确认 · detections=5
[INFO] [1786541119.314526]: 开始进行多边形确认 · centers=1 · rejected=0 · merged=0 · elapsed_ms=35.5
[INFO] [1786541119.410937]: 开始进行多边形确认 · detections=4
[INFO] [1786541119.440734]: 开始进行多边形确认 · centers=1 · rejected=0 · merged=0 · elapsed_ms=29.8
[INFO] [1786541119.513034]: 开始进行多边形确认 · detections=5
[INFO] [1786541119.539182]: 开始进行多边形确认 · centers=1 · rejected=0 · merged=0 · elapsed_ms=26.2
[INFO] [1786541119.630201]: 开始进行多边形确认 · detections=4
[INFO] [1786541119.656781]: 开始进行多边形确认 · centers=1 · rejected=0 · merged=0 · elapsed_ms=26.7
[INFO] [1786541119.754436]: 开始进行多边形确认 · detections=4
[INFO] [1786541119.781590]: 开始进行多边形确认 · centers=1 · rejected=0 · merged=0 · elapsed_ms=27.2
[INFO] [1786541119.877047]: 开始进行多边形确认 · detections=4
[INFO] [1786541119.908018]: 开始进行多边形确认 · centers=1 · rejected=0 · merged=0 · elapsed_ms=31.0
[INFO] [1786541120.005392]: 开始进行多边形确认 · detections=4
[INFO] [1786541120.032492]: 开始进行多边形确认 · centers=1 · rejected=0 · merged=0 · elapsed_ms=27.1
[INFO] [1786541120.142395]: 开始进行多边形确认 · detections=4
[INFO] [1786541120.171527]: CITRUS_CENTER ok pixel=(313,270) depth=0.327 m radius=30.7 mm arc=304 deg error=0.74 px fragments=1
[INFO] [1786541120.172678]: 开始进行多边形确认 · centers=1 · rejected=0 · merged=0 · elapsed_ms=30.4
[INFO] [1786541120.270490]: 开始进行多边形确认 · detections=4
[INFO] [1786541120.297737]: 开始进行多边形确认 · centers=1 · rejected=0 · merged=0 · elapsed_ms=27.3
[INFO] [1786541120.403708]: 开始进行多边形确认 · detections=5
[INFO] [1786541120.441277]: 开始进行多边形确认 · centers=1 · rejected=0 · merged=0 · elapsed_ms=37.6
[INFO] [1786541120.541453]: 开始进行多边形确认 · detections=4
[INFO] [1786541120.569002]: 开始进行多边形确认 · centers=1 · rejected=0 · merged=0 · elapsed_ms=27.6
[INFO] [1786541120.653221]: 开始进行多边形确认 · detections=4
[INFO] [1786541120.679941]: 开始进行多边形确认 · centers=1 · rejected=0 · merged=0 · elapsed_ms=26.7
[INFO] [1786541120.771196]: 开始进行多边形确认 · detections=4
[INFO] [1786541120.797515]: 开始进行多边形确认 · centers=1 · rejected=0 · merged=0 · elapsed_ms=26.3
[INFO] [1786541120.898839]: 开始进行多边形确认 · detections=4
[INFO] [1786541120.924988]: 开始进行多边形确认 · centers=1 · rejected=0 · merged=0 · elapsed_ms=26.2
[INFO] [1786541121.020859]: 开始进行多边形确认 · detections=4
[INFO] [1786541121.047502]: 开始进行多边形确认 · centers=1 · rejected=0 · merged=0 · elapsed_ms=26.7
[INFO] [1786541121.153559]: 开始进行多边形确认 · detections=5
[INFO] [1786541121.181546]: 开始进行多边形确认 · centers=1 · rejected=0 · merged=0 · elapsed_ms=28.1
[INFO] [1786541121.268099]: 开始进行多边形确认 · detections=4
[INFO] [1786541121.295369]: 开始进行多边形确认 · centers=1 · rejected=0 · merged=0 · elapsed_ms=27.3
[INFO] [1786541121.398414]: 开始进行多边形确认 · detections=4
[INFO] [1786541121.426322]: 开始进行多边形确认 · centers=1 · rejected=0 · merged=0 · elapsed_ms=27.9
[INFO] [1786541121.529334]: 开始进行多边形确认 · detections=4
[INFO] [1786541121.562569]: 开始进行多边形确认 · centers=1 · rejected=0 · merged=0 · elapsed_ms=33.3
[INFO] [1786541121.677130]: 开始进行多边形确认 · detections=4
[INFO] [1786541121.706798]: 开始进行多边形确认 · centers=1 · rejected=0 · merged=0 · elapsed_ms=29.7
[INFO] [1786541121.777000]: 开始进行多边形确认 · detections=4
[INFO] [1786541121.802614]: 开始进行多边形确认 · centers=1 · rejected=0 · merged=0 · elapsed_ms=25.7
[INFO] [1786541121.890237]: 开始进行多边形确认 · detections=4
[INFO] [1786541121.909960]: 开始进行多边形确认 · centers=1 · rejected=0 · merged=0 · elapsed_ms=19.7
[INFO] [1786541122.023294]: 开始进行多边形确认 · detections=4
[INFO] [1786541122.036420]: 开始进行多边形确认 · centers=1 · rejected=0 · merged=0 · elapsed_ms=13.1
[INFO] [1786541122.138978]: 开始进行多边形确认 · detections=4
[INFO] [1786541122.152635]: 开始进行多边形确认 · centers=1 · rejected=0 · merged=0 · elapsed_ms=13.7
[INFO] [1786541122.257756]: 开始进行多边形确认 · detections=4
[INFO] [1786541122.269848]: CITRUS_CENTER ok pixel=(313,270) depth=0.327 m radius=30.7 mm arc=305 deg error=0.75 px fragments=1
[INFO] [1786541122.270874]: 开始进行多边形确认 · centers=1 · rejected=0 · merged=0 · elapsed_ms=13.2
[INFO] [1786541122.388017]: 开始进行多边形确认 · detections=4
[INFO] [1786541122.405941]: 开始进行多边形确认 · centers=1 · rejected=0 · merged=0 · elapsed_ms=18.0
[INFO] [1786541122.512694]: 开始进行多边形确认 · detections=4
[INFO] [1786541122.532188]: 开始进行多边形确认 · centers=1 · rejected=0 · merged=0 · elapsed_ms=19.5
[INFO] [1786541122.676152]: 开始进行多边形确认 · detections=4
[INFO] [1786541122.691395]: 开始进行多边形确认 · centers=1 · rejected=0 · merged=0 · elapsed_ms=15.3
[INFO] [1786541122.767237]: 开始进行多边形确认 · detections=4
[INFO] [1786541122.780905]: 开始进行多边形确认 · centers=1 · rejected=0 · merged=0 · elapsed_ms=13.7
[INFO] [1786541122.895303]: 开始进行多边形确认 · detections=4
[INFO] [1786541122.910246]: 开始进行多边形确认 · centers=1 · rejected=0 · merged=0 · elapsed_ms=15.0
[INFO] [1786541123.005796]: 开始进行多边形确认 · detections=4
[INFO] [1786541123.018920]: 开始进行多边形确认 · centers=1 · rejected=0 · merged=0 · elapsed_ms=13.2
[INFO] [1786541123.139811]: 开始进行多边形确认 · detections=4
[INFO] [1786541123.153514]: 开始进行多边形确认 · centers=1 · rejected=0 · merged=0 · elapsed_ms=13.8
[INFO] [1786541123.266963]: 开始进行多边形确认 · detections=4
[INFO] [1786541123.280170]: 开始进行多边形确认 · centers=1 · rejected=0 · merged=0 · elapsed_ms=13.2
[INFO] [1786541123.380134]: 开始进行多边形确认 · detections=4
[INFO] [1786541123.395771]: 开始进行多边形确认 · centers=1 · rejected=0 · merged=0 · elapsed_ms=15.7
[INFO] [1786541123.503599]: 开始进行多边形确认 · detections=4
[INFO] [1786541123.518672]: 开始进行多边形确认 · centers=1 · rejected=0 · merged=0 · elapsed_ms=15.1
[INFO] [1786541123.632716]: 开始进行多边形确认 · detections=4
[INFO] [1786541123.648836]: 开始进行多边形确认 · centers=1 · rejected=0 · merged=0 · elapsed_ms=16.2
[INFO] [1786541123.804660]: 开始进行多边形确认 · detections=4
[INFO] [1786541123.832396]: 开始进行多边形确认 · centers=1 · rejected=0 · merged=0 · elapsed_ms=27.8
[INFO] [1786541123.904880]: 开始进行多边形确认 · detections=5
[INFO] [1786541123.930110]: 开始进行多边形确认 · centers=1 · rejected=0 · merged=0 · elapsed_ms=25.3
[INFO] [1786541123.931247]: RGB-D vision status: model_ready:onnxruntime targets:1 centers:1 tf:1 rejected:0 merged:0 semantic_masks:5
[INFO] [1786541124.027825]: 开始进行多边形确认 · detections=5
[INFO] [1786541124.055460]: 开始进行多边形确认 · centers=1 · rejected=0 · merged=0 · elapsed_ms=27.7
[INFO] [1786541124.163415]: 开始进行多边形确认 · detections=4
[INFO] [1786541124.189251]: 开始进行多边形确认 · centers=1 · rejected=0 · merged=0 · elapsed_ms=25.9
[INFO] [1786541124.281028]: 开始进行多边形确认 · detections=4
[INFO] [1786541124.294359]: CITRUS_CENTER ok pixel=(312,268) depth=0.327 m radius=31.0 mm arc=305 deg error=0.78 px fragments=1
[INFO] [1786541124.295462]: 开始进行多边形确认 · centers=1 · rejected=0 · merged=0 · elapsed_ms=14.5
[INFO] [1786541124.414432]: 开始进行多边形确认 · detections=4
[INFO] [1786541124.428051]: 开始进行多边形确认 · centers=1 · rejected=0 · merged=0 · elapsed_ms=13.7
[INFO] [1786541124.522549]: 开始进行多边形确认 · detections=4
[INFO] [1786541124.534542]: 开始进行多边形确认 · centers=1 · rejected=0 · merged=0 · elapsed_ms=12.0
[INFO] [1786541124.655552]: 开始进行多边形确认 · detections=4
[INFO] [1786541124.669729]: 开始进行多边形确认 · centers=1 · rejected=0 · merged=0 · elapsed_ms=14.2
[INFO] [1786541124.772635]: 开始进行多边形确认 · detections=4
[INFO] [1786541124.791783]: 开始进行多边形确认 · centers=1 · rejected=0 · merged=0 · elapsed_ms=19.2
[INFO] [1786541124.935430]: 开始进行多边形确认 · detections=4
[INFO] [1786541124.965942]: 开始进行多边形确认 · centers=1 · rejected=0 · merged=0 · elapsed_ms=30.5
[INFO] [1786541125.029629]: 开始进行多边形确认 · detections=5
[INFO] [1786541125.057746]: 开始进行多边形确认 · centers=1 · rejected=0 · merged=0 · elapsed_ms=28.2
[INFO] [1786541125.158707]: 开始进行多边形确认 · detections=4
[INFO] [1786541125.188086]: 开始进行多边形确认 · centers=1 · rejected=0 · merged=0 · elapsed_ms=29.4
[INFO] [1786541125.284585]: 开始进行多边形确认 · detections=5
[INFO] [1786541125.311312]: 开始进行多边形确认 · centers=1 · rejected=0 · merged=0 · elapsed_ms=26.8
[INFO] [1786541125.410141]: 开始进行多边形确认 · detections=5
[INFO] [1786541125.439737]: 开始进行多边形确认 · centers=1 · rejected=0 · merged=0 · elapsed_ms=29.7
[INFO] [1786541125.537601]: 开始进行多边形确认 · detections=4
[INFO] [1786541125.565683]: 开始进行多边形确认 · centers=1 · rejected=0 · merged=0 · elapsed_ms=28.1
[INFO] [1786541125.658602]: 开始进行多边形确认 · detections=5
[INFO] [1786541125.687256]: 开始进行多边形确认 · centers=1 · rejected=0 · merged=0 · elapsed_ms=28.7
[INFO] [1786541125.785738]: 开始进行多边形确认 · detections=4
[INFO] [1786541125.811564]: 开始进行多边形确认 · centers=1 · rejected=0 · merged=0 · elapsed_ms=25.9
[INFO] [1786541125.961848]: 开始进行多边形确认 · detections=4
[INFO] [1786541125.992586]: 开始进行多边形确认 · centers=1 · rejected=0 · merged=0 · elapsed_ms=30.8
[INFO] [1786541126.057386]: 开始进行多边形确认 · detections=4
[INFO] [1786541126.084115]: 开始进行多边形确认 · centers=1 · rejected=0 · merged=0 · elapsed_ms=26.8
[INFO] [1786541126.197078]: 开始进行多边形确认 · detections=4
[INFO] [1786541126.225238]: 开始进行多边形确认 · centers=1 · rejected=0 · merged=0 · elapsed_ms=28.2
[INFO] [1786541126.306746]: 开始进行多边形确认 · detections=4
[INFO] [1786541126.331028]: CITRUS_CENTER ok pixel=(312,269) depth=0.327 m radius=30.9 mm arc=305 deg error=0.79 px fragments=1
[INFO] [1786541126.332169]: 开始进行多边形确认 · centers=1 · rejected=0 · merged=0 · elapsed_ms=25.5
[INFO] [1786541126.440813]: 开始进行多边形确认 · detections=4
[INFO] [1786541126.468949]: 开始进行多边形确认 · centers=1 · rejected=0 · merged=0 · elapsed_ms=28.2
[INFO] [1786541126.560369]: 开始进行多边形确认 · detections=4
[INFO] [1786541126.588971]: 开始进行多边形确认 · centers=1 · rejected=0 · merged=0 · elapsed_ms=28.6
[INFO] [1786541126.691258]: 开始进行多边形确认 · detections=4
[INFO] [1786541126.720722]: 开始进行多边形确认 · centers=1 · rejected=0 · merged=0 · elapsed_ms=29.5
[INFO] [1786541126.809758]: 开始进行多边形确认 · detections=4
[INFO] [1786541126.839034]: 开始进行多边形确认 · centers=1 · rejected=0 · merged=0 · elapsed_ms=29.3
[INFO] [1786541126.937338]: 开始进行多边形确认 · detections=4
[INFO] [1786541126.974020]: 开始进行多边形确认 · centers=1 · rejected=0 · merged=0 · elapsed_ms=36.7
[INFO] [1786541127.048167]: 开始进行多边形确认 · detections=4
[INFO] [1786541127.060693]: 开始进行多边形确认 · centers=1 · rejected=0 · merged=0 · elapsed_ms=12.6
[INFO] [1786541127.169180]: 开始进行多边形确认 · detections=4
[INFO] [1786541127.182308]: 开始进行多边形确认 · centers=1 · rejected=0 · merged=0 · elapsed_ms=13.2
[INFO] [1786541127.287658]: 开始进行多边形确认 · detections=4
[INFO] [1786541127.302424]: 开始进行多边形确认 · centers=1 · rejected=0 · merged=0 · elapsed_ms=14.8
[INFO] [1786541127.418722]: 开始进行多边形确认 · detections=4
[INFO] [1786541127.434736]: 开始进行多边形确认 · centers=1 · rejected=0 · merged=0 · elapsed_ms=16.0
[INFO] [1786541127.547578]: 开始进行多边形确认 · detections=4
[INFO] [1786541127.559773]: 开始进行多边形确认 · centers=1 · rejected=0 · merged=0 · elapsed_ms=12.2
[INFO] [1786541127.672116]: 开始进行多边形确认 · detections=4
[INFO] [1786541127.687666]: 开始进行多边形确认 · centers=1 · rejected=0 · merged=0 · elapsed_ms=15.6
[INFO] [1786541127.794639]: 开始进行多边形确认 · detections=4
[INFO] [1786541127.810415]: 开始进行多边形确认 · centers=1 · rejected=0 · merged=0 · elapsed_ms=15.8
[INFO] [1786541127.922400]: 开始进行多边形确认 · detections=4
[INFO] [1786541127.937408]: 开始进行多边形确认 · centers=1 · rejected=0 · merged=0 · elapsed_ms=15.0
[INFO] [1786541128.091086]: 开始进行多边形确认 · detections=4
[INFO] [1786541128.109972]: 开始进行多边形确认 · centers=1 · rejected=0 · merged=0 · elapsed_ms=18.9
[INFO] [1786541128.175539]: 开始进行多边形确认 · detections=4
[INFO] [1786541128.191423]: 开始进行多边形确认 · centers=1 · rejected=0 · merged=0 · elapsed_ms=15.9
[INFO] [1786541128.290025]: 开始进行多边形确认 · detections=5
[INFO] [1786541128.310894]: 开始进行多边形确认 · centers=1 · rejected=0 · merged=0 · elapsed_ms=20.9
[INFO] [1786541128.431615]: 开始进行多边形确认 · detections=4
[INFO] [1786541128.446295]: CITRUS_CENTER ok pixel=(313,270) depth=0.327 m radius=30.7 mm arc=305 deg error=0.74 px fragments=1
[INFO] [1786541128.447316]: 开始进行多边形确认 · centers=1 · rejected=0 · merged=0 · elapsed_ms=15.8
[INFO] [1786541128.547082]: 开始进行多边形确认 · detections=4
 12/08 13:25:34,111 WARNING [140120722458368] (messenger-libusb.cpp:42) control_transfer returned error, index: 768, error: Resource temporarily unavailable, number: 11
[INFO] [1786541128.560718]: 开始进行多边形确认 · centers=1 · rejected=0 · merged=0 · elapsed_ms=13.7
[INFO] [1786541128.673990]: 开始进行多边形确认 · detections=4
[INFO] [1786541128.689183]: 开始进行多边形确认 · centers=1 · rejected=0 · merged=0 · elapsed_ms=15.2
[INFO] [1786541128.796303]: 开始进行多边形确认 · detections=4
[INFO] [1786541128.810452]: 开始进行多边形确认 · centers=1 · rejected=0 · merged=0 · elapsed_ms=14.2
[INFO] [1786541128.922981]: 开始进行多边形确认 · detections=4
[INFO] [1786541128.935885]: 开始进行多边形确认 · centers=1 · rejected=0 · merged=0 · elapsed_ms=12.9
[INFO] [1786541129.045065]: 开始进行多边形确认 · detections=5
[INFO] [1786541129.057499]: 开始进行多边形确认 · centers=1 · rejected=0 · merged=0 · elapsed_ms=12.5
[INFO] [1786541129.058568]: RGB-D vision status: model_ready:onnxruntime targets:1 centers:1 tf:1 rejected:0 merged:0 semantic_masks:5
[INFO] [1786541129.204714]: 开始进行多边形确认 · detections=4
[INFO] [1786541129.217683]: 开始进行多边形确认 · centers=1 · rejected=0 · merged=0 · elapsed_ms=13.0
[INFO] [1786541129.315303]: 开始进行多边形确认 · detections=4
[INFO] [1786541129.341449]: 开始进行多边形确认 · centers=1 · rejected=0 · merged=0 · elapsed_ms=26.2
[INFO] [1786541129.445889]: 开始进行多边形确认 · detections=4
[INFO] [1786541129.471088]: 开始进行多边形确认 · centers=1 · rejected=0 · merged=0 · elapsed_ms=25.3
[INFO] [1786541129.545811]: 开始进行多边形确认 · detections=4
[INFO] [1786541129.557931]: 开始进行多边形确认 · centers=1 · rejected=0 · merged=0 · elapsed_ms=12.1
[INFO] [1786541129.671490]: 开始进行多边形确认 · detections=4
[INFO] [1786541129.701737]: 开始进行多边形确认 · centers=1 · rejected=0 · merged=0 · elapsed_ms=30.3
[INFO] [1786541129.814859]: 开始进行多边形确认 · detections=4
[INFO] [1786541129.843325]: 开始进行多边形确认 · centers=1 · rejected=0 · merged=0 · elapsed_ms=28.5
[INFO] [1786541129.945253]: 开始进行多边形确认 · detections=4
[INFO] [1786541129.974212]: 开始进行多边形确认 · centers=1 · rejected=0 · merged=0 · elapsed_ms=29.0
[INFO] [1786541130.062279]: 开始进行多边形确认 · detections=4
[INFO] [1786541130.089411]: 开始进行多边形确认 · centers=1 · rejected=0 · merged=0 · elapsed_ms=27.2
[INFO] [1786541130.225113]: 开始进行多边形确认 · detections=5
[INFO] [1786541130.245731]: 开始进行多边形确认 · centers=1 · rejected=0 · merged=0 · elapsed_ms=20.7
[INFO] [1786541130.308907]: 开始进行多边形确认 · detections=5
[INFO] [1786541130.322328]: 开始进行多边形确认 · centers=1 · rejected=0 · merged=0 · elapsed_ms=13.5
[INFO] [1786541130.451552]: 开始进行多边形确认 · detections=5
[INFO] [1786541130.477887]: CITRUS_CENTER ok pixel=(312,268) depth=0.327 m radius=30.9 mm arc=305 deg error=0.79 px fragments=1
[INFO] [1786541130.478812]: 开始进行多边形确认 · centers=1 · rejected=0 · merged=0 · elapsed_ms=27.4
[INFO] [1786541130.575786]: 开始进行多边形确认 · detections=4
[INFO] [1786541130.601907]: 开始进行多边形确认 · centers=1 · rejected=0 · merged=0 · elapsed_ms=26.2
[INFO] [1786541130.690524]: 开始进行多边形确认 · detections=5
[INFO] [1786541130.707529]: 开始进行多边形确认 · centers=1 · rejected=0 · merged=0 · elapsed_ms=17.1
[INFO] [1786541130.829902]: 开始进行多边形确认 · detections=4
[INFO] [1786541130.848962]: 开始进行多边形确认 · centers=1 · rejected=0 · merged=0 · elapsed_ms=19.1
[INFO] [1786541130.945142]: 开始进行多边形确认 · detections=5
[INFO] [1786541130.963450]: 开始进行多边形确认 · centers=1 · rejected=0 · merged=0 · elapsed_ms=18.4
[INFO] [1786541131.077047]: 开始进行多边形确认 · detections=4
[INFO] [1786541131.091294]: 开始进行多边形确认 · centers=1 · rejected=0 · merged=0 · elapsed_ms=14.3
[INFO] [1786541131.189356]: 开始进行多边形确认 · detections=2
[INFO] [1786541131.336580]: 开始进行多边形确认 · detections=3
[INFO] [1786541131.443517]: 开始进行多边形确认 · detections=2
[INFO] [1786541131.576204]: 开始进行多边形确认 · detections=3
[INFO] [1786541131.595756]: 开始进行多边形确认 · centers=1 · rejected=0 · merged=0 · elapsed_ms=19.6
[INFO] [1786541131.685607]: 开始进行多边形确认 · detections=4
[INFO] [1786541131.695622]: 开始进行多边形确认 · centers=1 · rejected=0 · merged=0 · elapsed_ms=10.0
[INFO] [1786541131.804555]: 开始进行多边形确认 · detections=4
[INFO] [1786541131.814364]: 开始进行多边形确认 · centers=1 · rejected=0 · merged=0 · elapsed_ms=9.8
[INFO] [1786541131.932653]: 开始进行多边形确认 · detections=4
[INFO] [1786541132.057547]: 开始进行多边形确认 · detections=4
[INFO] [1786541132.182434]: 开始进行多边形确认 · detections=4
[INFO] [1786541132.368740]: 开始进行多边形确认 · detections=4
[INFO] [1786541132.432653]: 开始进行多边形确认 · detections=4
[INFO] [1786541132.445482]: 开始进行多边形确认 · centers=1 · rejected=0 · merged=0 · elapsed_ms=12.9
[INFO] [1786541132.551606]: 开始进行多边形确认 · detections=4
[INFO] [1786541132.562195]: CITRUS_CENTER ok pixel=(454,492) depth=0.308 m radius=33.0 mm arc=146 deg error=0.71 px fragments=1
[INFO] [1786541132.563196]: 开始进行多边形确认 · centers=1 · rejected=0 · merged=0 · elapsed_ms=11.7
[INFO] [1786541132.688599]: 开始进行多边形确认 · detections=4
[INFO] [1786541132.700436]: 开始进行多边形确认 · centers=1 · rejected=0 · merged=0 · elapsed_ms=11.9
[INFO] [1786541132.821803]: 开始进行多边形确认 · detections=4
[INFO] [1786541132.840535]: 开始进行多边形确认 · centers=1 · rejected=0 · merged=0 · elapsed_ms=18.8
[INFO] [1786541132.948891]: 开始进行多边形确认 · detections=4
[INFO] [1786541132.969360]: 开始进行多边形确认 · centers=1 · rejected=0 · merged=0 · elapsed_ms=20.5
[INFO] [1786541133.072757]: 开始进行多边形确认 · detections=4
[INFO] [1786541133.199986]: 开始进行多边形确认 · detections=4
[INFO] [1786541133.329059]: 开始进行多边形确认 · detections=4
[INFO] [1786541133.350955]: 开始进行多边形确认 · centers=1 · rejected=0 · merged=0 · elapsed_ms=21.9
[INFO] [1786541133.492569]: 开始进行多边形确认 · detections=4
[INFO] [1786541133.577728]: 开始进行多边形确认 · detections=4
[INFO] [1786541133.597199]: 开始进行多边形确认 · centers=1 · rejected=0 · merged=0 · elapsed_ms=19.5
[INFO] [1786541133.714244]: 开始进行多边形确认 · detections=4
[INFO] [1786541133.733181]: 开始进行多边形确认 · centers=1 · rejected=0 · merged=0 · elapsed_ms=19.0
[INFO] [1786541133.828315]: 开始进行多边形确认 · detections=4
[INFO] [1786541133.850074]: 开始进行多边形确认 · centers=1 · rejected=0 · merged=0 · elapsed_ms=21.8
[INFO] [1786541133.956624]: 开始进行多边形确认 · detections=4
[INFO] [1786541133.976427]: 开始进行多边形确认 · centers=1 · rejected=0 · merged=0 · elapsed_ms=19.8
[INFO] [1786541134.079608]: 开始进行多边形确认 · detections=4
[INFO] [1786541134.098690]: 开始进行多边形确认 · centers=1 · rejected=0 · merged=0 · elapsed_ms=19.1
[INFO] [1786541134.213327]: 开始进行多边形确认 · detections=4
[INFO] [1786541134.235282]: RGB-D vision status: model_ready:onnxruntime targets:1 centers:0 tf:0 rejected:1 merged:0 semantic_masks:4
[INFO] [1786541134.332506]: 开始进行多边形确认 · detections=4
[INFO] [1786541134.350839]: 开始进行多边形确认 · centers=1 · rejected=0 · merged=0 · elapsed_ms=18.4
[INFO] [1786541134.487410]: 开始进行多边形确认 · detections=4
[INFO] [1786541134.512347]: 开始进行多边形确认 · centers=1 · rejected=0 · merged=0 · elapsed_ms=25.0
[WARN] [1786541096.829048]: 开始进行多边形确认 · 多边形确认失败 · rejected=0 · elapsed_ms=1.1
[WARN] [1786541096.966007]: 开始进行多边形确认 · 多边形确认失败 · rejected=0 · elapsed_ms=1.2
[WARN] [1786541097.109882]: 开始进行多边形确认 · 多边形确认失败 · rejected=0 · elapsed_ms=1.4
[WARN] [1786541097.329448]: 开始进行多边形确认 · 多边形确认失败 · rejected=0 · elapsed_ms=1.1
[WARN] [1786541097.458214]: 开始进行多边形确认 · 多边形确认失败 · rejected=0 · elapsed_ms=1.3
[WARN] [1786541097.581600]: 开始进行多边形确认 · 多边形确认失败 · rejected=0 · elapsed_ms=1.0
[WARN] [1786541097.708210]: 开始进行多边形确认 · 多边形确认失败 · rejected=0 · elapsed_ms=1.1
[WARN] [1786541097.833074]: 开始进行多边形确认 · 多边形确认失败 · rejected=0 · elapsed_ms=1.1
[WARN] [1786541097.962738]: 开始进行多边形确认 · 多边形确认失败 · rejected=0 · elapsed_ms=1.1
[WARN] [1786541098.087081]: 开始进行多边形确认 · 多边形确认失败 · rejected=0 · elapsed_ms=1.0
[WARN] [1786541098.268178]: 开始进行多边形确认 · 多边形确认失败 · rejected=0 · elapsed_ms=1.6
[WARN] [1786541098.338951]: 开始进行多边形确认 · 多边形确认失败 · rejected=0 · elapsed_ms=1.6
[WARN] [1786541098.453797]: 开始进行多边形确认 · 多边形确认失败 · rejected=0 · elapsed_ms=1.3
[WARN] [1786541098.584898]: 开始进行多边形确认 · 多边形确认失败 · rejected=0 · elapsed_ms=1.1
[WARN] [1786541098.722218]: 开始进行多边形确认 · 多边形确认失败 · rejected=0 · elapsed_ms=2.1
[WARN] [1786541098.972751]: 开始进行多边形确认 · 多边形确认失败 · rejected=0 · elapsed_ms=1.4
[WARN] [1786541099.102140]: 开始进行多边形确认 · 多边形确认失败 · rejected=0 · elapsed_ms=1.3
[WARN] [1786541099.232520]: 开始进行多边形确认 · 多边形确认失败 · rejected=0 · elapsed_ms=1.5
[WARN] [1786541099.377622]: 开始进行多边形确认 · 多边形确认失败 · rejected=0 · elapsed_ms=1.7
[WARN] [1786541099.490673]: 开始进行多边形确认 · 多边形确认失败 · rejected=0 · elapsed_ms=1.3
[WARN] [1786541099.600973]: 开始进行多边形确认 · 多边形确认失败 · rejected=0 · elapsed_ms=1.5
[WARN] [1786541100.105964]: 开始进行多边形确认 · 多边形确认失败 · rejected=0 · elapsed_ms=1.1
[WARN] [1786541100.242587]: 开始进行多边形确认 · 多边形确认失败 · rejected=0 · elapsed_ms=1.3
[WARN] [1786541100.377963]: 开始进行多边形确认 · 多边形确认失败 · rejected=0 · elapsed_ms=1.1
[WARN] [1786541100.477690]: 开始进行多边形确认 · 多边形确认失败 · rejected=0 · elapsed_ms=1.3
[WARN] [1786541100.608640]: 开始进行多边形确认 · 多边形确认失败 · rejected=0 · elapsed_ms=1.1
[WARN] [1786541100.725883]: 开始进行多边形确认 · 多边形确认失败 · rejected=0 · elapsed_ms=1.2
[WARN] [1786541100.846873]: 开始进行多边形确认 · 多边形确认失败 · rejected=0 · elapsed_ms=1.0
[WARN] [1786541100.974742]: 开始进行多边形确认 · 多边形确认失败 · rejected=0 · elapsed_ms=1.2
[WARN] [1786541101.093465]: 开始进行多边形确认 · 多边形确认失败 · rejected=0 · elapsed_ms=1.2
[WARN] [1786541101.219491]: 开始进行多边形确认 · 多边形确认失败 · rejected=0 · elapsed_ms=2.2
[WARN] [1786541101.379637]: 开始进行多边形确认 · 多边形确认失败 · rejected=0 · elapsed_ms=1.5
[WARN] [1786541101.470518]: 开始进行多边形确认 · 多边形确认失败 · rejected=0 · elapsed_ms=1.2
[WARN] [1786541101.593535]: 开始进行多边形确认 · 多边形确认失败 · rejected=0 · elapsed_ms=1.2
[WARN] [1786541101.719717]: 开始进行多边形确认 · 多边形确认失败 · rejected=0 · elapsed_ms=1.2
[WARN] [1786541101.861976]: 开始进行多边形确认 · 多边形确认失败 · rejected=0 · elapsed_ms=1.0
[WARN] [1786541102.005594]: 开始进行多边形确认 · 多边形确认失败 · rejected=0 · elapsed_ms=1.2
[WARN] [1786541102.115291]: 开始进行多边形确认 · 多边形确认失败 · rejected=0 · elapsed_ms=1.2
[WARN] [1786541102.255038]: CITRUS_CENTER reject instances=0 reason=polygon circle inlier ratio 0.17 is below 0.30
[WARN] [1786541102.255757]: 开始进行多边形确认 · 多边形确认失败 · rejected=1 · elapsed_ms=6.2
[WARN] [1786541102.373130]: 开始进行多边形确认 · 多边形确认失败 · rejected=1 · elapsed_ms=5.8
[WARN] [1786541102.617453]: 开始进行多边形确认 · 多边形确认失败 · rejected=0 · elapsed_ms=1.2
[WARN] [1786541102.749295]: 开始进行多边形确认 · 多边形确认失败 · rejected=0 · elapsed_ms=1.5
[WARN] [1786541102.868318]: 开始进行多边形确认 · 多边形确认失败 · rejected=0 · elapsed_ms=1.4
[WARN] [1786541103.107348]: 开始进行多边形确认 · 多边形确认失败 · rejected=0 · elapsed_ms=1.3
[WARN] [1786541103.230130]: 开始进行多边形确认 · 多边形确认失败 · rejected=0 · elapsed_ms=1.0
[WARN] [1786541103.360148]: 开始进行多边形确认 · 多边形确认失败 · rejected=0 · elapsed_ms=1.0
[WARN] [1786541131.190749]: 开始进行多边形确认 · 多边形确认失败 · rejected=0 · elapsed_ms=1.4
[WARN] [1786541131.337895]: 开始进行多边形确认 · 多边形确认失败 · rejected=0 · elapsed_ms=1.4
[WARN] [1786541131.444854]: 开始进行多边形确认 · 多边形确认失败 · rejected=0 · elapsed_ms=1.4
[WARN] [1786541131.946387]: CITRUS_CENTER reject instances=0 reason=reconstructed citrus radius 35.5 mm is outside 22.0..33.0 mm
[WARN] [1786541131.947665]: 开始进行多边形确认 · 多边形确认失败 · rejected=1 · elapsed_ms=15.0
[WARN] [1786541132.067387]: 开始进行多边形确认 · 多边形确认失败 · rejected=1 · elapsed_ms=9.9
[WARN] [1786541132.193614]: 开始进行多边形确认 · 多边形确认失败 · rejected=1 · elapsed_ms=11.3
[WARN] [1786541132.382671]: 开始进行多边形确认 · 多边形确认失败 · rejected=1 · elapsed_ms=14.0
[WARN] [1786541133.091862]: 开始进行多边形确认 · 多边形确认失败 · rejected=1 · elapsed_ms=19.2
[WARN] [1786541133.217716]: 开始进行多边形确认 · 多边形确认失败 · rejected=1 · elapsed_ms=17.8
[WARN] [1786541133.514638]: 开始进行多边形确认 · 多边形确认失败 · rejected=1 · elapsed_ms=22.1
[WARN] [1786541134.232047]: CITRUS_CENTER reject instances=0 reason=reconstructed citrus radius 36.0 mm is outside 22.0..33.0 mm
[WARN] [1786541134.233588]: 开始进行多边形确认 · 多边形确认失败 · rejected=1 · elapsed_ms=20.3
[WARN] [1786541134.843979]: 开始进行多边形确认 · 多边形确认失败 · rejected=1 · elapsed_ms=16.2
[WARN] [1786541134.961497]: 开始进行多边形确认 · 多边形确认失败 · rejected=0 · elapsed_ms=1.3
[WARN] [1786541135.088146]: 开始进行多边形确认 · 多边形确认失败 · rejected=0 · elapsed_ms=0.9
[WARN] [1786541135.208828]: 开始进行多边形确认 · 多边形确认失败 · rejected=0 · elapsed_ms=1.1
[WARN] [1786541135.332109]: 开始进行多边形确认 · 多边形确认失败 · rejected=0 · elapsed_ms=1.2
[WARN] [1786541135.454122]: 开始进行多边形确认 · 多边形确认失败 · rejected=0 · elapsed_ms=1.3
[WARN] [1786541135.604941]: 开始进行多边形确认 · 多边形确认失败 · rejected=0 · elapsed_ms=1.2
[WARN] [1786541135.697427]: 开始进行多边形确认 · 多边形确认失败 · rejected=0 · elapsed_ms=1.3
[WARN] [1786541135.848951]: 开始进行多边形确认 · 多边形确认失败 · rejected=0 · elapsed_ms=1.5
[WARN] [1786541135.969185]: 开始进行多边形确认 · 多边形确认失败 · rejected=0 · elapsed_ms=1.3
[WARN] [1786541136.089557]: 开始进行多边形确认 · 多边形确认失败 · rejected=0 · elapsed_ms=1.1
[WARN] [1786541136.201167]: 开始进行多边形确认 · 多边形确认失败 · rejected=0 · elapsed_ms=1.1
[WARN] [1786541136.318891]: 开始进行多边形确认 · 多边形确认失败 · rejected=0 · elapsed_ms=1.1
[WARN] [1786541136.447566]: 开始进行多边形确认 · 多边形确认失败 · rejected=0 · elapsed_ms=1.4
[WARN] [1786541136.584081]: 开始进行多边形确认 · 多边形确认失败 · rejected=0 · elapsed_ms=1.5
[WARN] [1786541136.727060]: 开始进行多边形确认 · 多边形确认失败 · rejected=0 · elapsed_ms=1.3
[WARN] [1786541136.829761]: 开始进行多边形确认 · 多边形确认失败 · rejected=0 · elapsed_ms=1.5
[WARN] [1786541136.944928]: 开始进行多边形确认 · 多边形确认失败 · rejected=0 · elapsed_ms=1.6
[WARN] [1786541137.076096]: 开始进行多边形确认 · 多边形确认失败 · rejected=0 · elapsed_ms=1.4
[WARN] [1786541137.208838]: 开始进行多边形确认 · 多边形确认失败 · rejected=0 · elapsed_ms=1.5
[WARN] [1786541137.346391]: 开始进行多边形确认 · 多边形确认失败 · rejected=0 · elapsed_ms=1.4
[WARN] [1786541137.462537]: 开始进行多边形确认 · 多边形确认失败 · rejected=0 · elapsed_ms=1.3
[WARN] [1786541137.574018]: 开始进行多边形确认 · 多边形确认失败 · rejected=0 · elapsed_ms=1.5
[WARN] [1786541137.709480]: 开始进行多边形确认 · 多边形确认失败 · rejected=0 · elapsed_ms=3.1
[WARN] [1786541137.877741]: 开始进行多边形确认 · 多边形确认失败 · rejected=0 · elapsed_ms=1.2
[WARN] [1786541137.966007]: 开始进行多边形确认 · 多边形确认失败 · rejected=0 · elapsed_ms=1.4
[WARN] [1786541138.096930]: 开始进行多边形确认 · 多边形确认失败 · rejected=0 · elapsed_ms=1.6
[WARN] [1786541138.200340]: 开始进行多边形确认 · 多边形确认失败 · rejected=0 · elapsed_ms=1.3
[WARN] [1786541138.324249]: 开始进行多边形确认 · 多边形确认失败 · rejected=0 · elapsed_ms=1.2
[WARN] [1786541138.457085]: 开始进行多边形确认 · 多边形确认失败 · rejected=0 · elapsed_ms=1.4
[WARN] [1786541138.581928]: 开始进行多边形确认 · 多边形确认失败 · rejected=0 · elapsed_ms=1.0
[WARN] [1786541138.710277]: 开始进行多边形确认 · 多边形确认失败 · rejected=0 · elapsed_ms=1.3
[WARN] [1786541138.835303]: 开始进行多边形确认 · 多边形确认失败 · rejected=0 · elapsed_ms=2.1
[WARN] [1786541138.995098]: 开始进行多边形确认 · 多边形确认失败 · rejected=0 · elapsed_ms=1.2
[WARN] [1786541139.088623]: 开始进行多边形确认 · 多边形确认失败 · rejected=0 · elapsed_ms=1.4
[WARN] [1786541139.223398]: 开始进行多边形确认 · 多边形确认失败 · rejected=0 · elapsed_ms=1.2
[WARN] [1786541139.343164]: 开始进行多边形确认 · 多边形确认失败 · rejected=0 · elapsed_ms=1.2
[WARN] [1786541139.470027]: 开始进行多边形确认 · 多边形确认失败 · rejected=0 · elapsed_ms=1.4
[WARN] [1786541139.582546]: 开始进行多边形确认 · 多边形确认失败 · rejected=0 · elapsed_ms=1.1
[WARN] [1786541139.706800]: 开始进行多边形确认 · 多边形确认失败 · rejected=0 · elapsed_ms=2.6
[WARN] [1786541139.828175]: 开始进行多边形确认 · 多边形确认失败 · rejected=0 · elapsed_ms=1.2
[WARN] [1786541139.960462]: 开始进行多边形确认 · 多边形确认失败 · rejected=0 · elapsed_ms=1.8
[WARN] [1786541140.088601]: 开始进行多边形确认 · 多边形确认失败 · rejected=0 · elapsed_ms=1.3
[WARN] [1786541140.207661]: 开始进行多边形确认 · 多边形确认失败 · rejected=0 · elapsed_ms=1.4
[WARN] [1786541140.329603]: 开始进行多边形确认 · 多边形确认失败 · rejected=0 · elapsed_ms=1.1
[WARN] [1786541140.458160]: 开始进行多边形确认 · 多边形确认失败 · rejected=0 · elapsed_ms=1.1
[WARN] [1786541140.581121]: 开始进行多边形确认 · 多边形确认失败 · rejected=0 · elapsed_ms=1.3
[WARN] [1786541140.710798]: 开始进行多边形确认 · 多边形确认失败 · rejected=0 · elapsed_ms=1.4
[WARN] [1786541140.847828]: 开始进行多边形确认 · 多边形确认失败 · rejected=0 · elapsed_ms=1.1
[WARN] [1786541140.956566]: 开始进行多边形确认 · 多边形确认失败 · rejected=0 · elapsed_ms=1.2
[WARN] [1786541141.106060]: 开始进行多边形确认 · 多边形确认失败 · rejected=0 · elapsed_ms=1.3
[WARN] [1786541141.209430]: 开始进行多边形确认 · 多边形确认失败 · rejected=0 · elapsed_ms=1.1
[WARN] [1786541141.333212]: 开始进行多边形确认 · 多边形确认失败 · rejected=0 · elapsed_ms=1.2
[WARN] [1786541141.481622]: 开始进行多边形确认 · 多边形确认失败 · rejected=0 · elapsed_ms=1.2
[WARN] [1786541141.605780]: 开始进行多边形确认 · 多边形确认失败 · rejected=0 · elapsed_ms=1.5
[WARN] [1786541141.727554]: 开始进行多边形确认 · 多边形确认失败 · rejected=0 · elapsed_ms=1.3
[WARN] [1786541141.841703]: 开始进行多边形确认 · 多边形确认失败 · rejected=0 · elapsed_ms=1.7
[WARN] [1786541141.970607]: 开始进行多边形确认 · 多边形确认失败 · rejected=0 · elapsed_ms=1.5
[WARN] [1786541142.112618]: 开始进行多边形确认 · 多边形确认失败 · rejected=0 · elapsed_ms=1.4
[WARN] [1786541142.216956]: 开始进行多边形确认 · 多边形确认失败 · rejected=0 · elapsed_ms=1.1
[WARN] [1786541142.338499]: 开始进行多边形确认 · 多边形确认失败 · rejected=0 · elapsed_ms=1.4
[WARN] [1786541142.472273]: 开始进行多边形确认 · 多边形确认失败 · rejected=0 · elapsed_ms=1.4
[WARN] [1786541142.590482]: 开始进行多边形确认 · 多边形确认失败 · rejected=0 · elapsed_ms=1.0
[WARN] [1786541142.715649]: 开始进行多边形确认 · 多边形确认失败 · rejected=0 · elapsed_ms=1.2
[WARN] [1786541142.836812]: 开始进行多边形确认 · 多边形确认失败 · rejected=0 · elapsed_ms=1.0
[WARN] [1786541142.968487]: 开始进行多边形确认 · 多边形确认失败 · rejected=0 · elapsed_ms=1.2
[WARN] [1786541143.138112]: 开始进行多边形确认 · 多边形确认失败 · rejected=0 · elapsed_ms=1.3
[WARN] [1786541143.235860]: 开始进行多边形确认 · 多边形确认失败 · rejected=0 · elapsed_ms=1.2
[WARN] [1786541143.361785]: 开始进行多边形确认 · 多边形确认失败 · rejected=0 · elapsed_ms=1.5
[WARN] [1786541143.482751]: 开始进行多边形确认 · 多边形确认失败 · rejected=0 · elapsed_ms=1.2
[WARN] [1786541143.594251]: 开始进行多边形确认 · 多边形确认失败 · rejected=0 · elapsed_ms=1.3
[WARN] [1786541143.716308]: 开始进行多边形确认 · 多边形确认失败 · rejected=0 · elapsed_ms=1.4
[WARN] [1786541143.863207]: 开始进行多边形确认 · 多边形确认失败 · rejected=0 · elapsed_ms=19.5
[WARN] [1786541143.990174]: 开始进行多边形确认 · 多边形确认失败 · rejected=0 · elapsed_ms=1.5
[WARN] [1786541144.136915]: 开始进行多边形确认 · 多边形确认失败 · rejected=0 · elapsed_ms=1.5
[WARN] [1786541144.244128]: 开始进行多边形确认 · 多边形确认失败 · rejected=0 · elapsed_ms=1.3
[WARN] [1786541144.366036]: 开始进行多边形确认 · 多边形确认失败 · rejected=0 · elapsed_ms=1.5
[WARN] [1786541144.485805]: 开始进行多边形确认 · 多边形确认失败 · rejected=0 · elapsed_ms=1.2
[WARN] [1786541144.606611]: 开始进行多边形确认 · 多边形确认失败 · rejected=0 · elapsed_ms=1.2
[WARN] [1786541144.732390]: 开始进行多边形确认 · 多边形确认失败 · rejected=0 · elapsed_ms=1.1
[WARN] [1786541144.855918]: 开始进行多边形确认 · 多边形确认失败 · rejected=0 · elapsed_ms=1.3
[WARN] [1786541144.984275]: 开始进行多边形确认 · 多边形确认失败 · rejected=0 · elapsed_ms=1.2
[WARN] [1786541145.117774]: 开始进行多边形确认 · 多边形确认失败 · rejected=0 · elapsed_ms=1.4
[WARN] [1786541145.229174]: 开始进行多边形确认 · 多边形确认失败 · rejected=0 · elapsed_ms=1.1
[INFO] [1786541134.574109]: 开始进行多边形确认 · detections=4
[INFO] [1786541134.594712]: CITRUS_CENTER ok pixel=(454,492) depth=0.309 m radius=33.0 mm arc=146 deg error=0.72 px fragments=1
[INFO] [1786541134.595797]: 开始进行多边形确认 · centers=1 · rejected=0 · merged=0 · elapsed_ms=21.8
[INFO] [1786541134.701221]: 开始进行多边形确认 · detections=4
[INFO] [1786541134.721989]: 开始进行多边形确认 · centers=1 · rejected=0 · merged=0 · elapsed_ms=20.8
[INFO] [1786541134.827837]: 开始进行多边形确认 · detections=4
[INFO] [1786541134.960320]: 开始进行多边形确认 · detections=2
[INFO] [1786541135.087310]: 开始进行多边形确认 · detections=2
[INFO] [1786541135.207777]: 开始进行多边形确认 · detections=2
[INFO] [1786541135.330967]: 开始进行多边形确认 · detections=2
[INFO] [1786541135.452866]: 开始进行多边形确认 · detections=3
[INFO] [1786541135.603770]: 开始进行多边形确认 · detections=2
[INFO] [1786541135.696143]: 开始进行多边形确认 · detections=2
[INFO] [1786541135.847507]: 开始进行多边形确认 · detections=3
[INFO] [1786541135.967929]: 开始进行多边形确认 · detections=3
[INFO] [1786541136.088516]: 开始进行多边形确认 · detections=2
[INFO] [1786541136.200082]: 开始进行多边形确认 · detections=3
[INFO] [1786541136.317845]: 开始进行多边形确认 · detections=2
[INFO] [1786541136.446272]: 开始进行多边形确认 · detections=3
[INFO] [1786541136.582616]: 开始进行多边形确认 · detections=2
[INFO] [1786541136.725815]: 开始进行多边形确认 · detections=2
[INFO] [1786541136.828368]: 开始进行多边形确认 · detections=2
[INFO] [1786541136.943393]: 开始进行多边形确认 · detections=3
[INFO] [1786541137.074720]: 开始进行多边形确认 · detections=3
[INFO] [1786541137.207407]: 开始进行多边形确认 · detections=2
[INFO] [1786541137.345106]: 开始进行多边形确认 · detections=3
[INFO] [1786541137.461320]: 开始进行多边形确认 · detections=3
[INFO] [1786541137.572618]: 开始进行多边形确认 · detections=3
[INFO] [1786541137.706376]: 开始进行多边形确认 · detections=2
[INFO] [1786541137.876578]: 开始进行多边形确认 · detections=3
[INFO] [1786541137.964690]: 开始进行多边形确认 · detections=3
[INFO] [1786541138.095378]: 开始进行多边形确认 · detections=3
[INFO] [1786541138.199055]: 开始进行多边形确认 · detections=3
[INFO] [1786541138.323101]: 开始进行多边形确认 · detections=3
[INFO] [1786541138.455750]: 开始进行多边形确认 · detections=3
[INFO] [1786541138.580971]: 开始进行多边形确认 · detections=2
[INFO] [1786541138.709038]: 开始进行多边形确认 · detections=3
[INFO] [1786541138.833244]: 开始进行多边形确认 · detections=2
[INFO] [1786541138.994014]: 开始进行多边形确认 · detections=2
[INFO] [1786541139.087314]: 开始进行多边形确认 · detections=2
[INFO] [1786541139.222313]: 开始进行多边形确认 · detections=2
[INFO] [1786541139.342082]: 开始进行多边形确认 · detections=3
[INFO] [1786541139.344030]: RGB-D vision status: model_ready:onnxruntime targets:0 centers:0 tf:0 rejected:0 merged:0 semantic_masks:3
[INFO] [1786541139.468700]: 开始进行多边形确认 · detections=2
[INFO] [1786541139.581499]: 开始进行多边形确认 · detections=2
[INFO] [1786541139.704255]: 开始进行多边形确认 · detections=3
[INFO] [1786541139.826998]: 开始进行多边形确认 · detections=2
[INFO] [1786541139.958748]: 开始进行多边形确认 · detections=3
[INFO] [1786541140.087394]: 开始进行多边形确认 · detections=3
[INFO] [1786541140.206364]: 开始进行多边形确认 · detections=2
[INFO] [1786541140.328520]: 开始进行多边形确认 · detections=3
[INFO] [1786541140.457138]: 开始进行多边形确认 · detections=2
[INFO] [1786541140.579915]: 开始进行多边形确认 · detections=3
[INFO] [1786541140.709467]: 开始进行多边形确认 · detections=3
[INFO] [1786541140.846793]: 开始进行多边形确认 · detections=3
[INFO] [1786541140.955375]: 开始进行多边形确认 · detections=3
[INFO] [1786541141.104846]: 开始进行多边形确认 · detections=3
[INFO] [1786541141.208348]: 开始进行多边形确认 · detections=2
[INFO] [1786541141.332093]: 开始进行多边形确认 · detections=2
[INFO] [1786541141.480519]: 开始进行多边形确认 · detections=2
[INFO] [1786541141.604350]: 开始进行多边形确认 · detections=3
[INFO] [1786541141.726309]: 开始进行多边形确认 · detections=2
[INFO] [1786541141.840029]: 开始进行多边形确认 · detections=3
[INFO] [1786541141.969157]: 开始进行多边形确认 · detections=3
[INFO] [1786541142.111286]: 开始进行多边形确认 · detections=3
[INFO] [1786541142.215934]: 开始进行多边形确认 · detections=2
[INFO] [1786541142.337152]: 开始进行多边形确认 · detections=3
[INFO] [1786541142.470876]: 开始进行多边形确认 · detections=3
[INFO] [1786541142.589574]: 开始进行多边形确认 · detections=3
[INFO] [1786541142.714467]: 开始进行多边形确认 · detections=3
[INFO] [1786541142.835827]: 开始进行多边形确认 · detections=3
[INFO] [1786541142.967301]: 开始进行多边形确认 · detections=2
[INFO] [1786541143.136894]: 开始进行多边形确认 · detections=3
[INFO] [1786541143.234692]: 开始进行多边形确认 · detections=2
[INFO] [1786541143.360326]: 开始进行多边形确认 · detections=3
[INFO] [1786541143.481597]: 开始进行多边形确认 · detections=3
[INFO] [1786541143.592967]: 开始进行多边形确认 · detections=3
[INFO] [1786541143.714922]: 开始进行多边形确认 · detections=3
[INFO] [1786541143.843706]: 开始进行多边形确认 · detections=2
[INFO] [1786541143.988712]: 开始进行多边形确认 · detections=3
[INFO] [1786541144.135477]: 开始进行多边形确认 · detections=3
[INFO] [1786541144.242945]: 开始进行多边形确认 · detections=3
[INFO] [1786541144.364546]: 开始进行多边形确认 · detections=2
[INFO] [1786541144.367624]: RGB-D vision status: model_ready:onnxruntime targets:0 centers:0 tf:0 rejected:0 merged:0 semantic_masks:2
[INFO] [1786541144.484676]: 开始进行多边形确认 · detections=3
[INFO] [1786541144.605427]: 开始进行多边形确认 · detections=2
[INFO] [1786541144.731375]: 开始进行多边形确认 · detections=3
[INFO] [1786541144.854711]: 开始进行多边形确认 · detections=2
[INFO] [1786541144.983140]: 开始进行多边形确认 · detections=3
[INFO] [1786541145.116439]: 开始进行多边形确认 · detections=2
[INFO] [1786541145.228127]: 开始进行多边形确认 · detections=2
[INFO] [1786541145.354533]: 开始进行多边形确认 · detections=2
[INFO] [1786541145.479167]: 开始进行多边形确认 · detections=2
[INFO] [1786541145.605141]: 开始进行多边形确认 · detections=3
[INFO] [1786541145.721338]: 开始进行多边形确认 · detections=3
[INFO] [1786541145.841406]: 开始进行多边形确认 · detections=3
[INFO] [1786541145.968562]: 开始进行多边形确认 · detections=3
[INFO] [1786541146.091364]: 开始进行多边形确认 · detections=3
[INFO] [1786541146.241997]: 开始进行多边形确认 · detections=3
[INFO] [1786541146.356676]: 开始进行多边形确认 · detections=3
[INFO] [1786541146.502549]: 开始进行多边形确认 · detections=3
[INFO] [1786541146.609490]: 开始进行多边形确认 · detections=3
[INFO] [1786541146.735445]: 开始进行多边形确认 · detections=3
[INFO] [1786541146.863915]: 开始进行多边形确认 · detections=5
[INFO] [1786541147.004363]: 开始进行多边形确认 · detections=5
[INFO] [1786541147.121122]: 开始进行多边形确认 · detections=5
[INFO] [1786541147.252665]: 开始进行多边形确认 · detections=4
[INFO] [1786541147.388647]: 开始进行多边形确认 · detections=4
[INFO] [1786541147.505499]: 开始进行多边形确认 · detections=4
[WARN] [1786541145.355689]: 开始进行多边形确认 · 多边形确认失败 · rejected=0 · elapsed_ms=1.2
[WARN] [1786541145.480713]: 开始进行多边形确认 · 多边形确认失败 · rejected=0 · elapsed_ms=1.6
[WARN] [1786541145.606204]: 开始进行多边形确认 · 多边形确认失败 · rejected=0 · elapsed_ms=1.1
[WARN] [1786541145.722481]: 开始进行多边形确认 · 多边形确认失败 · rejected=0 · elapsed_ms=1.2
[WARN] [1786541145.842422]: 开始进行多边形确认 · 多边形确认失败 · rejected=0 · elapsed_ms=1.1
[WARN] [1786541145.969790]: 开始进行多边形确认 · 多边形确认失败 · rejected=0 · elapsed_ms=1.3
[WARN] [1786541146.092698]: 开始进行多边形确认 · 多边形确认失败 · rejected=0 · elapsed_ms=1.4
[WARN] [1786541146.243502]: 开始进行多边形确认 · 多边形确认失败 · rejected=0 · elapsed_ms=1.5
[WARN] [1786541146.358076]: 开始进行多边形确认 · 多边形确认失败 · rejected=0 · elapsed_ms=1.5
[WARN] [1786541146.503802]: 开始进行多边形确认 · 多边形确认失败 · rejected=0 · elapsed_ms=1.3
[WARN] [1786541146.610952]: 开始进行多边形确认 · 多边形确认失败 · rejected=0 · elapsed_ms=1.5
[WARN] [1786541146.737083]: 开始进行多边形确认 · 多边形确认失败 · rejected=0 · elapsed_ms=1.7
[WARN] [1786541146.888256]: CITRUS_CENTER reject instances=1 reason=reconstructed citrus radius 37.8 mm is outside 22.0..33.0 mm
[WARN] [1786541146.889400]: 开始进行多边形确认 · 多边形确认失败 · rejected=1 · elapsed_ms=25.6
[WARN] [1786541147.024494]: 开始进行多边形确认 · 多边形确认失败 · rejected=1 · elapsed_ms=20.2
[WARN] [1786541147.141826]: 开始进行多边形确认 · 多边形确认失败 · rejected=1 · elapsed_ms=20.8
[WARN] [1786541147.270092]: 开始进行多边形确认 · 多边形确认失败 · rejected=1 · elapsed_ms=17.5
[WARN] [1786541147.411056]: 开始进行多边形确认 · 多边形确认失败 · rejected=1 · elapsed_ms=22.4
[WARN] [1786541147.776797]: 开始进行多边形确认 · 多边形确认失败 · rejected=1 · elapsed_ms=21.1
[WARN] [1786541148.022892]: 开始进行多边形确认 · 多边形确认失败 · rejected=1 · elapsed_ms=20.0
[WARN] [1786541148.145948]: 开始进行多边形确认 · 多边形确认失败 · rejected=1 · elapsed_ms=20.0
[WARN] [1786541148.290670]: 开始进行多边形确认 · 多边形确认失败 · rejected=2 · elapsed_ms=40.4
[WARN] [1786541148.418168]: 开始进行多边形确认 · 多边形确认失败 · rejected=1 · elapsed_ms=20.1
[WARN] [1786541148.528929]: 开始进行多边形确认 · 多边形确认失败 · rejected=1 · elapsed_ms=23.3
[WARN] [1786541150.395607]: 开始进行多边形确认 · 多边形确认失败 · rejected=0 · elapsed_ms=1.4
[WARN] [1786541150.540513]: 开始进行多边形确认 · 多边形确认失败 · rejected=0 · elapsed_ms=1.3
[WARN] [1786541150.651580]: 开始进行多边形确认 · 多边形确认失败 · rejected=0 · elapsed_ms=1.4
[WARN] [1786541150.777479]: 开始进行多边形确认 · 多边形确认失败 · rejected=0 · elapsed_ms=1.6
[WARN] [1786541150.903361]: 开始进行多边形确认 · 多边形确认失败 · rejected=0 · elapsed_ms=1.4
[WARN] [1786541151.027589]: 开始进行多边形确认 · 多边形确认失败 · rejected=0 · elapsed_ms=1.5
[WARN] [1786541151.149507]: 开始进行多边形确认 · 多边形确认失败 · rejected=0 · elapsed_ms=1.7
[WARN] [1786541151.288883]: 开始进行多边形确认 · 多边形确认失败 · rejected=0 · elapsed_ms=1.4
[WARN] [1786541151.408482]: 开始进行多边形确认 · 多边形确认失败 · rejected=0 · elapsed_ms=3.0
[WARN] [1786541151.537182]: 开始进行多边形确认 · 多边形确认失败 · rejected=0 · elapsed_ms=1.5
[WARN] [1786541151.654636]: 开始进行多边形确认 · 多边形确认失败 · rejected=0 · elapsed_ms=1.5
[WARN] [1786541151.787692]: 开始进行多边形确认 · 多边形确认失败 · rejected=0 · elapsed_ms=1.4
[WARN] [1786541151.904111]: 开始进行多边形确认 · 多边形确认失败 · rejected=0 · elapsed_ms=1.5
[WARN] [1786541152.034081]: 开始进行多边形确认 · 多边形确认失败 · rejected=0 · elapsed_ms=1.3
[WARN] [1786541152.156596]: 开始进行多边形确认 · 多边形确认失败 · rejected=0 · elapsed_ms=1.5
[WARN] [1786541152.287009]: 开始进行多边形确认 · 多边形确认失败 · rejected=0 · elapsed_ms=1.4
[WARN] [1786541152.401394]: 开始进行多边形确认 · 多边形确认失败 · rejected=0 · elapsed_ms=1.4
[WARN] [1786541152.560157]: 开始进行多边形确认 · 多边形确认失败 · rejected=0 · elapsed_ms=1.6
[WARN] [1786541152.649968]: 开始进行多边形确认 · 多边形确认失败 · rejected=0 · elapsed_ms=1.6
[WARN] [1786541152.785068]: 开始进行多边形确认 · 多边形确认失败 · rejected=0 · elapsed_ms=1.3
[WARN] [1786541152.895406]: 开始进行多边形确认 · 多边形确认失败 · rejected=0 · elapsed_ms=1.3
[WARN] [1786541153.016249]: 开始进行多边形确认 · 多边形确认失败 · rejected=0 · elapsed_ms=1.4
[WARN] [1786541153.144578]: 开始进行多边形确认 · 多边形确认失败 · rejected=0 · elapsed_ms=1.3
[WARN] [1786541153.282215]: 开始进行多边形确认 · 多边形确认失败 · rejected=0 · elapsed_ms=1.2
[WARN] [1786541153.403350]: 开始进行多边形确认 · 多边形确认失败 · rejected=0 · elapsed_ms=1.3
[WARN] [1786541153.538158]: 开始进行多边形确认 · 多边形确认失败 · rejected=0 · elapsed_ms=1.2
[WARN] [1786541153.645483]: 开始进行多边形确认 · 多边形确认失败 · rejected=0 · elapsed_ms=1.0
[WARN] [1786541153.793464]: 开始进行多边形确认 · 多边形确认失败 · rejected=0 · elapsed_ms=1.4
[WARN] [1786541153.923728]: 开始进行多边形确认 · 多边形确认失败 · rejected=0 · elapsed_ms=2.1
[WARN] [1786541154.041856]: 开始进行多边形确认 · 多边形确认失败 · rejected=0 · elapsed_ms=1.2
[WARN] [1786541154.164913]: 开始进行多边形确认 · 多边形确认失败 · rejected=0 · elapsed_ms=1.3
[WARN] [1786541154.290532]: 开始进行多边形确认 · 多边形确认失败 · rejected=0 · elapsed_ms=1.2
[WARN] [1786541154.418248]: 开始进行多边形确认 · 多边形确认失败 · rejected=0 · elapsed_ms=1.2
[WARN] [1786541154.573833]: 开始进行多边形确认 · 多边形确认失败 · rejected=0 · elapsed_ms=1.9
[WARN] [1786541154.667045]: 开始进行多边形确认 · 多边形确认失败 · rejected=0 · elapsed_ms=1.4
[WARN] [1786541154.803461]: 开始进行多边形确认 · 多边形确认失败 · rejected=0 · elapsed_ms=1.2
[WARN] [1786541154.916525]: 开始进行多边形确认 · 多边形确认失败 · rejected=0 · elapsed_ms=1.3
[WARN] [1786541155.049799]: 开始进行多边形确认 · 多边形确认失败 · rejected=0 · elapsed_ms=1.3
[WARN] [1786541155.172547]: 开始进行多边形确认 · 多边形确认失败 · rejected=0 · elapsed_ms=1.3
[WARN] [1786541155.297688]: 开始进行多边形确认 · 多边形确认失败 · rejected=0 · elapsed_ms=1.3
[WARN] [1786541155.420804]: 开始进行多边形确认 · 多边形确认失败 · rejected=0 · elapsed_ms=1.9
[WARN] [1786541155.554990]: 开始进行多边形确认 · 多边形确认失败 · rejected=0 · elapsed_ms=1.4
[WARN] [1786541155.683334]: 开始进行多边形确认 · 多边形确认失败 · rejected=0 · elapsed_ms=1.2
[WARN] [1786541155.798357]: 开始进行多边形确认 · 多边形确认失败 · rejected=0 · elapsed_ms=1.6
[WARN] [1786541155.919225]: 开始进行多边形确认 · 多边形确认失败 · rejected=0 · elapsed_ms=1.5
[WARN] [1786541156.049264]: 开始进行多边形确认 · 多边形确认失败 · rejected=0 · elapsed_ms=1.4
[WARN] [1786541156.171134]: 开始进行多边形确认 · 多边形确认失败 · rejected=0 · elapsed_ms=1.5
[WARN] [1786541156.276855]: 开始进行多边形确认 · 多边形确认失败 · rejected=0 · elapsed_ms=1.6
[INFO] [1786541147.528339]: CITRUS_CENTER ok pixel=(383,453) depth=0.331 m radius=22.8 mm arc=223 deg error=0.61 px fragments=1
[INFO] [1786541147.529646]: 开始进行多边形确认 · centers=1 · rejected=0 · merged=0 · elapsed_ms=24.2
[INFO] [1786541147.625749]: 开始进行多边形确认 · detections=4
[INFO] [1786541147.647899]: 开始进行多边形确认 · centers=1 · rejected=0 · merged=0 · elapsed_ms=22.2
[INFO] [1786541147.755734]: 开始进行多边形确认 · detections=4
[INFO] [1786541147.876518]: 开始进行多边形确认 · detections=4
[INFO] [1786541147.898847]: 开始进行多边形确认 · centers=1 · rejected=0 · merged=0 · elapsed_ms=22.4
[INFO] [1786541148.002922]: 开始进行多边形确认 · detections=4
[INFO] [1786541148.126002]: 开始进行多边形确认 · detections=5
[INFO] [1786541148.250276]: 开始进行多边形确认 · detections=5
[INFO] [1786541148.398077]: 开始进行多边形确认 · detections=4
[INFO] [1786541148.505635]: 开始进行多边形确认 · detections=4
[INFO] [1786541148.629973]: 开始进行多边形确认 · detections=5
[INFO] [1786541148.705697]: 开始进行多边形确认 · centers=1 · rejected=0 · merged=1 · elapsed_ms=75.8
[INFO] [1786541148.778162]: 开始进行多边形确认 · detections=4
[INFO] [1786541148.808876]: 开始进行多边形确认 · centers=1 · rejected=0 · merged=0 · elapsed_ms=30.8
[INFO] [1786541148.900762]: 开始进行多边形确认 · detections=4
[INFO] [1786541148.944680]: 开始进行多边形确认 · centers=1 · rejected=0 · merged=0 · elapsed_ms=43.9
[INFO] [1786541149.034337]: 开始进行多边形确认 · detections=4
[INFO] [1786541149.060332]: 开始进行多边形确认 · centers=1 · rejected=0 · merged=0 · elapsed_ms=26.0
[INFO] [1786541149.144837]: 开始进行多边形确认 · detections=4
[INFO] [1786541149.168361]: 开始进行多边形确认 · centers=1 · rejected=0 · merged=0 · elapsed_ms=23.6
[INFO] [1786541149.274141]: 开始进行多边形确认 · detections=4
[INFO] [1786541149.299641]: 开始进行多边形确认 · centers=1 · rejected=0 · merged=0 · elapsed_ms=25.5
[INFO] [1786541149.418896]: 开始进行多边形确认 · detections=4
[INFO] [1786541149.451116]: 开始进行多边形确认 · centers=1 · rejected=0 · merged=0 · elapsed_ms=32.2
[INFO] [1786541149.517824]: 开始进行多边形确认 · detections=4
[INFO] [1786541149.543756]: CITRUS_CENTER ok pixel=(400,467) depth=0.328 m radius=31.9 mm arc=203 deg error=0.64 px fragments=1
[INFO] [1786541149.544900]: 开始进行多边形确认 · centers=1 · rejected=0 · merged=0 · elapsed_ms=27.2
[INFO] [1786541149.647588]: 开始进行多边形确认 · detections=4
[INFO] [1786541149.672938]: 开始进行多边形确认 · centers=1 · rejected=0 · merged=0 · elapsed_ms=25.4
[INFO] [1786541149.773656]: 开始进行多边形确认 · detections=4
[INFO] [1786541149.800307]: 开始进行多边形确认 · centers=1 · rejected=0 · merged=0 · elapsed_ms=26.7
[INFO] [1786541149.897607]: 开始进行多边形确认 · detections=4
[INFO] [1786541149.926337]: 开始进行多边形确认 · centers=1 · rejected=0 · merged=0 · elapsed_ms=28.8
[INFO] [1786541150.025921]: 开始进行多边形确认 · detections=4
[INFO] [1786541150.057446]: 开始进行多边形确认 · centers=1 · rejected=0 · merged=0 · elapsed_ms=31.5
[INFO] [1786541150.144172]: 开始进行多边形确认 · detections=4
[INFO] [1786541150.172947]: 开始进行多边形确认 · centers=1 · rejected=0 · merged=0 · elapsed_ms=28.8
[INFO] [1786541150.270582]: 开始进行多边形确认 · detections=4
[INFO] [1786541150.294494]: 开始进行多边形确认 · centers=1 · rejected=0 · merged=0 · elapsed_ms=23.9
[INFO] [1786541150.394258]: 开始进行多边形确认 · detections=3
[INFO] [1786541150.396634]: RGB-D vision status: model_ready:onnxruntime targets:0 centers:0 tf:0 rejected:0 merged:0 semantic_masks:3
[INFO] [1786541150.539323]: 开始进行多边形确认 · detections=3
[INFO] [1786541150.650280]: 开始进行多边形确认 · detections=3
[INFO] [1786541150.775989]: 开始进行多边形确认 · detections=3
[INFO] [1786541150.902083]: 开始进行多边形确认 · detections=3
[INFO] [1786541151.026167]: 开始进行多边形确认 · detections=3
[INFO] [1786541151.147895]: 开始进行多边形确认 · detections=3
[INFO] [1786541151.287574]: 开始进行多边形确认 · detections=3
[INFO] [1786541151.405522]: 开始进行多边形确认 · detections=3
[INFO] [1786541151.535754]: 开始进行多边形确认 · detections=3
[INFO] [1786541151.653274]: 开始进行多边形确认 · detections=3
[INFO] [1786541151.786421]: 开始进行多边形确认 · detections=3
[INFO] [1786541151.902673]: 开始进行多边形确认 · detections=3
[INFO] [1786541152.032843]: 开始进行多边形确认 · detections=3
[INFO] [1786541152.155199]: 开始进行多边形确认 · detections=3
[INFO] [1786541152.285683]: 开始进行多边形确认 · detections=2
[INFO] [1786541152.400110]: 开始进行多边形确认 · detections=2
[INFO] [1786541152.558635]: 开始进行多边形确认 · detections=2
[INFO] [1786541152.648480]: 开始进行多边形确认 · detections=2
[INFO] [1786541152.783829]: 开始进行多边形确认 · detections=3
[INFO] [1786541152.894154]: 开始进行多边形确认 · detections=2
[INFO] [1786541153.014920]: 开始进行多边形确认 · detections=3
[INFO] [1786541153.143336]: 开始进行多边形确认 · detections=3
[INFO] [1786541153.281037]: 开始进行多边形确认 · detections=3
[INFO] [1786541153.402144]: 开始进行多边形确认 · detections=4
[INFO] [1786541153.537014]: 开始进行多边形确认 · detections=3
[INFO] [1786541153.644496]: 开始进行多边形确认 · detections=2
[INFO] [1786541153.792125]: 开始进行多边形确认 · detections=3
[INFO] [1786541153.921685]: 开始进行多边形确认 · detections=3
[INFO] [1786541154.040718]: 开始进行多边形确认 · detections=3
[INFO] [1786541154.163706]: 开始进行多边形确认 · detections=3
[INFO] [1786541154.289400]: 开始进行多边形确认 · detections=3
[INFO] [1786541154.417104]: 开始进行多边形确认 · detections=3
[INFO] [1786541154.572048]: 开始进行多边形确认 · detections=2
[INFO] [1786541154.665747]: 开始进行多边形确认 · detections=3
[INFO] [1786541154.802357]: 开始进行多边形确认 · detections=3
[INFO] [1786541154.915322]: 开始进行多边形确认 · detections=3
[INFO] [1786541155.048614]: 开始进行多边形确认 · detections=3
[INFO] [1786541155.171288]: 开始进行多边形确认 · detections=3
[INFO] [1786541155.296448]: 开始进行多边形确认 · detections=3
[INFO] [1786541155.419024]: 开始进行多边形确认 · detections=3
[INFO] [1786541155.553682]: 开始进行多边形确认 · detections=3
[INFO] [1786541155.682203]: 开始进行多边形确认 · detections=3
[INFO] [1786541155.796885]: 开始进行多边形确认 · detections=3
[INFO] [1786541155.917814]: 开始进行多边形确认 · detections=2
[INFO] [1786541155.920507]: RGB-D vision status: model_ready:onnxruntime targets:0 centers:0 tf:0 rejected:0 merged:0 semantic_masks:2
[INFO] [1786541156.047929]: 开始进行多边形确认 · detections=3
[INFO] [1786541156.169688]: 开始进行多边形确认 · detections=3
[INFO] [1786541156.275364]: 开始进行多边形确认 · detections=3
[INFO] [1786541156.396713]: 开始进行多边形确认 · detections=3
[INFO] [1786541156.525526]: 开始进行多边形确认 · detections=3
[INFO] [1786541156.704759]: 开始进行多边形确认 · detections=2
[INFO] [1786541156.779337]: 开始进行多边形确认 · detections=3
[INFO] [1786541156.899045]: 开始进行多边形确认 · detections=3
[INFO] [1786541157.028048]: 开始进行多边形确认 · detections=3
[INFO] [1786541157.159373]: 开始进行多边形确认 · detections=2
[INFO] [1786541157.276816]: 开始进行多边形确认 · detections=3
[INFO] [1786541157.416298]: 开始进行多边形确认 · detections=3
[WARN] [1786541156.397936]: 开始进行多边形确认 · 多边形确认失败 · rejected=0 · elapsed_ms=1.3
[WARN] [1786541156.526819]: 开始进行多边形确认 · 多边形确认失败 · rejected=0 · elapsed_ms=1.4
[WARN] [1786541156.707878]: 开始进行多边形确认 · 多边形确认失败 · rejected=0 · elapsed_ms=3.2
[WARN] [1786541156.780445]: 开始进行多边形确认 · 多边形确认失败 · rejected=0 · elapsed_ms=1.2
[WARN] [1786541156.900378]: 开始进行多边形确认 · 多边形确认失败 · rejected=0 · elapsed_ms=1.4
[WARN] [1786541157.029195]: 开始进行多边形确认 · 多边形确认失败 · rejected=0 · elapsed_ms=1.2
[WARN] [1786541157.160745]: 开始进行多边形确认 · 多边形确认失败 · rejected=0 · elapsed_ms=1.4
[WARN] [1786541157.277742]: 开始进行多边形确认 · 多边形确认失败 · rejected=0 · elapsed_ms=1.0
[WARN] [1786541157.417531]: 开始进行多边形确认 · 多边形确认失败 · rejected=0 · elapsed_ms=1.3
[WARN] [1786541157.541674]: 开始进行多边形确认 · 多边形确认失败 · rejected=0 · elapsed_ms=1.6
[WARN] [1786541157.654021]: 开始进行多边形确认 · 多边形确认失败 · rejected=0 · elapsed_ms=1.2
[WARN] [1786541157.806974]: 开始进行多边形确认 · 多边形确认失败 · rejected=0 · elapsed_ms=1.4
[WARN] [1786541157.919953]: 开始进行多边形确认 · 多边形确认失败 · rejected=0 · elapsed_ms=1.7
[WARN] [1786541158.046299]: 开始进行多边形确认 · 多边形确认失败 · rejected=0 · elapsed_ms=1.3
[WARN] [1786541158.169475]: 开始进行多边形确认 · 多边形确认失败 · rejected=0 · elapsed_ms=1.3
[WARN] [1786541158.294994]: 开始进行多边形确认 · 多边形确认失败 · rejected=0 · elapsed_ms=1.4
[WARN] [1786541158.407523]: 开始进行多边形确认 · 多边形确认失败 · rejected=0 · elapsed_ms=1.3
[WARN] [1786541158.546920]: 开始进行多边形确认 · 多边形确认失败 · rejected=0 · elapsed_ms=1.2
[WARN] [1786541158.661383]: 开始进行多边形确认 · 多边形确认失败 · rejected=0 · elapsed_ms=1.6
[WARN] [1786541158.826060]: 开始进行多边形确认 · 多边形确认失败 · rejected=0 · elapsed_ms=1.2
[WARN] [1786541158.916317]: 开始进行多边形确认 · 多边形确认失败 · rejected=0 · elapsed_ms=1.2
[WARN] [1786541159.056275]: 开始进行多边形确认 · 多边形确认失败 · rejected=0 · elapsed_ms=20.1
[WARN] [1786541159.174113]: 开始进行多边形确认 · 多边形确认失败 · rejected=0 · elapsed_ms=1.0
[WARN] [1786541159.297618]: 开始进行多边形确认 · 多边形确认失败 · rejected=0 · elapsed_ms=1.0
[WARN] [1786541159.422581]: 开始进行多边形确认 · 多边形确认失败 · rejected=0 · elapsed_ms=1.1
[WARN] [1786541159.548760]: 开始进行多边形确认 · 多边形确认失败 · rejected=0 · elapsed_ms=1.2
[WARN] [1786541159.670396]: 开始进行多边形确认 · 多边形确认失败 · rejected=0 · elapsed_ms=1.1
[WARN] [1786541159.792311]: 开始进行多边形确认 · 多边形确认失败 · rejected=0 · elapsed_ms=1.2
[WARN] [1786541159.958267]: 开始进行多边形确认 · 多边形确认失败 · rejected=0 · elapsed_ms=1.5
[WARN] [1786541160.063999]: 开始进行多边形确认 · 多边形确认失败 · rejected=0 · elapsed_ms=1.5
[WARN] [1786541160.184773]: 开始进行多边形确认 · 多边形确认失败 · rejected=0 · elapsed_ms=1.4
[WARN] [1786541160.305459]: 开始进行多边形确认 · 多边形确认失败 · rejected=0 · elapsed_ms=1.5
[WARN] [1786541160.419859]: 开始进行多边形确认 · 多边形确认失败 · rejected=0 · elapsed_ms=1.4
[WARN] [1786541160.546182]: 开始进行多边形确认 · 多边形确认失败 · rejected=0 · elapsed_ms=1.4
[WARN] [1786541160.665070]: 开始进行多边形确认 · 多边形确认失败 · rejected=0 · elapsed_ms=1.3
[WARN] [1786541160.792818]: 开始进行多边形确认 · 多边形确认失败 · rejected=0 · elapsed_ms=2.0
[WARN] [1786541160.934574]: 开始进行多边形确认 · 多边形确认失败 · rejected=0 · elapsed_ms=1.1
[WARN] [1786541161.044416]: 开始进行多边形确认 · 多边形确认失败 · rejected=0 · elapsed_ms=1.0
[WARN] [1786541161.165138]: 开始进行多边形确认 · 多边形确认失败 · rejected=0 · elapsed_ms=1.1
[WARN] [1786541161.294244]: 开始进行多边形确认 · 多边形确认失败 · rejected=0 · elapsed_ms=1.2
[WARN] [1786541161.420158]: 开始进行多边形确认 · 多边形确认失败 · rejected=0 · elapsed_ms=1.0
[WARN] [1786541161.550563]: 开始进行多边形确认 · 多边形确认失败 · rejected=0 · elapsed_ms=1.2
[WARN] [1786541161.690841]: 开始进行多边形确认 · 多边形确认失败 · rejected=0 · elapsed_ms=1.4
[WARN] [1786541161.824853]: 开始进行多边形确认 · 多边形确认失败 · rejected=0 · elapsed_ms=1.2
[WARN] [1786541161.976578]: 开始进行多边形确认 · 多边形确认失败 · rejected=0 · elapsed_ms=1.4
[WARN] [1786541162.060092]: 开始进行多边形确认 · 多边形确认失败 · rejected=0 · elapsed_ms=2.5
[WARN] [1786541162.209377]: 开始进行多边形确认 · 多边形确认失败 · rejected=0 · elapsed_ms=1.5
[WARN] [1786541162.316325]: 开始进行多边形确认 · 多边形确认失败 · rejected=0 · elapsed_ms=1.3
[WARN] [1786541162.446190]: 开始进行多边形确认 · 多边形确认失败 · rejected=0 · elapsed_ms=1.3
[WARN] [1786541162.566240]: 开始进行多边形确认 · 多边形确认失败 · rejected=0 · elapsed_ms=1.4
[WARN] [1786541162.702618]: 开始进行多边形确认 · 多边形确认失败 · rejected=0 · elapsed_ms=1.4
[WARN] [1786541162.817715]: 开始进行多边形确认 · 多边形确认失败 · rejected=0 · elapsed_ms=1.4
[WARN] [1786541162.925264]: 开始进行多边形确认 · 多边形确认失败 · rejected=0 · elapsed_ms=1.7
[WARN] [1786541163.063518]: 开始进行多边形确认 · 多边形确认失败 · rejected=0 · elapsed_ms=1.4
[WARN] [1786541163.186834]: 开始进行多边形确认 · 多边形确认失败 · rejected=0 · elapsed_ms=1.2
[WARN] [1786541163.323013]: 开始进行多边形确认 · 多边形确认失败 · rejected=0 · elapsed_ms=1.4
[WARN] [1786541163.443976]: 开始进行多边形确认 · 多边形确认失败 · rejected=0 · elapsed_ms=1.5
[WARN] [1786541163.570026]: 开始进行多边形确认 · 多边形确认失败 · rejected=0 · elapsed_ms=1.2
[WARN] [1786541163.692609]: 开始进行多边形确认 · 多边形确认失败 · rejected=0 · elapsed_ms=1.3
[WARN] [1786541163.818597]: 开始进行多边形确认 · 多边形确认失败 · rejected=0 · elapsed_ms=1.3
[WARN] [1786541163.941839]: 开始进行多边形确认 · 多边形确认失败 · rejected=0 · elapsed_ms=1.2
[WARN] [1786541164.070840]: 开始进行多边形确认 · 多边形确认失败 · rejected=0 · elapsed_ms=2.8
[WARN] [1786541164.207553]: 开始进行多边形确认 · 多边形确认失败 · rejected=0 · elapsed_ms=1.2
[WARN] [1786541164.313746]: 开始进行多边形确认 · 多边形确认失败 · rejected=0 · elapsed_ms=1.3
[WARN] [1786541164.437446]: 开始进行多边形确认 · 多边形确认失败 · rejected=0 · elapsed_ms=1.1
[WARN] [1786541164.562459]: 开始进行多边形确认 · 多边形确认失败 · rejected=0 · elapsed_ms=1.0
[WARN] [1786541164.693030]: 开始进行多边形确认 · 多边形确认失败 · rejected=0 · elapsed_ms=1.3
[WARN] [1786541164.833476]: 开始进行多边形确认 · 多边形确认失败 · rejected=0 · elapsed_ms=1.3
[WARN] [1786541164.953725]: 开始进行多边形确认 · 多边形确认失败 · rejected=0 · elapsed_ms=1.4
[WARN] [1786541165.085944]: 开始进行多边形确认 · 多边形确认失败 · rejected=0 · elapsed_ms=1.2
[WARN] [1786541165.232949]: 开始进行多边形确认 · 多边形确认失败 · rejected=0 · elapsed_ms=1.5
[WARN] [1786541165.341720]: 开始进行多边形确认 · 多边形确认失败 · rejected=0 · elapsed_ms=1.4
[INFO] [1786541157.540186]: 开始进行多边形确认 · detections=3
[INFO] [1786541157.652850]: 开始进行多边形确认 · detections=3
[INFO] [1786541157.805675]: 开始进行多边形确认 · detections=2
[INFO] [1786541157.918374]: 开始进行多边形确认 · detections=3
[INFO] [1786541158.045089]: 开始进行多边形确认 · detections=3
[INFO] [1786541158.168266]: 开始进行多边形确认 · detections=2
[INFO] [1786541158.293689]: 开始进行多边形确认 · detections=3
[INFO] [1786541158.406330]: 开始进行多边形确认 · detections=2
[INFO] [1786541158.545802]: 开始进行多边形确认 · detections=3
[INFO] [1786541158.659869]: 开始进行多边形确认 · detections=3
[INFO] [1786541158.824980]: 开始进行多边形确认 · detections=2
[INFO] [1786541158.915152]: 开始进行多边形确认 · detections=2
[INFO] [1786541159.036176]: 开始进行多边形确认 · detections=2
[INFO] [1786541159.173129]: 开始进行多边形确认 · detections=3
[INFO] [1786541159.296660]: 开始进行多边形确认 · detections=3
[INFO] [1786541159.421578]: 开始进行多边形确认 · detections=3
[INFO] [1786541159.547640]: 开始进行多边形确认 · detections=2
[INFO] [1786541159.669342]: 开始进行多边形确认 · detections=3
[INFO] [1786541159.791238]: 开始进行多边形确认 · detections=3
[INFO] [1786541159.956876]: 开始进行多边形确认 · detections=3
[INFO] [1786541160.062529]: 开始进行多边形确认 · detections=3
[INFO] [1786541160.183423]: 开始进行多边形确认 · detections=3
[INFO] [1786541160.304068]: 开始进行多边形确认 · detections=3
[INFO] [1786541160.418515]: 开始进行多边形确认 · detections=3
[INFO] [1786541160.544887]: 开始进行多边形确认 · detections=3
[INFO] [1786541160.663814]: 开始进行多边形确认 · detections=3
[INFO] [1786541160.790895]: 开始进行多边形确认 · detections=3
[INFO] [1786541160.933496]: 开始进行多边形确认 · detections=3
[INFO] [1786541161.043445]: 开始进行多边形确认 · detections=3
[INFO] [1786541161.164083]: 开始进行多边形确认 · detections=3
[INFO] [1786541161.293083]: 开始进行多边形确认 · detections=3
[INFO] [1786541161.419186]: 开始进行多边形确认 · detections=3
[INFO] [1786541161.549445]: 开始进行多边形确认 · detections=4
[INFO] [1786541161.551382]: RGB-D vision status: model_ready:onnxruntime targets:0 centers:0 tf:0 rejected:0 merged:0 semantic_masks:4
[INFO] [1786541161.689509]: 开始进行多边形确认 · detections=3
[INFO] [1786541161.823712]: 开始进行多边形确认 · detections=3
[INFO] [1786541161.975235]: 开始进行多边形确认 · detections=3
[INFO] [1786541162.057665]: 开始进行多边形确认 · detections=3
[INFO] [1786541162.208033]: 开始进行多边形确认 · detections=3
[INFO] [1786541162.315129]: 开始进行多边形确认 · detections=3
[INFO] [1786541162.444955]: 开始进行多边形确认 · detections=3
[INFO] [1786541162.564901]: 开始进行多边形确认 · detections=2
[INFO] [1786541162.701275]: 开始进行多边形确认 · detections=2
[INFO] [1786541162.816401]: 开始进行多边形确认 · detections=2
[INFO] [1786541162.923666]: 开始进行多边形确认 · detections=2
[INFO] [1786541163.062115]: 开始进行多边形确认 · detections=2
[INFO] [1786541163.185695]: 开始进行多边形确认 · detections=3
[INFO] [1786541163.321668]: 开始进行多边形确认 · detections=3
[INFO] [1786541163.442544]: 开始进行多边形确认 · detections=3
[INFO] [1786541163.568866]: 开始进行多边形确认 · detections=3
[INFO] [1786541163.691405]: 开始进行多边形确认 · detections=3
[INFO] [1786541163.817369]: 开始进行多边形确认 · detections=3
[INFO] [1786541163.940717]: 开始进行多边形确认 · detections=3
[INFO] [1786541164.068404]: 开始进行多边形确认 · detections=3
[INFO] [1786541164.206377]: 开始进行多边形确认 · detections=3
[INFO] [1786541164.312466]: 开始进行多边形确认 · detections=3
[INFO] [1786541164.436392]: 开始进行多边形确认 · detections=3
[INFO] [1786541164.561494]: 开始进行多边形确认 · detections=3
[INFO] [1786541164.691797]: 开始进行多边形确认 · detections=3
[INFO] [1786541164.832234]: 开始进行多边形确认 · detections=3
[INFO] [1786541164.952384]: 开始进行多边形确认 · detections=3
[INFO] [1786541165.084815]: 开始进行多边形确认 · detections=3
[INFO] [1786541165.231565]: 开始进行多边形确认 · detections=3
[INFO] [1786541165.340348]: 开始进行多边形确认 · detections=3
[INFO] [1786541165.449144]: 开始进行多边形确认 · detections=3
[INFO] [1786541165.576524]: 开始进行多边形确认 · detections=3
[INFO] [1786541165.704872]: 开始进行多边形确认 · detections=3
[INFO] [1786541165.825911]: 开始进行多边形确认 · detections=3
[INFO] [1786541165.952388]: 开始进行多边形确认 · detections=3
[INFO] [1786541166.069776]: 开始进行多边形确认 · detections=3
[INFO] [1786541166.198058]: 开始进行多边形确认 · detections=3
[INFO] [1786541166.325442]: 开始进行多边形确认 · detections=3
[INFO] [1786541166.445708]: 开始进行多边形确认 · detections=3
[INFO] [1786541166.579432]: 开始进行多边形确认 · detections=3
[INFO] [1786541166.706620]: 开始进行多边形确认 · detections=3
[INFO] [1786541166.814812]: 开始进行多边形确认 · detections=3
[INFO] [1786541166.939647]: 开始进行多边形确认 · detections=3
[INFO] [1786541167.074064]: 开始进行多边形确认 · detections=3
[INFO] [1786541167.186376]: 开始进行多边形确认 · detections=3
[INFO] [1786541167.336283]: 开始进行多边形确认 · detections=3
[INFO] [1786541167.438629]: 开始进行多边形确认 · detections=3
[INFO] [1786541167.563749]: 开始进行多边形确认 · detections=3
[INFO] [1786541167.717403]: 开始进行多边形确认 · detections=3
[INFO] [1786541167.836491]: 开始进行多边形确认 · detections=3
[INFO] [1786541167.961091]: 开始进行多边形确认 · detections=3
[INFO] [1786541168.085555]: 开始进行多边形确认 · detections=3
[INFO] [1786541168.203538]: 开始进行多边形确认 · detections=3
[INFO] [1786541168.379283]: 开始进行多边形确认 · detections=3
[INFO] [1786541168.468073]: 开始进行多边形确认 · detections=3
[INFO] [1786541168.579760]: 开始进行多边形确认 · detections=3
[INFO] [1786541168.701467]: 开始进行多边形确认 · detections=3
[INFO] [1786541168.842526]: 开始进行多边形确认 · detections=3
[INFO] [1786541168.962117]: 开始进行多边形确认 · detections=3
[INFO] [1786541169.090153]: 开始进行多边形确认 · detections=3
[INFO] [1786541169.211349]: 开始进行多边形确认 · detections=3
[INFO] [1786541169.329118]: 开始进行多边形确认 · detections=3
[INFO] [1786541169.451470]: 开始进行多边形确认 · detections=3
[INFO] [1786541169.584699]: 开始进行多边形确认 · detections=3
[INFO] [1786541169.710033]: 开始进行多边形确认 · detections=3
[INFO] [1786541169.839160]: 开始进行多边形确认 · detections=2
[INFO] [1786541169.841991]: RGB-D vision status: model_ready:onnxruntime targets:0 centers:0 tf:0 rejected:0 merged:0 semantic_masks:2
[INFO] [1786541169.954103]: 开始进行多边形确认 · detections=1
[INFO] [1786541170.078960]: 开始进行多边形确认 · detections=2
[INFO] [1786541170.202906]: 开始进行多边形确认 · detections=1
[INFO] [1786541170.330708]: 开始进行多边形确认 · detections=3
[INFO] [1786541170.356791]: CITRUS_CENTER ok pixel=(266,265) depth=0.350 m radius=31.8 mm arc=307 deg error=0.78 px fragments=1
[INFO] [1786541170.357805]: 开始进行多边形确认 · centers=1 · rejected=0 · merged=0 · elapsed_ms=27.2
[INFO] [1786541170.456057]: 开始进行多边形确认 · detections=4
[INFO] [1786541170.482681]: 开始进行多边形确认 · centers=1 · rejected=0 · merged=0 · elapsed_ms=26.7
[INFO] [1786541170.580251]: 开始进行多边形确认 · detections=3
[INFO] [1786541170.610758]: 开始进行多边形确认 · centers=1 · rejected=0 · merged=0 · elapsed_ms=30.6
[INFO] [1786541170.710558]: 开始进行多边形确认 · detections=4
[INFO] [1786541170.740229]: 开始进行多边形确认 · centers=1 · rejected=0 · merged=0 · elapsed_ms=29.7
[INFO] [1786541170.836331]: 开始进行多边形确认 · detections=4
[INFO] [1786541170.866427]: 开始进行多边形确认 · centers=1 · rejected=0 · merged=0 · elapsed_ms=30.1
[INFO] [1786541170.958811]: 开始进行多边形确认 · detections=4
[INFO] [1786541170.987673]: 开始进行多边形确认 · centers=1 · rejected=0 · merged=0 · elapsed_ms=28.9
[INFO] [1786541171.142334]: 开始进行多边形确认 · detections=4
[INFO] [1786541171.171013]: 开始进行多边形确认 · centers=1 · rejected=0 · merged=0 · elapsed_ms=28.7
[INFO] [1786541171.225589]: 开始进行多边形确认 · detections=4
[INFO] [1786541171.250699]: 开始进行多边形确认 · centers=1 · rejected=0 · merged=0 · elapsed_ms=25.1
[INFO] [1786541171.346336]: 开始进行多边形确认 · detections=3
[INFO] [1786541171.372946]: 开始进行多边形确认 · centers=1 · rejected=0 · merged=0 · elapsed_ms=26.6
[INFO] [1786541171.475843]: 开始进行多边形确认 · detections=4
[INFO] [1786541171.502625]: 开始进行多边形确认 · centers=1 · rejected=0 · merged=0 · elapsed_ms=26.8
[INFO] [1786541171.601890]: 开始进行多边形确认 · detections=4
[INFO] [1786541171.627828]: 开始进行多边形确认 · centers=1 · rejected=0 · merged=0 · elapsed_ms=26.0
[INFO] [1786541171.727507]: 开始进行多边形确认 · detections=4
[INFO] [1786541171.753563]: 开始进行多边形确认 · centers=1 · rejected=0 · merged=0 · elapsed_ms=26.1
[INFO] [1786541171.850743]: 开始进行多边形确认 · detections=4
[INFO] [1786541171.877500]: 开始进行多边形确认 · centers=1 · rejected=0 · merged=0 · elapsed_ms=26.8
[INFO] [1786541171.975695]: 开始进行多边形确认 · detections=4
[INFO] [1786541172.001439]: 开始进行多边形确认 · centers=1 · rejected=0 · merged=0 · elapsed_ms=25.8
[INFO] [1786541172.100154]: 开始进行多边形确认 · detections=4
[INFO] [1786541172.123745]: 开始进行多边形确认 · centers=1 · rejected=0 · merged=0 · elapsed_ms=23.6
[INFO] [1786541172.231380]: 开始进行多边形确认 · detections=4
[INFO] [1786541172.253413]: 开始进行多边形确认 · centers=1 · rejected=0 · merged=0 · elapsed_ms=22.0
[INFO] [1786541172.355305]: 开始进行多边形确认 · detections=4
[INFO] [1786541172.374277]: CITRUS_CENTER ok pixel=(266,264) depth=0.350 m radius=31.8 mm arc=307 deg error=0.53 px fragments=1
[INFO] [1786541172.375530]: 开始进行多边形确认 · centers=1 · rejected=0 · merged=0 · elapsed_ms=20.3
[INFO] [1786541172.477324]: 开始进行多边形确认 · detections=3
[INFO] [1786541172.491279]: 开始进行多边形确认 · centers=1 · rejected=0 · merged=0 · elapsed_ms=14.0
[INFO] [1786541172.597222]: 开始进行多边形确认 · detections=4
[INFO] [1786541172.612794]: 开始进行多边形确认 · centers=1 · rejected=0 · merged=0 · elapsed_ms=15.6
[INFO] [1786541172.720093]: 开始进行多边形确认 · detections=3
[INFO] [1786541172.736539]: 开始进行多边形确认 · centers=1 · rejected=0 · merged=0 · elapsed_ms=16.5
[INFO] [1786541172.843859]: 开始进行多边形确认 · detections=4
[INFO] [1786541172.857738]: 开始进行多边形确认 · centers=1 · rejected=0 · merged=0 · elapsed_ms=13.9
[INFO] [1786541172.968126]: 开始进行多边形确认 · detections=4
[INFO] [1786541172.981380]: 开始进行多边形确认 · centers=1 · rejected=0 · merged=0 · elapsed_ms=13.3
[INFO] [1786541173.109280]: 开始进行多边形确认 · detections=4
[INFO] [1786541173.141879]: 开始进行多边形确认 · centers=1 · rejected=0 · merged=0 · elapsed_ms=32.6
[INFO] [1786541173.278528]: 开始进行多边形确认 · detections=4
[INFO] [1786541173.308011]: 开始进行多边形确认 · centers=1 · rejected=0 · merged=0 · elapsed_ms=29.5
[INFO] [1786541173.378107]: 开始进行多边形确认 · detections=4
[INFO] [1786541173.407230]: 开始进行多边形确认 · centers=1 · rejected=0 · merged=0 · elapsed_ms=29.2
[INFO] [1786541173.496742]: 开始进行多边形确认 · detections=4
[INFO] [1786541173.526185]: 开始进行多边形确认 · centers=1 · rejected=0 · merged=0 · elapsed_ms=29.5
[INFO] [1786541173.627658]: 开始进行多边形确认 · detections=4
[INFO] [1786541173.654359]: 开始进行多边形确认 · centers=1 · rejected=0 · merged=0 · elapsed_ms=26.7
[INFO] [1786541173.750945]: 开始进行多边形确认 · detections=3
[INFO] [1786541173.779210]: 开始进行多边形确认 · centers=1 · rejected=0 · merged=0 · elapsed_ms=28.3
[INFO] [1786541173.890928]: 开始进行多边形确认 · detections=4
[INFO] [1786541173.920128]: 开始进行多边形确认 · centers=1 · rejected=0 · merged=0 · elapsed_ms=29.2
[INFO] [1786541173.991725]: 开始进行多边形确认 · detections=4
[INFO] [1786541174.020485]: 开始进行多边形确认 · centers=1 · rejected=0 · merged=0 · elapsed_ms=28.8
[INFO] [1786541174.132293]: 开始进行多边形确认 · detections=4
[INFO] [1786541174.160791]: 开始进行多边形确认 · centers=1 · rejected=0 · merged=0 · elapsed_ms=28.6
[INFO] [1786541174.306479]: 开始进行多边形确认 · detections=4
[INFO] [1786541174.336915]: 开始进行多边形确认 · centers=1 · rejected=0 · merged=0 · elapsed_ms=30.5
[INFO] [1786541174.402887]: 开始进行多边形确认 · detections=4
[INFO] [1786541174.419477]: CITRUS_CENTER ok pixel=(267,266) depth=0.350 m radius=31.8 mm arc=306 deg error=0.97 px fragments=1
[INFO] [1786541174.420446]: 开始进行多边形确认 · centers=1 · rejected=0 · merged=0 · elapsed_ms=17.6
[INFO] [1786541174.523318]: 开始进行多边形确认 · detections=4
[INFO] [1786541174.541890]: 开始进行多边形确认 · centers=1 · rejected=0 · merged=0 · elapsed_ms=18.6
[INFO] [1786541174.645817]: 开始进行多边形确认 · detections=4
[INFO] [1786541174.663105]: 开始进行多边形确认 · centers=1 · rejected=0 · merged=0 · elapsed_ms=17.3
[INFO] [1786541174.759358]: 开始进行多边形确认 · detections=4
[INFO] [1786541174.773463]: 开始进行多边形确认 · centers=1 · rejected=0 · merged=0 · elapsed_ms=14.1
[INFO] [1786541174.892632]: 开始进行多边形确认 · detections=4
[INFO] [1786541174.922289]: 开始进行多边形确认 · centers=1 · rejected=0 · merged=0 · elapsed_ms=29.7
[INFO] [1786541175.027350]: 开始进行多边形确认 · detections=3
[INFO] [1786541175.055503]: 开始进行多边形确认 · centers=1 · rejected=0 · merged=0 · elapsed_ms=28.2
[INFO] [1786541175.057142]: RGB-D vision status: model_ready:onnxruntime targets:1 centers:1 tf:1 rejected:0 merged:0 semantic_masks:3
[INFO] [1786541175.153440]: 开始进行多边形确认 · detections=4
[INFO] [1786541175.181690]: 开始进行多边形确认 · centers=1 · rejected=0 · merged=0 · elapsed_ms=28.3
[INFO] [1786541175.272830]: 开始进行多边形确认 · detections=4
[INFO] [1786541175.302243]: 开始进行多边形确认 · centers=1 · rejected=0 · merged=0 · elapsed_ms=29.4
[INFO] [1786541175.436448]: 开始进行多边形确认 · detections=2
[INFO] [1786541175.538679]: 开始进行多边形确认 · detections=2
[INFO] [1786541175.653477]: 开始进行多边形确认 · detections=1
[INFO] [1786541175.783769]: 开始进行多边形确认 · detections=1
[INFO] [1786541175.809964]: 开始进行多边形确认 · centers=1 · rejected=0 · merged=0 · elapsed_ms=26.2
[INFO] [1786541175.906361]: 开始进行多边形确认 · detections=2
[INFO] [1786541175.929222]: 开始进行多边形确认 · centers=1 · rejected=0 · merged=0 · elapsed_ms=22.9
[INFO] [1786541176.033198]: 开始进行多边形确认 · detections=2
[INFO] [1786541176.056219]: 开始进行多边形确认 · centers=1 · rejected=0 · merged=0 · elapsed_ms=23.0
[WARN] [1786541165.450387]: 开始进行多边形确认 · 多边形确认失败 · rejected=0 · elapsed_ms=1.3
[WARN] [1786541165.577609]: 开始进行多边形确认 · 多边形确认失败 · rejected=0 · elapsed_ms=1.2
[WARN] [1786541165.705961]: 开始进行多边形确认 · 多边形确认失败 · rejected=0 · elapsed_ms=1.2
[WARN] [1786541165.827131]: 开始进行多边形确认 · 多边形确认失败 · rejected=0 · elapsed_ms=1.3
[WARN] [1786541165.953729]: 开始进行多边形确认 · 多边形确认失败 · rejected=0 · elapsed_ms=1.4
[WARN] [1786541166.070959]: 开始进行多边形确认 · 多边形确认失败 · rejected=0 · elapsed_ms=1.3
[WARN] [1786541166.199501]: 开始进行多边形确认 · 多边形确认失败 · rejected=0 · elapsed_ms=1.5
[WARN] [1786541166.326864]: 开始进行多边形确认 · 多边形确认失败 · rejected=0 · elapsed_ms=1.5
[WARN] [1786541166.447177]: 开始进行多边形确认 · 多边形确认失败 · rejected=0 · elapsed_ms=1.5
[WARN] [1786541166.580781]: 开始进行多边形确认 · 多边形确认失败 · rejected=0 · elapsed_ms=1.4
[WARN] [1786541166.707986]: 开始进行多边形确认 · 多边形确认失败 · rejected=0 · elapsed_ms=1.4
[WARN] [1786541166.815857]: 开始进行多边形确认 · 多边形确认失败 · rejected=0 · elapsed_ms=1.1
[WARN] [1786541166.940834]: 开始进行多边形确认 · 多边形确认失败 · rejected=0 · elapsed_ms=1.3
[WARN] [1786541167.075336]: 开始进行多边形确认 · 多边形确认失败 · rejected=0 · elapsed_ms=1.3
[WARN] [1786541167.187488]: 开始进行多边形确认 · 多边形确认失败 · rejected=0 · elapsed_ms=1.2
[WARN] [1786541167.337439]: 开始进行多边形确认 · 多边形确认失败 · rejected=0 · elapsed_ms=1.2
[WARN] [1786541167.439842]: 开始进行多边形确认 · 多边形确认失败 · rejected=0 · elapsed_ms=1.3
[WARN] [1786541167.564881]: 开始进行多边形确认 · 多边形确认失败 · rejected=0 · elapsed_ms=1.2
[WARN] [1786541167.718631]: 开始进行多边形确认 · 多边形确认失败 · rejected=0 · elapsed_ms=1.3
[WARN] [1786541167.837790]: 开始进行多边形确认 · 多边形确认失败 · rejected=0 · elapsed_ms=1.4
[WARN] [1786541167.962345]: 开始进行多边形确认 · 多边形确认失败 · rejected=0 · elapsed_ms=1.3
[WARN] [1786541168.086826]: 开始进行多边形确认 · 多边形确认失败 · rejected=0 · elapsed_ms=1.3
[WARN] [1786541168.204703]: 开始进行多边形确认 · 多边形确认失败 · rejected=0 · elapsed_ms=1.3
[WARN] [1786541168.380723]: 开始进行多边形确认 · 多边形确认失败 · rejected=0 · elapsed_ms=1.5
[WARN] [1786541168.469373]: 开始进行多边形确认 · 多边形确认失败 · rejected=0 · elapsed_ms=1.4
[WARN] [1786541168.580804]: 开始进行多边形确认 · 多边形确认失败 · rejected=0 · elapsed_ms=1.1
[WARN] [1786541168.702499]: 开始进行多边形确认 · 多边形确认失败 · rejected=0 · elapsed_ms=1.1
[WARN] [1786541168.843619]: 开始进行多边形确认 · 多边形确认失败 · rejected=0 · elapsed_ms=1.2
[WARN] [1786541168.963331]: 开始进行多边形确认 · 多边形确认失败 · rejected=0 · elapsed_ms=1.3
[WARN] [1786541169.091355]: 开始进行多边形确认 · 多边形确认失败 · rejected=0 · elapsed_ms=1.3
[WARN] [1786541169.212644]: 开始进行多边形确认 · 多边形确认失败 · rejected=0 · elapsed_ms=1.4
[WARN] [1786541169.330409]: 开始进行多边形确认 · 多边形确认失败 · rejected=0 · elapsed_ms=1.4
[WARN] [1786541169.452873]: 开始进行多边形确认 · 多边形确认失败 · rejected=0 · elapsed_ms=1.5
[WARN] [1786541169.586055]: 开始进行多边形确认 · 多边形确认失败 · rejected=0 · elapsed_ms=1.4
[WARN] [1786541169.714072]: 开始进行多边形确认 · 多边形确认失败 · rejected=0 · elapsed_ms=4.1
[WARN] [1786541169.840416]: 开始进行多边形确认 · 多边形确认失败 · rejected=0 · elapsed_ms=1.3
[WARN] [1786541169.955289]: 开始进行多边形确认 · 多边形确认失败 · rejected=0 · elapsed_ms=1.3
[WARN] [1786541170.080165]: 开始进行多边形确认 · 多边形确认失败 · rejected=0 · elapsed_ms=1.2
[WARN] [1786541170.204114]: 开始进行多边形确认 · 多边形确认失败 · rejected=0 · elapsed_ms=1.3
[WARN] [1786541175.437689]: 开始进行多边形确认 · 多边形确认失败 · rejected=0 · elapsed_ms=1.3
[WARN] [1786541175.540129]: 开始进行多边形确认 · 多边形确认失败 · rejected=0 · elapsed_ms=1.5
[WARN] [1786541175.654895]: 开始进行多边形确认 · 多边形确认失败 · rejected=0 · elapsed_ms=1.5
[WARN] [1786541178.277451]: 开始进行多边形确认 · 多边形确认失败 · rejected=0 · elapsed_ms=1.7
[WARN] [1786541178.404065]: 开始进行多边形确认 · 多边形确认失败 · rejected=0 · elapsed_ms=1.5
[WARN] [1786541178.538673]: 开始进行多边形确认 · 多边形确认失败 · rejected=0 · elapsed_ms=1.5
[WARN] [1786541178.660661]: 开始进行多边形确认 · 多边形确认失败 · rejected=0 · elapsed_ms=1.8
[WARN] [1786541178.780951]: 开始进行多边形确认 · 多边形确认失败 · rejected=0 · elapsed_ms=1.6
[WARN] [1786541178.907499]: 开始进行多边形确认 · 多边形确认失败 · rejected=0 · elapsed_ms=1.6
[WARN] [1786541179.031869]: 开始进行多边形确认 · 多边形确认失败 · rejected=0 · elapsed_ms=1.7
[WARN] [1786541179.160002]: 开始进行多边形确认 · 多边形确认失败 · rejected=0 · elapsed_ms=1.6
[WARN] [1786541179.279911]: 开始进行多边形确认 · 多边形确认失败 · rejected=0 · elapsed_ms=1.3
[WARN] [1786541179.391618]: 开始进行多边形确认 · 多边形确认失败 · rejected=0 · elapsed_ms=1.3
[WARN] [1786541179.534244]: 开始进行多边形确认 · 多边形确认失败 · rejected=0 · elapsed_ms=3.0
[WARN] [1786541179.694768]: 开始进行多边形确认 · 多边形确认失败 · rejected=0 · elapsed_ms=1.4
[WARN] [1786541179.783657]: 开始进行多边形确认 · 多边形确认失败 · rejected=0 · elapsed_ms=1.2
[WARN] [1786541179.910378]: 开始进行多边形确认 · 多边形确认失败 · rejected=0 · elapsed_ms=1.3
[WARN] [1786541180.034153]: 开始进行多边形确认 · 多边形确认失败 · rejected=0 · elapsed_ms=1.3
[WARN] [1786541180.159198]: 开始进行多边形确认 · 多边形确认失败 · rejected=0 · elapsed_ms=1.3
[WARN] [1786541180.277670]: 开始进行多边形确认 · 多边形确认失败 · rejected=0 · elapsed_ms=1.3
[WARN] [1786541180.395272]: 开始进行多边形确认 · 多边形确认失败 · rejected=0 · elapsed_ms=1.3
[WARN] [1786541180.521278]: 开始进行多边形确认 · 多边形确认失败 · rejected=0 · elapsed_ms=1.1
[WARN] [1786541180.648812]: 开始进行多边形确认 · 多边形确认失败 · rejected=0 · elapsed_ms=1.3
[WARN] [1786541180.797657]: 开始进行多边形确认 · 多边形确认失败 · rejected=0 · elapsed_ms=1.4
[WARN] [1786541180.918776]: 开始进行多边形确认 · 多边形确认失败 · rejected=0 · elapsed_ms=1.3
[WARN] [1786541181.041382]: 开始进行多边形确认 · 多边形确认失败 · rejected=0 · elapsed_ms=1.7
[WARN] [1786541181.165300]: 开始进行多边形确认 · 多边形确认失败 · rejected=0 · elapsed_ms=1.3
[WARN] [1786541181.297704]: 开始进行多边形确认 · 多边形确认失败 · rejected=0 · elapsed_ms=1.5
[WARN] [1786541181.420372]: 开始进行多边形确认 · 多边形确认失败 · rejected=0 · elapsed_ms=1.5
[WARN] [1786541181.546282]: 开始进行多边形确认 · 多边形确认失败 · rejected=0 · elapsed_ms=1.4
[WARN] [1786541181.669115]: 开始进行多边形确认 · 多边形确认失败 · rejected=0 · elapsed_ms=1.4
[WARN] [1786541181.830774]: 开始进行多边形确认 · 多边形确认失败 · rejected=0 · elapsed_ms=1.4
[WARN] [1786541181.916362]: 开始进行多边形确认 · 多边形确认失败 · rejected=0 · elapsed_ms=1.3
[INFO] [1786541176.159945]: 开始进行多边形确认 · detections=3
[INFO] [1786541176.182190]: 开始进行多边形确认 · centers=1 · rejected=0 · merged=0 · elapsed_ms=22.3
[INFO] [1786541176.283134]: 开始进行多边形确认 · detections=3
[INFO] [1786541176.305599]: 开始进行多边形确认 · centers=1 · rejected=0 · merged=0 · elapsed_ms=22.5
[INFO] [1786541176.418481]: 开始进行多边形确认 · detections=3
[INFO] [1786541176.449586]: CITRUS_CENTER ok pixel=(448,467) depth=0.308 m radius=28.9 mm arc=202 deg error=0.56 px fragments=1
[INFO] [1786541176.450815]: 开始进行多边形确认 · centers=1 · rejected=0 · merged=0 · elapsed_ms=32.4
[INFO] [1786541176.539856]: 开始进行多边形确认 · detections=3
[INFO] [1786541176.564221]: 开始进行多边形确认 · centers=1 · rejected=0 · merged=0 · elapsed_ms=24.4
[INFO] [1786541176.656891]: 开始进行多边形确认 · detections=3
[INFO] [1786541176.682992]: 开始进行多边形确认 · centers=1 · rejected=0 · merged=0 · elapsed_ms=26.1
[INFO] [1786541176.780396]: 开始进行多边形确认 · detections=2
[INFO] [1786541176.805294]: 开始进行多边形确认 · centers=1 · rejected=0 · merged=0 · elapsed_ms=24.9
[INFO] [1786541176.914387]: 开始进行多边形确认 · detections=3
[INFO] [1786541176.938471]: 开始进行多边形确认 · centers=1 · rejected=0 · merged=0 · elapsed_ms=24.1
[INFO] [1786541177.033562]: 开始进行多边形确认 · detections=3
[INFO] [1786541177.056933]: 开始进行多边形确认 · centers=1 · rejected=0 · merged=0 · elapsed_ms=23.4
[INFO] [1786541177.157742]: 开始进行多边形确认 · detections=3
[INFO] [1786541177.182118]: 开始进行多边形确认 · centers=1 · rejected=0 · merged=0 · elapsed_ms=24.4
[INFO] [1786541177.287380]: 开始进行多边形确认 · detections=3
[INFO] [1786541177.328862]: 开始进行多边形确认 · centers=1 · rejected=0 · merged=0 · elapsed_ms=41.5
[INFO] [1786541177.410956]: 开始进行多边形确认 · detections=2
[INFO] [1786541177.432706]: 开始进行多边形确认 · centers=1 · rejected=0 · merged=0 · elapsed_ms=21.8
[INFO] [1786541177.548959]: 开始进行多边形确认 · detections=3
[INFO] [1786541177.573560]: 开始进行多边形确认 · centers=1 · rejected=0 · merged=0 · elapsed_ms=24.7
[INFO] [1786541177.650116]: 开始进行多边形确认 · detections=3
[INFO] [1786541177.675379]: 开始进行多边形确认 · centers=1 · rejected=0 · merged=0 · elapsed_ms=25.3
[INFO] [1786541177.776963]: 开始进行多边形确认 · detections=3
[INFO] [1786541177.801468]: 开始进行多边形确认 · centers=1 · rejected=0 · merged=0 · elapsed_ms=24.5
[INFO] [1786541177.901400]: 开始进行多边形确认 · detections=3
[INFO] [1786541177.913710]: 开始进行多边形确认 · centers=1 · rejected=0 · merged=0 · elapsed_ms=12.4
[INFO] [1786541178.012279]: 开始进行多边形确认 · detections=3
[INFO] [1786541178.035539]: 开始进行多边形确认 · centers=1 · rejected=0 · merged=0 · elapsed_ms=23.3
[INFO] [1786541178.149784]: 开始进行多边形确认 · detections=3
[INFO] [1786541178.171288]: 开始进行多边形确认 · centers=1 · rejected=0 · merged=0 · elapsed_ms=21.5
[INFO] [1786541178.275872]: 开始进行多边形确认 · detections=2
[INFO] [1786541178.402627]: 开始进行多边形确认 · detections=2
[INFO] [1786541178.537292]: 开始进行多边形确认 · detections=3
[INFO] [1786541178.658880]: 开始进行多边形确认 · detections=3
[INFO] [1786541178.779416]: 开始进行多边形确认 · detections=3
[INFO] [1786541178.905974]: 开始进行多边形确认 · detections=3
[INFO] [1786541179.030226]: 开始进行多边形确认 · detections=3
[INFO] [1786541179.158419]: 开始进行多边形确认 · detections=2
[INFO] [1786541179.278656]: 开始进行多边形确认 · detections=2
[INFO] [1786541179.390299]: 开始进行多边形确认 · detections=3
[INFO] [1786541179.531317]: 开始进行多边形确认 · detections=3
[INFO] [1786541179.693423]: 开始进行多边形确认 · detections=3
[INFO] [1786541179.782512]: 开始进行多边形确认 · detections=3
[INFO] [1786541179.909168]: 开始进行多边形确认 · detections=3
[INFO] [1786541180.032889]: 开始进行多边形确认 · detections=3
[INFO] [1786541180.157909]: 开始进行多边形确认 · detections=3
[INFO] [1786541180.276395]: 开始进行多边形确认 · detections=3
[INFO] [1786541180.394073]: 开始进行多边形确认 · detections=2
[INFO] [1786541180.396665]: RGB-D vision status: model_ready:onnxruntime targets:0 centers:0 tf:0 rejected:0 merged:0 semantic_masks:2
[INFO] [1786541180.520232]: 开始进行多边形确认 · detections=2
[INFO] [1786541180.647573]: 开始进行多边形确认 · detections=3
[INFO] [1786541180.796323]: 开始进行多边形确认 · detections=3
[INFO] [1786541180.917594]: 开始进行多边形确认 · detections=3
[INFO] [1786541181.039794]: 开始进行多边形确认 · detections=3
[INFO] [1786541181.164113]: 开始进行多边形确认 · detections=3
[INFO] [1786541181.296269]: 开始进行多边形确认 · detections=3
[INFO] [1786541181.418940]: 开始进行多边形确认 · detections=3
[INFO] [1786541181.544996]: 开始进行多边形确认 · detections=3
[INFO] [1786541181.667801]: 开始进行多边形确认 · detections=2
[INFO] [1786541181.829479]: 开始进行多边形确认 · detections=2
[INFO] [1786541181.915122]: 开始进行多边形确认 · detections=3
[INFO] [1786541182.038561]: 开始进行多边形确认 · detections=2
[INFO] [1786541182.153989]: 开始进行多边形确认 · detections=3
[INFO] [1786541182.280979]: 开始进行多边形确认 · detections=3
[INFO] [1786541182.403182]: 开始进行多边形确认 · detections=3
[INFO] [1786541182.539516]: 开始进行多边形确认 · detections=2
[INFO] [1786541182.679876]: 开始进行多边形确认 · detections=2
[INFO] [1786541182.808966]: 开始进行多边形确认 · detections=2
[INFO] [1786541182.942258]: 开始进行多边形确认 · detections=3
[INFO] [1786541183.039554]: 开始进行多边形确认 · detections=3
[INFO] [1786541183.164469]: 开始进行多边形确认 · detections=3
[INFO] [1786541183.286587]: 开始进行多边形确认 · detections=2
[INFO] [1786541183.416382]: 开始进行多边形确认 · detections=2
[INFO] [1786541183.547372]: 开始进行多边形确认 · detections=3
[INFO] [1786541183.684251]: 开始进行多边形确认 · detections=3
[INFO] [1786541183.791539]: 开始进行多边形确认 · detections=3
[INFO] [1786541183.918449]: 开始进行多边形确认 · detections=3
[INFO] [1786541184.042775]: 开始进行多边形确认 · detections=3
[INFO] [1786541184.226606]: 开始进行多边形确认 · detections=2
[INFO] [1786541184.300067]: 开始进行多边形确认 · detections=2
[INFO] [1786541184.430065]: 开始进行多边形确认 · detections=3
[INFO] [1786541184.551724]: 开始进行多边形确认 · detections=2
[INFO] [1786541184.675877]: 开始进行多边形确认 · detections=3
[INFO] [1786541184.804141]: 开始进行多边形确认 · detections=3
[INFO] [1786541184.926140]: 开始进行多边形确认 · detections=3
[INFO] [1786541185.051739]: 开始进行多边形确认 · detections=3
[INFO] [1786541185.189533]: 开始进行多边形确认 · detections=2
[INFO] [1786541185.339651]: 开始进行多边形确认 · detections=3
[INFO] [1786541185.436943]: 开始进行多边形确认 · detections=3
[INFO] [1786541185.565341]: 开始进行多边形确认 · detections=2
[INFO] [1786541185.568012]: RGB-D vision status: model_ready:onnxruntime targets:0 centers:0 tf:0 rejected:0 merged:0 semantic_masks:2
[INFO] [1786541185.689489]: 开始进行多边形确认 · detections=2
[INFO] [1786541185.817010]: 开始进行多边形确认 · detections=3
[INFO] [1786541185.940138]: 开始进行多边形确认 · detections=3
[INFO] [1786541186.075379]: 开始进行多边形确认 · detections=3
[INFO] [1786541186.206928]: 开始进行多边形确认 · detections=3
[WARN] [1786541182.039830]: 开始进行多边形确认 · 多边形确认失败 · rejected=0 · elapsed_ms=1.4
[WARN] [1786541182.155171]: 开始进行多边形确认 · 多边形确认失败 · rejected=0 · elapsed_ms=1.2
[WARN] [1786541182.282102]: 开始进行多边形确认 · 多边形确认失败 · rejected=0 · elapsed_ms=1.2
[WARN] [1786541182.405305]: 开始进行多边形确认 · 多边形确认失败 · rejected=0 · elapsed_ms=2.2
[WARN] [1786541182.540687]: 开始进行多边形确认 · 多边形确认失败 · rejected=0 · elapsed_ms=1.3
[WARN] [1786541182.681030]: 开始进行多边形确认 · 多边形确认失败 · rejected=0 · elapsed_ms=1.2
[WARN] [1786541182.810297]: 开始进行多边形确认 · 多边形确认失败 · rejected=0 · elapsed_ms=1.4
[WARN] [1786541182.943310]: 开始进行多边形确认 · 多边形确认失败 · rejected=0 · elapsed_ms=1.1
[WARN] [1786541183.040844]: 开始进行多边形确认 · 多边形确认失败 · rejected=0 · elapsed_ms=1.3
[WARN] [1786541183.165781]: 开始进行多边形确认 · 多边形确认失败 · rejected=0 · elapsed_ms=1.4
[WARN] [1786541183.288198]: 开始进行多边形确认 · 多边形确认失败 · rejected=0 · elapsed_ms=1.7
[WARN] [1786541183.417708]: 开始进行多边形确认 · 多边形确认失败 · rejected=0 · elapsed_ms=1.4
[WARN] [1786541183.548409]: 开始进行多边形确认 · 多边形确认失败 · rejected=0 · elapsed_ms=1.1
[WARN] [1786541183.685409]: 开始进行多边形确认 · 多边形确认失败 · rejected=0 · elapsed_ms=1.2
[WARN] [1786541183.792614]: 开始进行多边形确认 · 多边形确认失败 · rejected=0 · elapsed_ms=1.1
[WARN] [1786541183.919575]: 开始进行多边形确认 · 多边形确认失败 · rejected=0 · elapsed_ms=1.2
[WARN] [1786541184.043985]: 开始进行多边形确认 · 多边形确认失败 · rejected=0 · elapsed_ms=1.3
[WARN] [1786541184.227727]: 开始进行多边形确认 · 多边形确认失败 · rejected=0 · elapsed_ms=1.2
[WARN] [1786541184.301049]: 开始进行多边形确认 · 多边形确认失败 · rejected=0 · elapsed_ms=1.0
[WARN] [1786541184.431172]: 开始进行多边形确认 · 多边形确认失败 · rejected=0 · elapsed_ms=1.2
[WARN] [1786541184.552801]: 开始进行多边形确认 · 多边形确认失败 · rejected=0 · elapsed_ms=1.1
[WARN] [1786541184.676947]: 开始进行多边形确认 · 多边形确认失败 · rejected=0 · elapsed_ms=1.1
[WARN] [1786541184.805274]: 开始进行多边形确认 · 多边形确认失败 · rejected=0 · elapsed_ms=1.2
[WARN] [1786541184.927167]: 开始进行多边形确认 · 多边形确认失败 · rejected=0 · elapsed_ms=1.1
[WARN] [1786541185.052749]: 开始进行多边形确认 · 多边形确认失败 · rejected=0 · elapsed_ms=1.1
[WARN] [1786541185.190574]: 开始进行多边形确认 · 多边形确认失败 · rejected=0 · elapsed_ms=1.1
[WARN] [1786541185.341092]: 开始进行多边形确认 · 多边形确认失败 · rejected=0 · elapsed_ms=1.6
[WARN] [1786541185.438091]: 开始进行多边形确认 · 多边形确认失败 · rejected=0 · elapsed_ms=1.2
[WARN] [1786541185.566649]: 开始进行多边形确认 · 多边形确认失败 · rejected=0 · elapsed_ms=1.4
[WARN] [1786541185.690727]: 开始进行多边形确认 · 多边形确认失败 · rejected=0 · elapsed_ms=1.3
[WARN] [1786541185.818204]: 开始进行多边形确认 · 多边形确认失败 · rejected=0 · elapsed_ms=1.3
[WARN] [1786541185.941391]: 开始进行多边形确认 · 多边形确认失败 · rejected=0 · elapsed_ms=1.3
[WARN] [1786541186.076735]: 开始进行多边形确认 · 多边形确认失败 · rejected=0 · elapsed_ms=1.4
[WARN] [1786541186.208141]: 开始进行多边形确认 · 多边形确认失败 · rejected=0 · elapsed_ms=1.3
[WARN] [1786541186.361305]: 开始进行多边形确认 · 多边形确认失败 · rejected=0 · elapsed_ms=1.1
[WARN] [1786541186.430705]: 开始进行多边形确认 · 多边形确认失败 · rejected=0 · elapsed_ms=1.2
[WARN] [1786541186.563676]: 开始进行多边形确认 · 多边形确认失败 · rejected=0 · elapsed_ms=1.1
[WARN] [1786541186.682969]: 开始进行多边形确认 · 多边形确认失败 · rejected=0 · elapsed_ms=1.1
[WARN] [1786541186.810691]: 开始进行多边形确认 · 多边形确认失败 · rejected=0 · elapsed_ms=1.3
[WARN] [1786541186.942760]: 开始进行多边形确认 · 多边形确认失败 · rejected=0 · elapsed_ms=1.0
[WARN] [1786541187.069159]: 开始进行多边形确认 · 多边形确认失败 · rejected=0 · elapsed_ms=1.4
[WARN] [1786541187.196165]: 开始进行多边形确认 · 多边形确认失败 · rejected=0 · elapsed_ms=1.2
[WARN] [1786541187.313686]: 开始进行多边形确认 · 多边形确认失败 · rejected=0 · elapsed_ms=1.2
[WARN] [1786541187.473193]: 开始进行多边形确认 · 多边形确认失败 · rejected=0 · elapsed_ms=19.7
[WARN] [1786541187.559500]: 开始进行多边形确认 · 多边形确认失败 · rejected=0 · elapsed_ms=1.2
[WARN] [1786541187.681925]: 开始进行多边形确认 · 多边形确认失败 · rejected=0 · elapsed_ms=1.3
[WARN] [1786541187.805668]: 开始进行多边形确认 · 多边形确认失败 · rejected=0 · elapsed_ms=1.1
[WARN] [1786541187.932999]: 开始进行多边形确认 · 多边形确认失败 · rejected=0 · elapsed_ms=1.1
[WARN] [1786541188.060653]: 开始进行多边形确认 · 多边形确认失败 · rejected=0 · elapsed_ms=1.3
[WARN] [1786541188.184506]: 开始进行多边形确认 · 多边形确认失败 · rejected=0 · elapsed_ms=1.1
[WARN] [1786541188.315428]: 开始进行多边形确认 · 多边形确认失败 · rejected=0 · elapsed_ms=1.2
[WARN] [1786541188.441251]: 开始进行多边形确认 · 多边形确认失败 · rejected=0 · elapsed_ms=1.2
[WARN] [1786541188.551353]: 开始进行多边形确认 · 多边形确认失败 · rejected=0 · elapsed_ms=1.1
[WARN] [1786541188.688348]: CITRUS_CENTER reject instances=0 reason=reconstructed citrus radius 36.4 mm is outside 22.0..33.0 mm
[WARN] [1786541188.689524]: 开始进行多边形确认 · 多边形确认失败 · rejected=1 · elapsed_ms=15.1
[WARN] [1786541188.814798]: 开始进行多边形确认 · 多边形确认失败 · rejected=1 · elapsed_ms=13.8
[WARN] [1786541188.940997]: 开始进行多边形确认 · 多边形确认失败 · rejected=1 · elapsed_ms=12.2
[WARN] [1786541189.076132]: 开始进行多边形确认 · 多边形确认失败 · rejected=1 · elapsed_ms=15.0
[WARN] [1786541189.197655]: 开始进行多边形确认 · 多边形确认失败 · rejected=1 · elapsed_ms=13.5
[WARN] [1786541189.328846]: 开始进行多边形确认 · 多边形确认失败 · rejected=1 · elapsed_ms=13.0
[WARN] [1786541189.518684]: 开始进行多边形确认 · 多边形确认失败 · rejected=1 · elapsed_ms=24.5
[WARN] [1786541189.587795]: 开始进行多边形确认 · 多边形确认失败 · rejected=1 · elapsed_ms=13.3
[WARN] [1786541189.713265]: 开始进行多边形确认 · 多边形确认失败 · rejected=1 · elapsed_ms=11.8
[WARN] [1786541189.827424]: 开始进行多边形确认 · 多边形确认失败 · rejected=1 · elapsed_ms=12.2
[WARN] [1786541189.958950]: 开始进行多边形确认 · 多边形确认失败 · rejected=1 · elapsed_ms=16.5
[WARN] [1786541190.080214]: 开始进行多边形确认 · 多边形确认失败 · rejected=1 · elapsed_ms=14.4
[WARN] [1786541190.216233]: 开始进行多边形确认 · 多边形确认失败 · rejected=1 · elapsed_ms=14.3
[WARN] [1786541190.335468]: 开始进行多边形确认 · 多边形确认失败 · rejected=1 · elapsed_ms=16.2
[WARN] [1786541190.500029]: 开始进行多边形确认 · 多边形确认失败 · rejected=1 · elapsed_ms=11.9
[WARN] [1786541190.581364]: 开始进行多边形确认 · 多边形确认失败 · rejected=1 · elapsed_ms=12.3
[WARN] [1786541190.738664]: CITRUS_CENTER reject instances=0 reason=reconstructed citrus radius 36.4 mm is outside 22.0..33.0 mm
[WARN] [1786541190.739831]: 开始进行多边形确认 · 多边形确认失败 · rejected=1 · elapsed_ms=25.6
[INFO] [1786541186.360223]: 开始进行多边形确认 · detections=2
[INFO] [1786541186.429549]: 开始进行多边形确认 · detections=3
[INFO] [1786541186.562597]: 开始进行多边形确认 · detections=2
[INFO] [1786541186.681973]: 开始进行多边形确认 · detections=3
[INFO] [1786541186.809488]: 开始进行多边形确认 · detections=2
[INFO] [1786541186.941766]: 开始进行多边形确认 · detections=3
[INFO] [1786541187.067785]: 开始进行多边形确认 · detections=3
[INFO] [1786541187.195026]: 开始进行多边形确认 · detections=3
[INFO] [1786541187.312508]: 开始进行多边形确认 · detections=3
[INFO] [1786541187.453455]: 开始进行多边形确认 · detections=3
[INFO] [1786541187.558394]: 开始进行多边形确认 · detections=3
[INFO] [1786541187.680693]: 开始进行多边形确认 · detections=3
[INFO] [1786541187.804583]: 开始进行多边形确认 · detections=3
[INFO] [1786541187.931928]: 开始进行多边形确认 · detections=3
[INFO] [1786541188.059428]: 开始进行多边形确认 · detections=3
[INFO] [1786541188.183412]: 开始进行多边形确认 · detections=3
[INFO] [1786541188.314269]: 开始进行多边形确认 · detections=2
[INFO] [1786541188.440114]: 开始进行多边形确认 · detections=2
[INFO] [1786541188.550268]: 开始进行多边形确认 · detections=2
[INFO] [1786541188.674440]: 开始进行多边形确认 · detections=2
[INFO] [1786541188.801078]: 开始进行多边形确认 · detections=2
[INFO] [1786541188.928808]: 开始进行多边形确认 · detections=3
[INFO] [1786541189.061146]: 开始进行多边形确认 · detections=3
[INFO] [1786541189.184227]: 开始进行多边形确认 · detections=3
[INFO] [1786541189.315876]: 开始进行多边形确认 · detections=3
[INFO] [1786541189.494220]: 开始进行多边形确认 · detections=2
[INFO] [1786541189.574499]: 开始进行多边形确认 · detections=2
[INFO] [1786541189.701449]: 开始进行多边形确认 · detections=3
[INFO] [1786541189.815257]: 开始进行多边形确认 · detections=2
[INFO] [1786541189.942480]: 开始进行多边形确认 · detections=3
[INFO] [1786541190.065873]: 开始进行多边形确认 · detections=3
[INFO] [1786541190.201978]: 开始进行多边形确认 · detections=3
[INFO] [1786541190.319278]: 开始进行多边形确认 · detections=3
[INFO] [1786541190.488121]: 开始进行多边形确认 · detections=2
[INFO] [1786541190.569126]: 开始进行多边形确认 · detections=3
[INFO] [1786541190.582584]: RGB-D vision status: model_ready:onnxruntime targets:1 centers:0 tf:0 rejected:1 merged:0 semantic_masks:3
[INFO] [1786541190.714283]: 开始进行多边形确认 · detections=3
[INFO] [1786541190.843541]: 开始进行多边形确认 · detections=3
[INFO] [1786541190.949373]: 开始进行多边形确认 · detections=3
[INFO] [1786541191.089833]: 开始进行多边形确认 · detections=2
[INFO] [1786541191.215822]: 开始进行多边形确认 · detections=3
[INFO] [1786541191.327775]: 开始进行多边形确认 · detections=3
[INFO] [1786541191.456771]: 开始进行多边形确认 · detections=2
[INFO] [1786541191.579924]: 开始进行多边形确认 · detections=2
[INFO] [1786541191.704877]: 开始进行多边形确认 · detections=3
[INFO] [1786541191.824633]: 开始进行多边形确认 · detections=3
[INFO] [1786541191.965249]: 开始进行多边形确认 · detections=4
[INFO] [1786541192.093564]: 开始进行多边形确认 · detections=3
[INFO] [1786541192.224400]: 开始进行多边形确认 · detections=3
[INFO] [1786541192.350108]: 开始进行多边形确认 · detections=4
[INFO] [1786541192.462131]: 开始进行多边形确认 · detections=4
[INFO] [1786541192.648290]: 开始进行多边形确认 · detections=4
[INFO] [1786541192.789286]: 开始进行多边形确认 · detections=2
[INFO] [1786541192.912487]: 开始进行多边形确认 · detections=4
[INFO] [1786541193.048360]: 开始进行多边形确认 · detections=3
[INFO] [1786541193.170904]: 开始进行多边形确认 · detections=2
[INFO] [1786541193.293608]: 开始进行多边形确认 · detections=2
[INFO] [1786541193.410821]: 开始进行多边形确认 · detections=3
[INFO] [1786541193.529005]: 开始进行多边形确认 · detections=3
[INFO] [1786541193.691360]: 开始进行多边形确认 · detections=3
[INFO] [1786541193.791609]: 开始进行多边形确认 · detections=3
[INFO] [1786541193.922785]: 开始进行多边形确认 · detections=3
[INFO] [1786541194.051528]: 开始进行多边形确认 · detections=4
[INFO] [1786541194.194005]: 开始进行多边形确认 · detections=2
[INFO] [1786541194.308418]: 开始进行多边形确认 · detections=4
[INFO] [1786541194.429741]: 开始进行多边形确认 · detections=4
[INFO] [1786541194.557385]: 开始进行多边形确认 · detections=3
[INFO] [1786541194.705512]: 开始进行多边形确认 · detections=2
[INFO] [1786541194.819693]: 开始进行多边形确认 · detections=4
[INFO] [1786541194.948544]: 开始进行多边形确认 · detections=2
[INFO] [1786541194.960507]: CITRUS_CENTER ok pixel=(453,462) depth=0.315 m radius=29.4 mm arc=213 deg error=0.75 px fragments=1
[INFO] [1786541194.961559]: 开始进行多边形确认 · centers=1 · rejected=0 · merged=0 · elapsed_ms=13.1
[INFO] [1786541195.074730]: 开始进行多边形确认 · detections=4
[INFO] [1786541195.113565]: 开始进行多边形确认 · centers=1 · rejected=1 · merged=0 · elapsed_ms=38.9
[INFO] [1786541195.186652]: 开始进行多边形确认 · detections=4
[INFO] [1786541195.318136]: 开始进行多边形确认 · detections=3
[INFO] [1786541195.441419]: 开始进行多边形确认 · detections=3
[INFO] [1786541195.564710]: 开始进行多边形确认 · detections=2
[INFO] [1786541195.694403]: 开始进行多边形确认 · detections=4
[INFO] [1786541195.761479]: RGB-D vision status: model_ready:onnxruntime targets:2 centers:0 tf:0 rejected:2 merged:0 semantic_masks:4
[INFO] [1786541195.843699]: 开始进行多边形确认 · detections=4
[INFO] [1786541195.956257]: 开始进行多边形确认 · detections=2
[INFO] [1786541196.086462]: 开始进行多边形确认 · detections=2
[INFO] [1786541196.206875]: 开始进行多边形确认 · detections=2
[INFO] [1786541196.220979]: 开始进行多边形确认 · centers=1 · rejected=0 · merged=0 · elapsed_ms=14.1
[INFO] [1786541196.331415]: 开始进行多边形确认 · detections=2
[INFO] [1786541196.486141]: 开始进行多边形确认 · detections=2
[INFO] [1786541196.600046]: 开始进行多边形确认 · detections=3
[INFO] [1786541196.727913]: 开始进行多边形确认 · detections=4
[INFO] [1786541196.895725]: 开始进行多边形确认 · detections=4
[INFO] [1786541197.039906]: 开始进行多边形确认 · detections=2
[INFO] [1786541197.166769]: 开始进行多边形确认 · detections=3
[INFO] [1786541197.306381]: 开始进行多边形确认 · detections=4
[INFO] [1786541197.435316]: 开始进行多边形确认 · detections=3
[INFO] [1786541197.557903]: 开始进行多边形确认 · detections=3
[INFO] [1786541197.683406]: 开始进行多边形确认 · detections=3
[INFO] [1786541197.806102]: 开始进行多边形确认 · detections=3
[INFO] [1786541197.958184]: 开始进行多边形确认 · detections=2
[INFO] [1786541198.062006]: 开始进行多边形确认 · detections=3
[INFO] [1786541198.200469]: 开始进行多边形确认 · detections=4
[INFO] [1786541198.332215]: 开始进行多边形确认 · detections=2
[INFO] [1786541198.452892]: 开始进行多边形确认 · detections=4
[INFO] [1786541198.571262]: 开始进行多边形确认 · detections=3
[INFO] [1786541198.696390]: 开始进行多边形确认 · detections=3
[INFO] [1786541198.823766]: 开始进行多边形确认 · detections=2
[INFO] [1786541198.976157]: 开始进行多边形确认 · detections=3
[INFO] [1786541199.114346]: 开始进行多边形确认 · detections=4
[INFO] [1786541199.240239]: 开始进行多边形确认 · detections=3
[INFO] [1786541199.360173]: 开始进行多边形确认 · detections=2
[WARN] [1786541190.869047]: 开始进行多边形确认 · 多边形确认失败 · rejected=1 · elapsed_ms=25.6
[WARN] [1786541190.975077]: 开始进行多边形确认 · 多边形确认失败 · rejected=1 · elapsed_ms=25.8
[WARN] [1786541191.114868]: 开始进行多边形确认 · 多边形确认失败 · rejected=1 · elapsed_ms=25.1
[WARN] [1786541191.278860]: 开始进行多边形确认 · 多边形确认失败 · rejected=2 · elapsed_ms=63.1
[WARN] [1786541191.341301]: 开始进行多边形确认 · 多边形确认失败 · rejected=1 · elapsed_ms=13.5
[WARN] [1786541191.484516]: 开始进行多边形确认 · 多边形确认失败 · rejected=1 · elapsed_ms=27.8
[WARN] [1786541191.592874]: 开始进行多边形确认 · 多边形确认失败 · rejected=1 · elapsed_ms=13.0
[WARN] [1786541191.737636]: 开始进行多边形确认 · 多边形确认失败 · rejected=2 · elapsed_ms=32.8
[WARN] [1786541191.859905]: 开始进行多边形确认 · 多边形确认失败 · rejected=2 · elapsed_ms=35.3
[WARN] [1786541192.030056]: 开始进行多边形确认 · 多边形确认失败 · rejected=2 · elapsed_ms=64.9
[WARN] [1786541192.160950]: 开始进行多边形确认 · 多边形确认失败 · rejected=2 · elapsed_ms=67.4
[WARN] [1786541192.246259]: 开始进行多边形确认 · 多边形确认失败 · rejected=1 · elapsed_ms=21.9
[WARN] [1786541192.417087]: 开始进行多边形确认 · 多边形确认失败 · rejected=2 · elapsed_ms=67.1
[WARN] [1786541192.566521]: 开始进行多边形确认 · 多边形确认失败 · rejected=2 · elapsed_ms=104.4
[WARN] [1786541192.722506]: 开始进行多边形确认 · 多边形确认失败 · rejected=2 · elapsed_ms=74.3
[WARN] [1786541192.814620]: CITRUS_CENTER reject instances=0 reason=reconstructed citrus radius 36.9 mm is outside 22.0..33.0 mm
[WARN] [1786541192.815895]: 开始进行多边形确认 · 多边形确认失败 · rejected=1 · elapsed_ms=26.7
[WARN] [1786541192.980402]: 开始进行多边形确认 · 多边形确认失败 · rejected=2 · elapsed_ms=68.0
[WARN] [1786541193.070666]: 开始进行多边形确认 · 多边形确认失败 · rejected=1 · elapsed_ms=22.4
[WARN] [1786541193.194234]: 开始进行多边形确认 · 多边形确认失败 · rejected=1 · elapsed_ms=23.4
[WARN] [1786541193.317596]: 开始进行多边形确认 · 多边形确认失败 · rejected=1 · elapsed_ms=24.0
[WARN] [1786541193.446936]: 开始进行多边形确认 · 多边形确认失败 · rejected=2 · elapsed_ms=36.2
[WARN] [1786541193.573475]: 开始进行多边形确认 · 多边形确认失败 · rejected=2 · elapsed_ms=44.5
[WARN] [1786541193.706326]: 开始进行多边形确认 · 多边形确认失败 · rejected=1 · elapsed_ms=15.0
[WARN] [1786541193.859737]: 开始进行多边形确认 · 多边形确认失败 · rejected=2 · elapsed_ms=68.1
[WARN] [1786541193.947114]: 开始进行多边形确认 · 多边形确认失败 · rejected=1 · elapsed_ms=24.4
[WARN] [1786541194.125087]: 开始进行多边形确认 · 多边形确认失败 · rejected=2 · elapsed_ms=73.6
[WARN] [1786541194.214834]: 开始进行多边形确认 · 多边形确认失败 · rejected=1 · elapsed_ms=20.9
[WARN] [1786541194.340551]: 开始进行多边形确认 · 多边形确认失败 · rejected=2 · elapsed_ms=32.2
[WARN] [1786541194.460121]: 开始进行多边形确认 · 多边形确认失败 · rejected=2 · elapsed_ms=30.4
[WARN] [1786541194.569699]: 开始进行多边形确认 · 多边形确认失败 · rejected=1 · elapsed_ms=12.4
[WARN] [1786541194.720774]: 开始进行多边形确认 · 多边形确认失败 · rejected=1 · elapsed_ms=15.3
[WARN] [1786541194.885972]: CITRUS_CENTER reject instances=0 reason=reconstructed citrus radius 36.4 mm is outside 22.0..33.0 mm
[WARN] [1786541194.887362]: 开始进行多边形确认 · 多边形确认失败 · rejected=2 · elapsed_ms=67.7
[WARN] [1786541195.223973]: 开始进行多边形确认 · 多边形确认失败 · rejected=2 · elapsed_ms=37.3
[WARN] [1786541195.356119]: 开始进行多边形确认 · 多边形确认失败 · rejected=2 · elapsed_ms=38.0
[WARN] [1786541195.453938]: 开始进行多边形确认 · 多边形确认失败 · rejected=1 · elapsed_ms=12.6
[WARN] [1786541195.578648]: 开始进行多边形确认 · 多边形确认失败 · rejected=1 · elapsed_ms=14.0
[WARN] [1786541195.758892]: 开始进行多边形确认 · 多边形确认失败 · rejected=2 · elapsed_ms=64.5
[WARN] [1786541195.910766]: 开始进行多边形确认 · 多边形确认失败 · rejected=2 · elapsed_ms=67.1
[WARN] [1786541195.968874]: 开始进行多边形确认 · 多边形确认失败 · rejected=1 · elapsed_ms=12.7
[WARN] [1786541196.098681]: 开始进行多边形确认 · 多边形确认失败 · rejected=1 · elapsed_ms=12.3
[WARN] [1786541196.343735]: 开始进行多边形确认 · 多边形确认失败 · rejected=1 · elapsed_ms=12.3
[WARN] [1786541196.509655]: 开始进行多边形确认 · 多边形确认失败 · rejected=1 · elapsed_ms=23.6
[WARN] [1786541196.625217]: 开始进行多边形确认 · 多边形确认失败 · rejected=1 · elapsed_ms=25.2
[WARN] [1786541196.813412]: 开始进行多边形确认 · 多边形确认失败 · rejected=2 · elapsed_ms=85.6
[WARN] [1786541196.968353]: CITRUS_CENTER reject instances=0 reason=reconstructed citrus radius 37.2 mm is outside 22.0..33.0 mm
[WARN] [1786541196.969816]: 开始进行多边形确认 · 多边形确认失败 · rejected=2 · elapsed_ms=74.2
[WARN] [1786541197.063072]: 开始进行多边形确认 · 多边形确认失败 · rejected=1 · elapsed_ms=23.2
[WARN] [1786541197.236622]: 开始进行多边形确认 · 多边形确认失败 · rejected=2 · elapsed_ms=69.9
[WARN] [1786541197.373792]: 开始进行多边形确认 · 多边形确认失败 · rejected=2 · elapsed_ms=67.4
[WARN] [1786541197.447557]: 开始进行多边形确认 · 多边形确认失败 · rejected=1 · elapsed_ms=12.3
[WARN] [1786541197.571131]: 开始进行多边形确认 · 多边形确认失败 · rejected=1 · elapsed_ms=13.3
[WARN] [1786541197.697137]: 开始进行多边形确认 · 多边形确认失败 · rejected=1 · elapsed_ms=13.8
[WARN] [1786541197.854087]: 开始进行多边形确认 · 多边形确认失败 · rejected=2 · elapsed_ms=48.0
[WARN] [1786541197.974421]: 开始进行多边形确认 · 多边形确认失败 · rejected=1 · elapsed_ms=16.3
[WARN] [1786541198.087945]: 开始进行多边形确认 · 多边形确认失败 · rejected=1 · elapsed_ms=26.0
[WARN] [1786541198.265448]: 开始进行多边形确认 · 多边形确认失败 · rejected=2 · elapsed_ms=65.0
[WARN] [1786541198.361696]: 开始进行多边形确认 · 多边形确认失败 · rejected=1 · elapsed_ms=29.5
[WARN] [1786541198.523415]: 开始进行多边形确认 · 多边形确认失败 · rejected=2 · elapsed_ms=70.6
[WARN] [1786541198.586121]: 开始进行多边形确认 · 多边形确认失败 · rejected=1 · elapsed_ms=14.9
[WARN] [1786541198.709050]: 开始进行多边形确认 · 多边形确认失败 · rejected=1 · elapsed_ms=12.7
[WARN] [1786541198.835943]: 开始进行多边形确认 · 多边形确认失败 · rejected=1 · elapsed_ms=12.2
[WARN] [1786541199.065890]: CITRUS_CENTER reject instances=0 reason=reconstructed citrus radius 37.2 mm is outside 22.0..33.0 mm
[WARN] [1786541199.067412]: 开始进行多边形确认 · 多边形确认失败 · rejected=2 · elapsed_ms=91.4
[WARN] [1786541199.149581]: 开始进行多边形确认 · 多边形确认失败 · rejected=2 · elapsed_ms=35.3
[WARN] [1786541199.253818]: 开始进行多边形确认 · 多边形确认失败 · rejected=1 · elapsed_ms=13.6
[WARN] [1786541199.373628]: 开始进行多边形确认 · 多边形确认失败 · rejected=1 · elapsed_ms=13.5
[WARN] [1786541199.518726]: 开始进行多边形确认 · 多边形确认失败 · rejected=2 · elapsed_ms=33.1
[WARN] [1786541199.645165]: 开始进行多边形确认 · 多边形确认失败 · rejected=2 · elapsed_ms=35.1
[WARN] [1786541199.810646]: 开始进行多边形确认 · 多边形确认失败 · rejected=2 · elapsed_ms=50.3
[WARN] [1786541199.900915]: 开始进行多边形确认 · 多边形确认失败 · rejected=2 · elapsed_ms=36.1
[WARN] [1786541199.995947]: 开始进行多边形确认 · 多边形确认失败 · rejected=1 · elapsed_ms=11.7
[WARN] [1786541200.175303]: 开始进行多边形确认 · 多边形确认失败 · rejected=1 · elapsed_ms=14.8
[WARN] [1786541200.251887]: 开始进行多边形确认 · 多边形确认失败 · rejected=1 · elapsed_ms=13.7
[WARN] [1786541200.407295]: 开始进行多边形确认 · 多边形确认失败 · rejected=2 · elapsed_ms=38.2
[WARN] [1786541200.534065]: 开始进行多边形确认 · 多边形确认失败 · rejected=1 · elapsed_ms=24.9
[WARN] [1786541200.664024]: 开始进行多边形确认 · 多边形确认失败 · rejected=1 · elapsed_ms=28.6
[WARN] [1786541200.781435]: 开始进行多边形确认 · 多边形确认失败 · rejected=1 · elapsed_ms=27.2
[WARN] [1786541200.894150]: 开始进行多边形确认 · 多边形确认失败 · rejected=1 · elapsed_ms=16.1
[WARN] [1786541201.013972]: 开始进行多边形确认 · 多边形确认失败 · rejected=1 · elapsed_ms=15.1
[WARN] [1786541201.188049]: CITRUS_CENTER reject instances=0 reason=reconstructed citrus radius 36.4 mm is outside 22.0..33.0 mm
[WARN] [1786541201.189301]: 开始进行多边形确认 · 多边形确认失败 · rejected=2 · elapsed_ms=62.8
[WARN] [1786541201.276571]: 开始进行多边形确认 · 多边形确认失败 · rejected=1 · elapsed_ms=16.7
[WARN] [1786541201.418351]: 开始进行多边形确认 · 多边形确认失败 · rejected=2 · elapsed_ms=38.5
[WARN] [1786541201.572543]: 开始进行多边形确认 · 多边形确认失败 · rejected=2 · elapsed_ms=70.3
[WARN] [1786541201.697299]: 开始进行多边形确认 · 多边形确认失败 · rejected=2 · elapsed_ms=70.7
[WARN] [1786541201.776305]: 开始进行多边形确认 · 多边形确认失败 · rejected=1 · elapsed_ms=25.4
[WARN] [1786541201.909642]: 开始进行多边形确认 · 多边形确认失败 · rejected=1 · elapsed_ms=27.5
[WARN] [1786541202.040362]: 开始进行多边形确认 · 多边形确认失败 · rejected=1 · elapsed_ms=25.0
[WARN] [1786541202.381988]: 开始进行多边形确认 · 多边形确认失败 · rejected=1 · elapsed_ms=10.0
[WARN] [1786541202.495167]: 开始进行多边形确认 · 多边形确认失败 · rejected=0 · elapsed_ms=1.6
[WARN] [1786541202.631177]: 开始进行多边形确认 · 多边形确认失败 · rejected=0 · elapsed_ms=1.5
[WARN] [1786541202.761891]: 开始进行多边形确认 · 多边形确认失败 · rejected=0 · elapsed_ms=1.5
[WARN] [1786541202.900342]: 开始进行多边形确认 · 多边形确认失败 · rejected=0 · elapsed_ms=1.9
[WARN] [1786541203.008414]: 开始进行多边形确认 · 多边形确认失败 · rejected=0 · elapsed_ms=1.4
[WARN] [1786541203.146451]: 开始进行多边形确认 · 多边形确认失败 · rejected=0 · elapsed_ms=1.4
[WARN] [1786541203.267798]: 开始进行多边形确认 · 多边形确认失败 · rejected=0 · elapsed_ms=1.6
[WARN] [1786541203.426821]: 开始进行多边形确认 · 多边形确认失败 · rejected=0 · elapsed_ms=1.4
[WARN] [1786541203.504330]: 开始进行多边形确认 · 多边形确认失败 · rejected=0 · elapsed_ms=1.1
[WARN] [1786541203.637925]: 开始进行多边形确认 · 多边形确认失败 · rejected=0 · elapsed_ms=1.1
[WARN] [1786541203.758986]: 开始进行多边形确认 · 多边形确认失败 · rejected=0 · elapsed_ms=1.3
[WARN] [1786541203.882653]: 开始进行多边形确认 · 多边形确认失败 · rejected=0 · elapsed_ms=1.1
[WARN] [1786541204.011000]: 开始进行多边形确认 · 多边形确认失败 · rejected=0 · elapsed_ms=1.2
[WARN] [1786541204.135546]: 开始进行多边形确认 · 多边形确认失败 · rejected=0 · elapsed_ms=1.1
[WARN] [1786541204.260054]: 开始进行多边形确认 · 多边形确认失败 · rejected=0 · elapsed_ms=1.1
[WARN] [1786541204.396976]: 开始进行多边形确认 · 多边形确认失败 · rejected=0 · elapsed_ms=1.1
[WARN] [1786541204.533025]: CITRUS_CENTER reject instances=0 reason=polygon circle inlier ratio 0.23 is below 0.30
[WARN] [1786541204.533767]: 开始进行多边形确认 · 多边形确认失败 · rejected=1 · elapsed_ms=5.3
[WARN] [1786541204.653920]: 开始进行多边形确认 · 多边形确认失败 · rejected=1 · elapsed_ms=6.3
[WARN] [1786541204.766369]: 开始进行多边形确认 · 多边形确认失败 · rejected=0 · elapsed_ms=1.1
[WARN] [1786541204.918908]: 开始进行多边形确认 · 多边形确认失败 · rejected=1 · elapsed_ms=9.1
[WARN] [1786541205.044019]: 开始进行多边形确认 · 多边形确认失败 · rejected=1 · elapsed_ms=13.2
[WARN] [1786541205.178389]: 开始进行多边形确认 · 多边形确认失败 · rejected=1 · elapsed_ms=16.5
[WARN] [1786541205.294112]: 开始进行多边形确认 · 多边形确认失败 · rejected=1 · elapsed_ms=9.1
[WARN] [1786541205.417157]: 开始进行多边形确认 · 多边形确认失败 · rejected=1 · elapsed_ms=14.5
[WARN] [1786541205.564907]: 开始进行多边形确认 · 多边形确认失败 · rejected=1 · elapsed_ms=17.1
[WARN] [1786541205.682796]: 开始进行多边形确认 · 多边形确认失败 · rejected=1 · elapsed_ms=9.9
[WARN] [1786541205.792680]: 开始进行多边形确认 · 多边形确认失败 · rejected=1 · elapsed_ms=9.0
[WARN] [1786541205.930255]: 开始进行多边形确认 · 多边形确认失败 · rejected=1 · elapsed_ms=17.5
[WARN] [1786541206.052125]: 开始进行多边形确认 · 多边形确认失败 · rejected=1 · elapsed_ms=14.1
[WARN] [1786541206.181511]: 开始进行多边形确认 · 多边形确认失败 · rejected=1 · elapsed_ms=17.0
[WARN] [1786541206.308429]: 开始进行多边形确认 · 多边形确认失败 · rejected=1 · elapsed_ms=18.8
[WARN] [1786541206.428691]: 开始进行多边形确认 · 多边形确认失败 · rejected=1 · elapsed_ms=14.1
[WARN] [1786541206.549009]: CITRUS_CENTER reject instances=0 reason=polygon circle inlier ratio 0.16 is below 0.30
[WARN] [1786541206.550241]: 开始进行多边形确认 · 多边形确认失败 · rejected=1 · elapsed_ms=13.5
[WARN] [1786541206.776527]: 开始进行多边形确认 · 多边形确认失败 · rejected=0 · elapsed_ms=1.2
[WARN] [1786541206.893551]: 开始进行多边形确认 · 多边形确认失败 · rejected=0 · elapsed_ms=1.2
[WARN] [1786541207.153590]: 开始进行多边形确认 · 多边形确认失败 · rejected=0 · elapsed_ms=1.2
[WARN] [1786541207.300203]: 开始进行多边形确认 · 多边形确认失败 · rejected=0 · elapsed_ms=1.4
[WARN] [1786541207.425829]: 开始进行多边形确认 · 多边形确认失败 · rejected=0 · elapsed_ms=1.2
[WARN] [1786541207.536648]: 开始进行多边形确认 · 多边形确认失败 · rejected=0 · elapsed_ms=1.2
[WARN] [1786541207.660650]: 开始进行多边形确认 · 多边形确认失败 · rejected=0 · elapsed_ms=1.7
[WARN] [1786541207.796377]: 开始进行多边形确认 · 多边形确认失败 · rejected=0 · elapsed_ms=1.2
[WARN] [1786541207.891756]: 开始进行多边形确认 · 多边形确认失败 · rejected=0 · elapsed_ms=1.9
[WARN] [1786541208.022704]: 开始进行多边形确认 · 多边形确认失败 · rejected=0 · elapsed_ms=1.1
[WARN] [1786541208.145486]: 开始进行多边形确认 · 多边形确认失败 · rejected=0 · elapsed_ms=1.4
[WARN] [1786541208.268412]: 开始进行多边形确认 · 多边形确认失败 · rejected=0 · elapsed_ms=1.2
[WARN] [1786541208.395877]: 开始进行多边形确认 · 多边形确认失败 · rejected=0 · elapsed_ms=1.1
[WARN] [1786541208.529551]: 开始进行多边形确认 · 多边形确认失败 · rejected=0 · elapsed_ms=1.3
[WARN] [1786541208.647921]: 开始进行多边形确认 · 多边形确认失败 · rejected=0 · elapsed_ms=1.4
[WARN] [1786541208.791050]: 开始进行多边形确认 · 多边形确认失败 · rejected=0 · elapsed_ms=1.3
[WARN] [1786541208.902429]: 开始进行多边形确认 · 多边形确认失败 · rejected=0 · elapsed_ms=1.0
[INFO] [1786541199.485684]: 开始进行多边形确认 · detections=4
[INFO] [1786541199.610156]: 开始进行多边形确认 · detections=3
[INFO] [1786541199.760399]: 开始进行多边形确认 · detections=4
[INFO] [1786541199.864855]: 开始进行多边形确认 · detections=4
[INFO] [1786541199.984319]: 开始进行多边形确认 · detections=3
[INFO] [1786541200.160514]: 开始进行多边形确认 · detections=3
[INFO] [1786541200.238204]: 开始进行多边形确认 · detections=2
[INFO] [1786541200.369177]: 开始进行多边形确认 · detections=4
[INFO] [1786541200.509229]: 开始进行多边形确认 · detections=3
[INFO] [1786541200.635483]: 开始进行多边形确认 · detections=2
[INFO] [1786541200.754335]: 开始进行多边形确认 · detections=3
[INFO] [1786541200.782727]: RGB-D vision status: model_ready:onnxruntime targets:1 centers:0 tf:0 rejected:1 merged:0 semantic_masks:3
[INFO] [1786541200.878085]: 开始进行多边形确认 · detections=2
[INFO] [1786541200.998855]: 开始进行多边形确认 · detections=2
[INFO] [1786541201.126522]: 开始进行多边形确认 · detections=3
[INFO] [1786541201.259876]: 开始进行多边形确认 · detections=2
[INFO] [1786541201.379867]: 开始进行多边形确认 · detections=4
[INFO] [1786541201.502314]: 开始进行多边形确认 · detections=3
[INFO] [1786541201.626706]: 开始进行多边形确认 · detections=3
[INFO] [1786541201.750939]: 开始进行多边形确认 · detections=3
[INFO] [1786541201.882202]: 开始进行多边形确认 · detections=3
[INFO] [1786541202.015364]: 开始进行多边形确认 · detections=3
[INFO] [1786541202.153485]: 开始进行多边形确认 · detections=3
[INFO] [1786541202.184485]: CITRUS_CENTER ok pixel=(452,462) depth=0.315 m radius=29.2 mm arc=214 deg error=0.62 px fragments=1
[INFO] [1786541202.185729]: 开始进行多边形确认 · centers=1 · rejected=0 · merged=0 · elapsed_ms=32.3
[INFO] [1786541202.284749]: 开始进行多边形确认 · detections=3
[INFO] [1786541202.299437]: 开始进行多边形确认 · centers=1 · rejected=0 · merged=0 · elapsed_ms=14.7
[INFO] [1786541202.372036]: 开始进行多边形确认 · detections=3
[INFO] [1786541202.493662]: 开始进行多边形确认 · detections=2
[INFO] [1786541202.629743]: 开始进行多边形确认 · detections=2
[INFO] [1786541202.760491]: 开始进行多边形确认 · detections=2
[INFO] [1786541202.898556]: 开始进行多边形确认 · detections=2
[INFO] [1786541203.007074]: 开始进行多边形确认 · detections=2
[INFO] [1786541203.145099]: 开始进行多边形确认 · detections=2
[INFO] [1786541203.266293]: 开始进行多边形确认 · detections=2
[INFO] [1786541203.425511]: 开始进行多边形确认 · detections=2
[INFO] [1786541203.503274]: 开始进行多边形确认 · detections=2
[INFO] [1786541203.636834]: 开始进行多边形确认 · detections=2
[INFO] [1786541203.757772]: 开始进行多边形确认 · detections=2
[INFO] [1786541203.881636]: 开始进行多边形确认 · detections=2
[INFO] [1786541204.009895]: 开始进行多边形确认 · detections=2
[INFO] [1786541204.134467]: 开始进行多边形确认 · detections=2
[INFO] [1786541204.258991]: 开始进行多边形确认 · detections=2
[INFO] [1786541204.395936]: 开始进行多边形确认 · detections=2
[INFO] [1786541204.528485]: 开始进行多边形确认 · detections=3
[INFO] [1786541204.647718]: 开始进行多边形确认 · detections=3
[INFO] [1786541204.765266]: 开始进行多边形确认 · detections=2
[INFO] [1786541204.909858]: 开始进行多边形确认 · detections=3
[INFO] [1786541205.030922]: 开始进行多边形确认 · detections=3
[INFO] [1786541205.161901]: 开始进行多边形确认 · detections=3
[INFO] [1786541205.285046]: 开始进行多边形确认 · detections=3
[INFO] [1786541205.402676]: 开始进行多边形确认 · detections=3
[INFO] [1786541205.547841]: 开始进行多边形确认 · detections=3
[INFO] [1786541205.672963]: 开始进行多边形确认 · detections=3
[INFO] [1786541205.783761]: 开始进行多边形确认 · detections=3
[INFO] [1786541205.912778]: 开始进行多边形确认 · detections=3
[INFO] [1786541206.038082]: 开始进行多边形确认 · detections=3
[INFO] [1786541206.164558]: 开始进行多边形确认 · detections=3
[INFO] [1786541206.289665]: 开始进行多边形确认 · detections=3
[INFO] [1786541206.414633]: 开始进行多边形确认 · detections=3
[INFO] [1786541206.536815]: 开始进行多边形确认 · detections=3
[INFO] [1786541206.667595]: 开始进行多边形确认 · detections=3
[INFO] [1786541206.681328]: CITRUS_CENTER ok pixel=(491,506) depth=0.313 m radius=30.7 mm arc=118 deg error=0.73 px fragments=1
[INFO] [1786541206.690068]: 开始进行多边形确认 · centers=1 · rejected=0 · merged=0 · elapsed_ms=22.5
[INFO] [1786541206.691484]: RGB-D vision status: model_ready:onnxruntime targets:1 centers:1 tf:1 rejected:0 merged:0 semantic_masks:3
[INFO] [1786541206.775396]: 开始进行多边形确认 · detections=2
[INFO] [1786541206.892390]: 开始进行多边形确认 · detections=2
[INFO] [1786541207.014828]: 开始进行多边形确认 · detections=3
[INFO] [1786541207.022413]: 开始进行多边形确认 · centers=1 · rejected=0 · merged=0 · elapsed_ms=7.6
[INFO] [1786541207.152397]: 开始进行多边形确认 · detections=1
[INFO] [1786541207.298892]: 开始进行多边形确认 · detections=2
[INFO] [1786541207.424709]: 开始进行多边形确认 · detections=2
[INFO] [1786541207.535463]: 开始进行多边形确认 · detections=2
[INFO] [1786541207.658964]: 开始进行多边形确认 · detections=2
[INFO] [1786541207.795233]: 开始进行多边形确认 · detections=2
[INFO] [1786541207.889904]: 开始进行多边形确认 · detections=2
[INFO] [1786541208.021684]: 开始进行多边形确认 · detections=2
[INFO] [1786541208.144133]: 开始进行多边形确认 · detections=2
[INFO] [1786541208.267301]: 开始进行多边形确认 · detections=2
[INFO] [1786541208.394802]: 开始进行多边形确认 · detections=2
[INFO] [1786541208.528319]: 开始进行多边形确认 · detections=2
[INFO] [1786541208.646566]: 开始进行多边形确认 · detections=2
[INFO] [1786541208.789807]: 开始进行多边形确认 · detections=1
[INFO] [1786541208.901455]: 开始进行多边形确认 · detections=2
[INFO] [1786541209.020062]: 开始进行多边形确认 · detections=2
[INFO] [1786541209.152245]: 开始进行多边形确认 · detections=3
[INFO] [1786541209.162450]: CITRUS_CENTER ok pixel=(492,505) depth=0.312 m radius=29.9 mm arc=118 deg error=0.72 px fragments=1
[INFO] [1786541209.163725]: 开始进行多边形确认 · centers=1 · rejected=0 · merged=0 · elapsed_ms=11.5
[INFO] [1786541209.288911]: 开始进行多边形确认 · detections=2
[INFO] [1786541209.418964]: 开始进行多边形确认 · detections=2
[INFO] [1786541209.546117]: 开始进行多边形确认 · detections=2
[INFO] [1786541209.672533]: 开始进行多边形确认 · detections=2
[INFO] [1786541209.804531]: 开始进行多边形确认 · detections=2
[INFO] [1786541209.939504]: 开始进行多边形确认 · detections=2
[INFO] [1786541210.051379]: 开始进行多边形确认 · detections=2
[INFO] [1786541210.159972]: 开始进行多边形确认 · detections=2
[INFO] [1786541210.290057]: 开始进行多边形确认 · detections=2
[INFO] [1786541210.412711]: 开始进行多边形确认 · detections=2
[INFO] [1786541210.537280]: 开始进行多边形确认 · detections=2
[INFO] [1786541210.667906]: 开始进行多边形确认 · detections=2
[INFO] [1786541210.789845]: 开始进行多边形确认 · detections=2
[INFO] [1786541210.938001]: 开始进行多边形确认 · detections=2
[INFO] [1786541211.058740]: 开始进行多边形确认 · detections=2
[INFO] [1786541211.178010]: 开始进行多边形确认 · detections=2
[INFO] [1786541211.296200]: 开始进行多边形确认 · detections=2
[INFO] [1786541211.413694]: 开始进行多边形确认 · detections=1
[WARN] [1786541209.021601]: 开始进行多边形确认 · 多边形确认失败 · rejected=0 · elapsed_ms=1.6
[WARN] [1786541209.290263]: 开始进行多边形确认 · 多边形确认失败 · rejected=0 · elapsed_ms=1.4
[WARN] [1786541209.420717]: 开始进行多边形确认 · 多边形确认失败 · rejected=0 · elapsed_ms=1.8
[WARN] [1786541209.547681]: 开始进行多边形确认 · 多边形确认失败 · rejected=0 · elapsed_ms=1.6
[WARN] [1786541209.673623]: 开始进行多边形确认 · 多边形确认失败 · rejected=0 · elapsed_ms=1.2
[WARN] [1786541209.805818]: 开始进行多边形确认 · 多边形确认失败 · rejected=0 · elapsed_ms=1.4
[WARN] [1786541209.940905]: 开始进行多边形确认 · 多边形确认失败 · rejected=0 · elapsed_ms=1.5
[WARN] [1786541210.052526]: 开始进行多边形确认 · 多边形确认失败 · rejected=0 · elapsed_ms=1.2
[WARN] [1786541210.162611]: 开始进行多边形确认 · 多边形确认失败 · rejected=0 · elapsed_ms=2.7
[WARN] [1786541210.291236]: 开始进行多边形确认 · 多边形确认失败 · rejected=0 · elapsed_ms=1.2
[WARN] [1786541210.413853]: 开始进行多边形确认 · 多边形确认失败 · rejected=0 · elapsed_ms=1.2
[WARN] [1786541210.538271]: 开始进行多边形确认 · 多边形确认失败 · rejected=0 · elapsed_ms=1.0
[WARN] [1786541210.669123]: 开始进行多边形确认 · 多边形确认失败 · rejected=0 · elapsed_ms=1.3
[WARN] [1786541210.790950]: 开始进行多边形确认 · 多边形确认失败 · rejected=0 · elapsed_ms=1.2
[WARN] [1786541210.939273]: 开始进行多边形确认 · 多边形确认失败 · rejected=0 · elapsed_ms=1.3
[WARN] [1786541211.060109]: 开始进行多边形确认 · 多边形确认失败 · rejected=0 · elapsed_ms=1.4
[WARN] [1786541211.179161]: 开始进行多边形确认 · 多边形确认失败 · rejected=0 · elapsed_ms=1.2
[WARN] [1786541211.297613]: 开始进行多边形确认 · 多边形确认失败 · rejected=0 · elapsed_ms=1.5
[WARN] [1786541211.414884]: 开始进行多边形确认 · 多边形确认失败 · rejected=0 · elapsed_ms=1.3
[WARN] [1786541211.553629]: 开始进行多边形确认 · 多边形确认失败 · rejected=0 · elapsed_ms=1.3
[WARN] [1786541211.677392]: 开始进行多边形确认 · 多边形确认失败 · rejected=0 · elapsed_ms=1.2
[WARN] [1786541211.801755]: 开始进行多边形确认 · 多边形确认失败 · rejected=0 · elapsed_ms=1.1
[WARN] [1786541211.924345]: 开始进行多边形确认 · 多边形确认失败 · rejected=0 · elapsed_ms=1.4
[WARN] [1786541212.085120]: 开始进行多边形确认 · 多边形确认失败 · rejected=0 · elapsed_ms=1.4
[WARN] [1786541212.174617]: 开始进行多边形确认 · 多边形确认失败 · rejected=0 · elapsed_ms=1.4
[WARN] [1786541212.302757]: 开始进行多边形确认 · 多边形确认失败 · rejected=0 · elapsed_ms=1.3
[WARN] [1786541212.431446]: 开始进行多边形确认 · 多边形确认失败 · rejected=0 · elapsed_ms=2.6
[WARN] [1786541212.566680]: 开始进行多边形确认 · 多边形确认失败 · rejected=0 · elapsed_ms=1.6
[WARN] [1786541212.684402]: 开始进行多边形确认 · 多边形确认失败 · rejected=0 · elapsed_ms=1.4
[WARN] [1786541212.813977]: 开始进行多边形确认 · 多边形确认失败 · rejected=0 · elapsed_ms=1.6
[WARN] [1786541212.959894]: 开始进行多边形确认 · 多边形确认失败 · rejected=0 · elapsed_ms=2.3
[WARN] [1786541213.083550]: 开始进行多边形确认 · 多边形确认失败 · rejected=0 · elapsed_ms=1.3
[WARN] [1786541213.212751]: 开始进行多边形确认 · 多边形确认失败 · rejected=0 · elapsed_ms=1.3
[WARN] [1786541213.308186]: 开始进行多边形确认 · 多边形确认失败 · rejected=0 · elapsed_ms=1.3
[WARN] [1786541213.431374]: 开始进行多边形确认 · 多边形确认失败 · rejected=0 · elapsed_ms=1.5
[WARN] [1786541213.557575]: 开始进行多边形确认 · 多边形确认失败 · rejected=0 · elapsed_ms=1.4
[WARN] [1786541213.689233]: 开始进行多边形确认 · 多边形确认失败 · rejected=0 · elapsed_ms=1.5
[WARN] [1786541213.813227]: 开始进行多边形确认 · 多边形确认失败 · rejected=0 · elapsed_ms=1.4
[WARN] [1786541213.939357]: 开始进行多边形确认 · 多边形确认失败 · rejected=0 · elapsed_ms=1.4
[WARN] [1786541214.050276]: 开始进行多边形确认 · 多边形确认失败 · rejected=0 · elapsed_ms=1.2
[WARN] [1786541214.179065]: 开始进行多边形确认 · 多边形确认失败 · rejected=0 · elapsed_ms=1.3
[WARN] [1786541214.330714]: 开始进行多边形确认 · 多边形确认失败 · rejected=0 · elapsed_ms=1.4
[WARN] [1786541214.434781]: 开始进行多边形确认 · 多边形确认失败 · rejected=0 · elapsed_ms=1.3
[WARN] [1786541214.556858]: 开始进行多边形确认 · 多边形确认失败 · rejected=0 · elapsed_ms=1.4
[WARN] [1786541214.663958]: 开始进行多边形确认 · 多边形确认失败 · rejected=0 · elapsed_ms=1.1
[WARN] [1786541214.789815]: 开始进行多边形确认 · 多边形确认失败 · rejected=0 · elapsed_ms=1.0
[WARN] [1786541214.921958]: 开始进行多边形确认 · 多边形确认失败 · rejected=0 · elapsed_ms=1.2
[WARN] [1786541215.042329]: 开始进行多边形确认 · 多边形确认失败 · rejected=0 · elapsed_ms=1.0
[WARN] [1786541215.170645]: 开始进行多边形确认 · 多边形确认失败 · rejected=0 · elapsed_ms=1.2
[WARN] [1786541215.307292]: 开始进行多边形确认 · 多边形确认失败 · rejected=0 · elapsed_ms=2.3
[WARN] [1786541215.453236]: 开始进行多边形确认 · 多边形确认失败 · rejected=0 · elapsed_ms=1.3
[WARN] [1786541215.542597]: 开始进行多边形确认 · 多边形确认失败 · rejected=0 · elapsed_ms=1.3
[WARN] [1786541215.673527]: 开始进行多边形确认 · 多边形确认失败 · rejected=0 · elapsed_ms=1.3
[WARN] [1786541215.808297]: 开始进行多边形确认 · 多边形确认失败 · rejected=0 · elapsed_ms=1.2
[WARN] [1786541215.933977]: 开始进行多边形确认 · 多边形确认失败 · rejected=0 · elapsed_ms=1.4
[WARN] [1786541216.056351]: 开始进行多边形确认 · 多边形确认失败 · rejected=0 · elapsed_ms=1.4
[WARN] [1786541216.177315]: 开始进行多边形确认 · 多边形确认失败 · rejected=0 · elapsed_ms=1.2
[WARN] [1786541216.305547]: 开始进行多边形确认 · 多边形确认失败 · rejected=0 · elapsed_ms=1.2
[WARN] [1786541216.463499]: 开始进行多边形确认 · 多边形确认失败 · rejected=0 · elapsed_ms=6.8
[WARN] [1786541216.570383]: 开始进行多边形确认 · 多边形确认失败 · rejected=0 · elapsed_ms=1.5
[WARN] [1786541216.695673]: 开始进行多边形确认 · 多边形确认失败 · rejected=0 · elapsed_ms=1.3
[WARN] [1786541216.818021]: 开始进行多边形确认 · 多边形确认失败 · rejected=0 · elapsed_ms=1.3
[WARN] [1786541216.947119]: 开始进行多边形确认 · 多边形确认失败 · rejected=0 · elapsed_ms=1.3
[WARN] [1786541217.066540]: 开始进行多边形确认 · 多边形确认失败 · rejected=0 · elapsed_ms=1.2
[WARN] [1786541217.192178]: 开始进行多边形确认 · 多边形确认失败 · rejected=0 · elapsed_ms=1.2
[WARN] [1786541217.309371]: 开始进行多边形确认 · 多边形确认失败 · rejected=0 · elapsed_ms=1.3
[WARN] [1786541217.432057]: 开始进行多边形确认 · 多边形确认失败 · rejected=0 · elapsed_ms=2.1
[WARN] [1786541217.575547]: 开始进行多边形确认 · 多边形确认失败 · rejected=0 · elapsed_ms=1.4
[WARN] [1786541217.670320]: 开始进行多边形确认 · 多边形确认失败 · rejected=0 · elapsed_ms=1.2
[WARN] [1786541217.798411]: 开始进行多边形确认 · 多边形确认失败 · rejected=0 · elapsed_ms=1.2
[WARN] [1786541217.939795]: 开始进行多边形确认 · 多边形确认失败 · rejected=0 · elapsed_ms=1.2
[WARN] [1786541218.070405]: 开始进行多边形确认 · 多边形确认失败 · rejected=0 · elapsed_ms=1.3
[INFO] [1786541211.552428]: 开始进行多边形确认 · detections=2
[INFO] [1786541211.676310]: 开始进行多边形确认 · detections=2
[INFO] [1786541211.800678]: 开始进行多边形确认 · detections=1
[INFO] [1786541211.802973]: RGB-D vision status: model_ready:onnxruntime targets:0 centers:0 tf:0 rejected:0 merged:0 semantic_masks:1
[INFO] [1786541211.923010]: 开始进行多边形确认 · detections=2
[INFO] [1786541212.083769]: 开始进行多边形确认 · detections=2
[INFO] [1786541212.173304]: 开始进行多边形确认 · detections=2
[INFO] [1786541212.301501]: 开始进行多边形确认 · detections=2
[INFO] [1786541212.428960]: 开始进行多边形确认 · detections=2
[INFO] [1786541212.565228]: 开始进行多边形确认 · detections=2
[INFO] [1786541212.683092]: 开始进行多边形确认 · detections=2
[INFO] [1786541212.812463]: 开始进行多边形确认 · detections=2
[INFO] [1786541212.957616]: 开始进行多边形确认 · detections=2
[INFO] [1786541213.082353]: 开始进行多边形确认 · detections=2
[INFO] [1786541213.211509]: 开始进行多边形确认 · detections=2
[INFO] [1786541213.306999]: 开始进行多边形确认 · detections=2
[INFO] [1786541213.430012]: 开始进行多边形确认 · detections=2
[INFO] [1786541213.556237]: 开始进行多边形确认 · detections=2
[INFO] [1786541213.687834]: 开始进行多边形确认 · detections=2
[INFO] [1786541213.811961]: 开始进行多边形确认 · detections=2
[INFO] [1786541213.937962]: 开始进行多边形确认 · detections=2
[INFO] [1786541214.049127]: 开始进行多边形确认 · detections=2
[INFO] [1786541214.177789]: 开始进行多边形确认 · detections=2
[INFO] [1786541214.329389]: 开始进行多边形确认 · detections=2
[INFO] [1786541214.433592]: 开始进行多边形确认 · detections=2
[INFO] [1786541214.555601]: 开始进行多边形确认 · detections=2
[INFO] [1786541214.662910]: 开始进行多边形确认 · detections=2
[INFO] [1786541214.788837]: 开始进行多边形确认 · detections=2
[INFO] [1786541214.920862]: 开始进行多边形确认 · detections=2
[INFO] [1786541215.041378]: 开始进行多边形确认 · detections=2
[INFO] [1786541215.169541]: 开始进行多边形确认 · detections=2
[INFO] [1786541215.305012]: 开始进行多边形确认 · detections=2
[INFO] [1786541215.451984]: 开始进行多边形确认 · detections=2
[INFO] [1786541215.541393]: 开始进行多边形确认 · detections=2
[INFO] [1786541215.672248]: 开始进行多边形确认 · detections=2
[INFO] [1786541215.807137]: 开始进行多边形确认 · detections=2
[INFO] [1786541215.932670]: 开始进行多边形确认 · detections=2
[INFO] [1786541216.055016]: 开始进行多边形确认 · detections=2
[INFO] [1786541216.176134]: 开始进行多边形确认 · detections=2
[INFO] [1786541216.304383]: 开始进行多边形确认 · detections=2
[INFO] [1786541216.456765]: 开始进行多边形确认 · detections=2
[INFO] [1786541216.568995]: 开始进行多边形确认 · detections=2
[INFO] [1786541216.694463]: 开始进行多边形确认 · detections=2
[INFO] [1786541216.816777]: 开始进行多边形确认 · detections=2
[INFO] [1786541216.945894]: 开始进行多边形确认 · detections=2
[INFO] [1786541217.065451]: 开始进行多边形确认 · detections=2
[INFO] [1786541217.191079]: 开始进行多边形确认 · detections=2
[INFO] [1786541217.308127]: 开始进行多边形确认 · detections=1
[INFO] [1786541217.310811]: RGB-D vision status: model_ready:onnxruntime targets:0 centers:0 tf:0 rejected:0 merged:0 semantic_masks:1
[INFO] [1786541217.429975]: 开始进行多边形确认 · detections=2
[INFO] [1786541217.574185]: 开始进行多边形确认 · detections=1
[INFO] [1786541217.669136]: 开始进行多边形确认 · detections=2
[INFO] [1786541217.797266]: 开始进行多边形确认 · detections=2
[INFO] [1786541217.938657]: 开始进行多边形确认 · detections=2
[INFO] [1786541218.069211]: 开始进行多边形确认 · detections=2
[INFO] [1786541218.201232]: 开始进行多边形确认 · detections=2
[INFO] [1786541218.324043]: 开始进行多边形确认 · detections=2
[INFO] [1786541218.456028]: 开始进行多边形确认 · detections=2
[INFO] [1786541218.575805]: 开始进行多边形确认 · detections=2
[INFO] [1786541218.714424]: 开始进行多边形确认 · detections=2
[INFO] [1786541218.802463]: 开始进行多边形确认 · detections=2
[INFO] [1786541218.933714]: 开始进行多边形确认 · detections=2
[INFO] [1786541219.052108]: 开始进行多边形确认 · detections=1
[INFO] [1786541219.189061]: 开始进行多边形确认 · detections=2
[INFO] [1786541219.322864]: 开始进行多边形确认 · detections=1
[INFO] [1786541219.436738]: 开始进行多边形确认 · detections=2
[INFO] [1786541219.564693]: 开始进行多边形确认 · detections=2
[INFO] [1786541219.682708]: 开始进行多边形确认 · detections=2
[INFO] [1786541219.833019]: 开始进行多边形确认 · detections=2
[INFO] [1786541219.932696]: 开始进行多边形确认 · detections=2
[INFO] [1786541220.061493]: 开始进行多边形确认 · detections=2
[INFO] [1786541220.177591]: 开始进行多边形确认 · detections=1
[INFO] [1786541220.303339]: 开始进行多边形确认 · detections=1
[INFO] [1786541220.431241]: 开始进行多边形确认 · detections=1
[INFO] [1786541220.564341]: 开始进行多边形确认 · detections=2
[INFO] [1786541220.693325]: 开始进行多边形确认 · detections=2
[INFO] [1786541220.826403]: 开始进行多边形确认 · detections=2
[INFO] [1786541220.975490]: 开始进行多边形确认 · detections=2
[INFO] [1786541221.092799]: 开始进行多边形确认 · detections=2
[INFO] [1786541221.210649]: 开始进行多边形确认 · detections=2
[INFO] [1786541221.333416]: 开始进行多边形确认 · detections=2
[INFO] [1786541221.461507]: 开始进行多边形确认 · detections=2
[INFO] [1786541221.583606]: 开始进行多边形确认 · detections=2
[INFO] [1786541221.716699]: 开始进行多边形确认 · detections=2
[INFO] [1786541221.835260]: 开始进行多边形确认 · detections=2
[INFO] [1786541222.006658]: 开始进行多边形确认 · detections=2
[INFO] [1786541222.086256]: 开始进行多边形确认 · detections=2
[INFO] [1786541222.212820]: 开始进行多边形确认 · detections=2
[INFO] [1786541222.331725]: 开始进行多边形确认 · detections=2
[INFO] [1786541222.456661]: 开始进行多边形确认 · detections=2
[INFO] [1786541222.573869]: 开始进行多边形确认 · detections=2
[INFO] [1786541222.687936]: 开始进行多边形确认 · detections=2
[INFO] [1786541222.811584]: 开始进行多边形确认 · detections=2
[INFO] [1786541222.955192]: 开始进行多边形确认 · detections=1
[INFO] [1786541222.957615]: RGB-D vision status: model_ready:onnxruntime targets:0 centers:0 tf:0 rejected:0 merged:0 semantic_masks:1
[INFO] [1786541223.091708]: 开始进行多边形确认 · detections=2
[INFO] [1786541223.200922]: 开始进行多边形确认 · detections=2
[INFO] [1786541223.331599]: 开始进行多边形确认 · detections=2
[INFO] [1786541223.451527]: 开始进行多边形确认 · detections=2
[INFO] [1786541223.573856]: 开始进行多边形确认 · detections=2
[INFO] [1786541223.705561]: 开始进行多边形确认 · detections=2
[INFO] [1786541223.823687]: 开始进行多边形确认 · detections=2
[INFO] [1786541223.963580]: 开始进行多边形确认 · detections=2
[INFO] [1786541224.121673]: 开始进行多边形确认 · detections=2
[INFO] [1786541224.210097]: 开始进行多边形确认 · detections=2
[INFO] [1786541224.335363]: 开始进行多边形确认 · detections=2
[INFO] [1786541224.462036]: 开始进行多边形确认 · detections=2
[INFO] [1786541224.583076]: 开始进行多边形确认 · detections=2
[INFO] [1786541224.711187]: 开始进行多边形确认 · detections=2
[INFO] [1786541224.833152]: 开始进行多边形确认 · detections=2
[INFO] [1786541224.957480]: 开始进行多边形确认 · detections=2
[WARN] [1786541218.202409]: 开始进行多边形确认 · 多边形确认失败 · rejected=0 · elapsed_ms=1.2
[WARN] [1786541218.325405]: 开始进行多边形确认 · 多边形确认失败 · rejected=0 · elapsed_ms=1.5
[WARN] [1786541218.457357]: 开始进行多边形确认 · 多边形确认失败 · rejected=0 · elapsed_ms=1.4
[WARN] [1786541218.577238]: 开始进行多边形确认 · 多边形确认失败 · rejected=0 · elapsed_ms=1.5
[WARN] [1786541218.715883]: 开始进行多边形确认 · 多边形确认失败 · rejected=0 · elapsed_ms=1.5
[WARN] [1786541218.803584]: 开始进行多边形确认 · 多边形确认失败 · rejected=0 · elapsed_ms=1.2
[WARN] [1786541218.934800]: 开始进行多边形确认 · 多边形确认失败 · rejected=0 · elapsed_ms=1.1
[WARN] [1786541219.053333]: 开始进行多边形确认 · 多边形确认失败 · rejected=0 · elapsed_ms=1.3
[WARN] [1786541219.190364]: 开始进行多边形确认 · 多边形确认失败 · rejected=0 · elapsed_ms=1.4
[WARN] [1786541219.324002]: 开始进行多边形确认 · 多边形确认失败 · rejected=0 · elapsed_ms=1.2
[WARN] [1786541219.438131]: 开始进行多边形确认 · 多边形确认失败 · rejected=0 · elapsed_ms=1.5
[WARN] [1786541219.565984]: 开始进行多边形确认 · 多边形确认失败 · rejected=0 · elapsed_ms=1.3
[WARN] [1786541219.683886]: 开始进行多边形确认 · 多边形确认失败 · rejected=0 · elapsed_ms=1.2
[WARN] [1786541219.835026]: 开始进行多边形确认 · 多边形确认失败 · rejected=0 · elapsed_ms=2.0
[WARN] [1786541219.934059]: 开始进行多边形确认 · 多边形确认失败 · rejected=0 · elapsed_ms=1.4
[WARN] [1786541220.062877]: 开始进行多边形确认 · 多边形确认失败 · rejected=0 · elapsed_ms=1.5
[WARN] [1786541220.178619]: 开始进行多边形确认 · 多边形确认失败 · rejected=0 · elapsed_ms=1.1
[WARN] [1786541220.304569]: 开始进行多边形确认 · 多边形确认失败 · rejected=0 · elapsed_ms=1.3
[WARN] [1786541220.433517]: 开始进行多边形确认 · 多边形确认失败 · rejected=0 · elapsed_ms=2.3
[WARN] [1786541220.567429]: 开始进行多边形确认 · 多边形确认失败 · rejected=0 · elapsed_ms=3.1
[WARN] [1786541220.694573]: 开始进行多边形确认 · 多边形确认失败 · rejected=0 · elapsed_ms=1.3
[WARN] [1786541220.827608]: 开始进行多边形确认 · 多边形确认失败 · rejected=0 · elapsed_ms=1.3
[WARN] [1786541220.977227]: 开始进行多边形确认 · 多边形确认失败 · rejected=0 · elapsed_ms=1.8
[WARN] [1786541221.094025]: 开始进行多边形确认 · 多边形确认失败 · rejected=0 · elapsed_ms=1.3
[WARN] [1786541221.211874]: 开始进行多边形确认 · 多边形确认失败 · rejected=0 · elapsed_ms=1.3
[WARN] [1786541221.334660]: 开始进行多边形确认 · 多边形确认失败 · rejected=0 · elapsed_ms=1.3
[WARN] [1786541221.462773]: 开始进行多边形确认 · 多边形确认失败 · rejected=0 · elapsed_ms=1.3
[WARN] [1786541221.584957]: 开始进行多边形确认 · 多边形确认失败 · rejected=0 · elapsed_ms=1.4
[WARN] [1786541221.717836]: 开始进行多边形确认 · 多边形确认失败 · rejected=0 · elapsed_ms=1.2
[WARN] [1786541221.836656]: 开始进行多边形确认 · 多边形确认失败 · rejected=0 · elapsed_ms=1.5
[WARN] [1786541222.008104]: 开始进行多边形确认 · 多边形确认失败 · rejected=0 · elapsed_ms=1.5
[WARN] [1786541222.087710]: 开始进行多边形确认 · 多边形确认失败 · rejected=0 · elapsed_ms=1.5
[WARN] [1786541222.214202]: 开始进行多边形确认 · 多边形确认失败 · rejected=0 · elapsed_ms=1.5
[WARN] [1786541222.333109]: 开始进行多边形确认 · 多边形确认失败 · rejected=0 · elapsed_ms=1.5
[WARN] [1786541222.458275]: 开始进行多边形确认 · 多边形确认失败 · rejected=0 · elapsed_ms=1.7
[WARN] [1786541222.575573]: 开始进行多边形确认 · 多边形确认失败 · rejected=0 · elapsed_ms=1.8
[WARN] [1786541222.689298]: 开始进行多边形确认 · 多边形确认失败 · rejected=0 · elapsed_ms=1.4
[WARN] [1786541222.812793]: 开始进行多边形确认 · 多边形确认失败 · rejected=0 · elapsed_ms=1.3
[WARN] [1786541222.956514]: 开始进行多边形确认 · 多边形确认失败 · rejected=0 · elapsed_ms=1.4
[WARN] [1786541223.092961]: 开始进行多边形确认 · 多边形确认失败 · rejected=0 · elapsed_ms=1.3
[WARN] [1786541223.202167]: 开始进行多边形确认 · 多边形确认失败 · rejected=0 · elapsed_ms=1.3
[WARN] [1786541223.347886]: 开始进行多边形确认 · 多边形确认失败 · rejected=0 · elapsed_ms=16.3
[WARN] [1786541223.452815]: 开始进行多边形确认 · 多边形确认失败 · rejected=0 · elapsed_ms=1.4
[WARN] [1786541223.575118]: 开始进行多边形确认 · 多边形确认失败 · rejected=0 · elapsed_ms=1.3
[WARN] [1786541223.707075]: 开始进行多边形确认 · 多边形确认失败 · rejected=0 · elapsed_ms=1.6
[WARN] [1786541223.824808]: 开始进行多边形确认 · 多边形确认失败 · rejected=0 · elapsed_ms=1.2
[WARN] [1786541223.964992]: 开始进行多边形确认 · 多边形确认失败 · rejected=0 · elapsed_ms=1.5
[WARN] [1786541224.123387]: 开始进行多边形确认 · 多边形确认失败 · rejected=0 · elapsed_ms=1.8
[WARN] [1786541224.211440]: 开始进行多边形确认 · 多边形确认失败 · rejected=0 · elapsed_ms=1.4
[WARN] [1786541224.336823]: 开始进行多边形确认 · 多边形确认失败 · rejected=0 · elapsed_ms=1.5
[WARN] [1786541224.463678]: 开始进行多边形确认 · 多边形确认失败 · rejected=0 · elapsed_ms=1.7
[WARN] [1786541224.584342]: 开始进行多边形确认 · 多边形确认失败 · rejected=0 · elapsed_ms=1.3
[WARN] [1786541224.712542]: 开始进行多边形确认 · 多边形确认失败 · rejected=0 · elapsed_ms=1.5
[WARN] [1786541224.834450]: 开始进行多边形确认 · 多边形确认失败 · rejected=0 · elapsed_ms=1.4
[WARN] [1786541224.958781]: 开始进行多边形确认 · 多边形确认失败 · rejected=0 · elapsed_ms=1.4
[WARN] [1786541225.092548]: 开始进行多边形确认 · 多边形确认失败 · rejected=0 · elapsed_ms=1.5
[WARN] [1786541225.212175]: 开始进行多边形确认 · 多边形确认失败 · rejected=0 · elapsed_ms=1.3
[WARN] [1786541225.325292]: 开始进行多边形确认 · 多边形确认失败 · rejected=0 · elapsed_ms=1.3
[WARN] [1786541225.452729]: 开始进行多边形确认 · 多边形确认失败 · rejected=0 · elapsed_ms=1.4
[WARN] [1786541225.572740]: 开始进行多边形确认 · 多边形确认失败 · rejected=0 · elapsed_ms=1.4
[WARN] [1786541225.694549]: 开始进行多边形确认 · 多边形确认失败 · rejected=0 · elapsed_ms=1.5
[WARN] [1786541225.827830]: 开始进行多边形确认 · 多边形确认失败 · rejected=0 · elapsed_ms=1.4
[WARN] [1786541225.948264]: 开始进行多边形确认 · 多边形确认失败 · rejected=0 · elapsed_ms=1.5
[WARN] [1786541226.081580]: 开始进行多边形确认 · 多边形确认失败 · rejected=0 · elapsed_ms=1.2
[WARN] [1786541226.218111]: 开始进行多边形确认 · 多边形确认失败 · rejected=0 · elapsed_ms=1.6
[WARN] [1786541226.325080]: 开始进行多边形确认 · 多边形确认失败 · rejected=0 · elapsed_ms=1.2
[WARN] [1786541226.450096]: 开始进行多边形确认 · 多边形确认失败 · rejected=0 · elapsed_ms=1.4
[WARN] [1786541226.583188]: 开始进行多边形确认 · 多边形确认失败 · rejected=0 · elapsed_ms=1.0
[WARN] [1786541226.707196]: 开始进行多边形确认 · 多边形确认失败 · rejected=0 · elapsed_ms=1.2
[WARN] [1786541226.828177]: 开始进行多边形确认 · 多边形确认失败 · rejected=0 · elapsed_ms=1.1
[WARN] [1786541226.970128]: 开始进行多边形确认 · 多边形确认失败 · rejected=0 · elapsed_ms=1.2
[WARN] [1786541227.091058]: 开始进行多边形确认 · 多边形确认失败 · rejected=0 · elapsed_ms=1.2
[WARN] [1786541227.234337]: 开始进行多边形确认 · 多边形确认失败 · rejected=0 · elapsed_ms=1.5
[WARN] [1786541227.372934]: 开始进行多边形确认 · 多边形确认失败 · rejected=0 · elapsed_ms=1.6
[WARN] [1786541227.501295]: 开始进行多边形确认 · 多边形确认失败 · rejected=0 · elapsed_ms=1.3
[WARN] [1786541227.629772]: 开始进行多边形确认 · 多边形确认失败 · rejected=0 · elapsed_ms=1.3
[WARN] [1786541227.740427]: 开始进行多边形确认 · 多边形确认失败 · rejected=0 · elapsed_ms=1.3
[WARN] [1786541227.860307]: 开始进行多边形确认 · 多边形确认失败 · rejected=0 · elapsed_ms=1.3
[WARN] [1786541227.995473]: 开始进行多边形确认 · 多边形确认失败 · rejected=0 · elapsed_ms=1.4
[WARN] [1786541228.114048]: 开始进行多边形确认 · 多边形确认失败 · rejected=0 · elapsed_ms=1.3
[WARN] [1786541228.231699]: 开始进行多边形确认 · 多边形确认失败 · rejected=0 · elapsed_ms=1.7
[WARN] [1786541228.370199]: 开始进行多边形确认 · 多边形确认失败 · rejected=0 · elapsed_ms=1.3
[WARN] [1786541228.475450]: 开始进行多边形确认 · 多边形确认失败 · rejected=0 · elapsed_ms=1.1
[WARN] [1786541228.602857]: 开始进行多边形确认 · 多边形确认失败 · rejected=0 · elapsed_ms=1.2
[WARN] [1786541228.731044]: 开始进行多边形确认 · 多边形确认失败 · rejected=0 · elapsed_ms=1.7
[WARN] [1786541228.847842]: 开始进行多边形确认 · 多边形确认失败 · rejected=0 · elapsed_ms=1.2
[WARN] [1786541228.977748]: 开始进行多边形确认 · 多边形确认失败 · rejected=0 · elapsed_ms=1.3
[WARN] [1786541229.101710]: 开始进行多边形确认 · 多边形确认失败 · rejected=0 · elapsed_ms=1.3
[WARN] [1786541229.224868]: 开始进行多边形确认 · 多边形确认失败 · rejected=0 · elapsed_ms=1.3
[WARN] [1786541229.396122]: 开始进行多边形确认 · 多边形确认失败 · rejected=0 · elapsed_ms=1.6
[WARN] [1786541229.461089]: 开始进行多边形确认 · 多边形确认失败 · rejected=0 · elapsed_ms=1.3
[WARN] [1786541229.587258]: 开始进行多边形确认 · 多边形确认失败 · rejected=0 · elapsed_ms=1.2
[WARN] [1786541229.729728]: 开始进行多边形确认 · 多边形确认失败 · rejected=0 · elapsed_ms=1.5
[WARN] [1786541229.851727]: 开始进行多边形确认 · 多边形确认失败 · rejected=0 · elapsed_ms=1.3
[WARN] [1786541229.981910]: 开始进行多边形确认 · 多边形确认失败 · rejected=0 · elapsed_ms=1.8
[WARN] [1786541230.103969]: 开始进行多边形确认 · 多边形确认失败 · rejected=0 · elapsed_ms=1.6
[WARN] [1786541230.217075]: 开始进行多边形确认 · 多边形确认失败 · rejected=0 · elapsed_ms=1.3
[WARN] [1786541230.355499]: 开始进行多边形确认 · 多边形确认失败 · rejected=0 · elapsed_ms=1.2
[WARN] [1786541230.471623]: 开始进行多边形确认 · 多边形确认失败 · rejected=0 · elapsed_ms=1.1
[WARN] [1786541230.598227]: 开始进行多边形确认 · 多边形确认失败 · rejected=0 · elapsed_ms=1.1
[WARN] [1786541230.729702]: 开始进行多边形确认 · 多边形确认失败 · rejected=0 · elapsed_ms=1.1
[WARN] [1786541230.853279]: 开始进行多边形确认 · 多边形确认失败 · rejected=0 · elapsed_ms=1.1
[WARN] [1786541230.989310]: 开始进行多边形确认 · 多边形确认失败 · rejected=0 · elapsed_ms=1.3
[WARN] [1786541231.108675]: 开始进行多边形确认 · 多边形确认失败 · rejected=0 · elapsed_ms=1.2
[WARN] [1786541231.238480]: 开始进行多边形确认 · 多边形确认失败 · rejected=0 · elapsed_ms=1.3
[WARN] [1786541231.366783]: 开始进行多边形确认 · 多边形确认失败 · rejected=0 · elapsed_ms=1.3
[WARN] [1786541231.517036]: 开始进行多边形确认 · 多边形确认失败 · rejected=0 · elapsed_ms=1.4
[WARN] [1786541231.603269]: 开始进行多边形确认 · 多边形确认失败 · rejected=0 · elapsed_ms=1.3
[WARN] [1786541231.726419]: 开始进行多边形确认 · 多边形确认失败 · rejected=0 · elapsed_ms=1.7
[WARN] [1786541231.851671]: 开始进行多边形确认 · 多边形确认失败 · rejected=0 · elapsed_ms=1.7
[WARN] [1786541231.983990]: 开始进行多边形确认 · 多边形确认失败 · rejected=0 · elapsed_ms=1.4
[WARN] [1786541232.106685]: 开始进行多边形确认 · 多边形确认失败 · rejected=0 · elapsed_ms=1.5
[WARN] [1786541232.234382]: 开始进行多边形确认 · 多边形确认失败 · rejected=0 · elapsed_ms=1.4
[WARN] [1786541232.352182]: 开始进行多边形确认 · 多边形确认失败 · rejected=0 · elapsed_ms=1.3
[WARN] [1786541232.489268]: 开始进行多边形确认 · 多边形确认失败 · rejected=0 · elapsed_ms=1.3
[WARN] [1786541232.603032]: 开始进行多边形确认 · 多边形确认失败 · rejected=0 · elapsed_ms=1.2
[WARN] [1786541232.726006]: 开始进行多边形确认 · 多边形确认失败 · rejected=0 · elapsed_ms=1.3
[WARN] [1786541232.854368]: 开始进行多边形确认 · 多边形确认失败 · rejected=0 · elapsed_ms=1.3
[WARN] [1786541232.980003]: 开始进行多边形确认 · 多边形确认失败 · rejected=0 · elapsed_ms=1.4
[WARN] [1786541233.102338]: 开始进行多边形确认 · 多边形确认失败 · rejected=0 · elapsed_ms=1.3
[WARN] [1786541233.228472]: 开始进行多边形确认 · 多边形确认失败 · rejected=0 · elapsed_ms=1.5
[WARN] [1786541233.354467]: 开始进行多边形确认 · 多边形确认失败 · rejected=0 · elapsed_ms=1.2
[WARN] [1786541233.502637]: 开始进行多边形确认 · 多边形确认失败 · rejected=0 · elapsed_ms=19.4
[WARN] [1786541233.604004]: 开始进行多边形确认 · 多边形确认失败 · rejected=0 · elapsed_ms=1.3
[WARN] [1786541233.717855]: 开始进行多边形确认 · 多边形确认失败 · rejected=0 · elapsed_ms=1.3
[WARN] [1786541233.852060]: 开始进行多边形确认 · 多边形确认失败 · rejected=0 · elapsed_ms=1.5
[WARN] [1786541233.969282]: 开始进行多边形确认 · 多边形确认失败 · rejected=0 · elapsed_ms=1.5
[WARN] [1786541234.089128]: 开始进行多边形确认 · 多边形确认失败 · rejected=0 · elapsed_ms=1.1
[WARN] [1786541234.221332]: 开始进行多边形确认 · 多边形确认失败 · rejected=0 · elapsed_ms=1.8
[WARN] [1786541234.354679]: 开始进行多边形确认 · 多边形确认失败 · rejected=0 · elapsed_ms=1.5
[WARN] [1786541234.490282]: 开始进行多边形确认 · 多边形确认失败 · rejected=0 · elapsed_ms=1.3
[WARN] [1786541234.613927]: 开始进行多边形确认 · 多边形确认失败 · rejected=0 · elapsed_ms=1.6
[WARN] [1786541234.740993]: 开始进行多边形确认 · 多边形确认失败 · rejected=0 · elapsed_ms=1.5
[WARN] [1786541234.860881]: 开始进行多边形确认 · 多边形确认失败 · rejected=0 · elapsed_ms=1.3
[WARN] [1786541234.984967]: 开始进行多边形确认 · 多边形确认失败 · rejected=0 · elapsed_ms=1.1
[WARN] [1786541235.111466]: 开始进行多边形确认 · 多边形确认失败 · rejected=0 · elapsed_ms=1.1
[WARN] [1786541235.221208]: 开始进行多边形确认 · 多边形确认失败 · rejected=0 · elapsed_ms=1.2
[WARN] [1786541235.348522]: 开始进行多边形确认 · 多边形确认失败 · rejected=0 · elapsed_ms=1.1
[WARN] [1786541235.492602]: 开始进行多边形确认 · 多边形确认失败 · rejected=0 · elapsed_ms=1.1
[WARN] [1786541235.622939]: 开始进行多边形确认 · 多边形确认失败 · rejected=0 · elapsed_ms=1.8
[WARN] [1786541235.743818]: 开始进行多边形确认 · 多边形确认失败 · rejected=0 · elapsed_ms=1.1
[WARN] [1786541235.866199]: 开始进行多边形确认 · 多边形确认失败 · rejected=0 · elapsed_ms=1.5
[WARN] [1786541235.991471]: 开始进行多边形确认 · 多边形确认失败 · rejected=0 · elapsed_ms=1.5
[WARN] [1786541236.120034]: 开始进行多边形确认 · 多边形确认失败 · rejected=0 · elapsed_ms=1.7
[INFO] [1786541225.091120]: 开始进行多边形确认 · detections=1
[INFO] [1786541225.210983]: 开始进行多边形确认 · detections=2
[INFO] [1786541225.324078]: 开始进行多边形确认 · detections=2
[INFO] [1786541225.451417]: 开始进行多边形确认 · detections=2
[INFO] [1786541225.571429]: 开始进行多边形确认 · detections=2
[INFO] [1786541225.693156]: 开始进行多边形确认 · detections=1
[INFO] [1786541225.826515]: 开始进行多边形确认 · detections=2
[INFO] [1786541225.946795]: 开始进行多边形确认 · detections=1
[INFO] [1786541226.080392]: 开始进行多边形确认 · detections=1
[INFO] [1786541226.216516]: 开始进行多边形确认 · detections=2
[INFO] [1786541226.323893]: 开始进行多边形确认 · detections=1
[INFO] [1786541226.448795]: 开始进行多边形确认 · detections=2
[INFO] [1786541226.582259]: 开始进行多边形确认 · detections=2
[INFO] [1786541226.706054]: 开始进行多边形确认 · detections=2
[INFO] [1786541226.827101]: 开始进行多边形确认 · detections=2
[INFO] [1786541226.968964]: 开始进行多边形确认 · detections=2
[INFO] [1786541227.089965]: 开始进行多边形确认 · detections=1
[INFO] [1786541227.232926]: 开始进行多边形确认 · detections=1
[INFO] [1786541227.371362]: 开始进行多边形确认 · detections=1
[INFO] [1786541227.500119]: 开始进行多边形确认 · detections=2
[INFO] [1786541227.628575]: 开始进行多边形确认 · detections=2
[INFO] [1786541227.739186]: 开始进行多边形确认 · detections=2
[INFO] [1786541227.859084]: 开始进行多边形确认 · detections=2
[INFO] [1786541227.994176]: 开始进行多边形确认 · detections=2
[INFO] [1786541228.112874]: 开始进行多边形确认 · detections=2
[INFO] [1786541228.230133]: 开始进行多边形确认 · detections=1
[INFO] [1786541228.232796]: RGB-D vision status: model_ready:onnxruntime targets:0 centers:0 tf:0 rejected:0 merged:0 semantic_masks:1
[INFO] [1786541228.368908]: 开始进行多边形确认 · detections=2
[INFO] [1786541228.474386]: 开始进行多边形确认 · detections=2
[INFO] [1786541228.601651]: 开始进行多边形确认 · detections=2
[INFO] [1786541228.729453]: 开始进行多边形确认 · detections=2
[INFO] [1786541228.846685]: 开始进行多边形确认 · detections=2
[INFO] [1786541228.976556]: 开始进行多边形确认 · detections=2
[INFO] [1786541229.100507]: 开始进行多边形确认 · detections=2
[INFO] [1786541229.223628]: 开始进行多边形确认 · detections=2
[INFO] [1786541229.394575]: 开始进行多边形确认 · detections=2
[INFO] [1786541229.459893]: 开始进行多边形确认 · detections=2
[INFO] [1786541229.586087]: 开始进行多边形确认 · detections=2
[INFO] [1786541229.728311]: 开始进行多边形确认 · detections=2
[INFO] [1786541229.850521]: 开始进行多边形确认 · detections=1
[INFO] [1786541229.980146]: 开始进行多边形确认 · detections=2
[INFO] [1786541230.102444]: 开始进行多边形确认 · detections=2
[INFO] [1786541230.215843]: 开始进行多边形确认 · detections=2
[INFO] [1786541230.354332]: 开始进行多边形确认 · detections=2
[INFO] [1786541230.470567]: 开始进行多边形确认 · detections=2
[INFO] [1786541230.597208]: 开始进行多边形确认 · detections=1
[INFO] [1786541230.728684]: 开始进行多边形确认 · detections=2
[INFO] [1786541230.852225]: 开始进行多边形确认 · detections=2
[INFO] [1786541230.988061]: 开始进行多边形确认 · detections=1
[INFO] [1786541231.107564]: 开始进行多边形确认 · detections=2
[INFO] [1786541231.237269]: 开始进行多边形确认 · detections=2
[INFO] [1786541231.365566]: 开始进行多边形确认 · detections=1
[INFO] [1786541231.515747]: 开始进行多边形确认 · detections=2
[INFO] [1786541231.602025]: 开始进行多边形确认 · detections=2
[INFO] [1786541231.724776]: 开始进行多边形确认 · detections=2
[INFO] [1786541231.850094]: 开始进行多边形确认 · detections=2
[INFO] [1786541231.982668]: 开始进行多边形确认 · detections=2
[INFO] [1786541232.105322]: 开始进行多边形确认 · detections=2
[INFO] [1786541232.233001]: 开始进行多边形确认 · detections=1
[INFO] [1786541232.350974]: 开始进行多边形确认 · detections=2
[INFO] [1786541232.488043]: 开始进行多边形确认 · detections=2
[INFO] [1786541232.601846]: 开始进行多边形确认 · detections=2
[INFO] [1786541232.724769]: 开始进行多边形确认 · detections=1
[INFO] [1786541232.853123]: 开始进行多边形确认 · detections=2
[INFO] [1786541232.978650]: 开始进行多边形确认 · detections=2
[INFO] [1786541233.101137]: 开始进行多边形确认 · detections=2
[INFO] [1786541233.227026]: 开始进行多边形确认 · detections=2
[INFO] [1786541233.353319]: 开始进行多边形确认 · detections=2
[INFO] [1786541233.483218]: 开始进行多边形确认 · detections=2
[INFO] [1786541233.602740]: 开始进行多边形确认 · detections=2
[INFO] [1786541233.716568]: 开始进行多边形确认 · detections=2
[INFO] [1786541233.850595]: 开始进行多边形确认 · detections=2
[INFO] [1786541233.967914]: 开始进行多边形确认 · detections=2
[INFO] [1786541234.088057]: 开始进行多边形确认 · detections=1
[INFO] [1786541234.090198]: RGB-D vision status: model_ready:onnxruntime targets:0 centers:0 tf:0 rejected:0 merged:0 semantic_masks:1
[INFO] [1786541234.219550]: 开始进行多边形确认 · detections=2
[INFO] [1786541234.353238]: 开始进行多边形确认 · detections=2
[INFO] [1786541234.489015]: 开始进行多边形确认 · detections=2
[INFO] [1786541234.612402]: 开始进行多边形确认 · detections=1
[INFO] [1786541234.739532]: 开始进行多边形确认 · detections=2
[INFO] [1786541234.859664]: 开始进行多边形确认 · detections=2
[INFO] [1786541234.983962]: 开始进行多边形确认 · detections=2
[INFO] [1786541235.110396]: 开始进行多边形确认 · detections=2
[INFO] [1786541235.220092]: 开始进行多边形确认 · detections=2
[INFO] [1786541235.347476]: 开始进行多边形确认 · detections=2
[INFO] [1786541235.491578]: 开始进行多边形确认 · detections=2
[INFO] [1786541235.621202]: 开始进行多边形确认 · detections=2
[INFO] [1786541235.742792]: 开始进行多边形确认 · detections=2
[INFO] [1786541235.864760]: 开始进行多边形确认 · detections=2
[INFO] [1786541235.990029]: 开始进行多边形确认 · detections=2
[INFO] [1786541236.118447]: 开始进行多边形确认 · detections=2
[INFO] [1786541236.228716]: 开始进行多边形确认 · detections=2
[INFO] [1786541236.352612]: 开始进行多边形确认 · detections=2
[INFO] [1786541236.492509]: 开始进行多边形确认 · detections=2
[INFO] [1786541236.616780]: 开始进行多边形确认 · detections=2
[INFO] [1786541236.763011]: 开始进行多边形确认 · detections=1
[INFO] [1786541236.885942]: 开始进行多边形确认 · detections=2
[INFO] [1786541237.000581]: 开始进行多边形确认 · detections=2
[INFO] [1786541237.122812]: 开始进行多边形确认 · detections=2
[INFO] [1786541237.252162]: 开始进行多边形确认 · detections=2
[INFO] [1786541237.370415]: 开始进行多边形确认 · detections=1
[INFO] [1786541237.494179]: 开始进行多边形确认 · detections=2
[INFO] [1786541237.623077]: 开始进行多边形确认 · detections=2
[INFO] [1786541237.744145]: 开始进行多边形确认 · detections=2
[INFO] [1786541237.873850]: 开始进行多边形确认 · detections=2
[INFO] [1786541238.009008]: 开始进行多边形确认 · detections=2
[INFO] [1786541238.119177]: 开始进行多边形确认 · detections=2
[INFO] [1786541238.245623]: 开始进行多边形确认 · detections=2
[INFO] [1786541238.369285]: 开始进行多边形确认 · detections=2
[INFO] [1786541238.500381]: 开始进行多边形确认 · detections=2
[INFO] [1786541238.636520]: 开始进行多边形确认 · detections=2
[INFO] [1786541238.761736]: 开始进行多边形确认 · detections=2
[INFO] [1786541238.884025]: 开始进行多边形确认 · detections=2
[INFO] [1786541239.018966]: 开始进行多边形确认 · detections=2
[INFO] [1786541239.140555]: 开始进行多边形确认 · detections=2
[INFO] [1786541239.261752]: 开始进行多边形确认 · detections=2
[INFO] [1786541239.386564]: 开始进行多边形确认 · detections=2
[INFO] [1786541239.511408]: 开始进行多边形确认 · detections=2
[INFO] [1786541239.623124]: 开始进行多边形确认 · detections=3
[INFO] [1786541239.632989]: CITRUS_CENTER ok pixel=(481,485) depth=0.329 m radius=29.4 mm arc=144 deg error=0.89 px fragments=1
[INFO] [1786541239.634293]: 开始进行多边形确认 · centers=1 · rejected=0 · merged=0 · elapsed_ms=11.2
[INFO] [1786541239.635537]: RGB-D vision status: model_ready:onnxruntime targets:1 centers:1 tf:1 rejected:0 merged:0 semantic_masks:3
[INFO] [1786541239.747860]: 开始进行多边形确认 · detections=2
[INFO] [1786541239.760866]: 开始进行多边形确认 · centers=1 · rejected=0 · merged=0 · elapsed_ms=13.1
[INFO] [1786541239.876586]: 开始进行多边形确认 · detections=3
[INFO] [1786541239.888559]: 开始进行多边形确认 · centers=1 · rejected=0 · merged=0 · elapsed_ms=12.0
[INFO] [1786541239.999480]: 开始进行多边形确认 · detections=4
[INFO] [1786541240.017690]: 开始进行多边形确认 · centers=1 · rejected=0 · merged=0 · elapsed_ms=18.2
[INFO] [1786541240.147711]: 开始进行多边形确认 · detections=3
[INFO] [1786541240.175801]: 开始进行多边形确认 · centers=1 · rejected=0 · merged=0 · elapsed_ms=28.1
[INFO] [1786541240.265768]: 开始进行多边形确认 · detections=4
[INFO] [1786541240.291992]: 开始进行多边形确认 · centers=1 · rejected=0 · merged=0 · elapsed_ms=26.3
[INFO] [1786541240.393723]: 开始进行多边形确认 · detections=4
[INFO] [1786541240.422580]: 开始进行多边形确认 · centers=1 · rejected=0 · merged=0 · elapsed_ms=28.9
[INFO] [1786541240.520380]: 开始进行多边形确认 · detections=3
[INFO] [1786541240.549575]: 开始进行多边形确认 · centers=1 · rejected=0 · merged=0 · elapsed_ms=29.2
[INFO] [1786541240.638443]: 开始进行多边形确认 · detections=3
[INFO] [1786541240.676665]: 开始进行多边形确认 · centers=1 · rejected=0 · merged=0 · elapsed_ms=38.3
[INFO] [1786541240.763948]: 开始进行多边形确认 · detections=4
[INFO] [1786541240.777663]: 开始进行多边形确认 · centers=1 · rejected=0 · merged=0 · elapsed_ms=13.8
[INFO] [1786541240.873042]: 开始进行多边形确认 · detections=3
[INFO] [1786541240.887774]: 开始进行多边形确认 · centers=1 · rejected=0 · merged=0 · elapsed_ms=14.7
[INFO] [1786541240.996477]: 开始进行多边形确认 · detections=4
[INFO] [1786541241.010309]: 开始进行多边形确认 · centers=1 · rejected=0 · merged=0 · elapsed_ms=13.9
[INFO] [1786541241.192769]: 开始进行多边形确认 · detections=5
[INFO] [1786541241.219216]: 开始进行多边形确认 · centers=1 · rejected=0 · merged=0 · elapsed_ms=26.5
[INFO] [1786541241.287165]: 开始进行多边形确认 · detections=5
[INFO] [1786541241.317274]: 开始进行多边形确认 · centers=1 · rejected=0 · merged=1 · elapsed_ms=30.1
[INFO] [1786541241.399976]: 开始进行多边形确认 · detections=4
[INFO] [1786541241.413863]: 开始进行多边形确认 · centers=1 · rejected=0 · merged=0 · elapsed_ms=13.9
[INFO] [1786541241.528196]: 开始进行多边形确认 · detections=5
[INFO] [1786541241.557852]: 开始进行多边形确认 · centers=1 · rejected=0 · merged=1 · elapsed_ms=29.7
[INFO] [1786541241.653631]: 开始进行多边形确认 · detections=5
[INFO] [1786541241.682050]: CITRUS_CENTER ok pixel=(436,398) depth=0.458 m radius=26.5 mm arc=288 deg error=0.87 px fragments=2
[INFO] [1786541241.683128]: 开始进行多边形确认 · centers=1 · rejected=0 · merged=1 · elapsed_ms=29.6
[INFO] [1786541241.790585]: 开始进行多边形确认 · detections=4
[INFO] [1786541241.821928]: 开始进行多边形确认 · centers=1 · rejected=0 · merged=1 · elapsed_ms=31.4
[INFO] [1786541241.914547]: 开始进行多边形确认 · detections=4
[INFO] [1786541241.949850]: 开始进行多边形确认 · centers=1 · rejected=0 · merged=1 · elapsed_ms=35.3
[INFO] [1786541242.036242]: 开始进行多边形确认 · detections=4
[INFO] [1786541242.075071]: 开始进行多边形确认 · centers=1 · rejected=0 · merged=1 · elapsed_ms=38.9
[INFO] [1786541242.163419]: 开始进行多边形确认 · detections=3
[INFO] [1786541242.188803]: 开始进行多边形确认 · centers=1 · rejected=0 · merged=0 · elapsed_ms=25.4
[INFO] [1786541242.303602]: 开始进行多边形确认 · detections=3
[INFO] [1786541242.332078]: 开始进行多边形确认 · centers=1 · rejected=0 · merged=0 · elapsed_ms=28.5
[INFO] [1786541242.410161]: 开始进行多边形确认 · detections=3
[INFO] [1786541242.427045]: 开始进行多边形确认 · centers=1 · rejected=0 · merged=0 · elapsed_ms=16.9
[INFO] [1786541242.533296]: 开始进行多边形确认 · detections=4
[INFO] [1786541242.550320]: 开始进行多边形确认 · centers=1 · rejected=0 · merged=0 · elapsed_ms=17.1
[INFO] [1786541242.645337]: 开始进行多边形确认 · detections=3
[INFO] [1786541242.671751]: 开始进行多边形确认 · centers=1 · rejected=0 · merged=0 · elapsed_ms=26.4
[INFO] [1786541242.774465]: 开始进行多边形确认 · detections=4
[INFO] [1786541242.790272]: 开始进行多边形确认 · centers=1 · rejected=0 · merged=0 · elapsed_ms=15.8
[INFO] [1786541242.893335]: 开始进行多边形确认 · detections=3
[INFO] [1786541242.908260]: 开始进行多边形确认 · centers=1 · rejected=0 · merged=0 · elapsed_ms=14.9
[INFO] [1786541243.028919]: 开始进行多边形确认 · detections=3
[INFO] [1786541243.042749]: 开始进行多边形确认 · centers=1 · rejected=0 · merged=0 · elapsed_ms=13.8
[INFO] [1786541243.147147]: 开始进行多边形确认 · detections=3
[INFO] [1786541243.161873]: 开始进行多边形确认 · centers=1 · rejected=0 · merged=0 · elapsed_ms=14.8
[INFO] [1786541243.341477]: 开始进行多边形确认 · detections=2
[INFO] [1786541243.417103]: 开始进行多边形确认 · detections=4
[INFO] [1786541243.537694]: 开始进行多边形确认 · detections=2
[INFO] [1786541243.664093]: 开始进行多边形确认 · detections=4
[INFO] [1786541243.789676]: 开始进行多边形确认 · detections=4
[INFO] [1786541243.817178]: CITRUS_CENTER ok pixel=(371,401) depth=0.447 m radius=27.0 mm arc=323 deg error=1.00 px fragments=1
[INFO] [1786541243.818449]: 开始进行多边形确认 · centers=1 · rejected=0 · merged=0 · elapsed_ms=28.8
[INFO] [1786541243.911113]: 开始进行多边形确认 · detections=4
[INFO] [1786541243.926160]: 开始进行多边形确认 · centers=1 · rejected=0 · merged=0 · elapsed_ms=15.1
[INFO] [1786541244.040954]: 开始进行多边形确认 · detections=3
[INFO] [1786541244.163408]: 开始进行多边形确认 · detections=4
[INFO] [1786541244.293291]: 开始进行多边形确认 · detections=4
[INFO] [1786541244.431613]: 开始进行多边形确认 · detections=4
[INFO] [1786541244.464913]: 开始进行多边形确认 · centers=1 · rejected=0 · merged=1 · elapsed_ms=33.4
[INFO] [1786541244.534745]: 开始进行多边形确认 · detections=4
[INFO] [1786541244.563737]: 开始进行多边形确认 · centers=1 · rejected=0 · merged=1 · elapsed_ms=29.0
[INFO] [1786541244.653800]: 开始进行多边形确认 · detections=4
[INFO] [1786541244.685383]: 开始进行多边形确认 · centers=1 · rejected=0 · merged=1 · elapsed_ms=31.6
[INFO] [1786541244.782535]: 开始进行多边形确认 · detections=4
[INFO] [1786541244.818475]: 开始进行多边形确认 · centers=1 · rejected=0 · merged=1 · elapsed_ms=36.0
[INFO] [1786541244.913030]: 开始进行多边形确认 · detections=4
[INFO] [1786541244.948621]: 开始进行多边形确认 · centers=1 · rejected=0 · merged=1 · elapsed_ms=35.6
[INFO] [1786541245.050922]: 开始进行多边形确认 · detections=4
[INFO] [1786541245.084178]: 开始进行多边形确认 · centers=1 · rejected=0 · merged=1 · elapsed_ms=33.3
[INFO] [1786541245.168979]: 开始进行多边形确认 · detections=4
[INFO] [1786541245.202348]: 开始进行多边形确认 · centers=1 · rejected=0 · merged=1 · elapsed_ms=33.4
[INFO] [1786541245.287450]: 开始进行多边形确认 · detections=4
[INFO] [1786541245.320441]: 开始进行多边形确认 · centers=1 · rejected=0 · merged=1 · elapsed_ms=33.0
[INFO] [1786541245.485563]: 开始进行多边形确认 · detections=4
[INFO] [1786541245.543845]: 开始进行多边形确认 · centers=1 · rejected=0 · merged=1 · elapsed_ms=58.3
[INFO] [1786541245.623543]: 开始进行多边形确认 · detections=4
[INFO] [1786541245.679551]: 开始进行多边形确认 · centers=1 · rejected=0 · merged=1 · elapsed_ms=56.0
[INFO] [1786541245.760001]: 开始进行多边形确认 · detections=4
[INFO] [1786541245.824707]: CITRUS_CENTER ok pixel=(351,332) depth=0.442 m radius=25.6 mm arc=295 deg error=0.84 px fragments=2
[INFO] [1786541245.825774]: 开始进行多边形确认 · centers=1 · rejected=0 · merged=1 · elapsed_ms=65.9
[INFO] [1786541245.905429]: 开始进行多边形确认 · detections=5
[INFO] [1786541245.988289]: 开始进行多边形确认 · centers=1 · rejected=0 · merged=2 · elapsed_ms=82.9
[INFO] [1786541245.989567]: RGB-D vision status: model_ready:onnxruntime targets:1 centers:1 tf:1 rejected:0 merged:2 semantic_masks:5
[INFO] [1786541246.056019]: 开始进行多边形确认 · detections=4
[INFO] [1786541246.112542]: 开始进行多边形确认 · centers=1 · rejected=0 · merged=1 · elapsed_ms=56.6
[INFO] [1786541246.191984]: 开始进行多边形确认 · detections=4
[INFO] [1786541246.221966]: 开始进行多边形确认 · centers=1 · rejected=0 · merged=1 · elapsed_ms=30.1
[INFO] [1786541246.304535]: 开始进行多边形确认 · detections=5
[INFO] [1786541246.362469]: 开始进行多边形确认 · centers=1 · rejected=0 · merged=2 · elapsed_ms=58.0
[INFO] [1786541246.436723]: 开始进行多边形确认 · detections=4
[INFO] [1786541246.512515]: 开始进行多边形确认 · centers=1 · rejected=0 · merged=1 · elapsed_ms=75.8
[INFO] [1786541246.583324]: 开始进行多边形确认 · detections=4
[INFO] [1786541246.642651]: 开始进行多边形确认 · centers=1 · rejected=0 · merged=1 · elapsed_ms=59.4
[INFO] [1786541246.715077]: 开始进行多边形确认 · detections=4
[INFO] [1786541246.774301]: 开始进行多边形确认 · centers=1 · rejected=0 · merged=1 · elapsed_ms=59.2
[INFO] [1786541246.847178]: 开始进行多边形确认 · detections=5
[INFO] [1786541246.955081]: 开始进行多边形确认 · centers=1 · rejected=0 · merged=2 · elapsed_ms=108.0
[INFO] [1786541247.036524]: 开始进行多边形确认 · detections=4
[INFO] [1786541247.069814]: 开始进行多边形确认 · centers=1 · rejected=0 · merged=1 · elapsed_ms=33.4
[INFO] [1786541247.137601]: 开始进行多边形确认 · detections=4
[INFO] [1786541247.165330]: 开始进行多边形确认 · centers=1 · rejected=0 · merged=1 · elapsed_ms=27.7
[INFO] [1786541247.270787]: 开始进行多边形确认 · detections=4
[INFO] [1786541247.300159]: 开始进行多边形确认 · centers=1 · rejected=0 · merged=1 · elapsed_ms=29.5
[INFO] [1786541247.396034]: 开始进行多边形确认 · detections=4
[INFO] [1786541247.422662]: 开始进行多边形确认 · centers=1 · rejected=0 · merged=1 · elapsed_ms=26.7
[INFO] [1786541247.514247]: 开始进行多边形确认 · detections=4
[INFO] [1786541247.556771]: 开始进行多边形确认 · centers=1 · rejected=0 · merged=1 · elapsed_ms=42.5
[INFO] [1786541247.675096]: 开始进行多边形确认 · detections=4
[INFO] [1786541247.704218]: 开始进行多边形确认 · centers=1 · rejected=0 · merged=1 · elapsed_ms=29.2
[INFO] [1786541247.763464]: 开始进行多边形确认 · detections=4
[INFO] [1786541247.821032]: 开始进行多边形确认 · centers=1 · rejected=0 · merged=1 · elapsed_ms=57.6
[INFO] [1786541247.891479]: 开始进行多边形确认 · detections=4
[INFO] [1786541247.922810]: CITRUS_CENTER ok pixel=(351,333) depth=0.442 m radius=25.9 mm arc=295 deg error=1.10 px fragments=2
[INFO] [1786541247.924032]: 开始进行多边形确认 · centers=1 · rejected=0 · merged=1 · elapsed_ms=32.6
[INFO] [1786541248.034455]: 开始进行多边形确认 · detections=4
[INFO] [1786541248.071972]: 开始进行多边形确认 · centers=1 · rejected=0 · merged=1 · elapsed_ms=37.6
[INFO] [1786541248.141427]: 开始进行多边形确认 · detections=4
[INFO] [1786541248.187011]: 开始进行多边形确认 · centers=1 · rejected=0 · merged=1 · elapsed_ms=45.6
[INFO] [1786541248.276376]: 开始进行多边形确认 · detections=4
[INFO] [1786541248.303913]: 开始进行多边形确认 · centers=1 · rejected=0 · merged=1 · elapsed_ms=27.6
[INFO] [1786541248.389169]: 开始进行多边形确认 · detections=4
[INFO] [1786541248.416550]: 开始进行多边形确认 · centers=1 · rejected=0 · merged=1 · elapsed_ms=27.4
[INFO] [1786541248.514759]: 开始进行多边形确认 · detections=4
[INFO] [1786541248.544981]: 开始进行多边形确认 · centers=1 · rejected=0 · merged=1 · elapsed_ms=30.3
[INFO] [1786541248.676761]: 开始进行多边形确认 · detections=4
[INFO] [1786541248.714868]: 开始进行多边形确认 · centers=1 · rejected=0 · merged=1 · elapsed_ms=38.1
[INFO] [1786541248.783640]: 开始进行多边形确认 · detections=4
[INFO] [1786541248.814157]: 开始进行多边形确认 · centers=1 · rejected=0 · merged=1 · elapsed_ms=30.6
[INFO] [1786541248.888468]: 开始进行多边形确认 · detections=4
[INFO] [1786541248.917368]: 开始进行多边形确认 · centers=1 · rejected=0 · merged=1 · elapsed_ms=28.9
[INFO] [1786541249.016681]: 开始进行多边形确认 · detections=4
[INFO] [1786541249.042999]: 开始进行多边形确认 · centers=1 · rejected=0 · merged=1 · elapsed_ms=26.4
[INFO] [1786541249.144644]: 开始进行多边形确认 · detections=5
[INFO] [1786541249.231845]: 开始进行多边形确认 · centers=1 · rejected=0 · merged=2 · elapsed_ms=87.2
[INFO] [1786541249.303305]: 开始进行多边形确认 · detections=4
[INFO] [1786541249.361619]: 开始进行多边形确认 · centers=1 · rejected=0 · merged=1 · elapsed_ms=58.4
[INFO] [1786541249.428437]: 开始进行多边形确认 · detections=4
[INFO] [1786541249.485889]: 开始进行多边形确认 · centers=1 · rejected=0 · merged=1 · elapsed_ms=57.5
[INFO] [1786541249.549523]: 开始进行多边形确认 · detections=4
[INFO] [1786541249.585996]: 开始进行多边形确认 · centers=1 · rejected=0 · merged=1 · elapsed_ms=36.5
[INFO] [1786541249.676435]: 开始进行多边形确认 · detections=4
[INFO] [1786541249.752342]: 开始进行多边形确认 · centers=1 · rejected=0 · merged=1 · elapsed_ms=75.9
[INFO] [1786541249.822655]: 开始进行多边形确认 · detections=4
[INFO] [1786541249.851444]: 开始进行多边形确认 · centers=1 · rejected=0 · merged=1 · elapsed_ms=28.8
[INFO] [1786541249.926831]: 开始进行多边形确认 · detections=4
[INFO] [1786541249.955120]: CITRUS_CENTER ok pixel=(351,332) depth=0.441 m radius=25.5 mm arc=294 deg error=0.84 px fragments=2
[INFO] [1786541249.956144]: 开始进行多边形确认 · centers=1 · rejected=0 · merged=1 · elapsed_ms=29.4
[INFO] [1786541250.059122]: 开始进行多边形确认 · detections=4
[INFO] [1786541250.117809]: 开始进行多边形确认 · centers=1 · rejected=0 · merged=1 · elapsed_ms=58.7
[INFO] [1786541250.200362]: 开始进行多边形确认 · detections=4
[INFO] [1786541250.238728]: 开始进行多边形确认 · centers=1 · rejected=0 · merged=1 · elapsed_ms=38.4
[INFO] [1786541250.314393]: 开始进行多边形确认 · detections=5
[INFO] [1786541250.429224]: 开始进行多边形确认 · centers=1 · rejected=0 · merged=2 · elapsed_ms=114.9
[WARN] [1786541236.230010]: 开始进行多边形确认 · 多边形确认失败 · rejected=0 · elapsed_ms=1.3
[WARN] [1786541236.353907]: 开始进行多边形确认 · 多边形确认失败 · rejected=0 · elapsed_ms=1.3
[WARN] [1786541236.493722]: 开始进行多边形确认 · 多边形确认失败 · rejected=0 · elapsed_ms=1.3
[WARN] [1786541236.618034]: 开始进行多边形确认 · 多边形确认失败 · rejected=0 · elapsed_ms=1.3
[WARN] [1786541236.764600]: 开始进行多边形确认 · 多边形确认失败 · rejected=0 · elapsed_ms=1.7
[WARN] [1786541236.887067]: 开始进行多边形确认 · 多边形确认失败 · rejected=0 · elapsed_ms=1.2
[WARN] [1786541237.001698]: 开始进行多边形确认 · 多边形确认失败 · rejected=0 · elapsed_ms=1.2
[WARN] [1786541237.123833]: 开始进行多边形确认 · 多边形确认失败 · rejected=0 · elapsed_ms=1.1
[WARN] [1786541237.253254]: 开始进行多边形确认 · 多边形确认失败 · rejected=0 · elapsed_ms=1.2
[WARN] [1786541237.371659]: 开始进行多边形确认 · 多边形确认失败 · rejected=0 · elapsed_ms=1.3
[WARN] [1786541237.495211]: 开始进行多边形确认 · 多边形确认失败 · rejected=0 · elapsed_ms=1.1
[WARN] [1786541237.624280]: 开始进行多边形确认 · 多边形确认失败 · rejected=0 · elapsed_ms=1.3
[WARN] [1786541237.745320]: 开始进行多边形确认 · 多边形确认失败 · rejected=0 · elapsed_ms=1.2
[WARN] [1786541237.875039]: 开始进行多边形确认 · 多边形确认失败 · rejected=0 · elapsed_ms=1.2
[WARN] [1786541238.010200]: 开始进行多边形确认 · 多边形确认失败 · rejected=0 · elapsed_ms=1.2
[WARN] [1786541238.120324]: 开始进行多边形确认 · 多边形确认失败 · rejected=0 · elapsed_ms=1.2
[WARN] [1786541238.246652]: 开始进行多边形确认 · 多边形确认失败 · rejected=0 · elapsed_ms=1.1
[WARN] [1786541238.370357]: 开始进行多边形确认 · 多边形确认失败 · rejected=0 · elapsed_ms=1.1
[WARN] [1786541238.501746]: 开始进行多边形确认 · 多边形确认失败 · rejected=0 · elapsed_ms=1.4
[WARN] [1786541238.637778]: 开始进行多边形确认 · 多边形确认失败 · rejected=0 · elapsed_ms=1.3
[WARN] [1786541238.763047]: 开始进行多边形确认 · 多边形确认失败 · rejected=0 · elapsed_ms=1.4
[WARN] [1786541238.885241]: 开始进行多边形确认 · 多边形确认失败 · rejected=0 · elapsed_ms=1.3
[WARN] [1786541239.020701]: 开始进行多边形确认 · 多边形确认失败 · rejected=0 · elapsed_ms=1.8
[WARN] [1786541239.141604]: 开始进行多边形确认 · 多边形确认失败 · rejected=0 · elapsed_ms=1.1
[WARN] [1786541239.263069]: 开始进行多边形确认 · 多边形确认失败 · rejected=0 · elapsed_ms=1.4
[WARN] [1786541239.388010]: 开始进行多边形确认 · 多边形确认失败 · rejected=0 · elapsed_ms=1.6
[WARN] [1786541239.512826]: 开始进行多边形确认 · 多边形确认失败 · rejected=0 · elapsed_ms=1.5
[WARN] [1786541243.342675]: 开始进行多边形确认 · 多边形确认失败 · rejected=0 · elapsed_ms=1.3
[WARN] [1786541243.418538]: 开始进行多边形确认 · 多边形确认失败 · rejected=0 · elapsed_ms=1.5
[WARN] [1786541243.539124]: 开始进行多边形确认 · 多边形确认失败 · rejected=0 · elapsed_ms=1.5
[WARN] [1786541243.665560]: 开始进行多边形确认 · 多边形确认失败 · rejected=0 · elapsed_ms=1.5
[WARN] [1786541244.042356]: 开始进行多边形确认 · 多边形确认失败 · rejected=0 · elapsed_ms=1.5
[WARN] [1786541244.164486]: 开始进行多边形确认 · 多边形确认失败 · rejected=0 · elapsed_ms=1.1
[WARN] [1786541244.294673]: 开始进行多边形确认 · 多边形确认失败 · rejected=0 · elapsed_ms=1.5
[WARN] [1786541252.677440]: 开始进行多边形确认 · 多边形确认失败 · rejected=0 · elapsed_ms=1.1
[WARN] [1786541252.779925]: 开始进行多边形确认 · 多边形确认失败 · rejected=0 · elapsed_ms=1.8
[WARN] [1786541252.926258]: 开始进行多边形确认 · 多边形确认失败 · rejected=0 · elapsed_ms=1.7
[WARN] [1786541253.029022]: 开始进行多边形确认 · 多边形确认失败 · rejected=0 · elapsed_ms=1.4
[WARN] [1786541253.165185]: 开始进行多边形确认 · 多边形确认失败 · rejected=0 · elapsed_ms=1.2
[WARN] [1786541253.280166]: 开始进行多边形确认 · 多边形确认失败 · rejected=0 · elapsed_ms=1.4
[WARN] [1786541253.405467]: 开始进行多边形确认 · 多边形确认失败 · rejected=0 · elapsed_ms=1.2
[WARN] [1786541253.533241]: 开始进行多边形确认 · 多边形确认失败 · rejected=0 · elapsed_ms=1.7
[WARN] [1786541253.654366]: 开始进行多边形确认 · 多边形确认失败 · rejected=0 · elapsed_ms=1.0
[WARN] [1786541253.898759]: 开始进行多边形确认 · 多边形确认失败 · rejected=0 · elapsed_ms=1.2
[WARN] [1786541254.040786]: CITRUS_CENTER reject instances=2 reason=reconstructed citrus radius 37.4 mm is outside 22.0..33.0 mm
[WARN] [1786541254.041879]: 开始进行多边形确认 · 多边形确认失败 · rejected=1 · elapsed_ms=6.0
[WARN] [1786541254.166793]: 开始进行多边形确认 · 多边形确认失败 · rejected=1 · elapsed_ms=6.8
[WARN] [1786541254.296214]: 开始进行多边形确认 · 多边形确认失败 · rejected=0 · elapsed_ms=1.5
[WARN] [1786541254.420161]: 开始进行多边形确认 · 多边形确认失败 · rejected=1 · elapsed_ms=6.8
[WARN] [1786541254.552841]: 开始进行多边形确认 · 多边形确认失败 · rejected=0 · elapsed_ms=1.5
[WARN] [1786541254.686195]: 开始进行多边形确认 · 多边形确认失败 · rejected=2 · elapsed_ms=10.6
[WARN] [1786541254.814866]: 开始进行多边形确认 · 多边形确认失败 · rejected=1 · elapsed_ms=7.0
[WARN] [1786541254.927065]: 开始进行多边形确认 · 多边形确认失败 · rejected=0 · elapsed_ms=1.3
[WARN] [1786541255.074223]: 开始进行多边形确认 · 多边形确认失败 · rejected=0 · elapsed_ms=1.2
[WARN] [1786541255.178070]: 开始进行多边形确认 · 多边形确认失败 · rejected=0 · elapsed_ms=1.2
[WARN] [1786541255.323608]: 开始进行多边形确认 · 多边形确认失败 · rejected=1 · elapsed_ms=8.7
[WARN] [1786541255.428868]: 开始进行多边形确认 · 多边形确认失败 · rejected=0 · elapsed_ms=1.1
[WARN] [1786541255.570351]: 开始进行多边形确认 · 多边形确认失败 · rejected=1 · elapsed_ms=6.6
[WARN] [1786541255.685752]: 开始进行多边形确认 · 多边形确认失败 · rejected=1 · elapsed_ms=6.3
[WARN] [1786541255.815763]: 开始进行多边形确认 · 多边形确认失败 · rejected=1 · elapsed_ms=6.5
[WARN] [1786541255.930824]: 开始进行多边形确认 · 多边形确认失败 · rejected=0 · elapsed_ms=1.2
[WARN] [1786541256.078637]: 开始进行多边形确认 · 多边形确认失败 · rejected=0 · elapsed_ms=1.2
[WARN] [1786541256.180373]: 开始进行多边形确认 · 多边形确认失败 · rejected=0 · elapsed_ms=1.5
[WARN] [1786541256.313791]: 开始进行多边形确认 · 多边形确认失败 · rejected=0 · elapsed_ms=1.6
[WARN] [1786541256.438640]: CITRUS_CENTER reject instances=2 reason=reconstructed citrus radius 37.3 mm is outside 22.0..33.0 mm
[WARN] [1786541256.439619]: 开始进行多边形确认 · 多边形确认失败 · rejected=1 · elapsed_ms=7.3
[WARN] [1786541256.567601]: 开始进行多边形确认 · 多边形确认失败 · rejected=1 · elapsed_ms=7.8
[WARN] [1786541256.690759]: 开始进行多边形确认 · 多边形确认失败 · rejected=1 · elapsed_ms=6.5
[WARN] [1786541256.811145]: 开始进行多边形确认 · 多边形确认失败 · rejected=0 · elapsed_ms=1.3
[WARN] [1786541256.941754]: 开始进行多边形确认 · 多边形确认失败 · rejected=1 · elapsed_ms=6.5
[WARN] [1786541257.072092]: 开始进行多边形确认 · 多边形确认失败 · rejected=1 · elapsed_ms=7.8
[WARN] [1786541257.191555]: 开始进行多边形确认 · 多边形确认失败 · rejected=1 · elapsed_ms=4.9
[INFO] [1786541250.485606]: 开始进行多边形确认 · detections=4
[INFO] [1786541250.547946]: 开始进行多边形确认 · centers=1 · rejected=0 · merged=1 · elapsed_ms=62.4
[INFO] [1786541250.609703]: 开始进行多边形确认 · detections=4
[INFO] [1786541250.668468]: 开始进行多边形确认 · centers=1 · rejected=0 · merged=1 · elapsed_ms=58.8
[INFO] [1786541250.744831]: 开始进行多边形确认 · detections=4
[INFO] [1786541250.821499]: 开始进行多边形确认 · centers=1 · rejected=0 · merged=1 · elapsed_ms=76.7
[INFO] [1786541250.877675]: 开始进行多边形确认 · detections=4
[INFO] [1786541250.926831]: 开始进行多边形确认 · centers=1 · rejected=0 · merged=1 · elapsed_ms=49.2
[INFO] [1786541250.985032]: 开始进行多边形确认 · detections=4
[INFO] [1786541251.046660]: 开始进行多边形确认 · centers=1 · rejected=0 · merged=1 · elapsed_ms=61.6
[INFO] [1786541251.130176]: 开始进行多边形确认 · detections=4
[INFO] [1786541251.191978]: 开始进行多边形确认 · centers=1 · rejected=0 · merged=1 · elapsed_ms=61.8
[INFO] [1786541251.257593]: 开始进行多边形确认 · detections=4
[INFO] [1786541251.316212]: 开始进行多边形确认 · centers=1 · rejected=0 · merged=1 · elapsed_ms=58.7
[INFO] [1786541251.374966]: 开始进行多边形确认 · detections=5
[INFO] [1786541251.480983]: 开始进行多边形确认 · centers=1 · rejected=0 · merged=2 · elapsed_ms=106.1
[INFO] [1786541251.482265]: RGB-D vision status: model_ready:onnxruntime targets:1 centers:1 tf:1 rejected:0 merged:2 semantic_masks:5
[INFO] [1786541251.538888]: 开始进行多边形确认 · detections=4
[INFO] [1786541251.597130]: 开始进行多边形确认 · centers=1 · rejected=0 · merged=1 · elapsed_ms=58.3
[INFO] [1786541251.663795]: 开始进行多边形确认 · detections=4
[INFO] [1786541251.698605]: 开始进行多边形确认 · centers=1 · rejected=0 · merged=1 · elapsed_ms=34.8
[INFO] [1786541251.859776]: 开始进行多边形确认 · detections=4
[INFO] [1786541251.922264]: 开始进行多边形确认 · centers=1 · rejected=0 · merged=1 · elapsed_ms=62.5
[INFO] [1786541251.997363]: 开始进行多边形确认 · detections=4
[INFO] [1786541252.049677]: CITRUS_CENTER ok pixel=(351,332) depth=0.442 m radius=25.5 mm arc=294 deg error=0.96 px fragments=2
[INFO] [1786541252.050821]: 开始进行多边形确认 · centers=1 · rejected=0 · merged=1 · elapsed_ms=53.5
[INFO] [1786541252.108246]: 开始进行多边形确认 · detections=3
[INFO] [1786541252.135763]: 开始进行多边形确认 · centers=1 · rejected=0 · merged=1 · elapsed_ms=27.5
[INFO] [1786541252.229761]: 开始进行多边形确认 · detections=5
[INFO] [1786541252.280804]: 开始进行多边形确认 · centers=1 · rejected=0 · merged=2 · elapsed_ms=51.1
[INFO] [1786541252.354717]: 开始进行多边形确认 · detections=4
[INFO] [1786541252.390768]: 开始进行多边形确认 · centers=1 · rejected=0 · merged=1 · elapsed_ms=36.1
[INFO] [1786541252.488402]: 开始进行多边形确认 · detections=5
[INFO] [1786541252.600543]: 开始进行多边形确认 · centers=1 · rejected=0 · merged=2 · elapsed_ms=112.2
[INFO] [1786541252.676443]: 开始进行多边形确认 · detections=4
[INFO] [1786541252.778248]: 开始进行多边形确认 · detections=5
[INFO] [1786541252.924593]: 开始进行多边形确认 · detections=5
[INFO] [1786541253.027687]: 开始进行多边形确认 · detections=4
[INFO] [1786541253.164035]: 开始进行多边形确认 · detections=4
[INFO] [1786541253.278860]: 开始进行多边形确认 · detections=3
[INFO] [1786541253.404302]: 开始进行多边形确认 · detections=2
[INFO] [1786541253.531587]: 开始进行多边形确认 · detections=3
[INFO] [1786541253.653430]: 开始进行多边形确认 · detections=3
[INFO] [1786541253.778913]: 开始进行多边形确认 · detections=4
[INFO] [1786541253.784843]: 开始进行多边形确认 · centers=1 · rejected=0 · merged=0 · elapsed_ms=6.0
[INFO] [1786541253.897651]: 开始进行多边形确认 · detections=3
[INFO] [1786541254.035996]: 开始进行多边形确认 · detections=4
[INFO] [1786541254.160094]: 开始进行多边形确认 · detections=4
[INFO] [1786541254.294832]: 开始进行多边形确认 · detections=3
[INFO] [1786541254.413426]: 开始进行多边形确认 · detections=3
[INFO] [1786541254.551399]: 开始进行多边形确认 · detections=2
[INFO] [1786541254.675647]: 开始进行多边形确认 · detections=5
[INFO] [1786541254.807963]: 开始进行多边形确认 · detections=4
[INFO] [1786541254.925858]: 开始进行多边形确认 · detections=3
[INFO] [1786541255.073101]: 开始进行多边形确认 · detections=3
[INFO] [1786541255.176975]: 开始进行多边形确认 · detections=2
[INFO] [1786541255.314965]: 开始进行多边形确认 · detections=4
[INFO] [1786541255.427809]: 开始进行多边形确认 · detections=3
[INFO] [1786541255.563809]: 开始进行多边形确认 · detections=4
[INFO] [1786541255.679539]: 开始进行多边形确认 · detections=4
[INFO] [1786541255.809275]: 开始进行多边形确认 · detections=4
[INFO] [1786541255.929691]: 开始进行多边形确认 · detections=3
[INFO] [1786541256.077480]: 开始进行多边形确认 · detections=3
[INFO] [1786541256.178947]: 开始进行多边形确认 · detections=3
[INFO] [1786541256.312323]: 开始进行多边形确认 · detections=3
[INFO] [1786541256.432407]: 开始进行多边形确认 · detections=4
[INFO] [1786541256.559819]: 开始进行多边形确认 · detections=4
[INFO] [1786541256.684357]: 开始进行多边形确认 · detections=4
[INFO] [1786541256.809895]: 开始进行多边形确认 · detections=3
[INFO] [1786541256.812511]: RGB-D vision status: model_ready:onnxruntime targets:0 centers:0 tf:0 rejected:0 merged:0 semantic_masks:3
[INFO] [1786541256.935300]: 开始进行多边形确认 · detections=4
[INFO] [1786541257.064352]: 开始进行多边形确认 · detections=4
[INFO] [1786541257.186687]: 开始进行多边形确认 · detections=4
[INFO] [1786541257.302810]: 开始进行多边形确认 · detections=4
[INFO] [1786541257.433063]: 开始进行多边形确认 · detections=4
[INFO] [1786541257.560205]: 开始进行多边形确认 · detections=3
[INFO] [1786541257.684906]: 开始进行多边形确认 · detections=3
[INFO] [1786541257.816326]: 开始进行多边形确认 · detections=4
[INFO] [1786541257.936714]: 开始进行多边形确认 · detections=3
[INFO] [1786541258.068397]: 开始进行多边形确认 · detections=4
[INFO] [1786541258.223523]: 开始进行多边形确认 · detections=4
[INFO] [1786541258.310305]: 开始进行多边形确认 · detections=4
[INFO] [1786541258.429297]: 开始进行多边形确认 · detections=4
[INFO] [1786541258.562583]: 开始进行多边形确认 · detections=4
[INFO] [1786541258.682941]: 开始进行多边形确认 · detections=3
[INFO] [1786541258.813177]: 开始进行多边形确认 · detections=3
[INFO] [1786541258.932285]: 开始进行多边形确认 · detections=3
[INFO] [1786541259.057312]: 开始进行多边形确认 · detections=3
[INFO] [1786541259.215852]: 开始进行多边形确认 · detections=3
[INFO] [1786541259.307634]: 开始进行多边形确认 · detections=4
[INFO] [1786541259.428000]: 开始进行多边形确认 · detections=4
[INFO] [1786541259.554074]: 开始进行多边形确认 · detections=4
[INFO] [1786541259.676501]: 开始进行多边形确认 · detections=4
[INFO] [1786541259.802841]: 开始进行多边形确认 · detections=3
[INFO] [1786541259.926450]: 开始进行多边形确认 · detections=3
[INFO] [1786541260.059637]: 开始进行多边形确认 · detections=3
[INFO] [1786541260.171659]: 开始进行多边形确认 · detections=3
[INFO] [1786541260.318660]: 开始进行多边形确认 · detections=3
[INFO] [1786541260.413641]: 开始进行多边形确认 · detections=3
[INFO] [1786541260.549373]: 开始进行多边形确认 · detections=3
[INFO] [1786541260.663672]: 开始进行多边形确认 · detections=1
[INFO] [1786541260.792020]: 开始进行多边形确认 · detections=3
[INFO] [1786541260.917260]: 开始进行多边形确认 · detections=4
[INFO] [1786541261.048042]: 开始进行多边形确认 · detections=5
[INFO] [1786541261.168314]: 开始进行多边形确认 · detections=5
[INFO] [1786541261.297705]: 开始进行多边形确认 · detections=5
[INFO] [1786541261.423731]: 开始进行多边形确认 · detections=3
[INFO] [1786541261.568637]: 开始进行多边形确认 · detections=4
[INFO] [1786541261.644984]: CITRUS_CENTER ok pixel=(351,333) depth=0.442 m radius=25.4 mm arc=293 deg error=0.95 px fragments=2
[INFO] [1786541261.645993]: 开始进行多边形确认 · centers=1 · rejected=0 · merged=1 · elapsed_ms=77.4
[INFO] [1786541261.692267]: 开始进行多边形确认 · detections=4
[INFO] [1786541261.719121]: 开始进行多边形确认 · centers=1 · rejected=0 · merged=1 · elapsed_ms=26.9
[INFO] [1786541261.814188]: 开始进行多边形确认 · detections=4
[INFO] [1786541261.844803]: 开始进行多边形确认 · centers=1 · rejected=0 · merged=1 · elapsed_ms=30.7
[INFO] [1786541261.934888]: 开始进行多边形确认 · detections=5
[INFO] [1786541261.982318]: 开始进行多边形确认 · centers=1 · rejected=0 · merged=2 · elapsed_ms=47.5
[INFO] [1786541261.983781]: RGB-D vision status: model_ready:onnxruntime targets:1 centers:1 tf:1 rejected:0 merged:2 semantic_masks:5
[INFO] [1786541262.064072]: 开始进行多边形确认 · detections=4
[INFO] [1786541262.096895]: 开始进行多边形确认 · centers=1 · rejected=0 · merged=1 · elapsed_ms=32.9
[INFO] [1786541262.186992]: 开始进行多边形确认 · detections=4
[INFO] [1786541262.218160]: 开始进行多边形确认 · centers=1 · rejected=0 · merged=1 · elapsed_ms=31.2
[INFO] [1786541262.312323]: 开始进行多边形确认 · detections=4
[INFO] [1786541262.344592]: 开始进行多边形确认 · centers=1 · rejected=0 · merged=1 · elapsed_ms=32.3
[INFO] [1786541262.436947]: 开始进行多边形确认 · detections=4
[INFO] [1786541262.468373]: 开始进行多边形确认 · centers=1 · rejected=0 · merged=1 · elapsed_ms=31.5
[INFO] [1786541262.581323]: 开始进行多边形确认 · detections=4
[INFO] [1786541262.650717]: 开始进行多边形确认 · centers=1 · rejected=0 · merged=1 · elapsed_ms=69.4
[INFO] [1786541262.701662]: 开始进行多边形确认 · detections=4
[INFO] [1786541262.735433]: 开始进行多边形确认 · centers=1 · rejected=0 · merged=1 · elapsed_ms=33.8
[INFO] [1786541262.830514]: 开始进行多边形确认 · detections=5
[INFO] [1786541262.932574]: 开始进行多边形确认 · centers=1 · rejected=0 · merged=2 · elapsed_ms=102.1
[INFO] [1786541262.976261]: 开始进行多边形确认 · detections=4
[INFO] [1786541263.004754]: 开始进行多边形确认 · centers=1 · rejected=0 · merged=1 · elapsed_ms=28.5
[INFO] [1786541263.117198]: 开始进行多边形确认 · detections=4
[INFO] [1786541263.147938]: 开始进行多边形确认 · centers=1 · rejected=0 · merged=1 · elapsed_ms=30.8
[INFO] [1786541263.250268]: 开始进行多边形确认 · detections=4
[INFO] [1786541263.299665]: 开始进行多边形确认 · centers=1 · rejected=0 · merged=1 · elapsed_ms=49.4
[INFO] [1786541263.390115]: 开始进行多边形确认 · detections=4
[INFO] [1786541263.444332]: 开始进行多边形确认 · centers=1 · rejected=0 · merged=1 · elapsed_ms=54.2
[INFO] [1786541263.521548]: 开始进行多边形确认 · detections=4
[INFO] [1786541263.579611]: 开始进行多边形确认 · centers=1 · rejected=0 · merged=1 · elapsed_ms=58.1
[INFO] [1786541263.642022]: 开始进行多边形确认 · detections=4
[INFO] [1786541263.694433]: CITRUS_CENTER ok pixel=(351,333) depth=0.442 m radius=25.5 mm arc=293 deg error=1.20 px fragments=2
[INFO] [1786541263.695802]: 开始进行多边形确认 · centers=1 · rejected=0 · merged=1 · elapsed_ms=53.8
[INFO] [1786541263.778085]: 开始进行多边形确认 · detections=4
[INFO] [1786541263.809902]: 开始进行多边形确认 · centers=1 · rejected=0 · merged=1 · elapsed_ms=31.8
[INFO] [1786541263.876772]: 开始进行多边形确认 · detections=4
[INFO] [1786541263.905350]: 开始进行多边形确认 · centers=1 · rejected=0 · merged=1 · elapsed_ms=28.6
[INFO] [1786541264.004916]: 开始进行多边形确认 · detections=4
[INFO] [1786541264.034871]: 开始进行多边形确认 · centers=1 · rejected=0 · merged=1 · elapsed_ms=30.0
[INFO] [1786541264.128614]: 开始进行多边形确认 · detections=4
[INFO] [1786541264.160102]: 开始进行多边形确认 · centers=1 · rejected=0 · merged=1 · elapsed_ms=31.5
[INFO] [1786541264.253360]: 开始进行多边形确认 · detections=5
[INFO] [1786541264.358228]: 开始进行多边形确认 · centers=1 · rejected=0 · merged=2 · elapsed_ms=104.9
[INFO] [1786541264.424295]: 开始进行多边形确认 · detections=4
[INFO] [1786541264.480620]: 开始进行多边形确认 · centers=1 · rejected=0 · merged=1 · elapsed_ms=56.4
[INFO] [1786541264.557223]: 开始进行多边形确认 · detections=4
[INFO] [1786541264.616971]: 开始进行多边形确认 · centers=1 · rejected=0 · merged=1 · elapsed_ms=59.8
[INFO] [1786541264.682309]: 开始进行多边形确认 · detections=4
[INFO] [1786541264.728368]: 开始进行多边形确认 · centers=1 · rejected=0 · merged=1 · elapsed_ms=46.1
[INFO] [1786541264.822342]: 开始进行多边形确认 · detections=4
[INFO] [1786541264.852713]: 开始进行多边形确认 · centers=1 · rejected=0 · merged=1 · elapsed_ms=30.4
[INFO] [1786541264.921137]: 开始进行多边形确认 · detections=4
[INFO] [1786541264.947966]: 开始进行多边形确认 · centers=1 · rejected=0 · merged=1 · elapsed_ms=26.9
[INFO] [1786541265.040840]: 开始进行多边形确认 · detections=4
[INFO] [1786541265.072399]: 开始进行多边形确认 · centers=1 · rejected=0 · merged=1 · elapsed_ms=31.6
[INFO] [1786541265.165494]: 开始进行多边形确认 · detections=4
[INFO] [1786541265.192062]: 开始进行多边形确认 · centers=1 · rejected=0 · merged=1 · elapsed_ms=26.6
[INFO] [1786541265.293417]: 开始进行多边形确认 · detections=4
[INFO] [1786541265.320163]: 开始进行多边形确认 · centers=1 · rejected=0 · merged=1 · elapsed_ms=26.8
[INFO] [1786541265.420846]: 开始进行多边形确认 · detections=4
[INFO] [1786541265.444846]: 开始进行多边形确认 · centers=1 · rejected=0 · merged=1 · elapsed_ms=24.0
[INFO] [1786541265.537155]: 开始进行多边形确认 · detections=4
[INFO] [1786541265.564453]: 开始进行多边形确认 · centers=1 · rejected=0 · merged=1 · elapsed_ms=27.3
[INFO] [1786541265.663957]: 开始进行多边形确认 · detections=3
[INFO] [1786541265.819978]: 开始进行多边形确认 · detections=3
[INFO] [1786541265.937237]: 开始进行多边形确认 · detections=6
[INFO] [1786541266.046520]: 开始进行多边形确认 · detections=4
[INFO] [1786541266.078398]: CITRUS_CENTER ok pixel=(357,436) depth=0.364 m radius=26.0 mm arc=336 deg error=1.09 px fragments=1
[INFO] [1786541266.079431]: 开始进行多边形确认 · centers=1 · rejected=0 · merged=0 · elapsed_ms=33.0
[INFO] [1786541266.171611]: 开始进行多边形确认 · detections=5
[INFO] [1786541266.299007]: 开始进行多边形确认 · detections=3
[INFO] [1786541266.424403]: 开始进行多边形确认 · detections=3
[INFO] [1786541266.546102]: 开始进行多边形确认 · detections=1
[INFO] [1786541266.674862]: 开始进行多边形确认 · detections=3
[INFO] [1786541266.804229]: 开始进行多边形确认 · detections=4
[INFO] [1786541266.951810]: 开始进行多边形确认 · detections=4
[INFO] [1786541267.057130]: 开始进行多边形确认 · detections=3
[INFO] [1786541267.060416]: RGB-D vision status: model_ready:onnxruntime targets:0 centers:0 tf:0 rejected:0 merged:0 semantic_masks:3
[INFO] [1786541267.170158]: 开始进行多边形确认 · detections=3
[INFO] [1786541267.309125]: 开始进行多边形确认 · detections=3
[WARN] [1786541257.307353]: 开始进行多边形确认 · 多边形确认失败 · rejected=1 · elapsed_ms=4.6
[WARN] [1786541257.439508]: 开始进行多边形确认 · 多边形确认失败 · rejected=1 · elapsed_ms=6.5
[WARN] [1786541257.561243]: 开始进行多边形确认 · 多边形确认失败 · rejected=0 · elapsed_ms=1.1
[WARN] [1786541257.685935]: 开始进行多边形确认 · 多边形确认失败 · rejected=0 · elapsed_ms=1.1
[WARN] [1786541257.822621]: 开始进行多边形确认 · 多边形确认失败 · rejected=1 · elapsed_ms=6.4
[WARN] [1786541257.937861]: 开始进行多边形确认 · 多边形确认失败 · rejected=0 · elapsed_ms=1.2
[WARN] [1786541258.075629]: 开始进行多边形确认 · 多边形确认失败 · rejected=1 · elapsed_ms=7.3
[WARN] [1786541258.228938]: 开始进行多边形确认 · 多边形确认失败 · rejected=1 · elapsed_ms=5.5
[WARN] [1786541258.317170]: 开始进行多边形确认 · 多边形确认失败 · rejected=1 · elapsed_ms=6.9
[WARN] [1786541258.433748]: 开始进行多边形确认 · 多边形确认失败 · rejected=1 · elapsed_ms=4.5
[WARN] [1786541258.569282]: CITRUS_CENTER reject instances=3 reason=reconstructed citrus radius 37.7 mm is outside 22.0..33.0 mm
[WARN] [1786541258.570439]: 开始进行多边形确认 · 多边形确认失败 · rejected=1 · elapsed_ms=7.9
[WARN] [1786541258.684088]: 开始进行多边形确认 · 多边形确认失败 · rejected=0 · elapsed_ms=1.2
[WARN] [1786541258.814520]: 开始进行多边形确认 · 多边形确认失败 · rejected=0 · elapsed_ms=1.4
[WARN] [1786541258.933562]: 开始进行多边形确认 · 多边形确认失败 · rejected=0 · elapsed_ms=1.4
[WARN] [1786541259.058569]: 开始进行多边形确认 · 多边形确认失败 · rejected=0 · elapsed_ms=1.3
[WARN] [1786541259.217187]: 开始进行多边形确认 · 多边形确认失败 · rejected=0 · elapsed_ms=1.4
[WARN] [1786541259.314568]: 开始进行多边形确认 · 多边形确认失败 · rejected=1 · elapsed_ms=7.0
[WARN] [1786541259.434969]: 开始进行多边形确认 · 多边形确认失败 · rejected=1 · elapsed_ms=7.0
[WARN] [1786541259.560801]: 开始进行多边形确认 · 多边形确认失败 · rejected=1 · elapsed_ms=6.8
[WARN] [1786541259.683232]: 开始进行多边形确认 · 多边形确认失败 · rejected=1 · elapsed_ms=6.8
[WARN] [1786541259.804306]: 开始进行多边形确认 · 多边形确认失败 · rejected=0 · elapsed_ms=1.5
[WARN] [1786541259.928437]: 开始进行多边形确认 · 多边形确认失败 · rejected=0 · elapsed_ms=2.0
[WARN] [1786541260.061005]: 开始进行多边形确认 · 多边形确认失败 · rejected=0 · elapsed_ms=1.5
[WARN] [1786541260.172811]: 开始进行多边形确认 · 多边形确认失败 · rejected=0 · elapsed_ms=1.2
[WARN] [1786541260.320082]: 开始进行多边形确认 · 多边形确认失败 · rejected=0 · elapsed_ms=1.5
[WARN] [1786541260.414810]: 开始进行多边形确认 · 多边形确认失败 · rejected=0 · elapsed_ms=1.2
[WARN] [1786541260.550748]: 开始进行多边形确认 · 多边形确认失败 · rejected=0 · elapsed_ms=1.5
[WARN] [1786541260.664965]: 开始进行多边形确认 · 多边形确认失败 · rejected=0 · elapsed_ms=1.3
[WARN] [1786541260.793327]: 开始进行多边形确认 · 多边形确认失败 · rejected=0 · elapsed_ms=1.4
[WARN] [1786541260.918428]: 开始进行多边形确认 · 多边形确认失败 · rejected=0 · elapsed_ms=1.2
[WARN] [1786541261.049415]: 开始进行多边形确认 · 多边形确认失败 · rejected=0 · elapsed_ms=1.4
[WARN] [1786541261.169467]: 开始进行多边形确认 · 多边形确认失败 · rejected=0 · elapsed_ms=1.2
[WARN] [1786541261.298713]: 开始进行多边形确认 · 多边形确认失败 · rejected=0 · elapsed_ms=1.1
[WARN] [1786541261.424627]: 开始进行多边形确认 · 多边形确认失败 · rejected=0 · elapsed_ms=1.0
[WARN] [1786541265.675090]: CITRUS_CENTER reject instances=1 reason=reconstructed citrus radius 20.2 mm is outside 22.0..33.0 mm
[WARN] [1786541265.676219]: 开始进行多边形确认 · 多边形确认失败 · rejected=1 · elapsed_ms=12.3
[WARN] [1786541265.821525]: 开始进行多边形确认 · 多边形确认失败 · rejected=0 · elapsed_ms=1.6
[WARN] [1786541265.938595]: 开始进行多边形确认 · 多边形确认失败 · rejected=0 · elapsed_ms=1.4
[WARN] [1786541266.172900]: 开始进行多边形确认 · 多边形确认失败 · rejected=0 · elapsed_ms=1.4
[WARN] [1786541266.300758]: 开始进行多边形确认 · 多边形确认失败 · rejected=0 · elapsed_ms=1.8
[WARN] [1786541266.425832]: 开始进行多边形确认 · 多边形确认失败 · rejected=0 · elapsed_ms=1.5
[WARN] [1786541266.547499]: 开始进行多边形确认 · 多边形确认失败 · rejected=0 · elapsed_ms=1.4
[WARN] [1786541266.676225]: 开始进行多边形确认 · 多边形确认失败 · rejected=0 · elapsed_ms=1.4
[WARN] [1786541266.811689]: 开始进行多边形确认 · 多边形确认失败 · rejected=1 · elapsed_ms=7.5
[WARN] [1786541266.959363]: 开始进行多边形确认 · 多边形确认失败 · rejected=1 · elapsed_ms=7.6
[WARN] [1786541267.058659]: 开始进行多边形确认 · 多边形确认失败 · rejected=0 · elapsed_ms=1.6
[WARN] [1786541267.171272]: 开始进行多边形确认 · 多边形确认失败 · rejected=0 · elapsed_ms=1.2
[WARN] [1786541267.310293]: 开始进行多边形确认 · 多边形确认失败 · rejected=0 · elapsed_ms=1.3
[WARN] [1786541267.441428]: 开始进行多边形确认 · 多边形确认失败 · rejected=1 · elapsed_ms=5.9
[WARN] [1786541267.559510]: 开始进行多边形确认 · 多边形确认失败 · rejected=0 · elapsed_ms=1.3
[WARN] [1786541267.681716]: 开始进行多边形确认 · 多边形确认失败 · rejected=0 · elapsed_ms=1.8
[WARN] [1786541267.800359]: 开始进行多边形确认 · 多边形确认失败 · rejected=0 · elapsed_ms=1.7
[WARN] [1786541267.933779]: 开始进行多边形确认 · 多边形确认失败 · rejected=0 · elapsed_ms=1.3
[WARN] [1786541268.064750]: CITRUS_CENTER reject instances=2 reason=reconstructed citrus radius 36.4 mm is outside 22.0..33.0 mm
[WARN] [1786541268.066142]: 开始进行多边形确认 · 多边形确认失败 · rejected=1 · elapsed_ms=10.0
[WARN] [1786541268.183518]: 开始进行多边形确认 · 多边形确认失败 · rejected=1 · elapsed_ms=5.9
[WARN] [1786541268.303537]: 开始进行多边形确认 · 多边形确认失败 · rejected=0 · elapsed_ms=1.2
[WARN] [1786541268.427721]: 开始进行多边形确认 · 多边形确认失败 · rejected=0 · elapsed_ms=1.2
[WARN] [1786541268.554176]: 开始进行多边形确认 · 多边形确认失败 · rejected=0 · elapsed_ms=1.3
[WARN] [1786541268.682098]: 开始进行多边形确认 · 多边形确认失败 · rejected=0 · elapsed_ms=1.4
[WARN] [1786541268.975561]: 开始进行多边形确认 · 多边形确认失败 · rejected=0 · elapsed_ms=1.8
[WARN] [1786541269.068296]: 开始进行多边形确认 · 多边形确认失败 · rejected=0 · elapsed_ms=1.4
[WARN] [1786541269.200403]: 开始进行多边形确认 · 多边形确认失败 · rejected=0 · elapsed_ms=1.1
[WARN] [1786541269.326874]: 开始进行多边形确认 · 多边形确认失败 · rejected=0 · elapsed_ms=1.3
[WARN] [1786541269.443528]: 开始进行多边形确认 · 多边形确认失败 · rejected=0 · elapsed_ms=1.1
[WARN] [1786541269.575982]: 开始进行多边形确认 · 多边形确认失败 · rejected=1 · elapsed_ms=6.3
[WARN] [1786541269.717087]: 开始进行多边形确认 · 多边形确认失败 · rejected=1 · elapsed_ms=6.1
[WARN] [1786541269.825557]: 开始进行多边形确认 · 多边形确认失败 · rejected=1 · elapsed_ms=6.2
[WARN] [1786541269.942919]: 开始进行多边形确认 · 多边形确认失败 · rejected=0 · elapsed_ms=1.1
[WARN] [1786541270.060759]: 开始进行多边形确认 · 多边形确认失败 · rejected=0 · elapsed_ms=1.0
[WARN] [1786541270.211297]: 开始进行多边形确认 · 多边形确认失败 · rejected=0 · elapsed_ms=1.3
[INFO] [1786541267.435548]: 开始进行多边形确认 · detections=3
[INFO] [1786541267.558294]: 开始进行多边形确认 · detections=3
[INFO] [1786541267.679985]: 开始进行多边形确认 · detections=3
[INFO] [1786541267.798747]: 开始进行多边形确认 · detections=3
[INFO] [1786541267.932514]: 开始进行多边形确认 · detections=2
[INFO] [1786541268.056180]: 开始进行多边形确认 · detections=4
[INFO] [1786541268.177670]: 开始进行多边形确认 · detections=4
[INFO] [1786541268.302393]: 开始进行多边形确认 · detections=3
[INFO] [1786541268.426556]: 开始进行多边形确认 · detections=3
[INFO] [1786541268.552908]: 开始进行多边形确认 · detections=3
[INFO] [1786541268.680766]: 开始进行多边形确认 · detections=3
[INFO] [1786541268.808327]: 开始进行多边形确认 · detections=4
[INFO] [1786541268.813350]: CITRUS_CENTER ok pixel=(26,423) depth=3.460 m radius=33.8 mm arc=229 deg error=0.68 px fragments=1
[INFO] [1786541268.814552]: 开始进行多边形确认 · centers=1 · rejected=0 · merged=0 · elapsed_ms=6.3
[INFO] [1786541268.973831]: 开始进行多边形确认 · detections=3
[INFO] [1786541269.066973]: 开始进行多边形确认 · detections=2
[INFO] [1786541269.199340]: 开始进行多边形确认 · detections=3
[INFO] [1786541269.325693]: 开始进行多边形确认 · detections=3
[INFO] [1786541269.442511]: 开始进行多边形确认 · detections=3
[INFO] [1786541269.569694]: 开始进行多边形确认 · detections=4
[INFO] [1786541269.711045]: 开始进行多边形确认 · detections=4
[INFO] [1786541269.819413]: 开始进行多边形确认 · detections=4
[INFO] [1786541269.941850]: 开始进行多边形确认 · detections=2
[INFO] [1786541270.059830]: 开始进行多边形确认 · detections=3
[INFO] [1786541270.210054]: 开始进行多边形确认 · detections=3
[INFO] [1786541270.325129]: 开始进行多边形确认 · detections=2
[INFO] [1786541270.453183]: 开始进行多边形确认 · detections=4
[INFO] [1786541270.575636]: 开始进行多边形确认 · detections=5
[INFO] [1786541270.704535]: 开始进行多边形确认 · detections=3
[INFO] [1786541270.826470]: 开始进行多边形确认 · detections=3
[INFO] [1786541270.944203]: 开始进行多边形确认 · detections=4
[INFO] [1786541271.067290]: 开始进行多边形确认 · detections=4
[INFO] [1786541271.230204]: 开始进行多边形确认 · detections=3
[INFO] [1786541271.318578]: 开始进行多边形确认 · detections=4
[INFO] [1786541271.437069]: 开始进行多边形确认 · detections=4
[INFO] [1786541271.566026]: 开始进行多边形确认 · detections=4
[INFO] [1786541271.690557]: 开始进行多边形确认 · detections=4
[INFO] [1786541271.817081]: 开始进行多边形确认 · detections=4
[INFO] [1786541271.946559]: 开始进行多边形确认 · detections=5
[INFO] [1786541272.082928]: 开始进行多边形确认 · detections=3
[INFO] [1786541272.091910]: RGB-D vision status: model_ready:onnxruntime targets:1 centers:0 tf:0 rejected:1 merged:0 semantic_masks:3
[INFO] [1786541272.185137]: 开始进行多边形确认 · detections=4
[INFO] [1786541272.326999]: 开始进行多边形确认 · detections=2
[INFO] [1786541272.453262]: 开始进行多边形确认 · detections=4
[INFO] [1786541272.573937]: 开始进行多边形确认 · detections=4
[INFO] [1786541272.698180]: 开始进行多边形确认 · detections=2
[INFO] [1786541272.824663]: 开始进行多边形确认 · detections=2
[INFO] [1786541272.952176]: 开始进行多边形确认 · detections=4
[INFO] [1786541273.075795]: 开始进行多边形确认 · detections=2
[INFO] [1786541273.195457]: 开始进行多边形确认 · detections=3
[INFO] [1786541273.351281]: 开始进行多边形确认 · detections=3
[INFO] [1786541273.445155]: 开始进行多边形确认 · detections=2
[INFO] [1786541273.582980]: 开始进行多边形确认 · detections=4
[INFO] [1786541273.697931]: 开始进行多边形确认 · detections=3
[INFO] [1786541273.725991]: CITRUS_CENTER ok pixel=(356,442) depth=0.354 m radius=25.1 mm arc=301 deg error=0.82 px fragments=1
[INFO] [1786541273.727255]: 开始进行多边形确认 · centers=1 · rejected=0 · merged=0 · elapsed_ms=29.4
[INFO] [1786541273.822627]: 开始进行多边形确认 · detections=4
[INFO] [1786541273.958865]: 开始进行多边形确认 · detections=4
[INFO] [1786541274.079633]: 开始进行多边形确认 · detections=3
[INFO] [1786541274.200816]: 开始进行多边形确认 · detections=3
[INFO] [1786541274.258161]: 开始进行多边形确认 · centers=1 · rejected=0 · merged=1 · elapsed_ms=57.4
[INFO] [1786541274.332695]: 开始进行多边形确认 · detections=3
[INFO] [1786541274.409252]: 开始进行多边形确认 · centers=1 · rejected=0 · merged=1 · elapsed_ms=76.6
[INFO] [1786541274.473004]: 开始进行多边形确认 · detections=4
[INFO] [1786541274.528073]: 开始进行多边形确认 · centers=1 · rejected=0 · merged=1 · elapsed_ms=55.1
[INFO] [1786541274.599192]: 开始进行多边形确认 · detections=4
[INFO] [1786541274.667264]: 开始进行多边形确认 · centers=1 · rejected=0 · merged=1 · elapsed_ms=68.1
[INFO] [1786541274.729406]: 开始进行多边形确认 · detections=4
[INFO] [1786541274.784966]: 开始进行多边形确认 · centers=1 · rejected=0 · merged=1 · elapsed_ms=55.6
[INFO] [1786541274.850600]: 开始进行多边形确认 · detections=4
[INFO] [1786541274.907088]: 开始进行多边形确认 · centers=1 · rejected=0 · merged=1 · elapsed_ms=56.5
[INFO] [1786541274.973731]: 开始进行多边形确认 · detections=4
[INFO] [1786541275.028888]: 开始进行多边形确认 · centers=1 · rejected=0 · merged=1 · elapsed_ms=55.2
[INFO] [1786541275.088289]: 开始进行多边形确认 · detections=4
[INFO] [1786541275.142957]: 开始进行多边形确认 · centers=1 · rejected=0 · merged=1 · elapsed_ms=54.7
[INFO] [1786541275.226759]: 开始进行多边形确认 · detections=4
[INFO] [1786541275.284711]: 开始进行多边形确认 · centers=1 · rejected=0 · merged=1 · elapsed_ms=58.0
[INFO] [1786541275.341962]: 开始进行多边形确认 · detections=4
[INFO] [1786541275.390288]: 开始进行多边形确认 · centers=1 · rejected=0 · merged=1 · elapsed_ms=48.4
[INFO] [1786541275.468201]: 开始进行多边形确认 · detections=4
[INFO] [1786541275.502985]: 开始进行多边形确认 · centers=1 · rejected=0 · merged=1 · elapsed_ms=34.8
[INFO] [1786541275.583547]: 开始进行多边形确认 · detections=4
[INFO] [1786541275.629906]: 开始进行多边形确认 · centers=1 · rejected=0 · merged=1 · elapsed_ms=46.4
[INFO] [1786541275.722538]: 开始进行多边形确认 · detections=3
[INFO] [1786541275.782744]: CITRUS_CENTER ok pixel=(351,333) depth=0.442 m radius=25.8 mm arc=295 deg error=1.26 px fragments=2
[INFO] [1786541275.783777]: 开始进行多边形确认 · centers=1 · rejected=0 · merged=1 · elapsed_ms=61.3
[INFO] [1786541275.866767]: 开始进行多边形确认 · detections=4
[INFO] [1786541275.924305]: 开始进行多边形确认 · centers=1 · rejected=0 · merged=1 · elapsed_ms=57.6
[INFO] [1786541275.996482]: 开始进行多边形确认 · detections=3
[INFO] [1786541276.057708]: 开始进行多边形确认 · centers=1 · rejected=0 · merged=1 · elapsed_ms=61.2
[INFO] [1786541276.132632]: 开始进行多边形确认 · detections=3
[INFO] [1786541276.191637]: 开始进行多边形确认 · centers=1 · rejected=0 · merged=1 · elapsed_ms=59.1
[INFO] [1786541276.256659]: 开始进行多边形确认 · detections=4
[INFO] [1786541276.313401]: 开始进行多边形确认 · centers=1 · rejected=0 · merged=1 · elapsed_ms=56.8
[INFO] [1786541276.388743]: 开始进行多边形确认 · detections=4
[INFO] [1786541276.460824]: 开始进行多边形确认 · centers=1 · rejected=0 · merged=1 · elapsed_ms=72.1
[INFO] [1786541276.549335]: 开始进行多边形确认 · detections=4
[INFO] [1786541276.613982]: 开始进行多边形确认 · centers=1 · rejected=0 · merged=1 · elapsed_ms=64.7
[WARN] [1786541270.326262]: 开始进行多边形确认 · 多边形确认失败 · rejected=0 · elapsed_ms=1.2
[WARN] [1786541270.458502]: CITRUS_CENTER reject instances=2 reason=polygon circle inlier ratio 0.21 is below 0.30
[WARN] [1786541270.459363]: 开始进行多边形确认 · 多边形确认失败 · rejected=1 · elapsed_ms=6.3
[WARN] [1786541270.610140]: 开始进行多边形确认 · 多边形确认失败 · rejected=3 · elapsed_ms=34.5
[WARN] [1786541270.709943]: 开始进行多边形确认 · 多边形确认失败 · rejected=1 · elapsed_ms=5.5
[WARN] [1786541270.831468]: 开始进行多边形确认 · 多边形确认失败 · rejected=1 · elapsed_ms=5.1
[WARN] [1786541270.949456]: 开始进行多边形确认 · 多边形确认失败 · rejected=1 · elapsed_ms=5.3
[WARN] [1786541271.076915]: 开始进行多边形确认 · 多边形确认失败 · rejected=2 · elapsed_ms=9.7
[WARN] [1786541271.243379]: 开始进行多边形确认 · 多边形确认失败 · rejected=2 · elapsed_ms=13.2
[WARN] [1786541271.329497]: 开始进行多边形确认 · 多边形确认失败 · rejected=2 · elapsed_ms=11.0
[WARN] [1786541271.443781]: 开始进行多边形确认 · 多边形确认失败 · rejected=2 · elapsed_ms=6.7
[WARN] [1786541271.577295]: 开始进行多边形确认 · 多边形确认失败 · rejected=2 · elapsed_ms=11.3
[WARN] [1786541271.700827]: 开始进行多边形确认 · 多边形确认失败 · rejected=2 · elapsed_ms=10.3
[WARN] [1786541271.828690]: 开始进行多边形确认 · 多边形确认失败 · rejected=2 · elapsed_ms=11.7
[WARN] [1786541271.961953]: 开始进行多边形确认 · 多边形确认失败 · rejected=3 · elapsed_ms=15.4
[WARN] [1786541272.090249]: 开始进行多边形确认 · 多边形确认失败 · rejected=1 · elapsed_ms=7.4
[WARN] [1786541272.191941]: 开始进行多边形确认 · 多边形确认失败 · rejected=1 · elapsed_ms=6.8
[WARN] [1786541272.328272]: 开始进行多边形确认 · 多边形确认失败 · rejected=0 · elapsed_ms=1.4
[WARN] [1786541272.463067]: CITRUS_CENTER reject instances=2 reason=polygon circle inlier ratio 0.10 is below 0.30
[WARN] [1786541272.464115]: 开始进行多边形确认 · 多边形确认失败 · rejected=2 · elapsed_ms=10.9
[WARN] [1786541272.585843]: 开始进行多边形确认 · 多边形确认失败 · rejected=2 · elapsed_ms=12.0
[WARN] [1786541272.699505]: 开始进行多边形确认 · 多边形确认失败 · rejected=0 · elapsed_ms=1.4
[WARN] [1786541272.826132]: 开始进行多边形确认 · 多边形确认失败 · rejected=0 · elapsed_ms=1.5
[WARN] [1786541272.953491]: 开始进行多边形确认 · 多边形确认失败 · rejected=0 · elapsed_ms=1.4
[WARN] [1786541273.077642]: 开始进行多边形确认 · 多边形确认失败 · rejected=0 · elapsed_ms=1.9
[WARN] [1786541273.196637]: 开始进行多边形确认 · 多边形确认失败 · rejected=0 · elapsed_ms=1.2
[WARN] [1786541273.352646]: 开始进行多边形确认 · 多边形确认失败 · rejected=0 · elapsed_ms=1.4
[WARN] [1786541273.446347]: 开始进行多边形确认 · 多边形确认失败 · rejected=0 · elapsed_ms=1.3
[WARN] [1786541273.584368]: 开始进行多边形确认 · 多边形确认失败 · rejected=0 · elapsed_ms=1.4
[WARN] [1786541273.824027]: 开始进行多边形确认 · 多边形确认失败 · rejected=0 · elapsed_ms=1.5
[WARN] [1786541273.960386]: 开始进行多边形确认 · 多边形确认失败 · rejected=0 · elapsed_ms=1.6
[WARN] [1786541274.080967]: 开始进行多边形确认 · 多边形确认失败 · rejected=0 · elapsed_ms=1.4
[WARN] [1786541278.772614]: 开始进行多边形确认 · 多边形确认失败 · rejected=0 · elapsed_ms=1.2
[WARN] [1786541278.929800]: 开始进行多边形确认 · 多边形确认失败 · rejected=0 · elapsed_ms=1.4
[WARN] [1786541279.035850]: 开始进行多边形确认 · 多边形确认失败 · rejected=0 · elapsed_ms=1.3
[WARN] [1786541279.166599]: 开始进行多边形确认 · 多边形确认失败 · rejected=0 · elapsed_ms=1.2
[WARN] [1786541279.279300]: 开始进行多边形确认 · 多边形确认失败 · rejected=0 · elapsed_ms=1.3
[WARN] [1786541279.393964]: 开始进行多边形确认 · 多边形确认失败 · rejected=0 · elapsed_ms=1.3
[WARN] [1786541279.526290]: 开始进行多边形确认 · 多边形确认失败 · rejected=0 · elapsed_ms=1.2
[WARN] [1786541279.651493]: 开始进行多边形确认 · 多边形确认失败 · rejected=0 · elapsed_ms=1.3
[WARN] [1786541279.788628]: 开始进行多边形确认 · 多边形确认失败 · rejected=0 · elapsed_ms=1.3
[WARN] [1786541279.893298]: 开始进行多边形确认 · 多边形确认失败 · rejected=0 · elapsed_ms=1.3
[WARN] [1786541280.019605]: CITRUS_CENTER reject instances=3 reason=reconstructed citrus radius 37.7 mm is outside 22.0..33.0 mm
[WARN] [1786541280.020407]: 开始进行多边形确认 · 多边形确认失败 · rejected=1 · elapsed_ms=5.6
[WARN] [1786541280.150244]: 开始进行多边形确认 · 多边形确认失败 · rejected=1 · elapsed_ms=7.3
[WARN] [1786541280.271180]: 开始进行多边形确认 · 多边形确认失败 · rejected=1 · elapsed_ms=5.0
[WARN] [1786541280.395360]: 开始进行多边形确认 · 多边形确认失败 · rejected=0 · elapsed_ms=1.2
[WARN] [1786541280.520263]: 开始进行多边形确认 · 多边形确认失败 · rejected=0 · elapsed_ms=1.1
[WARN] [1786541280.663546]: 开始进行多边形确认 · 多边形确认失败 · rejected=0 · elapsed_ms=19.6
[WARN] [1786541280.788733]: 开始进行多边形确认 · 多边形确认失败 · rejected=0 · elapsed_ms=1.3
[WARN] [1786541280.910467]: 开始进行多边形确认 · 多边形确认失败 · rejected=1 · elapsed_ms=4.4
[WARN] [1786541281.021828]: 开始进行多边形确认 · 多边形确认失败 · rejected=0 · elapsed_ms=1.0
[WARN] [1786541281.150852]: 开始进行多边形确认 · 多边形确认失败 · rejected=0 · elapsed_ms=1.3
[WARN] [1786541281.272340]: 开始进行多边形确认 · 多边形确认失败 · rejected=0 · elapsed_ms=1.2
[WARN] [1786541281.416842]: 开始进行多边形确认 · 多边形确认失败 · rejected=0 · elapsed_ms=1.4
[WARN] [1786541281.538574]: 开始进行多边形确认 · 多边形确认失败 · rejected=0 · elapsed_ms=1.4
[WARN] [1786541281.674352]: 开始进行多边形确认 · 多边形确认失败 · rejected=1 · elapsed_ms=6.6
[WARN] [1786541281.797635]: 开始进行多边形确认 · 多边形确认失败 · rejected=0 · elapsed_ms=1.1
[WARN] [1786541281.914550]: 开始进行多边形确认 · 多边形确认失败 · rejected=1 · elapsed_ms=5.1
[WARN] [1786541282.027274]: 开始进行多边形确认 · 多边形确认失败 · rejected=0 · elapsed_ms=1.0
[WARN] [1786541282.150620]: 开始进行多边形确认 · 多边形确认失败 · rejected=0 · elapsed_ms=1.2
[WARN] [1786541282.271051]: 开始进行多边形确认 · 多边形确认失败 · rejected=0 · elapsed_ms=1.2
[WARN] [1786541282.413071]: 开始进行多边形确认 · 多边形确认失败 · rejected=0 · elapsed_ms=1.7
[WARN] [1786541282.542820]: CITRUS_CENTER reject instances=3 reason=reconstructed citrus radius 34.3 mm is outside 22.0..33.0 mm
[WARN] [1786541282.543715]: 开始进行多边形确认 · 多边形确认失败 · rejected=1 · elapsed_ms=6.3
[WARN] [1786541282.653480]: 开始进行多边形确认 · 多边形确认失败 · rejected=1 · elapsed_ms=4.4
[WARN] [1786541282.799174]: 开始进行多边形确认 · 多边形确认失败 · rejected=1 · elapsed_ms=7.3
[WARN] [1786541282.932363]: 开始进行多边形确认 · 多边形确认失败 · rejected=0 · elapsed_ms=1.4
[WARN] [1786541283.045565]: 开始进行多边形确认 · 多边形确认失败 · rejected=1 · elapsed_ms=6.3
[WARN] [1786541283.168724]: 开始进行多边形确认 · 多边形确认失败 · rejected=0 · elapsed_ms=1.1
[WARN] [1786541283.299385]: 开始进行多边形确认 · 多边形确认失败 · rejected=1 · elapsed_ms=6.2
[WARN] [1786541283.416034]: 开始进行多边形确认 · 多边形确认失败 · rejected=0 · elapsed_ms=1.5
[INFO] [1786541276.668611]: 开始进行多边形确认 · detections=3
[INFO] [1786541276.730597]: 开始进行多边形确认 · centers=1 · rejected=0 · merged=1 · elapsed_ms=62.0
[INFO] [1786541276.811557]: 开始进行多边形确认 · detections=4
[INFO] [1786541276.872831]: 开始进行多边形确认 · centers=1 · rejected=0 · merged=1 · elapsed_ms=61.3
[INFO] [1786541276.943051]: 开始进行多边形确认 · detections=4
[INFO] [1786541276.995886]: 开始进行多边形确认 · centers=1 · rejected=0 · merged=1 · elapsed_ms=52.9
[INFO] [1786541277.069934]: 开始进行多边形确认 · detections=4
[INFO] [1786541277.132373]: 开始进行多边形确认 · centers=1 · rejected=0 · merged=1 · elapsed_ms=62.5
[INFO] [1786541277.190196]: 开始进行多边形确认 · detections=5
[INFO] [1786541277.300117]: 开始进行多边形确认 · centers=1 · rejected=0 · merged=2 · elapsed_ms=110.0
[INFO] [1786541277.301358]: RGB-D vision status: model_ready:onnxruntime targets:1 centers:1 tf:1 rejected:0 merged:2 semantic_masks:5
[INFO] [1786541277.357566]: 开始进行多边形确认 · detections=4
[INFO] [1786541277.386174]: 开始进行多边形确认 · centers=1 · rejected=0 · merged=1 · elapsed_ms=28.7
[INFO] [1786541277.557085]: 开始进行多边形确认 · detections=4
[INFO] [1786541277.584772]: 开始进行多边形确认 · centers=1 · rejected=0 · merged=1 · elapsed_ms=27.7
[INFO] [1786541277.645244]: 开始进行多边形确认 · detections=4
[INFO] [1786541277.674151]: 开始进行多边形确认 · centers=1 · rejected=0 · merged=1 · elapsed_ms=28.9
[INFO] [1786541277.765617]: 开始进行多边形确认 · detections=4
[INFO] [1786541277.796105]: CITRUS_CENTER ok pixel=(351,333) depth=0.442 m radius=25.4 mm arc=293 deg error=1.07 px fragments=2
[INFO] [1786541277.797312]: 开始进行多边形确认 · centers=1 · rejected=0 · merged=1 · elapsed_ms=31.7
[INFO] [1786541277.884019]: 开始进行多边形确认 · detections=4
[INFO] [1786541277.914384]: 开始进行多边形确认 · centers=1 · rejected=0 · merged=1 · elapsed_ms=30.4
[INFO] [1786541278.007548]: 开始进行多边形确认 · detections=4
[INFO] [1786541278.038262]: 开始进行多边形确认 · centers=1 · rejected=0 · merged=1 · elapsed_ms=30.8
[INFO] [1786541278.147450]: 开始进行多边形确认 · detections=4
[INFO] [1786541278.177625]: 开始进行多边形确认 · centers=1 · rejected=0 · merged=1 · elapsed_ms=30.2
[INFO] [1786541278.265494]: 开始进行多边形确认 · detections=4
[INFO] [1786541278.297692]: 开始进行多边形确认 · centers=1 · rejected=0 · merged=1 · elapsed_ms=32.2
[INFO] [1786541278.395863]: 开始进行多边形确认 · detections=4
[INFO] [1786541278.425951]: 开始进行多边形确认 · centers=1 · rejected=0 · merged=1 · elapsed_ms=30.1
[INFO] [1786541278.517590]: 开始进行多边形确认 · detections=4
[INFO] [1786541278.550096]: 开始进行多边形确认 · centers=1 · rejected=0 · merged=1 · elapsed_ms=32.5
[INFO] [1786541278.686572]: 开始进行多边形确认 · detections=4
[INFO] [1786541278.717554]: 开始进行多边形确认 · centers=1 · rejected=0 · merged=1 · elapsed_ms=31.0
[INFO] [1786541278.771460]: 开始进行多边形确认 · detections=1
[INFO] [1786541278.928424]: 开始进行多边形确认 · detections=3
[INFO] [1786541279.034653]: 开始进行多边形确认 · detections=5
[INFO] [1786541279.165455]: 开始进行多边形确认 · detections=3
[INFO] [1786541279.278126]: 开始进行多边形确认 · detections=4
[INFO] [1786541279.392771]: 开始进行多边形确认 · detections=3
[INFO] [1786541279.525101]: 开始进行多边形确认 · detections=3
[INFO] [1786541279.650252]: 开始进行多边形确认 · detections=3
[INFO] [1786541279.787415]: 开始进行多边形确认 · detections=3
[INFO] [1786541279.892077]: 开始进行多边形确认 · detections=3
[INFO] [1786541280.014853]: 开始进行多边形确认 · detections=4
[INFO] [1786541280.142990]: 开始进行多边形确认 · detections=4
[INFO] [1786541280.266238]: 开始进行多边形确认 · detections=4
[INFO] [1786541280.394200]: 开始进行多边形确认 · detections=3
[INFO] [1786541280.519222]: 开始进行多边形确认 · detections=3
[INFO] [1786541280.643951]: 开始进行多边形确认 · detections=3
[INFO] [1786541280.787532]: 开始进行多边形确认 · detections=3
[INFO] [1786541280.906081]: 开始进行多边形确认 · detections=4
[INFO] [1786541281.020895]: 开始进行多边形确认 · detections=3
[INFO] [1786541281.149629]: 开始进行多边形确认 · detections=3
[INFO] [1786541281.271231]: 开始进行多边形确认 · detections=3
[INFO] [1786541281.415502]: 开始进行多边形确认 · detections=3
[INFO] [1786541281.537213]: 开始进行多边形确认 · detections=3
[INFO] [1786541281.667841]: 开始进行多边形确认 · detections=4
[INFO] [1786541281.796567]: 开始进行多边形确认 · detections=3
[INFO] [1786541281.909500]: 开始进行多边形确认 · detections=4
[INFO] [1786541282.026333]: 开始进行多边形确认 · detections=3
[INFO] [1786541282.149523]: 开始进行多边形确认 · detections=3
[INFO] [1786541282.269889]: 开始进行多边形确认 · detections=2
[INFO] [1786541282.411475]: 开始进行多边形确认 · detections=3
[INFO] [1786541282.414690]: RGB-D vision status: model_ready:onnxruntime targets:0 centers:0 tf:0 rejected:0 merged:0 semantic_masks:3
[INFO] [1786541282.537512]: 开始进行多边形确认 · detections=4
[INFO] [1786541282.649092]: 开始进行多边形确认 · detections=4
[INFO] [1786541282.791925]: 开始进行多边形确认 · detections=4
[INFO] [1786541282.931035]: 开始进行多边形确认 · detections=3
[INFO] [1786541283.039323]: 开始进行多边形确认 · detections=4
[INFO] [1786541283.167655]: 开始进行多边形确认 · detections=3
[INFO] [1786541283.293210]: 开始进行多边形确认 · detections=4
[INFO] [1786541283.414675]: 开始进行多边形确认 · detections=3
[INFO] [1786541283.535178]: 开始进行多边形确认 · detections=3
[INFO] [1786541283.666163]: 开始进行多边形确认 · detections=3
[INFO] [1786541283.791574]: 开始进行多边形确认 · detections=4
[INFO] [1786541283.949806]: 开始进行多边形确认 · detections=3
[INFO] [1786541284.040398]: 开始进行多边形确认 · detections=4
[INFO] [1786541284.178125]: 开始进行多边形确认 · detections=3
[INFO] [1786541284.292313]: 开始进行多边形确认 · detections=2
[INFO] [1786541284.417016]: 开始进行多边形确认 · detections=3
[INFO] [1786541284.547375]: 开始进行多边形确认 · detections=3
[INFO] [1786541284.668377]: 开始进行多边形确认 · detections=3
[INFO] [1786541284.795503]: 开始进行多边形确认 · detections=3
[INFO] [1786541284.924680]: 开始进行多边形确认 · detections=3
[INFO] [1786541285.055692]: 开始进行多边形确认 · detections=3
[INFO] [1786541285.163652]: 开始进行多边形确认 · detections=3
[INFO] [1786541285.296664]: 开始进行多边形确认 · detections=4
[INFO] [1786541285.416100]: 开始进行多边形确认 · detections=3
[INFO] [1786541285.536694]: 开始进行多边形确认 · detections=4
[INFO] [1786541285.662338]: 开始进行多边形确认 · detections=3
[INFO] [1786541285.783836]: 开始进行多边形确认 · detections=3
[INFO] [1786541285.902114]: 开始进行多边形确认 · detections=3
[INFO] [1786541286.050772]: 开始进行多边形确认 · detections=4
[INFO] [1786541286.187439]: 开始进行多边形确认 · detections=3
[INFO] [1786541286.293768]: 开始进行多边形确认 · detections=3
[INFO] [1786541286.421281]: 开始进行多边形确认 · detections=3
[INFO] [1786541286.545946]: 开始进行多边形确认 · detections=1
[INFO] [1786541286.689922]: 开始进行多边形确认 · detections=5
[INFO] [1786541286.809017]: 开始进行多边形确认 · detections=3
[INFO] [1786541286.931811]: 开始进行多边形确认 · detections=4
[INFO] [1786541287.056051]: 开始进行多边形确认 · detections=4
[INFO] [1786541287.196340]: 开始进行多边形确认 · detections=5
[INFO] [1786541287.315595]: 开始进行多边形确认 · detections=3
[INFO] [1786541287.429586]: 开始进行多边形确认 · detections=4
[INFO] [1786541287.484651]: CITRUS_CENTER ok pixel=(351,333) depth=0.442 m radius=25.8 mm arc=295 deg error=1.18 px fragments=2
[INFO] [1786541287.485920]: 开始进行多边形确认 · centers=1 · rejected=0 · merged=1 · elapsed_ms=56.4
[INFO] [1786541287.487674]: RGB-D vision status: model_ready:onnxruntime targets:1 centers:1 tf:1 rejected:0 merged:1 semantic_masks:4
[INFO] [1786541287.558891]: 开始进行多边形确认 · detections=4
[INFO] [1786541287.613445]: 开始进行多边形确认 · centers=1 · rejected=0 · merged=1 · elapsed_ms=54.6
[INFO] [1786541287.686429]: 开始进行多边形确认 · detections=5
[INFO] [1786541287.766881]: 开始进行多边形确认 · centers=1 · rejected=0 · merged=2 · elapsed_ms=80.5
[INFO] [1786541287.821443]: 开始进行多边形确认 · detections=4
[INFO] [1786541287.849471]: 开始进行多边形确认 · centers=1 · rejected=0 · merged=1 · elapsed_ms=28.0
[INFO] [1786541287.965811]: 开始进行多边形确认 · detections=4
[INFO] [1786541288.004954]: 开始进行多边形确认 · centers=1 · rejected=0 · merged=1 · elapsed_ms=39.2
[INFO] [1786541288.079404]: 开始进行多边形确认 · detections=5
[INFO] [1786541288.135881]: 开始进行多边形确认 · centers=1 · rejected=0 · merged=2 · elapsed_ms=56.5
[INFO] [1786541288.228801]: 开始进行多边形确认 · detections=4
[INFO] [1786541288.300296]: 开始进行多边形确认 · centers=1 · rejected=0 · merged=1 · elapsed_ms=71.5
[INFO] [1786541288.366406]: 开始进行多边形确认 · detections=4
[INFO] [1786541288.413508]: 开始进行多边形确认 · centers=1 · rejected=0 · merged=1 · elapsed_ms=47.1
[INFO] [1786541288.484141]: 开始进行多边形确认 · detections=4
[INFO] [1786541288.513254]: 开始进行多边形确认 · centers=1 · rejected=0 · merged=1 · elapsed_ms=29.1
[INFO] [1786541288.593022]: 开始进行多边形确认 · detections=4
[INFO] [1786541288.624815]: 开始进行多边形确认 · centers=1 · rejected=0 · merged=1 · elapsed_ms=31.8
[INFO] [1786541288.717328]: 开始进行多边形确认 · detections=4
[INFO] [1786541288.747705]: 开始进行多边形确认 · centers=1 · rejected=0 · merged=1 · elapsed_ms=30.4
[INFO] [1786541288.841676]: 开始进行多边形确认 · detections=4
[INFO] [1786541288.872605]: 开始进行多边形确认 · centers=1 · rejected=0 · merged=1 · elapsed_ms=31.0
[INFO] [1786541288.986652]: 开始进行多边形确认 · detections=4
[INFO] [1786541289.016688]: 开始进行多边形确认 · centers=1 · rejected=0 · merged=1 · elapsed_ms=30.1
[INFO] [1786541289.093745]: 开始进行多边形确认 · detections=4
[INFO] [1786541289.124439]: 开始进行多边形确认 · centers=1 · rejected=0 · merged=1 · elapsed_ms=30.7
[INFO] [1786541289.223036]: 开始进行多边形确认 · detections=4
[INFO] [1786541289.268340]: 开始进行多边形确认 · centers=1 · rejected=0 · merged=1 · elapsed_ms=45.3
[INFO] [1786541289.395341]: 开始进行多边形确认 · detections=4
[INFO] [1786541289.454618]: 开始进行多边形确认 · centers=1 · rejected=0 · merged=1 · elapsed_ms=59.3
[INFO] [1786541289.520550]: 开始进行多边形确认 · detections=4
[INFO] [1786541289.563326]: CITRUS_CENTER ok pixel=(351,333) depth=0.442 m radius=25.8 mm arc=295 deg error=1.17 px fragments=2
[INFO] [1786541289.564361]: 开始进行多边形确认 · centers=1 · rejected=0 · merged=1 · elapsed_ms=43.9
[INFO] [1786541289.625453]: 开始进行多边形确认 · detections=4
[INFO] [1786541289.659283]: 开始进行多边形确认 · centers=1 · rejected=0 · merged=1 · elapsed_ms=33.9
[INFO] [1786541289.772145]: 开始进行多边形确认 · detections=4
[INFO] [1786541289.834728]: 开始进行多边形确认 · centers=1 · rejected=0 · merged=1 · elapsed_ms=62.6
[INFO] [1786541289.903844]: 开始进行多边形确认 · detections=4
[INFO] [1786541289.963347]: 开始进行多边形确认 · centers=1 · rejected=0 · merged=1 · elapsed_ms=59.5
[INFO] [1786541290.033546]: 开始进行多边形确认 · detections=4
[INFO] [1786541290.091371]: 开始进行多边形确认 · centers=1 · rejected=0 · merged=1 · elapsed_ms=57.9
[INFO] [1786541290.162286]: 开始进行多边形确认 · detections=4
[INFO] [1786541290.192639]: 开始进行多边形确认 · centers=1 · rejected=0 · merged=1 · elapsed_ms=30.4
[INFO] [1786541290.269907]: 开始进行多边形确认 · detections=3
[INFO] [1786541290.303734]: 开始进行多边形确认 · centers=1 · rejected=0 · merged=1 · elapsed_ms=33.9
[INFO] [1786541290.431865]: 开始进行多边形确认 · detections=4
[INFO] [1786541290.464955]: 开始进行多边形确认 · centers=1 · rejected=0 · merged=1 · elapsed_ms=33.1
[INFO] [1786541290.516202]: 开始进行多边形确认 · detections=4
[INFO] [1786541290.546824]: 开始进行多边形确认 · centers=1 · rejected=0 · merged=1 · elapsed_ms=30.6
[INFO] [1786541290.636634]: 开始进行多边形确认 · detections=4
[INFO] [1786541290.667933]: 开始进行多边形确认 · centers=1 · rejected=0 · merged=1 · elapsed_ms=31.3
[INFO] [1786541290.762213]: 开始进行多边形确认 · detections=4
[INFO] [1786541290.792044]: 开始进行多边形确认 · centers=1 · rejected=0 · merged=1 · elapsed_ms=29.9
[INFO] [1786541290.890635]: 开始进行多边形确认 · detections=5
[INFO] [1786541290.956185]: 开始进行多边形确认 · centers=1 · rejected=0 · merged=2 · elapsed_ms=65.6
[INFO] [1786541291.012009]: 开始进行多边形确认 · detections=5
[INFO] [1786541291.118440]: 开始进行多边形确认 · centers=1 · rejected=0 · merged=2 · elapsed_ms=106.4
[INFO] [1786541291.176406]: 开始进行多边形确认 · detections=5
[INFO] [1786541291.278887]: 开始进行多边形确认 · centers=1 · rejected=0 · merged=2 · elapsed_ms=102.5
[INFO] [1786541291.320999]: 开始进行多边形确认 · detections=4
[INFO] [1786541291.348366]: 开始进行多边形确认 · centers=1 · rejected=0 · merged=1 · elapsed_ms=27.4
[INFO] [1786541291.470432]: 开始进行多边形确认 · detections=4
[INFO] [1786541291.524396]: 开始进行多边形确认 · centers=1 · rejected=0 · merged=1 · elapsed_ms=54.0
[INFO] [1786541291.571158]: 开始进行多边形确认 · detections=4
[INFO] [1786541291.600529]: CITRUS_CENTER ok pixel=(351,333) depth=0.442 m radius=25.5 mm arc=292 deg error=0.91 px fragments=2
[INFO] [1786541291.601475]: 开始进行多边形确认 · centers=1 · rejected=0 · merged=1 · elapsed_ms=30.4
[INFO] [1786541291.689706]: 开始进行多边形确认 · detections=1
[INFO] [1786541291.823620]: 开始进行多边形确认 · detections=3
[INFO] [1786541291.948951]: 开始进行多边形确认 · detections=5
[INFO] [1786541292.069115]: 开始进行多边形确认 · detections=4
[INFO] [1786541292.200305]: 开始进行多边形确认 · detections=4
[INFO] [1786541292.327914]: 开始进行多边形确认 · detections=6
[INFO] [1786541292.472953]: 开始进行多边形确认 · detections=2
[INFO] [1786541292.616097]: 开始进行多边形确认 · detections=3
[INFO] [1786541292.618675]: RGB-D vision status: model_ready:onnxruntime targets:0 centers:0 tf:0 rejected:0 merged:0 semantic_masks:3
[INFO] [1786541292.717710]: 开始进行多边形确认 · detections=3
[INFO] [1786541292.846076]: 开始进行多边形确认 · detections=4
[INFO] [1786541292.971589]: 开始进行多边形确认 · detections=4
[INFO] [1786541293.099835]: 开始进行多边形确认 · detections=4
[INFO] [1786541293.215078]: 开始进行多边形确认 · detections=3
[INFO] [1786541293.334216]: 开始进行多边形确认 · detections=3
[INFO] [1786541293.459947]: 开始进行多边形确认 · detections=4
[INFO] [1786541293.606279]: 开始进行多边形确认 · detections=3
[WARN] [1786541283.536392]: 开始进行多边形确认 · 多边形确认失败 · rejected=0 · elapsed_ms=1.3
[WARN] [1786541283.667431]: 开始进行多边形确认 · 多边形确认失败 · rejected=0 · elapsed_ms=1.3
[WARN] [1786541283.796556]: 开始进行多边形确认 · 多边形确认失败 · rejected=1 · elapsed_ms=5.0
[WARN] [1786541283.951352]: 开始进行多边形确认 · 多边形确认失败 · rejected=0 · elapsed_ms=1.6
[WARN] [1786541284.046243]: 开始进行多边形确认 · 多边形确认失败 · rejected=1 · elapsed_ms=5.9
[WARN] [1786541284.179436]: 开始进行多边形确认 · 多边形确认失败 · rejected=0 · elapsed_ms=1.4
[WARN] [1786541284.293662]: 开始进行多边形确认 · 多边形确认失败 · rejected=0 · elapsed_ms=1.4
[WARN] [1786541284.418241]: 开始进行多边形确认 · 多边形确认失败 · rejected=0 · elapsed_ms=1.3
[WARN] [1786541284.548771]: 开始进行多边形确认 · 多边形确认失败 · rejected=0 · elapsed_ms=1.4
[WARN] [1786541284.669777]: 开始进行多边形确认 · 多边形确认失败 · rejected=0 · elapsed_ms=1.5
[WARN] [1786541284.796932]: 开始进行多边形确认 · 多边形确认失败 · rejected=0 · elapsed_ms=1.5
[WARN] [1786541284.925848]: 开始进行多边形确认 · 多边形确认失败 · rejected=0 · elapsed_ms=1.2
[WARN] [1786541285.057021]: 开始进行多边形确认 · 多边形确认失败 · rejected=0 · elapsed_ms=1.4
[WARN] [1786541285.164607]: 开始进行多边形确认 · 多边形确认失败 · rejected=0 · elapsed_ms=1.0
[WARN] [1786541285.300584]: CITRUS_CENTER reject instances=2 reason=reconstructed citrus radius 38.4 mm is outside 22.0..33.0 mm
[WARN] [1786541285.301657]: 开始进行多边形确认 · 多边形确认失败 · rejected=1 · elapsed_ms=5.0
[WARN] [1786541285.417235]: 开始进行多边形确认 · 多边形确认失败 · rejected=0 · elapsed_ms=1.2
[WARN] [1786541285.540717]: 开始进行多边形确认 · 多边形确认失败 · rejected=1 · elapsed_ms=4.1
[WARN] [1786541285.663287]: 开始进行多边形确认 · 多边形确认失败 · rejected=0 · elapsed_ms=1.0
[WARN] [1786541285.784808]: 开始进行多边形确认 · 多边形确认失败 · rejected=0 · elapsed_ms=1.0
[WARN] [1786541285.903064]: 开始进行多边形确认 · 多边形确认失败 · rejected=0 · elapsed_ms=1.0
[WARN] [1786541286.057926]: 开始进行多边形确认 · 多边形确认失败 · rejected=1 · elapsed_ms=7.2
[WARN] [1786541286.188660]: 开始进行多边形确认 · 多边形确认失败 · rejected=0 · elapsed_ms=1.3
[WARN] [1786541286.294797]: 开始进行多边形确认 · 多边形确认失败 · rejected=0 · elapsed_ms=1.1
[WARN] [1786541286.422261]: 开始进行多边形确认 · 多边形确认失败 · rejected=0 · elapsed_ms=1.0
[WARN] [1786541286.546974]: 开始进行多边形确认 · 多边形确认失败 · rejected=0 · elapsed_ms=1.1
[WARN] [1786541286.691219]: 开始进行多边形确认 · 多边形确认失败 · rejected=0 · elapsed_ms=1.4
[WARN] [1786541286.811720]: 开始进行多边形确认 · 多边形确认失败 · rejected=0 · elapsed_ms=2.7
[WARN] [1786541286.932921]: 开始进行多边形确认 · 多边形确认失败 · rejected=0 · elapsed_ms=1.2
[WARN] [1786541287.057361]: 开始进行多边形确认 · 多边形确认失败 · rejected=0 · elapsed_ms=1.4
[WARN] [1786541287.197616]: 开始进行多边形确认 · 多边形确认失败 · rejected=0 · elapsed_ms=1.4
[WARN] [1786541287.316721]: 开始进行多边形确认 · 多边形确认失败 · rejected=0 · elapsed_ms=1.2
[WARN] [1786541291.691090]: 开始进行多边形确认 · 多边形确认失败 · rejected=0 · elapsed_ms=1.4
[WARN] [1786541291.824672]: 开始进行多边形确认 · 多边形确认失败 · rejected=0 · elapsed_ms=1.1
[WARN] [1786541291.950125]: 开始进行多边形确认 · 多边形确认失败 · rejected=0 · elapsed_ms=1.2
[WARN] [1786541292.070195]: 开始进行多边形确认 · 多边形确认失败 · rejected=0 · elapsed_ms=1.1
[WARN] [1786541292.201401]: 开始进行多边形确认 · 多边形确认失败 · rejected=0 · elapsed_ms=1.1
[WARN] [1786541292.328902]: 开始进行多边形确认 · 多边形确认失败 · rejected=0 · elapsed_ms=1.0
[WARN] [1786541292.474158]: 开始进行多边形确认 · 多边形确认失败 · rejected=0 · elapsed_ms=1.3
[WARN] [1786541292.617242]: 开始进行多边形确认 · 多边形确认失败 · rejected=0 · elapsed_ms=1.2
[WARN] [1786541292.718744]: 开始进行多边形确认 · 多边形确认失败 · rejected=0 · elapsed_ms=1.1
[WARN] [1786541292.851559]: CITRUS_CENTER reject instances=3 reason=polygon circle inlier ratio 0.29 is below 0.30
[WARN] [1786541292.852362]: 开始进行多边形确认 · 多边形确认失败 · rejected=1 · elapsed_ms=6.4
[WARN] [1786541292.978152]: 开始进行多边形确认 · 多边形确认失败 · rejected=1 · elapsed_ms=6.6
[WARN] [1786541293.106751]: 开始进行多边形确认 · 多边形确认失败 · rejected=1 · elapsed_ms=7.0
[WARN] [1786541293.216238]: 开始进行多边形确认 · 多边形确认失败 · rejected=0 · elapsed_ms=1.2
[WARN] [1786541293.335353]: 开始进行多边形确认 · 多边形确认失败 · rejected=0 · elapsed_ms=1.2
[WARN] [1786541293.467144]: 开始进行多边形确认 · 多边形确认失败 · rejected=1 · elapsed_ms=7.2
[WARN] [1786541293.607618]: 开始进行多边形确认 · 多边形确认失败 · rejected=0 · elapsed_ms=1.4
[WARN] [1786541293.718831]: 开始进行多边形确认 · 多边形确认失败 · rejected=1 · elapsed_ms=6.7
[WARN] [1786541293.854349]: 开始进行多边形确认 · 多边形确认失败 · rejected=1 · elapsed_ms=6.0
[WARN] [1786541293.973549]: 开始进行多边形确认 · 多边形确认失败 · rejected=0 · elapsed_ms=1.5
[WARN] [1786541294.101809]: 开始进行多边形确认 · 多边形确认失败 · rejected=0 · elapsed_ms=1.6
[WARN] [1786541294.212606]: 开始进行多边形确认 · 多边形确认失败 · rejected=0 · elapsed_ms=1.2
[WARN] [1786541294.356327]: 开始进行多边形确认 · 多边形确认失败 · rejected=0 · elapsed_ms=1.4
[WARN] [1786541294.481565]: 开始进行多边形确认 · 多边形确认失败 · rejected=0 · elapsed_ms=1.4
[WARN] [1786541294.613910]: 开始进行多边形确认 · 多边形确认失败 · rejected=0 · elapsed_ms=1.4
[WARN] [1786541294.746355]: 开始进行多边形确认 · 多边形确认失败 · rejected=0 · elapsed_ms=1.2
[WARN] [1786541294.864239]: 开始进行多边形确认 · 多边形确认失败 · rejected=0 · elapsed_ms=1.2
[WARN] [1786541294.993322]: 开始进行多边形确认 · 多边形确认失败 · rejected=0 · elapsed_ms=1.4
[WARN] [1786541295.114311]: 开始进行多边形确认 · 多边形确认失败 · rejected=0 · elapsed_ms=1.4
[WARN] [1786541295.239928]: 开始进行多边形确认 · 多边形确认失败 · rejected=0 · elapsed_ms=1.3
[WARN] [1786541295.368645]: 开始进行多边形确认 · 多边形确认失败 · rejected=0 · elapsed_ms=1.5
[WARN] [1786541295.490864]: 开始进行多边形确认 · 多边形确认失败 · rejected=0 · elapsed_ms=1.5
[WARN] [1786541295.597639]: 开始进行多边形确认 · 多边形确认失败 · rejected=0 · elapsed_ms=1.3
[WARN] [1786541295.767702]: CITRUS_CENTER reject instances=3 reason=reconstructed citrus radius 39.2 mm is outside 22.0..33.0 mm
[WARN] [1786541295.768850]: 开始进行多边形确认 · 多边形确认失败 · rejected=1 · elapsed_ms=9.5
[WARN] [1786541295.849345]: 开始进行多边形确认 · 多边形确认失败 · rejected=0 · elapsed_ms=1.1
[WARN] [1786541295.975340]: 开始进行多边形确认 · 多边形确认失败 · rejected=0 · elapsed_ms=1.3
[WARN] [1786541296.100054]: 开始进行多边形确认 · 多边形确认失败 · rejected=0 · elapsed_ms=1.5
[WARN] [1786541296.226294]: 开始进行多边形确认 · 多边形确认失败 · rejected=0 · elapsed_ms=1.5
[WARN] [1786541296.351548]: 开始进行多边形确认 · 多边形确认失败 · rejected=0 · elapsed_ms=1.4
[INFO] [1786541293.712174]: 开始进行多边形确认 · detections=4
[INFO] [1786541293.848382]: 开始进行多边形确认 · detections=4
[INFO] [1786541293.972089]: 开始进行多边形确认 · detections=3
[INFO] [1786541294.100264]: 开始进行多边形确认 · detections=3
[INFO] [1786541294.211466]: 开始进行多边形确认 · detections=3
[INFO] [1786541294.354980]: 开始进行多边形确认 · detections=3
[INFO] [1786541294.480278]: 开始进行多边形确认 · detections=3
[INFO] [1786541294.612579]: 开始进行多边形确认 · detections=3
[INFO] [1786541294.745204]: 开始进行多边形确认 · detections=3
[INFO] [1786541294.863146]: 开始进行多边形确认 · detections=3
[INFO] [1786541294.991996]: 开始进行多边形确认 · detections=3
[INFO] [1786541295.112945]: 开始进行多边形确认 · detections=3
[INFO] [1786541295.238739]: 开始进行多边形确认 · detections=3
[INFO] [1786541295.367279]: 开始进行多边形确认 · detections=3
[INFO] [1786541295.489502]: 开始进行多边形确认 · detections=3
[INFO] [1786541295.596379]: 开始进行多边形确认 · detections=3
[INFO] [1786541295.759483]: 开始进行多边形确认 · detections=4
[INFO] [1786541295.848346]: 开始进行多边形确认 · detections=3
[INFO] [1786541295.974123]: 开始进行多边形确认 · detections=3
[INFO] [1786541296.098608]: 开始进行多边形确认 · detections=3
[INFO] [1786541296.224906]: 开始进行多边形确认 · detections=3
[INFO] [1786541296.350279]: 开始进行多边形确认 · detections=3
[INFO] [1786541296.471536]: 开始进行多边形确认 · detections=3
[INFO] [1786541296.610794]: 开始进行多边形确认 · detections=3
[INFO] [1786541296.755493]: 开始进行多边形确认 · detections=2
[INFO] [1786541296.861243]: 开始进行多边形确认 · detections=2
[INFO] [1786541296.985097]: 开始进行多边形确认 · detections=2
[INFO] [1786541297.116548]: 开始进行多边形确认 · detections=2
[INFO] [1786541297.238895]: 开始进行多边形确认 · detections=3
[INFO] [1786541297.255657]: CITRUS_CENTER ok pixel=(280,484) depth=0.335 m radius=26.6 mm arc=166 deg error=0.80 px fragments=1
[INFO] [1786541297.256712]: 开始进行多边形确认 · centers=1 · rejected=0 · merged=0 · elapsed_ms=17.9
[INFO] [1786541297.361824]: 开始进行多边形确认 · detections=4
[INFO] [1786541297.380939]: 开始进行多边形确认 · centers=1 · rejected=0 · merged=0 · elapsed_ms=19.1
[INFO] [1786541297.488824]: 开始进行多边形确认 · detections=3
[INFO] [1786541297.510183]: 开始进行多边形确认 · centers=1 · rejected=0 · merged=0 · elapsed_ms=21.4
[INFO] [1786541297.619749]: 开始进行多边形确认 · detections=3
[INFO] [1786541297.643553]: 开始进行多边形确认 · centers=1 · rejected=0 · merged=0 · elapsed_ms=23.8
[INFO] [1786541297.745727]: 开始进行多边形确认 · detections=5
[INFO] [1786541297.787412]: 开始进行多边形确认 · centers=1 · rejected=1 · merged=0 · elapsed_ms=41.8
[INFO] [1786541297.788885]: RGB-D vision status: model_ready:onnxruntime targets:2 centers:1 tf:1 rejected:1 merged:0 semantic_masks:5
[INFO] [1786541297.866127]: 开始进行多边形确认 · detections=4
[INFO] [1786541297.879126]: 开始进行多边形确认 · centers=1 · rejected=0 · merged=0 · elapsed_ms=13.0
[INFO] [1786541297.973504]: 开始进行多边形确认 · detections=5
[INFO] [1786541297.984061]: 开始进行多边形确认 · centers=1 · rejected=0 · merged=0 · elapsed_ms=10.6
[INFO] [1786541298.095345]: 开始进行多边形确认 · detections=4
[INFO] [1786541298.104192]: 开始进行多边形确认 · centers=1 · rejected=0 · merged=0 · elapsed_ms=8.9
[INFO] [1786541298.222773]: 开始进行多边形确认 · detections=5
[INFO] [1786541298.232484]: 开始进行多边形确认 · centers=1 · rejected=0 · merged=0 · elapsed_ms=9.8
[INFO] [1786541298.347200]: 开始进行多边形确认 · detections=6
[INFO] [1786541298.365643]: 开始进行多边形确认 · centers=1 · rejected=1 · merged=0 · elapsed_ms=18.5
[INFO] [1786541298.479056]: 开始进行多边形确认 · detections=6
[INFO] [1786541298.506467]: 开始进行多边形确认 · centers=1 · rejected=1 · merged=0 · elapsed_ms=27.4
[INFO] [1786541298.617418]: 开始进行多边形确认 · detections=5
[INFO] [1786541298.649547]: 开始进行多边形确认 · centers=1 · rejected=0 · merged=0 · elapsed_ms=32.1
[INFO] [1786541298.743816]: 开始进行多边形确认 · detections=5
[INFO] [1786541298.773969]: 开始进行多边形确认 · centers=1 · rejected=0 · merged=0 · elapsed_ms=30.2
[INFO] [1786541298.871038]: 开始进行多边形确认 · detections=4
[INFO] [1786541298.909086]: 开始进行多边形确认 · centers=1 · rejected=0 · merged=0 · elapsed_ms=38.1
[INFO] [1786541299.004306]: 开始进行多边形确认 · detections=4
[INFO] [1786541299.033220]: 开始进行多边形确认 · centers=1 · rejected=0 · merged=0 · elapsed_ms=29.0
[INFO] [1786541299.117687]: 开始进行多边形确认 · detections=3
[INFO] [1786541299.144050]: 开始进行多边形确认 · centers=1 · rejected=0 · merged=0 · elapsed_ms=26.4
[INFO] [1786541299.245014]: 开始进行多边形确认 · detections=4
[INFO] [1786541299.272557]: CITRUS_CENTER ok pixel=(281,352) depth=0.361 m radius=26.3 mm arc=292 deg error=1.02 px fragments=1
[INFO] [1786541299.274007]: 开始进行多边形确认 · centers=1 · rejected=0 · merged=0 · elapsed_ms=29.0
[INFO] [1786541299.367250]: 开始进行多边形确认 · detections=2
[INFO] [1786541299.394300]: 开始进行多边形确认 · centers=1 · rejected=0 · merged=0 · elapsed_ms=27.1
[INFO] [1786541299.496373]: 开始进行多边形确认 · detections=3
[INFO] [1786541299.522672]: 开始进行多边形确认 · centers=1 · rejected=0 · merged=0 · elapsed_ms=26.4
[INFO] [1786541299.619191]: 开始进行多边形确认 · detections=3
[INFO] [1786541299.647143]: 开始进行多边形确认 · centers=1 · rejected=0 · merged=0 · elapsed_ms=28.0
[INFO] [1786541299.727604]: 开始进行多边形确认 · detections=3
[INFO] [1786541299.740556]: 开始进行多边形确认 · centers=1 · rejected=0 · merged=0 · elapsed_ms=13.0
[INFO] [1786541299.856300]: 开始进行多边形确认 · detections=3
[INFO] [1786541299.869411]: 开始进行多边形确认 · centers=1 · rejected=0 · merged=0 · elapsed_ms=13.1
[INFO] [1786541299.995764]: 开始进行多边形确认 · detections=3
[INFO] [1786541300.020053]: 开始进行多边形确认 · centers=1 · rejected=0 · merged=0 · elapsed_ms=24.3
[INFO] [1786541300.104546]: 开始进行多边形确认 · detections=3
[INFO] [1786541300.116921]: 开始进行多边形确认 · centers=1 · rejected=0 · merged=0 · elapsed_ms=12.4
[INFO] [1786541300.228111]: 开始进行多边形确认 · detections=3
[INFO] [1786541300.240551]: 开始进行多边形确认 · centers=1 · rejected=0 · merged=0 · elapsed_ms=12.5
[INFO] [1786541300.350488]: 开始进行多边形确认 · detections=3
[INFO] [1786541300.364980]: 开始进行多边形确认 · centers=1 · rejected=0 · merged=0 · elapsed_ms=14.5
[INFO] [1786541300.484852]: 开始进行多边形确认 · detections=3
[INFO] [1786541300.502486]: 开始进行多边形确认 · centers=1 · rejected=0 · merged=0 · elapsed_ms=17.7
[INFO] [1786541300.604651]: 开始进行多边形确认 · detections=3
[INFO] [1786541300.616731]: 开始进行多边形确认 · centers=1 · rejected=0 · merged=0 · elapsed_ms=12.1
[INFO] [1786541300.733704]: 开始进行多边形确认 · detections=3
[INFO] [1786541300.750039]: 开始进行多边形确认 · centers=1 · rejected=0 · merged=0 · elapsed_ms=16.3
[INFO] [1786541300.856343]: 开始进行多边形确认 · detections=3
[INFO] [1786541300.869313]: 开始进行多边形确认 · centers=1 · rejected=0 · merged=0 · elapsed_ms=13.0
[INFO] [1786541300.989419]: 开始进行多边形确认 · detections=3
[INFO] [1786541301.018280]: 开始进行多边形确认 · centers=1 · rejected=0 · merged=0 · elapsed_ms=28.9
[INFO] [1786541301.107308]: 开始进行多边形确认 · detections=3
[INFO] [1786541301.119291]: 开始进行多边形确认 · centers=1 · rejected=0 · merged=0 · elapsed_ms=12.0
[INFO] [1786541301.229557]: 开始进行多边形确认 · detections=3
[INFO] [1786541301.241929]: 开始进行多边形确认 · centers=1 · rejected=0 · merged=0 · elapsed_ms=12.4
[INFO] [1786541301.355816]: 开始进行多边形确认 · detections=3
[INFO] [1786541301.370742]: CITRUS_CENTER ok pixel=(281,351) depth=0.362 m radius=30.6 mm arc=262 deg error=0.98 px fragments=1
[INFO] [1786541301.371765]: 开始进行多边形确认 · centers=1 · rejected=0 · merged=0 · elapsed_ms=16.0
[INFO] [1786541301.480115]: 开始进行多边形确认 · detections=3
[INFO] [1786541301.495375]: 开始进行多边形确认 · centers=1 · rejected=0 · merged=0 · elapsed_ms=15.3
[INFO] [1786541301.606124]: 开始进行多边形确认 · detections=3
[INFO] [1786541301.623263]: 开始进行多边形确认 · centers=1 · rejected=0 · merged=0 · elapsed_ms=17.2
[INFO] [1786541301.734714]: 开始进行多边形确认 · detections=3
[INFO] [1786541301.746888]: 开始进行多边形确认 · centers=1 · rejected=0 · merged=0 · elapsed_ms=12.2
[INFO] [1786541301.862557]: 开始进行多边形确认 · detections=3
[INFO] [1786541301.875599]: 开始进行多边形确认 · centers=1 · rejected=0 · merged=0 · elapsed_ms=13.1
[INFO] [1786541301.987373]: 开始进行多边形确认 · detections=3
[INFO] [1786541302.019145]: 开始进行多边形确认 · centers=1 · rejected=0 · merged=0 · elapsed_ms=31.8
[INFO] [1786541302.124986]: 开始进行多边形确认 · detections=3
[INFO] [1786541302.150384]: 开始进行多边形确认 · centers=1 · rejected=0 · merged=0 · elapsed_ms=25.4
[INFO] [1786541302.241060]: 开始进行多边形确认 · detections=3
[INFO] [1786541302.253856]: 开始进行多边形确认 · centers=1 · rejected=0 · merged=0 · elapsed_ms=12.8
[INFO] [1786541302.358083]: 开始进行多边形确认 · detections=3
[INFO] [1786541302.386761]: 开始进行多边形确认 · centers=1 · rejected=0 · merged=0 · elapsed_ms=28.6
[INFO] [1786541302.506608]: 开始进行多边形确认 · detections=3
[INFO] [1786541302.533353]: 开始进行多边形确认 · centers=1 · rejected=0 · merged=0 · elapsed_ms=26.8
[INFO] [1786541302.621143]: 开始进行多边形确认 · detections=3
[INFO] [1786541302.649511]: 开始进行多边形确认 · centers=1 · rejected=0 · merged=0 · elapsed_ms=28.4
[INFO] [1786541302.749770]: 开始进行多边形确认 · detections=3
[INFO] [1786541302.781755]: 开始进行多边形确认 · centers=1 · rejected=0 · merged=0 · elapsed_ms=32.1
[INFO] [1786541302.875421]: 开始进行多边形确认 · detections=3
[INFO] [1786541302.904900]: 开始进行多边形确认 · centers=1 · rejected=0 · merged=0 · elapsed_ms=29.5
[INFO] [1786541303.034195]: 开始进行多边形确认 · detections=3
[INFO] [1786541303.067760]: 开始进行多边形确认 · centers=1 · rejected=0 · merged=0 · elapsed_ms=33.6
[INFO] [1786541303.146637]: 开始进行多边形确认 · detections=3
[INFO] [1786541303.175487]: 开始进行多边形确认 · centers=1 · rejected=0 · merged=0 · elapsed_ms=28.9
[INFO] [1786541303.245892]: 开始进行多边形确认 · detections=2
[INFO] [1786541303.258819]: 开始进行多边形确认 · centers=1 · rejected=0 · merged=0 · elapsed_ms=13.0
[INFO] [1786541303.259944]: RGB-D vision status: model_ready:onnxruntime targets:1 centers:1 tf:1 rejected:0 merged:0 semantic_masks:2
[INFO] [1786541303.377967]: 开始进行多边形确认 · detections=3
[INFO] [1786541303.390924]: CITRUS_CENTER ok pixel=(281,351) depth=0.362 m radius=30.6 mm arc=259 deg error=0.98 px fragments=1
[INFO] [1786541303.391851]: 开始进行多边形确认 · centers=1 · rejected=0 · merged=0 · elapsed_ms=13.9
[INFO] [1786541303.503294]: 开始进行多边形确认 · detections=3
[INFO] [1786541303.516575]: 开始进行多边形确认 · centers=1 · rejected=0 · merged=0 · elapsed_ms=13.3
[INFO] [1786541303.624628]: 开始进行多边形确认 · detections=3
[INFO] [1786541303.640395]: 开始进行多边形确认 · centers=1 · rejected=0 · merged=0 · elapsed_ms=15.8
[INFO] [1786541303.760682]: 开始进行多边形确认 · detections=3
[INFO] [1786541303.776787]: 开始进行多边形确认 · centers=1 · rejected=0 · merged=0 · elapsed_ms=16.1
[INFO] [1786541303.883324]: 开始进行多边形确认 · detections=3
[INFO] [1786541303.899866]: 开始进行多边形确认 · centers=1 · rejected=0 · merged=0 · elapsed_ms=16.6
[INFO] [1786541304.006816]: 开始进行多边形确认 · detections=3
[INFO] [1786541304.019834]: 开始进行多边形确认 · centers=1 · rejected=0 · merged=0 · elapsed_ms=13.1
[INFO] [1786541304.162375]: 开始进行多边形确认 · detections=3
[INFO] [1786541304.193971]: 开始进行多边形确认 · centers=1 · rejected=0 · merged=0 · elapsed_ms=31.6
[INFO] [1786541304.270502]: 开始进行多边形确认 · detections=3
[INFO] [1786541304.299588]: 开始进行多边形确认 · centers=1 · rejected=0 · merged=0 · elapsed_ms=29.1
[INFO] [1786541304.395635]: 开始进行多边形确认 · detections=3
[INFO] [1786541304.421043]: 开始进行多边形确认 · centers=1 · rejected=0 · merged=0 · elapsed_ms=25.4
[INFO] [1786541304.523392]: 开始进行多边形确认 · detections=3
[INFO] [1786541304.550416]: 开始进行多边形确认 · centers=1 · rejected=0 · merged=0 · elapsed_ms=27.1
[INFO] [1786541304.645642]: 开始进行多边形确认 · detections=3
[INFO] [1786541304.673262]: 开始进行多边形确认 · centers=1 · rejected=0 · merged=0 · elapsed_ms=27.7
[INFO] [1786541304.774146]: 开始进行多边形确认 · detections=3
[INFO] [1786541304.800683]: 开始进行多边形确认 · centers=1 · rejected=0 · merged=0 · elapsed_ms=26.6
[INFO] [1786541304.898947]: 开始进行多边形确认 · detections=3
[INFO] [1786541304.924524]: 开始进行多边形确认 · centers=1 · rejected=0 · merged=0 · elapsed_ms=25.6
[INFO] [1786541305.012189]: 开始进行多边形确认 · detections=3
[INFO] [1786541305.026425]: 开始进行多边形确认 · centers=1 · rejected=0 · merged=0 · elapsed_ms=14.3
[INFO] [1786541305.133149]: 开始进行多边形确认 · detections=3
[INFO] [1786541305.155819]: 开始进行多边形确认 · centers=1 · rejected=0 · merged=0 · elapsed_ms=22.7
[INFO] [1786541305.275882]: 开始进行多边形确认 · detections=3
[INFO] [1786541305.290230]: 开始进行多边形确认 · centers=1 · rejected=0 · merged=0 · elapsed_ms=14.4
[INFO] [1786541305.383626]: 开始进行多边形确认 · detections=3
[INFO] [1786541305.409232]: CITRUS_CENTER ok pixel=(281,351) depth=0.362 m radius=30.6 mm arc=259 deg error=0.95 px fragments=1
[INFO] [1786541305.410292]: 开始进行多边形确认 · centers=1 · rejected=0 · merged=0 · elapsed_ms=26.7
[INFO] [1786541305.519948]: 开始进行多边形确认 · detections=2
[INFO] [1786541305.546718]: 开始进行多边形确认 · centers=1 · rejected=0 · merged=0 · elapsed_ms=26.8
[INFO] [1786541305.641052]: 开始进行多边形确认 · detections=3
[INFO] [1786541305.667450]: 开始进行多边形确认 · centers=1 · rejected=0 · merged=0 · elapsed_ms=26.4
[INFO] [1786541305.770252]: 开始进行多边形确认 · detections=3
[INFO] [1786541305.796633]: 开始进行多边形确认 · centers=1 · rejected=0 · merged=0 · elapsed_ms=26.4
[INFO] [1786541305.894701]: 开始进行多边形确认 · detections=3
[INFO] [1786541305.922282]: 开始进行多边形确认 · centers=1 · rejected=0 · merged=0 · elapsed_ms=27.6
[INFO] [1786541306.021764]: 开始进行多边形确认 · detections=3
[INFO] [1786541306.049191]: 开始进行多边形确认 · centers=1 · rejected=0 · merged=0 · elapsed_ms=27.4
[INFO] [1786541306.140940]: 开始进行多边形确认 · detections=3
[INFO] [1786541306.169213]: 开始进行多边形确认 · centers=1 · rejected=0 · merged=0 · elapsed_ms=28.3
[INFO] [1786541306.295112]: 开始进行多边形确认 · detections=3
[INFO] [1786541306.328167]: 开始进行多边形确认 · centers=1 · rejected=0 · merged=0 · elapsed_ms=33.1
[INFO] [1786541306.392004]: 开始进行多边形确认 · detections=3
[INFO] [1786541306.416367]: 开始进行多边形确认 · centers=1 · rejected=0 · merged=0 · elapsed_ms=24.4
[INFO] [1786541306.517278]: 开始进行多边形确认 · detections=3
[INFO] [1786541306.531180]: 开始进行多边形确认 · centers=1 · rejected=0 · merged=0 · elapsed_ms=13.9
[INFO] [1786541306.628837]: 开始进行多边形确认 · detections=3
[INFO] [1786541306.651221]: 开始进行多边形确认 · centers=1 · rejected=0 · merged=0 · elapsed_ms=22.4
[INFO] [1786541306.771112]: 开始进行多边形确认 · detections=3
[INFO] [1786541306.785464]: 开始进行多边形确认 · centers=1 · rejected=0 · merged=0 · elapsed_ms=14.4
[INFO] [1786541306.879180]: 开始进行多边形确认 · detections=3
[INFO] [1786541306.891531]: 开始进行多边形确认 · centers=1 · rejected=0 · merged=0 · elapsed_ms=12.4
[INFO] [1786541307.007086]: 开始进行多边形确认 · detections=3
[INFO] [1786541307.019602]: 开始进行多边形确认 · centers=1 · rejected=0 · merged=0 · elapsed_ms=12.6
[INFO] [1786541307.136453]: 开始进行多边形确认 · detections=3
[INFO] [1786541307.148834]: 开始进行多边形确认 · centers=1 · rejected=0 · merged=0 · elapsed_ms=12.4
[INFO] [1786541307.273741]: 开始进行多边形确认 · detections=3
[INFO] [1786541307.296046]: 开始进行多边形确认 · centers=1 · rejected=0 · merged=0 · elapsed_ms=22.3
[INFO] [1786541307.415515]: 开始进行多边形确认 · detections=3
[INFO] [1786541307.432644]: CITRUS_CENTER ok pixel=(281,351) depth=0.362 m radius=30.6 mm arc=260 deg error=1.02 px fragments=1
[INFO] [1786541307.433507]: 开始进行多边形确认 · centers=1 · rejected=0 · merged=0 · elapsed_ms=18.0
[INFO] [1786541307.510045]: 开始进行多边形确认 · detections=3
[INFO] [1786541307.523156]: 开始进行多边形确认 · centers=1 · rejected=0 · merged=0 · elapsed_ms=13.2
[INFO] [1786541307.630751]: 开始进行多边形确认 · detections=3
[INFO] [1786541307.644267]: 开始进行多边形确认 · centers=1 · rejected=0 · merged=0 · elapsed_ms=13.6
[INFO] [1786541307.760817]: 开始进行多边形确认 · detections=3
[INFO] [1786541307.778028]: 开始进行多边形确认 · centers=1 · rejected=0 · merged=0 · elapsed_ms=17.3
[INFO] [1786541307.885195]: 开始进行多边形确认 · detections=3
[INFO] [1786541307.901516]: 开始进行多边形确认 · centers=1 · rejected=0 · merged=0 · elapsed_ms=16.4
[INFO] [1786541308.026942]: 开始进行多边形确认 · detections=3
[INFO] [1786541308.054942]: 开始进行多边形确认 · centers=1 · rejected=0 · merged=0 · elapsed_ms=28.0
[INFO] [1786541308.157998]: 开始进行多边形确认 · detections=3
[INFO] [1786541308.185723]: 开始进行多边形确认 · centers=1 · rejected=0 · merged=0 · elapsed_ms=27.8
[INFO] [1786541308.277337]: 开始进行多边形确认 · detections=2
[INFO] [1786541308.290376]: 开始进行多边形确认 · centers=1 · rejected=0 · merged=0 · elapsed_ms=13.1
[INFO] [1786541308.291543]: RGB-D vision status: model_ready:onnxruntime targets:1 centers:1 tf:1 rejected:0 merged:0 semantic_masks:2
[INFO] [1786541308.415456]: 开始进行多边形确认 · detections=3
[INFO] [1786541308.434293]: 开始进行多边形确认 · centers=1 · rejected=0 · merged=0 · elapsed_ms=18.9
[INFO] [1786541308.523180]: 开始进行多边形确认 · detections=3
[INFO] [1786541308.537368]: 开始进行多边形确认 · centers=1 · rejected=0 · merged=0 · elapsed_ms=14.2
[INFO] [1786541308.655550]: 开始进行多边形确认 · detections=3
[INFO] [1786541308.684284]: 开始进行多边形确认 · centers=1 · rejected=0 · merged=0 · elapsed_ms=28.8
[INFO] [1786541308.786164]: 开始进行多边形确认 · detections=3
[INFO] [1786541308.812971]: 开始进行多边形确认 · centers=1 · rejected=0 · merged=0 · elapsed_ms=26.8
[INFO] [1786541308.909743]: 开始进行多边形确认 · detections=3
[INFO] [1786541308.936253]: 开始进行多边形确认 · centers=1 · rejected=0 · merged=0 · elapsed_ms=26.5
[INFO] [1786541309.063524]: 开始进行多边形确认 · detections=3
[INFO] [1786541309.090583]: 开始进行多边形确认 · centers=1 · rejected=0 · merged=0 · elapsed_ms=27.1
[INFO] [1786541309.158998]: 开始进行多边形确认 · detections=3
[INFO] [1786541309.175495]: 开始进行多边形确认 · centers=1 · rejected=0 · merged=0 · elapsed_ms=16.6
[INFO] [1786541309.274668]: 开始进行多边形确认 · detections=3
[INFO] [1786541309.289497]: 开始进行多边形确认 · centers=1 · rejected=0 · merged=0 · elapsed_ms=14.9
[INFO] [1786541309.395852]: 开始进行多边形确认 · detections=3
[INFO] [1786541309.409357]: 开始进行多边形确认 · centers=1 · rejected=0 · merged=0 · elapsed_ms=13.6
[INFO] [1786541309.537977]: 开始进行多边形确认 · detections=3
[INFO] [1786541309.563202]: CITRUS_CENTER ok pixel=(281,351) depth=0.362 m radius=30.6 mm arc=259 deg error=0.96 px fragments=1
[INFO] [1786541309.564437]: 开始进行多边形确认 · centers=1 · rejected=0 · merged=0 · elapsed_ms=26.5
[INFO] [1786541309.634791]: 开始进行多边形确认 · detections=3
[INFO] [1786541309.649976]: 开始进行多边形确认 · centers=1 · rejected=0 · merged=0 · elapsed_ms=15.3
[INFO] [1786541309.780901]: 开始进行多边形确认 · detections=3
[INFO] [1786541309.793911]: 开始进行多边形确认 · centers=1 · rejected=0 · merged=0 · elapsed_ms=13.0
[INFO] [1786541309.895497]: 开始进行多边形确认 · detections=3
[INFO] [1786541309.910308]: 开始进行多边形确认 · centers=1 · rejected=0 · merged=0 · elapsed_ms=14.9
[INFO] [1786541310.024118]: 开始进行多边形确认 · detections=3
[INFO] [1786541310.039564]: 开始进行多边形确认 · centers=1 · rejected=0 · merged=0 · elapsed_ms=15.5
[INFO] [1786541310.154164]: 开始进行多边形确认 · detections=3
[INFO] [1786541310.169655]: 开始进行多边形确认 · centers=1 · rejected=0 · merged=0 · elapsed_ms=15.5
[INFO] [1786541310.278256]: 开始进行多边形确认 · detections=3
[INFO] [1786541310.293081]: 开始进行多边形确认 · centers=1 · rejected=0 · merged=0 · elapsed_ms=14.8
[INFO] [1786541310.403302]: 开始进行多边形确认 · detections=3
[INFO] [1786541310.415793]: 开始进行多边形确认 · centers=1 · rejected=0 · merged=0 · elapsed_ms=12.5
[INFO] [1786541310.526917]: 开始进行多边形确认 · detections=3
[INFO] [1786541310.561468]: 开始进行多边形确认 · centers=1 · rejected=0 · merged=0 · elapsed_ms=34.6
[INFO] [1786541310.665369]: 开始进行多边形确认 · detections=3
[INFO] [1786541310.691296]: 开始进行多边形确认 · centers=1 · rejected=0 · merged=0 · elapsed_ms=26.0
[INFO] [1786541310.792361]: 开始进行多边形确认 · detections=3
[INFO] [1786541310.817369]: 开始进行多边形确认 · centers=1 · rejected=0 · merged=0 · elapsed_ms=25.1
[INFO] [1786541310.909777]: 开始进行多边形确认 · detections=3
[INFO] [1786541310.954009]: 开始进行多边形确认 · centers=1 · rejected=0 · merged=0 · elapsed_ms=44.3
[INFO] [1786541311.039111]: 开始进行多边形确认 · detections=3
[INFO] [1786541311.051668]: 开始进行多边形确认 · centers=1 · rejected=0 · merged=0 · elapsed_ms=12.6
[INFO] [1786541311.155688]: 开始进行多边形确认 · detections=3
[INFO] [1786541311.177160]: 开始进行多边形确认 · centers=1 · rejected=0 · merged=0 · elapsed_ms=21.5
[INFO] [1786541311.293394]: 开始进行多边形确认 · detections=3
[INFO] [1786541311.321117]: 开始进行多边形确认 · centers=1 · rejected=0 · merged=0 · elapsed_ms=27.8
[INFO] [1786541311.414446]: 开始进行多边形确认 · detections=3
[INFO] [1786541311.441900]: 开始进行多边形确认 · centers=1 · rejected=0 · merged=0 · elapsed_ms=27.5
[INFO] [1786541311.545389]: 开始进行多边形确认 · detections=3
[INFO] [1786541311.580826]: CITRUS_CENTER ok pixel=(281,351) depth=0.362 m radius=30.6 mm arc=260 deg error=1.02 px fragments=1
[INFO] [1786541311.581959]: 开始进行多边形确认 · centers=1 · rejected=0 · merged=0 · elapsed_ms=36.7
[INFO] [1786541311.676825]: 开始进行多边形确认 · detections=3
[INFO] [1786541311.705166]: 开始进行多边形确认 · centers=1 · rejected=0 · merged=0 · elapsed_ms=28.4
[INFO] [1786541311.788898]: 开始进行多边形确认 · detections=3
[INFO] [1786541311.815728]: 开始进行多边形确认 · centers=1 · rejected=0 · merged=0 · elapsed_ms=26.9
[INFO] [1786541311.908021]: 开始进行多边形确认 · detections=3
[INFO] [1786541311.921675]: 开始进行多边形确认 · centers=1 · rejected=0 · merged=0 · elapsed_ms=13.7
[INFO] [1786541312.041987]: 开始进行多边形确认 · detections=3
[INFO] [1786541312.069791]: 开始进行多边形确认 · centers=1 · rejected=0 · merged=0 · elapsed_ms=27.8
[INFO] [1786541312.161942]: 开始进行多边形确认 · detections=3
[INFO] [1786541312.189559]: 开始进行多边形确认 · centers=1 · rejected=0 · merged=0 · elapsed_ms=27.7
[INFO] [1786541312.304710]: 开始进行多边形确认 · detections=4
[INFO] [1786541312.330148]: 开始进行多边形确认 · centers=1 · rejected=0 · merged=0 · elapsed_ms=25.5
[INFO] [1786541312.413189]: 开始进行多边形确认 · detections=3
[INFO] [1786541312.440424]: 开始进行多边形确认 · centers=1 · rejected=0 · merged=0 · elapsed_ms=27.3
[INFO] [1786541312.550143]: 开始进行多边形确认 · detections=3
[INFO] [1786541312.579326]: 开始进行多边形确认 · centers=1 · rejected=0 · merged=0 · elapsed_ms=29.2
[INFO] [1786541312.668660]: 开始进行多边形确认 · detections=3
[INFO] [1786541312.700958]: 开始进行多边形确认 · centers=1 · rejected=0 · merged=0 · elapsed_ms=32.3
[INFO] [1786541312.804766]: 开始进行多边形确认 · detections=2
[INFO] [1786541312.829113]: 开始进行多边形确认 · centers=1 · rejected=0 · merged=0 · elapsed_ms=24.4
[INFO] [1786541312.906743]: 开始进行多边形确认 · detections=3
[INFO] [1786541312.920114]: 开始进行多边形确认 · centers=1 · rejected=0 · merged=0 · elapsed_ms=13.4
[INFO] [1786541313.024158]: 开始进行多边形确认 · detections=2
[INFO] [1786541313.040730]: 开始进行多边形确认 · centers=1 · rejected=0 · merged=0 · elapsed_ms=16.6
[INFO] [1786541313.142442]: 开始进行多边形确认 · detections=3
[INFO] [1786541313.157064]: 开始进行多边形确认 · centers=1 · rejected=0 · merged=0 · elapsed_ms=14.7
[INFO] [1786541313.278556]: 开始进行多边形确认 · detections=3
[INFO] [1786541313.292373]: 开始进行多边形确认 · centers=1 · rejected=0 · merged=0 · elapsed_ms=13.9
[INFO] [1786541313.395063]: 开始进行多边形确认 · detections=3
[INFO] [1786541313.407659]: 开始进行多边形确认 · centers=1 · rejected=0 · merged=0 · elapsed_ms=12.6
[INFO] [1786541313.543322]: 开始进行多边形确认 · detections=3
[INFO] [1786541313.571929]: 开始进行多边形确认 · centers=1 · rejected=0 · merged=0 · elapsed_ms=28.6
[INFO] [1786541313.661361]: 开始进行多边形确认 · detections=3
[INFO] [1786541313.687302]: CITRUS_CENTER ok pixel=(281,351) depth=0.362 m radius=30.6 mm arc=260 deg error=1.00 px fragments=1
[INFO] [1786541313.688090]: 开始进行多边形确认 · centers=1 · rejected=0 · merged=0 · elapsed_ms=26.8
[INFO] [1786541313.796761]: 开始进行多边形确认 · detections=3
[INFO] [1786541313.838834]: 开始进行多边形确认 · centers=1 · rejected=0 · merged=0 · elapsed_ms=42.1
[INFO] [1786541313.928863]: 开始进行多边形确认 · detections=3
[INFO] [1786541313.954741]: 开始进行多边形确认 · centers=1 · rejected=0 · merged=0 · elapsed_ms=25.9
[INFO] [1786541314.030800]: 开始进行多边形确认 · detections=4
[INFO] [1786541314.058148]: 开始进行多边形确认 · centers=1 · rejected=0 · merged=0 · elapsed_ms=27.4
[INFO] [1786541314.059951]: RGB-D vision status: model_ready:onnxruntime targets:1 centers:1 tf:1 rejected:0 merged:0 semantic_masks:4
[INFO] [1786541314.152682]: 开始进行多边形确认 · detections=2
[INFO] [1786541314.180524]: 开始进行多边形确认 · centers=1 · rejected=0 · merged=0 · elapsed_ms=27.9
[INFO] [1786541314.281312]: 开始进行多边形确认 · detections=3
[INFO] [1786541314.307320]: 开始进行多边形确认 · centers=1 · rejected=0 · merged=0 · elapsed_ms=26.0
[INFO] [1786541314.399915]: 开始进行多边形确认 · detections=3
[INFO] [1786541314.413969]: 开始进行多边形确认 · centers=1 · rejected=0 · merged=0 · elapsed_ms=14.1
[INFO] [1786541314.525537]: 开始进行多边形确认 · detections=3
[INFO] [1786541314.540350]: 开始进行多边形确认 · centers=1 · rejected=0 · merged=0 · elapsed_ms=14.9
[INFO] [1786541314.646921]: 开始进行多边形确认 · detections=4
[INFO] [1786541314.661972]: 开始进行多边形确认 · centers=1 · rejected=0 · merged=0 · elapsed_ms=15.1
[INFO] [1786541314.784444]: 开始进行多边形确认 · detections=3
[INFO] [1786541314.807118]: 开始进行多边形确认 · centers=1 · rejected=0 · merged=0 · elapsed_ms=22.7
[INFO] [1786541314.931528]: 开始进行多边形确认 · detections=3
[INFO] [1786541314.959635]: 开始进行多边形确认 · centers=1 · rejected=0 · merged=0 · elapsed_ms=28.1
[INFO] [1786541315.021199]: 开始进行多边形确认 · detections=3
[INFO] [1786541315.035050]: 开始进行多边形确认 · centers=1 · rejected=0 · merged=0 · elapsed_ms=13.9
[INFO] [1786541315.143426]: 开始进行多边形确认 · detections=3
[INFO] [1786541315.156213]: 开始进行多边形确认 · centers=1 · rejected=0 · merged=0 · elapsed_ms=12.8
[INFO] [1786541315.270293]: 开始进行多边形确认 · detections=3
[INFO] [1786541315.286879]: 开始进行多边形确认 · centers=1 · rejected=0 · merged=0 · elapsed_ms=16.6
[INFO] [1786541315.394840]: 开始进行多边形确认 · detections=3
[INFO] [1786541315.408096]: 开始进行多边形确认 · centers=1 · rejected=0 · merged=0 · elapsed_ms=13.3
[INFO] [1786541315.550371]: 开始进行多边形确认 · detections=3
[INFO] [1786541315.579938]: 开始进行多边形确认 · centers=1 · rejected=0 · merged=0 · elapsed_ms=29.6
[INFO] [1786541315.657209]: 开始进行多边形确认 · detections=2
[INFO] [1786541315.682938]: 开始进行多边形确认 · centers=1 · rejected=0 · merged=0 · elapsed_ms=25.8
[INFO] [1786541315.798571]: 开始进行多边形确认 · detections=3
[INFO] [1786541315.826088]: CITRUS_CENTER ok pixel=(281,351) depth=0.362 m radius=30.5 mm arc=261 deg error=0.94 px fragments=1
[INFO] [1786541315.827063]: 开始进行多边形确认 · centers=1 · rejected=0 · merged=0 · elapsed_ms=28.6
[INFO] [1786541315.909425]: 开始进行多边形确认 · detections=3
[INFO] [1786541315.939281]: 开始进行多边形确认 · centers=1 · rejected=0 · merged=0 · elapsed_ms=29.9
[INFO] [1786541316.053671]: 开始进行多边形确认 · detections=3
[INFO] [1786541316.067967]: 开始进行多边形确认 · centers=1 · rejected=0 · merged=0 · elapsed_ms=14.3
[INFO] [1786541316.157769]: 开始进行多边形确认 · detections=3
[INFO] [1786541316.186386]: 开始进行多边形确认 · centers=1 · rejected=0 · merged=0 · elapsed_ms=28.7
[INFO] [1786541316.288023]: 开始进行多边形确认 · detections=3
[INFO] [1786541316.318625]: 开始进行多边形确认 · centers=1 · rejected=0 · merged=0 · elapsed_ms=30.6
[INFO] [1786541316.409188]: 开始进行多边形确认 · detections=3
[INFO] [1786541316.436856]: 开始进行多边形确认 · centers=1 · rejected=0 · merged=0 · elapsed_ms=27.7
[INFO] [1786541316.542883]: 开始进行多边形确认 · detections=3
[INFO] [1786541316.575253]: 开始进行多边形确认 · centers=1 · rejected=0 · merged=0 · elapsed_ms=32.4
[INFO] [1786541316.658053]: 开始进行多边形确认 · detections=3
[INFO] [1786541316.685326]: 开始进行多边形确认 · centers=1 · rejected=0 · merged=0 · elapsed_ms=27.3
[INFO] [1786541316.788647]: 开始进行多边形确认 · detections=4
[INFO] [1786541316.816587]: 开始进行多边形确认 · centers=1 · rejected=0 · merged=0 · elapsed_ms=28.0
[INFO] [1786541316.911173]: 开始进行多边形确认 · detections=3
[INFO] [1786541316.941446]: 开始进行多边形确认 · centers=1 · rejected=0 · merged=0 · elapsed_ms=30.3
[INFO] [1786541317.049988]: 开始进行多边形确认 · detections=3
[INFO] [1786541317.064867]: 开始进行多边形确认 · centers=1 · rejected=0 · merged=0 · elapsed_ms=14.9
[INFO] [1786541317.148093]: 开始进行多边形确认 · detections=3
[INFO] [1786541317.162732]: 开始进行多边形确认 · centers=1 · rejected=0 · merged=0 · elapsed_ms=14.7
[INFO] [1786541317.277787]: 开始进行多边形确认 · detections=3
[INFO] [1786541317.291184]: 开始进行多边形确认 · centers=1 · rejected=0 · merged=0 · elapsed_ms=13.4
[INFO] [1786541317.404077]: 开始进行多边形确认 · detections=3
[INFO] [1786541317.418286]: 开始进行多边形确认 · centers=1 · rejected=0 · merged=0 · elapsed_ms=14.2
[INFO] [1786541317.532175]: 开始进行多边形确认 · detections=3
[INFO] [1786541317.545899]: 开始进行多边形确认 · centers=1 · rejected=0 · merged=0 · elapsed_ms=13.8
[INFO] [1786541317.647474]: 开始进行多边形确认 · detections=3
[INFO] [1786541317.661461]: 开始进行多边形确认 · centers=1 · rejected=0 · merged=0 · elapsed_ms=14.0
[INFO] [1786541317.780673]: 开始进行多边形确认 · detections=3
[INFO] [1786541317.795821]: 开始进行多边形确认 · centers=1 · rejected=0 · merged=0 · elapsed_ms=15.2
[INFO] [1786541317.901447]: 开始进行多边形确认 · detections=4
[INFO] [1786541317.916557]: CITRUS_CENTER ok pixel=(281,351) depth=0.362 m radius=30.5 mm arc=259 deg error=0.90 px fragments=1
[INFO] [1786541317.917753]: 开始进行多边形确认 · centers=1 · rejected=0 · merged=0 · elapsed_ms=16.4
[INFO] [1786541318.055617]: 开始进行多边形确认 · detections=3
[INFO] [1786541318.081316]: 开始进行多边形确认 · centers=1 · rejected=0 · merged=0 · elapsed_ms=26.6
[INFO] [1786541318.165862]: 开始进行多边形确认 · detections=3
[INFO] [1786541318.193187]: 开始进行多边形确认 · centers=1 · rejected=0 · merged=0 · elapsed_ms=27.3
[INFO] [1786541318.290437]: 开始进行多边形确认 · detections=4
[INFO] [1786541318.321848]: 开始进行多边形确认 · centers=1 · rejected=0 · merged=0 · elapsed_ms=31.5
[INFO] [1786541318.416127]: 开始进行多边形确认 · detections=3
[INFO] [1786541318.446417]: 开始进行多边形确认 · centers=1 · rejected=0 · merged=0 · elapsed_ms=30.3
[INFO] [1786541318.540172]: 开始进行多边形确认 · detections=3
[INFO] [1786541318.569401]: 开始进行多边形确认 · centers=1 · rejected=0 · merged=0 · elapsed_ms=29.3
[INFO] [1786541318.660353]: 开始进行多边形确认 · detections=3
[INFO] [1786541318.676477]: 开始进行多边形确认 · centers=1 · rejected=0 · merged=0 · elapsed_ms=16.2
[INFO] [1786541318.787468]: 开始进行多边形确认 · detections=3
[INFO] [1786541318.804147]: 开始进行多边形确认 · centers=1 · rejected=0 · merged=0 · elapsed_ms=16.7
[INFO] [1786541318.914059]: 开始进行多边形确认 · detections=3
[INFO] [1786541318.930198]: 开始进行多边形确认 · centers=1 · rejected=0 · merged=0 · elapsed_ms=16.2
[INFO] [1786541319.053068]: 开始进行多边形确认 · detections=4
[INFO] [1786541319.091279]: 开始进行多边形确认 · centers=1 · rejected=0 · merged=0 · elapsed_ms=38.2
[INFO] [1786541319.092917]: RGB-D vision status: model_ready:onnxruntime targets:1 centers:1 tf:1 rejected:0 merged:0 semantic_masks:4
[INFO] [1786541319.184862]: 开始进行多边形确认 · detections=3
[INFO] [1786541319.210229]: 开始进行多边形确认 · centers=1 · rejected=0 · merged=0 · elapsed_ms=25.4
[INFO] [1786541319.299565]: 开始进行多边形确认 · detections=3
[INFO] [1786541319.324781]: 开始进行多边形确认 · centers=1 · rejected=0 · merged=0 · elapsed_ms=25.3
[INFO] [1786541319.432343]: 开始进行多边形确认 · detections=3
[INFO] [1786541319.460155]: 开始进行多边形确认 · centers=1 · rejected=0 · merged=0 · elapsed_ms=27.8
[INFO] [1786541319.553969]: 开始进行多边形确认 · detections=3
[INFO] [1786541319.587483]: 开始进行多边形确认 · centers=1 · rejected=0 · merged=0 · elapsed_ms=33.6
[INFO] [1786541319.660469]: 开始进行多边形确认 · detections=3
[INFO] [1786541319.674299]: 开始进行多边形确认 · centers=1 · rejected=0 · merged=0 · elapsed_ms=13.8
[INFO] [1786541319.803085]: 开始进行多边形确认 · detections=3
[INFO] [1786541319.829956]: 开始进行多边形确认 · centers=1 · rejected=0 · merged=0 · elapsed_ms=26.9
[INFO] [1786541319.926223]: 开始进行多边形确认 · detections=3
[INFO] [1786541319.939588]: CITRUS_CENTER ok pixel=(281,351) depth=0.362 m radius=30.6 mm arc=260 deg error=0.97 px fragments=1
[INFO] [1786541319.940428]: 开始进行多边形确认 · centers=1 · rejected=0 · merged=0 · elapsed_ms=14.3
[INFO] [1786541320.052902]: 开始进行多边形确认 · detections=4
[INFO] [1786541320.080620]: 开始进行多边形确认 · centers=1 · rejected=0 · merged=0 · elapsed_ms=27.7
[INFO] [1786541320.182598]: 开始进行多边形确认 · detections=3
[INFO] [1786541320.217182]: 开始进行多边形确认 · centers=1 · rejected=0 · merged=0 · elapsed_ms=34.6
[INFO] [1786541320.312577]: 开始进行多边形确认 · detections=3
[INFO] [1786541320.340095]: 开始进行多边形确认 · centers=1 · rejected=0 · merged=0 · elapsed_ms=27.6
[INFO] [1786541320.429068]: 开始进行多边形确认 · detections=5
[INFO] [1786541320.462034]: 开始进行多边形确认 · centers=1 · rejected=1 · merged=0 · elapsed_ms=33.1
[INFO] [1786541320.540747]: 开始进行多边形确认 · detections=4
[INFO] [1786541320.558599]: 开始进行多边形确认 · centers=1 · rejected=0 · merged=0 · elapsed_ms=17.9
[INFO] [1786541320.662591]: 开始进行多边形确认 · detections=3
[INFO] [1786541320.675748]: 开始进行多边形确认 · centers=1 · rejected=0 · merged=0 · elapsed_ms=13.2
[INFO] [1786541320.788000]: 开始进行多边形确认 · detections=3
[INFO] [1786541320.801875]: 开始进行多边形确认 · centers=1 · rejected=0 · merged=0 · elapsed_ms=13.9
[INFO] [1786541320.928627]: 开始进行多边形确认 · detections=4
[INFO] [1786541320.943624]: 开始进行多边形确认 · centers=1 · rejected=0 · merged=0 · elapsed_ms=15.0
[INFO] [1786541321.038112]: 开始进行多边形确认 · detections=3
[INFO] [1786541321.053470]: 开始进行多边形确认 · centers=1 · rejected=0 · merged=0 · elapsed_ms=15.4
[INFO] [1786541321.167925]: 开始进行多边形确认 · detections=4
[INFO] [1786541321.197229]: 开始进行多边形确认 · centers=1 · rejected=0 · merged=0 · elapsed_ms=29.3
[INFO] [1786541321.340777]: 开始进行多边形确认 · detections=4
[INFO] [1786541321.368140]: 开始进行多边形确认 · centers=1 · rejected=0 · merged=0 · elapsed_ms=27.4
[INFO] [1786541321.429092]: 开始进行多边形确认 · detections=5
[INFO] [1786541321.488763]: 开始进行多边形确认 · centers=1 · rejected=0 · merged=1 · elapsed_ms=59.7
[INFO] [1786541321.540235]: 开始进行多边形确认 · detections=4
[INFO] [1786541321.570472]: 开始进行多边形确认 · centers=1 · rejected=0 · merged=1 · elapsed_ms=30.3
[INFO] [1786541321.668687]: 开始进行多边形确认 · detections=5
[INFO] [1786541321.685182]: 开始进行多边形确认 · centers=1 · rejected=1 · merged=0 · elapsed_ms=16.5
[INFO] [1786541321.802930]: 开始进行多边形确认 · detections=4
[INFO] [1786541321.835698]: 开始进行多边形确认 · centers=1 · rejected=1 · merged=0 · elapsed_ms=32.8
[INFO] [1786541321.927607]: 开始进行多边形确认 · detections=3
[INFO] [1786541321.953596]: CITRUS_CENTER ok pixel=(281,351) depth=0.362 m radius=30.5 mm arc=260 deg error=0.85 px fragments=1
[INFO] [1786541321.954568]: 开始进行多边形确认 · centers=1 · rejected=0 · merged=0 · elapsed_ms=27.0
[INFO] [1786541322.058209]: 开始进行多边形确认 · detections=4
[INFO] [1786541322.071479]: 开始进行多边形确认 · centers=1 · rejected=0 · merged=0 · elapsed_ms=13.3
[INFO] [1786541322.174047]: 开始进行多边形确认 · detections=4
[INFO] [1786541322.192833]: 开始进行多边形确认 · centers=1 · rejected=0 · merged=0 · elapsed_ms=18.9
[INFO] [1786541322.331270]: 开始进行多边形确认 · detections=3
[INFO] [1786541322.346545]: 开始进行多边形确认 · centers=1 · rejected=0 · merged=0 · elapsed_ms=15.3
[INFO] [1786541322.425985]: 开始进行多边形确认 · detections=2
[INFO] [1786541322.441967]: 开始进行多边形确认 · centers=1 · rejected=0 · merged=0 · elapsed_ms=16.0
[INFO] [1786541322.549568]: 开始进行多边形确认 · detections=4
[INFO] [1786541322.564713]: 开始进行多边形确认 · centers=1 · rejected=0 · merged=0 · elapsed_ms=15.2
[INFO] [1786541322.673060]: 开始进行多边形确认 · detections=2
[INFO] [1786541322.687737]: 开始进行多边形确认 · centers=1 · rejected=0 · merged=0 · elapsed_ms=14.7
[INFO] [1786541322.798673]: 开始进行多边形确认 · detections=4
[INFO] [1786541322.814450]: 开始进行多边形确认 · centers=1 · rejected=0 · merged=0 · elapsed_ms=15.8
[INFO] [1786541322.926983]: 开始进行多边形确认 · detections=5
[INFO] [1786541322.948753]: 开始进行多边形确认 · centers=1 · rejected=1 · merged=0 · elapsed_ms=21.8
[INFO] [1786541323.054608]: 开始进行多边形确认 · detections=3
[INFO] [1786541323.069673]: 开始进行多边形确认 · centers=1 · rejected=0 · merged=0 · elapsed_ms=15.1
[INFO] [1786541323.192815]: 开始进行多边形确认 · detections=4
[INFO] [1786541323.247774]: 开始进行多边形确认 · centers=1 · rejected=1 · merged=0 · elapsed_ms=55.0
[INFO] [1786541323.313067]: 开始进行多边形确认 · detections=3
[INFO] [1786541323.359716]: 开始进行多边形确认 · centers=1 · rejected=1 · merged=0 · elapsed_ms=46.7
[INFO] [1786541323.458941]: 开始进行多边形确认 · detections=3
[INFO] [1786541323.474758]: 开始进行多边形确认 · centers=1 · rejected=0 · merged=0 · elapsed_ms=15.9
[INFO] [1786541323.542736]: 开始进行多边形确认 · detections=3
[INFO] [1786541323.556314]: 开始进行多边形确认 · centers=1 · rejected=0 · merged=0 · elapsed_ms=13.6
[INFO] [1786541323.679889]: 开始进行多边形确认 · detections=2
[INFO] [1786541323.694409]: 开始进行多边形确认 · centers=1 · rejected=0 · merged=0 · elapsed_ms=14.5
[INFO] [1786541323.799844]: 开始进行多边形确认 · detections=5
[INFO] [1786541323.819197]: 开始进行多边形确认 · centers=1 · rejected=1 · merged=0 · elapsed_ms=19.4
[INFO] [1786541323.919363]: 开始进行多边形确认 · detections=3
[INFO] [1786541323.937636]: 开始进行多边形确认 · centers=1 · rejected=1 · merged=0 · elapsed_ms=18.3
[INFO] [1786541324.051789]: 开始进行多边形确认 · detections=4
[INFO] [1786541324.069988]: CITRUS_CENTER ok pixel=(280,340) depth=0.360 m radius=25.9 mm arc=289 deg error=1.11 px fragments=1
[INFO] [1786541324.071108]: 开始进行多边形确认 · centers=1 · rejected=1 · merged=0 · elapsed_ms=19.4
[INFO] [1786541324.174227]: 开始进行多边形确认 · detections=3
[INFO] [1786541324.192840]: 开始进行多边形确认 · centers=1 · rejected=1 · merged=0 · elapsed_ms=18.7
[INFO] [1786541324.194259]: RGB-D vision status: model_ready:onnxruntime targets:2 centers:1 tf:1 rejected:1 merged:0 semantic_masks:3
[INFO] [1786541324.293668]: 开始进行多边形确认 · detections=3
[INFO] [1786541324.311331]: 开始进行多边形确认 · centers=1 · rejected=1 · merged=0 · elapsed_ms=17.7
[INFO] [1786541324.432607]: 开始进行多边形确认 · detections=3
[INFO] [1786541324.464008]: 开始进行多边形确认 · centers=1 · rejected=1 · merged=0 · elapsed_ms=31.4
[INFO] [1786541324.552778]: 开始进行多边形确认 · detections=3
[INFO] [1786541324.569125]: 开始进行多边形确认 · centers=1 · rejected=1 · merged=0 · elapsed_ms=16.4
[INFO] [1786541324.686877]: 开始进行多边形确认 · detections=3
[INFO] [1786541324.703383]: 开始进行多边形确认 · centers=1 · rejected=1 · merged=0 · elapsed_ms=16.5
[INFO] [1786541324.799240]: 开始进行多边形确认 · detections=3
[INFO] [1786541324.815299]: 开始进行多边形确认 · centers=1 · rejected=1 · merged=0 · elapsed_ms=16.1
[INFO] [1786541324.924430]: 开始进行多边形确认 · detections=3
[INFO] [1786541324.938707]: 开始进行多边形确认 · centers=1 · rejected=1 · merged=0 · elapsed_ms=14.3
[INFO] [1786541325.050191]: 开始进行多边形确认 · detections=2
[INFO] [1786541325.066251]: 开始进行多边形确认 · centers=1 · rejected=1 · merged=0 · elapsed_ms=16.1
[INFO] [1786541325.171542]: 开始进行多边形确认 · detections=3
[INFO] [1786541325.189405]: 开始进行多边形确认 · centers=1 · rejected=1 · merged=0 · elapsed_ms=17.9
[INFO] [1786541325.295642]: 开始进行多边形确认 · detections=3
[INFO] [1786541325.312737]: 开始进行多边形确认 · centers=1 · rejected=1 · merged=0 · elapsed_ms=17.1
[INFO] [1786541325.425684]: 开始进行多边形确认 · detections=4
[INFO] [1786541325.439899]: 开始进行多边形确认 · centers=1 · rejected=2 · merged=0 · elapsed_ms=14.2
[INFO] [1786541325.589959]: 开始进行多边形确认 · detections=4
[INFO] [1786541325.620551]: 开始进行多边形确认 · centers=1 · rejected=2 · merged=0 · elapsed_ms=30.7
[INFO] [1786541325.694974]: 开始进行多边形确认 · detections=3
[INFO] [1786541325.725962]: 开始进行多边形确认 · centers=1 · rejected=1 · merged=0 · elapsed_ms=31.0
[INFO] [1786541325.818624]: 开始进行多边形确认 · detections=2
[INFO] [1786541325.850916]: 开始进行多边形确认 · centers=1 · rejected=1 · merged=0 · elapsed_ms=32.3
[INFO] [1786541325.945031]: 开始进行多边形确认 · detections=3
[INFO] [1786541325.987887]: 开始进行多边形确认 · centers=1 · rejected=2 · merged=0 · elapsed_ms=42.9
[INFO] [1786541326.069632]: 开始进行多边形确认 · detections=3
[INFO] [1786541326.101208]: CITRUS_CENTER ok pixel=(280,341) depth=0.361 m radius=26.3 mm arc=288 deg error=1.08 px fragments=1
[INFO] [1786541326.102463]: 开始进行多边形确认 · centers=1 · rejected=1 · merged=0 · elapsed_ms=32.9
[INFO] [1786541326.194786]: 开始进行多边形确认 · detections=3
[INFO] [1786541326.211235]: 开始进行多边形确认 · centers=1 · rejected=1 · merged=0 · elapsed_ms=16.5
[INFO] [1786541326.306028]: 开始进行多边形确认 · detections=3
[INFO] [1786541326.322962]: 开始进行多边形确认 · centers=1 · rejected=1 · merged=0 · elapsed_ms=17.0
[INFO] [1786541326.438064]: 开始进行多边形确认 · detections=3
[INFO] [1786541326.457182]: 开始进行多边形确认 · centers=1 · rejected=1 · merged=0 · elapsed_ms=19.1
[INFO] [1786541326.603152]: 开始进行多边形确认 · detections=3
[INFO] [1786541326.625214]: 开始进行多边形确认 · centers=2 · rejected=0 · merged=0 · elapsed_ms=22.1
[INFO] [1786541326.684061]: 开始进行多边形确认 · detections=5
[INFO] [1786541326.706879]: 开始进行多边形确认 · centers=1 · rejected=2 · merged=0 · elapsed_ms=22.9
[INFO] [1786541326.811316]: 开始进行多边形确认 · detections=5
[INFO] [1786541326.863900]: 开始进行多边形确认 · centers=2 · rejected=0 · merged=0 · elapsed_ms=52.6
[INFO] [1786541326.951953]: 开始进行多边形确认 · detections=4
[INFO] [1786541326.990746]: 开始进行多边形确认 · centers=1 · rejected=1 · merged=0 · elapsed_ms=38.9
[INFO] [1786541327.058171]: 开始进行多边形确认 · detections=4
[INFO] [1786541327.088219]: 开始进行多边形确认 · centers=3 · rejected=0 · merged=0 · elapsed_ms=30.1
[INFO] [1786541327.185393]: 开始进行多边形确认 · detections=4
[INFO] [1786541327.207645]: 开始进行多边形确认 · centers=1 · rejected=1 · merged=0 · elapsed_ms=22.4
[INFO] [1786541327.308130]: 开始进行多边形确认 · detections=3
[INFO] [1786541327.330021]: 开始进行多边形确认 · centers=1 · rejected=1 · merged=0 · elapsed_ms=21.9
[INFO] [1786541327.445299]: 开始进行多边形确认 · detections=3
[INFO] [1786541327.467526]: 开始进行多边形确认 · centers=1 · rejected=1 · merged=0 · elapsed_ms=22.3
[INFO] [1786541327.564107]: 开始进行多边形确认 · detections=4
[INFO] [1786541327.610828]: 开始进行多边形确认 · centers=2 · rejected=1 · merged=0 · elapsed_ms=46.8
[INFO] [1786541327.695377]: 开始进行多边形确认 · detections=5
[INFO] [1786541327.721933]: 开始进行多边形确认 · centers=2 · rejected=1 · merged=0 · elapsed_ms=26.6
[INFO] [1786541327.830518]: 开始进行多边形确认 · detections=5
[INFO] [1786541327.875773]: 开始进行多边形确认 · centers=1 · rejected=2 · merged=0 · elapsed_ms=45.3
[INFO] [1786541327.960222]: 开始进行多边形确认 · detections=4
[INFO] [1786541328.006889]: 开始进行多边形确认 · centers=2 · rejected=1 · merged=0 · elapsed_ms=46.7
[INFO] [1786541328.096765]: 开始进行多边形确认 · detections=4
[INFO] [1786541328.141507]: CITRUS_CENTER ok pixel=(279,340) depth=0.360 m radius=25.7 mm arc=287 deg error=1.15 px fragments=1
[INFO] [1786541328.142639]: 开始进行多边形确认 · centers=1 · rejected=2 · merged=0 · elapsed_ms=46.0
[INFO] [1786541328.207544]: 开始进行多边形确认 · detections=3
[INFO] [1786541328.233912]: 开始进行多边形确认 · centers=1 · rejected=1 · merged=0 · elapsed_ms=26.4
[INFO] [1786541328.330273]: 开始进行多边形确认 · detections=2
[INFO] [1786541328.356434]: 开始进行多边形确认 · centers=1 · rejected=0 · merged=0 · elapsed_ms=26.2
[INFO] [1786541328.445588]: 开始进行多边形确认 · detections=4
[INFO] [1786541328.486655]: 开始进行多边形确认 · centers=1 · rejected=2 · merged=0 · elapsed_ms=41.1
[INFO] [1786541328.578040]: 开始进行多边形确认 · detections=3
[INFO] [1786541328.616627]: 开始进行多边形确认 · centers=1 · rejected=1 · merged=0 · elapsed_ms=38.6
[INFO] [1786541328.741927]: 开始进行多边形确认 · detections=3
[INFO] [1786541328.778900]: 开始进行多边形确认 · centers=1 · rejected=1 · merged=0 · elapsed_ms=37.0
[INFO] [1786541328.840708]: 开始进行多边形确认 · detections=2
[INFO] [1786541328.870959]: 开始进行多边形确认 · centers=1 · rejected=0 · merged=0 · elapsed_ms=30.3
[INFO] [1786541328.970438]: 开始进行多边形确认 · detections=2
[INFO] [1786541329.001353]: 开始进行多边形确认 · centers=1 · rejected=0 · merged=0 · elapsed_ms=31.0
[INFO] [1786541329.094094]: 开始进行多边形确认 · detections=3
[INFO] [1786541329.130433]: 开始进行多边形确认 · centers=1 · rejected=1 · merged=0 · elapsed_ms=36.4
[INFO] [1786541329.218625]: 开始进行多边形确认 · detections=3
[INFO] [1786541329.253572]: 开始进行多边形确认 · centers=1 · rejected=1 · merged=0 · elapsed_ms=35.0
[INFO] [1786541329.346324]: 开始进行多边形确认 · detections=3
[INFO] [1786541329.371206]: 开始进行多边形确认 · centers=1 · rejected=1 · merged=0 · elapsed_ms=24.9
[INFO] [1786541329.447054]: 开始进行多边形确认 · detections=3
[INFO] [1786541329.465380]: 开始进行多边形确认 · centers=1 · rejected=1 · merged=0 · elapsed_ms=18.4
[INFO] [1786541329.584749]: 开始进行多边形确认 · detections=3
[INFO] [1786541329.601816]: 开始进行多边形确认 · centers=1 · rejected=1 · merged=0 · elapsed_ms=17.1
[INFO] [1786541329.720122]: 开始进行多边形确认 · detections=3
[INFO] [1786541329.750711]: 开始进行多边形确认 · centers=1 · rejected=1 · merged=0 · elapsed_ms=30.6
[INFO] [1786541329.832333]: 开始进行多边形确认 · detections=3
[INFO] [1786541329.851500]: 开始进行多边形确认 · centers=1 · rejected=1 · merged=0 · elapsed_ms=19.2
[INFO] [1786541329.951837]: 开始进行多边形确认 · detections=2
[INFO] [1786541329.964555]: 开始进行多边形确认 · centers=1 · rejected=0 · merged=0 · elapsed_ms=12.8
[INFO] [1786541329.966011]: RGB-D vision status: model_ready:onnxruntime targets:1 centers:1 tf:1 rejected:0 merged:0 semantic_masks:2
[INFO] [1786541330.080491]: 开始进行多边形确认 · detections=2
[INFO] [1786541330.093044]: 开始进行多边形确认 · centers=1 · rejected=0 · merged=0 · elapsed_ms=12.6
[INFO] [1786541330.205028]: 开始进行多边形确认 · detections=3
[INFO] [1786541330.220742]: CITRUS_CENTER ok pixel=(280,339) depth=0.360 m radius=25.7 mm arc=288 deg error=1.17 px fragments=1
[INFO] [1786541330.221698]: 开始进行多边形确认 · centers=1 · rejected=1 · merged=0 · elapsed_ms=16.7
[INFO] [1786541330.337726]: 开始进行多边形确认 · detections=4
[INFO] [1786541330.360636]: 开始进行多边形确认 · centers=2 · rejected=1 · merged=0 · elapsed_ms=22.9
[INFO] [1786541330.454140]: 开始进行多边形确认 · detections=3
[INFO] [1786541330.470683]: 开始进行多边形确认 · centers=1 · rejected=1 · merged=0 · elapsed_ms=16.6
[INFO] [1786541330.578896]: 开始进行多边形确认 · detections=2
[INFO] [1786541330.593889]: 开始进行多边形确认 · centers=1 · rejected=0 · merged=0 · elapsed_ms=15.0
[INFO] [1786541330.705177]: 开始进行多边形确认 · detections=2
[INFO] [1786541330.719577]: 开始进行多边形确认 · centers=1 · rejected=0 · merged=0 · elapsed_ms=14.4
[INFO] [1786541330.845657]: 开始进行多边形确认 · detections=2
[INFO] [1786541330.870472]: 开始进行多边形确认 · centers=1 · rejected=0 · merged=0 · elapsed_ms=24.8
[INFO] [1786541330.959894]: 开始进行多边形确认 · detections=3
[INFO] [1786541330.999887]: 开始进行多边形确认 · centers=1 · rejected=1 · merged=0 · elapsed_ms=40.0
[INFO] [1786541331.087745]: 开始进行多边形确认 · detections=2
[INFO] [1786541331.101470]: 开始进行多边形确认 · centers=1 · rejected=0 · merged=0 · elapsed_ms=13.8
[INFO] [1786541331.211516]: 开始进行多边形确认 · detections=3
[INFO] [1786541331.230098]: 开始进行多边形确认 · centers=1 · rejected=1 · merged=0 · elapsed_ms=18.6
[INFO] [1786541331.338965]: 开始进行多边形确认 · detections=3
[INFO] [1786541331.357334]: 开始进行多边形确认 · centers=1 · rejected=1 · merged=0 · elapsed_ms=18.4
[INFO] [1786541331.458613]: 开始进行多边形确认 · detections=3
[INFO] [1786541331.476778]: 开始进行多边形确认 · centers=1 · rejected=1 · merged=0 · elapsed_ms=18.2
[INFO] [1786541331.586476]: 开始进行多边形确认 · detections=4
[INFO] [1786541331.608776]: 开始进行多边形确认 · centers=1 · rejected=2 · merged=0 · elapsed_ms=22.3
[INFO] [1786541331.722246]: 开始进行多边形确认 · detections=3
[INFO] [1786541331.738015]: 开始进行多边形确认 · centers=1 · rejected=1 · merged=0 · elapsed_ms=15.9
[INFO] [1786541331.874495]: 开始进行多边形确认 · detections=4
[INFO] [1786541331.950970]: 开始进行多边形确认 · centers=1 · rejected=2 · merged=0 · elapsed_ms=76.5
[INFO] [1786541332.033772]: 开始进行多边形确认 · detections=3
[INFO] [1786541332.078434]: 开始进行多边形确认 · centers=1 · rejected=1 · merged=0 · elapsed_ms=44.7
[INFO] [1786541332.130807]: 开始进行多边形确认 · detections=3
[INFO] [1786541332.153202]: 开始进行多边形确认 · centers=2 · rejected=0 · merged=0 · elapsed_ms=22.4
[INFO] [1786541332.255925]: 开始进行多边形确认 · detections=2
[INFO] [1786541332.272705]: CITRUS_CENTER ok pixel=(280,341) depth=0.360 m radius=26.0 mm arc=287 deg error=1.08 px fragments=1
[INFO] [1786541332.273836]: 开始进行多边形确认 · centers=1 · rejected=0 · merged=0 · elapsed_ms=18.0
[INFO] [1786541332.380214]: 开始进行多边形确认 · detections=3
[INFO] [1786541332.405117]: 开始进行多边形确认 · centers=2 · rejected=0 · merged=0 · elapsed_ms=24.9
[INFO] [1786541332.507717]: 开始进行多边形确认 · detections=3
[INFO] [1786541332.527713]: 开始进行多边形确认 · centers=1 · rejected=1 · merged=0 · elapsed_ms=20.0
[INFO] [1786541332.630075]: 开始进行多边形确认 · detections=3
[INFO] [1786541332.655452]: 开始进行多边形确认 · centers=1 · rejected=1 · merged=0 · elapsed_ms=25.4
[INFO] [1786541332.769694]: 开始进行多边形确认 · detections=4
[INFO] [1786541332.813823]: 开始进行多边形确认 · centers=1 · rejected=2 · merged=0 · elapsed_ms=44.2
[INFO] [1786541332.889310]: 开始进行多边形确认 · detections=4
[INFO] [1786541332.916438]: 开始进行多边形确认 · centers=2 · rejected=1 · merged=0 · elapsed_ms=27.2
[INFO] [1786541333.040006]: 开始进行多边形确认 · detections=3
[INFO] [1786541333.061958]: 开始进行多边形确认 · centers=1 · rejected=1 · merged=0 · elapsed_ms=22.0
[INFO] [1786541333.125452]: 开始进行多边形确认 · detections=2
[INFO] [1786541333.139697]: 开始进行多边形确认 · centers=1 · rejected=0 · merged=0 · elapsed_ms=14.2
[INFO] [1786541333.266502]: 开始进行多边形确认 · detections=4
[INFO] [1786541333.315372]: 开始进行多边形确认 · centers=1 · rejected=2 · merged=0 · elapsed_ms=48.9
[INFO] [1786541333.394013]: 开始进行多边形确认 · detections=4
[INFO] [1786541333.434261]: 开始进行多边形确认 · centers=1 · rejected=2 · merged=0 · elapsed_ms=40.3
[INFO] [1786541333.501678]: 开始进行多边形确认 · detections=5
[INFO] [1786541333.532622]: 开始进行多边形确认 · centers=1 · rejected=3 · merged=0 · elapsed_ms=31.0
[INFO] [1786541333.627383]: 开始进行多边形确认 · detections=4
[INFO] [1786541333.654431]: 开始进行多边形确认 · centers=1 · rejected=2 · merged=0 · elapsed_ms=27.0
[INFO] [1786541333.764009]: 开始进行多边形确认 · detections=5
[INFO] [1786541333.824416]: 开始进行多边形确认 · centers=1 · rejected=3 · merged=0 · elapsed_ms=60.5
[INFO] [1786541333.893108]: 开始进行多边形确认 · detections=2
[INFO] [1786541333.919603]: 开始进行多边形确认 · centers=1 · rejected=0 · merged=0 · elapsed_ms=26.6
[INFO] [1786541334.003341]: 开始进行多边形确认 · detections=4
[INFO] [1786541334.035802]: 开始进行多边形确认 · centers=1 · rejected=2 · merged=0 · elapsed_ms=32.5
[INFO] [1786541334.158633]: 开始进行多边形确认 · detections=5
[INFO] [1786541334.214749]: 开始进行多边形确认 · centers=1 · rejected=3 · merged=0 · elapsed_ms=56.2
[INFO] [1786541334.283788]: 开始进行多边形确认 · detections=4
[INFO] [1786541334.319839]: CITRUS_CENTER ok pixel=(280,340) depth=0.361 m radius=26.3 mm arc=289 deg error=1.04 px fragments=1
[INFO] [1786541334.321720]: 开始进行多边形确认 · centers=1 · rejected=2 · merged=0 · elapsed_ms=38.0
[INFO] [1786541334.393470]: 开始进行多边形确认 · detections=4
[INFO] [1786541334.435318]: 开始进行多边形确认 · centers=1 · rejected=2 · merged=0 · elapsed_ms=41.9
[INFO] [1786541334.518592]: 开始进行多边形确认 · detections=4
[INFO] [1786541334.556075]: 开始进行多边形确认 · centers=1 · rejected=2 · merged=0 · elapsed_ms=37.5
[INFO] [1786541334.640565]: 开始进行多边形确认 · detections=5
[INFO] [1786541334.706733]: 开始进行多边形确认 · centers=1 · rejected=3 · merged=0 · elapsed_ms=66.2
[INFO] [1786541334.781603]: 开始进行多边形确认 · detections=3
[INFO] [1786541334.815329]: 开始进行多边形确认 · centers=1 · rejected=1 · merged=0 · elapsed_ms=33.8
[INFO] [1786541334.907279]: 开始进行多边形确认 · detections=2
[INFO] [1786541334.937345]: 开始进行多边形确认 · centers=1 · rejected=0 · merged=0 · elapsed_ms=30.1
[INFO] [1786541335.029763]: 开始进行多边形确认 · detections=2
[INFO] [1786541335.061315]: 开始进行多边形确认 · centers=1 · rejected=0 · merged=0 · elapsed_ms=31.6
[INFO] [1786541335.178411]: 开始进行多边形确认 · detections=2
[INFO] [1786541335.210587]: 开始进行多边形确认 · centers=1 · rejected=0 · merged=0 · elapsed_ms=32.2
[INFO] [1786541335.278386]: 开始进行多边形确认 · detections=2
[INFO] [1786541335.304952]: 开始进行多边形确认 · centers=1 · rejected=0 · merged=0 · elapsed_ms=26.6
[INFO] [1786541335.403988]: 开始进行多边形确认 · detections=2
[INFO] [1786541335.433940]: 开始进行多边形确认 · centers=1 · rejected=0 · merged=0 · elapsed_ms=30.0
[INFO] [1786541335.526944]: 开始进行多边形确认 · detections=3
[INFO] [1786541335.560120]: 开始进行多边形确认 · centers=1 · rejected=1 · merged=0 · elapsed_ms=33.2
[INFO] [1786541335.561384]: RGB-D vision status: model_ready:onnxruntime targets:2 centers:1 tf:1 rejected:1 merged:0 semantic_masks:3
[INFO] [1786541335.657537]: 开始进行多边形确认 · detections=4
[INFO] [1786541335.684258]: 开始进行多边形确认 · centers=1 · rejected=2 · merged=0 · elapsed_ms=26.8
[INFO] [1786541335.764263]: 开始进行多边形确认 · detections=4
[INFO] [1786541335.789898]: 开始进行多边形确认 · centers=1 · rejected=2 · merged=0 · elapsed_ms=25.7
[INFO] [1786541335.891386]: 开始进行多边形确认 · detections=4
[INFO] [1786541335.924576]: 开始进行多边形确认 · centers=1 · rejected=1 · merged=1 · elapsed_ms=33.2
[INFO] [1786541336.009120]: 开始进行多边形确认 · detections=4
[INFO] [1786541336.046570]: 开始进行多边形确认 · centers=1 · rejected=1 · merged=1 · elapsed_ms=37.5
[INFO] [1786541336.203614]: 开始进行多边形确认 · detections=4
[INFO] [1786541336.289730]: 开始进行多边形确认 · centers=1 · rejected=1 · merged=1 · elapsed_ms=86.2
[INFO] [1786541336.362929]: 开始进行多边形确认 · detections=5
[INFO] [1786541336.408725]: CITRUS_CENTER ok pixel=(298,10) depth=0.577 m radius=31.9 mm arc=216 deg error=0.75 px fragments=1
[INFO] [1786541336.409951]: 开始进行多边形确认 · centers=2 · rejected=1 · merged=0 · elapsed_ms=47.1
[INFO] [1786541336.489277]: 开始进行多边形确认 · detections=5
[INFO] [1786541336.529601]: 开始进行多边形确认 · centers=2 · rejected=1 · merged=0 · elapsed_ms=40.4
[INFO] [1786541336.605042]: 开始进行多边形确认 · detections=4
[INFO] [1786541336.639346]: 开始进行多边形确认 · centers=1 · rejected=1 · merged=0 · elapsed_ms=34.3
[INFO] [1786541336.744254]: 开始进行多边形确认 · detections=4
[INFO] [1786541336.780766]: 开始进行多边形确认 · centers=1 · rejected=1 · merged=0 · elapsed_ms=36.6
[INFO] [1786541336.866014]: 开始进行多边形确认 · detections=3
[INFO] [1786541336.879470]: 开始进行多边形确认 · centers=1 · rejected=0 · merged=0 · elapsed_ms=13.5
[INFO] [1786541336.994275]: 开始进行多边形确认 · detections=2
[INFO] [1786541337.019001]: 开始进行多边形确认 · centers=1 · rejected=0 · merged=0 · elapsed_ms=24.8
[INFO] [1786541337.117519]: 开始进行多边形确认 · detections=3
[INFO] [1786541337.157945]: 开始进行多边形确认 · centers=2 · rejected=0 · merged=0 · elapsed_ms=40.5
[INFO] [1786541337.290260]: 开始进行多边形确认 · detections=3
[INFO] [1786541337.319263]: 开始进行多边形确认 · centers=1 · rejected=0 · merged=0 · elapsed_ms=29.0
[INFO] [1786541337.385573]: 开始进行多边形确认 · detections=3
[INFO] [1786541337.412634]: 开始进行多边形确认 · centers=1 · rejected=0 · merged=0 · elapsed_ms=27.1
[INFO] [1786541337.509156]: 开始进行多边形确认 · detections=2
[INFO] [1786541337.536918]: 开始进行多边形确认 · centers=1 · rejected=0 · merged=0 · elapsed_ms=27.8
[INFO] [1786541337.631750]: 开始进行多边形确认 · detections=2
[INFO] [1786541337.659811]: 开始进行多边形确认 · centers=1 · rejected=0 · merged=0 · elapsed_ms=28.1
[INFO] [1786541337.760334]: 开始进行多边形确认 · detections=3
[INFO] [1786541337.793579]: 开始进行多边形确认 · centers=1 · rejected=1 · merged=0 · elapsed_ms=33.3
[INFO] [1786541337.894198]: 开始进行多边形确认 · detections=1
[INFO] [1786541337.923917]: 开始进行多边形确认 · centers=1 · rejected=0 · merged=0 · elapsed_ms=29.7
[INFO] [1786541338.012361]: 开始进行多边形确认 · detections=2
[INFO] [1786541338.042061]: 开始进行多边形确认 · centers=1 · rejected=1 · merged=0 · elapsed_ms=29.7
[INFO] [1786541338.131857]: 开始进行多边形确认 · detections=2
[INFO] [1786541338.146955]: 开始进行多边形确认 · centers=1 · rejected=1 · merged=0 · elapsed_ms=15.1
[INFO] [1786541338.239991]: 开始进行多边形确认 · detections=5
[INFO] [1786541338.255867]: 开始进行多边形确认 · centers=1 · rejected=0 · merged=0 · elapsed_ms=15.9
[INFO] [1786541338.413029]: 开始进行多边形确认 · detections=1
[INFO] [1786541338.442372]: CITRUS_CENTER ok pixel=(279,336) depth=0.359 m radius=25.6 mm arc=279 deg error=1.09 px fragments=1
[INFO] [1786541338.443364]: 开始进行多边形确认 · centers=1 · rejected=0 · merged=0 · elapsed_ms=30.4
[INFO] [1786541338.508300]: 开始进行多边形确认 · detections=3
[INFO] [1786541338.558330]: 开始进行多边形确认 · centers=2 · rejected=1 · merged=0 · elapsed_ms=50.0
[INFO] [1786541338.629605]: 开始进行多边形确认 · detections=2
[INFO] [1786541338.669849]: 开始进行多边形确认 · centers=1 · rejected=1 · merged=0 · elapsed_ms=40.3
[INFO] [1786541338.756728]: 开始进行多边形确认 · detections=4
[INFO] [1786541338.808991]: 开始进行多边形确认 · centers=1 · rejected=3 · merged=0 · elapsed_ms=52.3
[INFO] [1786541338.886788]: 开始进行多边形确认 · detections=3
[INFO] [1786541338.916748]: 开始进行多边形确认 · centers=1 · rejected=1 · merged=0 · elapsed_ms=30.0
[INFO] [1786541339.003129]: 开始进行多边形确认 · detections=3
[INFO] [1786541339.015252]: 开始进行多边形确认 · centers=1 · rejected=0 · merged=0 · elapsed_ms=12.2
[INFO] [1786541339.116473]: 开始进行多边形确认 · detections=3
[INFO] [1786541339.131709]: 开始进行多边形确认 · centers=1 · rejected=0 · merged=0 · elapsed_ms=15.3
[INFO] [1786541339.240746]: 开始进行多边形确认 · detections=3
[INFO] [1786541339.256194]: 开始进行多边形确认 · centers=1 · rejected=0 · merged=0 · elapsed_ms=15.5
[INFO] [1786541339.398431]: 开始进行多边形确认 · detections=2
[INFO] [1786541339.436640]: 开始进行多边形确认 · centers=1 · rejected=0 · merged=0 · elapsed_ms=38.2
[INFO] [1786541339.530254]: 开始进行多边形确认 · detections=3
[INFO] [1786541339.556733]: 开始进行多边形确认 · centers=1 · rejected=0 · merged=0 · elapsed_ms=26.5
[INFO] [1786541339.649815]: 开始进行多边形确认 · detections=1
[INFO] [1786541339.676724]: 开始进行多边形确认 · centers=1 · rejected=0 · merged=0 · elapsed_ms=27.0
[INFO] [1786541339.754338]: 开始进行多边形确认 · detections=3
[INFO] [1786541339.766932]: 开始进行多边形确认 · centers=1 · rejected=0 · merged=0 · elapsed_ms=12.6
[INFO] [1786541339.879569]: 开始进行多边形确认 · detections=3
[INFO] [1786541339.892291]: 开始进行多边形确认 · centers=1 · rejected=0 · merged=0 · elapsed_ms=12.8
[INFO] [1786541340.005843]: 开始进行多边形确认 · detections=3
[INFO] [1786541340.019080]: 开始进行多边形确认 · centers=1 · rejected=0 · merged=0 · elapsed_ms=13.3
[INFO] [1786541340.128105]: 开始进行多边形确认 · detections=4
[INFO] [1786541340.140562]: 开始进行多边形确认 · centers=1 · rejected=0 · merged=0 · elapsed_ms=12.5
[INFO] [1786541340.249910]: 开始进行多边形确认 · detections=2
[INFO] [1786541340.278351]: 开始进行多边形确认 · centers=1 · rejected=0 · merged=0 · elapsed_ms=28.5
[INFO] [1786541340.395214]: 开始进行多边形确认 · detections=2
[INFO] [1786541340.427880]: 开始进行多边形确认 · centers=1 · rejected=0 · merged=0 · elapsed_ms=32.7
[INFO] [1786541340.507891]: 开始进行多边形确认 · detections=2
[INFO] [1786541340.537791]: CITRUS_CENTER ok pixel=(280,342) depth=0.361 m radius=26.5 mm arc=292 deg error=1.02 px fragments=1
[INFO] [1786541340.539443]: 开始进行多边形确认 · centers=1 · rejected=0 · merged=0 · elapsed_ms=31.6
[INFO] [1786541340.629407]: 开始进行多边形确认 · detections=3
[INFO] [1786541340.656353]: 开始进行多边形确认 · centers=1 · rejected=0 · merged=0 · elapsed_ms=27.0
[INFO] [1786541340.658667]: RGB-D vision status: model_ready:onnxruntime targets:1 centers:1 tf:1 rejected:0 merged:0 semantic_masks:3
[INFO] [1786541340.756378]: 开始进行多边形确认 · detections=3
[INFO] [1786541340.784013]: 开始进行多边形确认 · centers=1 · rejected=0 · merged=0 · elapsed_ms=27.7
[INFO] [1786541340.884790]: 开始进行多边形确认 · detections=2
[INFO] [1786541340.910920]: 开始进行多边形确认 · centers=1 · rejected=0 · merged=0 · elapsed_ms=26.2
[INFO] [1786541341.005128]: 开始进行多边形确认 · detections=2
[INFO] [1786541341.030802]: 开始进行多边形确认 · centers=1 · rejected=0 · merged=0 · elapsed_ms=25.7
[INFO] [1786541341.134950]: 开始进行多边形确认 · detections=2
[INFO] [1786541341.180807]: 开始进行多边形确认 · centers=1 · rejected=0 · merged=0 · elapsed_ms=45.9
[INFO] [1786541341.254384]: 开始进行多边形确认 · detections=2
[INFO] [1786541341.282320]: 开始进行多边形确认 · centers=1 · rejected=0 · merged=0 · elapsed_ms=28.0
[INFO] [1786541341.380039]: 开始进行多边形确认 · detections=3
[INFO] [1786541341.407827]: 开始进行多边形确认 · centers=1 · rejected=0 · merged=0 · elapsed_ms=27.8
[INFO] [1786541341.522510]: 开始进行多边形确认 · detections=2
[INFO] [1786541341.560613]: 开始进行多边形确认 · centers=1 · rejected=0 · merged=0 · elapsed_ms=38.1
[INFO] [1786541341.622541]: 开始进行多边形确认 · detections=2
[INFO] [1786541341.636045]: 开始进行多边形确认 · centers=1 · rejected=0 · merged=0 · elapsed_ms=13.6
[INFO] [1786541341.743549]: 开始进行多边形确认 · detections=2
[INFO] [1786541341.756672]: 开始进行多边形确认 · centers=1 · rejected=0 · merged=0 · elapsed_ms=13.2
[INFO] [1786541341.877088]: 开始进行多边形确认 · detections=3
[INFO] [1786541341.891642]: 开始进行多边形确认 · centers=1 · rejected=0 · merged=0 · elapsed_ms=14.6
[INFO] [1786541341.997004]: 开始进行多边形确认 · detections=3
[INFO] [1786541342.011014]: 开始进行多边形确认 · centers=1 · rejected=0 · merged=0 · elapsed_ms=14.1
[INFO] [1786541342.115756]: 开始进行多边形确认 · detections=1
[INFO] [1786541342.130553]: 开始进行多边形确认 · centers=1 · rejected=0 · merged=0 · elapsed_ms=14.8
[INFO] [1786541342.242766]: 开始进行多边形确认 · detections=2
[INFO] [1786541342.255762]: 开始进行多边形确认 · centers=1 · rejected=0 · merged=0 · elapsed_ms=13.0
[INFO] [1786541342.369451]: 开始进行多边形确认 · detections=2
[INFO] [1786541342.382587]: 开始进行多边形确认 · centers=1 · rejected=0 · merged=0 · elapsed_ms=13.2
[INFO] [1786541342.494013]: 开始进行多边形确认 · detections=2
[INFO] [1786541342.506653]: 开始进行多边形确认 · centers=1 · rejected=0 · merged=0 · elapsed_ms=12.7
[INFO] [1786541342.637396]: 开始进行多边形确认 · detections=2
[INFO] [1786541342.678680]: CITRUS_CENTER ok pixel=(281,342) depth=0.361 m radius=26.6 mm arc=292 deg error=1.22 px fragments=1
[INFO] [1786541342.679759]: 开始进行多边形确认 · centers=1 · rejected=0 · merged=0 · elapsed_ms=42.4
[INFO] [1786541342.750749]: 开始进行多边形确认 · detections=3
[INFO] [1786541342.764513]: 开始进行多边形确认 · centers=1 · rejected=0 · merged=0 · elapsed_ms=13.8
[INFO] [1786541342.873282]: 开始进行多边形确认 · detections=4
[INFO] [1786541342.887185]: 开始进行多边形确认 · centers=1 · rejected=0 · merged=0 · elapsed_ms=14.0
[INFO] [1786541342.998230]: 开始进行多边形确认 · detections=4
[INFO] [1786541343.011833]: 开始进行多边形确认 · centers=1 · rejected=0 · merged=0 · elapsed_ms=13.6
[INFO] [1786541343.133188]: 开始进行多边形确认 · detections=4
[INFO] [1786541343.152801]: 开始进行多边形确认 · centers=1 · rejected=0 · merged=0 · elapsed_ms=19.6
[INFO] [1786541343.269850]: 开始进行多边形确认 · detections=3
[INFO] [1786541343.282904]: 开始进行多边形确认 · centers=1 · rejected=0 · merged=0 · elapsed_ms=13.1
[INFO] [1786541343.389423]: 开始进行多边形确认 · detections=3
[INFO] [1786541343.403709]: 开始进行多边形确认 · centers=1 · rejected=0 · merged=0 · elapsed_ms=14.3
[INFO] [1786541343.516142]: 开始进行多边形确认 · detections=3
[INFO] [1786541343.529949]: 开始进行多边形确认 · centers=1 · rejected=0 · merged=0 · elapsed_ms=13.8
[INFO] [1786541343.659826]: 开始进行多边形确认 · detections=3
[INFO] [1786541343.700160]: 开始进行多边形确认 · centers=1 · rejected=0 · merged=0 · elapsed_ms=40.4
[INFO] [1786541343.785754]: 开始进行多边形确认 · detections=4
[INFO] [1786541343.815032]: 开始进行多边形确认 · centers=1 · rejected=0 · merged=0 · elapsed_ms=29.3
[INFO] [1786541343.897494]: 开始进行多边形确认 · detections=4
[INFO] [1786541343.924896]: 开始进行多边形确认 · centers=1 · rejected=0 · merged=0 · elapsed_ms=27.4
[INFO] [1786541344.008311]: 开始进行多边形确认 · detections=3
[INFO] [1786541344.021386]: 开始进行多边形确认 · centers=1 · rejected=0 · merged=0 · elapsed_ms=13.1
[INFO] [1786541344.130091]: 开始进行多边形确认 · detections=3
[INFO] [1786541344.143234]: 开始进行多边形确认 · centers=1 · rejected=0 · merged=0 · elapsed_ms=13.2
[INFO] [1786541344.263558]: 开始进行多边形确认 · detections=3
[INFO] [1786541344.275886]: 开始进行多边形确认 · centers=1 · rejected=0 · merged=0 · elapsed_ms=12.4
[INFO] [1786541344.380932]: 开始进行多边形确认 · detections=5
[INFO] [1786541344.395981]: 开始进行多边形确认 · centers=1 · rejected=0 · merged=0 · elapsed_ms=15.1
[INFO] [1786541344.525111]: 开始进行多边形确认 · detections=4
[INFO] [1786541344.540252]: 开始进行多边形确认 · centers=1 · rejected=0 · merged=0 · elapsed_ms=15.2
[INFO] [1786541344.643046]: 开始进行多边形确认 · detections=3
[INFO] [1786541344.659761]: 开始进行多边形确认 · centers=1 · rejected=0 · merged=0 · elapsed_ms=16.7
[INFO] [1786541344.777027]: 开始进行多边形确认 · detections=4
[INFO] [1786541344.797505]: CITRUS_CENTER ok pixel=(281,351) depth=0.362 m radius=30.6 mm arc=265 deg error=0.93 px fragments=1
[INFO] [1786541344.798657]: 开始进行多边形确认 · centers=1 · rejected=0 · merged=0 · elapsed_ms=21.6
[INFO] [1786541344.901675]: 开始进行多边形确认 · detections=4
[INFO] [1786541344.932841]: 开始进行多边形确认 · centers=1 · rejected=0 · merged=0 · elapsed_ms=31.2
[INFO] [1786541345.017890]: 开始进行多边形确认 · detections=5
[INFO] [1786541345.043390]: 开始进行多边形确认 · centers=1 · rejected=0 · merged=0 · elapsed_ms=25.5
[INFO] [1786541345.145755]: 开始进行多边形确认 · detections=5
[INFO] [1786541345.172013]: 开始进行多边形确认 · centers=1 · rejected=0 · merged=0 · elapsed_ms=26.3
[INFO] [1786541345.283789]: 开始进行多边形确认 · detections=5
[INFO] [1786541345.311461]: 开始进行多边形确认 · centers=1 · rejected=0 · merged=0 · elapsed_ms=27.7
[INFO] [1786541345.396401]: 开始进行多边形确认 · detections=5
[INFO] [1786541345.424337]: 开始进行多边形确认 · centers=1 · rejected=0 · merged=0 · elapsed_ms=28.0
[INFO] [1786541345.522735]: 开始进行多边形确认 · detections=4
[INFO] [1786541345.553158]: 开始进行多边形确认 · centers=1 · rejected=0 · merged=0 · elapsed_ms=30.5
[INFO] [1786541345.642966]: 开始进行多边形确认 · detections=5
[INFO] [1786541345.671638]: 开始进行多边形确认 · centers=1 · rejected=0 · merged=0 · elapsed_ms=28.7
[INFO] [1786541345.672952]: RGB-D vision status: model_ready:onnxruntime targets:1 centers:1 tf:1 rejected:0 merged:0 semantic_masks:5
[INFO] [1786541345.784865]: 开始进行多边形确认 · detections=4
[INFO] [1786541345.821567]: 开始进行多边形确认 · centers=1 · rejected=0 · merged=0 · elapsed_ms=36.7
[INFO] [1786541345.897134]: 开始进行多边形确认 · detections=3
[INFO] [1786541345.909523]: 开始进行多边形确认 · centers=1 · rejected=0 · merged=0 · elapsed_ms=12.4
[INFO] [1786541346.008280]: 开始进行多边形确认 · detections=3
[INFO] [1786541346.021603]: 开始进行多边形确认 · centers=1 · rejected=0 · merged=0 · elapsed_ms=13.4
[INFO] [1786541346.134342]: 开始进行多边形确认 · detections=3
[INFO] [1786541346.147955]: 开始进行多边形确认 · centers=1 · rejected=0 · merged=0 · elapsed_ms=13.7
[INFO] [1786541346.256634]: 开始进行多边形确认 · detections=3
[INFO] [1786541346.272293]: 开始进行多边形确认 · centers=1 · rejected=0 · merged=0 · elapsed_ms=15.7
[INFO] [1786541346.385896]: 开始进行多边形确认 · detections=3
[INFO] [1786541346.402024]: 开始进行多边形确认 · centers=1 · rejected=0 · merged=0 · elapsed_ms=16.2
[INFO] [1786541346.508402]: 开始进行多边形确认 · detections=3
[INFO] [1786541346.520897]: 开始进行多边形确认 · centers=1 · rejected=0 · merged=0 · elapsed_ms=12.5
[INFO] [1786541346.631168]: 开始进行多边形确认 · detections=4
[INFO] [1786541346.643765]: 开始进行多边形确认 · centers=1 · rejected=0 · merged=0 · elapsed_ms=12.6
[INFO] [1786541346.759617]: 开始进行多边形确认 · detections=3
[INFO] [1786541346.771728]: 开始进行多边形确认 · centers=1 · rejected=0 · merged=0 · elapsed_ms=12.1
[INFO] [1786541346.919775]: 开始进行多边形确认 · detections=3
[INFO] [1786541346.952858]: CITRUS_CENTER ok pixel=(281,351) depth=0.362 m radius=30.5 mm arc=266 deg error=0.81 px fragments=1
[INFO] [1786541346.954383]: 开始进行多边形确认 · centers=1 · rejected=0 · merged=0 · elapsed_ms=34.7
[INFO] [1786541347.027357]: 开始进行多边形确认 · detections=3
[INFO] [1786541347.053946]: 开始进行多边形确认 · centers=1 · rejected=0 · merged=0 · elapsed_ms=26.6
[INFO] [1786541347.154468]: 开始进行多边形确认 · detections=3
[INFO] [1786541347.180876]: 开始进行多边形确认 · centers=1 · rejected=0 · merged=0 · elapsed_ms=26.4
[INFO] [1786541347.269277]: 开始进行多边形确认 · detections=3
[INFO] [1786541347.282720]: 开始进行多边形确认 · centers=1 · rejected=0 · merged=0 · elapsed_ms=13.5
[INFO] [1786541347.391685]: 开始进行多边形确认 · detections=3
[INFO] [1786541347.407454]: 开始进行多边形确认 · centers=1 · rejected=0 · merged=0 · elapsed_ms=15.8
[INFO] [1786541347.514753]: 开始进行多边形确认 · detections=4
[INFO] [1786541347.530493]: 开始进行多边形确认 · centers=1 · rejected=0 · merged=0 · elapsed_ms=15.8
[INFO] [1786541347.636312]: 开始进行多边形确认 · detections=3
[INFO] [1786541347.650240]: 开始进行多边形确认 · centers=1 · rejected=0 · merged=0 · elapsed_ms=14.0
[WARN] [1786541296.472876]: 开始进行多边形确认 · 多边形确认失败 · rejected=0 · elapsed_ms=1.4
[WARN] [1786541296.612122]: 开始进行多边形确认 · 多边形确认失败 · rejected=0 · elapsed_ms=1.4
[WARN] [1786541296.757177]: 开始进行多边形确认 · 多边形确认失败 · rejected=0 · elapsed_ms=1.7
[WARN] [1786541296.862315]: 开始进行多边形确认 · 多边形确认失败 · rejected=0 · elapsed_ms=1.1
[WARN] [1786541296.986505]: 开始进行多边形确认 · 多边形确认失败 · rejected=0 · elapsed_ms=1.5
[WARN] [1786541297.117733]: 开始进行多边形确认 · 多边形确认失败 · rejected=0 · elapsed_ms=1.3
[WARN] [1786541297.785960]: CITRUS_CENTER reject instances=4 reason=polygon circle inlier ratio 0.14 is below 0.30
[WARN] [1786541320.461010]: CITRUS_CENTER reject instances=1 reason=polygon circle inlier ratio 0.17 is below 0.30
[WARN] [1786541322.947569]: CITRUS_CENTER reject instances=1 reason=polygon circle inlier ratio 0.21 is below 0.30
[WARN] [1786541325.065120]: CITRUS_CENTER reject instances=1 reason=polygon circle inlier ratio 0.16 is below 0.30
[WARN] [1786541327.206722]: CITRUS_CENTER reject instances=2 reason=reconstructed citrus radius 20.0 mm is outside 22.0..33.0 mm
[WARN] [1786541329.252503]: CITRUS_CENTER reject instances=2 reason=polygon circle inlier ratio 0.22 is below 0.30
[WARN] [1786541331.356326]: CITRUS_CENTER reject instances=2 reason=reconstructed citrus radius 38.5 mm is outside 22.0..33.0 mm
[WARN] [1786541333.433110]: CITRUS_CENTER reject instances=2 reason=polygon circle inlier ratio 0.30 is below 0.30
[WARN] [1786541335.558878]: CITRUS_CENTER reject instances=1 reason=polygon circle inlier ratio 0.12 is below 0.30
[WARN] [1786541337.792275]: CITRUS_CENTER reject instances=1 reason=no physical-radius circle matches the polygon arc
[WARN] [1786541348.680871]: 开始进行多边形确认 · 多边形确认失败 · rejected=0 · elapsed_ms=1.3
[WARN] [1786541348.812887]: 开始进行多边形确认 · 多边形确认失败 · rejected=0 · elapsed_ms=1.4
[WARN] [1786541348.936989]: 开始进行多边形确认 · 多边形确认失败 · rejected=0 · elapsed_ms=1.5
[WARN] [1786541349.086588]: 开始进行多边形确认 · 多边形确认失败 · rejected=0 · elapsed_ms=1.5
[WARN] [1786541349.178187]: 开始进行多边形确认 · 多边形确认失败 · rejected=0 · elapsed_ms=1.2
[WARN] [1786541349.307548]: 开始进行多边形确认 · 多边形确认失败 · rejected=0 · elapsed_ms=1.6
[WARN] [1786541349.429636]: 开始进行多边形确认 · 多边形确认失败 · rejected=0 · elapsed_ms=1.4
[WARN] [1786541349.547565]: 开始进行多边形确认 · 多边形确认失败 · rejected=0 · elapsed_ms=1.6
[WARN] [1786541349.663311]: 开始进行多边形确认 · 多边形确认失败 · rejected=0 · elapsed_ms=1.2
[WARN] [1786541349.803366]: 开始进行多边形确认 · 多边形确认失败 · rejected=0 · elapsed_ms=1.4
[WARN] [1786541349.921682]: 开始进行多边形确认 · 多边形确认失败 · rejected=0 · elapsed_ms=1.3
[WARN] [1786541350.052797]: 开始进行多边形确认 · 多边形确认失败 · rejected=0 · elapsed_ms=1.5
[WARN] [1786541350.163261]: 开始进行多边形确认 · 多边形确认失败 · rejected=0 · elapsed_ms=1.2
[WARN] [1786541350.300979]: 开始进行多边形确认 · 多边形确认失败 · rejected=0 · elapsed_ms=1.3
[WARN] [1786541350.427174]: 开始进行多边形确认 · 多边形确认失败 · rejected=0 · elapsed_ms=1.4
[WARN] [1786541350.549373]: 开始进行多边形确认 · 多边形确认失败 · rejected=0 · elapsed_ms=1.4
[WARN] [1786541350.675718]: 开始进行多边形确认 · 多边形确认失败 · rejected=0 · elapsed_ms=1.3
[WARN] [1786541350.803680]: 开始进行多边形确认 · 多边形确认失败 · rejected=0 · elapsed_ms=1.2
[WARN] [1786541350.925881]: 开始进行多边形确认 · 多边形确认失败 · rejected=0 · elapsed_ms=1.2
[WARN] [1786541351.052360]: 开始进行多边形确认 · 多边形确认失败 · rejected=0 · elapsed_ms=1.3
[WARN] [1786541351.205256]: 开始进行多边形确认 · 多边形确认失败 · rejected=0 · elapsed_ms=2.4
[WARN] [1786541351.323474]: 开始进行多边形确认 · 多边形确认失败 · rejected=0 · elapsed_ms=1.5
[WARN] [1786541351.413301]: 开始进行多边形确认 · 多边形确认失败 · rejected=0 · elapsed_ms=1.2
[WARN] [1786541351.555124]: 开始进行多边形确认 · 多边形确认失败 · rejected=0 · elapsed_ms=1.4
[WARN] [1786541351.677592]: 开始进行多边形确认 · 多边形确认失败 · rejected=0 · elapsed_ms=1.2
[WARN] [1786541351.803490]: 开始进行多边形确认 · 多边形确认失败 · rejected=0 · elapsed_ms=1.1
[WARN] [1786541351.928019]: 开始进行多边形确认 · 多边形确认失败 · rejected=0 · elapsed_ms=1.3
[WARN] [1786541352.049660]: 开始进行多边形确认 · 多边形确认失败 · rejected=0 · elapsed_ms=1.2
[WARN] [1786541352.181552]: 开始进行多边形确认 · 多边形确认失败 · rejected=0 · elapsed_ms=1.5
[WARN] [1786541352.309098]: 开始进行多边形确认 · 多边形确认失败 · rejected=0 · elapsed_ms=1.4
[WARN] [1786541352.410546]: 开始进行多边形确认 · 多边形确认失败 · rejected=0 · elapsed_ms=1.2
[WARN] [1786541352.540460]: 开始进行多边形确认 · 多边形确认失败 · rejected=0 · elapsed_ms=1.2
[WARN] [1786541352.660713]: 开始进行多边形确认 · 多边形确认失败 · rejected=0 · elapsed_ms=1.4
[WARN] [1786541352.787582]: 开始进行多边形确认 · 多边形确认失败 · rejected=0 · elapsed_ms=1.3
[WARN] [1786541352.912455]: 开始进行多边形确认 · 多边形确认失败 · rejected=0 · elapsed_ms=1.4
[WARN] [1786541353.038735]: 开始进行多边形确认 · 多边形确认失败 · rejected=0 · elapsed_ms=1.3
[WARN] [1786541353.170889]: 开始进行多边形确认 · 多边形确认失败 · rejected=0 · elapsed_ms=1.3
[WARN] [1786541353.352891]: 开始进行多边形确认 · 多边形确认失败 · rejected=0 · elapsed_ms=1.1
[WARN] [1786541353.424906]: 开始进行多边形确认 · 多边形确认失败 · rejected=0 · elapsed_ms=0.9
[WARN] [1786541353.542351]: 开始进行多边形确认 · 多边形确认失败 · rejected=0 · elapsed_ms=1.0
[WARN] [1786541353.664291]: 开始进行多边形确认 · 多边形确认失败 · rejected=0 · elapsed_ms=1.1
[WARN] [1786541353.793121]: 开始进行多边形确认 · 多边形确认失败 · rejected=0 · elapsed_ms=1.1
[WARN] [1786541353.916784]: 开始进行多边形确认 · 多边形确认失败 · rejected=0 · elapsed_ms=1.2
[WARN] [1786541354.042464]: 开始进行多边形确认 · 多边形确认失败 · rejected=0 · elapsed_ms=1.1
[WARN] [1786541354.167565]: 开始进行多边形确认 · 多边形确认失败 · rejected=0 · elapsed_ms=1.2
[WARN] [1786541354.290511]: 开始进行多边形确认 · 多边形确认失败 · rejected=0 · elapsed_ms=1.0
[WARN] [1786541354.460470]: CITRUS_CENTER reject instances=2 reason=polygon circle inlier ratio 0.16 is below 0.30
[WARN] [1786541354.461530]: 开始进行多边形确认 · 多边形确认失败 · rejected=1 · elapsed_ms=6.8
[WARN] [1786541354.811918]: 开始进行多边形确认 · 多边形确认失败 · rejected=2 · elapsed_ms=10.7
[WARN] [1786541354.941371]: 开始进行多边形确认 · 多边形确认失败 · rejected=1 · elapsed_ms=5.6
[WARN] [1786541355.062752]: 开始进行多边形确认 · 多边形确认失败 · rejected=0 · elapsed_ms=1.1
[WARN] [1786541355.188799]: 开始进行多边形确认 · 多边形确认失败 · rejected=0 · elapsed_ms=1.1
[WARN] [1786541355.309747]: 开始进行多边形确认 · 多边形确认失败 · rejected=0 · elapsed_ms=1.0
[WARN] [1786541355.492189]: 开始进行多边形确认 · 多边形确认失败 · rejected=0 · elapsed_ms=1.1
[WARN] [1786541355.567292]: 开始进行多边形确认 · 多边形确认失败 · rejected=0 · elapsed_ms=1.4
[WARN] [1786541355.695391]: 开始进行多边形确认 · 多边形确认失败 · rejected=0 · elapsed_ms=1.1
[INFO] [1786541347.766752]: 开始进行多边形确认 · detections=4
[INFO] [1786541347.780898]: 开始进行多边形确认 · centers=1 · rejected=0 · merged=0 · elapsed_ms=14.2
[INFO] [1786541347.896353]: 开始进行多边形确认 · detections=4
[INFO] [1786541347.919742]: 开始进行多边形确认 · centers=1 · rejected=0 · merged=0 · elapsed_ms=23.4
[INFO] [1786541348.040413]: 开始进行多边形确认 · detections=3
[INFO] [1786541348.068621]: 开始进行多边形确认 · centers=1 · rejected=0 · merged=0 · elapsed_ms=28.3
[INFO] [1786541348.152291]: 开始进行多边形确认 · detections=3
[INFO] [1786541348.178006]: 开始进行多边形确认 · centers=1 · rejected=0 · merged=0 · elapsed_ms=25.8
[INFO] [1786541348.287677]: 开始进行多边形确认 · detections=3
[INFO] [1786541348.313525]: 开始进行多边形确认 · centers=1 · rejected=0 · merged=0 · elapsed_ms=25.9
[INFO] [1786541348.405189]: 开始进行多边形确认 · detections=3
[INFO] [1786541348.431588]: 开始进行多边形确认 · centers=1 · rejected=0 · merged=0 · elapsed_ms=26.4
[INFO] [1786541348.557264]: 开始进行多边形确认 · detections=3
[INFO] [1786541348.584153]: 开始进行多边形确认 · centers=1 · rejected=0 · merged=0 · elapsed_ms=26.9
[INFO] [1786541348.679682]: 开始进行多边形确认 · detections=4
[INFO] [1786541348.811575]: 开始进行多边形确认 · detections=2
[INFO] [1786541348.935611]: 开始进行多边形确认 · detections=4
[INFO] [1786541349.085118]: 开始进行多边形确认 · detections=4
[INFO] [1786541349.177019]: 开始进行多边形确认 · detections=4
[INFO] [1786541349.305987]: 开始进行多边形确认 · detections=3
[INFO] [1786541349.428301]: 开始进行多边形确认 · detections=3
[INFO] [1786541349.546037]: 开始进行多边形确认 · detections=3
[INFO] [1786541349.662139]: 开始进行多边形确认 · detections=4
[INFO] [1786541349.801995]: 开始进行多边形确认 · detections=3
[INFO] [1786541349.920519]: 开始进行多边形确认 · detections=4
[INFO] [1786541350.051374]: 开始进行多边形确认 · detections=4
[INFO] [1786541350.162124]: 开始进行多边形确认 · detections=3
[INFO] [1786541350.299761]: 开始进行多边形确认 · detections=2
[INFO] [1786541350.425814]: 开始进行多边形确认 · detections=3
[INFO] [1786541350.548009]: 开始进行多边形确认 · detections=3
[INFO] [1786541350.674485]: 开始进行多边形确认 · detections=2
[INFO] [1786541350.677148]: RGB-D vision status: model_ready:onnxruntime targets:0 centers:0 tf:0 rejected:0 merged:0 semantic_masks:2
[INFO] [1786541350.802572]: 开始进行多边形确认 · detections=3
[INFO] [1786541350.924794]: 开始进行多边形确认 · detections=4
[INFO] [1786541351.051111]: 开始进行多边形确认 · detections=3
[INFO] [1786541351.202965]: 开始进行多边形确认 · detections=3
[INFO] [1786541351.322099]: 开始进行多边形确认 · detections=4
[INFO] [1786541351.412158]: 开始进行多边形确认 · detections=4
[INFO] [1786541351.553839]: 开始进行多边形确认 · detections=4
[INFO] [1786541351.676438]: 开始进行多边形确认 · detections=3
[INFO] [1786541351.802462]: 开始进行多边形确认 · detections=2
[INFO] [1786541351.926761]: 开始进行多边形确认 · detections=2
[INFO] [1786541352.048502]: 开始进行多边形确认 · detections=2
[INFO] [1786541352.180077]: 开始进行多边形确认 · detections=2
[INFO] [1786541352.307785]: 开始进行多边形确认 · detections=2
[INFO] [1786541352.409367]: 开始进行多边形确认 · detections=2
[INFO] [1786541352.539350]: 开始进行多边形确认 · detections=2
[INFO] [1786541352.659327]: 开始进行多边形确认 · detections=2
[INFO] [1786541352.786361]: 开始进行多边形确认 · detections=2
[INFO] [1786541352.911115]: 开始进行多边形确认 · detections=2
[INFO] [1786541353.037429]: 开始进行多边形确认 · detections=2
[INFO] [1786541353.169605]: 开始进行多边形确认 · detections=2
[INFO] [1786541353.351865]: 开始进行多边形确认 · detections=2
[INFO] [1786541353.424066]: 开始进行多边形确认 · detections=2
[INFO] [1786541353.541393]: 开始进行多边形确认 · detections=2
[INFO] [1786541353.663249]: 开始进行多边形确认 · detections=1
[INFO] [1786541353.792063]: 开始进行多边形确认 · detections=2
[INFO] [1786541353.915674]: 开始进行多边形确认 · detections=2
[INFO] [1786541354.041414]: 开始进行多边形确认 · detections=2
[INFO] [1786541354.166455]: 开始进行多边形确认 · detections=2
[INFO] [1786541354.289537]: 开始进行多边形确认 · detections=2
[INFO] [1786541354.454809]: 开始进行多边形确认 · detections=3
[INFO] [1786541354.549411]: 开始进行多边形确认 · detections=4
[INFO] [1786541354.557386]: CITRUS_CENTER ok pixel=(8,325) depth=1.753 m radius=28.2 mm arc=313 deg error=1.01 px fragments=1
[INFO] [1786541354.558095]: 开始进行多边形确认 · centers=1 · rejected=1 · merged=0 · elapsed_ms=8.7
[INFO] [1786541354.670638]: 开始进行多边形确认 · detections=4
[INFO] [1786541354.678471]: 开始进行多边形确认 · centers=1 · rejected=1 · merged=0 · elapsed_ms=7.9
[INFO] [1786541354.801248]: 开始进行多边形确认 · detections=5
[INFO] [1786541354.935838]: 开始进行多边形确认 · detections=3
[INFO] [1786541355.061767]: 开始进行多边形确认 · detections=2
[INFO] [1786541355.187704]: 开始进行多边形确认 · detections=3
[INFO] [1786541355.308760]: 开始进行多边形确认 · detections=2
[INFO] [1786541355.491216]: 开始进行多边形确认 · detections=2
[INFO] [1786541355.565990]: 开始进行多边形确认 · detections=2
[INFO] [1786541355.694340]: 开始进行多边形确认 · detections=2
[INFO] [1786541355.816296]: 开始进行多边形确认 · detections=2
[INFO] [1786541355.941299]: 开始进行多边形确认 · detections=2
[INFO] [1786541356.076462]: 开始进行多边形确认 · detections=3
[INFO] [1786541356.078547]: RGB-D vision status: model_ready:onnxruntime targets:0 centers:0 tf:0 rejected:0 merged:0 semantic_masks:3
[INFO] [1786541356.191934]: 开始进行多边形确认 · detections=2
[INFO] [1786541356.318289]: 开始进行多边形确认 · detections=2
[INFO] [1786541356.471108]: 开始进行多边形确认 · detections=2
[INFO] [1786541356.572665]: 开始进行多边形确认 · detections=1
[INFO] [1786541356.696184]: 开始进行多边形确认 · detections=2
[INFO] [1786541356.819495]: 开始进行多边形确认 · detections=1
[INFO] [1786541356.950536]: 开始进行多边形确认 · detections=2
[INFO] [1786541357.067569]: 开始进行多边形确认 · detections=2
[INFO] [1786541357.197343]: 开始进行多边形确认 · detections=2
[INFO] [1786541357.320576]: 开始进行多边形确认 · detections=2
[INFO] [1786541357.447222]: 开始进行多边形确认 · detections=2
[INFO] [1786541357.581814]: 开始进行多边形确认 · detections=2
[INFO] [1786541357.691826]: 开始进行多边形确认 · detections=2
[INFO] [1786541357.825091]: 开始进行多边形确认 · detections=3
[INFO] [1786541357.940413]: 开始进行多边形确认 · detections=2
[INFO] [1786541358.069137]: 开始进行多边形确认 · detections=1
[INFO] [1786541358.189104]: 开始进行多边形确认 · detections=2
[INFO] [1786541358.310594]: 开始进行多边形确认 · detections=2
[INFO] [1786541358.436149]: 开始进行多边形确认 · detections=2
[INFO] [1786541358.570847]: 开始进行多边形确认 · detections=2
[INFO] [1786541358.713612]: 开始进行多边形确认 · detections=2
[INFO] [1786541358.812977]: 开始进行多边形确认 · detections=2
[INFO] [1786541358.954807]: 开始进行多边形确认 · detections=1
[INFO] [1786541359.079266]: 开始进行多边形确认 · detections=2
[INFO] [1786541359.209925]: 开始进行多边形确认 · detections=2
[INFO] [1786541359.333184]: 开始进行多边形确认 · detections=2
[INFO] [1786541359.455181]: 开始进行多边形确认 · detections=2
[WARN] [1786541355.817631]: 开始进行多边形确认 · 多边形确认失败 · rejected=0 · elapsed_ms=1.4
[WARN] [1786541355.942579]: 开始进行多边形确认 · 多边形确认失败 · rejected=0 · elapsed_ms=1.3
[WARN] [1786541356.077581]: 开始进行多边形确认 · 多边形确认失败 · rejected=0 · elapsed_ms=1.2
[WARN] [1786541356.193117]: 开始进行多边形确认 · 多边形确认失败 · rejected=0 · elapsed_ms=1.3
[WARN] [1786541356.320478]: 开始进行多边形确认 · 多边形确认失败 · rejected=0 · elapsed_ms=2.3
[WARN] [1786541356.472879]: 开始进行多边形确认 · 多边形确认失败 · rejected=0 · elapsed_ms=1.8
[WARN] [1786541356.574108]: 开始进行多边形确认 · 多边形确认失败 · rejected=0 · elapsed_ms=1.5
[WARN] [1786541356.697538]: 开始进行多边形确认 · 多边形确认失败 · rejected=0 · elapsed_ms=1.4
[WARN] [1786541356.820902]: 开始进行多边形确认 · 多边形确认失败 · rejected=0 · elapsed_ms=1.5
[WARN] [1786541356.952078]: 开始进行多边形确认 · 多边形确认失败 · rejected=0 · elapsed_ms=1.6
[WARN] [1786541357.069077]: 开始进行多边形确认 · 多边形确认失败 · rejected=0 · elapsed_ms=1.6
[WARN] [1786541357.198405]: 开始进行多边形确认 · 多边形确认失败 · rejected=0 · elapsed_ms=1.1
[WARN] [1786541357.321843]: 开始进行多边形确认 · 多边形确认失败 · rejected=0 · elapsed_ms=1.3
[WARN] [1786541357.448505]: 开始进行多边形确认 · 多边形确认失败 · rejected=0 · elapsed_ms=1.4
[WARN] [1786541357.583041]: 开始进行多边形确认 · 多边形确认失败 · rejected=0 · elapsed_ms=1.3
[WARN] [1786541357.693001]: 开始进行多边形确认 · 多边形确认失败 · rejected=0 · elapsed_ms=1.3
[WARN] [1786541357.826321]: 开始进行多边形确认 · 多边形确认失败 · rejected=0 · elapsed_ms=1.3
[WARN] [1786541357.941558]: 开始进行多边形确认 · 多边形确认失败 · rejected=0 · elapsed_ms=1.2
[WARN] [1786541358.070532]: 开始进行多边形确认 · 多边形确认失败 · rejected=0 · elapsed_ms=1.4
[WARN] [1786541358.190223]: 开始进行多边形确认 · 多边形确认失败 · rejected=0 · elapsed_ms=1.2
[WARN] [1786541358.311680]: 开始进行多边形确认 · 多边形确认失败 · rejected=0 · elapsed_ms=1.1
[WARN] [1786541358.437218]: 开始进行多边形确认 · 多边形确认失败 · rejected=0 · elapsed_ms=1.1
[WARN] [1786541358.572222]: 开始进行多边形确认 · 多边形确认失败 · rejected=0 · elapsed_ms=1.5
[WARN] [1786541358.715107]: 开始进行多边形确认 · 多边形确认失败 · rejected=0 · elapsed_ms=1.6
[WARN] [1786541358.814362]: 开始进行多边形确认 · 多边形确认失败 · rejected=0 · elapsed_ms=1.4
[WARN] [1786541358.956088]: 开始进行多边形确认 · 多边形确认失败 · rejected=0 · elapsed_ms=1.3
[WARN] [1786541359.080464]: 开始进行多边形确认 · 多边形确认失败 · rejected=0 · elapsed_ms=1.3
[WARN] [1786541359.211427]: 开始进行多边形确认 · 多边形确认失败 · rejected=0 · elapsed_ms=1.5
[WARN] [1786541359.334944]: 开始进行多边形确认 · 多边形确认失败 · rejected=0 · elapsed_ms=1.8
[WARN] [1786541359.456433]: 开始进行多边形确认 · 多边形确认失败 · rejected=0 · elapsed_ms=1.3
[WARN] [1786541359.572995]: 开始进行多边形确认 · 多边形确认失败 · rejected=0 · elapsed_ms=1.4
[WARN] [1786541359.722089]: 开始进行多边形确认 · 多边形确认失败 · rejected=0 · elapsed_ms=1.3
[WARN] [1786541359.829071]: 开始进行多边形确认 · 多边形确认失败 · rejected=0 · elapsed_ms=1.2
[WARN] [1786541359.947685]: 开始进行多边形确认 · 多边形确认失败 · rejected=0 · elapsed_ms=1.3
[WARN] [1786541360.080739]: 开始进行多边形确认 · 多边形确认失败 · rejected=0 · elapsed_ms=1.1
[WARN] [1786541360.197381]: 开始进行多边形确认 · 多边形确认失败 · rejected=0 · elapsed_ms=1.1
[WARN] [1786541360.321978]: 开始进行多边形确认 · 多边形确认失败 · rejected=0 · elapsed_ms=1.1
[WARN] [1786541360.447586]: 开始进行多边形确认 · 多边形确认失败 · rejected=0 · elapsed_ms=1.0
[WARN] [1786541360.574425]: 开始进行多边形确认 · 多边形确认失败 · rejected=0 · elapsed_ms=1.1
[WARN] [1786541360.706927]: 开始进行多边形确认 · 多边形确认失败 · rejected=0 · elapsed_ms=1.3
[WARN] [1786541360.848771]: 开始进行多边形确认 · 多边形确认失败 · rejected=0 · elapsed_ms=1.1
[WARN] [1786541360.950953]: 开始进行多边形确认 · 多边形确认失败 · rejected=0 · elapsed_ms=1.2
[WARN] [1786541361.097424]: 开始进行多边形确认 · 多边形确认失败 · rejected=0 · elapsed_ms=1.4
[WARN] [1786541361.217650]: 开始进行多边形确认 · 多边形确认失败 · rejected=0 · elapsed_ms=1.3
[WARN] [1786541361.359305]: 开始进行多边形确认 · 多边形确认失败 · rejected=0 · elapsed_ms=19.5
[WARN] [1786541361.461720]: 开始进行多边形确认 · 多边形确认失败 · rejected=0 · elapsed_ms=1.4
[WARN] [1786541361.591723]: 开始进行多边形确认 · 多边形确认失败 · rejected=0 · elapsed_ms=1.2
[WARN] [1786541361.723907]: 开始进行多边形确认 · 多边形确认失败 · rejected=0 · elapsed_ms=1.4
[WARN] [1786541361.860587]: 开始进行多边形确认 · 多边形确认失败 · rejected=0 · elapsed_ms=1.5
[WARN] [1786541361.944571]: 开始进行多边形确认 · 多边形确认失败 · rejected=0 · elapsed_ms=1.1
[WARN] [1786541362.066794]: 开始进行多边形确认 · 多边形确认失败 · rejected=0 · elapsed_ms=1.0
[WARN] [1786541362.192538]: 开始进行多边形确认 · 多边形确认失败 · rejected=0 · elapsed_ms=1.1
[WARN] [1786541362.318539]: 开始进行多边形确认 · 多边形确认失败 · rejected=0 · elapsed_ms=1.1
[WARN] [1786541362.446853]: 开始进行多边形确认 · 多边形确认失败 · rejected=0 · elapsed_ms=1.1
[WARN] [1786541362.570672]: 开始进行多边形确认 · 多边形确认失败 · rejected=0 · elapsed_ms=1.1
[WARN] [1786541362.710957]: 开始进行多边形确认 · 多边形确认失败 · rejected=0 · elapsed_ms=1.2
[WARN] [1786541362.887385]: 开始进行多边形确认 · 多边形确认失败 · rejected=0 · elapsed_ms=1.4
[WARN] [1786541362.988199]: 开始进行多边形确认 · 多边形确认失败 · rejected=0 · elapsed_ms=1.3
[WARN] [1786541363.118567]: 开始进行多边形确认 · 多边形确认失败 · rejected=0 · elapsed_ms=1.3
[WARN] [1786541363.230168]: 开始进行多边形确认 · 多边形确认失败 · rejected=0 · elapsed_ms=1.3
[WARN] [1786541363.354538]: 开始进行多边形确认 · 多边形确认失败 · rejected=0 · elapsed_ms=1.5
[WARN] [1786541363.480659]: 开始进行多边形确认 · 多边形确认失败 · rejected=0 · elapsed_ms=1.7
[WARN] [1786541363.589943]: 开始进行多边形确认 · 多边形确认失败 · rejected=0 · elapsed_ms=1.2
[WARN] [1786541363.717304]: 开始进行多边形确认 · 多边形确认失败 · rejected=0 · elapsed_ms=1.3
[WARN] [1786541363.865415]: 开始进行多边形确认 · 多边形确认失败 · rejected=0 · elapsed_ms=1.4
[WARN] [1786541363.984935]: 开始进行多边形确认 · 多边形确认失败 · rejected=0 · elapsed_ms=1.3
[WARN] [1786541364.105413]: 开始进行多边形确认 · 多边形确认失败 · rejected=0 · elapsed_ms=1.2
[WARN] [1786541364.226895]: 开始进行多边形确认 · 多边形确认失败 · rejected=0 · elapsed_ms=1.6
[WARN] [1786541364.351054]: 开始进行多边形确认 · 多边形确认失败 · rejected=0 · elapsed_ms=1.3
[WARN] [1786541364.477081]: 开始进行多边形确认 · 多边形确认失败 · rejected=0 · elapsed_ms=2.2
[WARN] [1786541364.608415]: 开始进行多边形确认 · 多边形确认失败 · rejected=0 · elapsed_ms=1.2
[WARN] [1786541364.721533]: 开始进行多边形确认 · 多边形确认失败 · rejected=0 · elapsed_ms=0.9
[INFO] [1786541359.571666]: 开始进行多边形确认 · detections=1
[INFO] [1786541359.720862]: 开始进行多边形确认 · detections=2
[INFO] [1786541359.827954]: 开始进行多边形确认 · detections=2
[INFO] [1786541359.946434]: 开始进行多边形确认 · detections=1
[INFO] [1786541360.079676]: 开始进行多边形确认 · detections=2
[INFO] [1786541360.196293]: 开始进行多边形确认 · detections=2
[INFO] [1786541360.320971]: 开始进行多边形确认 · detections=2
[INFO] [1786541360.446646]: 开始进行多边形确认 · detections=2
[INFO] [1786541360.573356]: 开始进行多边形确认 · detections=2
[INFO] [1786541360.705729]: 开始进行多边形确认 · detections=2
[INFO] [1786541360.847701]: 开始进行多边形确认 · detections=2
[INFO] [1786541360.949822]: 开始进行多边形确认 · detections=2
[INFO] [1786541361.096133]: 开始进行多边形确认 · detections=2
[INFO] [1786541361.216446]: 开始进行多边形确认 · detections=2
[INFO] [1786541361.339828]: 开始进行多边形确认 · detections=3
[INFO] [1786541361.361109]: RGB-D vision status: model_ready:onnxruntime targets:0 centers:0 tf:0 rejected:0 merged:0 semantic_masks:3
[INFO] [1786541361.460384]: 开始进行多边形确认 · detections=2
[INFO] [1786541361.590604]: 开始进行多边形确认 · detections=3
[INFO] [1786541361.722620]: 开始进行多边形确认 · detections=3
[INFO] [1786541361.859155]: 开始进行多边形确认 · detections=4
[INFO] [1786541361.943528]: 开始进行多边形确认 · detections=4
[INFO] [1786541362.065788]: 开始进行多边形确认 · detections=3
[INFO] [1786541362.191467]: 开始进行多边形确认 · detections=3
[INFO] [1786541362.317530]: 开始进行多边形确认 · detections=3
[INFO] [1786541362.445822]: 开始进行多边形确认 · detections=3
[INFO] [1786541362.569654]: 开始进行多边形确认 · detections=3
[INFO] [1786541362.709818]: 开始进行多边形确认 · detections=2
[INFO] [1786541362.886085]: 开始进行多边形确认 · detections=4
[INFO] [1786541362.986998]: 开始进行多边形确认 · detections=4
[INFO] [1786541363.117363]: 开始进行多边形确认 · detections=2
[INFO] [1786541363.228936]: 开始进行多边形确认 · detections=3
[INFO] [1786541363.353108]: 开始进行多边形确认 · detections=4
[INFO] [1786541363.479018]: 开始进行多边形确认 · detections=2
[INFO] [1786541363.588777]: 开始进行多边形确认 · detections=4
[INFO] [1786541363.716066]: 开始进行多边形确认 · detections=3
[INFO] [1786541363.864130]: 开始进行多边形确认 · detections=3
[INFO] [1786541363.983684]: 开始进行多边形确认 · detections=4
[INFO] [1786541364.104300]: 开始进行多边形确认 · detections=3
[INFO] [1786541364.225389]: 开始进行多边形确认 · detections=3
[INFO] [1786541364.349837]: 开始进行多边形确认 · detections=4
[INFO] [1786541364.474921]: 开始进行多边形确认 · detections=3
[INFO] [1786541364.607335]: 开始进行多边形确认 · detections=3
[INFO] [1786541364.720730]: 开始进行多边形确认 · detections=4
[INFO] [1786541364.848519]: 开始进行多边形确认 · detections=3
[INFO] [1786541364.984901]: 开始进行多边形确认 · detections=4
[INFO] [1786541365.099484]: 开始进行多边形确认 · detections=2
[INFO] [1786541365.218093]: 开始进行多边形确认 · detections=3
[INFO] [1786541365.348427]: 开始进行多边形确认 · detections=4
[INFO] [1786541365.467094]: 开始进行多边形确认 · detections=3
[INFO] [1786541365.596743]: 开始进行多边形确认 · detections=3
[INFO] [1786541365.720761]: 开始进行多边形确认 · detections=4
[INFO] [1786541365.848988]: 开始进行多边形确认 · detections=3
[INFO] [1786541365.975543]: 开始进行多边形确认 · detections=3
[INFO] [1786541366.122882]: 开始进行多边形确认 · detections=3
[INFO] [1786541366.236465]: 开始进行多边形确认 · detections=3
[INFO] [1786541366.363910]: 开始进行多边形确认 · detections=4
[INFO] [1786541366.367395]: RGB-D vision status: model_ready:onnxruntime targets:0 centers:0 tf:0 rejected:0 merged:0 semantic_masks:4
[INFO] [1786541366.488038]: 开始进行多边形确认 · detections=3
[INFO] [1786541366.610455]: 开始进行多边形确认 · detections=4
[INFO] [1786541366.740322]: 开始进行多边形确认 · detections=3
[INFO] [1786541366.858671]: 开始进行多边形确认 · detections=3
[INFO] [1786541366.983024]: 开始进行多边形确认 · detections=3
[INFO] [1786541367.147056]: 开始进行多边形确认 · detections=2
[INFO] [1786541367.219307]: 开始进行多边形确认 · detections=4
[INFO] [1786541367.343129]: 开始进行多边形确认 · detections=4
[INFO] [1786541367.471998]: 开始进行多边形确认 · detections=4
[INFO] [1786541367.593261]: 开始进行多边形确认 · detections=4
[INFO] [1786541367.721315]: 开始进行多边形确认 · detections=4
[INFO] [1786541367.847452]: 开始进行多边形确认 · detections=4
[INFO] [1786541367.972582]: 开始进行多边形确认 · detections=3
[INFO] [1786541368.117043]: 开始进行多边形确认 · detections=3
[INFO] [1786541368.238146]: 开始进行多边形确认 · detections=4
[INFO] [1786541368.360065]: 开始进行多边形确认 · detections=4
[INFO] [1786541368.486527]: 开始进行多边形确认 · detections=4
[INFO] [1786541368.609839]: 开始进行多边形确认 · detections=3
[INFO] [1786541368.737170]: 开始进行多边形确认 · detections=2
[INFO] [1786541368.863242]: 开始进行多边形确认 · detections=3
[INFO] [1786541368.987704]: 开始进行多边形确认 · detections=4
[INFO] [1786541369.117751]: 开始进行多边形确认 · detections=3
[INFO] [1786541369.260257]: 开始进行多边形确认 · detections=4
[INFO] [1786541369.370086]: 开始进行多边形确认 · detections=3
[INFO] [1786541369.497689]: 开始进行多边形确认 · detections=3
[INFO] [1786541369.615986]: 开始进行多边形确认 · detections=3
[INFO] [1786541369.749817]: 开始进行多边形确认 · detections=3
[INFO] [1786541369.862040]: 开始进行多边形确认 · detections=2
[INFO] [1786541369.996235]: 开始进行多边形确认 · detections=3
[INFO] [1786541370.104665]: 开始进行多边形确认 · detections=3
[INFO] [1786541370.241273]: 开始进行多边形确认 · detections=3
[INFO] [1786541370.388819]: 开始进行多边形确认 · detections=3
[INFO] [1786541370.499384]: 开始进行多边形确认 · detections=3
[INFO] [1786541370.622508]: 开始进行多边形确认 · detections=2
[INFO] [1786541370.750990]: 开始进行多边形确认 · detections=3
[INFO] [1786541370.871762]: 开始进行多边形确认 · detections=3
[INFO] [1786541371.000447]: 开始进行多边形确认 · detections=3
[INFO] [1786541371.125343]: 开始进行多边形确认 · detections=3
[INFO] [1786541371.252864]: 开始进行多边形确认 · detections=3
[INFO] [1786541371.404468]: 开始进行多边形确认 · detections=3
[INFO] [1786541371.503638]: 开始进行多边形确认 · detections=2
[INFO] [1786541371.505488]: RGB-D vision status: model_ready:onnxruntime targets:0 centers:0 tf:0 rejected:0 merged:0 semantic_masks:2
[INFO] [1786541371.610513]: 开始进行多边形确认 · detections=3
[INFO] [1786541371.732050]: 开始进行多边形确认 · detections=4
[INFO] [1786541371.858084]: 开始进行多边形确认 · detections=3
[INFO] [1786541372.000572]: 开始进行多边形确认 · detections=3
[INFO] [1786541372.120656]: 开始进行多边形确认 · detections=4
[INFO] [1786541372.247036]: 开始进行多边形确认 · detections=4
[INFO] [1786541372.381176]: 开始进行多边形确认 · detections=4
[INFO] [1786541372.509382]: 开始进行多边形确认 · detections=6
[INFO] [1786541372.623462]: 开始进行多边形确认 · detections=4
[INFO] [1786541372.754522]: 开始进行多边形确认 · detections=5
[INFO] [1786541372.874005]: 开始进行多边形确认 · detections=5
[INFO] [1786541372.997913]: 开始进行多边形确认 · detections=4
[WARN] [1786541364.849621]: 开始进行多边形确认 · 多边形确认失败 · rejected=0 · elapsed_ms=1.2
[WARN] [1786541364.985856]: 开始进行多边形确认 · 多边形确认失败 · rejected=0 · elapsed_ms=1.0
[WARN] [1786541365.100732]: 开始进行多边形确认 · 多边形确认失败 · rejected=0 · elapsed_ms=1.3
[WARN] [1786541365.219248]: 开始进行多边形确认 · 多边形确认失败 · rejected=0 · elapsed_ms=1.2
[WARN] [1786541365.349658]: 开始进行多边形确认 · 多边形确认失败 · rejected=0 · elapsed_ms=1.3
[WARN] [1786541365.468229]: 开始进行多边形确认 · 多边形确认失败 · rejected=0 · elapsed_ms=1.2
[WARN] [1786541365.597808]: 开始进行多边形确认 · 多边形确认失败 · rejected=0 · elapsed_ms=1.1
[WARN] [1786541365.721819]: 开始进行多边形确认 · 多边形确认失败 · rejected=0 · elapsed_ms=1.1
[WARN] [1786541365.850100]: 开始进行多边形确认 · 多边形确认失败 · rejected=0 · elapsed_ms=1.2
[WARN] [1786541365.976722]: 开始进行多边形确认 · 多边形确认失败 · rejected=0 · elapsed_ms=1.2
[WARN] [1786541366.124221]: 开始进行多边形确认 · 多边形确认失败 · rejected=0 · elapsed_ms=1.4
[WARN] [1786541366.237831]: 开始进行多边形确认 · 多边形确认失败 · rejected=0 · elapsed_ms=1.4
[WARN] [1786541366.365997]: 开始进行多边形确认 · 多边形确认失败 · rejected=0 · elapsed_ms=2.1
[WARN] [1786541366.489210]: 开始进行多边形确认 · 多边形确认失败 · rejected=0 · elapsed_ms=1.2
[WARN] [1786541366.612582]: 开始进行多边形确认 · 多边形确认失败 · rejected=0 · elapsed_ms=2.2
[WARN] [1786541366.741595]: 开始进行多边形确认 · 多边形确认失败 · rejected=0 · elapsed_ms=1.3
[WARN] [1786541366.860102]: 开始进行多边形确认 · 多边形确认失败 · rejected=0 · elapsed_ms=1.5
[WARN] [1786541366.984164]: 开始进行多边形确认 · 多边形确认失败 · rejected=0 · elapsed_ms=1.2
[WARN] [1786541367.148384]: 开始进行多边形确认 · 多边形确认失败 · rejected=0 · elapsed_ms=1.4
[WARN] [1786541367.220490]: 开始进行多边形确认 · 多边形确认失败 · rejected=0 · elapsed_ms=1.2
[WARN] [1786541367.344446]: 开始进行多边形确认 · 多边形确认失败 · rejected=0 · elapsed_ms=1.4
[WARN] [1786541367.473221]: 开始进行多边形确认 · 多边形确认失败 · rejected=0 · elapsed_ms=1.3
[WARN] [1786541367.594467]: 开始进行多边形确认 · 多边形确认失败 · rejected=0 · elapsed_ms=1.3
[WARN] [1786541367.722491]: 开始进行多边形确认 · 多边形确认失败 · rejected=0 · elapsed_ms=1.2
[WARN] [1786541367.848714]: 开始进行多边形确认 · 多边形确认失败 · rejected=0 · elapsed_ms=1.3
[WARN] [1786541367.973835]: 开始进行多边形确认 · 多边形确认失败 · rejected=0 · elapsed_ms=1.3
[WARN] [1786541368.118373]: 开始进行多边形确认 · 多边形确认失败 · rejected=0 · elapsed_ms=1.4
[WARN] [1786541368.239338]: 开始进行多边形确认 · 多边形确认失败 · rejected=0 · elapsed_ms=1.3
[WARN] [1786541368.361366]: 开始进行多边形确认 · 多边形确认失败 · rejected=0 · elapsed_ms=1.4
[WARN] [1786541368.487698]: 开始进行多边形确认 · 多边形确认失败 · rejected=0 · elapsed_ms=1.3
[WARN] [1786541368.611081]: 开始进行多边形确认 · 多边形确认失败 · rejected=0 · elapsed_ms=1.3
[WARN] [1786541368.738618]: 开始进行多边形确认 · 多边形确认失败 · rejected=0 · elapsed_ms=1.5
[WARN] [1786541368.864520]: 开始进行多边形确认 · 多边形确认失败 · rejected=0 · elapsed_ms=1.4
[WARN] [1786541368.989298]: 开始进行多边形确认 · 多边形确认失败 · rejected=0 · elapsed_ms=1.6
[WARN] [1786541369.119121]: 开始进行多边形确认 · 多边形确认失败 · rejected=0 · elapsed_ms=1.4
[WARN] [1786541369.261699]: 开始进行多边形确认 · 多边形确认失败 · rejected=0 · elapsed_ms=1.5
[WARN] [1786541369.371549]: 开始进行多边形确认 · 多边形确认失败 · rejected=0 · elapsed_ms=1.5
[WARN] [1786541369.499179]: 开始进行多边形确认 · 多边形确认失败 · rejected=0 · elapsed_ms=1.5
[WARN] [1786541369.617243]: 开始进行多边形确认 · 多边形确认失败 · rejected=0 · elapsed_ms=1.3
[WARN] [1786541369.751164]: 开始进行多边形确认 · 多边形确认失败 · rejected=0 · elapsed_ms=1.4
[WARN] [1786541369.863197]: 开始进行多边形确认 · 多边形确认失败 · rejected=0 · elapsed_ms=1.2
[WARN] [1786541369.997399]: 开始进行多边形确认 · 多边形确认失败 · rejected=0 · elapsed_ms=1.2
[WARN] [1786541370.105690]: 开始进行多边形确认 · 多边形确认失败 · rejected=0 · elapsed_ms=1.1
[WARN] [1786541370.242378]: 开始进行多边形确认 · 多边形确认失败 · rejected=0 · elapsed_ms=1.2
[WARN] [1786541370.390072]: 开始进行多边形确认 · 多边形确认失败 · rejected=0 · elapsed_ms=1.3
[WARN] [1786541370.500508]: 开始进行多边形确认 · 多边形确认失败 · rejected=0 · elapsed_ms=1.2
[WARN] [1786541370.623831]: 开始进行多边形确认 · 多边形确认失败 · rejected=0 · elapsed_ms=1.4
[WARN] [1786541370.752237]: 开始进行多边形确认 · 多边形确认失败 · rejected=0 · elapsed_ms=1.3
[WARN] [1786541370.873023]: 开始进行多边形确认 · 多边形确认失败 · rejected=0 · elapsed_ms=1.3
[WARN] [1786541371.001707]: 开始进行多边形确认 · 多边形确认失败 · rejected=0 · elapsed_ms=1.3
[WARN] [1786541371.126667]: 开始进行多边形确认 · 多边形确认失败 · rejected=0 · elapsed_ms=1.4
[WARN] [1786541371.253886]: 开始进行多边形确认 · 多边形确认失败 · rejected=0 · elapsed_ms=1.1
[WARN] [1786541371.405991]: 开始进行多边形确认 · 多边形确认失败 · rejected=0 · elapsed_ms=1.6
[WARN] [1786541371.504598]: 开始进行多边形确认 · 多边形确认失败 · rejected=0 · elapsed_ms=1.0
[WARN] [1786541371.611860]: 开始进行多边形确认 · 多边形确认失败 · rejected=0 · elapsed_ms=1.4
[WARN] [1786541371.733156]: 开始进行多边形确认 · 多边形确认失败 · rejected=0 · elapsed_ms=1.2
[WARN] [1786541371.859479]: 开始进行多边形确认 · 多边形确认失败 · rejected=0 · elapsed_ms=1.4
[WARN] [1786541372.001932]: 开始进行多边形确认 · 多边形确认失败 · rejected=0 · elapsed_ms=1.4
[WARN] [1786541372.122144]: 开始进行多边形确认 · 多边形确认失败 · rejected=0 · elapsed_ms=1.5
[WARN] [1786541372.248423]: 开始进行多边形确认 · 多边形确认失败 · rejected=0 · elapsed_ms=1.4
[WARN] [1786541372.382303]: 开始进行多边形确认 · 多边形确认失败 · rejected=0 · elapsed_ms=1.2
[WARN] [1786541372.516819]: CITRUS_CENTER reject instances=2 reason=polygon circle inlier ratio 0.29 is below 0.30
[WARN] [1786541372.517727]: 开始进行多边形确认 · 多边形确认失败 · rejected=1 · elapsed_ms=8.4
[WARN] [1786541372.624415]: 开始进行多边形确认 · 多边形确认失败 · rejected=0 · elapsed_ms=1.0
[WARN] [1786541372.762648]: 开始进行多边形确认 · 多边形确认失败 · rejected=1 · elapsed_ms=8.2
[WARN] [1786541372.882293]: 开始进行多边形确认 · 多边形确认失败 · rejected=1 · elapsed_ms=8.4
[WARN] [1786541373.005440]: 开始进行多边形确认 · 多边形确认失败 · rejected=1 · elapsed_ms=7.6
[WARN] [1786541373.125821]: 开始进行多边形确认 · 多边形确认失败 · rejected=0 · elapsed_ms=1.5
[WARN] [1786541373.258039]: 开始进行多边形确认 · 多边形确认失败 · rejected=1 · elapsed_ms=7.5
[WARN] [1786541373.371621]: 开始进行多边形确认 · 多边形确认失败 · rejected=1 · elapsed_ms=4.5
[WARN] [1786541373.550122]: 开始进行多边形确认 · 多边形确认失败 · rejected=1 · elapsed_ms=9.4
[WARN] [1786541373.615935]: 开始进行多边形确认 · 多边形确认失败 · rejected=1 · elapsed_ms=4.5
[WARN] [1786541373.745658]: 开始进行多边形确认 · 多边形确认失败 · rejected=1 · elapsed_ms=4.7
[WARN] [1786541373.879973]: 开始进行多边形确认 · 多边形确认失败 · rejected=1 · elapsed_ms=5.3
[WARN] [1786541373.992171]: 开始进行多边形确认 · 多边形确认失败 · rejected=0 · elapsed_ms=1.3
[WARN] [1786541374.122173]: 开始进行多边形确认 · 多边形确认失败 · rejected=0 · elapsed_ms=1.5
[WARN] [1786541374.254043]: 开始进行多边形确认 · 多边形确认失败 · rejected=0 · elapsed_ms=1.2
[WARN] [1786541374.375353]: 开始进行多边形确认 · 多边形确认失败 · rejected=0 · elapsed_ms=1.2
[WARN] [1786541374.504840]: 开始进行多边形确认 · 多边形确认失败 · rejected=0 · elapsed_ms=1.1
[WARN] [1786541374.654979]: 开始进行多边形确认 · 多边形确认失败 · rejected=0 · elapsed_ms=1.6
[WARN] [1786541374.765381]: 开始进行多边形确认 · 多边形确认失败 · rejected=0 · elapsed_ms=1.4
[WARN] [1786541374.890783]: 开始进行多边形确认 · 多边形确认失败 · rejected=0 · elapsed_ms=1.3
[WARN] [1786541375.013618]: 开始进行多边形确认 · 多边形确认失败 · rejected=0 · elapsed_ms=1.2
[WARN] [1786541375.138574]: 开始进行多边形确认 · 多边形确认失败 · rejected=0 · elapsed_ms=1.3
[WARN] [1786541375.263728]: 开始进行多边形确认 · 多边形确认失败 · rejected=0 · elapsed_ms=1.0
[WARN] [1786541375.373418]: 开始进行多边形确认 · 多边形确认失败 · rejected=0 · elapsed_ms=1.4
[WARN] [1786541375.496850]: 开始进行多边形确认 · 多边形确认失败 · rejected=0 · elapsed_ms=1.3
[WARN] [1786541375.626412]: 开始进行多边形确认 · 多边形确认失败 · rejected=0 · elapsed_ms=1.1
[WARN] [1786541375.755935]: 开始进行多边形确认 · 多边形确认失败 · rejected=0 · elapsed_ms=1.1
[WARN] [1786541375.869985]: 开始进行多边形确认 · 多边形确认失败 · rejected=0 · elapsed_ms=1.2
[WARN] [1786541375.999705]: 开始进行多边形确认 · 多边形确认失败 · rejected=0 · elapsed_ms=1.1
[WARN] [1786541376.130301]: 开始进行多边形确认 · 多边形确认失败 · rejected=0 · elapsed_ms=1.3
[WARN] [1786541376.252063]: 开始进行多边形确认 · 多边形确认失败 · rejected=0 · elapsed_ms=1.4
[WARN] [1786541376.392289]: 开始进行多边形确认 · 多边形确认失败 · rejected=0 · elapsed_ms=1.3
[WARN] [1786541376.513916]: 开始进行多边形确认 · 多边形确认失败 · rejected=0 · elapsed_ms=1.2
[WARN] [1786541376.641653]: 开始进行多边形确认 · 多边形确认失败 · rejected=0 · elapsed_ms=1.2
[WARN] [1786541376.803793]: 开始进行多边形确认 · 多边形确认失败 · rejected=0 · elapsed_ms=1.2
[WARN] [1786541376.901202]: 开始进行多边形确认 · 多边形确认失败 · rejected=0 · elapsed_ms=1.2
[WARN] [1786541377.033006]: 开始进行多边形确认 · 多边形确认失败 · rejected=0 · elapsed_ms=1.3
[WARN] [1786541377.160009]: 开始进行多边形确认 · 多边形确认失败 · rejected=0 · elapsed_ms=1.4
[WARN] [1786541377.270617]: 开始进行多边形确认 · 多边形确认失败 · rejected=0 · elapsed_ms=1.2
[WARN] [1786541377.400790]: 开始进行多边形确认 · 多边形确认失败 · rejected=0 · elapsed_ms=1.2
[WARN] [1786541377.523025]: 开始进行多边形确认 · 多边形确认失败 · rejected=0 · elapsed_ms=1.2
[WARN] [1786541377.647435]: 开始进行多边形确认 · 多边形确认失败 · rejected=0 · elapsed_ms=1.2
[WARN] [1786541377.770298]: 开始进行多边形确认 · 多边形确认失败 · rejected=0 · elapsed_ms=1.2
[WARN] [1786541377.911048]: 开始进行多边形确认 · 多边形确认失败 · rejected=0 · elapsed_ms=1.6
[WARN] [1786541378.013543]: 开始进行多边形确认 · 多边形确认失败 · rejected=0 · elapsed_ms=1.3
[WARN] [1786541378.141453]: 开始进行多边形确认 · 多边形确认失败 · rejected=0 · elapsed_ms=1.4
[WARN] [1786541378.274030]: 开始进行多边形确认 · 多边形确认失败 · rejected=0 · elapsed_ms=1.6
[WARN] [1786541378.395613]: 开始进行多边形确认 · 多边形确认失败 · rejected=0 · elapsed_ms=1.3
[WARN] [1786541378.516973]: 开始进行多边形确认 · 多边形确认失败 · rejected=0 · elapsed_ms=1.3
[WARN] [1786541378.646124]: 开始进行多边形确认 · 多边形确认失败 · rejected=0 · elapsed_ms=1.4
[WARN] [1786541378.770624]: 开始进行多边形确认 · 多边形确认失败 · rejected=0 · elapsed_ms=1.4
[WARN] [1786541378.920008]: 开始进行多边形确认 · 多边形确认失败 · rejected=0 · elapsed_ms=1.3
[WARN] [1786541379.029525]: 开始进行多边形确认 · 多边形确认失败 · rejected=0 · elapsed_ms=1.3
[WARN] [1786541379.153935]: 开始进行多边形确认 · 多边形确认失败 · rejected=0 · elapsed_ms=1.2
[WARN] [1786541379.279598]: 开始进行多边形确认 · 多边形确认失败 · rejected=0 · elapsed_ms=1.3
[WARN] [1786541379.394535]: 开始进行多边形确认 · 多边形确认失败 · rejected=0 · elapsed_ms=1.2
[WARN] [1786541379.540304]: 开始进行多边形确认 · 多边形确认失败 · rejected=0 · elapsed_ms=1.5
[WARN] [1786541379.660930]: 开始进行多边形确认 · 多边形确认失败 · rejected=0 · elapsed_ms=1.5
[WARN] [1786541379.782752]: 开始进行多边形确认 · 多边形确认失败 · rejected=0 · elapsed_ms=1.2
[WARN] [1786541379.955946]: 开始进行多边形确认 · 多边形确认失败 · rejected=0 · elapsed_ms=1.4
[WARN] [1786541380.027220]: 开始进行多边形确认 · 多边形确认失败 · rejected=0 · elapsed_ms=2.2
[WARN] [1786541380.138749]: 开始进行多边形确认 · 多边形确认失败 · rejected=0 · elapsed_ms=1.4
[WARN] [1786541380.262792]: 开始进行多边形确认 · 多边形确认失败 · rejected=0 · elapsed_ms=1.3
[WARN] [1786541380.388807]: 开始进行多边形确认 · 多边形确认失败 · rejected=0 · elapsed_ms=1.3
[WARN] [1786541380.517619]: 开始进行多边形确认 · 多边形确认失败 · rejected=0 · elapsed_ms=1.2
[WARN] [1786541380.641561]: 开始进行多边形确认 · 多边形确认失败 · rejected=0 · elapsed_ms=1.1
[WARN] [1786541380.768617]: 开始进行多边形确认 · 多边形确认失败 · rejected=0 · elapsed_ms=1.3
[WARN] [1786541380.914994]: 开始进行多边形确认 · 多边形确认失败 · rejected=0 · elapsed_ms=1.3
[WARN] [1786541381.060046]: 开始进行多边形确认 · 多边形确认失败 · rejected=0 · elapsed_ms=1.3
[WARN] [1786541381.154753]: 开始进行多边形确认 · 多边形确认失败 · rejected=0 · elapsed_ms=1.3
[WARN] [1786541381.282897]: 开始进行多边形确认 · 多边形确认失败 · rejected=0 · elapsed_ms=1.3
[WARN] [1786541381.408584]: 开始进行多边形确认 · 多边形确认失败 · rejected=0 · elapsed_ms=1.2
[WARN] [1786541381.532421]: 开始进行多边形确认 · 多边形确认失败 · rejected=0 · elapsed_ms=1.1
[WARN] [1786541381.663300]: 开始进行多边形确认 · 多边形确认失败 · rejected=0 · elapsed_ms=1.1
[WARN] [1786541381.782007]: 开始进行多边形确认 · 多边形确认失败 · rejected=0 · elapsed_ms=1.2
[WARN] [1786541381.911556]: 开始进行多边形确认 · 多边形确认失败 · rejected=0 · elapsed_ms=1.3
[WARN] [1786541382.078941]: 开始进行多边形确认 · 多边形确认失败 · rejected=0 · elapsed_ms=12.2
[WARN] [1786541382.180423]: 开始进行多边形确认 · 多边形确认失败 · rejected=0 · elapsed_ms=1.1
[WARN] [1786541382.303970]: 开始进行多边形确认 · 多边形确认失败 · rejected=0 · elapsed_ms=1.4
[WARN] [1786541382.456330]: 开始进行多边形确认 · 多边形确认失败 · rejected=0 · elapsed_ms=1.3
[WARN] [1786541382.562064]: 开始进行多边形确认 · 多边形确认失败 · rejected=0 · elapsed_ms=2.6
[WARN] [1786541382.687294]: 开始进行多边形确认 · 多边形确认失败 · rejected=0 · elapsed_ms=1.6
[INFO] [1786541373.124340]: 开始进行多边形确认 · detections=2
[INFO] [1786541373.250542]: 开始进行多边形确认 · detections=5
[INFO] [1786541373.367130]: 开始进行多边形确认 · detections=5
[INFO] [1786541373.540807]: 开始进行多边形确认 · detections=3
[INFO] [1786541373.611529]: 开始进行多边形确认 · detections=4
[INFO] [1786541373.741018]: 开始进行多边形确认 · detections=3
[INFO] [1786541373.874711]: 开始进行多边形确认 · detections=4
[INFO] [1786541373.990883]: 开始进行多边形确认 · detections=2
[INFO] [1786541374.120773]: 开始进行多边形确认 · detections=3
[INFO] [1786541374.252963]: 开始进行多边形确认 · detections=4
[INFO] [1786541374.374229]: 开始进行多边形确认 · detections=4
[INFO] [1786541374.503786]: 开始进行多边形确认 · detections=5
[INFO] [1786541374.653470]: 开始进行多边形确认 · detections=5
[INFO] [1786541374.763995]: 开始进行多边形确认 · detections=4
[INFO] [1786541374.889525]: 开始进行多边形确认 · detections=4
[INFO] [1786541375.012466]: 开始进行多边形确认 · detections=3
[INFO] [1786541375.137334]: 开始进行多边形确认 · detections=3
[INFO] [1786541375.262757]: 开始进行多边形确认 · detections=4
[INFO] [1786541375.372095]: 开始进行多边形确认 · detections=4
[INFO] [1786541375.495567]: 开始进行多边形确认 · detections=2
[INFO] [1786541375.625326]: 开始进行多边形确认 · detections=2
[INFO] [1786541375.754857]: 开始进行多边形确认 · detections=4
[INFO] [1786541375.868874]: 开始进行多边形确认 · detections=1
[INFO] [1786541375.998621]: 开始进行多边形确认 · detections=2
[INFO] [1786541376.129092]: 开始进行多边形确认 · detections=3
[INFO] [1786541376.250664]: 开始进行多边形确认 · detections=3
[INFO] [1786541376.391069]: 开始进行多边形确认 · detections=2
[INFO] [1786541376.512746]: 开始进行多边形确认 · detections=2
[INFO] [1786541376.640532]: 开始进行多边形确认 · detections=3
[INFO] [1786541376.642585]: RGB-D vision status: model_ready:onnxruntime targets:0 centers:0 tf:0 rejected:0 merged:0 semantic_masks:3
[INFO] [1786541376.802680]: 开始进行多边形确认 · detections=2
[INFO] [1786541376.900061]: 开始进行多边形确认 · detections=2
[INFO] [1786541377.031770]: 开始进行多边形确认 · detections=3
[INFO] [1786541377.158754]: 开始进行多边形确认 · detections=2
[INFO] [1786541377.269445]: 开始进行多边形确认 · detections=3
[INFO] [1786541377.399628]: 开始进行多边形确认 · detections=2
[INFO] [1786541377.521950]: 开始进行多边形确认 · detections=3
[INFO] [1786541377.646267]: 开始进行多边形确认 · detections=3
[INFO] [1786541377.769206]: 开始进行多边形确认 · detections=2
[INFO] [1786541377.909498]: 开始进行多边形确认 · detections=3
[INFO] [1786541378.012362]: 开始进行多边形确认 · detections=2
[INFO] [1786541378.140135]: 开始进行多边形确认 · detections=3
[INFO] [1786541378.272549]: 开始进行多边形确认 · detections=3
[INFO] [1786541378.394402]: 开始进行多边形确认 · detections=2
[INFO] [1786541378.515712]: 开始进行多边形确认 · detections=3
[INFO] [1786541378.644838]: 开始进行多边形确认 · detections=3
[INFO] [1786541378.769315]: 开始进行多边形确认 · detections=3
[INFO] [1786541378.918794]: 开始进行多边形确认 · detections=3
[INFO] [1786541379.028283]: 开始进行多边形确认 · detections=3
[INFO] [1786541379.152775]: 开始进行多边形确认 · detections=3
[INFO] [1786541379.278349]: 开始进行多边形确认 · detections=2
[INFO] [1786541379.393412]: 开始进行多边形确认 · detections=2
[INFO] [1786541379.538916]: 开始进行多边形确认 · detections=2
[INFO] [1786541379.659492]: 开始进行多边形确认 · detections=3
[INFO] [1786541379.781637]: 开始进行多边形确认 · detections=2
[INFO] [1786541379.954665]: 开始进行多边形确认 · detections=2
[INFO] [1786541380.025124]: 开始进行多边形确认 · detections=2
[INFO] [1786541380.137439]: 开始进行多边形确认 · detections=3
[INFO] [1786541380.261543]: 开始进行多边形确认 · detections=3
[INFO] [1786541380.387558]: 开始进行多边形确认 · detections=3
[INFO] [1786541380.516420]: 开始进行多边形确认 · detections=2
[INFO] [1786541380.640554]: 开始进行多边形确认 · detections=4
[INFO] [1786541380.767403]: 开始进行多边形确认 · detections=2
[INFO] [1786541380.913780]: 开始进行多边形确认 · detections=3
[INFO] [1786541381.058784]: 开始进行多边形确认 · detections=2
[INFO] [1786541381.153576]: 开始进行多边形确认 · detections=3
[INFO] [1786541381.281670]: 开始进行多边形确认 · detections=3
[INFO] [1786541381.407452]: 开始进行多边形确认 · detections=4
[INFO] [1786541381.531377]: 开始进行多边形确认 · detections=1
[INFO] [1786541381.662317]: 开始进行多边形确认 · detections=2
[INFO] [1786541381.664810]: RGB-D vision status: model_ready:onnxruntime targets:0 centers:0 tf:0 rejected:0 merged:0 semantic_masks:2
[INFO] [1786541381.780924]: 开始进行多边形确认 · detections=2
[INFO] [1786541381.910308]: 开始进行多边形确认 · detections=2
[INFO] [1786541382.066677]: 开始进行多边形确认 · detections=3
[INFO] [1786541382.179364]: 开始进行多边形确认 · detections=3
[INFO] [1786541382.302623]: 开始进行多边形确认 · detections=1
[INFO] [1786541382.455088]: 开始进行多边形确认 · detections=2
[INFO] [1786541382.559595]: 开始进行多边形确认 · detections=2
[INFO] [1786541382.685814]: 开始进行多边形确认 · detections=2
[INFO] [1786541382.807868]: 开始进行多边形确认 · detections=3
[INFO] [1786541382.934446]: 开始进行多边形确认 · detections=2
[INFO] [1786541383.061757]: 开始进行多边形确认 · detections=2
[INFO] [1786541383.177193]: 开始进行多边形确认 · detections=1
[INFO] [1786541383.272656]: 开始进行多边形确认 · detections=3
[INFO] [1786541383.402390]: 开始进行多边形确认 · detections=2
[INFO] [1786541383.524836]: 开始进行多边形确认 · detections=1
[INFO] [1786541383.652063]: 开始进行多边形确认 · detections=2
[INFO] [1786541383.799902]: 开始进行多边形确认 · detections=2
[INFO] [1786541383.915812]: 开始进行多边形确认 · detections=1
[INFO] [1786541384.043014]: 开始进行多边形确认 · detections=3
[INFO] [1786541384.173562]: 开始进行多边形确认 · detections=3
[INFO] [1786541384.309105]: 开始进行多边形确认 · detections=1
[INFO] [1786541384.437002]: 开始进行多边形确认 · detections=3
[INFO] [1786541384.548694]: 开始进行多边形确认 · detections=3
[INFO] [1786541384.684163]: 开始进行多边形确认 · detections=3
[INFO] [1786541384.800670]: 开始进行多边形确认 · detections=3
[INFO] [1786541384.925252]: 开始进行多边形确认 · detections=3
[INFO] [1786541385.047673]: 开始进行多边形确认 · detections=2
[INFO] [1786541385.176636]: 开始进行多边形确认 · detections=3
[INFO] [1786541385.304843]: 开始进行多边形确认 · detections=2
[INFO] [1786541385.431201]: 开始进行多边形确认 · detections=2
[INFO] [1786541385.532521]: 开始进行多边形确认 · detections=3
[INFO] [1786541385.663461]: 开始进行多边形确认 · detections=4
[INFO] [1786541385.790632]: 开始进行多边形确认 · detections=4
[INFO] [1786541385.910194]: 开始进行多边形确认 · detections=3
[INFO] [1786541386.038373]: 开始进行多边形确认 · detections=4
[INFO] [1786541386.158468]: 开始进行多边形确认 · detections=4
[INFO] [1786541386.302426]: 开始进行多边形确认 · detections=4
[INFO] [1786541386.442823]: 开始进行多边形确认 · detections=3
[INFO] [1786541386.549845]: 开始进行多边形确认 · detections=4
[INFO] [1786541386.568548]: CITRUS_CENTER ok pixel=(357,483) depth=0.368 m radius=26.5 mm arc=168 deg error=0.55 px fragments=1
[INFO] [1786541386.569588]: 开始进行多边形确认 · centers=1 · rejected=0 · merged=0 · elapsed_ms=19.8
[INFO] [1786541386.677677]: 开始进行多边形确认 · detections=4
[INFO] [1786541386.697872]: 开始进行多边形确认 · centers=1 · rejected=0 · merged=0 · elapsed_ms=20.2
[INFO] [1786541386.802886]: 开始进行多边形确认 · detections=5
[INFO] [1786541386.820527]: 开始进行多边形确认 · centers=1 · rejected=0 · merged=0 · elapsed_ms=17.7
[INFO] [1786541386.822043]: RGB-D vision status: model_ready:onnxruntime targets:1 centers:1 tf:1 rejected:0 merged:0 semantic_masks:5
[INFO] [1786541386.927045]: 开始进行多边形确认 · detections=4
[INFO] [1786541386.941715]: 开始进行多边形确认 · centers=1 · rejected=0 · merged=0 · elapsed_ms=14.7
[INFO] [1786541387.032748]: 开始进行多边形确认 · detections=4
[INFO] [1786541387.051118]: 开始进行多边形确认 · centers=1 · rejected=0 · merged=0 · elapsed_ms=18.4
[INFO] [1786541387.176345]: 开始进行多边形确认 · detections=4
[INFO] [1786541387.194461]: 开始进行多边形确认 · centers=1 · rejected=0 · merged=0 · elapsed_ms=18.1
[INFO] [1786541387.302487]: 开始进行多边形确认 · detections=4
[INFO] [1786541387.326094]: 开始进行多边形确认 · centers=1 · rejected=0 · merged=0 · elapsed_ms=23.7
[INFO] [1786541387.438654]: 开始进行多边形确认 · detections=5
[INFO] [1786541387.475513]: 开始进行多边形确认 · centers=1 · rejected=0 · merged=0 · elapsed_ms=36.9
[INFO] [1786541387.568177]: 开始进行多边形确认 · detections=5
[INFO] [1786541387.600269]: 开始进行多边形确认 · centers=1 · rejected=0 · merged=0 · elapsed_ms=32.2
[INFO] [1786541387.681905]: 开始进行多边形确认 · detections=4
[INFO] [1786541387.709819]: 开始进行多边形确认 · centers=1 · rejected=0 · merged=0 · elapsed_ms=28.0
[INFO] [1786541387.806567]: 开始进行多边形确认 · detections=4
[INFO] [1786541387.852114]: 开始进行多边形确认 · centers=1 · rejected=0 · merged=0 · elapsed_ms=45.6
[INFO] [1786541387.933104]: 开始进行多边形确认 · detections=5
[INFO] [1786541387.966595]: 开始进行多边形确认 · centers=1 · rejected=1 · merged=0 · elapsed_ms=33.5
[INFO] [1786541388.060923]: 开始进行多边形确认 · detections=4
[INFO] [1786541388.087352]: 开始进行多边形确认 · centers=1 · rejected=0 · merged=0 · elapsed_ms=26.4
[INFO] [1786541388.186413]: 开始进行多边形确认 · detections=5
[INFO] [1786541388.213325]: 开始进行多边形确认 · centers=1 · rejected=0 · merged=0 · elapsed_ms=27.0
[INFO] [1786541388.306584]: 开始进行多边形确认 · detections=3
[INFO] [1786541388.333704]: 开始进行多边形确认 · centers=1 · rejected=0 · merged=0 · elapsed_ms=27.2
[INFO] [1786541388.437147]: 开始进行多边形确认 · detections=3
[INFO] [1786541388.471675]: 开始进行多边形确认 · centers=1 · rejected=0 · merged=0 · elapsed_ms=34.5
[INFO] [1786541388.568773]: 开始进行多边形确认 · detections=4
[INFO] [1786541388.599857]: CITRUS_CENTER ok pixel=(354,327) depth=0.365 m radius=30.1 mm arc=265 deg error=0.63 px fragments=1
[INFO] [1786541388.601768]: 开始进行多边形确认 · centers=1 · rejected=0 · merged=0 · elapsed_ms=33.1
[INFO] [1786541388.674767]: 开始进行多边形确认 · detections=5
[INFO] [1786541388.702313]: 开始进行多边形确认 · centers=1 · rejected=0 · merged=0 · elapsed_ms=27.6
[INFO] [1786541388.803062]: 开始进行多边形确认 · detections=6
[INFO] [1786541388.865591]: 开始进行多边形确认 · centers=1 · rejected=0 · merged=1 · elapsed_ms=62.6
[INFO] [1786541388.924766]: 开始进行多边形确认 · detections=7
[INFO] [1786541388.971035]: 开始进行多边形确认 · centers=1 · rejected=0 · merged=1 · elapsed_ms=46.3
[INFO] [1786541389.035775]: 开始进行多边形确认 · detections=6
[INFO] [1786541389.067282]: 开始进行多边形确认 · centers=1 · rejected=0 · merged=1 · elapsed_ms=31.5
[INFO] [1786541389.176299]: 开始进行多边形确认 · detections=6
[INFO] [1786541389.240659]: 开始进行多边形确认 · centers=1 · rejected=0 · merged=1 · elapsed_ms=64.4
[INFO] [1786541389.298084]: 开始进行多边形确认 · detections=6
[INFO] [1786541389.326083]: 开始进行多边形确认 · centers=1 · rejected=0 · merged=1 · elapsed_ms=28.0
[INFO] [1786541389.410382]: 开始进行多边形确认 · detections=6
[INFO] [1786541389.443219]: 开始进行多边形确认 · centers=1 · rejected=0 · merged=1 · elapsed_ms=32.9
[INFO] [1786541389.564992]: 开始进行多边形确认 · detections=6
[INFO] [1786541389.613170]: 开始进行多边形确认 · centers=1 · rejected=0 · merged=1 · elapsed_ms=48.2
[INFO] [1786541389.663764]: 开始进行多边形确认 · detections=6
[INFO] [1786541389.697859]: 开始进行多边形确认 · centers=1 · rejected=0 · merged=1 · elapsed_ms=34.1
[INFO] [1786541389.797296]: 开始进行多边形确认 · detections=6
[INFO] [1786541389.830480]: 开始进行多边形确认 · centers=1 · rejected=0 · merged=1 · elapsed_ms=33.2
[INFO] [1786541389.918081]: 开始进行多边形确认 · detections=6
[INFO] [1786541389.948261]: 开始进行多边形确认 · centers=1 · rejected=0 · merged=1 · elapsed_ms=30.2
[INFO] [1786541390.058513]: 开始进行多边形确认 · detections=6
[INFO] [1786541390.118574]: 开始进行多边形确认 · centers=1 · rejected=0 · merged=1 · elapsed_ms=60.1
[INFO] [1786541390.174491]: 开始进行多边形确认 · detections=5
[INFO] [1786541390.231533]: 开始进行多边形确认 · centers=1 · rejected=0 · merged=1 · elapsed_ms=57.1
[INFO] [1786541390.301944]: 开始进行多边形确认 · detections=5
[INFO] [1786541390.360176]: 开始进行多边形确认 · centers=1 · rejected=0 · merged=1 · elapsed_ms=58.2
[INFO] [1786541390.424506]: 开始进行多边形确认 · detections=6
[INFO] [1786541390.482922]: 开始进行多边形确认 · centers=1 · rejected=0 · merged=1 · elapsed_ms=58.5
[INFO] [1786541390.591414]: 开始进行多边形确认 · detections=5
[INFO] [1786541390.662505]: CITRUS_CENTER ok pixel=(353,299) depth=0.363 m radius=30.1 mm arc=270 deg error=0.88 px fragments=2
[INFO] [1786541390.663774]: 开始进行多边形确认 · centers=1 · rejected=0 · merged=1 · elapsed_ms=72.5
[INFO] [1786541390.738403]: 开始进行多边形确认 · detections=6
[INFO] [1786541390.803213]: 开始进行多边形确认 · centers=1 · rejected=0 · merged=1 · elapsed_ms=64.9
[INFO] [1786541390.872819]: 开始进行多边形确认 · detections=6
[INFO] [1786541390.930721]: 开始进行多边形确认 · centers=1 · rejected=0 · merged=1 · elapsed_ms=58.0
[INFO] [1786541390.992727]: 开始进行多边形确认 · detections=6
[INFO] [1786541391.049805]: 开始进行多边形确认 · centers=1 · rejected=0 · merged=1 · elapsed_ms=57.1
[INFO] [1786541391.119000]: 开始进行多边形确认 · detections=5
[INFO] [1786541391.178998]: 开始进行多边形确认 · centers=1 · rejected=0 · merged=1 · elapsed_ms=60.1
[INFO] [1786541391.241926]: 开始进行多边形确认 · detections=5
[INFO] [1786541391.268188]: 开始进行多边形确认 · centers=1 · rejected=0 · merged=1 · elapsed_ms=26.3
[INFO] [1786541391.351326]: 开始进行多边形确认 · detections=5
[INFO] [1786541391.383511]: 开始进行多边形确认 · centers=1 · rejected=0 · merged=1 · elapsed_ms=32.2
[INFO] [1786541391.473608]: 开始进行多边形确认 · detections=6
[INFO] [1786541391.503057]: 开始进行多边形确认 · centers=1 · rejected=0 · merged=1 · elapsed_ms=29.5
[INFO] [1786541391.624250]: 开始进行多边形确认 · detections=6
[INFO] [1786541391.687939]: 开始进行多边形确认 · centers=1 · rejected=0 · merged=1 · elapsed_ms=63.7
[INFO] [1786541391.770015]: 开始进行多边形确认 · detections=6
[INFO] [1786541391.831796]: 开始进行多边形确认 · centers=1 · rejected=0 · merged=1 · elapsed_ms=61.8
[INFO] [1786541391.885549]: 开始进行多边形确认 · detections=6
[INFO] [1786541391.920602]: 开始进行多边形确认 · centers=1 · rejected=0 · merged=1 · elapsed_ms=35.1
[INFO] [1786541392.006368]: 开始进行多边形确认 · detections=6
[INFO] [1786541392.039041]: 开始进行多边形确认 · centers=1 · rejected=0 · merged=1 · elapsed_ms=32.7
[INFO] [1786541392.145968]: 开始进行多边形确认 · detections=5
[INFO] [1786541392.178470]: 开始进行多边形确认 · centers=1 · rejected=0 · merged=1 · elapsed_ms=32.5
[INFO] [1786541392.179961]: RGB-D vision status: model_ready:onnxruntime targets:1 centers:1 tf:1 rejected:0 merged:1 semantic_masks:5
[INFO] [1786541392.267300]: 开始进行多边形确认 · detections=5
[INFO] [1786541392.302144]: 开始进行多边形确认 · centers=1 · rejected=0 · merged=1 · elapsed_ms=34.9
[INFO] [1786541392.404585]: 开始进行多边形确认 · detections=6
[INFO] [1786541392.466135]: 开始进行多边形确认 · centers=1 · rejected=0 · merged=1 · elapsed_ms=61.6
[INFO] [1786541392.535631]: 开始进行多边形确认 · detections=6
[INFO] [1786541392.592740]: 开始进行多边形确认 · centers=1 · rejected=0 · merged=1 · elapsed_ms=57.1
[INFO] [1786541392.662254]: 开始进行多边形确认 · detections=5
[INFO] [1786541392.737718]: CITRUS_CENTER ok pixel=(354,299) depth=0.363 m radius=30.0 mm arc=271 deg error=0.67 px fragments=2
[INFO] [1786541392.739004]: 开始进行多边形确认 · centers=1 · rejected=0 · merged=1 · elapsed_ms=76.8
[INFO] [1786541392.805143]: 开始进行多边形确认 · detections=5
[INFO] [1786541392.865404]: 开始进行多边形确认 · centers=1 · rejected=0 · merged=1 · elapsed_ms=60.3
[INFO] [1786541392.944900]: 开始进行多边形确认 · detections=6
[INFO] [1786541393.002856]: 开始进行多边形确认 · centers=1 · rejected=0 · merged=1 · elapsed_ms=58.0
[INFO] [1786541393.052972]: 开始进行多边形确认 · detections=6
[INFO] [1786541393.108302]: 开始进行多边形确认 · centers=1 · rejected=0 · merged=1 · elapsed_ms=55.4
[INFO] [1786541393.188965]: 开始进行多边形确认 · detections=6
[INFO] [1786541393.248923]: 开始进行多边形确认 · centers=1 · rejected=0 · merged=1 · elapsed_ms=60.0
[INFO] [1786541393.325094]: 开始进行多边形确认 · detections=6
[INFO] [1786541393.385336]: 开始进行多边形确认 · centers=1 · rejected=0 · merged=1 · elapsed_ms=60.3
[INFO] [1786541393.450074]: 开始进行多边形确认 · detections=6
[INFO] [1786541393.509146]: 开始进行多边形确认 · centers=1 · rejected=0 · merged=1 · elapsed_ms=59.1
[INFO] [1786541393.553209]: 开始进行多边形确认 · detections=6
[INFO] [1786541393.584602]: 开始进行多边形确认 · centers=1 · rejected=0 · merged=1 · elapsed_ms=31.4
[INFO] [1786541393.676499]: 开始进行多边形确认 · detections=5
[INFO] [1786541393.718583]: 开始进行多边形确认 · centers=1 · rejected=0 · merged=1 · elapsed_ms=42.1
[INFO] [1786541393.843505]: 开始进行多边形确认 · detections=6
[INFO] [1786541393.903431]: 开始进行多边形确认 · centers=1 · rejected=0 · merged=1 · elapsed_ms=59.9
[INFO] [1786541393.960373]: 开始进行多边形确认 · detections=5
[INFO] [1786541393.990173]: 开始进行多边形确认 · centers=1 · rejected=0 · merged=1 · elapsed_ms=29.9
[INFO] [1786541394.082449]: 开始进行多边形确认 · detections=6
[INFO] [1786541394.112830]: 开始进行多边形确认 · centers=1 · rejected=0 · merged=1 · elapsed_ms=30.4
[INFO] [1786541394.198527]: 开始进行多边形确认 · detections=6
[INFO] [1786541394.227684]: 开始进行多边形确认 · centers=1 · rejected=0 · merged=1 · elapsed_ms=29.2
[INFO] [1786541394.327906]: 开始进行多边形确认 · detections=6
[INFO] [1786541394.353093]: 开始进行多边形确认 · centers=1 · rejected=0 · merged=1 · elapsed_ms=25.2
[INFO] [1786541394.461515]: 开始进行多边形确认 · detections=5
[INFO] [1786541394.524016]: 开始进行多边形确认 · centers=1 · rejected=0 · merged=1 · elapsed_ms=62.5
[INFO] [1786541394.589811]: 开始进行多边形确认 · detections=6
[INFO] [1786541394.649209]: 开始进行多边形确认 · centers=1 · rejected=0 · merged=1 · elapsed_ms=59.4
[INFO] [1786541394.726667]: 开始进行多边形确认 · detections=6
[INFO] [1786541394.784597]: CITRUS_CENTER ok pixel=(353,299) depth=0.363 m radius=30.0 mm arc=273 deg error=0.84 px fragments=2
[INFO] [1786541394.785948]: 开始进行多边形确认 · centers=1 · rejected=0 · merged=1 · elapsed_ms=59.3
[INFO] [1786541394.867246]: 开始进行多边形确认 · detections=5
[INFO] [1786541394.897588]: 开始进行多边形确认 · centers=1 · rejected=0 · merged=1 · elapsed_ms=30.4
[INFO] [1786541394.975490]: 开始进行多边形确认 · detections=6
[INFO] [1786541395.031579]: 开始进行多边形确认 · centers=1 · rejected=0 · merged=1 · elapsed_ms=56.1
[INFO] [1786541395.108460]: 开始进行多边形确认 · detections=6
[INFO] [1786541395.170707]: 开始进行多边形确认 · centers=1 · rejected=0 · merged=1 · elapsed_ms=62.3
[INFO] [1786541395.238894]: 开始进行多边形确认 · detections=5
[INFO] [1786541395.267429]: 开始进行多边形确认 · centers=1 · rejected=0 · merged=1 · elapsed_ms=28.6
[INFO] [1786541395.349899]: 开始进行多边形确认 · detections=6
[INFO] [1786541395.385422]: 开始进行多边形确认 · centers=1 · rejected=0 · merged=1 · elapsed_ms=35.5
[INFO] [1786541395.475944]: 开始进行多边形确认 · detections=6
[INFO] [1786541395.509537]: 开始进行多边形确认 · centers=1 · rejected=0 · merged=1 · elapsed_ms=33.6
[INFO] [1786541395.602833]: 开始进行多边形确认 · detections=6
[INFO] [1786541395.632997]: 开始进行多边形确认 · centers=1 · rejected=0 · merged=1 · elapsed_ms=30.2
[INFO] [1786541395.725670]: 开始进行多边形确认 · detections=6
[INFO] [1786541395.755093]: 开始进行多边形确认 · centers=1 · rejected=0 · merged=1 · elapsed_ms=29.4
[INFO] [1786541395.923012]: 开始进行多边形确认 · detections=6
[INFO] [1786541395.951351]: 开始进行多边形确认 · centers=1 · rejected=0 · merged=1 · elapsed_ms=28.4
[INFO] [1786541396.005547]: 开始进行多边形确认 · detections=6
[INFO] [1786541396.032777]: 开始进行多边形确认 · centers=1 · rejected=0 · merged=1 · elapsed_ms=27.3
[INFO] [1786541396.128541]: 开始进行多边形确认 · detections=6
[INFO] [1786541396.155662]: 开始进行多边形确认 · centers=1 · rejected=0 · merged=1 · elapsed_ms=27.2
[INFO] [1786541396.264848]: 开始进行多边形确认 · detections=6
[INFO] [1786541396.293701]: 开始进行多边形确认 · centers=1 · rejected=0 · merged=1 · elapsed_ms=28.9
[INFO] [1786541396.392551]: 开始进行多边形确认 · detections=5
[INFO] [1786541396.418433]: 开始进行多边形确认 · centers=1 · rejected=0 · merged=1 · elapsed_ms=25.9
[INFO] [1786541396.504118]: 开始进行多边形确认 · detections=5
[INFO] [1786541396.531164]: 开始进行多边形确认 · centers=1 · rejected=0 · merged=1 · elapsed_ms=27.1
[INFO] [1786541396.628312]: 开始进行多边形确认 · detections=5
[INFO] [1786541396.661672]: 开始进行多边形确认 · centers=1 · rejected=0 · merged=1 · elapsed_ms=33.4
[INFO] [1786541396.744389]: 开始进行多边形确认 · detections=5
[INFO] [1786541396.773645]: 开始进行多边形确认 · centers=1 · rejected=0 · merged=1 · elapsed_ms=29.3
[INFO] [1786541396.880442]: 开始进行多边形确认 · detections=5
[INFO] [1786541396.932681]: CITRUS_CENTER ok pixel=(353,299) depth=0.363 m radius=30.1 mm arc=270 deg error=0.88 px fragments=2
[INFO] [1786541396.934007]: 开始进行多边形确认 · centers=1 · rejected=0 · merged=1 · elapsed_ms=53.6
[INFO] [1786541397.001031]: 开始进行多边形确认 · detections=6
[INFO] [1786541397.027205]: 开始进行多边形确认 · centers=1 · rejected=0 · merged=1 · elapsed_ms=26.2
[INFO] [1786541397.127502]: 开始进行多边形确认 · detections=6
[INFO] [1786541397.159558]: 开始进行多边形确认 · centers=1 · rejected=0 · merged=1 · elapsed_ms=32.1
[INFO] [1786541397.249902]: 开始进行多边形确认 · detections=6
[INFO] [1786541397.281672]: 开始进行多边形确认 · centers=1 · rejected=0 · merged=1 · elapsed_ms=31.8
[INFO] [1786541397.401491]: 开始进行多边形确认 · detections=6
[INFO] [1786541397.460758]: 开始进行多边形确认 · centers=1 · rejected=0 · merged=1 · elapsed_ms=59.3
[INFO] [1786541397.525289]: 开始进行多边形确认 · detections=6
[INFO] [1786541397.582698]: 开始进行多边形确认 · centers=1 · rejected=0 · merged=1 · elapsed_ms=57.4
[INFO] [1786541397.652659]: 开始进行多边形确认 · detections=5
[INFO] [1786541397.713906]: 开始进行多边形确认 · centers=1 · rejected=0 · merged=1 · elapsed_ms=61.3
[INFO] [1786541397.716240]: RGB-D vision status: model_ready:onnxruntime targets:1 centers:1 tf:1 rejected:0 merged:1 semantic_masks:5
[INFO] [1786541397.764638]: 开始进行多边形确认 · detections=6
[INFO] [1786541397.819208]: 开始进行多边形确认 · centers=1 · rejected=0 · merged=1 · elapsed_ms=54.6
[INFO] [1786541397.903319]: 开始进行多边形确认 · detections=5
[INFO] [1786541398.003197]: 开始进行多边形确认 · centers=1 · rejected=0 · merged=1 · elapsed_ms=99.9
[INFO] [1786541398.065434]: 开始进行多边形确认 · detections=6
[INFO] [1786541398.097588]: 开始进行多边形确认 · centers=1 · rejected=0 · merged=1 · elapsed_ms=32.2
[INFO] [1786541398.186059]: 开始进行多边形确认 · detections=7
[INFO] [1786541398.217412]: 开始进行多边形确认 · centers=1 · rejected=0 · merged=1 · elapsed_ms=31.4
[INFO] [1786541398.307247]: 开始进行多边形确认 · detections=5
[INFO] [1786541398.336694]: 开始进行多边形确认 · centers=1 · rejected=0 · merged=1 · elapsed_ms=29.5
[INFO] [1786541398.444345]: 开始进行多边形确认 · detections=4
[INFO] [1786541398.555589]: 开始进行多边形确认 · detections=5
[INFO] [1786541398.572437]: 开始进行多边形确认 · centers=1 · rejected=0 · merged=0 · elapsed_ms=16.9
[INFO] [1786541398.685105]: 开始进行多边形确认 · detections=4
[INFO] [1786541398.808873]: 开始进行多边形确认 · detections=5
[INFO] [1786541398.949935]: 开始进行多边形确认 · detections=6
[INFO] [1786541399.013251]: CITRUS_CENTER ok pixel=(351,299) depth=0.363 m radius=29.9 mm arc=268 deg error=0.77 px fragments=2
[INFO] [1786541399.014593]: 开始进行多边形确认 · centers=1 · rejected=0 · merged=1 · elapsed_ms=64.7
[INFO] [1786541399.087865]: 开始进行多边形确认 · detections=6
[INFO] [1786541399.139406]: 开始进行多边形确认 · centers=1 · rejected=0 · merged=1 · elapsed_ms=51.6
[INFO] [1786541399.214007]: 开始进行多边形确认 · detections=6
[INFO] [1786541399.274004]: 开始进行多边形确认 · centers=1 · rejected=0 · merged=1 · elapsed_ms=60.0
[INFO] [1786541399.341089]: 开始进行多边形确认 · detections=6
[INFO] [1786541399.380336]: 开始进行多边形确认 · centers=1 · rejected=1 · merged=0 · elapsed_ms=39.3
[INFO] [1786541399.465294]: 开始进行多边形确认 · detections=5
[INFO] [1786541399.493369]: 开始进行多边形确认 · centers=1 · rejected=0 · merged=0 · elapsed_ms=28.1
[INFO] [1786541399.596225]: 开始进行多边形确认 · detections=5
[INFO] [1786541399.633784]: 开始进行多边形确认 · centers=1 · rejected=1 · merged=0 · elapsed_ms=37.6
[INFO] [1786541399.705972]: 开始进行多边形确认 · detections=5
[INFO] [1786541399.727435]: 开始进行多边形确认 · centers=1 · rejected=1 · merged=0 · elapsed_ms=21.5
[INFO] [1786541399.822485]: 开始进行多边形确认 · detections=4
[INFO] [1786541399.837146]: 开始进行多边形确认 · centers=1 · rejected=0 · merged=0 · elapsed_ms=14.7
[INFO] [1786541399.962175]: 开始进行多边形确认 · detections=7
[INFO] [1786541399.997581]: 开始进行多边形确认 · centers=2 · rejected=0 · merged=1 · elapsed_ms=35.4
[INFO] [1786541400.079768]: 开始进行多边形确认 · detections=5
[INFO] [1786541400.103415]: 开始进行多边形确认 · centers=1 · rejected=0 · merged=0 · elapsed_ms=23.7
[INFO] [1786541400.202046]: 开始进行多边形确认 · detections=6
[INFO] [1786541400.230383]: 开始进行多边形确认 · centers=1 · rejected=0 · merged=1 · elapsed_ms=28.4
[INFO] [1786541400.338364]: 开始进行多边形确认 · detections=6
[INFO] [1786541400.367793]: 开始进行多边形确认 · centers=1 · rejected=0 · merged=1 · elapsed_ms=29.5
[INFO] [1786541400.459914]: 开始进行多边形确认 · detections=6
[INFO] [1786541400.491110]: 开始进行多边形确认 · centers=1 · rejected=0 · merged=1 · elapsed_ms=31.2
[INFO] [1786541400.583879]: 开始进行多边形确认 · detections=5
[INFO] [1786541400.597650]: 开始进行多边形确认 · centers=1 · rejected=0 · merged=0 · elapsed_ms=13.8
[INFO] [1786541400.720049]: 开始进行多边形确认 · detections=6
[INFO] [1786541400.777900]: 开始进行多边形确认 · centers=1 · rejected=0 · merged=1 · elapsed_ms=57.9
[INFO] [1786541400.849688]: 开始进行多边形确认 · detections=7
[INFO] [1786541400.958977]: 开始进行多边形确认 · centers=1 · rejected=0 · merged=2 · elapsed_ms=109.3
[INFO] [1786541401.027648]: 开始进行多边形确认 · detections=4
[INFO] [1786541401.056167]: CITRUS_CENTER ok pixel=(350,277) depth=0.368 m radius=25.7 mm arc=288 deg error=0.94 px fragments=1
[INFO] [1786541401.057397]: 开始进行多边形确认 · centers=1 · rejected=0 · merged=0 · elapsed_ms=29.8
[INFO] [1786541401.193953]: 开始进行多边形确认 · detections=5
[INFO] [1786541401.224447]: 开始进行多边形确认 · centers=1 · rejected=0 · merged=0 · elapsed_ms=30.5
[INFO] [1786541401.279920]: 开始进行多边形确认 · detections=5
[INFO] [1786541401.293281]: 开始进行多边形确认 · centers=1 · rejected=0 · merged=0 · elapsed_ms=13.4
[INFO] [1786541401.401043]: 开始进行多边形确认 · detections=5
[INFO] [1786541401.413670]: 开始进行多边形确认 · centers=1 · rejected=0 · merged=0 · elapsed_ms=12.6
[INFO] [1786541401.534746]: 开始进行多边形确认 · detections=6
[INFO] [1786541401.569615]: 开始进行多边形确认 · centers=1 · rejected=0 · merged=1 · elapsed_ms=34.9
[INFO] [1786541401.656741]: 开始进行多边形确认 · detections=5
[INFO] [1786541401.669693]: 开始进行多边形确认 · centers=1 · rejected=0 · merged=0 · elapsed_ms=13.0
[INFO] [1786541401.781032]: 开始进行多边形确认 · detections=5
[INFO] [1786541401.795523]: 开始进行多边形确认 · centers=1 · rejected=0 · merged=0 · elapsed_ms=14.5
[INFO] [1786541401.908526]: 开始进行多边形确认 · detections=4
[INFO] [1786541401.925629]: 开始进行多边形确认 · centers=1 · rejected=0 · merged=0 · elapsed_ms=17.1
[INFO] [1786541402.033488]: 开始进行多边形确认 · detections=5
[INFO] [1786541402.065830]: 开始进行多边形确认 · centers=1 · rejected=0 · merged=1 · elapsed_ms=32.4
[INFO] [1786541402.191406]: 开始进行多边形确认 · detections=5
[INFO] [1786541402.240971]: 开始进行多边形确认 · centers=1 · rejected=0 · merged=1 · elapsed_ms=49.6
[INFO] [1786541402.294105]: 开始进行多边形确认 · detections=4
[INFO] [1786541402.324386]: 开始进行多边形确认 · centers=1 · rejected=0 · merged=1 · elapsed_ms=30.4
[INFO] [1786541402.418258]: 开始进行多边形确认 · detections=6
[INFO] [1786541402.452892]: 开始进行多边形确认 · centers=1 · rejected=0 · merged=1 · elapsed_ms=34.7
[INFO] [1786541402.557215]: 开始进行多边形确认 · detections=5
[INFO] [1786541402.620242]: 开始进行多边形确认 · centers=1 · rejected=0 · merged=1 · elapsed_ms=63.1
[INFO] [1786541402.689368]: 开始进行多边形确认 · detections=5
[WARN] [1786541382.809180]: 开始进行多边形确认 · 多边形确认失败 · rejected=0 · elapsed_ms=1.4
[WARN] [1786541382.935755]: 开始进行多边形确认 · 多边形确认失败 · rejected=0 · elapsed_ms=1.4
[WARN] [1786541383.063293]: 开始进行多边形确认 · 多边形确认失败 · rejected=0 · elapsed_ms=1.6
[WARN] [1786541383.178328]: 开始进行多边形确认 · 多边形确认失败 · rejected=0 · elapsed_ms=1.2
[WARN] [1786541383.273879]: 开始进行多边形确认 · 多边形确认失败 · rejected=0 · elapsed_ms=1.3
[WARN] [1786541383.403387]: 开始进行多边形确认 · 多边形确认失败 · rejected=0 · elapsed_ms=1.1
[WARN] [1786541383.525966]: 开始进行多边形确认 · 多边形确认失败 · rejected=0 · elapsed_ms=1.2
[WARN] [1786541383.653153]: 开始进行多边形确认 · 多边形确认失败 · rejected=0 · elapsed_ms=1.1
[WARN] [1786541383.801068]: 开始进行多边形确认 · 多边形确认失败 · rejected=0 · elapsed_ms=1.2
[WARN] [1786541383.917092]: 开始进行多边形确认 · 多边形确认失败 · rejected=0 · elapsed_ms=1.4
[WARN] [1786541384.044238]: 开始进行多边形确认 · 多边形确认失败 · rejected=0 · elapsed_ms=1.3
[WARN] [1786541384.174834]: 开始进行多边形确认 · 多边形确认失败 · rejected=0 · elapsed_ms=1.3
[WARN] [1786541384.310286]: 开始进行多边形确认 · 多边形确认失败 · rejected=0 · elapsed_ms=1.2
[WARN] [1786541384.438206]: 开始进行多边形确认 · 多边形确认失败 · rejected=0 · elapsed_ms=1.3
[WARN] [1786541384.549887]: 开始进行多边形确认 · 多边形确认失败 · rejected=0 · elapsed_ms=1.3
[WARN] [1786541384.685414]: 开始进行多边形确认 · 多边形确认失败 · rejected=0 · elapsed_ms=1.3
[WARN] [1786541384.801808]: 开始进行多边形确认 · 多边形确认失败 · rejected=0 · elapsed_ms=1.2
[WARN] [1786541384.926397]: 开始进行多边形确认 · 多边形确认失败 · rejected=0 · elapsed_ms=1.2
[WARN] [1786541385.048933]: 开始进行多边形确认 · 多边形确认失败 · rejected=0 · elapsed_ms=1.3
[WARN] [1786541385.177760]: 开始进行多边形确认 · 多边形确认失败 · rejected=0 · elapsed_ms=1.2
[WARN] [1786541385.306050]: 开始进行多边形确认 · 多边形确认失败 · rejected=0 · elapsed_ms=1.3
[WARN] [1786541385.432528]: 开始进行多边形确认 · 多边形确认失败 · rejected=0 · elapsed_ms=1.4
[WARN] [1786541385.533865]: 开始进行多边形确认 · 多边形确认失败 · rejected=0 · elapsed_ms=1.4
[WARN] [1786541385.664716]: 开始进行多边形确认 · 多边形确认失败 · rejected=0 · elapsed_ms=1.3
[WARN] [1786541385.791861]: 开始进行多边形确认 · 多边形确认失败 · rejected=0 · elapsed_ms=1.3
[WARN] [1786541385.911363]: 开始进行多边形确认 · 多边形确认失败 · rejected=0 · elapsed_ms=1.2
[WARN] [1786541386.039431]: 开始进行多边形确认 · 多边形确认失败 · rejected=0 · elapsed_ms=1.1
[WARN] [1786541386.159594]: 开始进行多边形确认 · 多边形确认失败 · rejected=0 · elapsed_ms=1.2
[WARN] [1786541386.303568]: 开始进行多边形确认 · 多边形确认失败 · rejected=0 · elapsed_ms=1.2
[WARN] [1786541386.443938]: 开始进行多边形确认 · 多边形确认失败 · rejected=0 · elapsed_ms=1.2
[WARN] [1786541387.965245]: CITRUS_CENTER reject instances=4 reason=polygon circle inlier ratio 0.24 is below 0.30
[WARN] [1786541398.445541]: 开始进行多边形确认 · 多边形确认失败 · rejected=0 · elapsed_ms=1.3
[WARN] [1786541398.686230]: 开始进行多边形确认 · 多边形确认失败 · rejected=0 · elapsed_ms=1.2
[WARN] [1786541398.810086]: 开始进行多边形确认 · 多边形确认失败 · rejected=0 · elapsed_ms=1.3
[WARN] [1786541399.379378]: CITRUS_CENTER reject instances=5 reason=reconstructed citrus radius 38.1 mm is outside 22.0..33.0 mm
[INFO] [1786541402.754188]: 开始进行多边形确认 · centers=1 · rejected=0 · merged=1 · elapsed_ms=64.8
[INFO] [1786541402.823972]: 开始进行多边形确认 · detections=5
[INFO] [1786541402.882165]: 开始进行多边形确认 · centers=1 · rejected=0 · merged=1 · elapsed_ms=58.2
[INFO] [1786541402.951481]: 开始进行多边形确认 · detections=5
[INFO] [1786541403.025277]: 开始进行多边形确认 · centers=1 · rejected=0 · merged=1 · elapsed_ms=73.8
[INFO] [1786541403.090013]: 开始进行多边形确认 · detections=6
[INFO] [1786541403.145885]: CITRUS_CENTER ok pixel=(350,314) depth=0.370 m radius=30.1 mm arc=271 deg error=0.72 px fragments=2
[INFO] [1786541403.146951]: 开始进行多边形确认 · centers=1 · rejected=0 · merged=1 · elapsed_ms=57.0
[INFO] [1786541403.148283]: RGB-D vision status: model_ready:onnxruntime targets:1 centers:1 tf:1 rejected:0 merged:1 semantic_masks:6
[INFO] [1786541403.215556]: 开始进行多边形确认 · detections=5
[INFO] [1786541403.290228]: 开始进行多边形确认 · centers=1 · rejected=0 · merged=1 · elapsed_ms=74.7
[INFO] [1786541403.349601]: 开始进行多边形确认 · detections=6
[INFO] [1786541403.406925]: 开始进行多边形确认 · centers=1 · rejected=0 · merged=1 · elapsed_ms=57.3
[INFO] [1786541403.472523]: 开始进行多边形确认 · detections=5
[INFO] [1786541403.530254]: 开始进行多边形确认 · centers=1 · rejected=0 · merged=1 · elapsed_ms=57.8
[INFO] [1786541403.595028]: 开始进行多边形确认 · detections=5
[INFO] [1786541403.623552]: 开始进行多边形确认 · centers=1 · rejected=0 · merged=1 · elapsed_ms=28.6
[INFO] [1786541403.729154]: 开始进行多边形确认 · detections=5
[INFO] [1786541403.779973]: 开始进行多边形确认 · centers=1 · rejected=0 · merged=1 · elapsed_ms=50.9
[INFO] [1786541403.834195]: 开始进行多边形确认 · detections=7
[INFO] [1786541403.940472]: 开始进行多边形确认 · centers=1 · rejected=0 · merged=2 · elapsed_ms=106.3
[INFO] [1786541403.986926]: 开始进行多边形确认 · detections=6
[INFO] [1786541404.013599]: 开始进行多边形确认 · centers=1 · rejected=0 · merged=1 · elapsed_ms=26.7
[INFO] [1786541404.102942]: 开始进行多边形确认 · detections=5
[INFO] [1786541404.129424]: 开始进行多边形确认 · centers=1 · rejected=0 · merged=1 · elapsed_ms=26.5
[INFO] [1786541404.234907]: 开始进行多边形确认 · detections=5
[INFO] [1786541404.278931]: 开始进行多边形确认 · centers=1 · rejected=0 · merged=1 · elapsed_ms=44.0
[INFO] [1786541404.409464]: 开始进行多边形确认 · detections=6
[INFO] [1786541404.473272]: 开始进行多边形确认 · centers=1 · rejected=0 · merged=1 · elapsed_ms=63.9
[INFO] [1786541404.534851]: 开始进行多边形确认 · detections=4
[INFO] [1786541404.597927]: 开始进行多边形确认 · centers=1 · rejected=0 · merged=1 · elapsed_ms=63.1
[INFO] [1786541404.658859]: 开始进行多边形确认 · detections=5
[INFO] [1786541404.717264]: 开始进行多边形确认 · centers=1 · rejected=0 · merged=1 · elapsed_ms=58.5
[INFO] [1786541404.767450]: 开始进行多边形确认 · detections=5
[INFO] [1786541404.797914]: 开始进行多边形确认 · centers=1 · rejected=0 · merged=1 · elapsed_ms=30.5
[INFO] [1786541404.891171]: 开始进行多边形确认 · detections=5
[INFO] [1786541404.920969]: 开始进行多边形确认 · centers=1 · rejected=0 · merged=1 · elapsed_ms=29.8
[INFO] [1786541405.017119]: 开始进行多边形确认 · detections=5
[INFO] [1786541405.048226]: 开始进行多边形确认 · centers=1 · rejected=0 · merged=1 · elapsed_ms=31.1
[INFO] [1786541405.142928]: 开始进行多边形确认 · detections=5
[INFO] [1786541405.170805]: CITRUS_CENTER ok pixel=(350,314) depth=0.370 m radius=30.1 mm arc=273 deg error=0.73 px fragments=2
[INFO] [1786541405.171937]: 开始进行多边形确认 · centers=1 · rejected=0 · merged=1 · elapsed_ms=29.1
[INFO] [1786541405.269964]: 开始进行多边形确认 · detections=6
[INFO] [1786541405.317022]: 开始进行多边形确认 · centers=1 · rejected=0 · merged=1 · elapsed_ms=47.1
[INFO] [1786541405.444978]: 开始进行多边形确认 · detections=5
[INFO] [1786541405.494240]: 开始进行多边形确认 · centers=1 · rejected=0 · merged=1 · elapsed_ms=49.3
[INFO] [1786541405.539359]: 开始进行多边形确认 · detections=5
[INFO] [1786541405.570090]: 开始进行多边形确认 · centers=1 · rejected=0 · merged=1 · elapsed_ms=30.7
[INFO] [1786541405.687079]: 开始进行多边形确认 · detections=5
[INFO] [1786541405.744974]: 开始进行多边形确认 · centers=1 · rejected=0 · merged=1 · elapsed_ms=57.9
[INFO] [1786541405.802161]: 开始进行多边形确认 · detections=5
[INFO] [1786541405.831952]: 开始进行多边形确认 · centers=1 · rejected=0 · merged=1 · elapsed_ms=29.8
[INFO] [1786541405.946446]: 开始进行多边形确认 · detections=5
[INFO] [1786541406.010410]: 开始进行多边形确认 · centers=1 · rejected=0 · merged=1 · elapsed_ms=64.0
[1mprocess[camera/realsense2_camera_manager-1]: started with pid [5953][0m
[1mprocess[camera/realsense2_camera-2]: started with pid [5954][0m
[1mprocess[elfin_vision/citrus_rgbd_node-3]: started with pid [5955][0m
[elfin_vision/citrus_rgbd_node-3] killing on exit
[camera/realsense2_camera-2] killing on exit
[camera/realsense2_camera_manager-1] killing on exit
shutting down processing monitor...
... shutting down processing monitor complete
[1mdone[0m
